"Kind","Direction","Stream_Id","Source_Agent_Id","Destination_Agent_Id","Correlation_Id","Start_Timestamp","End_Timestamp"
"MEMORY_COPY","MEMORY_COPY_HOST_TO_DEVICE",0,"Agent 0","Agent 3",8,1264074003658098,1264074004251465
"MEMORY_COPY","MEMORY_COPY_HOST_TO_DEVICE",0,"Agent 0","Agent 3",8,1264074005222637,1264074005815725
"MEMORY_COPY","MEMORY_COPY_HOST_TO_DEVICE",0,"Agent 0","Agent 3",8,1264074006853639,1264074007446407
"MEMORY_COPY","MEMORY_COPY_HOST_TO_DEVICE",0,"Agent 0","Agent 3",8,1264074008583872,1264074009177200
"MEMORY_COPY","MEMORY_COPY_HOST_TO_DEVICE",0,"Agent 0","Agent 3",8,1264074010335825,1264074010928313
"MEMORY_COPY","MEMORY_COPY_HOST_TO_DEVICE",0,"Agent 0","Agent 3",8,1264074012130629,1264074012723837
"MEMORY_COPY","MEMORY_COPY_HOST_TO_DEVICE",0,"Agent 0","Agent 3",8,1264074013964774,1264074014557702
"MEMORY_COPY","MEMORY_COPY_HOST_TO_DEVICE",0,"Agent 0","Agent 3",8,1264074015773838,1264074016367366
"MEMORY_COPY","MEMORY_COPY_HOST_TO_DEVICE",0,"Agent 0","Agent 3",8,1264074017738484,1264074018331372
"MEMORY_COPY","MEMORY_COPY_HOST_TO_DEVICE",0,"Agent 0","Agent 3",8,1264074019680950,1264074020274358
"MEMORY_COPY","MEMORY_COPY_HOST_TO_DEVICE",0,"Agent 0","Agent 3",8,1264074021529475,1264074022121842
"MEMORY_COPY","MEMORY_COPY_HOST_TO_DEVICE",0,"Agent 0","Agent 3",8,1264074023420870,1264074024014438
"MEMORY_COPY","MEMORY_COPY_HOST_TO_DEVICE",0,"Agent 0","Agent 3",8,1264074025126192,1264074025719080
"MEMORY_COPY","MEMORY_COPY_HOST_TO_DEVICE",0,"Agent 0","Agent 3",8,1264074026829855,1264074027423223
"MEMORY_COPY","MEMORY_COPY_HOST_TO_DEVICE",0,"Agent 0","Agent 3",8,1264074028518728,1264074029111256
"MEMORY_COPY","MEMORY_COPY_HOST_TO_DEVICE",0,"Agent 0","Agent 3",8,1264074030200450,1264074030795858
"MEMORY_COPY","MEMORY_COPY_HOST_TO_DEVICE",0,"Agent 0","Agent 3",8,1264074031701080,1264074032293928
"MEMORY_COPY","MEMORY_COPY_HOST_TO_DEVICE",0,"Agent 0","Agent 3",8,1264074033238331,1264074033831418
"MEMORY_COPY","MEMORY_COPY_HOST_TO_DEVICE",0,"Agent 0","Agent 3",8,1264074034667520,1264074035260407
"MEMORY_COPY","MEMORY_COPY_HOST_TO_DEVICE",0,"Agent 0","Agent 3",8,1264074036029638,1264074036623046
"MEMORY_COPY","MEMORY_COPY_HOST_TO_DEVICE",0,"Agent 0","Agent 3",8,1264074037230874,1264074037823842
"MEMORY_COPY","MEMORY_COPY_HOST_TO_DEVICE",0,"Agent 0","Agent 3",8,1264074038409439,1264074039002967
"MEMORY_COPY","MEMORY_COPY_HOST_TO_DEVICE",0,"Agent 0","Agent 3",8,1264074039707247,1264074040299895
"MEMORY_COPY","MEMORY_COPY_HOST_TO_DEVICE",0,"Agent 0","Agent 3",8,1264074040806811,1264074041400299
"MEMORY_COPY","MEMORY_COPY_HOST_TO_DEVICE",0,"Agent 0","Agent 3",8,1264074041820335,1264074042413303
"MEMORY_COPY","MEMORY_COPY_HOST_TO_DEVICE",0,"Agent 0","Agent 3",8,1264074042794078,1264074043387486
"MEMORY_COPY","MEMORY_COPY_HOST_TO_DEVICE",0,"Agent 0","Agent 3",8,1264074043737900,1264074044330868
"MEMORY_COPY","MEMORY_COPY_HOST_TO_DEVICE",0,"Agent 0","Agent 3",8,1264074044675953,1264074045268801
"MEMORY_COPY","MEMORY_COPY_HOST_TO_DEVICE",0,"Agent 0","Agent 3",8,1264074045681856,1264074046274744
"MEMORY_COPY","MEMORY_COPY_HOST_TO_DEVICE",0,"Agent 0","Agent 3",8,1264074046678570,1264074047271737
"MEMORY_COPY","MEMORY_COPY_HOST_TO_DEVICE",0,"Agent 0","Agent 3",8,1264074047679633,1264074048272601
"MEMORY_COPY","MEMORY_COPY_HOST_TO_DEVICE",0,"Agent 0","Agent 3",8,1264074048791078,1264074049384446
"MEMORY_COPY","MEMORY_COPY_HOST_TO_DEVICE",0,"Agent 0","Agent 3",8,1264074049983104,1264074050576031
"MEMORY_COPY","MEMORY_COPY_HOST_TO_DEVICE",0,"Agent 0","Agent 3",8,1264074051172319,1264074051765447
"MEMORY_COPY","MEMORY_COPY_HOST_TO_DEVICE",0,"Agent 0","Agent 3",8,1264074052355795,1264074052948883
"MEMORY_COPY","MEMORY_COPY_HOST_TO_DEVICE",0,"Agent 0","Agent 3",8,1264074053497340,1264074054090428
"MEMORY_COPY","MEMORY_COPY_HOST_TO_DEVICE",0,"Agent 0","Agent 3",8,1264074054661566,1264074055254454
"MEMORY_COPY","MEMORY_COPY_HOST_TO_DEVICE",0,"Agent 0","Agent 3",8,1264074055756020,1264074056349148
"MEMORY_COPY","MEMORY_COPY_HOST_TO_DEVICE",0,"Agent 0","Agent 3",8,1264074056886536,1264074057479343
"MEMORY_COPY","MEMORY_COPY_HOST_TO_DEVICE",0,"Agent 0","Agent 3",8,1264074058006790,1264074058600958
"MEMORY_COPY","MEMORY_COPY_HOST_TO_DEVICE",0,"Agent 0","Agent 3",8,1264074058605438,1264074058760840
"MEMORY_COPY","MEMORY_COPY_HOST_TO_DEVICE",0,"Agent 0","Agent 3",10,1264074058987604,1264074058992644
"MEMORY_COPY","MEMORY_COPY_HOST_TO_DEVICE",0,"Agent 0","Agent 3",12,1264074068076031,1264074068669358
"MEMORY_COPY","MEMORY_COPY_HOST_TO_DEVICE",0,"Agent 0","Agent 3",12,1264074069202645,1264074069795652
"MEMORY_COPY","MEMORY_COPY_HOST_TO_DEVICE",0,"Agent 0","Agent 3",12,1264074070265669,1264074070858277
"MEMORY_COPY","MEMORY_COPY_HOST_TO_DEVICE",0,"Agent 0","Agent 3",12,1264074071353183,1264074071946391
"MEMORY_COPY","MEMORY_COPY_HOST_TO_DEVICE",0,"Agent 0","Agent 3",12,1264074072730482,1264074073323250
"MEMORY_COPY","MEMORY_COPY_HOST_TO_DEVICE",0,"Agent 0","Agent 3",12,1264074074187721,1264074074780769
"MEMORY_COPY","MEMORY_COPY_HOST_TO_DEVICE",0,"Agent 0","Agent 3",12,1264074075711911,1264074076304839
"MEMORY_COPY","MEMORY_COPY_HOST_TO_DEVICE",0,"Agent 0","Agent 3",12,1264074077340753,1264074077934161
"MEMORY_COPY","MEMORY_COPY_HOST_TO_DEVICE",0,"Agent 0","Agent 3",12,1264074079154137,1264074079746665
"MEMORY_COPY","MEMORY_COPY_HOST_TO_DEVICE",0,"Agent 0","Agent 3",12,1264074081115674,1264074081710122
"MEMORY_COPY","MEMORY_COPY_HOST_TO_DEVICE",0,"Agent 0","Agent 3",12,1264074083001639,1264074083594807
"MEMORY_COPY","MEMORY_COPY_HOST_TO_DEVICE",0,"Agent 0","Agent 3",12,1264074084938405,1264074085531893
"MEMORY_COPY","MEMORY_COPY_HOST_TO_DEVICE",0,"Agent 0","Agent 3",12,1264074086814600,1264074087407568
"MEMORY_COPY","MEMORY_COPY_HOST_TO_DEVICE",0,"Agent 0","Agent 3",12,1264074088766516,1264074089359884
"MEMORY_COPY","MEMORY_COPY_HOST_TO_DEVICE",0,"Agent 0","Agent 3",12,1264074090632871,1264074091225399
"MEMORY_COPY","MEMORY_COPY_HOST_TO_DEVICE",0,"Agent 0","Agent 3",12,1264074092347664,1264074092940992
"MEMORY_COPY","MEMORY_COPY_HOST_TO_DEVICE",0,"Agent 0","Agent 3",12,1264074093636981,1264074094229709
"MEMORY_COPY","MEMORY_COPY_HOST_TO_DEVICE",0,"Agent 0","Agent 3",12,1264074094818527,1264074095411575
"MEMORY_COPY","MEMORY_COPY_HOST_TO_DEVICE",0,"Agent 0","Agent 3",12,1264074096027573,1264074096620421
"MEMORY_COPY","MEMORY_COPY_HOST_TO_DEVICE",0,"Agent 0","Agent 3",12,1264074097094567,1264074097688055
"MEMORY_COPY","MEMORY_COPY_HOST_TO_DEVICE",0,"Agent 0","Agent 3",12,1264074097692615,1264074097771736
"MEMORY_COPY","MEMORY_COPY_HOST_TO_DEVICE",0,"Agent 0","Agent 3",14,1264074097862957,1264074097867557
"MEMORY_COPY","MEMORY_COPY_HOST_TO_DEVICE",0,"Agent 0","Agent 3",16,1264074099253436,1264074099746722
"MEMORY_COPY","MEMORY_COPY_HOST_TO_DEVICE",0,"Agent 0","Agent 3",18,1264074099774633,1264074099779753
"MEMORY_COPY","MEMORY_COPY_HOST_TO_DEVICE",0,"Agent 0","Agent 3",20,1264074100576913,1264074100874477
"MEMORY_COPY","MEMORY_COPY_HOST_TO_DEVICE",0,"Agent 0","Agent 3",22,1264074100896308,1264074100901388
"MEMORY_COPY","MEMORY_COPY_HOST_TO_DEVICE",0,"Agent 0","Agent 3",24,1264074100927038,1264074100933358
"MEMORY_COPY","MEMORY_COPY_HOST_TO_DEVICE",0,"Agent 0","Agent 3",26,1264074100955449,1264074100960489
"MEMORY_COPY","MEMORY_COPY_HOST_TO_DEVICE",0,"Agent 0","Agent 3",28,1264074100982109,1264074100988389
"MEMORY_COPY","MEMORY_COPY_HOST_TO_DEVICE",0,"Agent 0","Agent 3",30,1264074101011179,1264074101016339
"MEMORY_COPY","MEMORY_COPY_HOST_TO_DEVICE",0,"Agent 0","Agent 3",36,1264074101209592,1264074101219272
"MEMORY_COPY","MEMORY_COPY_HOST_TO_DEVICE",0,"Agent 0","Agent 3",40,1264074102103654,1264074102400938
"MEMORY_COPY","MEMORY_COPY_HOST_TO_DEVICE",0,"Agent 0","Agent 3",42,1264074102426478,1264074102431718
"MEMORY_COPY","MEMORY_COPY_HOST_TO_DEVICE",0,"Agent 0","Agent 3",44,1264074102455409,1264074102459649
"MEMORY_COPY","MEMORY_COPY_HOST_TO_DEVICE",0,"Agent 0","Agent 3",46,1264074104629478,1264074105224326
"MEMORY_COPY","MEMORY_COPY_HOST_TO_DEVICE",0,"Agent 0","Agent 3",46,1264074105277046,1264074105523170
"MEMORY_COPY","MEMORY_COPY_HOST_TO_DEVICE",0,"Agent 0","Agent 3",48,1264074105548510,1264074105553190
"MEMORY_COPY","MEMORY_COPY_HOST_TO_DEVICE",0,"Agent 0","Agent 3",50,1264074107644308,1264074108239236
"MEMORY_COPY","MEMORY_COPY_HOST_TO_DEVICE",0,"Agent 0","Agent 3",50,1264074108277676,1264074108523760
"MEMORY_COPY","MEMORY_COPY_HOST_TO_DEVICE",0,"Agent 0","Agent 3",52,1264074108546950,1264074108551590
"MEMORY_COPY","MEMORY_COPY_HOST_TO_DEVICE",0,"Agent 0","Agent 3",54,1264074110402065,1264074110996433
"MEMORY_COPY","MEMORY_COPY_HOST_TO_DEVICE",0,"Agent 0","Agent 3",54,1264074111000713,1264074111245796
"MEMORY_COPY","MEMORY_COPY_HOST_TO_DEVICE",0,"Agent 0","Agent 3",56,1264074111299987,1264074111306547
"MEMORY_COPY","MEMORY_COPY_HOST_TO_DEVICE",0,"Agent 0","Agent 3",58,1264074111368298,1264074111372778
"MEMORY_COPY","MEMORY_COPY_HOST_TO_DEVICE",0,"Agent 0","Agent 3",60,1264074113057850,1264074113551017
"MEMORY_COPY","MEMORY_COPY_HOST_TO_DEVICE",0,"Agent 0","Agent 3",62,1264074113573267,1264074113578427
"MEMORY_COPY","MEMORY_COPY_HOST_TO_DEVICE",0,"Agent 0","Agent 3",64,1264074114500929,1264074114798573
"MEMORY_COPY","MEMORY_COPY_HOST_TO_DEVICE",0,"Agent 0","Agent 3",66,1264074114820134,1264074114825414
"MEMORY_COPY","MEMORY_COPY_HOST_TO_DEVICE",0,"Agent 0","Agent 3",68,1264074114851524,1264074114857804
"MEMORY_COPY","MEMORY_COPY_HOST_TO_DEVICE",0,"Agent 0","Agent 3",70,1264074114877554,1264074114882514
"MEMORY_COPY","MEMORY_COPY_HOST_TO_DEVICE",0,"Agent 0","Agent 3",72,1264074114906075,1264074114912395
"MEMORY_COPY","MEMORY_COPY_HOST_TO_DEVICE",0,"Agent 0","Agent 3",74,1264074114931625,1264074114936825
"MEMORY_COPY","MEMORY_COPY_HOST_TO_DEVICE",0,"Agent 0","Agent 3",80,1264074115106557,1264074115115278
"MEMORY_COPY","MEMORY_COPY_HOST_TO_DEVICE",0,"Agent 0","Agent 3",84,1264074116208282,1264074116505806
"MEMORY_COPY","MEMORY_COPY_HOST_TO_DEVICE",0,"Agent 0","Agent 3",86,1264074116533997,1264074116539237
"MEMORY_COPY","MEMORY_COPY_HOST_TO_DEVICE",0,"Agent 0","Agent 3",88,1264074116562857,1264074116567057
"MEMORY_COPY","MEMORY_COPY_HOST_TO_DEVICE",0,"Agent 0","Agent 3",90,1264074118692265,1264074119287233
"MEMORY_COPY","MEMORY_COPY_HOST_TO_DEVICE",0,"Agent 0","Agent 3",90,1264074119291553,1264074119536677
"MEMORY_COPY","MEMORY_COPY_HOST_TO_DEVICE",0,"Agent 0","Agent 3",92,1264074119557677,1264074119562997
"MEMORY_COPY","MEMORY_COPY_HOST_TO_DEVICE",0,"Agent 0","Agent 3",94,1264074121691145,1264074122286113
"MEMORY_COPY","MEMORY_COPY_HOST_TO_DEVICE",0,"Agent 0","Agent 3",94,1264074122320394,1264074122566877
"MEMORY_COPY","MEMORY_COPY_HOST_TO_DEVICE",0,"Agent 0","Agent 3",96,1264074122591487,1264074122596207
"MEMORY_COPY","MEMORY_COPY_HOST_TO_DEVICE",0,"Agent 0","Agent 3",98,1264074124674675,1264074125269163
"MEMORY_COPY","MEMORY_COPY_HOST_TO_DEVICE",0,"Agent 0","Agent 3",98,1264074125273483,1264074125518487
"MEMORY_COPY","MEMORY_COPY_HOST_TO_DEVICE",0,"Agent 0","Agent 3",100,1264074125559767,1264074125565247
"MEMORY_COPY","MEMORY_COPY_HOST_TO_DEVICE",0,"Agent 0","Agent 3",102,1264074125624788,1264074125629548
"MEMORY_COPY","MEMORY_COPY_HOST_TO_DEVICE",0,"Agent 0","Agent 3",104,1264074127347641,1264074127840808
"MEMORY_COPY","MEMORY_COPY_HOST_TO_DEVICE",0,"Agent 0","Agent 3",106,1264074127862298,1264074127867378
"MEMORY_COPY","MEMORY_COPY_HOST_TO_DEVICE",0,"Agent 0","Agent 3",108,1264074128830301,1264074129127905
"MEMORY_COPY","MEMORY_COPY_HOST_TO_DEVICE",0,"Agent 0","Agent 3",110,1264074129147945,1264074129153025
"MEMORY_COPY","MEMORY_COPY_HOST_TO_DEVICE",0,"Agent 0","Agent 3",112,1264074129177735,1264074129184415
"MEMORY_COPY","MEMORY_COPY_HOST_TO_DEVICE",0,"Agent 0","Agent 3",114,1264074129204026,1264074129208986
"MEMORY_COPY","MEMORY_COPY_HOST_TO_DEVICE",0,"Agent 0","Agent 3",116,1264074129231036,1264074129237316
"MEMORY_COPY","MEMORY_COPY_HOST_TO_DEVICE",0,"Agent 0","Agent 3",118,1264074129268337,1264074129273297
"MEMORY_COPY","MEMORY_COPY_HOST_TO_DEVICE",0,"Agent 0","Agent 3",124,1264074129399108,1264074129407908
"MEMORY_COPY","MEMORY_COPY_HOST_TO_DEVICE",0,"Agent 0","Agent 3",128,1264074130346911,1264074130644475
"MEMORY_COPY","MEMORY_COPY_HOST_TO_DEVICE",0,"Agent 0","Agent 3",130,1264074130678845,1264074130684125
"MEMORY_COPY","MEMORY_COPY_HOST_TO_DEVICE",0,"Agent 0","Agent 3",132,1264074130706346,1264074130710506
"MEMORY_COPY","MEMORY_COPY_HOST_TO_DEVICE",0,"Agent 0","Agent 3",134,1264074132964207,1264074133559415
"MEMORY_COPY","MEMORY_COPY_HOST_TO_DEVICE",0,"Agent 0","Agent 3",134,1264074133566055,1264074133811018
"MEMORY_COPY","MEMORY_COPY_HOST_TO_DEVICE",0,"Agent 0","Agent 3",136,1264074133861028,1264074133866189
"MEMORY_COPY","MEMORY_COPY_HOST_TO_DEVICE",0,"Agent 0","Agent 3",138,1264074135791574,1264074136386462
"MEMORY_COPY","MEMORY_COPY_HOST_TO_DEVICE",0,"Agent 0","Agent 3",138,1264074136422893,1264074136668776
"MEMORY_COPY","MEMORY_COPY_HOST_TO_DEVICE",0,"Agent 0","Agent 3",140,1264074136695086,1264074136699726
"MEMORY_COPY","MEMORY_COPY_HOST_TO_DEVICE",0,"Agent 0","Agent 3",142,1264074138751964,1264074139346492
"MEMORY_COPY","MEMORY_COPY_HOST_TO_DEVICE",0,"Agent 0","Agent 3",142,1264074139358252,1264074139604375
"MEMORY_COPY","MEMORY_COPY_HOST_TO_DEVICE",0,"Agent 0","Agent 3",144,1264074139735527,1264074139741807
"MEMORY_COPY","MEMORY_COPY_HOST_TO_DEVICE",0,"Agent 0","Agent 3",146,1264074139823408,1264074139828528
"MEMORY_COPY","MEMORY_COPY_HOST_TO_DEVICE",0,"Agent 0","Agent 3",148,1264074141902146,1264074142493474
"MEMORY_COPY","MEMORY_COPY_HOST_TO_DEVICE",0,"Agent 0","Agent 3",150,1264074142518784,1264074142523504
"MEMORY_COPY","MEMORY_COPY_HOST_TO_DEVICE",0,"Agent 0","Agent 3",152,1264074142781508,1264074142834708
"MEMORY_COPY","MEMORY_COPY_HOST_TO_DEVICE",0,"Agent 0","Agent 3",154,1264074142857659,1264074142862659
"MEMORY_COPY","MEMORY_COPY_HOST_TO_DEVICE",0,"Agent 0","Agent 3",156,1264074143112752,1264074143165753
"MEMORY_COPY","MEMORY_COPY_HOST_TO_DEVICE",0,"Agent 0","Agent 3",158,1264074143189613,1264074143194613
"MEMORY_COPY","MEMORY_COPY_HOST_TO_DEVICE",0,"Agent 0","Agent 3",160,1264074144274408,1264074144571972
"MEMORY_COPY","MEMORY_COPY_HOST_TO_DEVICE",0,"Agent 0","Agent 3",162,1264074144600052,1264074144605372
"MEMORY_COPY","MEMORY_COPY_HOST_TO_DEVICE",0,"Agent 0","Agent 3",168,1264074144740514,1264074144744674
"MEMORY_COPY","MEMORY_COPY_HOST_TO_DEVICE",0,"Agent 0","Agent 3",170,1264074146505737,1264074147100705
"MEMORY_COPY","MEMORY_COPY_HOST_TO_DEVICE",0,"Agent 0","Agent 3",170,1264074147104985,1264074147350229
"MEMORY_COPY","MEMORY_COPY_HOST_TO_DEVICE",0,"Agent 0","Agent 3",172,1264074147373889,1264074147379249
"MEMORY_COPY","MEMORY_COPY_HOST_TO_DEVICE",0,"Agent 0","Agent 3",174,1264074148580955,1264074149175723
"MEMORY_COPY","MEMORY_COPY_HOST_TO_DEVICE",0,"Agent 0","Agent 3",174,1264074149179963,1264074149424926
"MEMORY_COPY","MEMORY_COPY_HOST_TO_DEVICE",0,"Agent 0","Agent 3",176,1264074149448857,1264074149454297
"MEMORY_COPY","MEMORY_COPY_HOST_TO_DEVICE",0,"Agent 0","Agent 3",178,1264074150650033,1264074151244801
"MEMORY_COPY","MEMORY_COPY_HOST_TO_DEVICE",0,"Agent 0","Agent 3",178,1264074151249041,1264074151494284
"MEMORY_COPY","MEMORY_COPY_HOST_TO_DEVICE",0,"Agent 0","Agent 3",180,1264074151535535,1264074151541695
"MEMORY_COPY","MEMORY_COPY_HOST_TO_DEVICE",0,"Agent 0","Agent 3",182,1264074151589355,1264074151594355
"MEMORY_COPY","MEMORY_COPY_HOST_TO_DEVICE",0,"Agent 0","Agent 3",184,1264074153368559,1264074153862366
"MEMORY_COPY","MEMORY_COPY_HOST_TO_DEVICE",0,"Agent 0","Agent 3",186,1264074153886016,1264074153891296
"MEMORY_COPY","MEMORY_COPY_HOST_TO_DEVICE",0,"Agent 0","Agent 3",188,1264074154957400,1264074155254844
"MEMORY_COPY","MEMORY_COPY_HOST_TO_DEVICE",0,"Agent 0","Agent 3",190,1264074155286035,1264074155291155
"MEMORY_COPY","MEMORY_COPY_HOST_TO_DEVICE",0,"Agent 0","Agent 3",192,1264074155320475,1264074155326875
"MEMORY_COPY","MEMORY_COPY_HOST_TO_DEVICE",0,"Agent 0","Agent 3",194,1264074155349126,1264074155354086
"MEMORY_COPY","MEMORY_COPY_HOST_TO_DEVICE",0,"Agent 0","Agent 3",196,1264074155381076,1264074155387476
"MEMORY_COPY","MEMORY_COPY_HOST_TO_DEVICE",0,"Agent 0","Agent 3",198,1264074155410196,1264074155415197
"MEMORY_COPY","MEMORY_COPY_HOST_TO_DEVICE",0,"Agent 0","Agent 3",204,1264074155548258,1264074155557098
"MEMORY_COPY","MEMORY_COPY_HOST_TO_DEVICE",0,"Agent 0","Agent 3",208,1264074156653603,1264074156951287
"MEMORY_COPY","MEMORY_COPY_HOST_TO_DEVICE",0,"Agent 0","Agent 3",210,1264074156976507,1264074156981707
"MEMORY_COPY","MEMORY_COPY_HOST_TO_DEVICE",0,"Agent 0","Agent 3",212,1264074157010328,1264074157014848
"MEMORY_COPY","MEMORY_COPY_HOST_TO_DEVICE",0,"Agent 0","Agent 3",214,1264074159290528,1264074159884056
"MEMORY_COPY","MEMORY_COPY_HOST_TO_DEVICE",0,"Agent 0","Agent 3",214,1264074159944967,1264074160191690
"MEMORY_COPY","MEMORY_COPY_HOST_TO_DEVICE",0,"Agent 0","Agent 3",216,1264074160216151,1264074160220831
"MEMORY_COPY","MEMORY_COPY_HOST_TO_DEVICE",0,"Agent 0","Agent 3",218,1264074162094296,1264074162689184
"MEMORY_COPY","MEMORY_COPY_HOST_TO_DEVICE",0,"Agent 0","Agent 3",218,1264074162693424,1264074162938587
"MEMORY_COPY","MEMORY_COPY_HOST_TO_DEVICE",0,"Agent 0","Agent 3",220,1264074162962197,1264074162967117
"MEMORY_COPY","MEMORY_COPY_HOST_TO_DEVICE",0,"Agent 0","Agent 3",222,1264074164757961,1264074165352889
"MEMORY_COPY","MEMORY_COPY_HOST_TO_DEVICE",0,"Agent 0","Agent 3",222,1264074165357209,1264074165602293
"MEMORY_COPY","MEMORY_COPY_HOST_TO_DEVICE",0,"Agent 0","Agent 3",224,1264074165642943,1264074165649663
"MEMORY_COPY","MEMORY_COPY_HOST_TO_DEVICE",0,"Agent 0","Agent 3",226,1264074165690684,1264074165695124
"MEMORY_COPY","MEMORY_COPY_HOST_TO_DEVICE",0,"Agent 0","Agent 3",228,1264074167453537,1264074167947264
"MEMORY_COPY","MEMORY_COPY_HOST_TO_DEVICE",0,"Agent 0","Agent 3",230,1264074167970964,1264074167976084
"MEMORY_COPY","MEMORY_COPY_HOST_TO_DEVICE",0,"Agent 0","Agent 3",232,1264074169099129,1264074169396773
"MEMORY_COPY","MEMORY_COPY_HOST_TO_DEVICE",0,"Agent 0","Agent 3",234,1264074169421414,1264074169426494
"MEMORY_COPY","MEMORY_COPY_HOST_TO_DEVICE",0,"Agent 0","Agent 3",236,1264074169460774,1264074169467134
"MEMORY_COPY","MEMORY_COPY_HOST_TO_DEVICE",0,"Agent 0","Agent 3",238,1264074169490495,1264074169495535
"MEMORY_COPY","MEMORY_COPY_HOST_TO_DEVICE",0,"Agent 0","Agent 3",240,1264074169524485,1264074169530805
"MEMORY_COPY","MEMORY_COPY_HOST_TO_DEVICE",0,"Agent 0","Agent 3",242,1264074169552195,1264074169557436
"MEMORY_COPY","MEMORY_COPY_HOST_TO_DEVICE",0,"Agent 0","Agent 3",248,1264074169678767,1264074169687487
"MEMORY_COPY","MEMORY_COPY_HOST_TO_DEVICE",0,"Agent 0","Agent 3",252,1264074171094806,1264074171392210
"MEMORY_COPY","MEMORY_COPY_HOST_TO_DEVICE",0,"Agent 0","Agent 3",254,1264074171417690,1264074171422931
"MEMORY_COPY","MEMORY_COPY_HOST_TO_DEVICE",0,"Agent 0","Agent 3",256,1264074171447511,1264074171451751
"MEMORY_COPY","MEMORY_COPY_HOST_TO_DEVICE",0,"Agent 0","Agent 3",258,1264074173937334,1264074174531742
"MEMORY_COPY","MEMORY_COPY_HOST_TO_DEVICE",0,"Agent 0","Agent 3",258,1264074174750995,1264074174997838
"MEMORY_COPY","MEMORY_COPY_HOST_TO_DEVICE",0,"Agent 0","Agent 3",260,1264074175026369,1264074175031089
"MEMORY_COPY","MEMORY_COPY_HOST_TO_DEVICE",0,"Agent 0","Agent 3",262,1264074177493312,1264074178089400
"MEMORY_COPY","MEMORY_COPY_HOST_TO_DEVICE",0,"Agent 0","Agent 3",262,1264074178093760,1264074178338603
"MEMORY_COPY","MEMORY_COPY_HOST_TO_DEVICE",0,"Agent 0","Agent 3",264,1264074178361243,1264074178366523
"MEMORY_COPY","MEMORY_COPY_HOST_TO_DEVICE",0,"Agent 0","Agent 3",266,1264074179616990,1264074180211318
"MEMORY_COPY","MEMORY_COPY_HOST_TO_DEVICE",0,"Agent 0","Agent 3",266,1264074180215638,1264074180460601
"MEMORY_COPY","MEMORY_COPY_HOST_TO_DEVICE",0,"Agent 0","Agent 3",268,1264074180502252,1264074180507772
"MEMORY_COPY","MEMORY_COPY_HOST_TO_DEVICE",0,"Agent 0","Agent 3",270,1264074180546882,1264074180551323
"MEMORY_COPY","MEMORY_COPY_HOST_TO_DEVICE",0,"Agent 0","Agent 3",272,1264074182239825,1264074182732952
"MEMORY_COPY","MEMORY_COPY_HOST_TO_DEVICE",0,"Agent 0","Agent 3",274,1264074182757322,1264074182762482
"MEMORY_COPY","MEMORY_COPY_HOST_TO_DEVICE",0,"Agent 0","Agent 3",276,1264074184035019,1264074184332783
"MEMORY_COPY","MEMORY_COPY_HOST_TO_DEVICE",0,"Agent 0","Agent 3",278,1264074184356123,1264074184361323
"MEMORY_COPY","MEMORY_COPY_HOST_TO_DEVICE",0,"Agent 0","Agent 3",280,1264074184392224,1264074184398544
"MEMORY_COPY","MEMORY_COPY_HOST_TO_DEVICE",0,"Agent 0","Agent 3",282,1264074184421154,1264074184426154
"MEMORY_COPY","MEMORY_COPY_HOST_TO_DEVICE",0,"Agent 0","Agent 3",284,1264074184452355,1264074184458675
"MEMORY_COPY","MEMORY_COPY_HOST_TO_DEVICE",0,"Agent 0","Agent 3",286,1264074184481825,1264074184486825
"MEMORY_COPY","MEMORY_COPY_HOST_TO_DEVICE",0,"Agent 0","Agent 3",292,1264074184677818,1264074184686658
"MEMORY_COPY","MEMORY_COPY_HOST_TO_DEVICE",0,"Agent 0","Agent 3",296,1264074186062306,1264074186360030
"MEMORY_COPY","MEMORY_COPY_HOST_TO_DEVICE",0,"Agent 0","Agent 3",298,1264074186387220,1264074186392501
"MEMORY_COPY","MEMORY_COPY_HOST_TO_DEVICE",0,"Agent 0","Agent 3",300,1264074186421551,1264074186425711
"MEMORY_COPY","MEMORY_COPY_HOST_TO_DEVICE",0,"Agent 0","Agent 3",302,1264074189034366,1264074189629654
"MEMORY_COPY","MEMORY_COPY_HOST_TO_DEVICE",0,"Agent 0","Agent 3",302,1264074189634014,1264074189879177
"MEMORY_COPY","MEMORY_COPY_HOST_TO_DEVICE",0,"Agent 0","Agent 3",304,1264074189918618,1264074189923818
"MEMORY_COPY","MEMORY_COPY_HOST_TO_DEVICE",0,"Agent 0","Agent 3",306,1264074191782893,1264074192377461
"MEMORY_COPY","MEMORY_COPY_HOST_TO_DEVICE",0,"Agent 0","Agent 3",306,1264074192381741,1264074192626824
"MEMORY_COPY","MEMORY_COPY_HOST_TO_DEVICE",0,"Agent 0","Agent 3",308,1264074192652874,1264074192657714
"MEMORY_COPY","MEMORY_COPY_HOST_TO_DEVICE",0,"Agent 0","Agent 3",310,1264074194588670,1264074195183598
"MEMORY_COPY","MEMORY_COPY_HOST_TO_DEVICE",0,"Agent 0","Agent 3",310,1264074195187878,1264074195433041
"MEMORY_COPY","MEMORY_COPY_HOST_TO_DEVICE",0,"Agent 0","Agent 3",312,1264074195477942,1264074195483462
"MEMORY_COPY","MEMORY_COPY_HOST_TO_DEVICE",0,"Agent 0","Agent 3",314,1264074195536093,1264074195540493
"MEMORY_COPY","MEMORY_COPY_HOST_TO_DEVICE",0,"Agent 0","Agent 3",316,1264074197592955,1264074198184603
"MEMORY_COPY","MEMORY_COPY_HOST_TO_DEVICE",0,"Agent 0","Agent 3",318,1264074198212623,1264074198217423
"MEMORY_COPY","MEMORY_COPY_HOST_TO_DEVICE",0,"Agent 0","Agent 3",320,1264074198433296,1264074198486497
"MEMORY_COPY","MEMORY_COPY_HOST_TO_DEVICE",0,"Agent 0","Agent 3",322,1264074198506787,1264074198511947
"MEMORY_COPY","MEMORY_COPY_HOST_TO_DEVICE",0,"Agent 0","Agent 3",324,1264074198729460,1264074198782901
"MEMORY_COPY","MEMORY_COPY_HOST_TO_DEVICE",0,"Agent 0","Agent 3",326,1264074198803111,1264074198808311
"MEMORY_COPY","MEMORY_COPY_HOST_TO_DEVICE",0,"Agent 0","Agent 3",328,1264074199771794,1264074200069318
"MEMORY_COPY","MEMORY_COPY_HOST_TO_DEVICE",0,"Agent 0","Agent 3",330,1264074200094768,1264074200100088
"MEMORY_COPY","MEMORY_COPY_HOST_TO_DEVICE",0,"Agent 0","Agent 3",336,1264074200203510,1264074200207630
"MEMORY_COPY","MEMORY_COPY_HOST_TO_DEVICE",0,"Agent 0","Agent 3",338,1264074202155716,1264074202750924
"MEMORY_COPY","MEMORY_COPY_HOST_TO_DEVICE",0,"Agent 0","Agent 3",338,1264074202755244,1264074203000287
"MEMORY_COPY","MEMORY_COPY_HOST_TO_DEVICE",0,"Agent 0","Agent 3",340,1264074203028848,1264074203033888
"MEMORY_COPY","MEMORY_COPY_HOST_TO_DEVICE",0,"Agent 0","Agent 3",342,1264074205040755,1264074205635443
"MEMORY_COPY","MEMORY_COPY_HOST_TO_DEVICE",0,"Agent 0","Agent 3",342,1264074205639763,1264074205884846
"MEMORY_COPY","MEMORY_COPY_HOST_TO_DEVICE",0,"Agent 0","Agent 3",344,1264074205907826,1264074205912826
"MEMORY_COPY","MEMORY_COPY_HOST_TO_DEVICE",0,"Agent 0","Agent 3",346,1264074207922254,1264074208516782
"MEMORY_COPY","MEMORY_COPY_HOST_TO_DEVICE",0,"Agent 0","Agent 3",346,1264074208521062,1264074208766185
"MEMORY_COPY","MEMORY_COPY_HOST_TO_DEVICE",0,"Agent 0","Agent 3",348,1264074208807685,1264074208813446
"MEMORY_COPY","MEMORY_COPY_HOST_TO_DEVICE",0,"Agent 0","Agent 3",350,1264074208860696,1264074208865816
"MEMORY_COPY","MEMORY_COPY_HOST_TO_DEVICE",0,"Agent 0","Agent 3",352,1264074210446637,1264074210940204
"MEMORY_COPY","MEMORY_COPY_HOST_TO_DEVICE",0,"Agent 0","Agent 3",354,1264074210965364,1264074210971045
"MEMORY_COPY","MEMORY_COPY_HOST_TO_DEVICE",0,"Agent 0","Agent 3",356,1264074211898407,1264074212195891
"MEMORY_COPY","MEMORY_COPY_HOST_TO_DEVICE",0,"Agent 0","Agent 3",358,1264074212217041,1264074212222241
"MEMORY_COPY","MEMORY_COPY_HOST_TO_DEVICE",0,"Agent 0","Agent 3",360,1264074212257052,1264074212263372
"MEMORY_COPY","MEMORY_COPY_HOST_TO_DEVICE",0,"Agent 0","Agent 3",362,1264074212282282,1264074212287402
"MEMORY_COPY","MEMORY_COPY_HOST_TO_DEVICE",0,"Agent 0","Agent 3",364,1264074212342843,1264074212349763
"MEMORY_COPY","MEMORY_COPY_HOST_TO_DEVICE",0,"Agent 0","Agent 3",366,1264074212368993,1264074212374073
"MEMORY_COPY","MEMORY_COPY_HOST_TO_DEVICE",0,"Agent 0","Agent 3",372,1264074212498425,1264074212507265
"MEMORY_COPY","MEMORY_COPY_HOST_TO_DEVICE",0,"Agent 0","Agent 3",376,1264074213413487,1264074213711011
"MEMORY_COPY","MEMORY_COPY_HOST_TO_DEVICE",0,"Agent 0","Agent 3",378,1264074213733922,1264074213739202
"MEMORY_COPY","MEMORY_COPY_HOST_TO_DEVICE",0,"Agent 0","Agent 3",380,1264074213762812,1264074213767092
"MEMORY_COPY","MEMORY_COPY_HOST_TO_DEVICE",0,"Agent 0","Agent 3",382,1264074215203372,1264074215799660
"MEMORY_COPY","MEMORY_COPY_HOST_TO_DEVICE",0,"Agent 0","Agent 3",382,1264074215803980,1264074216049023
"MEMORY_COPY","MEMORY_COPY_HOST_TO_DEVICE",0,"Agent 0","Agent 3",384,1264074216071873,1264074216076793
"MEMORY_COPY","MEMORY_COPY_HOST_TO_DEVICE",0,"Agent 0","Agent 3",386,1264074217608114,1264074218202842
"MEMORY_COPY","MEMORY_COPY_HOST_TO_DEVICE",0,"Agent 0","Agent 3",386,1264074218207122,1264074218452205
"MEMORY_COPY","MEMORY_COPY_HOST_TO_DEVICE",0,"Agent 0","Agent 3",388,1264074218474926,1264074218479766
"MEMORY_COPY","MEMORY_COPY_HOST_TO_DEVICE",0,"Agent 0","Agent 3",390,1264074220136418,1264074220731066
"MEMORY_COPY","MEMORY_COPY_HOST_TO_DEVICE",0,"Agent 0","Agent 3",390,1264074220735306,1264074220980389
"MEMORY_COPY","MEMORY_COPY_HOST_TO_DEVICE",0,"Agent 0","Agent 3",392,1264074221022700,1264074221028220
"MEMORY_COPY","MEMORY_COPY_HOST_TO_DEVICE",0,"Agent 0","Agent 3",394,1264074221074691,1264074221079491
"MEMORY_COPY","MEMORY_COPY_HOST_TO_DEVICE",0,"Agent 0","Agent 3",396,1264074222295077,1264074222788244
"MEMORY_COPY","MEMORY_COPY_HOST_TO_DEVICE",0,"Agent 0","Agent 3",398,1264074222815064,1264074222820224
"MEMORY_COPY","MEMORY_COPY_HOST_TO_DEVICE",0,"Agent 0","Agent 3",400,1264074223534254,1264074223831458
"MEMORY_COPY","MEMORY_COPY_HOST_TO_DEVICE",0,"Agent 0","Agent 3",402,1264074223853198,1264074223858358
"MEMORY_COPY","MEMORY_COPY_HOST_TO_DEVICE",0,"Agent 0","Agent 3",404,1264074223885838,1264074223892278
"MEMORY_COPY","MEMORY_COPY_HOST_TO_DEVICE",0,"Agent 0","Agent 3",406,1264074223912619,1264074223917779
"MEMORY_COPY","MEMORY_COPY_HOST_TO_DEVICE",0,"Agent 0","Agent 3",408,1264074223940189,1264074223946429
"MEMORY_COPY","MEMORY_COPY_HOST_TO_DEVICE",0,"Agent 0","Agent 3",410,1264074223970369,1264074223975370
"MEMORY_COPY","MEMORY_COPY_HOST_TO_DEVICE",0,"Agent 0","Agent 3",416,1264074224092691,1264074224101491
"MEMORY_COPY","MEMORY_COPY_HOST_TO_DEVICE",0,"Agent 0","Agent 3",420,1264074224928822,1264074225226306
"MEMORY_COPY","MEMORY_COPY_HOST_TO_DEVICE",0,"Agent 0","Agent 3",422,1264074225252177,1264074225257497
"MEMORY_COPY","MEMORY_COPY_HOST_TO_DEVICE",0,"Agent 0","Agent 3",424,1264074225280337,1264074225284657
"MEMORY_COPY","MEMORY_COPY_HOST_TO_DEVICE",0,"Agent 0","Agent 3",426,1264074227069401,1264074227664329
"MEMORY_COPY","MEMORY_COPY_HOST_TO_DEVICE",0,"Agent 0","Agent 3",426,1264074227668649,1264074227913773
"MEMORY_COPY","MEMORY_COPY_HOST_TO_DEVICE",0,"Agent 0","Agent 3",428,1264074227936373,1264074227941533
"MEMORY_COPY","MEMORY_COPY_HOST_TO_DEVICE",0,"Agent 0","Agent 3",430,1264074229620426,1264074230215194
"MEMORY_COPY","MEMORY_COPY_HOST_TO_DEVICE",0,"Agent 0","Agent 3",430,1264074230219554,1264074230464637
"MEMORY_COPY","MEMORY_COPY_HOST_TO_DEVICE",0,"Agent 0","Agent 3",432,1264074230488017,1264074230493417
"MEMORY_COPY","MEMORY_COPY_HOST_TO_DEVICE",0,"Agent 0","Agent 3",434,1264074232243151,1264074232837799
"MEMORY_COPY","MEMORY_COPY_HOST_TO_DEVICE",0,"Agent 0","Agent 3",434,1264074232842039,1264074233086882
"MEMORY_COPY","MEMORY_COPY_HOST_TO_DEVICE",0,"Agent 0","Agent 3",436,1264074233130273,1264074233136193
"MEMORY_COPY","MEMORY_COPY_HOST_TO_DEVICE",0,"Agent 0","Agent 3",438,1264074233182293,1264074233187534
"MEMORY_COPY","MEMORY_COPY_HOST_TO_DEVICE",0,"Agent 0","Agent 3",440,1264074234849066,1264074235345153
"MEMORY_COPY","MEMORY_COPY_HOST_TO_DEVICE",0,"Agent 0","Agent 3",442,1264074235368093,1264074235373333
"MEMORY_COPY","MEMORY_COPY_HOST_TO_DEVICE",0,"Agent 0","Agent 3",444,1264074236347116,1264074236644760
"MEMORY_COPY","MEMORY_COPY_HOST_TO_DEVICE",0,"Agent 0","Agent 3",446,1264074236672550,1264074236677831
"MEMORY_COPY","MEMORY_COPY_HOST_TO_DEVICE",0,"Agent 0","Agent 3",448,1264074236705291,1264074236711651
"MEMORY_COPY","MEMORY_COPY_HOST_TO_DEVICE",0,"Agent 0","Agent 3",450,1264074236806492,1264074236811132
"MEMORY_COPY","MEMORY_COPY_HOST_TO_DEVICE",0,"Agent 0","Agent 3",452,1264074236830213,1264074236837133
"MEMORY_COPY","MEMORY_COPY_HOST_TO_DEVICE",0,"Agent 0","Agent 3",454,1264074236860083,1264074236864523
"MEMORY_COPY","MEMORY_COPY_HOST_TO_DEVICE",0,"Agent 0","Agent 3",460,1264074236985005,1264074236994005
"MEMORY_COPY","MEMORY_COPY_HOST_TO_DEVICE",0,"Agent 0","Agent 3",464,1264074238028809,1264074238326773
"MEMORY_COPY","MEMORY_COPY_HOST_TO_DEVICE",0,"Agent 0","Agent 3",466,1264074238351603,1264074238356923
"MEMORY_COPY","MEMORY_COPY_HOST_TO_DEVICE",0,"Agent 0","Agent 3",468,1264074238379213,1264074238383853
"MEMORY_COPY","MEMORY_COPY_HOST_TO_DEVICE",0,"Agent 0","Agent 3",470,1264074240568763,1264074241164171
"MEMORY_COPY","MEMORY_COPY_HOST_TO_DEVICE",0,"Agent 0","Agent 3",470,1264074241198661,1264074241445345
"MEMORY_COPY","MEMORY_COPY_HOST_TO_DEVICE",0,"Agent 0","Agent 3",472,1264074241468605,1264074241473325
"MEMORY_COPY","MEMORY_COPY_HOST_TO_DEVICE",0,"Agent 0","Agent 3",474,1264074243673185,1264074244268433
"MEMORY_COPY","MEMORY_COPY_HOST_TO_DEVICE",0,"Agent 0","Agent 3",474,1264074244272753,1264074244517716
"MEMORY_COPY","MEMORY_COPY_HOST_TO_DEVICE",0,"Agent 0","Agent 3",476,1264074244540336,1264074244545576
"MEMORY_COPY","MEMORY_COPY_HOST_TO_DEVICE",0,"Agent 0","Agent 3",478,1264074246709846,1264074247304494
"MEMORY_COPY","MEMORY_COPY_HOST_TO_DEVICE",0,"Agent 0","Agent 3",478,1264074247327424,1264074247573947
"MEMORY_COPY","MEMORY_COPY_HOST_TO_DEVICE",0,"Agent 0","Agent 3",480,1264074247618798,1264074247624158
"MEMORY_COPY","MEMORY_COPY_HOST_TO_DEVICE",0,"Agent 0","Agent 3",482,1264074247669768,1264074247674809
"MEMORY_COPY","MEMORY_COPY_HOST_TO_DEVICE",0,"Agent 0","Agent 3",484,1264074249486683,1264074250078051
"MEMORY_COPY","MEMORY_COPY_HOST_TO_DEVICE",0,"Agent 0","Agent 3",486,1264074250100121,1264074250105481
"MEMORY_COPY","MEMORY_COPY_HOST_TO_DEVICE",0,"Agent 0","Agent 3",488,1264074250350375,1264074250403695
"MEMORY_COPY","MEMORY_COPY_HOST_TO_DEVICE",0,"Agent 0","Agent 3",490,1264074250424456,1264074250429456
"MEMORY_COPY","MEMORY_COPY_HOST_TO_DEVICE",0,"Agent 0","Agent 3",492,1264074250656339,1264074250709579
"MEMORY_COPY","MEMORY_COPY_HOST_TO_DEVICE",0,"Agent 0","Agent 3",494,1264074250730810,1264074250736010
"MEMORY_COPY","MEMORY_COPY_HOST_TO_DEVICE",0,"Agent 0","Agent 3",496,1264074251660782,1264074251958906
"MEMORY_COPY","MEMORY_COPY_HOST_TO_DEVICE",0,"Agent 0","Agent 3",498,1264074251983207,1264074251988487
"MEMORY_COPY","MEMORY_COPY_HOST_TO_DEVICE",0,"Agent 0","Agent 3",504,1264074252082378,1264074252086298
"MEMORY_COPY","MEMORY_COPY_HOST_TO_DEVICE",0,"Agent 0","Agent 3",506,1264074254065045,1264074254660213
"MEMORY_COPY","MEMORY_COPY_HOST_TO_DEVICE",0,"Agent 0","Agent 3",506,1264074254688963,1264074254935926
"MEMORY_COPY","MEMORY_COPY_HOST_TO_DEVICE",0,"Agent 0","Agent 3",508,1264074254961247,1264074254966207
"MEMORY_COPY","MEMORY_COPY_HOST_TO_DEVICE",0,"Agent 0","Agent 3",510,1264074257040225,1264074257635593
"MEMORY_COPY","MEMORY_COPY_HOST_TO_DEVICE",0,"Agent 0","Agent 3",510,1264074257640113,1264074257885236
"MEMORY_COPY","MEMORY_COPY_HOST_TO_DEVICE",0,"Agent 0","Agent 3",512,1264074257907276,1264074257912716
"MEMORY_COPY","MEMORY_COPY_HOST_TO_DEVICE",0,"Agent 0","Agent 3",514,1264074260058745,1264074260653673
"MEMORY_COPY","MEMORY_COPY_HOST_TO_DEVICE",0,"Agent 0","Agent 3",514,1264074260657829,1264074260902992
"MEMORY_COPY","MEMORY_COPY_HOST_TO_DEVICE",0,"Agent 0","Agent 3",516,1264074260947332,1264074260953892
"MEMORY_COPY","MEMORY_COPY_HOST_TO_DEVICE",0,"Agent 0","Agent 3",518,1264074260994913,1264074260999953
"MEMORY_COPY","MEMORY_COPY_HOST_TO_DEVICE",0,"Agent 0","Agent 3",520,1264074262677525,1264074263170892
"MEMORY_COPY","MEMORY_COPY_HOST_TO_DEVICE",0,"Agent 0","Agent 3",522,1264074263193372,1264074263198732
"MEMORY_COPY","MEMORY_COPY_HOST_TO_DEVICE",0,"Agent 0","Agent 3",524,1264074264148595,1264074264446399
"MEMORY_COPY","MEMORY_COPY_HOST_TO_DEVICE",0,"Agent 0","Agent 3",526,1264074264468569,1264074264473689
"MEMORY_COPY","MEMORY_COPY_HOST_TO_DEVICE",0,"Agent 0","Agent 3",528,1264074264501729,1264074264508130
"MEMORY_COPY","MEMORY_COPY_HOST_TO_DEVICE",0,"Agent 0","Agent 3",530,1264074264529530,1264074264534570
"MEMORY_COPY","MEMORY_COPY_HOST_TO_DEVICE",0,"Agent 0","Agent 3",532,1264074264559430,1264074264565830
"MEMORY_COPY","MEMORY_COPY_HOST_TO_DEVICE",0,"Agent 0","Agent 3",534,1264074264586621,1264074264591741
"MEMORY_COPY","MEMORY_COPY_HOST_TO_DEVICE",0,"Agent 0","Agent 3",540,1264074264707022,1264074264715862
"MEMORY_COPY","MEMORY_COPY_HOST_TO_DEVICE",0,"Agent 0","Agent 3",544,1264074265701705,1264074265999349
"MEMORY_COPY","MEMORY_COPY_HOST_TO_DEVICE",0,"Agent 0","Agent 3",546,1264074266026590,1264074266031990
"MEMORY_COPY","MEMORY_COPY_HOST_TO_DEVICE",0,"Agent 0","Agent 3",548,1264074266053680,1264074266058000
"MEMORY_COPY","MEMORY_COPY_HOST_TO_DEVICE",0,"Agent 0","Agent 3",550,1264074268341891,1264074268936859
"MEMORY_COPY","MEMORY_COPY_HOST_TO_DEVICE",0,"Agent 0","Agent 3",550,1264074269029900,1264074269276463
"MEMORY_COPY","MEMORY_COPY_HOST_TO_DEVICE",0,"Agent 0","Agent 3",552,1264074269299383,1264074269304023
"MEMORY_COPY","MEMORY_COPY_HOST_TO_DEVICE",0,"Agent 0","Agent 3",554,1264074271617564,1264074272212172
"MEMORY_COPY","MEMORY_COPY_HOST_TO_DEVICE",0,"Agent 0","Agent 3",554,1264074272249263,1264074272495946
"MEMORY_COPY","MEMORY_COPY_HOST_TO_DEVICE",0,"Agent 0","Agent 3",556,1264074272519136,1264074272523816
"MEMORY_COPY","MEMORY_COPY_HOST_TO_DEVICE",0,"Agent 0","Agent 3",558,1264074274636395,1264074275231082
"MEMORY_COPY","MEMORY_COPY_HOST_TO_DEVICE",0,"Agent 0","Agent 3",558,1264074275336454,1264074275583177
"MEMORY_COPY","MEMORY_COPY_HOST_TO_DEVICE",0,"Agent 0","Agent 3",560,1264074275627208,1264074275633368
"MEMORY_COPY","MEMORY_COPY_HOST_TO_DEVICE",0,"Agent 0","Agent 3",562,1264074275674458,1264074275679498
"MEMORY_COPY","MEMORY_COPY_HOST_TO_DEVICE",0,"Agent 0","Agent 3",564,1264074277464552,1264074277957839
"MEMORY_COPY","MEMORY_COPY_HOST_TO_DEVICE",0,"Agent 0","Agent 3",566,1264074277980929,1264074277986169
"MEMORY_COPY","MEMORY_COPY_HOST_TO_DEVICE",0,"Agent 0","Agent 3",568,1264074279012023,1264074279310027
"MEMORY_COPY","MEMORY_COPY_HOST_TO_DEVICE",0,"Agent 0","Agent 3",570,1264074279332897,1264074279338097
"MEMORY_COPY","MEMORY_COPY_HOST_TO_DEVICE",0,"Agent 0","Agent 3",572,1264074279364548,1264074279370868
"MEMORY_COPY","MEMORY_COPY_HOST_TO_DEVICE",0,"Agent 0","Agent 3",574,1264074279390878,1264074279396078
"MEMORY_COPY","MEMORY_COPY_HOST_TO_DEVICE",0,"Agent 0","Agent 3",576,1264074279418978,1264074279425418
"MEMORY_COPY","MEMORY_COPY_HOST_TO_DEVICE",0,"Agent 0","Agent 3",578,1264074279446409,1264074279451569
"MEMORY_COPY","MEMORY_COPY_HOST_TO_DEVICE",0,"Agent 0","Agent 3",584,1264074279570390,1264074279579270
"MEMORY_COPY","MEMORY_COPY_HOST_TO_DEVICE",0,"Agent 0","Agent 3",588,1264074280696375,1264074280994059
"MEMORY_COPY","MEMORY_COPY_HOST_TO_DEVICE",0,"Agent 0","Agent 3",590,1264074281020230,1264074281025550
"MEMORY_COPY","MEMORY_COPY_HOST_TO_DEVICE",0,"Agent 0","Agent 3",592,1264074281047280,1264074281051680
"MEMORY_COPY","MEMORY_COPY_HOST_TO_DEVICE",0,"Agent 0","Agent 3",594,1264074283474322,1264074284068810
"MEMORY_COPY","MEMORY_COPY_HOST_TO_DEVICE",0,"Agent 0","Agent 3",594,1264074284225152,1264074284471956
"MEMORY_COPY","MEMORY_COPY_HOST_TO_DEVICE",0,"Agent 0","Agent 3",596,1264074284495596,1264074284500316
"MEMORY_COPY","MEMORY_COPY_HOST_TO_DEVICE",0,"Agent 0","Agent 3",598,1264074286966349,1264074287561157
"MEMORY_COPY","MEMORY_COPY_HOST_TO_DEVICE",0,"Agent 0","Agent 3",598,1264074287751129,1264074287997693
"MEMORY_COPY","MEMORY_COPY_HOST_TO_DEVICE",0,"Agent 0","Agent 3",600,1264074288022763,1264074288027403
"MEMORY_COPY","MEMORY_COPY_HOST_TO_DEVICE",0,"Agent 0","Agent 3",602,1264074290419795,1264074291014443
"MEMORY_COPY","MEMORY_COPY_HOST_TO_DEVICE",0,"Agent 0","Agent 3",602,1264074291126644,1264074291373328
"MEMORY_COPY","MEMORY_COPY_HOST_TO_DEVICE",0,"Agent 0","Agent 3",604,1264074291490869,1264074291497229
"MEMORY_COPY","MEMORY_COPY_HOST_TO_DEVICE",0,"Agent 0","Agent 3",606,1264074291536930,1264074291542130
"MEMORY_COPY","MEMORY_COPY_HOST_TO_DEVICE",0,"Agent 0","Agent 3",608,1264074293447725,1264074293941092
"MEMORY_COPY","MEMORY_COPY_HOST_TO_DEVICE",0,"Agent 0","Agent 3",610,1264074293963952,1264074293969112
"MEMORY_COPY","MEMORY_COPY_HOST_TO_DEVICE",0,"Agent 0","Agent 3",612,1264074295137638,1264074295435242
"MEMORY_COPY","MEMORY_COPY_HOST_TO_DEVICE",0,"Agent 0","Agent 3",614,1264074295457282,1264074295462602
"MEMORY_COPY","MEMORY_COPY_HOST_TO_DEVICE",0,"Agent 0","Agent 3",616,1264074295488682,1264074295495003
"MEMORY_COPY","MEMORY_COPY_HOST_TO_DEVICE",0,"Agent 0","Agent 3",618,1264074295515263,1264074295520303
"MEMORY_COPY","MEMORY_COPY_HOST_TO_DEVICE",0,"Agent 0","Agent 3",620,1264074295543293,1264074295549613
"MEMORY_COPY","MEMORY_COPY_HOST_TO_DEVICE",0,"Agent 0","Agent 3",622,1264074295569894,1264074295574974
"MEMORY_COPY","MEMORY_COPY_HOST_TO_DEVICE",0,"Agent 0","Agent 3",628,1264074295689085,1264074295697845
"MEMORY_COPY","MEMORY_COPY_HOST_TO_DEVICE",0,"Agent 0","Agent 3",632,1264074296836740,1264074297134384
"MEMORY_COPY","MEMORY_COPY_HOST_TO_DEVICE",0,"Agent 0","Agent 3",634,1264074297159865,1264074297165145
"MEMORY_COPY","MEMORY_COPY_HOST_TO_DEVICE",0,"Agent 0","Agent 3",636,1264074297185915,1264074297190595
"MEMORY_COPY","MEMORY_COPY_HOST_TO_DEVICE",0,"Agent 0","Agent 3",638,1264074299499416,1264074300093704
"MEMORY_COPY","MEMORY_COPY_HOST_TO_DEVICE",0,"Agent 0","Agent 3",638,1264074300257746,1264074300504309
"MEMORY_COPY","MEMORY_COPY_HOST_TO_DEVICE",0,"Agent 0","Agent 3",640,1264074300527950,1264074300532550
"MEMORY_COPY","MEMORY_COPY_HOST_TO_DEVICE",0,"Agent 0","Agent 3",642,1264074302856561,1264074303451089
"MEMORY_COPY","MEMORY_COPY_HOST_TO_DEVICE",0,"Agent 0","Agent 3",642,1264074303581960,1264074303828484
"MEMORY_COPY","MEMORY_COPY_HOST_TO_DEVICE",0,"Agent 0","Agent 3",644,1264074303852004,1264074303856724
"MEMORY_COPY","MEMORY_COPY_HOST_TO_DEVICE",0,"Agent 0","Agent 3",646,1264074306344587,1264074306938915
"MEMORY_COPY","MEMORY_COPY_HOST_TO_DEVICE",0,"Agent 0","Agent 3",646,1264074307142578,1264074307389141
"MEMORY_COPY","MEMORY_COPY_HOST_TO_DEVICE",0,"Agent 0","Agent 3",648,1264074307432232,1264074307438392
"MEMORY_COPY","MEMORY_COPY_HOST_TO_DEVICE",0,"Agent 0","Agent 3",650,1264074307475642,1264074307480882
"MEMORY_COPY","MEMORY_COPY_HOST_TO_DEVICE",0,"Agent 0","Agent 3",652,1264074309904015,1264074310495382
"MEMORY_COPY","MEMORY_COPY_HOST_TO_DEVICE",0,"Agent 0","Agent 3",654,1264074310519313,1264074310524593
"MEMORY_COPY","MEMORY_COPY_HOST_TO_DEVICE",0,"Agent 0","Agent 3",656,1264074310765536,1264074310818817
"MEMORY_COPY","MEMORY_COPY_HOST_TO_DEVICE",0,"Agent 0","Agent 3",658,1264074310839407,1264074310844447
"MEMORY_COPY","MEMORY_COPY_HOST_TO_DEVICE",0,"Agent 0","Agent 3",660,1264074311073850,1264074311127411
"MEMORY_COPY","MEMORY_COPY_HOST_TO_DEVICE",0,"Agent 0","Agent 3",662,1264074311148071,1264074311153111
"MEMORY_COPY","MEMORY_COPY_HOST_TO_DEVICE",0,"Agent 0","Agent 3",664,1264074312327007,1264074312624691
"MEMORY_COPY","MEMORY_COPY_HOST_TO_DEVICE",0,"Agent 0","Agent 3",666,1264074312648821,1264074312654261
"MEMORY_COPY","MEMORY_COPY_HOST_TO_DEVICE",0,"Agent 0","Agent 3",672,1264074312748673,1264074312752793
"MEMORY_COPY","MEMORY_COPY_HOST_TO_DEVICE",0,"Agent 0","Agent 3",674,1264074315358477,1264074315953045
"MEMORY_COPY","MEMORY_COPY_HOST_TO_DEVICE",0,"Agent 0","Agent 3",674,1264074316168958,1264074316415241
"MEMORY_COPY","MEMORY_COPY_HOST_TO_DEVICE",0,"Agent 0","Agent 3",676,1264074316438442,1264074316443322
"MEMORY_COPY","MEMORY_COPY_HOST_TO_DEVICE",0,"Agent 0","Agent 3",678,1264074319061687,1264074319656495
"MEMORY_COPY","MEMORY_COPY_HOST_TO_DEVICE",0,"Agent 0","Agent 3",678,1264074319837087,1264074320083890
"MEMORY_COPY","MEMORY_COPY_HOST_TO_DEVICE",0,"Agent 0","Agent 3",680,1264074320107511,1264074320112391
"MEMORY_COPY","MEMORY_COPY_HOST_TO_DEVICE",0,"Agent 0","Agent 3",682,1264074322344320,1264074322938688
"MEMORY_COPY","MEMORY_COPY_HOST_TO_DEVICE",0,"Agent 0","Agent 3",682,1264074323092350,1264074323339074
"MEMORY_COPY","MEMORY_COPY_HOST_TO_DEVICE",0,"Agent 0","Agent 3",684,1264074323382094,1264074323388494
"MEMORY_COPY","MEMORY_COPY_HOST_TO_DEVICE",0,"Agent 0","Agent 3",686,1264074323427377,1264074323432577
"MEMORY_COPY","MEMORY_COPY_HOST_TO_DEVICE",0,"Agent 0","Agent 3",688,1264074325469424,1264074325963470
"MEMORY_COPY","MEMORY_COPY_HOST_TO_DEVICE",0,"Agent 0","Agent 3",690,1264074325986461,1264074325991861
"MEMORY_COPY","MEMORY_COPY_HOST_TO_DEVICE",0,"Agent 0","Agent 3",692,1264074327090066,1264074327387590
"MEMORY_COPY","MEMORY_COPY_HOST_TO_DEVICE",0,"Agent 0","Agent 3",694,1264074327409630,1264074327414870
"MEMORY_COPY","MEMORY_COPY_HOST_TO_DEVICE",0,"Agent 0","Agent 3",696,1264074327440850,1264074327447290
"MEMORY_COPY","MEMORY_COPY_HOST_TO_DEVICE",0,"Agent 0","Agent 3",698,1264074327467981,1264074327472981
"MEMORY_COPY","MEMORY_COPY_HOST_TO_DEVICE",0,"Agent 0","Agent 3",700,1264074327491421,1264074327497821
"MEMORY_COPY","MEMORY_COPY_HOST_TO_DEVICE",0,"Agent 0","Agent 3",702,1264074327528842,1264074327533882
"MEMORY_COPY","MEMORY_COPY_HOST_TO_DEVICE",0,"Agent 0","Agent 3",708,1264074327670033,1264074327678874
"MEMORY_COPY","MEMORY_COPY_HOST_TO_DEVICE",0,"Agent 0","Agent 3",712,1264074328920060,1264074329217704
"MEMORY_COPY","MEMORY_COPY_HOST_TO_DEVICE",0,"Agent 0","Agent 3",714,1264074329243225,1264074329248465
"MEMORY_COPY","MEMORY_COPY_HOST_TO_DEVICE",0,"Agent 0","Agent 3",716,1264074329271935,1264074329276735
"MEMORY_COPY","MEMORY_COPY_HOST_TO_DEVICE",0,"Agent 0","Agent 3",718,1264074331884740,1264074332479028
"MEMORY_COPY","MEMORY_COPY_HOST_TO_DEVICE",0,"Agent 0","Agent 3",718,1264074332731331,1264074332978215
"MEMORY_COPY","MEMORY_COPY_HOST_TO_DEVICE",0,"Agent 0","Agent 3",720,1264074333001925,1264074333006685
"MEMORY_COPY","MEMORY_COPY_HOST_TO_DEVICE",0,"Agent 0","Agent 3",722,1264074335640481,1264074336234688
"MEMORY_COPY","MEMORY_COPY_HOST_TO_DEVICE",0,"Agent 0","Agent 3",722,1264074336511262,1264074336757706
"MEMORY_COPY","MEMORY_COPY_HOST_TO_DEVICE",0,"Agent 0","Agent 3",724,1264074336781666,1264074336786346
"MEMORY_COPY","MEMORY_COPY_HOST_TO_DEVICE",0,"Agent 0","Agent 3",726,1264074339358560,1264074339953408
"MEMORY_COPY","MEMORY_COPY_HOST_TO_DEVICE",0,"Agent 0","Agent 3",726,1264074340044070,1264074340290953
"MEMORY_COPY","MEMORY_COPY_HOST_TO_DEVICE",0,"Agent 0","Agent 3",728,1264074340334484,1264074340340604
"MEMORY_COPY","MEMORY_COPY_HOST_TO_DEVICE",0,"Agent 0","Agent 3",730,1264074340380164,1264074340385124
"MEMORY_COPY","MEMORY_COPY_HOST_TO_DEVICE",0,"Agent 0","Agent 3",732,1264074342415382,1264074342908788
"MEMORY_COPY","MEMORY_COPY_HOST_TO_DEVICE",0,"Agent 0","Agent 3",734,1264074342932628,1264074342937789
"MEMORY_COPY","MEMORY_COPY_HOST_TO_DEVICE",0,"Agent 0","Agent 3",736,1264074344080244,1264074344377848
"MEMORY_COPY","MEMORY_COPY_HOST_TO_DEVICE",0,"Agent 0","Agent 3",738,1264074344400588,1264074344405788
"MEMORY_COPY","MEMORY_COPY_HOST_TO_DEVICE",0,"Agent 0","Agent 3",740,1264074344431799,1264074344438239
"MEMORY_COPY","MEMORY_COPY_HOST_TO_DEVICE",0,"Agent 0","Agent 3",742,1264074344458469,1264074344463509
"MEMORY_COPY","MEMORY_COPY_HOST_TO_DEVICE",0,"Agent 0","Agent 3",744,1264074344477629,1264074344484069
"MEMORY_COPY","MEMORY_COPY_HOST_TO_DEVICE",0,"Agent 0","Agent 3",746,1264074344505850,1264074344510930
"MEMORY_COPY","MEMORY_COPY_HOST_TO_DEVICE",0,"Agent 0","Agent 3",752,1264074344700092,1264074344708892
"MEMORY_COPY","MEMORY_COPY_HOST_TO_DEVICE",0,"Agent 0","Agent 3",756,1264074345832887,1264074346130531
"MEMORY_COPY","MEMORY_COPY_HOST_TO_DEVICE",0,"Agent 0","Agent 3",758,1264074346155342,1264074346160662
"MEMORY_COPY","MEMORY_COPY_HOST_TO_DEVICE",0,"Agent 0","Agent 3",760,1264074346184602,1264074346188882
"MEMORY_COPY","MEMORY_COPY_HOST_TO_DEVICE",0,"Agent 0","Agent 3",762,1264074348555874,1264074349150682
"MEMORY_COPY","MEMORY_COPY_HOST_TO_DEVICE",0,"Agent 0","Agent 3",762,1264074349317574,1264074349563738
"MEMORY_COPY","MEMORY_COPY_HOST_TO_DEVICE",0,"Agent 0","Agent 3",764,1264074349587558,1264074349592318
"MEMORY_COPY","MEMORY_COPY_HOST_TO_DEVICE",0,"Agent 0","Agent 3",766,1264074352188033,1264074352781961
"MEMORY_COPY","MEMORY_COPY_HOST_TO_DEVICE",0,"Agent 0","Agent 3",766,1264074353028774,1264074353275417
"MEMORY_COPY","MEMORY_COPY_HOST_TO_DEVICE",0,"Agent 0","Agent 3",768,1264074353298838,1264074353303478
"MEMORY_COPY","MEMORY_COPY_HOST_TO_DEVICE",0,"Agent 0","Agent 3",770,1264074355615819,1264074356210547
"MEMORY_COPY","MEMORY_COPY_HOST_TO_DEVICE",0,"Agent 0","Agent 3",770,1264074356318848,1264074356565612
"MEMORY_COPY","MEMORY_COPY_HOST_TO_DEVICE",0,"Agent 0","Agent 3",772,1264074356609102,1264074356615382
"MEMORY_COPY","MEMORY_COPY_HOST_TO_DEVICE",0,"Agent 0","Agent 3",774,1264074356654753,1264074356660113
"MEMORY_COPY","MEMORY_COPY_HOST_TO_DEVICE",0,"Agent 0","Agent 3",776,1264074358628589,1264074359121676
"MEMORY_COPY","MEMORY_COPY_HOST_TO_DEVICE",0,"Agent 0","Agent 3",778,1264074359145476,1264074359150636
"MEMORY_COPY","MEMORY_COPY_HOST_TO_DEVICE",0,"Agent 0","Agent 3",780,1264074360397443,1264074360695167
"MEMORY_COPY","MEMORY_COPY_HOST_TO_DEVICE",0,"Agent 0","Agent 3",782,1264074360717897,1264074360723058
"MEMORY_COPY","MEMORY_COPY_HOST_TO_DEVICE",0,"Agent 0","Agent 3",784,1264074360749308,1264074360755668
"MEMORY_COPY","MEMORY_COPY_HOST_TO_DEVICE",0,"Agent 0","Agent 3",786,1264074360778108,1264074360783188
"MEMORY_COPY","MEMORY_COPY_HOST_TO_DEVICE",0,"Agent 0","Agent 3",788,1264074360803479,1264074360809839
"MEMORY_COPY","MEMORY_COPY_HOST_TO_DEVICE",0,"Agent 0","Agent 3",790,1264074360830349,1264074360835469
"MEMORY_COPY","MEMORY_COPY_HOST_TO_DEVICE",0,"Agent 0","Agent 3",796,1264074360955621,1264074360964421
"MEMORY_COPY","MEMORY_COPY_HOST_TO_DEVICE",0,"Agent 0","Agent 3",800,1264074362244648,1264074362542332
"MEMORY_COPY","MEMORY_COPY_HOST_TO_DEVICE",0,"Agent 0","Agent 3",802,1264074362566162,1264074362571482
"MEMORY_COPY","MEMORY_COPY_HOST_TO_DEVICE",0,"Agent 0","Agent 3",804,1264074362594283,1264074362598763
"MEMORY_COPY","MEMORY_COPY_HOST_TO_DEVICE",0,"Agent 0","Agent 3",806,1264074365015385,1264074365610153
"MEMORY_COPY","MEMORY_COPY_HOST_TO_DEVICE",0,"Agent 0","Agent 3",806,1264074365736205,1264074365982608
"MEMORY_COPY","MEMORY_COPY_HOST_TO_DEVICE",0,"Agent 0","Agent 3",808,1264074366012599,1264074366017719
"MEMORY_COPY","MEMORY_COPY_HOST_TO_DEVICE",0,"Agent 0","Agent 3",810,1264074368370190,1264074368964558
"MEMORY_COPY","MEMORY_COPY_HOST_TO_DEVICE",0,"Agent 0","Agent 3",810,1264074369099210,1264074369345893
"MEMORY_COPY","MEMORY_COPY_HOST_TO_DEVICE",0,"Agent 0","Agent 3",812,1264074369368964,1264074369373604
"MEMORY_COPY","MEMORY_COPY_HOST_TO_DEVICE",0,"Agent 0","Agent 3",814,1264074371932588,1264074372527036
"MEMORY_COPY","MEMORY_COPY_HOST_TO_DEVICE",0,"Agent 0","Agent 3",814,1264074372750499,1264074372996702
"MEMORY_COPY","MEMORY_COPY_HOST_TO_DEVICE",0,"Agent 0","Agent 3",816,1264074373041963,1264074373048123
"MEMORY_COPY","MEMORY_COPY_HOST_TO_DEVICE",0,"Agent 0","Agent 3",818,1264074373085054,1264074373090054
"MEMORY_COPY","MEMORY_COPY_HOST_TO_DEVICE",0,"Agent 0","Agent 3",820,1264074374720276,1264074375311044
"MEMORY_COPY","MEMORY_COPY_HOST_TO_DEVICE",0,"Agent 0","Agent 3",822,1264074375333514,1264074375338874
"MEMORY_COPY","MEMORY_COPY_HOST_TO_DEVICE",0,"Agent 0","Agent 3",824,1264074375584317,1264074375638278
"MEMORY_COPY","MEMORY_COPY_HOST_TO_DEVICE",0,"Agent 0","Agent 3",826,1264074375659168,1264074375664368
"MEMORY_COPY","MEMORY_COPY_HOST_TO_DEVICE",0,"Agent 0","Agent 3",828,1264074375888051,1264074375941292
"MEMORY_COPY","MEMORY_COPY_HOST_TO_DEVICE",0,"Agent 0","Agent 3",830,1264074375961812,1264074375967012
"MEMORY_COPY","MEMORY_COPY_HOST_TO_DEVICE",0,"Agent 0","Agent 3",832,1264074376848874,1264074377146558
"MEMORY_COPY","MEMORY_COPY_HOST_TO_DEVICE",0,"Agent 0","Agent 3",834,1264074377169839,1264074377175159
"MEMORY_COPY","MEMORY_COPY_HOST_TO_DEVICE",0,"Agent 0","Agent 3",840,1264074377269650,1264074377273690
"MEMORY_COPY","MEMORY_COPY_HOST_TO_DEVICE",0,"Agent 0","Agent 3",842,1264074379231966,1264074379827134
"MEMORY_COPY","MEMORY_COPY_HOST_TO_DEVICE",0,"Agent 0","Agent 3",842,1264074379831414,1264074380076418
"MEMORY_COPY","MEMORY_COPY_HOST_TO_DEVICE",0,"Agent 0","Agent 3",844,1264074380098398,1264074380103878
"MEMORY_COPY","MEMORY_COPY_HOST_TO_DEVICE",0,"Agent 0","Agent 3",846,1264074381997043,1264074382591651
"MEMORY_COPY","MEMORY_COPY_HOST_TO_DEVICE",0,"Agent 0","Agent 3",846,1264074382595971,1264074382841015
"MEMORY_COPY","MEMORY_COPY_HOST_TO_DEVICE",0,"Agent 0","Agent 3",848,1264074382866585,1264074382872025
"MEMORY_COPY","MEMORY_COPY_HOST_TO_DEVICE",0,"Agent 0","Agent 3",850,1264074385254517,1264074385849285
"MEMORY_COPY","MEMORY_COPY_HOST_TO_DEVICE",0,"Agent 0","Agent 3",850,1264074385853535,1264074386098938
"MEMORY_COPY","MEMORY_COPY_HOST_TO_DEVICE",0,"Agent 0","Agent 3",852,1264074386142158,1264074386149118
"MEMORY_COPY","MEMORY_COPY_HOST_TO_DEVICE",0,"Agent 0","Agent 3",854,1264074386186549,1264074386191829
"MEMORY_COPY","MEMORY_COPY_HOST_TO_DEVICE",0,"Agent 0","Agent 3",856,1264074387710389,1264074388204076
"MEMORY_COPY","MEMORY_COPY_HOST_TO_DEVICE",0,"Agent 0","Agent 3",858,1264074388227176,1264074388232536
"MEMORY_COPY","MEMORY_COPY_HOST_TO_DEVICE",0,"Agent 0","Agent 3",860,1264074389102288,1264074389399732
"MEMORY_COPY","MEMORY_COPY_HOST_TO_DEVICE",0,"Agent 0","Agent 3",862,1264074389422202,1264074389427362
"MEMORY_COPY","MEMORY_COPY_HOST_TO_DEVICE",0,"Agent 0","Agent 3",864,1264074389453232,1264074389459553
"MEMORY_COPY","MEMORY_COPY_HOST_TO_DEVICE",0,"Agent 0","Agent 3",866,1264074389481133,1264074389486173
"MEMORY_COPY","MEMORY_COPY_HOST_TO_DEVICE",0,"Agent 0","Agent 3",868,1264074389507013,1264074389513813
"MEMORY_COPY","MEMORY_COPY_HOST_TO_DEVICE",0,"Agent 0","Agent 3",870,1264074389534644,1264074389539644
"MEMORY_COPY","MEMORY_COPY_HOST_TO_DEVICE",0,"Agent 0","Agent 3",876,1264074389659855,1264074389668695
"MEMORY_COPY","MEMORY_COPY_HOST_TO_DEVICE",0,"Agent 0","Agent 3",880,1264074390599818,1264074390897542
"MEMORY_COPY","MEMORY_COPY_HOST_TO_DEVICE",0,"Agent 0","Agent 3",882,1264074390921322,1264074390926682
"MEMORY_COPY","MEMORY_COPY_HOST_TO_DEVICE",0,"Agent 0","Agent 3",884,1264074390948963,1264074390953083
"MEMORY_COPY","MEMORY_COPY_HOST_TO_DEVICE",0,"Agent 0","Agent 3",886,1264074392868618,1264074393463586
"MEMORY_COPY","MEMORY_COPY_HOST_TO_DEVICE",0,"Agent 0","Agent 3",886,1264074393467946,1264074393712870
"MEMORY_COPY","MEMORY_COPY_HOST_TO_DEVICE",0,"Agent 0","Agent 3",888,1264074393735310,1264074393740550
"MEMORY_COPY","MEMORY_COPY_HOST_TO_DEVICE",0,"Agent 0","Agent 3",890,1264074395713226,1264074396307634
"MEMORY_COPY","MEMORY_COPY_HOST_TO_DEVICE",0,"Agent 0","Agent 3",890,1264074396311914,1264074396557238
"MEMORY_COPY","MEMORY_COPY_HOST_TO_DEVICE",0,"Agent 0","Agent 3",892,1264074396579758,1264074396584998
"MEMORY_COPY","MEMORY_COPY_HOST_TO_DEVICE",0,"Agent 0","Agent 3",894,1264074398535274,1264074399130202
"MEMORY_COPY","MEMORY_COPY_HOST_TO_DEVICE",0,"Agent 0","Agent 3",894,1264074399134562,1264074399379766
"MEMORY_COPY","MEMORY_COPY_HOST_TO_DEVICE",0,"Agent 0","Agent 3",896,1264074399421416,1264074399428256
"MEMORY_COPY","MEMORY_COPY_HOST_TO_DEVICE",0,"Agent 0","Agent 3",898,1264074399466487,1264074399471687
"MEMORY_COPY","MEMORY_COPY_HOST_TO_DEVICE",0,"Agent 0","Agent 3",900,1264074401016778,1264074401510384
"MEMORY_COPY","MEMORY_COPY_HOST_TO_DEVICE",0,"Agent 0","Agent 3",902,1264074401533174,1264074401538374
"MEMORY_COPY","MEMORY_COPY_HOST_TO_DEVICE",0,"Agent 0","Agent 3",904,1264074402545118,1264074402842842
"MEMORY_COPY","MEMORY_COPY_HOST_TO_DEVICE",0,"Agent 0","Agent 3",906,1264074402864922,1264074402870042
"MEMORY_COPY","MEMORY_COPY_HOST_TO_DEVICE",0,"Agent 0","Agent 3",908,1264074402895563,1264074402901883
"MEMORY_COPY","MEMORY_COPY_HOST_TO_DEVICE",0,"Agent 0","Agent 3",910,1264074402994244,1264074402998924
"MEMORY_COPY","MEMORY_COPY_HOST_TO_DEVICE",0,"Agent 0","Agent 3",912,1264074403026104,1264074403033105
"MEMORY_COPY","MEMORY_COPY_HOST_TO_DEVICE",0,"Agent 0","Agent 3",914,1264074403054615,1264074403059215
"MEMORY_COPY","MEMORY_COPY_HOST_TO_DEVICE",0,"Agent 0","Agent 3",920,1264074403178866,1264074403188027
"MEMORY_COPY","MEMORY_COPY_HOST_TO_DEVICE",0,"Agent 0","Agent 3",924,1264074404129359,1264074404427043
"MEMORY_COPY","MEMORY_COPY_HOST_TO_DEVICE",0,"Agent 0","Agent 3",926,1264074404450714,1264074404456114
"MEMORY_COPY","MEMORY_COPY_HOST_TO_DEVICE",0,"Agent 0","Agent 3",928,1264074404477684,1264074404481884
"MEMORY_COPY","MEMORY_COPY_HOST_TO_DEVICE",0,"Agent 0","Agent 3",930,1264074406163417,1264074406758424
"MEMORY_COPY","MEMORY_COPY_HOST_TO_DEVICE",0,"Agent 0","Agent 3",930,1264074406762705,1264074407008068
"MEMORY_COPY","MEMORY_COPY_HOST_TO_DEVICE",0,"Agent 0","Agent 3",932,1264074407030528,1264074407035768
"MEMORY_COPY","MEMORY_COPY_HOST_TO_DEVICE",0,"Agent 0","Agent 3",934,1264074408695960,1264074409290768
"MEMORY_COPY","MEMORY_COPY_HOST_TO_DEVICE",0,"Agent 0","Agent 3",934,1264074409295169,1264074409540052
"MEMORY_COPY","MEMORY_COPY_HOST_TO_DEVICE",0,"Agent 0","Agent 3",936,1264074409562172,1264074409567452
"MEMORY_COPY","MEMORY_COPY_HOST_TO_DEVICE",0,"Agent 0","Agent 3",938,1264074411484888,1264074412079496
"MEMORY_COPY","MEMORY_COPY_HOST_TO_DEVICE",0,"Agent 0","Agent 3",938,1264074412083776,1264074412328899
"MEMORY_COPY","MEMORY_COPY_HOST_TO_DEVICE",0,"Agent 0","Agent 3",940,1264074412370120,1264074412376920
"MEMORY_COPY","MEMORY_COPY_HOST_TO_DEVICE",0,"Agent 0","Agent 3",942,1264074412414920,1264074412419640
"MEMORY_COPY","MEMORY_COPY_HOST_TO_DEVICE",0,"Agent 0","Agent 3",944,1264074413566866,1264074414059912
"MEMORY_COPY","MEMORY_COPY_HOST_TO_DEVICE",0,"Agent 0","Agent 3",946,1264074414082213,1264074414087373
"MEMORY_COPY","MEMORY_COPY_HOST_TO_DEVICE",0,"Agent 0","Agent 3",948,1264074414763082,1264074415060566
"MEMORY_COPY","MEMORY_COPY_HOST_TO_DEVICE",0,"Agent 0","Agent 3",950,1264074415082596,1264074415087876
"MEMORY_COPY","MEMORY_COPY_HOST_TO_DEVICE",0,"Agent 0","Agent 3",952,1264074415114257,1264074415120577
"MEMORY_COPY","MEMORY_COPY_HOST_TO_DEVICE",0,"Agent 0","Agent 3",954,1264074415141217,1264074415146297
"MEMORY_COPY","MEMORY_COPY_HOST_TO_DEVICE",0,"Agent 0","Agent 3",956,1264074415166817,1264074415173137
"MEMORY_COPY","MEMORY_COPY_HOST_TO_DEVICE",0,"Agent 0","Agent 3",958,1264074415192598,1264074415197638
"MEMORY_COPY","MEMORY_COPY_HOST_TO_DEVICE",0,"Agent 0","Agent 3",964,1264074415309899,1264074415318699
"MEMORY_COPY","MEMORY_COPY_HOST_TO_DEVICE",0,"Agent 0","Agent 3",968,1264074416158961,1264074416456325
"MEMORY_COPY","MEMORY_COPY_HOST_TO_DEVICE",0,"Agent 0","Agent 3",970,1264074416480685,1264074416485925
"MEMORY_COPY","MEMORY_COPY_HOST_TO_DEVICE",0,"Agent 0","Agent 3",972,1264074416507335,1264074416511655
"MEMORY_COPY","MEMORY_COPY_HOST_TO_DEVICE",0,"Agent 0","Agent 3",974,1264074417898064,1264074418492912
"MEMORY_COPY","MEMORY_COPY_HOST_TO_DEVICE",0,"Agent 0","Agent 3",974,1264074418497312,1264074418742155
"MEMORY_COPY","MEMORY_COPY_HOST_TO_DEVICE",0,"Agent 0","Agent 3",976,1264074418764685,1264074418769926
"MEMORY_COPY","MEMORY_COPY_HOST_TO_DEVICE",0,"Agent 0","Agent 3",978,1264074420133514,1264074420728402
"MEMORY_COPY","MEMORY_COPY_HOST_TO_DEVICE",0,"Agent 0","Agent 3",978,1264074420732962,1264074420977965
"MEMORY_COPY","MEMORY_COPY_HOST_TO_DEVICE",0,"Agent 0","Agent 3",980,1264074421000465,1264074421005986
"MEMORY_COPY","MEMORY_COPY_HOST_TO_DEVICE",0,"Agent 0","Agent 3",982,1264074422561586,1264074423156434
"MEMORY_COPY","MEMORY_COPY_HOST_TO_DEVICE",0,"Agent 0","Agent 3",982,1264074423160714,1264074423405518
"MEMORY_COPY","MEMORY_COPY_HOST_TO_DEVICE",0,"Agent 0","Agent 3",984,1264074423447868,1264074423453748
"MEMORY_COPY","MEMORY_COPY_HOST_TO_DEVICE",0,"Agent 0","Agent 3",986,1264074423489459,1264074423494339
"MEMORY_COPY","MEMORY_COPY_HOST_TO_DEVICE",0,"Agent 0","Agent 3",988,1264074424610664,1264074425201712
"MEMORY_COPY","MEMORY_COPY_HOST_TO_DEVICE",0,"Agent 0","Agent 3",990,1264074425224212,1264074425229492
"MEMORY_COPY","MEMORY_COPY_HOST_TO_DEVICE",0,"Agent 0","Agent 3",992,1264074425432565,1264074425486246
"MEMORY_COPY","MEMORY_COPY_HOST_TO_DEVICE",0,"Agent 0","Agent 3",994,1264074425506916,1264074425511956
"MEMORY_COPY","MEMORY_COPY_HOST_TO_DEVICE",0,"Agent 0","Agent 3",996,1264074425692188,1264074425745349
"MEMORY_COPY","MEMORY_COPY_HOST_TO_DEVICE",0,"Agent 0","Agent 3",998,1264074425766519,1264074425771559
"MEMORY_COPY","MEMORY_COPY_HOST_TO_DEVICE",0,"Agent 0","Agent 3",1000,1264074426391318,1264074426688922
"MEMORY_COPY","MEMORY_COPY_HOST_TO_DEVICE",0,"Agent 0","Agent 3",1002,1264074426711962,1264074426717242
"MEMORY_COPY","MEMORY_COPY_HOST_TO_DEVICE",0,"Agent 0","Agent 3",1008,1264074426811453,1264074426815653
"MEMORY_COPY","MEMORY_COPY_HOST_TO_DEVICE",0,"Agent 0","Agent 3",1010,1264074428108441,1264074428703409
"MEMORY_COPY","MEMORY_COPY_HOST_TO_DEVICE",0,"Agent 0","Agent 3",1010,1264074428707729,1264074428952772
"MEMORY_COPY","MEMORY_COPY_HOST_TO_DEVICE",0,"Agent 0","Agent 3",1012,1264074428974732,1264074428980252
"MEMORY_COPY","MEMORY_COPY_HOST_TO_DEVICE",0,"Agent 0","Agent 3",1014,1264074430313400,1264074430908048
"MEMORY_COPY","MEMORY_COPY_HOST_TO_DEVICE",0,"Agent 0","Agent 3",1014,1264074430912288,1264074431157532
"MEMORY_COPY","MEMORY_COPY_HOST_TO_DEVICE",0,"Agent 0","Agent 3",1016,1264074431179572,1264074431185052
"MEMORY_COPY","MEMORY_COPY_HOST_TO_DEVICE",0,"Agent 0","Agent 3",1018,1264074432511470,1264074433105958
"MEMORY_COPY","MEMORY_COPY_HOST_TO_DEVICE",0,"Agent 0","Agent 3",1018,1264074433110158,1264074433355201
"MEMORY_COPY","MEMORY_COPY_HOST_TO_DEVICE",0,"Agent 0","Agent 3",1020,1264074433396002,1264074433403002
"MEMORY_COPY","MEMORY_COPY_HOST_TO_DEVICE",0,"Agent 0","Agent 3",1022,1264074433439772,1264074433444652
"MEMORY_COPY","MEMORY_COPY_HOST_TO_DEVICE",0,"Agent 0","Agent 3",1024,1264074434384045,1264074434877292
"MEMORY_COPY","MEMORY_COPY_HOST_TO_DEVICE",0,"Agent 0","Agent 3",1026,1264074434899382,1264074434904782
"MEMORY_COPY","MEMORY_COPY_HOST_TO_DEVICE",0,"Agent 0","Agent 3",1028,1264074435463729,1264074435761253
"MEMORY_COPY","MEMORY_COPY_HOST_TO_DEVICE",0,"Agent 0","Agent 3",1030,1264074435782574,1264074435787814
"MEMORY_COPY","MEMORY_COPY_HOST_TO_DEVICE",0,"Agent 0","Agent 3",1032,1264074435806654,1264074435813054
"MEMORY_COPY","MEMORY_COPY_HOST_TO_DEVICE",0,"Agent 0","Agent 3",1034,1264074435833534,1264074435838654
"MEMORY_COPY","MEMORY_COPY_HOST_TO_DEVICE",0,"Agent 0","Agent 3",1036,1264074435852415,1264074435858855
"MEMORY_COPY","MEMORY_COPY_HOST_TO_DEVICE",0,"Agent 0","Agent 3",1038,1264074435878955,1264074435883995
"MEMORY_COPY","MEMORY_COPY_HOST_TO_DEVICE",0,"Agent 0","Agent 3",1044,1264074436001337,1264074436010137
"MEMORY_COPY","MEMORY_COPY_HOST_TO_DEVICE",0,"Agent 0","Agent 3",1048,1264074436602195,1264074436899799
"MEMORY_COPY","MEMORY_COPY_HOST_TO_DEVICE",0,"Agent 0","Agent 3",1050,1264074436922739,1264074436928059
"MEMORY_COPY","MEMORY_COPY_HOST_TO_DEVICE",0,"Agent 0","Agent 3",1052,1264074436954529,1264074436958809
"MEMORY_COPY","MEMORY_COPY_HOST_TO_DEVICE",0,"Agent 0","Agent 3",1054,1264074438236377,1264074438831345
"MEMORY_COPY","MEMORY_COPY_HOST_TO_DEVICE",0,"Agent 0","Agent 3",1054,1264074438835585,1264074439080508
"MEMORY_COPY","MEMORY_COPY_HOST_TO_DEVICE",0,"Agent 0","Agent 3",1056,1264074439104688,1264074439109968
"MEMORY_COPY","MEMORY_COPY_HOST_TO_DEVICE",0,"Agent 0","Agent 3",1058,1264074440304304,1264074440898992
"MEMORY_COPY","MEMORY_COPY_HOST_TO_DEVICE",0,"Agent 0","Agent 3",1058,1264074440903312,1264074441148436
"MEMORY_COPY","MEMORY_COPY_HOST_TO_DEVICE",0,"Agent 0","Agent 3",1060,1264074441170756,1264074441176036
"MEMORY_COPY","MEMORY_COPY_HOST_TO_DEVICE",0,"Agent 0","Agent 3",1062,1264074442431093,1264074443025941
"MEMORY_COPY","MEMORY_COPY_HOST_TO_DEVICE",0,"Agent 0","Agent 3",1062,1264074443030261,1264074443275504
"MEMORY_COPY","MEMORY_COPY_HOST_TO_DEVICE",0,"Agent 0","Agent 3",1064,1264074443396466,1264074443402906
"MEMORY_COPY","MEMORY_COPY_HOST_TO_DEVICE",0,"Agent 0","Agent 3",1066,1264074443441666,1264074443446626
"MEMORY_COPY","MEMORY_COPY_HOST_TO_DEVICE",0,"Agent 0","Agent 3",1068,1264074444416659,1264074444909626
"MEMORY_COPY","MEMORY_COPY_HOST_TO_DEVICE",0,"Agent 0","Agent 3",1070,1264074444932766,1264074444937966
"MEMORY_COPY","MEMORY_COPY_HOST_TO_DEVICE",0,"Agent 0","Agent 3",1072,1264074445536654,1264074445834698
"MEMORY_COPY","MEMORY_COPY_HOST_TO_DEVICE",0,"Agent 0","Agent 3",1074,1264074445856379,1264074445861659
"MEMORY_COPY","MEMORY_COPY_HOST_TO_DEVICE",0,"Agent 0","Agent 3",1076,1264074445881899,1264074445888219
"MEMORY_COPY","MEMORY_COPY_HOST_TO_DEVICE",0,"Agent 0","Agent 3",1078,1264074445908929,1264074445913890
"MEMORY_COPY","MEMORY_COPY_HOST_TO_DEVICE",0,"Agent 0","Agent 3",1080,1264074445927810,1264074445934170
"MEMORY_COPY","MEMORY_COPY_HOST_TO_DEVICE",0,"Agent 0","Agent 3",1082,1264074445958030,1264074445963390
"MEMORY_COPY","MEMORY_COPY_HOST_TO_DEVICE",0,"Agent 0","Agent 3",1088,1264074446081662,1264074446090542
"MEMORY_COPY","MEMORY_COPY_HOST_TO_DEVICE",0,"Agent 0","Agent 3",1092,1264074446778621,1264074447076225
"MEMORY_COPY","MEMORY_COPY_HOST_TO_DEVICE",0,"Agent 0","Agent 3",1094,1264074447105015,1264074447110336
"MEMORY_COPY","MEMORY_COPY_HOST_TO_DEVICE",0,"Agent 0","Agent 3",1096,1264074447134786,1264074447138946
"MEMORY_COPY","MEMORY_COPY_HOST_TO_DEVICE",0,"Agent 0","Agent 3",1098,1264074448541695,1264074449136222
"MEMORY_COPY","MEMORY_COPY_HOST_TO_DEVICE",0,"Agent 0","Agent 3",1098,1264074449141342,1264074449386385
"MEMORY_COPY","MEMORY_COPY_HOST_TO_DEVICE",0,"Agent 0","Agent 3",1100,1264074449409515,1264074449414835
"MEMORY_COPY","MEMORY_COPY_HOST_TO_DEVICE",0,"Agent 0","Agent 3",1102,1264074451135338,1264074451730906
"MEMORY_COPY","MEMORY_COPY_HOST_TO_DEVICE",0,"Agent 0","Agent 3",1102,1264074451735146,1264074451980229
"MEMORY_COPY","MEMORY_COPY_HOST_TO_DEVICE",0,"Agent 0","Agent 3",1104,1264074452003300,1264074452008620
"MEMORY_COPY","MEMORY_COPY_HOST_TO_DEVICE",0,"Agent 0","Agent 3",1106,1264074453243596,1264074453839684
"MEMORY_COPY","MEMORY_COPY_HOST_TO_DEVICE",0,"Agent 0","Agent 3",1106,1264074453843924,1264074454088927
"MEMORY_COPY","MEMORY_COPY_HOST_TO_DEVICE",0,"Agent 0","Agent 3",1108,1264074454129928,1264074454136688
"MEMORY_COPY","MEMORY_COPY_HOST_TO_DEVICE",0,"Agent 0","Agent 3",1110,1264074454175359,1264074454179719
"MEMORY_COPY","MEMORY_COPY_HOST_TO_DEVICE",0,"Agent 0","Agent 3",1112,1264074455514996,1264074456008043
"MEMORY_COPY","MEMORY_COPY_HOST_TO_DEVICE",0,"Agent 0","Agent 3",1114,1264074456031083,1264074456036363
"MEMORY_COPY","MEMORY_COPY_HOST_TO_DEVICE",0,"Agent 0","Agent 3",1116,1264074456758523,1264074457056047
"MEMORY_COPY","MEMORY_COPY_HOST_TO_DEVICE",0,"Agent 0","Agent 3",1118,1264074457078727,1264074457083927
"MEMORY_COPY","MEMORY_COPY_HOST_TO_DEVICE",0,"Agent 0","Agent 3",1120,1264074457110868,1264074457117628
"MEMORY_COPY","MEMORY_COPY_HOST_TO_DEVICE",0,"Agent 0","Agent 3",1122,1264074457139048,1264074457144048
"MEMORY_COPY","MEMORY_COPY_HOST_TO_DEVICE",0,"Agent 0","Agent 3",1124,1264074457166358,1264074457172799
"MEMORY_COPY","MEMORY_COPY_HOST_TO_DEVICE",0,"Agent 0","Agent 3",1126,1264074457195839,1264074457200879
"MEMORY_COPY","MEMORY_COPY_HOST_TO_DEVICE",0,"Agent 0","Agent 3",1132,1264074457316470,1264074457325271
"MEMORY_COPY","MEMORY_COPY_HOST_TO_DEVICE",0,"Agent 0","Agent 3",1136,1264074458058460,1264074458355904
"MEMORY_COPY","MEMORY_COPY_HOST_TO_DEVICE",0,"Agent 0","Agent 3",1138,1264074458379535,1264074458384815
"MEMORY_COPY","MEMORY_COPY_HOST_TO_DEVICE",0,"Agent 0","Agent 3",1140,1264074458408345,1264074458412625
"MEMORY_COPY","MEMORY_COPY_HOST_TO_DEVICE",0,"Agent 0","Agent 3",1142,1264074459795563,1264074460389931
"MEMORY_COPY","MEMORY_COPY_HOST_TO_DEVICE",0,"Agent 0","Agent 3",1142,1264074460394251,1264074460639255
"MEMORY_COPY","MEMORY_COPY_HOST_TO_DEVICE",0,"Agent 0","Agent 3",1144,1264074460661775,1264074460667055
"MEMORY_COPY","MEMORY_COPY_HOST_TO_DEVICE",0,"Agent 0","Agent 3",1146,1264074461886401,1264074462480689
"MEMORY_COPY","MEMORY_COPY_HOST_TO_DEVICE",0,"Agent 0","Agent 3",1146,1264074462485049,1264074462729973
"MEMORY_COPY","MEMORY_COPY_HOST_TO_DEVICE",0,"Agent 0","Agent 3",1148,1264074462753123,1264074462758443
"MEMORY_COPY","MEMORY_COPY_HOST_TO_DEVICE",0,"Agent 0","Agent 3",1150,1264074464195272,1264074464789440
"MEMORY_COPY","MEMORY_COPY_HOST_TO_DEVICE",0,"Agent 0","Agent 3",1150,1264074464793800,1264074465038763
"MEMORY_COPY","MEMORY_COPY_HOST_TO_DEVICE",0,"Agent 0","Agent 3",1152,1264074465081324,1264074465087244
"MEMORY_COPY","MEMORY_COPY_HOST_TO_DEVICE",0,"Agent 0","Agent 3",1154,1264074465125544,1264074465130385
"MEMORY_COPY","MEMORY_COPY_HOST_TO_DEVICE",0,"Agent 0","Agent 3",1156,1264074466266690,1264074466857218
"MEMORY_COPY","MEMORY_COPY_HOST_TO_DEVICE",0,"Agent 0","Agent 3",1158,1264074466885468,1264074466890748
"MEMORY_COPY","MEMORY_COPY_HOST_TO_DEVICE",0,"Agent 0","Agent 3",1160,1264074467083821,1264074467137021
"MEMORY_COPY","MEMORY_COPY_HOST_TO_DEVICE",0,"Agent 0","Agent 3",1162,1264074467157732,1264074467162732
"MEMORY_COPY","MEMORY_COPY_HOST_TO_DEVICE",0,"Agent 0","Agent 3",1164,1264074467313184,1264074467366264
"MEMORY_COPY","MEMORY_COPY_HOST_TO_DEVICE",0,"Agent 0","Agent 3",1166,1264074467386675,1264074467391675
"MEMORY_COPY","MEMORY_COPY_HOST_TO_DEVICE",0,"Agent 0","Agent 3",1168,1264074467982423,1264074468280346
"MEMORY_COPY","MEMORY_COPY_HOST_TO_DEVICE",0,"Agent 0","Agent 3",1170,1264074468302857,1264074468308137
"MEMORY_COPY","MEMORY_COPY_HOST_TO_DEVICE",0,"Agent 0","Agent 3",1176,1264074468405778,1264074468409938
"MEMORY_COPY","MEMORY_COPY_HOST_TO_DEVICE",0,"Agent 0","Agent 3",1178,1264074469620184,1264074470215072
"MEMORY_COPY","MEMORY_COPY_HOST_TO_DEVICE",0,"Agent 0","Agent 3",1178,1264074470219432,1264074470464596
"MEMORY_COPY","MEMORY_COPY_HOST_TO_DEVICE",0,"Agent 0","Agent 3",1180,1264074470487976,1264074470493056
"MEMORY_COPY","MEMORY_COPY_HOST_TO_DEVICE",0,"Agent 0","Agent 3",1182,1264074471697942,1264074472294070
"MEMORY_COPY","MEMORY_COPY_HOST_TO_DEVICE",0,"Agent 0","Agent 3",1182,1264074472298390,1264074472543393
"MEMORY_COPY","MEMORY_COPY_HOST_TO_DEVICE",0,"Agent 0","Agent 3",1184,1264074472566004,1264074472571044
"MEMORY_COPY","MEMORY_COPY_HOST_TO_DEVICE",0,"Agent 0","Agent 3",1186,1264074473777790,1264074474374038
"MEMORY_COPY","MEMORY_COPY_HOST_TO_DEVICE",0,"Agent 0","Agent 3",1186,1264074474378358,1264074474623441
"MEMORY_COPY","MEMORY_COPY_HOST_TO_DEVICE",0,"Agent 0","Agent 3",1188,1264074474662622,1264074474668422
"MEMORY_COPY","MEMORY_COPY_HOST_TO_DEVICE",0,"Agent 0","Agent 3",1190,1264074474706192,1264074474710872
"MEMORY_COPY","MEMORY_COPY_HOST_TO_DEVICE",0,"Agent 0","Agent 3",1192,1264074475637994,1264074476131641
"MEMORY_COPY","MEMORY_COPY_HOST_TO_DEVICE",0,"Agent 0","Agent 3",1194,1264074476153401,1264074476158841
"MEMORY_COPY","MEMORY_COPY_HOST_TO_DEVICE",0,"Agent 0","Agent 3",1196,1264074476686648,1264074476984132
"MEMORY_COPY","MEMORY_COPY_HOST_TO_DEVICE",0,"Agent 0","Agent 3",1198,1264074477004703,1264074477009863
"MEMORY_COPY","MEMORY_COPY_HOST_TO_DEVICE",0,"Agent 0","Agent 3",1200,1264074477030423,1264074477036703
"MEMORY_COPY","MEMORY_COPY_HOST_TO_DEVICE",0,"Agent 0","Agent 3",1202,1264074477056393,1264074477061433
"MEMORY_COPY","MEMORY_COPY_HOST_TO_DEVICE",0,"Agent 0","Agent 3",1204,1264074477075194,1264074477081514
"MEMORY_COPY","MEMORY_COPY_HOST_TO_DEVICE",0,"Agent 0","Agent 3",1206,1264074477103224,1264074477108264
"MEMORY_COPY","MEMORY_COPY_HOST_TO_DEVICE",0,"Agent 0","Agent 3",1212,1264074477297247,1264074477306047
"MEMORY_COPY","MEMORY_COPY_HOST_TO_DEVICE",0,"Agent 0","Agent 3",1216,1264074477863634,1264074478161478
"MEMORY_COPY","MEMORY_COPY_HOST_TO_DEVICE",0,"Agent 0","Agent 3",1218,1264074478185618,1264074478191019
"MEMORY_COPY","MEMORY_COPY_HOST_TO_DEVICE",0,"Agent 0","Agent 3",1220,1264074478215679,1264074478219999
"MEMORY_COPY","MEMORY_COPY_HOST_TO_DEVICE",0,"Agent 0","Agent 3",1222,1264074479430315,1264074480024523
"MEMORY_COPY","MEMORY_COPY_HOST_TO_DEVICE",0,"Agent 0","Agent 3",1222,1264074480028963,1264074480274086
"MEMORY_COPY","MEMORY_COPY_HOST_TO_DEVICE",0,"Agent 0","Agent 3",1224,1264074480296587,1264074480301947
"MEMORY_COPY","MEMORY_COPY_HOST_TO_DEVICE",0,"Agent 0","Agent 3",1226,1264074481502033,1264074482096921
"MEMORY_COPY","MEMORY_COPY_HOST_TO_DEVICE",0,"Agent 0","Agent 3",1226,1264074482101281,1264074482346244
"MEMORY_COPY","MEMORY_COPY_HOST_TO_DEVICE",0,"Agent 0","Agent 3",1228,1264074482369304,1264074482374144
"MEMORY_COPY","MEMORY_COPY_HOST_TO_DEVICE",0,"Agent 0","Agent 3",1230,1264074483588150,1264074484182598
"MEMORY_COPY","MEMORY_COPY_HOST_TO_DEVICE",0,"Agent 0","Agent 3",1230,1264074484186878,1264074484431922
"MEMORY_COPY","MEMORY_COPY_HOST_TO_DEVICE",0,"Agent 0","Agent 3",1232,1264074484480652,1264074484487492
"MEMORY_COPY","MEMORY_COPY_HOST_TO_DEVICE",0,"Agent 0","Agent 3",1234,1264074484527083,1264074484531923
"MEMORY_COPY","MEMORY_COPY_HOST_TO_DEVICE",0,"Agent 0","Agent 3",1236,1264074485403995,1264074485896641
"MEMORY_COPY","MEMORY_COPY_HOST_TO_DEVICE",0,"Agent 0","Agent 3",1238,1264074485918991,1264074485924152
"MEMORY_COPY","MEMORY_COPY_HOST_TO_DEVICE",0,"Agent 0","Agent 3",1240,1264074486478479,1264074486775883
"MEMORY_COPY","MEMORY_COPY_HOST_TO_DEVICE",0,"Agent 0","Agent 3",1242,1264074486796743,1264074486801943
"MEMORY_COPY","MEMORY_COPY_HOST_TO_DEVICE",0,"Agent 0","Agent 3",1244,1264074486830034,1264074486836314
"MEMORY_COPY","MEMORY_COPY_HOST_TO_DEVICE",0,"Agent 0","Agent 3",1246,1264074486856414,1264074486861454
"MEMORY_COPY","MEMORY_COPY_HOST_TO_DEVICE",0,"Agent 0","Agent 3",1248,1264074486883344,1264074486889624
"MEMORY_COPY","MEMORY_COPY_HOST_TO_DEVICE",0,"Agent 0","Agent 3",1250,1264074486910675,1264074486915795
"MEMORY_COPY","MEMORY_COPY_HOST_TO_DEVICE",0,"Agent 0","Agent 3",1256,1264074487035976,1264074487044776
"MEMORY_COPY","MEMORY_COPY_HOST_TO_DEVICE",0,"Agent 0","Agent 3",1260,1264074487611844,1264074487909208
"MEMORY_COPY","MEMORY_COPY_HOST_TO_DEVICE",0,"Agent 0","Agent 3",1262,1264074487931018,1264074487936258
"MEMORY_COPY","MEMORY_COPY_HOST_TO_DEVICE",0,"Agent 0","Agent 3",1264,1264074487964409,1264074487968569
"MEMORY_COPY","MEMORY_COPY_HOST_TO_DEVICE",0,"Agent 0","Agent 3",1266,1264074489222215,1264074489816983
"MEMORY_COPY","MEMORY_COPY_HOST_TO_DEVICE",0,"Agent 0","Agent 3",1266,1264074489821223,1264074490065987
"MEMORY_COPY","MEMORY_COPY_HOST_TO_DEVICE",0,"Agent 0","Agent 3",1268,1264074490087827,1264074490092747
"MEMORY_COPY","MEMORY_COPY_HOST_TO_DEVICE",0,"Agent 0","Agent 3",1270,1264074491309163,1264074491905851
"MEMORY_COPY","MEMORY_COPY_HOST_TO_DEVICE",0,"Agent 0","Agent 3",1270,1264074491910091,1264074492155135
"MEMORY_COPY","MEMORY_COPY_HOST_TO_DEVICE",0,"Agent 0","Agent 3",1272,1264074492177555,1264074492182435
"MEMORY_COPY","MEMORY_COPY_HOST_TO_DEVICE",0,"Agent 0","Agent 3",1274,1264074493425051,1264074494019619
"MEMORY_COPY","MEMORY_COPY_HOST_TO_DEVICE",0,"Agent 0","Agent 3",1274,1264074494023939,1264074494269023
"MEMORY_COPY","MEMORY_COPY_HOST_TO_DEVICE",0,"Agent 0","Agent 3",1276,1264074494308353,1264074494314953
"MEMORY_COPY","MEMORY_COPY_HOST_TO_DEVICE",0,"Agent 0","Agent 3",1278,1264074494351614,1264074494356094
"MEMORY_COPY","MEMORY_COPY_HOST_TO_DEVICE",0,"Agent 0","Agent 3",1280,1264074495281956,1264074495775163
"MEMORY_COPY","MEMORY_COPY_HOST_TO_DEVICE",0,"Agent 0","Agent 3",1282,1264074495796333,1264074495801453
"MEMORY_COPY","MEMORY_COPY_HOST_TO_DEVICE",0,"Agent 0","Agent 3",1284,1264074496328620,1264074496628024
"MEMORY_COPY","MEMORY_COPY_HOST_TO_DEVICE",0,"Agent 0","Agent 3",1286,1264074496648714,1264074496653834
"MEMORY_COPY","MEMORY_COPY_HOST_TO_DEVICE",0,"Agent 0","Agent 3",1288,1264074496679535,1264074496685775
"MEMORY_COPY","MEMORY_COPY_HOST_TO_DEVICE",0,"Agent 0","Agent 3",1290,1264074496707325,1264074496712285
"MEMORY_COPY","MEMORY_COPY_HOST_TO_DEVICE",0,"Agent 0","Agent 3",1292,1264074496732936,1264074496739576
"MEMORY_COPY","MEMORY_COPY_HOST_TO_DEVICE",0,"Agent 0","Agent 3",1294,1264074496758986,1264074496763986
"MEMORY_COPY","MEMORY_COPY_HOST_TO_DEVICE",0,"Agent 0","Agent 3",1300,1264074496883928,1264074496892728
"MEMORY_COPY","MEMORY_COPY_HOST_TO_DEVICE",0,"Agent 0","Agent 3",1304,1264074497449635,1264074497747079
"MEMORY_COPY","MEMORY_COPY_HOST_TO_DEVICE",0,"Agent 0","Agent 3",1306,1264074497768979,1264074497774339
"MEMORY_COPY","MEMORY_COPY_HOST_TO_DEVICE",0,"Agent 0","Agent 3",1308,1264074497798280,1264074497802520
"MEMORY_COPY","MEMORY_COPY_HOST_TO_DEVICE",0,"Agent 0","Agent 3",1310,1264074498997226,1264074499593274
"MEMORY_COPY","MEMORY_COPY_HOST_TO_DEVICE",0,"Agent 0","Agent 3",1310,1264074499597594,1264074499842757
"MEMORY_COPY","MEMORY_COPY_HOST_TO_DEVICE",0,"Agent 0","Agent 3",1312,1264074499865027,1264074499869747
"MEMORY_COPY","MEMORY_COPY_HOST_TO_DEVICE",0,"Agent 0","Agent 3",1314,1264074501096434,1264074501690522
"MEMORY_COPY","MEMORY_COPY_HOST_TO_DEVICE",0,"Agent 0","Agent 3",1314,1264074501694842,1264074501939965
"MEMORY_COPY","MEMORY_COPY_HOST_TO_DEVICE",0,"Agent 0","Agent 3",1316,1264074501962105,1264074501966945
"MEMORY_COPY","MEMORY_COPY_HOST_TO_DEVICE",0,"Agent 0","Agent 3",1318,1264074503168961,1264074503763249
"MEMORY_COPY","MEMORY_COPY_HOST_TO_DEVICE",0,"Agent 0","Agent 3",1318,1264074503767529,1264074504012452
"MEMORY_COPY","MEMORY_COPY_HOST_TO_DEVICE",0,"Agent 0","Agent 3",1320,1264074504060943,1264074504067343
"MEMORY_COPY","MEMORY_COPY_HOST_TO_DEVICE",0,"Agent 0","Agent 3",1322,1264074504105854,1264074504110534
"MEMORY_COPY","MEMORY_COPY_HOST_TO_DEVICE",0,"Agent 0","Agent 3",1324,1264074505117917,1264074505708965
"MEMORY_COPY","MEMORY_COPY_HOST_TO_DEVICE",0,"Agent 0","Agent 3",1326,1264074505740535,1264074505745656
"MEMORY_COPY","MEMORY_COPY_HOST_TO_DEVICE",0,"Agent 0","Agent 3",1328,1264074505912688,1264074505965928
"MEMORY_COPY","MEMORY_COPY_HOST_TO_DEVICE",0,"Agent 0","Agent 3",1330,1264074505985569,1264074505990649
"MEMORY_COPY","MEMORY_COPY_HOST_TO_DEVICE",0,"Agent 0","Agent 3",1332,1264074506206902,1264074506259982
"MEMORY_COPY","MEMORY_COPY_HOST_TO_DEVICE",0,"Agent 0","Agent 3",1334,1264074506279763,1264074506284883
"MEMORY_COPY","MEMORY_COPY_HOST_TO_DEVICE",0,"Agent 0","Agent 3",1336,1264074506811810,1264074507109374
"MEMORY_COPY","MEMORY_COPY_HOST_TO_DEVICE",0,"Agent 0","Agent 3",1338,1264074507131244,1264074507136524
"MEMORY_COPY","MEMORY_COPY_HOST_TO_DEVICE",0,"Agent 0","Agent 3",1344,1264074507235725,1264074507239845
"MEMORY_COPY","MEMORY_COPY_HOST_TO_DEVICE",0,"Agent 0","Agent 3",1346,1264074508460672,1264074509055840
"MEMORY_COPY","MEMORY_COPY_HOST_TO_DEVICE",0,"Agent 0","Agent 3",1346,1264074509060120,1264074509305363
"MEMORY_COPY","MEMORY_COPY_HOST_TO_DEVICE",0,"Agent 0","Agent 3",1348,1264074509326523,1264074509332043
"MEMORY_COPY","MEMORY_COPY_HOST_TO_DEVICE",0,"Agent 0","Agent 3",1350,1264074510560370,1264074511155138
"MEMORY_COPY","MEMORY_COPY_HOST_TO_DEVICE",0,"Agent 0","Agent 3",1350,1264074511159618,1264074511404621
"MEMORY_COPY","MEMORY_COPY_HOST_TO_DEVICE",0,"Agent 0","Agent 3",1352,1264074511426901,1264074511432141
"MEMORY_COPY","MEMORY_COPY_HOST_TO_DEVICE",0,"Agent 0","Agent 3",1354,1264074512657606,1264074513253894
"MEMORY_COPY","MEMORY_COPY_HOST_TO_DEVICE",0,"Agent 0","Agent 3",1354,1264074513260614,1264074513505737
"MEMORY_COPY","MEMORY_COPY_HOST_TO_DEVICE",0,"Agent 0","Agent 3",1356,1264074513544687,1264074513550567
"MEMORY_COPY","MEMORY_COPY_HOST_TO_DEVICE",0,"Agent 0","Agent 3",1358,1264074513587508,1264074513592228
"MEMORY_COPY","MEMORY_COPY_HOST_TO_DEVICE",0,"Agent 0","Agent 3",1360,1264074514488390,1264074514981957
"MEMORY_COPY","MEMORY_COPY_HOST_TO_DEVICE",0,"Agent 0","Agent 3",1362,1264074515002557,1264074515008077
"MEMORY_COPY","MEMORY_COPY_HOST_TO_DEVICE",0,"Agent 0","Agent 3",1364,1264074515546274,1264074515844238
"MEMORY_COPY","MEMORY_COPY_HOST_TO_DEVICE",0,"Agent 0","Agent 3",1366,1264074515864528,1264074515869688
"MEMORY_COPY","MEMORY_COPY_HOST_TO_DEVICE",0,"Agent 0","Agent 3",1368,1264074515967360,1264074515973920
"MEMORY_COPY","MEMORY_COPY_HOST_TO_DEVICE",0,"Agent 0","Agent 3",1370,1264074515993870,1264074515998870
"MEMORY_COPY","MEMORY_COPY_HOST_TO_DEVICE",0,"Agent 0","Agent 3",1372,1264074516023350,1264074516029751
"MEMORY_COPY","MEMORY_COPY_HOST_TO_DEVICE",0,"Agent 0","Agent 3",1374,1264074516049991,1264074516055031
"MEMORY_COPY","MEMORY_COPY_HOST_TO_DEVICE",0,"Agent 0","Agent 3",1380,1264074516168492,1264074516177173
"MEMORY_COPY","MEMORY_COPY_HOST_TO_DEVICE",0,"Agent 0","Agent 3",1384,1264074516723670,1264074517021234
"MEMORY_COPY","MEMORY_COPY_HOST_TO_DEVICE",0,"Agent 0","Agent 3",1386,1264074517042914,1264074517048194
"MEMORY_COPY","MEMORY_COPY_HOST_TO_DEVICE",0,"Agent 0","Agent 3",1388,1264074517070805,1264074517075045
"MEMORY_COPY","MEMORY_COPY_HOST_TO_DEVICE",0,"Agent 0","Agent 3",1390,1264074518272871,1264074518867799
"MEMORY_COPY","MEMORY_COPY_HOST_TO_DEVICE",0,"Agent 0","Agent 3",1390,1264074518872199,1264074519117282
"MEMORY_COPY","MEMORY_COPY_HOST_TO_DEVICE",0,"Agent 0","Agent 3",1392,1264074519139002,1264074519143802
"MEMORY_COPY","MEMORY_COPY_HOST_TO_DEVICE",0,"Agent 0","Agent 3",1394,1264074520330508,1264074520927196
"MEMORY_COPY","MEMORY_COPY_HOST_TO_DEVICE",0,"Agent 0","Agent 3",1394,1264074520931556,1264074521176679
"MEMORY_COPY","MEMORY_COPY_HOST_TO_DEVICE",0,"Agent 0","Agent 3",1396,1264074521197120,1264074521202000
"MEMORY_COPY","MEMORY_COPY_HOST_TO_DEVICE",0,"Agent 0","Agent 3",1398,1264074522377845,1264074522973693
"MEMORY_COPY","MEMORY_COPY_HOST_TO_DEVICE",0,"Agent 0","Agent 3",1398,1264074522978014,1264074523223097
"MEMORY_COPY","MEMORY_COPY_HOST_TO_DEVICE",0,"Agent 0","Agent 3",1400,1264074523274557,1264074523281238
"MEMORY_COPY","MEMORY_COPY_HOST_TO_DEVICE",0,"Agent 0","Agent 3",1402,1264074523330048,1264074523334928
"MEMORY_COPY","MEMORY_COPY_HOST_TO_DEVICE",0,"Agent 0","Agent 3",1404,1264074524238520,1264074524731327
"MEMORY_COPY","MEMORY_COPY_HOST_TO_DEVICE",0,"Agent 0","Agent 3",1406,1264074524753037,1264074524758197
"MEMORY_COPY","MEMORY_COPY_HOST_TO_DEVICE",0,"Agent 0","Agent 3",1408,1264074525290284,1264074525587888
"MEMORY_COPY","MEMORY_COPY_HOST_TO_DEVICE",0,"Agent 0","Agent 3",1410,1264074525609239,1264074525614399
"MEMORY_COPY","MEMORY_COPY_HOST_TO_DEVICE",0,"Agent 0","Agent 3",1412,1264074525639699,1264074525645979
"MEMORY_COPY","MEMORY_COPY_HOST_TO_DEVICE",0,"Agent 0","Agent 3",1414,1264074525667760,1264074525672800
"MEMORY_COPY","MEMORY_COPY_HOST_TO_DEVICE",0,"Agent 0","Agent 3",1416,1264074525692670,1264074525698990
"MEMORY_COPY","MEMORY_COPY_HOST_TO_DEVICE",0,"Agent 0","Agent 3",1418,1264074525719010,1264074525724250
"MEMORY_COPY","MEMORY_COPY_HOST_TO_DEVICE",0,"Agent 0","Agent 3",1424,1264074525842432,1264074525851272
"MEMORY_COPY","MEMORY_COPY_HOST_TO_DEVICE",0,"Agent 0","Agent 3",1428,1264074526451860,1264074526749384
"MEMORY_COPY","MEMORY_COPY_HOST_TO_DEVICE",0,"Agent 0","Agent 3",1430,1264074526771354,1264074526776714
"MEMORY_COPY","MEMORY_COPY_HOST_TO_DEVICE",0,"Agent 0","Agent 3",1432,1264074526800615,1264074526804895
"MEMORY_COPY","MEMORY_COPY_HOST_TO_DEVICE",0,"Agent 0","Agent 3",1434,1264074528054601,1264074528649609
"MEMORY_COPY","MEMORY_COPY_HOST_TO_DEVICE",0,"Agent 0","Agent 3",1434,1264074528653849,1264074528898773
"MEMORY_COPY","MEMORY_COPY_HOST_TO_DEVICE",0,"Agent 0","Agent 3",1436,1264074528920953,1264074528925633
"MEMORY_COPY","MEMORY_COPY_HOST_TO_DEVICE",0,"Agent 0","Agent 3",1438,1264074530313492,1264074530910780
"MEMORY_COPY","MEMORY_COPY_HOST_TO_DEVICE",0,"Agent 0","Agent 3",1438,1264074530915060,1264074531159863
"MEMORY_COPY","MEMORY_COPY_HOST_TO_DEVICE",0,"Agent 0","Agent 3",1440,1264074531182393,1264074531187273
"MEMORY_COPY","MEMORY_COPY_HOST_TO_DEVICE",0,"Agent 0","Agent 3",1442,1264074532546402,1264074533142449
"MEMORY_COPY","MEMORY_COPY_HOST_TO_DEVICE",0,"Agent 0","Agent 3",1442,1264074533146770,1264074533391773
"MEMORY_COPY","MEMORY_COPY_HOST_TO_DEVICE",0,"Agent 0","Agent 3",1444,1264074533445304,1264074533451944
"MEMORY_COPY","MEMORY_COPY_HOST_TO_DEVICE",0,"Agent 0","Agent 3",1446,1264074533489754,1264074533494434
"MEMORY_COPY","MEMORY_COPY_HOST_TO_DEVICE",0,"Agent 0","Agent 3",1448,1264074534548768,1264074535042255
"MEMORY_COPY","MEMORY_COPY_HOST_TO_DEVICE",0,"Agent 0","Agent 3",1450,1264074535064205,1264074535069525
"MEMORY_COPY","MEMORY_COPY_HOST_TO_DEVICE",0,"Agent 0","Agent 3",1452,1264074535636633,1264074535933837
"MEMORY_COPY","MEMORY_COPY_HOST_TO_DEVICE",0,"Agent 0","Agent 3",1454,1264074535954427,1264074535959587
"MEMORY_COPY","MEMORY_COPY_HOST_TO_DEVICE",0,"Agent 0","Agent 3",1456,1264074535987168,1264074535993488
"MEMORY_COPY","MEMORY_COPY_HOST_TO_DEVICE",0,"Agent 0","Agent 3",1458,1264074536016068,1264074536021028
"MEMORY_COPY","MEMORY_COPY_HOST_TO_DEVICE",0,"Agent 0","Agent 3",1460,1264074536041788,1264074536048188
"MEMORY_COPY","MEMORY_COPY_HOST_TO_DEVICE",0,"Agent 0","Agent 3",1462,1264074536069389,1264074536074469
"MEMORY_COPY","MEMORY_COPY_HOST_TO_DEVICE",0,"Agent 0","Agent 3",1468,1264074536189630,1264074536198390
"MEMORY_COPY","MEMORY_COPY_HOST_TO_DEVICE",0,"Agent 0","Agent 3",1472,1264074536829539,1264074537127583
"MEMORY_COPY","MEMORY_COPY_HOST_TO_DEVICE",0,"Agent 0","Agent 3",1474,1264074537150173,1264074537155453
"MEMORY_COPY","MEMORY_COPY_HOST_TO_DEVICE",0,"Agent 0","Agent 3",1476,1264074537179443,1264074537183684
"MEMORY_COPY","MEMORY_COPY_HOST_TO_DEVICE",0,"Agent 0","Agent 3",1478,1264074538874596,1264074539469644
"MEMORY_COPY","MEMORY_COPY_HOST_TO_DEVICE",0,"Agent 0","Agent 3",1478,1264074539473884,1264074539719327
"MEMORY_COPY","MEMORY_COPY_HOST_TO_DEVICE",0,"Agent 0","Agent 3",1480,1264074539742148,1264074539747468
"MEMORY_COPY","MEMORY_COPY_HOST_TO_DEVICE",0,"Agent 0","Agent 3",1482,1264074541482821,1264074542077789
"MEMORY_COPY","MEMORY_COPY_HOST_TO_DEVICE",0,"Agent 0","Agent 3",1482,1264074542082109,1264074542327192
"MEMORY_COPY","MEMORY_COPY_HOST_TO_DEVICE",0,"Agent 0","Agent 3",1484,1264074542348763,1264074542354043
"MEMORY_COPY","MEMORY_COPY_HOST_TO_DEVICE",0,"Agent 0","Agent 3",1486,1264074543792612,1264074544387300
"MEMORY_COPY","MEMORY_COPY_HOST_TO_DEVICE",0,"Agent 0","Agent 3",1486,1264074544391540,1264074544636903
"MEMORY_COPY","MEMORY_COPY_HOST_TO_DEVICE",0,"Agent 0","Agent 3",1488,1264074544675804,1264074544681884
"MEMORY_COPY","MEMORY_COPY_HOST_TO_DEVICE",0,"Agent 0","Agent 3",1490,1264074544718574,1264074544723494
"MEMORY_COPY","MEMORY_COPY_HOST_TO_DEVICE",0,"Agent 0","Agent 3",1492,1264074545750618,1264074546341546
"MEMORY_COPY","MEMORY_COPY_HOST_TO_DEVICE",0,"Agent 0","Agent 3",1494,1264074546364356,1264074546369596
"MEMORY_COPY","MEMORY_COPY_HOST_TO_DEVICE",0,"Agent 0","Agent 3",1496,1264074546551319,1264074546605040
"MEMORY_COPY","MEMORY_COPY_HOST_TO_DEVICE",0,"Agent 0","Agent 3",1498,1264074546625120,1264074546630160
"MEMORY_COPY","MEMORY_COPY_HOST_TO_DEVICE",0,"Agent 0","Agent 3",1500,1264074546821562,1264074546874683
"MEMORY_COPY","MEMORY_COPY_HOST_TO_DEVICE",0,"Agent 0","Agent 3",1502,1264074546894873,1264074546899954
"MEMORY_COPY","MEMORY_COPY_HOST_TO_DEVICE",0,"Agent 0","Agent 3",1504,1264074547420770,1264074547718214
"MEMORY_COPY","MEMORY_COPY_HOST_TO_DEVICE",0,"Agent 0","Agent 3",1506,1264074547740905,1264074547746225
"MEMORY_COPY","MEMORY_COPY_HOST_TO_DEVICE",0,"Agent 0","Agent 3",1512,1264074547845546,1264074547849786
"MEMORY_COPY","MEMORY_COPY_HOST_TO_DEVICE",0,"Agent 0","Agent 3",1514,1264074549058322,1264074549652890
"MEMORY_COPY","MEMORY_COPY_HOST_TO_DEVICE",0,"Agent 0","Agent 3",1514,1264074549657370,1264074549902294
"MEMORY_COPY","MEMORY_COPY_HOST_TO_DEVICE",0,"Agent 0","Agent 3",1516,1264074549923404,1264074549928484
"MEMORY_COPY","MEMORY_COPY_HOST_TO_DEVICE",0,"Agent 0","Agent 3",1518,1264074551104950,1264074551699518
"MEMORY_COPY","MEMORY_COPY_HOST_TO_DEVICE",0,"Agent 0","Agent 3",1518,1264074551703758,1264074551948601
"MEMORY_COPY","MEMORY_COPY_HOST_TO_DEVICE",0,"Agent 0","Agent 3",1520,1264074551969711,1264074551974831
"MEMORY_COPY","MEMORY_COPY_HOST_TO_DEVICE",0,"Agent 0","Agent 3",1522,1264074553401240,1264074553996168
"MEMORY_COPY","MEMORY_COPY_HOST_TO_DEVICE",0,"Agent 0","Agent 3",1522,1264074554000409,1264074554245052
"MEMORY_COPY","MEMORY_COPY_HOST_TO_DEVICE",0,"Agent 0","Agent 3",1524,1264074554363893,1264074554370613
"MEMORY_COPY","MEMORY_COPY_HOST_TO_DEVICE",0,"Agent 0","Agent 3",1526,1264074554407954,1264074554412994
"MEMORY_COPY","MEMORY_COPY_HOST_TO_DEVICE",0,"Agent 0","Agent 3",1528,1264074555259215,1264074555752902
"MEMORY_COPY","MEMORY_COPY_HOST_TO_DEVICE",0,"Agent 0","Agent 3",1530,1264074555774182,1264074555779342
"MEMORY_COPY","MEMORY_COPY_HOST_TO_DEVICE",0,"Agent 0","Agent 3",1532,1264074556389030,1264074556686314
"MEMORY_COPY","MEMORY_COPY_HOST_TO_DEVICE",0,"Agent 0","Agent 3",1534,1264074556706155,1264074556711355
"MEMORY_COPY","MEMORY_COPY_HOST_TO_DEVICE",0,"Agent 0","Agent 3",1536,1264074556732705,1264074556739105
"MEMORY_COPY","MEMORY_COPY_HOST_TO_DEVICE",0,"Agent 0","Agent 3",1538,1264074556758705,1264074556763745
"MEMORY_COPY","MEMORY_COPY_HOST_TO_DEVICE",0,"Agent 0","Agent 3",1540,1264074556781266,1264074556787666
"MEMORY_COPY","MEMORY_COPY_HOST_TO_DEVICE",0,"Agent 0","Agent 3",1542,1264074556806596,1264074556811676
"MEMORY_COPY","MEMORY_COPY_HOST_TO_DEVICE",0,"Agent 0","Agent 3",1548,1264074556926708,1264074556935508
"MEMORY_COPY","MEMORY_COPY_HOST_TO_DEVICE",0,"Agent 0","Agent 3",1552,1264074557508175,1264074557805699
"MEMORY_COPY","MEMORY_COPY_HOST_TO_DEVICE",0,"Agent 0","Agent 3",1554,1264074557827490,1264074557832770
"MEMORY_COPY","MEMORY_COPY_HOST_TO_DEVICE",0,"Agent 0","Agent 3",1556,1264074557855280,1264074557859480
"MEMORY_COPY","MEMORY_COPY_HOST_TO_DEVICE",0,"Agent 0","Agent 3",1558,1264074559187198,1264074559782166
"MEMORY_COPY","MEMORY_COPY_HOST_TO_DEVICE",0,"Agent 0","Agent 3",1558,1264074559786446,1264074560031729
"MEMORY_COPY","MEMORY_COPY_HOST_TO_DEVICE",0,"Agent 0","Agent 3",1560,1264074560053089,1264074560058330
"MEMORY_COPY","MEMORY_COPY_HOST_TO_DEVICE",0,"Agent 0","Agent 3",1562,1264074561261336,1264074561857424
"MEMORY_COPY","MEMORY_COPY_HOST_TO_DEVICE",0,"Agent 0","Agent 3",1562,1264074561861704,1264074562106747
"MEMORY_COPY","MEMORY_COPY_HOST_TO_DEVICE",0,"Agent 0","Agent 3",1564,1264074562128007,1264074562133367
"MEMORY_COPY","MEMORY_COPY_HOST_TO_DEVICE",0,"Agent 0","Agent 3",1566,1264074563559556,1264074564154204
"MEMORY_COPY","MEMORY_COPY_HOST_TO_DEVICE",0,"Agent 0","Agent 3",1566,1264074564158484,1264074564403768
"MEMORY_COPY","MEMORY_COPY_HOST_TO_DEVICE",0,"Agent 0","Agent 3",1568,1264074564454268,1264074564461148
"MEMORY_COPY","MEMORY_COPY_HOST_TO_DEVICE",0,"Agent 0","Agent 3",1570,1264074564499109,1264074564503509
"MEMORY_COPY","MEMORY_COPY_HOST_TO_DEVICE",0,"Agent 0","Agent 3",1572,1264074565350200,1264074565842767
"MEMORY_COPY","MEMORY_COPY_HOST_TO_DEVICE",0,"Agent 0","Agent 3",1574,1264074565863797,1264074565869117
"MEMORY_COPY","MEMORY_COPY_HOST_TO_DEVICE",0,"Agent 0","Agent 3",1576,1264074566392424,1264074566689988
"MEMORY_COPY","MEMORY_COPY_HOST_TO_DEVICE",0,"Agent 0","Agent 3",1578,1264074566711499,1264074566716699
"MEMORY_COPY","MEMORY_COPY_HOST_TO_DEVICE",0,"Agent 0","Agent 3",1580,1264074566743169,1264074566749489
"MEMORY_COPY","MEMORY_COPY_HOST_TO_DEVICE",0,"Agent 0","Agent 3",1582,1264074566768939,1264074566774099
"MEMORY_COPY","MEMORY_COPY_HOST_TO_DEVICE",0,"Agent 0","Agent 3",1584,1264074566794830,1264074566801150
"MEMORY_COPY","MEMORY_COPY_HOST_TO_DEVICE",0,"Agent 0","Agent 3",1586,1264074566820300,1264074566825340
"MEMORY_COPY","MEMORY_COPY_HOST_TO_DEVICE",0,"Agent 0","Agent 3",1592,1264074566939942,1264074566948742
"MEMORY_COPY","MEMORY_COPY_HOST_TO_DEVICE",0,"Agent 0","Agent 3",1596,1264074567500159,1264074567797603
"MEMORY_COPY","MEMORY_COPY_HOST_TO_DEVICE",0,"Agent 0","Agent 3",1598,1264074567819803,1264074567825083
"MEMORY_COPY","MEMORY_COPY_HOST_TO_DEVICE",0,"Agent 0","Agent 3",1600,1264074567848874,1264074567853354
"MEMORY_COPY","MEMORY_COPY_HOST_TO_DEVICE",0,"Agent 0","Agent 3",1602,1264074569118681,1264074569713609
"MEMORY_COPY","MEMORY_COPY_HOST_TO_DEVICE",0,"Agent 0","Agent 3",1602,1264074569717889,1264074569963012
"MEMORY_COPY","MEMORY_COPY_HOST_TO_DEVICE",0,"Agent 0","Agent 3",1604,1264074569984152,1264074569989472
"MEMORY_COPY","MEMORY_COPY_HOST_TO_DEVICE",0,"Agent 0","Agent 3",1606,1264074571417771,1264074572014139
"MEMORY_COPY","MEMORY_COPY_HOST_TO_DEVICE",0,"Agent 0","Agent 3",1606,1264074572018420,1264074572263543
"MEMORY_COPY","MEMORY_COPY_HOST_TO_DEVICE",0,"Agent 0","Agent 3",1608,1264074572285283,1264074572290523
"MEMORY_COPY","MEMORY_COPY_HOST_TO_DEVICE",0,"Agent 0","Agent 3",1610,1264074573518540,1264074574113308
"MEMORY_COPY","MEMORY_COPY_HOST_TO_DEVICE",0,"Agent 0","Agent 3",1610,1264074574117548,1264074574362631
"MEMORY_COPY","MEMORY_COPY_HOST_TO_DEVICE",0,"Agent 0","Agent 3",1612,1264074574411072,1264074574417912
"MEMORY_COPY","MEMORY_COPY_HOST_TO_DEVICE",0,"Agent 0","Agent 3",1614,1264074574455482,1264074574460322
"MEMORY_COPY","MEMORY_COPY_HOST_TO_DEVICE",0,"Agent 0","Agent 3",1616,1264074575656446,1264074576150132
"MEMORY_COPY","MEMORY_COPY_HOST_TO_DEVICE",0,"Agent 0","Agent 3",1618,1264074576174112,1264074576179392
"MEMORY_COPY","MEMORY_COPY_HOST_TO_DEVICE",0,"Agent 0","Agent 3",1620,1264074576859681,1264074577156885
"MEMORY_COPY","MEMORY_COPY_HOST_TO_DEVICE",0,"Agent 0","Agent 3",1622,1264074577177145,1264074577182385
"MEMORY_COPY","MEMORY_COPY_HOST_TO_DEVICE",0,"Agent 0","Agent 3",1624,1264074577208146,1264074577214506
"MEMORY_COPY","MEMORY_COPY_HOST_TO_DEVICE",0,"Agent 0","Agent 3",1626,1264074577233916,1264074577238956
"MEMORY_COPY","MEMORY_COPY_HOST_TO_DEVICE",0,"Agent 0","Agent 3",1628,1264074577258746,1264074577265066
"MEMORY_COPY","MEMORY_COPY_HOST_TO_DEVICE",0,"Agent 0","Agent 3",1630,1264074577284677,1264074577289677
"MEMORY_COPY","MEMORY_COPY_HOST_TO_DEVICE",0,"Agent 0","Agent 3",1636,1264074577402738,1264074577411498
"MEMORY_COPY","MEMORY_COPY_HOST_TO_DEVICE",0,"Agent 0","Agent 3",1640,1264074578190169,1264074578487813
"MEMORY_COPY","MEMORY_COPY_HOST_TO_DEVICE",0,"Agent 0","Agent 3",1642,1264074578510353,1264074578515633
"MEMORY_COPY","MEMORY_COPY_HOST_TO_DEVICE",0,"Agent 0","Agent 3",1644,1264074578539193,1264074578544473
"MEMORY_COPY","MEMORY_COPY_HOST_TO_DEVICE",0,"Agent 0","Agent 3",1646,1264074579755690,1264074580350538
"MEMORY_COPY","MEMORY_COPY_HOST_TO_DEVICE",0,"Agent 0","Agent 3",1646,1264074580354818,1264074580599861
"MEMORY_COPY","MEMORY_COPY_HOST_TO_DEVICE",0,"Agent 0","Agent 3",1648,1264074580621841,1264074580626681
"MEMORY_COPY","MEMORY_COPY_HOST_TO_DEVICE",0,"Agent 0","Agent 3",1650,1264074581944119,1264074582538687
"MEMORY_COPY","MEMORY_COPY_HOST_TO_DEVICE",0,"Agent 0","Agent 3",1650,1264074582542967,1264074582788170
"MEMORY_COPY","MEMORY_COPY_HOST_TO_DEVICE",0,"Agent 0","Agent 3",1652,1264074582810110,1264074582814950
"MEMORY_COPY","MEMORY_COPY_HOST_TO_DEVICE",0,"Agent 0","Agent 3",1654,1264074584194809,1264074584791257
"MEMORY_COPY","MEMORY_COPY_HOST_TO_DEVICE",0,"Agent 0","Agent 3",1654,1264074584795537,1264074585040580
"MEMORY_COPY","MEMORY_COPY_HOST_TO_DEVICE",0,"Agent 0","Agent 3",1656,1264074585156562,1264074585162922
"MEMORY_COPY","MEMORY_COPY_HOST_TO_DEVICE",0,"Agent 0","Agent 3",1658,1264074585206372,1264074585211412
"MEMORY_COPY","MEMORY_COPY_HOST_TO_DEVICE",0,"Agent 0","Agent 3",1660,1264074586925255,1264074587516423
"MEMORY_COPY","MEMORY_COPY_HOST_TO_DEVICE",0,"Agent 0","Agent 3",1662,1264074587539103,1264074587544263
"MEMORY_COPY","MEMORY_COPY_HOST_TO_DEVICE",0,"Agent 0","Agent 3",1664,1264074587751756,1264074587805157
"MEMORY_COPY","MEMORY_COPY_HOST_TO_DEVICE",0,"Agent 0","Agent 3",1666,1264074587824827,1264074587829867
"MEMORY_COPY","MEMORY_COPY_HOST_TO_DEVICE",0,"Agent 0","Agent 3",1668,1264074588043110,1264074588096271
"MEMORY_COPY","MEMORY_COPY_HOST_TO_DEVICE",0,"Agent 0","Agent 3",1670,1264074588116261,1264074588121341
"MEMORY_COPY","MEMORY_COPY_HOST_TO_DEVICE",0,"Agent 0","Agent 3",1672,1264074588969133,1264074589266656
"MEMORY_COPY","MEMORY_COPY_HOST_TO_DEVICE",0,"Agent 0","Agent 3",1674,1264074589289517,1264074589294797
"MEMORY_COPY","MEMORY_COPY_HOST_TO_DEVICE",0,"Agent 0","Agent 3",1680,1264074589414598,1264074589418678
"MEMORY_COPY","MEMORY_COPY_HOST_TO_DEVICE",0,"Agent 0","Agent 3",1682,1264074591143392,1264074591738759
"MEMORY_COPY","MEMORY_COPY_HOST_TO_DEVICE",0,"Agent 0","Agent 3",1682,1264074591743000,1264074591988283
"MEMORY_COPY","MEMORY_COPY_HOST_TO_DEVICE",0,"Agent 0","Agent 3",1684,1264074592011413,1264074592016853
"MEMORY_COPY","MEMORY_COPY_HOST_TO_DEVICE",0,"Agent 0","Agent 3",1686,1264074593713006,1264074594309534
"MEMORY_COPY","MEMORY_COPY_HOST_TO_DEVICE",0,"Agent 0","Agent 3",1686,1264074594313894,1264074594558977
"MEMORY_COPY","MEMORY_COPY_HOST_TO_DEVICE",0,"Agent 0","Agent 3",1688,1264074594581037,1264074594586117
"MEMORY_COPY","MEMORY_COPY_HOST_TO_DEVICE",0,"Agent 0","Agent 3",1690,1264074596111958,1264074596706846
"MEMORY_COPY","MEMORY_COPY_HOST_TO_DEVICE",0,"Agent 0","Agent 3",1690,1264074596711086,1264074596956369
"MEMORY_COPY","MEMORY_COPY_HOST_TO_DEVICE",0,"Agent 0","Agent 3",1692,1264074596995820,1264074597002740
"MEMORY_COPY","MEMORY_COPY_HOST_TO_DEVICE",0,"Agent 0","Agent 3",1694,1264074597040310,1264074597045310
"MEMORY_COPY","MEMORY_COPY_HOST_TO_DEVICE",0,"Agent 0","Agent 3",1696,1264074598397168,1264074598891495
"MEMORY_COPY","MEMORY_COPY_HOST_TO_DEVICE",0,"Agent 0","Agent 3",1698,1264074598912825,1264074598918425
"MEMORY_COPY","MEMORY_COPY_HOST_TO_DEVICE",0,"Agent 0","Agent 3",1700,1264074599710396,1264074600007880
"MEMORY_COPY","MEMORY_COPY_HOST_TO_DEVICE",0,"Agent 0","Agent 3",1702,1264074600029150,1264074600034270
"MEMORY_COPY","MEMORY_COPY_HOST_TO_DEVICE",0,"Agent 0","Agent 3",1704,1264074600060650,1264074600067011
"MEMORY_COPY","MEMORY_COPY_HOST_TO_DEVICE",0,"Agent 0","Agent 3",1706,1264074600086871,1264074600091871
"MEMORY_COPY","MEMORY_COPY_HOST_TO_DEVICE",0,"Agent 0","Agent 3",1708,1264074600114291,1264074600120611
"MEMORY_COPY","MEMORY_COPY_HOST_TO_DEVICE",0,"Agent 0","Agent 3",1710,1264074600140302,1264074600145342
"MEMORY_COPY","MEMORY_COPY_HOST_TO_DEVICE",0,"Agent 0","Agent 3",1716,1264074600260333,1264074600269133
"MEMORY_COPY","MEMORY_COPY_HOST_TO_DEVICE",0,"Agent 0","Agent 3",1720,1264074601205386,1264074601503110
"MEMORY_COPY","MEMORY_COPY_HOST_TO_DEVICE",0,"Agent 0","Agent 3",1722,1264074601525240,1264074601530520
"MEMORY_COPY","MEMORY_COPY_HOST_TO_DEVICE",0,"Agent 0","Agent 3",1724,1264074601554710,1264074601558870
"MEMORY_COPY","MEMORY_COPY_HOST_TO_DEVICE",0,"Agent 0","Agent 3",1726,1264074603317914,1264074603912682
"MEMORY_COPY","MEMORY_COPY_HOST_TO_DEVICE",0,"Agent 0","Agent 3",1726,1264074603916962,1264074604162045
"MEMORY_COPY","MEMORY_COPY_HOST_TO_DEVICE",0,"Agent 0","Agent 3",1728,1264074604184176,1264074604189056
"MEMORY_COPY","MEMORY_COPY_HOST_TO_DEVICE",0,"Agent 0","Agent 3",1730,1264074605983890,1264074606579017
"MEMORY_COPY","MEMORY_COPY_HOST_TO_DEVICE",0,"Agent 0","Agent 3",1730,1264074606583258,1264074606828541
"MEMORY_COPY","MEMORY_COPY_HOST_TO_DEVICE",0,"Agent 0","Agent 3",1732,1264074606851281,1264074606856081
"MEMORY_COPY","MEMORY_COPY_HOST_TO_DEVICE",0,"Agent 0","Agent 3",1734,1264074608696396,1264074609290804
"MEMORY_COPY","MEMORY_COPY_HOST_TO_DEVICE",0,"Agent 0","Agent 3",1734,1264074609295124,1264074609540007
"MEMORY_COPY","MEMORY_COPY_HOST_TO_DEVICE",0,"Agent 0","Agent 3",1736,1264074609622938,1264074609629618
"MEMORY_COPY","MEMORY_COPY_HOST_TO_DEVICE",0,"Agent 0","Agent 3",1738,1264074609668109,1264074609673229
"MEMORY_COPY","MEMORY_COPY_HOST_TO_DEVICE",0,"Agent 0","Agent 3",1740,1264074611060537,1264074611553944
"MEMORY_COPY","MEMORY_COPY_HOST_TO_DEVICE",0,"Agent 0","Agent 3",1742,1264074611575554,1264074611580754
"MEMORY_COPY","MEMORY_COPY_HOST_TO_DEVICE",0,"Agent 0","Agent 3",1744,1264074612414705,1264074612712349
"MEMORY_COPY","MEMORY_COPY_HOST_TO_DEVICE",0,"Agent 0","Agent 3",1746,1264074612733960,1264074612739080
"MEMORY_COPY","MEMORY_COPY_HOST_TO_DEVICE",0,"Agent 0","Agent 3",1748,1264074612765460,1264074612771820
"MEMORY_COPY","MEMORY_COPY_HOST_TO_DEVICE",0,"Agent 0","Agent 3",1750,1264074612791540,1264074612796700
"MEMORY_COPY","MEMORY_COPY_HOST_TO_DEVICE",0,"Agent 0","Agent 3",1752,1264074612820811,1264074612827571
"MEMORY_COPY","MEMORY_COPY_HOST_TO_DEVICE",0,"Agent 0","Agent 3",1754,1264074612853991,1264074612859031
"MEMORY_COPY","MEMORY_COPY_HOST_TO_DEVICE",0,"Agent 0","Agent 3",1760,1264074613018993,1264074613027794
"MEMORY_COPY","MEMORY_COPY_HOST_TO_DEVICE",0,"Agent 0","Agent 3",1764,1264074613870165,1264074614167729
"MEMORY_COPY","MEMORY_COPY_HOST_TO_DEVICE",0,"Agent 0","Agent 3",1766,1264074614191029,1264074614196269
"MEMORY_COPY","MEMORY_COPY_HOST_TO_DEVICE",0,"Agent 0","Agent 3",1768,1264074614223909,1264074614228510
"MEMORY_COPY","MEMORY_COPY_HOST_TO_DEVICE",0,"Agent 0","Agent 3",1770,1264074615938862,1264074616533350
"MEMORY_COPY","MEMORY_COPY_HOST_TO_DEVICE",0,"Agent 0","Agent 3",1770,1264074616537670,1264074616782834
"MEMORY_COPY","MEMORY_COPY_HOST_TO_DEVICE",0,"Agent 0","Agent 3",1772,1264074616826734,1264074616831614
"MEMORY_COPY","MEMORY_COPY_HOST_TO_DEVICE",0,"Agent 0","Agent 3",1774,1264074618539877,1264074619134605
"MEMORY_COPY","MEMORY_COPY_HOST_TO_DEVICE",0,"Agent 0","Agent 3",1774,1264074619138925,1264074619383968
"MEMORY_COPY","MEMORY_COPY_HOST_TO_DEVICE",0,"Agent 0","Agent 3",1776,1264074619406409,1264074619411249
"MEMORY_COPY","MEMORY_COPY_HOST_TO_DEVICE",0,"Agent 0","Agent 3",1778,1264074621161132,1264074621756180
"MEMORY_COPY","MEMORY_COPY_HOST_TO_DEVICE",0,"Agent 0","Agent 3",1778,1264074621760420,1264074622005903
"MEMORY_COPY","MEMORY_COPY_HOST_TO_DEVICE",0,"Agent 0","Agent 3",1780,1264074622058584,1264074622065264
"MEMORY_COPY","MEMORY_COPY_HOST_TO_DEVICE",0,"Agent 0","Agent 3",1782,1264074622104565,1264074622109445
"MEMORY_COPY","MEMORY_COPY_HOST_TO_DEVICE",0,"Agent 0","Agent 3",1784,1264074623367641,1264074623860688
"MEMORY_COPY","MEMORY_COPY_HOST_TO_DEVICE",0,"Agent 0","Agent 3",1786,1264074623883048,1264074623888208
"MEMORY_COPY","MEMORY_COPY_HOST_TO_DEVICE",0,"Agent 0","Agent 3",1788,1264074624622118,1264074624920202
"MEMORY_COPY","MEMORY_COPY_HOST_TO_DEVICE",0,"Agent 0","Agent 3",1790,1264074624940632,1264074624945913
"MEMORY_COPY","MEMORY_COPY_HOST_TO_DEVICE",0,"Agent 0","Agent 3",1792,1264074624972263,1264074624978583
"MEMORY_COPY","MEMORY_COPY_HOST_TO_DEVICE",0,"Agent 0","Agent 3",1794,1264074625000893,1264074625005973
"MEMORY_COPY","MEMORY_COPY_HOST_TO_DEVICE",0,"Agent 0","Agent 3",1796,1264074625026174,1264074625032454
"MEMORY_COPY","MEMORY_COPY_HOST_TO_DEVICE",0,"Agent 0","Agent 3",1798,1264074625052154,1264074625057194
"MEMORY_COPY","MEMORY_COPY_HOST_TO_DEVICE",0,"Agent 0","Agent 3",1804,1264074625248237,1264074625257037
"MEMORY_COPY","MEMORY_COPY_HOST_TO_DEVICE",0,"Agent 0","Agent 3",1808,1264074626044717,1264074626342361
"MEMORY_COPY","MEMORY_COPY_HOST_TO_DEVICE",0,"Agent 0","Agent 3",1810,1264074626365121,1264074626370362
"MEMORY_COPY","MEMORY_COPY_HOST_TO_DEVICE",0,"Agent 0","Agent 3",1812,1264074626394262,1264074626398502
"MEMORY_COPY","MEMORY_COPY_HOST_TO_DEVICE",0,"Agent 0","Agent 3",1814,1264074628257977,1264074628853145
"MEMORY_COPY","MEMORY_COPY_HOST_TO_DEVICE",0,"Agent 0","Agent 3",1814,1264074628857425,1264074629102428
"MEMORY_COPY","MEMORY_COPY_HOST_TO_DEVICE",0,"Agent 0","Agent 3",1816,1264074629124418,1264074629129698
"MEMORY_COPY","MEMORY_COPY_HOST_TO_DEVICE",0,"Agent 0","Agent 3",1818,1264074631028404,1264074631623412
"MEMORY_COPY","MEMORY_COPY_HOST_TO_DEVICE",0,"Agent 0","Agent 3",1818,1264074631627772,1264074631872935
"MEMORY_COPY","MEMORY_COPY_HOST_TO_DEVICE",0,"Agent 0","Agent 3",1820,1264074631895275,1264074631900115
"MEMORY_COPY","MEMORY_COPY_HOST_TO_DEVICE",0,"Agent 0","Agent 3",1822,1264074633509077,1264074634103965
"MEMORY_COPY","MEMORY_COPY_HOST_TO_DEVICE",0,"Agent 0","Agent 3",1822,1264074634108365,1264074634353648
"MEMORY_COPY","MEMORY_COPY_HOST_TO_DEVICE",0,"Agent 0","Agent 3",1824,1264074634406129,1264074634412929
"MEMORY_COPY","MEMORY_COPY_HOST_TO_DEVICE",0,"Agent 0","Agent 3",1826,1264074634450749,1264074634455149
"MEMORY_COPY","MEMORY_COPY_HOST_TO_DEVICE",0,"Agent 0","Agent 3",1828,1264074636036071,1264074636627038
"MEMORY_COPY","MEMORY_COPY_HOST_TO_DEVICE",0,"Agent 0","Agent 3",1830,1264074636653239,1264074636657959
"MEMORY_COPY","MEMORY_COPY_HOST_TO_DEVICE",0,"Agent 0","Agent 3",1832,1264074636859612,1264074636912852
"MEMORY_COPY","MEMORY_COPY_HOST_TO_DEVICE",0,"Agent 0","Agent 3",1834,1264074636932752,1264074636937793
"MEMORY_COPY","MEMORY_COPY_HOST_TO_DEVICE",0,"Agent 0","Agent 3",1836,1264074637151205,1264074637204486
"MEMORY_COPY","MEMORY_COPY_HOST_TO_DEVICE",0,"Agent 0","Agent 3",1838,1264074637228006,1264074637233126
"MEMORY_COPY","MEMORY_COPY_HOST_TO_DEVICE",0,"Agent 0","Agent 3",1840,1264074637994937,1264074638292981
"MEMORY_COPY","MEMORY_COPY_HOST_TO_DEVICE",0,"Agent 0","Agent 3",1842,1264074638315711,1264074638321111
"MEMORY_COPY","MEMORY_COPY_HOST_TO_DEVICE",0,"Agent 0","Agent 3",1848,1264074638420582,1264074638424702
"MEMORY_COPY","MEMORY_COPY_HOST_TO_DEVICE",0,"Agent 0","Agent 3",1850,1264074640233715,1264074640829042
"MEMORY_COPY","MEMORY_COPY_HOST_TO_DEVICE",0,"Agent 0","Agent 3",1850,1264074640834202,1264074641079365
"MEMORY_COPY","MEMORY_COPY_HOST_TO_DEVICE",0,"Agent 0","Agent 3",1852,1264074641101945,1264074641107065
"MEMORY_COPY","MEMORY_COPY_HOST_TO_DEVICE",0,"Agent 0","Agent 3",1854,1264074642983670,1264074643578438
"MEMORY_COPY","MEMORY_COPY_HOST_TO_DEVICE",0,"Agent 0","Agent 3",1854,1264074643582758,1264074643827721
"MEMORY_COPY","MEMORY_COPY_HOST_TO_DEVICE",0,"Agent 0","Agent 3",1856,1264074643849062,1264074643854542
"MEMORY_COPY","MEMORY_COPY_HOST_TO_DEVICE",0,"Agent 0","Agent 3",1858,1264074645734717,1264074646329765
"MEMORY_COPY","MEMORY_COPY_HOST_TO_DEVICE",0,"Agent 0","Agent 3",1858,1264074646334245,1264074646579288
"MEMORY_COPY","MEMORY_COPY_HOST_TO_DEVICE",0,"Agent 0","Agent 3",1860,1264074646628389,1264074646634069
"MEMORY_COPY","MEMORY_COPY_HOST_TO_DEVICE",0,"Agent 0","Agent 3",1862,1264074646671379,1264074646676099
"MEMORY_COPY","MEMORY_COPY_HOST_TO_DEVICE",0,"Agent 0","Agent 3",1864,1264074647988307,1264074648481394
"MEMORY_COPY","MEMORY_COPY_HOST_TO_DEVICE",0,"Agent 0","Agent 3",1866,1264074648504334,1264074648509694
"MEMORY_COPY","MEMORY_COPY_HOST_TO_DEVICE",0,"Agent 0","Agent 3",1868,1264074649363285,1264074649660889
"MEMORY_COPY","MEMORY_COPY_HOST_TO_DEVICE",0,"Agent 0","Agent 3",1870,1264074649682580,1264074649687780
"MEMORY_COPY","MEMORY_COPY_HOST_TO_DEVICE",0,"Agent 0","Agent 3",1872,1264074649714790,1264074649721590
"MEMORY_COPY","MEMORY_COPY_HOST_TO_DEVICE",0,"Agent 0","Agent 3",1874,1264074649742280,1264074649747280
"MEMORY_COPY","MEMORY_COPY_HOST_TO_DEVICE",0,"Agent 0","Agent 3",1876,1264074649767131,1264074649773651
"MEMORY_COPY","MEMORY_COPY_HOST_TO_DEVICE",0,"Agent 0","Agent 3",1878,1264074649794141,1264074649799141
"MEMORY_COPY","MEMORY_COPY_HOST_TO_DEVICE",0,"Agent 0","Agent 3",1884,1264074649913853,1264074649922653
"MEMORY_COPY","MEMORY_COPY_HOST_TO_DEVICE",0,"Agent 0","Agent 3",1888,1264074651021857,1264074651319461
"MEMORY_COPY","MEMORY_COPY_HOST_TO_DEVICE",0,"Agent 0","Agent 3",1890,1264074651343282,1264074651348562
"MEMORY_COPY","MEMORY_COPY_HOST_TO_DEVICE",0,"Agent 0","Agent 3",1892,1264074651370142,1264074651374942
"MEMORY_COPY","MEMORY_COPY_HOST_TO_DEVICE",0,"Agent 0","Agent 3",1894,1264074652970323,1264074653566851
"MEMORY_COPY","MEMORY_COPY_HOST_TO_DEVICE",0,"Agent 0","Agent 3",1894,1264074653571171,1264074653816535
"MEMORY_COPY","MEMORY_COPY_HOST_TO_DEVICE",0,"Agent 0","Agent 3",1896,1264074653838905,1264074653844185
"MEMORY_COPY","MEMORY_COPY_HOST_TO_DEVICE",0,"Agent 0","Agent 3",1898,1264074655343795,1264074655938523
"MEMORY_COPY","MEMORY_COPY_HOST_TO_DEVICE",0,"Agent 0","Agent 3",1898,1264074655942843,1264074656187806
"MEMORY_COPY","MEMORY_COPY_HOST_TO_DEVICE",0,"Agent 0","Agent 3",1900,1264074656209647,1264074656214527
"MEMORY_COPY","MEMORY_COPY_HOST_TO_DEVICE",0,"Agent 0","Agent 3",1902,1264074658084172,1264074658678940
"MEMORY_COPY","MEMORY_COPY_HOST_TO_DEVICE",0,"Agent 0","Agent 3",1902,1264074658683300,1264074658928663
"MEMORY_COPY","MEMORY_COPY_HOST_TO_DEVICE",0,"Agent 0","Agent 3",1904,1264074658981374,1264074658987854
"MEMORY_COPY","MEMORY_COPY_HOST_TO_DEVICE",0,"Agent 0","Agent 3",1906,1264074659027014,1264074659031734
"MEMORY_COPY","MEMORY_COPY_HOST_TO_DEVICE",0,"Agent 0","Agent 3",1908,1264074660122139,1264074660615185
"MEMORY_COPY","MEMORY_COPY_HOST_TO_DEVICE",0,"Agent 0","Agent 3",1910,1264074660640126,1264074660645406
"MEMORY_COPY","MEMORY_COPY_HOST_TO_DEVICE",0,"Agent 0","Agent 3",1912,1264074661362435,1264074661659999
"MEMORY_COPY","MEMORY_COPY_HOST_TO_DEVICE",0,"Agent 0","Agent 3",1914,1264074661683750,1264074661688950
"MEMORY_COPY","MEMORY_COPY_HOST_TO_DEVICE",0,"Agent 0","Agent 3",1916,1264074661717600,1264074661723960
"MEMORY_COPY","MEMORY_COPY_HOST_TO_DEVICE",0,"Agent 0","Agent 3",1918,1264074661746731,1264074661751731
"MEMORY_COPY","MEMORY_COPY_HOST_TO_DEVICE",0,"Agent 0","Agent 3",1920,1264074661776121,1264074661782441
"MEMORY_COPY","MEMORY_COPY_HOST_TO_DEVICE",0,"Agent 0","Agent 3",1922,1264074661805351,1264074661810471
"MEMORY_COPY","MEMORY_COPY_HOST_TO_DEVICE",0,"Agent 0","Agent 3",1928,1264074661925003,1264074661933803
"MEMORY_COPY","MEMORY_COPY_HOST_TO_DEVICE",0,"Agent 0","Agent 3",1932,1264074662615332,1264074662912936
"MEMORY_COPY","MEMORY_COPY_HOST_TO_DEVICE",0,"Agent 0","Agent 3",1934,1264074662939466,1264074662944786
"MEMORY_COPY","MEMORY_COPY_HOST_TO_DEVICE",0,"Agent 0","Agent 3",1936,1264074662966587,1264074662970867
"MEMORY_COPY","MEMORY_COPY_HOST_TO_DEVICE",0,"Agent 0","Agent 3",1938,1264074664601409,1264074665196337
"MEMORY_COPY","MEMORY_COPY_HOST_TO_DEVICE",0,"Agent 0","Agent 3",1938,1264074665200657,1264074665445700
"MEMORY_COPY","MEMORY_COPY_HOST_TO_DEVICE",0,"Agent 0","Agent 3",1940,1264074665469860,1264074665475060
"MEMORY_COPY","MEMORY_COPY_HOST_TO_DEVICE",0,"Agent 0","Agent 3",1942,1264074667022681,1264074667617089
"MEMORY_COPY","MEMORY_COPY_HOST_TO_DEVICE",0,"Agent 0","Agent 3",1942,1264074667621369,1264074667866452
"MEMORY_COPY","MEMORY_COPY_HOST_TO_DEVICE",0,"Agent 0","Agent 3",1944,1264074667890652,1264074667895973
"MEMORY_COPY","MEMORY_COPY_HOST_TO_DEVICE",0,"Agent 0","Agent 3",1946,1264074669606675,1264074670201643
"MEMORY_COPY","MEMORY_COPY_HOST_TO_DEVICE",0,"Agent 0","Agent 3",1946,1264074670205923,1264074670450927
"MEMORY_COPY","MEMORY_COPY_HOST_TO_DEVICE",0,"Agent 0","Agent 3",1948,1264074670500797,1264074670507677
"MEMORY_COPY","MEMORY_COPY_HOST_TO_DEVICE",0,"Agent 0","Agent 3",1950,1264074670543528,1264074670547928
"MEMORY_COPY","MEMORY_COPY_HOST_TO_DEVICE",0,"Agent 0","Agent 3",1952,1264074672054378,1264074672547705
"MEMORY_COPY","MEMORY_COPY_HOST_TO_DEVICE",0,"Agent 0","Agent 3",1954,1264074672572665,1264074672578025
"MEMORY_COPY","MEMORY_COPY_HOST_TO_DEVICE",0,"Agent 0","Agent 3",1956,1264074673472047,1264074673769531
"MEMORY_COPY","MEMORY_COPY_HOST_TO_DEVICE",0,"Agent 0","Agent 3",1958,1264074673793251,1264074673798411
"MEMORY_COPY","MEMORY_COPY_HOST_TO_DEVICE",0,"Agent 0","Agent 3",1960,1264074673900333,1264074673906813
"MEMORY_COPY","MEMORY_COPY_HOST_TO_DEVICE",0,"Agent 0","Agent 3",1962,1264074673929973,1264074673934973
"MEMORY_COPY","MEMORY_COPY_HOST_TO_DEVICE",0,"Agent 0","Agent 3",1964,1264074673961933,1264074673968654
"MEMORY_COPY","MEMORY_COPY_HOST_TO_DEVICE",0,"Agent 0","Agent 3",1966,1264074673991184,1264074673996184
"MEMORY_COPY","MEMORY_COPY_HOST_TO_DEVICE",0,"Agent 0","Agent 3",1972,1264074674129946,1264074674138666
"MEMORY_COPY","MEMORY_COPY_HOST_TO_DEVICE",0,"Agent 0","Agent 3",1976,1264074674907106,1264074675204750
"MEMORY_COPY","MEMORY_COPY_HOST_TO_DEVICE",0,"Agent 0","Agent 3",1978,1264074675231750,1264074675236790
"MEMORY_COPY","MEMORY_COPY_HOST_TO_DEVICE",0,"Agent 0","Agent 3",1980,1264074675257111,1264074675261671
"MEMORY_COPY","MEMORY_COPY_HOST_TO_DEVICE",0,"Agent 0","Agent 3",1982,1264074676608499,1264074677203387
"MEMORY_COPY","MEMORY_COPY_HOST_TO_DEVICE",0,"Agent 0","Agent 3",1982,1264074677207627,1264074677452590
"MEMORY_COPY","MEMORY_COPY_HOST_TO_DEVICE",0,"Agent 0","Agent 3",1984,1264074677477320,1264074677482560
"MEMORY_COPY","MEMORY_COPY_HOST_TO_DEVICE",0,"Agent 0","Agent 3",1986,1264074678682226,1264074679278754
"MEMORY_COPY","MEMORY_COPY_HOST_TO_DEVICE",0,"Agent 0","Agent 3",1986,1264074679283074,1264074679528238
"MEMORY_COPY","MEMORY_COPY_HOST_TO_DEVICE",0,"Agent 0","Agent 3",1988,1264074679553318,1264074679558278
"MEMORY_COPY","MEMORY_COPY_HOST_TO_DEVICE",0,"Agent 0","Agent 3",1990,1264074681304361,1264074681899249
"MEMORY_COPY","MEMORY_COPY_HOST_TO_DEVICE",0,"Agent 0","Agent 3",1990,1264074681903569,1264074682148773
"MEMORY_COPY","MEMORY_COPY_HOST_TO_DEVICE",0,"Agent 0","Agent 3",1992,1264074682199433,1264074682205913
"MEMORY_COPY","MEMORY_COPY_HOST_TO_DEVICE",0,"Agent 0","Agent 3",1994,1264074682241774,1264074682246254
"MEMORY_COPY","MEMORY_COPY_HOST_TO_DEVICE",0,"Agent 0","Agent 3",1996,1264074683299588,1264074683890596
"MEMORY_COPY","MEMORY_COPY_HOST_TO_DEVICE",0,"Agent 0","Agent 3",1998,1264074683916036,1264074683920756
"MEMORY_COPY","MEMORY_COPY_HOST_TO_DEVICE",0,"Agent 0","Agent 3",2000,1264074684083729,1264074684137049
"MEMORY_COPY","MEMORY_COPY_HOST_TO_DEVICE",0,"Agent 0","Agent 3",2002,1264074684160100,1264074684165140
"MEMORY_COPY","MEMORY_COPY_HOST_TO_DEVICE",0,"Agent 0","Agent 3",2004,1264074684405593,1264074684459114
"MEMORY_COPY","MEMORY_COPY_HOST_TO_DEVICE",0,"Agent 0","Agent 3",2006,1264074684482774,1264074684487894
"MEMORY_COPY","MEMORY_COPY_HOST_TO_DEVICE",0,"Agent 0","Agent 3",2008,1264074685004051,1264074685301815
"MEMORY_COPY","MEMORY_COPY_HOST_TO_DEVICE",0,"Agent 0","Agent 3",2010,1264074685340005,1264074685344525
"MEMORY_COPY","MEMORY_COPY_HOST_TO_DEVICE",0,"Agent 0","Agent 3",2016,1264074685822722,1264074685826762
"MEMORY_COPY","MEMORY_COPY_HOST_TO_DEVICE",0,"Agent 0","Agent 3",2018,1264074687055328,1264074687649856
"MEMORY_COPY","MEMORY_COPY_HOST_TO_DEVICE",0,"Agent 0","Agent 3",2018,1264074687654176,1264074687899379
"MEMORY_COPY","MEMORY_COPY_HOST_TO_DEVICE",0,"Agent 0","Agent 3",2020,1264074687924710,1264074687929790
"MEMORY_COPY","MEMORY_COPY_HOST_TO_DEVICE",0,"Agent 0","Agent 3",2022,1264074689112536,1264074689706944
"MEMORY_COPY","MEMORY_COPY_HOST_TO_DEVICE",0,"Agent 0","Agent 3",2022,1264074689711184,1264074689956107
"MEMORY_COPY","MEMORY_COPY_HOST_TO_DEVICE",0,"Agent 0","Agent 3",2024,1264074689980827,1264074689985907
"MEMORY_COPY","MEMORY_COPY_HOST_TO_DEVICE",0,"Agent 0","Agent 3",2026,1264074691202713,1264074691796881
"MEMORY_COPY","MEMORY_COPY_HOST_TO_DEVICE",0,"Agent 0","Agent 3",2026,1264074691801161,1264074692046045
"MEMORY_COPY","MEMORY_COPY_HOST_TO_DEVICE",0,"Agent 0","Agent 3",2028,1264074692105996,1264074692113236
"MEMORY_COPY","MEMORY_COPY_HOST_TO_DEVICE",0,"Agent 0","Agent 3",2030,1264074692149096,1264074692154416
"MEMORY_COPY","MEMORY_COPY_HOST_TO_DEVICE",0,"Agent 0","Agent 3",2032,1264074693223780,1264074693717307
"MEMORY_COPY","MEMORY_COPY_HOST_TO_DEVICE",0,"Agent 0","Agent 3",2034,1264074693741757,1264074693747237
"MEMORY_COPY","MEMORY_COPY_HOST_TO_DEVICE",0,"Agent 0","Agent 3",2036,1264074694415406,1264074694712930
"MEMORY_COPY","MEMORY_COPY_HOST_TO_DEVICE",0,"Agent 0","Agent 3",2038,1264074694736871,1264074694742071
"MEMORY_COPY","MEMORY_COPY_HOST_TO_DEVICE",0,"Agent 0","Agent 3",2040,1264074694767901,1264074694774741
"MEMORY_COPY","MEMORY_COPY_HOST_TO_DEVICE",0,"Agent 0","Agent 3",2042,1264074694797211,1264074694802252
"MEMORY_COPY","MEMORY_COPY_HOST_TO_DEVICE",0,"Agent 0","Agent 3",2044,1264074694823832,1264074694830192
"MEMORY_COPY","MEMORY_COPY_HOST_TO_DEVICE",0,"Agent 0","Agent 3",2046,1264074694853092,1264074694858172
"MEMORY_COPY","MEMORY_COPY_HOST_TO_DEVICE",0,"Agent 0","Agent 3",2052,1264074694974124,1264074694983084
"MEMORY_COPY","MEMORY_COPY_HOST_TO_DEVICE",0,"Agent 0","Agent 3",2056,1264074695697473,1264074695994957
"MEMORY_COPY","MEMORY_COPY_HOST_TO_DEVICE",0,"Agent 0","Agent 3",2058,1264074696025238,1264074696030518
"MEMORY_COPY","MEMORY_COPY_HOST_TO_DEVICE",0,"Agent 0","Agent 3",2060,1264074696051698,1264074696056338
"MEMORY_COPY","MEMORY_COPY_HOST_TO_DEVICE",0,"Agent 0","Agent 3",2062,1264074697749811,1264074698344659
"MEMORY_COPY","MEMORY_COPY_HOST_TO_DEVICE",0,"Agent 0","Agent 3",2062,1264074698349019,1264074698593782
"MEMORY_COPY","MEMORY_COPY_HOST_TO_DEVICE",0,"Agent 0","Agent 3",2064,1264074698618822,1264074698624062
"MEMORY_COPY","MEMORY_COPY_HOST_TO_DEVICE",0,"Agent 0","Agent 3",2066,1264074700171193,1264074700766041
"MEMORY_COPY","MEMORY_COPY_HOST_TO_DEVICE",0,"Agent 0","Agent 3",2066,1264074700770601,1264074701015524
"MEMORY_COPY","MEMORY_COPY_HOST_TO_DEVICE",0,"Agent 0","Agent 3",2068,1264074701041235,1264074701045995
"MEMORY_COPY","MEMORY_COPY_HOST_TO_DEVICE",0,"Agent 0","Agent 3",2070,1264074702673077,1264074703267164
"MEMORY_COPY","MEMORY_COPY_HOST_TO_DEVICE",0,"Agent 0","Agent 3",2070,1264074703271612,1264074703516375
"MEMORY_COPY","MEMORY_COPY_HOST_TO_DEVICE",0,"Agent 0","Agent 3",2072,1264074703571405,1264074703577245
"MEMORY_COPY","MEMORY_COPY_HOST_TO_DEVICE",0,"Agent 0","Agent 3",2074,1264074703615686,1264074703620126
"MEMORY_COPY","MEMORY_COPY_HOST_TO_DEVICE",0,"Agent 0","Agent 3",2076,1264074704765841,1264074705259048
"MEMORY_COPY","MEMORY_COPY_HOST_TO_DEVICE",0,"Agent 0","Agent 3",2078,1264074705285658,1264074705290378
"MEMORY_COPY","MEMORY_COPY_HOST_TO_DEVICE",0,"Agent 0","Agent 3",2080,1264074705945507,1264074706242991
"MEMORY_COPY","MEMORY_COPY_HOST_TO_DEVICE",0,"Agent 0","Agent 3",2082,1264074706266961,1264074706272081
"MEMORY_COPY","MEMORY_COPY_HOST_TO_DEVICE",0,"Agent 0","Agent 3",2084,1264074706291121,1264074706297842
"MEMORY_COPY","MEMORY_COPY_HOST_TO_DEVICE",0,"Agent 0","Agent 3",2086,1264074706320532,1264074706325532
"MEMORY_COPY","MEMORY_COPY_HOST_TO_DEVICE",0,"Agent 0","Agent 3",2088,1264074706343972,1264074706350292
"MEMORY_COPY","MEMORY_COPY_HOST_TO_DEVICE",0,"Agent 0","Agent 3",2090,1264074706372903,1264074706378063
"MEMORY_COPY","MEMORY_COPY_HOST_TO_DEVICE",0,"Agent 0","Agent 3",2096,1264074706492984,1264074706500744
"MEMORY_COPY","MEMORY_COPY_HOST_TO_DEVICE",0,"Agent 0","Agent 3",2100,1264074707356656,1264074707654620
"MEMORY_COPY","MEMORY_COPY_HOST_TO_DEVICE",0,"Agent 0","Agent 3",2102,1264074707685520,1264074707690880
"MEMORY_COPY","MEMORY_COPY_HOST_TO_DEVICE",0,"Agent 0","Agent 3",2104,1264074707727871,1264074707732711
"MEMORY_COPY","MEMORY_COPY_HOST_TO_DEVICE",0,"Agent 0","Agent 3",2106,1264074709358512,1264074709955040
"MEMORY_COPY","MEMORY_COPY_HOST_TO_DEVICE",0,"Agent 0","Agent 3",2106,1264074709959280,1264074710204004
"MEMORY_COPY","MEMORY_COPY_HOST_TO_DEVICE",0,"Agent 0","Agent 3",2108,1264074710233364,1264074710238204
"MEMORY_COPY","MEMORY_COPY_HOST_TO_DEVICE",0,"Agent 0","Agent 3",2110,1264074711507491,1264074712102259
"MEMORY_COPY","MEMORY_COPY_HOST_TO_DEVICE",0,"Agent 0","Agent 3",2110,1264074712106539,1264074712351662
"MEMORY_COPY","MEMORY_COPY_HOST_TO_DEVICE",0,"Agent 0","Agent 3",2112,1264074712377903,1264074712382783
"MEMORY_COPY","MEMORY_COPY_HOST_TO_DEVICE",0,"Agent 0","Agent 3",2114,1264074713968084,1264074714562812
"MEMORY_COPY","MEMORY_COPY_HOST_TO_DEVICE",0,"Agent 0","Agent 3",2114,1264074714567132,1264074714811855
"MEMORY_COPY","MEMORY_COPY_HOST_TO_DEVICE",0,"Agent 0","Agent 3",2116,1264074714935007,1264074714941647
"MEMORY_COPY","MEMORY_COPY_HOST_TO_DEVICE",0,"Agent 0","Agent 3",2118,1264074714982317,1264074714987358
"MEMORY_COPY","MEMORY_COPY_HOST_TO_DEVICE",0,"Agent 0","Agent 3",2120,1264074715916800,1264074716410247
"MEMORY_COPY","MEMORY_COPY_HOST_TO_DEVICE",0,"Agent 0","Agent 3",2122,1264074716443727,1264074716448927
"MEMORY_COPY","MEMORY_COPY_HOST_TO_DEVICE",0,"Agent 0","Agent 3",2124,1264074717009665,1264074717307309
"MEMORY_COPY","MEMORY_COPY_HOST_TO_DEVICE",0,"Agent 0","Agent 3",2126,1264074717331589,1264074717336869
"MEMORY_COPY","MEMORY_COPY_HOST_TO_DEVICE",0,"Agent 0","Agent 3",2128,1264074717366359,1264074717372679
"MEMORY_COPY","MEMORY_COPY_HOST_TO_DEVICE",0,"Agent 0","Agent 3",2130,1264074717396000,1264074717401000
"MEMORY_COPY","MEMORY_COPY_HOST_TO_DEVICE",0,"Agent 0","Agent 3",2132,1264074717427330,1264074717433650
"MEMORY_COPY","MEMORY_COPY_HOST_TO_DEVICE",0,"Agent 0","Agent 3",2134,1264074717458171,1264074717463211
"MEMORY_COPY","MEMORY_COPY_HOST_TO_DEVICE",0,"Agent 0","Agent 3",2140,1264074717577952,1264074717586712
"MEMORY_COPY","MEMORY_COPY_HOST_TO_DEVICE",0,"Agent 0","Agent 3",2144,1264074718148440,1264074718445924
"MEMORY_COPY","MEMORY_COPY_HOST_TO_DEVICE",0,"Agent 0","Agent 3",2146,1264074718472324,1264074718477604
"MEMORY_COPY","MEMORY_COPY_HOST_TO_DEVICE",0,"Agent 0","Agent 3",2148,1264074718502354,1264074718506515
"MEMORY_COPY","MEMORY_COPY_HOST_TO_DEVICE",0,"Agent 0","Agent 3",2150,1264074719851282,1264074720446290
"MEMORY_COPY","MEMORY_COPY_HOST_TO_DEVICE",0,"Agent 0","Agent 3",2150,1264074720450570,1264074720695654
"MEMORY_COPY","MEMORY_COPY_HOST_TO_DEVICE",0,"Agent 0","Agent 3",2152,1264074720721234,1264074720726514
"MEMORY_COPY","MEMORY_COPY_HOST_TO_DEVICE",0,"Agent 0","Agent 3",2154,1264074722015601,1264074722610209
"MEMORY_COPY","MEMORY_COPY_HOST_TO_DEVICE",0,"Agent 0","Agent 3",2154,1264074722614529,1264074722859533
"MEMORY_COPY","MEMORY_COPY_HOST_TO_DEVICE",0,"Agent 0","Agent 3",2156,1264074722884123,1264074722889443
"MEMORY_COPY","MEMORY_COPY_HOST_TO_DEVICE",0,"Agent 0","Agent 3",2158,1264074724175620,1264074724770188
"MEMORY_COPY","MEMORY_COPY_HOST_TO_DEVICE",0,"Agent 0","Agent 3",2158,1264074724774548,1264074725019471
"MEMORY_COPY","MEMORY_COPY_HOST_TO_DEVICE",0,"Agent 0","Agent 3",2160,1264074725070872,1264074725077072
"MEMORY_COPY","MEMORY_COPY_HOST_TO_DEVICE",0,"Agent 0","Agent 3",2162,1264074725114433,1264074725119433
"MEMORY_COPY","MEMORY_COPY_HOST_TO_DEVICE",0,"Agent 0","Agent 3",2164,1264074726190227,1264074726781355
"MEMORY_COPY","MEMORY_COPY_HOST_TO_DEVICE",0,"Agent 0","Agent 3",2166,1264074726806175,1264074726811335
"MEMORY_COPY","MEMORY_COPY_HOST_TO_DEVICE",0,"Agent 0","Agent 3",2168,1264074727012578,1264074727065899
"MEMORY_COPY","MEMORY_COPY_HOST_TO_DEVICE",0,"Agent 0","Agent 3",2170,1264074727090489,1264074727095489
"MEMORY_COPY","MEMORY_COPY_HOST_TO_DEVICE",0,"Agent 0","Agent 3",2172,1264074727253721,1264074727306882
"MEMORY_COPY","MEMORY_COPY_HOST_TO_DEVICE",0,"Agent 0","Agent 3",2174,1264074727330402,1264074727335442
"MEMORY_COPY","MEMORY_COPY_HOST_TO_DEVICE",0,"Agent 0","Agent 3",2176,1264074727894330,1264074728191774
"MEMORY_COPY","MEMORY_COPY_HOST_TO_DEVICE",0,"Agent 0","Agent 3",2178,1264074728217984,1264074728223344
"MEMORY_COPY","MEMORY_COPY_HOST_TO_DEVICE",0,"Agent 0","Agent 3",2184,1264074728322626,1264074728326706
"MEMORY_COPY","MEMORY_COPY_HOST_TO_DEVICE",0,"Agent 0","Agent 3",2186,1264074729771845,1264074730367333
"MEMORY_COPY","MEMORY_COPY_HOST_TO_DEVICE",0,"Agent 0","Agent 3",2186,1264074730371853,1264074730616896
"MEMORY_COPY","MEMORY_COPY_HOST_TO_DEVICE",0,"Agent 0","Agent 3",2188,1264074730642046,1264074730647607
"MEMORY_COPY","MEMORY_COPY_HOST_TO_DEVICE",0,"Agent 0","Agent 3",2190,1264074732066385,1264074732661233
"MEMORY_COPY","MEMORY_COPY_HOST_TO_DEVICE",0,"Agent 0","Agent 3",2190,1264074732665553,1264074732910797
"MEMORY_COPY","MEMORY_COPY_HOST_TO_DEVICE",0,"Agent 0","Agent 3",2192,1264074732935267,1264074732940747
"MEMORY_COPY","MEMORY_COPY_HOST_TO_DEVICE",0,"Agent 0","Agent 3",2194,1264074734190924,1264074734785852
"MEMORY_COPY","MEMORY_COPY_HOST_TO_DEVICE",0,"Agent 0","Agent 3",2194,1264074734790172,1264074735035215
"MEMORY_COPY","MEMORY_COPY_HOST_TO_DEVICE",0,"Agent 0","Agent 3",2196,1264074735085236,1264074735091716
"MEMORY_COPY","MEMORY_COPY_HOST_TO_DEVICE",0,"Agent 0","Agent 3",2198,1264074735126986,1264074735132026
"MEMORY_COPY","MEMORY_COPY_HOST_TO_DEVICE",0,"Agent 0","Agent 3",2200,1264074736054829,1264074736548075
"MEMORY_COPY","MEMORY_COPY_HOST_TO_DEVICE",0,"Agent 0","Agent 3",2202,1264074736572676,1264074736577996
"MEMORY_COPY","MEMORY_COPY_HOST_TO_DEVICE",0,"Agent 0","Agent 3",2204,1264074737115103,1264074737412707
"MEMORY_COPY","MEMORY_COPY_HOST_TO_DEVICE",0,"Agent 0","Agent 3",2206,1264074737436347,1264074737441547
"MEMORY_COPY","MEMORY_COPY_HOST_TO_DEVICE",0,"Agent 0","Agent 3",2208,1264074737461287,1264074737467648
"MEMORY_COPY","MEMORY_COPY_HOST_TO_DEVICE",0,"Agent 0","Agent 3",2210,1264074737490588,1264074737495628
"MEMORY_COPY","MEMORY_COPY_HOST_TO_DEVICE",0,"Agent 0","Agent 3",2212,1264074737513228,1264074737519548
"MEMORY_COPY","MEMORY_COPY_HOST_TO_DEVICE",0,"Agent 0","Agent 3",2214,1264074737543209,1264074737548249
"MEMORY_COPY","MEMORY_COPY_HOST_TO_DEVICE",0,"Agent 0","Agent 3",2220,1264074737666740,1264074737675500
"MEMORY_COPY","MEMORY_COPY_HOST_TO_DEVICE",0,"Agent 0","Agent 3",2224,1264074738274638,1264074738572122
"MEMORY_COPY","MEMORY_COPY_HOST_TO_DEVICE",0,"Agent 0","Agent 3",2226,1264074738599533,1264074738604853
"MEMORY_COPY","MEMORY_COPY_HOST_TO_DEVICE",0,"Agent 0","Agent 3",2228,1264074738627473,1264074738631873
"MEMORY_COPY","MEMORY_COPY_HOST_TO_DEVICE",0,"Agent 0","Agent 3",2230,1264074739857699,1264074740454227
"MEMORY_COPY","MEMORY_COPY_HOST_TO_DEVICE",0,"Agent 0","Agent 3",2230,1264074740458547,1264074740703831
"MEMORY_COPY","MEMORY_COPY_HOST_TO_DEVICE",0,"Agent 0","Agent 3",2232,1264074740728381,1264074740733661
"MEMORY_COPY","MEMORY_COPY_HOST_TO_DEVICE",0,"Agent 0","Agent 3",2234,1264074741983758,1264074742577966
"MEMORY_COPY","MEMORY_COPY_HOST_TO_DEVICE",0,"Agent 0","Agent 3",2234,1264074742582286,1264074742827249
"MEMORY_COPY","MEMORY_COPY_HOST_TO_DEVICE",0,"Agent 0","Agent 3",2236,1264074742852089,1264074742857489
"MEMORY_COPY","MEMORY_COPY_HOST_TO_DEVICE",0,"Agent 0","Agent 3",2238,1264074744124306,1264074744718594
"MEMORY_COPY","MEMORY_COPY_HOST_TO_DEVICE",0,"Agent 0","Agent 3",2238,1264074744722914,1264074744968078
"MEMORY_COPY","MEMORY_COPY_HOST_TO_DEVICE",0,"Agent 0","Agent 3",2240,1264074745019798,1264074745025878
"MEMORY_COPY","MEMORY_COPY_HOST_TO_DEVICE",0,"Agent 0","Agent 3",2242,1264074745061679,1264074745066559
"MEMORY_COPY","MEMORY_COPY_HOST_TO_DEVICE",0,"Agent 0","Agent 3",2244,1264074746002451,1264074746495498
"MEMORY_COPY","MEMORY_COPY_HOST_TO_DEVICE",0,"Agent 0","Agent 3",2246,1264074746519668,1264074746524908
"MEMORY_COPY","MEMORY_COPY_HOST_TO_DEVICE",0,"Agent 0","Agent 3",2248,1264074747057006,1264074747354490
"MEMORY_COPY","MEMORY_COPY_HOST_TO_DEVICE",0,"Agent 0","Agent 3",2250,1264074747378370,1264074747383570
"MEMORY_COPY","MEMORY_COPY_HOST_TO_DEVICE",0,"Agent 0","Agent 3",2252,1264074747426490,1264074747432851
"MEMORY_COPY","MEMORY_COPY_HOST_TO_DEVICE",0,"Agent 0","Agent 3",2254,1264074747456101,1264074747461141
"MEMORY_COPY","MEMORY_COPY_HOST_TO_DEVICE",0,"Agent 0","Agent 3",2256,1264074747481081,1264074747487401
"MEMORY_COPY","MEMORY_COPY_HOST_TO_DEVICE",0,"Agent 0","Agent 3",2258,1264074747510572,1264074747515932
"MEMORY_COPY","MEMORY_COPY_HOST_TO_DEVICE",0,"Agent 0","Agent 3",2264,1264074747706834,1264074747715594
"MEMORY_COPY","MEMORY_COPY_HOST_TO_DEVICE",0,"Agent 0","Agent 3",2268,1264074748262032,1264074748559556
"MEMORY_COPY","MEMORY_COPY_HOST_TO_DEVICE",0,"Agent 0","Agent 3",2270,1264074748585836,1264074748591116
"MEMORY_COPY","MEMORY_COPY_HOST_TO_DEVICE",0,"Agent 0","Agent 3",2272,1264074748613246,1264074748617446
"MEMORY_COPY","MEMORY_COPY_HOST_TO_DEVICE",0,"Agent 0","Agent 3",2274,1264074749828753,1264074750423640
"MEMORY_COPY","MEMORY_COPY_HOST_TO_DEVICE",0,"Agent 0","Agent 3",2274,1264074750427921,1264074750672884
"MEMORY_COPY","MEMORY_COPY_HOST_TO_DEVICE",0,"Agent 0","Agent 3",2276,1264074750697234,1264074750702474
"MEMORY_COPY","MEMORY_COPY_HOST_TO_DEVICE",0,"Agent 0","Agent 3",2278,1264074751907870,1264074752502558
"MEMORY_COPY","MEMORY_COPY_HOST_TO_DEVICE",0,"Agent 0","Agent 3",2278,1264074752506918,1264074752752042
"MEMORY_COPY","MEMORY_COPY_HOST_TO_DEVICE",0,"Agent 0","Agent 3",2280,1264074752776242,1264074752781522
"MEMORY_COPY","MEMORY_COPY_HOST_TO_DEVICE",0,"Agent 0","Agent 3",2282,1264074754020118,1264074754614886
"MEMORY_COPY","MEMORY_COPY_HOST_TO_DEVICE",0,"Agent 0","Agent 3",2282,1264074754619246,1264074754864330
"MEMORY_COPY","MEMORY_COPY_HOST_TO_DEVICE",0,"Agent 0","Agent 3",2284,1264074754914340,1264074754920420
"MEMORY_COPY","MEMORY_COPY_HOST_TO_DEVICE",0,"Agent 0","Agent 3",2286,1264074754957381,1264074754961781
"MEMORY_COPY","MEMORY_COPY_HOST_TO_DEVICE",0,"Agent 0","Agent 3",2288,1264074755884173,1264074756376820
"MEMORY_COPY","MEMORY_COPY_HOST_TO_DEVICE",0,"Agent 0","Agent 3",2290,1264074756401160,1264074756406800
"MEMORY_COPY","MEMORY_COPY_HOST_TO_DEVICE",0,"Agent 0","Agent 3",2292,1264074756964628,1264074757262152
"MEMORY_COPY","MEMORY_COPY_HOST_TO_DEVICE",0,"Agent 0","Agent 3",2294,1264074757285652,1264074757290812
"MEMORY_COPY","MEMORY_COPY_HOST_TO_DEVICE",0,"Agent 0","Agent 3",2296,1264074757317352,1264074757323713
"MEMORY_COPY","MEMORY_COPY_HOST_TO_DEVICE",0,"Agent 0","Agent 3",2298,1264074757346743,1264074757351783
"MEMORY_COPY","MEMORY_COPY_HOST_TO_DEVICE",0,"Agent 0","Agent 3",2300,1264074757364783,1264074757371503
"MEMORY_COPY","MEMORY_COPY_HOST_TO_DEVICE",0,"Agent 0","Agent 3",2302,1264074757394063,1264074757399184
"MEMORY_COPY","MEMORY_COPY_HOST_TO_DEVICE",0,"Agent 0","Agent 3",2308,1264074757515385,1264074757524185
"MEMORY_COPY","MEMORY_COPY_HOST_TO_DEVICE",0,"Agent 0","Agent 3",2312,1264074758111693,1264074758408857
"MEMORY_COPY","MEMORY_COPY_HOST_TO_DEVICE",0,"Agent 0","Agent 3",2314,1264074758434987,1264074758440267
"MEMORY_COPY","MEMORY_COPY_HOST_TO_DEVICE",0,"Agent 0","Agent 3",2316,1264074758461438,1264074758466078
"MEMORY_COPY","MEMORY_COPY_HOST_TO_DEVICE",0,"Agent 0","Agent 3",2318,1264074759685184,1264074760280112
"MEMORY_COPY","MEMORY_COPY_HOST_TO_DEVICE",0,"Agent 0","Agent 3",2318,1264074760284392,1264074760529275
"MEMORY_COPY","MEMORY_COPY_HOST_TO_DEVICE",0,"Agent 0","Agent 3",2320,1264074760553986,1264074760559306
"MEMORY_COPY","MEMORY_COPY_HOST_TO_DEVICE",0,"Agent 0","Agent 3",2322,1264074761808592,1264074762403400
"MEMORY_COPY","MEMORY_COPY_HOST_TO_DEVICE",0,"Agent 0","Agent 3",2322,1264074762407720,1264074762652964
"MEMORY_COPY","MEMORY_COPY_HOST_TO_DEVICE",0,"Agent 0","Agent 3",2324,1264074762677934,1264074762683174
"MEMORY_COPY","MEMORY_COPY_HOST_TO_DEVICE",0,"Agent 0","Agent 3",2326,1264074763899030,1264074764493718
"MEMORY_COPY","MEMORY_COPY_HOST_TO_DEVICE",0,"Agent 0","Agent 3",2326,1264074764498038,1264074764743082
"MEMORY_COPY","MEMORY_COPY_HOST_TO_DEVICE",0,"Agent 0","Agent 3",2328,1264074764792422,1264074764798462
"MEMORY_COPY","MEMORY_COPY_HOST_TO_DEVICE",0,"Agent 0","Agent 3",2330,1264074764834853,1264074764839333
"MEMORY_COPY","MEMORY_COPY_HOST_TO_DEVICE",0,"Agent 0","Agent 3",2332,1264074765889421,1264074766480388
"MEMORY_COPY","MEMORY_COPY_HOST_TO_DEVICE",0,"Agent 0","Agent 3",2334,1264074766507918,1264074766513118
"MEMORY_COPY","MEMORY_COPY_HOST_TO_DEVICE",0,"Agent 0","Agent 3",2336,1264074766696270,1264074766749591
"MEMORY_COPY","MEMORY_COPY_HOST_TO_DEVICE",0,"Agent 0","Agent 3",2338,1264074766773961,1264074766779041
"MEMORY_COPY","MEMORY_COPY_HOST_TO_DEVICE",0,"Agent 0","Agent 3",2340,1264074766924683,1264074766977884
"MEMORY_COPY","MEMORY_COPY_HOST_TO_DEVICE",0,"Agent 0","Agent 3",2342,1264074767001204,1264074767006484
"MEMORY_COPY","MEMORY_COPY_HOST_TO_DEVICE",0,"Agent 0","Agent 3",2344,1264074767550632,1264074767847956
"MEMORY_COPY","MEMORY_COPY_HOST_TO_DEVICE",0,"Agent 0","Agent 3",2346,1264074767874616,1264074767879896
"MEMORY_COPY","MEMORY_COPY_HOST_TO_DEVICE",0,"Agent 0","Agent 3",2352,1264074767977767,1264074767981927
"MEMORY_COPY","MEMORY_COPY_HOST_TO_DEVICE",0,"Agent 0","Agent 3",2354,1264074769265975,1264074769862903
"MEMORY_COPY","MEMORY_COPY_HOST_TO_DEVICE",0,"Agent 0","Agent 3",2354,1264074769867143,1264074770112266
"MEMORY_COPY","MEMORY_COPY_HOST_TO_DEVICE",0,"Agent 0","Agent 3",2356,1264074770136876,1264074770142316
"MEMORY_COPY","MEMORY_COPY_HOST_TO_DEVICE",0,"Agent 0","Agent 3",2358,1264074771388053,1264074771982701
"MEMORY_COPY","MEMORY_COPY_HOST_TO_DEVICE",0,"Agent 0","Agent 3",2358,1264074771987101,1264074772231824
"MEMORY_COPY","MEMORY_COPY_HOST_TO_DEVICE",0,"Agent 0","Agent 3",2360,1264074772257774,1264074772262775
"MEMORY_COPY","MEMORY_COPY_HOST_TO_DEVICE",0,"Agent 0","Agent 3",2362,1264074773490791,1264074774085679
"MEMORY_COPY","MEMORY_COPY_HOST_TO_DEVICE",0,"Agent 0","Agent 3",2362,1264074774089959,1264074774334882
"MEMORY_COPY","MEMORY_COPY_HOST_TO_DEVICE",0,"Agent 0","Agent 3",2364,1264074774409073,1264074774416353
"MEMORY_COPY","MEMORY_COPY_HOST_TO_DEVICE",0,"Agent 0","Agent 3",2366,1264074774451884,1264074774456604
"MEMORY_COPY","MEMORY_COPY_HOST_TO_DEVICE",0,"Agent 0","Agent 3",2368,1264074775455647,1264074775949134
"MEMORY_COPY","MEMORY_COPY_HOST_TO_DEVICE",0,"Agent 0","Agent 3",2370,1264074775974454,1264074775979814
"MEMORY_COPY","MEMORY_COPY_HOST_TO_DEVICE",0,"Agent 0","Agent 3",2372,1264074776576052,1264074776873336
"MEMORY_COPY","MEMORY_COPY_HOST_TO_DEVICE",0,"Agent 0","Agent 3",2374,1264074776897466,1264074776902666
"MEMORY_COPY","MEMORY_COPY_HOST_TO_DEVICE",0,"Agent 0","Agent 3",2376,1264074776920547,1264074776927347
"MEMORY_COPY","MEMORY_COPY_HOST_TO_DEVICE",0,"Agent 0","Agent 3",2378,1264074776950407,1264074776955487
"MEMORY_COPY","MEMORY_COPY_HOST_TO_DEVICE",0,"Agent 0","Agent 3",2380,1264074776973327,1264074776979727
"MEMORY_COPY","MEMORY_COPY_HOST_TO_DEVICE",0,"Agent 0","Agent 3",2382,1264074777002608,1264074777007648
"MEMORY_COPY","MEMORY_COPY_HOST_TO_DEVICE",0,"Agent 0","Agent 3",2388,1264074777122409,1264074777131209
"MEMORY_COPY","MEMORY_COPY_HOST_TO_DEVICE",0,"Agent 0","Agent 3",2392,1264074777743658,1264074778041222
"MEMORY_COPY","MEMORY_COPY_HOST_TO_DEVICE",0,"Agent 0","Agent 3",2394,1264074778067532,1264074778072892
"MEMORY_COPY","MEMORY_COPY_HOST_TO_DEVICE",0,"Agent 0","Agent 3",2396,1264074778095262,1264074778099462
"MEMORY_COPY","MEMORY_COPY_HOST_TO_DEVICE",0,"Agent 0","Agent 3",2398,1264074779386130,1264074779981097
"MEMORY_COPY","MEMORY_COPY_HOST_TO_DEVICE",0,"Agent 0","Agent 3",2398,1264074779985418,1264074780230381
"MEMORY_COPY","MEMORY_COPY_HOST_TO_DEVICE",0,"Agent 0","Agent 3",2400,1264074780255331,1264074780260611
"MEMORY_COPY","MEMORY_COPY_HOST_TO_DEVICE",0,"Agent 0","Agent 3",2402,1264074781586479,1264074782181207
"MEMORY_COPY","MEMORY_COPY_HOST_TO_DEVICE",0,"Agent 0","Agent 3",2402,1264074782185607,1264074782430770
"MEMORY_COPY","MEMORY_COPY_HOST_TO_DEVICE",0,"Agent 0","Agent 3",2404,1264074782456070,1264074782461351
"MEMORY_COPY","MEMORY_COPY_HOST_TO_DEVICE",0,"Agent 0","Agent 3",2406,1264074783746328,1264074784340776
"MEMORY_COPY","MEMORY_COPY_HOST_TO_DEVICE",0,"Agent 0","Agent 3",2406,1264074784345056,1264074784590059
"MEMORY_COPY","MEMORY_COPY_HOST_TO_DEVICE",0,"Agent 0","Agent 3",2408,1264074784640840,1264074784646960
"MEMORY_COPY","MEMORY_COPY_HOST_TO_DEVICE",0,"Agent 0","Agent 3",2410,1264074784684100,1264074784688540
"MEMORY_COPY","MEMORY_COPY_HOST_TO_DEVICE",0,"Agent 0","Agent 3",2412,1264074785594722,1264074786087809
"MEMORY_COPY","MEMORY_COPY_HOST_TO_DEVICE",0,"Agent 0","Agent 3",2414,1264074786112369,1264074786117569
"MEMORY_COPY","MEMORY_COPY_HOST_TO_DEVICE",0,"Agent 0","Agent 3",2416,1264074786660577,1264074786958181
"MEMORY_COPY","MEMORY_COPY_HOST_TO_DEVICE",0,"Agent 0","Agent 3",2418,1264074786982161,1264074786987281
"MEMORY_COPY","MEMORY_COPY_HOST_TO_DEVICE",0,"Agent 0","Agent 3",2420,1264074787122343,1264074787129263
"MEMORY_COPY","MEMORY_COPY_HOST_TO_DEVICE",0,"Agent 0","Agent 3",2422,1264074787162463,1264074787167543
"MEMORY_COPY","MEMORY_COPY_HOST_TO_DEVICE",0,"Agent 0","Agent 3",2424,1264074787204924,1264074787211244
"MEMORY_COPY","MEMORY_COPY_HOST_TO_DEVICE",0,"Agent 0","Agent 3",2426,1264074787238864,1264074787243984
"MEMORY_COPY","MEMORY_COPY_HOST_TO_DEVICE",0,"Agent 0","Agent 3",2432,1264074787364496,1264074787373256
"MEMORY_COPY","MEMORY_COPY_HOST_TO_DEVICE",0,"Agent 0","Agent 3",2436,1264074787968774,1264074788265938
"MEMORY_COPY","MEMORY_COPY_HOST_TO_DEVICE",0,"Agent 0","Agent 3",2438,1264074788292398,1264074788297638
"MEMORY_COPY","MEMORY_COPY_HOST_TO_DEVICE",0,"Agent 0","Agent 3",2440,1264074788321739,1264074788325899
"MEMORY_COPY","MEMORY_COPY_HOST_TO_DEVICE",0,"Agent 0","Agent 3",2442,1264074789551145,1264074790146153
"MEMORY_COPY","MEMORY_COPY_HOST_TO_DEVICE",0,"Agent 0","Agent 3",2442,1264074790150433,1264074790395396
"MEMORY_COPY","MEMORY_COPY_HOST_TO_DEVICE",0,"Agent 0","Agent 3",2444,1264074790427317,1264074790432637
"MEMORY_COPY","MEMORY_COPY_HOST_TO_DEVICE",0,"Agent 0","Agent 3",2446,1264074791743424,1264074792338272
"MEMORY_COPY","MEMORY_COPY_HOST_TO_DEVICE",0,"Agent 0","Agent 3",2446,1264074792342552,1264074792587836
"MEMORY_COPY","MEMORY_COPY_HOST_TO_DEVICE",0,"Agent 0","Agent 3",2448,1264074792613856,1264074792619136
"MEMORY_COPY","MEMORY_COPY_HOST_TO_DEVICE",0,"Agent 0","Agent 3",2450,1264074793823292,1264074794417940
"MEMORY_COPY","MEMORY_COPY_HOST_TO_DEVICE",0,"Agent 0","Agent 3",2450,1264074794422260,1264074794667383
"MEMORY_COPY","MEMORY_COPY_HOST_TO_DEVICE",0,"Agent 0","Agent 3",2452,1264074794726974,1264074794734054
"MEMORY_COPY","MEMORY_COPY_HOST_TO_DEVICE",0,"Agent 0","Agent 3",2454,1264074794799845,1264074794804965
"MEMORY_COPY","MEMORY_COPY_HOST_TO_DEVICE",0,"Agent 0","Agent 3",2456,1264074795868719,1264074796362286
"MEMORY_COPY","MEMORY_COPY_HOST_TO_DEVICE",0,"Agent 0","Agent 3",2458,1264074796427167,1264074796432367
"MEMORY_COPY","MEMORY_COPY_HOST_TO_DEVICE",0,"Agent 0","Agent 3",2460,1264074797043395,1264074797340719
"MEMORY_COPY","MEMORY_COPY_HOST_TO_DEVICE",0,"Agent 0","Agent 3",2462,1264074797364999,1264074797370119
"MEMORY_COPY","MEMORY_COPY_HOST_TO_DEVICE",0,"Agent 0","Agent 3",2464,1264074797398940,1264074797405340
"MEMORY_COPY","MEMORY_COPY_HOST_TO_DEVICE",0,"Agent 0","Agent 3",2466,1264074797451980,1264074797457100
"MEMORY_COPY","MEMORY_COPY_HOST_TO_DEVICE",0,"Agent 0","Agent 3",2468,1264074797477851,1264074797484171
"MEMORY_COPY","MEMORY_COPY_HOST_TO_DEVICE",0,"Agent 0","Agent 3",2470,1264074797509741,1264074797514821
"MEMORY_COPY","MEMORY_COPY_HOST_TO_DEVICE",0,"Agent 0","Agent 3",2476,1264074797639463,1264074797648303
"MEMORY_COPY","MEMORY_COPY_HOST_TO_DEVICE",0,"Agent 0","Agent 3",2480,1264074798273591,1264074798571195
"MEMORY_COPY","MEMORY_COPY_HOST_TO_DEVICE",0,"Agent 0","Agent 3",2482,1264074798597796,1264074798603156
"MEMORY_COPY","MEMORY_COPY_HOST_TO_DEVICE",0,"Agent 0","Agent 3",2484,1264074798627546,1264074798631706
"MEMORY_COPY","MEMORY_COPY_HOST_TO_DEVICE",0,"Agent 0","Agent 3",2486,1264074800081155,1264074800678843
"MEMORY_COPY","MEMORY_COPY_HOST_TO_DEVICE",0,"Agent 0","Agent 3",2486,1264074800683164,1264074800928327
"MEMORY_COPY","MEMORY_COPY_HOST_TO_DEVICE",0,"Agent 0","Agent 3",2488,1264074800955137,1264074800960017
"MEMORY_COPY","MEMORY_COPY_HOST_TO_DEVICE",0,"Agent 0","Agent 3",2490,1264074802377726,1264074802972454
"MEMORY_COPY","MEMORY_COPY_HOST_TO_DEVICE",0,"Agent 0","Agent 3",2490,1264074802976774,1264074803221817
"MEMORY_COPY","MEMORY_COPY_HOST_TO_DEVICE",0,"Agent 0","Agent 3",2492,1264074803248378,1264074803253258
"MEMORY_COPY","MEMORY_COPY_HOST_TO_DEVICE",0,"Agent 0","Agent 3",2494,1264074804632326,1264074805226934
"MEMORY_COPY","MEMORY_COPY_HOST_TO_DEVICE",0,"Agent 0","Agent 3",2494,1264074805231294,1264074805476537
"MEMORY_COPY","MEMORY_COPY_HOST_TO_DEVICE",0,"Agent 0","Agent 3",2496,1264074805529078,1264074805534838
"MEMORY_COPY","MEMORY_COPY_HOST_TO_DEVICE",0,"Agent 0","Agent 3",2498,1264074805570659,1264074805575539
"MEMORY_COPY","MEMORY_COPY_HOST_TO_DEVICE",0,"Agent 0","Agent 3",2500,1264074806933907,1264074807527395
"MEMORY_COPY","MEMORY_COPY_HOST_TO_DEVICE",0,"Agent 0","Agent 3",2502,1264074807552955,1264074807558075
"MEMORY_COPY","MEMORY_COPY_HOST_TO_DEVICE",0,"Agent 0","Agent 3",2504,1264074807781478,1264074807834839
"MEMORY_COPY","MEMORY_COPY_HOST_TO_DEVICE",0,"Agent 0","Agent 3",2506,1264074807861049,1264074807866089
"MEMORY_COPY","MEMORY_COPY_HOST_TO_DEVICE",0,"Agent 0","Agent 3",2508,1264074808089872,1264074808143033
"MEMORY_COPY","MEMORY_COPY_HOST_TO_DEVICE",0,"Agent 0","Agent 3",2510,1264074808166733,1264074808171933
"MEMORY_COPY","MEMORY_COPY_HOST_TO_DEVICE",0,"Agent 0","Agent 3",2512,1264074808863873,1264074809161437
"MEMORY_COPY","MEMORY_COPY_HOST_TO_DEVICE",0,"Agent 0","Agent 3",2514,1264074809191917,1264074809197237
"MEMORY_COPY","MEMORY_COPY_HOST_TO_DEVICE",0,"Agent 0","Agent 3",2520,1264074809300268,1264074809304348
"MEMORY_COPY","MEMORY_COPY_HOST_TO_DEVICE",0,"Agent 0","Agent 3",2522,1264074810826999,1264074811421647
"MEMORY_COPY","MEMORY_COPY_HOST_TO_DEVICE",0,"Agent 0","Agent 3",2522,1264074811425967,1264074811671090
"MEMORY_COPY","MEMORY_COPY_HOST_TO_DEVICE",0,"Agent 0","Agent 3",2524,1264074811697260,1264074811702380
"MEMORY_COPY","MEMORY_COPY_HOST_TO_DEVICE",0,"Agent 0","Agent 3",2526,1264074813256661,1264074813851269
"MEMORY_COPY","MEMORY_COPY_HOST_TO_DEVICE",0,"Agent 0","Agent 3",2526,1264074813855549,1264074814100632
"MEMORY_COPY","MEMORY_COPY_HOST_TO_DEVICE",0,"Agent 0","Agent 3",2528,1264074814126353,1264074814131433
"MEMORY_COPY","MEMORY_COPY_HOST_TO_DEVICE",0,"Agent 0","Agent 3",2530,1264074815654263,1264074816248871
"MEMORY_COPY","MEMORY_COPY_HOST_TO_DEVICE",0,"Agent 0","Agent 3",2530,1264074816253111,1264074816498154
"MEMORY_COPY","MEMORY_COPY_HOST_TO_DEVICE",0,"Agent 0","Agent 3",2532,1264074816550225,1264074816556105
"MEMORY_COPY","MEMORY_COPY_HOST_TO_DEVICE",0,"Agent 0","Agent 3",2534,1264074816594306,1264074816599386
"MEMORY_COPY","MEMORY_COPY_HOST_TO_DEVICE",0,"Agent 0","Agent 3",2536,1264074817987464,1264074818480831
"MEMORY_COPY","MEMORY_COPY_HOST_TO_DEVICE",0,"Agent 0","Agent 3",2538,1264074818506491,1264074818512011
"MEMORY_COPY","MEMORY_COPY_HOST_TO_DEVICE",0,"Agent 0","Agent 3",2540,1264074819239121,1264074819536685
"MEMORY_COPY","MEMORY_COPY_HOST_TO_DEVICE",0,"Agent 0","Agent 3",2542,1264074819561745,1264074819566905
"MEMORY_COPY","MEMORY_COPY_HOST_TO_DEVICE",0,"Agent 0","Agent 3",2544,1264074819595916,1264074819602556
"MEMORY_COPY","MEMORY_COPY_HOST_TO_DEVICE",0,"Agent 0","Agent 3",2546,1264074819625906,1264074819630906
"MEMORY_COPY","MEMORY_COPY_HOST_TO_DEVICE",0,"Agent 0","Agent 3",2548,1264074819652956,1264074819659237
"MEMORY_COPY","MEMORY_COPY_HOST_TO_DEVICE",0,"Agent 0","Agent 3",2550,1264074819685817,1264074819690817
"MEMORY_COPY","MEMORY_COPY_HOST_TO_DEVICE",0,"Agent 0","Agent 3",2556,1264074819805428,1264074819814229
"MEMORY_COPY","MEMORY_COPY_HOST_TO_DEVICE",0,"Agent 0","Agent 3",2560,1264074820513898,1264074820811302
"MEMORY_COPY","MEMORY_COPY_HOST_TO_DEVICE",0,"Agent 0","Agent 3",2562,1264074820837602,1264074820842922
"MEMORY_COPY","MEMORY_COPY_HOST_TO_DEVICE",0,"Agent 0","Agent 3",2564,1264074820867083,1264074820871323
"MEMORY_COPY","MEMORY_COPY_HOST_TO_DEVICE",0,"Agent 0","Agent 3",2566,1264074822447674,1264074823042122
"MEMORY_COPY","MEMORY_COPY_HOST_TO_DEVICE",0,"Agent 0","Agent 3",2566,1264074823046522,1264074823291525
"MEMORY_COPY","MEMORY_COPY_HOST_TO_DEVICE",0,"Agent 0","Agent 3",2568,1264074823316805,1264074823322005
"MEMORY_COPY","MEMORY_COPY_HOST_TO_DEVICE",0,"Agent 0","Agent 3",2570,1264074824898686,1264074825493254
"MEMORY_COPY","MEMORY_COPY_HOST_TO_DEVICE",0,"Agent 0","Agent 3",2570,1264074825497494,1264074825742578
"MEMORY_COPY","MEMORY_COPY_HOST_TO_DEVICE",0,"Agent 0","Agent 3",2572,1264074825842639,1264074825847479
"MEMORY_COPY","MEMORY_COPY_HOST_TO_DEVICE",0,"Agent 0","Agent 3",2574,1264074827424000,1264074828018448
"MEMORY_COPY","MEMORY_COPY_HOST_TO_DEVICE",0,"Agent 0","Agent 3",2574,1264074828022728,1264074828267971
"MEMORY_COPY","MEMORY_COPY_HOST_TO_DEVICE",0,"Agent 0","Agent 3",2576,1264074828319532,1264074828325252
"MEMORY_COPY","MEMORY_COPY_HOST_TO_DEVICE",0,"Agent 0","Agent 3",2578,1264074828362393,1264074828367273
"MEMORY_COPY","MEMORY_COPY_HOST_TO_DEVICE",0,"Agent 0","Agent 3",2580,1264074829563360,1264074830056086
"MEMORY_COPY","MEMORY_COPY_HOST_TO_DEVICE",0,"Agent 0","Agent 3",2582,1264074830084626,1264074830089826
"MEMORY_COPY","MEMORY_COPY_HOST_TO_DEVICE",0,"Agent 0","Agent 3",2584,1264074830829506,1264074831126950
"MEMORY_COPY","MEMORY_COPY_HOST_TO_DEVICE",0,"Agent 0","Agent 3",2586,1264074831151280,1264074831156560
"MEMORY_COPY","MEMORY_COPY_HOST_TO_DEVICE",0,"Agent 0","Agent 3",2588,1264074831182961,1264074831189601
"MEMORY_COPY","MEMORY_COPY_HOST_TO_DEVICE",0,"Agent 0","Agent 3",2590,1264074831212601,1264074831217721
"MEMORY_COPY","MEMORY_COPY_HOST_TO_DEVICE",0,"Agent 0","Agent 3",2592,1264074831240651,1264074831246971
"MEMORY_COPY","MEMORY_COPY_HOST_TO_DEVICE",0,"Agent 0","Agent 3",2594,1264074831271302,1264074831276542
"MEMORY_COPY","MEMORY_COPY_HOST_TO_DEVICE",0,"Agent 0","Agent 3",2600,1264074831391293,1264074831400133
"MEMORY_COPY","MEMORY_COPY_HOST_TO_DEVICE",0,"Agent 0","Agent 3",2604,1264074832244775,1264074832542499
"MEMORY_COPY","MEMORY_COPY_HOST_TO_DEVICE",0,"Agent 0","Agent 3",2606,1264074832569639,1264074832574879
"MEMORY_COPY","MEMORY_COPY_HOST_TO_DEVICE",0,"Agent 0","Agent 3",2608,1264074832599579,1264074832604060
"MEMORY_COPY","MEMORY_COPY_HOST_TO_DEVICE",0,"Agent 0","Agent 3",2610,1264074834476175,1264074835071062
"MEMORY_COPY","MEMORY_COPY_HOST_TO_DEVICE",0,"Agent 0","Agent 3",2610,1264074835075343,1264074835320506
"MEMORY_COPY","MEMORY_COPY_HOST_TO_DEVICE",0,"Agent 0","Agent 3",2612,1264074835347606,1264074835352446
"MEMORY_COPY","MEMORY_COPY_HOST_TO_DEVICE",0,"Agent 0","Agent 3",2614,1264074837367163,1264074837961731
"MEMORY_COPY","MEMORY_COPY_HOST_TO_DEVICE",0,"Agent 0","Agent 3",2614,1264074837966011,1264074838211094
"MEMORY_COPY","MEMORY_COPY_HOST_TO_DEVICE",0,"Agent 0","Agent 3",2616,1264074838237565,1264074838242405
"MEMORY_COPY","MEMORY_COPY_HOST_TO_DEVICE",0,"Agent 0","Agent 3",2618,1264074839974168,1264074840569016
"MEMORY_COPY","MEMORY_COPY_HOST_TO_DEVICE",0,"Agent 0","Agent 3",2618,1264074840573376,1264074840818379
"MEMORY_COPY","MEMORY_COPY_HOST_TO_DEVICE",0,"Agent 0","Agent 3",2620,1264074840870120,1264074840875920
"MEMORY_COPY","MEMORY_COPY_HOST_TO_DEVICE",0,"Agent 0","Agent 3",2622,1264074840913821,1264074840918701
"MEMORY_COPY","MEMORY_COPY_HOST_TO_DEVICE",0,"Agent 0","Agent 3",2624,1264074842680764,1264074843174291
"MEMORY_COPY","MEMORY_COPY_HOST_TO_DEVICE",0,"Agent 0","Agent 3",2626,1264074843200031,1264074843205271
"MEMORY_COPY","MEMORY_COPY_HOST_TO_DEVICE",0,"Agent 0","Agent 3",2628,1264074844137854,1264074844435338
"MEMORY_COPY","MEMORY_COPY_HOST_TO_DEVICE",0,"Agent 0","Agent 3",2630,1264074844459278,1264074844464478
"MEMORY_COPY","MEMORY_COPY_HOST_TO_DEVICE",0,"Agent 0","Agent 3",2632,1264074844486778,1264074844493098
"MEMORY_COPY","MEMORY_COPY_HOST_TO_DEVICE",0,"Agent 0","Agent 3",2634,1264074844517659,1264074844522619
"MEMORY_COPY","MEMORY_COPY_HOST_TO_DEVICE",0,"Agent 0","Agent 3",2636,1264074844543419,1264074844549739
"MEMORY_COPY","MEMORY_COPY_HOST_TO_DEVICE",0,"Agent 0","Agent 3",2638,1264074844572319,1264074844577319
"MEMORY_COPY","MEMORY_COPY_HOST_TO_DEVICE",0,"Agent 0","Agent 3",2644,1264074844696261,1264074844705061
"MEMORY_COPY","MEMORY_COPY_HOST_TO_DEVICE",0,"Agent 0","Agent 3",2648,1264074845679714,1264074845977118
"MEMORY_COPY","MEMORY_COPY_HOST_TO_DEVICE",0,"Agent 0","Agent 3",2650,1264074846004569,1264074846009889
"MEMORY_COPY","MEMORY_COPY_HOST_TO_DEVICE",0,"Agent 0","Agent 3",2652,1264074846036599,1264074846040999
"MEMORY_COPY","MEMORY_COPY_HOST_TO_DEVICE",0,"Agent 0","Agent 3",2654,1264074848108857,1264074848703505
"MEMORY_COPY","MEMORY_COPY_HOST_TO_DEVICE",0,"Agent 0","Agent 3",2654,1264074848708305,1264074848953308
"MEMORY_COPY","MEMORY_COPY_HOST_TO_DEVICE",0,"Agent 0","Agent 3",2656,1264074848978908,1264074848984188
"MEMORY_COPY","MEMORY_COPY_HOST_TO_DEVICE",0,"Agent 0","Agent 3",2658,1264074850682591,1264074851277279
"MEMORY_COPY","MEMORY_COPY_HOST_TO_DEVICE",0,"Agent 0","Agent 3",2658,1264074851281599,1264074851526682
"MEMORY_COPY","MEMORY_COPY_HOST_TO_DEVICE",0,"Agent 0","Agent 3",2660,1264074851551963,1264074851557203
"MEMORY_COPY","MEMORY_COPY_HOST_TO_DEVICE",0,"Agent 0","Agent 3",2662,1264074853664111,1264074854258999
"MEMORY_COPY","MEMORY_COPY_HOST_TO_DEVICE",0,"Agent 0","Agent 3",2662,1264074854293319,1264074854539883
"MEMORY_COPY","MEMORY_COPY_HOST_TO_DEVICE",0,"Agent 0","Agent 3",2664,1264074854591293,1264074854596773
"MEMORY_COPY","MEMORY_COPY_HOST_TO_DEVICE",0,"Agent 0","Agent 3",2666,1264074854636204,1264074854641164
"MEMORY_COPY","MEMORY_COPY_HOST_TO_DEVICE",0,"Agent 0","Agent 3",2668,1264074856218645,1264074856809693
"MEMORY_COPY","MEMORY_COPY_HOST_TO_DEVICE",0,"Agent 0","Agent 3",2670,1264074856835593,1264074856840753
"MEMORY_COPY","MEMORY_COPY_HOST_TO_DEVICE",0,"Agent 0","Agent 3",2672,1264074857071416,1264074857124577
"MEMORY_COPY","MEMORY_COPY_HOST_TO_DEVICE",0,"Agent 0","Agent 3",2674,1264074857148427,1264074857153467
"MEMORY_COPY","MEMORY_COPY_HOST_TO_DEVICE",0,"Agent 0","Agent 3",2676,1264074857344510,1264074857397591
"MEMORY_COPY","MEMORY_COPY_HOST_TO_DEVICE",0,"Agent 0","Agent 3",2678,1264074857432871,1264074857438071
"MEMORY_COPY","MEMORY_COPY_HOST_TO_DEVICE",0,"Agent 0","Agent 3",2680,1264074858223662,1264074858523626
"MEMORY_COPY","MEMORY_COPY_HOST_TO_DEVICE",0,"Agent 0","Agent 3",2682,1264074858550466,1264074858555866
"MEMORY_COPY","MEMORY_COPY_HOST_TO_DEVICE",0,"Agent 0","Agent 3",2688,1264074858656328,1264074858660568
"MEMORY_COPY","MEMORY_COPY_HOST_TO_DEVICE",0,"Agent 0","Agent 3",2690,1264074860235919,1264074860831047
"MEMORY_COPY","MEMORY_COPY_HOST_TO_DEVICE",0,"Agent 0","Agent 3",2690,1264074860835367,1264074861080530
"MEMORY_COPY","MEMORY_COPY_HOST_TO_DEVICE",0,"Agent 0","Agent 3",2692,1264074861105660,1264074861111140
"MEMORY_COPY","MEMORY_COPY_HOST_TO_DEVICE",0,"Agent 0","Agent 3",2694,1264074862751022,1264074863346030
"MEMORY_COPY","MEMORY_COPY_HOST_TO_DEVICE",0,"Agent 0","Agent 3",2694,1264074863350270,1264074863595354
"MEMORY_COPY","MEMORY_COPY_HOST_TO_DEVICE",0,"Agent 0","Agent 3",2696,1264074863619874,1264074863625394
"MEMORY_COPY","MEMORY_COPY_HOST_TO_DEVICE",0,"Agent 0","Agent 3",2698,1264074865266016,1264074865860944
"MEMORY_COPY","MEMORY_COPY_HOST_TO_DEVICE",0,"Agent 0","Agent 3",2698,1264074865865224,1264074866110387
"MEMORY_COPY","MEMORY_COPY_HOST_TO_DEVICE",0,"Agent 0","Agent 3",2700,1264074866159458,1264074866165818
