Rayon: 51 worker threads (64 cores available, default 80% = 51)
Architecture: qwen3_5 (id=5)
Loading: /home/kaden/qcal/parents/qwen3.8-27b/model-00001-of-00018.safetensors
Loading: /home/kaden/qcal/parents/qwen3.8-27b/model-00002-of-00018.safetensors
Loading: /home/kaden/qcal/parents/qwen3.8-27b/model-00003-of-00018.safetensors
Loading: /home/kaden/qcal/parents/qwen3.8-27b/model-00004-of-00018.safetensors
Loading: /home/kaden/qcal/parents/qwen3.8-27b/model-00005-of-00018.safetensors
Loading: /home/kaden/qcal/parents/qwen3.8-27b/model-00006-of-00018.safetensors
Loading: /home/kaden/qcal/parents/qwen3.8-27b/model-00007-of-00018.safetensors
Loading: /home/kaden/qcal/parents/qwen3.8-27b/model-00008-of-00018.safetensors
Loading: /home/kaden/qcal/parents/qwen3.8-27b/model-00009-of-00018.safetensors
Loading: /home/kaden/qcal/parents/qwen3.8-27b/model-00010-of-00018.safetensors
Loading: /home/kaden/qcal/parents/qwen3.8-27b/model-00011-of-00018.safetensors
Loading: /home/kaden/qcal/parents/qwen3.8-27b/model-00012-of-00018.safetensors
Loading: /home/kaden/qcal/parents/qwen3.8-27b/model-00013-of-00018.safetensors
Loading: /home/kaden/qcal/parents/qwen3.8-27b/model-00014-of-00018.safetensors
Loading: /home/kaden/qcal/parents/qwen3.8-27b/model-00015-of-00018.safetensors
Loading: /home/kaden/qcal/parents/qwen3.8-27b/model-00016-of-00018.safetensors
Loading: /home/kaden/qcal/parents/qwen3.8-27b/model-00017-of-00018.safetensors
Loading: /home/kaden/qcal/parents/qwen3.8-27b/model-00018-of-00018.safetensors
Found 1199 tensors (0 FP8 scale siblings indexed)
   HFP4G32: lm_head.weight [248320, 5120] (1271398400 elements, 2483200.0 KB → 663480.0 KB)
    Q8_F16: model.language_model.embed_tokens.weight [248320, 5120] (1271398400 elements, 2483200.0 KB → 1319200.0 KB)
       F16: model.language_model.layers.0.input_layernorm.weight [5120] (5120 elements, 10.0 KB → 10.0 KB) [F16 fallback]
       F16: model.language_model.layers.0.linear_attn.A_log [48] (48 elements, 0.1 KB → 0.1 KB) [F16 fallback]
    Q8_F16: model.language_model.layers.0.linear_attn.conv1d.weight [10240, 1, 4] (40960 elements, 80.0 KB → 42.5 KB)
       F16: model.language_model.layers.0.linear_attn.dt_bias [48] (48 elements, 0.1 KB → 0.1 KB) [F16 fallback]
   HFP4G32: model.language_model.layers.0.linear_attn.in_proj_a.weight [48, 5120] (245760 elements, 480.0 KB → 128.2 KB)
   HFP4G32: model.language_model.layers.0.linear_attn.in_proj_b.weight [48, 5120] (245760 elements, 480.0 KB → 128.2 KB)
   HFP4G32: model.language_model.layers.0.linear_attn.in_proj_qkv.weight [10240, 5120] (52428800 elements, 102400.0 KB → 27360.0 KB)
   HFP4G32: model.language_model.layers.0.linear_attn.in_proj_z.weight [6144, 5120] (31457280 elements, 61440.0 KB → 16416.0 KB)
       F16: model.language_model.layers.0.linear_attn.norm.weight [128] (128 elements, 0.2 KB → 0.2 KB) [F16 fallback]
   HFP4G32: model.language_model.layers.0.linear_attn.out_proj.weight [5120, 6144] (31457280 elements, 61440.0 KB → 16400.0 KB)
   HFP4G32: model.language_model.layers.0.mlp.down_proj.weight [5120, 17408] (89128960 elements, 174080.0 KB → 46320.0 KB)
   HFP4G32: model.language_model.layers.0.mlp.gate_proj.weight [17408, 5120] (89128960 elements, 174080.0 KB → 46512.0 KB)
   HFP4G32: model.language_model.layers.0.mlp.up_proj.weight [17408, 5120] (89128960 elements, 174080.0 KB → 46512.0 KB)
       F16: model.language_model.layers.0.post_attention_layernorm.weight [5120] (5120 elements, 10.0 KB → 10.0 KB) [F16 fallback]
       F16: model.language_model.layers.1.input_layernorm.weight [5120] (5120 elements, 10.0 KB → 10.0 KB) [F16 fallback]
       F16: model.language_model.layers.1.linear_attn.A_log [48] (48 elements, 0.1 KB → 0.1 KB) [F16 fallback]
    Q8_F16: model.language_model.layers.1.linear_attn.conv1d.weight [10240, 1, 4] (40960 elements, 80.0 KB → 42.5 KB)
       F16: model.language_model.layers.1.linear_attn.dt_bias [48] (48 elements, 0.1 KB → 0.1 KB) [F16 fallback]
   HFP4G32: model.language_model.layers.1.linear_attn.in_proj_a.weight [48, 5120] (245760 elements, 480.0 KB → 128.2 KB)
   HFP4G32: model.language_model.layers.1.linear_attn.in_proj_b.weight [48, 5120] (245760 elements, 480.0 KB → 128.2 KB)
   HFP4G32: model.language_model.layers.1.linear_attn.in_proj_qkv.weight [10240, 5120] (52428800 elements, 102400.0 KB → 27360.0 KB)
   HFP4G32: model.language_model.layers.1.linear_attn.in_proj_z.weight [6144, 5120] (31457280 elements, 61440.0 KB → 16416.0 KB)
       F16: model.language_model.layers.1.linear_attn.norm.weight [128] (128 elements, 0.2 KB → 0.2 KB) [F16 fallback]
   HFP4G32: model.language_model.layers.1.linear_attn.out_proj.weight [5120, 6144] (31457280 elements, 61440.0 KB → 16400.0 KB)
   HFP4G32: model.language_model.layers.1.mlp.down_proj.weight [5120, 17408] (89128960 elements, 174080.0 KB → 46320.0 KB)
   HFP4G32: model.language_model.layers.1.mlp.gate_proj.weight [17408, 5120] (89128960 elements, 174080.0 KB → 46512.0 KB)
   HFP4G32: model.language_model.layers.1.mlp.up_proj.weight [17408, 5120] (89128960 elements, 174080.0 KB → 46512.0 KB)
       F16: model.language_model.layers.1.post_attention_layernorm.weight [5120] (5120 elements, 10.0 KB → 10.0 KB) [F16 fallback]
       F16: model.language_model.layers.10.input_layernorm.weight [5120] (5120 elements, 10.0 KB → 10.0 KB) [F16 fallback]
       F16: model.language_model.layers.10.linear_attn.A_log [48] (48 elements, 0.1 KB → 0.1 KB) [F16 fallback]
    Q8_F16: model.language_model.layers.10.linear_attn.conv1d.weight [10240, 1, 4] (40960 elements, 80.0 KB → 42.5 KB)
       F16: model.language_model.layers.10.linear_attn.dt_bias [48] (48 elements, 0.1 KB → 0.1 KB) [F16 fallback]
   HFP4G32: model.language_model.layers.10.linear_attn.in_proj_a.weight [48, 5120] (245760 elements, 480.0 KB → 128.2 KB)
   HFP4G32: model.language_model.layers.10.linear_attn.in_proj_b.weight [48, 5120] (245760 elements, 480.0 KB → 128.2 KB)
   HFP4G32: model.language_model.layers.10.linear_attn.in_proj_qkv.weight [10240, 5120] (52428800 elements, 102400.0 KB → 27360.0 KB)
   HFP4G32: model.language_model.layers.10.linear_attn.in_proj_z.weight [6144, 5120] (31457280 elements, 61440.0 KB → 16416.0 KB)
       F16: model.language_model.layers.10.linear_attn.norm.weight [128] (128 elements, 0.2 KB → 0.2 KB) [F16 fallback]
   HFP4G32: model.language_model.layers.10.linear_attn.out_proj.weight [5120, 6144] (31457280 elements, 61440.0 KB → 16400.0 KB)
   HFP4G32: model.language_model.layers.10.mlp.down_proj.weight [5120, 17408] (89128960 elements, 174080.0 KB → 46320.0 KB)
   HFP4G32: model.language_model.layers.10.mlp.gate_proj.weight [17408, 5120] (89128960 elements, 174080.0 KB → 46512.0 KB)
   HFP4G32: model.language_model.layers.10.mlp.up_proj.weight [17408, 5120] (89128960 elements, 174080.0 KB → 46512.0 KB)
       F16: model.language_model.layers.10.post_attention_layernorm.weight [5120] (5120 elements, 10.0 KB → 10.0 KB) [F16 fallback]
       F16: model.language_model.layers.11.input_layernorm.weight [5120] (5120 elements, 10.0 KB → 10.0 KB) [F16 fallback]
   HFP4G32: model.language_model.layers.11.mlp.down_proj.weight [5120, 17408] (89128960 elements, 174080.0 KB → 46320.0 KB)
   HFP4G32: model.language_model.layers.11.mlp.gate_proj.weight [17408, 5120] (89128960 elements, 174080.0 KB → 46512.0 KB)
   HFP4G32: model.language_model.layers.11.mlp.up_proj.weight [17408, 5120] (89128960 elements, 174080.0 KB → 46512.0 KB)
       F16: model.language_model.layers.11.post_attention_layernorm.weight [5120] (5120 elements, 10.0 KB → 10.0 KB) [F16 fallback]
       F16: model.language_model.layers.11.self_attn.k_norm.weight [256] (256 elements, 0.5 KB → 0.5 KB) [F16 fallback]
   HFP4G32: model.language_model.layers.11.self_attn.k_proj.weight [1024, 5120] (5242880 elements, 10240.0 KB → 2736.0 KB)
   HFP4G32: model.language_model.layers.11.self_attn.o_proj.weight [5120, 6144] (31457280 elements, 61440.0 KB → 16400.0 KB)
       F16: model.language_model.layers.11.self_attn.q_norm.weight [256] (256 elements, 0.5 KB → 0.5 KB) [F16 fallback]
   HFP4G32: model.language_model.layers.11.self_attn.q_proj.weight [12288, 5120] (62914560 elements, 122880.0 KB → 32832.0 KB)
   HFP4G32: model.language_model.layers.11.self_attn.v_proj.weight [1024, 5120] (5242880 elements, 10240.0 KB → 2736.0 KB)
       F16: model.language_model.layers.12.input_layernorm.weight [5120] (5120 elements, 10.0 KB → 10.0 KB) [F16 fallback]
       F16: model.language_model.layers.12.linear_attn.A_log [48] (48 elements, 0.1 KB → 0.1 KB) [F16 fallback]
    Q8_F16: model.language_model.layers.12.linear_attn.conv1d.weight [10240, 1, 4] (40960 elements, 80.0 KB → 42.5 KB)
       F16: model.language_model.layers.12.linear_attn.dt_bias [48] (48 elements, 0.1 KB → 0.1 KB) [F16 fallback]
   HFP4G32: model.language_model.layers.12.linear_attn.in_proj_a.weight [48, 5120] (245760 elements, 480.0 KB → 128.2 KB)
   HFP4G32: model.language_model.layers.12.linear_attn.in_proj_b.weight [48, 5120] (245760 elements, 480.0 KB → 128.2 KB)
   HFP4G32: model.language_model.layers.12.linear_attn.in_proj_qkv.weight [10240, 5120] (52428800 elements, 102400.0 KB → 27360.0 KB)
   HFP4G32: model.language_model.layers.12.linear_attn.in_proj_z.weight [6144, 5120] (31457280 elements, 61440.0 KB → 16416.0 KB)
       F16: model.language_model.layers.12.linear_attn.norm.weight [128] (128 elements, 0.2 KB → 0.2 KB) [F16 fallback]
   HFP4G32: model.language_model.layers.12.linear_attn.out_proj.weight [5120, 6144] (31457280 elements, 61440.0 KB → 16400.0 KB)
   HFP4G32: model.language_model.layers.12.mlp.down_proj.weight [5120, 17408] (89128960 elements, 174080.0 KB → 46320.0 KB)
   HFP4G32: model.language_model.layers.12.mlp.gate_proj.weight [17408, 5120] (89128960 elements, 174080.0 KB → 46512.0 KB)
   HFP4G32: model.language_model.layers.12.mlp.up_proj.weight [17408, 5120] (89128960 elements, 174080.0 KB → 46512.0 KB)
       F16: model.language_model.layers.12.post_attention_layernorm.weight [5120] (5120 elements, 10.0 KB → 10.0 KB) [F16 fallback]
       F16: model.language_model.layers.13.input_layernorm.weight [5120] (5120 elements, 10.0 KB → 10.0 KB) [F16 fallback]
       F16: model.language_model.layers.13.linear_attn.A_log [48] (48 elements, 0.1 KB → 0.1 KB) [F16 fallback]
    Q8_F16: model.language_model.layers.13.linear_attn.conv1d.weight [10240, 1, 4] (40960 elements, 80.0 KB → 42.5 KB)
       F16: model.language_model.layers.13.linear_attn.dt_bias [48] (48 elements, 0.1 KB → 0.1 KB) [F16 fallback]
   HFP4G32: model.language_model.layers.13.linear_attn.in_proj_a.weight [48, 5120] (245760 elements, 480.0 KB → 128.2 KB)
   HFP4G32: model.language_model.layers.13.linear_attn.in_proj_b.weight [48, 5120] (245760 elements, 480.0 KB → 128.2 KB)
   HFP4G32: model.language_model.layers.13.linear_attn.in_proj_qkv.weight [10240, 5120] (52428800 elements, 102400.0 KB → 27360.0 KB)
   HFP4G32: model.language_model.layers.13.linear_attn.in_proj_z.weight [6144, 5120] (31457280 elements, 61440.0 KB → 16416.0 KB)
       F16: model.language_model.layers.13.linear_attn.norm.weight [128] (128 elements, 0.2 KB → 0.2 KB) [F16 fallback]
   HFP4G32: model.language_model.layers.13.linear_attn.out_proj.weight [5120, 6144] (31457280 elements, 61440.0 KB → 16400.0 KB)
   HFP4G32: model.language_model.layers.13.mlp.down_proj.weight [5120, 17408] (89128960 elements, 174080.0 KB → 46320.0 KB)
   HFP4G32: model.language_model.layers.13.mlp.gate_proj.weight [17408, 5120] (89128960 elements, 174080.0 KB → 46512.0 KB)
   HFP4G32: model.language_model.layers.13.mlp.up_proj.weight [17408, 5120] (89128960 elements, 174080.0 KB → 46512.0 KB)
       F16: model.language_model.layers.13.post_attention_layernorm.weight [5120] (5120 elements, 10.0 KB → 10.0 KB) [F16 fallback]
       F16: model.language_model.layers.14.input_layernorm.weight [5120] (5120 elements, 10.0 KB → 10.0 KB) [F16 fallback]
       F16: model.language_model.layers.14.linear_attn.A_log [48] (48 elements, 0.1 KB → 0.1 KB) [F16 fallback]
    Q8_F16: model.language_model.layers.14.linear_attn.conv1d.weight [10240, 1, 4] (40960 elements, 80.0 KB → 42.5 KB)
       F16: model.language_model.layers.14.linear_attn.dt_bias [48] (48 elements, 0.1 KB → 0.1 KB) [F16 fallback]
   HFP4G32: model.language_model.layers.14.linear_attn.in_proj_a.weight [48, 5120] (245760 elements, 480.0 KB → 128.2 KB)
   HFP4G32: model.language_model.layers.14.linear_attn.in_proj_b.weight [48, 5120] (245760 elements, 480.0 KB → 128.2 KB)
   HFP4G32: model.language_model.layers.14.linear_attn.in_proj_qkv.weight [10240, 5120] (52428800 elements, 102400.0 KB → 27360.0 KB)
   HFP4G32: model.language_model.layers.14.linear_attn.in_proj_z.weight [6144, 5120] (31457280 elements, 61440.0 KB → 16416.0 KB)
       F16: model.language_model.layers.14.linear_attn.norm.weight [128] (128 elements, 0.2 KB → 0.2 KB) [F16 fallback]
   HFP4G32: model.language_model.layers.14.linear_attn.out_proj.weight [5120, 6144] (31457280 elements, 61440.0 KB → 16400.0 KB)
   HFP4G32: model.language_model.layers.14.mlp.down_proj.weight [5120, 17408] (89128960 elements, 174080.0 KB → 46320.0 KB)
   HFP4G32: model.language_model.layers.14.mlp.gate_proj.weight [17408, 5120] (89128960 elements, 174080.0 KB → 46512.0 KB)
   HFP4G32: model.language_model.layers.14.mlp.up_proj.weight [17408, 5120] (89128960 elements, 174080.0 KB → 46512.0 KB)
       F16: model.language_model.layers.14.post_attention_layernorm.weight [5120] (5120 elements, 10.0 KB → 10.0 KB) [F16 fallback]
       F16: model.language_model.layers.15.input_layernorm.weight [5120] (5120 elements, 10.0 KB → 10.0 KB) [F16 fallback]
   HFP4G32: model.language_model.layers.15.mlp.down_proj.weight [5120, 17408] (89128960 elements, 174080.0 KB → 46320.0 KB)
   HFP4G32: model.language_model.layers.15.mlp.gate_proj.weight [17408, 5120] (89128960 elements, 174080.0 KB → 46512.0 KB)
   HFP4G32: model.language_model.layers.15.mlp.up_proj.weight [17408, 5120] (89128960 elements, 174080.0 KB → 46512.0 KB)
       F16: model.language_model.layers.15.post_attention_layernorm.weight [5120] (5120 elements, 10.0 KB → 10.0 KB) [F16 fallback]
       F16: model.language_model.layers.15.self_attn.k_norm.weight [256] (256 elements, 0.5 KB → 0.5 KB) [F16 fallback]
   HFP4G32: model.language_model.layers.15.self_attn.k_proj.weight [1024, 5120] (5242880 elements, 10240.0 KB → 2736.0 KB)
   HFP4G32: model.language_model.layers.15.self_attn.o_proj.weight [5120, 6144] (31457280 elements, 61440.0 KB → 16400.0 KB)
       F16: model.language_model.layers.15.self_attn.q_norm.weight [256] (256 elements, 0.5 KB → 0.5 KB) [F16 fallback]
   HFP4G32: model.language_model.layers.15.self_attn.q_proj.weight [12288, 5120] (62914560 elements, 122880.0 KB → 32832.0 KB)
   HFP4G32: model.language_model.layers.15.self_attn.v_proj.weight [1024, 5120] (5242880 elements, 10240.0 KB → 2736.0 KB)
       F16: model.language_model.layers.16.input_layernorm.weight [5120] (5120 elements, 10.0 KB → 10.0 KB) [F16 fallback]
       F16: model.language_model.layers.16.linear_attn.A_log [48] (48 elements, 0.1 KB → 0.1 KB) [F16 fallback]
    Q8_F16: model.language_model.layers.16.linear_attn.conv1d.weight [10240, 1, 4] (40960 elements, 80.0 KB → 42.5 KB)
       F16: model.language_model.layers.16.linear_attn.dt_bias [48] (48 elements, 0.1 KB → 0.1 KB) [F16 fallback]
   HFP4G32: model.language_model.layers.16.linear_attn.in_proj_a.weight [48, 5120] (245760 elements, 480.0 KB → 128.2 KB)
   HFP4G32: model.language_model.layers.16.linear_attn.in_proj_b.weight [48, 5120] (245760 elements, 480.0 KB → 128.2 KB)
   HFP4G32: model.language_model.layers.16.linear_attn.in_proj_qkv.weight [10240, 5120] (52428800 elements, 102400.0 KB → 27360.0 KB)
   HFP4G32: model.language_model.layers.16.linear_attn.in_proj_z.weight [6144, 5120] (31457280 elements, 61440.0 KB → 16416.0 KB)
       F16: model.language_model.layers.16.linear_attn.norm.weight [128] (128 elements, 0.2 KB → 0.2 KB) [F16 fallback]
   HFP4G32: model.language_model.layers.16.linear_attn.out_proj.weight [5120, 6144] (31457280 elements, 61440.0 KB → 16400.0 KB)
   HFP4G32: model.language_model.layers.16.mlp.down_proj.weight [5120, 17408] (89128960 elements, 174080.0 KB → 46320.0 KB)
   HFP4G32: model.language_model.layers.16.mlp.gate_proj.weight [17408, 5120] (89128960 elements, 174080.0 KB → 46512.0 KB)
   HFP4G32: model.language_model.layers.16.mlp.up_proj.weight [17408, 5120] (89128960 elements, 174080.0 KB → 46512.0 KB)
       F16: model.language_model.layers.16.post_attention_layernorm.weight [5120] (5120 elements, 10.0 KB → 10.0 KB) [F16 fallback]
       F16: model.language_model.layers.17.input_layernorm.weight [5120] (5120 elements, 10.0 KB → 10.0 KB) [F16 fallback]
       F16: model.language_model.layers.17.linear_attn.A_log [48] (48 elements, 0.1 KB → 0.1 KB) [F16 fallback]
    Q8_F16: model.language_model.layers.17.linear_attn.conv1d.weight [10240, 1, 4] (40960 elements, 80.0 KB → 42.5 KB)
       F16: model.language_model.layers.17.linear_attn.dt_bias [48] (48 elements, 0.1 KB → 0.1 KB) [F16 fallback]
   HFP4G32: model.language_model.layers.17.linear_attn.in_proj_a.weight [48, 5120] (245760 elements, 480.0 KB → 128.2 KB)
   HFP4G32: model.language_model.layers.17.linear_attn.in_proj_b.weight [48, 5120] (245760 elements, 480.0 KB → 128.2 KB)
   HFP4G32: model.language_model.layers.17.linear_attn.in_proj_qkv.weight [10240, 5120] (52428800 elements, 102400.0 KB → 27360.0 KB)
   HFP4G32: model.language_model.layers.17.linear_attn.in_proj_z.weight [6144, 5120] (31457280 elements, 61440.0 KB → 16416.0 KB)
       F16: model.language_model.layers.17.linear_attn.norm.weight [128] (128 elements, 0.2 KB → 0.2 KB) [F16 fallback]
   HFP4G32: model.language_model.layers.17.linear_attn.out_proj.weight [5120, 6144] (31457280 elements, 61440.0 KB → 16400.0 KB)
   HFP4G32: model.language_model.layers.17.mlp.down_proj.weight [5120, 17408] (89128960 elements, 174080.0 KB → 46320.0 KB)
   HFP4G32: model.language_model.layers.17.mlp.gate_proj.weight [17408, 5120] (89128960 elements, 174080.0 KB → 46512.0 KB)
   HFP4G32: model.language_model.layers.17.mlp.up_proj.weight [17408, 5120] (89128960 elements, 174080.0 KB → 46512.0 KB)
       F16: model.language_model.layers.17.post_attention_layernorm.weight [5120] (5120 elements, 10.0 KB → 10.0 KB) [F16 fallback]
       F16: model.language_model.layers.18.input_layernorm.weight [5120] (5120 elements, 10.0 KB → 10.0 KB) [F16 fallback]
       F16: model.language_model.layers.18.linear_attn.A_log [48] (48 elements, 0.1 KB → 0.1 KB) [F16 fallback]
    Q8_F16: model.language_model.layers.18.linear_attn.conv1d.weight [10240, 1, 4] (40960 elements, 80.0 KB → 42.5 KB)
       F16: model.language_model.layers.18.linear_attn.dt_bias [48] (48 elements, 0.1 KB → 0.1 KB) [F16 fallback]
   HFP4G32: model.language_model.layers.18.linear_attn.in_proj_a.weight [48, 5120] (245760 elements, 480.0 KB → 128.2 KB)
   HFP4G32: model.language_model.layers.18.linear_attn.in_proj_b.weight [48, 5120] (245760 elements, 480.0 KB → 128.2 KB)
   HFP4G32: model.language_model.layers.18.linear_attn.in_proj_qkv.weight [10240, 5120] (52428800 elements, 102400.0 KB → 27360.0 KB)
   HFP4G32: model.language_model.layers.18.linear_attn.in_proj_z.weight [6144, 5120] (31457280 elements, 61440.0 KB → 16416.0 KB)
       F16: model.language_model.layers.18.linear_attn.norm.weight [128] (128 elements, 0.2 KB → 0.2 KB) [F16 fallback]
   HFP4G32: model.language_model.layers.18.linear_attn.out_proj.weight [5120, 6144] (31457280 elements, 61440.0 KB → 16400.0 KB)
   HFP4G32: model.language_model.layers.18.mlp.down_proj.weight [5120, 17408] (89128960 elements, 174080.0 KB → 46320.0 KB)
   HFP4G32: model.language_model.layers.18.mlp.gate_proj.weight [17408, 5120] (89128960 elements, 174080.0 KB → 46512.0 KB)
   HFP4G32: model.language_model.layers.18.mlp.up_proj.weight [17408, 5120] (89128960 elements, 174080.0 KB → 46512.0 KB)
       F16: model.language_model.layers.18.post_attention_layernorm.weight [5120] (5120 elements, 10.0 KB → 10.0 KB) [F16 fallback]
       F16: model.language_model.layers.19.input_layernorm.weight [5120] (5120 elements, 10.0 KB → 10.0 KB) [F16 fallback]
   HFP4G32: model.language_model.layers.19.mlp.down_proj.weight [5120, 17408] (89128960 elements, 174080.0 KB → 46320.0 KB)
   HFP4G32: model.language_model.layers.19.mlp.gate_proj.weight [17408, 5120] (89128960 elements, 174080.0 KB → 46512.0 KB)
   HFP4G32: model.language_model.layers.19.mlp.up_proj.weight [17408, 5120] (89128960 elements, 174080.0 KB → 46512.0 KB)
       F16: model.language_model.layers.19.post_attention_layernorm.weight [5120] (5120 elements, 10.0 KB → 10.0 KB) [F16 fallback]
       F16: model.language_model.layers.19.self_attn.k_norm.weight [256] (256 elements, 0.5 KB → 0.5 KB) [F16 fallback]
   HFP4G32: model.language_model.layers.19.self_attn.k_proj.weight [1024, 5120] (5242880 elements, 10240.0 KB → 2736.0 KB)
   HFP4G32: model.language_model.layers.19.self_attn.o_proj.weight [5120, 6144] (31457280 elements, 61440.0 KB → 16400.0 KB)
       F16: model.language_model.layers.19.self_attn.q_norm.weight [256] (256 elements, 0.5 KB → 0.5 KB) [F16 fallback]
   HFP4G32: model.language_model.layers.19.self_attn.q_proj.weight [12288, 5120] (62914560 elements, 122880.0 KB → 32832.0 KB)
   HFP4G32: model.language_model.layers.19.self_attn.v_proj.weight [1024, 5120] (5242880 elements, 10240.0 KB → 2736.0 KB)
       F16: model.language_model.layers.2.input_layernorm.weight [5120] (5120 elements, 10.0 KB → 10.0 KB) [F16 fallback]
       F16: model.language_model.layers.2.linear_attn.A_log [48] (48 elements, 0.1 KB → 0.1 KB) [F16 fallback]
    Q8_F16: model.language_model.layers.2.linear_attn.conv1d.weight [10240, 1, 4] (40960 elements, 80.0 KB → 42.5 KB)
       F16: model.language_model.layers.2.linear_attn.dt_bias [48] (48 elements, 0.1 KB → 0.1 KB) [F16 fallback]
   HFP4G32: model.language_model.layers.2.linear_attn.in_proj_a.weight [48, 5120] (245760 elements, 480.0 KB → 128.2 KB)
   HFP4G32: model.language_model.layers.2.linear_attn.in_proj_b.weight [48, 5120] (245760 elements, 480.0 KB → 128.2 KB)
   HFP4G32: model.language_model.layers.2.linear_attn.in_proj_qkv.weight [10240, 5120] (52428800 elements, 102400.0 KB → 27360.0 KB)
   HFP4G32: model.language_model.layers.2.linear_attn.in_proj_z.weight [6144, 5120] (31457280 elements, 61440.0 KB → 16416.0 KB)
       F16: model.language_model.layers.2.linear_attn.norm.weight [128] (128 elements, 0.2 KB → 0.2 KB) [F16 fallback]
   HFP4G32: model.language_model.layers.2.linear_attn.out_proj.weight [5120, 6144] (31457280 elements, 61440.0 KB → 16400.0 KB)
   HFP4G32: model.language_model.layers.2.mlp.down_proj.weight [5120, 17408] (89128960 elements, 174080.0 KB → 46320.0 KB)
   HFP4G32: model.language_model.layers.2.mlp.gate_proj.weight [17408, 5120] (89128960 elements, 174080.0 KB → 46512.0 KB)
   HFP4G32: model.language_model.layers.2.mlp.up_proj.weight [17408, 5120] (89128960 elements, 174080.0 KB → 46512.0 KB)
       F16: model.language_model.layers.2.post_attention_layernorm.weight [5120] (5120 elements, 10.0 KB → 10.0 KB) [F16 fallback]
       F16: model.language_model.layers.20.input_layernorm.weight [5120] (5120 elements, 10.0 KB → 10.0 KB) [F16 fallback]
       F16: model.language_model.layers.20.linear_attn.A_log [48] (48 elements, 0.1 KB → 0.1 KB) [F16 fallback]
    Q8_F16: model.language_model.layers.20.linear_attn.conv1d.weight [10240, 1, 4] (40960 elements, 80.0 KB → 42.5 KB)
       F16: model.language_model.layers.20.linear_attn.dt_bias [48] (48 elements, 0.1 KB → 0.1 KB) [F16 fallback]
   HFP4G32: model.language_model.layers.20.linear_attn.in_proj_a.weight [48, 5120] (245760 elements, 480.0 KB → 128.2 KB)
   HFP4G32: model.language_model.layers.20.linear_attn.in_proj_b.weight [48, 5120] (245760 elements, 480.0 KB → 128.2 KB)
   HFP4G32: model.language_model.layers.20.linear_attn.in_proj_qkv.weight [10240, 5120] (52428800 elements, 102400.0 KB → 27360.0 KB)
   HFP4G32: model.language_model.layers.20.linear_attn.in_proj_z.weight [6144, 5120] (31457280 elements, 61440.0 KB → 16416.0 KB)
       F16: model.language_model.layers.20.linear_attn.norm.weight [128] (128 elements, 0.2 KB → 0.2 KB) [F16 fallback]
   HFP4G32: model.language_model.layers.20.linear_attn.out_proj.weight [5120, 6144] (31457280 elements, 61440.0 KB → 16400.0 KB)
   HFP4G32: model.language_model.layers.20.mlp.down_proj.weight [5120, 17408] (89128960 elements, 174080.0 KB → 46320.0 KB)
   HFP4G32: model.language_model.layers.20.mlp.gate_proj.weight [17408, 5120] (89128960 elements, 174080.0 KB → 46512.0 KB)
   HFP4G32: model.language_model.layers.20.mlp.up_proj.weight [17408, 5120] (89128960 elements, 174080.0 KB → 46512.0 KB)
       F16: model.language_model.layers.20.post_attention_layernorm.weight [5120] (5120 elements, 10.0 KB → 10.0 KB) [F16 fallback]
       F16: model.language_model.layers.21.input_layernorm.weight [5120] (5120 elements, 10.0 KB → 10.0 KB) [F16 fallback]
       F16: model.language_model.layers.21.linear_attn.A_log [48] (48 elements, 0.1 KB → 0.1 KB) [F16 fallback]
    Q8_F16: model.language_model.layers.21.linear_attn.conv1d.weight [10240, 1, 4] (40960 elements, 80.0 KB → 42.5 KB)
       F16: model.language_model.layers.21.linear_attn.dt_bias [48] (48 elements, 0.1 KB → 0.1 KB) [F16 fallback]
   HFP4G32: model.language_model.layers.21.linear_attn.in_proj_a.weight [48, 5120] (245760 elements, 480.0 KB → 128.2 KB)
   HFP4G32: model.language_model.layers.21.linear_attn.in_proj_b.weight [48, 5120] (245760 elements, 480.0 KB → 128.2 KB)
   HFP4G32: model.language_model.layers.21.linear_attn.in_proj_qkv.weight [10240, 5120] (52428800 elements, 102400.0 KB → 27360.0 KB)
   HFP4G32: model.language_model.layers.21.linear_attn.in_proj_z.weight [6144, 5120] (31457280 elements, 61440.0 KB → 16416.0 KB)
       F16: model.language_model.layers.21.linear_attn.norm.weight [128] (128 elements, 0.2 KB → 0.2 KB) [F16 fallback]
   HFP4G32: model.language_model.layers.21.linear_attn.out_proj.weight [5120, 6144] (31457280 elements, 61440.0 KB → 16400.0 KB)
   HFP4G32: model.language_model.layers.21.mlp.down_proj.weight [5120, 17408] (89128960 elements, 174080.0 KB → 46320.0 KB)
   HFP4G32: model.language_model.layers.21.mlp.gate_proj.weight [17408, 5120] (89128960 elements, 174080.0 KB → 46512.0 KB)
   HFP4G32: model.language_model.layers.21.mlp.up_proj.weight [17408, 5120] (89128960 elements, 174080.0 KB → 46512.0 KB)
       F16: model.language_model.layers.21.post_attention_layernorm.weight [5120] (5120 elements, 10.0 KB → 10.0 KB) [F16 fallback]
       F16: model.language_model.layers.22.input_layernorm.weight [5120] (5120 elements, 10.0 KB → 10.0 KB) [F16 fallback]
       F16: model.language_model.layers.22.linear_attn.A_log [48] (48 elements, 0.1 KB → 0.1 KB) [F16 fallback]
    Q8_F16: model.language_model.layers.22.linear_attn.conv1d.weight [10240, 1, 4] (40960 elements, 80.0 KB → 42.5 KB)
       F16: model.language_model.layers.22.linear_attn.dt_bias [48] (48 elements, 0.1 KB → 0.1 KB) [F16 fallback]
   HFP4G32: model.language_model.layers.22.linear_attn.in_proj_a.weight [48, 5120] (245760 elements, 480.0 KB → 128.2 KB)
   HFP4G32: model.language_model.layers.22.linear_attn.in_proj_b.weight [48, 5120] (245760 elements, 480.0 KB → 128.2 KB)
   HFP4G32: model.language_model.layers.22.linear_attn.in_proj_qkv.weight [10240, 5120] (52428800 elements, 102400.0 KB → 27360.0 KB)
   HFP4G32: model.language_model.layers.22.linear_attn.in_proj_z.weight [6144, 5120] (31457280 elements, 61440.0 KB → 16416.0 KB)
       F16: model.language_model.layers.22.linear_attn.norm.weight [128] (128 elements, 0.2 KB → 0.2 KB) [F16 fallback]
   HFP4G32: model.language_model.layers.22.linear_attn.out_proj.weight [5120, 6144] (31457280 elements, 61440.0 KB → 16400.0 KB)
   HFP4G32: model.language_model.layers.22.mlp.down_proj.weight [5120, 17408] (89128960 elements, 174080.0 KB → 46320.0 KB)
   HFP4G32: model.language_model.layers.22.mlp.gate_proj.weight [17408, 5120] (89128960 elements, 174080.0 KB → 46512.0 KB)
   HFP4G32: model.language_model.layers.22.mlp.up_proj.weight [17408, 5120] (89128960 elements, 174080.0 KB → 46512.0 KB)
       F16: model.language_model.layers.22.post_attention_layernorm.weight [5120] (5120 elements, 10.0 KB → 10.0 KB) [F16 fallback]
       F16: model.language_model.layers.23.input_layernorm.weight [5120] (5120 elements, 10.0 KB → 10.0 KB) [F16 fallback]
   HFP4G32: model.language_model.layers.23.mlp.down_proj.weight [5120, 17408] (89128960 elements, 174080.0 KB → 46320.0 KB)
   HFP4G32: model.language_model.layers.23.mlp.gate_proj.weight [17408, 5120] (89128960 elements, 174080.0 KB → 46512.0 KB)
   HFP4G32: model.language_model.layers.23.mlp.up_proj.weight [17408, 5120] (89128960 elements, 174080.0 KB → 46512.0 KB)
       F16: model.language_model.layers.23.post_attention_layernorm.weight [5120] (5120 elements, 10.0 KB → 10.0 KB) [F16 fallback]
       F16: model.language_model.layers.23.self_attn.k_norm.weight [256] (256 elements, 0.5 KB → 0.5 KB) [F16 fallback]
   HFP4G32: model.language_model.layers.23.self_attn.k_proj.weight [1024, 5120] (5242880 elements, 10240.0 KB → 2736.0 KB)
   HFP4G32: model.language_model.layers.23.self_attn.o_proj.weight [5120, 6144] (31457280 elements, 61440.0 KB → 16400.0 KB)
       F16: model.language_model.layers.23.self_attn.q_norm.weight [256] (256 elements, 0.5 KB → 0.5 KB) [F16 fallback]
   HFP4G32: model.language_model.layers.23.self_attn.q_proj.weight [12288, 5120] (62914560 elements, 122880.0 KB → 32832.0 KB)
   HFP4G32: model.language_model.layers.23.self_attn.v_proj.weight [1024, 5120] (5242880 elements, 10240.0 KB → 2736.0 KB)
       F16: model.language_model.layers.24.input_layernorm.weight [5120] (5120 elements, 10.0 KB → 10.0 KB) [F16 fallback]
       F16: model.language_model.layers.24.linear_attn.A_log [48] (48 elements, 0.1 KB → 0.1 KB) [F16 fallback]
    Q8_F16: model.language_model.layers.24.linear_attn.conv1d.weight [10240, 1, 4] (40960 elements, 80.0 KB → 42.5 KB)
       F16: model.language_model.layers.24.linear_attn.dt_bias [48] (48 elements, 0.1 KB → 0.1 KB) [F16 fallback]
   HFP4G32: model.language_model.layers.24.linear_attn.in_proj_a.weight [48, 5120] (245760 elements, 480.0 KB → 128.2 KB)
   HFP4G32: model.language_model.layers.24.linear_attn.in_proj_b.weight [48, 5120] (245760 elements, 480.0 KB → 128.2 KB)
   HFP4G32: model.language_model.layers.24.linear_attn.in_proj_qkv.weight [10240, 5120] (52428800 elements, 102400.0 KB → 27360.0 KB)
   HFP4G32: model.language_model.layers.24.linear_attn.in_proj_z.weight [6144, 5120] (31457280 elements, 61440.0 KB → 16416.0 KB)
       F16: model.language_model.layers.24.linear_attn.norm.weight [128] (128 elements, 0.2 KB → 0.2 KB) [F16 fallback]
   HFP4G32: model.language_model.layers.24.linear_attn.out_proj.weight [5120, 6144] (31457280 elements, 61440.0 KB → 16400.0 KB)
   HFP4G32: model.language_model.layers.24.mlp.down_proj.weight [5120, 17408] (89128960 elements, 174080.0 KB → 46320.0 KB)
   HFP4G32: model.language_model.layers.24.mlp.gate_proj.weight [17408, 5120] (89128960 elements, 174080.0 KB → 46512.0 KB)
   HFP4G32: model.language_model.layers.24.mlp.up_proj.weight [17408, 5120] (89128960 elements, 174080.0 KB → 46512.0 KB)
       F16: model.language_model.layers.24.post_attention_layernorm.weight [5120] (5120 elements, 10.0 KB → 10.0 KB) [F16 fallback]
       F16: model.language_model.layers.25.input_layernorm.weight [5120] (5120 elements, 10.0 KB → 10.0 KB) [F16 fallback]
       F16: model.language_model.layers.25.linear_attn.A_log [48] (48 elements, 0.1 KB → 0.1 KB) [F16 fallback]
    Q8_F16: model.language_model.layers.25.linear_attn.conv1d.weight [10240, 1, 4] (40960 elements, 80.0 KB → 42.5 KB)
       F16: model.language_model.layers.25.linear_attn.dt_bias [48] (48 elements, 0.1 KB → 0.1 KB) [F16 fallback]
   HFP4G32: model.language_model.layers.25.linear_attn.in_proj_a.weight [48, 5120] (245760 elements, 480.0 KB → 128.2 KB)
   HFP4G32: model.language_model.layers.25.linear_attn.in_proj_b.weight [48, 5120] (245760 elements, 480.0 KB → 128.2 KB)
   HFP4G32: model.language_model.layers.25.linear_attn.in_proj_qkv.weight [10240, 5120] (52428800 elements, 102400.0 KB → 27360.0 KB)
   HFP4G32: model.language_model.layers.25.linear_attn.in_proj_z.weight [6144, 5120] (31457280 elements, 61440.0 KB → 16416.0 KB)
       F16: model.language_model.layers.25.linear_attn.norm.weight [128] (128 elements, 0.2 KB → 0.2 KB) [F16 fallback]
   HFP4G32: model.language_model.layers.25.linear_attn.out_proj.weight [5120, 6144] (31457280 elements, 61440.0 KB → 16400.0 KB)
   HFP4G32: model.language_model.layers.25.mlp.down_proj.weight [5120, 17408] (89128960 elements, 174080.0 KB → 46320.0 KB)
   HFP4G32: model.language_model.layers.25.mlp.gate_proj.weight [17408, 5120] (89128960 elements, 174080.0 KB → 46512.0 KB)
   HFP4G32: model.language_model.layers.25.mlp.up_proj.weight [17408, 5120] (89128960 elements, 174080.0 KB → 46512.0 KB)
       F16: model.language_model.layers.25.post_attention_layernorm.weight [5120] (5120 elements, 10.0 KB → 10.0 KB) [F16 fallback]
       F16: model.language_model.layers.26.input_layernorm.weight [5120] (5120 elements, 10.0 KB → 10.0 KB) [F16 fallback]
       F16: model.language_model.layers.26.linear_attn.A_log [48] (48 elements, 0.1 KB → 0.1 KB) [F16 fallback]
    Q8_F16: model.language_model.layers.26.linear_attn.conv1d.weight [10240, 1, 4] (40960 elements, 80.0 KB → 42.5 KB)
       F16: model.language_model.layers.26.linear_attn.dt_bias [48] (48 elements, 0.1 KB → 0.1 KB) [F16 fallback]
   HFP4G32: model.language_model.layers.26.linear_attn.in_proj_a.weight [48, 5120] (245760 elements, 480.0 KB → 128.2 KB)
   HFP4G32: model.language_model.layers.26.linear_attn.in_proj_b.weight [48, 5120] (245760 elements, 480.0 KB → 128.2 KB)
   HFP4G32: model.language_model.layers.26.linear_attn.in_proj_qkv.weight [10240, 5120] (52428800 elements, 102400.0 KB → 27360.0 KB)
   HFP4G32: model.language_model.layers.26.linear_attn.in_proj_z.weight [6144, 5120] (31457280 elements, 61440.0 KB → 16416.0 KB)
       F16: model.language_model.layers.26.linear_attn.norm.weight [128] (128 elements, 0.2 KB → 0.2 KB) [F16 fallback]
   HFP4G32: model.language_model.layers.26.linear_attn.out_proj.weight [5120, 6144] (31457280 elements, 61440.0 KB → 16400.0 KB)
   HFP4G32: model.language_model.layers.26.mlp.down_proj.weight [5120, 17408] (89128960 elements, 174080.0 KB → 46320.0 KB)
   HFP4G32: model.language_model.layers.26.mlp.gate_proj.weight [17408, 5120] (89128960 elements, 174080.0 KB → 46512.0 KB)
   HFP4G32: model.language_model.layers.26.mlp.up_proj.weight [17408, 5120] (89128960 elements, 174080.0 KB → 46512.0 KB)
       F16: model.language_model.layers.26.post_attention_layernorm.weight [5120] (5120 elements, 10.0 KB → 10.0 KB) [F16 fallback]
       F16: model.language_model.layers.27.input_layernorm.weight [5120] (5120 elements, 10.0 KB → 10.0 KB) [F16 fallback]
   HFP4G32: model.language_model.layers.27.mlp.down_proj.weight [5120, 17408] (89128960 elements, 174080.0 KB → 46320.0 KB)
   HFP4G32: model.language_model.layers.27.mlp.gate_proj.weight [17408, 5120] (89128960 elements, 174080.0 KB → 46512.0 KB)
   HFP4G32: model.language_model.layers.27.mlp.up_proj.weight [17408, 5120] (89128960 elements, 174080.0 KB → 46512.0 KB)
       F16: model.language_model.layers.27.post_attention_layernorm.weight [5120] (5120 elements, 10.0 KB → 10.0 KB) [F16 fallback]
       F16: model.language_model.layers.27.self_attn.k_norm.weight [256] (256 elements, 0.5 KB → 0.5 KB) [F16 fallback]
   HFP4G32: model.language_model.layers.27.self_attn.k_proj.weight [1024, 5120] (5242880 elements, 10240.0 KB → 2736.0 KB)
   HFP4G32: model.language_model.layers.27.self_attn.o_proj.weight [5120, 6144] (31457280 elements, 61440.0 KB → 16400.0 KB)
       F16: model.language_model.layers.27.self_attn.q_norm.weight [256] (256 elements, 0.5 KB → 0.5 KB) [F16 fallback]
   HFP4G32: model.language_model.layers.27.self_attn.q_proj.weight [12288, 5120] (62914560 elements, 122880.0 KB → 32832.0 KB)
   HFP4G32: model.language_model.layers.27.self_attn.v_proj.weight [1024, 5120] (5242880 elements, 10240.0 KB → 2736.0 KB)
       F16: model.language_model.layers.28.input_layernorm.weight [5120] (5120 elements, 10.0 KB → 10.0 KB) [F16 fallback]
       F16: model.language_model.layers.28.linear_attn.A_log [48] (48 elements, 0.1 KB → 0.1 KB) [F16 fallback]
    Q8_F16: model.language_model.layers.28.linear_attn.conv1d.weight [10240, 1, 4] (40960 elements, 80.0 KB → 42.5 KB)
       F16: model.language_model.layers.28.linear_attn.dt_bias [48] (48 elements, 0.1 KB → 0.1 KB) [F16 fallback]
   HFP4G32: model.language_model.layers.28.linear_attn.in_proj_a.weight [48, 5120] (245760 elements, 480.0 KB → 128.2 KB)
   HFP4G32: model.language_model.layers.28.linear_attn.in_proj_b.weight [48, 5120] (245760 elements, 480.0 KB → 128.2 KB)
   HFP4G32: model.language_model.layers.28.linear_attn.in_proj_qkv.weight [10240, 5120] (52428800 elements, 102400.0 KB → 27360.0 KB)
   HFP4G32: model.language_model.layers.28.linear_attn.in_proj_z.weight [6144, 5120] (31457280 elements, 61440.0 KB → 16416.0 KB)
       F16: model.language_model.layers.28.linear_attn.norm.weight [128] (128 elements, 0.2 KB → 0.2 KB) [F16 fallback]
   HFP4G32: model.language_model.layers.28.linear_attn.out_proj.weight [5120, 6144] (31457280 elements, 61440.0 KB → 16400.0 KB)
   HFP4G32: model.language_model.layers.28.mlp.down_proj.weight [5120, 17408] (89128960 elements, 174080.0 KB → 46320.0 KB)
   HFP4G32: model.language_model.layers.28.mlp.gate_proj.weight [17408, 5120] (89128960 elements, 174080.0 KB → 46512.0 KB)
   HFP4G32: model.language_model.layers.28.mlp.up_proj.weight [17408, 5120] (89128960 elements, 174080.0 KB → 46512.0 KB)
       F16: model.language_model.layers.28.post_attention_layernorm.weight [5120] (5120 elements, 10.0 KB → 10.0 KB) [F16 fallback]
       F16: model.language_model.layers.29.input_layernorm.weight [5120] (5120 elements, 10.0 KB → 10.0 KB) [F16 fallback]
       F16: model.language_model.layers.29.linear_attn.A_log [48] (48 elements, 0.1 KB → 0.1 KB) [F16 fallback]
    Q8_F16: model.language_model.layers.29.linear_attn.conv1d.weight [10240, 1, 4] (40960 elements, 80.0 KB → 42.5 KB)
       F16: model.language_model.layers.29.linear_attn.dt_bias [48] (48 elements, 0.1 KB → 0.1 KB) [F16 fallback]
   HFP4G32: model.language_model.layers.29.linear_attn.in_proj_a.weight [48, 5120] (245760 elements, 480.0 KB → 128.2 KB)
   HFP4G32: model.language_model.layers.29.linear_attn.in_proj_b.weight [48, 5120] (245760 elements, 480.0 KB → 128.2 KB)
   HFP4G32: model.language_model.layers.29.linear_attn.in_proj_qkv.weight [10240, 5120] (52428800 elements, 102400.0 KB → 27360.0 KB)
   HFP4G32: model.language_model.layers.29.linear_attn.in_proj_z.weight [6144, 5120] (31457280 elements, 61440.0 KB → 16416.0 KB)
       F16: model.language_model.layers.29.linear_attn.norm.weight [128] (128 elements, 0.2 KB → 0.2 KB) [F16 fallback]
   HFP4G32: model.language_model.layers.29.linear_attn.out_proj.weight [5120, 6144] (31457280 elements, 61440.0 KB → 16400.0 KB)
   HFP4G32: model.language_model.layers.29.mlp.down_proj.weight [5120, 17408] (89128960 elements, 174080.0 KB → 46320.0 KB)
   HFP4G32: model.language_model.layers.29.mlp.gate_proj.weight [17408, 5120] (89128960 elements, 174080.0 KB → 46512.0 KB)
   HFP4G32: model.language_model.layers.29.mlp.up_proj.weight [17408, 5120] (89128960 elements, 174080.0 KB → 46512.0 KB)
       F16: model.language_model.layers.29.post_attention_layernorm.weight [5120] (5120 elements, 10.0 KB → 10.0 KB) [F16 fallback]
       F16: model.language_model.layers.3.input_layernorm.weight [5120] (5120 elements, 10.0 KB → 10.0 KB) [F16 fallback]
   HFP4G32: model.language_model.layers.3.mlp.down_proj.weight [5120, 17408] (89128960 elements, 174080.0 KB → 46320.0 KB)
   HFP4G32: model.language_model.layers.3.mlp.gate_proj.weight [17408, 5120] (89128960 elements, 174080.0 KB → 46512.0 KB)
   HFP4G32: model.language_model.layers.3.mlp.up_proj.weight [17408, 5120] (89128960 elements, 174080.0 KB → 46512.0 KB)
       F16: model.language_model.layers.3.post_attention_layernorm.weight [5120] (5120 elements, 10.0 KB → 10.0 KB) [F16 fallback]
       F16: model.language_model.layers.3.self_attn.k_norm.weight [256] (256 elements, 0.5 KB → 0.5 KB) [F16 fallback]
   HFP4G32: model.language_model.layers.3.self_attn.k_proj.weight [1024, 5120] (5242880 elements, 10240.0 KB → 2736.0 KB)
   HFP4G32: model.language_model.layers.3.self_attn.o_proj.weight [5120, 6144] (31457280 elements, 61440.0 KB → 16400.0 KB)
       F16: model.language_model.layers.3.self_attn.q_norm.weight [256] (256 elements, 0.5 KB → 0.5 KB) [F16 fallback]
   HFP4G32: model.language_model.layers.3.self_attn.q_proj.weight [12288, 5120] (62914560 elements, 122880.0 KB → 32832.0 KB)
   HFP4G32: model.language_model.layers.3.self_attn.v_proj.weight [1024, 5120] (5242880 elements, 10240.0 KB → 2736.0 KB)
       F16: model.language_model.layers.30.input_layernorm.weight [5120] (5120 elements, 10.0 KB → 10.0 KB) [F16 fallback]
       F16: model.language_model.layers.30.linear_attn.A_log [48] (48 elements, 0.1 KB → 0.1 KB) [F16 fallback]
    Q8_F16: model.language_model.layers.30.linear_attn.conv1d.weight [10240, 1, 4] (40960 elements, 80.0 KB → 42.5 KB)
       F16: model.language_model.layers.30.linear_attn.dt_bias [48] (48 elements, 0.1 KB → 0.1 KB) [F16 fallback]
   HFP4G32: model.language_model.layers.30.linear_attn.in_proj_a.weight [48, 5120] (245760 elements, 480.0 KB → 128.2 KB)
   HFP4G32: model.language_model.layers.30.linear_attn.in_proj_b.weight [48, 5120] (245760 elements, 480.0 KB → 128.2 KB)
   HFP4G32: model.language_model.layers.30.linear_attn.in_proj_qkv.weight [10240, 5120] (52428800 elements, 102400.0 KB → 27360.0 KB)
   HFP4G32: model.language_model.layers.30.linear_attn.in_proj_z.weight [6144, 5120] (31457280 elements, 61440.0 KB → 16416.0 KB)
       F16: model.language_model.layers.30.linear_attn.norm.weight [128] (128 elements, 0.2 KB → 0.2 KB) [F16 fallback]
   HFP4G32: model.language_model.layers.30.linear_attn.out_proj.weight [5120, 6144] (31457280 elements, 61440.0 KB → 16400.0 KB)
   HFP4G32: model.language_model.layers.30.mlp.down_proj.weight [5120, 17408] (89128960 elements, 174080.0 KB → 46320.0 KB)
   HFP4G32: model.language_model.layers.30.mlp.gate_proj.weight [17408, 5120] (89128960 elements, 174080.0 KB → 46512.0 KB)
   HFP4G32: model.language_model.layers.30.mlp.up_proj.weight [17408, 5120] (89128960 elements, 174080.0 KB → 46512.0 KB)
       F16: model.language_model.layers.30.post_attention_layernorm.weight [5120] (5120 elements, 10.0 KB → 10.0 KB) [F16 fallback]
       F16: model.language_model.layers.31.input_layernorm.weight [5120] (5120 elements, 10.0 KB → 10.0 KB) [F16 fallback]
   HFP4G32: model.language_model.layers.31.mlp.down_proj.weight [5120, 17408] (89128960 elements, 174080.0 KB → 46320.0 KB)
   HFP4G32: model.language_model.layers.31.mlp.gate_proj.weight [17408, 5120] (89128960 elements, 174080.0 KB → 46512.0 KB)
   HFP4G32: model.language_model.layers.31.mlp.up_proj.weight [17408, 5120] (89128960 elements, 174080.0 KB → 46512.0 KB)
       F16: model.language_model.layers.31.post_attention_layernorm.weight [5120] (5120 elements, 10.0 KB → 10.0 KB) [F16 fallback]
       F16: model.language_model.layers.31.self_attn.k_norm.weight [256] (256 elements, 0.5 KB → 0.5 KB) [F16 fallback]
   HFP4G32: model.language_model.layers.31.self_attn.k_proj.weight [1024, 5120] (5242880 elements, 10240.0 KB → 2736.0 KB)
   HFP4G32: model.language_model.layers.31.self_attn.o_proj.weight [5120, 6144] (31457280 elements, 61440.0 KB → 16400.0 KB)
       F16: model.language_model.layers.31.self_attn.q_norm.weight [256] (256 elements, 0.5 KB → 0.5 KB) [F16 fallback]
   HFP4G32: model.language_model.layers.31.self_attn.q_proj.weight [12288, 5120] (62914560 elements, 122880.0 KB → 32832.0 KB)
   HFP4G32: model.language_model.layers.31.self_attn.v_proj.weight [1024, 5120] (5242880 elements, 10240.0 KB → 2736.0 KB)
       F16: model.language_model.layers.32.input_layernorm.weight [5120] (5120 elements, 10.0 KB → 10.0 KB) [F16 fallback]
       F16: model.language_model.layers.32.linear_attn.A_log [48] (48 elements, 0.1 KB → 0.1 KB) [F16 fallback]
    Q8_F16: model.language_model.layers.32.linear_attn.conv1d.weight [10240, 1, 4] (40960 elements, 80.0 KB → 42.5 KB)
       F16: model.language_model.layers.32.linear_attn.dt_bias [48] (48 elements, 0.1 KB → 0.1 KB) [F16 fallback]
   HFP4G32: model.language_model.layers.32.linear_attn.in_proj_a.weight [48, 5120] (245760 elements, 480.0 KB → 128.2 KB)
   HFP4G32: model.language_model.layers.32.linear_attn.in_proj_b.weight [48, 5120] (245760 elements, 480.0 KB → 128.2 KB)
   HFP4G32: model.language_model.layers.32.linear_attn.in_proj_qkv.weight [10240, 5120] (52428800 elements, 102400.0 KB → 27360.0 KB)
   HFP4G32: model.language_model.layers.32.linear_attn.in_proj_z.weight [6144, 5120] (31457280 elements, 61440.0 KB → 16416.0 KB)
       F16: model.language_model.layers.32.linear_attn.norm.weight [128] (128 elements, 0.2 KB → 0.2 KB) [F16 fallback]
   HFP4G32: model.language_model.layers.32.linear_attn.out_proj.weight [5120, 6144] (31457280 elements, 61440.0 KB → 16400.0 KB)
   HFP4G32: model.language_model.layers.32.mlp.down_proj.weight [5120, 17408] (89128960 elements, 174080.0 KB → 46320.0 KB)
   HFP4G32: model.language_model.layers.32.mlp.gate_proj.weight [17408, 5120] (89128960 elements, 174080.0 KB → 46512.0 KB)
   HFP4G32: model.language_model.layers.32.mlp.up_proj.weight [17408, 5120] (89128960 elements, 174080.0 KB → 46512.0 KB)
       F16: model.language_model.layers.32.post_attention_layernorm.weight [5120] (5120 elements, 10.0 KB → 10.0 KB) [F16 fallback]
       F16: model.language_model.layers.33.input_layernorm.weight [5120] (5120 elements, 10.0 KB → 10.0 KB) [F16 fallback]
       F16: model.language_model.layers.33.linear_attn.A_log [48] (48 elements, 0.1 KB → 0.1 KB) [F16 fallback]
    Q8_F16: model.language_model.layers.33.linear_attn.conv1d.weight [10240, 1, 4] (40960 elements, 80.0 KB → 42.5 KB)
       F16: model.language_model.layers.33.linear_attn.dt_bias [48] (48 elements, 0.1 KB → 0.1 KB) [F16 fallback]
   HFP4G32: model.language_model.layers.33.linear_attn.in_proj_a.weight [48, 5120] (245760 elements, 480.0 KB → 128.2 KB)
   HFP4G32: model.language_model.layers.33.linear_attn.in_proj_b.weight [48, 5120] (245760 elements, 480.0 KB → 128.2 KB)
   HFP4G32: model.language_model.layers.33.linear_attn.in_proj_qkv.weight [10240, 5120] (52428800 elements, 102400.0 KB → 27360.0 KB)
   HFP4G32: model.language_model.layers.33.linear_attn.in_proj_z.weight [6144, 5120] (31457280 elements, 61440.0 KB → 16416.0 KB)
       F16: model.language_model.layers.33.linear_attn.norm.weight [128] (128 elements, 0.2 KB → 0.2 KB) [F16 fallback]
   HFP4G32: model.language_model.layers.33.linear_attn.out_proj.weight [5120, 6144] (31457280 elements, 61440.0 KB → 16400.0 KB)
   HFP4G32: model.language_model.layers.33.mlp.down_proj.weight [5120, 17408] (89128960 elements, 174080.0 KB → 46320.0 KB)
   HFP4G32: model.language_model.layers.33.mlp.gate_proj.weight [17408, 5120] (89128960 elements, 174080.0 KB → 46512.0 KB)
   HFP4G32: model.language_model.layers.33.mlp.up_proj.weight [17408, 5120] (89128960 elements, 174080.0 KB → 46512.0 KB)
       F16: model.language_model.layers.33.post_attention_layernorm.weight [5120] (5120 elements, 10.0 KB → 10.0 KB) [F16 fallback]
       F16: model.language_model.layers.34.input_layernorm.weight [5120] (5120 elements, 10.0 KB → 10.0 KB) [F16 fallback]
       F16: model.language_model.layers.34.linear_attn.A_log [48] (48 elements, 0.1 KB → 0.1 KB) [F16 fallback]
    Q8_F16: model.language_model.layers.34.linear_attn.conv1d.weight [10240, 1, 4] (40960 elements, 80.0 KB → 42.5 KB)
       F16: model.language_model.layers.34.linear_attn.dt_bias [48] (48 elements, 0.1 KB → 0.1 KB) [F16 fallback]
   HFP4G32: model.language_model.layers.34.linear_attn.in_proj_a.weight [48, 5120] (245760 elements, 480.0 KB → 128.2 KB)
   HFP4G32: model.language_model.layers.34.linear_attn.in_proj_b.weight [48, 5120] (245760 elements, 480.0 KB → 128.2 KB)
   HFP4G32: model.language_model.layers.34.linear_attn.in_proj_qkv.weight [10240, 5120] (52428800 elements, 102400.0 KB → 27360.0 KB)
   HFP4G32: model.language_model.layers.34.linear_attn.in_proj_z.weight [6144, 5120] (31457280 elements, 61440.0 KB → 16416.0 KB)
       F16: model.language_model.layers.34.linear_attn.norm.weight [128] (128 elements, 0.2 KB → 0.2 KB) [F16 fallback]
   HFP4G32: model.language_model.layers.34.linear_attn.out_proj.weight [5120, 6144] (31457280 elements, 61440.0 KB → 16400.0 KB)
   HFP4G32: model.language_model.layers.34.mlp.down_proj.weight [5120, 17408] (89128960 elements, 174080.0 KB → 46320.0 KB)
   HFP4G32: model.language_model.layers.34.mlp.gate_proj.weight [17408, 5120] (89128960 elements, 174080.0 KB → 46512.0 KB)
   HFP4G32: model.language_model.layers.34.mlp.up_proj.weight [17408, 5120] (89128960 elements, 174080.0 KB → 46512.0 KB)
       F16: model.language_model.layers.34.post_attention_layernorm.weight [5120] (5120 elements, 10.0 KB → 10.0 KB) [F16 fallback]
       F16: model.language_model.layers.35.input_layernorm.weight [5120] (5120 elements, 10.0 KB → 10.0 KB) [F16 fallback]
   HFP4G32: model.language_model.layers.35.mlp.down_proj.weight [5120, 17408] (89128960 elements, 174080.0 KB → 46320.0 KB)
   HFP4G32: model.language_model.layers.35.mlp.gate_proj.weight [17408, 5120] (89128960 elements, 174080.0 KB → 46512.0 KB)
   HFP4G32: model.language_model.layers.35.mlp.up_proj.weight [17408, 5120] (89128960 elements, 174080.0 KB → 46512.0 KB)
       F16: model.language_model.layers.35.post_attention_layernorm.weight [5120] (5120 elements, 10.0 KB → 10.0 KB) [F16 fallback]
       F16: model.language_model.layers.35.self_attn.k_norm.weight [256] (256 elements, 0.5 KB → 0.5 KB) [F16 fallback]
   HFP4G32: model.language_model.layers.35.self_attn.k_proj.weight [1024, 5120] (5242880 elements, 10240.0 KB → 2736.0 KB)
   HFP4G32: model.language_model.layers.35.self_attn.o_proj.weight [5120, 6144] (31457280 elements, 61440.0 KB → 16400.0 KB)
       F16: model.language_model.layers.35.self_attn.q_norm.weight [256] (256 elements, 0.5 KB → 0.5 KB) [F16 fallback]
   HFP4G32: model.language_model.layers.35.self_attn.q_proj.weight [12288, 5120] (62914560 elements, 122880.0 KB → 32832.0 KB)
   HFP4G32: model.language_model.layers.35.self_attn.v_proj.weight [1024, 5120] (5242880 elements, 10240.0 KB → 2736.0 KB)
       F16: model.language_model.layers.36.input_layernorm.weight [5120] (5120 elements, 10.0 KB → 10.0 KB) [F16 fallback]
       F16: model.language_model.layers.36.linear_attn.A_log [48] (48 elements, 0.1 KB → 0.1 KB) [F16 fallback]
    Q8_F16: model.language_model.layers.36.linear_attn.conv1d.weight [10240, 1, 4] (40960 elements, 80.0 KB → 42.5 KB)
       F16: model.language_model.layers.36.linear_attn.dt_bias [48] (48 elements, 0.1 KB → 0.1 KB) [F16 fallback]
   HFP4G32: model.language_model.layers.36.linear_attn.in_proj_a.weight [48, 5120] (245760 elements, 480.0 KB → 128.2 KB)
   HFP4G32: model.language_model.layers.36.linear_attn.in_proj_b.weight [48, 5120] (245760 elements, 480.0 KB → 128.2 KB)
   HFP4G32: model.language_model.layers.36.linear_attn.in_proj_qkv.weight [10240, 5120] (52428800 elements, 102400.0 KB → 27360.0 KB)
   HFP4G32: model.language_model.layers.36.linear_attn.in_proj_z.weight [6144, 5120] (31457280 elements, 61440.0 KB → 16416.0 KB)
       F16: model.language_model.layers.36.linear_attn.norm.weight [128] (128 elements, 0.2 KB → 0.2 KB) [F16 fallback]
   HFP4G32: model.language_model.layers.36.linear_attn.out_proj.weight [5120, 6144] (31457280 elements, 61440.0 KB → 16400.0 KB)
   HFP4G32: model.language_model.layers.36.mlp.down_proj.weight [5120, 17408] (89128960 elements, 174080.0 KB → 46320.0 KB)
   HFP4G32: model.language_model.layers.36.mlp.gate_proj.weight [17408, 5120] (89128960 elements, 174080.0 KB → 46512.0 KB)
   HFP4G32: model.language_model.layers.36.mlp.up_proj.weight [17408, 5120] (89128960 elements, 174080.0 KB → 46512.0 KB)
       F16: model.language_model.layers.36.post_attention_layernorm.weight [5120] (5120 elements, 10.0 KB → 10.0 KB) [F16 fallback]
       F16: model.language_model.layers.37.input_layernorm.weight [5120] (5120 elements, 10.0 KB → 10.0 KB) [F16 fallback]
       F16: model.language_model.layers.37.linear_attn.A_log [48] (48 elements, 0.1 KB → 0.1 KB) [F16 fallback]
    Q8_F16: model.language_model.layers.37.linear_attn.conv1d.weight [10240, 1, 4] (40960 elements, 80.0 KB → 42.5 KB)
       F16: model.language_model.layers.37.linear_attn.dt_bias [48] (48 elements, 0.1 KB → 0.1 KB) [F16 fallback]
   HFP4G32: model.language_model.layers.37.linear_attn.in_proj_a.weight [48, 5120] (245760 elements, 480.0 KB → 128.2 KB)
   HFP4G32: model.language_model.layers.37.linear_attn.in_proj_b.weight [48, 5120] (245760 elements, 480.0 KB → 128.2 KB)
   HFP4G32: model.language_model.layers.37.linear_attn.in_proj_qkv.weight [10240, 5120] (52428800 elements, 102400.0 KB → 27360.0 KB)
   HFP4G32: model.language_model.layers.37.linear_attn.in_proj_z.weight [6144, 5120] (31457280 elements, 61440.0 KB → 16416.0 KB)
       F16: model.language_model.layers.37.linear_attn.norm.weight [128] (128 elements, 0.2 KB → 0.2 KB) [F16 fallback]
   HFP4G32: model.language_model.layers.37.linear_attn.out_proj.weight [5120, 6144] (31457280 elements, 61440.0 KB → 16400.0 KB)
   HFP4G32: model.language_model.layers.37.mlp.down_proj.weight [5120, 17408] (89128960 elements, 174080.0 KB → 46320.0 KB)
   HFP4G32: model.language_model.layers.37.mlp.gate_proj.weight [17408, 5120] (89128960 elements, 174080.0 KB → 46512.0 KB)
   HFP4G32: model.language_model.layers.37.mlp.up_proj.weight [17408, 5120] (89128960 elements, 174080.0 KB → 46512.0 KB)
       F16: model.language_model.layers.37.post_attention_layernorm.weight [5120] (5120 elements, 10.0 KB → 10.0 KB) [F16 fallback]
       F16: model.language_model.layers.38.input_layernorm.weight [5120] (5120 elements, 10.0 KB → 10.0 KB) [F16 fallback]
       F16: model.language_model.layers.38.linear_attn.A_log [48] (48 elements, 0.1 KB → 0.1 KB) [F16 fallback]
    Q8_F16: model.language_model.layers.38.linear_attn.conv1d.weight [10240, 1, 4] (40960 elements, 80.0 KB → 42.5 KB)
       F16: model.language_model.layers.38.linear_attn.dt_bias [48] (48 elements, 0.1 KB → 0.1 KB) [F16 fallback]
   HFP4G32: model.language_model.layers.38.linear_attn.in_proj_a.weight [48, 5120] (245760 elements, 480.0 KB → 128.2 KB)
   HFP4G32: model.language_model.layers.38.linear_attn.in_proj_b.weight [48, 5120] (245760 elements, 480.0 KB → 128.2 KB)
   HFP4G32: model.language_model.layers.38.linear_attn.in_proj_qkv.weight [10240, 5120] (52428800 elements, 102400.0 KB → 27360.0 KB)
   HFP4G32: model.language_model.layers.38.linear_attn.in_proj_z.weight [6144, 5120] (31457280 elements, 61440.0 KB → 16416.0 KB)
       F16: model.language_model.layers.38.linear_attn.norm.weight [128] (128 elements, 0.2 KB → 0.2 KB) [F16 fallback]
   HFP4G32: model.language_model.layers.38.linear_attn.out_proj.weight [5120, 6144] (31457280 elements, 61440.0 KB → 16400.0 KB)
   HFP4G32: model.language_model.layers.38.mlp.down_proj.weight [5120, 17408] (89128960 elements, 174080.0 KB → 46320.0 KB)
   HFP4G32: model.language_model.layers.38.mlp.gate_proj.weight [17408, 5120] (89128960 elements, 174080.0 KB → 46512.0 KB)
   HFP4G32: model.language_model.layers.38.mlp.up_proj.weight [17408, 5120] (89128960 elements, 174080.0 KB → 46512.0 KB)
       F16: model.language_model.layers.38.post_attention_layernorm.weight [5120] (5120 elements, 10.0 KB → 10.0 KB) [F16 fallback]
       F16: model.language_model.layers.39.input_layernorm.weight [5120] (5120 elements, 10.0 KB → 10.0 KB) [F16 fallback]
   HFP4G32: model.language_model.layers.39.mlp.down_proj.weight [5120, 17408] (89128960 elements, 174080.0 KB → 46320.0 KB)
   HFP4G32: model.language_model.layers.39.mlp.gate_proj.weight [17408, 5120] (89128960 elements, 174080.0 KB → 46512.0 KB)
   HFP4G32: model.language_model.layers.39.mlp.up_proj.weight [17408, 5120] (89128960 elements, 174080.0 KB → 46512.0 KB)
       F16: model.language_model.layers.39.post_attention_layernorm.weight [5120] (5120 elements, 10.0 KB → 10.0 KB) [F16 fallback]
       F16: model.language_model.layers.39.self_attn.k_norm.weight [256] (256 elements, 0.5 KB → 0.5 KB) [F16 fallback]
   HFP4G32: model.language_model.layers.39.self_attn.k_proj.weight [1024, 5120] (5242880 elements, 10240.0 KB → 2736.0 KB)
   HFP4G32: model.language_model.layers.39.self_attn.o_proj.weight [5120, 6144] (31457280 elements, 61440.0 KB → 16400.0 KB)
       F16: model.language_model.layers.39.self_attn.q_norm.weight [256] (256 elements, 0.5 KB → 0.5 KB) [F16 fallback]
   HFP4G32: model.language_model.layers.39.self_attn.q_proj.weight [12288, 5120] (62914560 elements, 122880.0 KB → 32832.0 KB)
   HFP4G32: model.language_model.layers.39.self_attn.v_proj.weight [1024, 5120] (5242880 elements, 10240.0 KB → 2736.0 KB)
       F16: model.language_model.layers.4.input_layernorm.weight [5120] (5120 elements, 10.0 KB → 10.0 KB) [F16 fallback]
       F16: model.language_model.layers.4.linear_attn.A_log [48] (48 elements, 0.1 KB → 0.1 KB) [F16 fallback]
    Q8_F16: model.language_model.layers.4.linear_attn.conv1d.weight [10240, 1, 4] (40960 elements, 80.0 KB → 42.5 KB)
       F16: model.language_model.layers.4.linear_attn.dt_bias [48] (48 elements, 0.1 KB → 0.1 KB) [F16 fallback]
   HFP4G32: model.language_model.layers.4.linear_attn.in_proj_a.weight [48, 5120] (245760 elements, 480.0 KB → 128.2 KB)
   HFP4G32: model.language_model.layers.4.linear_attn.in_proj_b.weight [48, 5120] (245760 elements, 480.0 KB → 128.2 KB)
   HFP4G32: model.language_model.layers.4.linear_attn.in_proj_qkv.weight [10240, 5120] (52428800 elements, 102400.0 KB → 27360.0 KB)
   HFP4G32: model.language_model.layers.4.linear_attn.in_proj_z.weight [6144, 5120] (31457280 elements, 61440.0 KB → 16416.0 KB)
       F16: model.language_model.layers.4.linear_attn.norm.weight [128] (128 elements, 0.2 KB → 0.2 KB) [F16 fallback]
   HFP4G32: model.language_model.layers.4.linear_attn.out_proj.weight [5120, 6144] (31457280 elements, 61440.0 KB → 16400.0 KB)
   HFP4G32: model.language_model.layers.4.mlp.down_proj.weight [5120, 17408] (89128960 elements, 174080.0 KB → 46320.0 KB)
   HFP4G32: model.language_model.layers.4.mlp.gate_proj.weight [17408, 5120] (89128960 elements, 174080.0 KB → 46512.0 KB)
   HFP4G32: model.language_model.layers.4.mlp.up_proj.weight [17408, 5120] (89128960 elements, 174080.0 KB → 46512.0 KB)
       F16: model.language_model.layers.4.post_attention_layernorm.weight [5120] (5120 elements, 10.0 KB → 10.0 KB) [F16 fallback]
       F16: model.language_model.layers.40.input_layernorm.weight [5120] (5120 elements, 10.0 KB → 10.0 KB) [F16 fallback]
       F16: model.language_model.layers.40.linear_attn.A_log [48] (48 elements, 0.1 KB → 0.1 KB) [F16 fallback]
    Q8_F16: model.language_model.layers.40.linear_attn.conv1d.weight [10240, 1, 4] (40960 elements, 80.0 KB → 42.5 KB)
       F16: model.language_model.layers.40.linear_attn.dt_bias [48] (48 elements, 0.1 KB → 0.1 KB) [F16 fallback]
   HFP4G32: model.language_model.layers.40.linear_attn.in_proj_a.weight [48, 5120] (245760 elements, 480.0 KB → 128.2 KB)
   HFP4G32: model.language_model.layers.40.linear_attn.in_proj_b.weight [48, 5120] (245760 elements, 480.0 KB → 128.2 KB)
   HFP4G32: model.language_model.layers.40.linear_attn.in_proj_qkv.weight [10240, 5120] (52428800 elements, 102400.0 KB → 27360.0 KB)
   HFP4G32: model.language_model.layers.40.linear_attn.in_proj_z.weight [6144, 5120] (31457280 elements, 61440.0 KB → 16416.0 KB)
       F16: model.language_model.layers.40.linear_attn.norm.weight [128] (128 elements, 0.2 KB → 0.2 KB) [F16 fallback]
   HFP4G32: model.language_model.layers.40.linear_attn.out_proj.weight [5120, 6144] (31457280 elements, 61440.0 KB → 16400.0 KB)
   HFP4G32: model.language_model.layers.40.mlp.down_proj.weight [5120, 17408] (89128960 elements, 174080.0 KB → 46320.0 KB)
   HFP4G32: model.language_model.layers.40.mlp.gate_proj.weight [17408, 5120] (89128960 elements, 174080.0 KB → 46512.0 KB)
   HFP4G32: model.language_model.layers.40.mlp.up_proj.weight [17408, 5120] (89128960 elements, 174080.0 KB → 46512.0 KB)
       F16: model.language_model.layers.40.post_attention_layernorm.weight [5120] (5120 elements, 10.0 KB → 10.0 KB) [F16 fallback]
       F16: model.language_model.layers.41.input_layernorm.weight [5120] (5120 elements, 10.0 KB → 10.0 KB) [F16 fallback]
       F16: model.language_model.layers.41.linear_attn.A_log [48] (48 elements, 0.1 KB → 0.1 KB) [F16 fallback]
    Q8_F16: model.language_model.layers.41.linear_attn.conv1d.weight [10240, 1, 4] (40960 elements, 80.0 KB → 42.5 KB)
       F16: model.language_model.layers.41.linear_attn.dt_bias [48] (48 elements, 0.1 KB → 0.1 KB) [F16 fallback]
   HFP4G32: model.language_model.layers.41.linear_attn.in_proj_a.weight [48, 5120] (245760 elements, 480.0 KB → 128.2 KB)
   HFP4G32: model.language_model.layers.41.linear_attn.in_proj_b.weight [48, 5120] (245760 elements, 480.0 KB → 128.2 KB)
   HFP4G32: model.language_model.layers.41.linear_attn.in_proj_qkv.weight [10240, 5120] (52428800 elements, 102400.0 KB → 27360.0 KB)
   HFP4G32: model.language_model.layers.41.linear_attn.in_proj_z.weight [6144, 5120] (31457280 elements, 61440.0 KB → 16416.0 KB)
       F16: model.language_model.layers.41.linear_attn.norm.weight [128] (128 elements, 0.2 KB → 0.2 KB) [F16 fallback]
   HFP4G32: model.language_model.layers.41.linear_attn.out_proj.weight [5120, 6144] (31457280 elements, 61440.0 KB → 16400.0 KB)
   HFP4G32: model.language_model.layers.41.mlp.down_proj.weight [5120, 17408] (89128960 elements, 174080.0 KB → 46320.0 KB)
   HFP4G32: model.language_model.layers.41.mlp.gate_proj.weight [17408, 5120] (89128960 elements, 174080.0 KB → 46512.0 KB)
   HFP4G32: model.language_model.layers.41.mlp.up_proj.weight [17408, 5120] (89128960 elements, 174080.0 KB → 46512.0 KB)
       F16: model.language_model.layers.41.post_attention_layernorm.weight [5120] (5120 elements, 10.0 KB → 10.0 KB) [F16 fallback]
       F16: model.language_model.layers.42.input_layernorm.weight [5120] (5120 elements, 10.0 KB → 10.0 KB) [F16 fallback]
       F16: model.language_model.layers.42.linear_attn.A_log [48] (48 elements, 0.1 KB → 0.1 KB) [F16 fallback]
    Q8_F16: model.language_model.layers.42.linear_attn.conv1d.weight [10240, 1, 4] (40960 elements, 80.0 KB → 42.5 KB)
       F16: model.language_model.layers.42.linear_attn.dt_bias [48] (48 elements, 0.1 KB → 0.1 KB) [F16 fallback]
   HFP4G32: model.language_model.layers.42.linear_attn.in_proj_a.weight [48, 5120] (245760 elements, 480.0 KB → 128.2 KB)
   HFP4G32: model.language_model.layers.42.linear_attn.in_proj_b.weight [48, 5120] (245760 elements, 480.0 KB → 128.2 KB)
   HFP4G32: model.language_model.layers.42.linear_attn.in_proj_qkv.weight [10240, 5120] (52428800 elements, 102400.0 KB → 27360.0 KB)
   HFP4G32: model.language_model.layers.42.linear_attn.in_proj_z.weight [6144, 5120] (31457280 elements, 61440.0 KB → 16416.0 KB)
       F16: model.language_model.layers.42.linear_attn.norm.weight [128] (128 elements, 0.2 KB → 0.2 KB) [F16 fallback]
   HFP4G32: model.language_model.layers.42.linear_attn.out_proj.weight [5120, 6144] (31457280 elements, 61440.0 KB → 16400.0 KB)
   HFP4G32: model.language_model.layers.42.mlp.down_proj.weight [5120, 17408] (89128960 elements, 174080.0 KB → 46320.0 KB)
   HFP4G32: model.language_model.layers.42.mlp.gate_proj.weight [17408, 5120] (89128960 elements, 174080.0 KB → 46512.0 KB)
   HFP4G32: model.language_model.layers.42.mlp.up_proj.weight [17408, 5120] (89128960 elements, 174080.0 KB → 46512.0 KB)
       F16: model.language_model.layers.42.post_attention_layernorm.weight [5120] (5120 elements, 10.0 KB → 10.0 KB) [F16 fallback]
       F16: model.language_model.layers.43.input_layernorm.weight [5120] (5120 elements, 10.0 KB → 10.0 KB) [F16 fallback]
   HFP4G32: model.language_model.layers.43.mlp.down_proj.weight [5120, 17408] (89128960 elements, 174080.0 KB → 46320.0 KB)
   HFP4G32: model.language_model.layers.43.mlp.gate_proj.weight [17408, 5120] (89128960 elements, 174080.0 KB → 46512.0 KB)
   HFP4G32: model.language_model.layers.43.mlp.up_proj.weight [17408, 5120] (89128960 elements, 174080.0 KB → 46512.0 KB)
       F16: model.language_model.layers.43.post_attention_layernorm.weight [5120] (5120 elements, 10.0 KB → 10.0 KB) [F16 fallback]
       F16: model.language_model.layers.43.self_attn.k_norm.weight [256] (256 elements, 0.5 KB → 0.5 KB) [F16 fallback]
   HFP4G32: model.language_model.layers.43.self_attn.k_proj.weight [1024, 5120] (5242880 elements, 10240.0 KB → 2736.0 KB)
   HFP4G32: model.language_model.layers.43.self_attn.o_proj.weight [5120, 6144] (31457280 elements, 61440.0 KB → 16400.0 KB)
       F16: model.language_model.layers.43.self_attn.q_norm.weight [256] (256 elements, 0.5 KB → 0.5 KB) [F16 fallback]
   HFP4G32: model.language_model.layers.43.self_attn.q_proj.weight [12288, 5120] (62914560 elements, 122880.0 KB → 32832.0 KB)
   HFP4G32: model.language_model.layers.43.self_attn.v_proj.weight [1024, 5120] (5242880 elements, 10240.0 KB → 2736.0 KB)
       F16: model.language_model.layers.44.input_layernorm.weight [5120] (5120 elements, 10.0 KB → 10.0 KB) [F16 fallback]
       F16: model.language_model.layers.44.linear_attn.A_log [48] (48 elements, 0.1 KB → 0.1 KB) [F16 fallback]
    Q8_F16: model.language_model.layers.44.linear_attn.conv1d.weight [10240, 1, 4] (40960 elements, 80.0 KB → 42.5 KB)
       F16: model.language_model.layers.44.linear_attn.dt_bias [48] (48 elements, 0.1 KB → 0.1 KB) [F16 fallback]
   HFP4G32: model.language_model.layers.44.linear_attn.in_proj_a.weight [48, 5120] (245760 elements, 480.0 KB → 128.2 KB)
   HFP4G32: model.language_model.layers.44.linear_attn.in_proj_b.weight [48, 5120] (245760 elements, 480.0 KB → 128.2 KB)
   HFP4G32: model.language_model.layers.44.linear_attn.in_proj_qkv.weight [10240, 5120] (52428800 elements, 102400.0 KB → 27360.0 KB)
   HFP4G32: model.language_model.layers.44.linear_attn.in_proj_z.weight [6144, 5120] (31457280 elements, 61440.0 KB → 16416.0 KB)
       F16: model.language_model.layers.44.linear_attn.norm.weight [128] (128 elements, 0.2 KB → 0.2 KB) [F16 fallback]
   HFP4G32: model.language_model.layers.44.linear_attn.out_proj.weight [5120, 6144] (31457280 elements, 61440.0 KB → 16400.0 KB)
   HFP4G32: model.language_model.layers.44.mlp.down_proj.weight [5120, 17408] (89128960 elements, 174080.0 KB → 46320.0 KB)
   HFP4G32: model.language_model.layers.44.mlp.gate_proj.weight [17408, 5120] (89128960 elements, 174080.0 KB → 46512.0 KB)
   HFP4G32: model.language_model.layers.44.mlp.up_proj.weight [17408, 5120] (89128960 elements, 174080.0 KB → 46512.0 KB)
       F16: model.language_model.layers.44.post_attention_layernorm.weight [5120] (5120 elements, 10.0 KB → 10.0 KB) [F16 fallback]
       F16: model.language_model.layers.45.input_layernorm.weight [5120] (5120 elements, 10.0 KB → 10.0 KB) [F16 fallback]
       F16: model.language_model.layers.45.linear_attn.A_log [48] (48 elements, 0.1 KB → 0.1 KB) [F16 fallback]
    Q8_F16: model.language_model.layers.45.linear_attn.conv1d.weight [10240, 1, 4] (40960 elements, 80.0 KB → 42.5 KB)
       F16: model.language_model.layers.45.linear_attn.dt_bias [48] (48 elements, 0.1 KB → 0.1 KB) [F16 fallback]
   HFP4G32: model.language_model.layers.45.linear_attn.in_proj_a.weight [48, 5120] (245760 elements, 480.0 KB → 128.2 KB)
   HFP4G32: model.language_model.layers.45.linear_attn.in_proj_b.weight [48, 5120] (245760 elements, 480.0 KB → 128.2 KB)
   HFP4G32: model.language_model.layers.45.linear_attn.in_proj_qkv.weight [10240, 5120] (52428800 elements, 102400.0 KB → 27360.0 KB)
   HFP4G32: model.language_model.layers.45.linear_attn.in_proj_z.weight [6144, 5120] (31457280 elements, 61440.0 KB → 16416.0 KB)
       F16: model.language_model.layers.45.linear_attn.norm.weight [128] (128 elements, 0.2 KB → 0.2 KB) [F16 fallback]
   HFP4G32: model.language_model.layers.45.linear_attn.out_proj.weight [5120, 6144] (31457280 elements, 61440.0 KB → 16400.0 KB)
   HFP4G32: model.language_model.layers.45.mlp.down_proj.weight [5120, 17408] (89128960 elements, 174080.0 KB → 46320.0 KB)
   HFP4G32: model.language_model.layers.45.mlp.gate_proj.weight [17408, 5120] (89128960 elements, 174080.0 KB → 46512.0 KB)
   HFP4G32: model.language_model.layers.45.mlp.up_proj.weight [17408, 5120] (89128960 elements, 174080.0 KB → 46512.0 KB)
       F16: model.language_model.layers.45.post_attention_layernorm.weight [5120] (5120 elements, 10.0 KB → 10.0 KB) [F16 fallback]
       F16: model.language_model.layers.46.input_layernorm.weight [5120] (5120 elements, 10.0 KB → 10.0 KB) [F16 fallback]
       F16: model.language_model.layers.46.linear_attn.A_log [48] (48 elements, 0.1 KB → 0.1 KB) [F16 fallback]
    Q8_F16: model.language_model.layers.46.linear_attn.conv1d.weight [10240, 1, 4] (40960 elements, 80.0 KB → 42.5 KB)
       F16: model.language_model.layers.46.linear_attn.dt_bias [48] (48 elements, 0.1 KB → 0.1 KB) [F16 fallback]
   HFP4G32: model.language_model.layers.46.linear_attn.in_proj_a.weight [48, 5120] (245760 elements, 480.0 KB → 128.2 KB)
   HFP4G32: model.language_model.layers.46.linear_attn.in_proj_b.weight [48, 5120] (245760 elements, 480.0 KB → 128.2 KB)
   HFP4G32: model.language_model.layers.46.linear_attn.in_proj_qkv.weight [10240, 5120] (52428800 elements, 102400.0 KB → 27360.0 KB)
   HFP4G32: model.language_model.layers.46.linear_attn.in_proj_z.weight [6144, 5120] (31457280 elements, 61440.0 KB → 16416.0 KB)
       F16: model.language_model.layers.46.linear_attn.norm.weight [128] (128 elements, 0.2 KB → 0.2 KB) [F16 fallback]
   HFP4G32: model.language_model.layers.46.linear_attn.out_proj.weight [5120, 6144] (31457280 elements, 61440.0 KB → 16400.0 KB)
   HFP4G32: model.language_model.layers.46.mlp.down_proj.weight [5120, 17408] (89128960 elements, 174080.0 KB → 46320.0 KB)
   HFP4G32: model.language_model.layers.46.mlp.gate_proj.weight [17408, 5120] (89128960 elements, 174080.0 KB → 46512.0 KB)
   HFP4G32: model.language_model.layers.46.mlp.up_proj.weight [17408, 5120] (89128960 elements, 174080.0 KB → 46512.0 KB)
       F16: model.language_model.layers.46.post_attention_layernorm.weight [5120] (5120 elements, 10.0 KB → 10.0 KB) [F16 fallback]
       F16: model.language_model.layers.47.input_layernorm.weight [5120] (5120 elements, 10.0 KB → 10.0 KB) [F16 fallback]
   HFP4G32: model.language_model.layers.47.mlp.down_proj.weight [5120, 17408] (89128960 elements, 174080.0 KB → 46320.0 KB)
   HFP4G32: model.language_model.layers.47.mlp.gate_proj.weight [17408, 5120] (89128960 elements, 174080.0 KB → 46512.0 KB)
   HFP4G32: model.language_model.layers.47.mlp.up_proj.weight [17408, 5120] (89128960 elements, 174080.0 KB → 46512.0 KB)
       F16: model.language_model.layers.47.post_attention_layernorm.weight [5120] (5120 elements, 10.0 KB → 10.0 KB) [F16 fallback]
       F16: model.language_model.layers.47.self_attn.k_norm.weight [256] (256 elements, 0.5 KB → 0.5 KB) [F16 fallback]
   HFP4G32: model.language_model.layers.47.self_attn.k_proj.weight [1024, 5120] (5242880 elements, 10240.0 KB → 2736.0 KB)
   HFP4G32: model.language_model.layers.47.self_attn.o_proj.weight [5120, 6144] (31457280 elements, 61440.0 KB → 16400.0 KB)
       F16: model.language_model.layers.47.self_attn.q_norm.weight [256] (256 elements, 0.5 KB → 0.5 KB) [F16 fallback]
   HFP4G32: model.language_model.layers.47.self_attn.q_proj.weight [12288, 5120] (62914560 elements, 122880.0 KB → 32832.0 KB)
   HFP4G32: model.language_model.layers.47.self_attn.v_proj.weight [1024, 5120] (5242880 elements, 10240.0 KB → 2736.0 KB)
       F16: model.language_model.layers.48.input_layernorm.weight [5120] (5120 elements, 10.0 KB → 10.0 KB) [F16 fallback]
       F16: model.language_model.layers.48.linear_attn.A_log [48] (48 elements, 0.1 KB → 0.1 KB) [F16 fallback]
    Q8_F16: model.language_model.layers.48.linear_attn.conv1d.weight [10240, 1, 4] (40960 elements, 80.0 KB → 42.5 KB)
       F16: model.language_model.layers.48.linear_attn.dt_bias [48] (48 elements, 0.1 KB → 0.1 KB) [F16 fallback]
   HFP4G32: model.language_model.layers.48.linear_attn.in_proj_a.weight [48, 5120] (245760 elements, 480.0 KB → 128.2 KB)
   HFP4G32: model.language_model.layers.48.linear_attn.in_proj_b.weight [48, 5120] (245760 elements, 480.0 KB → 128.2 KB)
   HFP4G32: model.language_model.layers.48.linear_attn.in_proj_qkv.weight [10240, 5120] (52428800 elements, 102400.0 KB → 27360.0 KB)
   HFP4G32: model.language_model.layers.48.linear_attn.in_proj_z.weight [6144, 5120] (31457280 elements, 61440.0 KB → 16416.0 KB)
       F16: model.language_model.layers.48.linear_attn.norm.weight [128] (128 elements, 0.2 KB → 0.2 KB) [F16 fallback]
   HFP4G32: model.language_model.layers.48.linear_attn.out_proj.weight [5120, 6144] (31457280 elements, 61440.0 KB → 16400.0 KB)
   HFP4G32: model.language_model.layers.48.mlp.down_proj.weight [5120, 17408] (89128960 elements, 174080.0 KB → 46320.0 KB)
   HFP4G32: model.language_model.layers.48.mlp.gate_proj.weight [17408, 5120] (89128960 elements, 174080.0 KB → 46512.0 KB)
   HFP4G32: model.language_model.layers.48.mlp.up_proj.weight [17408, 5120] (89128960 elements, 174080.0 KB → 46512.0 KB)
       F16: model.language_model.layers.48.post_attention_layernorm.weight [5120] (5120 elements, 10.0 KB → 10.0 KB) [F16 fallback]
       F16: model.language_model.layers.49.input_layernorm.weight [5120] (5120 elements, 10.0 KB → 10.0 KB) [F16 fallback]
       F16: model.language_model.layers.49.linear_attn.A_log [48] (48 elements, 0.1 KB → 0.1 KB) [F16 fallback]
    Q8_F16: model.language_model.layers.49.linear_attn.conv1d.weight [10240, 1, 4] (40960 elements, 80.0 KB → 42.5 KB)
       F16: model.language_model.layers.49.linear_attn.dt_bias [48] (48 elements, 0.1 KB → 0.1 KB) [F16 fallback]
   HFP4G32: model.language_model.layers.49.linear_attn.in_proj_a.weight [48, 5120] (245760 elements, 480.0 KB → 128.2 KB)
   HFP4G32: model.language_model.layers.49.linear_attn.in_proj_b.weight [48, 5120] (245760 elements, 480.0 KB → 128.2 KB)
   HFP4G32: model.language_model.layers.49.linear_attn.in_proj_qkv.weight [10240, 5120] (52428800 elements, 102400.0 KB → 27360.0 KB)
   HFP4G32: model.language_model.layers.49.linear_attn.in_proj_z.weight [6144, 5120] (31457280 elements, 61440.0 KB → 16416.0 KB)
       F16: model.language_model.layers.49.linear_attn.norm.weight [128] (128 elements, 0.2 KB → 0.2 KB) [F16 fallback]
   HFP4G32: model.language_model.layers.49.linear_attn.out_proj.weight [5120, 6144] (31457280 elements, 61440.0 KB → 16400.0 KB)
   HFP4G32: model.language_model.layers.49.mlp.down_proj.weight [5120, 17408] (89128960 elements, 174080.0 KB → 46320.0 KB)
   HFP4G32: model.language_model.layers.49.mlp.gate_proj.weight [17408, 5120] (89128960 elements, 174080.0 KB → 46512.0 KB)
   HFP4G32: model.language_model.layers.49.mlp.up_proj.weight [17408, 5120] (89128960 elements, 174080.0 KB → 46512.0 KB)
       F16: model.language_model.layers.49.post_attention_layernorm.weight [5120] (5120 elements, 10.0 KB → 10.0 KB) [F16 fallback]
       F16: model.language_model.layers.5.input_layernorm.weight [5120] (5120 elements, 10.0 KB → 10.0 KB) [F16 fallback]
       F16: model.language_model.layers.5.linear_attn.A_log [48] (48 elements, 0.1 KB → 0.1 KB) [F16 fallback]
    Q8_F16: model.language_model.layers.5.linear_attn.conv1d.weight [10240, 1, 4] (40960 elements, 80.0 KB → 42.5 KB)
       F16: model.language_model.layers.5.linear_attn.dt_bias [48] (48 elements, 0.1 KB → 0.1 KB) [F16 fallback]
   HFP4G32: model.language_model.layers.5.linear_attn.in_proj_a.weight [48, 5120] (245760 elements, 480.0 KB → 128.2 KB)
   HFP4G32: model.language_model.layers.5.linear_attn.in_proj_b.weight [48, 5120] (245760 elements, 480.0 KB → 128.2 KB)
   HFP4G32: model.language_model.layers.5.linear_attn.in_proj_qkv.weight [10240, 5120] (52428800 elements, 102400.0 KB → 27360.0 KB)
   HFP4G32: model.language_model.layers.5.linear_attn.in_proj_z.weight [6144, 5120] (31457280 elements, 61440.0 KB → 16416.0 KB)
       F16: model.language_model.layers.5.linear_attn.norm.weight [128] (128 elements, 0.2 KB → 0.2 KB) [F16 fallback]
   HFP4G32: model.language_model.layers.5.linear_attn.out_proj.weight [5120, 6144] (31457280 elements, 61440.0 KB → 16400.0 KB)
   HFP4G32: model.language_model.layers.5.mlp.down_proj.weight [5120, 17408] (89128960 elements, 174080.0 KB → 46320.0 KB)
   HFP4G32: model.language_model.layers.5.mlp.gate_proj.weight [17408, 5120] (89128960 elements, 174080.0 KB → 46512.0 KB)
   HFP4G32: model.language_model.layers.5.mlp.up_proj.weight [17408, 5120] (89128960 elements, 174080.0 KB → 46512.0 KB)
       F16: model.language_model.layers.5.post_attention_layernorm.weight [5120] (5120 elements, 10.0 KB → 10.0 KB) [F16 fallback]
       F16: model.language_model.layers.50.input_layernorm.weight [5120] (5120 elements, 10.0 KB → 10.0 KB) [F16 fallback]
       F16: model.language_model.layers.50.linear_attn.A_log [48] (48 elements, 0.1 KB → 0.1 KB) [F16 fallback]
    Q8_F16: model.language_model.layers.50.linear_attn.conv1d.weight [10240, 1, 4] (40960 elements, 80.0 KB → 42.5 KB)
       F16: model.language_model.layers.50.linear_attn.dt_bias [48] (48 elements, 0.1 KB → 0.1 KB) [F16 fallback]
   HFP4G32: model.language_model.layers.50.linear_attn.in_proj_a.weight [48, 5120] (245760 elements, 480.0 KB → 128.2 KB)
   HFP4G32: model.language_model.layers.50.linear_attn.in_proj_b.weight [48, 5120] (245760 elements, 480.0 KB → 128.2 KB)
   HFP4G32: model.language_model.layers.50.linear_attn.in_proj_qkv.weight [10240, 5120] (52428800 elements, 102400.0 KB → 27360.0 KB)
   HFP4G32: model.language_model.layers.50.linear_attn.in_proj_z.weight [6144, 5120] (31457280 elements, 61440.0 KB → 16416.0 KB)
       F16: model.language_model.layers.50.linear_attn.norm.weight [128] (128 elements, 0.2 KB → 0.2 KB) [F16 fallback]
   HFP4G32: model.language_model.layers.50.linear_attn.out_proj.weight [5120, 6144] (31457280 elements, 61440.0 KB → 16400.0 KB)
   HFP4G32: model.language_model.layers.50.mlp.down_proj.weight [5120, 17408] (89128960 elements, 174080.0 KB → 46320.0 KB)
   HFP4G32: model.language_model.layers.50.mlp.gate_proj.weight [17408, 5120] (89128960 elements, 174080.0 KB → 46512.0 KB)
   HFP4G32: model.language_model.layers.50.mlp.up_proj.weight [17408, 5120] (89128960 elements, 174080.0 KB → 46512.0 KB)
       F16: model.language_model.layers.50.post_attention_layernorm.weight [5120] (5120 elements, 10.0 KB → 10.0 KB) [F16 fallback]
       F16: model.language_model.layers.51.input_layernorm.weight [5120] (5120 elements, 10.0 KB → 10.0 KB) [F16 fallback]
   HFP4G32: model.language_model.layers.51.mlp.down_proj.weight [5120, 17408] (89128960 elements, 174080.0 KB → 46320.0 KB)
   HFP4G32: model.language_model.layers.51.mlp.gate_proj.weight [17408, 5120] (89128960 elements, 174080.0 KB → 46512.0 KB)
   HFP4G32: model.language_model.layers.51.mlp.up_proj.weight [17408, 5120] (89128960 elements, 174080.0 KB → 46512.0 KB)
       F16: model.language_model.layers.51.post_attention_layernorm.weight [5120] (5120 elements, 10.0 KB → 10.0 KB) [F16 fallback]
       F16: model.language_model.layers.51.self_attn.k_norm.weight [256] (256 elements, 0.5 KB → 0.5 KB) [F16 fallback]
   HFP4G32: model.language_model.layers.51.self_attn.k_proj.weight [1024, 5120] (5242880 elements, 10240.0 KB → 2736.0 KB)
   HFP4G32: model.language_model.layers.51.self_attn.o_proj.weight [5120, 6144] (31457280 elements, 61440.0 KB → 16400.0 KB)
       F16: model.language_model.layers.51.self_attn.q_norm.weight [256] (256 elements, 0.5 KB → 0.5 KB) [F16 fallback]
   HFP4G32: model.language_model.layers.51.self_attn.q_proj.weight [12288, 5120] (62914560 elements, 122880.0 KB → 32832.0 KB)
   HFP4G32: model.language_model.layers.51.self_attn.v_proj.weight [1024, 5120] (5242880 elements, 10240.0 KB → 2736.0 KB)
       F16: model.language_model.layers.52.input_layernorm.weight [5120] (5120 elements, 10.0 KB → 10.0 KB) [F16 fallback]
       F16: model.language_model.layers.52.linear_attn.A_log [48] (48 elements, 0.1 KB → 0.1 KB) [F16 fallback]
    Q8_F16: model.language_model.layers.52.linear_attn.conv1d.weight [10240, 1, 4] (40960 elements, 80.0 KB → 42.5 KB)
       F16: model.language_model.layers.52.linear_attn.dt_bias [48] (48 elements, 0.1 KB → 0.1 KB) [F16 fallback]
   HFP4G32: model.language_model.layers.52.linear_attn.in_proj_a.weight [48, 5120] (245760 elements, 480.0 KB → 128.2 KB)
   HFP4G32: model.language_model.layers.52.linear_attn.in_proj_b.weight [48, 5120] (245760 elements, 480.0 KB → 128.2 KB)
   HFP4G32: model.language_model.layers.52.linear_attn.in_proj_qkv.weight [10240, 5120] (52428800 elements, 102400.0 KB → 27360.0 KB)
   HFP4G32: model.language_model.layers.52.linear_attn.in_proj_z.weight [6144, 5120] (31457280 elements, 61440.0 KB → 16416.0 KB)
       F16: model.language_model.layers.52.linear_attn.norm.weight [128] (128 elements, 0.2 KB → 0.2 KB) [F16 fallback]
   HFP4G32: model.language_model.layers.52.linear_attn.out_proj.weight [5120, 6144] (31457280 elements, 61440.0 KB → 16400.0 KB)
   HFP4G32: model.language_model.layers.52.mlp.down_proj.weight [5120, 17408] (89128960 elements, 174080.0 KB → 46320.0 KB)
   HFP4G32: model.language_model.layers.52.mlp.gate_proj.weight [17408, 5120] (89128960 elements, 174080.0 KB → 46512.0 KB)
   HFP4G32: model.language_model.layers.52.mlp.up_proj.weight [17408, 5120] (89128960 elements, 174080.0 KB → 46512.0 KB)
       F16: model.language_model.layers.52.post_attention_layernorm.weight [5120] (5120 elements, 10.0 KB → 10.0 KB) [F16 fallback]
       F16: model.language_model.layers.53.input_layernorm.weight [5120] (5120 elements, 10.0 KB → 10.0 KB) [F16 fallback]
       F16: model.language_model.layers.53.linear_attn.A_log [48] (48 elements, 0.1 KB → 0.1 KB) [F16 fallback]
    Q8_F16: model.language_model.layers.53.linear_attn.conv1d.weight [10240, 1, 4] (40960 elements, 80.0 KB → 42.5 KB)
       F16: model.language_model.layers.53.linear_attn.dt_bias [48] (48 elements, 0.1 KB → 0.1 KB) [F16 fallback]
   HFP4G32: model.language_model.layers.53.linear_attn.in_proj_a.weight [48, 5120] (245760 elements, 480.0 KB → 128.2 KB)
   HFP4G32: model.language_model.layers.53.linear_attn.in_proj_b.weight [48, 5120] (245760 elements, 480.0 KB → 128.2 KB)
   HFP4G32: model.language_model.layers.53.linear_attn.in_proj_qkv.weight [10240, 5120] (52428800 elements, 102400.0 KB → 27360.0 KB)
   HFP4G32: model.language_model.layers.53.linear_attn.in_proj_z.weight [6144, 5120] (31457280 elements, 61440.0 KB → 16416.0 KB)
       F16: model.language_model.layers.53.linear_attn.norm.weight [128] (128 elements, 0.2 KB → 0.2 KB) [F16 fallback]
   HFP4G32: model.language_model.layers.53.linear_attn.out_proj.weight [5120, 6144] (31457280 elements, 61440.0 KB → 16400.0 KB)
   HFP4G32: model.language_model.layers.53.mlp.down_proj.weight [5120, 17408] (89128960 elements, 174080.0 KB → 46320.0 KB)
   HFP4G32: model.language_model.layers.53.mlp.gate_proj.weight [17408, 5120] (89128960 elements, 174080.0 KB → 46512.0 KB)
   HFP4G32: model.language_model.layers.53.mlp.up_proj.weight [17408, 5120] (89128960 elements, 174080.0 KB → 46512.0 KB)
       F16: model.language_model.layers.53.post_attention_layernorm.weight [5120] (5120 elements, 10.0 KB → 10.0 KB) [F16 fallback]
       F16: model.language_model.layers.54.input_layernorm.weight [5120] (5120 elements, 10.0 KB → 10.0 KB) [F16 fallback]
       F16: model.language_model.layers.54.linear_attn.A_log [48] (48 elements, 0.1 KB → 0.1 KB) [F16 fallback]
    Q8_F16: model.language_model.layers.54.linear_attn.conv1d.weight [10240, 1, 4] (40960 elements, 80.0 KB → 42.5 KB)
       F16: model.language_model.layers.54.linear_attn.dt_bias [48] (48 elements, 0.1 KB → 0.1 KB) [F16 fallback]
   HFP4G32: model.language_model.layers.54.linear_attn.in_proj_a.weight [48, 5120] (245760 elements, 480.0 KB → 128.2 KB)
   HFP4G32: model.language_model.layers.54.linear_attn.in_proj_b.weight [48, 5120] (245760 elements, 480.0 KB → 128.2 KB)
   HFP4G32: model.language_model.layers.54.linear_attn.in_proj_qkv.weight [10240, 5120] (52428800 elements, 102400.0 KB → 27360.0 KB)
   HFP4G32: model.language_model.layers.54.linear_attn.in_proj_z.weight [6144, 5120] (31457280 elements, 61440.0 KB → 16416.0 KB)
       F16: model.language_model.layers.54.linear_attn.norm.weight [128] (128 elements, 0.2 KB → 0.2 KB) [F16 fallback]
   HFP4G32: model.language_model.layers.54.linear_attn.out_proj.weight [5120, 6144] (31457280 elements, 61440.0 KB → 16400.0 KB)
   HFP4G32: model.language_model.layers.54.mlp.down_proj.weight [5120, 17408] (89128960 elements, 174080.0 KB → 46320.0 KB)
   HFP4G32: model.language_model.layers.54.mlp.gate_proj.weight [17408, 5120] (89128960 elements, 174080.0 KB → 46512.0 KB)
   HFP4G32: model.language_model.layers.54.mlp.up_proj.weight [17408, 5120] (89128960 elements, 174080.0 KB → 46512.0 KB)
       F16: model.language_model.layers.54.post_attention_layernorm.weight [5120] (5120 elements, 10.0 KB → 10.0 KB) [F16 fallback]
       F16: model.language_model.layers.55.input_layernorm.weight [5120] (5120 elements, 10.0 KB → 10.0 KB) [F16 fallback]
   HFP4G32: model.language_model.layers.55.mlp.down_proj.weight [5120, 17408] (89128960 elements, 174080.0 KB → 46320.0 KB)
   HFP4G32: model.language_model.layers.55.mlp.gate_proj.weight [17408, 5120] (89128960 elements, 174080.0 KB → 46512.0 KB)
   HFP4G32: model.language_model.layers.55.mlp.up_proj.weight [17408, 5120] (89128960 elements, 174080.0 KB → 46512.0 KB)
       F16: model.language_model.layers.55.post_attention_layernorm.weight [5120] (5120 elements, 10.0 KB → 10.0 KB) [F16 fallback]
       F16: model.language_model.layers.55.self_attn.k_norm.weight [256] (256 elements, 0.5 KB → 0.5 KB) [F16 fallback]
   HFP4G32: model.language_model.layers.55.self_attn.k_proj.weight [1024, 5120] (5242880 elements, 10240.0 KB → 2736.0 KB)
   HFP4G32: model.language_model.layers.55.self_attn.o_proj.weight [5120, 6144] (31457280 elements, 61440.0 KB → 16400.0 KB)
       F16: model.language_model.layers.55.self_attn.q_norm.weight [256] (256 elements, 0.5 KB → 0.5 KB) [F16 fallback]
   HFP4G32: model.language_model.layers.55.self_attn.q_proj.weight [12288, 5120] (62914560 elements, 122880.0 KB → 32832.0 KB)
   HFP4G32: model.language_model.layers.55.self_attn.v_proj.weight [1024, 5120] (5242880 elements, 10240.0 KB → 2736.0 KB)
       F16: model.language_model.layers.56.input_layernorm.weight [5120] (5120 elements, 10.0 KB → 10.0 KB) [F16 fallback]
       F16: model.language_model.layers.56.linear_attn.A_log [48] (48 elements, 0.1 KB → 0.1 KB) [F16 fallback]
    Q8_F16: model.language_model.layers.56.linear_attn.conv1d.weight [10240, 1, 4] (40960 elements, 80.0 KB → 42.5 KB)
       F16: model.language_model.layers.56.linear_attn.dt_bias [48] (48 elements, 0.1 KB → 0.1 KB) [F16 fallback]
   HFP4G32: model.language_model.layers.56.linear_attn.in_proj_a.weight [48, 5120] (245760 elements, 480.0 KB → 128.2 KB)
   HFP4G32: model.language_model.layers.56.linear_attn.in_proj_b.weight [48, 5120] (245760 elements, 480.0 KB → 128.2 KB)
   HFP4G32: model.language_model.layers.56.linear_attn.in_proj_qkv.weight [10240, 5120] (52428800 elements, 102400.0 KB → 27360.0 KB)
   HFP4G32: model.language_model.layers.56.linear_attn.in_proj_z.weight [6144, 5120] (31457280 elements, 61440.0 KB → 16416.0 KB)
       F16: model.language_model.layers.56.linear_attn.norm.weight [128] (128 elements, 0.2 KB → 0.2 KB) [F16 fallback]
   HFP4G32: model.language_model.layers.56.linear_attn.out_proj.weight [5120, 6144] (31457280 elements, 61440.0 KB → 16400.0 KB)
   HFP4G32: model.language_model.layers.56.mlp.down_proj.weight [5120, 17408] (89128960 elements, 174080.0 KB → 46320.0 KB)
   HFP4G32: model.language_model.layers.56.mlp.gate_proj.weight [17408, 5120] (89128960 elements, 174080.0 KB → 46512.0 KB)
   HFP4G32: model.language_model.layers.56.mlp.up_proj.weight [17408, 5120] (89128960 elements, 174080.0 KB → 46512.0 KB)
       F16: model.language_model.layers.56.post_attention_layernorm.weight [5120] (5120 elements, 10.0 KB → 10.0 KB) [F16 fallback]
       F16: model.language_model.layers.57.input_layernorm.weight [5120] (5120 elements, 10.0 KB → 10.0 KB) [F16 fallback]
       F16: model.language_model.layers.57.linear_attn.A_log [48] (48 elements, 0.1 KB → 0.1 KB) [F16 fallback]
    Q8_F16: model.language_model.layers.57.linear_attn.conv1d.weight [10240, 1, 4] (40960 elements, 80.0 KB → 42.5 KB)
       F16: model.language_model.layers.57.linear_attn.dt_bias [48] (48 elements, 0.1 KB → 0.1 KB) [F16 fallback]
   HFP4G32: model.language_model.layers.57.linear_attn.in_proj_a.weight [48, 5120] (245760 elements, 480.0 KB → 128.2 KB)
   HFP4G32: model.language_model.layers.57.linear_attn.in_proj_b.weight [48, 5120] (245760 elements, 480.0 KB → 128.2 KB)
   HFP4G32: model.language_model.layers.57.linear_attn.in_proj_qkv.weight [10240, 5120] (52428800 elements, 102400.0 KB → 27360.0 KB)
   HFP4G32: model.language_model.layers.57.linear_attn.in_proj_z.weight [6144, 5120] (31457280 elements, 61440.0 KB → 16416.0 KB)
       F16: model.language_model.layers.57.linear_attn.norm.weight [128] (128 elements, 0.2 KB → 0.2 KB) [F16 fallback]
   HFP4G32: model.language_model.layers.57.linear_attn.out_proj.weight [5120, 6144] (31457280 elements, 61440.0 KB → 16400.0 KB)
   HFP4G32: model.language_model.layers.57.mlp.down_proj.weight [5120, 17408] (89128960 elements, 174080.0 KB → 46320.0 KB)
   HFP4G32: model.language_model.layers.57.mlp.gate_proj.weight [17408, 5120] (89128960 elements, 174080.0 KB → 46512.0 KB)
   HFP4G32: model.language_model.layers.57.mlp.up_proj.weight [17408, 5120] (89128960 elements, 174080.0 KB → 46512.0 KB)
       F16: model.language_model.layers.57.post_attention_layernorm.weight [5120] (5120 elements, 10.0 KB → 10.0 KB) [F16 fallback]
       F16: model.language_model.layers.58.input_layernorm.weight [5120] (5120 elements, 10.0 KB → 10.0 KB) [F16 fallback]
       F16: model.language_model.layers.58.linear_attn.A_log [48] (48 elements, 0.1 KB → 0.1 KB) [F16 fallback]
    Q8_F16: model.language_model.layers.58.linear_attn.conv1d.weight [10240, 1, 4] (40960 elements, 80.0 KB → 42.5 KB)
       F16: model.language_model.layers.58.linear_attn.dt_bias [48] (48 elements, 0.1 KB → 0.1 KB) [F16 fallback]
   HFP4G32: model.language_model.layers.58.linear_attn.in_proj_a.weight [48, 5120] (245760 elements, 480.0 KB → 128.2 KB)
   HFP4G32: model.language_model.layers.58.linear_attn.in_proj_b.weight [48, 5120] (245760 elements, 480.0 KB → 128.2 KB)
   HFP4G32: model.language_model.layers.58.linear_attn.in_proj_qkv.weight [10240, 5120] (52428800 elements, 102400.0 KB → 27360.0 KB)
   HFP4G32: model.language_model.layers.58.linear_attn.in_proj_z.weight [6144, 5120] (31457280 elements, 61440.0 KB → 16416.0 KB)
       F16: model.language_model.layers.58.linear_attn.norm.weight [128] (128 elements, 0.2 KB → 0.2 KB) [F16 fallback]
   HFP4G32: model.language_model.layers.58.linear_attn.out_proj.weight [5120, 6144] (31457280 elements, 61440.0 KB → 16400.0 KB)
   HFP4G32: model.language_model.layers.58.mlp.down_proj.weight [5120, 17408] (89128960 elements, 174080.0 KB → 46320.0 KB)
   HFP4G32: model.language_model.layers.58.mlp.gate_proj.weight [17408, 5120] (89128960 elements, 174080.0 KB → 46512.0 KB)
   HFP4G32: model.language_model.layers.58.mlp.up_proj.weight [17408, 5120] (89128960 elements, 174080.0 KB → 46512.0 KB)
       F16: model.language_model.layers.58.post_attention_layernorm.weight [5120] (5120 elements, 10.0 KB → 10.0 KB) [F16 fallback]
       F16: model.language_model.layers.59.input_layernorm.weight [5120] (5120 elements, 10.0 KB → 10.0 KB) [F16 fallback]
   HFP4G32: model.language_model.layers.59.mlp.down_proj.weight [5120, 17408] (89128960 elements, 174080.0 KB → 46320.0 KB)
   HFP4G32: model.language_model.layers.59.mlp.gate_proj.weight [17408, 5120] (89128960 elements, 174080.0 KB → 46512.0 KB)
   HFP4G32: model.language_model.layers.59.mlp.up_proj.weight [17408, 5120] (89128960 elements, 174080.0 KB → 46512.0 KB)
       F16: model.language_model.layers.59.post_attention_layernorm.weight [5120] (5120 elements, 10.0 KB → 10.0 KB) [F16 fallback]
       F16: model.language_model.layers.59.self_attn.k_norm.weight [256] (256 elements, 0.5 KB → 0.5 KB) [F16 fallback]
   HFP4G32: model.language_model.layers.59.self_attn.k_proj.weight [1024, 5120] (5242880 elements, 10240.0 KB → 2736.0 KB)
   HFP4G32: model.language_model.layers.59.self_attn.o_proj.weight [5120, 6144] (31457280 elements, 61440.0 KB → 16400.0 KB)
       F16: model.language_model.layers.59.self_attn.q_norm.weight [256] (256 elements, 0.5 KB → 0.5 KB) [F16 fallback]
   HFP4G32: model.language_model.layers.59.self_attn.q_proj.weight [12288, 5120] (62914560 elements, 122880.0 KB → 32832.0 KB)
   HFP4G32: model.language_model.layers.59.self_attn.v_proj.weight [1024, 5120] (5242880 elements, 10240.0 KB → 2736.0 KB)
       F16: model.language_model.layers.6.input_layernorm.weight [5120] (5120 elements, 10.0 KB → 10.0 KB) [F16 fallback]
       F16: model.language_model.layers.6.linear_attn.A_log [48] (48 elements, 0.1 KB → 0.1 KB) [F16 fallback]
    Q8_F16: model.language_model.layers.6.linear_attn.conv1d.weight [10240, 1, 4] (40960 elements, 80.0 KB → 42.5 KB)
       F16: model.language_model.layers.6.linear_attn.dt_bias [48] (48 elements, 0.1 KB → 0.1 KB) [F16 fallback]
   HFP4G32: model.language_model.layers.6.linear_attn.in_proj_a.weight [48, 5120] (245760 elements, 480.0 KB → 128.2 KB)
   HFP4G32: model.language_model.layers.6.linear_attn.in_proj_b.weight [48, 5120] (245760 elements, 480.0 KB → 128.2 KB)
   HFP4G32: model.language_model.layers.6.linear_attn.in_proj_qkv.weight [10240, 5120] (52428800 elements, 102400.0 KB → 27360.0 KB)
   HFP4G32: model.language_model.layers.6.linear_attn.in_proj_z.weight [6144, 5120] (31457280 elements, 61440.0 KB → 16416.0 KB)
       F16: model.language_model.layers.6.linear_attn.norm.weight [128] (128 elements, 0.2 KB → 0.2 KB) [F16 fallback]
   HFP4G32: model.language_model.layers.6.linear_attn.out_proj.weight [5120, 6144] (31457280 elements, 61440.0 KB → 16400.0 KB)
   HFP4G32: model.language_model.layers.6.mlp.down_proj.weight [5120, 17408] (89128960 elements, 174080.0 KB → 46320.0 KB)
   HFP4G32: model.language_model.layers.6.mlp.gate_proj.weight [17408, 5120] (89128960 elements, 174080.0 KB → 46512.0 KB)
   HFP4G32: model.language_model.layers.6.mlp.up_proj.weight [17408, 5120] (89128960 elements, 174080.0 KB → 46512.0 KB)
       F16: model.language_model.layers.6.post_attention_layernorm.weight [5120] (5120 elements, 10.0 KB → 10.0 KB) [F16 fallback]
       F16: model.language_model.layers.60.input_layernorm.weight [5120] (5120 elements, 10.0 KB → 10.0 KB) [F16 fallback]
       F16: model.language_model.layers.60.linear_attn.A_log [48] (48 elements, 0.1 KB → 0.1 KB) [F16 fallback]
    Q8_F16: model.language_model.layers.60.linear_attn.conv1d.weight [10240, 1, 4] (40960 elements, 80.0 KB → 42.5 KB)
       F16: model.language_model.layers.60.linear_attn.dt_bias [48] (48 elements, 0.1 KB → 0.1 KB) [F16 fallback]
   HFP4G32: model.language_model.layers.60.linear_attn.in_proj_a.weight [48, 5120] (245760 elements, 480.0 KB → 128.2 KB)
   HFP4G32: model.language_model.layers.60.linear_attn.in_proj_b.weight [48, 5120] (245760 elements, 480.0 KB → 128.2 KB)
   HFP4G32: model.language_model.layers.60.linear_attn.in_proj_qkv.weight [10240, 5120] (52428800 elements, 102400.0 KB → 27360.0 KB)
   HFP4G32: model.language_model.layers.60.linear_attn.in_proj_z.weight [6144, 5120] (31457280 elements, 61440.0 KB → 16416.0 KB)
       F16: model.language_model.layers.60.linear_attn.norm.weight [128] (128 elements, 0.2 KB → 0.2 KB) [F16 fallback]
   HFP4G32: model.language_model.layers.60.linear_attn.out_proj.weight [5120, 6144] (31457280 elements, 61440.0 KB → 16400.0 KB)
   HFP4G32: model.language_model.layers.60.mlp.down_proj.weight [5120, 17408] (89128960 elements, 174080.0 KB → 46320.0 KB)
   HFP4G32: model.language_model.layers.60.mlp.gate_proj.weight [17408, 5120] (89128960 elements, 174080.0 KB → 46512.0 KB)
   HFP4G32: model.language_model.layers.60.mlp.up_proj.weight [17408, 5120] (89128960 elements, 174080.0 KB → 46512.0 KB)
       F16: model.language_model.layers.60.post_attention_layernorm.weight [5120] (5120 elements, 10.0 KB → 10.0 KB) [F16 fallback]
       F16: model.language_model.layers.61.input_layernorm.weight [5120] (5120 elements, 10.0 KB → 10.0 KB) [F16 fallback]
       F16: model.language_model.layers.61.linear_attn.A_log [48] (48 elements, 0.1 KB → 0.1 KB) [F16 fallback]
    Q8_F16: model.language_model.layers.61.linear_attn.conv1d.weight [10240, 1, 4] (40960 elements, 80.0 KB → 42.5 KB)
       F16: model.language_model.layers.61.linear_attn.dt_bias [48] (48 elements, 0.1 KB → 0.1 KB) [F16 fallback]
   HFP4G32: model.language_model.layers.61.linear_attn.in_proj_a.weight [48, 5120] (245760 elements, 480.0 KB → 128.2 KB)
   HFP4G32: model.language_model.layers.61.linear_attn.in_proj_b.weight [48, 5120] (245760 elements, 480.0 KB → 128.2 KB)
   HFP4G32: model.language_model.layers.61.linear_attn.in_proj_qkv.weight [10240, 5120] (52428800 elements, 102400.0 KB → 27360.0 KB)
   HFP4G32: model.language_model.layers.61.linear_attn.in_proj_z.weight [6144, 5120] (31457280 elements, 61440.0 KB → 16416.0 KB)
       F16: model.language_model.layers.61.linear_attn.norm.weight [128] (128 elements, 0.2 KB → 0.2 KB) [F16 fallback]
   HFP4G32: model.language_model.layers.61.linear_attn.out_proj.weight [5120, 6144] (31457280 elements, 61440.0 KB → 16400.0 KB)
   HFP4G32: model.language_model.layers.61.mlp.down_proj.weight [5120, 17408] (89128960 elements, 174080.0 KB → 46320.0 KB)
   HFP4G32: model.language_model.layers.61.mlp.gate_proj.weight [17408, 5120] (89128960 elements, 174080.0 KB → 46512.0 KB)
   HFP4G32: model.language_model.layers.61.mlp.up_proj.weight [17408, 5120] (89128960 elements, 174080.0 KB → 46512.0 KB)
       F16: model.language_model.layers.61.post_attention_layernorm.weight [5120] (5120 elements, 10.0 KB → 10.0 KB) [F16 fallback]
       F16: model.language_model.layers.62.input_layernorm.weight [5120] (5120 elements, 10.0 KB → 10.0 KB) [F16 fallback]
       F16: model.language_model.layers.62.linear_attn.A_log [48] (48 elements, 0.1 KB → 0.1 KB) [F16 fallback]
    Q8_F16: model.language_model.layers.62.linear_attn.conv1d.weight [10240, 1, 4] (40960 elements, 80.0 KB → 42.5 KB)
       F16: model.language_model.layers.62.linear_attn.dt_bias [48] (48 elements, 0.1 KB → 0.1 KB) [F16 fallback]
   HFP4G32: model.language_model.layers.62.linear_attn.in_proj_a.weight [48, 5120] (245760 elements, 480.0 KB → 128.2 KB)
   HFP4G32: model.language_model.layers.62.linear_attn.in_proj_b.weight [48, 5120] (245760 elements, 480.0 KB → 128.2 KB)
   HFP4G32: model.language_model.layers.62.linear_attn.in_proj_qkv.weight [10240, 5120] (52428800 elements, 102400.0 KB → 27360.0 KB)
   HFP4G32: model.language_model.layers.62.linear_attn.in_proj_z.weight [6144, 5120] (31457280 elements, 61440.0 KB → 16416.0 KB)
       F16: model.language_model.layers.62.linear_attn.norm.weight [128] (128 elements, 0.2 KB → 0.2 KB) [F16 fallback]
   HFP4G32: model.language_model.layers.62.linear_attn.out_proj.weight [5120, 6144] (31457280 elements, 61440.0 KB → 16400.0 KB)
   HFP4G32: model.language_model.layers.62.mlp.down_proj.weight [5120, 17408] (89128960 elements, 174080.0 KB → 46320.0 KB)
   HFP4G32: model.language_model.layers.62.mlp.gate_proj.weight [17408, 5120] (89128960 elements, 174080.0 KB → 46512.0 KB)
   HFP4G32: model.language_model.layers.62.mlp.up_proj.weight [17408, 5120] (89128960 elements, 174080.0 KB → 46512.0 KB)
       F16: model.language_model.layers.62.post_attention_layernorm.weight [5120] (5120 elements, 10.0 KB → 10.0 KB) [F16 fallback]
       F16: model.language_model.layers.63.input_layernorm.weight [5120] (5120 elements, 10.0 KB → 10.0 KB) [F16 fallback]
   HFP4G32: model.language_model.layers.63.mlp.down_proj.weight [5120, 17408] (89128960 elements, 174080.0 KB → 46320.0 KB)
   HFP4G32: model.language_model.layers.63.mlp.gate_proj.weight [17408, 5120] (89128960 elements, 174080.0 KB → 46512.0 KB)
   HFP4G32: model.language_model.layers.63.mlp.up_proj.weight [17408, 5120] (89128960 elements, 174080.0 KB → 46512.0 KB)
       F16: model.language_model.layers.63.post_attention_layernorm.weight [5120] (5120 elements, 10.0 KB → 10.0 KB) [F16 fallback]
       F16: model.language_model.layers.63.self_attn.k_norm.weight [256] (256 elements, 0.5 KB → 0.5 KB) [F16 fallback]
   HFP4G32: model.language_model.layers.63.self_attn.k_proj.weight [1024, 5120] (5242880 elements, 10240.0 KB → 2736.0 KB)
   HFP4G32: model.language_model.layers.63.self_attn.o_proj.weight [5120, 6144] (31457280 elements, 61440.0 KB → 16400.0 KB)
       F16: model.language_model.layers.63.self_attn.q_norm.weight [256] (256 elements, 0.5 KB → 0.5 KB) [F16 fallback]
   HFP4G32: model.language_model.layers.63.self_attn.q_proj.weight [12288, 5120] (62914560 elements, 122880.0 KB → 32832.0 KB)
   HFP4G32: model.language_model.layers.63.self_attn.v_proj.weight [1024, 5120] (5242880 elements, 10240.0 KB → 2736.0 KB)
       F16: model.language_model.layers.7.input_layernorm.weight [5120] (5120 elements, 10.0 KB → 10.0 KB) [F16 fallback]
   HFP4G32: model.language_model.layers.7.mlp.down_proj.weight [5120, 17408] (89128960 elements, 174080.0 KB → 46320.0 KB)
   HFP4G32: model.language_model.layers.7.mlp.gate_proj.weight [17408, 5120] (89128960 elements, 174080.0 KB → 46512.0 KB)
   HFP4G32: model.language_model.layers.7.mlp.up_proj.weight [17408, 5120] (89128960 elements, 174080.0 KB → 46512.0 KB)
       F16: model.language_model.layers.7.post_attention_layernorm.weight [5120] (5120 elements, 10.0 KB → 10.0 KB) [F16 fallback]
       F16: model.language_model.layers.7.self_attn.k_norm.weight [256] (256 elements, 0.5 KB → 0.5 KB) [F16 fallback]
   HFP4G32: model.language_model.layers.7.self_attn.k_proj.weight [1024, 5120] (5242880 elements, 10240.0 KB → 2736.0 KB)
   HFP4G32: model.language_model.layers.7.self_attn.o_proj.weight [5120, 6144] (31457280 elements, 61440.0 KB → 16400.0 KB)
       F16: model.language_model.layers.7.self_attn.q_norm.weight [256] (256 elements, 0.5 KB → 0.5 KB) [F16 fallback]
   HFP4G32: model.language_model.layers.7.self_attn.q_proj.weight [12288, 5120] (62914560 elements, 122880.0 KB → 32832.0 KB)
   HFP4G32: model.language_model.layers.7.self_attn.v_proj.weight [1024, 5120] (5242880 elements, 10240.0 KB → 2736.0 KB)
       F16: model.language_model.layers.8.input_layernorm.weight [5120] (5120 elements, 10.0 KB → 10.0 KB) [F16 fallback]
       F16: model.language_model.layers.8.linear_attn.A_log [48] (48 elements, 0.1 KB → 0.1 KB) [F16 fallback]
    Q8_F16: model.language_model.layers.8.linear_attn.conv1d.weight [10240, 1, 4] (40960 elements, 80.0 KB → 42.5 KB)
       F16: model.language_model.layers.8.linear_attn.dt_bias [48] (48 elements, 0.1 KB → 0.1 KB) [F16 fallback]
   HFP4G32: model.language_model.layers.8.linear_attn.in_proj_a.weight [48, 5120] (245760 elements, 480.0 KB → 128.2 KB)
   HFP4G32: model.language_model.layers.8.linear_attn.in_proj_b.weight [48, 5120] (245760 elements, 480.0 KB → 128.2 KB)
   HFP4G32: model.language_model.layers.8.linear_attn.in_proj_qkv.weight [10240, 5120] (52428800 elements, 102400.0 KB → 27360.0 KB)
   HFP4G32: model.language_model.layers.8.linear_attn.in_proj_z.weight [6144, 5120] (31457280 elements, 61440.0 KB → 16416.0 KB)
       F16: model.language_model.layers.8.linear_attn.norm.weight [128] (128 elements, 0.2 KB → 0.2 KB) [F16 fallback]
   HFP4G32: model.language_model.layers.8.linear_attn.out_proj.weight [5120, 6144] (31457280 elements, 61440.0 KB → 16400.0 KB)
   HFP4G32: model.language_model.layers.8.mlp.down_proj.weight [5120, 17408] (89128960 elements, 174080.0 KB → 46320.0 KB)
   HFP4G32: model.language_model.layers.8.mlp.gate_proj.weight [17408, 5120] (89128960 elements, 174080.0 KB → 46512.0 KB)
   HFP4G32: model.language_model.layers.8.mlp.up_proj.weight [17408, 5120] (89128960 elements, 174080.0 KB → 46512.0 KB)
       F16: model.language_model.layers.8.post_attention_layernorm.weight [5120] (5120 elements, 10.0 KB → 10.0 KB) [F16 fallback]
       F16: model.language_model.layers.9.input_layernorm.weight [5120] (5120 elements, 10.0 KB → 10.0 KB) [F16 fallback]
       F16: model.language_model.layers.9.linear_attn.A_log [48] (48 elements, 0.1 KB → 0.1 KB) [F16 fallback]
    Q8_F16: model.language_model.layers.9.linear_attn.conv1d.weight [10240, 1, 4] (40960 elements, 80.0 KB → 42.5 KB)
       F16: model.language_model.layers.9.linear_attn.dt_bias [48] (48 elements, 0.1 KB → 0.1 KB) [F16 fallback]
   HFP4G32: model.language_model.layers.9.linear_attn.in_proj_a.weight [48, 5120] (245760 elements, 480.0 KB → 128.2 KB)
   HFP4G32: model.language_model.layers.9.linear_attn.in_proj_b.weight [48, 5120] (245760 elements, 480.0 KB → 128.2 KB)
   HFP4G32: model.language_model.layers.9.linear_attn.in_proj_qkv.weight [10240, 5120] (52428800 elements, 102400.0 KB → 27360.0 KB)
   HFP4G32: model.language_model.layers.9.linear_attn.in_proj_z.weight [6144, 5120] (31457280 elements, 61440.0 KB → 16416.0 KB)
       F16: model.language_model.layers.9.linear_attn.norm.weight [128] (128 elements, 0.2 KB → 0.2 KB) [F16 fallback]
   HFP4G32: model.language_model.layers.9.linear_attn.out_proj.weight [5120, 6144] (31457280 elements, 61440.0 KB → 16400.0 KB)
   HFP4G32: model.language_model.layers.9.mlp.down_proj.weight [5120, 17408] (89128960 elements, 174080.0 KB → 46320.0 KB)
   HFP4G32: model.language_model.layers.9.mlp.gate_proj.weight [17408, 5120] (89128960 elements, 174080.0 KB → 46512.0 KB)
   HFP4G32: model.language_model.layers.9.mlp.up_proj.weight [17408, 5120] (89128960 elements, 174080.0 KB → 46512.0 KB)
       F16: model.language_model.layers.9.post_attention_layernorm.weight [5120] (5120 elements, 10.0 KB → 10.0 KB) [F16 fallback]
       F16: model.language_model.norm.weight [5120] (5120 elements, 10.0 KB → 10.0 KB) [F16 fallback]

=== Quantization Summary ===
  Skipped params:   885429488 (mtp/visual — use --include-vision for VL)
  Total params:     26895998464
  Quantized params: 26895998464 (100.0%)
  Mean quant error: 0.00000000
  Max quant error:  0.00000000
  Output size:      15032.4 MB
  Recipe census (deterministic):
    F16: 305
    HFP4G32: 497
    Q8F16: 49

Writing: /home/kaden/qcal/ladder-v2/artifacts/qwen3.8-27b.hfp4g32.hfq
Done: 15046.8 MB written
