"Kind","Agent_Id","Queue_Id","Stream_Id","Thread_Id","Dispatch_Id","Kernel_Id","Kernel_Name","Correlation_Id","Start_Timestamp","End_Timestamp","LDS_Block_Size","Scratch_Size","VGPR_Count","Accum_VGPR_Count","SGPR_Count","Workgroup_Size_X","Workgroup_Size_Y","Workgroup_Size_Z","Grid_Size_X","Grid_Size_Y","Grid_Size_Z"
"KERNEL_DISPATCH","Agent 2",1,0,220354,1,8,"__amd_rocclr_copyBuffer",1,9373728735214,9373728738494,0,0,16,0,128,512,1,1,512,1,1
"KERNEL_DISPATCH","Agent 2",1,0,220354,2,8,"__amd_rocclr_copyBuffer",2,9373728887856,9373728890256,0,0,16,0,128,512,1,1,512,1,1
"KERNEL_DISPATCH","Agent 2",1,0,220354,3,8,"__amd_rocclr_copyBuffer",3,9373728991037,9373728993557,0,0,16,0,128,512,1,1,512,1,1
"KERNEL_DISPATCH","Agent 2",1,0,220354,4,8,"__amd_rocclr_copyBuffer",4,9373736001196,9373736004596,0,0,16,0,128,512,1,1,512,1,1
"KERNEL_DISPATCH","Agent 2",1,0,220354,5,8,"__amd_rocclr_copyBuffer",5,9373736029596,9373736032116,0,0,16,0,128,512,1,1,512,1,1
"KERNEL_DISPATCH","Agent 2",1,0,220354,6,8,"__amd_rocclr_copyBuffer",6,9373736134867,9373736137347,0,0,16,0,128,512,1,1,512,1,1
"KERNEL_DISPATCH","Agent 2",1,0,220354,7,8,"__amd_rocclr_copyBuffer",7,9373744350563,9373744353243,0,0,16,0,128,512,1,1,512,1,1
"KERNEL_DISPATCH","Agent 2",1,0,220354,8,8,"__amd_rocclr_copyBuffer",8,9373744405463,9373744408063,0,0,16,0,128,512,1,1,512,1,1
"KERNEL_DISPATCH","Agent 2",1,0,220354,9,8,"__amd_rocclr_copyBuffer",9,9373744493114,9373744495594,0,0,16,0,128,512,1,1,512,1,1
"KERNEL_DISPATCH","Agent 2",1,0,220354,10,8,"__amd_rocclr_copyBuffer",10,9373753903073,9373753905953,0,0,16,0,128,512,1,1,512,1,1
"KERNEL_DISPATCH","Agent 2",1,0,220354,11,8,"__amd_rocclr_copyBuffer",11,9373753937443,9373753940083,0,0,16,0,128,512,1,1,512,1,1
"KERNEL_DISPATCH","Agent 2",1,0,220354,12,8,"__amd_rocclr_copyBuffer",12,9373762004415,9373762007335,0,0,16,0,128,512,1,1,512,1,1
"KERNEL_DISPATCH","Agent 2",1,0,220354,13,8,"__amd_rocclr_copyBuffer",13,9373762031705,9373762034305,0,0,16,0,128,512,1,1,512,1,1
"KERNEL_DISPATCH","Agent 2",1,0,220354,14,8,"__amd_rocclr_copyBuffer",14,9373762128807,9373762131487,0,0,16,0,128,512,1,1,512,1,1
"KERNEL_DISPATCH","Agent 2",1,0,220354,15,8,"__amd_rocclr_copyBuffer",15,9373770853167,9373770855767,0,0,16,0,128,512,1,1,512,1,1
"KERNEL_DISPATCH","Agent 2",1,0,220354,16,8,"__amd_rocclr_copyBuffer",16,9373770895817,9373770898417,0,0,16,0,128,512,1,1,512,1,1
"KERNEL_DISPATCH","Agent 2",1,0,220354,17,8,"__amd_rocclr_copyBuffer",17,9373770980718,9373770983478,0,0,16,0,128,512,1,1,512,1,1
"KERNEL_DISPATCH","Agent 2",1,0,220354,18,8,"__amd_rocclr_copyBuffer",18,9373781271528,9373781274368,0,0,16,0,128,512,1,1,512,1,1
"KERNEL_DISPATCH","Agent 2",1,0,220354,19,8,"__amd_rocclr_copyBuffer",19,9373781314819,9373781317459,0,0,16,0,128,512,1,1,512,1,1
"KERNEL_DISPATCH","Agent 2",1,0,220354,20,8,"__amd_rocclr_copyBuffer",20,9373781421340,9373781424140,0,0,16,0,128,512,1,1,512,1,1
"KERNEL_DISPATCH","Agent 2",1,0,220354,21,8,"__amd_rocclr_copyBuffer",21,9373792152115,9373792154955,0,0,16,0,128,512,1,1,512,1,1
"KERNEL_DISPATCH","Agent 2",1,0,220354,22,8,"__amd_rocclr_copyBuffer",22,9373792187146,9373792189826,0,0,16,0,128,512,1,1,512,1,1
"KERNEL_DISPATCH","Agent 2",1,0,220354,23,8,"__amd_rocclr_copyBuffer",23,9373798570486,9373798573326,0,0,16,0,128,512,1,1,512,1,1
"KERNEL_DISPATCH","Agent 2",1,0,220354,24,8,"__amd_rocclr_copyBuffer",24,9373798609967,9373798612647,0,0,16,0,128,512,1,1,512,1,1
"KERNEL_DISPATCH","Agent 2",1,0,220354,25,8,"__amd_rocclr_copyBuffer",25,9373798702068,9373798704708,0,0,16,0,128,512,1,1,512,1,1
"KERNEL_DISPATCH","Agent 2",1,0,220354,26,8,"__amd_rocclr_copyBuffer",26,9373805682646,9373805685366,0,0,16,0,128,512,1,1,512,1,1
"KERNEL_DISPATCH","Agent 2",1,0,220354,27,8,"__amd_rocclr_copyBuffer",27,9373805716857,9373805719457,0,0,16,0,128,512,1,1,512,1,1
"KERNEL_DISPATCH","Agent 2",1,0,220354,28,8,"__amd_rocclr_copyBuffer",28,9373805820208,9373805822808,0,0,16,0,128,512,1,1,512,1,1
"KERNEL_DISPATCH","Agent 2",1,0,220354,29,8,"__amd_rocclr_copyBuffer",29,9373812784893,9373812787733,0,0,16,0,128,512,1,1,512,1,1
"KERNEL_DISPATCH","Agent 2",1,0,220354,30,8,"__amd_rocclr_copyBuffer",30,9373812828203,9373812830923,0,0,16,0,128,512,1,1,512,1,1
"KERNEL_DISPATCH","Agent 2",1,0,220354,31,8,"__amd_rocclr_copyBuffer",31,9373812923264,9373812925944,0,0,16,0,128,512,1,1,512,1,1
"KERNEL_DISPATCH","Agent 2",1,0,220354,32,8,"__amd_rocclr_copyBuffer",32,9373820150894,9373820153534,0,0,16,0,128,512,1,1,512,1,1
"KERNEL_DISPATCH","Agent 2",1,0,220354,33,8,"__amd_rocclr_copyBuffer",33,9373820178244,9373820180884,0,0,16,0,128,512,1,1,512,1,1
"KERNEL_DISPATCH","Agent 2",1,0,220354,34,8,"__amd_rocclr_copyBuffer",34,9373826442772,9373826445612,0,0,16,0,128,512,1,1,512,1,1
"KERNEL_DISPATCH","Agent 2",1,0,220354,35,8,"__amd_rocclr_copyBuffer",35,9373826477793,9373826480393,0,0,16,0,128,512,1,1,512,1,1
"KERNEL_DISPATCH","Agent 2",1,0,220354,36,8,"__amd_rocclr_copyBuffer",36,9373826567244,9373826569924,0,0,16,0,128,512,1,1,512,1,1
"KERNEL_DISPATCH","Agent 2",1,0,220354,37,8,"__amd_rocclr_copyBuffer",37,9373833380119,9373833382679,0,0,16,0,128,512,1,1,512,1,1
"KERNEL_DISPATCH","Agent 2",1,0,220354,38,8,"__amd_rocclr_copyBuffer",38,9373833415459,9373833417779,0,0,16,0,128,512,1,1,512,1,1
"KERNEL_DISPATCH","Agent 2",1,0,220354,39,8,"__amd_rocclr_copyBuffer",39,9373833505590,9373833508110,0,0,16,0,128,512,1,1,512,1,1
"KERNEL_DISPATCH","Agent 2",1,0,220354,40,8,"__amd_rocclr_copyBuffer",40,9373840305955,9373840308715,0,0,16,0,128,512,1,1,512,1,1
"KERNEL_DISPATCH","Agent 2",1,0,220354,41,8,"__amd_rocclr_copyBuffer",41,9373840332945,9373840335345,0,0,16,0,128,512,1,1,512,1,1
"KERNEL_DISPATCH","Agent 2",1,0,220354,42,8,"__amd_rocclr_copyBuffer",42,9373840426297,9373840428737,0,0,16,0,128,512,1,1,512,1,1
"KERNEL_DISPATCH","Agent 2",1,0,220354,43,8,"__amd_rocclr_copyBuffer",43,9373847685957,9373847688437,0,0,16,0,128,512,1,1,512,1,1
"KERNEL_DISPATCH","Agent 2",1,0,220354,44,8,"__amd_rocclr_copyBuffer",44,9373847724478,9373847726958,0,0,16,0,128,512,1,1,512,1,1
"KERNEL_DISPATCH","Agent 2",1,0,220354,45,8,"__amd_rocclr_copyBuffer",45,9373853917245,9373853919845,0,0,16,0,128,512,1,1,512,1,1
"KERNEL_DISPATCH","Agent 2",1,0,220354,46,8,"__amd_rocclr_copyBuffer",46,9373853964755,9373853967075,0,0,16,0,128,512,1,1,512,1,1
"KERNEL_DISPATCH","Agent 2",1,0,220354,47,8,"__amd_rocclr_copyBuffer",47,9373854058456,9373854061096,0,0,16,0,128,512,1,1,512,1,1
"KERNEL_DISPATCH","Agent 2",1,0,220354,48,8,"__amd_rocclr_copyBuffer",48,9373860849911,9373860852711,0,0,16,0,128,512,1,1,512,1,1
"KERNEL_DISPATCH","Agent 2",1,0,220354,49,8,"__amd_rocclr_copyBuffer",49,9373860891362,9373860894042,0,0,16,0,128,512,1,1,512,1,1
"KERNEL_DISPATCH","Agent 2",1,0,220354,50,8,"__amd_rocclr_copyBuffer",50,9373860995813,9373860998453,0,0,16,0,128,512,1,1,512,1,1
"KERNEL_DISPATCH","Agent 2",1,0,220354,51,8,"__amd_rocclr_copyBuffer",51,9373867821158,9373867823958,0,0,16,0,128,512,1,1,512,1,1
"KERNEL_DISPATCH","Agent 2",1,0,220354,52,8,"__amd_rocclr_copyBuffer",52,9373867847368,9373867850008,0,0,16,0,128,512,1,1,512,1,1
"KERNEL_DISPATCH","Agent 2",1,0,220354,53,8,"__amd_rocclr_copyBuffer",53,9373867936079,9373867938479,0,0,16,0,128,512,1,1,512,1,1
"KERNEL_DISPATCH","Agent 2",1,0,220354,54,8,"__amd_rocclr_copyBuffer",54,9373875164209,9373875166489,0,0,16,0,128,512,1,1,512,1,1
"KERNEL_DISPATCH","Agent 2",1,0,220354,55,8,"__amd_rocclr_copyBuffer",55,9373875200340,9373875202940,0,0,16,0,128,512,1,1,512,1,1
"KERNEL_DISPATCH","Agent 2",1,0,220354,56,8,"__amd_rocclr_copyBuffer",56,9373881476028,9373881478588,0,0,16,0,128,512,1,1,512,1,1
"KERNEL_DISPATCH","Agent 2",1,0,220354,57,8,"__amd_rocclr_copyBuffer",57,9373881515748,9373881518108,0,0,16,0,128,512,1,1,512,1,1
"KERNEL_DISPATCH","Agent 2",1,0,220354,58,8,"__amd_rocclr_copyBuffer",58,9373881612749,9373881615269,0,0,16,0,128,512,1,1,512,1,1
"KERNEL_DISPATCH","Agent 2",1,0,220354,59,8,"__amd_rocclr_copyBuffer",59,9373888462754,9373888465434,0,0,16,0,128,512,1,1,512,1,1
"KERNEL_DISPATCH","Agent 2",1,0,220354,60,8,"__amd_rocclr_copyBuffer",60,9373888489804,9373888492244,0,0,16,0,128,512,1,1,512,1,1
"KERNEL_DISPATCH","Agent 2",1,0,220354,61,8,"__amd_rocclr_copyBuffer",61,9373888582235,9373888584795,0,0,16,0,128,512,1,1,512,1,1
"KERNEL_DISPATCH","Agent 2",1,0,220354,62,8,"__amd_rocclr_copyBuffer",62,9373895408980,9373895411540,0,0,16,0,128,512,1,1,512,1,1
"KERNEL_DISPATCH","Agent 2",1,0,220354,63,8,"__amd_rocclr_copyBuffer",63,9373895444700,9373895447301,0,0,16,0,128,512,1,1,512,1,1
"KERNEL_DISPATCH","Agent 2",1,0,220354,64,8,"__amd_rocclr_copyBuffer",64,9373895535442,9373895537842,0,0,16,0,128,512,1,1,512,1,1
"KERNEL_DISPATCH","Agent 2",1,0,220354,65,8,"__amd_rocclr_copyBuffer",65,9373902772901,9373902775701,0,0,16,0,128,512,1,1,512,1,1
"KERNEL_DISPATCH","Agent 2",1,0,220354,66,8,"__amd_rocclr_copyBuffer",66,9373902808692,9373902811372,0,0,16,0,128,512,1,1,512,1,1
"KERNEL_DISPATCH","Agent 2",1,0,220354,67,8,"__amd_rocclr_copyBuffer",67,9373909047609,9373909050449,0,0,16,0,128,512,1,1,512,1,1
"KERNEL_DISPATCH","Agent 2",1,0,220354,68,8,"__amd_rocclr_copyBuffer",68,9373909083850,9373909086410,0,0,16,0,128,512,1,1,512,1,1
"KERNEL_DISPATCH","Agent 2",1,0,220354,69,8,"__amd_rocclr_copyBuffer",69,9373909836729,9373909839369,0,0,16,0,128,512,1,1,512,1,1
"KERNEL_DISPATCH","Agent 2",1,0,220354,70,8,"__amd_rocclr_copyBuffer",70,9373916777105,9373916779545,0,0,16,0,128,512,1,1,512,1,1
"KERNEL_DISPATCH","Agent 2",1,0,220354,71,8,"__amd_rocclr_copyBuffer",71,9373916819765,9373916822405,0,0,16,0,128,512,1,1,512,1,1
"KERNEL_DISPATCH","Agent 2",1,0,220354,72,8,"__amd_rocclr_copyBuffer",72,9373916906717,9373916909277,0,0,16,0,128,512,1,1,512,1,1
"KERNEL_DISPATCH","Agent 2",1,0,220354,73,8,"__amd_rocclr_copyBuffer",73,9373923742151,9373923744471,0,0,16,0,128,512,1,1,512,1,1
"KERNEL_DISPATCH","Agent 2",1,0,220354,74,8,"__amd_rocclr_copyBuffer",74,9373923782882,9373923785322,0,0,16,0,128,512,1,1,512,1,1
"KERNEL_DISPATCH","Agent 2",1,0,220354,75,8,"__amd_rocclr_copyBuffer",75,9373923871053,9373923873653,0,0,16,0,128,512,1,1,512,1,1
"KERNEL_DISPATCH","Agent 2",1,0,220354,76,8,"__amd_rocclr_copyBuffer",76,9373931041112,9373931043832,0,0,16,0,128,512,1,1,512,1,1
"KERNEL_DISPATCH","Agent 2",1,0,220354,77,8,"__amd_rocclr_copyBuffer",77,9373931085112,9373931087632,0,0,16,0,128,512,1,1,512,1,1
"KERNEL_DISPATCH","Agent 2",1,0,220354,78,8,"__amd_rocclr_copyBuffer",78,9373937283349,9373937285589,0,0,16,0,128,512,1,1,512,1,1
"KERNEL_DISPATCH","Agent 2",1,0,220354,79,8,"__amd_rocclr_copyBuffer",79,9373937328970,9373937331530,0,0,16,0,128,512,1,1,512,1,1
"KERNEL_DISPATCH","Agent 2",1,0,220354,80,8,"__amd_rocclr_copyBuffer",80,9373937429881,9373937432361,0,0,16,0,128,512,1,1,512,1,1
"KERNEL_DISPATCH","Agent 2",1,0,220354,81,8,"__amd_rocclr_copyBuffer",81,9373944194112,9373944196912,0,0,16,0,128,512,1,1,512,1,1
"KERNEL_DISPATCH","Agent 2",1,0,220354,82,8,"__amd_rocclr_copyBuffer",82,9373944240202,9373944242562,0,0,16,0,128,512,1,1,512,1,1
"KERNEL_DISPATCH","Agent 2",1,0,220354,83,8,"__amd_rocclr_copyBuffer",83,9373944331893,9373944334493,0,0,16,0,128,512,1,1,512,1,1
"KERNEL_DISPATCH","Agent 2",1,0,220354,84,8,"__amd_rocclr_copyBuffer",84,9373951142748,9373951145548,0,0,16,0,128,512,1,1,512,1,1
"KERNEL_DISPATCH","Agent 2",1,0,220354,85,8,"__amd_rocclr_copyBuffer",85,9373951183269,9373951185629,0,0,16,0,128,512,1,1,512,1,1
"KERNEL_DISPATCH","Agent 2",1,0,220354,86,8,"__amd_rocclr_copyBuffer",86,9373951270230,9373951272630,0,0,16,0,128,512,1,1,512,1,1
"KERNEL_DISPATCH","Agent 2",1,0,220354,87,8,"__amd_rocclr_copyBuffer",87,9373958439709,9373958442349,0,0,16,0,128,512,1,1,512,1,1
"KERNEL_DISPATCH","Agent 2",1,0,220354,88,8,"__amd_rocclr_copyBuffer",88,9373958473570,9373958476130,0,0,16,0,128,512,1,1,512,1,1
"KERNEL_DISPATCH","Agent 2",1,0,220354,89,8,"__amd_rocclr_copyBuffer",89,9373964686988,9373964689428,0,0,16,0,128,512,1,1,512,1,1
"KERNEL_DISPATCH","Agent 2",1,0,220354,90,8,"__amd_rocclr_copyBuffer",90,9373964731028,9373964733428,0,0,16,0,128,512,1,1,512,1,1
"KERNEL_DISPATCH","Agent 2",1,0,220354,91,8,"__amd_rocclr_copyBuffer",91,9373964825999,9373964828599,0,0,16,0,128,512,1,1,512,1,1
"KERNEL_DISPATCH","Agent 2",1,0,220354,92,8,"__amd_rocclr_copyBuffer",92,9373971605354,9373971607874,0,0,16,0,128,512,1,1,512,1,1
"KERNEL_DISPATCH","Agent 2",1,0,220354,93,8,"__amd_rocclr_copyBuffer",93,9373971644535,9373971646815,0,0,16,0,128,512,1,1,512,1,1
"KERNEL_DISPATCH","Agent 2",1,0,220354,94,8,"__amd_rocclr_copyBuffer",94,9373971737706,9373971740226,0,0,16,0,128,512,1,1,512,1,1
"KERNEL_DISPATCH","Agent 2",1,0,220354,95,8,"__amd_rocclr_copyBuffer",95,9373978508010,9373978510450,0,0,16,0,128,512,1,1,512,1,1
"KERNEL_DISPATCH","Agent 2",1,0,220354,96,8,"__amd_rocclr_copyBuffer",96,9373978545031,9373978547511,0,0,16,0,128,512,1,1,512,1,1
"KERNEL_DISPATCH","Agent 2",1,0,220354,97,8,"__amd_rocclr_copyBuffer",97,9373978636182,9373978638782,0,0,16,0,128,512,1,1,512,1,1
"KERNEL_DISPATCH","Agent 2",1,0,220354,98,8,"__amd_rocclr_copyBuffer",98,9373985845642,9373985848522,0,0,16,0,128,512,1,1,512,1,1
"KERNEL_DISPATCH","Agent 2",1,0,220354,99,8,"__amd_rocclr_copyBuffer",99,9373985889613,9373985892293,0,0,16,0,128,512,1,1,512,1,1
"KERNEL_DISPATCH","Agent 2",1,0,220354,100,8,"__amd_rocclr_copyBuffer",100,9373992081100,9373992083940,0,0,16,0,128,512,1,1,512,1,1
"KERNEL_DISPATCH","Agent 2",1,0,220354,101,8,"__amd_rocclr_copyBuffer",101,9373992121231,9373992123551,0,0,16,0,128,512,1,1,512,1,1
"KERNEL_DISPATCH","Agent 2",1,0,220354,102,8,"__amd_rocclr_copyBuffer",102,9373992214002,9373992216402,0,0,16,0,128,512,1,1,512,1,1
"KERNEL_DISPATCH","Agent 2",1,0,220354,103,8,"__amd_rocclr_copyBuffer",103,9373998993566,9373998996087,0,0,16,0,128,512,1,1,512,1,1
"KERNEL_DISPATCH","Agent 2",1,0,220354,104,8,"__amd_rocclr_copyBuffer",104,9373999022577,9373999025217,0,0,16,0,128,512,1,1,512,1,1
"KERNEL_DISPATCH","Agent 2",1,0,220354,105,8,"__amd_rocclr_copyBuffer",105,9373999115708,9373999118268,0,0,16,0,128,512,1,1,512,1,1
"KERNEL_DISPATCH","Agent 2",1,0,220354,106,8,"__amd_rocclr_copyBuffer",106,9374005938533,9374005940973,0,0,16,0,128,512,1,1,512,1,1
"KERNEL_DISPATCH","Agent 2",1,0,220354,107,8,"__amd_rocclr_copyBuffer",107,9374005980714,9374005983314,0,0,16,0,128,512,1,1,512,1,1
"KERNEL_DISPATCH","Agent 2",1,0,220354,108,8,"__amd_rocclr_copyBuffer",108,9374006071185,9374006073705,0,0,16,0,128,512,1,1,512,1,1
"KERNEL_DISPATCH","Agent 2",1,0,220354,109,8,"__amd_rocclr_copyBuffer",109,9374013277252,9374013279812,0,0,16,0,128,512,1,1,512,1,1
"KERNEL_DISPATCH","Agent 2",1,0,220354,110,8,"__amd_rocclr_copyBuffer",110,9374013319792,9374013322232,0,0,16,0,128,512,1,1,512,1,1
"KERNEL_DISPATCH","Agent 2",1,0,220354,111,8,"__amd_rocclr_copyBuffer",111,9374019500549,9374019503069,0,0,16,0,128,512,1,1,512,1,1
"KERNEL_DISPATCH","Agent 2",1,0,220354,112,8,"__amd_rocclr_copyBuffer",112,9374019534859,9374019537139,0,0,16,0,128,512,1,1,512,1,1
"KERNEL_DISPATCH","Agent 2",1,0,220354,113,8,"__amd_rocclr_copyBuffer",113,9374019629590,9374019632270,0,0,16,0,128,512,1,1,512,1,1
"KERNEL_DISPATCH","Agent 2",1,0,220354,114,8,"__amd_rocclr_copyBuffer",114,9374026438025,9374026440865,0,0,16,0,128,512,1,1,512,1,1
"KERNEL_DISPATCH","Agent 2",1,0,220354,115,8,"__amd_rocclr_copyBuffer",115,9374026476976,9374026479616,0,0,16,0,128,512,1,1,512,1,1
"KERNEL_DISPATCH","Agent 2",1,0,220354,116,8,"__amd_rocclr_copyBuffer",116,9374026566977,9374026569657,0,0,16,0,128,512,1,1,512,1,1
"KERNEL_DISPATCH","Agent 2",1,0,220354,117,8,"__amd_rocclr_copyBuffer",117,9374033386272,9374033388712,0,0,16,0,128,512,1,1,512,1,1
"KERNEL_DISPATCH","Agent 2",1,0,220354,118,8,"__amd_rocclr_copyBuffer",118,9374033425792,9374033428392,0,0,16,0,128,512,1,1,512,1,1
"KERNEL_DISPATCH","Agent 2",1,0,220354,119,8,"__amd_rocclr_copyBuffer",119,9374033534944,9374033537624,0,0,16,0,128,512,1,1,512,1,1
"KERNEL_DISPATCH","Agent 2",1,0,220354,120,8,"__amd_rocclr_copyBuffer",120,9374040772844,9374040775644,0,0,16,0,128,512,1,1,512,1,1
"KERNEL_DISPATCH","Agent 2",1,0,220354,121,8,"__amd_rocclr_copyBuffer",121,9374040813414,9374040815934,0,0,16,0,128,512,1,1,512,1,1
"KERNEL_DISPATCH","Agent 2",1,0,220354,122,8,"__amd_rocclr_copyBuffer",122,9374047023772,9374047026212,0,0,16,0,128,512,1,1,512,1,1
"KERNEL_DISPATCH","Agent 2",1,0,220354,123,8,"__amd_rocclr_copyBuffer",123,9374047062792,9374047065432,0,0,16,0,128,512,1,1,512,1,1
"KERNEL_DISPATCH","Agent 2",1,0,220354,124,8,"__amd_rocclr_copyBuffer",124,9374047147313,9374047149913,0,0,16,0,128,512,1,1,512,1,1
"KERNEL_DISPATCH","Agent 2",1,0,220354,125,8,"__amd_rocclr_copyBuffer",125,9374053986709,9374053989509,0,0,16,0,128,512,1,1,512,1,1
"KERNEL_DISPATCH","Agent 2",1,0,220354,126,8,"__amd_rocclr_copyBuffer",126,9374054028299,9374054030539,0,0,16,0,128,512,1,1,512,1,1
"KERNEL_DISPATCH","Agent 2",1,0,220354,127,8,"__amd_rocclr_copyBuffer",127,9374054116880,9374054119480,0,0,16,0,128,512,1,1,512,1,1
"KERNEL_DISPATCH","Agent 2",1,0,220354,128,8,"__amd_rocclr_copyBuffer",128,9374060938345,9374060940745,0,0,16,0,128,512,1,1,512,1,1
"KERNEL_DISPATCH","Agent 2",1,0,220354,129,8,"__amd_rocclr_copyBuffer",129,9374060979486,9374060982126,0,0,16,0,128,512,1,1,512,1,1
"KERNEL_DISPATCH","Agent 2",1,0,220354,130,8,"__amd_rocclr_copyBuffer",130,9374061078707,9374061081307,0,0,16,0,128,512,1,1,512,1,1
"KERNEL_DISPATCH","Agent 2",1,0,220354,131,8,"__amd_rocclr_copyBuffer",131,9374068310767,9374068313407,0,0,16,0,128,512,1,1,512,1,1
"KERNEL_DISPATCH","Agent 2",1,0,220354,132,8,"__amd_rocclr_copyBuffer",132,9374068347947,9374068350547,0,0,16,0,128,512,1,1,512,1,1
"KERNEL_DISPATCH","Agent 2",1,0,220354,133,8,"__amd_rocclr_copyBuffer",133,9374074702447,9374074704967,0,0,16,0,128,512,1,1,512,1,1
"KERNEL_DISPATCH","Agent 2",1,0,220354,134,8,"__amd_rocclr_copyBuffer",134,9374074745177,9374074747817,0,0,16,0,128,512,1,1,512,1,1
"KERNEL_DISPATCH","Agent 2",1,0,220354,135,8,"__amd_rocclr_copyBuffer",135,9374074832428,9374074835108,0,0,16,0,128,512,1,1,512,1,1
"KERNEL_DISPATCH","Agent 2",1,0,220354,136,8,"__amd_rocclr_copyBuffer",136,9374081698534,9374081700814,0,0,16,0,128,512,1,1,512,1,1
"KERNEL_DISPATCH","Agent 2",1,0,220354,137,8,"__amd_rocclr_copyBuffer",137,9374081744924,9374081747364,0,0,16,0,128,512,1,1,512,1,1
"KERNEL_DISPATCH","Agent 2",1,0,220354,138,8,"__amd_rocclr_copyBuffer",138,9374081838655,9374081841255,0,0,16,0,128,512,1,1,512,1,1
"KERNEL_DISPATCH","Agent 2",1,0,220354,139,8,"__amd_rocclr_copyBuffer",139,9374088752891,9374088755531,0,0,16,0,128,512,1,1,512,1,1
"KERNEL_DISPATCH","Agent 2",1,0,220354,140,8,"__amd_rocclr_copyBuffer",140,9374088782311,9374088784831,0,0,16,0,128,512,1,1,512,1,1
"KERNEL_DISPATCH","Agent 2",1,0,220354,141,8,"__amd_rocclr_copyBuffer",141,9374088875213,9374088877773,0,0,16,0,128,512,1,1,512,1,1
"KERNEL_DISPATCH","Agent 2",1,0,220354,142,8,"__amd_rocclr_copyBuffer",142,9374096184403,9374096187124,0,0,16,0,128,512,1,1,512,1,1
"KERNEL_DISPATCH","Agent 2",1,0,220354,143,8,"__amd_rocclr_copyBuffer",143,9374096211254,9374096213894,0,0,16,0,128,512,1,1,512,1,1
"KERNEL_DISPATCH","Agent 2",1,0,220354,144,8,"__amd_rocclr_copyBuffer",144,9374102571593,9374102573873,0,0,16,0,128,512,1,1,512,1,1
"KERNEL_DISPATCH","Agent 2",1,0,220354,145,8,"__amd_rocclr_copyBuffer",145,9374102613283,9374102616003,0,0,16,0,128,512,1,1,512,1,1
"KERNEL_DISPATCH","Agent 2",1,0,220354,146,8,"__amd_rocclr_copyBuffer",146,9374102707365,9374102710005,0,0,16,0,128,512,1,1,512,1,1
"KERNEL_DISPATCH","Agent 2",1,0,220354,147,8,"__amd_rocclr_copyBuffer",147,9374109618541,9374109621381,0,0,16,0,128,512,1,1,512,1,1
"KERNEL_DISPATCH","Agent 2",1,0,220354,148,8,"__amd_rocclr_copyBuffer",148,9374109648101,9374109650701,0,0,16,0,128,512,1,1,512,1,1
"KERNEL_DISPATCH","Agent 2",1,0,220354,149,8,"__amd_rocclr_copyBuffer",149,9374109757182,9374109759662,0,0,16,0,128,512,1,1,512,1,1
"KERNEL_DISPATCH","Agent 2",1,0,220354,150,8,"__amd_rocclr_copyBuffer",150,9374116687479,9374116689999,0,0,16,0,128,512,1,1,512,1,1
"KERNEL_DISPATCH","Agent 2",1,0,220354,151,8,"__amd_rocclr_copyBuffer",151,9374116719579,9374116722179,0,0,16,0,128,512,1,1,512,1,1
"KERNEL_DISPATCH","Agent 2",1,0,220354,152,8,"__amd_rocclr_copyBuffer",152,9374116804260,9374116806820,0,0,16,0,128,512,1,1,512,1,1
"KERNEL_DISPATCH","Agent 2",1,0,220354,153,8,"__amd_rocclr_copyBuffer",153,9374124087831,9374124090151,0,0,16,0,128,512,1,1,512,1,1
"KERNEL_DISPATCH","Agent 2",1,0,220354,154,8,"__amd_rocclr_copyBuffer",154,9374124128531,9374124131291,0,0,16,0,128,512,1,1,512,1,1
"KERNEL_DISPATCH","Agent 2",1,0,220354,155,8,"__amd_rocclr_copyBuffer",155,9374130483190,9374130485910,0,0,16,0,128,512,1,1,512,1,1
"KERNEL_DISPATCH","Agent 2",1,0,220354,156,8,"__amd_rocclr_copyBuffer",156,9374130510490,9374130512971,0,0,16,0,128,512,1,1,512,1,1
"KERNEL_DISPATCH","Agent 2",1,0,220354,157,8,"__amd_rocclr_copyBuffer",157,9374130610512,9374130613032,0,0,16,0,128,512,1,1,512,1,1
"KERNEL_DISPATCH","Agent 2",1,0,220354,158,8,"__amd_rocclr_copyBuffer",158,9374137578728,9374137581248,0,0,16,0,128,512,1,1,512,1,1
"KERNEL_DISPATCH","Agent 2",1,0,220354,159,8,"__amd_rocclr_copyBuffer",159,9374137606329,9374137608929,0,0,16,0,128,512,1,1,512,1,1
"KERNEL_DISPATCH","Agent 2",1,0,220354,160,8,"__amd_rocclr_copyBuffer",160,9374137694960,9374137697520,0,0,16,0,128,512,1,1,512,1,1
"KERNEL_DISPATCH","Agent 2",1,0,220354,161,8,"__amd_rocclr_copyBuffer",161,9374144656949,9374144659829,0,0,16,0,128,512,1,1,512,1,1
"KERNEL_DISPATCH","Agent 2",1,0,220354,162,8,"__amd_rocclr_copyBuffer",162,9374144703479,9374144706119,0,0,16,0,128,512,1,1,512,1,1
"KERNEL_DISPATCH","Agent 2",1,0,220354,163,8,"__amd_rocclr_copyBuffer",163,9374144789210,9374144791850,0,0,16,0,128,512,1,1,512,1,1
"KERNEL_DISPATCH","Agent 2",1,0,220354,164,8,"__amd_rocclr_copyBuffer",164,9374152057730,9374152060570,0,0,16,0,128,512,1,1,512,1,1
"KERNEL_DISPATCH","Agent 2",1,0,220354,165,8,"__amd_rocclr_copyBuffer",165,9374152098331,9374152101011,0,0,16,0,128,512,1,1,512,1,1
"KERNEL_DISPATCH","Agent 2",1,0,220354,166,8,"__amd_rocclr_copyBuffer",166,9374158373279,9374158375759,0,0,16,0,128,512,1,1,512,1,1
"KERNEL_DISPATCH","Agent 2",1,0,220354,167,8,"__amd_rocclr_copyBuffer",167,9374158398669,9374158401309,0,0,16,0,128,512,1,1,512,1,1
"KERNEL_DISPATCH","Agent 2",1,0,220354,168,8,"__amd_rocclr_copyBuffer",168,9374158483850,9374158486370,0,0,16,0,128,512,1,1,512,1,1
"KERNEL_DISPATCH","Agent 2",1,0,220354,169,8,"__amd_rocclr_copyBuffer",169,9374165368556,9374165371116,0,0,16,0,128,512,1,1,512,1,1
"KERNEL_DISPATCH","Agent 2",1,0,220354,170,8,"__amd_rocclr_copyBuffer",170,9374165410577,9374165412977,0,0,16,0,128,512,1,1,512,1,1
"KERNEL_DISPATCH","Agent 2",1,0,220354,171,8,"__amd_rocclr_copyBuffer",171,9374165494978,9374165497658,0,0,16,0,128,512,1,1,512,1,1
"KERNEL_DISPATCH","Agent 2",1,0,220354,172,8,"__amd_rocclr_copyBuffer",172,9374172352693,9374172355213,0,0,16,0,128,512,1,1,512,1,1
"KERNEL_DISPATCH","Agent 2",1,0,220354,173,8,"__amd_rocclr_copyBuffer",173,9374172393294,9374172395694,0,0,16,0,128,512,1,1,512,1,1
"KERNEL_DISPATCH","Agent 2",1,0,220354,174,8,"__amd_rocclr_copyBuffer",174,9374172490785,9374172493185,0,0,16,0,128,512,1,1,512,1,1
"KERNEL_DISPATCH","Agent 2",1,0,220354,175,8,"__amd_rocclr_copyBuffer",175,9374179790306,9374179793066,0,0,16,0,128,512,1,1,512,1,1
"KERNEL_DISPATCH","Agent 2",1,0,220354,176,8,"__amd_rocclr_copyBuffer",176,9374179826156,9374179828676,0,0,16,0,128,512,1,1,512,1,1
"KERNEL_DISPATCH","Agent 2",1,0,220354,177,6,"__amd_rocclr_fillBufferUnAligned",177,9374184366223,9374184369863,0,0,8,0,128,256,1,1,256,1,1
"KERNEL_DISPATCH","Agent 2",1,0,220354,178,6,"__amd_rocclr_fillBufferUnAligned",178,9374184375223,9374184377663,0,0,8,0,128,256,1,1,256,1,1
"KERNEL_DISPATCH","Agent 2",1,0,220354,179,6,"__amd_rocclr_fillBufferUnAligned",179,9374184381623,9374184383823,0,0,8,0,128,256,1,1,256,1,1
"KERNEL_DISPATCH","Agent 2",1,0,220354,180,6,"__amd_rocclr_fillBufferUnAligned",180,9374184387023,9374184389143,0,0,8,0,128,256,1,1,256,1,1
"KERNEL_DISPATCH","Agent 2",1,0,220354,182,6,"__amd_rocclr_fillBufferUnAligned",182,9374184416993,9374184419233,0,0,8,0,128,256,1,1,256,1,1
"KERNEL_DISPATCH","Agent 2",1,0,220354,183,6,"__amd_rocclr_fillBufferUnAligned",183,9374184453424,9374184455824,0,0,8,0,128,256,1,1,256,1,1
"KERNEL_DISPATCH","Agent 2",1,0,220354,181,6,"__amd_rocclr_fillBufferUnAligned",181,9374184392223,9374184394343,0,0,8,0,128,256,1,1,256,1,1
"KERNEL_DISPATCH","Agent 2",1,0,220354,184,6,"__amd_rocclr_fillBufferUnAligned",184,9374184459424,9374184461904,0,0,8,0,128,256,1,1,256,1,1
"KERNEL_DISPATCH","Agent 2",1,0,220354,185,6,"__amd_rocclr_fillBufferUnAligned",185,9374184465264,9374184467384,0,0,8,0,128,256,1,1,256,1,1
"KERNEL_DISPATCH","Agent 2",1,0,220354,186,6,"__amd_rocclr_fillBufferUnAligned",186,9374184470544,9374184472624,0,0,8,0,128,256,1,1,256,1,1
"KERNEL_DISPATCH","Agent 2",1,0,220354,187,6,"__amd_rocclr_fillBufferUnAligned",187,9374184475824,9374184477944,0,0,8,0,128,256,1,1,256,1,1
"KERNEL_DISPATCH","Agent 2",1,0,220354,188,6,"__amd_rocclr_fillBufferUnAligned",188,9374184481104,9374184483624,0,0,8,0,128,256,1,1,256,1,1
"KERNEL_DISPATCH","Agent 2",1,0,220354,189,6,"__amd_rocclr_fillBufferUnAligned",189,9374184513005,9374184515285,0,0,8,0,128,256,1,1,256,1,1
"KERNEL_DISPATCH","Agent 2",1,0,220354,190,6,"__amd_rocclr_fillBufferUnAligned",190,9374184518805,9374184521445,0,0,8,0,128,256,1,1,256,1,1
"KERNEL_DISPATCH","Agent 2",1,0,220354,191,6,"__amd_rocclr_fillBufferUnAligned",191,9374184524725,9374184527005,0,0,8,0,128,256,1,1,256,1,1
"KERNEL_DISPATCH","Agent 2",1,0,220354,192,6,"__amd_rocclr_fillBufferUnAligned",192,9374184530125,9374184532285,0,0,8,0,128,256,1,1,256,1,1
"KERNEL_DISPATCH","Agent 2",1,0,220354,193,6,"__amd_rocclr_fillBufferUnAligned",193,9374184535565,9374184537725,0,0,8,0,128,256,1,1,256,1,1
"KERNEL_DISPATCH","Agent 2",1,0,220354,194,6,"__amd_rocclr_fillBufferUnAligned",194,9374184564895,9374184567295,0,0,8,0,128,256,1,1,256,1,1
"KERNEL_DISPATCH","Agent 2",1,0,220354,195,6,"__amd_rocclr_fillBufferUnAligned",195,9374184580855,9374184583095,0,0,8,0,128,256,1,1,256,1,1
"KERNEL_DISPATCH","Agent 2",1,0,220354,196,6,"__amd_rocclr_fillBufferUnAligned",196,9374184586695,9374184589015,0,0,8,0,128,256,1,1,256,1,1
"KERNEL_DISPATCH","Agent 2",1,0,220354,197,6,"__amd_rocclr_fillBufferUnAligned",197,9374184592496,9374184594496,0,0,8,0,128,256,1,1,256,1,1
"KERNEL_DISPATCH","Agent 2",1,0,220354,198,6,"__amd_rocclr_fillBufferUnAligned",198,9374184597696,9374184609336,0,0,8,0,128,256,1,1,256,1,1
"KERNEL_DISPATCH","Agent 2",1,0,220354,199,6,"__amd_rocclr_fillBufferUnAligned",199,9374184613056,9374184615256,0,0,8,0,128,256,1,1,256,1,1
"KERNEL_DISPATCH","Agent 2",1,0,220354,200,6,"__amd_rocclr_fillBufferUnAligned",200,9374184618696,9374184621056,0,0,8,0,128,256,1,1,256,1,1
"KERNEL_DISPATCH","Agent 2",1,0,220354,201,6,"__amd_rocclr_fillBufferUnAligned",201,9374184648776,9374184651056,0,0,8,0,128,256,1,1,256,1,1
"KERNEL_DISPATCH","Agent 2",1,0,220354,202,6,"__amd_rocclr_fillBufferUnAligned",202,9374184654656,9374184656896,0,0,8,0,128,256,1,1,256,1,1
"KERNEL_DISPATCH","Agent 2",1,0,220354,203,6,"__amd_rocclr_fillBufferUnAligned",203,9374184660336,9374184662496,0,0,8,0,128,256,1,1,256,1,1
"KERNEL_DISPATCH","Agent 2",1,0,220354,204,6,"__amd_rocclr_fillBufferUnAligned",204,9374184665736,9374184668336,0,0,8,0,128,256,1,1,256,1,1
"KERNEL_DISPATCH","Agent 2",1,0,220354,205,6,"__amd_rocclr_fillBufferUnAligned",205,9374184683537,9374184685897,0,0,8,0,128,256,1,1,256,1,1
"KERNEL_DISPATCH","Agent 2",1,0,220354,206,6,"__amd_rocclr_fillBufferUnAligned",206,9374184689337,9374184691777,0,0,8,0,128,256,1,1,256,1,1
"KERNEL_DISPATCH","Agent 2",1,0,220354,207,6,"__amd_rocclr_fillBufferUnAligned",207,9374184708697,9374184711097,0,0,8,0,128,256,1,1,256,1,1
"KERNEL_DISPATCH","Agent 2",1,0,220354,208,6,"__amd_rocclr_fillBufferUnAligned",208,9374184714737,9374184716977,0,0,8,0,128,256,1,1,256,1,1
"KERNEL_DISPATCH","Agent 2",1,0,220354,209,6,"__amd_rocclr_fillBufferUnAligned",209,9374184720417,9374184722457,0,0,8,0,128,256,1,1,256,1,1
"KERNEL_DISPATCH","Agent 2",1,0,220354,210,6,"__amd_rocclr_fillBufferUnAligned",210,9374184736657,9374184738817,0,0,8,0,128,256,1,1,256,1,1
"KERNEL_DISPATCH","Agent 2",1,0,220354,211,6,"__amd_rocclr_fillBufferUnAligned",211,9374184742297,9374184744537,0,0,8,0,128,256,1,1,256,1,1
"KERNEL_DISPATCH","Agent 2",1,0,220354,212,6,"__amd_rocclr_fillBufferUnAligned",212,9374184747977,9374184749977,0,0,8,0,128,256,1,1,256,1,1
"KERNEL_DISPATCH","Agent 2",1,0,220354,213,6,"__amd_rocclr_fillBufferUnAligned",213,9374184779418,9374184781578,0,0,8,0,128,256,1,1,256,1,1
"KERNEL_DISPATCH","Agent 2",1,0,220354,214,6,"__amd_rocclr_fillBufferUnAligned",214,9374184785178,9374184787298,0,0,8,0,128,256,1,1,256,1,1
"KERNEL_DISPATCH","Agent 2",1,0,220354,215,6,"__amd_rocclr_fillBufferUnAligned",215,9374184790738,9374184792738,0,0,8,0,128,256,1,1,256,1,1
"KERNEL_DISPATCH","Agent 2",1,0,220354,216,6,"__amd_rocclr_fillBufferUnAligned",216,9374184795938,9374184798018,0,0,8,0,128,256,1,1,256,1,1
"KERNEL_DISPATCH","Agent 2",1,0,220354,217,6,"__amd_rocclr_fillBufferUnAligned",217,9374184801178,9374184803258,0,0,8,0,128,256,1,1,256,1,1
"KERNEL_DISPATCH","Agent 2",1,0,220354,218,6,"__amd_rocclr_fillBufferUnAligned",218,9374184821778,9374184823778,0,0,8,0,128,256,1,1,256,1,1
"KERNEL_DISPATCH","Agent 2",1,0,220354,219,6,"__amd_rocclr_fillBufferUnAligned",219,9374184837659,9374184839779,0,0,8,0,128,256,1,1,256,1,1
"KERNEL_DISPATCH","Agent 2",1,0,220354,220,6,"__amd_rocclr_fillBufferUnAligned",220,9374184843379,9374184845619,0,0,8,0,128,256,1,1,256,1,1
"KERNEL_DISPATCH","Agent 2",1,0,220354,221,6,"__amd_rocclr_fillBufferUnAligned",221,9374184849099,9374184851059,0,0,8,0,128,256,1,1,256,1,1
"KERNEL_DISPATCH","Agent 2",1,0,220354,222,6,"__amd_rocclr_fillBufferUnAligned",222,9374184854219,9374184856339,0,0,8,0,128,256,1,1,256,1,1
"KERNEL_DISPATCH","Agent 2",1,0,220354,223,6,"__amd_rocclr_fillBufferUnAligned",223,9374184871019,9374184873099,0,0,8,0,128,256,1,1,256,1,1
"KERNEL_DISPATCH","Agent 2",1,0,220354,224,6,"__amd_rocclr_fillBufferUnAligned",224,9374184876579,9374184878779,0,0,8,0,128,256,1,1,256,1,1
"KERNEL_DISPATCH","Agent 2",1,0,220354,225,6,"__amd_rocclr_fillBufferUnAligned",225,9374184902689,9374184904889,0,0,8,0,128,256,1,1,256,1,1
"KERNEL_DISPATCH","Agent 2",1,0,220354,226,6,"__amd_rocclr_fillBufferUnAligned",226,9374184908449,9374184910489,0,0,8,0,128,256,1,1,256,1,1
"KERNEL_DISPATCH","Agent 2",1,0,220354,227,6,"__amd_rocclr_fillBufferUnAligned",227,9374184914450,9374184916450,0,0,8,0,128,256,1,1,256,1,1
"KERNEL_DISPATCH","Agent 2",1,0,220354,228,6,"__amd_rocclr_fillBufferUnAligned",228,9374184919650,9374184921610,0,0,8,0,128,256,1,1,256,1,1
"KERNEL_DISPATCH","Agent 2",1,0,220354,229,6,"__amd_rocclr_fillBufferUnAligned",229,9374184924890,9374184926770,0,0,8,0,128,256,1,1,256,1,1
"KERNEL_DISPATCH","Agent 2",1,0,220354,230,6,"__amd_rocclr_fillBufferUnAligned",230,9374184929930,9374184932170,0,0,8,0,128,256,1,1,256,1,1
"KERNEL_DISPATCH","Agent 2",1,0,220354,231,6,"__amd_rocclr_fillBufferUnAligned",231,9374184960190,9374184962310,0,0,8,0,128,256,1,1,256,1,1
"KERNEL_DISPATCH","Agent 2",1,0,220354,232,6,"__amd_rocclr_fillBufferUnAligned",232,9374184965830,9374184967950,0,0,8,0,128,256,1,1,256,1,1
"KERNEL_DISPATCH","Agent 2",1,0,220354,233,6,"__amd_rocclr_fillBufferUnAligned",233,9374184971270,9374184973310,0,0,8,0,128,256,1,1,256,1,1
"KERNEL_DISPATCH","Agent 2",1,0,220354,234,6,"__amd_rocclr_fillBufferUnAligned",234,9374184976470,9374184978390,0,0,8,0,128,256,1,1,256,1,1
"KERNEL_DISPATCH","Agent 2",1,0,220354,235,6,"__amd_rocclr_fillBufferUnAligned",235,9374184981590,9374184983590,0,0,8,0,128,256,1,1,256,1,1
"KERNEL_DISPATCH","Agent 2",1,0,220354,236,6,"__amd_rocclr_fillBufferUnAligned",236,9374184998511,9374185000911,0,0,8,0,128,256,1,1,256,1,1
"KERNEL_DISPATCH","Agent 2",1,0,220354,237,6,"__amd_rocclr_fillBufferUnAligned",237,9374185029281,9374185031401,0,0,8,0,128,256,1,1,256,1,1
"KERNEL_DISPATCH","Agent 2",1,0,220354,238,6,"__amd_rocclr_fillBufferUnAligned",238,9374185035121,9374185037521,0,0,8,0,128,256,1,1,256,1,1
"KERNEL_DISPATCH","Agent 2",1,0,220354,239,6,"__amd_rocclr_fillBufferUnAligned",239,9374185041121,9374185043201,0,0,8,0,128,256,1,1,256,1,1
"KERNEL_DISPATCH","Agent 2",1,0,220354,240,6,"__amd_rocclr_fillBufferUnAligned",240,9374185046441,9374185048401,0,0,8,0,128,256,1,1,256,1,1
"KERNEL_DISPATCH","Agent 2",1,0,220354,241,6,"__amd_rocclr_fillBufferUnAligned",241,9374185052041,9374185053961,0,0,8,0,128,256,1,1,256,1,1
"KERNEL_DISPATCH","Agent 2",1,0,220354,242,6,"__amd_rocclr_fillBufferUnAligned",242,9374185057321,9374185059361,0,0,8,0,128,256,1,1,256,1,1
"KERNEL_DISPATCH","Agent 2",1,0,220354,243,6,"__amd_rocclr_fillBufferUnAligned",243,9374185088202,9374185090362,0,0,8,0,128,256,1,1,256,1,1
"KERNEL_DISPATCH","Agent 2",1,0,220354,244,6,"__amd_rocclr_fillBufferUnAligned",244,9374185093802,9374185096002,0,0,8,0,128,256,1,1,256,1,1
"KERNEL_DISPATCH","Agent 2",1,0,220354,245,6,"__amd_rocclr_fillBufferUnAligned",245,9374185099282,9374185101162,0,0,8,0,128,256,1,1,256,1,1
"KERNEL_DISPATCH","Agent 2",1,0,220354,247,6,"__amd_rocclr_fillBufferUnAligned",247,9374185109762,9374185111802,0,0,8,0,128,256,1,1,256,1,1
"KERNEL_DISPATCH","Agent 2",1,0,220354,248,6,"__amd_rocclr_fillBufferUnAligned",248,9374185115002,9374185117042,0,0,8,0,128,256,1,1,256,1,1
"KERNEL_DISPATCH","Agent 2",1,0,220354,249,6,"__amd_rocclr_fillBufferUnAligned",249,9374185144312,9374185146432,0,0,8,0,128,256,1,1,256,1,1
"KERNEL_DISPATCH","Agent 2",1,0,220354,250,6,"__amd_rocclr_fillBufferUnAligned",250,9374185150152,9374185152232,0,0,8,0,128,256,1,1,256,1,1
"KERNEL_DISPATCH","Agent 2",1,0,220354,251,6,"__amd_rocclr_fillBufferUnAligned",251,9374185155753,9374185157673,0,0,8,0,128,256,1,1,256,1,1
"KERNEL_DISPATCH","Agent 2",1,0,220354,252,6,"__amd_rocclr_fillBufferUnAligned",252,9374185160833,9374185162873,0,0,8,0,128,256,1,1,256,1,1
"KERNEL_DISPATCH","Agent 2",1,0,220354,253,6,"__amd_rocclr_fillBufferUnAligned",253,9374185166113,9374185168113,0,0,8,0,128,256,1,1,256,1,1
"KERNEL_DISPATCH","Agent 2",1,0,220354,246,6,"__amd_rocclr_fillBufferUnAligned",246,9374185104402,9374185106562,0,0,8,0,128,256,1,1,256,1,1
"KERNEL_DISPATCH","Agent 2",1,0,220354,254,6,"__amd_rocclr_fillBufferUnAligned",254,9374185182833,9374185184913,0,0,8,0,128,256,1,1,256,1,1
"KERNEL_DISPATCH","Agent 2",1,0,220354,255,6,"__amd_rocclr_fillBufferUnAligned",255,9374185199193,9374185201313,0,0,8,0,128,256,1,1,256,1,1
"KERNEL_DISPATCH","Agent 2",1,0,220354,256,6,"__amd_rocclr_fillBufferUnAligned",256,9374185204953,9374185207113,0,0,8,0,128,256,1,1,256,1,1
"KERNEL_DISPATCH","Agent 2",1,0,220354,257,6,"__amd_rocclr_fillBufferUnAligned",257,9374185210513,9374185212513,0,0,8,0,128,256,1,1,256,1,1
"KERNEL_DISPATCH","Agent 2",1,0,220354,258,6,"__amd_rocclr_fillBufferUnAligned",258,9374185226513,9374185228633,0,0,8,0,128,256,1,1,256,1,1
"KERNEL_DISPATCH","Agent 2",1,0,220354,259,6,"__amd_rocclr_fillBufferUnAligned",259,9374185232313,9374185234474,0,0,8,0,128,256,1,1,256,1,1
"KERNEL_DISPATCH","Agent 2",1,0,220354,260,6,"__amd_rocclr_fillBufferUnAligned",260,9374185237874,9374185240034,0,0,8,0,128,256,1,1,256,1,1
"KERNEL_DISPATCH","Agent 2",1,0,220354,261,6,"__amd_rocclr_fillBufferUnAligned",261,9374185264594,9374185266714,0,0,8,0,128,256,1,1,256,1,1
"KERNEL_DISPATCH","Agent 2",1,0,220354,262,6,"__amd_rocclr_fillBufferUnAligned",262,9374185270394,9374185272554,0,0,8,0,128,256,1,1,256,1,1
"KERNEL_DISPATCH","Agent 2",1,0,220354,263,6,"__amd_rocclr_fillBufferUnAligned",263,9374185275954,9374185277954,0,0,8,0,128,256,1,1,256,1,1
"KERNEL_DISPATCH","Agent 2",1,0,220354,264,6,"__amd_rocclr_fillBufferUnAligned",264,9374185281154,9374185283114,0,0,8,0,128,256,1,1,256,1,1
"KERNEL_DISPATCH","Agent 2",1,0,220354,265,6,"__amd_rocclr_fillBufferUnAligned",265,9374185286314,9374185288354,0,0,8,0,128,256,1,1,256,1,1
"KERNEL_DISPATCH","Agent 2",1,0,220354,266,6,"__amd_rocclr_fillBufferUnAligned",266,9374185302514,9374185304514,0,0,8,0,128,256,1,1,256,1,1
"KERNEL_DISPATCH","Agent 2",1,0,220354,267,6,"__amd_rocclr_fillBufferUnAligned",267,9374185318235,9374185320635,0,0,8,0,128,256,1,1,256,1,1
"KERNEL_DISPATCH","Agent 2",1,0,220354,268,6,"__amd_rocclr_fillBufferUnAligned",268,9374185358465,9374185361065,0,0,8,0,128,256,1,1,256,1,1
"KERNEL_DISPATCH","Agent 2",1,0,220354,269,6,"__amd_rocclr_fillBufferUnAligned",269,9374185364745,9374185367025,0,0,8,0,128,256,1,1,256,1,1
"KERNEL_DISPATCH","Agent 2",1,0,220354,270,6,"__amd_rocclr_fillBufferUnAligned",270,9374185370545,9374185372585,0,0,8,0,128,256,1,1,256,1,1
"KERNEL_DISPATCH","Agent 2",1,0,220354,271,6,"__amd_rocclr_fillBufferUnAligned",271,9374185375785,9374185377985,0,0,8,0,128,256,1,1,256,1,1
"KERNEL_DISPATCH","Agent 2",1,0,220354,272,6,"__amd_rocclr_fillBufferUnAligned",272,9374185381345,9374185383305,0,0,8,0,128,256,1,1,256,1,1
"KERNEL_DISPATCH","Agent 2",1,0,220354,273,6,"__amd_rocclr_fillBufferUnAligned",273,9374185883102,9374185884782,0,0,8,0,128,256,1,1,8192,1,1
"KERNEL_DISPATCH","Agent 2",1,0,220354,274,6,"__amd_rocclr_fillBufferUnAligned",274,9374185888182,9374185890022,0,0,8,0,128,256,1,1,1536,1,1
"KERNEL_DISPATCH","Agent 2",1,0,220354,275,6,"__amd_rocclr_fillBufferUnAligned",275,9374185914962,9374185917002,0,0,8,0,128,256,1,1,8192,1,1
"KERNEL_DISPATCH","Agent 2",1,0,220354,276,6,"__amd_rocclr_fillBufferUnAligned",276,9374185920642,9374185922082,0,0,8,0,128,256,1,1,7680,1,1
"KERNEL_DISPATCH","Agent 2",1,0,220354,277,6,"__amd_rocclr_fillBufferUnAligned",277,9374185925482,9374185926922,0,0,8,0,128,256,1,1,8192,1,1
"KERNEL_DISPATCH","Agent 2",1,0,220354,278,6,"__amd_rocclr_fillBufferUnAligned",278,9374185930362,9374185931962,0,0,8,0,128,256,1,1,1536,1,1
"KERNEL_DISPATCH","Agent 2",1,0,220354,279,6,"__amd_rocclr_fillBufferUnAligned",279,9374185955712,9374185957833,0,0,8,0,128,256,1,1,8192,1,1
"KERNEL_DISPATCH","Agent 2",1,0,220354,280,6,"__amd_rocclr_fillBufferUnAligned",280,9374185961313,9374185963153,0,0,8,0,128,256,1,1,7680,1,1
"KERNEL_DISPATCH","Agent 2",1,0,220354,281,6,"__amd_rocclr_fillBufferUnAligned",281,9374185976993,9374185978833,0,0,8,0,128,256,1,1,8192,1,1
"KERNEL_DISPATCH","Agent 2",1,0,220354,282,6,"__amd_rocclr_fillBufferUnAligned",282,9374185982353,9374185984033,0,0,8,0,128,256,1,1,1536,1,1
"KERNEL_DISPATCH","Agent 2",1,0,220354,283,6,"__amd_rocclr_fillBufferUnAligned",283,9374186011913,9374186014193,0,0,8,0,128,256,1,1,8192,1,1
"KERNEL_DISPATCH","Agent 2",1,0,220354,284,6,"__amd_rocclr_fillBufferUnAligned",284,9374186017673,9374186019193,0,0,8,0,128,256,1,1,7680,1,1
"KERNEL_DISPATCH","Agent 2",1,0,220354,285,6,"__amd_rocclr_fillBufferUnAligned",285,9374186022433,9374186023993,0,0,8,0,128,256,1,1,8192,1,1
"KERNEL_DISPATCH","Agent 2",1,0,220354,286,6,"__amd_rocclr_fillBufferUnAligned",286,9374186027153,9374186028953,0,0,8,0,128,256,1,1,1536,1,1
"KERNEL_DISPATCH","Agent 2",1,0,220354,287,6,"__amd_rocclr_fillBufferUnAligned",287,9374186055434,9374186057754,0,0,8,0,128,256,1,1,8192,1,1
"KERNEL_DISPATCH","Agent 2",1,0,220354,288,6,"__amd_rocclr_fillBufferUnAligned",288,9374186061674,9374186063394,0,0,8,0,128,256,1,1,7680,1,1
"KERNEL_DISPATCH","Agent 2",1,0,220354,289,6,"__amd_rocclr_fillBufferUnAligned",289,9374186077954,9374186080274,0,0,8,0,128,256,1,1,8192,1,1
"KERNEL_DISPATCH","Agent 2",1,0,220354,290,6,"__amd_rocclr_fillBufferUnAligned",290,9374186083594,9374186085434,0,0,8,0,128,256,1,1,1536,1,1
"KERNEL_DISPATCH","Agent 2",1,0,220354,291,6,"__amd_rocclr_fillBufferUnAligned",291,9374186118275,9374186120835,0,0,8,0,128,256,1,1,8192,1,1
"KERNEL_DISPATCH","Agent 2",1,0,220354,292,6,"__amd_rocclr_fillBufferUnAligned",292,9374186124435,9374186126075,0,0,8,0,128,256,1,1,7680,1,1
"KERNEL_DISPATCH","Agent 2",1,0,220354,293,6,"__amd_rocclr_fillBufferUnAligned",293,9374186129555,9374186131155,0,0,8,0,128,256,1,1,8192,1,1
"KERNEL_DISPATCH","Agent 2",1,0,220354,294,6,"__amd_rocclr_fillBufferUnAligned",294,9374186138235,9374186139835,0,0,8,0,128,256,1,1,1536,1,1
"KERNEL_DISPATCH","Agent 2",1,0,220354,295,6,"__amd_rocclr_fillBufferUnAligned",295,9374186158355,9374186160955,0,0,8,0,128,256,1,1,8192,1,1
"KERNEL_DISPATCH","Agent 2",1,0,220354,296,6,"__amd_rocclr_fillBufferUnAligned",296,9374186167715,9374186169595,0,0,8,0,128,256,1,1,7680,1,1
"KERNEL_DISPATCH","Agent 2",1,0,220354,297,6,"__amd_rocclr_fillBufferUnAligned",297,9374186183755,9374186185915,0,0,8,0,128,256,1,1,8192,1,1
"KERNEL_DISPATCH","Agent 2",1,0,220354,298,6,"__amd_rocclr_fillBufferUnAligned",298,9374186189475,9374186191155,0,0,8,0,128,256,1,1,1536,1,1
"KERNEL_DISPATCH","Agent 2",1,0,220354,299,6,"__amd_rocclr_fillBufferUnAligned",299,9374186223486,9374186225686,0,0,8,0,128,256,1,1,8192,1,1
"KERNEL_DISPATCH","Agent 2",1,0,220354,300,6,"__amd_rocclr_fillBufferUnAligned",300,9374186229166,9374186230726,0,0,8,0,128,256,1,1,7680,1,1
"KERNEL_DISPATCH","Agent 2",1,0,220354,301,6,"__amd_rocclr_fillBufferUnAligned",301,9374186234046,9374186235566,0,0,8,0,128,256,1,1,8192,1,1
"KERNEL_DISPATCH","Agent 2",1,0,220354,302,6,"__amd_rocclr_fillBufferUnAligned",302,9374186238766,9374186240526,0,0,8,0,128,256,1,1,1536,1,1
"KERNEL_DISPATCH","Agent 2",1,0,220354,303,6,"__amd_rocclr_fillBufferUnAligned",303,9374186273256,9374186275696,0,0,8,0,128,256,1,1,8192,1,1
"KERNEL_DISPATCH","Agent 2",1,0,220354,304,6,"__amd_rocclr_fillBufferUnAligned",304,9374186279417,9374186280937,0,0,8,0,128,256,1,1,7680,1,1
"KERNEL_DISPATCH","Agent 2",1,0,220354,305,6,"__amd_rocclr_fillBufferUnAligned",305,9374186284297,9374186285937,0,0,8,0,128,256,1,1,8192,1,1
"KERNEL_DISPATCH","Agent 2",1,0,220354,306,6,"__amd_rocclr_fillBufferUnAligned",306,9374186289177,9374186290737,0,0,8,0,128,256,1,1,1536,1,1
"KERNEL_DISPATCH","Agent 2",1,0,220354,307,6,"__amd_rocclr_fillBufferUnAligned",307,9374186331517,9374186333677,0,0,8,0,128,256,1,1,8192,1,1
"KERNEL_DISPATCH","Agent 2",1,0,220354,308,6,"__amd_rocclr_fillBufferUnAligned",308,9374186337117,9374186338477,0,0,8,0,128,256,1,1,7680,1,1
"KERNEL_DISPATCH","Agent 2",1,0,220354,309,6,"__amd_rocclr_fillBufferUnAligned",309,9374186341717,9374186343077,0,0,8,0,128,256,1,1,8192,1,1
"KERNEL_DISPATCH","Agent 2",1,0,220354,310,6,"__amd_rocclr_fillBufferUnAligned",310,9374186346237,9374186348037,0,0,8,0,128,256,1,1,1536,1,1
"KERNEL_DISPATCH","Agent 2",1,0,220354,311,6,"__amd_rocclr_fillBufferUnAligned",311,9374186374508,9374186376548,0,0,8,0,128,256,1,1,8192,1,1
"KERNEL_DISPATCH","Agent 2",1,0,220354,312,6,"__amd_rocclr_fillBufferUnAligned",312,9374186380748,9374186382428,0,0,8,0,128,256,1,1,7680,1,1
"KERNEL_DISPATCH","Agent 2",1,0,220354,313,6,"__amd_rocclr_fillBufferUnAligned",313,9374186400068,9374186401828,0,0,8,0,128,256,1,1,8192,1,1
"KERNEL_DISPATCH","Agent 2",1,0,220354,314,6,"__amd_rocclr_fillBufferUnAligned",314,9374186405308,9374186407188,0,0,8,0,128,256,1,1,1536,1,1
"KERNEL_DISPATCH","Agent 2",1,0,220354,315,6,"__amd_rocclr_fillBufferUnAligned",315,9374186433918,9374186435878,0,0,8,0,128,256,1,1,8192,1,1
"KERNEL_DISPATCH","Agent 2",1,0,220354,316,6,"__amd_rocclr_fillBufferUnAligned",316,9374186439479,9374186440879,0,0,8,0,128,256,1,1,7680,1,1
"KERNEL_DISPATCH","Agent 2",1,0,220354,317,6,"__amd_rocclr_fillBufferUnAligned",317,9374186444279,9374186445639,0,0,8,0,128,256,1,1,8192,1,1
"KERNEL_DISPATCH","Agent 2",1,0,220354,318,6,"__amd_rocclr_fillBufferUnAligned",318,9374186452999,9374186454599,0,0,8,0,128,256,1,1,1536,1,1
"KERNEL_DISPATCH","Agent 2",1,0,220354,319,6,"__amd_rocclr_fillBufferUnAligned",319,9374186472119,9374186474119,0,0,8,0,128,256,1,1,8192,1,1
"KERNEL_DISPATCH","Agent 2",1,0,220354,320,6,"__amd_rocclr_fillBufferUnAligned",320,9374186477679,9374186479519,0,0,8,0,128,256,1,1,7680,1,1
"KERNEL_DISPATCH","Agent 2",1,0,220354,321,6,"__amd_rocclr_fillBufferUnAligned",321,9374186506079,9374186507919,0,0,8,0,128,256,1,1,8192,1,1
"KERNEL_DISPATCH","Agent 2",1,0,220354,322,6,"__amd_rocclr_fillBufferUnAligned",322,9374186515519,9374186517199,0,0,8,0,128,256,1,1,1536,1,1
"KERNEL_DISPATCH","Agent 2",1,0,220354,323,6,"__amd_rocclr_fillBufferUnAligned",323,9374186531520,9374186533520,0,0,8,0,128,256,1,1,8192,1,1
"KERNEL_DISPATCH","Agent 2",1,0,220354,324,6,"__amd_rocclr_fillBufferUnAligned",324,9374186537040,9374186538400,0,0,8,0,128,256,1,1,7680,1,1
"KERNEL_DISPATCH","Agent 2",1,0,220354,325,6,"__amd_rocclr_fillBufferUnAligned",325,9374186541680,9374186543080,0,0,8,0,128,256,1,1,8192,1,1
"KERNEL_DISPATCH","Agent 2",1,0,220354,326,6,"__amd_rocclr_fillBufferUnAligned",326,9374186546400,9374186548200,0,0,8,0,128,256,1,1,1536,1,1
"KERNEL_DISPATCH","Agent 2",1,0,220354,327,6,"__amd_rocclr_fillBufferUnAligned",327,9374186585410,9374186587450,0,0,8,0,128,256,1,1,8192,1,1
"KERNEL_DISPATCH","Agent 2",1,0,220354,328,6,"__amd_rocclr_fillBufferUnAligned",328,9374186594330,9374186596050,0,0,8,0,128,256,1,1,7680,1,1
"KERNEL_DISPATCH","Agent 2",1,0,220354,329,6,"__amd_rocclr_fillBufferUnAligned",329,9374186613251,9374186614971,0,0,8,0,128,256,1,1,8192,1,1
"KERNEL_DISPATCH","Agent 2",1,0,220354,330,6,"__amd_rocclr_fillBufferUnAligned",330,9374186623971,9374186625851,0,0,8,0,128,256,1,1,1536,1,1
"KERNEL_DISPATCH","Agent 2",1,0,220354,331,6,"__amd_rocclr_fillBufferUnAligned",331,9374186640931,9374186643051,0,0,8,0,128,256,1,1,8192,1,1
"KERNEL_DISPATCH","Agent 2",1,0,220354,332,6,"__amd_rocclr_fillBufferUnAligned",332,9374186646651,9374186648331,0,0,8,0,128,256,1,1,7680,1,1
"KERNEL_DISPATCH","Agent 2",1,0,220354,333,6,"__amd_rocclr_fillBufferUnAligned",333,9374186651891,9374186653251,0,0,8,0,128,256,1,1,8192,1,1
"KERNEL_DISPATCH","Agent 2",1,0,220354,334,6,"__amd_rocclr_fillBufferUnAligned",334,9374186656451,9374186658051,0,0,8,0,128,256,1,1,1536,1,1
"KERNEL_DISPATCH","Agent 2",1,0,220354,335,6,"__amd_rocclr_fillBufferUnAligned",335,9374186695452,9374186697452,0,0,8,0,128,256,1,1,8192,1,1
"KERNEL_DISPATCH","Agent 2",1,0,220354,336,6,"__amd_rocclr_fillBufferUnAligned",336,9374186704732,9374186706612,0,0,8,0,128,256,1,1,7680,1,1
"KERNEL_DISPATCH","Agent 2",1,0,220354,337,6,"__amd_rocclr_fillBufferUnAligned",337,9374186721772,9374186723652,0,0,8,0,128,256,1,1,8192,1,1
"KERNEL_DISPATCH","Agent 2",1,0,220354,338,6,"__amd_rocclr_fillBufferUnAligned",338,9374186727212,9374186728892,0,0,8,0,128,256,1,1,1536,1,1
"KERNEL_DISPATCH","Agent 2",1,0,220354,339,6,"__amd_rocclr_fillBufferUnAligned",339,9374186770123,9374186772243,0,0,8,0,128,256,1,1,8192,1,1
"KERNEL_DISPATCH","Agent 2",1,0,220354,340,6,"__amd_rocclr_fillBufferUnAligned",340,9374186775883,9374186777283,0,0,8,0,128,256,1,1,7680,1,1
"KERNEL_DISPATCH","Agent 2",1,0,220354,341,6,"__amd_rocclr_fillBufferUnAligned",341,9374186780563,9374186781923,0,0,8,0,128,256,1,1,8192,1,1
"KERNEL_DISPATCH","Agent 2",1,0,220354,342,6,"__amd_rocclr_fillBufferUnAligned",342,9374186785163,9374186786923,0,0,8,0,128,256,1,1,1536,1,1
"KERNEL_DISPATCH","Agent 2",1,0,220354,343,6,"__amd_rocclr_fillBufferUnAligned",343,9374186813863,9374186815903,0,0,8,0,128,256,1,1,8192,1,1
"KERNEL_DISPATCH","Agent 2",1,0,220354,344,6,"__amd_rocclr_fillBufferUnAligned",344,9374186819503,9374186821223,0,0,8,0,128,256,1,1,7680,1,1
"KERNEL_DISPATCH","Agent 2",1,0,220354,345,6,"__amd_rocclr_fillBufferUnAligned",345,9374186845294,9374186847054,0,0,8,0,128,256,1,1,8192,1,1
"KERNEL_DISPATCH","Agent 2",1,0,220354,346,6,"__amd_rocclr_fillBufferUnAligned",346,9374186850414,9374186852254,0,0,8,0,128,256,1,1,1536,1,1
"KERNEL_DISPATCH","Agent 2",1,0,220354,347,6,"__amd_rocclr_fillBufferUnAligned",347,9374186879094,9374186881094,0,0,8,0,128,256,1,1,8192,1,1
"KERNEL_DISPATCH","Agent 2",1,0,220354,348,6,"__amd_rocclr_fillBufferUnAligned",348,9374186884734,9374186886214,0,0,8,0,128,256,1,1,7680,1,1
"KERNEL_DISPATCH","Agent 2",1,0,220354,349,6,"__amd_rocclr_fillBufferUnAligned",349,9374186889654,9374186891014,0,0,8,0,128,256,1,1,8192,1,1
"KERNEL_DISPATCH","Agent 2",1,0,220354,350,6,"__amd_rocclr_fillBufferUnAligned",350,9374186898534,9374186900134,0,0,8,0,128,256,1,1,1536,1,1
"KERNEL_DISPATCH","Agent 2",1,0,220354,351,6,"__amd_rocclr_fillBufferUnAligned",351,9374186915214,9374186917214,0,0,8,0,128,256,1,1,8192,1,1
"KERNEL_DISPATCH","Agent 2",1,0,220354,352,6,"__amd_rocclr_fillBufferUnAligned",352,9374186920654,9374186922535,0,0,8,0,128,256,1,1,7680,1,1
"KERNEL_DISPATCH","Agent 2",1,0,220354,353,6,"__amd_rocclr_fillBufferUnAligned",353,9374186936295,9374186938135,0,0,8,0,128,256,1,1,8192,1,1
"KERNEL_DISPATCH","Agent 2",1,0,220354,354,6,"__amd_rocclr_fillBufferUnAligned",354,9374186941695,9374186943375,0,0,8,0,128,256,1,1,1536,1,1
"KERNEL_DISPATCH","Agent 2",1,0,220354,355,6,"__amd_rocclr_fillBufferUnAligned",355,9374186970805,9374186972845,0,0,8,0,128,256,1,1,8192,1,1
"KERNEL_DISPATCH","Agent 2",1,0,220354,356,6,"__amd_rocclr_fillBufferUnAligned",356,9374186976245,9374186977605,0,0,8,0,128,256,1,1,7680,1,1
"KERNEL_DISPATCH","Agent 2",1,0,220354,357,6,"__amd_rocclr_fillBufferUnAligned",357,9374186980845,9374186982205,0,0,8,0,128,256,1,1,8192,1,1
"KERNEL_DISPATCH","Agent 2",1,0,220354,358,6,"__amd_rocclr_fillBufferUnAligned",358,9374186985405,9374186987165,0,0,8,0,128,256,1,1,1536,1,1
"KERNEL_DISPATCH","Agent 2",1,0,220354,359,6,"__amd_rocclr_fillBufferUnAligned",359,9374187014176,9374187016296,0,0,8,0,128,256,1,1,8192,1,1
"KERNEL_DISPATCH","Agent 2",1,0,220354,360,6,"__amd_rocclr_fillBufferUnAligned",360,9374187023016,9374187024696,0,0,8,0,128,256,1,1,7680,1,1
"KERNEL_DISPATCH","Agent 2",1,0,220354,361,6,"__amd_rocclr_fillBufferUnAligned",361,9374187043536,9374187045256,0,0,8,0,128,256,1,1,8192,1,1
"KERNEL_DISPATCH","Agent 2",1,0,220354,362,6,"__amd_rocclr_fillBufferUnAligned",362,9374187052416,9374187054256,0,0,8,0,128,256,1,1,1536,1,1
"KERNEL_DISPATCH","Agent 2",1,0,220354,363,6,"__amd_rocclr_fillBufferUnAligned",363,9374187072816,9374187074816,0,0,8,0,128,256,1,1,8192,1,1
"KERNEL_DISPATCH","Agent 2",1,0,220354,364,6,"__amd_rocclr_fillBufferUnAligned",364,9374187078496,9374187079936,0,0,8,0,128,256,1,1,7680,1,1
"KERNEL_DISPATCH","Agent 2",1,0,220354,365,6,"__amd_rocclr_fillBufferUnAligned",365,9374187083457,9374187084817,0,0,8,0,128,256,1,1,8192,1,1
"KERNEL_DISPATCH","Agent 2",1,0,220354,366,6,"__amd_rocclr_fillBufferUnAligned",366,9374187088137,9374187089737,0,0,8,0,128,256,1,1,1536,1,1
"KERNEL_DISPATCH","Agent 2",1,0,220354,367,6,"__amd_rocclr_fillBufferUnAligned",367,9374187122277,9374187124237,0,0,8,0,128,256,1,1,8192,1,1
"KERNEL_DISPATCH","Agent 2",1,0,220354,368,6,"__amd_rocclr_fillBufferUnAligned",368,9374187127677,9374187129037,0,0,8,0,128,256,1,1,7680,1,1
"KERNEL_DISPATCH","Agent 2",1,0,220354,369,6,"__amd_rocclr_fillBufferUnAligned",369,9374187132277,9374187144117,0,0,8,0,128,256,1,1,8192,1,1
"KERNEL_DISPATCH","Agent 2",1,0,220354,370,6,"__amd_rocclr_fillBufferUnAligned",370,9374187147557,9374187148717,0,0,8,0,128,256,1,1,1536,1,1
"KERNEL_DISPATCH","Agent 2",1,0,220354,371,6,"__amd_rocclr_fillBufferUnAligned",371,9374187152277,9374187154357,0,0,8,0,128,256,1,1,8192,1,1
"KERNEL_DISPATCH","Agent 2",1,0,220354,372,6,"__amd_rocclr_fillBufferUnAligned",372,9374187168318,9374187169638,0,0,8,0,128,256,1,1,7680,1,1
"KERNEL_DISPATCH","Agent 2",1,0,220354,373,6,"__amd_rocclr_fillBufferUnAligned",373,9374187173038,9374187174918,0,0,8,0,128,256,1,1,8192,1,1
"KERNEL_DISPATCH","Agent 2",1,0,220354,374,6,"__amd_rocclr_fillBufferUnAligned",374,9374187193678,9374187195238,0,0,8,0,128,256,1,1,1536,1,1
"KERNEL_DISPATCH","Agent 2",1,0,220354,375,6,"__amd_rocclr_fillBufferUnAligned",375,9374187209598,9374187220918,0,0,8,0,128,256,1,1,8192,1,1
"KERNEL_DISPATCH","Agent 2",1,0,220354,376,6,"__amd_rocclr_fillBufferUnAligned",376,9374187225038,9374187226318,0,0,8,0,128,256,1,1,7680,1,1
"KERNEL_DISPATCH","Agent 2",1,0,220354,377,6,"__amd_rocclr_fillBufferUnAligned",377,9374187245829,9374187247549,0,0,8,0,128,256,1,1,8192,1,1
"KERNEL_DISPATCH","Agent 2",1,0,220354,378,6,"__amd_rocclr_fillBufferUnAligned",378,9374187251229,9374187252909,0,0,8,0,128,256,1,1,1536,1,1
"KERNEL_DISPATCH","Agent 2",1,0,220354,379,6,"__amd_rocclr_fillBufferUnAligned",379,9374187279459,9374187281339,0,0,8,0,128,256,1,1,8192,1,1
"KERNEL_DISPATCH","Agent 2",1,0,220354,380,6,"__amd_rocclr_fillBufferUnAligned",380,9374187284779,9374187286099,0,0,8,0,128,256,1,1,7680,1,1
"KERNEL_DISPATCH","Agent 2",1,0,220354,381,6,"__amd_rocclr_fillBufferUnAligned",381,9374187289299,9374187290659,0,0,8,0,128,256,1,1,8192,1,1
"KERNEL_DISPATCH","Agent 2",1,0,220354,382,6,"__amd_rocclr_fillBufferUnAligned",382,9374187298579,9374187300339,0,0,8,0,128,256,1,1,1536,1,1
"KERNEL_DISPATCH","Agent 2",1,0,220354,383,6,"__amd_rocclr_fillBufferUnAligned",383,9374187315139,9374187317099,0,0,8,0,128,256,1,1,8192,1,1
"KERNEL_DISPATCH","Agent 2",1,0,220354,384,6,"__amd_rocclr_fillBufferUnAligned",384,9374187320699,9374187322419,0,0,8,0,128,256,1,1,7680,1,1
"KERNEL_DISPATCH","Agent 2",1,0,220354,385,6,"__amd_rocclr_fillBufferUnAligned",385,9374187351640,9374187353600,0,0,8,0,128,256,1,1,8192,1,1
"KERNEL_DISPATCH","Agent 2",1,0,220354,386,6,"__amd_rocclr_fillBufferUnAligned",386,9374187360800,9374187362640,0,0,8,0,128,256,1,1,1536,1,1
"KERNEL_DISPATCH","Agent 2",1,0,220354,387,6,"__amd_rocclr_fillBufferUnAligned",387,9374187376800,9374187378880,0,0,8,0,128,256,1,1,8192,1,1
"KERNEL_DISPATCH","Agent 2",1,0,220354,388,6,"__amd_rocclr_fillBufferUnAligned",388,9374187383120,9374187384520,0,0,8,0,128,256,1,1,7680,1,1
"KERNEL_DISPATCH","Agent 2",1,0,220354,389,6,"__amd_rocclr_fillBufferUnAligned",389,9374187388000,9374187389600,0,0,8,0,128,256,1,1,8192,1,1
"KERNEL_DISPATCH","Agent 2",1,0,220354,390,6,"__amd_rocclr_fillBufferUnAligned",390,9374187407761,9374187409361,0,0,8,0,128,256,1,1,1536,1,1
"KERNEL_DISPATCH","Agent 2",1,0,220354,391,6,"__amd_rocclr_fillBufferUnAligned",391,9374187423521,9374187425841,0,0,8,0,128,256,1,1,8192,1,1
"KERNEL_DISPATCH","Agent 2",1,0,220354,392,6,"__amd_rocclr_fillBufferUnAligned",392,9374187429441,9374187431161,0,0,8,0,128,256,1,1,7680,1,1
"KERNEL_DISPATCH","Agent 2",1,0,220354,393,6,"__amd_rocclr_fillBufferUnAligned",393,9374187459331,9374187461211,0,0,8,0,128,256,1,1,8192,1,1
"KERNEL_DISPATCH","Agent 2",1,0,220354,394,6,"__amd_rocclr_fillBufferUnAligned",394,9374187468411,9374187470291,0,0,8,0,128,256,1,1,1536,1,1
"KERNEL_DISPATCH","Agent 2",1,0,220354,395,6,"__amd_rocclr_fillBufferUnAligned",395,9374187487452,9374187489932,0,0,8,0,128,256,1,1,8192,1,1
"KERNEL_DISPATCH","Agent 2",1,0,220354,396,6,"__amd_rocclr_fillBufferUnAligned",396,9374187493572,9374187495012,0,0,8,0,128,256,1,1,7680,1,1
"KERNEL_DISPATCH","Agent 2",1,0,220354,397,6,"__amd_rocclr_fillBufferUnAligned",397,9374187498572,9374187499972,0,0,8,0,128,256,1,1,8192,1,1
"KERNEL_DISPATCH","Agent 2",1,0,220354,398,6,"__amd_rocclr_fillBufferUnAligned",398,9374187503132,9374187504692,0,0,8,0,128,256,1,1,1536,1,1
"KERNEL_DISPATCH","Agent 2",1,0,220354,399,6,"__amd_rocclr_fillBufferUnAligned",399,9374187536552,9374187539032,0,0,8,0,128,256,1,1,8192,1,1
"KERNEL_DISPATCH","Agent 2",1,0,220354,400,6,"__amd_rocclr_fillBufferUnAligned",400,9374187546592,9374187548472,0,0,8,0,128,256,1,1,7680,1,1
"KERNEL_DISPATCH","Agent 2",1,0,220354,401,6,"__amd_rocclr_fillBufferUnAligned",401,9374187580043,9374187581963,0,0,8,0,128,256,1,1,8192,1,1
"KERNEL_DISPATCH","Agent 2",1,0,220354,402,6,"__amd_rocclr_fillBufferUnAligned",402,9374187585523,9374187587203,0,0,8,0,128,256,1,1,1536,1,1
"KERNEL_DISPATCH","Agent 2",1,0,220354,403,6,"__amd_rocclr_fillBufferUnAligned",403,9374187627973,9374187630373,0,0,8,0,128,256,1,1,8192,1,1
"KERNEL_DISPATCH","Agent 2",1,0,220354,404,6,"__amd_rocclr_fillBufferUnAligned",404,9374187633853,9374187635733,0,0,8,0,128,256,1,1,7680,1,1
"KERNEL_DISPATCH","Agent 2",1,0,220354,405,6,"__amd_rocclr_fillBufferUnAligned",405,9374187657434,9374187658954,0,0,8,0,128,256,1,1,8192,1,1
"KERNEL_DISPATCH","Agent 2",1,0,220354,406,6,"__amd_rocclr_fillBufferUnAligned",406,9374187691374,9374187692734,0,0,8,0,128,256,1,1,1536,1,1
"KERNEL_DISPATCH","Agent 2",1,0,220354,407,6,"__amd_rocclr_fillBufferUnAligned",407,9374187718094,9374187720654,0,0,8,0,128,256,1,1,8192,1,1
"KERNEL_DISPATCH","Agent 2",1,0,220354,408,6,"__amd_rocclr_fillBufferUnAligned",408,9374187724254,9374187725975,0,0,8,0,128,256,1,1,7680,1,1
"KERNEL_DISPATCH","Agent 2",1,0,220354,409,6,"__amd_rocclr_fillBufferUnAligned",409,9374187753025,9374187754865,0,0,8,0,128,256,1,1,8192,1,1
"KERNEL_DISPATCH","Agent 2",1,0,220354,410,6,"__amd_rocclr_fillBufferUnAligned",410,9374187761425,9374187763305,0,0,8,0,128,256,1,1,1536,1,1
"KERNEL_DISPATCH","Agent 2",1,0,220354,411,6,"__amd_rocclr_fillBufferUnAligned",411,9374187780225,9374187782665,0,0,8,0,128,256,1,1,8192,1,1
"KERNEL_DISPATCH","Agent 2",1,0,220354,412,6,"__amd_rocclr_fillBufferUnAligned",412,9374187786345,9374187787785,0,0,8,0,128,256,1,1,7680,1,1
"KERNEL_DISPATCH","Agent 2",1,0,220354,413,6,"__amd_rocclr_fillBufferUnAligned",413,9374187791185,9374187792625,0,0,8,0,128,256,1,1,8192,1,1
"KERNEL_DISPATCH","Agent 2",1,0,220354,414,6,"__amd_rocclr_fillBufferUnAligned",414,9374187795785,9374187797385,0,0,8,0,128,256,1,1,1536,1,1
"KERNEL_DISPATCH","Agent 2",1,0,220354,415,6,"__amd_rocclr_fillBufferUnAligned",415,9374187829496,9374187831976,0,0,8,0,128,256,1,1,8192,1,1
"KERNEL_DISPATCH","Agent 2",1,0,220354,416,6,"__amd_rocclr_fillBufferUnAligned",416,9374187835456,9374187847216,0,0,8,0,128,256,1,1,7680,1,1
"KERNEL_DISPATCH","Agent 2",1,0,220354,417,6,"__amd_rocclr_fillBufferUnAligned",417,9374187850696,9374187852656,0,0,8,0,128,256,1,1,8192,1,1
"KERNEL_DISPATCH","Agent 2",1,0,220354,418,6,"__amd_rocclr_fillBufferUnAligned",418,9374187859216,9374187860816,0,0,8,0,128,256,1,1,1536,1,1
"KERNEL_DISPATCH","Agent 2",1,0,220354,419,6,"__amd_rocclr_fillBufferUnAligned",419,9374187878176,9374187880696,0,0,8,0,128,256,1,1,8192,1,1
"KERNEL_DISPATCH","Agent 2",1,0,220354,420,6,"__amd_rocclr_fillBufferUnAligned",420,9374187884096,9374187885457,0,0,8,0,128,256,1,1,7680,1,1
"KERNEL_DISPATCH","Agent 2",1,0,220354,421,6,"__amd_rocclr_fillBufferUnAligned",421,9374187888737,9374187890177,0,0,8,0,128,256,1,1,8192,1,1
"KERNEL_DISPATCH","Agent 2",1,0,220354,422,6,"__amd_rocclr_fillBufferUnAligned",422,9374187893377,9374187895137,0,0,8,0,128,256,1,1,1536,1,1
"KERNEL_DISPATCH","Agent 2",1,0,220354,423,6,"__amd_rocclr_fillBufferUnAligned",423,9374187929257,9374187931777,0,0,8,0,128,256,1,1,8192,1,1
"KERNEL_DISPATCH","Agent 2",1,0,220354,424,6,"__amd_rocclr_fillBufferUnAligned",424,9374187936897,9374187938617,0,0,8,0,128,256,1,1,7680,1,1
"KERNEL_DISPATCH","Agent 2",1,0,220354,425,6,"__amd_rocclr_fillBufferUnAligned",425,9374187953897,9374187955777,0,0,8,0,128,256,1,1,8192,1,1
"KERNEL_DISPATCH","Agent 2",1,0,220354,426,6,"__amd_rocclr_fillBufferUnAligned",426,9374187959097,9374187960937,0,0,8,0,128,256,1,1,1536,1,1
"KERNEL_DISPATCH","Agent 2",1,0,220354,427,6,"__amd_rocclr_fillBufferUnAligned",427,9374187985818,9374187988298,0,0,8,0,128,256,1,1,8192,1,1
"KERNEL_DISPATCH","Agent 2",1,0,220354,428,6,"__amd_rocclr_fillBufferUnAligned",428,9374187992058,9374187993458,0,0,8,0,128,256,1,1,7680,1,1
"KERNEL_DISPATCH","Agent 2",1,0,220354,429,6,"__amd_rocclr_fillBufferUnAligned",429,9374187996818,9374187998258,0,0,8,0,128,256,1,1,8192,1,1
"KERNEL_DISPATCH","Agent 2",1,0,220354,430,6,"__amd_rocclr_fillBufferUnAligned",430,9374188001458,9374188003058,0,0,8,0,128,256,1,1,1536,1,1
"KERNEL_DISPATCH","Agent 2",1,0,220354,431,6,"__amd_rocclr_fillBufferUnAligned",431,9374188034618,9374188037178,0,0,8,0,128,256,1,1,8192,1,1
"KERNEL_DISPATCH","Agent 2",1,0,220354,432,6,"__amd_rocclr_fillBufferUnAligned",432,9374188044978,9374188046899,0,0,8,0,128,256,1,1,7680,1,1
"KERNEL_DISPATCH","Agent 2",1,0,220354,433,6,"__amd_rocclr_fillBufferUnAligned",433,9374188061939,9374188063939,0,0,8,0,128,256,1,1,8192,1,1
"KERNEL_DISPATCH","Agent 2",1,0,220354,434,6,"__amd_rocclr_fillBufferUnAligned",434,9374188067579,9374188069259,0,0,8,0,128,256,1,1,1536,1,1
"KERNEL_DISPATCH","Agent 2",1,0,220354,435,6,"__amd_rocclr_fillBufferUnAligned",435,9374188096389,9374188098909,0,0,8,0,128,256,1,1,8192,1,1
"KERNEL_DISPATCH","Agent 2",1,0,220354,436,6,"__amd_rocclr_fillBufferUnAligned",436,9374188102389,9374188103789,0,0,8,0,128,256,1,1,7680,1,1
"KERNEL_DISPATCH","Agent 2",1,0,220354,437,6,"__amd_rocclr_fillBufferUnAligned",437,9374188107109,9374188108509,0,0,8,0,128,256,1,1,8192,1,1
"KERNEL_DISPATCH","Agent 2",1,0,220354,438,6,"__amd_rocclr_fillBufferUnAligned",438,9374188116109,9374188117909,0,0,8,0,128,256,1,1,1536,1,1
"KERNEL_DISPATCH","Agent 2",1,0,220354,439,6,"__amd_rocclr_fillBufferUnAligned",439,9374188138660,9374188141260,0,0,8,0,128,256,1,1,8192,1,1
"KERNEL_DISPATCH","Agent 2",1,0,220354,440,6,"__amd_rocclr_fillBufferUnAligned",440,9374188146100,9374188147780,0,0,8,0,128,256,1,1,7680,1,1
"KERNEL_DISPATCH","Agent 2",1,0,220354,441,6,"__amd_rocclr_fillBufferUnAligned",441,9374188162060,9374188163900,0,0,8,0,128,256,1,1,8192,1,1
"KERNEL_DISPATCH","Agent 2",1,0,220354,442,6,"__amd_rocclr_fillBufferUnAligned",442,9374188167260,9374188169140,0,0,8,0,128,256,1,1,1536,1,1
"KERNEL_DISPATCH","Agent 2",1,0,220354,443,6,"__amd_rocclr_fillBufferUnAligned",443,9374188196170,9374188198650,0,0,8,0,128,256,1,1,8192,1,1
"KERNEL_DISPATCH","Agent 2",1,0,220354,444,6,"__amd_rocclr_fillBufferUnAligned",444,9374188202250,9374188203690,0,0,8,0,128,256,1,1,7680,1,1
"KERNEL_DISPATCH","Agent 2",1,0,220354,445,6,"__amd_rocclr_fillBufferUnAligned",445,9374188207131,9374188208611,0,0,8,0,128,256,1,1,8192,1,1
"KERNEL_DISPATCH","Agent 2",1,0,220354,446,6,"__amd_rocclr_fillBufferUnAligned",446,9374188215891,9374188217491,0,0,8,0,128,256,1,1,1536,1,1
"KERNEL_DISPATCH","Agent 2",1,0,220354,447,6,"__amd_rocclr_fillBufferUnAligned",447,9374188234731,9374188237211,0,0,8,0,128,256,1,1,8192,1,1
"KERNEL_DISPATCH","Agent 2",1,0,220354,448,6,"__amd_rocclr_fillBufferUnAligned",448,9374188240731,9374188242131,0,0,8,0,128,256,1,1,7680,1,1
"KERNEL_DISPATCH","Agent 2",1,0,220354,449,6,"__amd_rocclr_fillBufferUnAligned",449,9374188245331,9374188247211,0,0,8,0,128,256,1,1,8192,1,1
"KERNEL_DISPATCH","Agent 2",1,0,220354,450,6,"__amd_rocclr_fillBufferUnAligned",450,9374188262451,9374188263851,0,0,8,0,128,256,1,1,1536,1,1
"KERNEL_DISPATCH","Agent 2",1,0,220354,451,6,"__amd_rocclr_fillBufferUnAligned",451,9374188295242,9374188297922,0,0,8,0,128,256,1,1,8192,1,1
"KERNEL_DISPATCH","Agent 2",1,0,220354,452,6,"__amd_rocclr_fillBufferUnAligned",452,9374188301562,9374188303042,0,0,8,0,128,256,1,1,7680,1,1
"KERNEL_DISPATCH","Agent 2",1,0,220354,453,6,"__amd_rocclr_fillBufferUnAligned",453,9374188306442,9374188308002,0,0,8,0,128,256,1,1,8192,1,1
"KERNEL_DISPATCH","Agent 2",1,0,220354,454,6,"__amd_rocclr_fillBufferUnAligned",454,9374188315322,9374188316922,0,0,8,0,128,256,1,1,1536,1,1
"KERNEL_DISPATCH","Agent 2",1,0,220354,455,6,"__amd_rocclr_fillBufferUnAligned",455,9374188334082,9374188336602,0,0,8,0,128,256,1,1,8192,1,1
"KERNEL_DISPATCH","Agent 2",1,0,220354,456,6,"__amd_rocclr_fillBufferUnAligned",456,9374188344762,9374188346602,0,0,8,0,128,256,1,1,7680,1,1
"KERNEL_DISPATCH","Agent 2",1,0,220354,457,6,"__amd_rocclr_fillBufferUnAligned",457,9374188360482,9374188362322,0,0,8,0,128,256,1,1,8192,1,1
"KERNEL_DISPATCH","Agent 2",1,0,220354,458,6,"__amd_rocclr_fillBufferUnAligned",458,9374188365922,9374188367603,0,0,8,0,128,256,1,1,1536,1,1
"KERNEL_DISPATCH","Agent 2",1,0,220354,459,6,"__amd_rocclr_fillBufferUnAligned",459,9374188411593,9374188413873,0,0,8,0,128,256,1,1,8192,1,1
"KERNEL_DISPATCH","Agent 2",1,0,220354,460,6,"__amd_rocclr_fillBufferUnAligned",460,9374188417233,9374188418473,0,0,8,0,128,256,1,1,7680,1,1
"KERNEL_DISPATCH","Agent 2",1,0,220354,461,6,"__amd_rocclr_fillBufferUnAligned",461,9374188421633,9374188423033,0,0,8,0,128,256,1,1,8192,1,1
"KERNEL_DISPATCH","Agent 2",1,0,220354,462,6,"__amd_rocclr_fillBufferUnAligned",462,9374188426473,9374188427993,0,0,8,0,128,256,1,1,1536,1,1
"KERNEL_DISPATCH","Agent 2",1,0,220354,463,6,"__amd_rocclr_fillBufferUnAligned",463,9374188455334,9374188457294,0,0,8,0,128,256,1,1,8192,1,1
"KERNEL_DISPATCH","Agent 2",1,0,220354,464,6,"__amd_rocclr_fillBufferUnAligned",464,9374188460814,9374188462694,0,0,8,0,128,256,1,1,7680,1,1
"KERNEL_DISPATCH","Agent 2",1,0,220354,466,6,"__amd_rocclr_fillBufferUnAligned",466,9374286208029,9374286209709,0,0,8,0,128,256,1,1,8192,1,1
"KERNEL_DISPATCH","Agent 2",1,0,220354,468,6,"__amd_rocclr_fillBufferUnAligned",468,9374286218789,9374286220349,0,0,8,0,128,256,1,1,8192,1,1
"KERNEL_DISPATCH","Agent 2",1,0,220354,467,6,"__amd_rocclr_fillBufferUnAligned",467,9374286213469,9374286215269,0,0,8,0,128,256,1,1,8192,1,1
"KERNEL_DISPATCH","Agent 2",1,0,220354,469,6,"__amd_rocclr_fillBufferUnAligned",469,9374286223829,9374286225589,0,0,8,0,128,256,1,1,8192,1,1
"KERNEL_DISPATCH","Agent 2",1,0,220354,508,6,"__amd_rocclr_fillBufferUnAligned",508,9374286435431,9374286437271,0,0,8,0,128,256,1,1,8192,1,1
"KERNEL_DISPATCH","Agent 2",1,0,220354,511,6,"__amd_rocclr_fillBufferUnAligned",511,9374286451032,9374286452552,0,0,8,0,128,256,1,1,8192,1,1
"KERNEL_DISPATCH","Agent 2",1,0,220354,512,6,"__amd_rocclr_fillBufferUnAligned",512,9374286456072,9374286457392,0,0,8,0,128,256,1,1,8192,1,1
"KERNEL_DISPATCH","Agent 2",1,0,220354,514,6,"__amd_rocclr_fillBufferUnAligned",514,9374286465632,9374286466952,0,0,8,0,128,256,1,1,1536,1,1
"KERNEL_DISPATCH","Agent 2",1,0,220354,553,6,"__amd_rocclr_fillBufferUnAligned",553,9374286647354,9374286648674,0,0,8,0,128,256,1,1,1536,1,1
"KERNEL_DISPATCH","Agent 2",1,0,220354,556,6,"__amd_rocclr_fillBufferUnAligned",556,9374286661434,9374286662674,0,0,8,0,128,256,1,1,1536,1,1
"KERNEL_DISPATCH","Agent 2",1,0,220354,557,6,"__amd_rocclr_fillBufferUnAligned",557,9374286666634,9374286667794,0,0,8,0,128,256,1,1,1536,1,1
"KERNEL_DISPATCH","Agent 2",1,0,220354,559,6,"__amd_rocclr_fillBufferUnAligned",559,9374286676315,9374286677555,0,0,8,0,128,256,1,1,1536,1,1
"KERNEL_DISPATCH","Agent 2",1,0,220354,596,6,"__amd_rocclr_fillBufferUnAligned",596,9374286845917,9374286847077,0,0,8,0,128,256,1,1,7680,1,1
"KERNEL_DISPATCH","Agent 2",1,0,220354,597,6,"__amd_rocclr_fillBufferUnAligned",597,9374286851357,9374286852597,0,0,8,0,128,256,1,1,7680,1,1
"KERNEL_DISPATCH","Agent 2",1,0,220354,598,6,"__amd_rocclr_fillBufferUnAligned",598,9374286856037,9374286857277,0,0,8,0,128,256,1,1,7680,1,1
"KERNEL_DISPATCH","Agent 2",1,0,220354,599,6,"__amd_rocclr_fillBufferUnAligned",599,9374286860757,9374286861957,0,0,8,0,128,256,1,1,7680,1,1
"KERNEL_DISPATCH","Agent 2",1,0,220354,636,6,"__amd_rocclr_fillBufferUnAligned",636,9374287066680,9374287069440,0,0,8,0,128,256,1,1,8192,1,1
"KERNEL_DISPATCH","Agent 2",1,0,220354,637,6,"__amd_rocclr_fillBufferUnAligned",637,9374287072720,9374287075360,0,0,8,0,128,256,1,1,8192,1,1
"KERNEL_DISPATCH","Agent 2",1,0,220354,638,6,"__amd_rocclr_fillBufferUnAligned",638,9374287078800,9374287081480,0,0,8,0,128,256,1,1,8192,1,1
"KERNEL_DISPATCH","Agent 2",1,0,220354,639,6,"__amd_rocclr_fillBufferUnAligned",639,9374287084800,9374287087520,0,0,8,0,128,256,1,1,8192,1,1
"KERNEL_DISPATCH","Agent 2",1,0,220354,686,6,"__amd_rocclr_fillBufferUnAligned",686,9374287353003,9374287355763,0,0,8,0,128,256,1,1,8192,1,1
"KERNEL_DISPATCH","Agent 2",1,0,220354,687,6,"__amd_rocclr_fillBufferUnAligned",687,9374287359083,9374287361364,0,0,8,0,128,256,1,1,8192,1,1
"KERNEL_DISPATCH","Agent 2",1,0,220354,688,6,"__amd_rocclr_fillBufferUnAligned",688,9374287364924,9374287366404,0,0,8,0,128,256,1,1,8192,1,1
"KERNEL_DISPATCH","Agent 2",1,0,220354,689,6,"__amd_rocclr_fillBufferUnAligned",689,9374287369684,9374287371204,0,0,8,0,128,256,1,1,8192,1,1
"KERNEL_DISPATCH","Agent 2",1,0,220354,751,6,"__amd_rocclr_fillBufferUnAligned",751,9374287674008,9374287675248,0,0,8,0,128,256,1,1,1536,1,1
"KERNEL_DISPATCH","Agent 2",1,0,220354,752,6,"__amd_rocclr_fillBufferUnAligned",752,9374287678568,9374287679848,0,0,8,0,128,256,1,1,1536,1,1
"KERNEL_DISPATCH","Agent 2",1,0,220354,753,6,"__amd_rocclr_fillBufferUnAligned",753,9374287683128,9374287684808,0,0,8,0,128,256,1,1,7680,1,1
"KERNEL_DISPATCH","Agent 2",1,0,220354,754,6,"__amd_rocclr_fillBufferUnAligned",754,9374287688088,9374287689528,0,0,8,0,128,256,1,1,7680,1,1
"KERNEL_DISPATCH","Agent 2",1,0,220354,826,6,"__amd_rocclr_fillBufferUnAligned",826,9374288063653,9374288066213,0,0,8,0,128,256,1,1,8192,1,1
"KERNEL_DISPATCH","Agent 2",1,0,220354,827,6,"__amd_rocclr_fillBufferUnAligned",827,9374288069453,9374288072053,0,0,8,0,128,256,1,1,8192,1,1
"KERNEL_DISPATCH","Agent 2",1,0,220354,828,6,"__amd_rocclr_fillBufferUnAligned",828,9374288075373,9374288077813,0,0,8,0,128,256,1,1,8192,1,1
"KERNEL_DISPATCH","Agent 2",1,0,220354,829,6,"__amd_rocclr_fillBufferUnAligned",829,9374288081093,9374288083653,0,0,8,0,128,256,1,1,8192,1,1
"KERNEL_DISPATCH","Agent 2",1,0,220354,844,6,"__amd_rocclr_fillBufferUnAligned",844,9374288375337,9374288377617,0,0,8,0,128,256,1,1,8192,1,1
"KERNEL_DISPATCH","Agent 2",1,0,220354,839,6,"__amd_rocclr_fillBufferUnAligned",839,9374288347056,9374288349377,0,0,8,0,128,256,1,1,8192,1,1
"KERNEL_DISPATCH","Agent 2",1,0,220354,834,6,"__amd_rocclr_fillBufferUnAligned",834,9374288126414,9374288128054,0,0,8,0,128,256,1,1,8192,1,1
"KERNEL_DISPATCH","Agent 2",1,0,220354,824,6,"__amd_rocclr_fillBufferUnAligned",824,9374288052013,9374288054573,0,0,8,0,128,256,1,1,8192,1,1
"KERNEL_DISPATCH","Agent 2",1,0,220354,819,6,"__amd_rocclr_fillBufferUnAligned",819,9374288023012,9374288025492,0,0,8,0,128,256,1,1,8192,1,1
"KERNEL_DISPATCH","Agent 2",1,0,220354,814,6,"__amd_rocclr_fillBufferUnAligned",814,9374287993692,9374287996252,0,0,8,0,128,256,1,1,8192,1,1
"KERNEL_DISPATCH","Agent 2",1,0,220354,846,6,"__amd_rocclr_fillBufferUnAligned",846,9374288386457,9374288388817,0,0,8,0,128,256,1,1,8192,1,1
"KERNEL_DISPATCH","Agent 2",1,0,220354,809,6,"__amd_rocclr_fillBufferUnAligned",809,9374287964651,9374287967131,0,0,8,0,128,256,1,1,8192,1,1
"KERNEL_DISPATCH","Agent 2",1,0,220354,847,6,"__amd_rocclr_fillBufferUnAligned",847,9374288392097,9374288394377,0,0,8,0,128,256,1,1,8192,1,1
"KERNEL_DISPATCH","Agent 2",1,0,220354,842,6,"__amd_rocclr_fillBufferUnAligned",842,9374288363817,9374288366057,0,0,8,0,128,256,1,1,8192,1,1
"KERNEL_DISPATCH","Agent 2",1,0,220354,804,6,"__amd_rocclr_fillBufferUnAligned",804,9374287936651,9374287938251,0,0,8,0,128,256,1,1,8192,1,1
"KERNEL_DISPATCH","Agent 2",1,0,220354,799,6,"__amd_rocclr_fillBufferUnAligned",799,9374287892891,9374287894011,0,0,8,0,128,256,1,1,7680,1,1
"KERNEL_DISPATCH","Agent 2",1,0,220354,794,6,"__amd_rocclr_fillBufferUnAligned",794,9374287870410,9374287871570,0,0,8,0,128,256,1,1,7680,1,1
"KERNEL_DISPATCH","Agent 2",1,0,220354,789,6,"__amd_rocclr_fillBufferUnAligned",789,9374287847810,9374287849050,0,0,8,0,128,256,1,1,7680,1,1
"KERNEL_DISPATCH","Agent 2",1,0,220354,784,6,"__amd_rocclr_fillBufferUnAligned",784,9374287825330,9374287826490,0,0,8,0,128,256,1,1,7680,1,1
"KERNEL_DISPATCH","Agent 2",1,0,220354,779,6,"__amd_rocclr_fillBufferUnAligned",779,9374287802769,9374287804049,0,0,8,0,128,256,1,1,7680,1,1
"KERNEL_DISPATCH","Agent 2",1,0,220354,774,6,"__amd_rocclr_fillBufferUnAligned",774,9374287780089,9374287781449,0,0,8,0,128,256,1,1,7680,1,1
"KERNEL_DISPATCH","Agent 2",1,0,220354,769,6,"__amd_rocclr_fillBufferUnAligned",769,9374287757209,9374287758489,0,0,8,0,128,256,1,1,7680,1,1
"KERNEL_DISPATCH","Agent 2",1,0,220354,764,6,"__amd_rocclr_fillBufferUnAligned",764,9374287734808,9374287735968,0,0,8,0,128,256,1,1,7680,1,1
"KERNEL_DISPATCH","Agent 2",1,0,220354,759,6,"__amd_rocclr_fillBufferUnAligned",759,9374287712128,9374287713408,0,0,8,0,128,256,1,1,7680,1,1
"KERNEL_DISPATCH","Agent 2",1,0,220354,749,6,"__amd_rocclr_fillBufferUnAligned",749,9374287665088,9374287666368,0,0,8,0,128,256,1,1,1536,1,1
"KERNEL_DISPATCH","Agent 2",1,0,220354,744,6,"__amd_rocclr_fillBufferUnAligned",744,9374287641847,9374287643087,0,0,8,0,128,256,1,1,1536,1,1
"KERNEL_DISPATCH","Agent 2",1,0,220354,739,6,"__amd_rocclr_fillBufferUnAligned",739,9374287618287,9374287619607,0,0,8,0,128,256,1,1,1536,1,1
"KERNEL_DISPATCH","Agent 2",1,0,220354,734,6,"__amd_rocclr_fillBufferUnAligned",734,9374287595327,9374287596687,0,0,8,0,128,256,1,1,1536,1,1
"KERNEL_DISPATCH","Agent 2",1,0,220354,729,6,"__amd_rocclr_fillBufferUnAligned",729,9374287572126,9374287573366,0,0,8,0,128,256,1,1,1536,1,1
"KERNEL_DISPATCH","Agent 2",1,0,220354,724,6,"__amd_rocclr_fillBufferUnAligned",724,9374287549006,9374287550246,0,0,8,0,128,256,1,1,1536,1,1
"KERNEL_DISPATCH","Agent 2",1,0,220354,719,6,"__amd_rocclr_fillBufferUnAligned",719,9374287525446,9374287526766,0,0,8,0,128,256,1,1,1536,1,1
"KERNEL_DISPATCH","Agent 2",1,0,220354,714,6,"__amd_rocclr_fillBufferUnAligned",714,9374287501885,9374287503165,0,0,8,0,128,256,1,1,1536,1,1
"KERNEL_DISPATCH","Agent 2",1,0,220354,709,6,"__amd_rocclr_fillBufferUnAligned",709,9374287478205,9374287479525,0,0,8,0,128,256,1,1,1536,1,1
"KERNEL_DISPATCH","Agent 2",1,0,220354,704,6,"__amd_rocclr_fillBufferUnAligned",704,9374287453765,9374287456445,0,0,8,0,128,256,1,1,8192,1,1
"KERNEL_DISPATCH","Agent 2",1,0,220354,699,6,"__amd_rocclr_fillBufferUnAligned",699,9374287423684,9374287426364,0,0,8,0,128,256,1,1,8192,1,1
"KERNEL_DISPATCH","Agent 2",1,0,220354,694,6,"__amd_rocclr_fillBufferUnAligned",694,9374287395244,9374287397644,0,0,8,0,128,256,1,1,8192,1,1
"KERNEL_DISPATCH","Agent 2",1,0,220354,684,6,"__amd_rocclr_fillBufferUnAligned",684,9374287342363,9374287344963,0,0,8,0,128,256,1,1,8192,1,1
"KERNEL_DISPATCH","Agent 2",1,0,220354,679,6,"__amd_rocclr_fillBufferUnAligned",679,9374287313123,9374287315763,0,0,8,0,128,256,1,1,8192,1,1
"KERNEL_DISPATCH","Agent 2",1,0,220354,674,6,"__amd_rocclr_fillBufferUnAligned",674,9374287286723,9374287288363,0,0,8,0,128,256,1,1,8192,1,1
"KERNEL_DISPATCH","Agent 2",1,0,220354,841,6,"__amd_rocclr_fillBufferUnAligned",841,9374288358217,9374288360457,0,0,8,0,128,256,1,1,8192,1,1
"KERNEL_DISPATCH","Agent 2",1,0,220354,669,6,"__amd_rocclr_fillBufferUnAligned",669,9374287259562,9374287261842,0,0,8,0,128,256,1,1,8192,1,1
"KERNEL_DISPATCH","Agent 2",1,0,220354,836,6,"__amd_rocclr_fillBufferUnAligned",836,9374288136494,9374288332496,0,0,8,0,128,256,1,1,8192,1,1
"KERNEL_DISPATCH","Agent 2",1,0,220354,848,6,"__amd_rocclr_fillBufferUnAligned",848,9374288397657,9374288399977,0,0,8,0,128,256,1,1,8192,1,1
"KERNEL_DISPATCH","Agent 2",1,0,220354,837,6,"__amd_rocclr_fillBufferUnAligned",837,9374288335856,9374288338096,0,0,8,0,128,256,1,1,8192,1,1
"KERNEL_DISPATCH","Agent 2",1,0,220354,843,6,"__amd_rocclr_fillBufferUnAligned",843,9374288369417,9374288372017,0,0,8,0,128,256,1,1,8192,1,1
"KERNEL_DISPATCH","Agent 2",1,0,220354,832,6,"__amd_rocclr_fillBufferUnAligned",832,9374288116613,9374288118253,0,0,8,0,128,256,1,1,8192,1,1
"KERNEL_DISPATCH","Agent 2",1,0,220354,838,6,"__amd_rocclr_fillBufferUnAligned",838,9374288341376,9374288343696,0,0,8,0,128,256,1,1,8192,1,1
"KERNEL_DISPATCH","Agent 2",1,0,220354,822,6,"__amd_rocclr_fillBufferUnAligned",822,9374288040292,9374288042892,0,0,8,0,128,256,1,1,8192,1,1
"KERNEL_DISPATCH","Agent 2",1,0,220354,833,6,"__amd_rocclr_fillBufferUnAligned",833,9374288121534,9374288123134,0,0,8,0,128,256,1,1,8192,1,1
"KERNEL_DISPATCH","Agent 2",1,0,220354,817,6,"__amd_rocclr_fillBufferUnAligned",817,9374288011252,9374288013892,0,0,8,0,128,256,1,1,8192,1,1
"KERNEL_DISPATCH","Agent 2",1,0,220354,823,6,"__amd_rocclr_fillBufferUnAligned",823,9374288046173,9374288048733,0,0,8,0,128,256,1,1,8192,1,1
"KERNEL_DISPATCH","Agent 2",1,0,220354,812,6,"__amd_rocclr_fillBufferUnAligned",812,9374287982132,9374287984572,0,0,8,0,128,256,1,1,8192,1,1
"KERNEL_DISPATCH","Agent 2",1,0,220354,818,6,"__amd_rocclr_fillBufferUnAligned",818,9374288017332,9374288019812,0,0,8,0,128,256,1,1,8192,1,1
"KERNEL_DISPATCH","Agent 2",1,0,220354,807,6,"__amd_rocclr_fillBufferUnAligned",807,9374287953171,9374287955651,0,0,8,0,128,256,1,1,8192,1,1
"KERNEL_DISPATCH","Agent 2",1,0,220354,813,6,"__amd_rocclr_fillBufferUnAligned",813,9374287987812,9374287990452,0,0,8,0,128,256,1,1,8192,1,1
"KERNEL_DISPATCH","Agent 2",1,0,220354,802,6,"__amd_rocclr_fillBufferUnAligned",802,9374287926771,9374287928411,0,0,8,0,128,256,1,1,8192,1,1
"KERNEL_DISPATCH","Agent 2",1,0,220354,808,6,"__amd_rocclr_fillBufferUnAligned",808,9374287959011,9374287961491,0,0,8,0,128,256,1,1,8192,1,1
"KERNEL_DISPATCH","Agent 2",1,0,220354,797,6,"__amd_rocclr_fillBufferUnAligned",797,9374287883810,9374287884970,0,0,8,0,128,256,1,1,7680,1,1
"KERNEL_DISPATCH","Agent 2",1,0,220354,803,6,"__amd_rocclr_fillBufferUnAligned",803,9374287931731,9374287933291,0,0,8,0,128,256,1,1,8192,1,1
"KERNEL_DISPATCH","Agent 2",1,0,220354,792,6,"__amd_rocclr_fillBufferUnAligned",792,9374287861450,9374287862690,0,0,8,0,128,256,1,1,7680,1,1
"KERNEL_DISPATCH","Agent 2",1,0,220354,798,6,"__amd_rocclr_fillBufferUnAligned",798,9374287888290,9374287889610,0,0,8,0,128,256,1,1,7680,1,1
"KERNEL_DISPATCH","Agent 2",1,0,220354,787,6,"__amd_rocclr_fillBufferUnAligned",787,9374287838810,9374287840010,0,0,8,0,128,256,1,1,7680,1,1
"KERNEL_DISPATCH","Agent 2",1,0,220354,793,6,"__amd_rocclr_fillBufferUnAligned",793,9374287865970,9374287867090,0,0,8,0,128,256,1,1,7680,1,1
"KERNEL_DISPATCH","Agent 2",1,0,220354,782,6,"__amd_rocclr_fillBufferUnAligned",782,9374287816370,9374287817490,0,0,8,0,128,256,1,1,7680,1,1
"KERNEL_DISPATCH","Agent 2",1,0,220354,788,6,"__amd_rocclr_fillBufferUnAligned",788,9374287843370,9374287844530,0,0,8,0,128,256,1,1,7680,1,1
"KERNEL_DISPATCH","Agent 2",1,0,220354,783,6,"__amd_rocclr_fillBufferUnAligned",783,9374287820770,9374287821970,0,0,8,0,128,256,1,1,7680,1,1
"KERNEL_DISPATCH","Agent 2",1,0,220354,778,6,"__amd_rocclr_fillBufferUnAligned",778,9374287798369,9374287799529,0,0,8,0,128,256,1,1,7680,1,1
"KERNEL_DISPATCH","Agent 2",1,0,220354,773,6,"__amd_rocclr_fillBufferUnAligned",773,9374287775609,9374287776809,0,0,8,0,128,256,1,1,7680,1,1
"KERNEL_DISPATCH","Agent 2",1,0,220354,768,6,"__amd_rocclr_fillBufferUnAligned",768,9374287752729,9374287753969,0,0,8,0,128,256,1,1,7680,1,1
"KERNEL_DISPATCH","Agent 2",1,0,220354,763,6,"__amd_rocclr_fillBufferUnAligned",763,9374287730288,9374287731528,0,0,8,0,128,256,1,1,7680,1,1
"KERNEL_DISPATCH","Agent 2",1,0,220354,758,6,"__amd_rocclr_fillBufferUnAligned",758,9374287707208,9374287708768,0,0,8,0,128,256,1,1,7680,1,1
"KERNEL_DISPATCH","Agent 2",1,0,220354,748,6,"__amd_rocclr_fillBufferUnAligned",748,9374287660247,9374287661527,0,0,8,0,128,256,1,1,1536,1,1
"KERNEL_DISPATCH","Agent 2",1,0,220354,743,6,"__amd_rocclr_fillBufferUnAligned",743,9374287637327,9374287638647,0,0,8,0,128,256,1,1,1536,1,1
"KERNEL_DISPATCH","Agent 2",1,0,220354,738,6,"__amd_rocclr_fillBufferUnAligned",738,9374287613767,9374287615007,0,0,8,0,128,256,1,1,1536,1,1
"KERNEL_DISPATCH","Agent 2",1,0,220354,733,6,"__amd_rocclr_fillBufferUnAligned",733,9374287590767,9374287592087,0,0,8,0,128,256,1,1,1536,1,1
"KERNEL_DISPATCH","Agent 2",1,0,220354,831,6,"__amd_rocclr_fillBufferUnAligned",831,9374288092733,9374288095213,0,0,8,0,128,256,1,1,8192,1,1
"KERNEL_DISPATCH","Agent 2",1,0,220354,728,6,"__amd_rocclr_fillBufferUnAligned",728,9374287567566,9374287568846,0,0,8,0,128,256,1,1,1536,1,1
"KERNEL_DISPATCH","Agent 2",1,0,220354,664,6,"__amd_rocclr_fillBufferUnAligned",664,9374287231922,9374287233802,0,0,8,0,128,256,1,1,8192,1,1
"KERNEL_DISPATCH","Agent 2",1,0,220354,821,6,"__amd_rocclr_fillBufferUnAligned",821,9374288034492,9374288037012,0,0,8,0,128,256,1,1,8192,1,1
"KERNEL_DISPATCH","Agent 2",1,0,220354,723,6,"__amd_rocclr_fillBufferUnAligned",723,9374287544326,9374287545606,0,0,8,0,128,256,1,1,1536,1,1
"KERNEL_DISPATCH","Agent 2",1,0,220354,659,6,"__amd_rocclr_fillBufferUnAligned",659,9374287204721,9374287206121,0,0,8,0,128,256,1,1,8192,1,1
"KERNEL_DISPATCH","Agent 2",1,0,220354,654,6,"__amd_rocclr_fillBufferUnAligned",654,9374287176041,9374287179281,0,0,8,0,128,256,1,1,8192,1,1
"KERNEL_DISPATCH","Agent 2",1,0,220354,816,6,"__amd_rocclr_fillBufferUnAligned",816,9374288005372,9374288007972,0,0,8,0,128,256,1,1,8192,1,1
"KERNEL_DISPATCH","Agent 2",1,0,220354,649,6,"__amd_rocclr_fillBufferUnAligned",649,9374287143801,9374287146161,0,0,8,0,128,256,1,1,8192,1,1
"KERNEL_DISPATCH","Agent 2",1,0,220354,718,6,"__amd_rocclr_fillBufferUnAligned",718,9374287520686,9374287522006,0,0,8,0,128,256,1,1,1536,1,1
"KERNEL_DISPATCH","Agent 2",1,0,220354,811,6,"__amd_rocclr_fillBufferUnAligned",811,9374287976332,9374287978932,0,0,8,0,128,256,1,1,8192,1,1
"KERNEL_DISPATCH","Agent 2",1,0,220354,644,6,"__amd_rocclr_fillBufferUnAligned",644,9374287114240,9374287116800,0,0,8,0,128,256,1,1,8192,1,1
"KERNEL_DISPATCH","Agent 2",1,0,220354,806,6,"__amd_rocclr_fillBufferUnAligned",806,9374287947291,9374287949931,0,0,8,0,128,256,1,1,8192,1,1
"KERNEL_DISPATCH","Agent 2",1,0,220354,634,6,"__amd_rocclr_fillBufferUnAligned",634,9374287054719,9374287057360,0,0,8,0,128,256,1,1,8192,1,1
"KERNEL_DISPATCH","Agent 2",1,0,220354,629,6,"__amd_rocclr_fillBufferUnAligned",629,9374287025519,9374287027919,0,0,8,0,128,256,1,1,8192,1,1
"KERNEL_DISPATCH","Agent 2",1,0,220354,624,6,"__amd_rocclr_fillBufferUnAligned",624,9374286994559,9374286997159,0,0,8,0,128,256,1,1,8192,1,1
"KERNEL_DISPATCH","Agent 2",1,0,220354,801,6,"__amd_rocclr_fillBufferUnAligned",801,9374287922011,9374287923531,0,0,8,0,128,256,1,1,8192,1,1
"KERNEL_DISPATCH","Agent 2",1,0,220354,796,6,"__amd_rocclr_fillBufferUnAligned",796,9374287879370,9374287880530,0,0,8,0,128,256,1,1,7680,1,1
"KERNEL_DISPATCH","Agent 2",1,0,220354,791,6,"__amd_rocclr_fillBufferUnAligned",791,9374287857010,9374287858170,0,0,8,0,128,256,1,1,7680,1,1
"KERNEL_DISPATCH","Agent 2",1,0,220354,786,6,"__amd_rocclr_fillBufferUnAligned",786,9374287834410,9374287835570,0,0,8,0,128,256,1,1,7680,1,1
"KERNEL_DISPATCH","Agent 2",1,0,220354,781,6,"__amd_rocclr_fillBufferUnAligned",781,9374287811969,9374287813169,0,0,8,0,128,256,1,1,7680,1,1
"KERNEL_DISPATCH","Agent 2",1,0,220354,776,6,"__amd_rocclr_fillBufferUnAligned",776,9374287789169,9374287790449,0,0,8,0,128,256,1,1,7680,1,1
"KERNEL_DISPATCH","Agent 2",1,0,220354,777,6,"__amd_rocclr_fillBufferUnAligned",777,9374287793889,9374287795129,0,0,8,0,128,256,1,1,7680,1,1
"KERNEL_DISPATCH","Agent 2",1,0,220354,771,6,"__amd_rocclr_fillBufferUnAligned",771,9374287766409,9374287767569,0,0,8,0,128,256,1,1,7680,1,1
"KERNEL_DISPATCH","Agent 2",1,0,220354,772,6,"__amd_rocclr_fillBufferUnAligned",772,9374287771129,9374287772249,0,0,8,0,128,256,1,1,7680,1,1
"KERNEL_DISPATCH","Agent 2",1,0,220354,766,6,"__amd_rocclr_fillBufferUnAligned",766,9374287743689,9374287744889,0,0,8,0,128,256,1,1,7680,1,1
"KERNEL_DISPATCH","Agent 2",1,0,220354,767,6,"__amd_rocclr_fillBufferUnAligned",767,9374287748329,9374287749529,0,0,8,0,128,256,1,1,7680,1,1
"KERNEL_DISPATCH","Agent 2",1,0,220354,761,6,"__amd_rocclr_fillBufferUnAligned",761,9374287721248,9374287722448,0,0,8,0,128,256,1,1,7680,1,1
"KERNEL_DISPATCH","Agent 2",1,0,220354,762,6,"__amd_rocclr_fillBufferUnAligned",762,9374287725808,9374287727008,0,0,8,0,128,256,1,1,7680,1,1
"KERNEL_DISPATCH","Agent 2",1,0,220354,756,6,"__amd_rocclr_fillBufferUnAligned",756,9374287697448,9374287699128,0,0,8,0,128,256,1,1,7680,1,1
"KERNEL_DISPATCH","Agent 2",1,0,220354,757,6,"__amd_rocclr_fillBufferUnAligned",757,9374287702488,9374287704008,0,0,8,0,128,256,1,1,7680,1,1
"KERNEL_DISPATCH","Agent 2",1,0,220354,746,6,"__amd_rocclr_fillBufferUnAligned",746,9374287650927,9374287652167,0,0,8,0,128,256,1,1,1536,1,1
"KERNEL_DISPATCH","Agent 2",1,0,220354,747,6,"__amd_rocclr_fillBufferUnAligned",747,9374287655567,9374287656927,0,0,8,0,128,256,1,1,1536,1,1
"KERNEL_DISPATCH","Agent 2",1,0,220354,741,6,"__amd_rocclr_fillBufferUnAligned",741,9374287628007,9374287629367,0,0,8,0,128,256,1,1,1536,1,1
"KERNEL_DISPATCH","Agent 2",1,0,220354,742,6,"__amd_rocclr_fillBufferUnAligned",742,9374287632647,9374287634047,0,0,8,0,128,256,1,1,1536,1,1
"KERNEL_DISPATCH","Agent 2",1,0,220354,737,6,"__amd_rocclr_fillBufferUnAligned",737,9374287609167,9374287610527,0,0,8,0,128,256,1,1,1536,1,1
"KERNEL_DISPATCH","Agent 2",1,0,220354,732,6,"__amd_rocclr_fillBufferUnAligned",732,9374287586046,9374287587326,0,0,8,0,128,256,1,1,1536,1,1
"KERNEL_DISPATCH","Agent 2",1,0,220354,727,6,"__amd_rocclr_fillBufferUnAligned",727,9374287563006,9374287564286,0,0,8,0,128,256,1,1,1536,1,1
"KERNEL_DISPATCH","Agent 2",1,0,220354,722,6,"__amd_rocclr_fillBufferUnAligned",722,9374287539726,9374287540966,0,0,8,0,128,256,1,1,1536,1,1
"KERNEL_DISPATCH","Agent 2",1,0,220354,717,6,"__amd_rocclr_fillBufferUnAligned",717,9374287516006,9374287517326,0,0,8,0,128,256,1,1,1536,1,1
"KERNEL_DISPATCH","Agent 2",1,0,220354,712,6,"__amd_rocclr_fillBufferUnAligned",712,9374287492685,9374287493965,0,0,8,0,128,256,1,1,1536,1,1
"KERNEL_DISPATCH","Agent 2",1,0,220354,707,6,"__amd_rocclr_fillBufferUnAligned",707,9374287468885,9374287470205,0,0,8,0,128,256,1,1,1536,1,1
"KERNEL_DISPATCH","Agent 2",1,0,220354,702,6,"__amd_rocclr_fillBufferUnAligned",702,9374287441645,9374287443725,0,0,8,0,128,256,1,1,8192,1,1
"KERNEL_DISPATCH","Agent 2",1,0,220354,697,6,"__amd_rocclr_fillBufferUnAligned",697,9374287412404,9374287414604,0,0,8,0,128,256,1,1,8192,1,1
"KERNEL_DISPATCH","Agent 2",1,0,220354,713,6,"__amd_rocclr_fillBufferUnAligned",713,9374287497245,9374287498565,0,0,8,0,128,256,1,1,1536,1,1
"KERNEL_DISPATCH","Agent 2",1,0,220354,692,6,"__amd_rocclr_fillBufferUnAligned",692,9374287385284,9374287386724,0,0,8,0,128,256,1,1,8192,1,1
"KERNEL_DISPATCH","Agent 2",1,0,220354,708,6,"__amd_rocclr_fillBufferUnAligned",708,9374287473445,9374287474845,0,0,8,0,128,256,1,1,1536,1,1
"KERNEL_DISPATCH","Agent 2",1,0,220354,682,6,"__amd_rocclr_fillBufferUnAligned",682,9374287331043,9374287332763,0,0,8,0,128,256,1,1,8192,1,1
"KERNEL_DISPATCH","Agent 2",1,0,220354,703,6,"__amd_rocclr_fillBufferUnAligned",703,9374287447005,9374287449805,0,0,8,0,128,256,1,1,8192,1,1
"KERNEL_DISPATCH","Agent 2",1,0,220354,698,6,"__amd_rocclr_fillBufferUnAligned",698,9374287417844,9374287420324,0,0,8,0,128,256,1,1,8192,1,1
"KERNEL_DISPATCH","Agent 2",1,0,220354,693,6,"__amd_rocclr_fillBufferUnAligned",693,9374287390084,9374287391604,0,0,8,0,128,256,1,1,8192,1,1
"KERNEL_DISPATCH","Agent 2",1,0,220354,619,6,"__amd_rocclr_fillBufferUnAligned",619,9374286964438,9374286967038,0,0,8,0,128,256,1,1,8192,1,1
"KERNEL_DISPATCH","Agent 2",1,0,220354,614,6,"__amd_rocclr_fillBufferUnAligned",614,9374286934918,9374286937478,0,0,8,0,128,256,1,1,8192,1,1
"KERNEL_DISPATCH","Agent 2",1,0,220354,609,6,"__amd_rocclr_fillBufferUnAligned",609,9374286906158,9374286908598,0,0,8,0,128,256,1,1,8192,1,1
"KERNEL_DISPATCH","Agent 2",1,0,220354,604,6,"__amd_rocclr_fillBufferUnAligned",604,9374286883437,9374286884677,0,0,8,0,128,256,1,1,7680,1,1
"KERNEL_DISPATCH","Agent 2",1,0,220354,594,6,"__amd_rocclr_fillBufferUnAligned",594,9374286836517,9374286837677,0,0,8,0,128,256,1,1,7680,1,1
"KERNEL_DISPATCH","Agent 2",1,0,220354,589,6,"__amd_rocclr_fillBufferUnAligned",589,9374286813556,9374286814756,0,0,8,0,128,256,1,1,7680,1,1
"KERNEL_DISPATCH","Agent 2",1,0,220354,584,6,"__amd_rocclr_fillBufferUnAligned",584,9374286790236,9374286791396,0,0,8,0,128,256,1,1,7680,1,1
"KERNEL_DISPATCH","Agent 2",1,0,220354,579,6,"__amd_rocclr_fillBufferUnAligned",579,9374286767356,9374286768556,0,0,8,0,128,256,1,1,7680,1,1
"KERNEL_DISPATCH","Agent 2",1,0,220354,574,6,"__amd_rocclr_fillBufferUnAligned",574,9374286744835,9374286745995,0,0,8,0,128,256,1,1,7680,1,1
"KERNEL_DISPATCH","Agent 2",1,0,220354,736,6,"__amd_rocclr_fillBufferUnAligned",736,9374287604567,9374287605847,0,0,8,0,128,256,1,1,1536,1,1
"KERNEL_DISPATCH","Agent 2",1,0,220354,569,6,"__amd_rocclr_fillBufferUnAligned",569,9374286721715,9374286722915,0,0,8,0,128,256,1,1,7680,1,1
"KERNEL_DISPATCH","Agent 2",1,0,220354,564,6,"__amd_rocclr_fillBufferUnAligned",564,9374286698955,9374286700155,0,0,8,0,128,256,1,1,7680,1,1
"KERNEL_DISPATCH","Agent 2",1,0,220354,731,6,"__amd_rocclr_fillBufferUnAligned",731,9374287581206,9374287582566,0,0,8,0,128,256,1,1,1536,1,1
"KERNEL_DISPATCH","Agent 2",1,0,220354,554,6,"__amd_rocclr_fillBufferUnAligned",554,9374286652114,9374286653274,0,0,8,0,128,256,1,1,1536,1,1
"KERNEL_DISPATCH","Agent 2",1,0,220354,726,6,"__amd_rocclr_fillBufferUnAligned",726,9374287558326,9374287559726,0,0,8,0,128,256,1,1,1536,1,1
"KERNEL_DISPATCH","Agent 2",1,0,220354,549,6,"__amd_rocclr_fillBufferUnAligned",549,9374286628794,9374286629994,0,0,8,0,128,256,1,1,1536,1,1
"KERNEL_DISPATCH","Agent 2",1,0,220354,721,6,"__amd_rocclr_fillBufferUnAligned",721,9374287534766,9374287536086,0,0,8,0,128,256,1,1,1536,1,1
"KERNEL_DISPATCH","Agent 2",1,0,220354,544,6,"__amd_rocclr_fillBufferUnAligned",544,9374286605474,9374286606794,0,0,8,0,128,256,1,1,1536,1,1
"KERNEL_DISPATCH","Agent 2",1,0,220354,716,6,"__amd_rocclr_fillBufferUnAligned",716,9374287511485,9374287512726,0,0,8,0,128,256,1,1,1536,1,1
"KERNEL_DISPATCH","Agent 2",1,0,220354,539,6,"__amd_rocclr_fillBufferUnAligned",539,9374286582873,9374286584193,0,0,8,0,128,256,1,1,1536,1,1
"KERNEL_DISPATCH","Agent 2",1,0,220354,711,6,"__amd_rocclr_fillBufferUnAligned",711,9374287487965,9374287489325,0,0,8,0,128,256,1,1,1536,1,1
"KERNEL_DISPATCH","Agent 2",1,0,220354,534,6,"__amd_rocclr_fillBufferUnAligned",534,9374286559673,9374286560873,0,0,8,0,128,256,1,1,1536,1,1
"KERNEL_DISPATCH","Agent 2",1,0,220354,706,6,"__amd_rocclr_fillBufferUnAligned",706,9374287464365,9374287465645,0,0,8,0,128,256,1,1,1536,1,1
"KERNEL_DISPATCH","Agent 2",1,0,220354,529,6,"__amd_rocclr_fillBufferUnAligned",529,9374286536753,9374286537993,0,0,8,0,128,256,1,1,1536,1,1
"KERNEL_DISPATCH","Agent 2",1,0,220354,701,6,"__amd_rocclr_fillBufferUnAligned",701,9374287435524,9374287438325,0,0,8,0,128,256,1,1,8192,1,1
"KERNEL_DISPATCH","Agent 2",1,0,220354,524,6,"__amd_rocclr_fillBufferUnAligned",524,9374286512352,9374286513512,0,0,8,0,128,256,1,1,1536,1,1
"KERNEL_DISPATCH","Agent 2",1,0,220354,677,6,"__amd_rocclr_fillBufferUnAligned",677,9374287302163,9374287304243,0,0,8,0,128,256,1,1,8192,1,1
"KERNEL_DISPATCH","Agent 2",1,0,220354,696,6,"__amd_rocclr_fillBufferUnAligned",696,9374287406404,9374287409004,0,0,8,0,128,256,1,1,8192,1,1
"KERNEL_DISPATCH","Agent 2",1,0,220354,691,6,"__amd_rocclr_fillBufferUnAligned",691,9374287380364,9374287382084,0,0,8,0,128,256,1,1,8192,1,1
"KERNEL_DISPATCH","Agent 2",1,0,220354,683,6,"__amd_rocclr_fillBufferUnAligned",683,9374287336163,9374287339003,0,0,8,0,128,256,1,1,8192,1,1
"KERNEL_DISPATCH","Agent 2",1,0,220354,681,6,"__amd_rocclr_fillBufferUnAligned",681,9374287325003,9374287327723,0,0,8,0,128,256,1,1,8192,1,1
"KERNEL_DISPATCH","Agent 2",1,0,220354,678,6,"__amd_rocclr_fillBufferUnAligned",678,9374287307483,9374287309763,0,0,8,0,128,256,1,1,8192,1,1
"KERNEL_DISPATCH","Agent 2",1,0,220354,676,6,"__amd_rocclr_fillBufferUnAligned",676,9374287297083,9374287298883,0,0,8,0,128,256,1,1,8192,1,1
"KERNEL_DISPATCH","Agent 2",1,0,220354,673,6,"__amd_rocclr_fillBufferUnAligned",673,9374287280962,9374287283282,0,0,8,0,128,256,1,1,8192,1,1
"KERNEL_DISPATCH","Agent 2",1,0,220354,671,6,"__amd_rocclr_fillBufferUnAligned",671,9374287269842,9374287272402,0,0,8,0,128,256,1,1,8192,1,1
"KERNEL_DISPATCH","Agent 2",1,0,220354,668,6,"__amd_rocclr_fillBufferUnAligned",668,9374287253842,9374287256282,0,0,8,0,128,256,1,1,8192,1,1
"KERNEL_DISPATCH","Agent 2",1,0,220354,666,6,"__amd_rocclr_fillBufferUnAligned",666,9374287242762,9374287245322,0,0,8,0,128,256,1,1,8192,1,1
"KERNEL_DISPATCH","Agent 2",1,0,220354,663,6,"__amd_rocclr_fillBufferUnAligned",663,9374287226802,9374287228682,0,0,8,0,128,256,1,1,8192,1,1
"KERNEL_DISPATCH","Agent 2",1,0,220354,661,6,"__amd_rocclr_fillBufferUnAligned",661,9374287215762,9374287218322,0,0,8,0,128,256,1,1,8192,1,1
"KERNEL_DISPATCH","Agent 2",1,0,220354,658,6,"__amd_rocclr_fillBufferUnAligned",658,9374287199881,9374287201321,0,0,8,0,128,256,1,1,8192,1,1
"KERNEL_DISPATCH","Agent 2",1,0,220354,656,6,"__amd_rocclr_fillBufferUnAligned",656,9374287189361,9374287191761,0,0,8,0,128,256,1,1,8192,1,1
"KERNEL_DISPATCH","Agent 2",1,0,220354,653,6,"__amd_rocclr_fillBufferUnAligned",653,9374287168881,9374287172721,0,0,8,0,128,256,1,1,8192,1,1
"KERNEL_DISPATCH","Agent 2",1,0,220354,651,6,"__amd_rocclr_fillBufferUnAligned",651,9374287156041,9374287158561,0,0,8,0,128,256,1,1,8192,1,1
"KERNEL_DISPATCH","Agent 2",1,0,220354,648,6,"__amd_rocclr_fillBufferUnAligned",648,9374287137641,9374287140201,0,0,8,0,128,256,1,1,8192,1,1
"KERNEL_DISPATCH","Agent 2",1,0,220354,646,6,"__amd_rocclr_fillBufferUnAligned",646,9374287125960,9374287128480,0,0,8,0,128,256,1,1,8192,1,1
"KERNEL_DISPATCH","Agent 2",1,0,220354,643,6,"__amd_rocclr_fillBufferUnAligned",643,9374287108480,9374287110960,0,0,8,0,128,256,1,1,8192,1,1
"KERNEL_DISPATCH","Agent 2",1,0,220354,641,6,"__amd_rocclr_fillBufferUnAligned",641,9374287096600,9374287099320,0,0,8,0,128,256,1,1,8192,1,1
"KERNEL_DISPATCH","Agent 2",1,0,220354,633,6,"__amd_rocclr_fillBufferUnAligned",633,9374287048679,9374287051359,0,0,8,0,128,256,1,1,8192,1,1
"KERNEL_DISPATCH","Agent 2",1,0,220354,631,6,"__amd_rocclr_fillBufferUnAligned",631,9374287037319,9374287039639,0,0,8,0,128,256,1,1,8192,1,1
"KERNEL_DISPATCH","Agent 2",1,0,220354,628,6,"__amd_rocclr_fillBufferUnAligned",628,9374287018919,9374287021559,0,0,8,0,128,256,1,1,8192,1,1
"KERNEL_DISPATCH","Agent 2",1,0,220354,626,6,"__amd_rocclr_fillBufferUnAligned",626,9374287006639,9374287009079,0,0,8,0,128,256,1,1,8192,1,1
"KERNEL_DISPATCH","Agent 2",1,0,220354,621,6,"__amd_rocclr_fillBufferUnAligned",621,9374286976278,9374286978838,0,0,8,0,128,256,1,1,8192,1,1
"KERNEL_DISPATCH","Agent 2",1,0,220354,623,6,"__amd_rocclr_fillBufferUnAligned",623,9374286988199,9374286990919,0,0,8,0,128,256,1,1,8192,1,1
"KERNEL_DISPATCH","Agent 2",1,0,220354,616,6,"__amd_rocclr_fillBufferUnAligned",616,9374286946998,9374286949438,0,0,8,0,128,256,1,1,8192,1,1
"KERNEL_DISPATCH","Agent 2",1,0,220354,618,6,"__amd_rocclr_fillBufferUnAligned",618,9374286958478,9374286960998,0,0,8,0,128,256,1,1,8192,1,1
"KERNEL_DISPATCH","Agent 2",1,0,220354,611,6,"__amd_rocclr_fillBufferUnAligned",611,9374286917798,9374286920318,0,0,8,0,128,256,1,1,8192,1,1
"KERNEL_DISPATCH","Agent 2",1,0,220354,613,6,"__amd_rocclr_fillBufferUnAligned",613,9374286929078,9374286931518,0,0,8,0,128,256,1,1,8192,1,1
"KERNEL_DISPATCH","Agent 2",1,0,220354,606,6,"__amd_rocclr_fillBufferUnAligned",606,9374286892517,9374286893717,0,0,8,0,128,256,1,1,7680,1,1
"KERNEL_DISPATCH","Agent 2",1,0,220354,608,6,"__amd_rocclr_fillBufferUnAligned",608,9374286901597,9374286902797,0,0,8,0,128,256,1,1,7680,1,1
"KERNEL_DISPATCH","Agent 2",1,0,220354,601,6,"__amd_rocclr_fillBufferUnAligned",601,9374286869797,9374286870997,0,0,8,0,128,256,1,1,7680,1,1
"KERNEL_DISPATCH","Agent 2",1,0,220354,603,6,"__amd_rocclr_fillBufferUnAligned",603,9374286878757,9374286879997,0,0,8,0,128,256,1,1,7680,1,1
"KERNEL_DISPATCH","Agent 2",1,0,220354,591,6,"__amd_rocclr_fillBufferUnAligned",591,9374286822796,9374286823956,0,0,8,0,128,256,1,1,7680,1,1
"KERNEL_DISPATCH","Agent 2",1,0,220354,593,6,"__amd_rocclr_fillBufferUnAligned",593,9374286831837,9374286833117,0,0,8,0,128,256,1,1,7680,1,1
"KERNEL_DISPATCH","Agent 2",1,0,220354,586,6,"__amd_rocclr_fillBufferUnAligned",586,9374286799316,9374286800476,0,0,8,0,128,256,1,1,7680,1,1
"KERNEL_DISPATCH","Agent 2",1,0,220354,588,6,"__amd_rocclr_fillBufferUnAligned",588,9374286808876,9374286810276,0,0,8,0,128,256,1,1,7680,1,1
"KERNEL_DISPATCH","Agent 2",1,0,220354,581,6,"__amd_rocclr_fillBufferUnAligned",581,9374286776476,9374286777676,0,0,8,0,128,256,1,1,7680,1,1
"KERNEL_DISPATCH","Agent 2",1,0,220354,583,6,"__amd_rocclr_fillBufferUnAligned",583,9374286785716,9374286786876,0,0,8,0,128,256,1,1,7680,1,1
"KERNEL_DISPATCH","Agent 2",1,0,220354,578,6,"__amd_rocclr_fillBufferUnAligned",578,9374286762916,9374286764076,0,0,8,0,128,256,1,1,7680,1,1
"KERNEL_DISPATCH","Agent 2",1,0,220354,576,6,"__amd_rocclr_fillBufferUnAligned",576,9374286753836,9374286754996,0,0,8,0,128,256,1,1,7680,1,1
"KERNEL_DISPATCH","Agent 2",1,0,220354,573,6,"__amd_rocclr_fillBufferUnAligned",573,9374286740235,9374286741475,0,0,8,0,128,256,1,1,7680,1,1
"KERNEL_DISPATCH","Agent 2",1,0,220354,571,6,"__amd_rocclr_fillBufferUnAligned",571,9374286730915,9374286732315,0,0,8,0,128,256,1,1,7680,1,1
"KERNEL_DISPATCH","Agent 2",1,0,220354,568,6,"__amd_rocclr_fillBufferUnAligned",568,9374286717115,9374286718275,0,0,8,0,128,256,1,1,7680,1,1
"KERNEL_DISPATCH","Agent 2",1,0,220354,563,6,"__amd_rocclr_fillBufferUnAligned",563,9374286694435,9374286695675,0,0,8,0,128,256,1,1,7680,1,1
"KERNEL_DISPATCH","Agent 2",1,0,220354,558,6,"__amd_rocclr_fillBufferUnAligned",558,9374286671594,9374286672874,0,0,8,0,128,256,1,1,1536,1,1
"KERNEL_DISPATCH","Agent 2",1,0,220354,566,6,"__amd_rocclr_fillBufferUnAligned",566,9374286708035,9374286709315,0,0,8,0,128,256,1,1,7680,1,1
"KERNEL_DISPATCH","Agent 2",1,0,220354,561,6,"__amd_rocclr_fillBufferUnAligned",561,9374286685355,9374286686635,0,0,8,0,128,256,1,1,7680,1,1
"KERNEL_DISPATCH","Agent 2",1,0,220354,548,6,"__amd_rocclr_fillBufferUnAligned",548,9374286624274,9374286625514,0,0,8,0,128,256,1,1,1536,1,1
"KERNEL_DISPATCH","Agent 2",1,0,220354,551,6,"__amd_rocclr_fillBufferUnAligned",551,9374286637954,9374286639154,0,0,8,0,128,256,1,1,1536,1,1
"KERNEL_DISPATCH","Agent 2",1,0,220354,546,6,"__amd_rocclr_fillBufferUnAligned",546,9374286615154,9374286616474,0,0,8,0,128,256,1,1,1536,1,1
"KERNEL_DISPATCH","Agent 2",1,0,220354,541,6,"__amd_rocclr_fillBufferUnAligned",541,9374286591993,9374286593193,0,0,8,0,128,256,1,1,1536,1,1
"KERNEL_DISPATCH","Agent 2",1,0,220354,536,6,"__amd_rocclr_fillBufferUnAligned",536,9374286568793,9374286569993,0,0,8,0,128,256,1,1,1536,1,1
"KERNEL_DISPATCH","Agent 2",1,0,220354,531,6,"__amd_rocclr_fillBufferUnAligned",531,9374286545953,9374286547193,0,0,8,0,128,256,1,1,1536,1,1
"KERNEL_DISPATCH","Agent 2",1,0,220354,526,6,"__amd_rocclr_fillBufferUnAligned",526,9374286522232,9374286523352,0,0,8,0,128,256,1,1,1536,1,1
"KERNEL_DISPATCH","Agent 2",1,0,220354,521,6,"__amd_rocclr_fillBufferUnAligned",521,9374286498432,9374286499752,0,0,8,0,128,256,1,1,1536,1,1
"KERNEL_DISPATCH","Agent 2",1,0,220354,516,6,"__amd_rocclr_fillBufferUnAligned",516,9374286475152,9374286476352,0,0,8,0,128,256,1,1,1536,1,1
"KERNEL_DISPATCH","Agent 2",1,0,220354,506,6,"__amd_rocclr_fillBufferUnAligned",506,9374286423591,9374286426151,0,0,8,0,128,256,1,1,8192,1,1
"KERNEL_DISPATCH","Agent 2",1,0,220354,501,6,"__amd_rocclr_fillBufferUnAligned",501,9374286394511,9374286396791,0,0,8,0,128,256,1,1,8192,1,1
"KERNEL_DISPATCH","Agent 2",1,0,220354,496,6,"__amd_rocclr_fillBufferUnAligned",496,9374286363950,9374286366550,0,0,8,0,128,256,1,1,8192,1,1
"KERNEL_DISPATCH","Agent 2",1,0,220354,543,6,"__amd_rocclr_fillBufferUnAligned",543,9374286600954,9374286602114,0,0,8,0,128,256,1,1,1536,1,1
"KERNEL_DISPATCH","Agent 2",1,0,220354,491,6,"__amd_rocclr_fillBufferUnAligned",491,9374286335750,9374286337910,0,0,8,0,128,256,1,1,8192,1,1
"KERNEL_DISPATCH","Agent 2",1,0,220354,486,6,"__amd_rocclr_fillBufferUnAligned",486,9374286309670,9374286311110,0,0,8,0,128,256,1,1,8192,1,1
"KERNEL_DISPATCH","Agent 2",1,0,220354,481,6,"__amd_rocclr_fillBufferUnAligned",481,9374286283789,9374286285589,0,0,8,0,128,256,1,1,8192,1,1
"KERNEL_DISPATCH","Agent 2",1,0,220354,476,6,"__amd_rocclr_fillBufferUnAligned",476,9374286259149,9374286260629,0,0,8,0,128,256,1,1,8192,1,1
"KERNEL_DISPATCH","Agent 2",1,0,220354,471,6,"__amd_rocclr_fillBufferUnAligned",471,9374286233989,9374286235629,0,0,8,0,128,256,1,1,8192,1,1
"KERNEL_DISPATCH","Agent 2",1,0,220354,538,6,"__amd_rocclr_fillBufferUnAligned",538,9374286578193,9374286579473,0,0,8,0,128,256,1,1,1536,1,1
"KERNEL_DISPATCH","Agent 2",1,0,220354,472,6,"__amd_rocclr_fillBufferUnAligned",472,9374286239109,9374286240749,0,0,8,0,128,256,1,1,8192,1,1
"KERNEL_DISPATCH","Agent 2",1,0,220354,477,6,"__amd_rocclr_fillBufferUnAligned",477,9374286264189,9374286265789,0,0,8,0,128,256,1,1,8192,1,1
"KERNEL_DISPATCH","Agent 2",1,0,220354,482,6,"__amd_rocclr_fillBufferUnAligned",482,9374286289189,9374286290669,0,0,8,0,128,256,1,1,8192,1,1
"KERNEL_DISPATCH","Agent 2",1,0,220354,533,6,"__amd_rocclr_fillBufferUnAligned",533,9374286555193,9374286556353,0,0,8,0,128,256,1,1,1536,1,1
"KERNEL_DISPATCH","Agent 2",1,0,220354,487,6,"__amd_rocclr_fillBufferUnAligned",487,9374286314590,9374286316150,0,0,8,0,128,256,1,1,8192,1,1
"KERNEL_DISPATCH","Agent 2",1,0,220354,528,6,"__amd_rocclr_fillBufferUnAligned",528,9374286532233,9374286533353,0,0,8,0,128,256,1,1,1536,1,1
"KERNEL_DISPATCH","Agent 2",1,0,220354,523,6,"__amd_rocclr_fillBufferUnAligned",523,9374286507592,9374286508952,0,0,8,0,128,256,1,1,1536,1,1
"KERNEL_DISPATCH","Agent 2",1,0,220354,518,6,"__amd_rocclr_fillBufferUnAligned",518,9374286484632,9374286485992,0,0,8,0,128,256,1,1,1536,1,1
"KERNEL_DISPATCH","Agent 2",1,0,220354,513,6,"__amd_rocclr_fillBufferUnAligned",513,9374286460912,9374286462192,0,0,8,0,128,256,1,1,1536,1,1
"KERNEL_DISPATCH","Agent 2",1,0,220354,503,6,"__amd_rocclr_fillBufferUnAligned",503,9374286406151,9374286408431,0,0,8,0,128,256,1,1,8192,1,1
"KERNEL_DISPATCH","Agent 2",1,0,220354,498,6,"__amd_rocclr_fillBufferUnAligned",498,9374286376071,9374286378111,0,0,8,0,128,256,1,1,8192,1,1
"KERNEL_DISPATCH","Agent 2",1,0,220354,493,6,"__amd_rocclr_fillBufferUnAligned",493,9374286347470,9374286350150,0,0,8,0,128,256,1,1,8192,1,1
"KERNEL_DISPATCH","Agent 2",1,0,220354,488,6,"__amd_rocclr_fillBufferUnAligned",488,9374286319670,9374286321110,0,0,8,0,128,256,1,1,8192,1,1
"KERNEL_DISPATCH","Agent 2",1,0,220354,483,6,"__amd_rocclr_fillBufferUnAligned",483,9374286294309,9374286296029,0,0,8,0,128,256,1,1,8192,1,1
"KERNEL_DISPATCH","Agent 2",1,0,220354,478,6,"__amd_rocclr_fillBufferUnAligned",478,9374286269189,9374286270509,0,0,8,0,128,256,1,1,8192,1,1
"KERNEL_DISPATCH","Agent 2",1,0,220354,473,6,"__amd_rocclr_fillBufferUnAligned",473,9374286244149,9374286245869,0,0,8,0,128,256,1,1,8192,1,1
"KERNEL_DISPATCH","Agent 2",1,0,220354,474,6,"__amd_rocclr_fillBufferUnAligned",474,9374286249229,9374286250589,0,0,8,0,128,256,1,1,8192,1,1
"KERNEL_DISPATCH","Agent 2",1,0,220354,479,6,"__amd_rocclr_fillBufferUnAligned",479,9374286273949,9374286275509,0,0,8,0,128,256,1,1,8192,1,1
"KERNEL_DISPATCH","Agent 2",1,0,220354,484,6,"__amd_rocclr_fillBufferUnAligned",484,9374286299470,9374286300950,0,0,8,0,128,256,1,1,8192,1,1
"KERNEL_DISPATCH","Agent 2",1,0,220354,489,6,"__amd_rocclr_fillBufferUnAligned",489,9374286324550,9374286326190,0,0,8,0,128,256,1,1,8192,1,1
"KERNEL_DISPATCH","Agent 2",1,0,220354,494,6,"__amd_rocclr_fillBufferUnAligned",494,9374286353990,9374286355550,0,0,8,0,128,256,1,1,8192,1,1
"KERNEL_DISPATCH","Agent 2",1,0,220354,499,6,"__amd_rocclr_fillBufferUnAligned",499,9374286382231,9374286384951,0,0,8,0,128,256,1,1,8192,1,1
"KERNEL_DISPATCH","Agent 2",1,0,220354,504,6,"__amd_rocclr_fillBufferUnAligned",504,9374286411871,9374286414031,0,0,8,0,128,256,1,1,8192,1,1
"KERNEL_DISPATCH","Agent 2",1,0,220354,509,6,"__amd_rocclr_fillBufferUnAligned",509,9374286440711,9374286442671,0,0,8,0,128,256,1,1,8192,1,1
"KERNEL_DISPATCH","Agent 2",1,0,220354,465,6,"__amd_rocclr_fillBufferUnAligned",465,9374286201389,9374286203989,0,0,8,0,128,256,1,1,8192,1,1
"KERNEL_DISPATCH","Agent 2",1,0,220354,470,6,"__amd_rocclr_fillBufferUnAligned",470,9374286229029,9374286230549,0,0,8,0,128,256,1,1,8192,1,1
"KERNEL_DISPATCH","Agent 2",1,0,220354,475,6,"__amd_rocclr_fillBufferUnAligned",475,9374286253989,9374286255789,0,0,8,0,128,256,1,1,8192,1,1
"KERNEL_DISPATCH","Agent 2",1,0,220354,480,6,"__amd_rocclr_fillBufferUnAligned",480,9374286279029,9374286280429,0,0,8,0,128,256,1,1,8192,1,1
"KERNEL_DISPATCH","Agent 2",1,0,220354,485,6,"__amd_rocclr_fillBufferUnAligned",485,9374286304390,9374286306230,0,0,8,0,128,256,1,1,8192,1,1
"KERNEL_DISPATCH","Agent 2",1,0,220354,490,6,"__amd_rocclr_fillBufferUnAligned",490,9374286329590,9374286332230,0,0,8,0,128,256,1,1,8192,1,1
"KERNEL_DISPATCH","Agent 2",1,0,220354,495,6,"__amd_rocclr_fillBufferUnAligned",495,9374286359070,9374286360670,0,0,8,0,128,256,1,1,8192,1,1
"KERNEL_DISPATCH","Agent 2",1,0,220354,500,6,"__amd_rocclr_fillBufferUnAligned",500,9374286388431,9374286391031,0,0,8,0,128,256,1,1,8192,1,1
"KERNEL_DISPATCH","Agent 2",1,0,220354,505,6,"__amd_rocclr_fillBufferUnAligned",505,9374286417711,9374286420031,0,0,8,0,128,256,1,1,8192,1,1
"KERNEL_DISPATCH","Agent 2",1,0,220354,492,6,"__amd_rocclr_fillBufferUnAligned",492,9374286341390,9374286343950,0,0,8,0,128,256,1,1,8192,1,1
"KERNEL_DISPATCH","Agent 2",1,0,220354,510,6,"__amd_rocclr_fillBufferUnAligned",510,9374286446231,9374286447551,0,0,8,0,128,256,1,1,8192,1,1
"KERNEL_DISPATCH","Agent 2",1,0,220354,497,6,"__amd_rocclr_fillBufferUnAligned",497,9374286370030,9374286372711,0,0,8,0,128,256,1,1,8192,1,1
"KERNEL_DISPATCH","Agent 2",1,0,220354,515,6,"__amd_rocclr_fillBufferUnAligned",515,9374286470392,9374286471592,0,0,8,0,128,256,1,1,1536,1,1
"KERNEL_DISPATCH","Agent 2",1,0,220354,502,6,"__amd_rocclr_fillBufferUnAligned",502,9374286400311,9374286402791,0,0,8,0,128,256,1,1,8192,1,1
"KERNEL_DISPATCH","Agent 2",1,0,220354,520,6,"__amd_rocclr_fillBufferUnAligned",520,9374286493912,9374286495072,0,0,8,0,128,256,1,1,1536,1,1
"KERNEL_DISPATCH","Agent 2",1,0,220354,507,6,"__amd_rocclr_fillBufferUnAligned",507,9374286429511,9374286431991,0,0,8,0,128,256,1,1,8192,1,1
"KERNEL_DISPATCH","Agent 2",1,0,220354,525,6,"__amd_rocclr_fillBufferUnAligned",525,9374286516992,9374286518352,0,0,8,0,128,256,1,1,1536,1,1
"KERNEL_DISPATCH","Agent 2",1,0,220354,517,6,"__amd_rocclr_fillBufferUnAligned",517,9374286479912,9374286481272,0,0,8,0,128,256,1,1,1536,1,1
"KERNEL_DISPATCH","Agent 2",1,0,220354,530,6,"__amd_rocclr_fillBufferUnAligned",530,9374286541393,9374286542553,0,0,8,0,128,256,1,1,1536,1,1
"KERNEL_DISPATCH","Agent 2",1,0,220354,522,6,"__amd_rocclr_fillBufferUnAligned",522,9374286503072,9374286504232,0,0,8,0,128,256,1,1,1536,1,1
"KERNEL_DISPATCH","Agent 2",1,0,220354,527,6,"__amd_rocclr_fillBufferUnAligned",527,9374286527233,9374286528433,0,0,8,0,128,256,1,1,1536,1,1
"KERNEL_DISPATCH","Agent 2",1,0,220354,535,6,"__amd_rocclr_fillBufferUnAligned",535,9374286564273,9374286565473,0,0,8,0,128,256,1,1,1536,1,1
"KERNEL_DISPATCH","Agent 2",1,0,220354,532,6,"__amd_rocclr_fillBufferUnAligned",532,9374286550553,9374286551833,0,0,8,0,128,256,1,1,1536,1,1
"KERNEL_DISPATCH","Agent 2",1,0,220354,537,6,"__amd_rocclr_fillBufferUnAligned",537,9374286573793,9374286574953,0,0,8,0,128,256,1,1,1536,1,1
"KERNEL_DISPATCH","Agent 2",1,0,220354,542,6,"__amd_rocclr_fillBufferUnAligned",542,9374286596433,9374286597593,0,0,8,0,128,256,1,1,1536,1,1
"KERNEL_DISPATCH","Agent 2",1,0,220354,547,6,"__amd_rocclr_fillBufferUnAligned",547,9374286619794,9374286620994,0,0,8,0,128,256,1,1,1536,1,1
"KERNEL_DISPATCH","Agent 2",1,0,220354,552,6,"__amd_rocclr_fillBufferUnAligned",552,9374286642634,9374286643914,0,0,8,0,128,256,1,1,1536,1,1
"KERNEL_DISPATCH","Agent 2",1,0,220354,540,6,"__amd_rocclr_fillBufferUnAligned",540,9374286587553,9374286588753,0,0,8,0,128,256,1,1,1536,1,1
"KERNEL_DISPATCH","Agent 2",1,0,220354,545,6,"__amd_rocclr_fillBufferUnAligned",545,9374286610194,9374286611834,0,0,8,0,128,256,1,1,1536,1,1
"KERNEL_DISPATCH","Agent 2",1,0,220354,562,6,"__amd_rocclr_fillBufferUnAligned",562,9374286689955,9374286691155,0,0,8,0,128,256,1,1,7680,1,1
"KERNEL_DISPATCH","Agent 2",1,0,220354,550,6,"__amd_rocclr_fillBufferUnAligned",550,9374286633314,9374286634554,0,0,8,0,128,256,1,1,1536,1,1
"KERNEL_DISPATCH","Agent 2",1,0,220354,567,6,"__amd_rocclr_fillBufferUnAligned",567,9374286712555,9374286713715,0,0,8,0,128,256,1,1,7680,1,1
"KERNEL_DISPATCH","Agent 2",1,0,220354,572,6,"__amd_rocclr_fillBufferUnAligned",572,9374286735675,9374286736875,0,0,8,0,128,256,1,1,7680,1,1
"KERNEL_DISPATCH","Agent 2",1,0,220354,555,6,"__amd_rocclr_fillBufferUnAligned",555,9374286656714,9374286657954,0,0,8,0,128,256,1,1,1536,1,1
"KERNEL_DISPATCH","Agent 2",1,0,220354,560,6,"__amd_rocclr_fillBufferUnAligned",560,9374286680915,9374286682075,0,0,8,0,128,256,1,1,1536,1,1
"KERNEL_DISPATCH","Agent 2",1,0,220354,565,6,"__amd_rocclr_fillBufferUnAligned",565,9374286703595,9374286704795,0,0,8,0,128,256,1,1,7680,1,1
"KERNEL_DISPATCH","Agent 2",1,0,220354,577,6,"__amd_rocclr_fillBufferUnAligned",577,9374286758276,9374286759596,0,0,8,0,128,256,1,1,7680,1,1
"KERNEL_DISPATCH","Agent 2",1,0,220354,570,6,"__amd_rocclr_fillBufferUnAligned",570,9374286726355,9374286727595,0,0,8,0,128,256,1,1,7680,1,1
"KERNEL_DISPATCH","Agent 2",1,0,220354,582,6,"__amd_rocclr_fillBufferUnAligned",582,9374286781116,9374286782356,0,0,8,0,128,256,1,1,7680,1,1
"KERNEL_DISPATCH","Agent 2",1,0,220354,575,6,"__amd_rocclr_fillBufferUnAligned",575,9374286749315,9374286750515,0,0,8,0,128,256,1,1,7680,1,1
"KERNEL_DISPATCH","Agent 2",1,0,220354,587,6,"__amd_rocclr_fillBufferUnAligned",587,9374286803836,9374286805436,0,0,8,0,128,256,1,1,7680,1,1
"KERNEL_DISPATCH","Agent 2",1,0,220354,580,6,"__amd_rocclr_fillBufferUnAligned",580,9374286771956,9374286773156,0,0,8,0,128,256,1,1,7680,1,1
"KERNEL_DISPATCH","Agent 2",1,0,220354,592,6,"__amd_rocclr_fillBufferUnAligned",592,9374286827276,9374286828477,0,0,8,0,128,256,1,1,7680,1,1
"KERNEL_DISPATCH","Agent 2",1,0,220354,585,6,"__amd_rocclr_fillBufferUnAligned",585,9374286794756,9374286795956,0,0,8,0,128,256,1,1,7680,1,1
"KERNEL_DISPATCH","Agent 2",1,0,220354,602,6,"__amd_rocclr_fillBufferUnAligned",602,9374286874317,9374286875477,0,0,8,0,128,256,1,1,7680,1,1
"KERNEL_DISPATCH","Agent 2",1,0,220354,590,6,"__amd_rocclr_fillBufferUnAligned",590,9374286818156,9374286819356,0,0,8,0,128,256,1,1,7680,1,1
"KERNEL_DISPATCH","Agent 2",1,0,220354,607,6,"__amd_rocclr_fillBufferUnAligned",607,9374286897037,9374286898237,0,0,8,0,128,256,1,1,7680,1,1
"KERNEL_DISPATCH","Agent 2",1,0,220354,595,6,"__amd_rocclr_fillBufferUnAligned",595,9374286841077,9374286842437,0,0,8,0,128,256,1,1,7680,1,1
"KERNEL_DISPATCH","Agent 2",1,0,220354,612,6,"__amd_rocclr_fillBufferUnAligned",612,9374286923598,9374286925158,0,0,8,0,128,256,1,1,8192,1,1
"KERNEL_DISPATCH","Agent 2",1,0,220354,600,6,"__amd_rocclr_fillBufferUnAligned",600,9374286865357,9374286866517,0,0,8,0,128,256,1,1,7680,1,1
"KERNEL_DISPATCH","Agent 2",1,0,220354,605,6,"__amd_rocclr_fillBufferUnAligned",605,9374286887997,9374286889157,0,0,8,0,128,256,1,1,7680,1,1
"KERNEL_DISPATCH","Agent 2",1,0,220354,617,6,"__amd_rocclr_fillBufferUnAligned",617,9374286952718,9374286955198,0,0,8,0,128,256,1,1,8192,1,1
"KERNEL_DISPATCH","Agent 2",1,0,220354,610,6,"__amd_rocclr_fillBufferUnAligned",610,9374286912078,9374286914518,0,0,8,0,128,256,1,1,8192,1,1
"KERNEL_DISPATCH","Agent 2",1,0,220354,622,6,"__amd_rocclr_fillBufferUnAligned",622,9374286982239,9374286984839,0,0,8,0,128,256,1,1,8192,1,1
"KERNEL_DISPATCH","Agent 2",1,0,220354,615,6,"__amd_rocclr_fillBufferUnAligned",615,9374286940798,9374286943198,0,0,8,0,128,256,1,1,8192,1,1
"KERNEL_DISPATCH","Agent 2",1,0,220354,627,6,"__amd_rocclr_fillBufferUnAligned",627,9374287012919,9374287015599,0,0,8,0,128,256,1,1,8192,1,1
"KERNEL_DISPATCH","Agent 2",1,0,220354,620,6,"__amd_rocclr_fillBufferUnAligned",620,9374286970398,9374286973038,0,0,8,0,128,256,1,1,8192,1,1
"KERNEL_DISPATCH","Agent 2",1,0,220354,632,6,"__amd_rocclr_fillBufferUnAligned",632,9374287042839,9374287045479,0,0,8,0,128,256,1,1,8192,1,1
"KERNEL_DISPATCH","Agent 2",1,0,220354,625,6,"__amd_rocclr_fillBufferUnAligned",625,9374287000599,9374287003359,0,0,8,0,128,256,1,1,8192,1,1
"KERNEL_DISPATCH","Agent 2",1,0,220354,630,6,"__amd_rocclr_fillBufferUnAligned",630,9374287031159,9374287034119,0,0,8,0,128,256,1,1,8192,1,1
"KERNEL_DISPATCH","Agent 2",1,0,220354,635,6,"__amd_rocclr_fillBufferUnAligned",635,9374287060840,9374287063520,0,0,8,0,128,256,1,1,8192,1,1
"KERNEL_DISPATCH","Agent 2",1,0,220354,640,6,"__amd_rocclr_fillBufferUnAligned",640,9374287090720,9374287093400,0,0,8,0,128,256,1,1,8192,1,1
"KERNEL_DISPATCH","Agent 2",1,0,220354,645,6,"__amd_rocclr_fillBufferUnAligned",645,9374287120160,9374287122800,0,0,8,0,128,256,1,1,8192,1,1
"KERNEL_DISPATCH","Agent 2",1,0,220354,642,6,"__amd_rocclr_fillBufferUnAligned",642,9374287102560,9374287105280,0,0,8,0,128,256,1,1,8192,1,1
"KERNEL_DISPATCH","Agent 2",1,0,220354,650,6,"__amd_rocclr_fillBufferUnAligned",650,9374287149441,9374287152081,0,0,8,0,128,256,1,1,8192,1,1
"KERNEL_DISPATCH","Agent 2",1,0,220354,647,6,"__amd_rocclr_fillBufferUnAligned",647,9374287131881,9374287134401,0,0,8,0,128,256,1,1,8192,1,1
"KERNEL_DISPATCH","Agent 2",1,0,220354,655,6,"__amd_rocclr_fillBufferUnAligned",655,9374287182601,9374287185481,0,0,8,0,128,256,1,1,8192,1,1
"KERNEL_DISPATCH","Agent 2",1,0,220354,652,6,"__amd_rocclr_fillBufferUnAligned",652,9374287161881,9374287165601,0,0,8,0,128,256,1,1,8192,1,1
"KERNEL_DISPATCH","Agent 2",1,0,220354,660,6,"__amd_rocclr_fillBufferUnAligned",660,9374287210002,9374287212482,0,0,8,0,128,256,1,1,8192,1,1
"KERNEL_DISPATCH","Agent 2",1,0,220354,657,6,"__amd_rocclr_fillBufferUnAligned",657,9374287195161,9374287196601,0,0,8,0,128,256,1,1,8192,1,1
"KERNEL_DISPATCH","Agent 2",1,0,220354,662,6,"__amd_rocclr_fillBufferUnAligned",662,9374287221642,9374287223482,0,0,8,0,128,256,1,1,8192,1,1
"KERNEL_DISPATCH","Agent 2",1,0,220354,667,6,"__amd_rocclr_fillBufferUnAligned",667,9374287248522,9374287250482,0,0,8,0,128,256,1,1,8192,1,1
"KERNEL_DISPATCH","Agent 2",1,0,220354,665,6,"__amd_rocclr_fillBufferUnAligned",665,9374287237122,9374287239282,0,0,8,0,128,256,1,1,8192,1,1
"KERNEL_DISPATCH","Agent 2",1,0,220354,670,6,"__amd_rocclr_fillBufferUnAligned",670,9374287265042,9374287266602,0,0,8,0,128,256,1,1,8192,1,1
"KERNEL_DISPATCH","Agent 2",1,0,220354,675,6,"__amd_rocclr_fillBufferUnAligned",675,9374287292003,9374287293883,0,0,8,0,128,256,1,1,8192,1,1
"KERNEL_DISPATCH","Agent 2",1,0,220354,680,6,"__amd_rocclr_fillBufferUnAligned",680,9374287319003,9374287321683,0,0,8,0,128,256,1,1,8192,1,1
"KERNEL_DISPATCH","Agent 2",1,0,220354,685,6,"__amd_rocclr_fillBufferUnAligned",685,9374287348243,9374287349883,0,0,8,0,128,256,1,1,8192,1,1
"KERNEL_DISPATCH","Agent 2",1,0,220354,690,6,"__amd_rocclr_fillBufferUnAligned",690,9374287374444,9374287377124,0,0,8,0,128,256,1,1,8192,1,1
"KERNEL_DISPATCH","Agent 2",1,0,220354,695,6,"__amd_rocclr_fillBufferUnAligned",695,9374287400964,9374287403044,0,0,8,0,128,256,1,1,8192,1,1
"KERNEL_DISPATCH","Agent 2",1,0,220354,700,6,"__amd_rocclr_fillBufferUnAligned",700,9374287429644,9374287432204,0,0,8,0,128,256,1,1,8192,1,1
"KERNEL_DISPATCH","Agent 2",1,0,220354,705,6,"__amd_rocclr_fillBufferUnAligned",705,9374287459685,9374287461005,0,0,8,0,128,256,1,1,1536,1,1
"KERNEL_DISPATCH","Agent 2",1,0,220354,710,6,"__amd_rocclr_fillBufferUnAligned",710,9374287483245,9374287484605,0,0,8,0,128,256,1,1,1536,1,1
"KERNEL_DISPATCH","Agent 2",1,0,220354,715,6,"__amd_rocclr_fillBufferUnAligned",715,9374287506365,9374287508125,0,0,8,0,128,256,1,1,1536,1,1
"KERNEL_DISPATCH","Agent 2",1,0,220354,720,6,"__amd_rocclr_fillBufferUnAligned",720,9374287530046,9374287531446,0,0,8,0,128,256,1,1,1536,1,1
"KERNEL_DISPATCH","Agent 2",1,0,220354,725,6,"__amd_rocclr_fillBufferUnAligned",725,9374287553566,9374287554966,0,0,8,0,128,256,1,1,1536,1,1
"KERNEL_DISPATCH","Agent 2",1,0,220354,730,6,"__amd_rocclr_fillBufferUnAligned",730,9374287576686,9374287577966,0,0,8,0,128,256,1,1,1536,1,1
"KERNEL_DISPATCH","Agent 2",1,0,220354,735,6,"__amd_rocclr_fillBufferUnAligned",735,9374287600047,9374287601287,0,0,8,0,128,256,1,1,1536,1,1
"KERNEL_DISPATCH","Agent 2",1,0,220354,740,6,"__amd_rocclr_fillBufferUnAligned",740,9374287622927,9374287624247,0,0,8,0,128,256,1,1,1536,1,1
"KERNEL_DISPATCH","Agent 2",1,0,220354,745,6,"__amd_rocclr_fillBufferUnAligned",745,9374287646447,9374287647687,0,0,8,0,128,256,1,1,1536,1,1
"KERNEL_DISPATCH","Agent 2",1,0,220354,750,6,"__amd_rocclr_fillBufferUnAligned",750,9374287669568,9374287670728,0,0,8,0,128,256,1,1,1536,1,1
"KERNEL_DISPATCH","Agent 2",1,0,220354,755,6,"__amd_rocclr_fillBufferUnAligned",755,9374287692768,9374287694248,0,0,8,0,128,256,1,1,7680,1,1
"KERNEL_DISPATCH","Agent 2",1,0,220354,760,6,"__amd_rocclr_fillBufferUnAligned",760,9374287716648,9374287717888,0,0,8,0,128,256,1,1,7680,1,1
"KERNEL_DISPATCH","Agent 2",1,0,220354,765,6,"__amd_rocclr_fillBufferUnAligned",765,9374287739208,9374287740409,0,0,8,0,128,256,1,1,7680,1,1
"KERNEL_DISPATCH","Agent 2",1,0,220354,770,6,"__amd_rocclr_fillBufferUnAligned",770,9374287761969,9374287763169,0,0,8,0,128,256,1,1,7680,1,1
"KERNEL_DISPATCH","Agent 2",1,0,220354,775,6,"__amd_rocclr_fillBufferUnAligned",775,9374287784769,9374287785889,0,0,8,0,128,256,1,1,7680,1,1
"KERNEL_DISPATCH","Agent 2",1,0,220354,780,6,"__amd_rocclr_fillBufferUnAligned",780,9374287807369,9374287808569,0,0,8,0,128,256,1,1,7680,1,1
"KERNEL_DISPATCH","Agent 2",1,0,220354,785,6,"__amd_rocclr_fillBufferUnAligned",785,9374287829890,9374287831130,0,0,8,0,128,256,1,1,7680,1,1
"KERNEL_DISPATCH","Agent 2",1,0,220354,790,6,"__amd_rocclr_fillBufferUnAligned",790,9374287852410,9374287853690,0,0,8,0,128,256,1,1,7680,1,1
"KERNEL_DISPATCH","Agent 2",1,0,220354,800,6,"__amd_rocclr_fillBufferUnAligned",800,9374287917131,9374287918651,0,0,8,0,128,256,1,1,7680,1,1
"KERNEL_DISPATCH","Agent 2",1,0,220354,805,6,"__amd_rocclr_fillBufferUnAligned",805,9374287941491,9374287943971,0,0,8,0,128,256,1,1,8192,1,1
"KERNEL_DISPATCH","Agent 2",1,0,220354,810,6,"__amd_rocclr_fillBufferUnAligned",810,9374287970452,9374287973052,0,0,8,0,128,256,1,1,8192,1,1
"KERNEL_DISPATCH","Agent 2",1,0,220354,815,6,"__amd_rocclr_fillBufferUnAligned",815,9374287999612,9374288002092,0,0,8,0,128,256,1,1,8192,1,1
"KERNEL_DISPATCH","Agent 2",1,0,220354,820,6,"__amd_rocclr_fillBufferUnAligned",820,9374288028732,9374288031252,0,0,8,0,128,256,1,1,8192,1,1
"KERNEL_DISPATCH","Agent 2",1,0,220354,825,6,"__amd_rocclr_fillBufferUnAligned",825,9374288057813,9374288060453,0,0,8,0,128,256,1,1,8192,1,1
"KERNEL_DISPATCH","Agent 2",1,0,220354,830,6,"__amd_rocclr_fillBufferUnAligned",830,9374288086933,9374288089493,0,0,8,0,128,256,1,1,8192,1,1
"KERNEL_DISPATCH","Agent 2",1,0,220354,835,6,"__amd_rocclr_fillBufferUnAligned",835,9374288131494,9374288133054,0,0,8,0,128,256,1,1,8192,1,1
"KERNEL_DISPATCH","Agent 2",1,0,220354,840,6,"__amd_rocclr_fillBufferUnAligned",840,9374288352697,9374288354937,0,0,8,0,128,256,1,1,8192,1,1
"KERNEL_DISPATCH","Agent 2",1,0,220354,845,6,"__amd_rocclr_fillBufferUnAligned",845,9374288380977,9374288383297,0,0,8,0,128,256,1,1,8192,1,1
"KERNEL_DISPATCH","Agent 2",1,0,220354,795,6,"__amd_rocclr_fillBufferUnAligned",795,9374287874850,9374287876090,0,0,8,0,128,256,1,1,7680,1,1
"KERNEL_DISPATCH","Agent 2",1,0,220354,849,19,"embedding_q8_batched",849,9374307013792,9374307344117,0,0,8,0,128,256,1,1,2097152,1,1
"KERNEL_DISPATCH","Agent 2",1,0,220354,850,8,"__amd_rocclr_copyBuffer",850,9374308387910,9374308392150,0,0,16,0,128,512,1,1,512,1,1
"KERNEL_DISPATCH","Agent 2",1,0,220354,851,8,"__amd_rocclr_copyBuffer",851,9374308415901,9374308418661,0,0,16,0,128,512,1,1,512,1,1
"KERNEL_DISPATCH","Agent 2",1,0,220354,852,23,"fused_rmsnorm_mq_rotate_awq_i4_gfx12",852,9374308812116,9374309336683,0,0,96,0,128,256,1,1,2097152,1,1
"KERNEL_DISPATCH","Agent 2",1,0,220354,853,24,"gemm_mq4g256v2_residual_mmq_iu4_full_set_symfold",853,9374309351603,9374312589286,0,0,184,0,128,256,1,1,20480,64,1
"KERNEL_DISPATCH","Agent 2",1,0,220354,854,24,"gemm_mq4g256v2_residual_mmq_iu4_full_set_symfold",854,9374312602806,9374314516911,0,0,184,0,128,256,1,1,12288,64,1
"KERNEL_DISPATCH","Agent 2",1,0,220354,855,24,"gemm_mq4g256v2_residual_mmq_iu4_full_set_symfold",855,9374314529711,9374314584352,0,0,184,0,128,256,1,1,256,64,1
"KERNEL_DISPATCH","Agent 2",1,0,220354,856,24,"gemm_mq4g256v2_residual_mmq_iu4_full_set_symfold",856,9374314587632,9374314640113,0,0,184,0,128,256,1,1,256,64,1
"KERNEL_DISPATCH","Agent 2",1,0,220354,886,21,"gdn_chunk_kkt_solve",886,9374317104945,9374317124305,11776,0,104,0,128,128,1,1,1024,16,1
"KERNEL_DISPATCH","Agent 2",1,0,220354,881,22,"gdn_chunk_scan",881,9374316795021,9374316879702,60928,0,192,0,128,512,1,1,512,48,1
"KERNEL_DISPATCH","Agent 2",1,0,220354,876,21,"gdn_chunk_kkt_solve",876,9374316549618,9374316569178,11776,0,104,0,128,128,1,1,1024,16,1
"KERNEL_DISPATCH","Agent 2",1,0,220354,871,22,"gdn_chunk_scan",871,9374316240254,9374316324535,60928,0,192,0,128,512,1,1,512,48,1
"KERNEL_DISPATCH","Agent 2",1,0,220354,866,21,"gdn_chunk_kkt_solve",866,9374315995650,9374316015491,11776,0,104,0,128,128,1,1,1024,16,1
"KERNEL_DISPATCH","Agent 2",1,0,220354,861,22,"gdn_chunk_scan",861,9374315686446,9374315771167,60928,0,192,0,128,512,1,1,512,48,1
"KERNEL_DISPATCH","Agent 2",1,0,220354,857,20,"gdn_chunk_prep",857,9374314643713,9374315544925,0,0,72,0,128,256,1,1,32768,10,1
"KERNEL_DISPATCH","Agent 2",1,0,220354,862,21,"gdn_chunk_kkt_solve",862,9374315774408,9374315793928,11776,0,104,0,128,128,1,1,1024,16,1
"KERNEL_DISPATCH","Agent 2",1,0,220354,867,22,"gdn_chunk_scan",867,9374316018851,9374316103332,60928,0,192,0,128,512,1,1,512,48,1
"KERNEL_DISPATCH","Agent 2",1,0,220354,872,21,"gdn_chunk_kkt_solve",872,9374316327815,9374316347655,11776,0,104,0,128,128,1,1,1024,16,1
"KERNEL_DISPATCH","Agent 2",1,0,220354,877,22,"gdn_chunk_scan",877,9374316572458,9374316657019,60928,0,192,0,128,512,1,1,512,48,1
"KERNEL_DISPATCH","Agent 2",1,0,220354,882,21,"gdn_chunk_kkt_solve",882,9374316882942,9374316902942,11776,0,104,0,128,128,1,1,1024,16,1
"KERNEL_DISPATCH","Agent 2",1,0,220354,858,21,"gdn_chunk_kkt_solve",858,9374315548725,9374315568645,11776,0,104,0,128,128,1,1,1024,16,1
"KERNEL_DISPATCH","Agent 2",1,0,220354,863,22,"gdn_chunk_scan",863,9374315797248,9374315881969,60928,0,192,0,128,512,1,1,512,48,1
"KERNEL_DISPATCH","Agent 2",1,0,220354,868,21,"gdn_chunk_kkt_solve",868,9374316106492,9374316126092,11776,0,104,0,128,128,1,1,1024,16,1
"KERNEL_DISPATCH","Agent 2",1,0,220354,873,22,"gdn_chunk_scan",873,9374316351055,9374316435576,60928,0,192,0,128,512,1,1,512,48,1
"KERNEL_DISPATCH","Agent 2",1,0,220354,878,21,"gdn_chunk_kkt_solve",878,9374316660299,9374316679979,11776,0,104,0,128,128,1,1,1024,16,1
"KERNEL_DISPATCH","Agent 2",1,0,220354,883,22,"gdn_chunk_scan",883,9374316906262,9374316990864,60928,0,192,0,128,512,1,1,512,48,1
"KERNEL_DISPATCH","Agent 2",1,0,220354,859,22,"gdn_chunk_scan",859,9374315572565,9374315660206,60928,0,192,0,128,512,1,1,512,48,1
"KERNEL_DISPATCH","Agent 2",1,0,220354,864,21,"gdn_chunk_kkt_solve",864,9374315885209,9374315904809,11776,0,104,0,128,128,1,1,1024,16,1
"KERNEL_DISPATCH","Agent 2",1,0,220354,869,22,"gdn_chunk_scan",869,9374316129332,9374316214013,60928,0,192,0,128,512,1,1,512,48,1
"KERNEL_DISPATCH","Agent 2",1,0,220354,874,21,"gdn_chunk_kkt_solve",874,9374316438856,9374316458257,11776,0,104,0,128,128,1,1,1024,16,1
"KERNEL_DISPATCH","Agent 2",1,0,220354,879,22,"gdn_chunk_scan",879,9374316683219,9374316768821,60928,0,192,0,128,512,1,1,512,48,1
"KERNEL_DISPATCH","Agent 2",1,0,220354,884,21,"gdn_chunk_kkt_solve",884,9374316994024,9374317013704,11776,0,104,0,128,128,1,1,1024,16,1
"KERNEL_DISPATCH","Agent 2",1,0,220354,860,21,"gdn_chunk_kkt_solve",860,9374315663366,9374315683126,11776,0,104,0,128,128,1,1,1024,16,1
"KERNEL_DISPATCH","Agent 2",1,0,220354,865,22,"gdn_chunk_scan",865,9374315908089,9374315992370,60928,0,192,0,128,512,1,1,512,48,1
"KERNEL_DISPATCH","Agent 2",1,0,220354,870,21,"gdn_chunk_kkt_solve",870,9374316217293,9374316236974,11776,0,104,0,128,128,1,1,1024,16,1
"KERNEL_DISPATCH","Agent 2",1,0,220354,875,22,"gdn_chunk_scan",875,9374316461657,9374316546498,60928,0,192,0,128,512,1,1,512,48,1
"KERNEL_DISPATCH","Agent 2",1,0,220354,880,21,"gdn_chunk_kkt_solve",880,9374316772021,9374316791781,11776,0,104,0,128,128,1,1,1024,16,1
"KERNEL_DISPATCH","Agent 2",1,0,220354,885,22,"gdn_chunk_scan",885,9374317016864,9374317101785,60928,0,192,0,128,512,1,1,512,48,1
"KERNEL_DISPATCH","Agent 2",1,0,220354,887,22,"gdn_chunk_scan",887,9374317127665,9374317212306,60928,0,192,0,128,512,1,1,512,48,1
"KERNEL_DISPATCH","Agent 2",1,0,220354,888,21,"gdn_chunk_kkt_solve",888,9374317215667,9374317235787,11776,0,104,0,128,128,1,1,1024,16,1
"KERNEL_DISPATCH","Agent 2",1,0,220354,889,22,"gdn_chunk_scan",889,9374317239107,9374317323748,60928,0,192,0,128,512,1,1,512,48,1
"KERNEL_DISPATCH","Agent 2",1,0,220354,890,28,"gated_norm_mq_rotate_awq_i4_gfx12",890,9374317845635,9374318716646,1024,0,40,0,128,64,1,1,1536,8192,1
"KERNEL_DISPATCH","Agent 2",1,0,220354,891,25,"gemm_mq4g256v2_residual_mmq_iu4_full_add_symfold",891,9374318730206,9374320674792,0,0,184,0,128,256,1,1,10240,64,1
"KERNEL_DISPATCH","Agent 2",1,0,220354,892,23,"fused_rmsnorm_mq_rotate_awq_i4_gfx12",892,9374320687392,9374321103238,0,0,96,0,128,256,1,1,2097152,1,1
"KERNEL_DISPATCH","Agent 2",1,0,220354,893,24,"gemm_mq4g256v2_residual_mmq_iu4_full_set_symfold",893,9374321106758,9374326314546,0,0,184,0,128,256,1,1,34816,64,1
"KERNEL_DISPATCH","Agent 2",1,0,220354,894,24,"gemm_mq4g256v2_residual_mmq_iu4_full_set_symfold",894,9374326326866,9374331703617,0,0,184,0,128,256,1,1,34816,64,1
"KERNEL_DISPATCH","Agent 2",1,0,220354,895,29,"fused_silu_mul_mq_rotate_awq_i4_gfx12",895,9374333515381,9374335627609,0,0,56,0,128,32,1,1,2176,8192,1
"KERNEL_DISPATCH","Agent 2",1,0,220354,896,25,"gemm_mq4g256v2_residual_mmq_iu4_full_add_symfold",896,9374335632649,9374341094601,0,0,184,0,128,256,1,1,10240,64,1
"KERNEL_DISPATCH","Agent 2",1,0,220354,897,23,"fused_rmsnorm_mq_rotate_awq_i4_gfx12",897,9374341099321,9374341539727,0,0,96,0,128,256,1,1,2097152,1,1
"KERNEL_DISPATCH","Agent 2",1,0,220354,898,24,"gemm_mq4g256v2_residual_mmq_iu4_full_set_symfold",898,9374341543847,9374344766969,0,0,184,0,128,256,1,1,20480,64,1
"KERNEL_DISPATCH","Agent 2",1,0,220354,992,32,"rmsnorm_f32",992,9374409811284,9374410026806,0,0,16,0,128,256,1,1,8388608,1,1
"KERNEL_DISPATCH","Agent 2",1,0,220354,2384,21,"gdn_chunk_kkt_solve",2384,9375714797206,9375714820126,11776,0,104,0,128,128,1,1,1024,16,1
"KERNEL_DISPATCH","Agent 2",1,0,220354,2516,43,"attention_fp8_e4m3_fa2_gqa_packet_gfx1201",2516,9375813267645,9375825520198,0,0,240,0,128,256,1,1,6144,4,16
"KERNEL_DISPATCH","Agent 2",1,0,220354,3098,21,"gdn_chunk_kkt_solve",3098,9376344563542,9376344586022,11776,0,104,0,128,128,1,1,1024,16,1
"KERNEL_DISPATCH","Agent 2",1,0,220354,3283,25,"gemm_mq4g256v2_residual_mmq_iu4_full_add_symfold",3283,9376546028276,9376551964190,0,0,184,0,128,256,1,1,10240,64,1
"KERNEL_DISPATCH","Agent 2",1,0,220354,3278,25,"gemm_mq4g256v2_residual_mmq_iu4_full_add_symfold",3278,9376530109197,9376532144982,0,0,184,0,128,256,1,1,10240,64,1
"KERNEL_DISPATCH","Agent 2",1,0,220354,3273,33,"rope_partial_halfsplit_batched_f32",3273,9376516473946,9376516838591,0,0,16,0,128,32,1,1,32,8192,1
"KERNEL_DISPATCH","Agent 2",1,0,220354,3284,8,"__amd_rocclr_copyBuffer",3284,9376551976950,9376551979150,0,0,16,0,128,512,1,1,1536,1,1
"KERNEL_DISPATCH","Agent 2",1,0,220354,3279,23,"fused_rmsnorm_mq_rotate_awq_i4_gfx12",3279,9376532157142,9376532595388,0,0,96,0,128,256,1,1,2097152,1,1
"KERNEL_DISPATCH","Agent 2",1,0,220354,3274,35,"kv_cache_write_fp8_e4m3_batched",3274,9376516842511,9376516907792,0,0,56,0,128,32,1,1,128,8192,1
"KERNEL_DISPATCH","Agent 2",1,0,220354,3269,24,"gemm_mq4g256v2_residual_mmq_iu4_full_set_symfold",3269,9376514112557,9376514467121,0,0,184,0,128,256,1,1,2048,64,1
"KERNEL_DISPATCH","Agent 2",1,0,220354,3264,24,"gemm_mq4g256v2_residual_mmq_iu4_full_set_symfold",3264,9376495375802,9376501319556,0,0,184,0,128,256,1,1,34816,64,1
"KERNEL_DISPATCH","Agent 2",1,0,220354,3259,22,"gdn_chunk_scan",3259,9376485843323,9376485941964,60928,0,192,0,128,512,1,1,512,48,1
"KERNEL_DISPATCH","Agent 2",1,0,220354,3254,21,"gdn_chunk_kkt_solve",3254,9376485561279,9376485583680,11776,0,104,0,128,128,1,1,1024,16,1
"KERNEL_DISPATCH","Agent 2",1,0,220354,3249,22,"gdn_chunk_scan",3249,9376485203355,9376485301756,60928,0,192,0,128,512,1,1,512,48,1
"KERNEL_DISPATCH","Agent 2",1,0,220354,3244,21,"gdn_chunk_kkt_solve",3244,9376484920711,9376484943272,11776,0,104,0,128,128,1,1,1024,16,1
"KERNEL_DISPATCH","Agent 2",1,0,220354,3268,24,"gemm_mq4g256v2_residual_mmq_iu4_full_set_symfold",3268,9376509952665,9376514100356,0,0,184,0,128,256,1,1,24576,64,1
"KERNEL_DISPATCH","Agent 2",1,0,220354,3239,22,"gdn_chunk_scan",3239,9376484560187,9376484659748,60928,0,192,0,128,512,1,1,512,48,1
"KERNEL_DISPATCH","Agent 2",1,0,220354,3263,24,"gemm_mq4g256v2_residual_mmq_iu4_full_set_symfold",3263,9376489583730,9376495363602,0,0,184,0,128,256,1,1,34816,64,1
"KERNEL_DISPATCH","Agent 2",1,0,220354,3286,47,"mq_rotate_x",3286,9376552001510,9376552003910,0,0,32,0,128,32,1,1,640,1,1
"KERNEL_DISPATCH","Agent 2",1,0,220354,3281,24,"gemm_mq4g256v2_residual_mmq_iu4_full_set_symfold",3281,9376538226938,9376543892209,0,0,184,0,128,256,1,1,34816,64,1
"KERNEL_DISPATCH","Agent 2",1,0,220354,3276,43,"attention_fp8_e4m3_fa2_gqa_packet_gfx1201",3276,9376517004633,9376529353227,0,0,240,0,128,256,1,1,6144,4,16
"KERNEL_DISPATCH","Agent 2",1,0,220354,3271,30,"deinterleave_q_rmsnorm_f32_batched",3271,9376514827886,9376516230503,0,0,24,0,128,256,1,1,6144,8192,1
"KERNEL_DISPATCH","Agent 2",1,0,220354,3266,25,"gemm_mq4g256v2_residual_mmq_iu4_full_add_symfold",3266,9376503452063,9376509466578,0,0,184,0,128,256,1,1,10240,64,1
"KERNEL_DISPATCH","Agent 2",1,0,220354,3261,25,"gemm_mq4g256v2_residual_mmq_iu4_full_add_symfold",3261,9376486945457,9376489107124,0,0,184,0,128,256,1,1,10240,64,1
"KERNEL_DISPATCH","Agent 2",1,0,220354,3256,21,"gdn_chunk_kkt_solve",3256,9376485688921,9376485711601,11776,0,104,0,128,128,1,1,1024,16,1
"KERNEL_DISPATCH","Agent 2",1,0,220354,3251,22,"gdn_chunk_scan",3251,9376485331476,9376485429798,60928,0,192,0,128,512,1,1,512,48,1
"KERNEL_DISPATCH","Agent 2",1,0,220354,3246,21,"gdn_chunk_kkt_solve",3246,9376485049393,9376485072033,11776,0,104,0,128,128,1,1,1024,16,1
"KERNEL_DISPATCH","Agent 2",1,0,220354,3241,22,"gdn_chunk_scan",3241,9376484689308,9376484788550,60928,0,192,0,128,512,1,1,512,48,1
"KERNEL_DISPATCH","Agent 2",1,0,220354,3236,21,"gdn_chunk_kkt_solve",3236,9376484405385,9376484428305,11776,0,104,0,128,128,1,1,1024,16,1
"KERNEL_DISPATCH","Agent 2",1,0,220354,3231,22,"gdn_chunk_scan",3231,9376484045540,9376484144462,60928,0,192,0,128,512,1,1,512,48,1
"KERNEL_DISPATCH","Agent 2",1,0,220354,3226,24,"gemm_mq4g256v2_residual_mmq_iu4_full_set_symfold",3226,9376482918486,9376482977767,0,0,184,0,128,256,1,1,256,64,1
"KERNEL_DISPATCH","Agent 2",1,0,220354,3221,25,"gemm_mq4g256v2_residual_mmq_iu4_full_add_symfold",3221,9376470751734,9376476785329,0,0,184,0,128,256,1,1,10240,64,1
"KERNEL_DISPATCH","Agent 2",1,0,220354,3216,25,"gemm_mq4g256v2_residual_mmq_iu4_full_add_symfold",3216,9376454295368,9376456467675,0,0,184,0,128,256,1,1,10240,64,1
"KERNEL_DISPATCH","Agent 2",1,0,220354,3211,21,"gdn_chunk_kkt_solve",3211,9376453041512,9376453064073,11776,0,104,0,128,128,1,1,1024,16,1
"KERNEL_DISPATCH","Agent 2",1,0,220354,3206,22,"gdn_chunk_scan",3206,9376452683948,9376452782629,60928,0,192,0,128,512,1,1,512,48,1
"KERNEL_DISPATCH","Agent 2",1,0,220354,3201,21,"gdn_chunk_kkt_solve",3201,9376452401264,9376452423665,11776,0,104,0,128,128,1,1,1024,16,1
"KERNEL_DISPATCH","Agent 2",1,0,220354,3196,22,"gdn_chunk_scan",3196,9376452043540,9376452142141,60928,0,192,0,128,512,1,1,512,48,1
"KERNEL_DISPATCH","Agent 2",1,0,220354,3191,21,"gdn_chunk_kkt_solve",3191,9376451756176,9376451779376,11776,0,104,0,128,128,1,1,1024,16,1
"KERNEL_DISPATCH","Agent 2",1,0,220354,3186,22,"gdn_chunk_scan",3186,9376451392052,9376451491573,60928,0,192,0,128,512,1,1,512,48,1
"KERNEL_DISPATCH","Agent 2",1,0,220354,3181,24,"gemm_mq4g256v2_residual_mmq_iu4_full_set_symfold",3181,9376450261837,9376450321118,0,0,184,0,128,256,1,1,256,64,1
"KERNEL_DISPATCH","Agent 2",1,0,220354,3176,25,"gemm_mq4g256v2_residual_mmq_iu4_full_add_symfold",3176,9376438045365,9376444113601,0,0,184,0,128,256,1,1,10240,64,1
"KERNEL_DISPATCH","Agent 2",1,0,220354,3171,25,"gemm_mq4g256v2_residual_mmq_iu4_full_add_symfold",3171,9376421564878,9376423734505,0,0,184,0,128,256,1,1,10240,64,1
"KERNEL_DISPATCH","Agent 2",1,0,220354,3166,21,"gdn_chunk_kkt_solve",3166,9376420323583,9376420345743,11776,0,104,0,128,128,1,1,1024,16,1
"KERNEL_DISPATCH","Agent 2",1,0,220354,3161,22,"gdn_chunk_scan",3161,9376419970418,9376420067780,60928,0,192,0,128,512,1,1,512,48,1
"KERNEL_DISPATCH","Agent 2",1,0,220354,3156,21,"gdn_chunk_kkt_solve",3156,9376419688535,9376419711095,11776,0,104,0,128,128,1,1,1024,16,1
"KERNEL_DISPATCH","Agent 2",1,0,220354,3151,22,"gdn_chunk_scan",3151,9376419331650,9376419430012,60928,0,192,0,128,512,1,1,512,48,1
"KERNEL_DISPATCH","Agent 2",1,0,220354,3146,21,"gdn_chunk_kkt_solve",3146,9376419051087,9376419073607,11776,0,104,0,128,128,1,1,1024,16,1
"KERNEL_DISPATCH","Agent 2",1,0,220354,3141,22,"gdn_chunk_scan",3141,9376418694442,9376418792724,60928,0,192,0,128,512,1,1,512,48,1
"KERNEL_DISPATCH","Agent 2",1,0,220354,3136,24,"gemm_mq4g256v2_residual_mmq_iu4_full_set_symfold",3136,9376417566668,9376417625269,0,0,184,0,128,256,1,1,256,64,1
"KERNEL_DISPATCH","Agent 2",1,0,220354,3131,25,"gemm_mq4g256v2_residual_mmq_iu4_full_add_symfold",3131,9376405447117,9376411485512,0,0,184,0,128,256,1,1,10240,64,1
"KERNEL_DISPATCH","Agent 2",1,0,220354,3126,25,"gemm_mq4g256v2_residual_mmq_iu4_full_add_symfold",3126,9376389538677,9376391561623,0,0,184,0,128,256,1,1,10240,64,1
"KERNEL_DISPATCH","Agent 2",1,0,220354,3121,33,"rope_partial_halfsplit_batched_f32",3121,9376375683704,9376376046429,0,0,16,0,128,32,1,1,32,8192,1
"KERNEL_DISPATCH","Agent 2",1,0,220354,3116,24,"gemm_mq4g256v2_residual_mmq_iu4_full_set_symfold",3116,9376369147742,9376373314234,0,0,184,0,128,256,1,1,24576,64,1
"KERNEL_DISPATCH","Agent 2",1,0,220354,3111,24,"gemm_mq4g256v2_residual_mmq_iu4_full_set_symfold",3111,9376348851168,9376354653401,0,0,184,0,128,256,1,1,34816,64,1
"KERNEL_DISPATCH","Agent 2",1,0,220354,3106,21,"gdn_chunk_kkt_solve",3106,9376345073921,9376345096441,11776,0,104,0,128,128,1,1,1024,16,1
"KERNEL_DISPATCH","Agent 2",1,0,220354,3101,22,"gdn_chunk_scan",3101,9376344717597,9376344816438,60928,0,192,0,128,512,1,1,512,48,1
"KERNEL_DISPATCH","Agent 2",1,0,220354,3234,21,"gdn_chunk_kkt_solve",3234,9376484276423,9376484299263,11776,0,104,0,128,128,1,1,1024,16,1
"KERNEL_DISPATCH","Agent 2",1,0,220354,3258,21,"gdn_chunk_kkt_solve",3258,9376485817042,9376485839843,11776,0,104,0,128,128,1,1,1024,16,1
"KERNEL_DISPATCH","Agent 2",1,0,220354,3229,22,"gdn_chunk_scan",3229,9376483913459,9376484015940,60928,0,192,0,128,512,1,1,512,48,1
"KERNEL_DISPATCH","Agent 2",1,0,220354,3253,22,"gdn_chunk_scan",3253,9376485459318,9376485557879,60928,0,192,0,128,512,1,1,512,48,1
"KERNEL_DISPATCH","Agent 2",1,0,220354,3224,24,"gemm_mq4g256v2_residual_mmq_iu4_full_set_symfold",3224,9376480761459,9376482840165,0,0,184,0,128,256,1,1,12288,64,1
"KERNEL_DISPATCH","Agent 2",1,0,220354,3248,21,"gdn_chunk_kkt_solve",3248,9376485177354,9376485199955,11776,0,104,0,128,128,1,1,1024,16,1
"KERNEL_DISPATCH","Agent 2",1,0,220354,3219,24,"gemm_mq4g256v2_residual_mmq_iu4_full_set_symfold",3219,9376462802674,9376468614627,0,0,184,0,128,256,1,1,34816,64,1
"KERNEL_DISPATCH","Agent 2",1,0,220354,3243,22,"gdn_chunk_scan",3243,9376484818310,9376484917351,60928,0,192,0,128,512,1,1,512,48,1
"KERNEL_DISPATCH","Agent 2",1,0,220354,3214,22,"gdn_chunk_scan",3214,9376453194274,9376453291675,60928,0,192,0,128,512,1,1,512,48,1
"KERNEL_DISPATCH","Agent 2",1,0,220354,3238,21,"gdn_chunk_kkt_solve",3238,9376484534146,9376484556747,11776,0,104,0,128,128,1,1,1024,16,1
"KERNEL_DISPATCH","Agent 2",1,0,220354,3209,21,"gdn_chunk_kkt_solve",3209,9376452914151,9376452936831,11776,0,104,0,128,128,1,1,1024,16,1
"KERNEL_DISPATCH","Agent 2",1,0,220354,3233,22,"gdn_chunk_scan",3233,9376484174062,9376484273063,60928,0,192,0,128,512,1,1,512,48,1
"KERNEL_DISPATCH","Agent 2",1,0,220354,3204,22,"gdn_chunk_scan",3204,9376452555426,9376452654547,60928,0,192,0,128,512,1,1,512,48,1
"KERNEL_DISPATCH","Agent 2",1,0,220354,3228,21,"gdn_chunk_kkt_solve",3228,9376483886898,9376483909779,11776,0,104,0,128,128,1,1,1024,16,1
"KERNEL_DISPATCH","Agent 2",1,0,220354,3199,21,"gdn_chunk_kkt_solve",3199,9376452273383,9376452295783,11776,0,104,0,128,128,1,1,1024,16,1
"KERNEL_DISPATCH","Agent 2",1,0,220354,3223,24,"gemm_mq4g256v2_residual_mmq_iu4_full_set_symfold",3223,9376477271976,9376480749219,0,0,184,0,128,256,1,1,20480,64,1
"KERNEL_DISPATCH","Agent 2",1,0,220354,3194,22,"gdn_chunk_scan",3194,9376451913458,9376452013939,60928,0,192,0,128,512,1,1,512,48,1
"KERNEL_DISPATCH","Agent 2",1,0,220354,3218,24,"gemm_mq4g256v2_residual_mmq_iu4_full_set_symfold",3218,9376456947561,9376462790474,0,0,184,0,128,256,1,1,34816,64,1
"KERNEL_DISPATCH","Agent 2",1,0,220354,3189,21,"gdn_chunk_kkt_solve",3189,9376451625295,9376451648575,11776,0,104,0,128,128,1,1,1024,16,1
"KERNEL_DISPATCH","Agent 2",1,0,220354,3213,21,"gdn_chunk_kkt_solve",3213,9376453168434,9376453190794,11776,0,104,0,128,128,1,1,1024,16,1
"KERNEL_DISPATCH","Agent 2",1,0,220354,3184,22,"gdn_chunk_scan",3184,9376451259090,9376451362171,60928,0,192,0,128,512,1,1,512,48,1
"KERNEL_DISPATCH","Agent 2",1,0,220354,3208,22,"gdn_chunk_scan",3208,9376452811989,9376452910711,60928,0,192,0,128,512,1,1,512,48,1
"KERNEL_DISPATCH","Agent 2",1,0,220354,3179,24,"gemm_mq4g256v2_residual_mmq_iu4_full_set_symfold",3179,9376448101530,9376450184317,0,0,184,0,128,256,1,1,12288,64,1
"KERNEL_DISPATCH","Agent 2",1,0,220354,3203,21,"gdn_chunk_kkt_solve",3203,9376452529266,9376452551946,11776,0,104,0,128,128,1,1,1024,16,1
"KERNEL_DISPATCH","Agent 2",1,0,220354,3174,24,"gemm_mq4g256v2_residual_mmq_iu4_full_set_symfold",3174,9376430066465,9376435905338,0,0,184,0,128,256,1,1,34816,64,1
"KERNEL_DISPATCH","Agent 2",1,0,220354,3198,22,"gdn_chunk_scan",3198,9376452171741,9376452269983,60928,0,192,0,128,512,1,1,512,48,1
"KERNEL_DISPATCH","Agent 2",1,0,220354,3193,21,"gdn_chunk_kkt_solve",3193,9376451887018,9376451910018,11776,0,104,0,128,128,1,1,1024,16,1
"KERNEL_DISPATCH","Agent 2",1,0,220354,3188,22,"gdn_chunk_scan",3188,9376451521493,9376451621814,60928,0,192,0,128,512,1,1,512,48,1
"KERNEL_DISPATCH","Agent 2",1,0,220354,3183,21,"gdn_chunk_kkt_solve",3183,9376451232210,9376451255370,11776,0,104,0,128,128,1,1,1024,16,1
"KERNEL_DISPATCH","Agent 2",1,0,220354,3178,24,"gemm_mq4g256v2_residual_mmq_iu4_full_set_symfold",3178,9376444600647,9376448089330,0,0,184,0,128,256,1,1,20480,64,1
"KERNEL_DISPATCH","Agent 2",1,0,220354,3173,24,"gemm_mq4g256v2_residual_mmq_iu4_full_set_symfold",3173,9376424212791,9376430054225,0,0,184,0,128,256,1,1,34816,64,1
"KERNEL_DISPATCH","Agent 2",1,0,220354,3168,21,"gdn_chunk_kkt_solve",3168,9376420449544,9376420472025,11776,0,104,0,128,128,1,1,1024,16,1
"KERNEL_DISPATCH","Agent 2",1,0,220354,3163,22,"gdn_chunk_scan",3163,9376420096980,9376420194061,60928,0,192,0,128,512,1,1,512,48,1
"KERNEL_DISPATCH","Agent 2",1,0,220354,3158,21,"gdn_chunk_kkt_solve",3158,9376419816656,9376419838977,11776,0,104,0,128,128,1,1,1024,16,1
"KERNEL_DISPATCH","Agent 2",1,0,220354,3153,22,"gdn_chunk_scan",3153,9376419459572,9376419557693,60928,0,192,0,128,512,1,1,512,48,1
"KERNEL_DISPATCH","Agent 2",1,0,220354,3148,21,"gdn_chunk_kkt_solve",3148,9376419178408,9376419200649,11776,0,104,0,128,128,1,1,1024,16,1
"KERNEL_DISPATCH","Agent 2",1,0,220354,3143,22,"gdn_chunk_scan",3143,9376418822164,9376418920365,60928,0,192,0,128,512,1,1,512,48,1
"KERNEL_DISPATCH","Agent 2",1,0,220354,3138,21,"gdn_chunk_kkt_solve",3138,9376418536880,9376418559721,11776,0,104,0,128,128,1,1,1024,16,1
"KERNEL_DISPATCH","Agent 2",1,0,220354,3133,24,"gemm_mq4g256v2_residual_mmq_iu4_full_set_symfold",3133,9376411965598,9376415414601,0,0,184,0,128,256,1,1,20480,64,1
"KERNEL_DISPATCH","Agent 2",1,0,220354,3128,24,"gemm_mq4g256v2_residual_mmq_iu4_full_set_symfold",3128,9376392017629,9376397627219,0,0,184,0,128,256,1,1,34816,64,1
"KERNEL_DISPATCH","Agent 2",1,0,220354,3123,35,"kv_cache_write_fp8_e4m3_batched",3123,9376376119710,9376376208671,0,0,56,0,128,32,1,1,128,8192,1
"KERNEL_DISPATCH","Agent 2",1,0,220354,3118,24,"gemm_mq4g256v2_residual_mmq_iu4_full_set_symfold",3118,9376373684439,9376374038803,0,0,184,0,128,256,1,1,2048,64,1
"KERNEL_DISPATCH","Agent 2",1,0,220354,3113,29,"fused_silu_mul_mq_rotate_awq_i4_gfx12",3113,9376360515074,9376362620821,0,0,56,0,128,32,1,1,2176,8192,1
"KERNEL_DISPATCH","Agent 2",1,0,220354,3108,28,"gated_norm_mq_rotate_awq_i4_gfx12",3108,9376345200923,9376346184935,1024,0,40,0,128,64,1,1,1536,8192,1
"KERNEL_DISPATCH","Agent 2",1,0,220354,3103,22,"gdn_chunk_scan",3103,9376344845718,9376344943999,60928,0,192,0,128,512,1,1,512,48,1
"KERNEL_DISPATCH","Agent 2",1,0,220354,3093,22,"gdn_chunk_scan",3093,9376344204790,9376344304071,60928,0,192,0,128,512,1,1,512,48,1
"KERNEL_DISPATCH","Agent 2",1,0,220354,3088,21,"gdn_chunk_kkt_solve",3088,9376343921427,9376343944347,11776,0,104,0,128,128,1,1,1024,16,1
"KERNEL_DISPATCH","Agent 2",1,0,220354,3083,22,"gdn_chunk_scan",3083,9376343560662,9376343659863,60928,0,192,0,128,512,1,1,512,48,1
"KERNEL_DISPATCH","Agent 2",1,0,220354,3078,21,"gdn_chunk_kkt_solve",3078,9376343277218,9376343300019,11776,0,104,0,128,128,1,1,1024,16,1
"KERNEL_DISPATCH","Agent 2",1,0,220354,519,6,"__amd_rocclr_fillBufferUnAligned",519,9374286489392,9374286490512,0,0,8,0,128,256,1,1,1536,1,1
"KERNEL_DISPATCH","Agent 2",1,0,220354,672,6,"__amd_rocclr_fillBufferUnAligned",672,9374287276002,9374287277602,0,0,8,0,128,256,1,1,8192,1,1
"KERNEL_DISPATCH","Agent 2",1,0,220354,3073,24,"gemm_mq4g256v2_residual_mmq_iu4_full_set_symfold",3073,9376342110324,9376342172125,0,0,184,0,128,256,1,1,256,64,1
"KERNEL_DISPATCH","Agent 2",1,0,220354,3068,29,"fused_silu_mul_mq_rotate_awq_i4_gfx12",3068,9376327914666,9376330024453,0,0,56,0,128,32,1,1,2176,8192,1
"KERNEL_DISPATCH","Agent 2",1,0,220354,3063,28,"gated_norm_mq_rotate_awq_i4_gfx12",3063,9376312442033,9376313434245,1024,0,40,0,128,64,1,1,1536,8192,1
"KERNEL_DISPATCH","Agent 2",1,0,220354,3058,22,"gdn_chunk_scan",3058,9376312087348,9376312184789,60928,0,192,0,128,512,1,1,512,48,1
"KERNEL_DISPATCH","Agent 2",1,0,220354,3053,21,"gdn_chunk_kkt_solve",3053,9376311807185,9376311829705,11776,0,104,0,128,128,1,1,1024,16,1
"KERNEL_DISPATCH","Agent 2",1,0,220354,3048,22,"gdn_chunk_scan",3048,9376311449540,9376311548141,60928,0,192,0,128,512,1,1,512,48,1
"KERNEL_DISPATCH","Agent 2",1,0,220354,3043,21,"gdn_chunk_kkt_solve",3043,9376311168177,9376311190857,11776,0,104,0,128,128,1,1,1024,16,1
"KERNEL_DISPATCH","Agent 2",1,0,220354,3038,22,"gdn_chunk_scan",3038,9376310809372,9376310908573,60928,0,192,0,128,512,1,1,512,48,1
"KERNEL_DISPATCH","Agent 2",1,0,220354,3033,21,"gdn_chunk_kkt_solve",3033,9376310526129,9376310549129,11776,0,104,0,128,128,1,1,1024,16,1
"KERNEL_DISPATCH","Agent 2",1,0,220354,3028,24,"gemm_mq4g256v2_residual_mmq_iu4_full_set_symfold",3028,9376309361874,9376309423075,0,0,184,0,128,256,1,1,256,64,1
"KERNEL_DISPATCH","Agent 2",1,0,220354,3023,29,"fused_silu_mul_mq_rotate_awq_i4_gfx12",3023,9376295016934,9376297130001,0,0,56,0,128,32,1,1,2176,8192,1
"KERNEL_DISPATCH","Agent 2",1,0,220354,3018,28,"gated_norm_mq_rotate_awq_i4_gfx12",3018,9376279622662,9376280608994,1024,0,40,0,128,64,1,1,1536,8192,1
"KERNEL_DISPATCH","Agent 2",1,0,220354,3013,22,"gdn_chunk_scan",3013,9376279266977,9376279364459,60928,0,192,0,128,512,1,1,512,48,1
"KERNEL_DISPATCH","Agent 2",1,0,220354,3008,21,"gdn_chunk_kkt_solve",3008,9376278988814,9376279011374,11776,0,104,0,128,128,1,1,1024,16,1
"KERNEL_DISPATCH","Agent 2",1,0,220354,3003,22,"gdn_chunk_scan",3003,9376278632089,9376278730371,60928,0,192,0,128,512,1,1,512,48,1
"KERNEL_DISPATCH","Agent 2",1,0,220354,2998,21,"gdn_chunk_kkt_solve",2998,9376278350486,9376278373366,11776,0,104,0,128,128,1,1,1024,16,1
"KERNEL_DISPATCH","Agent 2",1,0,220354,2993,22,"gdn_chunk_scan",2993,9376277994721,9376278092603,60928,0,192,0,128,512,1,1,512,48,1
"KERNEL_DISPATCH","Agent 2",1,0,220354,2988,21,"gdn_chunk_kkt_solve",2988,9376277712278,9376277734838,11776,0,104,0,128,128,1,1,1024,16,1
"KERNEL_DISPATCH","Agent 2",1,0,220354,2983,24,"gemm_mq4g256v2_residual_mmq_iu4_full_set_symfold",2983,9376276541663,9376276604104,0,0,184,0,128,256,1,1,256,64,1
"KERNEL_DISPATCH","Agent 2",1,0,220354,2978,29,"fused_silu_mul_mq_rotate_awq_i4_gfx12",2978,9376262411086,9376264528473,0,0,56,0,128,32,1,1,2176,8192,1
"KERNEL_DISPATCH","Agent 2",1,0,220354,2973,46,"sigmoid_mul_rotate_x_mq_awq_i4_gfx12",2973,9376247890825,9376248639874,0,0,88,0,128,32,1,1,6291456,1,1
"KERNEL_DISPATCH","Agent 2",1,0,220354,2968,32,"rmsnorm_f32",2968,9376234737300,9376234966823,0,0,16,0,128,256,1,1,8388608,1,1
"KERNEL_DISPATCH","Agent 2",1,0,220354,2963,23,"fused_rmsnorm_mq_rotate_awq_i4_gfx12",2963,9376227960535,9376228431341,0,0,96,0,128,256,1,1,2097152,1,1
"KERNEL_DISPATCH","Agent 2",1,0,220354,2958,23,"fused_rmsnorm_mq_rotate_awq_i4_gfx12",2958,9376207555760,9376208022646,0,0,96,0,128,256,1,1,2097152,1,1
"KERNEL_DISPATCH","Agent 2",1,0,220354,2953,22,"gdn_chunk_scan",2953,9376204094437,9376204192558,60928,0,192,0,128,512,1,1,512,48,1
"KERNEL_DISPATCH","Agent 2",1,0,220354,2948,21,"gdn_chunk_kkt_solve",2948,9376203811473,9376203834033,11776,0,104,0,128,128,1,1,1024,16,1
"KERNEL_DISPATCH","Agent 2",1,0,220354,2943,22,"gdn_chunk_scan",2943,9376203450388,9376203549830,60928,0,192,0,128,512,1,1,512,48,1
"KERNEL_DISPATCH","Agent 2",1,0,220354,2938,21,"gdn_chunk_kkt_solve",2938,9376203166745,9376203189625,11776,0,104,0,128,128,1,1,1024,16,1
"KERNEL_DISPATCH","Agent 2",1,0,220354,2933,22,"gdn_chunk_scan",2933,9376202803220,9376202904062,60928,0,192,0,128,512,1,1,512,48,1
"KERNEL_DISPATCH","Agent 2",1,0,220354,2928,21,"gdn_chunk_kkt_solve",2928,9376202515537,9376202538657,11776,0,104,0,128,128,1,1,1024,16,1
"KERNEL_DISPATCH","Agent 2",1,0,220354,2923,20,"gdn_chunk_prep",2923,9376201345202,9376202247453,0,0,72,0,128,256,1,1,32768,10,1
"KERNEL_DISPATCH","Agent 2",1,0,220354,2918,23,"fused_rmsnorm_mq_rotate_awq_i4_gfx12",2918,9376195099884,9376195571770,0,0,96,0,128,256,1,1,2097152,1,1
"KERNEL_DISPATCH","Agent 2",1,0,220354,2913,23,"fused_rmsnorm_mq_rotate_awq_i4_gfx12",2913,9376174718789,9376175187355,0,0,96,0,128,256,1,1,2097152,1,1
"KERNEL_DISPATCH","Agent 2",1,0,220354,2908,22,"gdn_chunk_scan",2908,9376171276946,9376171374507,60928,0,192,0,128,512,1,1,512,48,1
"KERNEL_DISPATCH","Agent 2",1,0,220354,2903,21,"gdn_chunk_kkt_solve",2903,9376170997462,9376171020103,11776,0,104,0,128,128,1,1,1024,16,1
"KERNEL_DISPATCH","Agent 2",1,0,220354,2898,22,"gdn_chunk_scan",2898,9376170636698,9376170736659,60928,0,192,0,128,512,1,1,512,48,1
"KERNEL_DISPATCH","Agent 2",1,0,220354,2893,21,"gdn_chunk_kkt_solve",2893,9376170348414,9376170371094,11776,0,104,0,128,128,1,1,1024,16,1
"KERNEL_DISPATCH","Agent 2",1,0,220354,2888,22,"gdn_chunk_scan",2888,9376169989810,9376170088451,60928,0,192,0,128,512,1,1,512,48,1
"KERNEL_DISPATCH","Agent 2",1,0,220354,2883,21,"gdn_chunk_kkt_solve",2883,9376169705166,9376169727966,11776,0,104,0,128,128,1,1,1024,16,1
"KERNEL_DISPATCH","Agent 2",1,0,220354,2878,20,"gdn_chunk_prep",2878,9376168537392,9376169439763,0,0,72,0,128,256,1,1,32768,10,1
"KERNEL_DISPATCH","Agent 2",1,0,220354,2873,23,"fused_rmsnorm_mq_rotate_awq_i4_gfx12",2873,9376162358834,9376162828800,0,0,96,0,128,256,1,1,2097152,1,1
"KERNEL_DISPATCH","Agent 2",1,0,220354,2868,23,"fused_rmsnorm_mq_rotate_awq_i4_gfx12",2868,9376141943339,9376142406584,0,0,96,0,128,256,1,1,2097152,1,1
"KERNEL_DISPATCH","Agent 2",1,0,220354,2863,22,"gdn_chunk_scan",2863,9376138538696,9376138636617,60928,0,192,0,128,512,1,1,512,48,1
"KERNEL_DISPATCH","Agent 2",1,0,220354,2858,21,"gdn_chunk_kkt_solve",2858,9376138260413,9376138282653,11776,0,104,0,128,128,1,1,1024,16,1
"KERNEL_DISPATCH","Agent 2",1,0,220354,2853,22,"gdn_chunk_scan",2853,9376137905888,9376138004129,60928,0,192,0,128,512,1,1,512,48,1
"KERNEL_DISPATCH","Agent 2",1,0,220354,2848,21,"gdn_chunk_kkt_solve",2848,9376137624525,9376137647285,11776,0,104,0,128,128,1,1,1024,16,1
"KERNEL_DISPATCH","Agent 2",1,0,220354,2843,22,"gdn_chunk_scan",2843,9376137267280,9376137365881,60928,0,192,0,128,512,1,1,512,48,1
"KERNEL_DISPATCH","Agent 2",1,0,220354,2838,21,"gdn_chunk_kkt_solve",2838,9376136985557,9376137008117,11776,0,104,0,128,128,1,1,1024,16,1
"KERNEL_DISPATCH","Agent 2",1,0,220354,2833,20,"gdn_chunk_prep",2833,9376135819262,9376136722393,0,0,72,0,128,256,1,1,32768,10,1
"KERNEL_DISPATCH","Agent 2",1,0,220354,2828,23,"fused_rmsnorm_mq_rotate_awq_i4_gfx12",2828,9376129672985,9376130137671,0,0,96,0,128,256,1,1,2097152,1,1
"KERNEL_DISPATCH","Agent 2",1,0,220354,2823,23,"fused_rmsnorm_mq_rotate_awq_i4_gfx12",2823,9376109778136,9376110215702,0,0,96,0,128,256,1,1,2097152,1,1
"KERNEL_DISPATCH","Agent 2",1,0,220354,2818,35,"kv_cache_write_fp8_e4m3_batched",2818,9376094411784,9376094478145,0,0,56,0,128,32,1,1,128,8192,1
"KERNEL_DISPATCH","Agent 2",1,0,220354,2813,24,"gemm_mq4g256v2_residual_mmq_iu4_full_set_symfold",2813,9376091681150,9376092040714,0,0,184,0,128,256,1,1,2048,64,1
"KERNEL_DISPATCH","Agent 2",1,0,220354,2808,24,"gemm_mq4g256v2_residual_mmq_iu4_full_set_symfold",2808,9376072947835,9376078781948,0,0,184,0,128,256,1,1,34816,64,1
"KERNEL_DISPATCH","Agent 2",1,0,220354,2803,22,"gdn_chunk_scan",2803,9376063211233,9376063308915,60928,0,192,0,128,512,1,1,512,48,1
"KERNEL_DISPATCH","Agent 2",1,0,220354,2798,21,"gdn_chunk_kkt_solve",2798,9376062931030,9376062953510,11776,0,104,0,128,128,1,1,1024,16,1
"KERNEL_DISPATCH","Agent 2",1,0,220354,2793,22,"gdn_chunk_scan",2793,9376062572105,9376062670907,60928,0,192,0,128,512,1,1,512,48,1
"KERNEL_DISPATCH","Agent 2",1,0,220354,2788,21,"gdn_chunk_kkt_solve",2788,9376062290102,9376062312542,11776,0,104,0,128,128,1,1,1024,16,1
"KERNEL_DISPATCH","Agent 2",1,0,220354,2783,22,"gdn_chunk_scan",2783,9376061930657,9376062029739,60928,0,192,0,128,512,1,1,512,48,1
"KERNEL_DISPATCH","Agent 2",1,0,220354,2778,21,"gdn_chunk_kkt_solve",2778,9376061646974,9376061669814,11776,0,104,0,128,128,1,1,1024,16,1
"KERNEL_DISPATCH","Agent 2",1,0,220354,2773,22,"gdn_chunk_scan",2773,9376061283489,9376061386050,60928,0,192,0,128,512,1,1,512,48,1
"KERNEL_DISPATCH","Agent 2",1,0,220354,2768,24,"gemm_mq4g256v2_residual_mmq_iu4_full_set_symfold",2768,9376058140250,9376060213436,0,0,184,0,128,256,1,1,12288,64,1
"KERNEL_DISPATCH","Agent 2",1,0,220354,2763,24,"gemm_mq4g256v2_residual_mmq_iu4_full_set_symfold",2763,9376040200825,9376045997658,0,0,184,0,128,256,1,1,34816,64,1
"KERNEL_DISPATCH","Agent 2",1,0,220354,2758,22,"gdn_chunk_scan",2758,9376030515904,9376030613745,60928,0,192,0,128,512,1,1,512,48,1
"KERNEL_DISPATCH","Agent 2",1,0,220354,2753,21,"gdn_chunk_kkt_solve",2753,9376030236781,9376030259061,11776,0,104,0,128,128,1,1,1024,16,1
"KERNEL_DISPATCH","Agent 2",1,0,220354,2748,22,"gdn_chunk_scan",2748,9376029881536,9376029980337,60928,0,192,0,128,512,1,1,512,48,1
"KERNEL_DISPATCH","Agent 2",1,0,220354,2743,21,"gdn_chunk_kkt_solve",2743,9376029597293,9376029620053,11776,0,104,0,128,128,1,1,1024,16,1
"KERNEL_DISPATCH","Agent 2",1,0,220354,2738,22,"gdn_chunk_scan",2738,9376029237728,9376029337129,60928,0,192,0,128,512,1,1,512,48,1
"KERNEL_DISPATCH","Agent 2",1,0,220354,2733,21,"gdn_chunk_kkt_solve",2733,9376028954405,9376028977285,11776,0,104,0,128,128,1,1,1024,16,1
"KERNEL_DISPATCH","Agent 2",1,0,220354,2728,22,"gdn_chunk_scan",2728,9376028590880,9376028693321,60928,0,192,0,128,512,1,1,512,48,1
"KERNEL_DISPATCH","Agent 2",1,0,220354,2723,24,"gemm_mq4g256v2_residual_mmq_iu4_full_set_symfold",2723,9376025440881,9376027518947,0,0,184,0,128,256,1,1,12288,64,1
"KERNEL_DISPATCH","Agent 2",1,0,220354,2718,24,"gemm_mq4g256v2_residual_mmq_iu4_full_set_symfold",2718,9376007453735,9376013295329,0,0,184,0,128,256,1,1,34816,64,1
"KERNEL_DISPATCH","Agent 2",1,0,220354,2713,22,"gdn_chunk_scan",2713,9375997905496,9375998002617,60928,0,192,0,128,512,1,1,512,48,1
"KERNEL_DISPATCH","Agent 2",1,0,220354,2708,21,"gdn_chunk_kkt_solve",2708,9375997624172,9375997646533,11776,0,104,0,128,128,1,1,1024,16,1
"KERNEL_DISPATCH","Agent 2",1,0,220354,2703,22,"gdn_chunk_scan",2703,9375997269248,9375997366889,60928,0,192,0,128,512,1,1,512,48,1
"KERNEL_DISPATCH","Agent 2",1,0,220354,2698,21,"gdn_chunk_kkt_solve",2698,9375996987044,9375997009445,11776,0,104,0,128,128,1,1,1024,16,1
"KERNEL_DISPATCH","Agent 2",1,0,220354,2693,22,"gdn_chunk_scan",2693,9375996624280,9375996723281,60928,0,192,0,128,512,1,1,512,48,1
"KERNEL_DISPATCH","Agent 2",1,0,220354,2688,21,"gdn_chunk_kkt_solve",2688,9375996341756,9375996364637,11776,0,104,0,128,128,1,1,1024,16,1
"KERNEL_DISPATCH","Agent 2",1,0,220354,2683,22,"gdn_chunk_scan",2683,9375995980432,9375996081953,60928,0,192,0,128,512,1,1,512,48,1
"KERNEL_DISPATCH","Agent 2",1,0,220354,2678,24,"gemm_mq4g256v2_residual_mmq_iu4_full_set_symfold",2678,9375992844593,9375994912298,0,0,184,0,128,256,1,1,12288,64,1
"KERNEL_DISPATCH","Agent 2",1,0,220354,2673,24,"gemm_mq4g256v2_residual_mmq_iu4_full_set_symfold",2673,9375975146131,9375980822202,0,0,184,0,128,256,1,1,34816,64,1
"KERNEL_DISPATCH","Agent 2",1,0,220354,2668,43,"attention_fp8_e4m3_fa2_gqa_packet_gfx1201",2668,9375953928426,9375966317621,0,0,240,0,128,256,1,1,6144,4,16
"KERNEL_DISPATCH","Agent 2",1,0,220354,2663,30,"deinterleave_q_rmsnorm_f32_batched",2663,9375951756798,9375953152576,0,0,24,0,128,256,1,1,6144,8192,1
"KERNEL_DISPATCH","Agent 2",1,0,220354,3091,22,"gdn_chunk_scan",3091,9376344076829,9376344175070,60928,0,192,0,128,512,1,1,512,48,1
"KERNEL_DISPATCH","Agent 2",1,0,220354,2658,25,"gemm_mq4g256v2_residual_mmq_iu4_full_add_symfold",2658,9375940321015,9375946380411,0,0,184,0,128,256,1,1,10240,64,1
"KERNEL_DISPATCH","Agent 2",1,0,220354,3086,21,"gdn_chunk_kkt_solve",3086,9376343792505,9376343814985,11776,0,104,0,128,128,1,1,1024,16,1
"KERNEL_DISPATCH","Agent 2",1,0,220354,2653,25,"gemm_mq4g256v2_residual_mmq_iu4_full_add_symfold",2653,9375923796368,9375926008716,0,0,184,0,128,256,1,1,10240,64,1
"KERNEL_DISPATCH","Agent 2",1,0,220354,3081,22,"gdn_chunk_scan",3081,9376343431900,9376343530742,60928,0,192,0,128,512,1,1,512,48,1
"KERNEL_DISPATCH","Agent 2",1,0,220354,2648,21,"gdn_chunk_kkt_solve",2648,9375922538153,9375922560873,11776,0,104,0,128,128,1,1,1024,16,1
"KERNEL_DISPATCH","Agent 2",1,0,220354,3076,21,"gdn_chunk_kkt_solve",3076,9376343144977,9376343167857,11776,0,104,0,128,128,1,1,1024,16,1
"KERNEL_DISPATCH","Agent 2",1,0,220354,3071,24,"gemm_mq4g256v2_residual_mmq_iu4_full_set_symfold",3071,9376336560574,9376340016538,0,0,184,0,128,256,1,1,20480,64,1
"KERNEL_DISPATCH","Agent 2",1,0,220354,3066,24,"gemm_mq4g256v2_residual_mmq_iu4_full_set_symfold",3066,9376316132239,9376322040913,0,0,184,0,128,256,1,1,34816,64,1
"KERNEL_DISPATCH","Agent 2",1,0,220354,3061,21,"gdn_chunk_kkt_solve",3061,9376312314871,9376312337391,11776,0,104,0,128,128,1,1,1024,16,1
"KERNEL_DISPATCH","Agent 2",1,0,220354,3056,22,"gdn_chunk_scan",3056,9376311960707,9376312058188,60928,0,192,0,128,512,1,1,512,48,1
"KERNEL_DISPATCH","Agent 2",1,0,220354,3051,21,"gdn_chunk_kkt_solve",3051,9376311679463,9376311701983,11776,0,104,0,128,128,1,1,1024,16,1
"KERNEL_DISPATCH","Agent 2",1,0,220354,3046,22,"gdn_chunk_scan",3046,9376311322059,9376311420300,60928,0,192,0,128,512,1,1,512,48,1
"KERNEL_DISPATCH","Agent 2",1,0,220354,3041,21,"gdn_chunk_kkt_solve",3041,9376311040095,9376311062535,11776,0,104,0,128,128,1,1,1024,16,1
"KERNEL_DISPATCH","Agent 2",1,0,220354,3036,22,"gdn_chunk_scan",3036,9376310680811,9376310779892,60928,0,192,0,128,512,1,1,512,48,1
"KERNEL_DISPATCH","Agent 2",1,0,220354,3031,21,"gdn_chunk_kkt_solve",3031,9376310394927,9376310417727,11776,0,104,0,128,128,1,1,1024,16,1
"KERNEL_DISPATCH","Agent 2",1,0,220354,3164,21,"gdn_chunk_kkt_solve",3164,9376420197461,9376420219541,11776,0,104,0,128,128,1,1,1024,16,1
"KERNEL_DISPATCH","Agent 2",1,0,220354,3026,24,"gemm_mq4g256v2_residual_mmq_iu4_full_set_symfold",3026,9376303755164,9376307260208,0,0,184,0,128,256,1,1,20480,64,1
"KERNEL_DISPATCH","Agent 2",1,0,220354,3159,22,"gdn_chunk_scan",3159,9376419842417,9376419940738,60928,0,192,0,128,512,1,1,512,48,1
"KERNEL_DISPATCH","Agent 2",1,0,220354,3021,24,"gemm_mq4g256v2_residual_mmq_iu4_full_set_symfold",3021,9376283290788,9376289159101,0,0,184,0,128,256,1,1,34816,64,1
"KERNEL_DISPATCH","Agent 2",1,0,220354,3154,21,"gdn_chunk_kkt_solve",3154,9376419561133,9376419583374,11776,0,104,0,128,128,1,1,1024,16,1
"KERNEL_DISPATCH","Agent 2",1,0,220354,3016,21,"gdn_chunk_kkt_solve",3016,9376279495180,9376279517781,11776,0,104,0,128,128,1,1,1024,16,1
"KERNEL_DISPATCH","Agent 2",1,0,220354,3149,22,"gdn_chunk_scan",3149,9376419204089,9376419302210,60928,0,192,0,128,512,1,1,512,48,1
"KERNEL_DISPATCH","Agent 2",1,0,220354,3011,22,"gdn_chunk_scan",3011,9376279141176,9376279238137,60928,0,192,0,128,512,1,1,512,48,1
"KERNEL_DISPATCH","Agent 2",1,0,220354,3144,21,"gdn_chunk_kkt_solve",3144,9376418923805,9376418946526,11776,0,104,0,128,128,1,1,1024,16,1
"KERNEL_DISPATCH","Agent 2",1,0,220354,3006,21,"gdn_chunk_kkt_solve",3006,9376278861292,9376278883733,11776,0,104,0,128,128,1,1,1024,16,1
"KERNEL_DISPATCH","Agent 2",1,0,220354,3139,22,"gdn_chunk_scan",3139,9376418563521,9376418664882,60928,0,192,0,128,512,1,1,512,48,1
"KERNEL_DISPATCH","Agent 2",1,0,220354,3001,22,"gdn_chunk_scan",3001,9376278504568,9376278602849,60928,0,192,0,128,512,1,1,512,48,1
"KERNEL_DISPATCH","Agent 2",1,0,220354,3134,24,"gemm_mq4g256v2_residual_mmq_iu4_full_set_symfold",3134,9376415426801,9376417489827,0,0,184,0,128,256,1,1,12288,64,1
"KERNEL_DISPATCH","Agent 2",1,0,220354,2996,21,"gdn_chunk_kkt_solve",2996,9376278223164,9376278245605,11776,0,104,0,128,128,1,1,1024,16,1
"KERNEL_DISPATCH","Agent 2",1,0,220354,3129,24,"gemm_mq4g256v2_residual_mmq_iu4_full_set_symfold",3129,9376397639419,9376403313930,0,0,184,0,128,256,1,1,34816,64,1
"KERNEL_DISPATCH","Agent 2",1,0,220354,2991,22,"gdn_chunk_scan",2991,9376277866440,9376277965041,60928,0,192,0,128,512,1,1,512,48,1
"KERNEL_DISPATCH","Agent 2",1,0,220354,3124,43,"attention_fp8_e4m3_fa2_gqa_packet_gfx1201",3124,9376376212151,9376388774948,0,0,240,0,128,256,1,1,6144,4,16
"KERNEL_DISPATCH","Agent 2",1,0,220354,2986,21,"gdn_chunk_kkt_solve",2986,9376277580556,9376277603237,11776,0,104,0,128,128,1,1,1024,16,1
"KERNEL_DISPATCH","Agent 2",1,0,220354,3119,30,"deinterleave_q_rmsnorm_f32_batched",3119,9376374042484,9376375442261,0,0,24,0,128,256,1,1,6144,8192,1
"KERNEL_DISPATCH","Agent 2",1,0,220354,2981,24,"gemm_mq4g256v2_residual_mmq_iu4_full_set_symfold",2981,9376271016314,9376274458637,0,0,184,0,128,256,1,1,20480,64,1
"KERNEL_DISPATCH","Agent 2",1,0,220354,3114,25,"gemm_mq4g256v2_residual_mmq_iu4_full_add_symfold",3114,9376362632981,9376368663256,0,0,184,0,128,256,1,1,10240,64,1
"KERNEL_DISPATCH","Agent 2",1,0,220354,2976,24,"gemm_mq4g256v2_residual_mmq_iu4_full_set_symfold",2976,9376251138705,9376256738775,0,0,184,0,128,256,1,1,34816,64,1
"KERNEL_DISPATCH","Agent 2",1,0,220354,3109,25,"gemm_mq4g256v2_residual_mmq_iu4_full_add_symfold",3109,9376346197015,9376348374082,0,0,184,0,128,256,1,1,10240,64,1
"KERNEL_DISPATCH","Agent 2",1,0,220354,2971,35,"kv_cache_write_fp8_e4m3_batched",2971,9376235409828,9376235498910,0,0,56,0,128,32,1,1,128,8192,1
"KERNEL_DISPATCH","Agent 2",1,0,220354,3104,21,"gdn_chunk_kkt_solve",3104,9376344947399,9376344969840,11776,0,104,0,128,128,1,1,1024,16,1
"KERNEL_DISPATCH","Agent 2",1,0,220354,2966,24,"gemm_mq4g256v2_residual_mmq_iu4_full_set_symfold",2966,9376232971078,9376233324362,0,0,184,0,128,256,1,1,2048,64,1
"KERNEL_DISPATCH","Agent 2",1,0,220354,3099,22,"gdn_chunk_scan",3099,9376344589555,9376344687836,60928,0,192,0,128,512,1,1,512,48,1
"KERNEL_DISPATCH","Agent 2",1,0,220354,2961,29,"fused_silu_mul_mq_rotate_awq_i4_gfx12",2961,9376219768193,9376221876859,0,0,56,0,128,32,1,1,2176,8192,1
"KERNEL_DISPATCH","Agent 2",1,0,220354,3094,21,"gdn_chunk_kkt_solve",3094,9376344307511,9376344330112,11776,0,104,0,128,128,1,1,1024,16,1
"KERNEL_DISPATCH","Agent 2",1,0,220354,2956,28,"gated_norm_mq_rotate_awq_i4_gfx12",2956,9376204324359,9376205320732,1024,0,40,0,128,64,1,1,1536,8192,1
"KERNEL_DISPATCH","Agent 2",1,0,220354,2951,22,"gdn_chunk_scan",2951,9376203967315,9376204065196,60928,0,192,0,128,512,1,1,512,48,1
"KERNEL_DISPATCH","Agent 2",1,0,220354,2946,21,"gdn_chunk_kkt_solve",2946,9376203682231,9376203705192,11776,0,104,0,128,128,1,1,1024,16,1
"KERNEL_DISPATCH","Agent 2",1,0,220354,2941,22,"gdn_chunk_scan",2941,9376203321707,9376203420868,60928,0,192,0,128,512,1,1,512,48,1
"KERNEL_DISPATCH","Agent 2",1,0,220354,2936,21,"gdn_chunk_kkt_solve",2936,9376203037663,9376203060504,11776,0,104,0,128,128,1,1,1024,16,1
"KERNEL_DISPATCH","Agent 2",1,0,220354,2931,22,"gdn_chunk_scan",2931,9376202672499,9376202773180,60928,0,192,0,128,512,1,1,512,48,1
"KERNEL_DISPATCH","Agent 2",1,0,220354,2926,21,"gdn_chunk_kkt_solve",2926,9376202385055,9376202408335,11776,0,104,0,128,128,1,1,1024,16,1
"KERNEL_DISPATCH","Agent 2",1,0,220354,2921,24,"gemm_mq4g256v2_residual_mmq_iu4_full_set_symfold",2921,9376201216561,9376201278641,0,0,184,0,128,256,1,1,256,64,1
"KERNEL_DISPATCH","Agent 2",1,0,220354,2916,29,"fused_silu_mul_mq_rotate_awq_i4_gfx12",2916,9376186944622,9376189052288,0,0,56,0,128,32,1,1,2176,8192,1
"KERNEL_DISPATCH","Agent 2",1,0,220354,2911,28,"gated_norm_mq_rotate_awq_i4_gfx12",2911,9376171505109,9376172497041,1024,0,40,0,128,64,1,1,1536,8192,1
"KERNEL_DISPATCH","Agent 2",1,0,220354,2906,22,"gdn_chunk_scan",2906,9376171150304,9376171247865,60928,0,192,0,128,512,1,1,512,48,1
"KERNEL_DISPATCH","Agent 2",1,0,220354,2901,21,"gdn_chunk_kkt_solve",2901,9376170868421,9376170891501,11776,0,104,0,128,128,1,1,1024,16,1
"KERNEL_DISPATCH","Agent 2",1,0,220354,2896,22,"gdn_chunk_scan",2896,9376170502576,9376170601457,60928,0,192,0,128,512,1,1,512,48,1
"KERNEL_DISPATCH","Agent 2",1,0,220354,2891,21,"gdn_chunk_kkt_solve",2891,9376170220093,9376170242893,11776,0,104,0,128,128,1,1,1024,16,1
"KERNEL_DISPATCH","Agent 2",1,0,220354,2886,22,"gdn_chunk_scan",2886,9376169860648,9376169960089,60928,0,192,0,128,512,1,1,512,48,1
"KERNEL_DISPATCH","Agent 2",1,0,220354,2881,21,"gdn_chunk_kkt_solve",2881,9376169576525,9376169599365,11776,0,104,0,128,128,1,1,1024,16,1
"KERNEL_DISPATCH","Agent 2",1,0,220354,2876,24,"gemm_mq4g256v2_residual_mmq_iu4_full_set_symfold",2876,9376168410870,9376168471911,0,0,184,0,128,256,1,1,256,64,1
"KERNEL_DISPATCH","Agent 2",1,0,220354,2871,29,"fused_silu_mul_mq_rotate_awq_i4_gfx12",2871,9376154158612,9376156265038,0,0,56,0,128,32,1,1,2176,8192,1
"KERNEL_DISPATCH","Agent 2",1,0,220354,2866,28,"gated_norm_mq_rotate_awq_i4_gfx12",2866,9376138767499,9376139754191,1024,0,40,0,128,64,1,1,1536,8192,1
"KERNEL_DISPATCH","Agent 2",1,0,220354,2861,22,"gdn_chunk_scan",2861,9376138412334,9376138509456,60928,0,192,0,128,512,1,1,512,48,1
"KERNEL_DISPATCH","Agent 2",1,0,220354,2856,21,"gdn_chunk_kkt_solve",2856,9376138133531,9376138156251,11776,0,104,0,128,128,1,1,1024,16,1
"KERNEL_DISPATCH","Agent 2",1,0,220354,2643,22,"gdn_chunk_scan",2643,9375922181628,9375922279909,60928,0,192,0,128,512,1,1,512,48,1
"KERNEL_DISPATCH","Agent 2",1,0,220354,2851,22,"gdn_chunk_scan",2851,9376137778047,9376137876568,60928,0,192,0,128,512,1,1,512,48,1
"KERNEL_DISPATCH","Agent 2",1,0,220354,2638,21,"gdn_chunk_kkt_solve",2638,9375921898985,9375921921745,11776,0,104,0,128,128,1,1,1024,16,1
"KERNEL_DISPATCH","Agent 2",1,0,220354,2846,21,"gdn_chunk_kkt_solve",2846,9376137497523,9376137520163,11776,0,104,0,128,128,1,1,1024,16,1
"KERNEL_DISPATCH","Agent 2",1,0,220354,2841,22,"gdn_chunk_scan",2841,9376137139079,9376137237720,60928,0,192,0,128,512,1,1,512,48,1
"KERNEL_DISPATCH","Agent 2",1,0,220354,2836,21,"gdn_chunk_kkt_solve",2836,9376136857675,9376136880555,11776,0,104,0,128,128,1,1,1024,16,1
"KERNEL_DISPATCH","Agent 2",1,0,220354,2831,24,"gemm_mq4g256v2_residual_mmq_iu4_full_set_symfold",2831,9376135693180,9376135753981,0,0,184,0,128,256,1,1,256,64,1
"KERNEL_DISPATCH","Agent 2",1,0,220354,2826,29,"fused_silu_mul_mq_rotate_awq_i4_gfx12",2826,9376121475763,9376123589309,0,0,56,0,128,32,1,1,2176,8192,1
"KERNEL_DISPATCH","Agent 2",1,0,220354,2821,46,"sigmoid_mul_rotate_x_mq_awq_i4_gfx12",2821,9376107003821,9376107735591,0,0,88,0,128,32,1,1,6291456,1,1
"KERNEL_DISPATCH","Agent 2",1,0,220354,2816,32,"rmsnorm_f32",2816,9376093812616,9376094038019,0,0,16,0,128,256,1,1,8388608,1,1
"KERNEL_DISPATCH","Agent 2",1,0,220354,2811,23,"fused_rmsnorm_mq_rotate_awq_i4_gfx12",2811,9376086964011,9376087435736,0,0,96,0,128,256,1,1,2097152,1,1
"KERNEL_DISPATCH","Agent 2",1,0,220354,2806,23,"fused_rmsnorm_mq_rotate_awq_i4_gfx12",2806,9376066528435,9376066999761,0,0,96,0,128,256,1,1,2097152,1,1
"KERNEL_DISPATCH","Agent 2",1,0,220354,2801,22,"gdn_chunk_scan",2801,9376063084152,9376063181713,60928,0,192,0,128,512,1,1,512,48,1
"KERNEL_DISPATCH","Agent 2",1,0,220354,2796,21,"gdn_chunk_kkt_solve",2796,9376062803028,9376062825588,11776,0,104,0,128,128,1,1,1024,16,1
"KERNEL_DISPATCH","Agent 2",1,0,220354,2791,22,"gdn_chunk_scan",2791,9376062444064,9376062542585,60928,0,192,0,128,512,1,1,512,48,1
"KERNEL_DISPATCH","Agent 2",1,0,220354,2786,21,"gdn_chunk_kkt_solve",2786,9376062161540,9376062184380,11776,0,104,0,128,128,1,1,1024,16,1
"KERNEL_DISPATCH","Agent 2",1,0,220354,2781,22,"gdn_chunk_scan",2781,9376061801896,9376061901097,60928,0,192,0,128,512,1,1,512,48,1
"KERNEL_DISPATCH","Agent 2",1,0,220354,2776,21,"gdn_chunk_kkt_solve",2776,9376061518172,9376061541012,11776,0,104,0,128,128,1,1,1024,16,1
"KERNEL_DISPATCH","Agent 2",1,0,220354,2771,20,"gdn_chunk_prep",2771,9376060353638,9376061253089,0,0,72,0,128,256,1,1,32768,10,1
"KERNEL_DISPATCH","Agent 2",1,0,220354,2766,23,"fused_rmsnorm_mq_rotate_awq_i4_gfx12",2766,9376054189080,9376054658246,0,0,96,0,128,256,1,1,2097152,1,1
"KERNEL_DISPATCH","Agent 2",1,0,220354,2761,23,"fused_rmsnorm_mq_rotate_awq_i4_gfx12",2761,9376033823625,9376034291551,0,0,96,0,128,256,1,1,2097152,1,1
"KERNEL_DISPATCH","Agent 2",1,0,220354,2756,22,"gdn_chunk_scan",2756,9376030388583,9376030486344,60928,0,192,0,128,512,1,1,512,48,1
"KERNEL_DISPATCH","Agent 2",1,0,220354,2751,21,"gdn_chunk_kkt_solve",2751,9376030109859,9376030132339,11776,0,104,0,128,128,1,1,1024,16,1
"KERNEL_DISPATCH","Agent 2",1,0,220354,2746,22,"gdn_chunk_scan",2746,9376029752375,9376029851896,60928,0,192,0,128,512,1,1,512,48,1
"KERNEL_DISPATCH","Agent 2",1,0,220354,2741,21,"gdn_chunk_kkt_solve",2741,9376029469171,9376029492051,11776,0,104,0,128,128,1,1,1024,16,1
"KERNEL_DISPATCH","Agent 2",1,0,220354,2736,22,"gdn_chunk_scan",2736,9376029109206,9376029208408,60928,0,192,0,128,512,1,1,512,48,1
"KERNEL_DISPATCH","Agent 2",1,0,220354,2731,21,"gdn_chunk_kkt_solve",2731,9376028825643,9376028848523,11776,0,104,0,128,128,1,1,1024,16,1
"KERNEL_DISPATCH","Agent 2",1,0,220354,2726,20,"gdn_chunk_prep",2726,9376027658948,9376028560480,0,0,72,0,128,256,1,1,32768,10,1
"KERNEL_DISPATCH","Agent 2",1,0,220354,3089,22,"gdn_chunk_scan",3089,9376343947947,9376344046828,60928,0,192,0,128,512,1,1,512,48,1
"KERNEL_DISPATCH","Agent 2",1,0,220354,2721,23,"fused_rmsnorm_mq_rotate_awq_i4_gfx12",2721,9376021493671,9376021963157,0,0,96,0,128,256,1,1,2097152,1,1
"KERNEL_DISPATCH","Agent 2",1,0,220354,3084,21,"gdn_chunk_kkt_solve",3084,9376343663423,9376343686224,11776,0,104,0,128,128,1,1,1024,16,1
"KERNEL_DISPATCH","Agent 2",1,0,220354,2716,23,"fused_rmsnorm_mq_rotate_awq_i4_gfx12",2716,9376001186057,9376001646543,0,0,96,0,128,256,1,1,2097152,1,1
"KERNEL_DISPATCH","Agent 2",1,0,220354,3079,22,"gdn_chunk_scan",3079,9376343303459,9376343402100,60928,0,192,0,128,512,1,1,512,48,1
"KERNEL_DISPATCH","Agent 2",1,0,220354,2711,22,"gdn_chunk_scan",2711,9375997777774,9375997876136,60928,0,192,0,128,512,1,1,512,48,1
"KERNEL_DISPATCH","Agent 2",1,0,220354,3074,24,"gemm_mq4g256v2_residual_mmq_iu4_full_set_symfold",3074,9376342175525,9376342234605,0,0,184,0,128,256,1,1,256,64,1
"KERNEL_DISPATCH","Agent 2",1,0,220354,2706,21,"gdn_chunk_kkt_solve",2706,9375997497211,9375997519811,11776,0,104,0,128,128,1,1,1024,16,1
"KERNEL_DISPATCH","Agent 2",1,0,220354,3069,25,"gemm_mq4g256v2_residual_mmq_iu4_full_add_symfold",3069,9376330036533,9376336074408,0,0,184,0,128,256,1,1,10240,64,1
"KERNEL_DISPATCH","Agent 2",1,0,220354,2701,22,"gdn_chunk_scan",2701,9375997141646,9375997240088,60928,0,192,0,128,512,1,1,512,48,1
"KERNEL_DISPATCH","Agent 2",1,0,220354,3064,25,"gemm_mq4g256v2_residual_mmq_iu4_full_add_symfold",3064,9376313446405,9376315646433,0,0,184,0,128,256,1,1,10240,64,1
"KERNEL_DISPATCH","Agent 2",1,0,220354,2696,21,"gdn_chunk_kkt_solve",2696,9375996854883,9375996877763,11776,0,104,0,128,128,1,1,1024,16,1
"KERNEL_DISPATCH","Agent 2",1,0,220354,3059,21,"gdn_chunk_kkt_solve",3059,9376312188069,9376312210430,11776,0,104,0,128,128,1,1,1024,16,1
"KERNEL_DISPATCH","Agent 2",1,0,220354,2691,22,"gdn_chunk_scan",2691,9375996495958,9375996594960,60928,0,192,0,128,512,1,1,512,48,1
"KERNEL_DISPATCH","Agent 2",1,0,220354,3054,22,"gdn_chunk_scan",3054,9376311833145,9376311931666,60928,0,192,0,128,512,1,1,512,48,1
"KERNEL_DISPATCH","Agent 2",1,0,220354,2686,21,"gdn_chunk_kkt_solve",2686,9375996213635,9375996236075,11776,0,104,0,128,128,1,1,1024,16,1
"KERNEL_DISPATCH","Agent 2",1,0,220354,2681,20,"gdn_chunk_prep",2681,9375995051580,9375995950111,0,0,72,0,128,256,1,1,32768,10,1
"KERNEL_DISPATCH","Agent 2",1,0,220354,2676,23,"fused_rmsnorm_mq_rotate_awq_i4_gfx12",2676,9375988913263,9375989379469,0,0,96,0,128,256,1,1,2097152,1,1
"KERNEL_DISPATCH","Agent 2",1,0,220354,2671,23,"fused_rmsnorm_mq_rotate_awq_i4_gfx12",2671,9375969103175,9375969541661,0,0,96,0,128,256,1,1,2097152,1,1
"KERNEL_DISPATCH","Agent 2",1,0,220354,2666,35,"kv_cache_write_fp8_e4m3_batched",2666,9375953765264,9375953831424,0,0,56,0,128,32,1,1,128,8192,1
"KERNEL_DISPATCH","Agent 2",1,0,220354,2661,24,"gemm_mq4g256v2_residual_mmq_iu4_full_set_symfold",2661,9375951045669,9375951397794,0,0,184,0,128,256,1,1,2048,64,1
"KERNEL_DISPATCH","Agent 2",1,0,220354,2656,24,"gemm_mq4g256v2_residual_mmq_iu4_full_set_symfold",2656,9375932370556,9375938189189,0,0,184,0,128,256,1,1,34816,64,1
"KERNEL_DISPATCH","Agent 2",1,0,220354,2651,22,"gdn_chunk_scan",2651,9375922692755,9375922791596,60928,0,192,0,128,512,1,1,512,48,1
"KERNEL_DISPATCH","Agent 2",1,0,220354,2646,21,"gdn_chunk_kkt_solve",2646,9375922410751,9375922433191,11776,0,104,0,128,128,1,1,1024,16,1
"KERNEL_DISPATCH","Agent 2",1,0,220354,2641,22,"gdn_chunk_scan",2641,9375922053027,9375922151748,60928,0,192,0,128,512,1,1,512,48,1
"KERNEL_DISPATCH","Agent 2",1,0,220354,2636,21,"gdn_chunk_kkt_solve",2636,9375921769343,9375921792343,11776,0,104,0,128,128,1,1,1024,16,1
"KERNEL_DISPATCH","Agent 2",1,0,220354,2631,22,"gdn_chunk_scan",2631,9375921406779,9375921506780,60928,0,192,0,128,512,1,1,512,48,1
"KERNEL_DISPATCH","Agent 2",1,0,220354,2626,21,"gdn_chunk_kkt_solve",2626,9375921121935,9375921144855,11776,0,104,0,128,128,1,1,1024,16,1
"KERNEL_DISPATCH","Agent 2",1,0,220354,2621,22,"gdn_chunk_scan",2621,9375920757330,9375920860452,60928,0,192,0,128,512,1,1,512,48,1
"KERNEL_DISPATCH","Agent 2",1,0,220354,2633,22,"gdn_chunk_scan",2633,9375921536740,9375921636421,60928,0,192,0,128,512,1,1,512,48,1
"KERNEL_DISPATCH","Agent 2",1,0,220354,2628,21,"gdn_chunk_kkt_solve",2628,9375921251417,9375921274377,11776,0,104,0,128,128,1,1,1024,16,1
"KERNEL_DISPATCH","Agent 2",1,0,220354,2623,22,"gdn_chunk_scan",2623,9375920890172,9375920989733,60928,0,192,0,128,512,1,1,512,48,1
"KERNEL_DISPATCH","Agent 2",1,0,220354,2618,24,"gemm_mq4g256v2_residual_mmq_iu4_full_set_symfold",2618,9375919756078,9375919816079,0,0,184,0,128,256,1,1,256,64,1
"KERNEL_DISPATCH","Agent 2",1,0,220354,2613,25,"gemm_mq4g256v2_residual_mmq_iu4_full_add_symfold",2613,9375907618606,9375913603921,0,0,184,0,128,256,1,1,10240,64,1
"KERNEL_DISPATCH","Agent 2",1,0,220354,2608,25,"gemm_mq4g256v2_residual_mmq_iu4_full_add_symfold",2608,9375890958357,9375893200066,0,0,184,0,128,256,1,1,10240,64,1
"KERNEL_DISPATCH","Agent 2",1,0,220354,2603,21,"gdn_chunk_kkt_solve",2603,9375889695262,9375889717662,11776,0,104,0,128,128,1,1,1024,16,1
"KERNEL_DISPATCH","Agent 2",1,0,220354,2598,22,"gdn_chunk_scan",2598,9375889337617,9375889436218,60928,0,192,0,128,512,1,1,512,48,1
"KERNEL_DISPATCH","Agent 2",1,0,220354,2593,21,"gdn_chunk_kkt_solve",2593,9375889055694,9375889078294,11776,0,104,0,128,128,1,1,1024,16,1
"KERNEL_DISPATCH","Agent 2",1,0,220354,2588,22,"gdn_chunk_scan",2588,9375888697529,9375888796210,60928,0,192,0,128,512,1,1,512,48,1
"KERNEL_DISPATCH","Agent 2",1,0,220354,2583,21,"gdn_chunk_kkt_solve",2583,9375888414326,9375888437246,11776,0,104,0,128,128,1,1,1024,16,1
"KERNEL_DISPATCH","Agent 2",1,0,220354,2578,22,"gdn_chunk_scan",2578,9375888055761,9375888154442,60928,0,192,0,128,512,1,1,512,48,1
"KERNEL_DISPATCH","Agent 2",1,0,220354,2573,24,"gemm_mq4g256v2_residual_mmq_iu4_full_set_symfold",2573,9375886923347,9375886982308,0,0,184,0,128,256,1,1,256,64,1
"KERNEL_DISPATCH","Agent 2",1,0,220354,2568,25,"gemm_mq4g256v2_residual_mmq_iu4_full_add_symfold",2568,9375874689674,9375880789110,0,0,184,0,128,256,1,1,10240,64,1
"KERNEL_DISPATCH","Agent 2",1,0,220354,2563,25,"gemm_mq4g256v2_residual_mmq_iu4_full_add_symfold",2563,9375858137507,9375860350014,0,0,184,0,128,256,1,1,10240,64,1
"KERNEL_DISPATCH","Agent 2",1,0,220354,2558,21,"gdn_chunk_kkt_solve",2558,9375856879051,9375856901491,11776,0,104,0,128,128,1,1,1024,16,1
"KERNEL_DISPATCH","Agent 2",1,0,220354,2553,22,"gdn_chunk_scan",2553,9375856521446,9375856619568,60928,0,192,0,128,512,1,1,512,48,1
"KERNEL_DISPATCH","Agent 2",1,0,220354,2548,21,"gdn_chunk_kkt_solve",2548,9375856238923,9375856261483,11776,0,104,0,128,128,1,1,1024,16,1
"KERNEL_DISPATCH","Agent 2",1,0,220354,2543,22,"gdn_chunk_scan",2543,9375855880318,9375855979320,60928,0,192,0,128,512,1,1,512,48,1
"KERNEL_DISPATCH","Agent 2",1,0,220354,2538,21,"gdn_chunk_kkt_solve",2538,9375855596115,9375855618995,11776,0,104,0,128,128,1,1,1024,16,1
"KERNEL_DISPATCH","Agent 2",1,0,220354,2533,22,"gdn_chunk_scan",2533,9375855237510,9375855336072,60928,0,192,0,128,512,1,1,512,48,1
"KERNEL_DISPATCH","Agent 2",1,0,220354,2528,24,"gemm_mq4g256v2_residual_mmq_iu4_full_set_symfold",2528,9375854110816,9375854169817,0,0,184,0,128,256,1,1,256,64,1
"KERNEL_DISPATCH","Agent 2",1,0,220354,2523,25,"gemm_mq4g256v2_residual_mmq_iu4_full_add_symfold",2523,9375842125426,9375848030620,0,0,184,0,128,256,1,1,10240,64,1
"KERNEL_DISPATCH","Agent 2",1,0,220354,2518,25,"gemm_mq4g256v2_residual_mmq_iu4_full_add_symfold",2518,9375826276828,9375828293293,0,0,184,0,128,256,1,1,10240,64,1
"KERNEL_DISPATCH","Agent 2",1,0,220354,2513,33,"rope_partial_halfsplit_batched_f32",2513,9375812735098,9375813100863,0,0,16,0,128,32,1,1,32,8192,1
"KERNEL_DISPATCH","Agent 2",1,0,220354,2508,24,"gemm_mq4g256v2_residual_mmq_iu4_full_set_symfold",2508,9375806171816,9375810367549,0,0,184,0,128,256,1,1,24576,64,1
"KERNEL_DISPATCH","Agent 2",1,0,220354,2503,24,"gemm_mq4g256v2_residual_mmq_iu4_full_set_symfold",2503,9375785725120,9375791521313,0,0,184,0,128,256,1,1,34816,64,1
"KERNEL_DISPATCH","Agent 2",1,0,220354,2498,21,"gdn_chunk_kkt_solve",2498,9375781946393,9375781969113,11776,0,104,0,128,128,1,1,1024,16,1
"KERNEL_DISPATCH","Agent 2",1,0,220354,2493,22,"gdn_chunk_scan",2493,9375781587069,9375781686230,60928,0,192,0,128,512,1,1,512,48,1
"KERNEL_DISPATCH","Agent 2",1,0,220354,2488,21,"gdn_chunk_kkt_solve",2488,9375781303505,9375781326225,11776,0,104,0,128,128,1,1,1024,16,1
"KERNEL_DISPATCH","Agent 2",1,0,220354,2483,22,"gdn_chunk_scan",2483,9375780944901,9375781043622,60928,0,192,0,128,512,1,1,512,48,1
"KERNEL_DISPATCH","Agent 2",1,0,220354,3049,21,"gdn_chunk_kkt_solve",3049,9376311551461,9376311574142,11776,0,104,0,128,128,1,1,1024,16,1
"KERNEL_DISPATCH","Agent 2",1,0,220354,2478,21,"gdn_chunk_kkt_solve",2478,9375780658097,9375780681257,11776,0,104,0,128,128,1,1,1024,16,1
"KERNEL_DISPATCH","Agent 2",1,0,220354,2473,22,"gdn_chunk_scan",2473,9375780294572,9375780394734,60928,0,192,0,128,512,1,1,512,48,1
"KERNEL_DISPATCH","Agent 2",1,0,220354,2468,21,"gdn_chunk_kkt_solve",2468,9375780005329,9375780028569,11776,0,104,0,128,128,1,1,1024,16,1
"KERNEL_DISPATCH","Agent 2",1,0,220354,2463,24,"gemm_mq4g256v2_residual_mmq_iu4_full_set_symfold",2463,9375773343885,9375776844689,0,0,184,0,128,256,1,1,20480,64,1
"KERNEL_DISPATCH","Agent 2",1,0,220354,2458,24,"gemm_mq4g256v2_residual_mmq_iu4_full_set_symfold",2458,9375752915630,9375758855544,0,0,184,0,128,256,1,1,34816,64,1
"KERNEL_DISPATCH","Agent 2",1,0,220354,2453,21,"gdn_chunk_kkt_solve",2453,9375749095382,9375749117742,11776,0,104,0,128,128,1,1,1024,16,1
"KERNEL_DISPATCH","Agent 2",1,0,220354,2448,22,"gdn_chunk_scan",2448,9375748737977,9375748837379,60928,0,192,0,128,512,1,1,512,48,1
"KERNEL_DISPATCH","Agent 2",1,0,220354,2443,21,"gdn_chunk_kkt_solve",2443,9375748454974,9375748477454,11776,0,104,0,128,128,1,1,1024,16,1
"KERNEL_DISPATCH","Agent 2",1,0,220354,2438,22,"gdn_chunk_scan",2438,9375748095969,9375748194771,60928,0,192,0,128,512,1,1,512,48,1
"KERNEL_DISPATCH","Agent 2",1,0,220354,2433,21,"gdn_chunk_kkt_solve",2433,9375747812926,9375747835486,11776,0,104,0,128,128,1,1,1024,16,1
"KERNEL_DISPATCH","Agent 2",1,0,220354,2428,22,"gdn_chunk_scan",2428,9375747453481,9375747552443,60928,0,192,0,128,512,1,1,512,48,1
"KERNEL_DISPATCH","Agent 2",1,0,220354,2423,21,"gdn_chunk_kkt_solve",2423,9375747167238,9375747190078,11776,0,104,0,128,128,1,1,1024,16,1
"KERNEL_DISPATCH","Agent 2",1,0,220354,2418,24,"gemm_mq4g256v2_residual_mmq_iu4_full_set_symfold",2418,9375740545875,9375744029439,0,0,184,0,128,256,1,1,20480,64,1
"KERNEL_DISPATCH","Agent 2",1,0,220354,2616,24,"gemm_mq4g256v2_residual_mmq_iu4_full_set_symfold",2616,9375917567010,9375919678477,0,0,184,0,128,256,1,1,12288,64,1
"KERNEL_DISPATCH","Agent 2",1,0,220354,2413,24,"gemm_mq4g256v2_residual_mmq_iu4_full_set_symfold",2413,9375720137940,9375725995573,0,0,184,0,128,256,1,1,34816,64,1
"KERNEL_DISPATCH","Agent 2",1,0,220354,2611,24,"gemm_mq4g256v2_residual_mmq_iu4_full_set_symfold",2611,9375899654426,9375905479339,0,0,184,0,128,256,1,1,34816,64,1
"KERNEL_DISPATCH","Agent 2",1,0,220354,2408,21,"gdn_chunk_kkt_solve",2408,9375716336692,9375716359372,11776,0,104,0,128,128,1,1,1024,16,1
"KERNEL_DISPATCH","Agent 2",1,0,220354,2606,22,"gdn_chunk_scan",2606,9375889849224,9375889947585,60928,0,192,0,128,512,1,1,512,48,1
"KERNEL_DISPATCH","Agent 2",1,0,220354,2403,22,"gdn_chunk_scan",2403,9375715982128,9375716079329,60928,0,192,0,128,512,1,1,512,48,1
"KERNEL_DISPATCH","Agent 2",1,0,220354,2601,21,"gdn_chunk_kkt_solve",2601,9375889567540,9375889589740,11776,0,104,0,128,128,1,1,1024,16,1
"KERNEL_DISPATCH","Agent 2",1,0,220354,2398,21,"gdn_chunk_kkt_solve",2398,9375715699124,9375715721684,11776,0,104,0,128,128,1,1,1024,16,1
"KERNEL_DISPATCH","Agent 2",1,0,220354,2596,22,"gdn_chunk_scan",2596,9375889209456,9375889307817,60928,0,192,0,128,512,1,1,512,48,1
"KERNEL_DISPATCH","Agent 2",1,0,220354,2393,22,"gdn_chunk_scan",2393,9375715339959,9375715438881,60928,0,192,0,128,512,1,1,512,48,1
"KERNEL_DISPATCH","Agent 2",1,0,220354,2591,21,"gdn_chunk_kkt_solve",2591,9375888928132,9375888950452,11776,0,104,0,128,128,1,1,1024,16,1
"KERNEL_DISPATCH","Agent 2",1,0,220354,2586,22,"gdn_chunk_scan",2586,9375888568688,9375888668009,60928,0,192,0,128,512,1,1,512,48,1
"KERNEL_DISPATCH","Agent 2",1,0,220354,2388,21,"gdn_chunk_kkt_solve",2388,9375715055596,9375715078276,11776,0,104,0,128,128,1,1,1024,16,1
"KERNEL_DISPATCH","Agent 2",1,0,220354,2581,21,"gdn_chunk_kkt_solve",2581,9375888285964,9375888308764,11776,0,104,0,128,128,1,1,1024,16,1
"KERNEL_DISPATCH","Agent 2",1,0,220354,2576,22,"gdn_chunk_scan",2576,9375887923199,9375888025881,60928,0,192,0,128,512,1,1,512,48,1
"KERNEL_DISPATCH","Agent 2",1,0,220354,2571,24,"gemm_mq4g256v2_residual_mmq_iu4_full_set_symfold",2571,9375884768800,9375886846586,0,0,184,0,128,256,1,1,12288,64,1
"KERNEL_DISPATCH","Agent 2",1,0,220354,2566,24,"gemm_mq4g256v2_residual_mmq_iu4_full_set_symfold",2566,9375866709734,9375872560287,0,0,184,0,128,256,1,1,34816,64,1
"KERNEL_DISPATCH","Agent 2",1,0,220354,2561,22,"gdn_chunk_scan",2561,9375857031933,9375857130014,60928,0,192,0,128,512,1,1,512,48,1
"KERNEL_DISPATCH","Agent 2",1,0,220354,2556,21,"gdn_chunk_kkt_solve",2556,9375856751209,9375856773890,11776,0,104,0,128,128,1,1,1024,16,1
"KERNEL_DISPATCH","Agent 2",1,0,220354,2551,22,"gdn_chunk_scan",2551,9375856392645,9375856491686,60928,0,192,0,128,512,1,1,512,48,1
"KERNEL_DISPATCH","Agent 2",1,0,220354,2546,21,"gdn_chunk_kkt_solve",2546,9375856110721,9375856133322,11776,0,104,0,128,128,1,1,1024,16,1
"KERNEL_DISPATCH","Agent 2",1,0,220354,2541,22,"gdn_chunk_scan",2541,9375855750917,9375855850398,60928,0,192,0,128,512,1,1,512,48,1
"KERNEL_DISPATCH","Agent 2",1,0,220354,2536,21,"gdn_chunk_kkt_solve",2536,9375855467433,9375855490274,11776,0,104,0,128,128,1,1,1024,16,1
"KERNEL_DISPATCH","Agent 2",1,0,220354,2531,22,"gdn_chunk_scan",2531,9375855106029,9375855207750,60928,0,192,0,128,512,1,1,512,48,1
"KERNEL_DISPATCH","Agent 2",1,0,220354,2526,24,"gemm_mq4g256v2_residual_mmq_iu4_full_set_symfold",2526,9375851962429,9375854034095,0,0,184,0,128,256,1,1,12288,64,1
"KERNEL_DISPATCH","Agent 2",1,0,220354,2521,24,"gemm_mq4g256v2_residual_mmq_iu4_full_set_symfold",2521,9375834345289,9375839992240,0,0,184,0,128,256,1,1,34816,64,1
"KERNEL_DISPATCH","Agent 2",1,0,220354,2511,30,"deinterleave_q_rmsnorm_f32_batched",2511,9375811094118,9375812489095,0,0,24,0,128,256,1,1,6144,8192,1
"KERNEL_DISPATCH","Agent 2",1,0,220354,2506,25,"gemm_mq4g256v2_residual_mmq_iu4_full_add_symfold",2506,9375799524453,9375805684730,0,0,184,0,128,256,1,1,10240,64,1
"KERNEL_DISPATCH","Agent 2",1,0,220354,2501,25,"gemm_mq4g256v2_residual_mmq_iu4_full_add_symfold",2501,9375783075687,9375785247794,0,0,184,0,128,256,1,1,10240,64,1
"KERNEL_DISPATCH","Agent 2",1,0,220354,2496,21,"gdn_chunk_kkt_solve",2496,9375781818111,9375781840632,11776,0,104,0,128,128,1,1,1024,16,1
"KERNEL_DISPATCH","Agent 2",1,0,220354,2491,22,"gdn_chunk_scan",2491,9375781458587,9375781557428,60928,0,192,0,128,512,1,1,512,48,1
"KERNEL_DISPATCH","Agent 2",1,0,220354,2486,21,"gdn_chunk_kkt_solve",2486,9375781174863,9375781197384,11776,0,104,0,128,128,1,1,1024,16,1
"KERNEL_DISPATCH","Agent 2",1,0,220354,2481,22,"gdn_chunk_scan",2481,9375780814699,9375780915220,60928,0,192,0,128,512,1,1,512,48,1
"KERNEL_DISPATCH","Agent 2",1,0,220354,2476,21,"gdn_chunk_kkt_solve",2476,9375780528055,9375780550896,11776,0,104,0,128,128,1,1,1024,16,1
"KERNEL_DISPATCH","Agent 2",1,0,220354,2471,22,"gdn_chunk_scan",2471,9375780165051,9375780264612,60928,0,192,0,128,512,1,1,512,48,1
"KERNEL_DISPATCH","Agent 2",1,0,220354,2466,24,"gemm_mq4g256v2_residual_mmq_iu4_full_set_symfold",2466,9375779035877,9375779096077,0,0,184,0,128,256,1,1,256,64,1
"KERNEL_DISPATCH","Agent 2",1,0,220354,2461,25,"gemm_mq4g256v2_residual_mmq_iu4_full_add_symfold",2461,9375766823044,9375772857399,0,0,184,0,128,256,1,1,10240,64,1
"KERNEL_DISPATCH","Agent 2",1,0,220354,2456,25,"gemm_mq4g256v2_residual_mmq_iu4_full_add_symfold",2456,9375750226236,9375752427344,0,0,184,0,128,256,1,1,10240,64,1
"KERNEL_DISPATCH","Agent 2",1,0,220354,2451,21,"gdn_chunk_kkt_solve",2451,9375748968420,9375748990701,11776,0,104,0,128,128,1,1,1024,16,1
"KERNEL_DISPATCH","Agent 2",1,0,220354,2446,22,"gdn_chunk_scan",2446,9375748609336,9375748708057,60928,0,192,0,128,512,1,1,512,48,1
"KERNEL_DISPATCH","Agent 2",1,0,220354,2441,21,"gdn_chunk_kkt_solve",2441,9375748326332,9375748348853,11776,0,104,0,128,128,1,1,1024,16,1
"KERNEL_DISPATCH","Agent 2",1,0,220354,2436,22,"gdn_chunk_scan",2436,9375747967728,9375748066369,60928,0,192,0,128,512,1,1,512,48,1
"KERNEL_DISPATCH","Agent 2",1,0,220354,2431,21,"gdn_chunk_kkt_solve",2431,9375747684044,9375747707005,11776,0,104,0,128,128,1,1,1024,16,1
"KERNEL_DISPATCH","Agent 2",1,0,220354,2426,22,"gdn_chunk_scan",2426,9375747325160,9375747423841,60928,0,192,0,128,512,1,1,512,48,1
"KERNEL_DISPATCH","Agent 2",1,0,220354,2421,24,"gemm_mq4g256v2_residual_mmq_iu4_full_set_symfold",2421,9375746194586,9375746253346,0,0,184,0,128,256,1,1,256,64,1
"KERNEL_DISPATCH","Agent 2",1,0,220354,2416,25,"gemm_mq4g256v2_residual_mmq_iu4_full_add_symfold",2416,9375733945032,9375740059909,0,0,184,0,128,256,1,1,10240,64,1
"KERNEL_DISPATCH","Agent 2",1,0,220354,2411,25,"gemm_mq4g256v2_residual_mmq_iu4_full_add_symfold",2411,9375717463866,9375719657174,0,0,184,0,128,256,1,1,10240,64,1
"KERNEL_DISPATCH","Agent 2",1,0,220354,2406,21,"gdn_chunk_kkt_solve",2406,9375716209770,9375716232291,11776,0,104,0,128,128,1,1,1024,16,1
"KERNEL_DISPATCH","Agent 2",1,0,220354,2401,22,"gdn_chunk_scan",2401,9375715854366,9375715952887,60928,0,192,0,128,512,1,1,512,48,1
"KERNEL_DISPATCH","Agent 2",1,0,220354,2396,21,"gdn_chunk_kkt_solve",2396,9375715571042,9375715593403,11776,0,104,0,128,128,1,1,1024,16,1
"KERNEL_DISPATCH","Agent 2",1,0,220354,2391,22,"gdn_chunk_scan",2391,9375715210798,9375715309799,60928,0,192,0,128,512,1,1,512,48,1
"KERNEL_DISPATCH","Agent 2",1,0,220354,2386,21,"gdn_chunk_kkt_solve",2386,9375714927274,9375714950075,11776,0,104,0,128,128,1,1,1024,16,1
"KERNEL_DISPATCH","Agent 2",1,0,220354,2381,22,"gdn_chunk_scan",2381,9375714563550,9375714663471,60928,0,192,0,128,512,1,1,512,48,1
"KERNEL_DISPATCH","Agent 2",1,0,220354,2376,24,"gemm_mq4g256v2_residual_mmq_iu4_full_set_symfold",2376,9375713437576,9375713496856,0,0,184,0,128,256,1,1,256,64,1
"KERNEL_DISPATCH","Agent 2",1,0,220354,2371,25,"gemm_mq4g256v2_residual_mmq_iu4_full_add_symfold",2371,9375701433145,9375707312419,0,0,184,0,128,256,1,1,10240,64,1
"KERNEL_DISPATCH","Agent 2",1,0,220354,2366,25,"gemm_mq4g256v2_residual_mmq_iu4_full_add_symfold",2366,9375685605787,9375687618533,0,0,184,0,128,256,1,1,10240,64,1
"KERNEL_DISPATCH","Agent 2",1,0,220354,2361,33,"rope_partial_halfsplit_batched_f32",2361,9375671951216,9375672318021,0,0,16,0,128,32,1,1,32,8192,1
"KERNEL_DISPATCH","Agent 2",1,0,220354,2356,24,"gemm_mq4g256v2_residual_mmq_iu4_full_set_symfold",2356,9375665438215,9375669588507,0,0,184,0,128,256,1,1,24576,64,1
"KERNEL_DISPATCH","Agent 2",1,0,220354,2351,24,"gemm_mq4g256v2_residual_mmq_iu4_full_set_symfold",2351,9375644988439,9375650909313,0,0,184,0,128,256,1,1,34816,64,1
"KERNEL_DISPATCH","Agent 2",1,0,220354,2346,21,"gdn_chunk_kkt_solve",2346,9375641175271,9375641197672,11776,0,104,0,128,128,1,1,1024,16,1
"KERNEL_DISPATCH","Agent 2",1,0,220354,2341,22,"gdn_chunk_scan",2341,9375640820947,9375640918948,60928,0,192,0,128,512,1,1,512,48,1
"KERNEL_DISPATCH","Agent 2",1,0,220354,2383,22,"gdn_chunk_scan",2383,9375714693671,9375714793473,60928,0,192,0,128,512,1,1,512,48,1
"KERNEL_DISPATCH","Agent 2",1,0,220354,2336,21,"gdn_chunk_kkt_solve",2336,9375640538303,9375640560704,11776,0,104,0,128,128,1,1,1024,16,1
"KERNEL_DISPATCH","Agent 2",1,0,220354,2378,21,"gdn_chunk_kkt_solve",2378,9375714403668,9375714426828,11776,0,104,0,128,128,1,1,1024,16,1
"KERNEL_DISPATCH","Agent 2",1,0,220354,2331,22,"gdn_chunk_scan",2331,9375640181259,9375640279740,60928,0,192,0,128,512,1,1,512,48,1
"KERNEL_DISPATCH","Agent 2",1,0,220354,2373,24,"gemm_mq4g256v2_residual_mmq_iu4_full_set_symfold",2373,9375707796025,9375711242668,0,0,184,0,128,256,1,1,20480,64,1
"KERNEL_DISPATCH","Agent 2",1,0,220354,2368,24,"gemm_mq4g256v2_residual_mmq_iu4_full_set_symfold",2368,9375688070978,9375693641368,0,0,184,0,128,256,1,1,34816,64,1
"KERNEL_DISPATCH","Agent 2",1,0,220354,2326,21,"gdn_chunk_kkt_solve",2326,9375639899055,9375639921576,11776,0,104,0,128,128,1,1,1024,16,1
"KERNEL_DISPATCH","Agent 2",1,0,220354,2363,35,"kv_cache_write_fp8_e4m3_batched",2363,9375672391182,9375672480543,0,0,56,0,128,32,1,1,128,8192,1
"KERNEL_DISPATCH","Agent 2",1,0,220354,2321,22,"gdn_chunk_scan",2321,9375639540051,9375639638852,60928,0,192,0,128,512,1,1,512,48,1
"KERNEL_DISPATCH","Agent 2",1,0,220354,2358,24,"gemm_mq4g256v2_residual_mmq_iu4_full_set_symfold",2358,9375669956311,9375670309516,0,0,184,0,128,256,1,1,2048,64,1
"KERNEL_DISPATCH","Agent 2",1,0,220354,2316,21,"gdn_chunk_kkt_solve",2316,9375639255407,9375639278008,11776,0,104,0,128,128,1,1,1024,16,1
"KERNEL_DISPATCH","Agent 2",1,0,220354,2353,29,"fused_silu_mul_mq_rotate_awq_i4_gfx12",2353,9375656761546,9375658871013,0,0,56,0,128,32,1,1,2176,8192,1
"KERNEL_DISPATCH","Agent 2",1,0,220354,2311,24,"gemm_mq4g256v2_residual_mmq_iu4_full_set_symfold",2311,9375632642924,9375636121368,0,0,184,0,128,256,1,1,20480,64,1
"KERNEL_DISPATCH","Agent 2",1,0,220354,2348,28,"gated_norm_mq_rotate_awq_i4_gfx12",2348,9375641302273,9375642292165,1024,0,40,0,128,64,1,1,1536,8192,1
"KERNEL_DISPATCH","Agent 2",1,0,220354,2306,24,"gemm_mq4g256v2_residual_mmq_iu4_full_set_symfold",2306,9375612323710,9375618160743,0,0,184,0,128,256,1,1,34816,64,1
"KERNEL_DISPATCH","Agent 2",1,0,220354,2343,22,"gdn_chunk_scan",2343,9375640947988,9375641045190,60928,0,192,0,128,512,1,1,512,48,1
"KERNEL_DISPATCH","Agent 2",1,0,220354,2301,21,"gdn_chunk_kkt_solve",2301,9375608548823,9375608571383,11776,0,104,0,128,128,1,1,1024,16,1
"KERNEL_DISPATCH","Agent 2",1,0,220354,2338,21,"gdn_chunk_kkt_solve",2338,9375640666425,9375640689145,11776,0,104,0,128,128,1,1,1024,16,1
"KERNEL_DISPATCH","Agent 2",1,0,220354,2296,22,"gdn_chunk_scan",2296,9375608196779,9375608293540,60928,0,192,0,128,512,1,1,512,48,1
"KERNEL_DISPATCH","Agent 2",1,0,220354,2333,22,"gdn_chunk_scan",2333,9375640308780,9375640407142,60928,0,192,0,128,512,1,1,512,48,1
"KERNEL_DISPATCH","Agent 2",1,0,220354,3096,21,"gdn_chunk_kkt_solve",3096,9376344435273,9376344457833,11776,0,104,0,128,128,1,1,1024,16,1
"KERNEL_DISPATCH","Agent 2",1,0,220354,3169,22,"gdn_chunk_scan",3169,9376420475385,9376420572146,60928,0,192,0,128,512,1,1,512,48,1
"KERNEL_DISPATCH","Agent 2",1,0,220354,2291,21,"gdn_chunk_kkt_solve",2291,9375607919055,9375607941295,11776,0,104,0,128,128,1,1,1024,16,1
"KERNEL_DISPATCH","Agent 2",1,0,220354,2328,21,"gdn_chunk_kkt_solve",2328,9375640027337,9375640049817,11776,0,104,0,128,128,1,1,1024,16,1
"KERNEL_DISPATCH","Agent 2",1,0,220354,2323,22,"gdn_chunk_scan",2323,9375639668252,9375639767214,60928,0,192,0,128,512,1,1,512,48,1
"KERNEL_DISPATCH","Agent 2",1,0,220354,2318,21,"gdn_chunk_kkt_solve",2318,9375639386529,9375639409089,11776,0,104,0,128,128,1,1,1024,16,1
"KERNEL_DISPATCH","Agent 2",1,0,220354,2313,24,"gemm_mq4g256v2_residual_mmq_iu4_full_set_symfold",2313,9375638220834,9375638282675,0,0,184,0,128,256,1,1,256,64,1
"KERNEL_DISPATCH","Agent 2",1,0,220354,2308,29,"fused_silu_mul_mq_rotate_awq_i4_gfx12",2308,9375623962496,9375626090202,0,0,56,0,128,32,1,1,2176,8192,1
"KERNEL_DISPATCH","Agent 2",1,0,220354,2303,28,"gated_norm_mq_rotate_awq_i4_gfx12",2303,9375608675105,9375609652117,1024,0,40,0,128,64,1,1,1536,8192,1
"KERNEL_DISPATCH","Agent 2",1,0,220354,2298,22,"gdn_chunk_scan",2298,9375608322460,9375608419101,60928,0,192,0,128,512,1,1,512,48,1
"KERNEL_DISPATCH","Agent 2",1,0,220354,2293,21,"gdn_chunk_kkt_solve",2293,9375608044817,9375608067177,11776,0,104,0,128,128,1,1,1024,16,1
"KERNEL_DISPATCH","Agent 2",1,0,220354,2288,22,"gdn_chunk_scan",2288,9375607689172,9375607787853,60928,0,192,0,128,512,1,1,512,48,1
"KERNEL_DISPATCH","Agent 2",1,0,220354,2283,21,"gdn_chunk_kkt_solve",2283,9375607407889,9375607430729,11776,0,104,0,128,128,1,1,1024,16,1
"KERNEL_DISPATCH","Agent 2",1,0,220354,2278,22,"gdn_chunk_scan",2278,9375607050164,9375607148805,60928,0,192,0,128,512,1,1,512,48,1
"KERNEL_DISPATCH","Agent 2",1,0,220354,2273,21,"gdn_chunk_kkt_solve",2273,9375606768761,9375606791401,11776,0,104,0,128,128,1,1,1024,16,1
"KERNEL_DISPATCH","Agent 2",1,0,220354,2268,24,"gemm_mq4g256v2_residual_mmq_iu4_full_set_symfold",2268,9375605608066,9375605668707,0,0,184,0,128,256,1,1,256,64,1
"KERNEL_DISPATCH","Agent 2",1,0,220354,2263,29,"fused_silu_mul_mq_rotate_awq_i4_gfx12",2263,9375591266567,9375593372793,0,0,56,0,128,32,1,1,2176,8192,1
"KERNEL_DISPATCH","Agent 2",1,0,220354,2258,28,"gated_norm_mq_rotate_awq_i4_gfx12",2258,9375575870494,9375576860146,1024,0,40,0,128,64,1,1,1536,8192,1
"KERNEL_DISPATCH","Agent 2",1,0,220354,2253,22,"gdn_chunk_scan",2253,9375575515089,9375575612651,60928,0,192,0,128,512,1,1,512,48,1
"KERNEL_DISPATCH","Agent 2",1,0,220354,2248,21,"gdn_chunk_kkt_solve",2248,9375575236446,9375575258886,11776,0,104,0,128,128,1,1,1024,16,1
"KERNEL_DISPATCH","Agent 2",1,0,220354,2243,22,"gdn_chunk_scan",2243,9375574881322,9375574979123,60928,0,192,0,128,512,1,1,512,48,1
"KERNEL_DISPATCH","Agent 2",1,0,220354,2238,21,"gdn_chunk_kkt_solve",2238,9375574598398,9375574621518,11776,0,104,0,128,128,1,1,1024,16,1
"KERNEL_DISPATCH","Agent 2",1,0,220354,2233,22,"gdn_chunk_scan",2233,9375574239194,9375574338435,60928,0,192,0,128,512,1,1,512,48,1
"KERNEL_DISPATCH","Agent 2",1,0,220354,2228,21,"gdn_chunk_kkt_solve",2228,9375573957430,9375573980390,11776,0,104,0,128,128,1,1,1024,16,1
"KERNEL_DISPATCH","Agent 2",1,0,220354,2223,24,"gemm_mq4g256v2_residual_mmq_iu4_full_set_symfold",2223,9375572792535,9375572853816,0,0,184,0,128,256,1,1,256,64,1
"KERNEL_DISPATCH","Agent 2",1,0,220354,2218,29,"fused_silu_mul_mq_rotate_awq_i4_gfx12",2218,9375558642678,9375560750025,0,0,56,0,128,32,1,1,2176,8192,1
"KERNEL_DISPATCH","Agent 2",1,0,220354,2286,22,"gdn_chunk_scan",2286,9375607561771,9375607659812,60928,0,192,0,128,512,1,1,512,48,1
"KERNEL_DISPATCH","Agent 2",1,0,220354,2281,21,"gdn_chunk_kkt_solve",2281,9375607280087,9375607302527,11776,0,104,0,128,128,1,1,1024,16,1
"KERNEL_DISPATCH","Agent 2",1,0,220354,2276,22,"gdn_chunk_scan",2276,9375606922483,9375607020644,60928,0,192,0,128,512,1,1,512,48,1
"KERNEL_DISPATCH","Agent 2",1,0,220354,2271,21,"gdn_chunk_kkt_solve",2271,9375606637719,9375606660319,11776,0,104,0,128,128,1,1,1024,16,1
"KERNEL_DISPATCH","Agent 2",1,0,220354,2266,24,"gemm_mq4g256v2_residual_mmq_iu4_full_set_symfold",2266,9375600017476,9375603505880,0,0,184,0,128,256,1,1,20480,64,1
"KERNEL_DISPATCH","Agent 2",1,0,220354,2261,24,"gemm_mq4g256v2_residual_mmq_iu4_full_set_symfold",2261,9375579546940,9375585412773,0,0,184,0,128,256,1,1,34816,64,1
"KERNEL_DISPATCH","Agent 2",1,0,220354,2256,21,"gdn_chunk_kkt_solve",2256,9375575743132,9375575765853,11776,0,104,0,128,128,1,1,1024,16,1
"KERNEL_DISPATCH","Agent 2",1,0,220354,2251,22,"gdn_chunk_scan",2251,9375575388808,9375575485969,60928,0,192,0,128,512,1,1,512,48,1
"KERNEL_DISPATCH","Agent 2",1,0,220354,2246,21,"gdn_chunk_kkt_solve",2246,9375575109844,9375575132245,11776,0,104,0,128,128,1,1,1024,16,1
"KERNEL_DISPATCH","Agent 2",1,0,220354,2241,22,"gdn_chunk_scan",2241,9375574753120,9375574851961,60928,0,192,0,128,512,1,1,512,48,1
"KERNEL_DISPATCH","Agent 2",1,0,220354,2236,21,"gdn_chunk_kkt_solve",2236,9375574470196,9375574492757,11776,0,104,0,128,128,1,1,1024,16,1
"KERNEL_DISPATCH","Agent 2",1,0,220354,2231,22,"gdn_chunk_scan",2231,9375574111432,9375574209713,60928,0,192,0,128,512,1,1,512,48,1
"KERNEL_DISPATCH","Agent 2",1,0,220354,2226,21,"gdn_chunk_kkt_solve",2226,9375573826268,9375573849029,11776,0,104,0,128,128,1,1,1024,16,1
"KERNEL_DISPATCH","Agent 2",1,0,220354,2221,24,"gemm_mq4g256v2_residual_mmq_iu4_full_set_symfold",2221,9375567262666,9375570704109,0,0,184,0,128,256,1,1,20480,64,1
"KERNEL_DISPATCH","Agent 2",1,0,220354,2216,24,"gemm_mq4g256v2_residual_mmq_iu4_full_set_symfold",2216,9375547373537,9375552923367,0,0,184,0,128,256,1,1,34816,64,1
"KERNEL_DISPATCH","Agent 2",1,0,220354,2211,35,"kv_cache_write_fp8_e4m3_batched",2211,9375531702181,9375531791782,0,0,56,0,128,32,1,1,128,8192,1
"KERNEL_DISPATCH","Agent 2",1,0,220354,2206,24,"gemm_mq4g256v2_residual_mmq_iu4_full_set_symfold",2206,9375529273471,9375529624315,0,0,184,0,128,256,1,1,2048,64,1
"KERNEL_DISPATCH","Agent 2",1,0,220354,2201,29,"fused_silu_mul_mq_rotate_awq_i4_gfx12",2201,9375516047785,9375518153252,0,0,56,0,128,32,1,1,2176,8192,1
"KERNEL_DISPATCH","Agent 2",1,0,220354,2196,28,"gated_norm_mq_rotate_awq_i4_gfx12",2196,9375500731394,9375501711166,1024,0,40,0,128,64,1,1,1536,8192,1
"KERNEL_DISPATCH","Agent 2",1,0,220354,2213,46,"sigmoid_mul_rotate_x_mq_awq_i4_gfx12",2213,9375544166817,9375544897626,0,0,88,0,128,32,1,1,6291456,1,1
"KERNEL_DISPATCH","Agent 2",1,0,220354,2191,22,"gdn_chunk_scan",2191,9375500377669,9375500474950,60928,0,192,0,128,512,1,1,512,48,1
"KERNEL_DISPATCH","Agent 2",1,0,220354,2208,32,"rmsnorm_f32",2208,9375531031853,9375531258896,0,0,16,0,128,256,1,1,8388608,1,1
"KERNEL_DISPATCH","Agent 2",1,0,220354,2203,23,"fused_rmsnorm_mq_rotate_awq_i4_gfx12",2203,9375524275248,9375524745894,0,0,96,0,128,256,1,1,2097152,1,1
"KERNEL_DISPATCH","Agent 2",1,0,220354,2198,23,"fused_rmsnorm_mq_rotate_awq_i4_gfx12",2198,9375503909873,9375504372039,0,0,96,0,128,256,1,1,2097152,1,1
"KERNEL_DISPATCH","Agent 2",1,0,220354,2193,22,"gdn_chunk_scan",2193,9375500504071,9375500601392,60928,0,192,0,128,512,1,1,512,48,1
"KERNEL_DISPATCH","Agent 2",1,0,220354,2188,21,"gdn_chunk_kkt_solve",2188,9375500226067,9375500248627,11776,0,104,0,128,128,1,1,1024,16,1
"KERNEL_DISPATCH","Agent 2",1,0,220354,2183,22,"gdn_chunk_scan",2183,9375499871783,9375499970304,60928,0,192,0,128,512,1,1,512,48,1
"KERNEL_DISPATCH","Agent 2",1,0,220354,2178,21,"gdn_chunk_kkt_solve",2178,9375499590059,9375499612740,11776,0,104,0,128,128,1,1,1024,16,1
"KERNEL_DISPATCH","Agent 2",1,0,220354,2173,22,"gdn_chunk_scan",2173,9375499232775,9375499330896,60928,0,192,0,128,512,1,1,512,48,1
"KERNEL_DISPATCH","Agent 2",1,0,220354,2168,21,"gdn_chunk_kkt_solve",2168,9375498950691,9375498973212,11776,0,104,0,128,128,1,1,1024,16,1
"KERNEL_DISPATCH","Agent 2",1,0,220354,2163,20,"gdn_chunk_prep",2163,9375497786797,9375498686888,0,0,72,0,128,256,1,1,32768,10,1
"KERNEL_DISPATCH","Agent 2",1,0,220354,2158,23,"fused_rmsnorm_mq_rotate_awq_i4_gfx12",2158,9375491584959,9375492055445,0,0,96,0,128,256,1,1,2097152,1,1
"KERNEL_DISPATCH","Agent 2",1,0,220354,2153,23,"fused_rmsnorm_mq_rotate_awq_i4_gfx12",2153,9375471153383,9375471615109,0,0,96,0,128,256,1,1,2097152,1,1
"KERNEL_DISPATCH","Agent 2",1,0,220354,2148,22,"gdn_chunk_scan",2148,9375467744861,9375467843622,60928,0,192,0,128,512,1,1,512,48,1
"KERNEL_DISPATCH","Agent 2",1,0,220354,2143,21,"gdn_chunk_kkt_solve",2143,9375467463257,9375467485737,11776,0,104,0,128,128,1,1,1024,16,1
"KERNEL_DISPATCH","Agent 2",1,0,220354,2138,22,"gdn_chunk_scan",2138,9375467105933,9375467204534,60928,0,192,0,128,512,1,1,512,48,1
"KERNEL_DISPATCH","Agent 2",1,0,220354,2133,21,"gdn_chunk_kkt_solve",2133,9375466823569,9375466846769,11776,0,104,0,128,128,1,1,1024,16,1
"KERNEL_DISPATCH","Agent 2",1,0,220354,2128,22,"gdn_chunk_scan",2128,9375466463005,9375466562446,60928,0,192,0,128,512,1,1,512,48,1
"KERNEL_DISPATCH","Agent 2",1,0,220354,2186,21,"gdn_chunk_kkt_solve",2186,9375500099666,9375500122106,11776,0,104,0,128,128,1,1,1024,16,1
"KERNEL_DISPATCH","Agent 2",1,0,220354,2123,21,"gdn_chunk_kkt_solve",2123,9375466180161,9375466202881,11776,0,104,0,128,128,1,1,1024,16,1
"KERNEL_DISPATCH","Agent 2",1,0,220354,2118,20,"gdn_chunk_prep",2118,9375465012386,9375465916198,0,0,72,0,128,256,1,1,32768,10,1
"KERNEL_DISPATCH","Agent 2",1,0,220354,2181,22,"gdn_chunk_scan",2181,9375499743661,9375499842622,60928,0,192,0,128,512,1,1,512,48,1
"KERNEL_DISPATCH","Agent 2",1,0,220354,2176,21,"gdn_chunk_kkt_solve",2176,9375499461898,9375499484618,11776,0,104,0,128,128,1,1,1024,16,1
"KERNEL_DISPATCH","Agent 2",1,0,220354,2171,22,"gdn_chunk_scan",2171,9375499104453,9375499203014,60928,0,192,0,128,512,1,1,512,48,1
"KERNEL_DISPATCH","Agent 2",1,0,220354,2113,23,"fused_rmsnorm_mq_rotate_awq_i4_gfx12",2113,9375458819949,9375459288915,0,0,96,0,128,256,1,1,2097152,1,1
"KERNEL_DISPATCH","Agent 2",1,0,220354,2166,21,"gdn_chunk_kkt_solve",2166,9375498822570,9375498845490,11776,0,104,0,128,128,1,1,1024,16,1
"KERNEL_DISPATCH","Agent 2",1,0,220354,2108,23,"fused_rmsnorm_mq_rotate_awq_i4_gfx12",2108,9375438398453,9375438865779,0,0,96,0,128,256,1,1,2097152,1,1
"KERNEL_DISPATCH","Agent 2",1,0,220354,2161,24,"gemm_mq4g256v2_residual_mmq_iu4_full_set_symfold",2161,9375497660835,9375497721036,0,0,184,0,128,256,1,1,256,64,1
"KERNEL_DISPATCH","Agent 2",1,0,220354,2156,29,"fused_silu_mul_mq_rotate_awq_i4_gfx12",2156,9375483284575,9375485397642,0,0,56,0,128,32,1,1,2176,8192,1
"KERNEL_DISPATCH","Agent 2",1,0,220354,2103,22,"gdn_chunk_scan",2103,9375434951770,9375435049651,60928,0,192,0,128,512,1,1,512,48,1
"KERNEL_DISPATCH","Agent 2",1,0,220354,2151,28,"gated_norm_mq_rotate_awq_i4_gfx12",2151,9375467975024,9375468960876,1024,0,40,0,128,64,1,1,1536,8192,1
"KERNEL_DISPATCH","Agent 2",1,0,220354,2098,21,"gdn_chunk_kkt_solve",2098,9375434669807,9375434692647,11776,0,104,0,128,128,1,1,1024,16,1
"KERNEL_DISPATCH","Agent 2",1,0,220354,2093,22,"gdn_chunk_scan",2093,9375434311242,9375434410003,60928,0,192,0,128,512,1,1,512,48,1
"KERNEL_DISPATCH","Agent 2",1,0,220354,2088,21,"gdn_chunk_kkt_solve",2088,9375434029519,9375434052599,11776,0,104,0,128,128,1,1,1024,16,1
"KERNEL_DISPATCH","Agent 2",1,0,220354,2146,22,"gdn_chunk_scan",2146,9375467617299,9375467715500,60928,0,192,0,128,512,1,1,512,48,1
"KERNEL_DISPATCH","Agent 2",1,0,220354,2141,21,"gdn_chunk_kkt_solve",2141,9375467335536,9375467358336,11776,0,104,0,128,128,1,1,1024,16,1
"KERNEL_DISPATCH","Agent 2",1,0,220354,2136,22,"gdn_chunk_scan",2136,9375466977811,9375467076452,60928,0,192,0,128,512,1,1,512,48,1
"KERNEL_DISPATCH","Agent 2",1,0,220354,2131,21,"gdn_chunk_kkt_solve",2131,9375466694688,9375466717728,11776,0,104,0,128,128,1,1,1024,16,1
"KERNEL_DISPATCH","Agent 2",1,0,220354,2083,22,"gdn_chunk_scan",2083,9375433670474,9375433769115,60928,0,192,0,128,512,1,1,512,48,1
"KERNEL_DISPATCH","Agent 2",1,0,220354,2126,22,"gdn_chunk_scan",2126,9375466334203,9375466433324,60928,0,192,0,128,512,1,1,512,48,1
"KERNEL_DISPATCH","Agent 2",1,0,220354,2121,21,"gdn_chunk_kkt_solve",2121,9375466051839,9375466074760,11776,0,104,0,128,128,1,1,1024,16,1
"KERNEL_DISPATCH","Agent 2",1,0,220354,2116,24,"gemm_mq4g256v2_residual_mmq_iu4_full_set_symfold",2116,9375464884745,9375464946706,0,0,184,0,128,256,1,1,256,64,1
"KERNEL_DISPATCH","Agent 2",1,0,220354,2111,29,"fused_silu_mul_mq_rotate_awq_i4_gfx12",2111,9375450598686,9375452721313,0,0,56,0,128,32,1,1,2176,8192,1
"KERNEL_DISPATCH","Agent 2",1,0,220354,2106,28,"gated_norm_mq_rotate_awq_i4_gfx12",2106,9375435180453,9375436172146,1024,0,40,0,128,64,1,1,1536,8192,1
"KERNEL_DISPATCH","Agent 2",1,0,220354,2101,22,"gdn_chunk_scan",2101,9375434824049,9375434922650,60928,0,192,0,128,512,1,1,512,48,1
"KERNEL_DISPATCH","Agent 2",1,0,220354,2096,21,"gdn_chunk_kkt_solve",2096,9375434541445,9375434564565,11776,0,104,0,128,128,1,1,1024,16,1
"KERNEL_DISPATCH","Agent 2",1,0,220354,2091,22,"gdn_chunk_scan",2091,9375434182881,9375434282082,60928,0,192,0,128,512,1,1,512,48,1
"KERNEL_DISPATCH","Agent 2",1,0,220354,2086,21,"gdn_chunk_kkt_solve",2086,9375433901397,9375433924197,11776,0,104,0,128,128,1,1,1024,16,1
"KERNEL_DISPATCH","Agent 2",1,0,220354,2081,22,"gdn_chunk_scan",2081,9375433542513,9375433641274,60928,0,192,0,128,512,1,1,512,48,1
"KERNEL_DISPATCH","Agent 2",1,0,220354,2076,21,"gdn_chunk_kkt_solve",2076,9375433260869,9375433283629,11776,0,104,0,128,128,1,1,1024,16,1
"KERNEL_DISPATCH","Agent 2",1,0,220354,2071,24,"gemm_mq4g256v2_residual_mmq_iu4_full_set_symfold",2071,9375432096015,9375432156655,0,0,184,0,128,256,1,1,256,64,1
"KERNEL_DISPATCH","Agent 2",1,0,220354,2066,29,"fused_silu_mul_mq_rotate_awq_i4_gfx12",2066,9375417983158,9375420094704,0,0,56,0,128,32,1,1,2176,8192,1
"KERNEL_DISPATCH","Agent 2",1,0,220354,2061,46,"sigmoid_mul_rotate_x_mq_awq_i4_gfx12",2061,9375403479336,9375404209745,0,0,88,0,128,32,1,1,6291456,1,1
"KERNEL_DISPATCH","Agent 2",1,0,220354,2056,32,"rmsnorm_f32",2056,9375390394653,9375390619775,0,0,16,0,128,256,1,1,8388608,1,1
"KERNEL_DISPATCH","Agent 2",1,0,220354,2051,23,"fused_rmsnorm_mq_rotate_awq_i4_gfx12",2051,9375383643128,9375384112654,0,0,96,0,128,256,1,1,2097152,1,1
"KERNEL_DISPATCH","Agent 2",1,0,220354,2046,23,"fused_rmsnorm_mq_rotate_awq_i4_gfx12",2046,9375363327394,9375363787160,0,0,96,0,128,256,1,1,2097152,1,1
"KERNEL_DISPATCH","Agent 2",1,0,220354,2041,22,"gdn_chunk_scan",2041,9375359928751,9375360026393,60928,0,192,0,128,512,1,1,512,48,1
"KERNEL_DISPATCH","Agent 2",1,0,220354,2036,21,"gdn_chunk_kkt_solve",2036,9375359647108,9375359669788,11776,0,104,0,128,128,1,1,1024,16,1
"KERNEL_DISPATCH","Agent 2",1,0,220354,2031,22,"gdn_chunk_scan",2031,9375359289103,9375359387905,60928,0,192,0,128,512,1,1,512,48,1
"KERNEL_DISPATCH","Agent 2",1,0,220354,2026,21,"gdn_chunk_kkt_solve",2026,9375359007660,9375359030300,11776,0,104,0,128,128,1,1,1024,16,1
"KERNEL_DISPATCH","Agent 2",1,0,220354,2021,22,"gdn_chunk_scan",2021,9375358648055,9375358747337,60928,0,192,0,128,512,1,1,512,48,1
"KERNEL_DISPATCH","Agent 2",1,0,220354,2016,21,"gdn_chunk_kkt_solve",2016,9375358364332,9375358387412,11776,0,104,0,128,128,1,1,1024,16,1
"KERNEL_DISPATCH","Agent 2",1,0,220354,2011,20,"gdn_chunk_prep",2011,9375357199277,9375358100568,0,0,72,0,128,256,1,1,32768,10,1
"KERNEL_DISPATCH","Agent 2",1,0,220354,2006,23,"fused_rmsnorm_mq_rotate_awq_i4_gfx12",2006,9375351018440,9375351489126,0,0,96,0,128,256,1,1,2097152,1,1
"KERNEL_DISPATCH","Agent 2",1,0,220354,2001,23,"fused_rmsnorm_mq_rotate_awq_i4_gfx12",2001,9375330547264,9375331020389,0,0,96,0,128,256,1,1,2097152,1,1
"KERNEL_DISPATCH","Agent 2",1,0,220354,1996,22,"gdn_chunk_scan",1996,9375327090860,9375327188542,60928,0,192,0,128,512,1,1,512,48,1
"KERNEL_DISPATCH","Agent 2",1,0,220354,1991,21,"gdn_chunk_kkt_solve",1991,9375326808337,9375326831337,11776,0,104,0,128,128,1,1,1024,16,1
"KERNEL_DISPATCH","Agent 2",1,0,220354,1986,22,"gdn_chunk_scan",1986,9375326448692,9375326547694,60928,0,192,0,128,512,1,1,512,48,1
"KERNEL_DISPATCH","Agent 2",1,0,220354,1981,21,"gdn_chunk_kkt_solve",1981,9375326165649,9375326188409,11776,0,104,0,128,128,1,1,1024,16,1
"KERNEL_DISPATCH","Agent 2",1,0,220354,1976,22,"gdn_chunk_scan",1976,9375325804964,9375325904925,60928,0,192,0,128,512,1,1,512,48,1
"KERNEL_DISPATCH","Agent 2",1,0,220354,2078,21,"gdn_chunk_kkt_solve",2078,9375433388431,9375433410911,11776,0,104,0,128,128,1,1,1024,16,1
"KERNEL_DISPATCH","Agent 2",1,0,220354,1971,21,"gdn_chunk_kkt_solve",1971,9375325521521,9375325544201,11776,0,104,0,128,128,1,1,1024,16,1
"KERNEL_DISPATCH","Agent 2",1,0,220354,2073,20,"gdn_chunk_prep",2073,9375432222136,9375433125867,0,0,72,0,128,256,1,1,32768,10,1
"KERNEL_DISPATCH","Agent 2",1,0,220354,1966,20,"gdn_chunk_prep",1966,9375324348426,9375325256517,0,0,72,0,128,256,1,1,32768,10,1
"KERNEL_DISPATCH","Agent 2",1,0,220354,2068,23,"fused_rmsnorm_mq_rotate_awq_i4_gfx12",2068,9375426081619,9375426545825,0,0,96,0,128,256,1,1,2097152,1,1
"KERNEL_DISPATCH","Agent 2",1,0,220354,1961,23,"fused_rmsnorm_mq_rotate_awq_i4_gfx12",1961,9375318164989,9375318634434,0,0,96,0,128,256,1,1,2097152,1,1
"KERNEL_DISPATCH","Agent 2",1,0,220354,2063,23,"fused_rmsnorm_mq_rotate_awq_i4_gfx12",2063,9375406247731,9375406685656,0,0,96,0,128,256,1,1,2097152,1,1
"KERNEL_DISPATCH","Agent 2",1,0,220354,2058,35,"kv_cache_write_fp8_e4m3_batched",2058,9375390995780,9375391061141,0,0,56,0,128,32,1,1,128,8192,1
"KERNEL_DISPATCH","Agent 2",1,0,220354,2053,24,"gemm_mq4g256v2_residual_mmq_iu4_full_set_symfold",2053,9375388274826,9375388626750,0,0,184,0,128,256,1,1,2048,64,1
"KERNEL_DISPATCH","Agent 2",1,0,220354,2048,24,"gemm_mq4g256v2_residual_mmq_iu4_full_set_symfold",2048,9375369586992,9375375477386,0,0,184,0,128,256,1,1,34816,64,1
"KERNEL_DISPATCH","Agent 2",1,0,220354,3039,21,"gdn_chunk_kkt_solve",3039,9376310911973,9376310934694,11776,0,104,0,128,128,1,1,1024,16,1
"KERNEL_DISPATCH","Agent 2",1,0,220354,2043,22,"gdn_chunk_scan",2043,9375360055713,9375360152514,60928,0,192,0,128,512,1,1,512,48,1
"KERNEL_DISPATCH","Agent 2",1,0,220354,2038,21,"gdn_chunk_kkt_solve",2038,9375359775469,9375359797790,11776,0,104,0,128,128,1,1,1024,16,1
"KERNEL_DISPATCH","Agent 2",1,0,220354,2033,22,"gdn_chunk_scan",2033,9375359417065,9375359515866,60928,0,192,0,128,512,1,1,512,48,1
"KERNEL_DISPATCH","Agent 2",1,0,220354,2028,21,"gdn_chunk_kkt_solve",2028,9375359135301,9375359157942,11776,0,104,0,128,128,1,1,1024,16,1
"KERNEL_DISPATCH","Agent 2",1,0,220354,2023,22,"gdn_chunk_scan",2023,9375358776577,9375358876018,60928,0,192,0,128,512,1,1,512,48,1
"KERNEL_DISPATCH","Agent 2",1,0,220354,2018,21,"gdn_chunk_kkt_solve",2018,9375358492973,9375358515894,11776,0,104,0,128,128,1,1,1024,16,1
"KERNEL_DISPATCH","Agent 2",1,0,220354,2013,22,"gdn_chunk_scan",2013,9375358130889,9375358232730,60928,0,192,0,128,512,1,1,512,48,1
"KERNEL_DISPATCH","Agent 2",1,0,220354,2008,24,"gemm_mq4g256v2_residual_mmq_iu4_full_set_symfold",2008,9375354990889,9375357059635,0,0,184,0,128,256,1,1,12288,64,1
"KERNEL_DISPATCH","Agent 2",1,0,220354,2003,24,"gemm_mq4g256v2_residual_mmq_iu4_full_set_symfold",2003,9375336975104,9375342800497,0,0,184,0,128,256,1,1,34816,64,1
"KERNEL_DISPATCH","Agent 2",1,0,220354,1998,22,"gdn_chunk_scan",1998,9375327217822,9375327315863,60928,0,192,0,128,512,1,1,512,48,1
"KERNEL_DISPATCH","Agent 2",1,0,220354,1993,21,"gdn_chunk_kkt_solve",1993,9375326937618,9375326960339,11776,0,104,0,128,128,1,1,1024,16,1
"KERNEL_DISPATCH","Agent 2",1,0,220354,1956,23,"fused_rmsnorm_mq_rotate_awq_i4_gfx12",1956,9375297811974,9375298272660,0,0,96,0,128,256,1,1,2097152,1,1
"KERNEL_DISPATCH","Agent 2",1,0,220354,3034,22,"gdn_chunk_scan",3034,9376310552489,9376310651330,60928,0,192,0,128,512,1,1,512,48,1
"KERNEL_DISPATCH","Agent 2",1,0,220354,1951,22,"gdn_chunk_scan",1951,9375294421971,9375294518413,60928,0,192,0,128,512,1,1,512,48,1
"KERNEL_DISPATCH","Agent 2",1,0,220354,3029,24,"gemm_mq4g256v2_residual_mmq_iu4_full_set_symfold",3029,9376309426475,9376309485116,0,0,184,0,128,256,1,1,256,64,1
"KERNEL_DISPATCH","Agent 2",1,0,220354,1946,21,"gdn_chunk_kkt_solve",1946,9375294145728,9375294168008,11776,0,104,0,128,128,1,1,1024,16,1
"KERNEL_DISPATCH","Agent 2",1,0,220354,1941,22,"gdn_chunk_scan",1941,9375293793764,9375293891485,60928,0,192,0,128,512,1,1,512,48,1
"KERNEL_DISPATCH","Agent 2",1,0,220354,1936,21,"gdn_chunk_kkt_solve",1936,9375293515400,9375293537720,11776,0,104,0,128,128,1,1,1024,16,1
"KERNEL_DISPATCH","Agent 2",1,0,220354,1931,22,"gdn_chunk_scan",1931,9375293163116,9375293260077,60928,0,192,0,128,512,1,1,512,48,1
"KERNEL_DISPATCH","Agent 2",1,0,220354,1926,21,"gdn_chunk_kkt_solve",1926,9375292885512,9375292907792,11776,0,104,0,128,128,1,1,1024,16,1
"KERNEL_DISPATCH","Agent 2",1,0,220354,1921,20,"gdn_chunk_prep",1921,9375291723818,9375292624429,0,0,72,0,128,256,1,1,32768,10,1
"KERNEL_DISPATCH","Agent 2",1,0,220354,1916,23,"fused_rmsnorm_mq_rotate_awq_i4_gfx12",1916,9375285579701,9375286045307,0,0,96,0,128,256,1,1,2097152,1,1
"KERNEL_DISPATCH","Agent 2",1,0,220354,1911,23,"fused_rmsnorm_mq_rotate_awq_i4_gfx12",1911,9375265620691,9375266060576,0,0,96,0,128,256,1,1,2097152,1,1
"KERNEL_DISPATCH","Agent 2",1,0,220354,1906,35,"kv_cache_write_fp8_e4m3_batched",1906,9375250263099,9375250328940,0,0,56,0,128,32,1,1,128,8192,1
"KERNEL_DISPATCH","Agent 2",1,0,220354,1901,24,"gemm_mq4g256v2_residual_mmq_iu4_full_set_symfold",1901,9375247535225,9375247887469,0,0,184,0,128,256,1,1,2048,64,1
"KERNEL_DISPATCH","Agent 2",1,0,220354,1896,24,"gemm_mq4g256v2_residual_mmq_iu4_full_set_symfold",1896,9375228859831,9375234686024,0,0,184,0,128,256,1,1,34816,64,1
"KERNEL_DISPATCH","Agent 2",1,0,220354,1891,22,"gdn_chunk_scan",1891,9375219077228,9375219175630,60928,0,192,0,128,512,1,1,512,48,1
"KERNEL_DISPATCH","Agent 2",1,0,220354,1886,21,"gdn_chunk_kkt_solve",1886,9375218795505,9375218818025,11776,0,104,0,128,128,1,1,1024,16,1
"KERNEL_DISPATCH","Agent 2",1,0,220354,1881,22,"gdn_chunk_scan",1881,9375218436380,9375218535582,60928,0,192,0,128,512,1,1,512,48,1
"KERNEL_DISPATCH","Agent 2",1,0,220354,1876,21,"gdn_chunk_kkt_solve",1876,9375218153257,9375218175977,11776,0,104,0,128,128,1,1,1024,16,1
"KERNEL_DISPATCH","Agent 2",1,0,220354,1871,22,"gdn_chunk_scan",1871,9375217793492,9375217893294,60928,0,192,0,128,512,1,1,512,48,1
"KERNEL_DISPATCH","Agent 2",1,0,220354,1866,21,"gdn_chunk_kkt_solve",1866,9375217508369,9375217531609,11776,0,104,0,128,128,1,1,1024,16,1
"KERNEL_DISPATCH","Agent 2",1,0,220354,1861,22,"gdn_chunk_scan",1861,9375217145564,9375217247886,60928,0,192,0,128,512,1,1,512,48,1
"KERNEL_DISPATCH","Agent 2",1,0,220354,1856,24,"gemm_mq4g256v2_residual_mmq_iu4_full_set_symfold",1856,9375213994005,9375216076311,0,0,184,0,128,256,1,1,12288,64,1
"KERNEL_DISPATCH","Agent 2",1,0,220354,1851,24,"gemm_mq4g256v2_residual_mmq_iu4_full_set_symfold",1851,9375196035260,9375201852293,0,0,184,0,128,256,1,1,34816,64,1
"KERNEL_DISPATCH","Agent 2",1,0,220354,1846,22,"gdn_chunk_scan",1846,9375186495861,9375186593142,60928,0,192,0,128,512,1,1,512,48,1
"KERNEL_DISPATCH","Agent 2",1,0,220354,1841,21,"gdn_chunk_kkt_solve",1841,9375186217337,9375186239697,11776,0,104,0,128,128,1,1,1024,16,1
"KERNEL_DISPATCH","Agent 2",1,0,220354,1836,22,"gdn_chunk_scan",1836,9375185863413,9375185961774,60928,0,192,0,128,512,1,1,512,48,1
"KERNEL_DISPATCH","Agent 2",1,0,220354,1831,21,"gdn_chunk_kkt_solve",1831,9375185583049,9375185605250,11776,0,104,0,128,128,1,1,1024,16,1
"KERNEL_DISPATCH","Agent 2",1,0,220354,1826,22,"gdn_chunk_scan",1826,9375185226085,9375185324126,60928,0,192,0,128,512,1,1,512,48,1
"KERNEL_DISPATCH","Agent 2",1,0,220354,1821,21,"gdn_chunk_kkt_solve",1821,9375184946681,9375184968962,11776,0,104,0,128,128,1,1,1024,16,1
"KERNEL_DISPATCH","Agent 2",1,0,220354,1816,22,"gdn_chunk_scan",1816,9375184586797,9375184688398,60928,0,192,0,128,512,1,1,512,48,1
"KERNEL_DISPATCH","Agent 2",1,0,220354,1811,24,"gemm_mq4g256v2_residual_mmq_iu4_full_set_symfold",1811,9375181445157,9375183518783,0,0,184,0,128,256,1,1,12288,64,1
"KERNEL_DISPATCH","Agent 2",1,0,220354,1806,24,"gemm_mq4g256v2_residual_mmq_iu4_full_set_symfold",1806,9375163298410,9375169148524,0,0,184,0,128,256,1,1,34816,64,1
"KERNEL_DISPATCH","Agent 2",1,0,220354,1801,22,"gdn_chunk_scan",1801,9375153663730,9375153761571,60928,0,192,0,128,512,1,1,512,48,1
"KERNEL_DISPATCH","Agent 2",1,0,220354,1796,21,"gdn_chunk_kkt_solve",1796,9375153385726,9375153407807,11776,0,104,0,128,128,1,1,1024,16,1
"KERNEL_DISPATCH","Agent 2",1,0,220354,1791,22,"gdn_chunk_scan",1791,9375153032162,9375153129523,60928,0,192,0,128,512,1,1,512,48,1
"KERNEL_DISPATCH","Agent 2",1,0,220354,1786,21,"gdn_chunk_kkt_solve",1786,9375152752038,9375152774559,11776,0,104,0,128,128,1,1,1024,16,1
"KERNEL_DISPATCH","Agent 2",1,0,220354,1781,22,"gdn_chunk_scan",1781,9375152395434,9375152494035,60928,0,192,0,128,512,1,1,512,48,1
"KERNEL_DISPATCH","Agent 2",1,0,220354,1776,21,"gdn_chunk_kkt_solve",1776,9375152114470,9375152137551,11776,0,104,0,128,128,1,1,1024,16,1
"KERNEL_DISPATCH","Agent 2",1,0,220354,1771,22,"gdn_chunk_scan",1771,9375151754466,9375151855987,60928,0,192,0,128,512,1,1,512,48,1
"KERNEL_DISPATCH","Agent 2",1,0,220354,1766,24,"gemm_mq4g256v2_residual_mmq_iu4_full_set_symfold",1766,9375148609347,9375150682812,0,0,184,0,128,256,1,1,12288,64,1
"KERNEL_DISPATCH","Agent 2",1,0,220354,1761,24,"gemm_mq4g256v2_residual_mmq_iu4_full_set_symfold",1761,9375130692682,9375136384033,0,0,184,0,128,256,1,1,34816,64,1
"KERNEL_DISPATCH","Agent 2",1,0,220354,1756,43,"attention_fp8_e4m3_fa2_gqa_packet_gfx1201",1756,9375109588338,9375121932933,0,0,240,0,128,256,1,1,6144,4,16
"KERNEL_DISPATCH","Agent 2",1,0,220354,1751,30,"deinterleave_q_rmsnorm_f32_batched",1751,9375107417631,9375108813008,0,0,24,0,128,256,1,1,6144,8192,1
"KERNEL_DISPATCH","Agent 2",1,0,220354,1746,25,"gemm_mq4g256v2_residual_mmq_iu4_full_add_symfold",1746,9375095993448,9375102050204,0,0,184,0,128,256,1,1,10240,64,1
"KERNEL_DISPATCH","Agent 2",1,0,220354,1741,25,"gemm_mq4g256v2_residual_mmq_iu4_full_add_symfold",1741,9375079604363,9375081766590,0,0,184,0,128,256,1,1,10240,64,1
"KERNEL_DISPATCH","Agent 2",1,0,220354,1988,22,"gdn_chunk_scan",1988,9375326577174,9375326676135,60928,0,192,0,128,512,1,1,512,48,1
"KERNEL_DISPATCH","Agent 2",1,0,220354,1736,21,"gdn_chunk_kkt_solve",1736,9375078358107,9375078380508,11776,0,104,0,128,128,1,1,1024,16,1
"KERNEL_DISPATCH","Agent 2",1,0,220354,1983,21,"gdn_chunk_kkt_solve",1983,9375326294290,9375326316611,11776,0,104,0,128,128,1,1,1024,16,1
"KERNEL_DISPATCH","Agent 2",1,0,220354,1731,22,"gdn_chunk_scan",1731,9375078003863,9375078101224,60928,0,192,0,128,512,1,1,512,48,1
"KERNEL_DISPATCH","Agent 2",1,0,220354,1978,22,"gdn_chunk_scan",1978,9375325934246,9375326033367,60928,0,192,0,128,512,1,1,512,48,1
"KERNEL_DISPATCH","Agent 2",1,0,220354,3024,25,"gemm_mq4g256v2_residual_mmq_iu4_full_add_symfold",3024,9376297142201,9376303266838,0,0,184,0,128,256,1,1,10240,64,1
"KERNEL_DISPATCH","Agent 2",1,0,220354,1973,21,"gdn_chunk_kkt_solve",1973,9375325650322,9375325673043,11776,0,104,0,128,128,1,1,1024,16,1
"KERNEL_DISPATCH","Agent 2",1,0,220354,3019,25,"gemm_mq4g256v2_residual_mmq_iu4_full_add_symfold",3019,9376280621114,9376282808342,0,0,184,0,128,256,1,1,10240,64,1
"KERNEL_DISPATCH","Agent 2",1,0,220354,1968,22,"gdn_chunk_scan",1968,9375325286918,9375325389159,60928,0,192,0,128,512,1,1,512,48,1
"KERNEL_DISPATCH","Agent 2",1,0,220354,3014,21,"gdn_chunk_kkt_solve",3014,9376279367819,9376279390459,11776,0,104,0,128,128,1,1,1024,16,1
"KERNEL_DISPATCH","Agent 2",1,0,220354,1963,24,"gemm_mq4g256v2_residual_mmq_iu4_full_set_symfold",1963,9375322132238,9375324208824,0,0,184,0,128,256,1,1,12288,64,1
"KERNEL_DISPATCH","Agent 2",1,0,220354,3009,22,"gdn_chunk_scan",3009,9376279014774,9376279111975,60928,0,192,0,128,512,1,1,512,48,1
"KERNEL_DISPATCH","Agent 2",1,0,220354,1958,24,"gemm_mq4g256v2_residual_mmq_iu4_full_set_symfold",1958,9375304099493,9375309948646,0,0,184,0,128,256,1,1,34816,64,1
"KERNEL_DISPATCH","Agent 2",1,0,220354,3004,21,"gdn_chunk_kkt_solve",3004,9376278733811,9376278756211,11776,0,104,0,128,128,1,1,1024,16,1
"KERNEL_DISPATCH","Agent 2",1,0,220354,1953,22,"gdn_chunk_scan",1953,9375294547293,9375294643974,60928,0,192,0,128,512,1,1,512,48,1
"KERNEL_DISPATCH","Agent 2",1,0,220354,2999,22,"gdn_chunk_scan",2999,9376278376766,9376278475207,60928,0,192,0,128,512,1,1,512,48,1
"KERNEL_DISPATCH","Agent 2",1,0,220354,1948,21,"gdn_chunk_kkt_solve",1948,9375294271570,9375294293490,11776,0,104,0,128,128,1,1,1024,16,1
"KERNEL_DISPATCH","Agent 2",1,0,220354,2994,21,"gdn_chunk_kkt_solve",2994,9376278096003,9376278118763,11776,0,104,0,128,128,1,1,1024,16,1
"KERNEL_DISPATCH","Agent 2",1,0,220354,1943,22,"gdn_chunk_scan",1943,9375293920205,9375294016926,60928,0,192,0,128,512,1,1,512,48,1
"KERNEL_DISPATCH","Agent 2",1,0,220354,2989,22,"gdn_chunk_scan",2989,9376277738318,9376277836999,60928,0,192,0,128,512,1,1,512,48,1
"KERNEL_DISPATCH","Agent 2",1,0,220354,1938,21,"gdn_chunk_kkt_solve",1938,9375293641562,9375293663682,11776,0,104,0,128,128,1,1,1024,16,1
"KERNEL_DISPATCH","Agent 2",1,0,220354,2984,24,"gemm_mq4g256v2_residual_mmq_iu4_full_set_symfold",2984,9376276607704,9376276665865,0,0,184,0,128,256,1,1,256,64,1
"KERNEL_DISPATCH","Agent 2",1,0,220354,1933,22,"gdn_chunk_scan",1933,9375293288797,9375293385558,60928,0,192,0,128,512,1,1,512,48,1
"KERNEL_DISPATCH","Agent 2",1,0,220354,2979,25,"gemm_mq4g256v2_residual_mmq_iu4_full_add_symfold",2979,9376264540673,9376270536388,0,0,184,0,128,256,1,1,10240,64,1
"KERNEL_DISPATCH","Agent 2",1,0,220354,1928,21,"gdn_chunk_kkt_solve",1928,9375293011314,9375293033794,11776,0,104,0,128,128,1,1,1024,16,1
"KERNEL_DISPATCH","Agent 2",1,0,220354,2974,25,"gemm_mq4g256v2_residual_mmq_iu4_full_add_symfold",2974,9376248643594,9376250681140,0,0,184,0,128,256,1,1,10240,64,1
"KERNEL_DISPATCH","Agent 2",1,0,220354,1923,22,"gdn_chunk_scan",1923,9375292654469,9375292755271,60928,0,192,0,128,512,1,1,512,48,1
"KERNEL_DISPATCH","Agent 2",1,0,220354,2969,33,"rope_partial_halfsplit_batched_f32",2969,9376234970463,9376235337068,0,0,16,0,128,32,1,1,32,8192,1
"KERNEL_DISPATCH","Agent 2",1,0,220354,1918,24,"gemm_mq4g256v2_residual_mmq_iu4_full_set_symfold",1918,9375289529270,9375291587896,0,0,184,0,128,256,1,1,12288,64,1
"KERNEL_DISPATCH","Agent 2",1,0,220354,2964,24,"gemm_mq4g256v2_residual_mmq_iu4_full_set_symfold",2964,9376228434821,9376232601953,0,0,184,0,128,256,1,1,24576,64,1
"KERNEL_DISPATCH","Agent 2",1,0,220354,1913,24,"gemm_mq4g256v2_residual_mmq_iu4_full_set_symfold",1913,9375271703487,9375277343798,0,0,184,0,128,256,1,1,34816,64,1
"KERNEL_DISPATCH","Agent 2",1,0,220354,2959,24,"gemm_mq4g256v2_residual_mmq_iu4_full_set_symfold",2959,9376208026126,9376213904479,0,0,184,0,128,256,1,1,34816,64,1
"KERNEL_DISPATCH","Agent 2",1,0,220354,1908,43,"attention_fp8_e4m3_fa2_gqa_packet_gfx1201",1908,9375250425101,9375262824416,0,0,240,0,128,256,1,1,6144,4,16
"KERNEL_DISPATCH","Agent 2",1,0,220354,2954,21,"gdn_chunk_kkt_solve",2954,9376204195998,9376204218638,11776,0,104,0,128,128,1,1,1024,16,1
"KERNEL_DISPATCH","Agent 2",1,0,220354,1903,30,"deinterleave_q_rmsnorm_f32_batched",1903,9375248247194,9375249644611,0,0,24,0,128,256,1,1,6144,8192,1
"KERNEL_DISPATCH","Agent 2",1,0,220354,2949,22,"gdn_chunk_scan",2949,9376203837433,9376203937475,60928,0,192,0,128,512,1,1,512,48,1
"KERNEL_DISPATCH","Agent 2",1,0,220354,1898,25,"gemm_mq4g256v2_residual_mmq_iu4_full_add_symfold",1898,9375236829611,9375242876326,0,0,184,0,128,256,1,1,10240,64,1
"KERNEL_DISPATCH","Agent 2",1,0,220354,2944,21,"gdn_chunk_kkt_solve",2944,9376203553270,9376203575870,11776,0,104,0,128,128,1,1,1024,16,1
"KERNEL_DISPATCH","Agent 2",1,0,220354,1893,25,"gemm_mq4g256v2_residual_mmq_iu4_full_add_symfold",1893,9375220188482,9375222398350,0,0,184,0,128,256,1,1,10240,64,1
"KERNEL_DISPATCH","Agent 2",1,0,220354,2939,22,"gdn_chunk_scan",2939,9376203193145,9376203292146,60928,0,192,0,128,512,1,1,512,48,1
"KERNEL_DISPATCH","Agent 2",1,0,220354,1888,21,"gdn_chunk_kkt_solve",1888,9375218923787,9375218946467,11776,0,104,0,128,128,1,1,1024,16,1
"KERNEL_DISPATCH","Agent 2",1,0,220354,2934,21,"gdn_chunk_kkt_solve",2934,9376202907582,9376202930382,11776,0,104,0,128,128,1,1,1024,16,1
"KERNEL_DISPATCH","Agent 2",1,0,220354,1883,22,"gdn_chunk_scan",1883,9375218565262,9375218663703,60928,0,192,0,128,512,1,1,512,48,1
"KERNEL_DISPATCH","Agent 2",1,0,220354,2929,22,"gdn_chunk_scan",2929,9376202542137,9376202642458,60928,0,192,0,128,512,1,1,512,48,1
"KERNEL_DISPATCH","Agent 2",1,0,220354,1878,21,"gdn_chunk_kkt_solve",1878,9375218282018,9375218304659,11776,0,104,0,128,128,1,1,1024,16,1
"KERNEL_DISPATCH","Agent 2",1,0,220354,2924,21,"gdn_chunk_kkt_solve",2924,9376202251293,9376202274414,11776,0,104,0,128,128,1,1,1024,16,1
"KERNEL_DISPATCH","Agent 2",1,0,220354,1873,22,"gdn_chunk_scan",1873,9375217923054,9375218022015,60928,0,192,0,128,512,1,1,512,48,1
"KERNEL_DISPATCH","Agent 2",1,0,220354,2919,24,"gemm_mq4g256v2_residual_mmq_iu4_full_set_symfold",2919,9376195575330,9376199080014,0,0,184,0,128,256,1,1,20480,64,1
"KERNEL_DISPATCH","Agent 2",1,0,220354,1868,21,"gdn_chunk_kkt_solve",1868,9375217637810,9375217660851,11776,0,104,0,128,128,1,1,1024,16,1
"KERNEL_DISPATCH","Agent 2",1,0,220354,2914,24,"gemm_mq4g256v2_residual_mmq_iu4_full_set_symfold",2914,9376175190795,9376181110749,0,0,184,0,128,256,1,1,34816,64,1
"KERNEL_DISPATCH","Agent 2",1,0,220354,1863,22,"gdn_chunk_scan",1863,9375217277446,9375217376287,60928,0,192,0,128,512,1,1,512,48,1
"KERNEL_DISPATCH","Agent 2",1,0,220354,2909,21,"gdn_chunk_kkt_solve",2909,9376171377827,9376171400587,11776,0,104,0,128,128,1,1,1024,16,1
"KERNEL_DISPATCH","Agent 2",1,0,220354,1858,24,"gemm_mq4g256v2_residual_mmq_iu4_full_set_symfold",1858,9375216153192,9375216212033,0,0,184,0,128,256,1,1,256,64,1
"KERNEL_DISPATCH","Agent 2",1,0,220354,2904,22,"gdn_chunk_scan",2904,9376171023503,9376171121104,60928,0,192,0,128,512,1,1,512,48,1
"KERNEL_DISPATCH","Agent 2",1,0,220354,1853,25,"gemm_mq4g256v2_residual_mmq_iu4_full_add_symfold",1853,9375203983240,9375210007795,0,0,184,0,128,256,1,1,10240,64,1
"KERNEL_DISPATCH","Agent 2",1,0,220354,2899,21,"gdn_chunk_kkt_solve",2899,9376170739979,9376170762459,11776,0,104,0,128,128,1,1,1024,16,1
"KERNEL_DISPATCH","Agent 2",1,0,220354,1848,25,"gemm_mq4g256v2_residual_mmq_iu4_full_add_symfold",1848,9375187583914,9375189739741,0,0,184,0,128,256,1,1,10240,64,1
"KERNEL_DISPATCH","Agent 2",1,0,220354,1843,21,"gdn_chunk_kkt_solve",1843,9375186343659,9375186365979,11776,0,104,0,128,128,1,1,1024,16,1
"KERNEL_DISPATCH","Agent 2",1,0,220354,1838,22,"gdn_chunk_scan",1838,9375185991174,9375186088336,60928,0,192,0,128,512,1,1,512,48,1
"KERNEL_DISPATCH","Agent 2",1,0,220354,1833,21,"gdn_chunk_kkt_solve",1833,9375185709971,9375185732411,11776,0,104,0,128,128,1,1,1024,16,1
"KERNEL_DISPATCH","Agent 2",1,0,220354,1828,22,"gdn_chunk_scan",1828,9375185353486,9375185452088,60928,0,192,0,128,512,1,1,512,48,1
"KERNEL_DISPATCH","Agent 2",1,0,220354,1823,21,"gdn_chunk_kkt_solve",1823,9375185073403,9375185095963,11776,0,104,0,128,128,1,1,1024,16,1
"KERNEL_DISPATCH","Agent 2",1,0,220354,1818,22,"gdn_chunk_scan",1818,9375184717718,9375184815880,60928,0,192,0,128,512,1,1,512,48,1
"KERNEL_DISPATCH","Agent 2",1,0,220354,1726,21,"gdn_chunk_kkt_solve",1726,9375077721739,9375077744340,11776,0,104,0,128,128,1,1,1024,16,1
"KERNEL_DISPATCH","Agent 2",1,0,220354,3287,52,"gemv_mq4g256v2_multirow_r2",3287,9376552007830,9376553097164,0,0,96,0,128,32,1,1,3973120,1,1
"KERNEL_DISPATCH","Agent 2",1,0,220354,2894,22,"gdn_chunk_scan",2894,9376170374535,9376170473256,60928,0,192,0,128,512,1,1,512,48,1
"KERNEL_DISPATCH","Agent 2",1,0,220354,1721,22,"gdn_chunk_scan",1721,9375077363335,9375077461976,60928,0,192,0,128,512,1,1,512,48,1
"KERNEL_DISPATCH","Agent 2",1,0,220354,2889,21,"gdn_chunk_kkt_solve",2889,9376170091851,9376170114411,11776,0,104,0,128,128,1,1,1024,16,1
"KERNEL_DISPATCH","Agent 2",1,0,220354,1716,21,"gdn_chunk_kkt_solve",1716,9375077081171,9375077103932,11776,0,104,0,128,128,1,1,1024,16,1
"KERNEL_DISPATCH","Agent 2",1,0,220354,1711,22,"gdn_chunk_scan",1711,9375076723487,9375076822168,60928,0,192,0,128,512,1,1,512,48,1
"KERNEL_DISPATCH","Agent 2",1,0,220354,3282,29,"fused_silu_mul_mq_rotate_awq_i4_gfx12",3282,9376543904569,9376546016036,0,0,56,0,128,32,1,1,2176,8192,1
"KERNEL_DISPATCH","Agent 2",1,0,220354,1813,24,"gemm_mq4g256v2_residual_mmq_iu4_full_set_symfold",1813,9375183595064,9375183653705,0,0,184,0,128,256,1,1,256,64,1
"KERNEL_DISPATCH","Agent 2",1,0,220354,2884,22,"gdn_chunk_scan",2884,9376169731446,9376169831088,60928,0,192,0,128,512,1,1,512,48,1
"KERNEL_DISPATCH","Agent 2",1,0,220354,1808,25,"gemm_mq4g256v2_residual_mmq_iu4_full_add_symfold",1808,9375171281710,9375177454948,0,0,184,0,128,256,1,1,10240,64,1
"KERNEL_DISPATCH","Agent 2",1,0,220354,2879,21,"gdn_chunk_kkt_solve",2879,9376169443763,9376169466723,11776,0,104,0,128,128,1,1,1024,16,1
"KERNEL_DISPATCH","Agent 2",1,0,220354,2874,24,"gemm_mq4g256v2_residual_mmq_iu4_full_set_symfold",2874,9376162832360,9376166312564,0,0,184,0,128,256,1,1,20480,64,1
"KERNEL_DISPATCH","Agent 2",1,0,220354,2869,24,"gemm_mq4g256v2_residual_mmq_iu4_full_set_symfold",2869,9376142410105,9376148241858,0,0,184,0,128,256,1,1,34816,64,1
"KERNEL_DISPATCH","Agent 2",1,0,220354,1706,24,"gemm_mq4g256v2_residual_mmq_iu4_full_set_symfold",1706,9375075592353,9375075651153,0,0,184,0,128,256,1,1,256,64,1
"KERNEL_DISPATCH","Agent 2",1,0,220354,2864,21,"gdn_chunk_kkt_solve",2864,9376138639977,9376138662778,11776,0,104,0,128,128,1,1,1024,16,1
"KERNEL_DISPATCH","Agent 2",1,0,220354,1701,25,"gemm_mq4g256v2_residual_mmq_iu4_full_add_symfold",1701,9375063316999,9375069429436,0,0,184,0,128,256,1,1,10240,64,1
"KERNEL_DISPATCH","Agent 2",1,0,220354,1696,25,"gemm_mq4g256v2_residual_mmq_iu4_full_add_symfold",1696,9375046866513,9375049045260,0,0,184,0,128,256,1,1,10240,64,1
"KERNEL_DISPATCH","Agent 2",1,0,220354,1691,21,"gdn_chunk_kkt_solve",1691,9375045610457,9375045632898,11776,0,104,0,128,128,1,1,1024,16,1
"KERNEL_DISPATCH","Agent 2",1,0,220354,1686,22,"gdn_chunk_scan",1686,9375045254053,9375045352014,60928,0,192,0,128,512,1,1,512,48,1
"KERNEL_DISPATCH","Agent 2",1,0,220354,3288,6,"__amd_rocclr_fillBufferUnAligned",3288,9376553228915,9376553231315,0,0,8,0,128,256,1,1,8192,1,1
"KERNEL_DISPATCH","Agent 2",1,0,220354,1681,21,"gdn_chunk_kkt_solve",1681,9375044971969,9375044994530,11776,0,104,0,128,128,1,1,1024,16,1
"KERNEL_DISPATCH","Agent 2",1,0,220354,1676,22,"gdn_chunk_scan",1676,9375044610405,9375044709926,60928,0,192,0,128,512,1,1,512,48,1
"KERNEL_DISPATCH","Agent 2",1,0,220354,1671,21,"gdn_chunk_kkt_solve",1671,9375044324961,9375044347922,11776,0,104,0,128,128,1,1,1024,16,1
"KERNEL_DISPATCH","Agent 2",1,0,220354,3289,6,"__amd_rocclr_fillBufferUnAligned",3289,9376553235395,9376553237235,0,0,8,0,128,256,1,1,8192,1,1
"KERNEL_DISPATCH","Agent 2",1,0,220354,2859,22,"gdn_chunk_scan",2859,9376138286053,9376138383174,60928,0,192,0,128,512,1,1,512,48,1
"KERNEL_DISPATCH","Agent 2",1,0,220354,1803,25,"gemm_mq4g256v2_residual_mmq_iu4_full_add_symfold",1803,9375154762704,9375156937091,0,0,184,0,128,256,1,1,10240,64,1
"KERNEL_DISPATCH","Agent 2",1,0,220354,1798,21,"gdn_chunk_kkt_solve",1798,9375153511608,9375153533728,11776,0,104,0,128,128,1,1,1024,16,1
"KERNEL_DISPATCH","Agent 2",1,0,220354,2854,21,"gdn_chunk_kkt_solve",2854,9376138007489,9376138029610,11776,0,104,0,128,128,1,1,1024,16,1
"KERNEL_DISPATCH","Agent 2",1,0,220354,2849,22,"gdn_chunk_scan",2849,9376137650645,9376137748566,60928,0,192,0,128,512,1,1,512,48,1
"KERNEL_DISPATCH","Agent 2",1,0,220354,3291,6,"__amd_rocclr_fillBufferUnAligned",3291,9376553246595,9376553248395,0,0,8,0,128,256,1,1,8192,1,1
"KERNEL_DISPATCH","Agent 2",1,0,220354,2844,21,"gdn_chunk_kkt_solve",2844,9376137369321,9376137391762,11776,0,104,0,128,128,1,1,1024,16,1
"KERNEL_DISPATCH","Agent 2",1,0,220354,1666,22,"gdn_chunk_scan",1666,9375043964877,9375044063758,60928,0,192,0,128,512,1,1,512,48,1
"KERNEL_DISPATCH","Agent 2",1,0,220354,2839,22,"gdn_chunk_scan",2839,9376137011557,9376137109558,60928,0,192,0,128,512,1,1,512,48,1
"KERNEL_DISPATCH","Agent 2",1,0,220354,1661,24,"gemm_mq4g256v2_residual_mmq_iu4_full_set_symfold",1661,9375042839383,9375042898023,0,0,184,0,128,256,1,1,256,64,1
"KERNEL_DISPATCH","Agent 2",1,0,220354,1656,25,"gemm_mq4g256v2_residual_mmq_iu4_full_add_symfold",1656,9375030628790,9375036704386,0,0,184,0,128,256,1,1,10240,64,1
"KERNEL_DISPATCH","Agent 2",1,0,220354,3293,6,"__amd_rocclr_fillBufferUnAligned",3293,9376553257036,9376553259276,0,0,8,0,128,256,1,1,8192,1,1
"KERNEL_DISPATCH","Agent 2",1,0,220354,1651,25,"gemm_mq4g256v2_residual_mmq_iu4_full_add_symfold",1651,9375014086703,9375016284330,0,0,184,0,128,256,1,1,10240,64,1
"KERNEL_DISPATCH","Agent 2",1,0,220354,1793,22,"gdn_chunk_scan",1793,9375153158763,9375153256365,60928,0,192,0,128,512,1,1,512,48,1
"KERNEL_DISPATCH","Agent 2",1,0,220354,1788,21,"gdn_chunk_kkt_solve",1788,9375152879640,9375152902120,11776,0,104,0,128,128,1,1,1024,16,1
"KERNEL_DISPATCH","Agent 2",1,0,220354,3277,46,"sigmoid_mul_rotate_x_mq_awq_i4_gfx12",3277,9376529365388,9376530097117,0,0,88,0,128,32,1,1,6291456,1,1
"KERNEL_DISPATCH","Agent 2",1,0,220354,3292,6,"__amd_rocclr_fillBufferUnAligned",3292,9376553251875,9376553253555,0,0,8,0,128,256,1,1,8192,1,1
"KERNEL_DISPATCH","Agent 2",1,0,220354,1783,22,"gdn_chunk_scan",1783,9375152523475,9375152621397,60928,0,192,0,128,512,1,1,512,48,1
"KERNEL_DISPATCH","Agent 2",1,0,220354,1778,21,"gdn_chunk_kkt_solve",1778,9375152242592,9375152265192,11776,0,104,0,128,128,1,1,1024,16,1
"KERNEL_DISPATCH","Agent 2",1,0,220354,3296,6,"__amd_rocclr_fillBufferUnAligned",3296,9376553287156,9376553289036,0,0,8,0,128,256,1,1,8192,1,1
"KERNEL_DISPATCH","Agent 2",1,0,220354,3297,6,"__amd_rocclr_fillBufferUnAligned",3297,9376553292796,9376553294516,0,0,8,0,128,256,1,1,8192,1,1
"KERNEL_DISPATCH","Agent 2",1,0,220354,3298,6,"__amd_rocclr_fillBufferUnAligned",3298,9376553298036,9376553300036,0,0,8,0,128,256,1,1,8192,1,1
"KERNEL_DISPATCH","Agent 2",1,0,220354,3272,32,"rmsnorm_f32",3272,9376516242743,9376516470466,0,0,16,0,128,256,1,1,8388608,1,1
"KERNEL_DISPATCH","Agent 2",1,0,220354,1773,22,"gdn_chunk_scan",1773,9375151885588,9375151983789,60928,0,192,0,128,512,1,1,512,48,1
"KERNEL_DISPATCH","Agent 2",1,0,220354,3301,6,"__amd_rocclr_fillBufferUnAligned",3301,9376553314196,9376553315996,0,0,8,0,128,256,1,1,8192,1,1
"KERNEL_DISPATCH","Agent 2",1,0,220354,1646,21,"gdn_chunk_kkt_solve",1646,9375012826447,9375012848807,11776,0,104,0,128,128,1,1,1024,16,1
"KERNEL_DISPATCH","Agent 2",1,0,220354,1641,22,"gdn_chunk_scan",1641,9375012470003,9375012568124,60928,0,192,0,128,512,1,1,512,48,1
"KERNEL_DISPATCH","Agent 2",1,0,220354,1636,21,"gdn_chunk_kkt_solve",1636,9375012189319,9375012212039,11776,0,104,0,128,128,1,1,1024,16,1
"KERNEL_DISPATCH","Agent 2",1,0,220354,3303,6,"__amd_rocclr_fillBufferUnAligned",3303,9376553324996,9376553326716,0,0,8,0,128,256,1,1,8192,1,1
"KERNEL_DISPATCH","Agent 2",1,0,220354,1631,22,"gdn_chunk_scan",1631,9375011831275,9375011930236,60928,0,192,0,128,512,1,1,512,48,1
"KERNEL_DISPATCH","Agent 2",1,0,220354,1768,24,"gemm_mq4g256v2_residual_mmq_iu4_full_set_symfold",1768,9375150759573,9375150817414,0,0,184,0,128,256,1,1,256,64,1
"KERNEL_DISPATCH","Agent 2",1,0,220354,1626,21,"gdn_chunk_kkt_solve",1626,9375011547031,9375011569831,11776,0,104,0,128,128,1,1,1024,16,1
"KERNEL_DISPATCH","Agent 2",1,0,220354,3294,6,"__amd_rocclr_fillBufferUnAligned",3294,9376553274796,9376553276716,0,0,8,0,128,256,1,1,8192,1,1
"KERNEL_DISPATCH","Agent 2",1,0,220354,1763,25,"gemm_mq4g256v2_residual_mmq_iu4_full_add_symfold",1763,9375138518140,9375144625897,0,0,184,0,128,256,1,1,10240,64,1
"KERNEL_DISPATCH","Agent 2",1,0,220354,3304,6,"__amd_rocclr_fillBufferUnAligned",3304,9376553330156,9376553332076,0,0,8,0,128,256,1,1,8192,1,1
"KERNEL_DISPATCH","Agent 2",1,0,220354,1758,25,"gemm_mq4g256v2_residual_mmq_iu4_full_add_symfold",1758,9375122687822,9375124690327,0,0,184,0,128,256,1,1,10240,64,1
"KERNEL_DISPATCH","Agent 2",1,0,220354,3299,6,"__amd_rocclr_fillBufferUnAligned",3299,9376553303596,9376553305316,0,0,8,0,128,256,1,1,8192,1,1
"KERNEL_DISPATCH","Agent 2",1,0,220354,3306,6,"__amd_rocclr_fillBufferUnAligned",3306,9376553352357,9376553354597,0,0,8,0,128,256,1,1,8192,1,1
"KERNEL_DISPATCH","Agent 2",1,0,220354,1621,22,"gdn_chunk_scan",1621,9375011188507,9375011287028,60928,0,192,0,128,512,1,1,512,48,1
"KERNEL_DISPATCH","Agent 2",1,0,220354,1616,24,"gemm_mq4g256v2_residual_mmq_iu4_full_set_symfold",1616,9375010064293,9375010123413,0,0,184,0,128,256,1,1,256,64,1
"KERNEL_DISPATCH","Agent 2",1,0,220354,3267,23,"fused_rmsnorm_mq_rotate_awq_i4_gfx12",3267,9376509478819,9376509949104,0,0,96,0,128,256,1,1,2097152,1,1
"KERNEL_DISPATCH","Agent 2",1,0,220354,3308,6,"__amd_rocclr_fillBufferUnAligned",3308,9376553364117,9376553366077,0,0,8,0,128,256,1,1,8192,1,1
"KERNEL_DISPATCH","Agent 2",1,0,220354,1753,33,"rope_partial_halfsplit_batched_f32",1753,9375109055811,9375109422376,0,0,16,0,128,32,1,1,32,8192,1
"KERNEL_DISPATCH","Agent 2",1,0,220354,3307,6,"__amd_rocclr_fillBufferUnAligned",3307,9376553358437,9376553360437,0,0,8,0,128,256,1,1,8192,1,1
"KERNEL_DISPATCH","Agent 2",1,0,220354,3309,6,"__amd_rocclr_fillBufferUnAligned",3309,9376553369637,9376553371397,0,0,8,0,128,256,1,1,8192,1,1
"KERNEL_DISPATCH","Agent 2",1,0,220354,2834,21,"gdn_chunk_kkt_solve",2834,9376136726313,9376136749034,11776,0,104,0,128,128,1,1,1024,16,1
"KERNEL_DISPATCH","Agent 2",1,0,220354,2829,24,"gemm_mq4g256v2_residual_mmq_iu4_full_set_symfold",2829,9376130141191,9376133603634,0,0,184,0,128,256,1,1,20480,64,1
"KERNEL_DISPATCH","Agent 2",1,0,220354,2824,24,"gemm_mq4g256v2_residual_mmq_iu4_full_set_symfold",2824,9376110219142,9376115789371,0,0,184,0,128,256,1,1,34816,64,1
"KERNEL_DISPATCH","Agent 2",1,0,220354,3311,6,"__amd_rocclr_fillBufferUnAligned",3311,9376553380637,9376553382357,0,0,8,0,128,256,1,1,8192,1,1
"KERNEL_DISPATCH","Agent 2",1,0,220354,1611,25,"gemm_mq4g256v2_residual_mmq_iu4_full_add_symfold",1611,9374997988301,9375003996057,0,0,184,0,128,256,1,1,10240,64,1
"KERNEL_DISPATCH","Agent 2",1,0,220354,2819,35,"kv_cache_write_fp8_e4m3_batched",2819,9376094481825,9376094571386,0,0,56,0,128,32,1,1,128,8192,1
"KERNEL_DISPATCH","Agent 2",1,0,220354,1606,25,"gemm_mq4g256v2_residual_mmq_iu4_full_add_symfold",1606,9374982099623,9374984123048,0,0,184,0,128,256,1,1,10240,64,1
"KERNEL_DISPATCH","Agent 2",1,0,220354,1601,33,"rope_partial_halfsplit_batched_f32",1601,9374968417731,9374968783776,0,0,16,0,128,32,1,1,32,8192,1
"KERNEL_DISPATCH","Agent 2",1,0,220354,1596,24,"gemm_mq4g256v2_residual_mmq_iu4_full_set_symfold",1596,9374961885730,9374966043862,0,0,184,0,128,256,1,1,24576,64,1
"KERNEL_DISPATCH","Agent 2",1,0,220354,3314,6,"__amd_rocclr_fillBufferUnAligned",3314,9376553397317,9376553399357,0,0,8,0,128,256,1,1,8192,1,1
"KERNEL_DISPATCH","Agent 2",1,0,220354,2814,24,"gemm_mq4g256v2_residual_mmq_iu4_full_set_symfold",2814,9376092044154,9376092401279,0,0,184,0,128,256,1,1,2048,64,1
"KERNEL_DISPATCH","Agent 2",1,0,220354,2809,29,"fused_silu_mul_mq_rotate_awq_i4_gfx12",2809,9376078794268,9376080903055,0,0,56,0,128,32,1,1,2176,8192,1
"KERNEL_DISPATCH","Agent 2",1,0,220354,2804,28,"gated_norm_mq_rotate_awq_i4_gfx12",2804,9376063312435,9376064304487,1024,0,40,0,128,64,1,1,1536,8192,1
"KERNEL_DISPATCH","Agent 2",1,0,220354,2799,22,"gdn_chunk_scan",2799,9376062956950,9376063054871,60928,0,192,0,128,512,1,1,512,48,1
"KERNEL_DISPATCH","Agent 2",1,0,220354,3316,6,"__amd_rocclr_fillBufferUnAligned",3316,9376553408077,9376553409877,0,0,8,0,128,256,1,1,8192,1,1
"KERNEL_DISPATCH","Agent 2",1,0,220354,1591,24,"gemm_mq4g256v2_residual_mmq_iu4_full_set_symfold",1591,9374941612316,9374947463589,0,0,184,0,128,256,1,1,34816,64,1
"KERNEL_DISPATCH","Agent 2",1,0,220354,2794,21,"gdn_chunk_kkt_solve",2794,9376062674267,9376062697387,11776,0,104,0,128,128,1,1,1024,16,1
"KERNEL_DISPATCH","Agent 2",1,0,220354,3044,22,"gdn_chunk_scan",3044,9376311194297,9376311292698,60928,0,192,0,128,512,1,1,512,48,1
"KERNEL_DISPATCH","Agent 2",1,0,220354,1586,21,"gdn_chunk_kkt_solve",1586,9374937860069,9374937882549,11776,0,104,0,128,128,1,1,1024,16,1
"KERNEL_DISPATCH","Agent 2",1,0,220354,1581,22,"gdn_chunk_scan",1581,9374937505264,9374937602706,60928,0,192,0,128,512,1,1,512,48,1
"KERNEL_DISPATCH","Agent 2",1,0,220354,1576,21,"gdn_chunk_kkt_solve",1576,9374937226061,9374937248381,11776,0,104,0,128,128,1,1,1024,16,1
"KERNEL_DISPATCH","Agent 2",1,0,220354,3319,6,"__amd_rocclr_fillBufferUnAligned",3319,9376553424278,9376553425998,0,0,8,0,128,256,1,1,8192,1,1
"KERNEL_DISPATCH","Agent 2",1,0,220354,2789,22,"gdn_chunk_scan",2789,9376062315942,9376062414503,60928,0,192,0,128,512,1,1,512,48,1
"KERNEL_DISPATCH","Agent 2",1,0,220354,3321,6,"__amd_rocclr_fillBufferUnAligned",3321,9376553434758,9376553436838,0,0,8,0,128,256,1,1,8192,1,1
"KERNEL_DISPATCH","Agent 2",1,0,220354,2784,21,"gdn_chunk_kkt_solve",2784,9376062033139,9376062055939,11776,0,104,0,128,128,1,1,1024,16,1
"KERNEL_DISPATCH","Agent 2",1,0,220354,2779,22,"gdn_chunk_scan",2779,9376061673294,9376061772455,60928,0,192,0,128,512,1,1,512,48,1
"KERNEL_DISPATCH","Agent 2",1,0,220354,2774,21,"gdn_chunk_kkt_solve",2774,9376061389531,9376061412411,11776,0,104,0,128,128,1,1,1024,16,1
"KERNEL_DISPATCH","Agent 2",1,0,220354,1571,22,"gdn_chunk_scan",1571,9374936872376,9374936970978,60928,0,192,0,128,512,1,1,512,48,1
"KERNEL_DISPATCH","Agent 2",1,0,220354,2769,24,"gemm_mq4g256v2_residual_mmq_iu4_full_set_symfold",2769,9376060225716,9376060287677,0,0,184,0,128,256,1,1,256,64,1
"KERNEL_DISPATCH","Agent 2",1,0,220354,1566,21,"gdn_chunk_kkt_solve",1566,9374936590173,9374936612733,11776,0,104,0,128,128,1,1,1024,16,1
"KERNEL_DISPATCH","Agent 2",1,0,220354,1561,22,"gdn_chunk_scan",1561,9374936231808,9374936330610,60928,0,192,0,128,512,1,1,512,48,1
"KERNEL_DISPATCH","Agent 2",1,0,220354,1556,21,"gdn_chunk_kkt_solve",1556,9374935946285,9374935969005,11776,0,104,0,128,128,1,1,1024,16,1
"KERNEL_DISPATCH","Agent 2",1,0,220354,1551,24,"gemm_mq4g256v2_residual_mmq_iu4_full_set_symfold",1551,9374929340322,9374932819206,0,0,184,0,128,256,1,1,20480,64,1
"KERNEL_DISPATCH","Agent 2",1,0,220354,1546,24,"gemm_mq4g256v2_residual_mmq_iu4_full_set_symfold",1546,9374908937107,9374914818460,0,0,184,0,128,256,1,1,34816,64,1
"KERNEL_DISPATCH","Agent 2",1,0,220354,1541,21,"gdn_chunk_kkt_solve",1541,9374905119899,9374905142339,11776,0,104,0,128,128,1,1,1024,16,1
"KERNEL_DISPATCH","Agent 2",1,0,220354,1536,22,"gdn_chunk_scan",1536,9374904763255,9374904862056,60928,0,192,0,128,512,1,1,512,48,1
"KERNEL_DISPATCH","Agent 2",1,0,220354,1531,21,"gdn_chunk_kkt_solve",1531,9374904480331,9374904502891,11776,0,104,0,128,128,1,1,1024,16,1
"KERNEL_DISPATCH","Agent 2",1,0,220354,3324,6,"__amd_rocclr_fillBufferUnAligned",3324,9376553469638,9376553471398,0,0,8,0,128,256,1,1,8192,1,1
"KERNEL_DISPATCH","Agent 2",1,0,220354,2764,29,"fused_silu_mul_mq_rotate_awq_i4_gfx12",2764,9376046009818,9376048122604,0,0,56,0,128,32,1,1,2176,8192,1
"KERNEL_DISPATCH","Agent 2",1,0,220354,2759,28,"gated_norm_mq_rotate_awq_i4_gfx12",2759,9376030617305,9376031598518,1024,0,40,0,128,64,1,1,1536,8192,1
"KERNEL_DISPATCH","Agent 2",1,0,220354,3326,6,"__amd_rocclr_fillBufferUnAligned",3326,9376553480598,9376553482478,0,0,8,0,128,256,1,1,8192,1,1
"KERNEL_DISPATCH","Agent 2",1,0,220354,2754,22,"gdn_chunk_scan",2754,9376030262421,9376030359502,60928,0,192,0,128,512,1,1,512,48,1
"KERNEL_DISPATCH","Agent 2",1,0,220354,1526,22,"gdn_chunk_scan",1526,9374904120767,9374904219288,60928,0,192,0,128,512,1,1,512,48,1
"KERNEL_DISPATCH","Agent 2",1,0,220354,1521,21,"gdn_chunk_kkt_solve",1521,9374903836563,9374903859043,11776,0,104,0,128,128,1,1,1024,16,1
"KERNEL_DISPATCH","Agent 2",1,0,220354,2749,21,"gdn_chunk_kkt_solve",2749,9376029983697,9376030006098,11776,0,104,0,128,128,1,1,1024,16,1
"KERNEL_DISPATCH","Agent 2",1,0,220354,1516,22,"gdn_chunk_scan",1516,9374903474958,9374903573920,60928,0,192,0,128,512,1,1,512,48,1
"KERNEL_DISPATCH","Agent 2",1,0,220354,1511,21,"gdn_chunk_kkt_solve",1511,9374903188075,9374903210875,11776,0,104,0,128,128,1,1,1024,16,1
"KERNEL_DISPATCH","Agent 2",1,0,220354,1506,24,"gemm_mq4g256v2_residual_mmq_iu4_full_set_symfold",1506,9374896578792,9374900055956,0,0,184,0,128,256,1,1,20480,64,1
"KERNEL_DISPATCH","Agent 2",1,0,220354,3329,6,"__amd_rocclr_fillBufferUnAligned",3329,9376553510399,9376553512159,0,0,8,0,128,256,1,1,8192,1,1
"KERNEL_DISPATCH","Agent 2",1,0,220354,2744,22,"gdn_chunk_scan",2744,9376029623453,9376029722694,60928,0,192,0,128,512,1,1,512,48,1
"KERNEL_DISPATCH","Agent 2",1,0,220354,3331,6,"__amd_rocclr_fillBufferUnAligned",3331,9376553533119,9376553534959,0,0,8,0,128,256,1,1,8192,1,1
"KERNEL_DISPATCH","Agent 2",1,0,220354,1501,24,"gemm_mq4g256v2_residual_mmq_iu4_full_set_symfold",1501,9374876193777,9374881985570,0,0,184,0,128,256,1,1,34816,64,1
"KERNEL_DISPATCH","Agent 2",1,0,220354,1496,21,"gdn_chunk_kkt_solve",1496,9374872453210,9374872476011,11776,0,104,0,128,128,1,1,1024,16,1
"KERNEL_DISPATCH","Agent 2",1,0,220354,1491,22,"gdn_chunk_scan",1491,9374872101366,9374872198007,60928,0,192,0,128,512,1,1,512,48,1
"KERNEL_DISPATCH","Agent 2",1,0,220354,1486,21,"gdn_chunk_kkt_solve",1486,9374871821762,9374871844363,11776,0,104,0,128,128,1,1,1024,16,1
"KERNEL_DISPATCH","Agent 2",1,0,220354,1481,22,"gdn_chunk_scan",1481,9374871465998,9374871563599,60928,0,192,0,128,512,1,1,512,48,1
"KERNEL_DISPATCH","Agent 2",1,0,220354,1476,21,"gdn_chunk_kkt_solve",1476,9374871185794,9374871208275,11776,0,104,0,128,128,1,1,1024,16,1
"KERNEL_DISPATCH","Agent 2",1,0,220354,3334,6,"__amd_rocclr_fillBufferUnAligned",3334,9376553561959,9376553563919,0,0,8,0,128,256,1,1,8192,1,1
"KERNEL_DISPATCH","Agent 2",1,0,220354,2739,21,"gdn_chunk_kkt_solve",2739,9376029340489,9376029363170,11776,0,104,0,128,128,1,1,1024,16,1
"KERNEL_DISPATCH","Agent 2",1,0,220354,2734,22,"gdn_chunk_scan",2734,9376028980725,9376029079486,60928,0,192,0,128,512,1,1,512,48,1
"KERNEL_DISPATCH","Agent 2",1,0,220354,3336,6,"__amd_rocclr_fillBufferUnAligned",3336,9376553572719,9376553574839,0,0,8,0,128,256,1,1,1536,1,1
"KERNEL_DISPATCH","Agent 2",1,0,220354,1471,22,"gdn_chunk_scan",1471,9374870829710,9374870927951,60928,0,192,0,128,512,1,1,512,48,1
"KERNEL_DISPATCH","Agent 2",1,0,220354,1466,21,"gdn_chunk_kkt_solve",1466,9374870544746,9374870567467,11776,0,104,0,128,128,1,1,1024,16,1
"KERNEL_DISPATCH","Agent 2",1,0,220354,1461,24,"gemm_mq4g256v2_residual_mmq_iu4_full_set_symfold",1461,9374863978104,9374867431587,0,0,184,0,128,256,1,1,20480,64,1
"KERNEL_DISPATCH","Agent 2",1,0,220354,1456,24,"gemm_mq4g256v2_residual_mmq_iu4_full_set_symfold",1456,9374844074615,9374849577044,0,0,184,0,128,256,1,1,34816,64,1
"KERNEL_DISPATCH","Agent 2",1,0,220354,1451,35,"kv_cache_write_fp8_e4m3_batched",1451,9374828333298,9374828422499,0,0,56,0,128,32,1,1,128,8192,1
"KERNEL_DISPATCH","Agent 2",1,0,220354,1446,24,"gemm_mq4g256v2_residual_mmq_iu4_full_set_symfold",1446,9374825888227,9374826240792,0,0,184,0,128,256,1,1,2048,64,1
"KERNEL_DISPATCH","Agent 2",1,0,220354,2729,21,"gdn_chunk_kkt_solve",2729,9376028696761,9376028719602,11776,0,104,0,128,128,1,1,1024,16,1
"KERNEL_DISPATCH","Agent 2",1,0,220354,3339,6,"__amd_rocclr_fillBufferUnAligned",3339,9376553638970,9376553640650,0,0,8,0,128,256,1,1,1536,1,1
"KERNEL_DISPATCH","Agent 2",1,0,220354,2724,24,"gemm_mq4g256v2_residual_mmq_iu4_full_set_symfold",2724,9376027531187,9376027593348,0,0,184,0,128,256,1,1,256,64,1
"KERNEL_DISPATCH","Agent 2",1,0,220354,2719,29,"fused_silu_mul_mq_rotate_awq_i4_gfx12",2719,9376013307609,9376015419315,0,0,56,0,128,32,1,1,2176,8192,1
"KERNEL_DISPATCH","Agent 2",1,0,220354,3344,6,"__amd_rocclr_fillBufferUnAligned",3344,9376553678611,9376553680331,0,0,8,0,128,256,1,1,1536,1,1
"KERNEL_DISPATCH","Agent 2",1,0,220354,2714,28,"gated_norm_mq_rotate_awq_i4_gfx12",2714,9375998006177,9375998987990,1024,0,40,0,128,64,1,1,1536,8192,1
"KERNEL_DISPATCH","Agent 2",1,0,220354,1441,29,"fused_silu_mul_mq_rotate_awq_i4_gfx12",1441,9374812679822,9374814795289,0,0,56,0,128,32,1,1,2176,8192,1
"KERNEL_DISPATCH","Agent 2",1,0,220354,3346,6,"__amd_rocclr_fillBufferUnAligned",3346,9376553688771,9376553701971,0,0,8,0,128,256,1,1,1536,1,1
"KERNEL_DISPATCH","Agent 2",1,0,220354,2709,22,"gdn_chunk_scan",2709,9375997649973,9375997748454,60928,0,192,0,128,512,1,1,512,48,1
"KERNEL_DISPATCH","Agent 2",1,0,220354,2704,21,"gdn_chunk_kkt_solve",2704,9375997370289,9375997392930,11776,0,104,0,128,128,1,1,1024,16,1
"KERNEL_DISPATCH","Agent 2",1,0,220354,3341,6,"__amd_rocclr_fillBufferUnAligned",3341,9376553650290,9376553651730,0,0,8,0,128,256,1,1,1536,1,1
"KERNEL_DISPATCH","Agent 2",1,0,220354,2699,22,"gdn_chunk_scan",2699,9375997012845,9375997112166,60928,0,192,0,128,512,1,1,512,48,1
"KERNEL_DISPATCH","Agent 2",1,0,220354,2694,21,"gdn_chunk_kkt_solve",2694,9375996726681,9375996749321,11776,0,104,0,128,128,1,1,1024,16,1
"KERNEL_DISPATCH","Agent 2",1,0,220354,1436,28,"gated_norm_mq_rotate_awq_i4_gfx12",1436,9374797380391,9374798360363,1024,0,40,0,128,64,1,1,1536,8192,1
"KERNEL_DISPATCH","Agent 2",1,0,220354,1431,22,"gdn_chunk_scan",1431,9374797026746,9374797125187,60928,0,192,0,128,512,1,1,512,48,1
"KERNEL_DISPATCH","Agent 2",1,0,220354,3349,6,"__amd_rocclr_fillBufferUnAligned",3349,9376553735252,9376553737252,0,0,8,0,128,256,1,1,1536,1,1
"KERNEL_DISPATCH","Agent 2",1,0,220354,2689,22,"gdn_chunk_scan",2689,9375996368037,9375996466398,60928,0,192,0,128,512,1,1,512,48,1
"KERNEL_DISPATCH","Agent 2",1,0,220354,2684,21,"gdn_chunk_kkt_solve",2684,9375996085393,9375996108353,11776,0,104,0,128,128,1,1,1024,16,1
"KERNEL_DISPATCH","Agent 2",1,0,220354,2679,24,"gemm_mq4g256v2_residual_mmq_iu4_full_set_symfold",2679,9375994924579,9375994985739,0,0,184,0,128,256,1,1,256,64,1
"KERNEL_DISPATCH","Agent 2",1,0,220354,2674,29,"fused_silu_mul_mq_rotate_awq_i4_gfx12",2674,9375980834402,9375982941189,0,0,56,0,128,32,1,1,2176,8192,1
"KERNEL_DISPATCH","Agent 2",1,0,220354,3351,6,"__amd_rocclr_fillBufferUnAligned",3351,9376553761852,9376553763412,0,0,8,0,128,256,1,1,1536,1,1
"KERNEL_DISPATCH","Agent 2",1,0,220354,2669,46,"sigmoid_mul_rotate_x_mq_awq_i4_gfx12",2669,9375966329941,9375967060150,0,0,88,0,128,32,1,1,6291456,1,1
"KERNEL_DISPATCH","Agent 2",1,0,220354,2664,32,"rmsnorm_f32",2664,9375953164816,9375953392419,0,0,16,0,128,256,1,1,8388608,1,1
"KERNEL_DISPATCH","Agent 2",1,0,220354,2659,23,"fused_rmsnorm_mq_rotate_awq_i4_gfx12",2659,9375946392611,9375946863057,0,0,96,0,128,256,1,1,2097152,1,1
"KERNEL_DISPATCH","Agent 2",1,0,220354,2654,23,"fused_rmsnorm_mq_rotate_awq_i4_gfx12",2654,9375926020836,9375926485002,0,0,96,0,128,256,1,1,2097152,1,1
"KERNEL_DISPATCH","Agent 2",1,0,220354,1426,21,"gdn_chunk_kkt_solve",1426,9374796739543,9374796762343,11776,0,104,0,128,128,1,1,1024,16,1
"KERNEL_DISPATCH","Agent 2",1,0,220354,1421,22,"gdn_chunk_scan",1421,9374796381498,9374796480299,60928,0,192,0,128,512,1,1,512,48,1
"KERNEL_DISPATCH","Agent 2",1,0,220354,1416,21,"gdn_chunk_kkt_solve",1416,9374796101335,9374796123855,11776,0,104,0,128,128,1,1,1024,16,1
"KERNEL_DISPATCH","Agent 2",1,0,220354,1411,22,"gdn_chunk_scan",1411,9374795743250,9374795842051,60928,0,192,0,128,512,1,1,512,48,1
"KERNEL_DISPATCH","Agent 2",1,0,220354,3356,6,"__amd_rocclr_fillBufferUnAligned",3356,9376553814863,9376553816343,0,0,8,0,128,256,1,1,1536,1,1
"KERNEL_DISPATCH","Agent 2",1,0,220354,1406,21,"gdn_chunk_kkt_solve",1406,9374795461887,9374795484367,11776,0,104,0,128,128,1,1,1024,16,1
"KERNEL_DISPATCH","Agent 2",1,0,220354,1401,24,"gemm_mq4g256v2_residual_mmq_iu4_full_set_symfold",1401,9374794299032,9374794360673,0,0,184,0,128,256,1,1,256,64,1
"KERNEL_DISPATCH","Agent 2",1,0,220354,1396,29,"fused_silu_mul_mq_rotate_awq_i4_gfx12",1396,9374780094734,9374782220521,0,0,56,0,128,32,1,1,2176,8192,1
"KERNEL_DISPATCH","Agent 2",1,0,220354,1391,28,"gated_norm_mq_rotate_awq_i4_gfx12",1391,9374764554980,9374765548072,1024,0,40,0,128,64,1,1,1536,8192,1
"KERNEL_DISPATCH","Agent 2",1,0,220354,1386,22,"gdn_chunk_scan",1386,9374764198055,9374764295977,60928,0,192,0,128,512,1,1,512,48,1
"KERNEL_DISPATCH","Agent 2",1,0,220354,2649,22,"gdn_chunk_scan",2649,9375922564313,9375922663194,60928,0,192,0,128,512,1,1,512,48,1
"KERNEL_DISPATCH","Agent 2",1,0,220354,3361,6,"__amd_rocclr_fillBufferUnAligned",3361,9376553852623,9376553854183,0,0,8,0,128,256,1,1,1536,1,1
"KERNEL_DISPATCH","Agent 2",1,0,220354,1381,21,"gdn_chunk_kkt_solve",1381,9374763919092,9374763941652,11776,0,104,0,128,128,1,1,1024,16,1
"KERNEL_DISPATCH","Agent 2",1,0,220354,3364,6,"__amd_rocclr_fillBufferUnAligned",3364,9376553880423,9376553881823,0,0,8,0,128,256,1,1,1536,1,1
"KERNEL_DISPATCH","Agent 2",1,0,220354,3359,6,"__amd_rocclr_fillBufferUnAligned",3359,9376553830463,9376553831983,0,0,8,0,128,256,1,1,1536,1,1
"KERNEL_DISPATCH","Agent 2",1,0,220354,3366,6,"__amd_rocclr_fillBufferUnAligned",3366,9376553891383,9376553892863,0,0,8,0,128,256,1,1,1536,1,1
"KERNEL_DISPATCH","Agent 2",1,0,220354,1376,22,"gdn_chunk_scan",1376,9374763559687,9374763659049,60928,0,192,0,128,512,1,1,512,48,1
"KERNEL_DISPATCH","Agent 2",1,0,220354,3354,6,"__amd_rocclr_fillBufferUnAligned",3354,9376553803262,9376553804902,0,0,8,0,128,256,1,1,1536,1,1
"KERNEL_DISPATCH","Agent 2",1,0,220354,2644,21,"gdn_chunk_kkt_solve",2644,9375922283270,9375922305590,11776,0,104,0,128,128,1,1,1024,16,1
"KERNEL_DISPATCH","Agent 2",1,0,220354,1371,21,"gdn_chunk_kkt_solve",1371,9374763276404,9374763299364,11776,0,104,0,128,128,1,1,1024,16,1
"KERNEL_DISPATCH","Agent 2",1,0,220354,1366,22,"gdn_chunk_scan",1366,9374762916919,9374763016001,60928,0,192,0,128,512,1,1,512,48,1
"KERNEL_DISPATCH","Agent 2",1,0,220354,3369,6,"__amd_rocclr_fillBufferUnAligned",3369,9376553930064,9376553931704,0,0,8,0,128,256,1,1,1536,1,1
"KERNEL_DISPATCH","Agent 2",1,0,220354,2639,22,"gdn_chunk_scan",2639,9375921925185,9375922023866,60928,0,192,0,128,512,1,1,512,48,1
"KERNEL_DISPATCH","Agent 2",1,0,220354,2634,21,"gdn_chunk_kkt_solve",2634,9375921639821,9375921662782,11776,0,104,0,128,128,1,1,1024,16,1
"KERNEL_DISPATCH","Agent 2",1,0,220354,2629,22,"gdn_chunk_scan",2629,9375921277777,9375921377218,60928,0,192,0,128,512,1,1,512,48,1
"KERNEL_DISPATCH","Agent 2",1,0,220354,3371,6,"__amd_rocclr_fillBufferUnAligned",3371,9376553941624,9376553943464,0,0,8,0,128,256,1,1,1536,1,1
"KERNEL_DISPATCH","Agent 2",1,0,220354,1361,21,"gdn_chunk_kkt_solve",1361,9374762633596,9374762656476,11776,0,104,0,128,128,1,1,1024,16,1
"KERNEL_DISPATCH","Agent 2",1,0,220354,1356,24,"gemm_mq4g256v2_residual_mmq_iu4_full_set_symfold",1356,9374761467981,9374761529262,0,0,184,0,128,256,1,1,256,64,1
"KERNEL_DISPATCH","Agent 2",1,0,220354,3374,6,"__amd_rocclr_fillBufferUnAligned",3374,9376553956984,9376553958424,0,0,8,0,128,256,1,1,1536,1,1
"KERNEL_DISPATCH","Agent 2",1,0,220354,2624,21,"gdn_chunk_kkt_solve",2624,9375920993173,9375921016054,11776,0,104,0,128,128,1,1,1024,16,1
"KERNEL_DISPATCH","Agent 2",1,0,220354,1351,29,"fused_silu_mul_mq_rotate_awq_i4_gfx12",1351,9374747224043,9374749332029,0,0,56,0,128,32,1,1,2176,8192,1
"KERNEL_DISPATCH","Agent 2",1,0,220354,2619,20,"gdn_chunk_prep",2619,9375919819799,9375920726530,0,0,72,0,128,256,1,1,32768,10,1
"KERNEL_DISPATCH","Agent 2",1,0,220354,2614,23,"fused_rmsnorm_mq_rotate_awq_i4_gfx12",2614,9375913616081,9375914085487,0,0,96,0,128,256,1,1,2097152,1,1
"KERNEL_DISPATCH","Agent 2",1,0,220354,2609,23,"fused_rmsnorm_mq_rotate_awq_i4_gfx12",2609,9375893212266,9375893682912,0,0,96,0,128,256,1,1,2097152,1,1
"KERNEL_DISPATCH","Agent 2",1,0,220354,3376,6,"__amd_rocclr_fillBufferUnAligned",3376,9376553967544,9376553980265,0,0,8,0,128,256,1,1,1536,1,1
"KERNEL_DISPATCH","Agent 2",1,0,220354,1346,28,"gated_norm_mq_rotate_awq_i4_gfx12",1346,9374731899731,9374732881823,1024,0,40,0,128,64,1,1,1536,8192,1
"KERNEL_DISPATCH","Agent 2",1,0,220354,3379,6,"__amd_rocclr_fillBufferUnAligned",3379,9376553994665,9376553996105,0,0,8,0,128,256,1,1,1536,1,1
"KERNEL_DISPATCH","Agent 2",1,0,220354,2604,22,"gdn_chunk_scan",2604,9375889721062,9375889819663,60928,0,192,0,128,512,1,1,512,48,1
"KERNEL_DISPATCH","Agent 2",1,0,220354,3381,6,"__amd_rocclr_fillBufferUnAligned",3381,9376554005465,9376554006945,0,0,8,0,128,256,1,1,1536,1,1
"KERNEL_DISPATCH","Agent 2",1,0,220354,2599,21,"gdn_chunk_kkt_solve",2599,9375889439618,9375889462579,11776,0,104,0,128,128,1,1,1024,16,1
"KERNEL_DISPATCH","Agent 2",1,0,220354,1341,22,"gdn_chunk_scan",1341,9374731543287,9374731641208,60928,0,192,0,128,512,1,1,512,48,1
"KERNEL_DISPATCH","Agent 2",1,0,220354,2594,22,"gdn_chunk_scan",2594,9375889081654,9375889180055,60928,0,192,0,128,512,1,1,512,48,1
"KERNEL_DISPATCH","Agent 2",1,0,220354,1336,21,"gdn_chunk_kkt_solve",1336,9374731263123,9374731285683,11776,0,104,0,128,128,1,1,1024,16,1
"KERNEL_DISPATCH","Agent 2",1,0,220354,1331,22,"gdn_chunk_scan",1331,9374730908159,9374731006200,60928,0,192,0,128,512,1,1,512,48,1
"KERNEL_DISPATCH","Agent 2",1,0,220354,2589,21,"gdn_chunk_kkt_solve",2589,9375888799570,9375888822291,11776,0,104,0,128,128,1,1,1024,16,1
"KERNEL_DISPATCH","Agent 2",1,0,220354,1326,21,"gdn_chunk_kkt_solve",1326,9374730626675,9374730649315,11776,0,104,0,128,128,1,1,1024,16,1
"KERNEL_DISPATCH","Agent 2",1,0,220354,2584,22,"gdn_chunk_scan",2584,9375888440686,9375888539247,60928,0,192,0,128,512,1,1,512,48,1
"KERNEL_DISPATCH","Agent 2",1,0,220354,1321,22,"gdn_chunk_scan",1321,9374730268871,9374730367312,60928,0,192,0,128,512,1,1,512,48,1
"KERNEL_DISPATCH","Agent 2",1,0,220354,3384,6,"__amd_rocclr_fillBufferUnAligned",3384,9376554032945,9376554034585,0,0,8,0,128,256,1,1,7680,1,1
"KERNEL_DISPATCH","Agent 2",1,0,220354,2579,21,"gdn_chunk_kkt_solve",2579,9375888157802,9375888180483,11776,0,104,0,128,128,1,1,1024,16,1
"KERNEL_DISPATCH","Agent 2",1,0,220354,2574,20,"gdn_chunk_prep",2574,9375886985908,9375887892559,0,0,72,0,128,256,1,1,32768,10,1
"KERNEL_DISPATCH","Agent 2",1,0,220354,2569,23,"fused_rmsnorm_mq_rotate_awq_i4_gfx12",2569,9375880801310,9375881270836,0,0,96,0,128,256,1,1,2097152,1,1
"KERNEL_DISPATCH","Agent 2",1,0,220354,2564,23,"fused_rmsnorm_mq_rotate_awq_i4_gfx12",2564,9375860362215,9375860829700,0,0,96,0,128,256,1,1,2097152,1,1
"KERNEL_DISPATCH","Agent 2",1,0,220354,3386,6,"__amd_rocclr_fillBufferUnAligned",3386,9376554043385,9376554044825,0,0,8,0,128,256,1,1,7680,1,1
"KERNEL_DISPATCH","Agent 2",1,0,220354,2559,22,"gdn_chunk_scan",2559,9375856904931,9375857002812,60928,0,192,0,128,512,1,1,512,48,1
"KERNEL_DISPATCH","Agent 2",1,0,220354,1316,21,"gdn_chunk_kkt_solve",1316,9374729987667,9374730010227,11776,0,104,0,128,128,1,1,1024,16,1
"KERNEL_DISPATCH","Agent 2",1,0,220354,1311,24,"gemm_mq4g256v2_residual_mmq_iu4_full_set_symfold",1311,9374728818853,9374728879693,0,0,184,0,128,256,1,1,256,64,1
"KERNEL_DISPATCH","Agent 2",1,0,220354,1306,29,"fused_silu_mul_mq_rotate_awq_i4_gfx12",1306,9374714707436,9374716817222,0,0,56,0,128,32,1,1,2176,8192,1
"KERNEL_DISPATCH","Agent 2",1,0,220354,1301,46,"sigmoid_mul_rotate_x_mq_awq_i4_gfx12",1301,9374700304496,9374701035745,0,0,88,0,128,32,1,1,6291456,1,1
"KERNEL_DISPATCH","Agent 2",1,0,220354,3388,6,"__amd_rocclr_fillBufferUnAligned",3388,9376554053305,9376554054666,0,0,8,0,128,256,1,1,7680,1,1
"KERNEL_DISPATCH","Agent 2",1,0,220354,1296,32,"rmsnorm_f32",1296,9374687077730,9374687303213,0,0,16,0,128,256,1,1,8388608,1,1
"KERNEL_DISPATCH","Agent 2",1,0,220354,3383,6,"__amd_rocclr_fillBufferUnAligned",3383,9376554027505,9376554028985,0,0,8,0,128,256,1,1,1536,1,1
"KERNEL_DISPATCH","Agent 2",1,0,220354,1291,23,"fused_rmsnorm_mq_rotate_awq_i4_gfx12",1291,9374680304205,9374680776131,0,0,96,0,128,256,1,1,2097152,1,1
"KERNEL_DISPATCH","Agent 2",1,0,220354,3389,6,"__amd_rocclr_fillBufferUnAligned",3389,9376554058146,9376554059586,0,0,8,0,128,256,1,1,7680,1,1
"KERNEL_DISPATCH","Agent 2",1,0,220354,3378,6,"__amd_rocclr_fillBufferUnAligned",3378,9376553989425,9376553991105,0,0,8,0,128,256,1,1,1536,1,1
"KERNEL_DISPATCH","Agent 2",1,0,220354,3373,6,"__amd_rocclr_fillBufferUnAligned",3373,9376553952024,9376553953584,0,0,8,0,128,256,1,1,1536,1,1
"KERNEL_DISPATCH","Agent 2",1,0,220354,3368,6,"__amd_rocclr_fillBufferUnAligned",3368,9376553913304,9376553915224,0,0,8,0,128,256,1,1,1536,1,1
"KERNEL_DISPATCH","Agent 2",1,0,220354,3363,6,"__amd_rocclr_fillBufferUnAligned",3363,9376553863383,9376553876543,0,0,8,0,128,256,1,1,1536,1,1
"KERNEL_DISPATCH","Agent 2",1,0,220354,3358,6,"__amd_rocclr_fillBufferUnAligned",3358,9376553824863,9376553826383,0,0,8,0,128,256,1,1,1536,1,1
"KERNEL_DISPATCH","Agent 2",1,0,220354,3353,6,"__amd_rocclr_fillBufferUnAligned",3353,9376553771892,9376553773972,0,0,8,0,128,256,1,1,1536,1,1
"KERNEL_DISPATCH","Agent 2",1,0,220354,3391,6,"__amd_rocclr_fillBufferUnAligned",3391,9376554068186,9376554069706,0,0,8,0,128,256,1,1,7680,1,1
"KERNEL_DISPATCH","Agent 2",1,0,220354,1286,23,"fused_rmsnorm_mq_rotate_awq_i4_gfx12",1286,9374659863190,9374660328155,0,0,96,0,128,256,1,1,2097152,1,1
"KERNEL_DISPATCH","Agent 2",1,0,220354,1281,22,"gdn_chunk_scan",1281,9374656436187,9374656534388,60928,0,192,0,128,512,1,1,512,48,1
"KERNEL_DISPATCH","Agent 2",1,0,220354,1276,21,"gdn_chunk_kkt_solve",1276,9374656156583,9374656179143,11776,0,104,0,128,128,1,1,1024,16,1
"KERNEL_DISPATCH","Agent 2",1,0,220354,1271,22,"gdn_chunk_scan",1271,9374655799619,9374655898900,60928,0,192,0,128,512,1,1,512,48,1
"KERNEL_DISPATCH","Agent 2",1,0,220354,3393,6,"__amd_rocclr_fillBufferUnAligned",3393,9376554078346,9376554079746,0,0,8,0,128,256,1,1,7680,1,1
"KERNEL_DISPATCH","Agent 2",1,0,220354,1266,21,"gdn_chunk_kkt_solve",1266,9374655516255,9374655539095,11776,0,104,0,128,128,1,1,1024,16,1
"KERNEL_DISPATCH","Agent 2",1,0,220354,3348,6,"__amd_rocclr_fillBufferUnAligned",3348,9376553729451,9376553731171,0,0,8,0,128,256,1,1,1536,1,1
"KERNEL_DISPATCH","Agent 2",1,0,220354,3343,6,"__amd_rocclr_fillBufferUnAligned",3343,9376553673051,9376553674731,0,0,8,0,128,256,1,1,1536,1,1
"KERNEL_DISPATCH","Agent 2",1,0,220354,3338,6,"__amd_rocclr_fillBufferUnAligned",3338,9376553617050,9376553618650,0,0,8,0,128,256,1,1,1536,1,1
"KERNEL_DISPATCH","Agent 2",1,0,220354,3333,6,"__amd_rocclr_fillBufferUnAligned",3333,9376553556199,9376553558159,0,0,8,0,128,256,1,1,8192,1,1
"KERNEL_DISPATCH","Agent 2",1,0,220354,3328,6,"__amd_rocclr_fillBufferUnAligned",3328,9376553503799,9376553506159,0,0,8,0,128,256,1,1,8192,1,1
"KERNEL_DISPATCH","Agent 2",1,0,220354,3396,6,"__amd_rocclr_fillBufferUnAligned",3396,9376554093906,9376554095346,0,0,8,0,128,256,1,1,7680,1,1
"KERNEL_DISPATCH","Agent 2",1,0,220354,1261,22,"gdn_chunk_scan",1261,9374655156651,9374655255772,60928,0,192,0,128,512,1,1,512,48,1
"KERNEL_DISPATCH","Agent 2",1,0,220354,1256,21,"gdn_chunk_kkt_solve",1256,9374654872847,9374654895847,11776,0,104,0,128,128,1,1,1024,16,1
"KERNEL_DISPATCH","Agent 2",1,0,220354,1251,20,"gdn_chunk_prep",1251,9374653707553,9374654607284,0,0,72,0,128,256,1,1,32768,10,1
"KERNEL_DISPATCH","Agent 2",1,0,220354,3398,6,"__amd_rocclr_fillBufferUnAligned",3398,9376554103986,9376554105426,0,0,8,0,128,256,1,1,7680,1,1
"KERNEL_DISPATCH","Agent 2",1,0,220354,3323,6,"__amd_rocclr_fillBufferUnAligned",3323,9376553463918,9376553465878,0,0,8,0,128,256,1,1,8192,1,1
"KERNEL_DISPATCH","Agent 2",1,0,220354,3318,6,"__amd_rocclr_fillBufferUnAligned",3318,9376553419038,9376553420838,0,0,8,0,128,256,1,1,8192,1,1
"KERNEL_DISPATCH","Agent 2",1,0,220354,3313,6,"__amd_rocclr_fillBufferUnAligned",3313,9376553391917,9376553393837,0,0,8,0,128,256,1,1,8192,1,1
"KERNEL_DISPATCH","Agent 2",1,0,220354,3401,6,"__amd_rocclr_fillBufferUnAligned",3401,9376554119066,9376554120706,0,0,8,0,128,256,1,1,7680,1,1
"KERNEL_DISPATCH","Agent 2",1,0,220354,2554,21,"gdn_chunk_kkt_solve",2554,9375856622968,9375856645568,11776,0,104,0,128,128,1,1,1024,16,1
"KERNEL_DISPATCH","Agent 2",1,0,220354,3403,6,"__amd_rocclr_fillBufferUnAligned",3403,9376554129346,9376554130826,0,0,8,0,128,256,1,1,7680,1,1
"KERNEL_DISPATCH","Agent 2",1,0,220354,3404,6,"__amd_rocclr_fillBufferUnAligned",3404,9376554134507,9376554135907,0,0,8,0,128,256,1,1,7680,1,1
"KERNEL_DISPATCH","Agent 2",1,0,220354,3392,6,"__amd_rocclr_fillBufferUnAligned",3392,9376554073186,9376554074906,0,0,8,0,128,256,1,1,7680,1,1
"KERNEL_DISPATCH","Agent 2",1,0,220354,3406,6,"__amd_rocclr_fillBufferUnAligned",3406,9376554144387,9376554145787,0,0,8,0,128,256,1,1,7680,1,1
"KERNEL_DISPATCH","Agent 2",1,0,220354,3407,6,"__amd_rocclr_fillBufferUnAligned",3407,9376554149307,9376554150787,0,0,8,0,128,256,1,1,7680,1,1
"KERNEL_DISPATCH","Agent 2",1,0,220354,3408,6,"__amd_rocclr_fillBufferUnAligned",3408,9376554154267,9376554155787,0,0,8,0,128,256,1,1,7680,1,1
"KERNEL_DISPATCH","Agent 2",1,0,220354,3409,6,"__amd_rocclr_fillBufferUnAligned",3409,9376554159267,9376554160667,0,0,8,0,128,256,1,1,7680,1,1
"KERNEL_DISPATCH","Agent 2",1,0,220354,3411,6,"__amd_rocclr_fillBufferUnAligned",3411,9376554169027,9376554170547,0,0,8,0,128,256,1,1,7680,1,1
"KERNEL_DISPATCH","Agent 2",1,0,220354,3412,6,"__amd_rocclr_fillBufferUnAligned",3412,9376554174507,9376554175907,0,0,8,0,128,256,1,1,7680,1,1
"KERNEL_DISPATCH","Agent 2",1,0,220354,3413,6,"__amd_rocclr_fillBufferUnAligned",3413,9376554179427,9376554181147,0,0,8,0,128,256,1,1,7680,1,1
"KERNEL_DISPATCH","Agent 2",1,0,220354,3414,6,"__amd_rocclr_fillBufferUnAligned",3414,9376554184547,9376554186307,0,0,8,0,128,256,1,1,7680,1,1
"KERNEL_DISPATCH","Agent 2",1,0,220354,3416,6,"__amd_rocclr_fillBufferUnAligned",3416,9376554194867,9376554196147,0,0,8,0,128,256,1,1,7680,1,1
"KERNEL_DISPATCH","Agent 2",1,0,220354,3417,6,"__amd_rocclr_fillBufferUnAligned",3417,9376554199667,9376554201387,0,0,8,0,128,256,1,1,7680,1,1
"KERNEL_DISPATCH","Agent 2",1,0,220354,3418,6,"__amd_rocclr_fillBufferUnAligned",3418,9376554205187,9376554206507,0,0,8,0,128,256,1,1,7680,1,1
"KERNEL_DISPATCH","Agent 2",1,0,220354,3424,6,"__amd_rocclr_fillBufferUnAligned",3424,9376554234388,9376554235788,0,0,8,0,128,256,1,1,7680,1,1
"KERNEL_DISPATCH","Agent 2",1,0,220354,3426,6,"__amd_rocclr_fillBufferUnAligned",3426,9376554244108,9376554245508,0,0,8,0,128,256,1,1,7680,1,1
"KERNEL_DISPATCH","Agent 2",1,0,220354,3427,6,"__amd_rocclr_fillBufferUnAligned",3427,9376554249068,9376554250428,0,0,8,0,128,256,1,1,7680,1,1
"KERNEL_DISPATCH","Agent 2",1,0,220354,3428,6,"__amd_rocclr_fillBufferUnAligned",3428,9376554253908,9376554255188,0,0,8,0,128,256,1,1,7680,1,1
"KERNEL_DISPATCH","Agent 2",1,0,220354,3434,6,"__amd_rocclr_fillBufferUnAligned",3434,9376554283708,9376554285428,0,0,8,0,128,256,1,1,8192,1,1
"KERNEL_DISPATCH","Agent 2",1,0,220354,3436,6,"__amd_rocclr_fillBufferUnAligned",3436,9376554294509,9376554296269,0,0,8,0,128,256,1,1,8192,1,1
"KERNEL_DISPATCH","Agent 2",1,0,220354,3437,6,"__amd_rocclr_fillBufferUnAligned",3437,9376554299869,9376554301589,0,0,8,0,128,256,1,1,8192,1,1
"KERNEL_DISPATCH","Agent 2",1,0,220354,3443,6,"__amd_rocclr_fillBufferUnAligned",3443,9376554331389,9376554333189,0,0,8,0,128,256,1,1,8192,1,1
"KERNEL_DISPATCH","Agent 2",1,0,220354,3449,6,"__amd_rocclr_fillBufferUnAligned",3449,9376554363429,9376554365429,0,0,8,0,128,256,1,1,8192,1,1
"KERNEL_DISPATCH","Agent 2",1,0,220354,3451,6,"__amd_rocclr_fillBufferUnAligned",3451,9376554374430,9376554376630,0,0,8,0,128,256,1,1,8192,1,1
"KERNEL_DISPATCH","Agent 2",1,0,220354,3452,6,"__amd_rocclr_fillBufferUnAligned",3452,9376554380110,9376554382030,0,0,8,0,128,256,1,1,8192,1,1
"KERNEL_DISPATCH","Agent 2",1,0,220354,3463,6,"__amd_rocclr_fillBufferUnAligned",3463,9376554451110,9376554452990,0,0,8,0,128,256,1,1,8192,1,1
"KERNEL_DISPATCH","Agent 2",1,0,220354,3469,6,"__amd_rocclr_fillBufferUnAligned",3469,9376554483831,9376554485551,0,0,8,0,128,256,1,1,8192,1,1
"KERNEL_DISPATCH","Agent 2",1,0,220354,3471,6,"__amd_rocclr_fillBufferUnAligned",3471,9376554494271,9376554496191,0,0,8,0,128,256,1,1,8192,1,1
"KERNEL_DISPATCH","Agent 2",1,0,220354,3472,6,"__amd_rocclr_fillBufferUnAligned",3472,9376554499711,9376554501551,0,0,8,0,128,256,1,1,8192,1,1
"KERNEL_DISPATCH","Agent 2",1,0,220354,3493,6,"__amd_rocclr_fillBufferUnAligned",3493,9376554609672,9376554611352,0,0,8,0,128,256,1,1,8192,1,1
"KERNEL_DISPATCH","Agent 2",1,0,220354,3504,6,"__amd_rocclr_fillBufferUnAligned",3504,9376554666233,9376554667953,0,0,8,0,128,256,1,1,8192,1,1
"KERNEL_DISPATCH","Agent 2",1,0,220354,3506,6,"__amd_rocclr_fillBufferUnAligned",3506,9376554676553,9376554678273,0,0,8,0,128,256,1,1,8192,1,1
"KERNEL_DISPATCH","Agent 2",1,0,220354,3507,6,"__amd_rocclr_fillBufferUnAligned",3507,9376554681833,9376554683473,0,0,8,0,128,256,1,1,8192,1,1
"KERNEL_DISPATCH","Agent 2",1,0,220354,3543,6,"__amd_rocclr_fillBufferUnAligned",3543,9376554877596,9376554879036,0,0,8,0,128,256,1,1,1536,1,1
"KERNEL_DISPATCH","Agent 2",1,0,220354,3559,6,"__amd_rocclr_fillBufferUnAligned",3559,9376554957717,9376554959117,0,0,8,0,128,256,1,1,1536,1,1
"KERNEL_DISPATCH","Agent 2",1,0,220354,3566,6,"__amd_rocclr_fillBufferUnAligned",3566,9376554992237,9376554993677,0,0,8,0,128,256,1,1,1536,1,1
"KERNEL_DISPATCH","Agent 2",1,0,220354,3567,6,"__amd_rocclr_fillBufferUnAligned",3567,9376554997157,9376554998557,0,0,8,0,128,256,1,1,1536,1,1
"KERNEL_DISPATCH","Agent 2",1,0,220354,3628,6,"__amd_rocclr_fillBufferUnAligned",3628,9376555297721,9376555299921,0,0,8,0,128,256,1,1,8192,1,1
"KERNEL_DISPATCH","Agent 2",1,0,220354,3654,6,"__amd_rocclr_fillBufferUnAligned",3654,9376555447483,9376555449643,0,0,8,0,128,256,1,1,8192,1,1
"KERNEL_DISPATCH","Agent 2",1,0,220354,3661,6,"__amd_rocclr_fillBufferUnAligned",3661,9376555488323,9376555490483,0,0,8,0,128,256,1,1,8192,1,1
"KERNEL_DISPATCH","Agent 2",1,0,220354,3662,6,"__amd_rocclr_fillBufferUnAligned",3662,9376555493884,9376555496044,0,0,8,0,128,256,1,1,8192,1,1
"KERNEL_DISPATCH","Agent 2",1,0,220354,3753,6,"__amd_rocclr_fillBufferUnAligned",3753,9376555980370,9376555981770,0,0,8,0,128,256,1,1,1536,1,1
"KERNEL_DISPATCH","Agent 2",1,0,220354,3804,6,"__amd_rocclr_fillBufferUnAligned",3804,9376556240573,9376556241813,0,0,8,0,128,256,1,1,7680,1,1
"KERNEL_DISPATCH","Agent 2",1,0,220354,3816,6,"__amd_rocclr_fillBufferUnAligned",3816,9376556297774,9376556299414,0,0,8,0,128,256,1,1,8192,1,1
"KERNEL_DISPATCH","Agent 2",1,0,220354,3817,6,"__amd_rocclr_fillBufferUnAligned",3817,9376556302854,9376556304574,0,0,8,0,128,256,1,1,8192,1,1
"KERNEL_DISPATCH","Agent 2",1,0,220354,3973,6,"__amd_rocclr_fillBufferUnAligned",3973,9376557126144,9376557127424,0,0,8,0,128,256,1,1,7680,1,1
"KERNEL_DISPATCH","Agent 2",1,0,220354,4051,6,"__amd_rocclr_fillBufferUnAligned",4051,9376557530309,9376557532509,0,0,8,0,128,256,1,1,8192,1,1
"KERNEL_DISPATCH","Agent 2",1,0,220354,4046,6,"__amd_rocclr_fillBufferUnAligned",4046,9376557502389,9376557504629,0,0,8,0,128,256,1,1,8192,1,1
"KERNEL_DISPATCH","Agent 2",1,0,220354,4041,6,"__amd_rocclr_fillBufferUnAligned",4041,9376557474228,9376557476428,0,0,8,0,128,256,1,1,8192,1,1
"KERNEL_DISPATCH","Agent 2",1,0,220354,4036,6,"__amd_rocclr_fillBufferUnAligned",4036,9376557446148,9376557448388,0,0,8,0,128,256,1,1,8192,1,1
"KERNEL_DISPATCH","Agent 2",1,0,220354,4031,6,"__amd_rocclr_fillBufferUnAligned",4031,9376557417908,9376557420268,0,0,8,0,128,256,1,1,8192,1,1
"KERNEL_DISPATCH","Agent 2",1,0,220354,4026,6,"__amd_rocclr_fillBufferUnAligned",4026,9376557389947,9376557392147,0,0,8,0,128,256,1,1,8192,1,1
"KERNEL_DISPATCH","Agent 2",1,0,220354,4052,6,"__amd_rocclr_fillBufferUnAligned",4052,9376557535909,9376557538189,0,0,8,0,128,256,1,1,8192,1,1
"KERNEL_DISPATCH","Agent 2",1,0,220354,4047,6,"__amd_rocclr_fillBufferUnAligned",4047,9376557507989,9376557510189,0,0,8,0,128,256,1,1,8192,1,1
"KERNEL_DISPATCH","Agent 2",1,0,220354,4042,6,"__amd_rocclr_fillBufferUnAligned",4042,9376557479868,9376557482188,0,0,8,0,128,256,1,1,8192,1,1
"KERNEL_DISPATCH","Agent 2",1,0,220354,4037,6,"__amd_rocclr_fillBufferUnAligned",4037,9376557451788,9376557454108,0,0,8,0,128,256,1,1,8192,1,1
"KERNEL_DISPATCH","Agent 2",1,0,220354,4032,6,"__amd_rocclr_fillBufferUnAligned",4032,9376557423628,9376557425948,0,0,8,0,128,256,1,1,8192,1,1
"KERNEL_DISPATCH","Agent 2",1,0,220354,4027,6,"__amd_rocclr_fillBufferUnAligned",4027,9376557395587,9376557397827,0,0,8,0,128,256,1,1,8192,1,1
"KERNEL_DISPATCH","Agent 2",1,0,220354,4022,6,"__amd_rocclr_fillBufferUnAligned",4022,9376557367627,9376557369827,0,0,8,0,128,256,1,1,8192,1,1
"KERNEL_DISPATCH","Agent 2",1,0,220354,4053,6,"__amd_rocclr_fillBufferUnAligned",4053,9376557541629,9376557544309,0,0,8,0,128,256,1,1,8192,1,1
"KERNEL_DISPATCH","Agent 2",1,0,220354,4017,6,"__amd_rocclr_fillBufferUnAligned",4017,9376557339667,9376557341867,0,0,8,0,128,256,1,1,8192,1,1
"KERNEL_DISPATCH","Agent 2",1,0,220354,4048,6,"__amd_rocclr_fillBufferUnAligned",4048,9376557513549,9376557515789,0,0,8,0,128,256,1,1,8192,1,1
"KERNEL_DISPATCH","Agent 2",1,0,220354,4012,6,"__amd_rocclr_fillBufferUnAligned",4012,9376557311786,9376557313986,0,0,8,0,128,256,1,1,8192,1,1
"KERNEL_DISPATCH","Agent 2",1,0,220354,4043,6,"__amd_rocclr_fillBufferUnAligned",4043,9376557485548,9376557487788,0,0,8,0,128,256,1,1,8192,1,1
"KERNEL_DISPATCH","Agent 2",1,0,220354,4007,6,"__amd_rocclr_fillBufferUnAligned",4007,9376557284466,9376557285706,0,0,8,0,128,256,1,1,7680,1,1
"KERNEL_DISPATCH","Agent 2",1,0,220354,4038,6,"__amd_rocclr_fillBufferUnAligned",4038,9376557457508,9376557459748,0,0,8,0,128,256,1,1,8192,1,1
"KERNEL_DISPATCH","Agent 2",1,0,220354,4002,6,"__amd_rocclr_fillBufferUnAligned",4002,9376557261146,9376557262386,0,0,8,0,128,256,1,1,7680,1,1
"KERNEL_DISPATCH","Agent 2",1,0,220354,4033,6,"__amd_rocclr_fillBufferUnAligned",4033,9376557429268,9376557431468,0,0,8,0,128,256,1,1,8192,1,1
"KERNEL_DISPATCH","Agent 2",1,0,220354,3997,6,"__amd_rocclr_fillBufferUnAligned",3997,9376557237705,9376557238905,0,0,8,0,128,256,1,1,7680,1,1
"KERNEL_DISPATCH","Agent 2",1,0,220354,4028,6,"__amd_rocclr_fillBufferUnAligned",4028,9376557401227,9376557403427,0,0,8,0,128,256,1,1,8192,1,1
"KERNEL_DISPATCH","Agent 2",1,0,220354,4054,6,"__amd_rocclr_fillBufferUnAligned",4054,9376557547709,9376557549909,0,0,8,0,128,256,1,1,8192,1,1
"KERNEL_DISPATCH","Agent 2",1,0,220354,4049,6,"__amd_rocclr_fillBufferUnAligned",4049,9376557519189,9376557521389,0,0,8,0,128,256,1,1,8192,1,1
"KERNEL_DISPATCH","Agent 2",1,0,220354,4044,6,"__amd_rocclr_fillBufferUnAligned",4044,9376557491229,9376557493429,0,0,8,0,128,256,1,1,8192,1,1
"KERNEL_DISPATCH","Agent 2",1,0,220354,4039,6,"__amd_rocclr_fillBufferUnAligned",4039,9376557463148,9376557465388,0,0,8,0,128,256,1,1,8192,1,1
"KERNEL_DISPATCH","Agent 2",1,0,220354,4034,6,"__amd_rocclr_fillBufferUnAligned",4034,9376557434908,9376557437068,0,0,8,0,128,256,1,1,8192,1,1
"KERNEL_DISPATCH","Agent 2",1,0,220354,4029,6,"__amd_rocclr_fillBufferUnAligned",4029,9376557406787,9376557408947,0,0,8,0,128,256,1,1,8192,1,1
"KERNEL_DISPATCH","Agent 2",1,0,220354,4024,6,"__amd_rocclr_fillBufferUnAligned",4024,9376557378787,9376557380907,0,0,8,0,128,256,1,1,8192,1,1
"KERNEL_DISPATCH","Agent 2",1,0,220354,4019,6,"__amd_rocclr_fillBufferUnAligned",4019,9376557350907,9376557353067,0,0,8,0,128,256,1,1,8192,1,1
"KERNEL_DISPATCH","Agent 2",1,0,220354,4014,6,"__amd_rocclr_fillBufferUnAligned",4014,9376557322906,9376557325066,0,0,8,0,128,256,1,1,8192,1,1
"KERNEL_DISPATCH","Agent 2",1,0,220354,4009,6,"__amd_rocclr_fillBufferUnAligned",4009,9376557294826,9376557297026,0,0,8,0,128,256,1,1,8192,1,1
"KERNEL_DISPATCH","Agent 2",1,0,220354,4004,6,"__amd_rocclr_fillBufferUnAligned",4004,9376557270466,9376557271786,0,0,8,0,128,256,1,1,7680,1,1
"KERNEL_DISPATCH","Agent 2",1,0,220354,3999,6,"__amd_rocclr_fillBufferUnAligned",3999,9376557247145,9376557248425,0,0,8,0,128,256,1,1,7680,1,1
"KERNEL_DISPATCH","Agent 2",1,0,220354,3994,6,"__amd_rocclr_fillBufferUnAligned",3994,9376557223745,9376557224945,0,0,8,0,128,256,1,1,7680,1,1
"KERNEL_DISPATCH","Agent 2",1,0,220354,3989,6,"__amd_rocclr_fillBufferUnAligned",3989,9376557200385,9376557201785,0,0,8,0,128,256,1,1,7680,1,1
"KERNEL_DISPATCH","Agent 2",1,0,220354,3984,6,"__amd_rocclr_fillBufferUnAligned",3984,9376557177185,9376557178505,0,0,8,0,128,256,1,1,7680,1,1
"KERNEL_DISPATCH","Agent 2",1,0,220354,3979,6,"__amd_rocclr_fillBufferUnAligned",3979,9376557153904,9376557155224,0,0,8,0,128,256,1,1,7680,1,1
"KERNEL_DISPATCH","Agent 2",1,0,220354,3974,6,"__amd_rocclr_fillBufferUnAligned",3974,9376557130864,9376557132104,0,0,8,0,128,256,1,1,7680,1,1
"KERNEL_DISPATCH","Agent 2",1,0,220354,3969,6,"__amd_rocclr_fillBufferUnAligned",3969,9376557107624,9376557108784,0,0,8,0,128,256,1,1,7680,1,1
"KERNEL_DISPATCH","Agent 2",1,0,220354,3964,6,"__amd_rocclr_fillBufferUnAligned",3964,9376557084143,9376557085503,0,0,8,0,128,256,1,1,7680,1,1
"KERNEL_DISPATCH","Agent 2",1,0,220354,3959,6,"__amd_rocclr_fillBufferUnAligned",3959,9376557060023,9376557061543,0,0,8,0,128,256,1,1,1536,1,1
"KERNEL_DISPATCH","Agent 2",1,0,220354,3954,6,"__amd_rocclr_fillBufferUnAligned",3954,9376557036063,9376557037503,0,0,8,0,128,256,1,1,1536,1,1
"KERNEL_DISPATCH","Agent 2",1,0,220354,3949,6,"__amd_rocclr_fillBufferUnAligned",3949,9376557012383,9376557013583,0,0,8,0,128,256,1,1,1536,1,1
"KERNEL_DISPATCH","Agent 2",1,0,220354,3944,6,"__amd_rocclr_fillBufferUnAligned",3944,9376556988022,9376556989422,0,0,8,0,128,256,1,1,1536,1,1
"KERNEL_DISPATCH","Agent 2",1,0,220354,3939,6,"__amd_rocclr_fillBufferUnAligned",3939,9376556963782,9376556965222,0,0,8,0,128,256,1,1,1536,1,1
"KERNEL_DISPATCH","Agent 2",1,0,220354,3934,6,"__amd_rocclr_fillBufferUnAligned",3934,9376556939342,9376556940702,0,0,8,0,128,256,1,1,1536,1,1
"KERNEL_DISPATCH","Agent 2",1,0,220354,3929,6,"__amd_rocclr_fillBufferUnAligned",3929,9376556915061,9376556916461,0,0,8,0,128,256,1,1,1536,1,1
"KERNEL_DISPATCH","Agent 2",1,0,220354,3924,6,"__amd_rocclr_fillBufferUnAligned",3924,9376556890821,9376556892101,0,0,8,0,128,256,1,1,1536,1,1
"KERNEL_DISPATCH","Agent 2",1,0,220354,3919,6,"__amd_rocclr_fillBufferUnAligned",3919,9376556866461,9376556867741,0,0,8,0,128,256,1,1,1536,1,1
"KERNEL_DISPATCH","Agent 2",1,0,220354,3914,6,"__amd_rocclr_fillBufferUnAligned",3914,9376556842460,9376556843860,0,0,8,0,128,256,1,1,1536,1,1
"KERNEL_DISPATCH","Agent 2",1,0,220354,3909,6,"__amd_rocclr_fillBufferUnAligned",3909,9376556815300,9376556817820,0,0,8,0,128,256,1,1,8192,1,1
"KERNEL_DISPATCH","Agent 2",1,0,220354,3904,6,"__amd_rocclr_fillBufferUnAligned",3904,9376556786700,9376556788580,0,0,8,0,128,256,1,1,8192,1,1
"KERNEL_DISPATCH","Agent 2",1,0,220354,3899,6,"__amd_rocclr_fillBufferUnAligned",3899,9376556758859,9376556760579,0,0,8,0,128,256,1,1,8192,1,1
"KERNEL_DISPATCH","Agent 2",1,0,220354,3894,6,"__amd_rocclr_fillBufferUnAligned",3894,9376556730379,9376556732379,0,0,8,0,128,256,1,1,8192,1,1
"KERNEL_DISPATCH","Agent 2",1,0,220354,3889,6,"__amd_rocclr_fillBufferUnAligned",3889,9376556702299,9376556703979,0,0,8,0,128,256,1,1,8192,1,1
"KERNEL_DISPATCH","Agent 2",1,0,220354,3884,6,"__amd_rocclr_fillBufferUnAligned",3884,9376556673258,9376556675258,0,0,8,0,128,256,1,1,8192,1,1
"KERNEL_DISPATCH","Agent 2",1,0,220354,3879,6,"__amd_rocclr_fillBufferUnAligned",3879,9376556645098,9376556647578,0,0,8,0,128,256,1,1,8192,1,1
"KERNEL_DISPATCH","Agent 2",1,0,220354,3874,6,"__amd_rocclr_fillBufferUnAligned",3874,9376556616738,9376556618338,0,0,8,0,128,256,1,1,8192,1,1
"KERNEL_DISPATCH","Agent 2",1,0,220354,3869,6,"__amd_rocclr_fillBufferUnAligned",3869,9376556590097,9376556591577,0,0,8,0,128,256,1,1,8192,1,1
"KERNEL_DISPATCH","Agent 2",1,0,220354,3864,6,"__amd_rocclr_fillBufferUnAligned",3864,9376556565257,9376556566777,0,0,8,0,128,256,1,1,8192,1,1
"KERNEL_DISPATCH","Agent 2",1,0,220354,3859,6,"__amd_rocclr_fillBufferUnAligned",3859,9376556537297,9376556539377,0,0,8,0,128,256,1,1,8192,1,1
"KERNEL_DISPATCH","Agent 2",1,0,220354,3854,6,"__amd_rocclr_fillBufferUnAligned",3854,9376556509456,9376556511536,0,0,8,0,128,256,1,1,8192,1,1
"KERNEL_DISPATCH","Agent 2",1,0,220354,3849,6,"__amd_rocclr_fillBufferUnAligned",3849,9376556481416,9376556483736,0,0,8,0,128,256,1,1,8192,1,1
"KERNEL_DISPATCH","Agent 2",1,0,220354,3844,6,"__amd_rocclr_fillBufferUnAligned",3844,9376556453656,9376556455736,0,0,8,0,128,256,1,1,8192,1,1
"KERNEL_DISPATCH","Agent 2",1,0,220354,3839,6,"__amd_rocclr_fillBufferUnAligned",3839,9376556425455,9376556427655,0,0,8,0,128,256,1,1,8192,1,1
"KERNEL_DISPATCH","Agent 2",1,0,220354,4021,6,"__amd_rocclr_fillBufferUnAligned",4021,9376557362027,9376557364267,0,0,8,0,128,256,1,1,8192,1,1
"KERNEL_DISPATCH","Agent 2",1,0,220354,3834,6,"__amd_rocclr_fillBufferUnAligned",3834,9376556397415,9376556399575,0,0,8,0,128,256,1,1,8192,1,1
"KERNEL_DISPATCH","Agent 2",1,0,220354,4016,6,"__amd_rocclr_fillBufferUnAligned",4016,9376557333987,9376557336267,0,0,8,0,128,256,1,1,8192,1,1
"KERNEL_DISPATCH","Agent 2",1,0,220354,4011,6,"__amd_rocclr_fillBufferUnAligned",4011,9376557305906,9376557308386,0,0,8,0,128,256,1,1,8192,1,1
"KERNEL_DISPATCH","Agent 2",1,0,220354,4006,6,"__amd_rocclr_fillBufferUnAligned",4006,9376557279826,9376557281106,0,0,8,0,128,256,1,1,7680,1,1
"KERNEL_DISPATCH","Agent 2",1,0,220354,4001,6,"__amd_rocclr_fillBufferUnAligned",4001,9376557256546,9376557257706,0,0,8,0,128,256,1,1,7680,1,1
"KERNEL_DISPATCH","Agent 2",1,0,220354,3996,6,"__amd_rocclr_fillBufferUnAligned",3996,9376557233105,9376557234265,0,0,8,0,128,256,1,1,7680,1,1
"KERNEL_DISPATCH","Agent 2",1,0,220354,3991,6,"__amd_rocclr_fillBufferUnAligned",3991,9376557209825,9376557211105,0,0,8,0,128,256,1,1,7680,1,1
"KERNEL_DISPATCH","Agent 2",1,0,220354,3986,6,"__amd_rocclr_fillBufferUnAligned",3986,9376557186465,9376557187705,0,0,8,0,128,256,1,1,7680,1,1
"KERNEL_DISPATCH","Agent 2",1,0,220354,3992,6,"__amd_rocclr_fillBufferUnAligned",3992,9376557214505,9376557215705,0,0,8,0,128,256,1,1,7680,1,1
"KERNEL_DISPATCH","Agent 2",1,0,220354,3981,6,"__amd_rocclr_fillBufferUnAligned",3981,9376557163264,9376557164504,0,0,8,0,128,256,1,1,7680,1,1
"KERNEL_DISPATCH","Agent 2",1,0,220354,3976,6,"__amd_rocclr_fillBufferUnAligned",3976,9376557140104,9376557141304,0,0,8,0,128,256,1,1,7680,1,1
"KERNEL_DISPATCH","Agent 2",1,0,220354,3971,6,"__amd_rocclr_fillBufferUnAligned",3971,9376557116904,9376557118264,0,0,8,0,128,256,1,1,7680,1,1
"KERNEL_DISPATCH","Agent 2",1,0,220354,3966,6,"__amd_rocclr_fillBufferUnAligned",3966,9376557093424,9376557094664,0,0,8,0,128,256,1,1,7680,1,1
"KERNEL_DISPATCH","Agent 2",1,0,220354,3961,6,"__amd_rocclr_fillBufferUnAligned",3961,9376557069823,9376557071103,0,0,8,0,128,256,1,1,7680,1,1
"KERNEL_DISPATCH","Agent 2",1,0,220354,3956,6,"__amd_rocclr_fillBufferUnAligned",3956,9376557045703,9376557047023,0,0,8,0,128,256,1,1,1536,1,1
"KERNEL_DISPATCH","Agent 2",1,0,220354,3951,6,"__amd_rocclr_fillBufferUnAligned",3951,9376557021663,9376557022983,0,0,8,0,128,256,1,1,1536,1,1
"KERNEL_DISPATCH","Agent 2",1,0,220354,3946,6,"__amd_rocclr_fillBufferUnAligned",3946,9376556997702,9376556999222,0,0,8,0,128,256,1,1,1536,1,1
"KERNEL_DISPATCH","Agent 2",1,0,220354,3941,6,"__amd_rocclr_fillBufferUnAligned",3941,9376556973542,9376556974942,0,0,8,0,128,256,1,1,1536,1,1
"KERNEL_DISPATCH","Agent 2",1,0,220354,3936,6,"__amd_rocclr_fillBufferUnAligned",3936,9376556949022,9376556950582,0,0,8,0,128,256,1,1,1536,1,1
"KERNEL_DISPATCH","Agent 2",1,0,220354,3931,6,"__amd_rocclr_fillBufferUnAligned",3931,9376556924821,9376556926341,0,0,8,0,128,256,1,1,1536,1,1
"KERNEL_DISPATCH","Agent 2",1,0,220354,3926,6,"__amd_rocclr_fillBufferUnAligned",3926,9376556900621,9376556902061,0,0,8,0,128,256,1,1,1536,1,1
"KERNEL_DISPATCH","Agent 2",1,0,220354,3921,6,"__amd_rocclr_fillBufferUnAligned",3921,9376556876141,9376556877541,0,0,8,0,128,256,1,1,1536,1,1
"KERNEL_DISPATCH","Agent 2",1,0,220354,3916,6,"__amd_rocclr_fillBufferUnAligned",3916,9376556852141,9376556853461,0,0,8,0,128,256,1,1,1536,1,1
"KERNEL_DISPATCH","Agent 2",1,0,220354,3911,6,"__amd_rocclr_fillBufferUnAligned",3911,9376556827140,9376556829580,0,0,8,0,128,256,1,1,8192,1,1
"KERNEL_DISPATCH","Agent 2",1,0,220354,3906,6,"__amd_rocclr_fillBufferUnAligned",3906,9376556797660,9376556800140,0,0,8,0,128,256,1,1,8192,1,1
"KERNEL_DISPATCH","Agent 2",1,0,220354,3901,6,"__amd_rocclr_fillBufferUnAligned",3901,9376556769779,9376556771940,0,0,8,0,128,256,1,1,8192,1,1
"KERNEL_DISPATCH","Agent 2",1,0,220354,3896,6,"__amd_rocclr_fillBufferUnAligned",3896,9376556741819,9376556744219,0,0,8,0,128,256,1,1,8192,1,1
"KERNEL_DISPATCH","Agent 2",1,0,220354,3891,6,"__amd_rocclr_fillBufferUnAligned",3891,9376556713219,9376556715779,0,0,8,0,128,256,1,1,8192,1,1
"KERNEL_DISPATCH","Agent 2",1,0,220354,3886,6,"__amd_rocclr_fillBufferUnAligned",3886,9376556684658,9376556687058,0,0,8,0,128,256,1,1,8192,1,1
"KERNEL_DISPATCH","Agent 2",1,0,220354,3881,6,"__amd_rocclr_fillBufferUnAligned",3881,9376556656298,9376556658218,0,0,8,0,128,256,1,1,8192,1,1
"KERNEL_DISPATCH","Agent 2",1,0,220354,3876,6,"__amd_rocclr_fillBufferUnAligned",3876,9376556627658,9376556629898,0,0,8,0,128,256,1,1,8192,1,1
"KERNEL_DISPATCH","Agent 2",1,0,220354,3871,6,"__amd_rocclr_fillBufferUnAligned",3871,9376556599977,9376556602537,0,0,8,0,128,256,1,1,8192,1,1
"KERNEL_DISPATCH","Agent 2",1,0,220354,3866,6,"__amd_rocclr_fillBufferUnAligned",3866,9376556575177,9376556576697,0,0,8,0,128,256,1,1,8192,1,1
"KERNEL_DISPATCH","Agent 2",1,0,220354,3861,6,"__amd_rocclr_fillBufferUnAligned",3861,9376556548417,9376556550657,0,0,8,0,128,256,1,1,8192,1,1
"KERNEL_DISPATCH","Agent 2",1,0,220354,3856,6,"__amd_rocclr_fillBufferUnAligned",3856,9376556520536,9376556522776,0,0,8,0,128,256,1,1,8192,1,1
"KERNEL_DISPATCH","Agent 2",1,0,220354,3851,6,"__amd_rocclr_fillBufferUnAligned",3851,9376556492656,9376556494936,0,0,8,0,128,256,1,1,8192,1,1
"KERNEL_DISPATCH","Agent 2",1,0,220354,3846,6,"__amd_rocclr_fillBufferUnAligned",3846,9376556464736,9376556466856,0,0,8,0,128,256,1,1,8192,1,1
"KERNEL_DISPATCH","Agent 2",1,0,220354,3841,6,"__amd_rocclr_fillBufferUnAligned",3841,9376556436895,9376556439055,0,0,8,0,128,256,1,1,8192,1,1
"KERNEL_DISPATCH","Agent 2",1,0,220354,3836,6,"__amd_rocclr_fillBufferUnAligned",3836,9376556408855,9376556411015,0,0,8,0,128,256,1,1,8192,1,1
"KERNEL_DISPATCH","Agent 2",1,0,220354,3831,6,"__amd_rocclr_fillBufferUnAligned",3831,9376556380575,9376556382735,0,0,8,0,128,256,1,1,8192,1,1
"KERNEL_DISPATCH","Agent 2",1,0,220354,3826,6,"__amd_rocclr_fillBufferUnAligned",3826,9376556352654,9376556354854,0,0,8,0,128,256,1,1,8192,1,1
"KERNEL_DISPATCH","Agent 2",1,0,220354,3821,6,"__amd_rocclr_fillBufferUnAligned",3821,9376556324534,9376556326854,0,0,8,0,128,256,1,1,8192,1,1
"KERNEL_DISPATCH","Agent 2",1,0,220354,3829,6,"__amd_rocclr_fillBufferUnAligned",3829,9376556369414,9376556371695,0,0,8,0,128,256,1,1,8192,1,1
"KERNEL_DISPATCH","Agent 2",1,0,220354,3824,6,"__amd_rocclr_fillBufferUnAligned",3824,9376556341374,9376556343654,0,0,8,0,128,256,1,1,8192,1,1
"KERNEL_DISPATCH","Agent 2",1,0,220354,3819,6,"__amd_rocclr_fillBufferUnAligned",3819,9376556313214,9376556315494,0,0,8,0,128,256,1,1,8192,1,1
"KERNEL_DISPATCH","Agent 2",1,0,220354,3814,6,"__amd_rocclr_fillBufferUnAligned",3814,9376556288173,9376556289533,0,0,8,0,128,256,1,1,7680,1,1
"KERNEL_DISPATCH","Agent 2",1,0,220354,3809,6,"__amd_rocclr_fillBufferUnAligned",3809,9376556264413,9376556265693,0,0,8,0,128,256,1,1,7680,1,1
"KERNEL_DISPATCH","Agent 2",1,0,220354,3799,6,"__amd_rocclr_fillBufferUnAligned",3799,9376556216453,9376556217773,0,0,8,0,128,256,1,1,7680,1,1
"KERNEL_DISPATCH","Agent 2",1,0,220354,3794,6,"__amd_rocclr_fillBufferUnAligned",3794,9376556178652,9376556179932,0,0,8,0,128,256,1,1,7680,1,1
"KERNEL_DISPATCH","Agent 2",1,0,220354,3789,6,"__amd_rocclr_fillBufferUnAligned",3789,9376556154972,9376556156212,0,0,8,0,128,256,1,1,7680,1,1
"KERNEL_DISPATCH","Agent 2",1,0,220354,3784,6,"__amd_rocclr_fillBufferUnAligned",3784,9376556130931,9376556132332,0,0,8,0,128,256,1,1,7680,1,1
"KERNEL_DISPATCH","Agent 2",1,0,220354,3779,6,"__amd_rocclr_fillBufferUnAligned",3779,9376556106291,9376556107571,0,0,8,0,128,256,1,1,7680,1,1
"KERNEL_DISPATCH","Agent 2",1,0,220354,1748,24,"gemm_mq4g256v2_residual_mmq_iu4_full_set_symfold",1748,9375102535890,9375106690182,0,0,184,0,128,256,1,1,24576,64,1
"KERNEL_DISPATCH","Agent 2",1,0,220354,3312,6,"__amd_rocclr_fillBufferUnAligned",3312,9376553386557,9376553388397,0,0,8,0,128,256,1,1,8192,1,1
"KERNEL_DISPATCH","Agent 2",1,0,220354,3774,6,"__amd_rocclr_fillBufferUnAligned",3774,9376556082691,9376556083931,0,0,8,0,128,256,1,1,7680,1,1
"KERNEL_DISPATCH","Agent 2",1,0,220354,3769,6,"__amd_rocclr_fillBufferUnAligned",3769,9376556058291,9376556059691,0,0,8,0,128,256,1,1,7680,1,1
"KERNEL_DISPATCH","Agent 2",1,0,220354,3764,6,"__amd_rocclr_fillBufferUnAligned",3764,9376556034290,9376556035610,0,0,8,0,128,256,1,1,1536,1,1
"KERNEL_DISPATCH","Agent 2",1,0,220354,3759,6,"__amd_rocclr_fillBufferUnAligned",3759,9376556009970,9376556011330,0,0,8,0,128,256,1,1,1536,1,1
"KERNEL_DISPATCH","Agent 2",1,0,220354,3754,6,"__amd_rocclr_fillBufferUnAligned",3754,9376555985250,9376555986650,0,0,8,0,128,256,1,1,1536,1,1
"KERNEL_DISPATCH","Agent 2",1,0,220354,3749,6,"__amd_rocclr_fillBufferUnAligned",3749,9376555961049,9376555962409,0,0,8,0,128,256,1,1,1536,1,1
"KERNEL_DISPATCH","Agent 2",1,0,220354,3744,6,"__amd_rocclr_fillBufferUnAligned",3744,9376555936289,9376555937729,0,0,8,0,128,256,1,1,1536,1,1
"KERNEL_DISPATCH","Agent 2",1,0,220354,3739,6,"__amd_rocclr_fillBufferUnAligned",3739,9376555912169,9376555913649,0,0,8,0,128,256,1,1,1536,1,1
"KERNEL_DISPATCH","Agent 2",1,0,220354,3734,6,"__amd_rocclr_fillBufferUnAligned",3734,9376555887608,9376555889048,0,0,8,0,128,256,1,1,1536,1,1
"KERNEL_DISPATCH","Agent 2",1,0,220354,3729,6,"__amd_rocclr_fillBufferUnAligned",3729,9376555863368,9376555864728,0,0,8,0,128,256,1,1,1536,1,1
"KERNEL_DISPATCH","Agent 2",1,0,220354,3724,6,"__amd_rocclr_fillBufferUnAligned",3724,9376555838648,9376555839968,0,0,8,0,128,256,1,1,1536,1,1
"KERNEL_DISPATCH","Agent 2",1,0,220354,3719,6,"__amd_rocclr_fillBufferUnAligned",3719,9376555813368,9376555815848,0,0,8,0,128,256,1,1,8192,1,1
"KERNEL_DISPATCH","Agent 2",1,0,220354,3714,6,"__amd_rocclr_fillBufferUnAligned",3714,9376555783287,9376555785727,0,0,8,0,128,256,1,1,8192,1,1
"KERNEL_DISPATCH","Agent 2",1,0,220354,3709,6,"__amd_rocclr_fillBufferUnAligned",3709,9376555752727,9376555754687,0,0,8,0,128,256,1,1,8192,1,1
"KERNEL_DISPATCH","Agent 2",1,0,220354,3704,6,"__amd_rocclr_fillBufferUnAligned",3704,9376555723446,9376555725766,0,0,8,0,128,256,1,1,8192,1,1
"KERNEL_DISPATCH","Agent 2",1,0,220354,3699,6,"__amd_rocclr_fillBufferUnAligned",3699,9376555694886,9376555697326,0,0,8,0,128,256,1,1,8192,1,1
"KERNEL_DISPATCH","Agent 2",1,0,220354,3694,6,"__amd_rocclr_fillBufferUnAligned",3694,9376555667886,9376555669406,0,0,8,0,128,256,1,1,8192,1,1
"KERNEL_DISPATCH","Agent 2",1,0,220354,3689,6,"__amd_rocclr_fillBufferUnAligned",3689,9376555641445,9376555643405,0,0,8,0,128,256,1,1,8192,1,1
"KERNEL_DISPATCH","Agent 2",1,0,220354,3684,6,"__amd_rocclr_fillBufferUnAligned",3684,9376555613805,9376555615405,0,0,8,0,128,256,1,1,8192,1,1
"KERNEL_DISPATCH","Agent 2",1,0,220354,3679,6,"__amd_rocclr_fillBufferUnAligned",3679,9376555588405,9376555590005,0,0,8,0,128,256,1,1,8192,1,1
"KERNEL_DISPATCH","Agent 2",1,0,220354,3674,6,"__amd_rocclr_fillBufferUnAligned",3674,9376555562964,9376555564524,0,0,8,0,128,256,1,1,8192,1,1
"KERNEL_DISPATCH","Agent 2",1,0,220354,3669,6,"__amd_rocclr_fillBufferUnAligned",3669,9376555535004,9376555537524,0,0,8,0,128,256,1,1,8192,1,1
"KERNEL_DISPATCH","Agent 2",1,0,220354,3664,6,"__amd_rocclr_fillBufferUnAligned",3664,9376555505164,9376555507644,0,0,8,0,128,256,1,1,8192,1,1
"KERNEL_DISPATCH","Agent 2",1,0,220354,3659,6,"__amd_rocclr_fillBufferUnAligned",3659,9376555476283,9376555478643,0,0,8,0,128,256,1,1,8192,1,1
"KERNEL_DISPATCH","Agent 2",1,0,220354,3649,6,"__amd_rocclr_fillBufferUnAligned",3649,9376555418323,9376555420483,0,0,8,0,128,256,1,1,8192,1,1
"KERNEL_DISPATCH","Agent 2",1,0,220354,3644,6,"__amd_rocclr_fillBufferUnAligned",3644,9376555389842,9376555392122,0,0,8,0,128,256,1,1,8192,1,1
"KERNEL_DISPATCH","Agent 2",1,0,220354,3639,6,"__amd_rocclr_fillBufferUnAligned",3639,9376555361162,9376555363362,0,0,8,0,128,256,1,1,8192,1,1
"KERNEL_DISPATCH","Agent 2",1,0,220354,3634,6,"__amd_rocclr_fillBufferUnAligned",3634,9376555332521,9376555334762,0,0,8,0,128,256,1,1,8192,1,1
"KERNEL_DISPATCH","Agent 2",1,0,220354,3629,6,"__amd_rocclr_fillBufferUnAligned",3629,9376555303761,9376555305921,0,0,8,0,128,256,1,1,8192,1,1
"KERNEL_DISPATCH","Agent 2",1,0,220354,3624,6,"__amd_rocclr_fillBufferUnAligned",3624,9376555274521,9376555276641,0,0,8,0,128,256,1,1,8192,1,1
"KERNEL_DISPATCH","Agent 2",1,0,220354,3619,6,"__amd_rocclr_fillBufferUnAligned",3619,9376555250520,9376555251800,0,0,8,0,128,256,1,1,7680,1,1
"KERNEL_DISPATCH","Agent 2",1,0,220354,3614,6,"__amd_rocclr_fillBufferUnAligned",3614,9376555225360,9376555226640,0,0,8,0,128,256,1,1,7680,1,1
"KERNEL_DISPATCH","Agent 2",1,0,220354,3609,6,"__amd_rocclr_fillBufferUnAligned",3609,9376555201200,9376555202520,0,0,8,0,128,256,1,1,7680,1,1
"KERNEL_DISPATCH","Agent 2",1,0,220354,3604,6,"__amd_rocclr_fillBufferUnAligned",3604,9376555177400,9376555178600,0,0,8,0,128,256,1,1,7680,1,1
"KERNEL_DISPATCH","Agent 2",1,0,220354,3599,6,"__amd_rocclr_fillBufferUnAligned",3599,9376555153279,9376555154599,0,0,8,0,128,256,1,1,7680,1,1
"KERNEL_DISPATCH","Agent 2",1,0,220354,3594,6,"__amd_rocclr_fillBufferUnAligned",3594,9376555129159,9376555130479,0,0,8,0,128,256,1,1,7680,1,1
"KERNEL_DISPATCH","Agent 2",1,0,220354,3589,6,"__amd_rocclr_fillBufferUnAligned",3589,9376555104599,9376555105919,0,0,8,0,128,256,1,1,7680,1,1
"KERNEL_DISPATCH","Agent 2",1,0,220354,3584,6,"__amd_rocclr_fillBufferUnAligned",3584,9376555079478,9376555081238,0,0,8,0,128,256,1,1,7680,1,1
"KERNEL_DISPATCH","Agent 2",1,0,220354,3579,6,"__amd_rocclr_fillBufferUnAligned",3579,9376555055558,9376555056918,0,0,8,0,128,256,1,1,7680,1,1
"KERNEL_DISPATCH","Agent 2",1,0,220354,3574,6,"__amd_rocclr_fillBufferUnAligned",3574,9376555031158,9376555032518,0,0,8,0,128,256,1,1,1536,1,1
"KERNEL_DISPATCH","Agent 2",1,0,220354,3569,6,"__amd_rocclr_fillBufferUnAligned",3569,9376555007117,9376555008517,0,0,8,0,128,256,1,1,1536,1,1
"KERNEL_DISPATCH","Agent 2",1,0,220354,3564,6,"__amd_rocclr_fillBufferUnAligned",3564,9376554982397,9376554983797,0,0,8,0,128,256,1,1,1536,1,1
"KERNEL_DISPATCH","Agent 2",1,0,220354,3554,6,"__amd_rocclr_fillBufferUnAligned",3554,9376554932836,9376554934397,0,0,8,0,128,256,1,1,1536,1,1
"KERNEL_DISPATCH","Agent 2",1,0,220354,3549,6,"__amd_rocclr_fillBufferUnAligned",3549,9376554908036,9376554909436,0,0,8,0,128,256,1,1,1536,1,1
"KERNEL_DISPATCH","Agent 2",1,0,220354,3544,6,"__amd_rocclr_fillBufferUnAligned",3544,9376554882956,9376554884356,0,0,8,0,128,256,1,1,1536,1,1
"KERNEL_DISPATCH","Agent 2",1,0,220354,3539,6,"__amd_rocclr_fillBufferUnAligned",3539,9376554857636,9376554858996,0,0,8,0,128,256,1,1,1536,1,1
"KERNEL_DISPATCH","Agent 2",1,0,220354,3534,6,"__amd_rocclr_fillBufferUnAligned",3534,9376554832555,9376554833995,0,0,8,0,128,256,1,1,1536,1,1
"KERNEL_DISPATCH","Agent 2",1,0,220354,3529,6,"__amd_rocclr_fillBufferUnAligned",3529,9376554807235,9376554808675,0,0,8,0,128,256,1,1,1536,1,1
"KERNEL_DISPATCH","Agent 2",1,0,220354,3524,6,"__amd_rocclr_fillBufferUnAligned",3524,9376554778835,9376554780995,0,0,8,0,128,256,1,1,8192,1,1
"KERNEL_DISPATCH","Agent 2",1,0,220354,3519,6,"__amd_rocclr_fillBufferUnAligned",3519,9376554749954,9376554752194,0,0,8,0,128,256,1,1,8192,1,1
"KERNEL_DISPATCH","Agent 2",1,0,220354,3514,6,"__amd_rocclr_fillBufferUnAligned",3514,9376554719554,9376554721434,0,0,8,0,128,256,1,1,8192,1,1
"KERNEL_DISPATCH","Agent 2",1,0,220354,3509,6,"__amd_rocclr_fillBufferUnAligned",3509,9376554692433,9376554694074,0,0,8,0,128,256,1,1,8192,1,1
"KERNEL_DISPATCH","Agent 2",1,0,220354,3499,6,"__amd_rocclr_fillBufferUnAligned",3499,9376554640033,9376554641953,0,0,8,0,128,256,1,1,8192,1,1
"KERNEL_DISPATCH","Agent 2",1,0,220354,3494,6,"__amd_rocclr_fillBufferUnAligned",3494,9376554614833,9376554616473,0,0,8,0,128,256,1,1,8192,1,1
"KERNEL_DISPATCH","Agent 2",1,0,220354,3489,6,"__amd_rocclr_fillBufferUnAligned",3489,9376554589472,9376554590992,0,0,8,0,128,256,1,1,8192,1,1
"KERNEL_DISPATCH","Agent 2",1,0,220354,3484,6,"__amd_rocclr_fillBufferUnAligned",3484,9376554563552,9376554565112,0,0,8,0,128,256,1,1,8192,1,1
"KERNEL_DISPATCH","Agent 2",1,0,220354,3479,6,"__amd_rocclr_fillBufferUnAligned",3479,9376554537632,9376554539472,0,0,8,0,128,256,1,1,8192,1,1
"KERNEL_DISPATCH","Agent 2",1,0,220354,3474,6,"__amd_rocclr_fillBufferUnAligned",3474,9376554510191,9376554512071,0,0,8,0,128,256,1,1,8192,1,1
"KERNEL_DISPATCH","Agent 2",1,0,220354,3464,6,"__amd_rocclr_fillBufferUnAligned",3464,9376554456471,9376554458351,0,0,8,0,128,256,1,1,8192,1,1
"KERNEL_DISPATCH","Agent 2",1,0,220354,3459,6,"__amd_rocclr_fillBufferUnAligned",3459,9376554429470,9376554431390,0,0,8,0,128,256,1,1,8192,1,1
"KERNEL_DISPATCH","Agent 2",1,0,220354,3454,6,"__amd_rocclr_fillBufferUnAligned",3454,9376554391030,9376554392870,0,0,8,0,128,256,1,1,8192,1,1
"KERNEL_DISPATCH","Agent 2",1,0,220354,3444,6,"__amd_rocclr_fillBufferUnAligned",3444,9376554336909,9376554338709,0,0,8,0,128,256,1,1,8192,1,1
"KERNEL_DISPATCH","Agent 2",1,0,220354,3439,6,"__amd_rocclr_fillBufferUnAligned",3439,9376554310429,9376554312189,0,0,8,0,128,256,1,1,8192,1,1
"KERNEL_DISPATCH","Agent 2",1,0,220354,3429,6,"__amd_rocclr_fillBufferUnAligned",3429,9376554258708,9376554260068,0,0,8,0,128,256,1,1,7680,1,1
"KERNEL_DISPATCH","Agent 2",1,0,220354,3419,6,"__amd_rocclr_fillBufferUnAligned",3419,9376554210027,9376554211427,0,0,8,0,128,256,1,1,7680,1,1
"KERNEL_DISPATCH","Agent 2",1,0,220354,3399,6,"__amd_rocclr_fillBufferUnAligned",3399,9376554109026,9376554110466,0,0,8,0,128,256,1,1,7680,1,1
"KERNEL_DISPATCH","Agent 2",1,0,220354,3394,6,"__amd_rocclr_fillBufferUnAligned",3394,9376554083266,9376554084706,0,0,8,0,128,256,1,1,7680,1,1
"KERNEL_DISPATCH","Agent 2",1,0,220354,2549,22,"gdn_chunk_scan",2549,9375856264923,9375856363164,60928,0,192,0,128,512,1,1,512,48,1
"KERNEL_DISPATCH","Agent 2",1,0,220354,2544,21,"gdn_chunk_kkt_solve",2544,9375855982680,9375856005520,11776,0,104,0,128,128,1,1,1024,16,1
"KERNEL_DISPATCH","Agent 2",1,0,220354,2539,22,"gdn_chunk_scan",2539,9375855622395,9375855721716,60928,0,192,0,128,512,1,1,512,48,1
"KERNEL_DISPATCH","Agent 2",1,0,220354,2534,21,"gdn_chunk_kkt_solve",2534,9375855339472,9375855362112,11776,0,104,0,128,128,1,1,1024,16,1
"KERNEL_DISPATCH","Agent 2",1,0,220354,2529,20,"gdn_chunk_prep",2529,9375854173377,9375855075668,0,0,72,0,128,256,1,1,32768,10,1
"KERNEL_DISPATCH","Agent 2",1,0,220354,2524,23,"fused_rmsnorm_mq_rotate_awq_i4_gfx12",2524,9375848042860,9375848509106,0,0,96,0,128,256,1,1,2097152,1,1
"KERNEL_DISPATCH","Agent 2",1,0,220354,2519,23,"fused_rmsnorm_mq_rotate_awq_i4_gfx12",2519,9375828305293,9375828745659,0,0,96,0,128,256,1,1,2097152,1,1
"KERNEL_DISPATCH","Agent 2",1,0,220354,2514,35,"kv_cache_write_fp8_e4m3_batched",2514,9375813104783,9375813171024,0,0,56,0,128,32,1,1,128,8192,1
"KERNEL_DISPATCH","Agent 2",1,0,220354,2509,24,"gemm_mq4g256v2_residual_mmq_iu4_full_set_symfold",2509,9375810379949,9375810734433,0,0,184,0,128,256,1,1,2048,64,1
"KERNEL_DISPATCH","Agent 2",1,0,220354,2504,24,"gemm_mq4g256v2_residual_mmq_iu4_full_set_symfold",2504,9375791533553,9375797388626,0,0,184,0,128,256,1,1,34816,64,1
"KERNEL_DISPATCH","Agent 2",1,0,220354,2499,22,"gdn_chunk_scan",2499,9375781972513,9375782070035,60928,0,192,0,128,512,1,1,512,48,1
"KERNEL_DISPATCH","Agent 2",1,0,220354,2494,21,"gdn_chunk_kkt_solve",2494,9375781689590,9375781712390,11776,0,104,0,128,128,1,1,1024,16,1
"KERNEL_DISPATCH","Agent 2",1,0,220354,2489,22,"gdn_chunk_scan",2489,9375781329665,9375781428827,60928,0,192,0,128,512,1,1,512,48,1
"KERNEL_DISPATCH","Agent 2",1,0,220354,2484,21,"gdn_chunk_kkt_solve",2484,9375781046982,9375781069422,11776,0,104,0,128,128,1,1,1024,16,1
"KERNEL_DISPATCH","Agent 2",1,0,220354,2479,22,"gdn_chunk_scan",2479,9375780684657,9375780784899,60928,0,192,0,128,512,1,1,512,48,1
"KERNEL_DISPATCH","Agent 2",1,0,220354,2474,21,"gdn_chunk_kkt_solve",2474,9375780398174,9375780421134,11776,0,104,0,128,128,1,1,1024,16,1
"KERNEL_DISPATCH","Agent 2",1,0,220354,2469,22,"gdn_chunk_scan",2469,9375780032249,9375780135330,60928,0,192,0,128,512,1,1,512,48,1
"KERNEL_DISPATCH","Agent 2",1,0,220354,2464,24,"gemm_mq4g256v2_residual_mmq_iu4_full_set_symfold",2464,9375776856969,9375778959036,0,0,184,0,128,256,1,1,12288,64,1
"KERNEL_DISPATCH","Agent 2",1,0,220354,2459,24,"gemm_mq4g256v2_residual_mmq_iu4_full_set_symfold",2459,9375758867744,9375764693977,0,0,184,0,128,256,1,1,34816,64,1
"KERNEL_DISPATCH","Agent 2",1,0,220354,2454,22,"gdn_chunk_scan",2454,9375749121142,9375749218583,60928,0,192,0,128,512,1,1,512,48,1
"KERNEL_DISPATCH","Agent 2",1,0,220354,2449,21,"gdn_chunk_kkt_solve",2449,9375748840779,9375748863259,11776,0,104,0,128,128,1,1,1024,16,1
"KERNEL_DISPATCH","Agent 2",1,0,220354,2444,22,"gdn_chunk_scan",2444,9375748480854,9375748579495,60928,0,192,0,128,512,1,1,512,48,1
"KERNEL_DISPATCH","Agent 2",1,0,220354,2439,21,"gdn_chunk_kkt_solve",2439,9375748198211,9375748220531,11776,0,104,0,128,128,1,1,1024,16,1
"KERNEL_DISPATCH","Agent 2",1,0,220354,2434,22,"gdn_chunk_scan",2434,9375747838886,9375747938087,60928,0,192,0,128,512,1,1,512,48,1
"KERNEL_DISPATCH","Agent 2",1,0,220354,2429,21,"gdn_chunk_kkt_solve",2429,9375747555843,9375747578683,11776,0,104,0,128,128,1,1,1024,16,1
"KERNEL_DISPATCH","Agent 2",1,0,220354,2424,22,"gdn_chunk_scan",2424,9375747193838,9375747295519,60928,0,192,0,128,512,1,1,512,48,1
"KERNEL_DISPATCH","Agent 2",1,0,220354,2419,24,"gemm_mq4g256v2_residual_mmq_iu4_full_set_symfold",2419,9375744041679,9375746117705,0,0,184,0,128,256,1,1,12288,64,1
"KERNEL_DISPATCH","Agent 2",1,0,220354,2414,24,"gemm_mq4g256v2_residual_mmq_iu4_full_set_symfold",2414,9375726007853,9375731809486,0,0,184,0,128,256,1,1,34816,64,1
"KERNEL_DISPATCH","Agent 2",1,0,220354,2409,22,"gdn_chunk_scan",2409,9375716362892,9375716460694,60928,0,192,0,128,512,1,1,512,48,1
"KERNEL_DISPATCH","Agent 2",1,0,220354,2404,21,"gdn_chunk_kkt_solve",2404,9375716082769,9375716105289,11776,0,104,0,128,128,1,1,1024,16,1
"KERNEL_DISPATCH","Agent 2",1,0,220354,2399,22,"gdn_chunk_scan",2399,9375715725244,9375715824326,60928,0,192,0,128,512,1,1,512,48,1
"KERNEL_DISPATCH","Agent 2",1,0,220354,2394,21,"gdn_chunk_kkt_solve",2394,9375715442441,9375715465121,11776,0,104,0,128,128,1,1,1024,16,1
"KERNEL_DISPATCH","Agent 2",1,0,220354,2389,22,"gdn_chunk_scan",2389,9375715081756,9375715180837,60928,0,192,0,128,512,1,1,512,48,1
"KERNEL_DISPATCH","Agent 2",1,0,220354,2379,22,"gdn_chunk_scan",2379,9375714430548,9375714533469,60928,0,192,0,128,512,1,1,512,48,1
"KERNEL_DISPATCH","Agent 2",1,0,220354,2374,24,"gemm_mq4g256v2_residual_mmq_iu4_full_set_symfold",2374,9375711254908,9375713360815,0,0,184,0,128,256,1,1,12288,64,1
"KERNEL_DISPATCH","Agent 2",1,0,220354,2369,24,"gemm_mq4g256v2_residual_mmq_iu4_full_set_symfold",2369,9375693653528,9375699300599,0,0,184,0,128,256,1,1,34816,64,1
"KERNEL_DISPATCH","Agent 2",1,0,220354,2364,43,"attention_fp8_e4m3_fa2_gqa_packet_gfx1201",2364,9375672484063,9375684850818,0,0,240,0,128,256,1,1,6144,4,16
"KERNEL_DISPATCH","Agent 2",1,0,220354,2359,30,"deinterleave_q_rmsnorm_f32_batched",2359,9375670313036,9375671709493,0,0,24,0,128,256,1,1,6144,8192,1
"KERNEL_DISPATCH","Agent 2",1,0,220354,2354,25,"gemm_mq4g256v2_residual_mmq_iu4_full_add_symfold",2354,9375658883293,9375664953569,0,0,184,0,128,256,1,1,10240,64,1
"KERNEL_DISPATCH","Agent 2",1,0,220354,2349,25,"gemm_mq4g256v2_residual_mmq_iu4_full_add_symfold",2349,9375642304365,9375644502473,0,0,184,0,128,256,1,1,10240,64,1
"KERNEL_DISPATCH","Agent 2",1,0,220354,2344,21,"gdn_chunk_kkt_solve",2344,9375641048630,9375641070870,11776,0,104,0,128,128,1,1,1024,16,1
"KERNEL_DISPATCH","Agent 2",1,0,220354,2339,22,"gdn_chunk_scan",2339,9375640692585,9375640791226,60928,0,192,0,128,512,1,1,512,48,1
"KERNEL_DISPATCH","Agent 2",1,0,220354,2334,21,"gdn_chunk_kkt_solve",2334,9375640410502,9375640432982,11776,0,104,0,128,128,1,1,1024,16,1
"KERNEL_DISPATCH","Agent 2",1,0,220354,2329,22,"gdn_chunk_scan",2329,9375640053257,9375640151898,60928,0,192,0,128,512,1,1,512,48,1
"KERNEL_DISPATCH","Agent 2",1,0,220354,2324,21,"gdn_chunk_kkt_solve",2324,9375639770494,9375639793294,11776,0,104,0,128,128,1,1,1024,16,1
"KERNEL_DISPATCH","Agent 2",1,0,220354,2319,22,"gdn_chunk_scan",2319,9375639412449,9375639510850,60928,0,192,0,128,512,1,1,512,48,1
"KERNEL_DISPATCH","Agent 2",1,0,220354,2314,24,"gemm_mq4g256v2_residual_mmq_iu4_full_set_symfold",2314,9375638286075,9375638344436,0,0,184,0,128,256,1,1,256,64,1
"KERNEL_DISPATCH","Agent 2",1,0,220354,2309,25,"gemm_mq4g256v2_residual_mmq_iu4_full_add_symfold",2309,9375626094003,9375632158878,0,0,184,0,128,256,1,1,10240,64,1
"KERNEL_DISPATCH","Agent 2",1,0,220354,2304,25,"gemm_mq4g256v2_residual_mmq_iu4_full_add_symfold",2304,9375609664197,9375611845904,0,0,184,0,128,256,1,1,10240,64,1
"KERNEL_DISPATCH","Agent 2",1,0,220354,2299,21,"gdn_chunk_kkt_solve",2299,9375608422461,9375608444742,11776,0,104,0,128,128,1,1,1024,16,1
"KERNEL_DISPATCH","Agent 2",1,0,220354,2294,22,"gdn_chunk_scan",2294,9375608070577,9375608167578,60928,0,192,0,128,512,1,1,512,48,1
"KERNEL_DISPATCH","Agent 2",1,0,220354,2289,21,"gdn_chunk_kkt_solve",2289,9375607791213,9375607813734,11776,0,104,0,128,128,1,1,1024,16,1
"KERNEL_DISPATCH","Agent 2",1,0,220354,2284,22,"gdn_chunk_scan",2284,9375607434049,9375607532250,60928,0,192,0,128,512,1,1,512,48,1
"KERNEL_DISPATCH","Agent 2",1,0,220354,3806,6,"__amd_rocclr_fillBufferUnAligned",3806,9376556249973,9376556251333,0,0,8,0,128,256,1,1,7680,1,1
"KERNEL_DISPATCH","Agent 2",1,0,220354,2279,21,"gdn_chunk_kkt_solve",2279,9375607152165,9375607174966,11776,0,104,0,128,128,1,1,1024,16,1
"KERNEL_DISPATCH","Agent 2",1,0,220354,3801,6,"__amd_rocclr_fillBufferUnAligned",3801,9376556225933,9376556227213,0,0,8,0,128,256,1,1,7680,1,1
"KERNEL_DISPATCH","Agent 2",1,0,220354,3796,6,"__amd_rocclr_fillBufferUnAligned",3796,9376556188052,9376556189212,0,0,8,0,128,256,1,1,7680,1,1
"KERNEL_DISPATCH","Agent 2",1,0,220354,3791,6,"__amd_rocclr_fillBufferUnAligned",3791,9376556164252,9376556165572,0,0,8,0,128,256,1,1,7680,1,1
"KERNEL_DISPATCH","Agent 2",1,0,220354,3786,6,"__amd_rocclr_fillBufferUnAligned",3786,9376556140452,9376556141732,0,0,8,0,128,256,1,1,7680,1,1
"KERNEL_DISPATCH","Agent 2",1,0,220354,3781,6,"__amd_rocclr_fillBufferUnAligned",3781,9376556116171,9376556117491,0,0,8,0,128,256,1,1,7680,1,1
"KERNEL_DISPATCH","Agent 2",1,0,220354,3776,6,"__amd_rocclr_fillBufferUnAligned",3776,9376556092091,9376556093451,0,0,8,0,128,256,1,1,7680,1,1
"KERNEL_DISPATCH","Agent 2",1,0,220354,3771,6,"__amd_rocclr_fillBufferUnAligned",3771,9376556068091,9376556069651,0,0,8,0,128,256,1,1,7680,1,1
"KERNEL_DISPATCH","Agent 2",1,0,220354,3766,6,"__amd_rocclr_fillBufferUnAligned",3766,9376556043890,9376556045250,0,0,8,0,128,256,1,1,1536,1,1
"KERNEL_DISPATCH","Agent 2",1,0,220354,3761,6,"__amd_rocclr_fillBufferUnAligned",3761,9376556019890,9376556021210,0,0,8,0,128,256,1,1,1536,1,1
"KERNEL_DISPATCH","Agent 2",1,0,220354,3756,6,"__amd_rocclr_fillBufferUnAligned",3756,9376555995650,9376555996970,0,0,8,0,128,256,1,1,1536,1,1
"KERNEL_DISPATCH","Agent 2",1,0,220354,3751,6,"__amd_rocclr_fillBufferUnAligned",3751,9376555970729,9376555972130,0,0,8,0,128,256,1,1,1536,1,1
"KERNEL_DISPATCH","Agent 2",1,0,220354,3746,6,"__amd_rocclr_fillBufferUnAligned",3746,9376555946089,9376555947529,0,0,8,0,128,256,1,1,1536,1,1
"KERNEL_DISPATCH","Agent 2",1,0,220354,3741,6,"__amd_rocclr_fillBufferUnAligned",3741,9376555921929,9376555923249,0,0,8,0,128,256,1,1,1536,1,1
"KERNEL_DISPATCH","Agent 2",1,0,220354,3736,6,"__amd_rocclr_fillBufferUnAligned",3736,9376555897329,9376555898769,0,0,8,0,128,256,1,1,1536,1,1
"KERNEL_DISPATCH","Agent 2",1,0,220354,3731,6,"__amd_rocclr_fillBufferUnAligned",3731,9376555873048,9376555874408,0,0,8,0,128,256,1,1,1536,1,1
"KERNEL_DISPATCH","Agent 2",1,0,220354,3726,6,"__amd_rocclr_fillBufferUnAligned",3726,9376555848208,9376555849648,0,0,8,0,128,256,1,1,1536,1,1
"KERNEL_DISPATCH","Agent 2",1,0,220354,3721,6,"__amd_rocclr_fillBufferUnAligned",3721,9376555823968,9376555825328,0,0,8,0,128,256,1,1,1536,1,1
"KERNEL_DISPATCH","Agent 2",1,0,220354,3716,6,"__amd_rocclr_fillBufferUnAligned",3716,9376555795087,9376555797527,0,0,8,0,128,256,1,1,8192,1,1
"KERNEL_DISPATCH","Agent 2",1,0,220354,3711,6,"__amd_rocclr_fillBufferUnAligned",3711,9376555764767,9376555767407,0,0,8,0,128,256,1,1,8192,1,1
"KERNEL_DISPATCH","Agent 2",1,0,220354,3706,6,"__amd_rocclr_fillBufferUnAligned",3706,9376555735207,9376555737007,0,0,8,0,128,256,1,1,8192,1,1
"KERNEL_DISPATCH","Agent 2",1,0,220354,3701,6,"__amd_rocclr_fillBufferUnAligned",3701,9376555706726,9376555708606,0,0,8,0,128,256,1,1,8192,1,1
"KERNEL_DISPATCH","Agent 2",1,0,220354,3696,6,"__amd_rocclr_fillBufferUnAligned",3696,9376555677806,9376555680326,0,0,8,0,128,256,1,1,8192,1,1
"KERNEL_DISPATCH","Agent 2",1,0,220354,3691,6,"__amd_rocclr_fillBufferUnAligned",3691,9376555651805,9376555654326,0,0,8,0,128,256,1,1,8192,1,1
"KERNEL_DISPATCH","Agent 2",1,0,220354,3686,6,"__amd_rocclr_fillBufferUnAligned",3686,9376555623965,9376555626485,0,0,8,0,128,256,1,1,8192,1,1
"KERNEL_DISPATCH","Agent 2",1,0,220354,3681,6,"__amd_rocclr_fillBufferUnAligned",3681,9376555598485,9376555600005,0,0,8,0,128,256,1,1,8192,1,1
"KERNEL_DISPATCH","Agent 2",1,0,220354,3676,6,"__amd_rocclr_fillBufferUnAligned",3676,9376555573445,9376555574965,0,0,8,0,128,256,1,1,8192,1,1
"KERNEL_DISPATCH","Agent 2",1,0,220354,3671,6,"__amd_rocclr_fillBufferUnAligned",3671,9376555546844,9376555549084,0,0,8,0,128,256,1,1,8192,1,1
"KERNEL_DISPATCH","Agent 2",1,0,220354,3666,6,"__amd_rocclr_fillBufferUnAligned",3666,9376555516684,9376555518924,0,0,8,0,128,256,1,1,8192,1,1
"KERNEL_DISPATCH","Agent 2",1,0,220354,3656,6,"__amd_rocclr_fillBufferUnAligned",3656,9376555458923,9376555461043,0,0,8,0,128,256,1,1,8192,1,1
"KERNEL_DISPATCH","Agent 2",1,0,220354,3651,6,"__amd_rocclr_fillBufferUnAligned",3651,9376555430363,9376555432643,0,0,8,0,128,256,1,1,8192,1,1
"KERNEL_DISPATCH","Agent 2",1,0,220354,3646,6,"__amd_rocclr_fillBufferUnAligned",3646,9376555401122,9376555403322,0,0,8,0,128,256,1,1,8192,1,1
"KERNEL_DISPATCH","Agent 2",1,0,220354,3641,6,"__amd_rocclr_fillBufferUnAligned",3641,9376555372722,9376555374922,0,0,8,0,128,256,1,1,8192,1,1
"KERNEL_DISPATCH","Agent 2",1,0,220354,3636,6,"__amd_rocclr_fillBufferUnAligned",3636,9376555343882,9376555346162,0,0,8,0,128,256,1,1,8192,1,1
"KERNEL_DISPATCH","Agent 2",1,0,220354,3982,6,"__amd_rocclr_fillBufferUnAligned",3982,9376557167904,9376557169104,0,0,8,0,128,256,1,1,7680,1,1
"KERNEL_DISPATCH","Agent 2",1,0,220354,3631,6,"__amd_rocclr_fillBufferUnAligned",3631,9376555315521,9376555317721,0,0,8,0,128,256,1,1,8192,1,1
"KERNEL_DISPATCH","Agent 2",1,0,220354,3626,6,"__amd_rocclr_fillBufferUnAligned",3626,9376555286281,9376555288321,0,0,8,0,128,256,1,1,8192,1,1
"KERNEL_DISPATCH","Agent 2",1,0,220354,3977,6,"__amd_rocclr_fillBufferUnAligned",3977,9376557144664,9376557145944,0,0,8,0,128,256,1,1,7680,1,1
"KERNEL_DISPATCH","Agent 2",1,0,220354,3621,6,"__amd_rocclr_fillBufferUnAligned",3621,9376555259961,9376555261361,0,0,8,0,128,256,1,1,7680,1,1
"KERNEL_DISPATCH","Agent 2",1,0,220354,3972,6,"__amd_rocclr_fillBufferUnAligned",3972,9376557121624,9376557122784,0,0,8,0,128,256,1,1,7680,1,1
"KERNEL_DISPATCH","Agent 2",1,0,220354,2274,22,"gdn_chunk_scan",2274,9375606794761,9375606892882,60928,0,192,0,128,512,1,1,512,48,1
"KERNEL_DISPATCH","Agent 2",1,0,220354,3616,6,"__amd_rocclr_fillBufferUnAligned",3616,9376555235440,9376555236840,0,0,8,0,128,256,1,1,7680,1,1
"KERNEL_DISPATCH","Agent 2",1,0,220354,3967,6,"__amd_rocclr_fillBufferUnAligned",3967,9376557098064,9376557099304,0,0,8,0,128,256,1,1,7680,1,1
"KERNEL_DISPATCH","Agent 2",1,0,220354,3611,6,"__amd_rocclr_fillBufferUnAligned",3611,9376555210760,9376555212160,0,0,8,0,128,256,1,1,7680,1,1
"KERNEL_DISPATCH","Agent 2",1,0,220354,3606,6,"__amd_rocclr_fillBufferUnAligned",3606,9376555186880,9376555188240,0,0,8,0,128,256,1,1,7680,1,1
"KERNEL_DISPATCH","Agent 2",1,0,220354,2269,24,"gemm_mq4g256v2_residual_mmq_iu4_full_set_symfold",2269,9375605672147,9375605730788,0,0,184,0,128,256,1,1,256,64,1
"KERNEL_DISPATCH","Agent 2",1,0,220354,3962,6,"__amd_rocclr_fillBufferUnAligned",3962,9376557074583,9376557075823,0,0,8,0,128,256,1,1,7680,1,1
"KERNEL_DISPATCH","Agent 2",1,0,220354,2264,25,"gemm_mq4g256v2_residual_mmq_iu4_full_add_symfold",2264,9375593384953,9375599531710,0,0,184,0,128,256,1,1,10240,64,1
"KERNEL_DISPATCH","Agent 2",1,0,220354,3957,6,"__amd_rocclr_fillBufferUnAligned",3957,9376557050463,9376557051863,0,0,8,0,128,256,1,1,1536,1,1
"KERNEL_DISPATCH","Agent 2",1,0,220354,2259,25,"gemm_mq4g256v2_residual_mmq_iu4_full_add_symfold",2259,9375576872226,9375579063894,0,0,184,0,128,256,1,1,10240,64,1
"KERNEL_DISPATCH","Agent 2",1,0,220354,3952,6,"__amd_rocclr_fillBufferUnAligned",3952,9376557026423,9376557027903,0,0,8,0,128,256,1,1,1536,1,1
"KERNEL_DISPATCH","Agent 2",1,0,220354,2254,21,"gdn_chunk_kkt_solve",2254,9375575616091,9375575638651,11776,0,104,0,128,128,1,1,1024,16,1
"KERNEL_DISPATCH","Agent 2",1,0,220354,3947,6,"__amd_rocclr_fillBufferUnAligned",3947,9376557002622,9376557004102,0,0,8,0,128,256,1,1,1536,1,1
"KERNEL_DISPATCH","Agent 2",1,0,220354,3942,6,"__amd_rocclr_fillBufferUnAligned",3942,9376556978382,9376556979782,0,0,8,0,128,256,1,1,1536,1,1
"KERNEL_DISPATCH","Agent 2",1,0,220354,2249,22,"gdn_chunk_scan",2249,9375575262206,9375575359888,60928,0,192,0,128,512,1,1,512,48,1
"KERNEL_DISPATCH","Agent 2",1,0,220354,3937,6,"__amd_rocclr_fillBufferUnAligned",3937,9376556953982,9376556955502,0,0,8,0,128,256,1,1,1536,1,1
"KERNEL_DISPATCH","Agent 2",1,0,220354,2244,21,"gdn_chunk_kkt_solve",2244,9375574982563,9375575005203,11776,0,104,0,128,128,1,1,1024,16,1
"KERNEL_DISPATCH","Agent 2",1,0,220354,3932,6,"__amd_rocclr_fillBufferUnAligned",3932,9376556929741,9376556931102,0,0,8,0,128,256,1,1,1536,1,1
"KERNEL_DISPATCH","Agent 2",1,0,220354,2239,22,"gdn_chunk_scan",2239,9375574624918,9375574723320,60928,0,192,0,128,512,1,1,512,48,1
"KERNEL_DISPATCH","Agent 2",1,0,220354,3927,6,"__amd_rocclr_fillBufferUnAligned",3927,9376556905461,9376556906821,0,0,8,0,128,256,1,1,1536,1,1
"KERNEL_DISPATCH","Agent 2",1,0,220354,3922,6,"__amd_rocclr_fillBufferUnAligned",3922,9376556880941,9376556882461,0,0,8,0,128,256,1,1,1536,1,1
"KERNEL_DISPATCH","Agent 2",1,0,220354,3917,6,"__amd_rocclr_fillBufferUnAligned",3917,9376556856901,9376556858301,0,0,8,0,128,256,1,1,1536,1,1
"KERNEL_DISPATCH","Agent 2",1,0,220354,3912,6,"__amd_rocclr_fillBufferUnAligned",3912,9376556832980,9376556834300,0,0,8,0,128,256,1,1,1536,1,1
"KERNEL_DISPATCH","Agent 2",1,0,220354,3907,6,"__amd_rocclr_fillBufferUnAligned",3907,9376556803580,9376556806100,0,0,8,0,128,256,1,1,8192,1,1
"KERNEL_DISPATCH","Agent 2",1,0,220354,3902,6,"__amd_rocclr_fillBufferUnAligned",3902,9376556775380,9376556777380,0,0,8,0,128,256,1,1,8192,1,1
"KERNEL_DISPATCH","Agent 2",1,0,220354,3897,6,"__amd_rocclr_fillBufferUnAligned",3897,9376556747659,9376556750179,0,0,8,0,128,256,1,1,8192,1,1
"KERNEL_DISPATCH","Agent 2",1,0,220354,3892,6,"__amd_rocclr_fillBufferUnAligned",3892,9376556719219,9376556721659,0,0,8,0,128,256,1,1,8192,1,1
"KERNEL_DISPATCH","Agent 2",1,0,220354,3887,6,"__amd_rocclr_fillBufferUnAligned",3887,9376556690418,9376556692859,0,0,8,0,128,256,1,1,8192,1,1
"KERNEL_DISPATCH","Agent 2",1,0,220354,3882,6,"__amd_rocclr_fillBufferUnAligned",3882,9376556661618,9376556663578,0,0,8,0,128,256,1,1,8192,1,1
"KERNEL_DISPATCH","Agent 2",1,0,220354,3877,6,"__amd_rocclr_fillBufferUnAligned",3877,9376556633258,9376556635778,0,0,8,0,128,256,1,1,8192,1,1
"KERNEL_DISPATCH","Agent 2",1,0,220354,3872,6,"__amd_rocclr_fillBufferUnAligned",3872,9376556605937,9376556608417,0,0,8,0,128,256,1,1,8192,1,1
"KERNEL_DISPATCH","Agent 2",1,0,220354,3867,6,"__amd_rocclr_fillBufferUnAligned",3867,9376556580177,9376556581817,0,0,8,0,128,256,1,1,8192,1,1
"KERNEL_DISPATCH","Agent 2",1,0,220354,3862,6,"__amd_rocclr_fillBufferUnAligned",3862,9376556554057,9376556556217,0,0,8,0,128,256,1,1,8192,1,1
"KERNEL_DISPATCH","Agent 2",1,0,220354,3857,6,"__amd_rocclr_fillBufferUnAligned",3857,9376556526176,9376556528336,0,0,8,0,128,256,1,1,8192,1,1
"KERNEL_DISPATCH","Agent 2",1,0,220354,3852,6,"__amd_rocclr_fillBufferUnAligned",3852,9376556498376,9376556500496,0,0,8,0,128,256,1,1,8192,1,1
"KERNEL_DISPATCH","Agent 2",1,0,220354,3847,6,"__amd_rocclr_fillBufferUnAligned",3847,9376556470296,9376556472496,0,0,8,0,128,256,1,1,8192,1,1
"KERNEL_DISPATCH","Agent 2",1,0,220354,3842,6,"__amd_rocclr_fillBufferUnAligned",3842,9376556442495,9376556444695,0,0,8,0,128,256,1,1,8192,1,1
"KERNEL_DISPATCH","Agent 2",1,0,220354,3837,6,"__amd_rocclr_fillBufferUnAligned",3837,9376556414455,9376556416495,0,0,8,0,128,256,1,1,8192,1,1
"KERNEL_DISPATCH","Agent 2",1,0,220354,3832,6,"__amd_rocclr_fillBufferUnAligned",3832,9376556386215,9376556388335,0,0,8,0,128,256,1,1,8192,1,1
"KERNEL_DISPATCH","Agent 2",1,0,220354,3827,6,"__amd_rocclr_fillBufferUnAligned",3827,9376556358254,9376556360414,0,0,8,0,128,256,1,1,8192,1,1
"KERNEL_DISPATCH","Agent 2",1,0,220354,3822,6,"__amd_rocclr_fillBufferUnAligned",3822,9376556330214,9376556332374,0,0,8,0,128,256,1,1,8192,1,1
"KERNEL_DISPATCH","Agent 2",1,0,220354,3812,6,"__amd_rocclr_fillBufferUnAligned",3812,9376556278773,9376556280013,0,0,8,0,128,256,1,1,7680,1,1
"KERNEL_DISPATCH","Agent 2",1,0,220354,3807,6,"__amd_rocclr_fillBufferUnAligned",3807,9376556254733,9376556256133,0,0,8,0,128,256,1,1,7680,1,1
"KERNEL_DISPATCH","Agent 2",1,0,220354,3802,6,"__amd_rocclr_fillBufferUnAligned",3802,9376556230893,9376556232213,0,0,8,0,128,256,1,1,7680,1,1
"KERNEL_DISPATCH","Agent 2",1,0,220354,3797,6,"__amd_rocclr_fillBufferUnAligned",3797,9376556206772,9376556208332,0,0,8,0,128,256,1,1,7680,1,1
"KERNEL_DISPATCH","Agent 2",1,0,220354,3792,6,"__amd_rocclr_fillBufferUnAligned",3792,9376556169212,9376556170572,0,0,8,0,128,256,1,1,7680,1,1
"KERNEL_DISPATCH","Agent 2",1,0,220354,3787,6,"__amd_rocclr_fillBufferUnAligned",3787,9376556145132,9376556146492,0,0,8,0,128,256,1,1,7680,1,1
"KERNEL_DISPATCH","Agent 2",1,0,220354,3782,6,"__amd_rocclr_fillBufferUnAligned",3782,9376556120931,9376556122211,0,0,8,0,128,256,1,1,7680,1,1
"KERNEL_DISPATCH","Agent 2",1,0,220354,3777,6,"__amd_rocclr_fillBufferUnAligned",3777,9376556096851,9376556098051,0,0,8,0,128,256,1,1,7680,1,1
"KERNEL_DISPATCH","Agent 2",1,0,220354,3772,6,"__amd_rocclr_fillBufferUnAligned",3772,9376556073051,9376556074491,0,0,8,0,128,256,1,1,7680,1,1
"KERNEL_DISPATCH","Agent 2",1,0,220354,3767,6,"__amd_rocclr_fillBufferUnAligned",3767,9376556048650,9376556050050,0,0,8,0,128,256,1,1,1536,1,1
"KERNEL_DISPATCH","Agent 2",1,0,220354,3762,6,"__amd_rocclr_fillBufferUnAligned",3762,9376556024610,9376556026050,0,0,8,0,128,256,1,1,1536,1,1
"KERNEL_DISPATCH","Agent 2",1,0,220354,3601,6,"__amd_rocclr_fillBufferUnAligned",3601,9376555162959,9376555164159,0,0,8,0,128,256,1,1,7680,1,1
"KERNEL_DISPATCH","Agent 2",1,0,220354,3596,6,"__amd_rocclr_fillBufferUnAligned",3596,9376555138839,9376555140079,0,0,8,0,128,256,1,1,7680,1,1
"KERNEL_DISPATCH","Agent 2",1,0,220354,3591,6,"__amd_rocclr_fillBufferUnAligned",3591,9376555114239,9376555115479,0,0,8,0,128,256,1,1,7680,1,1
"KERNEL_DISPATCH","Agent 2",1,0,220354,3586,6,"__amd_rocclr_fillBufferUnAligned",3586,9376555089758,9376555091038,0,0,8,0,128,256,1,1,7680,1,1
"KERNEL_DISPATCH","Agent 2",1,0,220354,3581,6,"__amd_rocclr_fillBufferUnAligned",3581,9376555065158,9376555066398,0,0,8,0,128,256,1,1,7680,1,1
"KERNEL_DISPATCH","Agent 2",1,0,220354,3576,6,"__amd_rocclr_fillBufferUnAligned",3576,9376555040878,9376555042158,0,0,8,0,128,256,1,1,7680,1,1
"KERNEL_DISPATCH","Agent 2",1,0,220354,3571,6,"__amd_rocclr_fillBufferUnAligned",3571,9376555016838,9376555018118,0,0,8,0,128,256,1,1,1536,1,1
"KERNEL_DISPATCH","Agent 2",1,0,220354,3561,6,"__amd_rocclr_fillBufferUnAligned",3561,9376554967397,9376554968877,0,0,8,0,128,256,1,1,1536,1,1
"KERNEL_DISPATCH","Agent 2",1,0,220354,3556,6,"__amd_rocclr_fillBufferUnAligned",3556,9376554942837,9376554944157,0,0,8,0,128,256,1,1,1536,1,1
"KERNEL_DISPATCH","Agent 2",1,0,220354,3551,6,"__amd_rocclr_fillBufferUnAligned",3551,9376554917916,9376554919356,0,0,8,0,128,256,1,1,1536,1,1
"KERNEL_DISPATCH","Agent 2",1,0,220354,3546,6,"__amd_rocclr_fillBufferUnAligned",3546,9376554892756,9376554894196,0,0,8,0,128,256,1,1,1536,1,1
"KERNEL_DISPATCH","Agent 2",1,0,220354,3541,6,"__amd_rocclr_fillBufferUnAligned",3541,9376554867356,9376554869156,0,0,8,0,128,256,1,1,1536,1,1
"KERNEL_DISPATCH","Agent 2",1,0,220354,3536,6,"__amd_rocclr_fillBufferUnAligned",3536,9376554842395,9376554843955,0,0,8,0,128,256,1,1,1536,1,1
"KERNEL_DISPATCH","Agent 2",1,0,220354,3531,6,"__amd_rocclr_fillBufferUnAligned",3531,9376554817075,9376554818595,0,0,8,0,128,256,1,1,1536,1,1
"KERNEL_DISPATCH","Agent 2",1,0,220354,3526,6,"__amd_rocclr_fillBufferUnAligned",3526,9376554790435,9376554792835,0,0,8,0,128,256,1,1,8192,1,1
"KERNEL_DISPATCH","Agent 2",1,0,220354,3521,6,"__amd_rocclr_fillBufferUnAligned",3521,9376554761034,9376554763314,0,0,8,0,128,256,1,1,8192,1,1
"KERNEL_DISPATCH","Agent 2",1,0,220354,3516,6,"__amd_rocclr_fillBufferUnAligned",3516,9376554731714,9376554734194,0,0,8,0,128,256,1,1,8192,1,1
"KERNEL_DISPATCH","Agent 2",1,0,220354,3511,6,"__amd_rocclr_fillBufferUnAligned",3511,9376554702634,9376554704234,0,0,8,0,128,256,1,1,8192,1,1
"KERNEL_DISPATCH","Agent 2",1,0,220354,3501,6,"__amd_rocclr_fillBufferUnAligned",3501,9376554650793,9376554652433,0,0,8,0,128,256,1,1,8192,1,1
"KERNEL_DISPATCH","Agent 2",1,0,220354,3496,6,"__amd_rocclr_fillBufferUnAligned",3496,9376554624913,9376554626433,0,0,8,0,128,256,1,1,8192,1,1
"KERNEL_DISPATCH","Agent 2",1,0,220354,3491,6,"__amd_rocclr_fillBufferUnAligned",3491,9376554599592,9376554601152,0,0,8,0,128,256,1,1,8192,1,1
"KERNEL_DISPATCH","Agent 2",1,0,220354,3486,6,"__amd_rocclr_fillBufferUnAligned",3486,9376554573672,9376554575272,0,0,8,0,128,256,1,1,8192,1,1
"KERNEL_DISPATCH","Agent 2",1,0,220354,3481,6,"__amd_rocclr_fillBufferUnAligned",3481,9376554547992,9376554549552,0,0,8,0,128,256,1,1,8192,1,1
"KERNEL_DISPATCH","Agent 2",1,0,220354,4018,6,"__amd_rocclr_fillBufferUnAligned",4018,9376557345227,9376557347427,0,0,8,0,128,256,1,1,8192,1,1
"KERNEL_DISPATCH","Agent 2",1,0,220354,4013,6,"__amd_rocclr_fillBufferUnAligned",4013,9376557317386,9376557319546,0,0,8,0,128,256,1,1,8192,1,1
"KERNEL_DISPATCH","Agent 2",1,0,220354,4008,6,"__amd_rocclr_fillBufferUnAligned",4008,9376557289106,9376557291466,0,0,8,0,128,256,1,1,8192,1,1
"KERNEL_DISPATCH","Agent 2",1,0,220354,4003,6,"__amd_rocclr_fillBufferUnAligned",4003,9376557265826,9376557267066,0,0,8,0,128,256,1,1,7680,1,1
"KERNEL_DISPATCH","Agent 2",1,0,220354,3998,6,"__amd_rocclr_fillBufferUnAligned",3998,9376557242345,9376557243705,0,0,8,0,128,256,1,1,7680,1,1
"KERNEL_DISPATCH","Agent 2",1,0,220354,3993,6,"__amd_rocclr_fillBufferUnAligned",3993,9376557219105,9376557220345,0,0,8,0,128,256,1,1,7680,1,1
"KERNEL_DISPATCH","Agent 2",1,0,220354,3988,6,"__amd_rocclr_fillBufferUnAligned",3988,9376557195705,9376557196905,0,0,8,0,128,256,1,1,7680,1,1
"KERNEL_DISPATCH","Agent 2",1,0,220354,3983,6,"__amd_rocclr_fillBufferUnAligned",3983,9376557172465,9376557173745,0,0,8,0,128,256,1,1,7680,1,1
"KERNEL_DISPATCH","Agent 2",1,0,220354,3978,6,"__amd_rocclr_fillBufferUnAligned",3978,9376557149344,9376557150544,0,0,8,0,128,256,1,1,7680,1,1
"KERNEL_DISPATCH","Agent 2",1,0,220354,3757,6,"__amd_rocclr_fillBufferUnAligned",3757,9376556000450,9376556001770,0,0,8,0,128,256,1,1,1536,1,1
"KERNEL_DISPATCH","Agent 2",1,0,220354,3968,6,"__amd_rocclr_fillBufferUnAligned",3968,9376557102664,9376557104264,0,0,8,0,128,256,1,1,7680,1,1
"KERNEL_DISPATCH","Agent 2",1,0,220354,3752,6,"__amd_rocclr_fillBufferUnAligned",3752,9376555975530,9376555976930,0,0,8,0,128,256,1,1,1536,1,1
"KERNEL_DISPATCH","Agent 2",1,0,220354,3963,6,"__amd_rocclr_fillBufferUnAligned",3963,9376557079263,9376557080743,0,0,8,0,128,256,1,1,7680,1,1
"KERNEL_DISPATCH","Agent 2",1,0,220354,3747,6,"__amd_rocclr_fillBufferUnAligned",3747,9376555951009,9376555952409,0,0,8,0,128,256,1,1,1536,1,1
"KERNEL_DISPATCH","Agent 2",1,0,220354,3958,6,"__amd_rocclr_fillBufferUnAligned",3958,9376557055223,9376557056623,0,0,8,0,128,256,1,1,1536,1,1
"KERNEL_DISPATCH","Agent 2",1,0,220354,3953,6,"__amd_rocclr_fillBufferUnAligned",3953,9376557031303,9376557032663,0,0,8,0,128,256,1,1,1536,1,1
"KERNEL_DISPATCH","Agent 2",1,0,220354,3948,6,"__amd_rocclr_fillBufferUnAligned",3948,9376557007582,9376557008942,0,0,8,0,128,256,1,1,1536,1,1
"KERNEL_DISPATCH","Agent 2",1,0,220354,3943,6,"__amd_rocclr_fillBufferUnAligned",3943,9376556983222,9376556984622,0,0,8,0,128,256,1,1,1536,1,1
"KERNEL_DISPATCH","Agent 2",1,0,220354,3938,6,"__amd_rocclr_fillBufferUnAligned",3938,9376556958942,9376556960302,0,0,8,0,128,256,1,1,1536,1,1
"KERNEL_DISPATCH","Agent 2",1,0,220354,3933,6,"__amd_rocclr_fillBufferUnAligned",3933,9376556934542,9376556935902,0,0,8,0,128,256,1,1,1536,1,1
"KERNEL_DISPATCH","Agent 2",1,0,220354,3928,6,"__amd_rocclr_fillBufferUnAligned",3928,9376556910261,9376556911621,0,0,8,0,128,256,1,1,1536,1,1
"KERNEL_DISPATCH","Agent 2",1,0,220354,3923,6,"__amd_rocclr_fillBufferUnAligned",3923,9376556885861,9376556887341,0,0,8,0,128,256,1,1,1536,1,1
"KERNEL_DISPATCH","Agent 2",1,0,220354,3918,6,"__amd_rocclr_fillBufferUnAligned",3918,9376556861661,9376556863061,0,0,8,0,128,256,1,1,1536,1,1
"KERNEL_DISPATCH","Agent 2",1,0,220354,3913,6,"__amd_rocclr_fillBufferUnAligned",3913,9376556837700,9376556839060,0,0,8,0,128,256,1,1,1536,1,1
"KERNEL_DISPATCH","Agent 2",1,0,220354,3908,6,"__amd_rocclr_fillBufferUnAligned",3908,9376556809540,9376556811900,0,0,8,0,128,256,1,1,8192,1,1
"KERNEL_DISPATCH","Agent 2",1,0,220354,3903,6,"__amd_rocclr_fillBufferUnAligned",3903,9376556780820,9376556783300,0,0,8,0,128,256,1,1,8192,1,1
"KERNEL_DISPATCH","Agent 2",1,0,220354,3898,6,"__amd_rocclr_fillBufferUnAligned",3898,9376556753619,9376556755419,0,0,8,0,128,256,1,1,8192,1,1
"KERNEL_DISPATCH","Agent 2",1,0,220354,3893,6,"__amd_rocclr_fillBufferUnAligned",3893,9376556725059,9376556727019,0,0,8,0,128,256,1,1,8192,1,1
"KERNEL_DISPATCH","Agent 2",1,0,220354,3888,6,"__amd_rocclr_fillBufferUnAligned",3888,9376556696339,9376556698859,0,0,8,0,128,256,1,1,8192,1,1
"KERNEL_DISPATCH","Agent 2",1,0,220354,3883,6,"__amd_rocclr_fillBufferUnAligned",3883,9376556667098,9376556669778,0,0,8,0,128,256,1,1,8192,1,1
"KERNEL_DISPATCH","Agent 2",1,0,220354,3878,6,"__amd_rocclr_fillBufferUnAligned",3878,9376556639218,9376556641698,0,0,8,0,128,256,1,1,8192,1,1
"KERNEL_DISPATCH","Agent 2",1,0,220354,3873,6,"__amd_rocclr_fillBufferUnAligned",3873,9376556611818,9376556613298,0,0,8,0,128,256,1,1,8192,1,1
"KERNEL_DISPATCH","Agent 2",1,0,220354,3868,6,"__amd_rocclr_fillBufferUnAligned",3868,9376556585217,9376556586697,0,0,8,0,128,256,1,1,8192,1,1
"KERNEL_DISPATCH","Agent 2",1,0,220354,3863,6,"__amd_rocclr_fillBufferUnAligned",3863,9376556559577,9376556561817,0,0,8,0,128,256,1,1,8192,1,1
"KERNEL_DISPATCH","Agent 2",1,0,220354,3858,6,"__amd_rocclr_fillBufferUnAligned",3858,9376556531737,9376556533897,0,0,8,0,128,256,1,1,8192,1,1
"KERNEL_DISPATCH","Agent 2",1,0,220354,3853,6,"__amd_rocclr_fillBufferUnAligned",3853,9376556503936,9376556506096,0,0,8,0,128,256,1,1,8192,1,1
"KERNEL_DISPATCH","Agent 2",1,0,220354,3848,6,"__amd_rocclr_fillBufferUnAligned",3848,9376556475896,9376556478056,0,0,8,0,128,256,1,1,8192,1,1
"KERNEL_DISPATCH","Agent 2",1,0,220354,3843,6,"__amd_rocclr_fillBufferUnAligned",3843,9376556448135,9376556450255,0,0,8,0,128,256,1,1,8192,1,1
"KERNEL_DISPATCH","Agent 2",1,0,220354,3838,6,"__amd_rocclr_fillBufferUnAligned",3838,9376556419935,9376556422015,0,0,8,0,128,256,1,1,8192,1,1
"KERNEL_DISPATCH","Agent 2",1,0,220354,3833,6,"__amd_rocclr_fillBufferUnAligned",3833,9376556391735,9376556393935,0,0,8,0,128,256,1,1,8192,1,1
"KERNEL_DISPATCH","Agent 2",1,0,220354,3828,6,"__amd_rocclr_fillBufferUnAligned",3828,9376556363854,9376556366014,0,0,8,0,128,256,1,1,8192,1,1
"KERNEL_DISPATCH","Agent 2",1,0,220354,3823,6,"__amd_rocclr_fillBufferUnAligned",3823,9376556335774,9376556337934,0,0,8,0,128,256,1,1,8192,1,1
"KERNEL_DISPATCH","Agent 2",1,0,220354,3818,6,"__amd_rocclr_fillBufferUnAligned",3818,9376556307974,9376556309814,0,0,8,0,128,256,1,1,8192,1,1
"KERNEL_DISPATCH","Agent 2",1,0,220354,3813,6,"__amd_rocclr_fillBufferUnAligned",3813,9376556283413,9376556284773,0,0,8,0,128,256,1,1,7680,1,1
"KERNEL_DISPATCH","Agent 2",1,0,220354,3808,6,"__amd_rocclr_fillBufferUnAligned",3808,9376556259533,9376556260973,0,0,8,0,128,256,1,1,7680,1,1
"KERNEL_DISPATCH","Agent 2",1,0,220354,3803,6,"__amd_rocclr_fillBufferUnAligned",3803,9376556235693,9376556237133,0,0,8,0,128,256,1,1,7680,1,1
"KERNEL_DISPATCH","Agent 2",1,0,220354,3798,6,"__amd_rocclr_fillBufferUnAligned",3798,9376556211733,9376556213053,0,0,8,0,128,256,1,1,7680,1,1
"KERNEL_DISPATCH","Agent 2",1,0,220354,3793,6,"__amd_rocclr_fillBufferUnAligned",3793,9376556174012,9376556175252,0,0,8,0,128,256,1,1,7680,1,1
"KERNEL_DISPATCH","Agent 2",1,0,220354,3788,6,"__amd_rocclr_fillBufferUnAligned",3788,9376556150292,9376556151492,0,0,8,0,128,256,1,1,7680,1,1
"KERNEL_DISPATCH","Agent 2",1,0,220354,3783,6,"__amd_rocclr_fillBufferUnAligned",3783,9376556126251,9376556127531,0,0,8,0,128,256,1,1,7680,1,1
"KERNEL_DISPATCH","Agent 2",1,0,220354,3778,6,"__amd_rocclr_fillBufferUnAligned",3778,9376556101531,9376556102811,0,0,8,0,128,256,1,1,7680,1,1
"KERNEL_DISPATCH","Agent 2",1,0,220354,3773,6,"__amd_rocclr_fillBufferUnAligned",3773,9376556077891,9376556079251,0,0,8,0,128,256,1,1,7680,1,1
"KERNEL_DISPATCH","Agent 2",1,0,220354,3768,6,"__amd_rocclr_fillBufferUnAligned",3768,9376556053491,9376556054851,0,0,8,0,128,256,1,1,7680,1,1
"KERNEL_DISPATCH","Agent 2",1,0,220354,3763,6,"__amd_rocclr_fillBufferUnAligned",3763,9376556029450,9376556030810,0,0,8,0,128,256,1,1,1536,1,1
"KERNEL_DISPATCH","Agent 2",1,0,220354,3758,6,"__amd_rocclr_fillBufferUnAligned",3758,9376556005210,9376556006530,0,0,8,0,128,256,1,1,1536,1,1
"KERNEL_DISPATCH","Agent 2",1,0,220354,3748,6,"__amd_rocclr_fillBufferUnAligned",3748,9376555955849,9376555957049,0,0,8,0,128,256,1,1,1536,1,1
"KERNEL_DISPATCH","Agent 2",1,0,220354,3743,6,"__amd_rocclr_fillBufferUnAligned",3743,9376555931489,9376555932849,0,0,8,0,128,256,1,1,1536,1,1
"KERNEL_DISPATCH","Agent 2",1,0,220354,3738,6,"__amd_rocclr_fillBufferUnAligned",3738,9376555907289,9376555908689,0,0,8,0,128,256,1,1,1536,1,1
"KERNEL_DISPATCH","Agent 2",1,0,220354,3733,6,"__amd_rocclr_fillBufferUnAligned",3733,9376555882728,9376555884208,0,0,8,0,128,256,1,1,1536,1,1
"KERNEL_DISPATCH","Agent 2",1,0,220354,3728,6,"__amd_rocclr_fillBufferUnAligned",3728,9376555858448,9376555859888,0,0,8,0,128,256,1,1,1536,1,1
"KERNEL_DISPATCH","Agent 2",1,0,220354,3723,6,"__amd_rocclr_fillBufferUnAligned",3723,9376555833568,9376555835088,0,0,8,0,128,256,1,1,1536,1,1
"KERNEL_DISPATCH","Agent 2",1,0,220354,3718,6,"__amd_rocclr_fillBufferUnAligned",3718,9376555807447,9376555809887,0,0,8,0,128,256,1,1,8192,1,1
"KERNEL_DISPATCH","Agent 2",1,0,220354,3713,6,"__amd_rocclr_fillBufferUnAligned",3713,9376555777207,9376555779367,0,0,8,0,128,256,1,1,8192,1,1
"KERNEL_DISPATCH","Agent 2",1,0,220354,3708,6,"__amd_rocclr_fillBufferUnAligned",3708,9376555746247,9376555748727,0,0,8,0,128,256,1,1,8192,1,1
"KERNEL_DISPATCH","Agent 2",1,0,220354,3703,6,"__amd_rocclr_fillBufferUnAligned",3703,9376555717526,9376555719966,0,0,8,0,128,256,1,1,8192,1,1
"KERNEL_DISPATCH","Agent 2",1,0,220354,3698,6,"__amd_rocclr_fillBufferUnAligned",3698,9376555689126,9376555691446,0,0,8,0,128,256,1,1,8192,1,1
"KERNEL_DISPATCH","Agent 2",1,0,220354,3693,6,"__amd_rocclr_fillBufferUnAligned",3693,9376555662806,9376555664366,0,0,8,0,128,256,1,1,8192,1,1
"KERNEL_DISPATCH","Agent 2",1,0,220354,3688,6,"__amd_rocclr_fillBufferUnAligned",3688,9376555635845,9376555638005,0,0,8,0,128,256,1,1,8192,1,1
"KERNEL_DISPATCH","Agent 2",1,0,220354,3683,6,"__amd_rocclr_fillBufferUnAligned",3683,9376555608845,9376555610365,0,0,8,0,128,256,1,1,8192,1,1
"KERNEL_DISPATCH","Agent 2",1,0,220354,3678,6,"__amd_rocclr_fillBufferUnAligned",3678,9376555583445,9376555584965,0,0,8,0,128,256,1,1,8192,1,1
"KERNEL_DISPATCH","Agent 2",1,0,220354,3673,6,"__amd_rocclr_fillBufferUnAligned",3673,9376555557924,9376555559444,0,0,8,0,128,256,1,1,8192,1,1
"KERNEL_DISPATCH","Agent 2",1,0,220354,3668,6,"__amd_rocclr_fillBufferUnAligned",3668,9376555529044,9376555531284,0,0,8,0,128,256,1,1,8192,1,1
"KERNEL_DISPATCH","Agent 2",1,0,220354,3663,6,"__amd_rocclr_fillBufferUnAligned",3663,9376555499444,9376555501684,0,0,8,0,128,256,1,1,8192,1,1
"KERNEL_DISPATCH","Agent 2",1,0,220354,3658,6,"__amd_rocclr_fillBufferUnAligned",3658,9376555470283,9376555472523,0,0,8,0,128,256,1,1,8192,1,1
"KERNEL_DISPATCH","Agent 2",1,0,220354,3653,6,"__amd_rocclr_fillBufferUnAligned",3653,9376555441683,9376555444003,0,0,8,0,128,256,1,1,8192,1,1
"KERNEL_DISPATCH","Agent 2",1,0,220354,3648,6,"__amd_rocclr_fillBufferUnAligned",3648,9376555412402,9376555414763,0,0,8,0,128,256,1,1,8192,1,1
"KERNEL_DISPATCH","Agent 2",1,0,220354,3643,6,"__amd_rocclr_fillBufferUnAligned",3643,9376555384082,9376555386442,0,0,8,0,128,256,1,1,8192,1,1
"KERNEL_DISPATCH","Agent 2",1,0,220354,3638,6,"__amd_rocclr_fillBufferUnAligned",3638,9376555355322,9376555357522,0,0,8,0,128,256,1,1,8192,1,1
"KERNEL_DISPATCH","Agent 2",1,0,220354,3742,6,"__amd_rocclr_fillBufferUnAligned",3742,9376555926729,9376555928009,0,0,8,0,128,256,1,1,1536,1,1
"KERNEL_DISPATCH","Agent 2",1,0,220354,3633,6,"__amd_rocclr_fillBufferUnAligned",3633,9376555326961,9376555329041,0,0,8,0,128,256,1,1,8192,1,1
"KERNEL_DISPATCH","Agent 2",1,0,220354,3737,6,"__amd_rocclr_fillBufferUnAligned",3737,9376555902249,9376555903689,0,0,8,0,128,256,1,1,1536,1,1
"KERNEL_DISPATCH","Agent 2",1,0,220354,3623,6,"__amd_rocclr_fillBufferUnAligned",3623,9376555269801,9376555271121,0,0,8,0,128,256,1,1,7680,1,1
"KERNEL_DISPATCH","Agent 2",1,0,220354,3732,6,"__amd_rocclr_fillBufferUnAligned",3732,9376555877888,9376555879248,0,0,8,0,128,256,1,1,1536,1,1
"KERNEL_DISPATCH","Agent 2",1,0,220354,3618,6,"__amd_rocclr_fillBufferUnAligned",3618,9376555245760,9376555247000,0,0,8,0,128,256,1,1,7680,1,1
"KERNEL_DISPATCH","Agent 2",1,0,220354,3727,6,"__amd_rocclr_fillBufferUnAligned",3727,9376555853048,9376555854408,0,0,8,0,128,256,1,1,1536,1,1
"KERNEL_DISPATCH","Agent 2",1,0,220354,3722,6,"__amd_rocclr_fillBufferUnAligned",3722,9376555828768,9376555830128,0,0,8,0,128,256,1,1,1536,1,1
"KERNEL_DISPATCH","Agent 2",1,0,220354,3717,6,"__amd_rocclr_fillBufferUnAligned",3717,9376555801287,9376555803807,0,0,8,0,128,256,1,1,8192,1,1
"KERNEL_DISPATCH","Agent 2",1,0,220354,3712,6,"__amd_rocclr_fillBufferUnAligned",3712,9376555771247,9376555773447,0,0,8,0,128,256,1,1,8192,1,1
"KERNEL_DISPATCH","Agent 2",1,0,220354,3707,6,"__amd_rocclr_fillBufferUnAligned",3707,9376555740487,9376555742287,0,0,8,0,128,256,1,1,8192,1,1
"KERNEL_DISPATCH","Agent 2",1,0,220354,3702,6,"__amd_rocclr_fillBufferUnAligned",3702,9376555712046,9376555714126,0,0,8,0,128,256,1,1,8192,1,1
"KERNEL_DISPATCH","Agent 2",1,0,220354,3697,6,"__amd_rocclr_fillBufferUnAligned",3697,9376555683806,9376555685686,0,0,8,0,128,256,1,1,8192,1,1
"KERNEL_DISPATCH","Agent 2",1,0,220354,3692,6,"__amd_rocclr_fillBufferUnAligned",3692,9376555657806,9376555659326,0,0,8,0,128,256,1,1,8192,1,1
"KERNEL_DISPATCH","Agent 2",1,0,220354,3687,6,"__amd_rocclr_fillBufferUnAligned",3687,9376555629925,9376555632405,0,0,8,0,128,256,1,1,8192,1,1
"KERNEL_DISPATCH","Agent 2",1,0,220354,3682,6,"__amd_rocclr_fillBufferUnAligned",3682,9376555603765,9376555605325,0,0,8,0,128,256,1,1,8192,1,1
"KERNEL_DISPATCH","Agent 2",1,0,220354,3677,6,"__amd_rocclr_fillBufferUnAligned",3677,9376555578365,9376555579965,0,0,8,0,128,256,1,1,8192,1,1
"KERNEL_DISPATCH","Agent 2",1,0,220354,3672,6,"__amd_rocclr_fillBufferUnAligned",3672,9376555552924,9376555554444,0,0,8,0,128,256,1,1,8192,1,1
"KERNEL_DISPATCH","Agent 2",1,0,220354,3613,6,"__amd_rocclr_fillBufferUnAligned",3613,9376555220680,9376555221880,0,0,8,0,128,256,1,1,7680,1,1
"KERNEL_DISPATCH","Agent 2",1,0,220354,2234,21,"gdn_chunk_kkt_solve",2234,9375574341795,9375574364595,11776,0,104,0,128,128,1,1,1024,16,1
"KERNEL_DISPATCH","Agent 2",1,0,220354,3811,6,"__amd_rocclr_fillBufferUnAligned",3811,9376556274013,9376556275373,0,0,8,0,128,256,1,1,7680,1,1
"KERNEL_DISPATCH","Agent 2",1,0,220354,3987,6,"__amd_rocclr_fillBufferUnAligned",3987,9376557191065,9376557192265,0,0,8,0,128,256,1,1,7680,1,1
"KERNEL_DISPATCH","Agent 2",1,0,220354,4023,6,"__amd_rocclr_fillBufferUnAligned",4023,9376557373147,9376557375387,0,0,8,0,128,256,1,1,8192,1,1
"KERNEL_DISPATCH","Agent 2",1,0,220354,3667,6,"__amd_rocclr_fillBufferUnAligned",3667,9376555522764,9376555524964,0,0,8,0,128,256,1,1,8192,1,1
"KERNEL_DISPATCH","Agent 2",1,0,220354,3657,6,"__amd_rocclr_fillBufferUnAligned",3657,9376555464443,9376555466723,0,0,8,0,128,256,1,1,8192,1,1
"KERNEL_DISPATCH","Agent 2",1,0,220354,3652,6,"__amd_rocclr_fillBufferUnAligned",3652,9376555436043,9376555438243,0,0,8,0,128,256,1,1,8192,1,1
"KERNEL_DISPATCH","Agent 2",1,0,220354,3647,6,"__amd_rocclr_fillBufferUnAligned",3647,9376555406802,9376555409002,0,0,8,0,128,256,1,1,8192,1,1
"KERNEL_DISPATCH","Agent 2",1,0,220354,3642,6,"__amd_rocclr_fillBufferUnAligned",3642,9376555378402,9376555380602,0,0,8,0,128,256,1,1,8192,1,1
"KERNEL_DISPATCH","Agent 2",1,0,220354,3637,6,"__amd_rocclr_fillBufferUnAligned",3637,9376555349642,9376555351882,0,0,8,0,128,256,1,1,8192,1,1
"KERNEL_DISPATCH","Agent 2",1,0,220354,3632,6,"__amd_rocclr_fillBufferUnAligned",3632,9376555321201,9376555323521,0,0,8,0,128,256,1,1,8192,1,1
"KERNEL_DISPATCH","Agent 2",1,0,220354,3627,6,"__amd_rocclr_fillBufferUnAligned",3627,9376555291761,9376555294281,0,0,8,0,128,256,1,1,8192,1,1
"KERNEL_DISPATCH","Agent 2",1,0,220354,3622,6,"__amd_rocclr_fillBufferUnAligned",3622,9376555265001,9376555266321,0,0,8,0,128,256,1,1,7680,1,1
"KERNEL_DISPATCH","Agent 2",1,0,220354,3617,6,"__amd_rocclr_fillBufferUnAligned",3617,9376555240280,9376555241520,0,0,8,0,128,256,1,1,7680,1,1
"KERNEL_DISPATCH","Agent 2",1,0,220354,3612,6,"__amd_rocclr_fillBufferUnAligned",3612,9376555215960,9376555217240,0,0,8,0,128,256,1,1,7680,1,1
"KERNEL_DISPATCH","Agent 2",1,0,220354,3607,6,"__amd_rocclr_fillBufferUnAligned",3607,9376555191680,9376555193040,0,0,8,0,128,256,1,1,7680,1,1
"KERNEL_DISPATCH","Agent 2",1,0,220354,3602,6,"__amd_rocclr_fillBufferUnAligned",3602,9376555167639,9376555169039,0,0,8,0,128,256,1,1,7680,1,1
"KERNEL_DISPATCH","Agent 2",1,0,220354,3597,6,"__amd_rocclr_fillBufferUnAligned",3597,9376555143959,9376555145159,0,0,8,0,128,256,1,1,7680,1,1
"KERNEL_DISPATCH","Agent 2",1,0,220354,3592,6,"__amd_rocclr_fillBufferUnAligned",3592,9376555119519,9376555120719,0,0,8,0,128,256,1,1,7680,1,1
"KERNEL_DISPATCH","Agent 2",1,0,220354,3587,6,"__amd_rocclr_fillBufferUnAligned",3587,9376555095079,9376555096399,0,0,8,0,128,256,1,1,7680,1,1
"KERNEL_DISPATCH","Agent 2",1,0,220354,3582,6,"__amd_rocclr_fillBufferUnAligned",3582,9376555069878,9376555071158,0,0,8,0,128,256,1,1,7680,1,1
"KERNEL_DISPATCH","Agent 2",1,0,220354,3577,6,"__amd_rocclr_fillBufferUnAligned",3577,9376555045638,9376555046878,0,0,8,0,128,256,1,1,7680,1,1
"KERNEL_DISPATCH","Agent 2",1,0,220354,3572,6,"__amd_rocclr_fillBufferUnAligned",3572,9376555021638,9376555022878,0,0,8,0,128,256,1,1,1536,1,1
"KERNEL_DISPATCH","Agent 2",1,0,220354,3562,6,"__amd_rocclr_fillBufferUnAligned",3562,9376554972397,9376554973797,0,0,8,0,128,256,1,1,1536,1,1
"KERNEL_DISPATCH","Agent 2",1,0,220354,3557,6,"__amd_rocclr_fillBufferUnAligned",3557,9376554947597,9376554949077,0,0,8,0,128,256,1,1,1536,1,1
"KERNEL_DISPATCH","Agent 2",1,0,220354,3552,6,"__amd_rocclr_fillBufferUnAligned",3552,9376554922796,9376554924316,0,0,8,0,128,256,1,1,1536,1,1
"KERNEL_DISPATCH","Agent 2",1,0,220354,3547,6,"__amd_rocclr_fillBufferUnAligned",3547,9376554897716,9376554899196,0,0,8,0,128,256,1,1,1536,1,1
"KERNEL_DISPATCH","Agent 2",1,0,220354,3542,6,"__amd_rocclr_fillBufferUnAligned",3542,9376554872636,9376554874116,0,0,8,0,128,256,1,1,1536,1,1
"KERNEL_DISPATCH","Agent 2",1,0,220354,3537,6,"__amd_rocclr_fillBufferUnAligned",3537,9376554847435,9376554848755,0,0,8,0,128,256,1,1,1536,1,1
"KERNEL_DISPATCH","Agent 2",1,0,220354,3532,6,"__amd_rocclr_fillBufferUnAligned",3532,9376554822115,9376554823555,0,0,8,0,128,256,1,1,1536,1,1
"KERNEL_DISPATCH","Agent 2",1,0,220354,3527,6,"__amd_rocclr_fillBufferUnAligned",3527,9376554796355,9376554798915,0,0,8,0,128,256,1,1,8192,1,1
"KERNEL_DISPATCH","Agent 2",1,0,220354,3522,6,"__amd_rocclr_fillBufferUnAligned",3522,9376554766834,9376554769354,0,0,8,0,128,256,1,1,8192,1,1
"KERNEL_DISPATCH","Agent 2",1,0,220354,3517,6,"__amd_rocclr_fillBufferUnAligned",3517,9376554737674,9376554739794,0,0,8,0,128,256,1,1,8192,1,1
"KERNEL_DISPATCH","Agent 2",1,0,220354,3512,6,"__amd_rocclr_fillBufferUnAligned",3512,9376554707714,9376554710114,0,0,8,0,128,256,1,1,8192,1,1
"KERNEL_DISPATCH","Agent 2",1,0,220354,3502,6,"__amd_rocclr_fillBufferUnAligned",3502,9376554655913,9376554657553,0,0,8,0,128,256,1,1,8192,1,1
"KERNEL_DISPATCH","Agent 2",1,0,220354,3497,6,"__amd_rocclr_fillBufferUnAligned",3497,9376554629833,9376554631473,0,0,8,0,128,256,1,1,8192,1,1
"KERNEL_DISPATCH","Agent 2",1,0,220354,3492,6,"__amd_rocclr_fillBufferUnAligned",3492,9376554604752,9376554606232,0,0,8,0,128,256,1,1,8192,1,1
"KERNEL_DISPATCH","Agent 2",1,0,220354,3487,6,"__amd_rocclr_fillBufferUnAligned",3487,9376554578792,9376554580392,0,0,8,0,128,256,1,1,8192,1,1
"KERNEL_DISPATCH","Agent 2",1,0,220354,3482,6,"__amd_rocclr_fillBufferUnAligned",3482,9376554553072,9376554554632,0,0,8,0,128,256,1,1,8192,1,1
"KERNEL_DISPATCH","Agent 2",1,0,220354,3477,6,"__amd_rocclr_fillBufferUnAligned",3477,9376554526871,9376554528791,0,0,8,0,128,256,1,1,8192,1,1
"KERNEL_DISPATCH","Agent 2",1,0,220354,3467,6,"__amd_rocclr_fillBufferUnAligned",3467,9376554472871,9376554474951,0,0,8,0,128,256,1,1,8192,1,1
"KERNEL_DISPATCH","Agent 2",1,0,220354,3462,6,"__amd_rocclr_fillBufferUnAligned",3462,9376554445670,9376554447590,0,0,8,0,128,256,1,1,8192,1,1
"KERNEL_DISPATCH","Agent 2",1,0,220354,3457,6,"__amd_rocclr_fillBufferUnAligned",3457,9376554418790,9376554420470,0,0,8,0,128,256,1,1,8192,1,1
"KERNEL_DISPATCH","Agent 2",1,0,220354,3447,6,"__amd_rocclr_fillBufferUnAligned",3447,9376554352829,9376554354709,0,0,8,0,128,256,1,1,8192,1,1
"KERNEL_DISPATCH","Agent 2",1,0,220354,3442,6,"__amd_rocclr_fillBufferUnAligned",3442,9376554326149,9376554327909,0,0,8,0,128,256,1,1,8192,1,1
"KERNEL_DISPATCH","Agent 2",1,0,220354,3432,6,"__amd_rocclr_fillBufferUnAligned",3432,9376554273388,9376554275068,0,0,8,0,128,256,1,1,8192,1,1
"KERNEL_DISPATCH","Agent 2",1,0,220354,3422,6,"__amd_rocclr_fillBufferUnAligned",3422,9376554224588,9376554225988,0,0,8,0,128,256,1,1,7680,1,1
"KERNEL_DISPATCH","Agent 2",1,0,220354,3402,6,"__amd_rocclr_fillBufferUnAligned",3402,9376554124506,9376554125866,0,0,8,0,128,256,1,1,7680,1,1
"KERNEL_DISPATCH","Agent 2",1,0,220354,3397,6,"__amd_rocclr_fillBufferUnAligned",3397,9376554098826,9376554100386,0,0,8,0,128,256,1,1,7680,1,1
"KERNEL_DISPATCH","Agent 2",1,0,220354,3387,6,"__amd_rocclr_fillBufferUnAligned",3387,9376554048345,9376554049785,0,0,8,0,128,256,1,1,7680,1,1
"KERNEL_DISPATCH","Agent 2",1,0,220354,3382,6,"__amd_rocclr_fillBufferUnAligned",3382,9376554010545,9376554023665,0,0,8,0,128,256,1,1,1536,1,1
"KERNEL_DISPATCH","Agent 2",1,0,220354,3377,6,"__amd_rocclr_fillBufferUnAligned",3377,9376553984305,9376553985745,0,0,8,0,128,256,1,1,1536,1,1
"KERNEL_DISPATCH","Agent 2",1,0,220354,3372,6,"__amd_rocclr_fillBufferUnAligned",3372,9376553947024,9376553948424,0,0,8,0,128,256,1,1,1536,1,1
"KERNEL_DISPATCH","Agent 2",1,0,220354,3367,6,"__amd_rocclr_fillBufferUnAligned",3367,9376553896384,9376553898264,0,0,8,0,128,256,1,1,1536,1,1
"KERNEL_DISPATCH","Agent 2",1,0,220354,3362,6,"__amd_rocclr_fillBufferUnAligned",3362,9376553858063,9376553859783,0,0,8,0,128,256,1,1,1536,1,1
"KERNEL_DISPATCH","Agent 2",1,0,220354,3357,6,"__amd_rocclr_fillBufferUnAligned",3357,9376553819823,9376553821263,0,0,8,0,128,256,1,1,1536,1,1
"KERNEL_DISPATCH","Agent 2",1,0,220354,3352,6,"__amd_rocclr_fillBufferUnAligned",3352,9376553766972,9376553768372,0,0,8,0,128,256,1,1,1536,1,1
"KERNEL_DISPATCH","Agent 2",1,0,220354,3347,6,"__amd_rocclr_fillBufferUnAligned",3347,9376553705811,9376553707571,0,0,8,0,128,256,1,1,1536,1,1
"KERNEL_DISPATCH","Agent 2",1,0,220354,3342,6,"__amd_rocclr_fillBufferUnAligned",3342,9376553655211,9376553657091,0,0,8,0,128,256,1,1,1536,1,1
"KERNEL_DISPATCH","Agent 2",1,0,220354,3337,6,"__amd_rocclr_fillBufferUnAligned",3337,9376553599330,9376553601010,0,0,8,0,128,256,1,1,1536,1,1
"KERNEL_DISPATCH","Agent 2",1,0,220354,3332,6,"__amd_rocclr_fillBufferUnAligned",3332,9376553538919,9376553540919,0,0,8,0,128,256,1,1,8192,1,1
"KERNEL_DISPATCH","Agent 2",1,0,220354,3327,6,"__amd_rocclr_fillBufferUnAligned",3327,9376553497679,9376553499639,0,0,8,0,128,256,1,1,8192,1,1
"KERNEL_DISPATCH","Agent 2",1,0,220354,3322,6,"__amd_rocclr_fillBufferUnAligned",3322,9376553457678,9376553459798,0,0,8,0,128,256,1,1,8192,1,1
"KERNEL_DISPATCH","Agent 2",1,0,220354,3317,6,"__amd_rocclr_fillBufferUnAligned",3317,9376553413797,9376553415558,0,0,8,0,128,256,1,1,8192,1,1
"KERNEL_DISPATCH","Agent 2",1,0,220354,3302,6,"__amd_rocclr_fillBufferUnAligned",3302,9376553319556,9376553321436,0,0,8,0,128,256,1,1,8192,1,1
"KERNEL_DISPATCH","Agent 2",1,0,220354,3262,23,"fused_rmsnorm_mq_rotate_awq_i4_gfx12",3262,9376489119284,9376489580210,0,0,96,0,128,256,1,1,2097152,1,1
"KERNEL_DISPATCH","Agent 2",1,0,220354,3257,22,"gdn_chunk_scan",3257,9376485715041,9376485813642,60928,0,192,0,128,512,1,1,512,48,1
"KERNEL_DISPATCH","Agent 2",1,0,220354,4056,19,"embedding_q8_batched",4056,9376558303529,9376558606892,0,0,8,0,128,256,1,1,2097152,1,1
"KERNEL_DISPATCH","Agent 2",1,0,220354,3252,21,"gdn_chunk_kkt_solve",3252,9376485433158,9376485455918,11776,0,104,0,128,128,1,1,1024,16,1
"KERNEL_DISPATCH","Agent 2",1,0,220354,3247,22,"gdn_chunk_scan",3247,9376485075433,9376485173954,60928,0,192,0,128,512,1,1,512,48,1
"KERNEL_DISPATCH","Agent 2",1,0,220354,3476,6,"__amd_rocclr_fillBufferUnAligned",3476,9376554520831,9376554522671,0,0,8,0,128,256,1,1,8192,1,1
"KERNEL_DISPATCH","Agent 2",1,0,220354,3466,6,"__amd_rocclr_fillBufferUnAligned",3466,9376554467271,9376554469151,0,0,8,0,128,256,1,1,8192,1,1
"KERNEL_DISPATCH","Agent 2",1,0,220354,3242,21,"gdn_chunk_kkt_solve",3242,9376484791950,9376484814950,11776,0,104,0,128,128,1,1,1024,16,1
"KERNEL_DISPATCH","Agent 2",1,0,220354,3237,22,"gdn_chunk_scan",3237,9376484431745,9376484530746,60928,0,192,0,128,512,1,1,512,48,1
"KERNEL_DISPATCH","Agent 2",1,0,220354,3232,21,"gdn_chunk_kkt_solve",3232,9376484147942,9376484170662,11776,0,104,0,128,128,1,1,1024,16,1
"KERNEL_DISPATCH","Agent 2",1,0,220354,3227,20,"gdn_chunk_prep",3227,9376482981367,9376483882898,0,0,72,0,128,256,1,1,32768,10,1
"KERNEL_DISPATCH","Agent 2",1,0,220354,3222,23,"fused_rmsnorm_mq_rotate_awq_i4_gfx12",3222,9376476797530,9376477268415,0,0,96,0,128,256,1,1,2097152,1,1
"KERNEL_DISPATCH","Agent 2",1,0,220354,3217,23,"fused_rmsnorm_mq_rotate_awq_i4_gfx12",3217,9376456479835,9376456944081,0,0,96,0,128,256,1,1,2097152,1,1
"KERNEL_DISPATCH","Agent 2",1,0,220354,3212,22,"gdn_chunk_scan",3212,9376453067433,9376453164994,60928,0,192,0,128,512,1,1,512,48,1
"KERNEL_DISPATCH","Agent 2",1,0,220354,3207,21,"gdn_chunk_kkt_solve",3207,9376452786029,9376452808549,11776,0,104,0,128,128,1,1,1024,16,1
"KERNEL_DISPATCH","Agent 2",1,0,220354,3202,22,"gdn_chunk_scan",3202,9376452427025,9376452525786,60928,0,192,0,128,512,1,1,512,48,1
"KERNEL_DISPATCH","Agent 2",1,0,220354,3197,21,"gdn_chunk_kkt_solve",3197,9376452145461,9376452168301,11776,0,104,0,128,128,1,1,1024,16,1
"KERNEL_DISPATCH","Agent 2",1,0,220354,3192,22,"gdn_chunk_scan",3192,9376451782817,9376451883578,60928,0,192,0,128,512,1,1,512,48,1
"KERNEL_DISPATCH","Agent 2",1,0,220354,3187,21,"gdn_chunk_kkt_solve",3187,9376451494933,9376451518093,11776,0,104,0,128,128,1,1,1024,16,1
"KERNEL_DISPATCH","Agent 2",1,0,220354,3182,20,"gdn_chunk_prep",3182,9376450324678,9376451228290,0,0,72,0,128,256,1,1,32768,10,1
"KERNEL_DISPATCH","Agent 2",1,0,220354,3177,23,"fused_rmsnorm_mq_rotate_awq_i4_gfx12",3177,9376444126001,9376444597127,0,0,96,0,128,256,1,1,2097152,1,1
"KERNEL_DISPATCH","Agent 2",1,0,220354,3172,23,"fused_rmsnorm_mq_rotate_awq_i4_gfx12",3172,9376423746746,9376424209311,0,0,96,0,128,256,1,1,2097152,1,1
"KERNEL_DISPATCH","Agent 2",1,0,220354,3167,22,"gdn_chunk_scan",3167,9376420349103,9376420446184,60928,0,192,0,128,512,1,1,512,48,1
"KERNEL_DISPATCH","Agent 2",1,0,220354,3461,6,"__amd_rocclr_fillBufferUnAligned",3461,9376554440230,9376554442150,0,0,8,0,128,256,1,1,8192,1,1
"KERNEL_DISPATCH","Agent 2",1,0,220354,3162,21,"gdn_chunk_kkt_solve",3162,9376420071180,9376420093540,11776,0,104,0,128,128,1,1,1024,16,1
"KERNEL_DISPATCH","Agent 2",1,0,220354,3157,22,"gdn_chunk_scan",3157,9376419714535,9376419813176,60928,0,192,0,128,512,1,1,512,48,1
"KERNEL_DISPATCH","Agent 2",1,0,220354,3152,21,"gdn_chunk_kkt_solve",3152,9376419433412,9376419456132,11776,0,104,0,128,128,1,1,1024,16,1
"KERNEL_DISPATCH","Agent 2",1,0,220354,3456,6,"__amd_rocclr_fillBufferUnAligned",3456,9376554412830,9376554414910,0,0,8,0,128,256,1,1,8192,1,1
"KERNEL_DISPATCH","Agent 2",1,0,220354,3446,6,"__amd_rocclr_fillBufferUnAligned",3446,9376554347549,9376554349309,0,0,8,0,128,256,1,1,8192,1,1
"KERNEL_DISPATCH","Agent 2",1,0,220354,3441,6,"__amd_rocclr_fillBufferUnAligned",3441,9376554320989,9376554322669,0,0,8,0,128,256,1,1,8192,1,1
"KERNEL_DISPATCH","Agent 2",1,0,220354,3431,6,"__amd_rocclr_fillBufferUnAligned",3431,9376554268628,9376554269948,0,0,8,0,128,256,1,1,7680,1,1
"KERNEL_DISPATCH","Agent 2",1,0,220354,3147,22,"gdn_chunk_scan",3147,9376419077007,9376419175008,60928,0,192,0,128,512,1,1,512,48,1
"KERNEL_DISPATCH","Agent 2",1,0,220354,3142,21,"gdn_chunk_kkt_solve",3142,9376418796124,9376418818724,11776,0,104,0,128,128,1,1,1024,16,1
"KERNEL_DISPATCH","Agent 2",1,0,220354,3421,6,"__amd_rocclr_fillBufferUnAligned",3421,9376554219668,9376554221068,0,0,8,0,128,256,1,1,7680,1,1
"KERNEL_DISPATCH","Agent 2",1,0,220354,3137,20,"gdn_chunk_prep",3137,9376417628829,9376418532960,0,0,72,0,128,256,1,1,32768,10,1
"KERNEL_DISPATCH","Agent 2",1,0,220354,1246,23,"fused_rmsnorm_mq_rotate_awq_i4_gfx12",1246,9374647532395,9374648004161,0,0,96,0,128,256,1,1,2097152,1,1
"KERNEL_DISPATCH","Agent 2",1,0,220354,3132,23,"fused_rmsnorm_mq_rotate_awq_i4_gfx12",3132,9376411497712,9376411962158,0,0,96,0,128,256,1,1,2097152,1,1
"KERNEL_DISPATCH","Agent 2",1,0,220354,1241,23,"fused_rmsnorm_mq_rotate_awq_i4_gfx12",1241,9374626985738,9374627453104,0,0,96,0,128,256,1,1,2097152,1,1
"KERNEL_DISPATCH","Agent 2",1,0,220354,3127,23,"fused_rmsnorm_mq_rotate_awq_i4_gfx12",3127,9376391573903,9376392014228,0,0,96,0,128,256,1,1,2097152,1,1
"KERNEL_DISPATCH","Agent 2",1,0,220354,1236,22,"gdn_chunk_scan",1236,9374623553415,9374623652176,60928,0,192,0,128,512,1,1,512,48,1
"KERNEL_DISPATCH","Agent 2",1,0,220354,3122,35,"kv_cache_write_fp8_e4m3_batched",3122,9376376050389,9376376116109,0,0,56,0,128,32,1,1,128,8192,1
"KERNEL_DISPATCH","Agent 2",1,0,220354,3117,24,"gemm_mq4g256v2_residual_mmq_iu4_full_set_symfold",3117,9376373326475,9376373680959,0,0,184,0,128,256,1,1,2048,64,1
"KERNEL_DISPATCH","Agent 2",1,0,220354,1231,21,"gdn_chunk_kkt_solve",1231,9374623271172,9374623294012,11776,0,104,0,128,128,1,1,1024,16,1
"KERNEL_DISPATCH","Agent 2",1,0,220354,3112,24,"gemm_mq4g256v2_residual_mmq_iu4_full_set_symfold",3112,9376354665601,9376360502794,0,0,184,0,128,256,1,1,34816,64,1
"KERNEL_DISPATCH","Agent 2",1,0,220354,3107,22,"gdn_chunk_scan",3107,9376345100041,9376345197203,60928,0,192,0,128,512,1,1,512,48,1
"KERNEL_DISPATCH","Agent 2",1,0,220354,1226,22,"gdn_chunk_scan",1226,9374622912447,9374623011048,60928,0,192,0,128,512,1,1,512,48,1
"KERNEL_DISPATCH","Agent 2",1,0,220354,3102,21,"gdn_chunk_kkt_solve",3102,9376344819798,9376344842278,11776,0,104,0,128,128,1,1,1024,16,1
"KERNEL_DISPATCH","Agent 2",1,0,220354,1221,21,"gdn_chunk_kkt_solve",1221,9374622628884,9374622651884,11776,0,104,0,128,128,1,1,1024,16,1
"KERNEL_DISPATCH","Agent 2",1,0,220354,3097,22,"gdn_chunk_scan",3097,9376344461513,9376344560115,60928,0,192,0,128,512,1,1,512,48,1
"KERNEL_DISPATCH","Agent 2",1,0,220354,1216,22,"gdn_chunk_scan",1216,9374622269039,9374622367680,60928,0,192,0,128,512,1,1,512,48,1
"KERNEL_DISPATCH","Agent 2",1,0,220354,1211,21,"gdn_chunk_kkt_solve",1211,9374621986035,9374622008676,11776,0,104,0,128,128,1,1,1024,16,1
"KERNEL_DISPATCH","Agent 2",1,0,220354,3608,6,"__amd_rocclr_fillBufferUnAligned",3608,9376555196520,9376555197760,0,0,8,0,128,256,1,1,7680,1,1
"KERNEL_DISPATCH","Agent 2",1,0,220354,3092,21,"gdn_chunk_kkt_solve",3092,9376344178630,9376344201350,11776,0,104,0,128,128,1,1,1024,16,1
"KERNEL_DISPATCH","Agent 2",1,0,220354,1206,20,"gdn_chunk_prep",1206,9374620815941,9374621719552,0,0,72,0,128,256,1,1,32768,10,1
"KERNEL_DISPATCH","Agent 2",1,0,220354,3603,6,"__amd_rocclr_fillBufferUnAligned",3603,9376555172479,9376555173920,0,0,8,0,128,256,1,1,7680,1,1
"KERNEL_DISPATCH","Agent 2",1,0,220354,1201,23,"fused_rmsnorm_mq_rotate_awq_i4_gfx12",1201,9374614609063,9374615079509,0,0,96,0,128,256,1,1,2097152,1,1
"KERNEL_DISPATCH","Agent 2",1,0,220354,2229,22,"gdn_chunk_scan",2229,9375573983750,9375574081952,60928,0,192,0,128,512,1,1,512,48,1
"KERNEL_DISPATCH","Agent 2",1,0,220354,1196,23,"fused_rmsnorm_mq_rotate_awq_i4_gfx12",1196,9374594272049,9374594732974,0,0,96,0,128,256,1,1,2097152,1,1
"KERNEL_DISPATCH","Agent 2",1,0,220354,3598,6,"__amd_rocclr_fillBufferUnAligned",3598,9376555148599,9376555149839,0,0,8,0,128,256,1,1,7680,1,1
"KERNEL_DISPATCH","Agent 2",1,0,220354,2224,24,"gemm_mq4g256v2_residual_mmq_iu4_full_set_symfold",2224,9375572857176,9375572915897,0,0,184,0,128,256,1,1,256,64,1
"KERNEL_DISPATCH","Agent 2",1,0,220354,1191,22,"gdn_chunk_scan",1191,9374590855406,9374590953007,60928,0,192,0,128,512,1,1,512,48,1
"KERNEL_DISPATCH","Agent 2",1,0,220354,3593,6,"__amd_rocclr_fillBufferUnAligned",3593,9376555124119,9376555125399,0,0,8,0,128,256,1,1,7680,1,1
"KERNEL_DISPATCH","Agent 2",1,0,220354,3588,6,"__amd_rocclr_fillBufferUnAligned",3588,9376555099839,9376555101039,0,0,8,0,128,256,1,1,7680,1,1
"KERNEL_DISPATCH","Agent 2",1,0,220354,3583,6,"__amd_rocclr_fillBufferUnAligned",3583,9376555074638,9376555075958,0,0,8,0,128,256,1,1,7680,1,1
"KERNEL_DISPATCH","Agent 2",1,0,220354,3578,6,"__amd_rocclr_fillBufferUnAligned",3578,9376555050358,9376555051598,0,0,8,0,128,256,1,1,7680,1,1
"KERNEL_DISPATCH","Agent 2",1,0,220354,3573,6,"__amd_rocclr_fillBufferUnAligned",3573,9376555026358,9376555027718,0,0,8,0,128,256,1,1,1536,1,1
"KERNEL_DISPATCH","Agent 2",1,0,220354,3568,6,"__amd_rocclr_fillBufferUnAligned",3568,9376555002077,9376555003597,0,0,8,0,128,256,1,1,1536,1,1
"KERNEL_DISPATCH","Agent 2",1,0,220354,3563,6,"__amd_rocclr_fillBufferUnAligned",3563,9376554977277,9376554978757,0,0,8,0,128,256,1,1,1536,1,1
"KERNEL_DISPATCH","Agent 2",1,0,220354,3558,6,"__amd_rocclr_fillBufferUnAligned",3558,9376554952597,9376554954157,0,0,8,0,128,256,1,1,1536,1,1
"KERNEL_DISPATCH","Agent 2",1,0,220354,3553,6,"__amd_rocclr_fillBufferUnAligned",3553,9376554927756,9376554929116,0,0,8,0,128,256,1,1,1536,1,1
"KERNEL_DISPATCH","Agent 2",1,0,220354,3548,6,"__amd_rocclr_fillBufferUnAligned",3548,9376554902636,9376554904116,0,0,8,0,128,256,1,1,1536,1,1
"KERNEL_DISPATCH","Agent 2",1,0,220354,3538,6,"__amd_rocclr_fillBufferUnAligned",3538,9376554852235,9376554853676,0,0,8,0,128,256,1,1,1536,1,1
"KERNEL_DISPATCH","Agent 2",1,0,220354,3533,6,"__amd_rocclr_fillBufferUnAligned",3533,9376554827075,9376554828555,0,0,8,0,128,256,1,1,1536,1,1
"KERNEL_DISPATCH","Agent 2",1,0,220354,3528,6,"__amd_rocclr_fillBufferUnAligned",3528,9376554802395,9376554803795,0,0,8,0,128,256,1,1,1536,1,1
"KERNEL_DISPATCH","Agent 2",1,0,220354,3523,6,"__amd_rocclr_fillBufferUnAligned",3523,9376554772874,9376554775355,0,0,8,0,128,256,1,1,8192,1,1
"KERNEL_DISPATCH","Agent 2",1,0,220354,3518,6,"__amd_rocclr_fillBufferUnAligned",3518,9376554743794,9376554746274,0,0,8,0,128,256,1,1,8192,1,1
"KERNEL_DISPATCH","Agent 2",1,0,220354,3513,6,"__amd_rocclr_fillBufferUnAligned",3513,9376554713634,9376554716034,0,0,8,0,128,256,1,1,8192,1,1
"KERNEL_DISPATCH","Agent 2",1,0,220354,3508,6,"__amd_rocclr_fillBufferUnAligned",3508,9376554687313,9376554688913,0,0,8,0,128,256,1,1,8192,1,1
"KERNEL_DISPATCH","Agent 2",1,0,220354,3503,6,"__amd_rocclr_fillBufferUnAligned",3503,9376554661033,9376554662673,0,0,8,0,128,256,1,1,8192,1,1
"KERNEL_DISPATCH","Agent 2",1,0,220354,3498,6,"__amd_rocclr_fillBufferUnAligned",3498,9376554635073,9376554636593,0,0,8,0,128,256,1,1,8192,1,1
"KERNEL_DISPATCH","Agent 2",1,0,220354,3488,6,"__amd_rocclr_fillBufferUnAligned",3488,9376554583832,9376554585472,0,0,8,0,128,256,1,1,8192,1,1
"KERNEL_DISPATCH","Agent 2",1,0,220354,3483,6,"__amd_rocclr_fillBufferUnAligned",3483,9376554558472,9376554560112,0,0,8,0,128,256,1,1,8192,1,1
"KERNEL_DISPATCH","Agent 2",1,0,220354,3478,6,"__amd_rocclr_fillBufferUnAligned",3478,9376554532271,9376554534152,0,0,8,0,128,256,1,1,8192,1,1
"KERNEL_DISPATCH","Agent 2",1,0,220354,3473,6,"__amd_rocclr_fillBufferUnAligned",3473,9376554505031,9376554506711,0,0,8,0,128,256,1,1,8192,1,1
"KERNEL_DISPATCH","Agent 2",1,0,220354,3468,6,"__amd_rocclr_fillBufferUnAligned",3468,9376554478471,9376554480311,0,0,8,0,128,256,1,1,8192,1,1
"KERNEL_DISPATCH","Agent 2",1,0,220354,3458,6,"__amd_rocclr_fillBufferUnAligned",3458,9376554423950,9376554425990,0,0,8,0,128,256,1,1,8192,1,1
"KERNEL_DISPATCH","Agent 2",1,0,220354,3453,6,"__amd_rocclr_fillBufferUnAligned",3453,9376554385510,9376554387510,0,0,8,0,128,256,1,1,8192,1,1
"KERNEL_DISPATCH","Agent 2",1,0,220354,3448,6,"__amd_rocclr_fillBufferUnAligned",3448,9376554358189,9376554359949,0,0,8,0,128,256,1,1,8192,1,1
"KERNEL_DISPATCH","Agent 2",1,0,220354,3438,6,"__amd_rocclr_fillBufferUnAligned",3438,9376554305109,9376554306949,0,0,8,0,128,256,1,1,8192,1,1
"KERNEL_DISPATCH","Agent 2",1,0,220354,3433,6,"__amd_rocclr_fillBufferUnAligned",3433,9376554278468,9376554280268,0,0,8,0,128,256,1,1,8192,1,1
"KERNEL_DISPATCH","Agent 2",1,0,220354,3423,6,"__amd_rocclr_fillBufferUnAligned",3423,9376554229508,9376554230868,0,0,8,0,128,256,1,1,7680,1,1
"KERNEL_DISPATCH","Agent 2",1,0,220354,1743,24,"gemm_mq4g256v2_residual_mmq_iu4_full_set_symfold",1743,9375082242596,9375088031628,0,0,184,0,128,256,1,1,34816,64,1
"KERNEL_DISPATCH","Agent 2",1,0,220354,3087,22,"gdn_chunk_scan",3087,9376343818425,9376343918027,60928,0,192,0,128,512,1,1,512,48,1
"KERNEL_DISPATCH","Agent 2",1,0,220354,2219,25,"gemm_mq4g256v2_residual_mmq_iu4_full_add_symfold",2219,9375560762105,9375566782300,0,0,184,0,128,256,1,1,10240,64,1
"KERNEL_DISPATCH","Agent 2",1,0,220354,1186,21,"gdn_chunk_kkt_solve",1186,9374590574562,9374590596883,11776,0,104,0,128,128,1,1,1024,16,1
"KERNEL_DISPATCH","Agent 2",1,0,220354,4058,24,"gemm_mq4g256v2_residual_mmq_iu4_full_set_symfold",4058,9376559348362,9376562541762,0,0,184,0,128,256,1,1,20480,64,1
"KERNEL_DISPATCH","Agent 2",1,0,220354,4059,24,"gemm_mq4g256v2_residual_mmq_iu4_full_set_symfold",4059,9376562545602,9376564500386,0,0,184,0,128,256,1,1,12288,64,1
"KERNEL_DISPATCH","Agent 2",1,0,220354,4061,24,"gemm_mq4g256v2_residual_mmq_iu4_full_set_symfold",4061,9376564564947,9376564619268,0,0,184,0,128,256,1,1,256,64,1
"KERNEL_DISPATCH","Agent 2",1,0,220354,4062,20,"gdn_chunk_prep",4062,9376564622868,9376565523639,0,0,72,0,128,256,1,1,32768,10,1
"KERNEL_DISPATCH","Agent 2",1,0,220354,5178,21,"gdn_chunk_kkt_solve",5178,9377584278685,9377584301325,11776,0,104,0,128,128,1,1,1024,16,1
"KERNEL_DISPATCH","Agent 2",1,0,220354,5784,21,"gdn_chunk_kkt_solve",5784,9378147942912,9378147965712,11776,0,104,0,128,128,1,1,1024,16,1
"KERNEL_DISPATCH","Agent 2",1,0,220354,5826,22,"gdn_chunk_scan",5826,9378180520441,9378180623162,60928,0,192,0,128,512,1,1,512,48,1
"KERNEL_DISPATCH","Agent 2",1,0,220354,6112,21,"gdn_chunk_kkt_solve",6112,9378431658974,9378431681454,11776,0,104,0,128,128,1,1,1024,16,1
"KERNEL_DISPATCH","Agent 2",1,0,220354,6488,25,"gemm_mq4g256v2_residual_mmq_iu4_full_add_symfold",6488,9378807524901,9378813545657,0,0,184,0,128,256,1,1,10240,64,1
"KERNEL_DISPATCH","Agent 2",1,0,220354,6483,25,"gemm_mq4g256v2_residual_mmq_iu4_full_add_symfold",6483,9378791555220,9378793596406,0,0,184,0,128,256,1,1,10240,64,1
"KERNEL_DISPATCH","Agent 2",1,0,220354,6489,8,"__amd_rocclr_copyBuffer",6489,9378813558017,9378813559977,0,0,16,0,128,512,1,1,1536,1,1
"KERNEL_DISPATCH","Agent 2",1,0,220354,6478,33,"rope_partial_halfsplit_batched_f32",6478,9378777810847,9378778175732,0,0,16,0,128,32,1,1,32,8192,1
"KERNEL_DISPATCH","Agent 2",1,0,220354,6473,24,"gemm_mq4g256v2_residual_mmq_iu4_full_set_symfold",6473,9378771241044,9378775425017,0,0,184,0,128,256,1,1,24576,64,1
"KERNEL_DISPATCH","Agent 2",1,0,220354,6484,23,"fused_rmsnorm_mq_rotate_awq_i4_gfx12",6484,9378793608406,9378794052132,0,0,96,0,128,256,1,1,2097152,1,1
"KERNEL_DISPATCH","Agent 2",1,0,220354,6468,24,"gemm_mq4g256v2_residual_mmq_iu4_full_set_symfold",6468,9378750733266,9378756682701,0,0,184,0,128,256,1,1,34816,64,1
"KERNEL_DISPATCH","Agent 2",1,0,220354,6479,35,"kv_cache_write_fp8_e4m3_batched",6479,9378778179772,9378778246013,0,0,56,0,128,32,1,1,128,8192,1
"KERNEL_DISPATCH","Agent 2",1,0,220354,6463,21,"gdn_chunk_kkt_solve",6463,9378746920818,9378746943618,11776,0,104,0,128,128,1,1,1024,16,1
"KERNEL_DISPATCH","Agent 2",1,0,220354,6474,24,"gemm_mq4g256v2_residual_mmq_iu4_full_set_symfold",6474,9378775437377,9378775794702,0,0,184,0,128,256,1,1,2048,64,1
"KERNEL_DISPATCH","Agent 2",1,0,220354,6458,22,"gdn_chunk_scan",6458,9378746561533,9378746660215,60928,0,192,0,128,512,1,1,512,48,1
"KERNEL_DISPATCH","Agent 2",1,0,220354,6469,24,"gemm_mq4g256v2_residual_mmq_iu4_full_set_symfold",6469,9378756694861,9378762561895,0,0,184,0,128,256,1,1,34816,64,1
"KERNEL_DISPATCH","Agent 2",1,0,220354,6453,21,"gdn_chunk_kkt_solve",6453,9378746277770,9378746300450,11776,0,104,0,128,128,1,1,1024,16,1
"KERNEL_DISPATCH","Agent 2",1,0,220354,6464,22,"gdn_chunk_scan",6464,9378746947098,9378747046140,60928,0,192,0,128,512,1,1,512,48,1
"KERNEL_DISPATCH","Agent 2",1,0,220354,6448,22,"gdn_chunk_scan",6448,9378745917565,9378746016687,60928,0,192,0,128,512,1,1,512,48,1
"KERNEL_DISPATCH","Agent 2",1,0,220354,6459,21,"gdn_chunk_kkt_solve",6459,9378746663655,9378746686015,11776,0,104,0,128,128,1,1,1024,16,1
"KERNEL_DISPATCH","Agent 2",1,0,220354,6443,21,"gdn_chunk_kkt_solve",6443,9378745633202,9378745655722,11776,0,104,0,128,128,1,1,1024,16,1
"KERNEL_DISPATCH","Agent 2",1,0,220354,6454,22,"gdn_chunk_scan",6454,9378746304010,9378746402891,60928,0,192,0,128,512,1,1,512,48,1
"KERNEL_DISPATCH","Agent 2",1,0,220354,6438,22,"gdn_chunk_scan",6438,9378745272437,9378745371558,60928,0,192,0,128,512,1,1,512,48,1
"KERNEL_DISPATCH","Agent 2",1,0,220354,6449,21,"gdn_chunk_kkt_solve",6449,9378746020167,9378746042727,11776,0,104,0,128,128,1,1,1024,16,1
"KERNEL_DISPATCH","Agent 2",1,0,220354,6433,21,"gdn_chunk_kkt_solve",6433,9378744983674,9378745006754,11776,0,104,0,128,128,1,1,1024,16,1
"KERNEL_DISPATCH","Agent 2",1,0,220354,6444,22,"gdn_chunk_scan",6444,9378745659162,9378745758523,60928,0,192,0,128,512,1,1,512,48,1
"KERNEL_DISPATCH","Agent 2",1,0,220354,6428,24,"gemm_mq4g256v2_residual_mmq_iu4_full_set_symfold",6428,9378738288189,9378741806993,0,0,184,0,128,256,1,1,20480,64,1
"KERNEL_DISPATCH","Agent 2",1,0,220354,6439,21,"gdn_chunk_kkt_solve",6439,9378745374918,9378745397719,11776,0,104,0,128,128,1,1,1024,16,1
"KERNEL_DISPATCH","Agent 2",1,0,220354,6423,24,"gemm_mq4g256v2_residual_mmq_iu4_full_set_symfold",6423,9378717814931,9378723723086,0,0,184,0,128,256,1,1,34816,64,1
"KERNEL_DISPATCH","Agent 2",1,0,220354,6434,22,"gdn_chunk_scan",6434,9378745010474,9378745113635,60928,0,192,0,128,512,1,1,512,48,1
"KERNEL_DISPATCH","Agent 2",1,0,220354,6418,21,"gdn_chunk_kkt_solve",6418,9378713989483,9378714012763,11776,0,104,0,128,128,1,1,1024,16,1
"KERNEL_DISPATCH","Agent 2",1,0,220354,6429,24,"gemm_mq4g256v2_residual_mmq_iu4_full_set_symfold",6429,9378741819274,9378743938060,0,0,184,0,128,256,1,1,12288,64,1
"KERNEL_DISPATCH","Agent 2",1,0,220354,6413,22,"gdn_chunk_scan",6413,9378713629158,9378713727960,60928,0,192,0,128,512,1,1,512,48,1
"KERNEL_DISPATCH","Agent 2",1,0,220354,6424,24,"gemm_mq4g256v2_residual_mmq_iu4_full_set_symfold",6424,9378723735366,9378729610160,0,0,184,0,128,256,1,1,34816,64,1
"KERNEL_DISPATCH","Agent 2",1,0,220354,6491,47,"mq_rotate_x",6491,9378813581817,9378813584177,0,0,32,0,128,32,1,1,640,1,1
"KERNEL_DISPATCH","Agent 2",1,0,220354,6419,22,"gdn_chunk_scan",6419,9378714016123,9378714115605,60928,0,192,0,128,512,1,1,512,48,1
"KERNEL_DISPATCH","Agent 2",1,0,220354,6414,21,"gdn_chunk_kkt_solve",6414,9378713731400,9378713754280,11776,0,104,0,128,128,1,1,1024,16,1
"KERNEL_DISPATCH","Agent 2",1,0,220354,6409,22,"gdn_chunk_scan",6409,9378713372275,9378713471476,60928,0,192,0,128,512,1,1,512,48,1
"KERNEL_DISPATCH","Agent 2",1,0,220354,6486,24,"gemm_mq4g256v2_residual_mmq_iu4_full_set_symfold",6486,9378799720203,9378805387435,0,0,184,0,128,256,1,1,34816,64,1
"KERNEL_DISPATCH","Agent 2",1,0,220354,6404,21,"gdn_chunk_kkt_solve",6404,9378713088712,9378713111512,11776,0,104,0,128,128,1,1,1024,16,1
"KERNEL_DISPATCH","Agent 2",1,0,220354,6481,43,"attention_fp8_e4m3_fa2_gqa_packet_gfx1201",6481,9378778351614,9378790799731,0,0,240,0,128,256,1,1,6144,4,16
"KERNEL_DISPATCH","Agent 2",1,0,220354,6399,22,"gdn_chunk_scan",6399,9378712726707,9378712826228,60928,0,192,0,128,512,1,1,512,48,1
"KERNEL_DISPATCH","Agent 2",1,0,220354,6476,30,"deinterleave_q_rmsnorm_f32_batched",6476,9378776157946,9378777567444,0,0,24,0,128,256,1,1,6144,8192,1
"KERNEL_DISPATCH","Agent 2",1,0,220354,6394,21,"gdn_chunk_kkt_solve",6394,9378712442304,9378712465184,11776,0,104,0,128,128,1,1,1024,16,1
"KERNEL_DISPATCH","Agent 2",1,0,220354,6471,25,"gemm_mq4g256v2_residual_mmq_iu4_full_add_symfold",6471,9378764693322,9378770754118,0,0,184,0,128,256,1,1,10240,64,1
"KERNEL_DISPATCH","Agent 2",1,0,220354,6389,22,"gdn_chunk_scan",6389,9378712078939,9378712181460,60928,0,192,0,128,512,1,1,512,48,1
"KERNEL_DISPATCH","Agent 2",1,0,220354,6466,25,"gemm_mq4g256v2_residual_mmq_iu4_full_add_symfold",6466,9378748065472,9378750245940,0,0,184,0,128,256,1,1,10240,64,1
"KERNEL_DISPATCH","Agent 2",1,0,220354,6384,24,"gemm_mq4g256v2_residual_mmq_iu4_full_set_symfold",6384,9378708871539,9378711006285,0,0,184,0,128,256,1,1,12288,64,1
"KERNEL_DISPATCH","Agent 2",1,0,220354,6461,21,"gdn_chunk_kkt_solve",6461,9378746791696,9378746814297,11776,0,104,0,128,128,1,1,1024,16,1
"KERNEL_DISPATCH","Agent 2",1,0,220354,6379,24,"gemm_mq4g256v2_residual_mmq_iu4_full_set_symfold",6379,9378690704590,9378696651785,0,0,184,0,128,256,1,1,34816,64,1
"KERNEL_DISPATCH","Agent 2",1,0,220354,6456,22,"gdn_chunk_scan",6456,9378746432812,9378746531813,60928,0,192,0,128,512,1,1,512,48,1
"KERNEL_DISPATCH","Agent 2",1,0,220354,6374,22,"gdn_chunk_scan",6374,9378681045948,9378681144069,60928,0,192,0,128,512,1,1,512,48,1
"KERNEL_DISPATCH","Agent 2",1,0,220354,6451,21,"gdn_chunk_kkt_solve",6451,9378746149048,9378746171688,11776,0,104,0,128,128,1,1,1024,16,1
"KERNEL_DISPATCH","Agent 2",1,0,220354,6369,21,"gdn_chunk_kkt_solve",6369,9378680764264,9378680786745,11776,0,104,0,128,128,1,1,1024,16,1
"KERNEL_DISPATCH","Agent 2",1,0,220354,6446,22,"gdn_chunk_scan",6446,9378745788204,9378745887805,60928,0,192,0,128,512,1,1,512,48,1
"KERNEL_DISPATCH","Agent 2",1,0,220354,6364,22,"gdn_chunk_scan",6364,9378680406740,9378680505061,60928,0,192,0,128,512,1,1,512,48,1
"KERNEL_DISPATCH","Agent 2",1,0,220354,6441,21,"gdn_chunk_kkt_solve",6441,9378745504120,9378745527040,11776,0,104,0,128,128,1,1,1024,16,1
"KERNEL_DISPATCH","Agent 2",1,0,220354,6359,21,"gdn_chunk_kkt_solve",6359,9378680125736,9378680148017,11776,0,104,0,128,128,1,1,1024,16,1
"KERNEL_DISPATCH","Agent 2",1,0,220354,6436,22,"gdn_chunk_scan",6436,9378745143356,9378745242277,60928,0,192,0,128,512,1,1,512,48,1
"KERNEL_DISPATCH","Agent 2",1,0,220354,6354,22,"gdn_chunk_scan",6354,9378679766772,9378679865653,60928,0,192,0,128,512,1,1,512,48,1
"KERNEL_DISPATCH","Agent 2",1,0,220354,6431,24,"gemm_mq4g256v2_residual_mmq_iu4_full_set_symfold",6431,9378744016301,9378744075622,0,0,184,0,128,256,1,1,256,64,1
"KERNEL_DISPATCH","Agent 2",1,0,220354,6349,21,"gdn_chunk_kkt_solve",6349,9378679484728,9378679507369,11776,0,104,0,128,128,1,1,1024,16,1
"KERNEL_DISPATCH","Agent 2",1,0,220354,6426,25,"gemm_mq4g256v2_residual_mmq_iu4_full_add_symfold",6426,9378731749427,9378737800463,0,0,184,0,128,256,1,1,10240,64,1
"KERNEL_DISPATCH","Agent 2",1,0,220354,6344,22,"gdn_chunk_scan",6344,9378679123764,9378679225045,60928,0,192,0,128,512,1,1,512,48,1
"KERNEL_DISPATCH","Agent 2",1,0,220354,6421,25,"gemm_mq4g256v2_residual_mmq_iu4_full_add_symfold",6421,9378715128177,9378717330005,0,0,184,0,128,256,1,1,10240,64,1
"KERNEL_DISPATCH","Agent 2",1,0,220354,6339,24,"gemm_mq4g256v2_residual_mmq_iu4_full_set_symfold",6339,9378675971604,9378678053030,0,0,184,0,128,256,1,1,12288,64,1
"KERNEL_DISPATCH","Agent 2",1,0,220354,6416,21,"gdn_chunk_kkt_solve",6416,9378713859801,9378713882722,11776,0,104,0,128,128,1,1,1024,16,1
"KERNEL_DISPATCH","Agent 2",1,0,220354,6411,22,"gdn_chunk_scan",6411,9378713501317,9378713599878,60928,0,192,0,128,512,1,1,512,48,1
"KERNEL_DISPATCH","Agent 2",1,0,220354,6406,21,"gdn_chunk_kkt_solve",6406,9378713217673,9378713240394,11776,0,104,0,128,128,1,1,1024,16,1
"KERNEL_DISPATCH","Agent 2",1,0,220354,6401,22,"gdn_chunk_scan",6401,9378712856269,9378712956030,60928,0,192,0,128,512,1,1,512,48,1
"KERNEL_DISPATCH","Agent 2",1,0,220354,6396,21,"gdn_chunk_kkt_solve",6396,9378712571465,9378712594105,11776,0,104,0,128,128,1,1,1024,16,1
"KERNEL_DISPATCH","Agent 2",1,0,220354,6391,22,"gdn_chunk_scan",6391,9378712211221,9378712309942,60928,0,192,0,128,512,1,1,512,48,1
"KERNEL_DISPATCH","Agent 2",1,0,220354,6386,24,"gemm_mq4g256v2_residual_mmq_iu4_full_set_symfold",6386,9378711083926,9378711143687,0,0,184,0,128,256,1,1,256,64,1
"KERNEL_DISPATCH","Agent 2",1,0,220354,6381,25,"gemm_mq4g256v2_residual_mmq_iu4_full_add_symfold",6381,9378698788812,9378704837808,0,0,184,0,128,256,1,1,10240,64,1
"KERNEL_DISPATCH","Agent 2",1,0,220354,6376,25,"gemm_mq4g256v2_residual_mmq_iu4_full_add_symfold",6376,9378682151962,9378684348710,0,0,184,0,128,256,1,1,10240,64,1
"KERNEL_DISPATCH","Agent 2",1,0,220354,6371,21,"gdn_chunk_kkt_solve",6371,9378680891906,9378680914466,11776,0,104,0,128,128,1,1,1024,16,1
"KERNEL_DISPATCH","Agent 2",1,0,220354,6366,22,"gdn_chunk_scan",6366,9378680534622,9378680632863,60928,0,192,0,128,512,1,1,512,48,1
"KERNEL_DISPATCH","Agent 2",1,0,220354,6361,21,"gdn_chunk_kkt_solve",6361,9378680253178,9378680275738,11776,0,104,0,128,128,1,1,1024,16,1
"KERNEL_DISPATCH","Agent 2",1,0,220354,6356,22,"gdn_chunk_scan",6356,9378679895253,9378679994055,60928,0,192,0,128,512,1,1,512,48,1
"KERNEL_DISPATCH","Agent 2",1,0,220354,6351,21,"gdn_chunk_kkt_solve",6351,9378679612890,9378679635490,11776,0,104,0,128,128,1,1,1024,16,1
"KERNEL_DISPATCH","Agent 2",1,0,220354,6346,22,"gdn_chunk_scan",6346,9378679254925,9378679353167,60928,0,192,0,128,512,1,1,512,48,1
"KERNEL_DISPATCH","Agent 2",1,0,220354,6341,24,"gemm_mq4g256v2_residual_mmq_iu4_full_set_symfold",6341,9378678129631,9378678188272,0,0,184,0,128,256,1,1,256,64,1
"KERNEL_DISPATCH","Agent 2",1,0,220354,6336,25,"gemm_mq4g256v2_residual_mmq_iu4_full_add_symfold",6336,9378666092680,9378672014154,0,0,184,0,128,256,1,1,10240,64,1
"KERNEL_DISPATCH","Agent 2",1,0,220354,6331,25,"gemm_mq4g256v2_residual_mmq_iu4_full_add_symfold",6331,9378650158839,9378652212945,0,0,184,0,128,256,1,1,10240,64,1
"KERNEL_DISPATCH","Agent 2",1,0,220354,6326,33,"rope_partial_halfsplit_batched_f32",6326,9378636374225,9378636741750,0,0,16,0,128,32,1,1,32,8192,1
"KERNEL_DISPATCH","Agent 2",1,0,220354,6321,24,"gemm_mq4g256v2_residual_mmq_iu4_full_set_symfold",6321,9378629811862,9378633997835,0,0,184,0,128,256,1,1,24576,64,1
"KERNEL_DISPATCH","Agent 2",1,0,220354,6408,21,"gdn_chunk_kkt_solve",6408,9378713346075,9378713368835,11776,0,104,0,128,128,1,1,1024,16,1
"KERNEL_DISPATCH","Agent 2",1,0,220354,6316,24,"gemm_mq4g256v2_residual_mmq_iu4_full_set_symfold",6316,9378609373485,9378615211039,0,0,184,0,128,256,1,1,34816,64,1
"KERNEL_DISPATCH","Agent 2",1,0,220354,6403,22,"gdn_chunk_scan",6403,9378712985830,9378713085272,60928,0,192,0,128,512,1,1,512,48,1
"KERNEL_DISPATCH","Agent 2",1,0,220354,6311,21,"gdn_chunk_kkt_solve",6311,9378605600597,9378605623318,11776,0,104,0,128,128,1,1,1024,16,1
"KERNEL_DISPATCH","Agent 2",1,0,220354,6398,21,"gdn_chunk_kkt_solve",6398,9378712700267,9378712723227,11776,0,104,0,128,128,1,1,1024,16,1
"KERNEL_DISPATCH","Agent 2",1,0,220354,6306,22,"gdn_chunk_scan",6306,9378605245873,9378605343234,60928,0,192,0,128,512,1,1,512,48,1
"KERNEL_DISPATCH","Agent 2",1,0,220354,6393,22,"gdn_chunk_scan",6393,9378712339622,9378712438903,60928,0,192,0,128,512,1,1,512,48,1
"KERNEL_DISPATCH","Agent 2",1,0,220354,6388,21,"gdn_chunk_kkt_solve",6388,9378712052259,9378712075179,11776,0,104,0,128,128,1,1,1024,16,1
"KERNEL_DISPATCH","Agent 2",1,0,220354,6383,24,"gemm_mq4g256v2_residual_mmq_iu4_full_set_symfold",6383,9378705325854,9378708859258,0,0,184,0,128,256,1,1,20480,64,1
"KERNEL_DISPATCH","Agent 2",1,0,220354,6378,24,"gemm_mq4g256v2_residual_mmq_iu4_full_set_symfold",6378,9378684830076,9378690692309,0,0,184,0,128,256,1,1,34816,64,1
"KERNEL_DISPATCH","Agent 2",1,0,220354,6373,21,"gdn_chunk_kkt_solve",6373,9378681019908,9378681042508,11776,0,104,0,128,128,1,1,1024,16,1
"KERNEL_DISPATCH","Agent 2",1,0,220354,6368,22,"gdn_chunk_scan",6368,9378680662583,9378680760904,60928,0,192,0,128,512,1,1,512,48,1
"KERNEL_DISPATCH","Agent 2",1,0,220354,6363,21,"gdn_chunk_kkt_solve",6363,9378680381060,9378680403260,11776,0,104,0,128,128,1,1,1024,16,1
"KERNEL_DISPATCH","Agent 2",1,0,220354,6358,22,"gdn_chunk_scan",6358,9378680023815,9378680122296,60928,0,192,0,128,512,1,1,512,48,1
"KERNEL_DISPATCH","Agent 2",1,0,220354,6353,21,"gdn_chunk_kkt_solve",6353,9378679740852,9378679763292,11776,0,104,0,128,128,1,1,1024,16,1
"KERNEL_DISPATCH","Agent 2",1,0,220354,6348,22,"gdn_chunk_scan",6348,9378679382527,9378679481288,60928,0,192,0,128,512,1,1,512,48,1
"KERNEL_DISPATCH","Agent 2",1,0,220354,6343,21,"gdn_chunk_kkt_solve",6343,9378679097363,9378679120084,11776,0,104,0,128,128,1,1,1024,16,1
"KERNEL_DISPATCH","Agent 2",1,0,220354,6338,24,"gemm_mq4g256v2_residual_mmq_iu4_full_set_symfold",6338,9378672497040,9378675959324,0,0,184,0,128,256,1,1,20480,64,1
"KERNEL_DISPATCH","Agent 2",1,0,220354,6333,24,"gemm_mq4g256v2_residual_mmq_iu4_full_set_symfold",6333,9378652669190,9378658263301,0,0,184,0,128,256,1,1,34816,64,1
"KERNEL_DISPATCH","Agent 2",1,0,220354,6328,35,"kv_cache_write_fp8_e4m3_batched",6328,9378636814791,9378636904512,0,0,56,0,128,32,1,1,128,8192,1
"KERNEL_DISPATCH","Agent 2",1,0,220354,6323,24,"gemm_mq4g256v2_residual_mmq_iu4_full_set_symfold",6323,9378634369360,9378634724204,0,0,184,0,128,256,1,1,2048,64,1
"KERNEL_DISPATCH","Agent 2",1,0,220354,6318,29,"fused_silu_mul_mq_rotate_awq_i4_gfx12",6318,9378621161393,9378623268420,0,0,56,0,128,32,1,1,2176,8192,1
"KERNEL_DISPATCH","Agent 2",1,0,220354,6313,28,"gated_norm_mq_rotate_awq_i4_gfx12",6313,9378605728399,9378606717531,1024,0,40,0,128,64,1,1,1536,8192,1
"KERNEL_DISPATCH","Agent 2",1,0,220354,6308,22,"gdn_chunk_scan",6308,9378605372275,9378605469876,60928,0,192,0,128,512,1,1,512,48,1
"KERNEL_DISPATCH","Agent 2",1,0,220354,6303,21,"gdn_chunk_kkt_solve",6303,9378605093031,9378605115711,11776,0,104,0,128,128,1,1,1024,16,1
"KERNEL_DISPATCH","Agent 2",1,0,220354,6298,22,"gdn_chunk_scan",6298,9378604733746,9378604832628,60928,0,192,0,128,512,1,1,512,48,1
"KERNEL_DISPATCH","Agent 2",1,0,220354,6293,21,"gdn_chunk_kkt_solve",6293,9378604451383,9378604474223,11776,0,104,0,128,128,1,1,1024,16,1
"KERNEL_DISPATCH","Agent 2",1,0,220354,6288,22,"gdn_chunk_scan",6288,9378604092458,9378604191380,60928,0,192,0,128,512,1,1,512,48,1
"KERNEL_DISPATCH","Agent 2",1,0,220354,6283,21,"gdn_chunk_kkt_solve",6283,9378603808815,9378603831495,11776,0,104,0,128,128,1,1,1024,16,1
"KERNEL_DISPATCH","Agent 2",1,0,220354,6278,24,"gemm_mq4g256v2_residual_mmq_iu4_full_set_symfold",6278,9378602641240,9378602703601,0,0,184,0,128,256,1,1,256,64,1
"KERNEL_DISPATCH","Agent 2",1,0,220354,6334,24,"gemm_mq4g256v2_residual_mmq_iu4_full_set_symfold",6334,9378658275581,9378663958053,0,0,184,0,128,256,1,1,34816,64,1
"KERNEL_DISPATCH","Agent 2",1,0,220354,6273,29,"fused_silu_mul_mq_rotate_awq_i4_gfx12",6273,9378588345660,9378590452167,0,0,56,0,128,32,1,1,2176,8192,1
"KERNEL_DISPATCH","Agent 2",1,0,220354,6329,43,"attention_fp8_e4m3_fa2_gqa_packet_gfx1201",6329,9378636907952,9378649402469,0,0,240,0,128,256,1,1,6144,4,16
"KERNEL_DISPATCH","Agent 2",1,0,220354,6268,28,"gated_norm_mq_rotate_awq_i4_gfx12",6268,9378572935666,9378573919238,1024,0,40,0,128,64,1,1,1536,8192,1
"KERNEL_DISPATCH","Agent 2",1,0,220354,6324,30,"deinterleave_q_rmsnorm_f32_batched",6324,9378634727724,9378636129702,0,0,24,0,128,256,1,1,6144,8192,1
"KERNEL_DISPATCH","Agent 2",1,0,220354,6263,22,"gdn_chunk_scan",6263,9378572579301,9378572677583,60928,0,192,0,128,512,1,1,512,48,1
"KERNEL_DISPATCH","Agent 2",1,0,220354,6319,25,"gemm_mq4g256v2_residual_mmq_iu4_full_add_symfold",6319,9378623280580,9378629325136,0,0,184,0,128,256,1,1,10240,64,1
"KERNEL_DISPATCH","Agent 2",1,0,220354,6258,21,"gdn_chunk_kkt_solve",6258,9378572299938,9378572322618,11776,0,104,0,128,128,1,1,1024,16,1
"KERNEL_DISPATCH","Agent 2",1,0,220354,6314,25,"gemm_mq4g256v2_residual_mmq_iu4_full_add_symfold",6314,9378606729692,9378608892879,0,0,184,0,128,256,1,1,10240,64,1
"KERNEL_DISPATCH","Agent 2",1,0,220354,6253,22,"gdn_chunk_scan",6253,9378571942893,9378572041895,60928,0,192,0,128,512,1,1,512,48,1
"KERNEL_DISPATCH","Agent 2",1,0,220354,6309,21,"gdn_chunk_kkt_solve",6309,9378605473236,9378605495596,11776,0,104,0,128,128,1,1,1024,16,1
"KERNEL_DISPATCH","Agent 2",1,0,220354,6248,21,"gdn_chunk_kkt_solve",6248,9378571659090,9378571681890,11776,0,104,0,128,128,1,1,1024,16,1
"KERNEL_DISPATCH","Agent 2",1,0,220354,6304,22,"gdn_chunk_scan",6304,9378605119271,9378605216673,60928,0,192,0,128,512,1,1,512,48,1
"KERNEL_DISPATCH","Agent 2",1,0,220354,6299,21,"gdn_chunk_kkt_solve",6299,9378604836068,9378604858548,11776,0,104,0,128,128,1,1,1024,16,1
"KERNEL_DISPATCH","Agent 2",1,0,220354,6294,22,"gdn_chunk_scan",6294,9378604477663,9378604575865,60928,0,192,0,128,512,1,1,512,48,1
"KERNEL_DISPATCH","Agent 2",1,0,220354,6289,21,"gdn_chunk_kkt_solve",6289,9378604194860,9378604217700,11776,0,104,0,128,128,1,1,1024,16,1
"KERNEL_DISPATCH","Agent 2",1,0,220354,6284,22,"gdn_chunk_scan",6284,9378603834935,9378603933936,60928,0,192,0,128,512,1,1,512,48,1
"KERNEL_DISPATCH","Agent 2",1,0,220354,6279,24,"gemm_mq4g256v2_residual_mmq_iu4_full_set_symfold",6279,9378602707001,9378602765682,0,0,184,0,128,256,1,1,256,64,1
"KERNEL_DISPATCH","Agent 2",1,0,220354,6274,25,"gemm_mq4g256v2_residual_mmq_iu4_full_add_symfold",6274,9378590464327,9378596562564,0,0,184,0,128,256,1,1,10240,64,1
"KERNEL_DISPATCH","Agent 2",1,0,220354,6269,25,"gemm_mq4g256v2_residual_mmq_iu4_full_add_symfold",6269,9378573931398,9378576101626,0,0,184,0,128,256,1,1,10240,64,1
"KERNEL_DISPATCH","Agent 2",1,0,220354,6264,21,"gdn_chunk_kkt_solve",6264,9378572681023,9378572703143,11776,0,104,0,128,128,1,1,1024,16,1
"KERNEL_DISPATCH","Agent 2",1,0,220354,6259,22,"gdn_chunk_scan",6259,9378572326138,9378572423179,60928,0,192,0,128,512,1,1,512,48,1
"KERNEL_DISPATCH","Agent 2",1,0,220354,6254,21,"gdn_chunk_kkt_solve",6254,9378572045415,9378572068215,11776,0,104,0,128,128,1,1,1024,16,1
"KERNEL_DISPATCH","Agent 2",1,0,220354,6249,22,"gdn_chunk_scan",6249,9378571685370,9378571784651,60928,0,192,0,128,512,1,1,512,48,1
"KERNEL_DISPATCH","Agent 2",1,0,220354,6244,21,"gdn_chunk_kkt_solve",6244,9378571401647,9378571424287,11776,0,104,0,128,128,1,1,1024,16,1
"KERNEL_DISPATCH","Agent 2",1,0,220354,6239,22,"gdn_chunk_scan",6239,9378571042362,9378571141403,60928,0,192,0,128,512,1,1,512,48,1
"KERNEL_DISPATCH","Agent 2",1,0,220354,6234,24,"gemm_mq4g256v2_residual_mmq_iu4_full_set_symfold",6234,9378569916428,9378569975709,0,0,184,0,128,256,1,1,256,64,1
"KERNEL_DISPATCH","Agent 2",1,0,220354,6229,25,"gemm_mq4g256v2_residual_mmq_iu4_full_add_symfold",6229,9378557646633,9378563766790,0,0,184,0,128,256,1,1,10240,64,1
"KERNEL_DISPATCH","Agent 2",1,0,220354,6224,25,"gemm_mq4g256v2_residual_mmq_iu4_full_add_symfold",6224,9378541051264,9378543247452,0,0,184,0,128,256,1,1,10240,64,1
"KERNEL_DISPATCH","Agent 2",1,0,220354,6301,21,"gdn_chunk_kkt_solve",6301,9378604964709,9378604987190,11776,0,104,0,128,128,1,1,1024,16,1
"KERNEL_DISPATCH","Agent 2",1,0,220354,6219,21,"gdn_chunk_kkt_solve",6219,9378539787288,9378539809769,11776,0,104,0,128,128,1,1,1024,16,1
"KERNEL_DISPATCH","Agent 2",1,0,220354,6296,22,"gdn_chunk_scan",6296,9378604605865,9378604704306,60928,0,192,0,128,512,1,1,512,48,1
"KERNEL_DISPATCH","Agent 2",1,0,220354,6214,22,"gdn_chunk_scan",6214,9378539430804,9378539529245,60928,0,192,0,128,512,1,1,512,48,1
"KERNEL_DISPATCH","Agent 2",1,0,220354,6291,21,"gdn_chunk_kkt_solve",6291,9378604323301,9378604345822,11776,0,104,0,128,128,1,1,1024,16,1
"KERNEL_DISPATCH","Agent 2",1,0,220354,6209,21,"gdn_chunk_kkt_solve",6209,9378539149360,9378539171920,11776,0,104,0,128,128,1,1,1024,16,1
"KERNEL_DISPATCH","Agent 2",1,0,220354,6286,22,"gdn_chunk_scan",6286,9378603963617,9378604062738,60928,0,192,0,128,512,1,1,512,48,1
"KERNEL_DISPATCH","Agent 2",1,0,220354,6204,22,"gdn_chunk_scan",6204,9378538791196,9378538889717,60928,0,192,0,128,512,1,1,512,48,1
"KERNEL_DISPATCH","Agent 2",1,0,220354,6281,21,"gdn_chunk_kkt_solve",6281,9378603676213,9378603699093,11776,0,104,0,128,128,1,1,1024,16,1
"KERNEL_DISPATCH","Agent 2",1,0,220354,6199,21,"gdn_chunk_kkt_solve",6199,9378538508152,9378538531232,11776,0,104,0,128,128,1,1,1024,16,1
"KERNEL_DISPATCH","Agent 2",1,0,220354,6276,24,"gemm_mq4g256v2_residual_mmq_iu4_full_set_symfold",6276,9378597048930,9378600542814,0,0,184,0,128,256,1,1,20480,64,1
"KERNEL_DISPATCH","Agent 2",1,0,220354,6194,22,"gdn_chunk_scan",6194,9378538145588,9378538243629,60928,0,192,0,128,512,1,1,512,48,1
"KERNEL_DISPATCH","Agent 2",1,0,220354,6271,24,"gemm_mq4g256v2_residual_mmq_iu4_full_set_symfold",6271,9378576580232,9378582399345,0,0,184,0,128,256,1,1,34816,64,1
"KERNEL_DISPATCH","Agent 2",1,0,220354,6189,24,"gemm_mq4g256v2_residual_mmq_iu4_full_set_symfold",6189,9378537021333,9378537080134,0,0,184,0,128,256,1,1,256,64,1
"KERNEL_DISPATCH","Agent 2",1,0,220354,6266,21,"gdn_chunk_kkt_solve",6266,9378572807744,9378572830585,11776,0,104,0,128,128,1,1,1024,16,1
"KERNEL_DISPATCH","Agent 2",1,0,220354,6184,25,"gemm_mq4g256v2_residual_mmq_iu4_full_add_symfold",6184,9378524922021,9378530868976,0,0,184,0,128,256,1,1,10240,64,1
"KERNEL_DISPATCH","Agent 2",1,0,220354,6261,22,"gdn_chunk_scan",6261,9378572452300,9378572550061,60928,0,192,0,128,512,1,1,512,48,1
"KERNEL_DISPATCH","Agent 2",1,0,220354,6179,25,"gemm_mq4g256v2_residual_mmq_iu4_full_add_symfold",6179,9378508923099,9378510955245,0,0,184,0,128,256,1,1,10240,64,1
"KERNEL_DISPATCH","Agent 2",1,0,220354,6256,21,"gdn_chunk_kkt_solve",6256,9378572173176,9378572195537,11776,0,104,0,128,128,1,1,1024,16,1
"KERNEL_DISPATCH","Agent 2",1,0,220354,6174,33,"rope_partial_halfsplit_batched_f32",6174,9378495185806,9378495551851,0,0,16,0,128,32,1,1,32,8192,1
"KERNEL_DISPATCH","Agent 2",1,0,220354,6251,22,"gdn_chunk_scan",6251,9378571814412,9378571913333,60928,0,192,0,128,512,1,1,512,48,1
"KERNEL_DISPATCH","Agent 2",1,0,220354,6169,24,"gemm_mq4g256v2_residual_mmq_iu4_full_set_symfold",6169,9378488627324,9378492808296,0,0,184,0,128,256,1,1,24576,64,1
"KERNEL_DISPATCH","Agent 2",1,0,220354,6246,21,"gdn_chunk_kkt_solve",6246,9378571530368,9378571552768,11776,0,104,0,128,128,1,1,1024,16,1
"KERNEL_DISPATCH","Agent 2",1,0,220354,6164,24,"gemm_mq4g256v2_residual_mmq_iu4_full_set_symfold",6164,9378468276867,9378474166861,0,0,184,0,128,256,1,1,34816,64,1
"KERNEL_DISPATCH","Agent 2",1,0,220354,6241,22,"gdn_chunk_scan",6241,9378571170884,9378571269565,60928,0,192,0,128,512,1,1,512,48,1
"KERNEL_DISPATCH","Agent 2",1,0,220354,6159,21,"gdn_chunk_kkt_solve",6159,9378464487380,9378464509900,11776,0,104,0,128,128,1,1,1024,16,1
"KERNEL_DISPATCH","Agent 2",1,0,220354,6236,21,"gdn_chunk_kkt_solve",6236,9378570883360,9378570906280,11776,0,104,0,128,128,1,1,1024,16,1
"KERNEL_DISPATCH","Agent 2",1,0,220354,6154,22,"gdn_chunk_scan",6154,9378464132895,9378464230296,60928,0,192,0,128,512,1,1,512,48,1
"KERNEL_DISPATCH","Agent 2",1,0,220354,6231,24,"gemm_mq4g256v2_residual_mmq_iu4_full_set_symfold",6231,9378564253476,9378567747521,0,0,184,0,128,256,1,1,20480,64,1
"KERNEL_DISPATCH","Agent 2",1,0,220354,6226,24,"gemm_mq4g256v2_residual_mmq_iu4_full_set_symfold",6226,9378543729898,9378549597372,0,0,184,0,128,256,1,1,34816,64,1
"KERNEL_DISPATCH","Agent 2",1,0,220354,6149,21,"gdn_chunk_kkt_solve",6149,9378463849691,9378463872412,11776,0,104,0,128,128,1,1,1024,16,1
"KERNEL_DISPATCH","Agent 2",1,0,220354,6144,22,"gdn_chunk_scan",6144,9378463490247,9378463588568,60928,0,192,0,128,512,1,1,512,48,1
"KERNEL_DISPATCH","Agent 2",1,0,220354,6139,21,"gdn_chunk_kkt_solve",6139,9378463206203,9378463228644,11776,0,104,0,128,128,1,1,1024,16,1
"KERNEL_DISPATCH","Agent 2",1,0,220354,6221,21,"gdn_chunk_kkt_solve",6221,9378539915330,9378539938010,11776,0,104,0,128,128,1,1,1024,16,1
"KERNEL_DISPATCH","Agent 2",1,0,220354,6216,22,"gdn_chunk_scan",6216,9378539558685,9378539656727,60928,0,192,0,128,512,1,1,512,48,1
"KERNEL_DISPATCH","Agent 2",1,0,220354,6134,22,"gdn_chunk_scan",6134,9378462846159,9378462944840,60928,0,192,0,128,512,1,1,512,48,1
"KERNEL_DISPATCH","Agent 2",1,0,220354,6129,21,"gdn_chunk_kkt_solve",6129,9378462559475,9378462582316,11776,0,104,0,128,128,1,1,1024,16,1
"KERNEL_DISPATCH","Agent 2",1,0,220354,6124,24,"gemm_mq4g256v2_residual_mmq_iu4_full_set_symfold",6124,9378455963592,9378459436396,0,0,184,0,128,256,1,1,20480,64,1
"KERNEL_DISPATCH","Agent 2",1,0,220354,6211,21,"gdn_chunk_kkt_solve",6211,9378539277362,9378539299642,11776,0,104,0,128,128,1,1,1024,16,1
"KERNEL_DISPATCH","Agent 2",1,0,220354,6206,22,"gdn_chunk_scan",6206,9378538919157,9378539017759,60928,0,192,0,128,512,1,1,512,48,1
"KERNEL_DISPATCH","Agent 2",1,0,220354,6201,21,"gdn_chunk_kkt_solve",6201,9378538636834,9378538659234,11776,0,104,0,128,128,1,1,1024,16,1
"KERNEL_DISPATCH","Agent 2",1,0,220354,6196,22,"gdn_chunk_scan",6196,9378538279229,9378538376830,60928,0,192,0,128,512,1,1,512,48,1
"KERNEL_DISPATCH","Agent 2",1,0,220354,6191,21,"gdn_chunk_kkt_solve",6191,9378537988066,9378538010746,11776,0,104,0,128,128,1,1,1024,16,1
"KERNEL_DISPATCH","Agent 2",1,0,220354,6186,24,"gemm_mq4g256v2_residual_mmq_iu4_full_set_symfold",6186,9378531353142,9378534836906,0,0,184,0,128,256,1,1,20480,64,1
"KERNEL_DISPATCH","Agent 2",1,0,220354,6181,24,"gemm_mq4g256v2_residual_mmq_iu4_full_set_symfold",6181,9378511410971,9378517023081,0,0,184,0,128,256,1,1,34816,64,1
"KERNEL_DISPATCH","Agent 2",1,0,220354,6176,35,"kv_cache_write_fp8_e4m3_batched",6176,9378495625732,9378495714653,0,0,56,0,128,32,1,1,128,8192,1
"KERNEL_DISPATCH","Agent 2",1,0,220354,6171,24,"gemm_mq4g256v2_residual_mmq_iu4_full_set_symfold",6171,9378493178701,9378493534025,0,0,184,0,128,256,1,1,2048,64,1
"KERNEL_DISPATCH","Agent 2",1,0,220354,6166,29,"fused_silu_mul_mq_rotate_awq_i4_gfx12",6166,9378479988695,9378482097961,0,0,56,0,128,32,1,1,2176,8192,1
"KERNEL_DISPATCH","Agent 2",1,0,220354,6161,28,"gated_norm_mq_rotate_awq_i4_gfx12",6161,9378464614661,9378465600034,1024,0,40,0,128,64,1,1,1536,8192,1
"KERNEL_DISPATCH","Agent 2",1,0,220354,6156,22,"gdn_chunk_scan",6156,9378464259617,9378464356938,60928,0,192,0,128,512,1,1,512,48,1
"KERNEL_DISPATCH","Agent 2",1,0,220354,6151,21,"gdn_chunk_kkt_solve",6151,9378463978213,9378464001173,11776,0,104,0,128,128,1,1,1024,16,1
"KERNEL_DISPATCH","Agent 2",1,0,220354,6146,22,"gdn_chunk_scan",6146,9378463618089,9378463717330,60928,0,192,0,128,512,1,1,512,48,1
"KERNEL_DISPATCH","Agent 2",1,0,220354,6119,24,"gemm_mq4g256v2_residual_mmq_iu4_full_set_symfold",6119,9378435567695,9378441384168,0,0,184,0,128,256,1,1,34816,64,1
"KERNEL_DISPATCH","Agent 2",1,0,220354,6141,21,"gdn_chunk_kkt_solve",6141,9378463335125,9378463357885,11776,0,104,0,128,128,1,1,1024,16,1
"KERNEL_DISPATCH","Agent 2",1,0,220354,6114,21,"gdn_chunk_kkt_solve",6114,9378431787128,9378431809808,11776,0,104,0,128,128,1,1,1024,16,1
"KERNEL_DISPATCH","Agent 2",1,0,220354,6109,22,"gdn_chunk_scan",6109,9378431429083,9378431527524,60928,0,192,0,128,512,1,1,512,48,1
"KERNEL_DISPATCH","Agent 2",1,0,220354,6104,21,"gdn_chunk_kkt_solve",6104,9378431147679,9378431170120,11776,0,104,0,128,128,1,1,1024,16,1
"KERNEL_DISPATCH","Agent 2",1,0,220354,6099,22,"gdn_chunk_scan",6099,9378430786875,9378430885756,60928,0,192,0,128,512,1,1,512,48,1
"KERNEL_DISPATCH","Agent 2",1,0,220354,6094,21,"gdn_chunk_kkt_solve",6094,9378430501511,9378430524032,11776,0,104,0,128,128,1,1,1024,16,1
"KERNEL_DISPATCH","Agent 2",1,0,220354,6089,22,"gdn_chunk_scan",6089,9378430140827,9378430240308,60928,0,192,0,128,512,1,1,512,48,1
"KERNEL_DISPATCH","Agent 2",1,0,220354,6084,21,"gdn_chunk_kkt_solve",6084,9378429851343,9378429874303,11776,0,104,0,128,128,1,1,1024,16,1
"KERNEL_DISPATCH","Agent 2",1,0,220354,6079,24,"gemm_mq4g256v2_residual_mmq_iu4_full_set_symfold",6079,9378423235900,9378426710464,0,0,184,0,128,256,1,1,20480,64,1
"KERNEL_DISPATCH","Agent 2",1,0,220354,6074,24,"gemm_mq4g256v2_residual_mmq_iu4_full_set_symfold",6074,9378402850883,9378408715117,0,0,184,0,128,256,1,1,34816,64,1
"KERNEL_DISPATCH","Agent 2",1,0,220354,6069,21,"gdn_chunk_kkt_solve",6069,9378399065995,9378399089036,11776,0,104,0,128,128,1,1,1024,16,1
"KERNEL_DISPATCH","Agent 2",1,0,220354,6064,22,"gdn_chunk_scan",6064,9378398707551,9378398806272,60928,0,192,0,128,512,1,1,512,48,1
"KERNEL_DISPATCH","Agent 2",1,0,220354,6059,21,"gdn_chunk_kkt_solve",6059,9378398425467,9378398447907,11776,0,104,0,128,128,1,1,1024,16,1
"KERNEL_DISPATCH","Agent 2",1,0,220354,6054,22,"gdn_chunk_scan",6054,9378398061423,9378398160384,60928,0,192,0,128,512,1,1,512,48,1
"KERNEL_DISPATCH","Agent 2",1,0,220354,6049,21,"gdn_chunk_kkt_solve",6049,9378397777659,9378397800179,11776,0,104,0,128,128,1,1,1024,16,1
"KERNEL_DISPATCH","Agent 2",1,0,220354,6044,22,"gdn_chunk_scan",6044,9378397417054,9378397515816,60928,0,192,0,128,512,1,1,512,48,1
"KERNEL_DISPATCH","Agent 2",1,0,220354,6039,21,"gdn_chunk_kkt_solve",6039,9378397129211,9378397152091,11776,0,104,0,128,128,1,1,1024,16,1
"KERNEL_DISPATCH","Agent 2",1,0,220354,6034,24,"gemm_mq4g256v2_residual_mmq_iu4_full_set_symfold",6034,9378390468407,9378393959891,0,0,184,0,128,256,1,1,20480,64,1
"KERNEL_DISPATCH","Agent 2",1,0,220354,6029,24,"gemm_mq4g256v2_residual_mmq_iu4_full_set_symfold",6029,9378370604157,9378376179907,0,0,184,0,128,256,1,1,34816,64,1
"KERNEL_DISPATCH","Agent 2",1,0,220354,6024,35,"kv_cache_write_fp8_e4m3_batched",6024,9378354804318,9378354892679,0,0,56,0,128,32,1,1,128,8192,1
"KERNEL_DISPATCH","Agent 2",1,0,220354,6019,24,"gemm_mq4g256v2_residual_mmq_iu4_full_set_symfold",6019,9378352355087,9378352708291,0,0,184,0,128,256,1,1,2048,64,1
"KERNEL_DISPATCH","Agent 2",1,0,220354,6014,29,"fused_silu_mul_mq_rotate_awq_i4_gfx12",6014,9378339180761,9378341291027,0,0,56,0,128,32,1,1,2176,8192,1
"KERNEL_DISPATCH","Agent 2",1,0,220354,6009,28,"gated_norm_mq_rotate_awq_i4_gfx12",6009,9378323688206,9378324685298,1024,0,40,0,128,64,1,1,1536,8192,1
"KERNEL_DISPATCH","Agent 2",1,0,220354,6004,22,"gdn_chunk_scan",6004,9378323330401,9378323428962,60928,0,192,0,128,512,1,1,512,48,1
"KERNEL_DISPATCH","Agent 2",1,0,220354,6238,21,"gdn_chunk_kkt_solve",6238,9378571016042,9378571038802,11776,0,104,0,128,128,1,1,1024,16,1
"KERNEL_DISPATCH","Agent 2",1,0,220354,5999,21,"gdn_chunk_kkt_solve",5999,9378323049118,9378323072158,11776,0,104,0,128,128,1,1,1024,16,1
"KERNEL_DISPATCH","Agent 2",1,0,220354,6233,24,"gemm_mq4g256v2_residual_mmq_iu4_full_set_symfold",6233,9378569850987,9378569912988,0,0,184,0,128,256,1,1,256,64,1
"KERNEL_DISPATCH","Agent 2",1,0,220354,5994,22,"gdn_chunk_scan",5994,9378322690193,9378322788874,60928,0,192,0,128,512,1,1,512,48,1
"KERNEL_DISPATCH","Agent 2",1,0,220354,6228,29,"fused_silu_mul_mq_rotate_awq_i4_gfx12",6228,9378555526407,9378557634353,0,0,56,0,128,32,1,1,2176,8192,1
"KERNEL_DISPATCH","Agent 2",1,0,220354,5989,21,"gdn_chunk_kkt_solve",5989,9378322407669,9378322430150,11776,0,104,0,128,128,1,1,1024,16,1
"KERNEL_DISPATCH","Agent 2",1,0,220354,6223,28,"gated_norm_mq_rotate_awq_i4_gfx12",6223,9378540043771,9378541039144,1024,0,40,0,128,64,1,1,1536,8192,1
"KERNEL_DISPATCH","Agent 2",1,0,220354,5984,22,"gdn_chunk_scan",5984,9378322049105,9378322148466,60928,0,192,0,128,512,1,1,512,48,1
"KERNEL_DISPATCH","Agent 2",1,0,220354,6218,22,"gdn_chunk_scan",6218,9378539685687,9378539783928,60928,0,192,0,128,512,1,1,512,48,1
"KERNEL_DISPATCH","Agent 2",1,0,220354,5979,21,"gdn_chunk_kkt_solve",5979,9378321763741,9378321786542,11776,0,104,0,128,128,1,1,1024,16,1
"KERNEL_DISPATCH","Agent 2",1,0,220354,6213,21,"gdn_chunk_kkt_solve",6213,9378539404763,9378539427404,11776,0,104,0,128,128,1,1,1024,16,1
"KERNEL_DISPATCH","Agent 2",1,0,220354,5974,24,"gemm_mq4g256v2_residual_mmq_iu4_full_set_symfold",5974,9378320599567,9378320660927,0,0,184,0,128,256,1,1,256,64,1
"KERNEL_DISPATCH","Agent 2",1,0,220354,6208,22,"gdn_chunk_scan",6208,9378539047319,9378539146000,60928,0,192,0,128,512,1,1,512,48,1
"KERNEL_DISPATCH","Agent 2",1,0,220354,5969,29,"fused_silu_mul_mq_rotate_awq_i4_gfx12",5969,9378306334467,9378308440013,0,0,56,0,128,32,1,1,2176,8192,1
"KERNEL_DISPATCH","Agent 2",1,0,220354,6203,21,"gdn_chunk_kkt_solve",6203,9378538765155,9378538787756,11776,0,104,0,128,128,1,1,1024,16,1
"KERNEL_DISPATCH","Agent 2",1,0,220354,5964,28,"gated_norm_mq_rotate_awq_i4_gfx12",5964,9378290868192,9378291861125,1024,0,40,0,128,64,1,1,1536,8192,1
"KERNEL_DISPATCH","Agent 2",1,0,220354,6198,22,"gdn_chunk_scan",6198,9378538406311,9378538504712,60928,0,192,0,128,512,1,1,512,48,1
"KERNEL_DISPATCH","Agent 2",1,0,220354,5959,22,"gdn_chunk_scan",5959,9378290509188,9378290607269,60928,0,192,0,128,512,1,1,512,48,1
"KERNEL_DISPATCH","Agent 2",1,0,220354,6193,21,"gdn_chunk_kkt_solve",6193,9378538119507,9378538142108,11776,0,104,0,128,128,1,1,1024,16,1
"KERNEL_DISPATCH","Agent 2",1,0,220354,5954,21,"gdn_chunk_kkt_solve",5954,9378290227184,9378290249904,11776,0,104,0,128,128,1,1,1024,16,1
"KERNEL_DISPATCH","Agent 2",1,0,220354,5949,22,"gdn_chunk_scan",5949,9378289866219,9378289965941,60928,0,192,0,128,512,1,1,512,48,1
"KERNEL_DISPATCH","Agent 2",1,0,220354,6136,22,"gdn_chunk_scan",6136,9378462974680,9378463073922,60928,0,192,0,128,512,1,1,512,48,1
"KERNEL_DISPATCH","Agent 2",1,0,220354,5944,21,"gdn_chunk_kkt_solve",5944,9378289582136,9378289604976,11776,0,104,0,128,128,1,1,1024,16,1
"KERNEL_DISPATCH","Agent 2",1,0,220354,6131,21,"gdn_chunk_kkt_solve",6131,9378462691517,9378462714357,11776,0,104,0,128,128,1,1,1024,16,1
"KERNEL_DISPATCH","Agent 2",1,0,220354,5939,22,"gdn_chunk_scan",5939,9378289220611,9378289320013,60928,0,192,0,128,512,1,1,512,48,1
"KERNEL_DISPATCH","Agent 2",1,0,220354,6126,24,"gemm_mq4g256v2_residual_mmq_iu4_full_set_symfold",6126,9378461529782,9378461591583,0,0,184,0,128,256,1,1,256,64,1
"KERNEL_DISPATCH","Agent 2",1,0,220354,5934,21,"gdn_chunk_kkt_solve",5934,9378288935328,9378288958328,11776,0,104,0,128,128,1,1,1024,16,1
"KERNEL_DISPATCH","Agent 2",1,0,220354,6121,29,"fused_silu_mul_mq_rotate_awq_i4_gfx12",6121,9378447305923,9378449413230,0,0,56,0,128,32,1,1,2176,8192,1
"KERNEL_DISPATCH","Agent 2",1,0,220354,5929,24,"gemm_mq4g256v2_residual_mmq_iu4_full_set_symfold",5929,9378287767273,9378287829914,0,0,184,0,128,256,1,1,256,64,1
"KERNEL_DISPATCH","Agent 2",1,0,220354,6116,28,"gated_norm_mq_rotate_awq_i4_gfx12",6116,9378431915209,9378432902982,1024,0,40,0,128,64,1,1,1536,8192,1
"KERNEL_DISPATCH","Agent 2",1,0,220354,5924,29,"fused_silu_mul_mq_rotate_awq_i4_gfx12",5924,9378273551774,9378275663081,0,0,56,0,128,32,1,1,2176,8192,1
"KERNEL_DISPATCH","Agent 2",1,0,220354,6111,22,"gdn_chunk_scan",6111,9378431557045,9378431655566,60928,0,192,0,128,512,1,1,512,48,1
"KERNEL_DISPATCH","Agent 2",1,0,220354,5919,28,"gated_norm_mq_rotate_awq_i4_gfx12",5919,9378258056619,9378259052471,1024,0,40,0,128,64,1,1,1536,8192,1
"KERNEL_DISPATCH","Agent 2",1,0,220354,6106,21,"gdn_chunk_kkt_solve",6106,9378431275241,9378431298041,11776,0,104,0,128,128,1,1,1024,16,1
"KERNEL_DISPATCH","Agent 2",1,0,220354,5914,22,"gdn_chunk_scan",5914,9378257696854,9378257795735,60928,0,192,0,128,512,1,1,512,48,1
"KERNEL_DISPATCH","Agent 2",1,0,220354,6101,22,"gdn_chunk_scan",6101,9378430915317,9378431015118,60928,0,192,0,128,512,1,1,512,48,1
"KERNEL_DISPATCH","Agent 2",1,0,220354,5909,21,"gdn_chunk_kkt_solve",5909,9378257414131,9378257436971,11776,0,104,0,128,128,1,1,1024,16,1
"KERNEL_DISPATCH","Agent 2",1,0,220354,6096,21,"gdn_chunk_kkt_solve",6096,9378430630833,9378430653833,11776,0,104,0,128,128,1,1,1024,16,1
"KERNEL_DISPATCH","Agent 2",1,0,220354,5904,22,"gdn_chunk_scan",5904,9378257056406,9378257155367,60928,0,192,0,128,512,1,1,512,48,1
"KERNEL_DISPATCH","Agent 2",1,0,220354,6091,22,"gdn_chunk_scan",6091,9378430270068,9378430368910,60928,0,192,0,128,512,1,1,512,48,1
"KERNEL_DISPATCH","Agent 2",1,0,220354,5899,21,"gdn_chunk_kkt_solve",5899,9378256773603,9378256796283,11776,0,104,0,128,128,1,1,1024,16,1
"KERNEL_DISPATCH","Agent 2",1,0,220354,6086,21,"gdn_chunk_kkt_solve",6086,9378429984785,9378430007665,11776,0,104,0,128,128,1,1,1024,16,1
"KERNEL_DISPATCH","Agent 2",1,0,220354,5894,22,"gdn_chunk_scan",5894,9378256415918,9378256514399,60928,0,192,0,128,512,1,1,512,48,1
"KERNEL_DISPATCH","Agent 2",1,0,220354,6081,24,"gemm_mq4g256v2_residual_mmq_iu4_full_set_symfold",6081,9378428821410,9378428882291,0,0,184,0,128,256,1,1,256,64,1
"KERNEL_DISPATCH","Agent 2",1,0,220354,5889,21,"gdn_chunk_kkt_solve",5889,9378256133874,9378256156435,11776,0,104,0,128,128,1,1,1024,16,1
"KERNEL_DISPATCH","Agent 2",1,0,220354,6076,29,"fused_silu_mul_mq_rotate_awq_i4_gfx12",6076,9378414587591,9378416696137,0,0,56,0,128,32,1,1,2176,8192,1
"KERNEL_DISPATCH","Agent 2",1,0,220354,5884,24,"gemm_mq4g256v2_residual_mmq_iu4_full_set_symfold",5884,9378254972140,9378255032821,0,0,184,0,128,256,1,1,256,64,1
"KERNEL_DISPATCH","Agent 2",1,0,220354,6071,28,"gated_norm_mq_rotate_awq_i4_gfx12",6071,9378399193757,9378400182329,1024,0,40,0,128,64,1,1,1536,8192,1
"KERNEL_DISPATCH","Agent 2",1,0,220354,5879,29,"fused_silu_mul_mq_rotate_awq_i4_gfx12",5879,9378240870562,9378242977909,0,0,56,0,128,32,1,1,2176,8192,1
"KERNEL_DISPATCH","Agent 2",1,0,220354,6066,22,"gdn_chunk_scan",6066,9378398835512,9378398933874,60928,0,192,0,128,512,1,1,512,48,1
"KERNEL_DISPATCH","Agent 2",1,0,220354,5874,46,"sigmoid_mul_rotate_x_mq_awq_i4_gfx12",5874,9378226348419,9378227079268,0,0,88,0,128,32,1,1,6291456,1,1
"KERNEL_DISPATCH","Agent 2",1,0,220354,6061,21,"gdn_chunk_kkt_solve",6061,9378398552989,9378398575789,11776,0,104,0,128,128,1,1,1024,16,1
"KERNEL_DISPATCH","Agent 2",1,0,220354,5869,32,"rmsnorm_f32",5869,9378213099532,9378213327335,0,0,16,0,128,256,1,1,8388608,1,1
"KERNEL_DISPATCH","Agent 2",1,0,220354,6056,22,"gdn_chunk_scan",6056,9378398196264,9378398293786,60928,0,192,0,128,512,1,1,512,48,1
"KERNEL_DISPATCH","Agent 2",1,0,220354,5864,23,"fused_rmsnorm_mq_rotate_awq_i4_gfx12",5864,9378206312367,9378206783453,0,0,96,0,128,256,1,1,2097152,1,1
"KERNEL_DISPATCH","Agent 2",1,0,220354,6051,21,"gdn_chunk_kkt_solve",6051,9378397906421,9378397929381,11776,0,104,0,128,128,1,1,1024,16,1
"KERNEL_DISPATCH","Agent 2",1,0,220354,5859,23,"fused_rmsnorm_mq_rotate_awq_i4_gfx12",5859,9378185801948,9378186275434,0,0,96,0,128,256,1,1,2097152,1,1
"KERNEL_DISPATCH","Agent 2",1,0,220354,6046,22,"gdn_chunk_scan",6046,9378397545536,9378397644897,60928,0,192,0,128,512,1,1,512,48,1
"KERNEL_DISPATCH","Agent 2",1,0,220354,5854,22,"gdn_chunk_scan",5854,9378182329545,9378182428346,60928,0,192,0,128,512,1,1,512,48,1
"KERNEL_DISPATCH","Agent 2",1,0,220354,6041,21,"gdn_chunk_kkt_solve",6041,9378397262253,9378397285173,11776,0,104,0,128,128,1,1,1024,16,1
"KERNEL_DISPATCH","Agent 2",1,0,220354,5849,21,"gdn_chunk_kkt_solve",5849,9378182048421,9378182071061,11776,0,104,0,128,128,1,1,1024,16,1
"KERNEL_DISPATCH","Agent 2",1,0,220354,6036,24,"gemm_mq4g256v2_residual_mmq_iu4_full_set_symfold",6036,9378396088598,9378396149879,0,0,184,0,128,256,1,1,256,64,1
"KERNEL_DISPATCH","Agent 2",1,0,220354,5844,22,"gdn_chunk_scan",5844,9378181688297,9378181787778,60928,0,192,0,128,512,1,1,512,48,1
"KERNEL_DISPATCH","Agent 2",1,0,220354,6031,29,"fused_silu_mul_mq_rotate_awq_i4_gfx12",6031,9378381892619,9378384009966,0,0,56,0,128,32,1,1,2176,8192,1
"KERNEL_DISPATCH","Agent 2",1,0,220354,5839,21,"gdn_chunk_kkt_solve",5839,9378181403613,9378181426573,11776,0,104,0,128,128,1,1,1024,16,1
"KERNEL_DISPATCH","Agent 2",1,0,220354,6026,46,"sigmoid_mul_rotate_x_mq_awq_i4_gfx12",6026,9378367379636,9378368111485,0,0,88,0,128,32,1,1,6291456,1,1
"KERNEL_DISPATCH","Agent 2",1,0,220354,5834,22,"gdn_chunk_scan",5834,9378181043448,9378181142730,60928,0,192,0,128,512,1,1,512,48,1
"KERNEL_DISPATCH","Agent 2",1,0,220354,6021,32,"rmsnorm_f32",6021,9378354134789,9378354360872,0,0,16,0,128,256,1,1,8388608,1,1
"KERNEL_DISPATCH","Agent 2",1,0,220354,5829,21,"gdn_chunk_kkt_solve",5829,9378180756605,9378180779445,11776,0,104,0,128,128,1,1,1024,16,1
"KERNEL_DISPATCH","Agent 2",1,0,220354,6016,23,"fused_rmsnorm_mq_rotate_awq_i4_gfx12",6016,9378347346944,9378347817990,0,0,96,0,128,256,1,1,2097152,1,1
"KERNEL_DISPATCH","Agent 2",1,0,220354,5824,20,"gdn_chunk_prep",5824,9378179588110,9378180489761,0,0,72,0,128,256,1,1,32768,10,1
"KERNEL_DISPATCH","Agent 2",1,0,220354,6011,23,"fused_rmsnorm_mq_rotate_awq_i4_gfx12",6011,9378326924326,9378327395772,0,0,96,0,128,256,1,1,2097152,1,1
"KERNEL_DISPATCH","Agent 2",1,0,220354,5819,23,"fused_rmsnorm_mq_rotate_awq_i4_gfx12",5819,9378173369272,9378173840918,0,0,96,0,128,256,1,1,2097152,1,1
"KERNEL_DISPATCH","Agent 2",1,0,220354,6006,22,"gdn_chunk_scan",6006,9378323458283,9378323556524,60928,0,192,0,128,512,1,1,512,48,1
"KERNEL_DISPATCH","Agent 2",1,0,220354,5814,23,"fused_rmsnorm_mq_rotate_awq_i4_gfx12",5814,9378152922054,9378153386700,0,0,96,0,128,256,1,1,2097152,1,1
"KERNEL_DISPATCH","Agent 2",1,0,220354,6188,24,"gemm_mq4g256v2_residual_mmq_iu4_full_set_symfold",6188,9378536957093,9378537017853,0,0,184,0,128,256,1,1,256,64,1
"KERNEL_DISPATCH","Agent 2",1,0,220354,6001,21,"gdn_chunk_kkt_solve",6001,9378323177239,9378323199599,11776,0,104,0,128,128,1,1,1024,16,1
"KERNEL_DISPATCH","Agent 2",1,0,220354,5809,22,"gdn_chunk_scan",5809,9378149507651,9378149605092,60928,0,192,0,128,512,1,1,512,48,1
"KERNEL_DISPATCH","Agent 2",1,0,220354,6183,29,"fused_silu_mul_mq_rotate_awq_i4_gfx12",6183,9378522795754,9378524909901,0,0,56,0,128,32,1,1,2176,8192,1
"KERNEL_DISPATCH","Agent 2",1,0,220354,5996,22,"gdn_chunk_scan",5996,9378322818555,9378322917196,60928,0,192,0,128,512,1,1,512,48,1
"KERNEL_DISPATCH","Agent 2",1,0,220354,5804,21,"gdn_chunk_kkt_solve",5804,9378149227368,9378149250168,11776,0,104,0,128,128,1,1,1024,16,1
"KERNEL_DISPATCH","Agent 2",1,0,220354,6178,46,"sigmoid_mul_rotate_x_mq_awq_i4_gfx12",6178,9378508179490,9378508911019,0,0,88,0,128,32,1,1,6291456,1,1
"KERNEL_DISPATCH","Agent 2",1,0,220354,5799,22,"gdn_chunk_scan",5799,9378148869763,9378148968804,60928,0,192,0,128,512,1,1,512,48,1
"KERNEL_DISPATCH","Agent 2",1,0,220354,6173,32,"rmsnorm_f32",6173,9378494954483,9378495182246,0,0,16,0,128,256,1,1,8388608,1,1
"KERNEL_DISPATCH","Agent 2",1,0,220354,5991,21,"gdn_chunk_kkt_solve",5991,9378322535911,9378322558871,11776,0,104,0,128,128,1,1,1024,16,1
"KERNEL_DISPATCH","Agent 2",1,0,220354,5794,21,"gdn_chunk_kkt_solve",5794,9378148586639,9378148609360,11776,0,104,0,128,128,1,1,1024,16,1
"KERNEL_DISPATCH","Agent 2",1,0,220354,5986,22,"gdn_chunk_scan",5986,9378322177747,9378322276428,60928,0,192,0,128,512,1,1,512,48,1
"KERNEL_DISPATCH","Agent 2",1,0,220354,5789,22,"gdn_chunk_scan",5789,9378148227355,9378148325836,60928,0,192,0,128,512,1,1,512,48,1
"KERNEL_DISPATCH","Agent 2",1,0,220354,5981,21,"gdn_chunk_kkt_solve",5981,9378321892983,9378321915863,11776,0,104,0,128,128,1,1,1024,16,1
"KERNEL_DISPATCH","Agent 2",1,0,220354,5779,20,"gdn_chunk_prep",5779,9378146769977,9378147677988,0,0,72,0,128,256,1,1,32768,10,1
"KERNEL_DISPATCH","Agent 2",1,0,220354,5976,20,"gdn_chunk_prep",5976,9378320726648,9378321626300,0,0,72,0,128,256,1,1,32768,10,1
"KERNEL_DISPATCH","Agent 2",1,0,220354,5774,23,"fused_rmsnorm_mq_rotate_awq_i4_gfx12",5774,9378140570458,9378141040864,0,0,96,0,128,256,1,1,2097152,1,1
"KERNEL_DISPATCH","Agent 2",1,0,220354,5971,23,"fused_rmsnorm_mq_rotate_awq_i4_gfx12",5971,9378314542450,9378315013336,0,0,96,0,128,256,1,1,2097152,1,1
"KERNEL_DISPATCH","Agent 2",1,0,220354,5769,23,"fused_rmsnorm_mq_rotate_awq_i4_gfx12",5769,9378120176402,9378120635567,0,0,96,0,128,256,1,1,2097152,1,1
"KERNEL_DISPATCH","Agent 2",1,0,220354,5966,23,"fused_rmsnorm_mq_rotate_awq_i4_gfx12",5966,9378294065112,9378294529958,0,0,96,0,128,256,1,1,2097152,1,1
"KERNEL_DISPATCH","Agent 2",1,0,220354,5764,22,"gdn_chunk_scan",5764,9378116789279,9378116887000,60928,0,192,0,128,512,1,1,512,48,1
"KERNEL_DISPATCH","Agent 2",1,0,220354,5961,22,"gdn_chunk_scan",5961,9378290636869,9378290736030,60928,0,192,0,128,512,1,1,512,48,1
"KERNEL_DISPATCH","Agent 2",1,0,220354,5759,21,"gdn_chunk_kkt_solve",5759,9378116509795,9378116532116,11776,0,104,0,128,128,1,1,1024,16,1
"KERNEL_DISPATCH","Agent 2",1,0,220354,5956,21,"gdn_chunk_kkt_solve",5956,9378290355266,9378290377746,11776,0,104,0,128,128,1,1,1024,16,1
"KERNEL_DISPATCH","Agent 2",1,0,220354,5754,22,"gdn_chunk_scan",5754,9378116155951,9378116253272,60928,0,192,0,128,512,1,1,512,48,1
"KERNEL_DISPATCH","Agent 2",1,0,220354,5951,22,"gdn_chunk_scan",5951,9378289995701,9378290095222,60928,0,192,0,128,512,1,1,512,48,1
"KERNEL_DISPATCH","Agent 2",1,0,220354,5749,21,"gdn_chunk_kkt_solve",5749,9378115873427,9378115896468,11776,0,104,0,128,128,1,1,1024,16,1
"KERNEL_DISPATCH","Agent 2",1,0,220354,5946,21,"gdn_chunk_kkt_solve",5946,9378289710977,9378289733938,11776,0,104,0,128,128,1,1,1024,16,1
"KERNEL_DISPATCH","Agent 2",1,0,220354,5744,22,"gdn_chunk_scan",5744,9378115513663,9378115612424,60928,0,192,0,128,512,1,1,512,48,1
"KERNEL_DISPATCH","Agent 2",1,0,220354,5941,22,"gdn_chunk_scan",5941,9378289349933,9378289449254,60928,0,192,0,128,512,1,1,512,48,1
"KERNEL_DISPATCH","Agent 2",1,0,220354,5739,21,"gdn_chunk_kkt_solve",5739,9378115230499,9378115253539,11776,0,104,0,128,128,1,1,1024,16,1
"KERNEL_DISPATCH","Agent 2",1,0,220354,5936,21,"gdn_chunk_kkt_solve",5936,9378289065089,9378289088050,11776,0,104,0,128,128,1,1,1024,16,1
"KERNEL_DISPATCH","Agent 2",1,0,220354,5931,20,"gdn_chunk_prep",5931,9378287896475,9378288798006,0,0,72,0,128,256,1,1,32768,10,1
"KERNEL_DISPATCH","Agent 2",1,0,220354,5734,20,"gdn_chunk_prep",5734,9378114067085,9378114967536,0,0,72,0,128,256,1,1,32768,10,1
"KERNEL_DISPATCH","Agent 2",1,0,220354,5926,23,"fused_rmsnorm_mq_rotate_awq_i4_gfx12",5926,9378281688396,9378282158562,0,0,96,0,128,256,1,1,2097152,1,1
"KERNEL_DISPATCH","Agent 2",1,0,220354,5729,23,"fused_rmsnorm_mq_rotate_awq_i4_gfx12",5729,9378107899767,9378108367093,0,0,96,0,128,256,1,1,2097152,1,1
"KERNEL_DISPATCH","Agent 2",1,0,220354,5921,23,"fused_rmsnorm_mq_rotate_awq_i4_gfx12",5921,9378261297460,9378261766825,0,0,96,0,128,256,1,1,2097152,1,1
"KERNEL_DISPATCH","Agent 2",1,0,220354,5724,23,"fused_rmsnorm_mq_rotate_awq_i4_gfx12",5724,9378088027476,9378088465202,0,0,96,0,128,256,1,1,2097152,1,1
"KERNEL_DISPATCH","Agent 2",1,0,220354,5916,22,"gdn_chunk_scan",5916,9378257825416,9378257924577,60928,0,192,0,128,512,1,1,512,48,1
"KERNEL_DISPATCH","Agent 2",1,0,220354,5719,35,"kv_cache_write_fp8_e4m3_batched",5719,9378072610962,9378072676443,0,0,56,0,128,32,1,1,128,8192,1
"KERNEL_DISPATCH","Agent 2",1,0,220354,5911,21,"gdn_chunk_kkt_solve",5911,9378257542172,9378257565172,11776,0,104,0,128,128,1,1,1024,16,1
"KERNEL_DISPATCH","Agent 2",1,0,220354,5714,24,"gemm_mq4g256v2_residual_mmq_iu4_full_set_symfold",5714,9378069871368,9378070226972,0,0,184,0,128,256,1,1,2048,64,1
"KERNEL_DISPATCH","Agent 2",1,0,220354,5709,24,"gemm_mq4g256v2_residual_mmq_iu4_full_set_symfold",5709,9378051228533,9378057059846,0,0,184,0,128,256,1,1,34816,64,1
"KERNEL_DISPATCH","Agent 2",1,0,220354,5704,22,"gdn_chunk_scan",5704,9378041457210,9378041554651,60928,0,192,0,128,512,1,1,512,48,1
"KERNEL_DISPATCH","Agent 2",1,0,220354,5699,21,"gdn_chunk_kkt_solve",5699,9378041178006,9378041200286,11776,0,104,0,128,128,1,1,1024,16,1
"KERNEL_DISPATCH","Agent 2",1,0,220354,5694,22,"gdn_chunk_scan",5694,9378040820802,9378040919323,60928,0,192,0,128,512,1,1,512,48,1
"KERNEL_DISPATCH","Agent 2",1,0,220354,5689,21,"gdn_chunk_kkt_solve",5689,9378040538558,9378040560718,11776,0,104,0,128,128,1,1,1024,16,1
"KERNEL_DISPATCH","Agent 2",1,0,220354,5684,22,"gdn_chunk_scan",5684,9378040180674,9378040279235,60928,0,192,0,128,512,1,1,512,48,1
"KERNEL_DISPATCH","Agent 2",1,0,220354,5679,21,"gdn_chunk_kkt_solve",5679,9378039897110,9378039919990,11776,0,104,0,128,128,1,1,1024,16,1
"KERNEL_DISPATCH","Agent 2",1,0,220354,5674,22,"gdn_chunk_scan",5674,9378039534585,9378039637187,60928,0,192,0,128,512,1,1,512,48,1
"KERNEL_DISPATCH","Agent 2",1,0,220354,5669,24,"gemm_mq4g256v2_residual_mmq_iu4_full_set_symfold",5669,9378036386586,9378038458932,0,0,184,0,128,256,1,1,12288,64,1
"KERNEL_DISPATCH","Agent 2",1,0,220354,5664,24,"gemm_mq4g256v2_residual_mmq_iu4_full_set_symfold",5664,9378018381519,9378024206552,0,0,184,0,128,256,1,1,34816,64,1
"KERNEL_DISPATCH","Agent 2",1,0,220354,5659,22,"gdn_chunk_scan",5659,9378008843279,9378008941000,60928,0,192,0,128,512,1,1,512,48,1
"KERNEL_DISPATCH","Agent 2",1,0,220354,5654,21,"gdn_chunk_kkt_solve",5654,9378008564475,9378008586676,11776,0,104,0,128,128,1,1,1024,16,1
"KERNEL_DISPATCH","Agent 2",1,0,220354,5649,22,"gdn_chunk_scan",5649,9378008211071,9378008308232,60928,0,192,0,128,512,1,1,512,48,1
"KERNEL_DISPATCH","Agent 2",1,0,220354,5644,21,"gdn_chunk_kkt_solve",5644,9378007931467,9378007953908,11776,0,104,0,128,128,1,1,1024,16,1
"KERNEL_DISPATCH","Agent 2",1,0,220354,5639,22,"gdn_chunk_scan",5639,9378007571863,9378007670984,60928,0,192,0,128,512,1,1,512,48,1
"KERNEL_DISPATCH","Agent 2",1,0,220354,5634,21,"gdn_chunk_kkt_solve",5634,9378007289659,9378007312460,11776,0,104,0,128,128,1,1,1024,16,1
"KERNEL_DISPATCH","Agent 2",1,0,220354,5629,22,"gdn_chunk_scan",5629,9378006929855,9378007030896,60928,0,192,0,128,512,1,1,512,48,1
"KERNEL_DISPATCH","Agent 2",1,0,220354,5624,24,"gemm_mq4g256v2_residual_mmq_iu4_full_set_symfold",5624,9378003768015,9378005854841,0,0,184,0,128,256,1,1,12288,64,1
"KERNEL_DISPATCH","Agent 2",1,0,220354,5619,24,"gemm_mq4g256v2_residual_mmq_iu4_full_set_symfold",5619,9377985563466,9377991406939,0,0,184,0,128,256,1,1,34816,64,1
"KERNEL_DISPATCH","Agent 2",1,0,220354,5614,22,"gdn_chunk_scan",5614,9377975850143,9377975948984,60928,0,192,0,128,512,1,1,512,48,1
"KERNEL_DISPATCH","Agent 2",1,0,220354,5609,21,"gdn_chunk_kkt_solve",5609,9377975568380,9377975590980,11776,0,104,0,128,128,1,1,1024,16,1
"KERNEL_DISPATCH","Agent 2",1,0,220354,5604,22,"gdn_chunk_scan",5604,9377975210855,9377975309536,60928,0,192,0,128,512,1,1,512,48,1
"KERNEL_DISPATCH","Agent 2",1,0,220354,5599,21,"gdn_chunk_kkt_solve",5599,9377974928132,9377974950652,11776,0,104,0,128,128,1,1,1024,16,1
"KERNEL_DISPATCH","Agent 2",1,0,220354,6168,23,"fused_rmsnorm_mq_rotate_awq_i4_gfx12",6168,9378488152278,9378488623844,0,0,96,0,128,256,1,1,2097152,1,1
"KERNEL_DISPATCH","Agent 2",1,0,220354,6163,23,"fused_rmsnorm_mq_rotate_awq_i4_gfx12",6163,9378467806141,9378468273427,0,0,96,0,128,256,1,1,2097152,1,1
"KERNEL_DISPATCH","Agent 2",1,0,220354,5594,22,"gdn_chunk_scan",5594,9377974567727,9377974667288,60928,0,192,0,128,512,1,1,512,48,1
"KERNEL_DISPATCH","Agent 2",1,0,220354,6158,22,"gdn_chunk_scan",6158,9378464386138,9378464484059,60928,0,192,0,128,512,1,1,512,48,1
"KERNEL_DISPATCH","Agent 2",1,0,220354,5589,21,"gdn_chunk_kkt_solve",5589,9377974284163,9377974306684,11776,0,104,0,128,128,1,1,1024,16,1
"KERNEL_DISPATCH","Agent 2",1,0,220354,6153,21,"gdn_chunk_kkt_solve",6153,9378464107095,9378464129495,11776,0,104,0,128,128,1,1,1024,16,1
"KERNEL_DISPATCH","Agent 2",1,0,220354,5584,22,"gdn_chunk_scan",5584,9377973922759,9377974025280,60928,0,192,0,128,512,1,1,512,48,1
"KERNEL_DISPATCH","Agent 2",1,0,220354,6148,22,"gdn_chunk_scan",6148,9378463746970,9378463846251,60928,0,192,0,128,512,1,1,512,48,1
"KERNEL_DISPATCH","Agent 2",1,0,220354,5579,24,"gemm_mq4g256v2_residual_mmq_iu4_full_set_symfold",5579,9377970778159,9377972847705,0,0,184,0,128,256,1,1,12288,64,1
"KERNEL_DISPATCH","Agent 2",1,0,220354,6143,21,"gdn_chunk_kkt_solve",6143,9378463463927,9378463486767,11776,0,104,0,128,128,1,1,1024,16,1
"KERNEL_DISPATCH","Agent 2",1,0,220354,5574,24,"gemm_mq4g256v2_residual_mmq_iu4_full_set_symfold",5574,9377953003335,9377958738328,0,0,184,0,128,256,1,1,34816,64,1
"KERNEL_DISPATCH","Agent 2",1,0,220354,6138,22,"gdn_chunk_scan",6138,9378463103602,9378463202763,60928,0,192,0,128,512,1,1,512,48,1
"KERNEL_DISPATCH","Agent 2",1,0,220354,5569,43,"attention_fp8_e4m3_fa2_gqa_packet_gfx1201",5569,9377931791908,9377944240825,0,0,240,0,128,256,1,1,6144,4,16
"KERNEL_DISPATCH","Agent 2",1,0,220354,6133,21,"gdn_chunk_kkt_solve",6133,9378462819879,9378462842719,11776,0,104,0,128,128,1,1,1024,16,1
"KERNEL_DISPATCH","Agent 2",1,0,220354,5564,30,"deinterleave_q_rmsnorm_f32_batched",5564,9377929616321,9377931018818,0,0,24,0,128,256,1,1,6144,8192,1
"KERNEL_DISPATCH","Agent 2",1,0,220354,6128,20,"gdn_chunk_prep",6128,9378461656944,9378462555515,0,0,72,0,128,256,1,1,32768,10,1
"KERNEL_DISPATCH","Agent 2",1,0,220354,5559,25,"gemm_mq4g256v2_residual_mmq_iu4_full_add_symfold",5559,9377918191977,9377924222253,0,0,184,0,128,256,1,1,10240,64,1
"KERNEL_DISPATCH","Agent 2",1,0,220354,6123,23,"fused_rmsnorm_mq_rotate_awq_i4_gfx12",6123,9378455490266,9378455959952,0,0,96,0,128,256,1,1,2097152,1,1
"KERNEL_DISPATCH","Agent 2",1,0,220354,5554,25,"gemm_mq4g256v2_residual_mmq_iu4_full_add_symfold",5554,9377901741609,9377903906917,0,0,184,0,128,256,1,1,10240,64,1
"KERNEL_DISPATCH","Agent 2",1,0,220354,6118,23,"fused_rmsnorm_mq_rotate_awq_i4_gfx12",6118,9378435100969,9378435564215,0,0,96,0,128,256,1,1,2097152,1,1
"KERNEL_DISPATCH","Agent 2",1,0,220354,5549,21,"gdn_chunk_kkt_solve",5549,9377900491714,9377900514154,11776,0,104,0,128,128,1,1,1024,16,1
"KERNEL_DISPATCH","Agent 2",1,0,220354,6113,22,"gdn_chunk_scan",6113,9378431685046,9378431783647,60928,0,192,0,128,512,1,1,512,48,1
"KERNEL_DISPATCH","Agent 2",1,0,220354,6108,21,"gdn_chunk_kkt_solve",6108,9378431403203,9378431425683,11776,0,104,0,128,128,1,1,1024,16,1
"KERNEL_DISPATCH","Agent 2",1,0,220354,5544,22,"gdn_chunk_scan",5544,9377900138029,9377900235270,60928,0,192,0,128,512,1,1,512,48,1
"KERNEL_DISPATCH","Agent 2",1,0,220354,6103,22,"gdn_chunk_scan",6103,9378431044878,9378431144079,60928,0,192,0,128,512,1,1,512,48,1
"KERNEL_DISPATCH","Agent 2",1,0,220354,6098,21,"gdn_chunk_kkt_solve",6098,9378430760835,9378430783475,11776,0,104,0,128,128,1,1,1024,16,1
"KERNEL_DISPATCH","Agent 2",1,0,220354,6093,22,"gdn_chunk_scan",6093,9378430398390,9378430498071,60928,0,192,0,128,512,1,1,512,48,1
"KERNEL_DISPATCH","Agent 2",1,0,220354,6088,21,"gdn_chunk_kkt_solve",6088,9378430114506,9378430137187,11776,0,104,0,128,128,1,1,1024,16,1
"KERNEL_DISPATCH","Agent 2",1,0,220354,6083,20,"gdn_chunk_prep",6083,9378428948932,9378429847343,0,0,72,0,128,256,1,1,32768,10,1
"KERNEL_DISPATCH","Agent 2",1,0,220354,6078,23,"fused_rmsnorm_mq_rotate_awq_i4_gfx12",6078,9378422761174,9378423232220,0,0,96,0,128,256,1,1,2097152,1,1
"KERNEL_DISPATCH","Agent 2",1,0,220354,6073,23,"fused_rmsnorm_mq_rotate_awq_i4_gfx12",6073,9378402380877,9378402847443,0,0,96,0,128,256,1,1,2097152,1,1
"KERNEL_DISPATCH","Agent 2",1,0,220354,6068,22,"gdn_chunk_scan",6068,9378398963474,9378399062595,60928,0,192,0,128,512,1,1,512,48,1
"KERNEL_DISPATCH","Agent 2",1,0,220354,6063,21,"gdn_chunk_kkt_solve",6063,9378398681310,9378398703991,11776,0,104,0,128,128,1,1,1024,16,1
"KERNEL_DISPATCH","Agent 2",1,0,220354,6058,22,"gdn_chunk_scan",6058,9378398323306,9378398422067,60928,0,192,0,128,512,1,1,512,48,1
"KERNEL_DISPATCH","Agent 2",1,0,220354,6053,21,"gdn_chunk_kkt_solve",6053,9378398035182,9378398058023,11776,0,104,0,128,128,1,1,1024,16,1
"KERNEL_DISPATCH","Agent 2",1,0,220354,6048,22,"gdn_chunk_scan",6048,9378397674778,9378397774219,60928,0,192,0,128,512,1,1,512,48,1
"KERNEL_DISPATCH","Agent 2",1,0,220354,6043,21,"gdn_chunk_kkt_solve",6043,9378397390814,9378397413614,11776,0,104,0,128,128,1,1,1024,16,1
"KERNEL_DISPATCH","Agent 2",1,0,220354,6038,20,"gdn_chunk_prep",6038,9378396216239,9378397125211,0,0,72,0,128,256,1,1,32768,10,1
"KERNEL_DISPATCH","Agent 2",1,0,220354,6033,23,"fused_rmsnorm_mq_rotate_awq_i4_gfx12",6033,9378389996881,9378390464847,0,0,96,0,128,256,1,1,2097152,1,1
"KERNEL_DISPATCH","Agent 2",1,0,220354,6028,23,"fused_rmsnorm_mq_rotate_awq_i4_gfx12",6028,9378370162991,9378370600797,0,0,96,0,128,256,1,1,2097152,1,1
"KERNEL_DISPATCH","Agent 2",1,0,220354,6023,35,"kv_cache_write_fp8_e4m3_batched",6023,9378354734997,9378354800718,0,0,56,0,128,32,1,1,128,8192,1
"KERNEL_DISPATCH","Agent 2",1,0,220354,6018,24,"gemm_mq4g256v2_residual_mmq_iu4_full_set_symfold",6018,9378351998242,9378352351687,0,0,184,0,128,256,1,1,2048,64,1
"KERNEL_DISPATCH","Agent 2",1,0,220354,6013,24,"gemm_mq4g256v2_residual_mmq_iu4_full_set_symfold",6013,9378333335287,9378339168481,0,0,184,0,128,256,1,1,34816,64,1
"KERNEL_DISPATCH","Agent 2",1,0,220354,6008,22,"gdn_chunk_scan",6008,9378323586124,9378323684646,60928,0,192,0,128,512,1,1,512,48,1
"KERNEL_DISPATCH","Agent 2",1,0,220354,6003,21,"gdn_chunk_kkt_solve",6003,9378323304761,9378323326961,11776,0,104,0,128,128,1,1,1024,16,1
"KERNEL_DISPATCH","Agent 2",1,0,220354,5998,22,"gdn_chunk_scan",5998,9378322946796,9378323045717,60928,0,192,0,128,512,1,1,512,48,1
"KERNEL_DISPATCH","Agent 2",1,0,220354,5993,21,"gdn_chunk_kkt_solve",5993,9378322664433,9378322686753,11776,0,104,0,128,128,1,1,1024,16,1
"KERNEL_DISPATCH","Agent 2",1,0,220354,5988,22,"gdn_chunk_scan",5988,9378322305748,9378322404269,60928,0,192,0,128,512,1,1,512,48,1
"KERNEL_DISPATCH","Agent 2",1,0,220354,5983,21,"gdn_chunk_kkt_solve",5983,9378322022705,9378322045625,11776,0,104,0,128,128,1,1,1024,16,1
"KERNEL_DISPATCH","Agent 2",1,0,220354,5978,22,"gdn_chunk_scan",5978,9378321657020,9378321760341,60928,0,192,0,128,512,1,1,512,48,1
"KERNEL_DISPATCH","Agent 2",1,0,220354,5973,24,"gemm_mq4g256v2_residual_mmq_iu4_full_set_symfold",5973,9378318510100,9378320587327,0,0,184,0,128,256,1,1,12288,64,1
"KERNEL_DISPATCH","Agent 2",1,0,220354,5968,24,"gemm_mq4g256v2_residual_mmq_iu4_full_set_symfold",5968,9378300409632,9378306322267,0,0,184,0,128,256,1,1,34816,64,1
"KERNEL_DISPATCH","Agent 2",1,0,220354,5963,22,"gdn_chunk_scan",5963,9378290765751,9378290864632,60928,0,192,0,128,512,1,1,512,48,1
"KERNEL_DISPATCH","Agent 2",1,0,220354,5958,21,"gdn_chunk_kkt_solve",5958,9378290483347,9378290505748,11776,0,104,0,128,128,1,1,1024,16,1
"KERNEL_DISPATCH","Agent 2",1,0,220354,5953,22,"gdn_chunk_scan",5953,9378290125023,9378290223824,60928,0,192,0,128,512,1,1,512,48,1
"KERNEL_DISPATCH","Agent 2",1,0,220354,5948,21,"gdn_chunk_kkt_solve",5948,9378289839979,9378289862779,11776,0,104,0,128,128,1,1,1024,16,1
"KERNEL_DISPATCH","Agent 2",1,0,220354,5943,22,"gdn_chunk_scan",5943,9378289478935,9378289578656,60928,0,192,0,128,512,1,1,512,48,1
"KERNEL_DISPATCH","Agent 2",1,0,220354,5938,21,"gdn_chunk_kkt_solve",5938,9378289193971,9378289216971,11776,0,104,0,128,128,1,1,1024,16,1
"KERNEL_DISPATCH","Agent 2",1,0,220354,5933,22,"gdn_chunk_scan",5933,9378288828566,9378288931888,60928,0,192,0,128,512,1,1,512,48,1
"KERNEL_DISPATCH","Agent 2",1,0,220354,5928,24,"gemm_mq4g256v2_residual_mmq_iu4_full_set_symfold",5928,9378285652806,9378287754913,0,0,184,0,128,256,1,1,12288,64,1
"KERNEL_DISPATCH","Agent 2",1,0,220354,5923,24,"gemm_mq4g256v2_residual_mmq_iu4_full_set_symfold",5923,9378267674780,9378273539494,0,0,184,0,128,256,1,1,34816,64,1
"KERNEL_DISPATCH","Agent 2",1,0,220354,5918,22,"gdn_chunk_scan",5918,9378257954057,9378258053059,60928,0,192,0,128,512,1,1,512,48,1
"KERNEL_DISPATCH","Agent 2",1,0,220354,5913,21,"gdn_chunk_kkt_solve",5913,9378257671214,9378257693454,11776,0,104,0,128,128,1,1,1024,16,1
"KERNEL_DISPATCH","Agent 2",1,0,220354,5908,22,"gdn_chunk_scan",5908,9378257312369,9378257410691,60928,0,192,0,128,512,1,1,512,48,1
"KERNEL_DISPATCH","Agent 2",1,0,220354,5903,21,"gdn_chunk_kkt_solve",5903,9378257030366,9378257052966,11776,0,104,0,128,128,1,1,1024,16,1
"KERNEL_DISPATCH","Agent 2",1,0,220354,5898,22,"gdn_chunk_scan",5898,9378256671761,9378256770082,60928,0,192,0,128,512,1,1,512,48,1
"KERNEL_DISPATCH","Agent 2",1,0,220354,5893,21,"gdn_chunk_kkt_solve",5893,9378256389678,9378256412438,11776,0,104,0,128,128,1,1,1024,16,1
"KERNEL_DISPATCH","Agent 2",1,0,220354,5888,22,"gdn_chunk_scan",5888,9378256028673,9378256130434,60928,0,192,0,128,512,1,1,512,48,1
"KERNEL_DISPATCH","Agent 2",1,0,220354,5883,24,"gemm_mq4g256v2_residual_mmq_iu4_full_set_symfold",5883,9378252886194,9378254959820,0,0,184,0,128,256,1,1,12288,64,1
"KERNEL_DISPATCH","Agent 2",1,0,220354,5878,24,"gemm_mq4g256v2_residual_mmq_iu4_full_set_symfold",5878,9378235108730,9378240858282,0,0,184,0,128,256,1,1,34816,64,1
"KERNEL_DISPATCH","Agent 2",1,0,220354,5873,43,"attention_fp8_e4m3_fa2_gqa_packet_gfx1201",5873,9378213863902,9378226336219,0,0,240,0,128,256,1,1,6144,4,16
"KERNEL_DISPATCH","Agent 2",1,0,220354,5868,30,"deinterleave_q_rmsnorm_f32_batched",5868,9378211681714,9378213087372,0,0,24,0,128,256,1,1,6144,8192,1
"KERNEL_DISPATCH","Agent 2",1,0,220354,5863,25,"gemm_mq4g256v2_residual_mmq_iu4_full_add_symfold",5863,9378200212490,9378206300167,0,0,184,0,128,256,1,1,10240,64,1
"KERNEL_DISPATCH","Agent 2",1,0,220354,5539,21,"gdn_chunk_kkt_solve",5539,9377899857306,9377899879986,11776,0,104,0,128,128,1,1,1024,16,1
"KERNEL_DISPATCH","Agent 2",1,0,220354,5534,22,"gdn_chunk_scan",5534,9377899499981,9377899598742,60928,0,192,0,128,512,1,1,512,48,1
"KERNEL_DISPATCH","Agent 2",1,0,220354,5529,21,"gdn_chunk_kkt_solve",5529,9377899217538,9377899240058,11776,0,104,0,128,128,1,1,1024,16,1
"KERNEL_DISPATCH","Agent 2",1,0,220354,5524,22,"gdn_chunk_scan",5524,9377898858933,9377898958014,60928,0,192,0,128,512,1,1,512,48,1
"KERNEL_DISPATCH","Agent 2",1,0,220354,5519,24,"gemm_mq4g256v2_residual_mmq_iu4_full_set_symfold",5519,9377897735279,9377897794000,0,0,184,0,128,256,1,1,256,64,1
"KERNEL_DISPATCH","Agent 2",1,0,220354,5514,25,"gemm_mq4g256v2_residual_mmq_iu4_full_add_symfold",5514,9377885569966,9377891606842,0,0,184,0,128,256,1,1,10240,64,1
"KERNEL_DISPATCH","Agent 2",1,0,220354,5509,25,"gemm_mq4g256v2_residual_mmq_iu4_full_add_symfold",5509,9377868959396,9377871149304,0,0,184,0,128,256,1,1,10240,64,1
"KERNEL_DISPATCH","Agent 2",1,0,220354,5504,21,"gdn_chunk_kkt_solve",5504,9377867697621,9377867720021,11776,0,104,0,128,128,1,1,1024,16,1
"KERNEL_DISPATCH","Agent 2",1,0,220354,5499,22,"gdn_chunk_scan",5499,9377867340096,9377867438777,60928,0,192,0,128,512,1,1,512,48,1
"KERNEL_DISPATCH","Agent 2",1,0,220354,5494,21,"gdn_chunk_kkt_solve",5494,9377867058092,9377867080613,11776,0,104,0,128,128,1,1,1024,16,1
"KERNEL_DISPATCH","Agent 2",1,0,220354,5489,22,"gdn_chunk_scan",5489,9377866699048,9377866797409,60928,0,192,0,128,512,1,1,512,48,1
"KERNEL_DISPATCH","Agent 2",1,0,220354,5484,21,"gdn_chunk_kkt_solve",5484,9377866415364,9377866438245,11776,0,104,0,128,128,1,1,1024,16,1
"KERNEL_DISPATCH","Agent 2",1,0,220354,5479,22,"gdn_chunk_scan",5479,9377866056360,9377866154401,60928,0,192,0,128,512,1,1,512,48,1
"KERNEL_DISPATCH","Agent 2",1,0,220354,5474,24,"gemm_mq4g256v2_residual_mmq_iu4_full_set_symfold",5474,9377864931866,9377864990746,0,0,184,0,128,256,1,1,256,64,1
"KERNEL_DISPATCH","Agent 2",1,0,220354,5469,25,"gemm_mq4g256v2_residual_mmq_iu4_full_add_symfold",5469,9377852702472,9377858777748,0,0,184,0,128,256,1,1,10240,64,1
"KERNEL_DISPATCH","Agent 2",1,0,220354,5464,25,"gemm_mq4g256v2_residual_mmq_iu4_full_add_symfold",5464,9377836023301,9377838241489,0,0,184,0,128,256,1,1,10240,64,1
"KERNEL_DISPATCH","Agent 2",1,0,220354,5459,21,"gdn_chunk_kkt_solve",5459,9377834758646,9377834781246,11776,0,104,0,128,128,1,1,1024,16,1
"KERNEL_DISPATCH","Agent 2",1,0,220354,5454,22,"gdn_chunk_scan",5454,9377834400761,9377834499082,60928,0,192,0,128,512,1,1,512,48,1
"KERNEL_DISPATCH","Agent 2",1,0,220354,5449,21,"gdn_chunk_kkt_solve",5449,9377834118757,9377834141278,11776,0,104,0,128,128,1,1,1024,16,1
"KERNEL_DISPATCH","Agent 2",1,0,220354,5444,22,"gdn_chunk_scan",5444,9377833758713,9377833857994,60928,0,192,0,128,512,1,1,512,48,1
"KERNEL_DISPATCH","Agent 2",1,0,220354,5439,21,"gdn_chunk_kkt_solve",5439,9377833473269,9377833496150,11776,0,104,0,128,128,1,1,1024,16,1
"KERNEL_DISPATCH","Agent 2",1,0,220354,5434,22,"gdn_chunk_scan",5434,9377833112345,9377833211346,60928,0,192,0,128,512,1,1,512,48,1
"KERNEL_DISPATCH","Agent 2",1,0,220354,5429,24,"gemm_mq4g256v2_residual_mmq_iu4_full_set_symfold",5429,9377831987731,9377832047171,0,0,184,0,128,256,1,1,256,64,1
"KERNEL_DISPATCH","Agent 2",1,0,220354,5424,25,"gemm_mq4g256v2_residual_mmq_iu4_full_add_symfold",5424,9377819904578,9377825866773,0,0,184,0,128,256,1,1,10240,64,1
"KERNEL_DISPATCH","Agent 2",1,0,220354,5419,25,"gemm_mq4g256v2_residual_mmq_iu4_full_add_symfold",5419,9377804051779,9377806064284,0,0,184,0,128,256,1,1,10240,64,1
"KERNEL_DISPATCH","Agent 2",1,0,220354,5414,33,"rope_partial_halfsplit_batched_f32",5414,9377790338846,9377790705330,0,0,16,0,128,32,1,1,32,8192,1
"KERNEL_DISPATCH","Agent 2",1,0,220354,5409,24,"gemm_mq4g256v2_residual_mmq_iu4_full_set_symfold",5409,9377783740883,9377787963296,0,0,184,0,128,256,1,1,24576,64,1
"KERNEL_DISPATCH","Agent 2",1,0,220354,5404,24,"gemm_mq4g256v2_residual_mmq_iu4_full_set_symfold",5404,9377763356466,9377769326541,0,0,184,0,128,256,1,1,34816,64,1
"KERNEL_DISPATCH","Agent 2",1,0,220354,5399,21,"gdn_chunk_kkt_solve",5399,9377759503857,9377759526698,11776,0,104,0,128,128,1,1,1024,16,1
"KERNEL_DISPATCH","Agent 2",1,0,220354,5394,22,"gdn_chunk_scan",5394,9377759147253,9377759245334,60928,0,192,0,128,512,1,1,512,48,1
"KERNEL_DISPATCH","Agent 2",1,0,220354,5389,21,"gdn_chunk_kkt_solve",5389,9377758864969,9377758887570,11776,0,104,0,128,128,1,1,1024,16,1
"KERNEL_DISPATCH","Agent 2",1,0,220354,5384,22,"gdn_chunk_scan",5384,9377758506045,9377758604926,60928,0,192,0,128,512,1,1,512,48,1
"KERNEL_DISPATCH","Agent 2",1,0,220354,5379,21,"gdn_chunk_kkt_solve",5379,9377758223801,9377758246202,11776,0,104,0,128,128,1,1,1024,16,1
"KERNEL_DISPATCH","Agent 2",1,0,220354,5374,22,"gdn_chunk_scan",5374,9377757860917,9377757961038,60928,0,192,0,128,512,1,1,512,48,1
"KERNEL_DISPATCH","Agent 2",1,0,220354,5369,21,"gdn_chunk_kkt_solve",5369,9377757572313,9377757595193,11776,0,104,0,128,128,1,1,1024,16,1
"KERNEL_DISPATCH","Agent 2",1,0,220354,5364,24,"gemm_mq4g256v2_residual_mmq_iu4_full_set_symfold",5364,9377750946270,9377754425873,0,0,184,0,128,256,1,1,20480,64,1
"KERNEL_DISPATCH","Agent 2",1,0,220354,5359,24,"gemm_mq4g256v2_residual_mmq_iu4_full_set_symfold",5359,9377730491812,9377736408886,0,0,184,0,128,256,1,1,34816,64,1
"KERNEL_DISPATCH","Agent 2",1,0,220354,5354,21,"gdn_chunk_kkt_solve",5354,9377726662204,9377726684924,11776,0,104,0,128,128,1,1,1024,16,1
"KERNEL_DISPATCH","Agent 2",1,0,220354,5349,22,"gdn_chunk_scan",5349,9377726304319,9377726402520,60928,0,192,0,128,512,1,1,512,48,1
"KERNEL_DISPATCH","Agent 2",1,0,220354,5344,21,"gdn_chunk_kkt_solve",5344,9377726022956,9377726045476,11776,0,104,0,128,128,1,1,1024,16,1
"KERNEL_DISPATCH","Agent 2",1,0,220354,5339,22,"gdn_chunk_scan",5339,9377725661631,9377725760472,60928,0,192,0,128,512,1,1,512,48,1
"KERNEL_DISPATCH","Agent 2",1,0,220354,5906,22,"gdn_chunk_scan",5906,9378257184728,9378257283089,60928,0,192,0,128,512,1,1,512,48,1
"KERNEL_DISPATCH","Agent 2",1,0,220354,5334,21,"gdn_chunk_kkt_solve",5334,9377725377467,9377725400188,11776,0,104,0,128,128,1,1,1024,16,1
"KERNEL_DISPATCH","Agent 2",1,0,220354,5901,21,"gdn_chunk_kkt_solve",5901,9378256902084,9378256924724,11776,0,104,0,128,128,1,1,1024,16,1
"KERNEL_DISPATCH","Agent 2",1,0,220354,5329,22,"gdn_chunk_scan",5329,9377725017223,9377725115944,60928,0,192,0,128,512,1,1,512,48,1
"KERNEL_DISPATCH","Agent 2",1,0,220354,5896,22,"gdn_chunk_scan",5896,9378256544040,9378256642281,60928,0,192,0,128,512,1,1,512,48,1
"KERNEL_DISPATCH","Agent 2",1,0,220354,5324,21,"gdn_chunk_kkt_solve",5324,9377724727939,9377724750860,11776,0,104,0,128,128,1,1,1024,16,1
"KERNEL_DISPATCH","Agent 2",1,0,220354,5891,21,"gdn_chunk_kkt_solve",5891,9378256261596,9378256284116,11776,0,104,0,128,128,1,1,1024,16,1
"KERNEL_DISPATCH","Agent 2",1,0,220354,5319,24,"gemm_mq4g256v2_residual_mmq_iu4_full_set_symfold",5319,9377718112856,9377721585780,0,0,184,0,128,256,1,1,20480,64,1
"KERNEL_DISPATCH","Agent 2",1,0,220354,5886,20,"gdn_chunk_prep",5886,9378255098341,9378255998073,0,0,72,0,128,256,1,1,32768,10,1
"KERNEL_DISPATCH","Agent 2",1,0,220354,5881,23,"fused_rmsnorm_mq_rotate_awq_i4_gfx12",5881,9378248951944,9378249418310,0,0,96,0,128,256,1,1,2097152,1,1
"KERNEL_DISPATCH","Agent 2",1,0,220354,5876,23,"fused_rmsnorm_mq_rotate_awq_i4_gfx12",5876,9378229105934,9378229541939,0,0,96,0,128,256,1,1,2097152,1,1
"KERNEL_DISPATCH","Agent 2",1,0,220354,5871,35,"kv_cache_write_fp8_e4m3_batched",5871,9378213701220,9378213766661,0,0,56,0,128,32,1,1,128,8192,1
"KERNEL_DISPATCH","Agent 2",1,0,220354,5866,24,"gemm_mq4g256v2_residual_mmq_iu4_full_set_symfold",5866,9378210969905,9378211322550,0,0,184,0,128,256,1,1,2048,64,1
"KERNEL_DISPATCH","Agent 2",1,0,220354,5861,24,"gemm_mq4g256v2_residual_mmq_iu4_full_set_symfold",5861,9378192228749,9378198080023,0,0,184,0,128,256,1,1,34816,64,1
"KERNEL_DISPATCH","Agent 2",1,0,220354,5856,22,"gdn_chunk_scan",5856,9378182457706,9378182556307,60928,0,192,0,128,512,1,1,512,48,1
"KERNEL_DISPATCH","Agent 2",1,0,220354,5851,21,"gdn_chunk_kkt_solve",5851,9378182175943,9378182198463,11776,0,104,0,128,128,1,1,1024,16,1
"KERNEL_DISPATCH","Agent 2",1,0,220354,5846,22,"gdn_chunk_scan",5846,9378181817338,9378181916379,60928,0,192,0,128,512,1,1,512,48,1
"KERNEL_DISPATCH","Agent 2",1,0,220354,5841,21,"gdn_chunk_kkt_solve",5841,9378181532095,9378181555255,11776,0,104,0,128,128,1,1,1024,16,1
"KERNEL_DISPATCH","Agent 2",1,0,220354,5836,22,"gdn_chunk_scan",5836,9378181172210,9378181271651,60928,0,192,0,128,512,1,1,512,48,1
"KERNEL_DISPATCH","Agent 2",1,0,220354,5831,21,"gdn_chunk_kkt_solve",5831,9378180886526,9378180909607,11776,0,104,0,128,128,1,1,1024,16,1
"KERNEL_DISPATCH","Agent 2",1,0,220354,5821,24,"gemm_mq4g256v2_residual_mmq_iu4_full_set_symfold",5821,9378177358042,9378179447828,0,0,184,0,128,256,1,1,12288,64,1
"KERNEL_DISPATCH","Agent 2",1,0,220354,5816,24,"gemm_mq4g256v2_residual_mmq_iu4_full_set_symfold",5816,9378159237974,9378165113528,0,0,184,0,128,256,1,1,34816,64,1
"KERNEL_DISPATCH","Agent 2",1,0,220354,5811,22,"gdn_chunk_scan",5811,9378149634693,9378149732334,60928,0,192,0,128,512,1,1,512,48,1
"KERNEL_DISPATCH","Agent 2",1,0,220354,5806,21,"gdn_chunk_kkt_solve",5806,9378149354409,9378149376569,11776,0,104,0,128,128,1,1,1024,16,1
"KERNEL_DISPATCH","Agent 2",1,0,220354,5801,22,"gdn_chunk_scan",5801,9378148998005,9378149096686,60928,0,192,0,128,512,1,1,512,48,1
"KERNEL_DISPATCH","Agent 2",1,0,220354,5796,21,"gdn_chunk_kkt_solve",5796,9378148715401,9378148737961,11776,0,104,0,128,128,1,1,1024,16,1
"KERNEL_DISPATCH","Agent 2",1,0,220354,5791,22,"gdn_chunk_scan",5791,9378148355397,9378148454358,60928,0,192,0,128,512,1,1,512,48,1
"KERNEL_DISPATCH","Agent 2",1,0,220354,5786,21,"gdn_chunk_kkt_solve",5786,9378148072353,9378148095193,11776,0,104,0,128,128,1,1,1024,16,1
"KERNEL_DISPATCH","Agent 2",1,0,220354,5781,22,"gdn_chunk_scan",5781,9378147708508,9378147810550,60928,0,192,0,128,512,1,1,512,48,1
"KERNEL_DISPATCH","Agent 2",1,0,220354,5776,24,"gemm_mq4g256v2_residual_mmq_iu4_full_set_symfold",5776,9378144552549,9378146630335,0,0,184,0,128,256,1,1,12288,64,1
"KERNEL_DISPATCH","Agent 2",1,0,220354,5771,24,"gemm_mq4g256v2_residual_mmq_iu4_full_set_symfold",5771,9378126424440,9378132323835,0,0,184,0,128,256,1,1,34816,64,1
"KERNEL_DISPATCH","Agent 2",1,0,220354,6243,22,"gdn_chunk_scan",6243,9378571299325,9378571398166,60928,0,192,0,128,512,1,1,512,48,1
"KERNEL_DISPATCH","Agent 2",1,0,220354,5766,22,"gdn_chunk_scan",5766,9378116916480,9378117014402,60928,0,192,0,128,512,1,1,512,48,1
"KERNEL_DISPATCH","Agent 2",1,0,220354,5761,21,"gdn_chunk_kkt_solve",5761,9378116636357,9378116658917,11776,0,104,0,128,128,1,1,1024,16,1
"KERNEL_DISPATCH","Agent 2",1,0,220354,5756,22,"gdn_chunk_scan",5756,9378116282312,9378116379674,60928,0,192,0,128,512,1,1,512,48,1
"KERNEL_DISPATCH","Agent 2",1,0,220354,5751,21,"gdn_chunk_kkt_solve",5751,9378116002229,9378116024989,11776,0,104,0,128,128,1,1,1024,16,1
"KERNEL_DISPATCH","Agent 2",1,0,220354,5746,22,"gdn_chunk_scan",5746,9378115641824,9378115741266,60928,0,192,0,128,512,1,1,512,48,1
"KERNEL_DISPATCH","Agent 2",1,0,220354,5741,21,"gdn_chunk_kkt_solve",5741,9378115358901,9378115381941,11776,0,104,0,128,128,1,1,1024,16,1
"KERNEL_DISPATCH","Agent 2",1,0,220354,5736,22,"gdn_chunk_scan",5736,9378114997936,9378115099058,60928,0,192,0,128,512,1,1,512,48,1
"KERNEL_DISPATCH","Agent 2",1,0,220354,5731,24,"gemm_mq4g256v2_residual_mmq_iu4_full_set_symfold",5731,9378111854577,9378113928443,0,0,184,0,128,256,1,1,12288,64,1
"KERNEL_DISPATCH","Agent 2",1,0,220354,5726,24,"gemm_mq4g256v2_residual_mmq_iu4_full_set_symfold",5726,9378094049872,9378099763144,0,0,184,0,128,256,1,1,34816,64,1
"KERNEL_DISPATCH","Agent 2",1,0,220354,5721,43,"attention_fp8_e4m3_fa2_gqa_packet_gfx1201",5721,9378072773324,9378085253042,0,0,240,0,128,256,1,1,6144,4,16
"KERNEL_DISPATCH","Agent 2",1,0,220354,5716,30,"deinterleave_q_rmsnorm_f32_batched",5716,9378070589817,9378071997194,0,0,24,0,128,256,1,1,6144,8192,1
"KERNEL_DISPATCH","Agent 2",1,0,220354,5711,25,"gemm_mq4g256v2_residual_mmq_iu4_full_add_symfold",5711,9378059195313,9378065196069,0,0,184,0,128,256,1,1,10240,64,1
"KERNEL_DISPATCH","Agent 2",1,0,220354,5706,25,"gemm_mq4g256v2_residual_mmq_iu4_full_add_symfold",5706,9378042562544,9378044780412,0,0,184,0,128,256,1,1,10240,64,1
"KERNEL_DISPATCH","Agent 2",1,0,220354,5701,21,"gdn_chunk_kkt_solve",5701,9378041304488,9378041326648,11776,0,104,0,128,128,1,1,1024,16,1
"KERNEL_DISPATCH","Agent 2",1,0,220354,5696,22,"gdn_chunk_scan",5696,9378040949123,9378041047565,60928,0,192,0,128,512,1,1,512,48,1
"KERNEL_DISPATCH","Agent 2",1,0,220354,5691,21,"gdn_chunk_kkt_solve",5691,9378040666520,9378040688960,11776,0,104,0,128,128,1,1,1024,16,1
"KERNEL_DISPATCH","Agent 2",1,0,220354,5686,22,"gdn_chunk_scan",5686,9378040308595,9378040407236,60928,0,192,0,128,512,1,1,512,48,1
"KERNEL_DISPATCH","Agent 2",1,0,220354,5681,21,"gdn_chunk_kkt_solve",5681,9378040025792,9378040048792,11776,0,104,0,128,128,1,1,1024,16,1
"KERNEL_DISPATCH","Agent 2",1,0,220354,5676,22,"gdn_chunk_scan",5676,9378039666667,9378039765148,60928,0,192,0,128,512,1,1,512,48,1
"KERNEL_DISPATCH","Agent 2",1,0,220354,5671,24,"gemm_mq4g256v2_residual_mmq_iu4_full_set_symfold",5671,9378038535213,9378038593854,0,0,184,0,128,256,1,1,256,64,1
"KERNEL_DISPATCH","Agent 2",1,0,220354,5666,25,"gemm_mq4g256v2_residual_mmq_iu4_full_add_symfold",5666,9378026335779,9378032412016,0,0,184,0,128,256,1,1,10240,64,1
"KERNEL_DISPATCH","Agent 2",1,0,220354,5661,25,"gemm_mq4g256v2_residual_mmq_iu4_full_add_symfold",5661,9378009935973,9378012104720,0,0,184,0,128,256,1,1,10240,64,1
"KERNEL_DISPATCH","Agent 2",1,0,220354,5656,21,"gdn_chunk_kkt_solve",5656,9378008690837,9378008713117,11776,0,104,0,128,128,1,1,1024,16,1
"KERNEL_DISPATCH","Agent 2",1,0,220354,5651,22,"gdn_chunk_scan",5651,9378008337632,9378008434754,60928,0,192,0,128,512,1,1,512,48,1
"KERNEL_DISPATCH","Agent 2",1,0,220354,5646,21,"gdn_chunk_kkt_solve",5646,9378008059509,9378008081789,11776,0,104,0,128,128,1,1,1024,16,1
"KERNEL_DISPATCH","Agent 2",1,0,220354,5641,22,"gdn_chunk_scan",5641,9378007700424,9378007799666,60928,0,192,0,128,512,1,1,512,48,1
"KERNEL_DISPATCH","Agent 2",1,0,220354,5636,21,"gdn_chunk_kkt_solve",5636,9378007417621,9378007440301,11776,0,104,0,128,128,1,1,1024,16,1
"KERNEL_DISPATCH","Agent 2",1,0,220354,5631,22,"gdn_chunk_scan",5631,9378007060176,9378007158418,60928,0,192,0,128,512,1,1,512,48,1
"KERNEL_DISPATCH","Agent 2",1,0,220354,5626,24,"gemm_mq4g256v2_residual_mmq_iu4_full_set_symfold",5626,9378005931562,9378005990123,0,0,184,0,128,256,1,1,256,64,1
"KERNEL_DISPATCH","Agent 2",1,0,220354,5621,25,"gemm_mq4g256v2_residual_mmq_iu4_full_add_symfold",5621,9377993544726,9377999749604,0,0,184,0,128,256,1,1,10240,64,1
"KERNEL_DISPATCH","Agent 2",1,0,220354,5616,25,"gemm_mq4g256v2_residual_mmq_iu4_full_add_symfold",5616,9377976958757,9377979168505,0,0,184,0,128,256,1,1,10240,64,1
"KERNEL_DISPATCH","Agent 2",1,0,220354,5611,21,"gdn_chunk_kkt_solve",5611,9377975696181,9377975718661,11776,0,104,0,128,128,1,1,1024,16,1
"KERNEL_DISPATCH","Agent 2",1,0,220354,5606,22,"gdn_chunk_scan",5606,9377975338977,9377975437458,60928,0,192,0,128,512,1,1,512,48,1
"KERNEL_DISPATCH","Agent 2",1,0,220354,5601,21,"gdn_chunk_kkt_solve",5601,9377975056733,9377975079173,11776,0,104,0,128,128,1,1,1024,16,1
"KERNEL_DISPATCH","Agent 2",1,0,220354,5596,22,"gdn_chunk_scan",5596,9377974697049,9377974796130,60928,0,192,0,128,512,1,1,512,48,1
"KERNEL_DISPATCH","Agent 2",1,0,220354,5591,21,"gdn_chunk_kkt_solve",5591,9377974412365,9377974435565,11776,0,104,0,128,128,1,1,1024,16,1
"KERNEL_DISPATCH","Agent 2",1,0,220354,5586,22,"gdn_chunk_scan",5586,9377974054801,9377974153002,60928,0,192,0,128,512,1,1,512,48,1
"KERNEL_DISPATCH","Agent 2",1,0,220354,5581,24,"gemm_mq4g256v2_residual_mmq_iu4_full_set_symfold",5581,9377972924226,9377972982867,0,0,184,0,128,256,1,1,256,64,1
"KERNEL_DISPATCH","Agent 2",1,0,220354,5576,25,"gemm_mq4g256v2_residual_mmq_iu4_full_add_symfold",5576,9377960874594,9377966830669,0,0,184,0,128,256,1,1,10240,64,1
"KERNEL_DISPATCH","Agent 2",1,0,220354,5571,25,"gemm_mq4g256v2_residual_mmq_iu4_full_add_symfold",5571,9377944996234,9377947006300,0,0,184,0,128,256,1,1,10240,64,1
"KERNEL_DISPATCH","Agent 2",1,0,220354,5566,33,"rope_partial_halfsplit_batched_f32",5566,9377931259901,9377931626386,0,0,16,0,128,32,1,1,32,8192,1
"KERNEL_DISPATCH","Agent 2",1,0,220354,5561,24,"gemm_mq4g256v2_residual_mmq_iu4_full_set_symfold",5561,9377924707979,9377928887391,0,0,184,0,128,256,1,1,24576,64,1
"KERNEL_DISPATCH","Agent 2",1,0,220354,5556,24,"gemm_mq4g256v2_residual_mmq_iu4_full_set_symfold",5556,9377904384443,9377910189796,0,0,184,0,128,256,1,1,34816,64,1
"KERNEL_DISPATCH","Agent 2",1,0,220354,5551,21,"gdn_chunk_kkt_solve",5551,9377900618715,9377900641236,11776,0,104,0,128,128,1,1,1024,16,1
"KERNEL_DISPATCH","Agent 2",1,0,220354,5546,22,"gdn_chunk_scan",5546,9377900264591,9377900362152,60928,0,192,0,128,512,1,1,512,48,1
"KERNEL_DISPATCH","Agent 2",1,0,220354,5541,21,"gdn_chunk_kkt_solve",5541,9377899985627,9377900008148,11776,0,104,0,128,128,1,1,1024,16,1
"KERNEL_DISPATCH","Agent 2",1,0,220354,5536,22,"gdn_chunk_scan",5536,9377899627863,9377899726464,60928,0,192,0,128,512,1,1,512,48,1
"KERNEL_DISPATCH","Agent 2",1,0,220354,5531,21,"gdn_chunk_kkt_solve",5531,9377899345579,9377899368060,11776,0,104,0,128,128,1,1,1024,16,1
"KERNEL_DISPATCH","Agent 2",1,0,220354,5526,22,"gdn_chunk_scan",5526,9377898987615,9377899086256,60928,0,192,0,128,512,1,1,512,48,1
"KERNEL_DISPATCH","Agent 2",1,0,220354,5521,21,"gdn_chunk_kkt_solve",5521,9377898701131,9377898723891,11776,0,104,0,128,128,1,1,1024,16,1
"KERNEL_DISPATCH","Agent 2",1,0,220354,5516,24,"gemm_mq4g256v2_residual_mmq_iu4_full_set_symfold",5516,9377892092568,9377895560372,0,0,184,0,128,256,1,1,20480,64,1
"KERNEL_DISPATCH","Agent 2",1,0,220354,5511,24,"gemm_mq4g256v2_residual_mmq_iu4_full_set_symfold",5511,9377871632830,9377877507664,0,0,184,0,128,256,1,1,34816,64,1
"KERNEL_DISPATCH","Agent 2",1,0,220354,5506,21,"gdn_chunk_kkt_solve",5506,9377867826102,9377867848982,11776,0,104,0,128,128,1,1,1024,16,1
"KERNEL_DISPATCH","Agent 2",1,0,220354,5501,22,"gdn_chunk_scan",5501,9377867468138,9377867566539,60928,0,192,0,128,512,1,1,512,48,1
"KERNEL_DISPATCH","Agent 2",1,0,220354,5496,21,"gdn_chunk_kkt_solve",5496,9377867186494,9377867208734,11776,0,104,0,128,128,1,1,1024,16,1
"KERNEL_DISPATCH","Agent 2",1,0,220354,5491,22,"gdn_chunk_scan",5491,9377866827690,9377866926451,60928,0,192,0,128,512,1,1,512,48,1
"KERNEL_DISPATCH","Agent 2",1,0,220354,5486,21,"gdn_chunk_kkt_solve",5486,9377866544166,9377866566646,11776,0,104,0,128,128,1,1,1024,16,1
"KERNEL_DISPATCH","Agent 2",1,0,220354,5481,22,"gdn_chunk_scan",5481,9377866183881,9377866282843,60928,0,192,0,128,512,1,1,512,48,1
"KERNEL_DISPATCH","Agent 2",1,0,220354,5476,21,"gdn_chunk_kkt_solve",5476,9377865898398,9377865921078,11776,0,104,0,128,128,1,1,1024,16,1
"KERNEL_DISPATCH","Agent 2",1,0,220354,5471,24,"gemm_mq4g256v2_residual_mmq_iu4_full_set_symfold",5471,9377859263074,9377862753238,0,0,184,0,128,256,1,1,20480,64,1
"KERNEL_DISPATCH","Agent 2",1,0,220354,5466,24,"gemm_mq4g256v2_residual_mmq_iu4_full_set_symfold",5466,9377838726415,9377844625170,0,0,184,0,128,256,1,1,34816,64,1
"KERNEL_DISPATCH","Agent 2",1,0,220354,5461,21,"gdn_chunk_kkt_solve",5461,9377834887407,9377834910367,11776,0,104,0,128,128,1,1,1024,16,1
"KERNEL_DISPATCH","Agent 2",1,0,220354,5456,22,"gdn_chunk_scan",5456,9377834528483,9377834626764,60928,0,192,0,128,512,1,1,512,48,1
"KERNEL_DISPATCH","Agent 2",1,0,220354,5853,21,"gdn_chunk_kkt_solve",5853,9378182303664,9378182326105,11776,0,104,0,128,128,1,1,1024,16,1
"KERNEL_DISPATCH","Agent 2",1,0,220354,5451,21,"gdn_chunk_kkt_solve",5451,9377834246679,9377834269319,11776,0,104,0,128,128,1,1,1024,16,1
"KERNEL_DISPATCH","Agent 2",1,0,220354,5848,22,"gdn_chunk_scan",5848,9378181946340,9378182044861,60928,0,192,0,128,512,1,1,512,48,1
"KERNEL_DISPATCH","Agent 2",1,0,220354,5446,22,"gdn_chunk_scan",5446,9377833887795,9377833987116,60928,0,192,0,128,512,1,1,512,48,1
"KERNEL_DISPATCH","Agent 2",1,0,220354,5843,21,"gdn_chunk_kkt_solve",5843,9378181662096,9378181684856,11776,0,104,0,128,128,1,1,1024,16,1
"KERNEL_DISPATCH","Agent 2",1,0,220354,5441,21,"gdn_chunk_kkt_solve",5441,9377833602991,9377833625711,11776,0,104,0,128,128,1,1,1024,16,1
"KERNEL_DISPATCH","Agent 2",1,0,220354,5838,22,"gdn_chunk_scan",5838,9378181301252,9378181400173,60928,0,192,0,128,512,1,1,512,48,1
"KERNEL_DISPATCH","Agent 2",1,0,220354,5436,22,"gdn_chunk_scan",5436,9377833241146,9377833340668,60928,0,192,0,128,512,1,1,512,48,1
"KERNEL_DISPATCH","Agent 2",1,0,220354,5833,21,"gdn_chunk_kkt_solve",5833,9378181016808,9378181039968,11776,0,104,0,128,128,1,1,1024,16,1
"KERNEL_DISPATCH","Agent 2",1,0,220354,5431,21,"gdn_chunk_kkt_solve",5431,9377832953743,9377832976703,11776,0,104,0,128,128,1,1,1024,16,1
"KERNEL_DISPATCH","Agent 2",1,0,220354,5309,21,"gdn_chunk_kkt_solve",5309,9377693989112,9377694011792,11776,0,104,0,128,128,1,1,1024,16,1
"KERNEL_DISPATCH","Agent 2",1,0,220354,5304,22,"gdn_chunk_scan",5304,9377693631307,9377693729509,60928,0,192,0,128,512,1,1,512,48,1
"KERNEL_DISPATCH","Agent 2",1,0,220354,5426,24,"gemm_mq4g256v2_residual_mmq_iu4_full_set_symfold",5426,9377826350620,9377829816383,0,0,184,0,128,256,1,1,20480,64,1
"KERNEL_DISPATCH","Agent 2",1,0,220354,5299,21,"gdn_chunk_kkt_solve",5299,9377693349744,9377693372344,11776,0,104,0,128,128,1,1,1024,16,1
"KERNEL_DISPATCH","Agent 2",1,0,220354,5294,22,"gdn_chunk_scan",5294,9377692993659,9377693091901,60928,0,192,0,128,512,1,1,512,48,1
"KERNEL_DISPATCH","Agent 2",1,0,220354,5421,24,"gemm_mq4g256v2_residual_mmq_iu4_full_set_symfold",5421,9377806516970,9377812092920,0,0,184,0,128,256,1,1,34816,64,1
"KERNEL_DISPATCH","Agent 2",1,0,220354,5289,21,"gdn_chunk_kkt_solve",5289,9377692710256,9377692732896,11776,0,104,0,128,128,1,1,1024,16,1
"KERNEL_DISPATCH","Agent 2",1,0,220354,5416,35,"kv_cache_write_fp8_e4m3_batched",5416,9377790778331,9377790868653,0,0,56,0,128,32,1,1,128,8192,1
"KERNEL_DISPATCH","Agent 2",1,0,220354,5284,22,"gdn_chunk_scan",5284,9377692350811,9377692449893,60928,0,192,0,128,512,1,1,512,48,1
"KERNEL_DISPATCH","Agent 2",1,0,220354,5411,24,"gemm_mq4g256v2_residual_mmq_iu4_full_set_symfold",5411,9377788338821,9377788698665,0,0,184,0,128,256,1,1,2048,64,1
"KERNEL_DISPATCH","Agent 2",1,0,220354,5279,21,"gdn_chunk_kkt_solve",5279,9377692065208,9377692087888,11776,0,104,0,128,128,1,1,1024,16,1
"KERNEL_DISPATCH","Agent 2",1,0,220354,5406,29,"fused_silu_mul_mq_rotate_awq_i4_gfx12",5406,9377775186295,9377777293001,0,0,56,0,128,32,1,1,2176,8192,1
"KERNEL_DISPATCH","Agent 2",1,0,220354,5274,24,"gemm_mq4g256v2_residual_mmq_iu4_full_set_symfold",5274,9377685463485,9377688935008,0,0,184,0,128,256,1,1,20480,64,1
"KERNEL_DISPATCH","Agent 2",1,0,220354,5401,28,"gated_norm_mq_rotate_awq_i4_gfx12",5401,9377759631579,9377760627672,1024,0,40,0,128,64,1,1,1536,8192,1
"KERNEL_DISPATCH","Agent 2",1,0,220354,5269,24,"gemm_mq4g256v2_residual_mmq_iu4_full_set_symfold",5269,9377665527153,9377671133744,0,0,184,0,128,256,1,1,34816,64,1
"KERNEL_DISPATCH","Agent 2",1,0,220354,5396,22,"gdn_chunk_scan",5396,9377759274494,9377759372496,60928,0,192,0,128,512,1,1,512,48,1
"KERNEL_DISPATCH","Agent 2",1,0,220354,5264,35,"kv_cache_write_fp8_e4m3_batched",5264,9377649883556,9377649973877,0,0,56,0,128,32,1,1,128,8192,1
"KERNEL_DISPATCH","Agent 2",1,0,220354,5391,21,"gdn_chunk_kkt_solve",5391,9377758993571,9377759016531,11776,0,104,0,128,128,1,1,1024,16,1
"KERNEL_DISPATCH","Agent 2",1,0,220354,5259,24,"gemm_mq4g256v2_residual_mmq_iu4_full_set_symfold",5259,9377647445526,9377647797410,0,0,184,0,128,256,1,1,2048,64,1
"KERNEL_DISPATCH","Agent 2",1,0,220354,5386,22,"gdn_chunk_scan",5386,9377758634046,9377758733128,60928,0,192,0,128,512,1,1,512,48,1
"KERNEL_DISPATCH","Agent 2",1,0,220354,5254,29,"fused_silu_mul_mq_rotate_awq_i4_gfx12",5254,9377634178878,9377636294385,0,0,56,0,128,32,1,1,2176,8192,1
"KERNEL_DISPATCH","Agent 2",1,0,220354,5381,21,"gdn_chunk_kkt_solve",5381,9377758351803,9377758374563,11776,0,104,0,128,128,1,1,1024,16,1
"KERNEL_DISPATCH","Agent 2",1,0,220354,5249,28,"gated_norm_mq_rotate_awq_i4_gfx12",5249,9377618719884,9377619714856,1024,0,40,0,128,64,1,1,1536,8192,1
"KERNEL_DISPATCH","Agent 2",1,0,220354,5376,22,"gdn_chunk_scan",5376,9377757991158,9377758091280,60928,0,192,0,128,512,1,1,512,48,1
"KERNEL_DISPATCH","Agent 2",1,0,220354,5244,22,"gdn_chunk_scan",5244,9377618356079,9377618454400,60928,0,192,0,128,512,1,1,512,48,1
"KERNEL_DISPATCH","Agent 2",1,0,220354,5371,21,"gdn_chunk_kkt_solve",5371,9377757705115,9377757727955,11776,0,104,0,128,128,1,1,1024,16,1
"KERNEL_DISPATCH","Agent 2",1,0,220354,5239,21,"gdn_chunk_kkt_solve",5239,9377618075635,9377618098076,11776,0,104,0,128,128,1,1,1024,16,1
"KERNEL_DISPATCH","Agent 2",1,0,220354,5366,24,"gemm_mq4g256v2_residual_mmq_iu4_full_set_symfold",5366,9377756538060,9377756599981,0,0,184,0,128,256,1,1,256,64,1
"KERNEL_DISPATCH","Agent 2",1,0,220354,5234,22,"gdn_chunk_scan",5234,9377617716671,9377617816072,60928,0,192,0,128,512,1,1,512,48,1
"KERNEL_DISPATCH","Agent 2",1,0,220354,5361,29,"fused_silu_mul_mq_rotate_awq_i4_gfx12",5361,9377742263360,9377744373747,0,0,56,0,128,32,1,1,2176,8192,1
"KERNEL_DISPATCH","Agent 2",1,0,220354,5229,21,"gdn_chunk_kkt_solve",5229,9377617433867,9377617456708,11776,0,104,0,128,128,1,1,1024,16,1
"KERNEL_DISPATCH","Agent 2",1,0,220354,5356,28,"gated_norm_mq_rotate_awq_i4_gfx12",5356,9377726791045,9377727779658,1024,0,40,0,128,64,1,1,1536,8192,1
"KERNEL_DISPATCH","Agent 2",1,0,220354,5224,22,"gdn_chunk_scan",5224,9377617073423,9377617172704,60928,0,192,0,128,512,1,1,512,48,1
"KERNEL_DISPATCH","Agent 2",1,0,220354,5351,22,"gdn_chunk_scan",5351,9377726432041,9377726530442,60928,0,192,0,128,512,1,1,512,48,1
"KERNEL_DISPATCH","Agent 2",1,0,220354,5219,21,"gdn_chunk_kkt_solve",5219,9377616787939,9377616810980,11776,0,104,0,128,128,1,1,1024,16,1
"KERNEL_DISPATCH","Agent 2",1,0,220354,5346,21,"gdn_chunk_kkt_solve",5346,9377726150717,9377726173317,11776,0,104,0,128,128,1,1,1024,16,1
"KERNEL_DISPATCH","Agent 2",1,0,220354,5214,24,"gemm_mq4g256v2_residual_mmq_iu4_full_set_symfold",5214,9377615620325,9377615681525,0,0,184,0,128,256,1,1,256,64,1
"KERNEL_DISPATCH","Agent 2",1,0,220354,5341,22,"gdn_chunk_scan",5341,9377725790313,9377725889994,60928,0,192,0,128,512,1,1,512,48,1
"KERNEL_DISPATCH","Agent 2",1,0,220354,5209,29,"fused_silu_mul_mq_rotate_awq_i4_gfx12",5209,9377601301344,9377603410931,0,0,56,0,128,32,1,1,2176,8192,1
"KERNEL_DISPATCH","Agent 2",1,0,220354,5336,21,"gdn_chunk_kkt_solve",5336,9377725506709,9377725529509,11776,0,104,0,128,128,1,1,1024,16,1
"KERNEL_DISPATCH","Agent 2",1,0,220354,5204,28,"gated_norm_mq_rotate_awq_i4_gfx12",5204,9377585945991,9377586933843,1024,0,40,0,128,64,1,1,1536,8192,1
"KERNEL_DISPATCH","Agent 2",1,0,220354,5331,22,"gdn_chunk_scan",5331,9377725145544,9377725244786,60928,0,192,0,128,512,1,1,512,48,1
"KERNEL_DISPATCH","Agent 2",1,0,220354,5199,22,"gdn_chunk_scan",5199,9377585588466,9377585686907,60928,0,192,0,128,512,1,1,512,48,1
"KERNEL_DISPATCH","Agent 2",1,0,220354,5326,21,"gdn_chunk_kkt_solve",5326,9377724861061,9377724884141,11776,0,104,0,128,128,1,1,1024,16,1
"KERNEL_DISPATCH","Agent 2",1,0,220354,5194,21,"gdn_chunk_kkt_solve",5194,9377585307223,9377585330343,11776,0,104,0,128,128,1,1,1024,16,1
"KERNEL_DISPATCH","Agent 2",1,0,220354,5321,24,"gemm_mq4g256v2_residual_mmq_iu4_full_set_symfold",5321,9377723697566,9377723758647,0,0,184,0,128,256,1,1,256,64,1
"KERNEL_DISPATCH","Agent 2",1,0,220354,5189,22,"gdn_chunk_scan",5189,9377584949578,9377585049139,60928,0,192,0,128,512,1,1,512,48,1
"KERNEL_DISPATCH","Agent 2",1,0,220354,5316,29,"fused_silu_mul_mq_rotate_awq_i4_gfx12",5316,9377709457587,9377711582414,0,0,56,0,128,32,1,1,2176,8192,1
"KERNEL_DISPATCH","Agent 2",1,0,220354,5184,21,"gdn_chunk_kkt_solve",5184,9377584665415,9377584688255,11776,0,104,0,128,128,1,1,1024,16,1
"KERNEL_DISPATCH","Agent 2",1,0,220354,5311,28,"gated_norm_mq_rotate_awq_i4_gfx12",5311,9377694115354,9377695099206,1024,0,40,0,128,64,1,1,1536,8192,1
"KERNEL_DISPATCH","Agent 2",1,0,220354,5179,22,"gdn_chunk_scan",5179,9377584305090,9377584404051,60928,0,192,0,128,512,1,1,512,48,1
"KERNEL_DISPATCH","Agent 2",1,0,220354,5306,22,"gdn_chunk_scan",5306,9377693758749,9377693857630,60928,0,192,0,128,512,1,1,512,48,1
"KERNEL_DISPATCH","Agent 2",1,0,220354,5174,21,"gdn_chunk_kkt_solve",5174,9377584021926,9377584044807,11776,0,104,0,128,128,1,1,1024,16,1
"KERNEL_DISPATCH","Agent 2",1,0,220354,5301,21,"gdn_chunk_kkt_solve",5301,9377693477345,9377693500346,11776,0,104,0,128,128,1,1,1024,16,1
"KERNEL_DISPATCH","Agent 2",1,0,220354,5169,24,"gemm_mq4g256v2_residual_mmq_iu4_full_set_symfold",5169,9377582857552,9377582919313,0,0,184,0,128,256,1,1,256,64,1
"KERNEL_DISPATCH","Agent 2",1,0,220354,5296,22,"gdn_chunk_scan",5296,9377693120741,9377693218782,60928,0,192,0,128,512,1,1,512,48,1
"KERNEL_DISPATCH","Agent 2",1,0,220354,5164,29,"fused_silu_mul_mq_rotate_awq_i4_gfx12",5164,9377568461730,9377570571917,0,0,56,0,128,32,1,1,2176,8192,1
"KERNEL_DISPATCH","Agent 2",1,0,220354,5291,21,"gdn_chunk_kkt_solve",5291,9377692838737,9377692861418,11776,0,104,0,128,128,1,1,1024,16,1
"KERNEL_DISPATCH","Agent 2",1,0,220354,5159,28,"gated_norm_mq_rotate_awq_i4_gfx12",5159,9377553101097,9377554086469,1024,0,40,0,128,64,1,1,1536,8192,1
"KERNEL_DISPATCH","Agent 2",1,0,220354,5154,22,"gdn_chunk_scan",5154,9377552745012,9377552843374,60928,0,192,0,128,512,1,1,512,48,1
"KERNEL_DISPATCH","Agent 2",1,0,220354,5149,21,"gdn_chunk_kkt_solve",5149,9377552463209,9377552485889,11776,0,104,0,128,128,1,1,1024,16,1
"KERNEL_DISPATCH","Agent 2",1,0,220354,5144,22,"gdn_chunk_scan",5144,9377552106484,9377552205006,60928,0,192,0,128,512,1,1,512,48,1
"KERNEL_DISPATCH","Agent 2",1,0,220354,5139,21,"gdn_chunk_kkt_solve",5139,9377551823521,9377551846161,11776,0,104,0,128,128,1,1,1024,16,1
"KERNEL_DISPATCH","Agent 2",1,0,220354,5134,22,"gdn_chunk_scan",5134,9377551464276,9377551563357,60928,0,192,0,128,512,1,1,512,48,1
"KERNEL_DISPATCH","Agent 2",1,0,220354,5129,21,"gdn_chunk_kkt_solve",5129,9377551181473,9377551204273,11776,0,104,0,128,128,1,1,1024,16,1
"KERNEL_DISPATCH","Agent 2",1,0,220354,5124,24,"gemm_mq4g256v2_residual_mmq_iu4_full_set_symfold",5124,9377550017498,9377550078419,0,0,184,0,128,256,1,1,256,64,1
"KERNEL_DISPATCH","Agent 2",1,0,220354,5119,29,"fused_silu_mul_mq_rotate_awq_i4_gfx12",5119,9377535949281,9377538059267,0,0,56,0,128,32,1,1,2176,8192,1
"KERNEL_DISPATCH","Agent 2",1,0,220354,5828,22,"gdn_chunk_scan",5828,9378180653483,9378180753045,60928,0,192,0,128,512,1,1,512,48,1
"KERNEL_DISPATCH","Agent 2",1,0,220354,5114,46,"sigmoid_mul_rotate_x_mq_awq_i4_gfx12",5114,9377521469178,9377522199988,0,0,88,0,128,32,1,1,6291456,1,1
"KERNEL_DISPATCH","Agent 2",1,0,220354,5109,32,"rmsnorm_f32",5109,9377508145930,9377508374453,0,0,16,0,128,256,1,1,8388608,1,1
"KERNEL_DISPATCH","Agent 2",1,0,220354,5823,24,"gemm_mq4g256v2_residual_mmq_iu4_full_set_symfold",5823,9378179525109,9378179584430,0,0,184,0,128,256,1,1,256,64,1
"KERNEL_DISPATCH","Agent 2",1,0,220354,5104,23,"fused_rmsnorm_mq_rotate_awq_i4_gfx12",5104,9377501357005,9377501826811,0,0,96,0,128,256,1,1,2097152,1,1
"KERNEL_DISPATCH","Agent 2",1,0,220354,5818,25,"gemm_mq4g256v2_residual_mmq_iu4_full_add_symfold",5818,9378167251875,9378173356912,0,0,184,0,128,256,1,1,10240,64,1
"KERNEL_DISPATCH","Agent 2",1,0,220354,5099,23,"fused_rmsnorm_mq_rotate_awq_i4_gfx12",5099,9377480842266,9377481316872,0,0,96,0,128,256,1,1,2097152,1,1
"KERNEL_DISPATCH","Agent 2",1,0,220354,5813,25,"gemm_mq4g256v2_residual_mmq_iu4_full_add_symfold",5813,9378150734907,9378152909854,0,0,184,0,128,256,1,1,10240,64,1
"KERNEL_DISPATCH","Agent 2",1,0,220354,5094,22,"gdn_chunk_scan",5094,9377477344982,9377477443704,60928,0,192,0,128,512,1,1,512,48,1
"KERNEL_DISPATCH","Agent 2",1,0,220354,5808,21,"gdn_chunk_kkt_solve",5808,9378149481611,9378149504171,11776,0,104,0,128,128,1,1,1024,16,1
"KERNEL_DISPATCH","Agent 2",1,0,220354,5089,21,"gdn_chunk_kkt_solve",5089,9377477064339,9377477086979,11776,0,104,0,128,128,1,1,1024,16,1
"KERNEL_DISPATCH","Agent 2",1,0,220354,5803,22,"gdn_chunk_scan",5803,9378149126326,9378149223887,60928,0,192,0,128,512,1,1,512,48,1
"KERNEL_DISPATCH","Agent 2",1,0,220354,5084,22,"gdn_chunk_scan",5084,9377476703654,9377476803376,60928,0,192,0,128,512,1,1,512,48,1
"KERNEL_DISPATCH","Agent 2",1,0,220354,5798,21,"gdn_chunk_kkt_solve",5798,9378148843763,9378148866243,11776,0,104,0,128,128,1,1,1024,16,1
"KERNEL_DISPATCH","Agent 2",1,0,220354,5079,21,"gdn_chunk_kkt_solve",5079,9377476419171,9377476442011,11776,0,104,0,128,128,1,1,1024,16,1
"KERNEL_DISPATCH","Agent 2",1,0,220354,5074,22,"gdn_chunk_scan",5074,9377476058726,9377476157927,60928,0,192,0,128,512,1,1,512,48,1
"KERNEL_DISPATCH","Agent 2",1,0,220354,5793,22,"gdn_chunk_scan",5793,9378148484438,9378148583239,60928,0,192,0,128,512,1,1,512,48,1
"KERNEL_DISPATCH","Agent 2",1,0,220354,5069,21,"gdn_chunk_kkt_solve",5069,9377475771643,9377475794963,11776,0,104,0,128,128,1,1,1024,16,1
"KERNEL_DISPATCH","Agent 2",1,0,220354,5064,20,"gdn_chunk_prep",5064,9377474599148,9377475504039,0,0,72,0,128,256,1,1,32768,10,1
"KERNEL_DISPATCH","Agent 2",1,0,220354,5059,23,"fused_rmsnorm_mq_rotate_awq_i4_gfx12",5059,9377468394750,9377468864596,0,0,96,0,128,256,1,1,2097152,1,1
"KERNEL_DISPATCH","Agent 2",1,0,220354,5054,23,"fused_rmsnorm_mq_rotate_awq_i4_gfx12",5054,9377448007973,9377448476819,0,0,96,0,128,256,1,1,2097152,1,1
"KERNEL_DISPATCH","Agent 2",1,0,220354,5049,22,"gdn_chunk_scan",5049,9377444542449,9377444640690,60928,0,192,0,128,512,1,1,512,48,1
"KERNEL_DISPATCH","Agent 2",1,0,220354,5044,21,"gdn_chunk_kkt_solve",5044,9377444260406,9377444283126,11776,0,104,0,128,128,1,1,1024,16,1
"KERNEL_DISPATCH","Agent 2",1,0,220354,5039,22,"gdn_chunk_scan",5039,9377443901041,9377444000562,60928,0,192,0,128,512,1,1,512,48,1
"KERNEL_DISPATCH","Agent 2",1,0,220354,5034,21,"gdn_chunk_kkt_solve",5034,9377443617477,9377443640318,11776,0,104,0,128,128,1,1,1024,16,1
"KERNEL_DISPATCH","Agent 2",1,0,220354,5029,22,"gdn_chunk_scan",5029,9377443258193,9377443357154,60928,0,192,0,128,512,1,1,512,48,1
"KERNEL_DISPATCH","Agent 2",1,0,220354,5024,21,"gdn_chunk_kkt_solve",5024,9377442974349,9377442997230,11776,0,104,0,128,128,1,1,1024,16,1
"KERNEL_DISPATCH","Agent 2",1,0,220354,5019,20,"gdn_chunk_prep",5019,9377441807815,9377442707586,0,0,72,0,128,256,1,1,32768,10,1
"KERNEL_DISPATCH","Agent 2",1,0,220354,5014,23,"fused_rmsnorm_mq_rotate_awq_i4_gfx12",5014,9377435616937,9377436089023,0,0,96,0,128,256,1,1,2097152,1,1
"KERNEL_DISPATCH","Agent 2",1,0,220354,5009,23,"fused_rmsnorm_mq_rotate_awq_i4_gfx12",5009,9377415205360,9377415669005,0,0,96,0,128,256,1,1,2097152,1,1
"KERNEL_DISPATCH","Agent 2",1,0,220354,5004,22,"gdn_chunk_scan",5004,9377411810957,9377411909478,60928,0,192,0,128,512,1,1,512,48,1
"KERNEL_DISPATCH","Agent 2",1,0,220354,4999,21,"gdn_chunk_kkt_solve",4999,9377411531913,9377411554714,11776,0,104,0,128,128,1,1,1024,16,1
"KERNEL_DISPATCH","Agent 2",1,0,220354,4994,22,"gdn_chunk_scan",4994,9377411176629,9377411274350,60928,0,192,0,128,512,1,1,512,48,1
"KERNEL_DISPATCH","Agent 2",1,0,220354,4989,21,"gdn_chunk_kkt_solve",4989,9377410895505,9377410918065,11776,0,104,0,128,128,1,1,1024,16,1
"KERNEL_DISPATCH","Agent 2",1,0,220354,4984,22,"gdn_chunk_scan",4984,9377410536421,9377410634982,60928,0,192,0,128,512,1,1,512,48,1
"KERNEL_DISPATCH","Agent 2",1,0,220354,4979,21,"gdn_chunk_kkt_solve",4979,9377410253897,9377410276737,11776,0,104,0,128,128,1,1,1024,16,1
"KERNEL_DISPATCH","Agent 2",1,0,220354,4974,20,"gdn_chunk_prep",4974,9377409090402,9377409990694,0,0,72,0,128,256,1,1,32768,10,1
"KERNEL_DISPATCH","Agent 2",1,0,220354,4969,23,"fused_rmsnorm_mq_rotate_awq_i4_gfx12",4969,9377402955125,9377403419691,0,0,96,0,128,256,1,1,2097152,1,1
"KERNEL_DISPATCH","Agent 2",1,0,220354,4964,23,"fused_rmsnorm_mq_rotate_awq_i4_gfx12",4964,9377382999354,9377383437999,0,0,96,0,128,256,1,1,2097152,1,1
"KERNEL_DISPATCH","Agent 2",1,0,220354,5286,22,"gdn_chunk_scan",5286,9377692479333,9377692578454,60928,0,192,0,128,512,1,1,512,48,1
"KERNEL_DISPATCH","Agent 2",1,0,220354,4959,35,"kv_cache_write_fp8_e4m3_batched",4959,9377367680001,9377367745922,0,0,56,0,128,32,1,1,128,8192,1
"KERNEL_DISPATCH","Agent 2",1,0,220354,5281,21,"gdn_chunk_kkt_solve",5281,9377692196609,9377692219290,11776,0,104,0,128,128,1,1,1024,16,1
"KERNEL_DISPATCH","Agent 2",1,0,220354,4954,24,"gemm_mq4g256v2_residual_mmq_iu4_full_set_symfold",4954,9377364951566,9377365306971,0,0,184,0,128,256,1,1,2048,64,1
"KERNEL_DISPATCH","Agent 2",1,0,220354,5276,24,"gemm_mq4g256v2_residual_mmq_iu4_full_set_symfold",5276,9377691033875,9377691095235,0,0,184,0,128,256,1,1,256,64,1
"KERNEL_DISPATCH","Agent 2",1,0,220354,4949,24,"gemm_mq4g256v2_residual_mmq_iu4_full_set_symfold",4949,9377346259171,9377352096164,0,0,184,0,128,256,1,1,34816,64,1
"KERNEL_DISPATCH","Agent 2",1,0,220354,5271,29,"fused_silu_mul_mq_rotate_awq_i4_gfx12",5271,9377676877216,9377678985203,0,0,56,0,128,32,1,1,2176,8192,1
"KERNEL_DISPATCH","Agent 2",1,0,220354,4944,22,"gdn_chunk_scan",4944,9377336556049,9377336653610,60928,0,192,0,128,512,1,1,512,48,1
"KERNEL_DISPATCH","Agent 2",1,0,220354,5266,46,"sigmoid_mul_rotate_x_mq_awq_i4_gfx12",5266,9377662298513,9377663029322,0,0,88,0,128,32,1,1,6291456,1,1
"KERNEL_DISPATCH","Agent 2",1,0,220354,4939,21,"gdn_chunk_kkt_solve",4939,9377336276045,9377336298445,11776,0,104,0,128,128,1,1,1024,16,1
"KERNEL_DISPATCH","Agent 2",1,0,220354,5261,32,"rmsnorm_f32",5261,9377649210628,9377649438151,0,0,16,0,128,256,1,1,8388608,1,1
"KERNEL_DISPATCH","Agent 2",1,0,220354,4934,22,"gdn_chunk_scan",4934,9377335919841,9377336019202,60928,0,192,0,128,512,1,1,512,48,1
"KERNEL_DISPATCH","Agent 2",1,0,220354,5256,23,"fused_rmsnorm_mq_rotate_awq_i4_gfx12",5256,9377642422342,9377642893308,0,0,96,0,128,256,1,1,2097152,1,1
"KERNEL_DISPATCH","Agent 2",1,0,220354,4929,21,"gdn_chunk_kkt_solve",4929,9377335637237,9377335659557,11776,0,104,0,128,128,1,1,1024,16,1
"KERNEL_DISPATCH","Agent 2",1,0,220354,5251,23,"fused_rmsnorm_mq_rotate_awq_i4_gfx12",5251,9377621935524,9377622402890,0,0,96,0,128,256,1,1,2097152,1,1
"KERNEL_DISPATCH","Agent 2",1,0,220354,4924,22,"gdn_chunk_scan",4924,9377335277992,9377335376914,60928,0,192,0,128,512,1,1,512,48,1
"KERNEL_DISPATCH","Agent 2",1,0,220354,5246,22,"gdn_chunk_scan",5246,9377618489081,9377618588202,60928,0,192,0,128,512,1,1,512,48,1
"KERNEL_DISPATCH","Agent 2",1,0,220354,4919,21,"gdn_chunk_kkt_solve",4919,9377334994229,9377335016869,11776,0,104,0,128,128,1,1,1024,16,1
"KERNEL_DISPATCH","Agent 2",1,0,220354,5241,21,"gdn_chunk_kkt_solve",5241,9377618202837,9377618225357,11776,0,104,0,128,128,1,1,1024,16,1
"KERNEL_DISPATCH","Agent 2",1,0,220354,4914,22,"gdn_chunk_scan",4914,9377334631744,9377334733626,60928,0,192,0,128,512,1,1,512,48,1
"KERNEL_DISPATCH","Agent 2",1,0,220354,5236,22,"gdn_chunk_scan",5236,9377617845353,9377617944554,60928,0,192,0,128,512,1,1,512,48,1
"KERNEL_DISPATCH","Agent 2",1,0,220354,4909,24,"gemm_mq4g256v2_residual_mmq_iu4_full_set_symfold",4909,9377331478865,9377333561211,0,0,184,0,128,256,1,1,12288,64,1
"KERNEL_DISPATCH","Agent 2",1,0,220354,5231,21,"gdn_chunk_kkt_solve",5231,9377617562389,9377617585389,11776,0,104,0,128,128,1,1,1024,16,1
"KERNEL_DISPATCH","Agent 2",1,0,220354,4904,24,"gemm_mq4g256v2_residual_mmq_iu4_full_set_symfold",4904,9377313415237,9377319280231,0,0,184,0,128,256,1,1,34816,64,1
"KERNEL_DISPATCH","Agent 2",1,0,220354,5226,22,"gdn_chunk_scan",5226,9377617202264,9377617301426,60928,0,192,0,128,512,1,1,512,48,1
"KERNEL_DISPATCH","Agent 2",1,0,220354,4899,22,"gdn_chunk_scan",4899,9377303825396,9377303924557,60928,0,192,0,128,512,1,1,512,48,1
"KERNEL_DISPATCH","Agent 2",1,0,220354,5221,21,"gdn_chunk_kkt_solve",5221,9377616917421,9377616940421,11776,0,104,0,128,128,1,1,1024,16,1
"KERNEL_DISPATCH","Agent 2",1,0,220354,4894,21,"gdn_chunk_kkt_solve",4894,9377303543073,9377303565633,11776,0,104,0,128,128,1,1,1024,16,1
"KERNEL_DISPATCH","Agent 2",1,0,220354,5216,20,"gdn_chunk_prep",5216,9377615746846,9377616651138,0,0,72,0,128,256,1,1,32768,10,1
"KERNEL_DISPATCH","Agent 2",1,0,220354,4889,22,"gdn_chunk_scan",4889,9377303185428,9377303283829,60928,0,192,0,128,512,1,1,512,48,1
"KERNEL_DISPATCH","Agent 2",1,0,220354,5211,23,"fused_rmsnorm_mq_rotate_awq_i4_gfx12",5211,9377609541968,9377610012974,0,0,96,0,128,256,1,1,2097152,1,1
"KERNEL_DISPATCH","Agent 2",1,0,220354,4884,21,"gdn_chunk_kkt_solve",4884,9377302900945,9377302923705,11776,0,104,0,128,128,1,1,1024,16,1
"KERNEL_DISPATCH","Agent 2",1,0,220354,5206,23,"fused_rmsnorm_mq_rotate_awq_i4_gfx12",5206,9377589128191,9377589593037,0,0,96,0,128,256,1,1,2097152,1,1
"KERNEL_DISPATCH","Agent 2",1,0,220354,4879,22,"gdn_chunk_scan",4879,9377302537540,9377302638021,60928,0,192,0,128,512,1,1,512,48,1
"KERNEL_DISPATCH","Agent 2",1,0,220354,5201,22,"gdn_chunk_scan",5201,9377585715908,9377585814189,60928,0,192,0,128,512,1,1,512,48,1
"KERNEL_DISPATCH","Agent 2",1,0,220354,4874,21,"gdn_chunk_kkt_solve",4874,9377302250296,9377302273377,11776,0,104,0,128,128,1,1,1024,16,1
"KERNEL_DISPATCH","Agent 2",1,0,220354,5196,21,"gdn_chunk_kkt_solve",5196,9377585435104,9377585457585,11776,0,104,0,128,128,1,1,1024,16,1
"KERNEL_DISPATCH","Agent 2",1,0,220354,4869,22,"gdn_chunk_scan",4869,9377301882932,9377301986533,60928,0,192,0,128,512,1,1,512,48,1
"KERNEL_DISPATCH","Agent 2",1,0,220354,5191,22,"gdn_chunk_scan",5191,9377585078260,9377585176501,60928,0,192,0,128,512,1,1,512,48,1
"KERNEL_DISPATCH","Agent 2",1,0,220354,4864,24,"gemm_mq4g256v2_residual_mmq_iu4_full_set_symfold",4864,9377298721132,9377300811678,0,0,184,0,128,256,1,1,12288,64,1
"KERNEL_DISPATCH","Agent 2",1,0,220354,5186,21,"gdn_chunk_kkt_solve",5186,9377584794696,9377584817656,11776,0,104,0,128,128,1,1,1024,16,1
"KERNEL_DISPATCH","Agent 2",1,0,220354,5181,22,"gdn_chunk_scan",5181,9377584433612,9377584533133,60928,0,192,0,128,512,1,1,512,48,1
"KERNEL_DISPATCH","Agent 2",1,0,220354,6492,52,"gemv_mq4g256v2_multirow_r2",6492,9378813587857,9378814678151,0,0,96,0,128,32,1,1,3973120,1,1
"KERNEL_DISPATCH","Agent 2",1,0,220354,5176,21,"gdn_chunk_kkt_solve",5176,9377584150248,9377584172968,11776,0,104,0,128,128,1,1,1024,16,1
"KERNEL_DISPATCH","Agent 2",1,0,220354,5171,20,"gdn_chunk_prep",5171,9377582985153,9377583885245,0,0,72,0,128,256,1,1,32768,10,1
"KERNEL_DISPATCH","Agent 2",1,0,220354,5166,23,"fused_rmsnorm_mq_rotate_awq_i4_gfx12",5166,9377576764235,9377577235321,0,0,96,0,128,256,1,1,2097152,1,1
"KERNEL_DISPATCH","Agent 2",1,0,220354,5161,23,"fused_rmsnorm_mq_rotate_awq_i4_gfx12",5161,9377556273617,9377556737183,0,0,96,0,128,256,1,1,2097152,1,1
"KERNEL_DISPATCH","Agent 2",1,0,220354,5156,22,"gdn_chunk_scan",5156,9377552872574,9377552971375,60928,0,192,0,128,512,1,1,512,48,1
"KERNEL_DISPATCH","Agent 2",1,0,220354,6487,29,"fused_silu_mul_mq_rotate_awq_i4_gfx12",6487,9378805399835,9378807512581,0,0,56,0,128,32,1,1,2176,8192,1
"KERNEL_DISPATCH","Agent 2",1,0,220354,6482,46,"sigmoid_mul_rotate_x_mq_awq_i4_gfx12",6482,9378790812171,9378791543220,0,0,88,0,128,32,1,1,6291456,1,1
"KERNEL_DISPATCH","Agent 2",1,0,220354,5788,21,"gdn_chunk_kkt_solve",5788,9378148201075,9378148223875,11776,0,104,0,128,128,1,1,1024,16,1
"KERNEL_DISPATCH","Agent 2",1,0,220354,4859,24,"gemm_mq4g256v2_residual_mmq_iu4_full_set_symfold",4859,9377280686145,9377286577139,0,0,184,0,128,256,1,1,34816,64,1
"KERNEL_DISPATCH","Agent 2",1,0,220354,5151,21,"gdn_chunk_kkt_solve",5151,9377552591290,9377552614131,11776,0,104,0,128,128,1,1,1024,16,1
"KERNEL_DISPATCH","Agent 2",1,0,220354,5146,22,"gdn_chunk_scan",5146,9377552234286,9377552332607,60928,0,192,0,128,512,1,1,512,48,1
"KERNEL_DISPATCH","Agent 2",1,0,220354,5141,21,"gdn_chunk_kkt_solve",5141,9377551952122,9377551974923,11776,0,104,0,128,128,1,1,1024,16,1
"KERNEL_DISPATCH","Agent 2",1,0,220354,6477,32,"rmsnorm_f32",6477,9378777579764,9378777807167,0,0,16,0,128,256,1,1,8388608,1,1
"KERNEL_DISPATCH","Agent 2",1,0,220354,5783,22,"gdn_chunk_scan",5783,9378147840390,9378147939431,60928,0,192,0,128,512,1,1,512,48,1
"KERNEL_DISPATCH","Agent 2",1,0,220354,4854,22,"gdn_chunk_scan",4854,9377271094344,9377271191985,60928,0,192,0,128,512,1,1,512,48,1
"KERNEL_DISPATCH","Agent 2",1,0,220354,5778,24,"gemm_mq4g256v2_residual_mmq_iu4_full_set_symfold",5778,9378146707416,9378146766297,0,0,184,0,128,256,1,1,256,64,1
"KERNEL_DISPATCH","Agent 2",1,0,220354,5136,22,"gdn_chunk_scan",5136,9377551592878,9377551691639,60928,0,192,0,128,512,1,1,512,48,1
"KERNEL_DISPATCH","Agent 2",1,0,220354,5773,25,"gemm_mq4g256v2_residual_mmq_iu4_full_add_symfold",5773,9378134456421,9378140558178,0,0,184,0,128,256,1,1,10240,64,1
"KERNEL_DISPATCH","Agent 2",1,0,220354,5131,21,"gdn_chunk_kkt_solve",5131,9377551309594,9377551332275,11776,0,104,0,128,128,1,1,1024,16,1
"KERNEL_DISPATCH","Agent 2",1,0,220354,5768,25,"gemm_mq4g256v2_residual_mmq_iu4_full_add_symfold",5768,9378118010654,9378120164041,0,0,184,0,128,256,1,1,10240,64,1
"KERNEL_DISPATCH","Agent 2",1,0,220354,5763,21,"gdn_chunk_kkt_solve",5763,9378116763519,9378116785759,11776,0,104,0,128,128,1,1,1024,16,1
"KERNEL_DISPATCH","Agent 2",1,0,220354,5126,20,"gdn_chunk_prep",5126,9377550144900,9377551046151,0,0,72,0,128,256,1,1,32768,10,1
"KERNEL_DISPATCH","Agent 2",1,0,220354,5758,22,"gdn_chunk_scan",5758,9378116409074,9378116506395,60928,0,192,0,128,512,1,1,512,48,1
"KERNEL_DISPATCH","Agent 2",1,0,220354,6472,23,"fused_rmsnorm_mq_rotate_awq_i4_gfx12",6472,9378770766398,9378771237404,0,0,96,0,128,256,1,1,2097152,1,1
"KERNEL_DISPATCH","Agent 2",1,0,220354,6467,23,"fused_rmsnorm_mq_rotate_awq_i4_gfx12",6467,9378750258100,9378750729746,0,0,96,0,128,256,1,1,2097152,1,1
"KERNEL_DISPATCH","Agent 2",1,0,220354,5121,23,"fused_rmsnorm_mq_rotate_awq_i4_gfx12",5121,9377543988662,9377544456948,0,0,96,0,128,256,1,1,2097152,1,1
"KERNEL_DISPATCH","Agent 2",1,0,220354,6462,22,"gdn_chunk_scan",6462,9378746817737,9378746917378,60928,0,192,0,128,512,1,1,512,48,1
"KERNEL_DISPATCH","Agent 2",1,0,220354,6457,21,"gdn_chunk_kkt_solve",6457,9378746535213,9378746558133,11776,0,104,0,128,128,1,1,1024,16,1
"KERNEL_DISPATCH","Agent 2",1,0,220354,5116,23,"fused_rmsnorm_mq_rotate_awq_i4_gfx12",5116,9377524228773,9377524665739,0,0,96,0,128,256,1,1,2097152,1,1
"KERNEL_DISPATCH","Agent 2",1,0,220354,6493,6,"__amd_rocclr_fillBufferUnAligned",6493,9378814798792,9378814801032,0,0,8,0,128,256,1,1,8192,1,1
"KERNEL_DISPATCH","Agent 2",1,0,220354,6452,22,"gdn_chunk_scan",6452,9378746175089,9378746274370,60928,0,192,0,128,512,1,1,512,48,1
"KERNEL_DISPATCH","Agent 2",1,0,220354,5753,21,"gdn_chunk_kkt_solve",5753,9378116130191,9378116152431,11776,0,104,0,128,128,1,1,1024,16,1
"KERNEL_DISPATCH","Agent 2",1,0,220354,5748,22,"gdn_chunk_scan",5748,9378115771306,9378115870027,60928,0,192,0,128,512,1,1,512,48,1
"KERNEL_DISPATCH","Agent 2",1,0,220354,6447,21,"gdn_chunk_kkt_solve",6447,9378745891205,9378745914165,11776,0,104,0,128,128,1,1,1024,16,1
"KERNEL_DISPATCH","Agent 2",1,0,220354,6496,6,"__amd_rocclr_fillBufferUnAligned",6496,9378814815792,9378814817432,0,0,8,0,128,256,1,1,8192,1,1
"KERNEL_DISPATCH","Agent 2",1,0,220354,5111,35,"kv_cache_write_fp8_e4m3_batched",5111,9377508747578,9377508813619,0,0,56,0,128,32,1,1,128,8192,1
"KERNEL_DISPATCH","Agent 2",1,0,220354,6497,6,"__amd_rocclr_fillBufferUnAligned",6497,9378814821072,9378814822712,0,0,8,0,128,256,1,1,8192,1,1
"KERNEL_DISPATCH","Agent 2",1,0,220354,5106,24,"gemm_mq4g256v2_residual_mmq_iu4_full_set_symfold",5106,9377506013064,9377506368308,0,0,184,0,128,256,1,1,2048,64,1
"KERNEL_DISPATCH","Agent 2",1,0,220354,5101,24,"gemm_mq4g256v2_residual_mmq_iu4_full_set_symfold",5101,9377487338668,9377493184022,0,0,184,0,128,256,1,1,34816,64,1
"KERNEL_DISPATCH","Agent 2",1,0,220354,6442,22,"gdn_chunk_scan",6442,9378745530520,9378745629802,60928,0,192,0,128,512,1,1,512,48,1
"KERNEL_DISPATCH","Agent 2",1,0,220354,4849,21,"gdn_chunk_kkt_solve",4849,9377270810700,9377270833221,11776,0,104,0,128,128,1,1,1024,16,1
"KERNEL_DISPATCH","Agent 2",1,0,220354,6498,6,"__amd_rocclr_fillBufferUnAligned",6498,9378814826272,9378814828553,0,0,8,0,128,256,1,1,8192,1,1
"KERNEL_DISPATCH","Agent 2",1,0,220354,6437,21,"gdn_chunk_kkt_solve",6437,9378745245677,9378745268997,11776,0,104,0,128,128,1,1,1024,16,1
"KERNEL_DISPATCH","Agent 2",1,0,220354,6494,6,"__amd_rocclr_fillBufferUnAligned",6494,9378814804832,9378814806992,0,0,8,0,128,256,1,1,8192,1,1
"KERNEL_DISPATCH","Agent 2",1,0,220354,6432,20,"gdn_chunk_prep",6432,9378744079302,9378744979633,0,0,72,0,128,256,1,1,32768,10,1
"KERNEL_DISPATCH","Agent 2",1,0,220354,5743,21,"gdn_chunk_kkt_solve",5743,9378115487342,9378115510183,11776,0,104,0,128,128,1,1,1024,16,1
"KERNEL_DISPATCH","Agent 2",1,0,220354,6427,23,"fused_rmsnorm_mq_rotate_awq_i4_gfx12",6427,9378737812663,9378738284589,0,0,96,0,128,256,1,1,2097152,1,1
"KERNEL_DISPATCH","Agent 2",1,0,220354,5738,22,"gdn_chunk_scan",5738,9378115128738,9378115226939,60928,0,192,0,128,512,1,1,512,48,1
"KERNEL_DISPATCH","Agent 2",1,0,220354,6422,23,"fused_rmsnorm_mq_rotate_awq_i4_gfx12",6422,9378717342165,9378717811411,0,0,96,0,128,256,1,1,2097152,1,1
"KERNEL_DISPATCH","Agent 2",1,0,220354,5733,24,"gemm_mq4g256v2_residual_mmq_iu4_full_set_symfold",5733,9378114005244,9378114063524,0,0,184,0,128,256,1,1,256,64,1
"KERNEL_DISPATCH","Agent 2",1,0,220354,6417,22,"gdn_chunk_scan",6417,9378713886242,9378713985883,60928,0,192,0,128,512,1,1,512,48,1
"KERNEL_DISPATCH","Agent 2",1,0,220354,5728,25,"gemm_mq4g256v2_residual_mmq_iu4_full_add_symfold",5728,9378101893171,9378107887527,0,0,184,0,128,256,1,1,10240,64,1
"KERNEL_DISPATCH","Agent 2",1,0,220354,6412,21,"gdn_chunk_kkt_solve",6412,9378713603278,9378713625678,11776,0,104,0,128,128,1,1,1024,16,1
"KERNEL_DISPATCH","Agent 2",1,0,220354,6499,6,"__amd_rocclr_fillBufferUnAligned",6499,9378814848273,9378814850153,0,0,8,0,128,256,1,1,8192,1,1
"KERNEL_DISPATCH","Agent 2",1,0,220354,6407,22,"gdn_chunk_scan",6407,9378713243754,9378713342715,60928,0,192,0,128,512,1,1,512,48,1
"KERNEL_DISPATCH","Agent 2",1,0,220354,6402,21,"gdn_chunk_kkt_solve",6402,9378712959390,9378712982350,11776,0,104,0,128,128,1,1,1024,16,1
"KERNEL_DISPATCH","Agent 2",1,0,220354,6397,22,"gdn_chunk_scan",6397,9378712597585,9378712696827,60928,0,192,0,128,512,1,1,512,48,1
"KERNEL_DISPATCH","Agent 2",1,0,220354,4844,22,"gdn_chunk_scan",4844,9377270450776,9377270549657,60928,0,192,0,128,512,1,1,512,48,1
"KERNEL_DISPATCH","Agent 2",1,0,220354,4839,21,"gdn_chunk_kkt_solve",4839,9377270167172,9377270190012,11776,0,104,0,128,128,1,1,1024,16,1
"KERNEL_DISPATCH","Agent 2",1,0,220354,4834,22,"gdn_chunk_scan",4834,9377269804368,9377269905409,60928,0,192,0,128,512,1,1,512,48,1
"KERNEL_DISPATCH","Agent 2",1,0,220354,4829,21,"gdn_chunk_kkt_solve",4829,9377269517244,9377269540164,11776,0,104,0,128,128,1,1,1024,16,1
"KERNEL_DISPATCH","Agent 2",1,0,220354,4824,22,"gdn_chunk_scan",4824,9377269152039,9377269254361,60928,0,192,0,128,512,1,1,512,48,1
"KERNEL_DISPATCH","Agent 2",1,0,220354,4819,24,"gemm_mq4g256v2_residual_mmq_iu4_full_set_symfold",4819,9377265998080,9377268077026,0,0,184,0,128,256,1,1,12288,64,1
"KERNEL_DISPATCH","Agent 2",1,0,220354,4814,24,"gemm_mq4g256v2_residual_mmq_iu4_full_set_symfold",4814,9377248213496,9377253942208,0,0,184,0,128,256,1,1,34816,64,1
"KERNEL_DISPATCH","Agent 2",1,0,220354,6502,6,"__amd_rocclr_fillBufferUnAligned",6502,9378814877873,9378814879673,0,0,8,0,128,256,1,1,8192,1,1
"KERNEL_DISPATCH","Agent 2",1,0,220354,4809,43,"attention_fp8_e4m3_fa2_gqa_packet_gfx1201",4809,9377226910387,9377239352424,0,0,240,0,128,256,1,1,6144,4,16
"KERNEL_DISPATCH","Agent 2",1,0,220354,6392,21,"gdn_chunk_kkt_solve",6392,9378712313382,9378712336222,11776,0,104,0,128,128,1,1,1024,16,1
"KERNEL_DISPATCH","Agent 2",1,0,220354,6387,20,"gdn_chunk_prep",6387,9378711147207,9378712048339,0,0,72,0,128,256,1,1,32768,10,1
"KERNEL_DISPATCH","Agent 2",1,0,220354,6382,23,"fused_rmsnorm_mq_rotate_awq_i4_gfx12",6382,9378704850008,9378705322374,0,0,96,0,128,256,1,1,2097152,1,1
"KERNEL_DISPATCH","Agent 2",1,0,220354,5096,22,"gdn_chunk_scan",5096,9377477473384,9377477572705,60928,0,192,0,128,512,1,1,512,48,1
"KERNEL_DISPATCH","Agent 2",1,0,220354,6377,23,"fused_rmsnorm_mq_rotate_awq_i4_gfx12",6377,9378684360950,9378684826516,0,0,96,0,128,256,1,1,2097152,1,1
"KERNEL_DISPATCH","Agent 2",1,0,220354,6504,6,"__amd_rocclr_fillBufferUnAligned",6504,9378814888633,9378814890393,0,0,8,0,128,256,1,1,8192,1,1
"KERNEL_DISPATCH","Agent 2",1,0,220354,4804,30,"deinterleave_q_rmsnorm_f32_batched",4804,9377224743440,9377226136857,0,0,24,0,128,256,1,1,6144,8192,1
"KERNEL_DISPATCH","Agent 2",1,0,220354,6372,22,"gdn_chunk_scan",6372,9378680917906,9378681016468,60928,0,192,0,128,512,1,1,512,48,1
"KERNEL_DISPATCH","Agent 2",1,0,220354,4799,25,"gemm_mq4g256v2_residual_mmq_iu4_full_add_symfold",4799,9377213303896,9377219363932,0,0,184,0,128,256,1,1,10240,64,1
"KERNEL_DISPATCH","Agent 2",1,0,220354,4794,25,"gemm_mq4g256v2_residual_mmq_iu4_full_add_symfold",4794,9377196792128,9377198979075,0,0,184,0,128,256,1,1,10240,64,1
"KERNEL_DISPATCH","Agent 2",1,0,220354,6506,6,"__amd_rocclr_fillBufferUnAligned",6506,9378814899473,9378814901193,0,0,8,0,128,256,1,1,8192,1,1
"KERNEL_DISPATCH","Agent 2",1,0,220354,5723,25,"gemm_mq4g256v2_residual_mmq_iu4_full_add_symfold",5723,9378086009291,9378088015396,0,0,184,0,128,256,1,1,10240,64,1
"KERNEL_DISPATCH","Agent 2",1,0,220354,6501,6,"__amd_rocclr_fillBufferUnAligned",6501,9378814872033,9378814874153,0,0,8,0,128,256,1,1,8192,1,1
"KERNEL_DISPATCH","Agent 2",1,0,220354,6508,6,"__amd_rocclr_fillBufferUnAligned",6508,9378814910114,9378814911754,0,0,8,0,128,256,1,1,8192,1,1
"KERNEL_DISPATCH","Agent 2",1,0,220354,6503,6,"__amd_rocclr_fillBufferUnAligned",6503,9378814883153,9378814885113,0,0,8,0,128,256,1,1,8192,1,1
"KERNEL_DISPATCH","Agent 2",1,0,220354,5718,33,"rope_partial_halfsplit_batched_f32",5718,9378072241518,9378072607002,0,0,16,0,128,32,1,1,32,8192,1
"KERNEL_DISPATCH","Agent 2",1,0,220354,5713,24,"gemm_mq4g256v2_residual_mmq_iu4_full_set_symfold",5713,9378065682915,9378069859088,0,0,184,0,128,256,1,1,24576,64,1
"KERNEL_DISPATCH","Agent 2",1,0,220354,5708,24,"gemm_mq4g256v2_residual_mmq_iu4_full_set_symfold",5708,9378045267298,9378051216413,0,0,184,0,128,256,1,1,34816,64,1
"KERNEL_DISPATCH","Agent 2",1,0,220354,6511,6,"__amd_rocclr_fillBufferUnAligned",6511,9378814937834,9378814939994,0,0,8,0,128,256,1,1,8192,1,1
"KERNEL_DISPATCH","Agent 2",1,0,220354,5091,21,"gdn_chunk_kkt_solve",5091,9377477191780,9377477214021,11776,0,104,0,128,128,1,1,1024,16,1
"KERNEL_DISPATCH","Agent 2",1,0,220354,6513,6,"__amd_rocclr_fillBufferUnAligned",6513,9378814950634,9378814952594,0,0,8,0,128,256,1,1,8192,1,1
"KERNEL_DISPATCH","Agent 2",1,0,220354,6367,21,"gdn_chunk_kkt_solve",6367,9378680636343,9378680659143,11776,0,104,0,128,128,1,1,1024,16,1
"KERNEL_DISPATCH","Agent 2",1,0,220354,4789,21,"gdn_chunk_kkt_solve",4789,9377195529152,9377195552032,11776,0,104,0,128,128,1,1,1024,16,1
"KERNEL_DISPATCH","Agent 2",1,0,220354,6516,6,"__amd_rocclr_fillBufferUnAligned",6516,9378814967274,9378814968954,0,0,8,0,128,256,1,1,8192,1,1
"KERNEL_DISPATCH","Agent 2",1,0,220354,6517,6,"__amd_rocclr_fillBufferUnAligned",6517,9378814972514,9378814974434,0,0,8,0,128,256,1,1,8192,1,1
"KERNEL_DISPATCH","Agent 2",1,0,220354,6512,6,"__amd_rocclr_fillBufferUnAligned",6512,9378814944114,9378814946034,0,0,8,0,128,256,1,1,8192,1,1
"KERNEL_DISPATCH","Agent 2",1,0,220354,6518,6,"__amd_rocclr_fillBufferUnAligned",6518,9378814978554,9378814980354,0,0,8,0,128,256,1,1,8192,1,1
"KERNEL_DISPATCH","Agent 2",1,0,220354,5703,21,"gdn_chunk_kkt_solve",5703,9378041431329,9378041453890,11776,0,104,0,128,128,1,1,1024,16,1
"KERNEL_DISPATCH","Agent 2",1,0,220354,6519,6,"__amd_rocclr_fillBufferUnAligned",6519,9378814983834,9378814985594,0,0,8,0,128,256,1,1,8192,1,1
"KERNEL_DISPATCH","Agent 2",1,0,220354,6514,6,"__amd_rocclr_fillBufferUnAligned",6514,9378814956154,9378814957914,0,0,8,0,128,256,1,1,8192,1,1
"KERNEL_DISPATCH","Agent 2",1,0,220354,6521,6,"__amd_rocclr_fillBufferUnAligned",6521,9378814995115,9378814996875,0,0,8,0,128,256,1,1,8192,1,1
"KERNEL_DISPATCH","Agent 2",1,0,220354,5086,22,"gdn_chunk_scan",5086,9377476832616,9377476931977,60928,0,192,0,128,512,1,1,512,48,1
"KERNEL_DISPATCH","Agent 2",1,0,220354,5698,22,"gdn_chunk_scan",5698,9378041076765,9378041174606,60928,0,192,0,128,512,1,1,512,48,1
"KERNEL_DISPATCH","Agent 2",1,0,220354,6522,6,"__amd_rocclr_fillBufferUnAligned",6522,9378815000395,9378815002115,0,0,8,0,128,256,1,1,8192,1,1
"KERNEL_DISPATCH","Agent 2",1,0,220354,5081,21,"gdn_chunk_kkt_solve",5081,9377476548452,9377476571333,11776,0,104,0,128,128,1,1,1024,16,1
"KERNEL_DISPATCH","Agent 2",1,0,220354,6523,6,"__amd_rocclr_fillBufferUnAligned",6523,9378815005675,9378815007555,0,0,8,0,128,256,1,1,8192,1,1
"KERNEL_DISPATCH","Agent 2",1,0,220354,6524,6,"__amd_rocclr_fillBufferUnAligned",6524,9378815011235,9378815012955,0,0,8,0,128,256,1,1,8192,1,1
"KERNEL_DISPATCH","Agent 2",1,0,220354,6509,6,"__amd_rocclr_fillBufferUnAligned",6509,9378814915314,9378814917074,0,0,8,0,128,256,1,1,8192,1,1
"KERNEL_DISPATCH","Agent 2",1,0,220354,4784,22,"gdn_chunk_scan",4784,9377195171027,9377195269549,60928,0,192,0,128,512,1,1,512,48,1
"KERNEL_DISPATCH","Agent 2",1,0,220354,4779,21,"gdn_chunk_kkt_solve",4779,9377194887344,9377194909984,11776,0,104,0,128,128,1,1,1024,16,1
"KERNEL_DISPATCH","Agent 2",1,0,220354,6526,6,"__amd_rocclr_fillBufferUnAligned",6526,9378815021795,9378815023515,0,0,8,0,128,256,1,1,8192,1,1
"KERNEL_DISPATCH","Agent 2",1,0,220354,5076,22,"gdn_chunk_scan",5076,9377476187208,9377476287289,60928,0,192,0,128,512,1,1,512,48,1
"KERNEL_DISPATCH","Agent 2",1,0,220354,5071,21,"gdn_chunk_kkt_solve",5071,9377475902004,9377475925005,11776,0,104,0,128,128,1,1,1024,16,1
"KERNEL_DISPATCH","Agent 2",1,0,220354,5066,22,"gdn_chunk_scan",5066,9377475534560,9377475637961,60928,0,192,0,128,512,1,1,512,48,1
"KERNEL_DISPATCH","Agent 2",1,0,220354,6528,6,"__amd_rocclr_fillBufferUnAligned",6528,9378815032835,9378815034635,0,0,8,0,128,256,1,1,8192,1,1
"KERNEL_DISPATCH","Agent 2",1,0,220354,5858,25,"gemm_mq4g256v2_residual_mmq_iu4_full_add_symfold",5858,9378183569400,9378185789788,0,0,184,0,128,256,1,1,10240,64,1
"KERNEL_DISPATCH","Agent 2",1,0,220354,5314,24,"gemm_mq4g256v2_residual_mmq_iu4_full_set_symfold",5314,9377697759879,9377703554232,0,0,184,0,128,256,1,1,34816,64,1
"KERNEL_DISPATCH","Agent 2",1,0,220354,5693,21,"gdn_chunk_kkt_solve",5693,9378040794761,9378040817442,11776,0,104,0,128,128,1,1,1024,16,1
"KERNEL_DISPATCH","Agent 2",1,0,220354,5688,22,"gdn_chunk_scan",5688,9378040436757,9378040535118,60928,0,192,0,128,512,1,1,512,48,1
"KERNEL_DISPATCH","Agent 2",1,0,220354,5683,21,"gdn_chunk_kkt_solve",5683,9378040154673,9378040177274,11776,0,104,0,128,128,1,1,1024,16,1
"KERNEL_DISPATCH","Agent 2",1,0,220354,6529,6,"__amd_rocclr_fillBufferUnAligned",6529,9378815038075,9378815039835,0,0,8,0,128,256,1,1,8192,1,1
"KERNEL_DISPATCH","Agent 2",1,0,220354,6531,6,"__amd_rocclr_fillBufferUnAligned",6531,9378815048675,9378815050475,0,0,8,0,128,256,1,1,8192,1,1
"KERNEL_DISPATCH","Agent 2",1,0,220354,5678,22,"gdn_chunk_scan",5678,9378039794909,9378039893710,60928,0,192,0,128,512,1,1,512,48,1
"KERNEL_DISPATCH","Agent 2",1,0,220354,5061,24,"gemm_mq4g256v2_residual_mmq_iu4_full_set_symfold",5061,9377472358720,9377474458226,0,0,184,0,128,256,1,1,12288,64,1
"KERNEL_DISPATCH","Agent 2",1,0,220354,5056,24,"gemm_mq4g256v2_residual_mmq_iu4_full_set_symfold",5056,9377454423414,9377460230207,0,0,184,0,128,256,1,1,34816,64,1
"KERNEL_DISPATCH","Agent 2",1,0,220354,5051,22,"gdn_chunk_scan",5051,9377444670491,9377444768812,60928,0,192,0,128,512,1,1,512,48,1
"KERNEL_DISPATCH","Agent 2",1,0,220354,5046,21,"gdn_chunk_kkt_solve",5046,9377444388447,9377444410847,11776,0,104,0,128,128,1,1,1024,16,1
"KERNEL_DISPATCH","Agent 2",1,0,220354,6532,6,"__amd_rocclr_fillBufferUnAligned",6532,9378815053955,9378815066716,0,0,8,0,128,256,1,1,8192,1,1
"KERNEL_DISPATCH","Agent 2",1,0,220354,6533,6,"__amd_rocclr_fillBufferUnAligned",6533,9378815071476,9378815073316,0,0,8,0,128,256,1,1,8192,1,1
"KERNEL_DISPATCH","Agent 2",1,0,220354,5673,21,"gdn_chunk_kkt_solve",5673,9378039508145,9378039530865,11776,0,104,0,128,128,1,1,1024,16,1
"KERNEL_DISPATCH","Agent 2",1,0,220354,6534,6,"__amd_rocclr_fillBufferUnAligned",6534,9378815077036,9378815078996,0,0,8,0,128,256,1,1,8192,1,1
"KERNEL_DISPATCH","Agent 2",1,0,220354,4774,22,"gdn_chunk_scan",4774,9377194526819,9377194625780,60928,0,192,0,128,512,1,1,512,48,1
"KERNEL_DISPATCH","Agent 2",1,0,220354,4769,21,"gdn_chunk_kkt_solve",4769,9377194242936,9377194265616,11776,0,104,0,128,128,1,1,1024,16,1
"KERNEL_DISPATCH","Agent 2",1,0,220354,6536,6,"__amd_rocclr_fillBufferUnAligned",6536,9378815087756,9378815089556,0,0,8,0,128,256,1,1,8192,1,1
"KERNEL_DISPATCH","Agent 2",1,0,220354,6537,6,"__amd_rocclr_fillBufferUnAligned",6537,9378815092996,9378815094676,0,0,8,0,128,256,1,1,8192,1,1
"KERNEL_DISPATCH","Agent 2",1,0,220354,6538,6,"__amd_rocclr_fillBufferUnAligned",6538,9378815098236,9378815100036,0,0,8,0,128,256,1,1,8192,1,1
"KERNEL_DISPATCH","Agent 2",1,0,220354,6539,6,"__amd_rocclr_fillBufferUnAligned",6539,9378815103516,9378815105276,0,0,8,0,128,256,1,1,8192,1,1
"KERNEL_DISPATCH","Agent 2",1,0,220354,6527,6,"__amd_rocclr_fillBufferUnAligned",6527,9378815027715,9378815029395,0,0,8,0,128,256,1,1,8192,1,1
"KERNEL_DISPATCH","Agent 2",1,0,220354,6541,6,"__amd_rocclr_fillBufferUnAligned",6541,9378815114236,9378815116316,0,0,8,0,128,256,1,1,1536,1,1
"KERNEL_DISPATCH","Agent 2",1,0,220354,4764,22,"gdn_chunk_scan",4764,9377193880851,9377193980892,60928,0,192,0,128,512,1,1,512,48,1
"KERNEL_DISPATCH","Agent 2",1,0,220354,6507,6,"__amd_rocclr_fillBufferUnAligned",6507,9378814904713,9378814906513,0,0,8,0,128,256,1,1,8192,1,1
"KERNEL_DISPATCH","Agent 2",1,0,220354,5668,24,"gemm_mq4g256v2_residual_mmq_iu4_full_set_symfold",5668,9378032897142,9378036374226,0,0,184,0,128,256,1,1,20480,64,1
"KERNEL_DISPATCH","Agent 2",1,0,220354,5041,22,"gdn_chunk_scan",5041,9377444030043,9377444129124,60928,0,192,0,128,512,1,1,512,48,1
"KERNEL_DISPATCH","Agent 2",1,0,220354,5663,24,"gemm_mq4g256v2_residual_mmq_iu4_full_set_symfold",5663,9378012580246,9378018369279,0,0,184,0,128,256,1,1,34816,64,1
"KERNEL_DISPATCH","Agent 2",1,0,220354,5658,21,"gdn_chunk_kkt_solve",5658,9378008817638,9378008839919,11776,0,104,0,128,128,1,1,1024,16,1
"KERNEL_DISPATCH","Agent 2",1,0,220354,5653,22,"gdn_chunk_scan",5653,9378008463754,9378008561075,60928,0,192,0,128,512,1,1,512,48,1
"KERNEL_DISPATCH","Agent 2",1,0,220354,5036,21,"gdn_chunk_kkt_solve",5036,9377443746439,9377443768879,11776,0,104,0,128,128,1,1,1024,16,1
"KERNEL_DISPATCH","Agent 2",1,0,220354,5031,22,"gdn_chunk_scan",5031,9377443386515,9377443485476,60928,0,192,0,128,512,1,1,512,48,1
"KERNEL_DISPATCH","Agent 2",1,0,220354,5026,21,"gdn_chunk_kkt_solve",5026,9377443103871,9377443126431,11776,0,104,0,128,128,1,1,1024,16,1
"KERNEL_DISPATCH","Agent 2",1,0,220354,4759,24,"gemm_mq4g256v2_residual_mmq_iu4_full_set_symfold",4759,9377192755117,9377192814038,0,0,184,0,128,256,1,1,256,64,1
"KERNEL_DISPATCH","Agent 2",1,0,220354,6542,6,"__amd_rocclr_fillBufferUnAligned",6542,9378815135836,9378815148557,0,0,8,0,128,256,1,1,1536,1,1
"KERNEL_DISPATCH","Agent 2",1,0,220354,5021,22,"gdn_chunk_scan",5021,9377442738266,9377442841588,60928,0,192,0,128,512,1,1,512,48,1
"KERNEL_DISPATCH","Agent 2",1,0,220354,6543,6,"__amd_rocclr_fillBufferUnAligned",6543,9378815152197,9378815153677,0,0,8,0,128,256,1,1,1536,1,1
"KERNEL_DISPATCH","Agent 2",1,0,220354,6362,22,"gdn_chunk_scan",6362,9378680279138,9378680377620,60928,0,192,0,128,512,1,1,512,48,1
"KERNEL_DISPATCH","Agent 2",1,0,220354,5016,24,"gemm_mq4g256v2_residual_mmq_iu4_full_set_symfold",5016,9377439589587,9377441668933,0,0,184,0,128,256,1,1,12288,64,1
"KERNEL_DISPATCH","Agent 2",1,0,220354,5011,24,"gemm_mq4g256v2_residual_mmq_iu4_full_set_symfold",5011,9377421530359,9377427373233,0,0,184,0,128,256,1,1,34816,64,1
"KERNEL_DISPATCH","Agent 2",1,0,220354,5648,21,"gdn_chunk_kkt_solve",5648,9378008185631,9378008207751,11776,0,104,0,128,128,1,1,1024,16,1
"KERNEL_DISPATCH","Agent 2",1,0,220354,6544,6,"__amd_rocclr_fillBufferUnAligned",6544,9378815169357,9378815181997,0,0,8,0,128,256,1,1,1536,1,1
"KERNEL_DISPATCH","Agent 2",1,0,220354,5643,22,"gdn_chunk_scan",5643,9378007829266,9378007928107,60928,0,192,0,128,512,1,1,512,48,1
"KERNEL_DISPATCH","Agent 2",1,0,220354,6546,6,"__amd_rocclr_fillBufferUnAligned",6546,9378815191117,9378815192757,0,0,8,0,128,256,1,1,1536,1,1
"KERNEL_DISPATCH","Agent 2",1,0,220354,6547,6,"__amd_rocclr_fillBufferUnAligned",6547,9378815196557,9378815198437,0,0,8,0,128,256,1,1,1536,1,1
"KERNEL_DISPATCH","Agent 2",1,0,220354,5006,22,"gdn_chunk_scan",5006,9377411938918,9377412036200,60928,0,192,0,128,512,1,1,512,48,1
"KERNEL_DISPATCH","Agent 2",1,0,220354,5001,21,"gdn_chunk_kkt_solve",5001,9377411658675,9377411681035,11776,0,104,0,128,128,1,1,1024,16,1
"KERNEL_DISPATCH","Agent 2",1,0,220354,6357,21,"gdn_chunk_kkt_solve",6357,9378679997575,9378680020415,11776,0,104,0,128,128,1,1,1024,16,1
"KERNEL_DISPATCH","Agent 2",1,0,220354,6548,6,"__amd_rocclr_fillBufferUnAligned",6548,9378815213637,9378815215197,0,0,8,0,128,256,1,1,1536,1,1
"KERNEL_DISPATCH","Agent 2",1,0,220354,4996,22,"gdn_chunk_scan",4996,9377411303270,9377411401392,60928,0,192,0,128,512,1,1,512,48,1
"KERNEL_DISPATCH","Agent 2",1,0,220354,6549,6,"__amd_rocclr_fillBufferUnAligned",6549,9378815219117,9378815220877,0,0,8,0,128,256,1,1,1536,1,1
"KERNEL_DISPATCH","Agent 2",1,0,220354,5638,21,"gdn_chunk_kkt_solve",5638,9378007546022,9378007568503,11776,0,104,0,128,128,1,1,1024,16,1
"KERNEL_DISPATCH","Agent 2",1,0,220354,4754,25,"gemm_mq4g256v2_residual_mmq_iu4_full_add_symfold",4754,9377180467122,9377186593799,0,0,184,0,128,256,1,1,10240,64,1
"KERNEL_DISPATCH","Agent 2",1,0,220354,5633,22,"gdn_chunk_scan",5633,9378007187978,9378007286299,60928,0,192,0,128,512,1,1,512,48,1
"KERNEL_DISPATCH","Agent 2",1,0,220354,5628,21,"gdn_chunk_kkt_solve",5628,9378006903454,9378006926135,11776,0,104,0,128,128,1,1,1024,16,1
"KERNEL_DISPATCH","Agent 2",1,0,220354,4749,25,"gemm_mq4g256v2_residual_mmq_iu4_full_add_symfold",4749,9377163989794,9377166167062,0,0,184,0,128,256,1,1,10240,64,1
"KERNEL_DISPATCH","Agent 2",1,0,220354,5623,24,"gemm_mq4g256v2_residual_mmq_iu4_full_set_symfold",5623,9378000236890,9378003755815,0,0,184,0,128,256,1,1,20480,64,1
"KERNEL_DISPATCH","Agent 2",1,0,220354,5618,24,"gemm_mq4g256v2_residual_mmq_iu4_full_set_symfold",5618,9377979654231,9377985551225,0,0,184,0,128,256,1,1,34816,64,1
"KERNEL_DISPATCH","Agent 2",1,0,220354,6551,6,"__amd_rocclr_fillBufferUnAligned",6551,9378815241958,9378815243718,0,0,8,0,128,256,1,1,1536,1,1
"KERNEL_DISPATCH","Agent 2",1,0,220354,4991,21,"gdn_chunk_kkt_solve",4991,9377411023347,9377411046147,11776,0,104,0,128,128,1,1,1024,16,1
"KERNEL_DISPATCH","Agent 2",1,0,220354,5613,21,"gdn_chunk_kkt_solve",5613,9377975823743,9377975846743,11776,0,104,0,128,128,1,1,1024,16,1
"KERNEL_DISPATCH","Agent 2",1,0,220354,4986,22,"gdn_chunk_scan",4986,9377410664382,9377410763624,60928,0,192,0,128,512,1,1,512,48,1
"KERNEL_DISPATCH","Agent 2",1,0,220354,4981,21,"gdn_chunk_kkt_solve",4981,9377410382019,9377410404659,11776,0,104,0,128,128,1,1,1024,16,1
"KERNEL_DISPATCH","Agent 2",1,0,220354,4976,22,"gdn_chunk_scan",4976,9377410020894,9377410122855,60928,0,192,0,128,512,1,1,512,48,1
"KERNEL_DISPATCH","Agent 2",1,0,220354,4971,24,"gemm_mq4g256v2_residual_mmq_iu4_full_set_symfold",4971,9377406886135,9377408952081,0,0,184,0,128,256,1,1,12288,64,1
"KERNEL_DISPATCH","Agent 2",1,0,220354,6553,6,"__amd_rocclr_fillBufferUnAligned",6553,9378815266358,9378815268078,0,0,8,0,128,256,1,1,1536,1,1
"KERNEL_DISPATCH","Agent 2",1,0,220354,4966,24,"gemm_mq4g256v2_residual_mmq_iu4_full_set_symfold",4966,9377389031310,9377394783142,0,0,184,0,128,256,1,1,34816,64,1
"KERNEL_DISPATCH","Agent 2",1,0,220354,6554,6,"__amd_rocclr_fillBufferUnAligned",6554,9378815271838,9378815273438,0,0,8,0,128,256,1,1,1536,1,1
"KERNEL_DISPATCH","Agent 2",1,0,220354,5608,22,"gdn_chunk_scan",5608,9377975466738,9377975565060,60928,0,192,0,128,512,1,1,512,48,1
"KERNEL_DISPATCH","Agent 2",1,0,220354,5603,21,"gdn_chunk_kkt_solve",5603,9377975184935,9377975207455,11776,0,104,0,128,128,1,1,1024,16,1
"KERNEL_DISPATCH","Agent 2",1,0,220354,4744,21,"gdn_chunk_kkt_solve",4744,9377162726819,9377162749539,11776,0,104,0,128,128,1,1,1024,16,1
"KERNEL_DISPATCH","Agent 2",1,0,220354,6352,22,"gdn_chunk_scan",6352,9378679638930,9378679737411,60928,0,192,0,128,512,1,1,512,48,1
"KERNEL_DISPATCH","Agent 2",1,0,220354,6556,6,"__amd_rocclr_fillBufferUnAligned",6556,9378815281958,9378815284038,0,0,8,0,128,256,1,1,1536,1,1
"KERNEL_DISPATCH","Agent 2",1,0,220354,4961,43,"attention_fp8_e4m3_fa2_gqa_packet_gfx1201",4961,9377367842083,9377380206319,0,0,240,0,128,256,1,1,6144,4,16
"KERNEL_DISPATCH","Agent 2",1,0,220354,4956,30,"deinterleave_q_rmsnorm_f32_batched",4956,9377365669135,9377367068473,0,0,24,0,128,256,1,1,6144,8192,1
"KERNEL_DISPATCH","Agent 2",1,0,220354,4951,25,"gemm_mq4g256v2_residual_mmq_iu4_full_add_symfold",4951,9377354226911,9377360278547,0,0,184,0,128,256,1,1,10240,64,1
"KERNEL_DISPATCH","Agent 2",1,0,220354,6557,6,"__amd_rocclr_fillBufferUnAligned",6557,9378815309499,9378815311459,0,0,8,0,128,256,1,1,1536,1,1
"KERNEL_DISPATCH","Agent 2",1,0,220354,4946,25,"gemm_mq4g256v2_residual_mmq_iu4_full_add_symfold",4946,9377337657942,9377339852450,0,0,184,0,128,256,1,1,10240,64,1
"KERNEL_DISPATCH","Agent 2",1,0,220354,4941,21,"gdn_chunk_kkt_solve",4941,9377336402727,9377336425087,11776,0,104,0,128,128,1,1,1024,16,1
"KERNEL_DISPATCH","Agent 2",1,0,220354,4936,22,"gdn_chunk_scan",4936,9377336048762,9377336146203,60928,0,192,0,128,512,1,1,512,48,1
"KERNEL_DISPATCH","Agent 2",1,0,220354,4931,21,"gdn_chunk_kkt_solve",4931,9377335765439,9377335788039,11776,0,104,0,128,128,1,1,1024,16,1
"KERNEL_DISPATCH","Agent 2",1,0,220354,5598,22,"gdn_chunk_scan",5598,9377974825930,9377974924651,60928,0,192,0,128,512,1,1,512,48,1
"KERNEL_DISPATCH","Agent 2",1,0,220354,4739,22,"gdn_chunk_scan",4739,9377162366494,9377162465215,60928,0,192,0,128,512,1,1,512,48,1
"KERNEL_DISPATCH","Agent 2",1,0,220354,6558,6,"__amd_rocclr_fillBufferUnAligned",6558,9378815315699,9378815317499,0,0,8,0,128,256,1,1,1536,1,1
"KERNEL_DISPATCH","Agent 2",1,0,220354,6562,6,"__amd_rocclr_fillBufferUnAligned",6562,9378815350259,9378815352379,0,0,8,0,128,256,1,1,1536,1,1
"KERNEL_DISPATCH","Agent 2",1,0,220354,6561,6,"__amd_rocclr_fillBufferUnAligned",6561,9378815344939,9378815346619,0,0,8,0,128,256,1,1,1536,1,1
"KERNEL_DISPATCH","Agent 2",1,0,220354,4926,22,"gdn_chunk_scan",4926,9377335406474,9377335505355,60928,0,192,0,128,512,1,1,512,48,1
"KERNEL_DISPATCH","Agent 2",1,0,220354,6552,6,"__amd_rocclr_fillBufferUnAligned",6552,9378815247798,9378815249798,0,0,8,0,128,256,1,1,1536,1,1
"KERNEL_DISPATCH","Agent 2",1,0,220354,6564,6,"__amd_rocclr_fillBufferUnAligned",6564,9378815373699,9378815375739,0,0,8,0,128,256,1,1,1536,1,1
"KERNEL_DISPATCH","Agent 2",1,0,220354,4921,21,"gdn_chunk_kkt_solve",4921,9377335123471,9377335146031,11776,0,104,0,128,128,1,1,1024,16,1
"KERNEL_DISPATCH","Agent 2",1,0,220354,6559,6,"__amd_rocclr_fillBufferUnAligned",6559,9378815321379,9378815323259,0,0,8,0,128,256,1,1,1536,1,1
"KERNEL_DISPATCH","Agent 2",1,0,220354,4734,21,"gdn_chunk_kkt_solve",4734,9377162082610,9377162105171,11776,0,104,0,128,128,1,1,1024,16,1
"KERNEL_DISPATCH","Agent 2",1,0,220354,6566,6,"__amd_rocclr_fillBufferUnAligned",6566,9378815396740,9378815398260,0,0,8,0,128,256,1,1,1536,1,1
"KERNEL_DISPATCH","Agent 2",1,0,220354,4916,22,"gdn_chunk_scan",4916,9377334763186,9377334862347,60928,0,192,0,128,512,1,1,512,48,1
"KERNEL_DISPATCH","Agent 2",1,0,220354,4911,24,"gemm_mq4g256v2_residual_mmq_iu4_full_set_symfold",4911,9377333638132,9377333696853,0,0,184,0,128,256,1,1,256,64,1
"KERNEL_DISPATCH","Agent 2",1,0,220354,6569,6,"__amd_rocclr_fillBufferUnAligned",6569,9378815411700,9378815413140,0,0,8,0,128,256,1,1,1536,1,1
"KERNEL_DISPATCH","Agent 2",1,0,220354,4729,22,"gdn_chunk_scan",4729,9377161718166,9377161818327,60928,0,192,0,128,512,1,1,512,48,1
"KERNEL_DISPATCH","Agent 2",1,0,220354,6571,6,"__amd_rocclr_fillBufferUnAligned",6571,9378815421660,9378815423700,0,0,8,0,128,256,1,1,1536,1,1
"KERNEL_DISPATCH","Agent 2",1,0,220354,4906,25,"gemm_mq4g256v2_residual_mmq_iu4_full_add_symfold",4906,9377321418538,9377327497694,0,0,184,0,128,256,1,1,10240,64,1
"KERNEL_DISPATCH","Agent 2",1,0,220354,4724,21,"gdn_chunk_kkt_solve",4724,9377161430522,9377161453442,11776,0,104,0,128,128,1,1,1024,16,1
"KERNEL_DISPATCH","Agent 2",1,0,220354,6563,6,"__amd_rocclr_fillBufferUnAligned",6563,9378815367819,9378815369619,0,0,8,0,128,256,1,1,1536,1,1
"KERNEL_DISPATCH","Agent 2",1,0,220354,4901,25,"gemm_mq4g256v2_residual_mmq_iu4_full_add_symfold",4901,9377304930250,9377307104078,0,0,184,0,128,256,1,1,10240,64,1
"KERNEL_DISPATCH","Agent 2",1,0,220354,6347,21,"gdn_chunk_kkt_solve",6347,9378679356527,9378679379127,11776,0,104,0,128,128,1,1,1024,16,1
"KERNEL_DISPATCH","Agent 2",1,0,220354,6573,6,"__amd_rocclr_fillBufferUnAligned",6573,9378815444620,9378815446380,0,0,8,0,128,256,1,1,1536,1,1
"KERNEL_DISPATCH","Agent 2",1,0,220354,6572,6,"__amd_rocclr_fillBufferUnAligned",6572,9378815438940,9378815440500,0,0,8,0,128,256,1,1,1536,1,1
"KERNEL_DISPATCH","Agent 2",1,0,220354,6567,6,"__amd_rocclr_fillBufferUnAligned",6567,9378815401740,9378815403140,0,0,8,0,128,256,1,1,1536,1,1
"KERNEL_DISPATCH","Agent 2",1,0,220354,6568,6,"__amd_rocclr_fillBufferUnAligned",6568,9378815406740,9378815408180,0,0,8,0,128,256,1,1,1536,1,1
"KERNEL_DISPATCH","Agent 2",1,0,220354,6574,6,"__amd_rocclr_fillBufferUnAligned",6574,9378815450820,9378815452260,0,0,8,0,128,256,1,1,1536,1,1
"KERNEL_DISPATCH","Agent 2",1,0,220354,5593,21,"gdn_chunk_kkt_solve",5593,9377974541767,9377974564287,11776,0,104,0,128,128,1,1,1024,16,1
"KERNEL_DISPATCH","Agent 2",1,0,220354,6342,20,"gdn_chunk_prep",6342,9378678191832,9378679093483,0,0,72,0,128,256,1,1,32768,10,1
"KERNEL_DISPATCH","Agent 2",1,0,220354,4719,22,"gdn_chunk_scan",4719,9377161067318,9377161167039,60928,0,192,0,128,512,1,1,512,48,1
"KERNEL_DISPATCH","Agent 2",1,0,220354,6337,23,"fused_rmsnorm_mq_rotate_awq_i4_gfx12",6337,9378672026314,9378672493560,0,0,96,0,128,256,1,1,2097152,1,1
"KERNEL_DISPATCH","Agent 2",1,0,220354,4714,24,"gemm_mq4g256v2_residual_mmq_iu4_full_set_symfold",4714,9377159939863,9377159999144,0,0,184,0,128,256,1,1,256,64,1
"KERNEL_DISPATCH","Agent 2",1,0,220354,6578,6,"__amd_rocclr_fillBufferUnAligned",6578,9378815484381,9378815485781,0,0,8,0,128,256,1,1,1536,1,1
"KERNEL_DISPATCH","Agent 2",1,0,220354,5588,22,"gdn_chunk_scan",5588,9377974182482,9377974280763,60928,0,192,0,128,512,1,1,512,48,1
"KERNEL_DISPATCH","Agent 2",1,0,220354,6579,6,"__amd_rocclr_fillBufferUnAligned",6579,9378815489301,9378815491381,0,0,8,0,128,256,1,1,1536,1,1
"KERNEL_DISPATCH","Agent 2",1,0,220354,4709,25,"gemm_mq4g256v2_residual_mmq_iu4_full_add_symfold",4709,9377147752790,9377153788586,0,0,184,0,128,256,1,1,10240,64,1
"KERNEL_DISPATCH","Agent 2",1,0,220354,4704,25,"gemm_mq4g256v2_residual_mmq_iu4_full_add_symfold",4704,9377131184861,9377133401169,0,0,184,0,128,256,1,1,10240,64,1
"KERNEL_DISPATCH","Agent 2",1,0,220354,4699,21,"gdn_chunk_kkt_solve",4699,9377129924885,9377129947406,11776,0,104,0,128,128,1,1,1024,16,1
"KERNEL_DISPATCH","Agent 2",1,0,220354,4896,21,"gdn_chunk_kkt_solve",4896,9377303670274,9377303692795,11776,0,104,0,128,128,1,1,1024,16,1
"KERNEL_DISPATCH","Agent 2",1,0,220354,4694,22,"gdn_chunk_scan",4694,9377129567881,9377129666162,60928,0,192,0,128,512,1,1,512,48,1
"KERNEL_DISPATCH","Agent 2",1,0,220354,6581,6,"__amd_rocclr_fillBufferUnAligned",6581,9378815512301,9378815513941,0,0,8,0,128,256,1,1,1536,1,1
"KERNEL_DISPATCH","Agent 2",1,0,220354,6576,6,"__amd_rocclr_fillBufferUnAligned",6576,9378815473701,9378815475301,0,0,8,0,128,256,1,1,1536,1,1
"KERNEL_DISPATCH","Agent 2",1,0,220354,4891,22,"gdn_chunk_scan",4891,9377303313470,9377303411831,60928,0,192,0,128,512,1,1,512,48,1
"KERNEL_DISPATCH","Agent 2",1,0,220354,4886,21,"gdn_chunk_kkt_solve",4886,9377303031186,9377303053947,11776,0,104,0,128,128,1,1,1024,16,1
"KERNEL_DISPATCH","Agent 2",1,0,220354,4881,22,"gdn_chunk_scan",4881,9377302667822,9377302767543,60928,0,192,0,128,512,1,1,512,48,1
"KERNEL_DISPATCH","Agent 2",1,0,220354,6586,6,"__amd_rocclr_fillBufferUnAligned",6586,9378815549462,9378815551142,0,0,8,0,128,256,1,1,1536,1,1
"KERNEL_DISPATCH","Agent 2",1,0,220354,4876,21,"gdn_chunk_kkt_solve",4876,9377302380778,9377302403738,11776,0,104,0,128,128,1,1,1024,16,1
"KERNEL_DISPATCH","Agent 2",1,0,220354,5583,21,"gdn_chunk_kkt_solve",5583,9377973896079,9377973919039,11776,0,104,0,128,128,1,1,1024,16,1
"KERNEL_DISPATCH","Agent 2",1,0,220354,4871,22,"gdn_chunk_scan",4871,9377302016733,9377302116495,60928,0,192,0,128,512,1,1,512,48,1
"KERNEL_DISPATCH","Agent 2",1,0,220354,4866,24,"gemm_mq4g256v2_residual_mmq_iu4_full_set_symfold",4866,9377300888959,9377300948440,0,0,184,0,128,256,1,1,256,64,1
"KERNEL_DISPATCH","Agent 2",1,0,220354,4861,25,"gemm_mq4g256v2_residual_mmq_iu4_full_add_symfold",4861,9377288709606,9377294739162,0,0,184,0,128,256,1,1,10240,64,1
"KERNEL_DISPATCH","Agent 2",1,0,220354,4856,25,"gemm_mq4g256v2_residual_mmq_iu4_full_add_symfold",4856,9377272198918,9377274379425,0,0,184,0,128,256,1,1,10240,64,1
"KERNEL_DISPATCH","Agent 2",1,0,220354,4851,21,"gdn_chunk_kkt_solve",4851,9377270939302,9377270961982,11776,0,104,0,128,128,1,1,1024,16,1
"KERNEL_DISPATCH","Agent 2",1,0,220354,6588,6,"__amd_rocclr_fillBufferUnAligned",6588,9378815560822,9378815562222,0,0,8,0,128,256,1,1,1536,1,1
"KERNEL_DISPATCH","Agent 2",1,0,220354,6591,6,"__amd_rocclr_fillBufferUnAligned",6591,9378815576222,9378815578302,0,0,8,0,128,256,1,1,7680,1,1
"KERNEL_DISPATCH","Agent 2",1,0,220354,4689,21,"gdn_chunk_kkt_solve",4689,9377129285797,9377129308277,11776,0,104,0,128,128,1,1,1024,16,1
"KERNEL_DISPATCH","Agent 2",1,0,220354,4846,22,"gdn_chunk_scan",4846,9377270579617,9377270678579,60928,0,192,0,128,512,1,1,512,48,1
"KERNEL_DISPATCH","Agent 2",1,0,220354,6589,6,"__amd_rocclr_fillBufferUnAligned",6589,9378815565702,9378815567182,0,0,8,0,128,256,1,1,7680,1,1
"KERNEL_DISPATCH","Agent 2",1,0,220354,6583,6,"__amd_rocclr_fillBufferUnAligned",6583,9378815522701,9378815524141,0,0,8,0,128,256,1,1,1536,1,1
"KERNEL_DISPATCH","Agent 2",1,0,220354,4841,21,"gdn_chunk_kkt_solve",4841,9377270295854,9377270318454,11776,0,104,0,128,128,1,1,1024,16,1
"KERNEL_DISPATCH","Agent 2",1,0,220354,4836,22,"gdn_chunk_scan",4836,9377269935249,9377270035050,60928,0,192,0,128,512,1,1,512,48,1
"KERNEL_DISPATCH","Agent 2",1,0,220354,4831,21,"gdn_chunk_kkt_solve",4831,9377269647566,9377269670806,11776,0,104,0,128,128,1,1,1024,16,1
"KERNEL_DISPATCH","Agent 2",1,0,220354,6593,6,"__amd_rocclr_fillBufferUnAligned",6593,9378815599302,9378815601022,0,0,8,0,128,256,1,1,7680,1,1
"KERNEL_DISPATCH","Agent 2",1,0,220354,5578,24,"gemm_mq4g256v2_residual_mmq_iu4_full_set_symfold",5578,9377967314356,9377970765959,0,0,184,0,128,256,1,1,20480,64,1
"KERNEL_DISPATCH","Agent 2",1,0,220354,6594,6,"__amd_rocclr_fillBufferUnAligned",6594,9378815604862,9378815606742,0,0,8,0,128,256,1,1,7680,1,1
"KERNEL_DISPATCH","Agent 2",1,0,220354,5573,24,"gemm_mq4g256v2_residual_mmq_iu4_full_set_symfold",5573,9377947456945,9377952991095,0,0,184,0,128,256,1,1,34816,64,1
"KERNEL_DISPATCH","Agent 2",1,0,220354,4826,22,"gdn_chunk_scan",4826,9377269284481,9377269384522,60928,0,192,0,128,512,1,1,512,48,1
"KERNEL_DISPATCH","Agent 2",1,0,220354,6584,6,"__amd_rocclr_fillBufferUnAligned",6584,9378815527581,9378815529061,0,0,8,0,128,256,1,1,1536,1,1
"KERNEL_DISPATCH","Agent 2",1,0,220354,5568,35,"kv_cache_write_fp8_e4m3_batched",5568,9377931700227,9377931788308,0,0,56,0,128,32,1,1,128,8192,1
"KERNEL_DISPATCH","Agent 2",1,0,220354,4684,22,"gdn_chunk_scan",4684,9377128929153,9377129027874,60928,0,192,0,128,512,1,1,512,48,1
"KERNEL_DISPATCH","Agent 2",1,0,220354,6577,6,"__amd_rocclr_fillBufferUnAligned",6577,9378815479141,9378815480781,0,0,8,0,128,256,1,1,1536,1,1
"KERNEL_DISPATCH","Agent 2",1,0,220354,6592,6,"__amd_rocclr_fillBufferUnAligned",6592,9378815593422,9378815595222,0,0,8,0,128,256,1,1,7680,1,1
"KERNEL_DISPATCH","Agent 2",1,0,220354,6587,6,"__amd_rocclr_fillBufferUnAligned",6587,9378815555262,9378815556902,0,0,8,0,128,256,1,1,1536,1,1
"KERNEL_DISPATCH","Agent 2",1,0,220354,5563,24,"gemm_mq4g256v2_residual_mmq_iu4_full_set_symfold",5563,9377929258076,9377929612841,0,0,184,0,128,256,1,1,2048,64,1
"KERNEL_DISPATCH","Agent 2",1,0,220354,6596,6,"__amd_rocclr_fillBufferUnAligned",6596,9378815627423,9378815629623,0,0,8,0,128,256,1,1,7680,1,1
"KERNEL_DISPATCH","Agent 2",1,0,220354,4821,24,"gemm_mq4g256v2_residual_mmq_iu4_full_set_symfold",4821,9377268154547,9377268214068,0,0,184,0,128,256,1,1,256,64,1
"KERNEL_DISPATCH","Agent 2",1,0,220354,5558,29,"fused_silu_mul_mq_rotate_awq_i4_gfx12",5558,9377916073470,9377918179857,0,0,56,0,128,32,1,1,2176,8192,1
"KERNEL_DISPATCH","Agent 2",1,0,220354,4816,25,"gemm_mq4g256v2_residual_mmq_iu4_full_add_symfold",4816,9377256085755,9377262033670,0,0,184,0,128,256,1,1,10240,64,1
"KERNEL_DISPATCH","Agent 2",1,0,220354,6597,6,"__amd_rocclr_fillBufferUnAligned",6597,9378815651873,9378815653553,0,0,8,0,128,256,1,1,7680,1,1
"KERNEL_DISPATCH","Agent 2",1,0,220354,6598,6,"__amd_rocclr_fillBufferUnAligned",6598,9378815658073,9378815659593,0,0,8,0,128,256,1,1,7680,1,1
"KERNEL_DISPATCH","Agent 2",1,0,220354,5553,28,"gated_norm_mq_rotate_awq_i4_gfx12",5553,9377900745797,9377901729369,1024,0,40,0,128,64,1,1,1536,8192,1
"KERNEL_DISPATCH","Agent 2",1,0,220354,6602,6,"__amd_rocclr_fillBufferUnAligned",6602,9378815678473,9378815679953,0,0,8,0,128,256,1,1,7680,1,1
"KERNEL_DISPATCH","Agent 2",1,0,220354,6603,6,"__amd_rocclr_fillBufferUnAligned",6603,9378815683513,9378815684953,0,0,8,0,128,256,1,1,7680,1,1
"KERNEL_DISPATCH","Agent 2",1,0,220354,6582,6,"__amd_rocclr_fillBufferUnAligned",6582,9378815517781,9378815519221,0,0,8,0,128,256,1,1,1536,1,1
"KERNEL_DISPATCH","Agent 2",1,0,220354,5548,22,"gdn_chunk_scan",5548,9377900391072,9377900488314,60928,0,192,0,128,512,1,1,512,48,1
"KERNEL_DISPATCH","Agent 2",1,0,220354,5543,21,"gdn_chunk_kkt_solve",5543,9377900112029,9377900134749,11776,0,104,0,128,128,1,1,1024,16,1
"KERNEL_DISPATCH","Agent 2",1,0,220354,6607,6,"__amd_rocclr_fillBufferUnAligned",6607,9378815703274,9378815704794,0,0,8,0,128,256,1,1,7680,1,1
"KERNEL_DISPATCH","Agent 2",1,0,220354,6332,23,"fused_rmsnorm_mq_rotate_awq_i4_gfx12",6332,9378652225065,9378652665790,0,0,96,0,128,256,1,1,2097152,1,1
"KERNEL_DISPATCH","Agent 2",1,0,220354,6608,6,"__amd_rocclr_fillBufferUnAligned",6608,9378815708954,9378815710314,0,0,8,0,128,256,1,1,7680,1,1
"KERNEL_DISPATCH","Agent 2",1,0,220354,4811,25,"gemm_mq4g256v2_residual_mmq_iu4_full_add_symfold",4811,9377240106993,9377242114699,0,0,184,0,128,256,1,1,10240,64,1
"KERNEL_DISPATCH","Agent 2",1,0,220354,5538,22,"gdn_chunk_scan",5538,9377899755624,9377899854026,60928,0,192,0,128,512,1,1,512,48,1
"KERNEL_DISPATCH","Agent 2",1,0,220354,6611,6,"__amd_rocclr_fillBufferUnAligned",6611,9378815723834,9378815725354,0,0,8,0,128,256,1,1,7680,1,1
"KERNEL_DISPATCH","Agent 2",1,0,220354,6612,6,"__amd_rocclr_fillBufferUnAligned",6612,9378815729554,9378815731034,0,0,8,0,128,256,1,1,7680,1,1
"KERNEL_DISPATCH","Agent 2",1,0,220354,6613,6,"__amd_rocclr_fillBufferUnAligned",6613,9378815734714,9378815736114,0,0,8,0,128,256,1,1,7680,1,1
"KERNEL_DISPATCH","Agent 2",1,0,220354,6616,6,"__amd_rocclr_fillBufferUnAligned",6616,9378815749754,9378815751314,0,0,8,0,128,256,1,1,7680,1,1
"KERNEL_DISPATCH","Agent 2",1,0,220354,6617,6,"__amd_rocclr_fillBufferUnAligned",6617,9378815754754,9378815756154,0,0,8,0,128,256,1,1,7680,1,1
"KERNEL_DISPATCH","Agent 2",1,0,220354,6618,6,"__amd_rocclr_fillBufferUnAligned",6618,9378815759714,9378815761114,0,0,8,0,128,256,1,1,7680,1,1
"KERNEL_DISPATCH","Agent 2",1,0,220354,4679,21,"gdn_chunk_kkt_solve",4679,9377128645189,9377128668069,11776,0,104,0,128,128,1,1,1024,16,1
"KERNEL_DISPATCH","Agent 2",1,0,220354,6621,6,"__amd_rocclr_fillBufferUnAligned",6621,9378815775034,9378815776554,0,0,8,0,128,256,1,1,7680,1,1
"KERNEL_DISPATCH","Agent 2",1,0,220354,6622,6,"__amd_rocclr_fillBufferUnAligned",6622,9378815780194,9378815781595,0,0,8,0,128,256,1,1,7680,1,1
"KERNEL_DISPATCH","Agent 2",1,0,220354,6623,6,"__amd_rocclr_fillBufferUnAligned",6623,9378815785115,9378815786995,0,0,8,0,128,256,1,1,7680,1,1
"KERNEL_DISPATCH","Agent 2",1,0,220354,6624,6,"__amd_rocclr_fillBufferUnAligned",6624,9378815790435,9378815791675,0,0,8,0,128,256,1,1,7680,1,1
"KERNEL_DISPATCH","Agent 2",1,0,220354,6626,6,"__amd_rocclr_fillBufferUnAligned",6626,9378815800035,9378815801355,0,0,8,0,128,256,1,1,7680,1,1
"KERNEL_DISPATCH","Agent 2",1,0,220354,6627,6,"__amd_rocclr_fillBufferUnAligned",6627,9378815804875,9378815806515,0,0,8,0,128,256,1,1,7680,1,1
"KERNEL_DISPATCH","Agent 2",1,0,220354,6628,6,"__amd_rocclr_fillBufferUnAligned",6628,9378815810035,9378815811315,0,0,8,0,128,256,1,1,7680,1,1
"KERNEL_DISPATCH","Agent 2",1,0,220354,6629,6,"__amd_rocclr_fillBufferUnAligned",6629,9378815814875,9378815816195,0,0,8,0,128,256,1,1,7680,1,1
"KERNEL_DISPATCH","Agent 2",1,0,220354,6631,6,"__amd_rocclr_fillBufferUnAligned",6631,9378815824435,9378815825795,0,0,8,0,128,256,1,1,7680,1,1
"KERNEL_DISPATCH","Agent 2",1,0,220354,6632,6,"__amd_rocclr_fillBufferUnAligned",6632,9378815829275,9378815830675,0,0,8,0,128,256,1,1,7680,1,1
"KERNEL_DISPATCH","Agent 2",1,0,220354,6633,6,"__amd_rocclr_fillBufferUnAligned",6633,9378815834195,9378815835515,0,0,8,0,128,256,1,1,7680,1,1
"KERNEL_DISPATCH","Agent 2",1,0,220354,6634,6,"__amd_rocclr_fillBufferUnAligned",6634,9378815838995,9378815840595,0,0,8,0,128,256,1,1,7680,1,1
"KERNEL_DISPATCH","Agent 2",1,0,220354,6636,6,"__amd_rocclr_fillBufferUnAligned",6636,9378815849235,9378815850515,0,0,8,0,128,256,1,1,7680,1,1
"KERNEL_DISPATCH","Agent 2",1,0,220354,6637,6,"__amd_rocclr_fillBufferUnAligned",6637,9378815854075,9378815855915,0,0,8,0,128,256,1,1,8192,1,1
"KERNEL_DISPATCH","Agent 2",1,0,220354,6638,6,"__amd_rocclr_fillBufferUnAligned",6638,9378815859395,9378815861156,0,0,8,0,128,256,1,1,8192,1,1
"KERNEL_DISPATCH","Agent 2",1,0,220354,6644,6,"__amd_rocclr_fillBufferUnAligned",6644,9378815892076,9378815893876,0,0,8,0,128,256,1,1,8192,1,1
"KERNEL_DISPATCH","Agent 2",1,0,220354,6646,6,"__amd_rocclr_fillBufferUnAligned",6646,9378815902636,9378815904476,0,0,8,0,128,256,1,1,8192,1,1
"KERNEL_DISPATCH","Agent 2",1,0,220354,6647,6,"__amd_rocclr_fillBufferUnAligned",6647,9378815907956,9378815909756,0,0,8,0,128,256,1,1,8192,1,1
"KERNEL_DISPATCH","Agent 2",1,0,220354,6648,6,"__amd_rocclr_fillBufferUnAligned",6648,9378815913156,9378815914996,0,0,8,0,128,256,1,1,8192,1,1
"KERNEL_DISPATCH","Agent 2",1,0,220354,6654,6,"__amd_rocclr_fillBufferUnAligned",6654,9378815945397,9378815947437,0,0,8,0,128,256,1,1,8192,1,1
"KERNEL_DISPATCH","Agent 2",1,0,220354,6656,6,"__amd_rocclr_fillBufferUnAligned",6656,9378815956277,9378815958237,0,0,8,0,128,256,1,1,8192,1,1
"KERNEL_DISPATCH","Agent 2",1,0,220354,6657,6,"__amd_rocclr_fillBufferUnAligned",6657,9378815962237,9378815964117,0,0,8,0,128,256,1,1,8192,1,1
"KERNEL_DISPATCH","Agent 2",1,0,220354,6658,6,"__amd_rocclr_fillBufferUnAligned",6658,9378815967637,9378815969637,0,0,8,0,128,256,1,1,8192,1,1
"KERNEL_DISPATCH","Agent 2",1,0,220354,6669,6,"__amd_rocclr_fillBufferUnAligned",6669,9378816028678,9378816030718,0,0,8,0,128,256,1,1,8192,1,1
"KERNEL_DISPATCH","Agent 2",1,0,220354,6671,6,"__amd_rocclr_fillBufferUnAligned",6671,9378816040038,9378816041958,0,0,8,0,128,256,1,1,8192,1,1
"KERNEL_DISPATCH","Agent 2",1,0,220354,6672,6,"__amd_rocclr_fillBufferUnAligned",6672,9378816045438,9378816047358,0,0,8,0,128,256,1,1,8192,1,1
"KERNEL_DISPATCH","Agent 2",1,0,220354,6673,6,"__amd_rocclr_fillBufferUnAligned",6673,9378816050838,9378816052758,0,0,8,0,128,256,1,1,8192,1,1
"KERNEL_DISPATCH","Agent 2",1,0,220354,6689,6,"__amd_rocclr_fillBufferUnAligned",6689,9378816136999,9378816138599,0,0,8,0,128,256,1,1,8192,1,1
"KERNEL_DISPATCH","Agent 2",1,0,220354,6691,6,"__amd_rocclr_fillBufferUnAligned",6691,9378816147279,9378816149079,0,0,8,0,128,256,1,1,8192,1,1
"KERNEL_DISPATCH","Agent 2",1,0,220354,6692,6,"__amd_rocclr_fillBufferUnAligned",6692,9378816152559,9378816154119,0,0,8,0,128,256,1,1,8192,1,1
"KERNEL_DISPATCH","Agent 2",1,0,220354,6693,6,"__amd_rocclr_fillBufferUnAligned",6693,9378816157599,9378816159079,0,0,8,0,128,256,1,1,8192,1,1
"KERNEL_DISPATCH","Agent 2",1,0,220354,6721,6,"__amd_rocclr_fillBufferUnAligned",6721,9378816312561,9378816315001,0,0,8,0,128,256,1,1,8192,1,1
"KERNEL_DISPATCH","Agent 2",1,0,220354,6722,6,"__amd_rocclr_fillBufferUnAligned",6722,9378816318601,9378816320641,0,0,8,0,128,256,1,1,8192,1,1
"KERNEL_DISPATCH","Agent 2",1,0,220354,6723,6,"__amd_rocclr_fillBufferUnAligned",6723,9378816324281,9378816326841,0,0,8,0,128,256,1,1,8192,1,1
"KERNEL_DISPATCH","Agent 2",1,0,220354,6771,6,"__amd_rocclr_fillBufferUnAligned",6771,9378816583765,9378816585485,0,0,8,0,128,256,1,1,1536,1,1
"KERNEL_DISPATCH","Agent 2",1,0,220354,6719,6,"__amd_rocclr_fillBufferUnAligned",6719,9378816301281,9378816303241,0,0,8,0,128,256,1,1,8192,1,1
"KERNEL_DISPATCH","Agent 2",1,0,220354,6772,6,"__amd_rocclr_fillBufferUnAligned",6772,9378816589285,9378816590725,0,0,8,0,128,256,1,1,1536,1,1
"KERNEL_DISPATCH","Agent 2",1,0,220354,6778,6,"__amd_rocclr_fillBufferUnAligned",6778,9378816619205,9378816620565,0,0,8,0,128,256,1,1,1536,1,1
"KERNEL_DISPATCH","Agent 2",1,0,220354,6857,6,"__amd_rocclr_fillBufferUnAligned",6857,9378817024490,9378817026770,0,0,8,0,128,256,1,1,8192,1,1
"KERNEL_DISPATCH","Agent 2",1,0,220354,6859,6,"__amd_rocclr_fillBufferUnAligned",6859,9378817035970,9378817038170,0,0,8,0,128,256,1,1,8192,1,1
"KERNEL_DISPATCH","Agent 2",1,0,220354,6868,6,"__amd_rocclr_fillBufferUnAligned",6868,9378817087371,9378817089651,0,0,8,0,128,256,1,1,8192,1,1
"KERNEL_DISPATCH","Agent 2",1,0,220354,6872,6,"__amd_rocclr_fillBufferUnAligned",6872,9378817110051,9378817112331,0,0,8,0,128,256,1,1,8192,1,1
"KERNEL_DISPATCH","Agent 2",1,0,220354,6867,6,"__amd_rocclr_fillBufferUnAligned",6867,9378817081451,9378817083771,0,0,8,0,128,256,1,1,8192,1,1
"KERNEL_DISPATCH","Agent 2",1,0,220354,6862,6,"__amd_rocclr_fillBufferUnAligned",6862,9378817053211,9378817055451,0,0,8,0,128,256,1,1,8192,1,1
"KERNEL_DISPATCH","Agent 2",1,0,220354,6852,6,"__amd_rocclr_fillBufferUnAligned",6852,9378816995730,9378816998010,0,0,8,0,128,256,1,1,8192,1,1
"KERNEL_DISPATCH","Agent 2",1,0,220354,6873,6,"__amd_rocclr_fillBufferUnAligned",6873,9378817115731,9378817118011,0,0,8,0,128,256,1,1,8192,1,1
"KERNEL_DISPATCH","Agent 2",1,0,220354,6847,6,"__amd_rocclr_fillBufferUnAligned",6847,9378816967169,9378816969409,0,0,8,0,128,256,1,1,8192,1,1
"KERNEL_DISPATCH","Agent 2",1,0,220354,6863,6,"__amd_rocclr_fillBufferUnAligned",6863,9378817058851,9378817061091,0,0,8,0,128,256,1,1,8192,1,1
"KERNEL_DISPATCH","Agent 2",1,0,220354,6858,6,"__amd_rocclr_fillBufferUnAligned",6858,9378817030210,9378817032530,0,0,8,0,128,256,1,1,8192,1,1
"KERNEL_DISPATCH","Agent 2",1,0,220354,6853,6,"__amd_rocclr_fillBufferUnAligned",6853,9378817001450,9378817003650,0,0,8,0,128,256,1,1,8192,1,1
"KERNEL_DISPATCH","Agent 2",1,0,220354,6842,6,"__amd_rocclr_fillBufferUnAligned",6842,9378816938489,9378816940769,0,0,8,0,128,256,1,1,8192,1,1
"KERNEL_DISPATCH","Agent 2",1,0,220354,6874,6,"__amd_rocclr_fillBufferUnAligned",6874,9378817121571,9378817123771,0,0,8,0,128,256,1,1,8192,1,1
"KERNEL_DISPATCH","Agent 2",1,0,220354,6837,6,"__amd_rocclr_fillBufferUnAligned",6837,9378816910009,9378816912369,0,0,8,0,128,256,1,1,8192,1,1
"KERNEL_DISPATCH","Agent 2",1,0,220354,6832,6,"__amd_rocclr_fillBufferUnAligned",6832,9378816881128,9378816883248,0,0,8,0,128,256,1,1,8192,1,1
"KERNEL_DISPATCH","Agent 2",1,0,220354,6848,6,"__amd_rocclr_fillBufferUnAligned",6848,9378816972810,9378816975010,0,0,8,0,128,256,1,1,8192,1,1
"KERNEL_DISPATCH","Agent 2",1,0,220354,6843,6,"__amd_rocclr_fillBufferUnAligned",6843,9378816944289,9378816946489,0,0,8,0,128,256,1,1,8192,1,1
"KERNEL_DISPATCH","Agent 2",1,0,220354,6827,6,"__amd_rocclr_fillBufferUnAligned",6827,9378816854368,9378816855728,0,0,8,0,128,256,1,1,7680,1,1
"KERNEL_DISPATCH","Agent 2",1,0,220354,6822,6,"__amd_rocclr_fillBufferUnAligned",6822,9378816830368,9378816831568,0,0,8,0,128,256,1,1,7680,1,1
"KERNEL_DISPATCH","Agent 2",1,0,220354,6817,6,"__amd_rocclr_fillBufferUnAligned",6817,9378816806247,9378816807567,0,0,8,0,128,256,1,1,7680,1,1
"KERNEL_DISPATCH","Agent 2",1,0,220354,6812,6,"__amd_rocclr_fillBufferUnAligned",6812,9378816782367,9378816783607,0,0,8,0,128,256,1,1,7680,1,1
"KERNEL_DISPATCH","Agent 2",1,0,220354,6807,6,"__amd_rocclr_fillBufferUnAligned",6807,9378816758167,9378816759527,0,0,8,0,128,256,1,1,7680,1,1
"KERNEL_DISPATCH","Agent 2",1,0,220354,6802,6,"__amd_rocclr_fillBufferUnAligned",6802,9378816734167,9378816735487,0,0,8,0,128,256,1,1,7680,1,1
"KERNEL_DISPATCH","Agent 2",1,0,220354,6876,6,"__amd_rocclr_fillBufferUnAligned",6876,9378817132972,9378817136492,0,0,8,0,128,256,1,1,8192,1,1
"KERNEL_DISPATCH","Agent 2",1,0,220354,6871,6,"__amd_rocclr_fillBufferUnAligned",6871,9378817104411,9378817106651,0,0,8,0,128,256,1,1,8192,1,1
"KERNEL_DISPATCH","Agent 2",1,0,220354,6866,6,"__amd_rocclr_fillBufferUnAligned",6866,9378817075851,9378817078011,0,0,8,0,128,256,1,1,8192,1,1
"KERNEL_DISPATCH","Agent 2",1,0,220354,6861,6,"__amd_rocclr_fillBufferUnAligned",6861,9378817047490,9378817049810,0,0,8,0,128,256,1,1,8192,1,1
"KERNEL_DISPATCH","Agent 2",1,0,220354,6856,6,"__amd_rocclr_fillBufferUnAligned",6856,9378817018450,9378817021050,0,0,8,0,128,256,1,1,8192,1,1
"KERNEL_DISPATCH","Agent 2",1,0,220354,6851,6,"__amd_rocclr_fillBufferUnAligned",6851,9378816989890,9378816992290,0,0,8,0,128,256,1,1,8192,1,1
"KERNEL_DISPATCH","Agent 2",1,0,220354,6846,6,"__amd_rocclr_fillBufferUnAligned",6846,9378816961409,9378816963609,0,0,8,0,128,256,1,1,8192,1,1
"KERNEL_DISPATCH","Agent 2",1,0,220354,6841,6,"__amd_rocclr_fillBufferUnAligned",6841,9378816932729,9378816934969,0,0,8,0,128,256,1,1,8192,1,1
"KERNEL_DISPATCH","Agent 2",1,0,220354,6836,6,"__amd_rocclr_fillBufferUnAligned",6836,9378816904249,9378816906529,0,0,8,0,128,256,1,1,8192,1,1
"KERNEL_DISPATCH","Agent 2",1,0,220354,6831,6,"__amd_rocclr_fillBufferUnAligned",6831,9378816875528,9378816877688,0,0,8,0,128,256,1,1,8192,1,1
"KERNEL_DISPATCH","Agent 2",1,0,220354,6826,6,"__amd_rocclr_fillBufferUnAligned",6826,9378816849528,9378816850928,0,0,8,0,128,256,1,1,7680,1,1
"KERNEL_DISPATCH","Agent 2",1,0,220354,6821,6,"__amd_rocclr_fillBufferUnAligned",6821,9378816825648,9378816826928,0,0,8,0,128,256,1,1,7680,1,1
"KERNEL_DISPATCH","Agent 2",1,0,220354,6816,6,"__amd_rocclr_fillBufferUnAligned",6816,9378816801567,9378816802767,0,0,8,0,128,256,1,1,7680,1,1
"KERNEL_DISPATCH","Agent 2",1,0,220354,6811,6,"__amd_rocclr_fillBufferUnAligned",6811,9378816777607,9378816778967,0,0,8,0,128,256,1,1,7680,1,1
"KERNEL_DISPATCH","Agent 2",1,0,220354,6806,6,"__amd_rocclr_fillBufferUnAligned",6806,9378816753407,9378816754727,0,0,8,0,128,256,1,1,7680,1,1
"KERNEL_DISPATCH","Agent 2",1,0,220354,6801,6,"__amd_rocclr_fillBufferUnAligned",6801,9378816729326,9378816730566,0,0,8,0,128,256,1,1,7680,1,1
"KERNEL_DISPATCH","Agent 2",1,0,220354,6796,6,"__amd_rocclr_fillBufferUnAligned",6796,9378816705446,9378816706766,0,0,8,0,128,256,1,1,7680,1,1
"KERNEL_DISPATCH","Agent 2",1,0,220354,6791,6,"__amd_rocclr_fillBufferUnAligned",6791,9378816681606,9378816682846,0,0,8,0,128,256,1,1,7680,1,1
"KERNEL_DISPATCH","Agent 2",1,0,220354,6786,6,"__amd_rocclr_fillBufferUnAligned",6786,9378816657686,9378816658966,0,0,8,0,128,256,1,1,7680,1,1
"KERNEL_DISPATCH","Agent 2",1,0,220354,6781,6,"__amd_rocclr_fillBufferUnAligned",6781,9378816633805,9378816635205,0,0,8,0,128,256,1,1,7680,1,1
"KERNEL_DISPATCH","Agent 2",1,0,220354,6776,6,"__amd_rocclr_fillBufferUnAligned",6776,9378816609565,9378816610965,0,0,8,0,128,256,1,1,1536,1,1
"KERNEL_DISPATCH","Agent 2",1,0,220354,6766,6,"__amd_rocclr_fillBufferUnAligned",6766,9378816559164,9378816560644,0,0,8,0,128,256,1,1,1536,1,1
"KERNEL_DISPATCH","Agent 2",1,0,220354,6761,6,"__amd_rocclr_fillBufferUnAligned",6761,9378816534484,9378816535844,0,0,8,0,128,256,1,1,1536,1,1
"KERNEL_DISPATCH","Agent 2",1,0,220354,6756,6,"__amd_rocclr_fillBufferUnAligned",6756,9378816509524,9378816510924,0,0,8,0,128,256,1,1,1536,1,1
"KERNEL_DISPATCH","Agent 2",1,0,220354,6751,6,"__amd_rocclr_fillBufferUnAligned",6751,9378816484603,9378816486043,0,0,8,0,128,256,1,1,1536,1,1
"KERNEL_DISPATCH","Agent 2",1,0,220354,6746,6,"__amd_rocclr_fillBufferUnAligned",6746,9378816459483,9378816460963,0,0,8,0,128,256,1,1,1536,1,1
"KERNEL_DISPATCH","Agent 2",1,0,220354,6741,6,"__amd_rocclr_fillBufferUnAligned",6741,9378816434563,9378816435963,0,0,8,0,128,256,1,1,1536,1,1
"KERNEL_DISPATCH","Agent 2",1,0,220354,6736,6,"__amd_rocclr_fillBufferUnAligned",6736,9378816409082,9378816410482,0,0,8,0,128,256,1,1,1536,1,1
"KERNEL_DISPATCH","Agent 2",1,0,220354,6731,6,"__amd_rocclr_fillBufferUnAligned",6731,9378816384082,9378816385842,0,0,8,0,128,256,1,1,8192,1,1
"KERNEL_DISPATCH","Agent 2",1,0,220354,6726,6,"__amd_rocclr_fillBufferUnAligned",6726,9378816341962,9378816344202,0,0,8,0,128,256,1,1,8192,1,1
"KERNEL_DISPATCH","Agent 2",1,0,220354,6716,6,"__amd_rocclr_fillBufferUnAligned",6716,9378816283081,9378816285521,0,0,8,0,128,256,1,1,8192,1,1
"KERNEL_DISPATCH","Agent 2",1,0,220354,6711,6,"__amd_rocclr_fillBufferUnAligned",6711,9378816253920,9378816256160,0,0,8,0,128,256,1,1,8192,1,1
"KERNEL_DISPATCH","Agent 2",1,0,220354,6706,6,"__amd_rocclr_fillBufferUnAligned",6706,9378816225440,9378816227520,0,0,8,0,128,256,1,1,8192,1,1
"KERNEL_DISPATCH","Agent 2",1,0,220354,6701,6,"__amd_rocclr_fillBufferUnAligned",6701,9378816197720,9378816199360,0,0,8,0,128,256,1,1,8192,1,1
"KERNEL_DISPATCH","Agent 2",1,0,220354,6696,6,"__amd_rocclr_fillBufferUnAligned",6696,9378816172439,9378816174039,0,0,8,0,128,256,1,1,8192,1,1
"KERNEL_DISPATCH","Agent 2",1,0,220354,6869,6,"__amd_rocclr_fillBufferUnAligned",6869,9378817093131,9378817095331,0,0,8,0,128,256,1,1,8192,1,1
"KERNEL_DISPATCH","Agent 2",1,0,220354,6686,6,"__amd_rocclr_fillBufferUnAligned",6686,9378816121839,9378816123439,0,0,8,0,128,256,1,1,8192,1,1
"KERNEL_DISPATCH","Agent 2",1,0,220354,6838,6,"__amd_rocclr_fillBufferUnAligned",6838,9378816915809,9378816917889,0,0,8,0,128,256,1,1,8192,1,1
"KERNEL_DISPATCH","Agent 2",1,0,220354,6833,6,"__amd_rocclr_fillBufferUnAligned",6833,9378816886768,9378816889008,0,0,8,0,128,256,1,1,8192,1,1
"KERNEL_DISPATCH","Agent 2",1,0,220354,6681,6,"__amd_rocclr_fillBufferUnAligned",6681,9378816094438,9378816096278,0,0,8,0,128,256,1,1,8192,1,1
"KERNEL_DISPATCH","Agent 2",1,0,220354,6828,6,"__amd_rocclr_fillBufferUnAligned",6828,9378816859248,9378816860528,0,0,8,0,128,256,1,1,7680,1,1
"KERNEL_DISPATCH","Agent 2",1,0,220354,6864,6,"__amd_rocclr_fillBufferUnAligned",6864,9378817064531,9378817066731,0,0,8,0,128,256,1,1,8192,1,1
"KERNEL_DISPATCH","Agent 2",1,0,220354,6797,6,"__amd_rocclr_fillBufferUnAligned",6797,9378816710246,9378816711726,0,0,8,0,128,256,1,1,7680,1,1
"KERNEL_DISPATCH","Agent 2",1,0,220354,6854,6,"__amd_rocclr_fillBufferUnAligned",6854,9378817007090,9378817009330,0,0,8,0,128,256,1,1,8192,1,1
"KERNEL_DISPATCH","Agent 2",1,0,220354,6849,6,"__amd_rocclr_fillBufferUnAligned",6849,9378816978410,9378816980690,0,0,8,0,128,256,1,1,8192,1,1
"KERNEL_DISPATCH","Agent 2",1,0,220354,6792,6,"__amd_rocclr_fillBufferUnAligned",6792,9378816686286,9378816687646,0,0,8,0,128,256,1,1,7680,1,1
"KERNEL_DISPATCH","Agent 2",1,0,220354,6844,6,"__amd_rocclr_fillBufferUnAligned",6844,9378816949929,9378816952089,0,0,8,0,128,256,1,1,8192,1,1
"KERNEL_DISPATCH","Agent 2",1,0,220354,6787,6,"__amd_rocclr_fillBufferUnAligned",6787,9378816662486,9378816663926,0,0,8,0,128,256,1,1,7680,1,1
"KERNEL_DISPATCH","Agent 2",1,0,220354,6839,6,"__amd_rocclr_fillBufferUnAligned",6839,9378816921329,9378816923609,0,0,8,0,128,256,1,1,8192,1,1
"KERNEL_DISPATCH","Agent 2",1,0,220354,6782,6,"__amd_rocclr_fillBufferUnAligned",6782,9378816638685,9378816640005,0,0,8,0,128,256,1,1,7680,1,1
"KERNEL_DISPATCH","Agent 2",1,0,220354,6834,6,"__amd_rocclr_fillBufferUnAligned",6834,9378816892449,9378816894809,0,0,8,0,128,256,1,1,8192,1,1
"KERNEL_DISPATCH","Agent 2",1,0,220354,6777,6,"__amd_rocclr_fillBufferUnAligned",6777,9378816614365,9378816615685,0,0,8,0,128,256,1,1,1536,1,1
"KERNEL_DISPATCH","Agent 2",1,0,220354,6829,6,"__amd_rocclr_fillBufferUnAligned",6829,9378816864048,9378816866328,0,0,8,0,128,256,1,1,8192,1,1
"KERNEL_DISPATCH","Agent 2",1,0,220354,6824,6,"__amd_rocclr_fillBufferUnAligned",6824,9378816839928,9378816841328,0,0,8,0,128,256,1,1,7680,1,1
"KERNEL_DISPATCH","Agent 2",1,0,220354,6767,6,"__amd_rocclr_fillBufferUnAligned",6767,9378816564084,9378816565524,0,0,8,0,128,256,1,1,1536,1,1
"KERNEL_DISPATCH","Agent 2",1,0,220354,6819,6,"__amd_rocclr_fillBufferUnAligned",6819,9378816816048,9378816817448,0,0,8,0,128,256,1,1,7680,1,1
"KERNEL_DISPATCH","Agent 2",1,0,220354,6676,6,"__amd_rocclr_fillBufferUnAligned",6676,9378816067118,9378816068998,0,0,8,0,128,256,1,1,8192,1,1
"KERNEL_DISPATCH","Agent 2",1,0,220354,6823,6,"__amd_rocclr_fillBufferUnAligned",6823,9378816835008,9378816836448,0,0,8,0,128,256,1,1,7680,1,1
"KERNEL_DISPATCH","Agent 2",1,0,220354,6818,6,"__amd_rocclr_fillBufferUnAligned",6818,9378816811087,9378816812407,0,0,8,0,128,256,1,1,7680,1,1
"KERNEL_DISPATCH","Agent 2",1,0,220354,6813,6,"__amd_rocclr_fillBufferUnAligned",6813,9378816787047,9378816788647,0,0,8,0,128,256,1,1,7680,1,1
"KERNEL_DISPATCH","Agent 2",1,0,220354,6808,6,"__amd_rocclr_fillBufferUnAligned",6808,9378816762967,9378816764367,0,0,8,0,128,256,1,1,7680,1,1
"KERNEL_DISPATCH","Agent 2",1,0,220354,6803,6,"__amd_rocclr_fillBufferUnAligned",6803,9378816738927,9378816740327,0,0,8,0,128,256,1,1,7680,1,1
"KERNEL_DISPATCH","Agent 2",1,0,220354,6798,6,"__amd_rocclr_fillBufferUnAligned",6798,9378816715166,9378816716486,0,0,8,0,128,256,1,1,7680,1,1
"KERNEL_DISPATCH","Agent 2",1,0,220354,6793,6,"__amd_rocclr_fillBufferUnAligned",6793,9378816691086,9378816692366,0,0,8,0,128,256,1,1,7680,1,1
"KERNEL_DISPATCH","Agent 2",1,0,220354,6788,6,"__amd_rocclr_fillBufferUnAligned",6788,9378816667406,9378816668766,0,0,8,0,128,256,1,1,7680,1,1
"KERNEL_DISPATCH","Agent 2",1,0,220354,6783,6,"__amd_rocclr_fillBufferUnAligned",6783,9378816643485,9378816644685,0,0,8,0,128,256,1,1,7680,1,1
"KERNEL_DISPATCH","Agent 2",1,0,220354,6773,6,"__amd_rocclr_fillBufferUnAligned",6773,9378816594245,9378816595645,0,0,8,0,128,256,1,1,1536,1,1
"KERNEL_DISPATCH","Agent 2",1,0,220354,6666,6,"__amd_rocclr_fillBufferUnAligned",6666,9378816012117,9378816014037,0,0,8,0,128,256,1,1,8192,1,1
"KERNEL_DISPATCH","Agent 2",1,0,220354,6661,6,"__amd_rocclr_fillBufferUnAligned",6661,9378815984357,9378815986277,0,0,8,0,128,256,1,1,8192,1,1
"KERNEL_DISPATCH","Agent 2",1,0,220354,6651,6,"__amd_rocclr_fillBufferUnAligned",6651,9378815929156,9378815930916,0,0,8,0,128,256,1,1,8192,1,1
"KERNEL_DISPATCH","Agent 2",1,0,220354,6641,6,"__amd_rocclr_fillBufferUnAligned",6641,9378815875316,9378815877076,0,0,8,0,128,256,1,1,8192,1,1
"KERNEL_DISPATCH","Agent 2",1,0,220354,6606,6,"__amd_rocclr_fillBufferUnAligned",6606,9378815698393,9378815699833,0,0,8,0,128,256,1,1,7680,1,1
"KERNEL_DISPATCH","Agent 2",1,0,220354,6601,6,"__amd_rocclr_fillBufferUnAligned",6601,9378815673553,9378815674993,0,0,8,0,128,256,1,1,7680,1,1
"KERNEL_DISPATCH","Agent 2",1,0,220354,6814,6,"__amd_rocclr_fillBufferUnAligned",6814,9378816792087,9378816793367,0,0,8,0,128,256,1,1,7680,1,1
"KERNEL_DISPATCH","Agent 2",1,0,220354,6768,6,"__amd_rocclr_fillBufferUnAligned",6768,9378816569004,9378816570404,0,0,8,0,128,256,1,1,1536,1,1
"KERNEL_DISPATCH","Agent 2",1,0,220354,6763,6,"__amd_rocclr_fillBufferUnAligned",6763,9378816544284,9378816545684,0,0,8,0,128,256,1,1,1536,1,1
"KERNEL_DISPATCH","Agent 2",1,0,220354,6758,6,"__amd_rocclr_fillBufferUnAligned",6758,9378816519284,9378816520884,0,0,8,0,128,256,1,1,1536,1,1
"KERNEL_DISPATCH","Agent 2",1,0,220354,6753,6,"__amd_rocclr_fillBufferUnAligned",6753,9378816494283,9378816495684,0,0,8,0,128,256,1,1,1536,1,1
"KERNEL_DISPATCH","Agent 2",1,0,220354,4806,33,"rope_partial_halfsplit_batched_f32",4806,9377226379500,9377226742825,0,0,16,0,128,32,1,1,32,8192,1
"KERNEL_DISPATCH","Agent 2",1,0,220354,6809,6,"__amd_rocclr_fillBufferUnAligned",6809,9378816767807,9378816769127,0,0,8,0,128,256,1,1,7680,1,1
"KERNEL_DISPATCH","Agent 2",1,0,220354,4801,24,"gemm_mq4g256v2_residual_mmq_iu4_full_set_symfold",4801,9377219851418,9377224019671,0,0,184,0,128,256,1,1,24576,64,1
"KERNEL_DISPATCH","Agent 2",1,0,220354,6748,6,"__amd_rocclr_fillBufferUnAligned",6748,9378816469403,9378816470763,0,0,8,0,128,256,1,1,1536,1,1
"KERNEL_DISPATCH","Agent 2",1,0,220354,4796,24,"gemm_mq4g256v2_residual_mmq_iu4_full_set_symfold",4796,9377199459681,9377205298515,0,0,184,0,128,256,1,1,34816,64,1
"KERNEL_DISPATCH","Agent 2",1,0,220354,4791,21,"gdn_chunk_kkt_solve",4791,9377195657713,9377195680594,11776,0,104,0,128,128,1,1,1024,16,1
"KERNEL_DISPATCH","Agent 2",1,0,220354,6804,6,"__amd_rocclr_fillBufferUnAligned",6804,9378816743847,9378816745127,0,0,8,0,128,256,1,1,7680,1,1
"KERNEL_DISPATCH","Agent 2",1,0,220354,4786,22,"gdn_chunk_scan",4786,9377195298949,9377195397190,60928,0,192,0,128,512,1,1,512,48,1
"KERNEL_DISPATCH","Agent 2",1,0,220354,4781,21,"gdn_chunk_kkt_solve",4781,9377195016425,9377195039186,11776,0,104,0,128,128,1,1,1024,16,1
"KERNEL_DISPATCH","Agent 2",1,0,220354,4776,22,"gdn_chunk_scan",4776,9377194655781,9377194755142,60928,0,192,0,128,512,1,1,512,48,1
"KERNEL_DISPATCH","Agent 2",1,0,220354,4771,21,"gdn_chunk_kkt_solve",4771,9377194371697,9377194394657,11776,0,104,0,128,128,1,1,1024,16,1
"KERNEL_DISPATCH","Agent 2",1,0,220354,4766,22,"gdn_chunk_scan",4766,9377194010733,9377194110334,60928,0,192,0,128,512,1,1,512,48,1
"KERNEL_DISPATCH","Agent 2",1,0,220354,4761,21,"gdn_chunk_kkt_solve",4761,9377193721369,9377193744169,11776,0,104,0,128,128,1,1,1024,16,1
"KERNEL_DISPATCH","Agent 2",1,0,220354,4756,24,"gemm_mq4g256v2_residual_mmq_iu4_full_set_symfold",4756,9377187080925,9377190581449,0,0,184,0,128,256,1,1,20480,64,1
"KERNEL_DISPATCH","Agent 2",1,0,220354,4751,24,"gemm_mq4g256v2_residual_mmq_iu4_full_set_symfold",4751,9377166646068,9377172471901,0,0,184,0,128,256,1,1,34816,64,1
"KERNEL_DISPATCH","Agent 2",1,0,220354,4746,21,"gdn_chunk_kkt_solve",4746,9377162856140,9377162878820,11776,0,104,0,128,128,1,1,1024,16,1
"KERNEL_DISPATCH","Agent 2",1,0,220354,4741,22,"gdn_chunk_scan",4741,9377162495376,9377162594617,60928,0,192,0,128,512,1,1,512,48,1
"KERNEL_DISPATCH","Agent 2",1,0,220354,4736,21,"gdn_chunk_kkt_solve",4736,9377162211652,9377162234092,11776,0,104,0,128,128,1,1,1024,16,1
"KERNEL_DISPATCH","Agent 2",1,0,220354,6738,6,"__amd_rocclr_fillBufferUnAligned",6738,9378816419163,9378816420603,0,0,8,0,128,256,1,1,1536,1,1
"KERNEL_DISPATCH","Agent 2",1,0,220354,6733,6,"__amd_rocclr_fillBufferUnAligned",6733,9378816394442,9378816395922,0,0,8,0,128,256,1,1,1536,1,1
"KERNEL_DISPATCH","Agent 2",1,0,220354,6728,6,"__amd_rocclr_fillBufferUnAligned",6728,9378816368522,9378816370402,0,0,8,0,128,256,1,1,8192,1,1
"KERNEL_DISPATCH","Agent 2",1,0,220354,6757,6,"__amd_rocclr_fillBufferUnAligned",6757,9378816514404,9378816515764,0,0,8,0,128,256,1,1,1536,1,1
"KERNEL_DISPATCH","Agent 2",1,0,220354,6752,6,"__amd_rocclr_fillBufferUnAligned",6752,9378816489443,9378816490843,0,0,8,0,128,256,1,1,1536,1,1
"KERNEL_DISPATCH","Agent 2",1,0,220354,6794,6,"__amd_rocclr_fillBufferUnAligned",6794,9378816695806,9378816697126,0,0,8,0,128,256,1,1,7680,1,1
"KERNEL_DISPATCH","Agent 2",1,0,220354,6789,6,"__amd_rocclr_fillBufferUnAligned",6789,9378816672246,9378816673526,0,0,8,0,128,256,1,1,7680,1,1
"KERNEL_DISPATCH","Agent 2",1,0,220354,6784,6,"__amd_rocclr_fillBufferUnAligned",6784,9378816648125,9378816649405,0,0,8,0,128,256,1,1,7680,1,1
"KERNEL_DISPATCH","Agent 2",1,0,220354,6779,6,"__amd_rocclr_fillBufferUnAligned",6779,9378816624085,9378816625485,0,0,8,0,128,256,1,1,1536,1,1
"KERNEL_DISPATCH","Agent 2",1,0,220354,6774,6,"__amd_rocclr_fillBufferUnAligned",6774,9378816599205,9378816600685,0,0,8,0,128,256,1,1,1536,1,1
"KERNEL_DISPATCH","Agent 2",1,0,220354,6769,6,"__amd_rocclr_fillBufferUnAligned",6769,9378816573884,9378816575285,0,0,8,0,128,256,1,1,1536,1,1
"KERNEL_DISPATCH","Agent 2",1,0,220354,6764,6,"__amd_rocclr_fillBufferUnAligned",6764,9378816549204,9378816550524,0,0,8,0,128,256,1,1,1536,1,1
"KERNEL_DISPATCH","Agent 2",1,0,220354,6759,6,"__amd_rocclr_fillBufferUnAligned",6759,9378816524324,9378816525924,0,0,8,0,128,256,1,1,1536,1,1
"KERNEL_DISPATCH","Agent 2",1,0,220354,6754,6,"__amd_rocclr_fillBufferUnAligned",6754,9378816499204,9378816500644,0,0,8,0,128,256,1,1,1536,1,1
"KERNEL_DISPATCH","Agent 2",1,0,220354,6749,6,"__amd_rocclr_fillBufferUnAligned",6749,9378816474243,9378816475843,0,0,8,0,128,256,1,1,1536,1,1
"KERNEL_DISPATCH","Agent 2",1,0,220354,6744,6,"__amd_rocclr_fillBufferUnAligned",6744,9378816449203,9378816450683,0,0,8,0,128,256,1,1,1536,1,1
"KERNEL_DISPATCH","Agent 2",1,0,220354,6739,6,"__amd_rocclr_fillBufferUnAligned",6739,9378816424083,9378816425643,0,0,8,0,128,256,1,1,1536,1,1
"KERNEL_DISPATCH","Agent 2",1,0,220354,6734,6,"__amd_rocclr_fillBufferUnAligned",6734,9378816399322,9378816400802,0,0,8,0,128,256,1,1,1536,1,1
"KERNEL_DISPATCH","Agent 2",1,0,220354,6729,6,"__amd_rocclr_fillBufferUnAligned",6729,9378816373882,9378816375442,0,0,8,0,128,256,1,1,8192,1,1
"KERNEL_DISPATCH","Agent 2",1,0,220354,6724,6,"__amd_rocclr_fillBufferUnAligned",6724,9378816330281,9378816332681,0,0,8,0,128,256,1,1,8192,1,1
"KERNEL_DISPATCH","Agent 2",1,0,220354,6714,6,"__amd_rocclr_fillBufferUnAligned",6714,9378816271721,9378816273521,0,0,8,0,128,256,1,1,8192,1,1
"KERNEL_DISPATCH","Agent 2",1,0,220354,6709,6,"__amd_rocclr_fillBufferUnAligned",6709,9378816242760,9378816245040,0,0,8,0,128,256,1,1,8192,1,1
"KERNEL_DISPATCH","Agent 2",1,0,220354,6704,6,"__amd_rocclr_fillBufferUnAligned",6704,9378816213600,9378816215840,0,0,8,0,128,256,1,1,8192,1,1
"KERNEL_DISPATCH","Agent 2",1,0,220354,6699,6,"__amd_rocclr_fillBufferUnAligned",6699,9378816187680,9378816189200,0,0,8,0,128,256,1,1,8192,1,1
"KERNEL_DISPATCH","Agent 2",1,0,220354,6694,6,"__amd_rocclr_fillBufferUnAligned",6694,9378816162519,9378816163999,0,0,8,0,128,256,1,1,8192,1,1
"KERNEL_DISPATCH","Agent 2",1,0,220354,6684,6,"__amd_rocclr_fillBufferUnAligned",6684,9378816110599,9378816112519,0,0,8,0,128,256,1,1,8192,1,1
"KERNEL_DISPATCH","Agent 2",1,0,220354,6679,6,"__amd_rocclr_fillBufferUnAligned",6679,9378816082998,9378816084998,0,0,8,0,128,256,1,1,8192,1,1
"KERNEL_DISPATCH","Agent 2",1,0,220354,6718,6,"__amd_rocclr_fillBufferUnAligned",6718,9378816295241,9378816297801,0,0,8,0,128,256,1,1,8192,1,1
"KERNEL_DISPATCH","Agent 2",1,0,220354,6747,6,"__amd_rocclr_fillBufferUnAligned",6747,9378816464483,9378816465963,0,0,8,0,128,256,1,1,1536,1,1
"KERNEL_DISPATCH","Agent 2",1,0,220354,6742,6,"__amd_rocclr_fillBufferUnAligned",6742,9378816439443,9378816440883,0,0,8,0,128,256,1,1,1536,1,1
"KERNEL_DISPATCH","Agent 2",1,0,220354,6737,6,"__amd_rocclr_fillBufferUnAligned",6737,9378816414282,9378816415682,0,0,8,0,128,256,1,1,1536,1,1
"KERNEL_DISPATCH","Agent 2",1,0,220354,6674,6,"__amd_rocclr_fillBufferUnAligned",6674,9378816056278,9378816058038,0,0,8,0,128,256,1,1,8192,1,1
"KERNEL_DISPATCH","Agent 2",1,0,220354,6732,6,"__amd_rocclr_fillBufferUnAligned",6732,9378816389322,9378816390922,0,0,8,0,128,256,1,1,8192,1,1
"KERNEL_DISPATCH","Agent 2",1,0,220354,6727,6,"__amd_rocclr_fillBufferUnAligned",6727,9378816348082,9378816350562,0,0,8,0,128,256,1,1,8192,1,1
"KERNEL_DISPATCH","Agent 2",1,0,220354,6717,6,"__amd_rocclr_fillBufferUnAligned",6717,9378816289001,9378816291521,0,0,8,0,128,256,1,1,8192,1,1
"KERNEL_DISPATCH","Agent 2",1,0,220354,6712,6,"__amd_rocclr_fillBufferUnAligned",6712,9378816259921,9378816262361,0,0,8,0,128,256,1,1,8192,1,1
"KERNEL_DISPATCH","Agent 2",1,0,220354,6707,6,"__amd_rocclr_fillBufferUnAligned",6707,9378816230960,9378816233400,0,0,8,0,128,256,1,1,8192,1,1
"KERNEL_DISPATCH","Agent 2",1,0,220354,6702,6,"__amd_rocclr_fillBufferUnAligned",6702,9378816202760,9378816204320,0,0,8,0,128,256,1,1,8192,1,1
"KERNEL_DISPATCH","Agent 2",1,0,220354,6697,6,"__amd_rocclr_fillBufferUnAligned",6697,9378816177479,9378816179120,0,0,8,0,128,256,1,1,8192,1,1
"KERNEL_DISPATCH","Agent 2",1,0,220354,6687,6,"__amd_rocclr_fillBufferUnAligned",6687,9378816126959,9378816128519,0,0,8,0,128,256,1,1,8192,1,1
"KERNEL_DISPATCH","Agent 2",1,0,220354,6682,6,"__amd_rocclr_fillBufferUnAligned",6682,9378816099799,9378816101679,0,0,8,0,128,256,1,1,8192,1,1
"KERNEL_DISPATCH","Agent 2",1,0,220354,6677,6,"__amd_rocclr_fillBufferUnAligned",6677,9378816072518,9378816074278,0,0,8,0,128,256,1,1,8192,1,1
"KERNEL_DISPATCH","Agent 2",1,0,220354,6667,6,"__amd_rocclr_fillBufferUnAligned",6667,9378816017637,9378816019638,0,0,8,0,128,256,1,1,8192,1,1
"KERNEL_DISPATCH","Agent 2",1,0,220354,6662,6,"__amd_rocclr_fillBufferUnAligned",6662,9378815989717,9378815991637,0,0,8,0,128,256,1,1,8192,1,1
"KERNEL_DISPATCH","Agent 2",1,0,220354,6652,6,"__amd_rocclr_fillBufferUnAligned",6652,9378815934396,9378815936276,0,0,8,0,128,256,1,1,8192,1,1
"KERNEL_DISPATCH","Agent 2",1,0,220354,6642,6,"__amd_rocclr_fillBufferUnAligned",6642,9378815880596,9378815882516,0,0,8,0,128,256,1,1,8192,1,1
"KERNEL_DISPATCH","Agent 2",1,0,220354,6327,35,"kv_cache_write_fp8_e4m3_batched",6327,9378636745710,9378636811151,0,0,56,0,128,32,1,1,128,8192,1
"KERNEL_DISPATCH","Agent 2",1,0,220354,6322,24,"gemm_mq4g256v2_residual_mmq_iu4_full_set_symfold",6322,9378634010115,9378634365840,0,0,184,0,128,256,1,1,2048,64,1
"KERNEL_DISPATCH","Agent 2",1,0,220354,6317,24,"gemm_mq4g256v2_residual_mmq_iu4_full_set_symfold",6317,9378615223319,9378621149073,0,0,184,0,128,256,1,1,34816,64,1
"KERNEL_DISPATCH","Agent 2",1,0,220354,6312,22,"gdn_chunk_scan",6312,9378605626638,9378605724839,60928,0,192,0,128,512,1,1,512,48,1
"KERNEL_DISPATCH","Agent 2",1,0,220354,6307,21,"gdn_chunk_kkt_solve",6307,9378605346634,9378605368834,11776,0,104,0,128,128,1,1,1024,16,1
"KERNEL_DISPATCH","Agent 2",1,0,220354,6302,22,"gdn_chunk_scan",6302,9378604990590,9378605089591,60928,0,192,0,128,512,1,1,512,48,1
"KERNEL_DISPATCH","Agent 2",1,0,220354,6297,21,"gdn_chunk_kkt_solve",6297,9378604707706,9378604730306,11776,0,104,0,128,128,1,1,1024,16,1
"KERNEL_DISPATCH","Agent 2",1,0,220354,6292,22,"gdn_chunk_scan",6292,9378604349182,9378604447983,60928,0,192,0,128,512,1,1,512,48,1
"KERNEL_DISPATCH","Agent 2",1,0,220354,6287,21,"gdn_chunk_kkt_solve",6287,9378604066098,9378604089058,11776,0,104,0,128,128,1,1,1024,16,1
"KERNEL_DISPATCH","Agent 2",1,0,220354,6282,22,"gdn_chunk_scan",6282,9378603702814,9378603805375,60928,0,192,0,128,512,1,1,512,48,1
"KERNEL_DISPATCH","Agent 2",1,0,220354,6277,24,"gemm_mq4g256v2_residual_mmq_iu4_full_set_symfold",6277,9378600555054,9378602629000,0,0,184,0,128,256,1,1,12288,64,1
"KERNEL_DISPATCH","Agent 2",1,0,220354,6272,24,"gemm_mq4g256v2_residual_mmq_iu4_full_set_symfold",6272,9378582411585,9378588333420,0,0,184,0,128,256,1,1,34816,64,1
"KERNEL_DISPATCH","Agent 2",1,0,220354,6267,22,"gdn_chunk_scan",6267,9378572834025,9378572932106,60928,0,192,0,128,512,1,1,512,48,1
"KERNEL_DISPATCH","Agent 2",1,0,220354,6262,21,"gdn_chunk_kkt_solve",6262,9378572553461,9378572575861,11776,0,104,0,128,128,1,1,1024,16,1
"KERNEL_DISPATCH","Agent 2",1,0,220354,6257,22,"gdn_chunk_scan",6257,9378572198977,9378572296498,60928,0,192,0,128,512,1,1,512,48,1
"KERNEL_DISPATCH","Agent 2",1,0,220354,6252,21,"gdn_chunk_kkt_solve",6252,9378571916733,9378571939453,11776,0,104,0,128,128,1,1,1024,16,1
"KERNEL_DISPATCH","Agent 2",1,0,220354,6713,6,"__amd_rocclr_fillBufferUnAligned",6713,9378816265761,9378816268081,0,0,8,0,128,256,1,1,8192,1,1
"KERNEL_DISPATCH","Agent 2",1,0,220354,6247,22,"gdn_chunk_scan",6247,9378571556208,9378571655650,60928,0,192,0,128,512,1,1,512,48,1
"KERNEL_DISPATCH","Agent 2",1,0,220354,6708,6,"__amd_rocclr_fillBufferUnAligned",6708,9378816236920,9378816239240,0,0,8,0,128,256,1,1,8192,1,1
"KERNEL_DISPATCH","Agent 2",1,0,220354,6242,21,"gdn_chunk_kkt_solve",6242,9378571272965,9378571295885,11776,0,104,0,128,128,1,1,1024,16,1
"KERNEL_DISPATCH","Agent 2",1,0,220354,6703,6,"__amd_rocclr_fillBufferUnAligned",6703,9378816207720,9378816210080,0,0,8,0,128,256,1,1,8192,1,1
"KERNEL_DISPATCH","Agent 2",1,0,220354,6698,6,"__amd_rocclr_fillBufferUnAligned",6698,9378816182560,9378816184200,0,0,8,0,128,256,1,1,8192,1,1
"KERNEL_DISPATCH","Agent 2",1,0,220354,6237,22,"gdn_chunk_scan",6237,9378570910000,9378571012642,60928,0,192,0,128,512,1,1,512,48,1
"KERNEL_DISPATCH","Agent 2",1,0,220354,6664,6,"__amd_rocclr_fillBufferUnAligned",6664,9378816000477,9378816002797,0,0,8,0,128,256,1,1,8192,1,1
"KERNEL_DISPATCH","Agent 2",1,0,220354,6659,6,"__amd_rocclr_fillBufferUnAligned",6659,9378815973157,9378815975157,0,0,8,0,128,256,1,1,8192,1,1
"KERNEL_DISPATCH","Agent 2",1,0,220354,6649,6,"__amd_rocclr_fillBufferUnAligned",6649,9378815918476,9378815920236,0,0,8,0,128,256,1,1,8192,1,1
"KERNEL_DISPATCH","Agent 2",1,0,220354,6639,6,"__amd_rocclr_fillBufferUnAligned",6639,9378815864596,9378815866316,0,0,8,0,128,256,1,1,8192,1,1
"KERNEL_DISPATCH","Agent 2",1,0,220354,6619,6,"__amd_rocclr_fillBufferUnAligned",6619,9378815764674,9378815766034,0,0,8,0,128,256,1,1,7680,1,1
"KERNEL_DISPATCH","Agent 2",1,0,220354,6614,6,"__amd_rocclr_fillBufferUnAligned",6614,9378815739634,9378815741034,0,0,8,0,128,256,1,1,7680,1,1
"KERNEL_DISPATCH","Agent 2",1,0,220354,6609,6,"__amd_rocclr_fillBufferUnAligned",6609,9378815713834,9378815715434,0,0,8,0,128,256,1,1,7680,1,1
"KERNEL_DISPATCH","Agent 2",1,0,220354,6604,6,"__amd_rocclr_fillBufferUnAligned",6604,9378815688433,9378815689953,0,0,8,0,128,256,1,1,7680,1,1
"KERNEL_DISPATCH","Agent 2",1,0,220354,6599,6,"__amd_rocclr_fillBufferUnAligned",6599,9378815663273,9378815664793,0,0,8,0,128,256,1,1,7680,1,1
"KERNEL_DISPATCH","Agent 2",1,0,220354,4674,22,"gdn_chunk_scan",4674,9377128286585,9377128384906,60928,0,192,0,128,512,1,1,512,48,1
"KERNEL_DISPATCH","Agent 2",1,0,220354,4669,24,"gemm_mq4g256v2_residual_mmq_iu4_full_set_symfold",4669,9377127159850,9377127218531,0,0,184,0,128,256,1,1,256,64,1
"KERNEL_DISPATCH","Agent 2",1,0,220354,4664,25,"gemm_mq4g256v2_residual_mmq_iu4_full_add_symfold",4664,9377115113539,9377121065614,0,0,184,0,128,256,1,1,10240,64,1
"KERNEL_DISPATCH","Agent 2",1,0,220354,4659,25,"gemm_mq4g256v2_residual_mmq_iu4_full_add_symfold",4659,9377099219698,9377101255924,0,0,184,0,128,256,1,1,10240,64,1
"KERNEL_DISPATCH","Agent 2",1,0,220354,4654,33,"rope_partial_halfsplit_batched_f32",4654,9377085552806,9377085917691,0,0,16,0,128,32,1,1,32,8192,1
"KERNEL_DISPATCH","Agent 2",1,0,220354,4649,24,"gemm_mq4g256v2_residual_mmq_iu4_full_set_symfold",4649,9377079041364,9377083189856,0,0,184,0,128,256,1,1,24576,64,1
"KERNEL_DISPATCH","Agent 2",1,0,220354,4644,24,"gemm_mq4g256v2_residual_mmq_iu4_full_set_symfold",4644,9377058612107,9377064453780,0,0,184,0,128,256,1,1,34816,64,1
"KERNEL_DISPATCH","Agent 2",1,0,220354,4639,21,"gdn_chunk_kkt_solve",4639,9377054820139,9377054843059,11776,0,104,0,128,128,1,1,1024,16,1
"KERNEL_DISPATCH","Agent 2",1,0,220354,4634,22,"gdn_chunk_scan",4634,9377054460294,9377054559336,60928,0,192,0,128,512,1,1,512,48,1
"KERNEL_DISPATCH","Agent 2",1,0,220354,4629,21,"gdn_chunk_kkt_solve",4629,9377054176331,9377054198891,11776,0,104,0,128,128,1,1,1024,16,1
"KERNEL_DISPATCH","Agent 2",1,0,220354,6688,6,"__amd_rocclr_fillBufferUnAligned",6688,9378816131959,9378816133479,0,0,8,0,128,256,1,1,8192,1,1
"KERNEL_DISPATCH","Agent 2",1,0,220354,6683,6,"__amd_rocclr_fillBufferUnAligned",6683,9378816105199,9378816107119,0,0,8,0,128,256,1,1,8192,1,1
"KERNEL_DISPATCH","Agent 2",1,0,220354,6232,24,"gemm_mq4g256v2_residual_mmq_iu4_full_set_symfold",6232,9378567759841,9378569838747,0,0,184,0,128,256,1,1,12288,64,1
"KERNEL_DISPATCH","Agent 2",1,0,220354,6678,6,"__amd_rocclr_fillBufferUnAligned",6678,9378816077758,9378816079518,0,0,8,0,128,256,1,1,8192,1,1
"KERNEL_DISPATCH","Agent 2",1,0,220354,6227,24,"gemm_mq4g256v2_residual_mmq_iu4_full_set_symfold",6227,9378549609532,9378555514206,0,0,184,0,128,256,1,1,34816,64,1
"KERNEL_DISPATCH","Agent 2",1,0,220354,6222,22,"gdn_chunk_scan",6222,9378539941530,9378540040291,60928,0,192,0,128,512,1,1,512,48,1
"KERNEL_DISPATCH","Agent 2",1,0,220354,6668,6,"__amd_rocclr_fillBufferUnAligned",6668,9378816023198,9378816025078,0,0,8,0,128,256,1,1,8192,1,1
"KERNEL_DISPATCH","Agent 2",1,0,220354,6217,21,"gdn_chunk_kkt_solve",6217,9378539660167,9378539682247,11776,0,104,0,128,128,1,1,1024,16,1
"KERNEL_DISPATCH","Agent 2",1,0,220354,6663,6,"__amd_rocclr_fillBufferUnAligned",6663,9378815995077,9378815996997,0,0,8,0,128,256,1,1,8192,1,1
"KERNEL_DISPATCH","Agent 2",1,0,220354,6212,22,"gdn_chunk_scan",6212,9378539303082,9378539401363,60928,0,192,0,128,512,1,1,512,48,1
"KERNEL_DISPATCH","Agent 2",1,0,220354,6653,6,"__amd_rocclr_fillBufferUnAligned",6653,9378815939797,9378815941757,0,0,8,0,128,256,1,1,8192,1,1
"KERNEL_DISPATCH","Agent 2",1,0,220354,6643,6,"__amd_rocclr_fillBufferUnAligned",6643,9378815886356,9378815888436,0,0,8,0,128,256,1,1,8192,1,1
"KERNEL_DISPATCH","Agent 2",1,0,220354,6207,21,"gdn_chunk_kkt_solve",6207,9378539021199,9378539043879,11776,0,104,0,128,128,1,1,1024,16,1
"KERNEL_DISPATCH","Agent 2",1,0,220354,5533,21,"gdn_chunk_kkt_solve",5533,9377899473941,9377899496581,11776,0,104,0,128,128,1,1,1024,16,1
"KERNEL_DISPATCH","Agent 2",1,0,220354,6202,22,"gdn_chunk_scan",6202,9378538662634,9378538761715,60928,0,192,0,128,512,1,1,512,48,1
"KERNEL_DISPATCH","Agent 2",1,0,220354,5528,22,"gdn_chunk_scan",5528,9377899115936,9377899214138,60928,0,192,0,128,512,1,1,512,48,1
"KERNEL_DISPATCH","Agent 2",1,0,220354,6197,21,"gdn_chunk_kkt_solve",6197,9378538380231,9378538402911,11776,0,104,0,128,128,1,1,1024,16,1
"KERNEL_DISPATCH","Agent 2",1,0,220354,5523,21,"gdn_chunk_kkt_solve",5523,9377898832973,9377898855613,11776,0,104,0,128,128,1,1,1024,16,1
"KERNEL_DISPATCH","Agent 2",1,0,220354,6192,22,"gdn_chunk_scan",6192,9378538014546,9378538116067,60928,0,192,0,128,512,1,1,512,48,1
"KERNEL_DISPATCH","Agent 2",1,0,220354,6187,24,"gemm_mq4g256v2_residual_mmq_iu4_full_set_symfold",6187,9378534849106,9378536944892,0,0,184,0,128,256,1,1,12288,64,1
"KERNEL_DISPATCH","Agent 2",1,0,220354,5518,24,"gemm_mq4g256v2_residual_mmq_iu4_full_set_symfold",5518,9377897671118,9377897731879,0,0,184,0,128,256,1,1,256,64,1
"KERNEL_DISPATCH","Agent 2",1,0,220354,6182,24,"gemm_mq4g256v2_residual_mmq_iu4_full_set_symfold",6182,9378517035322,9378522783594,0,0,184,0,128,256,1,1,34816,64,1
"KERNEL_DISPATCH","Agent 2",1,0,220354,5513,29,"fused_silu_mul_mq_rotate_awq_i4_gfx12",5513,9377883436139,9377885566086,0,0,56,0,128,32,1,1,2176,8192,1
"KERNEL_DISPATCH","Agent 2",1,0,220354,6177,43,"attention_fp8_e4m3_fa2_gqa_packet_gfx1201",6177,9378495718093,9378508167450,0,0,240,0,128,256,1,1,6144,4,16
"KERNEL_DISPATCH","Agent 2",1,0,220354,5508,28,"gated_norm_mq_rotate_awq_i4_gfx12",5508,9377867954544,9377868947236,1024,0,40,0,128,64,1,1,1536,8192,1
"KERNEL_DISPATCH","Agent 2",1,0,220354,5503,22,"gdn_chunk_scan",5503,9377867595739,9377867694260,60928,0,192,0,128,512,1,1,512,48,1
"KERNEL_DISPATCH","Agent 2",1,0,220354,6172,30,"deinterleave_q_rmsnorm_f32_batched",6172,9378493537586,9378494942323,0,0,24,0,128,256,1,1,6144,8192,1
"KERNEL_DISPATCH","Agent 2",1,0,220354,5498,21,"gdn_chunk_kkt_solve",5498,9377867313936,9377867336616,11776,0,104,0,128,128,1,1,1024,16,1
"KERNEL_DISPATCH","Agent 2",1,0,220354,6167,25,"gemm_mq4g256v2_residual_mmq_iu4_full_add_symfold",6167,9378482110162,9378488140078,0,0,184,0,128,256,1,1,10240,64,1
"KERNEL_DISPATCH","Agent 2",1,0,220354,6162,25,"gemm_mq4g256v2_residual_mmq_iu4_full_add_symfold",6162,9378465612194,9378467793981,0,0,184,0,128,256,1,1,10240,64,1
"KERNEL_DISPATCH","Agent 2",1,0,220354,6157,21,"gdn_chunk_kkt_solve",6157,9378464360418,9378464382698,11776,0,104,0,128,128,1,1,1024,16,1
"KERNEL_DISPATCH","Agent 2",1,0,220354,6152,22,"gdn_chunk_scan",6152,9378464004533,9378464103655,60928,0,192,0,128,512,1,1,512,48,1
"KERNEL_DISPATCH","Agent 2",1,0,220354,6147,21,"gdn_chunk_kkt_solve",6147,9378463720730,9378463743530,11776,0,104,0,128,128,1,1,1024,16,1
"KERNEL_DISPATCH","Agent 2",1,0,220354,6142,22,"gdn_chunk_scan",6142,9378463361325,9378463460447,60928,0,192,0,128,512,1,1,512,48,1
"KERNEL_DISPATCH","Agent 2",1,0,220354,6137,21,"gdn_chunk_kkt_solve",6137,9378463077282,9378463100162,11776,0,104,0,128,128,1,1,1024,16,1
"KERNEL_DISPATCH","Agent 2",1,0,220354,6132,22,"gdn_chunk_scan",6132,9378462717757,9378462816478,60928,0,192,0,128,512,1,1,512,48,1
"KERNEL_DISPATCH","Agent 2",1,0,220354,6127,24,"gemm_mq4g256v2_residual_mmq_iu4_full_set_symfold",6127,9378461594983,9378461653424,0,0,184,0,128,256,1,1,256,64,1
"KERNEL_DISPATCH","Agent 2",1,0,220354,6122,25,"gemm_mq4g256v2_residual_mmq_iu4_full_add_symfold",6122,9378449425470,9378455478066,0,0,184,0,128,256,1,1,10240,64,1
"KERNEL_DISPATCH","Agent 2",1,0,220354,6117,25,"gemm_mq4g256v2_residual_mmq_iu4_full_add_symfold",6117,9378432915102,9378435088689,0,0,184,0,128,256,1,1,10240,64,1
"KERNEL_DISPATCH","Agent 2",1,0,220354,6107,22,"gdn_chunk_scan",6107,9378431301481,9378431399643,60928,0,192,0,128,512,1,1,512,48,1
"KERNEL_DISPATCH","Agent 2",1,0,220354,6102,21,"gdn_chunk_kkt_solve",6102,9378431018558,9378431041238,11776,0,104,0,128,128,1,1,1024,16,1
"KERNEL_DISPATCH","Agent 2",1,0,220354,6097,22,"gdn_chunk_scan",6097,9378430657473,9378430757235,60928,0,192,0,128,512,1,1,512,48,1
"KERNEL_DISPATCH","Agent 2",1,0,220354,6092,21,"gdn_chunk_kkt_solve",6092,9378430372310,9378430394950,11776,0,104,0,128,128,1,1,1024,16,1
"KERNEL_DISPATCH","Agent 2",1,0,220354,6087,22,"gdn_chunk_scan",6087,9378430011225,9378430110986,60928,0,192,0,128,512,1,1,512,48,1
"KERNEL_DISPATCH","Agent 2",1,0,220354,4624,22,"gdn_chunk_scan",4624,9377053813886,9377053913928,60928,0,192,0,128,512,1,1,512,48,1
"KERNEL_DISPATCH","Agent 2",1,0,220354,4619,21,"gdn_chunk_kkt_solve",4619,9377053527003,9377053549723,11776,0,104,0,128,128,1,1,1024,16,1
"KERNEL_DISPATCH","Agent 2",1,0,220354,4614,22,"gdn_chunk_scan",4614,9377053163078,9377053263479,60928,0,192,0,128,512,1,1,512,48,1
"KERNEL_DISPATCH","Agent 2",1,0,220354,4609,21,"gdn_chunk_kkt_solve",4609,9377052872034,9377052895035,11776,0,104,0,128,128,1,1,1024,16,1
"KERNEL_DISPATCH","Agent 2",1,0,220354,4604,24,"gemm_mq4g256v2_residual_mmq_iu4_full_set_symfold",4604,9377046208190,9377049705555,0,0,184,0,128,256,1,1,20480,64,1
"KERNEL_DISPATCH","Agent 2",1,0,220354,4599,24,"gemm_mq4g256v2_residual_mmq_iu4_full_set_symfold",4599,9377025835894,9377031747408,0,0,184,0,128,256,1,1,34816,64,1
"KERNEL_DISPATCH","Agent 2",1,0,220354,4594,21,"gdn_chunk_kkt_solve",4594,9377022017766,9377022040646,11776,0,104,0,128,128,1,1,1024,16,1
"KERNEL_DISPATCH","Agent 2",1,0,220354,4589,22,"gdn_chunk_scan",4589,9377021658801,9377021757322,60928,0,192,0,128,512,1,1,512,48,1
"KERNEL_DISPATCH","Agent 2",1,0,220354,4584,21,"gdn_chunk_kkt_solve",4584,9377021375798,9377021398078,11776,0,104,0,128,128,1,1,1024,16,1
"KERNEL_DISPATCH","Agent 2",1,0,220354,4579,22,"gdn_chunk_scan",4579,9377021017073,9377021115474,60928,0,192,0,128,512,1,1,512,48,1
"KERNEL_DISPATCH","Agent 2",1,0,220354,4574,21,"gdn_chunk_kkt_solve",4574,9377020731269,9377020753790,11776,0,104,0,128,128,1,1,1024,16,1
"KERNEL_DISPATCH","Agent 2",1,0,220354,5493,22,"gdn_chunk_scan",5493,9377866955651,9377867054612,60928,0,192,0,128,512,1,1,512,48,1
"KERNEL_DISPATCH","Agent 2",1,0,220354,5488,21,"gdn_chunk_kkt_solve",5488,9377866672848,9377866695768,11776,0,104,0,128,128,1,1,1024,16,1
"KERNEL_DISPATCH","Agent 2",1,0,220354,4569,22,"gdn_chunk_scan",4569,9377020369465,9377020468706,60928,0,192,0,128,512,1,1,512,48,1
"KERNEL_DISPATCH","Agent 2",1,0,220354,4564,21,"gdn_chunk_kkt_solve",4564,9377020081901,9377020104742,11776,0,104,0,128,128,1,1,1024,16,1
"KERNEL_DISPATCH","Agent 2",1,0,220354,5483,22,"gdn_chunk_scan",5483,9377866312723,9377866412004,60928,0,192,0,128,512,1,1,512,48,1
"KERNEL_DISPATCH","Agent 2",1,0,220354,5478,21,"gdn_chunk_kkt_solve",5478,9377866030199,9377866053000,11776,0,104,0,128,128,1,1,1024,16,1
"KERNEL_DISPATCH","Agent 2",1,0,220354,4559,24,"gemm_mq4g256v2_residual_mmq_iu4_full_set_symfold",4559,9377013467138,9377016945462,0,0,184,0,128,256,1,1,20480,64,1
"KERNEL_DISPATCH","Agent 2",1,0,220354,5473,24,"gemm_mq4g256v2_residual_mmq_iu4_full_set_symfold",5473,9377864867345,9377864928506,0,0,184,0,128,256,1,1,256,64,1
"KERNEL_DISPATCH","Agent 2",1,0,220354,4554,24,"gemm_mq4g256v2_residual_mmq_iu4_full_set_symfold",4554,9376993101681,9376998982315,0,0,184,0,128,256,1,1,34816,64,1
"KERNEL_DISPATCH","Agent 2",1,0,220354,5468,29,"fused_silu_mul_mq_rotate_awq_i4_gfx12",5468,9377850584325,9377852690311,0,0,56,0,128,32,1,1,2176,8192,1
"KERNEL_DISPATCH","Agent 2",1,0,220354,5463,28,"gated_norm_mq_rotate_awq_i4_gfx12",5463,9377835016689,9377836011181,1024,0,40,0,128,64,1,1,1536,8192,1
"KERNEL_DISPATCH","Agent 2",1,0,220354,5458,22,"gdn_chunk_scan",5458,9377834656284,9377834755245,60928,0,192,0,128,512,1,1,512,48,1
"KERNEL_DISPATCH","Agent 2",1,0,220354,5453,21,"gdn_chunk_kkt_solve",5453,9377834374601,9377834397401,11776,0,104,0,128,128,1,1,1024,16,1
"KERNEL_DISPATCH","Agent 2",1,0,220354,4549,21,"gdn_chunk_kkt_solve",4549,9376989319794,9376989342314,11776,0,104,0,128,128,1,1,1024,16,1
"KERNEL_DISPATCH","Agent 2",1,0,220354,5448,22,"gdn_chunk_scan",5448,9377834016636,9377834115477,60928,0,192,0,128,512,1,1,512,48,1
"KERNEL_DISPATCH","Agent 2",1,0,220354,5443,21,"gdn_chunk_kkt_solve",5443,9377833732193,9377833755313,11776,0,104,0,128,128,1,1,1024,16,1
"KERNEL_DISPATCH","Agent 2",1,0,220354,4544,22,"gdn_chunk_scan",4544,9376988965829,9376989063951,60928,0,192,0,128,512,1,1,512,48,1
"KERNEL_DISPATCH","Agent 2",1,0,220354,5438,22,"gdn_chunk_scan",5438,9377833370228,9377833469949,60928,0,192,0,128,512,1,1,512,48,1
"KERNEL_DISPATCH","Agent 2",1,0,220354,5433,21,"gdn_chunk_kkt_solve",5433,9377833085984,9377833108945,11776,0,104,0,128,128,1,1,1024,16,1
"KERNEL_DISPATCH","Agent 2",1,0,220354,5428,24,"gemm_mq4g256v2_residual_mmq_iu4_full_set_symfold",5428,9377831923290,9377831984331,0,0,184,0,128,256,1,1,256,64,1
"KERNEL_DISPATCH","Agent 2",1,0,220354,6082,24,"gemm_mq4g256v2_residual_mmq_iu4_full_set_symfold",6082,9378428885771,9378428945332,0,0,184,0,128,256,1,1,256,64,1
"KERNEL_DISPATCH","Agent 2",1,0,220354,5423,29,"fused_silu_mul_mq_rotate_awq_i4_gfx12",5423,9377817780032,9377819892498,0,0,56,0,128,32,1,1,2176,8192,1
"KERNEL_DISPATCH","Agent 2",1,0,220354,5418,46,"sigmoid_mul_rotate_x_mq_awq_i4_gfx12",5418,9377803308209,9377804039778,0,0,88,0,128,32,1,1,6291456,1,1
"KERNEL_DISPATCH","Agent 2",1,0,220354,5413,32,"rmsnorm_f32",5413,9377790109243,9377790335446,0,0,16,0,128,256,1,1,8388608,1,1
"KERNEL_DISPATCH","Agent 2",1,0,220354,5408,23,"fused_rmsnorm_mq_rotate_awq_i4_gfx12",5408,9377783265357,9377783737363,0,0,96,0,128,256,1,1,2097152,1,1
"KERNEL_DISPATCH","Agent 2",1,0,220354,5403,23,"fused_rmsnorm_mq_rotate_awq_i4_gfx12",5403,9377762880300,9377763352986,0,0,96,0,128,256,1,1,2097152,1,1
"KERNEL_DISPATCH","Agent 2",1,0,220354,5398,22,"gdn_chunk_scan",5398,9377759401736,9377759500537,60928,0,192,0,128,512,1,1,512,48,1
"KERNEL_DISPATCH","Agent 2",1,0,220354,5393,21,"gdn_chunk_kkt_solve",5393,9377759121173,9377759143893,11776,0,104,0,128,128,1,1,1024,16,1
"KERNEL_DISPATCH","Agent 2",1,0,220354,5388,22,"gdn_chunk_scan",5388,9377758762528,9377758861649,60928,0,192,0,128,512,1,1,512,48,1
"KERNEL_DISPATCH","Agent 2",1,0,220354,5383,21,"gdn_chunk_kkt_solve",5383,9377758480044,9377758502605,11776,0,104,0,128,128,1,1,1024,16,1
"KERNEL_DISPATCH","Agent 2",1,0,220354,5378,22,"gdn_chunk_scan",5378,9377758121200,9377758220521,60928,0,192,0,128,512,1,1,512,48,1
"KERNEL_DISPATCH","Agent 2",1,0,220354,5373,21,"gdn_chunk_kkt_solve",5373,9377757834596,9377757857437,11776,0,104,0,128,128,1,1,1024,16,1
"KERNEL_DISPATCH","Agent 2",1,0,220354,5368,20,"gdn_chunk_prep",5368,9377756666262,9377757568393,0,0,72,0,128,256,1,1,32768,10,1
"KERNEL_DISPATCH","Agent 2",1,0,220354,5363,23,"fused_rmsnorm_mq_rotate_awq_i4_gfx12",5363,9377750472384,9377750942709,0,0,96,0,128,256,1,1,2097152,1,1
"KERNEL_DISPATCH","Agent 2",1,0,220354,5358,23,"fused_rmsnorm_mq_rotate_awq_i4_gfx12",5358,9377730020166,9377730488292,0,0,96,0,128,256,1,1,2097152,1,1
"KERNEL_DISPATCH","Agent 2",1,0,220354,5353,22,"gdn_chunk_scan",5353,9377726560082,9377726658724,60928,0,192,0,128,512,1,1,512,48,1
"KERNEL_DISPATCH","Agent 2",1,0,220354,5348,21,"gdn_chunk_kkt_solve",5348,9377726278199,9377726300839,11776,0,104,0,128,128,1,1,1024,16,1
"KERNEL_DISPATCH","Agent 2",1,0,220354,5343,22,"gdn_chunk_scan",5343,9377725919634,9377726019555,60928,0,192,0,128,512,1,1,512,48,1
"KERNEL_DISPATCH","Agent 2",1,0,220354,5338,21,"gdn_chunk_kkt_solve",5338,9377725635351,9377725658271,11776,0,104,0,128,128,1,1,1024,16,1
"KERNEL_DISPATCH","Agent 2",1,0,220354,5333,22,"gdn_chunk_scan",5333,9377725274546,9377725374027,60928,0,192,0,128,512,1,1,512,48,1
"KERNEL_DISPATCH","Agent 2",1,0,220354,5328,21,"gdn_chunk_kkt_solve",5328,9377724990983,9377725013903,11776,0,104,0,128,128,1,1,1024,16,1
"KERNEL_DISPATCH","Agent 2",1,0,220354,5323,20,"gdn_chunk_prep",5323,9377723824168,9377724723939,0,0,72,0,128,256,1,1,32768,10,1
"KERNEL_DISPATCH","Agent 2",1,0,220354,5318,23,"fused_rmsnorm_mq_rotate_awq_i4_gfx12",5318,9377717638370,9377718109456,0,0,96,0,128,256,1,1,2097152,1,1
"KERNEL_DISPATCH","Agent 2",1,0,220354,5313,23,"fused_rmsnorm_mq_rotate_awq_i4_gfx12",5313,9377697296994,9377697756479,0,0,96,0,128,256,1,1,2097152,1,1
"KERNEL_DISPATCH","Agent 2",1,0,220354,5308,22,"gdn_chunk_scan",5308,9377693886871,9377693985792,60928,0,192,0,128,512,1,1,512,48,1
"KERNEL_DISPATCH","Agent 2",1,0,220354,5303,21,"gdn_chunk_kkt_solve",5303,9377693605307,9377693627907,11776,0,104,0,128,128,1,1,1024,16,1
"KERNEL_DISPATCH","Agent 2",1,0,220354,5298,22,"gdn_chunk_scan",5298,9377693248023,9377693346304,60928,0,192,0,128,512,1,1,512,48,1
"KERNEL_DISPATCH","Agent 2",1,0,220354,5293,21,"gdn_chunk_kkt_solve",5293,9377692967419,9377692990259,11776,0,104,0,128,128,1,1,1024,16,1
"KERNEL_DISPATCH","Agent 2",1,0,220354,5288,22,"gdn_chunk_scan",5288,9377692607695,9377692706976,60928,0,192,0,128,512,1,1,512,48,1
"KERNEL_DISPATCH","Agent 2",1,0,220354,4539,21,"gdn_chunk_kkt_solve",4539,9376988683026,9376988705586,11776,0,104,0,128,128,1,1,1024,16,1
"KERNEL_DISPATCH","Agent 2",1,0,220354,5283,21,"gdn_chunk_kkt_solve",5283,9377692324851,9377692347411,11776,0,104,0,128,128,1,1,1024,16,1
"KERNEL_DISPATCH","Agent 2",1,0,220354,4534,22,"gdn_chunk_scan",4534,9376988325101,9376988423542,60928,0,192,0,128,512,1,1,512,48,1
"KERNEL_DISPATCH","Agent 2",1,0,220354,5278,20,"gdn_chunk_prep",5278,9377691160636,9377692061248,0,0,72,0,128,256,1,1,32768,10,1
"KERNEL_DISPATCH","Agent 2",1,0,220354,6077,25,"gemm_mq4g256v2_residual_mmq_iu4_full_add_symfold",6077,9378416708338,9378422748974,0,0,184,0,128,256,1,1,10240,64,1
"KERNEL_DISPATCH","Agent 2",1,0,220354,5273,23,"fused_rmsnorm_mq_rotate_awq_i4_gfx12",5273,9377684990599,9377685460084,0,0,96,0,128,256,1,1,2097152,1,1
"KERNEL_DISPATCH","Agent 2",1,0,220354,4529,21,"gdn_chunk_kkt_solve",4529,9376988042818,9376988065458,11776,0,104,0,128,128,1,1,1024,16,1
"KERNEL_DISPATCH","Agent 2",1,0,220354,6072,25,"gemm_mq4g256v2_residual_mmq_iu4_full_add_symfold",6072,9378400194649,9378402368797,0,0,184,0,128,256,1,1,10240,64,1
"KERNEL_DISPATCH","Agent 2",1,0,220354,6067,21,"gdn_chunk_kkt_solve",6067,9378398937274,9378398959954,11776,0,104,0,128,128,1,1,1024,16,1
"KERNEL_DISPATCH","Agent 2",1,0,220354,6062,22,"gdn_chunk_scan",6062,9378398579229,9378398677750,60928,0,192,0,128,512,1,1,512,48,1
"KERNEL_DISPATCH","Agent 2",1,0,220354,6057,21,"gdn_chunk_kkt_solve",6057,9378398297226,9378398319866,11776,0,104,0,128,128,1,1,1024,16,1
"KERNEL_DISPATCH","Agent 2",1,0,220354,6052,22,"gdn_chunk_scan",6052,9378397932821,9378398031702,60928,0,192,0,128,512,1,1,512,48,1
"KERNEL_DISPATCH","Agent 2",1,0,220354,6047,21,"gdn_chunk_kkt_solve",6047,9378397648377,9378397671298,11776,0,104,0,128,128,1,1,1024,16,1
"KERNEL_DISPATCH","Agent 2",1,0,220354,6042,22,"gdn_chunk_scan",6042,9378397288573,9378397387414,60928,0,192,0,128,512,1,1,512,48,1
"KERNEL_DISPATCH","Agent 2",1,0,220354,6037,24,"gemm_mq4g256v2_residual_mmq_iu4_full_set_symfold",6037,9378396153319,9378396212639,0,0,184,0,128,256,1,1,256,64,1
"KERNEL_DISPATCH","Agent 2",1,0,220354,6032,25,"gemm_mq4g256v2_residual_mmq_iu4_full_add_symfold",6032,9378384022126,9378389984721,0,0,184,0,128,256,1,1,10240,64,1
"KERNEL_DISPATCH","Agent 2",1,0,220354,6027,25,"gemm_mq4g256v2_residual_mmq_iu4_full_add_symfold",6027,9378368123565,9378370150911,0,0,184,0,128,256,1,1,10240,64,1
"KERNEL_DISPATCH","Agent 2",1,0,220354,6022,33,"rope_partial_halfsplit_batched_f32",6022,9378354364352,9378354731077,0,0,16,0,128,32,1,1,32,8192,1
"KERNEL_DISPATCH","Agent 2",1,0,220354,6017,24,"gemm_mq4g256v2_residual_mmq_iu4_full_set_symfold",6017,9378347821510,9378351986002,0,0,184,0,128,256,1,1,24576,64,1
"KERNEL_DISPATCH","Agent 2",1,0,220354,6012,24,"gemm_mq4g256v2_residual_mmq_iu4_full_set_symfold",6012,9378327399292,9378333323087,0,0,184,0,128,256,1,1,34816,64,1
"KERNEL_DISPATCH","Agent 2",1,0,220354,6007,21,"gdn_chunk_kkt_solve",6007,9378323559924,9378323582644,11776,0,104,0,128,128,1,1,1024,16,1
"KERNEL_DISPATCH","Agent 2",1,0,220354,6002,22,"gdn_chunk_scan",6002,9378323203079,9378323301321,60928,0,192,0,128,512,1,1,512,48,1
"KERNEL_DISPATCH","Agent 2",1,0,220354,5997,21,"gdn_chunk_kkt_solve",5997,9378322920636,9378322943276,11776,0,104,0,128,128,1,1,1024,16,1
"KERNEL_DISPATCH","Agent 2",1,0,220354,5992,22,"gdn_chunk_scan",5992,9378322562311,9378322661033,60928,0,192,0,128,512,1,1,512,48,1
"KERNEL_DISPATCH","Agent 2",1,0,220354,5987,21,"gdn_chunk_kkt_solve",5987,9378322279828,9378322302268,11776,0,104,0,128,128,1,1,1024,16,1
"KERNEL_DISPATCH","Agent 2",1,0,220354,5982,22,"gdn_chunk_scan",5982,9378321919303,9378322019305,60928,0,192,0,128,512,1,1,512,48,1
"KERNEL_DISPATCH","Agent 2",1,0,220354,5977,21,"gdn_chunk_kkt_solve",5977,9378321630260,9378321653260,11776,0,104,0,128,128,1,1,1024,16,1
"KERNEL_DISPATCH","Agent 2",1,0,220354,5972,24,"gemm_mq4g256v2_residual_mmq_iu4_full_set_symfold",5972,9378315016816,9378318497900,0,0,184,0,128,256,1,1,20480,64,1
"KERNEL_DISPATCH","Agent 2",1,0,220354,5967,24,"gemm_mq4g256v2_residual_mmq_iu4_full_set_symfold",5967,9378294533518,9378300397392,0,0,184,0,128,256,1,1,34816,64,1
"KERNEL_DISPATCH","Agent 2",1,0,220354,5962,21,"gdn_chunk_kkt_solve",5962,9378290739430,9378290762271,11776,0,104,0,128,128,1,1,1024,16,1
"KERNEL_DISPATCH","Agent 2",1,0,220354,5957,22,"gdn_chunk_scan",5957,9378290381346,9378290479867,60928,0,192,0,128,512,1,1,512,48,1
"KERNEL_DISPATCH","Agent 2",1,0,220354,5952,21,"gdn_chunk_kkt_solve",5952,9378290098822,9378290121423,11776,0,104,0,128,128,1,1,1024,16,1
"KERNEL_DISPATCH","Agent 2",1,0,220354,5947,22,"gdn_chunk_scan",5947,9378289737418,9378289836499,60928,0,192,0,128,512,1,1,512,48,1
"KERNEL_DISPATCH","Agent 2",1,0,220354,5942,21,"gdn_chunk_kkt_solve",5942,9378289452734,9378289475495,11776,0,104,0,128,128,1,1,1024,16,1
"KERNEL_DISPATCH","Agent 2",1,0,220354,5937,22,"gdn_chunk_scan",5937,9378289091570,9378289190531,60928,0,192,0,128,512,1,1,512,48,1
"KERNEL_DISPATCH","Agent 2",1,0,220354,5932,21,"gdn_chunk_kkt_solve",5932,9378288802046,9378288824806,11776,0,104,0,128,128,1,1,1024,16,1
"KERNEL_DISPATCH","Agent 2",1,0,220354,5927,24,"gemm_mq4g256v2_residual_mmq_iu4_full_set_symfold",5927,9378282162122,9378285640406,0,0,184,0,128,256,1,1,20480,64,1
"KERNEL_DISPATCH","Agent 2",1,0,220354,5922,24,"gemm_mq4g256v2_residual_mmq_iu4_full_set_symfold",5922,9378261770305,9378267662500,0,0,184,0,128,256,1,1,34816,64,1
"KERNEL_DISPATCH","Agent 2",1,0,220354,5917,21,"gdn_chunk_kkt_solve",5917,9378257928017,9378257950617,11776,0,104,0,128,128,1,1,1024,16,1
"KERNEL_DISPATCH","Agent 2",1,0,220354,4524,22,"gdn_chunk_scan",4524,9376987681493,9376987780774,60928,0,192,0,128,512,1,1,512,48,1
"KERNEL_DISPATCH","Agent 2",1,0,220354,5912,22,"gdn_chunk_scan",5912,9378257568653,9378257667654,60928,0,192,0,128,512,1,1,512,48,1
"KERNEL_DISPATCH","Agent 2",1,0,220354,5907,21,"gdn_chunk_kkt_solve",5907,9378257286569,9378257308969,11776,0,104,0,128,128,1,1,1024,16,1
"KERNEL_DISPATCH","Agent 2",1,0,220354,4519,21,"gdn_chunk_kkt_solve",4519,9376987395289,9376987418010,11776,0,104,0,128,128,1,1,1024,16,1
"KERNEL_DISPATCH","Agent 2",1,0,220354,5902,22,"gdn_chunk_scan",5902,9378256928204,9378257026966,60928,0,192,0,128,512,1,1,512,48,1
"KERNEL_DISPATCH","Agent 2",1,0,220354,4514,24,"gemm_mq4g256v2_residual_mmq_iu4_full_set_symfold",4514,9376980821327,9376984267930,0,0,184,0,128,256,1,1,20480,64,1
"KERNEL_DISPATCH","Agent 2",1,0,220354,5897,21,"gdn_chunk_kkt_solve",5897,9378256645681,9378256668121,11776,0,104,0,128,128,1,1,1024,16,1
"KERNEL_DISPATCH","Agent 2",1,0,220354,5892,22,"gdn_chunk_scan",5892,9378256287596,9378256386238,60928,0,192,0,128,512,1,1,512,48,1
"KERNEL_DISPATCH","Agent 2",1,0,220354,5887,21,"gdn_chunk_kkt_solve",5887,9378256002113,9378256024913,11776,0,104,0,128,128,1,1,1024,16,1
"KERNEL_DISPATCH","Agent 2",1,0,220354,5882,24,"gemm_mq4g256v2_residual_mmq_iu4_full_set_symfold",5882,9378249421830,9378252873913,0,0,184,0,128,256,1,1,20480,64,1
"KERNEL_DISPATCH","Agent 2",1,0,220354,5877,24,"gemm_mq4g256v2_residual_mmq_iu4_full_set_symfold",5877,9378229545339,9378235096489,0,0,184,0,128,256,1,1,34816,64,1
"KERNEL_DISPATCH","Agent 2",1,0,220354,5872,35,"kv_cache_write_fp8_e4m3_batched",5872,9378213770341,9378213860382,0,0,56,0,128,32,1,1,128,8192,1
"KERNEL_DISPATCH","Agent 2",1,0,220354,5867,24,"gemm_mq4g256v2_residual_mmq_iu4_full_set_symfold",5867,9378211326150,9378211678154,0,0,184,0,128,256,1,1,2048,64,1
"KERNEL_DISPATCH","Agent 2",1,0,220354,5862,29,"fused_silu_mul_mq_rotate_awq_i4_gfx12",5862,9378198092343,9378200200290,0,0,56,0,128,32,1,1,2176,8192,1
"KERNEL_DISPATCH","Agent 2",1,0,220354,5857,28,"gated_norm_mq_rotate_awq_i4_gfx12",5857,9378182559907,9378183557280,1024,0,40,0,128,64,1,1,1536,8192,1
"KERNEL_DISPATCH","Agent 2",1,0,220354,5852,22,"gdn_chunk_scan",5852,9378182201903,9378182300104,60928,0,192,0,128,512,1,1,512,48,1
"KERNEL_DISPATCH","Agent 2",1,0,220354,5847,21,"gdn_chunk_kkt_solve",5847,9378181919819,9378181942860,11776,0,104,0,128,128,1,1,1024,16,1
"KERNEL_DISPATCH","Agent 2",1,0,220354,5842,22,"gdn_chunk_scan",5842,9378181558855,9378181658536,60928,0,192,0,128,512,1,1,512,48,1
"KERNEL_DISPATCH","Agent 2",1,0,220354,5837,21,"gdn_chunk_kkt_solve",5837,9378181275091,9378181297812,11776,0,104,0,128,128,1,1,1024,16,1
"KERNEL_DISPATCH","Agent 2",1,0,220354,5832,22,"gdn_chunk_scan",5832,9378180913127,9378181013368,60928,0,192,0,128,512,1,1,512,48,1
"KERNEL_DISPATCH","Agent 2",1,0,220354,5827,21,"gdn_chunk_kkt_solve",5827,9378180626923,9378180649963,11776,0,104,0,128,128,1,1,1024,16,1
"KERNEL_DISPATCH","Agent 2",1,0,220354,5822,24,"gemm_mq4g256v2_residual_mmq_iu4_full_set_symfold",5822,9378179460108,9378179521549,0,0,184,0,128,256,1,1,256,64,1
"KERNEL_DISPATCH","Agent 2",1,0,220354,5817,29,"fused_silu_mul_mq_rotate_awq_i4_gfx12",5817,9378165125808,9378167239594,0,0,56,0,128,32,1,1,2176,8192,1
"KERNEL_DISPATCH","Agent 2",1,0,220354,5812,28,"gated_norm_mq_rotate_awq_i4_gfx12",5812,9378149735974,9378150722666,1024,0,40,0,128,64,1,1,1536,8192,1
"KERNEL_DISPATCH","Agent 2",1,0,220354,5807,22,"gdn_chunk_scan",5807,9378149380009,9378149478091,60928,0,192,0,128,512,1,1,512,48,1
"KERNEL_DISPATCH","Agent 2",1,0,220354,5802,21,"gdn_chunk_kkt_solve",5802,9378149100246,9378149122806,11776,0,104,0,128,128,1,1,1024,16,1
"KERNEL_DISPATCH","Agent 2",1,0,220354,5797,22,"gdn_chunk_scan",5797,9378148741441,9378148840323,60928,0,192,0,128,512,1,1,512,48,1
"KERNEL_DISPATCH","Agent 2",1,0,220354,5792,21,"gdn_chunk_kkt_solve",5792,9378148458078,9378148480838,11776,0,104,0,128,128,1,1,1024,16,1
"KERNEL_DISPATCH","Agent 2",1,0,220354,5787,22,"gdn_chunk_scan",5787,9378148098913,9378148197635,60928,0,192,0,128,512,1,1,512,48,1
"KERNEL_DISPATCH","Agent 2",1,0,220354,5782,21,"gdn_chunk_kkt_solve",5782,9378147813990,9378147836950,11776,0,104,0,128,128,1,1,1024,16,1
"KERNEL_DISPATCH","Agent 2",1,0,220354,5777,24,"gemm_mq4g256v2_residual_mmq_iu4_full_set_symfold",5777,9378146642655,9378146703856,0,0,184,0,128,256,1,1,256,64,1
"KERNEL_DISPATCH","Agent 2",1,0,220354,5772,29,"fused_silu_mul_mq_rotate_awq_i4_gfx12",5772,9378132336115,9378134444061,0,0,56,0,128,32,1,1,2176,8192,1
"KERNEL_DISPATCH","Agent 2",1,0,220354,5268,23,"fused_rmsnorm_mq_rotate_awq_i4_gfx12",5268,9377665084908,9377665523873,0,0,96,0,128,256,1,1,2097152,1,1
"KERNEL_DISPATCH","Agent 2",1,0,220354,5263,35,"kv_cache_write_fp8_e4m3_batched",5263,9377649813955,9377649880036,0,0,56,0,128,32,1,1,128,8192,1
"KERNEL_DISPATCH","Agent 2",1,0,220354,5258,24,"gemm_mq4g256v2_residual_mmq_iu4_full_set_symfold",5258,9377647089081,9377647442125,0,0,184,0,128,256,1,1,2048,64,1
"KERNEL_DISPATCH","Agent 2",1,0,220354,5253,24,"gemm_mq4g256v2_residual_mmq_iu4_full_set_symfold",5253,9377628288324,9377634166678,0,0,184,0,128,256,1,1,34816,64,1
"KERNEL_DISPATCH","Agent 2",1,0,220354,5248,22,"gdn_chunk_scan",5248,9377618617682,9377618716364,60928,0,192,0,128,512,1,1,512,48,1
"KERNEL_DISPATCH","Agent 2",1,0,220354,4509,24,"gemm_mq4g256v2_residual_mmq_iu4_full_set_symfold",4509,9376961013757,9376966607708,0,0,184,0,128,256,1,1,34816,64,1
"KERNEL_DISPATCH","Agent 2",1,0,220354,4504,35,"kv_cache_write_fp8_e4m3_batched",4504,9376945128877,9376945217798,0,0,56,0,128,32,1,1,128,8192,1
"KERNEL_DISPATCH","Agent 2",1,0,220354,4499,24,"gemm_mq4g256v2_residual_mmq_iu4_full_set_symfold",4499,9376942683806,9376943039731,0,0,184,0,128,256,1,1,2048,64,1
"KERNEL_DISPATCH","Agent 2",1,0,220354,4494,29,"fused_silu_mul_mq_rotate_awq_i4_gfx12",4494,9376929486480,9376931600507,0,0,56,0,128,32,1,1,2176,8192,1
"KERNEL_DISPATCH","Agent 2",1,0,220354,4731,22,"gdn_chunk_scan",4731,9377161848567,9377161948369,60928,0,192,0,128,512,1,1,512,48,1
"KERNEL_DISPATCH","Agent 2",1,0,220354,4726,21,"gdn_chunk_kkt_solve",4726,9377161560844,9377161583524,11776,0,104,0,128,128,1,1,1024,16,1
"KERNEL_DISPATCH","Agent 2",1,0,220354,4489,28,"gated_norm_mq_rotate_awq_i4_gfx12",4489,9376914142487,9376915129419,1024,0,40,0,128,64,1,1,1536,8192,1
"KERNEL_DISPATCH","Agent 2",1,0,220354,4721,22,"gdn_chunk_scan",4721,9377161197359,9377161297000,60928,0,192,0,128,512,1,1,512,48,1
"KERNEL_DISPATCH","Agent 2",1,0,220354,4484,22,"gdn_chunk_scan",4484,9376913783962,9376913882643,60928,0,192,0,128,512,1,1,512,48,1
"KERNEL_DISPATCH","Agent 2",1,0,220354,4716,21,"gdn_chunk_kkt_solve",4716,9377160906876,9377160929996,11776,0,104,0,128,128,1,1,1024,16,1
"KERNEL_DISPATCH","Agent 2",1,0,220354,4711,24,"gemm_mq4g256v2_residual_mmq_iu4_full_set_symfold",4711,9377154275632,9377157759116,0,0,184,0,128,256,1,1,20480,64,1
"KERNEL_DISPATCH","Agent 2",1,0,220354,4706,24,"gemm_mq4g256v2_residual_mmq_iu4_full_set_symfold",4706,9377133885975,9377139784209,0,0,184,0,128,256,1,1,34816,64,1
"KERNEL_DISPATCH","Agent 2",1,0,220354,4701,21,"gdn_chunk_kkt_solve",4701,9377130052807,9377130075287,11776,0,104,0,128,128,1,1,1024,16,1
"KERNEL_DISPATCH","Agent 2",1,0,220354,4696,22,"gdn_chunk_scan",4696,9377129695522,9377129793684,60928,0,192,0,128,512,1,1,512,48,1
"KERNEL_DISPATCH","Agent 2",1,0,220354,5243,21,"gdn_chunk_kkt_solve",5243,9377618330199,9377618352679,11776,0,104,0,128,128,1,1,1024,16,1
"KERNEL_DISPATCH","Agent 2",1,0,220354,4691,21,"gdn_chunk_kkt_solve",4691,9377129413759,9377129436279,11776,0,104,0,128,128,1,1,1024,16,1
"KERNEL_DISPATCH","Agent 2",1,0,220354,4686,22,"gdn_chunk_scan",4686,9377129057314,9377129155316,60928,0,192,0,128,512,1,1,512,48,1
"KERNEL_DISPATCH","Agent 2",1,0,220354,5238,22,"gdn_chunk_scan",5238,9377617973554,9377618072275,60928,0,192,0,128,512,1,1,512,48,1
"KERNEL_DISPATCH","Agent 2",1,0,220354,5233,21,"gdn_chunk_kkt_solve",5233,9377617690551,9377617713271,11776,0,104,0,128,128,1,1,1024,16,1
"KERNEL_DISPATCH","Agent 2",1,0,220354,4681,21,"gdn_chunk_kkt_solve",4681,9377128774431,9377128797191,11776,0,104,0,128,128,1,1,1024,16,1
"KERNEL_DISPATCH","Agent 2",1,0,220354,5228,22,"gdn_chunk_scan",5228,9377617330666,9377617430507,60928,0,192,0,128,512,1,1,512,48,1
"KERNEL_DISPATCH","Agent 2",1,0,220354,4676,22,"gdn_chunk_scan",4676,9377128414186,9377128512827,60928,0,192,0,128,512,1,1,512,48,1
"KERNEL_DISPATCH","Agent 2",1,0,220354,5223,21,"gdn_chunk_kkt_solve",5223,9377617047103,9377617070063,11776,0,104,0,128,128,1,1,1024,16,1
"KERNEL_DISPATCH","Agent 2",1,0,220354,4671,21,"gdn_chunk_kkt_solve",4671,9377128128463,9377128151303,11776,0,104,0,128,128,1,1,1024,16,1
"KERNEL_DISPATCH","Agent 2",1,0,220354,4666,24,"gemm_mq4g256v2_residual_mmq_iu4_full_set_symfold",4666,9377121547580,9377125001223,0,0,184,0,128,256,1,1,20480,64,1
"KERNEL_DISPATCH","Agent 2",1,0,220354,5218,22,"gdn_chunk_scan",5218,9377616681778,9377616784459,60928,0,192,0,128,512,1,1,512,48,1
"KERNEL_DISPATCH","Agent 2",1,0,220354,4661,24,"gemm_mq4g256v2_residual_mmq_iu4_full_set_symfold",4661,9377101709250,9377107304160,0,0,184,0,128,256,1,1,34816,64,1
"KERNEL_DISPATCH","Agent 2",1,0,220354,4656,35,"kv_cache_write_fp8_e4m3_batched",4656,9377085991332,9377086082293,0,0,56,0,128,32,1,1,128,8192,1
"KERNEL_DISPATCH","Agent 2",1,0,220354,4651,24,"gemm_mq4g256v2_residual_mmq_iu4_full_set_symfold",4651,9377083556621,9377083907225,0,0,184,0,128,256,1,1,2048,64,1
"KERNEL_DISPATCH","Agent 2",1,0,220354,4646,29,"fused_silu_mul_mq_rotate_awq_i4_gfx12",4646,9377070337454,9377072455281,0,0,56,0,128,32,1,1,2176,8192,1
"KERNEL_DISPATCH","Agent 2",1,0,220354,4641,28,"gated_norm_mq_rotate_awq_i4_gfx12",4641,9377054949381,9377055943073,1024,0,40,0,128,64,1,1,1536,8192,1
"KERNEL_DISPATCH","Agent 2",1,0,220354,5767,28,"gated_norm_mq_rotate_awq_i4_gfx12",5767,9378117017962,9378117998334,1024,0,40,0,128,64,1,1,1536,8192,1
"KERNEL_DISPATCH","Agent 2",1,0,220354,5762,22,"gdn_chunk_scan",5762,9378116662357,9378116760158,60928,0,192,0,128,512,1,1,512,48,1
"KERNEL_DISPATCH","Agent 2",1,0,220354,5757,21,"gdn_chunk_kkt_solve",5757,9378116383114,9378116405634,11776,0,104,0,128,128,1,1,1024,16,1
"KERNEL_DISPATCH","Agent 2",1,0,220354,5752,22,"gdn_chunk_scan",5752,9378116028509,9378116126750,60928,0,192,0,128,512,1,1,512,48,1
"KERNEL_DISPATCH","Agent 2",1,0,220354,5747,21,"gdn_chunk_kkt_solve",5747,9378115744866,9378115767866,11776,0,104,0,128,128,1,1,1024,16,1
"KERNEL_DISPATCH","Agent 2",1,0,220354,5742,22,"gdn_chunk_scan",5742,9378115385421,9378115483942,60928,0,192,0,128,512,1,1,512,48,1
"KERNEL_DISPATCH","Agent 2",1,0,220354,5737,21,"gdn_chunk_kkt_solve",5737,9378115102498,9378115125258,11776,0,104,0,128,128,1,1,1024,16,1
"KERNEL_DISPATCH","Agent 2",1,0,220354,5732,24,"gemm_mq4g256v2_residual_mmq_iu4_full_set_symfold",5732,9378113940763,9378114001724,0,0,184,0,128,256,1,1,256,64,1
"KERNEL_DISPATCH","Agent 2",1,0,220354,5727,29,"fused_silu_mul_mq_rotate_awq_i4_gfx12",5727,9378099775504,9378101880931,0,0,56,0,128,32,1,1,2176,8192,1
"KERNEL_DISPATCH","Agent 2",1,0,220354,5722,46,"sigmoid_mul_rotate_x_mq_awq_i4_gfx12",5722,9378085265082,9378085997211,0,0,88,0,128,32,1,1,6291456,1,1
"KERNEL_DISPATCH","Agent 2",1,0,220354,5717,32,"rmsnorm_f32",5717,9378072009435,9378072238038,0,0,16,0,128,256,1,1,8388608,1,1
"KERNEL_DISPATCH","Agent 2",1,0,220354,5712,23,"fused_rmsnorm_mq_rotate_awq_i4_gfx12",5712,9378065208189,9378065679435,0,0,96,0,128,256,1,1,2097152,1,1
"KERNEL_DISPATCH","Agent 2",1,0,220354,5707,23,"fused_rmsnorm_mq_rotate_awq_i4_gfx12",5707,9378044792612,9378045263898,0,0,96,0,128,256,1,1,2097152,1,1
"KERNEL_DISPATCH","Agent 2",1,0,220354,4479,21,"gdn_chunk_kkt_solve",4479,9376913500958,9376913523919,11776,0,104,0,128,128,1,1,1024,16,1
"KERNEL_DISPATCH","Agent 2",1,0,220354,5702,22,"gdn_chunk_scan",5702,9378041330008,9378041428009,60928,0,192,0,128,512,1,1,512,48,1
"KERNEL_DISPATCH","Agent 2",1,0,220354,4474,22,"gdn_chunk_scan",4474,9376913142034,9376913240595,60928,0,192,0,128,512,1,1,512,48,1
"KERNEL_DISPATCH","Agent 2",1,0,220354,4636,22,"gdn_chunk_scan",4636,9377054588856,9377054687897,60928,0,192,0,128,512,1,1,512,48,1
"KERNEL_DISPATCH","Agent 2",1,0,220354,5213,24,"gemm_mq4g256v2_residual_mmq_iu4_full_set_symfold",5213,9377613527178,9377615608124,0,0,184,0,128,256,1,1,12288,64,1
"KERNEL_DISPATCH","Agent 2",1,0,220354,5208,24,"gemm_mq4g256v2_residual_mmq_iu4_full_set_symfold",5208,9377595456551,9377601289104,0,0,184,0,128,256,1,1,34816,64,1
"KERNEL_DISPATCH","Agent 2",1,0,220354,5203,22,"gdn_chunk_scan",5203,9377585843909,9377585942511,60928,0,192,0,128,512,1,1,512,48,1
"KERNEL_DISPATCH","Agent 2",1,0,220354,5697,21,"gdn_chunk_kkt_solve",5697,9378041051005,9378041073405,11776,0,104,0,128,128,1,1,1024,16,1
"KERNEL_DISPATCH","Agent 2",1,0,220354,5198,21,"gdn_chunk_kkt_solve",5198,9377585562626,9377585585106,11776,0,104,0,128,128,1,1,1024,16,1
"KERNEL_DISPATCH","Agent 2",1,0,220354,5692,22,"gdn_chunk_scan",5692,9378040692360,9378040791361,60928,0,192,0,128,512,1,1,512,48,1
"KERNEL_DISPATCH","Agent 2",1,0,220354,5193,22,"gdn_chunk_scan",5193,9377585205621,9377585303743,60928,0,192,0,128,512,1,1,512,48,1
"KERNEL_DISPATCH","Agent 2",1,0,220354,5188,21,"gdn_chunk_kkt_solve",5188,9377584923658,9377584946058,11776,0,104,0,128,128,1,1,1024,16,1
"KERNEL_DISPATCH","Agent 2",1,0,220354,5183,22,"gdn_chunk_scan",5183,9377584562413,9377584662015,60928,0,192,0,128,512,1,1,512,48,1
"KERNEL_DISPATCH","Agent 2",1,0,220354,5173,22,"gdn_chunk_scan",5173,9377583916045,9377584018566,60928,0,192,0,128,512,1,1,512,48,1
"KERNEL_DISPATCH","Agent 2",1,0,220354,5168,24,"gemm_mq4g256v2_residual_mmq_iu4_full_set_symfold",5168,9377580763645,9377582845392,0,0,184,0,128,256,1,1,12288,64,1
"KERNEL_DISPATCH","Agent 2",1,0,220354,5163,24,"gemm_mq4g256v2_residual_mmq_iu4_full_set_symfold",5163,9377562591056,9377568449450,0,0,184,0,128,256,1,1,34816,64,1
"KERNEL_DISPATCH","Agent 2",1,0,220354,5158,22,"gdn_chunk_scan",5158,9377553000656,9377553097657,60928,0,192,0,128,512,1,1,512,48,1
"KERNEL_DISPATCH","Agent 2",1,0,220354,4469,21,"gdn_chunk_kkt_solve",4469,9376912857430,9376912880271,11776,0,104,0,128,128,1,1,1024,16,1
"KERNEL_DISPATCH","Agent 2",1,0,220354,6743,6,"__amd_rocclr_fillBufferUnAligned",6743,9378816444323,9378816445763,0,0,8,0,128,256,1,1,1536,1,1
"KERNEL_DISPATCH","Agent 2",1,0,220354,6762,6,"__amd_rocclr_fillBufferUnAligned",6762,9378816539324,9378816540844,0,0,8,0,128,256,1,1,1536,1,1
"KERNEL_DISPATCH","Agent 2",1,0,220354,6799,6,"__amd_rocclr_fillBufferUnAligned",6799,9378816719886,9378816721126,0,0,8,0,128,256,1,1,7680,1,1
"KERNEL_DISPATCH","Agent 2",1,0,220354,5153,21,"gdn_chunk_kkt_solve",5153,9377552719092,9377552741652,11776,0,104,0,128,128,1,1,1024,16,1
"KERNEL_DISPATCH","Agent 2",1,0,220354,5148,22,"gdn_chunk_scan",5148,9377552361568,9377552459849,60928,0,192,0,128,512,1,1,512,48,1
"KERNEL_DISPATCH","Agent 2",1,0,220354,5143,21,"gdn_chunk_kkt_solve",5143,9377552080844,9377552103124,11776,0,104,0,128,128,1,1,1024,16,1
"KERNEL_DISPATCH","Agent 2",1,0,220354,5138,22,"gdn_chunk_scan",5138,9377551720959,9377551820081,60928,0,192,0,128,512,1,1,512,48,1
"KERNEL_DISPATCH","Agent 2",1,0,220354,5133,21,"gdn_chunk_kkt_solve",5133,9377551437996,9377551460876,11776,0,104,0,128,128,1,1,1024,16,1
"KERNEL_DISPATCH","Agent 2",1,0,220354,5128,22,"gdn_chunk_scan",5128,9377551076471,9377551178153,60928,0,192,0,128,512,1,1,512,48,1
"KERNEL_DISPATCH","Agent 2",1,0,220354,5123,24,"gemm_mq4g256v2_residual_mmq_iu4_full_set_symfold",5123,9377547936992,9377550005298,0,0,184,0,128,256,1,1,12288,64,1
"KERNEL_DISPATCH","Agent 2",1,0,220354,5118,24,"gemm_mq4g256v2_residual_mmq_iu4_full_set_symfold",5118,9377530245689,9377535937121,0,0,184,0,128,256,1,1,34816,64,1
"KERNEL_DISPATCH","Agent 2",1,0,220354,5113,43,"attention_fp8_e4m3_fa2_gqa_packet_gfx1201",5113,9377508909940,9377521457178,0,0,240,0,128,256,1,1,6144,4,16
"KERNEL_DISPATCH","Agent 2",1,0,220354,5108,30,"deinterleave_q_rmsnorm_f32_batched",5108,9377506729953,9377508133770,0,0,24,0,128,256,1,1,6144,8192,1
"KERNEL_DISPATCH","Agent 2",1,0,220354,5103,25,"gemm_mq4g256v2_residual_mmq_iu4_full_add_symfold",5103,9377495323649,9377501344965,0,0,184,0,128,256,1,1,10240,64,1
"KERNEL_DISPATCH","Agent 2",1,0,220354,5098,25,"gemm_mq4g256v2_residual_mmq_iu4_full_add_symfold",5098,9377478587998,9377480830186,0,0,184,0,128,256,1,1,10240,64,1
"KERNEL_DISPATCH","Agent 2",1,0,220354,5093,21,"gdn_chunk_kkt_solve",5093,9377477319022,9377477341622,11776,0,104,0,128,128,1,1,1024,16,1
"KERNEL_DISPATCH","Agent 2",1,0,220354,4464,22,"gdn_chunk_scan",4464,9376912495226,9376912594987,60928,0,192,0,128,512,1,1,512,48,1
"KERNEL_DISPATCH","Agent 2",1,0,220354,5088,22,"gdn_chunk_scan",5088,9377476961618,9377477060979,60928,0,192,0,128,512,1,1,512,48,1
"KERNEL_DISPATCH","Agent 2",1,0,220354,5083,21,"gdn_chunk_kkt_solve",5083,9377476677494,9377476700254,11776,0,104,0,128,128,1,1,1024,16,1
"KERNEL_DISPATCH","Agent 2",1,0,220354,5078,22,"gdn_chunk_scan",5078,9377476316769,9377476415811,60928,0,192,0,128,512,1,1,512,48,1
"KERNEL_DISPATCH","Agent 2",1,0,220354,5073,21,"gdn_chunk_kkt_solve",5073,9377476032366,9377476055326,11776,0,104,0,128,128,1,1,1024,16,1
"KERNEL_DISPATCH","Agent 2",1,0,220354,5068,22,"gdn_chunk_scan",5068,9377475667841,9377475768163,60928,0,192,0,128,512,1,1,512,48,1
"KERNEL_DISPATCH","Agent 2",1,0,220354,5063,24,"gemm_mq4g256v2_residual_mmq_iu4_full_set_symfold",5063,9377474536307,9377474595668,0,0,184,0,128,256,1,1,256,64,1
"KERNEL_DISPATCH","Agent 2",1,0,220354,5058,25,"gemm_mq4g256v2_residual_mmq_iu4_full_add_symfold",5058,9377462360794,9377468382549,0,0,184,0,128,256,1,1,10240,64,1
"KERNEL_DISPATCH","Agent 2",1,0,220354,5053,25,"gemm_mq4g256v2_residual_mmq_iu4_full_add_symfold",5053,9377445776985,9377447995653,0,0,184,0,128,256,1,1,10240,64,1
"KERNEL_DISPATCH","Agent 2",1,0,220354,5048,21,"gdn_chunk_kkt_solve",5048,9377444516529,9377444538929,11776,0,104,0,128,128,1,1,1024,16,1
"KERNEL_DISPATCH","Agent 2",1,0,220354,5043,22,"gdn_chunk_scan",5043,9377444158924,9377444256966,60928,0,192,0,128,512,1,1,512,48,1
"KERNEL_DISPATCH","Agent 2",1,0,220354,5038,21,"gdn_chunk_kkt_solve",5038,9377443874681,9377443897521,11776,0,104,0,128,128,1,1,1024,16,1
"KERNEL_DISPATCH","Agent 2",1,0,220354,5033,22,"gdn_chunk_scan",5033,9377443515036,9377443614077,60928,0,192,0,128,512,1,1,512,48,1
"KERNEL_DISPATCH","Agent 2",1,0,220354,4459,21,"gdn_chunk_kkt_solve",4459,9376912210542,9376912233423,11776,0,104,0,128,128,1,1,1024,16,1
"KERNEL_DISPATCH","Agent 2",1,0,220354,4454,24,"gemm_mq4g256v2_residual_mmq_iu4_full_set_symfold",4454,9376911042608,9376911103448,0,0,184,0,128,256,1,1,256,64,1
"KERNEL_DISPATCH","Agent 2",1,0,220354,5028,21,"gdn_chunk_kkt_solve",5028,9377443231993,9377443254833,11776,0,104,0,128,128,1,1,1024,16,1
"KERNEL_DISPATCH","Agent 2",1,0,220354,5023,22,"gdn_chunk_scan",5023,9377442871188,9377442970949,60928,0,192,0,128,512,1,1,512,48,1
"KERNEL_DISPATCH","Agent 2",1,0,220354,4449,29,"fused_silu_mul_mq_rotate_awq_i4_gfx12",4449,9376896759028,9376898877774,0,0,56,0,128,32,1,1,2176,8192,1
"KERNEL_DISPATCH","Agent 2",1,0,220354,4444,28,"gated_norm_mq_rotate_awq_i4_gfx12",4444,9376881410354,9376882397327,1024,0,40,0,128,64,1,1,1536,8192,1
"KERNEL_DISPATCH","Agent 2",1,0,220354,5018,24,"gemm_mq4g256v2_residual_mmq_iu4_full_set_symfold",5018,9377441745374,9377441804295,0,0,184,0,128,256,1,1,256,64,1
"KERNEL_DISPATCH","Agent 2",1,0,220354,4439,22,"gdn_chunk_scan",4439,9376881054470,9376881151991,60928,0,192,0,128,512,1,1,512,48,1
"KERNEL_DISPATCH","Agent 2",1,0,220354,4434,21,"gdn_chunk_kkt_solve",4434,9376880769706,9376880792666,11776,0,104,0,128,128,1,1,1024,16,1
"KERNEL_DISPATCH","Agent 2",1,0,220354,5013,25,"gemm_mq4g256v2_residual_mmq_iu4_full_add_symfold",5013,9377429505540,9377435604857,0,0,184,0,128,256,1,1,10240,64,1
"KERNEL_DISPATCH","Agent 2",1,0,220354,4429,22,"gdn_chunk_scan",4429,9376880408982,9376880508343,60928,0,192,0,128,512,1,1,512,48,1
"KERNEL_DISPATCH","Agent 2",1,0,220354,4424,21,"gdn_chunk_kkt_solve",4424,9376880125458,9376880148298,11776,0,104,0,128,128,1,1,1024,16,1
"KERNEL_DISPATCH","Agent 2",1,0,220354,4419,22,"gdn_chunk_scan",4419,9376879764813,9376879864095,60928,0,192,0,128,512,1,1,512,48,1
"KERNEL_DISPATCH","Agent 2",1,0,220354,4414,21,"gdn_chunk_kkt_solve",4414,9376879480690,9376879503610,11776,0,104,0,128,128,1,1,1024,16,1
"KERNEL_DISPATCH","Agent 2",1,0,220354,4409,24,"gemm_mq4g256v2_residual_mmq_iu4_full_set_symfold",4409,9376878314395,9376878376356,0,0,184,0,128,256,1,1,256,64,1
"KERNEL_DISPATCH","Agent 2",1,0,220354,4404,29,"fused_silu_mul_mq_rotate_awq_i4_gfx12",4404,9376864040535,9376866148362,0,0,56,0,128,32,1,1,2176,8192,1
"KERNEL_DISPATCH","Agent 2",1,0,220354,4399,28,"gated_norm_mq_rotate_awq_i4_gfx12",4399,9376848495099,9376849489472,1024,0,40,0,128,64,1,1,1536,8192,1
"KERNEL_DISPATCH","Agent 2",1,0,220354,4394,22,"gdn_chunk_scan",4394,9376848138215,9376848235736,60928,0,192,0,128,512,1,1,512,48,1
"KERNEL_DISPATCH","Agent 2",1,0,220354,4389,21,"gdn_chunk_kkt_solve",4389,9376847856491,9376847879452,11776,0,104,0,128,128,1,1,1024,16,1
"KERNEL_DISPATCH","Agent 2",1,0,220354,4384,22,"gdn_chunk_scan",4384,9376847496927,9376847595888,60928,0,192,0,128,512,1,1,512,48,1
"KERNEL_DISPATCH","Agent 2",1,0,220354,4379,21,"gdn_chunk_kkt_solve",4379,9376847213723,9376847236684,11776,0,104,0,128,128,1,1,1024,16,1
"KERNEL_DISPATCH","Agent 2",1,0,220354,4374,22,"gdn_chunk_scan",4374,9376846846919,9376846946440,60928,0,192,0,128,512,1,1,512,48,1
"KERNEL_DISPATCH","Agent 2",1,0,220354,4369,21,"gdn_chunk_kkt_solve",4369,9376846563355,9376846586395,11776,0,104,0,128,128,1,1,1024,16,1
"KERNEL_DISPATCH","Agent 2",1,0,220354,4364,24,"gemm_mq4g256v2_residual_mmq_iu4_full_set_symfold",4364,9376845398860,9376845459701,0,0,184,0,128,256,1,1,256,64,1
"KERNEL_DISPATCH","Agent 2",1,0,220354,5008,25,"gemm_mq4g256v2_residual_mmq_iu4_full_add_symfold",5008,9377413033172,9377415193279,0,0,184,0,128,256,1,1,10240,64,1
"KERNEL_DISPATCH","Agent 2",1,0,220354,5003,21,"gdn_chunk_kkt_solve",5003,9377411785036,9377411807477,11776,0,104,0,128,128,1,1,1024,16,1
"KERNEL_DISPATCH","Agent 2",1,0,220354,4359,29,"fused_silu_mul_mq_rotate_awq_i4_gfx12",4359,9376831310963,9376833420390,0,0,56,0,128,32,1,1,2176,8192,1
"KERNEL_DISPATCH","Agent 2",1,0,220354,4998,22,"gdn_chunk_scan",4998,9377411430832,9377411528513,60928,0,192,0,128,512,1,1,512,48,1
"KERNEL_DISPATCH","Agent 2",1,0,220354,4354,46,"sigmoid_mul_rotate_x_mq_awq_i4_gfx12",4354,9376816752300,9376817484429,0,0,88,0,128,32,1,1,6291456,1,1
"KERNEL_DISPATCH","Agent 2",1,0,220354,4349,32,"rmsnorm_f32",4349,9376803539893,9376803766896,0,0,16,0,128,256,1,1,8388608,1,1
"KERNEL_DISPATCH","Agent 2",1,0,220354,4344,23,"fused_rmsnorm_mq_rotate_awq_i4_gfx12",4344,9376796761848,9376797236934,0,0,96,0,128,256,1,1,2097152,1,1
"KERNEL_DISPATCH","Agent 2",1,0,220354,4993,21,"gdn_chunk_kkt_solve",4993,9377411150948,9377411173109,11776,0,104,0,128,128,1,1,1024,16,1
"KERNEL_DISPATCH","Agent 2",1,0,220354,4988,22,"gdn_chunk_scan",4988,9377410793464,9377410891985,60928,0,192,0,128,512,1,1,512,48,1
"KERNEL_DISPATCH","Agent 2",1,0,220354,4983,21,"gdn_chunk_kkt_solve",4983,9377410510220,9377410533061,11776,0,104,0,128,128,1,1,1024,16,1
"KERNEL_DISPATCH","Agent 2",1,0,220354,4978,22,"gdn_chunk_scan",4978,9377410152496,9377410250377,60928,0,192,0,128,512,1,1,512,48,1
"KERNEL_DISPATCH","Agent 2",1,0,220354,4973,24,"gemm_mq4g256v2_residual_mmq_iu4_full_set_symfold",4973,9377409028602,9377409086762,0,0,184,0,128,256,1,1,256,64,1
"KERNEL_DISPATCH","Agent 2",1,0,220354,4968,25,"gemm_mq4g256v2_residual_mmq_iu4_full_add_symfold",4968,9377396914529,9377402942925,0,0,184,0,128,256,1,1,10240,64,1
"KERNEL_DISPATCH","Agent 2",1,0,220354,4963,25,"gemm_mq4g256v2_residual_mmq_iu4_full_add_symfold",4963,9377380963488,9377382987274,0,0,184,0,128,256,1,1,10240,64,1
"KERNEL_DISPATCH","Agent 2",1,0,220354,4958,33,"rope_partial_halfsplit_batched_f32",4958,9377367309956,9377367676161,0,0,16,0,128,32,1,1,32,8192,1
"KERNEL_DISPATCH","Agent 2",1,0,220354,4953,24,"gemm_mq4g256v2_residual_mmq_iu4_full_set_symfold",4953,9377360765634,9377364939326,0,0,184,0,128,256,1,1,24576,64,1
"KERNEL_DISPATCH","Agent 2",1,0,220354,4948,24,"gemm_mq4g256v2_residual_mmq_iu4_full_set_symfold",4948,9377340334616,9377346247051,0,0,184,0,128,256,1,1,34816,64,1
"KERNEL_DISPATCH","Agent 2",1,0,220354,4943,21,"gdn_chunk_kkt_solve",4943,9377336529928,9377336552729,11776,0,104,0,128,128,1,1,1024,16,1
"KERNEL_DISPATCH","Agent 2",1,0,220354,4339,23,"fused_rmsnorm_mq_rotate_awq_i4_gfx12",4339,9376776517353,9376776981198,0,0,96,0,128,256,1,1,2097152,1,1
"KERNEL_DISPATCH","Agent 2",1,0,220354,4334,22,"gdn_chunk_scan",4334,9376773086589,9376773184431,60928,0,192,0,128,512,1,1,512,48,1
"KERNEL_DISPATCH","Agent 2",1,0,220354,4329,21,"gdn_chunk_kkt_solve",4329,9376772802586,9376772825426,11776,0,104,0,128,128,1,1,1024,16,1
"KERNEL_DISPATCH","Agent 2",1,0,220354,4324,22,"gdn_chunk_scan",4324,9376772441621,9376772540863,60928,0,192,0,128,512,1,1,512,48,1
"KERNEL_DISPATCH","Agent 2",1,0,220354,4938,22,"gdn_chunk_scan",4938,9377336175204,9377336272605,60928,0,192,0,128,512,1,1,512,48,1
"KERNEL_DISPATCH","Agent 2",1,0,220354,4319,21,"gdn_chunk_kkt_solve",4319,9376772156658,9376772179738,11776,0,104,0,128,128,1,1,1024,16,1
"KERNEL_DISPATCH","Agent 2",1,0,220354,4314,22,"gdn_chunk_scan",4314,9376771793373,9376771893894,60928,0,192,0,128,512,1,1,512,48,1
"KERNEL_DISPATCH","Agent 2",1,0,220354,4309,21,"gdn_chunk_kkt_solve",4309,9376771506969,9376771529770,11776,0,104,0,128,128,1,1,1024,16,1
"KERNEL_DISPATCH","Agent 2",1,0,220354,4304,20,"gdn_chunk_prep",4304,9376770337875,9376771240166,0,0,72,0,128,256,1,1,32768,10,1
"KERNEL_DISPATCH","Agent 2",1,0,220354,4299,23,"fused_rmsnorm_mq_rotate_awq_i4_gfx12",4299,9376764164637,9376764635123,0,0,96,0,128,256,1,1,2097152,1,1
"KERNEL_DISPATCH","Agent 2",1,0,220354,4294,23,"fused_rmsnorm_mq_rotate_awq_i4_gfx12",4294,9376743752260,9376744222186,0,0,96,0,128,256,1,1,2097152,1,1
"KERNEL_DISPATCH","Agent 2",1,0,220354,4289,22,"gdn_chunk_scan",4289,9376740297496,9376740395018,60928,0,192,0,128,512,1,1,512,48,1
"KERNEL_DISPATCH","Agent 2",1,0,220354,4284,21,"gdn_chunk_kkt_solve",4284,9376740009053,9376740032053,11776,0,104,0,128,128,1,1,1024,16,1
"KERNEL_DISPATCH","Agent 2",1,0,220354,4279,22,"gdn_chunk_scan",4279,9376739648728,9376739747969,60928,0,192,0,128,512,1,1,512,48,1
"KERNEL_DISPATCH","Agent 2",1,0,220354,4274,21,"gdn_chunk_kkt_solve",4274,9376739365285,9376739387965,11776,0,104,0,128,128,1,1,1024,16,1
"KERNEL_DISPATCH","Agent 2",1,0,220354,4269,22,"gdn_chunk_scan",4269,9376739005120,9376739104401,60928,0,192,0,128,512,1,1,512,48,1
"KERNEL_DISPATCH","Agent 2",1,0,220354,4264,21,"gdn_chunk_kkt_solve",4264,9376738718196,9376738741037,11776,0,104,0,128,128,1,1,1024,16,1
"KERNEL_DISPATCH","Agent 2",1,0,220354,4259,20,"gdn_chunk_prep",4259,9376737551582,9376738450953,0,0,72,0,128,256,1,1,32768,10,1
"KERNEL_DISPATCH","Agent 2",1,0,220354,4933,21,"gdn_chunk_kkt_solve",4933,9377335893920,9377335916441,11776,0,104,0,128,128,1,1,1024,16,1
"KERNEL_DISPATCH","Agent 2",1,0,220354,4254,23,"fused_rmsnorm_mq_rotate_awq_i4_gfx12",4254,9376731353984,9376731825670,0,0,96,0,128,256,1,1,2097152,1,1
"KERNEL_DISPATCH","Agent 2",1,0,220354,4249,23,"fused_rmsnorm_mq_rotate_awq_i4_gfx12",4249,9376710794245,9376711260770,0,0,96,0,128,256,1,1,2097152,1,1
"KERNEL_DISPATCH","Agent 2",1,0,220354,4244,22,"gdn_chunk_scan",4244,9376707379122,9376707477723,60928,0,192,0,128,512,1,1,512,48,1
"KERNEL_DISPATCH","Agent 2",1,0,220354,4928,22,"gdn_chunk_scan",4928,9377335534876,9377335633677,60928,0,192,0,128,512,1,1,512,48,1
"KERNEL_DISPATCH","Agent 2",1,0,220354,4239,21,"gdn_chunk_kkt_solve",4239,9376707097518,9376707120078,11776,0,104,0,128,128,1,1,1024,16,1
"KERNEL_DISPATCH","Agent 2",1,0,220354,4923,21,"gdn_chunk_kkt_solve",4923,9377335251952,9377335274712,11776,0,104,0,128,128,1,1,1024,16,1
"KERNEL_DISPATCH","Agent 2",1,0,220354,4234,22,"gdn_chunk_scan",4234,9376706736713,9376706835995,60928,0,192,0,128,512,1,1,512,48,1
"KERNEL_DISPATCH","Agent 2",1,0,220354,4229,21,"gdn_chunk_kkt_solve",4229,9376706452870,9376706475790,11776,0,104,0,128,128,1,1,1024,16,1
"KERNEL_DISPATCH","Agent 2",1,0,220354,4918,22,"gdn_chunk_scan",4918,9377334891788,9377334990869,60928,0,192,0,128,512,1,1,512,48,1
"KERNEL_DISPATCH","Agent 2",1,0,220354,4913,21,"gdn_chunk_kkt_solve",4913,9377334604824,9377334627984,11776,0,104,0,128,128,1,1,1024,16,1
"KERNEL_DISPATCH","Agent 2",1,0,220354,4224,22,"gdn_chunk_scan",4224,9376706092665,9376706191627,60928,0,192,0,128,512,1,1,512,48,1
"KERNEL_DISPATCH","Agent 2",1,0,220354,4219,21,"gdn_chunk_kkt_solve",4219,9376705807102,9376705830102,11776,0,104,0,128,128,1,1,1024,16,1
"KERNEL_DISPATCH","Agent 2",1,0,220354,4908,24,"gemm_mq4g256v2_residual_mmq_iu4_full_set_symfold",4908,9377327984341,9377331466704,0,0,184,0,128,256,1,1,20480,64,1
"KERNEL_DISPATCH","Agent 2",1,0,220354,4903,24,"gemm_mq4g256v2_residual_mmq_iu4_full_set_symfold",4903,9377307583404,9377313403117,0,0,184,0,128,256,1,1,34816,64,1
"KERNEL_DISPATCH","Agent 2",1,0,220354,4898,21,"gdn_chunk_kkt_solve",4898,9377303799076,9377303821956,11776,0,104,0,128,128,1,1,1024,16,1
"KERNEL_DISPATCH","Agent 2",1,0,220354,4893,22,"gdn_chunk_scan",4893,9377303441311,9377303539713,60928,0,192,0,128,512,1,1,512,48,1
"KERNEL_DISPATCH","Agent 2",1,0,220354,4888,21,"gdn_chunk_kkt_solve",4888,9377303159428,9377303181828,11776,0,104,0,128,128,1,1,1024,16,1
"KERNEL_DISPATCH","Agent 2",1,0,220354,4883,22,"gdn_chunk_scan",4883,9377302797623,9377302897465,60928,0,192,0,128,512,1,1,512,48,1
"KERNEL_DISPATCH","Agent 2",1,0,220354,4878,21,"gdn_chunk_kkt_solve",4878,9377302511300,9377302534100,11776,0,104,0,128,128,1,1,1024,16,1
"KERNEL_DISPATCH","Agent 2",1,0,220354,4873,22,"gdn_chunk_scan",4873,9377302146535,9377302246896,60928,0,192,0,128,512,1,1,512,48,1
"KERNEL_DISPATCH","Agent 2",1,0,220354,4868,21,"gdn_chunk_kkt_solve",4868,9377301855931,9377301879012,11776,0,104,0,128,128,1,1,1024,16,1
"KERNEL_DISPATCH","Agent 2",1,0,220354,4863,24,"gemm_mq4g256v2_residual_mmq_iu4_full_set_symfold",4863,9377295225528,9377298708892,0,0,184,0,128,256,1,1,20480,64,1
"KERNEL_DISPATCH","Agent 2",1,0,220354,4858,24,"gemm_mq4g256v2_residual_mmq_iu4_full_set_symfold",4858,9377274857871,9377280673905,0,0,184,0,128,256,1,1,34816,64,1
"KERNEL_DISPATCH","Agent 2",1,0,220354,4853,21,"gdn_chunk_kkt_solve",4853,9377271068584,9377271090904,11776,0,104,0,128,128,1,1,1024,16,1
"KERNEL_DISPATCH","Agent 2",1,0,220354,4848,22,"gdn_chunk_scan",4848,9377270708379,9377270807380,60928,0,192,0,128,512,1,1,512,48,1
"KERNEL_DISPATCH","Agent 2",1,0,220354,4843,21,"gdn_chunk_kkt_solve",4843,9377270424535,9377270447296,11776,0,104,0,128,128,1,1,1024,16,1
"KERNEL_DISPATCH","Agent 2",1,0,220354,4838,22,"gdn_chunk_scan",4838,9377270065171,9377270163812,60928,0,192,0,128,512,1,1,512,48,1
"KERNEL_DISPATCH","Agent 2",1,0,220354,4833,21,"gdn_chunk_kkt_solve",4833,9377269778047,9377269800848,11776,0,104,0,128,128,1,1,1024,16,1
"KERNEL_DISPATCH","Agent 2",1,0,220354,4828,22,"gdn_chunk_scan",4828,9377269414163,9377269513684,60928,0,192,0,128,512,1,1,512,48,1
"KERNEL_DISPATCH","Agent 2",1,0,220354,4823,21,"gdn_chunk_kkt_solve",4823,9377269125479,9377269148359,11776,0,104,0,128,128,1,1,1024,16,1
"KERNEL_DISPATCH","Agent 2",1,0,220354,4818,24,"gemm_mq4g256v2_residual_mmq_iu4_full_set_symfold",4818,9377262519396,9377265985839,0,0,184,0,128,256,1,1,20480,64,1
"KERNEL_DISPATCH","Agent 2",1,0,220354,4626,22,"gdn_chunk_scan",4626,9377053943448,9377054043969,60928,0,192,0,128,512,1,1,512,48,1
"KERNEL_DISPATCH","Agent 2",1,0,220354,4621,21,"gdn_chunk_kkt_solve",4621,9377053657004,9377053679845,11776,0,104,0,128,128,1,1,1024,16,1
"KERNEL_DISPATCH","Agent 2",1,0,220354,4813,24,"gemm_mq4g256v2_residual_mmq_iu4_full_set_symfold",4813,9377242569464,9377248201295,0,0,184,0,128,256,1,1,34816,64,1
"KERNEL_DISPATCH","Agent 2",1,0,220354,4808,35,"kv_cache_write_fp8_e4m3_batched",4808,9377226816866,9377226906827,0,0,56,0,128,32,1,1,128,8192,1
"KERNEL_DISPATCH","Agent 2",1,0,220354,4616,22,"gdn_chunk_scan",4616,9377053293480,9377053393561,60928,0,192,0,128,512,1,1,512,48,1
"KERNEL_DISPATCH","Agent 2",1,0,220354,5682,22,"gdn_chunk_scan",5682,9378040052232,9378040151153,60928,0,192,0,128,512,1,1,512,48,1
"KERNEL_DISPATCH","Agent 2",1,0,220354,4803,24,"gemm_mq4g256v2_residual_mmq_iu4_full_set_symfold",4803,9377224388555,9377224739880,0,0,184,0,128,256,1,1,2048,64,1
"KERNEL_DISPATCH","Agent 2",1,0,220354,4611,21,"gdn_chunk_kkt_solve",4611,9377053005996,9377053029156,11776,0,104,0,128,128,1,1,1024,16,1
"KERNEL_DISPATCH","Agent 2",1,0,220354,5677,21,"gdn_chunk_kkt_solve",5677,9378039768668,9378039791509,11776,0,104,0,128,128,1,1,1024,16,1
"KERNEL_DISPATCH","Agent 2",1,0,220354,4798,29,"fused_silu_mul_mq_rotate_awq_i4_gfx12",4798,9377211182509,9377213291576,0,0,56,0,128,32,1,1,2176,8192,1
"KERNEL_DISPATCH","Agent 2",1,0,220354,4606,24,"gemm_mq4g256v2_residual_mmq_iu4_full_set_symfold",4606,9377051837901,9377051900462,0,0,184,0,128,256,1,1,256,64,1
"KERNEL_DISPATCH","Agent 2",1,0,220354,4601,29,"fused_silu_mul_mq_rotate_awq_i4_gfx12",4601,9377037617962,9377039729469,0,0,56,0,128,32,1,1,2176,8192,1
"KERNEL_DISPATCH","Agent 2",1,0,220354,4596,28,"gated_norm_mq_rotate_awq_i4_gfx12",4596,9377022145687,9377023138860,1024,0,40,0,128,64,1,1,1536,8192,1
"KERNEL_DISPATCH","Agent 2",1,0,220354,5672,20,"gdn_chunk_prep",5672,9378038597294,9378039504305,0,0,72,0,128,256,1,1,32768,10,1
"KERNEL_DISPATCH","Agent 2",1,0,220354,5667,23,"fused_rmsnorm_mq_rotate_awq_i4_gfx12",5667,9378032424096,9378032893582,0,0,96,0,128,256,1,1,2097152,1,1
"KERNEL_DISPATCH","Agent 2",1,0,220354,4591,22,"gdn_chunk_scan",4591,9377021786523,9377021885364,60928,0,192,0,128,512,1,1,512,48,1
"KERNEL_DISPATCH","Agent 2",1,0,220354,5662,23,"fused_rmsnorm_mq_rotate_awq_i4_gfx12",5662,9378012116880,9378012576846,0,0,96,0,128,256,1,1,2097152,1,1
"KERNEL_DISPATCH","Agent 2",1,0,220354,4586,21,"gdn_chunk_kkt_solve",4586,9377021504119,9377021526720,11776,0,104,0,128,128,1,1,1024,16,1
"KERNEL_DISPATCH","Agent 2",1,0,220354,5657,22,"gdn_chunk_scan",5657,9378008716597,9378008814238,60928,0,192,0,128,512,1,1,512,48,1
"KERNEL_DISPATCH","Agent 2",1,0,220354,4214,20,"gdn_chunk_prep",4214,9376704640327,9376705542058,0,0,72,0,128,256,1,1,32768,10,1
"KERNEL_DISPATCH","Agent 2",1,0,220354,4209,23,"fused_rmsnorm_mq_rotate_awq_i4_gfx12",4209,9376698515810,9376698979096,0,0,96,0,128,256,1,1,2097152,1,1
"KERNEL_DISPATCH","Agent 2",1,0,220354,4581,22,"gdn_chunk_scan",4581,9377021145395,9377021244276,60928,0,192,0,128,512,1,1,512,48,1
"KERNEL_DISPATCH","Agent 2",1,0,220354,4204,23,"fused_rmsnorm_mq_rotate_awq_i4_gfx12",4204,9376678646760,9376679090005,0,0,96,0,128,256,1,1,2097152,1,1
"KERNEL_DISPATCH","Agent 2",1,0,220354,5652,21,"gdn_chunk_kkt_solve",5652,9378008438114,9378008460434,11776,0,104,0,128,128,1,1,1024,16,1
"KERNEL_DISPATCH","Agent 2",1,0,220354,5647,22,"gdn_chunk_scan",5647,9378008085229,9378008182350,60928,0,192,0,128,512,1,1,512,48,1
"KERNEL_DISPATCH","Agent 2",1,0,220354,4576,21,"gdn_chunk_kkt_solve",4576,9377020860551,9377020883551,11776,0,104,0,128,128,1,1,1024,16,1
"KERNEL_DISPATCH","Agent 2",1,0,220354,4571,22,"gdn_chunk_scan",4571,9377020498467,9377020598148,60928,0,192,0,128,512,1,1,512,48,1
"KERNEL_DISPATCH","Agent 2",1,0,220354,5642,21,"gdn_chunk_kkt_solve",5642,9378007803146,9378007825866,11776,0,104,0,128,128,1,1,1024,16,1
"KERNEL_DISPATCH","Agent 2",1,0,220354,4566,21,"gdn_chunk_kkt_solve",4566,9377020214543,9377020237423,11776,0,104,0,128,128,1,1,1024,16,1
"KERNEL_DISPATCH","Agent 2",1,0,220354,5637,22,"gdn_chunk_scan",5637,9378007443701,9378007542662,60928,0,192,0,128,512,1,1,512,48,1
"KERNEL_DISPATCH","Agent 2",1,0,220354,4561,24,"gemm_mq4g256v2_residual_mmq_iu4_full_set_symfold",4561,9377019048648,9377019110249,0,0,184,0,128,256,1,1,256,64,1
"KERNEL_DISPATCH","Agent 2",1,0,220354,5632,21,"gdn_chunk_kkt_solve",5632,9378007161898,9378007184458,11776,0,104,0,128,128,1,1,1024,16,1
"KERNEL_DISPATCH","Agent 2",1,0,220354,5627,20,"gdn_chunk_prep",5627,9378005993683,9378006899494,0,0,72,0,128,256,1,1,32768,10,1
"KERNEL_DISPATCH","Agent 2",1,0,220354,5622,23,"fused_rmsnorm_mq_rotate_awq_i4_gfx12",5622,9377999761764,9378000233370,0,0,96,0,128,256,1,1,2097152,1,1
"KERNEL_DISPATCH","Agent 2",1,0,220354,5617,23,"fused_rmsnorm_mq_rotate_awq_i4_gfx12",5617,9377979180705,9377979650671,0,0,96,0,128,256,1,1,2097152,1,1
"KERNEL_DISPATCH","Agent 2",1,0,220354,5612,22,"gdn_chunk_scan",5612,9377975722062,9377975820383,60928,0,192,0,128,512,1,1,512,48,1
"KERNEL_DISPATCH","Agent 2",1,0,220354,5607,21,"gdn_chunk_kkt_solve",5607,9377975440818,9377975463418,11776,0,104,0,128,128,1,1,1024,16,1
"KERNEL_DISPATCH","Agent 2",1,0,220354,5602,22,"gdn_chunk_scan",5602,9377975082533,9377975181575,60928,0,192,0,128,512,1,1,512,48,1
"KERNEL_DISPATCH","Agent 2",1,0,220354,5597,21,"gdn_chunk_kkt_solve",5597,9377974799610,9377974822530,11776,0,104,0,128,128,1,1,1024,16,1
"KERNEL_DISPATCH","Agent 2",1,0,220354,5592,22,"gdn_chunk_scan",5592,9377974439045,9377974538367,60928,0,192,0,128,512,1,1,512,48,1
"KERNEL_DISPATCH","Agent 2",1,0,220354,5587,21,"gdn_chunk_kkt_solve",5587,9377974156442,9377974179122,11776,0,104,0,128,128,1,1,1024,16,1
"KERNEL_DISPATCH","Agent 2",1,0,220354,5582,20,"gdn_chunk_prep",5582,9377972986387,9377973892158,0,0,72,0,128,256,1,1,32768,10,1
"KERNEL_DISPATCH","Agent 2",1,0,220354,5577,23,"fused_rmsnorm_mq_rotate_awq_i4_gfx12",5577,9377966842870,9377967310876,0,0,96,0,128,256,1,1,2097152,1,1
"KERNEL_DISPATCH","Agent 2",1,0,220354,5572,23,"fused_rmsnorm_mq_rotate_awq_i4_gfx12",5572,9377947018380,9377947453425,0,0,96,0,128,256,1,1,2097152,1,1
"KERNEL_DISPATCH","Agent 2",1,0,220354,5567,35,"kv_cache_write_fp8_e4m3_batched",5567,9377931630226,9377931696627,0,0,56,0,128,32,1,1,128,8192,1
"KERNEL_DISPATCH","Agent 2",1,0,220354,5562,24,"gemm_mq4g256v2_residual_mmq_iu4_full_set_symfold",5562,9377928899512,9377929254676,0,0,184,0,128,256,1,1,2048,64,1
"KERNEL_DISPATCH","Agent 2",1,0,220354,5557,24,"gemm_mq4g256v2_residual_mmq_iu4_full_set_symfold",5557,9377910201956,9377916061270,0,0,184,0,128,256,1,1,34816,64,1
"KERNEL_DISPATCH","Agent 2",1,0,220354,5552,22,"gdn_chunk_scan",5552,9377900644716,9377900742317,60928,0,192,0,128,512,1,1,512,48,1
"KERNEL_DISPATCH","Agent 2",1,0,220354,5547,21,"gdn_chunk_kkt_solve",5547,9377900365472,9377900387672,11776,0,104,0,128,128,1,1,1024,16,1
"KERNEL_DISPATCH","Agent 2",1,0,220354,4793,28,"gated_norm_mq_rotate_awq_i4_gfx12",4793,9377195786555,9377196779888,1024,0,40,0,128,64,1,1,1536,8192,1
"KERNEL_DISPATCH","Agent 2",1,0,220354,5542,22,"gdn_chunk_scan",5542,9377900011508,9377900108709,60928,0,192,0,128,512,1,1,512,48,1
"KERNEL_DISPATCH","Agent 2",1,0,220354,4788,22,"gdn_chunk_scan",4788,9377195426710,9377195525552,60928,0,192,0,128,512,1,1,512,48,1
"KERNEL_DISPATCH","Agent 2",1,0,220354,4783,21,"gdn_chunk_kkt_solve",4783,9377195144547,9377195167467,11776,0,104,0,128,128,1,1,1024,16,1
"KERNEL_DISPATCH","Agent 2",1,0,220354,4778,22,"gdn_chunk_scan",4778,9377194784382,9377194883784,60928,0,192,0,128,512,1,1,512,48,1
"KERNEL_DISPATCH","Agent 2",1,0,220354,5537,21,"gdn_chunk_kkt_solve",5537,9377899729864,9377899752264,11776,0,104,0,128,128,1,1,1024,16,1
"KERNEL_DISPATCH","Agent 2",1,0,220354,4773,21,"gdn_chunk_kkt_solve",4773,9377194500859,9377194523419,11776,0,104,0,128,128,1,1,1024,16,1
"KERNEL_DISPATCH","Agent 2",1,0,220354,4768,22,"gdn_chunk_scan",4768,9377194140214,9377194239416,60928,0,192,0,128,512,1,1,512,48,1
"KERNEL_DISPATCH","Agent 2",1,0,220354,5532,22,"gdn_chunk_scan",5532,9377899371420,9377899470581,60928,0,192,0,128,512,1,1,512,48,1
"KERNEL_DISPATCH","Agent 2",1,0,220354,4763,21,"gdn_chunk_kkt_solve",4763,9377193854531,9377193877451,11776,0,104,0,128,128,1,1,1024,16,1
"KERNEL_DISPATCH","Agent 2",1,0,220354,4758,24,"gemm_mq4g256v2_residual_mmq_iu4_full_set_symfold",4758,9377192690676,9377192751517,0,0,184,0,128,256,1,1,256,64,1
"KERNEL_DISPATCH","Agent 2",1,0,220354,4199,35,"kv_cache_write_fp8_e4m3_batched",4199,9376663241445,9376663308446,0,0,56,0,128,32,1,1,128,8192,1
"KERNEL_DISPATCH","Agent 2",1,0,220354,4194,24,"gemm_mq4g256v2_residual_mmq_iu4_full_set_symfold",4194,9376660511691,9376660864855,0,0,184,0,128,256,1,1,2048,64,1
"KERNEL_DISPATCH","Agent 2",1,0,220354,4753,29,"fused_silu_mul_mq_rotate_awq_i4_gfx12",4753,9377178341855,9377180454882,0,0,56,0,128,32,1,1,2176,8192,1
"KERNEL_DISPATCH","Agent 2",1,0,220354,4189,24,"gemm_mq4g256v2_residual_mmq_iu4_full_set_symfold",4189,9376641760615,9376647632329,0,0,184,0,128,256,1,1,34816,64,1
"KERNEL_DISPATCH","Agent 2",1,0,220354,4748,28,"gated_norm_mq_rotate_awq_i4_gfx12",4748,9377162984902,9377163977634,1024,0,40,0,128,64,1,1,1536,8192,1
"KERNEL_DISPATCH","Agent 2",1,0,220354,4743,22,"gdn_chunk_scan",4743,9377162624337,9377162723298,60928,0,192,0,128,512,1,1,512,48,1
"KERNEL_DISPATCH","Agent 2",1,0,220354,4556,29,"fused_silu_mul_mq_rotate_awq_i4_gfx12",4556,9377004812589,9377006921215,0,0,56,0,128,32,1,1,2176,8192,1
"KERNEL_DISPATCH","Agent 2",1,0,220354,4738,21,"gdn_chunk_kkt_solve",4738,9377162340094,9377162362974,11776,0,104,0,128,128,1,1,1024,16,1
"KERNEL_DISPATCH","Agent 2",1,0,220354,4733,22,"gdn_chunk_scan",4733,9377161978689,9377162079050,60928,0,192,0,128,512,1,1,512,48,1
"KERNEL_DISPATCH","Agent 2",1,0,220354,4728,21,"gdn_chunk_kkt_solve",4728,9377161691405,9377161714566,11776,0,104,0,128,128,1,1,1024,16,1
"KERNEL_DISPATCH","Agent 2",1,0,220354,4723,22,"gdn_chunk_scan",4723,9377161327041,9377161426962,60928,0,192,0,128,512,1,1,512,48,1
"KERNEL_DISPATCH","Agent 2",1,0,220354,4551,28,"gated_norm_mq_rotate_awq_i4_gfx12",4551,9376989447035,9376990430848,1024,0,40,0,128,64,1,1,1536,8192,1
"KERNEL_DISPATCH","Agent 2",1,0,220354,4546,22,"gdn_chunk_scan",4546,9376989093071,9376989190072,60928,0,192,0,128,512,1,1,512,48,1
"KERNEL_DISPATCH","Agent 2",1,0,220354,4718,21,"gdn_chunk_kkt_solve",4718,9377161040677,9377161063678,11776,0,104,0,128,128,1,1,1024,16,1
"KERNEL_DISPATCH","Agent 2",1,0,220354,4541,21,"gdn_chunk_kkt_solve",4541,9376988811027,9376988833988,11776,0,104,0,128,128,1,1,1024,16,1
"KERNEL_DISPATCH","Agent 2",1,0,220354,4713,24,"gemm_mq4g256v2_residual_mmq_iu4_full_set_symfold",4713,9377159874703,9377159936303,0,0,184,0,128,256,1,1,256,64,1
"KERNEL_DISPATCH","Agent 2",1,0,220354,4708,29,"fused_silu_mul_mq_rotate_awq_i4_gfx12",4708,9377145626643,9377147740630,0,0,56,0,128,32,1,1,2176,8192,1
"KERNEL_DISPATCH","Agent 2",1,0,220354,4703,28,"gated_norm_mq_rotate_awq_i4_gfx12",4703,9377130179808,9377131172741,1024,0,40,0,128,64,1,1,1536,8192,1
"KERNEL_DISPATCH","Agent 2",1,0,220354,4698,22,"gdn_chunk_scan",4698,9377129823004,9377129921445,60928,0,192,0,128,512,1,1,512,48,1
"KERNEL_DISPATCH","Agent 2",1,0,220354,4693,21,"gdn_chunk_kkt_solve",4693,9377129541840,9377129564561,11776,0,104,0,128,128,1,1,1024,16,1
"KERNEL_DISPATCH","Agent 2",1,0,220354,4688,22,"gdn_chunk_scan",4688,9377129184156,9377129282517,60928,0,192,0,128,512,1,1,512,48,1
"KERNEL_DISPATCH","Agent 2",1,0,220354,4683,21,"gdn_chunk_kkt_solve",4683,9377128903032,9377128925713,11776,0,104,0,128,128,1,1,1024,16,1
"KERNEL_DISPATCH","Agent 2",1,0,220354,4678,22,"gdn_chunk_scan",4678,9377128542708,9377128641709,60928,0,192,0,128,512,1,1,512,48,1
"KERNEL_DISPATCH","Agent 2",1,0,220354,4673,21,"gdn_chunk_kkt_solve",4673,9377128260464,9377128282985,11776,0,104,0,128,128,1,1,1024,16,1
"KERNEL_DISPATCH","Agent 2",1,0,220354,4668,24,"gemm_mq4g256v2_residual_mmq_iu4_full_set_symfold",4668,9377127094850,9377127156250,0,0,184,0,128,256,1,1,256,64,1
"KERNEL_DISPATCH","Agent 2",1,0,220354,4663,29,"fused_silu_mul_mq_rotate_awq_i4_gfx12",4663,9377112994272,9377115101218,0,0,56,0,128,32,1,1,2176,8192,1
"KERNEL_DISPATCH","Agent 2",1,0,220354,4658,46,"sigmoid_mul_rotate_x_mq_awq_i4_gfx12",4658,9377098477249,9377099207618,0,0,88,0,128,32,1,1,6291456,1,1
"KERNEL_DISPATCH","Agent 2",1,0,220354,4653,32,"rmsnorm_f32",4653,9377085319803,9377085549246,0,0,16,0,128,256,1,1,8388608,1,1
"KERNEL_DISPATCH","Agent 2",1,0,220354,4648,23,"fused_rmsnorm_mq_rotate_awq_i4_gfx12",4648,9377078568278,9377079037844,0,0,96,0,128,256,1,1,2097152,1,1
"KERNEL_DISPATCH","Agent 2",1,0,220354,4643,23,"fused_rmsnorm_mq_rotate_awq_i4_gfx12",4643,9377058145621,9377058608667,0,0,96,0,128,256,1,1,2097152,1,1
"KERNEL_DISPATCH","Agent 2",1,0,220354,5527,21,"gdn_chunk_kkt_solve",5527,9377899089616,9377899112496,11776,0,104,0,128,128,1,1,1024,16,1
"KERNEL_DISPATCH","Agent 2",1,0,220354,4638,22,"gdn_chunk_scan",4638,9377054717378,9377054816579,60928,0,192,0,128,512,1,1,512,48,1
"KERNEL_DISPATCH","Agent 2",1,0,220354,4633,21,"gdn_chunk_kkt_solve",4633,9377054434054,9377054456814,11776,0,104,0,128,128,1,1,1024,16,1
"KERNEL_DISPATCH","Agent 2",1,0,220354,5522,22,"gdn_chunk_scan",5522,9377898727531,9377898829573,60928,0,192,0,128,512,1,1,512,48,1
"KERNEL_DISPATCH","Agent 2",1,0,220354,5517,24,"gemm_mq4g256v2_residual_mmq_iu4_full_set_symfold",5517,9377895572532,9377897658918,0,0,184,0,128,256,1,1,12288,64,1
"KERNEL_DISPATCH","Agent 2",1,0,220354,4628,22,"gdn_chunk_scan",4628,9377054073530,9377054172931,60928,0,192,0,128,512,1,1,512,48,1
"KERNEL_DISPATCH","Agent 2",1,0,220354,5512,24,"gemm_mq4g256v2_residual_mmq_iu4_full_set_symfold",5512,9377877519784,9377883423979,0,0,184,0,128,256,1,1,34816,64,1
"KERNEL_DISPATCH","Agent 2",1,0,220354,4623,21,"gdn_chunk_kkt_solve",4623,9377053787206,9377053810206,11776,0,104,0,128,128,1,1,1024,16,1
"KERNEL_DISPATCH","Agent 2",1,0,220354,4184,22,"gdn_chunk_scan",4184,9376632178174,9376632275255,60928,0,192,0,128,512,1,1,512,48,1
"KERNEL_DISPATCH","Agent 2",1,0,220354,5507,22,"gdn_chunk_scan",5507,9377867852422,9377867951024,60928,0,192,0,128,512,1,1,512,48,1
"KERNEL_DISPATCH","Agent 2",1,0,220354,4618,22,"gdn_chunk_scan",4618,9377053423481,9377053523523,60928,0,192,0,128,512,1,1,512,48,1
"KERNEL_DISPATCH","Agent 2",1,0,220354,4179,21,"gdn_chunk_kkt_solve",4179,9376631896771,9376631919171,11776,0,104,0,128,128,1,1,1024,16,1
"KERNEL_DISPATCH","Agent 2",1,0,220354,4613,21,"gdn_chunk_kkt_solve",4613,9377053136478,9377053159598,11776,0,104,0,128,128,1,1,1024,16,1
"KERNEL_DISPATCH","Agent 2",1,0,220354,4174,22,"gdn_chunk_scan",4174,9376631536886,9376631635527,60928,0,192,0,128,512,1,1,512,48,1
"KERNEL_DISPATCH","Agent 2",1,0,220354,4608,20,"gdn_chunk_prep",4608,9377051967263,9377052867914,0,0,72,0,128,256,1,1,32768,10,1
"KERNEL_DISPATCH","Agent 2",1,0,220354,4169,21,"gdn_chunk_kkt_solve",4169,9376631253842,9376631276243,11776,0,104,0,128,128,1,1,1024,16,1
"KERNEL_DISPATCH","Agent 2",1,0,220354,4603,23,"fused_rmsnorm_mq_rotate_awq_i4_gfx12",4603,9377045733504,9377046204630,0,0,96,0,128,256,1,1,2097152,1,1
"KERNEL_DISPATCH","Agent 2",1,0,220354,4164,22,"gdn_chunk_scan",4164,9376630894398,9376630993719,60928,0,192,0,128,512,1,1,512,48,1
"KERNEL_DISPATCH","Agent 2",1,0,220354,4598,23,"fused_rmsnorm_mq_rotate_awq_i4_gfx12",4598,9377025363008,9377025832334,0,0,96,0,128,256,1,1,2097152,1,1
"KERNEL_DISPATCH","Agent 2",1,0,220354,4159,21,"gdn_chunk_kkt_solve",4159,9376630608834,9376630631715,11776,0,104,0,128,128,1,1,1024,16,1
"KERNEL_DISPATCH","Agent 2",1,0,220354,4154,22,"gdn_chunk_scan",4154,9376630244630,9376630346991,60928,0,192,0,128,512,1,1,512,48,1
"KERNEL_DISPATCH","Agent 2",1,0,220354,4149,24,"gemm_mq4g256v2_residual_mmq_iu4_full_set_symfold",4149,9376627091270,9376629170936,0,0,184,0,128,256,1,1,12288,64,1
"KERNEL_DISPATCH","Agent 2",1,0,220354,4144,24,"gemm_mq4g256v2_residual_mmq_iu4_full_set_symfold",4144,9376608996682,9376614848876,0,0,184,0,128,256,1,1,34816,64,1
"KERNEL_DISPATCH","Agent 2",1,0,220354,4139,22,"gdn_chunk_scan",4139,9376599253079,9376599351040,60928,0,192,0,128,512,1,1,512,48,1
"KERNEL_DISPATCH","Agent 2",1,0,220354,4536,22,"gdn_chunk_scan",4536,9376988452943,9376988551584,60928,0,192,0,128,512,1,1,512,48,1
"KERNEL_DISPATCH","Agent 2",1,0,220354,4134,21,"gdn_chunk_kkt_solve",4134,9376598972476,9376598995116,11776,0,104,0,128,128,1,1,1024,16,1
"KERNEL_DISPATCH","Agent 2",1,0,220354,4129,22,"gdn_chunk_scan",4129,9376598613791,9376598712432,60928,0,192,0,128,512,1,1,512,48,1
"KERNEL_DISPATCH","Agent 2",1,0,220354,4124,21,"gdn_chunk_kkt_solve",4124,9376598330508,9376598353148,11776,0,104,0,128,128,1,1,1024,16,1
"KERNEL_DISPATCH","Agent 2",1,0,220354,4119,22,"gdn_chunk_scan",4119,9376597972183,9376598071344,60928,0,192,0,128,512,1,1,512,48,1
"KERNEL_DISPATCH","Agent 2",1,0,220354,4114,21,"gdn_chunk_kkt_solve",4114,9376597688540,9376597711460,11776,0,104,0,128,128,1,1,1024,16,1
"KERNEL_DISPATCH","Agent 2",1,0,220354,4109,22,"gdn_chunk_scan",4109,9376597327135,9376597429096,60928,0,192,0,128,512,1,1,512,48,1
"KERNEL_DISPATCH","Agent 2",1,0,220354,4104,24,"gemm_mq4g256v2_residual_mmq_iu4_full_set_symfold",4104,9376594186415,9376596251481,0,0,184,0,128,256,1,1,12288,64,1
"KERNEL_DISPATCH","Agent 2",1,0,220354,4099,24,"gemm_mq4g256v2_residual_mmq_iu4_full_set_symfold",4099,9376576580954,9376582257545,0,0,184,0,128,256,1,1,34816,64,1
"KERNEL_DISPATCH","Agent 2",1,0,220354,4094,22,"gdn_chunk_scan",4094,9376567313157,9376567402718,60928,0,192,0,128,512,1,1,512,48,1
"KERNEL_DISPATCH","Agent 2",1,0,220354,4089,21,"gdn_chunk_kkt_solve",4089,9376567054274,9376567075114,11776,0,104,0,128,128,1,1,1024,16,1
"KERNEL_DISPATCH","Agent 2",1,0,220354,4084,22,"gdn_chunk_scan",4084,9376566727429,9376566817271,60928,0,192,0,128,512,1,1,512,48,1
"KERNEL_DISPATCH","Agent 2",1,0,220354,4079,21,"gdn_chunk_kkt_solve",4079,9376566469386,9376566489826,11776,0,104,0,128,128,1,1,1024,16,1
"KERNEL_DISPATCH","Agent 2",1,0,220354,4074,22,"gdn_chunk_scan",4074,9376566141782,9376566231223,60928,0,192,0,128,512,1,1,512,48,1
"KERNEL_DISPATCH","Agent 2",1,0,220354,4069,21,"gdn_chunk_kkt_solve",4069,9376565882339,9376565903019,11776,0,104,0,128,128,1,1,1024,16,1
"KERNEL_DISPATCH","Agent 2",1,0,220354,4064,22,"gdn_chunk_scan",4064,9376565552575,9376565644656,60928,0,192,0,128,512,1,1,512,48,1
"KERNEL_DISPATCH","Agent 2",1,0,220354,2214,25,"gemm_mq4g256v2_residual_mmq_iu4_full_add_symfold",2214,9375544909835,9375546922781,0,0,184,0,128,256,1,1,10240,64,1
"KERNEL_DISPATCH","Agent 2",1,0,220354,2209,33,"rope_partial_halfsplit_batched_f32",2209,9375531262664,9375531629428,0,0,16,0,128,32,1,1,32,8192,1
"KERNEL_DISPATCH","Agent 2",1,0,220354,2204,24,"gemm_mq4g256v2_residual_mmq_iu4_full_set_symfold",2204,9375524749581,9375528905674,0,0,184,0,128,256,1,1,24576,64,1
"KERNEL_DISPATCH","Agent 2",1,0,220354,2199,24,"gemm_mq4g256v2_residual_mmq_iu4_full_set_symfold",2199,9375504375645,9375510182918,0,0,184,0,128,256,1,1,34816,64,1
"KERNEL_DISPATCH","Agent 2",1,0,220354,5502,21,"gdn_chunk_kkt_solve",5502,9377867569939,9377867592379,11776,0,104,0,128,128,1,1,1024,16,1
"KERNEL_DISPATCH","Agent 2",1,0,220354,5497,22,"gdn_chunk_scan",5497,9377867212094,9377867310536,60928,0,192,0,128,512,1,1,512,48,1
"KERNEL_DISPATCH","Agent 2",1,0,220354,5492,21,"gdn_chunk_kkt_solve",5492,9377866929731,9377866952331,11776,0,104,0,128,128,1,1,1024,16,1
"KERNEL_DISPATCH","Agent 2",1,0,220354,5487,22,"gdn_chunk_scan",5487,9377866570086,9377866669408,60928,0,192,0,128,512,1,1,512,48,1
"KERNEL_DISPATCH","Agent 2",1,0,220354,5482,21,"gdn_chunk_kkt_solve",5482,9377866286323,9377866309083,11776,0,104,0,128,128,1,1,1024,16,1
"KERNEL_DISPATCH","Agent 2",1,0,220354,5477,22,"gdn_chunk_scan",5477,9377865924758,9377866026839,60928,0,192,0,128,512,1,1,512,48,1
"KERNEL_DISPATCH","Agent 2",1,0,220354,4593,22,"gdn_chunk_scan",4593,9377021915004,9377022014326,60928,0,192,0,128,512,1,1,512,48,1
"KERNEL_DISPATCH","Agent 2",1,0,220354,5472,24,"gemm_mq4g256v2_residual_mmq_iu4_full_set_symfold",5472,9377862765438,9377864855105,0,0,184,0,128,256,1,1,12288,64,1
"KERNEL_DISPATCH","Agent 2",1,0,220354,4588,21,"gdn_chunk_kkt_solve",4588,9377021632561,9377021655361,11776,0,104,0,128,128,1,1,1024,16,1
"KERNEL_DISPATCH","Agent 2",1,0,220354,5467,24,"gemm_mq4g256v2_residual_mmq_iu4_full_set_symfold",5467,9377844637330,9377850572085,0,0,184,0,128,256,1,1,34816,64,1
"KERNEL_DISPATCH","Agent 2",1,0,220354,5462,22,"gdn_chunk_scan",5462,9377834913687,9377835013209,60928,0,192,0,128,512,1,1,512,48,1
"KERNEL_DISPATCH","Agent 2",1,0,220354,4583,22,"gdn_chunk_scan",4583,9377021273756,9377021372398,60928,0,192,0,128,512,1,1,512,48,1
"KERNEL_DISPATCH","Agent 2",1,0,220354,5457,21,"gdn_chunk_kkt_solve",5457,9377834630084,9377834652884,11776,0,104,0,128,128,1,1,1024,16,1
"KERNEL_DISPATCH","Agent 2",1,0,220354,4531,21,"gdn_chunk_kkt_solve",4531,9376988171099,9376988193540,11776,0,104,0,128,128,1,1,1024,16,1
"KERNEL_DISPATCH","Agent 2",1,0,220354,4526,22,"gdn_chunk_scan",4526,9376987811015,9376987910176,60928,0,192,0,128,512,1,1,512,48,1
"KERNEL_DISPATCH","Agent 2",1,0,220354,4521,21,"gdn_chunk_kkt_solve",4521,9376987527051,9376987549771,11776,0,104,0,128,128,1,1,1024,16,1
"KERNEL_DISPATCH","Agent 2",1,0,220354,4516,24,"gemm_mq4g256v2_residual_mmq_iu4_full_set_symfold",4516,9376986364636,9376986425437,0,0,184,0,128,256,1,1,256,64,1
"KERNEL_DISPATCH","Agent 2",1,0,220354,4511,29,"fused_silu_mul_mq_rotate_awq_i4_gfx12",4511,9376972302019,9376974407926,0,0,56,0,128,32,1,1,2176,8192,1
"KERNEL_DISPATCH","Agent 2",1,0,220354,4506,46,"sigmoid_mul_rotate_x_mq_awq_i4_gfx12",4506,9376957771836,9376958501885,0,0,88,0,128,32,1,1,6291456,1,1
"KERNEL_DISPATCH","Agent 2",1,0,220354,4501,32,"rmsnorm_f32",4501,9376944459549,9376944687791,0,0,16,0,128,256,1,1,8388608,1,1
"KERNEL_DISPATCH","Agent 2",1,0,220354,4496,23,"fused_rmsnorm_mq_rotate_awq_i4_gfx12",4496,9376937659503,9376938129589,0,0,96,0,128,256,1,1,2097152,1,1
"KERNEL_DISPATCH","Agent 2",1,0,220354,4491,23,"fused_rmsnorm_mq_rotate_awq_i4_gfx12",4491,9376917331247,9376917794973,0,0,96,0,128,256,1,1,2097152,1,1
"KERNEL_DISPATCH","Agent 2",1,0,220354,4486,22,"gdn_chunk_scan",4486,9376913912124,9376914011565,60928,0,192,0,128,512,1,1,512,48,1
"KERNEL_DISPATCH","Agent 2",1,0,220354,4481,21,"gdn_chunk_kkt_solve",4481,9376913629960,9376913652680,11776,0,104,0,128,128,1,1,1024,16,1
"KERNEL_DISPATCH","Agent 2",1,0,220354,4476,22,"gdn_chunk_scan",4476,9376913270196,9376913369117,60928,0,192,0,128,512,1,1,512,48,1
"KERNEL_DISPATCH","Agent 2",1,0,220354,4471,21,"gdn_chunk_kkt_solve",4471,9376912986792,9376913009672,11776,0,104,0,128,128,1,1,1024,16,1
"KERNEL_DISPATCH","Agent 2",1,0,220354,4466,22,"gdn_chunk_scan",4466,9376912624827,9376912724109,60928,0,192,0,128,512,1,1,512,48,1
"KERNEL_DISPATCH","Agent 2",1,0,220354,4461,21,"gdn_chunk_kkt_solve",4461,9376912339664,9376912362384,11776,0,104,0,128,128,1,1,1024,16,1
"KERNEL_DISPATCH","Agent 2",1,0,220354,4456,20,"gdn_chunk_prep",4456,9376911169969,9376912074221,0,0,72,0,128,256,1,1,32768,10,1
"KERNEL_DISPATCH","Agent 2",1,0,220354,4451,23,"fused_rmsnorm_mq_rotate_awq_i4_gfx12",4451,9376904974891,9376905446377,0,0,96,0,128,256,1,1,2097152,1,1
"KERNEL_DISPATCH","Agent 2",1,0,220354,4446,23,"fused_rmsnorm_mq_rotate_awq_i4_gfx12",4446,9376884599714,9376885061960,0,0,96,0,128,256,1,1,2097152,1,1
"KERNEL_DISPATCH","Agent 2",1,0,220354,2194,21,"gdn_chunk_kkt_solve",2194,9375500605077,9375500627678,11776,0,104,0,128,128,1,1,1024,16,1
"KERNEL_DISPATCH","Agent 2",1,0,220354,4441,22,"gdn_chunk_scan",4441,9376881181551,9376881279393,60928,0,192,0,128,512,1,1,512,48,1
"KERNEL_DISPATCH","Agent 2",1,0,220354,2189,22,"gdn_chunk_scan",2189,9375500252233,9375500349194,60928,0,192,0,128,512,1,1,512,48,1
"KERNEL_DISPATCH","Agent 2",1,0,220354,2184,21,"gdn_chunk_kkt_solve",2184,9375499973829,9375499996070,11776,0,104,0,128,128,1,1,1024,16,1
"KERNEL_DISPATCH","Agent 2",1,0,220354,2179,22,"gdn_chunk_scan",2179,9375499616345,9375499714786,60928,0,192,0,128,512,1,1,512,48,1
"KERNEL_DISPATCH","Agent 2",1,0,220354,2174,21,"gdn_chunk_kkt_solve",2174,9375499334381,9375499356742,11776,0,104,0,128,128,1,1,1024,16,1
"KERNEL_DISPATCH","Agent 2",1,0,220354,2169,22,"gdn_chunk_scan",2169,9375498976777,9375499075218,60928,0,192,0,128,512,1,1,512,48,1
"KERNEL_DISPATCH","Agent 2",1,0,220354,2164,21,"gdn_chunk_kkt_solve",2164,9375498690893,9375498713613,11776,0,104,0,128,128,1,1,1024,16,1
"KERNEL_DISPATCH","Agent 2",1,0,220354,2159,24,"gemm_mq4g256v2_residual_mmq_iu4_full_set_symfold",2159,9375492059090,9375495555374,0,0,184,0,128,256,1,1,20480,64,1
"KERNEL_DISPATCH","Agent 2",1,0,220354,2154,24,"gemm_mq4g256v2_residual_mmq_iu4_full_set_symfold",2154,9375471618672,9375477410785,0,0,184,0,128,256,1,1,34816,64,1
"KERNEL_DISPATCH","Agent 2",1,0,220354,4578,21,"gdn_chunk_kkt_solve",4578,9377020990473,9377021013633,11776,0,104,0,128,128,1,1,1024,16,1
"KERNEL_DISPATCH","Agent 2",1,0,220354,5452,22,"gdn_chunk_scan",5452,9377834272639,9377834371281,60928,0,192,0,128,512,1,1,512,48,1
"KERNEL_DISPATCH","Agent 2",1,0,220354,4573,22,"gdn_chunk_scan",4573,9377020627988,9377020727509,60928,0,192,0,128,512,1,1,512,48,1
"KERNEL_DISPATCH","Agent 2",1,0,220354,2149,21,"gdn_chunk_kkt_solve",2149,9375467847185,9375467870025,11776,0,104,0,128,128,1,1,1024,16,1
"KERNEL_DISPATCH","Agent 2",1,0,220354,5447,21,"gdn_chunk_kkt_solve",5447,9377833990476,9377834013316,11776,0,104,0,128,128,1,1,1024,16,1
"KERNEL_DISPATCH","Agent 2",1,0,220354,4568,21,"gdn_chunk_kkt_solve",4568,9377020342865,9377020365865,11776,0,104,0,128,128,1,1,1024,16,1
"KERNEL_DISPATCH","Agent 2",1,0,220354,5442,22,"gdn_chunk_scan",5442,9377833629071,9377833728873,60928,0,192,0,128,512,1,1,512,48,1
"KERNEL_DISPATCH","Agent 2",1,0,220354,4563,20,"gdn_chunk_prep",4563,9377019177250,9377020077901,0,0,72,0,128,256,1,1,32768,10,1
"KERNEL_DISPATCH","Agent 2",1,0,220354,5437,21,"gdn_chunk_kkt_solve",5437,9377833344068,9377833366868,11776,0,104,0,128,128,1,1,1024,16,1
"KERNEL_DISPATCH","Agent 2",1,0,220354,5432,22,"gdn_chunk_scan",5432,9377832980383,9377833082584,60928,0,192,0,128,512,1,1,512,48,1
"KERNEL_DISPATCH","Agent 2",1,0,220354,5427,24,"gemm_mq4g256v2_residual_mmq_iu4_full_set_symfold",5427,9377829828623,9377831911130,0,0,184,0,128,256,1,1,12288,64,1
"KERNEL_DISPATCH","Agent 2",1,0,220354,4558,23,"fused_rmsnorm_mq_rotate_awq_i4_gfx12",4558,9377012994172,9377013463578,0,0,96,0,128,256,1,1,2097152,1,1
"KERNEL_DISPATCH","Agent 2",1,0,220354,4553,23,"fused_rmsnorm_mq_rotate_awq_i4_gfx12",4553,9376992632155,9376993098041,0,0,96,0,128,256,1,1,2097152,1,1
"KERNEL_DISPATCH","Agent 2",1,0,220354,4548,22,"gdn_chunk_scan",4548,9376989219152,9376989316394,60928,0,192,0,128,512,1,1,512,48,1
"KERNEL_DISPATCH","Agent 2",1,0,220354,4543,21,"gdn_chunk_kkt_solve",4543,9376988939669,9376988962429,11776,0,104,0,128,128,1,1,1024,16,1
"KERNEL_DISPATCH","Agent 2",1,0,220354,4538,22,"gdn_chunk_scan",4538,9376988580944,9376988679666,60928,0,192,0,128,512,1,1,512,48,1
"KERNEL_DISPATCH","Agent 2",1,0,220354,4533,21,"gdn_chunk_kkt_solve",4533,9376988298981,9376988321661,11776,0,104,0,128,128,1,1,1024,16,1
"KERNEL_DISPATCH","Agent 2",1,0,220354,4528,22,"gdn_chunk_scan",4528,9376987940256,9376988039418,60928,0,192,0,128,512,1,1,512,48,1
"KERNEL_DISPATCH","Agent 2",1,0,220354,4523,21,"gdn_chunk_kkt_solve",4523,9376987655133,9376987677973,11776,0,104,0,128,128,1,1,1024,16,1
"KERNEL_DISPATCH","Agent 2",1,0,220354,4518,20,"gdn_chunk_prep",4518,9376986491518,9376987391369,0,0,72,0,128,256,1,1,32768,10,1
"KERNEL_DISPATCH","Agent 2",1,0,220354,4513,23,"fused_rmsnorm_mq_rotate_awq_i4_gfx12",4513,9376980353841,9376980817807,0,0,96,0,128,256,1,1,2097152,1,1
"KERNEL_DISPATCH","Agent 2",1,0,220354,4508,23,"fused_rmsnorm_mq_rotate_awq_i4_gfx12",4508,9376960570672,9376961010317,0,0,96,0,128,256,1,1,2097152,1,1
"KERNEL_DISPATCH","Agent 2",1,0,220354,4503,35,"kv_cache_write_fp8_e4m3_batched",4503,9376945058916,9376945125117,0,0,56,0,128,32,1,1,128,8192,1
"KERNEL_DISPATCH","Agent 2",1,0,220354,4498,24,"gemm_mq4g256v2_residual_mmq_iu4_full_set_symfold",4498,9376942323882,9376942680206,0,0,184,0,128,256,1,1,2048,64,1
"KERNEL_DISPATCH","Agent 2",1,0,220354,4493,24,"gemm_mq4g256v2_residual_mmq_iu4_full_set_symfold",4493,9376923637966,9376929474040,0,0,184,0,128,256,1,1,34816,64,1
"KERNEL_DISPATCH","Agent 2",1,0,220354,4488,22,"gdn_chunk_scan",4488,9376914041445,9376914138887,60928,0,192,0,128,512,1,1,512,48,1
"KERNEL_DISPATCH","Agent 2",1,0,220354,4483,21,"gdn_chunk_kkt_solve",4483,9376913758082,9376913780562,11776,0,104,0,128,128,1,1,1024,16,1
"KERNEL_DISPATCH","Agent 2",1,0,220354,4436,21,"gdn_chunk_kkt_solve",4436,9376880898868,9376880921668,11776,0,104,0,128,128,1,1,1024,16,1
"KERNEL_DISPATCH","Agent 2",1,0,220354,4431,22,"gdn_chunk_scan",4431,9376880538263,9376880637544,60928,0,192,0,128,512,1,1,512,48,1
"KERNEL_DISPATCH","Agent 2",1,0,220354,4426,21,"gdn_chunk_kkt_solve",4426,9376880254220,9376880277060,11776,0,104,0,128,128,1,1,1024,16,1
"KERNEL_DISPATCH","Agent 2",1,0,220354,4421,22,"gdn_chunk_scan",4421,9376879894095,9376879993416,60928,0,192,0,128,512,1,1,512,48,1
"KERNEL_DISPATCH","Agent 2",1,0,220354,4416,21,"gdn_chunk_kkt_solve",4416,9376879609651,9376879632492,11776,0,104,0,128,128,1,1,1024,16,1
"KERNEL_DISPATCH","Agent 2",1,0,220354,4411,20,"gdn_chunk_prep",4411,9376878442157,9376879344208,0,0,72,0,128,256,1,1,32768,10,1
"KERNEL_DISPATCH","Agent 2",1,0,220354,4406,23,"fused_rmsnorm_mq_rotate_awq_i4_gfx12",4406,9376872259239,9376872730645,0,0,96,0,128,256,1,1,2097152,1,1
"KERNEL_DISPATCH","Agent 2",1,0,220354,4401,23,"fused_rmsnorm_mq_rotate_awq_i4_gfx12",4401,9376851729620,9376852202826,0,0,96,0,128,256,1,1,2097152,1,1
"KERNEL_DISPATCH","Agent 2",1,0,220354,4396,22,"gdn_chunk_scan",4396,9376848265377,9376848363978,60928,0,192,0,128,512,1,1,512,48,1
"KERNEL_DISPATCH","Agent 2",1,0,220354,4391,21,"gdn_chunk_kkt_solve",4391,9376847985093,9376848007573,11776,0,104,0,128,128,1,1,1024,16,1
"KERNEL_DISPATCH","Agent 2",1,0,220354,4386,22,"gdn_chunk_scan",4386,9376847625769,9376847724770,60928,0,192,0,128,512,1,1,512,48,1
"KERNEL_DISPATCH","Agent 2",1,0,220354,4631,21,"gdn_chunk_kkt_solve",4631,9377054304972,9377054327853,11776,0,104,0,128,128,1,1,1024,16,1
"KERNEL_DISPATCH","Agent 2",1,0,220354,5687,21,"gdn_chunk_kkt_solve",5687,9378040410597,9378040433317,11776,0,104,0,128,128,1,1,1024,16,1
"KERNEL_DISPATCH","Agent 2",1,0,220354,4381,21,"gdn_chunk_kkt_solve",4381,9376847341965,9376847365085,11776,0,104,0,128,128,1,1,1024,16,1
"KERNEL_DISPATCH","Agent 2",1,0,220354,4376,22,"gdn_chunk_scan",4376,9376846976280,9376847081402,60928,0,192,0,128,512,1,1,512,48,1
"KERNEL_DISPATCH","Agent 2",1,0,220354,4371,21,"gdn_chunk_kkt_solve",4371,9376846691917,9376846714917,11776,0,104,0,128,128,1,1,1024,16,1
"KERNEL_DISPATCH","Agent 2",1,0,220354,4366,20,"gdn_chunk_prep",4366,9376845525622,9376846426713,0,0,72,0,128,256,1,1,32768,10,1
"KERNEL_DISPATCH","Agent 2",1,0,220354,4361,23,"fused_rmsnorm_mq_rotate_awq_i4_gfx12",4361,9376839383345,9376839850311,0,0,96,0,128,256,1,1,2097152,1,1
"KERNEL_DISPATCH","Agent 2",1,0,220354,4356,23,"fused_rmsnorm_mq_rotate_awq_i4_gfx12",4356,9376819539735,9376819980020,0,0,96,0,128,256,1,1,2097152,1,1
"KERNEL_DISPATCH","Agent 2",1,0,220354,4351,35,"kv_cache_write_fp8_e4m3_batched",4351,9376804139141,9376804205541,0,0,56,0,128,32,1,1,128,8192,1
"KERNEL_DISPATCH","Agent 2",1,0,220354,4346,24,"gemm_mq4g256v2_residual_mmq_iu4_full_set_symfold",4346,9376801408426,9376801762871,0,0,184,0,128,256,1,1,2048,64,1
"KERNEL_DISPATCH","Agent 2",1,0,220354,4341,24,"gemm_mq4g256v2_residual_mmq_iu4_full_set_symfold",4341,9376782841432,9376788627465,0,0,184,0,128,256,1,1,34816,64,1
"KERNEL_DISPATCH","Agent 2",1,0,220354,4336,22,"gdn_chunk_scan",4336,9376773214311,9376773312672,60928,0,192,0,128,512,1,1,512,48,1
"KERNEL_DISPATCH","Agent 2",1,0,220354,4331,21,"gdn_chunk_kkt_solve",4331,9376772931987,9376772954508,11776,0,104,0,128,128,1,1,1024,16,1
"KERNEL_DISPATCH","Agent 2",1,0,220354,4326,22,"gdn_chunk_scan",4326,9376772570823,9376772670104,60928,0,192,0,128,512,1,1,512,48,1
"KERNEL_DISPATCH","Agent 2",1,0,220354,4321,21,"gdn_chunk_kkt_solve",4321,9376772285699,9376772308420,11776,0,104,0,128,128,1,1,1024,16,1
"KERNEL_DISPATCH","Agent 2",1,0,220354,4316,22,"gdn_chunk_scan",4316,9376771923775,9376772024416,60928,0,192,0,128,512,1,1,512,48,1
"KERNEL_DISPATCH","Agent 2",1,0,220354,4311,21,"gdn_chunk_kkt_solve",4311,9376771636611,9376771659571,11776,0,104,0,128,128,1,1,1024,16,1
"KERNEL_DISPATCH","Agent 2",1,0,220354,4306,22,"gdn_chunk_scan",4306,9376771271007,9376771373728,60928,0,192,0,128,512,1,1,512,48,1
"KERNEL_DISPATCH","Agent 2",1,0,220354,4301,24,"gemm_mq4g256v2_residual_mmq_iu4_full_set_symfold",4301,9376768119007,9376770197353,0,0,184,0,128,256,1,1,12288,64,1
"KERNEL_DISPATCH","Agent 2",1,0,220354,4296,24,"gemm_mq4g256v2_residual_mmq_iu4_full_set_symfold",4296,9376750147660,9376755996454,0,0,184,0,128,256,1,1,34816,64,1
"KERNEL_DISPATCH","Agent 2",1,0,220354,4291,22,"gdn_chunk_scan",4291,9376740424658,9376740523499,60928,0,192,0,128,512,1,1,512,48,1
"KERNEL_DISPATCH","Agent 2",1,0,220354,4286,21,"gdn_chunk_kkt_solve",4286,9376740137414,9376740159695,11776,0,104,0,128,128,1,1,1024,16,1
"KERNEL_DISPATCH","Agent 2",1,0,220354,4281,22,"gdn_chunk_scan",4281,9376739777530,9376739876451,60928,0,192,0,128,512,1,1,512,48,1
"KERNEL_DISPATCH","Agent 2",1,0,220354,4276,21,"gdn_chunk_kkt_solve",4276,9376739493966,9376739516606,11776,0,104,0,128,128,1,1,1024,16,1
"KERNEL_DISPATCH","Agent 2",1,0,220354,4271,22,"gdn_chunk_scan",4271,9376739134042,9376739232963,60928,0,192,0,128,512,1,1,512,48,1
"KERNEL_DISPATCH","Agent 2",1,0,220354,4266,21,"gdn_chunk_kkt_solve",4266,9376738848438,9376738871478,11776,0,104,0,128,128,1,1,1024,16,1
"KERNEL_DISPATCH","Agent 2",1,0,220354,4261,22,"gdn_chunk_scan",4261,9376738481833,9376738584595,60928,0,192,0,128,512,1,1,512,48,1
"KERNEL_DISPATCH","Agent 2",1,0,220354,4256,24,"gemm_mq4g256v2_residual_mmq_iu4_full_set_symfold",4256,9376735332034,9376737411660,0,0,184,0,128,256,1,1,12288,64,1
"KERNEL_DISPATCH","Agent 2",1,0,220354,4251,24,"gemm_mq4g256v2_residual_mmq_iu4_full_set_symfold",4251,9376717144205,9376723104600,0,0,184,0,128,256,1,1,34816,64,1
"KERNEL_DISPATCH","Agent 2",1,0,220354,4246,22,"gdn_chunk_scan",4246,9376707507443,9376707605804,60928,0,192,0,128,512,1,1,512,48,1
"KERNEL_DISPATCH","Agent 2",1,0,220354,4241,21,"gdn_chunk_kkt_solve",4241,9376707225280,9376707247880,11776,0,104,0,128,128,1,1,1024,16,1
"KERNEL_DISPATCH","Agent 2",1,0,220354,4236,22,"gdn_chunk_scan",4236,9376706865715,9376706965276,60928,0,192,0,128,512,1,1,512,48,1
"KERNEL_DISPATCH","Agent 2",1,0,220354,4231,21,"gdn_chunk_kkt_solve",4231,9376706581431,9376706604032,11776,0,104,0,128,128,1,1,1024,16,1
"KERNEL_DISPATCH","Agent 2",1,0,220354,4226,22,"gdn_chunk_scan",4226,9376706221267,9376706320588,60928,0,192,0,128,512,1,1,512,48,1
"KERNEL_DISPATCH","Agent 2",1,0,220354,4221,21,"gdn_chunk_kkt_solve",4221,9376705936383,9376705959864,11776,0,104,0,128,128,1,1,1024,16,1
"KERNEL_DISPATCH","Agent 2",1,0,220354,4216,22,"gdn_chunk_scan",4216,9376705572859,9376705675060,60928,0,192,0,128,512,1,1,512,48,1
"KERNEL_DISPATCH","Agent 2",1,0,220354,4211,24,"gemm_mq4g256v2_residual_mmq_iu4_full_set_symfold",4211,9376702430739,9376704500645,0,0,184,0,128,256,1,1,12288,64,1
"KERNEL_DISPATCH","Agent 2",1,0,220354,4206,24,"gemm_mq4g256v2_residual_mmq_iu4_full_set_symfold",4206,9376684760837,9376690431228,0,0,184,0,128,256,1,1,34816,64,1
"KERNEL_DISPATCH","Agent 2",1,0,220354,4201,43,"attention_fp8_e4m3_fa2_gqa_packet_gfx1201",4201,9376663405368,9376675820644,0,0,240,0,128,256,1,1,6144,4,16
"KERNEL_DISPATCH","Agent 2",1,0,220354,4196,30,"deinterleave_q_rmsnorm_f32_batched",4196,9376661225060,9376662631918,0,0,24,0,128,256,1,1,6144,8192,1
"KERNEL_DISPATCH","Agent 2",1,0,220354,4191,25,"gemm_mq4g256v2_residual_mmq_iu4_full_add_symfold",4191,9376649768196,9376655842232,0,0,184,0,128,256,1,1,10240,64,1
"KERNEL_DISPATCH","Agent 2",1,0,220354,4186,25,"gemm_mq4g256v2_residual_mmq_iu4_full_add_symfold",4186,9376633276708,9376635445055,0,0,184,0,128,256,1,1,10240,64,1
"KERNEL_DISPATCH","Agent 2",1,0,220354,4181,21,"gdn_chunk_kkt_solve",4181,9376632025212,9376632047572,11776,0,104,0,128,128,1,1,1024,16,1
"KERNEL_DISPATCH","Agent 2",1,0,220354,4176,22,"gdn_chunk_scan",4176,9376631665528,9376631764369,60928,0,192,0,128,512,1,1,512,48,1
"KERNEL_DISPATCH","Agent 2",1,0,220354,4171,21,"gdn_chunk_kkt_solve",4171,9376631382444,9376631404844,11776,0,104,0,128,128,1,1,1024,16,1
"KERNEL_DISPATCH","Agent 2",1,0,220354,4166,22,"gdn_chunk_scan",4166,9376631023600,9376631122441,60928,0,192,0,128,512,1,1,512,48,1
"KERNEL_DISPATCH","Agent 2",1,0,220354,4161,21,"gdn_chunk_kkt_solve",4161,9376630737996,9376630761036,11776,0,104,0,128,128,1,1,1024,16,1
"KERNEL_DISPATCH","Agent 2",1,0,220354,4156,22,"gdn_chunk_scan",4156,9376630376871,9376630476273,60928,0,192,0,128,512,1,1,512,48,1
"KERNEL_DISPATCH","Agent 2",1,0,220354,4151,24,"gemm_mq4g256v2_residual_mmq_iu4_full_set_symfold",4151,9376629248017,9376629306818,0,0,184,0,128,256,1,1,256,64,1
"KERNEL_DISPATCH","Agent 2",1,0,220354,4146,25,"gemm_mq4g256v2_residual_mmq_iu4_full_add_symfold",4146,9376616982263,9376623084940,0,0,184,0,128,256,1,1,10240,64,1
"KERNEL_DISPATCH","Agent 2",1,0,220354,4141,25,"gemm_mq4g256v2_residual_mmq_iu4_full_add_symfold",4141,9376600358333,9376602550521,0,0,184,0,128,256,1,1,10240,64,1
"KERNEL_DISPATCH","Agent 2",1,0,220354,4136,21,"gdn_chunk_kkt_solve",4136,9376599099797,9376599122158,11776,0,104,0,128,128,1,1,1024,16,1
"KERNEL_DISPATCH","Agent 2",1,0,220354,4131,22,"gdn_chunk_scan",4131,9376598742433,9376598840714,60928,0,192,0,128,512,1,1,512,48,1
"KERNEL_DISPATCH","Agent 2",1,0,220354,4126,21,"gdn_chunk_kkt_solve",4126,9376598459149,9376598481750,11776,0,104,0,128,128,1,1,1024,16,1
"KERNEL_DISPATCH","Agent 2",1,0,220354,4121,22,"gdn_chunk_scan",4121,9376598101105,9376598199386,60928,0,192,0,128,512,1,1,512,48,1
"KERNEL_DISPATCH","Agent 2",1,0,220354,4116,21,"gdn_chunk_kkt_solve",4116,9376597817261,9376597840021,11776,0,104,0,128,128,1,1,1024,16,1
"KERNEL_DISPATCH","Agent 2",1,0,220354,4111,22,"gdn_chunk_scan",4111,9376597458897,9376597556978,60928,0,192,0,128,512,1,1,512,48,1
"KERNEL_DISPATCH","Agent 2",1,0,220354,4106,24,"gemm_mq4g256v2_residual_mmq_iu4_full_set_symfold",4106,9376596328362,9376596386603,0,0,184,0,128,256,1,1,256,64,1
"KERNEL_DISPATCH","Agent 2",1,0,220354,4101,25,"gemm_mq4g256v2_residual_mmq_iu4_full_add_symfold",4101,9376584398412,9376590269646,0,0,184,0,128,256,1,1,10240,64,1
"KERNEL_DISPATCH","Agent 2",1,0,220354,4096,25,"gemm_mq4g256v2_residual_mmq_iu4_full_add_symfold",4096,9376568344930,9376570454276,0,0,184,0,128,256,1,1,10240,64,1
"KERNEL_DISPATCH","Agent 2",1,0,220354,4091,21,"gdn_chunk_kkt_solve",4091,9376567171315,9376567191835,11776,0,104,0,128,128,1,1,1024,16,1
"KERNEL_DISPATCH","Agent 2",1,0,220354,4086,22,"gdn_chunk_scan",4086,9376566844751,9376566934232,60928,0,192,0,128,512,1,1,512,48,1
"KERNEL_DISPATCH","Agent 2",1,0,220354,4081,21,"gdn_chunk_kkt_solve",4081,9376566585868,9376566606868,11776,0,104,0,128,128,1,1,1024,16,1
"KERNEL_DISPATCH","Agent 2",1,0,220354,4076,22,"gdn_chunk_scan",4076,9376566258824,9376566348225,60928,0,192,0,128,512,1,1,512,48,1
"KERNEL_DISPATCH","Agent 2",1,0,220354,4071,21,"gdn_chunk_kkt_solve",4071,9376565999900,9376566020861,11776,0,104,0,128,128,1,1,1024,16,1
"KERNEL_DISPATCH","Agent 2",1,0,220354,4066,22,"gdn_chunk_scan",4066,9376565672536,9376565761617,60928,0,192,0,128,512,1,1,512,48,1
"KERNEL_DISPATCH","Agent 2",1,0,220354,1181,22,"gdn_chunk_scan",1181,9374590217407,9374590315408,60928,0,192,0,128,512,1,1,512,48,1
"KERNEL_DISPATCH","Agent 2",1,0,220354,1176,21,"gdn_chunk_kkt_solve",1176,9374589935044,9374589958164,11776,0,104,0,128,128,1,1,1024,16,1
"KERNEL_DISPATCH","Agent 2",1,0,220354,1171,22,"gdn_chunk_scan",1171,9374589574119,9374589673440,60928,0,192,0,128,512,1,1,512,48,1
"KERNEL_DISPATCH","Agent 2",1,0,220354,1166,21,"gdn_chunk_kkt_solve",1166,9374589291036,9374589313876,11776,0,104,0,128,128,1,1,1024,16,1
"KERNEL_DISPATCH","Agent 2",1,0,220354,1161,20,"gdn_chunk_prep",1161,9374588127181,9374589026992,0,0,72,0,128,256,1,1,32768,10,1
"KERNEL_DISPATCH","Agent 2",1,0,220354,1156,23,"fused_rmsnorm_mq_rotate_awq_i4_gfx12",1156,9374582011704,9374582475470,0,0,96,0,128,256,1,1,2097152,1,1
"KERNEL_DISPATCH","Agent 2",1,0,220354,1151,23,"fused_rmsnorm_mq_rotate_awq_i4_gfx12",1151,9374562187094,9374562623420,0,0,96,0,128,256,1,1,2097152,1,1
"KERNEL_DISPATCH","Agent 2",1,0,220354,1146,35,"kv_cache_write_fp8_e4m3_batched",1146,9374546789580,9374546860901,0,0,56,0,128,32,1,1,128,8192,1
"KERNEL_DISPATCH","Agent 2",1,0,220354,2139,21,"gdn_chunk_kkt_solve",2139,9375467208136,9375467230577,11776,0,104,0,128,128,1,1,1024,16,1
"KERNEL_DISPATCH","Agent 2",1,0,220354,1141,24,"gemm_mq4g256v2_residual_mmq_iu4_full_set_symfold",1141,9374544063626,9374544417430,0,0,184,0,128,256,1,1,2048,64,1
"KERNEL_DISPATCH","Agent 2",1,0,220354,2134,22,"gdn_chunk_scan",2134,9375466850372,9375466948973,60928,0,192,0,128,512,1,1,512,48,1
"KERNEL_DISPATCH","Agent 2",1,0,220354,1136,24,"gemm_mq4g256v2_residual_mmq_iu4_full_set_symfold",1136,9374525084307,9374530961701,0,0,184,0,128,256,1,1,34816,64,1
"KERNEL_DISPATCH","Agent 2",1,0,220354,5417,43,"attention_fp8_e4m3_fa2_gqa_packet_gfx1201",5417,9377790872053,9377803296129,0,0,240,0,128,256,1,1,6144,4,16
"KERNEL_DISPATCH","Agent 2",1,0,220354,1131,22,"gdn_chunk_scan",1131,9374515264583,9374515364024,60928,0,192,0,128,512,1,1,512,48,1
"KERNEL_DISPATCH","Agent 2",1,0,220354,5412,30,"deinterleave_q_rmsnorm_f32_batched",5412,9377788702225,9377790097123,0,0,24,0,128,256,1,1,6144,8192,1
"KERNEL_DISPATCH","Agent 2",1,0,220354,1126,21,"gdn_chunk_kkt_solve",1126,9374514981819,9374515004340,11776,0,104,0,128,128,1,1,1024,16,1
"KERNEL_DISPATCH","Agent 2",1,0,220354,2129,21,"gdn_chunk_kkt_solve",2129,9375466566048,9375466588769,11776,0,104,0,128,128,1,1,1024,16,1
"KERNEL_DISPATCH","Agent 2",1,0,220354,1121,22,"gdn_chunk_scan",1121,9374514622935,9374514722056,60928,0,192,0,128,512,1,1,512,48,1
"KERNEL_DISPATCH","Agent 2",1,0,220354,4473,21,"gdn_chunk_kkt_solve",4473,9376913115674,9376913138474,11776,0,104,0,128,128,1,1,1024,16,1
"KERNEL_DISPATCH","Agent 2",1,0,220354,4468,22,"gdn_chunk_scan",4468,9376912753949,9376912853870,60928,0,192,0,128,512,1,1,512,48,1
"KERNEL_DISPATCH","Agent 2",1,0,220354,2124,22,"gdn_chunk_scan",2124,9375466206444,9375466304885,60928,0,192,0,128,512,1,1,512,48,1
"KERNEL_DISPATCH","Agent 2",1,0,220354,1116,21,"gdn_chunk_kkt_solve",1116,9374514339131,9374514361971,11776,0,104,0,128,128,1,1,1024,16,1
"KERNEL_DISPATCH","Agent 2",1,0,220354,5407,25,"gemm_mq4g256v2_residual_mmq_iu4_full_add_symfold",5407,9377777305242,9377783253157,0,0,184,0,128,256,1,1,10240,64,1
"KERNEL_DISPATCH","Agent 2",1,0,220354,2119,21,"gdn_chunk_kkt_solve",2119,9375465920320,9375465943201,11776,0,104,0,128,128,1,1,1024,16,1
"KERNEL_DISPATCH","Agent 2",1,0,220354,4463,21,"gdn_chunk_kkt_solve",4463,9376912468625,9376912491626,11776,0,104,0,128,128,1,1,1024,16,1
"KERNEL_DISPATCH","Agent 2",1,0,220354,4458,22,"gdn_chunk_scan",4458,9376912104981,9376912207022,60928,0,192,0,128,512,1,1,512,48,1
"KERNEL_DISPATCH","Agent 2",1,0,220354,2114,24,"gemm_mq4g256v2_residual_mmq_iu4_full_set_symfold",2114,9375459292517,9375462780561,0,0,184,0,128,256,1,1,20480,64,1
"KERNEL_DISPATCH","Agent 2",1,0,220354,5402,25,"gemm_mq4g256v2_residual_mmq_iu4_full_add_symfold",5402,9377760639752,9377762868220,0,0,184,0,128,256,1,1,10240,64,1
"KERNEL_DISPATCH","Agent 2",1,0,220354,4453,24,"gemm_mq4g256v2_residual_mmq_iu4_full_set_symfold",4453,9376908955221,9376911030207,0,0,184,0,128,256,1,1,12288,64,1
"KERNEL_DISPATCH","Agent 2",1,0,220354,2109,24,"gemm_mq4g256v2_residual_mmq_iu4_full_set_symfold",2109,9375438869419,9375444726533,0,0,184,0,128,256,1,1,34816,64,1
"KERNEL_DISPATCH","Agent 2",1,0,220354,5397,21,"gdn_chunk_kkt_solve",5397,9377759375776,9377759398376,11776,0,104,0,128,128,1,1,1024,16,1
"KERNEL_DISPATCH","Agent 2",1,0,220354,4448,24,"gemm_mq4g256v2_residual_mmq_iu4_full_set_symfold",4448,9376890892874,9376896746587,0,0,184,0,128,256,1,1,34816,64,1
"KERNEL_DISPATCH","Agent 2",1,0,220354,5392,22,"gdn_chunk_scan",5392,9377759019851,9377759117892,60928,0,192,0,128,512,1,1,512,48,1
"KERNEL_DISPATCH","Agent 2",1,0,220354,4443,22,"gdn_chunk_scan",4443,9376881309073,9376881406754,60928,0,192,0,128,512,1,1,512,48,1
"KERNEL_DISPATCH","Agent 2",1,0,220354,2104,21,"gdn_chunk_kkt_solve",2104,9375435053291,9375435075772,11776,0,104,0,128,128,1,1,1024,16,1
"KERNEL_DISPATCH","Agent 2",1,0,220354,5387,21,"gdn_chunk_kkt_solve",5387,9377758736488,9377758759128,11776,0,104,0,128,128,1,1,1024,16,1
"KERNEL_DISPATCH","Agent 2",1,0,220354,4438,21,"gdn_chunk_kkt_solve",4438,9376881028429,9376881050950,11776,0,104,0,128,128,1,1,1024,16,1
"KERNEL_DISPATCH","Agent 2",1,0,220354,2099,22,"gdn_chunk_scan",2099,9375434696127,9375434794808,60928,0,192,0,128,512,1,1,512,48,1
"KERNEL_DISPATCH","Agent 2",1,0,220354,5382,22,"gdn_chunk_scan",5382,9377758378003,9377758476724,60928,0,192,0,128,512,1,1,512,48,1
"KERNEL_DISPATCH","Agent 2",1,0,220354,2094,21,"gdn_chunk_kkt_solve",2094,9375434413603,9375434436084,11776,0,104,0,128,128,1,1,1024,16,1
"KERNEL_DISPATCH","Agent 2",1,0,220354,4433,22,"gdn_chunk_scan",4433,9376880667305,9376880766226,60928,0,192,0,128,512,1,1,512,48,1
"KERNEL_DISPATCH","Agent 2",1,0,220354,5377,21,"gdn_chunk_kkt_solve",5377,9377758094840,9377758117840,11776,0,104,0,128,128,1,1,1024,16,1
"KERNEL_DISPATCH","Agent 2",1,0,220354,4428,21,"gdn_chunk_kkt_solve",4428,9376880382941,9376880405422,11776,0,104,0,128,128,1,1,1024,16,1
"KERNEL_DISPATCH","Agent 2",1,0,220354,2089,22,"gdn_chunk_scan",2089,9375434056199,9375434154160,60928,0,192,0,128,512,1,1,512,48,1
"KERNEL_DISPATCH","Agent 2",1,0,220354,4423,22,"gdn_chunk_scan",4423,9376880022937,9376880122018,60928,0,192,0,128,512,1,1,512,48,1
"KERNEL_DISPATCH","Agent 2",1,0,220354,5372,22,"gdn_chunk_scan",5372,9377757731475,9377757831116,60928,0,192,0,128,512,1,1,512,48,1
"KERNEL_DISPATCH","Agent 2",1,0,220354,2084,21,"gdn_chunk_kkt_solve",2084,9375433772675,9375433795476,11776,0,104,0,128,128,1,1,1024,16,1
"KERNEL_DISPATCH","Agent 2",1,0,220354,2079,22,"gdn_chunk_scan",2079,9375433414471,9375433513232,60928,0,192,0,128,512,1,1,512,48,1
"KERNEL_DISPATCH","Agent 2",1,0,220354,2074,21,"gdn_chunk_kkt_solve",2074,9375433130067,9375433152667,11776,0,104,0,128,128,1,1,1024,16,1
"KERNEL_DISPATCH","Agent 2",1,0,220354,4418,21,"gdn_chunk_kkt_solve",4418,9376879738693,9376879761373,11776,0,104,0,128,128,1,1,1024,16,1
"KERNEL_DISPATCH","Agent 2",1,0,220354,4413,22,"gdn_chunk_scan",4413,9376879374729,9376879477130,60928,0,192,0,128,512,1,1,512,48,1
"KERNEL_DISPATCH","Agent 2",1,0,220354,2069,24,"gemm_mq4g256v2_residual_mmq_iu4_full_set_symfold",2069,9375426549504,9375430000308,0,0,184,0,128,256,1,1,20480,64,1
"KERNEL_DISPATCH","Agent 2",1,0,220354,4408,24,"gemm_mq4g256v2_residual_mmq_iu4_full_set_symfold",4408,9376876229409,9376878302115,0,0,184,0,128,256,1,1,12288,64,1
"KERNEL_DISPATCH","Agent 2",1,0,220354,4403,24,"gemm_mq4g256v2_residual_mmq_iu4_full_set_symfold",4403,9376858160741,9376864028255,0,0,184,0,128,256,1,1,34816,64,1
"KERNEL_DISPATCH","Agent 2",1,0,220354,2064,24,"gemm_mq4g256v2_residual_mmq_iu4_full_set_symfold",2064,9375406689174,9375412300605,0,0,184,0,128,256,1,1,34816,64,1
"KERNEL_DISPATCH","Agent 2",1,0,220354,4398,22,"gdn_chunk_scan",4398,9376848393618,9376848491539,60928,0,192,0,128,512,1,1,512,48,1
"KERNEL_DISPATCH","Agent 2",1,0,220354,4393,21,"gdn_chunk_kkt_solve",4393,9376848112455,9376848134855,11776,0,104,0,128,128,1,1,1024,16,1
"KERNEL_DISPATCH","Agent 2",1,0,220354,2059,35,"kv_cache_write_fp8_e4m3_batched",2059,9375391064857,9375391154938,0,0,56,0,128,32,1,1,128,8192,1
"KERNEL_DISPATCH","Agent 2",1,0,220354,4388,22,"gdn_chunk_scan",4388,9376847754210,9376847853051,60928,0,192,0,128,512,1,1,512,48,1
"KERNEL_DISPATCH","Agent 2",1,0,220354,2054,24,"gemm_mq4g256v2_residual_mmq_iu4_full_set_symfold",2054,9375388630306,9375388981591,0,0,184,0,128,256,1,1,2048,64,1
"KERNEL_DISPATCH","Agent 2",1,0,220354,4383,21,"gdn_chunk_kkt_solve",4383,9376847470647,9376847493367,11776,0,104,0,128,128,1,1,1024,16,1
"KERNEL_DISPATCH","Agent 2",1,0,220354,4378,22,"gdn_chunk_scan",4378,9376847110882,9376847210323,60928,0,192,0,128,512,1,1,512,48,1
"KERNEL_DISPATCH","Agent 2",1,0,220354,4373,21,"gdn_chunk_kkt_solve",4373,9376846820678,9376846843479,11776,0,104,0,128,128,1,1,1024,16,1
"KERNEL_DISPATCH","Agent 2",1,0,220354,4368,22,"gdn_chunk_scan",4368,9376846457874,9376846559875,60928,0,192,0,128,512,1,1,512,48,1
"KERNEL_DISPATCH","Agent 2",1,0,220354,4363,24,"gemm_mq4g256v2_residual_mmq_iu4_full_set_symfold",4363,9376843313754,9376845386580,0,0,184,0,128,256,1,1,12288,64,1
"KERNEL_DISPATCH","Agent 2",1,0,220354,4358,24,"gemm_mq4g256v2_residual_mmq_iu4_full_set_symfold",4358,9376825628051,9376831298763,0,0,184,0,128,256,1,1,34816,64,1
"KERNEL_DISPATCH","Agent 2",1,0,220354,4353,43,"attention_fp8_e4m3_fa2_gqa_packet_gfx1201",4353,9376804301983,9376816739979,0,0,240,0,128,256,1,1,6144,4,16
"KERNEL_DISPATCH","Agent 2",1,0,220354,1111,22,"gdn_chunk_scan",1111,9374513979687,9374514079008,60928,0,192,0,128,512,1,1,512,48,1
"KERNEL_DISPATCH","Agent 2",1,0,220354,4348,30,"deinterleave_q_rmsnorm_f32_batched",4348,9376802124755,9376803527653,0,0,24,0,128,256,1,1,6144,8192,1
"KERNEL_DISPATCH","Agent 2",1,0,220354,1106,21,"gdn_chunk_kkt_solve",1106,9374513694883,9374513717603,11776,0,104,0,128,128,1,1,1024,16,1
"KERNEL_DISPATCH","Agent 2",1,0,220354,1101,22,"gdn_chunk_scan",1101,9374513330078,9374513432720,60928,0,192,0,128,512,1,1,512,48,1
"KERNEL_DISPATCH","Agent 2",1,0,220354,1096,24,"gemm_mq4g256v2_residual_mmq_iu4_full_set_symfold",1096,9374510169519,9374512258145,0,0,184,0,128,256,1,1,12288,64,1
"KERNEL_DISPATCH","Agent 2",1,0,220354,1091,24,"gemm_mq4g256v2_residual_mmq_iu4_full_set_symfold",1091,9374492151692,9374497898284,0,0,184,0,128,256,1,1,34816,64,1
"KERNEL_DISPATCH","Agent 2",1,0,220354,1086,22,"gdn_chunk_scan",1086,9374483270420,9374483357261,60928,0,192,0,128,512,1,1,512,48,1
"KERNEL_DISPATCH","Agent 2",1,0,220354,1081,21,"gdn_chunk_kkt_solve",1081,9374483019697,9374483039817,11776,0,104,0,128,128,1,1,1024,16,1
"KERNEL_DISPATCH","Agent 2",1,0,220354,1076,22,"gdn_chunk_scan",1076,9374482697253,9374482786654,60928,0,192,0,128,512,1,1,512,48,1
"KERNEL_DISPATCH","Agent 2",1,0,220354,1071,21,"gdn_chunk_kkt_solve",1071,9374482440129,9374482460730,11776,0,104,0,128,128,1,1,1024,16,1
"KERNEL_DISPATCH","Agent 2",1,0,220354,1066,22,"gdn_chunk_scan",1066,9374482116205,9374482205246,60928,0,192,0,128,512,1,1,512,48,1
"KERNEL_DISPATCH","Agent 2",1,0,220354,1061,21,"gdn_chunk_kkt_solve",1061,9374481859042,9374481880442,11776,0,104,0,128,128,1,1,1024,16,1
"KERNEL_DISPATCH","Agent 2",1,0,220354,5367,24,"gemm_mq4g256v2_residual_mmq_iu4_full_set_symfold",5367,9377756603501,9377756662582,0,0,184,0,128,256,1,1,256,64,1
"KERNEL_DISPATCH","Agent 2",1,0,220354,1056,22,"gdn_chunk_scan",1056,9374481522398,9374481617159,60928,0,192,0,128,512,1,1,512,48,1
"KERNEL_DISPATCH","Agent 2",1,0,220354,5362,25,"gemm_mq4g256v2_residual_mmq_iu4_full_add_symfold",5362,9377744385907,9377750460223,0,0,184,0,128,256,1,1,10240,64,1
"KERNEL_DISPATCH","Agent 2",1,0,220354,5357,25,"gemm_mq4g256v2_residual_mmq_iu4_full_add_symfold",5357,9377727791898,9377730007926,0,0,184,0,128,256,1,1,10240,64,1
"KERNEL_DISPATCH","Agent 2",1,0,220354,5352,21,"gdn_chunk_kkt_solve",5352,9377726533922,9377726556602,11776,0,104,0,128,128,1,1,1024,16,1
"KERNEL_DISPATCH","Agent 2",1,0,220354,5347,22,"gdn_chunk_scan",5347,9377726176597,9377726274719,60928,0,192,0,128,512,1,1,512,48,1
"KERNEL_DISPATCH","Agent 2",1,0,220354,5342,21,"gdn_chunk_kkt_solve",5342,9377725893474,9377725916234,11776,0,104,0,128,128,1,1,1024,16,1
"KERNEL_DISPATCH","Agent 2",1,0,220354,5337,22,"gdn_chunk_scan",5337,9377725533029,9377725632031,60928,0,192,0,128,512,1,1,512,48,1
"KERNEL_DISPATCH","Agent 2",1,0,220354,5332,21,"gdn_chunk_kkt_solve",5332,9377725248226,9377725271106,11776,0,104,0,128,128,1,1,1024,16,1
"KERNEL_DISPATCH","Agent 2",1,0,220354,5327,22,"gdn_chunk_scan",5327,9377724887661,9377724987662,60928,0,192,0,128,512,1,1,512,48,1
"KERNEL_DISPATCH","Agent 2",1,0,220354,2049,29,"fused_silu_mul_mq_rotate_awq_i4_gfx12",2049,9375375489741,9375377602528,0,0,56,0,128,32,1,1,2176,8192,1
"KERNEL_DISPATCH","Agent 2",1,0,220354,5322,24,"gemm_mq4g256v2_residual_mmq_iu4_full_set_symfold",5322,9377723762047,9377723820648,0,0,184,0,128,256,1,1,256,64,1
"KERNEL_DISPATCH","Agent 2",1,0,220354,2044,28,"gated_norm_mq_rotate_awq_i4_gfx12",2044,9375360156228,9375361142040,1024,0,40,0,128,64,1,1,1536,8192,1
"KERNEL_DISPATCH","Agent 2",1,0,220354,2039,22,"gdn_chunk_scan",2039,9375359801343,9375359899584,60928,0,192,0,128,512,1,1,512,48,1
"KERNEL_DISPATCH","Agent 2",1,0,220354,5317,25,"gemm_mq4g256v2_residual_mmq_iu4_full_add_symfold",5317,9377711586294,9377717625970,0,0,184,0,128,256,1,1,10240,64,1
"KERNEL_DISPATCH","Agent 2",1,0,220354,2034,21,"gdn_chunk_kkt_solve",2034,9375359519420,9375359541980,11776,0,104,0,128,128,1,1,1024,16,1
"KERNEL_DISPATCH","Agent 2",1,0,220354,5312,25,"gemm_mq4g256v2_residual_mmq_iu4_full_add_symfold",5312,9377695111286,9377697284833,0,0,184,0,128,256,1,1,10240,64,1
"KERNEL_DISPATCH","Agent 2",1,0,220354,2029,22,"gdn_chunk_scan",2029,9375359161495,9375359260136,60928,0,192,0,128,512,1,1,512,48,1
"KERNEL_DISPATCH","Agent 2",1,0,220354,2024,21,"gdn_chunk_kkt_solve",2024,9375358879572,9375358902412,11776,0,104,0,128,128,1,1,1024,16,1
"KERNEL_DISPATCH","Agent 2",1,0,220354,5307,21,"gdn_chunk_kkt_solve",5307,9377693860950,9377693883511,11776,0,104,0,128,128,1,1,1024,16,1
"KERNEL_DISPATCH","Agent 2",1,0,220354,2019,22,"gdn_chunk_scan",2019,9375358519487,9375358618608,60928,0,192,0,128,512,1,1,512,48,1
"KERNEL_DISPATCH","Agent 2",1,0,220354,5302,22,"gdn_chunk_scan",5302,9377693503706,9377693601987,60928,0,192,0,128,512,1,1,512,48,1
"KERNEL_DISPATCH","Agent 2",1,0,220354,5297,21,"gdn_chunk_kkt_solve",5297,9377693222102,9377693244663,11776,0,104,0,128,128,1,1,1024,16,1
"KERNEL_DISPATCH","Agent 2",1,0,220354,5292,22,"gdn_chunk_scan",5292,9377692864978,9377692964059,60928,0,192,0,128,512,1,1,512,48,1
"KERNEL_DISPATCH","Agent 2",1,0,220354,2014,21,"gdn_chunk_kkt_solve",2014,9375358236204,9375358258964,11776,0,104,0,128,128,1,1,1024,16,1
"KERNEL_DISPATCH","Agent 2",1,0,220354,4343,25,"gemm_mq4g256v2_residual_mmq_iu4_full_add_symfold",4343,9376790756692,9376796749648,0,0,184,0,128,256,1,1,10240,64,1
"KERNEL_DISPATCH","Agent 2",1,0,220354,2009,24,"gemm_mq4g256v2_residual_mmq_iu4_full_set_symfold",2009,9375357072069,9375357133230,0,0,184,0,128,256,1,1,256,64,1
"KERNEL_DISPATCH","Agent 2",1,0,220354,5287,21,"gdn_chunk_kkt_solve",5287,9377692581774,9377692604374,11776,0,104,0,128,128,1,1,1024,16,1
"KERNEL_DISPATCH","Agent 2",1,0,220354,4338,25,"gemm_mq4g256v2_residual_mmq_iu4_full_add_symfold",4338,9376774317885,9376776505112,0,0,184,0,128,256,1,1,10240,64,1
"KERNEL_DISPATCH","Agent 2",1,0,220354,2004,29,"fused_silu_mul_mq_rotate_awq_i4_gfx12",2004,9375342812809,9375344934436,0,0,56,0,128,32,1,1,2176,8192,1
"KERNEL_DISPATCH","Agent 2",1,0,220354,5282,22,"gdn_chunk_scan",5282,9377692222610,9377692321571,60928,0,192,0,128,512,1,1,512,48,1
"KERNEL_DISPATCH","Agent 2",1,0,220354,5277,24,"gemm_mq4g256v2_residual_mmq_iu4_full_set_symfold",5277,9377691098636,9377691157076,0,0,184,0,128,256,1,1,256,64,1
"KERNEL_DISPATCH","Agent 2",1,0,220354,1999,28,"gated_norm_mq_rotate_awq_i4_gfx12",1999,9375327319534,9375328315107,1024,0,40,0,128,64,1,1,1536,8192,1
"KERNEL_DISPATCH","Agent 2",1,0,220354,5272,25,"gemm_mq4g256v2_residual_mmq_iu4_full_add_symfold",5272,9377678997323,9377684978438,0,0,184,0,128,256,1,1,10240,64,1
"KERNEL_DISPATCH","Agent 2",1,0,220354,1994,22,"gdn_chunk_scan",1994,9375326963850,9375327061931,60928,0,192,0,128,512,1,1,512,48,1
"KERNEL_DISPATCH","Agent 2",1,0,220354,5267,25,"gemm_mq4g256v2_residual_mmq_iu4_full_add_symfold",5267,9377663041322,9377665072948,0,0,184,0,128,256,1,1,10240,64,1
"KERNEL_DISPATCH","Agent 2",1,0,220354,5262,33,"rope_partial_halfsplit_batched_f32",5262,9377649441751,9377649809995,0,0,16,0,128,32,1,1,32,8192,1
"KERNEL_DISPATCH","Agent 2",1,0,220354,5257,24,"gemm_mq4g256v2_residual_mmq_iu4_full_set_symfold",5257,9377642896748,9377647076921,0,0,184,0,128,256,1,1,24576,64,1
"KERNEL_DISPATCH","Agent 2",1,0,220354,5252,24,"gemm_mq4g256v2_residual_mmq_iu4_full_set_symfold",5252,9377622406370,9377628276124,0,0,184,0,128,256,1,1,34816,64,1
"KERNEL_DISPATCH","Agent 2",1,0,220354,5247,21,"gdn_chunk_kkt_solve",5247,9377618591562,9377618614282,11776,0,104,0,128,128,1,1,1024,16,1
"KERNEL_DISPATCH","Agent 2",1,0,220354,5242,22,"gdn_chunk_scan",5242,9377618228637,9377618326879,60928,0,192,0,128,512,1,1,512,48,1
"KERNEL_DISPATCH","Agent 2",1,0,220354,5237,21,"gdn_chunk_kkt_solve",5237,9377617947834,9377617970154,11776,0,104,0,128,128,1,1,1024,16,1
"KERNEL_DISPATCH","Agent 2",1,0,220354,5232,22,"gdn_chunk_scan",5232,9377617588669,9377617687311,60928,0,192,0,128,512,1,1,512,48,1
"KERNEL_DISPATCH","Agent 2",1,0,220354,5227,21,"gdn_chunk_kkt_solve",5227,9377617304786,9377617327306,11776,0,104,0,128,128,1,1,1024,16,1
"KERNEL_DISPATCH","Agent 2",1,0,220354,5222,22,"gdn_chunk_scan",5222,9377616943821,9377617043742,60928,0,192,0,128,512,1,1,512,48,1
"KERNEL_DISPATCH","Agent 2",1,0,220354,5217,21,"gdn_chunk_kkt_solve",5217,9377616655018,9377616677938,11776,0,104,0,128,128,1,1,1024,16,1
"KERNEL_DISPATCH","Agent 2",1,0,220354,5212,24,"gemm_mq4g256v2_residual_mmq_iu4_full_set_symfold",5212,9377610016454,9377613515018,0,0,184,0,128,256,1,1,20480,64,1
"KERNEL_DISPATCH","Agent 2",1,0,220354,5207,24,"gemm_mq4g256v2_residual_mmq_iu4_full_set_symfold",5207,9377589596477,9377595444350,0,0,184,0,128,256,1,1,34816,64,1
"KERNEL_DISPATCH","Agent 2",1,0,220354,5202,21,"gdn_chunk_kkt_solve",5202,9377585817709,9377585840389,11776,0,104,0,128,128,1,1,1024,16,1
"KERNEL_DISPATCH","Agent 2",1,0,220354,5197,22,"gdn_chunk_scan",5197,9377585460945,9377585559266,60928,0,192,0,128,512,1,1,512,48,1
"KERNEL_DISPATCH","Agent 2",1,0,220354,5192,21,"gdn_chunk_kkt_solve",5192,9377585179781,9377585202301,11776,0,104,0,128,128,1,1,1024,16,1
"KERNEL_DISPATCH","Agent 2",1,0,220354,5187,22,"gdn_chunk_scan",5187,9377584821137,9377584920178,60928,0,192,0,128,512,1,1,512,48,1
"KERNEL_DISPATCH","Agent 2",1,0,220354,5182,21,"gdn_chunk_kkt_solve",5182,9377584536453,9377584559053,11776,0,104,0,128,128,1,1,1024,16,1
"KERNEL_DISPATCH","Agent 2",1,0,220354,5177,22,"gdn_chunk_scan",5177,9377584176408,9377584275530,60928,0,192,0,128,512,1,1,512,48,1
"KERNEL_DISPATCH","Agent 2",1,0,220354,5172,21,"gdn_chunk_kkt_solve",5172,9377583889285,9377583912205,11776,0,104,0,128,128,1,1,1024,16,1
"KERNEL_DISPATCH","Agent 2",1,0,220354,5167,24,"gemm_mq4g256v2_residual_mmq_iu4_full_set_symfold",5167,9377577238801,9377580751325,0,0,184,0,128,256,1,1,20480,64,1
"KERNEL_DISPATCH","Agent 2",1,0,220354,5162,24,"gemm_mq4g256v2_residual_mmq_iu4_full_set_symfold",5162,9377556740743,9377562578736,0,0,184,0,128,256,1,1,34816,64,1
"KERNEL_DISPATCH","Agent 2",1,0,220354,5157,21,"gdn_chunk_kkt_solve",5157,9377552974735,9377552997336,11776,0,104,0,128,128,1,1,1024,16,1
"KERNEL_DISPATCH","Agent 2",1,0,220354,5152,22,"gdn_chunk_scan",5152,9377552617531,9377552715692,60928,0,192,0,128,512,1,1,512,48,1
"KERNEL_DISPATCH","Agent 2",1,0,220354,5147,21,"gdn_chunk_kkt_solve",5147,9377552335887,9377552358208,11776,0,104,0,128,128,1,1,1024,16,1
"KERNEL_DISPATCH","Agent 2",1,0,220354,5142,22,"gdn_chunk_scan",5142,9377551978323,9377552077484,60928,0,192,0,128,512,1,1,512,48,1
"KERNEL_DISPATCH","Agent 2",1,0,220354,5137,21,"gdn_chunk_kkt_solve",5137,9377551694959,9377551717599,11776,0,104,0,128,128,1,1,1024,16,1
"KERNEL_DISPATCH","Agent 2",1,0,220354,5132,22,"gdn_chunk_scan",5132,9377551335715,9377551434596,60928,0,192,0,128,512,1,1,512,48,1
"KERNEL_DISPATCH","Agent 2",1,0,220354,5127,21,"gdn_chunk_kkt_solve",5127,9377551050111,9377551072831,11776,0,104,0,128,128,1,1,1024,16,1
"KERNEL_DISPATCH","Agent 2",1,0,220354,4333,21,"gdn_chunk_kkt_solve",4333,9376773060429,9376773082909,11776,0,104,0,128,128,1,1,1024,16,1
"KERNEL_DISPATCH","Agent 2",1,0,220354,5122,24,"gemm_mq4g256v2_residual_mmq_iu4_full_set_symfold",5122,9377544460388,9377547924832,0,0,184,0,128,256,1,1,20480,64,1
"KERNEL_DISPATCH","Agent 2",1,0,220354,4328,22,"gdn_chunk_scan",4328,9376772699985,9376772799066,60928,0,192,0,128,512,1,1,512,48,1
"KERNEL_DISPATCH","Agent 2",1,0,220354,5117,24,"gemm_mq4g256v2_residual_mmq_iu4_full_set_symfold",5117,9377524669139,9377530233529,0,0,184,0,128,256,1,1,34816,64,1
"KERNEL_DISPATCH","Agent 2",1,0,220354,4323,21,"gdn_chunk_kkt_solve",4323,9376772415461,9376772438141,11776,0,104,0,128,128,1,1,1024,16,1
"KERNEL_DISPATCH","Agent 2",1,0,220354,5112,35,"kv_cache_write_fp8_e4m3_batched",5112,9377508817259,9377508906460,0,0,56,0,128,32,1,1,128,8192,1
"KERNEL_DISPATCH","Agent 2",1,0,220354,1989,21,"gdn_chunk_kkt_solve",1989,9375326679646,9375326702726,11776,0,104,0,128,128,1,1,1024,16,1
"KERNEL_DISPATCH","Agent 2",1,0,220354,5107,24,"gemm_mq4g256v2_residual_mmq_iu4_full_set_symfold",5107,9377506371868,9377506726433,0,0,184,0,128,256,1,1,2048,64,1
"KERNEL_DISPATCH","Agent 2",1,0,220354,1984,22,"gdn_chunk_scan",1984,9375326320201,9375326419283,60928,0,192,0,128,512,1,1,512,48,1
"KERNEL_DISPATCH","Agent 2",1,0,220354,5102,29,"fused_silu_mul_mq_rotate_awq_i4_gfx12",5102,9377493196262,9377495311489,0,0,56,0,128,32,1,1,2176,8192,1
"KERNEL_DISPATCH","Agent 2",1,0,220354,1979,21,"gdn_chunk_kkt_solve",1979,9375326036918,9375326059998,11776,0,104,0,128,128,1,1,1024,16,1
"KERNEL_DISPATCH","Agent 2",1,0,220354,5097,28,"gated_norm_mq_rotate_awq_i4_gfx12",5097,9377477576265,9377478575878,1024,0,40,0,128,64,1,1,1536,8192,1
"KERNEL_DISPATCH","Agent 2",1,0,220354,1974,22,"gdn_chunk_scan",1974,9375325676593,9375325775715,60928,0,192,0,128,512,1,1,512,48,1
"KERNEL_DISPATCH","Agent 2",1,0,220354,1969,21,"gdn_chunk_kkt_solve",1969,9375325392790,9375325415990,11776,0,104,0,128,128,1,1,1024,16,1
"KERNEL_DISPATCH","Agent 2",1,0,220354,5092,22,"gdn_chunk_scan",5092,9377477217381,9377477315662,60928,0,192,0,128,512,1,1,512,48,1
"KERNEL_DISPATCH","Agent 2",1,0,220354,5087,21,"gdn_chunk_kkt_solve",5087,9377476935297,9377476958178,11776,0,104,0,128,128,1,1,1024,16,1
"KERNEL_DISPATCH","Agent 2",1,0,220354,5082,22,"gdn_chunk_scan",5082,9377476574693,9377476674094,60928,0,192,0,128,512,1,1,512,48,1
"KERNEL_DISPATCH","Agent 2",1,0,220354,5077,21,"gdn_chunk_kkt_solve",5077,9377476290649,9377476313369,11776,0,104,0,128,128,1,1,1024,16,1
"KERNEL_DISPATCH","Agent 2",1,0,220354,5072,22,"gdn_chunk_scan",5072,9377475928365,9377476029046,60928,0,192,0,128,512,1,1,512,48,1
"KERNEL_DISPATCH","Agent 2",1,0,220354,1051,24,"gemm_mq4g256v2_residual_mmq_iu4_full_set_symfold",1051,9374478455319,9374480463264,0,0,184,0,128,256,1,1,12288,64,1
"KERNEL_DISPATCH","Agent 2",1,0,220354,5067,21,"gdn_chunk_kkt_solve",5067,9377475641321,9377475664281,11776,0,104,0,128,128,1,1,1024,16,1
"KERNEL_DISPATCH","Agent 2",1,0,220354,5062,24,"gemm_mq4g256v2_residual_mmq_iu4_full_set_symfold",5062,9377474470626,9377474532787,0,0,184,0,128,256,1,1,256,64,1
"KERNEL_DISPATCH","Agent 2",1,0,220354,5057,29,"fused_silu_mul_mq_rotate_awq_i4_gfx12",5057,9377460242567,9377462348593,0,0,56,0,128,32,1,1,2176,8192,1
"KERNEL_DISPATCH","Agent 2",1,0,220354,5052,28,"gated_norm_mq_rotate_awq_i4_gfx12",5052,9377444772372,9377445764745,1024,0,40,0,128,64,1,1,1536,8192,1
"KERNEL_DISPATCH","Agent 2",1,0,220354,5047,22,"gdn_chunk_scan",5047,9377444414368,9377444513049,60928,0,192,0,128,512,1,1,512,48,1
"KERNEL_DISPATCH","Agent 2",1,0,220354,5042,21,"gdn_chunk_kkt_solve",5042,9377444132604,9377444155444,11776,0,104,0,128,128,1,1,1024,16,1
"KERNEL_DISPATCH","Agent 2",1,0,220354,5037,22,"gdn_chunk_scan",5037,9377443772399,9377443871201,60928,0,192,0,128,512,1,1,512,48,1
"KERNEL_DISPATCH","Agent 2",1,0,220354,5032,21,"gdn_chunk_kkt_solve",5032,9377443488796,9377443511476,11776,0,104,0,128,128,1,1,1024,16,1
"KERNEL_DISPATCH","Agent 2",1,0,220354,5027,22,"gdn_chunk_scan",5027,9377443129871,9377443228553,60928,0,192,0,128,512,1,1,512,48,1
"KERNEL_DISPATCH","Agent 2",1,0,220354,5022,21,"gdn_chunk_kkt_solve",5022,9377442844988,9377442867788,11776,0,104,0,128,128,1,1,1024,16,1
"KERNEL_DISPATCH","Agent 2",1,0,220354,5017,24,"gemm_mq4g256v2_residual_mmq_iu4_full_set_symfold",5017,9377441681093,9377441741934,0,0,184,0,128,256,1,1,256,64,1
"KERNEL_DISPATCH","Agent 2",1,0,220354,5012,29,"fused_silu_mul_mq_rotate_awq_i4_gfx12",5012,9377427385593,9377429493420,0,0,56,0,128,32,1,1,2176,8192,1
"KERNEL_DISPATCH","Agent 2",1,0,220354,5007,28,"gated_norm_mq_rotate_awq_i4_gfx12",5007,9377412039680,9377413021052,1024,0,40,0,128,64,1,1,1536,8192,1
"KERNEL_DISPATCH","Agent 2",1,0,220354,5002,22,"gdn_chunk_scan",5002,9377411684355,9377411781476,60928,0,192,0,128,512,1,1,512,48,1
"KERNEL_DISPATCH","Agent 2",1,0,220354,4997,21,"gdn_chunk_kkt_solve",4997,9377411404872,9377411427312,11776,0,104,0,128,128,1,1,1024,16,1
"KERNEL_DISPATCH","Agent 2",1,0,220354,4992,22,"gdn_chunk_scan",4992,9377411049547,9377411147428,60928,0,192,0,128,512,1,1,512,48,1
"KERNEL_DISPATCH","Agent 2",1,0,220354,4987,21,"gdn_chunk_kkt_solve",4987,9377410767024,9377410789904,11776,0,104,0,128,128,1,1,1024,16,1
"KERNEL_DISPATCH","Agent 2",1,0,220354,4982,22,"gdn_chunk_scan",4982,9377410408139,9377410506820,60928,0,192,0,128,512,1,1,512,48,1
"KERNEL_DISPATCH","Agent 2",1,0,220354,4977,21,"gdn_chunk_kkt_solve",4977,9377410126256,9377410149096,11776,0,104,0,128,128,1,1,1024,16,1
"KERNEL_DISPATCH","Agent 2",1,0,220354,4972,24,"gemm_mq4g256v2_residual_mmq_iu4_full_set_symfold",4972,9377408964401,9377409025042,0,0,184,0,128,256,1,1,256,64,1
"KERNEL_DISPATCH","Agent 2",1,0,220354,4967,29,"fused_silu_mul_mq_rotate_awq_i4_gfx12",4967,9377394795302,9377396902449,0,0,56,0,128,32,1,1,2176,8192,1
"KERNEL_DISPATCH","Agent 2",1,0,220354,4962,46,"sigmoid_mul_rotate_x_mq_awq_i4_gfx12",4962,9377380218439,9377380951408,0,0,88,0,128,32,1,1,6291456,1,1
"KERNEL_DISPATCH","Agent 2",1,0,220354,4957,32,"rmsnorm_f32",4957,9377367080593,9377367306516,0,0,16,0,128,256,1,1,8388608,1,1
"KERNEL_DISPATCH","Agent 2",1,0,220354,4952,23,"fused_rmsnorm_mq_rotate_awq_i4_gfx12",4952,9377360290668,9377360762114,0,0,96,0,128,256,1,1,2097152,1,1
"KERNEL_DISPATCH","Agent 2",1,0,220354,4947,23,"fused_rmsnorm_mq_rotate_awq_i4_gfx12",4947,9377339864690,9377340331056,0,0,96,0,128,256,1,1,2097152,1,1
"KERNEL_DISPATCH","Agent 2",1,0,220354,4318,22,"gdn_chunk_scan",4318,9376772054696,9376772153098,60928,0,192,0,128,512,1,1,512,48,1
"KERNEL_DISPATCH","Agent 2",1,0,220354,4942,22,"gdn_chunk_scan",4942,9377336428487,9377336526608,60928,0,192,0,128,512,1,1,512,48,1
"KERNEL_DISPATCH","Agent 2",1,0,220354,4937,21,"gdn_chunk_kkt_solve",4937,9377336149483,9377336171884,11776,0,104,0,128,128,1,1,1024,16,1
"KERNEL_DISPATCH","Agent 2",1,0,220354,4932,22,"gdn_chunk_scan",4932,9377335791399,9377335890520,60928,0,192,0,128,512,1,1,512,48,1
"KERNEL_DISPATCH","Agent 2",1,0,220354,4927,21,"gdn_chunk_kkt_solve",4927,9377335508675,9377335531516,11776,0,104,0,128,128,1,1,1024,16,1
"KERNEL_DISPATCH","Agent 2",1,0,220354,4922,22,"gdn_chunk_scan",4922,9377335149511,9377335248672,60928,0,192,0,128,512,1,1,512,48,1
"KERNEL_DISPATCH","Agent 2",1,0,220354,4917,21,"gdn_chunk_kkt_solve",4917,9377334865747,9377334888428,11776,0,104,0,128,128,1,1,1024,16,1
"KERNEL_DISPATCH","Agent 2",1,0,220354,4912,20,"gdn_chunk_prep",4912,9377333700453,9377334600944,0,0,72,0,128,256,1,1,32768,10,1
"KERNEL_DISPATCH","Agent 2",1,0,220354,4907,23,"fused_rmsnorm_mq_rotate_awq_i4_gfx12",4907,9377327509935,9377327980821,0,0,96,0,128,256,1,1,2097152,1,1
"KERNEL_DISPATCH","Agent 2",1,0,220354,1046,24,"gemm_mq4g256v2_residual_mmq_iu4_full_set_symfold",1046,9374461220862,9374466989455,0,0,184,0,128,256,1,1,34816,64,1
"KERNEL_DISPATCH","Agent 2",1,0,220354,4902,23,"fused_rmsnorm_mq_rotate_awq_i4_gfx12",4902,9377307116198,9377307580004,0,0,96,0,128,256,1,1,2097152,1,1
"KERNEL_DISPATCH","Agent 2",1,0,220354,4897,22,"gdn_chunk_scan",4897,9377303696275,9377303795596,60928,0,192,0,128,512,1,1,512,48,1
"KERNEL_DISPATCH","Agent 2",1,0,220354,4892,21,"gdn_chunk_kkt_solve",4892,9377303415231,9377303437751,11776,0,104,0,128,128,1,1,1024,16,1
"KERNEL_DISPATCH","Agent 2",1,0,220354,4887,22,"gdn_chunk_scan",4887,9377303057307,9377303156068,60928,0,192,0,128,512,1,1,512,48,1
"KERNEL_DISPATCH","Agent 2",1,0,220354,4882,21,"gdn_chunk_kkt_solve",4882,9377302770983,9377302794143,11776,0,104,0,128,128,1,1,1024,16,1
"KERNEL_DISPATCH","Agent 2",1,0,220354,4877,22,"gdn_chunk_scan",4877,9377302407298,9377302507660,60928,0,192,0,128,512,1,1,512,48,1
"KERNEL_DISPATCH","Agent 2",1,0,220354,4872,21,"gdn_chunk_kkt_solve",4872,9377302119895,9377302143135,11776,0,104,0,128,128,1,1,1024,16,1
"KERNEL_DISPATCH","Agent 2",1,0,220354,4867,20,"gdn_chunk_prep",4867,9377300952040,9377301852011,0,0,72,0,128,256,1,1,32768,10,1
"KERNEL_DISPATCH","Agent 2",1,0,220354,4862,23,"fused_rmsnorm_mq_rotate_awq_i4_gfx12",4862,9377294751442,9377295222048,0,0,96,0,128,256,1,1,2097152,1,1
"KERNEL_DISPATCH","Agent 2",1,0,220354,4857,23,"fused_rmsnorm_mq_rotate_awq_i4_gfx12",4857,9377274391545,9377274854391,0,0,96,0,128,256,1,1,2097152,1,1
"KERNEL_DISPATCH","Agent 2",1,0,220354,4852,22,"gdn_chunk_scan",4852,9377270965462,9377271065063,60928,0,192,0,128,512,1,1,512,48,1
"KERNEL_DISPATCH","Agent 2",1,0,220354,4847,21,"gdn_chunk_kkt_solve",4847,9377270682059,9377270704819,11776,0,104,0,128,128,1,1,1024,16,1
"KERNEL_DISPATCH","Agent 2",1,0,220354,4842,22,"gdn_chunk_scan",4842,9377270321814,9377270421055,60928,0,192,0,128,512,1,1,512,48,1
"KERNEL_DISPATCH","Agent 2",1,0,220354,4837,21,"gdn_chunk_kkt_solve",4837,9377270038611,9377270061611,11776,0,104,0,128,128,1,1,1024,16,1
"KERNEL_DISPATCH","Agent 2",1,0,220354,4832,22,"gdn_chunk_scan",4832,9377269674126,9377269774567,60928,0,192,0,128,512,1,1,512,48,1
"KERNEL_DISPATCH","Agent 2",1,0,220354,4827,21,"gdn_chunk_kkt_solve",4827,9377269387882,9377269410763,11776,0,104,0,128,128,1,1,1024,16,1
"KERNEL_DISPATCH","Agent 2",1,0,220354,4822,20,"gdn_chunk_prep",4822,9377268217708,9377269121519,0,0,72,0,128,256,1,1,32768,10,1
"KERNEL_DISPATCH","Agent 2",1,0,220354,4817,23,"fused_rmsnorm_mq_rotate_awq_i4_gfx12",4817,9377262046110,9377262515836,0,0,96,0,128,256,1,1,2097152,1,1
"KERNEL_DISPATCH","Agent 2",1,0,220354,4812,23,"fused_rmsnorm_mq_rotate_awq_i4_gfx12",4812,9377242126779,9377242566024,0,0,96,0,128,256,1,1,2097152,1,1
"KERNEL_DISPATCH","Agent 2",1,0,220354,4807,35,"kv_cache_write_fp8_e4m3_batched",4807,9377226746905,9377226813146,0,0,56,0,128,32,1,1,128,8192,1
"KERNEL_DISPATCH","Agent 2",1,0,220354,4802,24,"gemm_mq4g256v2_residual_mmq_iu4_full_set_symfold",4802,9377224032071,9377224385115,0,0,184,0,128,256,1,1,2048,64,1
"KERNEL_DISPATCH","Agent 2",1,0,220354,4797,24,"gemm_mq4g256v2_residual_mmq_iu4_full_set_symfold",4797,9377205310915,9377211170069,0,0,184,0,128,256,1,1,34816,64,1
"KERNEL_DISPATCH","Agent 2",1,0,220354,4313,21,"gdn_chunk_kkt_solve",4313,9376771766853,9376771789773,11776,0,104,0,128,128,1,1,1024,16,1
"KERNEL_DISPATCH","Agent 2",1,0,220354,4308,22,"gdn_chunk_scan",4308,9376771403968,9376771503369,60928,0,192,0,128,512,1,1,512,48,1
"KERNEL_DISPATCH","Agent 2",1,0,220354,4303,24,"gemm_mq4g256v2_residual_mmq_iu4_full_set_symfold",4303,9376770274474,9376770334155,0,0,184,0,128,256,1,1,256,64,1
"KERNEL_DISPATCH","Agent 2",1,0,220354,1964,24,"gemm_mq4g256v2_residual_mmq_iu4_full_set_symfold",1964,9375324221175,9375324282416,0,0,184,0,128,256,1,1,256,64,1
"KERNEL_DISPATCH","Agent 2",1,0,220354,4298,25,"gemm_mq4g256v2_residual_mmq_iu4_full_add_symfold",4298,9376758128361,9376764152357,0,0,184,0,128,256,1,1,10240,64,1
"KERNEL_DISPATCH","Agent 2",1,0,220354,1959,29,"fused_silu_mul_mq_rotate_awq_i4_gfx12",1959,9375309961035,9375312067262,0,0,56,0,128,32,1,1,2176,8192,1
"KERNEL_DISPATCH","Agent 2",1,0,220354,4293,25,"gemm_mq4g256v2_residual_mmq_iu4_full_add_symfold",4293,9376741537232,9376743739940,0,0,184,0,128,256,1,1,10240,64,1
"KERNEL_DISPATCH","Agent 2",1,0,220354,1954,28,"gated_norm_mq_rotate_awq_i4_gfx12",1954,9375294647562,9375295622335,1024,0,40,0,128,64,1,1,1536,8192,1
"KERNEL_DISPATCH","Agent 2",1,0,220354,4288,21,"gdn_chunk_kkt_solve",4288,9376740265216,9376740287616,11776,0,104,0,128,128,1,1,1024,16,1
"KERNEL_DISPATCH","Agent 2",1,0,220354,4283,22,"gdn_chunk_scan",4283,9376739906411,9376740005653,60928,0,192,0,128,512,1,1,512,48,1
"KERNEL_DISPATCH","Agent 2",1,0,220354,1949,22,"gdn_chunk_scan",1949,9375294296958,9375294393479,60928,0,192,0,128,512,1,1,512,48,1
"KERNEL_DISPATCH","Agent 2",1,0,220354,1944,21,"gdn_chunk_kkt_solve",1944,9375294020434,9375294042675,11776,0,104,0,128,128,1,1,1024,16,1
"KERNEL_DISPATCH","Agent 2",1,0,220354,4278,21,"gdn_chunk_kkt_solve",4278,9376739622568,9376739645128,11776,0,104,0,128,128,1,1,1024,16,1
"KERNEL_DISPATCH","Agent 2",1,0,220354,1939,22,"gdn_chunk_scan",1939,9375293667190,9375293764751,60928,0,192,0,128,512,1,1,512,48,1
"KERNEL_DISPATCH","Agent 2",1,0,220354,4273,22,"gdn_chunk_scan",4273,9376739262723,9376739361804,60928,0,192,0,128,512,1,1,512,48,1
"KERNEL_DISPATCH","Agent 2",1,0,220354,1041,22,"gdn_chunk_scan",1041,9374452240149,9374452329670,60928,0,192,0,128,512,1,1,512,48,1
"KERNEL_DISPATCH","Agent 2",1,0,220354,1934,21,"gdn_chunk_kkt_solve",1934,9375293389107,9375293411547,11776,0,104,0,128,128,1,1,1024,16,1
"KERNEL_DISPATCH","Agent 2",1,0,220354,4268,21,"gdn_chunk_kkt_solve",4268,9376738978520,9376739001520,11776,0,104,0,128,128,1,1,1024,16,1
"KERNEL_DISPATCH","Agent 2",1,0,220354,1929,22,"gdn_chunk_scan",1929,9375293037462,9375293134143,60928,0,192,0,128,512,1,1,512,48,1
"KERNEL_DISPATCH","Agent 2",1,0,220354,1036,21,"gdn_chunk_kkt_solve",1036,9374451983666,9374452004266,11776,0,104,0,128,128,1,1,1024,16,1
"KERNEL_DISPATCH","Agent 2",1,0,220354,1924,21,"gdn_chunk_kkt_solve",1924,9375292758979,9375292781539,11776,0,104,0,128,128,1,1,1024,16,1
"KERNEL_DISPATCH","Agent 2",1,0,220354,1919,24,"gemm_mq4g256v2_residual_mmq_iu4_full_set_symfold",1919,9375291600324,9375291659765,0,0,184,0,128,256,1,1,256,64,1
"KERNEL_DISPATCH","Agent 2",1,0,220354,1031,22,"gdn_chunk_scan",1031,9374451645781,9374451739662,60928,0,192,0,128,512,1,1,512,48,1
"KERNEL_DISPATCH","Agent 2",1,0,220354,1914,29,"fused_silu_mul_mq_rotate_awq_i4_gfx12",1914,9375277356265,9375279466371,0,0,56,0,128,32,1,1,2176,8192,1
"KERNEL_DISPATCH","Agent 2",1,0,220354,1026,21,"gdn_chunk_kkt_solve",1026,9374451375978,9374451397578,11776,0,104,0,128,128,1,1,1024,16,1
"KERNEL_DISPATCH","Agent 2",1,0,220354,1021,22,"gdn_chunk_scan",1021,9374451034294,9374451128815,60928,0,192,0,128,512,1,1,512,48,1
"KERNEL_DISPATCH","Agent 2",1,0,220354,1909,46,"sigmoid_mul_rotate_x_mq_awq_i4_gfx12",1909,9375262836762,9375263569051,0,0,88,0,128,32,1,1,6291456,1,1
"KERNEL_DISPATCH","Agent 2",1,0,220354,1016,21,"gdn_chunk_kkt_solve",1016,9374450761970,9374450784210,11776,0,104,0,128,128,1,1,1024,16,1
"KERNEL_DISPATCH","Agent 2",1,0,220354,1904,32,"rmsnorm_f32",1904,9375249656956,9375249889918,0,0,16,0,128,256,1,1,8388608,1,1
"KERNEL_DISPATCH","Agent 2",1,0,220354,1011,22,"gdn_chunk_scan",1011,9374450411886,9374450510167,60928,0,192,0,128,512,1,1,512,48,1
"KERNEL_DISPATCH","Agent 2",1,0,220354,1899,23,"fused_rmsnorm_mq_rotate_awq_i4_gfx12",1899,9375242888750,9375243358316,0,0,96,0,128,256,1,1,2097152,1,1
"KERNEL_DISPATCH","Agent 2",1,0,220354,1006,24,"gemm_mq4g256v2_residual_mmq_iu4_full_set_symfold",1006,9374447430608,9374449345952,0,0,184,0,128,256,1,1,12288,64,1
"KERNEL_DISPATCH","Agent 2",1,0,220354,1894,23,"fused_rmsnorm_mq_rotate_awq_i4_gfx12",1894,9375222410652,9375222884538,0,0,96,0,128,256,1,1,2097152,1,1
"KERNEL_DISPATCH","Agent 2",1,0,220354,1001,24,"gemm_mq4g256v2_residual_mmq_iu4_full_set_symfold",1001,9374430818919,9374436194507,0,0,184,0,128,256,1,1,34816,64,1
"KERNEL_DISPATCH","Agent 2",1,0,220354,1889,22,"gdn_chunk_scan",1889,9375218950009,9375219047970,60928,0,192,0,128,512,1,1,512,48,1
"KERNEL_DISPATCH","Agent 2",1,0,220354,1884,21,"gdn_chunk_kkt_solve",1884,9375218667325,9375218690005,11776,0,104,0,128,128,1,1,1024,16,1
"KERNEL_DISPATCH","Agent 2",1,0,220354,996,43,"attention_fp8_e4m3_fa2_gqa_packet_gfx1201",996,9374410560784,9374422223171,0,0,240,0,128,256,1,1,6144,4,16
"KERNEL_DISPATCH","Agent 2",1,0,220354,1879,22,"gdn_chunk_scan",1879,9375218308241,9375218407242,60928,0,192,0,128,512,1,1,512,48,1
"KERNEL_DISPATCH","Agent 2",1,0,220354,991,30,"deinterleave_q_rmsnorm_f32_batched",991,9374408405917,9374409807454,0,0,24,0,128,256,1,1,6144,8192,1
"KERNEL_DISPATCH","Agent 2",1,0,220354,1874,21,"gdn_chunk_kkt_solve",1874,9375218025557,9375218048357,11776,0,104,0,128,128,1,1,1024,16,1
"KERNEL_DISPATCH","Agent 2",1,0,220354,986,25,"gemm_mq4g256v2_residual_mmq_iu4_full_add_symfold",986,9374397715382,9374403314812,0,0,184,0,128,256,1,1,10240,64,1
"KERNEL_DISPATCH","Agent 2",1,0,220354,1869,22,"gdn_chunk_scan",1869,9375217664632,9375217764074,60928,0,192,0,128,512,1,1,512,48,1
"KERNEL_DISPATCH","Agent 2",1,0,220354,981,25,"gemm_mq4g256v2_residual_mmq_iu4_full_add_symfold",981,9374381947703,9374384002929,0,0,184,0,128,256,1,1,10240,64,1
"KERNEL_DISPATCH","Agent 2",1,0,220354,1864,21,"gdn_chunk_kkt_solve",1864,9375217379829,9375217402829,11776,0,104,0,128,128,1,1,1024,16,1
"KERNEL_DISPATCH","Agent 2",1,0,220354,1859,20,"gdn_chunk_prep",1859,9375216215774,9375217115146,0,0,72,0,128,256,1,1,32768,10,1
"KERNEL_DISPATCH","Agent 2",1,0,220354,1854,23,"fused_rmsnorm_mq_rotate_awq_i4_gfx12",1854,9375210020096,9375210490462,0,0,96,0,128,256,1,1,2097152,1,1
"KERNEL_DISPATCH","Agent 2",1,0,220354,1849,23,"fused_rmsnorm_mq_rotate_awq_i4_gfx12",1849,9375189752001,9375190212887,0,0,96,0,128,256,1,1,2097152,1,1
"KERNEL_DISPATCH","Agent 2",1,0,220354,4792,22,"gdn_chunk_scan",4792,9377195684154,9377195782915,60928,0,192,0,128,512,1,1,512,48,1
"KERNEL_DISPATCH","Agent 2",1,0,220354,2144,22,"gdn_chunk_scan",2144,9375467489260,9375467588301,60928,0,192,0,128,512,1,1,512,48,1
"KERNEL_DISPATCH","Agent 2",1,0,220354,5422,24,"gemm_mq4g256v2_residual_mmq_iu4_full_set_symfold",5422,9377812105080,9377817767871,0,0,184,0,128,256,1,1,34816,64,1
"KERNEL_DISPATCH","Agent 2",1,0,220354,4478,22,"gdn_chunk_scan",4478,9376913398677,9376913497398,60928,0,192,0,128,512,1,1,512,48,1
"KERNEL_DISPATCH","Agent 2",1,0,220354,1844,22,"gdn_chunk_scan",1844,9375186369398,9375186466839,60928,0,192,0,128,512,1,1,512,48,1
"KERNEL_DISPATCH","Agent 2",1,0,220354,1839,21,"gdn_chunk_kkt_solve",1839,9375186091795,9375186114195,11776,0,104,0,128,128,1,1,1024,16,1
"KERNEL_DISPATCH","Agent 2",1,0,220354,4787,21,"gdn_chunk_kkt_solve",4787,9377195400710,9377195423270,11776,0,104,0,128,128,1,1,1024,16,1
"KERNEL_DISPATCH","Agent 2",1,0,220354,1834,22,"gdn_chunk_scan",1834,9375185735950,9375185834391,60928,0,192,0,128,512,1,1,512,48,1
"KERNEL_DISPATCH","Agent 2",1,0,220354,4782,22,"gdn_chunk_scan",4782,9377195042746,9377195140987,60928,0,192,0,128,512,1,1,512,48,1
"KERNEL_DISPATCH","Agent 2",1,0,220354,4777,21,"gdn_chunk_kkt_solve",4777,9377194758582,9377194780942,11776,0,104,0,128,128,1,1,1024,16,1
"KERNEL_DISPATCH","Agent 2",1,0,220354,1829,21,"gdn_chunk_kkt_solve",1829,9375185455587,9375185478267,11776,0,104,0,128,128,1,1,1024,16,1
"KERNEL_DISPATCH","Agent 2",1,0,220354,1824,22,"gdn_chunk_scan",1824,9375185099502,9375185197343,60928,0,192,0,128,512,1,1,512,48,1
"KERNEL_DISPATCH","Agent 2",1,0,220354,4772,22,"gdn_chunk_scan",4772,9377194398098,9377194497459,60928,0,192,0,128,512,1,1,512,48,1
"KERNEL_DISPATCH","Agent 2",1,0,220354,1819,21,"gdn_chunk_kkt_solve",1819,9375184819379,9375184841859,11776,0,104,0,128,128,1,1,1024,16,1
"KERNEL_DISPATCH","Agent 2",1,0,220354,4767,21,"gdn_chunk_kkt_solve",4767,9377194113894,9377194136574,11776,0,104,0,128,128,1,1,1024,16,1
"KERNEL_DISPATCH","Agent 2",1,0,220354,1814,20,"gdn_chunk_prep",1814,9375183657484,9375184556815,0,0,72,0,128,256,1,1,32768,10,1
"KERNEL_DISPATCH","Agent 2",1,0,220354,4762,22,"gdn_chunk_scan",4762,9377193748129,9377193851131,60928,0,192,0,128,512,1,1,512,48,1
"KERNEL_DISPATCH","Agent 2",1,0,220354,1809,23,"fused_rmsnorm_mq_rotate_awq_i4_gfx12",1809,9375177467286,9375177938772,0,0,96,0,128,256,1,1,2097152,1,1
"KERNEL_DISPATCH","Agent 2",1,0,220354,4757,24,"gemm_mq4g256v2_residual_mmq_iu4_full_set_symfold",4757,9377190593690,9377192678476,0,0,184,0,128,256,1,1,12288,64,1
"KERNEL_DISPATCH","Agent 2",1,0,220354,1804,23,"fused_rmsnorm_mq_rotate_awq_i4_gfx12",1804,9375156949348,9375157415033,0,0,96,0,128,256,1,1,2097152,1,1
"KERNEL_DISPATCH","Agent 2",1,0,220354,4752,24,"gemm_mq4g256v2_residual_mmq_iu4_full_set_symfold",4752,9377172484301,9377178329535,0,0,184,0,128,256,1,1,34816,64,1
"KERNEL_DISPATCH","Agent 2",1,0,220354,1799,22,"gdn_chunk_scan",1799,9375153537265,9375153634786,60928,0,192,0,128,512,1,1,512,48,1
"KERNEL_DISPATCH","Agent 2",1,0,220354,1794,21,"gdn_chunk_kkt_solve",1794,9375153259901,9375153282301,11776,0,104,0,128,128,1,1,1024,16,1
"KERNEL_DISPATCH","Agent 2",1,0,220354,4747,22,"gdn_chunk_scan",4747,9377162882300,9377162981342,60928,0,192,0,128,512,1,1,512,48,1
"KERNEL_DISPATCH","Agent 2",1,0,220354,1789,22,"gdn_chunk_scan",1789,9375152905577,9375153003578,60928,0,192,0,128,512,1,1,512,48,1
"KERNEL_DISPATCH","Agent 2",1,0,220354,4742,21,"gdn_chunk_kkt_solve",4742,9377162598177,9377162620617,11776,0,104,0,128,128,1,1,1024,16,1
"KERNEL_DISPATCH","Agent 2",1,0,220354,4737,22,"gdn_chunk_scan",4737,9377162237652,9377162336534,60928,0,192,0,128,512,1,1,512,48,1
"KERNEL_DISPATCH","Agent 2",1,0,220354,1784,21,"gdn_chunk_kkt_solve",1784,9375152624973,9375152647413,11776,0,104,0,128,128,1,1,1024,16,1
"KERNEL_DISPATCH","Agent 2",1,0,220354,1779,22,"gdn_chunk_scan",1779,9375152268689,9375152366770,60928,0,192,0,128,512,1,1,512,48,1
"KERNEL_DISPATCH","Agent 2",1,0,220354,4732,21,"gdn_chunk_kkt_solve",4732,9377161951849,9377161975049,11776,0,104,0,128,128,1,1,1024,16,1
"KERNEL_DISPATCH","Agent 2",1,0,220354,4727,22,"gdn_chunk_scan",4727,9377161587084,9377161687765,60928,0,192,0,128,512,1,1,512,48,1
"KERNEL_DISPATCH","Agent 2",1,0,220354,4722,21,"gdn_chunk_kkt_solve",4722,9377161300441,9377161323441,11776,0,104,0,128,128,1,1,1024,16,1
"KERNEL_DISPATCH","Agent 2",1,0,220354,4717,22,"gdn_chunk_scan",4717,9377160933876,9377161037077,60928,0,192,0,128,512,1,1,512,48,1
"KERNEL_DISPATCH","Agent 2",1,0,220354,4712,24,"gemm_mq4g256v2_residual_mmq_iu4_full_set_symfold",4712,9377157771276,9377159862342,0,0,184,0,128,256,1,1,12288,64,1
"KERNEL_DISPATCH","Agent 2",1,0,220354,4707,24,"gemm_mq4g256v2_residual_mmq_iu4_full_set_symfold",4707,9377139796450,9377145614323,0,0,184,0,128,256,1,1,34816,64,1
"KERNEL_DISPATCH","Agent 2",1,0,220354,4702,22,"gdn_chunk_scan",4702,9377130078647,9377130176328,60928,0,192,0,128,512,1,1,512,48,1
"KERNEL_DISPATCH","Agent 2",1,0,220354,4697,21,"gdn_chunk_kkt_solve",4697,9377129797084,9377129819604,11776,0,104,0,128,128,1,1,1024,16,1
"KERNEL_DISPATCH","Agent 2",1,0,220354,4692,22,"gdn_chunk_scan",4692,9377129439799,9377129538560,60928,0,192,0,128,512,1,1,512,48,1
"KERNEL_DISPATCH","Agent 2",1,0,220354,4687,21,"gdn_chunk_kkt_solve",4687,9377129158676,9377129180796,11776,0,104,0,128,128,1,1,1024,16,1
"KERNEL_DISPATCH","Agent 2",1,0,220354,4682,22,"gdn_chunk_scan",4682,9377128800591,9377128899592,60928,0,192,0,128,512,1,1,512,48,1
"KERNEL_DISPATCH","Agent 2",1,0,220354,4677,21,"gdn_chunk_kkt_solve",4677,9377128516307,9377128539188,11776,0,104,0,128,128,1,1,1024,16,1
"KERNEL_DISPATCH","Agent 2",1,0,220354,4672,22,"gdn_chunk_scan",4672,9377128155103,9377128256984,60928,0,192,0,128,512,1,1,512,48,1
"KERNEL_DISPATCH","Agent 2",1,0,220354,4667,24,"gemm_mq4g256v2_residual_mmq_iu4_full_set_symfold",4667,9377125013463,9377127082609,0,0,184,0,128,256,1,1,12288,64,1
"KERNEL_DISPATCH","Agent 2",1,0,220354,1774,21,"gdn_chunk_kkt_solve",1774,9375151987325,9375152010045,11776,0,104,0,128,128,1,1,1024,16,1
"KERNEL_DISPATCH","Agent 2",1,0,220354,4662,24,"gemm_mq4g256v2_residual_mmq_iu4_full_set_symfold",4662,9377107316440,9377112981912,0,0,184,0,128,256,1,1,34816,64,1
"KERNEL_DISPATCH","Agent 2",1,0,220354,1769,20,"gdn_chunk_prep",1769,9375150821070,9375151724522,0,0,72,0,128,256,1,1,32768,10,1
"KERNEL_DISPATCH","Agent 2",1,0,220354,4657,43,"attention_fp8_e4m3_fa2_gqa_packet_gfx1201",4657,9377086085773,9377098465089,0,0,240,0,128,256,1,1,6144,4,16
"KERNEL_DISPATCH","Agent 2",1,0,220354,1764,23,"fused_rmsnorm_mq_rotate_awq_i4_gfx12",1764,9375144638192,9375145105518,0,0,96,0,128,256,1,1,2097152,1,1
"KERNEL_DISPATCH","Agent 2",1,0,220354,1759,23,"fused_rmsnorm_mq_rotate_awq_i4_gfx12",1759,9375124702461,9375125137707,0,0,96,0,128,256,1,1,2097152,1,1
"KERNEL_DISPATCH","Agent 2",1,0,220354,4652,30,"deinterleave_q_rmsnorm_f32_batched",4652,9377083910825,9377085307523,0,0,24,0,128,256,1,1,6144,8192,1
"KERNEL_DISPATCH","Agent 2",1,0,220354,4647,25,"gemm_mq4g256v2_residual_mmq_iu4_full_add_symfold",4647,9377072467521,9377078556198,0,0,184,0,128,256,1,1,10240,64,1
"KERNEL_DISPATCH","Agent 2",1,0,220354,1754,35,"kv_cache_write_fp8_e4m3_batched",1754,9375109426429,9375109492070,0,0,56,0,128,32,1,1,128,8192,1
"KERNEL_DISPATCH","Agent 2",1,0,220354,4642,25,"gemm_mq4g256v2_residual_mmq_iu4_full_add_symfold",4642,9377055955233,9377058133501,0,0,184,0,128,256,1,1,10240,64,1
"KERNEL_DISPATCH","Agent 2",1,0,220354,1749,24,"gemm_mq4g256v2_residual_mmq_iu4_full_set_symfold",1749,9375106702514,9375107056359,0,0,184,0,128,256,1,1,2048,64,1
"KERNEL_DISPATCH","Agent 2",1,0,220354,1744,24,"gemm_mq4g256v2_residual_mmq_iu4_full_set_symfold",1744,9375088043959,9375093864713,0,0,184,0,128,256,1,1,34816,64,1
"KERNEL_DISPATCH","Agent 2",1,0,220354,1739,22,"gdn_chunk_scan",1739,9375078511879,9375078609560,60928,0,192,0,128,512,1,1,512,48,1
"KERNEL_DISPATCH","Agent 2",1,0,220354,1734,21,"gdn_chunk_kkt_solve",1734,9375078231796,9375078254116,11776,0,104,0,128,128,1,1,1024,16,1
"KERNEL_DISPATCH","Agent 2",1,0,220354,4637,21,"gdn_chunk_kkt_solve",4637,9377054691337,9377054713938,11776,0,104,0,128,128,1,1,1024,16,1
"KERNEL_DISPATCH","Agent 2",1,0,220354,4632,22,"gdn_chunk_scan",4632,9377054331533,9377054430574,60928,0,192,0,128,512,1,1,512,48,1
"KERNEL_DISPATCH","Agent 2",1,0,220354,1729,22,"gdn_chunk_scan",1729,9375077876231,9375077974632,60928,0,192,0,128,512,1,1,512,48,1
"KERNEL_DISPATCH","Agent 2",1,0,220354,4627,21,"gdn_chunk_kkt_solve",4627,9377054047369,9377054070050,11776,0,104,0,128,128,1,1,1024,16,1
"KERNEL_DISPATCH","Agent 2",1,0,220354,4622,22,"gdn_chunk_scan",4622,9377053683325,9377053783606,60928,0,192,0,128,512,1,1,512,48,1
"KERNEL_DISPATCH","Agent 2",1,0,220354,4617,21,"gdn_chunk_kkt_solve",4617,9377053396921,9377053420081,11776,0,104,0,128,128,1,1,1024,16,1
"KERNEL_DISPATCH","Agent 2",1,0,220354,4612,22,"gdn_chunk_scan",4612,9377053032556,9377053132798,60928,0,192,0,128,512,1,1,512,48,1
"KERNEL_DISPATCH","Agent 2",1,0,220354,4607,24,"gemm_mq4g256v2_residual_mmq_iu4_full_set_symfold",4607,9377051903942,9377051963623,0,0,184,0,128,256,1,1,256,64,1
"KERNEL_DISPATCH","Agent 2",1,0,220354,4602,25,"gemm_mq4g256v2_residual_mmq_iu4_full_add_symfold",4602,9377039741789,9377045721304,0,0,184,0,128,256,1,1,10240,64,1
"KERNEL_DISPATCH","Agent 2",1,0,220354,4597,25,"gemm_mq4g256v2_residual_mmq_iu4_full_add_symfold",4597,9377023151100,9377025350808,0,0,184,0,128,256,1,1,10240,64,1
"KERNEL_DISPATCH","Agent 2",1,0,220354,4592,21,"gdn_chunk_kkt_solve",4592,9377021888804,9377021911484,11776,0,104,0,128,128,1,1,1024,16,1
"KERNEL_DISPATCH","Agent 2",1,0,220354,4587,22,"gdn_chunk_scan",4587,9377021530240,9377021628921,60928,0,192,0,128,512,1,1,512,48,1
"KERNEL_DISPATCH","Agent 2",1,0,220354,4582,21,"gdn_chunk_kkt_solve",4582,9377021247836,9377021270316,11776,0,104,0,128,128,1,1,1024,16,1
"KERNEL_DISPATCH","Agent 2",1,0,220354,4577,22,"gdn_chunk_scan",4577,9377020887191,9377020986913,60928,0,192,0,128,512,1,1,512,48,1
"KERNEL_DISPATCH","Agent 2",1,0,220354,4572,21,"gdn_chunk_kkt_solve",4572,9377020601588,9377020624388,11776,0,104,0,128,128,1,1,1024,16,1
"KERNEL_DISPATCH","Agent 2",1,0,220354,4567,22,"gdn_chunk_scan",4567,9377020240863,9377020339425,60928,0,192,0,128,512,1,1,512,48,1
"KERNEL_DISPATCH","Agent 2",1,0,220354,4562,24,"gemm_mq4g256v2_residual_mmq_iu4_full_set_symfold",4562,9377019113809,9377019173570,0,0,184,0,128,256,1,1,256,64,1
"KERNEL_DISPATCH","Agent 2",1,0,220354,4557,25,"gemm_mq4g256v2_residual_mmq_iu4_full_add_symfold",4557,9377006933536,9377012981892,0,0,184,0,128,256,1,1,10240,64,1
"KERNEL_DISPATCH","Agent 2",1,0,220354,1724,21,"gdn_chunk_kkt_solve",1724,9375077594108,9375077616548,11776,0,104,0,128,128,1,1,1024,16,1
"KERNEL_DISPATCH","Agent 2",1,0,220354,4552,25,"gemm_mq4g256v2_residual_mmq_iu4_full_add_symfold",4552,9376990443008,9376992619915,0,0,184,0,128,256,1,1,10240,64,1
"KERNEL_DISPATCH","Agent 2",1,0,220354,4547,21,"gdn_chunk_kkt_solve",4547,9376989193432,9376989215752,11776,0,104,0,128,128,1,1,1024,16,1
"KERNEL_DISPATCH","Agent 2",1,0,220354,4542,22,"gdn_chunk_scan",4542,9376988837548,9376988936149,60928,0,192,0,128,512,1,1,512,48,1
"KERNEL_DISPATCH","Agent 2",1,0,220354,4537,21,"gdn_chunk_kkt_solve",4537,9376988555024,9376988577464,11776,0,104,0,128,128,1,1,1024,16,1
"KERNEL_DISPATCH","Agent 2",1,0,220354,4532,22,"gdn_chunk_scan",4532,9376988196980,9376988295501,60928,0,192,0,128,512,1,1,512,48,1
"KERNEL_DISPATCH","Agent 2",1,0,220354,4527,21,"gdn_chunk_kkt_solve",4527,9376987913776,9376987936576,11776,0,104,0,128,128,1,1,1024,16,1
"KERNEL_DISPATCH","Agent 2",1,0,220354,4522,22,"gdn_chunk_scan",4522,9376987553251,9376987651613,60928,0,192,0,128,512,1,1,512,48,1
"KERNEL_DISPATCH","Agent 2",1,0,220354,4517,24,"gemm_mq4g256v2_residual_mmq_iu4_full_set_symfold",4517,9376986428877,9376986487958,0,0,184,0,128,256,1,1,256,64,1
"KERNEL_DISPATCH","Agent 2",1,0,220354,4512,25,"gemm_mq4g256v2_residual_mmq_iu4_full_add_symfold",4512,9376974420086,9376980341641,0,0,184,0,128,256,1,1,10240,64,1
"KERNEL_DISPATCH","Agent 2",1,0,220354,4507,25,"gemm_mq4g256v2_residual_mmq_iu4_full_add_symfold",4507,9376958514006,9376960558551,0,0,184,0,128,256,1,1,10240,64,1
"KERNEL_DISPATCH","Agent 2",1,0,220354,4502,33,"rope_partial_halfsplit_batched_f32",4502,9376944691271,9376945054796,0,0,16,0,128,32,1,1,32,8192,1
"KERNEL_DISPATCH","Agent 2",1,0,220354,4497,24,"gemm_mq4g256v2_residual_mmq_iu4_full_set_symfold",4497,9376938133269,9376942311441,0,0,184,0,128,256,1,1,24576,64,1
"KERNEL_DISPATCH","Agent 2",1,0,220354,1719,22,"gdn_chunk_scan",1719,9375077235423,9375077333904,60928,0,192,0,128,512,1,1,512,48,1
"KERNEL_DISPATCH","Agent 2",1,0,220354,1714,21,"gdn_chunk_kkt_solve",1714,9375076954260,9375076976660,11776,0,104,0,128,128,1,1,1024,16,1
"KERNEL_DISPATCH","Agent 2",1,0,220354,1709,22,"gdn_chunk_scan",1709,9375076591855,9375076694096,60928,0,192,0,128,512,1,1,512,48,1
"KERNEL_DISPATCH","Agent 2",1,0,220354,1704,24,"gemm_mq4g256v2_residual_mmq_iu4_full_set_symfold",1704,9375073429815,9375075515682,0,0,184,0,128,256,1,1,12288,64,1
"KERNEL_DISPATCH","Agent 2",1,0,220354,1699,24,"gemm_mq4g256v2_residual_mmq_iu4_full_set_symfold",1699,9375055345787,9375061178861,0,0,184,0,128,256,1,1,34816,64,1
"KERNEL_DISPATCH","Agent 2",1,0,220354,4492,24,"gemm_mq4g256v2_residual_mmq_iu4_full_set_symfold",4492,9376917798613,9376923625646,0,0,184,0,128,256,1,1,34816,64,1
"KERNEL_DISPATCH","Agent 2",1,0,220354,1694,22,"gdn_chunk_scan",1694,9375045764827,9375045863788,60928,0,192,0,128,512,1,1,512,48,1
"KERNEL_DISPATCH","Agent 2",1,0,220354,4487,21,"gdn_chunk_kkt_solve",4487,9376914015085,9376914037925,11776,0,104,0,128,128,1,1,1024,16,1
"KERNEL_DISPATCH","Agent 2",1,0,220354,4482,22,"gdn_chunk_scan",4482,9376913656280,9376913754642,60928,0,192,0,128,512,1,1,512,48,1
"KERNEL_DISPATCH","Agent 2",1,0,220354,1689,21,"gdn_chunk_kkt_solve",1689,9375045483303,9375045505783,11776,0,104,0,128,128,1,1,1024,16,1
"KERNEL_DISPATCH","Agent 2",1,0,220354,4477,21,"gdn_chunk_kkt_solve",4477,9376913372677,9376913395037,11776,0,104,0,128,128,1,1,1024,16,1
"KERNEL_DISPATCH","Agent 2",1,0,220354,4472,22,"gdn_chunk_scan",4472,9376913013232,9376913112114,60928,0,192,0,128,512,1,1,512,48,1
"KERNEL_DISPATCH","Agent 2",1,0,220354,1684,22,"gdn_chunk_scan",1684,9375045126019,9375045224780,60928,0,192,0,128,512,1,1,512,48,1
"KERNEL_DISPATCH","Agent 2",1,0,220354,1679,21,"gdn_chunk_kkt_solve",1679,9375044843095,9375044865895,11776,0,104,0,128,128,1,1,1024,16,1
"KERNEL_DISPATCH","Agent 2",1,0,220354,4467,21,"gdn_chunk_kkt_solve",4467,9376912727629,9376912750389,11776,0,104,0,128,128,1,1,1024,16,1
"KERNEL_DISPATCH","Agent 2",1,0,220354,1674,22,"gdn_chunk_scan",1674,9375044480731,9375044580572,60928,0,192,0,128,512,1,1,512,48,1
"KERNEL_DISPATCH","Agent 2",1,0,220354,4462,22,"gdn_chunk_scan",4462,9376912366104,9376912465065,60928,0,192,0,128,512,1,1,512,48,1
"KERNEL_DISPATCH","Agent 2",1,0,220354,1669,21,"gdn_chunk_kkt_solve",1669,9375044196047,9375044218967,11776,0,104,0,128,128,1,1,1024,16,1
"KERNEL_DISPATCH","Agent 2",1,0,220354,4457,21,"gdn_chunk_kkt_solve",4457,9376912078221,9376912101181,11776,0,104,0,128,128,1,1,1024,16,1
"KERNEL_DISPATCH","Agent 2",1,0,220354,1664,22,"gdn_chunk_scan",1664,9375043832802,9375043935524,60928,0,192,0,128,512,1,1,512,48,1
"KERNEL_DISPATCH","Agent 2",1,0,220354,4452,24,"gemm_mq4g256v2_residual_mmq_iu4_full_set_symfold",4452,9376905449937,9376908942821,0,0,184,0,128,256,1,1,20480,64,1
"KERNEL_DISPATCH","Agent 2",1,0,220354,1659,24,"gemm_mq4g256v2_residual_mmq_iu4_full_set_symfold",1659,9375040682003,9375042762989,0,0,184,0,128,256,1,1,12288,64,1
"KERNEL_DISPATCH","Agent 2",1,0,220354,4447,24,"gemm_mq4g256v2_residual_mmq_iu4_full_set_symfold",4447,9376885065560,9376890880513,0,0,184,0,128,256,1,1,34816,64,1
"KERNEL_DISPATCH","Agent 2",1,0,220354,1654,24,"gemm_mq4g256v2_residual_mmq_iu4_full_set_symfold",1654,9375022674216,9375028497089,0,0,184,0,128,256,1,1,34816,64,1
"KERNEL_DISPATCH","Agent 2",1,0,220354,1649,22,"gdn_chunk_scan",1649,9375012980454,9375013078375,60928,0,192,0,128,512,1,1,512,48,1
"KERNEL_DISPATCH","Agent 2",1,0,220354,4442,21,"gdn_chunk_kkt_solve",4442,9376881282953,9376881305593,11776,0,104,0,128,128,1,1,1024,16,1
"KERNEL_DISPATCH","Agent 2",1,0,220354,4437,22,"gdn_chunk_scan",4437,9376880925188,9376881024869,60928,0,192,0,128,512,1,1,512,48,1
"KERNEL_DISPATCH","Agent 2",1,0,220354,4432,21,"gdn_chunk_kkt_solve",4432,9376880641064,9376880663785,11776,0,104,0,128,128,1,1,1024,16,1
"KERNEL_DISPATCH","Agent 2",1,0,220354,1644,21,"gdn_chunk_kkt_solve",1644,9375012699530,9375012721930,11776,0,104,0,128,128,1,1,1024,16,1
"KERNEL_DISPATCH","Agent 2",1,0,220354,4427,22,"gdn_chunk_scan",4427,9376880280580,9376880379461,60928,0,192,0,128,512,1,1,512,48,1
"KERNEL_DISPATCH","Agent 2",1,0,220354,1639,22,"gdn_chunk_scan",1639,9375012342606,9375012441047,60928,0,192,0,128,512,1,1,512,48,1
"KERNEL_DISPATCH","Agent 2",1,0,220354,4422,21,"gdn_chunk_kkt_solve",4422,9376879996856,9376880019497,11776,0,104,0,128,128,1,1,1024,16,1
"KERNEL_DISPATCH","Agent 2",1,0,220354,1634,21,"gdn_chunk_kkt_solve",1634,9375012061162,9375012084122,11776,0,104,0,128,128,1,1,1024,16,1
"KERNEL_DISPATCH","Agent 2",1,0,220354,1629,22,"gdn_chunk_scan",1629,9375011701798,9375011801719,60928,0,192,0,128,512,1,1,512,48,1
"KERNEL_DISPATCH","Agent 2",1,0,220354,4417,22,"gdn_chunk_scan",4417,9376879635972,9376879735213,60928,0,192,0,128,512,1,1,512,48,1
"KERNEL_DISPATCH","Agent 2",1,0,220354,1624,21,"gdn_chunk_kkt_solve",1624,9375011418594,9375011441514,11776,0,104,0,128,128,1,1,1024,16,1
"KERNEL_DISPATCH","Agent 2",1,0,220354,4412,21,"gdn_chunk_kkt_solve",4412,9376879348088,9376879370808,11776,0,104,0,128,128,1,1,1024,16,1
"KERNEL_DISPATCH","Agent 2",1,0,220354,4407,24,"gemm_mq4g256v2_residual_mmq_iu4_full_set_symfold",4407,9376872734245,9376876217089,0,0,184,0,128,256,1,1,20480,64,1
"KERNEL_DISPATCH","Agent 2",1,0,220354,4402,24,"gemm_mq4g256v2_residual_mmq_iu4_full_set_symfold",4402,9376852206306,9376858148461,0,0,184,0,128,256,1,1,34816,64,1
"KERNEL_DISPATCH","Agent 2",1,0,220354,4397,21,"gdn_chunk_kkt_solve",4397,9376848367498,9376848390058,11776,0,104,0,128,128,1,1,1024,16,1
"KERNEL_DISPATCH","Agent 2",1,0,220354,4392,22,"gdn_chunk_scan",4392,9376848011013,9376848109135,60928,0,192,0,128,512,1,1,512,48,1
"KERNEL_DISPATCH","Agent 2",1,0,220354,4258,24,"gemm_mq4g256v2_residual_mmq_iu4_full_set_symfold",4258,9376737488701,9376737547902,0,0,184,0,128,256,1,1,256,64,1
"KERNEL_DISPATCH","Agent 2",1,0,220354,4387,21,"gdn_chunk_kkt_solve",4387,9376847728210,9376847750770,11776,0,104,0,128,128,1,1,1024,16,1
"KERNEL_DISPATCH","Agent 2",1,0,220354,4382,22,"gdn_chunk_scan",4382,9376847368565,9376847467047,60928,0,192,0,128,512,1,1,512,48,1
"KERNEL_DISPATCH","Agent 2",1,0,220354,4377,21,"gdn_chunk_kkt_solve",4377,9376847084842,9376847107402,11776,0,104,0,128,128,1,1,1024,16,1
"KERNEL_DISPATCH","Agent 2",1,0,220354,4253,25,"gemm_mq4g256v2_residual_mmq_iu4_full_add_symfold",4253,9376725240067,9376731341583,0,0,184,0,128,256,1,1,10240,64,1
"KERNEL_DISPATCH","Agent 2",1,0,220354,4248,25,"gemm_mq4g256v2_residual_mmq_iu4_full_add_symfold",4248,9376708616937,9376710781964,0,0,184,0,128,256,1,1,10240,64,1
"KERNEL_DISPATCH","Agent 2",1,0,220354,4372,22,"gdn_chunk_scan",4372,9376846718397,9376846817238,60928,0,192,0,128,512,1,1,512,48,1
"KERNEL_DISPATCH","Agent 2",1,0,220354,4367,21,"gdn_chunk_kkt_solve",4367,9376846430913,9376846453874,11776,0,104,0,128,128,1,1,1024,16,1
"KERNEL_DISPATCH","Agent 2",1,0,220354,4243,21,"gdn_chunk_kkt_solve",4243,9376707352881,9376707375601,11776,0,104,0,128,128,1,1,1024,16,1
"KERNEL_DISPATCH","Agent 2",1,0,220354,4238,22,"gdn_chunk_scan",4238,9376706995517,9376707093838,60928,0,192,0,128,512,1,1,512,48,1
"KERNEL_DISPATCH","Agent 2",1,0,220354,4362,24,"gemm_mq4g256v2_residual_mmq_iu4_full_set_symfold",4362,9376839853911,9376843301514,0,0,184,0,128,256,1,1,20480,64,1
"KERNEL_DISPATCH","Agent 2",1,0,220354,4357,24,"gemm_mq4g256v2_residual_mmq_iu4_full_set_symfold",4357,9376819983460,9376825615811,0,0,184,0,128,256,1,1,34816,64,1
"KERNEL_DISPATCH","Agent 2",1,0,220354,4233,21,"gdn_chunk_kkt_solve",4233,9376706710473,9376706733273,11776,0,104,0,128,128,1,1,1024,16,1
"KERNEL_DISPATCH","Agent 2",1,0,220354,4352,35,"kv_cache_write_fp8_e4m3_batched",4352,9376804209262,9376804298383,0,0,56,0,128,32,1,1,128,8192,1
"KERNEL_DISPATCH","Agent 2",1,0,220354,4347,24,"gemm_mq4g256v2_residual_mmq_iu4_full_set_symfold",4347,9376801766311,9376802121275,0,0,184,0,128,256,1,1,2048,64,1
"KERNEL_DISPATCH","Agent 2",1,0,220354,4228,22,"gdn_chunk_scan",4228,9376706350349,9376706449270,60928,0,192,0,128,512,1,1,512,48,1
"KERNEL_DISPATCH","Agent 2",1,0,220354,4223,21,"gdn_chunk_kkt_solve",4223,9376706066465,9376706089105,11776,0,104,0,128,128,1,1,1024,16,1
"KERNEL_DISPATCH","Agent 2",1,0,220354,4342,29,"fused_silu_mul_mq_rotate_awq_i4_gfx12",4342,9376788639865,9376790744412,0,0,56,0,128,32,1,1,2176,8192,1
"KERNEL_DISPATCH","Agent 2",1,0,220354,4337,28,"gated_norm_mq_rotate_awq_i4_gfx12",4337,9376773316232,9376774305645,1024,0,40,0,128,64,1,1,1536,8192,1
"KERNEL_DISPATCH","Agent 2",1,0,220354,4218,22,"gdn_chunk_scan",4218,9376705704940,9376705803622,60928,0,192,0,128,512,1,1,512,48,1
"KERNEL_DISPATCH","Agent 2",1,0,220354,4332,22,"gdn_chunk_scan",4332,9376772958028,9376773056869,60928,0,192,0,128,512,1,1,512,48,1
"KERNEL_DISPATCH","Agent 2",1,0,220354,4213,24,"gemm_mq4g256v2_residual_mmq_iu4_full_set_symfold",4213,9376704578046,9376704636487,0,0,184,0,128,256,1,1,256,64,1
"KERNEL_DISPATCH","Agent 2",1,0,220354,4327,21,"gdn_chunk_kkt_solve",4327,9376772673664,9376772696464,11776,0,104,0,128,128,1,1,1024,16,1
"KERNEL_DISPATCH","Agent 2",1,0,220354,4208,25,"gemm_mq4g256v2_residual_mmq_iu4_full_add_symfold",4208,9376692572495,9376698503570,0,0,184,0,128,256,1,1,10240,64,1
"KERNEL_DISPATCH","Agent 2",1,0,220354,4322,22,"gdn_chunk_scan",4322,9376772312020,9376772411981,60928,0,192,0,128,512,1,1,512,48,1
"KERNEL_DISPATCH","Agent 2",1,0,220354,4317,21,"gdn_chunk_kkt_solve",4317,9376772028056,9376772051096,11776,0,104,0,128,128,1,1,1024,16,1
"KERNEL_DISPATCH","Agent 2",1,0,220354,4203,25,"gemm_mq4g256v2_residual_mmq_iu4_full_add_symfold",4203,9376676585534,9376678634399,0,0,184,0,128,256,1,1,10240,64,1
"KERNEL_DISPATCH","Agent 2",1,0,220354,4198,33,"rope_partial_halfsplit_batched_f32",4198,9376662874441,9376663237365,0,0,16,0,128,32,1,1,32,8192,1
"KERNEL_DISPATCH","Agent 2",1,0,220354,4312,22,"gdn_chunk_scan",4312,9376771663131,9376771763253,60928,0,192,0,128,512,1,1,512,48,1
"KERNEL_DISPATCH","Agent 2",1,0,220354,4193,24,"gemm_mq4g256v2_residual_mmq_iu4_full_set_symfold",4193,9376656328078,9376660499291,0,0,184,0,128,256,1,1,24576,64,1
"KERNEL_DISPATCH","Agent 2",1,0,220354,4188,24,"gemm_mq4g256v2_residual_mmq_iu4_full_set_symfold",4188,9376635923021,9376641748215,0,0,184,0,128,256,1,1,34816,64,1
"KERNEL_DISPATCH","Agent 2",1,0,220354,4307,21,"gdn_chunk_kkt_solve",4307,9376771377328,9376771400368,11776,0,104,0,128,128,1,1,1024,16,1
"KERNEL_DISPATCH","Agent 2",1,0,220354,4183,21,"gdn_chunk_kkt_solve",4183,9376632152294,9376632174654,11776,0,104,0,128,128,1,1,1024,16,1
"KERNEL_DISPATCH","Agent 2",1,0,220354,4178,22,"gdn_chunk_scan",4178,9376631794329,9376631893210,60928,0,192,0,128,512,1,1,512,48,1
"KERNEL_DISPATCH","Agent 2",1,0,220354,4173,21,"gdn_chunk_kkt_solve",4173,9376631510966,9376631533326,11776,0,104,0,128,128,1,1,1024,16,1
"KERNEL_DISPATCH","Agent 2",1,0,220354,4168,22,"gdn_chunk_scan",4168,9376631152161,9376631250322,60928,0,192,0,128,512,1,1,512,48,1
"KERNEL_DISPATCH","Agent 2",1,0,220354,4163,21,"gdn_chunk_kkt_solve",4163,9376630868278,9376630890838,11776,0,104,0,128,128,1,1,1024,16,1
"KERNEL_DISPATCH","Agent 2",1,0,220354,1619,22,"gdn_chunk_scan",1619,9375011057469,9375011159151,60928,0,192,0,128,512,1,1,512,48,1
"KERNEL_DISPATCH","Agent 2",1,0,220354,1614,24,"gemm_mq4g256v2_residual_mmq_iu4_full_set_symfold",1614,9375007926110,9375009987896,0,0,184,0,128,256,1,1,12288,64,1
"KERNEL_DISPATCH","Agent 2",1,0,220354,971,22,"gdn_chunk_scan",971,9374380423764,9374380516045,60928,0,192,0,128,512,1,1,512,48,1
"KERNEL_DISPATCH","Agent 2",1,0,220354,4158,22,"gdn_chunk_scan",4158,9376630506233,9376630605354,60928,0,192,0,128,512,1,1,512,48,1
"KERNEL_DISPATCH","Agent 2",1,0,220354,966,21,"gdn_chunk_kkt_solve",966,9374380158961,9374380180361,11776,0,104,0,128,128,1,1,1024,16,1
"KERNEL_DISPATCH","Agent 2",1,0,220354,1609,24,"gemm_mq4g256v2_residual_mmq_iu4_full_set_symfold",1609,9374990200207,9374995843758,0,0,184,0,128,256,1,1,34816,64,1
"KERNEL_DISPATCH","Agent 2",1,0,220354,4153,21,"gdn_chunk_kkt_solve",4153,9376630217909,9376630240750,11776,0,104,0,128,128,1,1,1024,16,1
"KERNEL_DISPATCH","Agent 2",1,0,220354,4148,24,"gemm_mq4g256v2_residual_mmq_iu4_full_set_symfold",4148,9376623573586,9376627078910,0,0,184,0,128,256,1,1,20480,64,1
"KERNEL_DISPATCH","Agent 2",1,0,220354,961,22,"gdn_chunk_scan",961,9374379821756,9374379915118,60928,0,192,0,128,512,1,1,512,48,1
"KERNEL_DISPATCH","Agent 2",1,0,220354,1604,43,"attention_fp8_e4m3_fa2_gqa_packet_gfx1201",1604,9374968949539,9374981343375,0,0,240,0,128,256,1,1,6144,4,16
"KERNEL_DISPATCH","Agent 2",1,0,220354,4143,24,"gemm_mq4g256v2_residual_mmq_iu4_full_set_symfold",4143,9376603036647,9376608984322,0,0,184,0,128,256,1,1,34816,64,1
"KERNEL_DISPATCH","Agent 2",1,0,220354,956,21,"gdn_chunk_kkt_solve",956,9374379551193,9374379573153,11776,0,104,0,128,128,1,1,1024,16,1
"KERNEL_DISPATCH","Agent 2",1,0,220354,4138,21,"gdn_chunk_kkt_solve",4138,9376599227119,9376599249479,11776,0,104,0,128,128,1,1,1024,16,1
"KERNEL_DISPATCH","Agent 2",1,0,220354,951,22,"gdn_chunk_scan",951,9374379209669,9374379303390,60928,0,192,0,128,512,1,1,512,48,1
"KERNEL_DISPATCH","Agent 2",1,0,220354,946,24,"gemm_mq4g256v2_residual_mmq_iu4_full_set_symfold",946,9374378095935,9374378152135,0,0,184,0,128,256,1,1,256,64,1
"KERNEL_DISPATCH","Agent 2",1,0,220354,941,25,"gemm_mq4g256v2_residual_mmq_iu4_full_add_symfold",941,9374366634950,9374372287301,0,0,184,0,128,256,1,1,10240,64,1
"KERNEL_DISPATCH","Agent 2",1,0,220354,936,25,"gemm_mq4g256v2_residual_mmq_iu4_full_add_symfold",936,9374350668549,9374352768856,0,0,184,0,128,256,1,1,10240,64,1
"KERNEL_DISPATCH","Agent 2",1,0,220354,931,21,"gdn_chunk_kkt_solve",931,9374349485734,9374349507094,11776,0,104,0,128,128,1,1,1024,16,1
"KERNEL_DISPATCH","Agent 2",1,0,220354,926,22,"gdn_chunk_scan",926,9374349148010,9374349240731,60928,0,192,0,128,512,1,1,512,48,1
"KERNEL_DISPATCH","Agent 2",1,0,220354,921,21,"gdn_chunk_kkt_solve",921,9374348880727,9374348902207,11776,0,104,0,128,128,1,1,1024,16,1
"KERNEL_DISPATCH","Agent 2",1,0,220354,916,22,"gdn_chunk_scan",916,9374348540482,9374348633723,60928,0,192,0,128,512,1,1,512,48,1
"KERNEL_DISPATCH","Agent 2",1,0,220354,911,21,"gdn_chunk_kkt_solve",911,9374348272039,9374348293599,11776,0,104,0,128,128,1,1,1024,16,1
"KERNEL_DISPATCH","Agent 2",1,0,220354,906,22,"gdn_chunk_scan",906,9374347932075,9374348024636,60928,0,192,0,128,512,1,1,512,48,1
"KERNEL_DISPATCH","Agent 2",1,0,220354,901,24,"gemm_mq4g256v2_residual_mmq_iu4_full_set_symfold",901,9374346808340,9374346870261,0,0,184,0,128,256,1,1,256,64,1
"KERNEL_DISPATCH","Agent 2",1,0,220354,902,20,"gdn_chunk_prep",902,9374346873941,9374347775313,0,0,72,0,128,256,1,1,32768,10,1
"KERNEL_DISPATCH","Agent 2",1,0,220354,907,21,"gdn_chunk_kkt_solve",907,9374348027956,9374348049516,11776,0,104,0,128,128,1,1,1024,16,1
"KERNEL_DISPATCH","Agent 2",1,0,220354,4302,24,"gemm_mq4g256v2_residual_mmq_iu4_full_set_symfold",4302,9376770209713,9376770270834,0,0,184,0,128,256,1,1,256,64,1
"KERNEL_DISPATCH","Agent 2",1,0,220354,912,22,"gdn_chunk_scan",912,9374348296959,9374348390200,60928,0,192,0,128,512,1,1,512,48,1
"KERNEL_DISPATCH","Agent 2",1,0,220354,4297,29,"fused_silu_mul_mq_rotate_awq_i4_gfx12",4297,9376756008814,9376758116081,0,0,56,0,128,32,1,1,2176,8192,1
"KERNEL_DISPATCH","Agent 2",1,0,220354,4292,28,"gated_norm_mq_rotate_awq_i4_gfx12",4292,9376740527099,9376741524872,1024,0,40,0,128,64,1,1,1536,8192,1
"KERNEL_DISPATCH","Agent 2",1,0,220354,4287,22,"gdn_chunk_scan",4287,9376740163215,9376740261696,60928,0,192,0,128,512,1,1,512,48,1
"KERNEL_DISPATCH","Agent 2",1,0,220354,4282,21,"gdn_chunk_kkt_solve",4282,9376739880011,9376739902971,11776,0,104,0,128,128,1,1,1024,16,1
"KERNEL_DISPATCH","Agent 2",1,0,220354,4277,22,"gdn_chunk_scan",4277,9376739520206,9376739618968,60928,0,192,0,128,512,1,1,512,48,1
"KERNEL_DISPATCH","Agent 2",1,0,220354,4272,21,"gdn_chunk_kkt_solve",4272,9376739236523,9376739259203,11776,0,104,0,128,128,1,1,1024,16,1
"KERNEL_DISPATCH","Agent 2",1,0,220354,4267,22,"gdn_chunk_scan",4267,9376738875038,9376738974960,60928,0,192,0,128,512,1,1,512,48,1
"KERNEL_DISPATCH","Agent 2",1,0,220354,4262,21,"gdn_chunk_kkt_solve",4262,9376738588155,9376738611035,11776,0,104,0,128,128,1,1,1024,16,1
"KERNEL_DISPATCH","Agent 2",1,0,220354,4257,24,"gemm_mq4g256v2_residual_mmq_iu4_full_set_symfold",4257,9376737424060,9376737485061,0,0,184,0,128,256,1,1,256,64,1
"KERNEL_DISPATCH","Agent 2",1,0,220354,4252,29,"fused_silu_mul_mq_rotate_awq_i4_gfx12",4252,9376723116960,9376725227706,0,0,56,0,128,32,1,1,2176,8192,1
"KERNEL_DISPATCH","Agent 2",1,0,220354,4247,28,"gated_norm_mq_rotate_awq_i4_gfx12",4247,9376707609524,9376708604617,1024,0,40,0,128,64,1,1,1536,8192,1
"KERNEL_DISPATCH","Agent 2",1,0,220354,4242,22,"gdn_chunk_scan",4242,9376707251360,9376707349401,60928,0,192,0,128,512,1,1,512,48,1
"KERNEL_DISPATCH","Agent 2",1,0,220354,1599,30,"deinterleave_q_rmsnorm_f32_batched",1599,9374966770951,9374968176209,0,0,24,0,128,256,1,1,6144,8192,1
"KERNEL_DISPATCH","Agent 2",1,0,220354,4237,21,"gdn_chunk_kkt_solve",4237,9376706968876,9376706991957,11776,0,104,0,128,128,1,1,1024,16,1
"KERNEL_DISPATCH","Agent 2",1,0,220354,1594,25,"gemm_mq4g256v2_residual_mmq_iu4_full_add_symfold",1594,9374955392408,9374961401084,0,0,184,0,128,256,1,1,10240,64,1
"KERNEL_DISPATCH","Agent 2",1,0,220354,4133,22,"gdn_chunk_scan",4133,9376598870234,9376598968956,60928,0,192,0,128,512,1,1,512,48,1
"KERNEL_DISPATCH","Agent 2",1,0,220354,4232,22,"gdn_chunk_scan",4232,9376706607592,9376706707033,60928,0,192,0,128,512,1,1,512,48,1
"KERNEL_DISPATCH","Agent 2",1,0,220354,1589,25,"gemm_mq4g256v2_residual_mmq_iu4_full_add_symfold",1589,9374938982961,9374941132468,0,0,184,0,128,256,1,1,10240,64,1
"KERNEL_DISPATCH","Agent 2",1,0,220354,4227,21,"gdn_chunk_kkt_solve",4227,9376706324108,9376706346869,11776,0,104,0,128,128,1,1,1024,16,1
"KERNEL_DISPATCH","Agent 2",1,0,220354,1584,21,"gdn_chunk_kkt_solve",1584,9374937733626,9374937756146,11776,0,104,0,128,128,1,1,1024,16,1
"KERNEL_DISPATCH","Agent 2",1,0,220354,4222,22,"gdn_chunk_scan",4222,9376705963464,9376706062945,60928,0,192,0,128,512,1,1,512,48,1
"KERNEL_DISPATCH","Agent 2",1,0,220354,1579,22,"gdn_chunk_scan",1579,9374937378501,9374937476142,60928,0,192,0,128,512,1,1,512,48,1
"KERNEL_DISPATCH","Agent 2",1,0,220354,4217,21,"gdn_chunk_kkt_solve",4217,9376705678620,9376705701380,11776,0,104,0,128,128,1,1,1024,16,1
"KERNEL_DISPATCH","Agent 2",1,0,220354,1574,21,"gdn_chunk_kkt_solve",1574,9374937100298,9374937122378,11776,0,104,0,128,128,1,1,1024,16,1
"KERNEL_DISPATCH","Agent 2",1,0,220354,4212,24,"gemm_mq4g256v2_residual_mmq_iu4_full_set_symfold",4212,9376704513005,9376704574486,0,0,184,0,128,256,1,1,256,64,1
"KERNEL_DISPATCH","Agent 2",1,0,220354,1569,22,"gdn_chunk_scan",1569,9374936744413,9374936843094,60928,0,192,0,128,512,1,1,512,48,1
"KERNEL_DISPATCH","Agent 2",1,0,220354,4207,29,"fused_silu_mul_mq_rotate_awq_i4_gfx12",4207,9376690443668,9376692559975,0,0,56,0,128,32,1,1,2176,8192,1
"KERNEL_DISPATCH","Agent 2",1,0,220354,1564,21,"gdn_chunk_kkt_solve",1564,9374936462130,9374936484850,11776,0,104,0,128,128,1,1,1024,16,1
"KERNEL_DISPATCH","Agent 2",1,0,220354,1559,22,"gdn_chunk_scan",1559,9374936104085,9374936202566,60928,0,192,0,128,512,1,1,512,48,1
"KERNEL_DISPATCH","Agent 2",1,0,220354,1554,24,"gemm_mq4g256v2_residual_mmq_iu4_full_set_symfold",1554,9374934980631,9374935039392,0,0,184,0,128,256,1,1,256,64,1
"KERNEL_DISPATCH","Agent 2",1,0,220354,4202,46,"sigmoid_mul_rotate_x_mq_awq_i4_gfx12",4202,9376675832964,9376676581574,0,0,88,0,128,32,1,1,6291456,1,1
"KERNEL_DISPATCH","Agent 2",1,0,220354,1549,25,"gemm_mq4g256v2_residual_mmq_iu4_full_add_symfold",1549,9374922793397,9374928853874,0,0,184,0,128,256,1,1,10240,64,1
"KERNEL_DISPATCH","Agent 2",1,0,220354,4197,32,"rmsnorm_f32",4197,9376662644278,9376662870721,0,0,16,0,128,256,1,1,8388608,1,1
"KERNEL_DISPATCH","Agent 2",1,0,220354,1544,25,"gemm_mq4g256v2_residual_mmq_iu4_full_add_symfold",1544,9374906251989,9374908454297,0,0,184,0,128,256,1,1,10240,64,1
"KERNEL_DISPATCH","Agent 2",1,0,220354,4192,23,"fused_rmsnorm_mq_rotate_awq_i4_gfx12",4192,9376655854552,9376656324398,0,0,96,0,128,256,1,1,2097152,1,1
"KERNEL_DISPATCH","Agent 2",1,0,220354,1539,21,"gdn_chunk_kkt_solve",1539,9374904993253,9374905015493,11776,0,104,0,128,128,1,1,1024,16,1
"KERNEL_DISPATCH","Agent 2",1,0,220354,4187,23,"fused_rmsnorm_mq_rotate_awq_i4_gfx12",4187,9376635457295,9376635919501,0,0,96,0,128,256,1,1,2097152,1,1
"KERNEL_DISPATCH","Agent 2",1,0,220354,1534,22,"gdn_chunk_scan",1534,9374904634609,9374904733610,60928,0,192,0,128,512,1,1,512,48,1
"KERNEL_DISPATCH","Agent 2",1,0,220354,4182,22,"gdn_chunk_scan",4182,9376632051092,9376632148774,60928,0,192,0,128,512,1,1,512,48,1
"KERNEL_DISPATCH","Agent 2",1,0,220354,4177,21,"gdn_chunk_kkt_solve",4177,9376631767809,9376631790849,11776,0,104,0,128,128,1,1,1024,16,1
"KERNEL_DISPATCH","Agent 2",1,0,220354,4172,22,"gdn_chunk_scan",4172,9376631408364,9376631507406,60928,0,192,0,128,512,1,1,512,48,1
"KERNEL_DISPATCH","Agent 2",1,0,220354,4167,21,"gdn_chunk_kkt_solve",4167,9376631125961,9376631148641,11776,0,104,0,128,128,1,1,1024,16,1
"KERNEL_DISPATCH","Agent 2",1,0,220354,917,21,"gdn_chunk_kkt_solve",917,9374348637043,9374348658804,11776,0,104,0,128,128,1,1,1024,16,1
"KERNEL_DISPATCH","Agent 2",1,0,220354,922,22,"gdn_chunk_scan",922,9374348905527,9374348998328,60928,0,192,0,128,512,1,1,512,48,1
"KERNEL_DISPATCH","Agent 2",1,0,220354,927,21,"gdn_chunk_kkt_solve",927,9374349244011,9374349265411,11776,0,104,0,128,128,1,1,1024,16,1
"KERNEL_DISPATCH","Agent 2",1,0,220354,4162,22,"gdn_chunk_scan",4162,9376630764676,9376630864718,60928,0,192,0,128,512,1,1,512,48,1
"KERNEL_DISPATCH","Agent 2",1,0,220354,4157,21,"gdn_chunk_kkt_solve",4157,9376630479793,9376630502673,11776,0,104,0,128,128,1,1,1024,16,1
"KERNEL_DISPATCH","Agent 2",1,0,220354,932,22,"gdn_chunk_scan",932,9374349510375,9374349603896,60928,0,192,0,128,512,1,1,512,48,1
"KERNEL_DISPATCH","Agent 2",1,0,220354,4152,20,"gdn_chunk_prep",4152,9376629310458,9376630213789,0,0,72,0,128,256,1,1,32768,10,1
"KERNEL_DISPATCH","Agent 2",1,0,220354,4147,23,"fused_rmsnorm_mq_rotate_awq_i4_gfx12",4147,9376623097300,9376623569906,0,0,96,0,128,256,1,1,2097152,1,1
"KERNEL_DISPATCH","Agent 2",1,0,220354,4142,23,"fused_rmsnorm_mq_rotate_awq_i4_gfx12",4142,9376602562761,9376603032967,0,0,96,0,128,256,1,1,2097152,1,1
"KERNEL_DISPATCH","Agent 2",1,0,220354,4137,22,"gdn_chunk_scan",4137,9376599125638,9376599223639,60928,0,192,0,128,512,1,1,512,48,1
"KERNEL_DISPATCH","Agent 2",1,0,220354,4132,21,"gdn_chunk_kkt_solve",4132,9376598844234,9376598866714,11776,0,104,0,128,128,1,1,1024,16,1
"KERNEL_DISPATCH","Agent 2",1,0,220354,4127,22,"gdn_chunk_scan",4127,9376598485310,9376598584231,60928,0,192,0,128,512,1,1,512,48,1
"KERNEL_DISPATCH","Agent 2",1,0,220354,4122,21,"gdn_chunk_kkt_solve",4122,9376598202986,9376598225666,11776,0,104,0,128,128,1,1,1024,16,1
"KERNEL_DISPATCH","Agent 2",1,0,220354,4117,22,"gdn_chunk_scan",4117,9376597843581,9376597942583,60928,0,192,0,128,512,1,1,512,48,1
"KERNEL_DISPATCH","Agent 2",1,0,220354,4112,21,"gdn_chunk_kkt_solve",4112,9376597560538,9376597583178,11776,0,104,0,128,128,1,1,1024,16,1
"KERNEL_DISPATCH","Agent 2",1,0,220354,4107,20,"gdn_chunk_prep",4107,9376596390323,9376597296335,0,0,72,0,128,256,1,1,32768,10,1
"KERNEL_DISPATCH","Agent 2",1,0,220354,4102,23,"fused_rmsnorm_mq_rotate_awq_i4_gfx12",4102,9376590282206,9376590745052,0,0,96,0,128,256,1,1,2097152,1,1
"KERNEL_DISPATCH","Agent 2",1,0,220354,4097,23,"fused_rmsnorm_mq_rotate_awq_i4_gfx12",4097,9376570466517,9376570910722,0,0,96,0,128,256,1,1,2097152,1,1
"KERNEL_DISPATCH","Agent 2",1,0,220354,4092,22,"gdn_chunk_scan",4092,9376567195195,9376567285156,60928,0,192,0,128,512,1,1,512,48,1
"KERNEL_DISPATCH","Agent 2",1,0,220354,4087,21,"gdn_chunk_kkt_solve",4087,9376566937632,9376566958392,11776,0,104,0,128,128,1,1,1024,16,1
"KERNEL_DISPATCH","Agent 2",1,0,220354,4082,22,"gdn_chunk_scan",4082,9376566610228,9376566699749,60928,0,192,0,128,512,1,1,512,48,1
"KERNEL_DISPATCH","Agent 2",1,0,220354,4077,21,"gdn_chunk_kkt_solve",4077,9376566351745,9376566372945,11776,0,104,0,128,128,1,1,1024,16,1
"KERNEL_DISPATCH","Agent 2",1,0,220354,4072,22,"gdn_chunk_scan",4072,9376566024261,9376566113702,60928,0,192,0,128,512,1,1,512,48,1
"KERNEL_DISPATCH","Agent 2",1,0,220354,4067,21,"gdn_chunk_kkt_solve",4067,9376565765177,9376565786178,11776,0,104,0,128,128,1,1,1024,16,1
"KERNEL_DISPATCH","Agent 2",1,0,220354,4057,23,"fused_rmsnorm_mq_rotate_awq_i4_gfx12",4057,9376558824850,9376559344256,0,0,96,0,128,256,1,1,2097152,1,1
"KERNEL_DISPATCH","Agent 2",1,0,220354,3082,21,"gdn_chunk_kkt_solve",3082,9376343534457,9376343557418,11776,0,104,0,128,128,1,1,1024,16,1
"KERNEL_DISPATCH","Agent 2",1,0,220354,3077,22,"gdn_chunk_scan",3077,9376343171893,9376343274094,60928,0,192,0,128,512,1,1,512,48,1
"KERNEL_DISPATCH","Agent 2",1,0,220354,3072,24,"gemm_mq4g256v2_residual_mmq_iu4_full_set_symfold",3072,9376340029053,9376342098359,0,0,184,0,128,256,1,1,12288,64,1
"KERNEL_DISPATCH","Agent 2",1,0,220354,3067,24,"gemm_mq4g256v2_residual_mmq_iu4_full_set_symfold",3067,9376322053387,9376327902700,0,0,184,0,128,256,1,1,34816,64,1
"KERNEL_DISPATCH","Agent 2",1,0,220354,3062,22,"gdn_chunk_scan",3062,9376312341064,9376312438826,60928,0,192,0,128,512,1,1,512,48,1
"KERNEL_DISPATCH","Agent 2",1,0,220354,1529,21,"gdn_chunk_kkt_solve",1529,9374904352005,9374904374485,11776,0,104,0,128,128,1,1,1024,16,1
"KERNEL_DISPATCH","Agent 2",1,0,220354,1524,22,"gdn_chunk_scan",1524,9374903992200,9374904091282,60928,0,192,0,128,512,1,1,512,48,1
"KERNEL_DISPATCH","Agent 2",1,0,220354,3057,21,"gdn_chunk_kkt_solve",3057,9376312061821,9376312084261,11776,0,104,0,128,128,1,1,1024,16,1
"KERNEL_DISPATCH","Agent 2",1,0,220354,1519,21,"gdn_chunk_kkt_solve",1519,9374903706997,9374903730037,11776,0,104,0,128,128,1,1,1024,16,1
"KERNEL_DISPATCH","Agent 2",1,0,220354,1514,22,"gdn_chunk_scan",1514,9374903346712,9374903445554,60928,0,192,0,128,512,1,1,512,48,1
"KERNEL_DISPATCH","Agent 2",1,0,220354,1509,24,"gemm_mq4g256v2_residual_mmq_iu4_full_set_symfold",1509,9374902219698,9374902278699,0,0,184,0,128,256,1,1,256,64,1
"KERNEL_DISPATCH","Agent 2",1,0,220354,1504,25,"gemm_mq4g256v2_residual_mmq_iu4_full_add_symfold",1504,9374890051385,9374896092141,0,0,184,0,128,256,1,1,10240,64,1
"KERNEL_DISPATCH","Agent 2",1,0,220354,1499,25,"gemm_mq4g256v2_residual_mmq_iu4_full_add_symfold",1499,9374873568977,9374875717804,0,0,184,0,128,256,1,1,10240,64,1
"KERNEL_DISPATCH","Agent 2",1,0,220354,1494,21,"gdn_chunk_kkt_solve",1494,9374872327722,9374872349802,11776,0,104,0,128,128,1,1,1024,16,1
"KERNEL_DISPATCH","Agent 2",1,0,220354,937,23,"fused_rmsnorm_mq_rotate_awq_i4_gfx12",937,9374352781056,9374353229381,0,0,96,0,128,256,1,1,2097152,1,1
"KERNEL_DISPATCH","Agent 2",1,0,220354,942,23,"fused_rmsnorm_mq_rotate_awq_i4_gfx12",942,9374372299542,9374372751267,0,0,96,0,128,256,1,1,2097152,1,1
"KERNEL_DISPATCH","Agent 2",1,0,220354,947,20,"gdn_chunk_prep",947,9374378155695,9374379054227,0,0,72,0,128,256,1,1,32768,10,1
"KERNEL_DISPATCH","Agent 2",1,0,220354,952,21,"gdn_chunk_kkt_solve",952,9374379306670,9374379328270,11776,0,104,0,128,128,1,1,1024,16,1
"KERNEL_DISPATCH","Agent 2",1,0,220354,957,22,"gdn_chunk_scan",957,9374379576633,9374379670474,60928,0,192,0,128,512,1,1,512,48,1
"KERNEL_DISPATCH","Agent 2",1,0,220354,962,21,"gdn_chunk_kkt_solve",962,9374379918438,9374379939878,11776,0,104,0,128,128,1,1,1024,16,1
"KERNEL_DISPATCH","Agent 2",1,0,220354,967,22,"gdn_chunk_scan",967,9374380183601,9374380275562,60928,0,192,0,128,512,1,1,512,48,1
"KERNEL_DISPATCH","Agent 2",1,0,220354,972,21,"gdn_chunk_kkt_solve",972,9374380519445,9374380541045,11776,0,104,0,128,128,1,1,1024,16,1
"KERNEL_DISPATCH","Agent 2",1,0,220354,4128,21,"gdn_chunk_kkt_solve",4128,9376598587751,9376598610151,11776,0,104,0,128,128,1,1,1024,16,1
"KERNEL_DISPATCH","Agent 2",1,0,220354,4123,22,"gdn_chunk_scan",4123,9376598229186,9376598326988,60928,0,192,0,128,512,1,1,512,48,1
"KERNEL_DISPATCH","Agent 2",1,0,220354,977,22,"gdn_chunk_scan",977,9374380784729,9374380877010,60928,0,192,0,128,512,1,1,512,48,1
"KERNEL_DISPATCH","Agent 2",1,0,220354,982,23,"fused_rmsnorm_mq_rotate_awq_i4_gfx12",982,9374384015009,9374384458975,0,0,96,0,128,256,1,1,2097152,1,1
"KERNEL_DISPATCH","Agent 2",1,0,220354,4118,21,"gdn_chunk_kkt_solve",4118,9376597946063,9376597968663,11776,0,104,0,128,128,1,1,1024,16,1
"KERNEL_DISPATCH","Agent 2",1,0,220354,987,23,"fused_rmsnorm_mq_rotate_awq_i4_gfx12",987,9374403326853,9374403772698,0,0,96,0,128,256,1,1,2097152,1,1
"KERNEL_DISPATCH","Agent 2",1,0,220354,4113,22,"gdn_chunk_scan",4113,9376597586738,9376597685019,60928,0,192,0,128,512,1,1,512,48,1
"KERNEL_DISPATCH","Agent 2",1,0,220354,997,46,"sigmoid_mul_rotate_x_mq_awq_i4_gfx12",997,9374422235611,9374422966140,0,0,88,0,128,32,1,1,6291456,1,1
"KERNEL_DISPATCH","Agent 2",1,0,220354,4108,21,"gdn_chunk_kkt_solve",4108,9376597300415,9376597323295,11776,0,104,0,128,128,1,1,1024,16,1
"KERNEL_DISPATCH","Agent 2",1,0,220354,4103,24,"gemm_mq4g256v2_residual_mmq_iu4_full_set_symfold",4103,9376590748652,9376594174055,0,0,184,0,128,256,1,1,20480,64,1
"KERNEL_DISPATCH","Agent 2",1,0,220354,4098,24,"gemm_mq4g256v2_residual_mmq_iu4_full_set_symfold",4098,9376570914282,9376576568673,0,0,184,0,128,256,1,1,34816,64,1
"KERNEL_DISPATCH","Agent 2",1,0,220354,4093,21,"gdn_chunk_kkt_solve",4093,9376567288557,9376567309677,11776,0,104,0,128,128,1,1,1024,16,1
"KERNEL_DISPATCH","Agent 2",1,0,220354,4088,22,"gdn_chunk_scan",4088,9376566961792,9376567050834,60928,0,192,0,128,512,1,1,512,48,1
"KERNEL_DISPATCH","Agent 2",1,0,220354,4083,21,"gdn_chunk_kkt_solve",4083,9376566703229,9376566723989,11776,0,104,0,128,128,1,1,1024,16,1
"KERNEL_DISPATCH","Agent 2",1,0,220354,4078,22,"gdn_chunk_scan",4078,9376566376345,9376566465546,60928,0,192,0,128,512,1,1,512,48,1
"KERNEL_DISPATCH","Agent 2",1,0,220354,4073,21,"gdn_chunk_kkt_solve",4073,9376566117822,9376566138342,11776,0,104,0,128,128,1,1,1024,16,1
"KERNEL_DISPATCH","Agent 2",1,0,220354,4068,22,"gdn_chunk_scan",4068,9376565789578,9376565878939,60928,0,192,0,128,512,1,1,512,48,1
"KERNEL_DISPATCH","Agent 2",1,0,220354,4063,21,"gdn_chunk_kkt_solve",4063,9376565527854,9376565548895,11776,0,104,0,128,128,1,1,1024,16,1
"KERNEL_DISPATCH","Agent 2",1,0,220354,1738,21,"gdn_chunk_kkt_solve",1738,9375078485799,9375078508519,11776,0,104,0,128,128,1,1,1024,16,1
"KERNEL_DISPATCH","Agent 2",1,0,220354,3052,22,"gdn_chunk_scan",3052,9376311705576,9376311804138,60928,0,192,0,128,512,1,1,512,48,1
"KERNEL_DISPATCH","Agent 2",1,0,220354,3047,21,"gdn_chunk_kkt_solve",3047,9376311423933,9376311446453,11776,0,104,0,128,128,1,1,1024,16,1
"KERNEL_DISPATCH","Agent 2",1,0,220354,3042,22,"gdn_chunk_scan",3042,9376311066128,9376311165050,60928,0,192,0,128,512,1,1,512,48,1
"KERNEL_DISPATCH","Agent 2",1,0,220354,3037,21,"gdn_chunk_kkt_solve",3037,9376310783445,9376310806325,11776,0,104,0,128,128,1,1,1024,16,1
"KERNEL_DISPATCH","Agent 2",1,0,220354,3032,22,"gdn_chunk_scan",3032,9376310421680,9376310523042,60928,0,192,0,128,512,1,1,512,48,1
"KERNEL_DISPATCH","Agent 2",1,0,220354,3027,24,"gemm_mq4g256v2_residual_mmq_iu4_full_set_symfold",3027,9376307272601,9376309350027,0,0,184,0,128,256,1,1,12288,64,1
"KERNEL_DISPATCH","Agent 2",1,0,220354,1489,22,"gdn_chunk_scan",1489,9374871975317,9374872072358,60928,0,192,0,128,512,1,1,512,48,1
"KERNEL_DISPATCH","Agent 2",1,0,220354,1484,21,"gdn_chunk_kkt_solve",1484,9374871694314,9374871716754,11776,0,104,0,128,128,1,1,1024,16,1
"KERNEL_DISPATCH","Agent 2",1,0,220354,1479,22,"gdn_chunk_scan",1479,9374871339429,9374871437030,60928,0,192,0,128,512,1,1,512,48,1
"KERNEL_DISPATCH","Agent 2",1,0,220354,1474,21,"gdn_chunk_kkt_solve",1474,9374871058586,9374871081266,11776,0,104,0,128,128,1,1,1024,16,1
"KERNEL_DISPATCH","Agent 2",1,0,220354,1469,22,"gdn_chunk_scan",1469,9374870702141,9374870800382,60928,0,192,0,128,512,1,1,512,48,1
"KERNEL_DISPATCH","Agent 2",1,0,220354,1464,24,"gemm_mq4g256v2_residual_mmq_iu4_full_set_symfold",1464,9374869576687,9374869634488,0,0,184,0,128,256,1,1,256,64,1
"KERNEL_DISPATCH","Agent 2",1,0,220354,1459,25,"gemm_mq4g256v2_residual_mmq_iu4_full_add_symfold",1459,9374857474934,9374863497770,0,0,184,0,128,256,1,1,10240,64,1
"KERNEL_DISPATCH","Agent 2",1,0,220354,1454,25,"gemm_mq4g256v2_residual_mmq_iu4_full_add_symfold",1454,9374841634175,9374843625800,0,0,184,0,128,256,1,1,10240,64,1
"KERNEL_DISPATCH","Agent 2",1,0,220354,1449,33,"rope_partial_halfsplit_batched_f32",1449,9374827893802,9374828260006,0,0,16,0,128,32,1,1,32,8192,1
"KERNEL_DISPATCH","Agent 2",1,0,220354,1444,24,"gemm_mq4g256v2_residual_mmq_iu4_full_set_symfold",1444,9374821347039,9374825519052,0,0,184,0,128,256,1,1,24576,64,1
"KERNEL_DISPATCH","Agent 2",1,0,220354,1439,24,"gemm_mq4g256v2_residual_mmq_iu4_full_set_symfold",1439,9374801009103,9374806836176,0,0,184,0,128,256,1,1,34816,64,1
"KERNEL_DISPATCH","Agent 2",1,0,220354,1434,21,"gdn_chunk_kkt_solve",1434,9374797254416,9374797276936,11776,0,104,0,128,128,1,1,1024,16,1
"KERNEL_DISPATCH","Agent 2",1,0,220354,1429,22,"gdn_chunk_scan",1429,9374796899211,9374796997532,60928,0,192,0,128,512,1,1,512,48,1
"KERNEL_DISPATCH","Agent 2",1,0,220354,1002,29,"fused_silu_mul_mq_rotate_awq_i4_gfx12",1002,9374436206827,9374438322573,0,0,56,0,128,32,1,1,2176,8192,1
"KERNEL_DISPATCH","Agent 2",1,0,220354,1424,21,"gdn_chunk_kkt_solve",1424,9374796611528,9374796634168,11776,0,104,0,128,128,1,1,1024,16,1
"KERNEL_DISPATCH","Agent 2",1,0,220354,1007,24,"gemm_mq4g256v2_residual_mmq_iu4_full_set_symfold",1007,9374449358192,9374449417433,0,0,184,0,128,256,1,1,256,64,1
"KERNEL_DISPATCH","Agent 2",1,0,220354,1012,21,"gdn_chunk_kkt_solve",1012,9374450513487,9374450535807,11776,0,104,0,128,128,1,1,1024,16,1
"KERNEL_DISPATCH","Agent 2",1,0,220354,1017,22,"gdn_chunk_scan",1017,9374450787571,9374450883172,60928,0,192,0,128,512,1,1,512,48,1
"KERNEL_DISPATCH","Agent 2",1,0,220354,1022,21,"gdn_chunk_kkt_solve",1022,9374451132175,9374451153815,11776,0,104,0,128,128,1,1,1024,16,1
"KERNEL_DISPATCH","Agent 2",1,0,220354,1027,22,"gdn_chunk_scan",1027,9374451400938,9374451495019,60928,0,192,0,128,512,1,1,512,48,1
"KERNEL_DISPATCH","Agent 2",1,0,220354,1032,21,"gdn_chunk_kkt_solve",1032,9374451743063,9374451765103,11776,0,104,0,128,128,1,1,1024,16,1
"KERNEL_DISPATCH","Agent 2",1,0,220354,1037,22,"gdn_chunk_scan",1037,9374452007586,9374452096267,60928,0,192,0,128,512,1,1,512,48,1
"KERNEL_DISPATCH","Agent 2",1,0,220354,1042,28,"gated_norm_mq_rotate_awq_i4_gfx12",1042,9374452333070,9374453227481,1024,0,40,0,128,64,1,1,1536,8192,1
"KERNEL_DISPATCH","Agent 2",1,0,220354,1733,22,"gdn_chunk_scan",1733,9375078130754,9375078228396,60928,0,192,0,128,512,1,1,512,48,1
"KERNEL_DISPATCH","Agent 2",1,0,220354,1728,21,"gdn_chunk_kkt_solve",1728,9375077850231,9375077872871,11776,0,104,0,128,128,1,1,1024,16,1
"KERNEL_DISPATCH","Agent 2",1,0,220354,1723,22,"gdn_chunk_scan",1723,9375077491946,9375077590708,60928,0,192,0,128,512,1,1,512,48,1
"KERNEL_DISPATCH","Agent 2",1,0,220354,1718,21,"gdn_chunk_kkt_solve",1718,9375077209623,9375077232063,11776,0,104,0,128,128,1,1,1024,16,1
"KERNEL_DISPATCH","Agent 2",1,0,220354,4263,22,"gdn_chunk_scan",4263,9376738614635,9376738714676,60928,0,192,0,128,512,1,1,512,48,1
"KERNEL_DISPATCH","Agent 2",1,0,220354,976,21,"gdn_chunk_kkt_solve",976,9374380760248,9374380781408,11776,0,104,0,128,128,1,1,1024,16,1
"KERNEL_DISPATCH","Agent 2",1,0,220354,1713,22,"gdn_chunk_scan",1713,9375076852098,9375076950940,60928,0,192,0,128,512,1,1,512,48,1
"KERNEL_DISPATCH","Agent 2",1,0,220354,1708,21,"gdn_chunk_kkt_solve",1708,9375076565175,9375076588175,11776,0,104,0,128,128,1,1,1024,16,1
"KERNEL_DISPATCH","Agent 2",1,0,220354,1703,24,"gemm_mq4g256v2_residual_mmq_iu4_full_set_symfold",1703,9375069916131,9375073417495,0,0,184,0,128,256,1,1,20480,64,1
"KERNEL_DISPATCH","Agent 2",1,0,220354,1698,24,"gemm_mq4g256v2_residual_mmq_iu4_full_set_symfold",1698,9375049521274,9375055333507,0,0,184,0,128,256,1,1,34816,64,1
"KERNEL_DISPATCH","Agent 2",1,0,220354,1693,21,"gdn_chunk_kkt_solve",1693,9375045738466,9375045761507,11776,0,104,0,128,128,1,1,1024,16,1
"KERNEL_DISPATCH","Agent 2",1,0,220354,1688,22,"gdn_chunk_scan",1688,9375045381542,9375045479903,60928,0,192,0,128,512,1,1,512,48,1
"KERNEL_DISPATCH","Agent 2",1,0,220354,1683,21,"gdn_chunk_kkt_solve",1683,9375045100218,9375045122739,11776,0,104,0,128,128,1,1,1024,16,1
"KERNEL_DISPATCH","Agent 2",1,0,220354,1678,22,"gdn_chunk_scan",1678,9375044740334,9375044839655,60928,0,192,0,128,512,1,1,512,48,1
"KERNEL_DISPATCH","Agent 2",1,0,220354,1673,21,"gdn_chunk_kkt_solve",1673,9375044454690,9375044477330,11776,0,104,0,128,128,1,1,1024,16,1
"KERNEL_DISPATCH","Agent 2",1,0,220354,1668,22,"gdn_chunk_scan",1668,9375044093326,9375044192727,60928,0,192,0,128,512,1,1,512,48,1
"KERNEL_DISPATCH","Agent 2",1,0,220354,1663,21,"gdn_chunk_kkt_solve",1663,9375043806202,9375043829122,11776,0,104,0,128,128,1,1,1024,16,1
"KERNEL_DISPATCH","Agent 2",1,0,220354,1658,24,"gemm_mq4g256v2_residual_mmq_iu4_full_set_symfold",1658,9375037190919,9375040669842,0,0,184,0,128,256,1,1,20480,64,1
"KERNEL_DISPATCH","Agent 2",1,0,220354,1653,24,"gemm_mq4g256v2_residual_mmq_iu4_full_set_symfold",1653,9375016769381,9375022662056,0,0,184,0,128,256,1,1,34816,64,1
"KERNEL_DISPATCH","Agent 2",1,0,220354,1648,21,"gdn_chunk_kkt_solve",1648,9375012954413,9375012977094,11776,0,104,0,128,128,1,1,1024,16,1
"KERNEL_DISPATCH","Agent 2",1,0,220354,1643,22,"gdn_chunk_scan",1643,9375012597889,9375012696210,60928,0,192,0,128,512,1,1,512,48,1
"KERNEL_DISPATCH","Agent 2",1,0,220354,1638,21,"gdn_chunk_kkt_solve",1638,9375012317005,9375012339246,11776,0,104,0,128,128,1,1,1024,16,1
"KERNEL_DISPATCH","Agent 2",1,0,220354,1633,22,"gdn_chunk_scan",1633,9375011959761,9375012057882,60928,0,192,0,128,512,1,1,512,48,1
"KERNEL_DISPATCH","Agent 2",1,0,220354,1628,21,"gdn_chunk_kkt_solve",1628,9375011675757,9375011698477,11776,0,104,0,128,128,1,1,1024,16,1
"KERNEL_DISPATCH","Agent 2",1,0,220354,1623,22,"gdn_chunk_scan",1623,9375011316793,9375011415274,60928,0,192,0,128,512,1,1,512,48,1
"KERNEL_DISPATCH","Agent 2",1,0,220354,1618,21,"gdn_chunk_kkt_solve",1618,9375011031149,9375011053829,11776,0,104,0,128,128,1,1,1024,16,1
"KERNEL_DISPATCH","Agent 2",1,0,220354,1613,24,"gemm_mq4g256v2_residual_mmq_iu4_full_set_symfold",1613,9375004475906,9375007913750,0,0,184,0,128,256,1,1,20480,64,1
"KERNEL_DISPATCH","Agent 2",1,0,220354,1608,24,"gemm_mq4g256v2_residual_mmq_iu4_full_set_symfold",1608,9374984578016,9374990188126,0,0,184,0,128,256,1,1,34816,64,1
"KERNEL_DISPATCH","Agent 2",1,0,220354,1603,35,"kv_cache_write_fp8_e4m3_batched",1603,9374968857138,9374968946099,0,0,56,0,128,32,1,1,128,8192,1
"KERNEL_DISPATCH","Agent 2",1,0,220354,1598,24,"gemm_mq4g256v2_residual_mmq_iu4_full_set_symfold",1598,9374966413987,9374966767471,0,0,184,0,128,256,1,1,2048,64,1
"KERNEL_DISPATCH","Agent 2",1,0,220354,1593,29,"fused_silu_mul_mq_rotate_awq_i4_gfx12",1593,9374953272261,9374955380208,0,0,56,0,128,32,1,1,2176,8192,1
"KERNEL_DISPATCH","Agent 2",1,0,220354,1588,28,"gated_norm_mq_rotate_awq_i4_gfx12",1588,9374937987629,9374938970641,1024,0,40,0,128,64,1,1,1536,8192,1
"KERNEL_DISPATCH","Agent 2",1,0,220354,1583,22,"gdn_chunk_scan",1583,9374937632304,9374937730186,60928,0,192,0,128,512,1,1,512,48,1
"KERNEL_DISPATCH","Agent 2",1,0,220354,1578,21,"gdn_chunk_kkt_solve",1578,9374937352261,9374937375021,11776,0,104,0,128,128,1,1,1024,16,1
"KERNEL_DISPATCH","Agent 2",1,0,220354,1573,22,"gdn_chunk_scan",1573,9374936999776,9374937097018,60928,0,192,0,128,512,1,1,512,48,1
"KERNEL_DISPATCH","Agent 2",1,0,220354,1568,21,"gdn_chunk_kkt_solve",1568,9374936718453,9374936741093,11776,0,104,0,128,128,1,1,1024,16,1
"KERNEL_DISPATCH","Agent 2",1,0,220354,1563,22,"gdn_chunk_scan",1563,9374936360128,9374936458770,60928,0,192,0,128,512,1,1,512,48,1
"KERNEL_DISPATCH","Agent 2",1,0,220354,1558,21,"gdn_chunk_kkt_solve",1558,9374936078045,9374936100685,11776,0,104,0,128,128,1,1,1024,16,1
"KERNEL_DISPATCH","Agent 2",1,0,220354,1553,24,"gemm_mq4g256v2_residual_mmq_iu4_full_set_symfold",1553,9374934916070,9374934977191,0,0,184,0,128,256,1,1,256,64,1
"KERNEL_DISPATCH","Agent 2",1,0,220354,1548,29,"fused_silu_mul_mq_rotate_awq_i4_gfx12",1548,9374920666171,9374922781237,0,0,56,0,128,32,1,1,2176,8192,1
"KERNEL_DISPATCH","Agent 2",1,0,220354,1543,28,"gated_norm_mq_rotate_awq_i4_gfx12",1543,9374905247096,9374906239749,1024,0,40,0,128,64,1,1,1536,8192,1
"KERNEL_DISPATCH","Agent 2",1,0,220354,1538,22,"gdn_chunk_scan",1538,9374904891492,9374904989893,60928,0,192,0,128,512,1,1,512,48,1
"KERNEL_DISPATCH","Agent 2",1,0,220354,1533,21,"gdn_chunk_kkt_solve",1533,9374904608568,9374904631329,11776,0,104,0,128,128,1,1,1024,16,1
"KERNEL_DISPATCH","Agent 2",1,0,220354,1528,22,"gdn_chunk_scan",1528,9374904249204,9374904348605,60928,0,192,0,128,512,1,1,512,48,1
"KERNEL_DISPATCH","Agent 2",1,0,220354,1523,21,"gdn_chunk_kkt_solve",1523,9374903966040,9374903988840,11776,0,104,0,128,128,1,1,1024,16,1
"KERNEL_DISPATCH","Agent 2",1,0,220354,1518,22,"gdn_chunk_scan",1518,9374903603756,9374903703437,60928,0,192,0,128,512,1,1,512,48,1
"KERNEL_DISPATCH","Agent 2",1,0,220354,1513,21,"gdn_chunk_kkt_solve",1513,9374903320232,9374903343352,11776,0,104,0,128,128,1,1,1024,16,1
"KERNEL_DISPATCH","Agent 2",1,0,220354,1508,24,"gemm_mq4g256v2_residual_mmq_iu4_full_set_symfold",1508,9374902154377,9374902216298,0,0,184,0,128,256,1,1,256,64,1
"KERNEL_DISPATCH","Agent 2",1,0,220354,1503,29,"fused_silu_mul_mq_rotate_awq_i4_gfx12",1503,9374887923998,9374890047505,0,0,56,0,128,32,1,1,2176,8192,1
"KERNEL_DISPATCH","Agent 2",1,0,220354,1498,28,"gated_norm_mq_rotate_awq_i4_gfx12",1498,9374872579805,9374873556897,1024,0,40,0,128,64,1,1,1536,8192,1
"KERNEL_DISPATCH","Agent 2",1,0,220354,1493,22,"gdn_chunk_scan",1493,9374872227480,9374872324321,60928,0,192,0,128,512,1,1,512,48,1
"KERNEL_DISPATCH","Agent 2",1,0,220354,1488,21,"gdn_chunk_kkt_solve",1488,9374871949557,9374871971957,11776,0,104,0,128,128,1,1,1024,16,1
"KERNEL_DISPATCH","Agent 2",1,0,220354,1483,22,"gdn_chunk_scan",1483,9374871592752,9374871690914,60928,0,192,0,128,512,1,1,512,48,1
"KERNEL_DISPATCH","Agent 2",1,0,220354,1478,21,"gdn_chunk_kkt_solve",1478,9374871313589,9374871336029,11776,0,104,0,128,128,1,1,1024,16,1
"KERNEL_DISPATCH","Agent 2",1,0,220354,1473,22,"gdn_chunk_scan",1473,9374870957544,9374871055265,60928,0,192,0,128,512,1,1,512,48,1
"KERNEL_DISPATCH","Agent 2",1,0,220354,1468,21,"gdn_chunk_kkt_solve",1468,9374870676021,9374870698661,11776,0,104,0,128,128,1,1,1024,16,1
"KERNEL_DISPATCH","Agent 2",1,0,220354,1463,24,"gemm_mq4g256v2_residual_mmq_iu4_full_set_symfold",1463,9374869512006,9374869573327,0,0,184,0,128,256,1,1,256,64,1
"KERNEL_DISPATCH","Agent 2",1,0,220354,1458,29,"fused_silu_mul_mq_rotate_awq_i4_gfx12",1458,9374855353828,9374857462694,0,0,56,0,128,32,1,1,2176,8192,1
"KERNEL_DISPATCH","Agent 2",1,0,220354,1453,46,"sigmoid_mul_rotate_x_mq_awq_i4_gfx12",1453,9374840891005,9374841622015,0,0,88,0,128,32,1,1,6291456,1,1
"KERNEL_DISPATCH","Agent 2",1,0,220354,1448,32,"rmsnorm_f32",1448,9374827662559,9374827890322,0,0,16,0,128,256,1,1,8388608,1,1
"KERNEL_DISPATCH","Agent 2",1,0,220354,1443,23,"fused_rmsnorm_mq_rotate_awq_i4_gfx12",1443,9374820872633,9374821343559,0,0,96,0,128,256,1,1,2097152,1,1
"KERNEL_DISPATCH","Agent 2",1,0,220354,1438,23,"fused_rmsnorm_mq_rotate_awq_i4_gfx12",1438,9374800543377,9374801005543,0,0,96,0,128,256,1,1,2097152,1,1
"KERNEL_DISPATCH","Agent 2",1,0,220354,1433,22,"gdn_chunk_scan",1433,9374797154174,9374797250936,60928,0,192,0,128,512,1,1,512,48,1
"KERNEL_DISPATCH","Agent 2",1,0,220354,1428,21,"gdn_chunk_kkt_solve",1428,9374796867491,9374796895771,11776,0,104,0,128,128,1,1,1024,16,1
"KERNEL_DISPATCH","Agent 2",1,0,220354,1423,22,"gdn_chunk_scan",1423,9374796509806,9374796608048,60928,0,192,0,128,512,1,1,512,48,1
"KERNEL_DISPATCH","Agent 2",1,0,220354,1418,21,"gdn_chunk_kkt_solve",1418,9374796229083,9374796251563,11776,0,104,0,128,128,1,1,1024,16,1
"KERNEL_DISPATCH","Agent 2",1,0,220354,1413,22,"gdn_chunk_scan",1413,9374795871678,9374795970319,60928,0,192,0,128,512,1,1,512,48,1
"KERNEL_DISPATCH","Agent 2",1,0,220354,1408,21,"gdn_chunk_kkt_solve",1408,9374795589635,9374795612355,11776,0,104,0,128,128,1,1,1024,16,1
"KERNEL_DISPATCH","Agent 2",1,0,220354,1403,20,"gdn_chunk_prep",1403,9374794426380,9374795326631,0,0,72,0,128,256,1,1,32768,10,1
"KERNEL_DISPATCH","Agent 2",1,0,220354,1398,23,"fused_rmsnorm_mq_rotate_awq_i4_gfx12",1398,9374788275903,9374788745348,0,0,96,0,128,256,1,1,2097152,1,1
"KERNEL_DISPATCH","Agent 2",1,0,220354,1393,23,"fused_rmsnorm_mq_rotate_awq_i4_gfx12",1393,9374767797405,9374768269530,0,0,96,0,128,256,1,1,2097152,1,1
"KERNEL_DISPATCH","Agent 2",1,0,220354,1388,22,"gdn_chunk_scan",1388,9374764325281,9374764423962,60928,0,192,0,128,512,1,1,512,48,1
"KERNEL_DISPATCH","Agent 2",1,0,220354,1383,21,"gdn_chunk_kkt_solve",1383,9374764045877,9374764068438,11776,0,104,0,128,128,1,1,1024,16,1
"KERNEL_DISPATCH","Agent 2",1,0,220354,1378,22,"gdn_chunk_scan",1378,9374763688353,9374763787674,60928,0,192,0,128,512,1,1,512,48,1
"KERNEL_DISPATCH","Agent 2",1,0,220354,1373,21,"gdn_chunk_kkt_solve",1373,9374763405109,9374763428469,11776,0,104,0,128,128,1,1,1024,16,1
"KERNEL_DISPATCH","Agent 2",1,0,220354,1368,22,"gdn_chunk_scan",1368,9374763045825,9374763144746,60928,0,192,0,128,512,1,1,512,48,1
"KERNEL_DISPATCH","Agent 2",1,0,220354,1363,21,"gdn_chunk_kkt_solve",1363,9374762762261,9374762785061,11776,0,104,0,128,128,1,1,1024,16,1
"KERNEL_DISPATCH","Agent 2",1,0,220354,1358,20,"gdn_chunk_prep",1358,9374761595206,9374762497778,0,0,72,0,128,256,1,1,32768,10,1
"KERNEL_DISPATCH","Agent 2",1,0,220354,1353,23,"fused_rmsnorm_mq_rotate_awq_i4_gfx12",1353,9374755428809,9374755899215,0,0,96,0,128,256,1,1,2097152,1,1
"KERNEL_DISPATCH","Agent 2",1,0,220354,1348,23,"fused_rmsnorm_mq_rotate_awq_i4_gfx12",1348,9374735076032,9374735536398,0,0,96,0,128,256,1,1,2097152,1,1
"KERNEL_DISPATCH","Agent 2",1,0,220354,1343,22,"gdn_chunk_scan",1343,9374731670469,9374731768831,60928,0,192,0,128,512,1,1,512,48,1
"KERNEL_DISPATCH","Agent 2",1,0,220354,1338,21,"gdn_chunk_kkt_solve",1338,9374731390546,9374731412866,11776,0,104,0,128,128,1,1,1024,16,1
"KERNEL_DISPATCH","Agent 2",1,0,220354,1333,22,"gdn_chunk_scan",1333,9374731035381,9374731133303,60928,0,192,0,128,512,1,1,512,48,1
"KERNEL_DISPATCH","Agent 2",1,0,220354,1328,21,"gdn_chunk_kkt_solve",1328,9374730754538,9374730777338,11776,0,104,0,128,128,1,1,1024,16,1
"KERNEL_DISPATCH","Agent 2",1,0,220354,1414,21,"gdn_chunk_kkt_solve",1414,9374795973600,9374795995960,11776,0,104,0,128,128,1,1,1024,16,1
"KERNEL_DISPATCH","Agent 2",1,0,220354,1323,22,"gdn_chunk_scan",1323,9374730396893,9374730495455,60928,0,192,0,128,512,1,1,512,48,1
"KERNEL_DISPATCH","Agent 2",1,0,220354,1318,21,"gdn_chunk_kkt_solve",1318,9374730115210,9374730137810,11776,0,104,0,128,128,1,1,1024,16,1
"KERNEL_DISPATCH","Agent 2",1,0,220354,1409,22,"gdn_chunk_scan",1409,9374795615675,9374795713836,60928,0,192,0,128,512,1,1,512,48,1
"KERNEL_DISPATCH","Agent 2",1,0,220354,1404,21,"gdn_chunk_kkt_solve",1404,9374795330711,9374795353392,11776,0,104,0,128,128,1,1,1024,16,1
"KERNEL_DISPATCH","Agent 2",1,0,220354,1399,24,"gemm_mq4g256v2_residual_mmq_iu4_full_set_symfold",1399,9374788748909,9374792210032,0,0,184,0,128,256,1,1,20480,64,1
"KERNEL_DISPATCH","Agent 2",1,0,220354,1313,20,"gdn_chunk_prep",1313,9374728945835,9374729852686,0,0,72,0,128,256,1,1,32768,10,1
"KERNEL_DISPATCH","Agent 2",1,0,220354,1308,23,"fused_rmsnorm_mq_rotate_awq_i4_gfx12",1308,9374722806078,9374723268244,0,0,96,0,128,256,1,1,2097152,1,1
"KERNEL_DISPATCH","Agent 2",1,0,220354,1394,24,"gemm_mq4g256v2_residual_mmq_iu4_full_set_symfold",1394,9374768273011,9374774237166,0,0,184,0,128,256,1,1,34816,64,1
"KERNEL_DISPATCH","Agent 2",1,0,220354,1303,23,"fused_rmsnorm_mq_rotate_awq_i4_gfx12",1303,9374703057829,9374703493514,0,0,96,0,128,256,1,1,2097152,1,1
"KERNEL_DISPATCH","Agent 2",1,0,220354,1298,35,"kv_cache_write_fp8_e4m3_batched",1298,9374687675075,9374687741076,0,0,56,0,128,32,1,1,128,8192,1
"KERNEL_DISPATCH","Agent 2",1,0,220354,1389,21,"gdn_chunk_kkt_solve",1389,9374764427402,9374764450042,11776,0,104,0,128,128,1,1,1024,16,1
"KERNEL_DISPATCH","Agent 2",1,0,220354,1052,24,"gemm_mq4g256v2_residual_mmq_iu4_full_set_symfold",1052,9374480475505,9374480534265,0,0,184,0,128,256,1,1,256,64,1
"KERNEL_DISPATCH","Agent 2",1,0,220354,1057,21,"gdn_chunk_kkt_solve",1057,9374481620399,9374481641599,11776,0,104,0,128,128,1,1,1024,16,1
"KERNEL_DISPATCH","Agent 2",1,0,220354,1062,22,"gdn_chunk_scan",1062,9374481883682,9374481973363,60928,0,192,0,128,512,1,1,512,48,1
"KERNEL_DISPATCH","Agent 2",1,0,220354,1293,24,"gemm_mq4g256v2_residual_mmq_iu4_full_set_symfold",1293,9374684958761,9374685310605,0,0,184,0,128,256,1,1,2048,64,1
"KERNEL_DISPATCH","Agent 2",1,0,220354,1067,21,"gdn_chunk_kkt_solve",1067,9374482208486,9374482229127,11776,0,104,0,128,128,1,1,1024,16,1
"KERNEL_DISPATCH","Agent 2",1,0,220354,1288,24,"gemm_mq4g256v2_residual_mmq_iu4_full_set_symfold",1288,9374666203965,9374672081119,0,0,184,0,128,256,1,1,34816,64,1
"KERNEL_DISPATCH","Agent 2",1,0,220354,1283,22,"gdn_chunk_scan",1283,9374656563843,9374656661964,60928,0,192,0,128,512,1,1,512,48,1
"KERNEL_DISPATCH","Agent 2",1,0,220354,1072,22,"gdn_chunk_scan",1072,9374482464090,9374482553451,60928,0,192,0,128,512,1,1,512,48,1
"KERNEL_DISPATCH","Agent 2",1,0,220354,1278,21,"gdn_chunk_kkt_solve",1278,9374656283800,9374656306240,11776,0,104,0,128,128,1,1,1024,16,1
"KERNEL_DISPATCH","Agent 2",1,0,220354,3017,22,"gdn_chunk_scan",3017,9376279521451,9376279619412,60928,0,192,0,128,512,1,1,512,48,1
"KERNEL_DISPATCH","Agent 2",1,0,220354,1273,22,"gdn_chunk_scan",1273,9374655928315,9374656025956,60928,0,192,0,128,512,1,1,512,48,1
"KERNEL_DISPATCH","Agent 2",1,0,220354,1077,21,"gdn_chunk_kkt_solve",1077,9374482789894,9374482810934,11776,0,104,0,128,128,1,1,1024,16,1
"KERNEL_DISPATCH","Agent 2",1,0,220354,1082,22,"gdn_chunk_scan",1082,9374483043137,9374483129818,60928,0,192,0,128,512,1,1,512,48,1
"KERNEL_DISPATCH","Agent 2",1,0,220354,1087,28,"gated_norm_mq_rotate_awq_i4_gfx12",1087,9374483360701,9374484243192,1024,0,40,0,128,64,1,1,1536,8192,1
"KERNEL_DISPATCH","Agent 2",1,0,220354,1092,29,"fused_silu_mul_mq_rotate_awq_i4_gfx12",1092,9374497910564,9374500034231,0,0,56,0,128,32,1,1,2176,8192,1
"KERNEL_DISPATCH","Agent 2",1,0,220354,1268,21,"gdn_chunk_kkt_solve",1268,9374655644512,9374655667312,11776,0,104,0,128,128,1,1,1024,16,1
"KERNEL_DISPATCH","Agent 2",1,0,220354,1097,24,"gemm_mq4g256v2_residual_mmq_iu4_full_set_symfold",1097,9374512270265,9374512331066,0,0,184,0,128,256,1,1,256,64,1
"KERNEL_DISPATCH","Agent 2",1,0,220354,1263,22,"gdn_chunk_scan",1263,9374655285427,9374655384788,60928,0,192,0,128,512,1,1,512,48,1
"KERNEL_DISPATCH","Agent 2",1,0,220354,1258,21,"gdn_chunk_kkt_solve",1258,9374655001423,9374655024224,11776,0,104,0,128,128,1,1,1024,16,1
"KERNEL_DISPATCH","Agent 2",1,0,220354,1253,22,"gdn_chunk_scan",1253,9374654638099,9374654740540,60928,0,192,0,128,512,1,1,512,48,1
"KERNEL_DISPATCH","Agent 2",1,0,220354,1248,24,"gemm_mq4g256v2_residual_mmq_iu4_full_set_symfold",1248,9374651495019,9374653567605,0,0,184,0,128,256,1,1,12288,64,1
"KERNEL_DISPATCH","Agent 2",1,0,220354,1243,24,"gemm_mq4g256v2_residual_mmq_iu4_full_set_symfold",1243,9374633347231,9374639302506,0,0,184,0,128,256,1,1,34816,64,1
"KERNEL_DISPATCH","Agent 2",1,0,220354,1238,22,"gdn_chunk_scan",1238,9374623682229,9374623781390,60928,0,192,0,128,512,1,1,512,48,1
"KERNEL_DISPATCH","Agent 2",1,0,220354,1233,21,"gdn_chunk_kkt_solve",1233,9374623399585,9374623422146,11776,0,104,0,128,128,1,1,1024,16,1
"KERNEL_DISPATCH","Agent 2",1,0,220354,1228,22,"gdn_chunk_scan",1228,9374623040741,9374623139382,60928,0,192,0,128,512,1,1,512,48,1
"KERNEL_DISPATCH","Agent 2",1,0,220354,1223,21,"gdn_chunk_kkt_solve",1223,9374622757737,9374622780297,11776,0,104,0,128,128,1,1,1024,16,1
"KERNEL_DISPATCH","Agent 2",1,0,220354,1218,22,"gdn_chunk_scan",1218,9374622397173,9374622496614,60928,0,192,0,128,512,1,1,512,48,1
"KERNEL_DISPATCH","Agent 2",1,0,220354,1213,21,"gdn_chunk_kkt_solve",1213,9374622114609,9374622137249,11776,0,104,0,128,128,1,1,1024,16,1
"KERNEL_DISPATCH","Agent 2",1,0,220354,1208,22,"gdn_chunk_scan",1208,9374621750124,9374621853086,60928,0,192,0,128,512,1,1,512,48,1
"KERNEL_DISPATCH","Agent 2",1,0,220354,1203,24,"gemm_mq4g256v2_residual_mmq_iu4_full_set_symfold",1203,9374618578765,9374620676151,0,0,184,0,128,256,1,1,12288,64,1
"KERNEL_DISPATCH","Agent 2",1,0,220354,1198,24,"gemm_mq4g256v2_residual_mmq_iu4_full_set_symfold",1198,9374600576058,9374606422411,0,0,184,0,128,256,1,1,34816,64,1
"KERNEL_DISPATCH","Agent 2",1,0,220354,1193,22,"gdn_chunk_scan",1193,9374590982297,9374591079338,60928,0,192,0,128,512,1,1,512,48,1
"KERNEL_DISPATCH","Agent 2",1,0,220354,1188,21,"gdn_chunk_kkt_solve",1188,9374590702093,9374590724454,11776,0,104,0,128,128,1,1,1024,16,1
"KERNEL_DISPATCH","Agent 2",1,0,220354,1183,22,"gdn_chunk_scan",1183,9374590344929,9374590443690,60928,0,192,0,128,512,1,1,512,48,1
"KERNEL_DISPATCH","Agent 2",1,0,220354,1178,21,"gdn_chunk_kkt_solve",1178,9374590063325,9374590086086,11776,0,104,0,128,128,1,1,1024,16,1
"KERNEL_DISPATCH","Agent 2",1,0,220354,1384,22,"gdn_chunk_scan",1384,9374764071798,9374764169239,60928,0,192,0,128,512,1,1,512,48,1
"KERNEL_DISPATCH","Agent 2",1,0,220354,1379,21,"gdn_chunk_kkt_solve",1379,9374763791194,9374763813594,11776,0,104,0,128,128,1,1,1024,16,1
"KERNEL_DISPATCH","Agent 2",1,0,220354,1374,22,"gdn_chunk_scan",1374,9374763431790,9374763530311,60928,0,192,0,128,512,1,1,512,48,1
"KERNEL_DISPATCH","Agent 2",1,0,220354,1369,21,"gdn_chunk_kkt_solve",1369,9374763148146,9374763170386,11776,0,104,0,128,128,1,1,1024,16,1
"KERNEL_DISPATCH","Agent 2",1,0,220354,1364,22,"gdn_chunk_scan",1364,9374762788421,9374762887183,60928,0,192,0,128,512,1,1,512,48,1
"KERNEL_DISPATCH","Agent 2",1,0,220354,1359,21,"gdn_chunk_kkt_solve",1359,9374762501658,9374762524458,11776,0,104,0,128,128,1,1,1024,16,1
"KERNEL_DISPATCH","Agent 2",1,0,220354,1354,24,"gemm_mq4g256v2_residual_mmq_iu4_full_set_symfold",1354,9374755902655,9374759372258,0,0,184,0,128,256,1,1,20480,64,1
"KERNEL_DISPATCH","Agent 2",1,0,220354,1349,24,"gemm_mq4g256v2_residual_mmq_iu4_full_set_symfold",1349,9374735539798,9374741339471,0,0,184,0,128,256,1,1,34816,64,1
"KERNEL_DISPATCH","Agent 2",1,0,220354,1344,21,"gdn_chunk_kkt_solve",1344,9374731772311,9374731795191,11776,0,104,0,128,128,1,1,1024,16,1
"KERNEL_DISPATCH","Agent 2",1,0,220354,1339,22,"gdn_chunk_scan",1339,9374731416386,9374731514267,60928,0,192,0,128,512,1,1,512,48,1
"KERNEL_DISPATCH","Agent 2",1,0,220354,3012,21,"gdn_chunk_kkt_solve",3012,9376279241887,9376279263848,11776,0,104,0,128,128,1,1,1024,16,1
"KERNEL_DISPATCH","Agent 2",1,0,220354,1334,21,"gdn_chunk_kkt_solve",1334,9374731136703,9374731159103,11776,0,104,0,128,128,1,1,1024,16,1
"KERNEL_DISPATCH","Agent 2",1,0,220354,3007,22,"gdn_chunk_scan",3007,9376278887443,9376278985724,60928,0,192,0,128,512,1,1,512,48,1
"KERNEL_DISPATCH","Agent 2",1,0,220354,1329,22,"gdn_chunk_scan",1329,9374730780778,9374730879019,60928,0,192,0,128,512,1,1,512,48,1
"KERNEL_DISPATCH","Agent 2",1,0,220354,3002,21,"gdn_chunk_kkt_solve",3002,9376278606519,9376278628880,11776,0,104,0,128,128,1,1,1024,16,1
"KERNEL_DISPATCH","Agent 2",1,0,220354,2997,22,"gdn_chunk_scan",2997,9376278249275,9376278347356,60928,0,192,0,128,512,1,1,512,48,1
"KERNEL_DISPATCH","Agent 2",1,0,220354,2992,21,"gdn_chunk_kkt_solve",2992,9376277968711,9376277991432,11776,0,104,0,128,128,1,1,1024,16,1
"KERNEL_DISPATCH","Agent 2",1,0,220354,2987,22,"gdn_chunk_scan",2987,9376277607187,9376277709148,60928,0,192,0,128,512,1,1,512,48,1
"KERNEL_DISPATCH","Agent 2",1,0,220354,2982,24,"gemm_mq4g256v2_residual_mmq_iu4_full_set_symfold",2982,9376274471147,9376276529693,0,0,184,0,128,256,1,1,12288,64,1
"KERNEL_DISPATCH","Agent 2",1,0,220354,2977,24,"gemm_mq4g256v2_residual_mmq_iu4_full_set_symfold",2977,9376256751124,9376262399195,0,0,184,0,128,256,1,1,34816,64,1
"KERNEL_DISPATCH","Agent 2",1,0,220354,2972,43,"attention_fp8_e4m3_fa2_gqa_packet_gfx1201",2972,9376235502656,9376247879052,0,0,240,0,128,256,1,1,6144,4,16
"KERNEL_DISPATCH","Agent 2",1,0,220354,2967,30,"deinterleave_q_rmsnorm_f32_batched",2967,9376233328269,9376234725447,0,0,24,0,128,256,1,1,6144,8192,1
"KERNEL_DISPATCH","Agent 2",1,0,220354,2962,25,"gemm_mq4g256v2_residual_mmq_iu4_full_add_symfold",2962,9376221889325,9376227948601,0,0,184,0,128,256,1,1,10240,64,1
"KERNEL_DISPATCH","Agent 2",1,0,220354,2957,25,"gemm_mq4g256v2_residual_mmq_iu4_full_add_symfold",2957,9376205333156,9376207543824,0,0,184,0,128,256,1,1,10240,64,1
"KERNEL_DISPATCH","Agent 2",1,0,220354,2952,21,"gdn_chunk_kkt_solve",2952,9376204068860,9376204091301,11776,0,104,0,128,128,1,1,1024,16,1
"KERNEL_DISPATCH","Agent 2",1,0,220354,2947,22,"gdn_chunk_scan",2947,9376203708936,9376203808297,60928,0,192,0,128,512,1,1,512,48,1
"KERNEL_DISPATCH","Agent 2",1,0,220354,2942,21,"gdn_chunk_kkt_solve",2942,9376203424492,9376203447212,11776,0,104,0,128,128,1,1,1024,16,1
"KERNEL_DISPATCH","Agent 2",1,0,220354,2937,22,"gdn_chunk_scan",2937,9376203064208,9376203163609,60928,0,192,0,128,512,1,1,512,48,1
"KERNEL_DISPATCH","Agent 2",1,0,220354,2932,21,"gdn_chunk_kkt_solve",2932,9376202776884,9376202799964,11776,0,104,0,128,128,1,1,1024,16,1
"KERNEL_DISPATCH","Agent 2",1,0,220354,2927,22,"gdn_chunk_scan",2927,9376202412079,9376202512281,60928,0,192,0,128,512,1,1,512,48,1
"KERNEL_DISPATCH","Agent 2",1,0,220354,1173,22,"gdn_chunk_scan",1173,9374589703241,9374589802522,60928,0,192,0,128,512,1,1,512,48,1
"KERNEL_DISPATCH","Agent 2",1,0,220354,1168,21,"gdn_chunk_kkt_solve",1168,9374589419317,9374589442037,11776,0,104,0,128,128,1,1,1024,16,1
"KERNEL_DISPATCH","Agent 2",1,0,220354,2922,24,"gemm_mq4g256v2_residual_mmq_iu4_full_set_symfold",2922,9376201282345,9376201341906,0,0,184,0,128,256,1,1,256,64,1
"KERNEL_DISPATCH","Agent 2",1,0,220354,2917,25,"gemm_mq4g256v2_residual_mmq_iu4_full_add_symfold",2917,9376189064711,9376195087987,0,0,184,0,128,256,1,1,10240,64,1
"KERNEL_DISPATCH","Agent 2",1,0,220354,1163,22,"gdn_chunk_scan",1163,9374589057473,9374589159474,60928,0,192,0,128,512,1,1,512,48,1
"KERNEL_DISPATCH","Agent 2",1,0,220354,1158,24,"gemm_mq4g256v2_residual_mmq_iu4_full_set_symfold",1158,9374585927633,9374587988539,0,0,184,0,128,256,1,1,12288,64,1
"KERNEL_DISPATCH","Agent 2",1,0,220354,2912,25,"gemm_mq4g256v2_residual_mmq_iu4_full_add_symfold",2912,9376172509503,9376174706850,0,0,184,0,128,256,1,1,10240,64,1
"KERNEL_DISPATCH","Agent 2",1,0,220354,2907,21,"gdn_chunk_kkt_solve",2907,9376171251567,9376171273767,11776,0,104,0,128,128,1,1,1024,16,1
"KERNEL_DISPATCH","Agent 2",1,0,220354,1153,24,"gemm_mq4g256v2_residual_mmq_iu4_full_set_symfold",1153,9374568215530,9374573861881,0,0,184,0,128,256,1,1,34816,64,1
"KERNEL_DISPATCH","Agent 2",1,0,220354,1148,43,"attention_fp8_e4m3_fa2_gqa_packet_gfx1201",1148,9374546956942,9374559417059,0,0,240,0,128,256,1,1,6144,4,16
"KERNEL_DISPATCH","Agent 2",1,0,220354,1143,30,"deinterleave_q_rmsnorm_f32_batched",1143,9374544777755,9374546177452,0,0,24,0,128,256,1,1,6144,8192,1
"KERNEL_DISPATCH","Agent 2",1,0,220354,1138,25,"gemm_mq4g256v2_residual_mmq_iu4_full_add_symfold",1138,9374533089687,9374539352686,0,0,184,0,128,256,1,1,10240,64,1
"KERNEL_DISPATCH","Agent 2",1,0,220354,1133,25,"gemm_mq4g256v2_residual_mmq_iu4_full_add_symfold",1133,9374516379037,9374518602945,0,0,184,0,128,256,1,1,10240,64,1
"KERNEL_DISPATCH","Agent 2",1,0,220354,1128,21,"gdn_chunk_kkt_solve",1128,9374515109661,9374515132221,11776,0,104,0,128,128,1,1,1024,16,1
"KERNEL_DISPATCH","Agent 2",1,0,220354,1102,21,"gdn_chunk_kkt_solve",1102,9374513436280,9374513459280,11776,0,104,0,128,128,1,1,1024,16,1
"KERNEL_DISPATCH","Agent 2",1,0,220354,1123,22,"gdn_chunk_scan",1123,9374514751376,9374514850098,60928,0,192,0,128,512,1,1,512,48,1
"KERNEL_DISPATCH","Agent 2",1,0,220354,1107,22,"gdn_chunk_scan",1107,9374513720963,9374513820685,60928,0,192,0,128,512,1,1,512,48,1
"KERNEL_DISPATCH","Agent 2",1,0,220354,1118,21,"gdn_chunk_kkt_solve",1118,9374514468173,9374514490973,11776,0,104,0,128,128,1,1,1024,16,1
"KERNEL_DISPATCH","Agent 2",1,0,220354,1324,21,"gdn_chunk_kkt_solve",1324,9374730498935,9374730521295,11776,0,104,0,128,128,1,1,1024,16,1
"KERNEL_DISPATCH","Agent 2",1,0,220354,1112,21,"gdn_chunk_kkt_solve",1112,9374514082368,9374514105128,11776,0,104,0,128,128,1,1,1024,16,1
"KERNEL_DISPATCH","Agent 2",1,0,220354,1117,22,"gdn_chunk_scan",1117,9374514365412,9374514464733,60928,0,192,0,128,512,1,1,512,48,1
"KERNEL_DISPATCH","Agent 2",1,0,220354,1113,22,"gdn_chunk_scan",1113,9374514108688,9374514207490,60928,0,192,0,128,512,1,1,512,48,1
"KERNEL_DISPATCH","Agent 2",1,0,220354,1319,22,"gdn_chunk_scan",1319,9374730141210,9374730239531,60928,0,192,0,128,512,1,1,512,48,1
"KERNEL_DISPATCH","Agent 2",1,0,220354,1108,21,"gdn_chunk_kkt_solve",1108,9374513824085,9374513847245,11776,0,104,0,128,128,1,1,1024,16,1
"KERNEL_DISPATCH","Agent 2",1,0,220354,1122,21,"gdn_chunk_kkt_solve",1122,9374514725376,9374514747936,11776,0,104,0,128,128,1,1,1024,16,1
"KERNEL_DISPATCH","Agent 2",1,0,220354,1314,21,"gdn_chunk_kkt_solve",1314,9374729856527,9374729879167,11776,0,104,0,128,128,1,1,1024,16,1
"KERNEL_DISPATCH","Agent 2",1,0,220354,1309,24,"gemm_mq4g256v2_residual_mmq_iu4_full_set_symfold",1309,9374723271804,9374726718687,0,0,184,0,128,256,1,1,20480,64,1
"KERNEL_DISPATCH","Agent 2",1,0,220354,1103,22,"gdn_chunk_scan",1103,9374513462680,9374513561681,60928,0,192,0,128,512,1,1,512,48,1
"KERNEL_DISPATCH","Agent 2",1,0,220354,1127,22,"gdn_chunk_scan",1127,9374515007900,9374515106341,60928,0,192,0,128,512,1,1,512,48,1
"KERNEL_DISPATCH","Agent 2",1,0,220354,1132,28,"gated_norm_mq_rotate_awq_i4_gfx12",1132,9374515367504,9374516366797,1024,0,40,0,128,64,1,1,1536,8192,1
"KERNEL_DISPATCH","Agent 2",1,0,220354,1137,29,"fused_silu_mul_mq_rotate_awq_i4_gfx12",1137,9374530974021,9374533077367,0,0,56,0,128,32,1,1,2176,8192,1
"KERNEL_DISPATCH","Agent 2",1,0,220354,1142,24,"gemm_mq4g256v2_residual_mmq_iu4_full_set_symfold",1142,9374544420950,9374544774275,0,0,184,0,128,256,1,1,2048,64,1
"KERNEL_DISPATCH","Agent 2",1,0,220354,1147,35,"kv_cache_write_fp8_e4m3_batched",1147,9374546864421,9374546953462,0,0,56,0,128,32,1,1,128,8192,1
"KERNEL_DISPATCH","Agent 2",1,0,220354,1152,24,"gemm_mq4g256v2_residual_mmq_iu4_full_set_symfold",1152,9374562626820,9374568203450,0,0,184,0,128,256,1,1,34816,64,1
"KERNEL_DISPATCH","Agent 2",1,0,220354,1157,24,"gemm_mq4g256v2_residual_mmq_iu4_full_set_symfold",1157,9374582478990,9374585915513,0,0,184,0,128,256,1,1,20480,64,1
"KERNEL_DISPATCH","Agent 2",1,0,220354,1162,21,"gdn_chunk_kkt_solve",1162,9374589030832,9374589053673,11776,0,104,0,128,128,1,1,1024,16,1
"KERNEL_DISPATCH","Agent 2",1,0,220354,1167,22,"gdn_chunk_scan",1167,9374589317356,9374589415757,60928,0,192,0,128,512,1,1,512,48,1
"KERNEL_DISPATCH","Agent 2",1,0,220354,1172,21,"gdn_chunk_kkt_solve",1172,9374589676920,9374589699601,11776,0,104,0,128,128,1,1,1024,16,1
"KERNEL_DISPATCH","Agent 2",1,0,220354,1177,22,"gdn_chunk_scan",1177,9374589961644,9374590059765,60928,0,192,0,128,512,1,1,512,48,1
"KERNEL_DISPATCH","Agent 2",1,0,220354,1182,21,"gdn_chunk_kkt_solve",1182,9374590318848,9374590341449,11776,0,104,0,128,128,1,1,1024,16,1
"KERNEL_DISPATCH","Agent 2",1,0,220354,1187,22,"gdn_chunk_scan",1187,9374590600572,9374590698533,60928,0,192,0,128,512,1,1,512,48,1
"KERNEL_DISPATCH","Agent 2",1,0,220354,1192,21,"gdn_chunk_kkt_solve",1192,9374590956577,9374590978937,11776,0,104,0,128,128,1,1,1024,16,1
"KERNEL_DISPATCH","Agent 2",1,0,220354,1197,24,"gemm_mq4g256v2_residual_mmq_iu4_full_set_symfold",1197,9374594736664,9374600563698,0,0,184,0,128,256,1,1,34816,64,1
"KERNEL_DISPATCH","Agent 2",1,0,220354,1202,24,"gemm_mq4g256v2_residual_mmq_iu4_full_set_symfold",1202,9374615083200,9374618566444,0,0,184,0,128,256,1,1,20480,64,1
"KERNEL_DISPATCH","Agent 2",1,0,220354,1207,21,"gdn_chunk_kkt_solve",1207,9374621723564,9374621746444,11776,0,104,0,128,128,1,1,1024,16,1
"KERNEL_DISPATCH","Agent 2",1,0,220354,1212,22,"gdn_chunk_scan",1212,9374622012448,9374622111129,60928,0,192,0,128,512,1,1,512,48,1
"KERNEL_DISPATCH","Agent 2",1,0,220354,1217,21,"gdn_chunk_kkt_solve",1217,9374622371252,9374622393733,11776,0,104,0,128,128,1,1,1024,16,1
"KERNEL_DISPATCH","Agent 2",1,0,220354,2902,22,"gdn_chunk_scan",2902,9376170895242,9376170994324,60928,0,192,0,128,512,1,1,512,48,1
"KERNEL_DISPATCH","Agent 2",1,0,220354,1222,22,"gdn_chunk_scan",1222,9374622655456,9374622754377,60928,0,192,0,128,512,1,1,512,48,1
"KERNEL_DISPATCH","Agent 2",1,0,220354,2897,21,"gdn_chunk_kkt_solve",2897,9376170611839,9376170633479,11776,0,104,0,128,128,1,1,1024,16,1
"KERNEL_DISPATCH","Agent 2",1,0,220354,1098,24,"gemm_mq4g256v2_residual_mmq_iu4_full_set_symfold",1098,9374512334506,9374512393547,0,0,184,0,128,256,1,1,256,64,1
"KERNEL_DISPATCH","Agent 2",1,0,220354,1304,24,"gemm_mq4g256v2_residual_mmq_iu4_full_set_symfold",1304,9374703496834,9374709021504,0,0,184,0,128,256,1,1,34816,64,1
"KERNEL_DISPATCH","Agent 2",1,0,220354,2892,22,"gdn_chunk_scan",2892,9376170246554,9376170345195,60928,0,192,0,128,512,1,1,512,48,1
"KERNEL_DISPATCH","Agent 2",1,0,220354,1093,25,"gemm_mq4g256v2_residual_mmq_iu4_full_add_symfold",1093,9374500038111,9374506153588,0,0,184,0,128,256,1,1,10240,64,1
"KERNEL_DISPATCH","Agent 2",1,0,220354,2887,21,"gdn_chunk_kkt_solve",2887,9376169963791,9376169986631,11776,0,104,0,128,128,1,1,1024,16,1
"KERNEL_DISPATCH","Agent 2",1,0,220354,1088,25,"gemm_mq4g256v2_residual_mmq_iu4_full_add_symfold",1088,9374484255232,9374486223777,0,0,184,0,128,256,1,1,10240,64,1
"KERNEL_DISPATCH","Agent 2",1,0,220354,2882,22,"gdn_chunk_scan",2882,9376169603026,9376169701947,60928,0,192,0,128,512,1,1,512,48,1
"KERNEL_DISPATCH","Agent 2",1,0,220354,1083,21,"gdn_chunk_kkt_solve",1083,9374483133058,9374483153218,11776,0,104,0,128,128,1,1,1024,16,1
"KERNEL_DISPATCH","Agent 2",1,0,220354,1299,35,"kv_cache_write_fp8_e4m3_batched",1299,9374687744756,9374687833677,0,0,56,0,128,32,1,1,128,8192,1
"KERNEL_DISPATCH","Agent 2",1,0,220354,1078,22,"gdn_chunk_scan",1078,9374482814134,9374482903495,60928,0,192,0,128,512,1,1,512,48,1
"KERNEL_DISPATCH","Agent 2",1,0,220354,2877,24,"gemm_mq4g256v2_residual_mmq_iu4_full_set_symfold",2877,9376168475612,9376168534093,0,0,184,0,128,256,1,1,256,64,1
"KERNEL_DISPATCH","Agent 2",1,0,220354,1294,24,"gemm_mq4g256v2_residual_mmq_iu4_full_set_symfold",1294,9374685314205,9374685665810,0,0,184,0,128,256,1,1,2048,64,1
"KERNEL_DISPATCH","Agent 2",1,0,220354,1073,21,"gdn_chunk_kkt_solve",1073,9374482556811,9374482577571,11776,0,104,0,128,128,1,1,1024,16,1
"KERNEL_DISPATCH","Agent 2",1,0,220354,1289,29,"fused_silu_mul_mq_rotate_awq_i4_gfx12",1289,9374672093319,9374674209225,0,0,56,0,128,32,1,1,2176,8192,1
"KERNEL_DISPATCH","Agent 2",1,0,220354,1068,22,"gdn_chunk_scan",1068,9374482232327,9374482321008,60928,0,192,0,128,512,1,1,512,48,1
"KERNEL_DISPATCH","Agent 2",1,0,220354,1284,28,"gated_norm_mq_rotate_awq_i4_gfx12",1284,9374656665644,9374657656897,1024,0,40,0,128,64,1,1,1536,8192,1
"KERNEL_DISPATCH","Agent 2",1,0,220354,1063,21,"gdn_chunk_kkt_solve",1063,9374481976723,9374481997284,11776,0,104,0,128,128,1,1,1024,16,1
"KERNEL_DISPATCH","Agent 2",1,0,220354,1058,22,"gdn_chunk_scan",1058,9374481644839,9374481736400,60928,0,192,0,128,512,1,1,512,48,1
"KERNEL_DISPATCH","Agent 2",1,0,220354,1053,24,"gemm_mq4g256v2_residual_mmq_iu4_full_set_symfold",1053,9374480537625,9374480592906,0,0,184,0,128,256,1,1,256,64,1
"KERNEL_DISPATCH","Agent 2",1,0,220354,1048,25,"gemm_mq4g256v2_residual_mmq_iu4_full_add_symfold",1048,9374469122362,9374474562070,0,0,184,0,128,256,1,1,10240,64,1
"KERNEL_DISPATCH","Agent 2",1,0,220354,1043,25,"gemm_mq4g256v2_residual_mmq_iu4_full_add_symfold",1043,9374453239481,9374455157226,0,0,184,0,128,256,1,1,10240,64,1
"KERNEL_DISPATCH","Agent 2",1,0,220354,1038,21,"gdn_chunk_kkt_solve",1038,9374452099667,9374452120387,11776,0,104,0,128,128,1,1,1024,16,1
"KERNEL_DISPATCH","Agent 2",1,0,220354,1033,22,"gdn_chunk_scan",1033,9374451768503,9374451862264,60928,0,192,0,128,512,1,1,512,48,1
"KERNEL_DISPATCH","Agent 2",1,0,220354,1028,21,"gdn_chunk_kkt_solve",1028,9374451498339,9374451519860,11776,0,104,0,128,128,1,1,1024,16,1
"KERNEL_DISPATCH","Agent 2",1,0,220354,1023,22,"gdn_chunk_scan",1023,9374451157135,9374451250776,60928,0,192,0,128,512,1,1,512,48,1
"KERNEL_DISPATCH","Agent 2",1,0,220354,1018,21,"gdn_chunk_kkt_solve",1018,9374450886652,9374450908812,11776,0,104,0,128,128,1,1,1024,16,1
"KERNEL_DISPATCH","Agent 2",1,0,220354,1013,22,"gdn_chunk_scan",1013,9374450539167,9374450634769,60928,0,192,0,128,512,1,1,512,48,1
"KERNEL_DISPATCH","Agent 2",1,0,220354,1008,24,"gemm_mq4g256v2_residual_mmq_iu4_full_set_symfold",1008,9374449420793,9374449476194,0,0,184,0,128,256,1,1,256,64,1
"KERNEL_DISPATCH","Agent 2",1,0,220354,1003,25,"gemm_mq4g256v2_residual_mmq_iu4_full_add_symfold",1003,9374438334614,9374443774962,0,0,184,0,128,256,1,1,10240,64,1
"KERNEL_DISPATCH","Agent 2",1,0,220354,998,25,"gemm_mq4g256v2_residual_mmq_iu4_full_add_symfold",998,9374422978340,9374424968005,0,0,184,0,128,256,1,1,10240,64,1
"KERNEL_DISPATCH","Agent 2",1,0,220354,993,33,"rope_partial_halfsplit_batched_f32",993,9374410030937,9374410395142,0,0,16,0,128,32,1,1,32,8192,1
"KERNEL_DISPATCH","Agent 2",1,0,220354,988,24,"gemm_mq4g256v2_residual_mmq_iu4_full_set_symfold",988,9374403776258,9374407698588,0,0,184,0,128,256,1,1,24576,64,1
"KERNEL_DISPATCH","Agent 2",1,0,220354,983,24,"gemm_mq4g256v2_residual_mmq_iu4_full_set_symfold",983,9374384462455,9374390020325,0,0,184,0,128,256,1,1,34816,64,1
"KERNEL_DISPATCH","Agent 2",1,0,220354,978,21,"gdn_chunk_kkt_solve",978,9374380880370,9374380902010,11776,0,104,0,128,128,1,1,1024,16,1
"KERNEL_DISPATCH","Agent 2",1,0,220354,973,22,"gdn_chunk_scan",973,9374380544606,9374380636807,60928,0,192,0,128,512,1,1,512,48,1
"KERNEL_DISPATCH","Agent 2",1,0,220354,968,21,"gdn_chunk_kkt_solve",968,9374380278802,9374380299922,11776,0,104,0,128,128,1,1,1024,16,1
"KERNEL_DISPATCH","Agent 2",1,0,220354,1227,21,"gdn_chunk_kkt_solve",1227,9374623014700,9374623037261,11776,0,104,0,128,128,1,1,1024,16,1
"KERNEL_DISPATCH","Agent 2",1,0,220354,963,22,"gdn_chunk_scan",963,9374379943198,9374380035239,60928,0,192,0,128,512,1,1,512,48,1
"KERNEL_DISPATCH","Agent 2",1,0,220354,958,21,"gdn_chunk_kkt_solve",958,9374379673995,9374379695475,11776,0,104,0,128,128,1,1,1024,16,1
"KERNEL_DISPATCH","Agent 2",1,0,220354,953,22,"gdn_chunk_scan",953,9374379331630,9374379425231,60928,0,192,0,128,512,1,1,512,48,1
"KERNEL_DISPATCH","Agent 2",1,0,220354,948,21,"gdn_chunk_kkt_solve",948,9374379058347,9374379080227,11776,0,104,0,128,128,1,1,1024,16,1
"KERNEL_DISPATCH","Agent 2",1,0,220354,943,24,"gemm_mq4g256v2_residual_mmq_iu4_full_set_symfold",943,9374372754747,9374376033869,0,0,184,0,128,256,1,1,20480,64,1
"KERNEL_DISPATCH","Agent 2",1,0,220354,938,24,"gemm_mq4g256v2_residual_mmq_iu4_full_set_symfold",938,9374353232821,9374358900133,0,0,184,0,128,256,1,1,34816,64,1
"KERNEL_DISPATCH","Agent 2",1,0,220354,2872,25,"gemm_mq4g256v2_residual_mmq_iu4_full_add_symfold",2872,9376156277498,9376162346735,0,0,184,0,128,256,1,1,10240,64,1
"KERNEL_DISPATCH","Agent 2",1,0,220354,933,21,"gdn_chunk_kkt_solve",933,9374349607136,9374349628616,11776,0,104,0,128,128,1,1,1024,16,1
"KERNEL_DISPATCH","Agent 2",1,0,220354,2867,25,"gemm_mq4g256v2_residual_mmq_iu4_full_add_symfold",2867,9376139766570,9376141931517,0,0,184,0,128,256,1,1,10240,64,1
"KERNEL_DISPATCH","Agent 2",1,0,220354,928,22,"gdn_chunk_scan",928,9374349268691,9374349361373,60928,0,192,0,128,512,1,1,512,48,1
"KERNEL_DISPATCH","Agent 2",1,0,220354,2862,21,"gdn_chunk_kkt_solve",2862,9376138513154,9376138535595,11776,0,104,0,128,128,1,1,1024,16,1
"KERNEL_DISPATCH","Agent 2",1,0,220354,923,21,"gdn_chunk_kkt_solve",923,9374349001848,9374349023288,11776,0,104,0,128,128,1,1,1024,16,1
"KERNEL_DISPATCH","Agent 2",1,0,220354,2857,22,"gdn_chunk_scan",2857,9376138159910,9376138257271,60928,0,192,0,128,512,1,1,512,48,1
"KERNEL_DISPATCH","Agent 2",1,0,220354,918,22,"gdn_chunk_scan",918,9374348662124,9374348755485,60928,0,192,0,128,512,1,1,512,48,1
"KERNEL_DISPATCH","Agent 2",1,0,220354,913,21,"gdn_chunk_kkt_solve",913,9374348393520,9374348414961,11776,0,104,0,128,128,1,1,1024,16,1
"KERNEL_DISPATCH","Agent 2",1,0,220354,908,22,"gdn_chunk_scan",908,9374348052916,9374348146077,60928,0,192,0,128,512,1,1,512,48,1
"KERNEL_DISPATCH","Agent 2",1,0,220354,903,21,"gdn_chunk_kkt_solve",903,9374347779513,9374347801393,11776,0,104,0,128,128,1,1,1024,16,1
"KERNEL_DISPATCH","Agent 2",1,0,220354,899,24,"gemm_mq4g256v2_residual_mmq_iu4_full_set_symfold",899,9374344769875,9374346740940,0,0,184,0,128,256,1,1,12288,64,1
"KERNEL_DISPATCH","Agent 2",1,0,220354,904,22,"gdn_chunk_scan",904,9374347805433,9374347903514,60928,0,192,0,128,512,1,1,512,48,1
"KERNEL_DISPATCH","Agent 2",1,0,220354,909,21,"gdn_chunk_kkt_solve",909,9374348149437,9374348171438,11776,0,104,0,128,128,1,1,1024,16,1
"KERNEL_DISPATCH","Agent 2",1,0,220354,914,22,"gdn_chunk_scan",914,9374348418321,9374348512042,60928,0,192,0,128,512,1,1,512,48,1
"KERNEL_DISPATCH","Agent 2",1,0,220354,919,21,"gdn_chunk_kkt_solve",919,9374348758885,9374348780245,11776,0,104,0,128,128,1,1,1024,16,1
"KERNEL_DISPATCH","Agent 2",1,0,220354,924,22,"gdn_chunk_scan",924,9374349026568,9374349119370,60928,0,192,0,128,512,1,1,512,48,1
"KERNEL_DISPATCH","Agent 2",1,0,220354,929,21,"gdn_chunk_kkt_solve",929,9374349364653,9374349386173,11776,0,104,0,128,128,1,1,1024,16,1
"KERNEL_DISPATCH","Agent 2",1,0,220354,934,22,"gdn_chunk_scan",934,9374349631936,9374349724417,60928,0,192,0,128,512,1,1,512,48,1
"KERNEL_DISPATCH","Agent 2",1,0,220354,939,24,"gemm_mq4g256v2_residual_mmq_iu4_full_set_symfold",939,9374358912253,9374364501923,0,0,184,0,128,256,1,1,34816,64,1
"KERNEL_DISPATCH","Agent 2",1,0,220354,944,24,"gemm_mq4g256v2_residual_mmq_iu4_full_set_symfold",944,9374376046149,9374378019654,0,0,184,0,128,256,1,1,12288,64,1
"KERNEL_DISPATCH","Agent 2",1,0,220354,949,22,"gdn_chunk_scan",949,9374379084027,9374379180788,60928,0,192,0,128,512,1,1,512,48,1
"KERNEL_DISPATCH","Agent 2",1,0,220354,954,21,"gdn_chunk_kkt_solve",954,9374379428631,9374379450272,11776,0,104,0,128,128,1,1,1024,16,1
"KERNEL_DISPATCH","Agent 2",1,0,220354,959,22,"gdn_chunk_scan",959,9374379699075,9374379793116,60928,0,192,0,128,512,1,1,512,48,1
"KERNEL_DISPATCH","Agent 2",1,0,220354,964,21,"gdn_chunk_kkt_solve",964,9374380038679,9374380059999,11776,0,104,0,128,128,1,1,1024,16,1
"KERNEL_DISPATCH","Agent 2",1,0,220354,969,22,"gdn_chunk_scan",969,9374380303242,9374380395124,60928,0,192,0,128,512,1,1,512,48,1
"KERNEL_DISPATCH","Agent 2",1,0,220354,974,21,"gdn_chunk_kkt_solve",974,9374380640167,9374380661087,11776,0,104,0,128,128,1,1,1024,16,1
"KERNEL_DISPATCH","Agent 2",1,0,220354,979,22,"gdn_chunk_scan",979,9374380905290,9374380997531,60928,0,192,0,128,512,1,1,512,48,1
"KERNEL_DISPATCH","Agent 2",1,0,220354,984,24,"gemm_mq4g256v2_residual_mmq_iu4_full_set_symfold",984,9374390032405,9374395574915,0,0,184,0,128,256,1,1,34816,64,1
"KERNEL_DISPATCH","Agent 2",1,0,220354,989,24,"gemm_mq4g256v2_residual_mmq_iu4_full_set_symfold",989,9374407710788,9374408054712,0,0,184,0,128,256,1,1,2048,64,1
"KERNEL_DISPATCH","Agent 2",1,0,220354,1232,22,"gdn_chunk_scan",1232,9374623297624,9374623396025,60928,0,192,0,128,512,1,1,512,48,1
"KERNEL_DISPATCH","Agent 2",1,0,220354,1237,21,"gdn_chunk_kkt_solve",1237,9374623655788,9374623678709,11776,0,104,0,128,128,1,1,1024,16,1
"KERNEL_DISPATCH","Agent 2",1,0,220354,1242,24,"gemm_mq4g256v2_residual_mmq_iu4_full_set_symfold",1242,9374627456796,9374633334830,0,0,184,0,128,256,1,1,34816,64,1
"KERNEL_DISPATCH","Agent 2",1,0,220354,1247,24,"gemm_mq4g256v2_residual_mmq_iu4_full_set_symfold",1247,9374648007895,9374651482699,0,0,184,0,128,256,1,1,20480,64,1
"KERNEL_DISPATCH","Agent 2",1,0,220354,1252,21,"gdn_chunk_kkt_solve",1252,9374654611579,9374654634339,11776,0,104,0,128,128,1,1,1024,16,1
"KERNEL_DISPATCH","Agent 2",1,0,220354,1279,22,"gdn_chunk_scan",1279,9374656309760,9374656407241,60928,0,192,0,128,512,1,1,512,48,1
"KERNEL_DISPATCH","Agent 2",1,0,220354,1257,22,"gdn_chunk_scan",1257,9374654899422,9374654998023,60928,0,192,0,128,512,1,1,512,48,1
"KERNEL_DISPATCH","Agent 2",1,0,220354,1274,21,"gdn_chunk_kkt_solve",1274,9374656029356,9374656052237,11776,0,104,0,128,128,1,1,1024,16,1
"KERNEL_DISPATCH","Agent 2",1,0,220354,1269,22,"gdn_chunk_scan",1269,9374655670952,9374655770113,60928,0,192,0,128,512,1,1,512,48,1
"KERNEL_DISPATCH","Agent 2",1,0,220354,2852,21,"gdn_chunk_kkt_solve",2852,9376137880266,9376137902747,11776,0,104,0,128,128,1,1,1024,16,1
"KERNEL_DISPATCH","Agent 2",1,0,220354,1264,21,"gdn_chunk_kkt_solve",1264,9374655388108,9374655410949,11776,0,104,0,128,128,1,1,1024,16,1
"KERNEL_DISPATCH","Agent 2",1,0,220354,1259,22,"gdn_chunk_scan",1259,9374655027824,9374655126745,60928,0,192,0,128,512,1,1,512,48,1
"KERNEL_DISPATCH","Agent 2",1,0,220354,2847,22,"gdn_chunk_scan",2847,9376137523862,9376137621383,60928,0,192,0,128,512,1,1,512,48,1
"KERNEL_DISPATCH","Agent 2",1,0,220354,2842,21,"gdn_chunk_kkt_solve",2842,9376137241538,9376137264099,11776,0,104,0,128,128,1,1,1024,16,1
"KERNEL_DISPATCH","Agent 2",1,0,220354,1254,21,"gdn_chunk_kkt_solve",1254,9374654744020,9374654767580,11776,0,104,0,128,128,1,1,1024,16,1
"KERNEL_DISPATCH","Agent 2",1,0,220354,1249,24,"gemm_mq4g256v2_residual_mmq_iu4_full_set_symfold",1249,9374653579846,9374653641566,0,0,184,0,128,256,1,1,256,64,1
"KERNEL_DISPATCH","Agent 2",1,0,220354,1244,29,"fused_silu_mul_mq_rotate_awq_i4_gfx12",1244,9374639314906,9374641424932,0,0,56,0,128,32,1,1,2176,8192,1
"KERNEL_DISPATCH","Agent 2",1,0,220354,1239,28,"gated_norm_mq_rotate_awq_i4_gfx12",1239,9374623784950,9374624777403,1024,0,40,0,128,64,1,1,1536,8192,1
"KERNEL_DISPATCH","Agent 2",1,0,220354,1234,22,"gdn_chunk_scan",1234,9374623425586,9374623523907,60928,0,192,0,128,512,1,1,512,48,1
"KERNEL_DISPATCH","Agent 2",1,0,220354,1229,21,"gdn_chunk_kkt_solve",1229,9374623142902,9374623165622,11776,0,104,0,128,128,1,1,1024,16,1
"KERNEL_DISPATCH","Agent 2",1,0,220354,1224,22,"gdn_chunk_scan",1224,9374622783778,9374622882979,60928,0,192,0,128,512,1,1,512,48,1
"KERNEL_DISPATCH","Agent 2",1,0,220354,1219,21,"gdn_chunk_kkt_solve",1219,9374622500174,9374622522694,11776,0,104,0,128,128,1,1,1024,16,1
"KERNEL_DISPATCH","Agent 2",1,0,220354,1214,22,"gdn_chunk_scan",1214,9374622140769,9374622239371,60928,0,192,0,128,512,1,1,512,48,1
"KERNEL_DISPATCH","Agent 2",1,0,220354,1209,21,"gdn_chunk_kkt_solve",1209,9374621856646,9374621879606,11776,0,104,0,128,128,1,1,1024,16,1
"KERNEL_DISPATCH","Agent 2",1,0,220354,1204,24,"gemm_mq4g256v2_residual_mmq_iu4_full_set_symfold",1204,9374620688551,9374620749432,0,0,184,0,128,256,1,1,256,64,1
"KERNEL_DISPATCH","Agent 2",1,0,220354,1199,29,"fused_silu_mul_mq_rotate_awq_i4_gfx12",1199,9374606434572,9374608543078,0,0,56,0,128,32,1,1,2176,8192,1
"KERNEL_DISPATCH","Agent 2",1,0,220354,1194,28,"gated_norm_mq_rotate_awq_i4_gfx12",1194,9374591082978,9374592067831,1024,0,40,0,128,64,1,1,1536,8192,1
"KERNEL_DISPATCH","Agent 2",1,0,220354,1189,22,"gdn_chunk_scan",1189,9374590727974,9374590825895,60928,0,192,0,128,512,1,1,512,48,1
"KERNEL_DISPATCH","Agent 2",1,0,220354,1184,21,"gdn_chunk_kkt_solve",1184,9374590447290,9374590469930,11776,0,104,0,128,128,1,1,1024,16,1
"KERNEL_DISPATCH","Agent 2",1,0,220354,1179,22,"gdn_chunk_scan",1179,9374590089606,9374590187807,60928,0,192,0,128,512,1,1,512,48,1
"KERNEL_DISPATCH","Agent 2",1,0,220354,1174,21,"gdn_chunk_kkt_solve",1174,9374589806202,9374589829162,11776,0,104,0,128,128,1,1,1024,16,1
"KERNEL_DISPATCH","Agent 2",1,0,220354,1169,22,"gdn_chunk_scan",1169,9374589445637,9374589544399,60928,0,192,0,128,512,1,1,512,48,1
"KERNEL_DISPATCH","Agent 2",1,0,220354,1164,21,"gdn_chunk_kkt_solve",1164,9374589162954,9374589185674,11776,0,104,0,128,128,1,1,1024,16,1
"KERNEL_DISPATCH","Agent 2",1,0,220354,994,35,"kv_cache_write_fp8_e4m3_batched",994,9374410399142,9374410464502,0,0,56,0,128,32,1,1,128,8192,1
"KERNEL_DISPATCH","Agent 2",1,0,220354,1159,24,"gemm_mq4g256v2_residual_mmq_iu4_full_set_symfold",1159,9374588000819,9374588061900,0,0,184,0,128,256,1,1,256,64,1
"KERNEL_DISPATCH","Agent 2",1,0,220354,999,23,"fused_rmsnorm_mq_rotate_awq_i4_gfx12",999,9374424980205,9374425411131,0,0,96,0,128,256,1,1,2097152,1,1
"KERNEL_DISPATCH","Agent 2",1,0,220354,1154,29,"fused_silu_mul_mq_rotate_awq_i4_gfx12",1154,9374573874081,9374575979908,0,0,56,0,128,32,1,1,2176,8192,1
"KERNEL_DISPATCH","Agent 2",1,0,220354,1004,23,"fused_rmsnorm_mq_rotate_awq_i4_gfx12",1004,9374443787122,9374444223968,0,0,96,0,128,256,1,1,2097152,1,1
"KERNEL_DISPATCH","Agent 2",1,0,220354,1149,46,"sigmoid_mul_rotate_x_mq_awq_i4_gfx12",1149,9374559429059,9374560158788,0,0,88,0,128,32,1,1,6291456,1,1
"KERNEL_DISPATCH","Agent 2",1,0,220354,1144,32,"rmsnorm_f32",1144,9374546189572,9374546417015,0,0,16,0,128,256,1,1,8388608,1,1
"KERNEL_DISPATCH","Agent 2",1,0,220354,1009,20,"gdn_chunk_prep",1009,9374449479554,9374450382245,0,0,72,0,128,256,1,1,32768,10,1
"KERNEL_DISPATCH","Agent 2",1,0,220354,1139,23,"fused_rmsnorm_mq_rotate_awq_i4_gfx12",1139,9374539364846,9374539837292,0,0,96,0,128,256,1,1,2097152,1,1
"KERNEL_DISPATCH","Agent 2",1,0,220354,1014,21,"gdn_chunk_kkt_solve",1014,9374450638049,9374450660089,11776,0,104,0,128,128,1,1,1024,16,1
"KERNEL_DISPATCH","Agent 2",1,0,220354,1134,23,"fused_rmsnorm_mq_rotate_awq_i4_gfx12",1134,9374518615265,9374519088951,0,0,96,0,128,256,1,1,2097152,1,1
"KERNEL_DISPATCH","Agent 2",1,0,220354,1262,21,"gdn_chunk_kkt_solve",1262,9374655259427,9374655282067,11776,0,104,0,128,128,1,1,1024,16,1
"KERNEL_DISPATCH","Agent 2",1,0,220354,1129,22,"gdn_chunk_scan",1129,9374515135701,9374515234862,60928,0,192,0,128,512,1,1,512,48,1
"KERNEL_DISPATCH","Agent 2",1,0,220354,1019,22,"gdn_chunk_scan",1019,9374450912092,9374451005773,60928,0,192,0,128,512,1,1,512,48,1
"KERNEL_DISPATCH","Agent 2",1,0,220354,1267,22,"gdn_chunk_scan",1267,9374655542870,9374655641031,60928,0,192,0,128,512,1,1,512,48,1
"KERNEL_DISPATCH","Agent 2",1,0,220354,1124,21,"gdn_chunk_kkt_solve",1124,9374514853498,9374514876258,11776,0,104,0,128,128,1,1,1024,16,1
"KERNEL_DISPATCH","Agent 2",1,0,220354,1024,21,"gdn_chunk_kkt_solve",1024,9374451254216,9374451276017,11776,0,104,0,128,128,1,1,1024,16,1
"KERNEL_DISPATCH","Agent 2",1,0,220354,1272,21,"gdn_chunk_kkt_solve",1272,9374655902395,9374655924795,11776,0,104,0,128,128,1,1,1024,16,1
"KERNEL_DISPATCH","Agent 2",1,0,220354,1029,22,"gdn_chunk_scan",1029,9374451523340,9374451617261,60928,0,192,0,128,512,1,1,512,48,1
"KERNEL_DISPATCH","Agent 2",1,0,220354,1119,22,"gdn_chunk_scan",1119,9374514494493,9374514593614,60928,0,192,0,128,512,1,1,512,48,1
"KERNEL_DISPATCH","Agent 2",1,0,220354,1277,22,"gdn_chunk_scan",1277,9374656182718,9374656280400,60928,0,192,0,128,512,1,1,512,48,1
"KERNEL_DISPATCH","Agent 2",1,0,220354,1419,22,"gdn_chunk_scan",1419,9374796254883,9374796352724,60928,0,192,0,128,512,1,1,512,48,1
"KERNEL_DISPATCH","Agent 2",1,0,220354,1047,29,"fused_silu_mul_mq_rotate_awq_i4_gfx12",1047,9374467001775,9374469110321,0,0,56,0,128,32,1,1,2176,8192,1
"KERNEL_DISPATCH","Agent 2",1,0,220354,3022,24,"gemm_mq4g256v2_residual_mmq_iu4_full_set_symfold",3022,9376289171612,9376295004966,0,0,184,0,128,256,1,1,34816,64,1
"KERNEL_DISPATCH","Agent 2",1,0,220354,1114,21,"gdn_chunk_kkt_solve",1114,9374514210850,9374514233770,11776,0,104,0,128,128,1,1,1024,16,1
"KERNEL_DISPATCH","Agent 2",1,0,220354,1282,21,"gdn_chunk_kkt_solve",1282,9374656537803,9374656560283,11776,0,104,0,128,128,1,1,1024,16,1
"KERNEL_DISPATCH","Agent 2",1,0,220354,1109,22,"gdn_chunk_scan",1109,9374513850725,9374513950046,60928,0,192,0,128,512,1,1,512,48,1
"KERNEL_DISPATCH","Agent 2",1,0,220354,1287,24,"gemm_mq4g256v2_residual_mmq_iu4_full_set_symfold",1287,9374660331771,9374666191724,0,0,184,0,128,256,1,1,34816,64,1
"KERNEL_DISPATCH","Agent 2",1,0,220354,1104,21,"gdn_chunk_kkt_solve",1104,9374513565281,9374513588362,11776,0,104,0,128,128,1,1,1024,16,1
"KERNEL_DISPATCH","Agent 2",1,0,220354,1292,24,"gemm_mq4g256v2_residual_mmq_iu4_full_set_symfold",1292,9374680779748,9374684946401,0,0,184,0,128,256,1,1,24576,64,1
"KERNEL_DISPATCH","Agent 2",1,0,220354,1099,20,"gdn_chunk_prep",1099,9374512397147,9374513299598,0,0,72,0,128,256,1,1,32768,10,1
"KERNEL_DISPATCH","Agent 2",1,0,220354,1094,23,"fused_rmsnorm_mq_rotate_awq_i4_gfx12",1094,9374506166108,9374506637714,0,0,96,0,128,256,1,1,2097152,1,1
"KERNEL_DISPATCH","Agent 2",1,0,220354,1297,33,"rope_partial_halfsplit_batched_f32",1297,9374687306950,9374687671075,0,0,16,0,128,32,1,1,32,8192,1
"KERNEL_DISPATCH","Agent 2",1,0,220354,1302,25,"gemm_mq4g256v2_residual_mmq_iu4_full_add_symfold",1302,9374701048044,9374703045669,0,0,184,0,128,256,1,1,10240,64,1
"KERNEL_DISPATCH","Agent 2",1,0,220354,1089,23,"fused_rmsnorm_mq_rotate_awq_i4_gfx12",1089,9374486235737,9374486664143,0,0,96,0,128,256,1,1,2097152,1,1
"KERNEL_DISPATCH","Agent 2",1,0,220354,1307,25,"gemm_mq4g256v2_residual_mmq_iu4_full_add_symfold",1307,9374716829562,9374722793958,0,0,184,0,128,256,1,1,10240,64,1
"KERNEL_DISPATCH","Agent 2",1,0,220354,1084,22,"gdn_chunk_scan",1084,9374483156458,9374483243539,60928,0,192,0,128,512,1,1,512,48,1
"KERNEL_DISPATCH","Agent 2",1,0,220354,1312,24,"gemm_mq4g256v2_residual_mmq_iu4_full_set_symfold",1312,9374728883234,9374728942355,0,0,184,0,128,256,1,1,256,64,1
"KERNEL_DISPATCH","Agent 2",1,0,220354,1317,22,"gdn_chunk_scan",1317,9374730013809,9374730111770,60928,0,192,0,128,512,1,1,512,48,1
"KERNEL_DISPATCH","Agent 2",1,0,220354,1079,21,"gdn_chunk_kkt_solve",1079,9374482906655,9374482927095,11776,0,104,0,128,128,1,1,1024,16,1
"KERNEL_DISPATCH","Agent 2",1,0,220354,1322,21,"gdn_chunk_kkt_solve",1322,9374730370813,9374730393373,11776,0,104,0,128,128,1,1,1024,16,1
"KERNEL_DISPATCH","Agent 2",1,0,220354,1074,22,"gdn_chunk_scan",1074,9374482580731,9374482669892,60928,0,192,0,128,512,1,1,512,48,1
"KERNEL_DISPATCH","Agent 2",1,0,220354,1327,22,"gdn_chunk_scan",1327,9374730652817,9374730751258,60928,0,192,0,128,512,1,1,512,48,1
"KERNEL_DISPATCH","Agent 2",1,0,220354,1069,21,"gdn_chunk_kkt_solve",1069,9374482324328,9374482344968,11776,0,104,0,128,128,1,1,1024,16,1
"KERNEL_DISPATCH","Agent 2",1,0,220354,1034,21,"gdn_chunk_kkt_solve",1034,9374451865824,9374451887224,11776,0,104,0,128,128,1,1,1024,16,1
"KERNEL_DISPATCH","Agent 2",1,0,220354,1332,21,"gdn_chunk_kkt_solve",1332,9374731009781,9374731031981,11776,0,104,0,128,128,1,1,1024,16,1
"KERNEL_DISPATCH","Agent 2",1,0,220354,1064,22,"gdn_chunk_scan",1064,9374482000764,9374482089125,60928,0,192,0,128,512,1,1,512,48,1
"KERNEL_DISPATCH","Agent 2",1,0,220354,1337,22,"gdn_chunk_scan",1337,9374731289305,9374731386986,60928,0,192,0,128,512,1,1,512,48,1
"KERNEL_DISPATCH","Agent 2",1,0,220354,1342,21,"gdn_chunk_kkt_solve",1342,9374731644669,9374731667109,11776,0,104,0,128,128,1,1,1024,16,1
"KERNEL_DISPATCH","Agent 2",1,0,220354,1059,21,"gdn_chunk_kkt_solve",1059,9374481739800,9374481760841,11776,0,104,0,128,128,1,1,1024,16,1
"KERNEL_DISPATCH","Agent 2",1,0,220354,1054,20,"gdn_chunk_prep",1054,9374480596386,9374481493717,0,0,72,0,128,256,1,1,32768,10,1
"KERNEL_DISPATCH","Agent 2",1,0,220354,1049,23,"fused_rmsnorm_mq_rotate_awq_i4_gfx12",1049,9374474574310,9374475026956,0,0,96,0,128,256,1,1,2097152,1,1
"KERNEL_DISPATCH","Agent 2",1,0,220354,1347,25,"gemm_mq4g256v2_residual_mmq_iu4_full_add_symfold",1347,9374732894205,9374735063912,0,0,184,0,128,256,1,1,10240,64,1
"KERNEL_DISPATCH","Agent 2",1,0,220354,1044,23,"fused_rmsnorm_mq_rotate_awq_i4_gfx12",1044,9374455169106,9374455589871,0,0,96,0,128,256,1,1,2097152,1,1
"KERNEL_DISPATCH","Agent 2",1,0,220354,1352,25,"gemm_mq4g256v2_residual_mmq_iu4_full_add_symfold",1352,9374749344372,9374755416689,0,0,184,0,128,256,1,1,10240,64,1
"KERNEL_DISPATCH","Agent 2",1,0,220354,1357,24,"gemm_mq4g256v2_residual_mmq_iu4_full_set_symfold",1357,9374761532886,9374761591566,0,0,184,0,128,256,1,1,256,64,1
"KERNEL_DISPATCH","Agent 2",1,0,220354,900,24,"gemm_mq4g256v2_residual_mmq_iu4_full_set_symfold",900,9374346745060,9374346804660,0,0,184,0,128,256,1,1,256,64,1
"KERNEL_DISPATCH","Agent 2",1,0,220354,1362,22,"gdn_chunk_scan",1362,9374762660020,9374762758901,60928,0,192,0,128,512,1,1,512,48,1
"KERNEL_DISPATCH","Agent 2",1,0,220354,905,21,"gdn_chunk_kkt_solve",905,9374347906954,9374347928675,11776,0,104,0,128,128,1,1,1024,16,1
"KERNEL_DISPATCH","Agent 2",1,0,220354,1039,22,"gdn_chunk_scan",1039,9374452123707,9374452212828,60928,0,192,0,128,512,1,1,512,48,1
"KERNEL_DISPATCH","Agent 2",1,0,220354,910,22,"gdn_chunk_scan",910,9374348174998,9374348268839,60928,0,192,0,128,512,1,1,512,48,1
"KERNEL_DISPATCH","Agent 2",1,0,220354,1367,21,"gdn_chunk_kkt_solve",1367,9374763019464,9374763042505,11776,0,104,0,128,128,1,1,1024,16,1
"KERNEL_DISPATCH","Agent 2",1,0,220354,920,22,"gdn_chunk_scan",920,9374348783725,9374348877447,60928,0,192,0,128,512,1,1,512,48,1
"KERNEL_DISPATCH","Agent 2",1,0,220354,925,21,"gdn_chunk_kkt_solve",925,9374349122730,9374349144490,11776,0,104,0,128,128,1,1,1024,16,1
"KERNEL_DISPATCH","Agent 2",1,0,220354,930,22,"gdn_chunk_scan",930,9374349389613,9374349482454,60928,0,192,0,128,512,1,1,512,48,1
"KERNEL_DISPATCH","Agent 2",1,0,220354,1372,22,"gdn_chunk_scan",1372,9374763302988,9374763401829,60928,0,192,0,128,512,1,1,512,48,1
"KERNEL_DISPATCH","Agent 2",1,0,220354,1377,21,"gdn_chunk_kkt_solve",1377,9374763662552,9374763684993,11776,0,104,0,128,128,1,1,1024,16,1
"KERNEL_DISPATCH","Agent 2",1,0,220354,935,28,"gated_norm_mq_rotate_awq_i4_gfx12",935,9374349728177,9374350656389,1024,0,40,0,128,64,1,1,1536,8192,1
"KERNEL_DISPATCH","Agent 2",1,0,220354,1382,22,"gdn_chunk_scan",1382,9374763945156,9374764042517,60928,0,192,0,128,512,1,1,512,48,1
"KERNEL_DISPATCH","Agent 2",1,0,220354,940,29,"fused_silu_mul_mq_rotate_awq_i4_gfx12",940,9374364514444,9374366622750,0,0,56,0,128,32,1,1,2176,8192,1
"KERNEL_DISPATCH","Agent 2",1,0,220354,1387,21,"gdn_chunk_kkt_solve",1387,9374764299520,9374764321921,11776,0,104,0,128,128,1,1,1024,16,1
"KERNEL_DISPATCH","Agent 2",1,0,220354,945,24,"gemm_mq4g256v2_residual_mmq_iu4_full_set_symfold",945,9374378031854,9374378092575,0,0,184,0,128,256,1,1,256,64,1
"KERNEL_DISPATCH","Agent 2",1,0,220354,950,21,"gdn_chunk_kkt_solve",950,9374379184308,9374379206269,11776,0,104,0,128,128,1,1,1024,16,1
"KERNEL_DISPATCH","Agent 2",1,0,220354,955,22,"gdn_chunk_scan",955,9374379453712,9374379547713,60928,0,192,0,128,512,1,1,512,48,1
"KERNEL_DISPATCH","Agent 2",1,0,220354,960,21,"gdn_chunk_kkt_solve",960,9374379796556,9374379818356,11776,0,104,0,128,128,1,1,1024,16,1
"KERNEL_DISPATCH","Agent 2",1,0,220354,965,22,"gdn_chunk_scan",965,9374380063439,9374380155601,60928,0,192,0,128,512,1,1,512,48,1
"KERNEL_DISPATCH","Agent 2",1,0,220354,1392,25,"gemm_mq4g256v2_residual_mmq_iu4_full_add_symfold",1392,9374765560456,9374767785244,0,0,184,0,128,256,1,1,10240,64,1
"KERNEL_DISPATCH","Agent 2",1,0,220354,970,21,"gdn_chunk_kkt_solve",970,9374380398524,9374380420284,11776,0,104,0,128,128,1,1,1024,16,1
"KERNEL_DISPATCH","Agent 2",1,0,220354,975,22,"gdn_chunk_scan",975,9374380664367,9374380757008,60928,0,192,0,128,512,1,1,512,48,1
"KERNEL_DISPATCH","Agent 2",1,0,220354,1397,25,"gemm_mq4g256v2_residual_mmq_iu4_full_add_symfold",1397,9374782224586,9374788263542,0,0,184,0,128,256,1,1,10240,64,1
"KERNEL_DISPATCH","Agent 2",1,0,220354,980,28,"gated_norm_mq_rotate_awq_i4_gfx12",980,9374381000931,9374381935503,1024,0,40,0,128,64,1,1,1536,8192,1
"KERNEL_DISPATCH","Agent 2",1,0,220354,1402,24,"gemm_mq4g256v2_residual_mmq_iu4_full_set_symfold",1402,9374794364219,9374794422700,0,0,184,0,128,256,1,1,256,64,1
"KERNEL_DISPATCH","Agent 2",1,0,220354,985,29,"fused_silu_mul_mq_rotate_awq_i4_gfx12",985,9374395587115,9374397703142,0,0,56,0,128,32,1,1,2176,8192,1
"KERNEL_DISPATCH","Agent 2",1,0,220354,1407,22,"gdn_chunk_scan",1407,9374795488073,9374795586195,60928,0,192,0,128,512,1,1,512,48,1
"KERNEL_DISPATCH","Agent 2",1,0,220354,990,24,"gemm_mq4g256v2_residual_mmq_iu4_full_set_symfold",990,9374408058152,9374408402036,0,0,184,0,128,256,1,1,2048,64,1
"KERNEL_DISPATCH","Agent 2",1,0,220354,915,21,"gdn_chunk_kkt_solve",915,9374348515482,9374348537242,11776,0,104,0,128,128,1,1,1024,16,1
"KERNEL_DISPATCH","Agent 2",1,0,220354,1412,21,"gdn_chunk_kkt_solve",1412,9374795845718,9374795868318,11776,0,104,0,128,128,1,1,1024,16,1
"KERNEL_DISPATCH","Agent 2",1,0,220354,995,35,"kv_cache_write_fp8_e4m3_batched",995,9374410468063,9374410557064,0,0,56,0,128,32,1,1,128,8192,1
"KERNEL_DISPATCH","Agent 2",1,0,220354,1417,22,"gdn_chunk_scan",1417,9374796127401,9374796225683,60928,0,192,0,128,512,1,1,512,48,1
"KERNEL_DISPATCH","Agent 2",1,0,220354,1000,24,"gemm_mq4g256v2_residual_mmq_iu4_full_set_symfold",1000,9374425414651,9374430806639,0,0,184,0,128,256,1,1,34816,64,1
"KERNEL_DISPATCH","Agent 2",1,0,220354,1005,24,"gemm_mq4g256v2_residual_mmq_iu4_full_set_symfold",1005,9374444227488,9374447418368,0,0,184,0,128,256,1,1,20480,64,1
"KERNEL_DISPATCH","Agent 2",1,0,220354,1422,21,"gdn_chunk_kkt_solve",1422,9374796483846,9374796506486,11776,0,104,0,128,128,1,1,1024,16,1
"KERNEL_DISPATCH","Agent 2",1,0,220354,1010,21,"gdn_chunk_kkt_solve",1010,9374450386205,9374450408246,11776,0,104,0,128,128,1,1,1024,16,1
"KERNEL_DISPATCH","Agent 2",1,0,220354,1427,22,"gdn_chunk_scan",1427,9374796765770,9374796864211,60928,0,192,0,128,512,1,1,512,48,1
"KERNEL_DISPATCH","Agent 2",1,0,220354,1015,22,"gdn_chunk_scan",1015,9374450663449,9374450758650,60928,0,192,0,128,512,1,1,512,48,1
"KERNEL_DISPATCH","Agent 2",1,0,220354,1020,21,"gdn_chunk_kkt_solve",1020,9374451009093,9374451030854,11776,0,104,0,128,128,1,1,1024,16,1
"KERNEL_DISPATCH","Agent 2",1,0,220354,1432,21,"gdn_chunk_kkt_solve",1432,9374797128654,9374797150774,11776,0,104,0,128,128,1,1,1024,16,1
"KERNEL_DISPATCH","Agent 2",1,0,220354,1025,22,"gdn_chunk_scan",1025,9374451279497,9374451372738,60928,0,192,0,128,512,1,1,512,48,1
"KERNEL_DISPATCH","Agent 2",1,0,220354,1437,25,"gemm_mq4g256v2_residual_mmq_iu4_full_add_symfold",1437,9374798372550,9374800531377,0,0,184,0,128,256,1,1,10240,64,1
"KERNEL_DISPATCH","Agent 2",1,0,220354,1030,21,"gdn_chunk_kkt_solve",1030,9374451620621,9374451642341,11776,0,104,0,128,128,1,1,1024,16,1
"KERNEL_DISPATCH","Agent 2",1,0,220354,1035,22,"gdn_chunk_scan",1035,9374451890664,9374451980386,60928,0,192,0,128,512,1,1,512,48,1
"KERNEL_DISPATCH","Agent 2",1,0,220354,1442,25,"gemm_mq4g256v2_residual_mmq_iu4_full_add_symfold",1442,9374814807517,9374820860513,0,0,184,0,128,256,1,1,10240,64,1
"KERNEL_DISPATCH","Agent 2",1,0,220354,1040,21,"gdn_chunk_kkt_solve",1040,9374452216069,9374452236709,11776,0,104,0,128,128,1,1,1024,16,1
"KERNEL_DISPATCH","Agent 2",1,0,220354,1045,24,"gemm_mq4g256v2_residual_mmq_iu4_full_set_symfold",1045,9374455593311,9374461208662,0,0,184,0,128,256,1,1,34816,64,1
"KERNEL_DISPATCH","Agent 2",1,0,220354,1050,24,"gemm_mq4g256v2_residual_mmq_iu4_full_set_symfold",1050,9374475030356,9374478443159,0,0,184,0,128,256,1,1,20480,64,1
"KERNEL_DISPATCH","Agent 2",1,0,220354,1060,22,"gdn_chunk_scan",1060,9374481764121,9374481855802,60928,0,192,0,128,512,1,1,512,48,1
"KERNEL_DISPATCH","Agent 2",1,0,220354,1065,21,"gdn_chunk_kkt_solve",1065,9374482092485,9374482112885,11776,0,104,0,128,128,1,1,1024,16,1
"KERNEL_DISPATCH","Agent 2",1,0,220354,1070,22,"gdn_chunk_scan",1070,9374482348328,9374482436849,60928,0,192,0,128,512,1,1,512,48,1
"KERNEL_DISPATCH","Agent 2",1,0,220354,1075,21,"gdn_chunk_kkt_solve",1075,9374482673332,9374482693972,11776,0,104,0,128,128,1,1,1024,16,1
"KERNEL_DISPATCH","Agent 2",1,0,220354,1080,22,"gdn_chunk_scan",1080,9374482930335,9374483016497,60928,0,192,0,128,512,1,1,512,48,1
"KERNEL_DISPATCH","Agent 2",1,0,220354,1085,21,"gdn_chunk_kkt_solve",1085,9374483246739,9374483267220,11776,0,104,0,128,128,1,1,1024,16,1
"KERNEL_DISPATCH","Agent 2",1,0,220354,1090,24,"gemm_mq4g256v2_residual_mmq_iu4_full_set_symfold",1090,9374486667543,9374492139452,0,0,184,0,128,256,1,1,34816,64,1
"KERNEL_DISPATCH","Agent 2",1,0,220354,1095,24,"gemm_mq4g256v2_residual_mmq_iu4_full_set_symfold",1095,9374506641354,9374510157359,0,0,184,0,128,256,1,1,20480,64,1
"KERNEL_DISPATCH","Agent 2",1,0,220354,1100,21,"gdn_chunk_kkt_solve",1100,9374513303438,9374513326158,11776,0,104,0,128,128,1,1,1024,16,1
"KERNEL_DISPATCH","Agent 2",1,0,220354,1105,22,"gdn_chunk_scan",1105,9374513591882,9374513691483,60928,0,192,0,128,512,1,1,512,48,1
"KERNEL_DISPATCH","Agent 2",1,0,220354,1110,21,"gdn_chunk_kkt_solve",1110,9374513953566,9374513976127,11776,0,104,0,128,128,1,1,1024,16,1
"KERNEL_DISPATCH","Agent 2",1,0,220354,1115,22,"gdn_chunk_scan",1115,9374514237170,9374514335691,60928,0,192,0,128,512,1,1,512,48,1
"KERNEL_DISPATCH","Agent 2",1,0,220354,1120,21,"gdn_chunk_kkt_solve",1120,9374514597014,9374514619575,11776,0,104,0,128,128,1,1,1024,16,1
"KERNEL_DISPATCH","Agent 2",1,0,220354,1125,22,"gdn_chunk_scan",1125,9374514879658,9374514978419,60928,0,192,0,128,512,1,1,512,48,1
"KERNEL_DISPATCH","Agent 2",1,0,220354,1130,21,"gdn_chunk_kkt_solve",1130,9374515238383,9374515261263,11776,0,104,0,128,128,1,1,1024,16,1
"KERNEL_DISPATCH","Agent 2",1,0,220354,1135,24,"gemm_mq4g256v2_residual_mmq_iu4_full_set_symfold",1135,9374519092551,9374525072066,0,0,184,0,128,256,1,1,34816,64,1
"KERNEL_DISPATCH","Agent 2",1,0,220354,1140,24,"gemm_mq4g256v2_residual_mmq_iu4_full_set_symfold",1140,9374539840772,9374544051466,0,0,184,0,128,256,1,1,24576,64,1
"KERNEL_DISPATCH","Agent 2",1,0,220354,1145,33,"rope_partial_halfsplit_batched_f32",1145,9374546420615,9374546785740,0,0,16,0,128,32,1,1,32,8192,1
"KERNEL_DISPATCH","Agent 2",1,0,220354,1150,25,"gemm_mq4g256v2_residual_mmq_iu4_full_add_symfold",1150,9374560170709,9374562174974,0,0,184,0,128,256,1,1,10240,64,1
"KERNEL_DISPATCH","Agent 2",1,0,220354,1155,25,"gemm_mq4g256v2_residual_mmq_iu4_full_add_symfold",1155,9374575992028,9374581999344,0,0,184,0,128,256,1,1,10240,64,1
"KERNEL_DISPATCH","Agent 2",1,0,220354,1160,24,"gemm_mq4g256v2_residual_mmq_iu4_full_set_symfold",1160,9374588065380,9374588123621,0,0,184,0,128,256,1,1,256,64,1
"KERNEL_DISPATCH","Agent 2",1,0,220354,1165,22,"gdn_chunk_scan",1165,9374589189274,9374589287515,60928,0,192,0,128,512,1,1,512,48,1
"KERNEL_DISPATCH","Agent 2",1,0,220354,1170,21,"gdn_chunk_kkt_solve",1170,9374589547959,9374589570679,11776,0,104,0,128,128,1,1,1024,16,1
"KERNEL_DISPATCH","Agent 2",1,0,220354,1175,22,"gdn_chunk_scan",1175,9374589832642,9374589931444,60928,0,192,0,128,512,1,1,512,48,1
"KERNEL_DISPATCH","Agent 2",1,0,220354,1180,21,"gdn_chunk_kkt_solve",1180,9374590191327,9374590213967,11776,0,104,0,128,128,1,1,1024,16,1
"KERNEL_DISPATCH","Agent 2",1,0,220354,1185,22,"gdn_chunk_scan",1185,9374590473330,9374590571172,60928,0,192,0,128,512,1,1,512,48,1
"KERNEL_DISPATCH","Agent 2",1,0,220354,1447,30,"deinterleave_q_rmsnorm_f32_batched",1447,9374826244421,9374827650359,0,0,24,0,128,256,1,1,6144,8192,1
"KERNEL_DISPATCH","Agent 2",1,0,220354,1190,21,"gdn_chunk_kkt_solve",1190,9374590829415,9374590852055,11776,0,104,0,128,128,1,1,1024,16,1
"KERNEL_DISPATCH","Agent 2",1,0,220354,1452,43,"attention_fp8_e4m3_fa2_gqa_packet_gfx1201",1452,9374828426048,9374840878725,0,0,240,0,128,256,1,1,6144,4,16
"KERNEL_DISPATCH","Agent 2",1,0,220354,1055,21,"gdn_chunk_kkt_solve",1055,9374481497557,9374481518678,11776,0,104,0,128,128,1,1,1024,16,1
"KERNEL_DISPATCH","Agent 2",1,0,220354,1195,25,"gemm_mq4g256v2_residual_mmq_iu4_full_add_symfold",1195,9374592080071,9374594259858,0,0,184,0,128,256,1,1,10240,64,1
"KERNEL_DISPATCH","Agent 2",1,0,220354,1457,24,"gemm_mq4g256v2_residual_mmq_iu4_full_set_symfold",1457,9374849589315,9374855341628,0,0,184,0,128,256,1,1,34816,64,1
"KERNEL_DISPATCH","Agent 2",1,0,220354,1200,25,"gemm_mq4g256v2_residual_mmq_iu4_full_add_symfold",1200,9374608555238,9374614596954,0,0,184,0,128,256,1,1,10240,64,1
"KERNEL_DISPATCH","Agent 2",1,0,220354,1205,24,"gemm_mq4g256v2_residual_mmq_iu4_full_set_symfold",1205,9374620753032,9374620812393,0,0,184,0,128,256,1,1,256,64,1
"KERNEL_DISPATCH","Agent 2",1,0,220354,1210,22,"gdn_chunk_scan",1210,9374621883126,9374621982487,60928,0,192,0,128,512,1,1,512,48,1
"KERNEL_DISPATCH","Agent 2",1,0,220354,1215,21,"gdn_chunk_kkt_solve",1215,9374622242771,9374622265651,11776,0,104,0,128,128,1,1,1024,16,1
"KERNEL_DISPATCH","Agent 2",1,0,220354,1220,22,"gdn_chunk_scan",1220,9374622526214,9374622625576,60928,0,192,0,128,512,1,1,512,48,1
"KERNEL_DISPATCH","Agent 2",1,0,220354,1225,21,"gdn_chunk_kkt_solve",1225,9374622886379,9374622909099,11776,0,104,0,128,128,1,1,1024,16,1
"KERNEL_DISPATCH","Agent 2",1,0,220354,1230,22,"gdn_chunk_scan",1230,9374623169262,9374623267824,60928,0,192,0,128,512,1,1,512,48,1
"KERNEL_DISPATCH","Agent 2",1,0,220354,1235,21,"gdn_chunk_kkt_solve",1235,9374623527347,9374623550107,11776,0,104,0,128,128,1,1,1024,16,1
"KERNEL_DISPATCH","Agent 2",1,0,220354,1240,25,"gemm_mq4g256v2_residual_mmq_iu4_full_add_symfold",1240,9374624789603,9374626973670,0,0,184,0,128,256,1,1,10240,64,1
"KERNEL_DISPATCH","Agent 2",1,0,220354,1245,25,"gemm_mq4g256v2_residual_mmq_iu4_full_add_symfold",1245,9374641437173,9374647520289,0,0,184,0,128,256,1,1,10240,64,1
"KERNEL_DISPATCH","Agent 2",1,0,220354,1250,24,"gemm_mq4g256v2_residual_mmq_iu4_full_set_symfold",1250,9374653645166,9374653703887,0,0,184,0,128,256,1,1,256,64,1
"KERNEL_DISPATCH","Agent 2",1,0,220354,1255,22,"gdn_chunk_scan",1255,9374654771101,9374654869622,60928,0,192,0,128,512,1,1,512,48,1
"KERNEL_DISPATCH","Agent 2",1,0,220354,1260,21,"gdn_chunk_kkt_solve",1260,9374655130185,9374655153105,11776,0,104,0,128,128,1,1,1024,16,1
"KERNEL_DISPATCH","Agent 2",1,0,220354,1265,22,"gdn_chunk_scan",1265,9374655414349,9374655512990,60928,0,192,0,128,512,1,1,512,48,1
"KERNEL_DISPATCH","Agent 2",1,0,220354,1270,21,"gdn_chunk_kkt_solve",1270,9374655773633,9374655796353,11776,0,104,0,128,128,1,1,1024,16,1
"KERNEL_DISPATCH","Agent 2",1,0,220354,1275,22,"gdn_chunk_scan",1275,9374656055757,9374656153118,60928,0,192,0,128,512,1,1,512,48,1
"KERNEL_DISPATCH","Agent 2",1,0,220354,1280,21,"gdn_chunk_kkt_solve",1280,9374656410601,9374656433001,11776,0,104,0,128,128,1,1,1024,16,1
"KERNEL_DISPATCH","Agent 2",1,0,220354,1285,25,"gemm_mq4g256v2_residual_mmq_iu4_full_add_symfold",1285,9374657669137,9374659851125,0,0,184,0,128,256,1,1,10240,64,1
"KERNEL_DISPATCH","Agent 2",1,0,220354,1290,25,"gemm_mq4g256v2_residual_mmq_iu4_full_add_symfold",1290,9374674221346,9374680292262,0,0,184,0,128,256,1,1,10240,64,1
"KERNEL_DISPATCH","Agent 2",1,0,220354,1295,30,"deinterleave_q_rmsnorm_f32_batched",1295,9374685669410,9374687065667,0,0,24,0,128,256,1,1,6144,8192,1
"KERNEL_DISPATCH","Agent 2",1,0,220354,1300,43,"attention_fp8_e4m3_fa2_gqa_packet_gfx1201",1300,9374687837117,9374700292434,0,0,240,0,128,256,1,1,6144,4,16
"KERNEL_DISPATCH","Agent 2",1,0,220354,1305,24,"gemm_mq4g256v2_residual_mmq_iu4_full_set_symfold",1305,9374709033624,9374714695416,0,0,184,0,128,256,1,1,34816,64,1
"KERNEL_DISPATCH","Agent 2",1,0,220354,1310,24,"gemm_mq4g256v2_residual_mmq_iu4_full_set_symfold",1310,9374726730927,9374728806833,0,0,184,0,128,256,1,1,12288,64,1
"KERNEL_DISPATCH","Agent 2",1,0,220354,1315,22,"gdn_chunk_scan",1315,9374729882927,9374729984288,60928,0,192,0,128,512,1,1,512,48,1
"KERNEL_DISPATCH","Agent 2",1,0,220354,1320,21,"gdn_chunk_kkt_solve",1320,9374730243051,9374730265612,11776,0,104,0,128,128,1,1,1024,16,1
"KERNEL_DISPATCH","Agent 2",1,0,220354,1325,22,"gdn_chunk_scan",1325,9374730524735,9374730623376,60928,0,192,0,128,512,1,1,512,48,1
"KERNEL_DISPATCH","Agent 2",1,0,220354,1330,21,"gdn_chunk_kkt_solve",1330,9374730882459,9374730904860,11776,0,104,0,128,128,1,1,1024,16,1
"KERNEL_DISPATCH","Agent 2",1,0,220354,1335,22,"gdn_chunk_scan",1335,9374731162463,9374731259944,60928,0,192,0,128,512,1,1,512,48,1
"KERNEL_DISPATCH","Agent 2",1,0,220354,1345,22,"gdn_chunk_scan",1345,9374731798631,9374731896352,60928,0,192,0,128,512,1,1,512,48,1
"KERNEL_DISPATCH","Agent 2",1,0,220354,1350,24,"gemm_mq4g256v2_residual_mmq_iu4_full_set_symfold",1350,9374741351591,9374747211985,0,0,184,0,128,256,1,1,34816,64,1
"KERNEL_DISPATCH","Agent 2",1,0,220354,1355,24,"gemm_mq4g256v2_residual_mmq_iu4_full_set_symfold",1355,9374759384419,9374761455965,0,0,184,0,128,256,1,1,12288,64,1
"KERNEL_DISPATCH","Agent 2",1,0,220354,1360,22,"gdn_chunk_scan",1360,9374762528178,9374762630339,60928,0,192,0,128,512,1,1,512,48,1
"KERNEL_DISPATCH","Agent 2",1,0,220354,1365,21,"gdn_chunk_kkt_solve",1365,9374762890543,9374762913663,11776,0,104,0,128,128,1,1,1024,16,1
"KERNEL_DISPATCH","Agent 2",1,0,220354,1370,22,"gdn_chunk_scan",1370,9374763173786,9374763273108,60928,0,192,0,128,512,1,1,512,48,1
"KERNEL_DISPATCH","Agent 2",1,0,220354,1375,21,"gdn_chunk_kkt_solve",1375,9374763533671,9374763556431,11776,0,104,0,128,128,1,1,1024,16,1
"KERNEL_DISPATCH","Agent 2",1,0,220354,1380,22,"gdn_chunk_scan",1380,9374763817034,9374763915876,60928,0,192,0,128,512,1,1,512,48,1
"KERNEL_DISPATCH","Agent 2",1,0,220354,1385,21,"gdn_chunk_kkt_solve",1385,9374764172559,9374764194879,11776,0,104,0,128,128,1,1,1024,16,1
"KERNEL_DISPATCH","Agent 2",1,0,220354,1390,22,"gdn_chunk_scan",1390,9374764453522,9374764551524,60928,0,192,0,128,512,1,1,512,48,1
"KERNEL_DISPATCH","Agent 2",1,0,220354,1395,24,"gemm_mq4g256v2_residual_mmq_iu4_full_set_symfold",1395,9374774249326,9374780082719,0,0,184,0,128,256,1,1,34816,64,1
"KERNEL_DISPATCH","Agent 2",1,0,220354,1400,24,"gemm_mq4g256v2_residual_mmq_iu4_full_set_symfold",1400,9374792222352,9374794286938,0,0,184,0,128,256,1,1,12288,64,1
"KERNEL_DISPATCH","Agent 2",1,0,220354,1405,22,"gdn_chunk_scan",1405,9374795357152,9374795458553,60928,0,192,0,128,512,1,1,512,48,1
"KERNEL_DISPATCH","Agent 2",1,0,220354,2832,24,"gemm_mq4g256v2_residual_mmq_iu4_full_set_symfold",2832,9376135757680,9376135815960,0,0,184,0,128,256,1,1,256,64,1
"KERNEL_DISPATCH","Agent 2",1,0,220354,1410,21,"gdn_chunk_kkt_solve",1410,9374795717156,9374795739917,11776,0,104,0,128,128,1,1,1024,16,1
"KERNEL_DISPATCH","Agent 2",1,0,220354,2827,25,"gemm_mq4g256v2_residual_mmq_iu4_full_add_symfold",2827,9376123601766,9376129661123,0,0,184,0,128,256,1,1,10240,64,1
"KERNEL_DISPATCH","Agent 2",1,0,220354,2822,25,"gemm_mq4g256v2_residual_mmq_iu4_full_add_symfold",2822,9376107747847,9376109766352,0,0,184,0,128,256,1,1,10240,64,1
"KERNEL_DISPATCH","Agent 2",1,0,220354,1415,22,"gdn_chunk_scan",1415,9374795999440,9374796097881,60928,0,192,0,128,512,1,1,512,48,1
"KERNEL_DISPATCH","Agent 2",1,0,220354,2817,33,"rope_partial_halfsplit_batched_f32",2817,9376094041874,9376094408119,0,0,16,0,128,32,1,1,32,8192,1
"KERNEL_DISPATCH","Agent 2",1,0,220354,1420,21,"gdn_chunk_kkt_solve",1420,9374796356044,9374796378245,11776,0,104,0,128,128,1,1,1024,16,1
"KERNEL_DISPATCH","Agent 2",1,0,220354,1340,21,"gdn_chunk_kkt_solve",1340,9374731517787,9374731540028,11776,0,104,0,128,128,1,1,1024,16,1
"KERNEL_DISPATCH","Agent 2",1,0,220354,1425,22,"gdn_chunk_scan",1425,9374796637528,9374796736329,60928,0,192,0,128,512,1,1,512,48,1
"KERNEL_DISPATCH","Agent 2",1,0,220354,1430,21,"gdn_chunk_kkt_solve",1430,9374797001012,9374797023533,11776,0,104,0,128,128,1,1,1024,16,1
"KERNEL_DISPATCH","Agent 2",1,0,220354,2812,24,"gemm_mq4g256v2_residual_mmq_iu4_full_set_symfold",2812,9376087439551,9376091669244,0,0,184,0,128,256,1,1,24576,64,1
"KERNEL_DISPATCH","Agent 2",1,0,220354,1462,24,"gemm_mq4g256v2_residual_mmq_iu4_full_set_symfold",1462,9374867444060,9374869499806,0,0,184,0,128,256,1,1,12288,64,1
"KERNEL_DISPATCH","Agent 2",1,0,220354,1435,22,"gdn_chunk_scan",1435,9374797280416,9374797377057,60928,0,192,0,128,512,1,1,512,48,1
"KERNEL_DISPATCH","Agent 2",1,0,220354,1467,22,"gdn_chunk_scan",1467,9374870571299,9374870672661,60928,0,192,0,128,512,1,1,512,48,1
"KERNEL_DISPATCH","Agent 2",1,0,220354,1440,24,"gemm_mq4g256v2_residual_mmq_iu4_full_set_symfold",1440,9374806848497,9374812667810,0,0,184,0,128,256,1,1,34816,64,1
"KERNEL_DISPATCH","Agent 2",1,0,220354,1477,22,"gdn_chunk_scan",1477,9374871211867,9374871310149,60928,0,192,0,128,512,1,1,512,48,1
"KERNEL_DISPATCH","Agent 2",1,0,220354,1445,24,"gemm_mq4g256v2_residual_mmq_iu4_full_set_symfold",1445,9374825531172,9374825885056,0,0,184,0,128,256,1,1,2048,64,1
"KERNEL_DISPATCH","Agent 2",1,0,220354,1450,35,"kv_cache_write_fp8_e4m3_batched",1450,9374828263926,9374828329927,0,0,56,0,128,32,1,1,128,8192,1
"KERNEL_DISPATCH","Agent 2",1,0,220354,1455,23,"fused_rmsnorm_mq_rotate_awq_i4_gfx12",1455,9374843637880,9374844071406,0,0,96,0,128,256,1,1,2097152,1,1
"KERNEL_DISPATCH","Agent 2",1,0,220354,1460,23,"fused_rmsnorm_mq_rotate_awq_i4_gfx12",1460,9374863509850,9374863974696,0,0,96,0,128,256,1,1,2097152,1,1
"KERNEL_DISPATCH","Agent 2",1,0,220354,1465,20,"gdn_chunk_prep",1465,9374869638048,9374870540979,0,0,72,0,128,256,1,1,32768,10,1
"KERNEL_DISPATCH","Agent 2",1,0,220354,1470,21,"gdn_chunk_kkt_solve",1470,9374870803862,9374870826463,11776,0,104,0,128,128,1,1,1024,16,1
"KERNEL_DISPATCH","Agent 2",1,0,220354,1475,22,"gdn_chunk_scan",1475,9374871084706,9374871182507,60928,0,192,0,128,512,1,1,512,48,1
"KERNEL_DISPATCH","Agent 2",1,0,220354,1480,21,"gdn_chunk_kkt_solve",1480,9374871440390,9374871462831,11776,0,104,0,128,128,1,1,1024,16,1
"KERNEL_DISPATCH","Agent 2",1,0,220354,1485,22,"gdn_chunk_scan",1485,9374871720154,9374871818555,60928,0,192,0,128,512,1,1,512,48,1
"KERNEL_DISPATCH","Agent 2",1,0,220354,1495,22,"gdn_chunk_scan",1495,9374872353122,9374872450083,60928,0,192,0,128,512,1,1,512,48,1
"KERNEL_DISPATCH","Agent 2",1,0,220354,1490,21,"gdn_chunk_kkt_solve",1490,9374872075718,9374872098159,11776,0,104,0,128,128,1,1,1024,16,1
"KERNEL_DISPATCH","Agent 2",1,0,220354,1500,23,"fused_rmsnorm_mq_rotate_awq_i4_gfx12",1500,9374875729964,9374876190530,0,0,96,0,128,256,1,1,2097152,1,1
"KERNEL_DISPATCH","Agent 2",1,0,220354,1505,23,"fused_rmsnorm_mq_rotate_awq_i4_gfx12",1505,9374896104501,9374896575507,0,0,96,0,128,256,1,1,2097152,1,1
"KERNEL_DISPATCH","Agent 2",1,0,220354,1515,21,"gdn_chunk_kkt_solve",1515,9374903449034,9374903471754,11776,0,104,0,128,128,1,1,1024,16,1
"KERNEL_DISPATCH","Agent 2",1,0,220354,1520,22,"gdn_chunk_scan",1520,9374903733517,9374903833318,60928,0,192,0,128,512,1,1,512,48,1
"KERNEL_DISPATCH","Agent 2",1,0,220354,1525,21,"gdn_chunk_kkt_solve",1525,9374904094682,9374904117562,11776,0,104,0,128,128,1,1,1024,16,1
"KERNEL_DISPATCH","Agent 2",1,0,220354,2807,24,"gemm_mq4g256v2_residual_mmq_iu4_full_set_symfold",2807,9376067008133,9376072935928,0,0,184,0,128,256,1,1,34816,64,1
"KERNEL_DISPATCH","Agent 2",1,0,220354,1530,22,"gdn_chunk_scan",1530,9374904378085,9374904477087,60928,0,192,0,128,512,1,1,512,48,1
"KERNEL_DISPATCH","Agent 2",1,0,220354,1535,21,"gdn_chunk_kkt_solve",1535,9374904737170,9374904759890,11776,0,104,0,128,128,1,1,1024,16,1
"KERNEL_DISPATCH","Agent 2",1,0,220354,2802,21,"gdn_chunk_kkt_solve",2802,9376063185405,9376063208126,11776,0,104,0,128,128,1,1,1024,16,1
"KERNEL_DISPATCH","Agent 2",1,0,220354,1540,22,"gdn_chunk_scan",1540,9374905018853,9374905116735,60928,0,192,0,128,512,1,1,512,48,1
"KERNEL_DISPATCH","Agent 2",1,0,220354,1545,23,"fused_rmsnorm_mq_rotate_awq_i4_gfx12",1545,9374908466457,9374908933823,0,0,96,0,128,256,1,1,2097152,1,1
"KERNEL_DISPATCH","Agent 2",1,0,220354,2797,22,"gdn_chunk_scan",2797,9376062829281,9376062927882,60928,0,192,0,128,512,1,1,512,48,1
"KERNEL_DISPATCH","Agent 2",1,0,220354,1550,23,"fused_rmsnorm_mq_rotate_awq_i4_gfx12",1550,9374928866074,9374929337040,0,0,96,0,128,256,1,1,2097152,1,1
"KERNEL_DISPATCH","Agent 2",1,0,220354,2792,21,"gdn_chunk_kkt_solve",2792,9376062546277,9376062568998,11776,0,104,0,128,128,1,1,1024,16,1
"KERNEL_DISPATCH","Agent 2",1,0,220354,1555,20,"gdn_chunk_prep",1555,9374935042872,9374935942563,0,0,72,0,128,256,1,1,32768,10,1
"KERNEL_DISPATCH","Agent 2",1,0,220354,1560,21,"gdn_chunk_kkt_solve",1560,9374936205966,9374936228527,11776,0,104,0,128,128,1,1,1024,16,1
"KERNEL_DISPATCH","Agent 2",1,0,220354,2787,22,"gdn_chunk_scan",2787,9376062188113,9376062286914,60928,0,192,0,128,512,1,1,512,48,1
"KERNEL_DISPATCH","Agent 2",1,0,220354,1565,22,"gdn_chunk_scan",1565,9374936488210,9374936586891,60928,0,192,0,128,512,1,1,512,48,1
"KERNEL_DISPATCH","Agent 2",1,0,220354,2782,21,"gdn_chunk_kkt_solve",2782,9376061904709,9376061927509,11776,0,104,0,128,128,1,1,1024,16,1
"KERNEL_DISPATCH","Agent 2",1,0,220354,1570,21,"gdn_chunk_kkt_solve",1570,9374936846414,9374936869135,11776,0,104,0,128,128,1,1,1024,16,1
"KERNEL_DISPATCH","Agent 2",1,0,220354,2777,22,"gdn_chunk_scan",2777,9376061544705,9376061643746,60928,0,192,0,128,512,1,1,512,48,1
"KERNEL_DISPATCH","Agent 2",1,0,220354,1575,22,"gdn_chunk_scan",1575,9374937125738,9374937222859,60928,0,192,0,128,512,1,1,512,48,1
"KERNEL_DISPATCH","Agent 2",1,0,220354,2772,21,"gdn_chunk_kkt_solve",2772,9376061257181,9376061280021,11776,0,104,0,128,128,1,1,1024,16,1
"KERNEL_DISPATCH","Agent 2",1,0,220354,1580,21,"gdn_chunk_kkt_solve",1580,9374937479622,9374937501903,11776,0,104,0,128,128,1,1,1024,16,1
"KERNEL_DISPATCH","Agent 2",1,0,220354,2767,24,"gemm_mq4g256v2_residual_mmq_iu4_full_set_symfold",2767,9376054662018,9376058128182,0,0,184,0,128,256,1,1,20480,64,1
"KERNEL_DISPATCH","Agent 2",1,0,220354,1585,22,"gdn_chunk_scan",1585,9374937759506,9374937856907,60928,0,192,0,128,512,1,1,512,48,1
"KERNEL_DISPATCH","Agent 2",1,0,220354,1472,21,"gdn_chunk_kkt_solve",1472,9374870931464,9374870954224,11776,0,104,0,128,128,1,1,1024,16,1
"KERNEL_DISPATCH","Agent 2",1,0,220354,1590,23,"fused_rmsnorm_mq_rotate_awq_i4_gfx12",1590,9374941144749,9374941608914,0,0,96,0,128,256,1,1,2097152,1,1
"KERNEL_DISPATCH","Agent 2",1,0,220354,1595,23,"fused_rmsnorm_mq_rotate_awq_i4_gfx12",1595,9374961413404,9374961882410,0,0,96,0,128,256,1,1,2097152,1,1
"KERNEL_DISPATCH","Agent 2",1,0,220354,2762,24,"gemm_mq4g256v2_residual_mmq_iu4_full_set_symfold",2762,9376034295281,9376040188876,0,0,184,0,128,256,1,1,34816,64,1
"KERNEL_DISPATCH","Agent 2",1,0,220354,1600,32,"rmsnorm_f32",1600,9374968188329,9374968414372,0,0,16,0,128,256,1,1,8388608,1,1
"KERNEL_DISPATCH","Agent 2",1,0,220354,1605,46,"sigmoid_mul_rotate_x_mq_awq_i4_gfx12",1605,9374981355495,9374982087664,0,0,88,0,128,32,1,1,6291456,1,1
"KERNEL_DISPATCH","Agent 2",1,0,220354,2757,21,"gdn_chunk_kkt_solve",2757,9376030489953,9376030512794,11776,0,104,0,128,128,1,1,1024,16,1
"KERNEL_DISPATCH","Agent 2",1,0,220354,1610,29,"fused_silu_mul_mq_rotate_awq_i4_gfx12",1610,9374995855918,9374997976385,0,0,56,0,128,32,1,1,2176,8192,1
"KERNEL_DISPATCH","Agent 2",1,0,220354,1615,24,"gemm_mq4g256v2_residual_mmq_iu4_full_set_symfold",1615,9375010000136,9375010061057,0,0,184,0,128,256,1,1,256,64,1
"KERNEL_DISPATCH","Agent 2",1,0,220354,2752,22,"gdn_chunk_scan",2752,9376030135989,9376030233670,60928,0,192,0,128,512,1,1,512,48,1
"KERNEL_DISPATCH","Agent 2",1,0,220354,1620,21,"gdn_chunk_kkt_solve",1620,9375011162471,9375011185271,11776,0,104,0,128,128,1,1,1024,16,1
"KERNEL_DISPATCH","Agent 2",1,0,220354,1625,22,"gdn_chunk_scan",1625,9375011444834,9375011543876,60928,0,192,0,128,512,1,1,512,48,1
"KERNEL_DISPATCH","Agent 2",1,0,220354,1630,21,"gdn_chunk_kkt_solve",1630,9375011804999,9375011827959,11776,0,104,0,128,128,1,1,1024,16,1
"KERNEL_DISPATCH","Agent 2",1,0,220354,2747,21,"gdn_chunk_kkt_solve",2747,9376029855545,9376029878306,11776,0,104,0,128,128,1,1,1024,16,1
"KERNEL_DISPATCH","Agent 2",1,0,220354,1635,22,"gdn_chunk_scan",1635,9375012087562,9375012186084,60928,0,192,0,128,512,1,1,512,48,1
"KERNEL_DISPATCH","Agent 2",1,0,220354,2742,22,"gdn_chunk_scan",2742,9376029495701,9376029594142,60928,0,192,0,128,512,1,1,512,48,1
"KERNEL_DISPATCH","Agent 2",1,0,220354,1640,21,"gdn_chunk_kkt_solve",1640,9375012444407,9375012466847,11776,0,104,0,128,128,1,1,1024,16,1
"KERNEL_DISPATCH","Agent 2",1,0,220354,1645,22,"gdn_chunk_scan",1645,9375012725330,9375012823212,60928,0,192,0,128,512,1,1,512,48,1
"KERNEL_DISPATCH","Agent 2",1,0,220354,1650,28,"gated_norm_mq_rotate_awq_i4_gfx12",1650,9375013081815,9375014074787,1024,0,40,0,128,64,1,1,1536,8192,1
"KERNEL_DISPATCH","Agent 2",1,0,220354,2737,21,"gdn_chunk_kkt_solve",2737,9376029212097,9376029234538,11776,0,104,0,128,128,1,1,1024,16,1
"KERNEL_DISPATCH","Agent 2",1,0,220354,1655,29,"fused_silu_mul_mq_rotate_awq_i4_gfx12",1655,9375028509289,9375030616836,0,0,56,0,128,32,1,1,2176,8192,1
"KERNEL_DISPATCH","Agent 2",1,0,220354,1660,24,"gemm_mq4g256v2_residual_mmq_iu4_full_set_symfold",1660,9375042775149,9375042836150,0,0,184,0,128,256,1,1,256,64,1
"KERNEL_DISPATCH","Agent 2",1,0,220354,2732,22,"gdn_chunk_scan",2732,9376028852213,9376028951214,60928,0,192,0,128,512,1,1,512,48,1
"KERNEL_DISPATCH","Agent 2",1,0,220354,1665,21,"gdn_chunk_kkt_solve",1665,9375043938844,9375043961684,11776,0,104,0,128,128,1,1,1024,16,1
"KERNEL_DISPATCH","Agent 2",1,0,220354,2727,21,"gdn_chunk_kkt_solve",2727,9376028564729,9376028587409,11776,0,104,0,128,128,1,1,1024,16,1
"KERNEL_DISPATCH","Agent 2",1,0,220354,1670,22,"gdn_chunk_scan",1670,9375044222287,9375044321769,60928,0,192,0,128,512,1,1,512,48,1
"KERNEL_DISPATCH","Agent 2",1,0,220354,1675,21,"gdn_chunk_kkt_solve",1675,9375044584052,9375044606972,11776,0,104,0,128,128,1,1,1024,16,1
"KERNEL_DISPATCH","Agent 2",1,0,220354,2722,24,"gemm_mq4g256v2_residual_mmq_iu4_full_set_symfold",2722,9376021966926,9376025428890,0,0,184,0,128,256,1,1,20480,64,1
"KERNEL_DISPATCH","Agent 2",1,0,220354,1680,22,"gdn_chunk_scan",1680,9375044869255,9375044968817,60928,0,192,0,128,512,1,1,512,48,1
"KERNEL_DISPATCH","Agent 2",1,0,220354,2717,24,"gemm_mq4g256v2_residual_mmq_iu4_full_set_symfold",2717,9376001650190,9376007441863,0,0,184,0,128,256,1,1,34816,64,1
"KERNEL_DISPATCH","Agent 2",1,0,220354,1685,21,"gdn_chunk_kkt_solve",1685,9375045228140,9375045250820,11776,0,104,0,128,128,1,1,1024,16,1
"KERNEL_DISPATCH","Agent 2",1,0,220354,1690,22,"gdn_chunk_scan",1690,9375045509183,9375045607305,60928,0,192,0,128,512,1,1,512,48,1
"KERNEL_DISPATCH","Agent 2",1,0,220354,2712,21,"gdn_chunk_kkt_solve",2712,9375997879782,9375997902303,11776,0,104,0,128,128,1,1,1024,16,1
"KERNEL_DISPATCH","Agent 2",1,0,220354,1695,28,"gated_norm_mq_rotate_awq_i4_gfx12",1695,9375045867268,9375046854480,1024,0,40,0,128,64,1,1,1536,8192,1
"KERNEL_DISPATCH","Agent 2",1,0,220354,2707,22,"gdn_chunk_scan",2707,9375997523378,9375997621099,60928,0,192,0,128,512,1,1,512,48,1
"KERNEL_DISPATCH","Agent 2",1,0,220354,2702,21,"gdn_chunk_kkt_solve",2702,9375997243814,9375997266095,11776,0,104,0,128,128,1,1,1024,16,1
"KERNEL_DISPATCH","Agent 2",1,0,220354,1700,29,"fused_silu_mul_mq_rotate_awq_i4_gfx12",1700,9375061191061,9375063305088,0,0,56,0,128,32,1,1,2176,8192,1
"KERNEL_DISPATCH","Agent 2",1,0,220354,1705,24,"gemm_mq4g256v2_residual_mmq_iu4_full_set_symfold",1705,9375075528042,9375075588922,0,0,184,0,128,256,1,1,256,64,1
"KERNEL_DISPATCH","Agent 2",1,0,220354,1710,21,"gdn_chunk_kkt_solve",1710,9375076697496,9375076720297,11776,0,104,0,128,128,1,1,1024,16,1
"KERNEL_DISPATCH","Agent 2",1,0,220354,1715,22,"gdn_chunk_scan",1715,9375076979940,9375077078061,60928,0,192,0,128,512,1,1,512,48,1
"KERNEL_DISPATCH","Agent 2",1,0,220354,1720,21,"gdn_chunk_kkt_solve",1720,9375077337384,9375077360105,11776,0,104,0,128,128,1,1,1024,16,1
"KERNEL_DISPATCH","Agent 2",1,0,220354,1510,20,"gdn_chunk_prep",1510,9374902282139,9374903184310,0,0,72,0,128,256,1,1,32768,10,1
"KERNEL_DISPATCH","Agent 2",1,0,220354,1725,22,"gdn_chunk_scan",1725,9375077619908,9375077718589,60928,0,192,0,128,512,1,1,512,48,1
"KERNEL_DISPATCH","Agent 2",1,0,220354,1730,21,"gdn_chunk_kkt_solve",1730,9375077977913,9375078000633,11776,0,104,0,128,128,1,1,1024,16,1
"KERNEL_DISPATCH","Agent 2",1,0,220354,1740,28,"gated_norm_mq_rotate_awq_i4_gfx12",1740,9375078613001,9375079592373,1024,0,40,0,128,64,1,1,1536,8192,1
"KERNEL_DISPATCH","Agent 2",1,0,220354,1745,29,"fused_silu_mul_mq_rotate_awq_i4_gfx12",1745,9375093876913,9375095981459,0,0,56,0,128,32,1,1,2176,8192,1
"KERNEL_DISPATCH","Agent 2",1,0,220354,1750,24,"gemm_mq4g256v2_residual_mmq_iu4_full_set_symfold",1750,9375107059879,9375107414363,0,0,184,0,128,256,1,1,2048,64,1
"KERNEL_DISPATCH","Agent 2",1,0,220354,1755,35,"kv_cache_write_fp8_e4m3_batched",1755,9375109495630,9375109585071,0,0,56,0,128,32,1,1,128,8192,1
"KERNEL_DISPATCH","Agent 2",1,0,220354,1760,24,"gemm_mq4g256v2_residual_mmq_iu4_full_set_symfold",1760,9375125141107,9375130680817,0,0,184,0,128,256,1,1,34816,64,1
"KERNEL_DISPATCH","Agent 2",1,0,220354,1765,24,"gemm_mq4g256v2_residual_mmq_iu4_full_set_symfold",1765,9375145108958,9375148597402,0,0,184,0,128,256,1,1,20480,64,1
"KERNEL_DISPATCH","Agent 2",1,0,220354,1770,21,"gdn_chunk_kkt_solve",1770,9375151728362,9375151751002,11776,0,104,0,128,128,1,1,1024,16,1
"KERNEL_DISPATCH","Agent 2",1,0,220354,1775,22,"gdn_chunk_scan",1775,9375152013405,9375152111327,60928,0,192,0,128,512,1,1,512,48,1
"KERNEL_DISPATCH","Agent 2",1,0,220354,1780,21,"gdn_chunk_kkt_solve",1780,9375152370090,9375152392250,11776,0,104,0,128,128,1,1,1024,16,1
"KERNEL_DISPATCH","Agent 2",1,0,220354,1785,22,"gdn_chunk_scan",1785,9375152650813,9375152748855,60928,0,192,0,128,512,1,1,512,48,1
"KERNEL_DISPATCH","Agent 2",1,0,220354,1790,21,"gdn_chunk_kkt_solve",1790,9375153006818,9375153028938,11776,0,104,0,128,128,1,1,1024,16,1
"KERNEL_DISPATCH","Agent 2",1,0,220354,1795,22,"gdn_chunk_scan",1795,9375153285661,9375153382543,60928,0,192,0,128,512,1,1,512,48,1
"KERNEL_DISPATCH","Agent 2",1,0,220354,1800,21,"gdn_chunk_kkt_solve",1800,9375153638106,9375153660586,11776,0,104,0,128,128,1,1,1024,16,1
"KERNEL_DISPATCH","Agent 2",1,0,220354,1805,24,"gemm_mq4g256v2_residual_mmq_iu4_full_set_symfold",1805,9375157418473,9375163286347,0,0,184,0,128,256,1,1,34816,64,1
"KERNEL_DISPATCH","Agent 2",1,0,220354,1810,24,"gemm_mq4g256v2_residual_mmq_iu4_full_set_symfold",1810,9375177942252,9375181433256,0,0,184,0,128,256,1,1,20480,64,1
"KERNEL_DISPATCH","Agent 2",1,0,220354,2697,22,"gdn_chunk_scan",2697,9375996881570,9375996983851,60928,0,192,0,128,512,1,1,512,48,1
"KERNEL_DISPATCH","Agent 2",1,0,220354,1815,21,"gdn_chunk_kkt_solve",1815,9375184560655,9375184583296,11776,0,104,0,128,128,1,1,1024,16,1
"KERNEL_DISPATCH","Agent 2",1,0,220354,2692,21,"gdn_chunk_kkt_solve",2692,9375996598686,9375996621127,11776,0,104,0,128,128,1,1,1024,16,1
"KERNEL_DISPATCH","Agent 2",1,0,220354,1820,22,"gdn_chunk_scan",1820,9375184845219,9375184943540,60928,0,192,0,128,512,1,1,512,48,1
"KERNEL_DISPATCH","Agent 2",1,0,220354,1825,21,"gdn_chunk_kkt_solve",1825,9375185200623,9375185222944,11776,0,104,0,128,128,1,1,1024,16,1
"KERNEL_DISPATCH","Agent 2",1,0,220354,1735,22,"gdn_chunk_scan",1735,9375078257636,9375078354797,60928,0,192,0,128,512,1,1,512,48,1
"KERNEL_DISPATCH","Agent 2",1,0,220354,1830,22,"gdn_chunk_scan",1830,9375185481587,9375185579868,60928,0,192,0,128,512,1,1,512,48,1
"KERNEL_DISPATCH","Agent 2",1,0,220354,1835,21,"gdn_chunk_kkt_solve",1835,9375185837831,9375185860112,11776,0,104,0,128,128,1,1,1024,16,1
"KERNEL_DISPATCH","Agent 2",1,0,220354,1840,22,"gdn_chunk_scan",1840,9375186117515,9375186214156,60928,0,192,0,128,512,1,1,512,48,1
"KERNEL_DISPATCH","Agent 2",1,0,220354,1845,21,"gdn_chunk_kkt_solve",1845,9375186470199,9375186492680,11776,0,104,0,128,128,1,1,1024,16,1
"KERNEL_DISPATCH","Agent 2",1,0,220354,1850,24,"gemm_mq4g256v2_residual_mmq_iu4_full_set_symfold",1850,9375190216367,9375196017560,0,0,184,0,128,256,1,1,34816,64,1
"KERNEL_DISPATCH","Agent 2",1,0,220354,1855,24,"gemm_mq4g256v2_residual_mmq_iu4_full_set_symfold",1855,9375210493982,9375213982026,0,0,184,0,128,256,1,1,20480,64,1
"KERNEL_DISPATCH","Agent 2",1,0,220354,1860,21,"gdn_chunk_kkt_solve",1860,9375217119066,9375217142106,11776,0,104,0,128,128,1,1,1024,16,1
"KERNEL_DISPATCH","Agent 2",1,0,220354,1865,22,"gdn_chunk_scan",1865,9375217406189,9375217505110,60928,0,192,0,128,512,1,1,512,48,1
"KERNEL_DISPATCH","Agent 2",1,0,220354,1870,21,"gdn_chunk_kkt_solve",1870,9375217767474,9375217790274,11776,0,104,0,128,128,1,1,1024,16,1
"KERNEL_DISPATCH","Agent 2",1,0,220354,1875,22,"gdn_chunk_scan",1875,9375218051677,9375218150119,60928,0,192,0,128,512,1,1,512,48,1
"KERNEL_DISPATCH","Agent 2",1,0,220354,1880,21,"gdn_chunk_kkt_solve",1880,9375218410562,9375218433202,11776,0,104,0,128,128,1,1,1024,16,1
"KERNEL_DISPATCH","Agent 2",1,0,220354,1885,22,"gdn_chunk_scan",1885,9375218693325,9375218792367,60928,0,192,0,128,512,1,1,512,48,1
"KERNEL_DISPATCH","Agent 2",1,0,220354,1890,21,"gdn_chunk_kkt_solve",1890,9375219051290,9375219073890,11776,0,104,0,128,128,1,1,1024,16,1
"KERNEL_DISPATCH","Agent 2",1,0,220354,1895,24,"gemm_mq4g256v2_residual_mmq_iu4_full_set_symfold",1895,9375222888058,9375228842173,0,0,184,0,128,256,1,1,34816,64,1
"KERNEL_DISPATCH","Agent 2",1,0,220354,1900,24,"gemm_mq4g256v2_residual_mmq_iu4_full_set_symfold",1900,9375243361876,9375247523209,0,0,184,0,128,256,1,1,24576,64,1
"KERNEL_DISPATCH","Agent 2",1,0,220354,1905,33,"rope_partial_halfsplit_batched_f32",1905,9375249893519,9375250259243,0,0,16,0,128,32,1,1,32,8192,1
"KERNEL_DISPATCH","Agent 2",1,0,220354,1910,25,"gemm_mq4g256v2_residual_mmq_iu4_full_add_symfold",1910,9375263581091,9375265608757,0,0,184,0,128,256,1,1,10240,64,1
"KERNEL_DISPATCH","Agent 2",1,0,220354,1920,24,"gemm_mq4g256v2_residual_mmq_iu4_full_set_symfold",1920,9375291663125,9375291720606,0,0,184,0,128,256,1,1,256,64,1
"KERNEL_DISPATCH","Agent 2",1,0,220354,1925,22,"gdn_chunk_scan",1925,9375292784859,9375292882380,60928,0,192,0,128,512,1,1,512,48,1
"KERNEL_DISPATCH","Agent 2",1,0,220354,1930,21,"gdn_chunk_kkt_solve",1930,9375293137463,9375293159984,11776,0,104,0,128,128,1,1,1024,16,1
"KERNEL_DISPATCH","Agent 2",1,0,220354,1935,22,"gdn_chunk_scan",1935,9375293414867,9375293512268,60928,0,192,0,128,512,1,1,512,48,1
"KERNEL_DISPATCH","Agent 2",1,0,220354,1940,21,"gdn_chunk_kkt_solve",1940,9375293768031,9375293790592,11776,0,104,0,128,128,1,1,1024,16,1
"KERNEL_DISPATCH","Agent 2",1,0,220354,1945,22,"gdn_chunk_scan",1945,9375294046035,9375294142436,60928,0,192,0,128,512,1,1,512,48,1
"KERNEL_DISPATCH","Agent 2",1,0,220354,1950,21,"gdn_chunk_kkt_solve",1950,9375294396719,9375294418840,11776,0,104,0,128,128,1,1,1024,16,1
"KERNEL_DISPATCH","Agent 2",1,0,220354,1955,25,"gemm_mq4g256v2_residual_mmq_iu4_full_add_symfold",1955,9375295634535,9375297800082,0,0,184,0,128,256,1,1,10240,64,1
"KERNEL_DISPATCH","Agent 2",1,0,220354,1960,25,"gemm_mq4g256v2_residual_mmq_iu4_full_add_symfold",1960,9375312079422,9375318153059,0,0,184,0,128,256,1,1,10240,64,1
"KERNEL_DISPATCH","Agent 2",1,0,220354,1965,24,"gemm_mq4g256v2_residual_mmq_iu4_full_set_symfold",1965,9375324285856,9375324345097,0,0,184,0,128,256,1,1,256,64,1
"KERNEL_DISPATCH","Agent 2",1,0,220354,1970,22,"gdn_chunk_scan",1970,9375325419390,9375325518431,60928,0,192,0,128,512,1,1,512,48,1
"KERNEL_DISPATCH","Agent 2",1,0,220354,1975,21,"gdn_chunk_kkt_solve",1975,9375325779075,9375325801795,11776,0,104,0,128,128,1,1,1024,16,1
"KERNEL_DISPATCH","Agent 2",1,0,220354,1980,22,"gdn_chunk_scan",1980,9375326063398,9375326162519,60928,0,192,0,128,512,1,1,512,48,1
"KERNEL_DISPATCH","Agent 2",1,0,220354,1985,21,"gdn_chunk_kkt_solve",1985,9375326422603,9375326445483,11776,0,104,0,128,128,1,1,1024,16,1
"KERNEL_DISPATCH","Agent 2",1,0,220354,1990,22,"gdn_chunk_scan",1990,9375326706086,9375326805168,60928,0,192,0,128,512,1,1,512,48,1
"KERNEL_DISPATCH","Agent 2",1,0,220354,1482,21,"gdn_chunk_kkt_solve",1482,9374871567072,9374871589432,11776,0,104,0,128,128,1,1,1024,16,1
"KERNEL_DISPATCH","Agent 2",1,0,220354,1995,21,"gdn_chunk_kkt_solve",1995,9375327065251,9375327087691,11776,0,104,0,128,128,1,1,1024,16,1
"KERNEL_DISPATCH","Agent 2",1,0,220354,1487,22,"gdn_chunk_scan",1487,9374871847875,9374871946117,60928,0,192,0,128,512,1,1,512,48,1
"KERNEL_DISPATCH","Agent 2",1,0,220354,2000,25,"gemm_mq4g256v2_residual_mmq_iu4_full_add_symfold",2000,9375328327187,9375330535335,0,0,184,0,128,256,1,1,10240,64,1
"KERNEL_DISPATCH","Agent 2",1,0,220354,2005,25,"gemm_mq4g256v2_residual_mmq_iu4_full_add_symfold",2005,9375344938316,9375351006272,0,0,184,0,128,256,1,1,10240,64,1
"KERNEL_DISPATCH","Agent 2",1,0,220354,2010,24,"gemm_mq4g256v2_residual_mmq_iu4_full_set_symfold",2010,9375357136670,9375357195790,0,0,184,0,128,256,1,1,256,64,1
"KERNEL_DISPATCH","Agent 2",1,0,220354,2015,22,"gdn_chunk_scan",2015,9375358262324,9375358361205,60928,0,192,0,128,512,1,1,512,48,1
"KERNEL_DISPATCH","Agent 2",1,0,220354,1492,21,"gdn_chunk_kkt_solve",1492,9374872201480,9374872223960,11776,0,104,0,128,128,1,1,1024,16,1
"KERNEL_DISPATCH","Agent 2",1,0,220354,2020,21,"gdn_chunk_kkt_solve",2020,9375358622008,9375358644929,11776,0,104,0,128,128,1,1,1024,16,1
"KERNEL_DISPATCH","Agent 2",1,0,220354,1497,22,"gdn_chunk_scan",1497,9374872479523,9374872576365,60928,0,192,0,128,512,1,1,512,48,1
"KERNEL_DISPATCH","Agent 2",1,0,220354,1502,24,"gemm_mq4g256v2_residual_mmq_iu4_full_set_symfold",1502,9374881997803,9374887911798,0,0,184,0,128,256,1,1,34816,64,1
"KERNEL_DISPATCH","Agent 2",1,0,220354,1507,24,"gemm_mq4g256v2_residual_mmq_iu4_full_set_symfold",1507,9374900068351,9374902142097,0,0,184,0,128,256,1,1,12288,64,1
"KERNEL_DISPATCH","Agent 2",1,0,220354,1512,22,"gdn_chunk_scan",1512,9374903214711,9374903316912,60928,0,192,0,128,512,1,1,512,48,1
"KERNEL_DISPATCH","Agent 2",1,0,220354,1517,21,"gdn_chunk_kkt_solve",1517,9374903577475,9374903600316,11776,0,104,0,128,128,1,1,1024,16,1
"KERNEL_DISPATCH","Agent 2",1,0,220354,1522,22,"gdn_chunk_scan",1522,9374903862599,9374903962520,60928,0,192,0,128,512,1,1,512,48,1
"KERNEL_DISPATCH","Agent 2",1,0,220354,1527,21,"gdn_chunk_kkt_solve",1527,9374904223003,9374904245644,11776,0,104,0,128,128,1,1,1024,16,1
"KERNEL_DISPATCH","Agent 2",1,0,220354,1532,22,"gdn_chunk_scan",1532,9374904506447,9374904605248,60928,0,192,0,128,512,1,1,512,48,1
"KERNEL_DISPATCH","Agent 2",1,0,220354,1537,21,"gdn_chunk_kkt_solve",1537,9374904865531,9374904888172,11776,0,104,0,128,128,1,1,1024,16,1
"KERNEL_DISPATCH","Agent 2",1,0,220354,1542,22,"gdn_chunk_scan",1542,9374905145815,9374905243496,60928,0,192,0,128,512,1,1,512,48,1
"KERNEL_DISPATCH","Agent 2",1,0,220354,1915,25,"gemm_mq4g256v2_residual_mmq_iu4_full_add_symfold",1915,9375279478651,9375285567648,0,0,184,0,128,256,1,1,10240,64,1
"KERNEL_DISPATCH","Agent 2",1,0,220354,1547,24,"gemm_mq4g256v2_residual_mmq_iu4_full_set_symfold",1547,9374914830737,9374920654010,0,0,184,0,128,256,1,1,34816,64,1
"KERNEL_DISPATCH","Agent 2",1,0,220354,2030,21,"gdn_chunk_kkt_solve",2030,9375359263456,9375359285977,11776,0,104,0,128,128,1,1,1024,16,1
"KERNEL_DISPATCH","Agent 2",1,0,220354,2035,22,"gdn_chunk_scan",2035,9375359545300,9375359643981,60928,0,192,0,128,512,1,1,512,48,1
"KERNEL_DISPATCH","Agent 2",1,0,220354,2040,21,"gdn_chunk_kkt_solve",2040,9375359902945,9375359925585,11776,0,104,0,128,128,1,1,1024,16,1
"KERNEL_DISPATCH","Agent 2",1,0,220354,2045,25,"gemm_mq4g256v2_residual_mmq_iu4_full_add_symfold",2045,9375361154240,9375363315588,0,0,184,0,128,256,1,1,10240,64,1
"KERNEL_DISPATCH","Agent 2",1,0,220354,2050,25,"gemm_mq4g256v2_residual_mmq_iu4_full_add_symfold",2050,9375377614608,9375383631203,0,0,184,0,128,256,1,1,10240,64,1
"KERNEL_DISPATCH","Agent 2",1,0,220354,2055,30,"deinterleave_q_rmsnorm_f32_batched",2055,9375388985031,9375390382729,0,0,24,0,128,256,1,1,6144,8192,1
"KERNEL_DISPATCH","Agent 2",1,0,220354,2837,22,"gdn_chunk_scan",2837,9376136884254,9376136982375,60928,0,192,0,128,512,1,1,512,48,1
"KERNEL_DISPATCH","Agent 2",1,0,220354,2060,43,"attention_fp8_e4m3_fa2_gqa_packet_gfx1201",2060,9375391158298,9375403467453,0,0,240,0,128,256,1,1,6144,4,16
"KERNEL_DISPATCH","Agent 2",1,0,220354,2065,24,"gemm_mq4g256v2_residual_mmq_iu4_full_set_symfold",2065,9375412312805,9375417971076,0,0,184,0,128,256,1,1,34816,64,1
"KERNEL_DISPATCH","Agent 2",1,0,220354,2070,24,"gemm_mq4g256v2_residual_mmq_iu4_full_set_symfold",2070,9375430012508,9375432083974,0,0,184,0,128,256,1,1,12288,64,1
"KERNEL_DISPATCH","Agent 2",1,0,220354,2075,22,"gdn_chunk_scan",2075,9375433156307,9375433257709,60928,0,192,0,128,512,1,1,512,48,1
"KERNEL_DISPATCH","Agent 2",1,0,220354,2080,21,"gdn_chunk_kkt_solve",2080,9375433516592,9375433539272,11776,0,104,0,128,128,1,1,1024,16,1
"KERNEL_DISPATCH","Agent 2",1,0,220354,2085,22,"gdn_chunk_scan",2085,9375433798836,9375433898277,60928,0,192,0,128,512,1,1,512,48,1
"KERNEL_DISPATCH","Agent 2",1,0,220354,2090,21,"gdn_chunk_kkt_solve",2090,9375434157520,9375434179760,11776,0,104,0,128,128,1,1,1024,16,1
"KERNEL_DISPATCH","Agent 2",1,0,220354,2095,22,"gdn_chunk_scan",2095,9375434439564,9375434538325,60928,0,192,0,128,512,1,1,512,48,1
"KERNEL_DISPATCH","Agent 2",1,0,220354,2100,21,"gdn_chunk_kkt_solve",2100,9375434798048,9375434820808,11776,0,104,0,128,128,1,1,1024,16,1
"KERNEL_DISPATCH","Agent 2",1,0,220354,2105,22,"gdn_chunk_scan",2105,9375435079132,9375435177133,60928,0,192,0,128,512,1,1,512,48,1
"KERNEL_DISPATCH","Agent 2",1,0,220354,2110,24,"gemm_mq4g256v2_residual_mmq_iu4_full_set_symfold",2110,9375444738733,9375450586647,0,0,184,0,128,256,1,1,34816,64,1
"KERNEL_DISPATCH","Agent 2",1,0,220354,2115,24,"gemm_mq4g256v2_residual_mmq_iu4_full_set_symfold",2115,9375462792721,9375464872747,0,0,184,0,128,256,1,1,12288,64,1
"KERNEL_DISPATCH","Agent 2",1,0,220354,2120,22,"gdn_chunk_scan",2120,9375465946881,9375466048722,60928,0,192,0,128,512,1,1,512,48,1
"KERNEL_DISPATCH","Agent 2",1,0,220354,2125,21,"gdn_chunk_kkt_solve",2125,9375466308285,9375466331005,11776,0,104,0,128,128,1,1,1024,16,1
"KERNEL_DISPATCH","Agent 2",1,0,220354,2130,22,"gdn_chunk_scan",2130,9375466592169,9375466691610,60928,0,192,0,128,512,1,1,512,48,1
"KERNEL_DISPATCH","Agent 2",1,0,220354,2135,21,"gdn_chunk_kkt_solve",2135,9375466952293,9375466974694,11776,0,104,0,128,128,1,1,1024,16,1
"KERNEL_DISPATCH","Agent 2",1,0,220354,2140,22,"gdn_chunk_scan",2140,9375467233977,9375467332498,60928,0,192,0,128,512,1,1,512,48,1
"KERNEL_DISPATCH","Agent 2",1,0,220354,2145,21,"gdn_chunk_kkt_solve",2145,9375467591621,9375467614142,11776,0,104,0,128,128,1,1,1024,16,1
"KERNEL_DISPATCH","Agent 2",1,0,220354,2150,22,"gdn_chunk_scan",2150,9375467873385,9375467971746,60928,0,192,0,128,512,1,1,512,48,1
"KERNEL_DISPATCH","Agent 2",1,0,220354,2155,24,"gemm_mq4g256v2_residual_mmq_iu4_full_set_symfold",2155,9375477422905,9375483272619,0,0,184,0,128,256,1,1,34816,64,1
"KERNEL_DISPATCH","Agent 2",1,0,220354,2160,24,"gemm_mq4g256v2_residual_mmq_iu4_full_set_symfold",2160,9375495567494,9375497648800,0,0,184,0,128,256,1,1,12288,64,1
"KERNEL_DISPATCH","Agent 2",1,0,220354,2165,22,"gdn_chunk_scan",2165,9375498717253,9375498819375,60928,0,192,0,128,512,1,1,512,48,1
"KERNEL_DISPATCH","Agent 2",1,0,220354,2170,21,"gdn_chunk_kkt_solve",2170,9375499078578,9375499101258,11776,0,104,0,128,128,1,1,1024,16,1
"KERNEL_DISPATCH","Agent 2",1,0,220354,2175,22,"gdn_chunk_scan",2175,9375499360102,9375499458783,60928,0,192,0,128,512,1,1,512,48,1
"KERNEL_DISPATCH","Agent 2",1,0,220354,2180,21,"gdn_chunk_kkt_solve",2180,9375499718146,9375499740546,11776,0,104,0,128,128,1,1,1024,16,1
"KERNEL_DISPATCH","Agent 2",1,0,220354,2185,22,"gdn_chunk_scan",2185,9375499999430,9375500096551,60928,0,192,0,128,512,1,1,512,48,1
"KERNEL_DISPATCH","Agent 2",1,0,220354,2190,21,"gdn_chunk_kkt_solve",2190,9375500352554,9375500374554,11776,0,104,0,128,128,1,1,1024,16,1
"KERNEL_DISPATCH","Agent 2",1,0,220354,2195,22,"gdn_chunk_scan",2195,9375500630958,9375500728199,60928,0,192,0,128,512,1,1,512,48,1
"KERNEL_DISPATCH","Agent 2",1,0,220354,2200,24,"gemm_mq4g256v2_residual_mmq_iu4_full_set_symfold",2200,9375510195118,9375516035632,0,0,184,0,128,256,1,1,34816,64,1
"KERNEL_DISPATCH","Agent 2",1,0,220354,1557,22,"gdn_chunk_scan",1557,9374935972883,9374936074645,60928,0,192,0,128,512,1,1,512,48,1
"KERNEL_DISPATCH","Agent 2",1,0,220354,2210,35,"kv_cache_write_fp8_e4m3_batched",2210,9375531633388,9375531698829,0,0,56,0,128,32,1,1,128,8192,1
"KERNEL_DISPATCH","Agent 2",1,0,220354,1562,21,"gdn_chunk_kkt_solve",1562,9374936334128,9374936356768,11776,0,104,0,128,128,1,1,1024,16,1
"KERNEL_DISPATCH","Agent 2",1,0,220354,1567,22,"gdn_chunk_scan",1567,9374936616252,9374936715093,60928,0,192,0,128,512,1,1,512,48,1
"KERNEL_DISPATCH","Agent 2",1,0,220354,2215,23,"fused_rmsnorm_mq_rotate_awq_i4_gfx12",2215,9375546934821,9375547370386,0,0,96,0,128,256,1,1,2097152,1,1
"KERNEL_DISPATCH","Agent 2",1,0,220354,1572,21,"gdn_chunk_kkt_solve",1572,9374936974496,9374936996496,11776,0,104,0,128,128,1,1,1024,16,1
"KERNEL_DISPATCH","Agent 2",1,0,220354,1577,22,"gdn_chunk_scan",1577,9374937251900,9374937348901,60928,0,192,0,128,512,1,1,512,48,1
"KERNEL_DISPATCH","Agent 2",1,0,220354,2220,23,"fused_rmsnorm_mq_rotate_awq_i4_gfx12",2220,9375566794591,9375567259437,0,0,96,0,128,256,1,1,2097152,1,1
"KERNEL_DISPATCH","Agent 2",1,0,220354,1582,21,"gdn_chunk_kkt_solve",1582,9374937606384,9374937628864,11776,0,104,0,128,128,1,1,1024,16,1
"KERNEL_DISPATCH","Agent 2",1,0,220354,2225,20,"gdn_chunk_prep",2225,9375572919708,9375573822600,0,0,72,0,128,256,1,1,32768,10,1
"KERNEL_DISPATCH","Agent 2",1,0,220354,2230,21,"gdn_chunk_kkt_solve",2230,9375574085563,9375574108283,11776,0,104,0,128,128,1,1,1024,16,1
"KERNEL_DISPATCH","Agent 2",1,0,220354,2235,22,"gdn_chunk_scan",2235,9375574368167,9375574467048,60928,0,192,0,128,512,1,1,512,48,1
"KERNEL_DISPATCH","Agent 2",1,0,220354,2240,21,"gdn_chunk_kkt_solve",2240,9375574726891,9375574750011,11776,0,104,0,128,128,1,1,1024,16,1
"KERNEL_DISPATCH","Agent 2",1,0,220354,2245,22,"gdn_chunk_scan",2245,9375575008775,9375575106776,60928,0,192,0,128,512,1,1,512,48,1
"KERNEL_DISPATCH","Agent 2",1,0,220354,2250,21,"gdn_chunk_kkt_solve",2250,9375575363379,9375575385699,11776,0,104,0,128,128,1,1,1024,16,1
"KERNEL_DISPATCH","Agent 2",1,0,220354,2255,22,"gdn_chunk_scan",2255,9375575642183,9375575740024,60928,0,192,0,128,512,1,1,512,48,1
"KERNEL_DISPATCH","Agent 2",1,0,220354,2260,23,"fused_rmsnorm_mq_rotate_awq_i4_gfx12",2260,9375579076386,9375579543632,0,0,96,0,128,256,1,1,2097152,1,1
"KERNEL_DISPATCH","Agent 2",1,0,220354,2265,23,"fused_rmsnorm_mq_rotate_awq_i4_gfx12",2265,9375599544084,9375600014170,0,0,96,0,128,256,1,1,2097152,1,1
"KERNEL_DISPATCH","Agent 2",1,0,220354,2270,20,"gdn_chunk_prep",2270,9375605734442,9375606634013,0,0,72,0,128,256,1,1,32768,10,1
"KERNEL_DISPATCH","Agent 2",1,0,220354,2275,21,"gdn_chunk_kkt_solve",2275,9375606896496,9375606919337,11776,0,104,0,128,128,1,1,1024,16,1
"KERNEL_DISPATCH","Agent 2",1,0,220354,2280,22,"gdn_chunk_scan",2280,9375607178580,9375607276981,60928,0,192,0,128,512,1,1,512,48,1
"KERNEL_DISPATCH","Agent 2",1,0,220354,2285,21,"gdn_chunk_kkt_solve",2285,9375607535824,9375607558665,11776,0,104,0,128,128,1,1,1024,16,1
"KERNEL_DISPATCH","Agent 2",1,0,220354,2290,22,"gdn_chunk_scan",2290,9375607817308,9375607915949,60928,0,192,0,128,512,1,1,512,48,1
"KERNEL_DISPATCH","Agent 2",1,0,220354,2295,21,"gdn_chunk_kkt_solve",2295,9375608171152,9375608193633,11776,0,104,0,128,128,1,1,1024,16,1
"KERNEL_DISPATCH","Agent 2",1,0,220354,2300,22,"gdn_chunk_scan",2300,9375608448316,9375608545757,60928,0,192,0,128,512,1,1,512,48,1
"KERNEL_DISPATCH","Agent 2",1,0,220354,2305,23,"fused_rmsnorm_mq_rotate_awq_i4_gfx12",2305,9375611858119,9375612320525,0,0,96,0,128,256,1,1,2097152,1,1
"KERNEL_DISPATCH","Agent 2",1,0,220354,2310,23,"fused_rmsnorm_mq_rotate_awq_i4_gfx12",2310,9375632171415,9375632639661,0,0,96,0,128,256,1,1,2097152,1,1
"KERNEL_DISPATCH","Agent 2",1,0,220354,2315,20,"gdn_chunk_prep",2315,9375638348133,9375639251824,0,0,72,0,128,256,1,1,32768,10,1
"KERNEL_DISPATCH","Agent 2",1,0,220354,2320,21,"gdn_chunk_kkt_solve",2320,9375639514387,9375639536868,11776,0,104,0,128,128,1,1,1024,16,1
"KERNEL_DISPATCH","Agent 2",1,0,220354,2325,22,"gdn_chunk_scan",2325,9375639796871,9375639895872,60928,0,192,0,128,512,1,1,512,48,1
"KERNEL_DISPATCH","Agent 2",1,0,220354,2330,21,"gdn_chunk_kkt_solve",2330,9375640155515,9375640178036,11776,0,104,0,128,128,1,1,1024,16,1
"KERNEL_DISPATCH","Agent 2",1,0,220354,2335,22,"gdn_chunk_scan",2335,9375640436639,9375640535120,60928,0,192,0,128,512,1,1,512,48,1
"KERNEL_DISPATCH","Agent 2",1,0,220354,2340,21,"gdn_chunk_kkt_solve",2340,9375640794924,9375640817724,11776,0,104,0,128,128,1,1,1024,16,1
"KERNEL_DISPATCH","Agent 2",1,0,220354,2345,22,"gdn_chunk_scan",2345,9375641074487,9375641172088,60928,0,192,0,128,512,1,1,512,48,1
"KERNEL_DISPATCH","Agent 2",1,0,220354,2682,21,"gdn_chunk_kkt_solve",2682,9375995954278,9375995976959,11776,0,104,0,128,128,1,1,1024,16,1
"KERNEL_DISPATCH","Agent 2",1,0,220354,2205,24,"gemm_mq4g256v2_residual_mmq_iu4_full_set_symfold",2205,9375528917834,9375529270158,0,0,184,0,128,256,1,1,2048,64,1
"KERNEL_DISPATCH","Agent 2",1,0,220354,2677,24,"gemm_mq4g256v2_residual_mmq_iu4_full_set_symfold",2677,9375989383315,9375992832479,0,0,184,0,128,256,1,1,20480,64,1
"KERNEL_DISPATCH","Agent 2",1,0,220354,2350,23,"fused_rmsnorm_mq_rotate_awq_i4_gfx12",2350,9375644514850,9375644985256,0,0,96,0,128,256,1,1,2097152,1,1
"KERNEL_DISPATCH","Agent 2",1,0,220354,2672,24,"gemm_mq4g256v2_residual_mmq_iu4_full_set_symfold",2672,9375969545265,9375975134176,0,0,184,0,128,256,1,1,34816,64,1
"KERNEL_DISPATCH","Agent 2",1,0,220354,2355,23,"fused_rmsnorm_mq_rotate_awq_i4_gfx12",2355,9375664965948,9375665434954,0,0,96,0,128,256,1,1,2097152,1,1
"KERNEL_DISPATCH","Agent 2",1,0,220354,2360,32,"rmsnorm_f32",2360,9375671721873,9375671947916,0,0,16,0,128,256,1,1,8388608,1,1
"KERNEL_DISPATCH","Agent 2",1,0,220354,2365,46,"sigmoid_mul_rotate_x_mq_awq_i4_gfx12",2365,9375684863119,9375685593968,0,0,88,0,128,32,1,1,6291456,1,1
"KERNEL_DISPATCH","Agent 2",1,0,220354,2667,35,"kv_cache_write_fp8_e4m3_batched",2667,9375953835268,9375953925189,0,0,56,0,128,32,1,1,128,8192,1
"KERNEL_DISPATCH","Agent 2",1,0,220354,2370,29,"fused_silu_mul_mq_rotate_awq_i4_gfx12",2370,9375699313021,9375701421207,0,0,56,0,128,32,1,1,2176,8192,1
"KERNEL_DISPATCH","Agent 2",1,0,220354,1587,22,"gdn_chunk_scan",1587,9374937886148,9374937984069,60928,0,192,0,128,512,1,1,512,48,1
"KERNEL_DISPATCH","Agent 2",1,0,220354,2375,24,"gemm_mq4g256v2_residual_mmq_iu4_full_set_symfold",2375,9375713373358,9375713434319,0,0,184,0,128,256,1,1,256,64,1
"KERNEL_DISPATCH","Agent 2",1,0,220354,2662,24,"gemm_mq4g256v2_residual_mmq_iu4_full_set_symfold",2662,9375951401437,9375951753521,0,0,184,0,128,256,1,1,2048,64,1
"KERNEL_DISPATCH","Agent 2",1,0,220354,2380,21,"gdn_chunk_kkt_solve",2380,9375714537133,9375714560293,11776,0,104,0,128,128,1,1,1024,16,1
"KERNEL_DISPATCH","Agent 2",1,0,220354,1592,24,"gemm_mq4g256v2_residual_mmq_iu4_full_set_symfold",1592,9374947475948,9374953260021,0,0,184,0,128,256,1,1,34816,64,1
"KERNEL_DISPATCH","Agent 2",1,0,220354,2385,22,"gdn_chunk_scan",2385,9375714823816,9375714923937,60928,0,192,0,128,512,1,1,512,48,1
"KERNEL_DISPATCH","Agent 2",1,0,220354,1597,24,"gemm_mq4g256v2_residual_mmq_iu4_full_set_symfold",1597,9374966056422,9374966410467,0,0,184,0,128,256,1,1,2048,64,1
"KERNEL_DISPATCH","Agent 2",1,0,220354,2395,22,"gdn_chunk_scan",2395,9375715468864,9375715567826,60928,0,192,0,128,512,1,1,512,48,1
"KERNEL_DISPATCH","Agent 2",1,0,220354,1602,35,"kv_cache_write_fp8_e4m3_batched",1602,9374968787777,9374968853578,0,0,56,0,128,32,1,1,128,8192,1
"KERNEL_DISPATCH","Agent 2",1,0,220354,2657,29,"fused_silu_mul_mq_rotate_awq_i4_gfx12",2657,9375938201671,9375940309097,0,0,56,0,128,32,1,1,2176,8192,1
"KERNEL_DISPATCH","Agent 2",1,0,220354,2652,28,"gated_norm_mq_rotate_awq_i4_gfx12",2652,9375922795436,9375923784489,1024,0,40,0,128,64,1,1,1536,8192,1
"KERNEL_DISPATCH","Agent 2",1,0,220354,1607,23,"fused_rmsnorm_mq_rotate_awq_i4_gfx12",1607,9374984135370,9374984574656,0,0,96,0,128,256,1,1,2097152,1,1
"KERNEL_DISPATCH","Agent 2",1,0,220354,2647,22,"gdn_chunk_scan",2647,9375922436832,9375922534993,60928,0,192,0,128,512,1,1,512,48,1
"KERNEL_DISPATCH","Agent 2",1,0,220354,1612,23,"fused_rmsnorm_mq_rotate_awq_i4_gfx12",1612,9375004008381,9375004472466,0,0,96,0,128,256,1,1,2097152,1,1
"KERNEL_DISPATCH","Agent 2",1,0,220354,2642,21,"gdn_chunk_kkt_solve",2642,9375922155428,9375922178509,11776,0,104,0,128,128,1,1,1024,16,1
"KERNEL_DISPATCH","Agent 2",1,0,220354,1617,20,"gdn_chunk_prep",1617,9375010127138,9375011027229,0,0,72,0,128,256,1,1,32768,10,1
"KERNEL_DISPATCH","Agent 2",1,0,220354,2637,22,"gdn_chunk_scan",2637,9375921796024,9375921895785,60928,0,192,0,128,512,1,1,512,48,1
"KERNEL_DISPATCH","Agent 2",1,0,220354,1622,21,"gdn_chunk_kkt_solve",1622,9375011290552,9375011313433,11776,0,104,0,128,128,1,1,1024,16,1
"KERNEL_DISPATCH","Agent 2",1,0,220354,2632,21,"gdn_chunk_kkt_solve",2632,9375921510460,9375921533541,11776,0,104,0,128,128,1,1,1024,16,1
"KERNEL_DISPATCH","Agent 2",1,0,220354,2627,22,"gdn_chunk_scan",2627,9375921148656,9375921248177,60928,0,192,0,128,512,1,1,512,48,1
"KERNEL_DISPATCH","Agent 2",1,0,220354,2622,21,"gdn_chunk_kkt_solve",2622,9375920864132,9375920886932,11776,0,104,0,128,128,1,1,1024,16,1
"KERNEL_DISPATCH","Agent 2",1,0,220354,2617,24,"gemm_mq4g256v2_residual_mmq_iu4_full_set_symfold",2617,9375919690997,9375919752838,0,0,184,0,128,256,1,1,256,64,1
"KERNEL_DISPATCH","Agent 2",1,0,220354,2612,29,"fused_silu_mul_mq_rotate_awq_i4_gfx12",2612,9375905491778,9375907606605,0,0,56,0,128,32,1,1,2176,8192,1
"KERNEL_DISPATCH","Agent 2",1,0,220354,2607,28,"gated_norm_mq_rotate_awq_i4_gfx12",2607,9375889951303,9375890946435,1024,0,40,0,128,64,1,1,1536,8192,1
"KERNEL_DISPATCH","Agent 2",1,0,220354,2602,22,"gdn_chunk_scan",2602,9375889593418,9375889692099,60928,0,192,0,128,512,1,1,512,48,1
"KERNEL_DISPATCH","Agent 2",1,0,220354,2597,21,"gdn_chunk_kkt_solve",2597,9375889311455,9375889334415,11776,0,104,0,128,128,1,1,1024,16,1
"KERNEL_DISPATCH","Agent 2",1,0,220354,2592,22,"gdn_chunk_scan",2592,9375888954130,9375889052571,60928,0,192,0,128,512,1,1,512,48,1
"KERNEL_DISPATCH","Agent 2",1,0,220354,2587,21,"gdn_chunk_kkt_solve",2587,9375888671647,9375888694327,11776,0,104,0,128,128,1,1,1024,16,1
"KERNEL_DISPATCH","Agent 2",1,0,220354,2582,22,"gdn_chunk_scan",2582,9375888312482,9375888411123,60928,0,192,0,128,512,1,1,512,48,1
"KERNEL_DISPATCH","Agent 2",1,0,220354,2577,21,"gdn_chunk_kkt_solve",2577,9375888029558,9375888052559,11776,0,104,0,128,128,1,1,1024,16,1
"KERNEL_DISPATCH","Agent 2",1,0,220354,2572,24,"gemm_mq4g256v2_residual_mmq_iu4_full_set_symfold",2572,9375886859024,9375886920064,0,0,184,0,128,256,1,1,256,64,1
"KERNEL_DISPATCH","Agent 2",1,0,220354,2567,29,"fused_silu_mul_mq_rotate_awq_i4_gfx12",2567,9375872572804,9375874677710,0,0,56,0,128,32,1,1,2176,8192,1
"KERNEL_DISPATCH","Agent 2",1,0,220354,2562,28,"gated_norm_mq_rotate_awq_i4_gfx12",2562,9375857133769,9375858125582,1024,0,40,0,128,64,1,1,1536,8192,1
"KERNEL_DISPATCH","Agent 2",1,0,220354,2557,22,"gdn_chunk_scan",2557,9375856777525,9375856875926,60928,0,192,0,128,512,1,1,512,48,1
"KERNEL_DISPATCH","Agent 2",1,0,220354,2552,21,"gdn_chunk_kkt_solve",2552,9375856495361,9375856518281,11776,0,104,0,128,128,1,1,1024,16,1
"KERNEL_DISPATCH","Agent 2",1,0,220354,2547,22,"gdn_chunk_scan",2547,9375856136957,9375856235798,60928,0,192,0,128,512,1,1,512,48,1
"KERNEL_DISPATCH","Agent 2",1,0,220354,2542,21,"gdn_chunk_kkt_solve",2542,9375855854073,9375855876953,11776,0,104,0,128,128,1,1,1024,16,1
"KERNEL_DISPATCH","Agent 2",1,0,220354,2537,22,"gdn_chunk_scan",2537,9375855493909,9375855592990,60928,0,192,0,128,512,1,1,512,48,1
"KERNEL_DISPATCH","Agent 2",1,0,220354,2532,21,"gdn_chunk_kkt_solve",2532,9375855211425,9375855234305,11776,0,104,0,128,128,1,1,1024,16,1
"KERNEL_DISPATCH","Agent 2",1,0,220354,2527,24,"gemm_mq4g256v2_residual_mmq_iu4_full_set_symfold",2527,9375854046570,9375854107571,0,0,184,0,128,256,1,1,256,64,1
"KERNEL_DISPATCH","Agent 2",1,0,220354,2522,29,"fused_silu_mul_mq_rotate_awq_i4_gfx12",2522,9375840004793,9375842113420,0,0,56,0,128,32,1,1,2176,8192,1
"KERNEL_DISPATCH","Agent 2",1,0,220354,2390,21,"gdn_chunk_kkt_solve",2390,9375715184501,9375715207461,11776,0,104,0,128,128,1,1,1024,16,1
"KERNEL_DISPATCH","Agent 2",1,0,220354,2517,46,"sigmoid_mul_rotate_x_mq_awq_i4_gfx12",2517,9375825532691,9375826264860,0,0,88,0,128,32,1,1,6291456,1,1
"KERNEL_DISPATCH","Agent 2",1,0,220354,2405,22,"gdn_chunk_scan",2405,9375716108912,9375716206554,60928,0,192,0,128,512,1,1,512,48,1
"KERNEL_DISPATCH","Agent 2",1,0,220354,2512,32,"rmsnorm_f32",2512,9375812501607,9375812731810,0,0,16,0,128,256,1,1,8388608,1,1
"KERNEL_DISPATCH","Agent 2",1,0,220354,2410,28,"gated_norm_mq_rotate_awq_i4_gfx12",2410,9375716464557,9375717452009,1024,0,40,0,128,64,1,1,1536,8192,1
"KERNEL_DISPATCH","Agent 2",1,0,220354,2507,23,"fused_rmsnorm_mq_rotate_awq_i4_gfx12",2507,9375805697241,9375806168407,0,0,96,0,128,256,1,1,2097152,1,1
"KERNEL_DISPATCH","Agent 2",1,0,220354,2415,29,"fused_silu_mul_mq_rotate_awq_i4_gfx12",2415,9375731822070,9375733932937,0,0,56,0,128,32,1,1,2176,8192,1
"KERNEL_DISPATCH","Agent 2",1,0,220354,2502,23,"fused_rmsnorm_mq_rotate_awq_i4_gfx12",2502,9375785260144,9375785721829,0,0,96,0,128,256,1,1,2097152,1,1
"KERNEL_DISPATCH","Agent 2",1,0,220354,2497,22,"gdn_chunk_scan",2497,9375781844261,9375781943222,60928,0,192,0,128,512,1,1,512,48,1
"KERNEL_DISPATCH","Agent 2",1,0,220354,2420,24,"gemm_mq4g256v2_residual_mmq_iu4_full_set_symfold",2420,9375746130171,9375746191291,0,0,184,0,128,256,1,1,256,64,1
"KERNEL_DISPATCH","Agent 2",1,0,220354,2492,21,"gdn_chunk_kkt_solve",2492,9375781561057,9375781583817,11776,0,104,0,128,128,1,1,1024,16,1
"KERNEL_DISPATCH","Agent 2",1,0,220354,2425,21,"gdn_chunk_kkt_solve",2425,9375747299185,9375747321946,11776,0,104,0,128,128,1,1,1024,16,1
"KERNEL_DISPATCH","Agent 2",1,0,220354,2487,22,"gdn_chunk_scan",2487,9375781201053,9375781300334,60928,0,192,0,128,512,1,1,512,48,1
"KERNEL_DISPATCH","Agent 2",1,0,220354,2482,21,"gdn_chunk_kkt_solve",2482,9375780918889,9375780941769,11776,0,104,0,128,128,1,1,1024,16,1
"KERNEL_DISPATCH","Agent 2",1,0,220354,2477,22,"gdn_chunk_scan",2477,9375780554604,9375780654886,60928,0,192,0,128,512,1,1,512,48,1
"KERNEL_DISPATCH","Agent 2",1,0,220354,2472,21,"gdn_chunk_kkt_solve",2472,9375780268281,9375780291361,11776,0,104,0,128,128,1,1,1024,16,1
"KERNEL_DISPATCH","Agent 2",1,0,220354,2467,20,"gdn_chunk_prep",2467,9375779099906,9375780001557,0,0,72,0,128,256,1,1,32768,10,1
"KERNEL_DISPATCH","Agent 2",1,0,220354,2462,23,"fused_rmsnorm_mq_rotate_awq_i4_gfx12",2462,9375772869788,9375773340593,0,0,96,0,128,256,1,1,2097152,1,1
"KERNEL_DISPATCH","Agent 2",1,0,220354,2457,23,"fused_rmsnorm_mq_rotate_awq_i4_gfx12",2457,9375752439730,9375752912296,0,0,96,0,128,256,1,1,2097152,1,1
"KERNEL_DISPATCH","Agent 2",1,0,220354,2452,22,"gdn_chunk_scan",2452,9375748994327,9375749092208,60928,0,192,0,128,512,1,1,512,48,1
"KERNEL_DISPATCH","Agent 2",1,0,220354,2447,21,"gdn_chunk_kkt_solve",2447,9375748711683,9375748734763,11776,0,104,0,128,128,1,1,1024,16,1
"KERNEL_DISPATCH","Agent 2",1,0,220354,2442,22,"gdn_chunk_scan",2442,9375748352519,9375748451840,60928,0,192,0,128,512,1,1,512,48,1
"KERNEL_DISPATCH","Agent 2",1,0,220354,2437,21,"gdn_chunk_kkt_solve",2437,9375748069995,9375748092795,11776,0,104,0,128,128,1,1,1024,16,1
"KERNEL_DISPATCH","Agent 2",1,0,220354,2432,22,"gdn_chunk_scan",2432,9375747710671,9375747809792,60928,0,192,0,128,512,1,1,512,48,1
"KERNEL_DISPATCH","Agent 2",1,0,220354,2427,21,"gdn_chunk_kkt_solve",2427,9375747427547,9375747450227,11776,0,104,0,128,128,1,1,1024,16,1
"KERNEL_DISPATCH","Agent 2",1,0,220354,2422,20,"gdn_chunk_prep",2422,9375746257212,9375747163504,0,0,72,0,128,256,1,1,32768,10,1
"KERNEL_DISPATCH","Agent 2",1,0,220354,2417,23,"fused_rmsnorm_mq_rotate_awq_i4_gfx12",2417,9375740072374,9375740542540,0,0,96,0,128,256,1,1,2097152,1,1
"KERNEL_DISPATCH","Agent 2",1,0,220354,2412,23,"fused_rmsnorm_mq_rotate_awq_i4_gfx12",2412,9375719669517,9375720134643,0,0,96,0,128,256,1,1,2097152,1,1
"KERNEL_DISPATCH","Agent 2",1,0,220354,2407,22,"gdn_chunk_scan",2407,9375716236114,9375716333395,60928,0,192,0,128,512,1,1,512,48,1
"KERNEL_DISPATCH","Agent 2",1,0,220354,2402,21,"gdn_chunk_kkt_solve",2402,9375715956590,9375715978911,11776,0,104,0,128,128,1,1,1024,16,1
"KERNEL_DISPATCH","Agent 2",1,0,220354,2397,22,"gdn_chunk_scan",2397,9375715596986,9375715695947,60928,0,192,0,128,512,1,1,512,48,1
"KERNEL_DISPATCH","Agent 2",1,0,220354,2392,21,"gdn_chunk_kkt_solve",2392,9375715313542,9375715336583,11776,0,104,0,128,128,1,1,1024,16,1
"KERNEL_DISPATCH","Agent 2",1,0,220354,2400,21,"gdn_chunk_kkt_solve",2400,9375715828109,9375715851029,11776,0,104,0,128,128,1,1,1024,16,1
"KERNEL_DISPATCH","Agent 2",1,0,220354,2387,22,"gdn_chunk_scan",2387,9375714953658,9375715052459,60928,0,192,0,128,512,1,1,512,48,1
"KERNEL_DISPATCH","Agent 2",1,0,220354,2382,21,"gdn_chunk_kkt_solve",2382,9375714667254,9375714690295,11776,0,104,0,128,128,1,1,1024,16,1
"KERNEL_DISPATCH","Agent 2",1,0,220354,2435,21,"gdn_chunk_kkt_solve",2435,9375747941753,9375747964514,11776,0,104,0,128,128,1,1,1024,16,1
"KERNEL_DISPATCH","Agent 2",1,0,220354,2440,22,"gdn_chunk_scan",2440,9375748224197,9375748323118,60928,0,192,0,128,512,1,1,512,48,1
"KERNEL_DISPATCH","Agent 2",1,0,220354,2445,21,"gdn_chunk_kkt_solve",2445,9375748583162,9375748606122,11776,0,104,0,128,128,1,1,1024,16,1
"KERNEL_DISPATCH","Agent 2",1,0,220354,2450,22,"gdn_chunk_scan",2450,9375748866925,9375748965326,60928,0,192,0,128,512,1,1,512,48,1
"KERNEL_DISPATCH","Agent 2",1,0,220354,2455,28,"gated_norm_mq_rotate_awq_i4_gfx12",2455,9375749222370,9375750214302,1024,0,40,0,128,64,1,1,1536,8192,1
"KERNEL_DISPATCH","Agent 2",1,0,220354,2460,29,"fused_silu_mul_mq_rotate_awq_i4_gfx12",2460,9375764706485,9375766811031,0,0,56,0,128,32,1,1,2176,8192,1
"KERNEL_DISPATCH","Agent 2",1,0,220354,2465,24,"gemm_mq4g256v2_residual_mmq_iu4_full_set_symfold",2465,9375778971504,9375779032665,0,0,184,0,128,256,1,1,256,64,1
"KERNEL_DISPATCH","Agent 2",1,0,220354,2470,21,"gdn_chunk_kkt_solve",2470,9375780138959,9375780161799,11776,0,104,0,128,128,1,1,1024,16,1
"KERNEL_DISPATCH","Agent 2",1,0,220354,2430,22,"gdn_chunk_scan",2430,9375747582269,9375747680830,60928,0,192,0,128,512,1,1,512,48,1
"KERNEL_DISPATCH","Agent 2",1,0,220354,2475,22,"gdn_chunk_scan",2475,9375780424803,9375780524804,60928,0,192,0,128,512,1,1,512,48,1
"KERNEL_DISPATCH","Agent 2",1,0,220354,2480,21,"gdn_chunk_kkt_solve",2480,9375780788567,9375780811448,11776,0,104,0,128,128,1,1,1024,16,1
"KERNEL_DISPATCH","Agent 2",1,0,220354,2490,21,"gdn_chunk_kkt_solve",2490,9375781432495,9375781455376,11776,0,104,0,128,128,1,1,1024,16,1
"KERNEL_DISPATCH","Agent 2",1,0,220354,2485,22,"gdn_chunk_scan",2485,9375781073091,9375781171652,60928,0,192,0,128,512,1,1,512,48,1
"KERNEL_DISPATCH","Agent 2",1,0,220354,2495,22,"gdn_chunk_scan",2495,9375781716059,9375781814940,60928,0,192,0,128,512,1,1,512,48,1
"KERNEL_DISPATCH","Agent 2",1,0,220354,2500,28,"gated_norm_mq_rotate_awq_i4_gfx12",2500,9375782073864,9375783063836,1024,0,40,0,128,64,1,1,1536,8192,1
"KERNEL_DISPATCH","Agent 2",1,0,220354,2505,29,"fused_silu_mul_mq_rotate_awq_i4_gfx12",2505,9375797401137,9375799512483,0,0,56,0,128,32,1,1,2176,8192,1
"KERNEL_DISPATCH","Agent 2",1,0,220354,2510,24,"gemm_mq4g256v2_residual_mmq_iu4_full_set_symfold",2510,9375810738265,9375811090829,0,0,184,0,128,256,1,1,2048,64,1
"KERNEL_DISPATCH","Agent 2",1,0,220354,2515,35,"kv_cache_write_fp8_e4m3_batched",2515,9375813174935,9375813264496,0,0,56,0,128,32,1,1,128,8192,1
"KERNEL_DISPATCH","Agent 2",1,0,220354,2520,24,"gemm_mq4g256v2_residual_mmq_iu4_full_set_symfold",2520,9375828749292,9375834333282,0,0,184,0,128,256,1,1,34816,64,1
"KERNEL_DISPATCH","Agent 2",1,0,220354,2525,24,"gemm_mq4g256v2_residual_mmq_iu4_full_set_symfold",2525,9375848512821,9375851950504,0,0,184,0,128,256,1,1,20480,64,1
"KERNEL_DISPATCH","Agent 2",1,0,220354,2530,21,"gdn_chunk_kkt_solve",2530,9375855079823,9375855102504,11776,0,104,0,128,128,1,1,1024,16,1
"KERNEL_DISPATCH","Agent 2",1,0,220354,2535,22,"gdn_chunk_scan",2535,9375855365827,9375855464228,60928,0,192,0,128,512,1,1,512,48,1
"KERNEL_DISPATCH","Agent 2",1,0,220354,2545,22,"gdn_chunk_scan",2545,9375856009235,9375856107516,60928,0,192,0,128,512,1,1,512,48,1
"KERNEL_DISPATCH","Agent 2",1,0,220354,2550,21,"gdn_chunk_kkt_solve",2550,9375856366880,9375856389480,11776,0,104,0,128,128,1,1,1024,16,1
"KERNEL_DISPATCH","Agent 2",1,0,220354,2555,22,"gdn_chunk_scan",2555,9375856649283,9375856748004,60928,0,192,0,128,512,1,1,512,48,1
"KERNEL_DISPATCH","Agent 2",1,0,220354,2560,21,"gdn_chunk_kkt_solve",2560,9375857006408,9375857028808,11776,0,104,0,128,128,1,1,1024,16,1
"KERNEL_DISPATCH","Agent 2",1,0,220354,2565,24,"gemm_mq4g256v2_residual_mmq_iu4_full_set_symfold",2565,9375860833416,9375866697770,0,0,184,0,128,256,1,1,34816,64,1
"KERNEL_DISPATCH","Agent 2",1,0,220354,2570,24,"gemm_mq4g256v2_residual_mmq_iu4_full_set_symfold",2570,9375881274593,9375884756837,0,0,184,0,128,256,1,1,20480,64,1
"KERNEL_DISPATCH","Agent 2",1,0,220354,2575,21,"gdn_chunk_kkt_solve",2575,9375887896757,9375887919677,11776,0,104,0,128,128,1,1,1024,16,1
"KERNEL_DISPATCH","Agent 2",1,0,220354,2580,22,"gdn_chunk_scan",2580,9375888184080,9375888282762,60928,0,192,0,128,512,1,1,512,48,1
"KERNEL_DISPATCH","Agent 2",1,0,220354,2585,21,"gdn_chunk_kkt_solve",2585,9375888542925,9375888565485,11776,0,104,0,128,128,1,1,1024,16,1
"KERNEL_DISPATCH","Agent 2",1,0,220354,2377,20,"gdn_chunk_prep",2377,9375713500640,9375714399971,0,0,72,0,128,256,1,1,32768,10,1
"KERNEL_DISPATCH","Agent 2",1,0,220354,2590,22,"gdn_chunk_scan",2590,9375888825888,9375888924930,60928,0,192,0,128,512,1,1,512,48,1
"KERNEL_DISPATCH","Agent 2",1,0,220354,2372,23,"fused_rmsnorm_mq_rotate_awq_i4_gfx12",2372,9375707324802,9375707792808,0,0,96,0,128,256,1,1,2097152,1,1
"KERNEL_DISPATCH","Agent 2",1,0,220354,2595,21,"gdn_chunk_kkt_solve",2595,9375889183733,9375889206253,11776,0,104,0,128,128,1,1,1024,16,1
"KERNEL_DISPATCH","Agent 2",1,0,220354,2367,23,"fused_rmsnorm_mq_rotate_awq_i4_gfx12",2367,9375687630834,9375688067759,0,0,96,0,128,256,1,1,2097152,1,1
"KERNEL_DISPATCH","Agent 2",1,0,220354,2600,22,"gdn_chunk_scan",2600,9375889466257,9375889564378,60928,0,192,0,128,512,1,1,512,48,1
"KERNEL_DISPATCH","Agent 2",1,0,220354,2362,35,"kv_cache_write_fp8_e4m3_batched",2362,9375672322161,9375672387762,0,0,56,0,128,32,1,1,128,8192,1
"KERNEL_DISPATCH","Agent 2",1,0,220354,2605,21,"gdn_chunk_kkt_solve",2605,9375889823341,9375889846021,11776,0,104,0,128,128,1,1,1024,16,1
"KERNEL_DISPATCH","Agent 2",1,0,220354,1627,22,"gdn_chunk_scan",1627,9375011573436,9375011672357,60928,0,192,0,128,512,1,1,512,48,1
"KERNEL_DISPATCH","Agent 2",1,0,220354,2357,24,"gemm_mq4g256v2_residual_mmq_iu4_full_set_symfold",2357,9375669600966,9375669953091,0,0,184,0,128,256,1,1,2048,64,1
"KERNEL_DISPATCH","Agent 2",1,0,220354,2610,24,"gemm_mq4g256v2_residual_mmq_iu4_full_set_symfold",2610,9375893686670,9375899642505,0,0,184,0,128,256,1,1,34816,64,1
"KERNEL_DISPATCH","Agent 2",1,0,220354,2352,24,"gemm_mq4g256v2_residual_mmq_iu4_full_set_symfold",2352,9375650921691,9375656749485,0,0,184,0,128,256,1,1,34816,64,1
"KERNEL_DISPATCH","Agent 2",1,0,220354,2615,24,"gemm_mq4g256v2_residual_mmq_iu4_full_set_symfold",2615,9375914089247,9375917555050,0,0,184,0,128,256,1,1,20480,64,1
"KERNEL_DISPATCH","Agent 2",1,0,220354,1632,21,"gdn_chunk_kkt_solve",1632,9375011933760,9375011956441,11776,0,104,0,128,128,1,1,1024,16,1
"KERNEL_DISPATCH","Agent 2",1,0,220354,2347,22,"gdn_chunk_scan",2347,9375641201289,9375641298970,60928,0,192,0,128,512,1,1,512,48,1
"KERNEL_DISPATCH","Agent 2",1,0,220354,2342,21,"gdn_chunk_kkt_solve",2342,9375640922565,9375640944765,11776,0,104,0,128,128,1,1,1024,16,1
"KERNEL_DISPATCH","Agent 2",1,0,220354,1637,22,"gdn_chunk_scan",1637,9375012215524,9375012313685,60928,0,192,0,128,512,1,1,512,48,1
"KERNEL_DISPATCH","Agent 2",1,0,220354,2620,21,"gdn_chunk_kkt_solve",2620,9375920730730,9375920753851,11776,0,104,0,128,128,1,1,1024,16,1
"KERNEL_DISPATCH","Agent 2",1,0,220354,1642,21,"gdn_chunk_kkt_solve",1642,9375012571568,9375012594529,11776,0,104,0,128,128,1,1,1024,16,1
"KERNEL_DISPATCH","Agent 2",1,0,220354,2337,22,"gdn_chunk_scan",2337,9375640564281,9375640663282,60928,0,192,0,128,512,1,1,512,48,1
"KERNEL_DISPATCH","Agent 2",1,0,220354,1647,22,"gdn_chunk_scan",1647,9375012852292,9375012951053,60928,0,192,0,128,512,1,1,512,48,1
"KERNEL_DISPATCH","Agent 2",1,0,220354,2332,21,"gdn_chunk_kkt_solve",2332,9375640283397,9375640305637,11776,0,104,0,128,128,1,1,1024,16,1
"KERNEL_DISPATCH","Agent 2",1,0,220354,2625,22,"gdn_chunk_scan",2625,9375921019694,9375921118775,60928,0,192,0,128,512,1,1,512,48,1
"KERNEL_DISPATCH","Agent 2",1,0,220354,2327,22,"gdn_chunk_scan",2327,9375639925193,9375640024154,60928,0,192,0,128,512,1,1,512,48,1
"KERNEL_DISPATCH","Agent 2",1,0,220354,1652,23,"fused_rmsnorm_mq_rotate_awq_i4_gfx12",1652,9375016296695,9375016765861,0,0,96,0,128,256,1,1,2097152,1,1
"KERNEL_DISPATCH","Agent 2",1,0,220354,1657,23,"fused_rmsnorm_mq_rotate_awq_i4_gfx12",1657,9375036716753,9375037187279,0,0,96,0,128,256,1,1,2097152,1,1
"KERNEL_DISPATCH","Agent 2",1,0,220354,2322,21,"gdn_chunk_kkt_solve",2322,9375639642429,9375639665189,11776,0,104,0,128,128,1,1,1024,16,1
"KERNEL_DISPATCH","Agent 2",1,0,220354,2317,22,"gdn_chunk_scan",2317,9375639281904,9375639383346,60928,0,192,0,128,512,1,1,512,48,1
"KERNEL_DISPATCH","Agent 2",1,0,220354,1662,20,"gdn_chunk_prep",1662,9375042901631,9375043802282,0,0,72,0,128,256,1,1,32768,10,1
"KERNEL_DISPATCH","Agent 2",1,0,220354,2312,24,"gemm_mq4g256v2_residual_mmq_iu4_full_set_symfold",2312,9375636133785,9375638208891,0,0,184,0,128,256,1,1,12288,64,1
"KERNEL_DISPATCH","Agent 2",1,0,220354,1667,21,"gdn_chunk_kkt_solve",1667,9375044067325,9375044089926,11776,0,104,0,128,128,1,1,1024,16,1
"KERNEL_DISPATCH","Agent 2",1,0,220354,2307,24,"gemm_mq4g256v2_residual_mmq_iu4_full_set_symfold",2307,9375618173079,9375623950511,0,0,184,0,128,256,1,1,34816,64,1
"KERNEL_DISPATCH","Agent 2",1,0,220354,1672,22,"gdn_chunk_scan",1672,9375044351489,9375044451210,60928,0,192,0,128,512,1,1,512,48,1
"KERNEL_DISPATCH","Agent 2",1,0,220354,2302,22,"gdn_chunk_scan",2302,9375608574878,9375608671879,60928,0,192,0,128,512,1,1,512,48,1
"KERNEL_DISPATCH","Agent 2",1,0,220354,1677,21,"gdn_chunk_kkt_solve",1677,9375044713653,9375044736774,11776,0,104,0,128,128,1,1,1024,16,1
"KERNEL_DISPATCH","Agent 2",1,0,220354,2297,21,"gdn_chunk_kkt_solve",2297,9375608297194,9375608319354,11776,0,104,0,128,128,1,1,1024,16,1
"KERNEL_DISPATCH","Agent 2",1,0,220354,1682,22,"gdn_chunk_scan",1682,9375044998177,9375045096778,60928,0,192,0,128,512,1,1,512,48,1
"KERNEL_DISPATCH","Agent 2",1,0,220354,2292,22,"gdn_chunk_scan",2292,9375607944790,9375608041671,60928,0,192,0,128,512,1,1,512,48,1
"KERNEL_DISPATCH","Agent 2",1,0,220354,2287,21,"gdn_chunk_kkt_solve",2287,9375607663386,9375607686026,11776,0,104,0,128,128,1,1,1024,16,1
"KERNEL_DISPATCH","Agent 2",1,0,220354,1687,21,"gdn_chunk_kkt_solve",1687,9375045355542,9375045378142,11776,0,104,0,128,128,1,1,1024,16,1
"KERNEL_DISPATCH","Agent 2",1,0,220354,2282,22,"gdn_chunk_scan",2282,9375607306062,9375607404783,60928,0,192,0,128,512,1,1,512,48,1
"KERNEL_DISPATCH","Agent 2",1,0,220354,1692,22,"gdn_chunk_scan",1692,9375045636425,9375045735106,60928,0,192,0,128,512,1,1,512,48,1
"KERNEL_DISPATCH","Agent 2",1,0,220354,2277,21,"gdn_chunk_kkt_solve",2277,9375607024178,9375607046938,11776,0,104,0,128,128,1,1,1024,16,1
"KERNEL_DISPATCH","Agent 2",1,0,220354,1697,23,"fused_rmsnorm_mq_rotate_awq_i4_gfx12",1697,9375049057468,9375049517874,0,0,96,0,128,256,1,1,2097152,1,1
"KERNEL_DISPATCH","Agent 2",1,0,220354,2540,21,"gdn_chunk_kkt_solve",2540,9375855725311,9375855747712,11776,0,104,0,128,128,1,1,1024,16,1
"KERNEL_DISPATCH","Agent 2",1,0,220354,2272,22,"gdn_chunk_scan",2272,9375606664214,9375606765615,60928,0,192,0,128,512,1,1,512,48,1
"KERNEL_DISPATCH","Agent 2",1,0,220354,1702,23,"fused_rmsnorm_mq_rotate_awq_i4_gfx12",1702,9375069441685,9375069912611,0,0,96,0,128,256,1,1,2097152,1,1
"KERNEL_DISPATCH","Agent 2",1,0,220354,2635,22,"gdn_chunk_scan",2635,9375921666422,9375921766184,60928,0,192,0,128,512,1,1,512,48,1
"KERNEL_DISPATCH","Agent 2",1,0,220354,2267,24,"gemm_mq4g256v2_residual_mmq_iu4_full_set_symfold",2267,9375603518334,9375605596040,0,0,184,0,128,256,1,1,12288,64,1
"KERNEL_DISPATCH","Agent 2",1,0,220354,1707,20,"gdn_chunk_prep",1707,9375075654803,9375076561375,0,0,72,0,128,256,1,1,32768,10,1
"KERNEL_DISPATCH","Agent 2",1,0,220354,2262,24,"gemm_mq4g256v2_residual_mmq_iu4_full_set_symfold",2262,9375585425226,9375591254619,0,0,184,0,128,256,1,1,34816,64,1
"KERNEL_DISPATCH","Agent 2",1,0,220354,2640,21,"gdn_chunk_kkt_solve",2640,9375922027507,9375922049827,11776,0,104,0,128,128,1,1,1024,16,1
"KERNEL_DISPATCH","Agent 2",1,0,220354,2257,22,"gdn_chunk_scan",2257,9375575769424,9375575867225,60928,0,192,0,128,512,1,1,512,48,1
"KERNEL_DISPATCH","Agent 2",1,0,220354,2252,21,"gdn_chunk_kkt_solve",2252,9375575489501,9375575511861,11776,0,104,0,128,128,1,1,1024,16,1
"KERNEL_DISPATCH","Agent 2",1,0,220354,2645,22,"gdn_chunk_scan",2645,9375922309270,9375922407512,60928,0,192,0,128,512,1,1,512,48,1
"KERNEL_DISPATCH","Agent 2",1,0,220354,2247,22,"gdn_chunk_scan",2247,9375575135816,9375575233298,60928,0,192,0,128,512,1,1,512,48,1
"KERNEL_DISPATCH","Agent 2",1,0,220354,2650,21,"gdn_chunk_kkt_solve",2650,9375922666835,9375922689515,11776,0,104,0,128,128,1,1,1024,16,1
"KERNEL_DISPATCH","Agent 2",1,0,220354,2242,21,"gdn_chunk_kkt_solve",2242,9375574855493,9375574878133,11776,0,104,0,128,128,1,1,1024,16,1
"KERNEL_DISPATCH","Agent 2",1,0,220354,2237,22,"gdn_chunk_scan",2237,9375574496288,9375574595329,60928,0,192,0,128,512,1,1,512,48,1
"KERNEL_DISPATCH","Agent 2",1,0,220354,2655,24,"gemm_mq4g256v2_residual_mmq_iu4_full_set_symfold",2655,9375926488763,9375932358597,0,0,184,0,128,256,1,1,34816,64,1
"KERNEL_DISPATCH","Agent 2",1,0,220354,2232,21,"gdn_chunk_kkt_solve",2232,9375574213245,9375574236045,11776,0,104,0,128,128,1,1,1024,16,1
"KERNEL_DISPATCH","Agent 2",1,0,220354,2660,24,"gemm_mq4g256v2_residual_mmq_iu4_full_set_symfold",2660,9375946866820,9375951033632,0,0,184,0,128,256,1,1,24576,64,1
"KERNEL_DISPATCH","Agent 2",1,0,220354,2227,22,"gdn_chunk_scan",2227,9375573852840,9375573954361,60928,0,192,0,128,512,1,1,512,48,1
"KERNEL_DISPATCH","Agent 2",1,0,220354,2222,24,"gemm_mq4g256v2_residual_mmq_iu4_full_set_symfold",2222,9375570716481,9375572780587,0,0,184,0,128,256,1,1,12288,64,1
"KERNEL_DISPATCH","Agent 2",1,0,220354,2217,24,"gemm_mq4g256v2_residual_mmq_iu4_full_set_symfold",2217,9375552935817,9375558630608,0,0,184,0,128,256,1,1,34816,64,1
"KERNEL_DISPATCH","Agent 2",1,0,220354,2665,33,"rope_partial_halfsplit_batched_f32",2665,9375953396142,9375953761667,0,0,16,0,128,32,1,1,32,8192,1
"KERNEL_DISPATCH","Agent 2",1,0,220354,2212,43,"attention_fp8_e4m3_fa2_gqa_packet_gfx1201",2212,9375531795430,9375544154986,0,0,240,0,128,256,1,1,6144,4,16
"KERNEL_DISPATCH","Agent 2",1,0,220354,2207,30,"deinterleave_q_rmsnorm_f32_batched",2207,9375529627963,9375531019940,0,0,24,0,128,256,1,1,6144,8192,1
"KERNEL_DISPATCH","Agent 2",1,0,220354,2670,25,"gemm_mq4g256v2_residual_mmq_iu4_full_add_symfold",2670,9375967072474,9375969091380,0,0,184,0,128,256,1,1,10240,64,1
"KERNEL_DISPATCH","Agent 2",1,0,220354,2202,25,"gemm_mq4g256v2_residual_mmq_iu4_full_add_symfold",2202,9375518165739,9375524263295,0,0,184,0,128,256,1,1,10240,64,1
"KERNEL_DISPATCH","Agent 2",1,0,220354,2197,25,"gemm_mq4g256v2_residual_mmq_iu4_full_add_symfold",2197,9375501723491,9375503897999,0,0,184,0,128,256,1,1,10240,64,1
"KERNEL_DISPATCH","Agent 2",1,0,220354,2675,25,"gemm_mq4g256v2_residual_mmq_iu4_full_add_symfold",2675,9375982953594,9375988901349,0,0,184,0,128,256,1,1,10240,64,1
"KERNEL_DISPATCH","Agent 2",1,0,220354,2192,21,"gdn_chunk_kkt_solve",2192,9375500478476,9375500500796,11776,0,104,0,128,128,1,1,1024,16,1
"KERNEL_DISPATCH","Agent 2",1,0,220354,2680,24,"gemm_mq4g256v2_residual_mmq_iu4_full_set_symfold",2680,9375994989426,9375995048227,0,0,184,0,128,256,1,1,256,64,1
"KERNEL_DISPATCH","Agent 2",1,0,220354,2685,22,"gdn_chunk_scan",2685,9375996112000,9375996210521,60928,0,192,0,128,512,1,1,512,48,1
"KERNEL_DISPATCH","Agent 2",1,0,220354,2630,21,"gdn_chunk_kkt_solve",2630,9375921380859,9375921403579,11776,0,104,0,128,128,1,1,1024,16,1
"KERNEL_DISPATCH","Agent 2",1,0,220354,2690,21,"gdn_chunk_kkt_solve",2690,9375996470045,9375996492725,11776,0,104,0,128,128,1,1,1024,16,1
"KERNEL_DISPATCH","Agent 2",1,0,220354,2695,22,"gdn_chunk_scan",2695,9375996753048,9375996851730,60928,0,192,0,128,512,1,1,512,48,1
"KERNEL_DISPATCH","Agent 2",1,0,220354,2700,21,"gdn_chunk_kkt_solve",2700,9375997115773,9375997138453,11776,0,104,0,128,128,1,1,1024,16,1
"KERNEL_DISPATCH","Agent 2",1,0,220354,2705,22,"gdn_chunk_scan",2705,9375997396576,9375997494058,60928,0,192,0,128,512,1,1,512,48,1
"KERNEL_DISPATCH","Agent 2",1,0,220354,1717,22,"gdn_chunk_scan",1717,9375077107582,9375077206183,60928,0,192,0,128,512,1,1,512,48,1
"KERNEL_DISPATCH","Agent 2",1,0,220354,2710,21,"gdn_chunk_kkt_solve",2710,9375997752101,9375997774621,11776,0,104,0,128,128,1,1,1024,16,1
"KERNEL_DISPATCH","Agent 2",1,0,220354,2715,25,"gemm_mq4g256v2_residual_mmq_iu4_full_add_symfold",2715,9375999000397,9376001174184,0,0,184,0,128,256,1,1,10240,64,1
"KERNEL_DISPATCH","Agent 2",1,0,220354,2720,25,"gemm_mq4g256v2_residual_mmq_iu4_full_add_symfold",2720,9376015431764,9376021481800,0,0,184,0,128,256,1,1,10240,64,1
"KERNEL_DISPATCH","Agent 2",1,0,220354,2725,24,"gemm_mq4g256v2_residual_mmq_iu4_full_set_symfold",2725,9376027597037,9376027655638,0,0,184,0,128,256,1,1,256,64,1
"KERNEL_DISPATCH","Agent 2",1,0,220354,2730,22,"gdn_chunk_scan",2730,9376028723291,9376028822452,60928,0,192,0,128,512,1,1,512,48,1
"KERNEL_DISPATCH","Agent 2",1,0,220354,2735,21,"gdn_chunk_kkt_solve",2735,9376029083136,9376029106056,11776,0,104,0,128,128,1,1,1024,16,1
"KERNEL_DISPATCH","Agent 2",1,0,220354,2745,21,"gdn_chunk_kkt_solve",2745,9376029726344,9376029749184,11776,0,104,0,128,128,1,1,1024,16,1
"KERNEL_DISPATCH","Agent 2",1,0,220354,2750,22,"gdn_chunk_scan",2750,9376030009747,9376030106709,60928,0,192,0,128,512,1,1,512,48,1
"KERNEL_DISPATCH","Agent 2",1,0,220354,2755,21,"gdn_chunk_kkt_solve",2755,9376030363152,9376030385432,11776,0,104,0,128,128,1,1,1024,16,1
"KERNEL_DISPATCH","Agent 2",1,0,220354,2760,25,"gemm_mq4g256v2_residual_mmq_iu4_full_add_symfold",2760,9376031610927,9376033811755,0,0,184,0,128,256,1,1,10240,64,1
"KERNEL_DISPATCH","Agent 2",1,0,220354,2765,25,"gemm_mq4g256v2_residual_mmq_iu4_full_add_symfold",2765,9376048135096,9376054177132,0,0,184,0,128,256,1,1,10240,64,1
"KERNEL_DISPATCH","Agent 2",1,0,220354,2770,24,"gemm_mq4g256v2_residual_mmq_iu4_full_set_symfold",2770,9376060291409,9376060350370,0,0,184,0,128,256,1,1,256,64,1
"KERNEL_DISPATCH","Agent 2",1,0,220354,2775,22,"gdn_chunk_scan",2775,9376061416103,9376061515024,60928,0,192,0,128,512,1,1,512,48,1
"KERNEL_DISPATCH","Agent 2",1,0,220354,2780,21,"gdn_chunk_kkt_solve",2780,9376061776228,9376061798788,11776,0,104,0,128,128,1,1,1024,16,1
"KERNEL_DISPATCH","Agent 2",1,0,220354,2785,22,"gdn_chunk_scan",2785,9376062059591,9376062158392,60928,0,192,0,128,512,1,1,512,48,1
"KERNEL_DISPATCH","Agent 2",1,0,220354,2790,21,"gdn_chunk_kkt_solve",2790,9376062418156,9376062440876,11776,0,104,0,128,128,1,1,1024,16,1
"KERNEL_DISPATCH","Agent 2",1,0,220354,2795,22,"gdn_chunk_scan",2795,9376062701039,9376062799920,60928,0,192,0,128,512,1,1,512,48,1
"KERNEL_DISPATCH","Agent 2",1,0,220354,2187,22,"gdn_chunk_scan",2187,9375500125671,9375500222912,60928,0,192,0,128,512,1,1,512,48,1
"KERNEL_DISPATCH","Agent 2",1,0,220354,2182,21,"gdn_chunk_kkt_solve",2182,9375499846148,9375499868628,11776,0,104,0,128,128,1,1,1024,16,1
"KERNEL_DISPATCH","Agent 2",1,0,220354,2800,21,"gdn_chunk_kkt_solve",2800,9376063058524,9376063080964,11776,0,104,0,128,128,1,1,1024,16,1
"KERNEL_DISPATCH","Agent 2",1,0,220354,2177,22,"gdn_chunk_scan",2177,9375499488143,9375499586944,60928,0,192,0,128,512,1,1,512,48,1
"KERNEL_DISPATCH","Agent 2",1,0,220354,2805,25,"gemm_mq4g256v2_residual_mmq_iu4_full_add_symfold",2805,9376064316940,9376066516447,0,0,184,0,128,256,1,1,10240,64,1
"KERNEL_DISPATCH","Agent 2",1,0,220354,2172,21,"gdn_chunk_kkt_solve",2172,9375499206620,9375499229620,11776,0,104,0,128,128,1,1,1024,16,1
"KERNEL_DISPATCH","Agent 2",1,0,220354,2810,25,"gemm_mq4g256v2_residual_mmq_iu4_full_add_symfold",2810,9376080915549,9376086952065,0,0,184,0,128,256,1,1,10240,64,1
"KERNEL_DISPATCH","Agent 2",1,0,220354,2167,22,"gdn_chunk_scan",2167,9375498849055,9375498947536,60928,0,192,0,128,512,1,1,512,48,1
"KERNEL_DISPATCH","Agent 2",1,0,220354,2815,30,"deinterleave_q_rmsnorm_f32_batched",2815,9376092405053,9376093800671,0,0,24,0,128,256,1,1,6144,8192,1
"KERNEL_DISPATCH","Agent 2",1,0,220354,2162,24,"gemm_mq4g256v2_residual_mmq_iu4_full_set_symfold",2162,9375497724801,9375497783522,0,0,184,0,128,256,1,1,256,64,1
"KERNEL_DISPATCH","Agent 2",1,0,220354,2820,43,"attention_fp8_e4m3_fa2_gqa_packet_gfx1201",2820,9376094575161,9376106991997,0,0,240,0,128,256,1,1,6144,4,16
"KERNEL_DISPATCH","Agent 2",1,0,220354,2825,24,"gemm_mq4g256v2_residual_mmq_iu4_full_set_symfold",2825,9376115801788,9376121463660,0,0,184,0,128,256,1,1,34816,64,1
"KERNEL_DISPATCH","Agent 2",1,0,220354,2157,25,"gemm_mq4g256v2_residual_mmq_iu4_full_add_symfold",2157,9375485409966,9375491573003,0,0,184,0,128,256,1,1,10240,64,1
"KERNEL_DISPATCH","Agent 2",1,0,220354,2830,24,"gemm_mq4g256v2_residual_mmq_iu4_full_set_symfold",2830,9376133616133,9376135681239,0,0,184,0,128,256,1,1,12288,64,1
"KERNEL_DISPATCH","Agent 2",1,0,220354,2835,22,"gdn_chunk_scan",2835,9376136752972,9376136854533,60928,0,192,0,128,512,1,1,512,48,1
"KERNEL_DISPATCH","Agent 2",1,0,220354,2152,25,"gemm_mq4g256v2_residual_mmq_iu4_full_add_symfold",2152,9375468973239,9375471141506,0,0,184,0,128,256,1,1,10240,64,1
"KERNEL_DISPATCH","Agent 2",1,0,220354,2740,22,"gdn_chunk_scan",2740,9376029366779,9376029465980,60928,0,192,0,128,512,1,1,512,48,1
"KERNEL_DISPATCH","Agent 2",1,0,220354,2840,21,"gdn_chunk_kkt_solve",2840,9376137113217,9376137135897,11776,0,104,0,128,128,1,1,1024,16,1
"KERNEL_DISPATCH","Agent 2",1,0,220354,2845,22,"gdn_chunk_scan",2845,9376137395380,9376137494461,60928,0,192,0,128,512,1,1,512,48,1
"KERNEL_DISPATCH","Agent 2",1,0,220354,2850,21,"gdn_chunk_kkt_solve",2850,9376137752185,9376137774825,11776,0,104,0,128,128,1,1,1024,16,1
"KERNEL_DISPATCH","Agent 2",1,0,220354,2147,21,"gdn_chunk_kkt_solve",2147,9375467719103,9375467741663,11776,0,104,0,128,128,1,1,1024,16,1
"KERNEL_DISPATCH","Agent 2",1,0,220354,2142,22,"gdn_chunk_scan",2142,9375467361818,9375467460140,60928,0,192,0,128,512,1,1,512,48,1
"KERNEL_DISPATCH","Agent 2",1,0,220354,2855,22,"gdn_chunk_scan",2855,9376138033308,9376138130310,60928,0,192,0,128,512,1,1,512,48,1
"KERNEL_DISPATCH","Agent 2",1,0,220354,2860,21,"gdn_chunk_kkt_solve",2860,9376138386873,9376138409153,11776,0,104,0,128,128,1,1,1024,16,1
"KERNEL_DISPATCH","Agent 2",1,0,220354,1712,21,"gdn_chunk_kkt_solve",1712,9375076825698,9375076848418,11776,0,104,0,128,128,1,1,1024,16,1
"KERNEL_DISPATCH","Agent 2",1,0,220354,2137,21,"gdn_chunk_kkt_solve",2137,9375467080055,9375467102775,11776,0,104,0,128,128,1,1,1024,16,1
"KERNEL_DISPATCH","Agent 2",1,0,220354,2865,22,"gdn_chunk_scan",2865,9376138666436,9376138764197,60928,0,192,0,128,512,1,1,512,48,1
"KERNEL_DISPATCH","Agent 2",1,0,220354,1722,21,"gdn_chunk_kkt_solve",1722,9375077465546,9375077488426,11776,0,104,0,128,128,1,1,1024,16,1
"KERNEL_DISPATCH","Agent 2",1,0,220354,2132,22,"gdn_chunk_scan",2132,9375466721250,9375466820372,60928,0,192,0,128,512,1,1,512,48,1
"KERNEL_DISPATCH","Agent 2",1,0,220354,1727,22,"gdn_chunk_scan",1727,9375077747950,9375077846871,60928,0,192,0,128,512,1,1,512,48,1
"KERNEL_DISPATCH","Agent 2",1,0,220354,2127,21,"gdn_chunk_kkt_solve",2127,9375466436887,9375466459807,11776,0,104,0,128,128,1,1,1024,16,1
"KERNEL_DISPATCH","Agent 2",1,0,220354,1732,21,"gdn_chunk_kkt_solve",1732,9375078104754,9375078127354,11776,0,104,0,128,128,1,1,1024,16,1
"KERNEL_DISPATCH","Agent 2",1,0,220354,2870,24,"gemm_mq4g256v2_residual_mmq_iu4_full_set_symfold",2870,9376148254397,9376154146631,0,0,184,0,128,256,1,1,34816,64,1
"KERNEL_DISPATCH","Agent 2",1,0,220354,1737,22,"gdn_chunk_scan",1737,9375078383998,9375078482479,60928,0,192,0,128,512,1,1,512,48,1
"KERNEL_DISPATCH","Agent 2",1,0,220354,1742,23,"fused_rmsnorm_mq_rotate_awq_i4_gfx12",1742,9375081779000,9375082239326,0,0,96,0,128,256,1,1,2097152,1,1
"KERNEL_DISPATCH","Agent 2",1,0,220354,2875,24,"gemm_mq4g256v2_residual_mmq_iu4_full_set_symfold",2875,9376166325105,9376168398811,0,0,184,0,128,256,1,1,12288,64,1
"KERNEL_DISPATCH","Agent 2",1,0,220354,2880,22,"gdn_chunk_scan",2880,9376169470784,9376169573386,60928,0,192,0,128,512,1,1,512,48,1
"KERNEL_DISPATCH","Agent 2",1,0,220354,1747,23,"fused_rmsnorm_mq_rotate_awq_i4_gfx12",1747,9375102062496,9375102532582,0,0,96,0,128,256,1,1,2097152,1,1
"KERNEL_DISPATCH","Agent 2",1,0,220354,2885,21,"gdn_chunk_kkt_solve",2885,9376169834749,9376169857469,11776,0,104,0,128,128,1,1,1024,16,1
"KERNEL_DISPATCH","Agent 2",1,0,220354,1752,32,"rmsnorm_f32",1752,9375108825261,9375109052504,0,0,16,0,128,256,1,1,8388608,1,1
"KERNEL_DISPATCH","Agent 2",1,0,220354,2890,22,"gdn_chunk_scan",2890,9376170118073,9376170216994,60928,0,192,0,128,512,1,1,512,48,1
"KERNEL_DISPATCH","Agent 2",1,0,220354,2895,21,"gdn_chunk_kkt_solve",2895,9376170476917,9376170499397,11776,0,104,0,128,128,1,1,1024,16,1
"KERNEL_DISPATCH","Agent 2",1,0,220354,1757,46,"sigmoid_mul_rotate_x_mq_awq_i4_gfx12",1757,9375121945146,9375122676036,0,0,88,0,128,32,1,1,6291456,1,1
"KERNEL_DISPATCH","Agent 2",1,0,220354,2900,22,"gdn_chunk_scan",2900,9376170766081,9376170865242,60928,0,192,0,128,512,1,1,512,48,1
"KERNEL_DISPATCH","Agent 2",1,0,220354,2905,21,"gdn_chunk_kkt_solve",2905,9376171124765,9376171147125,11776,0,104,0,128,128,1,1,1024,16,1
"KERNEL_DISPATCH","Agent 2",1,0,220354,1762,29,"fused_silu_mul_mq_rotate_awq_i4_gfx12",1762,9375136396289,9375138506195,0,0,56,0,128,32,1,1,2176,8192,1
"KERNEL_DISPATCH","Agent 2",1,0,220354,1767,24,"gemm_mq4g256v2_residual_mmq_iu4_full_set_symfold",1767,9375150695189,9375150756389,0,0,184,0,128,256,1,1,256,64,1
"KERNEL_DISPATCH","Agent 2",1,0,220354,1772,21,"gdn_chunk_kkt_solve",1772,9375151859483,9375151882244,11776,0,104,0,128,128,1,1,1024,16,1
"KERNEL_DISPATCH","Agent 2",1,0,220354,2910,22,"gdn_chunk_scan",2910,9376171404209,9376171501810,60928,0,192,0,128,512,1,1,512,48,1
"KERNEL_DISPATCH","Agent 2",1,0,220354,1777,22,"gdn_chunk_scan",1777,9375152141087,9375152239408,60928,0,192,0,128,512,1,1,512,48,1
"KERNEL_DISPATCH","Agent 2",1,0,220354,2915,24,"gemm_mq4g256v2_residual_mmq_iu4_full_set_symfold",2915,9376181123291,9376186932564,0,0,184,0,128,256,1,1,34816,64,1
"KERNEL_DISPATCH","Agent 2",1,0,220354,1782,21,"gdn_chunk_kkt_solve",1782,9375152497531,9375152520252,11776,0,104,0,128,128,1,1,1024,16,1
"KERNEL_DISPATCH","Agent 2",1,0,220354,2920,24,"gemm_mq4g256v2_residual_mmq_iu4_full_set_symfold",2920,9376199092558,9376201204544,0,0,184,0,128,256,1,1,12288,64,1
"KERNEL_DISPATCH","Agent 2",1,0,220354,2925,22,"gdn_chunk_scan",2925,9376202278478,9376202381879,60928,0,192,0,128,512,1,1,512,48,1
"KERNEL_DISPATCH","Agent 2",1,0,220354,1787,22,"gdn_chunk_scan",1787,9375152778135,9375152876456,60928,0,192,0,128,512,1,1,512,48,1
"KERNEL_DISPATCH","Agent 2",1,0,220354,2025,22,"gdn_chunk_scan",2025,9375358905732,9375359004533,60928,0,192,0,128,512,1,1,512,48,1
"KERNEL_DISPATCH","Agent 2",1,0,220354,1552,24,"gemm_mq4g256v2_residual_mmq_iu4_full_set_symfold",1552,9374932831564,9374934903910,0,0,184,0,128,256,1,1,12288,64,1
"KERNEL_DISPATCH","Agent 2",1,0,220354,2687,22,"gdn_chunk_scan",2687,9375996239762,9375996338603,60928,0,192,0,128,512,1,1,512,48,1
"KERNEL_DISPATCH","Agent 2",1,0,220354,2930,21,"gdn_chunk_kkt_solve",2930,9376202646162,9376202669363,11776,0,104,0,128,128,1,1,1024,16,1
"KERNEL_DISPATCH","Agent 2",1,0,220354,1792,21,"gdn_chunk_kkt_solve",1792,9375153133059,9375153155620,11776,0,104,0,128,128,1,1,1024,16,1
"KERNEL_DISPATCH","Agent 2",1,0,220354,1797,22,"gdn_chunk_scan",1797,9375153411263,9375153508504,60928,0,192,0,128,512,1,1,512,48,1
"KERNEL_DISPATCH","Agent 2",1,0,220354,2935,22,"gdn_chunk_scan",2935,9376202934046,9376203034527,60928,0,192,0,128,512,1,1,512,48,1
"KERNEL_DISPATCH","Agent 2",1,0,220354,1802,28,"gated_norm_mq_rotate_awq_i4_gfx12",1802,9375153765187,9375154750840,1024,0,40,0,128,64,1,1,1536,8192,1
"KERNEL_DISPATCH","Agent 2",1,0,220354,2940,21,"gdn_chunk_kkt_solve",2940,9376203295891,9376203318611,11776,0,104,0,128,128,1,1,1024,16,1
"KERNEL_DISPATCH","Agent 2",1,0,220354,2945,22,"gdn_chunk_scan",2945,9376203579574,9376203679135,60928,0,192,0,128,512,1,1,512,48,1
"KERNEL_DISPATCH","Agent 2",1,0,220354,2950,21,"gdn_chunk_kkt_solve",2950,9376203941179,9376203964139,11776,0,104,0,128,128,1,1,1024,16,1
"KERNEL_DISPATCH","Agent 2",1,0,220354,1807,29,"fused_silu_mul_mq_rotate_awq_i4_gfx12",1807,9375169160901,9375171269728,0,0,56,0,128,32,1,1,2176,8192,1
"KERNEL_DISPATCH","Agent 2",1,0,220354,2955,22,"gdn_chunk_scan",2955,9376204222342,9376204321103,60928,0,192,0,128,512,1,1,512,48,1
"KERNEL_DISPATCH","Agent 2",1,0,220354,1812,24,"gemm_mq4g256v2_residual_mmq_iu4_full_set_symfold",1812,9375183531082,9375183591803,0,0,184,0,128,256,1,1,256,64,1
"KERNEL_DISPATCH","Agent 2",1,0,220354,1817,21,"gdn_chunk_kkt_solve",1817,9375184691937,9375184714497,11776,0,104,0,128,128,1,1,1024,16,1
"KERNEL_DISPATCH","Agent 2",1,0,220354,2960,24,"gemm_mq4g256v2_residual_mmq_iu4_full_set_symfold",2960,9376213916904,9376219756178,0,0,184,0,128,256,1,1,34816,64,1
"KERNEL_DISPATCH","Agent 2",1,0,220354,1822,22,"gdn_chunk_scan",1822,9375184972421,9375185070222,60928,0,192,0,128,512,1,1,512,48,1
"KERNEL_DISPATCH","Agent 2",1,0,220354,2970,35,"kv_cache_write_fp8_e4m3_batched",2970,9376235341334,9376235406495,0,0,56,0,128,32,1,1,128,8192,1
"KERNEL_DISPATCH","Agent 2",1,0,220354,2975,23,"fused_rmsnorm_mq_rotate_awq_i4_gfx12",2975,9376250693688,9376251135533,0,0,96,0,128,256,1,1,2097152,1,1
"KERNEL_DISPATCH","Agent 2",1,0,220354,1827,21,"gdn_chunk_kkt_solve",1827,9375185327705,9375185350265,11776,0,104,0,128,128,1,1,1024,16,1
"KERNEL_DISPATCH","Agent 2",1,0,220354,2980,23,"fused_rmsnorm_mq_rotate_awq_i4_gfx12",2980,9376270548898,9376271013104,0,0,96,0,128,256,1,1,2097152,1,1
"KERNEL_DISPATCH","Agent 2",1,0,220354,1832,22,"gdn_chunk_scan",1832,9375185608829,9375185706790,60928,0,192,0,128,512,1,1,512,48,1
"KERNEL_DISPATCH","Agent 2",1,0,220354,2985,20,"gdn_chunk_prep",2985,9376276669695,9376277576866,0,0,72,0,128,256,1,1,32768,10,1
"KERNEL_DISPATCH","Agent 2",1,0,220354,1837,21,"gdn_chunk_kkt_solve",1837,9375185965313,9375185987953,11776,0,104,0,128,128,1,1,1024,16,1
"KERNEL_DISPATCH","Agent 2",1,0,220354,1842,22,"gdn_chunk_scan",1842,9375186243237,9375186340438,60928,0,192,0,128,512,1,1,512,48,1
"KERNEL_DISPATCH","Agent 2",1,0,220354,1847,28,"gated_norm_mq_rotate_awq_i4_gfx12",1847,9375186596801,9375187572053,1024,0,40,0,128,64,1,1,1536,8192,1
"KERNEL_DISPATCH","Agent 2",1,0,220354,1852,29,"fused_silu_mul_mq_rotate_awq_i4_gfx12",1852,9375201864713,9375203971340,0,0,56,0,128,32,1,1,2176,8192,1
"KERNEL_DISPATCH","Agent 2",1,0,220354,1857,24,"gemm_mq4g256v2_residual_mmq_iu4_full_set_symfold",1857,9375216088693,9375216150013,0,0,184,0,128,256,1,1,256,64,1
"KERNEL_DISPATCH","Agent 2",1,0,220354,1862,21,"gdn_chunk_kkt_solve",1862,9375217251427,9375217274268,11776,0,104,0,128,128,1,1,1024,16,1
"KERNEL_DISPATCH","Agent 2",1,0,220354,1867,22,"gdn_chunk_scan",1867,9375217535151,9375217634552,60928,0,192,0,128,512,1,1,512,48,1
"KERNEL_DISPATCH","Agent 2",1,0,220354,1872,21,"gdn_chunk_kkt_solve",1872,9375217896875,9375217919876,11776,0,104,0,128,128,1,1,1024,16,1
"KERNEL_DISPATCH","Agent 2",1,0,220354,1877,22,"gdn_chunk_scan",1877,9375218179519,9375218278800,60928,0,192,0,128,512,1,1,512,48,1
"KERNEL_DISPATCH","Agent 2",1,0,220354,1882,21,"gdn_chunk_kkt_solve",1882,9375218539123,9375218562004,11776,0,104,0,128,128,1,1,1024,16,1
"KERNEL_DISPATCH","Agent 2",1,0,220354,1887,22,"gdn_chunk_scan",1887,9375218821687,9375218920568,60928,0,192,0,128,512,1,1,512,48,1
"KERNEL_DISPATCH","Agent 2",1,0,220354,1892,28,"gated_norm_mq_rotate_awq_i4_gfx12",1892,9375219179452,9375220176584,1024,0,40,0,128,64,1,1,1536,8192,1
"KERNEL_DISPATCH","Agent 2",1,0,220354,1897,29,"fused_silu_mul_mq_rotate_awq_i4_gfx12",1897,9375234698367,9375236817634,0,0,56,0,128,32,1,1,2176,8192,1
"KERNEL_DISPATCH","Agent 2",1,0,220354,1902,24,"gemm_mq4g256v2_residual_mmq_iu4_full_set_symfold",1902,9375247891053,9375248243858,0,0,184,0,128,256,1,1,2048,64,1
"KERNEL_DISPATCH","Agent 2",1,0,220354,1907,35,"kv_cache_write_fp8_e4m3_batched",1907,9375250332804,9375250421725,0,0,56,0,128,32,1,1,128,8192,1
"KERNEL_DISPATCH","Agent 2",1,0,220354,1912,24,"gemm_mq4g256v2_residual_mmq_iu4_full_set_symfold",1912,9375266064162,9375271691433,0,0,184,0,128,256,1,1,34816,64,1
"KERNEL_DISPATCH","Agent 2",1,0,220354,1917,24,"gemm_mq4g256v2_residual_mmq_iu4_full_set_symfold",1917,9375286048974,9375289517378,0,0,184,0,128,256,1,1,20480,64,1
"KERNEL_DISPATCH","Agent 2",1,0,220354,2965,24,"gemm_mq4g256v2_residual_mmq_iu4_full_set_symfold",2965,9376232614500,9376232967744,0,0,184,0,128,256,1,1,2048,64,1
"KERNEL_DISPATCH","Agent 2",1,0,220354,1922,21,"gdn_chunk_kkt_solve",1922,9375292628417,9375292650857,11776,0,104,0,128,128,1,1,1024,16,1
"KERNEL_DISPATCH","Agent 2",1,0,220354,1927,22,"gdn_chunk_scan",1927,9375292911341,9375293008182,60928,0,192,0,128,512,1,1,512,48,1
"KERNEL_DISPATCH","Agent 2",1,0,220354,2995,22,"gdn_chunk_scan",2995,9376278122393,9376278220075,60928,0,192,0,128,512,1,1,512,48,1
"KERNEL_DISPATCH","Agent 2",1,0,220354,3000,21,"gdn_chunk_kkt_solve",3000,9376278478918,9376278501398,11776,0,104,0,128,128,1,1,1024,16,1
"KERNEL_DISPATCH","Agent 2",1,0,220354,1932,21,"gdn_chunk_kkt_solve",1932,9375293263585,9375293285585,11776,0,104,0,128,128,1,1,1024,16,1
"KERNEL_DISPATCH","Agent 2",1,0,220354,1937,22,"gdn_chunk_scan",1937,9375293541268,9375293638430,60928,0,192,0,128,512,1,1,512,48,1
"KERNEL_DISPATCH","Agent 2",1,0,220354,2990,21,"gdn_chunk_kkt_solve",2990,9376277840710,9376277863270,11776,0,104,0,128,128,1,1,1024,16,1
"KERNEL_DISPATCH","Agent 2",1,0,220354,3005,22,"gdn_chunk_scan",3005,9376278759841,9376278858203,60928,0,192,0,128,512,1,1,512,48,1
"KERNEL_DISPATCH","Agent 2",1,0,220354,3010,21,"gdn_chunk_kkt_solve",3010,9376279115606,9376279138006,11776,0,104,0,128,128,1,1,1024,16,1
"KERNEL_DISPATCH","Agent 2",1,0,220354,1942,21,"gdn_chunk_kkt_solve",1942,9375293895033,9375293917073,11776,0,104,0,128,128,1,1,1024,16,1
"KERNEL_DISPATCH","Agent 2",1,0,220354,3015,22,"gdn_chunk_scan",3015,9376279394169,9376279492011,60928,0,192,0,128,512,1,1,512,48,1
"KERNEL_DISPATCH","Agent 2",1,0,220354,3020,23,"fused_rmsnorm_mq_rotate_awq_i4_gfx12",3020,9376282820732,9376283287538,0,0,96,0,128,256,1,1,2097152,1,1
"KERNEL_DISPATCH","Agent 2",1,0,220354,1947,22,"gdn_chunk_scan",1947,9375294171516,9375294268438,60928,0,192,0,128,512,1,1,512,48,1
"KERNEL_DISPATCH","Agent 2",1,0,220354,1952,21,"gdn_chunk_kkt_solve",1952,9375294521921,9375294544201,11776,0,104,0,128,128,1,1,1024,16,1
"KERNEL_DISPATCH","Agent 2",1,0,220354,3025,23,"fused_rmsnorm_mq_rotate_awq_i4_gfx12",3025,9376303279350,9376303751836,0,0,96,0,128,256,1,1,2097152,1,1
"KERNEL_DISPATCH","Agent 2",1,0,220354,3030,20,"gdn_chunk_prep",3030,9376309488948,9376310391320,0,0,72,0,128,256,1,1,32768,10,1
"KERNEL_DISPATCH","Agent 2",1,0,220354,3035,21,"gdn_chunk_kkt_solve",3035,9376310655003,9376310677683,11776,0,104,0,128,128,1,1,1024,16,1
"KERNEL_DISPATCH","Agent 2",1,0,220354,3040,22,"gdn_chunk_scan",3040,9376310938327,9376311037008,60928,0,192,0,128,512,1,1,512,48,1
"KERNEL_DISPATCH","Agent 2",1,0,220354,3045,21,"gdn_chunk_kkt_solve",3045,9376311296291,9376311319012,11776,0,104,0,128,128,1,1,1024,16,1
"KERNEL_DISPATCH","Agent 2",1,0,220354,1957,24,"gemm_mq4g256v2_residual_mmq_iu4_full_set_symfold",1957,9375298276408,9375304087481,0,0,184,0,128,256,1,1,34816,64,1
"KERNEL_DISPATCH","Agent 2",1,0,220354,3055,21,"gdn_chunk_kkt_solve",3055,9376311935299,9376311957620,11776,0,104,0,128,128,1,1,1024,16,1
"KERNEL_DISPATCH","Agent 2",1,0,220354,1962,24,"gemm_mq4g256v2_residual_mmq_iu4_full_set_symfold",1962,9375318638025,9375322120229,0,0,184,0,128,256,1,1,20480,64,1
"KERNEL_DISPATCH","Agent 2",1,0,220354,3060,22,"gdn_chunk_scan",3060,9376312213983,9376312311744,60928,0,192,0,128,512,1,1,512,48,1
"KERNEL_DISPATCH","Agent 2",1,0,220354,1967,21,"gdn_chunk_kkt_solve",1967,9375325260548,9375325283468,11776,0,104,0,128,128,1,1,1024,16,1
"KERNEL_DISPATCH","Agent 2",1,0,220354,3065,23,"fused_rmsnorm_mq_rotate_awq_i4_gfx12",3065,9376315658786,9376316129032,0,0,96,0,128,256,1,1,2097152,1,1
"KERNEL_DISPATCH","Agent 2",1,0,220354,1972,22,"gdn_chunk_scan",1972,9375325547712,9375325647153,60928,0,192,0,128,512,1,1,512,48,1
"KERNEL_DISPATCH","Agent 2",1,0,220354,3070,23,"fused_rmsnorm_mq_rotate_awq_i4_gfx12",3070,9376336086804,9376336557290,0,0,96,0,128,256,1,1,2097152,1,1
"KERNEL_DISPATCH","Agent 2",1,0,220354,1977,21,"gdn_chunk_kkt_solve",1977,9375325908476,9375325931037,11776,0,104,0,128,128,1,1,1024,16,1
"KERNEL_DISPATCH","Agent 2",1,0,220354,3075,20,"gdn_chunk_prep",3075,9376342238481,9376343141212,0,0,72,0,128,256,1,1,32768,10,1
"KERNEL_DISPATCH","Agent 2",1,0,220354,1982,22,"gdn_chunk_scan",1982,9375326191920,9375326291121,60928,0,192,0,128,512,1,1,512,48,1
"KERNEL_DISPATCH","Agent 2",1,0,220354,3080,21,"gdn_chunk_kkt_solve",3080,9376343405856,9376343428696,11776,0,104,0,128,128,1,1,1024,16,1
"KERNEL_DISPATCH","Agent 2",1,0,220354,3085,22,"gdn_chunk_scan",3085,9376343689979,9376343789301,60928,0,192,0,128,512,1,1,512,48,1
"KERNEL_DISPATCH","Agent 2",1,0,220354,1987,21,"gdn_chunk_kkt_solve",1987,9375326551244,9375326573885,11776,0,104,0,128,128,1,1,1024,16,1
"KERNEL_DISPATCH","Agent 2",1,0,220354,3090,21,"gdn_chunk_kkt_solve",3090,9376344050664,9376344073544,11776,0,104,0,128,128,1,1,1024,16,1
"KERNEL_DISPATCH","Agent 2",1,0,220354,1992,22,"gdn_chunk_scan",1992,9375326834888,9375326934489,60928,0,192,0,128,512,1,1,512,48,1
"KERNEL_DISPATCH","Agent 2",1,0,220354,1997,21,"gdn_chunk_kkt_solve",1997,9375327192052,9375327214653,11776,0,104,0,128,128,1,1,1024,16,1
"KERNEL_DISPATCH","Agent 2",1,0,220354,2002,24,"gemm_mq4g256v2_residual_mmq_iu4_full_set_symfold",2002,9375331024061,9375336963176,0,0,184,0,128,256,1,1,34816,64,1
"KERNEL_DISPATCH","Agent 2",1,0,220354,2007,24,"gemm_mq4g256v2_residual_mmq_iu4_full_set_symfold",2007,9375351492799,9375354978963,0,0,184,0,128,256,1,1,20480,64,1
"KERNEL_DISPATCH","Agent 2",1,0,220354,2012,21,"gdn_chunk_kkt_solve",2012,9375358104642,9375358127482,11776,0,104,0,128,128,1,1,1024,16,1
"KERNEL_DISPATCH","Agent 2",1,0,220354,2017,22,"gdn_chunk_scan",2017,9375358390925,9375358489847,60928,0,192,0,128,512,1,1,512,48,1
"KERNEL_DISPATCH","Agent 2",1,0,220354,2022,21,"gdn_chunk_kkt_solve",2022,9375358750850,9375358773410,11776,0,104,0,128,128,1,1,1024,16,1
"KERNEL_DISPATCH","Agent 2",1,0,220354,2027,22,"gdn_chunk_scan",2027,9375359033854,9375359132135,60928,0,192,0,128,512,1,1,512,48,1
"KERNEL_DISPATCH","Agent 2",1,0,220354,2032,21,"gdn_chunk_kkt_solve",2032,9375359391418,9375359413858,11776,0,104,0,128,128,1,1,1024,16,1
"KERNEL_DISPATCH","Agent 2",1,0,220354,2037,22,"gdn_chunk_scan",2037,9375359673502,9375359772263,60928,0,192,0,128,512,1,1,512,48,1
"KERNEL_DISPATCH","Agent 2",1,0,220354,2042,21,"gdn_chunk_kkt_solve",2042,9375360030026,9375360052506,11776,0,104,0,128,128,1,1,1024,16,1
"KERNEL_DISPATCH","Agent 2",1,0,220354,2047,24,"gemm_mq4g256v2_residual_mmq_iu4_full_set_symfold",2047,9375363790794,9375369575026,0,0,184,0,128,256,1,1,34816,64,1
"KERNEL_DISPATCH","Agent 2",1,0,220354,2052,24,"gemm_mq4g256v2_residual_mmq_iu4_full_set_symfold",2052,9375384116330,9375388262862,0,0,184,0,128,256,1,1,24576,64,1
"KERNEL_DISPATCH","Agent 2",1,0,220354,2057,33,"rope_partial_halfsplit_batched_f32",2057,9375390623412,9375390992136,0,0,16,0,128,32,1,1,32,8192,1
"KERNEL_DISPATCH","Agent 2",1,0,220354,2062,25,"gemm_mq4g256v2_residual_mmq_iu4_full_add_symfold",2062,9375404221943,9375406235928,0,0,184,0,128,256,1,1,10240,64,1
"KERNEL_DISPATCH","Agent 2",1,0,220354,2067,25,"gemm_mq4g256v2_residual_mmq_iu4_full_add_symfold",2067,9375420106943,9375426069738,0,0,184,0,128,256,1,1,10240,64,1
"KERNEL_DISPATCH","Agent 2",1,0,220354,2072,24,"gemm_mq4g256v2_residual_mmq_iu4_full_set_symfold",2072,9375432160255,9375432218696,0,0,184,0,128,256,1,1,256,64,1
"KERNEL_DISPATCH","Agent 2",1,0,220354,2077,22,"gdn_chunk_scan",2077,9375433287109,9375433385350,60928,0,192,0,128,512,1,1,512,48,1
"KERNEL_DISPATCH","Agent 2",1,0,220354,2082,21,"gdn_chunk_kkt_solve",2082,9375433644794,9375433667234,11776,0,104,0,128,128,1,1,1024,16,1
"KERNEL_DISPATCH","Agent 2",1,0,220354,3050,22,"gdn_chunk_scan",3050,9376311577735,9376311676416,60928,0,192,0,128,512,1,1,512,48,1
"KERNEL_DISPATCH","Agent 2",1,0,220354,2087,22,"gdn_chunk_scan",2087,9375433927797,9375434026358,60928,0,192,0,128,512,1,1,512,48,1
"KERNEL_DISPATCH","Agent 2",1,0,220354,3100,21,"gdn_chunk_kkt_solve",3100,9376344691712,9376344714512,11776,0,104,0,128,128,1,1,1024,16,1
"KERNEL_DISPATCH","Agent 2",1,0,220354,3105,22,"gdn_chunk_scan",3105,9376344973476,9376345070877,60928,0,192,0,128,512,1,1,512,48,1
"KERNEL_DISPATCH","Agent 2",1,0,220354,2092,21,"gdn_chunk_kkt_solve",2092,9375434285642,9375434308042,11776,0,104,0,128,128,1,1,1024,16,1
"KERNEL_DISPATCH","Agent 2",1,0,220354,3110,23,"fused_rmsnorm_mq_rotate_awq_i4_gfx12",3110,9376348386519,9376348847924,0,0,96,0,128,256,1,1,2097152,1,1
"KERNEL_DISPATCH","Agent 2",1,0,220354,3115,23,"fused_rmsnorm_mq_rotate_awq_i4_gfx12",3115,9376368675694,9376369144540,0,0,96,0,128,256,1,1,2097152,1,1
"KERNEL_DISPATCH","Agent 2",1,0,220354,2097,22,"gdn_chunk_scan",2097,9375434568205,9375434666646,60928,0,192,0,128,512,1,1,512,48,1
"KERNEL_DISPATCH","Agent 2",1,0,220354,3120,32,"rmsnorm_f32",3120,9376375454740,9376375680462,0,0,16,0,128,256,1,1,8388608,1,1
"KERNEL_DISPATCH","Agent 2",1,0,220354,2102,21,"gdn_chunk_kkt_solve",2102,9375434926170,9375434948610,11776,0,104,0,128,128,1,1,1024,16,1
"KERNEL_DISPATCH","Agent 2",1,0,220354,3125,46,"sigmoid_mul_rotate_x_mq_awq_i4_gfx12",3125,9376388787548,9376389534997,0,0,88,0,128,32,1,1,6291456,1,1
"KERNEL_DISPATCH","Agent 2",1,0,220354,2107,25,"gemm_mq4g256v2_residual_mmq_iu4_full_add_symfold",2107,9375436184466,9375438386453,0,0,184,0,128,256,1,1,10240,64,1
"KERNEL_DISPATCH","Agent 2",1,0,220354,3130,29,"fused_silu_mul_mq_rotate_awq_i4_gfx12",3130,9376403326451,9376405435117,0,0,56,0,128,32,1,1,2176,8192,1
"KERNEL_DISPATCH","Agent 2",1,0,220354,3135,24,"gemm_mq4g256v2_residual_mmq_iu4_full_set_symfold",3135,9376417502349,9376417563510,0,0,184,0,128,256,1,1,256,64,1
"KERNEL_DISPATCH","Agent 2",1,0,220354,2112,25,"gemm_mq4g256v2_residual_mmq_iu4_full_add_symfold",2112,9375452725434,9375458807831,0,0,184,0,128,256,1,1,10240,64,1
"KERNEL_DISPATCH","Agent 2",1,0,220354,3140,21,"gdn_chunk_kkt_solve",3140,9376418668724,9376418691324,11776,0,104,0,128,128,1,1,1024,16,1
"KERNEL_DISPATCH","Agent 2",1,0,220354,3145,22,"gdn_chunk_scan",3145,9376418950208,9376419047969,60928,0,192,0,128,512,1,1,512,48,1
"KERNEL_DISPATCH","Agent 2",1,0,220354,3150,21,"gdn_chunk_kkt_solve",3150,9376419305932,9376419328532,11776,0,104,0,128,128,1,1,1024,16,1
"KERNEL_DISPATCH","Agent 2",1,0,220354,3155,22,"gdn_chunk_scan",3155,9376419587016,9376419685497,60928,0,192,0,128,512,1,1,512,48,1
"KERNEL_DISPATCH","Agent 2",1,0,220354,3095,22,"gdn_chunk_scan",3095,9376344333787,9376344432149,60928,0,192,0,128,512,1,1,512,48,1
"KERNEL_DISPATCH","Agent 2",1,0,220354,3160,21,"gdn_chunk_kkt_solve",3160,9376419944460,9376419967260,11776,0,104,0,128,128,1,1,1024,16,1
"KERNEL_DISPATCH","Agent 2",1,0,220354,3165,22,"gdn_chunk_scan",3165,9376420223144,9376420320545,60928,0,192,0,128,512,1,1,512,48,1
"KERNEL_DISPATCH","Agent 2",1,0,220354,3170,28,"gated_norm_mq_rotate_awq_i4_gfx12",3170,9376420575948,9376421552960,1024,0,40,0,128,64,1,1,1536,8192,1
"KERNEL_DISPATCH","Agent 2",1,0,220354,3175,29,"fused_silu_mul_mq_rotate_awq_i4_gfx12",3175,9376435917861,9376438041688,0,0,56,0,128,32,1,1,2176,8192,1
"KERNEL_DISPATCH","Agent 2",1,0,220354,3180,24,"gemm_mq4g256v2_residual_mmq_iu4_full_set_symfold",3180,9376450196801,9376450258682,0,0,184,0,128,256,1,1,256,64,1
"KERNEL_DISPATCH","Agent 2",1,0,220354,3185,21,"gdn_chunk_kkt_solve",3185,9376451365896,9376451388896,11776,0,104,0,128,128,1,1,1024,16,1
"KERNEL_DISPATCH","Agent 2",1,0,220354,3190,22,"gdn_chunk_scan",3190,9376451652380,9376451753021,60928,0,192,0,128,512,1,1,512,48,1
"KERNEL_DISPATCH","Agent 2",1,0,220354,3195,21,"gdn_chunk_kkt_solve",3195,9376452017664,9376452040384,11776,0,104,0,128,128,1,1,1024,16,1
"KERNEL_DISPATCH","Agent 2",1,0,220354,3200,22,"gdn_chunk_scan",3200,9376452299508,9376452398149,60928,0,192,0,128,512,1,1,512,48,1
"KERNEL_DISPATCH","Agent 2",1,0,220354,3205,21,"gdn_chunk_kkt_solve",3205,9376452658232,9376452680833,11776,0,104,0,128,128,1,1,1024,16,1
"KERNEL_DISPATCH","Agent 2",1,0,220354,3210,22,"gdn_chunk_scan",3210,9376452940596,9376453038477,60928,0,192,0,128,512,1,1,512,48,1
"KERNEL_DISPATCH","Agent 2",1,0,220354,3215,28,"gated_norm_mq_rotate_awq_i4_gfx12",3215,9376453295480,9376454283453,1024,0,40,0,128,64,1,1,1536,8192,1
"KERNEL_DISPATCH","Agent 2",1,0,220354,3220,29,"fused_silu_mul_mq_rotate_awq_i4_gfx12",3220,9376468627193,9376470739820,0,0,56,0,128,32,1,1,2176,8192,1
"KERNEL_DISPATCH","Agent 2",1,0,220354,3225,24,"gemm_mq4g256v2_residual_mmq_iu4_full_set_symfold",3225,9376482852733,9376482915293,0,0,184,0,128,256,1,1,256,64,1
"KERNEL_DISPATCH","Agent 2",1,0,220354,3230,21,"gdn_chunk_kkt_solve",3230,9376484019627,9376484042388,11776,0,104,0,128,128,1,1,1024,16,1
"KERNEL_DISPATCH","Agent 2",1,0,220354,3235,22,"gdn_chunk_scan",3235,9376484303031,9376484402192,60928,0,192,0,128,512,1,1,512,48,1
"KERNEL_DISPATCH","Agent 2",1,0,220354,3240,21,"gdn_chunk_kkt_solve",3240,9376484663476,9376484686156,11776,0,104,0,128,128,1,1,1024,16,1
"KERNEL_DISPATCH","Agent 2",1,0,220354,3245,22,"gdn_chunk_scan",3245,9376484947039,9376485046200,60928,0,192,0,128,512,1,1,512,48,1
"KERNEL_DISPATCH","Agent 2",1,0,220354,3250,21,"gdn_chunk_kkt_solve",3250,9376485305444,9376485328364,11776,0,104,0,128,128,1,1,1024,16,1
"KERNEL_DISPATCH","Agent 2",1,0,220354,3255,22,"gdn_chunk_scan",3255,9376485587407,9376485685768,60928,0,192,0,128,512,1,1,512,48,1
"KERNEL_DISPATCH","Agent 2",1,0,220354,3260,28,"gated_norm_mq_rotate_awq_i4_gfx12",3260,9376485945892,9376486933624,1024,0,40,0,128,64,1,1,1536,8192,1
"KERNEL_DISPATCH","Agent 2",1,0,220354,3265,29,"fused_silu_mul_mq_rotate_awq_i4_gfx12",3265,9376501332046,9376503440192,0,0,56,0,128,32,1,1,2176,8192,1
"KERNEL_DISPATCH","Agent 2",1,0,220354,3270,24,"gemm_mq4g256v2_residual_mmq_iu4_full_set_symfold",3270,9376514470931,9376514824656,0,0,184,0,128,256,1,1,2048,64,1
"KERNEL_DISPATCH","Agent 2",1,0,220354,3275,35,"kv_cache_write_fp8_e4m3_batched",3275,9376516911682,9376517001443,0,0,56,0,128,32,1,1,128,8192,1
"KERNEL_DISPATCH","Agent 2",1,0,220354,3280,24,"gemm_mq4g256v2_residual_mmq_iu4_full_set_symfold",3280,9376532599199,9376538214990,0,0,184,0,128,256,1,1,34816,64,1
"KERNEL_DISPATCH","Agent 2",1,0,220354,3285,32,"rmsnorm_f32",3285,9376551983084,9376551997684,0,0,16,0,128,256,1,1,256,1,1
"KERNEL_DISPATCH","Agent 2",1,0,220354,3290,6,"__amd_rocclr_fillBufferUnAligned",3290,9376553241490,9376553243370,0,0,8,0,128,256,1,1,8192,1,1
"KERNEL_DISPATCH","Agent 2",1,0,220354,3295,6,"__amd_rocclr_fillBufferUnAligned",3295,9376553281290,9376553283290,0,0,8,0,128,256,1,1,8192,1,1
"KERNEL_DISPATCH","Agent 2",1,0,220354,3300,6,"__amd_rocclr_fillBufferUnAligned",3300,9376553309050,9376553311010,0,0,8,0,128,256,1,1,8192,1,1
"KERNEL_DISPATCH","Agent 2",1,0,220354,3305,6,"__amd_rocclr_fillBufferUnAligned",3305,9376553335811,9376553337731,0,0,8,0,128,256,1,1,8192,1,1
"KERNEL_DISPATCH","Agent 2",1,0,220354,3310,6,"__amd_rocclr_fillBufferUnAligned",3310,9376553375171,9376553377051,0,0,8,0,128,256,1,1,8192,1,1
"KERNEL_DISPATCH","Agent 2",1,0,220354,3315,6,"__amd_rocclr_fillBufferUnAligned",3315,9376553403132,9376553404852,0,0,8,0,128,256,1,1,8192,1,1
"KERNEL_DISPATCH","Agent 2",1,0,220354,2117,24,"gemm_mq4g256v2_residual_mmq_iu4_full_set_symfold",2117,9375464950268,9375465009109,0,0,184,0,128,256,1,1,256,64,1
"KERNEL_DISPATCH","Agent 2",1,0,220354,3320,6,"__amd_rocclr_fillBufferUnAligned",3320,9376553429812,9376553431532,0,0,8,0,128,256,1,1,8192,1,1
"KERNEL_DISPATCH","Agent 2",1,0,220354,3325,6,"__amd_rocclr_fillBufferUnAligned",3325,9376553475692,9376553477373,0,0,8,0,128,256,1,1,8192,1,1
"KERNEL_DISPATCH","Agent 2",1,0,220354,3330,6,"__amd_rocclr_fillBufferUnAligned",3330,9376553515973,9376553529133,0,0,8,0,128,256,1,1,8192,1,1
"KERNEL_DISPATCH","Agent 2",1,0,220354,3335,6,"__amd_rocclr_fillBufferUnAligned",3335,9376553567894,9376553569574,0,0,8,0,128,256,1,1,8192,1,1
"KERNEL_DISPATCH","Agent 2",1,0,220354,3340,6,"__amd_rocclr_fillBufferUnAligned",3340,9376553645065,9376553646705,0,0,8,0,128,256,1,1,1536,1,1
"KERNEL_DISPATCH","Agent 2",1,0,220354,3345,6,"__amd_rocclr_fillBufferUnAligned",3345,9376553684185,9376553685585,0,0,8,0,128,256,1,1,1536,1,1
"KERNEL_DISPATCH","Agent 2",1,0,220354,3350,6,"__amd_rocclr_fillBufferUnAligned",3350,9376553756706,9376553758426,0,0,8,0,128,256,1,1,1536,1,1
"KERNEL_DISPATCH","Agent 2",1,0,220354,3355,6,"__amd_rocclr_fillBufferUnAligned",3355,9376553809357,9376553811357,0,0,8,0,128,256,1,1,1536,1,1
"KERNEL_DISPATCH","Agent 2",1,0,220354,3360,6,"__amd_rocclr_fillBufferUnAligned",3360,9376553835757,9376553837677,0,0,8,0,128,256,1,1,1536,1,1
"KERNEL_DISPATCH","Agent 2",1,0,220354,3365,6,"__amd_rocclr_fillBufferUnAligned",3365,9376553886038,9376553887798,0,0,8,0,128,256,1,1,1536,1,1
"KERNEL_DISPATCH","Agent 2",1,0,220354,3375,6,"__amd_rocclr_fillBufferUnAligned",3375,9376553962239,9376553963719,0,0,8,0,128,256,1,1,1536,1,1
"KERNEL_DISPATCH","Agent 2",1,0,220354,3370,6,"__amd_rocclr_fillBufferUnAligned",3370,9376553936438,9376553938118,0,0,8,0,128,256,1,1,1536,1,1
"KERNEL_DISPATCH","Agent 2",1,0,220354,3380,6,"__amd_rocclr_fillBufferUnAligned",3380,9376554000599,9376554002199,0,0,8,0,128,256,1,1,1536,1,1
"KERNEL_DISPATCH","Agent 2",1,0,220354,3385,6,"__amd_rocclr_fillBufferUnAligned",3385,9376554038720,9376554040120,0,0,8,0,128,256,1,1,7680,1,1
"KERNEL_DISPATCH","Agent 2",1,0,220354,3390,6,"__amd_rocclr_fillBufferUnAligned",3390,9376554063360,9376554064880,0,0,8,0,128,256,1,1,7680,1,1
"KERNEL_DISPATCH","Agent 2",1,0,220354,3395,6,"__amd_rocclr_fillBufferUnAligned",3395,9376554088680,9376554090280,0,0,8,0,128,256,1,1,7680,1,1
"KERNEL_DISPATCH","Agent 2",1,0,220354,3400,6,"__amd_rocclr_fillBufferUnAligned",3400,9376554114201,9376554115921,0,0,8,0,128,256,1,1,7680,1,1
"KERNEL_DISPATCH","Agent 2",1,0,220354,3405,6,"__amd_rocclr_fillBufferUnAligned",3405,9376554139761,9376554141201,0,0,8,0,128,256,1,1,7680,1,1
"KERNEL_DISPATCH","Agent 2",1,0,220354,3410,6,"__amd_rocclr_fillBufferUnAligned",3410,9376554164441,9376554165841,0,0,8,0,128,256,1,1,7680,1,1
"KERNEL_DISPATCH","Agent 2",1,0,220354,3415,6,"__amd_rocclr_fillBufferUnAligned",3415,9376554190321,9376554191682,0,0,8,0,128,256,1,1,7680,1,1
"KERNEL_DISPATCH","Agent 2",1,0,220354,3420,6,"__amd_rocclr_fillBufferUnAligned",3420,9376554215202,9376554216522,0,0,8,0,128,256,1,1,7680,1,1
"KERNEL_DISPATCH","Agent 2",1,0,220354,3425,6,"__amd_rocclr_fillBufferUnAligned",3425,9376554239562,9376554240882,0,0,8,0,128,256,1,1,7680,1,1
"KERNEL_DISPATCH","Agent 2",1,0,220354,3430,6,"__amd_rocclr_fillBufferUnAligned",3430,9376554264042,9376554265402,0,0,8,0,128,256,1,1,7680,1,1
"KERNEL_DISPATCH","Agent 2",1,0,220354,3435,6,"__amd_rocclr_fillBufferUnAligned",3435,9376554289443,9376554291283,0,0,8,0,128,256,1,1,8192,1,1
"KERNEL_DISPATCH","Agent 2",1,0,220354,3440,6,"__amd_rocclr_fillBufferUnAligned",3440,9376554315963,9376554317763,0,0,8,0,128,256,1,1,8192,1,1
"KERNEL_DISPATCH","Agent 2",1,0,220354,3450,6,"__amd_rocclr_fillBufferUnAligned",3450,9376554369244,9376554371244,0,0,8,0,128,256,1,1,8192,1,1
"KERNEL_DISPATCH","Agent 2",1,0,220354,3455,6,"__amd_rocclr_fillBufferUnAligned",3455,9376554397044,9376554398924,0,0,8,0,128,256,1,1,8192,1,1
"KERNEL_DISPATCH","Agent 2",1,0,220354,3460,6,"__amd_rocclr_fillBufferUnAligned",3460,9376554435125,9376554437045,0,0,8,0,128,256,1,1,8192,1,1
"KERNEL_DISPATCH","Agent 2",1,0,220354,3465,6,"__amd_rocclr_fillBufferUnAligned",3465,9376554462165,9376554464085,0,0,8,0,128,256,1,1,8192,1,1
"KERNEL_DISPATCH","Agent 2",1,0,220354,3470,6,"__amd_rocclr_fillBufferUnAligned",3470,9376554489325,9376554491085,0,0,8,0,128,256,1,1,8192,1,1
"KERNEL_DISPATCH","Agent 2",1,0,220354,3480,6,"__amd_rocclr_fillBufferUnAligned",3480,9376554543246,9376554544766,0,0,8,0,128,256,1,1,8192,1,1
"KERNEL_DISPATCH","Agent 2",1,0,220354,3485,6,"__amd_rocclr_fillBufferUnAligned",3485,9376554568886,9376554570446,0,0,8,0,128,256,1,1,8192,1,1
"KERNEL_DISPATCH","Agent 2",1,0,220354,3490,6,"__amd_rocclr_fillBufferUnAligned",3490,9376554594847,9376554596367,0,0,8,0,128,256,1,1,8192,1,1
"KERNEL_DISPATCH","Agent 2",1,0,220354,3495,6,"__amd_rocclr_fillBufferUnAligned",3495,9376554620247,9376554621767,0,0,8,0,128,256,1,1,8192,1,1
"KERNEL_DISPATCH","Agent 2",1,0,220354,3500,6,"__amd_rocclr_fillBufferUnAligned",3500,9376554645767,9376554647367,0,0,8,0,128,256,1,1,8192,1,1
"KERNEL_DISPATCH","Agent 2",1,0,220354,3505,6,"__amd_rocclr_fillBufferUnAligned",3505,9376554671768,9376554673408,0,0,8,0,128,256,1,1,8192,1,1
"KERNEL_DISPATCH","Agent 2",1,0,220354,3510,6,"__amd_rocclr_fillBufferUnAligned",3510,9376554697808,9376554699448,0,0,8,0,128,256,1,1,8192,1,1
"KERNEL_DISPATCH","Agent 2",1,0,220354,3515,6,"__amd_rocclr_fillBufferUnAligned",3515,9376554725888,9376554728528,0,0,8,0,128,256,1,1,8192,1,1
"KERNEL_DISPATCH","Agent 2",1,0,220354,3520,6,"__amd_rocclr_fillBufferUnAligned",3520,9376554755929,9376554757929,0,0,8,0,128,256,1,1,8192,1,1
"KERNEL_DISPATCH","Agent 2",1,0,220354,3525,6,"__amd_rocclr_fillBufferUnAligned",3525,9376554784769,9376554787169,0,0,8,0,128,256,1,1,8192,1,1
"KERNEL_DISPATCH","Agent 2",1,0,220354,3530,6,"__amd_rocclr_fillBufferUnAligned",3530,9376554812449,9376554813889,0,0,8,0,128,256,1,1,1536,1,1
"KERNEL_DISPATCH","Agent 2",1,0,220354,3535,6,"__amd_rocclr_fillBufferUnAligned",3535,9376554837730,9376554839210,0,0,8,0,128,256,1,1,1536,1,1
"KERNEL_DISPATCH","Agent 2",1,0,220354,3540,6,"__amd_rocclr_fillBufferUnAligned",3540,9376554862810,9376554864130,0,0,8,0,128,256,1,1,1536,1,1
"KERNEL_DISPATCH","Agent 2",1,0,220354,3545,6,"__amd_rocclr_fillBufferUnAligned",3545,9376554888130,9376554889530,0,0,8,0,128,256,1,1,1536,1,1
"KERNEL_DISPATCH","Agent 2",1,0,220354,3550,6,"__amd_rocclr_fillBufferUnAligned",3550,9376554913251,9376554914651,0,0,8,0,128,256,1,1,1536,1,1
"KERNEL_DISPATCH","Agent 2",1,0,220354,3555,6,"__amd_rocclr_fillBufferUnAligned",3555,9376554938211,9376554939611,0,0,8,0,128,256,1,1,1536,1,1
"KERNEL_DISPATCH","Agent 2",1,0,220354,3560,6,"__amd_rocclr_fillBufferUnAligned",3560,9376554962891,9376554964291,0,0,8,0,128,256,1,1,1536,1,1
"KERNEL_DISPATCH","Agent 2",1,0,220354,3565,6,"__amd_rocclr_fillBufferUnAligned",3565,9376554987612,9376554989052,0,0,8,0,128,256,1,1,1536,1,1
"KERNEL_DISPATCH","Agent 2",1,0,220354,3570,6,"__amd_rocclr_fillBufferUnAligned",3570,9376555012292,9376555013652,0,0,8,0,128,256,1,1,1536,1,1
"KERNEL_DISPATCH","Agent 2",1,0,220354,3575,6,"__amd_rocclr_fillBufferUnAligned",3575,9376555036252,9376555037692,0,0,8,0,128,256,1,1,1536,1,1
"KERNEL_DISPATCH","Agent 2",1,0,220354,3580,6,"__amd_rocclr_fillBufferUnAligned",3580,9376555060652,9376555062012,0,0,8,0,128,256,1,1,7680,1,1
"KERNEL_DISPATCH","Agent 2",1,0,220354,3585,6,"__amd_rocclr_fillBufferUnAligned",3585,9376555084933,9376555086173,0,0,8,0,128,256,1,1,7680,1,1
"KERNEL_DISPATCH","Agent 2",1,0,220354,3590,6,"__amd_rocclr_fillBufferUnAligned",3590,9376555109693,9376555111013,0,0,8,0,128,256,1,1,7680,1,1
"KERNEL_DISPATCH","Agent 2",1,0,220354,3595,6,"__amd_rocclr_fillBufferUnAligned",3595,9376555134213,9376555135653,0,0,8,0,128,256,1,1,7680,1,1
"KERNEL_DISPATCH","Agent 2",1,0,220354,3600,6,"__amd_rocclr_fillBufferUnAligned",3600,9376555158374,9376555159774,0,0,8,0,128,256,1,1,7680,1,1
"KERNEL_DISPATCH","Agent 2",1,0,220354,3605,6,"__amd_rocclr_fillBufferUnAligned",3605,9376555182374,9376555183734,0,0,8,0,128,256,1,1,7680,1,1
"KERNEL_DISPATCH","Agent 2",1,0,220354,3610,6,"__amd_rocclr_fillBufferUnAligned",3610,9376555206294,9376555207574,0,0,8,0,128,256,1,1,7680,1,1
"KERNEL_DISPATCH","Agent 2",1,0,220354,3615,6,"__amd_rocclr_fillBufferUnAligned",3615,9376555230935,9376555232295,0,0,8,0,128,256,1,1,7680,1,1
"KERNEL_DISPATCH","Agent 2",1,0,220354,3620,6,"__amd_rocclr_fillBufferUnAligned",3620,9376555255615,9376555256815,0,0,8,0,128,256,1,1,7680,1,1
"KERNEL_DISPATCH","Agent 2",1,0,220354,3625,6,"__amd_rocclr_fillBufferUnAligned",3625,9376555280655,9376555282895,0,0,8,0,128,256,1,1,8192,1,1
"KERNEL_DISPATCH","Agent 2",1,0,220354,3630,6,"__amd_rocclr_fillBufferUnAligned",3630,9376555309856,9376555311976,0,0,8,0,128,256,1,1,8192,1,1
"KERNEL_DISPATCH","Agent 2",1,0,220354,3635,6,"__amd_rocclr_fillBufferUnAligned",3635,9376555338496,9376555340736,0,0,8,0,128,256,1,1,8192,1,1
"KERNEL_DISPATCH","Agent 2",1,0,220354,3640,6,"__amd_rocclr_fillBufferUnAligned",3640,9376555367416,9376555369536,0,0,8,0,128,256,1,1,8192,1,1
"KERNEL_DISPATCH","Agent 2",1,0,220354,3645,6,"__amd_rocclr_fillBufferUnAligned",3645,9376555395817,9376555397937,0,0,8,0,128,256,1,1,8192,1,1
"KERNEL_DISPATCH","Agent 2",1,0,220354,3650,6,"__amd_rocclr_fillBufferUnAligned",3650,9376555424817,9376555427217,0,0,8,0,128,256,1,1,8192,1,1
"KERNEL_DISPATCH","Agent 2",1,0,220354,3655,6,"__amd_rocclr_fillBufferUnAligned",3655,9376555453417,9376555455817,0,0,8,0,128,256,1,1,8192,1,1
"KERNEL_DISPATCH","Agent 2",1,0,220354,3660,6,"__amd_rocclr_fillBufferUnAligned",3660,9376555482618,9376555484818,0,0,8,0,128,256,1,1,8192,1,1
"KERNEL_DISPATCH","Agent 2",1,0,220354,3665,6,"__amd_rocclr_fillBufferUnAligned",3665,9376555511378,9376555513578,0,0,8,0,128,256,1,1,8192,1,1
"KERNEL_DISPATCH","Agent 2",1,0,220354,3670,6,"__amd_rocclr_fillBufferUnAligned",3670,9376555541219,9376555543459,0,0,8,0,128,256,1,1,8192,1,1
"KERNEL_DISPATCH","Agent 2",1,0,220354,3675,6,"__amd_rocclr_fillBufferUnAligned",3675,9376555568299,9376555569899,0,0,8,0,128,256,1,1,8192,1,1
"KERNEL_DISPATCH","Agent 2",1,0,220354,3680,6,"__amd_rocclr_fillBufferUnAligned",3680,9376555593699,9376555595339,0,0,8,0,128,256,1,1,8192,1,1
"KERNEL_DISPATCH","Agent 2",1,0,220354,3685,6,"__amd_rocclr_fillBufferUnAligned",3685,9376555619219,9376555620820,0,0,8,0,128,256,1,1,8192,1,1
"KERNEL_DISPATCH","Agent 2",1,0,220354,3690,6,"__amd_rocclr_fillBufferUnAligned",3690,9376555647140,9376555648660,0,0,8,0,128,256,1,1,8192,1,1
"KERNEL_DISPATCH","Agent 2",1,0,220354,3695,6,"__amd_rocclr_fillBufferUnAligned",3695,9376555673100,9376555674620,0,0,8,0,128,256,1,1,8192,1,1
"KERNEL_DISPATCH","Agent 2",1,0,220354,3700,6,"__amd_rocclr_fillBufferUnAligned",3700,9376555701141,9376555703581,0,0,8,0,128,256,1,1,8192,1,1
"KERNEL_DISPATCH","Agent 2",1,0,220354,3705,6,"__amd_rocclr_fillBufferUnAligned",3705,9376555729541,9376555732021,0,0,8,0,128,256,1,1,8192,1,1
"KERNEL_DISPATCH","Agent 2",1,0,220354,3710,6,"__amd_rocclr_fillBufferUnAligned",3710,9376555759061,9376555761461,0,0,8,0,128,256,1,1,8192,1,1
"KERNEL_DISPATCH","Agent 2",1,0,220354,3715,6,"__amd_rocclr_fillBufferUnAligned",3715,9376555789502,9376555791982,0,0,8,0,128,256,1,1,8192,1,1
"KERNEL_DISPATCH","Agent 2",1,0,220354,3720,6,"__amd_rocclr_fillBufferUnAligned",3720,9376555819542,9376555820862,0,0,8,0,128,256,1,1,1536,1,1
"KERNEL_DISPATCH","Agent 2",1,0,220354,3445,6,"__amd_rocclr_fillBufferUnAligned",3445,9376554342483,9376554344363,0,0,8,0,128,256,1,1,8192,1,1
"KERNEL_DISPATCH","Agent 2",1,0,220354,3725,6,"__amd_rocclr_fillBufferUnAligned",3725,9376555843742,9376555845102,0,0,8,0,128,256,1,1,1536,1,1
"KERNEL_DISPATCH","Agent 2",1,0,220354,3730,6,"__amd_rocclr_fillBufferUnAligned",3730,9376555868463,9376555869903,0,0,8,0,128,256,1,1,1536,1,1
"KERNEL_DISPATCH","Agent 2",1,0,220354,3475,6,"__amd_rocclr_fillBufferUnAligned",3475,9376554515806,9376554517566,0,0,8,0,128,256,1,1,8192,1,1
"KERNEL_DISPATCH","Agent 2",1,0,220354,3740,6,"__amd_rocclr_fillBufferUnAligned",3740,9376555917423,9376555918783,0,0,8,0,128,256,1,1,1536,1,1
"KERNEL_DISPATCH","Agent 2",1,0,220354,3745,6,"__amd_rocclr_fillBufferUnAligned",3745,9376555941464,9376555942864,0,0,8,0,128,256,1,1,1536,1,1
"KERNEL_DISPATCH","Agent 2",1,0,220354,3750,6,"__amd_rocclr_fillBufferUnAligned",3750,9376555966184,9376555967544,0,0,8,0,128,256,1,1,1536,1,1
"KERNEL_DISPATCH","Agent 2",1,0,220354,3755,6,"__amd_rocclr_fillBufferUnAligned",3755,9376555990784,9376555992464,0,0,8,0,128,256,1,1,1536,1,1
"KERNEL_DISPATCH","Agent 2",1,0,220354,3760,6,"__amd_rocclr_fillBufferUnAligned",3760,9376556015104,9376556016745,0,0,8,0,128,256,1,1,1536,1,1
"KERNEL_DISPATCH","Agent 2",1,0,220354,3765,6,"__amd_rocclr_fillBufferUnAligned",3765,9376556039345,9376556040825,0,0,8,0,128,256,1,1,1536,1,1
"KERNEL_DISPATCH","Agent 2",1,0,220354,3770,6,"__amd_rocclr_fillBufferUnAligned",3770,9376556063465,9376556064905,0,0,8,0,128,256,1,1,7680,1,1
"KERNEL_DISPATCH","Agent 2",1,0,220354,3780,6,"__amd_rocclr_fillBufferUnAligned",3780,9376556111826,9376556113066,0,0,8,0,128,256,1,1,7680,1,1
"KERNEL_DISPATCH","Agent 2",1,0,220354,3775,6,"__amd_rocclr_fillBufferUnAligned",3775,9376556087665,9376556088985,0,0,8,0,128,256,1,1,7680,1,1
"KERNEL_DISPATCH","Agent 2",1,0,220354,3785,6,"__amd_rocclr_fillBufferUnAligned",3785,9376556136026,9376556137346,0,0,8,0,128,256,1,1,7680,1,1
"KERNEL_DISPATCH","Agent 2",1,0,220354,3795,6,"__amd_rocclr_fillBufferUnAligned",3795,9376556183667,9376556184907,0,0,8,0,128,256,1,1,7680,1,1
"KERNEL_DISPATCH","Agent 2",1,0,220354,3800,6,"__amd_rocclr_fillBufferUnAligned",3800,9376556221507,9376556222787,0,0,8,0,128,256,1,1,7680,1,1
"KERNEL_DISPATCH","Agent 2",1,0,220354,3805,6,"__amd_rocclr_fillBufferUnAligned",3805,9376556245547,9376556246827,0,0,8,0,128,256,1,1,7680,1,1
"KERNEL_DISPATCH","Agent 2",1,0,220354,3810,6,"__amd_rocclr_fillBufferUnAligned",3810,9376556269468,9376556270828,0,0,8,0,128,256,1,1,7680,1,1
"KERNEL_DISPATCH","Agent 2",1,0,220354,3815,6,"__amd_rocclr_fillBufferUnAligned",3815,9376556293268,9376556294628,0,0,8,0,128,256,1,1,7680,1,1
"KERNEL_DISPATCH","Agent 2",1,0,220354,3820,6,"__amd_rocclr_fillBufferUnAligned",3820,9376556319228,9376556321388,0,0,8,0,128,256,1,1,8192,1,1
"KERNEL_DISPATCH","Agent 2",1,0,220354,3825,6,"__amd_rocclr_fillBufferUnAligned",3825,9376556347389,9376556349549,0,0,8,0,128,256,1,1,8192,1,1
"KERNEL_DISPATCH","Agent 2",1,0,220354,3830,6,"__amd_rocclr_fillBufferUnAligned",3830,9376556375349,9376556377509,0,0,8,0,128,256,1,1,8192,1,1
"KERNEL_DISPATCH","Agent 2",1,0,220354,3835,6,"__amd_rocclr_fillBufferUnAligned",3835,9376556403429,9376556405749,0,0,8,0,128,256,1,1,8192,1,1
"KERNEL_DISPATCH","Agent 2",1,0,220354,3840,6,"__amd_rocclr_fillBufferUnAligned",3840,9376556431310,9376556433830,0,0,8,0,128,256,1,1,8192,1,1
"KERNEL_DISPATCH","Agent 2",1,0,220354,3845,6,"__amd_rocclr_fillBufferUnAligned",3845,9376556459430,9376556461630,0,0,8,0,128,256,1,1,8192,1,1
"KERNEL_DISPATCH","Agent 2",1,0,220354,3850,6,"__amd_rocclr_fillBufferUnAligned",3850,9376556487430,9376556489550,0,0,8,0,128,256,1,1,8192,1,1
"KERNEL_DISPATCH","Agent 2",1,0,220354,3855,6,"__amd_rocclr_fillBufferUnAligned",3855,9376556515191,9376556517391,0,0,8,0,128,256,1,1,8192,1,1
"KERNEL_DISPATCH","Agent 2",1,0,220354,3860,6,"__amd_rocclr_fillBufferUnAligned",3860,9376556543111,9376556545191,0,0,8,0,128,256,1,1,8192,1,1
"KERNEL_DISPATCH","Agent 2",1,0,220354,3865,6,"__amd_rocclr_fillBufferUnAligned",3865,9376556570511,9376556571991,0,0,8,0,128,256,1,1,8192,1,1
"KERNEL_DISPATCH","Agent 2",1,0,220354,3870,6,"__amd_rocclr_fillBufferUnAligned",3870,9376556595312,9376556596872,0,0,8,0,128,256,1,1,8192,1,1
"KERNEL_DISPATCH","Agent 2",1,0,220354,3875,6,"__amd_rocclr_fillBufferUnAligned",3875,9376556622112,9376556624592,0,0,8,0,128,256,1,1,8192,1,1
"KERNEL_DISPATCH","Agent 2",1,0,220354,3880,6,"__amd_rocclr_fillBufferUnAligned",3880,9376556651272,9376556653193,0,0,8,0,128,256,1,1,8192,1,1
"KERNEL_DISPATCH","Agent 2",1,0,220354,3885,6,"__amd_rocclr_fillBufferUnAligned",3885,9376556679113,9376556681553,0,0,8,0,128,256,1,1,8192,1,1
"KERNEL_DISPATCH","Agent 2",1,0,220354,3890,6,"__amd_rocclr_fillBufferUnAligned",3890,9376556707713,9376556710113,0,0,8,0,128,256,1,1,8192,1,1
"KERNEL_DISPATCH","Agent 2",1,0,220354,3895,6,"__amd_rocclr_fillBufferUnAligned",3895,9376556736034,9376556738634,0,0,8,0,128,256,1,1,8192,1,1
"KERNEL_DISPATCH","Agent 2",1,0,220354,3900,6,"__amd_rocclr_fillBufferUnAligned",3900,9376556764274,9376556766674,0,0,8,0,128,256,1,1,8192,1,1
"KERNEL_DISPATCH","Agent 2",1,0,220354,3905,6,"__amd_rocclr_fillBufferUnAligned",3905,9376556792234,9376556794474,0,0,8,0,128,256,1,1,8192,1,1
"KERNEL_DISPATCH","Agent 2",1,0,220354,3910,6,"__amd_rocclr_fillBufferUnAligned",3910,9376556821555,9376556823995,0,0,8,0,128,256,1,1,8192,1,1
"KERNEL_DISPATCH","Agent 2",1,0,220354,3915,6,"__amd_rocclr_fillBufferUnAligned",3915,9376556847555,9376556848995,0,0,8,0,128,256,1,1,1536,1,1
"KERNEL_DISPATCH","Agent 2",1,0,220354,3920,6,"__amd_rocclr_fillBufferUnAligned",3920,9376556871515,9376556872995,0,0,8,0,128,256,1,1,1536,1,1
"KERNEL_DISPATCH","Agent 2",1,0,220354,3925,6,"__amd_rocclr_fillBufferUnAligned",3925,9376556895836,9376556897516,0,0,8,0,128,256,1,1,1536,1,1
"KERNEL_DISPATCH","Agent 2",1,0,220354,3930,6,"__amd_rocclr_fillBufferUnAligned",3930,9376556920236,9376556921676,0,0,8,0,128,256,1,1,1536,1,1
"KERNEL_DISPATCH","Agent 2",1,0,220354,3935,6,"__amd_rocclr_fillBufferUnAligned",3935,9376556944476,9376556945916,0,0,8,0,128,256,1,1,1536,1,1
"KERNEL_DISPATCH","Agent 2",1,0,220354,3940,6,"__amd_rocclr_fillBufferUnAligned",3940,9376556968956,9376556970437,0,0,8,0,128,256,1,1,1536,1,1
"KERNEL_DISPATCH","Agent 2",1,0,220354,3945,6,"__amd_rocclr_fillBufferUnAligned",3945,9376556993117,9376556994597,0,0,8,0,128,256,1,1,1536,1,1
"KERNEL_DISPATCH","Agent 2",1,0,220354,3950,6,"__amd_rocclr_fillBufferUnAligned",3950,9376557017277,9376557018597,0,0,8,0,128,256,1,1,1536,1,1
"KERNEL_DISPATCH","Agent 2",1,0,220354,3955,6,"__amd_rocclr_fillBufferUnAligned",3955,9376557041197,9376557042557,0,0,8,0,128,256,1,1,1536,1,1
"KERNEL_DISPATCH","Agent 2",1,0,220354,3960,6,"__amd_rocclr_fillBufferUnAligned",3960,9376557065278,9376557066718,0,0,8,0,128,256,1,1,7680,1,1
"KERNEL_DISPATCH","Agent 2",1,0,220354,3965,6,"__amd_rocclr_fillBufferUnAligned",3965,9376557089158,9376557090318,0,0,8,0,128,256,1,1,7680,1,1
"KERNEL_DISPATCH","Agent 2",1,0,220354,3970,6,"__amd_rocclr_fillBufferUnAligned",3970,9376557112518,9376557113758,0,0,8,0,128,256,1,1,7680,1,1
"KERNEL_DISPATCH","Agent 2",1,0,220354,3975,6,"__amd_rocclr_fillBufferUnAligned",3975,9376557135799,9376557137039,0,0,8,0,128,256,1,1,7680,1,1
"KERNEL_DISPATCH","Agent 2",1,0,220354,3980,6,"__amd_rocclr_fillBufferUnAligned",3980,9376557158959,9376557160159,0,0,8,0,128,256,1,1,7680,1,1
"KERNEL_DISPATCH","Agent 2",1,0,220354,3985,6,"__amd_rocclr_fillBufferUnAligned",3985,9376557182199,9376557183359,0,0,8,0,128,256,1,1,7680,1,1
"KERNEL_DISPATCH","Agent 2",1,0,220354,3735,6,"__amd_rocclr_fillBufferUnAligned",3735,9376555892783,9376555894143,0,0,8,0,128,256,1,1,1536,1,1
"KERNEL_DISPATCH","Agent 2",1,0,220354,3990,6,"__amd_rocclr_fillBufferUnAligned",3990,9376557205479,9376557206759,0,0,8,0,128,256,1,1,7680,1,1
"KERNEL_DISPATCH","Agent 2",1,0,220354,3995,6,"__amd_rocclr_fillBufferUnAligned",3995,9376557228680,9376557230000,0,0,8,0,128,256,1,1,7680,1,1
"KERNEL_DISPATCH","Agent 2",1,0,220354,4000,6,"__amd_rocclr_fillBufferUnAligned",4000,9376557252080,9376557253480,0,0,8,0,128,256,1,1,7680,1,1
"KERNEL_DISPATCH","Agent 2",1,0,220354,4005,6,"__amd_rocclr_fillBufferUnAligned",4005,9376557275440,9376557276720,0,0,8,0,128,256,1,1,7680,1,1
"KERNEL_DISPATCH","Agent 2",1,0,220354,4010,6,"__amd_rocclr_fillBufferUnAligned",4010,9376557300681,9376557302841,0,0,8,0,128,256,1,1,8192,1,1
"KERNEL_DISPATCH","Agent 2",1,0,220354,4015,6,"__amd_rocclr_fillBufferUnAligned",4015,9376557328681,9376557330881,0,0,8,0,128,256,1,1,8192,1,1
"KERNEL_DISPATCH","Agent 2",1,0,220354,4020,6,"__amd_rocclr_fillBufferUnAligned",4020,9376557356801,9376557358921,0,0,8,0,128,256,1,1,8192,1,1
"KERNEL_DISPATCH","Agent 2",1,0,220354,4025,6,"__amd_rocclr_fillBufferUnAligned",4025,9376557384602,9376557386802,0,0,8,0,128,256,1,1,8192,1,1
"KERNEL_DISPATCH","Agent 2",1,0,220354,3790,6,"__amd_rocclr_fillBufferUnAligned",3790,9376556159866,9376556161146,0,0,8,0,128,256,1,1,7680,1,1
"KERNEL_DISPATCH","Agent 2",1,0,220354,4035,6,"__amd_rocclr_fillBufferUnAligned",4035,9376557440882,9376557443082,0,0,8,0,128,256,1,1,8192,1,1
"KERNEL_DISPATCH","Agent 2",1,0,220354,4040,6,"__amd_rocclr_fillBufferUnAligned",4040,9376557469003,9376557471163,0,0,8,0,128,256,1,1,8192,1,1
"KERNEL_DISPATCH","Agent 2",1,0,220354,4045,6,"__amd_rocclr_fillBufferUnAligned",4045,9376557497163,9376557499323,0,0,8,0,128,256,1,1,8192,1,1
"KERNEL_DISPATCH","Agent 2",1,0,220354,4050,6,"__amd_rocclr_fillBufferUnAligned",4050,9376557525044,9376557527244,0,0,8,0,128,256,1,1,8192,1,1
"KERNEL_DISPATCH","Agent 2",1,0,220354,4055,6,"__amd_rocclr_fillBufferUnAligned",4055,9376557553564,9376557555724,0,0,8,0,128,256,1,1,8192,1,1
"KERNEL_DISPATCH","Agent 2",1,0,220354,4060,24,"gemm_mq4g256v2_residual_mmq_iu4_full_set_symfold",4060,9376564504241,9376564561762,0,0,184,0,128,256,1,1,256,64,1
"KERNEL_DISPATCH","Agent 2",1,0,220354,4070,22,"gdn_chunk_scan",4070,9376565906459,9376565996540,60928,0,192,0,128,512,1,1,512,48,1
"KERNEL_DISPATCH","Agent 2",1,0,220354,4075,21,"gdn_chunk_kkt_solve",4075,9376566234663,9376566255383,11776,0,104,0,128,128,1,1,1024,16,1
"KERNEL_DISPATCH","Agent 2",1,0,220354,4080,22,"gdn_chunk_scan",4080,9376566493226,9376566582468,60928,0,192,0,128,512,1,1,512,48,1
"KERNEL_DISPATCH","Agent 2",1,0,220354,4085,21,"gdn_chunk_kkt_solve",4085,9376566820591,9376566841351,11776,0,104,0,128,128,1,1,1024,16,1
"KERNEL_DISPATCH","Agent 2",1,0,220354,4090,22,"gdn_chunk_scan",4090,9376567078554,9376567167995,60928,0,192,0,128,512,1,1,512,48,1
"KERNEL_DISPATCH","Agent 2",1,0,220354,4095,28,"gated_norm_mq_rotate_awq_i4_gfx12",4095,9376567406278,9376568332810,1024,0,40,0,128,64,1,1,1536,8192,1
"KERNEL_DISPATCH","Agent 2",1,0,220354,4100,29,"fused_silu_mul_mq_rotate_awq_i4_gfx12",4100,9376582269905,9376584394372,0,0,56,0,128,32,1,1,2176,8192,1
"KERNEL_DISPATCH","Agent 2",1,0,220354,4105,24,"gemm_mq4g256v2_residual_mmq_iu4_full_set_symfold",4105,9376596263802,9376596324842,0,0,184,0,128,256,1,1,256,64,1
"KERNEL_DISPATCH","Agent 2",1,0,220354,4110,21,"gdn_chunk_kkt_solve",4110,9376597432616,9376597455337,11776,0,104,0,128,128,1,1,1024,16,1
"KERNEL_DISPATCH","Agent 2",1,0,220354,4115,22,"gdn_chunk_scan",4115,9376597715020,9376597813701,60928,0,192,0,128,512,1,1,512,48,1
"KERNEL_DISPATCH","Agent 2",1,0,220354,4120,21,"gdn_chunk_kkt_solve",4120,9376598074904,9376598097505,11776,0,104,0,128,128,1,1,1024,16,1
"KERNEL_DISPATCH","Agent 2",1,0,220354,4125,22,"gdn_chunk_scan",4125,9376598356668,9376598455669,60928,0,192,0,128,512,1,1,512,48,1
"KERNEL_DISPATCH","Agent 2",1,0,220354,4130,21,"gdn_chunk_kkt_solve",4130,9376598716032,9376598738913,11776,0,104,0,128,128,1,1,1024,16,1
"KERNEL_DISPATCH","Agent 2",1,0,220354,4135,22,"gdn_chunk_scan",4135,9376598998596,9376599096317,60928,0,192,0,128,512,1,1,512,48,1
"KERNEL_DISPATCH","Agent 2",1,0,220354,4140,28,"gated_norm_mq_rotate_awq_i4_gfx12",4140,9376599354761,9376600346053,1024,0,40,0,128,64,1,1,1536,8192,1
"KERNEL_DISPATCH","Agent 2",1,0,220354,4145,29,"fused_silu_mul_mq_rotate_awq_i4_gfx12",4145,9376614861236,9376616969942,0,0,56,0,128,32,1,1,2176,8192,1
"KERNEL_DISPATCH","Agent 2",1,0,220354,4150,24,"gemm_mq4g256v2_residual_mmq_iu4_full_set_symfold",4150,9376629183376,9376629244417,0,0,184,0,128,256,1,1,256,64,1
"KERNEL_DISPATCH","Agent 2",1,0,220354,4155,21,"gdn_chunk_kkt_solve",4155,9376630350551,9376630373391,11776,0,104,0,128,128,1,1,1024,16,1
"KERNEL_DISPATCH","Agent 2",1,0,220354,4160,22,"gdn_chunk_scan",4160,9376630635235,9376630734356,60928,0,192,0,128,512,1,1,512,48,1
"KERNEL_DISPATCH","Agent 2",1,0,220354,4165,21,"gdn_chunk_kkt_solve",4165,9376630997279,9376631020039,11776,0,104,0,128,128,1,1,1024,16,1
"KERNEL_DISPATCH","Agent 2",1,0,220354,4170,22,"gdn_chunk_scan",4170,9376631279763,9376631378924,60928,0,192,0,128,512,1,1,512,48,1
"KERNEL_DISPATCH","Agent 2",1,0,220354,4175,21,"gdn_chunk_kkt_solve",4175,9376631639087,9376631661968,11776,0,104,0,128,128,1,1,1024,16,1
"KERNEL_DISPATCH","Agent 2",1,0,220354,4180,22,"gdn_chunk_scan",4180,9376631922731,9376632021652,60928,0,192,0,128,512,1,1,512,48,1
"KERNEL_DISPATCH","Agent 2",1,0,220354,4185,28,"gated_norm_mq_rotate_awq_i4_gfx12",4185,9376632278935,9376633264428,1024,0,40,0,128,64,1,1,1536,8192,1
"KERNEL_DISPATCH","Agent 2",1,0,220354,4190,29,"fused_silu_mul_mq_rotate_awq_i4_gfx12",4190,9376647644809,9376649755876,0,0,56,0,128,32,1,1,2176,8192,1
"KERNEL_DISPATCH","Agent 2",1,0,220354,4195,24,"gemm_mq4g256v2_residual_mmq_iu4_full_set_symfold",4195,9376660868376,9376661221460,0,0,184,0,128,256,1,1,2048,64,1
"KERNEL_DISPATCH","Agent 2",1,0,220354,4200,35,"kv_cache_write_fp8_e4m3_batched",4200,9376663312206,9376663401727,0,0,56,0,128,32,1,1,128,8192,1
"KERNEL_DISPATCH","Agent 2",1,0,220354,4205,24,"gemm_mq4g256v2_residual_mmq_iu4_full_set_symfold",4205,9376679093605,9376684748556,0,0,184,0,128,256,1,1,34816,64,1
"KERNEL_DISPATCH","Agent 2",1,0,220354,4215,21,"gdn_chunk_kkt_solve",4215,9376705546138,9376705568979,11776,0,104,0,128,128,1,1,1024,16,1
"KERNEL_DISPATCH","Agent 2",1,0,220354,4220,22,"gdn_chunk_scan",4220,9376705833542,9376705932823,60928,0,192,0,128,512,1,1,512,48,1
"KERNEL_DISPATCH","Agent 2",1,0,220354,4225,21,"gdn_chunk_kkt_solve",4225,9376706195187,9376706217667,11776,0,104,0,128,128,1,1,1024,16,1
"KERNEL_DISPATCH","Agent 2",1,0,220354,4230,22,"gdn_chunk_scan",4230,9376706479390,9376706577871,60928,0,192,0,128,512,1,1,512,48,1
"KERNEL_DISPATCH","Agent 2",1,0,220354,4235,21,"gdn_chunk_kkt_solve",4235,9376706839515,9376706862195,11776,0,104,0,128,128,1,1,1024,16,1
"KERNEL_DISPATCH","Agent 2",1,0,220354,4240,22,"gdn_chunk_scan",4240,9376707123638,9376707221800,60928,0,192,0,128,512,1,1,512,48,1
"KERNEL_DISPATCH","Agent 2",1,0,220354,4245,21,"gdn_chunk_kkt_solve",4245,9376707481283,9376707503923,11776,0,104,0,128,128,1,1,1024,16,1
"KERNEL_DISPATCH","Agent 2",1,0,220354,4250,24,"gemm_mq4g256v2_residual_mmq_iu4_full_set_symfold",4250,9376711264410,9376717131924,0,0,184,0,128,256,1,1,34816,64,1
"KERNEL_DISPATCH","Agent 2",1,0,220354,4255,24,"gemm_mq4g256v2_residual_mmq_iu4_full_set_symfold",4255,9376731829310,9376735319594,0,0,184,0,128,256,1,1,20480,64,1
"KERNEL_DISPATCH","Agent 2",1,0,220354,4260,21,"gdn_chunk_kkt_solve",4260,9376738454913,9376738477873,11776,0,104,0,128,128,1,1,1024,16,1
"KERNEL_DISPATCH","Agent 2",1,0,220354,4265,22,"gdn_chunk_scan",4265,9376738744597,9376738844958,60928,0,192,0,128,512,1,1,512,48,1
"KERNEL_DISPATCH","Agent 2",1,0,220354,2122,22,"gdn_chunk_scan",2122,9375466078322,9375466177043,60928,0,192,0,128,512,1,1,512,48,1
"KERNEL_DISPATCH","Agent 2",1,0,220354,4270,21,"gdn_chunk_kkt_solve",4270,9376739107921,9376739130482,11776,0,104,0,128,128,1,1,1024,16,1
"KERNEL_DISPATCH","Agent 2",1,0,220354,4275,22,"gdn_chunk_scan",4275,9376739391485,9376739490446,60928,0,192,0,128,512,1,1,512,48,1
"KERNEL_DISPATCH","Agent 2",1,0,220354,4280,21,"gdn_chunk_kkt_solve",4280,9376739751529,9376739773970,11776,0,104,0,128,128,1,1,1024,16,1
"KERNEL_DISPATCH","Agent 2",1,0,220354,4285,22,"gdn_chunk_scan",4285,9376740035693,9376740133894,60928,0,192,0,128,512,1,1,512,48,1
"KERNEL_DISPATCH","Agent 2",1,0,220354,4290,21,"gdn_chunk_kkt_solve",4290,9376740398618,9376740421138,11776,0,104,0,128,128,1,1,1024,16,1
"KERNEL_DISPATCH","Agent 2",1,0,220354,4295,24,"gemm_mq4g256v2_residual_mmq_iu4_full_set_symfold",4295,9376744225826,9376750135300,0,0,184,0,128,256,1,1,34816,64,1
"KERNEL_DISPATCH","Agent 2",1,0,220354,4300,24,"gemm_mq4g256v2_residual_mmq_iu4_full_set_symfold",4300,9376764638723,9376768106647,0,0,184,0,128,256,1,1,20480,64,1
"KERNEL_DISPATCH","Agent 2",1,0,220354,4305,21,"gdn_chunk_kkt_solve",4305,9376771244206,9376771267166,11776,0,104,0,128,128,1,1,1024,16,1
"KERNEL_DISPATCH","Agent 2",1,0,220354,4310,22,"gdn_chunk_scan",4310,9376771533370,9376771633051,60928,0,192,0,128,512,1,1,512,48,1
"KERNEL_DISPATCH","Agent 2",1,0,220354,4315,21,"gdn_chunk_kkt_solve",4315,9376771897414,9376771920135,11776,0,104,0,128,128,1,1,1024,16,1
"KERNEL_DISPATCH","Agent 2",1,0,220354,4320,22,"gdn_chunk_scan",4320,9376772183258,9376772282139,60928,0,192,0,128,512,1,1,512,48,1
"KERNEL_DISPATCH","Agent 2",1,0,220354,4325,21,"gdn_chunk_kkt_solve",4325,9376772544463,9376772567223,11776,0,104,0,128,128,1,1,1024,16,1
"KERNEL_DISPATCH","Agent 2",1,0,220354,4330,22,"gdn_chunk_scan",4330,9376772828946,9376772928467,60928,0,192,0,128,512,1,1,512,48,1
"KERNEL_DISPATCH","Agent 2",1,0,220354,4335,21,"gdn_chunk_kkt_solve",4335,9376773187991,9376773210711,11776,0,104,0,128,128,1,1,1024,16,1
"KERNEL_DISPATCH","Agent 2",1,0,220354,4340,24,"gemm_mq4g256v2_residual_mmq_iu4_full_set_symfold",4340,9376776984759,9376782829112,0,0,184,0,128,256,1,1,34816,64,1
"KERNEL_DISPATCH","Agent 2",1,0,220354,4345,24,"gemm_mq4g256v2_residual_mmq_iu4_full_set_symfold",4345,9376797240534,9376801396106,0,0,184,0,128,256,1,1,24576,64,1
"KERNEL_DISPATCH","Agent 2",1,0,220354,4350,33,"rope_partial_halfsplit_batched_f32",4350,9376803770456,9376804135221,0,0,16,0,128,32,1,1,32,8192,1
"KERNEL_DISPATCH","Agent 2",1,0,220354,4355,25,"gemm_mq4g256v2_residual_mmq_iu4_full_add_symfold",4355,9376817496509,9376819527655,0,0,184,0,128,256,1,1,10240,64,1
"KERNEL_DISPATCH","Agent 2",1,0,220354,4360,25,"gemm_mq4g256v2_residual_mmq_iu4_full_add_symfold",4360,9376833432590,9376839371105,0,0,184,0,128,256,1,1,10240,64,1
"KERNEL_DISPATCH","Agent 2",1,0,220354,4365,24,"gemm_mq4g256v2_residual_mmq_iu4_full_set_symfold",4365,9376845463221,9376845522022,0,0,184,0,128,256,1,1,256,64,1
"KERNEL_DISPATCH","Agent 2",1,0,220354,4370,22,"gdn_chunk_scan",4370,9376846589875,9376846688477,60928,0,192,0,128,512,1,1,512,48,1
"KERNEL_DISPATCH","Agent 2",1,0,220354,4375,21,"gdn_chunk_kkt_solve",4375,9376846950000,9376846972560,11776,0,104,0,128,128,1,1,1024,16,1
"KERNEL_DISPATCH","Agent 2",1,0,220354,4380,22,"gdn_chunk_scan",4380,9376847240084,9376847338525,60928,0,192,0,128,512,1,1,512,48,1
"KERNEL_DISPATCH","Agent 2",1,0,220354,4385,21,"gdn_chunk_kkt_solve",4385,9376847599408,9376847622288,11776,0,104,0,128,128,1,1,1024,16,1
"KERNEL_DISPATCH","Agent 2",1,0,220354,4390,22,"gdn_chunk_scan",4390,9376847882892,9376847981573,60928,0,192,0,128,512,1,1,512,48,1
"KERNEL_DISPATCH","Agent 2",1,0,220354,4395,21,"gdn_chunk_kkt_solve",4395,9376848239256,9376848261857,11776,0,104,0,128,128,1,1,1024,16,1
"KERNEL_DISPATCH","Agent 2",1,0,220354,4400,25,"gemm_mq4g256v2_residual_mmq_iu4_full_add_symfold",4400,9376849501672,9376851717420,0,0,184,0,128,256,1,1,10240,64,1
"KERNEL_DISPATCH","Agent 2",1,0,220354,4405,25,"gemm_mq4g256v2_residual_mmq_iu4_full_add_symfold",4405,9376866160842,9376872246919,0,0,184,0,128,256,1,1,10240,64,1
"KERNEL_DISPATCH","Agent 2",1,0,220354,4410,24,"gemm_mq4g256v2_residual_mmq_iu4_full_set_symfold",4410,9376878379876,9376878438597,0,0,184,0,128,256,1,1,256,64,1
"KERNEL_DISPATCH","Agent 2",1,0,220354,4415,22,"gdn_chunk_scan",4415,9376879507010,9376879606251,60928,0,192,0,128,512,1,1,512,48,1
"KERNEL_DISPATCH","Agent 2",1,0,220354,4420,21,"gdn_chunk_kkt_solve",4420,9376879867495,9376879890495,11776,0,104,0,128,128,1,1,1024,16,1
"KERNEL_DISPATCH","Agent 2",1,0,220354,4425,22,"gdn_chunk_scan",4425,9376880151778,9376880250740,60928,0,192,0,128,512,1,1,512,48,1
"KERNEL_DISPATCH","Agent 2",1,0,220354,4430,21,"gdn_chunk_kkt_solve",4430,9376880511863,9376880534703,11776,0,104,0,128,128,1,1,1024,16,1
"KERNEL_DISPATCH","Agent 2",1,0,220354,4435,22,"gdn_chunk_scan",4435,9376880796226,9376880895308,60928,0,192,0,128,512,1,1,512,48,1
"KERNEL_DISPATCH","Agent 2",1,0,220354,4440,21,"gdn_chunk_kkt_solve",4440,9376881155511,9376881177991,11776,0,104,0,128,128,1,1,1024,16,1
"KERNEL_DISPATCH","Agent 2",1,0,220354,4445,25,"gemm_mq4g256v2_residual_mmq_iu4_full_add_symfold",4445,9376882409687,9376884587354,0,0,184,0,128,256,1,1,10240,64,1
"KERNEL_DISPATCH","Agent 2",1,0,220354,4450,25,"gemm_mq4g256v2_residual_mmq_iu4_full_add_symfold",4450,9376898890094,9376904962611,0,0,184,0,128,256,1,1,10240,64,1
"KERNEL_DISPATCH","Agent 2",1,0,220354,4455,24,"gemm_mq4g256v2_residual_mmq_iu4_full_set_symfold",4455,9376911107128,9376911166329,0,0,184,0,128,256,1,1,256,64,1
"KERNEL_DISPATCH","Agent 2",1,0,220354,4460,22,"gdn_chunk_scan",4460,9376912236983,9376912336064,60928,0,192,0,128,512,1,1,512,48,1
"KERNEL_DISPATCH","Agent 2",1,0,220354,4465,21,"gdn_chunk_kkt_solve",4465,9376912598427,9376912621387,11776,0,104,0,128,128,1,1,1024,16,1
"KERNEL_DISPATCH","Agent 2",1,0,220354,4470,22,"gdn_chunk_scan",4470,9376912883791,9376912983192,60928,0,192,0,128,512,1,1,512,48,1
"KERNEL_DISPATCH","Agent 2",1,0,220354,4475,21,"gdn_chunk_kkt_solve",4475,9376913244195,9376913266756,11776,0,104,0,128,128,1,1,1024,16,1
"KERNEL_DISPATCH","Agent 2",1,0,220354,4480,22,"gdn_chunk_scan",4480,9376913527479,9376913626280,60928,0,192,0,128,512,1,1,512,48,1
"KERNEL_DISPATCH","Agent 2",1,0,220354,4485,21,"gdn_chunk_kkt_solve",4485,9376913886163,9376913908724,11776,0,104,0,128,128,1,1,1024,16,1
"KERNEL_DISPATCH","Agent 2",1,0,220354,4490,25,"gemm_mq4g256v2_residual_mmq_iu4_full_add_symfold",4490,9376915141619,9376917319007,0,0,184,0,128,256,1,1,10240,64,1
"KERNEL_DISPATCH","Agent 2",1,0,220354,4495,25,"gemm_mq4g256v2_residual_mmq_iu4_full_add_symfold",4495,9376931612947,9376937647063,0,0,184,0,128,256,1,1,10240,64,1
"KERNEL_DISPATCH","Agent 2",1,0,220354,4500,30,"deinterleave_q_rmsnorm_f32_batched",4500,9376943043331,9376944447428,0,0,24,0,128,256,1,1,6144,8192,1
"KERNEL_DISPATCH","Agent 2",1,0,220354,4505,43,"attention_fp8_e4m3_fa2_gqa_packet_gfx1201",4505,9376945221438,9376957759556,0,0,240,0,128,256,1,1,6144,4,16
"KERNEL_DISPATCH","Agent 2",1,0,220354,4510,24,"gemm_mq4g256v2_residual_mmq_iu4_full_set_symfold",4510,9376966619988,9376972289779,0,0,184,0,128,256,1,1,34816,64,1
"KERNEL_DISPATCH","Agent 2",1,0,220354,4515,24,"gemm_mq4g256v2_residual_mmq_iu4_full_set_symfold",4515,9376984280130,9376986352396,0,0,184,0,128,256,1,1,12288,64,1
"KERNEL_DISPATCH","Agent 2",1,0,220354,4520,22,"gdn_chunk_scan",4520,9376987421770,9376987523491,60928,0,192,0,128,512,1,1,512,48,1
"KERNEL_DISPATCH","Agent 2",1,0,220354,4525,21,"gdn_chunk_kkt_solve",4525,9376987784254,9376987807615,11776,0,104,0,128,128,1,1,1024,16,1
"KERNEL_DISPATCH","Agent 2",1,0,220354,4530,22,"gdn_chunk_scan",4530,9376988068898,9376988167659,60928,0,192,0,128,512,1,1,512,48,1
"KERNEL_DISPATCH","Agent 2",1,0,220354,4535,21,"gdn_chunk_kkt_solve",4535,9376988427102,9376988449383,11776,0,104,0,128,128,1,1,1024,16,1
"KERNEL_DISPATCH","Agent 2",1,0,220354,4540,22,"gdn_chunk_scan",4540,9376988708986,9376988807467,60928,0,192,0,128,512,1,1,512,48,1
"KERNEL_DISPATCH","Agent 2",1,0,220354,4545,21,"gdn_chunk_kkt_solve",4545,9376989067431,9376989089631,11776,0,104,0,128,128,1,1,1024,16,1
"KERNEL_DISPATCH","Agent 2",1,0,220354,4550,22,"gdn_chunk_scan",4550,9376989345754,9376989443475,60928,0,192,0,128,512,1,1,512,48,1
"KERNEL_DISPATCH","Agent 2",1,0,220354,4555,24,"gemm_mq4g256v2_residual_mmq_iu4_full_set_symfold",4555,9376998994556,9377004800309,0,0,184,0,128,256,1,1,34816,64,1
"KERNEL_DISPATCH","Agent 2",1,0,220354,4560,24,"gemm_mq4g256v2_residual_mmq_iu4_full_set_symfold",4560,9377016957742,9377019036328,0,0,184,0,128,256,1,1,12288,64,1
"KERNEL_DISPATCH","Agent 2",1,0,220354,4565,22,"gdn_chunk_scan",4565,9377020108622,9377020210983,60928,0,192,0,128,512,1,1,512,48,1
"KERNEL_DISPATCH","Agent 2",1,0,220354,4570,21,"gdn_chunk_kkt_solve",4570,9377020472266,9377020494987,11776,0,104,0,128,128,1,1,1024,16,1
"KERNEL_DISPATCH","Agent 2",1,0,220354,4575,22,"gdn_chunk_scan",4575,9377020757230,9377020857151,60928,0,192,0,128,512,1,1,512,48,1
"KERNEL_DISPATCH","Agent 2",1,0,220354,4580,21,"gdn_chunk_kkt_solve",4580,9377021118834,9377021141795,11776,0,104,0,128,128,1,1,1024,16,1
"KERNEL_DISPATCH","Agent 2",1,0,220354,4585,22,"gdn_chunk_scan",4585,9377021401598,9377021500599,60928,0,192,0,128,512,1,1,512,48,1
"KERNEL_DISPATCH","Agent 2",1,0,220354,4590,21,"gdn_chunk_kkt_solve",4590,9377021760722,9377021783083,11776,0,104,0,128,128,1,1,1024,16,1
"KERNEL_DISPATCH","Agent 2",1,0,220354,4600,24,"gemm_mq4g256v2_residual_mmq_iu4_full_set_symfold",4600,9377031759648,9377037605562,0,0,184,0,128,256,1,1,34816,64,1
"KERNEL_DISPATCH","Agent 2",1,0,220354,4605,24,"gemm_mq4g256v2_residual_mmq_iu4_full_set_symfold",4605,9377049717835,9377051825541,0,0,184,0,128,256,1,1,12288,64,1
"KERNEL_DISPATCH","Agent 2",1,0,220354,4615,21,"gdn_chunk_kkt_solve",4615,9377053266919,9377053290040,11776,0,104,0,128,128,1,1,1024,16,1
"KERNEL_DISPATCH","Agent 2",1,0,220354,4620,22,"gdn_chunk_scan",4620,9377053553203,9377053653524,60928,0,192,0,128,512,1,1,512,48,1
"KERNEL_DISPATCH","Agent 2",1,0,220354,4625,21,"gdn_chunk_kkt_solve",4625,9377053917328,9377053940048,11776,0,104,0,128,128,1,1,1024,16,1
"KERNEL_DISPATCH","Agent 2",1,0,220354,4630,22,"gdn_chunk_scan",4630,9377054202371,9377054301412,60928,0,192,0,128,512,1,1,512,48,1
"KERNEL_DISPATCH","Agent 2",1,0,220354,4635,21,"gdn_chunk_kkt_solve",4635,9377054562696,9377054585456,11776,0,104,0,128,128,1,1,1024,16,1
"KERNEL_DISPATCH","Agent 2",1,0,220354,4640,22,"gdn_chunk_scan",4640,9377054846659,9377054945781,60928,0,192,0,128,512,1,1,512,48,1
"KERNEL_DISPATCH","Agent 2",1,0,220354,4645,24,"gemm_mq4g256v2_residual_mmq_iu4_full_set_symfold",4645,9377064466061,9377070325174,0,0,184,0,128,256,1,1,34816,64,1
"KERNEL_DISPATCH","Agent 2",1,0,220354,4650,24,"gemm_mq4g256v2_residual_mmq_iu4_full_set_symfold",4650,9377083202097,9377083553101,0,0,184,0,128,256,1,1,2048,64,1
"KERNEL_DISPATCH","Agent 2",1,0,220354,4655,35,"kv_cache_write_fp8_e4m3_batched",4655,9377085921731,9377085987612,0,0,56,0,128,32,1,1,128,8192,1
"KERNEL_DISPATCH","Agent 2",1,0,220354,4660,23,"fused_rmsnorm_mq_rotate_awq_i4_gfx12",4660,9377101268044,9377101705770,0,0,96,0,128,256,1,1,2097152,1,1
"KERNEL_DISPATCH","Agent 2",1,0,220354,4665,23,"fused_rmsnorm_mq_rotate_awq_i4_gfx12",4665,9377121077894,9377121544020,0,0,96,0,128,256,1,1,2097152,1,1
"KERNEL_DISPATCH","Agent 2",1,0,220354,4670,20,"gdn_chunk_prep",4670,9377127222211,9377128124503,0,0,72,0,128,256,1,1,32768,10,1
"KERNEL_DISPATCH","Agent 2",1,0,220354,4675,21,"gdn_chunk_kkt_solve",4675,9377128388306,9377128410746,11776,0,104,0,128,128,1,1,1024,16,1
"KERNEL_DISPATCH","Agent 2",1,0,220354,4680,22,"gdn_chunk_scan",4680,9377128671589,9377128771031,60928,0,192,0,128,512,1,1,512,48,1
"KERNEL_DISPATCH","Agent 2",1,0,220354,4685,21,"gdn_chunk_kkt_solve",4685,9377129031194,9377129053994,11776,0,104,0,128,128,1,1,1024,16,1
"KERNEL_DISPATCH","Agent 2",1,0,220354,4690,22,"gdn_chunk_scan",4690,9377129311598,9377129410239,60928,0,192,0,128,512,1,1,512,48,1
"KERNEL_DISPATCH","Agent 2",1,0,220354,4695,21,"gdn_chunk_kkt_solve",4695,9377129669482,9377129692162,11776,0,104,0,128,128,1,1,1024,16,1
"KERNEL_DISPATCH","Agent 2",1,0,220354,4700,22,"gdn_chunk_scan",4700,9377129950806,9377130049447,60928,0,192,0,128,512,1,1,512,48,1
"KERNEL_DISPATCH","Agent 2",1,0,220354,4705,23,"fused_rmsnorm_mq_rotate_awq_i4_gfx12",4705,9377133413289,9377133882535,0,0,96,0,128,256,1,1,2097152,1,1
"KERNEL_DISPATCH","Agent 2",1,0,220354,4715,20,"gdn_chunk_prep",4715,9377160002824,9377160902836,0,0,72,0,128,256,1,1,32768,10,1
"KERNEL_DISPATCH","Agent 2",1,0,220354,4720,21,"gdn_chunk_kkt_solve",4720,9377161170639,9377161193879,11776,0,104,0,128,128,1,1,1024,16,1
"KERNEL_DISPATCH","Agent 2",1,0,220354,4725,22,"gdn_chunk_scan",4725,9377161457043,9377161557324,60928,0,192,0,128,512,1,1,512,48,1
"KERNEL_DISPATCH","Agent 2",1,0,220354,4730,21,"gdn_chunk_kkt_solve",4730,9377161821887,9377161845087,11776,0,104,0,128,128,1,1,1024,16,1
"KERNEL_DISPATCH","Agent 2",1,0,220354,4735,22,"gdn_chunk_scan",4735,9377162108731,9377162208132,60928,0,192,0,128,512,1,1,512,48,1
"KERNEL_DISPATCH","Agent 2",1,0,220354,4740,21,"gdn_chunk_kkt_solve",4740,9377162468735,9377162491776,11776,0,104,0,128,128,1,1,1024,16,1
"KERNEL_DISPATCH","Agent 2",1,0,220354,4745,22,"gdn_chunk_scan",4745,9377162752979,9377162852700,60928,0,192,0,128,512,1,1,512,48,1
"KERNEL_DISPATCH","Agent 2",1,0,220354,4750,23,"fused_rmsnorm_mq_rotate_awq_i4_gfx12",4750,9377166179382,9377166642428,0,0,96,0,128,256,1,1,2097152,1,1
"KERNEL_DISPATCH","Agent 2",1,0,220354,4755,23,"fused_rmsnorm_mq_rotate_awq_i4_gfx12",4755,9377186606039,9377187077325,0,0,96,0,128,256,1,1,2097152,1,1
"KERNEL_DISPATCH","Agent 2",1,0,220354,4760,20,"gdn_chunk_prep",4760,9377192817718,9377193717289,0,0,72,0,128,256,1,1,32768,10,1
"KERNEL_DISPATCH","Agent 2",1,0,220354,4765,21,"gdn_chunk_kkt_solve",4765,9377193984332,9377194007253,11776,0,104,0,128,128,1,1,1024,16,1
"KERNEL_DISPATCH","Agent 2",1,0,220354,4770,22,"gdn_chunk_scan",4770,9377194269216,9377194368297,60928,0,192,0,128,512,1,1,512,48,1
"KERNEL_DISPATCH","Agent 2",1,0,220354,4775,21,"gdn_chunk_kkt_solve",4775,9377194629180,9377194652221,11776,0,104,0,128,128,1,1,1024,16,1
"KERNEL_DISPATCH","Agent 2",1,0,220354,4780,22,"gdn_chunk_scan",4780,9377194913664,9377195012865,60928,0,192,0,128,512,1,1,512,48,1
"KERNEL_DISPATCH","Agent 2",1,0,220354,4785,21,"gdn_chunk_kkt_solve",4785,9377195273069,9377195295469,11776,0,104,0,128,128,1,1,1024,16,1
"KERNEL_DISPATCH","Agent 2",1,0,220354,4790,22,"gdn_chunk_scan",4790,9377195555592,9377195654193,60928,0,192,0,128,512,1,1,512,48,1
"KERNEL_DISPATCH","Agent 2",1,0,220354,4795,23,"fused_rmsnorm_mq_rotate_awq_i4_gfx12",4795,9377198991195,9377199456241,0,0,96,0,128,256,1,1,2097152,1,1
"KERNEL_DISPATCH","Agent 2",1,0,220354,4800,23,"fused_rmsnorm_mq_rotate_awq_i4_gfx12",4800,9377219376252,9377219847538,0,0,96,0,128,256,1,1,2097152,1,1
"KERNEL_DISPATCH","Agent 2",1,0,220354,4805,32,"rmsnorm_f32",4805,9377226149218,9377226375780,0,0,16,0,128,256,1,1,8388608,1,1
"KERNEL_DISPATCH","Agent 2",1,0,220354,4595,22,"gdn_chunk_scan",4595,9377022044166,9377022142047,60928,0,192,0,128,512,1,1,512,48,1
"KERNEL_DISPATCH","Agent 2",1,0,220354,4810,46,"sigmoid_mul_rotate_x_mq_awq_i4_gfx12",4810,9377239364584,9377240094913,0,0,88,0,128,32,1,1,6291456,1,1
"KERNEL_DISPATCH","Agent 2",1,0,220354,4610,22,"gdn_chunk_scan",4610,9377052898915,9377053002476,60928,0,192,0,128,512,1,1,512,48,1
"KERNEL_DISPATCH","Agent 2",1,0,220354,4815,29,"fused_silu_mul_mq_rotate_awq_i4_gfx12",4815,9377253954408,9377256081875,0,0,56,0,128,32,1,1,2176,8192,1
"KERNEL_DISPATCH","Agent 2",1,0,220354,4820,24,"gemm_mq4g256v2_residual_mmq_iu4_full_set_symfold",4820,9377268089306,9377268150987,0,0,184,0,128,256,1,1,256,64,1
"KERNEL_DISPATCH","Agent 2",1,0,220354,4825,21,"gdn_chunk_kkt_solve",4825,9377269257881,9377269280961,11776,0,104,0,128,128,1,1,1024,16,1
"KERNEL_DISPATCH","Agent 2",1,0,220354,4830,22,"gdn_chunk_scan",4830,9377269543724,9377269644246,60928,0,192,0,128,512,1,1,512,48,1
"KERNEL_DISPATCH","Agent 2",1,0,220354,4835,21,"gdn_chunk_kkt_solve",4835,9377269908769,9377269931849,11776,0,104,0,128,128,1,1,1024,16,1
"KERNEL_DISPATCH","Agent 2",1,0,220354,4840,22,"gdn_chunk_scan",4840,9377270193372,9377270292494,60928,0,192,0,128,512,1,1,512,48,1
"KERNEL_DISPATCH","Agent 2",1,0,220354,4850,22,"gdn_chunk_scan",4850,9377270836621,9377270935782,60928,0,192,0,128,512,1,1,512,48,1
"KERNEL_DISPATCH","Agent 2",1,0,220354,4845,21,"gdn_chunk_kkt_solve",4845,9377270553177,9377270575977,11776,0,104,0,128,128,1,1,1024,16,1
"KERNEL_DISPATCH","Agent 2",1,0,220354,4855,28,"gated_norm_mq_rotate_awq_i4_gfx12",4855,9377271195425,9377272186798,1024,0,40,0,128,64,1,1,1536,8192,1
"KERNEL_DISPATCH","Agent 2",1,0,220354,4860,29,"fused_silu_mul_mq_rotate_awq_i4_gfx12",4860,9377286589379,9377288697286,0,0,56,0,128,32,1,1,2176,8192,1
"KERNEL_DISPATCH","Agent 2",1,0,220354,4870,21,"gdn_chunk_kkt_solve",4870,9377301990093,9377302013173,11776,0,104,0,128,128,1,1,1024,16,1
"KERNEL_DISPATCH","Agent 2",1,0,220354,4875,22,"gdn_chunk_scan",4875,9377302276897,9377302377298,60928,0,192,0,128,512,1,1,512,48,1
"KERNEL_DISPATCH","Agent 2",1,0,220354,4880,21,"gdn_chunk_kkt_solve",4880,9377302641381,9377302664382,11776,0,104,0,128,128,1,1,1024,16,1
"KERNEL_DISPATCH","Agent 2",1,0,220354,4885,22,"gdn_chunk_scan",4885,9377302927225,9377303027706,60928,0,192,0,128,512,1,1,512,48,1
"KERNEL_DISPATCH","Agent 2",1,0,220354,4890,21,"gdn_chunk_kkt_solve",4890,9377303287429,9377303310030,11776,0,104,0,128,128,1,1,1024,16,1
"KERNEL_DISPATCH","Agent 2",1,0,220354,4895,22,"gdn_chunk_scan",4895,9377303568993,9377303666914,60928,0,192,0,128,512,1,1,512,48,1
"KERNEL_DISPATCH","Agent 2",1,0,220354,4900,28,"gated_norm_mq_rotate_awq_i4_gfx12",4900,9377303928118,9377304918130,1024,0,40,0,128,64,1,1,1536,8192,1
"KERNEL_DISPATCH","Agent 2",1,0,220354,4905,29,"fused_silu_mul_mq_rotate_awq_i4_gfx12",4905,9377319292471,9377321406378,0,0,56,0,128,32,1,1,2176,8192,1
"KERNEL_DISPATCH","Agent 2",1,0,220354,4910,24,"gemm_mq4g256v2_residual_mmq_iu4_full_set_symfold",4910,9377333573411,9377333634652,0,0,184,0,128,256,1,1,256,64,1
"KERNEL_DISPATCH","Agent 2",1,0,220354,4915,21,"gdn_chunk_kkt_solve",4915,9377334737026,9377334759826,11776,0,104,0,128,128,1,1,1024,16,1
"KERNEL_DISPATCH","Agent 2",1,0,220354,4710,23,"fused_rmsnorm_mq_rotate_awq_i4_gfx12",4710,9377153800746,9377154272192,0,0,96,0,128,256,1,1,2097152,1,1
"KERNEL_DISPATCH","Agent 2",1,0,220354,4920,22,"gdn_chunk_scan",4920,9377335020269,9377335119991,60928,0,192,0,128,512,1,1,512,48,1
"KERNEL_DISPATCH","Agent 2",1,0,220354,4925,21,"gdn_chunk_kkt_solve",4925,9377335380274,9377335403114,11776,0,104,0,128,128,1,1,1024,16,1
"KERNEL_DISPATCH","Agent 2",1,0,220354,4930,22,"gdn_chunk_scan",4930,9377335663077,9377335762119,60928,0,192,0,128,512,1,1,512,48,1
"KERNEL_DISPATCH","Agent 2",1,0,220354,4935,21,"gdn_chunk_kkt_solve",4935,9377336022562,9377336045402,11776,0,104,0,128,128,1,1,1024,16,1
"KERNEL_DISPATCH","Agent 2",1,0,220354,4940,22,"gdn_chunk_scan",4940,9377336301965,9377336399407,60928,0,192,0,128,512,1,1,512,48,1
"KERNEL_DISPATCH","Agent 2",1,0,220354,4945,28,"gated_norm_mq_rotate_awq_i4_gfx12",4945,9377336657050,9377337645742,1024,0,40,0,128,64,1,1,1536,8192,1
"KERNEL_DISPATCH","Agent 2",1,0,220354,4950,29,"fused_silu_mul_mq_rotate_awq_i4_gfx12",4950,9377352108285,9377354214751,0,0,56,0,128,32,1,1,2176,8192,1
"KERNEL_DISPATCH","Agent 2",1,0,220354,4955,24,"gemm_mq4g256v2_residual_mmq_iu4_full_set_symfold",4955,9377365310451,9377365665575,0,0,184,0,128,256,1,1,2048,64,1
"KERNEL_DISPATCH","Agent 2",1,0,220354,4960,35,"kv_cache_write_fp8_e4m3_batched",4960,9377367749442,9377367838643,0,0,56,0,128,32,1,1,128,8192,1
"KERNEL_DISPATCH","Agent 2",1,0,220354,4965,24,"gemm_mq4g256v2_residual_mmq_iu4_full_set_symfold",4965,9377383441399,9377389019190,0,0,184,0,128,256,1,1,34816,64,1
"KERNEL_DISPATCH","Agent 2",1,0,220354,4970,24,"gemm_mq4g256v2_residual_mmq_iu4_full_set_symfold",4970,9377403423211,9377406873815,0,0,184,0,128,256,1,1,20480,64,1
"KERNEL_DISPATCH","Agent 2",1,0,220354,4975,21,"gdn_chunk_kkt_solve",4975,9377409994574,9377410017094,11776,0,104,0,128,128,1,1,1024,16,1
"KERNEL_DISPATCH","Agent 2",1,0,220354,4980,22,"gdn_chunk_scan",4980,9377410280257,9377410378499,60928,0,192,0,128,512,1,1,512,48,1
"KERNEL_DISPATCH","Agent 2",1,0,220354,4985,21,"gdn_chunk_kkt_solve",4985,9377410638502,9377410660862,11776,0,104,0,128,128,1,1,1024,16,1
"KERNEL_DISPATCH","Agent 2",1,0,220354,4990,22,"gdn_chunk_scan",4990,9377410921586,9377411020027,60928,0,192,0,128,512,1,1,512,48,1
"KERNEL_DISPATCH","Agent 2",1,0,220354,4995,21,"gdn_chunk_kkt_solve",4995,9377411277750,9377411299830,11776,0,104,0,128,128,1,1,1024,16,1
"KERNEL_DISPATCH","Agent 2",1,0,220354,5000,22,"gdn_chunk_scan",5000,9377411558154,9377411655395,60928,0,192,0,128,512,1,1,512,48,1
"KERNEL_DISPATCH","Agent 2",1,0,220354,5005,21,"gdn_chunk_kkt_solve",5005,9377411912838,9377411935558,11776,0,104,0,128,128,1,1,1024,16,1
"KERNEL_DISPATCH","Agent 2",1,0,220354,5010,24,"gemm_mq4g256v2_residual_mmq_iu4_full_set_symfold",5010,9377415672405,9377421518079,0,0,184,0,128,256,1,1,34816,64,1
"KERNEL_DISPATCH","Agent 2",1,0,220354,5015,24,"gemm_mq4g256v2_residual_mmq_iu4_full_set_symfold",5015,9377436092503,9377439577307,0,0,184,0,128,256,1,1,20480,64,1
"KERNEL_DISPATCH","Agent 2",1,0,220354,5020,21,"gdn_chunk_kkt_solve",5020,9377442711546,9377442734586,11776,0,104,0,128,128,1,1,1024,16,1
"KERNEL_DISPATCH","Agent 2",1,0,220354,5025,22,"gdn_chunk_scan",5025,9377443000790,9377443100471,60928,0,192,0,128,512,1,1,512,48,1
"KERNEL_DISPATCH","Agent 2",1,0,220354,5030,21,"gdn_chunk_kkt_solve",5030,9377443360514,9377443383075,11776,0,104,0,128,128,1,1,1024,16,1
"KERNEL_DISPATCH","Agent 2",1,0,220354,5035,22,"gdn_chunk_scan",5035,9377443643838,9377443742959,60928,0,192,0,128,512,1,1,512,48,1
"KERNEL_DISPATCH","Agent 2",1,0,220354,5040,21,"gdn_chunk_kkt_solve",5040,9377444004082,9377444026603,11776,0,104,0,128,128,1,1,1024,16,1
"KERNEL_DISPATCH","Agent 2",1,0,220354,5045,22,"gdn_chunk_scan",5045,9377444286646,9377444384927,60928,0,192,0,128,512,1,1,512,48,1
"KERNEL_DISPATCH","Agent 2",1,0,220354,5050,21,"gdn_chunk_kkt_solve",5050,9377444644170,9377444667091,11776,0,104,0,128,128,1,1,1024,16,1
"KERNEL_DISPATCH","Agent 2",1,0,220354,5060,24,"gemm_mq4g256v2_residual_mmq_iu4_full_set_symfold",5060,9377468868276,9377472346359,0,0,184,0,128,256,1,1,20480,64,1
"KERNEL_DISPATCH","Agent 2",1,0,220354,5065,21,"gdn_chunk_kkt_solve",5065,9377475507879,9377475530880,11776,0,104,0,128,128,1,1,1024,16,1
"KERNEL_DISPATCH","Agent 2",1,0,220354,5070,22,"gdn_chunk_scan",5070,9377475798403,9377475898604,60928,0,192,0,128,512,1,1,512,48,1
"KERNEL_DISPATCH","Agent 2",1,0,220354,5075,21,"gdn_chunk_kkt_solve",5075,9377476161327,9377476183888,11776,0,104,0,128,128,1,1,1024,16,1
"KERNEL_DISPATCH","Agent 2",1,0,220354,5080,22,"gdn_chunk_scan",5080,9377476445451,9377476545012,60928,0,192,0,128,512,1,1,512,48,1
"KERNEL_DISPATCH","Agent 2",1,0,220354,5085,21,"gdn_chunk_kkt_solve",5085,9377476806736,9377476829256,11776,0,104,0,128,128,1,1,1024,16,1
"KERNEL_DISPATCH","Agent 2",1,0,220354,5090,22,"gdn_chunk_scan",5090,9377477090299,9377477188460,60928,0,192,0,128,512,1,1,512,48,1
"KERNEL_DISPATCH","Agent 2",1,0,220354,5095,21,"gdn_chunk_kkt_solve",5095,9377477447024,9377477469944,11776,0,104,0,128,128,1,1,1024,16,1
"KERNEL_DISPATCH","Agent 2",1,0,220354,5100,24,"gemm_mq4g256v2_residual_mmq_iu4_full_set_symfold",5100,9377481320312,9377487326428,0,0,184,0,128,256,1,1,34816,64,1
"KERNEL_DISPATCH","Agent 2",1,0,220354,5105,24,"gemm_mq4g256v2_residual_mmq_iu4_full_set_symfold",5105,9377501830211,9377506000903,0,0,184,0,128,256,1,1,24576,64,1
"KERNEL_DISPATCH","Agent 2",1,0,220354,5110,33,"rope_partial_halfsplit_batched_f32",5110,9377508377973,9377508743618,0,0,16,0,128,32,1,1,32,8192,1
"KERNEL_DISPATCH","Agent 2",1,0,220354,5115,25,"gemm_mq4g256v2_residual_mmq_iu4_full_add_symfold",5115,9377522211948,9377524216733,0,0,184,0,128,256,1,1,10240,64,1
"KERNEL_DISPATCH","Agent 2",1,0,220354,5120,25,"gemm_mq4g256v2_residual_mmq_iu4_full_add_symfold",5120,9377538071428,9377543976422,0,0,184,0,128,256,1,1,10240,64,1
"KERNEL_DISPATCH","Agent 2",1,0,220354,5125,24,"gemm_mq4g256v2_residual_mmq_iu4_full_set_symfold",5125,9377550081939,9377550141300,0,0,184,0,128,256,1,1,256,64,1
"KERNEL_DISPATCH","Agent 2",1,0,220354,5130,22,"gdn_chunk_scan",5130,9377551207673,9377551306194,60928,0,192,0,128,512,1,1,512,48,1
"KERNEL_DISPATCH","Agent 2",1,0,220354,5135,21,"gdn_chunk_kkt_solve",5135,9377551566718,9377551589518,11776,0,104,0,128,128,1,1,1024,16,1
"KERNEL_DISPATCH","Agent 2",1,0,220354,4865,24,"gemm_mq4g256v2_residual_mmq_iu4_full_set_symfold",4865,9377300823958,9377300885479,0,0,184,0,128,256,1,1,256,64,1
"KERNEL_DISPATCH","Agent 2",1,0,220354,5140,22,"gdn_chunk_scan",5140,9377551849521,9377551948762,60928,0,192,0,128,512,1,1,512,48,1
"KERNEL_DISPATCH","Agent 2",1,0,220354,5145,21,"gdn_chunk_kkt_solve",5145,9377552208406,9377552231006,11776,0,104,0,128,128,1,1,1024,16,1
"KERNEL_DISPATCH","Agent 2",1,0,220354,5150,22,"gdn_chunk_scan",5150,9377552489289,9377552587890,60928,0,192,0,128,512,1,1,512,48,1
"KERNEL_DISPATCH","Agent 2",1,0,220354,5155,21,"gdn_chunk_kkt_solve",5155,9377552846694,9377552869174,11776,0,104,0,128,128,1,1,1024,16,1
"KERNEL_DISPATCH","Agent 2",1,0,220354,5165,25,"gemm_mq4g256v2_residual_mmq_iu4_full_add_symfold",5165,9377570584237,9377576752115,0,0,184,0,128,256,1,1,10240,64,1
"KERNEL_DISPATCH","Agent 2",1,0,220354,5170,24,"gemm_mq4g256v2_residual_mmq_iu4_full_set_symfold",5170,9377582922833,9377582981513,0,0,184,0,128,256,1,1,256,64,1
"KERNEL_DISPATCH","Agent 2",1,0,220354,5175,22,"gdn_chunk_scan",5175,9377584048167,9377584146888,60928,0,192,0,128,512,1,1,512,48,1
"KERNEL_DISPATCH","Agent 2",1,0,220354,5180,21,"gdn_chunk_kkt_solve",5180,9377584407571,9377584430052,11776,0,104,0,128,128,1,1,1024,16,1
"KERNEL_DISPATCH","Agent 2",1,0,220354,5185,22,"gdn_chunk_scan",5185,9377584691655,9377584791256,60928,0,192,0,128,512,1,1,512,48,1
"KERNEL_DISPATCH","Agent 2",1,0,220354,5190,21,"gdn_chunk_kkt_solve",5190,9377585052499,9377585074900,11776,0,104,0,128,128,1,1,1024,16,1
"KERNEL_DISPATCH","Agent 2",1,0,220354,5195,22,"gdn_chunk_scan",5195,9377585333823,9377585431824,60928,0,192,0,128,512,1,1,512,48,1
"KERNEL_DISPATCH","Agent 2",1,0,220354,5200,21,"gdn_chunk_kkt_solve",5200,9377585690187,9377585712628,11776,0,104,0,128,128,1,1,1024,16,1
"KERNEL_DISPATCH","Agent 2",1,0,220354,5205,25,"gemm_mq4g256v2_residual_mmq_iu4_full_add_symfold",5205,9377586945963,9377589116111,0,0,184,0,128,256,1,1,10240,64,1
"KERNEL_DISPATCH","Agent 2",1,0,220354,5210,25,"gemm_mq4g256v2_residual_mmq_iu4_full_add_symfold",5210,9377603423211,9377609529728,0,0,184,0,128,256,1,1,10240,64,1
"KERNEL_DISPATCH","Agent 2",1,0,220354,5215,24,"gemm_mq4g256v2_residual_mmq_iu4_full_set_symfold",5215,9377615684885,9377615743286,0,0,184,0,128,256,1,1,256,64,1
"KERNEL_DISPATCH","Agent 2",1,0,220354,5220,22,"gdn_chunk_scan",5220,9377616814380,9377616914061,60928,0,192,0,128,512,1,1,512,48,1
"KERNEL_DISPATCH","Agent 2",1,0,220354,5225,21,"gdn_chunk_kkt_solve",5225,9377617176024,9377617198864,11776,0,104,0,128,128,1,1,1024,16,1
"KERNEL_DISPATCH","Agent 2",1,0,220354,5230,22,"gdn_chunk_scan",5230,9377617460268,9377617559029,60928,0,192,0,128,512,1,1,512,48,1
"KERNEL_DISPATCH","Agent 2",1,0,220354,5240,22,"gdn_chunk_scan",5240,9377618101476,9377618199477,60928,0,192,0,128,512,1,1,512,48,1
"KERNEL_DISPATCH","Agent 2",1,0,220354,5245,21,"gdn_chunk_kkt_solve",5245,9377618464200,9377618485721,11776,0,104,0,128,128,1,1,1024,16,1
"KERNEL_DISPATCH","Agent 2",1,0,220354,5250,25,"gemm_mq4g256v2_residual_mmq_iu4_full_add_symfold",5250,9377619726896,9377621923284,0,0,184,0,128,256,1,1,10240,64,1
"KERNEL_DISPATCH","Agent 2",1,0,220354,5255,25,"gemm_mq4g256v2_residual_mmq_iu4_full_add_symfold",5255,9377636306465,9377642410302,0,0,184,0,128,256,1,1,10240,64,1
"KERNEL_DISPATCH","Agent 2",1,0,220354,5260,30,"deinterleave_q_rmsnorm_f32_batched",5260,9377647800850,9377649198548,0,0,24,0,128,256,1,1,6144,8192,1
"KERNEL_DISPATCH","Agent 2",1,0,220354,5265,43,"attention_fp8_e4m3_fa2_gqa_packet_gfx1201",5265,9377649977437,9377662286473,0,0,240,0,128,256,1,1,6144,4,16
"KERNEL_DISPATCH","Agent 2",1,0,220354,5270,24,"gemm_mq4g256v2_residual_mmq_iu4_full_set_symfold",5270,9377671145944,9377676864976,0,0,184,0,128,256,1,1,34816,64,1
"KERNEL_DISPATCH","Agent 2",1,0,220354,5055,24,"gemm_mq4g256v2_residual_mmq_iu4_full_set_symfold",5055,9377448485059,9377454411133,0,0,184,0,128,256,1,1,34816,64,1
"KERNEL_DISPATCH","Agent 2",1,0,220354,5275,24,"gemm_mq4g256v2_residual_mmq_iu4_full_set_symfold",5275,9377688947168,9377691021675,0,0,184,0,128,256,1,1,12288,64,1
"KERNEL_DISPATCH","Agent 2",1,0,220354,5280,22,"gdn_chunk_scan",5280,9377692091568,9377692193209,60928,0,192,0,128,512,1,1,512,48,1
"KERNEL_DISPATCH","Agent 2",1,0,220354,5285,21,"gdn_chunk_kkt_solve",5285,9377692453253,9377692475973,11776,0,104,0,128,128,1,1,1024,16,1
"KERNEL_DISPATCH","Agent 2",1,0,220354,5290,22,"gdn_chunk_scan",5290,9377692736296,9377692835417,60928,0,192,0,128,512,1,1,512,48,1
"KERNEL_DISPATCH","Agent 2",1,0,220354,5295,21,"gdn_chunk_kkt_solve",5295,9377693095261,9377693117381,11776,0,104,0,128,128,1,1,1024,16,1
"KERNEL_DISPATCH","Agent 2",1,0,220354,5300,22,"gdn_chunk_scan",5300,9377693375784,9377693473985,60928,0,192,0,128,512,1,1,512,48,1
"KERNEL_DISPATCH","Agent 2",1,0,220354,5305,21,"gdn_chunk_kkt_solve",5305,9377693732909,9377693755469,11776,0,104,0,128,128,1,1,1024,16,1
"KERNEL_DISPATCH","Agent 2",1,0,220354,5310,22,"gdn_chunk_scan",5310,9377694015112,9377694111913,60928,0,192,0,128,512,1,1,512,48,1
"KERNEL_DISPATCH","Agent 2",1,0,220354,5315,24,"gemm_mq4g256v2_residual_mmq_iu4_full_set_symfold",5315,9377703566393,9377709445347,0,0,184,0,128,256,1,1,34816,64,1
"KERNEL_DISPATCH","Agent 2",1,0,220354,5320,24,"gemm_mq4g256v2_residual_mmq_iu4_full_set_symfold",5320,9377721597900,9377723685366,0,0,184,0,128,256,1,1,12288,64,1
"KERNEL_DISPATCH","Agent 2",1,0,220354,5325,22,"gdn_chunk_scan",5325,9377724754700,9377724857621,60928,0,192,0,128,512,1,1,512,48,1
"KERNEL_DISPATCH","Agent 2",1,0,220354,5330,21,"gdn_chunk_kkt_solve",5330,9377725119344,9377725142144,11776,0,104,0,128,128,1,1,1024,16,1
"KERNEL_DISPATCH","Agent 2",1,0,220354,5335,22,"gdn_chunk_scan",5335,9377725403628,9377725503309,60928,0,192,0,128,512,1,1,512,48,1
"KERNEL_DISPATCH","Agent 2",1,0,220354,5340,21,"gdn_chunk_kkt_solve",5340,9377725763992,9377725786713,11776,0,104,0,128,128,1,1,1024,16,1
"KERNEL_DISPATCH","Agent 2",1,0,220354,5345,22,"gdn_chunk_scan",5345,9377726048876,9377726147437,60928,0,192,0,128,512,1,1,512,48,1
"KERNEL_DISPATCH","Agent 2",1,0,220354,5355,22,"gdn_chunk_scan",5355,9377726688324,9377726787405,60928,0,192,0,128,512,1,1,512,48,1
"KERNEL_DISPATCH","Agent 2",1,0,220354,5350,21,"gdn_chunk_kkt_solve",5350,9377726405960,9377726428601,11776,0,104,0,128,128,1,1,1024,16,1
"KERNEL_DISPATCH","Agent 2",1,0,220354,5360,24,"gemm_mq4g256v2_residual_mmq_iu4_full_set_symfold",5360,9377736420967,9377742251240,0,0,184,0,128,256,1,1,34816,64,1
"KERNEL_DISPATCH","Agent 2",1,0,220354,5365,24,"gemm_mq4g256v2_residual_mmq_iu4_full_set_symfold",5365,9377754438194,9377756525780,0,0,184,0,128,256,1,1,12288,64,1
"KERNEL_DISPATCH","Agent 2",1,0,220354,5370,22,"gdn_chunk_scan",5370,9377757598833,9377757701755,60928,0,192,0,128,512,1,1,512,48,1
"KERNEL_DISPATCH","Agent 2",1,0,220354,5160,25,"gemm_mq4g256v2_residual_mmq_iu4_full_add_symfold",5160,9377554098509,9377556261617,0,0,184,0,128,256,1,1,10240,64,1
"KERNEL_DISPATCH","Agent 2",1,0,220354,5375,21,"gdn_chunk_kkt_solve",5375,9377757964518,9377757987678,11776,0,104,0,128,128,1,1,1024,16,1
"KERNEL_DISPATCH","Agent 2",1,0,220354,5385,21,"gdn_chunk_kkt_solve",5385,9377758608246,9377758630686,11776,0,104,0,128,128,1,1,1024,16,1
"KERNEL_DISPATCH","Agent 2",1,0,220354,5390,22,"gdn_chunk_scan",5390,9377758890970,9377758990211,60928,0,192,0,128,512,1,1,512,48,1
"KERNEL_DISPATCH","Agent 2",1,0,220354,5395,21,"gdn_chunk_kkt_solve",5395,9377759248694,9377759271174,11776,0,104,0,128,128,1,1,1024,16,1
"KERNEL_DISPATCH","Agent 2",1,0,220354,5405,24,"gemm_mq4g256v2_residual_mmq_iu4_full_set_symfold",5405,9377769338701,9377775174055,0,0,184,0,128,256,1,1,34816,64,1
"KERNEL_DISPATCH","Agent 2",1,0,220354,5410,24,"gemm_mq4g256v2_residual_mmq_iu4_full_set_symfold",5410,9377787975456,9377788335501,0,0,184,0,128,256,1,1,2048,64,1
"KERNEL_DISPATCH","Agent 2",1,0,220354,5415,35,"kv_cache_write_fp8_e4m3_batched",5415,9377790709211,9377790774811,0,0,56,0,128,32,1,1,128,8192,1
"KERNEL_DISPATCH","Agent 2",1,0,220354,5420,23,"fused_rmsnorm_mq_rotate_awq_i4_gfx12",5420,9377806076284,9377806513610,0,0,96,0,128,256,1,1,2097152,1,1
"KERNEL_DISPATCH","Agent 2",1,0,220354,5425,23,"fused_rmsnorm_mq_rotate_awq_i4_gfx12",5425,9377825879014,9377826347140,0,0,96,0,128,256,1,1,2097152,1,1
"KERNEL_DISPATCH","Agent 2",1,0,220354,5430,20,"gdn_chunk_prep",5430,9377832050731,9377832949823,0,0,72,0,128,256,1,1,32768,10,1
"KERNEL_DISPATCH","Agent 2",1,0,220354,5435,21,"gdn_chunk_kkt_solve",5435,9377833214666,9377833237746,11776,0,104,0,128,128,1,1,1024,16,1
"KERNEL_DISPATCH","Agent 2",1,0,220354,5235,21,"gdn_chunk_kkt_solve",5235,9377617819472,9377617841993,11776,0,104,0,128,128,1,1,1024,16,1
"KERNEL_DISPATCH","Agent 2",1,0,220354,5440,22,"gdn_chunk_scan",5440,9377833499550,9377833599551,60928,0,192,0,128,512,1,1,512,48,1
"KERNEL_DISPATCH","Agent 2",1,0,220354,5445,21,"gdn_chunk_kkt_solve",5445,9377833861354,9377833884354,11776,0,104,0,128,128,1,1,1024,16,1
"KERNEL_DISPATCH","Agent 2",1,0,220354,5455,21,"gdn_chunk_kkt_solve",5455,9377834502442,9377834525163,11776,0,104,0,128,128,1,1,1024,16,1
"KERNEL_DISPATCH","Agent 2",1,0,220354,5460,22,"gdn_chunk_scan",5460,9377834784566,9377834884087,60928,0,192,0,128,512,1,1,512,48,1
"KERNEL_DISPATCH","Agent 2",1,0,220354,5465,23,"fused_rmsnorm_mq_rotate_awq_i4_gfx12",5465,9377838253610,9377838723015,0,0,96,0,128,256,1,1,2097152,1,1
"KERNEL_DISPATCH","Agent 2",1,0,220354,5470,23,"fused_rmsnorm_mq_rotate_awq_i4_gfx12",5470,9377858789828,9377859259674,0,0,96,0,128,256,1,1,2097152,1,1
"KERNEL_DISPATCH","Agent 2",1,0,220354,5475,20,"gdn_chunk_prep",5475,9377864994186,9377865894558,0,0,72,0,128,256,1,1,32768,10,1
"KERNEL_DISPATCH","Agent 2",1,0,220354,5480,21,"gdn_chunk_kkt_solve",5480,9377866157721,9377866180521,11776,0,104,0,128,128,1,1,1024,16,1
"KERNEL_DISPATCH","Agent 2",1,0,220354,5485,22,"gdn_chunk_scan",5485,9377866441645,9377866540726,60928,0,192,0,128,512,1,1,512,48,1
"KERNEL_DISPATCH","Agent 2",1,0,220354,5490,21,"gdn_chunk_kkt_solve",5490,9377866800969,9377866824129,11776,0,104,0,128,128,1,1,1024,16,1
"KERNEL_DISPATCH","Agent 2",1,0,220354,5495,22,"gdn_chunk_scan",5495,9377867084053,9377867183134,60928,0,192,0,128,512,1,1,512,48,1
"KERNEL_DISPATCH","Agent 2",1,0,220354,5500,21,"gdn_chunk_kkt_solve",5500,9377867442137,9377867464778,11776,0,104,0,128,128,1,1,1024,16,1
"KERNEL_DISPATCH","Agent 2",1,0,220354,5505,22,"gdn_chunk_scan",5505,9377867723541,9377867822622,60928,0,192,0,128,512,1,1,512,48,1
"KERNEL_DISPATCH","Agent 2",1,0,220354,5510,23,"fused_rmsnorm_mq_rotate_awq_i4_gfx12",5510,9377871161424,9377871629390,0,0,96,0,128,256,1,1,2097152,1,1
"KERNEL_DISPATCH","Agent 2",1,0,220354,5515,23,"fused_rmsnorm_mq_rotate_awq_i4_gfx12",5515,9377891619202,9377892089128,0,0,96,0,128,256,1,1,2097152,1,1
"KERNEL_DISPATCH","Agent 2",1,0,220354,5520,20,"gdn_chunk_prep",5520,9377897797440,9377898697331,0,0,72,0,128,256,1,1,32768,10,1
"KERNEL_DISPATCH","Agent 2",1,0,220354,5525,21,"gdn_chunk_kkt_solve",5525,9377898961414,9377898984255,11776,0,104,0,128,128,1,1,1024,16,1
"KERNEL_DISPATCH","Agent 2",1,0,220354,5530,22,"gdn_chunk_scan",5530,9377899243378,9377899342219,60928,0,192,0,128,512,1,1,512,48,1
"KERNEL_DISPATCH","Agent 2",1,0,220354,5535,21,"gdn_chunk_kkt_solve",5535,9377899602062,9377899624463,11776,0,104,0,128,128,1,1,1024,16,1
"KERNEL_DISPATCH","Agent 2",1,0,220354,5540,22,"gdn_chunk_scan",5540,9377899883346,9377899982267,60928,0,192,0,128,512,1,1,512,48,1
"KERNEL_DISPATCH","Agent 2",1,0,220354,5545,21,"gdn_chunk_kkt_solve",5545,9377900238510,9377900261071,11776,0,104,0,128,128,1,1,1024,16,1
"KERNEL_DISPATCH","Agent 2",1,0,220354,5380,22,"gdn_chunk_scan",5380,9377758249562,9377758348443,60928,0,192,0,128,512,1,1,512,48,1
"KERNEL_DISPATCH","Agent 2",1,0,220354,5550,22,"gdn_chunk_scan",5550,9377900517514,9377900615395,60928,0,192,0,128,512,1,1,512,48,1
"KERNEL_DISPATCH","Agent 2",1,0,220354,5555,23,"fused_rmsnorm_mq_rotate_awq_i4_gfx12",5555,9377903919037,9377904381043,0,0,96,0,128,256,1,1,2097152,1,1
"KERNEL_DISPATCH","Agent 2",1,0,220354,5560,23,"fused_rmsnorm_mq_rotate_awq_i4_gfx12",5560,9377924234493,9377924704379,0,0,96,0,128,256,1,1,2097152,1,1
"KERNEL_DISPATCH","Agent 2",1,0,220354,5565,32,"rmsnorm_f32",5565,9377931030978,9377931256501,0,0,16,0,128,256,1,1,8388608,1,1
"KERNEL_DISPATCH","Agent 2",1,0,220354,5400,22,"gdn_chunk_scan",5400,9377759530098,9377759628059,60928,0,192,0,128,512,1,1,512,48,1
"KERNEL_DISPATCH","Agent 2",1,0,220354,5570,46,"sigmoid_mul_rotate_x_mq_awq_i4_gfx12",5570,9377944252905,9377944984234,0,0,88,0,128,32,1,1,6291456,1,1
"KERNEL_DISPATCH","Agent 2",1,0,220354,5575,29,"fused_silu_mul_mq_rotate_awq_i4_gfx12",5575,9377958750688,9377960862354,0,0,56,0,128,32,1,1,2176,8192,1
"KERNEL_DISPATCH","Agent 2",1,0,220354,5580,24,"gemm_mq4g256v2_residual_mmq_iu4_full_set_symfold",5580,9377972859865,9377972920706,0,0,184,0,128,256,1,1,256,64,1
"KERNEL_DISPATCH","Agent 2",1,0,220354,5585,21,"gdn_chunk_kkt_solve",5585,9377974028600,9377974051320,11776,0,104,0,128,128,1,1,1024,16,1
"KERNEL_DISPATCH","Agent 2",1,0,220354,5590,22,"gdn_chunk_scan",5590,9377974310084,9377974409005,60928,0,192,0,128,512,1,1,512,48,1
"KERNEL_DISPATCH","Agent 2",1,0,220354,5595,21,"gdn_chunk_kkt_solve",5595,9377974670768,9377974693649,11776,0,104,0,128,128,1,1,1024,16,1
"KERNEL_DISPATCH","Agent 2",1,0,220354,5605,21,"gdn_chunk_kkt_solve",5605,9377975312976,9377975335537,11776,0,104,0,128,128,1,1,1024,16,1
"KERNEL_DISPATCH","Agent 2",1,0,220354,5610,22,"gdn_chunk_scan",5610,9377975594420,9377975692781,60928,0,192,0,128,512,1,1,512,48,1
"KERNEL_DISPATCH","Agent 2",1,0,220354,5615,28,"gated_norm_mq_rotate_awq_i4_gfx12",5615,9377975952544,9377976946637,1024,0,40,0,128,64,1,1,1536,8192,1
"KERNEL_DISPATCH","Agent 2",1,0,220354,5620,29,"fused_silu_mul_mq_rotate_awq_i4_gfx12",5620,9377991419179,9377993532566,0,0,56,0,128,32,1,1,2176,8192,1
"KERNEL_DISPATCH","Agent 2",1,0,220354,5625,24,"gemm_mq4g256v2_residual_mmq_iu4_full_set_symfold",5625,9378005867081,9378005928202,0,0,184,0,128,256,1,1,256,64,1
"KERNEL_DISPATCH","Agent 2",1,0,220354,5630,21,"gdn_chunk_kkt_solve",5630,9378007034256,9378007056776,11776,0,104,0,128,128,1,1,1024,16,1
"KERNEL_DISPATCH","Agent 2",1,0,220354,5635,22,"gdn_chunk_scan",5635,9378007315780,9378007414261,60928,0,192,0,128,512,1,1,512,48,1
"KERNEL_DISPATCH","Agent 2",1,0,220354,5640,21,"gdn_chunk_kkt_solve",5640,9378007674304,9378007697104,11776,0,104,0,128,128,1,1,1024,16,1
"KERNEL_DISPATCH","Agent 2",1,0,220354,5645,22,"gdn_chunk_scan",5645,9378007957268,9378008056109,60928,0,192,0,128,512,1,1,512,48,1
"KERNEL_DISPATCH","Agent 2",1,0,220354,5650,21,"gdn_chunk_kkt_solve",5650,9378008311632,9378008334232,11776,0,104,0,128,128,1,1,1024,16,1
"KERNEL_DISPATCH","Agent 2",1,0,220354,5450,22,"gdn_chunk_scan",5450,9377834144638,9377834243279,60928,0,192,0,128,512,1,1,512,48,1
"KERNEL_DISPATCH","Agent 2",1,0,220354,5655,22,"gdn_chunk_scan",5655,9378008590036,9378008687437,60928,0,192,0,128,512,1,1,512,48,1
"KERNEL_DISPATCH","Agent 2",1,0,220354,5660,28,"gated_norm_mq_rotate_awq_i4_gfx12",5660,9378008944520,9378009923812,1024,0,40,0,128,64,1,1,1536,8192,1
"KERNEL_DISPATCH","Agent 2",1,0,220354,5665,29,"fused_silu_mul_mq_rotate_awq_i4_gfx12",5665,9378024218793,9378026323659,0,0,56,0,128,32,1,1,2176,8192,1
"KERNEL_DISPATCH","Agent 2",1,0,220354,5670,24,"gemm_mq4g256v2_residual_mmq_iu4_full_set_symfold",5670,9378038471052,9378038531853,0,0,184,0,128,256,1,1,256,64,1
"KERNEL_DISPATCH","Agent 2",1,0,220354,5675,21,"gdn_chunk_kkt_solve",5675,9378039640627,9378039663267,11776,0,104,0,128,128,1,1,1024,16,1
"KERNEL_DISPATCH","Agent 2",1,0,220354,5685,21,"gdn_chunk_kkt_solve",5685,9378040282715,9378040305115,11776,0,104,0,128,128,1,1,1024,16,1
"KERNEL_DISPATCH","Agent 2",1,0,220354,5690,22,"gdn_chunk_scan",5690,9378040564158,9378040663080,60928,0,192,0,128,512,1,1,512,48,1
"KERNEL_DISPATCH","Agent 2",1,0,220354,5695,21,"gdn_chunk_kkt_solve",5695,9378040922803,9378040945683,11776,0,104,0,128,128,1,1,1024,16,1
"KERNEL_DISPATCH","Agent 2",1,0,220354,5700,22,"gdn_chunk_scan",5700,9378041203647,9378041301128,60928,0,192,0,128,512,1,1,512,48,1
"KERNEL_DISPATCH","Agent 2",1,0,220354,5705,28,"gated_norm_mq_rotate_awq_i4_gfx12",5705,9378041558091,9378042550423,1024,0,40,0,128,64,1,1,1536,8192,1
"KERNEL_DISPATCH","Agent 2",1,0,220354,5710,29,"fused_silu_mul_mq_rotate_awq_i4_gfx12",5710,9378057072046,9378059183073,0,0,56,0,128,32,1,1,2176,8192,1
"KERNEL_DISPATCH","Agent 2",1,0,220354,5715,24,"gemm_mq4g256v2_residual_mmq_iu4_full_set_symfold",5715,9378070230452,9378070586337,0,0,184,0,128,256,1,1,2048,64,1
"KERNEL_DISPATCH","Agent 2",1,0,220354,5720,35,"kv_cache_write_fp8_e4m3_batched",5720,9378072680043,9378072769844,0,0,56,0,128,32,1,1,128,8192,1
"KERNEL_DISPATCH","Agent 2",1,0,220354,5725,24,"gemm_mq4g256v2_residual_mmq_iu4_full_set_symfold",5725,9378088468682,9378094037672,0,0,184,0,128,256,1,1,34816,64,1
"KERNEL_DISPATCH","Agent 2",1,0,220354,5730,24,"gemm_mq4g256v2_residual_mmq_iu4_full_set_symfold",5730,9378108370733,9378111842377,0,0,184,0,128,256,1,1,20480,64,1
"KERNEL_DISPATCH","Agent 2",1,0,220354,5735,21,"gdn_chunk_kkt_solve",5735,9378114971496,9378114994216,11776,0,104,0,128,128,1,1,1024,16,1
"KERNEL_DISPATCH","Agent 2",1,0,220354,5745,21,"gdn_chunk_kkt_solve",5745,9378115615784,9378115638304,11776,0,104,0,128,128,1,1,1024,16,1
"KERNEL_DISPATCH","Agent 2",1,0,220354,5750,22,"gdn_chunk_scan",5750,9378115899948,9378115998789,60928,0,192,0,128,512,1,1,512,48,1
"KERNEL_DISPATCH","Agent 2",1,0,220354,5755,21,"gdn_chunk_kkt_solve",5755,9378116256672,9378116278832,11776,0,104,0,128,128,1,1,1024,16,1
"KERNEL_DISPATCH","Agent 2",1,0,220354,5760,22,"gdn_chunk_scan",5760,9378116535636,9378116632877,60928,0,192,0,128,512,1,1,512,48,1
"KERNEL_DISPATCH","Agent 2",1,0,220354,5765,21,"gdn_chunk_kkt_solve",5765,9378116890440,9378116913040,11776,0,104,0,128,128,1,1,1024,16,1
"KERNEL_DISPATCH","Agent 2",1,0,220354,5770,24,"gemm_mq4g256v2_residual_mmq_iu4_full_set_symfold",5770,9378120639127,9378126412160,0,0,184,0,128,256,1,1,34816,64,1
"KERNEL_DISPATCH","Agent 2",1,0,220354,5775,24,"gemm_mq4g256v2_residual_mmq_iu4_full_set_symfold",5775,9378141044544,9378144540108,0,0,184,0,128,256,1,1,20480,64,1
"KERNEL_DISPATCH","Agent 2",1,0,220354,5780,21,"gdn_chunk_kkt_solve",5780,9378147681908,9378147704788,11776,0,104,0,128,128,1,1,1024,16,1
"KERNEL_DISPATCH","Agent 2",1,0,220354,5785,22,"gdn_chunk_scan",5785,9378147969512,9378148068873,60928,0,192,0,128,512,1,1,512,48,1
"KERNEL_DISPATCH","Agent 2",1,0,220354,5790,21,"gdn_chunk_kkt_solve",5790,9378148329276,9378148351796,11776,0,104,0,128,128,1,1,1024,16,1
"KERNEL_DISPATCH","Agent 2",1,0,220354,5795,22,"gdn_chunk_scan",5795,9378148612840,9378148711961,60928,0,192,0,128,512,1,1,512,48,1
"KERNEL_DISPATCH","Agent 2",1,0,220354,5800,21,"gdn_chunk_kkt_solve",5800,9378148972164,9378148994645,11776,0,104,0,128,128,1,1,1024,16,1
"KERNEL_DISPATCH","Agent 2",1,0,220354,5600,22,"gdn_chunk_scan",5600,9377974954092,9377975053253,60928,0,192,0,128,512,1,1,512,48,1
"KERNEL_DISPATCH","Agent 2",1,0,220354,5805,22,"gdn_chunk_scan",5805,9378149253568,9378149350969,60928,0,192,0,128,512,1,1,512,48,1
"KERNEL_DISPATCH","Agent 2",1,0,220354,5815,24,"gemm_mq4g256v2_residual_mmq_iu4_full_set_symfold",5815,9378153390260,9378159225733,0,0,184,0,128,256,1,1,34816,64,1
"KERNEL_DISPATCH","Agent 2",1,0,220354,5820,24,"gemm_mq4g256v2_residual_mmq_iu4_full_set_symfold",5820,9378173844518,9378177345762,0,0,184,0,128,256,1,1,20480,64,1
"KERNEL_DISPATCH","Agent 2",1,0,220354,5825,21,"gdn_chunk_kkt_solve",5825,9378180493841,9378180516682,11776,0,104,0,128,128,1,1,1024,16,1
"KERNEL_DISPATCH","Agent 2",1,0,220354,5830,22,"gdn_chunk_scan",5830,9378180783045,9378180882966,60928,0,192,0,128,512,1,1,512,48,1
"KERNEL_DISPATCH","Agent 2",1,0,220354,5835,21,"gdn_chunk_kkt_solve",5835,9378181146210,9378181168770,11776,0,104,0,128,128,1,1,1024,16,1
"KERNEL_DISPATCH","Agent 2",1,0,220354,5840,22,"gdn_chunk_scan",5840,9378181430013,9378181528694,60928,0,192,0,128,512,1,1,512,48,1
"KERNEL_DISPATCH","Agent 2",1,0,220354,5845,21,"gdn_chunk_kkt_solve",5845,9378181791218,9378181813898,11776,0,104,0,128,128,1,1,1024,16,1
"KERNEL_DISPATCH","Agent 2",1,0,220354,5680,22,"gdn_chunk_scan",5680,9378039923390,9378040022392,60928,0,192,0,128,512,1,1,512,48,1
"KERNEL_DISPATCH","Agent 2",1,0,220354,5850,22,"gdn_chunk_scan",5850,9378182074461,9378182172503,60928,0,192,0,128,512,1,1,512,48,1
"KERNEL_DISPATCH","Agent 2",1,0,220354,5855,21,"gdn_chunk_kkt_solve",5855,9378182431746,9378182454266,11776,0,104,0,128,128,1,1,1024,16,1
"KERNEL_DISPATCH","Agent 2",1,0,220354,5860,24,"gemm_mq4g256v2_residual_mmq_iu4_full_set_symfold",5860,9378186278954,9378192216509,0,0,184,0,128,256,1,1,34816,64,1
"KERNEL_DISPATCH","Agent 2",1,0,220354,5865,24,"gemm_mq4g256v2_residual_mmq_iu4_full_set_symfold",5865,9378206786973,9378210957625,0,0,184,0,128,256,1,1,24576,64,1
"KERNEL_DISPATCH","Agent 2",1,0,220354,5870,33,"rope_partial_halfsplit_batched_f32",5870,9378213330895,9378213697220,0,0,16,0,128,32,1,1,32,8192,1
"KERNEL_DISPATCH","Agent 2",1,0,220354,5875,25,"gemm_mq4g256v2_residual_mmq_iu4_full_add_symfold",5875,9378227091429,9378229093894,0,0,184,0,128,256,1,1,10240,64,1
"KERNEL_DISPATCH","Agent 2",1,0,220354,5880,25,"gemm_mq4g256v2_residual_mmq_iu4_full_add_symfold",5880,9378242990109,9378248939584,0,0,184,0,128,256,1,1,10240,64,1
"KERNEL_DISPATCH","Agent 2",1,0,220354,5885,24,"gemm_mq4g256v2_residual_mmq_iu4_full_set_symfold",5885,9378255036341,9378255094661,0,0,184,0,128,256,1,1,256,64,1
"KERNEL_DISPATCH","Agent 2",1,0,220354,5890,22,"gdn_chunk_scan",5890,9378256159875,9378256258236,60928,0,192,0,128,512,1,1,512,48,1
"KERNEL_DISPATCH","Agent 2",1,0,220354,5895,21,"gdn_chunk_kkt_solve",5895,9378256517879,9378256540640,11776,0,104,0,128,128,1,1,1024,16,1
"KERNEL_DISPATCH","Agent 2",1,0,220354,5900,22,"gdn_chunk_scan",5900,9378256799723,9378256898684,60928,0,192,0,128,512,1,1,512,48,1
"KERNEL_DISPATCH","Agent 2",1,0,220354,5740,22,"gdn_chunk_scan",5740,9378115257020,9378115355461,60928,0,192,0,128,512,1,1,512,48,1
"KERNEL_DISPATCH","Agent 2",1,0,220354,5915,21,"gdn_chunk_kkt_solve",5915,9378257799175,9378257821936,11776,0,104,0,128,128,1,1,1024,16,1
"KERNEL_DISPATCH","Agent 2",1,0,220354,5910,22,"gdn_chunk_scan",5910,9378257440411,9378257538732,60928,0,192,0,128,512,1,1,512,48,1
"KERNEL_DISPATCH","Agent 2",1,0,220354,5920,25,"gemm_mq4g256v2_residual_mmq_iu4_full_add_symfold",5920,9378259064631,9378261285259,0,0,184,0,128,256,1,1,10240,64,1
"KERNEL_DISPATCH","Agent 2",1,0,220354,5925,25,"gemm_mq4g256v2_residual_mmq_iu4_full_add_symfold",5925,9378275675321,9378281676036,0,0,184,0,128,256,1,1,10240,64,1
"KERNEL_DISPATCH","Agent 2",1,0,220354,5930,24,"gemm_mq4g256v2_residual_mmq_iu4_full_set_symfold",5930,9378287833434,9378287892835,0,0,184,0,128,256,1,1,256,64,1
"KERNEL_DISPATCH","Agent 2",1,0,220354,5935,22,"gdn_chunk_scan",5935,9378288961768,9378289061649,60928,0,192,0,128,512,1,1,512,48,1
"KERNEL_DISPATCH","Agent 2",1,0,220354,5940,21,"gdn_chunk_kkt_solve",5940,9378289323533,9378289346493,11776,0,104,0,128,128,1,1,1024,16,1
"KERNEL_DISPATCH","Agent 2",1,0,220354,4210,24,"gemm_mq4g256v2_residual_mmq_iu4_full_set_symfold",4210,9376698982656,9376702418419,0,0,184,0,128,256,1,1,20480,64,1
"KERNEL_DISPATCH","Agent 2",1,0,220354,4030,6,"__amd_rocclr_fillBufferUnAligned",4030,9376557412642,9376557414802,0,0,8,0,128,256,1,1,8192,1,1
"KERNEL_DISPATCH","Agent 2",1,0,220354,4065,21,"gdn_chunk_kkt_solve",4065,9376565648136,9376565669056,11776,0,104,0,128,128,1,1,1024,16,1
"KERNEL_DISPATCH","Agent 2",1,0,220354,5945,22,"gdn_chunk_scan",5945,9378289608576,9378289707617,60928,0,192,0,128,512,1,1,512,48,1
"KERNEL_DISPATCH","Agent 2",1,0,220354,5950,21,"gdn_chunk_kkt_solve",5950,9378289969341,9378289992261,11776,0,104,0,128,128,1,1,1024,16,1
"KERNEL_DISPATCH","Agent 2",1,0,220354,5955,22,"gdn_chunk_scan",5955,9378290253304,9378290351786,60928,0,192,0,128,512,1,1,512,48,1
"KERNEL_DISPATCH","Agent 2",1,0,220354,5960,21,"gdn_chunk_kkt_solve",5960,9378290610669,9378290633469,11776,0,104,0,128,128,1,1,1024,16,1
"KERNEL_DISPATCH","Agent 2",1,0,220354,5965,25,"gemm_mq4g256v2_residual_mmq_iu4_full_add_symfold",5965,9378291873285,9378294052952,0,0,184,0,128,256,1,1,10240,64,1
"KERNEL_DISPATCH","Agent 2",1,0,220354,5970,25,"gemm_mq4g256v2_residual_mmq_iu4_full_add_symfold",5970,9378308452254,9378314530250,0,0,184,0,128,256,1,1,10240,64,1
"KERNEL_DISPATCH","Agent 2",1,0,220354,5975,24,"gemm_mq4g256v2_residual_mmq_iu4_full_set_symfold",5975,9378320664407,9378320723088,0,0,184,0,128,256,1,1,256,64,1
"KERNEL_DISPATCH","Agent 2",1,0,220354,5980,22,"gdn_chunk_scan",5980,9378321790022,9378321889543,60928,0,192,0,128,512,1,1,512,48,1
"KERNEL_DISPATCH","Agent 2",1,0,220354,5985,21,"gdn_chunk_kkt_solve",5985,9378322151906,9378322174347,11776,0,104,0,128,128,1,1,1024,16,1
"KERNEL_DISPATCH","Agent 2",1,0,220354,5990,22,"gdn_chunk_scan",5990,9378322433590,9378322532511,60928,0,192,0,128,512,1,1,512,48,1
"KERNEL_DISPATCH","Agent 2",1,0,220354,5995,21,"gdn_chunk_kkt_solve",5995,9378322792354,9378322815075,11776,0,104,0,128,128,1,1,1024,16,1
"KERNEL_DISPATCH","Agent 2",1,0,220354,6000,22,"gdn_chunk_scan",6000,9378323075518,9378323173919,60928,0,192,0,128,512,1,1,512,48,1
"KERNEL_DISPATCH","Agent 2",1,0,220354,6005,21,"gdn_chunk_kkt_solve",6005,9378323432282,9378323454843,11776,0,104,0,128,128,1,1,1024,16,1
"KERNEL_DISPATCH","Agent 2",1,0,220354,6010,25,"gemm_mq4g256v2_residual_mmq_iu4_full_add_symfold",6010,9378324697458,9378326912206,0,0,184,0,128,256,1,1,10240,64,1
"KERNEL_DISPATCH","Agent 2",1,0,220354,6015,25,"gemm_mq4g256v2_residual_mmq_iu4_full_add_symfold",6015,9378341303268,9378347334704,0,0,184,0,128,256,1,1,10240,64,1
"KERNEL_DISPATCH","Agent 2",1,0,220354,6020,30,"deinterleave_q_rmsnorm_f32_batched",6020,9378352711851,9378354122589,0,0,24,0,128,256,1,1,6144,8192,1
"KERNEL_DISPATCH","Agent 2",1,0,220354,6025,43,"attention_fp8_e4m3_fa2_gqa_packet_gfx1201",6025,9378354896159,9378367367436,0,0,240,0,128,256,1,1,6144,4,16
"KERNEL_DISPATCH","Agent 2",1,0,220354,6030,24,"gemm_mq4g256v2_residual_mmq_iu4_full_set_symfold",6030,9378376192147,9378381880339,0,0,184,0,128,256,1,1,34816,64,1
"KERNEL_DISPATCH","Agent 2",1,0,220354,6035,24,"gemm_mq4g256v2_residual_mmq_iu4_full_set_symfold",6035,9378393972211,9378396076398,0,0,184,0,128,256,1,1,12288,64,1
"KERNEL_DISPATCH","Agent 2",1,0,220354,6040,22,"gdn_chunk_scan",6040,9378397155931,9378397258812,60928,0,192,0,128,512,1,1,512,48,1
"KERNEL_DISPATCH","Agent 2",1,0,220354,6045,21,"gdn_chunk_kkt_solve",6045,9378397519256,9378397542096,11776,0,104,0,128,128,1,1,1024,16,1
"KERNEL_DISPATCH","Agent 2",1,0,220354,6050,22,"gdn_chunk_scan",6050,9378397803579,9378397903061,60928,0,192,0,128,512,1,1,512,48,1
"KERNEL_DISPATCH","Agent 2",1,0,220354,6055,21,"gdn_chunk_kkt_solve",6055,9378398163784,9378398186424,11776,0,104,0,128,128,1,1,1024,16,1
"KERNEL_DISPATCH","Agent 2",1,0,220354,6060,22,"gdn_chunk_scan",6060,9378398451308,9378398549589,60928,0,192,0,128,512,1,1,512,48,1
"KERNEL_DISPATCH","Agent 2",1,0,220354,6065,21,"gdn_chunk_kkt_solve",6065,9378398809672,9378398832032,11776,0,104,0,128,128,1,1,1024,16,1
"KERNEL_DISPATCH","Agent 2",1,0,220354,6070,22,"gdn_chunk_scan",6070,9378399092476,9378399190037,60928,0,192,0,128,512,1,1,512,48,1
"KERNEL_DISPATCH","Agent 2",1,0,220354,6075,24,"gemm_mq4g256v2_residual_mmq_iu4_full_set_symfold",6075,9378408727357,9378414575271,0,0,184,0,128,256,1,1,34816,64,1
"KERNEL_DISPATCH","Agent 2",1,0,220354,6080,24,"gemm_mq4g256v2_residual_mmq_iu4_full_set_symfold",6080,9378426722904,9378428809090,0,0,184,0,128,256,1,1,12288,64,1
"KERNEL_DISPATCH","Agent 2",1,0,220354,6085,22,"gdn_chunk_scan",6085,9378429878023,9378429981385,60928,0,192,0,128,512,1,1,512,48,1
"KERNEL_DISPATCH","Agent 2",1,0,220354,6090,21,"gdn_chunk_kkt_solve",6090,9378430243908,9378430266628,11776,0,104,0,128,128,1,1,1024,16,1
"KERNEL_DISPATCH","Agent 2",1,0,220354,6095,22,"gdn_chunk_scan",6095,9378430527592,9378430627313,60928,0,192,0,128,512,1,1,512,48,1
"KERNEL_DISPATCH","Agent 2",1,0,220354,6100,21,"gdn_chunk_kkt_solve",6100,9378430889156,9378430911916,11776,0,104,0,128,128,1,1,1024,16,1
"KERNEL_DISPATCH","Agent 2",1,0,220354,6105,22,"gdn_chunk_scan",6105,9378431173640,9378431271721,60928,0,192,0,128,512,1,1,512,48,1
"KERNEL_DISPATCH","Agent 2",1,0,220354,6110,21,"gdn_chunk_kkt_solve",6110,9378431530884,9378431553445,11776,0,104,0,128,128,1,1,1024,16,1
"KERNEL_DISPATCH","Agent 2",1,0,220354,6115,22,"gdn_chunk_scan",6115,9378431813248,9378431911649,60928,0,192,0,128,512,1,1,512,48,1
"KERNEL_DISPATCH","Agent 2",1,0,220354,6120,24,"gemm_mq4g256v2_residual_mmq_iu4_full_set_symfold",6120,9378441396369,9378447293683,0,0,184,0,128,256,1,1,34816,64,1
"KERNEL_DISPATCH","Agent 2",1,0,220354,6125,24,"gemm_mq4g256v2_residual_mmq_iu4_full_set_symfold",6125,9378459448636,9378461517542,0,0,184,0,128,256,1,1,12288,64,1
"KERNEL_DISPATCH","Agent 2",1,0,220354,6130,22,"gdn_chunk_scan",6130,9378462586116,9378462688157,60928,0,192,0,128,512,1,1,512,48,1
"KERNEL_DISPATCH","Agent 2",1,0,220354,6135,21,"gdn_chunk_kkt_solve",6135,9378462948320,9378462971240,11776,0,104,0,128,128,1,1,1024,16,1
"KERNEL_DISPATCH","Agent 2",1,0,220354,6140,22,"gdn_chunk_scan",6140,9378463232084,9378463331725,60928,0,192,0,128,512,1,1,512,48,1
"KERNEL_DISPATCH","Agent 2",1,0,220354,6145,21,"gdn_chunk_kkt_solve",6145,9378463591968,9378463614689,11776,0,104,0,128,128,1,1,1024,16,1
"KERNEL_DISPATCH","Agent 2",1,0,220354,6150,22,"gdn_chunk_scan",6150,9378463875892,9378463974853,60928,0,192,0,128,512,1,1,512,48,1
"KERNEL_DISPATCH","Agent 2",1,0,220354,6155,21,"gdn_chunk_kkt_solve",6155,9378464233856,9378464256217,11776,0,104,0,128,128,1,1,1024,16,1
"KERNEL_DISPATCH","Agent 2",1,0,220354,6160,22,"gdn_chunk_scan",6160,9378464513260,9378464611101,60928,0,192,0,128,512,1,1,512,48,1
"KERNEL_DISPATCH","Agent 2",1,0,220354,6165,24,"gemm_mq4g256v2_residual_mmq_iu4_full_set_symfold",6165,9378474179062,9378479976495,0,0,184,0,128,256,1,1,34816,64,1
"KERNEL_DISPATCH","Agent 2",1,0,220354,6170,24,"gemm_mq4g256v2_residual_mmq_iu4_full_set_symfold",6170,9378492820536,9378493175221,0,0,184,0,128,256,1,1,2048,64,1
"KERNEL_DISPATCH","Agent 2",1,0,220354,6175,35,"kv_cache_write_fp8_e4m3_batched",6175,9378495555811,9378495622092,0,0,56,0,128,32,1,1,128,8192,1
"KERNEL_DISPATCH","Agent 2",1,0,220354,6185,23,"fused_rmsnorm_mq_rotate_awq_i4_gfx12",6185,9378530881176,9378531349462,0,0,96,0,128,256,1,1,2097152,1,1
"KERNEL_DISPATCH","Agent 2",1,0,220354,6180,23,"fused_rmsnorm_mq_rotate_awq_i4_gfx12",6180,9378510967285,9378511407531,0,0,96,0,128,256,1,1,2097152,1,1
"KERNEL_DISPATCH","Agent 2",1,0,220354,6190,20,"gdn_chunk_prep",6190,9378537083734,9378537984226,0,0,72,0,128,256,1,1,32768,10,1
"KERNEL_DISPATCH","Agent 2",1,0,220354,6195,21,"gdn_chunk_kkt_solve",6195,9378538247029,9378538269589,11776,0,104,0,128,128,1,1,1024,16,1
"KERNEL_DISPATCH","Agent 2",1,0,220354,6200,22,"gdn_chunk_scan",6200,9378538534672,9378538633474,60928,0,192,0,128,512,1,1,512,48,1
"KERNEL_DISPATCH","Agent 2",1,0,220354,6205,21,"gdn_chunk_kkt_solve",6205,9378538893117,9378538915757,11776,0,104,0,128,128,1,1,1024,16,1
"KERNEL_DISPATCH","Agent 2",1,0,220354,6210,22,"gdn_chunk_scan",6210,9378539175401,9378539273922,60928,0,192,0,128,512,1,1,512,48,1
"KERNEL_DISPATCH","Agent 2",1,0,220354,6215,21,"gdn_chunk_kkt_solve",6215,9378539532605,9378539555325,11776,0,104,0,128,128,1,1,1024,16,1
"KERNEL_DISPATCH","Agent 2",1,0,220354,6220,22,"gdn_chunk_scan",6220,9378539813169,9378539911930,60928,0,192,0,128,512,1,1,512,48,1
"KERNEL_DISPATCH","Agent 2",1,0,220354,6225,23,"fused_rmsnorm_mq_rotate_awq_i4_gfx12",6225,9378543259652,9378543726378,0,0,96,0,128,256,1,1,2097152,1,1
"KERNEL_DISPATCH","Agent 2",1,0,220354,6230,23,"fused_rmsnorm_mq_rotate_awq_i4_gfx12",6230,9378563779151,9378564249916,0,0,96,0,128,256,1,1,2097152,1,1
"KERNEL_DISPATCH","Agent 2",1,0,220354,6235,20,"gdn_chunk_prep",6235,9378569979309,9378570879360,0,0,72,0,128,256,1,1,32768,10,1
"KERNEL_DISPATCH","Agent 2",1,0,220354,6240,21,"gdn_chunk_kkt_solve",6240,9378571144843,9378571167444,11776,0,104,0,128,128,1,1,1024,16,1
"KERNEL_DISPATCH","Agent 2",1,0,220354,6245,22,"gdn_chunk_scan",6245,9378571427727,9378571526928,60928,0,192,0,128,512,1,1,512,48,1
"KERNEL_DISPATCH","Agent 2",1,0,220354,6250,21,"gdn_chunk_kkt_solve",6250,9378571788131,9378571810972,11776,0,104,0,128,128,1,1,1024,16,1
"KERNEL_DISPATCH","Agent 2",1,0,220354,6255,22,"gdn_chunk_scan",6255,9378572071575,9378572169856,60928,0,192,0,128,512,1,1,512,48,1
"KERNEL_DISPATCH","Agent 2",1,0,220354,6260,21,"gdn_chunk_kkt_solve",6260,9378572426499,9378572448900,11776,0,104,0,128,128,1,1,1024,16,1
"KERNEL_DISPATCH","Agent 2",1,0,220354,6270,23,"fused_rmsnorm_mq_rotate_awq_i4_gfx12",6270,9378576113786,9378576576712,0,0,96,0,128,256,1,1,2097152,1,1
"KERNEL_DISPATCH","Agent 2",1,0,220354,6265,22,"gdn_chunk_scan",6265,9378572706543,9378572804384,60928,0,192,0,128,512,1,1,512,48,1
"KERNEL_DISPATCH","Agent 2",1,0,220354,6275,23,"fused_rmsnorm_mq_rotate_awq_i4_gfx12",6275,9378596574724,9378597045410,0,0,96,0,128,256,1,1,2097152,1,1
"KERNEL_DISPATCH","Agent 2",1,0,220354,6280,20,"gdn_chunk_prep",6280,9378602769162,9378603672293,0,0,72,0,128,256,1,1,32768,10,1
"KERNEL_DISPATCH","Agent 2",1,0,220354,6285,21,"gdn_chunk_kkt_solve",6285,9378603937376,9378603960137,11776,0,104,0,128,128,1,1,1024,16,1
"KERNEL_DISPATCH","Agent 2",1,0,220354,6290,22,"gdn_chunk_scan",6290,9378604221140,9378604319941,60928,0,192,0,128,512,1,1,512,48,1
"KERNEL_DISPATCH","Agent 2",1,0,220354,6295,21,"gdn_chunk_kkt_solve",6295,9378604579345,9378604602425,11776,0,104,0,128,128,1,1,1024,16,1
"KERNEL_DISPATCH","Agent 2",1,0,220354,6300,22,"gdn_chunk_scan",6300,9378604861988,9378604961309,60928,0,192,0,128,512,1,1,512,48,1
"KERNEL_DISPATCH","Agent 2",1,0,220354,6305,21,"gdn_chunk_kkt_solve",6305,9378605219993,9378605242513,11776,0,104,0,128,128,1,1,1024,16,1
"KERNEL_DISPATCH","Agent 2",1,0,220354,6310,22,"gdn_chunk_scan",6310,9378605498996,9378605597277,60928,0,192,0,128,512,1,1,512,48,1
"KERNEL_DISPATCH","Agent 2",1,0,220354,6315,23,"fused_rmsnorm_mq_rotate_awq_i4_gfx12",6315,9378608905039,9378609370005,0,0,96,0,128,256,1,1,2097152,1,1
"KERNEL_DISPATCH","Agent 2",1,0,220354,6320,23,"fused_rmsnorm_mq_rotate_awq_i4_gfx12",6320,9378629337336,9378629808262,0,0,96,0,128,256,1,1,2097152,1,1
"KERNEL_DISPATCH","Agent 2",1,0,220354,6325,32,"rmsnorm_f32",6325,9378636141942,9378636370705,0,0,16,0,128,256,1,1,8388608,1,1
"KERNEL_DISPATCH","Agent 2",1,0,220354,6330,46,"sigmoid_mul_rotate_x_mq_awq_i4_gfx12",6330,9378649414589,9378650146679,0,0,88,0,128,32,1,1,6291456,1,1
"KERNEL_DISPATCH","Agent 2",1,0,220354,6335,29,"fused_silu_mul_mq_rotate_awq_i4_gfx12",6335,9378663970373,9378666080479,0,0,56,0,128,32,1,1,2176,8192,1
"KERNEL_DISPATCH","Agent 2",1,0,220354,6340,24,"gemm_mq4g256v2_residual_mmq_iu4_full_set_symfold",6340,9378678065310,9378678126151,0,0,184,0,128,256,1,1,256,64,1
"KERNEL_DISPATCH","Agent 2",1,0,220354,6345,21,"gdn_chunk_kkt_solve",6345,9378679228485,9378679251405,11776,0,104,0,128,128,1,1,1024,16,1
"KERNEL_DISPATCH","Agent 2",1,0,220354,6350,22,"gdn_chunk_scan",6350,9378679510849,9378679609530,60928,0,192,0,128,512,1,1,512,48,1
"KERNEL_DISPATCH","Agent 2",1,0,220354,6355,21,"gdn_chunk_kkt_solve",6355,9378679869013,9378679891853,11776,0,104,0,128,128,1,1,1024,16,1
"KERNEL_DISPATCH","Agent 2",1,0,220354,6360,22,"gdn_chunk_scan",6360,9378680151457,9378680249778,60928,0,192,0,128,512,1,1,512,48,1
"KERNEL_DISPATCH","Agent 2",1,0,220354,6365,21,"gdn_chunk_kkt_solve",6365,9378680508461,9378680531221,11776,0,104,0,128,128,1,1,1024,16,1
"KERNEL_DISPATCH","Agent 2",1,0,220354,6370,22,"gdn_chunk_scan",6370,9378680790145,9378680888466,60928,0,192,0,128,512,1,1,512,48,1
"KERNEL_DISPATCH","Agent 2",1,0,220354,6375,28,"gated_norm_mq_rotate_awq_i4_gfx12",6375,9378681147589,9378682139802,1024,0,40,0,128,64,1,1,1536,8192,1
"KERNEL_DISPATCH","Agent 2",1,0,220354,6380,29,"fused_silu_mul_mq_rotate_awq_i4_gfx12",6380,9378696664025,9378698776571,0,0,56,0,128,32,1,1,2176,8192,1
"KERNEL_DISPATCH","Agent 2",1,0,220354,6385,24,"gemm_mq4g256v2_residual_mmq_iu4_full_set_symfold",6385,9378711018606,9378711080406,0,0,184,0,128,256,1,1,256,64,1
"KERNEL_DISPATCH","Agent 2",1,0,220354,6390,21,"gdn_chunk_kkt_solve",6390,9378712184900,9378712207781,11776,0,104,0,128,128,1,1,1024,16,1
"KERNEL_DISPATCH","Agent 2",1,0,220354,6395,22,"gdn_chunk_scan",6395,9378712468624,9378712568025,60928,0,192,0,128,512,1,1,512,48,1
"KERNEL_DISPATCH","Agent 2",1,0,220354,6400,21,"gdn_chunk_kkt_solve",6400,9378712829708,9378712852869,11776,0,104,0,128,128,1,1,1024,16,1
"KERNEL_DISPATCH","Agent 2",1,0,220354,6405,22,"gdn_chunk_scan",6405,9378713114952,9378713214273,60928,0,192,0,128,512,1,1,512,48,1
"KERNEL_DISPATCH","Agent 2",1,0,220354,6410,21,"gdn_chunk_kkt_solve",6410,9378713474917,9378713497877,11776,0,104,0,128,128,1,1,1024,16,1
"KERNEL_DISPATCH","Agent 2",1,0,220354,6415,22,"gdn_chunk_scan",6415,9378713757680,9378713856441,60928,0,192,0,128,512,1,1,512,48,1
"KERNEL_DISPATCH","Agent 2",1,0,220354,6420,28,"gated_norm_mq_rotate_awq_i4_gfx12",6420,9378714119125,9378715115977,1024,0,40,0,128,64,1,1,1536,8192,1
"KERNEL_DISPATCH","Agent 2",1,0,220354,6425,29,"fused_silu_mul_mq_rotate_awq_i4_gfx12",6425,9378729622440,9378731737187,0,0,56,0,128,32,1,1,2176,8192,1
"KERNEL_DISPATCH","Agent 2",1,0,220354,6430,24,"gemm_mq4g256v2_residual_mmq_iu4_full_set_symfold",6430,9378743950301,9378744012741,0,0,184,0,128,256,1,1,256,64,1
"KERNEL_DISPATCH","Agent 2",1,0,220354,6435,21,"gdn_chunk_kkt_solve",6435,9378745117075,9378745139915,11776,0,104,0,128,128,1,1,1024,16,1
"KERNEL_DISPATCH","Agent 2",1,0,220354,6440,22,"gdn_chunk_scan",6440,9378745401119,9378745500720,60928,0,192,0,128,512,1,1,512,48,1
"KERNEL_DISPATCH","Agent 2",1,0,220354,6445,21,"gdn_chunk_kkt_solve",6445,9378745761963,9378745784764,11776,0,104,0,128,128,1,1,1024,16,1
"KERNEL_DISPATCH","Agent 2",1,0,220354,6450,22,"gdn_chunk_scan",6450,9378746046167,9378746145688,60928,0,192,0,128,512,1,1,512,48,1
"KERNEL_DISPATCH","Agent 2",1,0,220354,6455,21,"gdn_chunk_kkt_solve",6455,9378746406331,9378746429372,11776,0,104,0,128,128,1,1,1024,16,1
"KERNEL_DISPATCH","Agent 2",1,0,220354,6460,22,"gdn_chunk_scan",6460,9378746689455,9378746788296,60928,0,192,0,128,512,1,1,512,48,1
"KERNEL_DISPATCH","Agent 2",1,0,220354,6465,28,"gated_norm_mq_rotate_awq_i4_gfx12",6465,9378747049660,9378748053352,1024,0,40,0,128,64,1,1,1536,8192,1
"KERNEL_DISPATCH","Agent 2",1,0,220354,6470,29,"fused_silu_mul_mq_rotate_awq_i4_gfx12",6470,9378762574175,9378764681042,0,0,56,0,128,32,1,1,2176,8192,1
"KERNEL_DISPATCH","Agent 2",1,0,220354,6475,24,"gemm_mq4g256v2_residual_mmq_iu4_full_set_symfold",6475,9378775798142,9378776154426,0,0,184,0,128,256,1,1,2048,64,1
"KERNEL_DISPATCH","Agent 2",1,0,220354,6480,35,"kv_cache_write_fp8_e4m3_batched",6480,9378778249693,9378778347614,0,0,56,0,128,32,1,1,128,8192,1
"KERNEL_DISPATCH","Agent 2",1,0,220354,6485,24,"gemm_mq4g256v2_residual_mmq_iu4_full_set_symfold",6485,9378794055692,9378799707763,0,0,184,0,128,256,1,1,34816,64,1
"KERNEL_DISPATCH","Agent 2",1,0,220354,6490,32,"rmsnorm_f32",6490,9378813563537,9378813578137,0,0,16,0,128,256,1,1,256,1,1
"KERNEL_DISPATCH","Agent 2",1,0,220354,6495,6,"__amd_rocclr_fillBufferUnAligned",6495,9378814810512,9378814812352,0,0,8,0,128,256,1,1,8192,1,1
"KERNEL_DISPATCH","Agent 2",1,0,220354,6500,6,"__amd_rocclr_fillBufferUnAligned",6500,9378814854473,9378814856473,0,0,8,0,128,256,1,1,8192,1,1
"KERNEL_DISPATCH","Agent 2",1,0,220354,6505,6,"__amd_rocclr_fillBufferUnAligned",6505,9378814893913,9378814895913,0,0,8,0,128,256,1,1,8192,1,1
"KERNEL_DISPATCH","Agent 2",1,0,220354,6515,6,"__amd_rocclr_fillBufferUnAligned",6515,9378814961394,9378814963714,0,0,8,0,128,256,1,1,8192,1,1
"KERNEL_DISPATCH","Agent 2",1,0,220354,6520,6,"__amd_rocclr_fillBufferUnAligned",6520,9378814989875,9378814991675,0,0,8,0,128,256,1,1,8192,1,1
"KERNEL_DISPATCH","Agent 2",1,0,220354,6525,6,"__amd_rocclr_fillBufferUnAligned",6525,9378815016475,9378815018275,0,0,8,0,128,256,1,1,8192,1,1
"KERNEL_DISPATCH","Agent 2",1,0,220354,6530,6,"__amd_rocclr_fillBufferUnAligned",6530,9378815043395,9378815045115,0,0,8,0,128,256,1,1,8192,1,1
"KERNEL_DISPATCH","Agent 2",1,0,220354,6535,6,"__amd_rocclr_fillBufferUnAligned",6535,9378815082556,9378815084236,0,0,8,0,128,256,1,1,8192,1,1
"KERNEL_DISPATCH","Agent 2",1,0,220354,6540,6,"__amd_rocclr_fillBufferUnAligned",6540,9378815108836,9378815110516,0,0,8,0,128,256,1,1,8192,1,1
"KERNEL_DISPATCH","Agent 2",1,0,220354,6545,6,"__amd_rocclr_fillBufferUnAligned",6545,9378815185677,9378815187157,0,0,8,0,128,256,1,1,1536,1,1
"KERNEL_DISPATCH","Agent 2",1,0,220354,6550,6,"__amd_rocclr_fillBufferUnAligned",6550,9378815224557,9378815226638,0,0,8,0,128,256,1,1,1536,1,1
"KERNEL_DISPATCH","Agent 2",1,0,220354,6555,6,"__amd_rocclr_fillBufferUnAligned",6555,9378815276998,9378815278438,0,0,8,0,128,256,1,1,1536,1,1
"KERNEL_DISPATCH","Agent 2",1,0,220354,6560,6,"__amd_rocclr_fillBufferUnAligned",6560,9378815339619,9378815341179,0,0,8,0,128,256,1,1,1536,1,1
"KERNEL_DISPATCH","Agent 2",1,0,220354,6565,6,"__amd_rocclr_fillBufferUnAligned",6565,9378815391220,9378815392980,0,0,8,0,128,256,1,1,1536,1,1
"KERNEL_DISPATCH","Agent 2",1,0,220354,6570,6,"__amd_rocclr_fillBufferUnAligned",6570,9378815416620,9378815418100,0,0,8,0,128,256,1,1,1536,1,1
"KERNEL_DISPATCH","Agent 2",1,0,220354,6575,6,"__amd_rocclr_fillBufferUnAligned",6575,9378815455740,9378815457580,0,0,8,0,128,256,1,1,1536,1,1
"KERNEL_DISPATCH","Agent 2",1,0,220354,6580,6,"__amd_rocclr_fillBufferUnAligned",6580,9378815506621,9378815508221,0,0,8,0,128,256,1,1,1536,1,1
"KERNEL_DISPATCH","Agent 2",1,0,220354,6585,6,"__amd_rocclr_fillBufferUnAligned",6585,9378815532501,9378815534381,0,0,8,0,128,256,1,1,1536,1,1
"KERNEL_DISPATCH","Agent 2",1,0,220354,6590,6,"__amd_rocclr_fillBufferUnAligned",6590,9378815570702,9378815572222,0,0,8,0,128,256,1,1,7680,1,1
"KERNEL_DISPATCH","Agent 2",1,0,220354,6595,6,"__amd_rocclr_fillBufferUnAligned",6595,9378815621862,9378815623623,0,0,8,0,128,256,1,1,7680,1,1
"KERNEL_DISPATCH","Agent 2",1,0,220354,6600,6,"__amd_rocclr_fillBufferUnAligned",6600,9378815668313,9378815670113,0,0,8,0,128,256,1,1,7680,1,1
"KERNEL_DISPATCH","Agent 2",1,0,220354,6605,6,"__amd_rocclr_fillBufferUnAligned",6605,9378815693513,9378815694953,0,0,8,0,128,256,1,1,7680,1,1
"KERNEL_DISPATCH","Agent 2",1,0,220354,6610,6,"__amd_rocclr_fillBufferUnAligned",6610,9378815718914,9378815720354,0,0,8,0,128,256,1,1,7680,1,1
"KERNEL_DISPATCH","Agent 2",1,0,220354,6615,6,"__amd_rocclr_fillBufferUnAligned",6615,9378815744514,9378815746274,0,0,8,0,128,256,1,1,7680,1,1
"KERNEL_DISPATCH","Agent 2",1,0,220354,6620,6,"__amd_rocclr_fillBufferUnAligned",6620,9378815769554,9378815770994,0,0,8,0,128,256,1,1,7680,1,1
"KERNEL_DISPATCH","Agent 2",1,0,220354,6625,6,"__amd_rocclr_fillBufferUnAligned",6625,9378815795115,9378815796515,0,0,8,0,128,256,1,1,7680,1,1
"KERNEL_DISPATCH","Agent 2",1,0,220354,6635,6,"__amd_rocclr_fillBufferUnAligned",6635,9378815844115,9378815845435,0,0,8,0,128,256,1,1,7680,1,1
"KERNEL_DISPATCH","Agent 2",1,0,220354,6630,6,"__amd_rocclr_fillBufferUnAligned",6630,9378815819675,9378815820995,0,0,8,0,128,256,1,1,7680,1,1
"KERNEL_DISPATCH","Agent 2",1,0,220354,6640,6,"__amd_rocclr_fillBufferUnAligned",6640,9378815870156,9378815871876,0,0,8,0,128,256,1,1,8192,1,1
"KERNEL_DISPATCH","Agent 2",1,0,220354,6645,6,"__amd_rocclr_fillBufferUnAligned",6645,9378815897396,9378815899116,0,0,8,0,128,256,1,1,8192,1,1
"KERNEL_DISPATCH","Agent 2",1,0,220354,6650,6,"__amd_rocclr_fillBufferUnAligned",6650,9378815923756,9378815925636,0,0,8,0,128,256,1,1,8192,1,1
"KERNEL_DISPATCH","Agent 2",1,0,220354,6655,6,"__amd_rocclr_fillBufferUnAligned",6655,9378815950957,9378815952837,0,0,8,0,128,256,1,1,8192,1,1
"KERNEL_DISPATCH","Agent 2",1,0,220354,6660,6,"__amd_rocclr_fillBufferUnAligned",6660,9378815978797,9378815980837,0,0,8,0,128,256,1,1,8192,1,1
"KERNEL_DISPATCH","Agent 2",1,0,220354,6665,6,"__amd_rocclr_fillBufferUnAligned",6665,9378816006637,9378816008557,0,0,8,0,128,256,1,1,8192,1,1
"KERNEL_DISPATCH","Agent 2",1,0,220354,6670,6,"__amd_rocclr_fillBufferUnAligned",6670,9378816034638,9378816036598,0,0,8,0,128,256,1,1,8192,1,1
"KERNEL_DISPATCH","Agent 2",1,0,220354,6675,6,"__amd_rocclr_fillBufferUnAligned",6675,9378816061518,9378816063558,0,0,8,0,128,256,1,1,8192,1,1
"KERNEL_DISPATCH","Agent 2",1,0,220354,6680,6,"__amd_rocclr_fillBufferUnAligned",6680,9378816088838,9378816090878,0,0,8,0,128,256,1,1,8192,1,1
"KERNEL_DISPATCH","Agent 2",1,0,220354,6685,6,"__amd_rocclr_fillBufferUnAligned",6685,9378816115999,9378816117879,0,0,8,0,128,256,1,1,8192,1,1
"KERNEL_DISPATCH","Agent 2",1,0,220354,6690,6,"__amd_rocclr_fillBufferUnAligned",6690,9378816142199,9378816143799,0,0,8,0,128,256,1,1,8192,1,1
"KERNEL_DISPATCH","Agent 2",1,0,220354,6695,6,"__amd_rocclr_fillBufferUnAligned",6695,9378816167399,9378816168919,0,0,8,0,128,256,1,1,8192,1,1
"KERNEL_DISPATCH","Agent 2",1,0,220354,6700,6,"__amd_rocclr_fillBufferUnAligned",6700,9378816192680,9378816194240,0,0,8,0,128,256,1,1,8192,1,1
"KERNEL_DISPATCH","Agent 2",1,0,220354,6705,6,"__amd_rocclr_fillBufferUnAligned",6705,9378816219280,9378816221280,0,0,8,0,128,256,1,1,8192,1,1
"KERNEL_DISPATCH","Agent 2",1,0,220354,6710,6,"__amd_rocclr_fillBufferUnAligned",6710,9378816248520,9378816250440,0,0,8,0,128,256,1,1,8192,1,1
"KERNEL_DISPATCH","Agent 2",1,0,220354,6715,6,"__amd_rocclr_fillBufferUnAligned",6715,9378816277041,9378816279161,0,0,8,0,128,256,1,1,8192,1,1
"KERNEL_DISPATCH","Agent 2",1,0,220354,6720,6,"__amd_rocclr_fillBufferUnAligned",6720,9378816306641,9378816309161,0,0,8,0,128,256,1,1,8192,1,1
"KERNEL_DISPATCH","Agent 2",1,0,220354,6725,6,"__amd_rocclr_fillBufferUnAligned",6725,9378816336121,9378816338042,0,0,8,0,128,256,1,1,8192,1,1
"KERNEL_DISPATCH","Agent 2",1,0,220354,6730,6,"__amd_rocclr_fillBufferUnAligned",6730,9378816378922,9378816380602,0,0,8,0,128,256,1,1,8192,1,1
"KERNEL_DISPATCH","Agent 2",1,0,220354,6735,6,"__amd_rocclr_fillBufferUnAligned",6735,9378816404202,9378816405602,0,0,8,0,128,256,1,1,1536,1,1
"KERNEL_DISPATCH","Agent 2",1,0,220354,6740,6,"__amd_rocclr_fillBufferUnAligned",6740,9378816429643,9378816431043,0,0,8,0,128,256,1,1,1536,1,1
"KERNEL_DISPATCH","Agent 2",1,0,220354,6745,6,"__amd_rocclr_fillBufferUnAligned",6745,9378816454563,9378816455963,0,0,8,0,128,256,1,1,1536,1,1
"KERNEL_DISPATCH","Agent 2",1,0,220354,6750,6,"__amd_rocclr_fillBufferUnAligned",6750,9378816479323,9378816480963,0,0,8,0,128,256,1,1,1536,1,1
"KERNEL_DISPATCH","Agent 2",1,0,220354,6755,6,"__amd_rocclr_fillBufferUnAligned",6755,9378816504204,9378816505684,0,0,8,0,128,256,1,1,1536,1,1
"KERNEL_DISPATCH","Agent 2",1,0,220354,6760,6,"__amd_rocclr_fillBufferUnAligned",6760,9378816529404,9378816531004,0,0,8,0,128,256,1,1,1536,1,1
"KERNEL_DISPATCH","Agent 2",1,0,220354,6765,6,"__amd_rocclr_fillBufferUnAligned",6765,9378816554044,9378816555524,0,0,8,0,128,256,1,1,1536,1,1
"KERNEL_DISPATCH","Agent 2",1,0,220354,6770,6,"__amd_rocclr_fillBufferUnAligned",6770,9378816578765,9378816580285,0,0,8,0,128,256,1,1,1536,1,1
"KERNEL_DISPATCH","Agent 2",1,0,220354,6775,6,"__amd_rocclr_fillBufferUnAligned",6775,9378816604685,9378816606165,0,0,8,0,128,256,1,1,1536,1,1
"KERNEL_DISPATCH","Agent 2",1,0,220354,6780,6,"__amd_rocclr_fillBufferUnAligned",6780,9378816628925,9378816630245,0,0,8,0,128,256,1,1,1536,1,1
"KERNEL_DISPATCH","Agent 2",1,0,220354,6790,6,"__amd_rocclr_fillBufferUnAligned",6790,9378816676966,9378816678206,0,0,8,0,128,256,1,1,7680,1,1
"KERNEL_DISPATCH","Agent 2",1,0,220354,6800,6,"__amd_rocclr_fillBufferUnAligned",6800,9378816724646,9378816725846,0,0,8,0,128,256,1,1,7680,1,1
"KERNEL_DISPATCH","Agent 2",1,0,220354,6805,6,"__amd_rocclr_fillBufferUnAligned",6805,9378816748647,9378816749927,0,0,8,0,128,256,1,1,7680,1,1
"KERNEL_DISPATCH","Agent 2",1,0,220354,6510,6,"__amd_rocclr_fillBufferUnAligned",6510,9378814920554,9378814922674,0,0,8,0,128,256,1,1,8192,1,1
"KERNEL_DISPATCH","Agent 2",1,0,220354,6810,6,"__amd_rocclr_fillBufferUnAligned",6810,9378816772647,9378816774127,0,0,8,0,128,256,1,1,7680,1,1
"KERNEL_DISPATCH","Agent 2",1,0,220354,6815,6,"__amd_rocclr_fillBufferUnAligned",6815,9378816796847,9378816798127,0,0,8,0,128,256,1,1,7680,1,1
"KERNEL_DISPATCH","Agent 2",1,0,220354,6820,6,"__amd_rocclr_fillBufferUnAligned",6820,9378816820888,9378816822168,0,0,8,0,128,256,1,1,7680,1,1
"KERNEL_DISPATCH","Agent 2",1,0,220354,6825,6,"__amd_rocclr_fillBufferUnAligned",6825,9378816844768,9378816846088,0,0,8,0,128,256,1,1,7680,1,1
"KERNEL_DISPATCH","Agent 2",1,0,220354,6835,6,"__amd_rocclr_fillBufferUnAligned",6835,9378816898289,9378816900729,0,0,8,0,128,256,1,1,8192,1,1
"KERNEL_DISPATCH","Agent 2",1,0,220354,6840,6,"__amd_rocclr_fillBufferUnAligned",6840,9378816927049,9378816929329,0,0,8,0,128,256,1,1,8192,1,1
"KERNEL_DISPATCH","Agent 2",1,0,220354,6845,6,"__amd_rocclr_fillBufferUnAligned",6845,9378816955569,9378816957849,0,0,8,0,128,256,1,1,8192,1,1
"KERNEL_DISPATCH","Agent 2",1,0,220354,6850,6,"__amd_rocclr_fillBufferUnAligned",6850,9378816984170,9378816986370,0,0,8,0,128,256,1,1,8192,1,1
"KERNEL_DISPATCH","Agent 2",1,0,220354,6855,6,"__amd_rocclr_fillBufferUnAligned",6855,9378817012730,9378817014970,0,0,8,0,128,256,1,1,8192,1,1
"KERNEL_DISPATCH","Agent 2",1,0,220354,6860,6,"__amd_rocclr_fillBufferUnAligned",6860,9378817041690,9378817043930,0,0,8,0,128,256,1,1,8192,1,1
"KERNEL_DISPATCH","Agent 2",1,0,220354,6865,6,"__amd_rocclr_fillBufferUnAligned",6865,9378817070171,9378817072371,0,0,8,0,128,256,1,1,8192,1,1
"KERNEL_DISPATCH","Agent 2",1,0,220354,6870,6,"__amd_rocclr_fillBufferUnAligned",6870,9378817098771,9378817100931,0,0,8,0,128,256,1,1,8192,1,1
"KERNEL_DISPATCH","Agent 2",1,0,220354,6875,6,"__amd_rocclr_fillBufferUnAligned",6875,9378817127371,9378817129571,0,0,8,0,128,256,1,1,8192,1,1
"KERNEL_DISPATCH","Agent 2",1,0,220354,6785,6,"__amd_rocclr_fillBufferUnAligned",6785,9378816652805,9378816654126,0,0,8,0,128,256,1,1,7680,1,1
"KERNEL_DISPATCH","Agent 2",1,0,220354,6795,6,"__amd_rocclr_fillBufferUnAligned",6795,9378816700606,9378816701926,0,0,8,0,128,256,1,1,7680,1,1
"KERNEL_DISPATCH","Agent 2",1,0,220354,6830,6,"__amd_rocclr_fillBufferUnAligned",6830,9378816869848,9378816872048,0,0,8,0,128,256,1,1,8192,1,1
"KERNEL_DISPATCH","Agent 2",1,0,220354,5905,21,"gdn_chunk_kkt_solve",5905,9378257158767,9378257181128,11776,0,104,0,128,128,1,1,1024,16,1
"KERNEL_DISPATCH","Agent 2",1,0,220354,5810,21,"gdn_chunk_kkt_solve",5810,9378149608692,9378149631093,11776,0,104,0,128,128,1,1,1024,16,1
