Kind,Agent_Id,Queue_Id,Stream_Id,Thread_Id,Dispatch_Id,Kernel_Id,Kernel_Name,Correlation_Id,Start_Timestamp,End_Timestamp,LDS_Block_Size,Scratch_Size,VGPR_Count,Accum_VGPR_Count,SGPR_Count,Workgroup_Size_X,Workgroup_Size_Y,Workgroup_Size_Z,Grid_Size_X,Grid_Size_Y,Grid_Size_Z
KERNEL_DISPATCH,Agent 2,1,0,2096183,4869,11,__amd_rocclr_fillBufferUnAligned,4869,294962702699673,294962702700995,0,0,8,0,128,256,1,1,5120,1,1
KERNEL_DISPATCH,Agent 2,1,0,2096183,4872,11,__amd_rocclr_fillBufferUnAligned,4872,294962702711575,294962702713579,0,0,8,0,128,256,1,1,5120,1,1
KERNEL_DISPATCH,Agent 2,1,0,2096183,4873,11,__amd_rocclr_fillBufferUnAligned,4873,294962702715863,294962702717506,0,0,8,0,128,256,1,1,5120,1,1
KERNEL_DISPATCH,Agent 2,1,0,2096183,4909,11,__amd_rocclr_fillBufferUnAligned,4909,294962702857408,294962702859051,0,0,8,0,128,256,1,1,5120,1,1
KERNEL_DISPATCH,Agent 2,1,0,2096183,4912,11,__amd_rocclr_fillBufferUnAligned,4912,294962702869270,294962702872075,0,0,8,0,128,256,1,1,5120,1,1
KERNEL_DISPATCH,Agent 2,1,0,2096183,4913,11,__amd_rocclr_fillBufferUnAligned,4913,294962702873999,294962702876564,0,0,8,0,128,256,1,1,5120,1,1
KERNEL_DISPATCH,Agent 2,1,0,2096183,4937,11,__amd_rocclr_fillBufferUnAligned,4937,294962702952346,294962702953147,0,0,8,0,128,256,1,1,1536,1,1
KERNEL_DISPATCH,Agent 2,1,0,2096183,4938,11,__amd_rocclr_fillBufferUnAligned,4938,294962702955552,294962702956353,0,0,8,0,128,256,1,1,1536,1,1
KERNEL_DISPATCH,Agent 2,1,0,2096183,4939,11,__amd_rocclr_fillBufferUnAligned,4939,294962702958517,294962702959519,0,0,8,0,128,256,1,1,1536,1,1
KERNEL_DISPATCH,Agent 2,1,0,2096183,4954,11,__amd_rocclr_fillBufferUnAligned,4954,294962703003762,294962703004603,0,0,8,0,128,256,1,1,1536,1,1
KERNEL_DISPATCH,Agent 2,1,0,2096183,4957,11,__amd_rocclr_fillBufferUnAligned,4957,294962703013099,294962703014061,0,0,8,0,128,256,1,1,1536,1,1
KERNEL_DISPATCH,Agent 2,1,0,2096183,4959,11,__amd_rocclr_fillBufferUnAligned,4959,294962703019191,294962703020233,0,0,8,0,128,256,1,1,1536,1,1
KERNEL_DISPATCH,Agent 2,1,0,2096183,4953,11,__amd_rocclr_fillBufferUnAligned,4953,294962703000956,294962703001838,0,0,8,0,128,256,1,1,1536,1,1
KERNEL_DISPATCH,Agent 2,1,0,2096183,4962,11,__amd_rocclr_fillBufferUnAligned,4962,294962703029009,294962703030051,0,0,8,0,128,256,1,1,1536,1,1
KERNEL_DISPATCH,Agent 2,1,0,2096183,4963,11,__amd_rocclr_fillBufferUnAligned,4963,294962703032255,294962703033337,0,0,8,0,128,256,1,1,1536,1,1
KERNEL_DISPATCH,Agent 2,1,0,2096183,4964,11,__amd_rocclr_fillBufferUnAligned,4964,294962703035381,294962703036303,0,0,8,0,128,256,1,1,5120,1,1
KERNEL_DISPATCH,Agent 2,1,0,2096183,4967,11,__amd_rocclr_fillBufferUnAligned,4967,294962703044478,294962703046041,0,0,8,0,128,256,1,1,5120,1,1
KERNEL_DISPATCH,Agent 2,1,0,2096183,4968,11,__amd_rocclr_fillBufferUnAligned,4968,294962703048215,294962703049097,0,0,8,0,128,256,1,1,5120,1,1
KERNEL_DISPATCH,Agent 2,1,0,2096183,4969,11,__amd_rocclr_fillBufferUnAligned,4969,294962703050951,294962703052033,0,0,8,0,128,256,1,1,5120,1,1
KERNEL_DISPATCH,Agent 2,1,0,2096183,4958,11,__amd_rocclr_fillBufferUnAligned,4958,294962703016345,294962703017227,0,0,8,0,128,256,1,1,1536,1,1
KERNEL_DISPATCH,Agent 2,1,0,2096183,4952,11,__amd_rocclr_fillBufferUnAligned,4952,294962702998231,294962702999033,0,0,8,0,128,256,1,1,1536,1,1
KERNEL_DISPATCH,Agent 2,1,0,2096183,4949,11,__amd_rocclr_fillBufferUnAligned,4949,294962702989215,294962702990176,0,0,8,0,128,256,1,1,1536,1,1
KERNEL_DISPATCH,Agent 2,1,0,2096183,4948,11,__amd_rocclr_fillBufferUnAligned,4948,294962702986289,294962702987291,0,0,8,0,128,256,1,1,1536,1,1
KERNEL_DISPATCH,Agent 2,1,0,2096183,4947,11,__amd_rocclr_fillBufferUnAligned,4947,294962702983364,294962702984325,0,0,8,0,128,256,1,1,1536,1,1
KERNEL_DISPATCH,Agent 2,1,0,2096183,4944,11,__amd_rocclr_fillBufferUnAligned,4944,294962702974267,294962702975188,0,0,8,0,128,256,1,1,1536,1,1
KERNEL_DISPATCH,Agent 2,1,0,2096183,4943,11,__amd_rocclr_fillBufferUnAligned,4943,294962702971301,294962702972263,0,0,8,0,128,256,1,1,1536,1,1
KERNEL_DISPATCH,Agent 2,1,0,2096183,4934,11,__amd_rocclr_fillBufferUnAligned,4934,294962702943008,294962702943930,0,0,8,0,128,256,1,1,1536,1,1
KERNEL_DISPATCH,Agent 2,1,0,2096183,4933,11,__amd_rocclr_fillBufferUnAligned,4933,294962702940243,294962702941084,0,0,8,0,128,256,1,1,1536,1,1
KERNEL_DISPATCH,Agent 2,1,0,2096183,4929,11,__amd_rocclr_fillBufferUnAligned,4929,294962702928180,294962702929583,0,0,8,0,128,256,1,1,1536,1,1
KERNEL_DISPATCH,Agent 2,1,0,2096183,4928,11,__amd_rocclr_fillBufferUnAligned,4928,294962702925215,294962702926217,0,0,8,0,128,256,1,1,1536,1,1
KERNEL_DISPATCH,Agent 2,1,0,2096183,4961,11,__amd_rocclr_fillBufferUnAligned,4961,294962703025683,294962703027045,0,0,8,0,128,256,1,1,1536,1,1
KERNEL_DISPATCH,Agent 2,1,0,2096183,4924,11,__amd_rocclr_fillBufferUnAligned,4924,294962702912832,294962702914194,0,0,8,0,128,256,1,1,1536,1,1
KERNEL_DISPATCH,Agent 2,1,0,2096183,4942,11,__amd_rocclr_fillBufferUnAligned,4942,294962702968496,294962702969377,0,0,8,0,128,256,1,1,1536,1,1
KERNEL_DISPATCH,Agent 2,1,0,2096183,4923,11,__amd_rocclr_fillBufferUnAligned,4923,294962702909866,294962702910908,0,0,8,0,128,256,1,1,1536,1,1
KERNEL_DISPATCH,Agent 2,1,0,2096183,4918,11,__amd_rocclr_fillBufferUnAligned,4918,294962702895038,294962702895840,0,0,8,0,128,256,1,1,1536,1,1
KERNEL_DISPATCH,Agent 2,1,0,2096183,4972,11,__amd_rocclr_fillBufferUnAligned,4972,294962703073402,294962703074925,0,0,8,0,128,256,1,1,5120,1,1
KERNEL_DISPATCH,Agent 2,1,0,2096183,4919,11,__amd_rocclr_fillBufferUnAligned,4919,294962702897763,294962702899366,0,0,8,0,128,256,1,1,1536,1,1
KERNEL_DISPATCH,Agent 2,1,0,2096183,4932,11,__amd_rocclr_fillBufferUnAligned,4932,294962702937478,294962702938319,0,0,8,0,128,256,1,1,1536,1,1
KERNEL_DISPATCH,Agent 2,1,0,2096183,4971,11,__amd_rocclr_fillBufferUnAligned,4971,294962703057302,294962703058464,0,0,8,0,128,256,1,1,5120,1,1
KERNEL_DISPATCH,Agent 2,1,0,2096183,4973,11,__amd_rocclr_fillBufferUnAligned,4973,294962703088360,294962703089602,0,0,8,0,128,256,1,1,5120,1,1
KERNEL_DISPATCH,Agent 2,1,0,2096183,4974,11,__amd_rocclr_fillBufferUnAligned,4974,294962703093450,294962703094692,0,0,8,0,128,256,1,1,5120,1,1
KERNEL_DISPATCH,Agent 2,1,0,2096183,4908,11,__amd_rocclr_fillBufferUnAligned,4908,294962702853120,294962702855404,0,0,8,0,128,256,1,1,5120,1,1
KERNEL_DISPATCH,Agent 2,1,0,2096183,4914,11,__amd_rocclr_fillBufferUnAligned,4914,294962702879169,294962702882014,0,0,8,0,128,256,1,1,5120,1,1
KERNEL_DISPATCH,Agent 2,1,0,2096183,4903,11,__amd_rocclr_fillBufferUnAligned,4903,294962702833403,294962702835767,0,0,8,0,128,256,1,1,5120,1,1
KERNEL_DISPATCH,Agent 2,1,0,2096183,4904,11,__amd_rocclr_fillBufferUnAligned,4904,294962702837691,294962702839615,0,0,8,0,128,256,1,1,5120,1,1
KERNEL_DISPATCH,Agent 2,1,0,2096183,4899,11,__amd_rocclr_fillBufferUnAligned,4899,294962702818134,294962702819978,0,0,8,0,128,256,1,1,5120,1,1
KERNEL_DISPATCH,Agent 2,1,0,2096183,4978,11,__amd_rocclr_fillBufferUnAligned,4978,294962703118727,294962703119969,0,0,8,0,128,256,1,1,5120,1,1
KERNEL_DISPATCH,Agent 2,1,0,2096183,4898,11,__amd_rocclr_fillBufferUnAligned,4898,294962702814247,294962702816171,0,0,8,0,128,256,1,1,5120,1,1
KERNEL_DISPATCH,Agent 2,1,0,2096183,4894,11,__amd_rocclr_fillBufferUnAligned,4894,294962702798217,294962702800021,0,0,8,0,128,256,1,1,5120,1,1
KERNEL_DISPATCH,Agent 2,1,0,2096183,4977,11,__amd_rocclr_fillBufferUnAligned,4977,294962703113597,294962703114960,0,0,8,0,128,256,1,1,5120,1,1
KERNEL_DISPATCH,Agent 2,1,0,2096183,4893,11,__amd_rocclr_fillBufferUnAligned,4893,294962702794570,294962702796253,0,0,8,0,128,256,1,1,5120,1,1
KERNEL_DISPATCH,Agent 2,1,0,2096183,4889,11,__amd_rocclr_fillBufferUnAligned,4889,294962702778580,294962702780224,0,0,8,0,128,256,1,1,5120,1,1
KERNEL_DISPATCH,Agent 2,1,0,2096183,4888,11,__amd_rocclr_fillBufferUnAligned,4888,294962702774733,294962702776657,0,0,8,0,128,256,1,1,5120,1,1
KERNEL_DISPATCH,Agent 2,1,0,2096183,4883,11,__amd_rocclr_fillBufferUnAligned,4883,294962702755177,294962702756900,0,0,8,0,128,256,1,1,5120,1,1
KERNEL_DISPATCH,Agent 2,1,0,2096183,4878,11,__amd_rocclr_fillBufferUnAligned,4878,294962702735420,294962702737383,0,0,8,0,128,256,1,1,5120,1,1
KERNEL_DISPATCH,Agent 2,1,0,2096183,4979,11,__amd_rocclr_fillBufferUnAligned,4979,294962703134045,294962703135408,0,0,8,0,128,256,1,1,5120,1,1
KERNEL_DISPATCH,Agent 2,1,0,2096183,4927,11,__amd_rocclr_fillBufferUnAligned,4927,294962702922009,294962702923251,0,0,8,0,128,256,1,1,1536,1,1
KERNEL_DISPATCH,Agent 2,1,0,2096183,4922,11,__amd_rocclr_fillBufferUnAligned,4922,294962702906981,294962702907862,0,0,8,0,128,256,1,1,1536,1,1
KERNEL_DISPATCH,Agent 2,1,0,2096183,4868,11,__amd_rocclr_fillBufferUnAligned,4868,294962702694864,294962702697669,0,0,8,0,128,256,1,1,5120,1,1
KERNEL_DISPATCH,Agent 2,1,0,2096183,4884,11,__amd_rocclr_fillBufferUnAligned,4884,294962702758904,294962702760947,0,0,8,0,128,256,1,1,5120,1,1
KERNEL_DISPATCH,Agent 2,1,0,2096183,4874,11,__amd_rocclr_fillBufferUnAligned,4874,294962702719710,294962702721594,0,0,8,0,128,256,1,1,5120,1,1
KERNEL_DISPATCH,Agent 2,1,0,2096183,4879,11,__amd_rocclr_fillBufferUnAligned,4879,294962702739347,294962702741150,0,0,8,0,128,256,1,1,5120,1,1
KERNEL_DISPATCH,Agent 2,1,0,2096183,4917,11,__amd_rocclr_fillBufferUnAligned,4917,294962702891993,294962702893075,0,0,8,0,128,256,1,1,1536,1,1
KERNEL_DISPATCH,Agent 2,1,0,2096183,4870,11,__amd_rocclr_fillBufferUnAligned,4870,294962702703440,294962702705323,0,0,8,0,128,256,1,1,5120,1,1
KERNEL_DISPATCH,Agent 2,1,0,2096183,4875,11,__amd_rocclr_fillBufferUnAligned,4875,294962702723598,294962702725441,0,0,8,0,128,256,1,1,5120,1,1
KERNEL_DISPATCH,Agent 2,1,0,2096183,4880,11,__amd_rocclr_fillBufferUnAligned,4880,294962702743114,294962702744877,0,0,8,0,128,256,1,1,5120,1,1
KERNEL_DISPATCH,Agent 2,1,0,2096183,4885,11,__amd_rocclr_fillBufferUnAligned,4885,294962702762911,294962702764594,0,0,8,0,128,256,1,1,5120,1,1
KERNEL_DISPATCH,Agent 2,1,0,2096183,4890,11,__amd_rocclr_fillBufferUnAligned,4890,294962702782187,294962702784191,0,0,8,0,128,256,1,1,5120,1,1
KERNEL_DISPATCH,Agent 2,1,0,2096183,4982,11,__amd_rocclr_fillBufferUnAligned,4982,294962703163110,294962703165554,0,0,8,0,128,256,1,1,5120,1,1
KERNEL_DISPATCH,Agent 2,1,0,2096183,4983,11,__amd_rocclr_fillBufferUnAligned,4983,294962703167709,294962703168872,0,0,8,0,128,256,1,1,5120,1,1
KERNEL_DISPATCH,Agent 2,1,0,2096183,4895,11,__amd_rocclr_fillBufferUnAligned,4895,294962702801984,294962702803908,0,0,8,0,128,256,1,1,5120,1,1
KERNEL_DISPATCH,Agent 2,1,0,2096183,4907,11,__amd_rocclr_fillBufferUnAligned,4907,294962702849152,294962702851076,0,0,8,0,128,256,1,1,5120,1,1
KERNEL_DISPATCH,Agent 2,1,0,2096183,4984,11,__amd_rocclr_fillBufferUnAligned,4984,294962703173089,294962703174251,0,0,8,0,128,256,1,1,5120,1,1
KERNEL_DISPATCH,Agent 2,1,0,2096183,4902,11,__amd_rocclr_fillBufferUnAligned,4902,294962702829676,294962702831479,0,0,8,0,128,256,1,1,5120,1,1
KERNEL_DISPATCH,Agent 2,1,0,2096183,4900,11,__amd_rocclr_fillBufferUnAligned,4900,294962702821982,294962702824066,0,0,8,0,128,256,1,1,5120,1,1
KERNEL_DISPATCH,Agent 2,1,0,2096183,4905,11,__amd_rocclr_fillBufferUnAligned,4905,294962702841578,294962702843261,0,0,8,0,128,256,1,1,5120,1,1
KERNEL_DISPATCH,Agent 2,1,0,2096183,4910,11,__amd_rocclr_fillBufferUnAligned,4910,294962702861536,294962702863379,0,0,8,0,128,256,1,1,5120,1,1
KERNEL_DISPATCH,Agent 2,1,0,2096183,4915,11,__amd_rocclr_fillBufferUnAligned,4915,294962702884018,294962702887264,0,0,8,0,128,256,1,1,5120,1,1
KERNEL_DISPATCH,Agent 2,1,0,2096183,4920,11,__amd_rocclr_fillBufferUnAligned,4920,294962702901330,294962702902252,0,0,8,0,128,256,1,1,1536,1,1
KERNEL_DISPATCH,Agent 2,1,0,2096183,4925,11,__amd_rocclr_fillBufferUnAligned,4925,294962702916158,294962702917039,0,0,8,0,128,256,1,1,1536,1,1
KERNEL_DISPATCH,Agent 2,1,0,2096183,4930,11,__amd_rocclr_fillBufferUnAligned,4930,294962702931547,294962702932428,0,0,8,0,128,256,1,1,1536,1,1
KERNEL_DISPATCH,Agent 2,1,0,2096183,4897,11,__amd_rocclr_fillBufferUnAligned,4897,294962702809799,294962702812243,0,0,8,0,128,256,1,1,5120,1,1
KERNEL_DISPATCH,Agent 2,1,0,2096183,4935,11,__amd_rocclr_fillBufferUnAligned,4935,294962702945893,294962702947577,0,0,8,0,128,256,1,1,1536,1,1
KERNEL_DISPATCH,Agent 2,1,0,2096183,4945,11,__amd_rocclr_fillBufferUnAligned,4945,294962702977152,294962702978514,0,0,8,0,128,256,1,1,1536,1,1
KERNEL_DISPATCH,Agent 2,1,0,2096183,4987,11,__amd_rocclr_fillBufferUnAligned,4987,294962703199398,294962703200520,0,0,8,0,128,256,1,1,5120,1,1
KERNEL_DISPATCH,Agent 2,1,0,2096183,4950,11,__amd_rocclr_fillBufferUnAligned,4950,294962702992180,294962702993062,0,0,8,0,128,256,1,1,1536,1,1
KERNEL_DISPATCH,Agent 2,1,0,2096183,4892,11,__amd_rocclr_fillBufferUnAligned,4892,294962702789962,294962702792567,0,0,8,0,128,256,1,1,5120,1,1
KERNEL_DISPATCH,Agent 2,1,0,2096183,4887,11,__amd_rocclr_fillBufferUnAligned,4887,294962702770325,294962702772770,0,0,8,0,128,256,1,1,5120,1,1
KERNEL_DISPATCH,Agent 2,1,0,2096183,4882,11,__amd_rocclr_fillBufferUnAligned,4882,294962702751289,294962702753173,0,0,8,0,128,256,1,1,5120,1,1
KERNEL_DISPATCH,Agent 2,1,0,2096183,4877,11,__amd_rocclr_fillBufferUnAligned,4877,294962702731773,294962702733416,0,0,8,0,128,256,1,1,5120,1,1
KERNEL_DISPATCH,Agent 2,1,0,2096183,4988,11,__amd_rocclr_fillBufferUnAligned,4988,294962703207353,294962703208755,0,0,8,0,128,256,1,1,5120,1,1
KERNEL_DISPATCH,Agent 2,1,0,2096183,4989,11,__amd_rocclr_fillBufferUnAligned,4989,294962703211881,294962703213204,0,0,8,0,128,256,1,1,5120,1,1
KERNEL_DISPATCH,Agent 2,1,0,2096183,4992,11,__amd_rocclr_fillBufferUnAligned,4992,294962703226129,294962703227411,0,0,8,0,128,256,1,1,5120,1,1
KERNEL_DISPATCH,Agent 2,1,0,2096183,4993,11,__amd_rocclr_fillBufferUnAligned,4993,294962703231518,294962703232961,0,0,8,0,128,256,1,1,5120,1,1
KERNEL_DISPATCH,Agent 2,1,0,2096183,4981,11,__amd_rocclr_fillBufferUnAligned,4981,294962703151969,294962703152891,0,0,8,0,128,256,1,1,5120,1,1
KERNEL_DISPATCH,Agent 2,1,0,2096183,4994,11,__amd_rocclr_fillBufferUnAligned,4994,294962703236447,294962703237689,0,0,8,0,128,256,1,1,5120,1,1
KERNEL_DISPATCH,Agent 2,1,0,2096183,4960,11,__amd_rocclr_fillBufferUnAligned,4960,294962703022797,294962703023719,0,0,8,0,128,256,1,1,1536,1,1
KERNEL_DISPATCH,Agent 2,1,0,2096183,4965,11,__amd_rocclr_fillBufferUnAligned,4965,294962703038827,294962703039749,0,0,8,0,128,256,1,1,5120,1,1
KERNEL_DISPATCH,Agent 2,1,0,2096183,4970,11,__amd_rocclr_fillBufferUnAligned,4970,294962703054457,294962703055378,0,0,8,0,128,256,1,1,5120,1,1
KERNEL_DISPATCH,Agent 2,1,0,2096183,4996,11,__amd_rocclr_fillBufferUnAligned,4996,294962703247027,294962703248309,0,0,8,0,128,256,1,1,5120,1,1
KERNEL_DISPATCH,Agent 2,1,0,2096183,4940,11,__amd_rocclr_fillBufferUnAligned,4940,294962702961883,294962702963406,0,0,8,0,128,256,1,1,1536,1,1
KERNEL_DISPATCH,Agent 2,1,0,2096183,4991,11,__amd_rocclr_fillBufferUnAligned,4991,294962703222140,294962703223463,0,0,8,0,128,256,1,1,5120,1,1
KERNEL_DISPATCH,Agent 2,1,0,2096183,4975,11,__amd_rocclr_fillBufferUnAligned,4975,294962703101254,294962703102537,0,0,8,0,128,256,1,1,5120,1,1
KERNEL_DISPATCH,Agent 2,1,0,2096183,4997,11,__amd_rocclr_fillBufferUnAligned,4997,294962703264009,294962703265251,0,0,8,0,128,256,1,1,5120,1,1
KERNEL_DISPATCH,Agent 2,1,0,2096183,4980,11,__amd_rocclr_fillBufferUnAligned,4980,294962703143132,294962703144255,0,0,8,0,128,256,1,1,5120,1,1
KERNEL_DISPATCH,Agent 2,1,0,2096183,4986,11,__amd_rocclr_fillBufferUnAligned,4986,294962703194108,294962703195350,0,0,8,0,128,256,1,1,5120,1,1
KERNEL_DISPATCH,Agent 2,1,0,2096183,4998,11,__amd_rocclr_fillBufferUnAligned,4998,294962703272505,294962703273947,0,0,8,0,128,256,1,1,5120,1,1
KERNEL_DISPATCH,Agent 2,1,0,2096183,4976,11,__amd_rocclr_fillBufferUnAligned,4976,294962703109109,294962703110431,0,0,8,0,128,256,1,1,5120,1,1
KERNEL_DISPATCH,Agent 2,1,0,2096183,4999,11,__amd_rocclr_fillBufferUnAligned,4999,294962703282153,294962703283355,0,0,8,0,128,256,1,1,5120,1,1
KERNEL_DISPATCH,Agent 2,1,0,2096183,4985,11,__amd_rocclr_fillBufferUnAligned,4985,294962703185892,294962703187055,0,0,8,0,128,256,1,1,5120,1,1
KERNEL_DISPATCH,Agent 2,1,0,2096183,4955,11,__amd_rocclr_fillBufferUnAligned,4955,294962703006607,294962703007649,0,0,8,0,128,256,1,1,1536,1,1
KERNEL_DISPATCH,Agent 2,1,0,2096183,4990,11,__amd_rocclr_fillBufferUnAligned,4990,294962703216530,294962703217812,0,0,8,0,128,256,1,1,5120,1,1
KERNEL_DISPATCH,Agent 2,1,0,2096183,4966,11,__amd_rocclr_fillBufferUnAligned,4966,294962703041713,294962703042594,0,0,8,0,128,256,1,1,5120,1,1
KERNEL_DISPATCH,Agent 2,1,0,2096183,4995,11,__amd_rocclr_fillBufferUnAligned,4995,294962703241697,294962703243019,0,0,8,0,128,256,1,1,5120,1,1
KERNEL_DISPATCH,Agent 2,1,0,2096183,5000,11,__amd_rocclr_fillBufferUnAligned,5000,294962703290288,294962703291490,0,0,8,0,128,256,1,1,5120,1,1
KERNEL_DISPATCH,Agent 2,1,0,2096183,4871,11,__amd_rocclr_fillBufferUnAligned,4871,294962702707247,294962702709611,0,0,8,0,128,256,1,1,5120,1,1
KERNEL_DISPATCH,Agent 2,1,0,2096183,4876,11,__amd_rocclr_fillBufferUnAligned,4876,294962702727445,294962702729849,0,0,8,0,128,256,1,1,5120,1,1
KERNEL_DISPATCH,Agent 2,1,0,2096183,5001,11,__amd_rocclr_fillBufferUnAligned,5001,294962703307570,294962703308732,0,0,8,0,128,256,1,1,5120,1,1
KERNEL_DISPATCH,Agent 2,1,0,2096183,4881,11,__amd_rocclr_fillBufferUnAligned,4881,294962702746881,294962702749326,0,0,8,0,128,256,1,1,5120,1,1
KERNEL_DISPATCH,Agent 2,1,0,2096183,4886,11,__amd_rocclr_fillBufferUnAligned,4886,294962702766518,294962702768361,0,0,8,0,128,256,1,1,5120,1,1
KERNEL_DISPATCH,Agent 2,1,0,2096183,4956,11,__amd_rocclr_fillBufferUnAligned,4956,294962703009613,294962703011136,0,0,8,0,128,256,1,1,1536,1,1
KERNEL_DISPATCH,Agent 2,1,0,2096183,4891,11,__amd_rocclr_fillBufferUnAligned,4891,294962702786195,294962702788038,0,0,8,0,128,256,1,1,5120,1,1
KERNEL_DISPATCH,Agent 2,1,0,2096183,4951,11,__amd_rocclr_fillBufferUnAligned,4951,294962702994945,294962702996308,0,0,8,0,128,256,1,1,1536,1,1
KERNEL_DISPATCH,Agent 2,1,0,2096183,4901,11,__amd_rocclr_fillBufferUnAligned,4901,294962702826029,294962702827672,0,0,8,0,128,256,1,1,5120,1,1
KERNEL_DISPATCH,Agent 2,1,0,2096183,4946,11,__amd_rocclr_fillBufferUnAligned,4946,294962702980518,294962702981360,0,0,8,0,128,256,1,1,1536,1,1
KERNEL_DISPATCH,Agent 2,1,0,2096183,5002,11,__amd_rocclr_fillBufferUnAligned,5002,294962703343457,294962703344419,0,0,8,0,128,256,1,1,5120,1,1
KERNEL_DISPATCH,Agent 2,1,0,2096183,4941,11,__amd_rocclr_fillBufferUnAligned,4941,294962702965370,294962702966492,0,0,8,0,128,256,1,1,1536,1,1
KERNEL_DISPATCH,Agent 2,1,0,2096183,5004,11,__amd_rocclr_fillBufferUnAligned,5004,294962703349629,294962703350951,0,0,8,0,128,256,1,1,5120,1,1
KERNEL_DISPATCH,Agent 2,1,0,2096183,4936,11,__amd_rocclr_fillBufferUnAligned,4936,294962702949500,294962702950422,0,0,8,0,128,256,1,1,1536,1,1
KERNEL_DISPATCH,Agent 2,1,0,2096183,5003,11,__amd_rocclr_fillBufferUnAligned,5003,294962703346703,294962703347665,0,0,8,0,128,256,1,1,5120,1,1
KERNEL_DISPATCH,Agent 2,1,0,2096183,5005,11,__amd_rocclr_fillBufferUnAligned,5005,294962703353276,294962703354438,0,0,8,0,128,256,1,1,5120,1,1
KERNEL_DISPATCH,Agent 2,1,0,2096183,5006,11,__amd_rocclr_fillBufferUnAligned,5006,294962703361511,294962703362673,0,0,8,0,128,256,1,1,5120,1,1
KERNEL_DISPATCH,Agent 2,1,0,2096183,4906,11,__amd_rocclr_fillBufferUnAligned,4906,294962702845265,294962702847229,0,0,8,0,128,256,1,1,5120,1,1
KERNEL_DISPATCH,Agent 2,1,0,2096183,4911,11,__amd_rocclr_fillBufferUnAligned,4911,294962702865303,294962702867266,0,0,8,0,128,256,1,1,5120,1,1
KERNEL_DISPATCH,Agent 2,1,0,2096183,4916,11,__amd_rocclr_fillBufferUnAligned,4916,294962702889227,294962702890029,0,0,8,0,128,256,1,1,1536,1,1
KERNEL_DISPATCH,Agent 2,1,0,2096183,4931,11,__amd_rocclr_fillBufferUnAligned,4931,294962702934392,294962702935514,0,0,8,0,128,256,1,1,1536,1,1
KERNEL_DISPATCH,Agent 2,1,0,2096183,5007,11,__amd_rocclr_fillBufferUnAligned,5007,294962703378874,294962703380116,0,0,8,0,128,256,1,1,5120,1,1
KERNEL_DISPATCH,Agent 2,1,0,2096183,4926,11,__amd_rocclr_fillBufferUnAligned,4926,294962702919003,294962702920005,0,0,8,0,128,256,1,1,1536,1,1
KERNEL_DISPATCH,Agent 2,1,0,2096183,4921,11,__amd_rocclr_fillBufferUnAligned,4921,294962702904215,294962702905017,0,0,8,0,128,256,1,1,1536,1,1
KERNEL_DISPATCH,Agent 2,1,0,2096183,4896,11,__amd_rocclr_fillBufferUnAligned,4896,294962702805912,294962702807835,0,0,8,0,128,256,1,1,5120,1,1
KERNEL_DISPATCH,Agent 2,1,0,2096183,5008,11,__amd_rocclr_fillBufferUnAligned,5008,294962703389564,294962703390766,0,0,8,0,128,256,1,1,5120,1,1
KERNEL_DISPATCH,Agent 2,1,0,2096183,5009,11,__amd_rocclr_fillBufferUnAligned,5009,294962703397518,294962703398921,0,0,8,0,128,256,1,1,5120,1,1
KERNEL_DISPATCH,Agent 2,1,0,2096183,5010,11,__amd_rocclr_fillBufferUnAligned,5010,294962703403119,294962703404402,0,0,8,0,128,256,1,1,5120,1,1
KERNEL_DISPATCH,Agent 2,1,0,2096183,5011,11,__amd_rocclr_fillBufferUnAligned,5011,294962703408339,294962703409541,0,0,8,0,128,256,1,1,5120,1,1
KERNEL_DISPATCH,Agent 2,1,0,2096183,5012,11,__amd_rocclr_fillBufferUnAligned,5012,294962703417155,294962703422405,0,0,8,0,128,256,1,1,5120,1,1
KERNEL_DISPATCH,Agent 2,1,0,2096183,5013,11,__amd_rocclr_fillBufferUnAligned,5013,294962703426653,294962703432183,0,0,8,0,128,256,1,1,5120,1,1
KERNEL_DISPATCH,Agent 2,1,0,2096183,5014,11,__amd_rocclr_fillBufferUnAligned,5014,294962703439998,294962703446009,0,0,8,0,128,256,1,1,5120,1,1
KERNEL_DISPATCH,Agent 2,1,0,2096183,5015,11,__amd_rocclr_fillBufferUnAligned,5015,294962703460917,294962703466207,0,0,8,0,128,256,1,1,5120,1,1
KERNEL_DISPATCH,Agent 2,1,0,2096183,5016,11,__amd_rocclr_fillBufferUnAligned,5016,294962703470856,294962703476306,0,0,8,0,128,256,1,1,5120,1,1
KERNEL_DISPATCH,Agent 2,1,0,2096183,5017,11,__amd_rocclr_fillBufferUnAligned,5017,294962703484441,294962703489731,0,0,8,0,128,256,1,1,5120,1,1
KERNEL_DISPATCH,Agent 2,1,0,2096183,5018,11,__amd_rocclr_fillBufferUnAligned,5018,294962703499489,294962703505180,0,0,8,0,128,256,1,1,5120,1,1
KERNEL_DISPATCH,Agent 2,1,0,2096183,5019,11,__amd_rocclr_fillBufferUnAligned,5019,294962703513175,294962703518545,0,0,8,0,128,256,1,1,5120,1,1
KERNEL_DISPATCH,Agent 2,1,0,2096183,5020,11,__amd_rocclr_fillBufferUnAligned,5020,294962703525999,294962703531689,0,0,8,0,128,256,1,1,5120,1,1
KERNEL_DISPATCH,Agent 2,1,0,2096183,5021,11,__amd_rocclr_fillBufferUnAligned,5021,294962703536819,294962703542389,0,0,8,0,128,256,1,1,5120,1,1
KERNEL_DISPATCH,Agent 2,1,0,2096183,5022,11,__amd_rocclr_fillBufferUnAligned,5022,294962703552007,294962703557818,0,0,8,0,128,256,1,1,5120,1,1
KERNEL_DISPATCH,Agent 2,1,0,2096183,5023,11,__amd_rocclr_fillBufferUnAligned,5023,294962703565853,294962703571584,0,0,8,0,128,256,1,1,5120,1,1
KERNEL_DISPATCH,Agent 2,1,0,2096183,5024,11,__amd_rocclr_fillBufferUnAligned,5024,294962703580361,294962703586332,0,0,8,0,128,256,1,1,5120,1,1
KERNEL_DISPATCH,Agent 2,1,0,2096183,5025,11,__amd_rocclr_fillBufferUnAligned,5025,294962703589658,294962703597473,0,0,8,0,128,256,1,1,5120,1,1
KERNEL_DISPATCH,Agent 2,1,0,2096183,5026,11,__amd_rocclr_fillBufferUnAligned,5026,294962703599997,294962703606610,0,0,8,0,128,256,1,1,5120,1,1
KERNEL_DISPATCH,Agent 2,1,0,2096183,5027,11,__amd_rocclr_fillBufferUnAligned,5027,294962703610377,294962703616949,0,0,8,0,128,256,1,1,5120,1,1
KERNEL_DISPATCH,Agent 2,1,0,2096183,5028,11,__amd_rocclr_fillBufferUnAligned,5028,294962703625786,294962703631957,0,0,8,0,128,256,1,1,5120,1,1
KERNEL_DISPATCH,Agent 2,1,0,2096183,5029,11,__amd_rocclr_fillBufferUnAligned,5029,294962703636997,294962703644892,0,0,8,0,128,256,1,1,5120,1,1
KERNEL_DISPATCH,Agent 2,1,0,2096183,5030,11,__amd_rocclr_fillBufferUnAligned,5030,294962703647177,294962703654871,0,0,8,0,128,256,1,1,5120,1,1
KERNEL_DISPATCH,Agent 2,1,0,2096183,5031,11,__amd_rocclr_fillBufferUnAligned,5031,294962703657365,294962703664217,0,0,8,0,128,256,1,1,5120,1,1
KERNEL_DISPATCH,Agent 2,1,0,2096183,5032,11,__amd_rocclr_fillBufferUnAligned,5032,294962703666713,294962703674007,0,0,8,0,128,256,1,1,5120,1,1
KERNEL_DISPATCH,Agent 2,1,0,2096183,5033,11,__amd_rocclr_fillBufferUnAligned,5033,294962703676480,294962703682732,0,0,8,0,128,256,1,1,5120,1,1
KERNEL_DISPATCH,Agent 2,1,0,2096183,5034,11,__amd_rocclr_fillBufferUnAligned,5034,294962703687693,294962703694265,0,0,8,0,128,256,1,1,5120,1,1
KERNEL_DISPATCH,Agent 2,1,0,2096183,5035,11,__amd_rocclr_fillBufferUnAligned,5035,294962703702118,294962703708490,0,0,8,0,128,256,1,1,5120,1,1
KERNEL_DISPATCH,Agent 2,1,0,2096183,5036,11,__amd_rocclr_fillBufferUnAligned,5036,294962703720523,294962703727496,0,0,8,0,128,256,1,1,5120,1,1
KERNEL_DISPATCH,Agent 2,1,0,2096183,5037,11,__amd_rocclr_fillBufferUnAligned,5037,294962703732145,294962703738396,0,0,8,0,128,256,1,1,5120,1,1
KERNEL_DISPATCH,Agent 2,1,0,2096183,5038,11,__amd_rocclr_fillBufferUnAligned,5038,294962703746872,294962703754046,0,0,8,0,128,256,1,1,5120,1,1
KERNEL_DISPATCH,Agent 2,1,0,2096183,5039,11,__amd_rocclr_fillBufferUnAligned,5039,294962703757592,294962703763684,0,0,8,0,128,256,1,1,5120,1,1
KERNEL_DISPATCH,Agent 2,1,0,2096183,5040,11,__amd_rocclr_fillBufferUnAligned,5040,294962703768613,294962703774864,0,0,8,0,128,256,1,1,5120,1,1
KERNEL_DISPATCH,Agent 2,1,0,2096183,5041,11,__amd_rocclr_fillBufferUnAligned,5041,294962703779673,294962703786526,0,0,8,0,128,256,1,1,5120,1,1
KERNEL_DISPATCH,Agent 2,1,0,2096183,5042,11,__amd_rocclr_fillBufferUnAligned,5042,294962703790815,294962703798109,0,0,8,0,128,256,1,1,5120,1,1
KERNEL_DISPATCH,Agent 2,1,0,2096183,5043,11,__amd_rocclr_fillBufferUnAligned,5043,294962703801635,294962703807766,0,0,8,0,128,256,1,1,5120,1,1
KERNEL_DISPATCH,Agent 2,1,0,2096183,5044,11,__amd_rocclr_fillBufferUnAligned,5044,294962703812335,294962703818666,0,0,8,0,128,256,1,1,5120,1,1
KERNEL_DISPATCH,Agent 2,1,0,2096183,5045,11,__amd_rocclr_fillBufferUnAligned,5045,294962703823515,294962703829927,0,0,8,0,128,256,1,1,5120,1,1
KERNEL_DISPATCH,Agent 2,1,0,2096183,5046,11,__amd_rocclr_fillBufferUnAligned,5046,294962703833906,294962703841760,0,0,8,0,128,256,1,1,5120,1,1
KERNEL_DISPATCH,Agent 2,1,0,2096183,5047,11,__amd_rocclr_fillBufferUnAligned,5047,294962703845436,294962703851568,0,0,8,0,128,256,1,1,5120,1,1
KERNEL_DISPATCH,Agent 2,1,0,2096183,5048,11,__amd_rocclr_fillBufferUnAligned,5048,294962703856818,294962703862989,0,0,8,0,128,256,1,1,5120,1,1
KERNEL_DISPATCH,Agent 2,1,0,2096183,5049,11,__amd_rocclr_fillBufferUnAligned,5049,294962703867157,294962703873449,0,0,8,0,128,256,1,1,5120,1,1
KERNEL_DISPATCH,Agent 2,1,0,2096183,5050,11,__amd_rocclr_fillBufferUnAligned,5050,294962703877317,294962703884651,0,0,8,0,128,256,1,1,5120,1,1
KERNEL_DISPATCH,Agent 2,1,0,2096183,5051,11,__amd_rocclr_fillBufferUnAligned,5051,294962703889278,294962703895690,0,0,8,0,128,256,1,1,5120,1,1
KERNEL_DISPATCH,Agent 2,1,0,2096183,5052,11,__amd_rocclr_fillBufferUnAligned,5052,294962703900740,294962703908996,0,0,8,0,128,256,1,1,5120,1,1
KERNEL_DISPATCH,Agent 2,1,0,2096183,5053,11,__amd_rocclr_fillBufferUnAligned,5053,294962703911400,294962703918293,0,0,8,0,128,256,1,1,5120,1,1
KERNEL_DISPATCH,Agent 2,1,0,2096183,5054,11,__amd_rocclr_fillBufferUnAligned,5054,294962703920617,294962703928352,0,0,8,0,128,256,1,1,5120,1,1
KERNEL_DISPATCH,Agent 2,1,0,2096183,5055,11,__amd_rocclr_fillBufferUnAligned,5055,294962703930876,294962703937168,0,0,8,0,128,256,1,1,5120,1,1
KERNEL_DISPATCH,Agent 2,1,0,2096183,5056,11,__amd_rocclr_fillBufferUnAligned,5056,294962703940053,294962703948068,0,0,8,0,128,256,1,1,5120,1,1
KERNEL_DISPATCH,Agent 2,1,0,2096183,5057,11,__amd_rocclr_fillBufferUnAligned,5057,294962703950513,294962703958248,0,0,8,0,128,256,1,1,5120,1,1
KERNEL_DISPATCH,Agent 2,1,0,2096183,5058,11,__amd_rocclr_fillBufferUnAligned,5058,294962703960612,294962703967986,0,0,8,0,128,256,1,1,5120,1,1
KERNEL_DISPATCH,Agent 2,1,0,2096183,5059,11,__amd_rocclr_fillBufferUnAligned,5059,294962703970551,294962703976882,0,0,8,0,128,256,1,1,5120,1,1
KERNEL_DISPATCH,Agent 2,1,0,2096183,5060,19,embedding_q8_batched,5060,294962704364498,294962705188440,0,0,8,0,128,256,1,1,2097152,1,1
KERNEL_DISPATCH,Agent 2,1,0,2096183,5061,23,fused_rmsnorm_mq_rotate_awq_i4,5061,294962705290741,294962706675131,0,0,96,0,128,256,1,1,2097152,1,1
KERNEL_DISPATCH,Agent 2,1,0,2096183,5062,27,gemm_mq4g256v2_residual_iu4_v2b_set_gfx11,5062,294962706677827,294962718006422,0,0,248,0,128,32,16,1,1024,640,1
KERNEL_DISPATCH,Agent 2,1,0,2096183,5063,27,gemm_mq4g256v2_residual_iu4_v2b_set_gfx11,5063,294962718008737,294962725210090,0,0,248,0,128,32,16,1,1024,400,1
KERNEL_DISPATCH,Agent 2,1,0,2096183,5064,28,split_mq4v2_z_betaalpha,5064,294962725222062,294962727255547,0,0,16,0,128,256,1,1,2097152,1,1
KERNEL_DISPATCH,Agent 2,1,0,2096183,5306,23,fused_rmsnorm_mq_rotate_awq_i4,5306,294963229638241,294963230797290,0,0,96,0,128,256,1,1,2097152,1,1
KERNEL_DISPATCH,Agent 2,1,0,2096183,7742,28,split_mq4v2_z_betaalpha,7742,294969064986759,294969067013190,0,0,16,0,128,256,1,1,2097152,1,1
KERNEL_DISPATCH,Agent 2,1,0,2096183,8551,6,__amd_rocclr_copyBuffer,8551,294970524639429,294970524652493,0,0,16,0,128,512,1,1,10240,1,1
KERNEL_DISPATCH,Agent 2,1,0,2096183,8552,6,__amd_rocclr_copyBuffer,8552,294970524654777,294970524667080,0,0,16,0,128,512,1,1,10240,1,1
KERNEL_DISPATCH,Agent 2,1,0,2096183,8546,6,__amd_rocclr_copyBuffer,8546,294970524555832,294970524568777,0,0,16,0,128,512,1,1,10240,1,1
KERNEL_DISPATCH,Agent 2,1,0,2096183,8547,6,__amd_rocclr_copyBuffer,8547,294970524570620,294970524583725,0,0,16,0,128,512,1,1,10240,1,1
KERNEL_DISPATCH,Agent 2,1,0,2096183,8541,6,__amd_rocclr_copyBuffer,8541,294970524470593,294970524484419,0,0,16,0,128,512,1,1,10240,1,1
KERNEL_DISPATCH,Agent 2,1,0,2096183,8542,6,__amd_rocclr_copyBuffer,8542,294970524486382,294970524501972,0,0,16,0,128,512,1,1,10240,1,1
KERNEL_DISPATCH,Agent 2,1,0,2096183,8537,6,__amd_rocclr_copyBuffer,8537,294970524404509,294970524417974,0,0,16,0,128,512,1,1,10240,1,1
KERNEL_DISPATCH,Agent 2,1,0,2096183,8532,6,__amd_rocclr_copyBuffer,8532,294970524318027,294970524332014,0,0,16,0,128,512,1,1,10240,1,1
KERNEL_DISPATCH,Agent 2,1,0,2096183,8527,6,__amd_rocclr_copyBuffer,8527,294970524232147,294970524252465,0,0,16,0,128,512,1,1,10240,1,1
KERNEL_DISPATCH,Agent 2,1,0,2096183,8522,6,__amd_rocclr_copyBuffer,8522,294970524147909,294970524161975,0,0,16,0,128,512,1,1,10240,1,1
KERNEL_DISPATCH,Agent 2,1,0,2096183,8517,6,__amd_rocclr_copyBuffer,8517,294970524061988,294970524077658,0,0,16,0,128,512,1,1,10240,1,1
KERNEL_DISPATCH,Agent 2,1,0,2096183,8512,6,__amd_rocclr_copyBuffer,8512,294970523982840,294970523995063,0,0,16,0,128,512,1,1,10240,1,1
KERNEL_DISPATCH,Agent 2,1,0,2096183,8507,6,__amd_rocclr_copyBuffer,8507,294970523898683,294970523913671,0,0,16,0,128,512,1,1,10240,1,1
KERNEL_DISPATCH,Agent 2,1,0,2096183,8502,6,__amd_rocclr_copyBuffer,8502,294970523852116,294970523853999,0,0,16,0,128,512,1,1,7680,1,1
KERNEL_DISPATCH,Agent 2,1,0,2096183,8497,6,__amd_rocclr_copyBuffer,8497,294970523833080,294970523835164,0,0,16,0,128,512,1,1,7680,1,1
KERNEL_DISPATCH,Agent 2,1,0,2096183,8492,6,__amd_rocclr_copyBuffer,8492,294970523815167,294970523816649,0,0,16,0,128,512,1,1,7680,1,1
KERNEL_DISPATCH,Agent 2,1,0,2096183,8487,6,__amd_rocclr_copyBuffer,8487,294970523797774,294970523799457,0,0,16,0,128,512,1,1,7680,1,1
KERNEL_DISPATCH,Agent 2,1,0,2096183,8482,6,__amd_rocclr_copyBuffer,8482,294970523779059,294970523781103,0,0,16,0,128,512,1,1,7680,1,1
KERNEL_DISPATCH,Agent 2,1,0,2096183,8477,6,__amd_rocclr_copyBuffer,8477,294970523758541,294970523760785,0,0,16,0,128,512,1,1,7680,1,1
KERNEL_DISPATCH,Agent 2,1,0,2096183,8472,6,__amd_rocclr_copyBuffer,8472,294970523741108,294970523742751,0,0,16,0,128,512,1,1,7680,1,1
KERNEL_DISPATCH,Agent 2,1,0,2096183,8467,6,__amd_rocclr_copyBuffer,8467,294970523722994,294970523724637,0,0,16,0,128,512,1,1,7680,1,1
KERNEL_DISPATCH,Agent 2,1,0,2096183,8553,51,sample_topk_partial_fast21,8553,294970524669605,294970524701304,0,0,56,0,128,256,1,1,32768,1,1
KERNEL_DISPATCH,Agent 2,1,0,2096183,8462,6,__amd_rocclr_copyBuffer,8462,294970523702476,294970523703959,0,0,16,0,128,512,1,1,7680,1,1
KERNEL_DISPATCH,Agent 2,1,0,2096183,8457,6,__amd_rocclr_copyBuffer,8457,294970523679914,294970523685163,0,0,16,0,128,512,1,1,7680,1,1
KERNEL_DISPATCH,Agent 2,1,0,2096183,8548,6,__amd_rocclr_copyBuffer,8548,294970524585648,294970524599915,0,0,16,0,128,512,1,1,10240,1,1
KERNEL_DISPATCH,Agent 2,1,0,2096183,8452,6,__amd_rocclr_copyBuffer,8452,294970523664725,294970523665807,0,0,16,0,128,512,1,1,1536,1,1
KERNEL_DISPATCH,Agent 2,1,0,2096183,8447,6,__amd_rocclr_copyBuffer,8447,294970523649056,294970523650298,0,0,16,0,128,512,1,1,1536,1,1
KERNEL_DISPATCH,Agent 2,1,0,2096183,8543,6,__amd_rocclr_copyBuffer,8543,294970524503975,294970524520286,0,0,16,0,128,512,1,1,10240,1,1
KERNEL_DISPATCH,Agent 2,1,0,2096183,8442,6,__amd_rocclr_copyBuffer,8442,294970523633907,294970523635030,0,0,16,0,128,512,1,1,1536,1,1
KERNEL_DISPATCH,Agent 2,1,0,2096183,8437,6,__amd_rocclr_copyBuffer,8437,294970523618759,294970523619801,0,0,16,0,128,512,1,1,1536,1,1
KERNEL_DISPATCH,Agent 2,1,0,2096183,8538,6,__amd_rocclr_copyBuffer,8538,294970524419858,294970524433764,0,0,16,0,128,512,1,1,10240,1,1
KERNEL_DISPATCH,Agent 2,1,0,2096183,8432,6,__amd_rocclr_copyBuffer,8432,294970523603450,294970523604653,0,0,16,0,128,512,1,1,1536,1,1
KERNEL_DISPATCH,Agent 2,1,0,2096183,8427,6,__amd_rocclr_copyBuffer,8427,294970523587180,294970523588382,0,0,16,0,128,512,1,1,1536,1,1
KERNEL_DISPATCH,Agent 2,1,0,2096183,8422,6,__amd_rocclr_copyBuffer,8422,294970523571751,294970523572833,0,0,16,0,128,512,1,1,1536,1,1
KERNEL_DISPATCH,Agent 2,1,0,2096183,8417,6,__amd_rocclr_copyBuffer,8417,294970523556483,294970523557565,0,0,16,0,128,512,1,1,1536,1,1
KERNEL_DISPATCH,Agent 2,1,0,2096183,8412,6,__amd_rocclr_copyBuffer,8412,294970523541094,294970523542216,0,0,16,0,128,512,1,1,1536,1,1
KERNEL_DISPATCH,Agent 2,1,0,2096183,8407,6,__amd_rocclr_copyBuffer,8407,294970523512320,294970523520575,0,0,16,0,128,512,1,1,10240,1,1
KERNEL_DISPATCH,Agent 2,1,0,2096183,8402,6,__amd_rocclr_copyBuffer,8402,294970523464511,294970523471203,0,0,16,0,128,512,1,1,10240,1,1
KERNEL_DISPATCH,Agent 2,1,0,2096183,8397,6,__amd_rocclr_copyBuffer,8397,294970523410289,294970523418985,0,0,16,0,128,512,1,1,10240,1,1
KERNEL_DISPATCH,Agent 2,1,0,2096183,8392,6,__amd_rocclr_copyBuffer,8392,294970523363802,294970523371336,0,0,16,0,128,512,1,1,10240,1,1
KERNEL_DISPATCH,Agent 2,1,0,2096183,8387,6,__amd_rocclr_copyBuffer,8387,294970523314510,294970523322845,0,0,16,0,128,512,1,1,10240,1,1
KERNEL_DISPATCH,Agent 2,1,0,2096183,8382,6,__amd_rocclr_copyBuffer,8382,294970523271029,294970523275597,0,0,16,0,128,512,1,1,10240,1,1
KERNEL_DISPATCH,Agent 2,1,0,2096183,8377,6,__amd_rocclr_copyBuffer,8377,294970523236324,294970523241253,0,0,16,0,128,512,1,1,10240,1,1
KERNEL_DISPATCH,Agent 2,1,0,2096183,8372,6,__amd_rocclr_copyBuffer,8372,294970523204063,294970523208231,0,0,16,0,128,512,1,1,10240,1,1
KERNEL_DISPATCH,Agent 2,1,0,2096183,8554,50,sample_topk_finalize_fast21,8554,294970524703427,294970524718816,0,0,80,0,128,128,1,1,128,1,1
KERNEL_DISPATCH,Agent 2,1,0,2096183,8549,6,__amd_rocclr_copyBuffer,8549,294970524601798,294970524619231,0,0,16,0,128,512,1,1,10240,1,1
KERNEL_DISPATCH,Agent 2,1,0,2096183,8544,6,__amd_rocclr_copyBuffer,8544,294970524522249,294970524535354,0,0,16,0,128,512,1,1,10240,1,1
KERNEL_DISPATCH,Agent 2,1,0,2096183,8539,6,__amd_rocclr_copyBuffer,8539,294970524435728,294970524453080,0,0,16,0,128,512,1,1,10240,1,1
KERNEL_DISPATCH,Agent 2,1,0,2096183,8534,6,__amd_rocclr_copyBuffer,8534,294970524351650,294970524365957,0,0,16,0,128,512,1,1,10240,1,1
KERNEL_DISPATCH,Agent 2,1,0,2096183,8529,6,__amd_rocclr_copyBuffer,8529,294970524269416,294970524286208,0,0,16,0,128,512,1,1,10240,1,1
KERNEL_DISPATCH,Agent 2,1,0,2096183,8524,6,__amd_rocclr_copyBuffer,8524,294970524183375,294970524197562,0,0,16,0,128,512,1,1,10240,1,1
KERNEL_DISPATCH,Agent 2,1,0,2096183,8519,6,__amd_rocclr_copyBuffer,8519,294970524096252,294970524111361,0,0,16,0,128,512,1,1,10240,1,1
KERNEL_DISPATCH,Agent 2,1,0,2096183,8514,6,__amd_rocclr_copyBuffer,8514,294970524012816,294970524028726,0,0,16,0,128,512,1,1,10240,1,1
KERNEL_DISPATCH,Agent 2,1,0,2096183,8509,6,__amd_rocclr_copyBuffer,8509,294970523931184,294970523943927,0,0,16,0,128,512,1,1,10240,1,1
KERNEL_DISPATCH,Agent 2,1,0,2096183,8504,6,__amd_rocclr_copyBuffer,8504,294970523860131,294970523862215,0,0,16,0,128,512,1,1,7680,1,1
KERNEL_DISPATCH,Agent 2,1,0,2096183,8499,6,__amd_rocclr_copyBuffer,8499,294970523841135,294970523843379,0,0,16,0,128,512,1,1,7680,1,1
KERNEL_DISPATCH,Agent 2,1,0,2096183,8494,6,__amd_rocclr_copyBuffer,8494,294970523822059,294970523823542,0,0,16,0,128,512,1,1,7680,1,1
KERNEL_DISPATCH,Agent 2,1,0,2096183,8489,6,__amd_rocclr_copyBuffer,8489,294970523804827,294970523806310,0,0,16,0,128,512,1,1,7680,1,1
KERNEL_DISPATCH,Agent 2,1,0,2096183,8484,6,__amd_rocclr_copyBuffer,8484,294970523787074,294970523788757,0,0,16,0,128,512,1,1,7680,1,1
KERNEL_DISPATCH,Agent 2,1,0,2096183,8479,6,__amd_rocclr_copyBuffer,8479,294970523766956,294970523769161,0,0,16,0,128,512,1,1,7680,1,1
KERNEL_DISPATCH,Agent 2,1,0,2096183,8536,6,__amd_rocclr_copyBuffer,8536,294970524385193,294970524402546,0,0,16,0,128,512,1,1,10240,1,1
KERNEL_DISPATCH,Agent 2,1,0,2096183,8474,6,__amd_rocclr_copyBuffer,8474,294970523747961,294970523749604,0,0,16,0,128,512,1,1,7680,1,1
KERNEL_DISPATCH,Agent 2,1,0,2096183,8531,6,__amd_rocclr_copyBuffer,8531,294970524302679,294970524316104,0,0,16,0,128,512,1,1,10240,1,1
KERNEL_DISPATCH,Agent 2,1,0,2096183,8469,6,__amd_rocclr_copyBuffer,8469,294970523729927,294970523731931,0,0,16,0,128,512,1,1,7680,1,1
KERNEL_DISPATCH,Agent 2,1,0,2096183,8464,6,__amd_rocclr_copyBuffer,8464,294970523710491,294970523712695,0,0,16,0,128,512,1,1,7680,1,1
KERNEL_DISPATCH,Agent 2,1,0,2096183,8526,6,__amd_rocclr_copyBuffer,8526,294970524214714,294970524230143,0,0,16,0,128,512,1,1,10240,1,1
KERNEL_DISPATCH,Agent 2,1,0,2096183,8459,6,__amd_rocclr_copyBuffer,8459,294970523691375,294970523693659,0,0,16,0,128,512,1,1,7680,1,1
KERNEL_DISPATCH,Agent 2,1,0,2096183,8521,6,__amd_rocclr_copyBuffer,8521,294970524132801,294970524145905,0,0,16,0,128,512,1,1,10240,1,1
KERNEL_DISPATCH,Agent 2,1,0,2096183,8454,6,__amd_rocclr_copyBuffer,8454,294970523670656,294970523671738,0,0,16,0,128,512,1,1,1536,1,1
KERNEL_DISPATCH,Agent 2,1,0,2096183,8516,6,__amd_rocclr_copyBuffer,8516,294970524046079,294970524060025,0,0,16,0,128,512,1,1,10240,1,1
KERNEL_DISPATCH,Agent 2,1,0,2096183,8449,6,__amd_rocclr_copyBuffer,8449,294970523655428,294970523656510,0,0,16,0,128,512,1,1,1536,1,1
KERNEL_DISPATCH,Agent 2,1,0,2096183,8511,6,__amd_rocclr_copyBuffer,8511,294970523964967,294970523980877,0,0,16,0,128,512,1,1,10240,1,1
KERNEL_DISPATCH,Agent 2,1,0,2096183,8444,6,__amd_rocclr_copyBuffer,8444,294970523640079,294970523641121,0,0,16,0,128,512,1,1,1536,1,1
KERNEL_DISPATCH,Agent 2,1,0,2096183,8506,6,__amd_rocclr_copyBuffer,8506,294970523878645,294970523896599,0,0,16,0,128,512,1,1,10240,1,1
KERNEL_DISPATCH,Agent 2,1,0,2096183,8439,6,__amd_rocclr_copyBuffer,8439,294970523624690,294970523626013,0,0,16,0,128,512,1,1,1536,1,1
KERNEL_DISPATCH,Agent 2,1,0,2096183,8434,6,__amd_rocclr_copyBuffer,8434,294970523609542,294970523610704,0,0,16,0,128,512,1,1,1536,1,1
KERNEL_DISPATCH,Agent 2,1,0,2096183,8429,6,__amd_rocclr_copyBuffer,8429,294970523593752,294970523594834,0,0,16,0,128,512,1,1,1536,1,1
KERNEL_DISPATCH,Agent 2,1,0,2096183,8424,6,__amd_rocclr_copyBuffer,8424,294970523578083,294970523579165,0,0,16,0,128,512,1,1,1536,1,1
KERNEL_DISPATCH,Agent 2,1,0,2096183,8419,6,__amd_rocclr_copyBuffer,8419,294970523562414,294970523563816,0,0,16,0,128,512,1,1,1536,1,1
KERNEL_DISPATCH,Agent 2,1,0,2096183,8414,6,__amd_rocclr_copyBuffer,8414,294970523547386,294970523548428,0,0,16,0,128,512,1,1,1536,1,1
KERNEL_DISPATCH,Agent 2,1,0,2096183,8409,6,__amd_rocclr_copyBuffer,8409,294970523531957,294970523533039,0,0,16,0,128,512,1,1,1536,1,1
KERNEL_DISPATCH,Agent 2,1,0,2096183,8404,6,__amd_rocclr_copyBuffer,8404,294970523483105,294970523490399,0,0,16,0,128,512,1,1,10240,1,1
KERNEL_DISPATCH,Agent 2,1,0,2096183,8399,6,__amd_rocclr_copyBuffer,8399,294970523430046,294970523443391,0,0,16,0,128,512,1,1,10240,1,1
KERNEL_DISPATCH,Agent 2,1,0,2096183,8394,6,__amd_rocclr_copyBuffer,8394,294970523382878,294970523389931,0,0,16,0,128,512,1,1,10240,1,1
KERNEL_DISPATCH,Agent 2,1,0,2096183,8389,6,__amd_rocclr_copyBuffer,8389,294970523333906,294970523343204,0,0,16,0,128,512,1,1,10240,1,1
KERNEL_DISPATCH,Agent 2,1,0,2096183,8384,6,__amd_rocclr_copyBuffer,8384,294970523289182,294970523294633,0,0,16,0,128,512,1,1,10240,1,1
KERNEL_DISPATCH,Agent 2,1,0,2096183,8533,6,__amd_rocclr_copyBuffer,8533,294970524333857,294970524349767,0,0,16,0,128,512,1,1,10240,1,1
KERNEL_DISPATCH,Agent 2,1,0,2096183,8379,6,__amd_rocclr_copyBuffer,8379,294970523249308,294970523254277,0,0,16,0,128,512,1,1,10240,1,1
KERNEL_DISPATCH,Agent 2,1,0,2096183,8374,6,__amd_rocclr_copyBuffer,8374,294970523216767,294970523220975,0,0,16,0,128,512,1,1,10240,1,1
KERNEL_DISPATCH,Agent 2,1,0,2096183,8528,6,__amd_rocclr_copyBuffer,8528,294970524254388,294970524267453,0,0,16,0,128,512,1,1,10240,1,1
KERNEL_DISPATCH,Agent 2,1,0,2096183,8369,6,__amd_rocclr_copyBuffer,8369,294970523184507,294970523188915,0,0,16,0,128,512,1,1,10240,1,1
KERNEL_DISPATCH,Agent 2,1,0,2096183,8523,6,__amd_rocclr_copyBuffer,8523,294970524163859,294970524181412,0,0,16,0,128,512,1,1,10240,1,1
KERNEL_DISPATCH,Agent 2,1,0,2096183,8518,6,__amd_rocclr_copyBuffer,8518,294970524079621,294970524094289,0,0,16,0,128,512,1,1,10240,1,1
KERNEL_DISPATCH,Agent 2,1,0,2096183,8513,6,__amd_rocclr_copyBuffer,8513,294970523997027,294970524010853,0,0,16,0,128,512,1,1,10240,1,1
KERNEL_DISPATCH,Agent 2,1,0,2096183,8508,6,__amd_rocclr_copyBuffer,8508,294970523915675,294970523929140,0,0,16,0,128,512,1,1,10240,1,1
KERNEL_DISPATCH,Agent 2,1,0,2096183,8503,6,__amd_rocclr_copyBuffer,8503,294970523855923,294970523858247,0,0,16,0,128,512,1,1,7680,1,1
KERNEL_DISPATCH,Agent 2,1,0,2096183,8498,6,__amd_rocclr_copyBuffer,8498,294970523837088,294970523839252,0,0,16,0,128,512,1,1,7680,1,1
KERNEL_DISPATCH,Agent 2,1,0,2096183,8493,6,__amd_rocclr_copyBuffer,8493,294970523818573,294970523820136,0,0,16,0,128,512,1,1,7680,1,1
KERNEL_DISPATCH,Agent 2,1,0,2096183,8367,6,__amd_rocclr_copyBuffer,8367,294970523166753,294970523176411,0,0,16,0,128,512,1,1,10240,1,1
KERNEL_DISPATCH,Agent 2,1,0,2096183,8488,6,__amd_rocclr_copyBuffer,8488,294970523801381,294970523802904,0,0,16,0,128,512,1,1,7680,1,1
KERNEL_DISPATCH,Agent 2,1,0,2096183,8362,6,__amd_rocclr_copyBuffer,8362,294970523134573,294970523138781,0,0,16,0,128,512,1,1,10240,1,1
KERNEL_DISPATCH,Agent 2,1,0,2096183,8483,6,__amd_rocclr_copyBuffer,8483,294970523782946,294970523785190,0,0,16,0,128,512,1,1,7680,1,1
KERNEL_DISPATCH,Agent 2,1,0,2096183,8357,6,__amd_rocclr_copyBuffer,8357,294970520064790,294970520066473,0,0,16,0,128,512,1,1,1536,1,1
KERNEL_DISPATCH,Agent 2,1,0,2096183,8478,6,__amd_rocclr_copyBuffer,8478,294970523762708,294970523765033,0,0,16,0,128,512,1,1,7680,1,1
KERNEL_DISPATCH,Agent 2,1,0,2096183,8352,26,gemm_mq4g256v2_residual_iu4_v2b_add_gfx11,8352,294970442890761,294970452570872,0,0,248,0,128,32,16,1,1024,320,1
KERNEL_DISPATCH,Agent 2,1,0,2096183,8347,37,kv_cache_write_q8_0_batched,8347,294970434427446,294970434445119,0,0,8,0,128,32,1,1,1024,512,1
KERNEL_DISPATCH,Agent 2,1,0,2096183,8473,6,__amd_rocclr_copyBuffer,8473,294970523744595,294970523746037,0,0,16,0,128,512,1,1,7680,1,1
KERNEL_DISPATCH,Agent 2,1,0,2096183,8468,6,__amd_rocclr_copyBuffer,8468,294970523726521,294970523728044,0,0,16,0,128,512,1,1,7680,1,1
KERNEL_DISPATCH,Agent 2,1,0,2096183,8463,6,__amd_rocclr_copyBuffer,8463,294970523705882,294970523708567,0,0,16,0,128,512,1,1,7680,1,1
KERNEL_DISPATCH,Agent 2,1,0,2096183,8458,6,__amd_rocclr_copyBuffer,8458,294970523687087,294970523689451,0,0,16,0,128,512,1,1,7680,1,1
KERNEL_DISPATCH,Agent 2,1,0,2096183,8453,6,__amd_rocclr_copyBuffer,8453,294970523667691,294970523668733,0,0,16,0,128,512,1,1,1536,1,1
KERNEL_DISPATCH,Agent 2,1,0,2096183,8448,6,__amd_rocclr_copyBuffer,8448,294970523652422,294970523653504,0,0,16,0,128,512,1,1,1536,1,1
KERNEL_DISPATCH,Agent 2,1,0,2096183,8443,6,__amd_rocclr_copyBuffer,8443,294970523636953,294970523638155,0,0,16,0,128,512,1,1,1536,1,1
KERNEL_DISPATCH,Agent 2,1,0,2096183,8438,6,__amd_rocclr_copyBuffer,8438,294970523621725,294970523622767,0,0,16,0,128,512,1,1,1536,1,1
KERNEL_DISPATCH,Agent 2,1,0,2096183,8433,6,__amd_rocclr_copyBuffer,8433,294970523606576,294970523607658,0,0,16,0,128,512,1,1,1536,1,1
KERNEL_DISPATCH,Agent 2,1,0,2096183,8428,6,__amd_rocclr_copyBuffer,8428,294970523590346,294970523591749,0,0,16,0,128,512,1,1,1536,1,1
KERNEL_DISPATCH,Agent 2,1,0,2096183,8423,6,__amd_rocclr_copyBuffer,8423,294970523574757,294970523575999,0,0,16,0,128,512,1,1,1536,1,1
KERNEL_DISPATCH,Agent 2,1,0,2096183,8418,6,__amd_rocclr_copyBuffer,8418,294970523559408,294970523560490,0,0,16,0,128,512,1,1,1536,1,1
KERNEL_DISPATCH,Agent 2,1,0,2096183,8413,6,__amd_rocclr_copyBuffer,8413,294970523544140,294970523545262,0,0,16,0,128,512,1,1,1536,1,1
KERNEL_DISPATCH,Agent 2,1,0,2096183,8408,6,__amd_rocclr_copyBuffer,8408,294970523522499,294970523530033,0,0,16,0,128,512,1,1,10240,1,1
KERNEL_DISPATCH,Agent 2,1,0,2096183,8403,6,__amd_rocclr_copyBuffer,8403,294970523473087,294970523481222,0,0,16,0,128,512,1,1,10240,1,1
KERNEL_DISPATCH,Agent 2,1,0,2096183,8398,6,__amd_rocclr_copyBuffer,8398,294970523420909,294970523428163,0,0,16,0,128,512,1,1,10240,1,1
KERNEL_DISPATCH,Agent 2,1,0,2096183,8393,6,__amd_rocclr_copyBuffer,8393,294970523373180,294970523380954,0,0,16,0,128,512,1,1,10240,1,1
KERNEL_DISPATCH,Agent 2,1,0,2096183,8388,6,__amd_rocclr_copyBuffer,8388,294970523324729,294970523331983,0,0,16,0,128,512,1,1,10240,1,1
KERNEL_DISPATCH,Agent 2,1,0,2096183,8383,6,__amd_rocclr_copyBuffer,8383,294970523277841,294970523287219,0,0,16,0,128,512,1,1,10240,1,1
KERNEL_DISPATCH,Agent 2,1,0,2096183,8378,6,__amd_rocclr_copyBuffer,8378,294970523243176,294970523247384,0,0,16,0,128,512,1,1,10240,1,1
KERNEL_DISPATCH,Agent 2,1,0,2096183,8373,6,__amd_rocclr_copyBuffer,8373,294970523210195,294970523214843,0,0,16,0,128,512,1,1,10240,1,1
KERNEL_DISPATCH,Agent 2,1,0,2096183,8368,6,__amd_rocclr_copyBuffer,8368,294970523178335,294970523182583,0,0,16,0,128,512,1,1,10240,1,1
KERNEL_DISPATCH,Agent 2,1,0,2096183,8363,6,__amd_rocclr_copyBuffer,8363,294970523140705,294970523146035,0,0,16,0,128,512,1,1,10240,1,1
KERNEL_DISPATCH,Agent 2,1,0,2096183,8358,33,rmsnorm_f32,8358,294970520068637,294970520079377,0,0,16,0,128,256,1,1,256,1,1
KERNEL_DISPATCH,Agent 2,1,0,2096183,8353,23,fused_rmsnorm_mq_rotate_awq_i4,8353,294970452582093,294970453765026,0,0,96,0,128,256,1,1,2097152,1,1
KERNEL_DISPATCH,Agent 2,1,0,2096183,8348,37,kv_cache_write_q8_0_batched,8348,294970434447043,294970434462833,0,0,8,0,128,32,1,1,1024,512,1
KERNEL_DISPATCH,Agent 2,1,0,2096183,8343,37,kv_cache_write_q8_0_batched,8343,294970428304030,294970428320140,0,0,8,0,128,32,1,1,1024,512,1
KERNEL_DISPATCH,Agent 2,1,0,2096183,8501,6,__amd_rocclr_copyBuffer,8501,294970523848709,294970523850192,0,0,16,0,128,512,1,1,7680,1,1
KERNEL_DISPATCH,Agent 2,1,0,2096183,8338,38,attention_q8_0_fa2_gqa_gfx11,8338,294970417457937,294970422597673,0,0,224,0,128,256,1,1,8192,4,1
KERNEL_DISPATCH,Agent 2,1,0,2096183,8496,6,__amd_rocclr_copyBuffer,8496,294970523829714,294970523831156,0,0,16,0,128,512,1,1,7680,1,1
KERNEL_DISPATCH,Agent 2,1,0,2096183,8333,39,attention_fa2_q_preconvert_gfx11,8333,294970412546508,294970412622971,0,0,16,0,128,128,1,1,393216,1,1
KERNEL_DISPATCH,Agent 2,1,0,2096183,8491,6,__amd_rocclr_copyBuffer,8491,294970523811600,294970523813363,0,0,16,0,128,512,1,1,7680,1,1
KERNEL_DISPATCH,Agent 2,1,0,2096183,8328,37,kv_cache_write_q8_0_batched,8328,294970408117582,294970408132450,0,0,8,0,128,32,1,1,1024,512,1
KERNEL_DISPATCH,Agent 2,1,0,2096183,8486,6,__amd_rocclr_copyBuffer,8486,294970523794408,294970523795850,0,0,16,0,128,512,1,1,7680,1,1
KERNEL_DISPATCH,Agent 2,1,0,2096183,8323,37,kv_cache_write_q8_0_batched,8323,294970404052817,294970404066923,0,0,8,0,128,32,1,1,1024,512,1
KERNEL_DISPATCH,Agent 2,1,0,2096183,8481,6,__amd_rocclr_copyBuffer,8481,294970523775212,294970523777175,0,0,16,0,128,512,1,1,7680,1,1
KERNEL_DISPATCH,Agent 2,1,0,2096183,8318,38,attention_q8_0_fa2_gqa_gfx11,8318,294970397364062,294970400426913,0,0,224,0,128,256,1,1,8192,4,1
KERNEL_DISPATCH,Agent 2,1,0,2096183,8313,39,attention_fa2_q_preconvert_gfx11,8313,294970394513890,294970394592557,0,0,16,0,128,128,1,1,393216,1,1
KERNEL_DISPATCH,Agent 2,1,0,2096183,8476,6,__amd_rocclr_copyBuffer,8476,294970523755134,294970523756577,0,0,16,0,128,512,1,1,7680,1,1
KERNEL_DISPATCH,Agent 2,1,0,2096183,8471,6,__amd_rocclr_copyBuffer,8471,294970523737501,294970523739224,0,0,16,0,128,512,1,1,7680,1,1
KERNEL_DISPATCH,Agent 2,1,0,2096183,8466,6,__amd_rocclr_copyBuffer,8466,294970523718947,294970523721111,0,0,16,0,128,512,1,1,7680,1,1
KERNEL_DISPATCH,Agent 2,1,0,2096183,8461,6,__amd_rocclr_copyBuffer,8461,294970523699069,294970523700552,0,0,16,0,128,512,1,1,7680,1,1
KERNEL_DISPATCH,Agent 2,1,0,2096183,8456,6,__amd_rocclr_copyBuffer,8456,294970523676828,294970523677910,0,0,16,0,128,512,1,1,1536,1,1
KERNEL_DISPATCH,Agent 2,1,0,2096183,8364,6,__amd_rocclr_copyBuffer,8364,294970523147998,294970523152246,0,0,16,0,128,512,1,1,10240,1,1
KERNEL_DISPATCH,Agent 2,1,0,2096183,8451,6,__amd_rocclr_copyBuffer,8451,294970523661599,294970523662802,0,0,16,0,128,512,1,1,1536,1,1
KERNEL_DISPATCH,Agent 2,1,0,2096183,8446,6,__amd_rocclr_copyBuffer,8446,294970523646050,294970523647172,0,0,16,0,128,512,1,1,1536,1,1
KERNEL_DISPATCH,Agent 2,1,0,2096183,8359,41,mq_rotate_x,8359,294970520082102,294970520084066,0,0,32,0,128,32,1,1,640,1,1
KERNEL_DISPATCH,Agent 2,1,0,2096183,8441,6,__amd_rocclr_copyBuffer,8441,294970523630902,294970523631984,0,0,16,0,128,512,1,1,1536,1,1
KERNEL_DISPATCH,Agent 2,1,0,2096183,8436,6,__amd_rocclr_copyBuffer,8436,294970523615753,294970523616876,0,0,16,0,128,512,1,1,1536,1,1
KERNEL_DISPATCH,Agent 2,1,0,2096183,8354,24,gemm_mq4g256v2_gate_up_silu_iu4_v2b_gfx11,8354,294970453776207,294970494937858,0,0,248,0,128,32,16,1,1024,2176,1
KERNEL_DISPATCH,Agent 2,1,0,2096183,8431,6,__amd_rocclr_copyBuffer,8431,294970523599964,294970523601607,0,0,16,0,128,512,1,1,1536,1,1
KERNEL_DISPATCH,Agent 2,1,0,2096183,8349,39,attention_fa2_q_preconvert_gfx11,8349,294970434464916,294970434532363,0,0,16,0,128,128,1,1,393216,1,1
KERNEL_DISPATCH,Agent 2,1,0,2096183,8426,6,__amd_rocclr_copyBuffer,8426,294970523584094,294970523585216,0,0,16,0,128,512,1,1,1536,1,1
KERNEL_DISPATCH,Agent 2,1,0,2096183,8344,37,kv_cache_write_q8_0_batched,8344,294970428322103,294970428338174,0,0,8,0,128,32,1,1,1024,512,1
KERNEL_DISPATCH,Agent 2,1,0,2096183,8421,6,__amd_rocclr_copyBuffer,8421,294970523568746,294970523569908,0,0,16,0,128,512,1,1,1536,1,1
KERNEL_DISPATCH,Agent 2,1,0,2096183,8416,6,__amd_rocclr_copyBuffer,8416,294970523553437,294970523554559,0,0,16,0,128,512,1,1,1536,1,1
KERNEL_DISPATCH,Agent 2,1,0,2096183,8339,37,kv_cache_write_q8_0_batched,8339,294970422608734,294970422631376,0,0,8,0,128,32,1,1,1024,512,1
KERNEL_DISPATCH,Agent 2,1,0,2096183,8411,6,__amd_rocclr_copyBuffer,8411,294970523537928,294970523539170,0,0,16,0,128,512,1,1,1536,1,1
KERNEL_DISPATCH,Agent 2,1,0,2096183,8334,38,attention_q8_0_fa2_gqa_gfx11,8334,294970412629463,294970417331180,0,0,224,0,128,256,1,1,8192,4,1
KERNEL_DISPATCH,Agent 2,1,0,2096183,8406,6,__amd_rocclr_copyBuffer,8406,294970523503664,294970523510477,0,0,16,0,128,512,1,1,10240,1,1
KERNEL_DISPATCH,Agent 2,1,0,2096183,8401,6,__amd_rocclr_copyBuffer,8401,294970523454812,294970523462467,0,0,16,0,128,512,1,1,10240,1,1
KERNEL_DISPATCH,Agent 2,1,0,2096183,8329,39,attention_fa2_q_preconvert_gfx11,8329,294970408134293,294970408211518,0,0,16,0,128,128,1,1,393216,1,1
KERNEL_DISPATCH,Agent 2,1,0,2096183,8342,38,attention_q8_0_fa2_gqa_gfx11,8342,294970422728478,294970428292809,0,0,224,0,128,256,1,1,8192,4,1
KERNEL_DISPATCH,Agent 2,1,0,2096183,8396,6,__amd_rocclr_copyBuffer,8396,294970523401633,294970523408365,0,0,16,0,128,512,1,1,10240,1,1
KERNEL_DISPATCH,Agent 2,1,0,2096183,8324,37,kv_cache_write_q8_0_batched,8324,294970404068887,294970404082232,0,0,8,0,128,32,1,1,1024,512,1
KERNEL_DISPATCH,Agent 2,1,0,2096183,8337,39,attention_fa2_q_preconvert_gfx11,8337,294970417375543,294970417451485,0,0,16,0,128,128,1,1,393216,1,1
KERNEL_DISPATCH,Agent 2,1,0,2096183,8391,6,__amd_rocclr_copyBuffer,8391,294970523353503,294970523361838,0,0,16,0,128,512,1,1,10240,1,1
KERNEL_DISPATCH,Agent 2,1,0,2096183,8332,37,kv_cache_write_q8_0_batched,8332,294970412530037,294970412544584,0,0,8,0,128,32,1,1,1024,512,1
KERNEL_DISPATCH,Agent 2,1,0,2096183,8386,6,__amd_rocclr_copyBuffer,8386,294970523305693,294970523312626,0,0,16,0,128,512,1,1,10240,1,1
KERNEL_DISPATCH,Agent 2,1,0,2096183,8381,6,__amd_rocclr_copyBuffer,8381,294970523262973,294970523269065,0,0,16,0,128,512,1,1,10240,1,1
KERNEL_DISPATCH,Agent 2,1,0,2096183,8376,6,__amd_rocclr_copyBuffer,8376,294970523229992,294970523234400,0,0,16,0,128,512,1,1,10240,1,1
KERNEL_DISPATCH,Agent 2,1,0,2096183,8371,6,__amd_rocclr_copyBuffer,8371,294970523197090,294970523202220,0,0,16,0,128,512,1,1,10240,1,1
KERNEL_DISPATCH,Agent 2,1,0,2096183,8366,6,__amd_rocclr_copyBuffer,8366,294970523160582,294970523164790,0,0,16,0,128,512,1,1,10240,1,1
KERNEL_DISPATCH,Agent 2,1,0,2096183,8361,6,__amd_rocclr_copyBuffer,8361,294970523127320,294970523132650,0,0,16,0,128,512,1,1,10240,1,1
KERNEL_DISPATCH,Agent 2,1,0,2096183,8356,26,gemm_mq4g256v2_residual_iu4_v2b_add_gfx11,8356,294970497997423,294970520053168,0,0,248,0,128,32,16,1,1024,320,1
KERNEL_DISPATCH,Agent 2,1,0,2096183,8351,40,sigmoid_mul_rotate_x_mq_awq_i4_gfx11,8351,294970440972612,294970442879460,0,0,88,0,128,32,1,1,6291456,1,1
KERNEL_DISPATCH,Agent 2,1,0,2096183,8346,38,attention_q8_0_fa2_gqa_gfx11,8346,294970428416721,294970434416225,0,0,224,0,128,256,1,1,8192,4,1
KERNEL_DISPATCH,Agent 2,1,0,2096183,8341,39,attention_fa2_q_preconvert_gfx11,8341,294970422652135,294970422721986,0,0,16,0,128,128,1,1,393216,1,1
KERNEL_DISPATCH,Agent 2,1,0,2096183,8336,37,kv_cache_write_q8_0_batched,8336,294970417358631,294970417373499,0,0,8,0,128,32,1,1,1024,512,1
KERNEL_DISPATCH,Agent 2,1,0,2096183,8331,37,kv_cache_write_q8_0_batched,8331,294970412514568,294970412528074,0,0,8,0,128,32,1,1,1024,512,1
KERNEL_DISPATCH,Agent 2,1,0,2096183,8326,38,attention_q8_0_fa2_gqa_gfx11,8326,294970404169034,294970408090932,0,0,224,0,128,256,1,1,8192,4,1
KERNEL_DISPATCH,Agent 2,1,0,2096183,8321,39,attention_fa2_q_preconvert_gfx11,8321,294970400469472,294970400548260,0,0,16,0,128,128,1,1,393216,1,1
KERNEL_DISPATCH,Agent 2,1,0,2096183,8316,37,kv_cache_write_q8_0_batched,8316,294970397264035,294970397276418,0,0,8,0,128,32,1,1,1024,512,1
KERNEL_DISPATCH,Agent 2,1,0,2096183,8311,37,kv_cache_write_q8_0_batched,8311,294970394484074,294970394497660,0,0,8,0,128,32,1,1,1024,512,1
KERNEL_DISPATCH,Agent 2,1,0,2096183,8306,38,attention_q8_0_fa2_gqa_gfx11,8306,294970390319362,294970392142894,0,0,224,0,128,256,1,1,8192,4,1
KERNEL_DISPATCH,Agent 2,1,0,2096183,8301,39,attention_fa2_q_preconvert_gfx11,8301,294970388680135,294970388760606,0,0,16,0,128,128,1,1,393216,1,1
KERNEL_DISPATCH,Agent 2,1,0,2096183,8296,37,kv_cache_write_q8_0_batched,8296,294970387528420,294970387540924,0,0,8,0,128,32,1,1,1024,512,1
KERNEL_DISPATCH,Agent 2,1,0,2096183,8291,37,kv_cache_write_q8_0_batched,8291,294970386750084,294970386770202,0,0,8,0,128,32,1,1,1024,512,1
KERNEL_DISPATCH,Agent 2,1,0,2096183,8286,34,rope_partial_halfsplit_batched_f32,8286,294970384020297,294970386280686,0,0,24,0,128,256,1,1,256,8192,1
KERNEL_DISPATCH,Agent 2,1,0,2096183,8281,27,gemm_mq4g256v2_residual_iu4_v2b_set_gfx11,8281,294970362789174,294970377237406,0,0,248,0,128,32,16,1,1024,768,1
KERNEL_DISPATCH,Agent 2,1,0,2096183,8276,23,fused_rmsnorm_mq_rotate_awq_i4,8276,294970294502253,294970295672081,0,0,96,0,128,256,1,1,2097152,1,1
KERNEL_DISPATCH,Agent 2,1,0,2096183,8308,37,kv_cache_write_q8_0_batched,8308,294970392174513,294970392187217,0,0,8,0,128,32,1,1,1024,512,1
KERNEL_DISPATCH,Agent 2,1,0,2096183,8271,22,gdn_chunk_scan,8271,294970281954416,294970282270528,60928,0,216,0,128,512,1,1,512,48,1
KERNEL_DISPATCH,Agent 2,1,0,2096183,8303,37,kv_cache_write_q8_0_batched,8303,294970390204026,294970390217732,0,0,8,0,128,32,1,1,1024,512,1
KERNEL_DISPATCH,Agent 2,1,0,2096183,8266,21,gdn_chunk_kkt_solve,8266,294970281171912,294970281217678,11776,0,120,0,128,128,1,1,1024,16,1
KERNEL_DISPATCH,Agent 2,1,0,2096183,8261,22,gdn_chunk_scan,8261,294970280111328,294970280424554,60928,0,216,0,128,512,1,1,512,48,1
KERNEL_DISPATCH,Agent 2,1,0,2096183,8256,21,gdn_chunk_kkt_solve,8256,294970279324055,294970279372826,11776,0,120,0,128,128,1,1,1024,16,1
KERNEL_DISPATCH,Agent 2,1,0,2096183,8251,22,gdn_chunk_scan,8251,294970278263471,294970278571367,60928,0,216,0,128,512,1,1,512,48,1
KERNEL_DISPATCH,Agent 2,1,0,2096183,8246,21,gdn_chunk_kkt_solve,8246,294970277483852,294970277527213,11776,0,120,0,128,128,1,1,1024,16,1
KERNEL_DISPATCH,Agent 2,1,0,2096183,8241,20,gdn_chunk_prep,8241,294970273425820,294970276716256,0,0,72,0,128,256,1,1,32768,10,1
KERNEL_DISPATCH,Agent 2,1,0,2096183,8236,26,gemm_mq4g256v2_residual_iu4_v2b_add_gfx11,8236,294970228656619,294970250637023,0,0,248,0,128,32,16,1,1024,320,1
KERNEL_DISPATCH,Agent 2,1,0,2096183,8231,29,gated_norm_mq_rotate_awq_i4_gfx11,8231,294970171349680,294970173793412,1024,0,48,0,128,64,1,1,1536,8192,1
KERNEL_DISPATCH,Agent 2,1,0,2096183,8226,22,gdn_chunk_scan,8226,294970170289416,294970170601560,60928,0,216,0,128,512,1,1,512,48,1
KERNEL_DISPATCH,Agent 2,1,0,2096183,8221,21,gdn_chunk_kkt_solve,8221,294970169500661,294970169547789,11776,0,120,0,128,128,1,1,1024,16,1
KERNEL_DISPATCH,Agent 2,1,0,2096183,8216,22,gdn_chunk_scan,8216,294970168441439,294970168755386,60928,0,216,0,128,512,1,1,512,48,1
KERNEL_DISPATCH,Agent 2,1,0,2096183,8211,21,gdn_chunk_kkt_solve,8211,294970167657051,294970167702937,11776,0,120,0,128,128,1,1,1024,16,1
KERNEL_DISPATCH,Agent 2,1,0,2096183,8206,22,gdn_chunk_scan,8206,294970166596788,294970166910094,60928,0,216,0,128,512,1,1,512,48,1
KERNEL_DISPATCH,Agent 2,1,0,2096183,8201,21,gdn_chunk_kkt_solve,8201,294970165806749,294970165858166,11776,0,120,0,128,128,1,1,1024,16,1
KERNEL_DISPATCH,Agent 2,1,0,2096183,8196,27,gemm_mq4g256v2_residual_iu4_v2b_set_gfx11,8196,294970152654302,294970160049177,0,0,248,0,128,32,16,1,1024,400,1
KERNEL_DISPATCH,Agent 2,1,0,2096183,8191,24,gemm_mq4g256v2_gate_up_silu_iu4_v2b_gfx11,8191,294970073472316,294970114389270,0,0,248,0,128,32,16,1,1024,2176,1
KERNEL_DISPATCH,Agent 2,1,0,2096183,8186,21,gdn_chunk_kkt_solve,8186,294970059762465,294970059809554,11776,0,120,0,128,128,1,1,1024,16,1
KERNEL_DISPATCH,Agent 2,1,0,2096183,8319,37,kv_cache_write_q8_0_batched,8319,294970400437773,294970400451559,0,0,8,0,128,32,1,1,1024,512,1
KERNEL_DISPATCH,Agent 2,1,0,2096183,8181,22,gdn_chunk_scan,8181,294970058707973,294970059025607,60928,0,216,0,128,512,1,1,512,48,1
KERNEL_DISPATCH,Agent 2,1,0,2096183,8327,37,kv_cache_write_q8_0_batched,8327,294970408102033,294970408115738,0,0,8,0,128,32,1,1,1024,512,1
KERNEL_DISPATCH,Agent 2,1,0,2096183,8176,21,gdn_chunk_kkt_solve,8176,294970057925749,294970057970112,11776,0,120,0,128,128,1,1,1024,16,1
KERNEL_DISPATCH,Agent 2,1,0,2096183,8322,38,attention_q8_0_fa2_gqa_gfx11,8322,294970400554712,294970404041916,0,0,224,0,128,256,1,1,8192,4,1
KERNEL_DISPATCH,Agent 2,1,0,2096183,8171,22,gdn_chunk_scan,8171,294970056880393,294970057190053,60928,0,216,0,128,512,1,1,512,48,1
KERNEL_DISPATCH,Agent 2,1,0,2096183,8166,21,gdn_chunk_kkt_solve,8166,294970056093000,294970056138365,11776,0,120,0,128,128,1,1,1024,16,1
KERNEL_DISPATCH,Agent 2,1,0,2096183,8161,22,gdn_chunk_scan,8161,294970055033818,294970055348487,60928,0,216,0,128,512,1,1,512,48,1
KERNEL_DISPATCH,Agent 2,1,0,2096183,8156,21,gdn_chunk_kkt_solve,8156,294970054224665,294970054278966,11776,0,120,0,128,128,1,1,1024,16,1
KERNEL_DISPATCH,Agent 2,1,0,2096183,8151,23,fused_rmsnorm_mq_rotate_awq_i4,8151,294970028084117,294970029282679,0,0,96,0,128,256,1,1,2097152,1,1
KERNEL_DISPATCH,Agent 2,1,0,2096183,8146,26,gemm_mq4g256v2_residual_iu4_v2b_add_gfx11,8146,294969950688714,294969960317609,0,0,248,0,128,32,16,1,1024,320,1
KERNEL_DISPATCH,Agent 2,1,0,2096183,8141,37,kv_cache_write_q8_0_batched,8141,294969942240267,294969942258341,0,0,8,0,128,32,1,1,1024,512,1
KERNEL_DISPATCH,Agent 2,1,0,2096183,8136,38,attention_q8_0_fa2_gqa_gfx11,8136,294969930558170,294969936092004,0,0,224,0,128,256,1,1,8192,4,1
KERNEL_DISPATCH,Agent 2,1,0,2096183,8131,39,attention_fa2_q_preconvert_gfx11,8131,294969925224671,294969925298129,0,0,16,0,128,128,1,1,393216,1,1
KERNEL_DISPATCH,Agent 2,1,0,2096183,8126,37,kv_cache_write_q8_0_batched,8126,294969920379607,294969920394234,0,0,8,0,128,32,1,1,1024,512,1
KERNEL_DISPATCH,Agent 2,1,0,2096183,8121,37,kv_cache_write_q8_0_batched,8121,294969915936173,294969915949839,0,0,8,0,128,32,1,1,1024,512,1
KERNEL_DISPATCH,Agent 2,1,0,2096183,8116,38,attention_q8_0_fa2_gqa_gfx11,8116,294969908405644,294969911886637,0,0,224,0,128,256,1,1,8192,4,1
KERNEL_DISPATCH,Agent 2,1,0,2096183,8111,39,attention_fa2_q_preconvert_gfx11,8111,294969905140735,294969905224011,0,0,16,0,128,128,1,1,393216,1,1
KERNEL_DISPATCH,Agent 2,1,0,2096183,8106,37,kv_cache_write_q8_0_batched,8106,294969902377445,294969902389788,0,0,8,0,128,32,1,1,1024,512,1
KERNEL_DISPATCH,Agent 2,1,0,2096183,8101,37,kv_cache_write_q8_0_batched,8101,294969900011459,294969900025605,0,0,8,0,128,32,1,1,1024,512,1
KERNEL_DISPATCH,Agent 2,1,0,2096183,8096,38,attention_q8_0_fa2_gqa_gfx11,8096,294969896669566,294969898069626,0,0,224,0,128,256,1,1,8192,4,1
KERNEL_DISPATCH,Agent 2,1,0,2096183,8091,39,attention_fa2_q_preconvert_gfx11,8091,294969895442470,294969895520817,0,0,16,0,128,128,1,1,393216,1,1
KERNEL_DISPATCH,Agent 2,1,0,2096183,8086,37,kv_cache_write_q8_0_batched,8086,294969894643816,294969894661409,0,0,8,0,128,32,1,1,1024,512,1
KERNEL_DISPATCH,Agent 2,1,0,2096183,8081,37,kv_cache_write_q8_0_batched,8081,294969894146245,294969894172775,0,0,8,0,128,32,1,1,1024,512,1
KERNEL_DISPATCH,Agent 2,1,0,2096183,8076,27,gemm_mq4g256v2_residual_iu4_v2b_set_gfx11,8076,294969885118475,294969886567025,0,0,248,0,128,32,16,1,1024,64,1
KERNEL_DISPATCH,Agent 2,1,0,2096183,8071,24,gemm_mq4g256v2_gate_up_silu_iu4_v2b_gfx11,8071,294969803561004,294969844487977,0,0,248,0,128,32,16,1,1024,2176,1
KERNEL_DISPATCH,Agent 2,1,0,2096183,8066,21,gdn_chunk_kkt_solve,8066,294969789921686,294969789969014,11776,0,120,0,128,128,1,1,1024,16,1
KERNEL_DISPATCH,Agent 2,1,0,2096183,8298,38,attention_q8_0_fa2_gqa_gfx11,8298,294970387627646,294970388638938,0,0,224,0,128,256,1,1,8192,4,1
KERNEL_DISPATCH,Agent 2,1,0,2096183,8061,22,gdn_chunk_scan,8061,294969788861382,294969789173486,60928,0,216,0,128,512,1,1,512,48,1
KERNEL_DISPATCH,Agent 2,1,0,2096183,8293,39,attention_fa2_q_preconvert_gfx11,8293,294970386791482,294970386883654,0,0,16,0,128,128,1,1,393216,1,1
KERNEL_DISPATCH,Agent 2,1,0,2096183,8056,21,gdn_chunk_kkt_solve,8056,294969788065573,294969788113343,11776,0,120,0,128,128,1,1,1024,16,1
KERNEL_DISPATCH,Agent 2,1,0,2096183,8288,37,kv_cache_write_q8_0_batched,8288,294970386315551,294970386338995,0,0,8,0,128,32,1,1,1024,512,1
KERNEL_DISPATCH,Agent 2,1,0,2096183,8051,22,gdn_chunk_scan,8051,294969787006351,294969787320138,60928,0,216,0,128,512,1,1,512,48,1
KERNEL_DISPATCH,Agent 2,1,0,2096183,8283,27,gemm_mq4g256v2_residual_iu4_v2b_set_gfx11,8283,294970378737413,294970380132663,0,0,248,0,128,32,16,1,1024,64,1
KERNEL_DISPATCH,Agent 2,1,0,2096183,8046,21,gdn_chunk_kkt_solve,8046,294969786212747,294969786261758,11776,0,120,0,128,128,1,1,1024,16,1
KERNEL_DISPATCH,Agent 2,1,0,2096183,8041,22,gdn_chunk_scan,8041,294969785158494,294969785474085,60928,0,216,0,128,512,1,1,512,48,1
KERNEL_DISPATCH,Agent 2,1,0,2096183,8278,30,fused_silu_mul_mq_rotate_awq_i4_hin,8278,294970336525236,294970339543763,0,0,80,0,128,32,1,1,2176,8192,1
KERNEL_DISPATCH,Agent 2,1,0,2096183,8273,22,gdn_chunk_scan,8273,294970282323667,294970282635330,60928,0,216,0,128,512,1,1,512,48,1
KERNEL_DISPATCH,Agent 2,1,0,2096183,8036,21,gdn_chunk_kkt_solve,8036,294969784346054,294969784400276,11776,0,120,0,128,128,1,1,1024,16,1
KERNEL_DISPATCH,Agent 2,1,0,2096183,8268,21,gdn_chunk_kkt_solve,8268,294970281541524,294970281586969,11776,0,120,0,128,128,1,1,1024,16,1
KERNEL_DISPATCH,Agent 2,1,0,2096183,8031,23,fused_rmsnorm_mq_rotate_awq_i4,8031,294969758291627,294969759481133,0,0,96,0,128,256,1,1,2097152,1,1
KERNEL_DISPATCH,Agent 2,1,0,2096183,8263,22,gdn_chunk_scan,8263,294970280478295,294970280796049,60928,0,216,0,128,512,1,1,512,48,1
KERNEL_DISPATCH,Agent 2,1,0,2096183,8026,26,gemm_mq4g256v2_residual_iu4_v2b_add_gfx11,8026,294969681713233,294969691376192,0,0,248,0,128,32,16,1,1024,320,1
KERNEL_DISPATCH,Agent 2,1,0,2096183,8258,21,gdn_chunk_kkt_solve,8258,294970279695189,294970279741155,11776,0,120,0,128,128,1,1,1024,16,1
KERNEL_DISPATCH,Agent 2,1,0,2096183,8021,21,gdn_chunk_kkt_solve,8021,294969678531961,294969678577847,11776,0,120,0,128,128,1,1,1024,16,1
KERNEL_DISPATCH,Agent 2,1,0,2096183,8253,22,gdn_chunk_scan,8253,294970278633122,294970278948753,60928,0,216,0,128,512,1,1,512,48,1
KERNEL_DISPATCH,Agent 2,1,0,2096183,8016,22,gdn_chunk_scan,8016,294969677481596,294969677794581,60928,0,216,0,128,512,1,1,512,48,1
KERNEL_DISPATCH,Agent 2,1,0,2096183,8248,21,gdn_chunk_kkt_solve,8248,294970277849616,294970277896504,11776,0,120,0,128,128,1,1,1024,16,1
KERNEL_DISPATCH,Agent 2,1,0,2096183,8011,21,gdn_chunk_kkt_solve,8011,294969676694122,294969676740128,11776,0,120,0,128,128,1,1,1024,16,1
KERNEL_DISPATCH,Agent 2,1,0,2096183,8006,22,gdn_chunk_scan,8006,294969675642234,294969675955380,60928,0,216,0,128,512,1,1,512,48,1
KERNEL_DISPATCH,Agent 2,1,0,2096183,8314,38,attention_q8_0_fa2_gqa_gfx11,8314,294970394599049,294970397237305,0,0,224,0,128,256,1,1,8192,4,1
KERNEL_DISPATCH,Agent 2,1,0,2096183,8001,21,gdn_chunk_kkt_solve,8001,294969674864700,294969674911547,11776,0,120,0,128,128,1,1,1024,16,1
KERNEL_DISPATCH,Agent 2,1,0,2096183,8309,39,attention_fa2_q_preconvert_gfx11,8309,294970392189180,294970392269010,0,0,16,0,128,128,1,1,393216,1,1
KERNEL_DISPATCH,Agent 2,1,0,2096183,7996,22,gdn_chunk_scan,7996,294969673809606,294969674121669,60928,0,216,0,128,512,1,1,512,48,1
KERNEL_DISPATCH,Agent 2,1,0,2096183,8304,37,kv_cache_write_q8_0_batched,8304,294970390219696,294970390232319,0,0,8,0,128,32,1,1,1024,512,1
KERNEL_DISPATCH,Agent 2,1,0,2096183,8317,39,attention_fa2_q_preconvert_gfx11,8317,294970397278342,294970397357650,0,0,16,0,128,128,1,1,393216,1,1
KERNEL_DISPATCH,Agent 2,1,0,2096183,7991,28,split_mq4v2_z_betaalpha,7991,294969668063455,294969670101428,0,0,16,0,128,256,1,1,2097152,1,1
KERNEL_DISPATCH,Agent 2,1,0,2096183,8312,37,kv_cache_write_q8_0_batched,8312,294970394499503,294970394512046,0,0,8,0,128,32,1,1,1024,512,1
KERNEL_DISPATCH,Agent 2,1,0,2096183,8299,37,kv_cache_write_q8_0_batched,8299,294970388649718,294970388663624,0,0,8,0,128,32,1,1,1024,512,1
KERNEL_DISPATCH,Agent 2,1,0,2096183,7986,30,fused_silu_mul_mq_rotate_awq_i4_hin,7986,294969622303640,294969625313712,0,0,80,0,128,32,1,1,2176,8192,1
KERNEL_DISPATCH,Agent 2,1,0,2096183,8307,37,kv_cache_write_q8_0_batched,8307,294970392153634,294970392172629,0,0,8,0,128,32,1,1,1024,512,1
KERNEL_DISPATCH,Agent 2,1,0,2096183,8294,38,attention_q8_0_fa2_gqa_gfx11,8294,294970386890146,294970387502131,0,0,224,0,128,256,1,1,8192,4,1
KERNEL_DISPATCH,Agent 2,1,0,2096183,7981,22,gdn_chunk_scan,7981,294969567692305,294969568005972,60928,0,216,0,128,512,1,1,512,48,1
KERNEL_DISPATCH,Agent 2,1,0,2096183,8302,38,attention_q8_0_fa2_gqa_gfx11,8302,294970388767098,294970390193086,0,0,224,0,128,256,1,1,8192,4,1
KERNEL_DISPATCH,Agent 2,1,0,2096183,8297,39,attention_fa2_q_preconvert_gfx11,8297,294970387542887,294970387621154,0,0,16,0,128,128,1,1,393216,1,1
KERNEL_DISPATCH,Agent 2,1,0,2096183,8292,37,kv_cache_write_q8_0_batched,8292,294970386772045,294970386789638,0,0,8,0,128,32,1,1,1024,512,1
KERNEL_DISPATCH,Agent 2,1,0,2096183,7976,21,gdn_chunk_kkt_solve,7976,294969566909761,294969566958853,11776,0,120,0,128,128,1,1,1024,16,1
KERNEL_DISPATCH,Agent 2,1,0,2096183,8289,39,attention_fa2_q_preconvert_gfx11,8289,294970386341039,294970386489076,0,0,16,0,128,128,1,1,393216,1,1
KERNEL_DISPATCH,Agent 2,1,0,2096183,7971,22,gdn_chunk_scan,7971,294969565853184,294969566165528,60928,0,216,0,128,512,1,1,512,48,1
KERNEL_DISPATCH,Agent 2,1,0,2096183,8284,31,deinterleave_q_rmsnorm_f32_batched,8284,294970380143684,294970383706229,0,0,24,0,128,256,1,1,6144,8192,1
KERNEL_DISPATCH,Agent 2,1,0,2096183,7966,21,gdn_chunk_kkt_solve,7966,294969565068316,294969565112879,11776,0,120,0,128,128,1,1,1024,16,1
KERNEL_DISPATCH,Agent 2,1,0,2096183,7961,22,gdn_chunk_scan,7961,294969564008653,294969564324364,60928,0,216,0,128,512,1,1,512,48,1
KERNEL_DISPATCH,Agent 2,1,0,2096183,8279,26,gemm_mq4g256v2_residual_iu4_v2b_add_gfx11,8279,294970339554984,294970361586083,0,0,248,0,128,32,16,1,1024,320,1
KERNEL_DISPATCH,Agent 2,1,0,2096183,7956,21,gdn_chunk_kkt_solve,7956,294969563218134,294969563267787,11776,0,120,0,128,128,1,1,1024,16,1
KERNEL_DISPATCH,Agent 2,1,0,2096183,8274,29,gated_norm_mq_rotate_awq_i4_gfx11,8274,294970282641903,294970285086516,1024,0,48,0,128,64,1,1,1536,8192,1
KERNEL_DISPATCH,Agent 2,1,0,2096183,7951,22,gdn_chunk_scan,7951,294969562149134,294969562476426,60928,0,216,0,128,512,1,1,512,48,1
KERNEL_DISPATCH,Agent 2,1,0,2096183,8269,22,gdn_chunk_scan,8269,294970281588812,294970281901277,60928,0,216,0,128,512,1,1,512,48,1
KERNEL_DISPATCH,Agent 2,1,0,2096183,7946,27,gemm_mq4g256v2_residual_iu4_v2b_set_gfx11,7946,294969537187913,294969549299813,0,0,248,0,128,32,16,1,1024,640,1
KERNEL_DISPATCH,Agent 2,1,0,2096183,8264,21,gdn_chunk_kkt_solve,8264,294970280802501,294970280846984,11776,0,120,0,128,128,1,1,1024,16,1
KERNEL_DISPATCH,Agent 2,1,0,2096183,7941,23,fused_rmsnorm_mq_rotate_awq_i4,7941,294969468221560,294969469404934,0,0,96,0,128,256,1,1,2097152,1,1
KERNEL_DISPATCH,Agent 2,1,0,2096183,8259,22,gdn_chunk_scan,8259,294970279743079,294970280055824,60928,0,216,0,128,512,1,1,512,48,1
KERNEL_DISPATCH,Agent 2,1,0,2096183,7936,37,kv_cache_write_q8_0_batched,7936,294969449863052,294969449879403,0,0,8,0,128,32,1,1,1024,512,1
KERNEL_DISPATCH,Agent 2,1,0,2096183,8254,21,gdn_chunk_kkt_solve,8254,294970278955205,294970279000369,11776,0,120,0,128,128,1,1,1024,16,1
KERNEL_DISPATCH,Agent 2,1,0,2096183,7931,37,kv_cache_write_q8_0_batched,7931,294969443729296,294969443745326,0,0,8,0,128,32,1,1,1024,512,1
KERNEL_DISPATCH,Agent 2,1,0,2096183,8249,22,gdn_chunk_scan,8249,294970277898468,294970278209169,60928,0,216,0,128,512,1,1,512,48,1
KERNEL_DISPATCH,Agent 2,1,0,2096183,7926,38,attention_q8_0_fa2_gqa_gfx11,7926,294969432915023,294969438030514,0,0,224,0,128,256,1,1,8192,4,1
KERNEL_DISPATCH,Agent 2,1,0,2096183,8244,21,gdn_chunk_kkt_solve,8244,294970277116685,294970277163292,11776,0,120,0,128,128,1,1,1024,16,1
KERNEL_DISPATCH,Agent 2,1,0,2096183,7921,39,attention_fa2_q_preconvert_gfx11,7921,294969428019944,294969428097730,0,0,16,0,128,128,1,1,393216,1,1
KERNEL_DISPATCH,Agent 2,1,0,2096183,8239,27,gemm_mq4g256v2_residual_iu4_v2b_set_gfx11,8239,294970263949290,294970271376145,0,0,248,0,128,32,16,1,1024,400,1
KERNEL_DISPATCH,Agent 2,1,0,2096183,7916,37,kv_cache_write_q8_0_batched,7916,294969423601878,294969423616746,0,0,8,0,128,32,1,1,1024,512,1
KERNEL_DISPATCH,Agent 2,1,0,2096183,8234,24,gemm_mq4g256v2_gate_up_silu_iu4_v2b_gfx11,8234,294970184689398,294970225601222,0,0,248,0,128,32,16,1,1024,2176,1
KERNEL_DISPATCH,Agent 2,1,0,2096183,7911,37,kv_cache_write_q8_0_batched,7911,294969419547052,294969419561279,0,0,8,0,128,32,1,1,1024,512,1
KERNEL_DISPATCH,Agent 2,1,0,2096183,8229,21,gdn_chunk_kkt_solve,8229,294970170981872,294970171027477,11776,0,120,0,128,128,1,1,1024,16,1
KERNEL_DISPATCH,Agent 2,1,0,2096183,7906,38,attention_q8_0_fa2_gqa_gfx11,7906,294969412860822,294969415921389,0,0,224,0,128,256,1,1,8192,4,1
KERNEL_DISPATCH,Agent 2,1,0,2096183,8224,22,gdn_chunk_scan,8224,294970169919885,294970170233872,60928,0,216,0,128,512,1,1,512,48,1
KERNEL_DISPATCH,Agent 2,1,0,2096183,7901,39,attention_fa2_q_preconvert_gfx11,7901,294969410030888,294969410110517,0,0,16,0,128,128,1,1,393216,1,1
KERNEL_DISPATCH,Agent 2,1,0,2096183,8219,21,gdn_chunk_kkt_solve,8219,294970169130809,294970169176013,11776,0,120,0,128,128,1,1,1024,16,1
KERNEL_DISPATCH,Agent 2,1,0,2096183,7896,37,kv_cache_write_q8_0_batched,7896,294969407654802,294969407667225,0,0,8,0,128,32,1,1,1024,512,1
KERNEL_DISPATCH,Agent 2,1,0,2096183,8214,22,gdn_chunk_scan,8214,294970168076716,294970168385454,60928,0,216,0,128,512,1,1,512,48,1
KERNEL_DISPATCH,Agent 2,1,0,2096183,8209,21,gdn_chunk_kkt_solve,8209,294970167284915,294970167332123,11776,0,120,0,128,128,1,1,1024,16,1
KERNEL_DISPATCH,Agent 2,1,0,2096183,7891,37,kv_cache_write_q8_0_batched,7891,294969405690808,294969405704113,0,0,8,0,128,32,1,1,1024,512,1
KERNEL_DISPATCH,Agent 2,1,0,2096183,7886,38,attention_q8_0_fa2_gqa_gfx11,7886,294969403134224,294969404141269,0,0,224,0,128,256,1,1,8192,4,1
KERNEL_DISPATCH,Agent 2,1,0,2096183,8204,22,gdn_chunk_scan,8204,294970166228498,294970166542887,60928,0,216,0,128,512,1,1,512,48,1
KERNEL_DISPATCH,Agent 2,1,0,2096183,8199,21,gdn_chunk_kkt_solve,8199,294970165414095,294970165465030,11776,0,120,0,128,128,1,1,1024,16,1
KERNEL_DISPATCH,Agent 2,1,0,2096183,7881,39,attention_fa2_q_preconvert_gfx11,7881,294969402290566,294969402381135,0,0,16,0,128,128,1,1,393216,1,1
KERNEL_DISPATCH,Agent 2,1,0,2096183,8194,23,fused_rmsnorm_mq_rotate_awq_i4,8194,294970139385597,294970140571095,0,0,96,0,128,256,1,1,2097152,1,1
KERNEL_DISPATCH,Agent 2,1,0,2096183,7876,37,kv_cache_write_q8_0_batched,7876,294969401815517,294969401838640,0,0,8,0,128,32,1,1,1024,512,1
KERNEL_DISPATCH,Agent 2,1,0,2096183,8189,26,gemm_mq4g256v2_residual_iu4_v2b_add_gfx11,8189,294970062576571,294970072287780,0,0,248,0,128,32,16,1,1024,320,1
KERNEL_DISPATCH,Agent 2,1,0,2096183,7871,27,gemm_mq4g256v2_residual_iu4_v2b_set_gfx11,7871,294969394184520,294969395631467,0,0,248,0,128,32,16,1,1024,64,1
KERNEL_DISPATCH,Agent 2,1,0,2096183,7866,30,fused_silu_mul_mq_rotate_awq_i4_hin,7866,294969352310375,294969355309266,0,0,80,0,128,32,1,1,2176,8192,1
KERNEL_DISPATCH,Agent 2,1,0,2096183,7861,22,gdn_chunk_scan,7861,294969298101874,294969298418506,60928,0,216,0,128,512,1,1,512,48,1
KERNEL_DISPATCH,Agent 2,1,0,2096183,7856,21,gdn_chunk_kkt_solve,7856,294969297324299,294969297372068,11776,0,120,0,128,128,1,1,1024,16,1
KERNEL_DISPATCH,Agent 2,1,0,2096183,7851,22,gdn_chunk_scan,7851,294969296270968,294969296583633,60928,0,216,0,128,512,1,1,512,48,1
KERNEL_DISPATCH,Agent 2,1,0,2096183,7846,21,gdn_chunk_kkt_solve,7846,294969295480329,294969295526616,11776,0,120,0,128,128,1,1,1024,16,1
KERNEL_DISPATCH,Agent 2,1,0,2096183,7841,22,gdn_chunk_scan,7841,294969294428561,294969294740705,60928,0,216,0,128,512,1,1,512,48,1
KERNEL_DISPATCH,Agent 2,1,0,2096183,7836,21,gdn_chunk_kkt_solve,7836,294969293639525,294969293687014,11776,0,120,0,128,128,1,1,1024,16,1
KERNEL_DISPATCH,Agent 2,1,0,2096183,7831,22,gdn_chunk_scan,7831,294969292557220,294969292887999,60928,0,216,0,128,512,1,1,512,48,1
KERNEL_DISPATCH,Agent 2,1,0,2096183,7826,27,gemm_mq4g256v2_residual_iu4_v2b_set_gfx11,7826,294969267779222,294969279770857,0,0,248,0,128,32,16,1,1024,640,1
KERNEL_DISPATCH,Agent 2,1,0,2096183,7821,23,fused_rmsnorm_mq_rotate_awq_i4,7821,294969199805486,294969200993108,0,0,96,0,128,256,1,1,2097152,1,1
KERNEL_DISPATCH,Agent 2,1,0,2096183,7816,22,gdn_chunk_scan,7816,294969187030705,294969187343129,60928,0,216,0,128,512,1,1,512,48,1
KERNEL_DISPATCH,Agent 2,1,0,2096183,7811,21,gdn_chunk_kkt_solve,7811,294969186248201,294969186294207,11776,0,120,0,128,128,1,1,1024,16,1
KERNEL_DISPATCH,Agent 2,1,0,2096183,8287,37,kv_cache_write_q8_0_batched,8287,294970386291666,294970386313507,0,0,8,0,128,32,1,1,1024,512,1
KERNEL_DISPATCH,Agent 2,1,0,2096183,7806,22,gdn_chunk_scan,7806,294969185192025,294969185502886,60928,0,216,0,128,512,1,1,512,48,1
KERNEL_DISPATCH,Agent 2,1,0,2096183,8282,27,gemm_mq4g256v2_residual_iu4_v2b_set_gfx11,8282,294970377248507,294970378726232,0,0,248,0,128,32,16,1,1024,64,1
KERNEL_DISPATCH,Agent 2,1,0,2096183,7801,21,gdn_chunk_kkt_solve,7801,294969184402948,294969184450397,11776,0,120,0,128,128,1,1,1024,16,1
KERNEL_DISPATCH,Agent 2,1,0,2096183,8277,24,gemm_mq4g256v2_gate_up_silu_iu4_v2b_gfx11,8277,294970295683102,294970336514175,0,0,248,0,128,32,16,1,1024,2176,1
KERNEL_DISPATCH,Agent 2,1,0,2096183,7796,22,gdn_chunk_scan,7796,294969183348496,294969183658155,60928,0,216,0,128,512,1,1,512,48,1
KERNEL_DISPATCH,Agent 2,1,0,2096183,8272,21,gdn_chunk_kkt_solve,8272,294970282276980,294970282321583,11776,0,120,0,128,128,1,1,1024,16,1
KERNEL_DISPATCH,Agent 2,1,0,2096183,8243,22,gdn_chunk_scan,8243,294970276782420,294970277110193,60928,0,216,0,128,512,1,1,512,48,1
KERNEL_DISPATCH,Agent 2,1,0,2096183,8238,27,gemm_mq4g256v2_residual_iu4_v2b_set_gfx11,8238,294970251833341,294970263938229,0,0,248,0,128,32,16,1,1024,640,1
KERNEL_DISPATCH,Agent 2,1,0,2096183,8233,23,fused_rmsnorm_mq_rotate_awq_i4,8233,294970183509070,294970184678458,0,0,96,0,128,256,1,1,2097152,1,1
KERNEL_DISPATCH,Agent 2,1,0,2096183,8228,22,gdn_chunk_scan,8228,294970170661432,294970170975420,60928,0,216,0,128,512,1,1,512,48,1
KERNEL_DISPATCH,Agent 2,1,0,2096183,8223,21,gdn_chunk_kkt_solve,8223,294970169870272,294970169917921,11776,0,120,0,128,128,1,1,1024,16,1
KERNEL_DISPATCH,Agent 2,1,0,2096183,8218,22,gdn_chunk_scan,8218,294970168810930,294970169124357,60928,0,216,0,128,512,1,1,512,48,1
KERNEL_DISPATCH,Agent 2,1,0,2096183,8213,21,gdn_chunk_kkt_solve,8213,294970168026743,294970168074833,11776,0,120,0,128,128,1,1,1024,16,1
KERNEL_DISPATCH,Agent 2,1,0,2096183,8208,22,gdn_chunk_scan,8208,294970166966559,294970167278383,60928,0,216,0,128,512,1,1,512,48,1
KERNEL_DISPATCH,Agent 2,1,0,2096183,8203,21,gdn_chunk_kkt_solve,8203,294970166179807,294970166226655,11776,0,120,0,128,128,1,1,1024,16,1
KERNEL_DISPATCH,Agent 2,1,0,2096183,8198,20,gdn_chunk_prep,8198,294970162111836,294970165403074,0,0,72,0,128,256,1,1,32768,10,1
KERNEL_DISPATCH,Agent 2,1,0,2096183,8193,26,gemm_mq4g256v2_residual_iu4_v2b_add_gfx11,8193,294970117432964,294970139374576,0,0,248,0,128,32,16,1,1024,320,1
KERNEL_DISPATCH,Agent 2,1,0,2096183,8188,29,gated_norm_mq_rotate_awq_i4_gfx11,8188,294970060131837,294970062565590,1024,0,48,0,128,64,1,1,1536,8192,1
KERNEL_DISPATCH,Agent 2,1,0,2096183,8183,22,gdn_chunk_scan,8183,294970059079267,294970059390209,60928,0,216,0,128,512,1,1,512,48,1
KERNEL_DISPATCH,Agent 2,1,0,2096183,8178,21,gdn_chunk_kkt_solve,8178,294970058294198,294970058340325,11776,0,120,0,128,128,1,1,1024,16,1
KERNEL_DISPATCH,Agent 2,1,0,2096183,8173,22,gdn_chunk_scan,8173,294970057243913,294970057554014,60928,0,216,0,128,512,1,1,512,48,1
KERNEL_DISPATCH,Agent 2,1,0,2096183,8168,21,gdn_chunk_kkt_solve,8168,294970056458364,294970056503087,11776,0,120,0,128,128,1,1,1024,16,1
KERNEL_DISPATCH,Agent 2,1,0,2096183,8163,22,gdn_chunk_scan,8163,294970055404913,294970055718780,60928,0,216,0,128,512,1,1,512,48,1
KERNEL_DISPATCH,Agent 2,1,0,2096183,8158,21,gdn_chunk_kkt_solve,8158,294970054616197,294970054663886,11776,0,120,0,128,128,1,1,1024,16,1
KERNEL_DISPATCH,Agent 2,1,0,2096183,8153,27,gemm_mq4g256v2_residual_iu4_v2b_set_gfx11,8153,294970041440386,294970048894612,0,0,248,0,128,32,16,1,1024,400,1
KERNEL_DISPATCH,Agent 2,1,0,2096183,8148,24,gemm_mq4g256v2_gate_up_silu_iu4_v2b_gfx11,8148,294969961497376,294970002775165,0,0,248,0,128,32,16,1,1024,2176,1
KERNEL_DISPATCH,Agent 2,1,0,2096183,8184,21,gdn_chunk_kkt_solve,8184,294970059396701,294970059442226,11776,0,120,0,128,128,1,1,1024,16,1
KERNEL_DISPATCH,Agent 2,1,0,2096183,8143,39,attention_fa2_q_preconvert_gfx11,8143,294969942277737,294969942348670,0,0,16,0,128,128,1,1,393216,1,1
KERNEL_DISPATCH,Agent 2,1,0,2096183,8179,22,gdn_chunk_scan,8179,294970058342248,294970058654432,60928,0,216,0,128,512,1,1,512,48,1
KERNEL_DISPATCH,Agent 2,1,0,2096183,8138,37,kv_cache_write_q8_0_batched,8138,294969936120176,294969936136086,0,0,8,0,128,32,1,1,1024,512,1
KERNEL_DISPATCH,Agent 2,1,0,2096183,8174,21,gdn_chunk_kkt_solve,8174,294970057560506,294970057606872,11776,0,120,0,128,128,1,1,1024,16,1
KERNEL_DISPATCH,Agent 2,1,0,2096183,8133,37,kv_cache_write_q8_0_batched,8133,294969930443957,294969930460027,0,0,8,0,128,32,1,1,1024,512,1
KERNEL_DISPATCH,Agent 2,1,0,2096183,8128,38,attention_q8_0_fa2_gqa_gfx11,8128,294969920479874,294969925179026,0,0,224,0,128,256,1,1,8192,4,1
KERNEL_DISPATCH,Agent 2,1,0,2096183,8123,39,attention_fa2_q_preconvert_gfx11,8123,294969915969475,294969916046179,0,0,16,0,128,128,1,1,393216,1,1
KERNEL_DISPATCH,Agent 2,1,0,2096183,8118,37,kv_cache_write_q8_0_batched,8118,294969911913246,294969911926992,0,0,8,0,128,32,1,1,1024,512,1
KERNEL_DISPATCH,Agent 2,1,0,2096183,8113,37,kv_cache_write_q8_0_batched,8113,294969908290749,294969908304134,0,0,8,0,128,32,1,1,1024,512,1
KERNEL_DISPATCH,Agent 2,1,0,2096183,8108,38,attention_q8_0_fa2_gqa_gfx11,8108,294969902477873,294969905099578,0,0,224,0,128,256,1,1,8192,4,1
KERNEL_DISPATCH,Agent 2,1,0,2096183,8103,39,attention_fa2_q_preconvert_gfx11,8103,294969900041916,294969900121184,0,0,16,0,128,128,1,1,393216,1,1
KERNEL_DISPATCH,Agent 2,1,0,2096183,8098,37,kv_cache_write_q8_0_batched,8098,294969898095915,294969898108659,0,0,8,0,128,32,1,1,1024,512,1
KERNEL_DISPATCH,Agent 2,1,0,2096183,8093,37,kv_cache_write_q8_0_batched,8093,294969896551585,294969896565451,0,0,8,0,128,32,1,1,1024,512,1
KERNEL_DISPATCH,Agent 2,1,0,2096183,8088,38,attention_q8_0_fa2_gqa_gfx11,8088,294969894761236,294969895401714,0,0,224,0,128,256,1,1,8192,4,1
KERNEL_DISPATCH,Agent 2,1,0,2096183,8083,39,attention_fa2_q_preconvert_gfx11,8083,294969894200106,294969894345578,0,0,16,0,128,128,1,1,393216,1,1
KERNEL_DISPATCH,Agent 2,1,0,2096183,8078,31,deinterleave_q_rmsnorm_f32_batched,8078,294969887998343,294969891557522,0,0,24,0,128,256,1,1,6144,8192,1
KERNEL_DISPATCH,Agent 2,1,0,2096183,7791,21,gdn_chunk_kkt_solve,7791,294969182565671,294969182613040,11776,0,120,0,128,128,1,1,1024,16,1
KERNEL_DISPATCH,Agent 2,1,0,2096183,8073,26,gemm_mq4g256v2_residual_iu4_v2b_add_gfx11,8073,294969847498690,294969869388525,0,0,248,0,128,32,16,1,1024,320,1
KERNEL_DISPATCH,Agent 2,1,0,2096183,7786,20,gdn_chunk_prep,7786,294969178468205,294969181793146,0,0,72,0,128,256,1,1,32768,10,1
KERNEL_DISPATCH,Agent 2,1,0,2096183,8267,22,gdn_chunk_scan,8267,294970281219561,294970281535072,60928,0,216,0,128,512,1,1,512,48,1
KERNEL_DISPATCH,Agent 2,1,0,2096183,8068,29,gated_norm_mq_rotate_awq_i4_gfx11,8068,294969790290977,294969792712147,1024,0,48,0,128,64,1,1,1536,8192,1
KERNEL_DISPATCH,Agent 2,1,0,2096183,7781,26,gemm_mq4g256v2_residual_iu4_v2b_add_gfx11,7781,294969133805683,294969155797830,0,0,248,0,128,32,16,1,1024,320,1
KERNEL_DISPATCH,Agent 2,1,0,2096183,8262,21,gdn_chunk_kkt_solve,8262,294970280431046,294970280476251,11776,0,120,0,128,128,1,1,1024,16,1
KERNEL_DISPATCH,Agent 2,1,0,2096183,8063,22,gdn_chunk_scan,8063,294969789230312,294969789545181,60928,0,216,0,128,512,1,1,512,48,1
KERNEL_DISPATCH,Agent 2,1,0,2096183,7776,29,gated_norm_mq_rotate_awq_i4_gfx11,7776,294969076310392,294969078758533,1024,0,48,0,128,64,1,1,1536,8192,1
KERNEL_DISPATCH,Agent 2,1,0,2096183,8257,22,gdn_chunk_scan,8257,294970279374790,294970279688657,60928,0,216,0,128,512,1,1,512,48,1
KERNEL_DISPATCH,Agent 2,1,0,2096183,8058,21,gdn_chunk_kkt_solve,8058,294969788441396,294969788491009,11776,0,120,0,128,128,1,1,1024,16,1
KERNEL_DISPATCH,Agent 2,1,0,2096183,8053,22,gdn_chunk_scan,8053,294969787376043,294969787686544,60928,0,216,0,128,512,1,1,512,48,1
KERNEL_DISPATCH,Agent 2,1,0,2096183,7771,22,gdn_chunk_scan,7771,294969075252212,294969075567723,60928,0,216,0,128,512,1,1,512,48,1
KERNEL_DISPATCH,Agent 2,1,0,2096183,8252,21,gdn_chunk_kkt_solve,8252,294970278577819,294970278627352,11776,0,120,0,128,128,1,1,1024,16,1
KERNEL_DISPATCH,Agent 2,1,0,2096183,8048,21,gdn_chunk_kkt_solve,8048,294969786581036,294969786629326,11776,0,120,0,128,128,1,1,1024,16,1
KERNEL_DISPATCH,Agent 2,1,0,2096183,7766,21,gdn_chunk_kkt_solve,7766,294969074462695,294969074512348,11776,0,120,0,128,128,1,1,1024,16,1
KERNEL_DISPATCH,Agent 2,1,0,2096183,8247,22,gdn_chunk_scan,8247,294970277529177,294970277843124,60928,0,216,0,128,512,1,1,512,48,1
KERNEL_DISPATCH,Agent 2,1,0,2096183,7761,22,gdn_chunk_scan,7761,294969073401630,294969073713093,60928,0,216,0,128,512,1,1,512,48,1
KERNEL_DISPATCH,Agent 2,1,0,2096183,8242,21,gdn_chunk_kkt_solve,8242,294970276727196,294970276780376,11776,0,120,0,128,128,1,1,1024,16,1
KERNEL_DISPATCH,Agent 2,1,0,2096183,8043,22,gdn_chunk_scan,8043,294969785529749,294969785838967,60928,0,216,0,128,512,1,1,512,48,1
KERNEL_DISPATCH,Agent 2,1,0,2096183,7756,21,gdn_chunk_kkt_solve,7756,294969072608105,294969072658279,11776,0,120,0,128,128,1,1,1024,16,1
KERNEL_DISPATCH,Agent 2,1,0,2096183,8237,23,fused_rmsnorm_mq_rotate_awq_i4,8237,294970250648084,294970251822280,0,0,96,0,128,256,1,1,2097152,1,1
KERNEL_DISPATCH,Agent 2,1,0,2096183,8038,21,gdn_chunk_kkt_solve,8038,294969784738869,294969784786598,11776,0,120,0,128,128,1,1,1024,16,1
KERNEL_DISPATCH,Agent 2,1,0,2096183,8033,27,gemm_mq4g256v2_residual_iu4_v2b_set_gfx11,8033,294969771589267,294969779007025,0,0,248,0,128,32,16,1,1024,400,1
KERNEL_DISPATCH,Agent 2,1,0,2096183,8232,26,gemm_mq4g256v2_residual_iu4_v2b_add_gfx11,8232,294970173804433,294970183498089,0,0,248,0,128,32,16,1,1024,320,1
KERNEL_DISPATCH,Agent 2,1,0,2096183,7751,22,gdn_chunk_scan,7751,294969071546359,294969071860186,60928,0,216,0,128,512,1,1,512,48,1
KERNEL_DISPATCH,Agent 2,1,0,2096183,8028,24,gemm_mq4g256v2_gate_up_silu_iu4_v2b_gfx11,8028,294969692564054,294969733381021,0,0,248,0,128,32,16,1,1024,2176,1
KERNEL_DISPATCH,Agent 2,1,0,2096183,7746,21,gdn_chunk_kkt_solve,7746,294969070748506,294969070799401,11776,0,120,0,128,128,1,1,1024,16,1
KERNEL_DISPATCH,Agent 2,1,0,2096183,8227,21,gdn_chunk_kkt_solve,8227,294970170608213,294970170659549,11776,0,120,0,128,128,1,1,1024,16,1
KERNEL_DISPATCH,Agent 2,1,0,2096183,7741,27,gemm_mq4g256v2_residual_iu4_v2b_set_gfx11,7741,294969057570771,294969064975706,0,0,248,0,128,32,16,1,1024,400,1
KERNEL_DISPATCH,Agent 2,1,0,2096183,7736,24,gemm_mq4g256v2_gate_up_silu_iu4_v2b_gfx11,7736,294968978049190,294969019087851,0,0,248,0,128,32,16,1,1024,2176,1
KERNEL_DISPATCH,Agent 2,1,0,2096183,8222,22,gdn_chunk_scan,8222,294970169549752,294970169863820,60928,0,216,0,128,512,1,1,512,48,1
KERNEL_DISPATCH,Agent 2,1,0,2096183,8023,21,gdn_chunk_kkt_solve,8023,294969678898246,294969678942569,11776,0,120,0,128,128,1,1,1024,16,1
KERNEL_DISPATCH,Agent 2,1,0,2096183,7731,39,attention_fa2_q_preconvert_gfx11,7731,294968959073407,294968959141334,0,0,16,0,128,128,1,1,393216,1,1
KERNEL_DISPATCH,Agent 2,1,0,2096183,8018,22,gdn_chunk_scan,8018,294969677846799,294969678157540,60928,0,216,0,128,512,1,1,512,48,1
KERNEL_DISPATCH,Agent 2,1,0,2096183,7726,37,kv_cache_write_q8_0_batched,7726,294968952950031,294968952966021,0,0,8,0,128,32,1,1,1024,512,1
KERNEL_DISPATCH,Agent 2,1,0,2096183,8013,21,gdn_chunk_kkt_solve,8013,294969677062732,294969677106734,11776,0,120,0,128,128,1,1,1024,16,1
KERNEL_DISPATCH,Agent 2,1,0,2096183,7721,37,kv_cache_write_q8_0_batched,7721,294968947230369,294968947245838,0,0,8,0,128,32,1,1,1024,512,1
KERNEL_DISPATCH,Agent 2,1,0,2096183,8008,22,gdn_chunk_scan,8008,294969676008159,294969676320864,60928,0,216,0,128,512,1,1,512,48,1
KERNEL_DISPATCH,Agent 2,1,0,2096183,7716,38,attention_q8_0_fa2_gqa_gfx11,7716,294968937266528,294968941976860,0,0,224,0,128,256,1,1,8192,4,1
KERNEL_DISPATCH,Agent 2,1,0,2096183,8003,21,gdn_chunk_kkt_solve,8003,294969675232027,294969675276029,11776,0,120,0,128,128,1,1,1024,16,1
KERNEL_DISPATCH,Agent 2,1,0,2096183,7711,39,attention_fa2_q_preconvert_gfx11,7711,294968932787307,294968932866014,0,0,16,0,128,128,1,1,393216,1,1
KERNEL_DISPATCH,Agent 2,1,0,2096183,7998,22,gdn_chunk_scan,7998,294969674172404,294969674486592,60928,0,216,0,128,512,1,1,512,48,1
KERNEL_DISPATCH,Agent 2,1,0,2096183,7706,37,kv_cache_write_q8_0_batched,7706,294968928736849,294968928750394,0,0,8,0,128,32,1,1,1024,512,1
KERNEL_DISPATCH,Agent 2,1,0,2096183,7993,21,gdn_chunk_kkt_solve,7993,294969673371225,294969673423203,11776,0,120,0,128,128,1,1,1024,16,1
KERNEL_DISPATCH,Agent 2,1,0,2096183,7701,37,kv_cache_write_q8_0_batched,7701,294968925142324,294968925155749,0,0,8,0,128,32,1,1,1024,512,1
KERNEL_DISPATCH,Agent 2,1,0,2096183,7988,23,fused_rmsnorm_mq_rotate_awq_i4,7988,294969647418148,294969648609698,0,0,96,0,128,256,1,1,2097152,1,1
KERNEL_DISPATCH,Agent 2,1,0,2096183,7696,38,attention_q8_0_fa2_gqa_gfx11,7696,294968919300995,294968921949390,0,0,224,0,128,256,1,1,8192,4,1
KERNEL_DISPATCH,Agent 2,1,0,2096183,7983,26,gemm_mq4g256v2_residual_iu4_v2b_add_gfx11,7983,294969570476835,294969580102364,0,0,248,0,128,32,16,1,1024,320,1
KERNEL_DISPATCH,Agent 2,1,0,2096183,7691,39,attention_fa2_q_preconvert_gfx11,7691,294968916867642,294968916947592,0,0,16,0,128,128,1,1,393216,1,1
KERNEL_DISPATCH,Agent 2,1,0,2096183,7978,21,gdn_chunk_kkt_solve,7978,294969567278491,294969567325338,11776,0,120,0,128,128,1,1,1024,16,1
KERNEL_DISPATCH,Agent 2,1,0,2096183,7686,37,kv_cache_write_q8_0_batched,7686,294968914927893,294968914940076,0,0,8,0,128,32,1,1,1024,512,1
KERNEL_DISPATCH,Agent 2,1,0,2096183,7973,22,gdn_chunk_scan,7973,294969566219950,294969566535781,60928,0,216,0,128,512,1,1,512,48,1
KERNEL_DISPATCH,Agent 2,1,0,2096183,7681,37,kv_cache_write_q8_0_batched,7681,294968913386449,294968913400195,0,0,8,0,128,32,1,1,1024,512,1
KERNEL_DISPATCH,Agent 2,1,0,2096183,7676,38,attention_q8_0_fa2_gqa_gfx11,7676,294968911631806,294968912248640,0,0,224,0,128,256,1,1,8192,4,1
KERNEL_DISPATCH,Agent 2,1,0,2096183,7671,39,attention_fa2_q_preconvert_gfx11,7671,294968911084943,294968911229093,0,0,16,0,128,128,1,1,393216,1,1
KERNEL_DISPATCH,Agent 2,1,0,2096183,7666,31,deinterleave_q_rmsnorm_f32_batched,7666,294968904881857,294968908445525,0,0,24,0,128,256,1,1,6144,8192,1
KERNEL_DISPATCH,Agent 2,1,0,2096183,8169,22,gdn_chunk_scan,8169,294970056505051,294970056824769,60928,0,216,0,128,512,1,1,512,48,1
KERNEL_DISPATCH,Agent 2,1,0,2096183,7661,26,gemm_mq4g256v2_residual_iu4_v2b_add_gfx11,7661,294968864501988,294968886401441,0,0,248,0,128,32,16,1,1024,320,1
KERNEL_DISPATCH,Agent 2,1,0,2096183,7656,29,gated_norm_mq_rotate_awq_i4_gfx11,7656,294968807497736,294968809944474,1024,0,48,0,128,64,1,1,1536,8192,1
KERNEL_DISPATCH,Agent 2,1,0,2096183,8164,21,gdn_chunk_kkt_solve,8164,294970055725312,294970055772681,11776,0,120,0,128,128,1,1,1024,16,1
KERNEL_DISPATCH,Agent 2,1,0,2096183,8159,22,gdn_chunk_scan,8159,294970054665810,294970054977994,60928,0,216,0,128,512,1,1,512,48,1
KERNEL_DISPATCH,Agent 2,1,0,2096183,8154,28,split_mq4v2_z_betaalpha,8154,294970048905713,294970050930261,0,0,16,0,128,256,1,1,2097152,1,1
KERNEL_DISPATCH,Agent 2,1,0,2096183,8149,30,fused_silu_mul_mq_rotate_awq_i4_hin,8149,294970002786226,294970005811365,0,0,80,0,128,32,1,1,2176,8192,1
KERNEL_DISPATCH,Agent 2,1,0,2096183,8144,38,attention_q8_0_fa2_gqa_gfx11,8144,294969942356484,294969948757100,0,0,224,0,128,256,1,1,8192,4,1
KERNEL_DISPATCH,Agent 2,1,0,2096183,8139,39,attention_fa2_q_preconvert_gfx11,8139,294969936138130,294969936210786,0,0,16,0,128,128,1,1,393216,1,1
KERNEL_DISPATCH,Agent 2,1,0,2096183,8134,37,kv_cache_write_q8_0_batched,8134,294969930461990,294969930477660,0,0,8,0,128,32,1,1,1024,512,1
KERNEL_DISPATCH,Agent 2,1,0,2096183,8129,37,kv_cache_write_q8_0_batched,8129,294969925190287,294969925205075,0,0,8,0,128,32,1,1,1024,512,1
KERNEL_DISPATCH,Agent 2,1,0,2096183,8124,38,attention_q8_0_fa2_gqa_gfx11,8124,294969916052671,294969920352596,0,0,224,0,128,256,1,1,8192,4,1
KERNEL_DISPATCH,Agent 2,1,0,2096183,8119,39,attention_fa2_q_preconvert_gfx11,8119,294969911929116,294969912007262,0,0,16,0,128,128,1,1,393216,1,1
KERNEL_DISPATCH,Agent 2,1,0,2096183,8114,37,kv_cache_write_q8_0_batched,8114,294969908306058,294969908318761,0,0,8,0,128,32,1,1,1024,512,1
KERNEL_DISPATCH,Agent 2,1,0,2096183,8109,37,kv_cache_write_q8_0_batched,8109,294969905110399,294969905123904,0,0,8,0,128,32,1,1,1024,512,1
KERNEL_DISPATCH,Agent 2,1,0,2096183,8104,38,attention_q8_0_fa2_gqa_gfx11,8104,294969900127676,294969902351236,0,0,224,0,128,256,1,1,8192,4,1
KERNEL_DISPATCH,Agent 2,1,0,2096183,8099,39,attention_fa2_q_preconvert_gfx11,8099,294969898110582,294969898190692,0,0,16,0,128,128,1,1,393216,1,1
KERNEL_DISPATCH,Agent 2,1,0,2096183,8094,37,kv_cache_write_q8_0_batched,8094,294969896567415,294969896580079,0,0,8,0,128,32,1,1,1024,512,1
KERNEL_DISPATCH,Agent 2,1,0,2096183,8089,37,kv_cache_write_q8_0_batched,8089,294969895412414,294969895426000,0,0,8,0,128,32,1,1,1024,512,1
KERNEL_DISPATCH,Agent 2,1,0,2096183,8084,38,attention_q8_0_fa2_gqa_gfx11,8084,294969894352030,294969894615603,0,0,224,0,128,256,1,1,8192,4,1
KERNEL_DISPATCH,Agent 2,1,0,2096183,8079,33,rmsnorm_f32,8079,294969891569144,294969891865658,0,0,16,0,128,256,1,1,8388608,1,1
KERNEL_DISPATCH,Agent 2,1,0,2096183,8074,23,fused_rmsnorm_mq_rotate_awq_i4,8074,294969869399585,294969870585885,0,0,96,0,128,256,1,1,2097152,1,1
KERNEL_DISPATCH,Agent 2,1,0,2096183,8069,26,gemm_mq4g256v2_residual_iu4_v2b_add_gfx11,8069,294969792723087,294969802362602,0,0,248,0,128,32,16,1,1024,320,1
KERNEL_DISPATCH,Agent 2,1,0,2096183,8064,21,gdn_chunk_kkt_solve,8064,294969789551634,294969789598682,11776,0,120,0,128,128,1,1,1024,16,1
KERNEL_DISPATCH,Agent 2,1,0,2096183,8059,22,gdn_chunk_scan,8059,294969788492933,294969788805397,60928,0,216,0,128,512,1,1,512,48,1
KERNEL_DISPATCH,Agent 2,1,0,2096183,8054,21,gdn_chunk_kkt_solve,8054,294969787693036,294969787741647,11776,0,120,0,128,128,1,1,1024,16,1
KERNEL_DISPATCH,Agent 2,1,0,2096183,8049,22,gdn_chunk_scan,8049,294969786631250,294969786945437,60928,0,216,0,128,512,1,1,512,48,1
KERNEL_DISPATCH,Agent 2,1,0,2096183,8044,21,gdn_chunk_kkt_solve,8044,294969785845379,294969785893870,11776,0,120,0,128,128,1,1,1024,16,1
KERNEL_DISPATCH,Agent 2,1,0,2096183,8039,22,gdn_chunk_scan,8039,294969784788602,294969785101147,60928,0,216,0,128,512,1,1,512,48,1
KERNEL_DISPATCH,Agent 2,1,0,2096183,8034,28,split_mq4v2_z_betaalpha,8034,294969779018206,294969781049847,0,0,16,0,128,256,1,1,2097152,1,1
KERNEL_DISPATCH,Agent 2,1,0,2096183,8029,30,fused_silu_mul_mq_rotate_awq_i4_hin,8029,294969733392162,294969736395100,0,0,80,0,128,32,1,1,2176,8192,1
KERNEL_DISPATCH,Agent 2,1,0,2096183,8024,22,gdn_chunk_scan,8024,294969678944533,294969679254593,60928,0,216,0,128,512,1,1,512,48,1
KERNEL_DISPATCH,Agent 2,1,0,2096183,8019,21,gdn_chunk_kkt_solve,8019,294969678163952,294969678209878,11776,0,120,0,128,128,1,1,1024,16,1
KERNEL_DISPATCH,Agent 2,1,0,2096183,8217,21,gdn_chunk_kkt_solve,8217,294970168761878,294970168808886,11776,0,120,0,128,128,1,1,1024,16,1
KERNEL_DISPATCH,Agent 2,1,0,2096183,8014,22,gdn_chunk_scan,8014,294969677108698,294969677428697,60928,0,216,0,128,512,1,1,512,48,1
KERNEL_DISPATCH,Agent 2,1,0,2096183,8212,22,gdn_chunk_scan,8212,294970167704740,294970168020371,60928,0,216,0,128,512,1,1,512,48,1
KERNEL_DISPATCH,Agent 2,1,0,2096183,8009,21,gdn_chunk_kkt_solve,8009,294969676327316,294969676371439,11776,0,120,0,128,128,1,1,1024,16,1
KERNEL_DISPATCH,Agent 2,1,0,2096183,8207,21,gdn_chunk_kkt_solve,8207,294970166916506,294970166964716,11776,0,120,0,128,128,1,1,1024,16,1
KERNEL_DISPATCH,Agent 2,1,0,2096183,8202,22,gdn_chunk_scan,8202,294970165860049,294970166173395,60928,0,216,0,128,512,1,1,512,48,1
KERNEL_DISPATCH,Agent 2,1,0,2096183,8004,22,gdn_chunk_scan,8004,294969675277913,294969675590297,60928,0,216,0,128,512,1,1,512,48,1
KERNEL_DISPATCH,Agent 2,1,0,2096183,8197,28,split_mq4v2_z_betaalpha,8197,294970160060198,294970162100776,0,0,16,0,128,256,1,1,2097152,1,1
KERNEL_DISPATCH,Agent 2,1,0,2096183,8192,30,fused_silu_mul_mq_rotate_awq_i4_hin,8192,294970114400370,294970117421904,0,0,80,0,128,32,1,1,2176,8192,1
KERNEL_DISPATCH,Agent 2,1,0,2096183,8187,22,gdn_chunk_scan,8187,294970059811517,294970060125224,60928,0,216,0,128,512,1,1,512,48,1
KERNEL_DISPATCH,Agent 2,1,0,2096183,8182,21,gdn_chunk_kkt_solve,8182,294970059032099,294970059077344,11776,0,120,0,128,128,1,1,1024,16,1
KERNEL_DISPATCH,Agent 2,1,0,2096183,8177,22,gdn_chunk_scan,8177,294970057972116,294970058287706,60928,0,216,0,128,512,1,1,512,48,1
KERNEL_DISPATCH,Agent 2,1,0,2096183,8172,21,gdn_chunk_kkt_solve,8172,294970057196465,294970057241990,11776,0,120,0,128,128,1,1,1024,16,1
KERNEL_DISPATCH,Agent 2,1,0,2096183,8167,22,gdn_chunk_scan,8167,294970056140409,294970056451872,60928,0,216,0,128,512,1,1,512,48,1
KERNEL_DISPATCH,Agent 2,1,0,2096183,7968,21,gdn_chunk_kkt_solve,7968,294969565434841,294969565481088,11776,0,120,0,128,128,1,1,1024,16,1
KERNEL_DISPATCH,Agent 2,1,0,2096183,8162,21,gdn_chunk_kkt_solve,8162,294970055355019,294970055402989,11776,0,120,0,128,128,1,1,1024,16,1
KERNEL_DISPATCH,Agent 2,1,0,2096183,7963,22,gdn_chunk_scan,7963,294969564378946,294969564692292,60928,0,216,0,128,512,1,1,512,48,1
KERNEL_DISPATCH,Agent 2,1,0,2096183,8157,22,gdn_chunk_scan,8157,294970054281050,294970054609705,60928,0,216,0,128,512,1,1,512,48,1
KERNEL_DISPATCH,Agent 2,1,0,2096183,7958,21,gdn_chunk_kkt_solve,7958,294969563589349,294969563638881,11776,0,120,0,128,128,1,1,1024,16,1
KERNEL_DISPATCH,Agent 2,1,0,2096183,8152,27,gemm_mq4g256v2_residual_iu4_v2b_set_gfx11,8152,294970029293940,294970041429165,0,0,248,0,128,32,16,1,1024,640,1
KERNEL_DISPATCH,Agent 2,1,0,2096183,7953,22,gdn_chunk_scan,7953,294969562531890,294969562840868,60928,0,216,0,128,512,1,1,512,48,1
KERNEL_DISPATCH,Agent 2,1,0,2096183,8147,23,fused_rmsnorm_mq_rotate_awq_i4,8147,294969960329030,294969961486275,0,0,96,0,128,256,1,1,2097152,1,1
KERNEL_DISPATCH,Agent 2,1,0,2096183,7948,28,split_mq4v2_z_betaalpha,7948,294969556758929,294969558791813,0,0,16,0,128,256,1,1,2097152,1,1
KERNEL_DISPATCH,Agent 2,1,0,2096183,8142,37,kv_cache_write_q8_0_batched,8142,294969942260344,294969942275653,0,0,8,0,128,32,1,1,1024,512,1
KERNEL_DISPATCH,Agent 2,1,0,2096183,7651,22,gdn_chunk_scan,7651,294968806448373,294968806765606,60928,0,216,0,128,512,1,1,512,48,1
KERNEL_DISPATCH,Agent 2,1,0,2096183,8137,37,kv_cache_write_q8_0_batched,8137,294969936103225,294969936118213,0,0,8,0,128,32,1,1,1024,512,1
KERNEL_DISPATCH,Agent 2,1,0,2096183,7646,21,gdn_chunk_kkt_solve,7646,294968805670518,294968805718928,11776,0,120,0,128,128,1,1,1024,16,1
KERNEL_DISPATCH,Agent 2,1,0,2096183,8132,38,attention_q8_0_fa2_gqa_gfx11,8132,294969925304581,294969930432776,0,0,224,0,128,256,1,1,8192,4,1
KERNEL_DISPATCH,Agent 2,1,0,2096183,8127,39,attention_fa2_q_preconvert_gfx11,8127,294969920396278,294969920473382,0,0,16,0,128,128,1,1,393216,1,1
KERNEL_DISPATCH,Agent 2,1,0,2096183,8122,37,kv_cache_write_q8_0_batched,8122,294969915951802,294969915967351,0,0,8,0,128,32,1,1,1024,512,1
KERNEL_DISPATCH,Agent 2,1,0,2096183,8117,37,kv_cache_write_q8_0_batched,8117,294969911897417,294969911911283,0,0,8,0,128,32,1,1,1024,512,1
KERNEL_DISPATCH,Agent 2,1,0,2096183,8112,38,attention_q8_0_fa2_gqa_gfx11,8112,294969905230423,294969908279889,0,0,224,0,128,256,1,1,8192,4,1
KERNEL_DISPATCH,Agent 2,1,0,2096183,8107,39,attention_fa2_q_preconvert_gfx11,8107,294969902391752,294969902471381,0,0,16,0,128,128,1,1,393216,1,1
KERNEL_DISPATCH,Agent 2,1,0,2096183,8102,37,kv_cache_write_q8_0_batched,8102,294969900027609,294969900039992,0,0,8,0,128,32,1,1,1024,512,1
KERNEL_DISPATCH,Agent 2,1,0,2096183,8097,37,kv_cache_write_q8_0_batched,8097,294969898080526,294969898093911,0,0,8,0,128,32,1,1,1024,512,1
KERNEL_DISPATCH,Agent 2,1,0,2096183,8092,38,attention_q8_0_fa2_gqa_gfx11,8092,294969895527309,294969896540765,0,0,224,0,128,256,1,1,8192,4,1
KERNEL_DISPATCH,Agent 2,1,0,2096183,8087,39,attention_fa2_q_preconvert_gfx11,8087,294969894663453,294969894754744,0,0,16,0,128,128,1,1,393216,1,1
KERNEL_DISPATCH,Agent 2,1,0,2096183,8082,37,kv_cache_write_q8_0_batched,8082,294969894174698,294969894198022,0,0,8,0,128,32,1,1,1024,512,1
KERNEL_DISPATCH,Agent 2,1,0,2096183,8077,27,gemm_mq4g256v2_residual_iu4_v2b_set_gfx11,8077,294969886578126,294969887987282,0,0,248,0,128,32,16,1,1024,64,1
KERNEL_DISPATCH,Agent 2,1,0,2096183,8072,30,fused_silu_mul_mq_rotate_awq_i4_hin,8072,294969844499038,294969847487589,0,0,80,0,128,32,1,1,2176,8192,1
KERNEL_DISPATCH,Agent 2,1,0,2096183,8067,22,gdn_chunk_scan,8067,294969789970938,294969790284405,60928,0,216,0,128,512,1,1,512,48,1
KERNEL_DISPATCH,Agent 2,1,0,2096183,8062,21,gdn_chunk_kkt_solve,8062,294969789179938,294969789228349,11776,0,120,0,128,128,1,1,1024,16,1
KERNEL_DISPATCH,Agent 2,1,0,2096183,8057,22,gdn_chunk_scan,8057,294969788115306,294969788434904,60928,0,216,0,128,512,1,1,512,48,1
KERNEL_DISPATCH,Agent 2,1,0,2096183,8052,21,gdn_chunk_kkt_solve,8052,294969787326631,294969787374119,11776,0,120,0,128,128,1,1,1024,16,1
KERNEL_DISPATCH,Agent 2,1,0,2096183,8047,22,gdn_chunk_scan,8047,294969786263682,294969786574584,60928,0,216,0,128,512,1,1,512,48,1
KERNEL_DISPATCH,Agent 2,1,0,2096183,8042,21,gdn_chunk_kkt_solve,8042,294969785480577,294969785527785,11776,0,120,0,128,128,1,1,1024,16,1
KERNEL_DISPATCH,Agent 2,1,0,2096183,8037,22,gdn_chunk_scan,8037,294969784402319,294969784732417,60928,0,216,0,128,512,1,1,512,48,1
KERNEL_DISPATCH,Agent 2,1,0,2096183,8032,27,gemm_mq4g256v2_residual_iu4_v2b_set_gfx11,8032,294969759492194,294969771578086,0,0,248,0,128,32,16,1,1024,640,1
KERNEL_DISPATCH,Agent 2,1,0,2096183,8027,23,fused_rmsnorm_mq_rotate_awq_i4,8027,294969691387132,294969692553114,0,0,96,0,128,256,1,1,2097152,1,1
KERNEL_DISPATCH,Agent 2,1,0,2096183,8022,22,gdn_chunk_scan,8022,294969678579810,294969678891794,60928,0,216,0,128,512,1,1,512,48,1
KERNEL_DISPATCH,Agent 2,1,0,2096183,8017,21,gdn_chunk_kkt_solve,8017,294969677801073,294969677844875,11776,0,120,0,128,128,1,1,1024,16,1
KERNEL_DISPATCH,Agent 2,1,0,2096183,8012,22,gdn_chunk_scan,8012,294969676742052,294969677056280,60928,0,216,0,128,512,1,1,512,48,1
KERNEL_DISPATCH,Agent 2,1,0,2096183,8007,21,gdn_chunk_kkt_solve,8007,294969675961872,294969676006115,11776,0,120,0,128,128,1,1,1024,16,1
KERNEL_DISPATCH,Agent 2,1,0,2096183,8002,22,gdn_chunk_scan,8002,294969674913471,294969675225334,60928,0,216,0,128,512,1,1,512,48,1
KERNEL_DISPATCH,Agent 2,1,0,2096183,7997,21,gdn_chunk_kkt_solve,7997,294969674128162,294969674170561,11776,0,120,0,128,128,1,1,1024,16,1
KERNEL_DISPATCH,Agent 2,1,0,2096183,7992,20,gdn_chunk_prep,7992,294969670112448,294969673360245,0,0,72,0,128,256,1,1,32768,10,1
KERNEL_DISPATCH,Agent 2,1,0,2096183,7987,26,gemm_mq4g256v2_residual_iu4_v2b_add_gfx11,7987,294969625324893,294969647407168,0,0,248,0,128,32,16,1,1024,320,1
KERNEL_DISPATCH,Agent 2,1,0,2096183,7999,21,gdn_chunk_kkt_solve,7999,294969674493004,294969674543899,11776,0,120,0,128,128,1,1,1024,16,1
KERNEL_DISPATCH,Agent 2,1,0,2096183,7982,29,gated_norm_mq_rotate_awq_i4_gfx11,7982,294969568012624,294969570465854,1024,0,48,0,128,64,1,1,1536,8192,1
KERNEL_DISPATCH,Agent 2,1,0,2096183,7994,22,gdn_chunk_scan,7994,294969673425287,294969673753020,60928,0,216,0,128,512,1,1,512,48,1
KERNEL_DISPATCH,Agent 2,1,0,2096183,7977,22,gdn_chunk_scan,7977,294969566960776,294969567272039,60928,0,216,0,128,512,1,1,512,48,1
KERNEL_DISPATCH,Agent 2,1,0,2096183,7989,27,gemm_mq4g256v2_residual_iu4_v2b_set_gfx11,7989,294969648620959,294969660652309,0,0,248,0,128,32,16,1,1024,640,1
KERNEL_DISPATCH,Agent 2,1,0,2096183,7972,21,gdn_chunk_kkt_solve,7972,294969566172061,294969566218107,11776,0,120,0,128,128,1,1,1024,16,1
KERNEL_DISPATCH,Agent 2,1,0,2096183,7984,23,fused_rmsnorm_mq_rotate_awq_i4,7984,294969580113344,294969581276761,0,0,96,0,128,256,1,1,2097152,1,1
KERNEL_DISPATCH,Agent 2,1,0,2096183,7979,22,gdn_chunk_scan,7979,294969567327262,294969567637322,60928,0,216,0,128,512,1,1,512,48,1
KERNEL_DISPATCH,Agent 2,1,0,2096183,7974,21,gdn_chunk_kkt_solve,7974,294969566542193,294969566588720,11776,0,120,0,128,128,1,1,1024,16,1
KERNEL_DISPATCH,Agent 2,1,0,2096183,7969,22,gdn_chunk_scan,7969,294969565483012,294969565797961,60928,0,216,0,128,512,1,1,512,48,1
KERNEL_DISPATCH,Agent 2,1,0,2096183,7964,21,gdn_chunk_kkt_solve,7964,294969564698704,294969564746033,11776,0,120,0,128,128,1,1,1024,16,1
KERNEL_DISPATCH,Agent 2,1,0,2096183,7959,22,gdn_chunk_scan,7959,294969563640805,294969563951105,60928,0,216,0,128,512,1,1,512,48,1
KERNEL_DISPATCH,Agent 2,1,0,2096183,7954,21,gdn_chunk_kkt_solve,7954,294969562847360,294969562893286,11776,0,120,0,128,128,1,1,1024,16,1
KERNEL_DISPATCH,Agent 2,1,0,2096183,7949,20,gdn_chunk_prep,7949,294969558802873,294969562083571,0,0,72,0,128,256,1,1,32768,10,1
KERNEL_DISPATCH,Agent 2,1,0,2096183,7944,26,gemm_mq4g256v2_residual_iu4_v2b_add_gfx11,7944,294969513773826,294969535996283,0,0,248,0,128,32,16,1,1024,320,1
KERNEL_DISPATCH,Agent 2,1,0,2096183,7943,30,fused_silu_mul_mq_rotate_awq_i4_hin,7943,294969510727527,294969513762725,0,0,80,0,128,32,1,1,2176,8192,1
KERNEL_DISPATCH,Agent 2,1,0,2096183,7939,40,sigmoid_mul_rotate_x_mq_awq_i4_gfx11,7939,294969456410021,294969458325485,0,0,88,0,128,32,1,1,6291456,1,1
KERNEL_DISPATCH,Agent 2,1,0,2096183,7938,38,attention_q8_0_fa2_gqa_gfx11,7938,294969449958951,294969456398640,0,0,224,0,128,256,1,1,8192,4,1
KERNEL_DISPATCH,Agent 2,1,0,2096183,7934,38,attention_q8_0_fa2_gqa_gfx11,7934,294969443839703,294969449833757,0,0,224,0,128,256,1,1,8192,4,1
KERNEL_DISPATCH,Agent 2,1,0,2096183,7929,39,attention_fa2_q_preconvert_gfx11,7929,294969438077081,294969438151941,0,0,16,0,128,128,1,1,393216,1,1
KERNEL_DISPATCH,Agent 2,1,0,2096183,7641,22,gdn_chunk_scan,7641,294968804617708,294968804926405,60928,0,216,0,128,512,1,1,512,48,1
KERNEL_DISPATCH,Agent 2,1,0,2096183,7924,37,kv_cache_write_q8_0_batched,7924,294969432817000,294969432832308,0,0,8,0,128,32,1,1,1024,512,1
KERNEL_DISPATCH,Agent 2,1,0,2096183,7636,21,gdn_chunk_kkt_solve,7636,294968803841215,294968803885818,11776,0,120,0,128,128,1,1,1024,16,1
KERNEL_DISPATCH,Agent 2,1,0,2096183,7919,37,kv_cache_write_q8_0_batched,7919,294969427988285,294969428001550,0,0,8,0,128,32,1,1,1024,512,1
KERNEL_DISPATCH,Agent 2,1,0,2096183,7631,22,gdn_chunk_scan,7631,294968802781472,294968803096462,60928,0,216,0,128,512,1,1,512,48,1
KERNEL_DISPATCH,Agent 2,1,0,2096183,7914,38,attention_q8_0_fa2_gqa_gfx11,7914,294969419663791,294969423570660,0,0,224,0,128,256,1,1,8192,4,1
KERNEL_DISPATCH,Agent 2,1,0,2096183,7626,21,gdn_chunk_kkt_solve,7626,294968802000812,294968802048220,11776,0,120,0,128,128,1,1,1024,16,1
KERNEL_DISPATCH,Agent 2,1,0,2096183,7909,39,attention_fa2_q_preconvert_gfx11,7909,294969415963387,294969416042094,0,0,16,0,128,128,1,1,393216,1,1
KERNEL_DISPATCH,Agent 2,1,0,2096183,7621,27,gemm_mq4g256v2_residual_iu4_v2b_set_gfx11,7621,294968788976844,294968796419810,0,0,248,0,128,32,16,1,1024,400,1
KERNEL_DISPATCH,Agent 2,1,0,2096183,7904,37,kv_cache_write_q8_0_batched,7904,294969412759753,294969412772577,0,0,8,0,128,32,1,1,1024,512,1
KERNEL_DISPATCH,Agent 2,1,0,2096183,7616,24,gemm_mq4g256v2_gate_up_silu_iu4_v2b_gfx11,7616,294968710058512,294968750818292,0,0,248,0,128,32,16,1,1024,2176,1
KERNEL_DISPATCH,Agent 2,1,0,2096183,7899,37,kv_cache_write_q8_0_batched,7899,294969410000631,294969410014177,0,0,8,0,128,32,1,1,1024,512,1
KERNEL_DISPATCH,Agent 2,1,0,2096183,7611,21,gdn_chunk_kkt_solve,7611,294968696605261,294968696650707,11776,0,120,0,128,128,1,1,1024,16,1
KERNEL_DISPATCH,Agent 2,1,0,2096183,7606,22,gdn_chunk_scan,7606,294968695543916,294968695860027,60928,0,216,0,128,512,1,1,512,48,1
KERNEL_DISPATCH,Agent 2,1,0,2096183,7601,21,gdn_chunk_kkt_solve,7601,294968694762173,294968694806496,11776,0,120,0,128,128,1,1,1024,16,1
KERNEL_DISPATCH,Agent 2,1,0,2096183,7596,22,gdn_chunk_scan,7596,294968693706999,294968694017901,60928,0,216,0,128,512,1,1,512,48,1
KERNEL_DISPATCH,Agent 2,1,0,2096183,7591,21,gdn_chunk_kkt_solve,7591,294968692922010,294968692969138,11776,0,120,0,128,128,1,1,1024,16,1
KERNEL_DISPATCH,Agent 2,1,0,2096183,7586,22,gdn_chunk_scan,7586,294968691871405,294968692184430,60928,0,216,0,128,512,1,1,512,48,1
KERNEL_DISPATCH,Agent 2,1,0,2096183,7581,21,gdn_chunk_kkt_solve,7581,294968691067180,294968691118957,11776,0,120,0,128,128,1,1,1024,16,1
KERNEL_DISPATCH,Agent 2,1,0,2096183,7576,23,fused_rmsnorm_mq_rotate_awq_i4,7576,294968665158827,294968666329777,0,0,96,0,128,256,1,1,2097152,1,1
KERNEL_DISPATCH,Agent 2,1,0,2096183,7571,26,gemm_mq4g256v2_residual_iu4_v2b_add_gfx11,7571,294968588507616,294968598227481,0,0,248,0,128,32,16,1,1024,320,1
KERNEL_DISPATCH,Agent 2,1,0,2096183,7566,21,gdn_chunk_kkt_solve,7566,294968585344899,294968585388580,11776,0,120,0,128,128,1,1,1024,16,1
KERNEL_DISPATCH,Agent 2,1,0,2096183,7561,22,gdn_chunk_scan,7561,294968584290205,294968584603071,60928,0,216,0,128,512,1,1,512,48,1
KERNEL_DISPATCH,Agent 2,1,0,2096183,7556,21,gdn_chunk_kkt_solve,7556,294968583507180,294968583553587,11776,0,120,0,128,128,1,1,1024,16,1
KERNEL_DISPATCH,Agent 2,1,0,2096183,7551,22,gdn_chunk_scan,7551,294968582459139,294968582770762,60928,0,216,0,128,512,1,1,512,48,1
KERNEL_DISPATCH,Agent 2,1,0,2096183,7546,21,gdn_chunk_kkt_solve,7546,294968581672748,294968581720117,11776,0,120,0,128,128,1,1,1024,16,1
KERNEL_DISPATCH,Agent 2,1,0,2096183,7541,22,gdn_chunk_scan,7541,294968580617213,294968580928315,60928,0,216,0,128,512,1,1,512,48,1
KERNEL_DISPATCH,Agent 2,1,0,2096183,7536,28,split_mq4v2_z_betaalpha,7536,294968574941274,294968576964900,0,0,16,0,128,256,1,1,2097152,1,1
KERNEL_DISPATCH,Agent 2,1,0,2096183,7531,30,fused_silu_mul_mq_rotate_awq_i4_hin,7531,294968529196648,294968532195779,0,0,80,0,128,32,1,1,2176,8192,1
KERNEL_DISPATCH,Agent 2,1,0,2096183,7526,38,attention_q8_0_fa2_gqa_gfx11,7526,294968468958866,294968475336037,0,0,224,0,128,256,1,1,8192,4,1
KERNEL_DISPATCH,Agent 2,1,0,2096183,7521,39,attention_fa2_q_preconvert_gfx11,7521,294968462786558,294968462856288,0,0,16,0,128,128,1,1,393216,1,1
KERNEL_DISPATCH,Agent 2,1,0,2096183,7516,37,kv_cache_write_q8_0_batched,7516,294968457098916,294968457114626,0,0,8,0,128,32,1,1,1024,512,1
KERNEL_DISPATCH,Agent 2,1,0,2096183,7511,37,kv_cache_write_q8_0_batched,7511,294968451848092,294968451862199,0,0,8,0,128,32,1,1,1024,512,1
KERNEL_DISPATCH,Agent 2,1,0,2096183,7506,38,attention_q8_0_fa2_gqa_gfx11,7506,294968442781569,294968447043583,0,0,224,0,128,256,1,1,8192,4,1
KERNEL_DISPATCH,Agent 2,1,0,2096183,7501,39,attention_fa2_q_preconvert_gfx11,7501,294968438674846,294968438751148,0,0,16,0,128,128,1,1,393216,1,1
KERNEL_DISPATCH,Agent 2,1,0,2096183,7496,37,kv_cache_write_q8_0_batched,7496,294968435048461,294968435061846,0,0,8,0,128,32,1,1,1024,512,1
KERNEL_DISPATCH,Agent 2,1,0,2096183,7491,37,kv_cache_write_q8_0_batched,7491,294968431854044,294968431872639,0,0,8,0,128,32,1,1,1024,512,1
KERNEL_DISPATCH,Agent 2,1,0,2096183,7967,22,gdn_chunk_scan,7967,294969565114843,294969565428429,60928,0,216,0,128,512,1,1,512,48,1
KERNEL_DISPATCH,Agent 2,1,0,2096183,7486,38,attention_q8_0_fa2_gqa_gfx11,7486,294968426854450,294968429074724,0,0,224,0,128,256,1,1,8192,4,1
KERNEL_DISPATCH,Agent 2,1,0,2096183,7962,21,gdn_chunk_kkt_solve,7962,294969564330816,294969564376982,11776,0,120,0,128,128,1,1,1024,16,1
KERNEL_DISPATCH,Agent 2,1,0,2096183,7957,22,gdn_chunk_scan,7957,294969563269630,294969563582977,60928,0,216,0,128,512,1,1,512,48,1
KERNEL_DISPATCH,Agent 2,1,0,2096183,7481,39,attention_fa2_q_preconvert_gfx11,7481,294968424810867,294968424890856,0,0,16,0,128,128,1,1,393216,1,1
KERNEL_DISPATCH,Agent 2,1,0,2096183,7952,21,gdn_chunk_kkt_solve,7952,294969562482918,294969562529926,11776,0,120,0,128,128,1,1,1024,16,1
KERNEL_DISPATCH,Agent 2,1,0,2096183,7476,37,kv_cache_write_q8_0_batched,7476,294968423252992,294968423265856,0,0,8,0,128,32,1,1,1024,512,1
KERNEL_DISPATCH,Agent 2,1,0,2096183,7947,27,gemm_mq4g256v2_residual_iu4_v2b_set_gfx11,7947,294969549310914,294969556747588,0,0,248,0,128,32,16,1,1024,400,1
KERNEL_DISPATCH,Agent 2,1,0,2096183,7942,24,gemm_mq4g256v2_gate_up_silu_iu4_v2b_gfx11,7942,294969469416195,294969510716306,0,0,248,0,128,32,16,1,1024,2176,1
KERNEL_DISPATCH,Agent 2,1,0,2096183,7937,39,attention_fa2_q_preconvert_gfx11,7937,294969449881647,294969449952379,0,0,16,0,128,128,1,1,393216,1,1
KERNEL_DISPATCH,Agent 2,1,0,2096183,7932,37,kv_cache_write_q8_0_batched,7932,294969443747250,294969443763320,0,0,8,0,128,32,1,1,1024,512,1
KERNEL_DISPATCH,Agent 2,1,0,2096183,7927,37,kv_cache_write_q8_0_batched,7927,294969438041695,294969438057124,0,0,8,0,128,32,1,1,1024,512,1
KERNEL_DISPATCH,Agent 2,1,0,2096183,7922,38,attention_q8_0_fa2_gqa_gfx11,7922,294969428104222,294969432789428,0,0,224,0,128,256,1,1,8192,4,1
KERNEL_DISPATCH,Agent 2,1,0,2096183,7917,39,attention_fa2_q_preconvert_gfx11,7917,294969423618830,294969423695734,0,0,16,0,128,128,1,1,393216,1,1
KERNEL_DISPATCH,Agent 2,1,0,2096183,7933,39,attention_fa2_q_preconvert_gfx11,7933,294969443765363,294969443832970,0,0,16,0,128,128,1,1,393216,1,1
KERNEL_DISPATCH,Agent 2,1,0,2096183,7912,37,kv_cache_write_q8_0_batched,7912,294969419563162,294969419576988,0,0,8,0,128,32,1,1,1024,512,1
KERNEL_DISPATCH,Agent 2,1,0,2096183,7928,37,kv_cache_write_q8_0_batched,7928,294969438059087,294969438074997,0,0,8,0,128,32,1,1,1024,512,1
KERNEL_DISPATCH,Agent 2,1,0,2096183,7907,37,kv_cache_write_q8_0_batched,7907,294969415932329,294969415945794,0,0,8,0,128,32,1,1,1024,512,1
KERNEL_DISPATCH,Agent 2,1,0,2096183,7923,37,kv_cache_write_q8_0_batched,7923,294969432800649,294969432815076,0,0,8,0,128,32,1,1,1024,512,1
KERNEL_DISPATCH,Agent 2,1,0,2096183,7902,38,attention_q8_0_fa2_gqa_gfx11,7902,294969410117049,294969412733384,0,0,224,0,128,256,1,1,8192,4,1
KERNEL_DISPATCH,Agent 2,1,0,2096183,7918,38,attention_q8_0_fa2_gqa_gfx11,7918,294969423702146,294969427977225,0,0,224,0,128,256,1,1,8192,4,1
KERNEL_DISPATCH,Agent 2,1,0,2096183,7897,39,attention_fa2_q_preconvert_gfx11,7897,294969407669189,294969407749299,0,0,16,0,128,128,1,1,393216,1,1
KERNEL_DISPATCH,Agent 2,1,0,2096183,7913,39,attention_fa2_q_preconvert_gfx11,7913,294969419578912,294969419657338,0,0,16,0,128,128,1,1,393216,1,1
KERNEL_DISPATCH,Agent 2,1,0,2096183,7892,37,kv_cache_write_q8_0_batched,7892,294969405706036,294969405718580,0,0,8,0,128,32,1,1,1024,512,1
KERNEL_DISPATCH,Agent 2,1,0,2096183,7908,37,kv_cache_write_q8_0_batched,7908,294969415947838,294969415961424,0,0,8,0,128,32,1,1,1024,512,1
KERNEL_DISPATCH,Agent 2,1,0,2096183,7887,37,kv_cache_write_q8_0_batched,7887,294969404152169,294969404165875,0,0,8,0,128,32,1,1,1024,512,1
KERNEL_DISPATCH,Agent 2,1,0,2096183,7903,37,kv_cache_write_q8_0_batched,7903,294969412744365,294969412757750,0,0,8,0,128,32,1,1,1024,512,1
KERNEL_DISPATCH,Agent 2,1,0,2096183,7882,38,attention_q8_0_fa2_gqa_gfx11,7882,294969402387628,294969403007387,0,0,224,0,128,256,1,1,8192,4,1
KERNEL_DISPATCH,Agent 2,1,0,2096183,7898,38,attention_q8_0_fa2_gqa_gfx11,7898,294969407755791,294969409989851,0,0,224,0,128,256,1,1,8192,4,1
KERNEL_DISPATCH,Agent 2,1,0,2096183,7877,39,attention_fa2_q_preconvert_gfx11,7877,294969401840604,294969401984634,0,0,16,0,128,128,1,1,393216,1,1
KERNEL_DISPATCH,Agent 2,1,0,2096183,7893,39,attention_fa2_q_preconvert_gfx11,7893,294969405720583,294969405799170,0,0,16,0,128,128,1,1,393216,1,1
KERNEL_DISPATCH,Agent 2,1,0,2096183,7872,31,deinterleave_q_rmsnorm_f32_batched,7872,294969395642528,294969399203470,0,0,24,0,128,256,1,1,6144,8192,1
KERNEL_DISPATCH,Agent 2,1,0,2096183,7888,37,kv_cache_write_q8_0_batched,7888,294969404167798,294969404180422,0,0,8,0,128,32,1,1,1024,512,1
KERNEL_DISPATCH,Agent 2,1,0,2096183,7867,26,gemm_mq4g256v2_residual_iu4_v2b_add_gfx11,7867,294969355320327,294969377157303,0,0,248,0,128,32,16,1,1024,320,1
KERNEL_DISPATCH,Agent 2,1,0,2096183,7862,29,gated_norm_mq_rotate_awq_i4_gfx11,7862,294969298425038,294969300863841,1024,0,48,0,128,64,1,1,1536,8192,1
KERNEL_DISPATCH,Agent 2,1,0,2096183,7883,37,kv_cache_write_q8_0_batched,7883,294969403018247,294969403033476,0,0,8,0,128,32,1,1,1024,512,1
KERNEL_DISPATCH,Agent 2,1,0,2096183,7857,22,gdn_chunk_scan,7857,294969297373952,294969297682930,60928,0,216,0,128,512,1,1,512,48,1
KERNEL_DISPATCH,Agent 2,1,0,2096183,7852,21,gdn_chunk_kkt_solve,7852,294969296590005,294969296636652,11776,0,120,0,128,128,1,1,1024,16,1
KERNEL_DISPATCH,Agent 2,1,0,2096183,7847,22,gdn_chunk_scan,7847,294969295528579,294969295842527,60928,0,216,0,128,512,1,1,512,48,1
KERNEL_DISPATCH,Agent 2,1,0,2096183,7842,21,gdn_chunk_kkt_solve,7842,294969294747277,294969294794205,11776,0,120,0,128,128,1,1,1024,16,1
KERNEL_DISPATCH,Agent 2,1,0,2096183,7837,22,gdn_chunk_scan,7837,294969293688897,294969294001963,60928,0,216,0,128,512,1,1,512,48,1
KERNEL_DISPATCH,Agent 2,1,0,2096183,7832,21,gdn_chunk_kkt_solve,7832,294969292894491,294969292945987,11776,0,120,0,128,128,1,1,1024,16,1
KERNEL_DISPATCH,Agent 2,1,0,2096183,7827,27,gemm_mq4g256v2_residual_iu4_v2b_set_gfx11,7827,294969279781878,294969287187774,0,0,248,0,128,32,16,1,1024,400,1
KERNEL_DISPATCH,Agent 2,1,0,2096183,7822,24,gemm_mq4g256v2_gate_up_silu_iu4_v2b_gfx11,7822,294969201004048,294969241788434,0,0,248,0,128,32,16,1,1024,2176,1
KERNEL_DISPATCH,Agent 2,1,0,2096183,7817,21,gdn_chunk_kkt_solve,7817,294969187349501,294969187395948,11776,0,120,0,128,128,1,1,1024,16,1
KERNEL_DISPATCH,Agent 2,1,0,2096183,7812,22,gdn_chunk_scan,7812,294969186296050,294969186608234,60928,0,216,0,128,512,1,1,512,48,1
KERNEL_DISPATCH,Agent 2,1,0,2096183,7807,21,gdn_chunk_kkt_solve,7807,294969185509258,294969185553461,11776,0,120,0,128,128,1,1,1024,16,1
KERNEL_DISPATCH,Agent 2,1,0,2096183,7802,22,gdn_chunk_scan,7802,294969184452281,294969184761659,60928,0,216,0,128,512,1,1,512,48,1
KERNEL_DISPATCH,Agent 2,1,0,2096183,7797,21,gdn_chunk_kkt_solve,7797,294969183664527,294969183713298,11776,0,120,0,128,128,1,1,1024,16,1
KERNEL_DISPATCH,Agent 2,1,0,2096183,7792,22,gdn_chunk_scan,7792,294969182615003,294969182927308,60928,0,216,0,128,512,1,1,512,48,1
KERNEL_DISPATCH,Agent 2,1,0,2096183,7787,21,gdn_chunk_kkt_solve,7787,294969181804086,294969181856584,11776,0,120,0,128,128,1,1,1024,16,1
KERNEL_DISPATCH,Agent 2,1,0,2096183,7782,23,fused_rmsnorm_mq_rotate_awq_i4,7782,294969155808810,294969156977276,0,0,96,0,128,256,1,1,2097152,1,1
KERNEL_DISPATCH,Agent 2,1,0,2096183,7777,26,gemm_mq4g256v2_residual_iu4_v2b_add_gfx11,7777,294969078769433,294969088619622,0,0,248,0,128,32,16,1,1024,320,1
KERNEL_DISPATCH,Agent 2,1,0,2096183,7772,21,gdn_chunk_kkt_solve,7772,294969075574135,294969075621062,11776,0,120,0,128,128,1,1,1024,16,1
KERNEL_DISPATCH,Agent 2,1,0,2096183,7767,22,gdn_chunk_scan,7767,294969074514272,294969074826897,60928,0,216,0,128,512,1,1,512,48,1
KERNEL_DISPATCH,Agent 2,1,0,2096183,7762,21,gdn_chunk_kkt_solve,7762,294969073719625,294969073768156,11776,0,120,0,128,128,1,1,1024,16,1
KERNEL_DISPATCH,Agent 2,1,0,2096183,7757,22,gdn_chunk_scan,7757,294969072660203,294969072977677,60928,0,216,0,128,512,1,1,512,48,1
KERNEL_DISPATCH,Agent 2,1,0,2096183,7752,21,gdn_chunk_kkt_solve,7752,294969071866638,294969071913406,11776,0,120,0,128,128,1,1,1024,16,1
KERNEL_DISPATCH,Agent 2,1,0,2096183,7747,22,gdn_chunk_scan,7747,294969070801245,294969071117476,60928,0,216,0,128,512,1,1,512,48,1
KERNEL_DISPATCH,Agent 2,1,0,2096183,7737,30,fused_silu_mul_mq_rotate_awq_i4_hin,7737,294969019098992,294969022125415,0,0,80,0,128,32,1,1,2176,8192,1
KERNEL_DISPATCH,Agent 2,1,0,2096183,7732,38,attention_q8_0_fa2_gqa_gfx11,7732,294968959147786,294968965569601,0,0,224,0,128,256,1,1,8192,4,1
KERNEL_DISPATCH,Agent 2,1,0,2096183,7727,39,attention_fa2_q_preconvert_gfx11,7727,294968952968104,294968953036032,0,0,16,0,128,128,1,1,393216,1,1
KERNEL_DISPATCH,Agent 2,1,0,2096183,7722,37,kv_cache_write_q8_0_batched,7722,294968947247882,294968947263271,0,0,8,0,128,32,1,1,1024,512,1
KERNEL_DISPATCH,Agent 2,1,0,2096183,7717,37,kv_cache_write_q8_0_batched,7717,294968941987961,294968942001827,0,0,8,0,128,32,1,1,1024,512,1
KERNEL_DISPATCH,Agent 2,1,0,2096183,7712,38,attention_q8_0_fa2_gqa_gfx11,7712,294968932872466,294968937140852,0,0,224,0,128,256,1,1,8192,4,1
KERNEL_DISPATCH,Agent 2,1,0,2096183,7707,39,attention_fa2_q_preconvert_gfx11,7707,294968928752518,294968928830464,0,0,16,0,128,128,1,1,393216,1,1
KERNEL_DISPATCH,Agent 2,1,0,2096183,7702,37,kv_cache_write_q8_0_batched,7702,294968925157672,294968925171017,0,0,8,0,128,32,1,1,1024,512,1
KERNEL_DISPATCH,Agent 2,1,0,2096183,7697,37,kv_cache_write_q8_0_batched,7697,294968921960130,294968921973956,0,0,8,0,128,32,1,1,1024,512,1
KERNEL_DISPATCH,Agent 2,1,0,2096183,7692,38,attention_q8_0_fa2_gqa_gfx11,7692,294968916953964,294968919174077,0,0,224,0,128,256,1,1,8192,4,1
KERNEL_DISPATCH,Agent 2,1,0,2096183,7687,39,attention_fa2_q_preconvert_gfx11,7687,294968914941959,294968915024874,0,0,16,0,128,128,1,1,393216,1,1
KERNEL_DISPATCH,Agent 2,1,0,2096183,7682,37,kv_cache_write_q8_0_batched,7682,294968913402158,294968913414421,0,0,8,0,128,32,1,1,1024,512,1
KERNEL_DISPATCH,Agent 2,1,0,2096183,7677,37,kv_cache_write_q8_0_batched,7677,294968912259461,294968912273046,0,0,8,0,128,32,1,1,1024,512,1
KERNEL_DISPATCH,Agent 2,1,0,2096183,7672,38,attention_q8_0_fa2_gqa_gfx11,7672,294968911235585,294968911487536,0,0,224,0,128,256,1,1,8192,4,1
KERNEL_DISPATCH,Agent 2,1,0,2096183,7667,33,rmsnorm_f32,7667,294968908456505,294968908752259,0,0,16,0,128,256,1,1,8388608,1,1
KERNEL_DISPATCH,Agent 2,1,0,2096183,7662,23,fused_rmsnorm_mq_rotate_awq_i4,7662,294968886412502,294968887586458,0,0,96,0,128,256,1,1,2097152,1,1
KERNEL_DISPATCH,Agent 2,1,0,2096183,7657,26,gemm_mq4g256v2_residual_iu4_v2b_add_gfx11,7657,294968809955414,294968819575373,0,0,248,0,128,32,16,1,1024,320,1
KERNEL_DISPATCH,Agent 2,1,0,2096183,7652,21,gdn_chunk_kkt_solve,7652,294968806772099,294968806816021,11776,0,120,0,128,128,1,1,1024,16,1
KERNEL_DISPATCH,Agent 2,1,0,2096183,7647,22,gdn_chunk_scan,7647,294968805720892,294968806030391,60928,0,216,0,128,512,1,1,512,48,1
KERNEL_DISPATCH,Agent 2,1,0,2096183,7642,21,gdn_chunk_kkt_solve,7642,294968804932897,294968804976740,11776,0,120,0,128,128,1,1,1024,16,1
KERNEL_DISPATCH,Agent 2,1,0,2096183,7637,22,gdn_chunk_scan,7637,294968803887702,294968804200207,60928,0,216,0,128,512,1,1,512,48,1
KERNEL_DISPATCH,Agent 2,1,0,2096183,7632,21,gdn_chunk_kkt_solve,7632,294968803102994,294968803147237,11776,0,120,0,128,128,1,1,1024,16,1
KERNEL_DISPATCH,Agent 2,1,0,2096183,7627,22,gdn_chunk_scan,7627,294968802050064,294968802360204,60928,0,216,0,128,512,1,1,512,48,1
KERNEL_DISPATCH,Agent 2,1,0,2096183,7622,28,split_mq4v2_z_betaalpha,7622,294968796430831,294968798459065,0,0,16,0,128,256,1,1,2097152,1,1
KERNEL_DISPATCH,Agent 2,1,0,2096183,7617,30,fused_silu_mul_mq_rotate_awq_i4_hin,7617,294968750829272,294968753848761,0,0,80,0,128,32,1,1,2176,8192,1
KERNEL_DISPATCH,Agent 2,1,0,2096183,7612,22,gdn_chunk_scan,7612,294968696652670,294968696966818,60928,0,216,0,128,512,1,1,512,48,1
KERNEL_DISPATCH,Agent 2,1,0,2096183,7607,21,gdn_chunk_kkt_solve,7607,294968695866479,294968695918897,11776,0,120,0,128,128,1,1,1024,16,1
KERNEL_DISPATCH,Agent 2,1,0,2096183,7878,38,attention_q8_0_fa2_gqa_gfx11,7878,294969401991046,294969402246443,0,0,224,0,128,256,1,1,8192,4,1
KERNEL_DISPATCH,Agent 2,1,0,2096183,7602,22,gdn_chunk_scan,7602,294968694808460,294968695126334,60928,0,216,0,128,512,1,1,512,48,1
KERNEL_DISPATCH,Agent 2,1,0,2096183,7873,33,rmsnorm_f32,7873,294969399214451,294969399512528,0,0,16,0,128,256,1,1,8388608,1,1
KERNEL_DISPATCH,Agent 2,1,0,2096183,7597,21,gdn_chunk_kkt_solve,7597,294968694024393,294968694071281,11776,0,120,0,128,128,1,1,1024,16,1
KERNEL_DISPATCH,Agent 2,1,0,2096183,7592,22,gdn_chunk_scan,7592,294968692971182,294968693284208,60928,0,216,0,128,512,1,1,512,48,1
KERNEL_DISPATCH,Agent 2,1,0,2096183,7587,21,gdn_chunk_kkt_solve,7587,294968692190963,294968692236327,11776,0,120,0,128,128,1,1,1024,16,1
KERNEL_DISPATCH,Agent 2,1,0,2096183,7868,23,fused_rmsnorm_mq_rotate_awq_i4,7868,294969377168404,294969378341518,0,0,96,0,128,256,1,1,2097152,1,1
KERNEL_DISPATCH,Agent 2,1,0,2096183,7582,22,gdn_chunk_scan,7582,294968691121041,294968691453102,60928,0,216,0,128,512,1,1,512,48,1
KERNEL_DISPATCH,Agent 2,1,0,2096183,7863,26,gemm_mq4g256v2_residual_iu4_v2b_add_gfx11,7863,294969300874782,294969310279417,0,0,248,0,128,32,16,1,1024,320,1
KERNEL_DISPATCH,Agent 2,1,0,2096183,7577,27,gemm_mq4g256v2_residual_iu4_v2b_set_gfx11,7577,294968666340798,294968678403447,0,0,248,0,128,32,16,1,1024,640,1
KERNEL_DISPATCH,Agent 2,1,0,2096183,7858,21,gdn_chunk_kkt_solve,7858,294969297689422,294969297735108,11776,0,120,0,128,128,1,1,1024,16,1
KERNEL_DISPATCH,Agent 2,1,0,2096183,7572,23,fused_rmsnorm_mq_rotate_awq_i4,7572,294968598238382,294968599416185,0,0,96,0,128,256,1,1,2097152,1,1
KERNEL_DISPATCH,Agent 2,1,0,2096183,7853,22,gdn_chunk_scan,7853,294969296638656,294969296950640,60928,0,216,0,128,512,1,1,512,48,1
KERNEL_DISPATCH,Agent 2,1,0,2096183,7567,22,gdn_chunk_scan,7567,294968585390464,294968585702127,60928,0,216,0,128,512,1,1,512,48,1
KERNEL_DISPATCH,Agent 2,1,0,2096183,7466,38,attention_q8_0_fa2_gqa_gfx11,7466,294968421089264,294968421330235,0,0,224,0,128,256,1,1,8192,4,1
KERNEL_DISPATCH,Agent 2,1,0,2096183,7562,21,gdn_chunk_kkt_solve,7562,294968584609442,294968584656050,11776,0,120,0,128,128,1,1,1024,16,1
KERNEL_DISPATCH,Agent 2,1,0,2096183,7461,33,rmsnorm_f32,7461,294968418301849,294968418598684,0,0,16,0,128,256,1,1,8388608,1,1
KERNEL_DISPATCH,Agent 2,1,0,2096183,7557,22,gdn_chunk_scan,7557,294968583555430,294968583868296,60928,0,216,0,128,512,1,1,512,48,1
KERNEL_DISPATCH,Agent 2,1,0,2096183,7456,23,fused_rmsnorm_mq_rotate_awq_i4,7456,294968396223020,294968397407837,0,0,96,0,128,256,1,1,2097152,1,1
KERNEL_DISPATCH,Agent 2,1,0,2096183,7451,26,gemm_mq4g256v2_residual_iu4_v2b_add_gfx11,7451,294968319851453,294968329300491,0,0,248,0,128,32,16,1,1024,320,1
KERNEL_DISPATCH,Agent 2,1,0,2096183,7552,21,gdn_chunk_kkt_solve,7552,294968582777295,294968582822700,11776,0,120,0,128,128,1,1,1024,16,1
KERNEL_DISPATCH,Agent 2,1,0,2096183,7446,21,gdn_chunk_kkt_solve,7446,294968316647658,294968316694586,11776,0,120,0,128,128,1,1,1024,16,1
KERNEL_DISPATCH,Agent 2,1,0,2096183,7547,22,gdn_chunk_scan,7547,294968581722000,294968582033503,60928,0,216,0,128,512,1,1,512,48,1
KERNEL_DISPATCH,Agent 2,1,0,2096183,7542,21,gdn_chunk_kkt_solve,7542,294968580934767,294968580979892,11776,0,120,0,128,128,1,1,1024,16,1
KERNEL_DISPATCH,Agent 2,1,0,2096183,7537,20,gdn_chunk_prep,7537,294968576975921,294968580163845,0,0,72,0,128,256,1,1,32768,10,1
KERNEL_DISPATCH,Agent 2,1,0,2096183,7532,26,gemm_mq4g256v2_residual_iu4_v2b_add_gfx11,7532,294968532206880,294968554191131,0,0,248,0,128,32,16,1,1024,320,1
KERNEL_DISPATCH,Agent 2,1,0,2096183,7527,40,sigmoid_mul_rotate_x_mq_awq_i4_gfx11,7527,294968475347258,294968477247253,0,0,88,0,128,32,1,1,6291456,1,1
KERNEL_DISPATCH,Agent 2,1,0,2096183,7889,39,attention_fa2_q_preconvert_gfx11,7889,294969404182386,294969404262696,0,0,16,0,128,128,1,1,393216,1,1
KERNEL_DISPATCH,Agent 2,1,0,2096183,7522,38,attention_q8_0_fa2_gqa_gfx11,7522,294968462862860,294968468831067,0,0,224,0,128,256,1,1,8192,4,1
KERNEL_DISPATCH,Agent 2,1,0,2096183,7884,37,kv_cache_write_q8_0_batched,7884,294969403035440,294969403048224,0,0,8,0,128,32,1,1,1024,512,1
KERNEL_DISPATCH,Agent 2,1,0,2096183,7517,39,attention_fa2_q_preconvert_gfx11,7517,294968457116669,294968457188644,0,0,16,0,128,128,1,1,393216,1,1
KERNEL_DISPATCH,Agent 2,1,0,2096183,7879,37,kv_cache_write_q8_0_batched,7879,294969402252936,294969402270729,0,0,8,0,128,32,1,1,1024,512,1
KERNEL_DISPATCH,Agent 2,1,0,2096183,7512,37,kv_cache_write_q8_0_batched,7512,294968451864042,294968451878790,0,0,8,0,128,32,1,1,1024,512,1
KERNEL_DISPATCH,Agent 2,1,0,2096183,7874,34,rope_partial_halfsplit_batched_f32,7874,294969399519221,294969401781053,0,0,24,0,128,256,1,1,256,8192,1
KERNEL_DISPATCH,Agent 2,1,0,2096183,7507,37,kv_cache_write_q8_0_batched,7507,294968447054684,294968447068309,0,0,8,0,128,32,1,1,1024,512,1
KERNEL_DISPATCH,Agent 2,1,0,2096183,7869,27,gemm_mq4g256v2_residual_iu4_v2b_set_gfx11,7869,294969378355745,294969392698460,0,0,248,0,128,32,16,1,1024,768,1
KERNEL_DISPATCH,Agent 2,1,0,2096183,7502,38,attention_q8_0_fa2_gqa_gfx11,7502,294968438757801,294968442654692,0,0,224,0,128,256,1,1,8192,4,1
KERNEL_DISPATCH,Agent 2,1,0,2096183,7864,23,fused_rmsnorm_mq_rotate_awq_i4,7864,294969310290358,294969311453133,0,0,96,0,128,256,1,1,2097152,1,1
KERNEL_DISPATCH,Agent 2,1,0,2096183,7497,39,attention_fa2_q_preconvert_gfx11,7497,294968435063810,294968435143198,0,0,16,0,128,128,1,1,393216,1,1
KERNEL_DISPATCH,Agent 2,1,0,2096183,7859,22,gdn_chunk_scan,7859,294969297737031,294969298045689,60928,0,216,0,128,512,1,1,512,48,1
KERNEL_DISPATCH,Agent 2,1,0,2096183,7492,37,kv_cache_write_q8_0_batched,7492,294968431874643,294968431886906,0,0,8,0,128,32,1,1,1024,512,1
KERNEL_DISPATCH,Agent 2,1,0,2096183,7854,21,gdn_chunk_kkt_solve,7854,294969296957052,294969297003779,11776,0,120,0,128,128,1,1,1024,16,1
KERNEL_DISPATCH,Agent 2,1,0,2096183,7487,37,kv_cache_write_q8_0_batched,7487,294968429085665,294968429099410,0,0,8,0,128,32,1,1,1024,512,1
KERNEL_DISPATCH,Agent 2,1,0,2096183,7849,22,gdn_chunk_scan,7849,294969295898632,294969296215865,60928,0,216,0,128,512,1,1,512,48,1
KERNEL_DISPATCH,Agent 2,1,0,2096183,7482,38,attention_q8_0_fa2_gqa_gfx11,7482,294968424897308,294968426727092,0,0,224,0,128,256,1,1,8192,4,1
KERNEL_DISPATCH,Agent 2,1,0,2096183,7844,21,gdn_chunk_kkt_solve,7844,294969295115206,294969295161613,11776,0,120,0,128,128,1,1,1024,16,1
KERNEL_DISPATCH,Agent 2,1,0,2096183,7839,22,gdn_chunk_scan,7839,294969294058148,294969294372416,60928,0,216,0,128,512,1,1,512,48,1
KERNEL_DISPATCH,Agent 2,1,0,2096183,7477,39,attention_fa2_q_preconvert_gfx11,7477,294968423267820,294968423347850,0,0,16,0,128,128,1,1,393216,1,1
KERNEL_DISPATCH,Agent 2,1,0,2096183,7834,21,gdn_chunk_kkt_solve,7834,294969293265505,294969293314918,11776,0,120,0,128,128,1,1,1024,16,1
KERNEL_DISPATCH,Agent 2,1,0,2096183,7829,20,gdn_chunk_prep,7829,294969289239813,294969292492779,0,0,72,0,128,256,1,1,32768,10,1
KERNEL_DISPATCH,Agent 2,1,0,2096183,7472,37,kv_cache_write_q8_0_batched,7472,294968422122116,294968422134860,0,0,8,0,128,32,1,1,1024,512,1
KERNEL_DISPATCH,Agent 2,1,0,2096183,7824,26,gemm_mq4g256v2_residual_iu4_v2b_add_gfx11,7824,294969244818263,294969266581140,0,0,248,0,128,32,16,1,1024,320,1
KERNEL_DISPATCH,Agent 2,1,0,2096183,7467,37,kv_cache_write_q8_0_batched,7467,294968421336647,294968421356283,0,0,8,0,128,32,1,1,1024,512,1
KERNEL_DISPATCH,Agent 2,1,0,2096183,7819,29,gated_norm_mq_rotate_awq_i4_gfx11,7819,294969187716828,294969190164608,1024,0,48,0,128,64,1,1,1536,8192,1
KERNEL_DISPATCH,Agent 2,1,0,2096183,7462,34,rope_partial_halfsplit_batched_f32,7462,294968418605256,294968420876987,0,0,24,0,128,256,1,1,256,8192,1
KERNEL_DISPATCH,Agent 2,1,0,2096183,7814,22,gdn_chunk_scan,7814,294969186664139,294969186976283,60928,0,216,0,128,512,1,1,512,48,1
KERNEL_DISPATCH,Agent 2,1,0,2096183,7457,27,gemm_mq4g256v2_residual_iu4_v2b_set_gfx11,7457,294968397418858,294968411845249,0,0,248,0,128,32,16,1,1024,768,1
KERNEL_DISPATCH,Agent 2,1,0,2096183,7809,21,gdn_chunk_kkt_solve,7809,294969185878229,294969185924114,11776,0,120,0,128,128,1,1,1024,16,1
KERNEL_DISPATCH,Agent 2,1,0,2096183,7452,23,fused_rmsnorm_mq_rotate_awq_i4,7452,294968329311432,294968330497290,0,0,96,0,128,256,1,1,2097152,1,1
KERNEL_DISPATCH,Agent 2,1,0,2096183,7804,22,gdn_chunk_scan,7804,294969184820289,294969185134958,60928,0,216,0,128,512,1,1,512,48,1
KERNEL_DISPATCH,Agent 2,1,0,2096183,7447,22,gdn_chunk_scan,7447,294968316696550,294968317013543,60928,0,216,0,128,512,1,1,512,48,1
KERNEL_DISPATCH,Agent 2,1,0,2096183,7799,21,gdn_chunk_kkt_solve,7799,294969184034379,294969184078341,11776,0,120,0,128,128,1,1,1024,16,1
KERNEL_DISPATCH,Agent 2,1,0,2096183,7442,21,gdn_chunk_kkt_solve,7442,294968315913685,294968315960012,11776,0,120,0,128,128,1,1,1024,16,1
KERNEL_DISPATCH,Agent 2,1,0,2096183,7794,22,gdn_chunk_scan,7794,294969182980046,294969183292791,60928,0,216,0,128,512,1,1,512,48,1
KERNEL_DISPATCH,Agent 2,1,0,2096183,7789,21,gdn_chunk_kkt_solve,7789,294969182195819,294969182243348,11776,0,120,0,128,128,1,1,1024,16,1
KERNEL_DISPATCH,Agent 2,1,0,2096183,7437,22,gdn_chunk_scan,7437,294968314848612,294968315168371,60928,0,216,0,128,512,1,1,512,48,1
KERNEL_DISPATCH,Agent 2,1,0,2096183,7784,27,gemm_mq4g256v2_residual_iu4_v2b_set_gfx11,7784,294969169041327,294969176410916,0,0,248,0,128,32,16,1,1024,400,1
KERNEL_DISPATCH,Agent 2,1,0,2096183,7432,21,gdn_chunk_kkt_solve,7432,294968314059937,294968314108468,11776,0,120,0,128,128,1,1,1024,16,1
KERNEL_DISPATCH,Agent 2,1,0,2096183,7779,24,gemm_mq4g256v2_gate_up_silu_iu4_v2b_gfx11,7779,294969089814458,294969130771767,0,0,248,0,128,32,16,1,1024,2176,1
KERNEL_DISPATCH,Agent 2,1,0,2096183,7427,22,gdn_chunk_scan,7427,294968312997830,294968313309854,60928,0,216,0,128,512,1,1,512,48,1
KERNEL_DISPATCH,Agent 2,1,0,2096183,7774,21,gdn_chunk_kkt_solve,7774,294969075943345,294969075989993,11776,0,120,0,128,128,1,1,1024,16,1
KERNEL_DISPATCH,Agent 2,1,0,2096183,7422,21,gdn_chunk_kkt_solve,7422,294968312206790,294968312254319,11776,0,120,0,128,128,1,1,1024,16,1
KERNEL_DISPATCH,Agent 2,1,0,2096183,7769,22,gdn_chunk_scan,7769,294969074880918,294969075194184,60928,0,216,0,128,512,1,1,512,48,1
KERNEL_DISPATCH,Agent 2,1,0,2096183,7417,20,gdn_chunk_prep,7417,294968308191477,294968311428413,0,0,72,0,128,256,1,1,32768,10,1
KERNEL_DISPATCH,Agent 2,1,0,2096183,7764,21,gdn_chunk_kkt_solve,7764,294969074091721,294969074140292,11776,0,120,0,128,128,1,1,1024,16,1
KERNEL_DISPATCH,Agent 2,1,0,2096183,7759,22,gdn_chunk_scan,7759,294969073034463,294969073344122,60928,0,216,0,128,512,1,1,512,48,1
KERNEL_DISPATCH,Agent 2,1,0,2096183,7754,21,gdn_chunk_kkt_solve,7754,294969072232523,294969072283698,11776,0,120,0,128,128,1,1,1024,16,1
KERNEL_DISPATCH,Agent 2,1,0,2096183,7749,22,gdn_chunk_scan,7749,294969071173902,294969071487769,60928,0,216,0,128,512,1,1,512,48,1
KERNEL_DISPATCH,Agent 2,1,0,2096183,7744,21,gdn_chunk_kkt_solve,7744,294969070351443,294969070402058,11776,0,120,0,128,128,1,1,1024,16,1
KERNEL_DISPATCH,Agent 2,1,0,2096183,7848,21,gdn_chunk_kkt_solve,7848,294969295848899,294969295896628,11776,0,120,0,128,128,1,1,1024,16,1
KERNEL_DISPATCH,Agent 2,1,0,2096183,7843,22,gdn_chunk_scan,7843,294969294796089,294969295108674,60928,0,216,0,128,512,1,1,512,48,1
KERNEL_DISPATCH,Agent 2,1,0,2096183,7838,21,gdn_chunk_kkt_solve,7838,294969294008415,294969294056184,11776,0,120,0,128,128,1,1,1024,16,1
KERNEL_DISPATCH,Agent 2,1,0,2096183,7833,22,gdn_chunk_scan,7833,294969292947951,294969293259013,60928,0,216,0,128,512,1,1,512,48,1
KERNEL_DISPATCH,Agent 2,1,0,2096183,7828,28,split_mq4v2_z_betaalpha,7828,294969287198835,294969289228833,0,0,16,0,128,256,1,1,2097152,1,1
KERNEL_DISPATCH,Agent 2,1,0,2096183,7823,30,fused_silu_mul_mq_rotate_awq_i4_hin,7823,294969241799655,294969244807202,0,0,80,0,128,32,1,1,2176,8192,1
KERNEL_DISPATCH,Agent 2,1,0,2096183,7818,22,gdn_chunk_scan,7818,294969187397792,294969187710016,60928,0,216,0,128,512,1,1,512,48,1
KERNEL_DISPATCH,Agent 2,1,0,2096183,7813,21,gdn_chunk_kkt_solve,7813,294969186614686,294969186662175,11776,0,120,0,128,128,1,1,1024,16,1
KERNEL_DISPATCH,Agent 2,1,0,2096183,7808,22,gdn_chunk_scan,7808,294969185555344,294969185871736,60928,0,216,0,128,512,1,1,512,48,1
KERNEL_DISPATCH,Agent 2,1,0,2096183,7803,21,gdn_chunk_kkt_solve,7803,294969184768071,294969184818406,11776,0,120,0,128,128,1,1,1024,16,1
KERNEL_DISPATCH,Agent 2,1,0,2096183,7798,22,gdn_chunk_scan,7798,294969183715142,294969184027887,60928,0,216,0,128,512,1,1,512,48,1
KERNEL_DISPATCH,Agent 2,1,0,2096183,7441,22,gdn_chunk_scan,7441,294968315593125,294968315907193,60928,0,216,0,128,512,1,1,512,48,1
KERNEL_DISPATCH,Agent 2,1,0,2096183,7793,21,gdn_chunk_kkt_solve,7793,294969182933800,294969182978163,11776,0,120,0,128,128,1,1,1024,16,1
KERNEL_DISPATCH,Agent 2,1,0,2096183,7436,21,gdn_chunk_kkt_solve,7436,294968314798639,294968314846689,11776,0,120,0,128,128,1,1,1024,16,1
KERNEL_DISPATCH,Agent 2,1,0,2096183,7788,22,gdn_chunk_scan,7788,294969181858588,294969182189407,60928,0,216,0,128,512,1,1,512,48,1
KERNEL_DISPATCH,Agent 2,1,0,2096183,7431,22,gdn_chunk_scan,7431,294968313738496,294968314053525,60928,0,216,0,128,512,1,1,512,48,1
KERNEL_DISPATCH,Agent 2,1,0,2096183,7783,27,gemm_mq4g256v2_residual_iu4_v2b_set_gfx11,7783,294969156988297,294969169030267,0,0,248,0,128,32,16,1,1024,640,1
KERNEL_DISPATCH,Agent 2,1,0,2096183,7426,21,gdn_chunk_kkt_solve,7426,294968312945893,294968312995826,11776,0,120,0,128,128,1,1,1024,16,1
KERNEL_DISPATCH,Agent 2,1,0,2096183,7778,23,fused_rmsnorm_mq_rotate_awq_i4,7778,294969088630563,294969089803557,0,0,96,0,128,256,1,1,2097152,1,1
KERNEL_DISPATCH,Agent 2,1,0,2096183,7421,22,gdn_chunk_scan,7421,294968311884346,294968312200338,60928,0,216,0,128,512,1,1,512,48,1
KERNEL_DISPATCH,Agent 2,1,0,2096183,7773,22,gdn_chunk_scan,7773,294969075623186,294969075936853,60928,0,216,0,128,512,1,1,512,48,1
KERNEL_DISPATCH,Agent 2,1,0,2096183,7416,28,split_mq4v2_z_betaalpha,7416,294968306149216,294968308180457,0,0,16,0,128,256,1,1,2097152,1,1
KERNEL_DISPATCH,Agent 2,1,0,2096183,7411,30,fused_silu_mul_mq_rotate_awq_i4_hin,7411,294968260714891,294968263721877,0,0,80,0,128,32,1,1,2176,8192,1
KERNEL_DISPATCH,Agent 2,1,0,2096183,7768,21,gdn_chunk_kkt_solve,7768,294969074833389,294969074878954,11776,0,120,0,128,128,1,1,1024,16,1
KERNEL_DISPATCH,Agent 2,1,0,2096183,7763,22,gdn_chunk_scan,7763,294969073769999,294969074085229,60928,0,216,0,128,512,1,1,512,48,1
KERNEL_DISPATCH,Agent 2,1,0,2096183,7758,21,gdn_chunk_kkt_solve,7758,294969072984129,294969073032499,11776,0,120,0,128,128,1,1,1024,16,1
KERNEL_DISPATCH,Agent 2,1,0,2096183,7406,22,gdn_chunk_scan,7406,294968206322966,294968206636633,60928,0,216,0,128,512,1,1,512,48,1
KERNEL_DISPATCH,Agent 2,1,0,2096183,7753,22,gdn_chunk_scan,7753,294969071915409,294969072226071,60928,0,216,0,128,512,1,1,512,48,1
KERNEL_DISPATCH,Agent 2,1,0,2096183,7401,21,gdn_chunk_kkt_solve,7401,294968205540262,294968205585226,11776,0,120,0,128,128,1,1,1024,16,1
KERNEL_DISPATCH,Agent 2,1,0,2096183,7748,21,gdn_chunk_kkt_solve,7748,294969071123929,294969071172019,11776,0,120,0,128,128,1,1,1024,16,1
KERNEL_DISPATCH,Agent 2,1,0,2096183,7396,22,gdn_chunk_scan,7396,294968204484206,294968204800197,60928,0,216,0,128,512,1,1,512,48,1
KERNEL_DISPATCH,Agent 2,1,0,2096183,7743,20,gdn_chunk_prep,7743,294969067024579,294969070340423,0,0,72,0,128,256,1,1,32768,10,1
KERNEL_DISPATCH,Agent 2,1,0,2096183,7391,21,gdn_chunk_kkt_solve,7391,294968203693366,294968203739893,11776,0,120,0,128,128,1,1,1024,16,1
KERNEL_DISPATCH,Agent 2,1,0,2096183,7738,26,gemm_mq4g256v2_residual_iu4_v2b_add_gfx11,7738,294969022136515,294969044198552,0,0,248,0,128,32,16,1,1024,320,1
KERNEL_DISPATCH,Agent 2,1,0,2096183,7386,22,gdn_chunk_scan,7386,294968202639835,294968202952220,60928,0,216,0,128,512,1,1,512,48,1
KERNEL_DISPATCH,Agent 2,1,0,2096183,7733,40,sigmoid_mul_rotate_x_mq_awq_i4_gfx11,7733,294968965580822,294968967480697,0,0,88,0,128,32,1,1,6291456,1,1
KERNEL_DISPATCH,Agent 2,1,0,2096183,7381,21,gdn_chunk_kkt_solve,7381,294968201856329,294968201904058,11776,0,120,0,128,128,1,1,1024,16,1
KERNEL_DISPATCH,Agent 2,1,0,2096183,7728,38,attention_q8_0_fa2_gqa_gfx11,7728,294968953042524,294968959025277,0,0,224,0,128,256,1,1,8192,4,1
KERNEL_DISPATCH,Agent 2,1,0,2096183,7376,22,gdn_chunk_scan,7376,294968200784444,294968201115583,60928,0,216,0,128,512,1,1,512,48,1
KERNEL_DISPATCH,Agent 2,1,0,2096183,7723,39,attention_fa2_q_preconvert_gfx11,7723,294968947265235,294968947338452,0,0,16,0,128,128,1,1,393216,1,1
KERNEL_DISPATCH,Agent 2,1,0,2096183,7371,27,gemm_mq4g256v2_residual_iu4_v2b_set_gfx11,7371,294968176048724,294968188030341,0,0,248,0,128,32,16,1,1024,640,1
KERNEL_DISPATCH,Agent 2,1,0,2096183,7718,37,kv_cache_write_q8_0_batched,7718,294968942003671,294968942018979,0,0,8,0,128,32,1,1,1024,512,1
KERNEL_DISPATCH,Agent 2,1,0,2096183,7366,23,fused_rmsnorm_mq_rotate_awq_i4,7366,294968108071622,294968109233717,0,0,96,0,128,256,1,1,2097152,1,1
KERNEL_DISPATCH,Agent 2,1,0,2096183,7713,37,kv_cache_write_q8_0_batched,7713,294968937152073,294968937165699,0,0,8,0,128,32,1,1,1024,512,1
KERNEL_DISPATCH,Agent 2,1,0,2096183,7361,22,gdn_chunk_scan,7361,294968095422556,294968095737145,60928,0,216,0,128,512,1,1,512,48,1
KERNEL_DISPATCH,Agent 2,1,0,2096183,7708,38,attention_q8_0_fa2_gqa_gfx11,7708,294968928836876,294968932744908,0,0,224,0,128,256,1,1,8192,4,1
KERNEL_DISPATCH,Agent 2,1,0,2096183,7703,39,attention_fa2_q_preconvert_gfx11,7703,294968925173061,294968925252009,0,0,16,0,128,128,1,1,393216,1,1
KERNEL_DISPATCH,Agent 2,1,0,2096183,7356,21,gdn_chunk_kkt_solve,7356,294968094642457,294968094686860,11776,0,120,0,128,128,1,1,1024,16,1
KERNEL_DISPATCH,Agent 2,1,0,2096183,7698,37,kv_cache_write_q8_0_batched,7698,294968921975839,294968921988463,0,0,8,0,128,32,1,1,1024,512,1
KERNEL_DISPATCH,Agent 2,1,0,2096183,7351,22,gdn_chunk_scan,7351,294968093577384,294968093893255,60928,0,216,0,128,512,1,1,512,48,1
KERNEL_DISPATCH,Agent 2,1,0,2096183,7693,37,kv_cache_write_q8_0_batched,7693,294968919184898,294968919198643,0,0,8,0,128,32,1,1,1024,512,1
KERNEL_DISPATCH,Agent 2,1,0,2096183,7688,38,attention_q8_0_fa2_gqa_gfx11,7688,294968915031286,294968916826205,0,0,224,0,128,256,1,1,8192,4,1
KERNEL_DISPATCH,Agent 2,1,0,2096183,7346,21,gdn_chunk_kkt_solve,7346,294968092801493,294968092846657,11776,0,120,0,128,128,1,1,1024,16,1
KERNEL_DISPATCH,Agent 2,1,0,2096183,7683,39,attention_fa2_q_preconvert_gfx11,7683,294968913416265,294968913497377,0,0,16,0,128,128,1,1,393216,1,1
KERNEL_DISPATCH,Agent 2,1,0,2096183,7341,22,gdn_chunk_scan,7341,294968091749765,294968092056619,60928,0,216,0,128,512,1,1,512,48,1
KERNEL_DISPATCH,Agent 2,1,0,2096183,7678,37,kv_cache_write_q8_0_batched,7678,294968912274970,294968912287713,0,0,8,0,128,32,1,1,1024,512,1
KERNEL_DISPATCH,Agent 2,1,0,2096183,7336,21,gdn_chunk_kkt_solve,7336,294968090966459,294968091009941,11776,0,120,0,128,128,1,1,1024,16,1
KERNEL_DISPATCH,Agent 2,1,0,2096183,7673,37,kv_cache_write_q8_0_batched,7673,294968911493908,294968911512703,0,0,8,0,128,32,1,1,1024,512,1
KERNEL_DISPATCH,Agent 2,1,0,2096183,7331,20,gdn_chunk_prep,7331,294968086896645,294968090194535,0,0,72,0,128,256,1,1,32768,10,1
KERNEL_DISPATCH,Agent 2,1,0,2096183,7668,34,rope_partial_halfsplit_batched_f32,7668,294968908758951,294968911025191,0,0,24,0,128,256,1,1,256,8192,1
KERNEL_DISPATCH,Agent 2,1,0,2096183,7663,27,gemm_mq4g256v2_residual_iu4_v2b_set_gfx11,7663,294968887597479,294968901984797,0,0,248,0,128,32,16,1,1024,768,1
KERNEL_DISPATCH,Agent 2,1,0,2096183,7326,26,gemm_mq4g256v2_residual_iu4_v2b_add_gfx11,7326,294968042285139,294968064192166,0,0,248,0,128,32,16,1,1024,320,1
KERNEL_DISPATCH,Agent 2,1,0,2096183,7658,23,fused_rmsnorm_mq_rotate_awq_i4,7658,294968819586353,294968820756062,0,0,96,0,128,256,1,1,2097152,1,1
KERNEL_DISPATCH,Agent 2,1,0,2096183,7321,40,sigmoid_mul_rotate_x_mq_awq_i4_gfx11,7321,294967985490238,294967987393720,0,0,88,0,128,32,1,1,6291456,1,1
KERNEL_DISPATCH,Agent 2,1,0,2096183,7653,22,gdn_chunk_scan,7653,294968806817944,294968807128445,60928,0,216,0,128,512,1,1,512,48,1
KERNEL_DISPATCH,Agent 2,1,0,2096183,7412,26,gemm_mq4g256v2_residual_iu4_v2b_add_gfx11,7412,294968263732977,294968285543464,0,0,248,0,128,32,16,1,1024,320,1
KERNEL_DISPATCH,Agent 2,1,0,2096183,7316,38,attention_q8_0_fa2_gqa_gfx11,7316,294967973030727,294967978974688,0,0,224,0,128,256,1,1,8192,4,1
KERNEL_DISPATCH,Agent 2,1,0,2096183,7648,21,gdn_chunk_kkt_solve,7648,294968806036883,294968806079883,11776,0,120,0,128,128,1,1,1024,16,1
KERNEL_DISPATCH,Agent 2,1,0,2096183,7407,29,gated_norm_mq_rotate_awq_i4_gfx11,7407,294968206643125,294968209077800,1024,0,48,0,128,64,1,1,1536,8192,1
KERNEL_DISPATCH,Agent 2,1,0,2096183,7311,39,attention_fa2_q_preconvert_gfx11,7311,294967967304093,294967967373583,0,0,16,0,128,128,1,1,393216,1,1
KERNEL_DISPATCH,Agent 2,1,0,2096183,7643,22,gdn_chunk_scan,7643,294968804978703,294968805294294,60928,0,216,0,128,512,1,1,512,48,1
KERNEL_DISPATCH,Agent 2,1,0,2096183,7402,22,gdn_chunk_scan,7402,294968205587189,294968205900896,60928,0,216,0,128,512,1,1,512,48,1
KERNEL_DISPATCH,Agent 2,1,0,2096183,7638,21,gdn_chunk_kkt_solve,7638,294968804206699,294968804249860,11776,0,120,0,128,128,1,1,1024,16,1
KERNEL_DISPATCH,Agent 2,1,0,2096183,7306,37,kv_cache_write_q8_0_batched,7306,294967962063087,294967962080199,0,0,8,0,128,32,1,1,1024,512,1
KERNEL_DISPATCH,Agent 2,1,0,2096183,7633,22,gdn_chunk_scan,7633,294968803149200,294968803466434,60928,0,216,0,128,512,1,1,512,48,1
KERNEL_DISPATCH,Agent 2,1,0,2096183,7628,21,gdn_chunk_kkt_solve,7628,294968802366696,294968802412221,11776,0,120,0,128,128,1,1,1024,16,1
KERNEL_DISPATCH,Agent 2,1,0,2096183,7301,37,kv_cache_write_q8_0_batched,7301,294967957212812,294967957226879,0,0,8,0,128,32,1,1,1024,512,1
KERNEL_DISPATCH,Agent 2,1,0,2096183,7739,23,fused_rmsnorm_mq_rotate_awq_i4,7739,294969044209653,294969045391745,0,0,96,0,128,256,1,1,2097152,1,1
KERNEL_DISPATCH,Agent 2,1,0,2096183,7623,20,gdn_chunk_prep,7623,294968798470086,294968801599862,0,0,72,0,128,256,1,1,32768,10,1
KERNEL_DISPATCH,Agent 2,1,0,2096183,7734,26,gemm_mq4g256v2_residual_iu4_v2b_add_gfx11,7734,294968967491918,294968976855156,0,0,248,0,128,32,16,1,1024,320,1
KERNEL_DISPATCH,Agent 2,1,0,2096183,7296,38,attention_q8_0_fa2_gqa_gfx11,7296,294967948906311,294967952788735,0,0,224,0,128,256,1,1,8192,4,1
KERNEL_DISPATCH,Agent 2,1,0,2096183,7618,26,gemm_mq4g256v2_residual_iu4_v2b_add_gfx11,7618,294968753859822,294968775754185,0,0,248,0,128,32,16,1,1024,320,1
KERNEL_DISPATCH,Agent 2,1,0,2096183,7613,29,gated_norm_mq_rotate_awq_i4_gfx11,7613,294968696973390,294968699402655,1024,0,48,0,128,64,1,1,1536,8192,1
KERNEL_DISPATCH,Agent 2,1,0,2096183,7291,39,attention_fa2_q_preconvert_gfx11,7291,294967945223301,294967945302529,0,0,16,0,128,128,1,1,393216,1,1
KERNEL_DISPATCH,Agent 2,1,0,2096183,7729,37,kv_cache_write_q8_0_batched,7729,294968959036458,294968959054051,0,0,8,0,128,32,1,1,1024,512,1
KERNEL_DISPATCH,Agent 2,1,0,2096183,7724,38,attention_q8_0_fa2_gqa_gfx11,7724,294968947344944,294968952919774,0,0,224,0,128,256,1,1,8192,4,1
KERNEL_DISPATCH,Agent 2,1,0,2096183,7286,37,kv_cache_write_q8_0_batched,7286,294967942031930,294967942044553,0,0,8,0,128,32,1,1,1024,512,1
KERNEL_DISPATCH,Agent 2,1,0,2096183,7719,39,attention_fa2_q_preconvert_gfx11,7719,294968942020943,294968942095482,0,0,16,0,128,128,1,1,393216,1,1
KERNEL_DISPATCH,Agent 2,1,0,2096183,7281,37,kv_cache_write_q8_0_batched,7281,294967939242551,294967939256217,0,0,8,0,128,32,1,1,1024,512,1
KERNEL_DISPATCH,Agent 2,1,0,2096183,7608,22,gdn_chunk_scan,7608,294968695920821,294968696234488,60928,0,216,0,128,512,1,1,512,48,1
KERNEL_DISPATCH,Agent 2,1,0,2096183,7714,37,kv_cache_write_q8_0_batched,7714,294968937167743,294968937183332,0,0,8,0,128,32,1,1,1024,512,1
KERNEL_DISPATCH,Agent 2,1,0,2096183,7709,37,kv_cache_write_q8_0_batched,7709,294968932755688,294968932769313,0,0,8,0,128,32,1,1,1024,512,1
KERNEL_DISPATCH,Agent 2,1,0,2096183,7603,21,gdn_chunk_kkt_solve,7603,294968695132787,294968695177230,11776,0,120,0,128,128,1,1,1024,16,1
KERNEL_DISPATCH,Agent 2,1,0,2096183,7276,38,attention_q8_0_fa2_gqa_gfx11,7276,294967935050788,294967936869511,0,0,224,0,128,256,1,1,8192,4,1
KERNEL_DISPATCH,Agent 2,1,0,2096183,7598,22,gdn_chunk_scan,7598,294968694073204,294968694386110,60928,0,216,0,128,512,1,1,512,48,1
KERNEL_DISPATCH,Agent 2,1,0,2096183,7271,39,attention_fa2_q_preconvert_gfx11,7271,294967933445585,294967933525334,0,0,16,0,128,128,1,1,393216,1,1
KERNEL_DISPATCH,Agent 2,1,0,2096183,7704,38,attention_q8_0_fa2_gqa_gfx11,7704,294968925258581,294968928709959,0,0,224,0,128,256,1,1,8192,4,1
KERNEL_DISPATCH,Agent 2,1,0,2096183,7593,21,gdn_chunk_kkt_solve,7593,294968693290700,294968693337708,11776,0,120,0,128,128,1,1,1024,16,1
KERNEL_DISPATCH,Agent 2,1,0,2096183,7266,37,kv_cache_write_q8_0_batched,7266,294967932293189,294967932306374,0,0,8,0,128,32,1,1,1024,512,1
KERNEL_DISPATCH,Agent 2,1,0,2096183,7699,39,attention_fa2_q_preconvert_gfx11,7699,294968921990347,294968922069094,0,0,16,0,128,128,1,1,393216,1,1
KERNEL_DISPATCH,Agent 2,1,0,2096183,7588,22,gdn_chunk_scan,7588,294968692238251,294968692551156,60928,0,216,0,128,512,1,1,512,48,1
KERNEL_DISPATCH,Agent 2,1,0,2096183,7261,37,kv_cache_write_q8_0_batched,7261,294967931503712,294967931522988,0,0,8,0,128,32,1,1,1024,512,1
KERNEL_DISPATCH,Agent 2,1,0,2096183,7694,37,kv_cache_write_q8_0_batched,7694,294968919200607,294968919213271,0,0,8,0,128,32,1,1,1024,512,1
KERNEL_DISPATCH,Agent 2,1,0,2096183,7583,21,gdn_chunk_kkt_solve,7583,294968691459594,294968691505400,11776,0,120,0,128,128,1,1,1024,16,1
KERNEL_DISPATCH,Agent 2,1,0,2096183,7256,34,rope_partial_halfsplit_batched_f32,7256,294967928776129,294967931037239,0,0,24,0,128,256,1,1,256,8192,1
KERNEL_DISPATCH,Agent 2,1,0,2096183,7578,27,gemm_mq4g256v2_residual_iu4_v2b_set_gfx11,7578,294968678414467,294968685779166,0,0,248,0,128,32,16,1,1024,400,1
KERNEL_DISPATCH,Agent 2,1,0,2096183,7251,27,gemm_mq4g256v2_residual_iu4_v2b_set_gfx11,7251,294967907599388,294967922024336,0,0,248,0,128,32,16,1,1024,768,1
KERNEL_DISPATCH,Agent 2,1,0,2096183,7689,37,kv_cache_write_q8_0_batched,7689,294968916836945,294968916851211,0,0,8,0,128,32,1,1,1024,512,1
KERNEL_DISPATCH,Agent 2,1,0,2096183,7573,24,gemm_mq4g256v2_gate_up_silu_iu4_v2b_gfx11,7573,294968599427126,294968640324002,0,0,248,0,128,32,16,1,1024,2176,1
KERNEL_DISPATCH,Agent 2,1,0,2096183,7246,23,fused_rmsnorm_mq_rotate_awq_i4,7246,294967839719909,294967840885329,0,0,96,0,128,256,1,1,2097152,1,1
KERNEL_DISPATCH,Agent 2,1,0,2096183,7684,38,attention_q8_0_fa2_gqa_gfx11,7684,294968913503789,294968914901163,0,0,224,0,128,256,1,1,8192,4,1
KERNEL_DISPATCH,Agent 2,1,0,2096183,7568,21,gdn_chunk_kkt_solve,7568,294968585708619,294968585754825,11776,0,120,0,128,128,1,1,1024,16,1
KERNEL_DISPATCH,Agent 2,1,0,2096183,7679,39,attention_fa2_q_preconvert_gfx11,7679,294968912289637,294968912367342,0,0,16,0,128,128,1,1,393216,1,1
KERNEL_DISPATCH,Agent 2,1,0,2096183,7241,22,gdn_chunk_scan,7241,294967826927495,294967827244688,60928,0,216,0,128,512,1,1,512,48,1
KERNEL_DISPATCH,Agent 2,1,0,2096183,7563,22,gdn_chunk_scan,7563,294968584657973,294968584969196,60928,0,216,0,128,512,1,1,512,48,1
KERNEL_DISPATCH,Agent 2,1,0,2096183,7674,37,kv_cache_write_q8_0_batched,7674,294968911514667,294968911532340,0,0,8,0,128,32,1,1,1024,512,1
KERNEL_DISPATCH,Agent 2,1,0,2096183,7236,21,gdn_chunk_kkt_solve,7236,294967826135012,294967826183102,11776,0,120,0,128,128,1,1,1024,16,1
KERNEL_DISPATCH,Agent 2,1,0,2096183,7669,37,kv_cache_write_q8_0_batched,7669,294968911036132,294968911057812,0,0,8,0,128,32,1,1,1024,512,1
KERNEL_DISPATCH,Agent 2,1,0,2096183,7558,21,gdn_chunk_kkt_solve,7558,294968583874748,294968583920674,11776,0,120,0,128,128,1,1,1024,16,1
KERNEL_DISPATCH,Agent 2,1,0,2096183,7664,27,gemm_mq4g256v2_residual_iu4_v2b_set_gfx11,7664,294968901995898,294968903446412,0,0,248,0,128,32,16,1,1024,64,1
KERNEL_DISPATCH,Agent 2,1,0,2096183,7231,22,gdn_chunk_scan,7231,294967825065892,294967825379879,60928,0,216,0,128,512,1,1,512,48,1
KERNEL_DISPATCH,Agent 2,1,0,2096183,7659,24,gemm_mq4g256v2_gate_up_silu_iu4_v2b_gfx11,7659,294968820767002,294968861475165,0,0,248,0,128,32,16,1,1024,2176,1
KERNEL_DISPATCH,Agent 2,1,0,2096183,7553,22,gdn_chunk_scan,7553,294968582824663,294968583133521,60928,0,216,0,128,512,1,1,512,48,1
KERNEL_DISPATCH,Agent 2,1,0,2096183,7226,21,gdn_chunk_kkt_solve,7226,294967824283668,294967824329674,11776,0,120,0,128,128,1,1,1024,16,1
KERNEL_DISPATCH,Agent 2,1,0,2096183,7654,21,gdn_chunk_kkt_solve,7654,294968807134897,294968807178579,11776,0,120,0,128,128,1,1,1024,16,1
KERNEL_DISPATCH,Agent 2,1,0,2096183,7548,21,gdn_chunk_kkt_solve,7548,294968582039915,294968582086121,11776,0,120,0,128,128,1,1,1024,16,1
KERNEL_DISPATCH,Agent 2,1,0,2096183,7221,22,gdn_chunk_scan,7221,294967823228694,294967823541359,60928,0,216,0,128,512,1,1,512,48,1
KERNEL_DISPATCH,Agent 2,1,0,2096183,7543,22,gdn_chunk_scan,7543,294968580981815,294968581298127,60928,0,216,0,128,512,1,1,512,48,1
KERNEL_DISPATCH,Agent 2,1,0,2096183,7216,21,gdn_chunk_kkt_solve,7216,294967822447232,294967822493078,11776,0,120,0,128,128,1,1,1024,16,1
KERNEL_DISPATCH,Agent 2,1,0,2096183,7211,20,gdn_chunk_prep,7211,294967818374532,294967821673505,0,0,72,0,128,256,1,1,32768,10,1
KERNEL_DISPATCH,Agent 2,1,0,2096183,7538,21,gdn_chunk_kkt_solve,7538,294968580174826,294968580229848,11776,0,120,0,128,128,1,1,1024,16,1
KERNEL_DISPATCH,Agent 2,1,0,2096183,7206,26,gemm_mq4g256v2_residual_iu4_v2b_add_gfx11,7206,294967773653221,294967795659233,0,0,248,0,128,32,16,1,1024,320,1
KERNEL_DISPATCH,Agent 2,1,0,2096183,7533,23,fused_rmsnorm_mq_rotate_awq_i4,7533,294968554202232,294968555382801,0,0,96,0,128,256,1,1,2097152,1,1
KERNEL_DISPATCH,Agent 2,1,0,2096183,7201,29,gated_norm_mq_rotate_awq_i4_gfx11,7201,294967716643278,294967719075388,1024,0,48,0,128,64,1,1,1536,8192,1
KERNEL_DISPATCH,Agent 2,1,0,2096183,7528,26,gemm_mq4g256v2_residual_iu4_v2b_add_gfx11,7528,294968477258434,294968486975294,0,0,248,0,128,32,16,1,1024,320,1
KERNEL_DISPATCH,Agent 2,1,0,2096183,7196,22,gdn_chunk_scan,7196,294967715585218,294967715898084,60928,0,216,0,128,512,1,1,512,48,1
KERNEL_DISPATCH,Agent 2,1,0,2096183,7523,37,kv_cache_write_q8_0_batched,7523,294968468842247,294968468864209,0,0,8,0,128,32,1,1,1024,512,1
KERNEL_DISPATCH,Agent 2,1,0,2096183,7191,21,gdn_chunk_kkt_solve,7191,294967714807283,294967714852247,11776,0,120,0,128,128,1,1,1024,16,1
KERNEL_DISPATCH,Agent 2,1,0,2096183,7518,38,attention_q8_0_fa2_gqa_gfx11,7518,294968457195096,294968462739149,0,0,224,0,128,256,1,1,8192,4,1
KERNEL_DISPATCH,Agent 2,1,0,2096183,7186,22,gdn_chunk_scan,7186,294967713752109,294967714062049,60928,0,216,0,128,512,1,1,512,48,1
KERNEL_DISPATCH,Agent 2,1,0,2096183,7513,39,attention_fa2_q_preconvert_gfx11,7513,294968451880753,294968451955974,0,0,16,0,128,128,1,1,393216,1,1
KERNEL_DISPATCH,Agent 2,1,0,2096183,7181,21,gdn_chunk_kkt_solve,7181,294967712969244,294967713016212,11776,0,120,0,128,128,1,1,1024,16,1
KERNEL_DISPATCH,Agent 2,1,0,2096183,7176,22,gdn_chunk_scan,7176,294967711917035,294967712228979,60928,0,216,0,128,512,1,1,512,48,1
KERNEL_DISPATCH,Agent 2,1,0,2096183,7508,37,kv_cache_write_q8_0_batched,7508,294968447070153,294968447085181,0,0,8,0,128,32,1,1,1024,512,1
KERNEL_DISPATCH,Agent 2,1,0,2096183,7171,21,gdn_chunk_kkt_solve,7171,294967711140342,294967711187430,11776,0,120,0,128,128,1,1,1024,16,1
KERNEL_DISPATCH,Agent 2,1,0,2096183,7503,37,kv_cache_write_q8_0_batched,7503,294968442665472,294968442678817,0,0,8,0,128,32,1,1,1024,512,1
KERNEL_DISPATCH,Agent 2,1,0,2096183,7498,38,attention_q8_0_fa2_gqa_gfx11,7498,294968435149610,294968438631124,0,0,224,0,128,256,1,1,8192,4,1
KERNEL_DISPATCH,Agent 2,1,0,2096183,7493,39,attention_fa2_q_preconvert_gfx11,7493,294968431888829,294968431968859,0,0,16,0,128,128,1,1,393216,1,1
KERNEL_DISPATCH,Agent 2,1,0,2096183,7488,37,kv_cache_write_q8_0_batched,7488,294968429101374,294968429114038,0,0,8,0,128,32,1,1,1024,512,1
KERNEL_DISPATCH,Agent 2,1,0,2096183,7483,37,kv_cache_write_q8_0_batched,7483,294968426737872,294968426751818,0,0,8,0,128,32,1,1,1024,512,1
KERNEL_DISPATCH,Agent 2,1,0,2096183,7478,38,attention_q8_0_fa2_gqa_gfx11,7478,294968423354342,294968424770271,0,0,224,0,128,256,1,1,8192,4,1
KERNEL_DISPATCH,Agent 2,1,0,2096183,7473,39,attention_fa2_q_preconvert_gfx11,7473,294968422136824,294968422216132,0,0,16,0,128,128,1,1,393216,1,1
KERNEL_DISPATCH,Agent 2,1,0,2096183,7468,37,kv_cache_write_q8_0_batched,7468,294968421358247,294968421375199,0,0,8,0,128,32,1,1,1024,512,1
KERNEL_DISPATCH,Agent 2,1,0,2096183,7463,37,kv_cache_write_q8_0_batched,7463,294968420888248,294968420910008,0,0,8,0,128,32,1,1,1024,512,1
KERNEL_DISPATCH,Agent 2,1,0,2096183,7458,27,gemm_mq4g256v2_residual_iu4_v2b_set_gfx11,7458,294968411856349,294968413257691,0,0,248,0,128,32,16,1,1024,64,1
KERNEL_DISPATCH,Agent 2,1,0,2096183,7453,24,gemm_mq4g256v2_gate_up_silu_iu4_v2b_gfx11,7453,294968330508271,294968371372005,0,0,248,0,128,32,16,1,1024,2176,1
KERNEL_DISPATCH,Agent 2,1,0,2096183,7448,21,gdn_chunk_kkt_solve,7448,294968317020115,294968317066763,11776,0,120,0,128,128,1,1,1024,16,1
KERNEL_DISPATCH,Agent 2,1,0,2096183,7443,22,gdn_chunk_scan,7443,294968315961935,294968316273038,60928,0,216,0,128,512,1,1,512,48,1
KERNEL_DISPATCH,Agent 2,1,0,2096183,7397,21,gdn_chunk_kkt_solve,7397,294968204806729,294968204853016,11776,0,120,0,128,128,1,1,1024,16,1
KERNEL_DISPATCH,Agent 2,1,0,2096183,7392,22,gdn_chunk_scan,7392,294968203741857,294968204056646,60928,0,216,0,128,512,1,1,512,48,1
KERNEL_DISPATCH,Agent 2,1,0,2096183,7387,21,gdn_chunk_kkt_solve,7387,294968202958591,294968203003155,11776,0,120,0,128,128,1,1,1024,16,1
KERNEL_DISPATCH,Agent 2,1,0,2096183,7382,22,gdn_chunk_scan,7382,294968201905902,294968202216202,60928,0,216,0,128,512,1,1,512,48,1
KERNEL_DISPATCH,Agent 2,1,0,2096183,7377,21,gdn_chunk_kkt_solve,7377,294968201122035,294968201166118,11776,0,120,0,128,128,1,1,1024,16,1
KERNEL_DISPATCH,Agent 2,1,0,2096183,7372,27,gemm_mq4g256v2_residual_iu4_v2b_set_gfx11,7372,294968188041522,294968195421129,0,0,248,0,128,32,16,1,1024,400,1
KERNEL_DISPATCH,Agent 2,1,0,2096183,7367,24,gemm_mq4g256v2_gate_up_silu_iu4_v2b_gfx11,7367,294968109244617,294968149999988,0,0,248,0,128,32,16,1,1024,2176,1
KERNEL_DISPATCH,Agent 2,1,0,2096183,7362,21,gdn_chunk_kkt_solve,7362,294968095743717,294968095793090,11776,0,120,0,128,128,1,1,1024,16,1
KERNEL_DISPATCH,Agent 2,1,0,2096183,7357,22,gdn_chunk_scan,7357,294968094688824,294968094999966,60928,0,216,0,128,512,1,1,512,48,1
KERNEL_DISPATCH,Agent 2,1,0,2096183,7352,21,gdn_chunk_kkt_solve,7352,294968093899747,294968093946435,11776,0,120,0,128,128,1,1,1024,16,1
KERNEL_DISPATCH,Agent 2,1,0,2096183,7347,22,gdn_chunk_scan,7347,294968092848581,294968093160043,60928,0,216,0,128,512,1,1,512,48,1
KERNEL_DISPATCH,Agent 2,1,0,2096183,7342,21,gdn_chunk_kkt_solve,7342,294968092063071,294968092108035,11776,0,120,0,128,128,1,1,1024,16,1
KERNEL_DISPATCH,Agent 2,1,0,2096183,7337,22,gdn_chunk_scan,7337,294968091011985,294968091327575,60928,0,216,0,128,512,1,1,512,48,1
KERNEL_DISPATCH,Agent 2,1,0,2096183,7332,21,gdn_chunk_kkt_solve,7332,294968090205516,294968090258334,11776,0,120,0,128,128,1,1,1024,16,1
KERNEL_DISPATCH,Agent 2,1,0,2096183,7327,23,fused_rmsnorm_mq_rotate_awq_i4,7327,294968064203227,294968065382954,0,0,96,0,128,256,1,1,2097152,1,1
KERNEL_DISPATCH,Agent 2,1,0,2096183,7322,26,gemm_mq4g256v2_residual_iu4_v2b_add_gfx11,7322,294967987404900,294967997051629,0,0,248,0,128,32,16,1,1024,320,1
KERNEL_DISPATCH,Agent 2,1,0,2096183,7317,37,kv_cache_write_q8_0_batched,7317,294967978985789,294967979003983,0,0,8,0,128,32,1,1,1024,512,1
KERNEL_DISPATCH,Agent 2,1,0,2096183,7312,38,attention_q8_0_fa2_gqa_gfx11,7312,294967967379955,294967972904852,0,0,224,0,128,256,1,1,8192,4,1
KERNEL_DISPATCH,Agent 2,1,0,2096183,7307,39,attention_fa2_q_preconvert_gfx11,7307,294967962082163,294967962152414,0,0,16,0,128,128,1,1,393216,1,1
KERNEL_DISPATCH,Agent 2,1,0,2096183,7302,37,kv_cache_write_q8_0_batched,7302,294967957228802,294967957243470,0,0,8,0,128,32,1,1,1024,512,1
KERNEL_DISPATCH,Agent 2,1,0,2096183,7297,37,kv_cache_write_q8_0_batched,7297,294967952799956,294967952813782,0,0,8,0,128,32,1,1,1024,512,1
KERNEL_DISPATCH,Agent 2,1,0,2096183,7292,38,attention_q8_0_fa2_gqa_gfx11,7292,294967945309021,294967948773543,0,0,224,0,128,256,1,1,8192,4,1
KERNEL_DISPATCH,Agent 2,1,0,2096183,7287,39,attention_fa2_q_preconvert_gfx11,7287,294967942046557,294967942126226,0,0,16,0,128,128,1,1,393216,1,1
KERNEL_DISPATCH,Agent 2,1,0,2096183,7282,37,kv_cache_write_q8_0_batched,7282,294967939258100,294967939270403,0,0,8,0,128,32,1,1,1024,512,1
KERNEL_DISPATCH,Agent 2,1,0,2096183,7649,22,gdn_chunk_scan,7649,294968806081847,294968806394873,60928,0,216,0,128,512,1,1,512,48,1
KERNEL_DISPATCH,Agent 2,1,0,2096183,7277,37,kv_cache_write_q8_0_batched,7277,294967936880371,294967936894438,0,0,8,0,128,32,1,1,1024,512,1
KERNEL_DISPATCH,Agent 2,1,0,2096183,7644,21,gdn_chunk_kkt_solve,7644,294968805300746,294968805347593,11776,0,120,0,128,128,1,1,1024,16,1
KERNEL_DISPATCH,Agent 2,1,0,2096183,7639,22,gdn_chunk_scan,7639,294968804251783,294968804564007,60928,0,216,0,128,512,1,1,512,48,1
KERNEL_DISPATCH,Agent 2,1,0,2096183,7272,38,attention_q8_0_fa2_gqa_gfx11,7272,294967933531786,294967934924712,0,0,224,0,128,256,1,1,8192,4,1
KERNEL_DISPATCH,Agent 2,1,0,2096183,7634,21,gdn_chunk_kkt_solve,7634,294968803472886,294968803517369,11776,0,120,0,128,128,1,1,1024,16,1
KERNEL_DISPATCH,Agent 2,1,0,2096183,7629,22,gdn_chunk_scan,7629,294968802414145,294968802729655,60928,0,216,0,128,512,1,1,512,48,1
KERNEL_DISPATCH,Agent 2,1,0,2096183,7624,21,gdn_chunk_kkt_solve,7624,294968801610842,294968801661176,11776,0,120,0,128,128,1,1,1024,16,1
KERNEL_DISPATCH,Agent 2,1,0,2096183,7619,23,fused_rmsnorm_mq_rotate_awq_i4,7619,294968775765366,294968776934153,0,0,96,0,128,256,1,1,2097152,1,1
KERNEL_DISPATCH,Agent 2,1,0,2096183,7614,26,gemm_mq4g256v2_residual_iu4_v2b_add_gfx11,7614,294968699413596,294968708880227,0,0,248,0,128,32,16,1,1024,320,1
KERNEL_DISPATCH,Agent 2,1,0,2096183,7609,21,gdn_chunk_kkt_solve,7609,294968696240980,294968696285583,11776,0,120,0,128,128,1,1,1024,16,1
KERNEL_DISPATCH,Agent 2,1,0,2096183,7604,22,gdn_chunk_scan,7604,294968695179033,294968695490416,60928,0,216,0,128,512,1,1,512,48,1
KERNEL_DISPATCH,Agent 2,1,0,2096183,7166,27,gemm_mq4g256v2_residual_iu4_v2b_set_gfx11,7166,294967698002201,294967705407657,0,0,248,0,128,32,16,1,1024,400,1
KERNEL_DISPATCH,Agent 2,1,0,2096183,7599,21,gdn_chunk_kkt_solve,7599,294968694392642,294968694439970,11776,0,120,0,128,128,1,1,1024,16,1
KERNEL_DISPATCH,Agent 2,1,0,2096183,7161,24,gemm_mq4g256v2_gate_up_silu_iu4_v2b_gfx11,7161,294967619263685,294967659988039,0,0,248,0,128,32,16,1,1024,2176,1
KERNEL_DISPATCH,Agent 2,1,0,2096183,7471,37,kv_cache_write_q8_0_batched,7471,294968422106647,294968422120153,0,0,8,0,128,32,1,1,1024,512,1
KERNEL_DISPATCH,Agent 2,1,0,2096183,7894,38,attention_q8_0_fa2_gqa_gfx11,7894,294969405805703,294969407628032,0,0,224,0,128,256,1,1,8192,4,1
KERNEL_DISPATCH,Agent 2,1,0,2096183,7594,22,gdn_chunk_scan,7594,294968693339632,294968693652938,60928,0,216,0,128,512,1,1,512,48,1
KERNEL_DISPATCH,Agent 2,1,0,2096183,7156,21,gdn_chunk_kkt_solve,7156,294967605833839,294967605880686,11776,0,120,0,128,128,1,1,1024,16,1
KERNEL_DISPATCH,Agent 2,1,0,2096183,7589,21,gdn_chunk_kkt_solve,7589,294968692557729,294968692604376,11776,0,120,0,128,128,1,1,1024,16,1
KERNEL_DISPATCH,Agent 2,1,0,2096183,7151,22,gdn_chunk_scan,7151,294967604784636,294967605097020,60928,0,216,0,128,512,1,1,512,48,1
KERNEL_DISPATCH,Agent 2,1,0,2096183,7584,22,gdn_chunk_scan,7584,294968691507364,294968691818025,60928,0,216,0,128,512,1,1,512,48,1
KERNEL_DISPATCH,Agent 2,1,0,2096183,7146,21,gdn_chunk_kkt_solve,7146,294967603998204,294967604044130,11776,0,120,0,128,128,1,1,1024,16,1
KERNEL_DISPATCH,Agent 2,1,0,2096183,7141,22,gdn_chunk_scan,7141,294967602940265,294967603254052,60928,0,216,0,128,512,1,1,512,48,1
KERNEL_DISPATCH,Agent 2,1,0,2096183,7579,28,split_mq4v2_z_betaalpha,7579,294968685790267,294968687818061,0,0,16,0,128,256,1,1,2097152,1,1
KERNEL_DISPATCH,Agent 2,1,0,2096183,7574,30,fused_silu_mul_mq_rotate_awq_i4_hin,7574,294968640334982,294968643350985,0,0,80,0,128,32,1,1,2176,8192,1
KERNEL_DISPATCH,Agent 2,1,0,2096183,7136,21,gdn_chunk_kkt_solve,7136,294967602149145,294967602196193,11776,0,120,0,128,128,1,1,1024,16,1
KERNEL_DISPATCH,Agent 2,1,0,2096183,7569,22,gdn_chunk_scan,7569,294968585756789,294968586066448,60928,0,216,0,128,512,1,1,512,48,1
KERNEL_DISPATCH,Agent 2,1,0,2096183,7131,22,gdn_chunk_scan,7131,294967601096255,294967601411044,60928,0,216,0,128,512,1,1,512,48,1
KERNEL_DISPATCH,Agent 2,1,0,2096183,7564,21,gdn_chunk_kkt_solve,7564,294968584975648,294968585022095,11776,0,120,0,128,128,1,1,1024,16,1
KERNEL_DISPATCH,Agent 2,1,0,2096183,7559,22,gdn_chunk_scan,7559,294968583922638,294968584235062,60928,0,216,0,128,512,1,1,512,48,1
KERNEL_DISPATCH,Agent 2,1,0,2096183,7554,21,gdn_chunk_kkt_solve,7554,294968583140133,294968583185538,11776,0,120,0,128,128,1,1,1024,16,1
KERNEL_DISPATCH,Agent 2,1,0,2096183,7549,22,gdn_chunk_scan,7549,294968582088045,294968582405359,60928,0,216,0,128,512,1,1,512,48,1
KERNEL_DISPATCH,Agent 2,1,0,2096183,7544,21,gdn_chunk_kkt_solve,7544,294968581304539,294968581350024,11776,0,120,0,128,128,1,1,1024,16,1
KERNEL_DISPATCH,Agent 2,1,0,2096183,7539,22,gdn_chunk_scan,7539,294968580231972,294968580561349,60928,0,216,0,128,512,1,1,512,48,1
KERNEL_DISPATCH,Agent 2,1,0,2096183,7534,27,gemm_mq4g256v2_residual_iu4_v2b_set_gfx11,7534,294968555393982,294968567498429,0,0,248,0,128,32,16,1,1024,640,1
KERNEL_DISPATCH,Agent 2,1,0,2096183,7529,23,fused_rmsnorm_mq_rotate_awq_i4,7529,294968486986755,294968488150813,0,0,96,0,128,256,1,1,2097152,1,1
KERNEL_DISPATCH,Agent 2,1,0,2096183,7524,37,kv_cache_write_q8_0_batched,7524,294968468866212,294968468882082,0,0,8,0,128,32,1,1,1024,512,1
KERNEL_DISPATCH,Agent 2,1,0,2096183,7519,37,kv_cache_write_q8_0_batched,7519,294968462750290,294968462766520,0,0,8,0,128,32,1,1,1024,512,1
KERNEL_DISPATCH,Agent 2,1,0,2096183,7514,38,attention_q8_0_fa2_gqa_gfx11,7514,294968451962386,294968457070223,0,0,224,0,128,256,1,1,8192,4,1
KERNEL_DISPATCH,Agent 2,1,0,2096183,7509,39,attention_fa2_q_preconvert_gfx11,7509,294968447087105,294968447164129,0,0,16,0,128,128,1,1,393216,1,1
KERNEL_DISPATCH,Agent 2,1,0,2096183,7504,37,kv_cache_write_q8_0_batched,7504,294968442680781,294968442695248,0,0,8,0,128,32,1,1,1024,512,1
KERNEL_DISPATCH,Agent 2,1,0,2096183,7499,37,kv_cache_write_q8_0_batched,7499,294968438642064,294968438656010,0,0,8,0,128,32,1,1,1024,512,1
KERNEL_DISPATCH,Agent 2,1,0,2096183,7494,38,attention_q8_0_fa2_gqa_gfx11,7494,294968431975271,294968435022252,0,0,224,0,128,256,1,1,8192,4,1
KERNEL_DISPATCH,Agent 2,1,0,2096183,7489,39,attention_fa2_q_preconvert_gfx11,7489,294968429115921,294968429195751,0,0,16,0,128,128,1,1,393216,1,1
KERNEL_DISPATCH,Agent 2,1,0,2096183,7484,37,kv_cache_write_q8_0_batched,7484,294968426753662,294968426766405,0,0,8,0,128,32,1,1,1024,512,1
KERNEL_DISPATCH,Agent 2,1,0,2096183,7479,37,kv_cache_write_q8_0_batched,7479,294968424781051,294968424794596,0,0,8,0,128,32,1,1,1024,512,1
KERNEL_DISPATCH,Agent 2,1,0,2096183,7474,38,attention_q8_0_fa2_gqa_gfx11,7474,294968422222624,294968423226623,0,0,224,0,128,256,1,1,8192,4,1
KERNEL_DISPATCH,Agent 2,1,0,2096183,7469,39,attention_fa2_q_preconvert_gfx11,7469,294968421377082,294968421468694,0,0,16,0,128,128,1,1,393216,1,1
KERNEL_DISPATCH,Agent 2,1,0,2096183,7464,37,kv_cache_write_q8_0_batched,7464,294968420911972,294968420935296,0,0,8,0,128,32,1,1,1024,512,1
KERNEL_DISPATCH,Agent 2,1,0,2096183,7126,21,gdn_chunk_kkt_solve,7126,294967600281370,294967600331745,11776,0,120,0,128,128,1,1,1024,16,1
KERNEL_DISPATCH,Agent 2,1,0,2096183,7121,23,fused_rmsnorm_mq_rotate_awq_i4,7121,294967574160379,294967575338583,0,0,96,0,128,256,1,1,2097152,1,1
KERNEL_DISPATCH,Agent 2,1,0,2096183,7116,26,gemm_mq4g256v2_residual_iu4_v2b_add_gfx11,7116,294967497121924,294967506859462,0,0,248,0,128,32,16,1,1024,320,1
KERNEL_DISPATCH,Agent 2,1,0,2096183,7111,37,kv_cache_write_q8_0_batched,7111,294967488674158,294967488692392,0,0,8,0,128,32,1,1,1024,512,1
KERNEL_DISPATCH,Agent 2,1,0,2096183,7459,27,gemm_mq4g256v2_residual_iu4_v2b_set_gfx11,7459,294968413268872,294968414718344,0,0,248,0,128,32,16,1,1024,64,1
KERNEL_DISPATCH,Agent 2,1,0,2096183,7106,38,attention_q8_0_fa2_gqa_gfx11,7106,294967477064557,294967482584485,0,0,224,0,128,256,1,1,8192,4,1
KERNEL_DISPATCH,Agent 2,1,0,2096183,7454,30,fused_silu_mul_mq_rotate_awq_i4_hin,7454,294968371383306,294968374399790,0,0,80,0,128,32,1,1,2176,8192,1
KERNEL_DISPATCH,Agent 2,1,0,2096183,7101,39,attention_fa2_q_preconvert_gfx11,7101,294967471744644,294967471818262,0,0,16,0,128,128,1,1,393216,1,1
KERNEL_DISPATCH,Agent 2,1,0,2096183,7096,37,kv_cache_write_q8_0_batched,7096,294967466873771,294967466889681,0,0,8,0,128,32,1,1,1024,512,1
KERNEL_DISPATCH,Agent 2,1,0,2096183,7449,22,gdn_chunk_scan,7449,294968317068606,294968317381431,60928,0,216,0,128,512,1,1,512,48,1
KERNEL_DISPATCH,Agent 2,1,0,2096183,7091,37,kv_cache_write_q8_0_batched,7091,294967462458189,294967462471855,0,0,8,0,128,32,1,1,1024,512,1
KERNEL_DISPATCH,Agent 2,1,0,2096183,7444,21,gdn_chunk_kkt_solve,7444,294968316279490,294968316325816,11776,0,120,0,128,128,1,1,1024,16,1
KERNEL_DISPATCH,Agent 2,1,0,2096183,7086,38,attention_q8_0_fa2_gqa_gfx11,7086,294967454944171,294967458433820,0,0,224,0,128,256,1,1,8192,4,1
KERNEL_DISPATCH,Agent 2,1,0,2096183,7081,39,attention_fa2_q_preconvert_gfx11,7081,294967451667721,294967451748352,0,0,16,0,128,128,1,1,393216,1,1
KERNEL_DISPATCH,Agent 2,1,0,2096183,7439,22,gdn_chunk_scan,7439,294968315222993,294968315536660,60928,0,216,0,128,512,1,1,512,48,1
KERNEL_DISPATCH,Agent 2,1,0,2096183,7076,37,kv_cache_write_q8_0_batched,7076,294967448896817,294967448909200,0,0,8,0,128,32,1,1,1024,512,1
KERNEL_DISPATCH,Agent 2,1,0,2096183,7071,37,kv_cache_write_q8_0_batched,7071,294967446523897,294967446537923,0,0,8,0,128,32,1,1,1024,512,1
KERNEL_DISPATCH,Agent 2,1,0,2096183,7066,38,attention_q8_0_fa2_gqa_gfx11,7066,294967443186974,294967444583467,0,0,224,0,128,256,1,1,8192,4,1
KERNEL_DISPATCH,Agent 2,1,0,2096183,7434,21,gdn_chunk_kkt_solve,7434,294968314430671,294968314475835,11776,0,120,0,128,128,1,1,1024,16,1
KERNEL_DISPATCH,Agent 2,1,0,2096183,7429,22,gdn_chunk_scan,7429,294968313368483,294968313682591,60928,0,216,0,128,512,1,1,512,48,1
KERNEL_DISPATCH,Agent 2,1,0,2096183,7424,21,gdn_chunk_kkt_solve,7424,294968312578525,294968312628018,11776,0,120,0,128,128,1,1,1024,16,1
KERNEL_DISPATCH,Agent 2,1,0,2096183,7419,22,gdn_chunk_scan,7419,294968311494457,294968311826719,60928,0,216,0,128,512,1,1,512,48,1
KERNEL_DISPATCH,Agent 2,1,0,2096183,7061,39,attention_fa2_q_preconvert_gfx11,7061,294967441974465,294967442052451,0,0,16,0,128,128,1,1,393216,1,1
KERNEL_DISPATCH,Agent 2,1,0,2096183,7414,27,gemm_mq4g256v2_residual_iu4_v2b_set_gfx11,7414,294968286743108,294968298766644,0,0,248,0,128,32,16,1,1024,640,1
KERNEL_DISPATCH,Agent 2,1,0,2096183,7056,37,kv_cache_write_q8_0_batched,7056,294967441204625,294967441221657,0,0,8,0,128,32,1,1,1024,512,1
KERNEL_DISPATCH,Agent 2,1,0,2096183,7409,23,fused_rmsnorm_mq_rotate_awq_i4,7409,294968218722044,294968219888947,0,0,96,0,128,256,1,1,2097152,1,1
KERNEL_DISPATCH,Agent 2,1,0,2096183,7051,37,kv_cache_write_q8_0_batched,7051,294967440728895,294967440750295,0,0,8,0,128,32,1,1,1024,512,1
KERNEL_DISPATCH,Agent 2,1,0,2096183,7404,22,gdn_chunk_scan,7404,294968205957522,294968206269706,60928,0,216,0,128,512,1,1,512,48,1
KERNEL_DISPATCH,Agent 2,1,0,2096183,7046,27,gemm_mq4g256v2_residual_iu4_v2b_set_gfx11,7046,294967431691747,294967433102747,0,0,248,0,128,32,16,1,1024,64,1
KERNEL_DISPATCH,Agent 2,1,0,2096183,7399,21,gdn_chunk_kkt_solve,7399,294968205174177,294968205219261,11776,0,120,0,128,128,1,1,1024,16,1
KERNEL_DISPATCH,Agent 2,1,0,2096183,7394,22,gdn_chunk_scan,7394,294968204113793,294968204426979,60928,0,216,0,128,512,1,1,512,48,1
KERNEL_DISPATCH,Agent 2,1,0,2096183,7389,21,gdn_chunk_kkt_solve,7389,294968203323514,294968203371404,11776,0,120,0,128,128,1,1,1024,16,1
KERNEL_DISPATCH,Agent 2,1,0,2096183,7384,22,gdn_chunk_scan,7384,294968202270264,294968202585093,60928,0,216,0,128,512,1,1,512,48,1
KERNEL_DISPATCH,Agent 2,1,0,2096183,7379,21,gdn_chunk_kkt_solve,7379,294968201483792,294968201534968,11776,0,120,0,128,128,1,1,1024,16,1
KERNEL_DISPATCH,Agent 2,1,0,2096183,7374,20,gdn_chunk_prep,7374,294968197468800,294968200719322,0,0,72,0,128,256,1,1,32768,10,1
KERNEL_DISPATCH,Agent 2,1,0,2096183,7369,26,gemm_mq4g256v2_residual_iu4_v2b_add_gfx11,7369,294968153006974,294968174852286,0,0,248,0,128,32,16,1,1024,320,1
KERNEL_DISPATCH,Agent 2,1,0,2096183,7364,29,gated_norm_mq_rotate_awq_i4_gfx11,7364,294968096111485,294968098541392,1024,0,48,0,128,64,1,1,1536,8192,1
KERNEL_DISPATCH,Agent 2,1,0,2096183,7359,22,gdn_chunk_scan,7359,294968095055229,294968095367614,60928,0,216,0,128,512,1,1,512,48,1
KERNEL_DISPATCH,Agent 2,1,0,2096183,7354,21,gdn_chunk_kkt_solve,7354,294968094277334,294968094322899,11776,0,120,0,128,128,1,1,1024,16,1
KERNEL_DISPATCH,Agent 2,1,0,2096183,7349,22,gdn_chunk_scan,7349,294968093212702,294968093524285,60928,0,216,0,128,512,1,1,512,48,1
KERNEL_DISPATCH,Agent 2,1,0,2096183,7344,21,gdn_chunk_kkt_solve,7344,294968092431360,294968092476204,11776,0,120,0,128,128,1,1,1024,16,1
KERNEL_DISPATCH,Agent 2,1,0,2096183,7339,22,gdn_chunk_scan,7339,294968091382317,294968091693379,60928,0,216,0,128,512,1,1,512,48,1
KERNEL_DISPATCH,Agent 2,1,0,2096183,7334,21,gdn_chunk_kkt_solve,7334,294968090597649,294968090645539,11776,0,120,0,128,128,1,1,1024,16,1
KERNEL_DISPATCH,Agent 2,1,0,2096183,7329,27,gemm_mq4g256v2_residual_iu4_v2b_set_gfx11,7329,294968077434021,294968084846690,0,0,248,0,128,32,16,1,1024,400,1
KERNEL_DISPATCH,Agent 2,1,0,2096183,7324,24,gemm_mq4g256v2_gate_up_silu_iu4_v2b_gfx11,7324,294967998248308,294968039243688,0,0,248,0,128,32,16,1,1024,2176,1
KERNEL_DISPATCH,Agent 2,1,0,2096183,7319,39,attention_fa2_q_preconvert_gfx11,7319,294967979023219,294967979089262,0,0,16,0,128,128,1,1,393216,1,1
KERNEL_DISPATCH,Agent 2,1,0,2096183,7314,37,kv_cache_write_q8_0_batched,7314,294967972933545,294967972949094,0,0,8,0,128,32,1,1,1024,512,1
KERNEL_DISPATCH,Agent 2,1,0,2096183,7309,37,kv_cache_write_q8_0_batched,7309,294967967267825,294967967283534,0,0,8,0,128,32,1,1,1024,512,1
KERNEL_DISPATCH,Agent 2,1,0,2096183,7304,38,attention_q8_0_fa2_gqa_gfx11,7304,294967957328990,294967962035435,0,0,224,0,128,256,1,1,8192,4,1
KERNEL_DISPATCH,Agent 2,1,0,2096183,7299,39,attention_fa2_q_preconvert_gfx11,7299,294967952831936,294967952910964,0,0,16,0,128,128,1,1,393216,1,1
KERNEL_DISPATCH,Agent 2,1,0,2096183,7294,37,kv_cache_write_q8_0_batched,7294,294967948800594,294967948814179,0,0,8,0,128,32,1,1,1024,512,1
KERNEL_DISPATCH,Agent 2,1,0,2096183,7289,37,kv_cache_write_q8_0_batched,7289,294967945192523,294967945206108,0,0,8,0,128,32,1,1,1024,512,1
KERNEL_DISPATCH,Agent 2,1,0,2096183,7284,38,attention_q8_0_fa2_gqa_gfx11,7284,294967939358328,294967942005721,0,0,224,0,128,256,1,1,8192,4,1
KERNEL_DISPATCH,Agent 2,1,0,2096183,7279,39,attention_fa2_q_preconvert_gfx11,7279,294967936910788,294967936989816,0,0,16,0,128,128,1,1,393216,1,1
KERNEL_DISPATCH,Agent 2,1,0,2096183,7274,37,kv_cache_write_q8_0_batched,7274,294967934951162,294967934963545,0,0,8,0,128,32,1,1,1024,512,1
KERNEL_DISPATCH,Agent 2,1,0,2096183,7269,37,kv_cache_write_q8_0_batched,7269,294967933415248,294967933429154,0,0,8,0,128,32,1,1,1024,512,1
KERNEL_DISPATCH,Agent 2,1,0,2096183,7264,38,attention_q8_0_fa2_gqa_gfx11,7264,294967931647261,294967932266219,0,0,224,0,128,256,1,1,8192,4,1
KERNEL_DISPATCH,Agent 2,1,0,2096183,7259,39,attention_fa2_q_preconvert_gfx11,7259,294967931097792,294967931243625,0,0,16,0,128,128,1,1,393216,1,1
KERNEL_DISPATCH,Agent 2,1,0,2096183,7254,31,deinterleave_q_rmsnorm_f32_batched,7254,294967924896029,294967928461340,0,0,24,0,128,256,1,1,6144,8192,1
KERNEL_DISPATCH,Agent 2,1,0,2096183,7249,26,gemm_mq4g256v2_residual_iu4_v2b_add_gfx11,7249,294967884732205,294967906399022,0,0,248,0,128,32,16,1,1024,320,1
KERNEL_DISPATCH,Agent 2,1,0,2096183,7262,37,kv_cache_write_q8_0_batched,7262,294967931524952,294967931541984,0,0,8,0,128,32,1,1,1024,512,1
KERNEL_DISPATCH,Agent 2,1,0,2096183,7041,24,gemm_mq4g256v2_gate_up_silu_iu4_v2b_gfx11,7041,294967350512584,294967391290839,0,0,248,0,128,32,16,1,1024,2176,1
KERNEL_DISPATCH,Agent 2,1,0,2096183,7244,29,gated_norm_mq_rotate_awq_i4_gfx11,7244,294967827617265,294967830067489,1024,0,48,0,128,64,1,1,1536,8192,1
KERNEL_DISPATCH,Agent 2,1,0,2096183,7036,21,gdn_chunk_kkt_solve,7036,294967337120689,294967337174069,11776,0,120,0,128,128,1,1,1024,16,1
KERNEL_DISPATCH,Agent 2,1,0,2096183,7031,22,gdn_chunk_scan,7031,294967336050767,294967336365075,60928,0,216,0,128,512,1,1,512,48,1
KERNEL_DISPATCH,Agent 2,1,0,2096183,7026,21,gdn_chunk_kkt_solve,7026,294967335245300,294967335298880,11776,0,120,0,128,128,1,1,1024,16,1
KERNEL_DISPATCH,Agent 2,1,0,2096183,7021,22,gdn_chunk_scan,7021,294967334179706,294967334490207,60928,0,216,0,128,512,1,1,512,48,1
KERNEL_DISPATCH,Agent 2,1,0,2096183,7016,21,gdn_chunk_kkt_solve,7016,294967333373278,294967333427539,11776,0,120,0,128,128,1,1,1024,16,1
KERNEL_DISPATCH,Agent 2,1,0,2096183,7011,22,gdn_chunk_scan,7011,294967332295181,294967332607725,60928,0,216,0,128,512,1,1,512,48,1
KERNEL_DISPATCH,Agent 2,1,0,2096183,7433,22,gdn_chunk_scan,7433,294968314110471,294968314424178,60928,0,216,0,128,512,1,1,512,48,1
KERNEL_DISPATCH,Agent 2,1,0,2096183,7428,21,gdn_chunk_kkt_solve,7428,294968313316386,294968313366560,11776,0,120,0,128,128,1,1,1024,16,1
KERNEL_DISPATCH,Agent 2,1,0,2096183,7006,21,gdn_chunk_kkt_solve,7006,294967331471760,294967331522375,11776,0,120,0,128,128,1,1,1024,16,1
KERNEL_DISPATCH,Agent 2,1,0,2096183,7423,22,gdn_chunk_scan,7423,294968312256363,294968312571993,60928,0,216,0,128,512,1,1,512,48,1
KERNEL_DISPATCH,Agent 2,1,0,2096183,7418,21,gdn_chunk_kkt_solve,7418,294968311439715,294968311492413,11776,0,120,0,128,128,1,1,1024,16,1
KERNEL_DISPATCH,Agent 2,1,0,2096183,7413,23,fused_rmsnorm_mq_rotate_awq_i4,7413,294968285554525,294968286732088,0,0,96,0,128,256,1,1,2097152,1,1
KERNEL_DISPATCH,Agent 2,1,0,2096183,7408,26,gemm_mq4g256v2_residual_iu4_v2b_add_gfx11,7408,294968209088741,294968218711064,0,0,248,0,128,32,16,1,1024,320,1
KERNEL_DISPATCH,Agent 2,1,0,2096183,7001,23,fused_rmsnorm_mq_rotate_awq_i4,7001,294967305525135,294967306702217,0,0,96,0,128,256,1,1,2097152,1,1
KERNEL_DISPATCH,Agent 2,1,0,2096183,6996,26,gemm_mq4g256v2_residual_iu4_v2b_add_gfx11,6996,294967229007214,294967238764709,0,0,248,0,128,32,16,1,1024,320,1
KERNEL_DISPATCH,Agent 2,1,0,2096183,6991,21,gdn_chunk_kkt_solve,6991,294967225843174,294967225888378,11776,0,120,0,128,128,1,1,1024,16,1
KERNEL_DISPATCH,Agent 2,1,0,2096183,6986,22,gdn_chunk_scan,6986,294967224788280,294967225100063,60928,0,216,0,128,512,1,1,512,48,1
KERNEL_DISPATCH,Agent 2,1,0,2096183,6981,21,gdn_chunk_kkt_solve,6981,294967224006698,294967224052383,11776,0,120,0,128,128,1,1,1024,16,1
KERNEL_DISPATCH,Agent 2,1,0,2096183,6976,22,gdn_chunk_scan,6976,294967222950321,294967223264509,60928,0,216,0,128,512,1,1,512,48,1
KERNEL_DISPATCH,Agent 2,1,0,2096183,6971,21,gdn_chunk_kkt_solve,6971,294967222170021,294967222216348,11776,0,120,0,128,128,1,1,1024,16,1
KERNEL_DISPATCH,Agent 2,1,0,2096183,6966,22,gdn_chunk_scan,6966,294967221115649,294967221428715,60928,0,216,0,128,512,1,1,512,48,1
KERNEL_DISPATCH,Agent 2,1,0,2096183,6961,28,split_mq4v2_z_betaalpha,6961,294967215335915,294967217361785,0,0,16,0,128,256,1,1,2097152,1,1
KERNEL_DISPATCH,Agent 2,1,0,2096183,6956,30,fused_silu_mul_mq_rotate_awq_i4_hin,6956,294967169762529,294967172762302,0,0,80,0,128,32,1,1,2176,8192,1
KERNEL_DISPATCH,Agent 2,1,0,2096183,6951,22,gdn_chunk_scan,6951,294967115629048,294967115938267,60928,0,216,0,128,512,1,1,512,48,1
KERNEL_DISPATCH,Agent 2,1,0,2096183,6946,21,gdn_chunk_kkt_solve,6946,294967114846464,294967114890226,11776,0,120,0,128,128,1,1,1024,16,1
KERNEL_DISPATCH,Agent 2,1,0,2096183,6941,22,gdn_chunk_scan,6941,294967113791089,294967114108042,60928,0,216,0,128,512,1,1,512,48,1
KERNEL_DISPATCH,Agent 2,1,0,2096183,6936,21,gdn_chunk_kkt_solve,6936,294967113008064,294967113052989,11776,0,120,0,128,128,1,1,1024,16,1
KERNEL_DISPATCH,Agent 2,1,0,2096183,6931,22,gdn_chunk_scan,6931,294967111952089,294967112266637,60928,0,216,0,128,512,1,1,512,48,1
KERNEL_DISPATCH,Agent 2,1,0,2096183,6926,21,gdn_chunk_kkt_solve,6926,294967111161249,294967111207937,11776,0,120,0,128,128,1,1,1024,16,1
KERNEL_DISPATCH,Agent 2,1,0,2096183,6921,22,gdn_chunk_scan,6921,294967110090566,294967110419942,60928,0,216,0,128,512,1,1,512,48,1
KERNEL_DISPATCH,Agent 2,1,0,2096183,6916,27,gemm_mq4g256v2_residual_iu4_v2b_set_gfx11,6916,294967085287120,294967097310816,0,0,248,0,128,32,16,1,1024,640,1
KERNEL_DISPATCH,Agent 2,1,0,2096183,6911,23,fused_rmsnorm_mq_rotate_awq_i4,6911,294967016968138,294967018124822,0,0,96,0,128,256,1,1,2097152,1,1
KERNEL_DISPATCH,Agent 2,1,0,2096183,6906,37,kv_cache_write_q8_0_batched,6906,294966998706572,294966998721680,0,0,8,0,128,32,1,1,1024,512,1
KERNEL_DISPATCH,Agent 2,1,0,2096183,6901,37,kv_cache_write_q8_0_batched,6901,294966992594737,294966992611087,0,0,8,0,128,32,1,1,1024,512,1
KERNEL_DISPATCH,Agent 2,1,0,2096183,6896,38,attention_q8_0_fa2_gqa_gfx11,6896,294966981799700,294966986915471,0,0,224,0,128,256,1,1,8192,4,1
KERNEL_DISPATCH,Agent 2,1,0,2096183,6891,39,attention_fa2_q_preconvert_gfx11,6891,294966976910873,294966976988138,0,0,16,0,128,128,1,1,393216,1,1
KERNEL_DISPATCH,Agent 2,1,0,2096183,6886,37,kv_cache_write_q8_0_batched,6886,294966972530357,294966972544624,0,0,8,0,128,32,1,1,1024,512,1
KERNEL_DISPATCH,Agent 2,1,0,2096183,6881,37,kv_cache_write_q8_0_batched,6881,294966968492683,294966968506629,0,0,8,0,128,32,1,1,1024,512,1
KERNEL_DISPATCH,Agent 2,1,0,2096183,6876,38,attention_q8_0_fa2_gqa_gfx11,6876,294966961869171,294966964908697,0,0,224,0,128,256,1,1,8192,4,1
KERNEL_DISPATCH,Agent 2,1,0,2096183,6871,39,attention_fa2_q_preconvert_gfx11,6871,294966959026051,294966959109367,0,0,16,0,128,128,1,1,393216,1,1
KERNEL_DISPATCH,Agent 2,1,0,2096183,6866,37,kv_cache_write_q8_0_batched,6866,294966956674973,294966956687316,0,0,8,0,128,32,1,1,1024,512,1
KERNEL_DISPATCH,Agent 2,1,0,2096183,6861,37,kv_cache_write_q8_0_batched,6861,294966954726006,294966954739471,0,0,8,0,128,32,1,1,1024,512,1
KERNEL_DISPATCH,Agent 2,1,0,2096183,7257,37,kv_cache_write_q8_0_batched,7257,294967931048220,294967931070181,0,0,8,0,128,32,1,1,1024,512,1
KERNEL_DISPATCH,Agent 2,1,0,2096183,6856,38,attention_q8_0_fa2_gqa_gfx11,6856,294966952185252,294966953191816,0,0,224,0,128,256,1,1,8192,4,1
KERNEL_DISPATCH,Agent 2,1,0,2096183,7239,22,gdn_chunk_scan,7239,294967826555278,294967826871630,60928,0,216,0,128,512,1,1,512,48,1
KERNEL_DISPATCH,Agent 2,1,0,2096183,7234,21,gdn_chunk_kkt_solve,7234,294967825757947,294967825807159,11776,0,120,0,128,128,1,1,1024,16,1
KERNEL_DISPATCH,Agent 2,1,0,2096183,7229,22,gdn_chunk_scan,7229,294967824696841,294967825009667,60928,0,216,0,128,512,1,1,512,48,1
KERNEL_DISPATCH,Agent 2,1,0,2096183,7224,21,gdn_chunk_kkt_solve,7224,294967823917383,294967823964631,11776,0,120,0,128,128,1,1,1024,16,1
KERNEL_DISPATCH,Agent 2,1,0,2096183,7219,22,gdn_chunk_scan,7219,294967822864333,294967823174112,60928,0,216,0,128,512,1,1,512,48,1
KERNEL_DISPATCH,Agent 2,1,0,2096183,7214,21,gdn_chunk_kkt_solve,7214,294967822076739,294967822125510,11776,0,120,0,128,128,1,1,1024,16,1
KERNEL_DISPATCH,Agent 2,1,0,2096183,7209,27,gemm_mq4g256v2_residual_iu4_v2b_set_gfx11,7209,294967808939921,294967816320650,0,0,248,0,128,32,16,1,1024,400,1
KERNEL_DISPATCH,Agent 2,1,0,2096183,7204,24,gemm_mq4g256v2_gate_up_silu_iu4_v2b_gfx11,7204,294967729942721,294967770622270,0,0,248,0,128,32,16,1,1024,2176,1
KERNEL_DISPATCH,Agent 2,1,0,2096183,7199,21,gdn_chunk_kkt_solve,7199,294967716272023,294967716316988,11776,0,120,0,128,128,1,1,1024,16,1
KERNEL_DISPATCH,Agent 2,1,0,2096183,7194,22,gdn_chunk_scan,7194,294967715220937,294967715532319,60928,0,216,0,128,512,1,1,512,48,1
KERNEL_DISPATCH,Agent 2,1,0,2096183,7189,21,gdn_chunk_kkt_solve,7189,294967714438393,294967714484399,11776,0,120,0,128,128,1,1,1024,16,1
KERNEL_DISPATCH,Agent 2,1,0,2096183,7184,22,gdn_chunk_scan,7184,294967713390833,294967713700693,60928,0,216,0,128,512,1,1,512,48,1
KERNEL_DISPATCH,Agent 2,1,0,2096183,7179,21,gdn_chunk_kkt_solve,7179,294967712599913,294967712647763,11776,0,120,0,128,128,1,1,1024,16,1
KERNEL_DISPATCH,Agent 2,1,0,2096183,7174,22,gdn_chunk_scan,7174,294967711553355,294967711864497,60928,0,216,0,128,512,1,1,512,48,1
KERNEL_DISPATCH,Agent 2,1,0,2096183,7169,21,gdn_chunk_kkt_solve,7169,294967710751174,294967710802871,11776,0,120,0,128,128,1,1,1024,16,1
KERNEL_DISPATCH,Agent 2,1,0,2096183,7164,23,fused_rmsnorm_mq_rotate_awq_i4,7164,294967684796294,294967685964640,0,0,96,0,128,256,1,1,2097152,1,1
KERNEL_DISPATCH,Agent 2,1,0,2096183,7159,26,gemm_mq4g256v2_residual_iu4_v2b_add_gfx11,7159,294967608645980,294967618075462,0,0,248,0,128,32,16,1,1024,320,1
KERNEL_DISPATCH,Agent 2,1,0,2096183,7403,21,gdn_chunk_kkt_solve,7403,294968205907348,294968205955559,11776,0,120,0,128,128,1,1,1024,16,1
KERNEL_DISPATCH,Agent 2,1,0,2096183,7154,21,gdn_chunk_kkt_solve,7154,294967605469156,294967605515443,11776,0,120,0,128,128,1,1,1024,16,1
KERNEL_DISPATCH,Agent 2,1,0,2096183,7398,22,gdn_chunk_scan,7398,294968204854939,294968205167805,60928,0,216,0,128,512,1,1,512,48,1
KERNEL_DISPATCH,Agent 2,1,0,2096183,7149,22,gdn_chunk_scan,7149,294967604417148,294967604729172,60928,0,216,0,128,512,1,1,512,48,1
KERNEL_DISPATCH,Agent 2,1,0,2096183,7144,21,gdn_chunk_kkt_solve,7144,294967603627270,294967603673677,11776,0,120,0,128,128,1,1,1024,16,1
KERNEL_DISPATCH,Agent 2,1,0,2096183,7393,21,gdn_chunk_kkt_solve,7393,294968204063138,294968204111829,11776,0,120,0,128,128,1,1,1024,16,1
KERNEL_DISPATCH,Agent 2,1,0,2096183,7388,22,gdn_chunk_scan,7388,294968203005118,294968203317062,60928,0,216,0,128,512,1,1,512,48,1
KERNEL_DISPATCH,Agent 2,1,0,2096183,7383,21,gdn_chunk_kkt_solve,7383,294968202222574,294968202268340,11776,0,120,0,128,128,1,1,1024,16,1
KERNEL_DISPATCH,Agent 2,1,0,2096183,7378,22,gdn_chunk_scan,7378,294968201168081,294968201477340,60928,0,216,0,128,512,1,1,512,48,1
KERNEL_DISPATCH,Agent 2,1,0,2096183,7373,28,split_mq4v2_z_betaalpha,7373,294968195432190,294968197457820,0,0,16,0,128,256,1,1,2097152,1,1
KERNEL_DISPATCH,Agent 2,1,0,2096183,7368,30,fused_silu_mul_mq_rotate_awq_i4_hin,7368,294968150010969,294968152995954,0,0,80,0,128,32,1,1,2176,8192,1
KERNEL_DISPATCH,Agent 2,1,0,2096183,7363,22,gdn_chunk_scan,7363,294968095795013,294968096104913,60928,0,216,0,128,512,1,1,512,48,1
KERNEL_DISPATCH,Agent 2,1,0,2096183,7358,21,gdn_chunk_kkt_solve,7358,294968095006458,294968095053266,11776,0,120,0,128,128,1,1,1024,16,1
KERNEL_DISPATCH,Agent 2,1,0,2096183,7353,22,gdn_chunk_scan,7353,294968093948398,294968094270842,60928,0,216,0,128,512,1,1,512,48,1
KERNEL_DISPATCH,Agent 2,1,0,2096183,7348,21,gdn_chunk_kkt_solve,7348,294968093166496,294968093210818,11776,0,120,0,128,128,1,1,1024,16,1
KERNEL_DISPATCH,Agent 2,1,0,2096183,7343,22,gdn_chunk_scan,7343,294968092109959,294968092424788,60928,0,216,0,128,512,1,1,512,48,1
KERNEL_DISPATCH,Agent 2,1,0,2096183,7338,21,gdn_chunk_kkt_solve,7338,294968091334067,294968091380354,11776,0,120,0,128,128,1,1,1024,16,1
KERNEL_DISPATCH,Agent 2,1,0,2096183,7333,22,gdn_chunk_scan,7333,294968090260378,294968090591277,60928,0,216,0,128,512,1,1,512,48,1
KERNEL_DISPATCH,Agent 2,1,0,2096183,7328,27,gemm_mq4g256v2_residual_iu4_v2b_set_gfx11,7328,294968065394014,294968077422920,0,0,248,0,128,32,16,1,1024,640,1
KERNEL_DISPATCH,Agent 2,1,0,2096183,7323,23,fused_rmsnorm_mq_rotate_awq_i4,7323,294967997062810,294967998237007,0,0,96,0,128,256,1,1,2097152,1,1
KERNEL_DISPATCH,Agent 2,1,0,2096183,7318,37,kv_cache_write_q8_0_batched,7318,294967979005906,294967979021295,0,0,8,0,128,32,1,1,1024,512,1
KERNEL_DISPATCH,Agent 2,1,0,2096183,7313,37,kv_cache_write_q8_0_batched,7313,294967972915952,294967972931622,0,0,8,0,128,32,1,1,1024,512,1
KERNEL_DISPATCH,Agent 2,1,0,2096183,7308,38,attention_q8_0_fa2_gqa_gfx11,7308,294967962158826,294967967256644,0,0,224,0,128,256,1,1,8192,4,1
KERNEL_DISPATCH,Agent 2,1,0,2096183,7303,39,attention_fa2_q_preconvert_gfx11,7303,294967957245514,294967957322498,0,0,16,0,128,128,1,1,393216,1,1
KERNEL_DISPATCH,Agent 2,1,0,2096183,7298,37,kv_cache_write_q8_0_batched,7298,294967952815826,294967952829892,0,0,8,0,128,32,1,1,1024,512,1
KERNEL_DISPATCH,Agent 2,1,0,2096183,7293,37,kv_cache_write_q8_0_batched,7293,294967948784483,294967948798590,0,0,8,0,128,32,1,1,1024,512,1
KERNEL_DISPATCH,Agent 2,1,0,2096183,7288,38,attention_q8_0_fa2_gqa_gfx11,7288,294967942132798,294967945181583,0,0,224,0,128,256,1,1,8192,4,1
KERNEL_DISPATCH,Agent 2,1,0,2096183,7283,39,attention_fa2_q_preconvert_gfx11,7283,294967939272287,294967939351956,0,0,16,0,128,128,1,1,393216,1,1
KERNEL_DISPATCH,Agent 2,1,0,2096183,7278,37,kv_cache_write_q8_0_batched,7278,294967936896361,294967936908825,0,0,8,0,128,32,1,1,1024,512,1
KERNEL_DISPATCH,Agent 2,1,0,2096183,7273,37,kv_cache_write_q8_0_batched,7273,294967934935533,294967934949198,0,0,8,0,128,32,1,1,1024,512,1
KERNEL_DISPATCH,Agent 2,1,0,2096183,7268,38,attention_q8_0_fa2_gqa_gfx11,7268,294967932393978,294967933404548,0,0,224,0,128,256,1,1,8192,4,1
KERNEL_DISPATCH,Agent 2,1,0,2096183,7263,39,attention_fa2_q_preconvert_gfx11,7263,294967931543947,294967931640768,0,0,16,0,128,128,1,1,393216,1,1
KERNEL_DISPATCH,Agent 2,1,0,2096183,7258,37,kv_cache_write_q8_0_batched,7258,294967931072144,294967931095789,0,0,8,0,128,32,1,1,1024,512,1
KERNEL_DISPATCH,Agent 2,1,0,2096183,7253,27,gemm_mq4g256v2_residual_iu4_v2b_set_gfx11,7253,294967923480541,294967924885009,0,0,248,0,128,32,16,1,1024,64,1
KERNEL_DISPATCH,Agent 2,1,0,2096183,7248,30,fused_silu_mul_mq_rotate_awq_i4_hin,7248,294967881718727,294967884721144,0,0,80,0,128,32,1,1,2176,8192,1
KERNEL_DISPATCH,Agent 2,1,0,2096183,7243,22,gdn_chunk_scan,7243,294967827299871,294967827610733,60928,0,216,0,128,512,1,1,512,48,1
KERNEL_DISPATCH,Agent 2,1,0,2096183,7238,21,gdn_chunk_kkt_solve,7238,294967826503742,294967826553234,11776,0,120,0,128,128,1,1,1024,16,1
KERNEL_DISPATCH,Agent 2,1,0,2096183,6851,39,attention_fa2_q_preconvert_gfx11,6851,294966951348447,294966951439778,0,0,16,0,128,128,1,1,393216,1,1
KERNEL_DISPATCH,Agent 2,1,0,2096183,7252,27,gemm_mq4g256v2_residual_iu4_v2b_set_gfx11,7252,294967922035357,294967923469320,0,0,248,0,128,32,16,1,1024,64,1
KERNEL_DISPATCH,Agent 2,1,0,2096183,7233,22,gdn_chunk_scan,7233,294967825436665,294967825751414,60928,0,216,0,128,512,1,1,512,48,1
KERNEL_DISPATCH,Agent 2,1,0,2096183,6846,37,kv_cache_write_q8_0_batched,6846,294966950878528,294966950901771,0,0,8,0,128,32,1,1,1024,512,1
KERNEL_DISPATCH,Agent 2,1,0,2096183,7247,24,gemm_mq4g256v2_gate_up_silu_iu4_v2b_gfx11,7247,294967840896310,294967881707666,0,0,248,0,128,32,16,1,1024,2176,1
KERNEL_DISPATCH,Agent 2,1,0,2096183,6841,27,gemm_mq4g256v2_residual_iu4_v2b_set_gfx11,6841,294966943311250,294966944694397,0,0,248,0,128,32,16,1,1024,64,1
KERNEL_DISPATCH,Agent 2,1,0,2096183,7242,21,gdn_chunk_kkt_solve,7242,294967827251140,294967827297908,11776,0,120,0,128,128,1,1,1024,16,1
KERNEL_DISPATCH,Agent 2,1,0,2096183,6836,30,fused_silu_mul_mq_rotate_awq_i4_hin,6836,294966901458064,294966904484366,0,0,80,0,128,32,1,1,2176,8192,1
KERNEL_DISPATCH,Agent 2,1,0,2096183,7237,22,gdn_chunk_scan,7237,294967826185026,294967826497290,60928,0,216,0,128,512,1,1,512,48,1
KERNEL_DISPATCH,Agent 2,1,0,2096183,6831,22,gdn_chunk_scan,6831,294966847170495,294966847481316,60928,0,216,0,128,512,1,1,512,48,1
KERNEL_DISPATCH,Agent 2,1,0,2096183,7232,21,gdn_chunk_kkt_solve,7232,294967825386371,294967825434622,11776,0,120,0,128,128,1,1,1024,16,1
KERNEL_DISPATCH,Agent 2,1,0,2096183,6826,21,gdn_chunk_kkt_solve,6826,294966846390515,294966846438044,11776,0,120,0,128,128,1,1,1024,16,1
KERNEL_DISPATCH,Agent 2,1,0,2096183,7227,22,gdn_chunk_scan,7227,294967824331638,294967824643221,60928,0,216,0,128,512,1,1,512,48,1
KERNEL_DISPATCH,Agent 2,1,0,2096183,6821,22,gdn_chunk_scan,6821,294966845337866,294966845652374,60928,0,216,0,128,512,1,1,512,48,1
KERNEL_DISPATCH,Agent 2,1,0,2096183,6816,21,gdn_chunk_kkt_solve,6816,294966844553639,294966844597481,11776,0,120,0,128,128,1,1,1024,16,1
KERNEL_DISPATCH,Agent 2,1,0,2096183,7222,21,gdn_chunk_kkt_solve,7222,294967823547811,294967823594980,11776,0,120,0,128,128,1,1,1024,16,1
KERNEL_DISPATCH,Agent 2,1,0,2096183,6811,22,gdn_chunk_scan,6811,294966843507281,294966843819144,60928,0,216,0,128,512,1,1,512,48,1
KERNEL_DISPATCH,Agent 2,1,0,2096183,7217,22,gdn_chunk_scan,7217,294967822495042,294967822809109,60928,0,216,0,128,512,1,1,512,48,1
KERNEL_DISPATCH,Agent 2,1,0,2096183,6806,21,gdn_chunk_kkt_solve,6806,294966842725498,294966842770903,11776,0,120,0,128,128,1,1,1024,16,1
KERNEL_DISPATCH,Agent 2,1,0,2096183,7212,21,gdn_chunk_kkt_solve,7212,294967821684485,294967821737504,11776,0,120,0,128,128,1,1,1024,16,1
KERNEL_DISPATCH,Agent 2,1,0,2096183,7207,23,fused_rmsnorm_mq_rotate_awq_i4,7207,294967795670294,294967796845453,0,0,96,0,128,256,1,1,2097152,1,1
KERNEL_DISPATCH,Agent 2,1,0,2096183,6801,22,gdn_chunk_scan,6801,294966841655617,294966841989040,60928,0,216,0,128,512,1,1,512,48,1
KERNEL_DISPATCH,Agent 2,1,0,2096183,7202,26,gemm_mq4g256v2_residual_iu4_v2b_add_gfx11,7202,294967719086329,294967728754858,0,0,248,0,128,32,16,1,1024,320,1
KERNEL_DISPATCH,Agent 2,1,0,2096183,7197,21,gdn_chunk_kkt_solve,7197,294967715904536,294967715952025,11776,0,120,0,128,128,1,1,1024,16,1
KERNEL_DISPATCH,Agent 2,1,0,2096183,7192,22,gdn_chunk_scan,7192,294967714854211,294967715164752,60928,0,216,0,128,512,1,1,512,48,1
KERNEL_DISPATCH,Agent 2,1,0,2096183,7187,21,gdn_chunk_kkt_solve,7187,294967714068501,294967714114908,11776,0,120,0,128,128,1,1,1024,16,1
KERNEL_DISPATCH,Agent 2,1,0,2096183,7182,22,gdn_chunk_scan,7182,294967713018216,294967713329678,60928,0,216,0,128,512,1,1,512,48,1
KERNEL_DISPATCH,Agent 2,1,0,2096183,7177,21,gdn_chunk_kkt_solve,7177,294967712235471,294967712282038,11776,0,120,0,128,128,1,1,1024,16,1
KERNEL_DISPATCH,Agent 2,1,0,2096183,7172,22,gdn_chunk_scan,7172,294967711189274,294967711500496,60928,0,216,0,128,512,1,1,512,48,1
KERNEL_DISPATCH,Agent 2,1,0,2096183,7167,28,split_mq4v2_z_betaalpha,7167,294967705418757,294967707449757,0,0,16,0,128,256,1,1,2097152,1,1
KERNEL_DISPATCH,Agent 2,1,0,2096183,7162,30,fused_silu_mul_mq_rotate_awq_i4_hin,7162,294967659999059,294967663014221,0,0,80,0,128,32,1,1,2176,8192,1
KERNEL_DISPATCH,Agent 2,1,0,2096183,7139,22,gdn_chunk_scan,7139,294967602568129,294967602884280,60928,0,216,0,128,512,1,1,512,48,1
KERNEL_DISPATCH,Agent 2,1,0,2096183,7157,22,gdn_chunk_scan,7157,294967605882610,294967606200284,60928,0,216,0,128,512,1,1,512,48,1
KERNEL_DISPATCH,Agent 2,1,0,2096183,7134,21,gdn_chunk_kkt_solve,7134,294967601784863,294967601831991,11776,0,120,0,128,128,1,1,1024,16,1
KERNEL_DISPATCH,Agent 2,1,0,2096183,7152,21,gdn_chunk_kkt_solve,7152,294967605103512,294967605148236,11776,0,120,0,128,128,1,1,1024,16,1
KERNEL_DISPATCH,Agent 2,1,0,2096183,7129,22,gdn_chunk_scan,7129,294967600725201,294967601039789,60928,0,216,0,128,512,1,1,512,48,1
KERNEL_DISPATCH,Agent 2,1,0,2096183,7147,22,gdn_chunk_scan,7147,294967604046014,294967604361163,60928,0,216,0,128,512,1,1,512,48,1
KERNEL_DISPATCH,Agent 2,1,0,2096183,7124,28,split_mq4v2_z_betaalpha,7124,294967594991353,294967597016382,0,0,16,0,128,256,1,1,2097152,1,1
KERNEL_DISPATCH,Agent 2,1,0,2096183,7142,21,gdn_chunk_kkt_solve,7142,294967603260504,294967603306871,11776,0,120,0,128,128,1,1,1024,16,1
KERNEL_DISPATCH,Agent 2,1,0,2096183,7137,22,gdn_chunk_scan,7137,294967602198076,294967602511262,60928,0,216,0,128,512,1,1,512,48,1
KERNEL_DISPATCH,Agent 2,1,0,2096183,7119,30,fused_silu_mul_mq_rotate_awq_i4_hin,7119,294967549225567,294967552234397,0,0,80,0,128,32,1,1,2176,8192,1
KERNEL_DISPATCH,Agent 2,1,0,2096183,7132,21,gdn_chunk_kkt_solve,7132,294967601417456,294967601464865,11776,0,120,0,128,128,1,1,1024,16,1
KERNEL_DISPATCH,Agent 2,1,0,2096183,7114,38,attention_q8_0_fa2_gqa_gfx11,7114,294967488784445,294967495197844,0,0,224,0,128,256,1,1,8192,4,1
KERNEL_DISPATCH,Agent 2,1,0,2096183,7127,22,gdn_chunk_scan,7127,294967600333868,294967600665689,60928,0,216,0,128,512,1,1,512,48,1
KERNEL_DISPATCH,Agent 2,1,0,2096183,7109,39,attention_fa2_q_preconvert_gfx11,7109,294967482629449,294967482702586,0,0,16,0,128,128,1,1,393216,1,1
KERNEL_DISPATCH,Agent 2,1,0,2096183,7122,27,gemm_mq4g256v2_residual_iu4_v2b_set_gfx11,7122,294967575349604,294967587529392,0,0,248,0,128,32,16,1,1024,640,1
KERNEL_DISPATCH,Agent 2,1,0,2096183,7104,37,kv_cache_write_q8_0_batched,7104,294967476966293,294967476981762,0,0,8,0,128,32,1,1,1024,512,1
KERNEL_DISPATCH,Agent 2,1,0,2096183,7117,23,fused_rmsnorm_mq_rotate_awq_i4,7117,294967506870723,294967508034501,0,0,96,0,128,256,1,1,2097152,1,1
KERNEL_DISPATCH,Agent 2,1,0,2096183,7099,37,kv_cache_write_q8_0_batched,7099,294967471705771,294967471725127,0,0,8,0,128,32,1,1,1024,512,1
KERNEL_DISPATCH,Agent 2,1,0,2096183,7094,38,attention_q8_0_fa2_gqa_gfx11,7094,294967462574126,294967466847401,0,0,224,0,128,256,1,1,8192,4,1
KERNEL_DISPATCH,Agent 2,1,0,2096183,7089,39,attention_fa2_q_preconvert_gfx11,7089,294967458475859,294967458553404,0,0,16,0,128,128,1,1,393216,1,1
KERNEL_DISPATCH,Agent 2,1,0,2096183,7084,37,kv_cache_write_q8_0_batched,7084,294967454844264,294967454857529,0,0,8,0,128,32,1,1,1024,512,1
KERNEL_DISPATCH,Agent 2,1,0,2096183,7079,37,kv_cache_write_q8_0_batched,7079,294967451637705,294967451651290,0,0,8,0,128,32,1,1,1024,512,1
KERNEL_DISPATCH,Agent 2,1,0,2096183,7074,38,attention_q8_0_fa2_gqa_gfx11,7074,294967446640636,294967448870407,0,0,224,0,128,256,1,1,8192,4,1
KERNEL_DISPATCH,Agent 2,1,0,2096183,7069,39,attention_fa2_q_preconvert_gfx11,7069,294967444629112,294967444707539,0,0,16,0,128,128,1,1,393216,1,1
KERNEL_DISPATCH,Agent 2,1,0,2096183,7064,37,kv_cache_write_q8_0_batched,7064,294967443085424,294967443097967,0,0,8,0,128,32,1,1,1024,512,1
KERNEL_DISPATCH,Agent 2,1,0,2096183,7059,37,kv_cache_write_q8_0_batched,7059,294967441944890,294967441958115,0,0,8,0,128,32,1,1,1024,512,1
KERNEL_DISPATCH,Agent 2,1,0,2096183,7054,38,attention_q8_0_fa2_gqa_gfx11,7054,294967440929991,294967441177294,0,0,224,0,128,256,1,1,8192,4,1
KERNEL_DISPATCH,Agent 2,1,0,2096183,7049,33,rmsnorm_f32,7049,294967438147425,294967438445904,0,0,16,0,128,256,1,1,8388608,1,1
KERNEL_DISPATCH,Agent 2,1,0,2096183,7044,23,fused_rmsnorm_mq_rotate_awq_i4,7044,294967416136524,294967417315329,0,0,96,0,128,256,1,1,2097152,1,1
KERNEL_DISPATCH,Agent 2,1,0,2096183,7039,26,gemm_mq4g256v2_residual_iu4_v2b_add_gfx11,7039,294967339942088,294967349301799,0,0,248,0,128,32,16,1,1024,320,1
KERNEL_DISPATCH,Agent 2,1,0,2096183,7034,21,gdn_chunk_kkt_solve,7034,294967336746589,294967336800209,11776,0,120,0,128,128,1,1,1024,16,1
KERNEL_DISPATCH,Agent 2,1,0,2096183,7029,22,gdn_chunk_scan,7029,294967335679112,294967335990615,60928,0,216,0,128,512,1,1,512,48,1
KERNEL_DISPATCH,Agent 2,1,0,2096183,7024,21,gdn_chunk_kkt_solve,7024,294967334873164,294967334925422,11776,0,120,0,128,128,1,1,1024,16,1
KERNEL_DISPATCH,Agent 2,1,0,2096183,7019,22,gdn_chunk_scan,7019,294967333805406,294967334115867,60928,0,216,0,128,512,1,1,512,48,1
KERNEL_DISPATCH,Agent 2,1,0,2096183,7014,21,gdn_chunk_kkt_solve,7014,294967332996372,294967333052678,11776,0,120,0,128,128,1,1,1024,16,1
KERNEL_DISPATCH,Agent 2,1,0,2096183,7009,22,gdn_chunk_scan,7009,294967331920039,294967332232664,60928,0,216,0,128,512,1,1,512,48,1
KERNEL_DISPATCH,Agent 2,1,0,2096183,7004,28,split_mq4v2_z_betaalpha,7004,294967326180500,294967328212823,0,0,16,0,128,256,1,1,2097152,1,1
KERNEL_DISPATCH,Agent 2,1,0,2096183,7228,21,gdn_chunk_kkt_solve,7228,294967824649713,294967824694797,11776,0,120,0,128,128,1,1,1024,16,1
KERNEL_DISPATCH,Agent 2,1,0,2096183,6999,30,fused_silu_mul_mq_rotate_awq_i4_hin,6999,294967280626711,294967283647042,0,0,80,0,128,32,1,1,2176,8192,1
KERNEL_DISPATCH,Agent 2,1,0,2096183,7223,22,gdn_chunk_scan,7223,294967823596903,294967823910931,60928,0,216,0,128,512,1,1,512,48,1
KERNEL_DISPATCH,Agent 2,1,0,2096183,6994,22,gdn_chunk_scan,6994,294967226255385,294967226567048,60928,0,216,0,128,512,1,1,512,48,1
KERNEL_DISPATCH,Agent 2,1,0,2096183,7218,21,gdn_chunk_kkt_solve,7218,294967822815602,294967822862409,11776,0,120,0,128,128,1,1,1024,16,1
KERNEL_DISPATCH,Agent 2,1,0,2096183,6989,21,gdn_chunk_kkt_solve,6989,294967225476488,294967225521973,11776,0,120,0,128,128,1,1,1024,16,1
KERNEL_DISPATCH,Agent 2,1,0,2096183,6984,22,gdn_chunk_scan,6984,294967224418027,294967224731293,60928,0,216,0,128,512,1,1,512,48,1
KERNEL_DISPATCH,Agent 2,1,0,2096183,7213,22,gdn_chunk_scan,7213,294967821739588,294967822070287,60928,0,216,0,128,512,1,1,512,48,1
KERNEL_DISPATCH,Agent 2,1,0,2096183,6979,21,gdn_chunk_kkt_solve,6979,294967223638529,294967223682491,11776,0,120,0,128,128,1,1,1024,16,1
KERNEL_DISPATCH,Agent 2,1,0,2096183,7208,27,gemm_mq4g256v2_residual_iu4_v2b_set_gfx11,7208,294967796856433,294967808928860,0,0,248,0,128,32,16,1,1024,640,1
KERNEL_DISPATCH,Agent 2,1,0,2096183,6974,22,gdn_chunk_scan,6974,294967222585960,294967222898544,60928,0,216,0,128,512,1,1,512,48,1
KERNEL_DISPATCH,Agent 2,1,0,2096183,7203,23,fused_rmsnorm_mq_rotate_awq_i4,7203,294967728765799,294967729931820,0,0,96,0,128,256,1,1,2097152,1,1
KERNEL_DISPATCH,Agent 2,1,0,2096183,6969,21,gdn_chunk_kkt_solve,6969,294967221802694,294967221849943,11776,0,120,0,128,128,1,1,1024,16,1
KERNEL_DISPATCH,Agent 2,1,0,2096183,7198,22,gdn_chunk_scan,7198,294967715953948,294967716265531,60928,0,216,0,128,512,1,1,512,48,1
KERNEL_DISPATCH,Agent 2,1,0,2096183,6964,22,gdn_chunk_scan,6964,294967220730248,294967221057781,60928,0,216,0,128,512,1,1,512,48,1
KERNEL_DISPATCH,Agent 2,1,0,2096183,7193,21,gdn_chunk_kkt_solve,7193,294967715171244,294967715219093,11776,0,120,0,128,128,1,1,1024,16,1
KERNEL_DISPATCH,Agent 2,1,0,2096183,6959,27,gemm_mq4g256v2_residual_iu4_v2b_set_gfx11,6959,294967195808140,294967207917275,0,0,248,0,128,32,16,1,1024,640,1
KERNEL_DISPATCH,Agent 2,1,0,2096183,7188,22,gdn_chunk_scan,7188,294967714116871,294967714431981,60928,0,216,0,128,512,1,1,512,48,1
KERNEL_DISPATCH,Agent 2,1,0,2096183,6954,23,fused_rmsnorm_mq_rotate_awq_i4,6954,294967127817572,294967128983514,0,0,96,0,128,256,1,1,2097152,1,1
KERNEL_DISPATCH,Agent 2,1,0,2096183,6949,22,gdn_chunk_scan,6949,294967115258154,294967115574186,60928,0,216,0,128,512,1,1,512,48,1
KERNEL_DISPATCH,Agent 2,1,0,2096183,6944,21,gdn_chunk_kkt_solve,6944,294967114479698,294967114525904,11776,0,120,0,128,128,1,1,1024,16,1
KERNEL_DISPATCH,Agent 2,1,0,2096183,6939,22,gdn_chunk_scan,6939,294967113422560,294967113737229,60928,0,216,0,128,512,1,1,512,48,1
KERNEL_DISPATCH,Agent 2,1,0,2096183,6934,21,gdn_chunk_kkt_solve,6934,294967112643142,294967112686503,11776,0,120,0,128,128,1,1,1024,16,1
KERNEL_DISPATCH,Agent 2,1,0,2096183,6929,22,gdn_chunk_scan,6929,294967111576626,294967111896865,60928,0,216,0,128,512,1,1,512,48,1
KERNEL_DISPATCH,Agent 2,1,0,2096183,6924,21,gdn_chunk_kkt_solve,6924,294967110795325,294967110837924,11776,0,120,0,128,128,1,1,1024,16,1
KERNEL_DISPATCH,Agent 2,1,0,2096183,6919,20,gdn_chunk_prep,6919,294967106786544,294967110025244,0,0,72,0,128,256,1,1,32768,10,1
KERNEL_DISPATCH,Agent 2,1,0,2096183,6914,26,gemm_mq4g256v2_residual_iu4_v2b_add_gfx11,6914,294967062148709,294967084088998,0,0,248,0,128,32,16,1,1024,320,1
KERNEL_DISPATCH,Agent 2,1,0,2096183,6909,40,sigmoid_mul_rotate_x_mq_awq_i4_gfx11,6909,294967005213746,294967007136303,0,0,88,0,128,32,1,1,6291456,1,1
KERNEL_DISPATCH,Agent 2,1,0,2096183,6904,38,attention_q8_0_fa2_gqa_gfx11,6904,294966992711836,294966998675514,0,0,224,0,128,256,1,1,8192,4,1
KERNEL_DISPATCH,Agent 2,1,0,2096183,6899,39,attention_fa2_q_preconvert_gfx11,6899,294966986964242,294966987033692,0,0,16,0,128,128,1,1,393216,1,1
KERNEL_DISPATCH,Agent 2,1,0,2096183,6894,37,kv_cache_write_q8_0_batched,6894,294966981700955,294966981716143,0,0,8,0,128,32,1,1,1024,512,1
KERNEL_DISPATCH,Agent 2,1,0,2096183,6889,37,kv_cache_write_q8_0_batched,6889,294966976879214,294966976892759,0,0,8,0,128,32,1,1,1024,512,1
KERNEL_DISPATCH,Agent 2,1,0,2096183,6884,38,attention_q8_0_fa2_gqa_gfx11,6884,294966968608099,294966972503828,0,0,224,0,128,256,1,1,8192,4,1
KERNEL_DISPATCH,Agent 2,1,0,2096183,6879,39,attention_fa2_q_preconvert_gfx11,6879,294966964950255,294966965029844,0,0,16,0,128,128,1,1,393216,1,1
KERNEL_DISPATCH,Agent 2,1,0,2096183,6874,37,kv_cache_write_q8_0_batched,6874,294966961768542,294966961780926,0,0,8,0,128,32,1,1,1024,512,1
KERNEL_DISPATCH,Agent 2,1,0,2096183,6869,37,kv_cache_write_q8_0_batched,6869,294966958996276,294966959009821,0,0,8,0,128,32,1,1,1024,512,1
KERNEL_DISPATCH,Agent 2,1,0,2096183,6864,38,attention_q8_0_fa2_gqa_gfx11,6864,294966954840901,294966956648243,0,0,224,0,128,256,1,1,8192,4,1
KERNEL_DISPATCH,Agent 2,1,0,2096183,6859,39,attention_fa2_q_preconvert_gfx11,6859,294966953233253,294966953314205,0,0,16,0,128,128,1,1,393216,1,1
KERNEL_DISPATCH,Agent 2,1,0,2096183,6854,37,kv_cache_write_q8_0_batched,6854,294966952086468,294966952098891,0,0,8,0,128,32,1,1,1024,512,1
KERNEL_DISPATCH,Agent 2,1,0,2096183,6849,37,kv_cache_write_q8_0_batched,6849,294966951308492,294966951327768,0,0,8,0,128,32,1,1,1024,512,1
KERNEL_DISPATCH,Agent 2,1,0,2096183,6844,34,rope_partial_halfsplit_batched_f32,6844,294966948585958,294966950843863,0,0,24,0,128,256,1,1,256,8192,1
KERNEL_DISPATCH,Agent 2,1,0,2096183,6839,27,gemm_mq4g256v2_residual_iu4_v2b_set_gfx11,6839,294966927543469,294966941896763,0,0,248,0,128,32,16,1,1024,768,1
KERNEL_DISPATCH,Agent 2,1,0,2096183,7112,37,kv_cache_write_q8_0_batched,7112,294967488694236,294967488709064,0,0,8,0,128,32,1,1,1024,512,1
KERNEL_DISPATCH,Agent 2,1,0,2096183,6834,23,fused_rmsnorm_mq_rotate_awq_i4,6834,294966859575704,294966860739922,0,0,96,0,128,256,1,1,2097152,1,1
KERNEL_DISPATCH,Agent 2,1,0,2096183,6829,22,gdn_chunk_scan,6829,294966846805051,294966847115913,60928,0,216,0,128,512,1,1,512,48,1
KERNEL_DISPATCH,Agent 2,1,0,2096183,7107,37,kv_cache_write_q8_0_batched,7107,294967482595586,294967482610253,0,0,8,0,128,32,1,1,1024,512,1
KERNEL_DISPATCH,Agent 2,1,0,2096183,6824,21,gdn_chunk_kkt_solve,6824,294966846026394,294966846070677,11776,0,120,0,128,128,1,1,1024,16,1
KERNEL_DISPATCH,Agent 2,1,0,2096183,7102,38,attention_q8_0_fa2_gqa_gfx11,7102,294967471824634,294967476938081,0,0,224,0,128,256,1,1,8192,4,1
KERNEL_DISPATCH,Agent 2,1,0,2096183,6819,22,gdn_chunk_scan,6819,294966844971500,294966845282122,60928,0,216,0,128,512,1,1,512,48,1
KERNEL_DISPATCH,Agent 2,1,0,2096183,7097,39,attention_fa2_q_preconvert_gfx11,7097,294967466891684,294967466968308,0,0,16,0,128,128,1,1,393216,1,1
KERNEL_DISPATCH,Agent 2,1,0,2096183,6814,21,gdn_chunk_kkt_solve,6814,294966844189558,294966844235163,11776,0,120,0,128,128,1,1,1024,16,1
KERNEL_DISPATCH,Agent 2,1,0,2096183,6809,22,gdn_chunk_scan,6809,294966843141597,294966843449934,60928,0,216,0,128,512,1,1,512,48,1
KERNEL_DISPATCH,Agent 2,1,0,2096183,6804,21,gdn_chunk_kkt_solve,6804,294966842361978,294966842406702,11776,0,120,0,128,128,1,1,1024,16,1
KERNEL_DISPATCH,Agent 2,1,0,2096183,6799,20,gdn_chunk_prep,6799,294966838261266,294966841590054,0,0,72,0,128,256,1,1,32768,10,1
KERNEL_DISPATCH,Agent 2,1,0,2096183,6794,26,gemm_mq4g256v2_residual_iu4_v2b_add_gfx11,6794,294966794002660,294966815693883,0,0,248,0,128,32,16,1,1024,320,1
KERNEL_DISPATCH,Agent 2,1,0,2096183,6789,29,gated_norm_mq_rotate_awq_i4_gfx11,6789,294966737183234,294966739610054,1024,0,48,0,128,64,1,1,1536,8192,1
KERNEL_DISPATCH,Agent 2,1,0,2096183,6784,22,gdn_chunk_scan,6784,294966736133510,294966736444652,60928,0,216,0,128,512,1,1,512,48,1
KERNEL_DISPATCH,Agent 2,1,0,2096183,6779,21,gdn_chunk_kkt_solve,6779,294966735352569,294966735398815,11776,0,120,0,128,128,1,1,1024,16,1
KERNEL_DISPATCH,Agent 2,1,0,2096183,6774,22,gdn_chunk_scan,6774,294966734301522,294966734612023,60928,0,216,0,128,512,1,1,512,48,1
KERNEL_DISPATCH,Agent 2,1,0,2096183,6769,21,gdn_chunk_kkt_solve,6769,294966733511244,294966733560215,11776,0,120,0,128,128,1,1,1024,16,1
KERNEL_DISPATCH,Agent 2,1,0,2096183,6764,22,gdn_chunk_scan,6764,294966732461199,294966732773143,60928,0,216,0,128,512,1,1,512,48,1
KERNEL_DISPATCH,Agent 2,1,0,2096183,6759,21,gdn_chunk_kkt_solve,6759,294966731662986,294966731717447,11776,0,120,0,128,128,1,1,1024,16,1
KERNEL_DISPATCH,Agent 2,1,0,2096183,6754,27,gemm_mq4g256v2_residual_iu4_v2b_set_gfx11,6754,294966718724458,294966726090399,0,0,248,0,128,32,16,1,1024,400,1
KERNEL_DISPATCH,Agent 2,1,0,2096183,6749,24,gemm_mq4g256v2_gate_up_silu_iu4_v2b_gfx11,6749,294966639897136,294966680508678,0,0,248,0,128,32,16,1,1024,2176,1
KERNEL_DISPATCH,Agent 2,1,0,2096183,6744,21,gdn_chunk_kkt_solve,6744,294966626282704,294966626329111,11776,0,120,0,128,128,1,1,1024,16,1
KERNEL_DISPATCH,Agent 2,1,0,2096183,6739,22,gdn_chunk_scan,6739,294966625224203,294966625537910,60928,0,216,0,128,512,1,1,512,48,1
KERNEL_DISPATCH,Agent 2,1,0,2096183,6734,21,gdn_chunk_kkt_solve,6734,294966624437612,294966624485061,11776,0,120,0,128,128,1,1,1024,16,1
KERNEL_DISPATCH,Agent 2,1,0,2096183,6729,22,gdn_chunk_scan,6729,294966623382197,294966623694381,60928,0,216,0,128,512,1,1,512,48,1
KERNEL_DISPATCH,Agent 2,1,0,2096183,6724,21,gdn_chunk_kkt_solve,6724,294966622595445,294966622643976,11776,0,120,0,128,128,1,1,1024,16,1
KERNEL_DISPATCH,Agent 2,1,0,2096183,6719,22,gdn_chunk_scan,6719,294966621542635,294966621853497,60928,0,216,0,128,512,1,1,512,48,1
KERNEL_DISPATCH,Agent 2,1,0,2096183,7267,39,attention_fa2_q_preconvert_gfx11,7267,294967932308297,294967932387485,0,0,16,0,128,128,1,1,393216,1,1
KERNEL_DISPATCH,Agent 2,1,0,2096183,7438,21,gdn_chunk_kkt_solve,7438,294968315174823,294968315221069,11776,0,120,0,128,128,1,1,1024,16,1
KERNEL_DISPATCH,Agent 2,1,0,2096183,6714,21,gdn_chunk_kkt_solve,6714,294966620731037,294966620784737,11776,0,120,0,128,128,1,1,1024,16,1
KERNEL_DISPATCH,Agent 2,1,0,2096183,6709,23,fused_rmsnorm_mq_rotate_awq_i4,6709,294966594932249,294966596104883,0,0,96,0,128,256,1,1,2097152,1,1
KERNEL_DISPATCH,Agent 2,1,0,2096183,6704,26,gemm_mq4g256v2_residual_iu4_v2b_add_gfx11,6704,294966518139974,294966527683750,0,0,248,0,128,32,16,1,1024,320,1
KERNEL_DISPATCH,Agent 2,1,0,2096183,6699,37,kv_cache_write_q8_0_batched,6699,294966509649489,294966509667923,0,0,8,0,128,32,1,1,1024,512,1
KERNEL_DISPATCH,Agent 2,1,0,2096183,6694,38,attention_q8_0_fa2_gqa_gfx11,6694,294966498053313,294966503586425,0,0,224,0,128,256,1,1,8192,4,1
KERNEL_DISPATCH,Agent 2,1,0,2096183,6689,39,attention_fa2_q_preconvert_gfx11,6689,294966492739731,294966492813830,0,0,16,0,128,128,1,1,393216,1,1
KERNEL_DISPATCH,Agent 2,1,0,2096183,6684,37,kv_cache_write_q8_0_batched,6684,294966487919152,294966487934060,0,0,8,0,128,32,1,1,1024,512,1
KERNEL_DISPATCH,Agent 2,1,0,2096183,6679,37,kv_cache_write_q8_0_batched,6679,294966483496477,294966483509822,0,0,8,0,128,32,1,1,1024,512,1
KERNEL_DISPATCH,Agent 2,1,0,2096183,6674,38,attention_q8_0_fa2_gqa_gfx11,6674,294966475989272,294966479455557,0,0,224,0,128,256,1,1,8192,4,1
KERNEL_DISPATCH,Agent 2,1,0,2096183,6669,39,attention_fa2_q_preconvert_gfx11,6669,294966472731938,294966472811046,0,0,16,0,128,128,1,1,393216,1,1
KERNEL_DISPATCH,Agent 2,1,0,2096183,6664,37,kv_cache_write_q8_0_batched,6664,294966469948450,294966469960953,0,0,8,0,128,32,1,1,1024,512,1
KERNEL_DISPATCH,Agent 2,1,0,2096183,6659,37,kv_cache_write_q8_0_batched,6659,294966467591600,294966467605346,0,0,8,0,128,32,1,1,1024,512,1
KERNEL_DISPATCH,Agent 2,1,0,2096183,6654,38,attention_q8_0_fa2_gqa_gfx11,6654,294966464246221,294966465649807,0,0,224,0,128,256,1,1,8192,4,1
KERNEL_DISPATCH,Agent 2,1,0,2096183,6649,39,attention_fa2_q_preconvert_gfx11,6649,294966463027341,294966463105888,0,0,16,0,128,128,1,1,393216,1,1
KERNEL_DISPATCH,Agent 2,1,0,2096183,6644,37,kv_cache_write_q8_0_batched,6644,294966462260105,294966462277097,0,0,8,0,128,32,1,1,1024,512,1
KERNEL_DISPATCH,Agent 2,1,0,2096183,6639,37,kv_cache_write_q8_0_batched,6639,294966461784335,294966461805535,0,0,8,0,128,32,1,1,1024,512,1
KERNEL_DISPATCH,Agent 2,1,0,2096183,6634,27,gemm_mq4g256v2_residual_iu4_v2b_set_gfx11,6634,294966452756805,294966454172894,0,0,248,0,128,32,16,1,1024,64,1
KERNEL_DISPATCH,Agent 2,1,0,2096183,6629,24,gemm_mq4g256v2_gate_up_silu_iu4_v2b_gfx11,6629,294966371730088,294966412372728,0,0,248,0,128,32,16,1,1024,2176,1
KERNEL_DISPATCH,Agent 2,1,0,2096183,6624,21,gdn_chunk_kkt_solve,6624,294966358347449,294966358392373,11776,0,120,0,128,128,1,1,1024,16,1
KERNEL_DISPATCH,Agent 2,1,0,2096183,6619,22,gdn_chunk_scan,6619,294966357290672,294966357603578,60928,0,216,0,128,512,1,1,512,48,1
KERNEL_DISPATCH,Agent 2,1,0,2096183,6614,21,gdn_chunk_kkt_solve,6614,294966356508128,294966356554775,11776,0,120,0,128,128,1,1,1024,16,1
KERNEL_DISPATCH,Agent 2,1,0,2096183,6609,22,gdn_chunk_scan,6609,294966355454557,294966355766340,60928,0,216,0,128,512,1,1,512,48,1
KERNEL_DISPATCH,Agent 2,1,0,2096183,6604,21,gdn_chunk_kkt_solve,6604,294966354667044,294966354712328,11776,0,120,0,128,128,1,1,1024,16,1
KERNEL_DISPATCH,Agent 2,1,0,2096183,6599,22,gdn_chunk_scan,6599,294966353607982,294966353920166,60928,0,216,0,128,512,1,1,512,48,1
KERNEL_DISPATCH,Agent 2,1,0,2096183,6594,21,gdn_chunk_kkt_solve,6594,294966352799509,294966352853010,11776,0,120,0,128,128,1,1,1024,16,1
KERNEL_DISPATCH,Agent 2,1,0,2096183,6589,23,fused_rmsnorm_mq_rotate_awq_i4,6589,294966326948704,294966328117971,0,0,96,0,128,256,1,1,2097152,1,1
KERNEL_DISPATCH,Agent 2,1,0,2096183,6584,26,gemm_mq4g256v2_residual_iu4_v2b_add_gfx11,6584,294966250406136,294966260130971,0,0,248,0,128,32,16,1,1024,320,1
KERNEL_DISPATCH,Agent 2,1,0,2096183,6579,21,gdn_chunk_kkt_solve,6579,294966247216088,294966247264338,11776,0,120,0,128,128,1,1,1024,16,1
KERNEL_DISPATCH,Agent 2,1,0,2096183,6574,22,gdn_chunk_scan,6574,294966246154622,294966246467768,60928,0,216,0,128,512,1,1,512,48,1
KERNEL_DISPATCH,Agent 2,1,0,2096183,6569,21,gdn_chunk_kkt_solve,6569,294966245365666,294966245411471,11776,0,120,0,128,128,1,1,1024,16,1
KERNEL_DISPATCH,Agent 2,1,0,2096183,6564,22,gdn_chunk_scan,6564,294966244304801,294966244619189,60928,0,216,0,128,512,1,1,512,48,1
KERNEL_DISPATCH,Agent 2,1,0,2096183,6559,21,gdn_chunk_kkt_solve,6559,294966243510755,294966243555880,11776,0,120,0,128,128,1,1,1024,16,1
KERNEL_DISPATCH,Agent 2,1,0,2096183,6554,22,gdn_chunk_scan,6554,294966242450011,294966242766403,60928,0,216,0,128,512,1,1,512,48,1
KERNEL_DISPATCH,Agent 2,1,0,2096183,6549,28,split_mq4v2_z_betaalpha,6549,294966236677931,294966238707769,0,0,16,0,128,256,1,1,2097152,1,1
KERNEL_DISPATCH,Agent 2,1,0,2096183,6544,30,fused_silu_mul_mq_rotate_awq_i4_hin,6544,294966191356818,294966194358714,0,0,80,0,128,32,1,1,2176,8192,1
KERNEL_DISPATCH,Agent 2,1,0,2096183,6539,22,gdn_chunk_scan,6539,294966137207868,294966137520092,60928,0,216,0,128,512,1,1,512,48,1
KERNEL_DISPATCH,Agent 2,1,0,2096183,6534,21,gdn_chunk_kkt_solve,6534,294966136420274,294966136467122,11776,0,120,0,128,128,1,1,1024,16,1
KERNEL_DISPATCH,Agent 2,1,0,2096183,6529,22,gdn_chunk_scan,6529,294966135369187,294966135682854,60928,0,216,0,128,512,1,1,512,48,1
KERNEL_DISPATCH,Agent 2,1,0,2096183,6524,21,gdn_chunk_kkt_solve,6524,294966134587605,294966134632289,11776,0,120,0,128,128,1,1,1024,16,1
KERNEL_DISPATCH,Agent 2,1,0,2096183,6519,22,gdn_chunk_scan,6519,294966133530147,294966133841289,60928,0,216,0,128,512,1,1,512,48,1
KERNEL_DISPATCH,Agent 2,1,0,2096183,6514,21,gdn_chunk_kkt_solve,6514,294966132748444,294966132795412,11776,0,120,0,128,128,1,1,1024,16,1
KERNEL_DISPATCH,Agent 2,1,0,2096183,6509,22,gdn_chunk_scan,6509,294966131675236,294966132006616,60928,0,216,0,128,512,1,1,512,48,1
KERNEL_DISPATCH,Agent 2,1,0,2096183,6504,27,gemm_mq4g256v2_residual_iu4_v2b_set_gfx11,6504,294966106964884,294966118968302,0,0,248,0,128,32,16,1,1024,640,1
KERNEL_DISPATCH,Agent 2,1,0,2096183,6499,23,fused_rmsnorm_mq_rotate_awq_i4,6499,294966038904627,294966040060990,0,0,96,0,128,256,1,1,2097152,1,1
KERNEL_DISPATCH,Agent 2,1,0,2096183,6494,37,kv_cache_write_q8_0_batched,6494,294966020988947,294966021005138,0,0,8,0,128,32,1,1,1024,512,1
KERNEL_DISPATCH,Agent 2,1,0,2096183,6489,37,kv_cache_write_q8_0_batched,6489,294966014908050,294966014924040,0,0,8,0,128,32,1,1,1024,512,1
KERNEL_DISPATCH,Agent 2,1,0,2096183,6484,38,attention_q8_0_fa2_gqa_gfx11,6484,294966004176732,294966009255274,0,0,224,0,128,256,1,1,8192,4,1
KERNEL_DISPATCH,Agent 2,1,0,2096183,6479,39,attention_fa2_q_preconvert_gfx11,6479,294965999298285,294965999378114,0,0,16,0,128,128,1,1,393216,1,1
KERNEL_DISPATCH,Agent 2,1,0,2096183,6474,37,kv_cache_write_q8_0_batched,6474,294965994914844,294965994929431,0,0,8,0,128,32,1,1,1024,512,1
KERNEL_DISPATCH,Agent 2,1,0,2096183,6469,37,kv_cache_write_q8_0_batched,6469,294965990887028,294965990900774,0,0,8,0,128,32,1,1,1024,512,1
KERNEL_DISPATCH,Agent 2,1,0,2096183,6464,38,attention_q8_0_fa2_gqa_gfx11,6464,294965984238669,294965987271504,0,0,224,0,128,256,1,1,8192,4,1
KERNEL_DISPATCH,Agent 2,1,0,2096183,6459,39,attention_fa2_q_preconvert_gfx11,6459,294965981402643,294965981482072,0,0,16,0,128,128,1,1,393216,1,1
KERNEL_DISPATCH,Agent 2,1,0,2096183,6454,37,kv_cache_write_q8_0_batched,6454,294965979075409,294965979087952,0,0,8,0,128,32,1,1,1024,512,1
KERNEL_DISPATCH,Agent 2,1,0,2096183,6449,37,kv_cache_write_q8_0_batched,6449,294965977124479,294965977137704,0,0,8,0,128,32,1,1,1024,512,1
KERNEL_DISPATCH,Agent 2,1,0,2096183,6444,38,attention_q8_0_fa2_gqa_gfx11,6444,294965974575269,294965975586041,0,0,224,0,128,256,1,1,8192,4,1
KERNEL_DISPATCH,Agent 2,1,0,2096183,6439,39,attention_fa2_q_preconvert_gfx11,6439,294965973736260,294965973827711,0,0,16,0,128,128,1,1,393216,1,1
KERNEL_DISPATCH,Agent 2,1,0,2096183,6434,37,kv_cache_write_q8_0_batched,6434,294965973275397,294965973298801,0,0,8,0,128,32,1,1,1024,512,1
KERNEL_DISPATCH,Agent 2,1,0,2096183,6429,27,gemm_mq4g256v2_residual_iu4_v2b_set_gfx11,6429,294965965663516,294965967095155,0,0,248,0,128,32,16,1,1024,64,1
KERNEL_DISPATCH,Agent 2,1,0,2096183,6424,30,fused_silu_mul_mq_rotate_awq_i4_hin,6424,294965923834336,294965926844407,0,0,80,0,128,32,1,1,2176,8192,1
KERNEL_DISPATCH,Agent 2,1,0,2096183,6419,22,gdn_chunk_scan,6419,294965869729468,294965870041692,60928,0,216,0,128,512,1,1,512,48,1
KERNEL_DISPATCH,Agent 2,1,0,2096183,6414,21,gdn_chunk_kkt_solve,6414,294965868946683,294965868993771,11776,0,120,0,128,128,1,1,1024,16,1
KERNEL_DISPATCH,Agent 2,1,0,2096183,6409,22,gdn_chunk_scan,6409,294965867897801,294965868209304,60928,0,216,0,128,512,1,1,512,48,1
KERNEL_DISPATCH,Agent 2,1,0,2096183,6404,21,gdn_chunk_kkt_solve,6404,294965867112812,294965867158337,11776,0,120,0,128,128,1,1,1024,16,1
KERNEL_DISPATCH,Agent 2,1,0,2096183,6399,22,gdn_chunk_scan,6399,294965866053470,294965866366576,60928,0,216,0,128,512,1,1,512,48,1
KERNEL_DISPATCH,Agent 2,1,0,2096183,6394,21,gdn_chunk_kkt_solve,6394,294965865271367,294965865317734,11776,0,120,0,128,128,1,1,1024,16,1
KERNEL_DISPATCH,Agent 2,1,0,2096183,6389,22,gdn_chunk_scan,6389,294965864194192,294965864523768,60928,0,216,0,128,512,1,1,512,48,1
KERNEL_DISPATCH,Agent 2,1,0,2096183,6384,27,gemm_mq4g256v2_residual_iu4_v2b_set_gfx11,6384,294965839514457,294965851512986,0,0,248,0,128,32,16,1,1024,640,1
KERNEL_DISPATCH,Agent 2,1,0,2096183,6379,23,fused_rmsnorm_mq_rotate_awq_i4,6379,294965771768547,294965772922146,0,0,96,0,128,256,1,1,2097152,1,1
KERNEL_DISPATCH,Agent 2,1,0,2096183,6374,22,gdn_chunk_scan,6374,294965758941388,294965759251168,60928,0,216,0,128,512,1,1,512,48,1
KERNEL_DISPATCH,Agent 2,1,0,2096183,6369,21,gdn_chunk_kkt_solve,6369,294965758154396,294965758203087,11776,0,120,0,128,128,1,1,1024,16,1
KERNEL_DISPATCH,Agent 2,1,0,2096183,6364,22,gdn_chunk_scan,6364,294965757090125,294965757406397,60928,0,216,0,128,512,1,1,512,48,1
KERNEL_DISPATCH,Agent 2,1,0,2096183,6359,21,gdn_chunk_kkt_solve,6359,294965756304255,294965756353386,11776,0,120,0,128,128,1,1,1024,16,1
KERNEL_DISPATCH,Agent 2,1,0,2096183,6354,22,gdn_chunk_scan,6354,294965755239983,294965755550845,60928,0,216,0,128,512,1,1,512,48,1
KERNEL_DISPATCH,Agent 2,1,0,2096183,6349,21,gdn_chunk_kkt_solve,6349,294965754451147,294965754498155,11776,0,120,0,128,128,1,1,1024,16,1
KERNEL_DISPATCH,Agent 2,1,0,2096183,6344,20,gdn_chunk_prep,6344,294965750350275,294965753681107,0,0,72,0,128,256,1,1,32768,10,1
KERNEL_DISPATCH,Agent 2,1,0,2096183,6339,26,gemm_mq4g256v2_residual_iu4_v2b_add_gfx11,6339,294965706089024,294965727783814,0,0,248,0,128,32,16,1,1024,320,1
KERNEL_DISPATCH,Agent 2,1,0,2096183,6334,29,gated_norm_mq_rotate_awq_i4_gfx11,6334,294965649116391,294965651539925,1024,0,48,0,128,64,1,1,1536,8192,1
KERNEL_DISPATCH,Agent 2,1,0,2096183,7087,37,kv_cache_write_q8_0_batched,7087,294967458444560,294967458458306,0,0,8,0,128,32,1,1,1024,512,1
KERNEL_DISPATCH,Agent 2,1,0,2096183,6329,22,gdn_chunk_scan,6329,294965648059734,294965648375645,60928,0,216,0,128,512,1,1,512,48,1
KERNEL_DISPATCH,Agent 2,1,0,2096183,6324,21,gdn_chunk_kkt_solve,6324,294965647271339,294965647318788,11776,0,120,0,128,128,1,1,1024,16,1
KERNEL_DISPATCH,Agent 2,1,0,2096183,7082,38,attention_q8_0_fa2_gqa_gfx11,7082,294967451754764,294967454817654,0,0,224,0,128,256,1,1,8192,4,1
KERNEL_DISPATCH,Agent 2,1,0,2096183,7077,39,attention_fa2_q_preconvert_gfx11,7077,294967448911043,294967448990833,0,0,16,0,128,128,1,1,393216,1,1
KERNEL_DISPATCH,Agent 2,1,0,2096183,6319,22,gdn_chunk_scan,6319,294965646218529,294965646529070,60928,0,216,0,128,512,1,1,512,48,1
KERNEL_DISPATCH,Agent 2,1,0,2096183,7072,37,kv_cache_write_q8_0_batched,7072,294967446539847,294967446552390,0,0,8,0,128,32,1,1,1024,512,1
KERNEL_DISPATCH,Agent 2,1,0,2096183,6314,21,gdn_chunk_kkt_solve,6314,294965645438911,294965645483955,11776,0,120,0,128,128,1,1,1024,16,1
KERNEL_DISPATCH,Agent 2,1,0,2096183,7067,37,kv_cache_write_q8_0_batched,7067,294967444594167,294967444612521,0,0,8,0,128,32,1,1,1024,512,1
KERNEL_DISPATCH,Agent 2,1,0,2096183,6309,22,gdn_chunk_scan,6309,294965644381612,294965644698245,60928,0,216,0,128,512,1,1,512,48,1
KERNEL_DISPATCH,Agent 2,1,0,2096183,7062,38,attention_q8_0_fa2_gqa_gfx11,7062,294967442059024,294967443058974,0,0,224,0,128,256,1,1,8192,4,1
KERNEL_DISPATCH,Agent 2,1,0,2096183,6304,21,gdn_chunk_kkt_solve,6304,294965643597265,294965643645515,11776,0,120,0,128,128,1,1,1024,16,1
KERNEL_DISPATCH,Agent 2,1,0,2096183,7057,39,attention_fa2_q_preconvert_gfx11,7057,294967441223621,294967441315112,0,0,16,0,128,128,1,1,393216,1,1
KERNEL_DISPATCH,Agent 2,1,0,2096183,6299,27,gemm_mq4g256v2_residual_iu4_v2b_set_gfx11,6299,294965630613413,294965637976749,0,0,248,0,128,32,16,1,1024,400,1
KERNEL_DISPATCH,Agent 2,1,0,2096183,7052,37,kv_cache_write_q8_0_batched,7052,294967440752259,294967440775743,0,0,8,0,128,32,1,1,1024,512,1
KERNEL_DISPATCH,Agent 2,1,0,2096183,6294,24,gemm_mq4g256v2_gate_up_silu_iu4_v2b_gfx11,6294,294965551616934,294965592490847,0,0,248,0,128,32,16,1,1024,2176,1
KERNEL_DISPATCH,Agent 2,1,0,2096183,7047,27,gemm_mq4g256v2_residual_iu4_v2b_set_gfx11,7047,294967433114008,294967434559192,0,0,248,0,128,32,16,1,1024,64,1
KERNEL_DISPATCH,Agent 2,1,0,2096183,6289,39,attention_fa2_q_preconvert_gfx11,6289,294965532375254,294965532447509,0,0,16,0,128,128,1,1,393216,1,1
KERNEL_DISPATCH,Agent 2,1,0,2096183,6284,37,kv_cache_write_q8_0_batched,6284,294965526312631,294965526328260,0,0,8,0,128,32,1,1,1024,512,1
KERNEL_DISPATCH,Agent 2,1,0,2096183,7042,30,fused_silu_mul_mq_rotate_awq_i4_hin,7042,294967391301859,294967394334814,0,0,80,0,128,32,1,1,2176,8192,1
KERNEL_DISPATCH,Agent 2,1,0,2096183,6279,37,kv_cache_write_q8_0_batched,6279,294965520653924,294965520670394,0,0,8,0,128,32,1,1,1024,512,1
KERNEL_DISPATCH,Agent 2,1,0,2096183,7037,22,gdn_chunk_scan,7037,294967337176153,294967337489258,60928,0,216,0,128,512,1,1,512,48,1
KERNEL_DISPATCH,Agent 2,1,0,2096183,6274,38,attention_q8_0_fa2_gqa_gfx11,6274,294965510757047,294965515431553,0,0,224,0,128,256,1,1,8192,4,1
KERNEL_DISPATCH,Agent 2,1,0,2096183,7032,21,gdn_chunk_kkt_solve,7032,294967336371487,294967336425628,11776,0,120,0,128,128,1,1,1024,16,1
KERNEL_DISPATCH,Agent 2,1,0,2096183,6269,39,attention_fa2_q_preconvert_gfx11,6269,294965506299708,294965506375850,0,0,16,0,128,128,1,1,393216,1,1
KERNEL_DISPATCH,Agent 2,1,0,2096183,7027,22,gdn_chunk_scan,7027,294967335300844,294967335614791,60928,0,216,0,128,512,1,1,512,48,1
KERNEL_DISPATCH,Agent 2,1,0,2096183,6264,37,kv_cache_write_q8_0_batched,6264,294965502261633,294965502275258,0,0,8,0,128,32,1,1,1024,512,1
KERNEL_DISPATCH,Agent 2,1,0,2096183,7022,21,gdn_chunk_kkt_solve,7022,294967334496699,294967334550200,11776,0,120,0,128,128,1,1,1024,16,1
KERNEL_DISPATCH,Agent 2,1,0,2096183,7017,22,gdn_chunk_scan,7017,294967333429463,294967333744212,60928,0,216,0,128,512,1,1,512,48,1
KERNEL_DISPATCH,Agent 2,1,0,2096183,6259,37,kv_cache_write_q8_0_batched,6259,294965498663621,294965498677527,0,0,8,0,128,32,1,1,1024,512,1
KERNEL_DISPATCH,Agent 2,1,0,2096183,7012,21,gdn_chunk_kkt_solve,7012,294967332614177,294967332669200,11776,0,120,0,128,128,1,1,1024,16,1
KERNEL_DISPATCH,Agent 2,1,0,2096183,6254,38,attention_q8_0_fa2_gqa_gfx11,6254,294965492842730,294965495479023,0,0,224,0,128,256,1,1,8192,4,1
KERNEL_DISPATCH,Agent 2,1,0,2096183,7007,22,gdn_chunk_scan,7007,294967331524459,294967331853755,60928,0,216,0,128,512,1,1,512,48,1
KERNEL_DISPATCH,Agent 2,1,0,2096183,6249,39,attention_fa2_q_preconvert_gfx11,6249,294965490405330,294965490485360,0,0,16,0,128,128,1,1,393216,1,1
KERNEL_DISPATCH,Agent 2,1,0,2096183,7002,27,gemm_mq4g256v2_residual_iu4_v2b_set_gfx11,7002,294967306713198,294967318755248,0,0,248,0,128,32,16,1,1024,640,1
KERNEL_DISPATCH,Agent 2,1,0,2096183,6244,37,kv_cache_write_q8_0_batched,6244,294965488468867,294965488481330,0,0,8,0,128,32,1,1,1024,512,1
KERNEL_DISPATCH,Agent 2,1,0,2096183,7178,22,gdn_chunk_scan,7178,294967712283962,294967712593421,60928,0,216,0,128,512,1,1,512,48,1
KERNEL_DISPATCH,Agent 2,1,0,2096183,6997,23,fused_rmsnorm_mq_rotate_awq_i4,6997,294967238775650,294967239943034,0,0,96,0,128,256,1,1,2097152,1,1
KERNEL_DISPATCH,Agent 2,1,0,2096183,7173,21,gdn_chunk_kkt_solve,7173,294967711506948,294967711551351,11776,0,120,0,128,128,1,1,1024,16,1
KERNEL_DISPATCH,Agent 2,1,0,2096183,6791,23,fused_rmsnorm_mq_rotate_awq_i4,6791,294966749025991,294966750233169,0,0,96,0,128,256,1,1,2097152,1,1
KERNEL_DISPATCH,Agent 2,1,0,2096183,6992,22,gdn_chunk_scan,6992,294967225890222,294967226201404,60928,0,216,0,128,512,1,1,512,48,1
KERNEL_DISPATCH,Agent 2,1,0,2096183,7168,20,gdn_chunk_prep,7168,294967707460858,294967710740154,0,0,72,0,128,256,1,1,32768,10,1
KERNEL_DISPATCH,Agent 2,1,0,2096183,6786,22,gdn_chunk_scan,6786,294966736500436,294966736809975,60928,0,216,0,128,512,1,1,512,48,1
KERNEL_DISPATCH,Agent 2,1,0,2096183,6987,21,gdn_chunk_kkt_solve,6987,294967225106475,294967225155367,11776,0,120,0,128,128,1,1,1024,16,1
KERNEL_DISPATCH,Agent 2,1,0,2096183,7163,26,gemm_mq4g256v2_residual_iu4_v2b_add_gfx11,7163,294967663025281,294967684785233,0,0,248,0,128,32,16,1,1024,320,1
KERNEL_DISPATCH,Agent 2,1,0,2096183,6239,37,kv_cache_write_q8_0_batched,6239,294965486913637,294965486927623,0,0,8,0,128,32,1,1,1024,512,1
KERNEL_DISPATCH,Agent 2,1,0,2096183,7158,29,gated_norm_mq_rotate_awq_i4_gfx11,7158,294967606206897,294967608635000,1024,0,48,0,128,64,1,1,1536,8192,1
KERNEL_DISPATCH,Agent 2,1,0,2096183,6781,21,gdn_chunk_kkt_solve,6781,294966735720256,294966735766222,11776,0,120,0,128,128,1,1,1024,16,1
KERNEL_DISPATCH,Agent 2,1,0,2096183,7153,22,gdn_chunk_scan,7153,294967605150200,294967605462704,60928,0,216,0,128,512,1,1,512,48,1
KERNEL_DISPATCH,Agent 2,1,0,2096183,6234,38,attention_q8_0_fa2_gqa_gfx11,6234,294965485169975,294965485783563,0,0,224,0,128,256,1,1,8192,4,1
KERNEL_DISPATCH,Agent 2,1,0,2096183,6776,22,gdn_chunk_scan,6776,294966734665723,294966734978188,60928,0,216,0,128,512,1,1,512,48,1
KERNEL_DISPATCH,Agent 2,1,0,2096183,7148,21,gdn_chunk_kkt_solve,7148,294967604367656,294967604415184,11776,0,120,0,128,128,1,1,1024,16,1
KERNEL_DISPATCH,Agent 2,1,0,2096183,7143,22,gdn_chunk_scan,7143,294967603308875,294967603620778,60928,0,216,0,128,512,1,1,512,48,1
KERNEL_DISPATCH,Agent 2,1,0,2096183,6771,21,gdn_chunk_kkt_solve,6771,294966733883941,294966733932832,11776,0,120,0,128,128,1,1,1024,16,1
KERNEL_DISPATCH,Agent 2,1,0,2096183,6229,39,attention_fa2_q_preconvert_gfx11,6229,294965484623432,294965484767622,0,0,16,0,128,128,1,1,393216,1,1
KERNEL_DISPATCH,Agent 2,1,0,2096183,7138,21,gdn_chunk_kkt_solve,7138,294967602517714,294967602566285,11776,0,120,0,128,128,1,1,1024,16,1
KERNEL_DISPATCH,Agent 2,1,0,2096183,6224,31,deinterleave_q_rmsnorm_f32_batched,6224,294965478417020,294965481982772,0,0,24,0,128,256,1,1,6144,8192,1
KERNEL_DISPATCH,Agent 2,1,0,2096183,7133,22,gdn_chunk_scan,7133,294967601466748,294967601778451,60928,0,216,0,128,512,1,1,512,48,1
KERNEL_DISPATCH,Agent 2,1,0,2096183,7128,21,gdn_chunk_kkt_solve,7128,294967600672181,294967600723237,11776,0,120,0,128,128,1,1,1024,16,1
KERNEL_DISPATCH,Agent 2,1,0,2096183,6219,26,gemm_mq4g256v2_residual_iu4_v2b_add_gfx11,6219,294965438416822,294965459978042,0,0,248,0,128,32,16,1,1024,320,1
KERNEL_DISPATCH,Agent 2,1,0,2096183,7123,27,gemm_mq4g256v2_residual_iu4_v2b_set_gfx11,7123,294967587540453,294967594980292,0,0,248,0,128,32,16,1,1024,400,1
KERNEL_DISPATCH,Agent 2,1,0,2096183,6214,29,gated_norm_mq_rotate_awq_i4_gfx11,6214,294965381633743,294965384085811,1024,0,48,0,128,64,1,1,1536,8192,1
KERNEL_DISPATCH,Agent 2,1,0,2096183,7118,24,gemm_mq4g256v2_gate_up_silu_iu4_v2b_gfx11,7118,294967508045722,294967549214426,0,0,248,0,128,32,16,1,1024,2176,1
KERNEL_DISPATCH,Agent 2,1,0,2096183,6209,22,gdn_chunk_scan,6209,294965380576926,294965380892316,60928,0,216,0,128,512,1,1,512,48,1
KERNEL_DISPATCH,Agent 2,1,0,2096183,7113,39,attention_fa2_q_preconvert_gfx11,7113,294967488711027,294967488777111,0,0,16,0,128,128,1,1,393216,1,1
KERNEL_DISPATCH,Agent 2,1,0,2096183,7108,37,kv_cache_write_q8_0_batched,7108,294967482612177,294967482627525,0,0,8,0,128,32,1,1,1024,512,1
KERNEL_DISPATCH,Agent 2,1,0,2096183,7103,37,kv_cache_write_q8_0_batched,7103,294967476949222,294967476964410,0,0,8,0,128,32,1,1,1024,512,1
KERNEL_DISPATCH,Agent 2,1,0,2096183,7098,38,attention_q8_0_fa2_gqa_gfx11,7098,294967466974760,294967471694671,0,0,224,0,128,256,1,1,8192,4,1
KERNEL_DISPATCH,Agent 2,1,0,2096183,7093,39,attention_fa2_q_preconvert_gfx11,7093,294967462489648,294967462567594,0,0,16,0,128,128,1,1,393216,1,1
KERNEL_DISPATCH,Agent 2,1,0,2096183,7088,37,kv_cache_write_q8_0_batched,7088,294967458460189,294967458473975,0,0,8,0,128,32,1,1,1024,512,1
KERNEL_DISPATCH,Agent 2,1,0,2096183,7083,37,kv_cache_write_q8_0_batched,7083,294967454828595,294967454842260,0,0,8,0,128,32,1,1,1024,512,1
KERNEL_DISPATCH,Agent 2,1,0,2096183,7078,38,attention_q8_0_fa2_gqa_gfx11,7078,294967448997245,294967451626764,0,0,224,0,128,256,1,1,8192,4,1
KERNEL_DISPATCH,Agent 2,1,0,2096183,7073,39,attention_fa2_q_preconvert_gfx11,7073,294967446554274,294967446634224,0,0,16,0,128,128,1,1,393216,1,1
KERNEL_DISPATCH,Agent 2,1,0,2096183,7068,37,kv_cache_write_q8_0_batched,7068,294967444614405,294967444627229,0,0,8,0,128,32,1,1,1024,512,1
KERNEL_DISPATCH,Agent 2,1,0,2096183,7063,37,kv_cache_write_q8_0_batched,7063,294967443069755,294967443083540,0,0,8,0,128,32,1,1,1024,512,1
KERNEL_DISPATCH,Agent 2,1,0,2096183,7058,38,attention_q8_0_fa2_gqa_gfx11,7058,294967441321604,294967441933990,0,0,224,0,128,256,1,1,8192,4,1
KERNEL_DISPATCH,Agent 2,1,0,2096183,7053,39,attention_fa2_q_preconvert_gfx11,7053,294967440777827,294967440923499,0,0,16,0,128,128,1,1,393216,1,1
KERNEL_DISPATCH,Agent 2,1,0,2096183,7048,31,deinterleave_q_rmsnorm_f32_batched,7048,294967434570252,294967438136485,0,0,24,0,128,256,1,1,6144,8192,1
KERNEL_DISPATCH,Agent 2,1,0,2096183,7043,26,gemm_mq4g256v2_residual_iu4_v2b_add_gfx11,7043,294967394345875,294967416125223,0,0,248,0,128,32,16,1,1024,320,1
KERNEL_DISPATCH,Agent 2,1,0,2096183,7038,29,gated_norm_mq_rotate_awq_i4_gfx11,7038,294967337495751,294967339931147,1024,0,48,0,128,64,1,1,1536,8192,1
KERNEL_DISPATCH,Agent 2,1,0,2096183,7033,22,gdn_chunk_scan,7033,294967336427512,294967336740177,60928,0,216,0,128,512,1,1,512,48,1
KERNEL_DISPATCH,Agent 2,1,0,2096183,7028,21,gdn_chunk_kkt_solve,7028,294967335621203,294967335677308,11776,0,120,0,128,128,1,1,1024,16,1
KERNEL_DISPATCH,Agent 2,1,0,2096183,7023,22,gdn_chunk_scan,7023,294967334552163,294967334866792,60928,0,216,0,128,512,1,1,512,48,1
KERNEL_DISPATCH,Agent 2,1,0,2096183,7018,21,gdn_chunk_kkt_solve,7018,294967333750624,294967333803563,11776,0,120,0,128,128,1,1,1024,16,1
KERNEL_DISPATCH,Agent 2,1,0,2096183,7013,22,gdn_chunk_scan,7013,294967332671044,294967332990001,60928,0,216,0,128,512,1,1,512,48,1
KERNEL_DISPATCH,Agent 2,1,0,2096183,7008,21,gdn_chunk_kkt_solve,7008,294967331860247,294967331918075,11776,0,120,0,128,128,1,1,1024,16,1
KERNEL_DISPATCH,Agent 2,1,0,2096183,7003,27,gemm_mq4g256v2_residual_iu4_v2b_set_gfx11,7003,294967318766389,294967326169399,0,0,248,0,128,32,16,1,1024,400,1
KERNEL_DISPATCH,Agent 2,1,0,2096183,6998,24,gemm_mq4g256v2_gate_up_silu_iu4_v2b_gfx11,6998,294967239953974,294967280615691,0,0,248,0,128,32,16,1,1024,2176,1
KERNEL_DISPATCH,Agent 2,1,0,2096183,6993,21,gdn_chunk_kkt_solve,6993,294967226207896,294967226253421,11776,0,120,0,128,128,1,1,1024,16,1
KERNEL_DISPATCH,Agent 2,1,0,2096183,6988,22,gdn_chunk_scan,6988,294967225157290,294967225470116,60928,0,216,0,128,512,1,1,512,48,1
KERNEL_DISPATCH,Agent 2,1,0,2096183,6983,21,gdn_chunk_kkt_solve,6983,294967224370859,294967224415984,11776,0,120,0,128,128,1,1,1024,16,1
KERNEL_DISPATCH,Agent 2,1,0,2096183,6978,22,gdn_chunk_scan,6978,294967223319572,294967223631917,60928,0,216,0,128,512,1,1,512,48,1
KERNEL_DISPATCH,Agent 2,1,0,2096183,6973,21,gdn_chunk_kkt_solve,6973,294967222538952,294967222584036,11776,0,120,0,128,128,1,1,1024,16,1
KERNEL_DISPATCH,Agent 2,1,0,2096183,6968,22,gdn_chunk_scan,6968,294967221481133,294967221796122,60928,0,216,0,128,512,1,1,512,48,1
KERNEL_DISPATCH,Agent 2,1,0,2096183,6963,21,gdn_chunk_kkt_solve,6963,294967220676507,294967220728164,11776,0,120,0,128,128,1,1,1024,16,1
KERNEL_DISPATCH,Agent 2,1,0,2096183,6958,23,fused_rmsnorm_mq_rotate_awq_i4,6958,294967194626529,294967195797159,0,0,96,0,128,256,1,1,2097152,1,1
KERNEL_DISPATCH,Agent 2,1,0,2096183,6953,26,gemm_mq4g256v2_residual_iu4_v2b_add_gfx11,6953,294967118379875,294967127806552,0,0,248,0,128,32,16,1,1024,320,1
KERNEL_DISPATCH,Agent 2,1,0,2096183,6948,21,gdn_chunk_kkt_solve,6948,294967115210585,294967115256271,11776,0,120,0,128,128,1,1,1024,16,1
KERNEL_DISPATCH,Agent 2,1,0,2096183,6943,22,gdn_chunk_scan,6943,294967114161663,294967114473206,60928,0,216,0,128,512,1,1,512,48,1
KERNEL_DISPATCH,Agent 2,1,0,2096183,6938,21,gdn_chunk_kkt_solve,6938,294967113374670,294967113420676,11776,0,120,0,128,128,1,1,1024,16,1
KERNEL_DISPATCH,Agent 2,1,0,2096183,6933,22,gdn_chunk_scan,6933,294967112319657,294967112636690,60928,0,216,0,128,512,1,1,512,48,1
KERNEL_DISPATCH,Agent 2,1,0,2096183,6928,21,gdn_chunk_kkt_solve,6928,294967111528977,294967111574703,11776,0,120,0,128,128,1,1,1024,16,1
KERNEL_DISPATCH,Agent 2,1,0,2096183,6923,22,gdn_chunk_scan,6923,294967110474404,294967110788832,60928,0,216,0,128,512,1,1,512,48,1
KERNEL_DISPATCH,Agent 2,1,0,2096183,6918,28,split_mq4v2_z_betaalpha,6918,294967104741558,294967106775484,0,0,16,0,128,256,1,1,2097152,1,1
KERNEL_DISPATCH,Agent 2,1,0,2096183,6913,30,fused_silu_mul_mq_rotate_awq_i4_hin,6913,294967059113470,294967062137648,0,0,80,0,128,32,1,1,2176,8192,1
KERNEL_DISPATCH,Agent 2,1,0,2096183,6908,38,attention_q8_0_fa2_gqa_gfx11,6908,294966998796941,294967005202525,0,0,224,0,128,256,1,1,8192,4,1
KERNEL_DISPATCH,Agent 2,1,0,2096183,6903,39,attention_fa2_q_preconvert_gfx11,6903,294966992631205,294966992705304,0,0,16,0,128,128,1,1,393216,1,1
KERNEL_DISPATCH,Agent 2,1,0,2096183,6898,37,kv_cache_write_q8_0_batched,6898,294966986946048,294966986962199,0,0,8,0,128,32,1,1,1024,512,1
KERNEL_DISPATCH,Agent 2,1,0,2096183,6982,22,gdn_chunk_scan,6982,294967224054307,294967224364327,60928,0,216,0,128,512,1,1,512,48,1
KERNEL_DISPATCH,Agent 2,1,0,2096183,6893,37,kv_cache_write_q8_0_batched,6893,294966981684965,294966981698951,0,0,8,0,128,32,1,1,1024,512,1
KERNEL_DISPATCH,Agent 2,1,0,2096183,6977,21,gdn_chunk_kkt_solve,6977,294967223270961,294967223317689,11776,0,120,0,128,128,1,1,1024,16,1
KERNEL_DISPATCH,Agent 2,1,0,2096183,6888,38,attention_q8_0_fa2_gqa_gfx11,6888,294966972631707,294966976867993,0,0,224,0,128,256,1,1,8192,4,1
KERNEL_DISPATCH,Agent 2,1,0,2096183,6972,22,gdn_chunk_scan,6972,294967222218312,294967222532460,60928,0,216,0,128,512,1,1,512,48,1
KERNEL_DISPATCH,Agent 2,1,0,2096183,6883,39,attention_fa2_q_preconvert_gfx11,6883,294966968523781,294966968601607,0,0,16,0,128,128,1,1,393216,1,1
KERNEL_DISPATCH,Agent 2,1,0,2096183,6967,21,gdn_chunk_kkt_solve,6967,294967221435167,294967221479129,11776,0,120,0,128,128,1,1,1024,16,1
KERNEL_DISPATCH,Agent 2,1,0,2096183,6878,37,kv_cache_write_q8_0_batched,6878,294966964934987,294966964948372,0,0,8,0,128,32,1,1,1024,512,1
KERNEL_DISPATCH,Agent 2,1,0,2096183,6766,22,gdn_chunk_scan,6766,294966732829207,294966733140951,60928,0,216,0,128,512,1,1,512,48,1
KERNEL_DISPATCH,Agent 2,1,0,2096183,6873,37,kv_cache_write_q8_0_batched,6873,294966961752953,294966961766579,0,0,8,0,128,32,1,1,1024,512,1
KERNEL_DISPATCH,Agent 2,1,0,2096183,6761,21,gdn_chunk_kkt_solve,6761,294966732041534,294966732088301,11776,0,120,0,128,128,1,1,1024,16,1
KERNEL_DISPATCH,Agent 2,1,0,2096183,6756,20,gdn_chunk_prep,6756,294966728140355,294966731263999,0,0,72,0,128,256,1,1,32768,10,1
KERNEL_DISPATCH,Agent 2,1,0,2096183,6751,26,gemm_mq4g256v2_residual_iu4_v2b_add_gfx11,6751,294966683531975,294966705465251,0,0,248,0,128,32,16,1,1024,320,1
KERNEL_DISPATCH,Agent 2,1,0,2096183,6204,21,gdn_chunk_kkt_solve,6204,294965379796987,294965379842712,11776,0,120,0,128,128,1,1,1024,16,1
KERNEL_DISPATCH,Agent 2,1,0,2096183,6199,22,gdn_chunk_scan,6199,294965378737605,294965379049508,60928,0,216,0,128,512,1,1,512,48,1
KERNEL_DISPATCH,Agent 2,1,0,2096183,6194,21,gdn_chunk_kkt_solve,6194,294965377954900,294965378001387,11776,0,120,0,128,128,1,1,1024,16,1
KERNEL_DISPATCH,Agent 2,1,0,2096183,6189,22,gdn_chunk_scan,6189,294965376900808,294965377213994,60928,0,216,0,128,512,1,1,512,48,1
KERNEL_DISPATCH,Agent 2,1,0,2096183,6184,21,gdn_chunk_kkt_solve,6184,294965376114778,294965376162587,11776,0,120,0,128,128,1,1,1024,16,1
KERNEL_DISPATCH,Agent 2,1,0,2096183,6179,27,gemm_mq4g256v2_residual_iu4_v2b_set_gfx11,6179,294965363026210,294965370370831,0,0,248,0,128,32,16,1,1024,400,1
KERNEL_DISPATCH,Agent 2,1,0,2096183,6174,24,gemm_mq4g256v2_gate_up_silu_iu4_v2b_gfx11,6174,294965284590019,294965325104099,0,0,248,0,128,32,16,1,1024,2176,1
KERNEL_DISPATCH,Agent 2,1,0,2096183,6169,21,gdn_chunk_kkt_solve,6169,294965271062590,294965271112243,11776,0,120,0,128,128,1,1,1024,16,1
KERNEL_DISPATCH,Agent 2,1,0,2096183,6164,22,gdn_chunk_scan,6164,294965270015511,294965270325811,60928,0,216,0,128,512,1,1,512,48,1
KERNEL_DISPATCH,Agent 2,1,0,2096183,6159,21,gdn_chunk_kkt_solve,6159,294965269233688,294965269278812,11776,0,120,0,128,128,1,1,1024,16,1
KERNEL_DISPATCH,Agent 2,1,0,2096183,6154,22,gdn_chunk_scan,6154,294965268180277,294965268496148,60928,0,216,0,128,512,1,1,512,48,1
KERNEL_DISPATCH,Agent 2,1,0,2096183,6149,21,gdn_chunk_kkt_solve,6149,294965267396851,294965267442857,11776,0,120,0,128,128,1,1,1024,16,1
KERNEL_DISPATCH,Agent 2,1,0,2096183,6144,22,gdn_chunk_scan,6144,294965266348931,294965266660434,60928,0,216,0,128,512,1,1,512,48,1
KERNEL_DISPATCH,Agent 2,1,0,2096183,6139,21,gdn_chunk_kkt_solve,6139,294965265542903,294965265600531,11776,0,120,0,128,128,1,1,1024,16,1
KERNEL_DISPATCH,Agent 2,1,0,2096183,6134,23,fused_rmsnorm_mq_rotate_awq_i4,6134,294965239944169,294965241103738,0,0,96,0,128,256,1,1,2097152,1,1
KERNEL_DISPATCH,Agent 2,1,0,2096183,6129,26,gemm_mq4g256v2_residual_iu4_v2b_add_gfx11,6129,294965163935560,294965173442667,0,0,248,0,128,32,16,1,1024,320,1
KERNEL_DISPATCH,Agent 2,1,0,2096183,6124,21,gdn_chunk_kkt_solve,6124,294965160763666,294965160809151,11776,0,120,0,128,128,1,1,1024,16,1
KERNEL_DISPATCH,Agent 2,1,0,2096183,6119,22,gdn_chunk_scan,6119,294965159711016,294965160024002,60928,0,216,0,128,512,1,1,512,48,1
KERNEL_DISPATCH,Agent 2,1,0,2096183,6114,21,gdn_chunk_kkt_solve,6114,294965158921339,294965158966944,11776,0,120,0,128,128,1,1,1024,16,1
KERNEL_DISPATCH,Agent 2,1,0,2096183,6109,22,gdn_chunk_scan,6109,294965157865323,294965158177788,60928,0,216,0,128,512,1,1,512,48,1
KERNEL_DISPATCH,Agent 2,1,0,2096183,6104,21,gdn_chunk_kkt_solve,6104,294965157078010,294965157125940,11776,0,120,0,128,128,1,1,1024,16,1
KERNEL_DISPATCH,Agent 2,1,0,2096183,6099,22,gdn_chunk_scan,6099,294965156025481,294965156336984,60928,0,216,0,128,512,1,1,512,48,1
KERNEL_DISPATCH,Agent 2,1,0,2096183,6094,28,split_mq4v2_z_betaalpha,6094,294965150249314,294965152277589,0,0,16,0,128,256,1,1,2097152,1,1
KERNEL_DISPATCH,Agent 2,1,0,2096183,6089,30,fused_silu_mul_mq_rotate_awq_i4_hin,6089,294965104568207,294965107581604,0,0,80,0,128,32,1,1,2176,8192,1
KERNEL_DISPATCH,Agent 2,1,0,2096183,6084,38,attention_q8_0_fa2_gqa_gfx11,6084,294965044420834,294965050810709,0,0,224,0,128,256,1,1,8192,4,1
KERNEL_DISPATCH,Agent 2,1,0,2096183,6079,39,attention_fa2_q_preconvert_gfx11,6079,294965038280906,294965038348432,0,0,16,0,128,128,1,1,393216,1,1
KERNEL_DISPATCH,Agent 2,1,0,2096183,6074,37,kv_cache_write_q8_0_batched,6074,294965032608613,294965032624163,0,0,8,0,128,32,1,1,1024,512,1
KERNEL_DISPATCH,Agent 2,1,0,2096183,6069,37,kv_cache_write_q8_0_batched,6069,294965027329697,294965027343803,0,0,8,0,128,32,1,1,1024,512,1
KERNEL_DISPATCH,Agent 2,1,0,2096183,6064,38,attention_q8_0_fa2_gqa_gfx11,6064,294965018238568,294965022503427,0,0,224,0,128,256,1,1,8192,4,1
KERNEL_DISPATCH,Agent 2,1,0,2096183,6059,39,attention_fa2_q_preconvert_gfx11,6059,294965014138457,294965014217645,0,0,16,0,128,128,1,1,393216,1,1
KERNEL_DISPATCH,Agent 2,1,0,2096183,6054,37,kv_cache_write_q8_0_batched,6054,294965010523854,294965010537239,0,0,8,0,128,32,1,1,1024,512,1
KERNEL_DISPATCH,Agent 2,1,0,2096183,6049,37,kv_cache_write_q8_0_batched,6049,294965007316253,294965007329678,0,0,8,0,128,32,1,1,1024,512,1
KERNEL_DISPATCH,Agent 2,1,0,2096183,6044,38,attention_q8_0_fa2_gqa_gfx11,6044,294965002330685,294965004552963,0,0,224,0,128,256,1,1,8192,4,1
KERNEL_DISPATCH,Agent 2,1,0,2096183,6039,39,attention_fa2_q_preconvert_gfx11,6039,294965000314072,294965000392819,0,0,16,0,128,128,1,1,393216,1,1
KERNEL_DISPATCH,Agent 2,1,0,2096183,6034,37,kv_cache_write_q8_0_batched,6034,294964998755115,294964998767659,0,0,8,0,128,32,1,1,1024,512,1
KERNEL_DISPATCH,Agent 2,1,0,2096183,6029,37,kv_cache_write_q8_0_batched,6029,294964997614261,294964997627966,0,0,8,0,128,32,1,1,1024,512,1
KERNEL_DISPATCH,Agent 2,1,0,2096183,6024,38,attention_q8_0_fa2_gqa_gfx11,6024,294964996617195,294964996855321,0,0,224,0,128,256,1,1,8192,4,1
KERNEL_DISPATCH,Agent 2,1,0,2096183,6019,33,rmsnorm_f32,6019,294964993840761,294964994137115,0,0,16,0,128,256,1,1,8388608,1,1
KERNEL_DISPATCH,Agent 2,1,0,2096183,6014,23,fused_rmsnorm_mq_rotate_awq_i4,6014,294964971899389,294964973058037,0,0,96,0,128,256,1,1,2097152,1,1
KERNEL_DISPATCH,Agent 2,1,0,2096183,6009,26,gemm_mq4g256v2_residual_iu4_v2b_add_gfx11,6009,294964896130589,294964905596780,0,0,248,0,128,32,16,1,1024,320,1
KERNEL_DISPATCH,Agent 2,1,0,2096183,6004,21,gdn_chunk_kkt_solve,6004,294964892965067,294964893011353,11776,0,120,0,128,128,1,1,1024,16,1
KERNEL_DISPATCH,Agent 2,1,0,2096183,6962,20,gdn_chunk_prep,6962,294967217372886,294967220665567,0,0,72,0,128,256,1,1,32768,10,1
KERNEL_DISPATCH,Agent 2,1,0,2096183,5999,22,gdn_chunk_scan,5999,294964891910895,294964892220834,60928,0,216,0,128,512,1,1,512,48,1
KERNEL_DISPATCH,Agent 2,1,0,2096183,6868,38,attention_q8_0_fa2_gqa_gfx11,6868,294966956777925,294966958985415,0,0,224,0,128,256,1,1,8192,4,1
KERNEL_DISPATCH,Agent 2,1,0,2096183,6957,26,gemm_mq4g256v2_residual_iu4_v2b_add_gfx11,6957,294967172773483,294967194615468,0,0,248,0,128,32,16,1,1024,320,1
KERNEL_DISPATCH,Agent 2,1,0,2096183,6952,29,gated_norm_mq_rotate_awq_i4_gfx11,6952,294967115944879,294967118368854,1024,0,48,0,128,64,1,1,1536,8192,1
KERNEL_DISPATCH,Agent 2,1,0,2096183,5994,21,gdn_chunk_kkt_solve,5994,294964891118212,294964891165219,11776,0,120,0,128,128,1,1,1024,16,1
KERNEL_DISPATCH,Agent 2,1,0,2096183,6746,29,gated_norm_mq_rotate_awq_i4_gfx11,6746,294966626650512,294966629075810,1024,0,48,0,128,64,1,1,1536,8192,1
KERNEL_DISPATCH,Agent 2,1,0,2096183,6947,22,gdn_chunk_scan,6947,294967114892150,294967115204093,60928,0,216,0,128,512,1,1,512,48,1
KERNEL_DISPATCH,Agent 2,1,0,2096183,5989,22,gdn_chunk_scan,5989,294964890064480,294964890380632,60928,0,216,0,128,512,1,1,512,48,1
KERNEL_DISPATCH,Agent 2,1,0,2096183,6942,21,gdn_chunk_kkt_solve,6942,294967114114454,294967114159819,11776,0,120,0,128,128,1,1,1024,16,1
KERNEL_DISPATCH,Agent 2,1,0,2096183,5984,21,gdn_chunk_kkt_solve,5984,294964889281255,294964889326740,11776,0,120,0,128,128,1,1,1024,16,1
KERNEL_DISPATCH,Agent 2,1,0,2096183,6937,22,gdn_chunk_scan,6937,294967113054952,294967113368258,60928,0,216,0,128,512,1,1,512,48,1
KERNEL_DISPATCH,Agent 2,1,0,2096183,5979,22,gdn_chunk_scan,5979,294964888227764,294964888543154,60928,0,216,0,128,512,1,1,512,48,1
KERNEL_DISPATCH,Agent 2,1,0,2096183,6932,21,gdn_chunk_kkt_solve,6932,294967112273089,294967112317773,11776,0,120,0,128,128,1,1,1024,16,1
KERNEL_DISPATCH,Agent 2,1,0,2096183,6741,22,gdn_chunk_scan,6741,294966625593494,294966625907682,60928,0,216,0,128,512,1,1,512,48,1
KERNEL_DISPATCH,Agent 2,1,0,2096183,5974,28,split_mq4v2_z_betaalpha,5974,294964882462176,294964884496703,0,0,16,0,128,256,1,1,2097152,1,1
KERNEL_DISPATCH,Agent 2,1,0,2096183,6927,22,gdn_chunk_scan,6927,294967111209900,294967111522445,60928,0,216,0,128,512,1,1,512,48,1
KERNEL_DISPATCH,Agent 2,1,0,2096183,6736,21,gdn_chunk_kkt_solve,6736,294966624811191,294966624855914,11776,0,120,0,128,128,1,1,1024,16,1
KERNEL_DISPATCH,Agent 2,1,0,2096183,6731,22,gdn_chunk_scan,6731,294966623749605,294966624057821,60928,0,216,0,128,512,1,1,512,48,1
KERNEL_DISPATCH,Agent 2,1,0,2096183,6726,21,gdn_chunk_kkt_solve,6726,294966622968744,294966623012946,11776,0,120,0,128,128,1,1,1024,16,1
KERNEL_DISPATCH,Agent 2,1,0,2096183,6721,22,gdn_chunk_scan,6721,294966621907278,294966622219382,60928,0,216,0,128,512,1,1,512,48,1
KERNEL_DISPATCH,Agent 2,1,0,2096183,6716,21,gdn_chunk_kkt_solve,6716,294966621126176,294966621173665,11776,0,120,0,128,128,1,1,1024,16,1
KERNEL_DISPATCH,Agent 2,1,0,2096183,6711,27,gemm_mq4g256v2_residual_iu4_v2b_set_gfx11,6711,294966608186046,294966615604926,0,0,248,0,128,32,16,1,1024,400,1
KERNEL_DISPATCH,Agent 2,1,0,2096183,6706,24,gemm_mq4g256v2_gate_up_silu_iu4_v2b_gfx11,6706,294966528886520,294966569924260,0,0,248,0,128,32,16,1,1024,2176,1
KERNEL_DISPATCH,Agent 2,1,0,2096183,6701,39,attention_fa2_q_preconvert_gfx11,6701,294966509687119,294966509751600,0,0,16,0,128,128,1,1,393216,1,1
KERNEL_DISPATCH,Agent 2,1,0,2096183,6696,37,kv_cache_write_q8_0_batched,6696,294966503615920,294966503631589,0,0,8,0,128,32,1,1,1024,512,1
KERNEL_DISPATCH,Agent 2,1,0,2096183,6691,37,kv_cache_write_q8_0_batched,6691,294966497938618,294966497954568,0,0,8,0,128,32,1,1,1024,512,1
KERNEL_DISPATCH,Agent 2,1,0,2096183,6686,38,attention_q8_0_fa2_gqa_gfx11,6686,294966488019019,294966492695729,0,0,224,0,128,256,1,1,8192,4,1
KERNEL_DISPATCH,Agent 2,1,0,2096183,6681,39,attention_fa2_q_preconvert_gfx11,6681,294966483528057,294966483606523,0,0,16,0,128,128,1,1,393216,1,1
KERNEL_DISPATCH,Agent 2,1,0,2096183,6676,37,kv_cache_write_q8_0_batched,6676,294966479487657,294966479501202,0,0,8,0,128,32,1,1,1024,512,1
KERNEL_DISPATCH,Agent 2,1,0,2096183,6671,37,kv_cache_write_q8_0_batched,6671,294966475872614,294966475886119,0,0,8,0,128,32,1,1,1024,512,1
KERNEL_DISPATCH,Agent 2,1,0,2096183,6666,38,attention_q8_0_fa2_gqa_gfx11,6666,294966470048797,294966472690941,0,0,224,0,128,256,1,1,8192,4,1
KERNEL_DISPATCH,Agent 2,1,0,2096183,6661,39,attention_fa2_q_preconvert_gfx11,6661,294966467621857,294966467701486,0,0,16,0,128,128,1,1,393216,1,1
KERNEL_DISPATCH,Agent 2,1,0,2096183,6656,37,kv_cache_write_q8_0_batched,6656,294966465676136,294966465688560,0,0,8,0,128,32,1,1,1024,512,1
KERNEL_DISPATCH,Agent 2,1,0,2096183,6651,37,kv_cache_write_q8_0_batched,6651,294966464128641,294966464142347,0,0,8,0,128,32,1,1,1024,512,1
KERNEL_DISPATCH,Agent 2,1,0,2096183,6646,38,attention_q8_0_fa2_gqa_gfx11,6646,294966462377525,294966462986544,0,0,224,0,128,256,1,1,8192,4,1
KERNEL_DISPATCH,Agent 2,1,0,2096183,6641,39,attention_fa2_q_preconvert_gfx11,6641,294966461833026,294966461977857,0,0,16,0,128,128,1,1,393216,1,1
KERNEL_DISPATCH,Agent 2,1,0,2096183,6636,31,deinterleave_q_rmsnorm_f32_batched,6636,294966455642805,294966459201463,0,0,24,0,128,256,1,1,6144,8192,1
KERNEL_DISPATCH,Agent 2,1,0,2096183,6631,26,gemm_mq4g256v2_residual_iu4_v2b_add_gfx11,6631,294966415381357,294966437188357,0,0,248,0,128,32,16,1,1024,320,1
KERNEL_DISPATCH,Agent 2,1,0,2096183,6626,29,gated_norm_mq_rotate_awq_i4_gfx11,6626,294966358713053,294966361130015,1024,0,48,0,128,64,1,1,1536,8192,1
KERNEL_DISPATCH,Agent 2,1,0,2096183,6621,22,gdn_chunk_scan,6621,294966357657799,294966357975153,60928,0,216,0,128,512,1,1,512,48,1
KERNEL_DISPATCH,Agent 2,1,0,2096183,6616,21,gdn_chunk_kkt_solve,6616,294966356874934,294966356922343,11776,0,120,0,128,128,1,1,1024,16,1
KERNEL_DISPATCH,Agent 2,1,0,2096183,6611,22,gdn_chunk_scan,6611,294966355822085,294966356134710,60928,0,216,0,128,512,1,1,512,48,1
KERNEL_DISPATCH,Agent 2,1,0,2096183,6606,21,gdn_chunk_kkt_solve,6606,294966355035773,294966355080778,11776,0,120,0,128,128,1,1,1024,16,1
KERNEL_DISPATCH,Agent 2,1,0,2096183,6601,22,gdn_chunk_scan,6601,294966353978155,294966354290860,60928,0,216,0,128,512,1,1,512,48,1
KERNEL_DISPATCH,Agent 2,1,0,2096183,6596,21,gdn_chunk_kkt_solve,6596,294966353192605,294966353239372,11776,0,120,0,128,128,1,1,1024,16,1
KERNEL_DISPATCH,Agent 2,1,0,2096183,6591,27,gemm_mq4g256v2_residual_iu4_v2b_set_gfx11,6591,294966340104838,294966347475308,0,0,248,0,128,32,16,1,1024,400,1
KERNEL_DISPATCH,Agent 2,1,0,2096183,6586,24,gemm_mq4g256v2_gate_up_silu_iu4_v2b_gfx11,6586,294966261319755,294966301897514,0,0,248,0,128,32,16,1,1024,2176,1
KERNEL_DISPATCH,Agent 2,1,0,2096183,6581,21,gdn_chunk_kkt_solve,6581,294966247585539,294966247634110,11776,0,120,0,128,128,1,1,1024,16,1
KERNEL_DISPATCH,Agent 2,1,0,2096183,6576,22,gdn_chunk_scan,6576,294966246523793,294966246833492,60928,0,216,0,128,512,1,1,512,48,1
KERNEL_DISPATCH,Agent 2,1,0,2096183,6571,21,gdn_chunk_kkt_solve,6571,294966245736319,294966245785571,11776,0,120,0,128,128,1,1,1024,16,1
KERNEL_DISPATCH,Agent 2,1,0,2096183,6566,22,gdn_chunk_scan,6566,294966244675615,294966244990163,60928,0,216,0,128,512,1,1,512,48,1
KERNEL_DISPATCH,Agent 2,1,0,2096183,6561,21,gdn_chunk_kkt_solve,6561,294966243877281,294966243927695,11776,0,120,0,128,128,1,1,1024,16,1
KERNEL_DISPATCH,Agent 2,1,0,2096183,6556,22,gdn_chunk_scan,6556,294966242820945,294966243138499,60928,0,216,0,128,512,1,1,512,48,1
KERNEL_DISPATCH,Agent 2,1,0,2096183,6551,21,gdn_chunk_kkt_solve,6551,294966242009186,294966242060402,11776,0,120,0,128,128,1,1,1024,16,1
KERNEL_DISPATCH,Agent 2,1,0,2096183,6546,23,fused_rmsnorm_mq_rotate_awq_i4,6546,294966216120309,294966217301118,0,0,96,0,128,256,1,1,2097152,1,1
KERNEL_DISPATCH,Agent 2,1,0,2096183,6541,26,gemm_mq4g256v2_residual_iu4_v2b_add_gfx11,6541,294966139961860,294966149600774,0,0,248,0,128,32,16,1,1024,320,1
KERNEL_DISPATCH,Agent 2,1,0,2096183,6536,21,gdn_chunk_kkt_solve,6536,294966136789445,294966136835130,11776,0,120,0,128,128,1,1,1024,16,1
KERNEL_DISPATCH,Agent 2,1,0,2096183,6531,22,gdn_chunk_scan,6531,294966135737036,294966136051183,60928,0,216,0,128,512,1,1,512,48,1
KERNEL_DISPATCH,Agent 2,1,0,2096183,6526,21,gdn_chunk_kkt_solve,6526,294966134955694,294966135002421,11776,0,120,0,128,128,1,1,1024,16,1
KERNEL_DISPATCH,Agent 2,1,0,2096183,6521,22,gdn_chunk_scan,6521,294966133897113,294966134215269,60928,0,216,0,128,512,1,1,512,48,1
KERNEL_DISPATCH,Agent 2,1,0,2096183,6516,21,gdn_chunk_kkt_solve,6516,294966133113728,294966133160736,11776,0,120,0,128,128,1,1,1024,16,1
KERNEL_DISPATCH,Agent 2,1,0,2096183,6863,39,attention_fa2_q_preconvert_gfx11,6863,294966954756183,294966954834409,0,0,16,0,128,128,1,1,393216,1,1
KERNEL_DISPATCH,Agent 2,1,0,2096183,6511,22,gdn_chunk_scan,6511,294966132062240,294966132372100,60928,0,216,0,128,512,1,1,512,48,1
KERNEL_DISPATCH,Agent 2,1,0,2096183,6858,37,kv_cache_write_q8_0_batched,6858,294966953218506,294966953231249,0,0,8,0,128,32,1,1,1024,512,1
KERNEL_DISPATCH,Agent 2,1,0,2096183,6506,28,split_mq4v2_z_betaalpha,6506,294966126356004,294966128391933,0,0,16,0,128,256,1,1,2097152,1,1
KERNEL_DISPATCH,Agent 2,1,0,2096183,6853,37,kv_cache_write_q8_0_batched,6853,294966952070678,294966952084464,0,0,8,0,128,32,1,1,1024,512,1
KERNEL_DISPATCH,Agent 2,1,0,2096183,6501,30,fused_silu_mul_mq_rotate_awq_i4_hin,6501,294966080831590,294966083832845,0,0,80,0,128,32,1,1,2176,8192,1
KERNEL_DISPATCH,Agent 2,1,0,2096183,6848,38,attention_q8_0_fa2_gqa_gfx11,6848,294966951054657,294966951302080,0,0,224,0,128,256,1,1,8192,4,1
KERNEL_DISPATCH,Agent 2,1,0,2096183,6496,38,attention_q8_0_fa2_gqa_gfx11,6496,294966021081881,294966027442462,0,0,224,0,128,256,1,1,8192,4,1
KERNEL_DISPATCH,Agent 2,1,0,2096183,6843,33,rmsnorm_f32,6843,294966948277782,294966948579266,0,0,16,0,128,256,1,1,8388608,1,1
KERNEL_DISPATCH,Agent 2,1,0,2096183,5969,30,fused_silu_mul_mq_rotate_awq_i4_hin,5969,294964837164827,294964840172294,0,0,80,0,128,32,1,1,2176,8192,1
KERNEL_DISPATCH,Agent 2,1,0,2096183,6838,23,fused_rmsnorm_mq_rotate_awq_i4,6838,294966926354805,294966927532488,0,0,96,0,128,256,1,1,2097152,1,1
KERNEL_DISPATCH,Agent 2,1,0,2096183,6922,21,gdn_chunk_kkt_solve,6922,294967110426434,294967110472481,11776,0,120,0,128,128,1,1,1024,16,1
KERNEL_DISPATCH,Agent 2,1,0,2096183,6917,27,gemm_mq4g256v2_residual_iu4_v2b_set_gfx11,6917,294967097321836,294967104730457,0,0,248,0,128,32,16,1,1024,400,1
KERNEL_DISPATCH,Agent 2,1,0,2096183,6833,26,gemm_mq4g256v2_residual_iu4_v2b_add_gfx11,6833,294966849925850,294966859564724,0,0,248,0,128,32,16,1,1024,320,1
KERNEL_DISPATCH,Agent 2,1,0,2096183,6828,21,gdn_chunk_kkt_solve,6828,294966846760287,294966846803167,11776,0,120,0,128,128,1,1,1024,16,1
KERNEL_DISPATCH,Agent 2,1,0,2096183,5964,22,gdn_chunk_scan,5964,294964783361564,294964783672546,60928,0,216,0,128,512,1,1,512,48,1
KERNEL_DISPATCH,Agent 2,1,0,2096183,6912,24,gemm_mq4g256v2_gate_up_silu_iu4_v2b_gfx11,6912,294967018136003,294967059102329,0,0,248,0,128,32,16,1,1024,2176,1
KERNEL_DISPATCH,Agent 2,1,0,2096183,6823,22,gdn_chunk_scan,6823,294966845708279,294966846019982,60928,0,216,0,128,512,1,1,512,48,1
KERNEL_DISPATCH,Agent 2,1,0,2096183,5959,21,gdn_chunk_kkt_solve,5959,294964782580543,294964782627110,11776,0,120,0,128,128,1,1,1024,16,1
KERNEL_DISPATCH,Agent 2,1,0,2096183,6907,39,attention_fa2_q_preconvert_gfx11,6907,294966998723644,294966998789286,0,0,16,0,128,128,1,1,393216,1,1
KERNEL_DISPATCH,Agent 2,1,0,2096183,6818,21,gdn_chunk_kkt_solve,6818,294966844922970,294966844969537,11776,0,120,0,128,128,1,1,1024,16,1
KERNEL_DISPATCH,Agent 2,1,0,2096183,5954,22,gdn_chunk_scan,5954,294964781533263,294964781843884,60928,0,216,0,128,512,1,1,512,48,1
KERNEL_DISPATCH,Agent 2,1,0,2096183,6902,37,kv_cache_write_q8_0_batched,6902,294966992613011,294966992629161,0,0,8,0,128,32,1,1,1024,512,1
KERNEL_DISPATCH,Agent 2,1,0,2096183,6813,22,gdn_chunk_scan,6813,294966843874688,294966844183065,60928,0,216,0,128,512,1,1,512,48,1
KERNEL_DISPATCH,Agent 2,1,0,2096183,6897,37,kv_cache_write_q8_0_batched,6897,294966986926692,294966986944085,0,0,8,0,128,32,1,1,1024,512,1
KERNEL_DISPATCH,Agent 2,1,0,2096183,6808,21,gdn_chunk_kkt_solve,6808,294966843090421,294966843139473,11776,0,120,0,128,128,1,1,1024,16,1
KERNEL_DISPATCH,Agent 2,1,0,2096183,6892,38,attention_q8_0_fa2_gqa_gfx11,6892,294966976994630,294966981673784,0,0,224,0,128,256,1,1,8192,4,1
KERNEL_DISPATCH,Agent 2,1,0,2096183,6803,22,gdn_chunk_scan,6803,294966842044304,294966842355486,60928,0,216,0,128,512,1,1,512,48,1
KERNEL_DISPATCH,Agent 2,1,0,2096183,6798,28,split_mq4v2_z_betaalpha,6798,294966836219847,294966838250285,0,0,16,0,128,256,1,1,2097152,1,1
KERNEL_DISPATCH,Agent 2,1,0,2096183,6887,39,attention_fa2_q_preconvert_gfx11,6887,294966972546588,294966972625295,0,0,16,0,128,128,1,1,393216,1,1
KERNEL_DISPATCH,Agent 2,1,0,2096183,6793,30,fused_silu_mul_mq_rotate_awq_i4_hin,6793,294966790980326,294966793991399,0,0,80,0,128,32,1,1,2176,8192,1
KERNEL_DISPATCH,Agent 2,1,0,2096183,7092,37,kv_cache_write_q8_0_batched,7092,294967462473699,294967462487685,0,0,8,0,128,32,1,1,1024,512,1
KERNEL_DISPATCH,Agent 2,1,0,2096183,7183,21,gdn_chunk_kkt_solve,7183,294967713336130,294967713388949,11776,0,120,0,128,128,1,1,1024,16,1
KERNEL_DISPATCH,Agent 2,1,0,2096183,6796,27,gemm_mq4g256v2_residual_iu4_v2b_set_gfx11,6796,294966816881185,294966828840841,0,0,248,0,128,32,16,1,1024,640,1
KERNEL_DISPATCH,Agent 2,1,0,2096183,6882,37,kv_cache_write_q8_0_batched,6882,294966968508713,294966968521817,0,0,8,0,128,32,1,1,1024,512,1
KERNEL_DISPATCH,Agent 2,1,0,2096183,6877,37,kv_cache_write_q8_0_batched,6877,294966964919638,294966964933023,0,0,8,0,128,32,1,1,1024,512,1
KERNEL_DISPATCH,Agent 2,1,0,2096183,6788,22,gdn_chunk_scan,6788,294966736865159,294966737176621,60928,0,216,0,128,512,1,1,512,48,1
KERNEL_DISPATCH,Agent 2,1,0,2096183,6783,21,gdn_chunk_kkt_solve,6783,294966736086101,294966736131666,11776,0,120,0,128,128,1,1,1024,16,1
KERNEL_DISPATCH,Agent 2,1,0,2096183,6872,38,attention_q8_0_fa2_gqa_gfx11,6872,294966959115899,294966961742133,0,0,224,0,128,256,1,1,8192,4,1
KERNEL_DISPATCH,Agent 2,1,0,2096183,6778,22,gdn_chunk_scan,6778,294966735032369,294966735346076,60928,0,216,0,128,512,1,1,512,48,1
KERNEL_DISPATCH,Agent 2,1,0,2096183,6867,39,attention_fa2_q_preconvert_gfx11,6867,294966956689279,294966956768668,0,0,16,0,128,128,1,1,393216,1,1
KERNEL_DISPATCH,Agent 2,1,0,2096183,6862,37,kv_cache_write_q8_0_batched,6862,294966954741395,294966954754339,0,0,8,0,128,32,1,1,1024,512,1
KERNEL_DISPATCH,Agent 2,1,0,2096183,6773,21,gdn_chunk_kkt_solve,6773,294966734252430,294966734299558,11776,0,120,0,128,128,1,1,1024,16,1
KERNEL_DISPATCH,Agent 2,1,0,2096183,6768,22,gdn_chunk_scan,6768,294966733194090,294966733504832,60928,0,216,0,128,512,1,1,512,48,1
KERNEL_DISPATCH,Agent 2,1,0,2096183,6763,21,gdn_chunk_kkt_solve,6763,294966732411065,294966732459315,11776,0,120,0,128,128,1,1,1024,16,1
KERNEL_DISPATCH,Agent 2,1,0,2096183,6758,22,gdn_chunk_scan,6758,294966731327959,294966731656493,60928,0,216,0,128,512,1,1,512,48,1
KERNEL_DISPATCH,Agent 2,1,0,2096183,6753,27,gemm_mq4g256v2_residual_iu4_v2b_set_gfx11,6753,294966706658483,294966718713397,0,0,248,0,128,32,16,1,1024,640,1
KERNEL_DISPATCH,Agent 2,1,0,2096183,6748,23,fused_rmsnorm_mq_rotate_awq_i4,6748,294966638726305,294966639886155,0,0,96,0,128,256,1,1,2097152,1,1
KERNEL_DISPATCH,Agent 2,1,0,2096183,6743,22,gdn_chunk_scan,6743,294966625963186,294966626276212,60928,0,216,0,128,512,1,1,512,48,1
KERNEL_DISPATCH,Agent 2,1,0,2096183,6738,21,gdn_chunk_kkt_solve,6738,294966625177797,294966625222240,11776,0,120,0,128,128,1,1,1024,16,1
KERNEL_DISPATCH,Agent 2,1,0,2096183,6733,22,gdn_chunk_scan,6733,294966624114888,294966624431120,60928,0,216,0,128,512,1,1,512,48,1
KERNEL_DISPATCH,Agent 2,1,0,2096183,6728,21,gdn_chunk_kkt_solve,6728,294966623335189,294966623380234,11776,0,120,0,128,128,1,1,1024,16,1
KERNEL_DISPATCH,Agent 2,1,0,2096183,6723,22,gdn_chunk_scan,6723,294966622274405,294966622589033,60928,0,216,0,128,512,1,1,512,48,1
KERNEL_DISPATCH,Agent 2,1,0,2096183,6718,21,gdn_chunk_kkt_solve,6718,294966621495026,294966621540712,11776,0,120,0,128,128,1,1,1024,16,1
KERNEL_DISPATCH,Agent 2,1,0,2096183,6713,20,gdn_chunk_prep,6713,294966617656645,294966620720137,0,0,72,0,128,256,1,1,32768,10,1
KERNEL_DISPATCH,Agent 2,1,0,2096183,6708,26,gemm_mq4g256v2_residual_iu4_v2b_add_gfx11,6708,294966572959098,294966594921188,0,0,248,0,128,32,16,1,1024,320,1
KERNEL_DISPATCH,Agent 2,1,0,2096183,6703,40,sigmoid_mul_rotate_x_mq_awq_i4_gfx11,6703,294966516184395,294966518128793,0,0,88,0,128,32,1,1,6291456,1,1
KERNEL_DISPATCH,Agent 2,1,0,2096183,6698,38,attention_q8_0_fa2_gqa_gfx11,6698,294966503708533,294966509638268,0,0,224,0,128,256,1,1,8192,4,1
KERNEL_DISPATCH,Agent 2,1,0,2096183,6693,39,attention_fa2_q_preconvert_gfx11,6693,294966497973724,294966498046861,0,0,16,0,128,128,1,1,393216,1,1
KERNEL_DISPATCH,Agent 2,1,0,2096183,6688,37,kv_cache_write_q8_0_batched,6688,294966492723060,294966492737727,0,0,8,0,128,32,1,1,1024,512,1
KERNEL_DISPATCH,Agent 2,1,0,2096183,6683,37,kv_cache_write_q8_0_batched,6683,294966487903723,294966487917188,0,0,8,0,128,32,1,1,1024,512,1
KERNEL_DISPATCH,Agent 2,1,0,2096183,6678,38,attention_q8_0_fa2_gqa_gfx11,6678,294966479589488,294966483485417,0,0,224,0,128,256,1,1,8192,4,1
KERNEL_DISPATCH,Agent 2,1,0,2096183,6673,39,attention_fa2_q_preconvert_gfx11,6673,294966475903271,294966475982579,0,0,16,0,128,128,1,1,393216,1,1
KERNEL_DISPATCH,Agent 2,1,0,2096183,6668,37,kv_cache_write_q8_0_batched,6668,294966472717430,294966472729974,0,0,8,0,128,32,1,1,1024,512,1
KERNEL_DISPATCH,Agent 2,1,0,2096183,6663,37,kv_cache_write_q8_0_batched,6663,294966469933181,294966469946606,0,0,8,0,128,32,1,1,1024,512,1
KERNEL_DISPATCH,Agent 2,1,0,2096183,6658,38,attention_q8_0_fa2_gqa_gfx11,6658,294966465775803,294966467580820,0,0,224,0,128,256,1,1,8192,4,1
KERNEL_DISPATCH,Agent 2,1,0,2096183,6653,39,attention_fa2_q_preconvert_gfx11,6653,294966464158657,294966464239849,0,0,16,0,128,128,1,1,393216,1,1
KERNEL_DISPATCH,Agent 2,1,0,2096183,6648,37,kv_cache_write_q8_0_batched,6648,294966463012874,294966463025337,0,0,8,0,128,32,1,1,1024,512,1
KERNEL_DISPATCH,Agent 2,1,0,2096183,6643,37,kv_cache_write_q8_0_batched,6643,294966462233656,294966462258182,0,0,8,0,128,32,1,1,1024,512,1
KERNEL_DISPATCH,Agent 2,1,0,2096183,6638,34,rope_partial_halfsplit_batched_f32,6638,294966459515330,294966461773475,0,0,24,0,128,256,1,1,256,8192,1
KERNEL_DISPATCH,Agent 2,1,0,2096183,6633,27,gemm_mq4g256v2_residual_iu4_v2b_set_gfx11,6633,294966438377422,294966452745744,0,0,248,0,128,32,16,1,1024,768,1
KERNEL_DISPATCH,Agent 2,1,0,2096183,6628,23,fused_rmsnorm_mq_rotate_awq_i4,6628,294966370548677,294966371719147,0,0,96,0,128,256,1,1,2097152,1,1
KERNEL_DISPATCH,Agent 2,1,0,2096183,6623,22,gdn_chunk_scan,6623,294966358027972,294966358340957,60928,0,216,0,128,512,1,1,512,48,1
KERNEL_DISPATCH,Agent 2,1,0,2096183,6618,21,gdn_chunk_kkt_solve,6618,294966357241059,294966357288709,11776,0,120,0,128,128,1,1,1024,16,1
KERNEL_DISPATCH,Agent 2,1,0,2096183,6857,37,kv_cache_write_q8_0_batched,6857,294966953202716,294966953216542,0,0,8,0,128,32,1,1,1024,512,1
KERNEL_DISPATCH,Agent 2,1,0,2096183,6613,22,gdn_chunk_scan,6613,294966356188089,294966356501716,60928,0,216,0,128,512,1,1,512,48,1
KERNEL_DISPATCH,Agent 2,1,0,2096183,6608,21,gdn_chunk_kkt_solve,6608,294966355407068,294966355452633,11776,0,120,0,128,128,1,1,1024,16,1
KERNEL_DISPATCH,Agent 2,1,0,2096183,6603,22,gdn_chunk_scan,6603,294966354349850,294966354660632,60928,0,216,0,128,512,1,1,512,48,1
KERNEL_DISPATCH,Agent 2,1,0,2096183,6852,38,attention_q8_0_fa2_gqa_gfx11,6852,294966951446230,294966952059898,0,0,224,0,128,256,1,1,8192,4,1
KERNEL_DISPATCH,Agent 2,1,0,2096183,6598,21,gdn_chunk_kkt_solve,6598,294966353559411,294966353605978,11776,0,120,0,128,128,1,1,1024,16,1
KERNEL_DISPATCH,Agent 2,1,0,2096183,6847,39,attention_fa2_q_preconvert_gfx11,6847,294966950903855,294966951048165,0,0,16,0,128,128,1,1,393216,1,1
KERNEL_DISPATCH,Agent 2,1,0,2096183,6842,31,deinterleave_q_rmsnorm_f32_batched,6842,294966944705458,294966948266801,0,0,24,0,128,256,1,1,6144,8192,1
KERNEL_DISPATCH,Agent 2,1,0,2096183,6593,20,gdn_chunk_prep,6593,294966349528991,294966352788569,0,0,72,0,128,256,1,1,32768,10,1
KERNEL_DISPATCH,Agent 2,1,0,2096183,6837,26,gemm_mq4g256v2_residual_iu4_v2b_add_gfx11,6837,294966904495587,294966926343744,0,0,248,0,128,32,16,1,1024,320,1
KERNEL_DISPATCH,Agent 2,1,0,2096183,6832,29,gated_norm_mq_rotate_awq_i4_gfx11,6832,294966847487889,294966849914789,1024,0,48,0,128,64,1,1,1536,8192,1
KERNEL_DISPATCH,Agent 2,1,0,2096183,6827,22,gdn_chunk_scan,6827,294966846440048,294966846753835,60928,0,216,0,128,512,1,1,512,48,1
KERNEL_DISPATCH,Agent 2,1,0,2096183,6822,21,gdn_chunk_kkt_solve,6822,294966845658907,294966845706355,11776,0,120,0,128,128,1,1,1024,16,1
KERNEL_DISPATCH,Agent 2,1,0,2096183,6588,26,gemm_mq4g256v2_residual_iu4_v2b_add_gfx11,6588,294966304923255,294966326937443,0,0,248,0,128,32,16,1,1024,320,1
KERNEL_DISPATCH,Agent 2,1,0,2096183,6817,22,gdn_chunk_scan,6817,294966844599324,294966844916518,60928,0,216,0,128,512,1,1,512,48,1
KERNEL_DISPATCH,Agent 2,1,0,2096183,6583,29,gated_norm_mq_rotate_awq_i4_gfx11,6583,294966247951384,294966250395156,1024,0,48,0,128,64,1,1,1536,8192,1
KERNEL_DISPATCH,Agent 2,1,0,2096183,6578,22,gdn_chunk_scan,6578,294966246891440,294966247209596,60928,0,216,0,128,512,1,1,512,48,1
KERNEL_DISPATCH,Agent 2,1,0,2096183,6812,21,gdn_chunk_kkt_solve,6812,294966843825637,294966843872845,11776,0,120,0,128,128,1,1,1024,16,1
KERNEL_DISPATCH,Agent 2,1,0,2096183,6807,22,gdn_chunk_scan,6807,294966842772707,294966843083969,60928,0,216,0,128,512,1,1,512,48,1
KERNEL_DISPATCH,Agent 2,1,0,2096183,6573,21,gdn_chunk_kkt_solve,6573,294966246106011,294966246152658,11776,0,120,0,128,128,1,1,1024,16,1
KERNEL_DISPATCH,Agent 2,1,0,2096183,6802,21,gdn_chunk_kkt_solve,6802,294966841995533,294966842042340,11776,0,120,0,128,128,1,1,1024,16,1
KERNEL_DISPATCH,Agent 2,1,0,2096183,6568,22,gdn_chunk_scan,6568,294966245044946,294966245359254,60928,0,216,0,128,512,1,1,512,48,1
KERNEL_DISPATCH,Agent 2,1,0,2096183,6797,27,gemm_mq4g256v2_residual_iu4_v2b_set_gfx11,6797,294966828851942,294966836208786,0,0,248,0,128,32,16,1,1024,400,1
KERNEL_DISPATCH,Agent 2,1,0,2096183,6563,21,gdn_chunk_kkt_solve,6563,294966244249898,294966244302957,11776,0,120,0,128,128,1,1,1024,16,1
KERNEL_DISPATCH,Agent 2,1,0,2096183,6558,22,gdn_chunk_scan,6558,294966243193762,294966243504343,60928,0,216,0,128,512,1,1,512,48,1
KERNEL_DISPATCH,Agent 2,1,0,2096183,6553,21,gdn_chunk_kkt_solve,6553,294966242397993,294966242448127,11776,0,120,0,128,128,1,1,1024,16,1
KERNEL_DISPATCH,Agent 2,1,0,2096183,6792,24,gemm_mq4g256v2_gate_up_silu_iu4_v2b_gfx11,6792,294966750244310,294966790969305,0,0,248,0,128,32,16,1,1024,2176,1
KERNEL_DISPATCH,Agent 2,1,0,2096183,6548,27,gemm_mq4g256v2_residual_iu4_v2b_set_gfx11,6548,294966229287905,294966236666831,0,0,248,0,128,32,16,1,1024,400,1
KERNEL_DISPATCH,Agent 2,1,0,2096183,6787,21,gdn_chunk_kkt_solve,6787,294966736816427,294966736863235,11776,0,120,0,128,128,1,1,1024,16,1
KERNEL_DISPATCH,Agent 2,1,0,2096183,6543,24,gemm_mq4g256v2_gate_up_silu_iu4_v2b_gfx11,6543,294966150782505,294966191345517,0,0,248,0,128,32,16,1,1024,2176,1
KERNEL_DISPATCH,Agent 2,1,0,2096183,6538,21,gdn_chunk_kkt_solve,6538,294966137162022,294966137205984,11776,0,120,0,128,128,1,1,1024,16,1
KERNEL_DISPATCH,Agent 2,1,0,2096183,6782,22,gdn_chunk_scan,6782,294966735768387,294966736079649,60928,0,216,0,128,512,1,1,512,48,1
KERNEL_DISPATCH,Agent 2,1,0,2096183,6533,22,gdn_chunk_scan,6533,294966136104964,294966136413782,60928,0,216,0,128,512,1,1,512,48,1
KERNEL_DISPATCH,Agent 2,1,0,2096183,6528,21,gdn_chunk_kkt_solve,6528,294966135320657,294966135367344,11776,0,120,0,128,128,1,1,1024,16,1
KERNEL_DISPATCH,Agent 2,1,0,2096183,6523,22,gdn_chunk_scan,6523,294966134270933,294966134581113,60928,0,216,0,128,512,1,1,512,48,1
KERNEL_DISPATCH,Agent 2,1,0,2096183,6518,21,gdn_chunk_kkt_solve,6518,294966133480213,294966133528223,11776,0,120,0,128,128,1,1,1024,16,1
KERNEL_DISPATCH,Agent 2,1,0,2096183,6513,22,gdn_chunk_scan,6513,294966132426321,294966132742032,60928,0,216,0,128,512,1,1,512,48,1
KERNEL_DISPATCH,Agent 2,1,0,2096183,6777,21,gdn_chunk_kkt_solve,6777,294966734984560,294966735030486,11776,0,120,0,128,128,1,1,1024,16,1
KERNEL_DISPATCH,Agent 2,1,0,2096183,6508,21,gdn_chunk_kkt_solve,6508,294966131621616,294966131673152,11776,0,120,0,128,128,1,1,1024,16,1
KERNEL_DISPATCH,Agent 2,1,0,2096183,6503,23,fused_rmsnorm_mq_rotate_awq_i4,6503,294966105758748,294966106953824,0,0,96,0,128,256,1,1,2097152,1,1
KERNEL_DISPATCH,Agent 2,1,0,2096183,6772,22,gdn_chunk_scan,6772,294966733934716,294966734245938,60928,0,216,0,128,512,1,1,512,48,1
KERNEL_DISPATCH,Agent 2,1,0,2096183,6498,26,gemm_mq4g256v2_residual_iu4_v2b_add_gfx11,6498,294966029386859,294966038893446,0,0,248,0,128,32,16,1,1024,320,1
KERNEL_DISPATCH,Agent 2,1,0,2096183,6767,21,gdn_chunk_kkt_solve,6767,294966733147403,294966733192207,11776,0,120,0,128,128,1,1,1024,16,1
KERNEL_DISPATCH,Agent 2,1,0,2096183,6493,37,kv_cache_write_q8_0_batched,6493,294966020969671,294966020986984,0,0,8,0,128,32,1,1,1024,512,1
KERNEL_DISPATCH,Agent 2,1,0,2096183,6762,22,gdn_chunk_scan,6762,294966732090265,294966732404573,60928,0,216,0,128,512,1,1,512,48,1
KERNEL_DISPATCH,Agent 2,1,0,2096183,6757,21,gdn_chunk_kkt_solve,6757,294966731274899,294966731326035,11776,0,120,0,128,128,1,1,1024,16,1
KERNEL_DISPATCH,Agent 2,1,0,2096183,6488,38,attention_q8_0_fa2_gqa_gfx11,6488,294966009380549,294966014896949,0,0,224,0,128,256,1,1,8192,4,1
KERNEL_DISPATCH,Agent 2,1,0,2096183,6752,23,fused_rmsnorm_mq_rotate_awq_i4,6752,294966705476271,294966706647423,0,0,96,0,128,256,1,1,2097152,1,1
KERNEL_DISPATCH,Agent 2,1,0,2096183,6483,39,attention_fa2_q_preconvert_gfx11,6483,294966004094218,294966004170280,0,0,16,0,128,128,1,1,393216,1,1
KERNEL_DISPATCH,Agent 2,1,0,2096183,6747,26,gemm_mq4g256v2_residual_iu4_v2b_add_gfx11,6747,294966629086710,294966638715285,0,0,248,0,128,32,16,1,1024,320,1
KERNEL_DISPATCH,Agent 2,1,0,2096183,6478,37,kv_cache_write_q8_0_batched,6478,294965999280692,294965999296442,0,0,8,0,128,32,1,1,1024,512,1
KERNEL_DISPATCH,Agent 2,1,0,2096183,6742,21,gdn_chunk_kkt_solve,6742,294966625914134,294966625961303,11776,0,120,0,128,128,1,1,1024,16,1
KERNEL_DISPATCH,Agent 2,1,0,2096183,6737,22,gdn_chunk_scan,6737,294966624857878,294966625171345,60928,0,216,0,128,512,1,1,512,48,1
KERNEL_DISPATCH,Agent 2,1,0,2096183,6473,37,kv_cache_write_q8_0_batched,6473,294965994899175,294965994912920,0,0,8,0,128,32,1,1,1024,512,1
KERNEL_DISPATCH,Agent 2,1,0,2096183,6468,38,attention_q8_0_fa2_gqa_gfx11,6468,294965987399263,294965990876128,0,0,224,0,128,256,1,1,8192,4,1
KERNEL_DISPATCH,Agent 2,1,0,2096183,6463,39,attention_fa2_q_preconvert_gfx11,6463,294965984152949,294965984232137,0,0,16,0,128,128,1,1,393216,1,1
KERNEL_DISPATCH,Agent 2,1,0,2096183,6732,21,gdn_chunk_kkt_solve,6732,294966624064313,294966624112924,11776,0,120,0,128,128,1,1,1024,16,1
KERNEL_DISPATCH,Agent 2,1,0,2096183,6727,22,gdn_chunk_scan,6727,294966623014950,294966623328697,60928,0,216,0,128,512,1,1,512,48,1
KERNEL_DISPATCH,Agent 2,1,0,2096183,6458,37,kv_cache_write_q8_0_batched,6458,294965981387936,294965981400679,0,0,8,0,128,32,1,1,1024,512,1
KERNEL_DISPATCH,Agent 2,1,0,2096183,6453,37,kv_cache_write_q8_0_batched,6453,294965979059499,294965979073445,0,0,8,0,128,32,1,1,1024,512,1
KERNEL_DISPATCH,Agent 2,1,0,2096183,6722,21,gdn_chunk_kkt_solve,6722,294966622225874,294966622272521,11776,0,120,0,128,128,1,1,1024,16,1
KERNEL_DISPATCH,Agent 2,1,0,2096183,6717,22,gdn_chunk_scan,6717,294966621175789,294966621488574,60928,0,216,0,128,512,1,1,512,48,1
KERNEL_DISPATCH,Agent 2,1,0,2096183,6448,38,attention_q8_0_fa2_gqa_gfx11,6448,294965975722095,294965977113579,0,0,224,0,128,256,1,1,8192,4,1
KERNEL_DISPATCH,Agent 2,1,0,2096183,6712,28,split_mq4v2_z_betaalpha,6712,294966615616067,294966617645664,0,0,16,0,128,256,1,1,2097152,1,1
KERNEL_DISPATCH,Agent 2,1,0,2096183,6443,39,attention_fa2_q_preconvert_gfx11,6443,294965974490030,294965974568657,0,0,16,0,128,128,1,1,393216,1,1
KERNEL_DISPATCH,Agent 2,1,0,2096183,6438,37,kv_cache_write_q8_0_batched,6438,294965973717144,294965973734416,0,0,8,0,128,32,1,1,1024,512,1
KERNEL_DISPATCH,Agent 2,1,0,2096183,6433,37,kv_cache_write_q8_0_batched,6433,294965973252074,294965973273514,0,0,8,0,128,32,1,1,1024,512,1
KERNEL_DISPATCH,Agent 2,1,0,2096183,6428,27,gemm_mq4g256v2_residual_iu4_v2b_set_gfx11,6428,294965964266703,294965965652535,0,0,248,0,128,32,16,1,1024,64,1
KERNEL_DISPATCH,Agent 2,1,0,2096183,6707,30,fused_silu_mul_mq_rotate_awq_i4_hin,6707,294966569935401,294966572948077,0,0,80,0,128,32,1,1,2176,8192,1
KERNEL_DISPATCH,Agent 2,1,0,2096183,6423,24,gemm_mq4g256v2_gate_up_silu_iu4_v2b_gfx11,6423,294965883301260,294965923823275,0,0,248,0,128,32,16,1,1024,2176,1
KERNEL_DISPATCH,Agent 2,1,0,2096183,6702,38,attention_q8_0_fa2_gqa_gfx11,6702,294966509760376,294966516173054,0,0,224,0,128,256,1,1,8192,4,1
KERNEL_DISPATCH,Agent 2,1,0,2096183,6697,39,attention_fa2_q_preconvert_gfx11,6697,294966503633633,294966503702081,0,0,16,0,128,128,1,1,393216,1,1
KERNEL_DISPATCH,Agent 2,1,0,2096183,6418,21,gdn_chunk_kkt_solve,6418,294965869682740,294965869727584,11776,0,120,0,128,128,1,1,1024,16,1
KERNEL_DISPATCH,Agent 2,1,0,2096183,6413,22,gdn_chunk_scan,6413,294965868628849,294965868940191,60928,0,216,0,128,512,1,1,512,48,1
KERNEL_DISPATCH,Agent 2,1,0,2096183,6692,37,kv_cache_write_q8_0_batched,6692,294966497956532,294966497971800,0,0,8,0,128,32,1,1,1024,512,1
KERNEL_DISPATCH,Agent 2,1,0,2096183,6408,21,gdn_chunk_kkt_solve,6408,294965867848228,294965867895757,11776,0,120,0,128,128,1,1,1024,16,1
KERNEL_DISPATCH,Agent 2,1,0,2096183,6687,37,kv_cache_write_q8_0_batched,6687,294966492706910,294966492721096,0,0,8,0,128,32,1,1,1024,512,1
KERNEL_DISPATCH,Agent 2,1,0,2096183,6403,22,gdn_chunk_scan,6403,294965866793815,294965867106280,60928,0,216,0,128,512,1,1,512,48,1
KERNEL_DISPATCH,Agent 2,1,0,2096183,6682,38,attention_q8_0_fa2_gqa_gfx11,6682,294966483613056,294966487892743,0,0,224,0,128,256,1,1,8192,4,1
KERNEL_DISPATCH,Agent 2,1,0,2096183,6398,21,gdn_chunk_kkt_solve,6398,294965866007384,294965866051507,11776,0,120,0,128,128,1,1,1024,16,1
KERNEL_DISPATCH,Agent 2,1,0,2096183,6393,22,gdn_chunk_scan,6393,294965864944475,294965865264875,60928,0,216,0,128,512,1,1,512,48,1
KERNEL_DISPATCH,Agent 2,1,0,2096183,6677,39,attention_fa2_q_preconvert_gfx11,6677,294966479503166,294966479583036,0,0,16,0,128,128,1,1,393216,1,1
KERNEL_DISPATCH,Agent 2,1,0,2096183,6672,37,kv_cache_write_q8_0_batched,6672,294966475888083,294966475901387,0,0,8,0,128,32,1,1,1024,512,1
KERNEL_DISPATCH,Agent 2,1,0,2096183,6388,21,gdn_chunk_kkt_solve,6388,294965864140211,294965864192068,11776,0,120,0,128,128,1,1,1024,16,1
KERNEL_DISPATCH,Agent 2,1,0,2096183,6383,23,fused_rmsnorm_mq_rotate_awq_i4,6383,294965838335732,294965839503436,0,0,96,0,128,256,1,1,2097152,1,1
KERNEL_DISPATCH,Agent 2,1,0,2096183,6667,37,kv_cache_write_q8_0_batched,6667,294966472701801,294966472715467,0,0,8,0,128,32,1,1,1024,512,1
KERNEL_DISPATCH,Agent 2,1,0,2096183,6378,26,gemm_mq4g256v2_residual_iu4_v2b_add_gfx11,6378,294965762084990,294965771757527,0,0,248,0,128,32,16,1,1024,320,1
KERNEL_DISPATCH,Agent 2,1,0,2096183,6662,38,attention_q8_0_fa2_gqa_gfx11,6662,294966467707858,294966469922481,0,0,224,0,128,256,1,1,8192,4,1
KERNEL_DISPATCH,Agent 2,1,0,2096183,6373,21,gdn_chunk_kkt_solve,6373,294965758893980,294965758939505,11776,0,120,0,128,128,1,1,1024,16,1
KERNEL_DISPATCH,Agent 2,1,0,2096183,6368,22,gdn_chunk_scan,6368,294965757837082,294965758147944,60928,0,216,0,128,512,1,1,512,48,1
KERNEL_DISPATCH,Agent 2,1,0,2096183,6363,21,gdn_chunk_kkt_solve,6363,294965757039991,294965757088161,11776,0,120,0,128,128,1,1,1024,16,1
KERNEL_DISPATCH,Agent 2,1,0,2096183,6358,22,gdn_chunk_scan,6358,294965755984336,294965756297843,60928,0,216,0,128,512,1,1,512,48,1
KERNEL_DISPATCH,Agent 2,1,0,2096183,6353,21,gdn_chunk_kkt_solve,6353,294965755188487,294965755238020,11776,0,120,0,128,128,1,1,1024,16,1
KERNEL_DISPATCH,Agent 2,1,0,2096183,6348,22,gdn_chunk_scan,6348,294965754133032,294965754444655,60928,0,216,0,128,512,1,1,512,48,1
KERNEL_DISPATCH,Agent 2,1,0,2096183,6343,28,split_mq4v2_z_betaalpha,6343,294965748303285,294965750339254,0,0,16,0,128,256,1,1,2097152,1,1
KERNEL_DISPATCH,Agent 2,1,0,2096183,6338,30,fused_silu_mul_mq_rotate_awq_i4_hin,6338,294965703076828,294965706078004,0,0,80,0,128,32,1,1,2176,8192,1
KERNEL_DISPATCH,Agent 2,1,0,2096183,6333,22,gdn_chunk_scan,6333,294965648797635,294965649109739,60928,0,216,0,128,512,1,1,512,48,1
KERNEL_DISPATCH,Agent 2,1,0,2096183,6328,21,gdn_chunk_kkt_solve,6328,294965648010602,294965648057810,11776,0,120,0,128,128,1,1,1024,16,1
KERNEL_DISPATCH,Agent 2,1,0,2096183,6323,22,gdn_chunk_scan,6323,294965646952623,294965647264887,60928,0,216,0,128,512,1,1,512,48,1
KERNEL_DISPATCH,Agent 2,1,0,2096183,6318,21,gdn_chunk_kkt_solve,6318,294965646171000,294965646216566,11776,0,120,0,128,128,1,1,1024,16,1
KERNEL_DISPATCH,Agent 2,1,0,2096183,6313,22,gdn_chunk_scan,6313,294965645121316,294965645432378,60928,0,216,0,128,512,1,1,512,48,1
KERNEL_DISPATCH,Agent 2,1,0,2096183,6308,21,gdn_chunk_kkt_solve,6308,294965644333923,294965644379689,11776,0,120,0,128,128,1,1,1024,16,1
KERNEL_DISPATCH,Agent 2,1,0,2096183,6303,22,gdn_chunk_scan,6303,294965643263240,294965643590773,60928,0,216,0,128,512,1,1,512,48,1
KERNEL_DISPATCH,Agent 2,1,0,2096183,6298,27,gemm_mq4g256v2_residual_iu4_v2b_set_gfx11,6298,294965618616447,294965630602352,0,0,248,0,128,32,16,1,1024,640,1
KERNEL_DISPATCH,Agent 2,1,0,2096183,6293,23,fused_rmsnorm_mq_rotate_awq_i4,6293,294965550419854,294965551605753,0,0,96,0,128,256,1,1,2097152,1,1
KERNEL_DISPATCH,Agent 2,1,0,2096183,6288,37,kv_cache_write_q8_0_batched,6288,294965532356619,294965532373170,0,0,8,0,128,32,1,1,1024,512,1
KERNEL_DISPATCH,Agent 2,1,0,2096183,6283,37,kv_cache_write_q8_0_batched,6283,294965526290469,294965526310667,0,0,8,0,128,32,1,1,1024,512,1
KERNEL_DISPATCH,Agent 2,1,0,2096183,6278,38,attention_q8_0_fa2_gqa_gfx11,6278,294965515557268,294965520642783,0,0,224,0,128,256,1,1,8192,4,1
KERNEL_DISPATCH,Agent 2,1,0,2096183,6273,39,attention_fa2_q_preconvert_gfx11,6273,294965510672850,294965510750595,0,0,16,0,128,128,1,1,393216,1,1
KERNEL_DISPATCH,Agent 2,1,0,2096183,6268,37,kv_cache_write_q8_0_batched,6268,294965506281954,294965506297544,0,0,8,0,128,32,1,1,1024,512,1
KERNEL_DISPATCH,Agent 2,1,0,2096183,6486,37,kv_cache_write_q8_0_batched,6486,294966009283527,294966009299517,0,0,8,0,128,32,1,1,1024,512,1
KERNEL_DISPATCH,Agent 2,1,0,2096183,6263,37,kv_cache_write_q8_0_batched,6263,294965502245522,294965502259669,0,0,8,0,128,32,1,1,1024,512,1
KERNEL_DISPATCH,Agent 2,1,0,2096183,6481,37,kv_cache_write_q8_0_batched,6481,294966004060355,294966004074822,0,0,8,0,128,32,1,1,1024,512,1
KERNEL_DISPATCH,Agent 2,1,0,2096183,6258,38,attention_q8_0_fa2_gqa_gfx11,6258,294965495605740,294965498652760,0,0,224,0,128,256,1,1,8192,4,1
KERNEL_DISPATCH,Agent 2,1,0,2096183,6476,38,attention_q8_0_fa2_gqa_gfx11,6476,294965995014711,294965999254002,0,0,224,0,128,256,1,1,8192,4,1
KERNEL_DISPATCH,Agent 2,1,0,2096183,6253,39,attention_fa2_q_preconvert_gfx11,6253,294965492756008,294965492836238,0,0,16,0,128,128,1,1,393216,1,1
KERNEL_DISPATCH,Agent 2,1,0,2096183,6471,39,attention_fa2_q_preconvert_gfx11,6471,294965990919008,294965990995591,0,0,16,0,128,128,1,1,393216,1,1
KERNEL_DISPATCH,Agent 2,1,0,2096183,6248,37,kv_cache_write_q8_0_batched,6248,294965490391063,294965490403446,0,0,8,0,128,32,1,1,1024,512,1
KERNEL_DISPATCH,Agent 2,1,0,2096183,6243,37,kv_cache_write_q8_0_batched,6243,294965488453398,294965488466863,0,0,8,0,128,32,1,1,1024,512,1
KERNEL_DISPATCH,Agent 2,1,0,2096183,6466,37,kv_cache_write_q8_0_batched,6466,294965987297953,294965987311298,0,0,8,0,128,32,1,1,1024,512,1
KERNEL_DISPATCH,Agent 2,1,0,2096183,6238,38,attention_q8_0_fa2_gqa_gfx11,6238,294965485908276,294965486902817,0,0,224,0,128,256,1,1,8192,4,1
KERNEL_DISPATCH,Agent 2,1,0,2096183,6461,37,kv_cache_write_q8_0_batched,6461,294965984123133,294965984136358,0,0,8,0,128,32,1,1,1024,512,1
KERNEL_DISPATCH,Agent 2,1,0,2096183,6233,39,attention_fa2_q_preconvert_gfx11,6233,294965485072833,294965485163403,0,0,16,0,128,128,1,1,393216,1,1
KERNEL_DISPATCH,Agent 2,1,0,2096183,6456,38,attention_q8_0_fa2_gqa_gfx11,6456,294965979175877,294965981361727,0,0,224,0,128,256,1,1,8192,4,1
KERNEL_DISPATCH,Agent 2,1,0,2096183,5944,22,gdn_chunk_scan,5944,294964779699592,294964780013380,60928,0,216,0,128,512,1,1,512,48,1
KERNEL_DISPATCH,Agent 2,1,0,2096183,6228,37,kv_cache_write_q8_0_batched,6228,294965484598546,294965484621469,0,0,8,0,128,32,1,1,1024,512,1
KERNEL_DISPATCH,Agent 2,1,0,2096183,6451,39,attention_fa2_q_preconvert_gfx11,6451,294965977153934,294965977232200,0,0,16,0,128,128,1,1,393216,1,1
KERNEL_DISPATCH,Agent 2,1,0,2096183,5939,21,gdn_chunk_kkt_solve,5939,294964778906549,294964778954318,11776,0,120,0,128,128,1,1,1024,16,1
KERNEL_DISPATCH,Agent 2,1,0,2096183,6223,27,gemm_mq4g256v2_residual_iu4_v2b_set_gfx11,6223,294965476967148,294965478405960,0,0,248,0,128,32,16,1,1024,64,1
KERNEL_DISPATCH,Agent 2,1,0,2096183,5934,22,gdn_chunk_scan,5934,294964777833742,294964778163599,60928,0,216,0,128,512,1,1,512,48,1
KERNEL_DISPATCH,Agent 2,1,0,2096183,6218,30,fused_silu_mul_mq_rotate_awq_i4_hin,6218,294965435389839,294965438405721,0,0,80,0,128,32,1,1,2176,8192,1
KERNEL_DISPATCH,Agent 2,1,0,2096183,5929,27,gemm_mq4g256v2_residual_iu4_v2b_set_gfx11,5929,294964753138137,294964765094667,0,0,248,0,128,32,16,1,1024,640,1
KERNEL_DISPATCH,Agent 2,1,0,2096183,6213,22,gdn_chunk_scan,6213,294965381315748,294965381627291,60928,0,216,0,128,512,1,1,512,48,1
KERNEL_DISPATCH,Agent 2,1,0,2096183,5924,23,fused_rmsnorm_mq_rotate_awq_i4,5924,294964685773742,294964686929424,0,0,96,0,128,256,1,1,2097152,1,1
KERNEL_DISPATCH,Agent 2,1,0,2096183,6208,21,gdn_chunk_kkt_solve,6208,294965380527193,294965380574922,11776,0,120,0,128,128,1,1,1024,16,1
KERNEL_DISPATCH,Agent 2,1,0,2096183,6203,22,gdn_chunk_scan,6203,294965379473942,294965379790575,60928,0,216,0,128,512,1,1,512,48,1
KERNEL_DISPATCH,Agent 2,1,0,2096183,5919,22,gdn_chunk_scan,5919,294964673313228,294964673629220,60928,0,216,0,128,512,1,1,512,48,1
KERNEL_DISPATCH,Agent 2,1,0,2096183,6198,21,gdn_chunk_kkt_solve,6198,294965378690717,294965378735681,11776,0,120,0,128,128,1,1,1024,16,1
KERNEL_DISPATCH,Agent 2,1,0,2096183,5914,21,gdn_chunk_kkt_solve,5914,294964672521748,294964672570359,11776,0,120,0,128,128,1,1,1024,16,1
KERNEL_DISPATCH,Agent 2,1,0,2096183,6193,22,gdn_chunk_scan,6193,294965377635463,294965377948408,60928,0,216,0,128,512,1,1,512,48,1
KERNEL_DISPATCH,Agent 2,1,0,2096183,5909,22,gdn_chunk_scan,5909,294964671460482,294964671777756,60928,0,216,0,128,512,1,1,512,48,1
KERNEL_DISPATCH,Agent 2,1,0,2096183,6188,21,gdn_chunk_kkt_solve,6188,294965376854121,294965376898845,11776,0,120,0,128,128,1,1,1024,16,1
KERNEL_DISPATCH,Agent 2,1,0,2096183,5904,21,gdn_chunk_kkt_solve,5904,294964670674211,294964670723503,11776,0,120,0,128,128,1,1,1024,16,1
KERNEL_DISPATCH,Agent 2,1,0,2096183,6446,37,kv_cache_write_q8_0_batched,6446,294965975612931,294965975625675,0,0,8,0,128,32,1,1,1024,512,1
KERNEL_DISPATCH,Agent 2,1,0,2096183,6657,39,attention_fa2_q_preconvert_gfx11,6657,294966465690443,294966465769391,0,0,16,0,128,128,1,1,393216,1,1
KERNEL_DISPATCH,Agent 2,1,0,2096183,5899,22,gdn_chunk_scan,5899,294964669616873,294964669927935,60928,0,216,0,128,512,1,1,512,48,1
KERNEL_DISPATCH,Agent 2,1,0,2096183,6441,37,kv_cache_write_q8_0_batched,6441,294965974459693,294965974473279,0,0,8,0,128,32,1,1,1024,512,1
KERNEL_DISPATCH,Agent 2,1,0,2096183,6652,37,kv_cache_write_q8_0_batched,6652,294966464144230,294966464156774,0,0,8,0,128,32,1,1,1024,512,1
KERNEL_DISPATCH,Agent 2,1,0,2096183,6436,38,attention_q8_0_fa2_gqa_gfx11,6436,294965973453571,294965973688410,0,0,224,0,128,256,1,1,8192,4,1
KERNEL_DISPATCH,Agent 2,1,0,2096183,5894,21,gdn_chunk_kkt_solve,5894,294964668820383,294964668868673,11776,0,120,0,128,128,1,1,1024,16,1
KERNEL_DISPATCH,Agent 2,1,0,2096183,6647,37,kv_cache_write_q8_0_batched,6647,294966462997204,294966463011030,0,0,8,0,128,32,1,1,1024,512,1
KERNEL_DISPATCH,Agent 2,1,0,2096183,6431,33,rmsnorm_f32,6431,294965970676776,294965970974092,0,0,16,0,128,256,1,1,8388608,1,1
KERNEL_DISPATCH,Agent 2,1,0,2096183,5889,20,gdn_chunk_prep,5889,294964664877886,294964668048739,0,0,72,0,128,256,1,1,32768,10,1
KERNEL_DISPATCH,Agent 2,1,0,2096183,6642,38,attention_q8_0_fa2_gqa_gfx11,6642,294966461984349,294966462227244,0,0,224,0,128,256,1,1,8192,4,1
KERNEL_DISPATCH,Agent 2,1,0,2096183,6426,23,fused_rmsnorm_mq_rotate_awq_i4,6426,294965948762094,294965949923187,0,0,96,0,128,256,1,1,2097152,1,1
KERNEL_DISPATCH,Agent 2,1,0,2096183,5884,26,gemm_mq4g256v2_residual_iu4_v2b_add_gfx11,5884,294964620437180,294964642343766,0,0,248,0,128,32,16,1,1024,320,1
KERNEL_DISPATCH,Agent 2,1,0,2096183,6421,26,gemm_mq4g256v2_residual_iu4_v2b_add_gfx11,6421,294965872483060,294965882112756,0,0,248,0,128,32,16,1,1024,320,1
KERNEL_DISPATCH,Agent 2,1,0,2096183,5879,40,sigmoid_mul_rotate_x_mq_awq_i4_gfx11,5879,294964564248373,294964566166722,0,0,88,0,128,32,1,1,6291456,1,1
KERNEL_DISPATCH,Agent 2,1,0,2096183,6416,21,gdn_chunk_kkt_solve,6416,294965869315293,294965869360978,11776,0,120,0,128,128,1,1,1024,16,1
KERNEL_DISPATCH,Agent 2,1,0,2096183,5874,38,attention_q8_0_fa2_gqa_gfx11,5874,294964551824248,294964557752540,0,0,224,0,128,256,1,1,8192,4,1
KERNEL_DISPATCH,Agent 2,1,0,2096183,6411,22,gdn_chunk_scan,6411,294965868262603,294965868576190,60928,0,216,0,128,512,1,1,512,48,1
KERNEL_DISPATCH,Agent 2,1,0,2096183,5869,39,attention_fa2_q_preconvert_gfx11,5869,294964546115407,294964546190267,0,0,16,0,128,128,1,1,393216,1,1
KERNEL_DISPATCH,Agent 2,1,0,2096183,6406,21,gdn_chunk_kkt_solve,6406,294965867482865,294965867528350,11776,0,120,0,128,128,1,1,1024,16,1
KERNEL_DISPATCH,Agent 2,1,0,2096183,5864,37,kv_cache_write_q8_0_batched,5864,294964540898366,294964540913114,0,0,8,0,128,32,1,1,1024,512,1
KERNEL_DISPATCH,Agent 2,1,0,2096183,6401,22,gdn_chunk_scan,6401,294965866420557,294965866737510,60928,0,216,0,128,512,1,1,512,48,1
KERNEL_DISPATCH,Agent 2,1,0,2096183,5859,37,kv_cache_write_q8_0_batched,5859,294964536107282,294964536125717,0,0,8,0,128,32,1,1,1024,512,1
KERNEL_DISPATCH,Agent 2,1,0,2096183,6396,21,gdn_chunk_kkt_solve,6396,294965865640257,294965865685181,11776,0,120,0,128,128,1,1,1024,16,1
KERNEL_DISPATCH,Agent 2,1,0,2096183,5854,38,attention_q8_0_fa2_gqa_gfx11,5854,294964527854722,294964531712019,0,0,224,0,128,256,1,1,8192,4,1
KERNEL_DISPATCH,Agent 2,1,0,2096183,6391,22,gdn_chunk_scan,6391,294965864579112,294965864891176,60928,0,216,0,128,512,1,1,512,48,1
KERNEL_DISPATCH,Agent 2,1,0,2096183,6386,28,split_mq4v2_z_betaalpha,6386,294965858818013,294965860850255,0,0,16,0,128,256,1,1,2097152,1,1
KERNEL_DISPATCH,Agent 2,1,0,2096183,6381,30,fused_silu_mul_mq_rotate_awq_i4_hin,6381,294965813506437,294965816528010,0,0,80,0,128,32,1,1,2176,8192,1
KERNEL_DISPATCH,Agent 2,1,0,2096183,6376,22,gdn_chunk_scan,6376,294965759306672,294965759620219,60928,0,216,0,128,512,1,1,512,48,1
KERNEL_DISPATCH,Agent 2,1,0,2096183,6371,21,gdn_chunk_kkt_solve,6371,294965758525771,294965758574181,11776,0,120,0,128,128,1,1,1024,16,1
KERNEL_DISPATCH,Agent 2,1,0,2096183,6366,22,gdn_chunk_scan,6366,294965757462421,294965757775728,60928,0,216,0,128,512,1,1,512,48,1
KERNEL_DISPATCH,Agent 2,1,0,2096183,6361,21,gdn_chunk_kkt_solve,6361,294965756671582,294965756717708,11776,0,120,0,128,128,1,1,1024,16,1
KERNEL_DISPATCH,Agent 2,1,0,2096183,6356,22,gdn_chunk_scan,6356,294965755612320,294965755928832,60928,0,216,0,128,512,1,1,512,48,1
KERNEL_DISPATCH,Agent 2,1,0,2096183,6351,21,gdn_chunk_kkt_solve,6351,294965754819477,294965754867847,11776,0,120,0,128,128,1,1,1024,16,1
KERNEL_DISPATCH,Agent 2,1,0,2096183,6346,22,gdn_chunk_scan,6346,294965753744505,294965754077528,60928,0,216,0,128,512,1,1,512,48,1
KERNEL_DISPATCH,Agent 2,1,0,2096183,6341,27,gemm_mq4g256v2_residual_iu4_v2b_set_gfx11,6341,294965728999529,294965740917907,0,0,248,0,128,32,16,1,1024,640,1
KERNEL_DISPATCH,Agent 2,1,0,2096183,6336,23,fused_rmsnorm_mq_rotate_awq_i4,6336,294965661324752,294965662490974,0,0,96,0,128,256,1,1,2097152,1,1
KERNEL_DISPATCH,Agent 2,1,0,2096183,6331,22,gdn_chunk_scan,6331,294965648431189,294965648743974,60928,0,216,0,128,512,1,1,512,48,1
KERNEL_DISPATCH,Agent 2,1,0,2096183,6326,21,gdn_chunk_kkt_solve,6326,294965647643515,294965647688159,11776,0,120,0,128,128,1,1,1024,16,1
KERNEL_DISPATCH,Agent 2,1,0,2096183,6321,22,gdn_chunk_scan,6321,294965646582851,294965646897880,60928,0,216,0,128,512,1,1,512,48,1
KERNEL_DISPATCH,Agent 2,1,0,2096183,6316,21,gdn_chunk_kkt_solve,6316,294965645804715,294965645850481,11776,0,120,0,128,128,1,1,1024,16,1
KERNEL_DISPATCH,Agent 2,1,0,2096183,6311,22,gdn_chunk_scan,6311,294965644753628,294965645066895,60928,0,216,0,128,512,1,1,512,48,1
KERNEL_DISPATCH,Agent 2,1,0,2096183,6306,21,gdn_chunk_kkt_solve,6306,294965643965153,294965644012402,11776,0,120,0,128,128,1,1,1024,16,1
KERNEL_DISPATCH,Agent 2,1,0,2096183,6301,20,gdn_chunk_prep,6301,294965640027706,294965643200122,0,0,72,0,128,256,1,1,32768,10,1
KERNEL_DISPATCH,Agent 2,1,0,2096183,6296,26,gemm_mq4g256v2_residual_iu4_v2b_add_gfx11,6296,294965595529893,294965617426100,0,0,248,0,128,32,16,1,1024,320,1
KERNEL_DISPATCH,Agent 2,1,0,2096183,6291,40,sigmoid_mul_rotate_x_mq_awq_i4_gfx11,6291,294965538827125,294965540763267,0,0,88,0,128,32,1,1,6291456,1,1
KERNEL_DISPATCH,Agent 2,1,0,2096183,6286,38,attention_q8_0_fa2_gqa_gfx11,6286,294965526409733,294965532326563,0,0,224,0,128,256,1,1,8192,4,1
KERNEL_DISPATCH,Agent 2,1,0,2096183,6281,39,attention_fa2_q_preconvert_gfx11,6281,294965520691354,294965520764410,0,0,16,0,128,128,1,1,393216,1,1
KERNEL_DISPATCH,Agent 2,1,0,2096183,6276,37,kv_cache_write_q8_0_batched,6276,294965515458924,294965515473591,0,0,8,0,128,32,1,1,1024,512,1
KERNEL_DISPATCH,Agent 2,1,0,2096183,6271,37,kv_cache_write_q8_0_batched,6271,294965510640990,294965510654495,0,0,8,0,128,32,1,1,1024,512,1
KERNEL_DISPATCH,Agent 2,1,0,2096183,6266,38,attention_q8_0_fa2_gqa_gfx11,6266,294965502363263,294965506255505,0,0,224,0,128,256,1,1,8192,4,1
KERNEL_DISPATCH,Agent 2,1,0,2096183,6261,39,attention_fa2_q_preconvert_gfx11,6261,294965498694679,294965498773506,0,0,16,0,128,128,1,1,393216,1,1
KERNEL_DISPATCH,Agent 2,1,0,2096183,6256,37,kv_cache_write_q8_0_batched,6256,294965495505873,294965495518496,0,0,8,0,128,32,1,1,1024,512,1
KERNEL_DISPATCH,Agent 2,1,0,2096183,6251,37,kv_cache_write_q8_0_batched,6251,294965492721022,294965492739657,0,0,8,0,128,32,1,1,1024,512,1
KERNEL_DISPATCH,Agent 2,1,0,2096183,6246,38,attention_q8_0_fa2_gqa_gfx11,6246,294965488567411,294965490364173,0,0,224,0,128,256,1,1,8192,4,1
KERNEL_DISPATCH,Agent 2,1,0,2096183,6241,39,attention_fa2_q_preconvert_gfx11,6241,294965486943974,294965487024605,0,0,16,0,128,128,1,1,393216,1,1
KERNEL_DISPATCH,Agent 2,1,0,2096183,6236,37,kv_cache_write_q8_0_batched,6236,294965485809932,294965485822676,0,0,8,0,128,32,1,1,1024,512,1
KERNEL_DISPATCH,Agent 2,1,0,2096183,6231,37,kv_cache_write_q8_0_batched,6231,294965485034401,294965485052595,0,0,8,0,128,32,1,1,1024,512,1
KERNEL_DISPATCH,Agent 2,1,0,2096183,6226,34,rope_partial_halfsplit_batched_f32,6226,294965482303331,294965484564242,0,0,24,0,128,256,1,1,256,8192,1
KERNEL_DISPATCH,Agent 2,1,0,2096183,6221,27,gemm_mq4g256v2_residual_iu4_v2b_set_gfx11,6221,294965461182696,294965475547973,0,0,248,0,128,32,16,1,1024,768,1
KERNEL_DISPATCH,Agent 2,1,0,2096183,6216,23,fused_rmsnorm_mq_rotate_awq_i4,6216,294965393601094,294965394764470,0,0,96,0,128,256,1,1,2097152,1,1
KERNEL_DISPATCH,Agent 2,1,0,2096183,6211,22,gdn_chunk_scan,6211,294965380948261,294965381261046,60928,0,216,0,128,512,1,1,512,48,1
KERNEL_DISPATCH,Agent 2,1,0,2096183,6206,21,gdn_chunk_kkt_solve,6206,294965380161709,294965380207074,11776,0,120,0,128,128,1,1,1024,16,1
KERNEL_DISPATCH,Agent 2,1,0,2096183,6201,22,gdn_chunk_scan,6201,294965379105734,294965379419360,60928,0,216,0,128,512,1,1,512,48,1
KERNEL_DISPATCH,Agent 2,1,0,2096183,6183,22,gdn_chunk_scan,6183,294965375775904,294965376108366,60928,0,216,0,128,512,1,1,512,48,1
KERNEL_DISPATCH,Agent 2,1,0,2096183,6196,21,gdn_chunk_kkt_solve,6196,294965378322869,294965378368755,11776,0,120,0,128,128,1,1,1024,16,1
KERNEL_DISPATCH,Agent 2,1,0,2096183,6178,27,gemm_mq4g256v2_residual_iu4_v2b_set_gfx11,6178,294965351092041,294965363015069,0,0,248,0,128,32,16,1,1024,640,1
KERNEL_DISPATCH,Agent 2,1,0,2096183,6191,22,gdn_chunk_scan,6191,294965377269458,294965377579518,60928,0,216,0,128,512,1,1,512,48,1
KERNEL_DISPATCH,Agent 2,1,0,2096183,6173,23,fused_rmsnorm_mq_rotate_awq_i4,6173,294965283404240,294965284578798,0,0,96,0,128,256,1,1,2097152,1,1
KERNEL_DISPATCH,Agent 2,1,0,2096183,6186,21,gdn_chunk_kkt_solve,6186,294965376485992,294965376531076,11776,0,120,0,128,128,1,1,1024,16,1
KERNEL_DISPATCH,Agent 2,1,0,2096183,6168,22,gdn_chunk_scan,6168,294965270745036,294965271056138,60928,0,216,0,128,512,1,1,512,48,1
KERNEL_DISPATCH,Agent 2,1,0,2096183,6181,20,gdn_chunk_prep,6181,294965372423111,294965375710100,0,0,72,0,128,256,1,1,32768,10,1
KERNEL_DISPATCH,Agent 2,1,0,2096183,6176,26,gemm_mq4g256v2_residual_iu4_v2b_add_gfx11,6176,294965328150519,294965349914157,0,0,248,0,128,32,16,1,1024,320,1
KERNEL_DISPATCH,Agent 2,1,0,2096183,6163,21,gdn_chunk_kkt_solve,6163,294965269966740,294965270013547,11776,0,120,0,128,128,1,1,1024,16,1
KERNEL_DISPATCH,Agent 2,1,0,2096183,6171,29,gated_norm_mq_rotate_awq_i4_gfx11,6171,294965271432081,294965273869762,1024,0,48,0,128,64,1,1,1536,8192,1
KERNEL_DISPATCH,Agent 2,1,0,2096183,6637,33,rmsnorm_f32,6637,294966459212443,294966459508637,0,0,16,0,128,256,1,1,8388608,1,1
KERNEL_DISPATCH,Agent 2,1,0,2096183,6158,22,gdn_chunk_scan,6158,294965268918498,294965269227196,60928,0,216,0,128,512,1,1,512,48,1
KERNEL_DISPATCH,Agent 2,1,0,2096183,6166,22,gdn_chunk_scan,6166,294965270380474,294965270691616,60928,0,216,0,128,512,1,1,512,48,1
KERNEL_DISPATCH,Agent 2,1,0,2096183,6632,23,fused_rmsnorm_mq_rotate_awq_i4,6632,294966437199418,294966438366361,0,0,96,0,128,256,1,1,2097152,1,1
KERNEL_DISPATCH,Agent 2,1,0,2096183,6627,26,gemm_mq4g256v2_residual_iu4_v2b_add_gfx11,6627,294966361140956,294966370537777,0,0,248,0,128,32,16,1,1024,320,1
KERNEL_DISPATCH,Agent 2,1,0,2096183,6161,21,gdn_chunk_kkt_solve,6161,294965269601857,294965269646941,11776,0,120,0,128,128,1,1,1024,16,1
KERNEL_DISPATCH,Agent 2,1,0,2096183,6153,21,gdn_chunk_kkt_solve,6153,294965268130905,294965268178354,11776,0,120,0,128,128,1,1,1024,16,1
KERNEL_DISPATCH,Agent 2,1,0,2096183,6622,21,gdn_chunk_kkt_solve,6622,294966357981605,294966358026008,11776,0,120,0,128,128,1,1,1024,16,1
KERNEL_DISPATCH,Agent 2,1,0,2096183,6156,22,gdn_chunk_scan,6156,294965268550850,294965268862353,60928,0,216,0,128,512,1,1,512,48,1
KERNEL_DISPATCH,Agent 2,1,0,2096183,6617,22,gdn_chunk_scan,6617,294966356924227,294966357234688,60928,0,216,0,128,512,1,1,512,48,1
KERNEL_DISPATCH,Agent 2,1,0,2096183,6151,21,gdn_chunk_kkt_solve,6151,294965267762776,294965267807700,11776,0,120,0,128,128,1,1,1024,16,1
KERNEL_DISPATCH,Agent 2,1,0,2096183,6612,21,gdn_chunk_kkt_solve,6612,294966356141202,294966356186166,11776,0,120,0,128,128,1,1,1024,16,1
KERNEL_DISPATCH,Agent 2,1,0,2096183,6146,22,gdn_chunk_scan,6146,294965266714455,294965267026198,60928,0,216,0,128,512,1,1,512,48,1
KERNEL_DISPATCH,Agent 2,1,0,2096183,6148,22,gdn_chunk_scan,6148,294965267080379,294965267390399,60928,0,216,0,128,512,1,1,512,48,1
KERNEL_DISPATCH,Agent 2,1,0,2096183,6607,22,gdn_chunk_scan,6607,294966355082741,294966355400576,60928,0,216,0,128,512,1,1,512,48,1
KERNEL_DISPATCH,Agent 2,1,0,2096183,6141,21,gdn_chunk_kkt_solve,6141,294965265937361,294965265982165,11776,0,120,0,128,128,1,1,1024,16,1
KERNEL_DISPATCH,Agent 2,1,0,2096183,5849,39,attention_fa2_q_preconvert_gfx11,5849,294964524159248,294964524237435,0,0,16,0,128,128,1,1,393216,1,1
KERNEL_DISPATCH,Agent 2,1,0,2096183,6602,21,gdn_chunk_kkt_solve,6602,294966354297312,294966354347886,11776,0,120,0,128,128,1,1,1024,16,1
KERNEL_DISPATCH,Agent 2,1,0,2096183,6136,27,gemm_mq4g256v2_residual_iu4_v2b_set_gfx11,6136,294965253084714,294965260416832,0,0,248,0,128,32,16,1,1024,400,1
KERNEL_DISPATCH,Agent 2,1,0,2096183,5844,37,kv_cache_write_q8_0_batched,5844,294964520978497,294964520991241,0,0,8,0,128,32,1,1,1024,512,1
KERNEL_DISPATCH,Agent 2,1,0,2096183,6131,24,gemm_mq4g256v2_gate_up_silu_iu4_v2b_gfx11,6131,294965174643675,294965215157153,0,0,248,0,128,32,16,1,1024,2176,1
KERNEL_DISPATCH,Agent 2,1,0,2096183,6597,22,gdn_chunk_scan,6597,294966353241296,294966353552879,60928,0,216,0,128,512,1,1,512,48,1
KERNEL_DISPATCH,Agent 2,1,0,2096183,6126,21,gdn_chunk_kkt_solve,6126,294965161134600,294965161177119,11776,0,120,0,128,128,1,1,1024,16,1
KERNEL_DISPATCH,Agent 2,1,0,2096183,6592,28,split_mq4v2_z_betaalpha,6592,294966347486409,294966349518050,0,0,16,0,128,256,1,1,2097152,1,1
KERNEL_DISPATCH,Agent 2,1,0,2096183,5839,37,kv_cache_write_q8_0_batched,5839,294964518211921,294964518225346,0,0,8,0,128,32,1,1,1024,512,1
KERNEL_DISPATCH,Agent 2,1,0,2096183,5834,38,attention_q8_0_fa2_gqa_gfx11,5834,294964514036870,294964515855713,0,0,224,0,128,256,1,1,8192,4,1
KERNEL_DISPATCH,Agent 2,1,0,2096183,5829,39,attention_fa2_q_preconvert_gfx11,5829,294964512415316,294964512495185,0,0,16,0,128,128,1,1,393216,1,1
KERNEL_DISPATCH,Agent 2,1,0,2096183,6587,30,fused_silu_mul_mq_rotate_awq_i4_hin,6587,294966301908615,294966304912195,0,0,80,0,128,32,1,1,2176,8192,1
KERNEL_DISPATCH,Agent 2,1,0,2096183,6121,22,gdn_chunk_scan,6121,294965160078744,294965160391329,60928,0,216,0,128,512,1,1,512,48,1
KERNEL_DISPATCH,Agent 2,1,0,2096183,6582,22,gdn_chunk_scan,6582,294966247636034,294966247944851,60928,0,216,0,128,512,1,1,512,48,1
KERNEL_DISPATCH,Agent 2,1,0,2096183,6577,21,gdn_chunk_kkt_solve,6577,294966246839984,294966246889477,11776,0,120,0,128,128,1,1,1024,16,1
KERNEL_DISPATCH,Agent 2,1,0,2096183,5824,37,kv_cache_write_q8_0_batched,5824,294964511276545,294964511289049,0,0,8,0,128,32,1,1,1024,512,1
KERNEL_DISPATCH,Agent 2,1,0,2096183,6116,21,gdn_chunk_kkt_solve,6116,294965159291231,294965159338920,11776,0,120,0,128,128,1,1,1024,16,1
KERNEL_DISPATCH,Agent 2,1,0,2096183,6572,22,gdn_chunk_scan,6572,294966245787455,294966246099599,60928,0,216,0,128,512,1,1,512,48,1
KERNEL_DISPATCH,Agent 2,1,0,2096183,5819,37,kv_cache_write_q8_0_batched,5819,294964510497929,294964510517124,0,0,8,0,128,32,1,1,1024,512,1
KERNEL_DISPATCH,Agent 2,1,0,2096183,6567,21,gdn_chunk_kkt_solve,6567,294966244996495,294966245043022,11776,0,120,0,128,128,1,1,1024,16,1
KERNEL_DISPATCH,Agent 2,1,0,2096183,6111,22,gdn_chunk_scan,6111,294965158232089,294965158544834,60928,0,216,0,128,512,1,1,512,48,1
KERNEL_DISPATCH,Agent 2,1,0,2096183,5814,34,rope_partial_halfsplit_batched_f32,5814,294964507754476,294964510015346,0,0,24,0,128,256,1,1,256,8192,1
KERNEL_DISPATCH,Agent 2,1,0,2096183,6562,22,gdn_chunk_scan,6562,294966243929579,294966244243406,60928,0,216,0,128,512,1,1,512,48,1
KERNEL_DISPATCH,Agent 2,1,0,2096183,6106,21,gdn_chunk_kkt_solve,6106,294965157444496,294965157494950,11776,0,120,0,128,128,1,1,1024,16,1
KERNEL_DISPATCH,Agent 2,1,0,2096183,6557,21,gdn_chunk_kkt_solve,6557,294966243145031,294966243191879,11776,0,120,0,128,128,1,1,1024,16,1
KERNEL_DISPATCH,Agent 2,1,0,2096183,6552,22,gdn_chunk_scan,6552,294966242062365,294966242391581,60928,0,216,0,128,512,1,1,512,48,1
KERNEL_DISPATCH,Agent 2,1,0,2096183,6547,27,gemm_mq4g256v2_residual_iu4_v2b_set_gfx11,6547,294966217312099,294966229276844,0,0,248,0,128,32,16,1,1024,640,1
KERNEL_DISPATCH,Agent 2,1,0,2096183,6542,23,fused_rmsnorm_mq_rotate_awq_i4,6542,294966149611674,294966150771324,0,0,96,0,128,256,1,1,2097152,1,1
KERNEL_DISPATCH,Agent 2,1,0,2096183,6537,22,gdn_chunk_scan,6537,294966136837054,294966137155490,60928,0,216,0,128,512,1,1,512,48,1
KERNEL_DISPATCH,Agent 2,1,0,2096183,6532,21,gdn_chunk_kkt_solve,6532,294966136057635,294966136103081,11776,0,120,0,128,128,1,1,1024,16,1
KERNEL_DISPATCH,Agent 2,1,0,2096183,6527,22,gdn_chunk_scan,6527,294966135004345,294966135314205,60928,0,216,0,128,512,1,1,512,48,1
KERNEL_DISPATCH,Agent 2,1,0,2096183,6522,21,gdn_chunk_kkt_solve,6522,294966134221640,294966134269009,11776,0,120,0,128,128,1,1,1024,16,1
KERNEL_DISPATCH,Agent 2,1,0,2096183,6517,22,gdn_chunk_scan,6517,294966133162659,294966133473801,60928,0,216,0,128,512,1,1,512,48,1
KERNEL_DISPATCH,Agent 2,1,0,2096183,6512,21,gdn_chunk_kkt_solve,6512,294966132378472,294966132424478,11776,0,120,0,128,128,1,1,1024,16,1
KERNEL_DISPATCH,Agent 2,1,0,2096183,6507,20,gdn_chunk_prep,6507,294966128403034,294966131610395,0,0,72,0,128,256,1,1,32768,10,1
KERNEL_DISPATCH,Agent 2,1,0,2096183,6502,26,gemm_mq4g256v2_residual_iu4_v2b_add_gfx11,6502,294966083844106,294966105747767,0,0,248,0,128,32,16,1,1024,320,1
KERNEL_DISPATCH,Agent 2,1,0,2096183,6497,40,sigmoid_mul_rotate_x_mq_awq_i4_gfx11,6497,294966027453602,294966029375678,0,0,88,0,128,32,1,1,6291456,1,1
KERNEL_DISPATCH,Agent 2,1,0,2096183,6492,38,attention_q8_0_fa2_gqa_gfx11,6492,294966015021102,294966020958490,0,0,224,0,128,256,1,1,8192,4,1
KERNEL_DISPATCH,Agent 2,1,0,2096183,6487,39,attention_fa2_q_preconvert_gfx11,6487,294966009301481,294966009374056,0,0,16,0,128,128,1,1,393216,1,1
KERNEL_DISPATCH,Agent 2,1,0,2096183,6482,37,kv_cache_write_q8_0_batched,6482,294966004076785,294966004092134,0,0,8,0,128,32,1,1,1024,512,1
KERNEL_DISPATCH,Agent 2,1,0,2096183,6477,37,kv_cache_write_q8_0_batched,6477,294965999265103,294965999278849,0,0,8,0,128,32,1,1,1024,512,1
KERNEL_DISPATCH,Agent 2,1,0,2096183,6472,38,attention_q8_0_fa2_gqa_gfx11,6472,294965991002203,294965994887954,0,0,224,0,128,256,1,1,8192,4,1
KERNEL_DISPATCH,Agent 2,1,0,2096183,6467,39,attention_fa2_q_preconvert_gfx11,6467,294965987313302,294965987392810,0,0,16,0,128,128,1,1,393216,1,1
KERNEL_DISPATCH,Agent 2,1,0,2096183,6462,37,kv_cache_write_q8_0_batched,6462,294965984138321,294965984150985,0,0,8,0,128,32,1,1,1024,512,1
KERNEL_DISPATCH,Agent 2,1,0,2096183,6457,37,kv_cache_write_q8_0_batched,6457,294965981372547,294965981386052,0,0,8,0,128,32,1,1,1024,512,1
KERNEL_DISPATCH,Agent 2,1,0,2096183,6452,38,attention_q8_0_fa2_gqa_gfx11,6452,294965977238612,294965979048559,0,0,224,0,128,256,1,1,8192,4,1
KERNEL_DISPATCH,Agent 2,1,0,2096183,6447,39,attention_fa2_q_preconvert_gfx11,6447,294965975635132,294965975715603,0,0,16,0,128,128,1,1,393216,1,1
KERNEL_DISPATCH,Agent 2,1,0,2096183,6442,37,kv_cache_write_q8_0_batched,6442,294965974475242,294965974488066,0,0,8,0,128,32,1,1,1024,512,1
KERNEL_DISPATCH,Agent 2,1,0,2096183,6437,37,kv_cache_write_q8_0_batched,6437,294965973694942,294965973715220,0,0,8,0,128,32,1,1,1024,512,1
KERNEL_DISPATCH,Agent 2,1,0,2096183,6432,34,rope_partial_halfsplit_batched_f32,6432,294965970980784,294965973241093,0,0,24,0,128,256,1,1,256,8192,1
KERNEL_DISPATCH,Agent 2,1,0,2096183,6427,27,gemm_mq4g256v2_residual_iu4_v2b_set_gfx11,6427,294965949934207,294965964255642,0,0,248,0,128,32,16,1,1024,768,1
KERNEL_DISPATCH,Agent 2,1,0,2096183,6422,23,fused_rmsnorm_mq_rotate_awq_i4,6422,294965882123697,294965883290360,0,0,96,0,128,256,1,1,2097152,1,1
KERNEL_DISPATCH,Agent 2,1,0,2096183,6417,22,gdn_chunk_scan,6417,294965869362942,294965869676328,60928,0,216,0,128,512,1,1,512,48,1
KERNEL_DISPATCH,Agent 2,1,0,2096183,6412,21,gdn_chunk_kkt_solve,6412,294965868582562,294965868626925,11776,0,120,0,128,128,1,1,1024,16,1
KERNEL_DISPATCH,Agent 2,1,0,2096183,6407,22,gdn_chunk_scan,6407,294965867530233,294965867841776,60928,0,216,0,128,512,1,1,512,48,1
KERNEL_DISPATCH,Agent 2,1,0,2096183,6402,21,gdn_chunk_kkt_solve,6402,294965866744002,294965866791932,11776,0,120,0,128,128,1,1,1024,16,1
KERNEL_DISPATCH,Agent 2,1,0,2096183,6397,22,gdn_chunk_scan,6397,294965865687105,294965866000892,60928,0,216,0,128,512,1,1,512,48,1
KERNEL_DISPATCH,Agent 2,1,0,2096183,6491,39,attention_fa2_q_preconvert_gfx11,6491,294966014944118,294966015014610,0,0,16,0,128,128,1,1,393216,1,1
KERNEL_DISPATCH,Agent 2,1,0,2096183,5949,21,gdn_chunk_kkt_solve,5949,294964780750479,294964780797927,11776,0,120,0,128,128,1,1,1024,16,1
KERNEL_DISPATCH,Agent 2,1,0,2096183,6392,21,gdn_chunk_kkt_solve,6392,294965864897708,294965864942632,11776,0,120,0,128,128,1,1,1024,16,1
KERNEL_DISPATCH,Agent 2,1,0,2096183,6387,20,gdn_chunk_prep,6387,294965860861276,294965864129030,0,0,72,0,128,256,1,1,32768,10,1
KERNEL_DISPATCH,Agent 2,1,0,2096183,6382,26,gemm_mq4g256v2_residual_iu4_v2b_add_gfx11,6382,294965816539031,294965838324711,0,0,248,0,128,32,16,1,1024,320,1
KERNEL_DISPATCH,Agent 2,1,0,2096183,6377,29,gated_norm_mq_rotate_awq_i4_gfx11,6377,294965759626871,294965762074050,1024,0,48,0,128,64,1,1,1536,8192,1
KERNEL_DISPATCH,Agent 2,1,0,2096183,6372,22,gdn_chunk_scan,6372,294965758576025,294965758887448,60928,0,216,0,128,512,1,1,512,48,1
KERNEL_DISPATCH,Agent 2,1,0,2096183,6367,21,gdn_chunk_kkt_solve,6367,294965757782220,294965757835119,11776,0,120,0,128,128,1,1,1024,16,1
KERNEL_DISPATCH,Agent 2,1,0,2096183,6362,22,gdn_chunk_scan,6362,294965756719752,294965757033499,60928,0,216,0,128,512,1,1,512,48,1
KERNEL_DISPATCH,Agent 2,1,0,2096183,6357,21,gdn_chunk_kkt_solve,6357,294965755935244,294965755982412,11776,0,120,0,128,128,1,1,1024,16,1
KERNEL_DISPATCH,Agent 2,1,0,2096183,6352,22,gdn_chunk_scan,6352,294965754869891,294965755181955,60928,0,216,0,128,512,1,1,512,48,1
KERNEL_DISPATCH,Agent 2,1,0,2096183,6347,21,gdn_chunk_kkt_solve,6347,294965754084021,294965754131109,11776,0,120,0,128,128,1,1,1024,16,1
KERNEL_DISPATCH,Agent 2,1,0,2096183,6342,27,gemm_mq4g256v2_residual_iu4_v2b_set_gfx11,6342,294965740928928,294965748292264,0,0,248,0,128,32,16,1,1024,400,1
KERNEL_DISPATCH,Agent 2,1,0,2096183,6337,24,gemm_mq4g256v2_gate_up_silu_iu4_v2b_gfx11,6337,294965662501955,294965703065808,0,0,248,0,128,32,16,1,1024,2176,1
KERNEL_DISPATCH,Agent 2,1,0,2096183,6332,21,gdn_chunk_kkt_solve,6332,294965648750346,294965648795591,11776,0,120,0,128,128,1,1,1024,16,1
KERNEL_DISPATCH,Agent 2,1,0,2096183,6327,22,gdn_chunk_scan,6327,294965647690163,294965648003990,60928,0,216,0,128,512,1,1,512,48,1
KERNEL_DISPATCH,Agent 2,1,0,2096183,6322,21,gdn_chunk_kkt_solve,6322,294965646904372,294965646950659,11776,0,120,0,128,128,1,1,1024,16,1
KERNEL_DISPATCH,Agent 2,1,0,2096183,6317,22,gdn_chunk_scan,6317,294965645852444,294965646164508,60928,0,216,0,128,512,1,1,512,48,1
KERNEL_DISPATCH,Agent 2,1,0,2096183,6312,21,gdn_chunk_kkt_solve,6312,294965645073387,294965645119152,11776,0,120,0,128,128,1,1,1024,16,1
KERNEL_DISPATCH,Agent 2,1,0,2096183,6307,22,gdn_chunk_scan,6307,294965644014566,294965644327351,60928,0,216,0,128,512,1,1,512,48,1
KERNEL_DISPATCH,Agent 2,1,0,2096183,6302,21,gdn_chunk_kkt_solve,6302,294965643211143,294965643261116,11776,0,120,0,128,128,1,1,1024,16,1
KERNEL_DISPATCH,Agent 2,1,0,2096183,6297,23,fused_rmsnorm_mq_rotate_awq_i4,6297,294965617437161,294965618605426,0,0,96,0,128,256,1,1,2097152,1,1
KERNEL_DISPATCH,Agent 2,1,0,2096183,6292,26,gemm_mq4g256v2_residual_iu4_v2b_add_gfx11,6292,294965540774408,294965550408433,0,0,248,0,128,32,16,1,1024,320,1
KERNEL_DISPATCH,Agent 2,1,0,2096183,6287,37,kv_cache_write_q8_0_batched,6287,294965532337824,294965532354655,0,0,8,0,128,32,1,1,1024,512,1
KERNEL_DISPATCH,Agent 2,1,0,2096183,6282,38,attention_q8_0_fa2_gqa_gfx11,6282,294965520770903,294965526279369,0,0,224,0,128,256,1,1,8192,4,1
KERNEL_DISPATCH,Agent 2,1,0,2096183,6277,39,attention_fa2_q_preconvert_gfx11,6277,294965515475715,294965515550856,0,0,16,0,128,128,1,1,393216,1,1
KERNEL_DISPATCH,Agent 2,1,0,2096183,6272,37,kv_cache_write_q8_0_batched,6272,294965510656459,294965510670806,0,0,8,0,128,32,1,1,1024,512,1
KERNEL_DISPATCH,Agent 2,1,0,2096183,6267,37,kv_cache_write_q8_0_batched,6267,294965506266686,294965506280031,0,0,8,0,128,32,1,1,1024,512,1
KERNEL_DISPATCH,Agent 2,1,0,2096183,6262,38,attention_q8_0_fa2_gqa_gfx11,6262,294965498779958,294965502234582,0,0,224,0,128,256,1,1,8192,4,1
KERNEL_DISPATCH,Agent 2,1,0,2096183,6257,39,attention_fa2_q_preconvert_gfx11,6257,294965495520460,294965495599167,0,0,16,0,128,128,1,1,393216,1,1
KERNEL_DISPATCH,Agent 2,1,0,2096183,6252,37,kv_cache_write_q8_0_batched,6252,294965492741621,294965492754044,0,0,8,0,128,32,1,1,1024,512,1
KERNEL_DISPATCH,Agent 2,1,0,2096183,6247,37,kv_cache_write_q8_0_batched,6247,294965490375194,294965490389100,0,0,8,0,128,32,1,1,1024,512,1
KERNEL_DISPATCH,Agent 2,1,0,2096183,6242,38,attention_q8_0_fa2_gqa_gfx11,6242,294965487031017,294965488442618,0,0,224,0,128,256,1,1,8192,4,1
KERNEL_DISPATCH,Agent 2,1,0,2096183,6237,39,attention_fa2_q_preconvert_gfx11,6237,294965485824519,294965485901904,0,0,16,0,128,128,1,1,393216,1,1
KERNEL_DISPATCH,Agent 2,1,0,2096183,6232,37,kv_cache_write_q8_0_batched,6232,294965485054479,294965485070909,0,0,8,0,128,32,1,1,1024,512,1
KERNEL_DISPATCH,Agent 2,1,0,2096183,6227,37,kv_cache_write_q8_0_batched,6227,294965484575262,294965484596742,0,0,8,0,128,32,1,1,1024,512,1
KERNEL_DISPATCH,Agent 2,1,0,2096183,6222,27,gemm_mq4g256v2_residual_iu4_v2b_set_gfx11,6222,294965475559153,294965476956087,0,0,248,0,128,32,16,1,1024,64,1
KERNEL_DISPATCH,Agent 2,1,0,2096183,6217,24,gemm_mq4g256v2_gate_up_silu_iu4_v2b_gfx11,6217,294965394775731,294965435378818,0,0,248,0,128,32,16,1,1024,2176,1
KERNEL_DISPATCH,Agent 2,1,0,2096183,6212,21,gdn_chunk_kkt_solve,6212,294965381267698,294965381313705,11776,0,120,0,128,128,1,1,1024,16,1
KERNEL_DISPATCH,Agent 2,1,0,2096183,6207,22,gdn_chunk_scan,6207,294965380209038,294965380520781,60928,0,216,0,128,512,1,1,512,48,1
KERNEL_DISPATCH,Agent 2,1,0,2096183,6202,21,gdn_chunk_kkt_solve,6202,294965379425852,294965379471979,11776,0,120,0,128,128,1,1,1024,16,1
KERNEL_DISPATCH,Agent 2,1,0,2096183,6197,22,gdn_chunk_scan,6197,294965378370678,294965378684185,60928,0,216,0,128,512,1,1,512,48,1
KERNEL_DISPATCH,Agent 2,1,0,2096183,6192,21,gdn_chunk_kkt_solve,6192,294965377586010,294965377633579,11776,0,120,0,128,128,1,1,1024,16,1
KERNEL_DISPATCH,Agent 2,1,0,2096183,6187,22,gdn_chunk_scan,6187,294965376533080,294965376847629,60928,0,216,0,128,512,1,1,512,48,1
KERNEL_DISPATCH,Agent 2,1,0,2096183,6182,21,gdn_chunk_kkt_solve,6182,294965375721041,294965375773860,11776,0,120,0,128,128,1,1,1024,16,1
KERNEL_DISPATCH,Agent 2,1,0,2096183,6177,23,fused_rmsnorm_mq_rotate_awq_i4,6177,294965349925178,294965351080820,0,0,96,0,128,256,1,1,2097152,1,1
KERNEL_DISPATCH,Agent 2,1,0,2096183,6172,26,gemm_mq4g256v2_residual_iu4_v2b_add_gfx11,6172,294965273880662,294965283393300,0,0,248,0,128,32,16,1,1024,320,1
KERNEL_DISPATCH,Agent 2,1,0,2096183,6167,21,gdn_chunk_kkt_solve,6167,294965270698028,294965270743112,11776,0,120,0,128,128,1,1,1024,16,1
KERNEL_DISPATCH,Agent 2,1,0,2096183,6162,22,gdn_chunk_scan,6162,294965269648825,294965269960247,60928,0,216,0,128,512,1,1,512,48,1
KERNEL_DISPATCH,Agent 2,1,0,2096183,6157,21,gdn_chunk_kkt_solve,6157,294965268868805,294965268916535,11776,0,120,0,128,128,1,1,1024,16,1
KERNEL_DISPATCH,Agent 2,1,0,2096183,6152,22,gdn_chunk_scan,6152,294965267809624,294965268124493,60928,0,216,0,128,512,1,1,512,48,1
KERNEL_DISPATCH,Agent 2,1,0,2096183,6147,21,gdn_chunk_kkt_solve,6147,294965267032610,294965267078536,11776,0,120,0,128,128,1,1,1024,16,1
KERNEL_DISPATCH,Agent 2,1,0,2096183,6142,22,gdn_chunk_scan,6142,294965265984008,294965266293106,60928,0,216,0,128,512,1,1,512,48,1
KERNEL_DISPATCH,Agent 2,1,0,2096183,6137,28,split_mq4v2_z_betaalpha,6137,294965260427893,294965262459935,0,0,16,0,128,256,1,1,2097152,1,1
KERNEL_DISPATCH,Agent 2,1,0,2096183,6132,30,fused_silu_mul_mq_rotate_awq_i4_hin,6132,294965215168254,294965218170992,0,0,80,0,128,32,1,1,2176,8192,1
KERNEL_DISPATCH,Agent 2,1,0,2096183,6127,22,gdn_chunk_scan,6127,294965161179003,294965161491868,60928,0,216,0,128,512,1,1,512,48,1
KERNEL_DISPATCH,Agent 2,1,0,2096183,6122,21,gdn_chunk_kkt_solve,6122,294965160397821,294965160444148,11776,0,120,0,128,128,1,1,1024,16,1
KERNEL_DISPATCH,Agent 2,1,0,2096183,5804,23,fused_rmsnorm_mq_rotate_awq_i4,5804,294964419338974,294964420516297,0,0,96,0,128,256,1,1,2097152,1,1
KERNEL_DISPATCH,Agent 2,1,0,2096183,6117,22,gdn_chunk_scan,6117,294965159340844,294965159658678,60928,0,216,0,128,512,1,1,512,48,1
KERNEL_DISPATCH,Agent 2,1,0,2096183,6112,21,gdn_chunk_kkt_solve,6112,294965158551407,294965158595249,11776,0,120,0,128,128,1,1,1024,16,1
KERNEL_DISPATCH,Agent 2,1,0,2096183,6096,21,gdn_chunk_kkt_solve,6096,294965155590106,294965155642524,11776,0,120,0,128,128,1,1,1024,16,1
KERNEL_DISPATCH,Agent 2,1,0,2096183,6107,22,gdn_chunk_scan,6107,294965157496914,294965157812184,60928,0,216,0,128,512,1,1,512,48,1
KERNEL_DISPATCH,Agent 2,1,0,2096183,6091,23,fused_rmsnorm_mq_rotate_awq_i4,6091,294965129574592,294965130762976,0,0,96,0,128,256,1,1,2097152,1,1
KERNEL_DISPATCH,Agent 2,1,0,2096183,6102,21,gdn_chunk_kkt_solve,6102,294965156710482,294965156757290,11776,0,120,0,128,128,1,1,1024,16,1
KERNEL_DISPATCH,Agent 2,1,0,2096183,6086,26,gemm_mq4g256v2_residual_iu4_v2b_add_gfx11,6086,294965052738315,294965062376588,0,0,248,0,128,32,16,1,1024,320,1
KERNEL_DISPATCH,Agent 2,1,0,2096183,6097,22,gdn_chunk_scan,6097,294965155644648,294965155971339,60928,0,216,0,128,512,1,1,512,48,1
KERNEL_DISPATCH,Agent 2,1,0,2096183,6081,37,kv_cache_write_q8_0_batched,6081,294965044309666,294965044327820,0,0,8,0,128,32,1,1,1024,512,1
KERNEL_DISPATCH,Agent 2,1,0,2096183,6092,27,gemm_mq4g256v2_residual_iu4_v2b_set_gfx11,6092,294965130774036,294965142843297,0,0,248,0,128,32,16,1,1024,640,1
KERNEL_DISPATCH,Agent 2,1,0,2096183,6076,38,attention_q8_0_fa2_gqa_gfx11,6076,294965032705875,294965038233297,0,0,224,0,128,256,1,1,8192,4,1
KERNEL_DISPATCH,Agent 2,1,0,2096183,6087,23,fused_rmsnorm_mq_rotate_awq_i4,6087,294965062387769,294965063571343,0,0,96,0,128,256,1,1,2097152,1,1
KERNEL_DISPATCH,Agent 2,1,0,2096183,6071,39,attention_fa2_q_preconvert_gfx11,6071,294965027363119,294965027437018,0,0,16,0,128,128,1,1,393216,1,1
KERNEL_DISPATCH,Agent 2,1,0,2096183,6082,37,kv_cache_write_q8_0_batched,6082,294965044329783,294965044345132,0,0,8,0,128,32,1,1,1024,512,1
KERNEL_DISPATCH,Agent 2,1,0,2096183,6066,37,kv_cache_write_q8_0_batched,6066,294965022529957,294965022544103,0,0,8,0,128,32,1,1,1024,512,1
KERNEL_DISPATCH,Agent 2,1,0,2096183,6077,37,kv_cache_write_q8_0_batched,6077,294965038244558,294965038261550,0,0,8,0,128,32,1,1,1024,512,1
KERNEL_DISPATCH,Agent 2,1,0,2096183,6061,37,kv_cache_write_q8_0_batched,6061,294965018121669,294965018135134,0,0,8,0,128,32,1,1,1024,512,1
KERNEL_DISPATCH,Agent 2,1,0,2096183,6072,38,attention_q8_0_fa2_gqa_gfx11,6072,294965027443590,294965032580361,0,0,224,0,128,256,1,1,8192,4,1
KERNEL_DISPATCH,Agent 2,1,0,2096183,6056,38,attention_q8_0_fa2_gqa_gfx11,6056,294965010630694,294965014096578,0,0,224,0,128,256,1,1,8192,4,1
KERNEL_DISPATCH,Agent 2,1,0,2096183,6067,39,attention_fa2_q_preconvert_gfx11,6067,294965022546027,294965022623011,0,0,16,0,128,128,1,1,393216,1,1
KERNEL_DISPATCH,Agent 2,1,0,2096183,6051,39,attention_fa2_q_preconvert_gfx11,6051,294965007346109,294965007425537,0,0,16,0,128,128,1,1,393216,1,1
KERNEL_DISPATCH,Agent 2,1,0,2096183,6062,37,kv_cache_write_q8_0_batched,6062,294965018137058,294965018150964,0,0,8,0,128,32,1,1,1024,512,1
KERNEL_DISPATCH,Agent 2,1,0,2096183,6046,37,kv_cache_write_q8_0_batched,6046,294965004579292,294965004591635,0,0,8,0,128,32,1,1,1024,512,1
KERNEL_DISPATCH,Agent 2,1,0,2096183,6057,37,kv_cache_write_q8_0_batched,6057,294965014107479,294965014121104,0,0,8,0,128,32,1,1,1024,512,1
KERNEL_DISPATCH,Agent 2,1,0,2096183,6041,37,kv_cache_write_q8_0_batched,6041,294965002214347,294965002228534,0,0,8,0,128,32,1,1,1024,512,1
KERNEL_DISPATCH,Agent 2,1,0,2096183,6052,38,attention_q8_0_fa2_gqa_gfx11,6052,294965007431909,294965010497244,0,0,224,0,128,256,1,1,8192,4,1
KERNEL_DISPATCH,Agent 2,1,0,2096183,6036,38,attention_q8_0_fa2_gqa_gfx11,6036,294964998856825,294965000273476,0,0,224,0,128,256,1,1,8192,4,1
KERNEL_DISPATCH,Agent 2,1,0,2096183,6047,39,attention_fa2_q_preconvert_gfx11,6047,294965004593519,294965004673107,0,0,16,0,128,128,1,1,393216,1,1
KERNEL_DISPATCH,Agent 2,1,0,2096183,6031,39,attention_fa2_q_preconvert_gfx11,6031,294964997644397,294964997722303,0,0,16,0,128,128,1,1,393216,1,1
KERNEL_DISPATCH,Agent 2,1,0,2096183,6042,37,kv_cache_write_q8_0_batched,6042,294965002230497,294965002243041,0,0,8,0,128,32,1,1,1024,512,1
KERNEL_DISPATCH,Agent 2,1,0,2096183,6026,37,kv_cache_write_q8_0_batched,6026,294964996883253,294964996900806,0,0,8,0,128,32,1,1,1024,512,1
KERNEL_DISPATCH,Agent 2,1,0,2096183,6037,37,kv_cache_write_q8_0_batched,6037,294965000284376,294965000297641,0,0,8,0,128,32,1,1,1024,512,1
KERNEL_DISPATCH,Agent 2,1,0,2096183,6021,37,kv_cache_write_q8_0_batched,6021,294964996414055,294964996435696,0,0,8,0,128,32,1,1,1024,512,1
KERNEL_DISPATCH,Agent 2,1,0,2096183,6032,38,attention_q8_0_fa2_gqa_gfx11,6032,294964997728715,294964998728265,0,0,224,0,128,256,1,1,8192,4,1
KERNEL_DISPATCH,Agent 2,1,0,2096183,6016,27,gemm_mq4g256v2_residual_iu4_v2b_set_gfx11,6016,294964987420348,294964988845976,0,0,248,0,128,32,16,1,1024,64,1
KERNEL_DISPATCH,Agent 2,1,0,2096183,6027,39,attention_fa2_q_preconvert_gfx11,6027,294964996902689,294964996993259,0,0,16,0,128,128,1,1,393216,1,1
KERNEL_DISPATCH,Agent 2,1,0,2096183,6022,37,kv_cache_write_q8_0_batched,6022,294964996437619,294964996460742,0,0,8,0,128,32,1,1,1024,512,1
KERNEL_DISPATCH,Agent 2,1,0,2096183,6017,27,gemm_mq4g256v2_residual_iu4_v2b_set_gfx11,6017,294964988857036,294964990253529,0,0,248,0,128,32,16,1,1024,64,1
KERNEL_DISPATCH,Agent 2,1,0,2096183,6012,30,fused_silu_mul_mq_rotate_awq_i4_hin,6012,294964947310024,294964950320737,0,0,80,0,128,32,1,1,2176,8192,1
KERNEL_DISPATCH,Agent 2,1,0,2096183,6007,22,gdn_chunk_scan,6007,294964893380364,294964893691586,60928,0,216,0,128,512,1,1,512,48,1
KERNEL_DISPATCH,Agent 2,1,0,2096183,6002,21,gdn_chunk_kkt_solve,6002,294964892600505,294964892647473,11776,0,120,0,128,128,1,1,1024,16,1
KERNEL_DISPATCH,Agent 2,1,0,2096183,5997,22,gdn_chunk_scan,5997,294964891538999,294964891855431,60928,0,216,0,128,512,1,1,512,48,1
KERNEL_DISPATCH,Agent 2,1,0,2096183,6138,20,gdn_chunk_prep,6138,294965262470955,294965265531642,0,0,72,0,128,256,1,1,32768,10,1
KERNEL_DISPATCH,Agent 2,1,0,2096183,5992,21,gdn_chunk_kkt_solve,5992,294964890751525,294964890798533,11776,0,120,0,128,128,1,1,1024,16,1
KERNEL_DISPATCH,Agent 2,1,0,2096183,6133,26,gemm_mq4g256v2_residual_iu4_v2b_add_gfx11,6133,294965218181973,294965239933108,0,0,248,0,128,32,16,1,1024,320,1
KERNEL_DISPATCH,Agent 2,1,0,2096183,5987,22,gdn_chunk_scan,5987,294964889699197,294964890009858,60928,0,216,0,128,512,1,1,512,48,1
KERNEL_DISPATCH,Agent 2,1,0,2096183,6128,29,gated_norm_mq_rotate_awq_i4_gfx11,6128,294965161498521,294965163924580,1024,0,48,0,128,64,1,1,1536,8192,1
KERNEL_DISPATCH,Agent 2,1,0,2096183,5982,21,gdn_chunk_kkt_solve,5982,294964888915530,294964888962138,11776,0,120,0,128,128,1,1,1024,16,1
KERNEL_DISPATCH,Agent 2,1,0,2096183,6123,22,gdn_chunk_scan,6123,294965160446152,294965160757214,60928,0,216,0,128,512,1,1,512,48,1
KERNEL_DISPATCH,Agent 2,1,0,2096183,5977,22,gdn_chunk_scan,5977,294964887839397,294964888169134,60928,0,216,0,128,512,1,1,512,48,1
KERNEL_DISPATCH,Agent 2,1,0,2096183,6118,21,gdn_chunk_kkt_solve,6118,294965159665210,294965159709133,11776,0,120,0,128,128,1,1,1024,16,1
KERNEL_DISPATCH,Agent 2,1,0,2096183,6113,22,gdn_chunk_scan,6113,294965158597212,294965158914847,60928,0,216,0,128,512,1,1,512,48,1
KERNEL_DISPATCH,Agent 2,1,0,2096183,5972,27,gemm_mq4g256v2_residual_iu4_v2b_set_gfx11,5972,294964863188837,294964875138194,0,0,248,0,128,32,16,1,1024,640,1
KERNEL_DISPATCH,Agent 2,1,0,2096183,6108,21,gdn_chunk_kkt_solve,6108,294965157818636,294965157863399,11776,0,120,0,128,128,1,1,1024,16,1
KERNEL_DISPATCH,Agent 2,1,0,2096183,5967,23,fused_rmsnorm_mq_rotate_awq_i4,5967,294964795562752,294964796729775,0,0,96,0,128,256,1,1,2097152,1,1
KERNEL_DISPATCH,Agent 2,1,0,2096183,6103,22,gdn_chunk_scan,6103,294965156759133,294965157071638,60928,0,216,0,128,512,1,1,512,48,1
KERNEL_DISPATCH,Agent 2,1,0,2096183,5962,22,gdn_chunk_scan,5962,294964782995038,294964783305058,60928,0,216,0,128,512,1,1,512,48,1
KERNEL_DISPATCH,Agent 2,1,0,2096183,6098,21,gdn_chunk_kkt_solve,6098,294965155977832,294965156023637,11776,0,120,0,128,128,1,1,1024,16,1
KERNEL_DISPATCH,Agent 2,1,0,2096183,5957,21,gdn_chunk_kkt_solve,5957,294964782214738,294964782260985,11776,0,120,0,128,128,1,1,1024,16,1
KERNEL_DISPATCH,Agent 2,1,0,2096183,6093,27,gemm_mq4g256v2_residual_iu4_v2b_set_gfx11,6093,294965142854398,294965150238213,0,0,248,0,128,32,16,1,1024,400,1
KERNEL_DISPATCH,Agent 2,1,0,2096183,5952,22,gdn_chunk_scan,5952,294964781164974,294964781477880,60928,0,216,0,128,512,1,1,512,48,1
KERNEL_DISPATCH,Agent 2,1,0,2096183,6088,24,gemm_mq4g256v2_gate_up_silu_iu4_v2b_gfx11,6088,294965063582564,294965104557146,0,0,248,0,128,32,16,1,1024,2176,1
KERNEL_DISPATCH,Agent 2,1,0,2096183,6083,39,attention_fa2_q_preconvert_gfx11,6083,294965044347216,294965044412538,0,0,16,0,128,128,1,1,393216,1,1
KERNEL_DISPATCH,Agent 2,1,0,2096183,5947,21,gdn_chunk_kkt_solve,5947,294964780385035,294964780431281,11776,0,120,0,128,128,1,1,1024,16,1
KERNEL_DISPATCH,Agent 2,1,0,2096183,6078,37,kv_cache_write_q8_0_batched,6078,294965038263514,294965038278862,0,0,8,0,128,32,1,1,1024,512,1
KERNEL_DISPATCH,Agent 2,1,0,2096183,5942,22,gdn_chunk_scan,5942,294964779324651,294964779638558,60928,0,216,0,128,512,1,1,512,48,1
KERNEL_DISPATCH,Agent 2,1,0,2096183,6073,37,kv_cache_write_q8_0_batched,6073,294965032591421,294965032606650,0,0,8,0,128,32,1,1,1024,512,1
KERNEL_DISPATCH,Agent 2,1,0,2096183,5937,21,gdn_chunk_kkt_solve,5937,294964778538901,294964778585468,11776,0,120,0,128,128,1,1,1024,16,1
KERNEL_DISPATCH,Agent 2,1,0,2096183,6068,38,attention_q8_0_fa2_gqa_gfx11,6068,294965022629463,294965027318676,0,0,224,0,128,256,1,1,8192,4,1
KERNEL_DISPATCH,Agent 2,1,0,2096183,5932,20,gdn_chunk_prep,5932,294964774504192,294964777769742,0,0,72,0,128,256,1,1,32768,10,1
KERNEL_DISPATCH,Agent 2,1,0,2096183,6063,39,attention_fa2_q_preconvert_gfx11,6063,294965018153008,294965018232036,0,0,16,0,128,128,1,1,393216,1,1
KERNEL_DISPATCH,Agent 2,1,0,2096183,6058,37,kv_cache_write_q8_0_batched,6058,294965014123068,294965014136493,0,0,8,0,128,32,1,1,1024,512,1
KERNEL_DISPATCH,Agent 2,1,0,2096183,5799,22,gdn_chunk_scan,5799,294964406716879,294964407029905,60928,0,216,0,128,512,1,1,512,48,1
KERNEL_DISPATCH,Agent 2,1,0,2096183,6053,37,kv_cache_write_q8_0_batched,6053,294965010508145,294965010521850,0,0,8,0,128,32,1,1,1024,512,1
KERNEL_DISPATCH,Agent 2,1,0,2096183,5794,21,gdn_chunk_kkt_solve,5794,294964405942831,294964405987154,11776,0,120,0,128,128,1,1,1024,16,1
KERNEL_DISPATCH,Agent 2,1,0,2096183,6048,38,attention_q8_0_fa2_gqa_gfx11,6048,294965004679640,294965007305392,0,0,224,0,128,256,1,1,8192,4,1
KERNEL_DISPATCH,Agent 2,1,0,2096183,6043,39,attention_fa2_q_preconvert_gfx11,6043,294965002244965,294965002324273,0,0,16,0,128,128,1,1,393216,1,1
KERNEL_DISPATCH,Agent 2,1,0,2096183,6038,37,kv_cache_write_q8_0_batched,6038,294965000299485,294965000312148,0,0,8,0,128,32,1,1,1024,512,1
KERNEL_DISPATCH,Agent 2,1,0,2096183,6033,37,kv_cache_write_q8_0_batched,6033,294964998739165,294964998753151,0,0,8,0,128,32,1,1,1024,512,1
KERNEL_DISPATCH,Agent 2,1,0,2096183,6028,38,attention_q8_0_fa2_gqa_gfx11,6028,294964996999671,294964997603521,0,0,224,0,128,256,1,1,8192,4,1
KERNEL_DISPATCH,Agent 2,1,0,2096183,6023,39,attention_fa2_q_preconvert_gfx11,6023,294964996462746,294964996610783,0,0,16,0,128,128,1,1,393216,1,1
KERNEL_DISPATCH,Agent 2,1,0,2096183,6018,31,deinterleave_q_rmsnorm_f32_batched,6018,294964990264550,294964993829740,0,0,24,0,128,256,1,1,6144,8192,1
KERNEL_DISPATCH,Agent 2,1,0,2096183,6013,26,gemm_mq4g256v2_residual_iu4_v2b_add_gfx11,6013,294964950331757,294964971888329,0,0,248,0,128,32,16,1,1024,320,1
KERNEL_DISPATCH,Agent 2,1,0,2096183,6008,29,gated_norm_mq_rotate_awq_i4_gfx11,6008,294964893698078,294964896119689,1024,0,48,0,128,64,1,1,1536,8192,1
KERNEL_DISPATCH,Agent 2,1,0,2096183,6003,22,gdn_chunk_scan,6003,294964892649396,294964892958735,60928,0,216,0,128,512,1,1,512,48,1
KERNEL_DISPATCH,Agent 2,1,0,2096183,5998,21,gdn_chunk_kkt_solve,5998,294964891861803,294964891909011,11776,0,120,0,128,128,1,1,1024,16,1
KERNEL_DISPATCH,Agent 2,1,0,2096183,5993,22,gdn_chunk_scan,5993,294964890800577,294964891111719,60928,0,216,0,128,512,1,1,512,48,1
KERNEL_DISPATCH,Agent 2,1,0,2096183,5988,21,gdn_chunk_kkt_solve,5988,294964890016310,294964890062637,11776,0,120,0,128,128,1,1,1024,16,1
KERNEL_DISPATCH,Agent 2,1,0,2096183,5983,22,gdn_chunk_scan,5983,294964888964141,294964889274762,60928,0,216,0,128,512,1,1,512,48,1
KERNEL_DISPATCH,Agent 2,1,0,2096183,5978,21,gdn_chunk_kkt_solve,5978,294964888175586,294964888225800,11776,0,120,0,128,128,1,1,1024,16,1
KERNEL_DISPATCH,Agent 2,1,0,2096183,5973,27,gemm_mq4g256v2_residual_iu4_v2b_set_gfx11,5973,294964875149415,294964882451156,0,0,248,0,128,32,16,1,1024,400,1
KERNEL_DISPATCH,Agent 2,1,0,2096183,5968,24,gemm_mq4g256v2_gate_up_silu_iu4_v2b_gfx11,5968,294964796740716,294964837153807,0,0,248,0,128,32,16,1,1024,2176,1
KERNEL_DISPATCH,Agent 2,1,0,2096183,5963,21,gdn_chunk_kkt_solve,5963,294964783311430,294964783359680,11776,0,120,0,128,128,1,1,1024,16,1
KERNEL_DISPATCH,Agent 2,1,0,2096183,5958,22,gdn_chunk_scan,5958,294964782262788,294964782573970,60928,0,216,0,128,512,1,1,512,48,1
KERNEL_DISPATCH,Agent 2,1,0,2096183,5953,21,gdn_chunk_kkt_solve,5953,294964781484292,294964781531380,11776,0,120,0,128,128,1,1,1024,16,1
KERNEL_DISPATCH,Agent 2,1,0,2096183,5948,22,gdn_chunk_scan,5948,294964780433205,294964780744067,60928,0,216,0,128,512,1,1,512,48,1
KERNEL_DISPATCH,Agent 2,1,0,2096183,6011,24,gemm_mq4g256v2_gate_up_silu_iu4_v2b_gfx11,6011,294964906770376,294964947298963,0,0,248,0,128,32,16,1,1024,2176,1
KERNEL_DISPATCH,Agent 2,1,0,2096183,5943,21,gdn_chunk_kkt_solve,5943,294964779645010,294964779697669,11776,0,120,0,128,128,1,1,1024,16,1
KERNEL_DISPATCH,Agent 2,1,0,2096183,6006,21,gdn_chunk_kkt_solve,6006,294964893334358,294964893378480,11776,0,120,0,128,128,1,1,1024,16,1
KERNEL_DISPATCH,Agent 2,1,0,2096183,5938,22,gdn_chunk_scan,5938,294964778587392,294964778900097,60928,0,216,0,128,512,1,1,512,48,1
KERNEL_DISPATCH,Agent 2,1,0,2096183,6001,22,gdn_chunk_scan,6001,294964892276338,294964892594053,60928,0,216,0,128,512,1,1,512,48,1
KERNEL_DISPATCH,Agent 2,1,0,2096183,5933,21,gdn_chunk_kkt_solve,5933,294964777780722,294964777831738,11776,0,120,0,128,128,1,1,1024,16,1
KERNEL_DISPATCH,Agent 2,1,0,2096183,5996,21,gdn_chunk_kkt_solve,5996,294964891489747,294964891536995,11776,0,120,0,128,128,1,1,1024,16,1
KERNEL_DISPATCH,Agent 2,1,0,2096183,5928,23,fused_rmsnorm_mq_rotate_awq_i4,5928,294964751971635,294964753127117,0,0,96,0,128,256,1,1,2097152,1,1
KERNEL_DISPATCH,Agent 2,1,0,2096183,5991,22,gdn_chunk_scan,5991,294964890434813,294964890745154,60928,0,216,0,128,512,1,1,512,48,1
KERNEL_DISPATCH,Agent 2,1,0,2096183,5923,26,gemm_mq4g256v2_residual_iu4_v2b_add_gfx11,5923,294964676444727,294964685762801,0,0,248,0,128,32,16,1,1024,320,1
KERNEL_DISPATCH,Agent 2,1,0,2096183,5986,21,gdn_chunk_kkt_solve,5986,294964889649263,294964889697313,11776,0,120,0,128,128,1,1,1024,16,1
KERNEL_DISPATCH,Agent 2,1,0,2096183,5918,21,gdn_chunk_kkt_solve,5918,294964673262774,294964673311345,11776,0,120,0,128,128,1,1,1024,16,1
KERNEL_DISPATCH,Agent 2,1,0,2096183,5981,22,gdn_chunk_scan,5981,294964888599459,294964888909118,60928,0,216,0,128,512,1,1,512,48,1
KERNEL_DISPATCH,Agent 2,1,0,2096183,5913,22,gdn_chunk_scan,5913,294964672204995,294964672515215,60928,0,216,0,128,512,1,1,512,48,1
KERNEL_DISPATCH,Agent 2,1,0,2096183,5976,21,gdn_chunk_kkt_solve,5976,294964887788061,294964887837353,11776,0,120,0,128,128,1,1,1024,16,1
KERNEL_DISPATCH,Agent 2,1,0,2096183,5908,21,gdn_chunk_kkt_solve,5908,294964671410188,294964671458639,11776,0,120,0,128,128,1,1,1024,16,1
KERNEL_DISPATCH,Agent 2,1,0,2096183,5971,23,fused_rmsnorm_mq_rotate_awq_i4,5971,294964862008749,294964863177856,0,0,96,0,128,256,1,1,2097152,1,1
KERNEL_DISPATCH,Agent 2,1,0,2096183,5903,22,gdn_chunk_scan,5903,294964670353972,294964670667799,60928,0,216,0,128,512,1,1,512,48,1
KERNEL_DISPATCH,Agent 2,1,0,2096183,5898,21,gdn_chunk_kkt_solve,5898,294964669564415,294964669614909,11776,0,120,0,128,128,1,1,1024,16,1
KERNEL_DISPATCH,Agent 2,1,0,2096183,5893,22,gdn_chunk_scan,5893,294964668499903,294964668813930,60928,0,216,0,128,512,1,1,512,48,1
KERNEL_DISPATCH,Agent 2,1,0,2096183,5888,28,split_mq4v2_z_betaalpha,5888,294964662834223,294964664866786,0,0,16,0,128,256,1,1,2097152,1,1
KERNEL_DISPATCH,Agent 2,1,0,2096183,5883,30,fused_silu_mul_mq_rotate_awq_i4_hin,5883,294964617419574,294964620426119,0,0,80,0,128,32,1,1,2176,8192,1
KERNEL_DISPATCH,Agent 2,1,0,2096183,5878,38,attention_q8_0_fa2_gqa_gfx11,5878,294964557874207,294964564237112,0,0,224,0,128,256,1,1,8192,4,1
KERNEL_DISPATCH,Agent 2,1,0,2096183,5873,39,attention_fa2_q_preconvert_gfx11,5873,294964551745060,294964551817716,0,0,16,0,128,128,1,1,393216,1,1
KERNEL_DISPATCH,Agent 2,1,0,2096183,5868,37,kv_cache_write_q8_0_batched,5868,294964546097694,294964546113524,0,0,8,0,128,32,1,1,1024,512,1
KERNEL_DISPATCH,Agent 2,1,0,2096183,5863,37,kv_cache_write_q8_0_batched,5863,294964540882256,294964540896483,0,0,8,0,128,32,1,1,1024,512,1
KERNEL_DISPATCH,Agent 2,1,0,2096183,5858,38,attention_q8_0_fa2_gqa_gfx11,5858,294964531840379,294964536096062,0,0,224,0,128,256,1,1,8192,4,1
KERNEL_DISPATCH,Agent 2,1,0,2096183,5853,39,attention_fa2_q_preconvert_gfx11,5853,294964527770885,294964527848150,0,0,16,0,128,128,1,1,393216,1,1
KERNEL_DISPATCH,Agent 2,1,0,2096183,5848,37,kv_cache_write_q8_0_batched,5848,294964524143779,294964524157245,0,0,8,0,128,32,1,1,1024,512,1
KERNEL_DISPATCH,Agent 2,1,0,2096183,5843,37,kv_cache_write_q8_0_batched,5843,294964520962828,294964520976534,0,0,8,0,128,32,1,1,1024,512,1
KERNEL_DISPATCH,Agent 2,1,0,2096183,5838,38,attention_q8_0_fa2_gqa_gfx11,5838,294964515983953,294964518201021,0,0,224,0,128,256,1,1,8192,4,1
KERNEL_DISPATCH,Agent 2,1,0,2096183,5833,39,attention_fa2_q_preconvert_gfx11,5833,294964513950989,294964514030418,0,0,16,0,128,128,1,1,393216,1,1
KERNEL_DISPATCH,Agent 2,1,0,2096183,5828,37,kv_cache_write_q8_0_batched,5828,294964512400608,294964512413472,0,0,8,0,128,32,1,1,1024,512,1
KERNEL_DISPATCH,Agent 2,1,0,2096183,5927,26,gemm_mq4g256v2_residual_iu4_v2b_add_gfx11,5927,294964730367935,294964751960494,0,0,248,0,128,32,16,1,1024,320,1
KERNEL_DISPATCH,Agent 2,1,0,2096183,5823,37,kv_cache_write_q8_0_batched,5823,294964511261197,294964511274702,0,0,8,0,128,32,1,1,1024,512,1
KERNEL_DISPATCH,Agent 2,1,0,2096183,5922,29,gated_norm_mq_rotate_awq_i4_gfx11,5922,294964674001636,294964676433747,1024,0,48,0,128,64,1,1,1536,8192,1
KERNEL_DISPATCH,Agent 2,1,0,2096183,5818,38,attention_q8_0_fa2_gqa_gfx11,5818,294964510227863,294964510491517,0,0,224,0,128,256,1,1,8192,4,1
KERNEL_DISPATCH,Agent 2,1,0,2096183,5813,33,rmsnorm_f32,5813,294964507451068,294964507747863,0,0,16,0,128,256,1,1,8388608,1,1
KERNEL_DISPATCH,Agent 2,1,0,2096183,5917,22,gdn_chunk_scan,5917,294964672941373,294964673256362,60928,0,216,0,128,512,1,1,512,48,1
KERNEL_DISPATCH,Agent 2,1,0,2096183,5789,22,gdn_chunk_scan,5789,294964404883970,294964405199600,60928,0,216,0,128,512,1,1,512,48,1
KERNEL_DISPATCH,Agent 2,1,0,2096183,5912,21,gdn_chunk_kkt_solve,5912,294964672154460,294964672203031,11776,0,120,0,128,128,1,1,1024,16,1
KERNEL_DISPATCH,Agent 2,1,0,2096183,5808,23,fused_rmsnorm_mq_rotate_awq_i4,5808,294964485589767,294964486763042,0,0,96,0,128,256,1,1,2097152,1,1
KERNEL_DISPATCH,Agent 2,1,0,2096183,5803,26,gemm_mq4g256v2_residual_iu4_v2b_add_gfx11,5803,294964409837397,294964419327994,0,0,248,0,128,32,16,1,1024,320,1
KERNEL_DISPATCH,Agent 2,1,0,2096183,5907,22,gdn_chunk_scan,5907,294964671091712,294964671403816,60928,0,216,0,128,512,1,1,512,48,1
KERNEL_DISPATCH,Agent 2,1,0,2096183,5798,21,gdn_chunk_kkt_solve,5798,294964406671274,294964406715036,11776,0,120,0,128,128,1,1,1024,16,1
KERNEL_DISPATCH,Agent 2,1,0,2096183,5902,21,gdn_chunk_kkt_solve,5902,294964670304199,294964670352128,11776,0,120,0,128,128,1,1,1024,16,1
KERNEL_DISPATCH,Agent 2,1,0,2096183,5793,22,gdn_chunk_scan,5793,294964405623273,294964405936339,60928,0,216,0,128,512,1,1,512,48,1
KERNEL_DISPATCH,Agent 2,1,0,2096183,5897,22,gdn_chunk_scan,5897,294964669244095,294964669558043,60928,0,216,0,128,512,1,1,512,48,1
KERNEL_DISPATCH,Agent 2,1,0,2096183,5788,21,gdn_chunk_kkt_solve,5788,294964404837002,294964404882086,11776,0,120,0,128,128,1,1,1024,16,1
KERNEL_DISPATCH,Agent 2,1,0,2096183,5892,21,gdn_chunk_kkt_solve,5892,294964668448807,294964668497979,11776,0,120,0,128,128,1,1,1024,16,1
KERNEL_DISPATCH,Agent 2,1,0,2096183,5783,22,gdn_chunk_scan,5783,294964403785795,294964404100584,60928,0,216,0,128,512,1,1,512,48,1
KERNEL_DISPATCH,Agent 2,1,0,2096183,5887,27,gemm_mq4g256v2_residual_iu4_v2b_set_gfx11,5887,294964655491164,294964662823122,0,0,248,0,128,32,16,1,1024,400,1
KERNEL_DISPATCH,Agent 2,1,0,2096183,5778,21,gdn_chunk_kkt_solve,5778,294964403009022,294964403053184,11776,0,120,0,128,128,1,1,1024,16,1
KERNEL_DISPATCH,Agent 2,1,0,2096183,5882,24,gemm_mq4g256v2_gate_up_silu_iu4_v2b_gfx11,5882,294964576661678,294964617408513,0,0,248,0,128,32,16,1,1024,2176,1
KERNEL_DISPATCH,Agent 2,1,0,2096183,5877,39,attention_fa2_q_preconvert_gfx11,5877,294964557800389,294964557867755,0,0,16,0,128,128,1,1,393216,1,1
KERNEL_DISPATCH,Agent 2,1,0,2096183,5872,37,kv_cache_write_q8_0_batched,5872,294964551727708,294964551743096,0,0,8,0,128,32,1,1,1024,512,1
KERNEL_DISPATCH,Agent 2,1,0,2096183,5867,37,kv_cache_write_q8_0_batched,5867,294964546080903,294964546095730,0,0,8,0,128,32,1,1,1024,512,1
KERNEL_DISPATCH,Agent 2,1,0,2096183,5862,38,attention_q8_0_fa2_gqa_gfx11,5862,294964536228068,294964540871115,0,0,224,0,128,256,1,1,8192,4,1
KERNEL_DISPATCH,Agent 2,1,0,2096183,5857,39,attention_fa2_q_preconvert_gfx11,5857,294964531754579,294964531833807,0,0,16,0,128,128,1,1,393216,1,1
KERNEL_DISPATCH,Agent 2,1,0,2096183,5852,37,kv_cache_write_q8_0_batched,5852,294964527754254,294964527768922,0,0,8,0,128,32,1,1,1024,512,1
KERNEL_DISPATCH,Agent 2,1,0,2096183,5847,37,kv_cache_write_q8_0_batched,5847,294964524128511,294964524141856,0,0,8,0,128,32,1,1,1024,512,1
KERNEL_DISPATCH,Agent 2,1,0,2096183,5842,38,attention_q8_0_fa2_gqa_gfx11,5842,294964518329100,294964520951847,0,0,224,0,128,256,1,1,8192,4,1
KERNEL_DISPATCH,Agent 2,1,0,2096183,5837,39,attention_fa2_q_preconvert_gfx11,5837,294964515896790,294964515977461,0,0,16,0,128,128,1,1,393216,1,1
KERNEL_DISPATCH,Agent 2,1,0,2096183,5832,37,kv_cache_write_q8_0_batched,5832,294964513936081,294964513949025,0,0,8,0,128,32,1,1,1024,512,1
KERNEL_DISPATCH,Agent 2,1,0,2096183,5827,37,kv_cache_write_q8_0_batched,5827,294964512380130,294964512398725,0,0,8,0,128,32,1,1,1024,512,1
KERNEL_DISPATCH,Agent 2,1,0,2096183,5822,38,attention_q8_0_fa2_gqa_gfx11,5822,294964510635506,294964511250497,0,0,224,0,128,256,1,1,8192,4,1
KERNEL_DISPATCH,Agent 2,1,0,2096183,5817,39,attention_fa2_q_preconvert_gfx11,5817,294964510074777,294964510221331,0,0,16,0,128,128,1,1,393216,1,1
KERNEL_DISPATCH,Agent 2,1,0,2096183,5812,31,deinterleave_q_rmsnorm_f32_batched,5812,294964503873134,294964507440128,0,0,24,0,128,256,1,1,6144,8192,1
KERNEL_DISPATCH,Agent 2,1,0,2096183,5807,26,gemm_mq4g256v2_residual_iu4_v2b_add_gfx11,5807,294964463944469,294964485578666,0,0,248,0,128,32,16,1,1024,320,1
KERNEL_DISPATCH,Agent 2,1,0,2096183,5802,29,gated_norm_mq_rotate_awq_i4_gfx11,5802,294964407399276,294964409826417,1024,0,48,0,128,64,1,1,1536,8192,1
KERNEL_DISPATCH,Agent 2,1,0,2096183,5797,22,gdn_chunk_scan,5797,294964406351796,294964406664741,60928,0,216,0,128,512,1,1,512,48,1
KERNEL_DISPATCH,Agent 2,1,0,2096183,5792,21,gdn_chunk_kkt_solve,5792,294964405577387,294964405621309,11776,0,120,0,128,128,1,1,1024,16,1
KERNEL_DISPATCH,Agent 2,1,0,2096183,5787,22,gdn_chunk_scan,5787,294964404517885,294964404830630,60928,0,216,0,128,512,1,1,512,48,1
KERNEL_DISPATCH,Agent 2,1,0,2096183,5782,21,gdn_chunk_kkt_solve,5782,294964403740150,294964403783952,11776,0,120,0,128,128,1,1,1024,16,1
KERNEL_DISPATCH,Agent 2,1,0,2096183,5777,22,gdn_chunk_scan,5777,294964402691588,294964403002570,60928,0,216,0,128,512,1,1,512,48,1
KERNEL_DISPATCH,Agent 2,1,0,2096183,5772,21,gdn_chunk_kkt_solve,5772,294964401898785,294964401947035,11776,0,120,0,128,128,1,1,1024,16,1
KERNEL_DISPATCH,Agent 2,1,0,2096183,5767,27,gemm_mq4g256v2_residual_iu4_v2b_set_gfx11,5767,294964388885277,294964396202247,0,0,248,0,128,32,16,1,1024,400,1
KERNEL_DISPATCH,Agent 2,1,0,2096183,5966,26,gemm_mq4g256v2_residual_iu4_v2b_add_gfx11,5966,294964786106099,294964795551771,0,0,248,0,128,32,16,1,1024,320,1
KERNEL_DISPATCH,Agent 2,1,0,2096183,5762,24,gemm_mq4g256v2_gate_up_silu_iu4_v2b_gfx11,5762,294964310795975,294964351225337,0,0,248,0,128,32,16,1,1024,2176,1
KERNEL_DISPATCH,Agent 2,1,0,2096183,5961,21,gdn_chunk_kkt_solve,5961,294964782950234,294964782993114,11776,0,120,0,128,128,1,1,1024,16,1
KERNEL_DISPATCH,Agent 2,1,0,2096183,5757,21,gdn_chunk_kkt_solve,5757,294964297413538,294964297459984,11776,0,120,0,128,128,1,1,1024,16,1
KERNEL_DISPATCH,Agent 2,1,0,2096183,5956,22,gdn_chunk_scan,5956,294964781898747,294964782208206,60928,0,216,0,128,512,1,1,512,48,1
KERNEL_DISPATCH,Agent 2,1,0,2096183,5752,22,gdn_chunk_scan,5752,294964296363132,294964296672631,60928,0,216,0,128,512,1,1,512,48,1
KERNEL_DISPATCH,Agent 2,1,0,2096183,5951,21,gdn_chunk_kkt_solve,5951,294964781117285,294964781163091,11776,0,120,0,128,128,1,1,1024,16,1
KERNEL_DISPATCH,Agent 2,1,0,2096183,5747,21,gdn_chunk_kkt_solve,5747,294964295567243,294964295619541,11776,0,120,0,128,128,1,1,1024,16,1
KERNEL_DISPATCH,Agent 2,1,0,2096183,5946,22,gdn_chunk_scan,5946,294964780065998,294964780378583,60928,0,216,0,128,512,1,1,512,48,1
KERNEL_DISPATCH,Agent 2,1,0,2096183,5742,22,gdn_chunk_scan,5742,294964294514193,294964294827539,60928,0,216,0,128,512,1,1,512,48,1
KERNEL_DISPATCH,Agent 2,1,0,2096183,5737,21,gdn_chunk_kkt_solve,5737,294964293726680,294964293774128,11776,0,120,0,128,128,1,1,1024,16,1
KERNEL_DISPATCH,Agent 2,1,0,2096183,5941,21,gdn_chunk_kkt_solve,5941,294964779276280,294964779322807,11776,0,120,0,128,128,1,1,1024,16,1
KERNEL_DISPATCH,Agent 2,1,0,2096183,5732,22,gdn_chunk_scan,5732,294964292663090,294964292976917,60928,0,216,0,128,512,1,1,512,48,1
KERNEL_DISPATCH,Agent 2,1,0,2096183,5936,22,gdn_chunk_scan,5936,294964778219904,294964778532449,60928,0,216,0,128,512,1,1,512,48,1
KERNEL_DISPATCH,Agent 2,1,0,2096183,5727,21,gdn_chunk_kkt_solve,5727,294964291860067,294964291911403,11776,0,120,0,128,128,1,1,1024,16,1
KERNEL_DISPATCH,Agent 2,1,0,2096183,5722,23,fused_rmsnorm_mq_rotate_awq_i4,5722,294964266041322,294964267223253,0,0,96,0,128,256,1,1,2097152,1,1
KERNEL_DISPATCH,Agent 2,1,0,2096183,5931,28,split_mq4v2_z_betaalpha,5931,294964772462131,294964774493171,0,0,16,0,128,256,1,1,2097152,1,1
KERNEL_DISPATCH,Agent 2,1,0,2096183,5926,30,fused_silu_mul_mq_rotate_awq_i4_hin,5926,294964727343316,294964730356915,0,0,80,0,128,32,1,1,2176,8192,1
KERNEL_DISPATCH,Agent 2,1,0,2096183,5717,26,gemm_mq4g256v2_residual_iu4_v2b_add_gfx11,5717,294964190349426,294964199890717,0,0,248,0,128,32,16,1,1024,320,1
KERNEL_DISPATCH,Agent 2,1,0,2096183,5921,22,gdn_chunk_scan,5921,294964673685926,294964673995064,60928,0,216,0,128,512,1,1,512,48,1
KERNEL_DISPATCH,Agent 2,1,0,2096183,5712,21,gdn_chunk_kkt_solve,5712,294964187155129,294964187201656,11776,0,120,0,128,128,1,1,1024,16,1
KERNEL_DISPATCH,Agent 2,1,0,2096183,5916,21,gdn_chunk_kkt_solve,5916,294964672893523,294964672939529,11776,0,120,0,128,128,1,1,1024,16,1
KERNEL_DISPATCH,Agent 2,1,0,2096183,5911,22,gdn_chunk_scan,5911,294964671834462,294964672148048,60928,0,216,0,128,512,1,1,512,48,1
KERNEL_DISPATCH,Agent 2,1,0,2096183,5707,22,gdn_chunk_scan,5707,294964186096829,294964186410256,60928,0,216,0,128,512,1,1,512,48,1
KERNEL_DISPATCH,Agent 2,1,0,2096183,5702,21,gdn_chunk_kkt_solve,5702,294964185305228,294964185351635,11776,0,120,0,128,128,1,1,1024,16,1
KERNEL_DISPATCH,Agent 2,1,0,2096183,5697,22,gdn_chunk_scan,5697,294964184252378,294964184564763,60928,0,216,0,128,512,1,1,512,48,1
KERNEL_DISPATCH,Agent 2,1,0,2096183,5692,21,gdn_chunk_kkt_solve,5692,294964183460417,294964183508507,11776,0,120,0,128,128,1,1,1024,16,1
KERNEL_DISPATCH,Agent 2,1,0,2096183,5687,22,gdn_chunk_scan,5687,294964182399151,294964182714381,60928,0,216,0,128,512,1,1,512,48,1
KERNEL_DISPATCH,Agent 2,1,0,2096183,5784,21,gdn_chunk_kkt_solve,5784,294964404107036,294964404152682,11776,0,120,0,128,128,1,1,1024,16,1
KERNEL_DISPATCH,Agent 2,1,0,2096183,5682,28,split_mq4v2_z_betaalpha,5682,294964176642020,294964178671577,0,0,16,0,128,256,1,1,2097152,1,1
KERNEL_DISPATCH,Agent 2,1,0,2096183,5779,22,gdn_chunk_scan,5779,294964403055148,294964403367212,60928,0,216,0,128,512,1,1,512,48,1
KERNEL_DISPATCH,Agent 2,1,0,2096183,5677,30,fused_silu_mul_mq_rotate_awq_i4_hin,5677,294964131628401,294964134626250,0,0,80,0,128,32,1,1,2176,8192,1
KERNEL_DISPATCH,Agent 2,1,0,2096183,5672,38,attention_q8_0_fa2_gqa_gfx11,5672,294964072197609,294964078543722,0,0,224,0,128,256,1,1,8192,4,1
KERNEL_DISPATCH,Agent 2,1,0,2096183,5774,21,gdn_chunk_kkt_solve,5774,294964402274447,294964402320093,11776,0,120,0,128,128,1,1,1024,16,1
KERNEL_DISPATCH,Agent 2,1,0,2096183,5667,39,attention_fa2_q_preconvert_gfx11,5667,294964066066258,294964066136870,0,0,16,0,128,128,1,1,393216,1,1
KERNEL_DISPATCH,Agent 2,1,0,2096183,5769,20,gdn_chunk_prep,5769,294964398246030,294964401502042,0,0,72,0,128,256,1,1,32768,10,1
KERNEL_DISPATCH,Agent 2,1,0,2096183,5662,37,kv_cache_write_q8_0_batched,5662,294964060420815,294964060436845,0,0,8,0,128,32,1,1,1024,512,1
KERNEL_DISPATCH,Agent 2,1,0,2096183,5764,26,gemm_mq4g256v2_residual_iu4_v2b_add_gfx11,5764,294964354246870,294964375840030,0,0,248,0,128,32,16,1,1024,320,1
KERNEL_DISPATCH,Agent 2,1,0,2096183,5657,37,kv_cache_write_q8_0_batched,5657,294964055170472,294964055184498,0,0,8,0,128,32,1,1,1024,512,1
KERNEL_DISPATCH,Agent 2,1,0,2096183,5652,38,attention_q8_0_fa2_gqa_gfx11,5652,294964046102306,294964050354822,0,0,224,0,128,256,1,1,8192,4,1
KERNEL_DISPATCH,Agent 2,1,0,2096183,5647,39,attention_fa2_q_preconvert_gfx11,5647,294964042019026,294964042096892,0,0,16,0,128,128,1,1,393216,1,1
KERNEL_DISPATCH,Agent 2,1,0,2096183,5773,22,gdn_chunk_scan,5773,294964401948999,294964402268076,60928,0,216,0,128,512,1,1,512,48,1
KERNEL_DISPATCH,Agent 2,1,0,2096183,5768,28,split_mq4v2_z_betaalpha,5768,294964396213428,294964398235010,0,0,16,0,128,256,1,1,2097152,1,1
KERNEL_DISPATCH,Agent 2,1,0,2096183,5763,30,fused_silu_mul_mq_rotate_awq_i4_hin,5763,294964351236358,294964354235849,0,0,80,0,128,32,1,1,2176,8192,1
KERNEL_DISPATCH,Agent 2,1,0,2096183,5758,22,gdn_chunk_scan,5758,294964297461868,294964297773852,60928,0,216,0,128,512,1,1,512,48,1
KERNEL_DISPATCH,Agent 2,1,0,2096183,5753,21,gdn_chunk_kkt_solve,5753,294964296679083,294964296726172,11776,0,120,0,128,128,1,1,1024,16,1
KERNEL_DISPATCH,Agent 2,1,0,2096183,5748,22,gdn_chunk_scan,5748,294964295621505,294964295937696,60928,0,216,0,128,512,1,1,512,48,1
KERNEL_DISPATCH,Agent 2,1,0,2096183,5743,21,gdn_chunk_kkt_solve,5743,294964294833991,294964294880118,11776,0,120,0,128,128,1,1,1024,16,1
KERNEL_DISPATCH,Agent 2,1,0,2096183,5738,22,gdn_chunk_scan,5738,294964293776012,294964294091282,60928,0,216,0,128,512,1,1,512,48,1
KERNEL_DISPATCH,Agent 2,1,0,2096183,5733,21,gdn_chunk_kkt_solve,5733,294964292983409,294964293031339,11776,0,120,0,128,128,1,1,1024,16,1
KERNEL_DISPATCH,Agent 2,1,0,2096183,5728,22,gdn_chunk_scan,5728,294964291913447,294964292242423,60928,0,216,0,128,512,1,1,512,48,1
KERNEL_DISPATCH,Agent 2,1,0,2096183,5723,27,gemm_mq4g256v2_residual_iu4_v2b_set_gfx11,5723,294964267234474,294964279201023,0,0,248,0,128,32,16,1,1024,640,1
KERNEL_DISPATCH,Agent 2,1,0,2096183,5718,23,fused_rmsnorm_mq_rotate_awq_i4,5718,294964199901617,294964201059544,0,0,96,0,128,256,1,1,2097152,1,1
KERNEL_DISPATCH,Agent 2,1,0,2096183,5713,22,gdn_chunk_scan,5713,294964187203620,294964187516726,60928,0,216,0,128,512,1,1,512,48,1
KERNEL_DISPATCH,Agent 2,1,0,2096183,5708,21,gdn_chunk_kkt_solve,5708,294964186416788,294964186463836,11776,0,120,0,128,128,1,1,1024,16,1
KERNEL_DISPATCH,Agent 2,1,0,2096183,5703,22,gdn_chunk_scan,5703,294964185353478,294964185667586,60928,0,216,0,128,512,1,1,512,48,1
KERNEL_DISPATCH,Agent 2,1,0,2096183,5698,21,gdn_chunk_kkt_solve,5698,294964184571255,294964184617862,11776,0,120,0,128,128,1,1,1024,16,1
KERNEL_DISPATCH,Agent 2,1,0,2096183,5693,22,gdn_chunk_scan,5693,294964183510390,294964183822734,60928,0,216,0,128,512,1,1,512,48,1
KERNEL_DISPATCH,Agent 2,1,0,2096183,5688,21,gdn_chunk_kkt_solve,5688,294964182720873,294964182768522,11776,0,120,0,128,128,1,1,1024,16,1
KERNEL_DISPATCH,Agent 2,1,0,2096183,5683,20,gdn_chunk_prep,5683,294964178682718,294964181944580,0,0,72,0,128,256,1,1,32768,10,1
KERNEL_DISPATCH,Agent 2,1,0,2096183,5678,26,gemm_mq4g256v2_residual_iu4_v2b_add_gfx11,5678,294964134637311,294964156202899,0,0,248,0,128,32,16,1,1024,320,1
KERNEL_DISPATCH,Agent 2,1,0,2096183,5673,40,sigmoid_mul_rotate_x_mq_awq_i4_gfx11,5673,294964078554823,294964080485836,0,0,88,0,128,32,1,1,6291456,1,1
KERNEL_DISPATCH,Agent 2,1,0,2096183,5668,38,attention_q8_0_fa2_gqa_gfx11,5668,294964066143282,294964072074459,0,0,224,0,128,256,1,1,8192,4,1
KERNEL_DISPATCH,Agent 2,1,0,2096183,5663,39,attention_fa2_q_preconvert_gfx11,5663,294964060438929,294964060514230,0,0,16,0,128,128,1,1,393216,1,1
KERNEL_DISPATCH,Agent 2,1,0,2096183,5658,37,kv_cache_write_q8_0_batched,5658,294964055186422,294964055201811,0,0,8,0,128,32,1,1,1024,512,1
KERNEL_DISPATCH,Agent 2,1,0,2096183,5653,37,kv_cache_write_q8_0_batched,5653,294964050365843,294964050379629,0,0,8,0,128,32,1,1,1024,512,1
KERNEL_DISPATCH,Agent 2,1,0,2096183,5648,38,attention_q8_0_fa2_gqa_gfx11,5648,294964042103424,294964045973826,0,0,224,0,128,256,1,1,8192,4,1
KERNEL_DISPATCH,Agent 2,1,0,2096183,5643,39,attention_fa2_q_preconvert_gfx11,5643,294964038409353,294964038488060,0,0,16,0,128,128,1,1,393216,1,1
KERNEL_DISPATCH,Agent 2,1,0,2096183,5638,37,kv_cache_write_q8_0_batched,5638,294964035223953,294964035236777,0,0,8,0,128,32,1,1,1024,512,1
KERNEL_DISPATCH,Agent 2,1,0,2096183,5633,37,kv_cache_write_q8_0_batched,5633,294964032461665,294964032475250,0,0,8,0,128,32,1,1,1024,512,1
KERNEL_DISPATCH,Agent 2,1,0,2096183,5628,38,attention_q8_0_fa2_gqa_gfx11,5628,294964028312302,294964030118361,0,0,224,0,128,256,1,1,8192,4,1
KERNEL_DISPATCH,Agent 2,1,0,2096183,5623,39,attention_fa2_q_preconvert_gfx11,5623,294964026695797,294964026775987,0,0,16,0,128,128,1,1,393216,1,1
KERNEL_DISPATCH,Agent 2,1,0,2096183,5618,37,kv_cache_write_q8_0_batched,5618,294964025553660,294964025566084,0,0,8,0,128,32,1,1,1024,512,1
KERNEL_DISPATCH,Agent 2,1,0,2096183,5613,37,kv_cache_write_q8_0_batched,5613,294964024776526,294964024796484,0,0,8,0,128,32,1,1,1024,512,1
KERNEL_DISPATCH,Agent 2,1,0,2096183,5608,34,rope_partial_halfsplit_batched_f32,5608,294964022053271,294964024313380,0,0,24,0,128,256,1,1,256,8192,1
KERNEL_DISPATCH,Agent 2,1,0,2096183,5603,27,gemm_mq4g256v2_residual_iu4_v2b_set_gfx11,5603,294964001032302,294964015349890,0,0,248,0,128,32,16,1,1024,768,1
KERNEL_DISPATCH,Agent 2,1,0,2096183,5598,23,fused_rmsnorm_mq_rotate_awq_i4,5598,294963933781439,294963934933394,0,0,96,0,128,256,1,1,2097152,1,1
KERNEL_DISPATCH,Agent 2,1,0,2096183,5593,22,gdn_chunk_scan,5593,294963921159424,294963921471688,60928,0,216,0,128,512,1,1,512,48,1
KERNEL_DISPATCH,Agent 2,1,0,2096183,5588,21,gdn_chunk_kkt_solve,5588,294963920376078,294963920421683,11776,0,120,0,128,128,1,1,1024,16,1
KERNEL_DISPATCH,Agent 2,1,0,2096183,5906,21,gdn_chunk_kkt_solve,5906,294964671041939,294964671089829,11776,0,120,0,128,128,1,1,1024,16,1
KERNEL_DISPATCH,Agent 2,1,0,2096183,5583,22,gdn_chunk_scan,5583,294963919325633,294963919636534,60928,0,216,0,128,512,1,1,512,48,1
KERNEL_DISPATCH,Agent 2,1,0,2096183,5901,22,gdn_chunk_scan,5901,294964669984801,294964670297827,60928,0,216,0,128,512,1,1,512,48,1
KERNEL_DISPATCH,Agent 2,1,0,2096183,5578,21,gdn_chunk_kkt_solve,5578,294963918543890,294963918589736,11776,0,120,0,128,128,1,1,1024,16,1
KERNEL_DISPATCH,Agent 2,1,0,2096183,5573,22,gdn_chunk_scan,5573,294963917485670,294963917798175,60928,0,216,0,128,512,1,1,512,48,1
KERNEL_DISPATCH,Agent 2,1,0,2096183,5896,21,gdn_chunk_kkt_solve,5896,294964669193721,294964669242092,11776,0,120,0,128,128,1,1,1024,16,1
KERNEL_DISPATCH,Agent 2,1,0,2096183,5568,21,gdn_chunk_kkt_solve,5568,294963916698197,294963916745285,11776,0,120,0,128,128,1,1,1024,16,1
KERNEL_DISPATCH,Agent 2,1,0,2096183,5891,22,gdn_chunk_scan,5891,294964668111456,294964668442275,60928,0,216,0,128,512,1,1,512,48,1
KERNEL_DISPATCH,Agent 2,1,0,2096183,5563,20,gdn_chunk_prep,5563,294963912617161,294963915922906,0,0,72,0,128,256,1,1,32768,10,1
KERNEL_DISPATCH,Agent 2,1,0,2096183,5886,27,gemm_mq4g256v2_residual_iu4_v2b_set_gfx11,5886,294964643534153,294964655480144,0,0,248,0,128,32,16,1,1024,640,1
KERNEL_DISPATCH,Agent 2,1,0,2096183,5558,26,gemm_mq4g256v2_residual_iu4_v2b_add_gfx11,5558,294963868579369,294963890111374,0,0,248,0,128,32,16,1,1024,320,1
KERNEL_DISPATCH,Agent 2,1,0,2096183,5553,29,gated_norm_mq_rotate_awq_i4_gfx11,5553,294963811956350,294963814404089,1024,0,48,0,128,64,1,1,1536,8192,1
KERNEL_DISPATCH,Agent 2,1,0,2096183,5548,22,gdn_chunk_scan,5548,294963810899172,294963811209312,60928,0,216,0,128,512,1,1,512,48,1
KERNEL_DISPATCH,Agent 2,1,0,2096183,5543,21,gdn_chunk_kkt_solve,5543,294963810113943,294963810163034,11776,0,120,0,128,128,1,1,1024,16,1
KERNEL_DISPATCH,Agent 2,1,0,2096183,5759,29,gated_norm_mq_rotate_awq_i4_gfx11,5759,294964297780384,294964300229085,1024,0,48,0,128,64,1,1,1536,8192,1
KERNEL_DISPATCH,Agent 2,1,0,2096183,5538,22,gdn_chunk_scan,5538,294963809058929,294963809370111,60928,0,216,0,128,512,1,1,512,48,1
KERNEL_DISPATCH,Agent 2,1,0,2096183,5754,22,gdn_chunk_scan,5754,294964296728135,294964297041922,60928,0,216,0,128,512,1,1,512,48,1
KERNEL_DISPATCH,Agent 2,1,0,2096183,5642,37,kv_cache_write_q8_0_batched,5642,294964038394164,294964038407469,0,0,8,0,128,32,1,1,1024,512,1
KERNEL_DISPATCH,Agent 2,1,0,2096183,5533,21,gdn_chunk_kkt_solve,5533,294963808268770,294963808317662,11776,0,120,0,128,128,1,1,1024,16,1
KERNEL_DISPATCH,Agent 2,1,0,2096183,5749,21,gdn_chunk_kkt_solve,5749,294964295944108,294964295991958,11776,0,120,0,128,128,1,1,1024,16,1
KERNEL_DISPATCH,Agent 2,1,0,2096183,5528,22,gdn_chunk_scan,5528,294963807209308,294963807525380,60928,0,216,0,128,512,1,1,512,48,1
KERNEL_DISPATCH,Agent 2,1,0,2096183,5744,22,gdn_chunk_scan,5744,294964294881961,294964295195949,60928,0,216,0,128,512,1,1,512,48,1
KERNEL_DISPATCH,Agent 2,1,0,2096183,5523,21,gdn_chunk_kkt_solve,5523,294963806415222,294963806464194,11776,0,120,0,128,128,1,1,1024,16,1
KERNEL_DISPATCH,Agent 2,1,0,2096183,5739,21,gdn_chunk_kkt_solve,5739,294964294097694,294964294146705,11776,0,120,0,128,128,1,1,1024,16,1
KERNEL_DISPATCH,Agent 2,1,0,2096183,5809,27,gemm_mq4g256v2_residual_iu4_v2b_set_gfx11,5809,294964486774062,294964501015668,0,0,248,0,128,32,16,1,1024,768,1
KERNEL_DISPATCH,Agent 2,1,0,2096183,6101,22,gdn_chunk_scan,6101,294965156388921,294965156704110,60928,0,216,0,128,512,1,1,512,48,1
KERNEL_DISPATCH,Agent 2,1,0,2096183,6143,21,gdn_chunk_kkt_solve,6143,294965266299478,294965266346967,11776,0,120,0,128,128,1,1,1024,16,1
KERNEL_DISPATCH,Agent 2,1,0,2096183,5518,27,gemm_mq4g256v2_residual_iu4_v2b_set_gfx11,5518,294963793431210,294963800705420,0,0,248,0,128,32,16,1,1024,400,1
KERNEL_DISPATCH,Agent 2,1,0,2096183,5734,22,gdn_chunk_scan,5734,294964293033262,294964293347891,60928,0,216,0,128,512,1,1,512,48,1
KERNEL_DISPATCH,Agent 2,1,0,2096183,5513,24,gemm_mq4g256v2_gate_up_silu_iu4_v2b_gfx11,5513,294963715432758,294963755662627,0,0,248,0,128,32,16,1,1024,2176,1
KERNEL_DISPATCH,Agent 2,1,0,2096183,5729,21,gdn_chunk_kkt_solve,5729,294964292248915,294964292294520,11776,0,120,0,128,128,1,1,1024,16,1
KERNEL_DISPATCH,Agent 2,1,0,2096183,5508,21,gdn_chunk_kkt_solve,5508,294963701855195,294963701899198,11776,0,120,0,128,128,1,1,1024,16,1
KERNEL_DISPATCH,Agent 2,1,0,2096183,5724,27,gemm_mq4g256v2_residual_iu4_v2b_set_gfx11,5724,294964279212043,294964286525887,0,0,248,0,128,32,16,1,1024,400,1
KERNEL_DISPATCH,Agent 2,1,0,2096183,5503,22,gdn_chunk_scan,5503,294963700804590,294963701115011,60928,0,216,0,128,512,1,1,512,48,1
KERNEL_DISPATCH,Agent 2,1,0,2096183,5498,21,gdn_chunk_kkt_solve,5498,294963700022847,294963700069254,11776,0,120,0,128,128,1,1,1024,16,1
KERNEL_DISPATCH,Agent 2,1,0,2096183,5719,24,gemm_mq4g256v2_gate_up_silu_iu4_v2b_gfx11,5719,294964201070604,294964241328325,0,0,248,0,128,32,16,1,1024,2176,1
KERNEL_DISPATCH,Agent 2,1,0,2096183,5493,22,gdn_chunk_scan,5493,294963698969517,294963699287712,60928,0,216,0,128,512,1,1,512,48,1
KERNEL_DISPATCH,Agent 2,1,0,2096183,5714,21,gdn_chunk_kkt_solve,5714,294964187523218,294964187570787,11776,0,120,0,128,128,1,1,1024,16,1
KERNEL_DISPATCH,Agent 2,1,0,2096183,5488,21,gdn_chunk_kkt_solve,5488,294963698192342,294963698237226,11776,0,120,0,128,128,1,1,1024,16,1
KERNEL_DISPATCH,Agent 2,1,0,2096183,5483,22,gdn_chunk_scan,5483,294963697131438,294963697445185,60928,0,216,0,128,512,1,1,512,48,1
KERNEL_DISPATCH,Agent 2,1,0,2096183,5478,21,gdn_chunk_kkt_solve,5478,294963696324087,294963696378228,11776,0,120,0,128,128,1,1,1024,16,1
KERNEL_DISPATCH,Agent 2,1,0,2096183,5473,23,fused_rmsnorm_mq_rotate_awq_i4,5473,294963670489552,294963671663188,0,0,96,0,128,256,1,1,2097152,1,1
KERNEL_DISPATCH,Agent 2,1,0,2096183,5468,26,gemm_mq4g256v2_residual_iu4_v2b_add_gfx11,5468,294963594671941,294963604253788,0,0,248,0,128,32,16,1,1024,320,1
KERNEL_DISPATCH,Agent 2,1,0,2096183,5463,37,kv_cache_write_q8_0_batched,5463,294963586257077,294963586275111,0,0,8,0,128,32,1,1,1024,512,1
KERNEL_DISPATCH,Agent 2,1,0,2096183,5458,38,attention_q8_0_fa2_gqa_gfx11,5458,294963574721093,294963580204272,0,0,224,0,128,256,1,1,8192,4,1
KERNEL_DISPATCH,Agent 2,1,0,2096183,5453,39,attention_fa2_q_preconvert_gfx11,5453,294963569435605,294963569509503,0,0,16,0,128,128,1,1,393216,1,1
KERNEL_DISPATCH,Agent 2,1,0,2096183,5448,37,kv_cache_write_q8_0_batched,5448,294963564635584,294963564650291,0,0,8,0,128,32,1,1,1024,512,1
KERNEL_DISPATCH,Agent 2,1,0,2096183,5443,37,kv_cache_write_q8_0_batched,5443,294963560241162,294963560254547,0,0,8,0,128,32,1,1,1024,512,1
KERNEL_DISPATCH,Agent 2,1,0,2096183,5438,38,attention_q8_0_fa2_gqa_gfx11,5438,294963552759685,294963556198559,0,0,224,0,128,256,1,1,8192,4,1
KERNEL_DISPATCH,Agent 2,1,0,2096183,5433,39,attention_fa2_q_preconvert_gfx11,5433,294963549508041,294963549587430,0,0,16,0,128,128,1,1,393216,1,1
KERNEL_DISPATCH,Agent 2,1,0,2096183,5428,37,kv_cache_write_q8_0_batched,5428,294963546759539,294963546772283,0,0,8,0,128,32,1,1,1024,512,1
KERNEL_DISPATCH,Agent 2,1,0,2096183,5423,37,kv_cache_write_q8_0_batched,5423,294963544399684,294963544413630,0,0,8,0,128,32,1,1,1024,512,1
KERNEL_DISPATCH,Agent 2,1,0,2096183,5418,38,attention_q8_0_fa2_gqa_gfx11,5418,294963541071136,294963542468470,0,0,224,0,128,256,1,1,8192,4,1
KERNEL_DISPATCH,Agent 2,1,0,2096183,5413,39,attention_fa2_q_preconvert_gfx11,5413,294963539849250,294963539926955,0,0,16,0,128,128,1,1,393216,1,1
KERNEL_DISPATCH,Agent 2,1,0,2096183,5408,37,kv_cache_write_q8_0_batched,5408,294963539078728,294963539095760,0,0,8,0,128,32,1,1,1024,512,1
KERNEL_DISPATCH,Agent 2,1,0,2096183,5403,37,kv_cache_write_q8_0_batched,5403,294963538602357,294963538629648,0,0,8,0,128,32,1,1,1024,512,1
KERNEL_DISPATCH,Agent 2,1,0,2096183,5398,27,gemm_mq4g256v2_residual_iu4_v2b_set_gfx11,5398,294963529582401,294963530982300,0,0,248,0,128,32,16,1,1024,64,1
KERNEL_DISPATCH,Agent 2,1,0,2096183,5393,24,gemm_mq4g256v2_gate_up_silu_iu4_v2b_gfx11,5393,294963449347245,294963489398699,0,0,248,0,128,32,16,1,1024,2176,1
KERNEL_DISPATCH,Agent 2,1,0,2096183,5388,21,gdn_chunk_kkt_solve,5388,294963435990816,294963436036421,11776,0,120,0,128,128,1,1,1024,16,1
KERNEL_DISPATCH,Agent 2,1,0,2096183,5383,22,gdn_chunk_scan,5383,294963434935040,294963435251873,60928,0,216,0,128,512,1,1,512,48,1
KERNEL_DISPATCH,Agent 2,1,0,2096183,5378,21,gdn_chunk_kkt_solve,5378,294963434146685,294963434191649,11776,0,120,0,128,128,1,1,1024,16,1
KERNEL_DISPATCH,Agent 2,1,0,2096183,5373,22,gdn_chunk_scan,5373,294963433095238,294963433406781,60928,0,216,0,128,512,1,1,512,48,1
KERNEL_DISPATCH,Agent 2,1,0,2096183,5368,21,gdn_chunk_kkt_solve,5368,294963432312413,294963432358540,11776,0,120,0,128,128,1,1,1024,16,1
KERNEL_DISPATCH,Agent 2,1,0,2096183,5363,22,gdn_chunk_scan,5363,294963431262088,294963431576436,60928,0,216,0,128,512,1,1,512,48,1
KERNEL_DISPATCH,Agent 2,1,0,2096183,5358,21,gdn_chunk_kkt_solve,5358,294963430451732,294963430502267,11776,0,120,0,128,128,1,1,1024,16,1
KERNEL_DISPATCH,Agent 2,1,0,2096183,5353,23,fused_rmsnorm_mq_rotate_awq_i4,5353,294963404995906,294963406171545,0,0,96,0,128,256,1,1,2097152,1,1
KERNEL_DISPATCH,Agent 2,1,0,2096183,5348,26,gemm_mq4g256v2_residual_iu4_v2b_add_gfx11,5348,294963329591748,294963339236593,0,0,248,0,128,32,16,1,1024,320,1
KERNEL_DISPATCH,Agent 2,1,0,2096183,5343,21,gdn_chunk_kkt_solve,5343,294963326428750,294963326475117,11776,0,120,0,128,128,1,1,1024,16,1
KERNEL_DISPATCH,Agent 2,1,0,2096183,5338,22,gdn_chunk_scan,5338,294963325379266,294963325691050,60928,0,216,0,128,512,1,1,512,48,1
KERNEL_DISPATCH,Agent 2,1,0,2096183,5709,22,gdn_chunk_scan,5709,294964186465799,294964186776381,60928,0,216,0,128,512,1,1,512,48,1
KERNEL_DISPATCH,Agent 2,1,0,2096183,5704,21,gdn_chunk_kkt_solve,5704,294964185674038,294964185722248,11776,0,120,0,128,128,1,1,1024,16,1
KERNEL_DISPATCH,Agent 2,1,0,2096183,5333,21,gdn_chunk_kkt_solve,5333,294963324592354,294963324637759,11776,0,120,0,128,128,1,1,1024,16,1
KERNEL_DISPATCH,Agent 2,1,0,2096183,5699,22,gdn_chunk_scan,5699,294964184619746,294964184931048,60928,0,216,0,128,512,1,1,512,48,1
KERNEL_DISPATCH,Agent 2,1,0,2096183,5328,22,gdn_chunk_scan,5328,294963323539745,294963323851208,60928,0,216,0,128,512,1,1,512,48,1
KERNEL_DISPATCH,Agent 2,1,0,2096183,5323,21,gdn_chunk_kkt_solve,5323,294963322752792,294963322805491,11776,0,120,0,128,128,1,1,1024,16,1
KERNEL_DISPATCH,Agent 2,1,0,2096183,5318,22,gdn_chunk_scan,5318,294963321701305,294963322014451,60928,0,216,0,128,512,1,1,512,48,1
KERNEL_DISPATCH,Agent 2,1,0,2096183,5313,28,split_mq4v2_z_betaalpha,5313,294963315932712,294963317962029,0,0,16,0,128,256,1,1,2097152,1,1
KERNEL_DISPATCH,Agent 2,1,0,2096183,5308,30,fused_silu_mul_mq_rotate_awq_i4_hin,5308,294963270866275,294963273878912,0,0,80,0,128,32,1,1,2176,8192,1
KERNEL_DISPATCH,Agent 2,1,0,2096183,5303,22,gdn_chunk_scan,5303,294963217260822,294963217573086,60928,0,216,0,128,512,1,1,512,48,1
KERNEL_DISPATCH,Agent 2,1,0,2096183,5298,21,gdn_chunk_kkt_solve,5298,294963216478478,294963216526207,11776,0,120,0,128,128,1,1,1024,16,1
KERNEL_DISPATCH,Agent 2,1,0,2096183,5293,22,gdn_chunk_scan,5293,294963215415008,294963215728715,60928,0,216,0,128,512,1,1,512,48,1
KERNEL_DISPATCH,Agent 2,1,0,2096183,5288,21,gdn_chunk_kkt_solve,5288,294963214619921,294963214667289,11776,0,120,0,128,128,1,1,1024,16,1
KERNEL_DISPATCH,Agent 2,1,0,2096183,5283,22,gdn_chunk_scan,5283,294963213560058,294963213872563,60928,0,216,0,128,512,1,1,512,48,1
KERNEL_DISPATCH,Agent 2,1,0,2096183,5278,21,gdn_chunk_kkt_solve,5278,294963212768617,294963212818070,11776,0,120,0,128,128,1,1,1024,16,1
KERNEL_DISPATCH,Agent 2,1,0,2096183,5273,22,gdn_chunk_scan,5273,294963211687114,294963212019896,60928,0,216,0,128,512,1,1,512,48,1
KERNEL_DISPATCH,Agent 2,1,0,2096183,5268,27,gemm_mq4g256v2_residual_iu4_v2b_set_gfx11,5268,294963187287904,294963199123007,0,0,248,0,128,32,16,1,1024,640,1
KERNEL_DISPATCH,Agent 2,1,0,2096183,5263,23,fused_rmsnorm_mq_rotate_awq_i4,5263,294963120268674,294963121452409,0,0,96,0,128,256,1,1,2097152,1,1
KERNEL_DISPATCH,Agent 2,1,0,2096183,5258,37,kv_cache_write_q8_0_batched,5258,294963102158591,294963102175062,0,0,8,0,128,32,1,1,1024,512,1
KERNEL_DISPATCH,Agent 2,1,0,2096183,5253,37,kv_cache_write_q8_0_batched,5253,294963096103542,294963096119131,0,0,8,0,128,32,1,1,1024,512,1
KERNEL_DISPATCH,Agent 2,1,0,2096183,5248,38,attention_q8_0_fa2_gqa_gfx11,5248,294963085386531,294963090457899,0,0,224,0,128,256,1,1,8192,4,1
KERNEL_DISPATCH,Agent 2,1,0,2096183,5243,39,attention_fa2_q_preconvert_gfx11,5243,294963080534092,294963080611317,0,0,16,0,128,128,1,1,393216,1,1
KERNEL_DISPATCH,Agent 2,1,0,2096183,5238,37,kv_cache_write_q8_0_batched,5238,294963076156863,294963076172372,0,0,8,0,128,32,1,1,1024,512,1
KERNEL_DISPATCH,Agent 2,1,0,2096183,5233,37,kv_cache_write_q8_0_batched,5233,294963072131973,294963072145758,0,0,8,0,128,32,1,1,1024,512,1
KERNEL_DISPATCH,Agent 2,1,0,2096183,5228,38,attention_q8_0_fa2_gqa_gfx11,5228,294963065535631,294963068566902,0,0,224,0,128,256,1,1,8192,4,1
KERNEL_DISPATCH,Agent 2,1,0,2096183,5223,39,attention_fa2_q_preconvert_gfx11,5223,294963062705376,294963062784804,0,0,16,0,128,128,1,1,393216,1,1
KERNEL_DISPATCH,Agent 2,1,0,2096183,5218,37,kv_cache_write_q8_0_batched,5218,294963060357463,294963060369806,0,0,8,0,128,32,1,1,1024,512,1
KERNEL_DISPATCH,Agent 2,1,0,2096183,5213,37,kv_cache_write_q8_0_batched,5213,294963058414027,294963058427412,0,0,8,0,128,32,1,1,1024,512,1
KERNEL_DISPATCH,Agent 2,1,0,2096183,5694,21,gdn_chunk_kkt_solve,5694,294964183829227,294964183878759,11776,0,120,0,128,128,1,1,1024,16,1
KERNEL_DISPATCH,Agent 2,1,0,2096183,5208,38,attention_q8_0_fa2_gqa_gfx11,5208,294963055869586,294963056869337,0,0,224,0,128,256,1,1,8192,4,1
KERNEL_DISPATCH,Agent 2,1,0,2096183,5689,22,gdn_chunk_scan,5689,294964182770486,294964183088200,60928,0,216,0,128,512,1,1,512,48,1
KERNEL_DISPATCH,Agent 2,1,0,2096183,5684,21,gdn_chunk_kkt_solve,5684,294964181955601,294964182007578,11776,0,120,0,128,128,1,1,1024,16,1
KERNEL_DISPATCH,Agent 2,1,0,2096183,5203,39,attention_fa2_q_preconvert_gfx11,5203,294963055025527,294963055117900,0,0,16,0,128,128,1,1,393216,1,1
KERNEL_DISPATCH,Agent 2,1,0,2096183,5679,23,fused_rmsnorm_mq_rotate_awq_i4,5679,294964156213960,294964157383307,0,0,96,0,128,256,1,1,2097152,1,1
KERNEL_DISPATCH,Agent 2,1,0,2096183,5198,37,kv_cache_write_q8_0_batched,5198,294963054543465,294963054566829,0,0,8,0,128,32,1,1,1024,512,1
KERNEL_DISPATCH,Agent 2,1,0,2096183,5674,26,gemm_mq4g256v2_residual_iu4_v2b_add_gfx11,5674,294964080497057,294964089945735,0,0,248,0,128,32,16,1,1024,320,1
KERNEL_DISPATCH,Agent 2,1,0,2096183,5193,27,gemm_mq4g256v2_residual_iu4_v2b_set_gfx11,5193,294963046937395,294963048357211,0,0,248,0,128,32,16,1,1024,64,1
KERNEL_DISPATCH,Agent 2,1,0,2096183,5669,37,kv_cache_write_q8_0_batched,5669,294964072085800,294964072103192,0,0,8,0,128,32,1,1,1024,512,1
KERNEL_DISPATCH,Agent 2,1,0,2096183,5664,38,attention_q8_0_fa2_gqa_gfx11,5664,294964060520842,294964066019290,0,0,224,0,128,256,1,1,8192,4,1
KERNEL_DISPATCH,Agent 2,1,0,2096183,5188,30,fused_silu_mul_mq_rotate_awq_i4_hin,5188,294963005620092,294963008608122,0,0,80,0,128,32,1,1,2176,8192,1
KERNEL_DISPATCH,Agent 2,1,0,2096183,5659,39,attention_fa2_q_preconvert_gfx11,5659,294964055203975,294964055278634,0,0,16,0,128,128,1,1,393216,1,1
KERNEL_DISPATCH,Agent 2,1,0,2096183,5183,22,gdn_chunk_scan,5183,294962952371426,294962952682087,60928,0,216,0,128,512,1,1,512,48,1
KERNEL_DISPATCH,Agent 2,1,0,2096183,5654,37,kv_cache_write_q8_0_batched,5654,294964050381552,294964050395819,0,0,8,0,128,32,1,1,1024,512,1
KERNEL_DISPATCH,Agent 2,1,0,2096183,5178,21,gdn_chunk_kkt_solve,5178,294962951596697,294962951642743,11776,0,120,0,128,128,1,1,1024,16,1
KERNEL_DISPATCH,Agent 2,1,0,2096183,5649,37,kv_cache_write_q8_0_batched,5649,294964045984966,294964045998712,0,0,8,0,128,32,1,1,1024,512,1
KERNEL_DISPATCH,Agent 2,1,0,2096183,5644,38,attention_q8_0_fa2_gqa_gfx11,5644,294964038494472,294964041976547,0,0,224,0,128,256,1,1,8192,4,1
KERNEL_DISPATCH,Agent 2,1,0,2096183,5639,39,attention_fa2_q_preconvert_gfx11,5639,294964035238620,294964035317608,0,0,16,0,128,128,1,1,393216,1,1
KERNEL_DISPATCH,Agent 2,1,0,2096183,5173,22,gdn_chunk_scan,5173,294962950538557,294962950853907,60928,0,216,0,128,512,1,1,512,48,1
KERNEL_DISPATCH,Agent 2,1,0,2096183,5168,21,gdn_chunk_kkt_solve,5168,294962949753608,294962949799214,11776,0,120,0,128,128,1,1,1024,16,1
KERNEL_DISPATCH,Agent 2,1,0,2096183,5163,22,gdn_chunk_scan,5163,294962948707892,294962949019435,60928,0,216,0,128,512,1,1,512,48,1
KERNEL_DISPATCH,Agent 2,1,0,2096183,5634,37,kv_cache_write_q8_0_batched,5634,294964032477134,294964032489597,0,0,8,0,128,32,1,1,1024,512,1
KERNEL_DISPATCH,Agent 2,1,0,2096183,5158,21,gdn_chunk_kkt_solve,5158,294962947926390,294962947972716,11776,0,120,0,128,128,1,1,1024,16,1
KERNEL_DISPATCH,Agent 2,1,0,2096183,5629,37,kv_cache_write_q8_0_batched,5629,294964030129461,294964030143047,0,0,8,0,128,32,1,1,1024,512,1
KERNEL_DISPATCH,Agent 2,1,0,2096183,5153,22,gdn_chunk_scan,5153,294962946851058,294962947183760,60928,0,216,0,128,512,1,1,512,48,1
KERNEL_DISPATCH,Agent 2,1,0,2096183,5148,27,gemm_mq4g256v2_residual_iu4_v2b_set_gfx11,5148,294962922496211,294962934270680,0,0,248,0,128,32,16,1,1024,640,1
KERNEL_DISPATCH,Agent 2,1,0,2096183,5624,38,attention_q8_0_fa2_gqa_gfx11,5624,294964026782479,294964028186266,0,0,224,0,128,256,1,1,8192,4,1
KERNEL_DISPATCH,Agent 2,1,0,2096183,5619,39,attention_fa2_q_preconvert_gfx11,5619,294964025567967,294964025646714,0,0,16,0,128,128,1,1,393216,1,1
KERNEL_DISPATCH,Agent 2,1,0,2096183,5143,23,fused_rmsnorm_mq_rotate_awq_i4,5143,294962856193401,294962857357820,0,0,96,0,128,256,1,1,2097152,1,1
KERNEL_DISPATCH,Agent 2,1,0,2096183,5138,22,gdn_chunk_scan,5138,294962843398783,294962843712570,60928,0,216,0,128,512,1,1,512,48,1
KERNEL_DISPATCH,Agent 2,1,0,2096183,5133,21,gdn_chunk_kkt_solve,5133,294962842613113,294962842659280,11776,0,120,0,128,128,1,1,1024,16,1
KERNEL_DISPATCH,Agent 2,1,0,2096183,5128,22,gdn_chunk_scan,5128,294962841558340,294962841872848,60928,0,216,0,128,512,1,1,512,48,1
KERNEL_DISPATCH,Agent 2,1,0,2096183,5123,21,gdn_chunk_kkt_solve,5123,294962840766258,294962840813266,11776,0,120,0,128,128,1,1,1024,16,1
KERNEL_DISPATCH,Agent 2,1,0,2096183,5614,37,kv_cache_write_q8_0_batched,5614,294964024798327,294964024815159,0,0,8,0,128,32,1,1,1024,512,1
KERNEL_DISPATCH,Agent 2,1,0,2096183,5118,22,gdn_chunk_scan,5118,294962839708920,294962840025873,60928,0,216,0,128,512,1,1,512,48,1
KERNEL_DISPATCH,Agent 2,1,0,2096183,5609,37,kv_cache_write_q8_0_batched,5609,294964024324240,294964024346081,0,0,8,0,128,32,1,1,1024,512,1
KERNEL_DISPATCH,Agent 2,1,0,2096183,5113,21,gdn_chunk_kkt_solve,5113,294962838924212,294962838967773,11776,0,120,0,128,128,1,1,1024,16,1
KERNEL_DISPATCH,Agent 2,1,0,2096183,5604,27,gemm_mq4g256v2_residual_iu4_v2b_set_gfx11,5604,294964015360910,294964016757563,0,0,248,0,128,32,16,1,1024,64,1
KERNEL_DISPATCH,Agent 2,1,0,2096183,5108,20,gdn_chunk_prep,5108,294962834901085,294962838152408,0,0,72,0,128,256,1,1,32768,10,1
KERNEL_DISPATCH,Agent 2,1,0,2096183,5599,24,gemm_mq4g256v2_gate_up_silu_iu4_v2b_gfx11,5599,294963934944334,294963975268579,0,0,248,0,128,32,16,1,1024,2176,1
KERNEL_DISPATCH,Agent 2,1,0,2096183,5594,21,gdn_chunk_kkt_solve,5594,294963921478180,294963921522783,11776,0,120,0,128,128,1,1,1024,16,1
KERNEL_DISPATCH,Agent 2,1,0,2096183,5103,26,gemm_mq4g256v2_residual_iu4_v2b_add_gfx11,5103,294962791791308,294962812856881,0,0,248,0,128,32,16,1,1024,320,1
KERNEL_DISPATCH,Agent 2,1,0,2096183,5098,29,gated_norm_mq_rotate_awq_i4_gfx11,5098,294962736350140,294962738778684,1024,0,48,0,128,64,1,1,1536,8192,1
KERNEL_DISPATCH,Agent 2,1,0,2096183,5093,22,gdn_chunk_scan,5093,294962735287432,294962735614003,60928,0,216,0,128,512,1,1,512,48,1
KERNEL_DISPATCH,Agent 2,1,0,2096183,5088,21,gdn_chunk_kkt_solve,5088,294962734506731,294962734551936,11776,0,120,0,128,128,1,1,1024,16,1
KERNEL_DISPATCH,Agent 2,1,0,2096183,5083,22,gdn_chunk_scan,5083,294962733443743,294962733769352,60928,0,216,0,128,512,1,1,512,48,1
KERNEL_DISPATCH,Agent 2,1,0,2096183,5078,21,gdn_chunk_kkt_solve,5078,294962732672059,294962732715740,11776,0,120,0,128,128,1,1,1024,16,1
KERNEL_DISPATCH,Agent 2,1,0,2096183,5073,22,gdn_chunk_scan,5073,294962731628025,294962731938446,60928,0,216,0,128,512,1,1,512,48,1
KERNEL_DISPATCH,Agent 2,1,0,2096183,5068,21,gdn_chunk_kkt_solve,5068,294962730843237,294962730886879,11776,0,120,0,128,128,1,1,1024,16,1
KERNEL_DISPATCH,Agent 2,1,0,2096183,5069,22,gdn_chunk_scan,5069,294962730888682,294962731207599,60928,0,216,0,128,512,1,1,512,48,1
KERNEL_DISPATCH,Agent 2,1,0,2096183,5074,21,gdn_chunk_kkt_solve,5074,294962731944858,294962731991265,11776,0,120,0,128,128,1,1,1024,16,1
KERNEL_DISPATCH,Agent 2,1,0,2096183,5079,22,gdn_chunk_scan,5079,294962732717584,294962733029528,60928,0,216,0,128,512,1,1,512,48,1
KERNEL_DISPATCH,Agent 2,1,0,2096183,5084,21,gdn_chunk_kkt_solve,5084,294962733775684,294962733823253,11776,0,120,0,128,128,1,1,1024,16,1
KERNEL_DISPATCH,Agent 2,1,0,2096183,5089,22,gdn_chunk_scan,5089,294962734553779,294962734863759,60928,0,216,0,128,512,1,1,512,48,1
KERNEL_DISPATCH,Agent 2,1,0,2096183,5094,21,gdn_chunk_kkt_solve,5094,294962735620455,294962735665980,11776,0,120,0,128,128,1,1,1024,16,1
KERNEL_DISPATCH,Agent 2,1,0,2096183,5099,26,gemm_mq4g256v2_residual_iu4_v2b_add_gfx11,5099,294962738789705,294962748030834,0,0,248,0,128,32,16,1,1024,320,1
KERNEL_DISPATCH,Agent 2,1,0,2096183,5104,23,fused_rmsnorm_mq_rotate_awq_i4,5104,294962812867901,294962814021139,0,0,96,0,128,256,1,1,2097152,1,1
KERNEL_DISPATCH,Agent 2,1,0,2096183,5109,21,gdn_chunk_kkt_solve,5109,294962838163348,294962838215646,11776,0,120,0,128,128,1,1,1024,16,1
KERNEL_DISPATCH,Agent 2,1,0,2096183,5114,22,gdn_chunk_scan,5114,294962838969737,294962839288213,60928,0,216,0,128,512,1,1,512,48,1
KERNEL_DISPATCH,Agent 2,1,0,2096183,5119,21,gdn_chunk_kkt_solve,5119,294962840032245,294962840076888,11776,0,120,0,128,128,1,1,1024,16,1
KERNEL_DISPATCH,Agent 2,1,0,2096183,5124,22,gdn_chunk_scan,5124,294962840815149,294962841126211,60928,0,216,0,128,512,1,1,512,48,1
KERNEL_DISPATCH,Agent 2,1,0,2096183,5129,21,gdn_chunk_kkt_solve,5129,294962841879341,294962841925827,11776,0,120,0,128,128,1,1,1024,16,1
KERNEL_DISPATCH,Agent 2,1,0,2096183,5134,22,gdn_chunk_scan,5134,294962842661243,294962842976633,60928,0,216,0,128,512,1,1,512,48,1
KERNEL_DISPATCH,Agent 2,1,0,2096183,5139,21,gdn_chunk_kkt_solve,5139,294962843718982,294962843765630,11776,0,120,0,128,128,1,1,1024,16,1
KERNEL_DISPATCH,Agent 2,1,0,2096183,5144,24,gemm_mq4g256v2_gate_up_silu_iu4_v2b_gfx11,5144,294962857368760,294962897011490,0,0,248,0,128,32,16,1,1024,2176,1
KERNEL_DISPATCH,Agent 2,1,0,2096183,5149,27,gemm_mq4g256v2_residual_iu4_v2b_set_gfx11,5149,294962934281701,294962941463378,0,0,248,0,128,32,16,1,1024,400,1
KERNEL_DISPATCH,Agent 2,1,0,2096183,5154,21,gdn_chunk_kkt_solve,5154,294962947190132,294962947239464,11776,0,120,0,128,128,1,1,1024,16,1
KERNEL_DISPATCH,Agent 2,1,0,2096183,5159,22,gdn_chunk_scan,5159,294962947974560,294962948285101,60928,0,216,0,128,512,1,1,512,48,1
KERNEL_DISPATCH,Agent 2,1,0,2096183,5164,21,gdn_chunk_kkt_solve,5164,294962949025807,294962949071171,11776,0,120,0,128,128,1,1,1024,16,1
KERNEL_DISPATCH,Agent 2,1,0,2096183,5169,22,gdn_chunk_scan,5169,294962949801097,294962950115766,60928,0,216,0,128,512,1,1,512,48,1
KERNEL_DISPATCH,Agent 2,1,0,2096183,5174,21,gdn_chunk_kkt_solve,5174,294962950860279,294962950905363,11776,0,120,0,128,128,1,1,1024,16,1
KERNEL_DISPATCH,Agent 2,1,0,2096183,5179,22,gdn_chunk_scan,5179,294962951644586,294962951955688,60928,0,216,0,128,512,1,1,512,48,1
KERNEL_DISPATCH,Agent 2,1,0,2096183,5184,29,gated_norm_mq_rotate_awq_i4_gfx11,5184,294962952688620,294962955091395,1024,0,48,0,128,64,1,1,1536,8192,1
KERNEL_DISPATCH,Agent 2,1,0,2096183,5189,26,gemm_mq4g256v2_residual_iu4_v2b_add_gfx11,5189,294963008619183,294963030175955,0,0,248,0,128,32,16,1,1024,320,1
KERNEL_DISPATCH,Agent 2,1,0,2096183,5194,31,deinterleave_q_rmsnorm_f32_batched,5194,294963048368713,294963051929976,0,0,24,0,128,256,1,1,6144,8192,1
KERNEL_DISPATCH,Agent 2,1,0,2096183,5199,39,attention_fa2_q_preconvert_gfx11,5199,294963054569113,294963054713784,0,0,16,0,128,128,1,1,393216,1,1
KERNEL_DISPATCH,Agent 2,1,0,2096183,5204,38,attention_q8_0_fa2_gqa_gfx11,5204,294963055124312,294963055738221,0,0,224,0,128,256,1,1,8192,4,1
KERNEL_DISPATCH,Agent 2,1,0,2096183,5209,37,kv_cache_write_q8_0_batched,5209,294963056879997,294963056894063,0,0,8,0,128,32,1,1,1024,512,1
KERNEL_DISPATCH,Agent 2,1,0,2096183,5214,37,kv_cache_write_q8_0_batched,5214,294963058429376,294963058441639,0,0,8,0,128,32,1,1,1024,512,1
KERNEL_DISPATCH,Agent 2,1,0,2096183,5219,39,attention_fa2_q_preconvert_gfx11,5219,294963060371690,294963060451078,0,0,16,0,128,128,1,1,393216,1,1
KERNEL_DISPATCH,Agent 2,1,0,2096183,5224,38,attention_q8_0_fa2_gqa_gfx11,5224,294963062791216,294963065408153,0,0,224,0,128,256,1,1,8192,4,1
KERNEL_DISPATCH,Agent 2,1,0,2096183,5229,37,kv_cache_write_q8_0_batched,5229,294963068577763,294963068591028,0,0,8,0,128,32,1,1,1024,512,1
KERNEL_DISPATCH,Agent 2,1,0,2096183,5234,37,kv_cache_write_q8_0_batched,5234,294963072147642,294963072160907,0,0,8,0,128,32,1,1,1024,512,1
KERNEL_DISPATCH,Agent 2,1,0,2096183,5876,37,kv_cache_write_q8_0_batched,5876,294964557782957,294964557798345,0,0,8,0,128,32,1,1,1024,512,1
KERNEL_DISPATCH,Agent 2,1,0,2096183,5239,39,attention_fa2_q_preconvert_gfx11,5239,294963076174416,294963076257010,0,0,16,0,128,128,1,1,393216,1,1
KERNEL_DISPATCH,Agent 2,1,0,2096183,5871,37,kv_cache_write_q8_0_batched,5871,294964551710956,294964551725744,0,0,8,0,128,32,1,1,1024,512,1
KERNEL_DISPATCH,Agent 2,1,0,2096183,5244,38,attention_q8_0_fa2_gqa_gfx11,5244,294963080617769,294963085261417,0,0,224,0,128,256,1,1,8192,4,1
KERNEL_DISPATCH,Agent 2,1,0,2096183,5866,38,attention_q8_0_fa2_gqa_gfx11,5866,294964540995949,294964546066876,0,0,224,0,128,256,1,1,8192,4,1
KERNEL_DISPATCH,Agent 2,1,0,2096183,5249,37,kv_cache_write_q8_0_batched,5249,294963090469000,294963090483948,0,0,8,0,128,32,1,1,1024,512,1
KERNEL_DISPATCH,Agent 2,1,0,2096183,5861,39,attention_fa2_q_preconvert_gfx11,5861,294964536143751,294964536221737,0,0,16,0,128,128,1,1,393216,1,1
KERNEL_DISPATCH,Agent 2,1,0,2096183,5254,37,kv_cache_write_q8_0_batched,5254,294963096121055,294963096137005,0,0,8,0,128,32,1,1,1024,512,1
KERNEL_DISPATCH,Agent 2,1,0,2096183,5856,37,kv_cache_write_q8_0_batched,5856,294964531738629,294964531752615,0,0,8,0,128,32,1,1,1024,512,1
KERNEL_DISPATCH,Agent 2,1,0,2096183,5259,39,attention_fa2_q_preconvert_gfx11,5259,294963102177025,294963102247076,0,0,16,0,128,128,1,1,393216,1,1
KERNEL_DISPATCH,Agent 2,1,0,2096183,5264,24,gemm_mq4g256v2_gate_up_silu_iu4_v2b_gfx11,5264,294963121463630,294963161547705,0,0,248,0,128,32,16,1,1024,2176,1
KERNEL_DISPATCH,Agent 2,1,0,2096183,5269,27,gemm_mq4g256v2_residual_iu4_v2b_set_gfx11,5269,294963199133987,294963206370647,0,0,248,0,128,32,16,1,1024,400,1
KERNEL_DISPATCH,Agent 2,1,0,2096183,5632,38,attention_q8_0_fa2_gqa_gfx11,5632,294964030250768,294964032450805,0,0,224,0,128,256,1,1,8192,4,1
KERNEL_DISPATCH,Agent 2,1,0,2096183,5627,39,attention_fa2_q_preconvert_gfx11,5627,294964028227303,294964028305809,0,0,16,0,128,128,1,1,393216,1,1
KERNEL_DISPATCH,Agent 2,1,0,2096183,5274,21,gdn_chunk_kkt_solve,5274,294963212026348,294963212076162,11776,0,120,0,128,128,1,1,1024,16,1
KERNEL_DISPATCH,Agent 2,1,0,2096183,5622,37,kv_cache_write_q8_0_batched,5622,294964026680969,294964026693874,0,0,8,0,128,32,1,1,1024,512,1
KERNEL_DISPATCH,Agent 2,1,0,2096183,5279,22,gdn_chunk_scan,5279,294963212820194,294963213131536,60928,0,216,0,128,512,1,1,512,48,1
KERNEL_DISPATCH,Agent 2,1,0,2096183,5617,37,kv_cache_write_q8_0_batched,5617,294964025538231,294964025551777,0,0,8,0,128,32,1,1,1024,512,1
KERNEL_DISPATCH,Agent 2,1,0,2096183,5284,21,gdn_chunk_kkt_solve,5284,294963213879015,294963213927626,11776,0,120,0,128,128,1,1,1024,16,1
KERNEL_DISPATCH,Agent 2,1,0,2096183,5289,22,gdn_chunk_scan,5289,294963214669173,294963214984162,60928,0,216,0,128,512,1,1,512,48,1
KERNEL_DISPATCH,Agent 2,1,0,2096183,5294,21,gdn_chunk_kkt_solve,5294,294963215735087,294963215781133,11776,0,120,0,128,128,1,1,1024,16,1
KERNEL_DISPATCH,Agent 2,1,0,2096183,5299,22,gdn_chunk_scan,5299,294963216528091,294963216841117,60928,0,216,0,128,512,1,1,512,48,1
KERNEL_DISPATCH,Agent 2,1,0,2096183,5304,29,gated_norm_mq_rotate_awq_i4_gfx11,5304,294963217579739,294963219984357,1024,0,48,0,128,64,1,1,1536,8192,1
KERNEL_DISPATCH,Agent 2,1,0,2096183,5309,26,gemm_mq4g256v2_residual_iu4_v2b_add_gfx11,5309,294963273890012,294963295557872,0,0,248,0,128,32,16,1,1024,320,1
KERNEL_DISPATCH,Agent 2,1,0,2096183,5314,20,gdn_chunk_prep,5314,294963317973010,294963321251423,0,0,72,0,128,256,1,1,32768,10,1
KERNEL_DISPATCH,Agent 2,1,0,2096183,5319,21,gdn_chunk_kkt_solve,5319,294963322020863,294963322065346,11776,0,120,0,128,128,1,1,1024,16,1
KERNEL_DISPATCH,Agent 2,1,0,2096183,5324,22,gdn_chunk_scan,5324,294963322807455,294963323117314,60928,0,216,0,128,512,1,1,512,48,1
KERNEL_DISPATCH,Agent 2,1,0,2096183,5329,21,gdn_chunk_kkt_solve,5329,294963323857620,294963323902984,11776,0,120,0,128,128,1,1,1024,16,1
KERNEL_DISPATCH,Agent 2,1,0,2096183,5334,22,gdn_chunk_scan,5334,294963324639603,294963324954552,60928,0,216,0,128,512,1,1,512,48,1
KERNEL_DISPATCH,Agent 2,1,0,2096183,5339,21,gdn_chunk_kkt_solve,5339,294963325697462,294963325743428,11776,0,120,0,128,128,1,1,1024,16,1
KERNEL_DISPATCH,Agent 2,1,0,2096183,5344,22,gdn_chunk_scan,5344,294963326476960,294963326791509,60928,0,216,0,128,512,1,1,512,48,1
KERNEL_DISPATCH,Agent 2,1,0,2096183,5349,23,fused_rmsnorm_mq_rotate_awq_i4,5349,294963339247453,294963340428062,0,0,96,0,128,256,1,1,2097152,1,1
KERNEL_DISPATCH,Agent 2,1,0,2096183,5354,27,gemm_mq4g256v2_residual_iu4_v2b_set_gfx11,5354,294963406182526,294963417936196,0,0,248,0,128,32,16,1,1024,640,1
KERNEL_DISPATCH,Agent 2,1,0,2096183,5359,22,gdn_chunk_scan,5359,294963430504230,294963430841061,60928,0,216,0,128,512,1,1,512,48,1
KERNEL_DISPATCH,Agent 2,1,0,2096183,5364,21,gdn_chunk_kkt_solve,5364,294963431582848,294963431630097,11776,0,120,0,128,128,1,1,1024,16,1
KERNEL_DISPATCH,Agent 2,1,0,2096183,5369,22,gdn_chunk_scan,5369,294963432360423,294963432673369,60928,0,216,0,128,512,1,1,512,48,1
KERNEL_DISPATCH,Agent 2,1,0,2096183,5374,21,gdn_chunk_kkt_solve,5374,294963433413153,294963433459199,11776,0,120,0,128,128,1,1,1024,16,1
KERNEL_DISPATCH,Agent 2,1,0,2096183,5379,22,gdn_chunk_scan,5379,294963434193493,294963434511327,60928,0,216,0,128,512,1,1,512,48,1
KERNEL_DISPATCH,Agent 2,1,0,2096183,5384,21,gdn_chunk_kkt_solve,5384,294963435258325,294963435305373,11776,0,120,0,128,128,1,1,1024,16,1
KERNEL_DISPATCH,Agent 2,1,0,2096183,5389,22,gdn_chunk_scan,5389,294963436038385,294963436350929,60928,0,216,0,128,512,1,1,512,48,1
KERNEL_DISPATCH,Agent 2,1,0,2096183,5394,30,fused_silu_mul_mq_rotate_awq_i4_hin,5394,294963489409760,294963492390497,0,0,80,0,128,32,1,1,2176,8192,1
KERNEL_DISPATCH,Agent 2,1,0,2096183,5399,27,gemm_mq4g256v2_residual_iu4_v2b_set_gfx11,5399,294963530993281,294963532449646,0,0,248,0,128,32,16,1,1024,64,1
KERNEL_DISPATCH,Agent 2,1,0,2096183,5404,37,kv_cache_write_q8_0_batched,5404,294963538631572,294963538654775,0,0,8,0,128,32,1,1,1024,512,1
KERNEL_DISPATCH,Agent 2,1,0,2096183,5409,39,attention_fa2_q_preconvert_gfx11,5409,294963539097644,294963539188654,0,0,16,0,128,128,1,1,393216,1,1
KERNEL_DISPATCH,Agent 2,1,0,2096183,5414,38,attention_q8_0_fa2_gqa_gfx11,5414,294963539933327,294963540941934,0,0,224,0,128,256,1,1,8192,4,1
KERNEL_DISPATCH,Agent 2,1,0,2096183,5419,37,kv_cache_write_q8_0_batched,5419,294963542479291,294963542492716,0,0,8,0,128,32,1,1,1024,512,1
KERNEL_DISPATCH,Agent 2,1,0,2096183,5424,37,kv_cache_write_q8_0_batched,5424,294963544415513,294963544428377,0,0,8,0,128,32,1,1,1024,512,1
KERNEL_DISPATCH,Agent 2,1,0,2096183,5429,39,attention_fa2_q_preconvert_gfx11,5429,294963546774166,294963546854116,0,0,16,0,128,128,1,1,393216,1,1
KERNEL_DISPATCH,Agent 2,1,0,2096183,5434,38,attention_q8_0_fa2_gqa_gfx11,5434,294963549593922,294963552627197,0,0,224,0,128,256,1,1,8192,4,1
KERNEL_DISPATCH,Agent 2,1,0,2096183,5439,37,kv_cache_write_q8_0_batched,5439,294963556209379,294963556223205,0,0,8,0,128,32,1,1,1024,512,1
KERNEL_DISPATCH,Agent 2,1,0,2096183,5444,37,kv_cache_write_q8_0_batched,5444,294963560256431,294963560271619,0,0,8,0,128,32,1,1,1024,512,1
KERNEL_DISPATCH,Agent 2,1,0,2096183,5449,39,attention_fa2_q_preconvert_gfx11,5449,294963564652255,294963564728999,0,0,16,0,128,128,1,1,393216,1,1
KERNEL_DISPATCH,Agent 2,1,0,2096183,5454,38,attention_q8_0_fa2_gqa_gfx11,5454,294963569515835,294963574595338,0,0,224,0,128,256,1,1,8192,4,1
KERNEL_DISPATCH,Agent 2,1,0,2096183,5459,37,kv_cache_write_q8_0_batched,5459,294963580215413,294963580230000,0,0,8,0,128,32,1,1,1024,512,1
KERNEL_DISPATCH,Agent 2,1,0,2096183,5464,37,kv_cache_write_q8_0_batched,5464,294963586276914,294963586292142,0,0,8,0,128,32,1,1,1024,512,1
KERNEL_DISPATCH,Agent 2,1,0,2096183,5469,23,fused_rmsnorm_mq_rotate_awq_i4,5469,294963604264929,294963605436921,0,0,96,0,128,256,1,1,2097152,1,1
KERNEL_DISPATCH,Agent 2,1,0,2096183,5474,27,gemm_mq4g256v2_residual_iu4_v2b_set_gfx11,5474,294963671674288,294963683597757,0,0,248,0,128,32,16,1,1024,640,1
KERNEL_DISPATCH,Agent 2,1,0,2096183,5479,22,gdn_chunk_scan,5479,294963696380192,294963696711772,60928,0,216,0,128,512,1,1,512,48,1
KERNEL_DISPATCH,Agent 2,1,0,2096183,5484,21,gdn_chunk_kkt_solve,5484,294963697451597,294963697500328,11776,0,120,0,128,128,1,1,1024,16,1
KERNEL_DISPATCH,Agent 2,1,0,2096183,5489,22,gdn_chunk_scan,5489,294963698239110,294963698549491,60928,0,216,0,128,512,1,1,512,48,1
KERNEL_DISPATCH,Agent 2,1,0,2096183,5494,21,gdn_chunk_kkt_solve,5494,294963699294164,294963699338888,11776,0,120,0,128,128,1,1,1024,16,1
KERNEL_DISPATCH,Agent 2,1,0,2096183,5499,22,gdn_chunk_scan,5499,294963700071138,294963700389052,60928,0,216,0,128,512,1,1,512,48,1
KERNEL_DISPATCH,Agent 2,1,0,2096183,5504,21,gdn_chunk_kkt_solve,5504,294963701121423,294963701168391,11776,0,120,0,128,128,1,1,1024,16,1
KERNEL_DISPATCH,Agent 2,1,0,2096183,5509,22,gdn_chunk_scan,5509,294963701901041,294963702209298,60928,0,216,0,128,512,1,1,512,48,1
KERNEL_DISPATCH,Agent 2,1,0,2096183,5514,30,fused_silu_mul_mq_rotate_awq_i4_hin,5514,294963755673647,294963758673139,0,0,80,0,128,32,1,1,2176,8192,1
KERNEL_DISPATCH,Agent 2,1,0,2096183,5519,28,split_mq4v2_z_betaalpha,5519,294963800717122,294963802747601,0,0,16,0,128,256,1,1,2097152,1,1
KERNEL_DISPATCH,Agent 2,1,0,2096183,5851,37,kv_cache_write_q8_0_batched,5851,294964527738264,294964527752251,0,0,8,0,128,32,1,1,1024,512,1
KERNEL_DISPATCH,Agent 2,1,0,2096183,5846,38,attention_q8_0_fa2_gqa_gfx11,5846,294964521078324,294964524117851,0,0,224,0,128,256,1,1,8192,4,1
KERNEL_DISPATCH,Agent 2,1,0,2096183,5841,39,attention_fa2_q_preconvert_gfx11,5841,294964518241857,294964518322648,0,0,16,0,128,128,1,1,393216,1,1
KERNEL_DISPATCH,Agent 2,1,0,2096183,5836,37,kv_cache_write_q8_0_batched,5836,294964515882002,294964515894866,0,0,8,0,128,32,1,1,1024,512,1
KERNEL_DISPATCH,Agent 2,1,0,2096183,5612,38,attention_q8_0_fa2_gqa_gfx11,5612,294964024524936,294964024770114,0,0,224,0,128,256,1,1,8192,4,1
KERNEL_DISPATCH,Agent 2,1,0,2096183,5831,37,kv_cache_write_q8_0_batched,5831,294964513920692,294964513934077,0,0,8,0,128,32,1,1,1024,512,1
KERNEL_DISPATCH,Agent 2,1,0,2096183,5589,22,gdn_chunk_scan,5589,294963920423527,294963920736192,60928,0,216,0,128,512,1,1,512,48,1
KERNEL_DISPATCH,Agent 2,1,0,2096183,5607,33,rmsnorm_f32,5607,294964021749463,294964022046659,0,0,16,0,128,256,1,1,8388608,1,1
KERNEL_DISPATCH,Agent 2,1,0,2096183,5826,38,attention_q8_0_fa2_gqa_gfx11,5826,294964511376412,294964512369310,0,0,224,0,128,256,1,1,8192,4,1
KERNEL_DISPATCH,Agent 2,1,0,2096183,5821,39,attention_fa2_q_preconvert_gfx11,5821,294964510538324,294964510629094,0,0,16,0,128,128,1,1,393216,1,1
KERNEL_DISPATCH,Agent 2,1,0,2096183,5602,23,fused_rmsnorm_mq_rotate_awq_i4,5602,294963999858506,294964001021201,0,0,96,0,128,256,1,1,2097152,1,1
KERNEL_DISPATCH,Agent 2,1,0,2096183,5597,26,gemm_mq4g256v2_residual_iu4_v2b_add_gfx11,5597,294963924294329,294963933770498,0,0,248,0,128,32,16,1,1024,320,1
KERNEL_DISPATCH,Agent 2,1,0,2096183,5592,21,gdn_chunk_kkt_solve,5592,294963921110332,294963921157460,11776,0,120,0,128,128,1,1,1024,16,1
KERNEL_DISPATCH,Agent 2,1,0,2096183,5816,37,kv_cache_write_q8_0_batched,5816,294964510049369,294964510072773,0,0,8,0,128,32,1,1,1024,512,1
KERNEL_DISPATCH,Agent 2,1,0,2096183,5587,22,gdn_chunk_scan,5587,294963920058524,294963920369626,60928,0,216,0,128,512,1,1,512,48,1
KERNEL_DISPATCH,Agent 2,1,0,2096183,5811,27,gemm_mq4g256v2_residual_iu4_v2b_set_gfx11,5811,294964502470950,294964503862033,0,0,248,0,128,32,16,1,1024,64,1
KERNEL_DISPATCH,Agent 2,1,0,2096183,5582,21,gdn_chunk_kkt_solve,5582,294963919277703,294963919323789,11776,0,120,0,128,128,1,1,1024,16,1
KERNEL_DISPATCH,Agent 2,1,0,2096183,5806,30,fused_silu_mul_mq_rotate_awq_i4_hin,5806,294964460921854,294964463933168,0,0,80,0,128,32,1,1,2176,8192,1
KERNEL_DISPATCH,Agent 2,1,0,2096183,5577,22,gdn_chunk_scan,5577,294963918219804,294963918537398,60928,0,216,0,128,512,1,1,512,48,1
KERNEL_DISPATCH,Agent 2,1,0,2096183,5801,22,gdn_chunk_scan,5801,294964407083445,294964407392784,60928,0,216,0,128,512,1,1,512,48,1
KERNEL_DISPATCH,Agent 2,1,0,2096183,5572,21,gdn_chunk_kkt_solve,5572,294963917436017,294963917483827,11776,0,120,0,128,128,1,1,1024,16,1
KERNEL_DISPATCH,Agent 2,1,0,2096183,5796,21,gdn_chunk_kkt_solve,5796,294964406305109,294964406349953,11776,0,120,0,128,128,1,1,1024,16,1
KERNEL_DISPATCH,Agent 2,1,0,2096183,5567,22,gdn_chunk_scan,5567,294963916377557,294963916691785,60928,0,216,0,128,512,1,1,512,48,1
KERNEL_DISPATCH,Agent 2,1,0,2096183,5791,22,gdn_chunk_scan,5791,294964405254303,294964405570895,60928,0,216,0,128,512,1,1,512,48,1
KERNEL_DISPATCH,Agent 2,1,0,2096183,5562,28,split_mq4v2_z_betaalpha,5562,294963910576904,294963912606141,0,0,16,0,128,256,1,1,2097152,1,1
KERNEL_DISPATCH,Agent 2,1,0,2096183,5786,21,gdn_chunk_kkt_solve,5786,294964404471839,294964404516001,11776,0,120,0,128,128,1,1,1024,16,1
KERNEL_DISPATCH,Agent 2,1,0,2096183,5557,30,fused_silu_mul_mq_rotate_awq_i4_hin,5557,294963865544130,294963868568428,0,0,80,0,128,32,1,1,2176,8192,1
KERNEL_DISPATCH,Agent 2,1,0,2096183,5781,22,gdn_chunk_scan,5781,294964403420552,294964403733698,60928,0,216,0,128,512,1,1,512,48,1
KERNEL_DISPATCH,Agent 2,1,0,2096183,5552,22,gdn_chunk_scan,5552,294963811639998,294963811949817,60928,0,216,0,128,512,1,1,512,48,1
KERNEL_DISPATCH,Agent 2,1,0,2096183,5776,21,gdn_chunk_kkt_solve,5776,294964402643979,294964402689744,11776,0,120,0,128,128,1,1,1024,16,1
KERNEL_DISPATCH,Agent 2,1,0,2096183,5547,21,gdn_chunk_kkt_solve,5547,294963810850080,294963810897208,11776,0,120,0,128,128,1,1,1024,16,1
KERNEL_DISPATCH,Agent 2,1,0,2096183,5771,22,gdn_chunk_scan,5771,294964401566363,294964401892292,60928,0,216,0,128,512,1,1,512,48,1
KERNEL_DISPATCH,Agent 2,1,0,2096183,5542,22,gdn_chunk_scan,5542,294963809796829,294963810107491,60928,0,216,0,128,512,1,1,512,48,1
KERNEL_DISPATCH,Agent 2,1,0,2096183,5766,27,gemm_mq4g256v2_residual_iu4_v2b_set_gfx11,5766,294964377028614,294964388874256,0,0,248,0,128,32,16,1,1024,640,1
KERNEL_DISPATCH,Agent 2,1,0,2096183,5537,21,gdn_chunk_kkt_solve,5537,294963809008234,294963809057005,11776,0,120,0,128,128,1,1,1024,16,1
KERNEL_DISPATCH,Agent 2,1,0,2096183,5761,23,fused_rmsnorm_mq_rotate_awq_i4,5761,294964309612161,294964310785075,0,0,96,0,128,256,1,1,2097152,1,1
KERNEL_DISPATCH,Agent 2,1,0,2096183,5532,22,gdn_chunk_scan,5532,294963807952098,294963808262278,60928,0,216,0,128,512,1,1,512,48,1
KERNEL_DISPATCH,Agent 2,1,0,2096183,5756,22,gdn_chunk_scan,5756,294964297096665,294964297407045,60928,0,216,0,128,512,1,1,512,48,1
KERNEL_DISPATCH,Agent 2,1,0,2096183,5527,21,gdn_chunk_kkt_solve,5527,294963807159094,294963807207465,11776,0,120,0,128,128,1,1,1024,16,1
KERNEL_DISPATCH,Agent 2,1,0,2096183,5751,21,gdn_chunk_kkt_solve,5751,294964296312478,294964296361249,11776,0,120,0,128,128,1,1,1024,16,1
KERNEL_DISPATCH,Agent 2,1,0,2096183,5522,22,gdn_chunk_scan,5522,294963806080757,294963806408810,60928,0,216,0,128,512,1,1,512,48,1
KERNEL_DISPATCH,Agent 2,1,0,2096183,5746,22,gdn_chunk_scan,5746,294964295249849,294964295560751,60928,0,216,0,128,512,1,1,512,48,1
KERNEL_DISPATCH,Agent 2,1,0,2096183,5517,27,gemm_mq4g256v2_residual_iu4_v2b_set_gfx11,5517,294963781534592,294963793420149,0,0,248,0,128,32,16,1,1024,640,1
KERNEL_DISPATCH,Agent 2,1,0,2096183,5741,21,gdn_chunk_kkt_solve,5741,294964294465983,294964294512229,11776,0,120,0,128,128,1,1,1024,16,1
KERNEL_DISPATCH,Agent 2,1,0,2096183,5512,23,fused_rmsnorm_mq_rotate_awq_i4,5512,294963714265214,294963715421778,0,0,96,0,128,256,1,1,2097152,1,1
KERNEL_DISPATCH,Agent 2,1,0,2096183,5736,22,gdn_chunk_scan,5736,294964293405559,294964293720187,60928,0,216,0,128,512,1,1,512,48,1
KERNEL_DISPATCH,Agent 2,1,0,2096183,5507,22,gdn_chunk_scan,5507,294963701537722,294963701848824,60928,0,216,0,128,512,1,1,512,48,1
KERNEL_DISPATCH,Agent 2,1,0,2096183,5731,21,gdn_chunk_kkt_solve,5731,294964292615400,294964292661126,11776,0,120,0,128,128,1,1,1024,16,1
KERNEL_DISPATCH,Agent 2,1,0,2096183,5502,21,gdn_chunk_kkt_solve,5502,294963700758423,294963700802706,11776,0,120,0,128,128,1,1,1024,16,1
KERNEL_DISPATCH,Agent 2,1,0,2096183,5726,20,gdn_chunk_prep,5726,294964288578047,294964291849047,0,0,72,0,128,256,1,1,32768,10,1
KERNEL_DISPATCH,Agent 2,1,0,2096183,5497,22,gdn_chunk_scan,5497,294963699703850,294963700016435,60928,0,216,0,128,512,1,1,512,48,1
KERNEL_DISPATCH,Agent 2,1,0,2096183,5721,26,gemm_mq4g256v2_residual_iu4_v2b_add_gfx11,5721,294964244361600,294964266030221,0,0,248,0,128,32,16,1,1024,320,1
KERNEL_DISPATCH,Agent 2,1,0,2096183,5492,21,gdn_chunk_kkt_solve,5492,294963698922949,294963698967673,11776,0,120,0,128,128,1,1,1024,16,1
KERNEL_DISPATCH,Agent 2,1,0,2096183,5716,29,gated_norm_mq_rotate_awq_i4_gfx11,5716,294964187892188,294964190338485,1024,0,48,0,128,64,1,1,1536,8192,1
KERNEL_DISPATCH,Agent 2,1,0,2096183,5487,22,gdn_chunk_scan,5487,294963697871222,294963698185930,60928,0,216,0,128,512,1,1,512,48,1
KERNEL_DISPATCH,Agent 2,1,0,2096183,5711,22,gdn_chunk_scan,5711,294964186833688,294964187148637,60928,0,216,0,128,512,1,1,512,48,1
KERNEL_DISPATCH,Agent 2,1,0,2096183,5482,21,gdn_chunk_kkt_solve,5482,294963697086313,294963697129514,11776,0,120,0,128,128,1,1,1024,16,1
KERNEL_DISPATCH,Agent 2,1,0,2096183,5706,21,gdn_chunk_kkt_solve,5706,294964186047817,294964186094745,11776,0,120,0,128,128,1,1,1024,16,1
KERNEL_DISPATCH,Agent 2,1,0,2096183,5477,20,gdn_chunk_prep,5477,294963692998665,294963696313147,0,0,72,0,128,256,1,1,32768,10,1
KERNEL_DISPATCH,Agent 2,1,0,2096183,5701,22,gdn_chunk_scan,5701,294964184985630,294964185298736,60928,0,216,0,128,512,1,1,512,48,1
KERNEL_DISPATCH,Agent 2,1,0,2096183,5696,21,gdn_chunk_kkt_solve,5696,294964184202485,294964184250495,11776,0,120,0,128,128,1,1,1024,16,1
KERNEL_DISPATCH,Agent 2,1,0,2096183,5691,22,gdn_chunk_scan,5691,294964183143303,294964183454045,60928,0,216,0,128,512,1,1,512,48,1
KERNEL_DISPATCH,Agent 2,1,0,2096183,5686,21,gdn_chunk_kkt_solve,5686,294964182349618,294964182397267,11776,0,120,0,128,128,1,1,1024,16,1
KERNEL_DISPATCH,Agent 2,1,0,2096183,5472,26,gemm_mq4g256v2_residual_iu4_v2b_add_gfx11,5472,294963648790714,294963670478491,0,0,248,0,128,32,16,1,1024,320,1
KERNEL_DISPATCH,Agent 2,1,0,2096183,5681,27,gemm_mq4g256v2_residual_iu4_v2b_set_gfx11,5681,294964169336191,294964176630919,0,0,248,0,128,32,16,1,1024,400,1
KERNEL_DISPATCH,Agent 2,1,0,2096183,5467,40,sigmoid_mul_rotate_x_mq_awq_i4_gfx11,5467,294963592702977,294963594660760,0,0,88,0,128,32,1,1,6291456,1,1
KERNEL_DISPATCH,Agent 2,1,0,2096183,5676,24,gemm_mq4g256v2_gate_up_silu_iu4_v2b_gfx11,5676,294964091150349,294964131617300,0,0,248,0,128,32,16,1,1024,2176,1
KERNEL_DISPATCH,Agent 2,1,0,2096183,5462,38,attention_q8_0_fa2_gqa_gfx11,5462,294963580329306,294963586246016,0,0,224,0,128,256,1,1,8192,4,1
KERNEL_DISPATCH,Agent 2,1,0,2096183,5671,39,attention_fa2_q_preconvert_gfx11,5671,294964072122508,294964072191277,0,0,16,0,128,128,1,1,393216,1,1
KERNEL_DISPATCH,Agent 2,1,0,2096183,5457,39,attention_fa2_q_preconvert_gfx11,5457,294963574641905,294963574714722,0,0,16,0,128,128,1,1,393216,1,1
KERNEL_DISPATCH,Agent 2,1,0,2096183,5666,37,kv_cache_write_q8_0_batched,5666,294964066048625,294964066064174,0,0,8,0,128,32,1,1,1024,512,1
KERNEL_DISPATCH,Agent 2,1,0,2096183,5452,37,kv_cache_write_q8_0_batched,5452,294963569418533,294963569433681,0,0,8,0,128,32,1,1,1024,512,1
KERNEL_DISPATCH,Agent 2,1,0,2096183,5661,37,kv_cache_write_q8_0_batched,5661,294964060402781,294964060418932,0,0,8,0,128,32,1,1,1024,512,1
KERNEL_DISPATCH,Agent 2,1,0,2096183,5447,37,kv_cache_write_q8_0_batched,5447,294963564620396,294963564633700,0,0,8,0,128,32,1,1,1024,512,1
KERNEL_DISPATCH,Agent 2,1,0,2096183,5656,38,attention_q8_0_fa2_gqa_gfx11,5656,294964050481098,294964055159371,0,0,224,0,128,256,1,1,8192,4,1
KERNEL_DISPATCH,Agent 2,1,0,2096183,5651,39,attention_fa2_q_preconvert_gfx11,5651,294964046016866,294964046095653,0,0,16,0,128,128,1,1,393216,1,1
KERNEL_DISPATCH,Agent 2,1,0,2096183,5442,38,attention_q8_0_fa2_gqa_gfx11,5442,294963556325396,294963560230061,0,0,224,0,128,256,1,1,8192,4,1
KERNEL_DISPATCH,Agent 2,1,0,2096183,5646,37,kv_cache_write_q8_0_batched,5646,294964042003597,294964042017063,0,0,8,0,128,32,1,1,1024,512,1
KERNEL_DISPATCH,Agent 2,1,0,2096183,5524,22,gdn_chunk_scan,5524,294963806466078,294963806780706,60928,0,216,0,128,512,1,1,512,48,1
KERNEL_DISPATCH,Agent 2,1,0,2096183,5641,37,kv_cache_write_q8_0_batched,5641,294964038378856,294964038392281,0,0,8,0,128,32,1,1,1024,512,1
KERNEL_DISPATCH,Agent 2,1,0,2096183,5529,21,gdn_chunk_kkt_solve,5529,294963807531792,294963807581484,11776,0,120,0,128,128,1,1,1024,16,1
KERNEL_DISPATCH,Agent 2,1,0,2096183,5636,38,attention_q8_0_fa2_gqa_gfx11,5636,294964032576159,294964035197784,0,0,224,0,128,256,1,1,8192,4,1
KERNEL_DISPATCH,Agent 2,1,0,2096183,5534,22,gdn_chunk_scan,5534,294963808319505,294963808634455,60928,0,216,0,128,512,1,1,512,48,1
KERNEL_DISPATCH,Agent 2,1,0,2096183,5631,39,attention_fa2_q_preconvert_gfx11,5631,294964030159798,294964030244356,0,0,16,0,128,128,1,1,393216,1,1
KERNEL_DISPATCH,Agent 2,1,0,2096183,5539,21,gdn_chunk_kkt_solve,5539,294963809376523,294963809425735,11776,0,120,0,128,128,1,1,1024,16,1
KERNEL_DISPATCH,Agent 2,1,0,2096183,5626,37,kv_cache_write_q8_0_batched,5626,294964028212996,294964028225379,0,0,8,0,128,32,1,1,1024,512,1
KERNEL_DISPATCH,Agent 2,1,0,2096183,5544,22,gdn_chunk_scan,5544,294963810164878,294963810475659,60928,0,216,0,128,512,1,1,512,48,1
KERNEL_DISPATCH,Agent 2,1,0,2096183,5621,37,kv_cache_write_q8_0_batched,5621,294964026665501,294964026679126,0,0,8,0,128,32,1,1,1024,512,1
KERNEL_DISPATCH,Agent 2,1,0,2096183,5549,21,gdn_chunk_kkt_solve,5549,294963811215724,294963811262451,11776,0,120,0,128,128,1,1,1024,16,1
KERNEL_DISPATCH,Agent 2,1,0,2096183,5616,38,attention_q8_0_fa2_gqa_gfx11,5616,294964024914545,294964025527531,0,0,224,0,128,256,1,1,8192,4,1
KERNEL_DISPATCH,Agent 2,1,0,2096183,5611,39,attention_fa2_q_preconvert_gfx11,5611,294964024372971,294964024518524,0,0,16,0,128,128,1,1,393216,1,1
KERNEL_DISPATCH,Agent 2,1,0,2096183,5554,26,gemm_mq4g256v2_residual_iu4_v2b_add_gfx11,5554,294963814415110,294963824076225,0,0,248,0,128,32,16,1,1024,320,1
KERNEL_DISPATCH,Agent 2,1,0,2096183,5606,31,deinterleave_q_rmsnorm_f32_batched,5606,294964018173011,294964021738322,0,0,24,0,128,256,1,1,6144,8192,1
KERNEL_DISPATCH,Agent 2,1,0,2096183,5559,23,fused_rmsnorm_mq_rotate_awq_i4,5559,294963890122675,294963891283647,0,0,96,0,128,256,1,1,2097152,1,1
KERNEL_DISPATCH,Agent 2,1,0,2096183,5601,26,gemm_mq4g256v2_residual_iu4_v2b_add_gfx11,5601,294963978291395,294963999847445,0,0,248,0,128,32,16,1,1024,320,1
KERNEL_DISPATCH,Agent 2,1,0,2096183,5564,21,gdn_chunk_kkt_solve,5564,294963915933847,294963915990072,11776,0,120,0,128,128,1,1,1024,16,1
KERNEL_DISPATCH,Agent 2,1,0,2096183,5596,29,gated_norm_mq_rotate_awq_i4_gfx11,5596,294963921845387,294963924283428,1024,0,48,0,128,64,1,1,1536,8192,1
KERNEL_DISPATCH,Agent 2,1,0,2096183,5569,22,gdn_chunk_scan,5569,294963916747128,294963917061316,60928,0,216,0,128,512,1,1,512,48,1
KERNEL_DISPATCH,Agent 2,1,0,2096183,5591,22,gdn_chunk_scan,5591,294963920790173,294963921103920,60928,0,216,0,128,512,1,1,512,48,1
KERNEL_DISPATCH,Agent 2,1,0,2096183,5584,21,gdn_chunk_kkt_solve,5584,294963919642946,294963919689033,11776,0,120,0,128,128,1,1,1024,16,1
KERNEL_DISPATCH,Agent 2,1,0,2096183,5574,21,gdn_chunk_kkt_solve,5574,294963917804587,294963917850593,11776,0,120,0,128,128,1,1,1024,16,1
KERNEL_DISPATCH,Agent 2,1,0,2096183,5586,21,gdn_chunk_kkt_solve,5586,294963920011676,294963920056640,11776,0,120,0,128,128,1,1,1024,16,1
KERNEL_DISPATCH,Agent 2,1,0,2096183,5579,22,gdn_chunk_scan,5579,294963918591699,294963918900758,60928,0,216,0,128,512,1,1,512,48,1
KERNEL_DISPATCH,Agent 2,1,0,2096183,5065,20,gdn_chunk_prep,5065,294962727267106,294962730448458,0,0,72,0,128,256,1,1,32768,10,1
KERNEL_DISPATCH,Agent 2,1,0,2096183,5581,22,gdn_chunk_scan,5581,294963918955620,294963919271291,60928,0,216,0,128,512,1,1,512,48,1
KERNEL_DISPATCH,Agent 2,1,0,2096183,5070,21,gdn_chunk_kkt_solve,5070,294962731213891,294962731260257,11776,0,120,0,128,128,1,1,1024,16,1
KERNEL_DISPATCH,Agent 2,1,0,2096183,5075,22,gdn_chunk_scan,5075,294962731993108,294962732300243,60928,0,216,0,128,512,1,1,512,48,1
KERNEL_DISPATCH,Agent 2,1,0,2096183,5576,21,gdn_chunk_kkt_solve,5576,294963918172756,294963918217840,11776,0,120,0,128,128,1,1,1024,16,1
KERNEL_DISPATCH,Agent 2,1,0,2096183,5080,21,gdn_chunk_kkt_solve,5080,294962733035819,294962733082026,11776,0,120,0,128,128,1,1,1024,16,1
KERNEL_DISPATCH,Agent 2,1,0,2096183,5571,22,gdn_chunk_scan,5571,294963917116219,294963917429525,60928,0,216,0,128,512,1,1,512,48,1
KERNEL_DISPATCH,Agent 2,1,0,2096183,5085,22,gdn_chunk_scan,5085,294962733825056,294962734136839,60928,0,216,0,128,512,1,1,512,48,1
KERNEL_DISPATCH,Agent 2,1,0,2096183,5881,23,fused_rmsnorm_mq_rotate_awq_i4,5881,294964575465199,294964576650497,0,0,96,0,128,256,1,1,2097152,1,1
KERNEL_DISPATCH,Agent 2,1,0,2096183,5637,37,kv_cache_write_q8_0_batched,5637,294964035208604,294964035222029,0,0,8,0,128,32,1,1,1024,512,1
KERNEL_DISPATCH,Agent 2,1,0,2096183,5090,21,gdn_chunk_kkt_solve,5090,294962734870131,294962734918983,11776,0,120,0,128,128,1,1,1024,16,1
KERNEL_DISPATCH,Agent 2,1,0,2096183,5566,21,gdn_chunk_kkt_solve,5566,294963916328705,294963916375673,11776,0,120,0,128,128,1,1,1024,16,1
KERNEL_DISPATCH,Agent 2,1,0,2096183,5095,22,gdn_chunk_scan,5095,294962735667784,294962735978325,60928,0,216,0,128,512,1,1,512,48,1
KERNEL_DISPATCH,Agent 2,1,0,2096183,5100,23,fused_rmsnorm_mq_rotate_awq_i4,5100,294962748042216,294962749207275,0,0,96,0,128,256,1,1,2097152,1,1
KERNEL_DISPATCH,Agent 2,1,0,2096183,5105,27,gemm_mq4g256v2_residual_iu4_v2b_set_gfx11,5105,294962814032120,294962825712613,0,0,248,0,128,32,16,1,1024,640,1
KERNEL_DISPATCH,Agent 2,1,0,2096183,5110,22,gdn_chunk_scan,5110,294962838217650,294962838551675,60928,0,216,0,128,512,1,1,512,48,1
KERNEL_DISPATCH,Agent 2,1,0,2096183,5561,27,gemm_mq4g256v2_residual_iu4_v2b_set_gfx11,5561,294963903246109,294963910565843,0,0,248,0,128,32,16,1,1024,400,1
KERNEL_DISPATCH,Agent 2,1,0,2096183,5115,21,gdn_chunk_kkt_solve,5115,294962839294705,294962839341232,11776,0,120,0,128,128,1,1,1024,16,1
KERNEL_DISPATCH,Agent 2,1,0,2096183,5120,22,gdn_chunk_scan,5120,294962840078772,294962840392038,60928,0,216,0,128,512,1,1,512,48,1
KERNEL_DISPATCH,Agent 2,1,0,2096183,5556,24,gemm_mq4g256v2_gate_up_silu_iu4_v2b_gfx11,5556,294963825257035,294963865533109,0,0,248,0,128,32,16,1,1024,2176,1
KERNEL_DISPATCH,Agent 2,1,0,2096183,5551,21,gdn_chunk_kkt_solve,5551,294963811585656,294963811638154,11776,0,120,0,128,128,1,1,1024,16,1
KERNEL_DISPATCH,Agent 2,1,0,2096183,5125,21,gdn_chunk_kkt_solve,5125,294962841132664,294962841178670,11776,0,120,0,128,128,1,1,1024,16,1
KERNEL_DISPATCH,Agent 2,1,0,2096183,5546,22,gdn_chunk_scan,5546,294963810530923,294963810843708,60928,0,216,0,128,512,1,1,512,48,1
KERNEL_DISPATCH,Agent 2,1,0,2096183,5066,21,gdn_chunk_kkt_solve,5066,294962730459920,294962730511296,11776,0,120,0,128,128,1,1,1024,16,1
KERNEL_DISPATCH,Agent 2,1,0,2096183,5130,22,gdn_chunk_scan,5130,294962841927751,294962842241979,60928,0,216,0,128,512,1,1,512,48,1
KERNEL_DISPATCH,Agent 2,1,0,2096183,5541,21,gdn_chunk_kkt_solve,5541,294963809745092,294963809794986,11776,0,120,0,128,128,1,1,1024,16,1
KERNEL_DISPATCH,Agent 2,1,0,2096183,5135,21,gdn_chunk_kkt_solve,5135,294962842983086,294962843028531,11776,0,120,0,128,128,1,1,1024,16,1
KERNEL_DISPATCH,Agent 2,1,0,2096183,5536,22,gdn_chunk_scan,5536,294963808692082,294963809001742,60928,0,216,0,128,512,1,1,512,48,1
KERNEL_DISPATCH,Agent 2,1,0,2096183,5140,22,gdn_chunk_scan,5140,294962843767513,294962844078415,60928,0,216,0,128,512,1,1,512,48,1
KERNEL_DISPATCH,Agent 2,1,0,2096183,5531,21,gdn_chunk_kkt_solve,5531,294963807903126,294963807950094,11776,0,120,0,128,128,1,1,1024,16,1
KERNEL_DISPATCH,Agent 2,1,0,2096183,5150,28,split_mq4v2_z_betaalpha,5150,294962941474438,294962943505118,0,0,16,0,128,256,1,1,2097152,1,1
KERNEL_DISPATCH,Agent 2,1,0,2096183,5526,22,gdn_chunk_scan,5526,294963806838254,294963807152682,60928,0,216,0,128,512,1,1,512,48,1
KERNEL_DISPATCH,Agent 2,1,0,2096183,5155,22,gdn_chunk_scan,5155,294962947241628,294962947552210,60928,0,216,0,128,512,1,1,512,48,1
KERNEL_DISPATCH,Agent 2,1,0,2096183,5521,21,gdn_chunk_kkt_solve,5521,294963806025814,294963806078753,11776,0,120,0,128,128,1,1,1024,16,1
KERNEL_DISPATCH,Agent 2,1,0,2096183,5160,21,gdn_chunk_kkt_solve,5160,294962948291553,294962948339002,11776,0,120,0,128,128,1,1,1024,16,1
KERNEL_DISPATCH,Agent 2,1,0,2096183,5165,22,gdn_chunk_scan,5165,294962949073135,294962949382995,60928,0,216,0,128,512,1,1,512,48,1
KERNEL_DISPATCH,Agent 2,1,0,2096183,5516,23,fused_rmsnorm_mq_rotate_awq_i4,5516,294963780354664,294963781523611,0,0,96,0,128,256,1,1,2097152,1,1
KERNEL_DISPATCH,Agent 2,1,0,2096183,5511,26,gemm_mq4g256v2_residual_iu4_v2b_add_gfx11,5511,294963704644654,294963714254274,0,0,248,0,128,32,16,1,1024,320,1
KERNEL_DISPATCH,Agent 2,1,0,2096183,5506,21,gdn_chunk_kkt_solve,5506,294963701491194,294963701535878,11776,0,120,0,128,128,1,1,1024,16,1
KERNEL_DISPATCH,Agent 2,1,0,2096183,5501,22,gdn_chunk_scan,5501,294963700441711,294963700752011,60928,0,216,0,128,512,1,1,512,48,1
KERNEL_DISPATCH,Agent 2,1,0,2096183,5496,21,gdn_chunk_kkt_solve,5496,294963699658205,294963699701967,11776,0,120,0,128,128,1,1,1024,16,1
KERNEL_DISPATCH,Agent 2,1,0,2096183,5491,22,gdn_chunk_scan,5491,294963698600386,294963698916457,60928,0,216,0,128,512,1,1,512,48,1
KERNEL_DISPATCH,Agent 2,1,0,2096183,5486,21,gdn_chunk_kkt_solve,5486,294963697822971,294963697869338,11776,0,120,0,128,128,1,1,1024,16,1
KERNEL_DISPATCH,Agent 2,1,0,2096183,5481,22,gdn_chunk_scan,5481,294963696766715,294963697079901,60928,0,216,0,128,512,1,1,512,48,1
KERNEL_DISPATCH,Agent 2,1,0,2096183,5476,28,split_mq4v2_z_betaalpha,5476,294963690953078,294963692987685,0,0,16,0,128,256,1,1,2097152,1,1
KERNEL_DISPATCH,Agent 2,1,0,2096183,5471,30,fused_silu_mul_mq_rotate_awq_i4_hin,5471,294963645766897,294963648779654,0,0,80,0,128,32,1,1,2176,8192,1
KERNEL_DISPATCH,Agent 2,1,0,2096183,5466,38,attention_q8_0_fa2_gqa_gfx11,5466,294963586367804,294963592691836,0,0,224,0,128,256,1,1,8192,4,1
KERNEL_DISPATCH,Agent 2,1,0,2096183,5461,39,attention_fa2_q_preconvert_gfx11,5461,294963580249276,294963580322934,0,0,16,0,128,128,1,1,393216,1,1
KERNEL_DISPATCH,Agent 2,1,0,2096183,5456,37,kv_cache_write_q8_0_batched,5456,294963574624192,294963574640062,0,0,8,0,128,32,1,1,1024,512,1
KERNEL_DISPATCH,Agent 2,1,0,2096183,5170,21,gdn_chunk_kkt_solve,5170,294962950122258,294962950169987,11776,0,120,0,128,128,1,1,1024,16,1
KERNEL_DISPATCH,Agent 2,1,0,2096183,5451,37,kv_cache_write_q8_0_batched,5451,294963569402222,294963569416689,0,0,8,0,128,32,1,1,1024,512,1
KERNEL_DISPATCH,Agent 2,1,0,2096183,5175,22,gdn_chunk_scan,5175,294962950907207,294962951222196,60928,0,216,0,128,512,1,1,512,48,1
KERNEL_DISPATCH,Agent 2,1,0,2096183,5180,21,gdn_chunk_kkt_solve,5180,294962951962220,294962952008347,11776,0,120,0,128,128,1,1,1024,16,1
KERNEL_DISPATCH,Agent 2,1,0,2096183,5446,38,attention_q8_0_fa2_gqa_gfx11,5446,294963560356819,294963564609375,0,0,224,0,128,256,1,1,8192,4,1
KERNEL_DISPATCH,Agent 2,1,0,2096183,5185,26,gemm_mq4g256v2_residual_iu4_v2b_add_gfx11,5185,294962955102416,294962964530134,0,0,248,0,128,32,16,1,1024,320,1
KERNEL_DISPATCH,Agent 2,1,0,2096183,5441,39,attention_fa2_q_preconvert_gfx11,5441,294963556240918,294963556318984,0,0,16,0,128,128,1,1,393216,1,1
KERNEL_DISPATCH,Agent 2,1,0,2096183,5190,23,fused_rmsnorm_mq_rotate_awq_i4,5190,294963030186935,294963031345102,0,0,96,0,128,256,1,1,2097152,1,1
KERNEL_DISPATCH,Agent 2,1,0,2096183,5436,37,kv_cache_write_q8_0_batched,5436,294963552658856,294963552672802,0,0,8,0,128,32,1,1,1024,512,1
KERNEL_DISPATCH,Agent 2,1,0,2096183,5195,33,rmsnorm_f32,5195,294963051941277,294963052237711,0,0,16,0,128,256,1,1,8388608,1,1
KERNEL_DISPATCH,Agent 2,1,0,2096183,5431,37,kv_cache_write_q8_0_batched,5431,294963549477704,294963549491210,0,0,8,0,128,32,1,1,1024,512,1
KERNEL_DISPATCH,Agent 2,1,0,2096183,5200,38,attention_q8_0_fa2_gqa_gfx11,5200,294963054720316,294963054979281,0,0,224,0,128,256,1,1,8192,4,1
KERNEL_DISPATCH,Agent 2,1,0,2096183,5205,37,kv_cache_write_q8_0_batched,5205,294963055748921,294963055762907,0,0,8,0,128,32,1,1,1024,512,1
KERNEL_DISPATCH,Agent 2,1,0,2096183,5426,38,attention_q8_0_fa2_gqa_gfx11,5426,294963544516061,294963546733410,0,0,224,0,128,256,1,1,8192,4,1
KERNEL_DISPATCH,Agent 2,1,0,2096183,5210,37,kv_cache_write_q8_0_batched,5210,294963056895907,294963056908971,0,0,8,0,128,32,1,1,1024,512,1
KERNEL_DISPATCH,Agent 2,1,0,2096183,5421,39,attention_fa2_q_preconvert_gfx11,5421,294963542509307,294963542587373,0,0,16,0,128,128,1,1,393216,1,1
KERNEL_DISPATCH,Agent 2,1,0,2096183,5215,39,attention_fa2_q_preconvert_gfx11,5215,294963058443482,294963058522951,0,0,16,0,128,128,1,1,393216,1,1
KERNEL_DISPATCH,Agent 2,1,0,2096183,5416,37,kv_cache_write_q8_0_batched,5416,294963540968905,294963540981809,0,0,8,0,128,32,1,1,1024,512,1
KERNEL_DISPATCH,Agent 2,1,0,2096183,5220,38,attention_q8_0_fa2_gqa_gfx11,5220,294963060457450,294963062664820,0,0,224,0,128,256,1,1,8192,4,1
KERNEL_DISPATCH,Agent 2,1,0,2096183,5225,37,kv_cache_write_q8_0_batched,5225,294963065419013,294963065432478,0,0,8,0,128,32,1,1,1024,512,1
KERNEL_DISPATCH,Agent 2,1,0,2096183,5411,37,kv_cache_write_q8_0_batched,5411,294963539819434,294963539833060,0,0,8,0,128,32,1,1,1024,512,1
KERNEL_DISPATCH,Agent 2,1,0,2096183,5230,37,kv_cache_write_q8_0_batched,5230,294963068592911,294963068606617,0,0,8,0,128,32,1,1,1024,512,1
KERNEL_DISPATCH,Agent 2,1,0,2096183,5406,38,attention_q8_0_fa2_gqa_gfx11,5406,294963538808543,294963539050676,0,0,224,0,128,256,1,1,8192,4,1
KERNEL_DISPATCH,Agent 2,1,0,2096183,5235,39,attention_fa2_q_preconvert_gfx11,5235,294963072162790,294963072241778,0,0,16,0,128,128,1,1,393216,1,1
KERNEL_DISPATCH,Agent 2,1,0,2096183,5240,38,attention_q8_0_fa2_gqa_gfx11,5240,294963076263342,294963080490852,0,0,224,0,128,256,1,1,8192,4,1
KERNEL_DISPATCH,Agent 2,1,0,2096183,5401,33,rmsnorm_f32,5401,294963536028702,294963536327661,0,0,16,0,128,256,1,1,8388608,1,1
KERNEL_DISPATCH,Agent 2,1,0,2096183,5245,37,kv_cache_write_q8_0_batched,5245,294963085272558,294963085286544,0,0,8,0,128,32,1,1,1024,512,1
KERNEL_DISPATCH,Agent 2,1,0,2096183,5250,37,kv_cache_write_q8_0_batched,5250,294963090485832,294963090501501,0,0,8,0,128,32,1,1,1024,512,1
KERNEL_DISPATCH,Agent 2,1,0,2096183,5255,39,attention_fa2_q_preconvert_gfx11,5255,294963096138928,294963096210102,0,0,16,0,128,128,1,1,393216,1,1
KERNEL_DISPATCH,Agent 2,1,0,2096183,5396,23,fused_rmsnorm_mq_rotate_awq_i4,5396,294963514132655,294963515289540,0,0,96,0,128,256,1,1,2097152,1,1
KERNEL_DISPATCH,Agent 2,1,0,2096183,5391,26,gemm_mq4g256v2_residual_iu4_v2b_add_gfx11,5391,294963438788049,294963448150886,0,0,248,0,128,32,16,1,1024,320,1
KERNEL_DISPATCH,Agent 2,1,0,2096183,5260,38,attention_q8_0_fa2_gqa_gfx11,5260,294963102253649,294963108543336,0,0,224,0,128,256,1,1,8192,4,1
KERNEL_DISPATCH,Agent 2,1,0,2096183,5265,30,fused_silu_mul_mq_rotate_awq_i4_hin,5265,294963161558966,294963164542548,0,0,80,0,128,32,1,1,2176,8192,1
KERNEL_DISPATCH,Agent 2,1,0,2096183,5270,28,split_mq4v2_z_betaalpha,5270,294963206381708,294963208418118,0,0,16,0,128,256,1,1,2097152,1,1
KERNEL_DISPATCH,Agent 2,1,0,2096183,5386,21,gdn_chunk_kkt_solve,5386,294963435624931,294963435671418,11776,0,120,0,128,128,1,1,1024,16,1
KERNEL_DISPATCH,Agent 2,1,0,2096183,5381,22,gdn_chunk_scan,5381,294963434567032,294963434883183,60928,0,216,0,128,512,1,1,512,48,1
KERNEL_DISPATCH,Agent 2,1,0,2096183,5275,22,gdn_chunk_scan,5275,294963212078005,294963212391031,60928,0,216,0,128,512,1,1,512,48,1
KERNEL_DISPATCH,Agent 2,1,0,2096183,5376,21,gdn_chunk_kkt_solve,5376,294963433778276,294963433826406,11776,0,120,0,128,128,1,1,1024,16,1
KERNEL_DISPATCH,Agent 2,1,0,2096183,5280,21,gdn_chunk_kkt_solve,5280,294963213138028,294963213186118,11776,0,120,0,128,128,1,1,1024,16,1
KERNEL_DISPATCH,Agent 2,1,0,2096183,5371,22,gdn_chunk_scan,5371,294963432728392,294963433040977,60928,0,216,0,128,512,1,1,512,48,1
KERNEL_DISPATCH,Agent 2,1,0,2096183,5366,21,gdn_chunk_kkt_solve,5366,294963431948332,294963431992174,11776,0,120,0,128,128,1,1,1024,16,1
KERNEL_DISPATCH,Agent 2,1,0,2096183,5285,22,gdn_chunk_scan,5285,294963213929549,294963214246262,60928,0,216,0,128,512,1,1,512,48,1
KERNEL_DISPATCH,Agent 2,1,0,2096183,5361,22,gdn_chunk_scan,5361,294963430896043,294963431207747,60928,0,216,0,128,512,1,1,512,48,1
KERNEL_DISPATCH,Agent 2,1,0,2096183,5290,21,gdn_chunk_kkt_solve,5290,294963214990614,294963215038865,11776,0,120,0,128,128,1,1,1024,16,1
KERNEL_DISPATCH,Agent 2,1,0,2096183,5295,22,gdn_chunk_scan,5295,294963215782977,294963216097205,60928,0,216,0,128,512,1,1,512,48,1
KERNEL_DISPATCH,Agent 2,1,0,2096183,5356,28,split_mq4v2_z_betaalpha,5356,294963425172455,294963427206380,0,0,16,0,128,256,1,1,2097152,1,1
KERNEL_DISPATCH,Agent 2,1,0,2096183,5300,21,gdn_chunk_kkt_solve,5300,294963216847489,294963216894296,11776,0,120,0,128,128,1,1,1024,16,1
KERNEL_DISPATCH,Agent 2,1,0,2096183,5351,30,fused_silu_mul_mq_rotate_awq_i4_hin,5351,294963380618416,294963383616946,0,0,80,0,128,32,1,1,2176,8192,1
KERNEL_DISPATCH,Agent 2,1,0,2096183,5305,26,gemm_mq4g256v2_residual_iu4_v2b_add_gfx11,5305,294963219995298,294963229627239,0,0,248,0,128,32,16,1,1024,320,1
KERNEL_DISPATCH,Agent 2,1,0,2096183,5310,23,fused_rmsnorm_mq_rotate_awq_i4,5310,294963295568973,294963296732510,0,0,96,0,128,256,1,1,2097152,1,1
KERNEL_DISPATCH,Agent 2,1,0,2096183,5346,22,gdn_chunk_scan,5346,294963326848455,294963327156832,60928,0,216,0,128,512,1,1,512,48,1
KERNEL_DISPATCH,Agent 2,1,0,2096183,5341,21,gdn_chunk_kkt_solve,5341,294963326062906,294963326108872,11776,0,120,0,128,128,1,1,1024,16,1
KERNEL_DISPATCH,Agent 2,1,0,2096183,5145,30,fused_silu_mul_mq_rotate_awq_i4_hin,5145,294962897022511,294962900014629,0,0,80,0,128,32,1,1,2176,8192,1
KERNEL_DISPATCH,Agent 2,1,0,2096183,5336,22,gdn_chunk_scan,5336,294963325006890,294963325322961,60928,0,216,0,128,512,1,1,512,48,1
KERNEL_DISPATCH,Agent 2,1,0,2096183,5331,21,gdn_chunk_kkt_solve,5331,294963324225187,294963324270071,11776,0,120,0,128,128,1,1,1024,16,1
KERNEL_DISPATCH,Agent 2,1,0,2096183,5315,21,gdn_chunk_kkt_solve,5315,294963321262404,294963321314021,11776,0,120,0,128,128,1,1,1024,16,1
KERNEL_DISPATCH,Agent 2,1,0,2096183,5320,22,gdn_chunk_scan,5320,294963322067230,294963322384543,60928,0,216,0,128,512,1,1,512,48,1
KERNEL_DISPATCH,Agent 2,1,0,2096183,5330,22,gdn_chunk_scan,5330,294963323904948,294963324218815,60928,0,216,0,128,512,1,1,512,48,1
KERNEL_DISPATCH,Agent 2,1,0,2096183,5325,21,gdn_chunk_kkt_solve,5325,294963323123726,294963323169292,11776,0,120,0,128,128,1,1,1024,16,1
KERNEL_DISPATCH,Agent 2,1,0,2096183,5335,21,gdn_chunk_kkt_solve,5335,294963324960924,294963325005086,11776,0,120,0,128,128,1,1,1024,16,1
KERNEL_DISPATCH,Agent 2,1,0,2096183,5340,22,gdn_chunk_scan,5340,294963325745311,294963326056413,60928,0,216,0,128,512,1,1,512,48,1
KERNEL_DISPATCH,Agent 2,1,0,2096183,5326,22,gdn_chunk_scan,5326,294963323171255,294963323484642,60928,0,216,0,128,512,1,1,512,48,1
KERNEL_DISPATCH,Agent 2,1,0,2096183,5345,21,gdn_chunk_kkt_solve,5345,294963326797921,294963326846612,11776,0,120,0,128,128,1,1,1024,16,1
KERNEL_DISPATCH,Agent 2,1,0,2096183,5350,24,gemm_mq4g256v2_gate_up_silu_iu4_v2b_gfx11,5350,294963340439043,294963380607476,0,0,248,0,128,32,16,1,1024,2176,1
KERNEL_DISPATCH,Agent 2,1,0,2096183,5355,27,gemm_mq4g256v2_residual_iu4_v2b_set_gfx11,5355,294963417947257,294963425161394,0,0,248,0,128,32,16,1,1024,400,1
KERNEL_DISPATCH,Agent 2,1,0,2096183,5360,21,gdn_chunk_kkt_solve,5360,294963430847473,294963430894160,11776,0,120,0,128,128,1,1,1024,16,1
KERNEL_DISPATCH,Agent 2,1,0,2096183,5365,22,gdn_chunk_scan,5365,294963431631940,294963431941960,60928,0,216,0,128,512,1,1,512,48,1
KERNEL_DISPATCH,Agent 2,1,0,2096183,5370,21,gdn_chunk_kkt_solve,5370,294963432679741,294963432726508,11776,0,120,0,128,128,1,1,1024,16,1
KERNEL_DISPATCH,Agent 2,1,0,2096183,5375,22,gdn_chunk_scan,5375,294963433461083,294963433771904,60928,0,216,0,128,512,1,1,512,48,1
KERNEL_DISPATCH,Agent 2,1,0,2096183,5380,21,gdn_chunk_kkt_solve,5380,294963434517739,294963434565188,11776,0,120,0,128,128,1,1,1024,16,1
KERNEL_DISPATCH,Agent 2,1,0,2096183,5385,22,gdn_chunk_scan,5385,294963435307337,294963435618559,60928,0,216,0,128,512,1,1,512,48,1
KERNEL_DISPATCH,Agent 2,1,0,2096183,5390,29,gated_norm_mq_rotate_awq_i4_gfx11,5390,294963436357421,294963438777109,1024,0,48,0,128,64,1,1,1536,8192,1
KERNEL_DISPATCH,Agent 2,1,0,2096183,5395,26,gemm_mq4g256v2_residual_iu4_v2b_add_gfx11,5395,294963492401758,294963514121555,0,0,248,0,128,32,16,1,1024,320,1
KERNEL_DISPATCH,Agent 2,1,0,2096183,5400,31,deinterleave_q_rmsnorm_f32_batched,5400,294963532460666,294963536017721,0,0,24,0,128,256,1,1,6144,8192,1
KERNEL_DISPATCH,Agent 2,1,0,2096183,5405,39,attention_fa2_q_preconvert_gfx11,5405,294963538656779,294963538802131,0,0,16,0,128,128,1,1,393216,1,1
KERNEL_DISPATCH,Agent 2,1,0,2096183,5410,38,attention_q8_0_fa2_gqa_gfx11,5410,294963539195146,294963539808694,0,0,224,0,128,256,1,1,8192,4,1
KERNEL_DISPATCH,Agent 2,1,0,2096183,5415,37,kv_cache_write_q8_0_batched,5415,294963540952674,294963540967021,0,0,8,0,128,32,1,1,1024,512,1
KERNEL_DISPATCH,Agent 2,1,0,2096183,5420,37,kv_cache_write_q8_0_batched,5420,294963542494599,294963542507423,0,0,8,0,128,32,1,1,1024,512,1
KERNEL_DISPATCH,Agent 2,1,0,2096183,5425,39,attention_fa2_q_preconvert_gfx11,5425,294963544430221,294963544509689,0,0,16,0,128,128,1,1,393216,1,1
KERNEL_DISPATCH,Agent 2,1,0,2096183,5430,38,attention_q8_0_fa2_gqa_gfx11,5430,294963546860447,294963549466924,0,0,224,0,128,256,1,1,8192,4,1
KERNEL_DISPATCH,Agent 2,1,0,2096183,5435,37,kv_cache_write_q8_0_batched,5435,294963552637937,294963552656973,0,0,8,0,128,32,1,1,1024,512,1
KERNEL_DISPATCH,Agent 2,1,0,2096183,5440,37,kv_cache_write_q8_0_batched,5440,294963556225048,294963556238914,0,0,8,0,128,32,1,1,1024,512,1
KERNEL_DISPATCH,Agent 2,1,0,2096183,5445,39,attention_fa2_q_preconvert_gfx11,5445,294963560273543,294963560350487,0,0,16,0,128,128,1,1,393216,1,1
KERNEL_DISPATCH,Agent 2,1,0,2096183,5450,38,attention_q8_0_fa2_gqa_gfx11,5450,294963564735371,294963569391121,0,0,224,0,128,256,1,1,8192,4,1
KERNEL_DISPATCH,Agent 2,1,0,2096183,5455,37,kv_cache_write_q8_0_batched,5455,294963574606439,294963574622349,0,0,8,0,128,32,1,1,1024,512,1
KERNEL_DISPATCH,Agent 2,1,0,2096183,5460,37,kv_cache_write_q8_0_batched,5460,294963580231844,294963580247353,0,0,8,0,128,32,1,1,1024,512,1
KERNEL_DISPATCH,Agent 2,1,0,2096183,5465,39,attention_fa2_q_preconvert_gfx11,5465,294963586294146,294963586360310,0,0,16,0,128,128,1,1,393216,1,1
KERNEL_DISPATCH,Agent 2,1,0,2096183,5470,24,gemm_mq4g256v2_gate_up_silu_iu4_v2b_gfx11,5470,294963605448102,294963645755836,0,0,248,0,128,32,16,1,1024,2176,1
KERNEL_DISPATCH,Agent 2,1,0,2096183,5475,27,gemm_mq4g256v2_residual_iu4_v2b_set_gfx11,5475,294963683609058,294963690941977,0,0,248,0,128,32,16,1,1024,400,1
KERNEL_DISPATCH,Agent 2,1,0,2096183,5480,21,gdn_chunk_kkt_solve,5480,294963696718265,294963696764872,11776,0,120,0,128,128,1,1,1024,16,1
KERNEL_DISPATCH,Agent 2,1,0,2096183,5485,22,gdn_chunk_scan,5485,294963697502211,294963697816559,60928,0,216,0,128,512,1,1,512,48,1
KERNEL_DISPATCH,Agent 2,1,0,2096183,5490,21,gdn_chunk_kkt_solve,5490,294963698555903,294963698598502,11776,0,120,0,128,128,1,1,1024,16,1
KERNEL_DISPATCH,Agent 2,1,0,2096183,5495,22,gdn_chunk_scan,5495,294963699340731,294963699651833,60928,0,216,0,128,512,1,1,512,48,1
KERNEL_DISPATCH,Agent 2,1,0,2096183,5500,21,gdn_chunk_kkt_solve,5500,294963700395464,294963700439827,11776,0,120,0,128,128,1,1,1024,16,1
KERNEL_DISPATCH,Agent 2,1,0,2096183,5505,22,gdn_chunk_scan,5505,294963701170234,294963701484782,60928,0,216,0,128,512,1,1,512,48,1
KERNEL_DISPATCH,Agent 2,1,0,2096183,5510,29,gated_norm_mq_rotate_awq_i4_gfx11,5510,294963702215790,294963704633754,1024,0,48,0,128,64,1,1,1536,8192,1
KERNEL_DISPATCH,Agent 2,1,0,2096183,5515,26,gemm_mq4g256v2_residual_iu4_v2b_add_gfx11,5515,294963758684200,294963780343644,0,0,248,0,128,32,16,1,1024,320,1
KERNEL_DISPATCH,Agent 2,1,0,2096183,5525,21,gdn_chunk_kkt_solve,5525,294963806787158,294963806836290,11776,0,120,0,128,128,1,1,1024,16,1
KERNEL_DISPATCH,Agent 2,1,0,2096183,5530,22,gdn_chunk_scan,5530,294963807583408,294963807896674,60928,0,216,0,128,512,1,1,512,48,1
KERNEL_DISPATCH,Agent 2,1,0,2096183,5432,37,kv_cache_write_q8_0_batched,5432,294963549493093,294963549506077,0,0,8,0,128,32,1,1,1024,512,1
KERNEL_DISPATCH,Agent 2,1,0,2096183,5535,21,gdn_chunk_kkt_solve,5535,294963808640907,294963808690239,11776,0,120,0,128,128,1,1,1024,16,1
KERNEL_DISPATCH,Agent 2,1,0,2096183,5427,37,kv_cache_write_q8_0_batched,5427,294963546744190,294963546757655,0,0,8,0,128,32,1,1,1024,512,1
KERNEL_DISPATCH,Agent 2,1,0,2096183,5540,22,gdn_chunk_scan,5540,294963809427619,294963809738640,60928,0,216,0,128,512,1,1,512,48,1
KERNEL_DISPATCH,Agent 2,1,0,2096183,5422,38,attention_q8_0_fa2_gqa_gfx11,5422,294963542593785,294963544388863,0,0,224,0,128,256,1,1,8192,4,1
KERNEL_DISPATCH,Agent 2,1,0,2096183,5545,21,gdn_chunk_kkt_solve,5545,294963810482071,294963810528959,11776,0,120,0,128,128,1,1,1024,16,1
KERNEL_DISPATCH,Agent 2,1,0,2096183,5417,39,attention_fa2_q_preconvert_gfx11,5417,294963540983692,294963541064764,0,0,16,0,128,128,1,1,393216,1,1
KERNEL_DISPATCH,Agent 2,1,0,2096183,5550,22,gdn_chunk_scan,5550,294963811264295,294963811579164,60928,0,216,0,128,512,1,1,512,48,1
KERNEL_DISPATCH,Agent 2,1,0,2096183,5412,37,kv_cache_write_q8_0_batched,5412,294963539834943,294963539847406,0,0,8,0,128,32,1,1,1024,512,1
KERNEL_DISPATCH,Agent 2,1,0,2096183,5555,23,fused_rmsnorm_mq_rotate_awq_i4,5555,294963824087206,294963825246094,0,0,96,0,128,256,1,1,2097152,1,1
KERNEL_DISPATCH,Agent 2,1,0,2096183,5407,37,kv_cache_write_q8_0_batched,5407,294963539057088,294963539076885,0,0,8,0,128,32,1,1,1024,512,1
KERNEL_DISPATCH,Agent 2,1,0,2096183,5560,27,gemm_mq4g256v2_residual_iu4_v2b_set_gfx11,5560,294963891294668,294963903235048,0,0,248,0,128,32,16,1,1024,640,1
KERNEL_DISPATCH,Agent 2,1,0,2096183,5402,34,rope_partial_halfsplit_batched_f32,5402,294963536334354,294963538591336,0,0,24,0,128,256,1,1,256,8192,1
KERNEL_DISPATCH,Agent 2,1,0,2096183,5321,21,gdn_chunk_kkt_solve,5321,294963322390955,294963322437282,11776,0,120,0,128,128,1,1,1024,16,1
KERNEL_DISPATCH,Agent 2,1,0,2096183,5565,22,gdn_chunk_scan,5565,294963915992076,294963916322293,60928,0,216,0,128,512,1,1,512,48,1
KERNEL_DISPATCH,Agent 2,1,0,2096183,5316,22,gdn_chunk_scan,5316,294963321315984,294963321646202,60928,0,216,0,128,512,1,1,512,48,1
KERNEL_DISPATCH,Agent 2,1,0,2096183,5570,21,gdn_chunk_kkt_solve,5570,294963917067808,294963917114375,11776,0,120,0,128,128,1,1,1024,16,1
KERNEL_DISPATCH,Agent 2,1,0,2096183,5311,27,gemm_mq4g256v2_residual_iu4_v2b_set_gfx11,5311,294963296743570,294963308639988,0,0,248,0,128,32,16,1,1024,640,1
KERNEL_DISPATCH,Agent 2,1,0,2096183,5575,22,gdn_chunk_scan,5575,294963917852436,294963918166223,60928,0,216,0,128,512,1,1,512,48,1
KERNEL_DISPATCH,Agent 2,1,0,2096183,5301,22,gdn_chunk_scan,5301,294963216896140,294963217207402,60928,0,216,0,128,512,1,1,512,48,1
KERNEL_DISPATCH,Agent 2,1,0,2096183,5580,21,gdn_chunk_kkt_solve,5580,294963918907170,294963918953777,11776,0,120,0,128,128,1,1,1024,16,1
KERNEL_DISPATCH,Agent 2,1,0,2096183,5296,21,gdn_chunk_kkt_solve,5296,294963216103577,294963216150104,11776,0,120,0,128,128,1,1,1024,16,1
KERNEL_DISPATCH,Agent 2,1,0,2096183,5585,22,gdn_chunk_scan,5585,294963919690916,294963920005264,60928,0,216,0,128,512,1,1,512,48,1
KERNEL_DISPATCH,Agent 2,1,0,2096183,5291,22,gdn_chunk_scan,5291,294963215040909,294963215356539,60928,0,216,0,128,512,1,1,512,48,1
KERNEL_DISPATCH,Agent 2,1,0,2096183,5590,21,gdn_chunk_kkt_solve,5590,294963920742564,294963920788329,11776,0,120,0,128,128,1,1,1024,16,1
KERNEL_DISPATCH,Agent 2,1,0,2096183,5286,21,gdn_chunk_kkt_solve,5286,294963214252714,294963214299201,11776,0,120,0,128,128,1,1,1024,16,1
KERNEL_DISPATCH,Agent 2,1,0,2096183,5595,22,gdn_chunk_scan,5595,294963921524667,294963921838855,60928,0,216,0,128,512,1,1,512,48,1
KERNEL_DISPATCH,Agent 2,1,0,2096183,5281,22,gdn_chunk_scan,5281,294963213188162,294963213501749,60928,0,216,0,128,512,1,1,512,48,1
KERNEL_DISPATCH,Agent 2,1,0,2096183,5600,30,fused_silu_mul_mq_rotate_awq_i4_hin,5600,294963975279560,294963978280334,0,0,80,0,128,32,1,1,2176,8192,1
KERNEL_DISPATCH,Agent 2,1,0,2096183,5276,21,gdn_chunk_kkt_solve,5276,294963212397443,294963212446374,11776,0,120,0,128,128,1,1,1024,16,1
KERNEL_DISPATCH,Agent 2,1,0,2096183,5605,27,gemm_mq4g256v2_residual_iu4_v2b_set_gfx11,5605,294964016768544,294964018161991,0,0,248,0,128,32,16,1,1024,64,1
KERNEL_DISPATCH,Agent 2,1,0,2096183,5271,20,gdn_chunk_prep,5271,294963208429058,294963211623555,0,0,72,0,128,256,1,1,32768,10,1
KERNEL_DISPATCH,Agent 2,1,0,2096183,5610,37,kv_cache_write_q8_0_batched,5610,294964024347965,294964024370927,0,0,8,0,128,32,1,1,1024,512,1
KERNEL_DISPATCH,Agent 2,1,0,2096183,5266,26,gemm_mq4g256v2_residual_iu4_v2b_add_gfx11,5266,294963164553609,294963186111663,0,0,248,0,128,32,16,1,1024,320,1
KERNEL_DISPATCH,Agent 2,1,0,2096183,5615,39,attention_fa2_q_preconvert_gfx11,5615,294964024817042,294964024908133,0,0,16,0,128,128,1,1,393216,1,1
KERNEL_DISPATCH,Agent 2,1,0,2096183,5261,40,sigmoid_mul_rotate_x_mq_awq_i4_gfx11,5261,294963108554758,294963110478958,0,0,88,0,128,32,1,1,6291456,1,1
KERNEL_DISPATCH,Agent 2,1,0,2096183,5620,38,attention_q8_0_fa2_gqa_gfx11,5620,294964025653166,294964026654801,0,0,224,0,128,256,1,1,8192,4,1
KERNEL_DISPATCH,Agent 2,1,0,2096183,5256,38,attention_q8_0_fa2_gqa_gfx11,5256,294963096216514,294963102129336,0,0,224,0,128,256,1,1,8192,4,1
KERNEL_DISPATCH,Agent 2,1,0,2096183,5625,37,kv_cache_write_q8_0_batched,5625,294964028197126,294964028211152,0,0,8,0,128,32,1,1,1024,512,1
KERNEL_DISPATCH,Agent 2,1,0,2096183,5251,39,attention_fa2_q_preconvert_gfx11,5251,294963090503545,294963090578966,0,0,16,0,128,128,1,1,393216,1,1
KERNEL_DISPATCH,Agent 2,1,0,2096183,5630,37,kv_cache_write_q8_0_batched,5630,294964030144970,294964030157875,0,0,8,0,128,32,1,1,1024,512,1
KERNEL_DISPATCH,Agent 2,1,0,2096183,5246,37,kv_cache_write_q8_0_batched,5246,294963085288388,294963085303696,0,0,8,0,128,32,1,1,1024,512,1
KERNEL_DISPATCH,Agent 2,1,0,2096183,5241,37,kv_cache_write_q8_0_batched,5241,294963080501992,294963080515939,0,0,8,0,128,32,1,1,1024,512,1
KERNEL_DISPATCH,Agent 2,1,0,2096183,5236,38,attention_q8_0_fa2_gqa_gfx11,5236,294963072248230,294963076130253,0,0,224,0,128,256,1,1,8192,4,1
KERNEL_DISPATCH,Agent 2,1,0,2096183,5231,39,attention_fa2_q_preconvert_gfx11,5231,294963068608580,294963068687568,0,0,16,0,128,128,1,1,393216,1,1
KERNEL_DISPATCH,Agent 2,1,0,2096183,5226,37,kv_cache_write_q8_0_batched,5226,294963065434362,294963065446865,0,0,8,0,128,32,1,1,1024,512,1
KERNEL_DISPATCH,Agent 2,1,0,2096183,5221,37,kv_cache_write_q8_0_batched,5221,294963062675600,294963062688905,0,0,8,0,128,32,1,1,1024,512,1
KERNEL_DISPATCH,Agent 2,1,0,2096183,5216,38,attention_q8_0_fa2_gqa_gfx11,5216,294963058529323,294963060331054,0,0,224,0,128,256,1,1,8192,4,1
KERNEL_DISPATCH,Agent 2,1,0,2096183,5211,39,attention_fa2_q_preconvert_gfx11,5211,294963056910935,294963056991205,0,0,16,0,128,128,1,1,393216,1,1
KERNEL_DISPATCH,Agent 2,1,0,2096183,5206,37,kv_cache_write_q8_0_batched,5206,294963055764750,294963055777815,0,0,8,0,128,32,1,1,1024,512,1
KERNEL_DISPATCH,Agent 2,1,0,2096183,5201,37,kv_cache_write_q8_0_batched,5201,294963054985693,294963055004808,0,0,8,0,128,32,1,1,1024,512,1
KERNEL_DISPATCH,Agent 2,1,0,2096183,5196,34,rope_partial_halfsplit_batched_f32,5196,294963052244644,294963054508680,0,0,24,0,128,256,1,1,256,8192,1
KERNEL_DISPATCH,Agent 2,1,0,2096183,5191,27,gemm_mq4g256v2_residual_iu4_v2b_set_gfx11,5191,294963031356083,294963045490367,0,0,248,0,128,32,16,1,1024,768,1
KERNEL_DISPATCH,Agent 2,1,0,2096183,5186,23,fused_rmsnorm_mq_rotate_awq_i4,5186,294962964541115,294962965714751,0,0,96,0,128,256,1,1,2097152,1,1
KERNEL_DISPATCH,Agent 2,1,0,2096183,5181,22,gdn_chunk_scan,5181,294962952010230,294962952318287,60928,0,216,0,128,512,1,1,512,48,1
KERNEL_DISPATCH,Agent 2,1,0,2096183,5176,21,gdn_chunk_kkt_solve,5176,294962951228688,294962951275415,11776,0,120,0,128,128,1,1,1024,16,1
KERNEL_DISPATCH,Agent 2,1,0,2096183,5171,22,gdn_chunk_scan,5171,294962950171871,294962950482211,60928,0,216,0,128,512,1,1,512,48,1
KERNEL_DISPATCH,Agent 2,1,0,2096183,5166,21,gdn_chunk_kkt_solve,5166,294962949389367,294962949436134,11776,0,120,0,128,128,1,1,1024,16,1
KERNEL_DISPATCH,Agent 2,1,0,2096183,5161,22,gdn_chunk_scan,5161,294962948340885,294962948652027,60928,0,216,0,128,512,1,1,512,48,1
KERNEL_DISPATCH,Agent 2,1,0,2096183,5156,21,gdn_chunk_kkt_solve,5156,294962947558662,294962947606872,11776,0,120,0,128,128,1,1,1024,16,1
KERNEL_DISPATCH,Agent 2,1,0,2096183,5151,20,gdn_chunk_prep,5151,294962943516058,294962946785495,0,0,72,0,128,256,1,1,32768,10,1
KERNEL_DISPATCH,Agent 2,1,0,2096183,5146,26,gemm_mq4g256v2_residual_iu4_v2b_add_gfx11,5146,294962900025650,294962921318888,0,0,248,0,128,32,16,1,1024,320,1
KERNEL_DISPATCH,Agent 2,1,0,2096183,5141,29,gated_norm_mq_rotate_awq_i4_gfx11,5141,294962844084907,294962846511607,1024,0,48,0,128,64,1,1,1536,8192,1
KERNEL_DISPATCH,Agent 2,1,0,2096183,5136,22,gdn_chunk_scan,5136,294962843030494,294962843344562,60928,0,216,0,128,512,1,1,512,48,1
KERNEL_DISPATCH,Agent 2,1,0,2096183,5131,21,gdn_chunk_kkt_solve,5131,294962842248391,294962842293916,11776,0,120,0,128,128,1,1,1024,16,1
KERNEL_DISPATCH,Agent 2,1,0,2096183,5126,22,gdn_chunk_scan,5126,294962841180513,294962841497867,60928,0,216,0,128,512,1,1,512,48,1
KERNEL_DISPATCH,Agent 2,1,0,2096183,5121,21,gdn_chunk_kkt_solve,5121,294962840398450,294962840443735,11776,0,120,0,128,128,1,1,1024,16,1
KERNEL_DISPATCH,Agent 2,1,0,2096183,5116,22,gdn_chunk_scan,5116,294962839343155,294962839654378,60928,0,216,0,128,512,1,1,512,48,1
KERNEL_DISPATCH,Agent 2,1,0,2096183,5520,20,gdn_chunk_prep,5520,294963802758781,294963806014873,0,0,72,0,128,256,1,1,32768,10,1
KERNEL_DISPATCH,Agent 2,1,0,2096183,5111,21,gdn_chunk_kkt_solve,5111,294962838558087,294962838602890,11776,0,120,0,128,128,1,1,1024,16,1
KERNEL_DISPATCH,Agent 2,1,0,2096183,5640,38,attention_q8_0_fa2_gqa_gfx11,5640,294964035323980,294964038368075,0,0,224,0,128,256,1,1,8192,4,1
KERNEL_DISPATCH,Agent 2,1,0,2096183,5106,27,gemm_mq4g256v2_residual_iu4_v2b_set_gfx11,5106,294962825723714,294962832843274,0,0,248,0,128,32,16,1,1024,400,1
KERNEL_DISPATCH,Agent 2,1,0,2096183,5645,37,kv_cache_write_q8_0_batched,5645,294964041987487,294964042001634,0,0,8,0,128,32,1,1,1024,512,1
KERNEL_DISPATCH,Agent 2,1,0,2096183,5101,24,gemm_mq4g256v2_gate_up_silu_iu4_v2b_gfx11,5101,294962749218216,294962788756350,0,0,248,0,128,32,16,1,1024,2176,1
KERNEL_DISPATCH,Agent 2,1,0,2096183,5650,37,kv_cache_write_q8_0_batched,5650,294964046000636,294964046014942,0,0,8,0,128,32,1,1,1024,512,1
KERNEL_DISPATCH,Agent 2,1,0,2096183,5096,21,gdn_chunk_kkt_solve,5096,294962735984737,294962736030142,11776,0,120,0,128,128,1,1,1024,16,1
KERNEL_DISPATCH,Agent 2,1,0,2096183,5655,39,attention_fa2_q_preconvert_gfx11,5655,294964050397702,294964050474646,0,0,16,0,128,128,1,1,393216,1,1
KERNEL_DISPATCH,Agent 2,1,0,2096183,5091,22,gdn_chunk_scan,5091,294962734920786,294962735232569,60928,0,216,0,128,512,1,1,512,48,1
KERNEL_DISPATCH,Agent 2,1,0,2096183,5660,38,attention_q8_0_fa2_gqa_gfx11,5660,294964055285167,294964060391600,0,0,224,0,128,256,1,1,8192,4,1
KERNEL_DISPATCH,Agent 2,1,0,2096183,5086,21,gdn_chunk_kkt_solve,5086,294962734143171,294962734189137,11776,0,120,0,128,128,1,1,1024,16,1
KERNEL_DISPATCH,Agent 2,1,0,2096183,5665,37,kv_cache_write_q8_0_batched,5665,294964066030471,294964066046701,0,0,8,0,128,32,1,1,1024,512,1
KERNEL_DISPATCH,Agent 2,1,0,2096183,5081,22,gdn_chunk_scan,5081,294962733083829,294962733392126,60928,0,216,0,128,512,1,1,512,48,1
KERNEL_DISPATCH,Agent 2,1,0,2096183,5670,37,kv_cache_write_q8_0_batched,5670,294964072105076,294964072120585,0,0,8,0,128,32,1,1,1024,512,1
KERNEL_DISPATCH,Agent 2,1,0,2096183,5076,21,gdn_chunk_kkt_solve,5076,294962732306575,294962732353022,11776,0,120,0,128,128,1,1,1024,16,1
KERNEL_DISPATCH,Agent 2,1,0,2096183,5675,23,fused_rmsnorm_mq_rotate_awq_i4,5675,294964089956956,294964091139208,0,0,96,0,128,256,1,1,2097152,1,1
KERNEL_DISPATCH,Agent 2,1,0,2096183,5071,22,gdn_chunk_scan,5071,294962731262061,294962731574084,60928,0,216,0,128,512,1,1,512,48,1
KERNEL_DISPATCH,Agent 2,1,0,2096183,5680,27,gemm_mq4g256v2_residual_iu4_v2b_set_gfx11,5680,294964157394689,294964169324890,0,0,248,0,128,32,16,1,1024,640,1
KERNEL_DISPATCH,Agent 2,1,0,2096183,5067,22,gdn_chunk_scan,5067,294962730513460,294962730836905,60928,0,216,0,128,512,1,1,512,48,1
KERNEL_DISPATCH,Agent 2,1,0,2096183,5397,27,gemm_mq4g256v2_residual_iu4_v2b_set_gfx11,5397,294963515300560,294963529571421,0,0,248,0,128,32,16,1,1024,768,1
KERNEL_DISPATCH,Agent 2,1,0,2096183,5685,22,gdn_chunk_scan,5685,294964182009702,294964182343166,60928,0,216,0,128,512,1,1,512,48,1
KERNEL_DISPATCH,Agent 2,1,0,2096183,5072,21,gdn_chunk_kkt_solve,5072,294962731580496,294962731626222,11776,0,120,0,128,128,1,1,1024,16,1
KERNEL_DISPATCH,Agent 2,1,0,2096183,5690,21,gdn_chunk_kkt_solve,5690,294964183094692,294964183141340,11776,0,120,0,128,128,1,1,1024,16,1
KERNEL_DISPATCH,Agent 2,1,0,2096183,5077,22,gdn_chunk_scan,5077,294962732354905,294962732665687,60928,0,216,0,128,512,1,1,512,48,1
KERNEL_DISPATCH,Agent 2,1,0,2096183,5695,22,gdn_chunk_scan,5695,294964183880723,294964184196033,60928,0,216,0,128,512,1,1,512,48,1
KERNEL_DISPATCH,Agent 2,1,0,2096183,5392,23,fused_rmsnorm_mq_rotate_awq_i4,5392,294963448161907,294963449336304,0,0,96,0,128,256,1,1,2097152,1,1
KERNEL_DISPATCH,Agent 2,1,0,2096183,5082,21,gdn_chunk_kkt_solve,5082,294962733398458,294962733441899,11776,0,120,0,128,128,1,1,1024,16,1
KERNEL_DISPATCH,Agent 2,1,0,2096183,5700,21,gdn_chunk_kkt_solve,5700,294964184937460,294964184983787,11776,0,120,0,128,128,1,1,1024,16,1
KERNEL_DISPATCH,Agent 2,1,0,2096183,5387,22,gdn_chunk_scan,5387,294963435673342,294963435984444,60928,0,216,0,128,512,1,1,512,48,1
KERNEL_DISPATCH,Agent 2,1,0,2096183,5087,22,gdn_chunk_scan,5087,294962734190940,294962734500359,60928,0,216,0,128,512,1,1,512,48,1
KERNEL_DISPATCH,Agent 2,1,0,2096183,5705,22,gdn_chunk_scan,5705,294964185724292,294964186041405,60928,0,216,0,128,512,1,1,512,48,1
KERNEL_DISPATCH,Agent 2,1,0,2096183,5092,21,gdn_chunk_kkt_solve,5092,294962735238941,294962735285629,11776,0,120,0,128,128,1,1,1024,16,1
KERNEL_DISPATCH,Agent 2,1,0,2096183,5097,22,gdn_chunk_scan,5097,294962736031985,294962736343328,60928,0,216,0,128,512,1,1,512,48,1
KERNEL_DISPATCH,Agent 2,1,0,2096183,5382,21,gdn_chunk_kkt_solve,5382,294963434889595,294963434933237,11776,0,120,0,128,128,1,1,1024,16,1
KERNEL_DISPATCH,Agent 2,1,0,2096183,5710,21,gdn_chunk_kkt_solve,5710,294964186782873,294964186831724,11776,0,120,0,128,128,1,1,1024,16,1
KERNEL_DISPATCH,Agent 2,1,0,2096183,5102,30,fused_silu_mul_mq_rotate_awq_i4_hin,5102,294962788767651,294962791780287,0,0,80,0,128,32,1,1,2176,8192,1
KERNEL_DISPATCH,Agent 2,1,0,2096183,5377,22,gdn_chunk_scan,5377,294963433828249,294963434140273,60928,0,216,0,128,512,1,1,512,48,1
KERNEL_DISPATCH,Agent 2,1,0,2096183,5715,22,gdn_chunk_scan,5715,294964187572710,294964187885536,60928,0,216,0,128,512,1,1,512,48,1
KERNEL_DISPATCH,Agent 2,1,0,2096183,5372,21,gdn_chunk_kkt_solve,5372,294963433047389,294963433093355,11776,0,120,0,128,128,1,1,1024,16,1
KERNEL_DISPATCH,Agent 2,1,0,2096183,5720,30,fused_silu_mul_mq_rotate_awq_i4_hin,5720,294964241339305,294964244350619,0,0,80,0,128,32,1,1,2176,8192,1
KERNEL_DISPATCH,Agent 2,1,0,2096183,5367,22,gdn_chunk_scan,5367,294963431994018,294963432306001,60928,0,216,0,128,512,1,1,512,48,1
KERNEL_DISPATCH,Agent 2,1,0,2096183,5107,28,split_mq4v2_z_betaalpha,5107,294962832854335,294962834890064,0,0,16,0,128,256,1,1,2097152,1,1
KERNEL_DISPATCH,Agent 2,1,0,2096183,5725,28,split_mq4v2_z_betaalpha,5725,294964286536948,294964288567066,0,0,16,0,128,256,1,1,2097152,1,1
KERNEL_DISPATCH,Agent 2,1,0,2096183,5362,21,gdn_chunk_kkt_solve,5362,294963431214159,294963431260205,11776,0,120,0,128,128,1,1,1024,16,1
KERNEL_DISPATCH,Agent 2,1,0,2096183,5112,22,gdn_chunk_scan,5112,294962838604854,294962838917719,60928,0,216,0,128,512,1,1,512,48,1
KERNEL_DISPATCH,Agent 2,1,0,2096183,5730,22,gdn_chunk_scan,5730,294964292296364,294964292608988,60928,0,216,0,128,512,1,1,512,48,1
KERNEL_DISPATCH,Agent 2,1,0,2096183,5357,20,gdn_chunk_prep,5357,294963427217401,294963430440792,0,0,72,0,128,256,1,1,32768,10,1
KERNEL_DISPATCH,Agent 2,1,0,2096183,5117,21,gdn_chunk_kkt_solve,5117,294962839660790,294962839707036,11776,0,120,0,128,128,1,1,1024,16,1
KERNEL_DISPATCH,Agent 2,1,0,2096183,5352,26,gemm_mq4g256v2_residual_iu4_v2b_add_gfx11,5352,294963383627967,294963404984845,0,0,248,0,128,32,16,1,1024,320,1
KERNEL_DISPATCH,Agent 2,1,0,2096183,5122,22,gdn_chunk_scan,5122,294962840445618,294962840759846,60928,0,216,0,128,512,1,1,512,48,1
KERNEL_DISPATCH,Agent 2,1,0,2096183,5735,21,gdn_chunk_kkt_solve,5735,294964293354423,294964293403635,11776,0,120,0,128,128,1,1,1024,16,1
KERNEL_DISPATCH,Agent 2,1,0,2096183,5347,29,gated_norm_mq_rotate_awq_i4_gfx11,5347,294963327163364,294963329580807,1024,0,48,0,128,64,1,1,1536,8192,1
KERNEL_DISPATCH,Agent 2,1,0,2096183,5635,39,attention_fa2_q_preconvert_gfx11,5635,294964032491481,294964032569747,0,0,16,0,128,128,1,1,393216,1,1
KERNEL_DISPATCH,Agent 2,1,0,2096183,5127,21,gdn_chunk_kkt_solve,5127,294962841504319,294962841556496,11776,0,120,0,128,128,1,1,1024,16,1
KERNEL_DISPATCH,Agent 2,1,0,2096183,5740,22,gdn_chunk_scan,5740,294964294148629,294964294459571,60928,0,216,0,128,512,1,1,512,48,1
KERNEL_DISPATCH,Agent 2,1,0,2096183,5132,22,gdn_chunk_scan,5132,294962842295880,294962842606501,60928,0,216,0,128,512,1,1,512,48,1
KERNEL_DISPATCH,Agent 2,1,0,2096183,5750,22,gdn_chunk_scan,5750,294964295993881,294964296306025,60928,0,216,0,128,512,1,1,512,48,1
KERNEL_DISPATCH,Agent 2,1,0,2096183,5137,21,gdn_chunk_kkt_solve,5137,294962843350974,294962843396940,11776,0,120,0,128,128,1,1,1024,16,1
KERNEL_DISPATCH,Agent 2,1,0,2096183,5755,21,gdn_chunk_kkt_solve,5755,294964297048414,294964297094581,11776,0,120,0,128,128,1,1,1024,16,1
KERNEL_DISPATCH,Agent 2,1,0,2096183,5142,26,gemm_mq4g256v2_residual_iu4_v2b_add_gfx11,5142,294962846522508,294962856182501,0,0,248,0,128,32,16,1,1024,320,1
KERNEL_DISPATCH,Agent 2,1,0,2096183,5760,26,gemm_mq4g256v2_residual_iu4_v2b_add_gfx11,5760,294964300240066,294964309601220,0,0,248,0,128,32,16,1,1024,320,1
KERNEL_DISPATCH,Agent 2,1,0,2096183,5147,23,fused_rmsnorm_mq_rotate_awq_i4,5147,294962921330109,294962922485230,0,0,96,0,128,256,1,1,2097152,1,1
KERNEL_DISPATCH,Agent 2,1,0,2096183,5152,21,gdn_chunk_kkt_solve,5152,294962946796476,294962946849094,11776,0,120,0,128,128,1,1,1024,16,1
KERNEL_DISPATCH,Agent 2,1,0,2096183,5157,22,gdn_chunk_scan,5157,294962947608795,294962947919857,60928,0,216,0,128,512,1,1,512,48,1
KERNEL_DISPATCH,Agent 2,1,0,2096183,5162,21,gdn_chunk_kkt_solve,5162,294962948658399,294962948705928,11776,0,120,0,128,128,1,1,1024,16,1
KERNEL_DISPATCH,Agent 2,1,0,2096183,5167,22,gdn_chunk_scan,5167,294962949437978,294962949747116,60928,0,216,0,128,512,1,1,512,48,1
KERNEL_DISPATCH,Agent 2,1,0,2096183,5172,21,gdn_chunk_kkt_solve,5172,294962950488623,294962950536713,11776,0,120,0,128,128,1,1,1024,16,1
KERNEL_DISPATCH,Agent 2,1,0,2096183,5177,22,gdn_chunk_scan,5177,294962951277259,294962951590245,60928,0,216,0,128,512,1,1,512,48,1
KERNEL_DISPATCH,Agent 2,1,0,2096183,5182,21,gdn_chunk_kkt_solve,5182,294962952324699,294962952369583,11776,0,120,0,128,128,1,1,1024,16,1
KERNEL_DISPATCH,Agent 2,1,0,2096183,5187,24,gemm_mq4g256v2_gate_up_silu_iu4_v2b_gfx11,5187,294962965725651,294963005609071,0,0,248,0,128,32,16,1,1024,2176,1
KERNEL_DISPATCH,Agent 2,1,0,2096183,5192,27,gemm_mq4g256v2_residual_iu4_v2b_set_gfx11,5192,294963045501468,294963046926374,0,0,248,0,128,32,16,1,1024,64,1
KERNEL_DISPATCH,Agent 2,1,0,2096183,5197,37,kv_cache_write_q8_0_batched,5197,294963054519941,294963054541622,0,0,8,0,128,32,1,1,1024,512,1
KERNEL_DISPATCH,Agent 2,1,0,2096183,5202,37,kv_cache_write_q8_0_batched,5202,294963055006692,294963055023644,0,0,8,0,128,32,1,1,1024,512,1
KERNEL_DISPATCH,Agent 2,1,0,2096183,5207,39,attention_fa2_q_preconvert_gfx11,5207,294963055779658,294963055863214,0,0,16,0,128,128,1,1,393216,1,1
KERNEL_DISPATCH,Agent 2,1,0,2096183,5212,38,attention_q8_0_fa2_gqa_gfx11,5212,294963056997737,294963058403327,0,0,224,0,128,256,1,1,8192,4,1
KERNEL_DISPATCH,Agent 2,1,0,2096183,5217,37,kv_cache_write_q8_0_batched,5217,294963060341914,294963060355579,0,0,8,0,128,32,1,1,1024,512,1
KERNEL_DISPATCH,Agent 2,1,0,2096183,5222,37,kv_cache_write_q8_0_batched,5222,294963062690829,294963062703572,0,0,8,0,128,32,1,1,1024,512,1
KERNEL_DISPATCH,Agent 2,1,0,2096183,5227,39,attention_fa2_q_preconvert_gfx11,5227,294963065448749,294963065529219,0,0,16,0,128,128,1,1,393216,1,1
KERNEL_DISPATCH,Agent 2,1,0,2096183,5232,38,attention_q8_0_fa2_gqa_gfx11,5232,294963068693980,294963072121152,0,0,224,0,128,256,1,1,8192,4,1
KERNEL_DISPATCH,Agent 2,1,0,2096183,5237,37,kv_cache_write_q8_0_batched,5237,294963076141394,294963076154979,0,0,8,0,128,32,1,1,1024,512,1
KERNEL_DISPATCH,Agent 2,1,0,2096183,5242,37,kv_cache_write_q8_0_batched,5242,294963080517862,294963080532009,0,0,8,0,128,32,1,1,1024,512,1
KERNEL_DISPATCH,Agent 2,1,0,2096183,5247,39,attention_fa2_q_preconvert_gfx11,5247,294963085305660,294963085380079,0,0,16,0,128,128,1,1,393216,1,1
KERNEL_DISPATCH,Agent 2,1,0,2096183,5252,38,attention_q8_0_fa2_gqa_gfx11,5252,294963090585338,294963096092241,0,0,224,0,128,256,1,1,8192,4,1
KERNEL_DISPATCH,Agent 2,1,0,2096183,5257,37,kv_cache_write_q8_0_batched,5257,294963102140477,294963102156747,0,0,8,0,128,32,1,1,1024,512,1
KERNEL_DISPATCH,Agent 2,1,0,2096183,5262,26,gemm_mq4g256v2_residual_iu4_v2b_add_gfx11,5262,294963110490179,294963120257533,0,0,248,0,128,32,16,1,1024,320,1
KERNEL_DISPATCH,Agent 2,1,0,2096183,5267,23,fused_rmsnorm_mq_rotate_awq_i4,5267,294963186122724,294963187276883,0,0,96,0,128,256,1,1,2097152,1,1
KERNEL_DISPATCH,Agent 2,1,0,2096183,5272,21,gdn_chunk_kkt_solve,5272,294963211634495,294963211684910,11776,0,120,0,128,128,1,1,1024,16,1
KERNEL_DISPATCH,Agent 2,1,0,2096183,5277,22,gdn_chunk_scan,5277,294963212448378,294963212762125,60928,0,216,0,128,512,1,1,512,48,1
KERNEL_DISPATCH,Agent 2,1,0,2096183,5282,21,gdn_chunk_kkt_solve,5282,294963213508241,294963213557974,11776,0,120,0,128,128,1,1,1024,16,1
KERNEL_DISPATCH,Agent 2,1,0,2096183,5287,22,gdn_chunk_scan,5287,294963214301124,294963214613429,60928,0,216,0,128,512,1,1,512,48,1
KERNEL_DISPATCH,Agent 2,1,0,2096183,5292,21,gdn_chunk_kkt_solve,5292,294963215363071,294963215413125,11776,0,120,0,128,128,1,1,1024,16,1
KERNEL_DISPATCH,Agent 2,1,0,2096183,5297,22,gdn_chunk_scan,5297,294963216151987,294963216472026,60928,0,216,0,128,512,1,1,512,48,1
KERNEL_DISPATCH,Agent 2,1,0,2096183,5302,21,gdn_chunk_kkt_solve,5302,294963217213814,294963217258978,11776,0,120,0,128,128,1,1,1024,16,1
KERNEL_DISPATCH,Agent 2,1,0,2096183,5307,24,gemm_mq4g256v2_gate_up_silu_iu4_v2b_gfx11,5307,294963230808369,294963270855255,0,0,248,0,128,32,16,1,1024,2176,1
KERNEL_DISPATCH,Agent 2,1,0,2096183,5312,27,gemm_mq4g256v2_residual_iu4_v2b_set_gfx11,5312,294963308651009,294963315921612,0,0,248,0,128,32,16,1,1024,400,1
KERNEL_DISPATCH,Agent 2,1,0,2096183,5317,21,gdn_chunk_kkt_solve,5317,294963321652654,294963321699462,11776,0,120,0,128,128,1,1,1024,16,1
KERNEL_DISPATCH,Agent 2,1,0,2096183,5322,22,gdn_chunk_scan,5322,294963322439246,294963322746380,60928,0,216,0,128,512,1,1,512,48,1
KERNEL_DISPATCH,Agent 2,1,0,2096183,5327,21,gdn_chunk_kkt_solve,5327,294963323491014,294963323537861,11776,0,120,0,128,128,1,1,1024,16,1
KERNEL_DISPATCH,Agent 2,1,0,2096183,5332,22,gdn_chunk_scan,5332,294963324271995,294963324585902,60928,0,216,0,128,512,1,1,512,48,1
KERNEL_DISPATCH,Agent 2,1,0,2096183,5337,21,gdn_chunk_kkt_solve,5337,294963325329333,294963325377303,11776,0,120,0,128,128,1,1,1024,16,1
KERNEL_DISPATCH,Agent 2,1,0,2096183,5770,21,gdn_chunk_kkt_solve,5770,294964401513023,294964401564319,11776,0,120,0,128,128,1,1,1024,16,1
KERNEL_DISPATCH,Agent 2,1,0,2096183,5775,22,gdn_chunk_scan,5775,294964402322057,294964402637567,60928,0,216,0,128,512,1,1,512,48,1
KERNEL_DISPATCH,Agent 2,1,0,2096183,5780,21,gdn_chunk_kkt_solve,5780,294964403373704,294964403418628,11776,0,120,0,128,128,1,1,1024,16,1
KERNEL_DISPATCH,Agent 2,1,0,2096183,5785,22,gdn_chunk_scan,5785,294964404154525,294964404465427,60928,0,216,0,128,512,1,1,512,48,1
KERNEL_DISPATCH,Agent 2,1,0,2096183,5790,21,gdn_chunk_kkt_solve,5790,294964405206012,294964405252419,11776,0,120,0,128,128,1,1,1024,16,1
KERNEL_DISPATCH,Agent 2,1,0,2096183,5795,22,gdn_chunk_scan,5795,294964405989117,294964406298657,60928,0,216,0,128,512,1,1,512,48,1
KERNEL_DISPATCH,Agent 2,1,0,2096183,5800,21,gdn_chunk_kkt_solve,5800,294964407036317,294964407081601,11776,0,120,0,128,128,1,1,1024,16,1
KERNEL_DISPATCH,Agent 2,1,0,2096183,5805,24,gemm_mq4g256v2_gate_up_silu_iu4_v2b_gfx11,5805,294964420527238,294964460910793,0,0,248,0,128,32,16,1,1024,2176,1
KERNEL_DISPATCH,Agent 2,1,0,2096183,5810,27,gemm_mq4g256v2_residual_iu4_v2b_set_gfx11,5810,294964501026688,294964502459930,0,0,248,0,128,32,16,1,1024,64,1
KERNEL_DISPATCH,Agent 2,1,0,2096183,5815,37,kv_cache_write_q8_0_batched,5815,294964510026206,294964510047406,0,0,8,0,128,32,1,1,1024,512,1
KERNEL_DISPATCH,Agent 2,1,0,2096183,5820,37,kv_cache_write_q8_0_batched,5820,294964510518968,294964510536481,0,0,8,0,128,32,1,1,1024,512,1
KERNEL_DISPATCH,Agent 2,1,0,2096183,5342,22,gdn_chunk_scan,5342,294963326110755,294963326422338,60928,0,216,0,128,512,1,1,512,48,1
KERNEL_DISPATCH,Agent 2,1,0,2096183,5745,21,gdn_chunk_kkt_solve,5745,294964295202441,294964295247886,11776,0,120,0,128,128,1,1,1024,16,1
KERNEL_DISPATCH,Agent 2,1,0,2096183,5825,39,attention_fa2_q_preconvert_gfx11,5825,294964511290932,294964511370000,0,0,16,0,128,128,1,1,393216,1,1
KERNEL_DISPATCH,Agent 2,1,0,2096183,5830,38,attention_q8_0_fa2_gqa_gfx11,5830,294964512501557,294964513909952,0,0,224,0,128,256,1,1,8192,4,1
KERNEL_DISPATCH,Agent 2,1,0,2096183,5840,37,kv_cache_write_q8_0_batched,5840,294964518227310,294964518239893,0,0,8,0,128,32,1,1,1024,512,1
KERNEL_DISPATCH,Agent 2,1,0,2096183,5845,39,attention_fa2_q_preconvert_gfx11,5845,294964520993165,294964521071832,0,0,16,0,128,128,1,1,393216,1,1
KERNEL_DISPATCH,Agent 2,1,0,2096183,5850,38,attention_q8_0_fa2_gqa_gfx11,5850,294964524244007,294964527727284,0,0,224,0,128,256,1,1,8192,4,1
KERNEL_DISPATCH,Agent 2,1,0,2096183,5765,23,fused_rmsnorm_mq_rotate_awq_i4,5765,294964375851251,294964377017433,0,0,96,0,128,256,1,1,2097152,1,1
KERNEL_DISPATCH,Agent 2,1,0,2096183,5855,37,kv_cache_write_q8_0_batched,5855,294964531723240,294964531736705,0,0,8,0,128,32,1,1,1024,512,1
KERNEL_DISPATCH,Agent 2,1,0,2096183,5860,37,kv_cache_write_q8_0_batched,5860,294964536127681,294964536141707,0,0,8,0,128,32,1,1,1024,512,1
KERNEL_DISPATCH,Agent 2,1,0,2096183,5865,39,attention_fa2_q_preconvert_gfx11,5865,294964540914957,294964540989497,0,0,16,0,128,128,1,1,393216,1,1
KERNEL_DISPATCH,Agent 2,1,0,2096183,5870,38,attention_q8_0_fa2_gqa_gfx11,5870,294964546196639,294964551699615,0,0,224,0,128,256,1,1,8192,4,1
KERNEL_DISPATCH,Agent 2,1,0,2096183,5875,37,kv_cache_write_q8_0_batched,5875,294964557763721,294964557781033,0,0,8,0,128,32,1,1,1024,512,1
KERNEL_DISPATCH,Agent 2,1,0,2096183,5880,26,gemm_mq4g256v2_residual_iu4_v2b_add_gfx11,5880,294964566177823,294964575453858,0,0,248,0,128,32,16,1,1024,320,1
KERNEL_DISPATCH,Agent 2,1,0,2096183,5437,39,attention_fa2_q_preconvert_gfx11,5437,294963552674686,294963552753273,0,0,16,0,128,128,1,1,393216,1,1
KERNEL_DISPATCH,Agent 2,1,0,2096183,5885,23,fused_rmsnorm_mq_rotate_awq_i4,5885,294964642354827,294964643523133,0,0,96,0,128,256,1,1,2097152,1,1
KERNEL_DISPATCH,Agent 2,1,0,2096183,5890,21,gdn_chunk_kkt_solve,5890,294964668059759,294964668109372,11776,0,120,0,128,128,1,1,1024,16,1
KERNEL_DISPATCH,Agent 2,1,0,2096183,5895,22,gdn_chunk_scan,5895,294964668870597,294964669187229,60928,0,216,0,128,512,1,1,512,48,1
KERNEL_DISPATCH,Agent 2,1,0,2096183,5900,21,gdn_chunk_kkt_solve,5900,294964669934347,294964669982918,11776,0,120,0,128,128,1,1,1024,16,1
KERNEL_DISPATCH,Agent 2,1,0,2096183,5905,22,gdn_chunk_scan,5905,294964670725347,294964671035567,60928,0,216,0,128,512,1,1,512,48,1
KERNEL_DISPATCH,Agent 2,1,0,2096183,5910,21,gdn_chunk_kkt_solve,5910,294964671784088,294964671832618,11776,0,120,0,128,128,1,1,1024,16,1
KERNEL_DISPATCH,Agent 2,1,0,2096183,5915,22,gdn_chunk_scan,5915,294964672572242,294964672887151,60928,0,216,0,128,512,1,1,512,48,1
KERNEL_DISPATCH,Agent 2,1,0,2096183,5920,21,gdn_chunk_kkt_solve,5920,294964673635712,294964673684042,11776,0,120,0,128,128,1,1,1024,16,1
KERNEL_DISPATCH,Agent 2,1,0,2096183,5925,24,gemm_mq4g256v2_gate_up_silu_iu4_v2b_gfx11,5925,294964686940324,294964727332296,0,0,248,0,128,32,16,1,1024,2176,1
KERNEL_DISPATCH,Agent 2,1,0,2096183,5930,27,gemm_mq4g256v2_residual_iu4_v2b_set_gfx11,5930,294964765105728,294964772451031,0,0,248,0,128,32,16,1,1024,400,1
KERNEL_DISPATCH,Agent 2,1,0,2096183,5935,21,gdn_chunk_kkt_solve,5935,294964778170131,294964778217980,11776,0,120,0,128,128,1,1,1024,16,1
KERNEL_DISPATCH,Agent 2,1,0,2096183,5945,21,gdn_chunk_kkt_solve,5945,294964780019872,294964780064074,11776,0,120,0,128,128,1,1,1024,16,1
KERNEL_DISPATCH,Agent 2,1,0,2096183,5940,22,gdn_chunk_scan,5940,294964778956242,294964779269828,60928,0,216,0,128,512,1,1,512,48,1
KERNEL_DISPATCH,Agent 2,1,0,2096183,5950,22,gdn_chunk_scan,5950,294964780799891,294964781110833,60928,0,216,0,128,512,1,1,512,48,1
KERNEL_DISPATCH,Agent 2,1,0,2096183,5955,21,gdn_chunk_kkt_solve,5955,294964781850296,294964781896903,11776,0,120,0,128,128,1,1,1024,16,1
KERNEL_DISPATCH,Agent 2,1,0,2096183,5960,22,gdn_chunk_scan,5960,294964782629354,294964782943822,60928,0,216,0,128,512,1,1,512,48,1
KERNEL_DISPATCH,Agent 2,1,0,2096183,5965,29,gated_norm_mq_rotate_awq_i4_gfx11,5965,294964783679118,294964786095078,1024,0,48,0,128,64,1,1,1536,8192,1
KERNEL_DISPATCH,Agent 2,1,0,2096183,5970,26,gemm_mq4g256v2_residual_iu4_v2b_add_gfx11,5970,294964840183395,294964861997608,0,0,248,0,128,32,16,1,1024,320,1
KERNEL_DISPATCH,Agent 2,1,0,2096183,5975,20,gdn_chunk_prep,5975,294964884507724,294964887777120,0,0,72,0,128,256,1,1,32768,10,1
KERNEL_DISPATCH,Agent 2,1,0,2096183,5980,21,gdn_chunk_kkt_solve,5980,294964888549646,294964888597535,11776,0,120,0,128,128,1,1,1024,16,1
KERNEL_DISPATCH,Agent 2,1,0,2096183,5985,22,gdn_chunk_scan,5985,294964889328703,294964889642851,60928,0,216,0,128,512,1,1,512,48,1
KERNEL_DISPATCH,Agent 2,1,0,2096183,5990,21,gdn_chunk_kkt_solve,5990,294964890387084,294964890433010,11776,0,120,0,128,128,1,1,1024,16,1
KERNEL_DISPATCH,Agent 2,1,0,2096183,5995,22,gdn_chunk_scan,5995,294964891167143,294964891483295,60928,0,216,0,128,512,1,1,512,48,1
KERNEL_DISPATCH,Agent 2,1,0,2096183,6000,21,gdn_chunk_kkt_solve,6000,294964892227287,294964892274455,11776,0,120,0,128,128,1,1,1024,16,1
KERNEL_DISPATCH,Agent 2,1,0,2096183,6005,22,gdn_chunk_scan,6005,294964893013197,294964893327946,60928,0,216,0,128,512,1,1,512,48,1
KERNEL_DISPATCH,Agent 2,1,0,2096183,6010,23,fused_rmsnorm_mq_rotate_awq_i4,6010,294964905608081,294964906759155,0,0,96,0,128,256,1,1,2097152,1,1
KERNEL_DISPATCH,Agent 2,1,0,2096183,6020,34,rope_partial_halfsplit_batched_f32,6020,294964994143727,294964996403195,0,0,24,0,128,256,1,1,256,8192,1
KERNEL_DISPATCH,Agent 2,1,0,2096183,6015,27,gemm_mq4g256v2_residual_iu4_v2b_set_gfx11,6015,294964973069218,294964987409288,0,0,248,0,128,32,16,1,1024,768,1
KERNEL_DISPATCH,Agent 2,1,0,2096183,6025,37,kv_cache_write_q8_0_batched,6025,294964996861693,294964996881369,0,0,8,0,128,32,1,1,1024,512,1
KERNEL_DISPATCH,Agent 2,1,0,2096183,6030,37,kv_cache_write_q8_0_batched,6030,294964997629810,294964997642514,0,0,8,0,128,32,1,1,1024,512,1
KERNEL_DISPATCH,Agent 2,1,0,2096183,6035,39,attention_fa2_q_preconvert_gfx11,6035,294964998769622,294964998850253,0,0,16,0,128,128,1,1,393216,1,1
KERNEL_DISPATCH,Agent 2,1,0,2096183,6040,38,attention_q8_0_fa2_gqa_gfx11,6040,294965000399271,294965002203527,0,0,224,0,128,256,1,1,8192,4,1
KERNEL_DISPATCH,Agent 2,1,0,2096183,6050,37,kv_cache_write_q8_0_batched,6050,294965007331682,294965007344145,0,0,8,0,128,32,1,1,1024,512,1
KERNEL_DISPATCH,Agent 2,1,0,2096183,6045,37,kv_cache_write_q8_0_batched,6045,294965004563823,294965004577288,0,0,8,0,128,32,1,1,1024,512,1
KERNEL_DISPATCH,Agent 2,1,0,2096183,6055,39,attention_fa2_q_preconvert_gfx11,6055,294965010539203,294965010624282,0,0,16,0,128,128,1,1,393216,1,1
KERNEL_DISPATCH,Agent 2,1,0,2096183,6060,38,attention_q8_0_fa2_gqa_gfx11,6060,294965014224137,294965018110528,0,0,224,0,128,256,1,1,8192,4,1
KERNEL_DISPATCH,Agent 2,1,0,2096183,6070,37,kv_cache_write_q8_0_batched,6070,294965027345727,294965027361076,0,0,8,0,128,32,1,1,1024,512,1
KERNEL_DISPATCH,Agent 2,1,0,2096183,6075,39,attention_fa2_q_preconvert_gfx11,6075,294965032626246,294965032699423,0,0,16,0,128,128,1,1,393216,1,1
KERNEL_DISPATCH,Agent 2,1,0,2096183,6080,38,attention_q8_0_fa2_gqa_gfx11,6080,294965038354965,294965044298445,0,0,224,0,128,256,1,1,8192,4,1
KERNEL_DISPATCH,Agent 2,1,0,2096183,6085,40,sigmoid_mul_rotate_x_mq_awq_i4_gfx11,6085,294965050821890,294965052727214,0,0,88,0,128,32,1,1,6291456,1,1
KERNEL_DISPATCH,Agent 2,1,0,2096183,6090,26,gemm_mq4g256v2_residual_iu4_v2b_add_gfx11,6090,294965107592745,294965129563451,0,0,248,0,128,32,16,1,1024,320,1
KERNEL_DISPATCH,Agent 2,1,0,2096183,6095,20,gdn_chunk_prep,6095,294965152288770,294965155579005,0,0,72,0,128,256,1,1,32768,10,1
KERNEL_DISPATCH,Agent 2,1,0,2096183,6100,21,gdn_chunk_kkt_solve,6100,294965156343436,294965156386997,11776,0,120,0,128,128,1,1,1024,16,1
KERNEL_DISPATCH,Agent 2,1,0,2096183,6105,22,gdn_chunk_scan,6105,294965157127783,294965157438124,60928,0,216,0,128,512,1,1,512,48,1
KERNEL_DISPATCH,Agent 2,1,0,2096183,6110,21,gdn_chunk_kkt_solve,6110,294965158184240,294965158230166,11776,0,120,0,128,128,1,1,1024,16,1
KERNEL_DISPATCH,Agent 2,1,0,2096183,6115,22,gdn_chunk_scan,6115,294965158968868,294965159284538,60928,0,216,0,128,512,1,1,512,48,1
KERNEL_DISPATCH,Agent 2,1,0,2096183,6120,21,gdn_chunk_kkt_solve,6120,294965160030494,294965160076700,11776,0,120,0,128,128,1,1,1024,16,1
KERNEL_DISPATCH,Agent 2,1,0,2096183,6125,22,gdn_chunk_scan,6125,294965160811074,294965161128188,60928,0,216,0,128,512,1,1,512,48,1
KERNEL_DISPATCH,Agent 2,1,0,2096183,6130,23,fused_rmsnorm_mq_rotate_awq_i4,6130,294965173453648,294965174632734,0,0,96,0,128,256,1,1,2097152,1,1
KERNEL_DISPATCH,Agent 2,1,0,2096183,6135,27,gemm_mq4g256v2_residual_iu4_v2b_set_gfx11,6135,294965241114999,294965253073653,0,0,248,0,128,32,16,1,1024,640,1
KERNEL_DISPATCH,Agent 2,1,0,2096183,6140,22,gdn_chunk_scan,6140,294965265602494,294965265930949,60928,0,216,0,128,512,1,1,512,48,1
KERNEL_DISPATCH,Agent 2,1,0,2096183,6145,21,gdn_chunk_kkt_solve,6145,294965266666846,294965266712571,11776,0,120,0,128,128,1,1,1024,16,1
KERNEL_DISPATCH,Agent 2,1,0,2096183,6150,22,gdn_chunk_scan,6150,294965267444701,294965267756324,60928,0,216,0,128,512,1,1,512,48,1
KERNEL_DISPATCH,Agent 2,1,0,2096183,6155,21,gdn_chunk_kkt_solve,6155,294965268502640,294965268548887,11776,0,120,0,128,128,1,1,1024,16,1
KERNEL_DISPATCH,Agent 2,1,0,2096183,6160,22,gdn_chunk_scan,6160,294965269280736,294965269595325,60928,0,216,0,128,512,1,1,512,48,1
KERNEL_DISPATCH,Agent 2,1,0,2096183,6165,21,gdn_chunk_kkt_solve,6165,294965270332263,294965270378550,11776,0,120,0,128,128,1,1,1024,16,1
KERNEL_DISPATCH,Agent 2,1,0,2096183,6170,22,gdn_chunk_scan,6170,294965271114206,294965271425469,60928,0,216,0,128,512,1,1,512,48,1
KERNEL_DISPATCH,Agent 2,1,0,2096183,6175,30,fused_silu_mul_mq_rotate_awq_i4_hin,6175,294965325115160,294965328139458,0,0,80,0,128,32,1,1,2176,8192,1
KERNEL_DISPATCH,Agent 2,1,0,2096183,6180,28,split_mq4v2_z_betaalpha,6180,294965370381852,294965372412130,0,0,16,0,128,256,1,1,2097152,1,1
KERNEL_DISPATCH,Agent 2,1,0,2096183,6185,22,gdn_chunk_scan,6185,294965376164591,294965376479500,60928,0,216,0,128,512,1,1,512,48,1
KERNEL_DISPATCH,Agent 2,1,0,2096183,6190,21,gdn_chunk_kkt_solve,6190,294965377220446,294965377267494,11776,0,120,0,128,128,1,1,1024,16,1
KERNEL_DISPATCH,Agent 2,1,0,2096183,6195,22,gdn_chunk_scan,6195,294965378003351,294965378316377,60928,0,216,0,128,512,1,1,512,48,1
KERNEL_DISPATCH,Agent 2,1,0,2096183,6200,21,gdn_chunk_kkt_solve,6200,294965379056001,294965379103770,11776,0,120,0,128,128,1,1,1024,16,1
KERNEL_DISPATCH,Agent 2,1,0,2096183,6205,22,gdn_chunk_scan,6205,294965379844676,294965380155257,60928,0,216,0,128,512,1,1,512,48,1
KERNEL_DISPATCH,Agent 2,1,0,2096183,6210,21,gdn_chunk_kkt_solve,6210,294965380898768,294965380946337,11776,0,120,0,128,128,1,1,1024,16,1
KERNEL_DISPATCH,Agent 2,1,0,2096183,6215,26,gemm_mq4g256v2_residual_iu4_v2b_add_gfx11,6215,294965384096752,294965393589873,0,0,248,0,128,32,16,1,1024,320,1
KERNEL_DISPATCH,Agent 2,1,0,2096183,6220,23,fused_rmsnorm_mq_rotate_awq_i4,6220,294965459989143,294965461171675,0,0,96,0,128,256,1,1,2097152,1,1
KERNEL_DISPATCH,Agent 2,1,0,2096183,6225,33,rmsnorm_f32,6225,294965481993792,294965482296639,0,0,16,0,128,256,1,1,8388608,1,1
KERNEL_DISPATCH,Agent 2,1,0,2096183,6230,38,attention_q8_0_fa2_gqa_gfx11,6230,294965484773954,294965485027989,0,0,224,0,128,256,1,1,8192,4,1
KERNEL_DISPATCH,Agent 2,1,0,2096183,6235,37,kv_cache_write_q8_0_batched,6235,294965485794383,294965485807968,0,0,8,0,128,32,1,1,1024,512,1
KERNEL_DISPATCH,Agent 2,1,0,2096183,6240,37,kv_cache_write_q8_0_batched,6240,294965486929507,294965486942010,0,0,8,0,128,32,1,1,1024,512,1
KERNEL_DISPATCH,Agent 2,1,0,2096183,6245,39,attention_fa2_q_preconvert_gfx11,6245,294965488483174,294965488561079,0,0,16,0,128,128,1,1,393216,1,1
KERNEL_DISPATCH,Agent 2,1,0,2096183,6250,38,attention_q8_0_fa2_gqa_gfx11,6250,294965490491812,294965492710122,0,0,224,0,128,256,1,1,8192,4,1
KERNEL_DISPATCH,Agent 2,1,0,2096183,6255,37,kv_cache_write_q8_0_batched,6255,294965495489923,294965495503909,0,0,8,0,128,32,1,1,1024,512,1
KERNEL_DISPATCH,Agent 2,1,0,2096183,6260,37,kv_cache_write_q8_0_batched,6260,294965498679450,294965498692755,0,0,8,0,128,32,1,1,1024,512,1
KERNEL_DISPATCH,Agent 2,1,0,2096183,6065,37,kv_cache_write_q8_0_batched,6065,294965022514528,294965022527993,0,0,8,0,128,32,1,1,1024,512,1
KERNEL_DISPATCH,Agent 2,1,0,2096183,6265,39,attention_fa2_q_preconvert_gfx11,6265,294965502277182,294965502356730,0,0,16,0,128,128,1,1,393216,1,1
KERNEL_DISPATCH,Agent 2,1,0,2096183,6270,38,attention_q8_0_fa2_gqa_gfx11,6270,294965506382342,294965510629809,0,0,224,0,128,256,1,1,8192,4,1
KERNEL_DISPATCH,Agent 2,1,0,2096183,6285,39,attention_fa2_q_preconvert_gfx11,6285,294965526330304,294965526403120,0,0,16,0,128,128,1,1,393216,1,1
KERNEL_DISPATCH,Agent 2,1,0,2096183,6280,37,kv_cache_write_q8_0_batched,6280,294965520672318,294965520689310,0,0,8,0,128,32,1,1,1024,512,1
KERNEL_DISPATCH,Agent 2,1,0,2096183,6275,37,kv_cache_write_q8_0_batched,6275,294965515442654,294965515456880,0,0,8,0,128,32,1,1,1024,512,1
KERNEL_DISPATCH,Agent 2,1,0,2096183,6290,38,attention_q8_0_fa2_gqa_gfx11,6290,294965532453961,294965538815864,0,0,224,0,128,256,1,1,8192,4,1
KERNEL_DISPATCH,Agent 2,1,0,2096183,6295,30,fused_silu_mul_mq_rotate_awq_i4_hin,6295,294965592501908,294965595518792,0,0,80,0,128,32,1,1,2176,8192,1
KERNEL_DISPATCH,Agent 2,1,0,2096183,6300,28,split_mq4v2_z_betaalpha,6300,294965637987810,294965640016686,0,0,16,0,128,256,1,1,2097152,1,1
KERNEL_DISPATCH,Agent 2,1,0,2096183,6305,22,gdn_chunk_scan,6305,294965643647479,294965643958781,60928,0,216,0,128,512,1,1,512,48,1
KERNEL_DISPATCH,Agent 2,1,0,2096183,6310,21,gdn_chunk_kkt_solve,6310,294965644704737,294965644751745,11776,0,120,0,128,128,1,1,1024,16,1
KERNEL_DISPATCH,Agent 2,1,0,2096183,6320,21,gdn_chunk_kkt_solve,6320,294965646535562,294965646580887,11776,0,120,0,128,128,1,1,1024,16,1
KERNEL_DISPATCH,Agent 2,1,0,2096183,6325,22,gdn_chunk_scan,6325,294965647320711,294965647637063,60928,0,216,0,128,512,1,1,512,48,1
KERNEL_DISPATCH,Agent 2,1,0,2096183,6330,21,gdn_chunk_kkt_solve,6330,294965648382137,294965648429265,11776,0,120,0,128,128,1,1,1024,16,1
KERNEL_DISPATCH,Agent 2,1,0,2096183,6335,26,gemm_mq4g256v2_residual_iu4_v2b_add_gfx11,6335,294965651550946,294965661313812,0,0,248,0,128,32,16,1,1024,320,1
KERNEL_DISPATCH,Agent 2,1,0,2096183,6340,23,fused_rmsnorm_mq_rotate_awq_i4,6340,294965727795115,294965728988548,0,0,96,0,128,256,1,1,2097152,1,1
KERNEL_DISPATCH,Agent 2,1,0,2096183,6345,21,gdn_chunk_kkt_solve,6345,294965753692087,294965753742421,11776,0,120,0,128,128,1,1,1024,16,1
KERNEL_DISPATCH,Agent 2,1,0,2096183,6350,22,gdn_chunk_scan,6350,294965754500119,294965754812944,60928,0,216,0,128,512,1,1,512,48,1
KERNEL_DISPATCH,Agent 2,1,0,2096183,6355,21,gdn_chunk_kkt_solve,6355,294965755557337,294965755610396,11776,0,120,0,128,128,1,1,1024,16,1
KERNEL_DISPATCH,Agent 2,1,0,2096183,6360,22,gdn_chunk_scan,6360,294965756355350,294965756665090,60928,0,216,0,128,512,1,1,512,48,1
KERNEL_DISPATCH,Agent 2,1,0,2096183,6370,22,gdn_chunk_scan,6370,294965758204971,294965758519399,60928,0,216,0,128,512,1,1,512,48,1
KERNEL_DISPATCH,Agent 2,1,0,2096183,6365,21,gdn_chunk_kkt_solve,6365,294965757412849,294965757460458,11776,0,120,0,128,128,1,1,1024,16,1
KERNEL_DISPATCH,Agent 2,1,0,2096183,6375,21,gdn_chunk_kkt_solve,6375,294965759257740,294965759304788,11776,0,120,0,128,128,1,1,1024,16,1
KERNEL_DISPATCH,Agent 2,1,0,2096183,6380,24,gemm_mq4g256v2_gate_up_silu_iu4_v2b_gfx11,6380,294965772933327,294965813495417,0,0,248,0,128,32,16,1,1024,2176,1
KERNEL_DISPATCH,Agent 2,1,0,2096183,6385,27,gemm_mq4g256v2_residual_iu4_v2b_set_gfx11,6385,294965851524046,294965858806952,0,0,248,0,128,32,16,1,1024,400,1
KERNEL_DISPATCH,Agent 2,1,0,2096183,6390,21,gdn_chunk_kkt_solve,6390,294965864530220,294965864577148,11776,0,120,0,128,128,1,1,1024,16,1
KERNEL_DISPATCH,Agent 2,1,0,2096183,6395,22,gdn_chunk_scan,6395,294965865319898,294965865633885,60928,0,216,0,128,512,1,1,512,48,1
KERNEL_DISPATCH,Agent 2,1,0,2096183,6400,21,gdn_chunk_kkt_solve,6400,294965866373028,294965866418593,11776,0,120,0,128,128,1,1,1024,16,1
KERNEL_DISPATCH,Agent 2,1,0,2096183,6405,22,gdn_chunk_scan,6405,294965867160301,294965867476372,60928,0,216,0,128,512,1,1,512,48,1
KERNEL_DISPATCH,Agent 2,1,0,2096183,6410,21,gdn_chunk_kkt_solve,6410,294965868215796,294965868260560,11776,0,120,0,128,128,1,1,1024,16,1
KERNEL_DISPATCH,Agent 2,1,0,2096183,6415,22,gdn_chunk_scan,6415,294965868995735,294965869308881,60928,0,216,0,128,512,1,1,512,48,1
KERNEL_DISPATCH,Agent 2,1,0,2096183,6420,29,gated_norm_mq_rotate_awq_i4_gfx11,6420,294965870048144,294965872472119,1024,0,48,0,128,64,1,1,1536,8192,1
KERNEL_DISPATCH,Agent 2,1,0,2096183,6425,26,gemm_mq4g256v2_residual_iu4_v2b_add_gfx11,6425,294965926855428,294965948751074,0,0,248,0,128,32,16,1,1024,320,1
KERNEL_DISPATCH,Agent 2,1,0,2096183,6430,31,deinterleave_q_rmsnorm_f32_batched,6430,294965967106215,294965970665795,0,0,24,0,128,256,1,1,6144,8192,1
KERNEL_DISPATCH,Agent 2,1,0,2096183,6435,39,attention_fa2_q_preconvert_gfx11,6435,294965973300925,294965973447119,0,0,16,0,128,128,1,1,393216,1,1
KERNEL_DISPATCH,Agent 2,1,0,2096183,6440,38,attention_q8_0_fa2_gqa_gfx11,6440,294965973834123,294965974448873,0,0,224,0,128,256,1,1,8192,4,1
KERNEL_DISPATCH,Agent 2,1,0,2096183,6445,37,kv_cache_write_q8_0_batched,6445,294965975596941,294965975611007,0,0,8,0,128,32,1,1,1024,512,1
KERNEL_DISPATCH,Agent 2,1,0,2096183,6450,37,kv_cache_write_q8_0_batched,6450,294965977139667,294965977151970,0,0,8,0,128,32,1,1,1024,512,1
KERNEL_DISPATCH,Agent 2,1,0,2096183,6455,39,attention_fa2_q_preconvert_gfx11,6455,294965979089916,294965979169305,0,0,16,0,128,128,1,1,393216,1,1
KERNEL_DISPATCH,Agent 2,1,0,2096183,6460,38,attention_q8_0_fa2_gqa_gfx11,6460,294965981488564,294965984112193,0,0,224,0,128,256,1,1,8192,4,1
KERNEL_DISPATCH,Agent 2,1,0,2096183,6465,37,kv_cache_write_q8_0_batched,6465,294965987282484,294965987295949,0,0,8,0,128,32,1,1,1024,512,1
KERNEL_DISPATCH,Agent 2,1,0,2096183,6470,37,kv_cache_write_q8_0_batched,6470,294965990902777,294965990917044,0,0,8,0,128,32,1,1,1024,512,1
KERNEL_DISPATCH,Agent 2,1,0,2096183,6475,39,attention_fa2_q_preconvert_gfx11,6475,294965994931475,294965995008219,0,0,16,0,128,128,1,1,393216,1,1
KERNEL_DISPATCH,Agent 2,1,0,2096183,6480,38,attention_q8_0_fa2_gqa_gfx11,6480,294965999384526,294966004049134,0,0,224,0,128,256,1,1,8192,4,1
KERNEL_DISPATCH,Agent 2,1,0,2096183,6485,37,kv_cache_write_q8_0_batched,6485,294966009266375,294966009281684,0,0,8,0,128,32,1,1,1024,512,1
KERNEL_DISPATCH,Agent 2,1,0,2096183,6490,37,kv_cache_write_q8_0_batched,6490,294966014925964,294966014941994,0,0,8,0,128,32,1,1,1024,512,1
KERNEL_DISPATCH,Agent 2,1,0,2096183,6495,39,attention_fa2_q_preconvert_gfx11,6495,294966021007181,294966021075429,0,0,16,0,128,128,1,1,393216,1,1
KERNEL_DISPATCH,Agent 2,1,0,2096183,6500,24,gemm_mq4g256v2_gate_up_silu_iu4_v2b_gfx11,6500,294966040072251,294966080820570,0,0,248,0,128,32,16,1,1024,2176,1
KERNEL_DISPATCH,Agent 2,1,0,2096183,6505,27,gemm_mq4g256v2_residual_iu4_v2b_set_gfx11,6505,294966118979403,294966126344903,0,0,248,0,128,32,16,1,1024,400,1
KERNEL_DISPATCH,Agent 2,1,0,2096183,6510,21,gdn_chunk_kkt_solve,6510,294966132013068,294966132060357,11776,0,120,0,128,128,1,1,1024,16,1
KERNEL_DISPATCH,Agent 2,1,0,2096183,6520,21,gdn_chunk_kkt_solve,6520,294966133847661,294966133895230,11776,0,120,0,128,128,1,1,1024,16,1
KERNEL_DISPATCH,Agent 2,1,0,2096183,6525,22,gdn_chunk_scan,6525,294966134634373,294966134949162,60928,0,216,0,128,512,1,1,512,48,1
KERNEL_DISPATCH,Agent 2,1,0,2096183,6530,21,gdn_chunk_kkt_solve,6530,294966135689346,294966135735072,11776,0,120,0,128,128,1,1,1024,16,1
KERNEL_DISPATCH,Agent 2,1,0,2096183,6535,22,gdn_chunk_scan,6535,294966136469045,294966136782993,60928,0,216,0,128,512,1,1,512,48,1
KERNEL_DISPATCH,Agent 2,1,0,2096183,6540,29,gated_norm_mq_rotate_awq_i4_gfx11,6540,294966137526664,294966139950880,1024,0,48,0,128,64,1,1,1536,8192,1
KERNEL_DISPATCH,Agent 2,1,0,2096183,6545,26,gemm_mq4g256v2_residual_iu4_v2b_add_gfx11,6545,294966194369775,294966216109128,0,0,248,0,128,32,16,1,1024,320,1
KERNEL_DISPATCH,Agent 2,1,0,2096183,6550,20,gdn_chunk_prep,6550,294966238718710,294966241998205,0,0,72,0,128,256,1,1,32768,10,1
KERNEL_DISPATCH,Agent 2,1,0,2096183,6555,21,gdn_chunk_kkt_solve,6555,294966242772775,294966242818981,11776,0,120,0,128,128,1,1,1024,16,1
KERNEL_DISPATCH,Agent 2,1,0,2096183,6560,22,gdn_chunk_scan,6560,294966243557723,294966243870869,60928,0,216,0,128,512,1,1,512,48,1
KERNEL_DISPATCH,Agent 2,1,0,2096183,6565,21,gdn_chunk_kkt_solve,6565,294966244625601,294966244673811,11776,0,120,0,128,128,1,1,1024,16,1
KERNEL_DISPATCH,Agent 2,1,0,2096183,6570,22,gdn_chunk_scan,6570,294966245413435,294966245729907,60928,0,216,0,128,512,1,1,512,48,1
KERNEL_DISPATCH,Agent 2,1,0,2096183,6575,21,gdn_chunk_kkt_solve,6575,294966246474140,294966246521869,11776,0,120,0,128,128,1,1,1024,16,1
KERNEL_DISPATCH,Agent 2,1,0,2096183,6580,22,gdn_chunk_scan,6580,294966247266182,294966247579087,60928,0,216,0,128,512,1,1,512,48,1
KERNEL_DISPATCH,Agent 2,1,0,2096183,6585,23,fused_rmsnorm_mq_rotate_awq_i4,6585,294966260141992,294966261308815,0,0,96,0,128,256,1,1,2097152,1,1
KERNEL_DISPATCH,Agent 2,1,0,2096183,6590,27,gemm_mq4g256v2_residual_iu4_v2b_set_gfx11,6590,294966328128992,294966340093818,0,0,248,0,128,32,16,1,1024,640,1
KERNEL_DISPATCH,Agent 2,1,0,2096183,6595,22,gdn_chunk_scan,6595,294966352855093,294966353186073,60928,0,216,0,128,512,1,1,512,48,1
KERNEL_DISPATCH,Agent 2,1,0,2096183,6600,21,gdn_chunk_kkt_solve,6600,294966353926658,294966353976111,11776,0,120,0,128,128,1,1,1024,16,1
KERNEL_DISPATCH,Agent 2,1,0,2096183,6605,22,gdn_chunk_scan,6605,294966354714292,294966355029281,60928,0,216,0,128,512,1,1,512,48,1
KERNEL_DISPATCH,Agent 2,1,0,2096183,6610,21,gdn_chunk_kkt_solve,6610,294966355772832,294966355820121,11776,0,120,0,128,128,1,1,1024,16,1
KERNEL_DISPATCH,Agent 2,1,0,2096183,6615,22,gdn_chunk_scan,6615,294966356556699,294966356868563,60928,0,216,0,128,512,1,1,512,48,1
KERNEL_DISPATCH,Agent 2,1,0,2096183,6620,21,gdn_chunk_kkt_solve,6620,294966357610230,294966357655835,11776,0,120,0,128,128,1,1,1024,16,1
KERNEL_DISPATCH,Agent 2,1,0,2096183,6625,22,gdn_chunk_scan,6625,294966358394417,294966358706481,60928,0,216,0,128,512,1,1,512,48,1
KERNEL_DISPATCH,Agent 2,1,0,2096183,6630,30,fused_silu_mul_mq_rotate_awq_i4_hin,6630,294966412383709,294966415370377,0,0,80,0,128,32,1,1,2176,8192,1
KERNEL_DISPATCH,Agent 2,1,0,2096183,6635,27,gemm_mq4g256v2_residual_iu4_v2b_set_gfx11,6635,294966454183955,294966455631744,0,0,248,0,128,32,16,1,1024,64,1
KERNEL_DISPATCH,Agent 2,1,0,2096183,6640,37,kv_cache_write_q8_0_batched,6640,294966461807418,294966461830982,0,0,8,0,128,32,1,1,1024,512,1
KERNEL_DISPATCH,Agent 2,1,0,2096183,6645,39,attention_fa2_q_preconvert_gfx11,6645,294966462279021,294966462371113,0,0,16,0,128,128,1,1,393216,1,1
KERNEL_DISPATCH,Agent 2,1,0,2096183,6650,38,attention_q8_0_fa2_gqa_gfx11,6650,294966463112500,294966464117741,0,0,224,0,128,256,1,1,8192,4,1
KERNEL_DISPATCH,Agent 2,1,0,2096183,6655,37,kv_cache_write_q8_0_batched,6655,294966465660547,294966465674213,0,0,8,0,128,32,1,1,1024,512,1
KERNEL_DISPATCH,Agent 2,1,0,2096183,6660,37,kv_cache_write_q8_0_batched,6660,294966467607270,294966467620013,0,0,8,0,128,32,1,1,1024,512,1
KERNEL_DISPATCH,Agent 2,1,0,2096183,6665,39,attention_fa2_q_preconvert_gfx11,6665,294966469962797,294966470042385,0,0,16,0,128,128,1,1,393216,1,1
KERNEL_DISPATCH,Agent 2,1,0,2096183,6670,38,attention_q8_0_fa2_gqa_gfx11,6670,294966472817698,294966475861793,0,0,224,0,128,256,1,1,8192,4,1
KERNEL_DISPATCH,Agent 2,1,0,2096183,6675,37,kv_cache_write_q8_0_batched,6675,294966479466498,294966479485693,0,0,8,0,128,32,1,1,1024,512,1
KERNEL_DISPATCH,Agent 2,1,0,2096183,6680,37,kv_cache_write_q8_0_batched,6680,294966483511666,294966483526053,0,0,8,0,128,32,1,1,1024,512,1
KERNEL_DISPATCH,Agent 2,1,0,2096183,6685,39,attention_fa2_q_preconvert_gfx11,6685,294966487936104,294966488012647,0,0,16,0,128,128,1,1,393216,1,1
KERNEL_DISPATCH,Agent 2,1,0,2096183,6690,38,attention_q8_0_fa2_gqa_gfx11,6690,294966492820242,294966497927397,0,0,224,0,128,256,1,1,8192,4,1
KERNEL_DISPATCH,Agent 2,1,0,2096183,6695,37,kv_cache_write_q8_0_batched,6695,294966503597405,294966503613956,0,0,8,0,128,32,1,1,1024,512,1
KERNEL_DISPATCH,Agent 2,1,0,2096183,6700,37,kv_cache_write_q8_0_batched,6700,294966509669887,294966509685075,0,0,8,0,128,32,1,1,1024,512,1
KERNEL_DISPATCH,Agent 2,1,0,2096183,6705,23,fused_rmsnorm_mq_rotate_awq_i4,6705,294966527694971,294966528875339,0,0,96,0,128,256,1,1,2097152,1,1
KERNEL_DISPATCH,Agent 2,1,0,2096183,6710,27,gemm_mq4g256v2_residual_iu4_v2b_set_gfx11,6710,294966596115903,294966608174985,0,0,248,0,128,32,16,1,1024,640,1
KERNEL_DISPATCH,Agent 2,1,0,2096183,6715,22,gdn_chunk_scan,6715,294966620786821,294966621119724,60928,0,216,0,128,512,1,1,512,48,1
KERNEL_DISPATCH,Agent 2,1,0,2096183,6720,21,gdn_chunk_kkt_solve,6720,294966621859989,294966621905394,11776,0,120,0,128,128,1,1,1024,16,1
KERNEL_DISPATCH,Agent 2,1,0,2096183,6725,22,gdn_chunk_scan,6725,294966622645860,294966622962251,60928,0,216,0,128,512,1,1,512,48,1
KERNEL_DISPATCH,Agent 2,1,0,2096183,6515,22,gdn_chunk_scan,6515,294966132797376,294966133107276,60928,0,216,0,128,512,1,1,512,48,1
KERNEL_DISPATCH,Agent 2,1,0,2096183,6730,21,gdn_chunk_kkt_solve,6730,294966623700873,294966623747641,11776,0,120,0,128,128,1,1,1024,16,1
KERNEL_DISPATCH,Agent 2,1,0,2096183,6735,22,gdn_chunk_scan,6735,294966624487024,294966624804699,60928,0,216,0,128,512,1,1,512,48,1
KERNEL_DISPATCH,Agent 2,1,0,2096183,6745,22,gdn_chunk_scan,6745,294966626331034,294966626643900,60928,0,216,0,128,512,1,1,512,48,1
KERNEL_DISPATCH,Agent 2,1,0,2096183,6750,30,fused_silu_mul_mq_rotate_awq_i4_hin,6750,294966680519699,294966683520874,0,0,80,0,128,32,1,1,2176,8192,1
KERNEL_DISPATCH,Agent 2,1,0,2096183,6755,28,split_mq4v2_z_betaalpha,6755,294966726101661,294966728129374,0,0,16,0,128,256,1,1,2097152,1,1
KERNEL_DISPATCH,Agent 2,1,0,2096183,6760,22,gdn_chunk_scan,6760,294966731719371,294966732035162,60928,0,216,0,128,512,1,1,512,48,1
KERNEL_DISPATCH,Agent 2,1,0,2096183,6765,21,gdn_chunk_kkt_solve,6765,294966732779635,294966732827324,11776,0,120,0,128,128,1,1,1024,16,1
KERNEL_DISPATCH,Agent 2,1,0,2096183,6770,22,gdn_chunk_scan,6770,294966733562099,294966733877529,60928,0,216,0,128,512,1,1,512,48,1
KERNEL_DISPATCH,Agent 2,1,0,2096183,6775,21,gdn_chunk_kkt_solve,6775,294966734618395,294966734663840,11776,0,120,0,128,128,1,1,1024,16,1
KERNEL_DISPATCH,Agent 2,1,0,2096183,6780,22,gdn_chunk_scan,6780,294966735400699,294966735713844,60928,0,216,0,128,512,1,1,512,48,1
KERNEL_DISPATCH,Agent 2,1,0,2096183,6785,21,gdn_chunk_kkt_solve,6785,294966736451064,294966736498472,11776,0,120,0,128,128,1,1,1024,16,1
KERNEL_DISPATCH,Agent 2,1,0,2096183,6790,26,gemm_mq4g256v2_residual_iu4_v2b_add_gfx11,6790,294966739621075,294966749015050,0,0,248,0,128,32,16,1,1024,320,1
KERNEL_DISPATCH,Agent 2,1,0,2096183,6795,23,fused_rmsnorm_mq_rotate_awq_i4,6795,294966815704904,294966816870164,0,0,96,0,128,256,1,1,2097152,1,1
KERNEL_DISPATCH,Agent 2,1,0,2096183,6315,22,gdn_chunk_scan,6315,294965645485999,294965645798303,60928,0,216,0,128,512,1,1,512,48,1
KERNEL_DISPATCH,Agent 2,1,0,2096183,6800,21,gdn_chunk_kkt_solve,6800,294966841601035,294966841653533,11776,0,120,0,128,128,1,1,1024,16,1
KERNEL_DISPATCH,Agent 2,1,0,2096183,6805,22,gdn_chunk_scan,6805,294966842408625,294966842719166,60928,0,216,0,128,512,1,1,512,48,1
KERNEL_DISPATCH,Agent 2,1,0,2096183,6815,22,gdn_chunk_scan,6815,294966844237127,294966844547227,60928,0,216,0,128,512,1,1,512,48,1
KERNEL_DISPATCH,Agent 2,1,0,2096183,6820,21,gdn_chunk_kkt_solve,6820,294966845288574,294966845335982,11776,0,120,0,128,128,1,1,1024,16,1
KERNEL_DISPATCH,Agent 2,1,0,2096183,6825,22,gdn_chunk_scan,6825,294966846072681,294966846384023,60928,0,216,0,128,512,1,1,512,48,1
KERNEL_DISPATCH,Agent 2,1,0,2096183,6830,21,gdn_chunk_kkt_solve,6830,294966847122365,294966847168531,11776,0,120,0,128,128,1,1,1024,16,1
KERNEL_DISPATCH,Agent 2,1,0,2096183,6835,24,gemm_mq4g256v2_gate_up_silu_iu4_v2b_gfx11,6835,294966860750863,294966901446763,0,0,248,0,128,32,16,1,1024,2176,1
KERNEL_DISPATCH,Agent 2,1,0,2096183,6845,37,kv_cache_write_q8_0_batched,6845,294966950854843,294966950876564,0,0,8,0,128,32,1,1,1024,512,1
KERNEL_DISPATCH,Agent 2,1,0,2096183,6850,37,kv_cache_write_q8_0_batched,6850,294966951329652,294966951346483,0,0,8,0,128,32,1,1,1024,512,1
KERNEL_DISPATCH,Agent 2,1,0,2096183,6855,39,attention_fa2_q_preconvert_gfx11,6855,294966952100814,294966952178760,0,0,16,0,128,128,1,1,393216,1,1
KERNEL_DISPATCH,Agent 2,1,0,2096183,6860,38,attention_q8_0_fa2_gqa_gfx11,6860,294966953320697,294966954715226,0,0,224,0,128,256,1,1,8192,4,1
KERNEL_DISPATCH,Agent 2,1,0,2096183,6865,37,kv_cache_write_q8_0_batched,6865,294966956659103,294966956673089,0,0,8,0,128,32,1,1,1024,512,1
KERNEL_DISPATCH,Agent 2,1,0,2096183,6870,37,kv_cache_write_q8_0_batched,6870,294966959011664,294966959024088,0,0,8,0,128,32,1,1,1024,512,1
KERNEL_DISPATCH,Agent 2,1,0,2096183,6875,39,attention_fa2_q_preconvert_gfx11,6875,294966961782889,294966961862759,0,0,16,0,128,128,1,1,393216,1,1
KERNEL_DISPATCH,Agent 2,1,0,2096183,6880,38,attention_q8_0_fa2_gqa_gfx11,6880,294966965036376,294966968481702,0,0,224,0,128,256,1,1,8192,4,1
KERNEL_DISPATCH,Agent 2,1,0,2096183,6885,37,kv_cache_write_q8_0_batched,6885,294966972514968,294966972528434,0,0,8,0,128,32,1,1,1024,512,1
KERNEL_DISPATCH,Agent 2,1,0,2096183,6890,37,kv_cache_write_q8_0_batched,6890,294966976894723,294966976908909,0,0,8,0,128,32,1,1,1024,512,1
KERNEL_DISPATCH,Agent 2,1,0,2096183,6895,39,attention_fa2_q_preconvert_gfx11,6895,294966981718067,294966981793208,0,0,16,0,128,128,1,1,393216,1,1
KERNEL_DISPATCH,Agent 2,1,0,2096183,6900,38,attention_q8_0_fa2_gqa_gfx11,6900,294966987040184,294966992583516,0,0,224,0,128,256,1,1,8192,4,1
KERNEL_DISPATCH,Agent 2,1,0,2096183,6905,37,kv_cache_write_q8_0_batched,6905,294966998686614,294966998704608,0,0,8,0,128,32,1,1,1024,512,1
KERNEL_DISPATCH,Agent 2,1,0,2096183,6910,26,gemm_mq4g256v2_residual_iu4_v2b_add_gfx11,6910,294967007147685,294967016956917,0,0,248,0,128,32,16,1,1024,320,1
KERNEL_DISPATCH,Agent 2,1,0,2096183,6915,23,fused_rmsnorm_mq_rotate_awq_i4,6915,294967084100059,294967085276099,0,0,96,0,128,256,1,1,2097152,1,1
KERNEL_DISPATCH,Agent 2,1,0,2096183,6920,21,gdn_chunk_kkt_solve,6920,294967110036425,294967110088482,11776,0,120,0,128,128,1,1,1024,16,1
KERNEL_DISPATCH,Agent 2,1,0,2096183,6925,22,gdn_chunk_scan,6925,294967110839848,294967111154797,60928,0,216,0,128,512,1,1,512,48,1
KERNEL_DISPATCH,Agent 2,1,0,2096183,6930,21,gdn_chunk_kkt_solve,6930,294967111903358,294967111950165,11776,0,120,0,128,128,1,1,1024,16,1
KERNEL_DISPATCH,Agent 2,1,0,2096183,6935,22,gdn_chunk_scan,6935,294967112688426,294967113001572,60928,0,216,0,128,512,1,1,512,48,1
KERNEL_DISPATCH,Agent 2,1,0,2096183,6940,21,gdn_chunk_kkt_solve,6940,294967113743721,294967113789246,11776,0,120,0,128,128,1,1,1024,16,1
KERNEL_DISPATCH,Agent 2,1,0,2096183,6945,22,gdn_chunk_scan,6945,294967114527788,294967114839932,60928,0,216,0,128,512,1,1,512,48,1
KERNEL_DISPATCH,Agent 2,1,0,2096183,6950,21,gdn_chunk_kkt_solve,6950,294967115580517,294967115627125,11776,0,120,0,128,128,1,1,1024,16,1
KERNEL_DISPATCH,Agent 2,1,0,2096183,6955,24,gemm_mq4g256v2_gate_up_silu_iu4_v2b_gfx11,6955,294967128994494,294967169751469,0,0,248,0,128,32,16,1,1024,2176,1
KERNEL_DISPATCH,Agent 2,1,0,2096183,6960,27,gemm_mq4g256v2_residual_iu4_v2b_set_gfx11,6960,294967207928416,294967215324854,0,0,248,0,128,32,16,1,1024,400,1
KERNEL_DISPATCH,Agent 2,1,0,2096183,6965,21,gdn_chunk_kkt_solve,6965,294967221064433,294967221113725,11776,0,120,0,128,128,1,1,1024,16,1
KERNEL_DISPATCH,Agent 2,1,0,2096183,6970,22,gdn_chunk_scan,6970,294967221851866,294967222163650,60928,0,216,0,128,512,1,1,512,48,1
KERNEL_DISPATCH,Agent 2,1,0,2096183,6975,21,gdn_chunk_kkt_solve,6975,294967222904997,294967222948358,11776,0,120,0,128,128,1,1,1024,16,1
KERNEL_DISPATCH,Agent 2,1,0,2096183,6980,22,gdn_chunk_scan,6980,294967223684415,294967224000125,60928,0,216,0,128,512,1,1,512,48,1
KERNEL_DISPATCH,Agent 2,1,0,2096183,6985,21,gdn_chunk_kkt_solve,6985,294967224737786,294967224786356,11776,0,120,0,128,128,1,1,1024,16,1
KERNEL_DISPATCH,Agent 2,1,0,2096183,6990,22,gdn_chunk_scan,6990,294967225523816,294967225836762,60928,0,216,0,128,512,1,1,512,48,1
KERNEL_DISPATCH,Agent 2,1,0,2096183,6995,29,gated_norm_mq_rotate_awq_i4_gfx11,6995,294967226573580,294967228996273,1024,0,48,0,128,64,1,1,1536,8192,1
KERNEL_DISPATCH,Agent 2,1,0,2096183,7000,26,gemm_mq4g256v2_residual_iu4_v2b_add_gfx11,7000,294967283658103,294967305514114,0,0,248,0,128,32,16,1,1024,320,1
KERNEL_DISPATCH,Agent 2,1,0,2096183,7005,20,gdn_chunk_prep,7005,294967328223803,294967331460779,0,0,72,0,128,256,1,1,32768,10,1
KERNEL_DISPATCH,Agent 2,1,0,2096183,7010,21,gdn_chunk_kkt_solve,7010,294967332239236,294967332293337,11776,0,120,0,128,128,1,1,1024,16,1
KERNEL_DISPATCH,Agent 2,1,0,2096183,7015,22,gdn_chunk_scan,7015,294967333054601,294967333366866,60928,0,216,0,128,512,1,1,512,48,1
KERNEL_DISPATCH,Agent 2,1,0,2096183,7020,21,gdn_chunk_kkt_solve,7020,294967334122399,294967334177743,11776,0,120,0,128,128,1,1,1024,16,1
KERNEL_DISPATCH,Agent 2,1,0,2096183,7025,22,gdn_chunk_scan,7025,294967334927305,294967335238808,60928,0,216,0,128,512,1,1,512,48,1
KERNEL_DISPATCH,Agent 2,1,0,2096183,7030,21,gdn_chunk_kkt_solve,7030,294967335997027,294967336048924,11776,0,120,0,128,128,1,1,1024,16,1
KERNEL_DISPATCH,Agent 2,1,0,2096183,6740,21,gdn_chunk_kkt_solve,6740,294966625544362,294966625591571,11776,0,120,0,128,128,1,1,1024,16,1
KERNEL_DISPATCH,Agent 2,1,0,2096183,7035,22,gdn_chunk_scan,7035,294967336802173,294967337114237,60928,0,216,0,128,512,1,1,512,48,1
KERNEL_DISPATCH,Agent 2,1,0,2096183,7040,23,fused_rmsnorm_mq_rotate_awq_i4,7040,294967349312740,294967350501644,0,0,96,0,128,256,1,1,2097152,1,1
KERNEL_DISPATCH,Agent 2,1,0,2096183,7045,27,gemm_mq4g256v2_residual_iu4_v2b_set_gfx11,7045,294967417326350,294967431680726,0,0,248,0,128,32,16,1,1024,768,1
KERNEL_DISPATCH,Agent 2,1,0,2096183,7050,34,rope_partial_halfsplit_batched_f32,7050,294967438452516,294967440717914,0,0,24,0,128,256,1,1,256,8192,1
KERNEL_DISPATCH,Agent 2,1,0,2096183,7055,37,kv_cache_write_q8_0_batched,7055,294967441183786,294967441202661,0,0,8,0,128,32,1,1,1024,512,1
KERNEL_DISPATCH,Agent 2,1,0,2096183,7060,37,kv_cache_write_q8_0_batched,7060,294967441959958,294967441972502,0,0,8,0,128,32,1,1,1024,512,1
KERNEL_DISPATCH,Agent 2,1,0,2096183,7065,39,attention_fa2_q_preconvert_gfx11,7065,294967443099891,294967443180602,0,0,16,0,128,128,1,1,393216,1,1
KERNEL_DISPATCH,Agent 2,1,0,2096183,7070,38,attention_q8_0_fa2_gqa_gfx11,7070,294967444713951,294967446512877,0,0,224,0,128,256,1,1,8192,4,1
KERNEL_DISPATCH,Agent 2,1,0,2096183,7075,37,kv_cache_write_q8_0_batched,7075,294967448881268,294967448894893,0,0,8,0,128,32,1,1,1024,512,1
KERNEL_DISPATCH,Agent 2,1,0,2096183,7080,37,kv_cache_write_q8_0_batched,7080,294967451653174,294967451665837,0,0,8,0,128,32,1,1,1024,512,1
KERNEL_DISPATCH,Agent 2,1,0,2096183,7090,38,attention_q8_0_fa2_gqa_gfx11,7090,294967458559856,294967462447530,0,0,224,0,128,256,1,1,8192,4,1
KERNEL_DISPATCH,Agent 2,1,0,2096183,7095,37,kv_cache_write_q8_0_batched,7095,294967466858382,294967466871927,0,0,8,0,128,32,1,1,1024,512,1
KERNEL_DISPATCH,Agent 2,1,0,2096183,7100,37,kv_cache_write_q8_0_batched,7100,294967471727011,294967471742680,0,0,8,0,128,32,1,1,1024,512,1
KERNEL_DISPATCH,Agent 2,1,0,2096183,7105,39,attention_fa2_q_preconvert_gfx11,7105,294967476983726,294967477058145,0,0,16,0,128,128,1,1,393216,1,1
KERNEL_DISPATCH,Agent 2,1,0,2096183,7110,38,attention_q8_0_fa2_gqa_gfx11,7110,294967482708998,294967488663058,0,0,224,0,128,256,1,1,8192,4,1
KERNEL_DISPATCH,Agent 2,1,0,2096183,7115,40,sigmoid_mul_rotate_x_mq_awq_i4_gfx11,7115,294967495209065,294967497110743,0,0,88,0,128,32,1,1,6291456,1,1
KERNEL_DISPATCH,Agent 2,1,0,2096183,7120,26,gemm_mq4g256v2_residual_iu4_v2b_add_gfx11,7120,294967552245497,294967574149198,0,0,248,0,128,32,16,1,1024,320,1
KERNEL_DISPATCH,Agent 2,1,0,2096183,6810,21,gdn_chunk_kkt_solve,6810,294966843456426,294966843505438,11776,0,120,0,128,128,1,1,1024,16,1
KERNEL_DISPATCH,Agent 2,1,0,2096183,7125,20,gdn_chunk_prep,7125,294967597027442,294967600270149,0,0,72,0,128,256,1,1,32768,10,1
KERNEL_DISPATCH,Agent 2,1,0,2096183,7130,21,gdn_chunk_kkt_solve,7130,294967601046241,294967601094411,11776,0,120,0,128,128,1,1,1024,16,1
KERNEL_DISPATCH,Agent 2,1,0,2096183,7140,21,gdn_chunk_kkt_solve,7140,294967602890812,294967602938341,11776,0,120,0,128,128,1,1,1024,16,1
KERNEL_DISPATCH,Agent 2,1,0,2096183,7145,22,gdn_chunk_scan,7145,294967603675721,294967603991792,60928,0,216,0,128,512,1,1,512,48,1
KERNEL_DISPATCH,Agent 2,1,0,2096183,7150,21,gdn_chunk_kkt_solve,7150,294967604735624,294967604782672,11776,0,120,0,128,128,1,1,1024,16,1
KERNEL_DISPATCH,Agent 2,1,0,2096183,6840,27,gemm_mq4g256v2_residual_iu4_v2b_set_gfx11,6840,294966941907824,294966943300189,0,0,248,0,128,32,16,1,1024,64,1
KERNEL_DISPATCH,Agent 2,1,0,2096183,7155,22,gdn_chunk_scan,7155,294967605517286,294967605827467,60928,0,216,0,128,512,1,1,512,48,1
KERNEL_DISPATCH,Agent 2,1,0,2096183,7165,27,gemm_mq4g256v2_residual_iu4_v2b_set_gfx11,7165,294967685975660,294967697991141,0,0,248,0,128,32,16,1,1024,640,1
KERNEL_DISPATCH,Agent 2,1,0,2096183,7170,22,gdn_chunk_scan,7170,294967710804955,294967711133810,60928,0,216,0,128,512,1,1,512,48,1
KERNEL_DISPATCH,Agent 2,1,0,2096183,7175,21,gdn_chunk_kkt_solve,7175,294967711870909,294967711914992,11776,0,120,0,128,128,1,1,1024,16,1
KERNEL_DISPATCH,Agent 2,1,0,2096183,7180,22,gdn_chunk_scan,7180,294967712649726,294967712962592,60928,0,216,0,128,512,1,1,512,48,1
KERNEL_DISPATCH,Agent 2,1,0,2096183,7185,21,gdn_chunk_kkt_solve,7185,294967713707145,294967713750265,11776,0,120,0,128,128,1,1,1024,16,1
KERNEL_DISPATCH,Agent 2,1,0,2096183,7190,22,gdn_chunk_scan,7190,294967714486322,294967714800711,60928,0,216,0,128,512,1,1,512,48,1
KERNEL_DISPATCH,Agent 2,1,0,2096183,7195,21,gdn_chunk_kkt_solve,7195,294967715538812,294967715583335,11776,0,120,0,128,128,1,1,1024,16,1
KERNEL_DISPATCH,Agent 2,1,0,2096183,7200,22,gdn_chunk_scan,7200,294967716318951,294967716636706,60928,0,216,0,128,512,1,1,512,48,1
KERNEL_DISPATCH,Agent 2,1,0,2096183,7205,30,fused_silu_mul_mq_rotate_awq_i4_hin,7205,294967770633251,294967773642200,0,0,80,0,128,32,1,1,2176,8192,1
KERNEL_DISPATCH,Agent 2,1,0,2096183,7210,28,split_mq4v2_z_betaalpha,7210,294967816331911,294967818363432,0,0,16,0,128,256,1,1,2097152,1,1
KERNEL_DISPATCH,Agent 2,1,0,2096183,7215,22,gdn_chunk_scan,7215,294967822127474,294967822440740,60928,0,216,0,128,512,1,1,512,48,1
KERNEL_DISPATCH,Agent 2,1,0,2096183,7220,21,gdn_chunk_kkt_solve,7220,294967823180564,294967823226771,11776,0,120,0,128,128,1,1,1024,16,1
KERNEL_DISPATCH,Agent 2,1,0,2096183,7225,22,gdn_chunk_scan,7225,294967823966555,294967824277176,60928,0,216,0,128,512,1,1,512,48,1
KERNEL_DISPATCH,Agent 2,1,0,2096183,7230,21,gdn_chunk_kkt_solve,7230,294967825016119,294967825063928,11776,0,120,0,128,128,1,1,1024,16,1
KERNEL_DISPATCH,Agent 2,1,0,2096183,7235,22,gdn_chunk_scan,7235,294967825809082,294967826128480,60928,0,216,0,128,512,1,1,512,48,1
KERNEL_DISPATCH,Agent 2,1,0,2096183,7240,21,gdn_chunk_kkt_solve,7240,294967826878082,294967826925451,11776,0,120,0,128,128,1,1,1024,16,1
KERNEL_DISPATCH,Agent 2,1,0,2096183,7245,26,gemm_mq4g256v2_residual_iu4_v2b_add_gfx11,7245,294967830078430,294967839708968,0,0,248,0,128,32,16,1,1024,320,1
KERNEL_DISPATCH,Agent 2,1,0,2096183,7250,23,fused_rmsnorm_mq_rotate_awq_i4,7250,294967906410363,294967907588247,0,0,96,0,128,256,1,1,2097152,1,1
KERNEL_DISPATCH,Agent 2,1,0,2096183,7255,33,rmsnorm_f32,7255,294967928472360,294967928769516,0,0,16,0,128,256,1,1,8388608,1,1
KERNEL_DISPATCH,Agent 2,1,0,2096183,7260,38,attention_q8_0_fa2_gqa_gfx11,7260,294967931250117,294967931497260,0,0,224,0,128,256,1,1,8192,4,1
KERNEL_DISPATCH,Agent 2,1,0,2096183,7265,37,kv_cache_write_q8_0_batched,7265,294967932277039,294967932291145,0,0,8,0,128,32,1,1,1024,512,1
KERNEL_DISPATCH,Agent 2,1,0,2096183,7270,37,kv_cache_write_q8_0_batched,7270,294967933431078,294967933443621,0,0,8,0,128,32,1,1,1024,512,1
KERNEL_DISPATCH,Agent 2,1,0,2096183,7275,39,attention_fa2_q_preconvert_gfx11,7275,294967934965509,294967935044336,0,0,16,0,128,128,1,1,393216,1,1
KERNEL_DISPATCH,Agent 2,1,0,2096183,7280,38,attention_q8_0_fa2_gqa_gfx11,7280,294967936996469,294967939231731,0,0,224,0,128,256,1,1,8192,4,1
KERNEL_DISPATCH,Agent 2,1,0,2096183,7285,37,kv_cache_write_q8_0_batched,7285,294967942016501,294967942030006,0,0,8,0,128,32,1,1,1024,512,1
KERNEL_DISPATCH,Agent 2,1,0,2096183,7290,37,kv_cache_write_q8_0_batched,7290,294967945207992,294967945221337,0,0,8,0,128,32,1,1,1024,512,1
KERNEL_DISPATCH,Agent 2,1,0,2096183,7295,39,attention_fa2_q_preconvert_gfx11,7295,294967948816143,294967948899899,0,0,16,0,128,128,1,1,393216,1,1
KERNEL_DISPATCH,Agent 2,1,0,2096183,7300,38,attention_q8_0_fa2_gqa_gfx11,7300,294967952917416,294967957201672,0,0,224,0,128,256,1,1,8192,4,1
KERNEL_DISPATCH,Agent 2,1,0,2096183,7305,37,kv_cache_write_q8_0_batched,7305,294967962046656,294967962061123,0,0,8,0,128,32,1,1,1024,512,1
KERNEL_DISPATCH,Agent 2,1,0,2096183,7310,37,kv_cache_write_q8_0_batched,7310,294967967285498,294967967302009,0,0,8,0,128,32,1,1,1024,512,1
KERNEL_DISPATCH,Agent 2,1,0,2096183,7315,39,attention_fa2_q_preconvert_gfx11,7315,294967972951178,294967973024235,0,0,16,0,128,128,1,1,393216,1,1
KERNEL_DISPATCH,Agent 2,1,0,2096183,7320,38,attention_q8_0_fa2_gqa_gfx11,7320,294967979096997,294967985479097,0,0,224,0,128,256,1,1,8192,4,1
KERNEL_DISPATCH,Agent 2,1,0,2096183,7325,30,fused_silu_mul_mq_rotate_awq_i4_hin,7325,294968039254749,294968042274038,0,0,80,0,128,32,1,1,2176,8192,1
KERNEL_DISPATCH,Agent 2,1,0,2096183,7330,28,split_mq4v2_z_betaalpha,7330,294968084857911,294968086885664,0,0,16,0,128,256,1,1,2097152,1,1
KERNEL_DISPATCH,Agent 2,1,0,2096183,7335,22,gdn_chunk_scan,7335,294968090647463,294968090960007,60928,0,216,0,128,512,1,1,512,48,1
KERNEL_DISPATCH,Agent 2,1,0,2096183,7340,21,gdn_chunk_kkt_solve,7340,294968091699872,294968091747801,11776,0,120,0,128,128,1,1,1024,16,1
KERNEL_DISPATCH,Agent 2,1,0,2096183,7345,22,gdn_chunk_scan,7345,294968092478128,294968092794960,60928,0,216,0,128,512,1,1,512,48,1
KERNEL_DISPATCH,Agent 2,1,0,2096183,7350,21,gdn_chunk_kkt_solve,7350,294968093530777,294968093575461,11776,0,120,0,128,128,1,1,1024,16,1
KERNEL_DISPATCH,Agent 2,1,0,2096183,7355,22,gdn_chunk_scan,7355,294968094324823,294968094635965,60928,0,216,0,128,512,1,1,512,48,1
KERNEL_DISPATCH,Agent 2,1,0,2096183,7360,21,gdn_chunk_kkt_solve,7360,294968095374106,294968095420633,11776,0,120,0,128,128,1,1,1024,16,1
KERNEL_DISPATCH,Agent 2,1,0,2096183,7365,26,gemm_mq4g256v2_residual_iu4_v2b_add_gfx11,7365,294968098552292,294968108060401,0,0,248,0,128,32,16,1,1024,320,1
KERNEL_DISPATCH,Agent 2,1,0,2096183,7085,39,attention_fa2_q_preconvert_gfx11,7085,294967454859533,294967454937599,0,0,16,0,128,128,1,1,393216,1,1
KERNEL_DISPATCH,Agent 2,1,0,2096183,7370,23,fused_rmsnorm_mq_rotate_awq_i4,7370,294968174863306,294968176037704,0,0,96,0,128,256,1,1,2097152,1,1
KERNEL_DISPATCH,Agent 2,1,0,2096183,7375,21,gdn_chunk_kkt_solve,7375,294968200730302,294968200782360,11776,0,120,0,128,128,1,1,1024,16,1
KERNEL_DISPATCH,Agent 2,1,0,2096183,7380,22,gdn_chunk_scan,7380,294968201536851,294968201849877,60928,0,216,0,128,512,1,1,512,48,1
KERNEL_DISPATCH,Agent 2,1,0,2096183,7385,21,gdn_chunk_kkt_solve,7385,294968202591545,294968202637911,11776,0,120,0,128,128,1,1,1024,16,1
KERNEL_DISPATCH,Agent 2,1,0,2096183,7395,21,gdn_chunk_kkt_solve,7395,294968204433471,294968204482282,11776,0,120,0,128,128,1,1,1024,16,1
KERNEL_DISPATCH,Agent 2,1,0,2096183,7400,22,gdn_chunk_scan,7400,294968205221265,294968205533729,60928,0,216,0,128,512,1,1,512,48,1
KERNEL_DISPATCH,Agent 2,1,0,2096183,7405,21,gdn_chunk_kkt_solve,7405,294968206276078,294968206321042,11776,0,120,0,128,128,1,1,1024,16,1
KERNEL_DISPATCH,Agent 2,1,0,2096183,7410,24,gemm_mq4g256v2_gate_up_silu_iu4_v2b_gfx11,7410,294968219900048,294968260703830,0,0,248,0,128,32,16,1,1024,2176,1
KERNEL_DISPATCH,Agent 2,1,0,2096183,7415,27,gemm_mq4g256v2_residual_iu4_v2b_set_gfx11,7415,294968298777664,294968306138156,0,0,248,0,128,32,16,1,1024,400,1
KERNEL_DISPATCH,Agent 2,1,0,2096183,7420,21,gdn_chunk_kkt_solve,7420,294968311833171,294968311882423,11776,0,120,0,128,128,1,1,1024,16,1
KERNEL_DISPATCH,Agent 2,1,0,2096183,7135,22,gdn_chunk_scan,7135,294967601833835,294967602142733,60928,0,216,0,128,512,1,1,512,48,1
KERNEL_DISPATCH,Agent 2,1,0,2096183,7425,22,gdn_chunk_scan,7425,294968312629941,294968312939360,60928,0,216,0,128,512,1,1,512,48,1
KERNEL_DISPATCH,Agent 2,1,0,2096183,7430,21,gdn_chunk_kkt_solve,7430,294968313689043,294968313736452,11776,0,120,0,128,128,1,1,1024,16,1
KERNEL_DISPATCH,Agent 2,1,0,2096183,7435,22,gdn_chunk_scan,7435,294968314477759,294968314792147,60928,0,216,0,128,512,1,1,512,48,1
KERNEL_DISPATCH,Agent 2,1,0,2096183,7440,21,gdn_chunk_kkt_solve,7440,294968315543152,294968315591202,11776,0,120,0,128,128,1,1,1024,16,1
KERNEL_DISPATCH,Agent 2,1,0,2096183,7445,22,gdn_chunk_scan,7445,294968316327740,294968316641206,60928,0,216,0,128,512,1,1,512,48,1
KERNEL_DISPATCH,Agent 2,1,0,2096183,7450,29,gated_norm_mq_rotate_awq_i4_gfx11,7450,294968317388084,294968319840512,1024,0,48,0,128,64,1,1,1536,8192,1
KERNEL_DISPATCH,Agent 2,1,0,2096183,7455,26,gemm_mq4g256v2_residual_iu4_v2b_add_gfx11,7455,294968374410851,294968396211479,0,0,248,0,128,32,16,1,1024,320,1
KERNEL_DISPATCH,Agent 2,1,0,2096183,7460,31,deinterleave_q_rmsnorm_f32_batched,7460,294968414729325,294968418290908,0,0,24,0,128,256,1,1,6144,8192,1
KERNEL_DISPATCH,Agent 2,1,0,2096183,7465,39,attention_fa2_q_preconvert_gfx11,7465,294968420937420,294968421082732,0,0,16,0,128,128,1,1,393216,1,1
KERNEL_DISPATCH,Agent 2,1,0,2096183,7160,23,fused_rmsnorm_mq_rotate_awq_i4,7160,294967618086603,294967619252745,0,0,96,0,128,256,1,1,2097152,1,1
KERNEL_DISPATCH,Agent 2,1,0,2096183,7470,38,attention_q8_0_fa2_gqa_gfx11,7470,294968421475266,294968422095907,0,0,224,0,128,256,1,1,8192,4,1
KERNEL_DISPATCH,Agent 2,1,0,2096183,7475,37,kv_cache_write_q8_0_batched,7475,294968423237363,294968423251068,0,0,8,0,128,32,1,1,1024,512,1
KERNEL_DISPATCH,Agent 2,1,0,2096183,7480,37,kv_cache_write_q8_0_batched,7480,294968424796560,294968424808823,0,0,8,0,128,32,1,1,1024,512,1
KERNEL_DISPATCH,Agent 2,1,0,2096183,7485,39,attention_fa2_q_preconvert_gfx11,7485,294968426768249,294968426848038,0,0,16,0,128,128,1,1,393216,1,1
KERNEL_DISPATCH,Agent 2,1,0,2096183,7490,38,attention_q8_0_fa2_gqa_gfx11,7490,294968429202243,294968431843064,0,0,224,0,128,256,1,1,8192,4,1
KERNEL_DISPATCH,Agent 2,1,0,2096183,7495,37,kv_cache_write_q8_0_batched,7495,294968435032992,294968435046497,0,0,8,0,128,32,1,1,1024,512,1
KERNEL_DISPATCH,Agent 2,1,0,2096183,7500,37,kv_cache_write_q8_0_batched,7500,294968438657894,294968438672842,0,0,8,0,128,32,1,1,1024,512,1
KERNEL_DISPATCH,Agent 2,1,0,2096183,7505,39,attention_fa2_q_preconvert_gfx11,7505,294968442697211,294968442775157,0,0,16,0,128,128,1,1,393216,1,1
KERNEL_DISPATCH,Agent 2,1,0,2096183,7510,38,attention_q8_0_fa2_gqa_gfx11,7510,294968447170581,294968451837072,0,0,224,0,128,256,1,1,8192,4,1
KERNEL_DISPATCH,Agent 2,1,0,2096183,7515,37,kv_cache_write_q8_0_batched,7515,294968457081403,294968457097073,0,0,8,0,128,32,1,1,1024,512,1
KERNEL_DISPATCH,Agent 2,1,0,2096183,7520,37,kv_cache_write_q8_0_batched,7520,294968462768363,294968462784594,0,0,8,0,128,32,1,1,1024,512,1
KERNEL_DISPATCH,Agent 2,1,0,2096183,7530,24,gemm_mq4g256v2_gate_up_silu_iu4_v2b_gfx11,7530,294968488161994,294968529185547,0,0,248,0,128,32,16,1,1024,2176,1
KERNEL_DISPATCH,Agent 2,1,0,2096183,7525,39,attention_fa2_q_preconvert_gfx11,7525,294968468884086,294968468952213,0,0,16,0,128,128,1,1,393216,1,1
KERNEL_DISPATCH,Agent 2,1,0,2096183,7545,22,gdn_chunk_scan,7545,294968581352028,294968581666336,60928,0,216,0,128,512,1,1,512,48,1
KERNEL_DISPATCH,Agent 2,1,0,2096183,7550,21,gdn_chunk_kkt_solve,7550,294968582411851,294968582457176,11776,0,120,0,128,128,1,1,1024,16,1
KERNEL_DISPATCH,Agent 2,1,0,2096183,7555,22,gdn_chunk_scan,7555,294968583187462,294968583500648,60928,0,216,0,128,512,1,1,512,48,1
KERNEL_DISPATCH,Agent 2,1,0,2096183,7560,21,gdn_chunk_kkt_solve,7560,294968584241474,294968584288282,11776,0,120,0,128,128,1,1,1024,16,1
KERNEL_DISPATCH,Agent 2,1,0,2096183,5835,37,kv_cache_write_q8_0_batched,5835,294964515866573,294964515880118,0,0,8,0,128,32,1,1,1024,512,1
KERNEL_DISPATCH,Agent 2,1,0,2096183,7565,22,gdn_chunk_scan,7565,294968585024018,294968585338406,60928,0,216,0,128,512,1,1,512,48,1
KERNEL_DISPATCH,Agent 2,1,0,2096183,7570,29,gated_norm_mq_rotate_awq_i4_gfx11,7570,294968586073101,294968588496715,1024,0,48,0,128,64,1,1,1536,8192,1
KERNEL_DISPATCH,Agent 2,1,0,2096183,7575,26,gemm_mq4g256v2_residual_iu4_v2b_add_gfx11,7575,294968643362046,294968665147806,0,0,248,0,128,32,16,1,1024,320,1
KERNEL_DISPATCH,Agent 2,1,0,2096183,7580,20,gdn_chunk_prep,7580,294968687829002,294968691056199,0,0,72,0,128,256,1,1,32768,10,1
KERNEL_DISPATCH,Agent 2,1,0,2096183,7585,21,gdn_chunk_kkt_solve,7585,294968691824437,294968691869521,11776,0,120,0,128,128,1,1,1024,16,1
KERNEL_DISPATCH,Agent 2,1,0,2096183,7590,22,gdn_chunk_scan,7590,294968692606219,294968692915598,60928,0,216,0,128,512,1,1,512,48,1
KERNEL_DISPATCH,Agent 2,1,0,2096183,7595,21,gdn_chunk_kkt_solve,7595,294968693659590,294968693705035,11776,0,120,0,128,128,1,1,1024,16,1
KERNEL_DISPATCH,Agent 2,1,0,2096183,7600,22,gdn_chunk_scan,7600,294968694441894,294968694755801,60928,0,216,0,128,512,1,1,512,48,1
KERNEL_DISPATCH,Agent 2,1,0,2096183,7605,21,gdn_chunk_kkt_solve,7605,294968695496868,294968695541992,11776,0,120,0,128,128,1,1,1024,16,1
KERNEL_DISPATCH,Agent 2,1,0,2096183,7610,22,gdn_chunk_scan,7610,294968696287547,294968696598769,60928,0,216,0,128,512,1,1,512,48,1
KERNEL_DISPATCH,Agent 2,1,0,2096183,7615,23,fused_rmsnorm_mq_rotate_awq_i4,7615,294968708891208,294968710047571,0,0,96,0,128,256,1,1,2097152,1,1
KERNEL_DISPATCH,Agent 2,1,0,2096183,7620,27,gemm_mq4g256v2_residual_iu4_v2b_set_gfx11,7620,294968776945334,294968788965784,0,0,248,0,128,32,16,1,1024,640,1
KERNEL_DISPATCH,Agent 2,1,0,2096183,7625,22,gdn_chunk_scan,7625,294968801663220,294968801994440,60928,0,216,0,128,512,1,1,512,48,1
KERNEL_DISPATCH,Agent 2,1,0,2096183,7630,21,gdn_chunk_kkt_solve,7630,294968802736107,294968802779589,11776,0,120,0,128,128,1,1,1024,16,1
KERNEL_DISPATCH,Agent 2,1,0,2096183,7635,22,gdn_chunk_scan,7635,294968803519293,294968803834763,60928,0,216,0,128,512,1,1,512,48,1
KERNEL_DISPATCH,Agent 2,1,0,2096183,7640,21,gdn_chunk_kkt_solve,7640,294968804570459,294968804615584,11776,0,120,0,128,128,1,1,1024,16,1
KERNEL_DISPATCH,Agent 2,1,0,2096183,7645,22,gdn_chunk_scan,7645,294968805349557,294968805664146,60928,0,216,0,128,512,1,1,512,48,1
KERNEL_DISPATCH,Agent 2,1,0,2096183,7650,21,gdn_chunk_kkt_solve,7650,294968806401445,294968806446529,11776,0,120,0,128,128,1,1,1024,16,1
KERNEL_DISPATCH,Agent 2,1,0,2096183,7655,22,gdn_chunk_scan,7655,294968807180583,294968807491124,60928,0,216,0,128,512,1,1,512,48,1
KERNEL_DISPATCH,Agent 2,1,0,2096183,7660,30,fused_silu_mul_mq_rotate_awq_i4_hin,7660,294968861486306,294968864490888,0,0,80,0,128,32,1,1,2176,8192,1
KERNEL_DISPATCH,Agent 2,1,0,2096183,7665,27,gemm_mq4g256v2_residual_iu4_v2b_set_gfx11,7665,294968903457553,294968904870757,0,0,248,0,128,32,16,1,1024,64,1
KERNEL_DISPATCH,Agent 2,1,0,2096183,7670,37,kv_cache_write_q8_0_batched,7670,294968911059736,294968911082859,0,0,8,0,128,32,1,1,1024,512,1
KERNEL_DISPATCH,Agent 2,1,0,2096183,7675,39,attention_fa2_q_preconvert_gfx11,7675,294968911534184,294968911625314,0,0,16,0,128,128,1,1,393216,1,1
KERNEL_DISPATCH,Agent 2,1,0,2096183,7680,38,attention_q8_0_fa2_gqa_gfx11,7680,294968912373754,294968913375749,0,0,224,0,128,256,1,1,8192,4,1
KERNEL_DISPATCH,Agent 2,1,0,2096183,7685,37,kv_cache_write_q8_0_batched,7685,294968914912264,294968914926050,0,0,8,0,128,32,1,1,1024,512,1
KERNEL_DISPATCH,Agent 2,1,0,2096183,7690,37,kv_cache_write_q8_0_batched,7690,294968916853095,294968916865719,0,0,8,0,128,32,1,1,1024,512,1
KERNEL_DISPATCH,Agent 2,1,0,2096183,7695,39,attention_fa2_q_preconvert_gfx11,7695,294968919215154,294968919294543,0,0,16,0,128,128,1,1,393216,1,1
KERNEL_DISPATCH,Agent 2,1,0,2096183,7700,38,attention_q8_0_fa2_gqa_gfx11,7700,294968922075506,294968925131423,0,0,224,0,128,256,1,1,8192,4,1
KERNEL_DISPATCH,Agent 2,1,0,2096183,7705,37,kv_cache_write_q8_0_batched,7705,294968928720859,294968928734925,0,0,8,0,128,32,1,1,1024,512,1
KERNEL_DISPATCH,Agent 2,1,0,2096183,7710,37,kv_cache_write_q8_0_batched,7710,294968932771237,294968932785384,0,0,8,0,128,32,1,1,1024,512,1
KERNEL_DISPATCH,Agent 2,1,0,2096183,7715,39,attention_fa2_q_preconvert_gfx11,7715,294968937185336,294968937260156,0,0,16,0,128,128,1,1,393216,1,1
KERNEL_DISPATCH,Agent 2,1,0,2096183,7720,38,attention_q8_0_fa2_gqa_gfx11,7720,294968942101974,294968947219148,0,0,224,0,128,256,1,1,8192,4,1
KERNEL_DISPATCH,Agent 2,1,0,2096183,7725,37,kv_cache_write_q8_0_batched,7725,294968952931155,294968952948067,0,0,8,0,128,32,1,1,1024,512,1
KERNEL_DISPATCH,Agent 2,1,0,2096183,7730,37,kv_cache_write_q8_0_batched,7730,294968959056015,294968959071363,0,0,8,0,128,32,1,1,1024,512,1
KERNEL_DISPATCH,Agent 2,1,0,2096183,7735,23,fused_rmsnorm_mq_rotate_awq_i4,7735,294968976866457,294968978038009,0,0,96,0,128,256,1,1,2097152,1,1
KERNEL_DISPATCH,Agent 2,1,0,2096183,7740,27,gemm_mq4g256v2_residual_iu4_v2b_set_gfx11,7740,294969045402846,294969057559670,0,0,248,0,128,32,16,1,1024,640,1
KERNEL_DISPATCH,Agent 2,1,0,2096183,7745,22,gdn_chunk_scan,7745,294969070404142,294969070741934,60928,0,216,0,128,512,1,1,512,48,1
KERNEL_DISPATCH,Agent 2,1,0,2096183,7750,21,gdn_chunk_kkt_solve,7750,294969071494141,294969071544235,11776,0,120,0,128,128,1,1,1024,16,1
KERNEL_DISPATCH,Agent 2,1,0,2096183,7755,22,gdn_chunk_scan,7755,294969072285542,294969072601693,60928,0,216,0,128,512,1,1,512,48,1
KERNEL_DISPATCH,Agent 2,1,0,2096183,7760,21,gdn_chunk_kkt_solve,7760,294969073350735,294969073399747,11776,0,120,0,128,128,1,1,1024,16,1
KERNEL_DISPATCH,Agent 2,1,0,2096183,7765,22,gdn_chunk_scan,7765,294969074142176,294969074456243,60928,0,216,0,128,512,1,1,512,48,1
KERNEL_DISPATCH,Agent 2,1,0,2096183,7770,21,gdn_chunk_kkt_solve,7770,294969075200596,294969075250329,11776,0,120,0,128,128,1,1,1024,16,1
KERNEL_DISPATCH,Agent 2,1,0,2096183,7775,22,gdn_chunk_scan,7775,294969075992037,294969076303740,60928,0,216,0,128,512,1,1,512,48,1
KERNEL_DISPATCH,Agent 2,1,0,2096183,7780,30,fused_silu_mul_mq_rotate_awq_i4_hin,7780,294969130782788,294969133794623,0,0,80,0,128,32,1,1,2176,8192,1
KERNEL_DISPATCH,Agent 2,1,0,2096183,7785,28,split_mq4v2_z_betaalpha,7785,294969176421936,294969178457144,0,0,16,0,128,256,1,1,2097152,1,1
KERNEL_DISPATCH,Agent 2,1,0,2096183,7790,22,gdn_chunk_scan,7790,294969182245231,294969182559179,60928,0,216,0,128,512,1,1,512,48,1
KERNEL_DISPATCH,Agent 2,1,0,2096183,7795,21,gdn_chunk_kkt_solve,7795,294969183299163,294969183346652,11776,0,120,0,128,128,1,1,1024,16,1
KERNEL_DISPATCH,Agent 2,1,0,2096183,7800,22,gdn_chunk_scan,7800,294969184080184,294969184396536,60928,0,216,0,128,512,1,1,512,48,1
KERNEL_DISPATCH,Agent 2,1,0,2096183,7805,21,gdn_chunk_kkt_solve,7805,294969185141330,294969185190141,11776,0,120,0,128,128,1,1,1024,16,1
KERNEL_DISPATCH,Agent 2,1,0,2096183,7810,22,gdn_chunk_scan,7810,294969185925998,294969186241749,60928,0,216,0,128,512,1,1,512,48,1
KERNEL_DISPATCH,Agent 2,1,0,2096183,7815,21,gdn_chunk_kkt_solve,7815,294969186982695,294969187028661,11776,0,120,0,128,128,1,1,1024,16,1
KERNEL_DISPATCH,Agent 2,1,0,2096183,7825,23,fused_rmsnorm_mq_rotate_awq_i4,7825,294969266592241,294969267768041,0,0,96,0,128,256,1,1,2097152,1,1
KERNEL_DISPATCH,Agent 2,1,0,2096183,7820,26,gemm_mq4g256v2_residual_iu4_v2b_add_gfx11,7820,294969190175589,294969199794545,0,0,248,0,128,32,16,1,1024,320,1
KERNEL_DISPATCH,Agent 2,1,0,2096183,7830,21,gdn_chunk_kkt_solve,7830,294969292503760,294969292555136,11776,0,120,0,128,128,1,1,1024,16,1
KERNEL_DISPATCH,Agent 2,1,0,2096183,7835,22,gdn_chunk_scan,7835,294969293316881,294969293633033,60928,0,216,0,128,512,1,1,512,48,1
KERNEL_DISPATCH,Agent 2,1,0,2096183,7840,21,gdn_chunk_kkt_solve,7840,294969294378828,294969294426598,11776,0,120,0,128,128,1,1,1024,16,1
KERNEL_DISPATCH,Agent 2,1,0,2096183,7850,21,gdn_chunk_kkt_solve,7850,294969296222357,294969296269005,11776,0,120,0,128,128,1,1,1024,16,1
KERNEL_DISPATCH,Agent 2,1,0,2096183,7855,22,gdn_chunk_scan,7855,294969297005743,294969297317927,60928,0,216,0,128,512,1,1,512,48,1
KERNEL_DISPATCH,Agent 2,1,0,2096183,7860,21,gdn_chunk_kkt_solve,7860,294969298052141,294969298099910,11776,0,120,0,128,128,1,1,1024,16,1
KERNEL_DISPATCH,Agent 2,1,0,2096183,7865,24,gemm_mq4g256v2_gate_up_silu_iu4_v2b_gfx11,7865,294969311464194,294969352299355,0,0,248,0,128,32,16,1,1024,2176,1
KERNEL_DISPATCH,Agent 2,1,0,2096183,7870,27,gemm_mq4g256v2_residual_iu4_v2b_set_gfx11,7870,294969392709560,294969394173459,0,0,248,0,128,32,16,1,1024,64,1
KERNEL_DISPATCH,Agent 2,1,0,2096183,7875,37,kv_cache_write_q8_0_batched,7875,294969401791953,294969401813594,0,0,8,0,128,32,1,1,1024,512,1
KERNEL_DISPATCH,Agent 2,1,0,2096183,7880,37,kv_cache_write_q8_0_batched,7880,294969402272693,294969402288602,0,0,8,0,128,32,1,1,1024,512,1
KERNEL_DISPATCH,Agent 2,1,0,2096183,7885,39,attention_fa2_q_preconvert_gfx11,7885,294969403050187,294969403127532,0,0,16,0,128,128,1,1,393216,1,1
KERNEL_DISPATCH,Agent 2,1,0,2096183,7890,38,attention_q8_0_fa2_gqa_gfx11,7890,294969404269188,294969405680068,0,0,224,0,128,256,1,1,8192,4,1
KERNEL_DISPATCH,Agent 2,1,0,2096183,7895,37,kv_cache_write_q8_0_batched,7895,294969407638973,294969407652919,0,0,8,0,128,32,1,1,1024,512,1
KERNEL_DISPATCH,Agent 2,1,0,2096183,7900,37,kv_cache_write_q8_0_batched,7900,294969410016180,294969410028924,0,0,8,0,128,32,1,1,1024,512,1
KERNEL_DISPATCH,Agent 2,1,0,2096183,7905,39,attention_fa2_q_preconvert_gfx11,7905,294969412774581,294969412854370,0,0,16,0,128,128,1,1,393216,1,1
KERNEL_DISPATCH,Agent 2,1,0,2096183,7910,38,attention_q8_0_fa2_gqa_gfx11,7910,294969416048627,294969419536192,0,0,224,0,128,256,1,1,8192,4,1
KERNEL_DISPATCH,Agent 2,1,0,2096183,7915,37,kv_cache_write_q8_0_batched,7915,294969423581761,294969423599995,0,0,8,0,128,32,1,1,1024,512,1
KERNEL_DISPATCH,Agent 2,1,0,2096183,7920,37,kv_cache_write_q8_0_batched,7920,294969428003514,294969428017941,0,0,8,0,128,32,1,1,1024,512,1
KERNEL_DISPATCH,Agent 2,1,0,2096183,7925,39,attention_fa2_q_preconvert_gfx11,7925,294969432834312,294969432908370,0,0,16,0,128,128,1,1,393216,1,1
KERNEL_DISPATCH,Agent 2,1,0,2096183,7930,38,attention_q8_0_fa2_gqa_gfx11,7930,294969438158393,294969443718235,0,0,224,0,128,256,1,1,8192,4,1
KERNEL_DISPATCH,Agent 2,1,0,2096183,7935,37,kv_cache_write_q8_0_batched,7935,294969449844938,294969449861088,0,0,8,0,128,32,1,1,1024,512,1
KERNEL_DISPATCH,Agent 2,1,0,2096183,7940,26,gemm_mq4g256v2_residual_iu4_v2b_add_gfx11,7940,294969458336666,294969468209938,0,0,248,0,128,32,16,1,1024,320,1
KERNEL_DISPATCH,Agent 2,1,0,2096183,7945,23,fused_rmsnorm_mq_rotate_awq_i4,7945,294969536007344,294969537176852,0,0,96,0,128,256,1,1,2097152,1,1
KERNEL_DISPATCH,Agent 2,1,0,2096183,7950,21,gdn_chunk_kkt_solve,7950,294969562094592,294969562147130,11776,0,120,0,128,128,1,1,1024,16,1
KERNEL_DISPATCH,Agent 2,1,0,2096183,7955,22,gdn_chunk_scan,7955,294969562895090,294969563211682,60928,0,216,0,128,512,1,1,512,48,1
KERNEL_DISPATCH,Agent 2,1,0,2096183,7960,21,gdn_chunk_kkt_solve,7960,294969563957517,294969564006609,11776,0,120,0,128,128,1,1,1024,16,1
KERNEL_DISPATCH,Agent 2,1,0,2096183,7970,21,gdn_chunk_kkt_solve,7970,294969565804413,294969565851260,11776,0,120,0,128,128,1,1,1024,16,1
KERNEL_DISPATCH,Agent 2,1,0,2096183,7965,22,gdn_chunk_scan,7965,294969564747876,294969565061823,60928,0,216,0,128,512,1,1,512,48,1
KERNEL_DISPATCH,Agent 2,1,0,2096183,7975,22,gdn_chunk_scan,7975,294969566590724,294969566903149,60928,0,216,0,128,512,1,1,512,48,1
KERNEL_DISPATCH,Agent 2,1,0,2096183,7980,21,gdn_chunk_kkt_solve,7980,294969567643814,294969567690261,11776,0,120,0,128,128,1,1,1024,16,1
KERNEL_DISPATCH,Agent 2,1,0,2096183,7985,24,gemm_mq4g256v2_gate_up_silu_iu4_v2b_gfx11,7985,294969581287982,294969622292580,0,0,248,0,128,32,16,1,1024,2176,1
KERNEL_DISPATCH,Agent 2,1,0,2096183,7995,21,gdn_chunk_kkt_solve,7995,294969673759432,294969673807642,11776,0,120,0,128,128,1,1,1024,16,1
KERNEL_DISPATCH,Agent 2,1,0,2096183,8005,21,gdn_chunk_kkt_solve,8005,294969675596749,294969675640311,11776,0,120,0,128,128,1,1,1024,16,1
KERNEL_DISPATCH,Agent 2,1,0,2096183,8010,22,gdn_chunk_scan,8010,294969676373362,294969676687630,60928,0,216,0,128,512,1,1,512,48,1
KERNEL_DISPATCH,Agent 2,1,0,2096183,8015,21,gdn_chunk_kkt_solve,8015,294969677435189,294969677479632,11776,0,120,0,128,128,1,1,1024,16,1
KERNEL_DISPATCH,Agent 2,1,0,2096183,8020,22,gdn_chunk_scan,8020,294969678211722,294969678525469,60928,0,216,0,128,512,1,1,512,48,1
KERNEL_DISPATCH,Agent 2,1,0,2096183,8025,29,gated_norm_mq_rotate_awq_i4_gfx11,8025,294969679261125,294969681702292,1024,0,48,0,128,64,1,1,1536,8192,1
KERNEL_DISPATCH,Agent 2,1,0,2096183,8030,26,gemm_mq4g256v2_residual_iu4_v2b_add_gfx11,8030,294969736406121,294969758280607,0,0,248,0,128,32,16,1,1024,320,1
KERNEL_DISPATCH,Agent 2,1,0,2096183,8035,20,gdn_chunk_prep,8035,294969781060828,294969784335154,0,0,72,0,128,256,1,1,32768,10,1
KERNEL_DISPATCH,Agent 2,1,0,2096183,8040,21,gdn_chunk_kkt_solve,8040,294969785107639,294969785156330,11776,0,120,0,128,128,1,1,1024,16,1
KERNEL_DISPATCH,Agent 2,1,0,2096183,8045,22,gdn_chunk_scan,8045,294969785895794,294969786206254,60928,0,216,0,128,512,1,1,512,48,1
KERNEL_DISPATCH,Agent 2,1,0,2096183,8050,21,gdn_chunk_kkt_solve,8050,294969786951890,294969787004468,11776,0,120,0,128,128,1,1,1024,16,1
KERNEL_DISPATCH,Agent 2,1,0,2096183,8055,22,gdn_chunk_scan,8055,294969787743571,294969788059081,60928,0,216,0,128,512,1,1,512,48,1
KERNEL_DISPATCH,Agent 2,1,0,2096183,8060,21,gdn_chunk_kkt_solve,8060,294969788811849,294969788859218,11776,0,120,0,128,128,1,1,1024,16,1
KERNEL_DISPATCH,Agent 2,1,0,2096183,8065,22,gdn_chunk_scan,8065,294969789600605,294969789915154,60928,0,216,0,128,512,1,1,512,48,1
KERNEL_DISPATCH,Agent 2,1,0,2096183,8070,23,fused_rmsnorm_mq_rotate_awq_i4,8070,294969802373543,294969803550064,0,0,96,0,128,256,1,1,2097152,1,1
KERNEL_DISPATCH,Agent 2,1,0,2096183,8075,27,gemm_mq4g256v2_residual_iu4_v2b_set_gfx11,8075,294969870596946,294969885107374,0,0,248,0,128,32,16,1,1024,768,1
KERNEL_DISPATCH,Agent 2,1,0,2096183,8080,34,rope_partial_halfsplit_batched_f32,8080,294969891872311,294969894135185,0,0,24,0,128,256,1,1,256,8192,1
KERNEL_DISPATCH,Agent 2,1,0,2096183,8085,37,kv_cache_write_q8_0_batched,8085,294969894622055,294969894641893,0,0,8,0,128,32,1,1,1024,512,1
KERNEL_DISPATCH,Agent 2,1,0,2096183,8090,37,kv_cache_write_q8_0_batched,8090,294969895427963,294969895440507,0,0,8,0,128,32,1,1,1024,512,1
KERNEL_DISPATCH,Agent 2,1,0,2096183,8095,39,attention_fa2_q_preconvert_gfx11,8095,294969896582042,294969896663074,0,0,16,0,128,128,1,1,393216,1,1
KERNEL_DISPATCH,Agent 2,1,0,2096183,8100,38,attention_q8_0_fa2_gqa_gfx11,8100,294969898197104,294969900000719,0,0,224,0,128,256,1,1,8192,4,1
KERNEL_DISPATCH,Agent 2,1,0,2096183,8105,37,kv_cache_write_q8_0_batched,8105,294969902362017,294969902375482,0,0,8,0,128,32,1,1,1024,512,1
KERNEL_DISPATCH,Agent 2,1,0,2096183,8110,37,kv_cache_write_q8_0_batched,8110,294969905125868,294969905138772,0,0,8,0,128,32,1,1,1024,512,1
KERNEL_DISPATCH,Agent 2,1,0,2096183,8115,39,attention_fa2_q_preconvert_gfx11,8115,294969908320725,294969908399152,0,0,16,0,128,128,1,1,393216,1,1
KERNEL_DISPATCH,Agent 2,1,0,2096183,8120,38,attention_q8_0_fa2_gqa_gfx11,8120,294969912013835,294969915925353,0,0,224,0,128,256,1,1,8192,4,1
KERNEL_DISPATCH,Agent 2,1,0,2096183,8125,37,kv_cache_write_q8_0_batched,8125,294969920363817,294969920377643,0,0,8,0,128,32,1,1,1024,512,1
KERNEL_DISPATCH,Agent 2,1,0,2096183,7845,22,gdn_chunk_scan,7845,294969295163456,294969295473877,60928,0,216,0,128,512,1,1,512,48,1
KERNEL_DISPATCH,Agent 2,1,0,2096183,8135,39,attention_fa2_q_preconvert_gfx11,8135,294969930479703,294969930551678,0,0,16,0,128,128,1,1,393216,1,1
KERNEL_DISPATCH,Agent 2,1,0,2096183,8140,38,attention_q8_0_fa2_gqa_gfx11,8140,294969936217278,294969942229006,0,0,224,0,128,256,1,1,8192,4,1
KERNEL_DISPATCH,Agent 2,1,0,2096183,8145,40,sigmoid_mul_rotate_x_mq_awq_i4_gfx11,8145,294969948768321,294969950677332,0,0,88,0,128,32,1,1,6291456,1,1
KERNEL_DISPATCH,Agent 2,1,0,2096183,8150,26,gemm_mq4g256v2_residual_iu4_v2b_add_gfx11,8150,294970005822426,294970028073096,0,0,248,0,128,32,16,1,1024,320,1
KERNEL_DISPATCH,Agent 2,1,0,2096183,8155,20,gdn_chunk_prep,8155,294970050941281,294970054213564,0,0,72,0,128,256,1,1,32768,10,1
KERNEL_DISPATCH,Agent 2,1,0,2096183,8160,21,gdn_chunk_kkt_solve,8160,294970054984486,294970055031855,11776,0,120,0,128,128,1,1,1024,16,1
KERNEL_DISPATCH,Agent 2,1,0,2096183,8165,22,gdn_chunk_scan,8165,294970055774604,294970056086508,60928,0,216,0,128,512,1,1,512,48,1
KERNEL_DISPATCH,Agent 2,1,0,2096183,8170,21,gdn_chunk_kkt_solve,8170,294970056831141,294970056878430,11776,0,120,0,128,128,1,1,1024,16,1
KERNEL_DISPATCH,Agent 2,1,0,2096183,8175,22,gdn_chunk_scan,8175,294970057608836,294970057919137,60928,0,216,0,128,512,1,1,512,48,1
KERNEL_DISPATCH,Agent 2,1,0,2096183,8180,21,gdn_chunk_kkt_solve,8180,294970058660884,294970058705889,11776,0,120,0,128,128,1,1,1024,16,1
KERNEL_DISPATCH,Agent 2,1,0,2096183,8185,22,gdn_chunk_scan,8185,294970059444070,294970059755973,60928,0,216,0,128,512,1,1,512,48,1
KERNEL_DISPATCH,Agent 2,1,0,2096183,8190,23,fused_rmsnorm_mq_rotate_awq_i4,8190,294970072298760,294970073461335,0,0,96,0,128,256,1,1,2097152,1,1
KERNEL_DISPATCH,Agent 2,1,0,2096183,8195,27,gemm_mq4g256v2_residual_iu4_v2b_set_gfx11,8195,294970140582236,294970152643281,0,0,248,0,128,32,16,1,1024,640,1
KERNEL_DISPATCH,Agent 2,1,0,2096183,8200,22,gdn_chunk_scan,8200,294970165466994,294970165800257,60928,0,216,0,128,512,1,1,512,48,1
KERNEL_DISPATCH,Agent 2,1,0,2096183,8205,21,gdn_chunk_kkt_solve,8205,294970166549299,294970166594824,11776,0,120,0,128,128,1,1,1024,16,1
KERNEL_DISPATCH,Agent 2,1,0,2096183,8210,22,gdn_chunk_scan,8210,294970167334047,294970167650679,60928,0,216,0,128,512,1,1,512,48,1
KERNEL_DISPATCH,Agent 2,1,0,2096183,7990,27,gemm_mq4g256v2_residual_iu4_v2b_set_gfx11,7990,294969660663530,294969668052394,0,0,248,0,128,32,16,1,1024,400,1
KERNEL_DISPATCH,Agent 2,1,0,2096183,8215,21,gdn_chunk_kkt_solve,8215,294970168391866,294970168439595,11776,0,120,0,128,128,1,1,1024,16,1
KERNEL_DISPATCH,Agent 2,1,0,2096183,8220,22,gdn_chunk_scan,8220,294970169177937,294970169494168,60928,0,216,0,128,512,1,1,512,48,1
KERNEL_DISPATCH,Agent 2,1,0,2096183,8000,22,gdn_chunk_scan,8000,294969674545743,294969674858127,60928,0,216,0,128,512,1,1,512,48,1
KERNEL_DISPATCH,Agent 2,1,0,2096183,8230,22,gdn_chunk_scan,8230,294970171029601,294970171343068,60928,0,216,0,128,512,1,1,512,48,1
KERNEL_DISPATCH,Agent 2,1,0,2096183,8235,30,fused_silu_mul_mq_rotate_awq_i4_hin,8235,294970225612243,294970228645518,0,0,80,0,128,32,1,1,2176,8192,1
KERNEL_DISPATCH,Agent 2,1,0,2096183,8240,28,split_mq4v2_z_betaalpha,8240,294970271387165,294970273414759,0,0,16,0,128,256,1,1,2097152,1,1
KERNEL_DISPATCH,Agent 2,1,0,2096183,8245,22,gdn_chunk_scan,8245,294970277165176,294970277477400,60928,0,216,0,128,512,1,1,512,48,1
KERNEL_DISPATCH,Agent 2,1,0,2096183,8250,21,gdn_chunk_kkt_solve,8250,294970278215621,294970278261547,11776,0,120,0,128,128,1,1,1024,16,1
KERNEL_DISPATCH,Agent 2,1,0,2096183,8255,22,gdn_chunk_scan,8255,294970279002333,294970279317443,60928,0,216,0,128,512,1,1,512,48,1
KERNEL_DISPATCH,Agent 2,1,0,2096183,8260,21,gdn_chunk_kkt_solve,8260,294970280062276,294970280109364,11776,0,120,0,128,128,1,1,1024,16,1
KERNEL_DISPATCH,Agent 2,1,0,2096183,8265,22,gdn_chunk_scan,8265,294970280848988,294970281165500,60928,0,216,0,128,512,1,1,512,48,1
KERNEL_DISPATCH,Agent 2,1,0,2096183,8270,21,gdn_chunk_kkt_solve,8270,294970281907769,294970281952453,11776,0,120,0,128,128,1,1,1024,16,1
KERNEL_DISPATCH,Agent 2,1,0,2096183,8275,26,gemm_mq4g256v2_residual_iu4_v2b_add_gfx11,8275,294970285097497,294970294491112,0,0,248,0,128,32,16,1,1024,320,1
KERNEL_DISPATCH,Agent 2,1,0,2096183,8280,23,fused_rmsnorm_mq_rotate_awq_i4,8280,294970361597144,294970362778194,0,0,96,0,128,256,1,1,2097152,1,1
KERNEL_DISPATCH,Agent 2,1,0,2096183,8285,33,rmsnorm_f32,8285,294970383717250,294970384013604,0,0,16,0,128,256,1,1,8388608,1,1
KERNEL_DISPATCH,Agent 2,1,0,2096183,8290,38,attention_q8_0_fa2_gqa_gfx11,8290,294970386495528,294970386743672,0,0,224,0,128,256,1,1,8192,4,1
KERNEL_DISPATCH,Agent 2,1,0,2096183,8295,37,kv_cache_write_q8_0_batched,8295,294970387512911,294970387526457,0,0,8,0,128,32,1,1,1024,512,1
KERNEL_DISPATCH,Agent 2,1,0,2096183,8300,37,kv_cache_write_q8_0_batched,8300,294970388665588,294970388678212,0,0,8,0,128,32,1,1,1024,512,1
KERNEL_DISPATCH,Agent 2,1,0,2096183,8310,38,attention_q8_0_fa2_gqa_gfx11,8310,294970392275502,294970394473174,0,0,224,0,128,256,1,1,8192,4,1
KERNEL_DISPATCH,Agent 2,1,0,2096183,8315,37,kv_cache_write_q8_0_batched,8315,294970397248206,294970397262072,0,0,8,0,128,32,1,1,1024,512,1
KERNEL_DISPATCH,Agent 2,1,0,2096183,8320,37,kv_cache_write_q8_0_batched,8320,294970400453603,294970400467589,0,0,8,0,128,32,1,1,1024,512,1
KERNEL_DISPATCH,Agent 2,1,0,2096183,8325,39,attention_fa2_q_preconvert_gfx11,8325,294970404084075,294970404162622,0,0,16,0,128,128,1,1,393216,1,1
KERNEL_DISPATCH,Agent 2,1,0,2096183,8330,38,attention_q8_0_fa2_gqa_gfx11,8330,294970408217889,294970412503387,0,0,224,0,128,256,1,1,8192,4,1
KERNEL_DISPATCH,Agent 2,1,0,2096183,8335,37,kv_cache_write_q8_0_batched,8335,294970417342361,294970417356668,0,0,8,0,128,32,1,1,1024,512,1
KERNEL_DISPATCH,Agent 2,1,0,2096183,8340,37,kv_cache_write_q8_0_batched,8340,294970422633260,294970422649971,0,0,8,0,128,32,1,1,1024,512,1
KERNEL_DISPATCH,Agent 2,1,0,2096183,8345,39,attention_fa2_q_preconvert_gfx11,8345,294970428340257,294970428410228,0,0,16,0,128,128,1,1,393216,1,1
KERNEL_DISPATCH,Agent 2,1,0,2096183,8350,38,attention_q8_0_fa2_gqa_gfx11,8350,294970434538895,294970440961391,0,0,224,0,128,256,1,1,8192,4,1
KERNEL_DISPATCH,Agent 2,1,0,2096183,8355,30,fused_silu_mul_mq_rotate_awq_i4_hin,8355,294970494948999,294970497986122,0,0,80,0,128,32,1,1,2176,8192,1
KERNEL_DISPATCH,Agent 2,1,0,2096183,8360,46,gemv_mq4g256v2_multirow_r2,8360,294970520086551,294970523116339,0,0,104,0,128,32,1,1,3973120,1,1
KERNEL_DISPATCH,Agent 2,1,0,2096183,8365,6,__amd_rocclr_copyBuffer,8365,294970523154210,294970523158658,0,0,16,0,128,512,1,1,10240,1,1
KERNEL_DISPATCH,Agent 2,1,0,2096183,8370,6,__amd_rocclr_copyBuffer,8370,294970523190798,294970523195167,0,0,16,0,128,512,1,1,10240,1,1
KERNEL_DISPATCH,Agent 2,1,0,2096183,8130,37,kv_cache_write_q8_0_batched,8130,294969925207079,294969925222628,0,0,8,0,128,32,1,1,1024,512,1
KERNEL_DISPATCH,Agent 2,1,0,2096183,8375,6,__amd_rocclr_copyBuffer,8375,294970523222898,294970523228068,0,0,16,0,128,512,1,1,10240,1,1
KERNEL_DISPATCH,Agent 2,1,0,2096183,8380,6,__amd_rocclr_copyBuffer,8380,294970523256201,294970523261050,0,0,16,0,128,512,1,1,10240,1,1
KERNEL_DISPATCH,Agent 2,1,0,2096183,8385,6,__amd_rocclr_copyBuffer,8385,294970523296476,294970523303810,0,0,16,0,128,512,1,1,10240,1,1
KERNEL_DISPATCH,Agent 2,1,0,2096183,8395,6,__amd_rocclr_copyBuffer,8395,294970523391855,294970523399709,0,0,16,0,128,512,1,1,10240,1,1
KERNEL_DISPATCH,Agent 2,1,0,2096183,8400,6,__amd_rocclr_copyBuffer,8400,294970523445315,294970523452849,0,0,16,0,128,512,1,1,10240,1,1
KERNEL_DISPATCH,Agent 2,1,0,2096183,8405,6,__amd_rocclr_copyBuffer,8405,294970523492202,294970523501620,0,0,16,0,128,512,1,1,10240,1,1
KERNEL_DISPATCH,Agent 2,1,0,2096183,8410,6,__amd_rocclr_copyBuffer,8410,294970523534882,294970523536004,0,0,16,0,128,512,1,1,1536,1,1
KERNEL_DISPATCH,Agent 2,1,0,2096183,8415,6,__amd_rocclr_copyBuffer,8415,294970523550271,294970523551553,0,0,16,0,128,512,1,1,1536,1,1
KERNEL_DISPATCH,Agent 2,1,0,2096183,8420,6,__amd_rocclr_copyBuffer,8420,294970523565740,294970523566862,0,0,16,0,128,512,1,1,1536,1,1
KERNEL_DISPATCH,Agent 2,1,0,2096183,8425,6,__amd_rocclr_copyBuffer,8425,294970523581089,294970523582171,0,0,16,0,128,512,1,1,1536,1,1
KERNEL_DISPATCH,Agent 2,1,0,2096183,8430,6,__amd_rocclr_copyBuffer,8430,294970523596758,294970523598040,0,0,16,0,128,512,1,1,1536,1,1
KERNEL_DISPATCH,Agent 2,1,0,2096183,8435,6,__amd_rocclr_copyBuffer,8435,294970523612588,294970523613870,0,0,16,0,128,512,1,1,1536,1,1
KERNEL_DISPATCH,Agent 2,1,0,2096183,8440,6,__amd_rocclr_copyBuffer,8440,294970523627936,294970523628978,0,0,16,0,128,512,1,1,1536,1,1
KERNEL_DISPATCH,Agent 2,1,0,2096183,8445,6,__amd_rocclr_copyBuffer,8445,294970523643045,294970523644167,0,0,16,0,128,512,1,1,1536,1,1
KERNEL_DISPATCH,Agent 2,1,0,2096183,8450,6,__amd_rocclr_copyBuffer,8450,294970523658393,294970523659676,0,0,16,0,128,512,1,1,1536,1,1
KERNEL_DISPATCH,Agent 2,1,0,2096183,8455,6,__amd_rocclr_copyBuffer,8455,294970523673662,294970523674904,0,0,16,0,128,512,1,1,1536,1,1
KERNEL_DISPATCH,Agent 2,1,0,2096183,8460,6,__amd_rocclr_copyBuffer,8460,294970523695583,294970523697146,0,0,16,0,128,512,1,1,7680,1,1
KERNEL_DISPATCH,Agent 2,1,0,2096183,8465,6,__amd_rocclr_copyBuffer,8465,294970523714618,294970523716983,0,0,16,0,128,512,1,1,7680,1,1
KERNEL_DISPATCH,Agent 2,1,0,2096183,8470,6,__amd_rocclr_copyBuffer,8470,294970523733774,294970523735658,0,0,16,0,128,512,1,1,7680,1,1
KERNEL_DISPATCH,Agent 2,1,0,2096183,8475,6,__amd_rocclr_copyBuffer,8475,294970523751528,294970523753331,0,0,16,0,128,512,1,1,7680,1,1
KERNEL_DISPATCH,Agent 2,1,0,2096183,8480,6,__amd_rocclr_copyBuffer,8480,294970523771084,294970523773328,0,0,16,0,128,512,1,1,7680,1,1
KERNEL_DISPATCH,Agent 2,1,0,2096183,8485,6,__amd_rocclr_copyBuffer,8485,294970523790561,294970523792484,0,0,16,0,128,512,1,1,7680,1,1
KERNEL_DISPATCH,Agent 2,1,0,2096183,8490,6,__amd_rocclr_copyBuffer,8490,294970523808234,294970523809716,0,0,16,0,128,512,1,1,7680,1,1
KERNEL_DISPATCH,Agent 2,1,0,2096183,8495,6,__amd_rocclr_copyBuffer,8495,294970523825466,294970523827790,0,0,16,0,128,512,1,1,7680,1,1
KERNEL_DISPATCH,Agent 2,1,0,2096183,8500,6,__amd_rocclr_copyBuffer,8500,294970523845263,294970523846706,0,0,16,0,128,512,1,1,7680,1,1
KERNEL_DISPATCH,Agent 2,1,0,2096183,8505,6,__amd_rocclr_copyBuffer,8505,294970523864138,294970523876682,0,0,16,0,128,512,1,1,10240,1,1
KERNEL_DISPATCH,Agent 2,1,0,2096183,8225,21,gdn_chunk_kkt_solve,8225,294970170240445,294970170287493,11776,0,120,0,128,128,1,1,1024,16,1
KERNEL_DISPATCH,Agent 2,1,0,2096183,8510,6,__amd_rocclr_copyBuffer,8510,294970523946132,294970523962923,0,0,16,0,128,512,1,1,10240,1,1
KERNEL_DISPATCH,Agent 2,1,0,2096183,8515,6,__amd_rocclr_copyBuffer,8515,294970524030770,294970524044115,0,0,16,0,128,512,1,1,10240,1,1
KERNEL_DISPATCH,Agent 2,1,0,2096183,8520,6,__amd_rocclr_copyBuffer,8520,294970524113364,294970524130837,0,0,16,0,128,512,1,1,10240,1,1
KERNEL_DISPATCH,Agent 2,1,0,2096183,8525,6,__amd_rocclr_copyBuffer,8525,294970524199526,294970524212710,0,0,16,0,128,512,1,1,10240,1,1
KERNEL_DISPATCH,Agent 2,1,0,2096183,8530,6,__amd_rocclr_copyBuffer,8530,294970524288051,294970524300795,0,0,16,0,128,512,1,1,10240,1,1
KERNEL_DISPATCH,Agent 2,1,0,2096183,8535,6,__amd_rocclr_copyBuffer,8535,294970524367921,294970524383109,0,0,16,0,128,512,1,1,10240,1,1
KERNEL_DISPATCH,Agent 2,1,0,2096183,8545,6,__amd_rocclr_copyBuffer,8545,294970524537278,294970524553909,0,0,16,0,128,512,1,1,10240,1,1
KERNEL_DISPATCH,Agent 2,1,0,2096183,8550,6,__amd_rocclr_copyBuffer,8550,294970524621195,294970524637545,0,0,16,0,128,512,1,1,10240,1,1
KERNEL_DISPATCH,Agent 2,1,0,2096183,8555,6,__amd_rocclr_copyBuffer,8555,294970524721501,294970524727833,0,0,16,0,128,512,1,1,512,1,1
KERNEL_DISPATCH,Agent 2,1,0,2096183,8305,39,attention_fa2_q_preconvert_gfx11,8305,294970390234283,294970390312950,0,0,16,0,128,128,1,1,393216,1,1
KERNEL_DISPATCH,Agent 2,1,0,2096183,8390,6,__amd_rocclr_copyBuffer,8390,294970523345127,294970523351579,0,0,16,0,128,512,1,1,10240,1,1
KERNEL_DISPATCH,Agent 2,1,0,2096183,8540,6,__amd_rocclr_copyBuffer,8540,294970524455084,294970524468549,0,0,16,0,128,512,1,1,10240,1,1
KERNEL_DISPATCH,Agent 2,1,0,2096183,8556,54,embedding_q8,8556,294970529053677,294970529076359,0,0,8,0,128,256,1,1,256,1,1
KERNEL_DISPATCH,Agent 2,1,0,2096183,8557,6,__amd_rocclr_copyBuffer,8557,294970532021489,294970532025256,0,0,16,0,128,512,1,1,512,1,1
KERNEL_DISPATCH,Agent 2,2,1,2096183,8558,55,fused_rmsnorm_mq_rotate_awq,8558,294970534951281,294970534981898,0,0,88,0,128,256,1,1,256,1,1
KERNEL_DISPATCH,Agent 2,2,1,2096183,8559,56,fused_qkvza_mq4g256v2,8558,294970534988390,294970535312557,0,0,80,0,128,32,1,1,527360,1,1
KERNEL_DISPATCH,Agent 2,2,1,2096183,8560,57,fused_sigmoid_alpha_gate_f32,8558,294970535323698,294970535329268,0,0,16,0,128,256,1,1,256,1,1
KERNEL_DISPATCH,Agent 2,2,1,2096183,8561,58,conv1d_silu_split_qknorm_b256,8558,294970535335960,294970535344937,1024,0,24,0,128,256,1,1,10240,1,1
KERNEL_DISPATCH,Agent 2,2,1,2096183,8562,59,repeat_interleave_qk_f32,8558,294970535351590,294970535356198,0,0,8,0,128,256,1,1,6144,1,1
KERNEL_DISPATCH,Agent 2,2,1,2096183,8563,61,gated_delta_net_q8_fast,8558,294970535362811,294970535415028,2048,0,64,0,128,32,1,1,1536,32,1
KERNEL_DISPATCH,Agent 2,2,1,2096183,8564,62,gated_norm_f32,8558,294970535421681,294970535431780,0,0,24,0,128,32,1,1,1536,1,1
KERNEL_DISPATCH,Agent 2,2,1,2096183,8565,63,rotate_x_mq_awq,8558,294970535438152,294970535444564,0,0,80,0,128,32,1,1,768,1,1
KERNEL_DISPATCH,Agent 2,2,1,2096183,8566,64,gemv_mq4g256v2_residual_row_serial_gfx1151,8559,294970535633637,294970535748212,0,0,88,0,128,32,1,1,163840,1,1
KERNEL_DISPATCH,Agent 2,2,1,2096183,8567,55,fused_rmsnorm_mq_rotate_awq,8559,294970535758271,294970535783878,0,0,88,0,128,256,1,1,256,1,1
KERNEL_DISPATCH,Agent 2,2,1,2096183,8568,65,fused_gate_up_mq4g256v2,8559,294970535790290,294970536264939,0,0,80,0,128,32,1,1,1114112,1,1
KERNEL_DISPATCH,Agent 2,2,1,2096183,8569,66,fused_silu_mul_mq_rotate_awq,8559,294970536271871,294970536274436,0,0,56,0,128,32,1,1,2176,1,1
KERNEL_DISPATCH,Agent 2,2,1,2096183,8570,64,gemv_mq4g256v2_residual_row_serial_gfx1151,8559,294970536276440,294970536493526,0,0,88,0,128,32,1,1,163840,1,1
KERNEL_DISPATCH,Agent 2,2,1,2096183,8571,55,fused_rmsnorm_mq_rotate_awq,8559,294970536495570,294970536501902,0,0,88,0,128,256,1,1,256,1,1
KERNEL_DISPATCH,Agent 2,2,1,2096183,8572,56,fused_qkvza_mq4g256v2,8559,294970536503906,294970536703559,0,0,80,0,128,32,1,1,527360,1,1
KERNEL_DISPATCH,Agent 2,2,1,2096183,8573,57,fused_sigmoid_alpha_gate_f32,8559,294970536710131,294970536711935,0,0,16,0,128,256,1,1,256,1,1
KERNEL_DISPATCH,Agent 2,2,1,2096183,8574,58,conv1d_silu_split_qknorm_b256,8559,294970536713979,294970536716543,1024,0,24,0,128,256,1,1,10240,1,1
KERNEL_DISPATCH,Agent 2,2,1,2096183,8575,59,repeat_interleave_qk_f32,8559,294970536718587,294970536719709,0,0,8,0,128,256,1,1,6144,1,1
KERNEL_DISPATCH,Agent 2,2,1,2096183,8576,61,gated_delta_net_q8_fast,8559,294970536721753,294970536750006,2048,0,64,0,128,32,1,1,1536,32,1
KERNEL_DISPATCH,Agent 2,2,1,2096183,8577,62,gated_norm_f32,8559,294970536752050,294970536754775,0,0,24,0,128,32,1,1,1536,1,1
KERNEL_DISPATCH,Agent 2,2,1,2096183,8578,63,rotate_x_mq_awq,8559,294970536756819,294970536758462,0,0,80,0,128,32,1,1,768,1,1
KERNEL_DISPATCH,Agent 2,2,1,2096183,8579,64,gemv_mq4g256v2_residual_row_serial_gfx1151,8559,294970536760506,294970536838932,0,0,88,0,128,32,1,1,163840,1,1
KERNEL_DISPATCH,Agent 2,2,1,2096183,8580,55,fused_rmsnorm_mq_rotate_awq,8559,294970536845505,294970536851756,0,0,88,0,128,256,1,1,256,1,1
KERNEL_DISPATCH,Agent 2,2,1,2096183,8581,65,fused_gate_up_mq4g256v2,8559,294970536853760,294970537285247,0,0,80,0,128,32,1,1,1114112,1,1
KERNEL_DISPATCH,Agent 2,2,1,2096183,8582,66,fused_silu_mul_mq_rotate_awq,8559,294970537291860,294970537294024,0,0,56,0,128,32,1,1,2176,1,1
KERNEL_DISPATCH,Agent 2,2,1,2096183,8583,64,gemv_mq4g256v2_residual_row_serial_gfx1151,8559,294970537295988,294970537512032,0,0,88,0,128,32,1,1,163840,1,1
KERNEL_DISPATCH,Agent 2,2,1,2096183,8584,55,fused_rmsnorm_mq_rotate_awq,8559,294970537514156,294970537520568,0,0,88,0,128,256,1,1,256,1,1
KERNEL_DISPATCH,Agent 2,2,1,2096183,8585,56,fused_qkvza_mq4g256v2,8559,294970537522531,294970537722746,0,0,80,0,128,32,1,1,527360,1,1
KERNEL_DISPATCH,Agent 2,2,1,2096183,8586,57,fused_sigmoid_alpha_gate_f32,8559,294970537729398,294970537730961,0,0,16,0,128,256,1,1,256,1,1
KERNEL_DISPATCH,Agent 2,2,1,2096183,8587,58,conv1d_silu_split_qknorm_b256,8559,294970537732925,294970537735450,1024,0,24,0,128,256,1,1,10240,1,1
KERNEL_DISPATCH,Agent 2,2,1,2096183,8588,59,repeat_interleave_qk_f32,8559,294970537737454,294970537742703,0,0,8,0,128,256,1,1,6144,1,1
KERNEL_DISPATCH,Agent 2,2,1,2096183,8589,61,gated_delta_net_q8_fast,8559,294970537744707,294970537773281,2048,0,64,0,128,32,1,1,1536,32,1
KERNEL_DISPATCH,Agent 2,2,1,2096183,8590,62,gated_norm_f32,8559,294970537775324,294970537777849,0,0,24,0,128,32,1,1,1536,1,1
KERNEL_DISPATCH,Agent 2,2,1,2096183,8591,63,rotate_x_mq_awq,8559,294970537779853,294970537781416,0,0,80,0,128,32,1,1,768,1,1
KERNEL_DISPATCH,Agent 2,2,1,2096183,8592,64,gemv_mq4g256v2_residual_row_serial_gfx1151,8559,294970537783420,294970537861886,0,0,88,0,128,32,1,1,163840,1,1
KERNEL_DISPATCH,Agent 2,2,1,2096183,8593,55,fused_rmsnorm_mq_rotate_awq,8559,294970537868419,294970537874750,0,0,88,0,128,256,1,1,256,1,1
KERNEL_DISPATCH,Agent 2,2,1,2096183,8594,65,fused_gate_up_mq4g256v2,8559,294970537876754,294970538312970,0,0,80,0,128,32,1,1,1114112,1,1
KERNEL_DISPATCH,Agent 2,2,1,2096183,8595,66,fused_silu_mul_mq_rotate_awq,8559,294970538319703,294970538321867,0,0,56,0,128,32,1,1,2176,1,1
KERNEL_DISPATCH,Agent 2,2,1,2096183,8596,64,gemv_mq4g256v2_residual_row_serial_gfx1151,8559,294970538323831,294970538541678,0,0,88,0,128,32,1,1,163840,1,1
KERNEL_DISPATCH,Agent 2,2,1,2096183,8597,55,fused_rmsnorm_mq_rotate_awq,8559,294970538548250,294970538554783,0,0,88,0,128,256,1,1,256,1,1
KERNEL_DISPATCH,Agent 2,2,1,2096183,8598,67,fused_qkv_mq4g256v2,8559,294970538557067,294970538730191,0,0,80,0,128,32,1,1,458752,1,1
KERNEL_DISPATCH,Agent 2,2,1,2096183,8599,68,deinterleave_f32,8559,294970538736964,294970538738526,0,0,8,0,128,256,1,1,6144,1,1
KERNEL_DISPATCH,Agent 2,2,1,2096183,8600,33,rmsnorm_f32,8559,294970538740771,294970538742654,0,0,16,0,128,256,1,1,6144,1,1
KERNEL_DISPATCH,Agent 2,2,1,2096183,8601,33,rmsnorm_f32,8559,294970538744498,294970538746301,0,0,16,0,128,256,1,1,1024,1,1
KERNEL_DISPATCH,Agent 2,2,1,2096183,8602,69,rope_partial_halfsplit_f32,8559,294970538748706,294970538753074,0,0,16,0,128,32,1,1,32,1,1
KERNEL_DISPATCH,Agent 2,2,1,2096183,8603,71,kv_cache_write_q8_0,8559,294970538755358,294970538757081,0,0,8,0,128,32,1,1,1024,1,1
KERNEL_DISPATCH,Agent 2,2,1,2096183,8604,71,kv_cache_write_q8_0,8559,294970538758925,294970538760127,0,0,8,0,128,32,1,1,1024,1,1
KERNEL_DISPATCH,Agent 2,2,1,2096183,8605,72,attention_flash_q8_0_tile,8559,294970538762411,294970538930967,0,0,48,0,128,32,1,1,768,2048,1
KERNEL_DISPATCH,Agent 2,2,1,2096183,8606,73,attention_flash_q8_0_reduce,8559,294970538937739,294970538953328,512,0,24,0,128,256,1,1,6144,1,1
KERNEL_DISPATCH,Agent 2,2,1,2096183,8607,74,sigmoid_mul_f32,8559,294970538955613,294970538956775,0,0,16,0,128,256,1,1,6144,1,1
KERNEL_DISPATCH,Agent 2,2,1,2096183,8608,63,rotate_x_mq_awq,8559,294970538958779,294970538961183,0,0,80,0,128,32,1,1,768,1,1
KERNEL_DISPATCH,Agent 2,2,1,2096183,8609,64,gemv_mq4g256v2_residual_row_serial_gfx1151,8559,294970538963187,294970539040852,0,0,88,0,128,32,1,1,163840,1,1
KERNEL_DISPATCH,Agent 2,2,1,2096183,8610,55,fused_rmsnorm_mq_rotate_awq,8559,294970539047384,294970539053716,0,0,88,0,128,256,1,1,256,1,1
KERNEL_DISPATCH,Agent 2,2,1,2096183,8611,65,fused_gate_up_mq4g256v2,8559,294970539055800,294970539480475,0,0,80,0,128,32,1,1,1114112,1,1
KERNEL_DISPATCH,Agent 2,2,1,2096183,8612,66,fused_silu_mul_mq_rotate_awq,8559,294970539487127,294970539489371,0,0,56,0,128,32,1,1,2176,1,1
KERNEL_DISPATCH,Agent 2,2,1,2096183,8613,64,gemv_mq4g256v2_residual_row_serial_gfx1151,8559,294970539491335,294970539705135,0,0,88,0,128,32,1,1,163840,1,1
KERNEL_DISPATCH,Agent 2,2,1,2096183,8614,55,fused_rmsnorm_mq_rotate_awq,8559,294970539711827,294970539718199,0,0,88,0,128,256,1,1,256,1,1
KERNEL_DISPATCH,Agent 2,2,1,2096183,8615,56,fused_qkvza_mq4g256v2,8559,294970539720203,294970539918414,0,0,80,0,128,32,1,1,527360,1,1
KERNEL_DISPATCH,Agent 2,2,1,2096183,8616,57,fused_sigmoid_alpha_gate_f32,8559,294970539924986,294970539926750,0,0,16,0,128,256,1,1,256,1,1
KERNEL_DISPATCH,Agent 2,2,1,2096183,8617,58,conv1d_silu_split_qknorm_b256,8559,294970539928793,294970539931959,1024,0,24,0,128,256,1,1,10240,1,1
KERNEL_DISPATCH,Agent 2,2,1,2096183,8618,59,repeat_interleave_qk_f32,8559,294970539934003,294970539935246,0,0,8,0,128,256,1,1,6144,1,1
KERNEL_DISPATCH,Agent 2,2,1,2096183,8619,61,gated_delta_net_q8_fast,8559,294970539937329,294970539964741,2048,0,64,0,128,32,1,1,1536,32,1
KERNEL_DISPATCH,Agent 2,2,1,2096183,8620,62,gated_norm_f32,8559,294970539966785,294970539972074,0,0,24,0,128,32,1,1,1536,1,1
KERNEL_DISPATCH,Agent 2,2,1,2096183,8621,63,rotate_x_mq_awq,8559,294970539974198,294970539975882,0,0,80,0,128,32,1,1,768,1,1
KERNEL_DISPATCH,Agent 2,2,1,2096183,8622,64,gemv_mq4g256v2_residual_row_serial_gfx1151,8559,294970539978006,294970540055230,0,0,88,0,128,32,1,1,163840,1,1
KERNEL_DISPATCH,Agent 2,2,1,2096183,8623,55,fused_rmsnorm_mq_rotate_awq,8559,294970540061762,294970540068094,0,0,88,0,128,256,1,1,256,1,1
KERNEL_DISPATCH,Agent 2,2,1,2096183,8624,65,fused_gate_up_mq4g256v2,8559,294970540070178,294970540501505,0,0,80,0,128,32,1,1,1114112,1,1
KERNEL_DISPATCH,Agent 2,2,1,2096183,8625,66,fused_silu_mul_mq_rotate_awq,8559,294970540508197,294970540510562,0,0,56,0,128,32,1,1,2176,1,1
KERNEL_DISPATCH,Agent 2,2,1,2096183,8626,64,gemv_mq4g256v2_residual_row_serial_gfx1151,8559,294970540512566,294970540730333,0,0,88,0,128,32,1,1,163840,1,1
KERNEL_DISPATCH,Agent 2,2,1,2096183,8627,55,fused_rmsnorm_mq_rotate_awq,8559,294970540737026,294970540743277,0,0,88,0,128,256,1,1,256,1,1
KERNEL_DISPATCH,Agent 2,2,1,2096183,8628,56,fused_qkvza_mq4g256v2,8559,294970540745361,294970540943692,0,0,80,0,128,32,1,1,527360,1,1
KERNEL_DISPATCH,Agent 2,2,1,2096183,8629,57,fused_sigmoid_alpha_gate_f32,8559,294970540950625,294970540952429,0,0,16,0,128,256,1,1,256,1,1
KERNEL_DISPATCH,Agent 2,2,1,2096183,8630,58,conv1d_silu_split_qknorm_b256,8559,294970540954432,294970540957117,1024,0,24,0,128,256,1,1,10240,1,1
KERNEL_DISPATCH,Agent 2,2,1,2096183,8631,59,repeat_interleave_qk_f32,8559,294970540959121,294970540960283,0,0,8,0,128,256,1,1,6144,1,1
KERNEL_DISPATCH,Agent 2,2,1,2096183,8632,61,gated_delta_net_q8_fast,8559,294970540962247,294970540990139,2048,0,64,0,128,32,1,1,1536,32,1
KERNEL_DISPATCH,Agent 2,2,1,2096183,8633,62,gated_norm_f32,8559,294970540992183,294970540994908,0,0,24,0,128,32,1,1,1536,1,1
KERNEL_DISPATCH,Agent 2,2,1,2096183,8634,63,rotate_x_mq_awq,8559,294970540996952,294970540998515,0,0,80,0,128,32,1,1,768,1,1
KERNEL_DISPATCH,Agent 2,2,1,2096183,8635,64,gemv_mq4g256v2_residual_row_serial_gfx1151,8559,294970541000479,294970541078585,0,0,88,0,128,32,1,1,163840,1,1
KERNEL_DISPATCH,Agent 2,2,1,2096183,8636,55,fused_rmsnorm_mq_rotate_awq,8559,294970541085397,294970541091449,0,0,88,0,128,256,1,1,256,1,1
KERNEL_DISPATCH,Agent 2,2,1,2096183,8637,65,fused_gate_up_mq4g256v2,8559,294970541093412,294970541522856,0,0,80,0,128,32,1,1,1114112,1,1
KERNEL_DISPATCH,Agent 2,2,1,2096183,8638,66,fused_silu_mul_mq_rotate_awq,8559,294970541529709,294970541531913,0,0,56,0,128,32,1,1,2176,1,1
KERNEL_DISPATCH,Agent 2,2,1,2096183,8639,64,gemv_mq4g256v2_residual_row_serial_gfx1151,8559,294970541533957,294970541750882,0,0,88,0,128,32,1,1,163840,1,1
KERNEL_DISPATCH,Agent 2,2,1,2096183,8640,55,fused_rmsnorm_mq_rotate_awq,8559,294970541757575,294970541763827,0,0,88,0,128,256,1,1,256,1,1
KERNEL_DISPATCH,Agent 2,2,1,2096183,8641,56,fused_qkvza_mq4g256v2,8559,294970541765830,294970541965684,0,0,80,0,128,32,1,1,527360,1,1
KERNEL_DISPATCH,Agent 2,2,1,2096183,8642,57,fused_sigmoid_alpha_gate_f32,8559,294970541972537,294970541974140,0,0,16,0,128,256,1,1,256,1,1
KERNEL_DISPATCH,Agent 2,2,1,2096183,8643,58,conv1d_silu_split_qknorm_b256,8559,294970541976104,294970541979109,1024,0,24,0,128,256,1,1,10240,1,1
KERNEL_DISPATCH,Agent 2,2,1,2096183,8644,59,repeat_interleave_qk_f32,8559,294970541981073,294970541982235,0,0,8,0,128,256,1,1,6144,1,1
KERNEL_DISPATCH,Agent 2,2,1,2096183,8645,61,gated_delta_net_q8_fast,8559,294970541984319,294970542012772,2048,0,64,0,128,32,1,1,1536,32,1
KERNEL_DISPATCH,Agent 2,2,1,2096183,8646,62,gated_norm_f32,8559,294970542014736,294970542017501,0,0,24,0,128,32,1,1,1536,1,1
KERNEL_DISPATCH,Agent 2,2,1,2096183,8647,63,rotate_x_mq_awq,8559,294970542019465,294970542020948,0,0,80,0,128,32,1,1,768,1,1
KERNEL_DISPATCH,Agent 2,2,1,2096183,8648,64,gemv_mq4g256v2_residual_row_serial_gfx1151,8559,294970542022911,294970542100056,0,0,88,0,128,32,1,1,163840,1,1
KERNEL_DISPATCH,Agent 2,2,1,2096183,8649,55,fused_rmsnorm_mq_rotate_awq,8559,294970542106909,294970542113240,0,0,88,0,128,256,1,1,256,1,1
KERNEL_DISPATCH,Agent 2,2,1,2096183,8650,65,fused_gate_up_mq4g256v2,8559,294970542115244,294970542546571,0,0,80,0,128,32,1,1,1114112,1,1
KERNEL_DISPATCH,Agent 2,2,1,2096183,8651,66,fused_silu_mul_mq_rotate_awq,8559,294970542553264,294970542555428,0,0,56,0,128,32,1,1,2176,1,1
KERNEL_DISPATCH,Agent 2,2,1,2096183,8652,64,gemv_mq4g256v2_residual_row_serial_gfx1151,8559,294970542557431,294970542770590,0,0,88,0,128,32,1,1,163840,1,1
KERNEL_DISPATCH,Agent 2,2,1,2096183,8653,55,fused_rmsnorm_mq_rotate_awq,8559,294970542777123,294970542784055,0,0,88,0,128,256,1,1,256,1,1
KERNEL_DISPATCH,Agent 2,2,1,2096183,8654,67,fused_qkv_mq4g256v2,8559,294970542786059,294970542959303,0,0,80,0,128,32,1,1,458752,1,1
KERNEL_DISPATCH,Agent 2,2,1,2096183,8655,68,deinterleave_f32,8559,294970542965876,294970542967399,0,0,8,0,128,256,1,1,6144,1,1
KERNEL_DISPATCH,Agent 2,2,1,2096183,8656,33,rmsnorm_f32,8559,294970542969402,294970542971286,0,0,16,0,128,256,1,1,6144,1,1
KERNEL_DISPATCH,Agent 2,2,1,2096183,8657,33,rmsnorm_f32,8559,294970542973129,294970542974973,0,0,16,0,128,256,1,1,1024,1,1
KERNEL_DISPATCH,Agent 2,2,1,2096183,8658,69,rope_partial_halfsplit_f32,8559,294970542976976,294970542981505,0,0,16,0,128,32,1,1,32,1,1
KERNEL_DISPATCH,Agent 2,2,1,2096183,8659,71,kv_cache_write_q8_0,8559,294970542983549,294970542984951,0,0,8,0,128,32,1,1,1024,1,1
KERNEL_DISPATCH,Agent 2,2,1,2096183,8660,71,kv_cache_write_q8_0,8559,294970542986795,294970542988037,0,0,8,0,128,32,1,1,1024,1,1
KERNEL_DISPATCH,Agent 2,2,1,2096183,8661,72,attention_flash_q8_0_tile,8559,294970542990041,294970543172182,0,0,48,0,128,32,1,1,768,2048,1
KERNEL_DISPATCH,Agent 2,2,1,2096183,8662,73,attention_flash_q8_0_reduce,8559,294970543178714,294970543193782,512,0,24,0,128,256,1,1,6144,1,1
KERNEL_DISPATCH,Agent 2,2,1,2096183,8663,74,sigmoid_mul_f32,8559,294970543195786,294970543196908,0,0,16,0,128,256,1,1,6144,1,1
KERNEL_DISPATCH,Agent 2,2,1,2096183,8664,63,rotate_x_mq_awq,8559,294970543198912,294970543201236,0,0,80,0,128,32,1,1,768,1,1
KERNEL_DISPATCH,Agent 2,2,1,2096183,8665,64,gemv_mq4g256v2_residual_row_serial_gfx1151,8559,294970543203240,294970543280625,0,0,88,0,128,32,1,1,163840,1,1
KERNEL_DISPATCH,Agent 2,2,1,2096183,8666,55,fused_rmsnorm_mq_rotate_awq,8559,294970543287157,294970543294010,0,0,88,0,128,256,1,1,256,1,1
KERNEL_DISPATCH,Agent 2,2,1,2096183,8667,65,fused_gate_up_mq4g256v2,8559,294970543296053,294970543719205,0,0,80,0,128,32,1,1,1114112,1,1
KERNEL_DISPATCH,Agent 2,2,1,2096183,8668,66,fused_silu_mul_mq_rotate_awq,8559,294970543725898,294970543728783,0,0,56,0,128,32,1,1,2176,1,1
KERNEL_DISPATCH,Agent 2,2,1,2096183,8669,64,gemv_mq4g256v2_residual_row_serial_gfx1151,8559,294970543730787,294970543946070,0,0,88,0,128,32,1,1,163840,1,1
KERNEL_DISPATCH,Agent 2,2,1,2096183,8670,55,fused_rmsnorm_mq_rotate_awq,8559,294970543952722,294970543959254,0,0,88,0,128,256,1,1,256,1,1
KERNEL_DISPATCH,Agent 2,2,1,2096183,8671,56,fused_qkvza_mq4g256v2,8559,294970543961298,294970544160471,0,0,80,0,128,32,1,1,527360,1,1
KERNEL_DISPATCH,Agent 2,2,1,2096183,8672,57,fused_sigmoid_alpha_gate_f32,8559,294970544167163,294970544168686,0,0,16,0,128,256,1,1,256,1,1
KERNEL_DISPATCH,Agent 2,2,1,2096183,8673,58,conv1d_silu_split_qknorm_b256,8559,294970544170690,294970544173856,1024,0,24,0,128,256,1,1,10240,1,1
KERNEL_DISPATCH,Agent 2,2,1,2096183,8674,59,repeat_interleave_qk_f32,8559,294970544175900,294970544177062,0,0,8,0,128,256,1,1,6144,1,1
KERNEL_DISPATCH,Agent 2,2,1,2096183,8675,61,gated_delta_net_q8_fast,8559,294970544179106,294970544206116,2048,0,64,0,128,32,1,1,1536,32,1
KERNEL_DISPATCH,Agent 2,2,1,2096183,8676,62,gated_norm_f32,8559,294970544208160,294970544210965,0,0,24,0,128,32,1,1,1536,1,1
KERNEL_DISPATCH,Agent 2,2,1,2096183,8677,63,rotate_x_mq_awq,8559,294970544212929,294970544214652,0,0,80,0,128,32,1,1,768,1,1
KERNEL_DISPATCH,Agent 2,2,1,2096183,8678,64,gemv_mq4g256v2_residual_row_serial_gfx1151,8559,294970544216616,294970544293600,0,0,88,0,128,32,1,1,163840,1,1
KERNEL_DISPATCH,Agent 2,2,1,2096183,8679,55,fused_rmsnorm_mq_rotate_awq,8559,294970544300092,294970544306223,0,0,88,0,128,256,1,1,256,1,1
KERNEL_DISPATCH,Agent 2,2,1,2096183,8680,65,fused_gate_up_mq4g256v2,8559,294970544308187,294970544738152,0,0,80,0,128,32,1,1,1114112,1,1
KERNEL_DISPATCH,Agent 2,2,1,2096183,8681,66,fused_silu_mul_mq_rotate_awq,8559,294970544744924,294970544747609,0,0,56,0,128,32,1,1,2176,1,1
KERNEL_DISPATCH,Agent 2,2,1,2096183,8682,64,gemv_mq4g256v2_residual_row_serial_gfx1151,8559,294970544749613,294970544963734,0,0,88,0,128,32,1,1,163840,1,1
KERNEL_DISPATCH,Agent 2,2,1,2096183,8683,55,fused_rmsnorm_mq_rotate_awq,8559,294970544970266,294970544977559,0,0,88,0,128,256,1,1,256,1,1
KERNEL_DISPATCH,Agent 2,2,1,2096183,8684,56,fused_qkvza_mq4g256v2,8559,294970544979563,294970545178495,0,0,80,0,128,32,1,1,527360,1,1
KERNEL_DISPATCH,Agent 2,2,1,2096183,8685,57,fused_sigmoid_alpha_gate_f32,8559,294970545185028,294970545186911,0,0,16,0,128,256,1,1,256,1,1
KERNEL_DISPATCH,Agent 2,2,1,2096183,8686,58,conv1d_silu_split_qknorm_b256,8559,294970545188955,294970545191560,1024,0,24,0,128,256,1,1,10240,1,1
KERNEL_DISPATCH,Agent 2,2,1,2096183,8687,59,repeat_interleave_qk_f32,8559,294970545193604,294970545194766,0,0,8,0,128,256,1,1,6144,1,1
KERNEL_DISPATCH,Agent 2,2,1,2096183,8688,61,gated_delta_net_q8_fast,8559,294970545196770,294970545223740,2048,0,64,0,128,32,1,1,1536,32,1
KERNEL_DISPATCH,Agent 2,2,1,2096183,8689,62,gated_norm_f32,8559,294970545225784,294970545228549,0,0,24,0,128,32,1,1,1536,1,1
KERNEL_DISPATCH,Agent 2,1,0,2096183,7390,22,gdn_chunk_scan,7390,294968203373327,294968203686914,60928,0,216,0,128,512,1,1,512,48,1
KERNEL_DISPATCH,Agent 2,1,0,2096183,7535,27,gemm_mq4g256v2_residual_iu4_v2b_set_gfx11,7535,294968567509529,294968574930173,0,0,248,0,128,32,16,1,1024,400,1
KERNEL_DISPATCH,Agent 2,1,0,2096183,7540,21,gdn_chunk_kkt_solve,7540,294968580567721,294968580615250,11776,0,120,0,128,128,1,1,1024,16,1
KERNEL_DISPATCH,Agent 2,2,1,2096183,8690,63,rotate_x_mq_awq,8559,294970545230593,294970545232076,0,0,80,0,128,32,1,1,768,1,1
KERNEL_DISPATCH,Agent 2,2,1,2096183,8691,64,gemv_mq4g256v2_residual_row_serial_gfx1151,8559,294970545234119,294970545311023,0,0,88,0,128,32,1,1,163840,1,1
KERNEL_DISPATCH,Agent 2,2,1,2096183,8692,55,fused_rmsnorm_mq_rotate_awq,8559,294970545317556,294970545323887,0,0,88,0,128,256,1,1,256,1,1
KERNEL_DISPATCH,Agent 2,2,1,2096183,8693,65,fused_gate_up_mq4g256v2,8559,294970545325891,294970545756857,0,0,80,0,128,32,1,1,1114112,1,1
KERNEL_DISPATCH,Agent 2,2,1,2096183,8694,66,fused_silu_mul_mq_rotate_awq,8559,294970545763510,294970545765674,0,0,56,0,128,32,1,1,2176,1,1
KERNEL_DISPATCH,Agent 2,2,1,2096183,8695,64,gemv_mq4g256v2_residual_row_serial_gfx1151,8559,294970545767638,294970545983401,0,0,88,0,128,32,1,1,163840,1,1
KERNEL_DISPATCH,Agent 2,2,1,2096183,8696,55,fused_rmsnorm_mq_rotate_awq,8559,294970545989853,294970545996706,0,0,88,0,128,256,1,1,256,1,1
KERNEL_DISPATCH,Agent 2,2,1,2096183,8697,56,fused_qkvza_mq4g256v2,8559,294970545998710,294970546196841,0,0,80,0,128,32,1,1,527360,1,1
KERNEL_DISPATCH,Agent 2,2,1,2096183,8698,57,fused_sigmoid_alpha_gate_f32,8559,294970546203573,294970546205256,0,0,16,0,128,256,1,1,256,1,1
KERNEL_DISPATCH,Agent 2,2,1,2096183,8699,58,conv1d_silu_split_qknorm_b256,8559,294970546207260,294970546209825,1024,0,24,0,128,256,1,1,10240,1,1
KERNEL_DISPATCH,Agent 2,2,1,2096183,8700,59,repeat_interleave_qk_f32,8559,294970546211829,294970546212991,0,0,8,0,128,256,1,1,6144,1,1
KERNEL_DISPATCH,Agent 2,2,1,2096183,8701,61,gated_delta_net_q8_fast,8559,294970546214995,294970546243288,2048,0,64,0,128,32,1,1,1536,32,1
KERNEL_DISPATCH,Agent 2,2,1,2096183,8702,62,gated_norm_f32,8559,294970546245492,294970546248016,0,0,24,0,128,32,1,1,1536,1,1
KERNEL_DISPATCH,Agent 2,2,1,2096183,8703,63,rotate_x_mq_awq,8559,294970546250020,294970546251583,0,0,80,0,128,32,1,1,768,1,1
KERNEL_DISPATCH,Agent 2,2,1,2096183,8704,64,gemv_mq4g256v2_residual_row_serial_gfx1151,8559,294970546253587,294970546330811,0,0,88,0,128,32,1,1,163840,1,1
KERNEL_DISPATCH,Agent 2,2,1,2096183,8705,55,fused_rmsnorm_mq_rotate_awq,8559,294970546337384,294970546343996,0,0,88,0,128,256,1,1,256,1,1
KERNEL_DISPATCH,Agent 2,2,1,2096183,8706,65,fused_gate_up_mq4g256v2,8559,294970546346000,294970546776325,0,0,80,0,128,32,1,1,1114112,1,1
KERNEL_DISPATCH,Agent 2,2,1,2096183,8707,66,fused_silu_mul_mq_rotate_awq,8559,294970546782977,294970546785181,0,0,56,0,128,32,1,1,2176,1,1
KERNEL_DISPATCH,Agent 2,2,1,2096183,8708,64,gemv_mq4g256v2_residual_row_serial_gfx1151,8559,294970546787185,294970547000544,0,0,88,0,128,32,1,1,163840,1,1
KERNEL_DISPATCH,Agent 2,2,1,2096183,8709,55,fused_rmsnorm_mq_rotate_awq,8559,294970547007036,294970547013609,0,0,88,0,128,256,1,1,256,1,1
KERNEL_DISPATCH,Agent 2,2,1,2096183,8710,67,fused_qkv_mq4g256v2,8559,294970547015572,294970547188296,0,0,80,0,128,32,1,1,458752,1,1
KERNEL_DISPATCH,Agent 2,2,1,2096183,8711,68,deinterleave_f32,8559,294970547194828,294970547196311,0,0,8,0,128,256,1,1,6144,1,1
KERNEL_DISPATCH,Agent 2,2,1,2096183,8712,33,rmsnorm_f32,8559,294970547198354,294970547200278,0,0,16,0,128,256,1,1,6144,1,1
KERNEL_DISPATCH,Agent 2,2,1,2096183,8713,33,rmsnorm_f32,8559,294970547202121,294970547203925,0,0,16,0,128,256,1,1,1024,1,1
KERNEL_DISPATCH,Agent 2,2,1,2096183,8714,69,rope_partial_halfsplit_f32,8559,294970547206009,294970547210217,0,0,16,0,128,32,1,1,32,1,1
KERNEL_DISPATCH,Agent 2,2,1,2096183,8715,71,kv_cache_write_q8_0,8559,294970547212260,294970547213703,0,0,8,0,128,32,1,1,1024,1,1
KERNEL_DISPATCH,Agent 2,2,1,2096183,8716,71,kv_cache_write_q8_0,8559,294970547215547,294970547220796,0,0,8,0,128,32,1,1,1024,1,1
KERNEL_DISPATCH,Agent 2,2,1,2096183,8717,72,attention_flash_q8_0_tile,8559,294970547222840,294970547398168,0,0,48,0,128,32,1,1,768,2048,1
KERNEL_DISPATCH,Agent 2,2,1,2096183,8718,73,attention_flash_q8_0_reduce,8559,294970547404821,294970547419809,512,0,24,0,128,256,1,1,6144,1,1
KERNEL_DISPATCH,Agent 2,2,1,2096183,8719,74,sigmoid_mul_f32,8559,294970547421813,294970547422935,0,0,16,0,128,256,1,1,6144,1,1
KERNEL_DISPATCH,Agent 2,2,1,2096183,8720,63,rotate_x_mq_awq,8559,294970547424978,294970547426541,0,0,80,0,128,32,1,1,768,1,1
KERNEL_DISPATCH,Agent 2,2,1,2096183,8721,64,gemv_mq4g256v2_residual_row_serial_gfx1151,8559,294970547428545,294970547507413,0,0,88,0,128,32,1,1,163840,1,1
KERNEL_DISPATCH,Agent 2,2,1,2096183,8722,55,fused_rmsnorm_mq_rotate_awq,8559,294970547513945,294970547520357,0,0,88,0,128,256,1,1,256,1,1
KERNEL_DISPATCH,Agent 2,2,1,2096183,8723,65,fused_gate_up_mq4g256v2,8559,294970547522401,294970547946274,0,0,80,0,128,32,1,1,1114112,1,1
KERNEL_DISPATCH,Agent 2,2,1,2096183,8724,66,fused_silu_mul_mq_rotate_awq,8559,294970547952966,294970547955251,0,0,56,0,128,32,1,1,2176,1,1
KERNEL_DISPATCH,Agent 2,2,1,2096183,8725,64,gemv_mq4g256v2_residual_row_serial_gfx1151,8559,294970547957174,294970548173339,0,0,88,0,128,32,1,1,163840,1,1
KERNEL_DISPATCH,Agent 2,2,1,2096183,8726,55,fused_rmsnorm_mq_rotate_awq,8559,294970548179991,294970548186363,0,0,88,0,128,256,1,1,256,1,1
KERNEL_DISPATCH,Agent 2,2,1,2096183,8727,56,fused_qkvza_mq4g256v2,8559,294970548188367,294970548387820,0,0,80,0,128,32,1,1,527360,1,1
KERNEL_DISPATCH,Agent 2,2,1,2096183,8728,57,fused_sigmoid_alpha_gate_f32,8559,294970548394352,294970548395955,0,0,16,0,128,256,1,1,256,1,1
KERNEL_DISPATCH,Agent 2,2,1,2096183,8729,58,conv1d_silu_split_qknorm_b256,8559,294970548398039,294970548401125,1024,0,24,0,128,256,1,1,10240,1,1
KERNEL_DISPATCH,Agent 2,2,1,2096183,8730,59,repeat_interleave_qk_f32,8559,294970548403129,294970548404411,0,0,8,0,128,256,1,1,6144,1,1
KERNEL_DISPATCH,Agent 2,2,1,2096183,8731,61,gated_delta_net_q8_fast,8559,294970548406655,294970548434908,2048,0,64,0,128,32,1,1,1536,32,1
KERNEL_DISPATCH,Agent 2,2,1,2096183,8732,62,gated_norm_f32,8559,294970548436952,294970548439517,0,0,24,0,128,32,1,1,1536,1,1
KERNEL_DISPATCH,Agent 2,2,1,2096183,8733,63,rotate_x_mq_awq,8559,294970548441520,294970548443203,0,0,80,0,128,32,1,1,768,1,1
KERNEL_DISPATCH,Agent 2,2,1,2096183,8734,64,gemv_mq4g256v2_residual_row_serial_gfx1151,8559,294970548445207,294970548521350,0,0,88,0,128,32,1,1,163840,1,1
KERNEL_DISPATCH,Agent 2,2,1,2096183,8735,55,fused_rmsnorm_mq_rotate_awq,8559,294970548527882,294970548534254,0,0,88,0,128,256,1,1,256,1,1
KERNEL_DISPATCH,Agent 2,2,1,2096183,8736,65,fused_gate_up_mq4g256v2,8559,294970548536258,294970548965661,0,0,80,0,128,32,1,1,1114112,1,1
KERNEL_DISPATCH,Agent 2,2,1,2096183,8737,66,fused_silu_mul_mq_rotate_awq,8559,294970548972273,294970548974638,0,0,56,0,128,32,1,1,2176,1,1
KERNEL_DISPATCH,Agent 2,2,1,2096183,8738,64,gemv_mq4g256v2_residual_row_serial_gfx1151,8559,294970548976642,294970549190642,0,0,88,0,128,32,1,1,163840,1,1
KERNEL_DISPATCH,Agent 2,2,1,2096183,8739,55,fused_rmsnorm_mq_rotate_awq,8559,294970549197174,294970549203346,0,0,88,0,128,256,1,1,256,1,1
KERNEL_DISPATCH,Agent 2,2,1,2096183,8740,56,fused_qkvza_mq4g256v2,8559,294970549205390,294970549404362,0,0,80,0,128,32,1,1,527360,1,1
KERNEL_DISPATCH,Agent 2,2,1,2096183,8741,57,fused_sigmoid_alpha_gate_f32,8559,294970549410894,294970549412657,0,0,16,0,128,256,1,1,256,1,1
KERNEL_DISPATCH,Agent 2,2,1,2096183,8742,58,conv1d_silu_split_qknorm_b256,8559,294970549414661,294970549417386,1024,0,24,0,128,256,1,1,10240,1,1
KERNEL_DISPATCH,Agent 2,2,1,2096183,8743,59,repeat_interleave_qk_f32,8559,294970549419350,294970549420512,0,0,8,0,128,256,1,1,6144,1,1
KERNEL_DISPATCH,Agent 2,2,1,2096183,8744,61,gated_delta_net_q8_fast,8559,294970549422476,294970549450568,2048,0,64,0,128,32,1,1,1536,32,1
KERNEL_DISPATCH,Agent 2,2,1,2096183,8745,62,gated_norm_f32,8559,294970549452612,294970549455618,0,0,24,0,128,32,1,1,1536,1,1
KERNEL_DISPATCH,Agent 2,2,1,2096183,8746,63,rotate_x_mq_awq,8559,294970549457621,294970549459345,0,0,80,0,128,32,1,1,768,1,1
KERNEL_DISPATCH,Agent 2,2,1,2096183,8747,64,gemv_mq4g256v2_residual_row_serial_gfx1151,8559,294970549461348,294970549539655,0,0,88,0,128,32,1,1,163840,1,1
KERNEL_DISPATCH,Agent 2,2,1,2096183,8748,55,fused_rmsnorm_mq_rotate_awq,8559,294970549546187,294970549552359,0,0,88,0,128,256,1,1,256,1,1
KERNEL_DISPATCH,Agent 2,2,1,2096183,8749,65,fused_gate_up_mq4g256v2,8559,294970549554402,294970549984567,0,0,80,0,128,32,1,1,1114112,1,1
KERNEL_DISPATCH,Agent 2,2,1,2096183,8750,66,fused_silu_mul_mq_rotate_awq,8559,294970549991300,294970549993664,0,0,56,0,128,32,1,1,2176,1,1
KERNEL_DISPATCH,Agent 2,2,1,2096183,8751,64,gemv_mq4g256v2_residual_row_serial_gfx1151,8559,294970549995668,294970550212353,0,0,88,0,128,32,1,1,163840,1,1
KERNEL_DISPATCH,Agent 2,2,1,2096183,8752,55,fused_rmsnorm_mq_rotate_awq,8559,294970550218886,294970550225258,0,0,88,0,128,256,1,1,256,1,1
KERNEL_DISPATCH,Agent 2,2,1,2096183,8753,56,fused_qkvza_mq4g256v2,8559,294970550227301,294970550426073,0,0,80,0,128,32,1,1,527360,1,1
KERNEL_DISPATCH,Agent 2,2,1,2096183,8754,57,fused_sigmoid_alpha_gate_f32,8559,294970550432646,294970550434289,0,0,16,0,128,256,1,1,256,1,1
KERNEL_DISPATCH,Agent 2,2,1,2096183,8755,58,conv1d_silu_split_qknorm_b256,8559,294970550436333,294970550439098,1024,0,24,0,128,256,1,1,10240,1,1
KERNEL_DISPATCH,Agent 2,2,1,2096183,8756,59,repeat_interleave_qk_f32,8559,294970550441182,294970550442304,0,0,8,0,128,256,1,1,6144,1,1
KERNEL_DISPATCH,Agent 2,2,1,2096183,8757,61,gated_delta_net_q8_fast,8559,294970550444307,294970550471438,2048,0,64,0,128,32,1,1,1536,32,1
KERNEL_DISPATCH,Agent 2,2,1,2096183,8758,62,gated_norm_f32,8559,294970550473442,294970550475927,0,0,24,0,128,32,1,1,1536,1,1
KERNEL_DISPATCH,Agent 2,2,1,2096183,8759,63,rotate_x_mq_awq,8559,294970550477970,294970550479533,0,0,80,0,128,32,1,1,768,1,1
KERNEL_DISPATCH,Agent 2,2,1,2096183,8760,64,gemv_mq4g256v2_residual_row_serial_gfx1151,8559,294970550481497,294970550558762,0,0,88,0,128,32,1,1,163840,1,1
KERNEL_DISPATCH,Agent 2,2,1,2096183,8761,55,fused_rmsnorm_mq_rotate_awq,8559,294970550565294,294970550571546,0,0,88,0,128,256,1,1,256,1,1
KERNEL_DISPATCH,Agent 2,2,1,2096183,8762,65,fused_gate_up_mq4g256v2,8559,294970550573549,294970551003754,0,0,80,0,128,32,1,1,1114112,1,1
KERNEL_DISPATCH,Agent 2,2,1,2096183,8763,66,fused_silu_mul_mq_rotate_awq,8559,294970551010407,294970551012571,0,0,56,0,128,32,1,1,2176,1,1
KERNEL_DISPATCH,Agent 2,2,1,2096183,8764,64,gemv_mq4g256v2_residual_row_serial_gfx1151,8559,294970551014574,294970551229416,0,0,88,0,128,32,1,1,163840,1,1
KERNEL_DISPATCH,Agent 2,2,1,2096183,8765,55,fused_rmsnorm_mq_rotate_awq,8559,294970551236069,294970551242321,0,0,88,0,128,256,1,1,256,1,1
KERNEL_DISPATCH,Agent 2,2,1,2096183,8766,67,fused_qkv_mq4g256v2,8559,294970551244364,294970551417649,0,0,80,0,128,32,1,1,458752,1,1
KERNEL_DISPATCH,Agent 2,2,1,2096183,8767,68,deinterleave_f32,8559,294970551424181,294970551425664,0,0,8,0,128,256,1,1,6144,1,1
KERNEL_DISPATCH,Agent 2,2,1,2096183,8768,33,rmsnorm_f32,8559,294970551427667,294970551429551,0,0,16,0,128,256,1,1,6144,1,1
KERNEL_DISPATCH,Agent 2,2,1,2096183,8769,33,rmsnorm_f32,8559,294970551431394,294970551433198,0,0,16,0,128,256,1,1,1024,1,1
KERNEL_DISPATCH,Agent 2,2,1,2096183,8770,69,rope_partial_halfsplit_f32,8559,294970551435282,294970551439890,0,0,16,0,128,32,1,1,32,1,1
KERNEL_DISPATCH,Agent 2,2,1,2096183,8771,71,kv_cache_write_q8_0,8559,294970551441894,294970551443337,0,0,8,0,128,32,1,1,1024,1,1
KERNEL_DISPATCH,Agent 2,2,1,2096183,8772,71,kv_cache_write_q8_0,8559,294970551445180,294970551446382,0,0,8,0,128,32,1,1,1024,1,1
KERNEL_DISPATCH,Agent 2,2,1,2096183,8773,72,attention_flash_q8_0_tile,8559,294970551448386,294970551620789,0,0,48,0,128,32,1,1,768,2048,1
KERNEL_DISPATCH,Agent 2,2,1,2096183,8774,73,attention_flash_q8_0_reduce,8559,294970551627321,294970551642710,512,0,24,0,128,256,1,1,6144,1,1
KERNEL_DISPATCH,Agent 2,2,1,2096183,8775,74,sigmoid_mul_f32,8559,294970551644753,294970551645876,0,0,16,0,128,256,1,1,6144,1,1
KERNEL_DISPATCH,Agent 2,2,1,2096183,8776,63,rotate_x_mq_awq,8559,294970551647879,294970551650123,0,0,80,0,128,32,1,1,768,1,1
KERNEL_DISPATCH,Agent 2,2,1,2096183,8777,64,gemv_mq4g256v2_residual_row_serial_gfx1151,8559,294970551652127,294970551728590,0,0,88,0,128,32,1,1,163840,1,1
KERNEL_DISPATCH,Agent 2,2,1,2096183,8778,55,fused_rmsnorm_mq_rotate_awq,8559,294970551735323,294970551741815,0,0,88,0,128,256,1,1,256,1,1
KERNEL_DISPATCH,Agent 2,2,1,2096183,8779,65,fused_gate_up_mq4g256v2,8559,294970551743859,294970552168814,0,0,80,0,128,32,1,1,1114112,1,1
KERNEL_DISPATCH,Agent 2,2,1,2096183,8780,66,fused_silu_mul_mq_rotate_awq,8559,294970552175506,294970552180796,0,0,56,0,128,32,1,1,2176,1,1
KERNEL_DISPATCH,Agent 2,2,1,2096183,8781,64,gemv_mq4g256v2_residual_row_serial_gfx1151,8559,294970552182880,294970552398163,0,0,88,0,128,32,1,1,163840,1,1
KERNEL_DISPATCH,Agent 2,2,1,2096183,8782,55,fused_rmsnorm_mq_rotate_awq,8559,294970552404775,294970552411388,0,0,88,0,128,256,1,1,256,1,1
KERNEL_DISPATCH,Agent 2,2,1,2096183,8783,56,fused_qkvza_mq4g256v2,8559,294970552413512,294970552612123,0,0,80,0,128,32,1,1,527360,1,1
KERNEL_DISPATCH,Agent 2,2,1,2096183,8784,57,fused_sigmoid_alpha_gate_f32,8559,294970552618696,294970552620259,0,0,16,0,128,256,1,1,256,1,1
KERNEL_DISPATCH,Agent 2,2,1,2096183,8785,58,conv1d_silu_split_qknorm_b256,8559,294970552622262,294970552625228,1024,0,24,0,128,256,1,1,10240,1,1
KERNEL_DISPATCH,Agent 2,2,1,2096183,8786,59,repeat_interleave_qk_f32,8559,294970552627272,294970552628434,0,0,8,0,128,256,1,1,6144,1,1
KERNEL_DISPATCH,Agent 2,2,1,2096183,8787,61,gated_delta_net_q8_fast,8559,294970552630478,294970552657448,2048,0,64,0,128,32,1,1,1536,32,1
KERNEL_DISPATCH,Agent 2,2,1,2096183,8788,62,gated_norm_f32,8559,294970552659492,294970552662217,0,0,24,0,128,32,1,1,1536,1,1
KERNEL_DISPATCH,Agent 2,2,1,2096183,8789,63,rotate_x_mq_awq,8559,294970552664221,294970552665984,0,0,80,0,128,32,1,1,768,1,1
KERNEL_DISPATCH,Agent 2,2,1,2096183,8790,64,gemv_mq4g256v2_residual_row_serial_gfx1151,8559,294970552667988,294970552743850,0,0,88,0,128,32,1,1,163840,1,1
KERNEL_DISPATCH,Agent 2,2,1,2096183,8791,55,fused_rmsnorm_mq_rotate_awq,8559,294970552750342,294970552756754,0,0,88,0,128,256,1,1,256,1,1
KERNEL_DISPATCH,Agent 2,2,1,2096183,8792,65,fused_gate_up_mq4g256v2,8559,294970552758758,294970553187840,0,0,80,0,128,32,1,1,1114112,1,1
KERNEL_DISPATCH,Agent 2,2,1,2096183,8793,66,fused_silu_mul_mq_rotate_awq,8559,294970553194533,294970553196938,0,0,56,0,128,32,1,1,2176,1,1
KERNEL_DISPATCH,Agent 2,2,1,2096183,8794,64,gemv_mq4g256v2_residual_row_serial_gfx1151,8559,294970553198981,294970553413823,0,0,88,0,128,32,1,1,163840,1,1
KERNEL_DISPATCH,Agent 2,2,1,2096183,8795,55,fused_rmsnorm_mq_rotate_awq,8559,294970553420396,294970553426727,0,0,88,0,128,256,1,1,256,1,1
KERNEL_DISPATCH,Agent 2,2,1,2096183,8796,56,fused_qkvza_mq4g256v2,8559,294970553428731,294970553628345,0,0,80,0,128,32,1,1,527360,1,1
KERNEL_DISPATCH,Agent 2,2,1,2096183,8797,57,fused_sigmoid_alpha_gate_f32,8559,294970553634837,294970553636680,0,0,16,0,128,256,1,1,256,1,1
KERNEL_DISPATCH,Agent 2,2,1,2096183,8798,58,conv1d_silu_split_qknorm_b256,8559,294970553638684,294970553641810,1024,0,24,0,128,256,1,1,10240,1,1
KERNEL_DISPATCH,Agent 2,2,1,2096183,8799,59,repeat_interleave_qk_f32,8559,294970553643814,294970553644976,0,0,8,0,128,256,1,1,6144,1,1
KERNEL_DISPATCH,Agent 2,2,1,2096183,8800,61,gated_delta_net_q8_fast,8559,294970553646980,294970553674832,2048,0,64,0,128,32,1,1,1536,32,1
KERNEL_DISPATCH,Agent 2,2,1,2096183,8801,62,gated_norm_f32,8559,294970553676835,294970553679520,0,0,24,0,128,32,1,1,1536,1,1
KERNEL_DISPATCH,Agent 2,2,1,2096183,8802,63,rotate_x_mq_awq,8559,294970553681564,294970553683167,0,0,80,0,128,32,1,1,768,1,1
KERNEL_DISPATCH,Agent 2,2,1,2096183,8803,64,gemv_mq4g256v2_residual_row_serial_gfx1151,8559,294970553685171,294970553762636,0,0,88,0,128,32,1,1,163840,1,1
KERNEL_DISPATCH,Agent 2,2,1,2096183,8804,55,fused_rmsnorm_mq_rotate_awq,8559,294970553769168,294970553775460,0,0,88,0,128,256,1,1,256,1,1
KERNEL_DISPATCH,Agent 2,2,1,2096183,8805,65,fused_gate_up_mq4g256v2,8559,294970553777464,294970554206947,0,0,80,0,128,32,1,1,1114112,1,1
KERNEL_DISPATCH,Agent 2,2,1,2096183,8806,66,fused_silu_mul_mq_rotate_awq,8559,294970554213560,294970554215764,0,0,56,0,128,32,1,1,2176,1,1
KERNEL_DISPATCH,Agent 2,2,1,2096183,8807,64,gemv_mq4g256v2_residual_row_serial_gfx1151,8559,294970554217727,294970554432569,0,0,88,0,128,32,1,1,163840,1,1
KERNEL_DISPATCH,Agent 2,2,1,2096183,8808,55,fused_rmsnorm_mq_rotate_awq,8559,294970554439061,294970554445353,0,0,88,0,128,256,1,1,256,1,1
KERNEL_DISPATCH,Agent 2,2,1,2096183,8809,56,fused_qkvza_mq4g256v2,8559,294970554447357,294970554646209,0,0,80,0,128,32,1,1,527360,1,1
KERNEL_DISPATCH,Agent 2,2,1,2096183,8810,57,fused_sigmoid_alpha_gate_f32,8559,294970554652781,294970554654464,0,0,16,0,128,256,1,1,256,1,1
KERNEL_DISPATCH,Agent 2,2,1,2096183,8811,58,conv1d_silu_split_qknorm_b256,8559,294970554656468,294970554659233,1024,0,24,0,128,256,1,1,10240,1,1
KERNEL_DISPATCH,Agent 2,2,1,2096183,8812,59,repeat_interleave_qk_f32,8559,294970554661237,294970554666527,0,0,8,0,128,256,1,1,6144,1,1
KERNEL_DISPATCH,Agent 2,2,1,2096183,8813,61,gated_delta_net_q8_fast,8559,294970554668611,294970554696263,2048,0,64,0,128,32,1,1,1536,32,1
KERNEL_DISPATCH,Agent 2,2,1,2096183,8814,62,gated_norm_f32,8559,294970554698387,294970554700871,0,0,24,0,128,32,1,1,1536,1,1
KERNEL_DISPATCH,Agent 2,2,1,2096183,8815,63,rotate_x_mq_awq,8559,294970554702915,294970554704478,0,0,80,0,128,32,1,1,768,1,1
KERNEL_DISPATCH,Agent 2,2,1,2096183,8816,64,gemv_mq4g256v2_residual_row_serial_gfx1151,8559,294970554706482,294970554783907,0,0,88,0,128,32,1,1,163840,1,1
KERNEL_DISPATCH,Agent 2,2,1,2096183,8817,55,fused_rmsnorm_mq_rotate_awq,8559,294970554790399,294970554796771,0,0,88,0,128,256,1,1,256,1,1
KERNEL_DISPATCH,Agent 2,2,1,2096183,8818,65,fused_gate_up_mq4g256v2,8559,294970554798815,294970555229380,0,0,80,0,128,32,1,1,1114112,1,1
KERNEL_DISPATCH,Agent 2,2,1,2096183,8819,66,fused_silu_mul_mq_rotate_awq,8559,294970555236113,294970555238397,0,0,56,0,128,32,1,1,2176,1,1
KERNEL_DISPATCH,Agent 2,2,1,2096183,8820,64,gemv_mq4g256v2_residual_row_serial_gfx1151,8559,294970555240401,294970555455082,0,0,88,0,128,32,1,1,163840,1,1
KERNEL_DISPATCH,Agent 2,2,1,2096183,8821,55,fused_rmsnorm_mq_rotate_awq,8559,294970555461695,294970555468347,0,0,88,0,128,256,1,1,256,1,1
KERNEL_DISPATCH,Agent 2,2,1,2096183,8822,67,fused_qkv_mq4g256v2,8560,294970555470672,294970555645599,0,0,80,0,128,32,1,1,458752,1,1
KERNEL_DISPATCH,Agent 2,2,1,2096183,8823,68,deinterleave_f32,8560,294970555652372,294970555653694,0,0,8,0,128,256,1,1,6144,1,1
KERNEL_DISPATCH,Agent 2,2,1,2096183,8824,33,rmsnorm_f32,8560,294970555655698,294970555657621,0,0,16,0,128,256,1,1,6144,1,1
KERNEL_DISPATCH,Agent 2,2,1,2096183,8825,33,rmsnorm_f32,8560,294970555659465,294970555661308,0,0,16,0,128,256,1,1,1024,1,1
KERNEL_DISPATCH,Agent 2,2,1,2096183,8826,69,rope_partial_halfsplit_f32,8560,294970555663312,294970555667440,0,0,16,0,128,32,1,1,32,1,1
KERNEL_DISPATCH,Agent 2,2,1,2096183,8827,71,kv_cache_write_q8_0,8560,294970555669564,294970555671006,0,0,8,0,128,32,1,1,1024,1,1
KERNEL_DISPATCH,Agent 2,2,1,2096183,8828,71,kv_cache_write_q8_0,8560,294970555672850,294970555674092,0,0,8,0,128,32,1,1,1024,1,1
KERNEL_DISPATCH,Agent 2,2,1,2096183,8829,72,attention_flash_q8_0_tile,8560,294970555676096,294970555846695,0,0,48,0,128,32,1,1,768,2048,1
KERNEL_DISPATCH,Agent 2,2,1,2096183,8830,73,attention_flash_q8_0_reduce,8560,294970555853267,294970555868175,512,0,24,0,128,256,1,1,6144,1,1
KERNEL_DISPATCH,Agent 2,2,1,2096183,8831,74,sigmoid_mul_f32,8560,294970555870419,294970555871542,0,0,16,0,128,256,1,1,6144,1,1
KERNEL_DISPATCH,Agent 2,2,1,2096183,8832,63,rotate_x_mq_awq,8560,294970555873585,294970555875108,0,0,80,0,128,32,1,1,768,1,1
KERNEL_DISPATCH,Agent 2,2,1,2096183,8833,64,gemv_mq4g256v2_residual_row_serial_gfx1151,8560,294970555877112,294970555956380,0,0,88,0,128,32,1,1,163840,1,1
KERNEL_DISPATCH,Agent 2,2,1,2096183,8834,55,fused_rmsnorm_mq_rotate_awq,8560,294970555962953,294970555969284,0,0,88,0,128,256,1,1,256,1,1
KERNEL_DISPATCH,Agent 2,2,1,2096183,8835,65,fused_gate_up_mq4g256v2,8560,294970555971368,294970556394801,0,0,80,0,128,32,1,1,1114112,1,1
KERNEL_DISPATCH,Agent 2,2,1,2096183,8836,66,fused_silu_mul_mq_rotate_awq,8560,294970556401493,294970556403737,0,0,56,0,128,32,1,1,2176,1,1
KERNEL_DISPATCH,Agent 2,2,1,2096183,8837,64,gemv_mq4g256v2_residual_row_serial_gfx1151,8560,294970556405701,294970556621745,0,0,88,0,128,32,1,1,163840,1,1
KERNEL_DISPATCH,Agent 2,2,1,2096183,8838,55,fused_rmsnorm_mq_rotate_awq,8560,294970556628398,294970556634689,0,0,88,0,128,256,1,1,256,1,1
KERNEL_DISPATCH,Agent 2,2,1,2096183,8839,56,fused_qkvza_mq4g256v2,8560,294970556636693,294970556835144,0,0,80,0,128,32,1,1,527360,1,1
KERNEL_DISPATCH,Agent 2,2,1,2096183,8840,57,fused_sigmoid_alpha_gate_f32,8560,294970556841717,294970556843280,0,0,16,0,128,256,1,1,256,1,1
KERNEL_DISPATCH,Agent 2,2,1,2096183,8841,58,conv1d_silu_split_qknorm_b256,8560,294970556845323,294970556848289,1024,0,24,0,128,256,1,1,10240,1,1
KERNEL_DISPATCH,Agent 2,2,1,2096183,8842,59,repeat_interleave_qk_f32,8560,294970556850333,294970556851455,0,0,8,0,128,256,1,1,6144,1,1
KERNEL_DISPATCH,Agent 2,2,1,2096183,8843,61,gated_delta_net_q8_fast,8560,294970556853499,294970556881912,2048,0,64,0,128,32,1,1,1536,32,1
KERNEL_DISPATCH,Agent 2,2,1,2096183,8844,62,gated_norm_f32,8560,294970556883996,294970556889246,0,0,24,0,128,32,1,1,1536,1,1
KERNEL_DISPATCH,Agent 2,2,1,2096183,8845,63,rotate_x_mq_awq,8560,294970556891249,294970556892973,0,0,80,0,128,32,1,1,768,1,1
KERNEL_DISPATCH,Agent 2,2,1,2096183,8846,64,gemv_mq4g256v2_residual_row_serial_gfx1151,8560,294970556894976,294970556972241,0,0,88,0,128,32,1,1,163840,1,1
KERNEL_DISPATCH,Agent 2,2,1,2096183,8847,55,fused_rmsnorm_mq_rotate_awq,8560,294970556978733,294970556984945,0,0,88,0,128,256,1,1,256,1,1
KERNEL_DISPATCH,Agent 2,2,1,2096183,8848,65,fused_gate_up_mq4g256v2,8560,294970556986989,294970557417033,0,0,80,0,128,32,1,1,1114112,1,1
KERNEL_DISPATCH,Agent 2,2,1,2096183,8849,66,fused_silu_mul_mq_rotate_awq,8560,294970557423726,294970557426130,0,0,56,0,128,32,1,1,2176,1,1
KERNEL_DISPATCH,Agent 2,2,1,2096183,8850,64,gemv_mq4g256v2_residual_row_serial_gfx1151,8560,294970557428174,294970557643216,0,0,88,0,128,32,1,1,163840,1,1
KERNEL_DISPATCH,Agent 2,2,1,2096183,8851,55,fused_rmsnorm_mq_rotate_awq,8560,294970557649708,294970557656161,0,0,88,0,128,256,1,1,256,1,1
KERNEL_DISPATCH,Agent 2,2,1,2096183,8852,56,fused_qkvza_mq4g256v2,8560,294970557658204,294970557857417,0,0,80,0,128,32,1,1,527360,1,1
KERNEL_DISPATCH,Agent 2,2,1,2096183,8853,57,fused_sigmoid_alpha_gate_f32,8560,294970557863909,294970557865793,0,0,16,0,128,256,1,1,256,1,1
KERNEL_DISPATCH,Agent 2,2,1,2096183,8854,58,conv1d_silu_split_qknorm_b256,8560,294970557867756,294970557870441,1024,0,24,0,128,256,1,1,10240,1,1
KERNEL_DISPATCH,Agent 2,2,1,2096183,8855,59,repeat_interleave_qk_f32,8560,294970557872405,294970557873567,0,0,8,0,128,256,1,1,6144,1,1
KERNEL_DISPATCH,Agent 2,2,1,2096183,8856,61,gated_delta_net_q8_fast,8560,294970557875531,294970557903624,2048,0,64,0,128,32,1,1,1536,32,1
KERNEL_DISPATCH,Agent 2,2,1,2096183,8857,62,gated_norm_f32,8560,294970557905627,294970557908473,0,0,24,0,128,32,1,1,1536,1,1
KERNEL_DISPATCH,Agent 2,2,1,2096183,8858,63,rotate_x_mq_awq,8560,294970557910476,294970557912039,0,0,80,0,128,32,1,1,768,1,1
KERNEL_DISPATCH,Agent 2,2,1,2096183,8859,64,gemv_mq4g256v2_residual_row_serial_gfx1151,8560,294970557914043,294970557991388,0,0,88,0,128,32,1,1,163840,1,1
KERNEL_DISPATCH,Agent 2,2,1,2096183,8860,55,fused_rmsnorm_mq_rotate_awq,8560,294970557997920,294970558004372,0,0,88,0,128,256,1,1,256,1,1
KERNEL_DISPATCH,Agent 2,2,1,2096183,8861,65,fused_gate_up_mq4g256v2,8560,294970558006376,294970558436140,0,0,80,0,128,32,1,1,1114112,1,1
KERNEL_DISPATCH,Agent 2,2,1,2096183,8862,66,fused_silu_mul_mq_rotate_awq,8560,294970558442792,294970558445036,0,0,56,0,128,32,1,1,2176,1,1
KERNEL_DISPATCH,Agent 2,2,1,2096183,8863,64,gemv_mq4g256v2_residual_row_serial_gfx1151,8560,294970558447040,294970558662724,0,0,88,0,128,32,1,1,163840,1,1
KERNEL_DISPATCH,Agent 2,2,1,2096183,8864,55,fused_rmsnorm_mq_rotate_awq,8560,294970558669256,294970558675668,0,0,88,0,128,256,1,1,256,1,1
KERNEL_DISPATCH,Agent 2,2,1,2096183,8865,56,fused_qkvza_mq4g256v2,8560,294970558677712,294970558875522,0,0,80,0,128,32,1,1,527360,1,1
KERNEL_DISPATCH,Agent 2,2,1,2096183,8866,57,fused_sigmoid_alpha_gate_f32,8560,294970558882094,294970558883577,0,0,16,0,128,256,1,1,256,1,1
KERNEL_DISPATCH,Agent 2,2,1,2096183,8867,58,conv1d_silu_split_qknorm_b256,8560,294970558885581,294970558888306,1024,0,24,0,128,256,1,1,10240,1,1
KERNEL_DISPATCH,Agent 2,2,1,2096183,8868,59,repeat_interleave_qk_f32,8560,294970558890350,294970558891472,0,0,8,0,128,256,1,1,6144,1,1
KERNEL_DISPATCH,Agent 2,2,1,2096183,8869,61,gated_delta_net_q8_fast,8560,294970558893435,294970558921969,2048,0,64,0,128,32,1,1,1536,32,1
KERNEL_DISPATCH,Agent 2,2,1,2096183,8870,62,gated_norm_f32,8560,294970558923973,294970558926577,0,0,24,0,128,32,1,1,1536,1,1
KERNEL_DISPATCH,Agent 2,2,1,2096183,8871,63,rotate_x_mq_awq,8560,294970558928581,294970558930104,0,0,80,0,128,32,1,1,768,1,1
KERNEL_DISPATCH,Agent 2,2,1,2096183,8872,64,gemv_mq4g256v2_residual_row_serial_gfx1151,8560,294970558932068,294970559009733,0,0,88,0,128,32,1,1,163840,1,1
KERNEL_DISPATCH,Agent 2,2,1,2096183,8873,55,fused_rmsnorm_mq_rotate_awq,8560,294970559016265,294970559022557,0,0,88,0,128,256,1,1,256,1,1
KERNEL_DISPATCH,Agent 2,2,1,2096183,8874,65,fused_gate_up_mq4g256v2,8560,294970559024561,294970559453964,0,0,80,0,128,32,1,1,1114112,1,1
KERNEL_DISPATCH,Agent 2,2,1,2096183,8875,66,fused_silu_mul_mq_rotate_awq,8560,294970559460857,294970559463061,0,0,56,0,128,32,1,1,2176,1,1
KERNEL_DISPATCH,Agent 2,2,1,2096183,8876,64,gemv_mq4g256v2_residual_row_serial_gfx1151,8560,294970559465025,294970559683594,0,0,88,0,128,32,1,1,163840,1,1
KERNEL_DISPATCH,Agent 2,2,1,2096183,8877,55,fused_rmsnorm_mq_rotate_awq,8560,294970559690206,294970559696498,0,0,88,0,128,256,1,1,256,1,1
KERNEL_DISPATCH,Agent 2,2,1,2096183,8878,67,fused_qkv_mq4g256v2,8560,294970559698662,294970559871345,0,0,80,0,128,32,1,1,458752,1,1
KERNEL_DISPATCH,Agent 2,2,1,2096183,8879,68,deinterleave_f32,8560,294970559877957,294970559879440,0,0,8,0,128,256,1,1,6144,1,1
KERNEL_DISPATCH,Agent 2,2,1,2096183,8880,33,rmsnorm_f32,8560,294970559881444,294970559883327,0,0,16,0,128,256,1,1,6144,1,1
KERNEL_DISPATCH,Agent 2,2,1,2096183,8881,33,rmsnorm_f32,8560,294970559885171,294970559887094,0,0,16,0,128,256,1,1,1024,1,1
KERNEL_DISPATCH,Agent 2,2,1,2096183,8882,69,rope_partial_halfsplit_f32,8560,294970559889218,294970559893346,0,0,16,0,128,32,1,1,32,1,1
KERNEL_DISPATCH,Agent 2,2,1,2096183,8883,71,kv_cache_write_q8_0,8560,294970559895350,294970559896833,0,0,8,0,128,32,1,1,1024,1,1
KERNEL_DISPATCH,Agent 2,2,1,2096183,8884,71,kv_cache_write_q8_0,8560,294970559898636,294970559899878,0,0,8,0,128,32,1,1,1024,1,1
KERNEL_DISPATCH,Agent 2,2,1,2096183,8885,72,attention_flash_q8_0_tile,8560,294970559901882,294970560089433,0,0,48,0,128,32,1,1,768,2048,1
KERNEL_DISPATCH,Agent 2,2,1,2096183,8886,73,attention_flash_q8_0_reduce,8560,294970560095925,294970560111234,512,0,24,0,128,256,1,1,6144,1,1
KERNEL_DISPATCH,Agent 2,2,1,2096183,8887,74,sigmoid_mul_f32,8560,294970560113238,294970560114360,0,0,16,0,128,256,1,1,6144,1,1
KERNEL_DISPATCH,Agent 2,2,1,2096183,8888,63,rotate_x_mq_awq,8560,294970560116363,294970560117886,0,0,80,0,128,32,1,1,768,1,1
KERNEL_DISPATCH,Agent 2,2,1,2096183,8889,64,gemv_mq4g256v2_residual_row_serial_gfx1151,8560,294970560119930,294970560196634,0,0,88,0,128,32,1,1,163840,1,1
KERNEL_DISPATCH,Agent 2,2,1,2096183,8890,55,fused_rmsnorm_mq_rotate_awq,8560,294970560203126,294970560209498,0,0,88,0,128,256,1,1,256,1,1
KERNEL_DISPATCH,Agent 2,2,1,2096183,8891,65,fused_gate_up_mq4g256v2,8560,294970560211501,294970560633531,0,0,80,0,128,32,1,1,1114112,1,1
KERNEL_DISPATCH,Agent 2,2,1,2096183,8892,66,fused_silu_mul_mq_rotate_awq,8560,294970560640424,294970560642668,0,0,56,0,128,32,1,1,2176,1,1
KERNEL_DISPATCH,Agent 2,2,1,2096183,8893,64,gemv_mq4g256v2_residual_row_serial_gfx1151,8560,294970560644672,294970560861758,0,0,88,0,128,32,1,1,163840,1,1
KERNEL_DISPATCH,Agent 2,2,1,2096183,8894,55,fused_rmsnorm_mq_rotate_awq,8560,294970560868451,294970560874822,0,0,88,0,128,256,1,1,256,1,1
KERNEL_DISPATCH,Agent 2,2,1,2096183,8895,56,fused_qkvza_mq4g256v2,8560,294970560876866,294970561076279,0,0,80,0,128,32,1,1,527360,1,1
KERNEL_DISPATCH,Agent 2,2,1,2096183,8896,57,fused_sigmoid_alpha_gate_f32,8560,294970561082852,294970561084455,0,0,16,0,128,256,1,1,256,1,1
KERNEL_DISPATCH,Agent 2,2,1,2096183,8897,58,conv1d_silu_split_qknorm_b256,8560,294970561086458,294970561089624,1024,0,24,0,128,256,1,1,10240,1,1
KERNEL_DISPATCH,Agent 2,2,1,2096183,8898,59,repeat_interleave_qk_f32,8560,294970561091668,294970561092870,0,0,8,0,128,256,1,1,6144,1,1
KERNEL_DISPATCH,Agent 2,2,1,2096183,8899,61,gated_delta_net_q8_fast,8560,294970561094914,294970561122927,2048,0,64,0,128,32,1,1,1536,32,1
KERNEL_DISPATCH,Agent 2,2,1,2096183,8900,62,gated_norm_f32,8560,294970561124970,294970561127615,0,0,24,0,128,32,1,1,1536,1,1
KERNEL_DISPATCH,Agent 2,2,1,2096183,8901,63,rotate_x_mq_awq,8560,294970561129579,294970561131342,0,0,80,0,128,32,1,1,768,1,1
KERNEL_DISPATCH,Agent 2,2,1,2096183,8902,64,gemv_mq4g256v2_residual_row_serial_gfx1151,8560,294970561133306,294970561210891,0,0,88,0,128,32,1,1,163840,1,1
KERNEL_DISPATCH,Agent 2,2,1,2096183,8903,55,fused_rmsnorm_mq_rotate_awq,8560,294970561217624,294970561224036,0,0,88,0,128,256,1,1,256,1,1
KERNEL_DISPATCH,Agent 2,2,1,2096183,8904,65,fused_gate_up_mq4g256v2,8560,294970561226040,294970561656285,0,0,80,0,128,32,1,1,1114112,1,1
KERNEL_DISPATCH,Agent 2,2,1,2096183,8905,66,fused_silu_mul_mq_rotate_awq,8560,294970561662937,294970561665622,0,0,56,0,128,32,1,1,2176,1,1
KERNEL_DISPATCH,Agent 2,2,1,2096183,8906,64,gemv_mq4g256v2_residual_row_serial_gfx1151,8560,294970561667626,294970561882748,0,0,88,0,128,32,1,1,163840,1,1
KERNEL_DISPATCH,Agent 2,2,1,2096183,8907,55,fused_rmsnorm_mq_rotate_awq,8560,294970561889401,294970561895692,0,0,88,0,128,256,1,1,256,1,1
KERNEL_DISPATCH,Agent 2,2,1,2096183,8908,56,fused_qkvza_mq4g256v2,8560,294970561897736,294970562096348,0,0,80,0,128,32,1,1,527360,1,1
KERNEL_DISPATCH,Agent 2,2,1,2096183,8909,57,fused_sigmoid_alpha_gate_f32,8560,294970562102920,294970562104724,0,0,16,0,128,256,1,1,256,1,1
KERNEL_DISPATCH,Agent 2,2,1,2096183,8910,58,conv1d_silu_split_qknorm_b256,8560,294970562106848,294970562109653,1024,0,24,0,128,256,1,1,10240,1,1
KERNEL_DISPATCH,Agent 2,2,1,2096183,8911,59,repeat_interleave_qk_f32,8560,294970562111697,294970562112819,0,0,8,0,128,256,1,1,6144,1,1
KERNEL_DISPATCH,Agent 2,2,1,2096183,8912,61,gated_delta_net_q8_fast,8560,294970562114822,294970562143556,2048,0,64,0,128,32,1,1,1536,32,1
KERNEL_DISPATCH,Agent 2,2,1,2096183,8913,62,gated_norm_f32,8560,294970562145600,294970562148405,0,0,24,0,128,32,1,1,1536,1,1
KERNEL_DISPATCH,Agent 2,2,1,2096183,8914,63,rotate_x_mq_awq,8560,294970562150449,294970562152052,0,0,80,0,128,32,1,1,768,1,1
KERNEL_DISPATCH,Agent 2,2,1,2096183,8915,64,gemv_mq4g256v2_residual_row_serial_gfx1151,8560,294970562154056,294970562231561,0,0,88,0,128,32,1,1,163840,1,1
KERNEL_DISPATCH,Agent 2,2,1,2096183,8916,55,fused_rmsnorm_mq_rotate_awq,8560,294970562238093,294970562245387,0,0,88,0,128,256,1,1,256,1,1
KERNEL_DISPATCH,Agent 2,2,1,2096183,8917,65,fused_gate_up_mq4g256v2,8560,294970562247390,294970562677716,0,0,80,0,128,32,1,1,1114112,1,1
KERNEL_DISPATCH,Agent 2,2,1,2096183,8918,66,fused_silu_mul_mq_rotate_awq,8560,294970562684368,294970562686492,0,0,56,0,128,32,1,1,2176,1,1
KERNEL_DISPATCH,Agent 2,2,1,2096183,8919,64,gemv_mq4g256v2_residual_row_serial_gfx1151,8560,294970562688456,294970562905021,0,0,88,0,128,32,1,1,163840,1,1
KERNEL_DISPATCH,Agent 2,2,1,2096183,8920,55,fused_rmsnorm_mq_rotate_awq,8560,294970562911513,294970562917885,0,0,88,0,128,256,1,1,256,1,1
KERNEL_DISPATCH,Agent 2,2,1,2096183,8921,56,fused_qkvza_mq4g256v2,8560,294970562919889,294970563118540,0,0,80,0,128,32,1,1,527360,1,1
KERNEL_DISPATCH,Agent 2,2,1,2096183,8922,57,fused_sigmoid_alpha_gate_f32,8560,294970563125073,294970563126876,0,0,16,0,128,256,1,1,256,1,1
KERNEL_DISPATCH,Agent 2,2,1,2096183,8923,58,conv1d_silu_split_qknorm_b256,8560,294970563128880,294970563131565,1024,0,24,0,128,256,1,1,10240,1,1
KERNEL_DISPATCH,Agent 2,2,1,2096183,8924,59,repeat_interleave_qk_f32,8560,294970563133568,294970563134691,0,0,8,0,128,256,1,1,6144,1,1
KERNEL_DISPATCH,Agent 2,2,1,2096183,8925,61,gated_delta_net_q8_fast,8560,294970563136694,294970563165067,2048,0,64,0,128,32,1,1,1536,32,1
KERNEL_DISPATCH,Agent 2,2,1,2096183,8926,62,gated_norm_f32,8560,294970563167031,294970563169596,0,0,24,0,128,32,1,1,1536,1,1
KERNEL_DISPATCH,Agent 2,2,1,2096183,8927,63,rotate_x_mq_awq,8560,294970563171600,294970563173163,0,0,80,0,128,32,1,1,768,1,1
KERNEL_DISPATCH,Agent 2,2,1,2096183,8928,64,gemv_mq4g256v2_residual_row_serial_gfx1151,8560,294970563175166,294970563253272,0,0,88,0,128,32,1,1,163840,1,1
KERNEL_DISPATCH,Agent 2,2,1,2096183,8929,55,fused_rmsnorm_mq_rotate_awq,8560,294970563259805,294970563267459,0,0,88,0,128,256,1,1,256,1,1
KERNEL_DISPATCH,Agent 2,2,1,2096183,8930,65,fused_gate_up_mq4g256v2,8560,294970563269503,294970563700870,0,0,80,0,128,32,1,1,1114112,1,1
KERNEL_DISPATCH,Agent 2,2,1,2096183,8931,66,fused_silu_mul_mq_rotate_awq,8560,294970563707562,294970563709807,0,0,56,0,128,32,1,1,2176,1,1
KERNEL_DISPATCH,Agent 2,2,1,2096183,8932,64,gemv_mq4g256v2_residual_row_serial_gfx1151,8560,294970563711810,294970563925891,0,0,88,0,128,32,1,1,163840,1,1
KERNEL_DISPATCH,Agent 2,2,1,2096183,8933,55,fused_rmsnorm_mq_rotate_awq,8560,294970563932503,294970563939637,0,0,88,0,128,256,1,1,256,1,1
KERNEL_DISPATCH,Agent 2,2,1,2096183,8934,67,fused_qkv_mq4g256v2,8560,294970563941640,294970564115045,0,0,80,0,128,32,1,1,458752,1,1
KERNEL_DISPATCH,Agent 2,2,1,2096183,8935,68,deinterleave_f32,8560,294970564121617,294970564122940,0,0,8,0,128,256,1,1,6144,1,1
KERNEL_DISPATCH,Agent 2,2,1,2096183,8936,33,rmsnorm_f32,8560,294970564124943,294970564126867,0,0,16,0,128,256,1,1,6144,1,1
KERNEL_DISPATCH,Agent 2,2,1,2096183,8937,33,rmsnorm_f32,8560,294970564128710,294970564130594,0,0,16,0,128,256,1,1,1024,1,1
KERNEL_DISPATCH,Agent 2,2,1,2096183,8938,69,rope_partial_halfsplit_f32,8560,294970564132638,294970564136926,0,0,16,0,128,32,1,1,32,1,1
KERNEL_DISPATCH,Agent 2,2,1,2096183,8939,71,kv_cache_write_q8_0,8560,294970564138970,294970564140412,0,0,8,0,128,32,1,1,1024,1,1
KERNEL_DISPATCH,Agent 2,2,1,2096183,8940,71,kv_cache_write_q8_0,8560,294970564142256,294970564147546,0,0,8,0,128,32,1,1,1024,1,1
KERNEL_DISPATCH,Agent 2,2,1,2096183,8941,72,attention_flash_q8_0_tile,8560,294970564149549,294970564335778,0,0,48,0,128,32,1,1,768,2048,1
KERNEL_DISPATCH,Agent 2,2,1,2096183,8942,73,attention_flash_q8_0_reduce,8560,294970564342470,294970564357979,512,0,24,0,128,256,1,1,6144,1,1
KERNEL_DISPATCH,Agent 2,2,1,2096183,8943,74,sigmoid_mul_f32,8560,294970564359983,294970564361105,0,0,16,0,128,256,1,1,6144,1,1
KERNEL_DISPATCH,Agent 2,2,1,2096183,8944,63,rotate_x_mq_awq,8560,294970564363149,294970564364712,0,0,80,0,128,32,1,1,768,1,1
KERNEL_DISPATCH,Agent 2,2,1,2096183,8945,64,gemv_mq4g256v2_residual_row_serial_gfx1151,8560,294970564366756,294970564444181,0,0,88,0,128,32,1,1,163840,1,1
KERNEL_DISPATCH,Agent 2,2,1,2096183,8946,55,fused_rmsnorm_mq_rotate_awq,8560,294970564450753,294970564457245,0,0,88,0,128,256,1,1,256,1,1
KERNEL_DISPATCH,Agent 2,2,1,2096183,8947,65,fused_gate_up_mq4g256v2,8560,294970564459289,294970564881118,0,0,80,0,128,32,1,1,1114112,1,1
KERNEL_DISPATCH,Agent 2,2,1,2096183,8948,66,fused_silu_mul_mq_rotate_awq,8560,294970564887811,294970564890055,0,0,56,0,128,32,1,1,2176,1,1
KERNEL_DISPATCH,Agent 2,2,1,2096183,8949,64,gemv_mq4g256v2_residual_row_serial_gfx1151,8560,294970564892018,294970565106660,0,0,88,0,128,32,1,1,163840,1,1
KERNEL_DISPATCH,Agent 2,2,1,2096183,8950,55,fused_rmsnorm_mq_rotate_awq,8560,294970565113272,294970565119524,0,0,88,0,128,256,1,1,256,1,1
KERNEL_DISPATCH,Agent 2,2,1,2096183,8951,56,fused_qkvza_mq4g256v2,8560,294970565121528,294970565320180,0,0,80,0,128,32,1,1,527360,1,1
KERNEL_DISPATCH,Agent 2,2,1,2096183,8952,57,fused_sigmoid_alpha_gate_f32,8560,294970565326672,294970565328275,0,0,16,0,128,256,1,1,256,1,1
KERNEL_DISPATCH,Agent 2,2,1,2096183,8953,58,conv1d_silu_split_qknorm_b256,8560,294970565330359,294970565333645,1024,0,24,0,128,256,1,1,10240,1,1
KERNEL_DISPATCH,Agent 2,2,1,2096183,8954,59,repeat_interleave_qk_f32,8560,294970565335648,294970565336811,0,0,8,0,128,256,1,1,6144,1,1
KERNEL_DISPATCH,Agent 2,2,1,2096183,8955,61,gated_delta_net_q8_fast,8560,294970565338854,294970565366787,2048,0,64,0,128,32,1,1,1536,32,1
KERNEL_DISPATCH,Agent 2,2,1,2096183,8956,62,gated_norm_f32,8560,294970565368831,294970565371556,0,0,24,0,128,32,1,1,1536,1,1
KERNEL_DISPATCH,Agent 2,2,1,2096183,8957,63,rotate_x_mq_awq,8560,294970565373559,294970565375243,0,0,80,0,128,32,1,1,768,1,1
KERNEL_DISPATCH,Agent 2,2,1,2096183,8958,64,gemv_mq4g256v2_residual_row_serial_gfx1151,8560,294970565377246,294970565454230,0,0,88,0,128,32,1,1,163840,1,1
KERNEL_DISPATCH,Agent 2,2,1,2096183,8959,55,fused_rmsnorm_mq_rotate_awq,8560,294970565460763,294970565467175,0,0,88,0,128,256,1,1,256,1,1
KERNEL_DISPATCH,Agent 2,2,1,2096183,8960,65,fused_gate_up_mq4g256v2,8560,294970565469218,294970565900545,0,0,80,0,128,32,1,1,1114112,1,1
KERNEL_DISPATCH,Agent 2,2,1,2096183,8961,66,fused_silu_mul_mq_rotate_awq,8560,294970565907198,294970565909602,0,0,56,0,128,32,1,1,2176,1,1
KERNEL_DISPATCH,Agent 2,2,1,2096183,8962,64,gemv_mq4g256v2_residual_row_serial_gfx1151,8560,294970565911606,294970566128772,0,0,88,0,128,32,1,1,163840,1,1
KERNEL_DISPATCH,Agent 2,2,1,2096183,8963,55,fused_rmsnorm_mq_rotate_awq,8560,294970566135345,294970566141516,0,0,88,0,128,256,1,1,256,1,1
KERNEL_DISPATCH,Agent 2,2,1,2096183,8964,56,fused_qkvza_mq4g256v2,8560,294970566143520,294970566342773,0,0,80,0,128,32,1,1,527360,1,1
KERNEL_DISPATCH,Agent 2,2,1,2096183,8965,57,fused_sigmoid_alpha_gate_f32,8560,294970566349465,294970566351469,0,0,16,0,128,256,1,1,256,1,1
KERNEL_DISPATCH,Agent 2,2,1,2096183,8966,58,conv1d_silu_split_qknorm_b256,8560,294970566353473,294970566356318,1024,0,24,0,128,256,1,1,10240,1,1
KERNEL_DISPATCH,Agent 2,2,1,2096183,8967,59,repeat_interleave_qk_f32,8560,294970566358322,294970566359524,0,0,8,0,128,256,1,1,6144,1,1
KERNEL_DISPATCH,Agent 2,2,1,2096183,8968,61,gated_delta_net_q8_fast,8560,294970566361488,294970566389059,2048,0,64,0,128,32,1,1,1536,32,1
KERNEL_DISPATCH,Agent 2,2,1,2096183,8969,62,gated_norm_f32,8560,294970566391103,294970566393828,0,0,24,0,128,32,1,1,1536,1,1
KERNEL_DISPATCH,Agent 2,2,1,2096183,8970,63,rotate_x_mq_awq,8560,294970566395912,294970566397435,0,0,80,0,128,32,1,1,768,1,1
KERNEL_DISPATCH,Agent 2,2,1,2096183,8971,64,gemv_mq4g256v2_residual_row_serial_gfx1151,8560,294970566399479,294970566477144,0,0,88,0,128,32,1,1,163840,1,1
KERNEL_DISPATCH,Agent 2,2,1,2096183,8972,55,fused_rmsnorm_mq_rotate_awq,8560,294970566483716,294970566490890,0,0,88,0,128,256,1,1,256,1,1
KERNEL_DISPATCH,Agent 2,2,1,2096183,8973,65,fused_gate_up_mq4g256v2,8560,294970566492934,294970566923860,0,0,80,0,128,32,1,1,1114112,1,1
KERNEL_DISPATCH,Agent 2,2,1,2096183,8974,66,fused_silu_mul_mq_rotate_awq,8560,294970566930552,294970566932957,0,0,56,0,128,32,1,1,2176,1,1
KERNEL_DISPATCH,Agent 2,2,1,2096183,8975,64,gemv_mq4g256v2_residual_row_serial_gfx1151,8560,294970566934961,294970567149322,0,0,88,0,128,32,1,1,163840,1,1
KERNEL_DISPATCH,Agent 2,2,1,2096183,8976,55,fused_rmsnorm_mq_rotate_awq,8560,294970567155934,294970567163108,0,0,88,0,128,256,1,1,256,1,1
KERNEL_DISPATCH,Agent 2,2,1,2096183,8977,56,fused_qkvza_mq4g256v2,8560,294970567165151,294970567363122,0,0,80,0,128,32,1,1,527360,1,1
KERNEL_DISPATCH,Agent 2,2,1,2096183,8978,57,fused_sigmoid_alpha_gate_f32,8560,294970567369654,294970567371297,0,0,16,0,128,256,1,1,256,1,1
KERNEL_DISPATCH,Agent 2,2,1,2096183,8979,58,conv1d_silu_split_qknorm_b256,8560,294970567373301,294970567375866,1024,0,24,0,128,256,1,1,10240,1,1
KERNEL_DISPATCH,Agent 2,2,1,2096183,8980,59,repeat_interleave_qk_f32,8560,294970567377909,294970567379032,0,0,8,0,128,256,1,1,6144,1,1
KERNEL_DISPATCH,Agent 2,2,1,2096183,8981,61,gated_delta_net_q8_fast,8560,294970567381035,294970567408527,2048,0,64,0,128,32,1,1,1536,32,1
KERNEL_DISPATCH,Agent 2,2,1,2096183,8982,62,gated_norm_f32,8560,294970567410571,294970567413095,0,0,24,0,128,32,1,1,1536,1,1
KERNEL_DISPATCH,Agent 2,2,1,2096183,8983,63,rotate_x_mq_awq,8560,294970567415099,294970567416582,0,0,80,0,128,32,1,1,768,1,1
KERNEL_DISPATCH,Agent 2,2,1,2096183,8984,64,gemv_mq4g256v2_residual_row_serial_gfx1151,8560,294970567418586,294970567496812,0,0,88,0,128,32,1,1,163840,1,1
KERNEL_DISPATCH,Agent 2,2,1,2096183,8985,55,fused_rmsnorm_mq_rotate_awq,8560,294970567503384,294970567509876,0,0,88,0,128,256,1,1,256,1,1
KERNEL_DISPATCH,Agent 2,2,1,2096183,8986,65,fused_gate_up_mq4g256v2,8560,294970567511880,294970567942085,0,0,80,0,128,32,1,1,1114112,1,1
KERNEL_DISPATCH,Agent 2,2,1,2096183,8987,66,fused_silu_mul_mq_rotate_awq,8560,294970567948737,294970567950942,0,0,56,0,128,32,1,1,2176,1,1
KERNEL_DISPATCH,Agent 2,2,1,2096183,8988,64,gemv_mq4g256v2_residual_row_serial_gfx1151,8560,294970567952945,294970568169110,0,0,88,0,128,32,1,1,163840,1,1
KERNEL_DISPATCH,Agent 2,2,1,2096183,8989,55,fused_rmsnorm_mq_rotate_awq,8560,294970568175722,294970568182375,0,0,88,0,128,256,1,1,256,1,1
KERNEL_DISPATCH,Agent 2,2,1,2096183,8990,67,fused_qkv_mq4g256v2,8560,294970568184458,294970568357061,0,0,80,0,128,32,1,1,458752,1,1
KERNEL_DISPATCH,Agent 2,2,1,2096183,8991,68,deinterleave_f32,8560,294970568363674,294970568365237,0,0,8,0,128,256,1,1,6144,1,1
KERNEL_DISPATCH,Agent 2,2,1,2096183,8992,33,rmsnorm_f32,8560,294970568367240,294970568369124,0,0,16,0,128,256,1,1,6144,1,1
KERNEL_DISPATCH,Agent 2,2,1,2096183,8993,33,rmsnorm_f32,8560,294970568370967,294970568373011,0,0,16,0,128,256,1,1,1024,1,1
KERNEL_DISPATCH,Agent 2,2,1,2096183,8994,69,rope_partial_halfsplit_f32,8560,294970568375055,294970568379543,0,0,16,0,128,32,1,1,32,1,1
KERNEL_DISPATCH,Agent 2,2,1,2096183,8995,71,kv_cache_write_q8_0,8560,294970568381587,294970568383030,0,0,8,0,128,32,1,1,1024,1,1
KERNEL_DISPATCH,Agent 2,2,1,2096183,8996,71,kv_cache_write_q8_0,8560,294970568384873,294970568386116,0,0,8,0,128,32,1,1,1024,1,1
KERNEL_DISPATCH,Agent 2,2,1,2096183,8997,72,attention_flash_q8_0_tile,8560,294970568388120,294970568563448,0,0,48,0,128,32,1,1,768,2048,1
KERNEL_DISPATCH,Agent 2,2,1,2096183,8998,73,attention_flash_q8_0_reduce,8560,294970568569980,294970568585088,512,0,24,0,128,256,1,1,6144,1,1
KERNEL_DISPATCH,Agent 2,2,1,2096183,8999,74,sigmoid_mul_f32,8560,294970568587132,294970568588254,0,0,16,0,128,256,1,1,6144,1,1
KERNEL_DISPATCH,Agent 2,2,1,2096183,9000,63,rotate_x_mq_awq,8560,294970568590298,294970568591861,0,0,80,0,128,32,1,1,768,1,1
KERNEL_DISPATCH,Agent 2,2,1,2096183,9001,64,gemv_mq4g256v2_residual_row_serial_gfx1151,8560,294970568593905,294970568671810,0,0,88,0,128,32,1,1,163840,1,1
KERNEL_DISPATCH,Agent 2,2,1,2096183,9002,55,fused_rmsnorm_mq_rotate_awq,8560,294970568678383,294970568684554,0,0,88,0,128,256,1,1,256,1,1
KERNEL_DISPATCH,Agent 2,2,1,2096183,9003,65,fused_gate_up_mq4g256v2,8560,294970568686598,294970569110992,0,0,80,0,128,32,1,1,1114112,1,1
KERNEL_DISPATCH,Agent 2,2,1,2096183,9004,66,fused_silu_mul_mq_rotate_awq,8560,294970569117684,294970569122974,0,0,56,0,128,32,1,1,2176,1,1
KERNEL_DISPATCH,Agent 2,2,1,2096183,9005,64,gemv_mq4g256v2_residual_row_serial_gfx1151,8560,294970569124978,294970569341383,0,0,88,0,128,32,1,1,163840,1,1
KERNEL_DISPATCH,Agent 2,2,1,2096183,9006,55,fused_rmsnorm_mq_rotate_awq,8560,294970569348076,294970569354327,0,0,88,0,128,256,1,1,256,1,1
KERNEL_DISPATCH,Agent 2,2,1,2096183,9007,56,fused_qkvza_mq4g256v2,8560,294970569356371,294970569554782,0,0,80,0,128,32,1,1,527360,1,1
KERNEL_DISPATCH,Agent 2,2,1,2096183,9008,57,fused_sigmoid_alpha_gate_f32,8560,294970569561355,294970569563198,0,0,16,0,128,256,1,1,256,1,1
KERNEL_DISPATCH,Agent 2,2,1,2096183,9009,58,conv1d_silu_split_qknorm_b256,8560,294970569565242,294970569568368,1024,0,24,0,128,256,1,1,10240,1,1
KERNEL_DISPATCH,Agent 2,2,1,2096183,9010,59,repeat_interleave_qk_f32,8560,294970569570412,294970569571574,0,0,8,0,128,256,1,1,6144,1,1
KERNEL_DISPATCH,Agent 2,2,1,2096183,9011,61,gated_delta_net_q8_fast,8560,294970569573618,294970569600748,2048,0,64,0,128,32,1,1,1536,32,1
KERNEL_DISPATCH,Agent 2,2,1,2096183,9012,62,gated_norm_f32,8560,294970569602832,294970569605357,0,0,24,0,128,32,1,1,1536,1,1
KERNEL_DISPATCH,Agent 2,2,1,2096183,9013,63,rotate_x_mq_awq,8560,294970569607361,294970569609244,0,0,80,0,128,32,1,1,768,1,1
KERNEL_DISPATCH,Agent 2,2,1,2096183,9014,64,gemv_mq4g256v2_residual_row_serial_gfx1151,8560,294970569611248,294970569688753,0,0,88,0,128,32,1,1,163840,1,1
KERNEL_DISPATCH,Agent 2,2,1,2096183,9015,55,fused_rmsnorm_mq_rotate_awq,8560,294970569695285,294970569701537,0,0,88,0,128,256,1,1,256,1,1
KERNEL_DISPATCH,Agent 2,2,1,2096183,9016,65,fused_gate_up_mq4g256v2,8560,294970569703541,294970570134066,0,0,80,0,128,32,1,1,1114112,1,1
KERNEL_DISPATCH,Agent 2,2,1,2096183,9017,66,fused_silu_mul_mq_rotate_awq,8560,294970570140799,294970570143163,0,0,56,0,128,32,1,1,2176,1,1
KERNEL_DISPATCH,Agent 2,2,1,2096183,9018,64,gemv_mq4g256v2_residual_row_serial_gfx1151,8560,294970570145207,294970570360810,0,0,88,0,128,32,1,1,163840,1,1
KERNEL_DISPATCH,Agent 2,2,1,2096183,9019,55,fused_rmsnorm_mq_rotate_awq,8560,294970570367343,294970570373594,0,0,88,0,128,256,1,1,256,1,1
KERNEL_DISPATCH,Agent 2,2,1,2096183,9020,56,fused_qkvza_mq4g256v2,8560,294970570375638,294970570574931,0,0,80,0,128,32,1,1,527360,1,1
KERNEL_DISPATCH,Agent 2,2,1,2096183,9021,57,fused_sigmoid_alpha_gate_f32,8560,294970570581463,294970570583467,0,0,16,0,128,256,1,1,256,1,1
KERNEL_DISPATCH,Agent 2,2,1,2096183,9022,58,conv1d_silu_split_qknorm_b256,8560,294970570585471,294970570588236,1024,0,24,0,128,256,1,1,10240,1,1
KERNEL_DISPATCH,Agent 2,2,1,2096183,9023,59,repeat_interleave_qk_f32,8560,294970570590240,294970570591402,0,0,8,0,128,256,1,1,6144,1,1
KERNEL_DISPATCH,Agent 2,2,1,2096183,9024,61,gated_delta_net_q8_fast,8560,294970570593405,294970570621618,2048,0,64,0,128,32,1,1,1536,32,1
KERNEL_DISPATCH,Agent 2,2,1,2096183,9025,62,gated_norm_f32,8560,294970570623622,294970570626387,0,0,24,0,128,32,1,1,1536,1,1
KERNEL_DISPATCH,Agent 2,2,1,2096183,9026,63,rotate_x_mq_awq,8560,294970570628431,294970570629954,0,0,80,0,128,32,1,1,768,1,1
KERNEL_DISPATCH,Agent 2,2,1,2096183,9027,64,gemv_mq4g256v2_residual_row_serial_gfx1151,8560,294970570631958,294970570709583,0,0,88,0,128,32,1,1,163840,1,1
KERNEL_DISPATCH,Agent 2,2,1,2096183,9028,55,fused_rmsnorm_mq_rotate_awq,8560,294970570716155,294970570722407,0,0,88,0,128,256,1,1,256,1,1
KERNEL_DISPATCH,Agent 2,2,1,2096183,9029,65,fused_gate_up_mq4g256v2,8560,294970570724411,294970571171407,0,0,80,0,128,32,1,1,1114112,1,1
KERNEL_DISPATCH,Agent 2,2,1,2096183,9030,66,fused_silu_mul_mq_rotate_awq,8560,294970571178019,294970571180143,0,0,56,0,128,32,1,1,2176,1,1
KERNEL_DISPATCH,Agent 2,2,1,2096183,9031,64,gemv_mq4g256v2_residual_row_serial_gfx1151,8560,294970571182147,294970571396428,0,0,88,0,128,32,1,1,163840,1,1
KERNEL_DISPATCH,Agent 2,2,1,2096183,9032,55,fused_rmsnorm_mq_rotate_awq,8560,294970571403080,294970571409653,0,0,88,0,128,256,1,1,256,1,1
KERNEL_DISPATCH,Agent 2,2,1,2096183,9033,56,fused_qkvza_mq4g256v2,8560,294970571411696,294970571609947,0,0,80,0,128,32,1,1,527360,1,1
KERNEL_DISPATCH,Agent 2,2,1,2096183,9034,57,fused_sigmoid_alpha_gate_f32,8560,294970571616480,294970571618002,0,0,16,0,128,256,1,1,256,1,1
KERNEL_DISPATCH,Agent 2,2,1,2096183,9035,58,conv1d_silu_split_qknorm_b256,8560,294970571619966,294970571622571,1024,0,24,0,128,256,1,1,10240,1,1
KERNEL_DISPATCH,Agent 2,2,1,2096183,9036,59,repeat_interleave_qk_f32,8560,294970571624575,294970571629825,0,0,8,0,128,256,1,1,6144,1,1
KERNEL_DISPATCH,Agent 2,2,1,2096183,9037,61,gated_delta_net_q8_fast,8560,294970571631828,294970571658959,2048,0,64,0,128,32,1,1,1536,32,1
KERNEL_DISPATCH,Agent 2,2,1,2096183,9038,62,gated_norm_f32,8560,294970571660963,294970571663447,0,0,24,0,128,32,1,1,1536,1,1
KERNEL_DISPATCH,Agent 2,2,1,2096183,9039,63,rotate_x_mq_awq,8560,294970571665411,294970571667215,0,0,80,0,128,32,1,1,768,1,1
KERNEL_DISPATCH,Agent 2,2,1,2096183,9040,64,gemv_mq4g256v2_residual_row_serial_gfx1151,8560,294970571669178,294970571747044,0,0,88,0,128,32,1,1,163840,1,1
KERNEL_DISPATCH,Agent 2,2,1,2096183,9041,55,fused_rmsnorm_mq_rotate_awq,8560,294970571753536,294970571759868,0,0,88,0,128,256,1,1,256,1,1
KERNEL_DISPATCH,Agent 2,2,1,2096183,9042,65,fused_gate_up_mq4g256v2,8560,294970571761832,294970572191716,0,0,80,0,128,32,1,1,1114112,1,1
KERNEL_DISPATCH,Agent 2,2,1,2096183,9043,66,fused_silu_mul_mq_rotate_awq,8560,294970572198288,294970572200613,0,0,56,0,128,32,1,1,2176,1,1
KERNEL_DISPATCH,Agent 2,2,1,2096183,9044,64,gemv_mq4g256v2_residual_row_serial_gfx1151,8560,294970572202576,294970572418260,0,0,88,0,128,32,1,1,163840,1,1
KERNEL_DISPATCH,Agent 2,2,1,2096183,9045,55,fused_rmsnorm_mq_rotate_awq,8560,294970572424672,294970572431004,0,0,88,0,128,256,1,1,256,1,1
KERNEL_DISPATCH,Agent 2,2,1,2096183,9046,67,fused_qkv_mq4g256v2,8560,294970572433007,294970572605650,0,0,80,0,128,32,1,1,458752,1,1
KERNEL_DISPATCH,Agent 2,2,1,2096183,9047,68,deinterleave_f32,8560,294970572612263,294970572613786,0,0,8,0,128,256,1,1,6144,1,1
KERNEL_DISPATCH,Agent 2,2,1,2096183,9048,33,rmsnorm_f32,8560,294970572615709,294970572617593,0,0,16,0,128,256,1,1,6144,1,1
KERNEL_DISPATCH,Agent 2,2,1,2096183,9049,33,rmsnorm_f32,8560,294970572619356,294970572621199,0,0,16,0,128,256,1,1,1024,1,1
KERNEL_DISPATCH,Agent 2,2,1,2096183,9050,69,rope_partial_halfsplit_f32,8560,294970572623163,294970572627611,0,0,16,0,128,32,1,1,32,1,1
KERNEL_DISPATCH,Agent 2,2,1,2096183,9051,71,kv_cache_write_q8_0,8560,294970572629575,294970572631018,0,0,8,0,128,32,1,1,1024,1,1
KERNEL_DISPATCH,Agent 2,2,1,2096183,9052,71,kv_cache_write_q8_0,8560,294970572632821,294970572634023,0,0,8,0,128,32,1,1,1024,1,1
KERNEL_DISPATCH,Agent 2,2,1,2096183,9053,72,attention_flash_q8_0_tile,8560,294970572636027,294970572817447,0,0,48,0,128,32,1,1,768,2048,1
KERNEL_DISPATCH,Agent 2,2,1,2096183,9054,73,attention_flash_q8_0_reduce,8560,294970572823939,294970572838606,512,0,24,0,128,256,1,1,6144,1,1
KERNEL_DISPATCH,Agent 2,2,1,2096183,9055,74,sigmoid_mul_f32,8560,294970572840610,294970572841732,0,0,16,0,128,256,1,1,6144,1,1
KERNEL_DISPATCH,Agent 2,2,1,2096183,9056,63,rotate_x_mq_awq,8560,294970572843736,294970572845299,0,0,80,0,128,32,1,1,768,1,1
KERNEL_DISPATCH,Agent 2,2,1,2096183,9057,64,gemv_mq4g256v2_residual_row_serial_gfx1151,8560,294970572847262,294970572940958,0,0,88,0,128,32,1,1,163840,1,1
KERNEL_DISPATCH,Agent 2,2,1,2096183,9058,55,fused_rmsnorm_mq_rotate_awq,8560,294970572947650,294970572953782,0,0,88,0,128,256,1,1,256,1,1
KERNEL_DISPATCH,Agent 2,2,1,2096183,9059,65,fused_gate_up_mq4g256v2,8560,294970572955745,294970573379258,0,0,80,0,128,32,1,1,1114112,1,1
KERNEL_DISPATCH,Agent 2,2,1,2096183,9060,66,fused_silu_mul_mq_rotate_awq,8560,294970573385910,294970573388515,0,0,56,0,128,32,1,1,2176,1,1
KERNEL_DISPATCH,Agent 2,2,1,2096183,9061,64,gemv_mq4g256v2_residual_row_serial_gfx1151,8560,294970573390439,294970573607244,0,0,88,0,128,32,1,1,163840,1,1
KERNEL_DISPATCH,Agent 2,2,1,2096183,9062,55,fused_rmsnorm_mq_rotate_awq,8560,294970573613817,294970573619908,0,0,88,0,128,256,1,1,256,1,1
KERNEL_DISPATCH,Agent 2,2,1,2096183,9063,56,fused_qkvza_mq4g256v2,8560,294970573621832,294970573819922,0,0,80,0,128,32,1,1,527360,1,1
KERNEL_DISPATCH,Agent 2,2,1,2096183,9064,57,fused_sigmoid_alpha_gate_f32,8560,294970573826374,294970573827857,0,0,16,0,128,256,1,1,256,1,1
KERNEL_DISPATCH,Agent 2,2,1,2096183,9065,58,conv1d_silu_split_qknorm_b256,8560,294970573829861,294970573833187,1024,0,24,0,128,256,1,1,10240,1,1
KERNEL_DISPATCH,Agent 2,2,1,2096183,9066,59,repeat_interleave_qk_f32,8560,294970573835151,294970573836313,0,0,8,0,128,256,1,1,6144,1,1
KERNEL_DISPATCH,Agent 2,2,1,2096183,9067,61,gated_delta_net_q8_fast,8560,294970573838277,294970573865487,2048,0,64,0,128,32,1,1,1536,32,1
KERNEL_DISPATCH,Agent 2,2,1,2096183,9068,62,gated_norm_f32,8560,294970573867451,294970573872661,0,0,24,0,128,32,1,1,1536,1,1
KERNEL_DISPATCH,Agent 2,2,1,2096183,9069,63,rotate_x_mq_awq,8560,294970573874625,294970573876388,0,0,80,0,128,32,1,1,768,1,1
KERNEL_DISPATCH,Agent 2,2,1,2096183,9070,64,gemv_mq4g256v2_residual_row_serial_gfx1151,8560,294970573878392,294970573956257,0,0,88,0,128,32,1,1,163840,1,1
KERNEL_DISPATCH,Agent 2,2,1,2096183,9071,55,fused_rmsnorm_mq_rotate_awq,8560,294970573962709,294970573969722,0,0,88,0,128,256,1,1,256,1,1
KERNEL_DISPATCH,Agent 2,2,1,2096183,9072,65,fused_gate_up_mq4g256v2,8560,294970573971726,294970574401891,0,0,80,0,128,32,1,1,1114112,1,1
KERNEL_DISPATCH,Agent 2,2,1,2096183,9073,66,fused_silu_mul_mq_rotate_awq,8560,294970574408543,294970574410828,0,0,56,0,128,32,1,1,2176,1,1
KERNEL_DISPATCH,Agent 2,2,1,2096183,9074,64,gemv_mq4g256v2_residual_row_serial_gfx1151,8560,294970574412751,294970574626912,0,0,88,0,128,32,1,1,163840,1,1
KERNEL_DISPATCH,Agent 2,2,1,2096183,9075,55,fused_rmsnorm_mq_rotate_awq,8560,294970574633404,294970574640537,0,0,88,0,128,256,1,1,256,1,1
KERNEL_DISPATCH,Agent 2,2,1,2096183,9076,56,fused_qkvza_mq4g256v2,8560,294970574642541,294970574840151,0,0,80,0,128,32,1,1,527360,1,1
KERNEL_DISPATCH,Agent 2,2,1,2096183,9077,57,fused_sigmoid_alpha_gate_f32,8560,294970574846643,294970574848406,0,0,16,0,128,256,1,1,256,1,1
KERNEL_DISPATCH,Agent 2,2,1,2096183,9078,58,conv1d_silu_split_qknorm_b256,8561,294970574850691,294970574853296,1024,0,24,0,128,256,1,1,10240,1,1
KERNEL_DISPATCH,Agent 2,2,1,2096183,9079,59,repeat_interleave_qk_f32,8561,294970574855219,294970574856381,0,0,8,0,128,256,1,1,6144,1,1
KERNEL_DISPATCH,Agent 2,2,1,2096183,9080,61,gated_delta_net_q8_fast,8561,294970574858305,294970574885716,2048,0,64,0,128,32,1,1,1536,32,1
KERNEL_DISPATCH,Agent 2,2,1,2096183,9081,62,gated_norm_f32,8561,294970574887720,294970574890365,0,0,24,0,128,32,1,1,1536,1,1
KERNEL_DISPATCH,Agent 2,2,1,2096183,9082,63,rotate_x_mq_awq,8561,294970574892289,294970574894092,0,0,80,0,128,32,1,1,768,1,1
KERNEL_DISPATCH,Agent 2,2,1,2096183,9083,64,gemv_mq4g256v2_residual_row_serial_gfx1151,8561,294970574896015,294970574974723,0,0,88,0,128,32,1,1,163840,1,1
KERNEL_DISPATCH,Agent 2,2,1,2096183,9084,55,fused_rmsnorm_mq_rotate_awq,8561,294970574981576,294970574987947,0,0,88,0,128,256,1,1,256,1,1
KERNEL_DISPATCH,Agent 2,2,1,2096183,9085,65,fused_gate_up_mq4g256v2,8561,294970574989911,294970575419395,0,0,80,0,128,32,1,1,1114112,1,1
KERNEL_DISPATCH,Agent 2,2,1,2096183,9086,66,fused_silu_mul_mq_rotate_awq,8561,294970575425967,294970575428291,0,0,56,0,128,32,1,1,2176,1,1
KERNEL_DISPATCH,Agent 2,2,1,2096183,9087,64,gemv_mq4g256v2_residual_row_serial_gfx1151,8561,294970575430255,294970575645858,0,0,88,0,128,32,1,1,163840,1,1
KERNEL_DISPATCH,Agent 2,2,1,2096183,9088,55,fused_rmsnorm_mq_rotate_awq,8561,294970575652471,294970575658843,0,0,88,0,128,256,1,1,256,1,1
KERNEL_DISPATCH,Agent 2,2,1,2096183,9089,56,fused_qkvza_mq4g256v2,8561,294970575660846,294970575858095,0,0,80,0,128,32,1,1,527360,1,1
KERNEL_DISPATCH,Agent 2,2,1,2096183,9090,57,fused_sigmoid_alpha_gate_f32,8561,294970575864548,294970575866191,0,0,16,0,128,256,1,1,256,1,1
KERNEL_DISPATCH,Agent 2,2,1,2096183,9091,58,conv1d_silu_split_qknorm_b256,8561,294970575868114,294970575870799,1024,0,24,0,128,256,1,1,10240,1,1
KERNEL_DISPATCH,Agent 2,2,1,2096183,9092,59,repeat_interleave_qk_f32,8561,294970575873003,294970575874125,0,0,8,0,128,256,1,1,6144,1,1
KERNEL_DISPATCH,Agent 2,2,1,2096183,9093,61,gated_delta_net_q8_fast,8561,294970575876049,294970575903781,2048,0,64,0,128,32,1,1,1536,32,1
KERNEL_DISPATCH,Agent 2,2,1,2096183,9094,62,gated_norm_f32,8561,294970575905705,294970575908189,0,0,24,0,128,32,1,1,1536,1,1
KERNEL_DISPATCH,Agent 2,2,1,2096183,9095,63,rotate_x_mq_awq,8561,294970575910153,294970575911756,0,0,80,0,128,32,1,1,768,1,1
KERNEL_DISPATCH,Agent 2,2,1,2096183,9096,64,gemv_mq4g256v2_residual_row_serial_gfx1151,8561,294970575913679,294970575990623,0,0,88,0,128,32,1,1,163840,1,1
KERNEL_DISPATCH,Agent 2,2,1,2096183,9097,55,fused_rmsnorm_mq_rotate_awq,8561,294970575997276,294970576003768,0,0,88,0,128,256,1,1,256,1,1
KERNEL_DISPATCH,Agent 2,2,1,2096183,9098,65,fused_gate_up_mq4g256v2,8561,294970576005732,294970576435416,0,0,80,0,128,32,1,1,1114112,1,1
KERNEL_DISPATCH,Agent 2,2,1,2096183,9099,66,fused_silu_mul_mq_rotate_awq,8561,294970576442028,294970576444513,0,0,56,0,128,32,1,1,2176,1,1
KERNEL_DISPATCH,Agent 2,2,1,2096183,9100,64,gemv_mq4g256v2_residual_row_serial_gfx1151,8561,294970576446476,294970576660397,0,0,88,0,128,32,1,1,163840,1,1
KERNEL_DISPATCH,Agent 2,2,1,2096183,9101,55,fused_rmsnorm_mq_rotate_awq,8561,294970576667009,294970576673621,0,0,88,0,128,256,1,1,256,1,1
KERNEL_DISPATCH,Agent 2,2,1,2096183,9102,67,fused_qkv_mq4g256v2,8561,294970576675585,294970576848549,0,0,80,0,128,32,1,1,458752,1,1
KERNEL_DISPATCH,Agent 2,2,1,2096183,9103,68,deinterleave_f32,8561,294970576855041,294970576856363,0,0,8,0,128,256,1,1,6144,1,1
KERNEL_DISPATCH,Agent 2,2,1,2096183,9104,33,rmsnorm_f32,8561,294970576858327,294970576860491,0,0,16,0,128,256,1,1,6144,1,1
KERNEL_DISPATCH,Agent 2,2,1,2096183,9105,33,rmsnorm_f32,8561,294970576862254,294970576864098,0,0,16,0,128,256,1,1,1024,1,1
KERNEL_DISPATCH,Agent 2,2,1,2096183,9106,69,rope_partial_halfsplit_f32,8561,294970576866101,294970576870590,0,0,16,0,128,32,1,1,32,1,1
KERNEL_DISPATCH,Agent 2,2,1,2096183,9107,71,kv_cache_write_q8_0,8561,294970576872553,294970576873956,0,0,8,0,128,32,1,1,1024,1,1
KERNEL_DISPATCH,Agent 2,2,1,2096183,9108,71,kv_cache_write_q8_0,8561,294970576875840,294970576877042,0,0,8,0,128,32,1,1,1024,1,1
KERNEL_DISPATCH,Agent 2,2,1,2096183,9109,72,attention_flash_q8_0_tile,8561,294970576878965,294970577041069,0,0,48,0,128,32,1,1,768,2048,1
KERNEL_DISPATCH,Agent 2,2,1,2096183,9110,73,attention_flash_q8_0_reduce,8561,294970577047521,294970577062148,512,0,24,0,128,256,1,1,6144,1,1
KERNEL_DISPATCH,Agent 2,2,1,2096183,9111,74,sigmoid_mul_f32,8561,294970577064112,294970577065154,0,0,16,0,128,256,1,1,6144,1,1
KERNEL_DISPATCH,Agent 2,2,1,2096183,9112,63,rotate_x_mq_awq,8561,294970577067118,294970577069362,0,0,80,0,128,32,1,1,768,1,1
KERNEL_DISPATCH,Agent 2,2,1,2096183,9113,64,gemv_mq4g256v2_residual_row_serial_gfx1151,8561,294970577071285,294970577148149,0,0,88,0,128,32,1,1,163840,1,1
KERNEL_DISPATCH,Agent 2,2,1,2096183,9114,55,fused_rmsnorm_mq_rotate_awq,8561,294970577154641,294970577160933,0,0,88,0,128,256,1,1,256,1,1
KERNEL_DISPATCH,Agent 2,2,1,2096183,9115,65,fused_gate_up_mq4g256v2,8561,294970577162897,294970577585487,0,0,80,0,128,32,1,1,1114112,1,1
KERNEL_DISPATCH,Agent 2,2,1,2096183,9116,66,fused_silu_mul_mq_rotate_awq,8561,294970577592380,294970577595346,0,0,56,0,128,32,1,1,2176,1,1
KERNEL_DISPATCH,Agent 2,2,1,2096183,9117,64,gemv_mq4g256v2_residual_row_serial_gfx1151,8561,294970577597269,294970577812071,0,0,88,0,128,32,1,1,163840,1,1
KERNEL_DISPATCH,Agent 2,2,1,2096183,9118,55,fused_rmsnorm_mq_rotate_awq,8561,294970577818684,294970577825096,0,0,88,0,128,256,1,1,256,1,1
KERNEL_DISPATCH,Agent 2,2,1,2096183,9119,56,fused_qkvza_mq4g256v2,8561,294970577827059,294970578024950,0,0,80,0,128,32,1,1,527360,1,1
KERNEL_DISPATCH,Agent 2,2,1,2096183,9120,57,fused_sigmoid_alpha_gate_f32,8561,294970578031442,294970578033085,0,0,16,0,128,256,1,1,256,1,1
KERNEL_DISPATCH,Agent 2,2,1,2096183,9121,58,conv1d_silu_split_qknorm_b256,8561,294970578035048,294970578038094,1024,0,24,0,128,256,1,1,10240,1,1
KERNEL_DISPATCH,Agent 2,2,1,2096183,9122,59,repeat_interleave_qk_f32,8561,294970578040098,294970578041220,0,0,8,0,128,256,1,1,6144,1,1
KERNEL_DISPATCH,Agent 2,2,1,2096183,9123,61,gated_delta_net_q8_fast,8561,294970578043184,294970578071356,2048,0,64,0,128,32,1,1,1536,32,1
KERNEL_DISPATCH,Agent 2,2,1,2096183,9124,62,gated_norm_f32,8561,294970578073360,294970578075925,0,0,24,0,128,32,1,1,1536,1,1
KERNEL_DISPATCH,Agent 2,2,1,2096183,9125,63,rotate_x_mq_awq,8561,294970578077849,294970578079492,0,0,80,0,128,32,1,1,768,1,1
KERNEL_DISPATCH,Agent 2,2,1,2096183,9126,64,gemv_mq4g256v2_residual_row_serial_gfx1151,8561,294970578081455,294970578158079,0,0,88,0,128,32,1,1,163840,1,1
KERNEL_DISPATCH,Agent 2,2,1,2096183,9127,55,fused_rmsnorm_mq_rotate_awq,8561,294970578164491,294970578171464,0,0,88,0,128,256,1,1,256,1,1
KERNEL_DISPATCH,Agent 2,2,1,2096183,9128,65,fused_gate_up_mq4g256v2,8561,294970578173387,294970578600546,0,0,80,0,128,32,1,1,1114112,1,1
KERNEL_DISPATCH,Agent 2,2,1,2096183,9129,66,fused_silu_mul_mq_rotate_awq,8561,294970578607159,294970578609483,0,0,56,0,128,32,1,1,2176,1,1
KERNEL_DISPATCH,Agent 2,2,1,2096183,9130,64,gemv_mq4g256v2_residual_row_serial_gfx1151,8561,294970578611407,294970578825527,0,0,88,0,128,32,1,1,163840,1,1
KERNEL_DISPATCH,Agent 2,2,1,2096183,9131,55,fused_rmsnorm_mq_rotate_awq,8561,294970578831979,294970578838071,0,0,88,0,128,256,1,1,256,1,1
KERNEL_DISPATCH,Agent 2,2,1,2096183,9132,56,fused_qkvza_mq4g256v2,8561,294970578839994,294970579038045,0,0,80,0,128,32,1,1,527360,1,1
KERNEL_DISPATCH,Agent 2,2,1,2096183,9133,57,fused_sigmoid_alpha_gate_f32,8561,294970579044657,294970579046621,0,0,16,0,128,256,1,1,256,1,1
KERNEL_DISPATCH,Agent 2,2,1,2096183,9134,58,conv1d_silu_split_qknorm_b256,8561,294970579048705,294970579051270,1024,0,24,0,128,256,1,1,10240,1,1
KERNEL_DISPATCH,Agent 2,2,1,2096183,9135,59,repeat_interleave_qk_f32,8561,294970579053233,294970579054356,0,0,8,0,128,256,1,1,6144,1,1
KERNEL_DISPATCH,Agent 2,2,1,2096183,9136,61,gated_delta_net_q8_fast,8561,294970579056319,294970579083490,2048,0,64,0,128,32,1,1,1536,32,1
KERNEL_DISPATCH,Agent 2,2,1,2096183,9137,62,gated_norm_f32,8561,294970579085494,294970579088139,0,0,24,0,128,32,1,1,1536,1,1
KERNEL_DISPATCH,Agent 2,2,1,2096183,9138,63,rotate_x_mq_awq,8561,294970579090102,294970579091665,0,0,80,0,128,32,1,1,768,1,1
KERNEL_DISPATCH,Agent 2,2,1,2096183,9139,64,gemv_mq4g256v2_residual_row_serial_gfx1151,8561,294970579093629,294970579171134,0,0,88,0,128,32,1,1,163840,1,1
KERNEL_DISPATCH,Agent 2,2,1,2096183,9140,55,fused_rmsnorm_mq_rotate_awq,8561,294970579177546,294970579183517,0,0,88,0,128,256,1,1,256,1,1
KERNEL_DISPATCH,Agent 2,2,1,2096183,9141,65,fused_gate_up_mq4g256v2,8561,294970579185521,294970579614203,0,0,80,0,128,32,1,1,1114112,1,1
KERNEL_DISPATCH,Agent 2,2,1,2096183,9142,66,fused_silu_mul_mq_rotate_awq,8561,294970579620855,294970579623260,0,0,56,0,128,32,1,1,2176,1,1
KERNEL_DISPATCH,Agent 2,2,1,2096183,9143,64,gemv_mq4g256v2_residual_row_serial_gfx1151,8561,294970579625184,294970579839625,0,0,88,0,128,32,1,1,163840,1,1
KERNEL_DISPATCH,Agent 2,2,1,2096183,9144,55,fused_rmsnorm_mq_rotate_awq,8561,294970579846077,294970579852689,0,0,88,0,128,256,1,1,256,1,1
KERNEL_DISPATCH,Agent 2,2,1,2096183,9145,56,fused_qkvza_mq4g256v2,8561,294970579854773,294970580052864,0,0,80,0,128,32,1,1,527360,1,1
KERNEL_DISPATCH,Agent 2,2,1,2096183,9146,57,fused_sigmoid_alpha_gate_f32,8561,294970580059436,294970580061039,0,0,16,0,128,256,1,1,256,1,1
KERNEL_DISPATCH,Agent 2,2,1,2096183,9147,58,conv1d_silu_split_qknorm_b256,8561,294970580062963,294970580065968,1024,0,24,0,128,256,1,1,10240,1,1
KERNEL_DISPATCH,Agent 2,2,1,2096183,9148,59,repeat_interleave_qk_f32,8561,294970580067932,294970580069054,0,0,8,0,128,256,1,1,6144,1,1
KERNEL_DISPATCH,Agent 2,2,1,2096183,9149,61,gated_delta_net_q8_fast,8561,294970580070978,294970580097187,2048,0,64,0,128,32,1,1,1536,32,1
KERNEL_DISPATCH,Agent 2,2,1,2096183,9150,62,gated_norm_f32,8561,294970580099110,294970580101635,0,0,24,0,128,32,1,1,1536,1,1
KERNEL_DISPATCH,Agent 2,2,1,2096183,9151,63,rotate_x_mq_awq,8561,294970580103599,294970580105202,0,0,80,0,128,32,1,1,768,1,1
KERNEL_DISPATCH,Agent 2,2,1,2096183,9152,64,gemv_mq4g256v2_residual_row_serial_gfx1151,8561,294970580107165,294970580183989,0,0,88,0,128,32,1,1,163840,1,1
KERNEL_DISPATCH,Agent 2,2,1,2096183,9153,55,fused_rmsnorm_mq_rotate_awq,8561,294970580190441,294970580196893,0,0,88,0,128,256,1,1,256,1,1
KERNEL_DISPATCH,Agent 2,2,1,2096183,9154,65,fused_gate_up_mq4g256v2,8561,294970580198857,294970580627619,0,0,80,0,128,32,1,1,1114112,1,1
KERNEL_DISPATCH,Agent 2,2,1,2096183,9155,66,fused_silu_mul_mq_rotate_awq,8561,294970580634231,294970580636436,0,0,56,0,128,32,1,1,2176,1,1
KERNEL_DISPATCH,Agent 2,2,1,2096183,9156,64,gemv_mq4g256v2_residual_row_serial_gfx1151,8561,294970580638359,294970580851879,0,0,88,0,128,32,1,1,163840,1,1
KERNEL_DISPATCH,Agent 2,2,1,2096183,9157,55,fused_rmsnorm_mq_rotate_awq,8561,294970580858331,294970580865905,0,0,88,0,128,256,1,1,256,1,1
KERNEL_DISPATCH,Agent 2,2,1,2096183,9158,67,fused_qkv_mq4g256v2,8561,294970580867869,294970581040311,0,0,80,0,128,32,1,1,458752,1,1
KERNEL_DISPATCH,Agent 2,2,1,2096183,9159,68,deinterleave_f32,8561,294970581046803,294970581048326,0,0,8,0,128,256,1,1,6144,1,1
KERNEL_DISPATCH,Agent 2,2,1,2096183,9160,33,rmsnorm_f32,8561,294970581050290,294970581052213,0,0,16,0,128,256,1,1,6144,1,1
KERNEL_DISPATCH,Agent 2,2,1,2096183,9161,33,rmsnorm_f32,8561,294970581054017,294970581055860,0,0,16,0,128,256,1,1,1024,1,1
KERNEL_DISPATCH,Agent 2,2,1,2096183,9162,69,rope_partial_halfsplit_f32,8561,294970581057944,294970581062032,0,0,16,0,128,32,1,1,32,1,1
KERNEL_DISPATCH,Agent 2,2,1,2096183,9163,71,kv_cache_write_q8_0,8561,294970581063995,294970581065398,0,0,8,0,128,32,1,1,1024,1,1
KERNEL_DISPATCH,Agent 2,2,1,2096183,9164,71,kv_cache_write_q8_0,8561,294970581067402,294970581072572,0,0,8,0,128,32,1,1,1024,1,1
KERNEL_DISPATCH,Agent 2,2,1,2096183,9165,72,attention_flash_q8_0_tile,8561,294970581074615,294970581247218,0,0,48,0,128,32,1,1,768,2048,1
KERNEL_DISPATCH,Agent 2,2,1,2096183,9166,73,attention_flash_q8_0_reduce,8561,294970581253751,294970581268658,512,0,24,0,128,256,1,1,6144,1,1
KERNEL_DISPATCH,Agent 2,2,1,2096183,9167,74,sigmoid_mul_f32,8561,294970581270662,294970581271784,0,0,16,0,128,256,1,1,6144,1,1
KERNEL_DISPATCH,Agent 2,2,1,2096183,9168,63,rotate_x_mq_awq,8561,294970581273748,294970581275391,0,0,80,0,128,32,1,1,768,1,1
KERNEL_DISPATCH,Agent 2,2,1,2096183,9169,64,gemv_mq4g256v2_residual_row_serial_gfx1151,8561,294970581277395,294970581354579,0,0,88,0,128,32,1,1,163840,1,1
KERNEL_DISPATCH,Agent 2,2,1,2096183,9170,55,fused_rmsnorm_mq_rotate_awq,8561,294970581361111,294970581367403,0,0,88,0,128,256,1,1,256,1,1
KERNEL_DISPATCH,Agent 2,2,1,2096183,9171,65,fused_gate_up_mq4g256v2,8561,294970581369407,294970581790154,0,0,80,0,128,32,1,1,1114112,1,1
KERNEL_DISPATCH,Agent 2,2,1,2096183,9172,66,fused_silu_mul_mq_rotate_awq,8561,294970581796807,294970581799051,0,0,56,0,128,32,1,1,2176,1,1
KERNEL_DISPATCH,Agent 2,2,1,2096183,9173,64,gemv_mq4g256v2_residual_row_serial_gfx1151,8561,294970581800934,294970582014774,0,0,88,0,128,32,1,1,163840,1,1
KERNEL_DISPATCH,Agent 2,2,1,2096183,9174,55,fused_rmsnorm_mq_rotate_awq,8561,294970582021307,294970582028039,0,0,88,0,128,256,1,1,256,1,1
KERNEL_DISPATCH,Agent 2,2,1,2096183,9175,56,fused_qkvza_mq4g256v2,8561,294970582029963,294970582227973,0,0,80,0,128,32,1,1,527360,1,1
KERNEL_DISPATCH,Agent 2,2,1,2096183,9176,57,fused_sigmoid_alpha_gate_f32,8561,294970582234465,294970582235988,0,0,16,0,128,256,1,1,256,1,1
KERNEL_DISPATCH,Agent 2,2,1,2096183,9177,58,conv1d_silu_split_qknorm_b256,8561,294970582237992,294970582241038,1024,0,24,0,128,256,1,1,10240,1,1
KERNEL_DISPATCH,Agent 2,2,1,2096183,9178,59,repeat_interleave_qk_f32,8561,294970582243041,294970582244164,0,0,8,0,128,256,1,1,6144,1,1
KERNEL_DISPATCH,Agent 2,2,1,2096183,9179,61,gated_delta_net_q8_fast,8561,294970582246127,294970582272657,2048,0,64,0,128,32,1,1,1536,32,1
KERNEL_DISPATCH,Agent 2,2,1,2096183,9180,62,gated_norm_f32,8561,294970582274661,294970582277105,0,0,24,0,128,32,1,1,1536,1,1
KERNEL_DISPATCH,Agent 2,2,1,2096183,9181,63,rotate_x_mq_awq,8561,294970582279069,294970582280872,0,0,80,0,128,32,1,1,768,1,1
KERNEL_DISPATCH,Agent 2,2,1,2096183,9182,64,gemv_mq4g256v2_residual_row_serial_gfx1151,8561,294970582282796,294970582360181,0,0,88,0,128,32,1,1,163840,1,1
KERNEL_DISPATCH,Agent 2,2,1,2096183,9183,55,fused_rmsnorm_mq_rotate_awq,8561,294970582366673,294970582372764,0,0,88,0,128,256,1,1,256,1,1
KERNEL_DISPATCH,Agent 2,2,1,2096183,9184,65,fused_gate_up_mq4g256v2,8561,294970582374728,294970582803771,0,0,80,0,128,32,1,1,1114112,1,1
KERNEL_DISPATCH,Agent 2,2,1,2096183,9185,66,fused_silu_mul_mq_rotate_awq,8561,294970582810383,294970582812908,0,0,56,0,128,32,1,1,2176,1,1
KERNEL_DISPATCH,Agent 2,2,1,2096183,9186,64,gemv_mq4g256v2_residual_row_serial_gfx1151,8561,294970582814831,294970583027509,0,0,88,0,128,32,1,1,163840,1,1
KERNEL_DISPATCH,Agent 2,2,1,2096183,9187,55,fused_rmsnorm_mq_rotate_awq,8561,294970583034001,294970583040413,0,0,88,0,128,256,1,1,256,1,1
KERNEL_DISPATCH,Agent 2,2,1,2096183,9188,56,fused_qkvza_mq4g256v2,8561,294970583042377,294970583240468,0,0,80,0,128,32,1,1,527360,1,1
KERNEL_DISPATCH,Agent 2,2,1,2096183,9189,57,fused_sigmoid_alpha_gate_f32,8561,294970583247040,294970583248763,0,0,16,0,128,256,1,1,256,1,1
KERNEL_DISPATCH,Agent 2,2,1,2096183,9190,58,conv1d_silu_split_qknorm_b256,8561,294970583250687,294970583253612,1024,0,24,0,128,256,1,1,10240,1,1
KERNEL_DISPATCH,Agent 2,2,1,2096183,9191,59,repeat_interleave_qk_f32,8561,294970583255536,294970583256698,0,0,8,0,128,256,1,1,6144,1,1
KERNEL_DISPATCH,Agent 2,2,1,2096183,9192,61,gated_delta_net_q8_fast,8561,294970583258622,294970583284430,2048,0,64,0,128,32,1,1,1536,32,1
KERNEL_DISPATCH,Agent 2,2,1,2096183,9193,62,gated_norm_f32,8561,294970583286434,294970583289079,0,0,24,0,128,32,1,1,1536,1,1
KERNEL_DISPATCH,Agent 2,2,1,2096183,9194,63,rotate_x_mq_awq,8561,294970583291162,294970583292725,0,0,80,0,128,32,1,1,768,1,1
KERNEL_DISPATCH,Agent 2,2,1,2096183,9195,64,gemv_mq4g256v2_residual_row_serial_gfx1151,8561,294970583294689,294970583372595,0,0,88,0,128,32,1,1,163840,1,1
KERNEL_DISPATCH,Agent 2,2,1,2096183,9196,55,fused_rmsnorm_mq_rotate_awq,8561,294970583379087,294970583385218,0,0,88,0,128,256,1,1,256,1,1
KERNEL_DISPATCH,Agent 2,2,1,2096183,9197,65,fused_gate_up_mq4g256v2,8561,294970583387182,294970583814221,0,0,80,0,128,32,1,1,1114112,1,1
KERNEL_DISPATCH,Agent 2,2,1,2096183,9198,66,fused_silu_mul_mq_rotate_awq,8561,294970583820833,294970583822957,0,0,56,0,128,32,1,1,2176,1,1
KERNEL_DISPATCH,Agent 2,2,1,2096183,9199,64,gemv_mq4g256v2_residual_row_serial_gfx1151,8561,294970583824921,294970584039322,0,0,88,0,128,32,1,1,163840,1,1
KERNEL_DISPATCH,Agent 2,2,1,2096183,9200,55,fused_rmsnorm_mq_rotate_awq,8561,294970584045774,294970584052226,0,0,88,0,128,256,1,1,256,1,1
KERNEL_DISPATCH,Agent 2,2,1,2096183,9201,56,fused_qkvza_mq4g256v2,8561,294970584054230,294970584252040,0,0,80,0,128,32,1,1,527360,1,1
KERNEL_DISPATCH,Agent 2,2,1,2096183,9202,57,fused_sigmoid_alpha_gate_f32,8561,294970584258693,294970584260496,0,0,16,0,128,256,1,1,256,1,1
KERNEL_DISPATCH,Agent 2,2,1,2096183,9203,58,conv1d_silu_split_qknorm_b256,8561,294970584262500,294970584265145,1024,0,24,0,128,256,1,1,10240,1,1
KERNEL_DISPATCH,Agent 2,2,1,2096183,9204,59,repeat_interleave_qk_f32,8561,294970584267148,294970584268311,0,0,8,0,128,256,1,1,6144,1,1
KERNEL_DISPATCH,Agent 2,2,1,2096183,9205,61,gated_delta_net_q8_fast,8561,294970584270234,294970584299208,2048,0,64,0,128,32,1,1,1536,32,1
KERNEL_DISPATCH,Agent 2,2,1,2096183,9206,62,gated_norm_f32,8561,294970584301172,294970584303737,0,0,24,0,128,32,1,1,1536,1,1
KERNEL_DISPATCH,Agent 2,2,1,2096183,9207,63,rotate_x_mq_awq,8561,294970584305701,294970584307183,0,0,80,0,128,32,1,1,768,1,1
KERNEL_DISPATCH,Agent 2,2,1,2096183,9208,64,gemv_mq4g256v2_residual_row_serial_gfx1151,8561,294970584309107,294970584385209,0,0,88,0,128,32,1,1,163840,1,1
KERNEL_DISPATCH,Agent 2,2,1,2096183,9209,55,fused_rmsnorm_mq_rotate_awq,8561,294970584391661,294970584398755,0,0,88,0,128,256,1,1,256,1,1
KERNEL_DISPATCH,Agent 2,2,1,2096183,9210,65,fused_gate_up_mq4g256v2,8561,294970584400678,294970584829681,0,0,80,0,128,32,1,1,1114112,1,1
KERNEL_DISPATCH,Agent 2,2,1,2096183,9211,66,fused_silu_mul_mq_rotate_awq,8561,294970584836253,294970584838457,0,0,56,0,128,32,1,1,2176,1,1
KERNEL_DISPATCH,Agent 2,2,1,2096183,9212,64,gemv_mq4g256v2_residual_row_serial_gfx1151,8561,294970584840461,294970585052818,0,0,88,0,128,32,1,1,163840,1,1
KERNEL_DISPATCH,Agent 2,2,1,2096183,9213,55,fused_rmsnorm_mq_rotate_awq,8561,294970585059270,294970585065723,0,0,88,0,128,256,1,1,256,1,1
KERNEL_DISPATCH,Agent 2,2,1,2096183,9214,67,fused_qkv_mq4g256v2,8561,294970585067686,294970585240369,0,0,80,0,128,32,1,1,458752,1,1
KERNEL_DISPATCH,Agent 2,2,1,2096183,9215,68,deinterleave_f32,8561,294970585246902,294970585248384,0,0,8,0,128,256,1,1,6144,1,1
KERNEL_DISPATCH,Agent 2,2,1,2096183,9216,33,rmsnorm_f32,8561,294970585250348,294970585252191,0,0,16,0,128,256,1,1,6144,1,1
KERNEL_DISPATCH,Agent 2,2,1,2096183,9217,33,rmsnorm_f32,8561,294970585253995,294970585255838,0,0,16,0,128,256,1,1,1024,1,1
KERNEL_DISPATCH,Agent 2,2,1,2096183,9218,69,rope_partial_halfsplit_f32,8561,294970585257802,294970585262050,0,0,16,0,128,32,1,1,32,1,1
KERNEL_DISPATCH,Agent 2,2,1,2096183,9219,71,kv_cache_write_q8_0,8561,294970585264014,294970585265416,0,0,8,0,128,32,1,1,1024,1,1
KERNEL_DISPATCH,Agent 2,2,1,2096183,9220,71,kv_cache_write_q8_0,8561,294970585267220,294970585268422,0,0,8,0,128,32,1,1,1024,1,1
KERNEL_DISPATCH,Agent 2,2,1,2096183,9221,72,attention_flash_q8_0_tile,8561,294970585270345,294970585455211,0,0,48,0,128,32,1,1,768,2048,1
KERNEL_DISPATCH,Agent 2,2,1,2096183,9222,73,attention_flash_q8_0_reduce,8561,294970585461944,294970585477132,512,0,24,0,128,256,1,1,6144,1,1
KERNEL_DISPATCH,Agent 2,2,1,2096183,9223,74,sigmoid_mul_f32,8561,294970585479056,294970585480178,0,0,16,0,128,256,1,1,6144,1,1
KERNEL_DISPATCH,Agent 2,2,1,2096183,9224,63,rotate_x_mq_awq,8561,294970585482102,294970585483664,0,0,80,0,128,32,1,1,768,1,1
KERNEL_DISPATCH,Agent 2,2,1,2096183,9225,64,gemv_mq4g256v2_residual_row_serial_gfx1151,8561,294970585485628,294970585562492,0,0,88,0,128,32,1,1,163840,1,1
KERNEL_DISPATCH,Agent 2,2,1,2096183,9226,55,fused_rmsnorm_mq_rotate_awq,8561,294970585569184,294970585575276,0,0,88,0,128,256,1,1,256,1,1
KERNEL_DISPATCH,Agent 2,2,1,2096183,9227,65,fused_gate_up_mq4g256v2,8561,294970585577280,294970585997826,0,0,80,0,128,32,1,1,1114112,1,1
KERNEL_DISPATCH,Agent 2,2,1,2096183,9228,66,fused_silu_mul_mq_rotate_awq,8561,294970586004479,294970586009649,0,0,56,0,128,32,1,1,2176,1,1
KERNEL_DISPATCH,Agent 2,2,1,2096183,9229,64,gemv_mq4g256v2_residual_row_serial_gfx1151,8561,294970586011572,294970586224891,0,0,88,0,128,32,1,1,163840,1,1
KERNEL_DISPATCH,Agent 2,2,1,2096183,9230,55,fused_rmsnorm_mq_rotate_awq,8561,294970586231464,294970586238597,0,0,88,0,128,256,1,1,256,1,1
KERNEL_DISPATCH,Agent 2,2,1,2096183,9231,56,fused_qkvza_mq4g256v2,8561,294970586240561,294970586437850,0,0,80,0,128,32,1,1,527360,1,1
KERNEL_DISPATCH,Agent 2,2,1,2096183,9232,57,fused_sigmoid_alpha_gate_f32,8561,294970586444342,294970586445865,0,0,16,0,128,256,1,1,256,1,1
KERNEL_DISPATCH,Agent 2,2,1,2096183,9233,58,conv1d_silu_split_qknorm_b256,8561,294970586447828,294970586450754,1024,0,24,0,128,256,1,1,10240,1,1
KERNEL_DISPATCH,Agent 2,2,1,2096183,9234,59,repeat_interleave_qk_f32,8561,294970586452758,294970586453880,0,0,8,0,128,256,1,1,6144,1,1
KERNEL_DISPATCH,Agent 2,2,1,2096183,9235,61,gated_delta_net_q8_fast,8561,294970586455883,294970586482253,2048,0,64,0,128,32,1,1,1536,32,1
KERNEL_DISPATCH,Agent 2,2,1,2096183,9236,62,gated_norm_f32,8561,294970586484257,294970586486821,0,0,24,0,128,32,1,1,1536,1,1
KERNEL_DISPATCH,Agent 2,2,1,2096183,9237,63,rotate_x_mq_awq,8561,294970586488785,294970586490428,0,0,80,0,128,32,1,1,768,1,1
KERNEL_DISPATCH,Agent 2,2,1,2096183,9238,64,gemv_mq4g256v2_residual_row_serial_gfx1151,8561,294970586492352,294970586570137,0,0,88,0,128,32,1,1,163840,1,1
KERNEL_DISPATCH,Agent 2,2,1,2096183,9239,55,fused_rmsnorm_mq_rotate_awq,8561,294970586576589,294970586582721,0,0,88,0,128,256,1,1,256,1,1
KERNEL_DISPATCH,Agent 2,2,1,2096183,9240,65,fused_gate_up_mq4g256v2,8561,294970586584684,294970587031440,0,0,80,0,128,32,1,1,1114112,1,1
KERNEL_DISPATCH,Agent 2,2,1,2096183,9241,66,fused_silu_mul_mq_rotate_awq,8561,294970587038093,294970587040537,0,0,56,0,128,32,1,1,2176,1,1
KERNEL_DISPATCH,Agent 2,2,1,2096183,9242,64,gemv_mq4g256v2_residual_row_serial_gfx1151,8561,294970587042432,294970587257154,0,0,88,0,128,32,1,1,163840,1,1
KERNEL_DISPATCH,Agent 2,2,1,2096183,9243,55,fused_rmsnorm_mq_rotate_awq,8561,294970587263646,294970587269778,0,0,88,0,128,256,1,1,256,1,1
KERNEL_DISPATCH,Agent 2,2,1,2096183,9244,56,fused_qkvza_mq4g256v2,8561,294970587271781,294970587469191,0,0,80,0,128,32,1,1,527360,1,1
KERNEL_DISPATCH,Agent 2,2,1,2096183,9245,57,fused_sigmoid_alpha_gate_f32,8561,294970587475843,294970587477606,0,0,16,0,128,256,1,1,256,1,1
KERNEL_DISPATCH,Agent 2,2,1,2096183,9246,58,conv1d_silu_split_qknorm_b256,8561,294970587479610,294970587482215,1024,0,24,0,128,256,1,1,10240,1,1
KERNEL_DISPATCH,Agent 2,2,1,2096183,9247,59,repeat_interleave_qk_f32,8561,294970587484179,294970587485301,0,0,8,0,128,256,1,1,6144,1,1
KERNEL_DISPATCH,Agent 2,2,1,2096183,9248,61,gated_delta_net_q8_fast,8561,294970587487264,294970587515117,2048,0,64,0,128,32,1,1,1536,32,1
KERNEL_DISPATCH,Agent 2,2,1,2096183,9249,62,gated_norm_f32,8561,294970587517080,294970587519966,0,0,24,0,128,32,1,1,1536,1,1
KERNEL_DISPATCH,Agent 2,2,1,2096183,9250,63,rotate_x_mq_awq,8561,294970587521929,294970587523572,0,0,80,0,128,32,1,1,768,1,1
KERNEL_DISPATCH,Agent 2,2,1,2096183,9251,64,gemv_mq4g256v2_residual_row_serial_gfx1151,8561,294970587525536,294970587603081,0,0,88,0,128,32,1,1,163840,1,1
KERNEL_DISPATCH,Agent 2,2,1,2096183,9252,55,fused_rmsnorm_mq_rotate_awq,8561,294970587609573,294970587615745,0,0,88,0,128,256,1,1,256,1,1
KERNEL_DISPATCH,Agent 2,2,1,2096183,9253,65,fused_gate_up_mq4g256v2,8561,294970587617709,294970588062861,0,0,80,0,128,32,1,1,1114112,1,1
KERNEL_DISPATCH,Agent 2,2,1,2096183,9254,66,fused_silu_mul_mq_rotate_awq,8561,294970588069474,294970588071598,0,0,56,0,128,32,1,1,2176,1,1
KERNEL_DISPATCH,Agent 2,2,1,2096183,9255,64,gemv_mq4g256v2_residual_row_serial_gfx1151,8561,294970588073481,294970588286279,0,0,88,0,128,32,1,1,163840,1,1
KERNEL_DISPATCH,Agent 2,2,1,2096183,9256,55,fused_rmsnorm_mq_rotate_awq,8561,294970588292731,294970588299825,0,0,88,0,128,256,1,1,256,1,1
KERNEL_DISPATCH,Agent 2,2,1,2096183,9257,56,fused_qkvza_mq4g256v2,8561,294970588301748,294970588499238,0,0,80,0,128,32,1,1,527360,1,1
KERNEL_DISPATCH,Agent 2,2,1,2096183,9258,57,fused_sigmoid_alpha_gate_f32,8561,294970588505850,294970588507493,0,0,16,0,128,256,1,1,256,1,1
KERNEL_DISPATCH,Agent 2,2,1,2096183,9259,58,conv1d_silu_split_qknorm_b256,8561,294970588509457,294970588512062,1024,0,24,0,128,256,1,1,10240,1,1
KERNEL_DISPATCH,Agent 2,2,1,2096183,9260,59,repeat_interleave_qk_f32,8561,294970588514025,294970588519235,0,0,8,0,128,256,1,1,6144,1,1
KERNEL_DISPATCH,Agent 2,2,1,2096183,9261,61,gated_delta_net_q8_fast,8561,294970588521359,294970588548250,2048,0,64,0,128,32,1,1,1536,32,1
KERNEL_DISPATCH,Agent 2,2,1,2096183,9262,62,gated_norm_f32,8561,294970588550253,294970588552698,0,0,24,0,128,32,1,1,1536,1,1
KERNEL_DISPATCH,Agent 2,2,1,2096183,9263,63,rotate_x_mq_awq,8561,294970588554662,294970588556224,0,0,80,0,128,32,1,1,768,1,1
KERNEL_DISPATCH,Agent 2,2,1,2096183,9264,64,gemv_mq4g256v2_residual_row_serial_gfx1151,8561,294970588558148,294970588635373,0,0,88,0,128,32,1,1,163840,1,1
KERNEL_DISPATCH,Agent 2,2,1,2096183,9265,55,fused_rmsnorm_mq_rotate_awq,8561,294970588641825,294970588648517,0,0,88,0,128,256,1,1,256,1,1
KERNEL_DISPATCH,Agent 2,2,1,2096183,9266,65,fused_gate_up_mq4g256v2,8561,294970588650521,294970589080004,0,0,80,0,128,32,1,1,1114112,1,1
KERNEL_DISPATCH,Agent 2,2,1,2096183,9267,66,fused_silu_mul_mq_rotate_awq,8561,294970589086617,294970589088821,0,0,56,0,128,32,1,1,2176,1,1
KERNEL_DISPATCH,Agent 2,2,1,2096183,9268,64,gemv_mq4g256v2_residual_row_serial_gfx1151,8561,294970589090825,294970589306749,0,0,88,0,128,32,1,1,163840,1,1
KERNEL_DISPATCH,Agent 2,2,1,2096183,9269,55,fused_rmsnorm_mq_rotate_awq,8561,294970589313201,294970589319452,0,0,88,0,128,256,1,1,256,1,1
KERNEL_DISPATCH,Agent 2,2,1,2096183,9270,67,fused_qkv_mq4g256v2,8561,294970589321376,294970589493859,0,0,80,0,128,32,1,1,458752,1,1
KERNEL_DISPATCH,Agent 2,2,1,2096183,9271,68,deinterleave_f32,8561,294970589500351,294970589501874,0,0,8,0,128,256,1,1,6144,1,1
KERNEL_DISPATCH,Agent 2,2,1,2096183,9272,33,rmsnorm_f32,8561,294970589503757,294970589505641,0,0,16,0,128,256,1,1,6144,1,1
KERNEL_DISPATCH,Agent 2,2,1,2096183,9273,33,rmsnorm_f32,8561,294970589507404,294970589509247,0,0,16,0,128,256,1,1,1024,1,1
KERNEL_DISPATCH,Agent 2,2,1,2096183,9274,69,rope_partial_halfsplit_f32,8561,294970589511251,294970589515459,0,0,16,0,128,32,1,1,32,1,1
KERNEL_DISPATCH,Agent 2,2,1,2096183,9275,71,kv_cache_write_q8_0,8561,294970589517423,294970589518825,0,0,8,0,128,32,1,1,1024,1,1
KERNEL_DISPATCH,Agent 2,2,1,2096183,9276,71,kv_cache_write_q8_0,8561,294970589520589,294970589521751,0,0,8,0,128,32,1,1,1024,1,1
KERNEL_DISPATCH,Agent 2,2,1,2096183,9277,72,attention_flash_q8_0_tile,8561,294970589523755,294970589692390,0,0,48,0,128,32,1,1,768,2048,1
KERNEL_DISPATCH,Agent 2,2,1,2096183,9278,73,attention_flash_q8_0_reduce,8561,294970589698842,294970589713389,512,0,24,0,128,256,1,1,6144,1,1
KERNEL_DISPATCH,Agent 2,2,1,2096183,9279,74,sigmoid_mul_f32,8561,294970589715353,294970589716435,0,0,16,0,128,256,1,1,6144,1,1
KERNEL_DISPATCH,Agent 2,2,1,2096183,9280,63,rotate_x_mq_awq,8561,294970589718399,294970589720483,0,0,80,0,128,32,1,1,768,1,1
KERNEL_DISPATCH,Agent 2,2,1,2096183,9281,64,gemv_mq4g256v2_residual_row_serial_gfx1151,8561,294970589722446,294970589799751,0,0,88,0,128,32,1,1,163840,1,1
KERNEL_DISPATCH,Agent 2,2,1,2096183,9282,55,fused_rmsnorm_mq_rotate_awq,8561,294970589806203,294970589812455,0,0,88,0,128,256,1,1,256,1,1
KERNEL_DISPATCH,Agent 2,2,1,2096183,9283,65,fused_gate_up_mq4g256v2,8561,294970589814418,294970590235647,0,0,80,0,128,32,1,1,1114112,1,1
KERNEL_DISPATCH,Agent 2,2,1,2096183,9284,66,fused_silu_mul_mq_rotate_awq,8561,294970590242259,294970590244463,0,0,56,0,128,32,1,1,2176,1,1
KERNEL_DISPATCH,Agent 2,2,1,2096183,9285,64,gemv_mq4g256v2_residual_row_serial_gfx1151,8561,294970590246347,294970590461750,0,0,88,0,128,32,1,1,163840,1,1
KERNEL_DISPATCH,Agent 2,2,1,2096183,9286,55,fused_rmsnorm_mq_rotate_awq,8561,294970590468322,294970590474453,0,0,88,0,128,256,1,1,256,1,1
KERNEL_DISPATCH,Agent 2,2,1,2096183,9287,56,fused_qkvza_mq4g256v2,8561,294970590476417,294970590674227,0,0,80,0,128,32,1,1,527360,1,1
KERNEL_DISPATCH,Agent 2,2,1,2096183,9288,57,fused_sigmoid_alpha_gate_f32,8561,294970590680679,294970590682322,0,0,16,0,128,256,1,1,256,1,1
KERNEL_DISPATCH,Agent 2,2,1,2096183,9289,58,conv1d_silu_split_qknorm_b256,8561,294970590684286,294970590687251,1024,0,24,0,128,256,1,1,10240,1,1
KERNEL_DISPATCH,Agent 2,2,1,2096183,9290,59,repeat_interleave_qk_f32,8561,294970590689255,294970590690377,0,0,8,0,128,256,1,1,6144,1,1
KERNEL_DISPATCH,Agent 2,2,1,2096183,9291,61,gated_delta_net_q8_fast,8561,294970590692341,294970590720794,2048,0,64,0,128,32,1,1,1536,32,1
KERNEL_DISPATCH,Agent 2,2,1,2096183,9292,62,gated_norm_f32,8561,294970590722758,294970590727928,0,0,24,0,128,32,1,1,1536,1,1
KERNEL_DISPATCH,Agent 2,2,1,2096183,9293,63,rotate_x_mq_awq,8561,294970590729891,294970590731655,0,0,80,0,128,32,1,1,768,1,1
KERNEL_DISPATCH,Agent 2,2,1,2096183,9294,64,gemv_mq4g256v2_residual_row_serial_gfx1151,8561,294970590733618,294970590826793,0,0,88,0,128,32,1,1,163840,1,1
KERNEL_DISPATCH,Agent 2,2,1,2096183,9295,55,fused_rmsnorm_mq_rotate_awq,8561,294970590833245,294970590839536,0,0,88,0,128,256,1,1,256,1,1
KERNEL_DISPATCH,Agent 2,2,1,2096183,9296,65,fused_gate_up_mq4g256v2,8561,294970590841500,294970591271064,0,0,80,0,128,32,1,1,1114112,1,1
KERNEL_DISPATCH,Agent 2,2,1,2096183,9297,66,fused_silu_mul_mq_rotate_awq,8561,294970591277716,294970591280041,0,0,56,0,128,32,1,1,2176,1,1
KERNEL_DISPATCH,Agent 2,2,1,2096183,9298,64,gemv_mq4g256v2_residual_row_serial_gfx1151,8561,294970591282004,294970591495363,0,0,88,0,128,32,1,1,163840,1,1
KERNEL_DISPATCH,Agent 2,2,1,2096183,9299,55,fused_rmsnorm_mq_rotate_awq,8561,294970591501976,294970591508508,0,0,88,0,128,256,1,1,256,1,1
KERNEL_DISPATCH,Agent 2,2,1,2096183,9300,56,fused_qkvza_mq4g256v2,8561,294970591510512,294970591708482,0,0,80,0,128,32,1,1,527360,1,1
KERNEL_DISPATCH,Agent 2,2,1,2096183,9301,57,fused_sigmoid_alpha_gate_f32,8561,294970591715014,294970591716778,0,0,16,0,128,256,1,1,256,1,1
KERNEL_DISPATCH,Agent 2,2,1,2096183,9302,58,conv1d_silu_split_qknorm_b256,8561,294970591718741,294970591722228,1024,0,24,0,128,256,1,1,10240,1,1
KERNEL_DISPATCH,Agent 2,2,1,2096183,9303,59,repeat_interleave_qk_f32,8561,294970591724192,294970591725314,0,0,8,0,128,256,1,1,6144,1,1
KERNEL_DISPATCH,Agent 2,2,1,2096183,9304,61,gated_delta_net_q8_fast,8561,294970591727277,294970591754889,2048,0,64,0,128,32,1,1,1536,32,1
KERNEL_DISPATCH,Agent 2,2,1,2096183,9305,62,gated_norm_f32,8561,294970591756893,294970591759658,0,0,24,0,128,32,1,1,1536,1,1
KERNEL_DISPATCH,Agent 2,2,1,2096183,9306,63,rotate_x_mq_awq,8561,294970591761622,294970591763225,0,0,80,0,128,32,1,1,768,1,1
KERNEL_DISPATCH,Agent 2,2,1,2096183,9307,64,gemv_mq4g256v2_residual_row_serial_gfx1151,8561,294970591765148,294970591843735,0,0,88,0,128,32,1,1,163840,1,1
KERNEL_DISPATCH,Agent 2,2,1,2096183,9308,55,fused_rmsnorm_mq_rotate_awq,8561,294970591850227,294970591856519,0,0,88,0,128,256,1,1,256,1,1
KERNEL_DISPATCH,Agent 2,2,1,2096183,9309,65,fused_gate_up_mq4g256v2,8561,294970591863773,294970592303195,0,0,80,0,128,32,1,1,1114112,1,1
KERNEL_DISPATCH,Agent 2,2,1,2096183,9310,66,fused_silu_mul_mq_rotate_awq,8561,294970592309807,294970592312051,0,0,56,0,128,32,1,1,2176,1,1
KERNEL_DISPATCH,Agent 2,2,1,2096183,9311,64,gemv_mq4g256v2_residual_row_serial_gfx1151,8561,294970592313975,294970592529378,0,0,88,0,128,32,1,1,163840,1,1
KERNEL_DISPATCH,Agent 2,2,1,2096183,9312,55,fused_rmsnorm_mq_rotate_awq,8561,294970592535830,294970592542603,0,0,88,0,128,256,1,1,256,1,1
KERNEL_DISPATCH,Agent 2,2,1,2096183,9313,56,fused_qkvza_mq4g256v2,8561,294970592544526,294970592743258,0,0,80,0,128,32,1,1,527360,1,1
KERNEL_DISPATCH,Agent 2,2,1,2096183,9314,57,fused_sigmoid_alpha_gate_f32,8561,294970592749750,294970592751353,0,0,16,0,128,256,1,1,256,1,1
KERNEL_DISPATCH,Agent 2,2,1,2096183,9315,58,conv1d_silu_split_qknorm_b256,8561,294970592753317,294970592755882,1024,0,24,0,128,256,1,1,10240,1,1
KERNEL_DISPATCH,Agent 2,2,1,2096183,9316,59,repeat_interleave_qk_f32,8561,294970592757845,294970592759048,0,0,8,0,128,256,1,1,6144,1,1
KERNEL_DISPATCH,Agent 2,2,1,2096183,9317,61,gated_delta_net_q8_fast,8561,294970592760931,294970592787621,2048,0,64,0,128,32,1,1,1536,32,1
KERNEL_DISPATCH,Agent 2,2,1,2096183,9318,62,gated_norm_f32,8561,294970592789545,294970592792110,0,0,24,0,128,32,1,1,1536,1,1
KERNEL_DISPATCH,Agent 2,2,1,2096183,9319,63,rotate_x_mq_awq,8561,294970592794033,294970592795596,0,0,80,0,128,32,1,1,768,1,1
KERNEL_DISPATCH,Agent 2,2,1,2096183,9320,64,gemv_mq4g256v2_residual_row_serial_gfx1151,8561,294970592797520,294970592873622,0,0,88,0,128,32,1,1,163840,1,1
KERNEL_DISPATCH,Agent 2,2,1,2096183,9321,55,fused_rmsnorm_mq_rotate_awq,8561,294970592880194,294970592886326,0,0,88,0,128,256,1,1,256,1,1
KERNEL_DISPATCH,Agent 2,2,1,2096183,9322,65,fused_gate_up_mq4g256v2,8561,294970592888330,294970593317493,0,0,80,0,128,32,1,1,1114112,1,1
KERNEL_DISPATCH,Agent 2,2,1,2096183,9323,66,fused_silu_mul_mq_rotate_awq,8561,294970593324105,294970593326269,0,0,56,0,128,32,1,1,2176,1,1
KERNEL_DISPATCH,Agent 2,2,1,2096183,9324,64,gemv_mq4g256v2_residual_row_serial_gfx1151,8561,294970593328193,294970593542433,0,0,88,0,128,32,1,1,163840,1,1
KERNEL_DISPATCH,Agent 2,2,1,2096183,9325,55,fused_rmsnorm_mq_rotate_awq,8561,294970593549006,294970593555297,0,0,88,0,128,256,1,1,256,1,1
KERNEL_DISPATCH,Agent 2,2,1,2096183,9326,67,fused_qkv_mq4g256v2,8561,294970593557301,294970593729784,0,0,80,0,128,32,1,1,458752,1,1
KERNEL_DISPATCH,Agent 2,2,1,2096183,9327,68,deinterleave_f32,8561,294970593736436,294970593737959,0,0,8,0,128,256,1,1,6144,1,1
KERNEL_DISPATCH,Agent 2,2,1,2096183,9328,33,rmsnorm_f32,8561,294970593739883,294970593741766,0,0,16,0,128,256,1,1,6144,1,1
KERNEL_DISPATCH,Agent 2,2,1,2096183,9329,33,rmsnorm_f32,8561,294970593743530,294970593745373,0,0,16,0,128,256,1,1,1024,1,1
KERNEL_DISPATCH,Agent 2,2,1,2096183,9330,69,rope_partial_halfsplit_f32,8561,294970593747337,294970593751585,0,0,16,0,128,32,1,1,32,1,1
KERNEL_DISPATCH,Agent 2,2,1,2096183,9331,71,kv_cache_write_q8_0,8561,294970593753588,294970593755111,0,0,8,0,128,32,1,1,1024,1,1
KERNEL_DISPATCH,Agent 2,2,1,2096183,9332,71,kv_cache_write_q8_0,8561,294970593756915,294970593758077,0,0,8,0,128,32,1,1,1024,1,1
KERNEL_DISPATCH,Agent 2,2,1,2096183,9333,72,attention_flash_q8_0_tile,8561,294970593760041,294970593946630,0,0,48,0,128,32,1,1,768,2048,1
KERNEL_DISPATCH,Agent 2,2,1,2096183,9334,73,attention_flash_q8_0_reduce,8562,294970593953442,294970593967829,512,0,24,0,128,256,1,1,6144,1,1
KERNEL_DISPATCH,Agent 2,2,1,2096183,9335,74,sigmoid_mul_f32,8562,294970593969753,294970593970875,0,0,16,0,128,256,1,1,6144,1,1
KERNEL_DISPATCH,Agent 2,2,1,2096183,9336,63,rotate_x_mq_awq,8562,294970593972839,294970593975043,0,0,80,0,128,32,1,1,768,1,1
KERNEL_DISPATCH,Agent 2,2,1,2096183,9337,64,gemv_mq4g256v2_residual_row_serial_gfx1151,8562,294970593977006,294970594053428,0,0,88,0,128,32,1,1,163840,1,1
KERNEL_DISPATCH,Agent 2,2,1,2096183,9338,55,fused_rmsnorm_mq_rotate_awq,8562,294970594055512,294970594062766,0,0,88,0,128,256,1,1,256,1,1
KERNEL_DISPATCH,Agent 2,2,1,2096183,9339,65,fused_gate_up_mq4g256v2,8562,294970594064970,294970594485236,0,0,80,0,128,32,1,1,1114112,1,1
KERNEL_DISPATCH,Agent 2,2,1,2096183,9340,66,fused_silu_mul_mq_rotate_awq,8562,294970594491849,294970594494253,0,0,56,0,128,32,1,1,2176,1,1
KERNEL_DISPATCH,Agent 2,2,1,2096183,9341,64,gemv_mq4g256v2_residual_row_serial_gfx1151,8562,294970594496177,294970594711540,0,0,88,0,128,32,1,1,163840,1,1
KERNEL_DISPATCH,Agent 2,2,1,2096183,9342,55,fused_rmsnorm_mq_rotate_awq,8562,294970594718393,294970594725366,0,0,88,0,128,256,1,1,256,1,1
KERNEL_DISPATCH,Agent 2,2,1,2096183,9343,56,fused_qkvza_mq4g256v2,8562,294970594727369,294970594924138,0,0,80,0,128,32,1,1,527360,1,1
KERNEL_DISPATCH,Agent 2,2,1,2096183,9344,57,fused_sigmoid_alpha_gate_f32,8562,294970594930670,294970594932152,0,0,16,0,128,256,1,1,256,1,1
KERNEL_DISPATCH,Agent 2,2,1,2096183,9345,58,conv1d_silu_split_qknorm_b256,8562,294970594934156,294970594937322,1024,0,24,0,128,256,1,1,10240,1,1
KERNEL_DISPATCH,Agent 2,2,1,2096183,9346,59,repeat_interleave_qk_f32,8562,294970594939286,294970594940408,0,0,8,0,128,256,1,1,6144,1,1
KERNEL_DISPATCH,Agent 2,2,1,2096183,9347,61,gated_delta_net_q8_fast,8562,294970594942452,294970594969623,2048,0,64,0,128,32,1,1,1536,32,1
KERNEL_DISPATCH,Agent 2,2,1,2096183,9348,62,gated_norm_f32,8562,294970594971626,294970594974111,0,0,24,0,128,32,1,1,1536,1,1
KERNEL_DISPATCH,Agent 2,2,1,2096183,9349,63,rotate_x_mq_awq,8562,294970594976075,294970594977758,0,0,80,0,128,32,1,1,768,1,1
KERNEL_DISPATCH,Agent 2,2,1,2096183,9350,64,gemv_mq4g256v2_residual_row_serial_gfx1151,8562,294970594979681,294970595056665,0,0,88,0,128,32,1,1,163840,1,1
KERNEL_DISPATCH,Agent 2,2,1,2096183,9351,55,fused_rmsnorm_mq_rotate_awq,8562,294970595063278,294970595070411,0,0,88,0,128,256,1,1,256,1,1
KERNEL_DISPATCH,Agent 2,2,1,2096183,9352,65,fused_gate_up_mq4g256v2,8562,294970595072375,294970595501257,0,0,80,0,128,32,1,1,1114112,1,1
KERNEL_DISPATCH,Agent 2,2,1,2096183,9353,66,fused_silu_mul_mq_rotate_awq,8562,294970595507870,294970595510274,0,0,56,0,128,32,1,1,2176,1,1
KERNEL_DISPATCH,Agent 2,2,1,2096183,9354,64,gemv_mq4g256v2_residual_row_serial_gfx1151,8562,294970595512198,294970595726519,0,0,88,0,128,32,1,1,163840,1,1
KERNEL_DISPATCH,Agent 2,2,1,2096183,9355,55,fused_rmsnorm_mq_rotate_awq,8562,294970595732971,294970595739062,0,0,88,0,128,256,1,1,256,1,1
KERNEL_DISPATCH,Agent 2,2,1,2096183,9356,56,fused_qkvza_mq4g256v2,8562,294970595740986,294970595938155,0,0,80,0,128,32,1,1,527360,1,1
KERNEL_DISPATCH,Agent 2,2,1,2096183,9357,57,fused_sigmoid_alpha_gate_f32,8562,294970595944727,294970595946570,0,0,16,0,128,256,1,1,256,1,1
KERNEL_DISPATCH,Agent 2,2,1,2096183,9358,58,conv1d_silu_split_qknorm_b256,8562,294970595948534,294970595951059,1024,0,24,0,128,256,1,1,10240,1,1
KERNEL_DISPATCH,Agent 2,2,1,2096183,9359,59,repeat_interleave_qk_f32,8562,294970595953022,294970595954145,0,0,8,0,128,256,1,1,6144,1,1
KERNEL_DISPATCH,Agent 2,2,1,2096183,9360,61,gated_delta_net_q8_fast,8562,294970595956108,294970595983159,2048,0,64,0,128,32,1,1,1536,32,1
KERNEL_DISPATCH,Agent 2,2,1,2096183,9361,62,gated_norm_f32,8562,294970595985123,294970595987808,0,0,24,0,128,32,1,1,1536,1,1
KERNEL_DISPATCH,Agent 2,2,1,2096183,9362,63,rotate_x_mq_awq,8562,294970595989811,294970595991334,0,0,80,0,128,32,1,1,768,1,1
KERNEL_DISPATCH,Agent 2,2,1,2096183,9363,64,gemv_mq4g256v2_residual_row_serial_gfx1151,8562,294970595993298,294970596070282,0,0,88,0,128,32,1,1,163840,1,1
KERNEL_DISPATCH,Agent 2,2,1,2096183,9364,55,fused_rmsnorm_mq_rotate_awq,8562,294970596076734,294970596082946,0,0,88,0,128,256,1,1,256,1,1
KERNEL_DISPATCH,Agent 2,2,1,2096183,9365,65,fused_gate_up_mq4g256v2,8562,294970596084909,294970596514713,0,0,80,0,128,32,1,1,1114112,1,1
KERNEL_DISPATCH,Agent 2,2,1,2096183,9366,66,fused_silu_mul_mq_rotate_awq,8562,294970596521246,294970596523650,0,0,56,0,128,32,1,1,2176,1,1
KERNEL_DISPATCH,Agent 2,2,1,2096183,9367,64,gemv_mq4g256v2_residual_row_serial_gfx1151,8562,294970596525614,294970596739374,0,0,88,0,128,32,1,1,163840,1,1
KERNEL_DISPATCH,Agent 2,2,1,2096183,9368,55,fused_rmsnorm_mq_rotate_awq,8562,294970596745786,294970596752518,0,0,88,0,128,256,1,1,256,1,1
KERNEL_DISPATCH,Agent 2,2,1,2096183,9369,56,fused_qkvza_mq4g256v2,8562,294970596754482,294970596952893,0,0,80,0,128,32,1,1,527360,1,1
KERNEL_DISPATCH,Agent 2,2,1,2096183,9370,57,fused_sigmoid_alpha_gate_f32,8562,294970596959506,294970596961229,0,0,16,0,128,256,1,1,256,1,1
KERNEL_DISPATCH,Agent 2,2,1,2096183,9371,58,conv1d_silu_split_qknorm_b256,8562,294970596963152,294970596965797,1024,0,24,0,128,256,1,1,10240,1,1
KERNEL_DISPATCH,Agent 2,2,1,2096183,9372,59,repeat_interleave_qk_f32,8562,294970596967721,294970596968883,0,0,8,0,128,256,1,1,6144,1,1
KERNEL_DISPATCH,Agent 2,2,1,2096183,9373,61,gated_delta_net_q8_fast,8562,294970596970767,294970596997777,2048,0,64,0,128,32,1,1,1536,32,1
KERNEL_DISPATCH,Agent 2,2,1,2096183,9374,62,gated_norm_f32,8562,294970596999741,294970597002306,0,0,24,0,128,32,1,1,1536,1,1
KERNEL_DISPATCH,Agent 2,2,1,2096183,9375,63,rotate_x_mq_awq,8562,294970597004229,294970597005752,0,0,80,0,128,32,1,1,768,1,1
KERNEL_DISPATCH,Agent 2,2,1,2096183,9376,64,gemv_mq4g256v2_residual_row_serial_gfx1151,8562,294970597007676,294970597084259,0,0,88,0,128,32,1,1,163840,1,1
KERNEL_DISPATCH,Agent 2,2,1,2096183,9377,55,fused_rmsnorm_mq_rotate_awq,8562,294970597090711,294970597096762,0,0,88,0,128,256,1,1,256,1,1
KERNEL_DISPATCH,Agent 2,2,1,2096183,9378,65,fused_gate_up_mq4g256v2,8562,294970597098726,294970597528650,0,0,80,0,128,32,1,1,1114112,1,1
KERNEL_DISPATCH,Agent 2,2,1,2096183,9379,66,fused_silu_mul_mq_rotate_awq,8562,294970597535303,294970597537507,0,0,56,0,128,32,1,1,2176,1,1
KERNEL_DISPATCH,Agent 2,2,1,2096183,9380,64,gemv_mq4g256v2_residual_row_serial_gfx1151,8562,294970597539471,294970597752750,0,0,88,0,128,32,1,1,163840,1,1
KERNEL_DISPATCH,Agent 2,2,1,2096183,9381,55,fused_rmsnorm_mq_rotate_awq,8562,294970597759242,294970597765453,0,0,88,0,128,256,1,1,256,1,1
KERNEL_DISPATCH,Agent 2,2,1,2096183,9382,67,fused_qkv_mq4g256v2,8562,294970597767417,294970597939980,0,0,80,0,128,32,1,1,458752,1,1
KERNEL_DISPATCH,Agent 2,2,1,2096183,9383,68,deinterleave_f32,8562,294970597946472,294970597947755,0,0,8,0,128,256,1,1,6144,1,1
KERNEL_DISPATCH,Agent 2,2,1,2096183,9384,33,rmsnorm_f32,8562,294970597949678,294970597951762,0,0,16,0,128,256,1,1,6144,1,1
KERNEL_DISPATCH,Agent 2,2,1,2096183,9385,33,rmsnorm_f32,8562,294970597953525,294970597955369,0,0,16,0,128,256,1,1,1024,1,1
KERNEL_DISPATCH,Agent 2,2,1,2096183,9386,69,rope_partial_halfsplit_f32,8562,294970597957332,294970597961901,0,0,16,0,128,32,1,1,32,1,1
KERNEL_DISPATCH,Agent 2,2,1,2096183,9387,71,kv_cache_write_q8_0,8562,294970597963865,294970597965307,0,0,8,0,128,32,1,1,1024,1,1
KERNEL_DISPATCH,Agent 2,2,1,2096183,9388,71,kv_cache_write_q8_0,8562,294970597967071,294970597972280,0,0,8,0,128,32,1,1,1024,1,1
KERNEL_DISPATCH,Agent 2,2,1,2096183,9389,72,attention_flash_q8_0_tile,8562,294970597974244,294970598149612,0,0,48,0,128,32,1,1,768,2048,1
KERNEL_DISPATCH,Agent 2,2,1,2096183,9390,73,attention_flash_q8_0_reduce,8562,294970598156144,294970598171092,512,0,24,0,128,256,1,1,6144,1,1
KERNEL_DISPATCH,Agent 2,2,1,2096183,9391,74,sigmoid_mul_f32,8562,294970598173096,294970598174178,0,0,16,0,128,256,1,1,6144,1,1
KERNEL_DISPATCH,Agent 2,2,1,2096183,9392,63,rotate_x_mq_awq,8562,294970598176142,294970598178426,0,0,80,0,128,32,1,1,768,1,1
KERNEL_DISPATCH,Agent 2,2,1,2096183,9393,64,gemv_mq4g256v2_residual_row_serial_gfx1151,8562,294970598180430,294970598257294,0,0,88,0,128,32,1,1,163840,1,1
KERNEL_DISPATCH,Agent 2,2,1,2096183,9394,55,fused_rmsnorm_mq_rotate_awq,8562,294970598263786,294970598270799,0,0,88,0,128,256,1,1,256,1,1
KERNEL_DISPATCH,Agent 2,2,1,2096183,9395,65,fused_gate_up_mq4g256v2,8562,294970598272803,294970598695393,0,0,80,0,128,32,1,1,1114112,1,1
KERNEL_DISPATCH,Agent 2,2,1,2096183,9396,66,fused_silu_mul_mq_rotate_awq,8562,294970598702006,294970598704330,0,0,56,0,128,32,1,1,2176,1,1
KERNEL_DISPATCH,Agent 2,2,1,2096183,9397,64,gemv_mq4g256v2_residual_row_serial_gfx1151,8562,294970598706254,294970598921977,0,0,88,0,128,32,1,1,163840,1,1
KERNEL_DISPATCH,Agent 2,2,1,2096183,9398,55,fused_rmsnorm_mq_rotate_awq,8562,294970598928550,294970598934881,0,0,88,0,128,256,1,1,256,1,1
KERNEL_DISPATCH,Agent 2,2,1,2096183,9399,56,fused_qkvza_mq4g256v2,8562,294970598936845,294970599134695,0,0,80,0,128,32,1,1,527360,1,1
KERNEL_DISPATCH,Agent 2,2,1,2096183,9400,57,fused_sigmoid_alpha_gate_f32,8562,294970599141268,294970599142790,0,0,16,0,128,256,1,1,256,1,1
KERNEL_DISPATCH,Agent 2,2,1,2096183,9401,58,conv1d_silu_split_qknorm_b256,8562,294970599144754,294970599147680,1024,0,24,0,128,256,1,1,10240,1,1
KERNEL_DISPATCH,Agent 2,2,1,2096183,9402,59,repeat_interleave_qk_f32,8562,294970599149723,294970599150845,0,0,8,0,128,256,1,1,6144,1,1
KERNEL_DISPATCH,Agent 2,2,1,2096183,9403,61,gated_delta_net_q8_fast,8562,294970599152809,294970599179699,2048,0,64,0,128,32,1,1,1536,32,1
KERNEL_DISPATCH,Agent 2,2,1,2096183,9404,62,gated_norm_f32,8562,294970599181663,294970599184308,0,0,24,0,128,32,1,1,1536,1,1
KERNEL_DISPATCH,Agent 2,2,1,2096183,9405,63,rotate_x_mq_awq,8562,294970599186272,294970599188035,0,0,80,0,128,32,1,1,768,1,1
KERNEL_DISPATCH,Agent 2,2,1,2096183,9406,64,gemv_mq4g256v2_residual_row_serial_gfx1151,8562,294970599189959,294970599267103,0,0,88,0,128,32,1,1,163840,1,1
KERNEL_DISPATCH,Agent 2,2,1,2096183,9407,55,fused_rmsnorm_mq_rotate_awq,8562,294970599273515,294970599279687,0,0,88,0,128,256,1,1,256,1,1
KERNEL_DISPATCH,Agent 2,2,1,2096183,9408,65,fused_gate_up_mq4g256v2,8562,294970599281650,294970599709731,0,0,80,0,128,32,1,1,1114112,1,1
KERNEL_DISPATCH,Agent 2,2,1,2096183,9409,66,fused_silu_mul_mq_rotate_awq,8562,294970599716303,294970599718948,0,0,56,0,128,32,1,1,2176,1,1
KERNEL_DISPATCH,Agent 2,2,1,2096183,9410,64,gemv_mq4g256v2_residual_row_serial_gfx1151,8562,294970599720872,294970599933590,0,0,88,0,128,32,1,1,163840,1,1
KERNEL_DISPATCH,Agent 2,2,1,2096183,9411,55,fused_rmsnorm_mq_rotate_awq,8562,294970599940082,294970599946214,0,0,88,0,128,256,1,1,256,1,1
KERNEL_DISPATCH,Agent 2,2,1,2096183,9412,56,fused_qkvza_mq4g256v2,8562,294970599948177,294970600145867,0,0,80,0,128,32,1,1,527360,1,1
KERNEL_DISPATCH,Agent 2,2,1,2096183,9413,57,fused_sigmoid_alpha_gate_f32,8562,294970600152680,294970600154523,0,0,16,0,128,256,1,1,256,1,1
KERNEL_DISPATCH,Agent 2,2,1,2096183,9414,58,conv1d_silu_split_qknorm_b256,8562,294970600156447,294970600159012,1024,0,24,0,128,256,1,1,10240,1,1
KERNEL_DISPATCH,Agent 2,2,1,2096183,9415,59,repeat_interleave_qk_f32,8562,294970600160935,294970600162057,0,0,8,0,128,256,1,1,6144,1,1
KERNEL_DISPATCH,Agent 2,2,1,2096183,9416,61,gated_delta_net_q8_fast,8562,294970600163941,294970600191192,2048,0,64,0,128,32,1,1,1536,32,1
KERNEL_DISPATCH,Agent 2,2,1,2096183,9417,62,gated_norm_f32,8562,294970600193156,294970600195720,0,0,24,0,128,32,1,1,1536,1,1
KERNEL_DISPATCH,Agent 2,2,1,2096183,9418,63,rotate_x_mq_awq,8562,294970600197684,294970600199207,0,0,80,0,128,32,1,1,768,1,1
KERNEL_DISPATCH,Agent 2,2,1,2096183,9419,64,gemv_mq4g256v2_residual_row_serial_gfx1151,8562,294970600201171,294970600277874,0,0,88,0,128,32,1,1,163840,1,1
KERNEL_DISPATCH,Agent 2,2,1,2096183,9420,55,fused_rmsnorm_mq_rotate_awq,8562,294970600284366,294970600290458,0,0,88,0,128,256,1,1,256,1,1
KERNEL_DISPATCH,Agent 2,2,1,2096183,9421,65,fused_gate_up_mq4g256v2,8562,294970600292381,294970600720502,0,0,80,0,128,32,1,1,1114112,1,1
KERNEL_DISPATCH,Agent 2,2,1,2096183,9422,66,fused_silu_mul_mq_rotate_awq,8562,294970600727155,294970600729359,0,0,56,0,128,32,1,1,2176,1,1
KERNEL_DISPATCH,Agent 2,2,1,2096183,9423,64,gemv_mq4g256v2_residual_row_serial_gfx1151,8562,294970600731282,294970600946846,0,0,88,0,128,32,1,1,163840,1,1
KERNEL_DISPATCH,Agent 2,2,1,2096183,9424,55,fused_rmsnorm_mq_rotate_awq,8562,294970600953418,294970600959590,0,0,88,0,128,256,1,1,256,1,1
KERNEL_DISPATCH,Agent 2,2,1,2096183,9425,56,fused_qkvza_mq4g256v2,8562,294970600961593,294970601159243,0,0,80,0,128,32,1,1,527360,1,1
KERNEL_DISPATCH,Agent 2,2,1,2096183,9426,57,fused_sigmoid_alpha_gate_f32,8562,294970601165735,294970601167659,0,0,16,0,128,256,1,1,256,1,1
KERNEL_DISPATCH,Agent 2,2,1,2096183,9427,58,conv1d_silu_split_qknorm_b256,8562,294970601169623,294970601172508,1024,0,24,0,128,256,1,1,10240,1,1
KERNEL_DISPATCH,Agent 2,2,1,2096183,9428,59,repeat_interleave_qk_f32,8562,294970601174512,294970601175634,0,0,8,0,128,256,1,1,6144,1,1
KERNEL_DISPATCH,Agent 2,2,1,2096183,9429,61,gated_delta_net_q8_fast,8562,294970601177597,294970601205490,2048,0,64,0,128,32,1,1,1536,32,1
KERNEL_DISPATCH,Agent 2,2,1,2096183,9430,62,gated_norm_f32,8562,294970601207453,294970601210018,0,0,24,0,128,32,1,1,1536,1,1
KERNEL_DISPATCH,Agent 2,2,1,2096183,9431,63,rotate_x_mq_awq,8562,294970601211982,294970601213625,0,0,80,0,128,32,1,1,768,1,1
KERNEL_DISPATCH,Agent 2,2,1,2096183,9432,64,gemv_mq4g256v2_residual_row_serial_gfx1151,8562,294970601215548,294970601292893,0,0,88,0,128,32,1,1,163840,1,1
KERNEL_DISPATCH,Agent 2,2,1,2096183,9433,55,fused_rmsnorm_mq_rotate_awq,8562,294970601299385,294970601306959,0,0,88,0,128,256,1,1,256,1,1
KERNEL_DISPATCH,Agent 2,2,1,2096183,9434,65,fused_gate_up_mq4g256v2,8562,294970601308923,294970601738286,0,0,80,0,128,32,1,1,1114112,1,1
KERNEL_DISPATCH,Agent 2,2,1,2096183,9435,66,fused_silu_mul_mq_rotate_awq,8562,294970601744899,294970601747183,0,0,56,0,128,32,1,1,2176,1,1
KERNEL_DISPATCH,Agent 2,2,1,2096183,9436,64,gemv_mq4g256v2_residual_row_serial_gfx1151,8562,294970601749107,294970601962346,0,0,88,0,128,32,1,1,163840,1,1
KERNEL_DISPATCH,Agent 2,2,1,2096183,9437,55,fused_rmsnorm_mq_rotate_awq,8562,294970601968878,294970601975330,0,0,88,0,128,256,1,1,256,1,1
KERNEL_DISPATCH,Agent 2,2,1,2096183,9438,67,fused_qkv_mq4g256v2,8562,294970601977334,294970602150217,0,0,80,0,128,32,1,1,458752,1,1
KERNEL_DISPATCH,Agent 2,2,1,2096183,9439,68,deinterleave_f32,8562,294970602156709,294970602158232,0,0,8,0,128,256,1,1,6144,1,1
KERNEL_DISPATCH,Agent 2,2,1,2096183,9440,33,rmsnorm_f32,8562,294970602160196,294970602162079,0,0,16,0,128,256,1,1,6144,1,1
KERNEL_DISPATCH,Agent 2,2,1,2096183,9441,33,rmsnorm_f32,8562,294970602163883,294970602165686,0,0,16,0,128,256,1,1,1024,1,1
KERNEL_DISPATCH,Agent 2,2,1,2096183,9442,69,rope_partial_halfsplit_f32,8562,294970602167690,294970602172098,0,0,16,0,128,32,1,1,32,1,1
KERNEL_DISPATCH,Agent 2,2,1,2096183,9443,71,kv_cache_write_q8_0,8562,294970602174102,294970602175705,0,0,8,0,128,32,1,1,1024,1,1
KERNEL_DISPATCH,Agent 2,2,1,2096183,9444,71,kv_cache_write_q8_0,8562,294970602177508,294970602178710,0,0,8,0,128,32,1,1,1024,1,1
KERNEL_DISPATCH,Agent 2,2,1,2096183,9445,72,attention_flash_q8_0_tile,8562,294970602180834,294970602345663,0,0,48,0,128,32,1,1,768,2048,1
KERNEL_DISPATCH,Agent 2,2,1,2096183,9446,73,attention_flash_q8_0_reduce,8562,294970602352115,294970602366261,512,0,24,0,128,256,1,1,6144,1,1
KERNEL_DISPATCH,Agent 2,2,1,2096183,9447,74,sigmoid_mul_f32,8562,294970602368225,294970602369307,0,0,16,0,128,256,1,1,6144,1,1
KERNEL_DISPATCH,Agent 2,2,1,2096183,9448,63,rotate_x_mq_awq,8562,294970602371271,294970602372754,0,0,80,0,128,32,1,1,768,1,1
KERNEL_DISPATCH,Agent 2,2,1,2096183,9449,64,gemv_mq4g256v2_residual_row_serial_gfx1151,8562,294970602374717,294970602452302,0,0,88,0,128,32,1,1,163840,1,1
KERNEL_DISPATCH,Agent 2,2,1,2096183,9450,55,fused_rmsnorm_mq_rotate_awq,8562,294970602458794,294970602466008,0,0,88,0,128,256,1,1,256,1,1
KERNEL_DISPATCH,Agent 2,2,1,2096183,9451,65,fused_gate_up_mq4g256v2,8562,294970602468012,294970602889039,0,0,80,0,128,32,1,1,1114112,1,1
KERNEL_DISPATCH,Agent 2,2,1,2096183,9452,66,fused_silu_mul_mq_rotate_awq,8562,294970602895692,294970602897976,0,0,56,0,128,32,1,1,2176,1,1
KERNEL_DISPATCH,Agent 2,2,1,2096183,9453,64,gemv_mq4g256v2_residual_row_serial_gfx1151,8562,294970602899900,294970603113860,0,0,88,0,128,32,1,1,163840,1,1
KERNEL_DISPATCH,Agent 2,2,1,2096183,9454,33,rmsnorm_f32,8562,294970603120553,294970603131012,0,0,16,0,128,256,1,1,256,1,1
KERNEL_DISPATCH,Agent 2,2,1,2096183,9455,41,mq_rotate_x,8562,294970603133457,294970603135220,0,0,32,0,128,32,1,1,640,1,1
KERNEL_DISPATCH,Agent 2,2,1,2096183,9456,46,gemv_mq4g256v2_multirow_r2,8562,294970603137424,294970606073798,0,0,104,0,128,32,1,1,3973120,1,1
KERNEL_DISPATCH,Agent 2,1,0,2096183,9457,6,__amd_rocclr_copyBuffer,8563,294970606091070,294970606101650,0,0,16,0,128,512,1,1,512,1,1
KERNEL_DISPATCH,Agent 2,2,1,2096183,9458,51,sample_topk_partial_fast21,8564,294970606120856,294970606148548,0,0,56,0,128,256,1,1,32768,1,1
KERNEL_DISPATCH,Agent 2,2,1,2096183,9459,50,sample_topk_finalize_fast21,8565,294970606150672,294970606166461,0,0,80,0,128,128,1,1,128,1,1
KERNEL_DISPATCH,Agent 2,1,0,2096183,9460,6,__amd_rocclr_copyBuffer,8566,294970606173675,294970606175198,0,0,16,0,128,512,1,1,512,1,1
