GPU dev 0: gfx1201 (34.2 GB VRAM, HIP 7.15)
  pre-compiled kernels: /home/kaden/.hipfire-homes/ab0/.hipfire_kernels/gfx1201
arch=gfx1201 replay_backend_state_init
model: dim=5120 hidden=17408 layers=64 heads=24/4/256 kv_heads=4 head_dim=256 vocab=248320 experts=0
  loading token_embd...
  qwen3.5-vl text wrapper: mrope_interleaved=true mrope_section=[11, 11, 10]
  loading output_norm...
  loading output (separate lm_head)...
  lm_head AWQ sidecar: absent (no-op)
  loading layer 0/64 (LinearAttention)...
  loading layer 1/64 (LinearAttention)...
  loading layer 2/64 (LinearAttention)...
  loading layer 3/64 (FullAttention)...
  loading layer 4/64 (LinearAttention)...
  loading layer 5/64 (LinearAttention)...
  loading layer 6/64 (LinearAttention)...
  loading layer 7/64 (FullAttention)...
  loading layer 8/64 (LinearAttention)...
  loading layer 9/64 (LinearAttention)...
  loading layer 10/64 (LinearAttention)...
  loading layer 11/64 (FullAttention)...
  loading layer 12/64 (LinearAttention)...
  loading layer 13/64 (LinearAttention)...
  loading layer 14/64 (LinearAttention)...
  loading layer 15/64 (FullAttention)...
  loading layer 16/64 (LinearAttention)...
  loading layer 17/64 (LinearAttention)...
  loading layer 18/64 (LinearAttention)...
  loading layer 19/64 (FullAttention)...
  loading layer 20/64 (LinearAttention)...
  loading layer 21/64 (LinearAttention)...
  loading layer 22/64 (LinearAttention)...
  loading layer 23/64 (FullAttention)...
  loading layer 24/64 (LinearAttention)...
  loading layer 25/64 (LinearAttention)...
  loading layer 26/64 (LinearAttention)...
  loading layer 27/64 (FullAttention)...
  loading layer 28/64 (LinearAttention)...
  loading layer 29/64 (LinearAttention)...
  loading layer 30/64 (LinearAttention)...
  loading layer 31/64 (FullAttention)...
  loading layer 32/64 (LinearAttention)...
  loading layer 33/64 (LinearAttention)...
  loading layer 34/64 (LinearAttention)...
  loading layer 35/64 (FullAttention)...
  loading layer 36/64 (LinearAttention)...
  loading layer 37/64 (LinearAttention)...
  loading layer 38/64 (LinearAttention)...
  loading layer 39/64 (FullAttention)...
  loading layer 40/64 (LinearAttention)...
  loading layer 41/64 (LinearAttention)...
  loading layer 42/64 (LinearAttention)...
  loading layer 43/64 (FullAttention)...
  loading layer 44/64 (LinearAttention)...
  loading layer 45/64 (LinearAttention)...
  loading layer 46/64 (LinearAttention)...
  loading layer 47/64 (FullAttention)...
  loading layer 48/64 (LinearAttention)...
  loading layer 49/64 (LinearAttention)...
  loading layer 50/64 (LinearAttention)...
  loading layer 51/64 (FullAttention)...
  loading layer 52/64 (LinearAttention)...
  loading layer 53/64 (LinearAttention)...
  loading layer 54/64 (LinearAttention)...
  loading layer 55/64 (FullAttention)...
  loading layer 56/64 (LinearAttention)...
  loading layer 57/64 (LinearAttention)...
  loading layer 58/64 (LinearAttention)...
  loading layer 59/64 (FullAttention)...
  loading layer 60/64 (LinearAttention)...
  loading layer 61/64 (LinearAttention)...
  loading layer 62/64 (LinearAttention)...
  loading layer 63/64 (FullAttention)...
  weight sweep: 3133 ms (packed-expert host-read 0 ms, H2D 0 ms)
L0 dtypes=[MQ4G256V2, MQ4G256V2, MQ4G256V2, MQ4G256V2, MQ4G256V2, MQ4G256V2, MQ4G256V2, MQ4G256V2]
L1 dtypes=[MQ4G256V2, MQ4G256V2, MQ4G256V2, MQ4G256V2, MQ4G256V2, MQ4G256V2, MQ4G256V2, MQ4G256V2]
flags: fp8_gateup=true fp8_resid=true fp8_qkvza=true fp8_qkv=true fp8_v2=true gdn_pre_fused=true silu_quant_fused=true producer_quant_fused=true fp8_stream=true fa2_prefill=true
layers: LA=48 FA=16
KV cache: fp8-e4m3 (16/64 layers carry KV, others placeholder)
dn: quant=Q8 s=48 sc=48 ef=48 conv=48
ordinary_prefill_chunk_limit admitted=4096
replay controller: manual_pm4 cap=16384
warmup: forward_prefill_batch 8192 (JIT)
prefill_chunk: requested=4096 admitted=4096 commit_stride=512
  gated_delta_net_q8_fast: pre-compiled blob has no hash file, recompiling
  rotate_x_mq_awq: pre-compiled blob has no hash file, recompiling
  fused_silu_mul_mq_rotate_awq: pre-compiled blob has no hash file, recompiling
  gemv_mq4g256v2_mq4v2: pre-compiled blob has no hash file, recompiling
KV cache: fp8-e4m3 (16/64 layers carry KV, others placeholder)
[census-trace] H2D size=16384 stack=[]
[census-k] embedding_q8_batched grid=[4096, 1, 1]
[census-trace] H2D size=16384 stack=[]
  fused_rmsnorm_mq_rotate_awq: pre-compiled blob has no hash file, recompiling
[census-k] fused_rmsnorm_mq_rotate_awq grid=[4096, 1, 1]
[census-k] gemm_qkvza_mq4g256v2_wmma_gfx12_bt8 grid=[1030, 32, 1]
[census-k] gdn_pre_batched_gfx1201 grid=[5248, 1, 1]
[census-k] gated_delta_net_q8_fast grid=[48, 32, 1]
[census-k] gated_delta_net_q8_fast grid=[48, 32, 1]
[census-k] gated_delta_net_q8_fast grid=[48, 32, 1]
[census-k] gated_delta_net_q8_fast grid=[48, 32, 1]
[census-k] gated_delta_net_q8_fast grid=[48, 32, 1]
[census-k] gated_delta_net_q8_fast grid=[48, 32, 1]
[census-k] gated_delta_net_q8_fast grid=[48, 32, 1]
[census-k] gated_delta_net_q8_fast grid=[48, 32, 1]
[census-k] gated_norm_f32 grid=[48, 4096, 1]
[census-trace] DSYNC size=0 stack=[]
[census-k] gemm_mq4g256v2_residual_wmma_gfx12_bt8 grid=[320, 32, 1]
[census-k] fused_rmsnorm_mq_rotate_awq grid=[4096, 1, 1]
[census-k] gemm_gate_up_mq4g256v2_wmma_gfx12_bt8 grid=[2176, 32, 1]
[census-k] fused_silu_mul_mq_rotate_awq grid=[68, 4096, 1]
[census-trace] DSYNC size=0 stack=[]
[census-k] gemm_mq4g256v2_residual_wmma_gfx12_bt8 grid=[320, 32, 1]
[census-k] fused_rmsnorm_mq_rotate_awq grid=[4096, 1, 1]
[census-k] gemm_qkvza_mq4g256v2_wmma_gfx12_bt8 grid=[1030, 32, 1]
[census-k] gdn_pre_batched_gfx1201 grid=[5248, 1, 1]
[census-k] gated_delta_net_q8_fast grid=[48, 32, 1]
[census-k] gated_delta_net_q8_fast grid=[48, 32, 1]
[census-k] gated_delta_net_q8_fast grid=[48, 32, 1]
[census-k] gated_delta_net_q8_fast grid=[48, 32, 1]
[census-k] gated_delta_net_q8_fast grid=[48, 32, 1]
[census-k] gated_delta_net_q8_fast grid=[48, 32, 1]
[census-k] gated_delta_net_q8_fast grid=[48, 32, 1]
[census-k] gated_delta_net_q8_fast grid=[48, 32, 1]
[census-k] gated_norm_f32 grid=[48, 4096, 1]
[census-k] gemm_mq4g256v2_residual_wmma_gfx12_bt8 grid=[320, 32, 1]
[census-k] fused_rmsnorm_mq_rotate_awq grid=[4096, 1, 1]
[census-k] gemm_gate_up_mq4g256v2_wmma_gfx12_bt8 grid=[2176, 32, 1]
[census-k] fused_silu_mul_mq_rotate_awq grid=[68, 4096, 1]
[census-k] gemm_mq4g256v2_residual_wmma_gfx12_bt8 grid=[320, 32, 1]
[census-k] fused_rmsnorm_mq_rotate_awq grid=[4096, 1, 1]
[census-k] gemm_qkvza_mq4g256v2_wmma_gfx12_bt8 grid=[1030, 32, 1]
[census-k] gdn_pre_batched_gfx1201 grid=[5248, 1, 1]
[census-k] gated_delta_net_q8_fast grid=[48, 32, 1]
[census-k] gated_delta_net_q8_fast grid=[48, 32, 1]
[census-k] gated_delta_net_q8_fast grid=[48, 32, 1]
[census-k] gated_delta_net_q8_fast grid=[48, 32, 1]
[census-k] gated_delta_net_q8_fast grid=[48, 32, 1]
[census-k] gated_delta_net_q8_fast grid=[48, 32, 1]
[census-k] gated_delta_net_q8_fast grid=[48, 32, 1]
[census-k] gated_delta_net_q8_fast grid=[48, 32, 1]
[census-k] gated_norm_f32 grid=[48, 4096, 1]
[census-k] gemm_mq4g256v2_residual_wmma_gfx12_bt8 grid=[320, 32, 1]
[census-k] fused_rmsnorm_mq_rotate_awq grid=[4096, 1, 1]
[census-k] gemm_gate_up_mq4g256v2_wmma_gfx12_bt8 grid=[2176, 32, 1]
[census-k] fused_silu_mul_mq_rotate_awq grid=[68, 4096, 1]
[census-k] gemm_mq4g256v2_residual_wmma_gfx12_bt8 grid=[320, 32, 1]
[census-k] fused_rmsnorm_mq_rotate_awq grid=[4096, 1, 1]
  gemm_qkv_hfq4g256_wmma_gfx12_mq4v2: pre-compiled blob has no hash file, recompiling
[census-k] gemm_qkv_mq4g256v2_wmma_gfx12 grid=[896, 256, 1]
[census-k] deinterleave_q_rmsnorm_f32_batched grid=[24, 4096, 1]
[census-k] rmsnorm_f32 grid=[16384, 1, 1]
[census-k] rope_partial_halfsplit_batched_f32 grid=[1, 4096, 1]
[census-k] kv_cache_write_fp8_e4m3_batched grid=[4, 512, 1]
[census-k] kv_cache_write_fp8_e4m3_batched grid=[4, 512, 1]
[census-k] attention_fp8_e4m3_fa2_q_preconvert_fp8_gfx1201 grid=[3072, 1, 1]
[census-k] attention_fp8_e4m3_fa2_gqa_gfx1201 grid=[64, 4, 1]
[census-k] kv_cache_write_fp8_e4m3_batched grid=[4, 512, 1]
[census-k] kv_cache_write_fp8_e4m3_batched grid=[4, 512, 1]
[census-k] attention_fp8_e4m3_fa2_q_preconvert_fp8_gfx1201 grid=[3072, 1, 1]
[census-k] attention_fp8_e4m3_fa2_gqa_gfx1201 grid=[64, 4, 1]
[census-k] kv_cache_write_fp8_e4m3_batched grid=[4, 512, 1]
[census-k] kv_cache_write_fp8_e4m3_batched grid=[4, 512, 1]
[census-k] attention_fp8_e4m3_fa2_q_preconvert_fp8_gfx1201 grid=[3072, 1, 1]
[census-k] attention_fp8_e4m3_fa2_gqa_gfx1201 grid=[64, 4, 1]
[census-k] kv_cache_write_fp8_e4m3_batched grid=[4, 512, 1]
[census-k] kv_cache_write_fp8_e4m3_batched grid=[4, 512, 1]
[census-k] attention_fp8_e4m3_fa2_q_preconvert_fp8_gfx1201 grid=[3072, 1, 1]
[census-k] attention_fp8_e4m3_fa2_gqa_gfx1201 grid=[64, 4, 1]
[census-k] kv_cache_write_fp8_e4m3_batched grid=[4, 512, 1]
[census-k] kv_cache_write_fp8_e4m3_batched grid=[4, 512, 1]
[census-k] attention_fp8_e4m3_fa2_q_preconvert_fp8_gfx1201 grid=[3072, 1, 1]
[census-k] attention_fp8_e4m3_fa2_gqa_gfx1201 grid=[64, 4, 1]
[census-k] kv_cache_write_fp8_e4m3_batched grid=[4, 512, 1]
[census-k] kv_cache_write_fp8_e4m3_batched grid=[4, 512, 1]
[census-k] attention_fp8_e4m3_fa2_q_preconvert_fp8_gfx1201 grid=[3072, 1, 1]
[census-k] attention_fp8_e4m3_fa2_gqa_gfx1201 grid=[64, 4, 1]
[census-k] kv_cache_write_fp8_e4m3_batched grid=[4, 512, 1]
[census-k] kv_cache_write_fp8_e4m3_batched grid=[4, 512, 1]
[census-k] attention_fp8_e4m3_fa2_q_preconvert_fp8_gfx1201 grid=[3072, 1, 1]
[census-k] attention_fp8_e4m3_fa2_gqa_gfx1201 grid=[64, 4, 1]
[census-k] kv_cache_write_fp8_e4m3_batched grid=[4, 512, 1]
[census-k] kv_cache_write_fp8_e4m3_batched grid=[4, 512, 1]
[census-k] attention_fp8_e4m3_fa2_q_preconvert_fp8_gfx1201 grid=[3072, 1, 1]
[census-k] attention_fp8_e4m3_fa2_gqa_gfx1201 grid=[64, 4, 1]
[census-k] sigmoid_mul_f32 grid=[98304, 1, 1]
[census-k] gemm_mq4g256v2_residual_wmma_gfx12_bt8 grid=[320, 32, 1]
[census-k] fused_rmsnorm_mq_rotate_awq grid=[4096, 1, 1]
[census-k] gemm_gate_up_mq4g256v2_wmma_gfx12_bt8 grid=[2176, 32, 1]
[census-k] fused_silu_mul_mq_rotate_awq grid=[68, 4096, 1]
[census-k] gemm_mq4g256v2_residual_wmma_gfx12_bt8 grid=[320, 32, 1]
[census-k] fused_rmsnorm_mq_rotate_awq grid=[4096, 1, 1]
[census-k] gemm_qkvza_mq4g256v2_wmma_gfx12_bt8 grid=[1030, 32, 1]
[census-k] gdn_pre_batched_gfx1201 grid=[5248, 1, 1]
[census-k] gated_delta_net_q8_fast grid=[48, 32, 1]
[census-k] gated_delta_net_q8_fast grid=[48, 32, 1]
[census-k] gated_delta_net_q8_fast grid=[48, 32, 1]
[census-k] gated_delta_net_q8_fast grid=[48, 32, 1]
[census-k] gated_delta_net_q8_fast grid=[48, 32, 1]
[census-k] gated_delta_net_q8_fast grid=[48, 32, 1]
[census-k] gated_delta_net_q8_fast grid=[48, 32, 1]
[census-k] gated_delta_net_q8_fast grid=[48, 32, 1]
[census-k] gated_norm_f32 grid=[48, 4096, 1]
[census-k] gemm_mq4g256v2_residual_wmma_gfx12_bt8 grid=[320, 32, 1]
[census-k] fused_rmsnorm_mq_rotate_awq grid=[4096, 1, 1]
[census-k] gemm_gate_up_mq4g256v2_wmma_gfx12_bt8 grid=[2176, 32, 1]
[census-k] fused_silu_mul_mq_rotate_awq grid=[68, 4096, 1]
[census-k] gemm_mq4g256v2_residual_wmma_gfx12_bt8 grid=[320, 32, 1]
[census-k] fused_rmsnorm_mq_rotate_awq grid=[4096, 1, 1]
[census-k] gemm_qkvza_mq4g256v2_wmma_gfx12_bt8 grid=[1030, 32, 1]
[census-k] gdn_pre_batched_gfx1201 grid=[5248, 1, 1]
[census-k] gated_delta_net_q8_fast grid=[48, 32, 1]
[census-k] gated_delta_net_q8_fast grid=[48, 32, 1]
[census-k] gated_delta_net_q8_fast grid=[48, 32, 1]
[census-k] gated_delta_net_q8_fast grid=[48, 32, 1]
[census-k] gated_delta_net_q8_fast grid=[48, 32, 1]
[census-k] gated_delta_net_q8_fast grid=[48, 32, 1]
[census-k] gated_delta_net_q8_fast grid=[48, 32, 1]
[census-k] gated_delta_net_q8_fast grid=[48, 32, 1]
[census-k] gated_norm_f32 grid=[48, 4096, 1]
[census-k] gemm_mq4g256v2_residual_wmma_gfx12_bt8 grid=[320, 32, 1]
[census-k] fused_rmsnorm_mq_rotate_awq grid=[4096, 1, 1]
[census-k] gemm_gate_up_mq4g256v2_wmma_gfx12_bt8 grid=[2176, 32, 1]
[census-k] fused_silu_mul_mq_rotate_awq grid=[68, 4096, 1]
[census-k] gemm_mq4g256v2_residual_wmma_gfx12_bt8 grid=[320, 32, 1]
[census-k] fused_rmsnorm_mq_rotate_awq grid=[4096, 1, 1]
[census-k] gemm_qkvza_mq4g256v2_wmma_gfx12_bt8 grid=[1030, 32, 1]
[census-k] gdn_pre_batched_gfx1201 grid=[5248, 1, 1]
[census-k] gated_delta_net_q8_fast grid=[48, 32, 1]
[census-k] gated_delta_net_q8_fast grid=[48, 32, 1]
[census-k] gated_delta_net_q8_fast grid=[48, 32, 1]
[census-k] gated_delta_net_q8_fast grid=[48, 32, 1]
[census-k] gated_delta_net_q8_fast grid=[48, 32, 1]
[census-k] gated_delta_net_q8_fast grid=[48, 32, 1]
[census-k] gated_delta_net_q8_fast grid=[48, 32, 1]
[census-k] gated_delta_net_q8_fast grid=[48, 32, 1]
[census-k] gated_norm_f32 grid=[48, 4096, 1]
[census-k] gemm_mq4g256v2_residual_wmma_gfx12_bt8 grid=[320, 32, 1]
[census-k] fused_rmsnorm_mq_rotate_awq grid=[4096, 1, 1]
[census-k] gemm_gate_up_mq4g256v2_wmma_gfx12_bt8 grid=[2176, 32, 1]
[census-k] fused_silu_mul_mq_rotate_awq grid=[68, 4096, 1]
[census-k] gemm_mq4g256v2_residual_wmma_gfx12_bt8 grid=[320, 32, 1]
[census-k] fused_rmsnorm_mq_rotate_awq grid=[4096, 1, 1]
[census-k] gemm_qkv_mq4g256v2_wmma_gfx12 grid=[896, 256, 1]
[census-k] deinterleave_q_rmsnorm_f32_batched grid=[24, 4096, 1]
[census-k] rmsnorm_f32 grid=[16384, 1, 1]
[census-k] rope_partial_halfsplit_batched_f32 grid=[1, 4096, 1]
[census-k] kv_cache_write_fp8_e4m3_batched grid=[4, 512, 1]
[census-k] kv_cache_write_fp8_e4m3_batched grid=[4, 512, 1]
[census-k] attention_fp8_e4m3_fa2_q_preconvert_fp8_gfx1201 grid=[3072, 1, 1]
[census-k] attention_fp8_e4m3_fa2_gqa_gfx1201 grid=[64, 4, 1]
[census-k] kv_cache_write_fp8_e4m3_batched grid=[4, 512, 1]
[census-k] kv_cache_write_fp8_e4m3_batched grid=[4, 512, 1]
[census-k] attention_fp8_e4m3_fa2_q_preconvert_fp8_gfx1201 grid=[3072, 1, 1]
[census-k] attention_fp8_e4m3_fa2_gqa_gfx1201 grid=[64, 4, 1]
[census-k] kv_cache_write_fp8_e4m3_batched grid=[4, 512, 1]
[census-k] kv_cache_write_fp8_e4m3_batched grid=[4, 512, 1]
[census-k] attention_fp8_e4m3_fa2_q_preconvert_fp8_gfx1201 grid=[3072, 1, 1]
[census-k] attention_fp8_e4m3_fa2_gqa_gfx1201 grid=[64, 4, 1]
[census-k] kv_cache_write_fp8_e4m3_batched grid=[4, 512, 1]
[census-k] kv_cache_write_fp8_e4m3_batched grid=[4, 512, 1]
[census-k] attention_fp8_e4m3_fa2_q_preconvert_fp8_gfx1201 grid=[3072, 1, 1]
[census-k] attention_fp8_e4m3_fa2_gqa_gfx1201 grid=[64, 4, 1]
[census-k] kv_cache_write_fp8_e4m3_batched grid=[4, 512, 1]
[census-k] kv_cache_write_fp8_e4m3_batched grid=[4, 512, 1]
[census-k] attention_fp8_e4m3_fa2_q_preconvert_fp8_gfx1201 grid=[3072, 1, 1]
[census-k] attention_fp8_e4m3_fa2_gqa_gfx1201 grid=[64, 4, 1]
[census-k] kv_cache_write_fp8_e4m3_batched grid=[4, 512, 1]
[census-k] kv_cache_write_fp8_e4m3_batched grid=[4, 512, 1]
[census-k] attention_fp8_e4m3_fa2_q_preconvert_fp8_gfx1201 grid=[3072, 1, 1]
[census-k] attention_fp8_e4m3_fa2_gqa_gfx1201 grid=[64, 4, 1]
[census-k] kv_cache_write_fp8_e4m3_batched grid=[4, 512, 1]
[census-k] kv_cache_write_fp8_e4m3_batched grid=[4, 512, 1]
[census-k] attention_fp8_e4m3_fa2_q_preconvert_fp8_gfx1201 grid=[3072, 1, 1]
[census-k] attention_fp8_e4m3_fa2_gqa_gfx1201 grid=[64, 4, 1]
[census-k] kv_cache_write_fp8_e4m3_batched grid=[4, 512, 1]
[census-k] kv_cache_write_fp8_e4m3_batched grid=[4, 512, 1]
[census-k] attention_fp8_e4m3_fa2_q_preconvert_fp8_gfx1201 grid=[3072, 1, 1]
[census-k] attention_fp8_e4m3_fa2_gqa_gfx1201 grid=[64, 4, 1]
[census-k] sigmoid_mul_f32 grid=[98304, 1, 1]
[census-k] gemm_mq4g256v2_residual_wmma_gfx12_bt8 grid=[320, 32, 1]
[census-k] fused_rmsnorm_mq_rotate_awq grid=[4096, 1, 1]
[census-k] gemm_gate_up_mq4g256v2_wmma_gfx12_bt8 grid=[2176, 32, 1]
[census-k] fused_silu_mul_mq_rotate_awq grid=[68, 4096, 1]
[census-k] gemm_mq4g256v2_residual_wmma_gfx12_bt8 grid=[320, 32, 1]
[census-k] fused_rmsnorm_mq_rotate_awq grid=[4096, 1, 1]
[census-k] gemm_qkvza_mq4g256v2_wmma_gfx12_bt8 grid=[1030, 32, 1]
[census-k] gdn_pre_batched_gfx1201 grid=[5248, 1, 1]
[census-k] gated_delta_net_q8_fast grid=[48, 32, 1]
[census-k] gated_delta_net_q8_fast grid=[48, 32, 1]
[census-k] gated_delta_net_q8_fast grid=[48, 32, 1]
[census-k] gated_delta_net_q8_fast grid=[48, 32, 1]
[census-k] gated_delta_net_q8_fast grid=[48, 32, 1]
[census-k] gated_delta_net_q8_fast grid=[48, 32, 1]
[census-k] gated_delta_net_q8_fast grid=[48, 32, 1]
[census-k] gated_delta_net_q8_fast grid=[48, 32, 1]
[census-k] gated_norm_f32 grid=[48, 4096, 1]
[census-k] gemm_mq4g256v2_residual_wmma_gfx12_bt8 grid=[320, 32, 1]
[census-k] fused_rmsnorm_mq_rotate_awq grid=[4096, 1, 1]
[census-k] gemm_gate_up_mq4g256v2_wmma_gfx12_bt8 grid=[2176, 32, 1]
[census-k] fused_silu_mul_mq_rotate_awq grid=[68, 4096, 1]
[census-k] gemm_mq4g256v2_residual_wmma_gfx12_bt8 grid=[320, 32, 1]
[census-k] fused_rmsnorm_mq_rotate_awq grid=[4096, 1, 1]
[census-k] gemm_qkvza_mq4g256v2_wmma_gfx12_bt8 grid=[1030, 32, 1]
[census-k] gdn_pre_batched_gfx1201 grid=[5248, 1, 1]
[census-k] gated_delta_net_q8_fast grid=[48, 32, 1]
[census-k] gated_delta_net_q8_fast grid=[48, 32, 1]
[census-k] gated_delta_net_q8_fast grid=[48, 32, 1]
[census-k] gated_delta_net_q8_fast grid=[48, 32, 1]
[census-k] gated_delta_net_q8_fast grid=[48, 32, 1]
[census-k] gated_delta_net_q8_fast grid=[48, 32, 1]
[census-k] gated_delta_net_q8_fast grid=[48, 32, 1]
[census-k] gated_delta_net_q8_fast grid=[48, 32, 1]
[census-k] gated_norm_f32 grid=[48, 4096, 1]
[census-k] gemm_mq4g256v2_residual_wmma_gfx12_bt8 grid=[320, 32, 1]
[census-k] fused_rmsnorm_mq_rotate_awq grid=[4096, 1, 1]
[census-k] gemm_gate_up_mq4g256v2_wmma_gfx12_bt8 grid=[2176, 32, 1]
[census-k] fused_silu_mul_mq_rotate_awq grid=[68, 4096, 1]
[census-k] gemm_mq4g256v2_residual_wmma_gfx12_bt8 grid=[320, 32, 1]
[census-k] fused_rmsnorm_mq_rotate_awq grid=[4096, 1, 1]
[census-k] gemm_qkvza_mq4g256v2_wmma_gfx12_bt8 grid=[1030, 32, 1]
[census-k] gdn_pre_batched_gfx1201 grid=[5248, 1, 1]
[census-k] gated_delta_net_q8_fast grid=[48, 32, 1]
[census-k] gated_delta_net_q8_fast grid=[48, 32, 1]
[census-k] gated_delta_net_q8_fast grid=[48, 32, 1]
[census-k] gated_delta_net_q8_fast grid=[48, 32, 1]
[census-k] gated_delta_net_q8_fast grid=[48, 32, 1]
[census-k] gated_delta_net_q8_fast grid=[48, 32, 1]
[census-k] gated_delta_net_q8_fast grid=[48, 32, 1]
[census-k] gated_delta_net_q8_fast grid=[48, 32, 1]
[census-k] gated_norm_f32 grid=[48, 4096, 1]
[census-k] gemm_mq4g256v2_residual_wmma_gfx12_bt8 grid=[320, 32, 1]
[census-k] fused_rmsnorm_mq_rotate_awq grid=[4096, 1, 1]
[census-k] gemm_gate_up_mq4g256v2_wmma_gfx12_bt8 grid=[2176, 32, 1]
[census-k] fused_silu_mul_mq_rotate_awq grid=[68, 4096, 1]
[census-k] gemm_mq4g256v2_residual_wmma_gfx12_bt8 grid=[320, 32, 1]
[census-k] fused_rmsnorm_mq_rotate_awq grid=[4096, 1, 1]
[census-k] gemm_qkv_mq4g256v2_wmma_gfx12 grid=[896, 256, 1]
[census-k] deinterleave_q_rmsnorm_f32_batched grid=[24, 4096, 1]
[census-k] rmsnorm_f32 grid=[16384, 1, 1]
[census-k] rope_partial_halfsplit_batched_f32 grid=[1, 4096, 1]
[census-k] kv_cache_write_fp8_e4m3_batched grid=[4, 512, 1]
[census-k] kv_cache_write_fp8_e4m3_batched grid=[4, 512, 1]
[census-k] attention_fp8_e4m3_fa2_q_preconvert_fp8_gfx1201 grid=[3072, 1, 1]
[census-k] attention_fp8_e4m3_fa2_gqa_gfx1201 grid=[64, 4, 1]
[census-k] kv_cache_write_fp8_e4m3_batched grid=[4, 512, 1]
[census-k] kv_cache_write_fp8_e4m3_batched grid=[4, 512, 1]
[census-k] attention_fp8_e4m3_fa2_q_preconvert_fp8_gfx1201 grid=[3072, 1, 1]
[census-k] attention_fp8_e4m3_fa2_gqa_gfx1201 grid=[64, 4, 1]
[census-k] kv_cache_write_fp8_e4m3_batched grid=[4, 512, 1]
[census-k] kv_cache_write_fp8_e4m3_batched grid=[4, 512, 1]
[census-k] attention_fp8_e4m3_fa2_q_preconvert_fp8_gfx1201 grid=[3072, 1, 1]
[census-k] attention_fp8_e4m3_fa2_gqa_gfx1201 grid=[64, 4, 1]
[census-k] kv_cache_write_fp8_e4m3_batched grid=[4, 512, 1]
[census-k] kv_cache_write_fp8_e4m3_batched grid=[4, 512, 1]
[census-k] attention_fp8_e4m3_fa2_q_preconvert_fp8_gfx1201 grid=[3072, 1, 1]
[census-k] attention_fp8_e4m3_fa2_gqa_gfx1201 grid=[64, 4, 1]
[census-k] kv_cache_write_fp8_e4m3_batched grid=[4, 512, 1]
[census-k] kv_cache_write_fp8_e4m3_batched grid=[4, 512, 1]
[census-k] attention_fp8_e4m3_fa2_q_preconvert_fp8_gfx1201 grid=[3072, 1, 1]
[census-k] attention_fp8_e4m3_fa2_gqa_gfx1201 grid=[64, 4, 1]
[census-k] kv_cache_write_fp8_e4m3_batched grid=[4, 512, 1]
[census-k] kv_cache_write_fp8_e4m3_batched grid=[4, 512, 1]
[census-k] attention_fp8_e4m3_fa2_q_preconvert_fp8_gfx1201 grid=[3072, 1, 1]
[census-k] attention_fp8_e4m3_fa2_gqa_gfx1201 grid=[64, 4, 1]
[census-k] kv_cache_write_fp8_e4m3_batched grid=[4, 512, 1]
[census-k] kv_cache_write_fp8_e4m3_batched grid=[4, 512, 1]
[census-k] attention_fp8_e4m3_fa2_q_preconvert_fp8_gfx1201 grid=[3072, 1, 1]
[census-k] attention_fp8_e4m3_fa2_gqa_gfx1201 grid=[64, 4, 1]
[census-k] kv_cache_write_fp8_e4m3_batched grid=[4, 512, 1]
[census-k] kv_cache_write_fp8_e4m3_batched grid=[4, 512, 1]
[census-k] attention_fp8_e4m3_fa2_q_preconvert_fp8_gfx1201 grid=[3072, 1, 1]
[census-k] attention_fp8_e4m3_fa2_gqa_gfx1201 grid=[64, 4, 1]
[census-k] sigmoid_mul_f32 grid=[98304, 1, 1]
[census-k] gemm_mq4g256v2_residual_wmma_gfx12_bt8 grid=[320, 32, 1]
[census-k] fused_rmsnorm_mq_rotate_awq grid=[4096, 1, 1]
[census-k] gemm_gate_up_mq4g256v2_wmma_gfx12_bt8 grid=[2176, 32, 1]
[census-k] fused_silu_mul_mq_rotate_awq grid=[68, 4096, 1]
[census-k] gemm_mq4g256v2_residual_wmma_gfx12_bt8 grid=[320, 32, 1]
[census-k] fused_rmsnorm_mq_rotate_awq grid=[4096, 1, 1]
[census-k] gemm_qkvza_mq4g256v2_wmma_gfx12_bt8 grid=[1030, 32, 1]
[census-k] gdn_pre_batched_gfx1201 grid=[5248, 1, 1]
[census-k] gated_delta_net_q8_fast grid=[48, 32, 1]
[census-k] gated_delta_net_q8_fast grid=[48, 32, 1]
[census-k] gated_delta_net_q8_fast grid=[48, 32, 1]
[census-k] gated_delta_net_q8_fast grid=[48, 32, 1]
[census-k] gated_delta_net_q8_fast grid=[48, 32, 1]
[census-k] gated_delta_net_q8_fast grid=[48, 32, 1]
[census-k] gated_delta_net_q8_fast grid=[48, 32, 1]
[census-k] gated_delta_net_q8_fast grid=[48, 32, 1]
[census-k] gated_norm_f32 grid=[48, 4096, 1]
[census-k] gemm_mq4g256v2_residual_wmma_gfx12_bt8 grid=[320, 32, 1]
[census-k] fused_rmsnorm_mq_rotate_awq grid=[4096, 1, 1]
[census-k] gemm_gate_up_mq4g256v2_wmma_gfx12_bt8 grid=[2176, 32, 1]
[census-k] fused_silu_mul_mq_rotate_awq grid=[68, 4096, 1]
[census-k] gemm_mq4g256v2_residual_wmma_gfx12_bt8 grid=[320, 32, 1]
[census-k] fused_rmsnorm_mq_rotate_awq grid=[4096, 1, 1]
[census-k] gemm_qkvza_mq4g256v2_wmma_gfx12_bt8 grid=[1030, 32, 1]
[census-k] gdn_pre_batched_gfx1201 grid=[5248, 1, 1]
[census-k] gated_delta_net_q8_fast grid=[48, 32, 1]
[census-k] gated_delta_net_q8_fast grid=[48, 32, 1]
[census-k] gated_delta_net_q8_fast grid=[48, 32, 1]
[census-k] gated_delta_net_q8_fast grid=[48, 32, 1]
[census-k] gated_delta_net_q8_fast grid=[48, 32, 1]
[census-k] gated_delta_net_q8_fast grid=[48, 32, 1]
[census-k] gated_delta_net_q8_fast grid=[48, 32, 1]
[census-k] gated_delta_net_q8_fast grid=[48, 32, 1]
[census-k] gated_norm_f32 grid=[48, 4096, 1]
[census-k] gemm_mq4g256v2_residual_wmma_gfx12_bt8 grid=[320, 32, 1]
[census-k] fused_rmsnorm_mq_rotate_awq grid=[4096, 1, 1]
[census-k] gemm_gate_up_mq4g256v2_wmma_gfx12_bt8 grid=[2176, 32, 1]
[census-k] fused_silu_mul_mq_rotate_awq grid=[68, 4096, 1]
[census-k] gemm_mq4g256v2_residual_wmma_gfx12_bt8 grid=[320, 32, 1]
[census-k] fused_rmsnorm_mq_rotate_awq grid=[4096, 1, 1]
[census-k] gemm_qkvza_mq4g256v2_wmma_gfx12_bt8 grid=[1030, 32, 1]
[census-k] gdn_pre_batched_gfx1201 grid=[5248, 1, 1]
[census-k] gated_delta_net_q8_fast grid=[48, 32, 1]
[census-k] gated_delta_net_q8_fast grid=[48, 32, 1]
[census-k] gated_delta_net_q8_fast grid=[48, 32, 1]
[census-k] gated_delta_net_q8_fast grid=[48, 32, 1]
[census-k] gated_delta_net_q8_fast grid=[48, 32, 1]
[census-k] gated_delta_net_q8_fast grid=[48, 32, 1]
[census-k] gated_delta_net_q8_fast grid=[48, 32, 1]
[census-k] gated_delta_net_q8_fast grid=[48, 32, 1]
[census-k] gated_norm_f32 grid=[48, 4096, 1]
[census-k] gemm_mq4g256v2_residual_wmma_gfx12_bt8 grid=[320, 32, 1]
[census-k] fused_rmsnorm_mq_rotate_awq grid=[4096, 1, 1]
[census-k] gemm_gate_up_mq4g256v2_wmma_gfx12_bt8 grid=[2176, 32, 1]
[census-k] fused_silu_mul_mq_rotate_awq grid=[68, 4096, 1]
[census-k] gemm_mq4g256v2_residual_wmma_gfx12_bt8 grid=[320, 32, 1]
[census-k] fused_rmsnorm_mq_rotate_awq grid=[4096, 1, 1]
[census-k] gemm_qkv_mq4g256v2_wmma_gfx12 grid=[896, 256, 1]
[census-k] deinterleave_q_rmsnorm_f32_batched grid=[24, 4096, 1]
[census-k] rmsnorm_f32 grid=[16384, 1, 1]
[census-k] rope_partial_halfsplit_batched_f32 grid=[1, 4096, 1]
[census-k] kv_cache_write_fp8_e4m3_batched grid=[4, 512, 1]
[census-k] kv_cache_write_fp8_e4m3_batched grid=[4, 512, 1]
[census-k] attention_fp8_e4m3_fa2_q_preconvert_fp8_gfx1201 grid=[3072, 1, 1]
[census-k] attention_fp8_e4m3_fa2_gqa_gfx1201 grid=[64, 4, 1]
[census-k] kv_cache_write_fp8_e4m3_batched grid=[4, 512, 1]
[census-k] kv_cache_write_fp8_e4m3_batched grid=[4, 512, 1]
[census-k] attention_fp8_e4m3_fa2_q_preconvert_fp8_gfx1201 grid=[3072, 1, 1]
[census-k] attention_fp8_e4m3_fa2_gqa_gfx1201 grid=[64, 4, 1]
[census-k] kv_cache_write_fp8_e4m3_batched grid=[4, 512, 1]
[census-k] kv_cache_write_fp8_e4m3_batched grid=[4, 512, 1]
[census-k] attention_fp8_e4m3_fa2_q_preconvert_fp8_gfx1201 grid=[3072, 1, 1]
[census-k] attention_fp8_e4m3_fa2_gqa_gfx1201 grid=[64, 4, 1]
[census-k] kv_cache_write_fp8_e4m3_batched grid=[4, 512, 1]
[census-k] kv_cache_write_fp8_e4m3_batched grid=[4, 512, 1]
[census-k] attention_fp8_e4m3_fa2_q_preconvert_fp8_gfx1201 grid=[3072, 1, 1]
[census-k] attention_fp8_e4m3_fa2_gqa_gfx1201 grid=[64, 4, 1]
[census-k] kv_cache_write_fp8_e4m3_batched grid=[4, 512, 1]
[census-k] kv_cache_write_fp8_e4m3_batched grid=[4, 512, 1]
[census-k] attention_fp8_e4m3_fa2_q_preconvert_fp8_gfx1201 grid=[3072, 1, 1]
[census-k] attention_fp8_e4m3_fa2_gqa_gfx1201 grid=[64, 4, 1]
[census-k] kv_cache_write_fp8_e4m3_batched grid=[4, 512, 1]
[census-k] kv_cache_write_fp8_e4m3_batched grid=[4, 512, 1]
[census-k] attention_fp8_e4m3_fa2_q_preconvert_fp8_gfx1201 grid=[3072, 1, 1]
[census-k] attention_fp8_e4m3_fa2_gqa_gfx1201 grid=[64, 4, 1]
[census-k] kv_cache_write_fp8_e4m3_batched grid=[4, 512, 1]
[census-k] kv_cache_write_fp8_e4m3_batched grid=[4, 512, 1]
[census-k] attention_fp8_e4m3_fa2_q_preconvert_fp8_gfx1201 grid=[3072, 1, 1]
[census-k] attention_fp8_e4m3_fa2_gqa_gfx1201 grid=[64, 4, 1]
[census-k] kv_cache_write_fp8_e4m3_batched grid=[4, 512, 1]
[census-k] kv_cache_write_fp8_e4m3_batched grid=[4, 512, 1]
[census-k] attention_fp8_e4m3_fa2_q_preconvert_fp8_gfx1201 grid=[3072, 1, 1]
[census-k] attention_fp8_e4m3_fa2_gqa_gfx1201 grid=[64, 4, 1]
[census-k] sigmoid_mul_f32 grid=[98304, 1, 1]
[census-k] gemm_mq4g256v2_residual_wmma_gfx12_bt8 grid=[320, 32, 1]
[census-k] fused_rmsnorm_mq_rotate_awq grid=[4096, 1, 1]
[census-k] gemm_gate_up_mq4g256v2_wmma_gfx12_bt8 grid=[2176, 32, 1]
[census-k] fused_silu_mul_mq_rotate_awq grid=[68, 4096, 1]
[census-k] gemm_mq4g256v2_residual_wmma_gfx12_bt8 grid=[320, 32, 1]
[census-k] fused_rmsnorm_mq_rotate_awq grid=[4096, 1, 1]
[census-k] gemm_qkvza_mq4g256v2_wmma_gfx12_bt8 grid=[1030, 32, 1]
[census-k] gdn_pre_batched_gfx1201 grid=[5248, 1, 1]
[census-k] gated_delta_net_q8_fast grid=[48, 32, 1]
[census-k] gated_delta_net_q8_fast grid=[48, 32, 1]
[census-k] gated_delta_net_q8_fast grid=[48, 32, 1]
[census-k] gated_delta_net_q8_fast grid=[48, 32, 1]
[census-k] gated_delta_net_q8_fast grid=[48, 32, 1]
[census-k] gated_delta_net_q8_fast grid=[48, 32, 1]
[census-k] gated_delta_net_q8_fast grid=[48, 32, 1]
[census-k] gated_delta_net_q8_fast grid=[48, 32, 1]
[census-k] gated_norm_f32 grid=[48, 4096, 1]
[census-k] gemm_mq4g256v2_residual_wmma_gfx12_bt8 grid=[320, 32, 1]
[census-k] fused_rmsnorm_mq_rotate_awq grid=[4096, 1, 1]
[census-k] gemm_gate_up_mq4g256v2_wmma_gfx12_bt8 grid=[2176, 32, 1]
[census-k] fused_silu_mul_mq_rotate_awq grid=[68, 4096, 1]
[census-k] gemm_mq4g256v2_residual_wmma_gfx12_bt8 grid=[320, 32, 1]
[census-k] fused_rmsnorm_mq_rotate_awq grid=[4096, 1, 1]
[census-k] gemm_qkvza_mq4g256v2_wmma_gfx12_bt8 grid=[1030, 32, 1]
[census-k] gdn_pre_batched_gfx1201 grid=[5248, 1, 1]
[census-k] gated_delta_net_q8_fast grid=[48, 32, 1]
[census-k] gated_delta_net_q8_fast grid=[48, 32, 1]
[census-k] gated_delta_net_q8_fast grid=[48, 32, 1]
[census-k] gated_delta_net_q8_fast grid=[48, 32, 1]
[census-k] gated_delta_net_q8_fast grid=[48, 32, 1]
[census-k] gated_delta_net_q8_fast grid=[48, 32, 1]
[census-k] gated_delta_net_q8_fast grid=[48, 32, 1]
[census-k] gated_delta_net_q8_fast grid=[48, 32, 1]
[census-k] gated_norm_f32 grid=[48, 4096, 1]
[census-k] gemm_mq4g256v2_residual_wmma_gfx12_bt8 grid=[320, 32, 1]
[census-k] fused_rmsnorm_mq_rotate_awq grid=[4096, 1, 1]
[census-k] gemm_gate_up_mq4g256v2_wmma_gfx12_bt8 grid=[2176, 32, 1]
[census-k] fused_silu_mul_mq_rotate_awq grid=[68, 4096, 1]
[census-k] gemm_mq4g256v2_residual_wmma_gfx12_bt8 grid=[320, 32, 1]
[census-k] fused_rmsnorm_mq_rotate_awq grid=[4096, 1, 1]
[census-k] gemm_qkvza_mq4g256v2_wmma_gfx12_bt8 grid=[1030, 32, 1]
[census-k] gdn_pre_batched_gfx1201 grid=[5248, 1, 1]
[census-k] gated_delta_net_q8_fast grid=[48, 32, 1]
[census-k] gated_delta_net_q8_fast grid=[48, 32, 1]
[census-k] gated_delta_net_q8_fast grid=[48, 32, 1]
[census-k] gated_delta_net_q8_fast grid=[48, 32, 1]
[census-k] gated_delta_net_q8_fast grid=[48, 32, 1]
[census-k] gated_delta_net_q8_fast grid=[48, 32, 1]
[census-k] gated_delta_net_q8_fast grid=[48, 32, 1]
[census-k] gated_delta_net_q8_fast grid=[48, 32, 1]
[census-k] gated_norm_f32 grid=[48, 4096, 1]
[census-k] gemm_mq4g256v2_residual_wmma_gfx12_bt8 grid=[320, 32, 1]
[census-k] fused_rmsnorm_mq_rotate_awq grid=[4096, 1, 1]
[census-k] gemm_gate_up_mq4g256v2_wmma_gfx12_bt8 grid=[2176, 32, 1]
[census-k] fused_silu_mul_mq_rotate_awq grid=[68, 4096, 1]
[census-k] gemm_mq4g256v2_residual_wmma_gfx12_bt8 grid=[320, 32, 1]
[census-k] fused_rmsnorm_mq_rotate_awq grid=[4096, 1, 1]
[census-k] gemm_qkv_mq4g256v2_wmma_gfx12 grid=[896, 256, 1]
[census-k] deinterleave_q_rmsnorm_f32_batched grid=[24, 4096, 1]
[census-k] rmsnorm_f32 grid=[16384, 1, 1]
[census-k] rope_partial_halfsplit_batched_f32 grid=[1, 4096, 1]
[census-k] kv_cache_write_fp8_e4m3_batched grid=[4, 512, 1]
[census-k] kv_cache_write_fp8_e4m3_batched grid=[4, 512, 1]
[census-k] attention_fp8_e4m3_fa2_q_preconvert_fp8_gfx1201 grid=[3072, 1, 1]
[census-k] attention_fp8_e4m3_fa2_gqa_gfx1201 grid=[64, 4, 1]
[census-k] kv_cache_write_fp8_e4m3_batched grid=[4, 512, 1]
[census-k] kv_cache_write_fp8_e4m3_batched grid=[4, 512, 1]
[census-k] attention_fp8_e4m3_fa2_q_preconvert_fp8_gfx1201 grid=[3072, 1, 1]
[census-k] attention_fp8_e4m3_fa2_gqa_gfx1201 grid=[64, 4, 1]
[census-k] kv_cache_write_fp8_e4m3_batched grid=[4, 512, 1]
[census-k] kv_cache_write_fp8_e4m3_batched grid=[4, 512, 1]
[census-k] attention_fp8_e4m3_fa2_q_preconvert_fp8_gfx1201 grid=[3072, 1, 1]
[census-k] attention_fp8_e4m3_fa2_gqa_gfx1201 grid=[64, 4, 1]
[census-k] kv_cache_write_fp8_e4m3_batched grid=[4, 512, 1]
[census-k] kv_cache_write_fp8_e4m3_batched grid=[4, 512, 1]
[census-k] attention_fp8_e4m3_fa2_q_preconvert_fp8_gfx1201 grid=[3072, 1, 1]
[census-k] attention_fp8_e4m3_fa2_gqa_gfx1201 grid=[64, 4, 1]
[census-k] kv_cache_write_fp8_e4m3_batched grid=[4, 512, 1]
[census-k] kv_cache_write_fp8_e4m3_batched grid=[4, 512, 1]
[census-k] attention_fp8_e4m3_fa2_q_preconvert_fp8_gfx1201 grid=[3072, 1, 1]
[census-k] attention_fp8_e4m3_fa2_gqa_gfx1201 grid=[64, 4, 1]
[census-k] kv_cache_write_fp8_e4m3_batched grid=[4, 512, 1]
[census-k] kv_cache_write_fp8_e4m3_batched grid=[4, 512, 1]
[census-k] attention_fp8_e4m3_fa2_q_preconvert_fp8_gfx1201 grid=[3072, 1, 1]
[census-k] attention_fp8_e4m3_fa2_gqa_gfx1201 grid=[64, 4, 1]
[census-k] kv_cache_write_fp8_e4m3_batched grid=[4, 512, 1]
[census-k] kv_cache_write_fp8_e4m3_batched grid=[4, 512, 1]
[census-k] attention_fp8_e4m3_fa2_q_preconvert_fp8_gfx1201 grid=[3072, 1, 1]
[census-k] attention_fp8_e4m3_fa2_gqa_gfx1201 grid=[64, 4, 1]
[census-k] kv_cache_write_fp8_e4m3_batched grid=[4, 512, 1]
[census-k] kv_cache_write_fp8_e4m3_batched grid=[4, 512, 1]
[census-k] attention_fp8_e4m3_fa2_q_preconvert_fp8_gfx1201 grid=[3072, 1, 1]
[census-k] attention_fp8_e4m3_fa2_gqa_gfx1201 grid=[64, 4, 1]
[census-k] sigmoid_mul_f32 grid=[98304, 1, 1]
[census-k] gemm_mq4g256v2_residual_wmma_gfx12_bt8 grid=[320, 32, 1]
[census-k] fused_rmsnorm_mq_rotate_awq grid=[4096, 1, 1]
[census-k] gemm_gate_up_mq4g256v2_wmma_gfx12_bt8 grid=[2176, 32, 1]
[census-k] fused_silu_mul_mq_rotate_awq grid=[68, 4096, 1]
[census-k] gemm_mq4g256v2_residual_wmma_gfx12_bt8 grid=[320, 32, 1]
[census-k] fused_rmsnorm_mq_rotate_awq grid=[4096, 1, 1]
[census-k] gemm_qkvza_mq4g256v2_wmma_gfx12_bt8 grid=[1030, 32, 1]
[census-k] gdn_pre_batched_gfx1201 grid=[5248, 1, 1]
[census-k] gated_delta_net_q8_fast grid=[48, 32, 1]
[census-k] gated_delta_net_q8_fast grid=[48, 32, 1]
[census-k] gated_delta_net_q8_fast grid=[48, 32, 1]
[census-k] gated_delta_net_q8_fast grid=[48, 32, 1]
[census-k] gated_delta_net_q8_fast grid=[48, 32, 1]
[census-k] gated_delta_net_q8_fast grid=[48, 32, 1]
[census-k] gated_delta_net_q8_fast grid=[48, 32, 1]
[census-k] gated_delta_net_q8_fast grid=[48, 32, 1]
[census-k] gated_norm_f32 grid=[48, 4096, 1]
[census-k] gemm_mq4g256v2_residual_wmma_gfx12_bt8 grid=[320, 32, 1]
[census-k] fused_rmsnorm_mq_rotate_awq grid=[4096, 1, 1]
[census-k] gemm_gate_up_mq4g256v2_wmma_gfx12_bt8 grid=[2176, 32, 1]
[census-k] fused_silu_mul_mq_rotate_awq grid=[68, 4096, 1]
[census-k] gemm_mq4g256v2_residual_wmma_gfx12_bt8 grid=[320, 32, 1]
[census-k] fused_rmsnorm_mq_rotate_awq grid=[4096, 1, 1]
[census-k] gemm_qkvza_mq4g256v2_wmma_gfx12_bt8 grid=[1030, 32, 1]
[census-k] gdn_pre_batched_gfx1201 grid=[5248, 1, 1]
[census-k] gated_delta_net_q8_fast grid=[48, 32, 1]
[census-k] gated_delta_net_q8_fast grid=[48, 32, 1]
[census-k] gated_delta_net_q8_fast grid=[48, 32, 1]
[census-k] gated_delta_net_q8_fast grid=[48, 32, 1]
[census-k] gated_delta_net_q8_fast grid=[48, 32, 1]
[census-k] gated_delta_net_q8_fast grid=[48, 32, 1]
[census-k] gated_delta_net_q8_fast grid=[48, 32, 1]
[census-k] gated_delta_net_q8_fast grid=[48, 32, 1]
[census-k] gated_norm_f32 grid=[48, 4096, 1]
[census-k] gemm_mq4g256v2_residual_wmma_gfx12_bt8 grid=[320, 32, 1]
[census-k] fused_rmsnorm_mq_rotate_awq grid=[4096, 1, 1]
[census-k] gemm_gate_up_mq4g256v2_wmma_gfx12_bt8 grid=[2176, 32, 1]
[census-k] fused_silu_mul_mq_rotate_awq grid=[68, 4096, 1]
[census-k] gemm_mq4g256v2_residual_wmma_gfx12_bt8 grid=[320, 32, 1]
[census-k] fused_rmsnorm_mq_rotate_awq grid=[4096, 1, 1]
[census-k] gemm_qkvza_mq4g256v2_wmma_gfx12_bt8 grid=[1030, 32, 1]
[census-k] gdn_pre_batched_gfx1201 grid=[5248, 1, 1]
[census-k] gated_delta_net_q8_fast grid=[48, 32, 1]
[census-k] gated_delta_net_q8_fast grid=[48, 32, 1]
[census-k] gated_delta_net_q8_fast grid=[48, 32, 1]
[census-k] gated_delta_net_q8_fast grid=[48, 32, 1]
[census-k] gated_delta_net_q8_fast grid=[48, 32, 1]
[census-k] gated_delta_net_q8_fast grid=[48, 32, 1]
[census-k] gated_delta_net_q8_fast grid=[48, 32, 1]
[census-k] gated_delta_net_q8_fast grid=[48, 32, 1]
[census-k] gated_norm_f32 grid=[48, 4096, 1]
[census-k] gemm_mq4g256v2_residual_wmma_gfx12_bt8 grid=[320, 32, 1]
[census-k] fused_rmsnorm_mq_rotate_awq grid=[4096, 1, 1]
[census-k] gemm_gate_up_mq4g256v2_wmma_gfx12_bt8 grid=[2176, 32, 1]
[census-k] fused_silu_mul_mq_rotate_awq grid=[68, 4096, 1]
[census-k] gemm_mq4g256v2_residual_wmma_gfx12_bt8 grid=[320, 32, 1]
[census-k] fused_rmsnorm_mq_rotate_awq grid=[4096, 1, 1]
[census-k] gemm_qkv_mq4g256v2_wmma_gfx12 grid=[896, 256, 1]
[census-k] deinterleave_q_rmsnorm_f32_batched grid=[24, 4096, 1]
[census-k] rmsnorm_f32 grid=[16384, 1, 1]
[census-k] rope_partial_halfsplit_batched_f32 grid=[1, 4096, 1]
[census-k] kv_cache_write_fp8_e4m3_batched grid=[4, 512, 1]
[census-k] kv_cache_write_fp8_e4m3_batched grid=[4, 512, 1]
[census-k] attention_fp8_e4m3_fa2_q_preconvert_fp8_gfx1201 grid=[3072, 1, 1]
[census-k] attention_fp8_e4m3_fa2_gqa_gfx1201 grid=[64, 4, 1]
[census-k] kv_cache_write_fp8_e4m3_batched grid=[4, 512, 1]
[census-k] kv_cache_write_fp8_e4m3_batched grid=[4, 512, 1]
[census-k] attention_fp8_e4m3_fa2_q_preconvert_fp8_gfx1201 grid=[3072, 1, 1]
[census-k] attention_fp8_e4m3_fa2_gqa_gfx1201 grid=[64, 4, 1]
[census-k] kv_cache_write_fp8_e4m3_batched grid=[4, 512, 1]
[census-k] kv_cache_write_fp8_e4m3_batched grid=[4, 512, 1]
[census-k] attention_fp8_e4m3_fa2_q_preconvert_fp8_gfx1201 grid=[3072, 1, 1]
[census-k] attention_fp8_e4m3_fa2_gqa_gfx1201 grid=[64, 4, 1]
[census-k] kv_cache_write_fp8_e4m3_batched grid=[4, 512, 1]
[census-k] kv_cache_write_fp8_e4m3_batched grid=[4, 512, 1]
[census-k] attention_fp8_e4m3_fa2_q_preconvert_fp8_gfx1201 grid=[3072, 1, 1]
[census-k] attention_fp8_e4m3_fa2_gqa_gfx1201 grid=[64, 4, 1]
[census-k] kv_cache_write_fp8_e4m3_batched grid=[4, 512, 1]
[census-k] kv_cache_write_fp8_e4m3_batched grid=[4, 512, 1]
[census-k] attention_fp8_e4m3_fa2_q_preconvert_fp8_gfx1201 grid=[3072, 1, 1]
[census-k] attention_fp8_e4m3_fa2_gqa_gfx1201 grid=[64, 4, 1]
[census-k] kv_cache_write_fp8_e4m3_batched grid=[4, 512, 1]
[census-k] kv_cache_write_fp8_e4m3_batched grid=[4, 512, 1]
[census-k] attention_fp8_e4m3_fa2_q_preconvert_fp8_gfx1201 grid=[3072, 1, 1]
[census-k] attention_fp8_e4m3_fa2_gqa_gfx1201 grid=[64, 4, 1]
[census-k] kv_cache_write_fp8_e4m3_batched grid=[4, 512, 1]
[census-k] kv_cache_write_fp8_e4m3_batched grid=[4, 512, 1]
[census-k] attention_fp8_e4m3_fa2_q_preconvert_fp8_gfx1201 grid=[3072, 1, 1]
[census-k] attention_fp8_e4m3_fa2_gqa_gfx1201 grid=[64, 4, 1]
[census-k] kv_cache_write_fp8_e4m3_batched grid=[4, 512, 1]
[census-k] kv_cache_write_fp8_e4m3_batched grid=[4, 512, 1]
[census-k] attention_fp8_e4m3_fa2_q_preconvert_fp8_gfx1201 grid=[3072, 1, 1]
[census-k] attention_fp8_e4m3_fa2_gqa_gfx1201 grid=[64, 4, 1]
[census-k] sigmoid_mul_f32 grid=[98304, 1, 1]
[census-k] gemm_mq4g256v2_residual_wmma_gfx12_bt8 grid=[320, 32, 1]
[census-k] fused_rmsnorm_mq_rotate_awq grid=[4096, 1, 1]
[census-k] gemm_gate_up_mq4g256v2_wmma_gfx12_bt8 grid=[2176, 32, 1]
[census-k] fused_silu_mul_mq_rotate_awq grid=[68, 4096, 1]
[census-k] gemm_mq4g256v2_residual_wmma_gfx12_bt8 grid=[320, 32, 1]
[census-k] fused_rmsnorm_mq_rotate_awq grid=[4096, 1, 1]
[census-k] gemm_qkvza_mq4g256v2_wmma_gfx12_bt8 grid=[1030, 32, 1]
[census-k] gdn_pre_batched_gfx1201 grid=[5248, 1, 1]
[census-k] gated_delta_net_q8_fast grid=[48, 32, 1]
[census-k] gated_delta_net_q8_fast grid=[48, 32, 1]
[census-k] gated_delta_net_q8_fast grid=[48, 32, 1]
[census-k] gated_delta_net_q8_fast grid=[48, 32, 1]
[census-k] gated_delta_net_q8_fast grid=[48, 32, 1]
[census-k] gated_delta_net_q8_fast grid=[48, 32, 1]
[census-k] gated_delta_net_q8_fast grid=[48, 32, 1]
[census-k] gated_delta_net_q8_fast grid=[48, 32, 1]
[census-k] gated_norm_f32 grid=[48, 4096, 1]
[census-k] gemm_mq4g256v2_residual_wmma_gfx12_bt8 grid=[320, 32, 1]
[census-k] fused_rmsnorm_mq_rotate_awq grid=[4096, 1, 1]
[census-k] gemm_gate_up_mq4g256v2_wmma_gfx12_bt8 grid=[2176, 32, 1]
[census-k] fused_silu_mul_mq_rotate_awq grid=[68, 4096, 1]
[census-k] gemm_mq4g256v2_residual_wmma_gfx12_bt8 grid=[320, 32, 1]
[census-k] fused_rmsnorm_mq_rotate_awq grid=[4096, 1, 1]
[census-k] gemm_qkvza_mq4g256v2_wmma_gfx12_bt8 grid=[1030, 32, 1]
[census-k] gdn_pre_batched_gfx1201 grid=[5248, 1, 1]
[census-k] gated_delta_net_q8_fast grid=[48, 32, 1]
[census-k] gated_delta_net_q8_fast grid=[48, 32, 1]
[census-k] gated_delta_net_q8_fast grid=[48, 32, 1]
[census-k] gated_delta_net_q8_fast grid=[48, 32, 1]
[census-k] gated_delta_net_q8_fast grid=[48, 32, 1]
[census-k] gated_delta_net_q8_fast grid=[48, 32, 1]
[census-k] gated_delta_net_q8_fast grid=[48, 32, 1]
[census-k] gated_delta_net_q8_fast grid=[48, 32, 1]
[census-k] gated_norm_f32 grid=[48, 4096, 1]
[census-k] gemm_mq4g256v2_residual_wmma_gfx12_bt8 grid=[320, 32, 1]
[census-k] fused_rmsnorm_mq_rotate_awq grid=[4096, 1, 1]
[census-k] gemm_gate_up_mq4g256v2_wmma_gfx12_bt8 grid=[2176, 32, 1]
[census-k] fused_silu_mul_mq_rotate_awq grid=[68, 4096, 1]
[census-k] gemm_mq4g256v2_residual_wmma_gfx12_bt8 grid=[320, 32, 1]
[census-k] fused_rmsnorm_mq_rotate_awq grid=[4096, 1, 1]
[census-k] gemm_qkvza_mq4g256v2_wmma_gfx12_bt8 grid=[1030, 32, 1]
[census-k] gdn_pre_batched_gfx1201 grid=[5248, 1, 1]
[census-k] gated_delta_net_q8_fast grid=[48, 32, 1]
[census-k] gated_delta_net_q8_fast grid=[48, 32, 1]
[census-k] gated_delta_net_q8_fast grid=[48, 32, 1]
[census-k] gated_delta_net_q8_fast grid=[48, 32, 1]
[census-k] gated_delta_net_q8_fast grid=[48, 32, 1]
[census-k] gated_delta_net_q8_fast grid=[48, 32, 1]
[census-k] gated_delta_net_q8_fast grid=[48, 32, 1]
[census-k] gated_delta_net_q8_fast grid=[48, 32, 1]
[census-k] gated_norm_f32 grid=[48, 4096, 1]
[census-k] gemm_mq4g256v2_residual_wmma_gfx12_bt8 grid=[320, 32, 1]
[census-k] fused_rmsnorm_mq_rotate_awq grid=[4096, 1, 1]
[census-k] gemm_gate_up_mq4g256v2_wmma_gfx12_bt8 grid=[2176, 32, 1]
[census-k] fused_silu_mul_mq_rotate_awq grid=[68, 4096, 1]
[census-k] gemm_mq4g256v2_residual_wmma_gfx12_bt8 grid=[320, 32, 1]
[census-k] fused_rmsnorm_mq_rotate_awq grid=[4096, 1, 1]
[census-k] gemm_qkv_mq4g256v2_wmma_gfx12 grid=[896, 256, 1]
[census-k] deinterleave_q_rmsnorm_f32_batched grid=[24, 4096, 1]
[census-k] rmsnorm_f32 grid=[16384, 1, 1]
[census-k] rope_partial_halfsplit_batched_f32 grid=[1, 4096, 1]
[census-k] kv_cache_write_fp8_e4m3_batched grid=[4, 512, 1]
[census-k] kv_cache_write_fp8_e4m3_batched grid=[4, 512, 1]
[census-k] attention_fp8_e4m3_fa2_q_preconvert_fp8_gfx1201 grid=[3072, 1, 1]
[census-k] attention_fp8_e4m3_fa2_gqa_gfx1201 grid=[64, 4, 1]
[census-k] kv_cache_write_fp8_e4m3_batched grid=[4, 512, 1]
[census-k] kv_cache_write_fp8_e4m3_batched grid=[4, 512, 1]
[census-k] attention_fp8_e4m3_fa2_q_preconvert_fp8_gfx1201 grid=[3072, 1, 1]
[census-k] attention_fp8_e4m3_fa2_gqa_gfx1201 grid=[64, 4, 1]
[census-k] kv_cache_write_fp8_e4m3_batched grid=[4, 512, 1]
[census-k] kv_cache_write_fp8_e4m3_batched grid=[4, 512, 1]
[census-k] attention_fp8_e4m3_fa2_q_preconvert_fp8_gfx1201 grid=[3072, 1, 1]
[census-k] attention_fp8_e4m3_fa2_gqa_gfx1201 grid=[64, 4, 1]
[census-k] kv_cache_write_fp8_e4m3_batched grid=[4, 512, 1]
[census-k] kv_cache_write_fp8_e4m3_batched grid=[4, 512, 1]
[census-k] attention_fp8_e4m3_fa2_q_preconvert_fp8_gfx1201 grid=[3072, 1, 1]
[census-k] attention_fp8_e4m3_fa2_gqa_gfx1201 grid=[64, 4, 1]
[census-k] kv_cache_write_fp8_e4m3_batched grid=[4, 512, 1]
[census-k] kv_cache_write_fp8_e4m3_batched grid=[4, 512, 1]
[census-k] attention_fp8_e4m3_fa2_q_preconvert_fp8_gfx1201 grid=[3072, 1, 1]
[census-k] attention_fp8_e4m3_fa2_gqa_gfx1201 grid=[64, 4, 1]
[census-k] kv_cache_write_fp8_e4m3_batched grid=[4, 512, 1]
[census-k] kv_cache_write_fp8_e4m3_batched grid=[4, 512, 1]
[census-k] attention_fp8_e4m3_fa2_q_preconvert_fp8_gfx1201 grid=[3072, 1, 1]
[census-k] attention_fp8_e4m3_fa2_gqa_gfx1201 grid=[64, 4, 1]
[census-k] kv_cache_write_fp8_e4m3_batched grid=[4, 512, 1]
[census-k] kv_cache_write_fp8_e4m3_batched grid=[4, 512, 1]
[census-k] attention_fp8_e4m3_fa2_q_preconvert_fp8_gfx1201 grid=[3072, 1, 1]
[census-k] attention_fp8_e4m3_fa2_gqa_gfx1201 grid=[64, 4, 1]
[census-k] kv_cache_write_fp8_e4m3_batched grid=[4, 512, 1]
[census-k] kv_cache_write_fp8_e4m3_batched grid=[4, 512, 1]
[census-k] attention_fp8_e4m3_fa2_q_preconvert_fp8_gfx1201 grid=[3072, 1, 1]
[census-k] attention_fp8_e4m3_fa2_gqa_gfx1201 grid=[64, 4, 1]
[census-k] sigmoid_mul_f32 grid=[98304, 1, 1]
[census-k] gemm_mq4g256v2_residual_wmma_gfx12_bt8 grid=[320, 32, 1]
[census-k] fused_rmsnorm_mq_rotate_awq grid=[4096, 1, 1]
[census-k] gemm_gate_up_mq4g256v2_wmma_gfx12_bt8 grid=[2176, 32, 1]
[census-k] fused_silu_mul_mq_rotate_awq grid=[68, 4096, 1]
[census-k] gemm_mq4g256v2_residual_wmma_gfx12_bt8 grid=[320, 32, 1]
[census-k] fused_rmsnorm_mq_rotate_awq grid=[4096, 1, 1]
[census-k] gemm_qkvza_mq4g256v2_wmma_gfx12_bt8 grid=[1030, 32, 1]
[census-k] gdn_pre_batched_gfx1201 grid=[5248, 1, 1]
[census-k] gated_delta_net_q8_fast grid=[48, 32, 1]
[census-k] gated_delta_net_q8_fast grid=[48, 32, 1]
[census-k] gated_delta_net_q8_fast grid=[48, 32, 1]
[census-k] gated_delta_net_q8_fast grid=[48, 32, 1]
[census-k] gated_delta_net_q8_fast grid=[48, 32, 1]
[census-k] gated_delta_net_q8_fast grid=[48, 32, 1]
[census-k] gated_delta_net_q8_fast grid=[48, 32, 1]
[census-k] gated_delta_net_q8_fast grid=[48, 32, 1]
[census-k] gated_norm_f32 grid=[48, 4096, 1]
[census-k] gemm_mq4g256v2_residual_wmma_gfx12_bt8 grid=[320, 32, 1]
[census-k] fused_rmsnorm_mq_rotate_awq grid=[4096, 1, 1]
[census-k] gemm_gate_up_mq4g256v2_wmma_gfx12_bt8 grid=[2176, 32, 1]
[census-k] fused_silu_mul_mq_rotate_awq grid=[68, 4096, 1]
[census-k] gemm_mq4g256v2_residual_wmma_gfx12_bt8 grid=[320, 32, 1]
[census-k] fused_rmsnorm_mq_rotate_awq grid=[4096, 1, 1]
[census-k] gemm_qkvza_mq4g256v2_wmma_gfx12_bt8 grid=[1030, 32, 1]
[census-k] gdn_pre_batched_gfx1201 grid=[5248, 1, 1]
[census-k] gated_delta_net_q8_fast grid=[48, 32, 1]
[census-k] gated_delta_net_q8_fast grid=[48, 32, 1]
[census-k] gated_delta_net_q8_fast grid=[48, 32, 1]
[census-k] gated_delta_net_q8_fast grid=[48, 32, 1]
[census-k] gated_delta_net_q8_fast grid=[48, 32, 1]
[census-k] gated_delta_net_q8_fast grid=[48, 32, 1]
[census-k] gated_delta_net_q8_fast grid=[48, 32, 1]
[census-k] gated_delta_net_q8_fast grid=[48, 32, 1]
[census-k] gated_norm_f32 grid=[48, 4096, 1]
[census-k] gemm_mq4g256v2_residual_wmma_gfx12_bt8 grid=[320, 32, 1]
[census-k] fused_rmsnorm_mq_rotate_awq grid=[4096, 1, 1]
[census-k] gemm_gate_up_mq4g256v2_wmma_gfx12_bt8 grid=[2176, 32, 1]
[census-k] fused_silu_mul_mq_rotate_awq grid=[68, 4096, 1]
[census-k] gemm_mq4g256v2_residual_wmma_gfx12_bt8 grid=[320, 32, 1]
[census-k] fused_rmsnorm_mq_rotate_awq grid=[4096, 1, 1]
[census-k] gemm_qkvza_mq4g256v2_wmma_gfx12_bt8 grid=[1030, 32, 1]
[census-k] gdn_pre_batched_gfx1201 grid=[5248, 1, 1]
[census-k] gated_delta_net_q8_fast grid=[48, 32, 1]
[census-k] gated_delta_net_q8_fast grid=[48, 32, 1]
[census-k] gated_delta_net_q8_fast grid=[48, 32, 1]
[census-k] gated_delta_net_q8_fast grid=[48, 32, 1]
[census-k] gated_delta_net_q8_fast grid=[48, 32, 1]
[census-k] gated_delta_net_q8_fast grid=[48, 32, 1]
[census-k] gated_delta_net_q8_fast grid=[48, 32, 1]
[census-k] gated_delta_net_q8_fast grid=[48, 32, 1]
[census-k] gated_norm_f32 grid=[48, 4096, 1]
[census-k] gemm_mq4g256v2_residual_wmma_gfx12_bt8 grid=[320, 32, 1]
[census-k] fused_rmsnorm_mq_rotate_awq grid=[4096, 1, 1]
[census-k] gemm_gate_up_mq4g256v2_wmma_gfx12_bt8 grid=[2176, 32, 1]
[census-k] fused_silu_mul_mq_rotate_awq grid=[68, 4096, 1]
[census-k] gemm_mq4g256v2_residual_wmma_gfx12_bt8 grid=[320, 32, 1]
[census-k] fused_rmsnorm_mq_rotate_awq grid=[4096, 1, 1]
[census-k] gemm_qkv_mq4g256v2_wmma_gfx12 grid=[896, 256, 1]
[census-k] deinterleave_q_rmsnorm_f32_batched grid=[24, 4096, 1]
[census-k] rmsnorm_f32 grid=[16384, 1, 1]
[census-k] rope_partial_halfsplit_batched_f32 grid=[1, 4096, 1]
[census-k] kv_cache_write_fp8_e4m3_batched grid=[4, 512, 1]
[census-k] kv_cache_write_fp8_e4m3_batched grid=[4, 512, 1]
[census-k] attention_fp8_e4m3_fa2_q_preconvert_fp8_gfx1201 grid=[3072, 1, 1]
[census-k] attention_fp8_e4m3_fa2_gqa_gfx1201 grid=[64, 4, 1]
[census-k] kv_cache_write_fp8_e4m3_batched grid=[4, 512, 1]
[census-k] kv_cache_write_fp8_e4m3_batched grid=[4, 512, 1]
[census-k] attention_fp8_e4m3_fa2_q_preconvert_fp8_gfx1201 grid=[3072, 1, 1]
[census-k] attention_fp8_e4m3_fa2_gqa_gfx1201 grid=[64, 4, 1]
[census-k] kv_cache_write_fp8_e4m3_batched grid=[4, 512, 1]
[census-k] kv_cache_write_fp8_e4m3_batched grid=[4, 512, 1]
[census-k] attention_fp8_e4m3_fa2_q_preconvert_fp8_gfx1201 grid=[3072, 1, 1]
[census-k] attention_fp8_e4m3_fa2_gqa_gfx1201 grid=[64, 4, 1]
[census-k] kv_cache_write_fp8_e4m3_batched grid=[4, 512, 1]
[census-k] kv_cache_write_fp8_e4m3_batched grid=[4, 512, 1]
[census-k] attention_fp8_e4m3_fa2_q_preconvert_fp8_gfx1201 grid=[3072, 1, 1]
[census-k] attention_fp8_e4m3_fa2_gqa_gfx1201 grid=[64, 4, 1]
[census-k] kv_cache_write_fp8_e4m3_batched grid=[4, 512, 1]
[census-k] kv_cache_write_fp8_e4m3_batched grid=[4, 512, 1]
[census-k] attention_fp8_e4m3_fa2_q_preconvert_fp8_gfx1201 grid=[3072, 1, 1]
[census-k] attention_fp8_e4m3_fa2_gqa_gfx1201 grid=[64, 4, 1]
[census-k] kv_cache_write_fp8_e4m3_batched grid=[4, 512, 1]
[census-k] kv_cache_write_fp8_e4m3_batched grid=[4, 512, 1]
[census-k] attention_fp8_e4m3_fa2_q_preconvert_fp8_gfx1201 grid=[3072, 1, 1]
[census-k] attention_fp8_e4m3_fa2_gqa_gfx1201 grid=[64, 4, 1]
[census-k] kv_cache_write_fp8_e4m3_batched grid=[4, 512, 1]
[census-k] kv_cache_write_fp8_e4m3_batched grid=[4, 512, 1]
[census-k] attention_fp8_e4m3_fa2_q_preconvert_fp8_gfx1201 grid=[3072, 1, 1]
[census-k] attention_fp8_e4m3_fa2_gqa_gfx1201 grid=[64, 4, 1]
[census-k] kv_cache_write_fp8_e4m3_batched grid=[4, 512, 1]
[census-k] kv_cache_write_fp8_e4m3_batched grid=[4, 512, 1]
[census-k] attention_fp8_e4m3_fa2_q_preconvert_fp8_gfx1201 grid=[3072, 1, 1]
[census-k] attention_fp8_e4m3_fa2_gqa_gfx1201 grid=[64, 4, 1]
[census-k] sigmoid_mul_f32 grid=[98304, 1, 1]
[census-k] gemm_mq4g256v2_residual_wmma_gfx12_bt8 grid=[320, 32, 1]
[census-k] fused_rmsnorm_mq_rotate_awq grid=[4096, 1, 1]
[census-k] gemm_gate_up_mq4g256v2_wmma_gfx12_bt8 grid=[2176, 32, 1]
[census-k] fused_silu_mul_mq_rotate_awq grid=[68, 4096, 1]
[census-k] gemm_mq4g256v2_residual_wmma_gfx12_bt8 grid=[320, 32, 1]
[census-k] fused_rmsnorm_mq_rotate_awq grid=[4096, 1, 1]
[census-k] gemm_qkvza_mq4g256v2_wmma_gfx12_bt8 grid=[1030, 32, 1]
[census-k] gdn_pre_batched_gfx1201 grid=[5248, 1, 1]
[census-k] gated_delta_net_q8_fast grid=[48, 32, 1]
[census-k] gated_delta_net_q8_fast grid=[48, 32, 1]
[census-k] gated_delta_net_q8_fast grid=[48, 32, 1]
[census-k] gated_delta_net_q8_fast grid=[48, 32, 1]
[census-k] gated_delta_net_q8_fast grid=[48, 32, 1]
[census-k] gated_delta_net_q8_fast grid=[48, 32, 1]
[census-k] gated_delta_net_q8_fast grid=[48, 32, 1]
[census-k] gated_delta_net_q8_fast grid=[48, 32, 1]
[census-k] gated_norm_f32 grid=[48, 4096, 1]
[census-k] gemm_mq4g256v2_residual_wmma_gfx12_bt8 grid=[320, 32, 1]
[census-k] fused_rmsnorm_mq_rotate_awq grid=[4096, 1, 1]
[census-k] gemm_gate_up_mq4g256v2_wmma_gfx12_bt8 grid=[2176, 32, 1]
[census-k] fused_silu_mul_mq_rotate_awq grid=[68, 4096, 1]
[census-k] gemm_mq4g256v2_residual_wmma_gfx12_bt8 grid=[320, 32, 1]
[census-k] fused_rmsnorm_mq_rotate_awq grid=[4096, 1, 1]
[census-k] gemm_qkvza_mq4g256v2_wmma_gfx12_bt8 grid=[1030, 32, 1]
[census-k] gdn_pre_batched_gfx1201 grid=[5248, 1, 1]
[census-k] gated_delta_net_q8_fast grid=[48, 32, 1]
[census-k] gated_delta_net_q8_fast grid=[48, 32, 1]
[census-k] gated_delta_net_q8_fast grid=[48, 32, 1]
[census-k] gated_delta_net_q8_fast grid=[48, 32, 1]
[census-k] gated_delta_net_q8_fast grid=[48, 32, 1]
[census-k] gated_delta_net_q8_fast grid=[48, 32, 1]
[census-k] gated_delta_net_q8_fast grid=[48, 32, 1]
[census-k] gated_delta_net_q8_fast grid=[48, 32, 1]
[census-k] gated_norm_f32 grid=[48, 4096, 1]
[census-k] gemm_mq4g256v2_residual_wmma_gfx12_bt8 grid=[320, 32, 1]
[census-k] fused_rmsnorm_mq_rotate_awq grid=[4096, 1, 1]
[census-k] gemm_gate_up_mq4g256v2_wmma_gfx12_bt8 grid=[2176, 32, 1]
[census-k] fused_silu_mul_mq_rotate_awq grid=[68, 4096, 1]
[census-k] gemm_mq4g256v2_residual_wmma_gfx12_bt8 grid=[320, 32, 1]
[census-k] fused_rmsnorm_mq_rotate_awq grid=[4096, 1, 1]
[census-k] gemm_qkvza_mq4g256v2_wmma_gfx12_bt8 grid=[1030, 32, 1]
[census-k] gdn_pre_batched_gfx1201 grid=[5248, 1, 1]
[census-k] gated_delta_net_q8_fast grid=[48, 32, 1]
[census-k] gated_delta_net_q8_fast grid=[48, 32, 1]
[census-k] gated_delta_net_q8_fast grid=[48, 32, 1]
[census-k] gated_delta_net_q8_fast grid=[48, 32, 1]
[census-k] gated_delta_net_q8_fast grid=[48, 32, 1]
[census-k] gated_delta_net_q8_fast grid=[48, 32, 1]
[census-k] gated_delta_net_q8_fast grid=[48, 32, 1]
[census-k] gated_delta_net_q8_fast grid=[48, 32, 1]
[census-k] gated_norm_f32 grid=[48, 4096, 1]
[census-k] gemm_mq4g256v2_residual_wmma_gfx12_bt8 grid=[320, 32, 1]
[census-k] fused_rmsnorm_mq_rotate_awq grid=[4096, 1, 1]
[census-k] gemm_gate_up_mq4g256v2_wmma_gfx12_bt8 grid=[2176, 32, 1]
[census-k] fused_silu_mul_mq_rotate_awq grid=[68, 4096, 1]
[census-k] gemm_mq4g256v2_residual_wmma_gfx12_bt8 grid=[320, 32, 1]
[census-k] fused_rmsnorm_mq_rotate_awq grid=[4096, 1, 1]
[census-k] gemm_qkv_mq4g256v2_wmma_gfx12 grid=[896, 256, 1]
[census-k] deinterleave_q_rmsnorm_f32_batched grid=[24, 4096, 1]
[census-k] rmsnorm_f32 grid=[16384, 1, 1]
[census-k] rope_partial_halfsplit_batched_f32 grid=[1, 4096, 1]
[census-k] kv_cache_write_fp8_e4m3_batched grid=[4, 512, 1]
[census-k] kv_cache_write_fp8_e4m3_batched grid=[4, 512, 1]
[census-k] attention_fp8_e4m3_fa2_q_preconvert_fp8_gfx1201 grid=[3072, 1, 1]
[census-k] attention_fp8_e4m3_fa2_gqa_gfx1201 grid=[64, 4, 1]
[census-k] kv_cache_write_fp8_e4m3_batched grid=[4, 512, 1]
[census-k] kv_cache_write_fp8_e4m3_batched grid=[4, 512, 1]
[census-k] attention_fp8_e4m3_fa2_q_preconvert_fp8_gfx1201 grid=[3072, 1, 1]
[census-k] attention_fp8_e4m3_fa2_gqa_gfx1201 grid=[64, 4, 1]
[census-k] kv_cache_write_fp8_e4m3_batched grid=[4, 512, 1]
[census-k] kv_cache_write_fp8_e4m3_batched grid=[4, 512, 1]
[census-k] attention_fp8_e4m3_fa2_q_preconvert_fp8_gfx1201 grid=[3072, 1, 1]
[census-k] attention_fp8_e4m3_fa2_gqa_gfx1201 grid=[64, 4, 1]
[census-k] kv_cache_write_fp8_e4m3_batched grid=[4, 512, 1]
[census-k] kv_cache_write_fp8_e4m3_batched grid=[4, 512, 1]
[census-k] attention_fp8_e4m3_fa2_q_preconvert_fp8_gfx1201 grid=[3072, 1, 1]
[census-k] attention_fp8_e4m3_fa2_gqa_gfx1201 grid=[64, 4, 1]
[census-k] kv_cache_write_fp8_e4m3_batched grid=[4, 512, 1]
[census-k] kv_cache_write_fp8_e4m3_batched grid=[4, 512, 1]
[census-k] attention_fp8_e4m3_fa2_q_preconvert_fp8_gfx1201 grid=[3072, 1, 1]
[census-k] attention_fp8_e4m3_fa2_gqa_gfx1201 grid=[64, 4, 1]
[census-k] kv_cache_write_fp8_e4m3_batched grid=[4, 512, 1]
[census-k] kv_cache_write_fp8_e4m3_batched grid=[4, 512, 1]
[census-k] attention_fp8_e4m3_fa2_q_preconvert_fp8_gfx1201 grid=[3072, 1, 1]
[census-k] attention_fp8_e4m3_fa2_gqa_gfx1201 grid=[64, 4, 1]
[census-k] kv_cache_write_fp8_e4m3_batched grid=[4, 512, 1]
[census-k] kv_cache_write_fp8_e4m3_batched grid=[4, 512, 1]
[census-k] attention_fp8_e4m3_fa2_q_preconvert_fp8_gfx1201 grid=[3072, 1, 1]
[census-k] attention_fp8_e4m3_fa2_gqa_gfx1201 grid=[64, 4, 1]
[census-k] kv_cache_write_fp8_e4m3_batched grid=[4, 512, 1]
[census-k] kv_cache_write_fp8_e4m3_batched grid=[4, 512, 1]
[census-k] attention_fp8_e4m3_fa2_q_preconvert_fp8_gfx1201 grid=[3072, 1, 1]
[census-k] attention_fp8_e4m3_fa2_gqa_gfx1201 grid=[64, 4, 1]
[census-k] sigmoid_mul_f32 grid=[98304, 1, 1]
[census-k] gemm_mq4g256v2_residual_wmma_gfx12_bt8 grid=[320, 32, 1]
[census-k] fused_rmsnorm_mq_rotate_awq grid=[4096, 1, 1]
[census-k] gemm_gate_up_mq4g256v2_wmma_gfx12_bt8 grid=[2176, 32, 1]
[census-k] fused_silu_mul_mq_rotate_awq grid=[68, 4096, 1]
[census-k] gemm_mq4g256v2_residual_wmma_gfx12_bt8 grid=[320, 32, 1]
[census-k] fused_rmsnorm_mq_rotate_awq grid=[4096, 1, 1]
[census-k] gemm_qkvza_mq4g256v2_wmma_gfx12_bt8 grid=[1030, 32, 1]
[census-k] gdn_pre_batched_gfx1201 grid=[5248, 1, 1]
[census-k] gated_delta_net_q8_fast grid=[48, 32, 1]
[census-k] gated_delta_net_q8_fast grid=[48, 32, 1]
[census-k] gated_delta_net_q8_fast grid=[48, 32, 1]
[census-k] gated_delta_net_q8_fast grid=[48, 32, 1]
[census-k] gated_delta_net_q8_fast grid=[48, 32, 1]
[census-k] gated_delta_net_q8_fast grid=[48, 32, 1]
[census-k] gated_delta_net_q8_fast grid=[48, 32, 1]
[census-k] gated_delta_net_q8_fast grid=[48, 32, 1]
[census-k] gated_norm_f32 grid=[48, 4096, 1]
[census-k] gemm_mq4g256v2_residual_wmma_gfx12_bt8 grid=[320, 32, 1]
[census-k] fused_rmsnorm_mq_rotate_awq grid=[4096, 1, 1]
[census-k] gemm_gate_up_mq4g256v2_wmma_gfx12_bt8 grid=[2176, 32, 1]
[census-k] fused_silu_mul_mq_rotate_awq grid=[68, 4096, 1]
[census-k] gemm_mq4g256v2_residual_wmma_gfx12_bt8 grid=[320, 32, 1]
[census-k] fused_rmsnorm_mq_rotate_awq grid=[4096, 1, 1]
[census-k] gemm_qkvza_mq4g256v2_wmma_gfx12_bt8 grid=[1030, 32, 1]
[census-k] gdn_pre_batched_gfx1201 grid=[5248, 1, 1]
[census-k] gated_delta_net_q8_fast grid=[48, 32, 1]
[census-k] gated_delta_net_q8_fast grid=[48, 32, 1]
[census-k] gated_delta_net_q8_fast grid=[48, 32, 1]
[census-k] gated_delta_net_q8_fast grid=[48, 32, 1]
[census-k] gated_delta_net_q8_fast grid=[48, 32, 1]
[census-k] gated_delta_net_q8_fast grid=[48, 32, 1]
[census-k] gated_delta_net_q8_fast grid=[48, 32, 1]
[census-k] gated_delta_net_q8_fast grid=[48, 32, 1]
[census-k] gated_norm_f32 grid=[48, 4096, 1]
[census-k] gemm_mq4g256v2_residual_wmma_gfx12_bt8 grid=[320, 32, 1]
[census-k] fused_rmsnorm_mq_rotate_awq grid=[4096, 1, 1]
[census-k] gemm_gate_up_mq4g256v2_wmma_gfx12_bt8 grid=[2176, 32, 1]
[census-k] fused_silu_mul_mq_rotate_awq grid=[68, 4096, 1]
[census-k] gemm_mq4g256v2_residual_wmma_gfx12_bt8 grid=[320, 32, 1]
[census-k] fused_rmsnorm_mq_rotate_awq grid=[4096, 1, 1]
[census-k] gemm_qkvza_mq4g256v2_wmma_gfx12_bt8 grid=[1030, 32, 1]
[census-k] gdn_pre_batched_gfx1201 grid=[5248, 1, 1]
[census-k] gated_delta_net_q8_fast grid=[48, 32, 1]
[census-k] gated_delta_net_q8_fast grid=[48, 32, 1]
[census-k] gated_delta_net_q8_fast grid=[48, 32, 1]
[census-k] gated_delta_net_q8_fast grid=[48, 32, 1]
[census-k] gated_delta_net_q8_fast grid=[48, 32, 1]
[census-k] gated_delta_net_q8_fast grid=[48, 32, 1]
[census-k] gated_delta_net_q8_fast grid=[48, 32, 1]
[census-k] gated_delta_net_q8_fast grid=[48, 32, 1]
[census-k] gated_norm_f32 grid=[48, 4096, 1]
[census-k] gemm_mq4g256v2_residual_wmma_gfx12_bt8 grid=[320, 32, 1]
[census-k] fused_rmsnorm_mq_rotate_awq grid=[4096, 1, 1]
[census-k] gemm_gate_up_mq4g256v2_wmma_gfx12_bt8 grid=[2176, 32, 1]
[census-k] fused_silu_mul_mq_rotate_awq grid=[68, 4096, 1]
[census-k] gemm_mq4g256v2_residual_wmma_gfx12_bt8 grid=[320, 32, 1]
[census-k] fused_rmsnorm_mq_rotate_awq grid=[4096, 1, 1]
[census-k] gemm_qkv_mq4g256v2_wmma_gfx12 grid=[896, 256, 1]
[census-k] deinterleave_q_rmsnorm_f32_batched grid=[24, 4096, 1]
[census-k] rmsnorm_f32 grid=[16384, 1, 1]
[census-k] rope_partial_halfsplit_batched_f32 grid=[1, 4096, 1]
[census-k] kv_cache_write_fp8_e4m3_batched grid=[4, 512, 1]
[census-k] kv_cache_write_fp8_e4m3_batched grid=[4, 512, 1]
[census-k] attention_fp8_e4m3_fa2_q_preconvert_fp8_gfx1201 grid=[3072, 1, 1]
[census-k] attention_fp8_e4m3_fa2_gqa_gfx1201 grid=[64, 4, 1]
[census-k] kv_cache_write_fp8_e4m3_batched grid=[4, 512, 1]
[census-k] kv_cache_write_fp8_e4m3_batched grid=[4, 512, 1]
[census-k] attention_fp8_e4m3_fa2_q_preconvert_fp8_gfx1201 grid=[3072, 1, 1]
[census-k] attention_fp8_e4m3_fa2_gqa_gfx1201 grid=[64, 4, 1]
[census-k] kv_cache_write_fp8_e4m3_batched grid=[4, 512, 1]
[census-k] kv_cache_write_fp8_e4m3_batched grid=[4, 512, 1]
[census-k] attention_fp8_e4m3_fa2_q_preconvert_fp8_gfx1201 grid=[3072, 1, 1]
[census-k] attention_fp8_e4m3_fa2_gqa_gfx1201 grid=[64, 4, 1]
[census-k] kv_cache_write_fp8_e4m3_batched grid=[4, 512, 1]
[census-k] kv_cache_write_fp8_e4m3_batched grid=[4, 512, 1]
[census-k] attention_fp8_e4m3_fa2_q_preconvert_fp8_gfx1201 grid=[3072, 1, 1]
[census-k] attention_fp8_e4m3_fa2_gqa_gfx1201 grid=[64, 4, 1]
[census-k] kv_cache_write_fp8_e4m3_batched grid=[4, 512, 1]
[census-k] kv_cache_write_fp8_e4m3_batched grid=[4, 512, 1]
[census-k] attention_fp8_e4m3_fa2_q_preconvert_fp8_gfx1201 grid=[3072, 1, 1]
[census-k] attention_fp8_e4m3_fa2_gqa_gfx1201 grid=[64, 4, 1]
[census-k] kv_cache_write_fp8_e4m3_batched grid=[4, 512, 1]
[census-k] kv_cache_write_fp8_e4m3_batched grid=[4, 512, 1]
[census-k] attention_fp8_e4m3_fa2_q_preconvert_fp8_gfx1201 grid=[3072, 1, 1]
[census-k] attention_fp8_e4m3_fa2_gqa_gfx1201 grid=[64, 4, 1]
[census-k] kv_cache_write_fp8_e4m3_batched grid=[4, 512, 1]
[census-k] kv_cache_write_fp8_e4m3_batched grid=[4, 512, 1]
[census-k] attention_fp8_e4m3_fa2_q_preconvert_fp8_gfx1201 grid=[3072, 1, 1]
[census-k] attention_fp8_e4m3_fa2_gqa_gfx1201 grid=[64, 4, 1]
[census-k] kv_cache_write_fp8_e4m3_batched grid=[4, 512, 1]
[census-k] kv_cache_write_fp8_e4m3_batched grid=[4, 512, 1]
[census-k] attention_fp8_e4m3_fa2_q_preconvert_fp8_gfx1201 grid=[3072, 1, 1]
[census-k] attention_fp8_e4m3_fa2_gqa_gfx1201 grid=[64, 4, 1]
[census-k] sigmoid_mul_f32 grid=[98304, 1, 1]
[census-k] gemm_mq4g256v2_residual_wmma_gfx12_bt8 grid=[320, 32, 1]
[census-k] fused_rmsnorm_mq_rotate_awq grid=[4096, 1, 1]
[census-k] gemm_gate_up_mq4g256v2_wmma_gfx12_bt8 grid=[2176, 32, 1]
[census-k] fused_silu_mul_mq_rotate_awq grid=[68, 4096, 1]
[census-k] gemm_mq4g256v2_residual_wmma_gfx12_bt8 grid=[320, 32, 1]
[census-k] fused_rmsnorm_mq_rotate_awq grid=[4096, 1, 1]
[census-k] gemm_qkvza_mq4g256v2_wmma_gfx12_bt8 grid=[1030, 32, 1]
[census-k] gdn_pre_batched_gfx1201 grid=[5248, 1, 1]
[census-k] gated_delta_net_q8_fast grid=[48, 32, 1]
[census-k] gated_delta_net_q8_fast grid=[48, 32, 1]
[census-k] gated_delta_net_q8_fast grid=[48, 32, 1]
[census-k] gated_delta_net_q8_fast grid=[48, 32, 1]
[census-k] gated_delta_net_q8_fast grid=[48, 32, 1]
[census-k] gated_delta_net_q8_fast grid=[48, 32, 1]
[census-k] gated_delta_net_q8_fast grid=[48, 32, 1]
[census-k] gated_delta_net_q8_fast grid=[48, 32, 1]
[census-k] gated_norm_f32 grid=[48, 4096, 1]
[census-k] gemm_mq4g256v2_residual_wmma_gfx12_bt8 grid=[320, 32, 1]
[census-k] fused_rmsnorm_mq_rotate_awq grid=[4096, 1, 1]
[census-k] gemm_gate_up_mq4g256v2_wmma_gfx12_bt8 grid=[2176, 32, 1]
[census-k] fused_silu_mul_mq_rotate_awq grid=[68, 4096, 1]
[census-k] gemm_mq4g256v2_residual_wmma_gfx12_bt8 grid=[320, 32, 1]
[census-k] fused_rmsnorm_mq_rotate_awq grid=[4096, 1, 1]
[census-k] gemm_qkvza_mq4g256v2_wmma_gfx12_bt8 grid=[1030, 32, 1]
[census-k] gdn_pre_batched_gfx1201 grid=[5248, 1, 1]
[census-k] gated_delta_net_q8_fast grid=[48, 32, 1]
[census-k] gated_delta_net_q8_fast grid=[48, 32, 1]
[census-k] gated_delta_net_q8_fast grid=[48, 32, 1]
[census-k] gated_delta_net_q8_fast grid=[48, 32, 1]
[census-k] gated_delta_net_q8_fast grid=[48, 32, 1]
[census-k] gated_delta_net_q8_fast grid=[48, 32, 1]
[census-k] gated_delta_net_q8_fast grid=[48, 32, 1]
[census-k] gated_delta_net_q8_fast grid=[48, 32, 1]
[census-k] gated_norm_f32 grid=[48, 4096, 1]
[census-k] gemm_mq4g256v2_residual_wmma_gfx12_bt8 grid=[320, 32, 1]
[census-k] fused_rmsnorm_mq_rotate_awq grid=[4096, 1, 1]
[census-k] gemm_gate_up_mq4g256v2_wmma_gfx12_bt8 grid=[2176, 32, 1]
[census-k] fused_silu_mul_mq_rotate_awq grid=[68, 4096, 1]
[census-k] gemm_mq4g256v2_residual_wmma_gfx12_bt8 grid=[320, 32, 1]
[census-k] fused_rmsnorm_mq_rotate_awq grid=[4096, 1, 1]
[census-k] gemm_qkvza_mq4g256v2_wmma_gfx12_bt8 grid=[1030, 32, 1]
[census-k] gdn_pre_batched_gfx1201 grid=[5248, 1, 1]
[census-k] gated_delta_net_q8_fast grid=[48, 32, 1]
[census-k] gated_delta_net_q8_fast grid=[48, 32, 1]
[census-k] gated_delta_net_q8_fast grid=[48, 32, 1]
[census-k] gated_delta_net_q8_fast grid=[48, 32, 1]
[census-k] gated_delta_net_q8_fast grid=[48, 32, 1]
[census-k] gated_delta_net_q8_fast grid=[48, 32, 1]
[census-k] gated_delta_net_q8_fast grid=[48, 32, 1]
[census-k] gated_delta_net_q8_fast grid=[48, 32, 1]
[census-k] gated_norm_f32 grid=[48, 4096, 1]
[census-k] gemm_mq4g256v2_residual_wmma_gfx12_bt8 grid=[320, 32, 1]
[census-k] fused_rmsnorm_mq_rotate_awq grid=[4096, 1, 1]
[census-k] gemm_gate_up_mq4g256v2_wmma_gfx12_bt8 grid=[2176, 32, 1]
[census-k] fused_silu_mul_mq_rotate_awq grid=[68, 4096, 1]
[census-k] gemm_mq4g256v2_residual_wmma_gfx12_bt8 grid=[320, 32, 1]
[census-k] fused_rmsnorm_mq_rotate_awq grid=[4096, 1, 1]
[census-k] gemm_qkv_mq4g256v2_wmma_gfx12 grid=[896, 256, 1]
[census-k] deinterleave_q_rmsnorm_f32_batched grid=[24, 4096, 1]
[census-k] rmsnorm_f32 grid=[16384, 1, 1]
[census-k] rope_partial_halfsplit_batched_f32 grid=[1, 4096, 1]
[census-k] kv_cache_write_fp8_e4m3_batched grid=[4, 512, 1]
[census-k] kv_cache_write_fp8_e4m3_batched grid=[4, 512, 1]
[census-k] attention_fp8_e4m3_fa2_q_preconvert_fp8_gfx1201 grid=[3072, 1, 1]
[census-k] attention_fp8_e4m3_fa2_gqa_gfx1201 grid=[64, 4, 1]
[census-k] kv_cache_write_fp8_e4m3_batched grid=[4, 512, 1]
[census-k] kv_cache_write_fp8_e4m3_batched grid=[4, 512, 1]
[census-k] attention_fp8_e4m3_fa2_q_preconvert_fp8_gfx1201 grid=[3072, 1, 1]
[census-k] attention_fp8_e4m3_fa2_gqa_gfx1201 grid=[64, 4, 1]
[census-k] kv_cache_write_fp8_e4m3_batched grid=[4, 512, 1]
[census-k] kv_cache_write_fp8_e4m3_batched grid=[4, 512, 1]
[census-k] attention_fp8_e4m3_fa2_q_preconvert_fp8_gfx1201 grid=[3072, 1, 1]
[census-k] attention_fp8_e4m3_fa2_gqa_gfx1201 grid=[64, 4, 1]
[census-k] kv_cache_write_fp8_e4m3_batched grid=[4, 512, 1]
[census-k] kv_cache_write_fp8_e4m3_batched grid=[4, 512, 1]
[census-k] attention_fp8_e4m3_fa2_q_preconvert_fp8_gfx1201 grid=[3072, 1, 1]
[census-k] attention_fp8_e4m3_fa2_gqa_gfx1201 grid=[64, 4, 1]
[census-k] kv_cache_write_fp8_e4m3_batched grid=[4, 512, 1]
[census-k] kv_cache_write_fp8_e4m3_batched grid=[4, 512, 1]
[census-k] attention_fp8_e4m3_fa2_q_preconvert_fp8_gfx1201 grid=[3072, 1, 1]
[census-k] attention_fp8_e4m3_fa2_gqa_gfx1201 grid=[64, 4, 1]
[census-k] kv_cache_write_fp8_e4m3_batched grid=[4, 512, 1]
[census-k] kv_cache_write_fp8_e4m3_batched grid=[4, 512, 1]
[census-k] attention_fp8_e4m3_fa2_q_preconvert_fp8_gfx1201 grid=[3072, 1, 1]
[census-k] attention_fp8_e4m3_fa2_gqa_gfx1201 grid=[64, 4, 1]
[census-k] kv_cache_write_fp8_e4m3_batched grid=[4, 512, 1]
[census-k] kv_cache_write_fp8_e4m3_batched grid=[4, 512, 1]
[census-k] attention_fp8_e4m3_fa2_q_preconvert_fp8_gfx1201 grid=[3072, 1, 1]
[census-k] attention_fp8_e4m3_fa2_gqa_gfx1201 grid=[64, 4, 1]
[census-k] kv_cache_write_fp8_e4m3_batched grid=[4, 512, 1]
[census-k] kv_cache_write_fp8_e4m3_batched grid=[4, 512, 1]
[census-k] attention_fp8_e4m3_fa2_q_preconvert_fp8_gfx1201 grid=[3072, 1, 1]
[census-k] attention_fp8_e4m3_fa2_gqa_gfx1201 grid=[64, 4, 1]
[census-k] sigmoid_mul_f32 grid=[98304, 1, 1]
[census-k] gemm_mq4g256v2_residual_wmma_gfx12_bt8 grid=[320, 32, 1]
[census-k] fused_rmsnorm_mq_rotate_awq grid=[4096, 1, 1]
[census-k] gemm_gate_up_mq4g256v2_wmma_gfx12_bt8 grid=[2176, 32, 1]
[census-k] fused_silu_mul_mq_rotate_awq grid=[68, 4096, 1]
[census-k] gemm_mq4g256v2_residual_wmma_gfx12_bt8 grid=[320, 32, 1]
[census-k] fused_rmsnorm_mq_rotate_awq grid=[4096, 1, 1]
[census-k] gemm_qkvza_mq4g256v2_wmma_gfx12_bt8 grid=[1030, 32, 1]
[census-k] gdn_pre_batched_gfx1201 grid=[5248, 1, 1]
[census-k] gated_delta_net_q8_fast grid=[48, 32, 1]
[census-k] gated_delta_net_q8_fast grid=[48, 32, 1]
[census-k] gated_delta_net_q8_fast grid=[48, 32, 1]
[census-k] gated_delta_net_q8_fast grid=[48, 32, 1]
[census-k] gated_delta_net_q8_fast grid=[48, 32, 1]
[census-k] gated_delta_net_q8_fast grid=[48, 32, 1]
[census-k] gated_delta_net_q8_fast grid=[48, 32, 1]
[census-k] gated_delta_net_q8_fast grid=[48, 32, 1]
[census-k] gated_norm_f32 grid=[48, 4096, 1]
[census-k] gemm_mq4g256v2_residual_wmma_gfx12_bt8 grid=[320, 32, 1]
[census-k] fused_rmsnorm_mq_rotate_awq grid=[4096, 1, 1]
[census-k] gemm_gate_up_mq4g256v2_wmma_gfx12_bt8 grid=[2176, 32, 1]
[census-k] fused_silu_mul_mq_rotate_awq grid=[68, 4096, 1]
[census-k] gemm_mq4g256v2_residual_wmma_gfx12_bt8 grid=[320, 32, 1]
[census-k] fused_rmsnorm_mq_rotate_awq grid=[4096, 1, 1]
[census-k] gemm_qkvza_mq4g256v2_wmma_gfx12_bt8 grid=[1030, 32, 1]
[census-k] gdn_pre_batched_gfx1201 grid=[5248, 1, 1]
[census-k] gated_delta_net_q8_fast grid=[48, 32, 1]
[census-k] gated_delta_net_q8_fast grid=[48, 32, 1]
[census-k] gated_delta_net_q8_fast grid=[48, 32, 1]
[census-k] gated_delta_net_q8_fast grid=[48, 32, 1]
[census-k] gated_delta_net_q8_fast grid=[48, 32, 1]
[census-k] gated_delta_net_q8_fast grid=[48, 32, 1]
[census-k] gated_delta_net_q8_fast grid=[48, 32, 1]
[census-k] gated_delta_net_q8_fast grid=[48, 32, 1]
[census-k] gated_norm_f32 grid=[48, 4096, 1]
[census-k] gemm_mq4g256v2_residual_wmma_gfx12_bt8 grid=[320, 32, 1]
[census-k] fused_rmsnorm_mq_rotate_awq grid=[4096, 1, 1]
[census-k] gemm_gate_up_mq4g256v2_wmma_gfx12_bt8 grid=[2176, 32, 1]
[census-k] fused_silu_mul_mq_rotate_awq grid=[68, 4096, 1]
[census-k] gemm_mq4g256v2_residual_wmma_gfx12_bt8 grid=[320, 32, 1]
[census-k] fused_rmsnorm_mq_rotate_awq grid=[4096, 1, 1]
[census-k] gemm_qkvza_mq4g256v2_wmma_gfx12_bt8 grid=[1030, 32, 1]
[census-k] gdn_pre_batched_gfx1201 grid=[5248, 1, 1]
[census-k] gated_delta_net_q8_fast grid=[48, 32, 1]
[census-k] gated_delta_net_q8_fast grid=[48, 32, 1]
[census-k] gated_delta_net_q8_fast grid=[48, 32, 1]
[census-k] gated_delta_net_q8_fast grid=[48, 32, 1]
[census-k] gated_delta_net_q8_fast grid=[48, 32, 1]
[census-k] gated_delta_net_q8_fast grid=[48, 32, 1]
[census-k] gated_delta_net_q8_fast grid=[48, 32, 1]
[census-k] gated_delta_net_q8_fast grid=[48, 32, 1]
[census-k] gated_norm_f32 grid=[48, 4096, 1]
[census-k] gemm_mq4g256v2_residual_wmma_gfx12_bt8 grid=[320, 32, 1]
[census-k] fused_rmsnorm_mq_rotate_awq grid=[4096, 1, 1]
[census-k] gemm_gate_up_mq4g256v2_wmma_gfx12_bt8 grid=[2176, 32, 1]
[census-k] fused_silu_mul_mq_rotate_awq grid=[68, 4096, 1]
[census-k] gemm_mq4g256v2_residual_wmma_gfx12_bt8 grid=[320, 32, 1]
[census-k] fused_rmsnorm_mq_rotate_awq grid=[4096, 1, 1]
[census-k] gemm_qkv_mq4g256v2_wmma_gfx12 grid=[896, 256, 1]
[census-k] deinterleave_q_rmsnorm_f32_batched grid=[24, 4096, 1]
[census-k] rmsnorm_f32 grid=[16384, 1, 1]
[census-k] rope_partial_halfsplit_batched_f32 grid=[1, 4096, 1]
[census-k] kv_cache_write_fp8_e4m3_batched grid=[4, 512, 1]
[census-k] kv_cache_write_fp8_e4m3_batched grid=[4, 512, 1]
[census-k] attention_fp8_e4m3_fa2_q_preconvert_fp8_gfx1201 grid=[3072, 1, 1]
[census-k] attention_fp8_e4m3_fa2_gqa_gfx1201 grid=[64, 4, 1]
[census-k] kv_cache_write_fp8_e4m3_batched grid=[4, 512, 1]
[census-k] kv_cache_write_fp8_e4m3_batched grid=[4, 512, 1]
[census-k] attention_fp8_e4m3_fa2_q_preconvert_fp8_gfx1201 grid=[3072, 1, 1]
[census-k] attention_fp8_e4m3_fa2_gqa_gfx1201 grid=[64, 4, 1]
[census-k] kv_cache_write_fp8_e4m3_batched grid=[4, 512, 1]
[census-k] kv_cache_write_fp8_e4m3_batched grid=[4, 512, 1]
[census-k] attention_fp8_e4m3_fa2_q_preconvert_fp8_gfx1201 grid=[3072, 1, 1]
[census-k] attention_fp8_e4m3_fa2_gqa_gfx1201 grid=[64, 4, 1]
[census-k] kv_cache_write_fp8_e4m3_batched grid=[4, 512, 1]
[census-k] kv_cache_write_fp8_e4m3_batched grid=[4, 512, 1]
[census-k] attention_fp8_e4m3_fa2_q_preconvert_fp8_gfx1201 grid=[3072, 1, 1]
[census-k] attention_fp8_e4m3_fa2_gqa_gfx1201 grid=[64, 4, 1]
[census-k] kv_cache_write_fp8_e4m3_batched grid=[4, 512, 1]
[census-k] kv_cache_write_fp8_e4m3_batched grid=[4, 512, 1]
[census-k] attention_fp8_e4m3_fa2_q_preconvert_fp8_gfx1201 grid=[3072, 1, 1]
[census-k] attention_fp8_e4m3_fa2_gqa_gfx1201 grid=[64, 4, 1]
[census-k] kv_cache_write_fp8_e4m3_batched grid=[4, 512, 1]
[census-k] kv_cache_write_fp8_e4m3_batched grid=[4, 512, 1]
[census-k] attention_fp8_e4m3_fa2_q_preconvert_fp8_gfx1201 grid=[3072, 1, 1]
[census-k] attention_fp8_e4m3_fa2_gqa_gfx1201 grid=[64, 4, 1]
[census-k] kv_cache_write_fp8_e4m3_batched grid=[4, 512, 1]
[census-k] kv_cache_write_fp8_e4m3_batched grid=[4, 512, 1]
[census-k] attention_fp8_e4m3_fa2_q_preconvert_fp8_gfx1201 grid=[3072, 1, 1]
[census-k] attention_fp8_e4m3_fa2_gqa_gfx1201 grid=[64, 4, 1]
[census-k] kv_cache_write_fp8_e4m3_batched grid=[4, 512, 1]
[census-k] kv_cache_write_fp8_e4m3_batched grid=[4, 512, 1]
[census-k] attention_fp8_e4m3_fa2_q_preconvert_fp8_gfx1201 grid=[3072, 1, 1]
[census-k] attention_fp8_e4m3_fa2_gqa_gfx1201 grid=[64, 4, 1]
[census-k] sigmoid_mul_f32 grid=[98304, 1, 1]
[census-k] gemm_mq4g256v2_residual_wmma_gfx12_bt8 grid=[320, 32, 1]
[census-k] fused_rmsnorm_mq_rotate_awq grid=[4096, 1, 1]
[census-k] gemm_gate_up_mq4g256v2_wmma_gfx12_bt8 grid=[2176, 32, 1]
[census-k] fused_silu_mul_mq_rotate_awq grid=[68, 4096, 1]
[census-k] gemm_mq4g256v2_residual_wmma_gfx12_bt8 grid=[320, 32, 1]
[census-k] fused_rmsnorm_mq_rotate_awq grid=[4096, 1, 1]
[census-k] gemm_qkvza_mq4g256v2_wmma_gfx12_bt8 grid=[1030, 32, 1]
[census-k] gdn_pre_batched_gfx1201 grid=[5248, 1, 1]
[census-k] gated_delta_net_q8_fast grid=[48, 32, 1]
[census-k] gated_delta_net_q8_fast grid=[48, 32, 1]
[census-k] gated_delta_net_q8_fast grid=[48, 32, 1]
[census-k] gated_delta_net_q8_fast grid=[48, 32, 1]
[census-k] gated_delta_net_q8_fast grid=[48, 32, 1]
[census-k] gated_delta_net_q8_fast grid=[48, 32, 1]
[census-k] gated_delta_net_q8_fast grid=[48, 32, 1]
[census-k] gated_delta_net_q8_fast grid=[48, 32, 1]
[census-k] gated_norm_f32 grid=[48, 4096, 1]
[census-k] gemm_mq4g256v2_residual_wmma_gfx12_bt8 grid=[320, 32, 1]
[census-k] fused_rmsnorm_mq_rotate_awq grid=[4096, 1, 1]
[census-k] gemm_gate_up_mq4g256v2_wmma_gfx12_bt8 grid=[2176, 32, 1]
[census-k] fused_silu_mul_mq_rotate_awq grid=[68, 4096, 1]
[census-k] gemm_mq4g256v2_residual_wmma_gfx12_bt8 grid=[320, 32, 1]
[census-k] fused_rmsnorm_mq_rotate_awq grid=[4096, 1, 1]
[census-k] gemm_qkvza_mq4g256v2_wmma_gfx12_bt8 grid=[1030, 32, 1]
[census-k] gdn_pre_batched_gfx1201 grid=[5248, 1, 1]
[census-k] gated_delta_net_q8_fast grid=[48, 32, 1]
[census-k] gated_delta_net_q8_fast grid=[48, 32, 1]
[census-k] gated_delta_net_q8_fast grid=[48, 32, 1]
[census-k] gated_delta_net_q8_fast grid=[48, 32, 1]
[census-k] gated_delta_net_q8_fast grid=[48, 32, 1]
[census-k] gated_delta_net_q8_fast grid=[48, 32, 1]
[census-k] gated_delta_net_q8_fast grid=[48, 32, 1]
[census-k] gated_delta_net_q8_fast grid=[48, 32, 1]
[census-k] gated_norm_f32 grid=[48, 4096, 1]
[census-k] gemm_mq4g256v2_residual_wmma_gfx12_bt8 grid=[320, 32, 1]
[census-k] fused_rmsnorm_mq_rotate_awq grid=[4096, 1, 1]
[census-k] gemm_gate_up_mq4g256v2_wmma_gfx12_bt8 grid=[2176, 32, 1]
[census-k] fused_silu_mul_mq_rotate_awq grid=[68, 4096, 1]
[census-k] gemm_mq4g256v2_residual_wmma_gfx12_bt8 grid=[320, 32, 1]
[census-k] fused_rmsnorm_mq_rotate_awq grid=[4096, 1, 1]
[census-k] gemm_qkvza_mq4g256v2_wmma_gfx12_bt8 grid=[1030, 32, 1]
[census-k] gdn_pre_batched_gfx1201 grid=[5248, 1, 1]
[census-k] gated_delta_net_q8_fast grid=[48, 32, 1]
[census-k] gated_delta_net_q8_fast grid=[48, 32, 1]
[census-k] gated_delta_net_q8_fast grid=[48, 32, 1]
[census-k] gated_delta_net_q8_fast grid=[48, 32, 1]
[census-k] gated_delta_net_q8_fast grid=[48, 32, 1]
[census-k] gated_delta_net_q8_fast grid=[48, 32, 1]
[census-k] gated_delta_net_q8_fast grid=[48, 32, 1]
[census-k] gated_delta_net_q8_fast grid=[48, 32, 1]
[census-k] gated_norm_f32 grid=[48, 4096, 1]
[census-k] gemm_mq4g256v2_residual_wmma_gfx12_bt8 grid=[320, 32, 1]
[census-k] fused_rmsnorm_mq_rotate_awq grid=[4096, 1, 1]
[census-k] gemm_gate_up_mq4g256v2_wmma_gfx12_bt8 grid=[2176, 32, 1]
[census-k] fused_silu_mul_mq_rotate_awq grid=[68, 4096, 1]
[census-k] gemm_mq4g256v2_residual_wmma_gfx12_bt8 grid=[320, 32, 1]
[census-k] fused_rmsnorm_mq_rotate_awq grid=[4096, 1, 1]
[census-k] gemm_qkv_mq4g256v2_wmma_gfx12 grid=[896, 256, 1]
[census-k] deinterleave_q_rmsnorm_f32_batched grid=[24, 4096, 1]
[census-k] rmsnorm_f32 grid=[16384, 1, 1]
[census-k] rope_partial_halfsplit_batched_f32 grid=[1, 4096, 1]
[census-k] kv_cache_write_fp8_e4m3_batched grid=[4, 512, 1]
[census-k] kv_cache_write_fp8_e4m3_batched grid=[4, 512, 1]
[census-k] attention_fp8_e4m3_fa2_q_preconvert_fp8_gfx1201 grid=[3072, 1, 1]
[census-k] attention_fp8_e4m3_fa2_gqa_gfx1201 grid=[64, 4, 1]
[census-k] kv_cache_write_fp8_e4m3_batched grid=[4, 512, 1]
[census-k] kv_cache_write_fp8_e4m3_batched grid=[4, 512, 1]
[census-k] attention_fp8_e4m3_fa2_q_preconvert_fp8_gfx1201 grid=[3072, 1, 1]
[census-k] attention_fp8_e4m3_fa2_gqa_gfx1201 grid=[64, 4, 1]
[census-k] kv_cache_write_fp8_e4m3_batched grid=[4, 512, 1]
[census-k] kv_cache_write_fp8_e4m3_batched grid=[4, 512, 1]
[census-k] attention_fp8_e4m3_fa2_q_preconvert_fp8_gfx1201 grid=[3072, 1, 1]
[census-k] attention_fp8_e4m3_fa2_gqa_gfx1201 grid=[64, 4, 1]
[census-k] kv_cache_write_fp8_e4m3_batched grid=[4, 512, 1]
[census-k] kv_cache_write_fp8_e4m3_batched grid=[4, 512, 1]
[census-k] attention_fp8_e4m3_fa2_q_preconvert_fp8_gfx1201 grid=[3072, 1, 1]
[census-k] attention_fp8_e4m3_fa2_gqa_gfx1201 grid=[64, 4, 1]
[census-k] kv_cache_write_fp8_e4m3_batched grid=[4, 512, 1]
[census-k] kv_cache_write_fp8_e4m3_batched grid=[4, 512, 1]
[census-k] attention_fp8_e4m3_fa2_q_preconvert_fp8_gfx1201 grid=[3072, 1, 1]
[census-k] attention_fp8_e4m3_fa2_gqa_gfx1201 grid=[64, 4, 1]
[census-k] kv_cache_write_fp8_e4m3_batched grid=[4, 512, 1]
[census-k] kv_cache_write_fp8_e4m3_batched grid=[4, 512, 1]
[census-k] attention_fp8_e4m3_fa2_q_preconvert_fp8_gfx1201 grid=[3072, 1, 1]
[census-k] attention_fp8_e4m3_fa2_gqa_gfx1201 grid=[64, 4, 1]
[census-k] kv_cache_write_fp8_e4m3_batched grid=[4, 512, 1]
[census-k] kv_cache_write_fp8_e4m3_batched grid=[4, 512, 1]
[census-k] attention_fp8_e4m3_fa2_q_preconvert_fp8_gfx1201 grid=[3072, 1, 1]
[census-k] attention_fp8_e4m3_fa2_gqa_gfx1201 grid=[64, 4, 1]
[census-k] kv_cache_write_fp8_e4m3_batched grid=[4, 512, 1]
[census-k] kv_cache_write_fp8_e4m3_batched grid=[4, 512, 1]
[census-k] attention_fp8_e4m3_fa2_q_preconvert_fp8_gfx1201 grid=[3072, 1, 1]
[census-k] attention_fp8_e4m3_fa2_gqa_gfx1201 grid=[64, 4, 1]
[census-k] sigmoid_mul_f32 grid=[98304, 1, 1]
[census-k] gemm_mq4g256v2_residual_wmma_gfx12_bt8 grid=[320, 32, 1]
[census-k] fused_rmsnorm_mq_rotate_awq grid=[4096, 1, 1]
[census-k] gemm_gate_up_mq4g256v2_wmma_gfx12_bt8 grid=[2176, 32, 1]
[census-k] fused_silu_mul_mq_rotate_awq grid=[68, 4096, 1]
[census-k] gemm_mq4g256v2_residual_wmma_gfx12_bt8 grid=[320, 32, 1]
[census-k] fused_rmsnorm_mq_rotate_awq grid=[4096, 1, 1]
[census-k] gemm_qkvza_mq4g256v2_wmma_gfx12_bt8 grid=[1030, 32, 1]
[census-k] gdn_pre_batched_gfx1201 grid=[5248, 1, 1]
[census-k] gated_delta_net_q8_fast grid=[48, 32, 1]
[census-k] gated_delta_net_q8_fast grid=[48, 32, 1]
[census-k] gated_delta_net_q8_fast grid=[48, 32, 1]
[census-k] gated_delta_net_q8_fast grid=[48, 32, 1]
[census-k] gated_delta_net_q8_fast grid=[48, 32, 1]
[census-k] gated_delta_net_q8_fast grid=[48, 32, 1]
[census-k] gated_delta_net_q8_fast grid=[48, 32, 1]
[census-k] gated_delta_net_q8_fast grid=[48, 32, 1]
[census-k] gated_norm_f32 grid=[48, 4096, 1]
[census-k] gemm_mq4g256v2_residual_wmma_gfx12_bt8 grid=[320, 32, 1]
[census-k] fused_rmsnorm_mq_rotate_awq grid=[4096, 1, 1]
[census-k] gemm_gate_up_mq4g256v2_wmma_gfx12_bt8 grid=[2176, 32, 1]
[census-k] fused_silu_mul_mq_rotate_awq grid=[68, 4096, 1]
[census-k] gemm_mq4g256v2_residual_wmma_gfx12_bt8 grid=[320, 32, 1]
[census-k] fused_rmsnorm_mq_rotate_awq grid=[4096, 1, 1]
[census-k] gemm_qkvza_mq4g256v2_wmma_gfx12_bt8 grid=[1030, 32, 1]
[census-k] gdn_pre_batched_gfx1201 grid=[5248, 1, 1]
[census-k] gated_delta_net_q8_fast grid=[48, 32, 1]
[census-k] gated_delta_net_q8_fast grid=[48, 32, 1]
[census-k] gated_delta_net_q8_fast grid=[48, 32, 1]
[census-k] gated_delta_net_q8_fast grid=[48, 32, 1]
[census-k] gated_delta_net_q8_fast grid=[48, 32, 1]
[census-k] gated_delta_net_q8_fast grid=[48, 32, 1]
[census-k] gated_delta_net_q8_fast grid=[48, 32, 1]
[census-k] gated_delta_net_q8_fast grid=[48, 32, 1]
[census-k] gated_norm_f32 grid=[48, 4096, 1]
[census-k] gemm_mq4g256v2_residual_wmma_gfx12_bt8 grid=[320, 32, 1]
[census-k] fused_rmsnorm_mq_rotate_awq grid=[4096, 1, 1]
[census-k] gemm_gate_up_mq4g256v2_wmma_gfx12_bt8 grid=[2176, 32, 1]
[census-k] fused_silu_mul_mq_rotate_awq grid=[68, 4096, 1]
[census-k] gemm_mq4g256v2_residual_wmma_gfx12_bt8 grid=[320, 32, 1]
[census-k] fused_rmsnorm_mq_rotate_awq grid=[4096, 1, 1]
[census-k] gemm_qkvza_mq4g256v2_wmma_gfx12_bt8 grid=[1030, 32, 1]
[census-k] gdn_pre_batched_gfx1201 grid=[5248, 1, 1]
[census-k] gated_delta_net_q8_fast grid=[48, 32, 1]
[census-k] gated_delta_net_q8_fast grid=[48, 32, 1]
[census-k] gated_delta_net_q8_fast grid=[48, 32, 1]
[census-k] gated_delta_net_q8_fast grid=[48, 32, 1]
[census-k] gated_delta_net_q8_fast grid=[48, 32, 1]
[census-k] gated_delta_net_q8_fast grid=[48, 32, 1]
[census-k] gated_delta_net_q8_fast grid=[48, 32, 1]
[census-k] gated_delta_net_q8_fast grid=[48, 32, 1]
[census-k] gated_norm_f32 grid=[48, 4096, 1]
[census-k] gemm_mq4g256v2_residual_wmma_gfx12_bt8 grid=[320, 32, 1]
[census-k] fused_rmsnorm_mq_rotate_awq grid=[4096, 1, 1]
[census-k] gemm_gate_up_mq4g256v2_wmma_gfx12_bt8 grid=[2176, 32, 1]
[census-k] fused_silu_mul_mq_rotate_awq grid=[68, 4096, 1]
[census-k] gemm_mq4g256v2_residual_wmma_gfx12_bt8 grid=[320, 32, 1]
[census-k] fused_rmsnorm_mq_rotate_awq grid=[4096, 1, 1]
[census-k] gemm_qkv_mq4g256v2_wmma_gfx12 grid=[896, 256, 1]
[census-k] deinterleave_q_rmsnorm_f32_batched grid=[24, 4096, 1]
[census-k] rmsnorm_f32 grid=[16384, 1, 1]
[census-k] rope_partial_halfsplit_batched_f32 grid=[1, 4096, 1]
[census-k] kv_cache_write_fp8_e4m3_batched grid=[4, 512, 1]
[census-k] kv_cache_write_fp8_e4m3_batched grid=[4, 512, 1]
[census-k] attention_fp8_e4m3_fa2_q_preconvert_fp8_gfx1201 grid=[3072, 1, 1]
[census-k] attention_fp8_e4m3_fa2_gqa_gfx1201 grid=[64, 4, 1]
[census-k] kv_cache_write_fp8_e4m3_batched grid=[4, 512, 1]
[census-k] kv_cache_write_fp8_e4m3_batched grid=[4, 512, 1]
[census-k] attention_fp8_e4m3_fa2_q_preconvert_fp8_gfx1201 grid=[3072, 1, 1]
[census-k] attention_fp8_e4m3_fa2_gqa_gfx1201 grid=[64, 4, 1]
[census-k] kv_cache_write_fp8_e4m3_batched grid=[4, 512, 1]
[census-k] kv_cache_write_fp8_e4m3_batched grid=[4, 512, 1]
[census-k] attention_fp8_e4m3_fa2_q_preconvert_fp8_gfx1201 grid=[3072, 1, 1]
[census-k] attention_fp8_e4m3_fa2_gqa_gfx1201 grid=[64, 4, 1]
[census-k] kv_cache_write_fp8_e4m3_batched grid=[4, 512, 1]
[census-k] kv_cache_write_fp8_e4m3_batched grid=[4, 512, 1]
[census-k] attention_fp8_e4m3_fa2_q_preconvert_fp8_gfx1201 grid=[3072, 1, 1]
[census-k] attention_fp8_e4m3_fa2_gqa_gfx1201 grid=[64, 4, 1]
[census-k] kv_cache_write_fp8_e4m3_batched grid=[4, 512, 1]
[census-k] kv_cache_write_fp8_e4m3_batched grid=[4, 512, 1]
[census-k] attention_fp8_e4m3_fa2_q_preconvert_fp8_gfx1201 grid=[3072, 1, 1]
[census-k] attention_fp8_e4m3_fa2_gqa_gfx1201 grid=[64, 4, 1]
[census-k] kv_cache_write_fp8_e4m3_batched grid=[4, 512, 1]
[census-k] kv_cache_write_fp8_e4m3_batched grid=[4, 512, 1]
[census-k] attention_fp8_e4m3_fa2_q_preconvert_fp8_gfx1201 grid=[3072, 1, 1]
[census-k] attention_fp8_e4m3_fa2_gqa_gfx1201 grid=[64, 4, 1]
[census-k] kv_cache_write_fp8_e4m3_batched grid=[4, 512, 1]
[census-k] kv_cache_write_fp8_e4m3_batched grid=[4, 512, 1]
[census-k] attention_fp8_e4m3_fa2_q_preconvert_fp8_gfx1201 grid=[3072, 1, 1]
[census-k] attention_fp8_e4m3_fa2_gqa_gfx1201 grid=[64, 4, 1]
[census-k] kv_cache_write_fp8_e4m3_batched grid=[4, 512, 1]
[census-k] kv_cache_write_fp8_e4m3_batched grid=[4, 512, 1]
[census-k] attention_fp8_e4m3_fa2_q_preconvert_fp8_gfx1201 grid=[3072, 1, 1]
[census-k] attention_fp8_e4m3_fa2_gqa_gfx1201 grid=[64, 4, 1]
[census-k] sigmoid_mul_f32 grid=[98304, 1, 1]
[census-k] gemm_mq4g256v2_residual_wmma_gfx12_bt8 grid=[320, 32, 1]
[census-k] fused_rmsnorm_mq_rotate_awq grid=[4096, 1, 1]
[census-k] gemm_gate_up_mq4g256v2_wmma_gfx12_bt8 grid=[2176, 32, 1]
[census-k] fused_silu_mul_mq_rotate_awq grid=[68, 4096, 1]
[census-k] gemm_mq4g256v2_residual_wmma_gfx12_bt8 grid=[320, 32, 1]
[census-k] fused_rmsnorm_mq_rotate_awq grid=[4096, 1, 1]
[census-k] gemm_qkvza_mq4g256v2_wmma_gfx12_bt8 grid=[1030, 32, 1]
[census-k] gdn_pre_batched_gfx1201 grid=[5248, 1, 1]
[census-k] gated_delta_net_q8_fast grid=[48, 32, 1]
[census-k] gated_delta_net_q8_fast grid=[48, 32, 1]
[census-k] gated_delta_net_q8_fast grid=[48, 32, 1]
[census-k] gated_delta_net_q8_fast grid=[48, 32, 1]
[census-k] gated_delta_net_q8_fast grid=[48, 32, 1]
[census-k] gated_delta_net_q8_fast grid=[48, 32, 1]
[census-k] gated_delta_net_q8_fast grid=[48, 32, 1]
[census-k] gated_delta_net_q8_fast grid=[48, 32, 1]
[census-k] gated_norm_f32 grid=[48, 4096, 1]
[census-k] gemm_mq4g256v2_residual_wmma_gfx12_bt8 grid=[320, 32, 1]
[census-k] fused_rmsnorm_mq_rotate_awq grid=[4096, 1, 1]
[census-k] gemm_gate_up_mq4g256v2_wmma_gfx12_bt8 grid=[2176, 32, 1]
[census-k] fused_silu_mul_mq_rotate_awq grid=[68, 4096, 1]
[census-k] gemm_mq4g256v2_residual_wmma_gfx12_bt8 grid=[320, 32, 1]
[census-k] fused_rmsnorm_mq_rotate_awq grid=[4096, 1, 1]
[census-k] gemm_qkvza_mq4g256v2_wmma_gfx12_bt8 grid=[1030, 32, 1]
[census-k] gdn_pre_batched_gfx1201 grid=[5248, 1, 1]
[census-k] gated_delta_net_q8_fast grid=[48, 32, 1]
[census-k] gated_delta_net_q8_fast grid=[48, 32, 1]
[census-k] gated_delta_net_q8_fast grid=[48, 32, 1]
[census-k] gated_delta_net_q8_fast grid=[48, 32, 1]
[census-k] gated_delta_net_q8_fast grid=[48, 32, 1]
[census-k] gated_delta_net_q8_fast grid=[48, 32, 1]
[census-k] gated_delta_net_q8_fast grid=[48, 32, 1]
[census-k] gated_delta_net_q8_fast grid=[48, 32, 1]
[census-k] gated_norm_f32 grid=[48, 4096, 1]
[census-k] gemm_mq4g256v2_residual_wmma_gfx12_bt8 grid=[320, 32, 1]
[census-k] fused_rmsnorm_mq_rotate_awq grid=[4096, 1, 1]
[census-k] gemm_gate_up_mq4g256v2_wmma_gfx12_bt8 grid=[2176, 32, 1]
[census-k] fused_silu_mul_mq_rotate_awq grid=[68, 4096, 1]
[census-k] gemm_mq4g256v2_residual_wmma_gfx12_bt8 grid=[320, 32, 1]
[census-k] fused_rmsnorm_mq_rotate_awq grid=[4096, 1, 1]
[census-k] gemm_qkvza_mq4g256v2_wmma_gfx12_bt8 grid=[1030, 32, 1]
[census-k] gdn_pre_batched_gfx1201 grid=[5248, 1, 1]
[census-k] gated_delta_net_q8_fast grid=[48, 32, 1]
[census-k] gated_delta_net_q8_fast grid=[48, 32, 1]
[census-k] gated_delta_net_q8_fast grid=[48, 32, 1]
[census-k] gated_delta_net_q8_fast grid=[48, 32, 1]
[census-k] gated_delta_net_q8_fast grid=[48, 32, 1]
[census-k] gated_delta_net_q8_fast grid=[48, 32, 1]
[census-k] gated_delta_net_q8_fast grid=[48, 32, 1]
[census-k] gated_delta_net_q8_fast grid=[48, 32, 1]
[census-k] gated_norm_f32 grid=[48, 4096, 1]
[census-k] gemm_mq4g256v2_residual_wmma_gfx12_bt8 grid=[320, 32, 1]
[census-k] fused_rmsnorm_mq_rotate_awq grid=[4096, 1, 1]
[census-k] gemm_gate_up_mq4g256v2_wmma_gfx12_bt8 grid=[2176, 32, 1]
[census-k] fused_silu_mul_mq_rotate_awq grid=[68, 4096, 1]
[census-k] gemm_mq4g256v2_residual_wmma_gfx12_bt8 grid=[320, 32, 1]
[census-k] fused_rmsnorm_mq_rotate_awq grid=[4096, 1, 1]
[census-k] gemm_qkv_mq4g256v2_wmma_gfx12 grid=[896, 256, 1]
[census-k] deinterleave_q_rmsnorm_f32_batched grid=[24, 4096, 1]
[census-k] rmsnorm_f32 grid=[16384, 1, 1]
[census-k] rope_partial_halfsplit_batched_f32 grid=[1, 4096, 1]
[census-k] kv_cache_write_fp8_e4m3_batched grid=[4, 512, 1]
[census-k] kv_cache_write_fp8_e4m3_batched grid=[4, 512, 1]
[census-k] attention_fp8_e4m3_fa2_q_preconvert_fp8_gfx1201 grid=[3072, 1, 1]
[census-k] attention_fp8_e4m3_fa2_gqa_gfx1201 grid=[64, 4, 1]
[census-k] kv_cache_write_fp8_e4m3_batched grid=[4, 512, 1]
[census-k] kv_cache_write_fp8_e4m3_batched grid=[4, 512, 1]
[census-k] attention_fp8_e4m3_fa2_q_preconvert_fp8_gfx1201 grid=[3072, 1, 1]
[census-k] attention_fp8_e4m3_fa2_gqa_gfx1201 grid=[64, 4, 1]
[census-k] kv_cache_write_fp8_e4m3_batched grid=[4, 512, 1]
[census-k] kv_cache_write_fp8_e4m3_batched grid=[4, 512, 1]
[census-k] attention_fp8_e4m3_fa2_q_preconvert_fp8_gfx1201 grid=[3072, 1, 1]
[census-k] attention_fp8_e4m3_fa2_gqa_gfx1201 grid=[64, 4, 1]
[census-k] kv_cache_write_fp8_e4m3_batched grid=[4, 512, 1]
[census-k] kv_cache_write_fp8_e4m3_batched grid=[4, 512, 1]
[census-k] attention_fp8_e4m3_fa2_q_preconvert_fp8_gfx1201 grid=[3072, 1, 1]
[census-k] attention_fp8_e4m3_fa2_gqa_gfx1201 grid=[64, 4, 1]
[census-k] kv_cache_write_fp8_e4m3_batched grid=[4, 512, 1]
[census-k] kv_cache_write_fp8_e4m3_batched grid=[4, 512, 1]
[census-k] attention_fp8_e4m3_fa2_q_preconvert_fp8_gfx1201 grid=[3072, 1, 1]
[census-k] attention_fp8_e4m3_fa2_gqa_gfx1201 grid=[64, 4, 1]
[census-k] kv_cache_write_fp8_e4m3_batched grid=[4, 512, 1]
[census-k] kv_cache_write_fp8_e4m3_batched grid=[4, 512, 1]
[census-k] attention_fp8_e4m3_fa2_q_preconvert_fp8_gfx1201 grid=[3072, 1, 1]
[census-k] attention_fp8_e4m3_fa2_gqa_gfx1201 grid=[64, 4, 1]
[census-k] kv_cache_write_fp8_e4m3_batched grid=[4, 512, 1]
[census-k] kv_cache_write_fp8_e4m3_batched grid=[4, 512, 1]
[census-k] attention_fp8_e4m3_fa2_q_preconvert_fp8_gfx1201 grid=[3072, 1, 1]
[census-k] attention_fp8_e4m3_fa2_gqa_gfx1201 grid=[64, 4, 1]
[census-k] kv_cache_write_fp8_e4m3_batched grid=[4, 512, 1]
[census-k] kv_cache_write_fp8_e4m3_batched grid=[4, 512, 1]
[census-k] attention_fp8_e4m3_fa2_q_preconvert_fp8_gfx1201 grid=[3072, 1, 1]
[census-k] attention_fp8_e4m3_fa2_gqa_gfx1201 grid=[64, 4, 1]
[census-k] sigmoid_mul_f32 grid=[98304, 1, 1]
[census-k] gemm_mq4g256v2_residual_wmma_gfx12_bt8 grid=[320, 32, 1]
[census-k] fused_rmsnorm_mq_rotate_awq grid=[4096, 1, 1]
[census-k] gemm_gate_up_mq4g256v2_wmma_gfx12_bt8 grid=[2176, 32, 1]
[census-k] fused_silu_mul_mq_rotate_awq grid=[68, 4096, 1]
[census-k] gemm_mq4g256v2_residual_wmma_gfx12_bt8 grid=[320, 32, 1]
[census-k] fused_rmsnorm_mq_rotate_awq grid=[4096, 1, 1]
[census-k] gemm_qkvza_mq4g256v2_wmma_gfx12_bt8 grid=[1030, 32, 1]
[census-k] gdn_pre_batched_gfx1201 grid=[5248, 1, 1]
[census-k] gated_delta_net_q8_fast grid=[48, 32, 1]
[census-k] gated_delta_net_q8_fast grid=[48, 32, 1]
[census-k] gated_delta_net_q8_fast grid=[48, 32, 1]
[census-k] gated_delta_net_q8_fast grid=[48, 32, 1]
[census-k] gated_delta_net_q8_fast grid=[48, 32, 1]
[census-k] gated_delta_net_q8_fast grid=[48, 32, 1]
[census-k] gated_delta_net_q8_fast grid=[48, 32, 1]
[census-k] gated_delta_net_q8_fast grid=[48, 32, 1]
[census-k] gated_norm_f32 grid=[48, 4096, 1]
[census-k] gemm_mq4g256v2_residual_wmma_gfx12_bt8 grid=[320, 32, 1]
[census-k] fused_rmsnorm_mq_rotate_awq grid=[4096, 1, 1]
[census-k] gemm_gate_up_mq4g256v2_wmma_gfx12_bt8 grid=[2176, 32, 1]
[census-k] fused_silu_mul_mq_rotate_awq grid=[68, 4096, 1]
[census-k] gemm_mq4g256v2_residual_wmma_gfx12_bt8 grid=[320, 32, 1]
[census-k] fused_rmsnorm_mq_rotate_awq grid=[4096, 1, 1]
[census-k] gemm_qkvza_mq4g256v2_wmma_gfx12_bt8 grid=[1030, 32, 1]
[census-k] gdn_pre_batched_gfx1201 grid=[5248, 1, 1]
[census-k] gated_delta_net_q8_fast grid=[48, 32, 1]
[census-k] gated_delta_net_q8_fast grid=[48, 32, 1]
[census-k] gated_delta_net_q8_fast grid=[48, 32, 1]
[census-k] gated_delta_net_q8_fast grid=[48, 32, 1]
[census-k] gated_delta_net_q8_fast grid=[48, 32, 1]
[census-k] gated_delta_net_q8_fast grid=[48, 32, 1]
[census-k] gated_delta_net_q8_fast grid=[48, 32, 1]
[census-k] gated_delta_net_q8_fast grid=[48, 32, 1]
[census-k] gated_norm_f32 grid=[48, 4096, 1]
[census-k] gemm_mq4g256v2_residual_wmma_gfx12_bt8 grid=[320, 32, 1]
[census-k] fused_rmsnorm_mq_rotate_awq grid=[4096, 1, 1]
[census-k] gemm_gate_up_mq4g256v2_wmma_gfx12_bt8 grid=[2176, 32, 1]
[census-k] fused_silu_mul_mq_rotate_awq grid=[68, 4096, 1]
[census-k] gemm_mq4g256v2_residual_wmma_gfx12_bt8 grid=[320, 32, 1]
[census-k] fused_rmsnorm_mq_rotate_awq grid=[4096, 1, 1]
[census-k] gemm_qkvza_mq4g256v2_wmma_gfx12_bt8 grid=[1030, 32, 1]
[census-k] gdn_pre_batched_gfx1201 grid=[5248, 1, 1]
[census-k] gated_delta_net_q8_fast grid=[48, 32, 1]
[census-k] gated_delta_net_q8_fast grid=[48, 32, 1]
[census-k] gated_delta_net_q8_fast grid=[48, 32, 1]
[census-k] gated_delta_net_q8_fast grid=[48, 32, 1]
[census-k] gated_delta_net_q8_fast grid=[48, 32, 1]
[census-k] gated_delta_net_q8_fast grid=[48, 32, 1]
[census-k] gated_delta_net_q8_fast grid=[48, 32, 1]
[census-k] gated_delta_net_q8_fast grid=[48, 32, 1]
[census-k] gated_norm_f32 grid=[48, 4096, 1]
[census-k] gemm_mq4g256v2_residual_wmma_gfx12_bt8 grid=[320, 32, 1]
[census-k] fused_rmsnorm_mq_rotate_awq grid=[4096, 1, 1]
[census-k] gemm_gate_up_mq4g256v2_wmma_gfx12_bt8 grid=[2176, 32, 1]
[census-k] fused_silu_mul_mq_rotate_awq grid=[68, 4096, 1]
[census-k] gemm_mq4g256v2_residual_wmma_gfx12_bt8 grid=[320, 32, 1]
[census-k] fused_rmsnorm_mq_rotate_awq grid=[4096, 1, 1]
[census-k] gemm_qkv_mq4g256v2_wmma_gfx12 grid=[896, 256, 1]
[census-k] deinterleave_q_rmsnorm_f32_batched grid=[24, 4096, 1]
[census-k] rmsnorm_f32 grid=[16384, 1, 1]
[census-k] rope_partial_halfsplit_batched_f32 grid=[1, 4096, 1]
[census-k] kv_cache_write_fp8_e4m3_batched grid=[4, 512, 1]
[census-k] kv_cache_write_fp8_e4m3_batched grid=[4, 512, 1]
[census-k] attention_fp8_e4m3_fa2_q_preconvert_fp8_gfx1201 grid=[3072, 1, 1]
[census-k] attention_fp8_e4m3_fa2_gqa_gfx1201 grid=[64, 4, 1]
[census-k] kv_cache_write_fp8_e4m3_batched grid=[4, 512, 1]
[census-k] kv_cache_write_fp8_e4m3_batched grid=[4, 512, 1]
[census-k] attention_fp8_e4m3_fa2_q_preconvert_fp8_gfx1201 grid=[3072, 1, 1]
[census-k] attention_fp8_e4m3_fa2_gqa_gfx1201 grid=[64, 4, 1]
[census-k] kv_cache_write_fp8_e4m3_batched grid=[4, 512, 1]
[census-k] kv_cache_write_fp8_e4m3_batched grid=[4, 512, 1]
[census-k] attention_fp8_e4m3_fa2_q_preconvert_fp8_gfx1201 grid=[3072, 1, 1]
[census-k] attention_fp8_e4m3_fa2_gqa_gfx1201 grid=[64, 4, 1]
[census-k] kv_cache_write_fp8_e4m3_batched grid=[4, 512, 1]
[census-k] kv_cache_write_fp8_e4m3_batched grid=[4, 512, 1]
[census-k] attention_fp8_e4m3_fa2_q_preconvert_fp8_gfx1201 grid=[3072, 1, 1]
[census-k] attention_fp8_e4m3_fa2_gqa_gfx1201 grid=[64, 4, 1]
[census-k] kv_cache_write_fp8_e4m3_batched grid=[4, 512, 1]
[census-k] kv_cache_write_fp8_e4m3_batched grid=[4, 512, 1]
[census-k] attention_fp8_e4m3_fa2_q_preconvert_fp8_gfx1201 grid=[3072, 1, 1]
[census-k] attention_fp8_e4m3_fa2_gqa_gfx1201 grid=[64, 4, 1]
[census-k] kv_cache_write_fp8_e4m3_batched grid=[4, 512, 1]
[census-k] kv_cache_write_fp8_e4m3_batched grid=[4, 512, 1]
[census-k] attention_fp8_e4m3_fa2_q_preconvert_fp8_gfx1201 grid=[3072, 1, 1]
[census-k] attention_fp8_e4m3_fa2_gqa_gfx1201 grid=[64, 4, 1]
[census-k] kv_cache_write_fp8_e4m3_batched grid=[4, 512, 1]
[census-k] kv_cache_write_fp8_e4m3_batched grid=[4, 512, 1]
[census-k] attention_fp8_e4m3_fa2_q_preconvert_fp8_gfx1201 grid=[3072, 1, 1]
[census-k] attention_fp8_e4m3_fa2_gqa_gfx1201 grid=[64, 4, 1]
[census-k] kv_cache_write_fp8_e4m3_batched grid=[4, 512, 1]
[census-k] kv_cache_write_fp8_e4m3_batched grid=[4, 512, 1]
[census-k] attention_fp8_e4m3_fa2_q_preconvert_fp8_gfx1201 grid=[3072, 1, 1]
[census-k] attention_fp8_e4m3_fa2_gqa_gfx1201 grid=[64, 4, 1]
[census-k] sigmoid_mul_f32 grid=[98304, 1, 1]
[census-k] gemm_mq4g256v2_residual_wmma_gfx12_bt8 grid=[320, 32, 1]
[census-k] fused_rmsnorm_mq_rotate_awq grid=[4096, 1, 1]
[census-k] gemm_gate_up_mq4g256v2_wmma_gfx12_bt8 grid=[2176, 32, 1]
[census-k] fused_silu_mul_mq_rotate_awq grid=[68, 4096, 1]
[census-k] gemm_mq4g256v2_residual_wmma_gfx12_bt8 grid=[320, 32, 1]
[census-trace] D2D-at size=20480 stack=[]
[census-k] rmsnorm_f32 grid=[1, 1, 1]
[census-k] mq_rotate_x grid=[20, 1, 1]
[census-k] gemv_mq4g256v2_multirow_r2 grid=[124160, 1, 1]
[census-trace] DSYNC size=0 stack=[]
chunk0 post: state=RecordingWarmup fallback=None recorded=1828
chunk0: tape=1828 total=1828 rawinv=0 htod=2 dtod=1 dtoh=0 memset=0 ssync=0 esync=0 dsync=3 enslookup=0 unique=21 seq_hash=991b54b2a51c8bf9
[census-trace] H2D size=16384 stack=[]
[census-k] embedding_q8_batched grid=[4096, 1, 1]
[census-trace] H2D size=16384 stack=[]
[census-k] fused_rmsnorm_mq_rotate_awq grid=[4096, 1, 1]
[census-k] gemm_qkvza_mq4g256v2_wmma_gfx12_bt8 grid=[1030, 32, 1]
[census-k] gdn_pre_batched_gfx1201 grid=[5248, 1, 1]
[census-k] gated_delta_net_q8_fast grid=[48, 32, 1]
[census-k] gated_delta_net_q8_fast grid=[48, 32, 1]
[census-k] gated_delta_net_q8_fast grid=[48, 32, 1]
[census-k] gated_delta_net_q8_fast grid=[48, 32, 1]
[census-k] gated_delta_net_q8_fast grid=[48, 32, 1]
[census-k] gated_delta_net_q8_fast grid=[48, 32, 1]
[census-k] gated_delta_net_q8_fast grid=[48, 32, 1]
[census-k] gated_delta_net_q8_fast grid=[48, 32, 1]
[census-k] gated_norm_f32 grid=[48, 4096, 1]
[census-k] gemm_mq4g256v2_residual_wmma_gfx12_bt8 grid=[320, 32, 1]
[census-k] fused_rmsnorm_mq_rotate_awq grid=[4096, 1, 1]
[census-k] gemm_gate_up_mq4g256v2_wmma_gfx12_bt8 grid=[2176, 32, 1]
[census-k] fused_silu_mul_mq_rotate_awq grid=[68, 4096, 1]
[census-k] gemm_mq4g256v2_residual_wmma_gfx12_bt8 grid=[320, 32, 1]
[census-k] fused_rmsnorm_mq_rotate_awq grid=[4096, 1, 1]
[census-k] gemm_qkvza_mq4g256v2_wmma_gfx12_bt8 grid=[1030, 32, 1]
[census-k] gdn_pre_batched_gfx1201 grid=[5248, 1, 1]
[census-k] gated_delta_net_q8_fast grid=[48, 32, 1]
[census-k] gated_delta_net_q8_fast grid=[48, 32, 1]
[census-k] gated_delta_net_q8_fast grid=[48, 32, 1]
[census-k] gated_delta_net_q8_fast grid=[48, 32, 1]
[census-k] gated_delta_net_q8_fast grid=[48, 32, 1]
[census-k] gated_delta_net_q8_fast grid=[48, 32, 1]
[census-k] gated_delta_net_q8_fast grid=[48, 32, 1]
[census-k] gated_delta_net_q8_fast grid=[48, 32, 1]
[census-k] gated_norm_f32 grid=[48, 4096, 1]
[census-k] gemm_mq4g256v2_residual_wmma_gfx12_bt8 grid=[320, 32, 1]
[census-k] fused_rmsnorm_mq_rotate_awq grid=[4096, 1, 1]
[census-k] gemm_gate_up_mq4g256v2_wmma_gfx12_bt8 grid=[2176, 32, 1]
[census-k] fused_silu_mul_mq_rotate_awq grid=[68, 4096, 1]
[census-k] gemm_mq4g256v2_residual_wmma_gfx12_bt8 grid=[320, 32, 1]
[census-k] fused_rmsnorm_mq_rotate_awq grid=[4096, 1, 1]
[census-k] gemm_qkvza_mq4g256v2_wmma_gfx12_bt8 grid=[1030, 32, 1]
[census-k] gdn_pre_batched_gfx1201 grid=[5248, 1, 1]
[census-k] gated_delta_net_q8_fast grid=[48, 32, 1]
[census-k] gated_delta_net_q8_fast grid=[48, 32, 1]
[census-k] gated_delta_net_q8_fast grid=[48, 32, 1]
[census-k] gated_delta_net_q8_fast grid=[48, 32, 1]
[census-k] gated_delta_net_q8_fast grid=[48, 32, 1]
[census-k] gated_delta_net_q8_fast grid=[48, 32, 1]
[census-k] gated_delta_net_q8_fast grid=[48, 32, 1]
[census-k] gated_delta_net_q8_fast grid=[48, 32, 1]
[census-k] gated_norm_f32 grid=[48, 4096, 1]
[census-k] gemm_mq4g256v2_residual_wmma_gfx12_bt8 grid=[320, 32, 1]
[census-k] fused_rmsnorm_mq_rotate_awq grid=[4096, 1, 1]
[census-k] gemm_gate_up_mq4g256v2_wmma_gfx12_bt8 grid=[2176, 32, 1]
[census-k] fused_silu_mul_mq_rotate_awq grid=[68, 4096, 1]
[census-k] gemm_mq4g256v2_residual_wmma_gfx12_bt8 grid=[320, 32, 1]
[census-k] fused_rmsnorm_mq_rotate_awq grid=[4096, 1, 1]
[census-k] gemm_qkv_mq4g256v2_wmma_gfx12 grid=[896, 256, 1]
[census-k] deinterleave_q_rmsnorm_f32_batched grid=[24, 4096, 1]
[census-k] rmsnorm_f32 grid=[16384, 1, 1]
[census-k] rope_partial_halfsplit_batched_f32 grid=[1, 4096, 1]
[census-k] kv_cache_write_fp8_e4m3_batched grid=[4, 512, 1]
[census-k] kv_cache_write_fp8_e4m3_batched grid=[4, 512, 1]
[census-k] attention_fp8_e4m3_fa2_q_preconvert_fp8_gfx1201 grid=[3072, 1, 1]
[census-k] attention_fp8_e4m3_fa2_gqa_gfx1201 grid=[64, 4, 1]
[census-k] kv_cache_write_fp8_e4m3_batched grid=[4, 512, 1]
[census-k] kv_cache_write_fp8_e4m3_batched grid=[4, 512, 1]
[census-k] attention_fp8_e4m3_fa2_q_preconvert_fp8_gfx1201 grid=[3072, 1, 1]
[census-k] attention_fp8_e4m3_fa2_gqa_gfx1201 grid=[64, 4, 1]
[census-k] kv_cache_write_fp8_e4m3_batched grid=[4, 512, 1]
[census-k] kv_cache_write_fp8_e4m3_batched grid=[4, 512, 1]
[census-k] attention_fp8_e4m3_fa2_q_preconvert_fp8_gfx1201 grid=[3072, 1, 1]
[census-k] attention_fp8_e4m3_fa2_gqa_gfx1201 grid=[64, 4, 1]
[census-k] kv_cache_write_fp8_e4m3_batched grid=[4, 512, 1]
[census-k] kv_cache_write_fp8_e4m3_batched grid=[4, 512, 1]
[census-k] attention_fp8_e4m3_fa2_q_preconvert_fp8_gfx1201 grid=[3072, 1, 1]
[census-k] attention_fp8_e4m3_fa2_gqa_gfx1201 grid=[64, 4, 1]
[census-k] kv_cache_write_fp8_e4m3_batched grid=[4, 512, 1]
[census-k] kv_cache_write_fp8_e4m3_batched grid=[4, 512, 1]
[census-k] attention_fp8_e4m3_fa2_q_preconvert_fp8_gfx1201 grid=[3072, 1, 1]
[census-k] attention_fp8_e4m3_fa2_gqa_gfx1201 grid=[64, 4, 1]
[census-k] kv_cache_write_fp8_e4m3_batched grid=[4, 512, 1]
[census-k] kv_cache_write_fp8_e4m3_batched grid=[4, 512, 1]
[census-k] attention_fp8_e4m3_fa2_q_preconvert_fp8_gfx1201 grid=[3072, 1, 1]
[census-k] attention_fp8_e4m3_fa2_gqa_gfx1201 grid=[64, 4, 1]
[census-k] kv_cache_write_fp8_e4m3_batched grid=[4, 512, 1]
[census-k] kv_cache_write_fp8_e4m3_batched grid=[4, 512, 1]
[census-k] attention_fp8_e4m3_fa2_q_preconvert_fp8_gfx1201 grid=[3072, 1, 1]
[census-k] attention_fp8_e4m3_fa2_gqa_gfx1201 grid=[64, 4, 1]
[census-k] kv_cache_write_fp8_e4m3_batched grid=[4, 512, 1]
[census-k] kv_cache_write_fp8_e4m3_batched grid=[4, 512, 1]
[census-k] attention_fp8_e4m3_fa2_q_preconvert_fp8_gfx1201 grid=[3072, 1, 1]
[census-k] attention_fp8_e4m3_fa2_gqa_gfx1201 grid=[64, 4, 1]
[census-k] sigmoid_mul_f32 grid=[98304, 1, 1]
[census-k] gemm_mq4g256v2_residual_wmma_gfx12_bt8 grid=[320, 32, 1]
[census-k] fused_rmsnorm_mq_rotate_awq grid=[4096, 1, 1]
[census-k] gemm_gate_up_mq4g256v2_wmma_gfx12_bt8 grid=[2176, 32, 1]
[census-k] fused_silu_mul_mq_rotate_awq grid=[68, 4096, 1]
[census-k] gemm_mq4g256v2_residual_wmma_gfx12_bt8 grid=[320, 32, 1]
[census-k] fused_rmsnorm_mq_rotate_awq grid=[4096, 1, 1]
[census-k] gemm_qkvza_mq4g256v2_wmma_gfx12_bt8 grid=[1030, 32, 1]
[census-k] gdn_pre_batched_gfx1201 grid=[5248, 1, 1]
[census-k] gated_delta_net_q8_fast grid=[48, 32, 1]
[census-k] gated_delta_net_q8_fast grid=[48, 32, 1]
[census-k] gated_delta_net_q8_fast grid=[48, 32, 1]
[census-k] gated_delta_net_q8_fast grid=[48, 32, 1]
[census-k] gated_delta_net_q8_fast grid=[48, 32, 1]
[census-k] gated_delta_net_q8_fast grid=[48, 32, 1]
[census-k] gated_delta_net_q8_fast grid=[48, 32, 1]
[census-k] gated_delta_net_q8_fast grid=[48, 32, 1]
[census-k] gated_norm_f32 grid=[48, 4096, 1]
[census-k] gemm_mq4g256v2_residual_wmma_gfx12_bt8 grid=[320, 32, 1]
[census-k] fused_rmsnorm_mq_rotate_awq grid=[4096, 1, 1]
[census-k] gemm_gate_up_mq4g256v2_wmma_gfx12_bt8 grid=[2176, 32, 1]
[census-k] fused_silu_mul_mq_rotate_awq grid=[68, 4096, 1]
[census-k] gemm_mq4g256v2_residual_wmma_gfx12_bt8 grid=[320, 32, 1]
[census-k] fused_rmsnorm_mq_rotate_awq grid=[4096, 1, 1]
[census-k] gemm_qkvza_mq4g256v2_wmma_gfx12_bt8 grid=[1030, 32, 1]
[census-k] gdn_pre_batched_gfx1201 grid=[5248, 1, 1]
[census-k] gated_delta_net_q8_fast grid=[48, 32, 1]
[census-k] gated_delta_net_q8_fast grid=[48, 32, 1]
[census-k] gated_delta_net_q8_fast grid=[48, 32, 1]
[census-k] gated_delta_net_q8_fast grid=[48, 32, 1]
[census-k] gated_delta_net_q8_fast grid=[48, 32, 1]
[census-k] gated_delta_net_q8_fast grid=[48, 32, 1]
[census-k] gated_delta_net_q8_fast grid=[48, 32, 1]
[census-k] gated_delta_net_q8_fast grid=[48, 32, 1]
[census-k] gated_norm_f32 grid=[48, 4096, 1]
[census-k] gemm_mq4g256v2_residual_wmma_gfx12_bt8 grid=[320, 32, 1]
[census-k] fused_rmsnorm_mq_rotate_awq grid=[4096, 1, 1]
[census-k] gemm_gate_up_mq4g256v2_wmma_gfx12_bt8 grid=[2176, 32, 1]
[census-k] fused_silu_mul_mq_rotate_awq grid=[68, 4096, 1]
[census-k] gemm_mq4g256v2_residual_wmma_gfx12_bt8 grid=[320, 32, 1]
[census-k] fused_rmsnorm_mq_rotate_awq grid=[4096, 1, 1]
[census-k] gemm_qkvza_mq4g256v2_wmma_gfx12_bt8 grid=[1030, 32, 1]
[census-k] gdn_pre_batched_gfx1201 grid=[5248, 1, 1]
[census-k] gated_delta_net_q8_fast grid=[48, 32, 1]
[census-k] gated_delta_net_q8_fast grid=[48, 32, 1]
[census-k] gated_delta_net_q8_fast grid=[48, 32, 1]
[census-k] gated_delta_net_q8_fast grid=[48, 32, 1]
[census-k] gated_delta_net_q8_fast grid=[48, 32, 1]
[census-k] gated_delta_net_q8_fast grid=[48, 32, 1]
[census-k] gated_delta_net_q8_fast grid=[48, 32, 1]
[census-k] gated_delta_net_q8_fast grid=[48, 32, 1]
[census-k] gated_norm_f32 grid=[48, 4096, 1]
[census-k] gemm_mq4g256v2_residual_wmma_gfx12_bt8 grid=[320, 32, 1]
[census-k] fused_rmsnorm_mq_rotate_awq grid=[4096, 1, 1]
[census-k] gemm_gate_up_mq4g256v2_wmma_gfx12_bt8 grid=[2176, 32, 1]
[census-k] fused_silu_mul_mq_rotate_awq grid=[68, 4096, 1]
[census-k] gemm_mq4g256v2_residual_wmma_gfx12_bt8 grid=[320, 32, 1]
[census-k] fused_rmsnorm_mq_rotate_awq grid=[4096, 1, 1]
[census-k] gemm_qkv_mq4g256v2_wmma_gfx12 grid=[896, 256, 1]
[census-k] deinterleave_q_rmsnorm_f32_batched grid=[24, 4096, 1]
[census-k] rmsnorm_f32 grid=[16384, 1, 1]
[census-k] rope_partial_halfsplit_batched_f32 grid=[1, 4096, 1]
[census-k] kv_cache_write_fp8_e4m3_batched grid=[4, 512, 1]
[census-k] kv_cache_write_fp8_e4m3_batched grid=[4, 512, 1]
[census-k] attention_fp8_e4m3_fa2_q_preconvert_fp8_gfx1201 grid=[3072, 1, 1]
[census-k] attention_fp8_e4m3_fa2_gqa_gfx1201 grid=[64, 4, 1]
[census-k] kv_cache_write_fp8_e4m3_batched grid=[4, 512, 1]
[census-k] kv_cache_write_fp8_e4m3_batched grid=[4, 512, 1]
[census-k] attention_fp8_e4m3_fa2_q_preconvert_fp8_gfx1201 grid=[3072, 1, 1]
[census-k] attention_fp8_e4m3_fa2_gqa_gfx1201 grid=[64, 4, 1]
[census-k] kv_cache_write_fp8_e4m3_batched grid=[4, 512, 1]
[census-k] kv_cache_write_fp8_e4m3_batched grid=[4, 512, 1]
[census-k] attention_fp8_e4m3_fa2_q_preconvert_fp8_gfx1201 grid=[3072, 1, 1]
[census-k] attention_fp8_e4m3_fa2_gqa_gfx1201 grid=[64, 4, 1]
[census-k] kv_cache_write_fp8_e4m3_batched grid=[4, 512, 1]
[census-k] kv_cache_write_fp8_e4m3_batched grid=[4, 512, 1]
[census-k] attention_fp8_e4m3_fa2_q_preconvert_fp8_gfx1201 grid=[3072, 1, 1]
[census-k] attention_fp8_e4m3_fa2_gqa_gfx1201 grid=[64, 4, 1]
[census-k] kv_cache_write_fp8_e4m3_batched grid=[4, 512, 1]
[census-k] kv_cache_write_fp8_e4m3_batched grid=[4, 512, 1]
[census-k] attention_fp8_e4m3_fa2_q_preconvert_fp8_gfx1201 grid=[3072, 1, 1]
[census-k] attention_fp8_e4m3_fa2_gqa_gfx1201 grid=[64, 4, 1]
[census-k] kv_cache_write_fp8_e4m3_batched grid=[4, 512, 1]
[census-k] kv_cache_write_fp8_e4m3_batched grid=[4, 512, 1]
[census-k] attention_fp8_e4m3_fa2_q_preconvert_fp8_gfx1201 grid=[3072, 1, 1]
[census-k] attention_fp8_e4m3_fa2_gqa_gfx1201 grid=[64, 4, 1]
[census-k] kv_cache_write_fp8_e4m3_batched grid=[4, 512, 1]
[census-k] kv_cache_write_fp8_e4m3_batched grid=[4, 512, 1]
[census-k] attention_fp8_e4m3_fa2_q_preconvert_fp8_gfx1201 grid=[3072, 1, 1]
[census-k] attention_fp8_e4m3_fa2_gqa_gfx1201 grid=[64, 4, 1]
[census-k] kv_cache_write_fp8_e4m3_batched grid=[4, 512, 1]
[census-k] kv_cache_write_fp8_e4m3_batched grid=[4, 512, 1]
[census-k] attention_fp8_e4m3_fa2_q_preconvert_fp8_gfx1201 grid=[3072, 1, 1]
[census-k] attention_fp8_e4m3_fa2_gqa_gfx1201 grid=[64, 4, 1]
[census-k] sigmoid_mul_f32 grid=[98304, 1, 1]
[census-k] gemm_mq4g256v2_residual_wmma_gfx12_bt8 grid=[320, 32, 1]
[census-k] fused_rmsnorm_mq_rotate_awq grid=[4096, 1, 1]
[census-k] gemm_gate_up_mq4g256v2_wmma_gfx12_bt8 grid=[2176, 32, 1]
[census-k] fused_silu_mul_mq_rotate_awq grid=[68, 4096, 1]
[census-k] gemm_mq4g256v2_residual_wmma_gfx12_bt8 grid=[320, 32, 1]
[census-k] fused_rmsnorm_mq_rotate_awq grid=[4096, 1, 1]
[census-k] gemm_qkvza_mq4g256v2_wmma_gfx12_bt8 grid=[1030, 32, 1]
[census-k] gdn_pre_batched_gfx1201 grid=[5248, 1, 1]
[census-k] gated_delta_net_q8_fast grid=[48, 32, 1]
[census-k] gated_delta_net_q8_fast grid=[48, 32, 1]
[census-k] gated_delta_net_q8_fast grid=[48, 32, 1]
[census-k] gated_delta_net_q8_fast grid=[48, 32, 1]
[census-k] gated_delta_net_q8_fast grid=[48, 32, 1]
[census-k] gated_delta_net_q8_fast grid=[48, 32, 1]
[census-k] gated_delta_net_q8_fast grid=[48, 32, 1]
[census-k] gated_delta_net_q8_fast grid=[48, 32, 1]
[census-k] gated_norm_f32 grid=[48, 4096, 1]
[census-k] gemm_mq4g256v2_residual_wmma_gfx12_bt8 grid=[320, 32, 1]
[census-k] fused_rmsnorm_mq_rotate_awq grid=[4096, 1, 1]
[census-k] gemm_gate_up_mq4g256v2_wmma_gfx12_bt8 grid=[2176, 32, 1]
[census-k] fused_silu_mul_mq_rotate_awq grid=[68, 4096, 1]
[census-k] gemm_mq4g256v2_residual_wmma_gfx12_bt8 grid=[320, 32, 1]
[census-k] fused_rmsnorm_mq_rotate_awq grid=[4096, 1, 1]
[census-k] gemm_qkvza_mq4g256v2_wmma_gfx12_bt8 grid=[1030, 32, 1]
[census-k] gdn_pre_batched_gfx1201 grid=[5248, 1, 1]
[census-k] gated_delta_net_q8_fast grid=[48, 32, 1]
[census-k] gated_delta_net_q8_fast grid=[48, 32, 1]
[census-k] gated_delta_net_q8_fast grid=[48, 32, 1]
[census-k] gated_delta_net_q8_fast grid=[48, 32, 1]
[census-k] gated_delta_net_q8_fast grid=[48, 32, 1]
[census-k] gated_delta_net_q8_fast grid=[48, 32, 1]
[census-k] gated_delta_net_q8_fast grid=[48, 32, 1]
[census-k] gated_delta_net_q8_fast grid=[48, 32, 1]
[census-k] gated_norm_f32 grid=[48, 4096, 1]
[census-k] gemm_mq4g256v2_residual_wmma_gfx12_bt8 grid=[320, 32, 1]
[census-k] fused_rmsnorm_mq_rotate_awq grid=[4096, 1, 1]
[census-k] gemm_gate_up_mq4g256v2_wmma_gfx12_bt8 grid=[2176, 32, 1]
[census-k] fused_silu_mul_mq_rotate_awq grid=[68, 4096, 1]
[census-k] gemm_mq4g256v2_residual_wmma_gfx12_bt8 grid=[320, 32, 1]
[census-k] fused_rmsnorm_mq_rotate_awq grid=[4096, 1, 1]
[census-k] gemm_qkvza_mq4g256v2_wmma_gfx12_bt8 grid=[1030, 32, 1]
[census-k] gdn_pre_batched_gfx1201 grid=[5248, 1, 1]
[census-k] gated_delta_net_q8_fast grid=[48, 32, 1]
[census-k] gated_delta_net_q8_fast grid=[48, 32, 1]
[census-k] gated_delta_net_q8_fast grid=[48, 32, 1]
[census-k] gated_delta_net_q8_fast grid=[48, 32, 1]
[census-k] gated_delta_net_q8_fast grid=[48, 32, 1]
[census-k] gated_delta_net_q8_fast grid=[48, 32, 1]
[census-k] gated_delta_net_q8_fast grid=[48, 32, 1]
[census-k] gated_delta_net_q8_fast grid=[48, 32, 1]
[census-k] gated_norm_f32 grid=[48, 4096, 1]
[census-k] gemm_mq4g256v2_residual_wmma_gfx12_bt8 grid=[320, 32, 1]
[census-k] fused_rmsnorm_mq_rotate_awq grid=[4096, 1, 1]
[census-k] gemm_gate_up_mq4g256v2_wmma_gfx12_bt8 grid=[2176, 32, 1]
[census-k] fused_silu_mul_mq_rotate_awq grid=[68, 4096, 1]
[census-k] gemm_mq4g256v2_residual_wmma_gfx12_bt8 grid=[320, 32, 1]
[census-k] fused_rmsnorm_mq_rotate_awq grid=[4096, 1, 1]
[census-k] gemm_qkv_mq4g256v2_wmma_gfx12 grid=[896, 256, 1]
[census-k] deinterleave_q_rmsnorm_f32_batched grid=[24, 4096, 1]
[census-k] rmsnorm_f32 grid=[16384, 1, 1]
[census-k] rope_partial_halfsplit_batched_f32 grid=[1, 4096, 1]
[census-k] kv_cache_write_fp8_e4m3_batched grid=[4, 512, 1]
[census-k] kv_cache_write_fp8_e4m3_batched grid=[4, 512, 1]
[census-k] attention_fp8_e4m3_fa2_q_preconvert_fp8_gfx1201 grid=[3072, 1, 1]
[census-k] attention_fp8_e4m3_fa2_gqa_gfx1201 grid=[64, 4, 1]
[census-k] kv_cache_write_fp8_e4m3_batched grid=[4, 512, 1]
[census-k] kv_cache_write_fp8_e4m3_batched grid=[4, 512, 1]
[census-k] attention_fp8_e4m3_fa2_q_preconvert_fp8_gfx1201 grid=[3072, 1, 1]
[census-k] attention_fp8_e4m3_fa2_gqa_gfx1201 grid=[64, 4, 1]
[census-k] kv_cache_write_fp8_e4m3_batched grid=[4, 512, 1]
[census-k] kv_cache_write_fp8_e4m3_batched grid=[4, 512, 1]
[census-k] attention_fp8_e4m3_fa2_q_preconvert_fp8_gfx1201 grid=[3072, 1, 1]
[census-k] attention_fp8_e4m3_fa2_gqa_gfx1201 grid=[64, 4, 1]
[census-k] kv_cache_write_fp8_e4m3_batched grid=[4, 512, 1]
[census-k] kv_cache_write_fp8_e4m3_batched grid=[4, 512, 1]
[census-k] attention_fp8_e4m3_fa2_q_preconvert_fp8_gfx1201 grid=[3072, 1, 1]
[census-k] attention_fp8_e4m3_fa2_gqa_gfx1201 grid=[64, 4, 1]
[census-k] kv_cache_write_fp8_e4m3_batched grid=[4, 512, 1]
[census-k] kv_cache_write_fp8_e4m3_batched grid=[4, 512, 1]
[census-k] attention_fp8_e4m3_fa2_q_preconvert_fp8_gfx1201 grid=[3072, 1, 1]
[census-k] attention_fp8_e4m3_fa2_gqa_gfx1201 grid=[64, 4, 1]
[census-k] kv_cache_write_fp8_e4m3_batched grid=[4, 512, 1]
[census-k] kv_cache_write_fp8_e4m3_batched grid=[4, 512, 1]
[census-k] attention_fp8_e4m3_fa2_q_preconvert_fp8_gfx1201 grid=[3072, 1, 1]
[census-k] attention_fp8_e4m3_fa2_gqa_gfx1201 grid=[64, 4, 1]
[census-k] kv_cache_write_fp8_e4m3_batched grid=[4, 512, 1]
[census-k] kv_cache_write_fp8_e4m3_batched grid=[4, 512, 1]
[census-k] attention_fp8_e4m3_fa2_q_preconvert_fp8_gfx1201 grid=[3072, 1, 1]
[census-k] attention_fp8_e4m3_fa2_gqa_gfx1201 grid=[64, 4, 1]
[census-k] kv_cache_write_fp8_e4m3_batched grid=[4, 512, 1]
[census-k] kv_cache_write_fp8_e4m3_batched grid=[4, 512, 1]
[census-k] attention_fp8_e4m3_fa2_q_preconvert_fp8_gfx1201 grid=[3072, 1, 1]
[census-k] attention_fp8_e4m3_fa2_gqa_gfx1201 grid=[64, 4, 1]
[census-k] sigmoid_mul_f32 grid=[98304, 1, 1]
[census-k] gemm_mq4g256v2_residual_wmma_gfx12_bt8 grid=[320, 32, 1]
[census-k] fused_rmsnorm_mq_rotate_awq grid=[4096, 1, 1]
[census-k] gemm_gate_up_mq4g256v2_wmma_gfx12_bt8 grid=[2176, 32, 1]
[census-k] fused_silu_mul_mq_rotate_awq grid=[68, 4096, 1]
[census-k] gemm_mq4g256v2_residual_wmma_gfx12_bt8 grid=[320, 32, 1]
[census-k] fused_rmsnorm_mq_rotate_awq grid=[4096, 1, 1]
[census-k] gemm_qkvza_mq4g256v2_wmma_gfx12_bt8 grid=[1030, 32, 1]
[census-k] gdn_pre_batched_gfx1201 grid=[5248, 1, 1]
[census-k] gated_delta_net_q8_fast grid=[48, 32, 1]
[census-k] gated_delta_net_q8_fast grid=[48, 32, 1]
[census-k] gated_delta_net_q8_fast grid=[48, 32, 1]
[census-k] gated_delta_net_q8_fast grid=[48, 32, 1]
[census-k] gated_delta_net_q8_fast grid=[48, 32, 1]
[census-k] gated_delta_net_q8_fast grid=[48, 32, 1]
[census-k] gated_delta_net_q8_fast grid=[48, 32, 1]
[census-k] gated_delta_net_q8_fast grid=[48, 32, 1]
[census-k] gated_norm_f32 grid=[48, 4096, 1]
[census-k] gemm_mq4g256v2_residual_wmma_gfx12_bt8 grid=[320, 32, 1]
[census-k] fused_rmsnorm_mq_rotate_awq grid=[4096, 1, 1]
[census-k] gemm_gate_up_mq4g256v2_wmma_gfx12_bt8 grid=[2176, 32, 1]
[census-k] fused_silu_mul_mq_rotate_awq grid=[68, 4096, 1]
[census-k] gemm_mq4g256v2_residual_wmma_gfx12_bt8 grid=[320, 32, 1]
[census-k] fused_rmsnorm_mq_rotate_awq grid=[4096, 1, 1]
[census-k] gemm_qkvza_mq4g256v2_wmma_gfx12_bt8 grid=[1030, 32, 1]
[census-k] gdn_pre_batched_gfx1201 grid=[5248, 1, 1]
[census-k] gated_delta_net_q8_fast grid=[48, 32, 1]
[census-k] gated_delta_net_q8_fast grid=[48, 32, 1]
[census-k] gated_delta_net_q8_fast grid=[48, 32, 1]
[census-k] gated_delta_net_q8_fast grid=[48, 32, 1]
[census-k] gated_delta_net_q8_fast grid=[48, 32, 1]
[census-k] gated_delta_net_q8_fast grid=[48, 32, 1]
[census-k] gated_delta_net_q8_fast grid=[48, 32, 1]
[census-k] gated_delta_net_q8_fast grid=[48, 32, 1]
[census-k] gated_norm_f32 grid=[48, 4096, 1]
[census-k] gemm_mq4g256v2_residual_wmma_gfx12_bt8 grid=[320, 32, 1]
[census-k] fused_rmsnorm_mq_rotate_awq grid=[4096, 1, 1]
[census-k] gemm_gate_up_mq4g256v2_wmma_gfx12_bt8 grid=[2176, 32, 1]
[census-k] fused_silu_mul_mq_rotate_awq grid=[68, 4096, 1]
[census-k] gemm_mq4g256v2_residual_wmma_gfx12_bt8 grid=[320, 32, 1]
[census-k] fused_rmsnorm_mq_rotate_awq grid=[4096, 1, 1]
[census-k] gemm_qkvza_mq4g256v2_wmma_gfx12_bt8 grid=[1030, 32, 1]
[census-k] gdn_pre_batched_gfx1201 grid=[5248, 1, 1]
[census-k] gated_delta_net_q8_fast grid=[48, 32, 1]
[census-k] gated_delta_net_q8_fast grid=[48, 32, 1]
[census-k] gated_delta_net_q8_fast grid=[48, 32, 1]
[census-k] gated_delta_net_q8_fast grid=[48, 32, 1]
[census-k] gated_delta_net_q8_fast grid=[48, 32, 1]
[census-k] gated_delta_net_q8_fast grid=[48, 32, 1]
[census-k] gated_delta_net_q8_fast grid=[48, 32, 1]
[census-k] gated_delta_net_q8_fast grid=[48, 32, 1]
[census-k] gated_norm_f32 grid=[48, 4096, 1]
[census-k] gemm_mq4g256v2_residual_wmma_gfx12_bt8 grid=[320, 32, 1]
[census-k] fused_rmsnorm_mq_rotate_awq grid=[4096, 1, 1]
[census-k] gemm_gate_up_mq4g256v2_wmma_gfx12_bt8 grid=[2176, 32, 1]
[census-k] fused_silu_mul_mq_rotate_awq grid=[68, 4096, 1]
[census-k] gemm_mq4g256v2_residual_wmma_gfx12_bt8 grid=[320, 32, 1]
[census-k] fused_rmsnorm_mq_rotate_awq grid=[4096, 1, 1]
[census-k] gemm_qkv_mq4g256v2_wmma_gfx12 grid=[896, 256, 1]
[census-k] deinterleave_q_rmsnorm_f32_batched grid=[24, 4096, 1]
[census-k] rmsnorm_f32 grid=[16384, 1, 1]
[census-k] rope_partial_halfsplit_batched_f32 grid=[1, 4096, 1]
[census-k] kv_cache_write_fp8_e4m3_batched grid=[4, 512, 1]
[census-k] kv_cache_write_fp8_e4m3_batched grid=[4, 512, 1]
[census-k] attention_fp8_e4m3_fa2_q_preconvert_fp8_gfx1201 grid=[3072, 1, 1]
[census-k] attention_fp8_e4m3_fa2_gqa_gfx1201 grid=[64, 4, 1]
[census-k] kv_cache_write_fp8_e4m3_batched grid=[4, 512, 1]
[census-k] kv_cache_write_fp8_e4m3_batched grid=[4, 512, 1]
[census-k] attention_fp8_e4m3_fa2_q_preconvert_fp8_gfx1201 grid=[3072, 1, 1]
[census-k] attention_fp8_e4m3_fa2_gqa_gfx1201 grid=[64, 4, 1]
[census-k] kv_cache_write_fp8_e4m3_batched grid=[4, 512, 1]
[census-k] kv_cache_write_fp8_e4m3_batched grid=[4, 512, 1]
[census-k] attention_fp8_e4m3_fa2_q_preconvert_fp8_gfx1201 grid=[3072, 1, 1]
[census-k] attention_fp8_e4m3_fa2_gqa_gfx1201 grid=[64, 4, 1]
[census-k] kv_cache_write_fp8_e4m3_batched grid=[4, 512, 1]
[census-k] kv_cache_write_fp8_e4m3_batched grid=[4, 512, 1]
[census-k] attention_fp8_e4m3_fa2_q_preconvert_fp8_gfx1201 grid=[3072, 1, 1]
[census-k] attention_fp8_e4m3_fa2_gqa_gfx1201 grid=[64, 4, 1]
[census-k] kv_cache_write_fp8_e4m3_batched grid=[4, 512, 1]
[census-k] kv_cache_write_fp8_e4m3_batched grid=[4, 512, 1]
[census-k] attention_fp8_e4m3_fa2_q_preconvert_fp8_gfx1201 grid=[3072, 1, 1]
[census-k] attention_fp8_e4m3_fa2_gqa_gfx1201 grid=[64, 4, 1]
[census-k] kv_cache_write_fp8_e4m3_batched grid=[4, 512, 1]
[census-k] kv_cache_write_fp8_e4m3_batched grid=[4, 512, 1]
[census-k] attention_fp8_e4m3_fa2_q_preconvert_fp8_gfx1201 grid=[3072, 1, 1]
[census-k] attention_fp8_e4m3_fa2_gqa_gfx1201 grid=[64, 4, 1]
[census-k] kv_cache_write_fp8_e4m3_batched grid=[4, 512, 1]
[census-k] kv_cache_write_fp8_e4m3_batched grid=[4, 512, 1]
[census-k] attention_fp8_e4m3_fa2_q_preconvert_fp8_gfx1201 grid=[3072, 1, 1]
[census-k] attention_fp8_e4m3_fa2_gqa_gfx1201 grid=[64, 4, 1]
[census-k] kv_cache_write_fp8_e4m3_batched grid=[4, 512, 1]
[census-k] kv_cache_write_fp8_e4m3_batched grid=[4, 512, 1]
[census-k] attention_fp8_e4m3_fa2_q_preconvert_fp8_gfx1201 grid=[3072, 1, 1]
[census-k] attention_fp8_e4m3_fa2_gqa_gfx1201 grid=[64, 4, 1]
[census-k] sigmoid_mul_f32 grid=[98304, 1, 1]
[census-k] gemm_mq4g256v2_residual_wmma_gfx12_bt8 grid=[320, 32, 1]
[census-k] fused_rmsnorm_mq_rotate_awq grid=[4096, 1, 1]
[census-k] gemm_gate_up_mq4g256v2_wmma_gfx12_bt8 grid=[2176, 32, 1]
[census-k] fused_silu_mul_mq_rotate_awq grid=[68, 4096, 1]
[census-k] gemm_mq4g256v2_residual_wmma_gfx12_bt8 grid=[320, 32, 1]
[census-k] fused_rmsnorm_mq_rotate_awq grid=[4096, 1, 1]
[census-k] gemm_qkvza_mq4g256v2_wmma_gfx12_bt8 grid=[1030, 32, 1]
[census-k] gdn_pre_batched_gfx1201 grid=[5248, 1, 1]
[census-k] gated_delta_net_q8_fast grid=[48, 32, 1]
[census-k] gated_delta_net_q8_fast grid=[48, 32, 1]
[census-k] gated_delta_net_q8_fast grid=[48, 32, 1]
[census-k] gated_delta_net_q8_fast grid=[48, 32, 1]
[census-k] gated_delta_net_q8_fast grid=[48, 32, 1]
[census-k] gated_delta_net_q8_fast grid=[48, 32, 1]
[census-k] gated_delta_net_q8_fast grid=[48, 32, 1]
[census-k] gated_delta_net_q8_fast grid=[48, 32, 1]
[census-k] gated_norm_f32 grid=[48, 4096, 1]
[census-k] gemm_mq4g256v2_residual_wmma_gfx12_bt8 grid=[320, 32, 1]
[census-k] fused_rmsnorm_mq_rotate_awq grid=[4096, 1, 1]
[census-k] gemm_gate_up_mq4g256v2_wmma_gfx12_bt8 grid=[2176, 32, 1]
[census-k] fused_silu_mul_mq_rotate_awq grid=[68, 4096, 1]
[census-k] gemm_mq4g256v2_residual_wmma_gfx12_bt8 grid=[320, 32, 1]
[census-k] fused_rmsnorm_mq_rotate_awq grid=[4096, 1, 1]
[census-k] gemm_qkvza_mq4g256v2_wmma_gfx12_bt8 grid=[1030, 32, 1]
[census-k] gdn_pre_batched_gfx1201 grid=[5248, 1, 1]
[census-k] gated_delta_net_q8_fast grid=[48, 32, 1]
[census-k] gated_delta_net_q8_fast grid=[48, 32, 1]
[census-k] gated_delta_net_q8_fast grid=[48, 32, 1]
[census-k] gated_delta_net_q8_fast grid=[48, 32, 1]
[census-k] gated_delta_net_q8_fast grid=[48, 32, 1]
[census-k] gated_delta_net_q8_fast grid=[48, 32, 1]
[census-k] gated_delta_net_q8_fast grid=[48, 32, 1]
[census-k] gated_delta_net_q8_fast grid=[48, 32, 1]
[census-k] gated_norm_f32 grid=[48, 4096, 1]
[census-k] gemm_mq4g256v2_residual_wmma_gfx12_bt8 grid=[320, 32, 1]
[census-k] fused_rmsnorm_mq_rotate_awq grid=[4096, 1, 1]
[census-k] gemm_gate_up_mq4g256v2_wmma_gfx12_bt8 grid=[2176, 32, 1]
[census-k] fused_silu_mul_mq_rotate_awq grid=[68, 4096, 1]
[census-k] gemm_mq4g256v2_residual_wmma_gfx12_bt8 grid=[320, 32, 1]
[census-k] fused_rmsnorm_mq_rotate_awq grid=[4096, 1, 1]
[census-k] gemm_qkvza_mq4g256v2_wmma_gfx12_bt8 grid=[1030, 32, 1]
[census-k] gdn_pre_batched_gfx1201 grid=[5248, 1, 1]
[census-k] gated_delta_net_q8_fast grid=[48, 32, 1]
[census-k] gated_delta_net_q8_fast grid=[48, 32, 1]
[census-k] gated_delta_net_q8_fast grid=[48, 32, 1]
[census-k] gated_delta_net_q8_fast grid=[48, 32, 1]
[census-k] gated_delta_net_q8_fast grid=[48, 32, 1]
[census-k] gated_delta_net_q8_fast grid=[48, 32, 1]
[census-k] gated_delta_net_q8_fast grid=[48, 32, 1]
[census-k] gated_delta_net_q8_fast grid=[48, 32, 1]
[census-k] gated_norm_f32 grid=[48, 4096, 1]
[census-k] gemm_mq4g256v2_residual_wmma_gfx12_bt8 grid=[320, 32, 1]
[census-k] fused_rmsnorm_mq_rotate_awq grid=[4096, 1, 1]
[census-k] gemm_gate_up_mq4g256v2_wmma_gfx12_bt8 grid=[2176, 32, 1]
[census-k] fused_silu_mul_mq_rotate_awq grid=[68, 4096, 1]
[census-k] gemm_mq4g256v2_residual_wmma_gfx12_bt8 grid=[320, 32, 1]
[census-k] fused_rmsnorm_mq_rotate_awq grid=[4096, 1, 1]
[census-k] gemm_qkv_mq4g256v2_wmma_gfx12 grid=[896, 256, 1]
[census-k] deinterleave_q_rmsnorm_f32_batched grid=[24, 4096, 1]
[census-k] rmsnorm_f32 grid=[16384, 1, 1]
[census-k] rope_partial_halfsplit_batched_f32 grid=[1, 4096, 1]
[census-k] kv_cache_write_fp8_e4m3_batched grid=[4, 512, 1]
[census-k] kv_cache_write_fp8_e4m3_batched grid=[4, 512, 1]
[census-k] attention_fp8_e4m3_fa2_q_preconvert_fp8_gfx1201 grid=[3072, 1, 1]
[census-k] attention_fp8_e4m3_fa2_gqa_gfx1201 grid=[64, 4, 1]
[census-k] kv_cache_write_fp8_e4m3_batched grid=[4, 512, 1]
[census-k] kv_cache_write_fp8_e4m3_batched grid=[4, 512, 1]
[census-k] attention_fp8_e4m3_fa2_q_preconvert_fp8_gfx1201 grid=[3072, 1, 1]
[census-k] attention_fp8_e4m3_fa2_gqa_gfx1201 grid=[64, 4, 1]
[census-k] kv_cache_write_fp8_e4m3_batched grid=[4, 512, 1]
[census-k] kv_cache_write_fp8_e4m3_batched grid=[4, 512, 1]
[census-k] attention_fp8_e4m3_fa2_q_preconvert_fp8_gfx1201 grid=[3072, 1, 1]
[census-k] attention_fp8_e4m3_fa2_gqa_gfx1201 grid=[64, 4, 1]
[census-k] kv_cache_write_fp8_e4m3_batched grid=[4, 512, 1]
[census-k] kv_cache_write_fp8_e4m3_batched grid=[4, 512, 1]
[census-k] attention_fp8_e4m3_fa2_q_preconvert_fp8_gfx1201 grid=[3072, 1, 1]
[census-k] attention_fp8_e4m3_fa2_gqa_gfx1201 grid=[64, 4, 1]
[census-k] kv_cache_write_fp8_e4m3_batched grid=[4, 512, 1]
[census-k] kv_cache_write_fp8_e4m3_batched grid=[4, 512, 1]
[census-k] attention_fp8_e4m3_fa2_q_preconvert_fp8_gfx1201 grid=[3072, 1, 1]
[census-k] attention_fp8_e4m3_fa2_gqa_gfx1201 grid=[64, 4, 1]
[census-k] kv_cache_write_fp8_e4m3_batched grid=[4, 512, 1]
[census-k] kv_cache_write_fp8_e4m3_batched grid=[4, 512, 1]
[census-k] attention_fp8_e4m3_fa2_q_preconvert_fp8_gfx1201 grid=[3072, 1, 1]
[census-k] attention_fp8_e4m3_fa2_gqa_gfx1201 grid=[64, 4, 1]
[census-k] kv_cache_write_fp8_e4m3_batched grid=[4, 512, 1]
[census-k] kv_cache_write_fp8_e4m3_batched grid=[4, 512, 1]
[census-k] attention_fp8_e4m3_fa2_q_preconvert_fp8_gfx1201 grid=[3072, 1, 1]
[census-k] attention_fp8_e4m3_fa2_gqa_gfx1201 grid=[64, 4, 1]
[census-k] kv_cache_write_fp8_e4m3_batched grid=[4, 512, 1]
[census-k] kv_cache_write_fp8_e4m3_batched grid=[4, 512, 1]
[census-k] attention_fp8_e4m3_fa2_q_preconvert_fp8_gfx1201 grid=[3072, 1, 1]
[census-k] attention_fp8_e4m3_fa2_gqa_gfx1201 grid=[64, 4, 1]
[census-k] sigmoid_mul_f32 grid=[98304, 1, 1]
[census-k] gemm_mq4g256v2_residual_wmma_gfx12_bt8 grid=[320, 32, 1]
[census-k] fused_rmsnorm_mq_rotate_awq grid=[4096, 1, 1]
[census-k] gemm_gate_up_mq4g256v2_wmma_gfx12_bt8 grid=[2176, 32, 1]
[census-k] fused_silu_mul_mq_rotate_awq grid=[68, 4096, 1]
[census-k] gemm_mq4g256v2_residual_wmma_gfx12_bt8 grid=[320, 32, 1]
[census-k] fused_rmsnorm_mq_rotate_awq grid=[4096, 1, 1]
[census-k] gemm_qkvza_mq4g256v2_wmma_gfx12_bt8 grid=[1030, 32, 1]
[census-k] gdn_pre_batched_gfx1201 grid=[5248, 1, 1]
[census-k] gated_delta_net_q8_fast grid=[48, 32, 1]
[census-k] gated_delta_net_q8_fast grid=[48, 32, 1]
[census-k] gated_delta_net_q8_fast grid=[48, 32, 1]
[census-k] gated_delta_net_q8_fast grid=[48, 32, 1]
[census-k] gated_delta_net_q8_fast grid=[48, 32, 1]
[census-k] gated_delta_net_q8_fast grid=[48, 32, 1]
[census-k] gated_delta_net_q8_fast grid=[48, 32, 1]
[census-k] gated_delta_net_q8_fast grid=[48, 32, 1]
[census-k] gated_norm_f32 grid=[48, 4096, 1]
[census-k] gemm_mq4g256v2_residual_wmma_gfx12_bt8 grid=[320, 32, 1]
[census-k] fused_rmsnorm_mq_rotate_awq grid=[4096, 1, 1]
[census-k] gemm_gate_up_mq4g256v2_wmma_gfx12_bt8 grid=[2176, 32, 1]
[census-k] fused_silu_mul_mq_rotate_awq grid=[68, 4096, 1]
[census-k] gemm_mq4g256v2_residual_wmma_gfx12_bt8 grid=[320, 32, 1]
[census-k] fused_rmsnorm_mq_rotate_awq grid=[4096, 1, 1]
[census-k] gemm_qkvza_mq4g256v2_wmma_gfx12_bt8 grid=[1030, 32, 1]
[census-k] gdn_pre_batched_gfx1201 grid=[5248, 1, 1]
[census-k] gated_delta_net_q8_fast grid=[48, 32, 1]
[census-k] gated_delta_net_q8_fast grid=[48, 32, 1]
[census-k] gated_delta_net_q8_fast grid=[48, 32, 1]
[census-k] gated_delta_net_q8_fast grid=[48, 32, 1]
[census-k] gated_delta_net_q8_fast grid=[48, 32, 1]
[census-k] gated_delta_net_q8_fast grid=[48, 32, 1]
[census-k] gated_delta_net_q8_fast grid=[48, 32, 1]
[census-k] gated_delta_net_q8_fast grid=[48, 32, 1]
[census-k] gated_norm_f32 grid=[48, 4096, 1]
[census-k] gemm_mq4g256v2_residual_wmma_gfx12_bt8 grid=[320, 32, 1]
[census-k] fused_rmsnorm_mq_rotate_awq grid=[4096, 1, 1]
[census-k] gemm_gate_up_mq4g256v2_wmma_gfx12_bt8 grid=[2176, 32, 1]
[census-k] fused_silu_mul_mq_rotate_awq grid=[68, 4096, 1]
[census-k] gemm_mq4g256v2_residual_wmma_gfx12_bt8 grid=[320, 32, 1]
[census-k] fused_rmsnorm_mq_rotate_awq grid=[4096, 1, 1]
[census-k] gemm_qkvza_mq4g256v2_wmma_gfx12_bt8 grid=[1030, 32, 1]
[census-k] gdn_pre_batched_gfx1201 grid=[5248, 1, 1]
[census-k] gated_delta_net_q8_fast grid=[48, 32, 1]
[census-k] gated_delta_net_q8_fast grid=[48, 32, 1]
[census-k] gated_delta_net_q8_fast grid=[48, 32, 1]
[census-k] gated_delta_net_q8_fast grid=[48, 32, 1]
[census-k] gated_delta_net_q8_fast grid=[48, 32, 1]
[census-k] gated_delta_net_q8_fast grid=[48, 32, 1]
[census-k] gated_delta_net_q8_fast grid=[48, 32, 1]
[census-k] gated_delta_net_q8_fast grid=[48, 32, 1]
[census-k] gated_norm_f32 grid=[48, 4096, 1]
[census-k] gemm_mq4g256v2_residual_wmma_gfx12_bt8 grid=[320, 32, 1]
[census-k] fused_rmsnorm_mq_rotate_awq grid=[4096, 1, 1]
[census-k] gemm_gate_up_mq4g256v2_wmma_gfx12_bt8 grid=[2176, 32, 1]
[census-k] fused_silu_mul_mq_rotate_awq grid=[68, 4096, 1]
[census-k] gemm_mq4g256v2_residual_wmma_gfx12_bt8 grid=[320, 32, 1]
[census-k] fused_rmsnorm_mq_rotate_awq grid=[4096, 1, 1]
[census-k] gemm_qkv_mq4g256v2_wmma_gfx12 grid=[896, 256, 1]
[census-k] deinterleave_q_rmsnorm_f32_batched grid=[24, 4096, 1]
[census-k] rmsnorm_f32 grid=[16384, 1, 1]
[census-k] rope_partial_halfsplit_batched_f32 grid=[1, 4096, 1]
[census-k] kv_cache_write_fp8_e4m3_batched grid=[4, 512, 1]
[census-k] kv_cache_write_fp8_e4m3_batched grid=[4, 512, 1]
[census-k] attention_fp8_e4m3_fa2_q_preconvert_fp8_gfx1201 grid=[3072, 1, 1]
[census-k] attention_fp8_e4m3_fa2_gqa_gfx1201 grid=[64, 4, 1]
[census-k] kv_cache_write_fp8_e4m3_batched grid=[4, 512, 1]
[census-k] kv_cache_write_fp8_e4m3_batched grid=[4, 512, 1]
[census-k] attention_fp8_e4m3_fa2_q_preconvert_fp8_gfx1201 grid=[3072, 1, 1]
[census-k] attention_fp8_e4m3_fa2_gqa_gfx1201 grid=[64, 4, 1]
[census-k] kv_cache_write_fp8_e4m3_batched grid=[4, 512, 1]
[census-k] kv_cache_write_fp8_e4m3_batched grid=[4, 512, 1]
[census-k] attention_fp8_e4m3_fa2_q_preconvert_fp8_gfx1201 grid=[3072, 1, 1]
[census-k] attention_fp8_e4m3_fa2_gqa_gfx1201 grid=[64, 4, 1]
[census-k] kv_cache_write_fp8_e4m3_batched grid=[4, 512, 1]
[census-k] kv_cache_write_fp8_e4m3_batched grid=[4, 512, 1]
[census-k] attention_fp8_e4m3_fa2_q_preconvert_fp8_gfx1201 grid=[3072, 1, 1]
[census-k] attention_fp8_e4m3_fa2_gqa_gfx1201 grid=[64, 4, 1]
[census-k] kv_cache_write_fp8_e4m3_batched grid=[4, 512, 1]
[census-k] kv_cache_write_fp8_e4m3_batched grid=[4, 512, 1]
[census-k] attention_fp8_e4m3_fa2_q_preconvert_fp8_gfx1201 grid=[3072, 1, 1]
[census-k] attention_fp8_e4m3_fa2_gqa_gfx1201 grid=[64, 4, 1]
[census-k] kv_cache_write_fp8_e4m3_batched grid=[4, 512, 1]
[census-k] kv_cache_write_fp8_e4m3_batched grid=[4, 512, 1]
[census-k] attention_fp8_e4m3_fa2_q_preconvert_fp8_gfx1201 grid=[3072, 1, 1]
[census-k] attention_fp8_e4m3_fa2_gqa_gfx1201 grid=[64, 4, 1]
[census-k] kv_cache_write_fp8_e4m3_batched grid=[4, 512, 1]
[census-k] kv_cache_write_fp8_e4m3_batched grid=[4, 512, 1]
[census-k] attention_fp8_e4m3_fa2_q_preconvert_fp8_gfx1201 grid=[3072, 1, 1]
[census-k] attention_fp8_e4m3_fa2_gqa_gfx1201 grid=[64, 4, 1]
[census-k] kv_cache_write_fp8_e4m3_batched grid=[4, 512, 1]
[census-k] kv_cache_write_fp8_e4m3_batched grid=[4, 512, 1]
[census-k] attention_fp8_e4m3_fa2_q_preconvert_fp8_gfx1201 grid=[3072, 1, 1]
[census-k] attention_fp8_e4m3_fa2_gqa_gfx1201 grid=[64, 4, 1]
[census-k] sigmoid_mul_f32 grid=[98304, 1, 1]
[census-k] gemm_mq4g256v2_residual_wmma_gfx12_bt8 grid=[320, 32, 1]
[census-k] fused_rmsnorm_mq_rotate_awq grid=[4096, 1, 1]
[census-k] gemm_gate_up_mq4g256v2_wmma_gfx12_bt8 grid=[2176, 32, 1]
[census-k] fused_silu_mul_mq_rotate_awq grid=[68, 4096, 1]
[census-k] gemm_mq4g256v2_residual_wmma_gfx12_bt8 grid=[320, 32, 1]
[census-k] fused_rmsnorm_mq_rotate_awq grid=[4096, 1, 1]
[census-k] gemm_qkvza_mq4g256v2_wmma_gfx12_bt8 grid=[1030, 32, 1]
[census-k] gdn_pre_batched_gfx1201 grid=[5248, 1, 1]
[census-k] gated_delta_net_q8_fast grid=[48, 32, 1]
[census-k] gated_delta_net_q8_fast grid=[48, 32, 1]
[census-k] gated_delta_net_q8_fast grid=[48, 32, 1]
[census-k] gated_delta_net_q8_fast grid=[48, 32, 1]
[census-k] gated_delta_net_q8_fast grid=[48, 32, 1]
[census-k] gated_delta_net_q8_fast grid=[48, 32, 1]
[census-k] gated_delta_net_q8_fast grid=[48, 32, 1]
[census-k] gated_delta_net_q8_fast grid=[48, 32, 1]
[census-k] gated_norm_f32 grid=[48, 4096, 1]
[census-k] gemm_mq4g256v2_residual_wmma_gfx12_bt8 grid=[320, 32, 1]
[census-k] fused_rmsnorm_mq_rotate_awq grid=[4096, 1, 1]
[census-k] gemm_gate_up_mq4g256v2_wmma_gfx12_bt8 grid=[2176, 32, 1]
[census-k] fused_silu_mul_mq_rotate_awq grid=[68, 4096, 1]
[census-k] gemm_mq4g256v2_residual_wmma_gfx12_bt8 grid=[320, 32, 1]
[census-k] fused_rmsnorm_mq_rotate_awq grid=[4096, 1, 1]
[census-k] gemm_qkvza_mq4g256v2_wmma_gfx12_bt8 grid=[1030, 32, 1]
[census-k] gdn_pre_batched_gfx1201 grid=[5248, 1, 1]
[census-k] gated_delta_net_q8_fast grid=[48, 32, 1]
[census-k] gated_delta_net_q8_fast grid=[48, 32, 1]
[census-k] gated_delta_net_q8_fast grid=[48, 32, 1]
[census-k] gated_delta_net_q8_fast grid=[48, 32, 1]
[census-k] gated_delta_net_q8_fast grid=[48, 32, 1]
[census-k] gated_delta_net_q8_fast grid=[48, 32, 1]
[census-k] gated_delta_net_q8_fast grid=[48, 32, 1]
[census-k] gated_delta_net_q8_fast grid=[48, 32, 1]
[census-k] gated_norm_f32 grid=[48, 4096, 1]
[census-k] gemm_mq4g256v2_residual_wmma_gfx12_bt8 grid=[320, 32, 1]
[census-k] fused_rmsnorm_mq_rotate_awq grid=[4096, 1, 1]
[census-k] gemm_gate_up_mq4g256v2_wmma_gfx12_bt8 grid=[2176, 32, 1]
[census-k] fused_silu_mul_mq_rotate_awq grid=[68, 4096, 1]
[census-k] gemm_mq4g256v2_residual_wmma_gfx12_bt8 grid=[320, 32, 1]
[census-k] fused_rmsnorm_mq_rotate_awq grid=[4096, 1, 1]
[census-k] gemm_qkvza_mq4g256v2_wmma_gfx12_bt8 grid=[1030, 32, 1]
[census-k] gdn_pre_batched_gfx1201 grid=[5248, 1, 1]
[census-k] gated_delta_net_q8_fast grid=[48, 32, 1]
[census-k] gated_delta_net_q8_fast grid=[48, 32, 1]
[census-k] gated_delta_net_q8_fast grid=[48, 32, 1]
[census-k] gated_delta_net_q8_fast grid=[48, 32, 1]
[census-k] gated_delta_net_q8_fast grid=[48, 32, 1]
[census-k] gated_delta_net_q8_fast grid=[48, 32, 1]
[census-k] gated_delta_net_q8_fast grid=[48, 32, 1]
[census-k] gated_delta_net_q8_fast grid=[48, 32, 1]
[census-k] gated_norm_f32 grid=[48, 4096, 1]
[census-k] gemm_mq4g256v2_residual_wmma_gfx12_bt8 grid=[320, 32, 1]
[census-k] fused_rmsnorm_mq_rotate_awq grid=[4096, 1, 1]
[census-k] gemm_gate_up_mq4g256v2_wmma_gfx12_bt8 grid=[2176, 32, 1]
[census-k] fused_silu_mul_mq_rotate_awq grid=[68, 4096, 1]
[census-k] gemm_mq4g256v2_residual_wmma_gfx12_bt8 grid=[320, 32, 1]
[census-k] fused_rmsnorm_mq_rotate_awq grid=[4096, 1, 1]
[census-k] gemm_qkv_mq4g256v2_wmma_gfx12 grid=[896, 256, 1]
[census-k] deinterleave_q_rmsnorm_f32_batched grid=[24, 4096, 1]
[census-k] rmsnorm_f32 grid=[16384, 1, 1]
[census-k] rope_partial_halfsplit_batched_f32 grid=[1, 4096, 1]
[census-k] kv_cache_write_fp8_e4m3_batched grid=[4, 512, 1]
[census-k] kv_cache_write_fp8_e4m3_batched grid=[4, 512, 1]
[census-k] attention_fp8_e4m3_fa2_q_preconvert_fp8_gfx1201 grid=[3072, 1, 1]
[census-k] attention_fp8_e4m3_fa2_gqa_gfx1201 grid=[64, 4, 1]
[census-k] kv_cache_write_fp8_e4m3_batched grid=[4, 512, 1]
[census-k] kv_cache_write_fp8_e4m3_batched grid=[4, 512, 1]
[census-k] attention_fp8_e4m3_fa2_q_preconvert_fp8_gfx1201 grid=[3072, 1, 1]
[census-k] attention_fp8_e4m3_fa2_gqa_gfx1201 grid=[64, 4, 1]
[census-k] kv_cache_write_fp8_e4m3_batched grid=[4, 512, 1]
[census-k] kv_cache_write_fp8_e4m3_batched grid=[4, 512, 1]
[census-k] attention_fp8_e4m3_fa2_q_preconvert_fp8_gfx1201 grid=[3072, 1, 1]
[census-k] attention_fp8_e4m3_fa2_gqa_gfx1201 grid=[64, 4, 1]
[census-k] kv_cache_write_fp8_e4m3_batched grid=[4, 512, 1]
[census-k] kv_cache_write_fp8_e4m3_batched grid=[4, 512, 1]
[census-k] attention_fp8_e4m3_fa2_q_preconvert_fp8_gfx1201 grid=[3072, 1, 1]
[census-k] attention_fp8_e4m3_fa2_gqa_gfx1201 grid=[64, 4, 1]
[census-k] kv_cache_write_fp8_e4m3_batched grid=[4, 512, 1]
[census-k] kv_cache_write_fp8_e4m3_batched grid=[4, 512, 1]
[census-k] attention_fp8_e4m3_fa2_q_preconvert_fp8_gfx1201 grid=[3072, 1, 1]
[census-k] attention_fp8_e4m3_fa2_gqa_gfx1201 grid=[64, 4, 1]
[census-k] kv_cache_write_fp8_e4m3_batched grid=[4, 512, 1]
[census-k] kv_cache_write_fp8_e4m3_batched grid=[4, 512, 1]
[census-k] attention_fp8_e4m3_fa2_q_preconvert_fp8_gfx1201 grid=[3072, 1, 1]
[census-k] attention_fp8_e4m3_fa2_gqa_gfx1201 grid=[64, 4, 1]
[census-k] kv_cache_write_fp8_e4m3_batched grid=[4, 512, 1]
[census-k] kv_cache_write_fp8_e4m3_batched grid=[4, 512, 1]
[census-k] attention_fp8_e4m3_fa2_q_preconvert_fp8_gfx1201 grid=[3072, 1, 1]
[census-k] attention_fp8_e4m3_fa2_gqa_gfx1201 grid=[64, 4, 1]
[census-k] kv_cache_write_fp8_e4m3_batched grid=[4, 512, 1]
[census-k] kv_cache_write_fp8_e4m3_batched grid=[4, 512, 1]
[census-k] attention_fp8_e4m3_fa2_q_preconvert_fp8_gfx1201 grid=[3072, 1, 1]
[census-k] attention_fp8_e4m3_fa2_gqa_gfx1201 grid=[64, 4, 1]
[census-k] sigmoid_mul_f32 grid=[98304, 1, 1]
[census-k] gemm_mq4g256v2_residual_wmma_gfx12_bt8 grid=[320, 32, 1]
[census-k] fused_rmsnorm_mq_rotate_awq grid=[4096, 1, 1]
[census-k] gemm_gate_up_mq4g256v2_wmma_gfx12_bt8 grid=[2176, 32, 1]
[census-k] fused_silu_mul_mq_rotate_awq grid=[68, 4096, 1]
[census-k] gemm_mq4g256v2_residual_wmma_gfx12_bt8 grid=[320, 32, 1]
[census-k] fused_rmsnorm_mq_rotate_awq grid=[4096, 1, 1]
[census-k] gemm_qkvza_mq4g256v2_wmma_gfx12_bt8 grid=[1030, 32, 1]
[census-k] gdn_pre_batched_gfx1201 grid=[5248, 1, 1]
[census-k] gated_delta_net_q8_fast grid=[48, 32, 1]
[census-k] gated_delta_net_q8_fast grid=[48, 32, 1]
[census-k] gated_delta_net_q8_fast grid=[48, 32, 1]
[census-k] gated_delta_net_q8_fast grid=[48, 32, 1]
[census-k] gated_delta_net_q8_fast grid=[48, 32, 1]
[census-k] gated_delta_net_q8_fast grid=[48, 32, 1]
[census-k] gated_delta_net_q8_fast grid=[48, 32, 1]
[census-k] gated_delta_net_q8_fast grid=[48, 32, 1]
[census-k] gated_norm_f32 grid=[48, 4096, 1]
[census-k] gemm_mq4g256v2_residual_wmma_gfx12_bt8 grid=[320, 32, 1]
[census-k] fused_rmsnorm_mq_rotate_awq grid=[4096, 1, 1]
[census-k] gemm_gate_up_mq4g256v2_wmma_gfx12_bt8 grid=[2176, 32, 1]
[census-k] fused_silu_mul_mq_rotate_awq grid=[68, 4096, 1]
[census-k] gemm_mq4g256v2_residual_wmma_gfx12_bt8 grid=[320, 32, 1]
[census-k] fused_rmsnorm_mq_rotate_awq grid=[4096, 1, 1]
[census-k] gemm_qkvza_mq4g256v2_wmma_gfx12_bt8 grid=[1030, 32, 1]
[census-k] gdn_pre_batched_gfx1201 grid=[5248, 1, 1]
[census-k] gated_delta_net_q8_fast grid=[48, 32, 1]
[census-k] gated_delta_net_q8_fast grid=[48, 32, 1]
[census-k] gated_delta_net_q8_fast grid=[48, 32, 1]
[census-k] gated_delta_net_q8_fast grid=[48, 32, 1]
[census-k] gated_delta_net_q8_fast grid=[48, 32, 1]
[census-k] gated_delta_net_q8_fast grid=[48, 32, 1]
[census-k] gated_delta_net_q8_fast grid=[48, 32, 1]
[census-k] gated_delta_net_q8_fast grid=[48, 32, 1]
[census-k] gated_norm_f32 grid=[48, 4096, 1]
[census-k] gemm_mq4g256v2_residual_wmma_gfx12_bt8 grid=[320, 32, 1]
[census-k] fused_rmsnorm_mq_rotate_awq grid=[4096, 1, 1]
[census-k] gemm_gate_up_mq4g256v2_wmma_gfx12_bt8 grid=[2176, 32, 1]
[census-k] fused_silu_mul_mq_rotate_awq grid=[68, 4096, 1]
[census-k] gemm_mq4g256v2_residual_wmma_gfx12_bt8 grid=[320, 32, 1]
[census-k] fused_rmsnorm_mq_rotate_awq grid=[4096, 1, 1]
[census-k] gemm_qkvza_mq4g256v2_wmma_gfx12_bt8 grid=[1030, 32, 1]
[census-k] gdn_pre_batched_gfx1201 grid=[5248, 1, 1]
[census-k] gated_delta_net_q8_fast grid=[48, 32, 1]
[census-k] gated_delta_net_q8_fast grid=[48, 32, 1]
[census-k] gated_delta_net_q8_fast grid=[48, 32, 1]
[census-k] gated_delta_net_q8_fast grid=[48, 32, 1]
[census-k] gated_delta_net_q8_fast grid=[48, 32, 1]
[census-k] gated_delta_net_q8_fast grid=[48, 32, 1]
[census-k] gated_delta_net_q8_fast grid=[48, 32, 1]
[census-k] gated_delta_net_q8_fast grid=[48, 32, 1]
[census-k] gated_norm_f32 grid=[48, 4096, 1]
[census-k] gemm_mq4g256v2_residual_wmma_gfx12_bt8 grid=[320, 32, 1]
[census-k] fused_rmsnorm_mq_rotate_awq grid=[4096, 1, 1]
[census-k] gemm_gate_up_mq4g256v2_wmma_gfx12_bt8 grid=[2176, 32, 1]
[census-k] fused_silu_mul_mq_rotate_awq grid=[68, 4096, 1]
[census-k] gemm_mq4g256v2_residual_wmma_gfx12_bt8 grid=[320, 32, 1]
[census-k] fused_rmsnorm_mq_rotate_awq grid=[4096, 1, 1]
[census-k] gemm_qkv_mq4g256v2_wmma_gfx12 grid=[896, 256, 1]
[census-k] deinterleave_q_rmsnorm_f32_batched grid=[24, 4096, 1]
[census-k] rmsnorm_f32 grid=[16384, 1, 1]
[census-k] rope_partial_halfsplit_batched_f32 grid=[1, 4096, 1]
[census-k] kv_cache_write_fp8_e4m3_batched grid=[4, 512, 1]
[census-k] kv_cache_write_fp8_e4m3_batched grid=[4, 512, 1]
[census-k] attention_fp8_e4m3_fa2_q_preconvert_fp8_gfx1201 grid=[3072, 1, 1]
[census-k] attention_fp8_e4m3_fa2_gqa_gfx1201 grid=[64, 4, 1]
[census-k] kv_cache_write_fp8_e4m3_batched grid=[4, 512, 1]
[census-k] kv_cache_write_fp8_e4m3_batched grid=[4, 512, 1]
[census-k] attention_fp8_e4m3_fa2_q_preconvert_fp8_gfx1201 grid=[3072, 1, 1]
[census-k] attention_fp8_e4m3_fa2_gqa_gfx1201 grid=[64, 4, 1]
[census-k] kv_cache_write_fp8_e4m3_batched grid=[4, 512, 1]
[census-k] kv_cache_write_fp8_e4m3_batched grid=[4, 512, 1]
[census-k] attention_fp8_e4m3_fa2_q_preconvert_fp8_gfx1201 grid=[3072, 1, 1]
[census-k] attention_fp8_e4m3_fa2_gqa_gfx1201 grid=[64, 4, 1]
[census-k] kv_cache_write_fp8_e4m3_batched grid=[4, 512, 1]
[census-k] kv_cache_write_fp8_e4m3_batched grid=[4, 512, 1]
[census-k] attention_fp8_e4m3_fa2_q_preconvert_fp8_gfx1201 grid=[3072, 1, 1]
[census-k] attention_fp8_e4m3_fa2_gqa_gfx1201 grid=[64, 4, 1]
[census-k] kv_cache_write_fp8_e4m3_batched grid=[4, 512, 1]
[census-k] kv_cache_write_fp8_e4m3_batched grid=[4, 512, 1]
[census-k] attention_fp8_e4m3_fa2_q_preconvert_fp8_gfx1201 grid=[3072, 1, 1]
[census-k] attention_fp8_e4m3_fa2_gqa_gfx1201 grid=[64, 4, 1]
[census-k] kv_cache_write_fp8_e4m3_batched grid=[4, 512, 1]
[census-k] kv_cache_write_fp8_e4m3_batched grid=[4, 512, 1]
[census-k] attention_fp8_e4m3_fa2_q_preconvert_fp8_gfx1201 grid=[3072, 1, 1]
[census-k] attention_fp8_e4m3_fa2_gqa_gfx1201 grid=[64, 4, 1]
[census-k] kv_cache_write_fp8_e4m3_batched grid=[4, 512, 1]
[census-k] kv_cache_write_fp8_e4m3_batched grid=[4, 512, 1]
[census-k] attention_fp8_e4m3_fa2_q_preconvert_fp8_gfx1201 grid=[3072, 1, 1]
[census-k] attention_fp8_e4m3_fa2_gqa_gfx1201 grid=[64, 4, 1]
[census-k] kv_cache_write_fp8_e4m3_batched grid=[4, 512, 1]
[census-k] kv_cache_write_fp8_e4m3_batched grid=[4, 512, 1]
[census-k] attention_fp8_e4m3_fa2_q_preconvert_fp8_gfx1201 grid=[3072, 1, 1]
[census-k] attention_fp8_e4m3_fa2_gqa_gfx1201 grid=[64, 4, 1]
[census-k] sigmoid_mul_f32 grid=[98304, 1, 1]
[census-k] gemm_mq4g256v2_residual_wmma_gfx12_bt8 grid=[320, 32, 1]
[census-k] fused_rmsnorm_mq_rotate_awq grid=[4096, 1, 1]
[census-k] gemm_gate_up_mq4g256v2_wmma_gfx12_bt8 grid=[2176, 32, 1]
[census-k] fused_silu_mul_mq_rotate_awq grid=[68, 4096, 1]
[census-k] gemm_mq4g256v2_residual_wmma_gfx12_bt8 grid=[320, 32, 1]
[census-k] fused_rmsnorm_mq_rotate_awq grid=[4096, 1, 1]
[census-k] gemm_qkvza_mq4g256v2_wmma_gfx12_bt8 grid=[1030, 32, 1]
[census-k] gdn_pre_batched_gfx1201 grid=[5248, 1, 1]
[census-k] gated_delta_net_q8_fast grid=[48, 32, 1]
[census-k] gated_delta_net_q8_fast grid=[48, 32, 1]
[census-k] gated_delta_net_q8_fast grid=[48, 32, 1]
[census-k] gated_delta_net_q8_fast grid=[48, 32, 1]
[census-k] gated_delta_net_q8_fast grid=[48, 32, 1]
[census-k] gated_delta_net_q8_fast grid=[48, 32, 1]
[census-k] gated_delta_net_q8_fast grid=[48, 32, 1]
[census-k] gated_delta_net_q8_fast grid=[48, 32, 1]
[census-k] gated_norm_f32 grid=[48, 4096, 1]
[census-k] gemm_mq4g256v2_residual_wmma_gfx12_bt8 grid=[320, 32, 1]
[census-k] fused_rmsnorm_mq_rotate_awq grid=[4096, 1, 1]
[census-k] gemm_gate_up_mq4g256v2_wmma_gfx12_bt8 grid=[2176, 32, 1]
[census-k] fused_silu_mul_mq_rotate_awq grid=[68, 4096, 1]
[census-k] gemm_mq4g256v2_residual_wmma_gfx12_bt8 grid=[320, 32, 1]
[census-k] fused_rmsnorm_mq_rotate_awq grid=[4096, 1, 1]
[census-k] gemm_qkvza_mq4g256v2_wmma_gfx12_bt8 grid=[1030, 32, 1]
[census-k] gdn_pre_batched_gfx1201 grid=[5248, 1, 1]
[census-k] gated_delta_net_q8_fast grid=[48, 32, 1]
[census-k] gated_delta_net_q8_fast grid=[48, 32, 1]
[census-k] gated_delta_net_q8_fast grid=[48, 32, 1]
[census-k] gated_delta_net_q8_fast grid=[48, 32, 1]
[census-k] gated_delta_net_q8_fast grid=[48, 32, 1]
[census-k] gated_delta_net_q8_fast grid=[48, 32, 1]
[census-k] gated_delta_net_q8_fast grid=[48, 32, 1]
[census-k] gated_delta_net_q8_fast grid=[48, 32, 1]
[census-k] gated_norm_f32 grid=[48, 4096, 1]
[census-k] gemm_mq4g256v2_residual_wmma_gfx12_bt8 grid=[320, 32, 1]
[census-k] fused_rmsnorm_mq_rotate_awq grid=[4096, 1, 1]
[census-k] gemm_gate_up_mq4g256v2_wmma_gfx12_bt8 grid=[2176, 32, 1]
[census-k] fused_silu_mul_mq_rotate_awq grid=[68, 4096, 1]
[census-k] gemm_mq4g256v2_residual_wmma_gfx12_bt8 grid=[320, 32, 1]
[census-k] fused_rmsnorm_mq_rotate_awq grid=[4096, 1, 1]
[census-k] gemm_qkvza_mq4g256v2_wmma_gfx12_bt8 grid=[1030, 32, 1]
[census-k] gdn_pre_batched_gfx1201 grid=[5248, 1, 1]
[census-k] gated_delta_net_q8_fast grid=[48, 32, 1]
[census-k] gated_delta_net_q8_fast grid=[48, 32, 1]
[census-k] gated_delta_net_q8_fast grid=[48, 32, 1]
[census-k] gated_delta_net_q8_fast grid=[48, 32, 1]
[census-k] gated_delta_net_q8_fast grid=[48, 32, 1]
[census-k] gated_delta_net_q8_fast grid=[48, 32, 1]
[census-k] gated_delta_net_q8_fast grid=[48, 32, 1]
[census-k] gated_delta_net_q8_fast grid=[48, 32, 1]
[census-k] gated_norm_f32 grid=[48, 4096, 1]
[census-k] gemm_mq4g256v2_residual_wmma_gfx12_bt8 grid=[320, 32, 1]
[census-k] fused_rmsnorm_mq_rotate_awq grid=[4096, 1, 1]
[census-k] gemm_gate_up_mq4g256v2_wmma_gfx12_bt8 grid=[2176, 32, 1]
[census-k] fused_silu_mul_mq_rotate_awq grid=[68, 4096, 1]
[census-k] gemm_mq4g256v2_residual_wmma_gfx12_bt8 grid=[320, 32, 1]
[census-k] fused_rmsnorm_mq_rotate_awq grid=[4096, 1, 1]
[census-k] gemm_qkv_mq4g256v2_wmma_gfx12 grid=[896, 256, 1]
[census-k] deinterleave_q_rmsnorm_f32_batched grid=[24, 4096, 1]
[census-k] rmsnorm_f32 grid=[16384, 1, 1]
[census-k] rope_partial_halfsplit_batched_f32 grid=[1, 4096, 1]
[census-k] kv_cache_write_fp8_e4m3_batched grid=[4, 512, 1]
[census-k] kv_cache_write_fp8_e4m3_batched grid=[4, 512, 1]
[census-k] attention_fp8_e4m3_fa2_q_preconvert_fp8_gfx1201 grid=[3072, 1, 1]
[census-k] attention_fp8_e4m3_fa2_gqa_gfx1201 grid=[64, 4, 1]
[census-k] kv_cache_write_fp8_e4m3_batched grid=[4, 512, 1]
[census-k] kv_cache_write_fp8_e4m3_batched grid=[4, 512, 1]
[census-k] attention_fp8_e4m3_fa2_q_preconvert_fp8_gfx1201 grid=[3072, 1, 1]
[census-k] attention_fp8_e4m3_fa2_gqa_gfx1201 grid=[64, 4, 1]
[census-k] kv_cache_write_fp8_e4m3_batched grid=[4, 512, 1]
[census-k] kv_cache_write_fp8_e4m3_batched grid=[4, 512, 1]
[census-k] attention_fp8_e4m3_fa2_q_preconvert_fp8_gfx1201 grid=[3072, 1, 1]
[census-k] attention_fp8_e4m3_fa2_gqa_gfx1201 grid=[64, 4, 1]
[census-k] kv_cache_write_fp8_e4m3_batched grid=[4, 512, 1]
[census-k] kv_cache_write_fp8_e4m3_batched grid=[4, 512, 1]
[census-k] attention_fp8_e4m3_fa2_q_preconvert_fp8_gfx1201 grid=[3072, 1, 1]
[census-k] attention_fp8_e4m3_fa2_gqa_gfx1201 grid=[64, 4, 1]
[census-k] kv_cache_write_fp8_e4m3_batched grid=[4, 512, 1]
[census-k] kv_cache_write_fp8_e4m3_batched grid=[4, 512, 1]
[census-k] attention_fp8_e4m3_fa2_q_preconvert_fp8_gfx1201 grid=[3072, 1, 1]
[census-k] attention_fp8_e4m3_fa2_gqa_gfx1201 grid=[64, 4, 1]
[census-k] kv_cache_write_fp8_e4m3_batched grid=[4, 512, 1]
[census-k] kv_cache_write_fp8_e4m3_batched grid=[4, 512, 1]
[census-k] attention_fp8_e4m3_fa2_q_preconvert_fp8_gfx1201 grid=[3072, 1, 1]
[census-k] attention_fp8_e4m3_fa2_gqa_gfx1201 grid=[64, 4, 1]
[census-k] kv_cache_write_fp8_e4m3_batched grid=[4, 512, 1]
[census-k] kv_cache_write_fp8_e4m3_batched grid=[4, 512, 1]
[census-k] attention_fp8_e4m3_fa2_q_preconvert_fp8_gfx1201 grid=[3072, 1, 1]
[census-k] attention_fp8_e4m3_fa2_gqa_gfx1201 grid=[64, 4, 1]
[census-k] kv_cache_write_fp8_e4m3_batched grid=[4, 512, 1]
[census-k] kv_cache_write_fp8_e4m3_batched grid=[4, 512, 1]
[census-k] attention_fp8_e4m3_fa2_q_preconvert_fp8_gfx1201 grid=[3072, 1, 1]
[census-k] attention_fp8_e4m3_fa2_gqa_gfx1201 grid=[64, 4, 1]
[census-k] sigmoid_mul_f32 grid=[98304, 1, 1]
[census-k] gemm_mq4g256v2_residual_wmma_gfx12_bt8 grid=[320, 32, 1]
[census-k] fused_rmsnorm_mq_rotate_awq grid=[4096, 1, 1]
[census-k] gemm_gate_up_mq4g256v2_wmma_gfx12_bt8 grid=[2176, 32, 1]
[census-k] fused_silu_mul_mq_rotate_awq grid=[68, 4096, 1]
[census-k] gemm_mq4g256v2_residual_wmma_gfx12_bt8 grid=[320, 32, 1]
[census-k] fused_rmsnorm_mq_rotate_awq grid=[4096, 1, 1]
[census-k] gemm_qkvza_mq4g256v2_wmma_gfx12_bt8 grid=[1030, 32, 1]
[census-k] gdn_pre_batched_gfx1201 grid=[5248, 1, 1]
[census-k] gated_delta_net_q8_fast grid=[48, 32, 1]
[census-k] gated_delta_net_q8_fast grid=[48, 32, 1]
[census-k] gated_delta_net_q8_fast grid=[48, 32, 1]
[census-k] gated_delta_net_q8_fast grid=[48, 32, 1]
[census-k] gated_delta_net_q8_fast grid=[48, 32, 1]
[census-k] gated_delta_net_q8_fast grid=[48, 32, 1]
[census-k] gated_delta_net_q8_fast grid=[48, 32, 1]
[census-k] gated_delta_net_q8_fast grid=[48, 32, 1]
[census-k] gated_norm_f32 grid=[48, 4096, 1]
[census-k] gemm_mq4g256v2_residual_wmma_gfx12_bt8 grid=[320, 32, 1]
[census-k] fused_rmsnorm_mq_rotate_awq grid=[4096, 1, 1]
[census-k] gemm_gate_up_mq4g256v2_wmma_gfx12_bt8 grid=[2176, 32, 1]
[census-k] fused_silu_mul_mq_rotate_awq grid=[68, 4096, 1]
[census-k] gemm_mq4g256v2_residual_wmma_gfx12_bt8 grid=[320, 32, 1]
[census-k] fused_rmsnorm_mq_rotate_awq grid=[4096, 1, 1]
[census-k] gemm_qkvza_mq4g256v2_wmma_gfx12_bt8 grid=[1030, 32, 1]
[census-k] gdn_pre_batched_gfx1201 grid=[5248, 1, 1]
[census-k] gated_delta_net_q8_fast grid=[48, 32, 1]
[census-k] gated_delta_net_q8_fast grid=[48, 32, 1]
[census-k] gated_delta_net_q8_fast grid=[48, 32, 1]
[census-k] gated_delta_net_q8_fast grid=[48, 32, 1]
[census-k] gated_delta_net_q8_fast grid=[48, 32, 1]
[census-k] gated_delta_net_q8_fast grid=[48, 32, 1]
[census-k] gated_delta_net_q8_fast grid=[48, 32, 1]
[census-k] gated_delta_net_q8_fast grid=[48, 32, 1]
[census-k] gated_norm_f32 grid=[48, 4096, 1]
[census-k] gemm_mq4g256v2_residual_wmma_gfx12_bt8 grid=[320, 32, 1]
[census-k] fused_rmsnorm_mq_rotate_awq grid=[4096, 1, 1]
[census-k] gemm_gate_up_mq4g256v2_wmma_gfx12_bt8 grid=[2176, 32, 1]
[census-k] fused_silu_mul_mq_rotate_awq grid=[68, 4096, 1]
[census-k] gemm_mq4g256v2_residual_wmma_gfx12_bt8 grid=[320, 32, 1]
[census-k] fused_rmsnorm_mq_rotate_awq grid=[4096, 1, 1]
[census-k] gemm_qkvza_mq4g256v2_wmma_gfx12_bt8 grid=[1030, 32, 1]
[census-k] gdn_pre_batched_gfx1201 grid=[5248, 1, 1]
[census-k] gated_delta_net_q8_fast grid=[48, 32, 1]
[census-k] gated_delta_net_q8_fast grid=[48, 32, 1]
[census-k] gated_delta_net_q8_fast grid=[48, 32, 1]
[census-k] gated_delta_net_q8_fast grid=[48, 32, 1]
[census-k] gated_delta_net_q8_fast grid=[48, 32, 1]
[census-k] gated_delta_net_q8_fast grid=[48, 32, 1]
[census-k] gated_delta_net_q8_fast grid=[48, 32, 1]
[census-k] gated_delta_net_q8_fast grid=[48, 32, 1]
[census-k] gated_norm_f32 grid=[48, 4096, 1]
[census-k] gemm_mq4g256v2_residual_wmma_gfx12_bt8 grid=[320, 32, 1]
[census-k] fused_rmsnorm_mq_rotate_awq grid=[4096, 1, 1]
[census-k] gemm_gate_up_mq4g256v2_wmma_gfx12_bt8 grid=[2176, 32, 1]
[census-k] fused_silu_mul_mq_rotate_awq grid=[68, 4096, 1]
[census-k] gemm_mq4g256v2_residual_wmma_gfx12_bt8 grid=[320, 32, 1]
[census-k] fused_rmsnorm_mq_rotate_awq grid=[4096, 1, 1]
[census-k] gemm_qkv_mq4g256v2_wmma_gfx12 grid=[896, 256, 1]
[census-k] deinterleave_q_rmsnorm_f32_batched grid=[24, 4096, 1]
[census-k] rmsnorm_f32 grid=[16384, 1, 1]
[census-k] rope_partial_halfsplit_batched_f32 grid=[1, 4096, 1]
[census-k] kv_cache_write_fp8_e4m3_batched grid=[4, 512, 1]
[census-k] kv_cache_write_fp8_e4m3_batched grid=[4, 512, 1]
[census-k] attention_fp8_e4m3_fa2_q_preconvert_fp8_gfx1201 grid=[3072, 1, 1]
[census-k] attention_fp8_e4m3_fa2_gqa_gfx1201 grid=[64, 4, 1]
[census-k] kv_cache_write_fp8_e4m3_batched grid=[4, 512, 1]
[census-k] kv_cache_write_fp8_e4m3_batched grid=[4, 512, 1]
[census-k] attention_fp8_e4m3_fa2_q_preconvert_fp8_gfx1201 grid=[3072, 1, 1]
[census-k] attention_fp8_e4m3_fa2_gqa_gfx1201 grid=[64, 4, 1]
[census-k] kv_cache_write_fp8_e4m3_batched grid=[4, 512, 1]
[census-k] kv_cache_write_fp8_e4m3_batched grid=[4, 512, 1]
[census-k] attention_fp8_e4m3_fa2_q_preconvert_fp8_gfx1201 grid=[3072, 1, 1]
[census-k] attention_fp8_e4m3_fa2_gqa_gfx1201 grid=[64, 4, 1]
[census-k] kv_cache_write_fp8_e4m3_batched grid=[4, 512, 1]
[census-k] kv_cache_write_fp8_e4m3_batched grid=[4, 512, 1]
[census-k] attention_fp8_e4m3_fa2_q_preconvert_fp8_gfx1201 grid=[3072, 1, 1]
[census-k] attention_fp8_e4m3_fa2_gqa_gfx1201 grid=[64, 4, 1]
[census-k] kv_cache_write_fp8_e4m3_batched grid=[4, 512, 1]
[census-k] kv_cache_write_fp8_e4m3_batched grid=[4, 512, 1]
[census-k] attention_fp8_e4m3_fa2_q_preconvert_fp8_gfx1201 grid=[3072, 1, 1]
[census-k] attention_fp8_e4m3_fa2_gqa_gfx1201 grid=[64, 4, 1]
[census-k] kv_cache_write_fp8_e4m3_batched grid=[4, 512, 1]
[census-k] kv_cache_write_fp8_e4m3_batched grid=[4, 512, 1]
[census-k] attention_fp8_e4m3_fa2_q_preconvert_fp8_gfx1201 grid=[3072, 1, 1]
[census-k] attention_fp8_e4m3_fa2_gqa_gfx1201 grid=[64, 4, 1]
[census-k] kv_cache_write_fp8_e4m3_batched grid=[4, 512, 1]
[census-k] kv_cache_write_fp8_e4m3_batched grid=[4, 512, 1]
[census-k] attention_fp8_e4m3_fa2_q_preconvert_fp8_gfx1201 grid=[3072, 1, 1]
[census-k] attention_fp8_e4m3_fa2_gqa_gfx1201 grid=[64, 4, 1]
[census-k] kv_cache_write_fp8_e4m3_batched grid=[4, 512, 1]
[census-k] kv_cache_write_fp8_e4m3_batched grid=[4, 512, 1]
[census-k] attention_fp8_e4m3_fa2_q_preconvert_fp8_gfx1201 grid=[3072, 1, 1]
[census-k] attention_fp8_e4m3_fa2_gqa_gfx1201 grid=[64, 4, 1]
[census-k] sigmoid_mul_f32 grid=[98304, 1, 1]
[census-k] gemm_mq4g256v2_residual_wmma_gfx12_bt8 grid=[320, 32, 1]
[census-k] fused_rmsnorm_mq_rotate_awq grid=[4096, 1, 1]
[census-k] gemm_gate_up_mq4g256v2_wmma_gfx12_bt8 grid=[2176, 32, 1]
[census-k] fused_silu_mul_mq_rotate_awq grid=[68, 4096, 1]
[census-k] gemm_mq4g256v2_residual_wmma_gfx12_bt8 grid=[320, 32, 1]
[census-k] fused_rmsnorm_mq_rotate_awq grid=[4096, 1, 1]
[census-k] gemm_qkvza_mq4g256v2_wmma_gfx12_bt8 grid=[1030, 32, 1]
[census-k] gdn_pre_batched_gfx1201 grid=[5248, 1, 1]
[census-k] gated_delta_net_q8_fast grid=[48, 32, 1]
[census-k] gated_delta_net_q8_fast grid=[48, 32, 1]
[census-k] gated_delta_net_q8_fast grid=[48, 32, 1]
[census-k] gated_delta_net_q8_fast grid=[48, 32, 1]
[census-k] gated_delta_net_q8_fast grid=[48, 32, 1]
[census-k] gated_delta_net_q8_fast grid=[48, 32, 1]
[census-k] gated_delta_net_q8_fast grid=[48, 32, 1]
[census-k] gated_delta_net_q8_fast grid=[48, 32, 1]
[census-k] gated_norm_f32 grid=[48, 4096, 1]
[census-k] gemm_mq4g256v2_residual_wmma_gfx12_bt8 grid=[320, 32, 1]
[census-k] fused_rmsnorm_mq_rotate_awq grid=[4096, 1, 1]
[census-k] gemm_gate_up_mq4g256v2_wmma_gfx12_bt8 grid=[2176, 32, 1]
[census-k] fused_silu_mul_mq_rotate_awq grid=[68, 4096, 1]
[census-k] gemm_mq4g256v2_residual_wmma_gfx12_bt8 grid=[320, 32, 1]
[census-k] fused_rmsnorm_mq_rotate_awq grid=[4096, 1, 1]
[census-k] gemm_qkvza_mq4g256v2_wmma_gfx12_bt8 grid=[1030, 32, 1]
[census-k] gdn_pre_batched_gfx1201 grid=[5248, 1, 1]
[census-k] gated_delta_net_q8_fast grid=[48, 32, 1]
[census-k] gated_delta_net_q8_fast grid=[48, 32, 1]
[census-k] gated_delta_net_q8_fast grid=[48, 32, 1]
[census-k] gated_delta_net_q8_fast grid=[48, 32, 1]
[census-k] gated_delta_net_q8_fast grid=[48, 32, 1]
[census-k] gated_delta_net_q8_fast grid=[48, 32, 1]
[census-k] gated_delta_net_q8_fast grid=[48, 32, 1]
[census-k] gated_delta_net_q8_fast grid=[48, 32, 1]
[census-k] gated_norm_f32 grid=[48, 4096, 1]
[census-k] gemm_mq4g256v2_residual_wmma_gfx12_bt8 grid=[320, 32, 1]
[census-k] fused_rmsnorm_mq_rotate_awq grid=[4096, 1, 1]
[census-k] gemm_gate_up_mq4g256v2_wmma_gfx12_bt8 grid=[2176, 32, 1]
[census-k] fused_silu_mul_mq_rotate_awq grid=[68, 4096, 1]
[census-k] gemm_mq4g256v2_residual_wmma_gfx12_bt8 grid=[320, 32, 1]
[census-k] fused_rmsnorm_mq_rotate_awq grid=[4096, 1, 1]
[census-k] gemm_qkvza_mq4g256v2_wmma_gfx12_bt8 grid=[1030, 32, 1]
[census-k] gdn_pre_batched_gfx1201 grid=[5248, 1, 1]
[census-k] gated_delta_net_q8_fast grid=[48, 32, 1]
[census-k] gated_delta_net_q8_fast grid=[48, 32, 1]
[census-k] gated_delta_net_q8_fast grid=[48, 32, 1]
[census-k] gated_delta_net_q8_fast grid=[48, 32, 1]
[census-k] gated_delta_net_q8_fast grid=[48, 32, 1]
[census-k] gated_delta_net_q8_fast grid=[48, 32, 1]
[census-k] gated_delta_net_q8_fast grid=[48, 32, 1]
[census-k] gated_delta_net_q8_fast grid=[48, 32, 1]
[census-k] gated_norm_f32 grid=[48, 4096, 1]
[census-k] gemm_mq4g256v2_residual_wmma_gfx12_bt8 grid=[320, 32, 1]
[census-k] fused_rmsnorm_mq_rotate_awq grid=[4096, 1, 1]
[census-k] gemm_gate_up_mq4g256v2_wmma_gfx12_bt8 grid=[2176, 32, 1]
[census-k] fused_silu_mul_mq_rotate_awq grid=[68, 4096, 1]
[census-k] gemm_mq4g256v2_residual_wmma_gfx12_bt8 grid=[320, 32, 1]
[census-k] fused_rmsnorm_mq_rotate_awq grid=[4096, 1, 1]
[census-k] gemm_qkv_mq4g256v2_wmma_gfx12 grid=[896, 256, 1]
[census-k] deinterleave_q_rmsnorm_f32_batched grid=[24, 4096, 1]
[census-k] rmsnorm_f32 grid=[16384, 1, 1]
[census-k] rope_partial_halfsplit_batched_f32 grid=[1, 4096, 1]
[census-k] kv_cache_write_fp8_e4m3_batched grid=[4, 512, 1]
[census-k] kv_cache_write_fp8_e4m3_batched grid=[4, 512, 1]
[census-k] attention_fp8_e4m3_fa2_q_preconvert_fp8_gfx1201 grid=[3072, 1, 1]
[census-k] attention_fp8_e4m3_fa2_gqa_gfx1201 grid=[64, 4, 1]
[census-k] kv_cache_write_fp8_e4m3_batched grid=[4, 512, 1]
[census-k] kv_cache_write_fp8_e4m3_batched grid=[4, 512, 1]
[census-k] attention_fp8_e4m3_fa2_q_preconvert_fp8_gfx1201 grid=[3072, 1, 1]
[census-k] attention_fp8_e4m3_fa2_gqa_gfx1201 grid=[64, 4, 1]
[census-k] kv_cache_write_fp8_e4m3_batched grid=[4, 512, 1]
[census-k] kv_cache_write_fp8_e4m3_batched grid=[4, 512, 1]
[census-k] attention_fp8_e4m3_fa2_q_preconvert_fp8_gfx1201 grid=[3072, 1, 1]
[census-k] attention_fp8_e4m3_fa2_gqa_gfx1201 grid=[64, 4, 1]
[census-k] kv_cache_write_fp8_e4m3_batched grid=[4, 512, 1]
[census-k] kv_cache_write_fp8_e4m3_batched grid=[4, 512, 1]
[census-k] attention_fp8_e4m3_fa2_q_preconvert_fp8_gfx1201 grid=[3072, 1, 1]
[census-k] attention_fp8_e4m3_fa2_gqa_gfx1201 grid=[64, 4, 1]
[census-k] kv_cache_write_fp8_e4m3_batched grid=[4, 512, 1]
[census-k] kv_cache_write_fp8_e4m3_batched grid=[4, 512, 1]
[census-k] attention_fp8_e4m3_fa2_q_preconvert_fp8_gfx1201 grid=[3072, 1, 1]
[census-k] attention_fp8_e4m3_fa2_gqa_gfx1201 grid=[64, 4, 1]
[census-k] kv_cache_write_fp8_e4m3_batched grid=[4, 512, 1]
[census-k] kv_cache_write_fp8_e4m3_batched grid=[4, 512, 1]
[census-k] attention_fp8_e4m3_fa2_q_preconvert_fp8_gfx1201 grid=[3072, 1, 1]
[census-k] attention_fp8_e4m3_fa2_gqa_gfx1201 grid=[64, 4, 1]
[census-k] kv_cache_write_fp8_e4m3_batched grid=[4, 512, 1]
[census-k] kv_cache_write_fp8_e4m3_batched grid=[4, 512, 1]
[census-k] attention_fp8_e4m3_fa2_q_preconvert_fp8_gfx1201 grid=[3072, 1, 1]
[census-k] attention_fp8_e4m3_fa2_gqa_gfx1201 grid=[64, 4, 1]
[census-k] kv_cache_write_fp8_e4m3_batched grid=[4, 512, 1]
[census-k] kv_cache_write_fp8_e4m3_batched grid=[4, 512, 1]
[census-k] attention_fp8_e4m3_fa2_q_preconvert_fp8_gfx1201 grid=[3072, 1, 1]
[census-k] attention_fp8_e4m3_fa2_gqa_gfx1201 grid=[64, 4, 1]
[census-k] sigmoid_mul_f32 grid=[98304, 1, 1]
[census-k] gemm_mq4g256v2_residual_wmma_gfx12_bt8 grid=[320, 32, 1]
[census-k] fused_rmsnorm_mq_rotate_awq grid=[4096, 1, 1]
[census-k] gemm_gate_up_mq4g256v2_wmma_gfx12_bt8 grid=[2176, 32, 1]
[census-k] fused_silu_mul_mq_rotate_awq grid=[68, 4096, 1]
[census-k] gemm_mq4g256v2_residual_wmma_gfx12_bt8 grid=[320, 32, 1]
[census-k] fused_rmsnorm_mq_rotate_awq grid=[4096, 1, 1]
[census-k] gemm_qkvza_mq4g256v2_wmma_gfx12_bt8 grid=[1030, 32, 1]
[census-k] gdn_pre_batched_gfx1201 grid=[5248, 1, 1]
[census-k] gated_delta_net_q8_fast grid=[48, 32, 1]
[census-k] gated_delta_net_q8_fast grid=[48, 32, 1]
[census-k] gated_delta_net_q8_fast grid=[48, 32, 1]
[census-k] gated_delta_net_q8_fast grid=[48, 32, 1]
[census-k] gated_delta_net_q8_fast grid=[48, 32, 1]
[census-k] gated_delta_net_q8_fast grid=[48, 32, 1]
[census-k] gated_delta_net_q8_fast grid=[48, 32, 1]
[census-k] gated_delta_net_q8_fast grid=[48, 32, 1]
[census-k] gated_norm_f32 grid=[48, 4096, 1]
[census-k] gemm_mq4g256v2_residual_wmma_gfx12_bt8 grid=[320, 32, 1]
[census-k] fused_rmsnorm_mq_rotate_awq grid=[4096, 1, 1]
[census-k] gemm_gate_up_mq4g256v2_wmma_gfx12_bt8 grid=[2176, 32, 1]
[census-k] fused_silu_mul_mq_rotate_awq grid=[68, 4096, 1]
[census-k] gemm_mq4g256v2_residual_wmma_gfx12_bt8 grid=[320, 32, 1]
[census-k] fused_rmsnorm_mq_rotate_awq grid=[4096, 1, 1]
[census-k] gemm_qkvza_mq4g256v2_wmma_gfx12_bt8 grid=[1030, 32, 1]
[census-k] gdn_pre_batched_gfx1201 grid=[5248, 1, 1]
[census-k] gated_delta_net_q8_fast grid=[48, 32, 1]
[census-k] gated_delta_net_q8_fast grid=[48, 32, 1]
[census-k] gated_delta_net_q8_fast grid=[48, 32, 1]
[census-k] gated_delta_net_q8_fast grid=[48, 32, 1]
[census-k] gated_delta_net_q8_fast grid=[48, 32, 1]
[census-k] gated_delta_net_q8_fast grid=[48, 32, 1]
[census-k] gated_delta_net_q8_fast grid=[48, 32, 1]
[census-k] gated_delta_net_q8_fast grid=[48, 32, 1]
[census-k] gated_norm_f32 grid=[48, 4096, 1]
[census-k] gemm_mq4g256v2_residual_wmma_gfx12_bt8 grid=[320, 32, 1]
[census-k] fused_rmsnorm_mq_rotate_awq grid=[4096, 1, 1]
[census-k] gemm_gate_up_mq4g256v2_wmma_gfx12_bt8 grid=[2176, 32, 1]
[census-k] fused_silu_mul_mq_rotate_awq grid=[68, 4096, 1]
[census-k] gemm_mq4g256v2_residual_wmma_gfx12_bt8 grid=[320, 32, 1]
[census-k] fused_rmsnorm_mq_rotate_awq grid=[4096, 1, 1]
[census-k] gemm_qkvza_mq4g256v2_wmma_gfx12_bt8 grid=[1030, 32, 1]
[census-k] gdn_pre_batched_gfx1201 grid=[5248, 1, 1]
[census-k] gated_delta_net_q8_fast grid=[48, 32, 1]
[census-k] gated_delta_net_q8_fast grid=[48, 32, 1]
[census-k] gated_delta_net_q8_fast grid=[48, 32, 1]
[census-k] gated_delta_net_q8_fast grid=[48, 32, 1]
[census-k] gated_delta_net_q8_fast grid=[48, 32, 1]
[census-k] gated_delta_net_q8_fast grid=[48, 32, 1]
[census-k] gated_delta_net_q8_fast grid=[48, 32, 1]
[census-k] gated_delta_net_q8_fast grid=[48, 32, 1]
[census-k] gated_norm_f32 grid=[48, 4096, 1]
[census-k] gemm_mq4g256v2_residual_wmma_gfx12_bt8 grid=[320, 32, 1]
[census-k] fused_rmsnorm_mq_rotate_awq grid=[4096, 1, 1]
[census-k] gemm_gate_up_mq4g256v2_wmma_gfx12_bt8 grid=[2176, 32, 1]
[census-k] fused_silu_mul_mq_rotate_awq grid=[68, 4096, 1]
[census-k] gemm_mq4g256v2_residual_wmma_gfx12_bt8 grid=[320, 32, 1]
[census-k] fused_rmsnorm_mq_rotate_awq grid=[4096, 1, 1]
[census-k] gemm_qkv_mq4g256v2_wmma_gfx12 grid=[896, 256, 1]
[census-k] deinterleave_q_rmsnorm_f32_batched grid=[24, 4096, 1]
[census-k] rmsnorm_f32 grid=[16384, 1, 1]
[census-k] rope_partial_halfsplit_batched_f32 grid=[1, 4096, 1]
[census-k] kv_cache_write_fp8_e4m3_batched grid=[4, 512, 1]
[census-k] kv_cache_write_fp8_e4m3_batched grid=[4, 512, 1]
[census-k] attention_fp8_e4m3_fa2_q_preconvert_fp8_gfx1201 grid=[3072, 1, 1]
[census-k] attention_fp8_e4m3_fa2_gqa_gfx1201 grid=[64, 4, 1]
[census-k] kv_cache_write_fp8_e4m3_batched grid=[4, 512, 1]
[census-k] kv_cache_write_fp8_e4m3_batched grid=[4, 512, 1]
[census-k] attention_fp8_e4m3_fa2_q_preconvert_fp8_gfx1201 grid=[3072, 1, 1]
[census-k] attention_fp8_e4m3_fa2_gqa_gfx1201 grid=[64, 4, 1]
[census-k] kv_cache_write_fp8_e4m3_batched grid=[4, 512, 1]
[census-k] kv_cache_write_fp8_e4m3_batched grid=[4, 512, 1]
[census-k] attention_fp8_e4m3_fa2_q_preconvert_fp8_gfx1201 grid=[3072, 1, 1]
[census-k] attention_fp8_e4m3_fa2_gqa_gfx1201 grid=[64, 4, 1]
[census-k] kv_cache_write_fp8_e4m3_batched grid=[4, 512, 1]
[census-k] kv_cache_write_fp8_e4m3_batched grid=[4, 512, 1]
[census-k] attention_fp8_e4m3_fa2_q_preconvert_fp8_gfx1201 grid=[3072, 1, 1]
[census-k] attention_fp8_e4m3_fa2_gqa_gfx1201 grid=[64, 4, 1]
[census-k] kv_cache_write_fp8_e4m3_batched grid=[4, 512, 1]
[census-k] kv_cache_write_fp8_e4m3_batched grid=[4, 512, 1]
[census-k] attention_fp8_e4m3_fa2_q_preconvert_fp8_gfx1201 grid=[3072, 1, 1]
[census-k] attention_fp8_e4m3_fa2_gqa_gfx1201 grid=[64, 4, 1]
[census-k] kv_cache_write_fp8_e4m3_batched grid=[4, 512, 1]
[census-k] kv_cache_write_fp8_e4m3_batched grid=[4, 512, 1]
[census-k] attention_fp8_e4m3_fa2_q_preconvert_fp8_gfx1201 grid=[3072, 1, 1]
[census-k] attention_fp8_e4m3_fa2_gqa_gfx1201 grid=[64, 4, 1]
[census-k] kv_cache_write_fp8_e4m3_batched grid=[4, 512, 1]
[census-k] kv_cache_write_fp8_e4m3_batched grid=[4, 512, 1]
[census-k] attention_fp8_e4m3_fa2_q_preconvert_fp8_gfx1201 grid=[3072, 1, 1]
[census-k] attention_fp8_e4m3_fa2_gqa_gfx1201 grid=[64, 4, 1]
[census-k] kv_cache_write_fp8_e4m3_batched grid=[4, 512, 1]
[census-k] kv_cache_write_fp8_e4m3_batched grid=[4, 512, 1]
[census-k] attention_fp8_e4m3_fa2_q_preconvert_fp8_gfx1201 grid=[3072, 1, 1]
[census-k] attention_fp8_e4m3_fa2_gqa_gfx1201 grid=[64, 4, 1]
[census-k] sigmoid_mul_f32 grid=[98304, 1, 1]
[census-k] gemm_mq4g256v2_residual_wmma_gfx12_bt8 grid=[320, 32, 1]
[census-k] fused_rmsnorm_mq_rotate_awq grid=[4096, 1, 1]
[census-k] gemm_gate_up_mq4g256v2_wmma_gfx12_bt8 grid=[2176, 32, 1]
[census-k] fused_silu_mul_mq_rotate_awq grid=[68, 4096, 1]
[census-k] gemm_mq4g256v2_residual_wmma_gfx12_bt8 grid=[320, 32, 1]
[census-k] fused_rmsnorm_mq_rotate_awq grid=[4096, 1, 1]
[census-k] gemm_qkvza_mq4g256v2_wmma_gfx12_bt8 grid=[1030, 32, 1]
[census-k] gdn_pre_batched_gfx1201 grid=[5248, 1, 1]
[census-k] gated_delta_net_q8_fast grid=[48, 32, 1]
[census-k] gated_delta_net_q8_fast grid=[48, 32, 1]
[census-k] gated_delta_net_q8_fast grid=[48, 32, 1]
[census-k] gated_delta_net_q8_fast grid=[48, 32, 1]
[census-k] gated_delta_net_q8_fast grid=[48, 32, 1]
[census-k] gated_delta_net_q8_fast grid=[48, 32, 1]
[census-k] gated_delta_net_q8_fast grid=[48, 32, 1]
[census-k] gated_delta_net_q8_fast grid=[48, 32, 1]
[census-k] gated_norm_f32 grid=[48, 4096, 1]
[census-k] gemm_mq4g256v2_residual_wmma_gfx12_bt8 grid=[320, 32, 1]
[census-k] fused_rmsnorm_mq_rotate_awq grid=[4096, 1, 1]
[census-k] gemm_gate_up_mq4g256v2_wmma_gfx12_bt8 grid=[2176, 32, 1]
[census-k] fused_silu_mul_mq_rotate_awq grid=[68, 4096, 1]
[census-k] gemm_mq4g256v2_residual_wmma_gfx12_bt8 grid=[320, 32, 1]
[census-k] fused_rmsnorm_mq_rotate_awq grid=[4096, 1, 1]
[census-k] gemm_qkvza_mq4g256v2_wmma_gfx12_bt8 grid=[1030, 32, 1]
[census-k] gdn_pre_batched_gfx1201 grid=[5248, 1, 1]
[census-k] gated_delta_net_q8_fast grid=[48, 32, 1]
[census-k] gated_delta_net_q8_fast grid=[48, 32, 1]
[census-k] gated_delta_net_q8_fast grid=[48, 32, 1]
[census-k] gated_delta_net_q8_fast grid=[48, 32, 1]
[census-k] gated_delta_net_q8_fast grid=[48, 32, 1]
[census-k] gated_delta_net_q8_fast grid=[48, 32, 1]
[census-k] gated_delta_net_q8_fast grid=[48, 32, 1]
[census-k] gated_delta_net_q8_fast grid=[48, 32, 1]
[census-k] gated_norm_f32 grid=[48, 4096, 1]
[census-k] gemm_mq4g256v2_residual_wmma_gfx12_bt8 grid=[320, 32, 1]
[census-k] fused_rmsnorm_mq_rotate_awq grid=[4096, 1, 1]
[census-k] gemm_gate_up_mq4g256v2_wmma_gfx12_bt8 grid=[2176, 32, 1]
[census-k] fused_silu_mul_mq_rotate_awq grid=[68, 4096, 1]
[census-k] gemm_mq4g256v2_residual_wmma_gfx12_bt8 grid=[320, 32, 1]
[census-k] fused_rmsnorm_mq_rotate_awq grid=[4096, 1, 1]
[census-k] gemm_qkvza_mq4g256v2_wmma_gfx12_bt8 grid=[1030, 32, 1]
[census-k] gdn_pre_batched_gfx1201 grid=[5248, 1, 1]
[census-k] gated_delta_net_q8_fast grid=[48, 32, 1]
[census-k] gated_delta_net_q8_fast grid=[48, 32, 1]
[census-k] gated_delta_net_q8_fast grid=[48, 32, 1]
[census-k] gated_delta_net_q8_fast grid=[48, 32, 1]
[census-k] gated_delta_net_q8_fast grid=[48, 32, 1]
[census-k] gated_delta_net_q8_fast grid=[48, 32, 1]
[census-k] gated_delta_net_q8_fast grid=[48, 32, 1]
[census-k] gated_delta_net_q8_fast grid=[48, 32, 1]
[census-k] gated_norm_f32 grid=[48, 4096, 1]
[census-k] gemm_mq4g256v2_residual_wmma_gfx12_bt8 grid=[320, 32, 1]
[census-k] fused_rmsnorm_mq_rotate_awq grid=[4096, 1, 1]
[census-k] gemm_gate_up_mq4g256v2_wmma_gfx12_bt8 grid=[2176, 32, 1]
[census-k] fused_silu_mul_mq_rotate_awq grid=[68, 4096, 1]
[census-k] gemm_mq4g256v2_residual_wmma_gfx12_bt8 grid=[320, 32, 1]
[census-k] fused_rmsnorm_mq_rotate_awq grid=[4096, 1, 1]
[census-k] gemm_qkv_mq4g256v2_wmma_gfx12 grid=[896, 256, 1]
[census-k] deinterleave_q_rmsnorm_f32_batched grid=[24, 4096, 1]
[census-k] rmsnorm_f32 grid=[16384, 1, 1]
[census-k] rope_partial_halfsplit_batched_f32 grid=[1, 4096, 1]
[census-k] kv_cache_write_fp8_e4m3_batched grid=[4, 512, 1]
[census-k] kv_cache_write_fp8_e4m3_batched grid=[4, 512, 1]
[census-k] attention_fp8_e4m3_fa2_q_preconvert_fp8_gfx1201 grid=[3072, 1, 1]
[census-k] attention_fp8_e4m3_fa2_gqa_gfx1201 grid=[64, 4, 1]
[census-k] kv_cache_write_fp8_e4m3_batched grid=[4, 512, 1]
[census-k] kv_cache_write_fp8_e4m3_batched grid=[4, 512, 1]
[census-k] attention_fp8_e4m3_fa2_q_preconvert_fp8_gfx1201 grid=[3072, 1, 1]
[census-k] attention_fp8_e4m3_fa2_gqa_gfx1201 grid=[64, 4, 1]
[census-k] kv_cache_write_fp8_e4m3_batched grid=[4, 512, 1]
[census-k] kv_cache_write_fp8_e4m3_batched grid=[4, 512, 1]
[census-k] attention_fp8_e4m3_fa2_q_preconvert_fp8_gfx1201 grid=[3072, 1, 1]
[census-k] attention_fp8_e4m3_fa2_gqa_gfx1201 grid=[64, 4, 1]
[census-k] kv_cache_write_fp8_e4m3_batched grid=[4, 512, 1]
[census-k] kv_cache_write_fp8_e4m3_batched grid=[4, 512, 1]
[census-k] attention_fp8_e4m3_fa2_q_preconvert_fp8_gfx1201 grid=[3072, 1, 1]
[census-k] attention_fp8_e4m3_fa2_gqa_gfx1201 grid=[64, 4, 1]
[census-k] kv_cache_write_fp8_e4m3_batched grid=[4, 512, 1]
[census-k] kv_cache_write_fp8_e4m3_batched grid=[4, 512, 1]
[census-k] attention_fp8_e4m3_fa2_q_preconvert_fp8_gfx1201 grid=[3072, 1, 1]
[census-k] attention_fp8_e4m3_fa2_gqa_gfx1201 grid=[64, 4, 1]
[census-k] kv_cache_write_fp8_e4m3_batched grid=[4, 512, 1]
[census-k] kv_cache_write_fp8_e4m3_batched grid=[4, 512, 1]
[census-k] attention_fp8_e4m3_fa2_q_preconvert_fp8_gfx1201 grid=[3072, 1, 1]
[census-k] attention_fp8_e4m3_fa2_gqa_gfx1201 grid=[64, 4, 1]
[census-k] kv_cache_write_fp8_e4m3_batched grid=[4, 512, 1]
[census-k] kv_cache_write_fp8_e4m3_batched grid=[4, 512, 1]
[census-k] attention_fp8_e4m3_fa2_q_preconvert_fp8_gfx1201 grid=[3072, 1, 1]
[census-k] attention_fp8_e4m3_fa2_gqa_gfx1201 grid=[64, 4, 1]
[census-k] kv_cache_write_fp8_e4m3_batched grid=[4, 512, 1]
[census-k] kv_cache_write_fp8_e4m3_batched grid=[4, 512, 1]
[census-k] attention_fp8_e4m3_fa2_q_preconvert_fp8_gfx1201 grid=[3072, 1, 1]
[census-k] attention_fp8_e4m3_fa2_gqa_gfx1201 grid=[64, 4, 1]
[census-k] sigmoid_mul_f32 grid=[98304, 1, 1]
[census-k] gemm_mq4g256v2_residual_wmma_gfx12_bt8 grid=[320, 32, 1]
[census-k] fused_rmsnorm_mq_rotate_awq grid=[4096, 1, 1]
[census-k] gemm_gate_up_mq4g256v2_wmma_gfx12_bt8 grid=[2176, 32, 1]
[census-k] fused_silu_mul_mq_rotate_awq grid=[68, 4096, 1]
[census-k] gemm_mq4g256v2_residual_wmma_gfx12_bt8 grid=[320, 32, 1]
[census-k] fused_rmsnorm_mq_rotate_awq grid=[4096, 1, 1]
[census-k] gemm_qkvza_mq4g256v2_wmma_gfx12_bt8 grid=[1030, 32, 1]
[census-k] gdn_pre_batched_gfx1201 grid=[5248, 1, 1]
[census-k] gated_delta_net_q8_fast grid=[48, 32, 1]
[census-k] gated_delta_net_q8_fast grid=[48, 32, 1]
[census-k] gated_delta_net_q8_fast grid=[48, 32, 1]
[census-k] gated_delta_net_q8_fast grid=[48, 32, 1]
[census-k] gated_delta_net_q8_fast grid=[48, 32, 1]
[census-k] gated_delta_net_q8_fast grid=[48, 32, 1]
[census-k] gated_delta_net_q8_fast grid=[48, 32, 1]
[census-k] gated_delta_net_q8_fast grid=[48, 32, 1]
[census-k] gated_norm_f32 grid=[48, 4096, 1]
[census-k] gemm_mq4g256v2_residual_wmma_gfx12_bt8 grid=[320, 32, 1]
[census-k] fused_rmsnorm_mq_rotate_awq grid=[4096, 1, 1]
[census-k] gemm_gate_up_mq4g256v2_wmma_gfx12_bt8 grid=[2176, 32, 1]
[census-k] fused_silu_mul_mq_rotate_awq grid=[68, 4096, 1]
[census-k] gemm_mq4g256v2_residual_wmma_gfx12_bt8 grid=[320, 32, 1]
[census-k] fused_rmsnorm_mq_rotate_awq grid=[4096, 1, 1]
[census-k] gemm_qkvza_mq4g256v2_wmma_gfx12_bt8 grid=[1030, 32, 1]
[census-k] gdn_pre_batched_gfx1201 grid=[5248, 1, 1]
[census-k] gated_delta_net_q8_fast grid=[48, 32, 1]
[census-k] gated_delta_net_q8_fast grid=[48, 32, 1]
[census-k] gated_delta_net_q8_fast grid=[48, 32, 1]
[census-k] gated_delta_net_q8_fast grid=[48, 32, 1]
[census-k] gated_delta_net_q8_fast grid=[48, 32, 1]
[census-k] gated_delta_net_q8_fast grid=[48, 32, 1]
[census-k] gated_delta_net_q8_fast grid=[48, 32, 1]
[census-k] gated_delta_net_q8_fast grid=[48, 32, 1]
[census-k] gated_norm_f32 grid=[48, 4096, 1]
[census-k] gemm_mq4g256v2_residual_wmma_gfx12_bt8 grid=[320, 32, 1]
[census-k] fused_rmsnorm_mq_rotate_awq grid=[4096, 1, 1]
[census-k] gemm_gate_up_mq4g256v2_wmma_gfx12_bt8 grid=[2176, 32, 1]
[census-k] fused_silu_mul_mq_rotate_awq grid=[68, 4096, 1]
[census-k] gemm_mq4g256v2_residual_wmma_gfx12_bt8 grid=[320, 32, 1]
[census-k] fused_rmsnorm_mq_rotate_awq grid=[4096, 1, 1]
[census-k] gemm_qkvza_mq4g256v2_wmma_gfx12_bt8 grid=[1030, 32, 1]
[census-k] gdn_pre_batched_gfx1201 grid=[5248, 1, 1]
[census-k] gated_delta_net_q8_fast grid=[48, 32, 1]
[census-k] gated_delta_net_q8_fast grid=[48, 32, 1]
[census-k] gated_delta_net_q8_fast grid=[48, 32, 1]
[census-k] gated_delta_net_q8_fast grid=[48, 32, 1]
[census-k] gated_delta_net_q8_fast grid=[48, 32, 1]
[census-k] gated_delta_net_q8_fast grid=[48, 32, 1]
[census-k] gated_delta_net_q8_fast grid=[48, 32, 1]
[census-k] gated_delta_net_q8_fast grid=[48, 32, 1]
[census-k] gated_norm_f32 grid=[48, 4096, 1]
[census-k] gemm_mq4g256v2_residual_wmma_gfx12_bt8 grid=[320, 32, 1]
[census-k] fused_rmsnorm_mq_rotate_awq grid=[4096, 1, 1]
[census-k] gemm_gate_up_mq4g256v2_wmma_gfx12_bt8 grid=[2176, 32, 1]
[census-k] fused_silu_mul_mq_rotate_awq grid=[68, 4096, 1]
[census-k] gemm_mq4g256v2_residual_wmma_gfx12_bt8 grid=[320, 32, 1]
[census-k] fused_rmsnorm_mq_rotate_awq grid=[4096, 1, 1]
[census-k] gemm_qkv_mq4g256v2_wmma_gfx12 grid=[896, 256, 1]
[census-k] deinterleave_q_rmsnorm_f32_batched grid=[24, 4096, 1]
[census-k] rmsnorm_f32 grid=[16384, 1, 1]
[census-k] rope_partial_halfsplit_batched_f32 grid=[1, 4096, 1]
[census-k] kv_cache_write_fp8_e4m3_batched grid=[4, 512, 1]
[census-k] kv_cache_write_fp8_e4m3_batched grid=[4, 512, 1]
[census-k] attention_fp8_e4m3_fa2_q_preconvert_fp8_gfx1201 grid=[3072, 1, 1]
[census-k] attention_fp8_e4m3_fa2_gqa_gfx1201 grid=[64, 4, 1]
[census-k] kv_cache_write_fp8_e4m3_batched grid=[4, 512, 1]
[census-k] kv_cache_write_fp8_e4m3_batched grid=[4, 512, 1]
[census-k] attention_fp8_e4m3_fa2_q_preconvert_fp8_gfx1201 grid=[3072, 1, 1]
[census-k] attention_fp8_e4m3_fa2_gqa_gfx1201 grid=[64, 4, 1]
[census-k] kv_cache_write_fp8_e4m3_batched grid=[4, 512, 1]
[census-k] kv_cache_write_fp8_e4m3_batched grid=[4, 512, 1]
[census-k] attention_fp8_e4m3_fa2_q_preconvert_fp8_gfx1201 grid=[3072, 1, 1]
[census-k] attention_fp8_e4m3_fa2_gqa_gfx1201 grid=[64, 4, 1]
[census-k] kv_cache_write_fp8_e4m3_batched grid=[4, 512, 1]
[census-k] kv_cache_write_fp8_e4m3_batched grid=[4, 512, 1]
[census-k] attention_fp8_e4m3_fa2_q_preconvert_fp8_gfx1201 grid=[3072, 1, 1]
[census-k] attention_fp8_e4m3_fa2_gqa_gfx1201 grid=[64, 4, 1]
[census-k] kv_cache_write_fp8_e4m3_batched grid=[4, 512, 1]
[census-k] kv_cache_write_fp8_e4m3_batched grid=[4, 512, 1]
[census-k] attention_fp8_e4m3_fa2_q_preconvert_fp8_gfx1201 grid=[3072, 1, 1]
[census-k] attention_fp8_e4m3_fa2_gqa_gfx1201 grid=[64, 4, 1]
[census-k] kv_cache_write_fp8_e4m3_batched grid=[4, 512, 1]
[census-k] kv_cache_write_fp8_e4m3_batched grid=[4, 512, 1]
[census-k] attention_fp8_e4m3_fa2_q_preconvert_fp8_gfx1201 grid=[3072, 1, 1]
[census-k] attention_fp8_e4m3_fa2_gqa_gfx1201 grid=[64, 4, 1]
[census-k] kv_cache_write_fp8_e4m3_batched grid=[4, 512, 1]
[census-k] kv_cache_write_fp8_e4m3_batched grid=[4, 512, 1]
[census-k] attention_fp8_e4m3_fa2_q_preconvert_fp8_gfx1201 grid=[3072, 1, 1]
[census-k] attention_fp8_e4m3_fa2_gqa_gfx1201 grid=[64, 4, 1]
[census-k] kv_cache_write_fp8_e4m3_batched grid=[4, 512, 1]
[census-k] kv_cache_write_fp8_e4m3_batched grid=[4, 512, 1]
[census-k] attention_fp8_e4m3_fa2_q_preconvert_fp8_gfx1201 grid=[3072, 1, 1]
[census-k] attention_fp8_e4m3_fa2_gqa_gfx1201 grid=[64, 4, 1]
[census-k] sigmoid_mul_f32 grid=[98304, 1, 1]
[census-k] gemm_mq4g256v2_residual_wmma_gfx12_bt8 grid=[320, 32, 1]
[census-k] fused_rmsnorm_mq_rotate_awq grid=[4096, 1, 1]
[census-k] gemm_gate_up_mq4g256v2_wmma_gfx12_bt8 grid=[2176, 32, 1]
[census-k] fused_silu_mul_mq_rotate_awq grid=[68, 4096, 1]
[census-k] gemm_mq4g256v2_residual_wmma_gfx12_bt8 grid=[320, 32, 1]
[census-k] fused_rmsnorm_mq_rotate_awq grid=[4096, 1, 1]
[census-k] gemm_qkvza_mq4g256v2_wmma_gfx12_bt8 grid=[1030, 32, 1]
[census-k] gdn_pre_batched_gfx1201 grid=[5248, 1, 1]
[census-k] gated_delta_net_q8_fast grid=[48, 32, 1]
[census-k] gated_delta_net_q8_fast grid=[48, 32, 1]
[census-k] gated_delta_net_q8_fast grid=[48, 32, 1]
[census-k] gated_delta_net_q8_fast grid=[48, 32, 1]
[census-k] gated_delta_net_q8_fast grid=[48, 32, 1]
[census-k] gated_delta_net_q8_fast grid=[48, 32, 1]
[census-k] gated_delta_net_q8_fast grid=[48, 32, 1]
[census-k] gated_delta_net_q8_fast grid=[48, 32, 1]
[census-k] gated_norm_f32 grid=[48, 4096, 1]
[census-k] gemm_mq4g256v2_residual_wmma_gfx12_bt8 grid=[320, 32, 1]
[census-k] fused_rmsnorm_mq_rotate_awq grid=[4096, 1, 1]
[census-k] gemm_gate_up_mq4g256v2_wmma_gfx12_bt8 grid=[2176, 32, 1]
[census-k] fused_silu_mul_mq_rotate_awq grid=[68, 4096, 1]
[census-k] gemm_mq4g256v2_residual_wmma_gfx12_bt8 grid=[320, 32, 1]
[census-k] fused_rmsnorm_mq_rotate_awq grid=[4096, 1, 1]
[census-k] gemm_qkvza_mq4g256v2_wmma_gfx12_bt8 grid=[1030, 32, 1]
[census-k] gdn_pre_batched_gfx1201 grid=[5248, 1, 1]
[census-k] gated_delta_net_q8_fast grid=[48, 32, 1]
[census-k] gated_delta_net_q8_fast grid=[48, 32, 1]
[census-k] gated_delta_net_q8_fast grid=[48, 32, 1]
[census-k] gated_delta_net_q8_fast grid=[48, 32, 1]
[census-k] gated_delta_net_q8_fast grid=[48, 32, 1]
[census-k] gated_delta_net_q8_fast grid=[48, 32, 1]
[census-k] gated_delta_net_q8_fast grid=[48, 32, 1]
[census-k] gated_delta_net_q8_fast grid=[48, 32, 1]
[census-k] gated_norm_f32 grid=[48, 4096, 1]
[census-k] gemm_mq4g256v2_residual_wmma_gfx12_bt8 grid=[320, 32, 1]
[census-k] fused_rmsnorm_mq_rotate_awq grid=[4096, 1, 1]
[census-k] gemm_gate_up_mq4g256v2_wmma_gfx12_bt8 grid=[2176, 32, 1]
[census-k] fused_silu_mul_mq_rotate_awq grid=[68, 4096, 1]
[census-k] gemm_mq4g256v2_residual_wmma_gfx12_bt8 grid=[320, 32, 1]
[census-k] fused_rmsnorm_mq_rotate_awq grid=[4096, 1, 1]
[census-k] gemm_qkvza_mq4g256v2_wmma_gfx12_bt8 grid=[1030, 32, 1]
[census-k] gdn_pre_batched_gfx1201 grid=[5248, 1, 1]
[census-k] gated_delta_net_q8_fast grid=[48, 32, 1]
[census-k] gated_delta_net_q8_fast grid=[48, 32, 1]
[census-k] gated_delta_net_q8_fast grid=[48, 32, 1]
[census-k] gated_delta_net_q8_fast grid=[48, 32, 1]
[census-k] gated_delta_net_q8_fast grid=[48, 32, 1]
[census-k] gated_delta_net_q8_fast grid=[48, 32, 1]
[census-k] gated_delta_net_q8_fast grid=[48, 32, 1]
[census-k] gated_delta_net_q8_fast grid=[48, 32, 1]
[census-k] gated_norm_f32 grid=[48, 4096, 1]
[census-k] gemm_mq4g256v2_residual_wmma_gfx12_bt8 grid=[320, 32, 1]
[census-k] fused_rmsnorm_mq_rotate_awq grid=[4096, 1, 1]
[census-k] gemm_gate_up_mq4g256v2_wmma_gfx12_bt8 grid=[2176, 32, 1]
[census-k] fused_silu_mul_mq_rotate_awq grid=[68, 4096, 1]
[census-k] gemm_mq4g256v2_residual_wmma_gfx12_bt8 grid=[320, 32, 1]
[census-k] fused_rmsnorm_mq_rotate_awq grid=[4096, 1, 1]
[census-k] gemm_qkv_mq4g256v2_wmma_gfx12 grid=[896, 256, 1]
[census-k] deinterleave_q_rmsnorm_f32_batched grid=[24, 4096, 1]
[census-k] rmsnorm_f32 grid=[16384, 1, 1]
[census-k] rope_partial_halfsplit_batched_f32 grid=[1, 4096, 1]
[census-k] kv_cache_write_fp8_e4m3_batched grid=[4, 512, 1]
[census-k] kv_cache_write_fp8_e4m3_batched grid=[4, 512, 1]
[census-k] attention_fp8_e4m3_fa2_q_preconvert_fp8_gfx1201 grid=[3072, 1, 1]
[census-k] attention_fp8_e4m3_fa2_gqa_gfx1201 grid=[64, 4, 1]
[census-k] kv_cache_write_fp8_e4m3_batched grid=[4, 512, 1]
[census-k] kv_cache_write_fp8_e4m3_batched grid=[4, 512, 1]
[census-k] attention_fp8_e4m3_fa2_q_preconvert_fp8_gfx1201 grid=[3072, 1, 1]
[census-k] attention_fp8_e4m3_fa2_gqa_gfx1201 grid=[64, 4, 1]
[census-k] kv_cache_write_fp8_e4m3_batched grid=[4, 512, 1]
[census-k] kv_cache_write_fp8_e4m3_batched grid=[4, 512, 1]
[census-k] attention_fp8_e4m3_fa2_q_preconvert_fp8_gfx1201 grid=[3072, 1, 1]
[census-k] attention_fp8_e4m3_fa2_gqa_gfx1201 grid=[64, 4, 1]
[census-k] kv_cache_write_fp8_e4m3_batched grid=[4, 512, 1]
[census-k] kv_cache_write_fp8_e4m3_batched grid=[4, 512, 1]
[census-k] attention_fp8_e4m3_fa2_q_preconvert_fp8_gfx1201 grid=[3072, 1, 1]
[census-k] attention_fp8_e4m3_fa2_gqa_gfx1201 grid=[64, 4, 1]
[census-k] kv_cache_write_fp8_e4m3_batched grid=[4, 512, 1]
[census-k] kv_cache_write_fp8_e4m3_batched grid=[4, 512, 1]
[census-k] attention_fp8_e4m3_fa2_q_preconvert_fp8_gfx1201 grid=[3072, 1, 1]
[census-k] attention_fp8_e4m3_fa2_gqa_gfx1201 grid=[64, 4, 1]
[census-k] kv_cache_write_fp8_e4m3_batched grid=[4, 512, 1]
[census-k] kv_cache_write_fp8_e4m3_batched grid=[4, 512, 1]
[census-k] attention_fp8_e4m3_fa2_q_preconvert_fp8_gfx1201 grid=[3072, 1, 1]
[census-k] attention_fp8_e4m3_fa2_gqa_gfx1201 grid=[64, 4, 1]
[census-k] kv_cache_write_fp8_e4m3_batched grid=[4, 512, 1]
[census-k] kv_cache_write_fp8_e4m3_batched grid=[4, 512, 1]
[census-k] attention_fp8_e4m3_fa2_q_preconvert_fp8_gfx1201 grid=[3072, 1, 1]
[census-k] attention_fp8_e4m3_fa2_gqa_gfx1201 grid=[64, 4, 1]
[census-k] kv_cache_write_fp8_e4m3_batched grid=[4, 512, 1]
[census-k] kv_cache_write_fp8_e4m3_batched grid=[4, 512, 1]
[census-k] attention_fp8_e4m3_fa2_q_preconvert_fp8_gfx1201 grid=[3072, 1, 1]
[census-k] attention_fp8_e4m3_fa2_gqa_gfx1201 grid=[64, 4, 1]
[census-k] sigmoid_mul_f32 grid=[98304, 1, 1]
[census-k] gemm_mq4g256v2_residual_wmma_gfx12_bt8 grid=[320, 32, 1]
[census-k] fused_rmsnorm_mq_rotate_awq grid=[4096, 1, 1]
[census-k] gemm_gate_up_mq4g256v2_wmma_gfx12_bt8 grid=[2176, 32, 1]
[census-k] fused_silu_mul_mq_rotate_awq grid=[68, 4096, 1]
[census-k] gemm_mq4g256v2_residual_wmma_gfx12_bt8 grid=[320, 32, 1]
[census-k] fused_rmsnorm_mq_rotate_awq grid=[4096, 1, 1]
[census-k] gemm_qkvza_mq4g256v2_wmma_gfx12_bt8 grid=[1030, 32, 1]
[census-k] gdn_pre_batched_gfx1201 grid=[5248, 1, 1]
[census-k] gated_delta_net_q8_fast grid=[48, 32, 1]
[census-k] gated_delta_net_q8_fast grid=[48, 32, 1]
[census-k] gated_delta_net_q8_fast grid=[48, 32, 1]
[census-k] gated_delta_net_q8_fast grid=[48, 32, 1]
[census-k] gated_delta_net_q8_fast grid=[48, 32, 1]
[census-k] gated_delta_net_q8_fast grid=[48, 32, 1]
[census-k] gated_delta_net_q8_fast grid=[48, 32, 1]
[census-k] gated_delta_net_q8_fast grid=[48, 32, 1]
[census-k] gated_norm_f32 grid=[48, 4096, 1]
[census-k] gemm_mq4g256v2_residual_wmma_gfx12_bt8 grid=[320, 32, 1]
[census-k] fused_rmsnorm_mq_rotate_awq grid=[4096, 1, 1]
[census-k] gemm_gate_up_mq4g256v2_wmma_gfx12_bt8 grid=[2176, 32, 1]
[census-k] fused_silu_mul_mq_rotate_awq grid=[68, 4096, 1]
[census-k] gemm_mq4g256v2_residual_wmma_gfx12_bt8 grid=[320, 32, 1]
[census-k] fused_rmsnorm_mq_rotate_awq grid=[4096, 1, 1]
[census-k] gemm_qkvza_mq4g256v2_wmma_gfx12_bt8 grid=[1030, 32, 1]
[census-k] gdn_pre_batched_gfx1201 grid=[5248, 1, 1]
[census-k] gated_delta_net_q8_fast grid=[48, 32, 1]
[census-k] gated_delta_net_q8_fast grid=[48, 32, 1]
[census-k] gated_delta_net_q8_fast grid=[48, 32, 1]
[census-k] gated_delta_net_q8_fast grid=[48, 32, 1]
[census-k] gated_delta_net_q8_fast grid=[48, 32, 1]
[census-k] gated_delta_net_q8_fast grid=[48, 32, 1]
[census-k] gated_delta_net_q8_fast grid=[48, 32, 1]
[census-k] gated_delta_net_q8_fast grid=[48, 32, 1]
[census-k] gated_norm_f32 grid=[48, 4096, 1]
[census-k] gemm_mq4g256v2_residual_wmma_gfx12_bt8 grid=[320, 32, 1]
[census-k] fused_rmsnorm_mq_rotate_awq grid=[4096, 1, 1]
[census-k] gemm_gate_up_mq4g256v2_wmma_gfx12_bt8 grid=[2176, 32, 1]
[census-k] fused_silu_mul_mq_rotate_awq grid=[68, 4096, 1]
[census-k] gemm_mq4g256v2_residual_wmma_gfx12_bt8 grid=[320, 32, 1]
[census-k] fused_rmsnorm_mq_rotate_awq grid=[4096, 1, 1]
[census-k] gemm_qkvza_mq4g256v2_wmma_gfx12_bt8 grid=[1030, 32, 1]
[census-k] gdn_pre_batched_gfx1201 grid=[5248, 1, 1]
[census-k] gated_delta_net_q8_fast grid=[48, 32, 1]
[census-k] gated_delta_net_q8_fast grid=[48, 32, 1]
[census-k] gated_delta_net_q8_fast grid=[48, 32, 1]
[census-k] gated_delta_net_q8_fast grid=[48, 32, 1]
[census-k] gated_delta_net_q8_fast grid=[48, 32, 1]
[census-k] gated_delta_net_q8_fast grid=[48, 32, 1]
[census-k] gated_delta_net_q8_fast grid=[48, 32, 1]
[census-k] gated_delta_net_q8_fast grid=[48, 32, 1]
[census-k] gated_norm_f32 grid=[48, 4096, 1]
[census-k] gemm_mq4g256v2_residual_wmma_gfx12_bt8 grid=[320, 32, 1]
[census-k] fused_rmsnorm_mq_rotate_awq grid=[4096, 1, 1]
[census-k] gemm_gate_up_mq4g256v2_wmma_gfx12_bt8 grid=[2176, 32, 1]
[census-k] fused_silu_mul_mq_rotate_awq grid=[68, 4096, 1]
[census-k] gemm_mq4g256v2_residual_wmma_gfx12_bt8 grid=[320, 32, 1]
[census-k] fused_rmsnorm_mq_rotate_awq grid=[4096, 1, 1]
[census-k] gemm_qkv_mq4g256v2_wmma_gfx12 grid=[896, 256, 1]
[census-k] deinterleave_q_rmsnorm_f32_batched grid=[24, 4096, 1]
[census-k] rmsnorm_f32 grid=[16384, 1, 1]
[census-k] rope_partial_halfsplit_batched_f32 grid=[1, 4096, 1]
[census-k] kv_cache_write_fp8_e4m3_batched grid=[4, 512, 1]
[census-k] kv_cache_write_fp8_e4m3_batched grid=[4, 512, 1]
[census-k] attention_fp8_e4m3_fa2_q_preconvert_fp8_gfx1201 grid=[3072, 1, 1]
[census-k] attention_fp8_e4m3_fa2_gqa_gfx1201 grid=[64, 4, 1]
[census-k] kv_cache_write_fp8_e4m3_batched grid=[4, 512, 1]
[census-k] kv_cache_write_fp8_e4m3_batched grid=[4, 512, 1]
[census-k] attention_fp8_e4m3_fa2_q_preconvert_fp8_gfx1201 grid=[3072, 1, 1]
[census-k] attention_fp8_e4m3_fa2_gqa_gfx1201 grid=[64, 4, 1]
[census-k] kv_cache_write_fp8_e4m3_batched grid=[4, 512, 1]
[census-k] kv_cache_write_fp8_e4m3_batched grid=[4, 512, 1]
[census-k] attention_fp8_e4m3_fa2_q_preconvert_fp8_gfx1201 grid=[3072, 1, 1]
[census-k] attention_fp8_e4m3_fa2_gqa_gfx1201 grid=[64, 4, 1]
[census-k] kv_cache_write_fp8_e4m3_batched grid=[4, 512, 1]
[census-k] kv_cache_write_fp8_e4m3_batched grid=[4, 512, 1]
[census-k] attention_fp8_e4m3_fa2_q_preconvert_fp8_gfx1201 grid=[3072, 1, 1]
[census-k] attention_fp8_e4m3_fa2_gqa_gfx1201 grid=[64, 4, 1]
[census-k] kv_cache_write_fp8_e4m3_batched grid=[4, 512, 1]
[census-k] kv_cache_write_fp8_e4m3_batched grid=[4, 512, 1]
[census-k] attention_fp8_e4m3_fa2_q_preconvert_fp8_gfx1201 grid=[3072, 1, 1]
[census-k] attention_fp8_e4m3_fa2_gqa_gfx1201 grid=[64, 4, 1]
[census-k] kv_cache_write_fp8_e4m3_batched grid=[4, 512, 1]
[census-k] kv_cache_write_fp8_e4m3_batched grid=[4, 512, 1]
[census-k] attention_fp8_e4m3_fa2_q_preconvert_fp8_gfx1201 grid=[3072, 1, 1]
[census-k] attention_fp8_e4m3_fa2_gqa_gfx1201 grid=[64, 4, 1]
[census-k] kv_cache_write_fp8_e4m3_batched grid=[4, 512, 1]
[census-k] kv_cache_write_fp8_e4m3_batched grid=[4, 512, 1]
[census-k] attention_fp8_e4m3_fa2_q_preconvert_fp8_gfx1201 grid=[3072, 1, 1]
[census-k] attention_fp8_e4m3_fa2_gqa_gfx1201 grid=[64, 4, 1]
[census-k] kv_cache_write_fp8_e4m3_batched grid=[4, 512, 1]
[census-k] kv_cache_write_fp8_e4m3_batched grid=[4, 512, 1]
[census-k] attention_fp8_e4m3_fa2_q_preconvert_fp8_gfx1201 grid=[3072, 1, 1]
[census-k] attention_fp8_e4m3_fa2_gqa_gfx1201 grid=[64, 4, 1]
[census-k] sigmoid_mul_f32 grid=[98304, 1, 1]
[census-k] gemm_mq4g256v2_residual_wmma_gfx12_bt8 grid=[320, 32, 1]
[census-k] fused_rmsnorm_mq_rotate_awq grid=[4096, 1, 1]
[census-k] gemm_gate_up_mq4g256v2_wmma_gfx12_bt8 grid=[2176, 32, 1]
[census-k] fused_silu_mul_mq_rotate_awq grid=[68, 4096, 1]
[census-k] gemm_mq4g256v2_residual_wmma_gfx12_bt8 grid=[320, 32, 1]
[census-trace] D2D-at size=20480 stack=[]
[census-k] rmsnorm_f32 grid=[1, 1, 1]
[census-k] mq_rotate_x grid=[20, 1, 1]
[census-k] gemv_mq4g256v2_multirow_r2 grid=[124160, 1, 1]
[census-trace] DSYNC size=0 stack=[]
chunk1 post: state=RecordingWarmup fallback=None recorded=1828
chunk1: tape=1828 total=1828 rawinv=0 htod=2 dtod=1 dtoh=0 memset=0 ssync=0 esync=0 dsync=1 enslookup=0 unique=21 seq_hash=991b54b2a51c8bf9
typed(binding_layout)=1828 untyped=0 grid_bound=0
per-kernel histogram (all launches):
    128  attention_fp8_e4m3_fa2_gqa_gfx1201
    128  attention_fp8_e4m3_fa2_q_preconvert_fp8_gfx1201
    256  convert_f32_to_f16
     16  deinterleave_q_rmsnorm_f32_batched
      1  embedding_q8_batched
    128  fused_rmsnorm_mq_rotate_awq
     64  fused_silu_mul_mq_rotate_awq
    384  gated_delta_net_q8_fast
     48  gated_norm_f32
     48  gdn_pre_batched_gfx1201
     64  gemm_gate_up_mq4g256v2_wmma_gfx12_bt8
    128  gemm_mq4g256v2_residual_wmma_gfx12_bt8
     16  gemm_qkv_mq4g256v2_wmma_gfx12
     48  gemm_qkvza_mq4g256v2_wmma_gfx12_bt8
      1  gemv_mq4g256v2_multirow_r2
    256  kv_cache_write_fp8_e4m3_batched
      1  mq_rotate_x
     17  rmsnorm_f32
     16  rope_partial_halfsplit_batched_f32
     64  rotate_x_mq_awq
     16  sigmoid_mul_f32
untyped kernels: NONE
grid/block/lds mismatches=0 kernarg-len mismatches=0
scalar (non-pointer) variant slots, grouped by (kernel, off, len):
  n= 128  attention_fp8_e4m3_fa2_gqa_gfx1201                               off= 26 len= 3 A=0x22c60 B=0x19de0 d=-36480 
  n= 128  attention_fp8_e4m3_fa2_gqa_gfx1201                               off= 33 len= 1 A=0xb0 B=0x30 d=-128 
  n= 128  attention_fp8_e4m3_fa2_q_preconvert_fp8_gfx1201                  off=  2 len= 3 A=0x21b40 B=0x1ac60 d=-28384 
  n=  64  convert_f32_to_f16                                               off=  2 len= 2 A=0xe700 B=0xc4c0 d=-8768 
  n= 144  convert_f32_to_f16                                               off=  2 len= 3 A=0x19de0 B=0x22c60 d=+36480 
  n=  48  convert_f32_to_f16                                               off=  3 len= 2 A=0x210 B=0x1be d=-82 
  n=   3  convert_f32_to_f16                                               off= 10 len= 2 A=0x9520 B=0x43e0 d=-20800 
  n=  16  deinterleave_q_rmsnorm_f32_batched                               off=  3 len= 1 A=0x4c B=0xb2 d=+102 
  n=  16  deinterleave_q_rmsnorm_f32_batched                               off= 10 len= 3 A=0x21b40 B=0x1ac60 d=-28384 
  n=  16  deinterleave_q_rmsnorm_f32_batched                               off= 18 len= 3 A=0x234c0 B=0x1a640 d=-36480 
  n=   1  embedding_q8_batched                                             off= 10 len= 3 A=0x197c0 B=0x22640 d=+36480 
  n=   1  embedding_q8_batched                                             off= 17 len= 1 A=0x30 B=0xb0 d=+128 
  n= 128  fused_rmsnorm_mq_rotate_awq                                      off=  2 len= 3 A=0x197c0 B=0x22640 d=+36480 
  n= 128  fused_rmsnorm_mq_rotate_awq                                      off= 42 len= 3 A=0x19de0 B=0x22c60 d=+36480 
  n=  64  fused_silu_mul_mq_rotate_awq                                     off=  2 len= 2 A=0xc4c0 B=0xe700 d=+8768 
  n=  64  fused_silu_mul_mq_rotate_awq                                     off= 42 len= 2 A=0xe700 B=0xc4c0 d=-8768 
  n= 384  gated_delta_net_q8_fast                                          off=  2 len= 3 A=0x1f820 B=0x20a80 d=+4704 
  n= 240  gated_delta_net_q8_fast                                          off= 10 len= 2 A=0x80 B=0x6a0 d=+1568 
  n= 144  gated_delta_net_q8_fast                                          off= 10 len= 3 A=0x1fe40 B=0x20460 d=+1568 
  n= 384  gated_delta_net_q8_fast                                          off= 19 len= 2 A=0x1be B=0x210 d=+82 
  n= 384  gated_delta_net_q8_fast                                          off= 25 len= 3 A=0x1b0000 B=0x3caf30 d=+2207536 
  n= 384  gated_delta_net_q8_fast                                          off= 33 len= 3 A=0x3caf30 B=0x1b0000 d=-2207536 
  n= 240  gated_delta_net_q8_fast                                          off= 58 len= 2 A=0x6a0 B=0x80 d=-1568 
  n= 144  gated_delta_net_q8_fast                                          off= 58 len= 3 A=0x20460 B=0x1fe40 d=-1568 
  n= 384  gated_delta_net_q8_fast                                          off= 78 len= 1 A=0x6 B=0x9 d=+3 
  n=  48  gated_norm_f32                                                   off=  2 len= 3 A=0x20460 B=0x1fe40 d=-1568 
  n=  48  gated_norm_f32                                                   off= 10 len= 3 A=0x1ac60 B=0x21b40 d=+28384 
  n=  48  gated_norm_f32                                                   off= 26 len= 3 A=0x20a80 B=0x1f820 d=-4704 
  n=  48  gdn_pre_batched_gfx1201                                          off=  1 len= 3 A=0x3caf30 B=0x1b0000 d=-2207536 
  n=  48  gdn_pre_batched_gfx1201                                          off=  9 len= 3 A=0x1b0000 B=0x3caf30 d=+2207536 
  n=  48  gdn_pre_batched_gfx1201                                          off= 35 len= 1 A=0xb2 B=0x4c d=-102 
  n=  48  gdn_pre_batched_gfx1201                                          off= 58 len= 2 A=0x16c0 B=0x18e0 d=+544 
  n=  48  gdn_pre_batched_gfx1201                                          off= 66 len= 2 A=0x18e0 B=0x16c0 d=-544 
  n=  48  gdn_pre_batched_gfx1201                                          off= 75 len= 2 A=0x1be B=0x210 d=+82 
  n=  48  gdn_pre_batched_gfx1201                                          off= 82 len= 3 A=0x1f820 B=0x20a80 d=+4704 
  n=  48  gdn_pre_batched_gfx1201                                          off= 90 len= 3 A=0x1fe40 B=0x20460 d=+1568 
  n=   1  gemm_gate_up_mq4g256v2_wmma_gfx12_bt8                            off= 18 len= 2 A=0x4960 B=0x43e0 d=-1408 
  n=  64  gemm_gate_up_mq4g256v2_wmma_gfx12_bt8                            off= 26 len= 2 A=0xc4c0 B=0xe700 d=+8768 
  n=   1  gemm_mq4g256v2_residual_wmma_gfx12_bt8                           off= 10 len= 2 A=0x4960 B=0x43e0 d=-1408 
  n= 128  gemm_mq4g256v2_residual_wmma_gfx12_bt8                           off= 18 len= 3 A=0x197c0 B=0x22640 d=+36480 
  n=  16  gemm_qkv_mq4g256v2_wmma_gfx12                                    off= 35 len= 1 A=0x4c B=0xb2 d=+102 
  n=  16  gemm_qkv_mq4g256v2_wmma_gfx12                                    off= 42 len= 2 A=0x33a0 B=0x3280 d=-288 
  n=  16  gemm_qkv_mq4g256v2_wmma_gfx12                                    off= 50 len= 2 A=0x3280 B=0x33a0 d=+288 
  n=   1  gemm_qkvza_mq4g256v2_wmma_gfx12_bt8                              off= 34 len= 2 A=0x9520 B=0x43e0 d=-20800 
  n=  48  gemm_qkvza_mq4g256v2_wmma_gfx12_bt8                              off= 43 len= 1 A=0xb2 B=0x4c d=-102 
  n=  48  gemm_qkvza_mq4g256v2_wmma_gfx12_bt8                              off= 50 len= 3 A=0x1ac60 B=0x21b40 d=+28384 
  n=  48  gemm_qkvza_mq4g256v2_wmma_gfx12_bt8                              off= 57 len= 3 A=0x3caf30 B=0x1b0000 d=-2207536 
  n=  48  gemm_qkvza_mq4g256v2_wmma_gfx12_bt8                              off= 65 len= 3 A=0x1b0000 B=0x3caf30 d=+2207536 
  n= 256  kv_cache_write_fp8_e4m3_batched                                  off= 10 len= 2 A=0x33a0 B=0x3280 d=-288 
  n= 256  kv_cache_write_fp8_e4m3_batched                                  off= 17 len= 1 A=0xb0 B=0x30 d=-128 
  n=  16  rmsnorm_f32                                                      off=  2 len= 2 A=0x33a0 B=0x3280 d=-288 
  n=  16  rmsnorm_f32                                                      off= 18 len= 2 A=0x33a0 B=0x3280 d=-288 
  n=  16  rope_partial_halfsplit_batched_f32                               off=  2 len= 3 A=0x21b40 B=0x1ac60 d=-28384 
  n=  16  rope_partial_halfsplit_batched_f32                               off= 10 len= 2 A=0x33a0 B=0x3280 d=-288 
  n=  16  rope_partial_halfsplit_batched_f32                               off= 17 len= 1 A=0xb0 B=0x30 d=-128 
  n=  64  rotate_x_mq_awq                                                  off=  2 len= 3 A=0x20a80 B=0x1f820 d=-4704 
  n=  16  rotate_x_mq_awq                                                  off= 10 len= 3 A=0x22640 B=0x197c0 d=-36480 
  n=  48  rotate_x_mq_awq                                                  off= 11 len= 2 A=0x210 B=0x1be d=-82 
  n=  16  sigmoid_mul_f32                                                  off=  2 len= 3 A=0x22c60 B=0x19de0 d=-36480 
  n=  16  sigmoid_mul_f32                                                  off= 10 len= 3 A=0x234c0 B=0x1a640 d=-36480 
pointer-like variant slots: 0 in 0 distinct deltas
