
base.gfx1201.o:	file format elf64-amdgpu

Disassembly of section .text:

0000000000002b00 <attention_fp8_e4m3_fa2_gqa_gfx1201>:
	s_load_b128 s[4:7], s[0:1], 0x28                           // 000000002B00: F4004100 F8000028
	s_wait_kmcnt 0x0                                           // 000000002B08: BFC70000
	s_cmp_lg_u32 s4, 24                                        // 000000002B0C: BF079804
	s_cselect_b32 s2, -1, 0                                    // 000000002B10: 980280C1
	s_cmp_lg_u32 s5, 4                                         // 000000002B14: BF078405
	s_cselect_b32 s3, -1, 0                                    // 000000002B18: 980380C1
	s_delay_alu instid0(SALU_CYCLE_1) | instskip(SKIP_2) | instid1(SALU_CYCLE_1)// 000000002B1C: BF8704B9
	s_or_b32 s2, s2, s3                                        // 000000002B20: 8C020302
	s_cmp_lg_u32 s6, 0x100                                     // 000000002B24: BF07FF06 00000100
	s_cselect_b32 s3, -1, 0                                    // 000000002B2C: 980380C1
	s_or_b32 s2, s2, s3                                        // 000000002B30: 8C020302
	s_delay_alu instid0(SALU_CYCLE_1)                          // 000000002B34: BF870009
	s_and_b32 vcc_lo, exec_lo, s2                              // 000000002B38: 8B6A027E
	s_cbranch_vccnz 1980                                       // 000000002B3C: BFA407BC <attention_fp8_e4m3_fa2_gqa_gfx1201+0x1f30>
	s_cmp_gt_i32 ttmp7, 3                                      // 000000002B40: BF028373
	s_cbranch_scc1 1978                                        // 000000002B44: BFA207BA <attention_fp8_e4m3_fa2_gqa_gfx1201+0x1f30>
	s_load_b32 s22, s[0:1], 0x38                               // 000000002B48: F4000580 F8000038
	s_lshl_b32 s3, ttmp9, 3                                    // 000000002B50: 84038375
	s_delay_alu instid0(SALU_CYCLE_1)                          // 000000002B54: BF870009
	s_cmp_ge_i32 s3, s7                                        // 000000002B58: BF030703
	s_cbranch_scc1 1972                                        // 000000002B5C: BFA207B4 <attention_fp8_e4m3_fa2_gqa_gfx1201+0x1f30>
	v_cmp_gt_u32_e64 s2, 0x60, v0                              // 000000002B60: D44C0002 020200FF 00000060
	v_dual_mov_b32 v145, 0 :: v_dual_mov_b32 v2, 0             // 000000002B6C: CA100080 91020080
	v_mov_b32_e32 v3, 0                                        // 000000002B74: 7E060280
	v_lshrrev_b32_e32 v156, 4, v0                              // 000000002B78: 33380084
	v_lshrrev_b32_e32 v157, 3, v0                              // 000000002B7C: 333A0083
	v_mov_b32_e32 v147, 0                                      // 000000002B80: 7F260280
	s_mov_b32 s23, 0                                           // 000000002B84: BE970080
	s_and_saveexec_b32 s4, s2                                  // 000000002B88: BE842002
	s_cbranch_execz 19                                         // 000000002B8C: BFA50013 <attention_fp8_e4m3_fa2_gqa_gfx1201+0xdc>
	v_lshrrev_b32_e32 v1, 4, v0                                // 000000002B90: 32020084
	v_and_or_b32 v145, v0, 7, s3                               // 000000002B94: D6570091 000D0F00
	s_delay_alu instid0(VALU_DEP_2) | instskip(NEXT) | instid1(VALU_DEP_2)// 000000002B9C: BF870112
	v_and_b32_e32 v1, 6, v1                                    // 000000002BA0: 36020286
	v_mul_lo_u32 v3, v145, 24                                  // 000000002BA4: D72C0003 02013191
	v_cmp_gt_i32_e32 vcc_lo, s7, v145                          // 000000002BAC: 7C892207
	s_delay_alu instid0(VALU_DEP_3) | instskip(SKIP_2) | instid1(VALU_DEP_1)// 000000002BB0: BF8700B3
	v_mad_co_u64_u32 v[1:2], null, ttmp7, 6, v[1:2]            // 000000002BB4: D6FE7C01 04050C73
	v_lshrrev_b32_e32 v2, 3, v0                                // 000000002BBC: 32040083
	s_and_b32 s23, vcc_lo, exec_lo                             // 000000002BC0: 8B177E6A
	v_and_or_b32 v147, v2, 1, v1                               // 000000002BC4: D6570093 04050302
	s_delay_alu instid0(VALU_DEP_1)                            // 000000002BCC: BF870001
	v_add_lshl_u32 v2, v147, v3, 8                             // 000000002BD0: D6470002 02220793
	v_mov_b32_e32 v3, 0                                        // 000000002BD8: 7E060280
	s_or_b32 exec_lo, exec_lo, s4                              // 000000002BDC: 8C7E047E
	s_clause 0x1                                               // 000000002BE0: BF850001
	s_load_b256 s[8:15], s[0:1], 0x0                           // 000000002BE4: F4006200 F8000000
	s_load_b64 s[0:1], s[0:1], 0x20                            // 000000002BEC: F4002000 F8000020
	v_dual_mov_b32 v5, -1 :: v_dual_and_b32 v6, 31, v0         // 000000002BF4: CA2400C1 0506009F
	v_bfrev_b32_e32 v7, -2                                     // 000000002BFC: 7E0E70C2
	s_mov_b32 s4, exec_lo                                      // 000000002C00: BE84007E
	s_delay_alu instid0(VALU_DEP_2)                            // 000000002C04: BF870002
	v_cmpx_gt_u32_e32 8, v6                                    // 000000002C08: 7D980C88
	s_cbranch_execz 24                                         // 000000002C0C: BFA50018 <attention_fp8_e4m3_fa2_gqa_gfx1201+0x170>
	v_or_b32_e32 v4, s3, v6                                    // 000000002C10: 38080C03
	v_bfrev_b32_e32 v7, -2                                     // 000000002C14: 7E0E70C2
	v_mov_b32_e32 v5, -1                                       // 000000002C18: 7E0A02C1
	s_mov_b32 s3, exec_lo                                      // 000000002C1C: BE83007E
	s_delay_alu instid0(VALU_DEP_3)                            // 000000002C20: BF870003
	v_cmpx_gt_i32_e64 s7, v4                                   // 000000002C24: D4C4007E 02020807
	s_cbranch_execz 14                                         // 000000002C2C: BFA5000E <attention_fp8_e4m3_fa2_gqa_gfx1201+0x168>
	v_ashrrev_i32_e32 v5, 31, v4                               // 000000002C30: 340A089F
	s_delay_alu instid0(VALU_DEP_1) | instskip(SKIP_1) | instid1(VALU_DEP_1)// 000000002C34: BF8700A1
	v_lshlrev_b64_e32 v[4:5], 2, v[4:5]                        // 000000002C38: 3E080882
	s_wait_kmcnt 0x0                                           // 000000002C3C: BFC70000
	v_add_co_u32 v4, vcc_lo, s0, v4                            // 000000002C40: D7006A04 02020800
	s_delay_alu instid0(VALU_DEP_1)                            // 000000002C48: BF870001
	v_add_co_ci_u32_e64 v5, null, s1, v5, vcc_lo               // 000000002C4C: D5207C05 01AA0A01
	global_load_b32 v5, v[4:5], off                            // 000000002C54: EE05007C 00000005 00000004
	s_wait_loadcnt 0x0                                         // 000000002C60: BFC00000
	v_mov_b32_e32 v7, v5                                       // 000000002C64: 7E0E0305
	s_wait_alu depctr_sa_sdst(0)                               // 000000002C68: BF88FF9E
	s_or_b32 exec_lo, exec_lo, s3                              // 000000002C6C: 8C7E037E
	s_delay_alu instid0(SALU_CYCLE_1) | instskip(SKIP_4) | instid1(VALU_DEP_4)// 000000002C70: BF870259
	s_or_b32 exec_lo, exec_lo, s4                              // 000000002C74: 8C7E047E
	v_mbcnt_lo_u32_b32 v11, -1, 0                              // 000000002C78: D71F000B 020100C1
	v_cndmask_b32_e64 v14, 0, v3, s23                          // 000000002C80: D501000E 005E0680
	v_dual_mov_b32 v166, 1.0 :: v_dual_and_b32 v159, 15, v0    // 000000002C88: CA2400F2 A69E008F
	v_lshrrev_b32_e32 v161, 5, v0                              // 000000002C90: 33420085
	v_xor_b32_e32 v1, 16, v11                                  // 000000002C94: 3A021690
	v_xor_b32_e32 v3, 4, v11                                   // 000000002C98: 3A061684
	v_cndmask_b32_e64 v15, 0, v2, s23                          // 000000002C9C: D501000F 005E0480
	v_ashrrev_i32_e32 v146, 31, v145                           // 000000002CA4: 3525229F
	v_lshrrev_b32_e32 v2, 1, v6                                // 000000002CA8: 32040C81
	v_cmp_gt_u32_e32 vcc_lo, 32, v1                            // 000000002CAC: 7C9802A0
	v_xor_b32_e32 v17, 1, v11                                  // 000000002CB0: 3A221681
	v_lshl_add_u32 v160, v6, 3, 0                              // 000000002CB4: D64600A0 02010706
	v_lshlrev_b64_e32 v[129:130], 2, v[145:146]                // 000000002CBC: 3F032282
	s_mov_b32 s17, 0                                           // 000000002CC0: BE910080
	s_wait_alu depctr_va_vcc(0)                                // 000000002CC4: BF88FF9D
	v_cndmask_b32_e32 v1, v11, v1, vcc_lo                      // 000000002CC8: 0202030B
	s_mul_i32 s16, s7, 0x1800                                  // 000000002CCC: 9610FF07 00001800
	s_mov_b32 s4, ttmp7                                        // 000000002CD4: BE840073
	s_ashr_i32 s5, ttmp7, 31                                   // 000000002CD8: 86059F73
	s_wait_kmcnt 0x0                                           // 000000002CDC: BFC70000
	s_add_nc_u64 s[18:19], s[8:9], s[16:17]                    // 000000002CE0: A9921008
	v_lshlrev_b32_e32 v158, 2, v1                              // 000000002CE4: 313C0282
	v_xor_b32_e32 v1, 8, v11                                   // 000000002CE8: 3A021688
	s_lshl_b64 s[4:5], s[4:5], 8                               // 000000002CEC: 84848804
	s_lshl_b32 s6, ttmp7, 1                                    // 000000002CF0: 84068173
	s_add_nc_u64 s[20:21], s[10:11], s[4:5]                    // 000000002CF4: A994040A
	s_wait_alu depctr_sa_sdst(0)                               // 000000002CF8: BF88FF9E
	s_ashr_i32 s7, s6, 31                                      // 000000002CFC: 86079F06
	v_cmp_gt_u32_e32 vcc_lo, 32, v1                            // 000000002D00: 7C9802A0
	s_mov_b32 s16, s17                                         // 000000002D04: BE900011
	s_wait_alu depctr_va_vcc(0)                                // 000000002D08: BF88FF9D
	v_dual_mov_b32 v168, 0xff800000 :: v_dual_cndmask_b32 v9, v11, v1// 000000002D0C: CA1200FF A808030B FF800000
	ds_bpermute_b32 v4, v158, v5                               // 000000002D18: DACC0000 0400059E
	ds_bpermute_b32 v8, v158, v7                               // 000000002D20: DACC0000 0800079E
	v_cmp_gt_u32_e32 vcc_lo, 32, v3                            // 000000002D28: 7C9806A0
	v_mov_b32_e32 v1, 0                                        // 000000002D2C: 7E020280
	v_lshlrev_b32_e32 v9, 2, v9                                // 000000002D30: 30121282
	v_and_b32_e32 v146, 8, v2                                  // 000000002D34: 37240488
	v_lshlrev_b32_e32 v162, 7, v159                            // 000000002D38: 31453E87
	v_lshlrev_b32_e32 v18, 4, v159                             // 000000002D3C: 30253E84
	v_mov_b32_e32 v6, v1                                       // 000000002D40: 7E0C0301
	v_mov_b32_e32 v2, v1                                       // 000000002D44: 7E040301
	s_wait_dscnt 0x1                                           // 000000002D48: BFC60001
	v_max_i32_e32 v4, v5, v4                                   // 000000002D4C: 24080905
	s_wait_dscnt 0x0                                           // 000000002D50: BFC60000
	v_min_i32_e32 v5, v7, v8                                   // 000000002D54: 220A1107
	v_lshrrev_b32_e32 v7, 1, v0                                // 000000002D58: 320E0081
	v_lshlrev_b32_e32 v8, 3, v0                                // 000000002D5C: 30100083
	s_wait_alu depctr_va_vcc(0)                                // 000000002D60: BF88FF9D
	v_cndmask_b32_e32 v0, v11, v3, vcc_lo                      // 000000002D64: 0200070B
	ds_bpermute_b32 v12, v9, v4                                // 000000002D68: DACC0000 0C000409
	ds_bpermute_b32 v13, v9, v5                                // 000000002D70: DACC0000 0D000509
	v_mov_b32_e32 v167, 0                                      // 000000002D78: 7F4E0280
	v_and_b32_e32 v19, 0xf8, v8                                // 000000002D7C: 362610FF 000000F8
	v_lshlrev_b32_e32 v0, 2, v0                                // 000000002D84: 30000082
	v_and_b32_e32 v163, 8, v7                                  // 000000002D88: 37460E88
	v_mov_b32_e32 v3, v1                                       // 000000002D8C: 7E060301
	v_mov_b32_e32 v7, v1                                       // 000000002D90: 7E0E0301
	v_lshl_or_b32 v133, v161, 8, v19                           // 000000002D94: D6560085 044D11A1
	v_mad_co_u64_u32 v[9:10], null, v145, 24, v[147:148]       // 000000002D9C: D6FE7C09 064D3191
	s_delay_alu instid0(VALU_DEP_2) | instskip(NEXT) | instid1(VALU_DEP_1)// 000000002DA4: BF870092
	v_dual_mov_b32 v10, v1 :: v_dual_add_nc_u32 v165, 0, v133  // 000000002DA8: CA200101 0AA50A80
	v_lshlrev_b64_e32 v[131:132], 2, v[9:10]                   // 000000002DB0: 3F061282
	s_wait_dscnt 0x1                                           // 000000002DB4: BFC60001
	v_max_i32_e32 v12, v4, v12                                 // 000000002DB8: 24181904
	s_wait_dscnt 0x0                                           // 000000002DBC: BFC60000
	v_min_i32_e32 v13, v5, v13                                 // 000000002DC0: 221A1B05
	v_xor_b32_e32 v4, 2, v11                                   // 000000002DC4: 3A081682
	v_mov_b32_e32 v5, v1                                       // 000000002DC8: 7E0A0301
	v_add_co_u32 v148, s3, s20, v18                            // 000000002DCC: D7000394 02022414
	ds_bpermute_b32 v16, v0, v12                               // 000000002DD4: DACC0000 10000C00
	ds_bpermute_b32 v0, v0, v13                                // 000000002DDC: DACC0000 00000D00
	v_cmp_gt_u32_e32 vcc_lo, 32, v4                            // 000000002DE4: 7C9808A0
	s_wait_alu depctr_va_sdst(0)                               // 000000002DE8: BF88F19F
	v_add_co_ci_u32_e64 v149, null, s21, 0, s3                 // 000000002DEC: D5207C95 000D0015
	s_wait_alu depctr_sa_sdst(0)                               // 000000002DF4: BF88FF9E
	s_add_nc_u64 s[20:21], s[10:11], s[6:7]                    // 000000002DF8: A994060A
	s_wait_alu depctr_va_vcc(0)                                // 000000002DFC: BF88FF9D
	v_cndmask_b32_e32 v8, v11, v4, vcc_lo                      // 000000002E00: 0210090B
	v_cmp_gt_u32_e32 vcc_lo, 32, v17                           // 000000002E04: 7C9822A0
	v_mov_b32_e32 v4, v1                                       // 000000002E08: 7E080301
	s_wait_alu depctr_va_vcc(0)                                // 000000002E0C: BF88FF9D
	v_cndmask_b32_e32 v66, v11, v17, vcc_lo                    // 000000002E10: 0284230B
	v_add_co_u32 v134, vcc_lo, v15, v146                       // 000000002E14: D7006A86 0203250F
	s_wait_alu depctr_va_vcc(0)                                // 000000002E1C: BF88FF9D
	v_add_co_ci_u32_e64 v135, null, 0, v14, vcc_lo             // 000000002E20: D5207C87 01AA1C80
	s_delay_alu instid0(VALU_DEP_3)                            // 000000002E28: BF870003
	v_lshlrev_b32_e32 v89, 2, v66                              // 000000002E2C: 30B28482
	v_lshlrev_b32_e32 v20, 2, v8                               // 000000002E30: 30281082
	v_mov_b32_e32 v8, v1                                       // 000000002E34: 7E100301
	s_wait_dscnt 0x1                                           // 000000002E38: BFC60001
	v_max_i32_e32 v65, v12, v16                                // 000000002E3C: 2482210C
	s_wait_dscnt 0x0                                           // 000000002E40: BFC60000
	v_min_i32_e32 v0, v13, v0                                  // 000000002E44: 2200010D
	v_add_co_u32 v150, vcc_lo, s0, v129                        // 000000002E48: D7006A96 02030200
	v_dual_mov_b32 v16, v8 :: v_dual_mov_b32 v11, v3           // 000000002E50: CA100108 100A0103
	v_mov_b32_e32 v13, v5                                      // 000000002E58: 7E1A0305
	ds_bpermute_b32 v67, v20, v65                              // 000000002E5C: DACC0000 43004114
	ds_bpermute_b32 v68, v20, v0                               // 000000002E64: DACC0000 44000014
	s_wait_alu depctr_va_vcc(0)                                // 000000002E6C: BF88FF9D
	v_add_co_ci_u32_e64 v151, null, s1, v130, vcc_lo           // 000000002E70: D5207C97 01AB0401
	v_add_co_u32 v129, vcc_lo, s8, v134                        // 000000002E78: D7006A81 02030C08
	s_wait_alu depctr_va_vcc(0)                                // 000000002E80: BF88FF9D
	v_add_co_ci_u32_e64 v130, null, s9, v135, vcc_lo           // 000000002E84: D5207C82 01AB0E09
	v_add_co_u32 v152, vcc_lo, s18, v131                       // 000000002E8C: D7006A98 02030612
	s_wait_alu depctr_va_vcc(0)                                // 000000002E94: BF88FF9D
	v_add_co_ci_u32_e64 v153, null, s19, v132, vcc_lo          // 000000002E98: D5207C99 01AB0813
	v_add_co_u32 v154, vcc_lo, v129, 48                        // 000000002EA0: D7006A9A 02016181
	v_dual_mov_b32 v24, v8 :: v_dual_mov_b32 v17, v1           // 000000002EA8: CA100108 18100101
	v_dual_mov_b32 v32, v8 :: v_dual_mov_b32 v25, v1           // 000000002EB0: CA100108 20180101
	v_dual_mov_b32 v40, v8 :: v_dual_mov_b32 v33, v1           // 000000002EB8: CA100108 28200101
	s_wait_dscnt 0x1                                           // 000000002EC0: BFC60001
	v_max_i32_e32 v136, v65, v67                               // 000000002EC4: 25108741
	s_wait_dscnt 0x0                                           // 000000002EC8: BFC60000
	v_min_i32_e32 v0, v0, v68                                  // 000000002ECC: 22008900
	v_dual_mov_b32 v48, v8 :: v_dual_mov_b32 v41, v1           // 000000002ED0: CA100108 30280101
	v_dual_mov_b32 v56, v8 :: v_dual_mov_b32 v49, v1           // 000000002ED8: CA100108 38300101
	ds_bpermute_b32 v137, v89, v136                            // 000000002EE0: DACC0000 89008859
	ds_bpermute_b32 v138, v89, v0                              // 000000002EE8: DACC0000 8A000059
	v_dual_mov_b32 v64, v8 :: v_dual_mov_b32 v57, v1           // 000000002EF0: CA100108 40380101
	v_dual_mov_b32 v72, v8 :: v_dual_mov_b32 v65, v1           // 000000002EF8: CA100108 48400101
	v_dual_mov_b32 v80, v8 :: v_dual_mov_b32 v73, v1           // 000000002F00: CA100108 50480101
	v_dual_mov_b32 v88, v8 :: v_dual_mov_b32 v81, v1           // 000000002F08: CA100108 58500101
	v_dual_mov_b32 v96, v8 :: v_dual_mov_b32 v89, v1           // 000000002F10: CA100108 60580101
	v_dual_mov_b32 v104, v8 :: v_dual_mov_b32 v97, v1          // 000000002F18: CA100108 68600101
	v_dual_mov_b32 v112, v8 :: v_dual_mov_b32 v105, v1         // 000000002F20: CA100108 70680101
	v_dual_mov_b32 v120, v8 :: v_dual_mov_b32 v113, v1         // 000000002F28: CA100108 78700101
	v_dual_mov_b32 v128, v8 :: v_dual_mov_b32 v121, v1         // 000000002F30: CA100108 80780101
	s_wait_dscnt 0x1                                           // 000000002F38: BFC60001
	v_max_i32_e32 v131, v136, v137                             // 000000002F3C: 25071388
	s_wait_dscnt 0x0                                           // 000000002F40: BFC60000
	v_min_i32_e32 v0, v0, v138                                 // 000000002F44: 22011500
	s_wait_alu depctr_va_vcc(0)                                // 000000002F48: BF88FF9D
	v_add_co_ci_u32_e64 v155, null, 0, v130, vcc_lo            // 000000002F4C: D5207C9B 01AB0480
	v_dual_mov_b32 v15, v7 :: v_dual_lshlrev_b32 v164, 4, v161 // 000000002F54: CA220107 0FA54284
	v_readfirstlane_b32 s24, v131                              // 000000002F5C: 7E300583
	v_dual_mov_b32 v136, v8 :: v_dual_mov_b32 v129, v1         // 000000002F60: CA100108 88800101
	v_dual_mov_b32 v14, v6 :: v_dual_mov_b32 v23, v7           // 000000002F68: CA100106 0E160107
	v_dual_mov_b32 v12, v4 :: v_dual_mov_b32 v21, v5           // 000000002F70: CA100104 0C140105
	v_dual_mov_b32 v10, v2 :: v_dual_mov_b32 v19, v3           // 000000002F78: CA100102 0A120103
	v_dual_mov_b32 v9, v1 :: v_dual_mov_b32 v22, v6            // 000000002F80: CA100101 09160106
	v_dual_mov_b32 v31, v7 :: v_dual_mov_b32 v20, v4           // 000000002F88: CA100107 1F140104
	v_dual_mov_b32 v29, v5 :: v_dual_mov_b32 v18, v2           // 000000002F90: CA100105 1D120102
	v_dual_mov_b32 v27, v3 :: v_dual_mov_b32 v30, v6           // 000000002F98: CA100103 1B1E0106
	v_dual_mov_b32 v39, v7 :: v_dual_mov_b32 v28, v4           // 000000002FA0: CA100107 271C0104
	v_dual_mov_b32 v37, v5 :: v_dual_mov_b32 v26, v2           // 000000002FA8: CA100105 251A0102
	v_dual_mov_b32 v35, v3 :: v_dual_mov_b32 v38, v6           // 000000002FB0: CA100103 23260106
	v_dual_mov_b32 v47, v7 :: v_dual_mov_b32 v36, v4           // 000000002FB8: CA100107 2F240104
	v_dual_mov_b32 v45, v5 :: v_dual_mov_b32 v34, v2           // 000000002FC0: CA100105 2D220102
	v_dual_mov_b32 v43, v3 :: v_dual_mov_b32 v46, v6           // 000000002FC8: CA100103 2B2E0106
	v_dual_mov_b32 v55, v7 :: v_dual_mov_b32 v44, v4           // 000000002FD0: CA100107 372C0104
	v_dual_mov_b32 v53, v5 :: v_dual_mov_b32 v42, v2           // 000000002FD8: CA100105 352A0102
	v_dual_mov_b32 v51, v3 :: v_dual_mov_b32 v54, v6           // 000000002FE0: CA100103 33360106
	v_dual_mov_b32 v63, v7 :: v_dual_mov_b32 v52, v4           // 000000002FE8: CA100107 3F340104
	v_dual_mov_b32 v61, v5 :: v_dual_mov_b32 v50, v2           // 000000002FF0: CA100105 3D320102
	v_dual_mov_b32 v59, v3 :: v_dual_mov_b32 v62, v6           // 000000002FF8: CA100103 3B3E0106
	v_dual_mov_b32 v71, v7 :: v_dual_mov_b32 v60, v4           // 000000003000: CA100107 473C0104
	v_dual_mov_b32 v69, v5 :: v_dual_mov_b32 v58, v2           // 000000003008: CA100105 453A0102
	v_dual_mov_b32 v67, v3 :: v_dual_mov_b32 v70, v6           // 000000003010: CA100103 43460106
	v_dual_mov_b32 v79, v7 :: v_dual_mov_b32 v68, v4           // 000000003018: CA100107 4F440104
	v_dual_mov_b32 v77, v5 :: v_dual_mov_b32 v66, v2           // 000000003020: CA100105 4D420102
	v_dual_mov_b32 v75, v3 :: v_dual_mov_b32 v78, v6           // 000000003028: CA100103 4B4E0106
	v_dual_mov_b32 v87, v7 :: v_dual_mov_b32 v76, v4           // 000000003030: CA100107 574C0104
	v_dual_mov_b32 v85, v5 :: v_dual_mov_b32 v74, v2           // 000000003038: CA100105 554A0102
	v_dual_mov_b32 v83, v3 :: v_dual_mov_b32 v86, v6           // 000000003040: CA100103 53560106
	v_dual_mov_b32 v95, v7 :: v_dual_mov_b32 v84, v4           // 000000003048: CA100107 5F540104
	v_dual_mov_b32 v93, v5 :: v_dual_mov_b32 v82, v2           // 000000003050: CA100105 5D520102
	v_dual_mov_b32 v91, v3 :: v_dual_mov_b32 v94, v6           // 000000003058: CA100103 5B5E0106
	v_dual_mov_b32 v103, v7 :: v_dual_mov_b32 v92, v4          // 000000003060: CA100107 675C0104
	v_dual_mov_b32 v101, v5 :: v_dual_mov_b32 v90, v2          // 000000003068: CA100105 655A0102
	v_dual_mov_b32 v99, v3 :: v_dual_mov_b32 v102, v6          // 000000003070: CA100103 63660106
	v_dual_mov_b32 v111, v7 :: v_dual_mov_b32 v100, v4         // 000000003078: CA100107 6F640104
	v_dual_mov_b32 v109, v5 :: v_dual_mov_b32 v98, v2          // 000000003080: CA100105 6D620102
	v_dual_mov_b32 v107, v3 :: v_dual_mov_b32 v110, v6         // 000000003088: CA100103 6B6E0106
	v_dual_mov_b32 v119, v7 :: v_dual_mov_b32 v108, v4         // 000000003090: CA100107 776C0104
	v_dual_mov_b32 v117, v5 :: v_dual_mov_b32 v106, v2         // 000000003098: CA100105 756A0102
	v_dual_mov_b32 v115, v3 :: v_dual_mov_b32 v118, v6         // 0000000030A0: CA100103 73760106
	v_dual_mov_b32 v127, v7 :: v_dual_mov_b32 v116, v4         // 0000000030A8: CA100107 7F740104
	v_dual_mov_b32 v125, v5 :: v_dual_mov_b32 v114, v2         // 0000000030B0: CA100105 7D720102
	v_dual_mov_b32 v123, v3 :: v_dual_mov_b32 v126, v6         // 0000000030B8: CA100103 7B7E0106
	v_dual_mov_b32 v135, v7 :: v_dual_mov_b32 v124, v4         // 0000000030C0: CA100107 877C0104
	v_dual_mov_b32 v133, v5 :: v_dual_mov_b32 v122, v2         // 0000000030C8: CA100105 857A0102
	v_mov_b32_e32 v131, v3                                     // 0000000030D0: 7F060303
	v_readfirstlane_b32 s25, v0                                // 0000000030D4: 7E320500
	v_mov_b32_e32 v134, v6                                     // 0000000030D8: 7F0C0306
	v_mov_b32_e32 v132, v4                                     // 0000000030DC: 7F080304
	v_mov_b32_e32 v130, v2                                     // 0000000030E0: 7F040302
	s_add_nc_u64 s[18:19], s[12:13], s[4:5]                    // 0000000030E4: A992040C
	s_add_nc_u64 s[12:13], s[12:13], s[6:7]                    // 0000000030E8: A98C060C
	s_branch 21                                                // 0000000030EC: BFA00015 <attention_fp8_e4m3_fa2_gqa_gfx1201+0x644>
	v_mov_b32_e32 v168, v2                                     // 0000000030F0: 7F500302
	s_wait_alu depctr_sa_sdst(0)                               // 0000000030F4: BF88FF9E
	s_or_b32 exec_lo, exec_lo, s27                             // 0000000030F8: 8C7E1B7E
	s_wait_loadcnt 0x0                                         // 0000000030FC: BFC00000
	s_barrier_signal -1                                        // 000000003100: BE804EC1
	s_barrier_wait 0xffff                                      // 000000003104: BF94FFFF
	global_inv scope:SCOPE_SE                                  // 000000003108: EE0AC07C 00040000 00000000
	s_add_co_i32 s16, s16, 1                                   // 000000003114: 81108110
	s_wait_alu depctr_sa_sdst(0)                               // 000000003118: BF88FF9E
	s_cmp_eq_u32 s16, 0x3fffffff                               // 00000000311C: BF06FF10 3FFFFFFF
	s_cselect_b32 s0, -1, 0                                    // 000000003124: 980080C1
	s_add_co_i32 s17, s17, 64                                  // 000000003128: 8111C011
	s_wait_alu depctr_sa_sdst(0)                               // 00000000312C: BF88FF9E
	s_or_b32 s0, s11, s0                                       // 000000003130: 8C00000B
	s_wait_alu depctr_sa_sdst(0)                               // 000000003134: BF88FF9E
	s_and_not1_b32 vcc_lo, exec_lo, s0                         // 000000003138: 916A007E
	s_wait_alu depctr_sa_sdst(0)                               // 00000000313C: BF88FF9E
	s_cbranch_vccz 1319                                        // 000000003140: BFA30527 <attention_fp8_e4m3_fa2_gqa_gfx1201+0x1ae0>
	s_lshl_b32 s26, s16, 6                                     // 000000003144: 841A8610
	s_wait_alu depctr_sa_sdst(0)                               // 000000003148: BF88FF9E
	s_cmp_gt_i32 s26, s24                                      // 00000000314C: BF02181A
	s_cselect_b32 s11, -1, 0                                   // 000000003150: 980B80C1
	s_wait_alu depctr_sa_sdst(0)                               // 000000003154: BF88FF9E
	s_and_b32 vcc_lo, exec_lo, s11                             // 000000003158: 8B6A0B7E
	s_wait_alu depctr_sa_sdst(0)                               // 00000000315C: BF88FF9E
	s_cbranch_vccnz 65516                                      // 000000003160: BFA4FFEC <attention_fp8_e4m3_fa2_gqa_gfx1201+0x614>
	v_mov_b32_e32 v0, v156                                     // 000000003164: 7E00039C
	v_mov_b32_e32 v6, v157                                     // 000000003168: 7E0C039D
	s_mov_b32 s0, 8                                            // 00000000316C: BE800088
	s_branch 19                                                // 000000003170: BFA00013 <attention_fp8_e4m3_fa2_gqa_gfx1201+0x6c0>
	s_wait_alu depctr_sa_sdst(0)                               // 000000003174: BF88FF9E
	s_or_b32 exec_lo, exec_lo, s1                              // 000000003178: 8C7E017E
	v_and_b32_e32 v7, 0xe0, v6                                 // 00000000317C: 360E0CFF 000000E0
	v_add_nc_u32_e32 v6, 16, v6                                // 000000003184: 4A0C0C90
	s_add_co_i32 s0, s0, -1                                    // 000000003188: 8100C100
	s_wait_alu depctr_sa_sdst(0)                               // 00000000318C: BF88FF9E
	s_cmp_eq_u32 s0, 0                                         // 000000003190: BF068000
	v_add_nc_u32_e32 v7, v7, v162                              // 000000003194: 4A0F4507
	s_delay_alu instid0(VALU_DEP_1) | instskip(SKIP_1) | instid1(VALU_DEP_2)// 000000003198: BF870121
	v_and_or_b32 v7, v0, 15, v7                                // 00000000319C: D6570007 041D1F00
	v_add_nc_u32_e32 v0, 8, v0                                 // 0000000031A4: 4A000088
	v_lshl_add_u32 v7, v7, 3, 0                                // 0000000031A8: D6460007 02010707
	s_wait_loadcnt 0x0                                         // 0000000031B0: BFC00000
	ds_store_2addr_b64 v7, v[2:3], v[4:5] offset1:16           // 0000000031B4: D9381000 00040207
	s_cbranch_scc1 17                                          // 0000000031BC: BFA20011 <attention_fp8_e4m3_fa2_gqa_gfx1201+0x704>
	s_delay_alu instid0(VALU_DEP_2) | instskip(SKIP_3) | instid1(VALU_DEP_3)// 0000000031C0: BF8701C2
	v_dual_mov_b32 v2, 0 :: v_dual_add_nc_u32 v7, s17, v0      // 0000000031C4: CA200080 02060011
	v_dual_mov_b32 v3, 0 :: v_dual_mov_b32 v4, 0               // 0000000031CC: CA100080 03040080
	v_mov_b32_e32 v5, 0                                        // 0000000031D4: 7E0A0280
	s_mov_b32 s1, exec_lo                                      // 0000000031D8: BE81007E
	v_cmpx_ge_i32_e64 s24, v7                                  // 0000000031DC: D4C6007E 02020E18
	s_cbranch_execz 65507                                      // 0000000031E4: BFA5FFE3 <attention_fp8_e4m3_fa2_gqa_gfx1201+0x674>
	v_mad_co_u64_u32 v[2:3], null, 0x408, v7, v[148:149]       // 0000000031E8: D6FE7C02 06520EFF 00000408
	global_load_b128 v[2:5], v[2:3], off                       // 0000000031F4: EE05C07C 00000002 00000002
	s_branch 65500                                             // 000000003200: BFA0FFDC <attention_fp8_e4m3_fa2_gqa_gfx1201+0x674>
	v_or_b32_e32 v6, s26, v163                                 // 000000003204: 380D461A
	v_dual_mov_b32 v7, v164 :: v_dual_mov_b32 v8, v161         // 000000003208: CA1001A4 070801A1
	s_movk_i32 s0, 0xc000                                      // 000000003210: B000C000
	s_branch 15                                                // 000000003214: BFA0000F <attention_fp8_e4m3_fa2_gqa_gfx1201+0x754>
	s_wait_alu depctr_sa_sdst(0)                               // 000000003218: BF88FF9E
	s_or_b32 exec_lo, exec_lo, s4                              // 00000000321C: 8C7E047E
	s_wait_alu depctr_sa_sdst(0)                               // 000000003220: BF88FF9E
	s_or_b32 exec_lo, exec_lo, s3                              // 000000003224: 8C7E037E
	s_wait_alu depctr_sa_sdst(0)                               // 000000003228: BF88FF9E
	s_or_b32 exec_lo, exec_lo, s1                              // 00000000322C: 8C7E017E
	v_add_nc_u32_e32 v0, s0, v165                              // 000000003230: 4A014A00
	v_add_nc_u32_e32 v8, 4, v8                                 // 000000003234: 4A101084
	v_add_nc_u32_e32 v7, 64, v7                                // 000000003238: 4A0E0EC0
	s_addk_co_i32 s0, 0x400                                    // 00000000323C: B7800400
	s_wait_alu depctr_sa_sdst(0)                               // 000000003240: BF88FF9E
	s_cmp_eq_u32 s0, 0                                         // 000000003244: BF068000
	ds_store_b64 v0, v[2:3] offset:32768                       // 000000003248: D9348000 00000200
	s_cbranch_scc1 205                                         // 000000003250: BFA200CD <attention_fp8_e4m3_fa2_gqa_gfx1201+0xa88>
	s_delay_alu instid0(VALU_DEP_1) | instskip(NEXT) | instid1(VALU_DEP_1)// 000000003254: BF870091
	v_and_b32_e32 v0, 0x70, v8                                 // 000000003258: 360010FF 00000070
	v_add_nc_u32_e32 v137, v0, v6                              // 000000003260: 4B120D00
	v_and_or_b32 v0, 0xf0, v7, v159                            // 000000003264: D6570000 067E0EFF 000000F0
	s_delay_alu instid0(VALU_DEP_2) | instskip(NEXT) | instid1(VALU_DEP_1)// 000000003270: BF870092
	v_or_b32_e32 v2, 7, v137                                   // 000000003274: 38051287
	v_cmp_ge_i32_e32 vcc_lo, s24, v2                           // 000000003278: 7C8C0418
	s_and_saveexec_b32 s1, vcc_lo                              // 00000000327C: BE81206A
	s_wait_alu depctr_sa_sdst(0)                               // 000000003280: BF88FF9E
	s_xor_b32 s1, exec_lo, s1                                  // 000000003284: 8D01017E
	s_cbranch_execz 63                                         // 000000003288: BFA5003F <attention_fp8_e4m3_fa2_gqa_gfx1201+0x888>
	v_mad_co_u64_u32 v[2:3], null, 0x408, v137, s[18:19]       // 00000000328C: D6FE7C02 004B12FF 00000408
	v_mov_b16_e32 v5.h, 0                                      // 000000003298: 7F0A3880
	s_delay_alu instid0(VALU_DEP_1) | instskip(NEXT) | instid1(VALU_DEP_3)// 00000000329C: BF870191
	v_mov_b16_e64 v139.l, v5.h op_sel:[1,0]                    // 0000000032A0: D59C088B 02010105
	v_add_co_u32 v2, vcc_lo, v2, v0                            // 0000000032A8: D7006A02 02020102
	s_wait_alu depctr_va_vcc(0)                                // 0000000032B0: BF88FF9D
	s_delay_alu instid0(VALU_DEP_4)                            // 0000000032B4: BF870004
	v_add_co_ci_u32_e64 v3, null, 0, v3, vcc_lo                // 0000000032B8: D5207C03 01AA0680
	s_clause 0x7                                               // 0000000032C0: BF850007
	global_load_u8 v0, v[2:3], off offset:1032                 // 0000000032C4: EE04007C 00000000 00040802
	global_load_u8 v4, v[2:3], off offset:2064                 // 0000000032D0: EE04007C 00000004 00081002
	global_load_d16_u8 v5, v[2:3], off                         // 0000000032DC: EE07807C 00000005 00000002
	global_load_u8 v137, v[2:3], off offset:3096               // 0000000032E8: EE04007C 00000089 000C1802
	global_load_u8 v138, v[2:3], off offset:5160               // 0000000032F4: EE04007C 0000008A 00142802
	global_load_u8 v140, v[2:3], off offset:4128               // 000000003300: EE04007C 0000008C 00102002
	global_load_u8 v141, v[2:3], off offset:7224               // 00000000330C: EE04007C 0000008D 001C3802
	global_load_d16_hi_u8 v139, v[2:3], off offset:6192        // 000000003318: EE08407C 0000008B 00183002
	s_wait_loadcnt 0x7                                         // 000000003324: BFC00007
	v_lshlrev_b32_e32 v0, 8, v0                                // 000000003328: 30000088
	s_wait_loadcnt 0x6                                         // 00000000332C: BFC00006
	v_lshlrev_b32_e32 v2, 16, v4                               // 000000003330: 30040890
	s_wait_loadcnt 0x4                                         // 000000003334: BFC00004
	v_lshlrev_b32_e32 v3, 24, v137                             // 000000003338: 30071298
	s_wait_loadcnt 0x3                                         // 00000000333C: BFC00003
	v_lshlrev_b32_e32 v4, 8, v138                              // 000000003340: 30091488
	v_or_b32_e32 v0, v0, v5                                    // 000000003344: 38000B00
	s_delay_alu instid0(VALU_DEP_1) | instskip(SKIP_1) | instid1(VALU_DEP_3)// 000000003348: BF8701A1
	v_or3_b32 v0, v0, v2, v3                                   // 00000000334C: D6580000 040E0500
	s_wait_loadcnt 0x2                                         // 000000003354: BFC00002
	v_or3_b32 v2, 0, v140, v4                                  // 000000003358: D6580002 04131880
	s_wait_loadcnt 0x1                                         // 000000003360: BFC00001
	v_lshlrev_b32_e32 v3, 24, v141                             // 000000003364: 30071A98
	v_or3_b32 v0, v0, 0, 0                                     // 000000003368: D6580000 02010100
	s_wait_loadcnt 0x0                                         // 000000003370: BFC00000
	s_delay_alu instid0(VALU_DEP_2) | instskip(NEXT) | instid1(VALU_DEP_2)// 000000003374: BF870112
	v_or3_b32 v3, v2, v139, v3                                 // 000000003378: D6580003 040F1702
	v_or3_b32 v2, v0, 0, 0                                     // 000000003380: D6580002 02010100
	s_wait_alu depctr_sa_sdst(0)                               // 000000003388: BF88FF9E
	s_and_not1_saveexec_b32 s1, s1                             // 00000000338C: BE813001
	s_cbranch_execz 65445                                      // 000000003390: BFA5FFA5 <attention_fp8_e4m3_fa2_gqa_gfx1201+0x728>
	v_dual_mov_b32 v2, 0 :: v_dual_mov_b32 v3, 0               // 000000003394: CA100080 02020080
	s_mov_b32 s3, exec_lo                                      // 00000000339C: BE83007E
	v_cmpx_ge_i32_e64 s24, v137                                // 0000000033A0: D4C6007E 02031218
	s_cbranch_execz 65437                                      // 0000000033A8: BFA5FF9D <attention_fp8_e4m3_fa2_gqa_gfx1201+0x720>
	v_add_co_u32 v4, s4, s18, v0                               // 0000000033AC: D7000404 02020012
	s_wait_alu depctr_va_sdst(0)                               // 0000000033B4: BF88F19F
	v_add_co_ci_u32_e64 v5, null, s19, 0, s4                   // 0000000033B8: D5207C05 00110013
	v_mov_b16_e32 v0.h, 0                                      // 0000000033C0: 7F003880
	s_mov_b32 s4, exec_lo                                      // 0000000033C4: BE84007E
	s_delay_alu instid0(VALU_DEP_2)                            // 0000000033C8: BF870002
	v_mad_co_u64_u32 v[2:3], null, 0x408, v137, v[4:5]         // 0000000033CC: D6FE7C02 041312FF 00000408
	global_load_d16_u8 v0, v[2:3], off                         // 0000000033D8: EE07807C 00000000 00000002
	s_wait_loadcnt 0x0                                         // 0000000033E4: BFC00000
	v_dual_mov_b32 v3, v1 :: v_dual_mov_b32 v2, v0             // 0000000033E8: CA100101 03020100
	v_cmpx_gt_i32_e64 s24, v137                                // 0000000033F0: D4C4007E 02031218
	s_cbranch_execz 13                                         // 0000000033F8: BFA5000D <attention_fp8_e4m3_fa2_gqa_gfx1201+0x930>
	v_or_b32_e32 v2, 1, v137                                   // 0000000033FC: 38051281
	s_delay_alu instid0(VALU_DEP_1) | instskip(SKIP_3) | instid1(VALU_DEP_1)// 000000003400: BF8700C1
	v_mad_co_u64_u32 v[2:3], null, 0x408, v2, v[4:5]           // 000000003404: D6FE7C02 041204FF 00000408
	global_load_u8 v2, v[2:3], off                             // 000000003410: EE04007C 00000002 00000002
	s_wait_loadcnt 0x0                                         // 00000000341C: BFC00000
	v_lshl_or_b32 v0, v2, 8, v0                                // 000000003420: D6560000 04011102
	v_dual_mov_b32 v3, v1 :: v_dual_mov_b32 v2, v0             // 000000003428: CA100101 03020100
	s_wait_alu depctr_sa_sdst(0)                               // 000000003430: BF88FF9E
	s_or_b32 exec_lo, exec_lo, s4                              // 000000003434: 8C7E047E
	v_or_b32_e32 v0, 2, v137                                   // 000000003438: 38011282
	s_mov_b32 s4, exec_lo                                      // 00000000343C: BE84007E
	s_delay_alu instid0(VALU_DEP_1)                            // 000000003440: BF870001
	v_cmpx_ge_i32_e64 s24, v0                                  // 000000003444: D4C6007E 02020018
	s_cbranch_execz 9                                          // 00000000344C: BFA50009 <attention_fp8_e4m3_fa2_gqa_gfx1201+0x974>
	v_mad_co_u64_u32 v[138:139], null, 0x408, v0, v[4:5]       // 000000003450: D6FE7C8A 041200FF 00000408
	global_load_u8 v0, v[138:139], off                         // 00000000345C: EE04007C 00000000 0000008A
	s_wait_loadcnt 0x0                                         // 000000003468: BFC00000
	v_lshl_or_b32 v2, v0, 16, v2                               // 00000000346C: D6560002 04092100
	s_wait_alu depctr_sa_sdst(0)                               // 000000003474: BF88FF9E
	s_or_b32 exec_lo, exec_lo, s4                              // 000000003478: 8C7E047E
	v_or_b32_e32 v0, 3, v137                                   // 00000000347C: 38011283
	s_mov_b32 s4, exec_lo                                      // 000000003480: BE84007E
	s_delay_alu instid0(VALU_DEP_1)                            // 000000003484: BF870001
	v_cmpx_ge_i32_e64 s24, v0                                  // 000000003488: D4C6007E 02020018
	s_cbranch_execz 9                                          // 000000003490: BFA50009 <attention_fp8_e4m3_fa2_gqa_gfx1201+0x9b8>
	v_mad_co_u64_u32 v[138:139], null, 0x408, v0, v[4:5]       // 000000003494: D6FE7C8A 041200FF 00000408
	global_load_u8 v0, v[138:139], off                         // 0000000034A0: EE04007C 00000000 0000008A
	s_wait_loadcnt 0x0                                         // 0000000034AC: BFC00000
	v_lshl_or_b32 v2, v0, 24, v2                               // 0000000034B0: D6560002 04093100
	s_wait_alu depctr_sa_sdst(0)                               // 0000000034B8: BF88FF9E
	s_or_b32 exec_lo, exec_lo, s4                              // 0000000034BC: 8C7E047E
	v_or_b32_e32 v0, 4, v137                                   // 0000000034C0: 38011284
	s_mov_b32 s4, exec_lo                                      // 0000000034C4: BE84007E
	s_delay_alu instid0(VALU_DEP_1)                            // 0000000034C8: BF870001
	v_cmpx_ge_i32_e64 s24, v0                                  // 0000000034CC: D4C6007E 02020018
	s_cbranch_execz 8                                          // 0000000034D4: BFA50008 <attention_fp8_e4m3_fa2_gqa_gfx1201+0x9f8>
	v_mad_co_u64_u32 v[138:139], null, 0x408, v0, v[4:5]       // 0000000034D8: D6FE7C8A 041200FF 00000408
	global_load_u8 v0, v[138:139], off                         // 0000000034E4: EE04007C 00000000 0000008A
	s_wait_loadcnt 0x0                                         // 0000000034F0: BFC00000
	v_or_b32_e32 v3, v0, v3                                    // 0000000034F4: 38060700
	s_wait_alu depctr_sa_sdst(0)                               // 0000000034F8: BF88FF9E
	s_or_b32 exec_lo, exec_lo, s4                              // 0000000034FC: 8C7E047E
	v_or_b32_e32 v0, 5, v137                                   // 000000003500: 38011285
	s_mov_b32 s4, exec_lo                                      // 000000003504: BE84007E
	s_delay_alu instid0(VALU_DEP_1)                            // 000000003508: BF870001
	v_cmpx_ge_i32_e64 s24, v0                                  // 00000000350C: D4C6007E 02020018
	s_cbranch_execz 10                                         // 000000003514: BFA5000A <attention_fp8_e4m3_fa2_gqa_gfx1201+0xa40>
	v_mad_co_u64_u32 v[138:139], null, 0x408, v0, v[4:5]       // 000000003518: D6FE7C8A 041200FF 00000408
	global_load_u8 v0, v[138:139], off                         // 000000003524: EE04007C 00000000 0000008A
	s_wait_loadcnt 0x0                                         // 000000003530: BFC00000
	v_lshlrev_b32_e32 v0, 8, v0                                // 000000003534: 30000088
	s_delay_alu instid0(VALU_DEP_1)                            // 000000003538: BF870001
	v_or_b32_e32 v3, v0, v3                                    // 00000000353C: 38060700
	s_wait_alu depctr_sa_sdst(0)                               // 000000003540: BF88FF9E
	s_or_b32 exec_lo, exec_lo, s4                              // 000000003544: 8C7E047E
	v_or_b32_e32 v0, 6, v137                                   // 000000003548: 38011286
	s_mov_b32 s4, exec_lo                                      // 00000000354C: BE84007E
	s_delay_alu instid0(VALU_DEP_1)                            // 000000003550: BF870001
	v_cmpx_ge_i32_e64 s24, v0                                  // 000000003554: D4C6007E 02020018
	s_cbranch_execz 65326                                      // 00000000355C: BFA5FF2E <attention_fp8_e4m3_fa2_gqa_gfx1201+0x718>
	v_mad_co_u64_u32 v[4:5], null, 0x408, v0, v[4:5]           // 000000003560: D6FE7C04 041200FF 00000408
	v_mov_b16_e32 v0.l, 0                                      // 00000000356C: 7E003880
	global_load_d16_hi_u8 v0, v[4:5], off                      // 000000003570: EE08407C 00000000 00000004
	s_wait_loadcnt 0x0                                         // 00000000357C: BFC00000
	v_or_b32_e32 v3, v0, v3                                    // 000000003580: 38060700
	s_branch 65316                                             // 000000003584: BFA0FF24 <attention_fp8_e4m3_fa2_gqa_gfx1201+0x718>
	s_wait_dscnt 0x0                                           // 000000003588: BFC60000
	s_barrier_signal -1                                        // 00000000358C: BE804EC1
	s_barrier_wait 0xffff                                      // 000000003590: BF94FFFF
	global_inv scope:SCOPE_SE                                  // 000000003594: EE0AC07C 00040000 00000000
	s_and_saveexec_b32 s27, s2                                 // 0000000035A0: BE9B2002
	s_cbranch_execz 65235                                      // 0000000035A4: BFA5FED3 <attention_fp8_e4m3_fa2_gqa_gfx1201+0x5f4>
	v_mov_b32_e32 v0, s22                                      // 0000000035A8: 7E000216
	s_and_saveexec_b32 s0, s23                                 // 0000000035AC: BE802017
	s_cbranch_execz 5                                          // 0000000035B0: BFA50005 <attention_fp8_e4m3_fa2_gqa_gfx1201+0xac8>
	global_load_b32 v0, v[152:153], off                        // 0000000035B4: EE05007C 00000000 00000098
	s_wait_loadcnt 0x0                                         // 0000000035C0: BFC00000
	v_mul_f32_e32 v0, s22, v0                                  // 0000000035C4: 10000016
	s_wait_alu depctr_sa_sdst(0)                               // 0000000035C8: BF88FF9E
	s_or_b32 exec_lo, exec_lo, s0                              // 0000000035CC: 8C7E007E
	s_or_b32 s0, s26, 16                                       // 0000000035D0: 8C00901A
	v_mov_b32_e32 v4, v160                                     // 0000000035D4: 7E0803A0
	s_wait_alu depctr_sa_sdst(0)                               // 0000000035D8: BF88FF9E
	s_cmp_le_i32 s0, s24                                       // 0000000035DC: BF051800
	s_mov_b32 s28, 0                                           // 0000000035E0: BE9C0080
	s_cselect_b32 s29, -1, 0                                   // 0000000035E4: 981D80C1
	s_branch 445                                               // 0000000035E8: BFA001BD <attention_fp8_e4m3_fa2_gqa_gfx1201+0x11e0>
	s_wait_alu depctr_sa_sdst(0)                               // 0000000035EC: BF88FF9E
	s_or_b32 exec_lo, exec_lo, s0                              // 0000000035F0: 8C7E007E
	v_sub_f32_e32 v143, v168, v2                               // 0000000035F4: 091E05A8
	v_cmp_neq_f32_e32 vcc_lo, 0xff800000, v168                 // 0000000035F8: 7C3B50FF FF800000
	s_wait_dscnt 0x0                                           // 000000003600: BFC60000
	v_add_f32_e32 v5, v5, v6                                   // 000000003604: 060A0D05
	v_div_scale_f32 v172, null, v3, v3, v140                   // 000000003608: D6FC7CAC 06320703
	v_div_scale_f32 v174, null, v3, v3, v139                   // 000000003610: D6FC7CAE 062E0703
	v_mul_f32_e32 v143, 0x3fb8aa3b, v143                       // 000000003618: 111F1EFF 3FB8AA3B
	v_div_scale_f32 v177, null, v3, v3, v137                   // 000000003620: D6FC7CB1 06260703
	v_div_scale_f32 v176, null, v3, v3, v8                     // 000000003628: D6FC7CB0 04220703
	v_rcp_f32_e32 v173, v172                                   // 000000003630: 7F5A55AC
	v_lshl_add_u32 v188, s28, 12, v160                         // 000000003634: D64600BC 0681181C
	v_exp_f32_e32 v143, v143                                   // 00000000363C: 7F1E4B8F
	v_rcp_f32_e32 v180, v177                                   // 000000003640: 7F6855B1
	v_rcp_f32_e32 v179, v176                                   // 000000003644: 7F6655B0
	v_fma_f32 v175, -v172, v173, 1.0                           // 000000003648: D61300AF 23CB5BAC
	s_wait_alu depctr_va_vcc(0)                                // 000000003650: BF88FF9D
	s_delay_alu instid0(TRANS32_DEP_3) | instskip(NEXT) | instid1(VALU_DEP_1)// 000000003654: BF870097
	v_cndmask_b32_e32 v143, 0, v143, vcc_lo                    // 000000003658: 031F1E80
	v_dual_fmac_f32 v173, v175, v173 :: v_dual_mul_f32 v144, v166, v143// 00000000365C: C8075BAF AD911FA6
	s_delay_alu instid0(VALU_DEP_1) | instskip(SKIP_1) | instid1(VALU_DEP_2)// 000000003664: BF870121
	v_div_scale_f32 v166, null, v3, v3, v144                   // 000000003668: D6FC7CA6 06420703
	v_div_scale_f32 v170, vcc_lo, v144, v3, v144               // 000000003670: D6FC6AAA 06420790
	v_rcp_f32_e32 v168, v166                                   // 000000003678: 7F5055A6
	s_delay_alu instid0(TRANS32_DEP_1) | instskip(NEXT) | instid1(VALU_DEP_1)// 00000000367C: BF870095
	v_fma_f32 v169, -v166, v168, 1.0                           // 000000003680: D61300A9 23CB51A6
	v_fmac_f32_e32 v168, v169, v168                            // 000000003688: 575151A9
	s_delay_alu instid0(VALU_DEP_1) | instskip(NEXT) | instid1(VALU_DEP_1)// 00000000368C: BF870091
	v_mul_f32_e32 v169, v170, v168                             // 000000003690: 115351AA
	v_fma_f32 v171, -v166, v169, v170                          // 000000003694: D61300AB 26AB53A6
	s_delay_alu instid0(VALU_DEP_1) | instskip(NEXT) | instid1(VALU_DEP_1)// 00000000369C: BF870091
	v_fmac_f32_e32 v169, v171, v168                            // 0000000036A0: 575351AB
	v_fma_f32 v166, -v166, v169, v170                          // 0000000036A4: D61300A6 26AB53A6
	s_wait_alu depctr_va_vcc(0)                                // 0000000036AC: BF88FF9D
	s_delay_alu instid0(VALU_DEP_1) | instskip(NEXT) | instid1(VALU_DEP_1)// 0000000036B0: BF870091
	v_div_fmas_f32 v166, v166, v168, v169                      // 0000000036B4: D63700A6 06A751A6
	v_div_fixup_f32 v6, v166, v3, v144                         // 0000000036BC: D6270006 064207A6
	v_div_scale_f32 v166, null, v3, v3, v141                   // 0000000036C4: D6FC7CA6 06360703
	s_delay_alu instid0(VALU_DEP_2)                            // 0000000036CC: BF870002
	v_mul_f32_e32 v134, v134, v6                               // 0000000036D0: 110C0D86
	v_dual_mul_f32 v130, v130, v6 :: v_dual_fmac_f32 v5, v167, v143// 0000000036D4: C8C00D82 82051FA7
	v_mul_f32_e32 v128, v128, v6                               // 0000000036DC: 11000D80
	v_div_scale_f32 v143, null, v3, v3, v142                   // 0000000036E0: D6FC7C8F 063A0703
	v_rcp_f32_e32 v168, v166                                   // 0000000036E8: 7F5055A6
	v_dual_mul_f32 v136, v136, v6 :: v_dual_mul_f32 v135, v135, v6// 0000000036EC: C8C60D88 88860D87
	v_mul_f32_e32 v126, v126, v6                               // 0000000036F4: 10FC0D7E
	s_delay_alu instid0(VALU_DEP_3) | instskip(SKIP_3) | instid1(TRANS32_DEP_2)// 0000000036F8: BF870343
	v_rcp_f32_e32 v144, v143                                   // 0000000036FC: 7F20558F
	v_dual_mul_f32 v133, v133, v6 :: v_dual_mul_f32 v124, v124, v6// 000000003700: C8C60D85 857C0D7C
	v_dual_mul_f32 v132, v132, v6 :: v_dual_mul_f32 v131, v131, v6// 000000003708: C8C60D84 84820D83
	v_mul_f32_e32 v122, v122, v6                               // 000000003710: 10F40D7A
	v_fma_f32 v170, -v166, v168, 1.0                           // 000000003714: D61300AA 23CB51A6
	v_mul_f32_e32 v25, v25, v6                                 // 00000000371C: 10320D19
	v_dual_mul_f32 v129, v129, v6 :: v_dual_mul_f32 v120, v120, v6// 000000003720: C8C60D81 81780D78
	s_delay_alu instid0(TRANS32_DEP_1) | instskip(NEXT) | instid1(VALU_DEP_4)// 000000003728: BF870215
	v_fma_f32 v167, -v143, v144, 1.0                           // 00000000372C: D61300A7 23CB218F
	v_dual_mul_f32 v33, v33, v6 :: v_dual_fmac_f32 v168, v170, v168// 000000003734: C8C00D21 21A951AA
	v_div_scale_f32 v170, s0, v141, v3, v141                   // 00000000373C: D6FC00AA 0636078D
	v_dual_mul_f32 v127, v127, v6 :: v_dual_mul_f32 v118, v118, v6// 000000003744: C8C60D7F 7F760D76
	s_delay_alu instid0(VALU_DEP_4) | instskip(SKIP_3) | instid1(VALU_DEP_3)// 00000000374C: BF8701C4
	v_fmac_f32_e32 v144, v167, v144                            // 000000003750: 572121A7
	v_div_scale_f32 v167, vcc_lo, v142, v3, v142               // 000000003754: D6FC6AA7 063A078E
	v_dual_mul_f32 v16, v16, v6 :: v_dual_mul_f32 v125, v125, v6// 00000000375C: C8C60D10 107C0D7D
	v_dual_mul_f32 v116, v116, v6 :: v_dual_mul_f32 v123, v123, v6// 000000003764: C8C60D74 747A0D7B
	v_dual_mul_f32 v114, v114, v6 :: v_dual_mul_f32 v169, v167, v144// 00000000376C: C8C60D72 72A921A7
	v_dual_mul_f32 v121, v121, v6 :: v_dual_mul_f32 v112, v112, v6// 000000003774: C8C60D79 79700D70
	v_dual_mul_f32 v119, v119, v6 :: v_dual_mul_f32 v110, v110, v6// 00000000377C: C8C60D77 776E0D6E
	s_delay_alu instid0(VALU_DEP_3) | instskip(SKIP_2) | instid1(VALU_DEP_3)// 000000003784: BF8701B3
	v_fma_f32 v171, -v143, v169, v167                          // 000000003788: D61300AB 269F538F
	v_dual_mul_f32 v117, v117, v6 :: v_dual_mul_f32 v108, v108, v6// 000000003790: C8C60D75 756C0D6C
	v_dual_mul_f32 v115, v115, v6 :: v_dual_mul_f32 v106, v106, v6// 000000003798: C8C60D73 736A0D6A
	v_fmac_f32_e32 v169, v171, v144                            // 0000000037A0: 575321AB
	v_mul_f32_e32 v171, v170, v168                             // 0000000037A4: 115751AA
	v_dual_mul_f32 v113, v113, v6 :: v_dual_mul_f32 v104, v104, v6// 0000000037A8: C8C60D71 71680D68
	v_dual_mul_f32 v111, v111, v6 :: v_dual_mul_f32 v102, v102, v6// 0000000037B0: C8C60D6F 6F660D66
	s_delay_alu instid0(VALU_DEP_4) | instskip(NEXT) | instid1(VALU_DEP_4)// 0000000037B8: BF870214
	v_fma_f32 v143, -v143, v169, v167                          // 0000000037BC: D613008F 269F538F
	v_fma_f32 v167, -v166, v171, v170                          // 0000000037C4: D61300A7 26AB57A6
	v_dual_mul_f32 v109, v109, v6 :: v_dual_mul_f32 v100, v100, v6// 0000000037CC: C8C60D6D 6D640D64
	v_dual_mul_f32 v107, v107, v6 :: v_dual_mul_f32 v98, v98, v6// 0000000037D4: C8C60D6B 6B620D62
	s_wait_alu depctr_va_vcc(0)                                // 0000000037DC: BF88FF9D
	v_div_fmas_f32 v143, v143, v144, v169                      // 0000000037E0: D637008F 06A7218F
	v_fmac_f32_e32 v171, v167, v168                            // 0000000037E8: 575751A7
	v_div_scale_f32 v167, s1, v140, v3, v140                   // 0000000037EC: D6FC01A7 0632078C
	s_mov_b32 vcc_lo, s0                                       // 0000000037F4: BEEA0000
	v_rcp_f32_e32 v144, v174                                   // 0000000037F8: 7F2055AE
	v_div_fixup_f32 v143, v143, v3, v142                       // 0000000037FC: D627008F 063A078F
	v_fma_f32 v142, -v166, v171, v170                          // 000000003804: D613008E 26AB57A6
	v_mul_f32_e32 v166, v167, v173                             // 00000000380C: 114D5BA7
	v_div_scale_f32 v170, null, v3, v3, v7                     // 000000003810: D6FC7CAA 041E0703
	v_dual_mul_f32 v105, v105, v6 :: v_dual_mul_f32 v96, v96, v6// 000000003818: C8C60D69 69600D60
	s_wait_alu depctr_sa_sdst(0)                               // 000000003820: BF88FF9E
	v_div_fmas_f32 v168, v142, v168, v171                      // 000000003824: D63700A8 06AF518E
	v_fma_f32 v171, -v172, v166, v167                          // 00000000382C: D61300AB 269F4DAC
	s_mov_b32 vcc_lo, s1                                       // 000000003834: BEEA0001
	v_rcp_f32_e32 v175, v170                                   // 000000003838: 7F5E55AA
	v_fma_f32 v169, -v174, v144, 1.0                           // 00000000383C: D61300A9 23CB21AE
	v_mul_f32_e32 v19, v19, v6                                 // 000000003844: 10260D13
	v_fmac_f32_e32 v166, v171, v173                            // 000000003848: 574D5BAB
	v_mov_b16_e64 v142.h, 0 op_sel:[0,1]                       // 00000000384C: D59C408E 02010080
	v_mov_b16_e64 v142.l, v1.l                                 // 000000003854: D59C008E 02010101
	v_fmac_f32_e32 v144, v169, v144                            // 00000000385C: 572121A9
	v_div_scale_f32 v169, s0, v139, v3, v139                   // 000000003860: D6FC00A9 062E078B
	v_fma_f32 v167, -v172, v166, v167                          // 000000003868: D61300A7 269F4DAC
	v_fma_f32 v178, -v170, v175, 1.0                           // 000000003870: D61300B2 23CB5FAA
	v_div_fixup_f32 v168, v168, v3, v141                       // 000000003878: D62700A8 063607A8
	v_mov_b16_e64 v141.h, v142.h op_sel:[1,1]                  // 000000003880: D59C488D 0201018E
	v_mov_b16_e64 v141.l, v142.l                               // 000000003888: D59C008D 0201018E
	s_wait_alu depctr_sa_sdst(0)                               // 000000003890: BF88FF9E
	v_div_fmas_f32 v166, v167, v173, v166                      // 000000003894: D63700A6 069B5BA7
	v_div_scale_f32 v167, null, v3, v3, v138                   // 00000000389C: D6FC7CA7 062A0703
	v_fma_f32 v173, -v176, v179, 1.0                           // 0000000038A4: D61300AD 23CB67B0
	s_mov_b32 vcc_lo, s0                                       // 0000000038AC: BEEA0000
	v_cvt_pk_fp8_f32 v141.l, v143, v168                        // 0000000038B0: D769008D 0203518F
	v_div_fixup_f32 v140, v166, v3, v140                       // 0000000038B8: D627008C 063207A6
	v_fma_f32 v166, -v177, v180, 1.0                           // 0000000038C0: D61300A6 23CB69B1
	v_mul_f32_e32 v15, v15, v6                                 // 0000000038C8: 101E0D0F
	v_fmac_f32_e32 v179, v173, v179                            // 0000000038CC: 576767AD
	v_div_scale_f32 v173, s3, v8, v3, v8                       // 0000000038D0: D6FC03AD 04220708
	v_dual_mul_f32 v103, v103, v6 :: v_dual_mul_f32 v94, v94, v6// 0000000038D8: C8C60D67 675E0D5E
	v_fmac_f32_e32 v180, v166, v180                            // 0000000038E0: 576969A6
	v_div_scale_f32 v166, s4, v137, v3, v137                   // 0000000038E4: D6FC04A6 06260789
	v_dual_mul_f32 v10, v10, v6 :: v_dual_mul_f32 v101, v101, v6// 0000000038EC: C8C60D0A 0A640D65
	v_dual_mul_f32 v92, v92, v6 :: v_dual_mul_f32 v99, v99, v6 // 0000000038F4: C8C60D5C 5C620D63
	v_mul_f32_e32 v90, v90, v6                                 // 0000000038FC: 10B40D5A
	s_delay_alu instid0(VALU_DEP_4)                            // 000000003900: BF870004
	v_mul_f32_e32 v182, v166, v180                             // 000000003904: 116D69A6
	v_fmac_f32_e32 v175, v178, v175                            // 000000003908: 575F5FB2
	v_mul_f32_e32 v171, v169, v144                             // 00000000390C: 115721A9
	v_rcp_f32_e32 v178, v167                                   // 000000003910: 7F6455A7
	v_dual_mul_f32 v97, v97, v6 :: v_dual_mul_f32 v88, v88, v6 // 000000003914: C8C60D61 61580D58
	v_dual_mul_f32 v95, v95, v6 :: v_dual_mul_f32 v86, v86, v6 // 00000000391C: C8C60D5F 5F560D56
	s_delay_alu instid0(VALU_DEP_3) | instskip(SKIP_2) | instid1(VALU_DEP_3)// 000000003924: BF8701B3
	v_fma_f32 v172, -v174, v171, v169                          // 000000003928: D61300AC 26A757AE
	v_dual_mul_f32 v93, v93, v6 :: v_dual_mul_f32 v84, v84, v6 // 000000003930: C8C60D5D 5D540D54
	v_dual_mul_f32 v91, v91, v6 :: v_dual_mul_f32 v82, v82, v6 // 000000003938: C8C60D5B 5B520D52
	v_fmac_f32_e32 v171, v172, v144                            // 000000003940: 575721AC
	v_div_scale_f32 v172, s1, v7, v3, v7                       // 000000003944: D6FC01AC 041E0707
	s_delay_alu instid0(TRANS32_DEP_1)                         // 00000000394C: BF870005
	v_fma_f32 v181, -v167, v178, 1.0                           // 000000003950: D61300B5 23CB65A7
	v_mul_f32_e32 v17, v17, v6                                 // 000000003958: 10220D11
	v_dual_mul_f32 v89, v89, v6 :: v_dual_mul_f32 v80, v80, v6 // 00000000395C: C8C60D59 59500D50
	v_fma_f32 v169, -v174, v171, v169                          // 000000003964: D61300A9 26A757AE
	v_mul_f32_e32 v174, v172, v175                             // 00000000396C: 115D5FAC
	v_fmac_f32_e32 v178, v181, v178                            // 000000003970: 576565B5
	v_div_scale_f32 v181, s0, v138, v3, v138                   // 000000003974: D6FC00B5 062A078A
	v_dual_mul_f32 v87, v87, v6 :: v_dual_mul_f32 v78, v78, v6 // 00000000397C: C8C60D57 574E0D4E
	s_wait_alu depctr_sa_sdst(0)                               // 000000003984: BF88FF9E
	v_div_fmas_f32 v144, v169, v144, v171                      // 000000003988: D6370090 06AF21A9
	v_mul_f32_e32 v171, v173, v179                             // 000000003990: 115767AD
	v_fma_f32 v169, -v170, v174, v172                          // 000000003994: D61300A9 26B35DAA
	v_mul_f32_e32 v183, v181, v178                             // 00000000399C: 116F65B5
	s_mov_b32 vcc_lo, s1                                       // 0000000039A0: BEEA0001
	v_div_fixup_f32 v139, v144, v3, v139                       // 0000000039A4: D627008B 062E0790
	v_fma_f32 v144, -v176, v171, v173                          // 0000000039AC: D6130090 26B757B0
	v_fmac_f32_e32 v174, v169, v175                            // 0000000039B4: 575D5FA9
	v_fma_f32 v169, -v177, v182, v166                          // 0000000039B8: D61300A9 269B6DB1
	v_dual_mul_f32 v85, v85, v6 :: v_dual_mul_f32 v76, v76, v6 // 0000000039C0: C8C60D55 554C0D4C
	s_delay_alu instid0(VALU_DEP_4)                            // 0000000039C8: BF870004
	v_fmac_f32_e32 v171, v144, v179                            // 0000000039CC: 57576790
	v_fma_f32 v144, -v167, v183, v181                          // 0000000039D0: D6130090 26D76FA7
	v_fma_f32 v170, -v170, v174, v172                          // 0000000039D8: D61300AA 26B35DAA
	v_fmac_f32_e32 v182, v169, v180                            // 0000000039E0: 576D69A9
	v_cvt_pk_fp8_f32 v141.h, v140, v139 op_sel:[0,0,1]         // 0000000039E4: D769408D 0203178C
	v_dual_mul_f32 v83, v83, v6 :: v_dual_mul_f32 v74, v74, v6 // 0000000039EC: C8C60D53 534A0D4A
	v_fmac_f32_e32 v183, v144, v178                            // 0000000039F4: 576F6590
	s_wait_alu depctr_sa_sdst(0)                               // 0000000039F8: BF88FF9E
	v_div_fmas_f32 v169, v170, v175, v174                      // 0000000039FC: D63700A9 06BB5FAA
	v_fma_f32 v170, -v176, v171, v173                          // 000000003A04: D61300AA 26B757B0
	v_fma_f32 v144, -v177, v182, v166                          // 000000003A0C: D6130090 269B6DB1
	s_mov_b32 vcc_lo, s3                                       // 000000003A14: BEEA0003
	v_fma_f32 v167, -v167, v183, v181                          // 000000003A18: D61300A7 26D76FA7
	v_div_fixup_f32 v7, v169, v3, v7                           // 000000003A20: D6270007 041E07A9
	s_wait_alu depctr_sa_sdst(0)                               // 000000003A28: BF88FF9E
	v_div_fmas_f32 v166, v170, v179, v171                      // 000000003A2C: D63700A6 06AF67AA
	s_mov_b32 vcc_lo, s4                                       // 000000003A34: BEEA0004
	v_dual_mul_f32 v81, v81, v6 :: v_dual_mul_f32 v72, v72, v6 // 000000003A38: C8C60D51 51480D48
	s_wait_alu depctr_sa_sdst(0)                               // 000000003A40: BF88FF9E
	v_div_fmas_f32 v144, v144, v180, v182                      // 000000003A44: D6370090 06DB6990
	s_mov_b32 vcc_lo, s0                                       // 000000003A4C: BEEA0000
	v_div_fixup_f32 v8, v166, v3, v8                           // 000000003A50: D6270008 042207A6
	s_wait_alu depctr_sa_sdst(0)                               // 000000003A58: BF88FF9E
	v_div_fmas_f32 v167, v167, v178, v183                      // 000000003A5C: D63700A7 06DF65A7
	v_dual_mul_f32 v79, v79, v6 :: v_dual_mul_f32 v70, v70, v6 // 000000003A64: C8C60D4F 4F460D46
	v_div_fixup_f32 v137, v144, v3, v137                       // 000000003A6C: D6270089 06260790
	v_cvt_pk_fp8_f32 v142.l, v7, v8                            // 000000003A74: D769008E 02021107
	s_delay_alu instid0(VALU_DEP_4)                            // 000000003A7C: BF870004
	v_div_fixup_f32 v138, v167, v3, v138                       // 000000003A80: D627008A 062A07A7
	ds_load_b64 v[7:8], v188 offset:16384                      // 000000003A88: D9D84000 070000BC
	v_dual_mul_f32 v77, v77, v6 :: v_dual_mul_f32 v68, v68, v6 // 000000003A90: C8C60D4D 4D440D44
	v_cvt_pk_fp8_f32 v142.h, v137, v138 op_sel:[0,0,1]         // 000000003A98: D769408E 02031589
	ds_load_b64 v[137:138], v188 offset:16640                  // 000000003AA0: D9D84100 890000BC
	ds_load_b64 v[139:140], v188 offset:16896                  // 000000003AA8: D9D84200 8B0000BC
	ds_load_b64 v[143:144], v188 offset:17152                  // 000000003AB0: D9D84300 8F0000BC
	ds_load_b64 v[166:167], v188 offset:17408                  // 000000003AB8: D9D84400 A60000BC
	ds_load_b64 v[168:169], v188 offset:17664                  // 000000003AC0: D9D84500 A80000BC
	ds_load_b64 v[170:171], v188 offset:17920                  // 000000003AC8: D9D84600 AA0000BC
	ds_load_b64 v[172:173], v188 offset:18176                  // 000000003AD0: D9D84700 AC0000BC
	ds_load_b64 v[174:175], v188 offset:18432                  // 000000003AD8: D9D84800 AE0000BC
	ds_load_b64 v[176:177], v188 offset:18688                  // 000000003AE0: D9D84900 B00000BC
	ds_load_b64 v[178:179], v188 offset:18944                  // 000000003AE8: D9D84A00 B20000BC
	ds_load_b64 v[180:181], v188 offset:19200                  // 000000003AF0: D9D84B00 B40000BC
	ds_load_b64 v[182:183], v188 offset:19456                  // 000000003AF8: D9D84C00 B60000BC
	ds_load_b64 v[184:185], v188 offset:19712                  // 000000003B00: D9D84D00 B80000BC
	ds_load_b64 v[186:187], v188 offset:19968                  // 000000003B08: D9D84E00 BA0000BC
	ds_load_b64 v[188:189], v188 offset:20224                  // 000000003B10: D9D84F00 BC0000BC
	v_dual_mul_f32 v75, v75, v6 :: v_dual_mul_f32 v66, v66, v6 // 000000003B18: C8C60D4B 4B420D42
	v_dual_mul_f32 v73, v73, v6 :: v_dual_mul_f32 v64, v64, v6 // 000000003B20: C8C60D49 49400D40
	v_dual_mul_f32 v71, v71, v6 :: v_dual_mul_f32 v62, v62, v6 // 000000003B28: C8C60D47 473E0D3E
	v_dual_mul_f32 v69, v69, v6 :: v_dual_mul_f32 v60, v60, v6 // 000000003B30: C8C60D45 453C0D3C
	v_dual_mul_f32 v67, v67, v6 :: v_dual_mul_f32 v58, v58, v6 // 000000003B38: C8C60D43 433A0D3A
	v_dual_mul_f32 v65, v65, v6 :: v_dual_mul_f32 v56, v56, v6 // 000000003B40: C8C60D41 41380D38
	v_dual_mul_f32 v63, v63, v6 :: v_dual_mul_f32 v54, v54, v6 // 000000003B48: C8C60D3F 3F360D36
	v_dual_mul_f32 v61, v61, v6 :: v_dual_mul_f32 v52, v52, v6 // 000000003B50: C8C60D3D 3D340D34
	v_dual_mul_f32 v59, v59, v6 :: v_dual_mul_f32 v50, v50, v6 // 000000003B58: C8C60D3B 3B320D32
	v_dual_mul_f32 v57, v57, v6 :: v_dual_mul_f32 v48, v48, v6 // 000000003B60: C8C60D39 39300D30
	v_dual_mul_f32 v55, v55, v6 :: v_dual_mul_f32 v46, v46, v6 // 000000003B68: C8C60D37 372E0D2E
	v_dual_mul_f32 v53, v53, v6 :: v_dual_mul_f32 v44, v44, v6 // 000000003B70: C8C60D35 352C0D2C
	v_dual_mul_f32 v51, v51, v6 :: v_dual_mul_f32 v42, v42, v6 // 000000003B78: C8C60D33 332A0D2A
	v_dual_mul_f32 v49, v49, v6 :: v_dual_mul_f32 v40, v40, v6 // 000000003B80: C8C60D31 31280D28
	v_dual_mul_f32 v47, v47, v6 :: v_dual_mul_f32 v38, v38, v6 // 000000003B88: C8C60D2F 2F260D26
	v_dual_mul_f32 v45, v45, v6 :: v_dual_mul_f32 v36, v36, v6 // 000000003B90: C8C60D2D 2D240D24
	v_dual_mul_f32 v43, v43, v6 :: v_dual_mul_f32 v34, v34, v6 // 000000003B98: C8C60D2B 2B220D22
	v_dual_mul_f32 v41, v41, v6 :: v_dual_mul_f32 v32, v32, v6 // 000000003BA0: C8C60D29 29200D20
	v_dual_mul_f32 v39, v39, v6 :: v_dual_mul_f32 v30, v30, v6 // 000000003BA8: C8C60D27 271E0D1E
	v_dual_mul_f32 v37, v37, v6 :: v_dual_mul_f32 v28, v28, v6 // 000000003BB0: C8C60D25 251C0D1C
	v_dual_mul_f32 v35, v35, v6 :: v_dual_mul_f32 v26, v26, v6 // 000000003BB8: C8C60D23 231A0D1A
	v_dual_mul_f32 v31, v31, v6 :: v_dual_mul_f32 v24, v24, v6 // 000000003BC0: C8C60D1F 1F180D18
	v_dual_mul_f32 v29, v29, v6 :: v_dual_mul_f32 v22, v22, v6 // 000000003BC8: C8C60D1D 1D160D16
	v_dual_mul_f32 v27, v27, v6 :: v_dual_mul_f32 v20, v20, v6 // 000000003BD0: C8C60D1B 1B140D14
	v_dual_mul_f32 v23, v23, v6 :: v_dual_mul_f32 v18, v18, v6 // 000000003BD8: C8C60D17 17120D12
	v_dual_mul_f32 v21, v21, v6 :: v_dual_mul_f32 v14, v14, v6 // 000000003BE0: C8C60D15 150E0D0E
	v_dual_mul_f32 v13, v13, v6 :: v_dual_mul_f32 v12, v12, v6 // 000000003BE8: C8C60D0D 0D0C0D0C
	v_mul_f32_e32 v11, v11, v6                                 // 000000003BF0: 10160D0B
	v_mul_f32_e32 v9, v9, v6                                   // 000000003BF4: 10120D09
	s_wait_dscnt 0xf                                           // 000000003BF8: BFC6000F
	v_wmma_f32_16x16x16_fp8_fp8 v[129:136], v[7:8], v[141:142], v[129:136]// 000000003BFC: CC464081 1E071B07
	s_wait_dscnt 0xe                                           // 000000003C04: BFC6000E
	v_wmma_f32_16x16x16_fp8_fp8 v[121:128], v[137:138], v[141:142], v[121:128]// 000000003C08: CC464079 1DE71B89
	s_wait_dscnt 0xd                                           // 000000003C10: BFC6000D
	v_wmma_f32_16x16x16_fp8_fp8 v[113:120], v[139:140], v[141:142], v[113:120]// 000000003C14: CC464071 1DC71B8B
	s_wait_dscnt 0xc                                           // 000000003C1C: BFC6000C
	v_wmma_f32_16x16x16_fp8_fp8 v[105:112], v[143:144], v[141:142], v[105:112]// 000000003C20: CC464069 1DA71B8F
	s_wait_dscnt 0xb                                           // 000000003C28: BFC6000B
	v_wmma_f32_16x16x16_fp8_fp8 v[97:104], v[166:167], v[141:142], v[97:104]// 000000003C2C: CC464061 1D871BA6
	s_wait_dscnt 0xa                                           // 000000003C34: BFC6000A
	v_wmma_f32_16x16x16_fp8_fp8 v[89:96], v[168:169], v[141:142], v[89:96]// 000000003C38: CC464059 1D671BA8
	s_wait_dscnt 0x9                                           // 000000003C40: BFC60009
	v_wmma_f32_16x16x16_fp8_fp8 v[81:88], v[170:171], v[141:142], v[81:88]// 000000003C44: CC464051 1D471BAA
	s_wait_dscnt 0x8                                           // 000000003C4C: BFC60008
	v_wmma_f32_16x16x16_fp8_fp8 v[73:80], v[172:173], v[141:142], v[73:80]// 000000003C50: CC464049 1D271BAC
	s_wait_dscnt 0x7                                           // 000000003C58: BFC60007
	v_wmma_f32_16x16x16_fp8_fp8 v[65:72], v[174:175], v[141:142], v[65:72]// 000000003C5C: CC464041 1D071BAE
	s_wait_dscnt 0x6                                           // 000000003C64: BFC60006
	v_wmma_f32_16x16x16_fp8_fp8 v[57:64], v[176:177], v[141:142], v[57:64]// 000000003C68: CC464039 1CE71BB0
	s_wait_dscnt 0x5                                           // 000000003C70: BFC60005
	v_wmma_f32_16x16x16_fp8_fp8 v[49:56], v[178:179], v[141:142], v[49:56]// 000000003C74: CC464031 1CC71BB2
	s_wait_dscnt 0x4                                           // 000000003C7C: BFC60004
	v_wmma_f32_16x16x16_fp8_fp8 v[41:48], v[180:181], v[141:142], v[41:48]// 000000003C80: CC464029 1CA71BB4
	s_wait_dscnt 0x3                                           // 000000003C88: BFC60003
	v_wmma_f32_16x16x16_fp8_fp8 v[33:40], v[182:183], v[141:142], v[33:40]// 000000003C8C: CC464021 1C871BB6
	s_wait_dscnt 0x2                                           // 000000003C94: BFC60002
	v_wmma_f32_16x16x16_fp8_fp8 v[25:32], v[184:185], v[141:142], v[25:32]// 000000003C98: CC464019 1C671BB8
	s_wait_dscnt 0x1                                           // 000000003CA0: BFC60001
	v_wmma_f32_16x16x16_fp8_fp8 v[17:24], v[186:187], v[141:142], v[17:24]// 000000003CA4: CC464011 1C471BBA
	s_wait_dscnt 0x0                                           // 000000003CAC: BFC60000
	v_wmma_f32_16x16x16_fp8_fp8 v[9:16], v[188:189], v[141:142], v[9:16]// 000000003CB0: CC464009 1C271BBC
	v_dual_mov_b32 v167, v5 :: v_dual_mov_b32 v166, v3         // 000000003CB8: CA100105 A7A60103
	v_add_nc_u32_e32 v4, 0x100, v4                             // 000000003CC0: 4A0808FF 00000100
	s_delay_alu instid0(VALU_DEP_2)                            // 000000003CC8: BF870002
	v_mov_b32_e32 v168, v2                                     // 000000003CCC: 7F500302
	s_add_co_i32 s28, s28, 1                                   // 000000003CD0: 811C811C
	s_wait_alu depctr_sa_sdst(0)                               // 000000003CD4: BF88FF9E
	s_cmp_lg_u32 s28, 4                                        // 000000003CD8: BF07841C
	s_cbranch_scc0 64772                                       // 000000003CDC: BFA1FD04 <attention_fp8_e4m3_fa2_gqa_gfx1201+0x5f0>
	s_wait_alu depctr_sa_sdst(0)                               // 000000003CE0: BF88FF9E
	s_cmp_lt_i32 s28, 1                                        // 000000003CE4: BF04811C
	s_mov_b32 s0, -1                                           // 000000003CE8: BE8000C1
	s_cbranch_scc1 10                                          // 000000003CEC: BFA2000A <attention_fp8_e4m3_fa2_gqa_gfx1201+0x1218>
	s_cmp_eq_u32 s28, 1                                        // 000000003CF0: BF06811C
	s_mov_b32 s0, s29                                          // 000000003CF4: BE80001D
	s_cbranch_scc1 7                                           // 000000003CF8: BFA20007 <attention_fp8_e4m3_fa2_gqa_gfx1201+0x1218>
	s_cmp_eq_u32 s28, 2                                        // 000000003CFC: BF06821C
	s_cselect_b32 s0, 32, 48                                   // 000000003D00: 9800B0A0
	s_wait_alu depctr_sa_sdst(0)                               // 000000003D04: BF88FF9E
	s_or_b32 s0, s0, s26                                       // 000000003D08: 8C001A00
	s_wait_alu depctr_sa_sdst(0)                               // 000000003D0C: BF88FF9E
	s_cmp_ge_i32 s24, s0                                       // 000000003D10: BF030018
	s_cselect_b32 s0, -1, 0                                    // 000000003D14: 980080C1
	s_wait_alu depctr_sa_sdst(0)                               // 000000003D18: BF88FF9E
	s_and_b32 vcc_lo, exec_lo, s0                              // 000000003D1C: 8B6A007E
	s_wait_alu depctr_sa_sdst(0)                               // 000000003D20: BF88FF9E
	s_cbranch_vccz 529                                         // 000000003D24: BFA30211 <attention_fp8_e4m3_fa2_gqa_gfx1201+0x1a6c>
	v_dual_mov_b32 v137, 0 :: v_dual_mov_b32 v2, v154          // 000000003D28: CA100080 8902019A
	v_mov_b32_e32 v3, v155                                     // 000000003D30: 7E06039B
	s_movk_i32 s0, 0xc000                                      // 000000003D34: B000C000
	s_delay_alu instid0(VALU_DEP_2)                            // 000000003D38: BF870002
	v_dual_mov_b32 v138, v137 :: v_dual_mov_b32 v139, v137     // 000000003D3C: CA100189 8A8A0189
	v_dual_mov_b32 v140, v137 :: v_dual_mov_b32 v141, v137     // 000000003D44: CA100189 8C8C0189
	v_dual_mov_b32 v142, v137 :: v_dual_mov_b32 v143, v137     // 000000003D4C: CA100189 8E8E0189
	v_mov_b32_e32 v144, v137                                   // 000000003D54: 7F200389
	s_clause 0x3                                               // 000000003D58: BF850003
	global_load_b64 v[173:174], v[2:3], off offset:-48         // 000000003D5C: EE05407C 000000AD FFFFD002
	global_load_b64 v[175:176], v[2:3], off offset:-32         // 000000003D68: EE05407C 000000AF FFFFE002
	global_load_b64 v[177:178], v[2:3], off offset:-16         // 000000003D74: EE05407C 000000B1 FFFFF002
	global_load_b64 v[179:180], v[2:3], off                    // 000000003D80: EE05407C 000000B3 00000002
	s_wait_alu depctr_sa_sdst(0)                               // 000000003D8C: BF88FF9E
	v_add_nc_u32_e32 v169, s0, v4                              // 000000003D90: 4B520800
	v_add_co_u32 v2, vcc_lo, v2, 64                            // 000000003D94: D7006A02 02018102
	s_wait_alu depctr_va_vcc(0)                                // 000000003D9C: BF88FF9D
	v_add_co_ci_u32_e64 v3, null, 0, v3, vcc_lo                // 000000003DA0: D5207C03 01AA0680
	ds_load_2addr_stride64_b64 v[5:8], v169 offset0:32 offset1:34// 000000003DA8: D9E02220 050000A9
	ds_load_2addr_stride64_b64 v[169:172], v169 offset0:36 offset1:38// 000000003DB0: D9E02624 A90000A9
	s_addk_co_i32 s0, 0x1000                                   // 000000003DB8: B7801000
	s_wait_alu depctr_sa_sdst(0)                               // 000000003DBC: BF88FF9E
	s_cmp_lg_u32 s0, 0                                         // 000000003DC0: BF078000
	s_wait_loadcnt_dscnt 0x301                                 // 000000003DC4: BFC80301
	v_wmma_f32_16x16x16_fp8_fp8 v[137:144], v[5:6], v[173:174], v[137:144]// 000000003DC8: CC464089 1E275B05
	s_wait_loadcnt 0x2                                         // 000000003DD0: BFC00002
	s_delay_alu instid0(VALU_DEP_1) | instskip(SKIP_1) | instid1(VALU_DEP_1)// 000000003DD4: BF8700A1
	v_wmma_f32_16x16x16_fp8_fp8 v[137:144], v[7:8], v[175:176], v[137:144]// 000000003DD8: CC464089 1E275F07
	s_wait_loadcnt_dscnt 0x100                                 // 000000003DE0: BFC80100
	v_wmma_f32_16x16x16_fp8_fp8 v[137:144], v[169:170], v[177:178], v[137:144]// 000000003DE4: CC464089 1E2763A9
	s_wait_loadcnt 0x0                                         // 000000003DEC: BFC00000
	s_delay_alu instid0(VALU_DEP_1)                            // 000000003DF0: BF870001
	v_wmma_f32_16x16x16_fp8_fp8 v[137:144], v[171:172], v[179:180], v[137:144]// 000000003DF4: CC464089 1E2767AB
	s_cbranch_scc1 65494                                       // 000000003DFC: BFA2FFD6 <attention_fp8_e4m3_fa2_gqa_gfx1201+0x1258>
	s_lshl4_add_u32 s0, s28, s26                               // 000000003E00: 88801A1C
	v_dual_mov_b32 v173, 0 :: v_dual_mov_b32 v170, 0           // 000000003E04: CA100080 ADAA0080
	s_wait_alu depctr_sa_sdst(0)                               // 000000003E0C: BF88FF9E
	s_or_b32 s1, s0, 15                                        // 000000003E10: 8C018F00
	s_wait_alu depctr_sa_sdst(0)                               // 000000003E14: BF88FF9E
	s_cmp_le_i32 s1, s25                                       // 000000003E18: BF051901
	s_cselect_b32 s30, -1, 0                                   // 000000003E1C: 981E80C1
	s_cmp_gt_i32 s1, s25                                       // 000000003E20: BF021901
	s_cselect_b32 s1, -1, 0                                    // 000000003E24: 980180C1
	s_wait_alu depctr_sa_sdst(0)                               // 000000003E28: BF88FF9E
	s_and_b32 s3, s1, s23                                      // 000000003E2C: 8B031701
	s_wait_alu depctr_sa_sdst(0)                               // 000000003E30: BF88FF9E
	s_and_saveexec_b32 s1, s3                                  // 000000003E34: BE812003
	s_cbranch_execz 3                                          // 000000003E38: BFA50003 <attention_fp8_e4m3_fa2_gqa_gfx1201+0x1348>
	global_load_b32 v170, v[150:151], off                      // 000000003E3C: EE05007C 000000AA 00000096
	s_wait_alu depctr_sa_sdst(0)                               // 000000003E48: BF88FF9E
	s_or_b32 exec_lo, exec_lo, s1                              // 000000003E4C: 8C7E017E
	v_or_b32_e32 v2, s0, v146                                  // 000000003E50: 38052400
	s_delay_alu instid0(VALU_DEP_1)                            // 000000003E54: BF870001
	v_cmp_ge_i32_e32 vcc_lo, s24, v2                           // 000000003E58: 7C8C0418
	s_and_saveexec_b32 s0, vcc_lo                              // 000000003E5C: BE80206A
	s_cbranch_execz 9                                          // 000000003E60: BFA50009 <attention_fp8_e4m3_fa2_gqa_gfx1201+0x1388>
	v_mad_co_u64_u32 v[5:6], null, 0x408, v2, s[20:21]         // 000000003E64: D6FE7C05 005204FF 00000408
	global_load_d16_b16 v3, v[5:6], off offset:1024            // 000000003E70: EE08007C 00000003 00040005
	s_wait_loadcnt 0x0                                         // 000000003E7C: BFC00000
	v_cvt_f32_f16_e64 v173, v3.l                               // 000000003E80: D58B00AD 02010103
	s_wait_alu depctr_sa_sdst(0)                               // 000000003E88: BF88FF9E
	s_or_b32 exec_lo, exec_lo, s0                              // 000000003E8C: 8C7E007E
	v_or_b32_e32 v5, 1, v2                                     // 000000003E90: 380A0481
	v_cmp_gt_i32_e64 s0, s24, v2                               // 000000003E94: D4440000 02020418
	v_dual_mov_b32 v174, 0 :: v_dual_mov_b32 v175, 0           // 000000003E9C: CA100080 AEAE0080
	s_and_saveexec_b32 s1, s0                                  // 000000003EA4: BE812000
	s_cbranch_execz 9                                          // 000000003EA8: BFA50009 <attention_fp8_e4m3_fa2_gqa_gfx1201+0x13d0>
	v_mad_co_u64_u32 v[6:7], null, 0x408, v5, s[20:21]         // 000000003EAC: D6FE7C06 00520AFF 00000408
	global_load_d16_b16 v3, v[6:7], off offset:1024            // 000000003EB8: EE08007C 00000003 00040006
	s_wait_loadcnt 0x0                                         // 000000003EC4: BFC00000
	v_cvt_f32_f16_e64 v175, v3.l                               // 000000003EC8: D58B00AF 02010103
	s_wait_alu depctr_sa_sdst(0)                               // 000000003ED0: BF88FF9E
	s_or_b32 exec_lo, exec_lo, s1                              // 000000003ED4: 8C7E017E
	v_or_b32_e32 v6, 2, v2                                     // 000000003ED8: 380C0482
	s_delay_alu instid0(VALU_DEP_1)                            // 000000003EDC: BF870001
	v_cmp_ge_i32_e64 s1, s24, v6                               // 000000003EE0: D4460001 02020C18
	s_and_saveexec_b32 s3, s1                                  // 000000003EE8: BE832001
	s_cbranch_execz 9                                          // 000000003EEC: BFA50009 <attention_fp8_e4m3_fa2_gqa_gfx1201+0x1414>
	v_mad_co_u64_u32 v[7:8], null, 0x408, v6, s[20:21]         // 000000003EF0: D6FE7C07 00520CFF 00000408
	global_load_d16_b16 v3, v[7:8], off offset:1024            // 000000003EFC: EE08007C 00000003 00040007
	s_wait_loadcnt 0x0                                         // 000000003F08: BFC00000
	v_cvt_f32_f16_e64 v174, v3.l                               // 000000003F0C: D58B00AE 02010103
	s_wait_alu depctr_sa_sdst(0)                               // 000000003F14: BF88FF9E
	s_or_b32 exec_lo, exec_lo, s3                              // 000000003F18: 8C7E037E
	v_or_b32_e32 v7, 3, v2                                     // 000000003F1C: 380E0483
	v_mov_b32_e32 v176, 0                                      // 000000003F20: 7F600280
	v_mov_b32_e32 v178, 0                                      // 000000003F24: 7F640280
	s_delay_alu instid0(VALU_DEP_3)                            // 000000003F28: BF870003
	v_cmp_ge_i32_e64 s3, s24, v7                               // 000000003F2C: D4460003 02020E18
	s_and_saveexec_b32 s4, s3                                  // 000000003F34: BE842003
	s_cbranch_execz 9                                          // 000000003F38: BFA50009 <attention_fp8_e4m3_fa2_gqa_gfx1201+0x1460>
	v_mad_co_u64_u32 v[171:172], null, 0x408, v7, s[20:21]     // 000000003F3C: D6FE7CAB 00520EFF 00000408
	global_load_d16_b16 v3, v[171:172], off offset:1024        // 000000003F48: EE08007C 00000003 000400AB
	s_wait_loadcnt 0x0                                         // 000000003F54: BFC00000
	v_cvt_f32_f16_e64 v178, v3.l                               // 000000003F58: D58B00B2 02010103
	s_wait_alu depctr_sa_sdst(0)                               // 000000003F60: BF88FF9E
	s_or_b32 exec_lo, exec_lo, s4                              // 000000003F64: 8C7E047E
	v_or_b32_e32 v8, 4, v2                                     // 000000003F68: 38100484
	s_delay_alu instid0(VALU_DEP_1)                            // 000000003F6C: BF870001
	v_cmp_ge_i32_e64 s4, s24, v8                               // 000000003F70: D4460004 02021018
	s_and_saveexec_b32 s5, s4                                  // 000000003F78: BE852004
	s_cbranch_execz 9                                          // 000000003F7C: BFA50009 <attention_fp8_e4m3_fa2_gqa_gfx1201+0x14a4>
	v_mad_co_u64_u32 v[171:172], null, 0x408, v8, s[20:21]     // 000000003F80: D6FE7CAB 005210FF 00000408
	global_load_d16_b16 v3, v[171:172], off offset:1024        // 000000003F8C: EE08007C 00000003 000400AB
	s_wait_loadcnt 0x0                                         // 000000003F98: BFC00000
	v_cvt_f32_f16_e64 v176, v3.l                               // 000000003F9C: D58B00B0 02010103
	s_wait_alu depctr_sa_sdst(0)                               // 000000003FA4: BF88FF9E
	s_or_b32 exec_lo, exec_lo, s5                              // 000000003FA8: 8C7E057E
	v_or_b32_e32 v169, 5, v2                                   // 000000003FAC: 39520485
	v_mov_b32_e32 v177, 0                                      // 000000003FB0: 7F620280
	v_mov_b32_e32 v179, 0                                      // 000000003FB4: 7F660280
	s_delay_alu instid0(VALU_DEP_3)                            // 000000003FB8: BF870003
	v_cmp_ge_i32_e64 s5, s24, v169                             // 000000003FBC: D4460005 02035218
	s_and_saveexec_b32 s6, s5                                  // 000000003FC4: BE862005
	s_cbranch_execz 9                                          // 000000003FC8: BFA50009 <attention_fp8_e4m3_fa2_gqa_gfx1201+0x14f0>
	v_mad_co_u64_u32 v[171:172], null, 0x408, v169, s[20:21]   // 000000003FCC: D6FE7CAB 005352FF 00000408
	global_load_d16_b16 v3, v[171:172], off offset:1024        // 000000003FD8: EE08007C 00000003 000400AB
	s_wait_loadcnt 0x0                                         // 000000003FE4: BFC00000
	v_cvt_f32_f16_e64 v179, v3.l                               // 000000003FE8: D58B00B3 02010103
	s_wait_alu depctr_sa_sdst(0)                               // 000000003FF0: BF88FF9E
	s_or_b32 exec_lo, exec_lo, s6                              // 000000003FF4: 8C7E067E
	v_or_b32_e32 v171, 6, v2                                   // 000000003FF8: 39560486
	s_delay_alu instid0(VALU_DEP_1)                            // 000000003FFC: BF870001
	v_cmp_ge_i32_e64 s6, s24, v171                             // 000000004000: D4460006 02035618
	s_and_saveexec_b32 s7, s6                                  // 000000004008: BE872006
	s_cbranch_execz 9                                          // 00000000400C: BFA50009 <attention_fp8_e4m3_fa2_gqa_gfx1201+0x1534>
	v_mad_co_u64_u32 v[180:181], null, 0x408, v171, s[20:21]   // 000000004010: D6FE7CB4 005356FF 00000408
	global_load_d16_b16 v3, v[180:181], off offset:1024        // 00000000401C: EE08007C 00000003 000400B4
	s_wait_loadcnt 0x0                                         // 000000004028: BFC00000
	v_cvt_f32_f16_e64 v177, v3.l                               // 00000000402C: D58B00B1 02010103
	s_wait_alu depctr_sa_sdst(0)                               // 000000004034: BF88FF9E
	s_or_b32 exec_lo, exec_lo, s7                              // 000000004038: 8C7E077E
	v_or_b32_e32 v172, 7, v2                                   // 00000000403C: 39580487
	v_dual_mov_b32 v3, 0 :: v_dual_mov_b32 v180, 0             // 000000004040: CA100080 03B40080
	s_delay_alu instid0(VALU_DEP_2)                            // 000000004048: BF870002
	v_cmp_ge_i32_e64 s7, s24, v172                             // 00000000404C: D4460007 02035818
	s_and_saveexec_b32 s8, s7                                  // 000000004054: BE882007
	s_cbranch_execz 9                                          // 000000004058: BFA50009 <attention_fp8_e4m3_fa2_gqa_gfx1201+0x1580>
	v_mad_co_u64_u32 v[180:181], null, 0x408, v172, s[20:21]   // 00000000405C: D6FE7CB4 005358FF 00000408
	global_load_d16_b16 v180, v[180:181], off offset:1024      // 000000004068: EE08007C 000000B4 000400B4
	s_wait_loadcnt 0x0                                         // 000000004074: BFC00000
	v_cvt_f32_f16_e64 v180, v180.l                             // 000000004078: D58B00B4 020101B4
	s_wait_alu depctr_sa_sdst(0)                               // 000000004080: BF88FF9E
	s_or_b32 exec_lo, exec_lo, s8                              // 000000004084: 8C7E087E
	v_dual_mul_f32 v137, v0, v137 :: v_dual_mul_f32 v138, v0, v138// 000000004088: C8C71300 898B1500
	s_wait_loadcnt 0x0                                         // 000000004090: BFC00000
	v_cmp_le_i32_e64 s8, v2, v170                              // 000000004094: D4430008 02035502
	v_cmp_lt_i32_e64 s9, v2, v170                              // 00000000409C: D4410009 02035502
	v_dual_mul_f32 v139, v0, v139 :: v_dual_mul_f32 v140, v0, v140// 0000000040A4: C8C71700 8B8D1900
	v_cmp_le_i32_e64 s10, v6, v170                             // 0000000040AC: D443000A 02035506
	v_dual_mul_f32 v137, v137, v173 :: v_dual_mul_f32 v138, v138, v175// 0000000040B4: C8C75B89 898B5F8A
	s_or_b32 s8, s30, s8                                       // 0000000040BC: 8C08081E
	s_or_b32 s9, s30, s9                                       // 0000000040C0: 8C09091E
	s_wait_alu depctr_sa_sdst(0)                               // 0000000040C4: BF88FF9E
	s_and_b32 s8, s23, s8                                      // 0000000040C8: 8B080817
	v_dual_mul_f32 v173, v139, v174 :: v_dual_mul_f32 v144, v0, v144// 0000000040CC: C8C75D8B AD912100
	s_wait_alu depctr_sa_sdst(0)                               // 0000000040D4: BF88FF9E
	v_cndmask_b32_e64 v137, 0xff800000, v137, s8               // 0000000040D8: D5010089 002312FF FF800000
	s_or_b32 s10, s30, s10                                     // 0000000040E4: 8C0A0A1E
	v_cmp_le_i32_e64 s8, v7, v170                              // 0000000040E8: D4430008 02035507
	s_and_b32 s9, s23, s9                                      // 0000000040F0: 8B090917
	v_mul_f32_e32 v142, v0, v142                               // 0000000040F4: 111D1D00
	s_wait_alu depctr_sa_sdst(0)                               // 0000000040F8: BF88FF9E
	v_cndmask_b32_e64 v139, 0xff800000, v138, s9               // 0000000040FC: D501008B 002714FF FF800000
	s_and_b32 s9, s23, s10                                     // 000000004108: 8B090A17
	v_mul_f32_e32 v140, v140, v178                             // 00000000410C: 1119658C
	s_wait_alu depctr_sa_sdst(0)                               // 000000004110: BF88FF9E
	v_cndmask_b32_e64 v138, 0xff800000, v173, s9               // 000000004114: D501008A 00275AFF FF800000
	v_mul_f32_e32 v173, v0, v141                               // 000000004120: 115B1B00
	s_or_b32 s10, s30, s8                                      // 000000004124: 8C0A081E
	v_cmp_le_i32_e64 s8, v8, v170                              // 000000004128: D4430008 02035508
	v_cmp_le_i32_e64 s9, v169, v170                            // 000000004130: D4430009 020355A9
	s_wait_alu depctr_sa_sdst(0)                               // 000000004138: BF88FF9E
	s_and_b32 s10, s23, s10                                    // 00000000413C: 8B0A0A17
	v_mul_f32_e32 v143, v0, v143                               // 000000004140: 111F1F00
	s_wait_alu depctr_sa_sdst(0)                               // 000000004144: BF88FF9E
	v_cndmask_b32_e64 v141, 0xff800000, v140, s10              // 000000004148: D501008D 002B18FF FF800000
	v_mul_f32_e32 v140, v173, v176                             // 000000004154: 111961AD
	s_or_b32 s8, s30, s8                                       // 000000004158: 8C08081E
	v_mul_f32_e32 v173, v142, v179                             // 00000000415C: 115B678E
	s_or_b32 s9, s30, s9                                       // 000000004160: 8C09091E
	s_wait_alu depctr_sa_sdst(0)                               // 000000004164: BF88FF9E
	s_and_b32 s8, s23, s8                                      // 000000004168: 8B080817
	v_dual_mul_f32 v143, v143, v177 :: v_dual_mul_f32 v144, v144, v180// 00000000416C: C8C7638F 8F916990
	s_wait_alu depctr_sa_sdst(0)                               // 000000004174: BF88FF9E
	v_cndmask_b32_e64 v142, 0xff800000, v140, s8               // 000000004178: D501008E 002318FF FF800000
	s_and_b32 s8, s23, s9                                      // 000000004184: 8B080917
	v_cmp_le_i32_e64 s9, v172, v170                            // 000000004188: D4430009 020355AC
	s_wait_alu depctr_sa_sdst(0)                               // 000000004190: BF88FF9E
	v_cndmask_b32_e64 v140, 0xff800000, v173, s8               // 000000004194: D501008C 00235AFF FF800000
	v_cmp_le_i32_e64 s8, v171, v170                            // 0000000041A0: D4430008 020355AB
	v_max3_num_f32 v170, v137, 0xff800000, v139                // 0000000041A8: D62A00AA 062DFF89 FF800000
	s_or_b32 s9, s30, s9                                       // 0000000041B4: 8C09091E
	s_or_b32 s8, s30, s8                                       // 0000000041B8: 8C08081E
	s_delay_alu instid0(VALU_DEP_1)                            // 0000000041BC: BF870001
	v_max3_num_f32 v170, v170, v138, v141                      // 0000000041C0: D62A00AA 063715AA
	s_wait_alu depctr_sa_sdst(0)                               // 0000000041C8: BF88FF9E
	s_and_b32 s8, s23, s8                                      // 0000000041CC: 8B080817
	s_wait_alu depctr_sa_sdst(0)                               // 0000000041D0: BF88FF9E
	v_cndmask_b32_e64 v173, 0xff800000, v143, s8               // 0000000041D4: D50100AD 00231EFF FF800000
	s_and_b32 s8, s23, s9                                      // 0000000041E0: 8B080917
	v_max3_num_f32 v143, v170, v142, v140                      // 0000000041E4: D62A008F 06331DAA
	s_wait_alu depctr_sa_sdst(0)                               // 0000000041EC: BF88FF9E
	v_cndmask_b32_e64 v144, 0xff800000, v144, s8               // 0000000041F0: D5010090 002320FF FF800000
	s_delay_alu instid0(VALU_DEP_1)                            // 0000000041FC: BF870001
	v_max3_num_f32 v175, v143, v173, v144                      // 000000004200: D62A00AF 06435B8F
	ds_bpermute_b32 v176, v158, v175                           // 000000004208: DACC0000 B000AF9E
	s_and_saveexec_b32 s8, vcc_lo                              // 000000004210: BE88206A
	s_cbranch_execz 8                                          // 000000004214: BFA50008 <attention_fp8_e4m3_fa2_gqa_gfx1201+0x1738>
	v_mad_co_u64_u32 v[2:3], null, 0x408, v2, s[12:13]         // 000000004218: D6FE7C02 003204FF 00000408
	global_load_d16_b16 v2, v[2:3], off offset:1024            // 000000004224: EE08007C 00000002 00040002
	s_wait_loadcnt 0x0                                         // 000000004230: BFC00000
	v_cvt_f32_f16_e32 v3, v2.l                                 // 000000004234: 7E061702
	s_wait_alu depctr_sa_sdst(0)                               // 000000004238: BF88FF9E
	s_or_b32 exec_lo, exec_lo, s8                              // 00000000423C: 8C7E087E
	v_dual_mov_b32 v143, 0 :: v_dual_mov_b32 v170, 0           // 000000004240: CA100080 8FAA0080
	s_and_saveexec_b32 s8, s0                                  // 000000004248: BE882000
	s_cbranch_execz 9                                          // 00000000424C: BFA50009 <attention_fp8_e4m3_fa2_gqa_gfx1201+0x1774>
	v_mad_co_u64_u32 v[177:178], null, 0x408, v5, s[12:13]     // 000000004250: D6FE7CB1 00320AFF 00000408
	global_load_d16_b16 v2, v[177:178], off offset:1024        // 00000000425C: EE08007C 00000002 000400B1
	s_wait_loadcnt 0x0                                         // 000000004268: BFC00000
	v_cvt_f32_f16_e64 v170, v2.l                               // 00000000426C: D58B00AA 02010102
	s_wait_alu depctr_sa_sdst(0)                               // 000000004274: BF88FF9E
	s_or_b32 exec_lo, exec_lo, s8                              // 000000004278: 8C7E087E
	s_and_saveexec_b32 s0, s1                                  // 00000000427C: BE802001
	s_cbranch_execz 9                                          // 000000004280: BFA50009 <attention_fp8_e4m3_fa2_gqa_gfx1201+0x17a8>
	v_mad_co_u64_u32 v[5:6], null, 0x408, v6, s[12:13]         // 000000004284: D6FE7C05 00320CFF 00000408
	global_load_d16_b16 v2, v[5:6], off offset:1024            // 000000004290: EE08007C 00000002 00040005
	s_wait_loadcnt 0x0                                         // 00000000429C: BFC00000
	v_cvt_f32_f16_e64 v143, v2.l                               // 0000000042A0: D58B008F 02010102
	s_wait_alu depctr_sa_sdst(0)                               // 0000000042A8: BF88FF9E
	s_or_b32 exec_lo, exec_lo, s0                              // 0000000042AC: 8C7E007E
	v_dual_mov_b32 v5, 0 :: v_dual_mov_b32 v6, 0               // 0000000042B0: CA100080 05060080
	s_and_saveexec_b32 s0, s3                                  // 0000000042B8: BE802003
	s_cbranch_execz 8                                          // 0000000042BC: BFA50008 <attention_fp8_e4m3_fa2_gqa_gfx1201+0x17e0>
	v_mad_co_u64_u32 v[6:7], null, 0x408, v7, s[12:13]         // 0000000042C0: D6FE7C06 00320EFF 00000408
	global_load_d16_b16 v2, v[6:7], off offset:1024            // 0000000042CC: EE08007C 00000002 00040006
	s_wait_loadcnt 0x0                                         // 0000000042D8: BFC00000
	v_cvt_f32_f16_e32 v6, v2.l                                 // 0000000042DC: 7E0C1702
	s_wait_alu depctr_sa_sdst(0)                               // 0000000042E0: BF88FF9E
	s_or_b32 exec_lo, exec_lo, s0                              // 0000000042E4: 8C7E007E
	s_and_saveexec_b32 s0, s4                                  // 0000000042E8: BE802004
	s_cbranch_execz 8                                          // 0000000042EC: BFA50008 <attention_fp8_e4m3_fa2_gqa_gfx1201+0x1810>
	v_mad_co_u64_u32 v[7:8], null, 0x408, v8, s[12:13]         // 0000000042F0: D6FE7C07 003210FF 00000408
	global_load_d16_b16 v2, v[7:8], off offset:1024            // 0000000042FC: EE08007C 00000002 00040007
	s_wait_loadcnt 0x0                                         // 000000004308: BFC00000
	v_cvt_f32_f16_e32 v5, v2.l                                 // 00000000430C: 7E0A1702
	s_wait_alu depctr_sa_sdst(0)                               // 000000004310: BF88FF9E
	s_or_b32 exec_lo, exec_lo, s0                              // 000000004314: 8C7E007E
	v_mov_b32_e32 v174, 0                                      // 000000004318: 7F5C0280
	v_mov_b32_e32 v8, 0                                        // 00000000431C: 7E100280
	s_and_saveexec_b32 s0, s5                                  // 000000004320: BE802005
	s_cbranch_execnz 147                                       // 000000004324: BFA60093 <attention_fp8_e4m3_fa2_gqa_gfx1201+0x1a74>
	s_wait_alu depctr_sa_sdst(0)                               // 000000004328: BF88FF9E
	s_or_b32 exec_lo, exec_lo, s0                              // 00000000432C: 8C7E007E
	s_and_saveexec_b32 s0, s6                                  // 000000004330: BE802006
	s_cbranch_execnz 155                                       // 000000004334: BFA6009B <attention_fp8_e4m3_fa2_gqa_gfx1201+0x1aa4>
	s_wait_alu depctr_sa_sdst(0)                               // 000000004338: BF88FF9E
	s_or_b32 exec_lo, exec_lo, s0                              // 00000000433C: 8C7E007E
	v_mov_b32_e32 v169, 0                                      // 000000004340: 7F520280
	s_and_saveexec_b32 s0, s7                                  // 000000004344: BE802007
	s_cbranch_execz 9                                          // 000000004348: BFA50009 <attention_fp8_e4m3_fa2_gqa_gfx1201+0x1870>
	v_mad_co_u64_u32 v[171:172], null, 0x408, v172, s[12:13]   // 00000000434C: D6FE7CAB 003358FF 00000408
	global_load_d16_b16 v2, v[171:172], off offset:1024        // 000000004358: EE08007C 00000002 000400AB
	s_wait_loadcnt 0x0                                         // 000000004364: BFC00000
	v_cvt_f32_f16_e64 v169, v2.l                               // 000000004368: D58B00A9 02010102
	s_wait_alu depctr_sa_sdst(0)                               // 000000004370: BF88FF9E
	s_or_b32 exec_lo, exec_lo, s0                              // 000000004374: 8C7E007E
	s_wait_dscnt 0x0                                           // 000000004378: BFC60000
	v_max3_num_f32 v2, v168, v175, v176                        // 00000000437C: D62A0002 06C35FA8
	s_mov_b32 s0, exec_lo                                      // 000000004384: BE80007E
	s_delay_alu instid0(VALU_DEP_1) | instskip(SKIP_2) | instid1(VALU_DEP_3)// 000000004388: BF8701B1
	v_dual_sub_f32 v7, v137, v2 :: v_dual_sub_f32 v138, v138, v2// 00000000438C: C94A0589 078A058A
	v_dual_sub_f32 v137, v139, v2 :: v_dual_sub_f32 v140, v140, v2// 000000004394: C94A058B 898C058C
	v_dual_sub_f32 v139, v141, v2 :: v_dual_sub_f32 v144, v144, v2// 00000000439C: C94A058D 8B900590
	v_dual_mul_f32 v7, 0x3fb8aa3b, v7 :: v_dual_mul_f32 v138, 0x3fb8aa3b, v138// 0000000043A4: C8C60EFF 078B14FF 3FB8AA3B
	v_dual_sub_f32 v141, v142, v2 :: v_dual_sub_f32 v142, v173, v2// 0000000043B0: C94A058E 8D8E05AD
	s_delay_alu instid0(VALU_DEP_4) | instskip(NEXT) | instid1(VALU_DEP_3)// 0000000043B8: BF870194
	v_dual_mul_f32 v137, 0x3fb8aa3b, v137 :: v_dual_mul_f32 v140, 0x3fb8aa3b, v140// 0000000043BC: C8C712FF 898D18FF 3FB8AA3B
	v_exp_f32_e32 v7, v7                                       // 0000000043C8: 7E0E4B07
	v_cmp_eq_f32_e32 vcc_lo, 0xff800000, v2                    // 0000000043CC: 7C2404FF FF800000
	v_exp_f32_e32 v138, v138                                   // 0000000043D4: 7F144B8A
	v_dual_mul_f32 v139, 0x3fb8aa3b, v139 :: v_dual_mul_f32 v144, 0x3fb8aa3b, v144// 0000000043D8: C8C716FF 8B9120FF 3FB8AA3B
	v_exp_f32_e32 v137, v137                                   // 0000000043E4: 7F124B89
	v_exp_f32_e32 v140, v140                                   // 0000000043E8: 7F184B8C
	s_delay_alu instid0(VALU_DEP_1)                            // 0000000043EC: BF870001
	v_exp_f32_e32 v139, v139                                   // 0000000043F0: 7F164B8B
	s_wait_alu depctr_va_vcc(0)                                // 0000000043F4: BF88FF9D
	v_cndmask_b32_e64 v7, v7, 0, vcc_lo                        // 0000000043F8: D5010007 01A90107
	v_mul_f32_e32 v141, 0x3fb8aa3b, v141                       // 000000004400: 111B1AFF 3FB8AA3B
	v_cndmask_b32_e64 v138, v138, 0, vcc_lo                    // 000000004408: D501008A 01A9018A
	v_mul_f32_e32 v171, 0x3fb8aa3b, v142                       // 000000004410: 11571CFF 3FB8AA3B
	v_exp_f32_e32 v144, v144                                   // 000000004418: 7F204B90
	v_mul_f32_e32 v142, v7, v3                                 // 00000000441C: 111C0707
	v_exp_f32_e32 v172, v141                                   // 000000004420: 7F584B8D
	v_cndmask_b32_e64 v137, v137, 0, vcc_lo                    // 000000004424: D5010089 01A90189
	s_delay_alu instid0(VALU_DEP_1) | instskip(SKIP_3) | instid1(TRANS32_DEP_2)// 00000000442C: BF870341
	v_add_f32_e32 v3, v7, v137                                 // 000000004430: 06071307
	v_mul_f32_e32 v141, v137, v170                             // 000000004434: 111B5589
	v_cndmask_b32_e64 v170, v139, 0, vcc_lo                    // 000000004438: D50100AA 01A9018B
	v_exp_f32_e32 v137, v171                                   // 000000004440: 7F124BAB
	v_cndmask_b32_e64 v171, v172, 0, vcc_lo                    // 000000004444: D50100AB 01A901AC
	v_cndmask_b32_e64 v172, v140, 0, vcc_lo                    // 00000000444C: D50100AC 01A9018C
	v_mul_f32_e32 v140, v138, v143                             // 000000004454: 11191F8A
	v_cndmask_b32_e64 v143, v144, 0, vcc_lo                    // 000000004458: D501008F 01A90190
	v_mul_f32_e32 v139, v170, v6                               // 000000004460: 11160DAA
	s_delay_alu instid0(VALU_DEP_4) | instskip(NEXT) | instid1(VALU_DEP_3)// 000000004464: BF870194
	v_dual_mul_f32 v7, v171, v5 :: v_dual_mul_f32 v8, v172, v8 // 000000004468: C8C60BAB 070811AC
	v_dual_add_f32 v3, v138, v3 :: v_dual_mul_f32 v138, v143, v169// 000000004470: C906078A 038B538F
	v_max3_num_f32 v6, v142, 0, v141                           // 000000004478: D62A0006 0635018E
	v_cndmask_b32_e64 v5, v137, 0, vcc_lo                      // 000000004480: D5010005 01A90189
	s_delay_alu instid0(VALU_DEP_3) | instskip(NEXT) | instid1(VALU_DEP_3)// 000000004488: BF870193
	v_add_f32_e32 v3, v170, v3                                 // 00000000448C: 060607AA
	v_max3_num_f32 v6, v6, v140, v139                          // 000000004490: D62A0006 062F1906
	s_delay_alu instid0(VALU_DEP_3) | instskip(NEXT) | instid1(VALU_DEP_3)// 000000004498: BF870193
	v_mul_f32_e32 v137, v5, v174                               // 00000000449C: 11135D05
	v_add_f32_e32 v3, v171, v3                                 // 0000000044A0: 060607AB
	s_delay_alu instid0(VALU_DEP_3) | instskip(NEXT) | instid1(VALU_DEP_2)// 0000000044A4: BF870113
	v_max3_num_f32 v6, v6, v7, v8                              // 0000000044A8: D62A0006 04220F06
	v_add_f32_e32 v3, v172, v3                                 // 0000000044B0: 060607AC
	s_delay_alu instid0(VALU_DEP_2) | instskip(NEXT) | instid1(VALU_DEP_2)// 0000000044B4: BF870112
	v_max3_num_f32 v144, v6, v137, v138                        // 0000000044B8: D62A0090 062B1306
	v_add_f32_e32 v3, v5, v3                                   // 0000000044C0: 06060705
	ds_bpermute_b32 v169, v158, v144                           // 0000000044C4: DACC0000 A900909E
	v_add_f32_e32 v5, v143, v3                                 // 0000000044CC: 060A078F
	ds_bpermute_b32 v6, v158, v5                               // 0000000044D0: DACC0000 0600059E
	s_wait_dscnt 0x1                                           // 0000000044D8: BFC60001
	v_max_num_f32_e32 v3, v169, v169                           // 0000000044DC: 2C0753A9
	s_delay_alu instid0(VALU_DEP_1) | instskip(SKIP_1) | instid1(VALU_DEP_2)// 0000000044E0: BF870121
	v_max_num_f32_e32 v143, v144, v3                           // 0000000044E4: 2D1E0790
	v_mov_b32_e32 v3, v166                                     // 0000000044E8: 7E0603A6
	v_cmpx_lt_f32_e32 0, v143                                  // 0000000044EC: 7D231E80
	s_cbranch_execz 64574                                      // 0000000044F0: BFA5FC3E <attention_fp8_e4m3_fa2_gqa_gfx1201+0xaec>
	v_div_scale_f32 v3, null, 0x43e00000, 0x43e00000, v143     // 0000000044F4: D6FC7C03 063DFEFF 43E00000
	s_delay_alu instid0(VALU_DEP_1) | instskip(NEXT) | instid1(TRANS32_DEP_1)// 000000004500: BF870291
	v_rcp_f32_e32 v144, v3                                     // 000000004504: 7F205503
	v_fma_f32 v169, -v3, v144, 1.0                             // 000000004508: D61300A9 23CB2103
	s_delay_alu instid0(VALU_DEP_1) | instskip(SKIP_1) | instid1(VALU_DEP_1)// 000000004510: BF8700A1
	v_fmac_f32_e32 v144, v169, v144                            // 000000004514: 572121A9
	v_div_scale_f32 v169, vcc_lo, v143, 0x43e00000, v143       // 000000004518: D6FC6AA9 063DFF8F 43E00000
	v_mul_f32_e32 v170, v169, v144                             // 000000004524: 115521A9
	s_delay_alu instid0(VALU_DEP_1) | instskip(NEXT) | instid1(VALU_DEP_1)// 000000004528: BF870091
	v_fma_f32 v171, -v3, v170, v169                            // 00000000452C: D61300AB 26A75503
	v_fmac_f32_e32 v170, v171, v144                            // 000000004534: 575521AB
	s_delay_alu instid0(VALU_DEP_1) | instskip(SKIP_1) | instid1(VALU_DEP_1)// 000000004538: BF8700A1
	v_fma_f32 v3, -v3, v170, v169                              // 00000000453C: D6130003 26A75503
	s_wait_alu depctr_va_vcc(0)                                // 000000004544: BF88FF9D
	v_div_fmas_f32 v3, v3, v144, v170                          // 000000004548: D6370003 06AB2103
	s_delay_alu instid0(VALU_DEP_1) | instskip(NEXT) | instid1(VALU_DEP_1)// 000000004550: BF870091
	v_div_fixup_f32 v3, v3, 0x43e00000, v143                   // 000000004554: D6270003 063DFF03 43E00000
	v_max_num_f32_e32 v3, 0x1f800000, v3                       // 000000004560: 2C0606FF 1F800000
	s_branch 64544                                             // 000000004568: BFA0FC20 <attention_fp8_e4m3_fa2_gqa_gfx1201+0xaec>
	v_mov_b32_e32 v2, v168                                     // 00000000456C: 7E0403A8
	s_branch 64979                                             // 000000004570: BFA0FDD3 <attention_fp8_e4m3_fa2_gqa_gfx1201+0x11c0>
	v_mad_co_u64_u32 v[7:8], null, 0x408, v169, s[12:13]       // 000000004574: D6FE7C07 003352FF 00000408
	global_load_d16_b16 v2, v[7:8], off offset:1024            // 000000004580: EE08007C 00000002 00040007
	s_wait_loadcnt 0x0                                         // 00000000458C: BFC00000
	v_cvt_f32_f16_e32 v8, v2.l                                 // 000000004590: 7E101702
	s_wait_alu depctr_sa_sdst(0)                               // 000000004594: BF88FF9E
	s_or_b32 exec_lo, exec_lo, s0                              // 000000004598: 8C7E007E
	s_and_saveexec_b32 s0, s6                                  // 00000000459C: BE802006
	s_cbranch_execz 65381                                      // 0000000045A0: BFA5FF65 <attention_fp8_e4m3_fa2_gqa_gfx1201+0x1838>
	v_mad_co_u64_u32 v[177:178], null, 0x408, v171, s[12:13]   // 0000000045A4: D6FE7CB1 003356FF 00000408
	global_load_d16_b16 v2, v[177:178], off offset:1024        // 0000000045B0: EE08007C 00000002 000400B1
	s_wait_loadcnt 0x0                                         // 0000000045BC: BFC00000
	v_cvt_f32_f16_e64 v174, v2.l                               // 0000000045C0: D58B00AE 02010102
	s_wait_alu depctr_sa_sdst(0)                               // 0000000045C8: BF88FF9E
	s_or_b32 exec_lo, exec_lo, s0                              // 0000000045CC: 8C7E007E
	v_mov_b32_e32 v169, 0                                      // 0000000045D0: 7F520280
	s_and_saveexec_b32 s0, s7                                  // 0000000045D4: BE802007
	s_cbranch_execnz 65372                                     // 0000000045D8: BFA6FF5C <attention_fp8_e4m3_fa2_gqa_gfx1201+0x184c>
	s_branch 65380                                             // 0000000045DC: BFA0FF64 <attention_fp8_e4m3_fa2_gqa_gfx1201+0x1870>
	s_and_saveexec_b32 s0, s23                                 // 0000000045E0: BE802017
	s_cbranch_execz 274                                        // 0000000045E4: BFA50112 <attention_fp8_e4m3_fa2_gqa_gfx1201+0x1f30>
	v_div_scale_f32 v0, null, v167, v167, 1.0                  // 0000000045E8: D6FC7C00 03CB4FA7
	v_div_scale_f32 v3, vcc_lo, 1.0, v167, 1.0                 // 0000000045F0: D6FC6A03 03CB4EF2
	s_delay_alu instid0(VALU_DEP_2) | instskip(NEXT) | instid1(TRANS32_DEP_1)// 0000000045F8: BF870292
	v_rcp_f32_e32 v1, v0                                       // 0000000045FC: 7E025500
	v_fma_f32 v2, -v0, v1, 1.0                                 // 000000004600: D6130002 23CA0300
	s_delay_alu instid0(VALU_DEP_1) | instskip(NEXT) | instid1(VALU_DEP_1)// 000000004608: BF870091
	v_fmac_f32_e32 v1, v2, v1                                  // 00000000460C: 56020302
	v_mul_f32_e32 v2, v3, v1                                   // 000000004610: 10040303
	s_delay_alu instid0(VALU_DEP_1) | instskip(NEXT) | instid1(VALU_DEP_1)// 000000004614: BF870091
	v_fma_f32 v4, -v0, v2, v3                                  // 000000004618: D6130004 240E0500
	v_fmac_f32_e32 v2, v4, v1                                  // 000000004620: 56040304
	v_mul_lo_u32 v4, 0x1800, v145                              // 000000004624: D72C0004 020322FF 00001800
	s_delay_alu instid0(VALU_DEP_2) | instskip(SKIP_1) | instid1(VALU_DEP_1)// 000000004630: BF8700A2
	v_fma_f32 v0, -v0, v2, v3                                  // 000000004634: D6130000 240E0500
	s_wait_alu depctr_va_vcc(0)                                // 00000000463C: BF88FF9D
	v_div_fmas_f32 v0, v0, v1, v2                              // 000000004640: D6370000 040A0300
	s_delay_alu instid0(VALU_DEP_3) | instskip(SKIP_2) | instid1(VALU_DEP_4)// 000000004648: BF870233
	v_lshl_add_u32 v2, v147, 8, v4                             // 00000000464C: D6460002 04111193
	v_cmp_lt_f32_e32 vcc_lo, 0, v167                           // 000000004654: 7C234E80
	v_mov_b32_e32 v1, 0                                        // 000000004658: 7E020280
	v_div_fixup_f32 v3, v0, v167, 1.0                          // 00000000465C: D6270003 03CB4F00
	s_delay_alu instid0(VALU_DEP_4) | instskip(SKIP_1) | instid1(VALU_DEP_2)// 000000004664: BF870124
	v_or_b32_e32 v0, v2, v146                                  // 000000004668: 38012502
	s_wait_alu depctr_va_vcc(0)                                // 00000000466C: BF88FF9D
	v_cndmask_b32_e32 v2, 0, v3, vcc_lo                        // 000000004670: 02040680
	s_delay_alu instid0(VALU_DEP_2) | instskip(NEXT) | instid1(VALU_DEP_2)// 000000004674: BF870112
	v_lshlrev_b64_e32 v[0:1], 2, v[0:1]                        // 000000004678: 3E000082
	v_mul_f32_e32 v139, v166, v2                               // 00000000467C: 111605A6
	s_delay_alu instid0(VALU_DEP_2) | instskip(SKIP_1) | instid1(VALU_DEP_3)// 000000004680: BF8701A2
	v_add_co_u32 v137, vcc_lo, s14, v0                         // 000000004684: D7006A89 0202000E
	s_wait_alu depctr_va_vcc(0)                                // 00000000468C: BF88FF9D
	v_add_co_ci_u32_e64 v138, null, s15, v1, vcc_lo            // 000000004690: D5207C8A 01AA020F
	s_delay_alu instid0(VALU_DEP_3)                            // 000000004698: BF870003
	v_dual_mul_f32 v0, v129, v139 :: v_dual_mul_f32 v3, v132, v139// 00000000469C: C8C71781 00031784
	v_dual_mul_f32 v1, v130, v139 :: v_dual_mul_f32 v2, v131, v139// 0000000046A4: C8C71782 01031783
	v_dual_mul_f32 v5, v134, v139 :: v_dual_mul_f32 v4, v133, v139// 0000000046AC: C8C71786 05051785
	v_dual_mul_f32 v7, v136, v139 :: v_dual_mul_f32 v6, v135, v139// 0000000046B4: C8C71788 07071787
	v_dual_mul_f32 v121, v121, v139 :: v_dual_mul_f32 v122, v122, v139// 0000000046BC: C8C71779 797B177A
	v_dual_mul_f32 v123, v123, v139 :: v_dual_mul_f32 v124, v124, v139// 0000000046C4: C8C7177B 7B7D177C
	v_dual_mul_f32 v125, v125, v139 :: v_dual_mul_f32 v126, v126, v139// 0000000046CC: C8C7177D 7D7F177E
	v_dual_mul_f32 v127, v127, v139 :: v_dual_mul_f32 v128, v128, v139// 0000000046D4: C8C7177F 7F811780
	v_dual_mul_f32 v113, v113, v139 :: v_dual_mul_f32 v112, v112, v139// 0000000046DC: C8C71771 71711770
	v_dual_mul_f32 v97, v97, v139 :: v_dual_mul_f32 v98, v98, v139// 0000000046E4: C8C71761 61631762
	v_dual_mul_f32 v99, v99, v139 :: v_dual_mul_f32 v100, v100, v139// 0000000046EC: C8C71763 63651764
	v_dual_mul_f32 v101, v101, v139 :: v_dual_mul_f32 v114, v114, v139// 0000000046F4: C8C71765 65731772
	v_dual_mul_f32 v115, v115, v139 :: v_dual_mul_f32 v116, v116, v139// 0000000046FC: C8C71773 73751774
	v_dual_mul_f32 v117, v117, v139 :: v_dual_mul_f32 v102, v102, v139// 000000004704: C8C71775 75671766
	v_dual_mul_f32 v103, v103, v139 :: v_dual_mul_f32 v104, v104, v139// 00000000470C: C8C71767 67691768
	v_dual_mul_f32 v118, v118, v139 :: v_dual_mul_f32 v119, v119, v139// 000000004714: C8C71776 76771777
	v_dual_mul_f32 v120, v120, v139 :: v_dual_mul_f32 v105, v105, v139// 00000000471C: C8C71778 78691769
	v_dual_mul_f32 v106, v106, v139 :: v_dual_mul_f32 v107, v107, v139// 000000004724: C8C7176A 6A6B176B
	v_dual_mul_f32 v108, v108, v139 :: v_dual_mul_f32 v109, v109, v139// 00000000472C: C8C7176C 6C6D176D
	v_dual_mul_f32 v110, v110, v139 :: v_dual_mul_f32 v111, v111, v139// 000000004734: C8C7176E 6E6F176F
	s_clause 0x7                                               // 00000000473C: BF850007
	global_store_b128 v[137:138], v[0:3], off                  // 000000004740: EE07407C 00000000 00000089
	global_store_b128 v[137:138], v[4:7], off offset:16        // 00000000474C: EE07407C 02000000 00001089
	global_store_b128 v[137:138], v[121:124], off offset:64    // 000000004758: EE07407C 3C800000 00004089
	global_store_b128 v[137:138], v[125:128], off offset:80    // 000000004764: EE07407C 3E800000 00005089
	global_store_b128 v[137:138], v[113:116], off offset:128   // 000000004770: EE07407C 38800000 00008089
	global_store_b128 v[137:138], v[117:120], off offset:144   // 00000000477C: EE07407C 3A800000 00009089
	global_store_b128 v[137:138], v[105:108], off offset:192   // 000000004788: EE07407C 34800000 0000C089
	global_store_b128 v[137:138], v[109:112], off offset:208   // 000000004794: EE07407C 36800000 0000D089
	v_dual_mul_f32 v0, v89, v139 :: v_dual_mul_f32 v3, v92, v139// 0000000047A0: C8C71759 0003175C
	v_dual_mul_f32 v1, v90, v139 :: v_dual_mul_f32 v2, v91, v139// 0000000047A8: C8C7175A 0103175B
	v_dual_mul_f32 v5, v94, v139 :: v_dual_mul_f32 v4, v93, v139// 0000000047B0: C8C7175E 0505175D
	v_dual_mul_f32 v7, v96, v139 :: v_dual_mul_f32 v6, v95, v139// 0000000047B8: C8C71760 0707175F
	v_dual_mul_f32 v81, v81, v139 :: v_dual_mul_f32 v82, v82, v139// 0000000047C0: C8C71751 51531752
	v_dual_mul_f32 v83, v83, v139 :: v_dual_mul_f32 v84, v84, v139// 0000000047C8: C8C71753 53551754
	v_dual_mul_f32 v85, v85, v139 :: v_dual_mul_f32 v86, v86, v139// 0000000047D0: C8C71755 55571756
	v_dual_mul_f32 v87, v87, v139 :: v_dual_mul_f32 v88, v88, v139// 0000000047D8: C8C71757 57591758
	s_clause 0x5                                               // 0000000047E0: BF850005
	global_store_b128 v[137:138], v[97:100], off offset:256    // 0000000047E4: EE07407C 30800000 00010089
	global_store_b128 v[137:138], v[101:104], off offset:272   // 0000000047F0: EE07407C 32800000 00011089
	global_store_b128 v[137:138], v[0:3], off offset:320       // 0000000047FC: EE07407C 00000000 00014089
	global_store_b128 v[137:138], v[4:7], off offset:336       // 000000004808: EE07407C 02000000 00015089
	global_store_b128 v[137:138], v[81:84], off offset:384     // 000000004814: EE07407C 28800000 00018089
	global_store_b128 v[137:138], v[85:88], off offset:400     // 000000004820: EE07407C 2A800000 00019089
	v_dual_mul_f32 v0, v73, v139 :: v_dual_mul_f32 v3, v76, v139// 00000000482C: C8C71749 0003174C
	v_dual_mul_f32 v1, v74, v139 :: v_dual_mul_f32 v2, v75, v139// 000000004834: C8C7174A 0103174B
	v_dual_mul_f32 v5, v78, v139 :: v_dual_mul_f32 v4, v77, v139// 00000000483C: C8C7174E 0505174D
	v_dual_mul_f32 v7, v80, v139 :: v_dual_mul_f32 v6, v79, v139// 000000004844: C8C71750 0707174F
	v_dual_mul_f32 v65, v65, v139 :: v_dual_mul_f32 v66, v66, v139// 00000000484C: C8C71741 41431742
	v_dual_mul_f32 v67, v67, v139 :: v_dual_mul_f32 v68, v68, v139// 000000004854: C8C71743 43451744
	v_dual_mul_f32 v69, v69, v139 :: v_dual_mul_f32 v70, v70, v139// 00000000485C: C8C71745 45471746
	v_dual_mul_f32 v71, v71, v139 :: v_dual_mul_f32 v72, v72, v139// 000000004864: C8C71747 47491748
	v_dual_mul_f32 v57, v57, v139 :: v_dual_mul_f32 v58, v58, v139// 00000000486C: C8C71739 393B173A
	v_dual_mul_f32 v59, v59, v139 :: v_dual_mul_f32 v60, v60, v139// 000000004874: C8C7173B 3B3D173C
	v_dual_mul_f32 v61, v61, v139 :: v_dual_mul_f32 v62, v62, v139// 00000000487C: C8C7173D 3D3F173E
	v_dual_mul_f32 v63, v63, v139 :: v_dual_mul_f32 v64, v64, v139// 000000004884: C8C7173F 3F411740
	s_clause 0x5                                               // 00000000488C: BF850005
	global_store_b128 v[137:138], v[0:3], off offset:448       // 000000004890: EE07407C 00000000 0001C089
	global_store_b128 v[137:138], v[4:7], off offset:464       // 00000000489C: EE07407C 02000000 0001D089
	global_store_b128 v[137:138], v[65:68], off offset:512     // 0000000048A8: EE07407C 20800000 00020089
	global_store_b128 v[137:138], v[69:72], off offset:528     // 0000000048B4: EE07407C 22800000 00021089
	global_store_b128 v[137:138], v[57:60], off offset:576     // 0000000048C0: EE07407C 1C800000 00024089
	global_store_b128 v[137:138], v[61:64], off offset:592     // 0000000048CC: EE07407C 1E800000 00025089
	v_dual_mul_f32 v0, v49, v139 :: v_dual_mul_f32 v3, v52, v139// 0000000048D8: C8C71731 00031734
	v_dual_mul_f32 v1, v50, v139 :: v_dual_mul_f32 v2, v51, v139// 0000000048E0: C8C71732 01031733
	v_dual_mul_f32 v5, v54, v139 :: v_dual_mul_f32 v4, v53, v139// 0000000048E8: C8C71736 05051735
	v_dual_mul_f32 v7, v56, v139 :: v_dual_mul_f32 v6, v55, v139// 0000000048F0: C8C71738 07071737
	v_dual_mul_f32 v41, v41, v139 :: v_dual_mul_f32 v42, v42, v139// 0000000048F8: C8C71729 292B172A
	v_dual_mul_f32 v43, v43, v139 :: v_dual_mul_f32 v44, v44, v139// 000000004900: C8C7172B 2B2D172C
	v_dual_mul_f32 v45, v45, v139 :: v_dual_mul_f32 v46, v46, v139// 000000004908: C8C7172D 2D2F172E
	v_dual_mul_f32 v47, v47, v139 :: v_dual_mul_f32 v48, v48, v139// 000000004910: C8C7172F 2F311730
	v_dual_mul_f32 v33, v33, v139 :: v_dual_mul_f32 v34, v34, v139// 000000004918: C8C71721 21231722
	v_dual_mul_f32 v35, v35, v139 :: v_dual_mul_f32 v36, v36, v139// 000000004920: C8C71723 23251724
	v_dual_mul_f32 v37, v37, v139 :: v_dual_mul_f32 v38, v38, v139// 000000004928: C8C71725 25271726
	v_dual_mul_f32 v39, v39, v139 :: v_dual_mul_f32 v40, v40, v139// 000000004930: C8C71727 27291728
	s_clause 0x5                                               // 000000004938: BF850005
	global_store_b128 v[137:138], v[0:3], off offset:640       // 00000000493C: EE07407C 00000000 00028089
	global_store_b128 v[137:138], v[4:7], off offset:656       // 000000004948: EE07407C 02000000 00029089
	global_store_b128 v[137:138], v[41:44], off offset:704     // 000000004954: EE07407C 14800000 0002C089
	global_store_b128 v[137:138], v[45:48], off offset:720     // 000000004960: EE07407C 16800000 0002D089
	global_store_b128 v[137:138], v[33:36], off offset:768     // 00000000496C: EE07407C 10800000 00030089
	global_store_b128 v[137:138], v[37:40], off offset:784     // 000000004978: EE07407C 12800000 00031089
	v_dual_mul_f32 v0, v25, v139 :: v_dual_mul_f32 v3, v28, v139// 000000004984: C8C71719 0003171C
	v_dual_mul_f32 v1, v26, v139 :: v_dual_mul_f32 v2, v27, v139// 00000000498C: C8C7171A 0103171B
	v_dual_mul_f32 v5, v30, v139 :: v_dual_mul_f32 v4, v29, v139// 000000004994: C8C7171E 0505171D
	v_dual_mul_f32 v7, v32, v139 :: v_dual_mul_f32 v6, v31, v139// 00000000499C: C8C71720 0707171F
	v_dual_mul_f32 v17, v17, v139 :: v_dual_mul_f32 v18, v18, v139// 0000000049A4: C8C71711 11131712
	v_dual_mul_f32 v19, v19, v139 :: v_dual_mul_f32 v20, v20, v139// 0000000049AC: C8C71713 13151714
	v_dual_mul_f32 v21, v21, v139 :: v_dual_mul_f32 v22, v22, v139// 0000000049B4: C8C71715 15171716
	v_dual_mul_f32 v23, v23, v139 :: v_dual_mul_f32 v24, v24, v139// 0000000049BC: C8C71717 17191718
	v_dual_mul_f32 v8, v9, v139 :: v_dual_mul_f32 v9, v10, v139// 0000000049C4: C8C71709 0809170A
	v_dual_mul_f32 v10, v11, v139 :: v_dual_mul_f32 v11, v12, v139// 0000000049CC: C8C7170B 0A0B170C
	v_dual_mul_f32 v12, v13, v139 :: v_dual_mul_f32 v13, v14, v139// 0000000049D4: C8C7170D 0C0D170E
	v_dual_mul_f32 v14, v15, v139 :: v_dual_mul_f32 v15, v16, v139// 0000000049DC: C8C7170F 0E0F1710
	s_clause 0x5                                               // 0000000049E4: BF850005
	global_store_b128 v[137:138], v[0:3], off offset:832       // 0000000049E8: EE07407C 00000000 00034089
	global_store_b128 v[137:138], v[4:7], off offset:848       // 0000000049F4: EE07407C 02000000 00035089
	global_store_b128 v[137:138], v[17:20], off offset:896     // 000000004A00: EE07407C 08800000 00038089
	global_store_b128 v[137:138], v[21:24], off offset:912     // 000000004A0C: EE07407C 0A800000 00039089
	global_store_b128 v[137:138], v[8:11], off offset:960      // 000000004A18: EE07407C 04000000 0003C089
	global_store_b128 v[137:138], v[12:15], off offset:976     // 000000004A24: EE07407C 06000000 0003D089
	s_nop 0                                                    // 000000004A30: BF800000
	s_sendmsg sendmsg(MSG_DEALLOC_VGPRS)                       // 000000004A34: BFB60003
	s_endpgm                                                   // 000000004A38: BFB00000
	s_nop 0                                                    // 000000004A3C: BF800000
	s_nop 0                                                    // 000000004A40: BF800000
	s_nop 0                                                    // 000000004A44: BF800000
	s_nop 0                                                    // 000000004A48: BF800000
	s_nop 0                                                    // 000000004A4C: BF800000
	s_nop 0                                                    // 000000004A50: BF800000
	s_nop 0                                                    // 000000004A54: BF800000
	s_nop 0                                                    // 000000004A58: BF800000
	s_nop 0                                                    // 000000004A5C: BF800000
	s_nop 0                                                    // 000000004A60: BF800000
	s_nop 0                                                    // 000000004A64: BF800000
	s_nop 0                                                    // 000000004A68: BF800000
	s_nop 0                                                    // 000000004A6C: BF800000
	s_nop 0                                                    // 000000004A70: BF800000
	s_nop 0                                                    // 000000004A74: BF800000
	s_nop 0                                                    // 000000004A78: BF800000
	s_nop 0                                                    // 000000004A7C: BF800000
	s_nop 0                                                    // 000000004A80: BF800000
	s_nop 0                                                    // 000000004A84: BF800000
	s_nop 0                                                    // 000000004A88: BF800000
	s_nop 0                                                    // 000000004A8C: BF800000
	s_nop 0                                                    // 000000004A90: BF800000
	s_nop 0                                                    // 000000004A94: BF800000
	s_nop 0                                                    // 000000004A98: BF800000
	s_nop 0                                                    // 000000004A9C: BF800000
	s_nop 0                                                    // 000000004AA0: BF800000
	s_nop 0                                                    // 000000004AA4: BF800000
	s_nop 0                                                    // 000000004AA8: BF800000
	s_nop 0                                                    // 000000004AAC: BF800000
	s_nop 0                                                    // 000000004AB0: BF800000
	s_nop 0                                                    // 000000004AB4: BF800000
	s_nop 0                                                    // 000000004AB8: BF800000
	s_nop 0                                                    // 000000004ABC: BF800000
	s_nop 0                                                    // 000000004AC0: BF800000
	s_nop 0                                                    // 000000004AC4: BF800000
	s_nop 0                                                    // 000000004AC8: BF800000
	s_nop 0                                                    // 000000004ACC: BF800000
	s_nop 0                                                    // 000000004AD0: BF800000
	s_nop 0                                                    // 000000004AD4: BF800000
	s_nop 0                                                    // 000000004AD8: BF800000
	s_nop 0                                                    // 000000004ADC: BF800000
	s_nop 0                                                    // 000000004AE0: BF800000
	s_nop 0                                                    // 000000004AE4: BF800000
	s_nop 0                                                    // 000000004AE8: BF800000
	s_nop 0                                                    // 000000004AEC: BF800000
	s_nop 0                                                    // 000000004AF0: BF800000
	s_nop 0                                                    // 000000004AF4: BF800000
	s_nop 0                                                    // 000000004AF8: BF800000
	s_nop 0                                                    // 000000004AFC: BF800000

0000000000004b00 <attention_fp8_e4m3_fa2_q_preconvert_f16_gfx1201>:
	s_load_b32 s2, s[0:1], 0x20                                // 000000004B00: F4000080 F8000020
	v_lshrrev_b32_e32 v1, 5, v0                                // 000000004B08: 32020085
	s_delay_alu instid0(VALU_DEP_1)                            // 000000004B0C: BF870001
	v_lshl_or_b32 v1, ttmp9, 2, v1                             // 000000004B10: D6560001 04050475
	s_wait_kmcnt 0x0                                           // 000000004B18: BFC70000
	s_mul_i32 s2, s2, 24                                       // 000000004B1C: 96029802
	s_delay_alu instid0(VALU_DEP_1) | instid1(SALU_CYCLE_1)    // 000000004B20: BF870481
	v_cmp_gt_i32_e32 vcc_lo, s2, v1                            // 000000004B24: 7C880202
	s_and_saveexec_b32 s2, vcc_lo                              // 000000004B28: BE82206A
	s_cbranch_execz 84                                         // 000000004B2C: BFA50054 <attention_fp8_e4m3_fa2_q_preconvert_f16_gfx1201+0x180>
	v_mul_hi_i32 v2, 0x2aaaaaab, v1                            // 000000004B30: D72E0002 020202FF 2AAAAAAB
	s_load_b128 s[0:3], s[0:1], 0x0                            // 000000004B3C: F4004000 F8000000
	v_mov_b32_e32 v9, 0                                        // 000000004B44: 7E120280
	s_delay_alu instid0(VALU_DEP_1) | instskip(NEXT) | instid1(VALU_DEP_3)// 000000004B48: BF870191
	v_mov_b32_e32 v11, v9                                      // 000000004B4C: 7E160309
	v_lshrrev_b32_e32 v3, 31, v2                               // 000000004B50: 3206049F
	v_ashrrev_i32_e32 v2, 2, v2                                // 000000004B54: 34040482
	s_delay_alu instid0(VALU_DEP_1) | instskip(NEXT) | instid1(VALU_DEP_1)// 000000004B58: BF870091
	v_add_nc_u32_e32 v2, v2, v3                                // 000000004B5C: 4A040702
	v_mul_lo_u32 v3, v2, 24                                    // 000000004B60: D72C0003 02013102
	v_mul_lo_u32 v8, 0x1800, v2                                // 000000004B68: D72C0008 020204FF 00001800
	v_lshlrev_b32_e32 v2, 3, v0                                // 000000004B74: 30040083
	s_delay_alu instid0(VALU_DEP_1) | instskip(NEXT) | instid1(VALU_DEP_4)// 000000004B78: BF870211
	v_and_b32_e32 v12, 0xf8, v2                                // 000000004B7C: 361804FF 000000F8
	v_sub_nc_u32_e32 v1, v1, v3                                // 000000004B84: 4C020701
	s_delay_alu instid0(VALU_DEP_2) | instskip(NEXT) | instid1(VALU_DEP_2)// 000000004B88: BF870112
	v_lshlrev_b32_e32 v4, 2, v12                               // 000000004B8C: 30081882
	v_lshlrev_b32_e32 v10, 8, v1                               // 000000004B90: 30140288
	v_lshlrev_b64_e32 v[0:1], 2, v[8:9]                        // 000000004B94: 3E001082
	v_lshlrev_b64_e32 v[8:9], 1, v[8:9]                        // 000000004B98: 3E101081
	v_lshlrev_b32_e32 v12, 1, v12                              // 000000004B9C: 30181881
	s_delay_alu instid0(VALU_DEP_4) | instskip(SKIP_3) | instid1(VALU_DEP_1)// 000000004BA0: BF8700C4
	v_lshlrev_b64_e32 v[2:3], 2, v[10:11]                      // 000000004BA4: 3E041482
	v_lshlrev_b64_e32 v[10:11], 1, v[10:11]                    // 000000004BA8: 3E141481
	s_wait_kmcnt 0x0                                           // 000000004BAC: BFC70000
	v_add_co_u32 v0, vcc_lo, s0, v0                            // 000000004BB0: D7006A00 02020000
	v_add_co_ci_u32_e64 v1, null, s1, v1, vcc_lo               // 000000004BB8: D5207C01 01AA0201
	s_delay_alu instid0(VALU_DEP_2) | instskip(SKIP_1) | instid1(VALU_DEP_2)// 000000004BC0: BF870122
	v_add_co_u32 v0, vcc_lo, v0, v2                            // 000000004BC4: D7006A00 02020500
	s_wait_alu depctr_va_vcc(0)                                // 000000004BCC: BF88FF9D
	v_add_co_ci_u32_e64 v1, null, v1, v3, vcc_lo               // 000000004BD0: D5207C01 01AA0701
	s_delay_alu instid0(VALU_DEP_2) | instskip(SKIP_1) | instid1(VALU_DEP_2)// 000000004BD8: BF870122
	v_add_co_u32 v4, vcc_lo, v0, v4                            // 000000004BDC: D7006A04 02020900
	s_wait_alu depctr_va_vcc(0)                                // 000000004BE4: BF88FF9D
	v_add_co_ci_u32_e64 v5, null, 0, v1, vcc_lo                // 000000004BE8: D5207C05 01AA0280
	v_add_co_u32 v8, vcc_lo, s2, v8                            // 000000004BF0: D7006A08 02021002
	s_clause 0x1                                               // 000000004BF8: BF850001
	global_load_b128 v[0:3], v[4:5], off                       // 000000004BFC: EE05C07C 00000000 00000004
	global_load_b128 v[4:7], v[4:5], off offset:16             // 000000004C08: EE05C07C 00000004 00001004
	s_wait_alu depctr_va_vcc(0)                                // 000000004C14: BF88FF9D
	v_add_co_ci_u32_e64 v9, null, s3, v9, vcc_lo               // 000000004C18: D5207C09 01AA1203
	v_add_co_u32 v8, vcc_lo, v8, v10                           // 000000004C20: D7006A08 02021508
	s_wait_alu depctr_va_vcc(0)                                // 000000004C28: BF88FF9D
	s_delay_alu instid0(VALU_DEP_2)                            // 000000004C2C: BF870002
	v_add_co_ci_u32_e64 v9, null, v9, v11, vcc_lo              // 000000004C30: D5207C09 01AA1709
	s_wait_loadcnt 0x1                                         // 000000004C38: BFC00001
	v_cvt_f16_f32_e32 v0.l, v0                                 // 000000004C3C: 7E001500
	v_cvt_f16_f32_e32 v0.h, v1                                 // 000000004C40: 7F001501
	v_cvt_f16_f32_e32 v1.l, v2                                 // 000000004C44: 7E021502
	s_wait_loadcnt 0x0                                         // 000000004C48: BFC00000
	v_cvt_f16_f32_e32 v2.l, v4                                 // 000000004C4C: 7E041504
	v_add_co_u32 v4, vcc_lo, v8, v12                           // 000000004C50: D7006A04 02021908
	v_cvt_f16_f32_e32 v1.h, v3                                 // 000000004C58: 7F021503
	v_cvt_f16_f32_e32 v2.h, v5                                 // 000000004C5C: 7F041505
	v_cvt_f16_f32_e32 v3.l, v6                                 // 000000004C60: 7E061506
	v_cvt_f16_f32_e32 v3.h, v7                                 // 000000004C64: 7F061507
	s_wait_alu depctr_va_vcc(0)                                // 000000004C68: BF88FF9D
	v_add_co_ci_u32_e64 v5, null, 0, v9, vcc_lo                // 000000004C6C: D5207C05 01AA1280
	global_store_b128 v[4:5], v[0:3], off                      // 000000004C74: EE07407C 00000000 00000004
	s_endpgm                                                   // 000000004C80: BFB00000
	s_nop 0                                                    // 000000004C84: BF800000
	s_nop 0                                                    // 000000004C88: BF800000
	s_nop 0                                                    // 000000004C8C: BF800000
	s_nop 0                                                    // 000000004C90: BF800000
	s_nop 0                                                    // 000000004C94: BF800000
	s_nop 0                                                    // 000000004C98: BF800000
	s_nop 0                                                    // 000000004C9C: BF800000
	s_nop 0                                                    // 000000004CA0: BF800000
	s_nop 0                                                    // 000000004CA4: BF800000
	s_nop 0                                                    // 000000004CA8: BF800000
	s_nop 0                                                    // 000000004CAC: BF800000
	s_nop 0                                                    // 000000004CB0: BF800000
	s_nop 0                                                    // 000000004CB4: BF800000
	s_nop 0                                                    // 000000004CB8: BF800000
	s_nop 0                                                    // 000000004CBC: BF800000
	s_nop 0                                                    // 000000004CC0: BF800000
	s_nop 0                                                    // 000000004CC4: BF800000
	s_nop 0                                                    // 000000004CC8: BF800000
	s_nop 0                                                    // 000000004CCC: BF800000
	s_nop 0                                                    // 000000004CD0: BF800000
	s_nop 0                                                    // 000000004CD4: BF800000
	s_nop 0                                                    // 000000004CD8: BF800000
	s_nop 0                                                    // 000000004CDC: BF800000
	s_nop 0                                                    // 000000004CE0: BF800000
	s_nop 0                                                    // 000000004CE4: BF800000
	s_nop 0                                                    // 000000004CE8: BF800000
	s_nop 0                                                    // 000000004CEC: BF800000
	s_nop 0                                                    // 000000004CF0: BF800000
	s_nop 0                                                    // 000000004CF4: BF800000
	s_nop 0                                                    // 000000004CF8: BF800000
	s_nop 0                                                    // 000000004CFC: BF800000

0000000000004d00 <attention_fp8_e4m3_fa2_q_preconvert_fp8_gfx1201>:
	s_load_b32 s2, s[0:1], 0x18                                // 000000004D00: F4000080 F8000018
	v_lshrrev_b32_e32 v1, 5, v0                                // 000000004D08: 32020085
	s_delay_alu instid0(VALU_DEP_1)                            // 000000004D0C: BF870001
	v_lshl_or_b32 v1, ttmp9, 2, v1                             // 000000004D10: D6560001 04050475
	s_wait_kmcnt 0x0                                           // 000000004D18: BFC70000
	s_mul_i32 s2, s2, 24                                       // 000000004D1C: 96029802
	s_delay_alu instid0(VALU_DEP_1) | instid1(SALU_CYCLE_1)    // 000000004D20: BF870481
	v_cmp_gt_i32_e32 vcc_lo, s2, v1                            // 000000004D24: 7C880202
	s_and_saveexec_b32 s2, vcc_lo                              // 000000004D28: BE82206A
	s_cbranch_execz 358                                        // 000000004D2C: BFA50166 <attention_fp8_e4m3_fa2_q_preconvert_fp8_gfx1201+0x5c8>
	v_mul_hi_i32 v2, 0x2aaaaaab, v1                            // 000000004D30: D72E0002 020202FF 2AAAAAAB
	s_load_b128 s[8:11], s[0:1], 0x0                           // 000000004D3C: F4004200 F8000000
	v_mbcnt_lo_u32_b32 v12, -1, 0                              // 000000004D44: D71F000C 020100C1
	v_and_b32_e32 v14, 31, v0                                  // 000000004D4C: 361C009F
	s_delay_alu instid0(VALU_DEP_2) | instskip(NEXT) | instid1(VALU_DEP_4)// 000000004D50: BF870212
	v_xor_b32_e32 v13, 8, v12                                  // 000000004D54: 3A1A1888
	v_lshrrev_b32_e32 v3, 31, v2                               // 000000004D58: 3206049F
	v_ashrrev_i32_e32 v2, 2, v2                                // 000000004D5C: 34040482
	s_delay_alu instid0(VALU_DEP_1) | instskip(NEXT) | instid1(VALU_DEP_1)// 000000004D60: BF870091
	v_dual_mov_b32 v3, 0 :: v_dual_add_nc_u32 v2, v2, v3       // 000000004D64: CA200080 03020702
	v_mul_lo_u32 v4, v2, 24                                    // 000000004D6C: D72C0004 02013102
	v_mul_lo_u32 v2, 0x1800, v2                                // 000000004D74: D72C0002 020204FF 00001800
	s_delay_alu instid0(VALU_DEP_2) | instskip(NEXT) | instid1(VALU_DEP_2)// 000000004D80: BF870112
	v_sub_nc_u32_e32 v6, v1, v4                                // 000000004D84: 4C0C0901
	v_lshlrev_b64_e32 v[4:5], 2, v[2:3]                        // 000000004D88: 3E080482
	s_delay_alu instid0(VALU_DEP_2) | instskip(SKIP_1) | instid1(VALU_DEP_2)// 000000004D8C: BF870122
	v_lshlrev_b32_e32 v2, 8, v6                                // 000000004D90: 30040C88
	s_wait_kmcnt 0x0                                           // 000000004D94: BFC70000
	v_add_co_u32 v0, vcc_lo, s8, v4                            // 000000004D98: D7006A00 02020808
	v_lshlrev_b32_e32 v4, 5, v14                               // 000000004DA0: 30081C85
	s_delay_alu instid0(VALU_DEP_3) | instskip(SKIP_1) | instid1(VALU_DEP_2)// 000000004DA4: BF870123
	v_lshlrev_b64_e32 v[6:7], 2, v[2:3]                        // 000000004DA8: 3E0C0482
	v_add_co_ci_u32_e64 v2, null, s9, v5, vcc_lo               // 000000004DAC: D5207C02 01AA0A09
	v_add_co_u32 v0, vcc_lo, v0, v6                            // 000000004DB4: D7006A00 02020D00
	s_wait_alu depctr_va_vcc(0)                                // 000000004DBC: BF88FF9D
	s_delay_alu instid0(VALU_DEP_2) | instskip(NEXT) | instid1(VALU_DEP_2)// 000000004DC0: BF870112
	v_add_co_ci_u32_e64 v2, null, v2, v7, vcc_lo               // 000000004DC4: D5207C02 01AA0F02
	v_add_co_u32 v8, vcc_lo, v0, v4                            // 000000004DCC: D7006A08 02020900
	s_wait_alu depctr_va_vcc(0)                                // 000000004DD4: BF88FF9D
	s_delay_alu instid0(VALU_DEP_2)                            // 000000004DD8: BF870002
	v_add_co_ci_u32_e64 v9, null, 0, v2, vcc_lo                // 000000004DDC: D5207C09 01AA0480
	s_clause 0x1                                               // 000000004DE4: BF850001
	global_load_b128 v[4:7], v[8:9], off                       // 000000004DE8: EE05C07C 00000004 00000008
	global_load_b128 v[8:11], v[8:9], off offset:16            // 000000004DF4: EE05C07C 00000008 00001008
	s_wait_loadcnt 0x1                                         // 000000004E00: BFC00001
	v_max_num_f32_e64 v0, |v5|, |v5|                           // 000000004E04: D5160300 02020B05
	v_max_num_f32_e64 v2, |v4|, |v4|                           // 000000004E0C: D5160302 02020904
	s_delay_alu instid0(VALU_DEP_1) | instskip(SKIP_1) | instid1(VALU_DEP_1)// 000000004E14: BF8700A1
	v_max_num_f32_e32 v0, v2, v0                               // 000000004E18: 2C000102
	v_xor_b32_e32 v2, 16, v12                                  // 000000004E1C: 3A041890
	v_cmp_gt_u32_e32 vcc_lo, 32, v2                            // 000000004E20: 7C9804A0
	s_wait_alu depctr_va_vcc(0)                                // 000000004E24: BF88FF9D
	v_cndmask_b32_e32 v2, v12, v2, vcc_lo                      // 000000004E28: 0204050C
	v_cmp_gt_u32_e32 vcc_lo, 32, v13                           // 000000004E2C: 7C981AA0
	s_wait_alu depctr_va_vcc(0)                                // 000000004E30: BF88FF9D
	s_delay_alu instid0(VALU_DEP_2) | instskip(NEXT) | instid1(VALU_DEP_1)// 000000004E34: BF870092
	v_dual_cndmask_b32 v13, v12, v13 :: v_dual_lshlrev_b32 v2, 2, v2// 000000004E38: CA621B0C 0D020482
	v_lshlrev_b32_e32 v13, 2, v13                              // 000000004E40: 301A1A82
	v_max3_num_f32 v0, v0, |v6|, |v7|                          // 000000004E44: D62A0600 041E0D00
	s_wait_loadcnt 0x0                                         // 000000004E4C: BFC00000
	s_delay_alu instid0(VALU_DEP_1) | instskip(NEXT) | instid1(VALU_DEP_1)// 000000004E50: BF870091
	v_max3_num_f32 v0, v0, |v8|, |v9|                          // 000000004E54: D62A0600 04261100
	v_max3_num_f32 v0, v0, |v10|, |v11|                        // 000000004E5C: D62A0600 042E1500
	ds_bpermute_b32 v2, v2, v0                                 // 000000004E64: DACC0000 02000002
	s_wait_dscnt 0x0                                           // 000000004E6C: BFC60000
	v_max_num_f32_e32 v2, v2, v2                               // 000000004E70: 2C040502
	s_delay_alu instid0(VALU_DEP_1) | instskip(SKIP_2) | instid1(VALU_DEP_1)// 000000004E74: BF8700B1
	v_max_num_f32_e32 v0, v0, v2                               // 000000004E78: 2C000500
	ds_bpermute_b32 v2, v13, v0                                // 000000004E7C: DACC0000 0200000D
	v_xor_b32_e32 v13, 4, v12                                  // 000000004E84: 3A1A1884
	v_cmp_gt_u32_e32 vcc_lo, 32, v13                           // 000000004E88: 7C981AA0
	s_wait_alu depctr_va_vcc(0)                                // 000000004E8C: BF88FF9D
	v_cndmask_b32_e32 v13, v12, v13, vcc_lo                    // 000000004E90: 021A1B0C
	s_wait_dscnt 0x0                                           // 000000004E94: BFC60000
	s_delay_alu instid0(VALU_DEP_1) | instskip(NEXT) | instid1(VALU_DEP_1)// 000000004E98: BF870091
	v_dual_max_num_f32 v2, v2, v2 :: v_dual_lshlrev_b32 v13, 2, v13// 000000004E9C: CAA20502 020C1A82
	v_max_num_f32_e32 v0, v0, v2                               // 000000004EA4: 2C000500
	ds_bpermute_b32 v2, v13, v0                                // 000000004EA8: DACC0000 0200000D
	v_xor_b32_e32 v13, 2, v12                                  // 000000004EB0: 3A1A1882
	s_delay_alu instid0(VALU_DEP_1) | instskip(SKIP_3) | instid1(VALU_DEP_1)// 000000004EB4: BF8700C1
	v_cmp_gt_u32_e32 vcc_lo, 32, v13                           // 000000004EB8: 7C981AA0
	s_wait_alu depctr_va_vcc(0)                                // 000000004EBC: BF88FF9D
	v_cndmask_b32_e32 v13, v12, v13, vcc_lo                    // 000000004EC0: 021A1B0C
	s_wait_dscnt 0x0                                           // 000000004EC4: BFC60000
	v_dual_max_num_f32 v2, v2, v2 :: v_dual_lshlrev_b32 v13, 2, v13// 000000004EC8: CAA20502 020C1A82
	s_delay_alu instid0(VALU_DEP_1) | instskip(SKIP_2) | instid1(VALU_DEP_1)// 000000004ED0: BF8700B1
	v_max_num_f32_e32 v0, v0, v2                               // 000000004ED4: 2C000500
	ds_bpermute_b32 v2, v13, v0                                // 000000004ED8: DACC0000 0200000D
	v_xor_b32_e32 v13, 1, v12                                  // 000000004EE0: 3A1A1881
	v_cmp_gt_u32_e32 vcc_lo, 32, v13                           // 000000004EE4: 7C981AA0
	s_wait_alu depctr_va_vcc(0)                                // 000000004EE8: BF88FF9D
	v_cndmask_b32_e32 v12, v12, v13, vcc_lo                    // 000000004EEC: 02181B0C
	s_delay_alu instid0(VALU_DEP_1) | instskip(SKIP_2) | instid1(VALU_DEP_1)// 000000004EF0: BF8700B1
	v_lshlrev_b32_e32 v12, 2, v12                              // 000000004EF4: 30181882
	s_wait_dscnt 0x0                                           // 000000004EF8: BFC60000
	v_max_num_f32_e32 v2, v2, v2                               // 000000004EFC: 2C040502
	v_max_num_f32_e32 v0, v0, v2                               // 000000004F00: 2C000500
	ds_bpermute_b32 v2, v12, v0                                // 000000004F04: DACC0000 0200000C
	s_wait_dscnt 0x0                                           // 000000004F0C: BFC60000
	v_max_num_f32_e32 v2, v2, v2                               // 000000004F10: 2C040502
	s_delay_alu instid0(VALU_DEP_1) | instskip(NEXT) | instid1(VALU_DEP_1)// 000000004F14: BF870091
	v_max_num_f32_e32 v0, v0, v2                               // 000000004F18: 2C000500
	v_div_scale_f32 v2, null, 0x43e00000, 0x43e00000, v0       // 000000004F1C: D6FC7C02 0401FEFF 43E00000
	v_div_scale_f32 v15, vcc_lo, v0, 0x43e00000, v0            // 000000004F28: D6FC6A0F 0401FF00 43E00000
	s_delay_alu instid0(VALU_DEP_2) | instskip(NEXT) | instid1(TRANS32_DEP_1)// 000000004F34: BF870292
	v_rcp_f32_e32 v12, v2                                      // 000000004F38: 7E185502
	v_fma_f32 v13, -v2, v12, 1.0                               // 000000004F3C: D613000D 23CA1902
	s_delay_alu instid0(VALU_DEP_1) | instskip(NEXT) | instid1(VALU_DEP_1)// 000000004F44: BF870091
	v_fmac_f32_e32 v12, v13, v12                               // 000000004F48: 5618190D
	v_mul_f32_e32 v13, v15, v12                                // 000000004F4C: 101A190F
	s_delay_alu instid0(VALU_DEP_1) | instskip(NEXT) | instid1(VALU_DEP_1)// 000000004F50: BF870091
	v_fma_f32 v16, -v2, v13, v15                               // 000000004F54: D6130010 243E1B02
	v_fmac_f32_e32 v13, v16, v12                               // 000000004F5C: 561A1910
	s_delay_alu instid0(VALU_DEP_1) | instskip(SKIP_2) | instid1(VALU_DEP_2)// 000000004F60: BF870131
	v_fma_f32 v2, -v2, v13, v15                                // 000000004F64: D6130002 243E1B02
	v_lshlrev_b32_e32 v15, 3, v14                              // 000000004F6C: 301E1C83
	s_wait_alu depctr_va_vcc(0)                                // 000000004F70: BF88FF9D
	v_div_fmas_f32 v2, v2, v12, v13                            // 000000004F74: D6370002 04361902
	v_cmp_neq_f32_e32 vcc_lo, 0, v0                            // 000000004F7C: 7C3A0080
	v_mov_b16_e32 v13.l, v3.l                                  // 000000004F80: 7E1A3903
	v_mov_b16_e32 v13.h, 0                                     // 000000004F84: 7F1A3880
	s_delay_alu instid0(VALU_DEP_4) | instskip(NEXT) | instid1(VALU_DEP_3)// 000000004F88: BF870194
	v_div_fixup_f32 v2, v2, 0x43e00000, v0                     // 000000004F8C: D6270002 0401FF02 43E00000
	v_mov_b16_e32 v12.l, v13.l                                 // 000000004F98: 7E18390D
	s_delay_alu instid0(VALU_DEP_3) | instskip(SKIP_1) | instid1(VALU_DEP_3)// 000000004F9C: BF8701A3
	v_mov_b16_e32 v12.h, v13.h                                 // 000000004FA0: 7F18398D
	s_wait_alu depctr_va_vcc(0)                                // 000000004FA4: BF88FF9D
	v_cndmask_b32_e32 v0, 1.0, v2, vcc_lo                      // 000000004FA8: 020004F2
	s_delay_alu instid0(VALU_DEP_1)                            // 000000004FAC: BF870001
	v_div_scale_f32 v30, null, v0, v0, v11                     // 000000004FB0: D6FC7C1E 042E0100
	v_div_scale_f32 v16, null, v0, v0, v4                      // 000000004FB8: D6FC7C10 04120100
	v_div_scale_f32 v18, null, v0, v0, v5                      // 000000004FC0: D6FC7C12 04160100
	v_div_scale_f32 v20, null, v0, v0, v6                      // 000000004FC8: D6FC7C14 041A0100
	v_div_scale_f32 v22, null, v0, v0, v7                      // 000000004FD0: D6FC7C16 041E0100
	v_rcp_f32_e32 v38, v30                                     // 000000004FD8: 7E4C551E
	v_rcp_f32_e32 v31, v16                                     // 000000004FDC: 7E3E5510
	v_rcp_f32_e32 v32, v18                                     // 000000004FE0: 7E405512
	v_div_scale_f32 v24, null, v0, v0, v8                      // 000000004FE4: D6FC7C18 04220100
	v_rcp_f32_e32 v33, v20                                     // 000000004FEC: 7E425514
	v_div_scale_f32 v26, null, v0, v0, v9                      // 000000004FF0: D6FC7C1A 04260100
	v_rcp_f32_e32 v34, v22                                     // 000000004FF8: 7E445516
	v_div_scale_f32 v39, s8, v11, v0, v11                      // 000000004FFC: D6FC0827 042E010B
	v_div_scale_f32 v28, null, v0, v0, v10                     // 000000005004: D6FC7C1C 042A0100
	v_fma_f32 v47, -v30, v38, 1.0                              // 00000000500C: D613002F 23CA4D1E
	v_rcp_f32_e32 v35, v24                                     // 000000005014: 7E465518
	v_fma_f32 v40, -v16, v31, 1.0                              // 000000005018: D6130028 23CA3F10
	v_rcp_f32_e32 v36, v26                                     // 000000005020: 7E48551A
	v_fma_f32 v41, -v18, v32, 1.0                              // 000000005024: D6130029 23CA4112
	v_fmac_f32_e32 v38, v47, v38                               // 00000000502C: 564C4D2F
	v_rcp_f32_e32 v37, v28                                     // 000000005030: 7E4A551C
	v_fma_f32 v42, -v20, v33, 1.0                              // 000000005034: D613002A 23CA4314
	v_div_scale_f32 v17, vcc_lo, v4, v0, v4                    // 00000000503C: D6FC6A11 04120104
	v_fmac_f32_e32 v31, v40, v31                               // 000000005044: 563E3F28
	v_mul_f32_e32 v47, v39, v38                                // 000000005048: 105E4D27
	v_fma_f32 v43, -v22, v34, 1.0                              // 00000000504C: D613002B 23CA4516
	v_div_scale_f32 v19, s2, v5, v0, v5                        // 000000005054: D6FC0213 04160105
	v_fma_f32 v44, -v24, v35, 1.0                              // 00000000505C: D613002C 23CA4718
	v_div_scale_f32 v21, s3, v6, v0, v6                        // 000000005064: D6FC0315 041A0106
	v_fma_f32 v55, -v30, v47, v39                              // 00000000506C: D6130037 249E5F1E
	v_dual_fmac_f32 v32, v41, v32 :: v_dual_fmac_f32 v33, v42, v33// 000000005074: C8004129 2020432A
	v_fma_f32 v45, -v26, v36, 1.0                              // 00000000507C: D613002D 23CA491A
	v_mul_f32_e32 v40, v17, v31                                // 000000005084: 10503F11
	v_div_scale_f32 v23, s4, v7, v0, v7                        // 000000005088: D6FC0417 041E0107
	v_fmac_f32_e32 v34, v43, v34                               // 000000005090: 5644452B
	v_fma_f32 v46, -v28, v37, 1.0                              // 000000005094: D613002E 23CA4B1C
	v_fmac_f32_e32 v47, v55, v38                               // 00000000509C: 565E4D37
	v_mul_f32_e32 v41, v19, v32                                // 0000000050A0: 10524113
	v_div_scale_f32 v25, s5, v8, v0, v8                        // 0000000050A4: D6FC0519 04220108
	v_dual_fmac_f32 v35, v44, v35 :: v_dual_mul_f32 v42, v21, v33// 0000000050AC: C806472C 232A4315
	v_div_scale_f32 v27, s6, v9, v0, v9                        // 0000000050B4: D6FC061B 04260109
	v_fmac_f32_e32 v36, v45, v36                               // 0000000050BC: 5648492D
	v_fma_f32 v48, -v16, v40, v17                              // 0000000050C0: D6130030 24465110
	v_mul_f32_e32 v43, v23, v34                                // 0000000050C8: 10564517
	v_div_scale_f32 v29, s7, v10, v0, v10                      // 0000000050CC: D6FC071D 042A010A
	v_fmac_f32_e32 v37, v46, v37                               // 0000000050D4: 564A4B2E
	v_fma_f32 v49, -v18, v41, v19                              // 0000000050D8: D6130031 244E5312
	v_mul_f32_e32 v44, v25, v35                                // 0000000050E0: 10584719
	v_fma_f32 v50, -v20, v42, v21                              // 0000000050E4: D6130032 24565514
	v_dual_mul_f32 v45, v27, v36 :: v_dual_fmac_f32 v40, v48, v31// 0000000050EC: C8C0491B 2D283F30
	v_fma_f32 v51, -v22, v43, v23                              // 0000000050F4: D6130033 245E5716
	v_mul_f32_e32 v46, v29, v37                                // 0000000050FC: 105C4B1D
	v_fmac_f32_e32 v41, v49, v32                               // 000000005100: 56524131
	v_fma_f32 v52, -v24, v44, v25                              // 000000005104: D6130034 24665918
	v_fmac_f32_e32 v42, v50, v33                               // 00000000510C: 56544332
	v_fma_f32 v53, -v26, v45, v27                              // 000000005110: D6130035 246E5B1A
	v_fma_f32 v16, -v16, v40, v17                              // 000000005118: D6130010 24465110
	v_dual_fmac_f32 v43, v51, v34 :: v_dual_lshlrev_b32 v2, 8, v1// 000000005120: C8224533 2B020288
	v_fma_f32 v54, -v28, v46, v29                              // 000000005128: D6130036 24765D1C
	v_fma_f32 v17, -v18, v41, v19                              // 000000005130: D6130011 244E5312
	v_fmac_f32_e32 v44, v52, v35                               // 000000005138: 56584734
	v_fma_f32 v18, -v20, v42, v21                              // 00000000513C: D6130012 24565514
	v_fmac_f32_e32 v45, v53, v36                               // 000000005144: 565A4935
	s_wait_alu depctr_va_vcc(0)                                // 000000005148: BF88FF9D
	v_div_fmas_f32 v16, v16, v31, v40                          // 00000000514C: D6370010 04A23F10
	s_mov_b32 vcc_lo, s2                                       // 000000005154: BEEA0002
	v_fma_f32 v19, -v22, v43, v23                              // 000000005158: D6130013 245E5716
	v_fmac_f32_e32 v46, v54, v37                               // 000000005160: 565C4B36
	s_wait_alu depctr_sa_sdst(0)                               // 000000005164: BF88FF9E
	v_div_fmas_f32 v17, v17, v32, v41                          // 000000005168: D6370011 04A64111
	s_mov_b32 vcc_lo, s3                                       // 000000005170: BEEA0003
	v_fma_f32 v20, -v24, v44, v25                              // 000000005174: D6130014 24665918
	s_wait_alu depctr_sa_sdst(0)                               // 00000000517C: BF88FF9E
	v_div_fmas_f32 v18, v18, v33, v42                          // 000000005180: D6370012 04AA4312
	s_mov_b32 vcc_lo, s4                                       // 000000005188: BEEA0004
	v_fma_f32 v21, -v26, v45, v27                              // 00000000518C: D6130015 246E5B1A
	v_div_fixup_f32 v4, v16, v0, v4                            // 000000005194: D6270004 04120110
	s_wait_alu depctr_sa_sdst(0)                               // 00000000519C: BF88FF9E
	v_div_fmas_f32 v16, v19, v34, v43                          // 0000000051A0: D6370010 04AE4513
	s_mov_b32 vcc_lo, s5                                       // 0000000051A8: BEEA0005
	v_fma_f32 v22, -v28, v46, v29                              // 0000000051AC: D6130016 24765D1C
	v_div_fixup_f32 v5, v17, v0, v5                            // 0000000051B4: D6270005 04160111
	s_wait_alu depctr_sa_sdst(0)                               // 0000000051BC: BF88FF9E
	v_div_fmas_f32 v17, v20, v35, v44                          // 0000000051C0: D6370011 04B24714
	s_mov_b32 vcc_lo, s6                                       // 0000000051C8: BEEA0006
	v_fma_f32 v23, -v30, v47, v39                              // 0000000051CC: D6130017 249E5F1E
	v_div_fixup_f32 v6, v18, v0, v6                            // 0000000051D4: D6270006 041A0112
	s_wait_alu depctr_sa_sdst(0)                               // 0000000051DC: BF88FF9E
	v_div_fmas_f32 v18, v21, v36, v45                          // 0000000051E0: D6370012 04B64915
	s_mov_b32 vcc_lo, s7                                       // 0000000051E8: BEEA0007
	v_add_co_u32 v2, s2, s10, v2                               // 0000000051EC: D7000202 0202040A
	s_wait_alu depctr_sa_sdst(0)                               // 0000000051F4: BF88FF9E
	v_div_fmas_f32 v19, v22, v37, v46                          // 0000000051F8: D6370013 04BA4B16
	s_mov_b32 vcc_lo, s8                                       // 000000005200: BEEA0008
	v_div_fixup_f32 v7, v16, v0, v7                            // 000000005204: D6270007 041E0110
	s_wait_alu depctr_sa_sdst(0)                               // 00000000520C: BF88FF9E
	v_div_fmas_f32 v20, v23, v38, v47                          // 000000005210: D6370014 04BE4D17
	v_div_fixup_f32 v8, v17, v0, v8                            // 000000005218: D6270008 04220111
	v_div_fixup_f32 v9, v18, v0, v9                            // 000000005220: D6270009 04260112
	v_div_fixup_f32 v10, v19, v0, v10                          // 000000005228: D627000A 042A0113
	v_add_co_ci_u32_e64 v16, null, s11, 0, s2                  // 000000005230: D5207C10 0009000B
	v_div_fixup_f32 v11, v20, v0, v11                          // 000000005238: D627000B 042E0114
	v_cvt_pk_fp8_f32 v12.l, v4, v5                             // 000000005240: D769000C 02020B04
	v_add_co_u32 v4, vcc_lo, v2, v15                           // 000000005248: D7006A04 02021F02
	v_cvt_pk_fp8_f32 v12.h, v6, v7 op_sel:[0,0,1]              // 000000005250: D769400C 02020F06
	v_cvt_pk_fp8_f32 v13.l, v8, v9                             // 000000005258: D769000D 02021308
	v_cvt_pk_fp8_f32 v13.h, v10, v11 op_sel:[0,0,1]            // 000000005260: D769400D 0202170A
	s_wait_alu depctr_va_vcc(0)                                // 000000005268: BF88FF9D
	v_add_co_ci_u32_e64 v5, null, 0, v16, vcc_lo               // 00000000526C: D5207C05 01AA2080
	v_cmp_eq_u32_e32 vcc_lo, 0, v14                            // 000000005274: 7C941C80
	global_store_b64 v[4:5], v[12:13], off                     // 000000005278: EE06C07C 06000000 00000004
	s_and_b32 exec_lo, exec_lo, vcc_lo                         // 000000005284: 8B7E6A7E
	s_cbranch_execz 15                                         // 000000005288: BFA5000F <attention_fp8_e4m3_fa2_q_preconvert_fp8_gfx1201+0x5c8>
	s_load_b64 s[0:1], s[0:1], 0x10                            // 00000000528C: F4002000 F8000010
	v_mov_b32_e32 v2, v3                                       // 000000005294: 7E040303
	s_delay_alu instid0(VALU_DEP_1) | instskip(SKIP_1) | instid1(VALU_DEP_1)// 000000005298: BF8700A1
	v_lshlrev_b64_e32 v[1:2], 2, v[1:2]                        // 00000000529C: 3E020282
	s_wait_kmcnt 0x0                                           // 0000000052A0: BFC70000
	v_add_co_u32 v1, vcc_lo, s0, v1                            // 0000000052A4: D7006A01 02020200
	s_wait_alu depctr_va_vcc(0)                                // 0000000052AC: BF88FF9D
	s_delay_alu instid0(VALU_DEP_2)                            // 0000000052B0: BF870002
	v_add_co_ci_u32_e64 v2, null, s1, v2, vcc_lo               // 0000000052B4: D5207C02 01AA0401
	global_store_b32 v[1:2], v0, off                           // 0000000052BC: EE06807C 00000000 00000001
	s_endpgm                                                   // 0000000052C8: BFB00000
	s_nop 0                                                    // 0000000052CC: BF800000
	s_nop 0                                                    // 0000000052D0: BF800000
	s_nop 0                                                    // 0000000052D4: BF800000
	s_nop 0                                                    // 0000000052D8: BF800000
	s_nop 0                                                    // 0000000052DC: BF800000
	s_nop 0                                                    // 0000000052E0: BF800000
	s_nop 0                                                    // 0000000052E4: BF800000
	s_nop 0                                                    // 0000000052E8: BF800000
	s_nop 0                                                    // 0000000052EC: BF800000
	s_nop 0                                                    // 0000000052F0: BF800000
	s_nop 0                                                    // 0000000052F4: BF800000
	s_nop 0                                                    // 0000000052F8: BF800000
	s_nop 0                                                    // 0000000052FC: BF800000

0000000000005300 <attention_fp8_e4m3_fa2_gqa_partial_gfx1201>:
	s_clause 0x1                                               // 000000005300: BF850001
	s_load_b128 s[4:7], s[0:1], 0x28                           // 000000005304: F4004100 F8000028
	s_load_b64 s[16:17], s[0:1], 0x38                          // 00000000530C: F4002400 F8000038
	s_wait_kmcnt 0x0                                           // 000000005314: BFC70000
	s_cmp_lg_u32 s4, 24                                        // 000000005318: BF079804
	s_cselect_b32 s2, -1, 0                                    // 00000000531C: 980280C1
	s_cmp_lg_u32 s5, 4                                         // 000000005320: BF078405
	s_cselect_b32 s3, -1, 0                                    // 000000005324: 980380C1
	s_delay_alu instid0(SALU_CYCLE_1)                          // 000000005328: BF870009
	s_or_b32 s2, s2, s3                                        // 00000000532C: 8C020302
	s_cmp_lg_u32 s6, 0x100                                     // 000000005330: BF07FF06 00000100
	s_cselect_b32 s3, -1, 0                                    // 000000005338: 980380C1
	s_add_co_i32 s4, s17, -9                                   // 00000000533C: 8104C911
	s_or_b32 s2, s2, s3                                        // 000000005340: 8C020302
	s_cmp_lt_u32 s4, -8                                        // 000000005344: BF0AC804
	s_cselect_b32 s3, -1, 0                                    // 000000005348: 980380C1
	s_delay_alu instid0(SALU_CYCLE_1) | instskip(NEXT) | instid1(SALU_CYCLE_1)// 00000000534C: BF870499
	s_or_b32 s2, s2, s3                                        // 000000005350: 8C020302
	s_and_b32 vcc_lo, exec_lo, s2                              // 000000005354: 8B6A027E
	s_cbranch_vccnz 2634                                       // 000000005358: BFA40A4A <attention_fp8_e4m3_fa2_gqa_partial_gfx1201+0x2984>
	s_and_b32 s3, ttmp7, 0xffff                                // 00000000535C: 8B03FF73 0000FFFF
	s_delay_alu instid0(SALU_CYCLE_1)                          // 000000005364: BF870009
	s_cmp_gt_i32 s3, 3                                         // 000000005368: BF028303
	s_cbranch_scc1 2629                                        // 00000000536C: BFA20A45 <attention_fp8_e4m3_fa2_gqa_partial_gfx1201+0x2984>
	s_lshl_b32 s4, ttmp9, 3                                    // 000000005370: 84048375
	s_delay_alu instid0(SALU_CYCLE_1)                          // 000000005374: BF870009
	s_cmp_ge_i32 s4, s7                                        // 000000005378: BF030704
	s_cbranch_scc1 2625                                        // 00000000537C: BFA20A41 <attention_fp8_e4m3_fa2_gqa_partial_gfx1201+0x2984>
	s_lshr_b32 s18, ttmp7, 16                                  // 000000005380: 85129073
	s_delay_alu instid0(SALU_CYCLE_1)                          // 000000005384: BF870009
	s_cmp_ge_i32 s18, s17                                      // 000000005388: BF031112
	s_cbranch_scc1 2621                                        // 00000000538C: BFA20A3D <attention_fp8_e4m3_fa2_gqa_partial_gfx1201+0x2984>
	v_cmp_gt_u32_e64 s2, 0x60, v0                              // 000000005390: D44C0002 020200FF 00000060
	v_dual_mov_b32 v2, 0 :: v_dual_mov_b32 v3, 0               // 00000000539C: CA100080 02020080
	v_dual_mov_b32 v4, 0 :: v_dual_mov_b32 v5, 0               // 0000000053A4: CA100080 04040080
	v_lshrrev_b32_e32 v157, 4, v0                              // 0000000053AC: 333A0084
	v_lshrrev_b32_e32 v158, 3, v0                              // 0000000053B0: 333C0083
	s_mov_b32 s19, 0                                           // 0000000053B4: BE930080
	s_and_saveexec_b32 s5, s2                                  // 0000000053B8: BE852002
	s_cbranch_execz 19                                         // 0000000053BC: BFA50013 <attention_fp8_e4m3_fa2_gqa_partial_gfx1201+0x10c>
	v_lshrrev_b32_e32 v1, 4, v0                                // 0000000053C0: 32020084
	v_and_or_b32 v2, v0, 7, s4                                 // 0000000053C4: D6570002 00110F00
	s_delay_alu instid0(VALU_DEP_2) | instskip(NEXT) | instid1(VALU_DEP_2)// 0000000053CC: BF870112
	v_and_b32_e32 v1, 6, v1                                    // 0000000053D0: 36020286
	v_cmp_gt_i32_e32 vcc_lo, s7, v2                            // 0000000053D4: 7C880407
	s_delay_alu instid0(VALU_DEP_2) | instskip(SKIP_3) | instid1(VALU_DEP_2)// 0000000053D8: BF870142
	v_mad_co_u64_u32 v[3:4], null, s3, 6, v[1:2]               // 0000000053DC: D6FE7C03 04050C03
	v_lshrrev_b32_e32 v1, 3, v0                                // 0000000053E4: 32020083
	v_mul_lo_u32 v4, v2, 24                                    // 0000000053E8: D72C0004 02013102
	s_and_b32 s19, vcc_lo, exec_lo                             // 0000000053F0: 8B137E6A
	v_and_or_b32 v5, v1, 1, v3                                 // 0000000053F4: D6570005 040D0301
	s_delay_alu instid0(VALU_DEP_1)                            // 0000000053FC: BF870001
	v_add_lshl_u32 v3, v5, v4, 8                               // 000000005400: D6470003 02220905
	v_mov_b32_e32 v4, 0                                        // 000000005408: 7E080280
	s_or_b32 exec_lo, exec_lo, s5                              // 00000000540C: 8C7E057E
	s_clause 0x1                                               // 000000005410: BF850001
	s_load_b256 s[8:15], s[0:1], 0x0                           // 000000005414: F4006200 F8000000
	s_load_b64 s[0:1], s[0:1], 0x20                            // 00000000541C: F4002000 F8000020
	v_and_b32_e32 v9, 31, v0                                   // 000000005424: 3612009F
	v_mov_b32_e32 v7, -1                                       // 000000005428: 7E0E02C1
	v_bfrev_b32_e32 v8, -2                                     // 00000000542C: 7E1070C2
	s_mov_b32 s5, exec_lo                                      // 000000005430: BE85007E
	s_delay_alu instid0(VALU_DEP_3)                            // 000000005434: BF870003
	v_cmpx_gt_u32_e32 8, v9                                    // 000000005438: 7D981288
	s_cbranch_execz 24                                         // 00000000543C: BFA50018 <attention_fp8_e4m3_fa2_gqa_partial_gfx1201+0x1a0>
	v_or_b32_e32 v6, s4, v9                                    // 000000005440: 380C1204
	v_bfrev_b32_e32 v8, -2                                     // 000000005444: 7E1070C2
	v_mov_b32_e32 v7, -1                                       // 000000005448: 7E0E02C1
	s_mov_b32 s4, exec_lo                                      // 00000000544C: BE84007E
	s_delay_alu instid0(VALU_DEP_3)                            // 000000005450: BF870003
	v_cmpx_gt_i32_e64 s7, v6                                   // 000000005454: D4C4007E 02020C07
	s_cbranch_execz 14                                         // 00000000545C: BFA5000E <attention_fp8_e4m3_fa2_gqa_partial_gfx1201+0x198>
	v_ashrrev_i32_e32 v7, 31, v6                               // 000000005460: 340E0C9F
	s_delay_alu instid0(VALU_DEP_1) | instskip(SKIP_1) | instid1(VALU_DEP_1)// 000000005464: BF8700A1
	v_lshlrev_b64_e32 v[6:7], 2, v[6:7]                        // 000000005468: 3E0C0C82
	s_wait_kmcnt 0x0                                           // 00000000546C: BFC70000
	v_add_co_u32 v6, vcc_lo, s0, v6                            // 000000005470: D7006A06 02020C00
	s_delay_alu instid0(VALU_DEP_1)                            // 000000005478: BF870001
	v_add_co_ci_u32_e64 v7, null, s1, v7, vcc_lo               // 00000000547C: D5207C07 01AA0E01
	global_load_b32 v7, v[6:7], off                            // 000000005484: EE05007C 00000007 00000006
	s_wait_loadcnt 0x0                                         // 000000005490: BFC00000
	v_mov_b32_e32 v8, v7                                       // 000000005494: 7E100307
	s_wait_alu depctr_sa_sdst(0)                               // 000000005498: BF88FF9E
	s_or_b32 exec_lo, exec_lo, s4                              // 00000000549C: 8C7E047E
	s_wait_alu depctr_sa_sdst(0)                               // 0000000054A0: BF88FF9E
	s_or_b32 exec_lo, exec_lo, s5                              // 0000000054A4: 8C7E057E
	v_mbcnt_lo_u32_b32 v10, -1, 0                              // 0000000054A8: D71F000A 020100C1
	v_lshrrev_b32_e32 v13, 1, v0                               // 0000000054B0: 321A0081
	v_lshrrev_b32_e32 v160, 4, v9                              // 0000000054B4: 33401284
	v_dual_mov_b32 v154, 0xff800000 :: v_dual_and_b32 v161, 15, v0// 0000000054B8: CA2400FF 9AA0008F FF800000
	s_delay_alu instid0(VALU_DEP_4)                            // 0000000054C4: BF870004
	v_xor_b32_e32 v1, 16, v10                                  // 0000000054C8: 3A021490
	v_xor_b32_e32 v12, 8, v10                                  // 0000000054CC: 3A181488
	v_lshl_add_u32 v162, v9, 3, 0                              // 0000000054D0: D64600A2 02010709
	v_cndmask_b32_e64 v9, 0, v4, s19                           // 0000000054D8: D5010009 004E0880
	v_lshrrev_b32_e32 v163, 5, v0                              // 0000000054E0: 33460085
	v_cmp_gt_u32_e32 vcc_lo, 32, v1                            // 0000000054E4: 7C9802A0
	v_xor_b32_e32 v15, 1, v10                                  // 0000000054E8: 3A1E1481
	s_cvt_f32_u32 s4, s17                                      // 0000000054EC: BE846511
	s_add_co_i32 s6, s17, 0x1ff                                // 0000000054F0: 8106FF11 000001FF
	s_mov_b32 s5, 0                                            // 0000000054F8: BE850080
	s_wait_alu depctr_va_vcc(0)                                // 0000000054FC: BF88FF9D
	v_dual_cndmask_b32 v1, v10, v1 :: v_dual_lshlrev_b32 v14, 3, v0// 000000005500: CA62030A 010E0083
	v_cmp_gt_u32_e32 vcc_lo, 32, v12                           // 000000005508: 7C9818A0
	s_wait_alu depctr_sa_sdst(0)                               // 00000000550C: BF88FF9E
	v_s_rcp_f32 s20, s4                                        // 000000005510: D6840014 02010004
	s_and_b32 s6, s6, 0xffff                                   // 000000005518: 8B06FF06 0000FFFF
	v_dual_mov_b32 v156, 1.0 :: v_dual_lshlrev_b32 v159, 2, v1 // 000000005520: CA2200F2 9C9E0282
	s_wait_alu depctr_sa_sdst(0)                               // 000000005528: BF88FF9E
	s_cvt_f32_u32 s6, s6                                       // 00000000552C: BE866506
	v_and_b32_e32 v166, 8, v13                                 // 000000005530: 374C1A88
	v_lshlrev_b32_e32 v164, 3, v160                            // 000000005534: 31494083
	ds_bpermute_b32 v6, v159, v7                               // 000000005538: DACC0000 0600079F
	ds_bpermute_b32 v11, v159, v8                              // 000000005540: DACC0000 0B00089F
	s_wait_alu depctr_sa_sdst(0)                               // 000000005548: BF88FF9E
	s_mul_f32 s20, s6, s20                                     // 00000000554C: A2141406
	s_delay_alu instid0(SALU_CYCLE_3)                          // 000000005550: BF87000B
	s_trunc_f32 s20, s20                                       // 000000005554: BE946214
	s_wait_dscnt 0x1                                           // 000000005558: BFC60001
	v_mad_co_u64_u32 v[145:146], null, v2, 24, v[5:6]          // 00000000555C: D6FE7C91 04153102
	s_wait_alu depctr_va_vcc(0)                                // 000000005564: BF88FF9D
	v_cndmask_b32_e32 v5, v10, v12, vcc_lo                     // 000000005568: 020A190A
	v_mov_b32_e32 v1, 0                                        // 00000000556C: 7E020280
	v_max_i32_e32 v4, v7, v6                                   // 000000005570: 24080D07
	v_xor_b32_e32 v7, 4, v10                                   // 000000005574: 3A0E1484
	v_cndmask_b32_e64 v12, 0, v3, s19                          // 000000005578: D501000C 004E0680
	v_lshlrev_b32_e32 v0, 2, v5                                // 000000005580: 30000A82
	s_wait_dscnt 0x0                                           // 000000005584: BFC60000
	v_min_i32_e32 v5, v8, v11                                  // 000000005588: 220A1708
	v_xor_b32_e32 v11, 2, v10                                  // 00000000558C: 3A161482
	v_cmp_gt_u32_e32 vcc_lo, 32, v7                            // 000000005590: 7C980EA0
	v_ashrrev_i32_e32 v3, 31, v2                               // 000000005594: 3406049F
	ds_bpermute_b32 v6, v0, v4                                 // 000000005598: DACC0000 06000400
	ds_bpermute_b32 v0, v0, v5                                 // 0000000055A0: DACC0000 00000500
	v_and_b32_e32 v13, 0xf8, v14                               // 0000000055A8: 361A1CFF 000000F8
	s_wait_alu depctr_va_vcc(0)                                // 0000000055B0: BF88FF9D
	v_cndmask_b32_e32 v7, v10, v7, vcc_lo                      // 0000000055B4: 020E0F0A
	v_cmp_gt_u32_e32 vcc_lo, 32, v11                           // 0000000055B8: 7C9816A0
	v_lshlrev_b64_e32 v[129:130], 2, v[2:3]                    // 0000000055BC: 3F020482
	v_mov_b32_e32 v3, v1                                       // 0000000055C0: 7E060301
	v_dual_mov_b32 v2, v1 :: v_dual_lshlrev_b32 v165, 7, v161  // 0000000055C4: CA220101 02A54287
	v_lshlrev_b32_e32 v7, 2, v7                                // 0000000055CC: 300E0E82
	s_wait_alu depctr_va_vcc(0)                                // 0000000055D0: BF88FF9D
	v_cndmask_b32_e32 v44, v10, v11, vcc_lo                    // 0000000055D4: 0258170A
	v_cmp_gt_u32_e32 vcc_lo, 32, v15                           // 0000000055D8: 7C981EA0
	v_lshlrev_b32_e32 v133, 4, v161                            // 0000000055DC: 310B4284
	v_dual_mov_b32 v8, v1 :: v_dual_lshlrev_b32 v167, 4, v163  // 0000000055E0: CA220101 08A74684
	v_dual_mov_b32 v155, 0 :: v_dual_mov_b32 v146, v1          // 0000000055E8: CA100080 9B920101
	s_wait_alu depctr_va_vcc(0)                                // 0000000055F0: BF88FF9D
	v_cndmask_b32_e32 v134, v10, v15, vcc_lo                   // 0000000055F4: 030C1F0A
	v_add_co_u32 v136, vcc_lo, v12, v164                       // 0000000055F8: D7006A88 0203490C
	s_wait_dscnt 0x1                                           // 000000005600: BFC60001
	v_max_i32_e32 v41, v4, v6                                  // 000000005604: 24520D04
	s_wait_dscnt 0x0                                           // 000000005608: BFC60000
	v_min_i32_e32 v0, v5, v0                                   // 00000000560C: 22000105
	v_mov_b32_e32 v6, v1                                       // 000000005610: 7E0C0301
	v_lshl_or_b32 v135, v163, 8, v13                           // 000000005614: D6560087 043511A3
	v_mov_b32_e32 v4, v1                                       // 00000000561C: 7E080301
	ds_bpermute_b32 v42, v7, v41                               // 000000005620: DACC0000 2A002907
	ds_bpermute_b32 v43, v7, v0                                // 000000005628: DACC0000 2B000007
	v_mov_b32_e32 v5, v1                                       // 000000005630: 7E0A0301
	v_dual_mov_b32 v7, v1 :: v_dual_add_nc_u32 v168, 0, v135   // 000000005634: CA200101 07A90E80
	v_lshlrev_b32_e32 v65, 2, v44                              // 00000000563C: 30825882
	v_lshlrev_b64_e32 v[131:132], 2, v[145:146]                // 000000005640: 3F072282
	s_wait_alu depctr_va_vcc(0)                                // 000000005644: BF88FF9D
	v_add_co_ci_u32_e64 v137, null, 0, v9, vcc_lo              // 000000005648: D5207C89 01AA1280
	s_wait_kmcnt 0x0                                           // 000000005650: BFC70000
	v_add_co_u32 v146, vcc_lo, s0, v129                        // 000000005654: D7006A92 02030200
	s_wait_alu depctr_va_vcc(0)                                // 00000000565C: BF88FF9D
	v_add_co_ci_u32_e64 v147, null, s1, v130, vcc_lo           // 000000005660: D5207C93 01AB0401
	v_lshlrev_b32_e32 v129, 2, v134                            // 000000005668: 31030C82
	s_xor_b32 s0, s20, 0x80000000                              // 00000000566C: 8D00FF14 80000000
	v_add_co_u32 v135, vcc_lo, s8, v136                        // 000000005674: D7006A87 02031008
	s_wait_alu depctr_sa_sdst(0)                               // 00000000567C: BF88FF9E
	s_fmac_f32 s6, s0, s4                                      // 000000005680: A3860400
	s_cvt_u32_f32 s0, s20                                      // 000000005684: BE806714
	s_wait_alu depctr_va_vcc(0)                                // 000000005688: BF88FF9D
	v_add_co_ci_u32_e64 v136, null, s9, v137, vcc_lo           // 00000000568C: D5207C88 01AB1209
	s_wait_dscnt 0x1                                           // 000000005694: BFC60001
	v_max_i32_e32 v138, v41, v42                               // 000000005698: 25145529
	s_wait_dscnt 0x0                                           // 00000000569C: BFC60000
	v_min_i32_e32 v0, v0, v43                                  // 0000000056A0: 22005700
	v_mov_b32_e32 v48, v8                                      // 0000000056A4: 7E600308
	s_wait_alu depctr_sa_sdst(0)                               // 0000000056A8: BF88FF9E
	s_bitset0_b32 s6, 31                                       // 0000000056AC: BE86109F
	v_dual_mov_b32 v41, v1 :: v_dual_mov_b32 v56, v8           // 0000000056B0: CA100101 29380108
	ds_bpermute_b32 v139, v65, v138                            // 0000000056B8: DACC0000 8B008A41
	ds_bpermute_b32 v140, v65, v0                              // 0000000056C0: DACC0000 8C000041
	s_wait_alu depctr_sa_sdst(0)                               // 0000000056C8: BF88FF9E
	s_cmp_ge_f32 s6, s4                                        // 0000000056CC: BF460406
	v_dual_mov_b32 v49, v1 :: v_dual_mov_b32 v64, v8           // 0000000056D0: CA100101 31400108
	v_dual_mov_b32 v57, v1 :: v_dual_mov_b32 v72, v8           // 0000000056D8: CA100101 39480108
	s_add_co_ci_u32 s6, s0, 0                                  // 0000000056E0: 82068000
	s_lshl_b32 s4, s3, 8                                       // 0000000056E4: 84048803
	v_dual_mov_b32 v65, v1 :: v_dual_mov_b32 v80, v8           // 0000000056E8: CA100101 41500108
	v_dual_mov_b32 v73, v1 :: v_dual_mov_b32 v88, v8           // 0000000056F0: CA100101 49580108
	s_wait_alu depctr_sa_sdst(0)                               // 0000000056F8: BF88FF9E
	s_add_nc_u64 s[0:1], s[10:11], s[4:5]                      // 0000000056FC: A980040A
	s_add_nc_u64 s[20:21], s[12:13], s[4:5]                    // 000000005700: A994040C
	s_mul_i32 s4, s7, 0x1800                                   // 000000005704: 9604FF07 00001800
	v_dual_mov_b32 v81, v1 :: v_dual_mov_b32 v96, v8           // 00000000570C: CA100101 51600108
	v_dual_mov_b32 v89, v1 :: v_dual_mov_b32 v104, v8          // 000000005714: CA100101 59680108
	s_wait_dscnt 0x1                                           // 00000000571C: BFC60001
	v_max_i32_e32 v130, v138, v139                             // 000000005720: 2505178A
	s_wait_dscnt 0x0                                           // 000000005724: BFC60000
	v_min_i32_e32 v0, v0, v140                                 // 000000005728: 22011900
	v_add_co_u32 v148, vcc_lo, v135, 48                        // 00000000572C: D7006A94 02016187
	s_and_b32 s22, s6, 0xffff                                  // 000000005734: 8B16FF06 0000FFFF
	ds_bpermute_b32 v134, v129, v130                           // 00000000573C: DACC0000 86008281
	ds_bpermute_b32 v129, v129, v0                             // 000000005744: DACC0000 81000081
	s_wait_alu depctr_sa_sdst(0)                               // 00000000574C: BF88FF9E
	s_add_nc_u64 s[6:7], s[8:9], s[4:5]                        // 000000005750: A9860408
	v_dual_mov_b32 v97, v1 :: v_dual_mov_b32 v112, v8          // 000000005754: CA100101 61700108
	v_dual_mov_b32 v105, v1 :: v_dual_mov_b32 v120, v8         // 00000000575C: CA100101 69780108
	s_wait_alu depctr_va_vcc(0)                                // 000000005764: BF88FF9D
	v_add_co_ci_u32_e64 v149, null, 0, v136, vcc_lo            // 000000005768: D5207C95 01AB1080
	s_wait_alu depctr_sa_sdst(0)                               // 000000005770: BF88FF9E
	v_add_co_u32 v152, vcc_lo, s6, v131                        // 000000005774: D7006A98 02030606
	v_dual_mov_b32 v113, v1 :: v_dual_mov_b32 v128, v8         // 00000000577C: CA100101 71800108
	v_add_co_u32 v150, s0, s0, v133                            // 000000005784: D7000096 02030A00
	v_dual_mov_b32 v16, v8 :: v_dual_mov_b32 v15, v7           // 00000000578C: CA100108 100E0107
	v_dual_mov_b32 v24, v8 :: v_dual_mov_b32 v23, v7           // 000000005794: CA100108 18160107
	v_dual_mov_b32 v32, v8 :: v_dual_mov_b32 v31, v7           // 00000000579C: CA100108 201E0107
	s_wait_dscnt 0x1                                           // 0000000057A4: BFC60001
	v_max_i32_e32 v130, v130, v134                             // 0000000057A8: 25050D82
	s_wait_dscnt 0x0                                           // 0000000057AC: BFC60000
	v_min_i32_e32 v0, v0, v129                                 // 0000000057B0: 22010300
	v_dual_mov_b32 v40, v8 :: v_dual_mov_b32 v39, v7           // 0000000057B4: CA100108 28260107
	v_mov_b32_e32 v121, v1                                     // 0000000057BC: 7EF20301
	s_wait_alu depctr_va_vcc(0)                                // 0000000057C0: BF88FF9D
	v_add_co_ci_u32_e64 v153, null, s7, v132, vcc_lo           // 0000000057C4: D5207C99 01AB0807
	v_readfirstlane_b32 s26, v130                              // 0000000057CC: 7E340582
	v_mov_b32_e32 v136, v8                                     // 0000000057D0: 7F100308
	v_dual_mov_b32 v14, v6 :: v_dual_mov_b32 v13, v5           // 0000000057D4: CA100106 0E0C0105
	v_dual_mov_b32 v12, v4 :: v_dual_mov_b32 v11, v3           // 0000000057DC: CA100104 0C0A0103
	v_dual_mov_b32 v10, v2 :: v_dual_mov_b32 v9, v1            // 0000000057E4: CA100102 0A080101
	v_dual_mov_b32 v22, v6 :: v_dual_mov_b32 v21, v5           // 0000000057EC: CA100106 16140105
	v_dual_mov_b32 v20, v4 :: v_dual_mov_b32 v19, v3           // 0000000057F4: CA100104 14120103
	v_dual_mov_b32 v18, v2 :: v_dual_mov_b32 v17, v1           // 0000000057FC: CA100102 12100101
	v_dual_mov_b32 v30, v6 :: v_dual_mov_b32 v29, v5           // 000000005804: CA100106 1E1C0105
	v_dual_mov_b32 v28, v4 :: v_dual_mov_b32 v27, v3           // 00000000580C: CA100104 1C1A0103
	v_dual_mov_b32 v26, v2 :: v_dual_mov_b32 v25, v1           // 000000005814: CA100102 1A180101
	v_dual_mov_b32 v38, v6 :: v_dual_mov_b32 v37, v5           // 00000000581C: CA100106 26240105
	v_dual_mov_b32 v36, v4 :: v_dual_mov_b32 v35, v3           // 000000005824: CA100104 24220103
	v_dual_mov_b32 v34, v2 :: v_dual_mov_b32 v33, v1           // 00000000582C: CA100102 22200101
	v_dual_mov_b32 v47, v7 :: v_dual_mov_b32 v46, v6           // 000000005834: CA100107 2F2E0106
	v_dual_mov_b32 v45, v5 :: v_dual_mov_b32 v44, v4           // 00000000583C: CA100105 2D2C0104
	v_dual_mov_b32 v43, v3 :: v_dual_mov_b32 v42, v2           // 000000005844: CA100103 2B2A0102
	v_dual_mov_b32 v55, v7 :: v_dual_mov_b32 v54, v6           // 00000000584C: CA100107 37360106
	v_dual_mov_b32 v53, v5 :: v_dual_mov_b32 v52, v4           // 000000005854: CA100105 35340104
	v_dual_mov_b32 v51, v3 :: v_dual_mov_b32 v50, v2           // 00000000585C: CA100103 33320102
	v_dual_mov_b32 v63, v7 :: v_dual_mov_b32 v62, v6           // 000000005864: CA100107 3F3E0106
	v_dual_mov_b32 v61, v5 :: v_dual_mov_b32 v60, v4           // 00000000586C: CA100105 3D3C0104
	v_dual_mov_b32 v59, v3 :: v_dual_mov_b32 v58, v2           // 000000005874: CA100103 3B3A0102
	v_dual_mov_b32 v71, v7 :: v_dual_mov_b32 v70, v6           // 00000000587C: CA100107 47460106
	v_dual_mov_b32 v69, v5 :: v_dual_mov_b32 v68, v4           // 000000005884: CA100105 45440104
	v_dual_mov_b32 v67, v3 :: v_dual_mov_b32 v66, v2           // 00000000588C: CA100103 43420102
	v_dual_mov_b32 v79, v7 :: v_dual_mov_b32 v78, v6           // 000000005894: CA100107 4F4E0106
	v_dual_mov_b32 v77, v5 :: v_dual_mov_b32 v76, v4           // 00000000589C: CA100105 4D4C0104
	v_dual_mov_b32 v75, v3 :: v_dual_mov_b32 v74, v2           // 0000000058A4: CA100103 4B4A0102
	v_dual_mov_b32 v87, v7 :: v_dual_mov_b32 v86, v6           // 0000000058AC: CA100107 57560106
	v_dual_mov_b32 v85, v5 :: v_dual_mov_b32 v84, v4           // 0000000058B4: CA100105 55540104
	v_dual_mov_b32 v83, v3 :: v_dual_mov_b32 v82, v2           // 0000000058BC: CA100103 53520102
	v_dual_mov_b32 v95, v7 :: v_dual_mov_b32 v94, v6           // 0000000058C4: CA100107 5F5E0106
	v_dual_mov_b32 v93, v5 :: v_dual_mov_b32 v92, v4           // 0000000058CC: CA100105 5D5C0104
	v_dual_mov_b32 v91, v3 :: v_dual_mov_b32 v90, v2           // 0000000058D4: CA100103 5B5A0102
	v_dual_mov_b32 v103, v7 :: v_dual_mov_b32 v102, v6         // 0000000058DC: CA100107 67660106
	v_dual_mov_b32 v101, v5 :: v_dual_mov_b32 v100, v4         // 0000000058E4: CA100105 65640104
	v_dual_mov_b32 v99, v3 :: v_dual_mov_b32 v98, v2           // 0000000058EC: CA100103 63620102
	v_dual_mov_b32 v111, v7 :: v_dual_mov_b32 v110, v6         // 0000000058F4: CA100107 6F6E0106
	v_dual_mov_b32 v109, v5 :: v_dual_mov_b32 v108, v4         // 0000000058FC: CA100105 6D6C0104
	v_dual_mov_b32 v107, v3 :: v_dual_mov_b32 v106, v2         // 000000005904: CA100103 6B6A0102
	v_dual_mov_b32 v119, v7 :: v_dual_mov_b32 v118, v6         // 00000000590C: CA100107 77760106
	v_dual_mov_b32 v117, v5 :: v_dual_mov_b32 v116, v4         // 000000005914: CA100105 75740104
	v_dual_mov_b32 v115, v3 :: v_dual_mov_b32 v114, v2         // 00000000591C: CA100103 73720102
	v_dual_mov_b32 v127, v7 :: v_dual_mov_b32 v126, v6         // 000000005924: CA100107 7F7E0106
	v_dual_mov_b32 v125, v5 :: v_dual_mov_b32 v124, v4         // 00000000592C: CA100105 7D7C0104
	v_dual_mov_b32 v123, v3 :: v_dual_mov_b32 v122, v2         // 000000005934: CA100103 7B7A0102
	s_wait_alu depctr_va_sdst(0)                               // 00000000593C: BF88F19F
	v_add_co_ci_u32_e64 v151, null, s1, 0, s0                  // 000000005940: D5207C97 00010001
	v_readfirstlane_b32 s27, v0                                // 000000005948: 7E360500
	v_dual_mov_b32 v135, v7 :: v_dual_mov_b32 v132, v4         // 00000000594C: CA100107 87840104
	v_dual_mov_b32 v134, v6 :: v_dual_mov_b32 v133, v5         // 000000005954: CA100106 86840105
	v_dual_mov_b32 v130, v2 :: v_dual_mov_b32 v131, v3         // 00000000595C: CA100102 82820103
	v_mov_b32_e32 v129, v1                                     // 000000005964: 7F020301
	s_mul_i32 s24, s18, s22                                    // 000000005968: 96181612
	s_lshl_b32 s4, s3, 1                                       // 00000000596C: 84048103
	s_add_co_i32 s25, s24, s22                                 // 000000005970: 81191618
	s_wait_alu depctr_sa_sdst(0)                               // 000000005974: BF88FF9E
	s_add_nc_u64 s[22:23], s[10:11], s[4:5]                    // 000000005978: A996040A
	s_add_nc_u64 s[12:13], s[12:13], s[4:5]                    // 00000000597C: A98C040C
	s_lshl_b32 s11, s24, 6                                     // 000000005980: 840B8618
	s_branch 21                                                // 000000005984: BFA00015 <attention_fp8_e4m3_fa2_gqa_partial_gfx1201+0x6dc>
	v_mov_b32_e32 v154, v2                                     // 000000005988: 7F340302
	s_wait_alu depctr_sa_sdst(0)                               // 00000000598C: BF88FF9E
	s_or_b32 exec_lo, exec_lo, s30                             // 000000005990: 8C7E1E7E
	s_wait_loadcnt 0x0                                         // 000000005994: BFC00000
	s_barrier_signal -1                                        // 000000005998: BE804EC1
	s_barrier_wait 0xffff                                      // 00000000599C: BF94FFFF
	global_inv scope:SCOPE_SE                                  // 0000000059A0: EE0AC07C 00040000 00000000
	s_add_co_i32 s24, s24, 1                                   // 0000000059AC: 81188118
	s_delay_alu instid0(SALU_CYCLE_1)                          // 0000000059B0: BF870009
	s_cmp_lg_u32 s24, s25                                      // 0000000059B4: BF071918
	s_cselect_b32 s0, -1, 0                                    // 0000000059B8: 980080C1
	s_xor_b32 s1, s28, -1                                      // 0000000059BC: 8D01C11C
	s_add_co_i32 s11, s11, 64                                  // 0000000059C0: 810BC00B
	s_wait_alu depctr_sa_sdst(0)                               // 0000000059C4: BF88FF9E
	s_and_b32 s0, s1, s0                                       // 0000000059C8: 8B000001
	s_wait_alu depctr_sa_sdst(0)                               // 0000000059CC: BF88FF9E
	s_and_b32 vcc_lo, exec_lo, s0                              // 0000000059D0: 8B6A007E
	s_wait_alu depctr_sa_sdst(0)                               // 0000000059D4: BF88FF9E
	s_cbranch_vccz 1319                                        // 0000000059D8: BFA30527 <attention_fp8_e4m3_fa2_gqa_partial_gfx1201+0x1b78>
	s_lshl_b32 s29, s24, 6                                     // 0000000059DC: 841D8618
	s_wait_alu depctr_sa_sdst(0)                               // 0000000059E0: BF88FF9E
	s_cmp_gt_i32 s29, s26                                      // 0000000059E4: BF021A1D
	s_cselect_b32 s28, -1, 0                                   // 0000000059E8: 981C80C1
	s_wait_alu depctr_sa_sdst(0)                               // 0000000059EC: BF88FF9E
	s_and_b32 vcc_lo, exec_lo, s28                             // 0000000059F0: 8B6A1C7E
	s_wait_alu depctr_sa_sdst(0)                               // 0000000059F4: BF88FF9E
	s_cbranch_vccnz 65516                                      // 0000000059F8: BFA4FFEC <attention_fp8_e4m3_fa2_gqa_partial_gfx1201+0x6ac>
	v_mov_b32_e32 v0, v157                                     // 0000000059FC: 7E00039D
	v_mov_b32_e32 v6, v158                                     // 000000005A00: 7E0C039E
	s_mov_b32 s0, 8                                            // 000000005A04: BE800088
	s_branch 19                                                // 000000005A08: BFA00013 <attention_fp8_e4m3_fa2_gqa_partial_gfx1201+0x758>
	s_wait_alu depctr_sa_sdst(0)                               // 000000005A0C: BF88FF9E
	s_or_b32 exec_lo, exec_lo, s1                              // 000000005A10: 8C7E017E
	v_and_b32_e32 v7, 0xe0, v6                                 // 000000005A14: 360E0CFF 000000E0
	v_add_nc_u32_e32 v6, 16, v6                                // 000000005A1C: 4A0C0C90
	s_add_co_i32 s0, s0, -1                                    // 000000005A20: 8100C100
	s_wait_alu depctr_sa_sdst(0)                               // 000000005A24: BF88FF9E
	s_cmp_eq_u32 s0, 0                                         // 000000005A28: BF068000
	v_add_nc_u32_e32 v7, v7, v165                              // 000000005A2C: 4A0F4B07
	s_delay_alu instid0(VALU_DEP_1) | instskip(SKIP_1) | instid1(VALU_DEP_2)// 000000005A30: BF870121
	v_and_or_b32 v7, v0, 15, v7                                // 000000005A34: D6570007 041D1F00
	v_add_nc_u32_e32 v0, 8, v0                                 // 000000005A3C: 4A000088
	v_lshl_add_u32 v7, v7, 3, 0                                // 000000005A40: D6460007 02010707
	s_wait_loadcnt 0x0                                         // 000000005A48: BFC00000
	ds_store_2addr_b64 v7, v[2:3], v[4:5] offset1:16           // 000000005A4C: D9381000 00040207
	s_cbranch_scc1 17                                          // 000000005A54: BFA20011 <attention_fp8_e4m3_fa2_gqa_partial_gfx1201+0x79c>
	s_delay_alu instid0(VALU_DEP_2) | instskip(SKIP_3) | instid1(VALU_DEP_3)// 000000005A58: BF8701C2
	v_dual_mov_b32 v2, 0 :: v_dual_add_nc_u32 v7, s11, v0      // 000000005A5C: CA200080 0206000B
	v_dual_mov_b32 v3, 0 :: v_dual_mov_b32 v4, 0               // 000000005A64: CA100080 03040080
	v_mov_b32_e32 v5, 0                                        // 000000005A6C: 7E0A0280
	s_mov_b32 s1, exec_lo                                      // 000000005A70: BE81007E
	v_cmpx_ge_i32_e64 s26, v7                                  // 000000005A74: D4C6007E 02020E1A
	s_cbranch_execz 65507                                      // 000000005A7C: BFA5FFE3 <attention_fp8_e4m3_fa2_gqa_partial_gfx1201+0x70c>
	v_mad_co_i64_i32 v[2:3], null, 0x408, v7, v[150:151]       // 000000005A80: D6FF7C02 065A0EFF 00000408
	global_load_b128 v[2:5], v[2:3], off                       // 000000005A8C: EE05C07C 00000002 00000002
	s_branch 65500                                             // 000000005A98: BFA0FFDC <attention_fp8_e4m3_fa2_gqa_partial_gfx1201+0x70c>
	v_or_b32_e32 v6, s29, v166                                 // 000000005A9C: 380D4C1D
	v_dual_mov_b32 v7, v167 :: v_dual_mov_b32 v8, v163         // 000000005AA0: CA1001A7 070801A3
	s_movk_i32 s0, 0xc000                                      // 000000005AA8: B000C000
	s_branch 15                                                // 000000005AAC: BFA0000F <attention_fp8_e4m3_fa2_gqa_partial_gfx1201+0x7ec>
	s_wait_alu depctr_sa_sdst(0)                               // 000000005AB0: BF88FF9E
	s_or_b32 exec_lo, exec_lo, s4                              // 000000005AB4: 8C7E047E
	s_wait_alu depctr_sa_sdst(0)                               // 000000005AB8: BF88FF9E
	s_or_b32 exec_lo, exec_lo, s3                              // 000000005ABC: 8C7E037E
	s_wait_alu depctr_sa_sdst(0)                               // 000000005AC0: BF88FF9E
	s_or_b32 exec_lo, exec_lo, s1                              // 000000005AC4: 8C7E017E
	v_add_nc_u32_e32 v0, s0, v168                              // 000000005AC8: 4A015000
	v_add_nc_u32_e32 v8, 4, v8                                 // 000000005ACC: 4A101084
	v_add_nc_u32_e32 v7, 64, v7                                // 000000005AD0: 4A0E0EC0
	s_addk_co_i32 s0, 0x400                                    // 000000005AD4: B7800400
	s_wait_alu depctr_sa_sdst(0)                               // 000000005AD8: BF88FF9E
	s_cmp_eq_u32 s0, 0                                         // 000000005ADC: BF068000
	ds_store_b64 v0, v[2:3] offset:32768                       // 000000005AE0: D9348000 00000200
	s_cbranch_scc1 205                                         // 000000005AE8: BFA200CD <attention_fp8_e4m3_fa2_gqa_partial_gfx1201+0xb20>
	s_delay_alu instid0(VALU_DEP_1) | instskip(NEXT) | instid1(VALU_DEP_1)// 000000005AEC: BF870091
	v_and_b32_e32 v0, 0x70, v8                                 // 000000005AF0: 360010FF 00000070
	v_add_nc_u32_e32 v137, v0, v6                              // 000000005AF8: 4B120D00
	v_and_or_b32 v0, 0xf0, v7, v161                            // 000000005AFC: D6570000 06860EFF 000000F0
	s_delay_alu instid0(VALU_DEP_2) | instskip(NEXT) | instid1(VALU_DEP_1)// 000000005B08: BF870092
	v_or_b32_e32 v2, 7, v137                                   // 000000005B0C: 38051287
	v_cmp_ge_i32_e32 vcc_lo, s26, v2                           // 000000005B10: 7C8C041A
	s_and_saveexec_b32 s1, vcc_lo                              // 000000005B14: BE81206A
	s_wait_alu depctr_sa_sdst(0)                               // 000000005B18: BF88FF9E
	s_xor_b32 s1, exec_lo, s1                                  // 000000005B1C: 8D01017E
	s_cbranch_execz 63                                         // 000000005B20: BFA5003F <attention_fp8_e4m3_fa2_gqa_partial_gfx1201+0x920>
	v_mad_co_i64_i32 v[2:3], null, 0x408, v137, s[20:21]       // 000000005B24: D6FF7C02 005312FF 00000408
	v_mov_b16_e32 v5.h, 0                                      // 000000005B30: 7F0A3880
	s_delay_alu instid0(VALU_DEP_1) | instskip(NEXT) | instid1(VALU_DEP_3)// 000000005B34: BF870191
	v_mov_b16_e64 v139.l, v5.h op_sel:[1,0]                    // 000000005B38: D59C088B 02010105
	v_add_co_u32 v2, vcc_lo, v2, v0                            // 000000005B40: D7006A02 02020102
	s_wait_alu depctr_va_vcc(0)                                // 000000005B48: BF88FF9D
	s_delay_alu instid0(VALU_DEP_4)                            // 000000005B4C: BF870004
	v_add_co_ci_u32_e64 v3, null, 0, v3, vcc_lo                // 000000005B50: D5207C03 01AA0680
	s_clause 0x7                                               // 000000005B58: BF850007
	global_load_u8 v0, v[2:3], off offset:1032                 // 000000005B5C: EE04007C 00000000 00040802
	global_load_u8 v4, v[2:3], off offset:2064                 // 000000005B68: EE04007C 00000004 00081002
	global_load_d16_u8 v5, v[2:3], off                         // 000000005B74: EE07807C 00000005 00000002
	global_load_u8 v137, v[2:3], off offset:3096               // 000000005B80: EE04007C 00000089 000C1802
	global_load_u8 v138, v[2:3], off offset:5160               // 000000005B8C: EE04007C 0000008A 00142802
	global_load_u8 v140, v[2:3], off offset:4128               // 000000005B98: EE04007C 0000008C 00102002
	global_load_u8 v141, v[2:3], off offset:7224               // 000000005BA4: EE04007C 0000008D 001C3802
	global_load_d16_hi_u8 v139, v[2:3], off offset:6192        // 000000005BB0: EE08407C 0000008B 00183002
	s_wait_loadcnt 0x7                                         // 000000005BBC: BFC00007
	v_lshlrev_b32_e32 v0, 8, v0                                // 000000005BC0: 30000088
	s_wait_loadcnt 0x6                                         // 000000005BC4: BFC00006
	v_lshlrev_b32_e32 v2, 16, v4                               // 000000005BC8: 30040890
	s_wait_loadcnt 0x4                                         // 000000005BCC: BFC00004
	v_lshlrev_b32_e32 v3, 24, v137                             // 000000005BD0: 30071298
	s_wait_loadcnt 0x3                                         // 000000005BD4: BFC00003
	v_lshlrev_b32_e32 v4, 8, v138                              // 000000005BD8: 30091488
	v_or_b32_e32 v0, v0, v5                                    // 000000005BDC: 38000B00
	s_delay_alu instid0(VALU_DEP_1) | instskip(SKIP_1) | instid1(VALU_DEP_3)// 000000005BE0: BF8701A1
	v_or3_b32 v0, v0, v2, v3                                   // 000000005BE4: D6580000 040E0500
	s_wait_loadcnt 0x2                                         // 000000005BEC: BFC00002
	v_or3_b32 v2, 0, v140, v4                                  // 000000005BF0: D6580002 04131880
	s_wait_loadcnt 0x1                                         // 000000005BF8: BFC00001
	v_lshlrev_b32_e32 v3, 24, v141                             // 000000005BFC: 30071A98
	v_or3_b32 v0, v0, 0, 0                                     // 000000005C00: D6580000 02010100
	s_wait_loadcnt 0x0                                         // 000000005C08: BFC00000
	s_delay_alu instid0(VALU_DEP_2) | instskip(NEXT) | instid1(VALU_DEP_2)// 000000005C0C: BF870112
	v_or3_b32 v3, v2, v139, v3                                 // 000000005C10: D6580003 040F1702
	v_or3_b32 v2, v0, 0, 0                                     // 000000005C18: D6580002 02010100
	s_wait_alu depctr_sa_sdst(0)                               // 000000005C20: BF88FF9E
	s_and_not1_saveexec_b32 s1, s1                             // 000000005C24: BE813001
	s_cbranch_execz 65445                                      // 000000005C28: BFA5FFA5 <attention_fp8_e4m3_fa2_gqa_partial_gfx1201+0x7c0>
	v_dual_mov_b32 v2, 0 :: v_dual_mov_b32 v3, 0               // 000000005C2C: CA100080 02020080
	s_mov_b32 s3, exec_lo                                      // 000000005C34: BE83007E
	v_cmpx_ge_i32_e64 s26, v137                                // 000000005C38: D4C6007E 0203121A
	s_cbranch_execz 65437                                      // 000000005C40: BFA5FF9D <attention_fp8_e4m3_fa2_gqa_partial_gfx1201+0x7b8>
	v_add_co_u32 v4, s4, s20, v0                               // 000000005C44: D7000404 02020014
	s_wait_alu depctr_va_sdst(0)                               // 000000005C4C: BF88F19F
	v_add_co_ci_u32_e64 v5, null, s21, 0, s4                   // 000000005C50: D5207C05 00110015
	v_mov_b16_e32 v0.h, 0                                      // 000000005C58: 7F003880
	s_mov_b32 s4, exec_lo                                      // 000000005C5C: BE84007E
	s_delay_alu instid0(VALU_DEP_2)                            // 000000005C60: BF870002
	v_mad_co_i64_i32 v[2:3], null, 0x408, v137, v[4:5]         // 000000005C64: D6FF7C02 041312FF 00000408
	global_load_d16_u8 v0, v[2:3], off                         // 000000005C70: EE07807C 00000000 00000002
	s_wait_loadcnt 0x0                                         // 000000005C7C: BFC00000
	v_dual_mov_b32 v3, v1 :: v_dual_mov_b32 v2, v0             // 000000005C80: CA100101 03020100
	v_cmpx_gt_i32_e64 s26, v137                                // 000000005C88: D4C4007E 0203121A
	s_cbranch_execz 13                                         // 000000005C90: BFA5000D <attention_fp8_e4m3_fa2_gqa_partial_gfx1201+0x9c8>
	v_or_b32_e32 v2, 1, v137                                   // 000000005C94: 38051281
	s_delay_alu instid0(VALU_DEP_1) | instskip(SKIP_3) | instid1(VALU_DEP_1)// 000000005C98: BF8700C1
	v_mad_co_i64_i32 v[2:3], null, 0x408, v2, v[4:5]           // 000000005C9C: D6FF7C02 041204FF 00000408
	global_load_u8 v2, v[2:3], off                             // 000000005CA8: EE04007C 00000002 00000002
	s_wait_loadcnt 0x0                                         // 000000005CB4: BFC00000
	v_lshl_or_b32 v0, v2, 8, v0                                // 000000005CB8: D6560000 04011102
	v_dual_mov_b32 v3, v1 :: v_dual_mov_b32 v2, v0             // 000000005CC0: CA100101 03020100
	s_wait_alu depctr_sa_sdst(0)                               // 000000005CC8: BF88FF9E
	s_or_b32 exec_lo, exec_lo, s4                              // 000000005CCC: 8C7E047E
	v_or_b32_e32 v0, 2, v137                                   // 000000005CD0: 38011282
	s_mov_b32 s4, exec_lo                                      // 000000005CD4: BE84007E
	s_delay_alu instid0(VALU_DEP_1)                            // 000000005CD8: BF870001
	v_cmpx_ge_i32_e64 s26, v0                                  // 000000005CDC: D4C6007E 0202001A
	s_cbranch_execz 9                                          // 000000005CE4: BFA50009 <attention_fp8_e4m3_fa2_gqa_partial_gfx1201+0xa0c>
	v_mad_co_i64_i32 v[138:139], null, 0x408, v0, v[4:5]       // 000000005CE8: D6FF7C8A 041200FF 00000408
	global_load_u8 v0, v[138:139], off                         // 000000005CF4: EE04007C 00000000 0000008A
	s_wait_loadcnt 0x0                                         // 000000005D00: BFC00000
	v_lshl_or_b32 v2, v0, 16, v2                               // 000000005D04: D6560002 04092100
	s_wait_alu depctr_sa_sdst(0)                               // 000000005D0C: BF88FF9E
	s_or_b32 exec_lo, exec_lo, s4                              // 000000005D10: 8C7E047E
	v_or_b32_e32 v0, 3, v137                                   // 000000005D14: 38011283
	s_mov_b32 s4, exec_lo                                      // 000000005D18: BE84007E
	s_delay_alu instid0(VALU_DEP_1)                            // 000000005D1C: BF870001
	v_cmpx_ge_i32_e64 s26, v0                                  // 000000005D20: D4C6007E 0202001A
	s_cbranch_execz 9                                          // 000000005D28: BFA50009 <attention_fp8_e4m3_fa2_gqa_partial_gfx1201+0xa50>
	v_mad_co_i64_i32 v[138:139], null, 0x408, v0, v[4:5]       // 000000005D2C: D6FF7C8A 041200FF 00000408
	global_load_u8 v0, v[138:139], off                         // 000000005D38: EE04007C 00000000 0000008A
	s_wait_loadcnt 0x0                                         // 000000005D44: BFC00000
	v_lshl_or_b32 v2, v0, 24, v2                               // 000000005D48: D6560002 04093100
	s_wait_alu depctr_sa_sdst(0)                               // 000000005D50: BF88FF9E
	s_or_b32 exec_lo, exec_lo, s4                              // 000000005D54: 8C7E047E
	v_or_b32_e32 v0, 4, v137                                   // 000000005D58: 38011284
	s_mov_b32 s4, exec_lo                                      // 000000005D5C: BE84007E
	s_delay_alu instid0(VALU_DEP_1)                            // 000000005D60: BF870001
	v_cmpx_ge_i32_e64 s26, v0                                  // 000000005D64: D4C6007E 0202001A
	s_cbranch_execz 8                                          // 000000005D6C: BFA50008 <attention_fp8_e4m3_fa2_gqa_partial_gfx1201+0xa90>
	v_mad_co_i64_i32 v[138:139], null, 0x408, v0, v[4:5]       // 000000005D70: D6FF7C8A 041200FF 00000408
	global_load_u8 v0, v[138:139], off                         // 000000005D7C: EE04007C 00000000 0000008A
	s_wait_loadcnt 0x0                                         // 000000005D88: BFC00000
	v_or_b32_e32 v3, v0, v3                                    // 000000005D8C: 38060700
	s_wait_alu depctr_sa_sdst(0)                               // 000000005D90: BF88FF9E
	s_or_b32 exec_lo, exec_lo, s4                              // 000000005D94: 8C7E047E
	v_or_b32_e32 v0, 5, v137                                   // 000000005D98: 38011285
	s_mov_b32 s4, exec_lo                                      // 000000005D9C: BE84007E
	s_delay_alu instid0(VALU_DEP_1)                            // 000000005DA0: BF870001
	v_cmpx_ge_i32_e64 s26, v0                                  // 000000005DA4: D4C6007E 0202001A
	s_cbranch_execz 10                                         // 000000005DAC: BFA5000A <attention_fp8_e4m3_fa2_gqa_partial_gfx1201+0xad8>
	v_mad_co_i64_i32 v[138:139], null, 0x408, v0, v[4:5]       // 000000005DB0: D6FF7C8A 041200FF 00000408
	global_load_u8 v0, v[138:139], off                         // 000000005DBC: EE04007C 00000000 0000008A
	s_wait_loadcnt 0x0                                         // 000000005DC8: BFC00000
	v_lshlrev_b32_e32 v0, 8, v0                                // 000000005DCC: 30000088
	s_delay_alu instid0(VALU_DEP_1)                            // 000000005DD0: BF870001
	v_or_b32_e32 v3, v0, v3                                    // 000000005DD4: 38060700
	s_wait_alu depctr_sa_sdst(0)                               // 000000005DD8: BF88FF9E
	s_or_b32 exec_lo, exec_lo, s4                              // 000000005DDC: 8C7E047E
	v_or_b32_e32 v0, 6, v137                                   // 000000005DE0: 38011286
	s_mov_b32 s4, exec_lo                                      // 000000005DE4: BE84007E
	s_delay_alu instid0(VALU_DEP_1)                            // 000000005DE8: BF870001
	v_cmpx_ge_i32_e64 s26, v0                                  // 000000005DEC: D4C6007E 0202001A
	s_cbranch_execz 65326                                      // 000000005DF4: BFA5FF2E <attention_fp8_e4m3_fa2_gqa_partial_gfx1201+0x7b0>
	v_mad_co_i64_i32 v[4:5], null, 0x408, v0, v[4:5]           // 000000005DF8: D6FF7C04 041200FF 00000408
	v_mov_b16_e32 v0.l, 0                                      // 000000005E04: 7E003880
	global_load_d16_hi_u8 v0, v[4:5], off                      // 000000005E08: EE08407C 00000000 00000004
	s_wait_loadcnt 0x0                                         // 000000005E14: BFC00000
	v_or_b32_e32 v3, v0, v3                                    // 000000005E18: 38060700
	s_branch 65316                                             // 000000005E1C: BFA0FF24 <attention_fp8_e4m3_fa2_gqa_partial_gfx1201+0x7b0>
	s_wait_dscnt 0x0                                           // 000000005E20: BFC60000
	s_barrier_signal -1                                        // 000000005E24: BE804EC1
	s_barrier_wait 0xffff                                      // 000000005E28: BF94FFFF
	global_inv scope:SCOPE_SE                                  // 000000005E2C: EE0AC07C 00040000 00000000
	s_and_saveexec_b32 s30, s2                                 // 000000005E38: BE9E2002
	s_cbranch_execz 65235                                      // 000000005E3C: BFA5FED3 <attention_fp8_e4m3_fa2_gqa_partial_gfx1201+0x68c>
	v_mov_b32_e32 v0, s16                                      // 000000005E40: 7E000210
	s_and_saveexec_b32 s0, s19                                 // 000000005E44: BE802013
	s_cbranch_execz 5                                          // 000000005E48: BFA50005 <attention_fp8_e4m3_fa2_gqa_partial_gfx1201+0xb60>
	global_load_b32 v0, v[152:153], off                        // 000000005E4C: EE05007C 00000000 00000098
	s_wait_loadcnt 0x0                                         // 000000005E58: BFC00000
	v_mul_f32_e32 v0, s16, v0                                  // 000000005E5C: 10000010
	s_wait_alu depctr_sa_sdst(0)                               // 000000005E60: BF88FF9E
	s_or_b32 exec_lo, exec_lo, s0                              // 000000005E64: 8C7E007E
	s_or_b32 s0, s29, 16                                       // 000000005E68: 8C00901D
	v_mov_b32_e32 v4, v162                                     // 000000005E6C: 7E0803A2
	s_wait_alu depctr_sa_sdst(0)                               // 000000005E70: BF88FF9E
	s_cmp_le_i32 s0, s26                                       // 000000005E74: BF051A00
	s_mov_b32 s31, 0                                           // 000000005E78: BE9F0080
	s_cselect_b32 s33, -1, 0                                   // 000000005E7C: 982180C1
	s_branch 445                                               // 000000005E80: BFA001BD <attention_fp8_e4m3_fa2_gqa_partial_gfx1201+0x1278>
	s_wait_alu depctr_sa_sdst(0)                               // 000000005E84: BF88FF9E
	s_or_b32 exec_lo, exec_lo, s0                              // 000000005E88: 8C7E007E
	v_sub_f32_e32 v143, v154, v2                               // 000000005E8C: 091E059A
	v_cmp_neq_f32_e32 vcc_lo, 0xff800000, v154                 // 000000005E90: 7C3B34FF FF800000
	s_wait_dscnt 0x0                                           // 000000005E98: BFC60000
	v_add_f32_e32 v5, v5, v6                                   // 000000005E9C: 060A0D05
	v_div_scale_f32 v172, null, v3, v3, v140                   // 000000005EA0: D6FC7CAC 06320703
	v_div_scale_f32 v174, null, v3, v3, v139                   // 000000005EA8: D6FC7CAE 062E0703
	v_mul_f32_e32 v143, 0x3fb8aa3b, v143                       // 000000005EB0: 111F1EFF 3FB8AA3B
	v_div_scale_f32 v177, null, v3, v3, v137                   // 000000005EB8: D6FC7CB1 06260703
	v_div_scale_f32 v176, null, v3, v3, v8                     // 000000005EC0: D6FC7CB0 04220703
	v_rcp_f32_e32 v173, v172                                   // 000000005EC8: 7F5A55AC
	v_lshl_add_u32 v189, s31, 12, v162                         // 000000005ECC: D64600BD 0689181F
	v_exp_f32_e32 v143, v143                                   // 000000005ED4: 7F1E4B8F
	v_rcp_f32_e32 v180, v177                                   // 000000005ED8: 7F6855B1
	v_rcp_f32_e32 v179, v176                                   // 000000005EDC: 7F6655B0
	v_fma_f32 v175, -v172, v173, 1.0                           // 000000005EE0: D61300AF 23CB5BAC
	s_wait_alu depctr_va_vcc(0)                                // 000000005EE8: BF88FF9D
	s_delay_alu instid0(TRANS32_DEP_3) | instskip(NEXT) | instid1(VALU_DEP_1)// 000000005EEC: BF870097
	v_cndmask_b32_e32 v143, 0, v143, vcc_lo                    // 000000005EF0: 031F1E80
	v_dual_fmac_f32 v173, v175, v173 :: v_dual_mul_f32 v144, v156, v143// 000000005EF4: C8075BAF AD911F9C
	s_delay_alu instid0(VALU_DEP_1) | instskip(SKIP_1) | instid1(VALU_DEP_2)// 000000005EFC: BF870121
	v_div_scale_f32 v154, null, v3, v3, v144                   // 000000005F00: D6FC7C9A 06420703
	v_div_scale_f32 v170, vcc_lo, v144, v3, v144               // 000000005F08: D6FC6AAA 06420790
	v_rcp_f32_e32 v156, v154                                   // 000000005F10: 7F38559A
	s_delay_alu instid0(TRANS32_DEP_1) | instskip(NEXT) | instid1(VALU_DEP_1)// 000000005F14: BF870095
	v_fma_f32 v169, -v154, v156, 1.0                           // 000000005F18: D61300A9 23CB399A
	v_fmac_f32_e32 v156, v169, v156                            // 000000005F20: 573939A9
	s_delay_alu instid0(VALU_DEP_1) | instskip(NEXT) | instid1(VALU_DEP_1)// 000000005F24: BF870091
	v_mul_f32_e32 v169, v170, v156                             // 000000005F28: 115339AA
	v_fma_f32 v171, -v154, v169, v170                          // 000000005F2C: D61300AB 26AB539A
	s_delay_alu instid0(VALU_DEP_1) | instskip(NEXT) | instid1(VALU_DEP_1)// 000000005F34: BF870091
	v_fmac_f32_e32 v169, v171, v156                            // 000000005F38: 575339AB
	v_fma_f32 v154, -v154, v169, v170                          // 000000005F3C: D613009A 26AB539A
	s_wait_alu depctr_va_vcc(0)                                // 000000005F44: BF88FF9D
	s_delay_alu instid0(VALU_DEP_1) | instskip(NEXT) | instid1(VALU_DEP_1)// 000000005F48: BF870091
	v_div_fmas_f32 v154, v154, v156, v169                      // 000000005F4C: D637009A 06A7399A
	v_div_fixup_f32 v6, v154, v3, v144                         // 000000005F54: D6270006 0642079A
	v_div_scale_f32 v154, null, v3, v3, v141                   // 000000005F5C: D6FC7C9A 06360703
	s_delay_alu instid0(VALU_DEP_2)                            // 000000005F64: BF870002
	v_mul_f32_e32 v134, v134, v6                               // 000000005F68: 110C0D86
	v_dual_mul_f32 v130, v130, v6 :: v_dual_fmac_f32 v5, v155, v143// 000000005F6C: C8C00D82 82051F9B
	v_mul_f32_e32 v128, v128, v6                               // 000000005F74: 11000D80
	v_div_scale_f32 v143, null, v3, v3, v142                   // 000000005F78: D6FC7C8F 063A0703
	v_rcp_f32_e32 v156, v154                                   // 000000005F80: 7F38559A
	v_dual_mul_f32 v136, v136, v6 :: v_dual_mul_f32 v135, v135, v6// 000000005F84: C8C60D88 88860D87
	v_mul_f32_e32 v126, v126, v6                               // 000000005F8C: 10FC0D7E
	s_delay_alu instid0(VALU_DEP_3) | instskip(SKIP_3) | instid1(TRANS32_DEP_2)// 000000005F90: BF870343
	v_rcp_f32_e32 v144, v143                                   // 000000005F94: 7F20558F
	v_dual_mul_f32 v133, v133, v6 :: v_dual_mul_f32 v124, v124, v6// 000000005F98: C8C60D85 857C0D7C
	v_dual_mul_f32 v132, v132, v6 :: v_dual_mul_f32 v131, v131, v6// 000000005FA0: C8C60D84 84820D83
	v_mul_f32_e32 v122, v122, v6                               // 000000005FA8: 10F40D7A
	v_fma_f32 v170, -v154, v156, 1.0                           // 000000005FAC: D61300AA 23CB399A
	v_mul_f32_e32 v25, v25, v6                                 // 000000005FB4: 10320D19
	v_dual_mul_f32 v129, v129, v6 :: v_dual_mul_f32 v120, v120, v6// 000000005FB8: C8C60D81 81780D78
	s_delay_alu instid0(TRANS32_DEP_1) | instskip(NEXT) | instid1(VALU_DEP_4)// 000000005FC0: BF870215
	v_fma_f32 v155, -v143, v144, 1.0                           // 000000005FC4: D613009B 23CB218F
	v_dual_mul_f32 v33, v33, v6 :: v_dual_fmac_f32 v156, v170, v156// 000000005FCC: C8C00D21 219D39AA
	v_div_scale_f32 v170, s0, v141, v3, v141                   // 000000005FD4: D6FC00AA 0636078D
	v_dual_mul_f32 v127, v127, v6 :: v_dual_mul_f32 v118, v118, v6// 000000005FDC: C8C60D7F 7F760D76
	s_delay_alu instid0(VALU_DEP_4) | instskip(SKIP_3) | instid1(VALU_DEP_3)// 000000005FE4: BF8701C4
	v_fmac_f32_e32 v144, v155, v144                            // 000000005FE8: 5721219B
	v_div_scale_f32 v155, vcc_lo, v142, v3, v142               // 000000005FEC: D6FC6A9B 063A078E
	v_dual_mul_f32 v16, v16, v6 :: v_dual_mul_f32 v125, v125, v6// 000000005FF4: C8C60D10 107C0D7D
	v_dual_mul_f32 v116, v116, v6 :: v_dual_mul_f32 v123, v123, v6// 000000005FFC: C8C60D74 747A0D7B
	v_dual_mul_f32 v114, v114, v6 :: v_dual_mul_f32 v169, v155, v144// 000000006004: C8C60D72 72A9219B
	v_dual_mul_f32 v121, v121, v6 :: v_dual_mul_f32 v112, v112, v6// 00000000600C: C8C60D79 79700D70
	v_dual_mul_f32 v119, v119, v6 :: v_dual_mul_f32 v110, v110, v6// 000000006014: C8C60D77 776E0D6E
	s_delay_alu instid0(VALU_DEP_3) | instskip(SKIP_2) | instid1(VALU_DEP_3)// 00000000601C: BF8701B3
	v_fma_f32 v171, -v143, v169, v155                          // 000000006020: D61300AB 266F538F
	v_dual_mul_f32 v117, v117, v6 :: v_dual_mul_f32 v108, v108, v6// 000000006028: C8C60D75 756C0D6C
	v_dual_mul_f32 v115, v115, v6 :: v_dual_mul_f32 v106, v106, v6// 000000006030: C8C60D73 736A0D6A
	v_fmac_f32_e32 v169, v171, v144                            // 000000006038: 575321AB
	v_mul_f32_e32 v171, v170, v156                             // 00000000603C: 115739AA
	v_dual_mul_f32 v113, v113, v6 :: v_dual_mul_f32 v104, v104, v6// 000000006040: C8C60D71 71680D68
	v_dual_mul_f32 v111, v111, v6 :: v_dual_mul_f32 v102, v102, v6// 000000006048: C8C60D6F 6F660D66
	s_delay_alu instid0(VALU_DEP_4) | instskip(NEXT) | instid1(VALU_DEP_4)// 000000006050: BF870214
	v_fma_f32 v143, -v143, v169, v155                          // 000000006054: D613008F 266F538F
	v_fma_f32 v155, -v154, v171, v170                          // 00000000605C: D613009B 26AB579A
	v_dual_mul_f32 v109, v109, v6 :: v_dual_mul_f32 v100, v100, v6// 000000006064: C8C60D6D 6D640D64
	v_dual_mul_f32 v107, v107, v6 :: v_dual_mul_f32 v98, v98, v6// 00000000606C: C8C60D6B 6B620D62
	s_wait_alu depctr_va_vcc(0)                                // 000000006074: BF88FF9D
	v_div_fmas_f32 v143, v143, v144, v169                      // 000000006078: D637008F 06A7218F
	v_fmac_f32_e32 v171, v155, v156                            // 000000006080: 5757399B
	v_div_scale_f32 v155, s1, v140, v3, v140                   // 000000006084: D6FC019B 0632078C
	s_mov_b32 vcc_lo, s0                                       // 00000000608C: BEEA0000
	v_rcp_f32_e32 v144, v174                                   // 000000006090: 7F2055AE
	v_div_fixup_f32 v143, v143, v3, v142                       // 000000006094: D627008F 063A078F
	v_fma_f32 v142, -v154, v171, v170                          // 00000000609C: D613008E 26AB579A
	v_mul_f32_e32 v154, v155, v173                             // 0000000060A4: 11355B9B
	v_div_scale_f32 v170, null, v3, v3, v7                     // 0000000060A8: D6FC7CAA 041E0703
	v_dual_mul_f32 v105, v105, v6 :: v_dual_mul_f32 v96, v96, v6// 0000000060B0: C8C60D69 69600D60
	s_wait_alu depctr_sa_sdst(0)                               // 0000000060B8: BF88FF9E
	v_div_fmas_f32 v156, v142, v156, v171                      // 0000000060BC: D637009C 06AF398E
	v_fma_f32 v171, -v172, v154, v155                          // 0000000060C4: D61300AB 266F35AC
	s_mov_b32 vcc_lo, s1                                       // 0000000060CC: BEEA0001
	v_rcp_f32_e32 v175, v170                                   // 0000000060D0: 7F5E55AA
	v_fma_f32 v169, -v174, v144, 1.0                           // 0000000060D4: D61300A9 23CB21AE
	v_mul_f32_e32 v19, v19, v6                                 // 0000000060DC: 10260D13
	v_fmac_f32_e32 v154, v171, v173                            // 0000000060E0: 57355BAB
	v_mov_b16_e64 v142.l, v1.l                                 // 0000000060E4: D59C008E 02010101
	v_div_fixup_f32 v156, v156, v3, v141                       // 0000000060EC: D627009C 0636079C
	v_fmac_f32_e32 v144, v169, v144                            // 0000000060F4: 572121A9
	v_div_scale_f32 v169, s0, v139, v3, v139                   // 0000000060F8: D6FC00A9 062E078B
	v_fma_f32 v155, -v172, v154, v155                          // 000000006100: D613009B 266F35AC
	v_fma_f32 v178, -v170, v175, 1.0                           // 000000006108: D61300B2 23CB5FAA
	v_mov_b16_e64 v141.l, v142.l                               // 000000006110: D59C008D 0201018E
	v_mov_b16_e64 v142.h, 0 op_sel:[0,1]                       // 000000006118: D59C408E 02010080
	v_dual_mul_f32 v103, v103, v6 :: v_dual_mul_f32 v94, v94, v6// 000000006120: C8C60D67 675E0D5E
	s_wait_alu depctr_sa_sdst(0)                               // 000000006128: BF88FF9E
	v_div_fmas_f32 v154, v155, v173, v154                      // 00000000612C: D637009A 066B5B9B
	v_div_scale_f32 v155, null, v3, v3, v138                   // 000000006134: D6FC7C9B 062A0703
	v_fma_f32 v173, -v176, v179, 1.0                           // 00000000613C: D61300AD 23CB67B0
	s_mov_b32 vcc_lo, s0                                       // 000000006144: BEEA0000
	v_cvt_pk_fp8_f32 v141.l, v143, v156                        // 000000006148: D769008D 0203398F
	v_div_fixup_f32 v140, v154, v3, v140                       // 000000006150: D627008C 0632079A
	v_fma_f32 v154, -v177, v180, 1.0                           // 000000006158: D613009A 23CB69B1
	v_mul_f32_e32 v15, v15, v6                                 // 000000006160: 101E0D0F
	v_dual_fmac_f32 v179, v173, v179 :: v_dual_mov_b32 v156, v3// 000000006164: C81167AD B39C0103
	v_div_scale_f32 v173, s3, v8, v3, v8                       // 00000000616C: D6FC03AD 04220708
	s_delay_alu instid0(VALU_DEP_4) | instskip(SKIP_4) | instid1(VALU_DEP_4)// 000000006174: BF870254
	v_fmac_f32_e32 v180, v154, v180                            // 000000006178: 5769699A
	v_div_scale_f32 v154, s4, v137, v3, v137                   // 00000000617C: D6FC049A 06260789
	v_mul_f32_e32 v10, v10, v6                                 // 000000006184: 10140D0A
	v_mov_b16_e64 v141.h, v142.h op_sel:[1,1]                  // 000000006188: D59C488D 0201018E
	v_dual_mul_f32 v101, v101, v6 :: v_dual_mul_f32 v92, v92, v6// 000000006190: C8C60D65 655C0D5C
	v_mul_f32_e32 v182, v154, v180                             // 000000006198: 116D699A
	v_fmac_f32_e32 v175, v178, v175                            // 00000000619C: 575F5FB2
	v_mul_f32_e32 v171, v169, v144                             // 0000000061A0: 115721A9
	v_rcp_f32_e32 v178, v155                                   // 0000000061A4: 7F64559B
	v_dual_mul_f32 v99, v99, v6 :: v_dual_mul_f32 v90, v90, v6 // 0000000061A8: C8C60D63 635A0D5A
	v_dual_mul_f32 v97, v97, v6 :: v_dual_mul_f32 v88, v88, v6 // 0000000061B0: C8C60D61 61580D58
	s_delay_alu instid0(VALU_DEP_3) | instskip(SKIP_2) | instid1(VALU_DEP_3)// 0000000061B8: BF8701B3
	v_fma_f32 v172, -v174, v171, v169                          // 0000000061BC: D61300AC 26A757AE
	v_dual_mul_f32 v95, v95, v6 :: v_dual_mul_f32 v86, v86, v6 // 0000000061C4: C8C60D5F 5F560D56
	v_dual_mul_f32 v93, v93, v6 :: v_dual_mul_f32 v84, v84, v6 // 0000000061CC: C8C60D5D 5D540D54
	v_fmac_f32_e32 v171, v172, v144                            // 0000000061D4: 575721AC
	v_div_scale_f32 v172, s1, v7, v3, v7                       // 0000000061D8: D6FC01AC 041E0707
	s_delay_alu instid0(TRANS32_DEP_1)                         // 0000000061E0: BF870005
	v_fma_f32 v181, -v155, v178, 1.0                           // 0000000061E4: D61300B5 23CB659B
	v_mul_f32_e32 v17, v17, v6                                 // 0000000061EC: 10220D11
	v_dual_mul_f32 v91, v91, v6 :: v_dual_mul_f32 v82, v82, v6 // 0000000061F0: C8C60D5B 5B520D52
	v_fma_f32 v169, -v174, v171, v169                          // 0000000061F8: D61300A9 26A757AE
	v_mul_f32_e32 v174, v172, v175                             // 000000006200: 115D5FAC
	v_fmac_f32_e32 v178, v181, v178                            // 000000006204: 576565B5
	v_div_scale_f32 v181, s0, v138, v3, v138                   // 000000006208: D6FC00B5 062A078A
	v_dual_mul_f32 v89, v89, v6 :: v_dual_mul_f32 v80, v80, v6 // 000000006210: C8C60D59 59500D50
	s_wait_alu depctr_sa_sdst(0)                               // 000000006218: BF88FF9E
	v_div_fmas_f32 v144, v169, v144, v171                      // 00000000621C: D6370090 06AF21A9
	v_mul_f32_e32 v171, v173, v179                             // 000000006224: 115767AD
	v_fma_f32 v169, -v170, v174, v172                          // 000000006228: D61300A9 26B35DAA
	v_mul_f32_e32 v183, v181, v178                             // 000000006230: 116F65B5
	s_mov_b32 vcc_lo, s1                                       // 000000006234: BEEA0001
	v_div_fixup_f32 v139, v144, v3, v139                       // 000000006238: D627008B 062E0790
	v_fma_f32 v144, -v176, v171, v173                          // 000000006240: D6130090 26B757B0
	v_fmac_f32_e32 v174, v169, v175                            // 000000006248: 575D5FA9
	v_fma_f32 v169, -v177, v182, v154                          // 00000000624C: D61300A9 266B6DB1
	v_dual_mul_f32 v87, v87, v6 :: v_dual_mul_f32 v78, v78, v6 // 000000006254: C8C60D57 574E0D4E
	s_delay_alu instid0(VALU_DEP_4)                            // 00000000625C: BF870004
	v_fmac_f32_e32 v171, v144, v179                            // 000000006260: 57576790
	v_fma_f32 v144, -v155, v183, v181                          // 000000006264: D6130090 26D76F9B
	v_fma_f32 v170, -v170, v174, v172                          // 00000000626C: D61300AA 26B35DAA
	v_fmac_f32_e32 v182, v169, v180                            // 000000006274: 576D69A9
	v_cvt_pk_fp8_f32 v141.h, v140, v139 op_sel:[0,0,1]         // 000000006278: D769408D 0203178C
	v_dual_mul_f32 v85, v85, v6 :: v_dual_mul_f32 v76, v76, v6 // 000000006280: C8C60D55 554C0D4C
	v_fmac_f32_e32 v183, v144, v178                            // 000000006288: 576F6590
	s_wait_alu depctr_sa_sdst(0)                               // 00000000628C: BF88FF9E
	v_div_fmas_f32 v169, v170, v175, v174                      // 000000006290: D63700A9 06BB5FAA
	v_fma_f32 v170, -v176, v171, v173                          // 000000006298: D61300AA 26B757B0
	v_fma_f32 v144, -v177, v182, v154                          // 0000000062A0: D6130090 266B6DB1
	s_mov_b32 vcc_lo, s3                                       // 0000000062A8: BEEA0003
	v_fma_f32 v155, -v155, v183, v181                          // 0000000062AC: D613009B 26D76F9B
	v_div_fixup_f32 v7, v169, v3, v7                           // 0000000062B4: D6270007 041E07A9
	s_wait_alu depctr_sa_sdst(0)                               // 0000000062BC: BF88FF9E
	v_div_fmas_f32 v154, v170, v179, v171                      // 0000000062C0: D637009A 06AF67AA
	s_mov_b32 vcc_lo, s4                                       // 0000000062C8: BEEA0004
	v_dual_mul_f32 v83, v83, v6 :: v_dual_mul_f32 v74, v74, v6 // 0000000062CC: C8C60D53 534A0D4A
	s_wait_alu depctr_sa_sdst(0)                               // 0000000062D4: BF88FF9E
	v_div_fmas_f32 v144, v144, v180, v182                      // 0000000062D8: D6370090 06DB6990
	s_mov_b32 vcc_lo, s0                                       // 0000000062E0: BEEA0000
	v_div_fixup_f32 v8, v154, v3, v8                           // 0000000062E4: D6270008 0422079A
	s_wait_alu depctr_sa_sdst(0)                               // 0000000062EC: BF88FF9E
	v_div_fmas_f32 v155, v155, v178, v183                      // 0000000062F0: D637009B 06DF659B
	v_dual_mul_f32 v81, v81, v6 :: v_dual_mul_f32 v72, v72, v6 // 0000000062F8: C8C60D51 51480D48
	v_div_fixup_f32 v137, v144, v3, v137                       // 000000006300: D6270089 06260790
	v_cvt_pk_fp8_f32 v142.l, v7, v8                            // 000000006308: D769008E 02021107
	s_delay_alu instid0(VALU_DEP_4)                            // 000000006310: BF870004
	v_div_fixup_f32 v138, v155, v3, v138                       // 000000006314: D627008A 062A079B
	ds_load_b64 v[7:8], v189 offset:16384                      // 00000000631C: D9D84000 070000BD
	v_dual_mul_f32 v79, v79, v6 :: v_dual_mul_f32 v70, v70, v6 // 000000006324: C8C60D4F 4F460D46
	v_cvt_pk_fp8_f32 v142.h, v137, v138 op_sel:[0,0,1]         // 00000000632C: D769408E 02031589
	ds_load_b64 v[137:138], v189 offset:16640                  // 000000006334: D9D84100 890000BD
	ds_load_b64 v[139:140], v189 offset:16896                  // 00000000633C: D9D84200 8B0000BD
	ds_load_b64 v[143:144], v189 offset:17152                  // 000000006344: D9D84300 8F0000BD
	ds_load_b64 v[154:155], v189 offset:17408                  // 00000000634C: D9D84400 9A0000BD
	ds_load_b64 v[169:170], v189 offset:17664                  // 000000006354: D9D84500 A90000BD
	ds_load_b64 v[171:172], v189 offset:17920                  // 00000000635C: D9D84600 AB0000BD
	ds_load_b64 v[173:174], v189 offset:18176                  // 000000006364: D9D84700 AD0000BD
	ds_load_b64 v[175:176], v189 offset:18432                  // 00000000636C: D9D84800 AF0000BD
	ds_load_b64 v[177:178], v189 offset:18688                  // 000000006374: D9D84900 B10000BD
	ds_load_b64 v[179:180], v189 offset:18944                  // 00000000637C: D9D84A00 B30000BD
	ds_load_b64 v[181:182], v189 offset:19200                  // 000000006384: D9D84B00 B50000BD
	ds_load_b64 v[183:184], v189 offset:19456                  // 00000000638C: D9D84C00 B70000BD
	ds_load_b64 v[185:186], v189 offset:19712                  // 000000006394: D9D84D00 B90000BD
	ds_load_b64 v[187:188], v189 offset:19968                  // 00000000639C: D9D84E00 BB0000BD
	ds_load_b64 v[189:190], v189 offset:20224                  // 0000000063A4: D9D84F00 BD0000BD
	v_dual_mul_f32 v77, v77, v6 :: v_dual_mul_f32 v68, v68, v6 // 0000000063AC: C8C60D4D 4D440D44
	v_dual_mul_f32 v75, v75, v6 :: v_dual_mul_f32 v66, v66, v6 // 0000000063B4: C8C60D4B 4B420D42
	v_dual_mul_f32 v73, v73, v6 :: v_dual_mul_f32 v64, v64, v6 // 0000000063BC: C8C60D49 49400D40
	v_dual_mul_f32 v71, v71, v6 :: v_dual_mul_f32 v62, v62, v6 // 0000000063C4: C8C60D47 473E0D3E
	v_dual_mul_f32 v69, v69, v6 :: v_dual_mul_f32 v60, v60, v6 // 0000000063CC: C8C60D45 453C0D3C
	v_dual_mul_f32 v67, v67, v6 :: v_dual_mul_f32 v58, v58, v6 // 0000000063D4: C8C60D43 433A0D3A
	v_dual_mul_f32 v65, v65, v6 :: v_dual_mul_f32 v56, v56, v6 // 0000000063DC: C8C60D41 41380D38
	v_dual_mul_f32 v63, v63, v6 :: v_dual_mul_f32 v54, v54, v6 // 0000000063E4: C8C60D3F 3F360D36
	v_dual_mul_f32 v61, v61, v6 :: v_dual_mul_f32 v52, v52, v6 // 0000000063EC: C8C60D3D 3D340D34
	v_dual_mul_f32 v59, v59, v6 :: v_dual_mul_f32 v50, v50, v6 // 0000000063F4: C8C60D3B 3B320D32
	v_dual_mul_f32 v57, v57, v6 :: v_dual_mul_f32 v48, v48, v6 // 0000000063FC: C8C60D39 39300D30
	v_dual_mul_f32 v55, v55, v6 :: v_dual_mul_f32 v46, v46, v6 // 000000006404: C8C60D37 372E0D2E
	v_dual_mul_f32 v53, v53, v6 :: v_dual_mul_f32 v44, v44, v6 // 00000000640C: C8C60D35 352C0D2C
	v_dual_mul_f32 v51, v51, v6 :: v_dual_mul_f32 v42, v42, v6 // 000000006414: C8C60D33 332A0D2A
	v_dual_mul_f32 v49, v49, v6 :: v_dual_mul_f32 v40, v40, v6 // 00000000641C: C8C60D31 31280D28
	v_dual_mul_f32 v47, v47, v6 :: v_dual_mul_f32 v38, v38, v6 // 000000006424: C8C60D2F 2F260D26
	v_dual_mul_f32 v45, v45, v6 :: v_dual_mul_f32 v36, v36, v6 // 00000000642C: C8C60D2D 2D240D24
	v_dual_mul_f32 v43, v43, v6 :: v_dual_mul_f32 v34, v34, v6 // 000000006434: C8C60D2B 2B220D22
	v_dual_mul_f32 v41, v41, v6 :: v_dual_mul_f32 v32, v32, v6 // 00000000643C: C8C60D29 29200D20
	v_dual_mul_f32 v39, v39, v6 :: v_dual_mul_f32 v30, v30, v6 // 000000006444: C8C60D27 271E0D1E
	v_dual_mul_f32 v37, v37, v6 :: v_dual_mul_f32 v28, v28, v6 // 00000000644C: C8C60D25 251C0D1C
	v_dual_mul_f32 v35, v35, v6 :: v_dual_mul_f32 v26, v26, v6 // 000000006454: C8C60D23 231A0D1A
	v_dual_mul_f32 v31, v31, v6 :: v_dual_mul_f32 v24, v24, v6 // 00000000645C: C8C60D1F 1F180D18
	v_dual_mul_f32 v29, v29, v6 :: v_dual_mul_f32 v22, v22, v6 // 000000006464: C8C60D1D 1D160D16
	v_dual_mul_f32 v27, v27, v6 :: v_dual_mul_f32 v20, v20, v6 // 00000000646C: C8C60D1B 1B140D14
	v_dual_mul_f32 v23, v23, v6 :: v_dual_mul_f32 v18, v18, v6 // 000000006474: C8C60D17 17120D12
	v_dual_mul_f32 v21, v21, v6 :: v_dual_mul_f32 v14, v14, v6 // 00000000647C: C8C60D15 150E0D0E
	v_dual_mul_f32 v13, v13, v6 :: v_dual_mul_f32 v12, v12, v6 // 000000006484: C8C60D0D 0D0C0D0C
	v_mul_f32_e32 v11, v11, v6                                 // 00000000648C: 10160D0B
	v_mul_f32_e32 v9, v9, v6                                   // 000000006490: 10120D09
	s_wait_dscnt 0xf                                           // 000000006494: BFC6000F
	v_wmma_f32_16x16x16_fp8_fp8 v[129:136], v[7:8], v[141:142], v[129:136]// 000000006498: CC464081 1E071B07
	s_wait_dscnt 0xe                                           // 0000000064A0: BFC6000E
	v_wmma_f32_16x16x16_fp8_fp8 v[121:128], v[137:138], v[141:142], v[121:128]// 0000000064A4: CC464079 1DE71B89
	s_wait_dscnt 0xd                                           // 0000000064AC: BFC6000D
	v_wmma_f32_16x16x16_fp8_fp8 v[113:120], v[139:140], v[141:142], v[113:120]// 0000000064B0: CC464071 1DC71B8B
	s_wait_dscnt 0xc                                           // 0000000064B8: BFC6000C
	v_wmma_f32_16x16x16_fp8_fp8 v[105:112], v[143:144], v[141:142], v[105:112]// 0000000064BC: CC464069 1DA71B8F
	s_wait_dscnt 0xb                                           // 0000000064C4: BFC6000B
	v_wmma_f32_16x16x16_fp8_fp8 v[97:104], v[154:155], v[141:142], v[97:104]// 0000000064C8: CC464061 1D871B9A
	s_wait_dscnt 0xa                                           // 0000000064D0: BFC6000A
	v_wmma_f32_16x16x16_fp8_fp8 v[89:96], v[169:170], v[141:142], v[89:96]// 0000000064D4: CC464059 1D671BA9
	s_wait_dscnt 0x9                                           // 0000000064DC: BFC60009
	v_wmma_f32_16x16x16_fp8_fp8 v[81:88], v[171:172], v[141:142], v[81:88]// 0000000064E0: CC464051 1D471BAB
	s_wait_dscnt 0x8                                           // 0000000064E8: BFC60008
	v_wmma_f32_16x16x16_fp8_fp8 v[73:80], v[173:174], v[141:142], v[73:80]// 0000000064EC: CC464049 1D271BAD
	s_wait_dscnt 0x7                                           // 0000000064F4: BFC60007
	v_wmma_f32_16x16x16_fp8_fp8 v[65:72], v[175:176], v[141:142], v[65:72]// 0000000064F8: CC464041 1D071BAF
	s_wait_dscnt 0x6                                           // 000000006500: BFC60006
	v_wmma_f32_16x16x16_fp8_fp8 v[57:64], v[177:178], v[141:142], v[57:64]// 000000006504: CC464039 1CE71BB1
	s_wait_dscnt 0x5                                           // 00000000650C: BFC60005
	v_wmma_f32_16x16x16_fp8_fp8 v[49:56], v[179:180], v[141:142], v[49:56]// 000000006510: CC464031 1CC71BB3
	s_wait_dscnt 0x4                                           // 000000006518: BFC60004
	v_wmma_f32_16x16x16_fp8_fp8 v[41:48], v[181:182], v[141:142], v[41:48]// 00000000651C: CC464029 1CA71BB5
	s_wait_dscnt 0x3                                           // 000000006524: BFC60003
	v_wmma_f32_16x16x16_fp8_fp8 v[33:40], v[183:184], v[141:142], v[33:40]// 000000006528: CC464021 1C871BB7
	s_wait_dscnt 0x2                                           // 000000006530: BFC60002
	v_wmma_f32_16x16x16_fp8_fp8 v[25:32], v[185:186], v[141:142], v[25:32]// 000000006534: CC464019 1C671BB9
	s_wait_dscnt 0x1                                           // 00000000653C: BFC60001
	v_wmma_f32_16x16x16_fp8_fp8 v[17:24], v[187:188], v[141:142], v[17:24]// 000000006540: CC464011 1C471BBB
	s_wait_dscnt 0x0                                           // 000000006548: BFC60000
	v_wmma_f32_16x16x16_fp8_fp8 v[9:16], v[189:190], v[141:142], v[9:16]// 00000000654C: CC464009 1C271BBD
	v_mov_b32_e32 v155, v5                                     // 000000006554: 7F360305
	v_add_nc_u32_e32 v4, 0x100, v4                             // 000000006558: 4A0808FF 00000100
	s_delay_alu instid0(VALU_DEP_2)                            // 000000006560: BF870002
	v_mov_b32_e32 v154, v2                                     // 000000006564: 7F340302
	s_add_co_i32 s31, s31, 1                                   // 000000006568: 811F811F
	s_wait_alu depctr_sa_sdst(0)                               // 00000000656C: BF88FF9E
	s_cmp_lg_u32 s31, 4                                        // 000000006570: BF07841F
	s_cbranch_scc0 64772                                       // 000000006574: BFA1FD04 <attention_fp8_e4m3_fa2_gqa_partial_gfx1201+0x688>
	s_wait_alu depctr_sa_sdst(0)                               // 000000006578: BF88FF9E
	s_cmp_lt_i32 s31, 1                                        // 00000000657C: BF04811F
	s_mov_b32 s0, -1                                           // 000000006580: BE8000C1
	s_cbranch_scc1 10                                          // 000000006584: BFA2000A <attention_fp8_e4m3_fa2_gqa_partial_gfx1201+0x12b0>
	s_cmp_eq_u32 s31, 1                                        // 000000006588: BF06811F
	s_mov_b32 s0, s33                                          // 00000000658C: BE800021
	s_cbranch_scc1 7                                           // 000000006590: BFA20007 <attention_fp8_e4m3_fa2_gqa_partial_gfx1201+0x12b0>
	s_cmp_eq_u32 s31, 2                                        // 000000006594: BF06821F
	s_cselect_b32 s0, 32, 48                                   // 000000006598: 9800B0A0
	s_wait_alu depctr_sa_sdst(0)                               // 00000000659C: BF88FF9E
	s_or_b32 s0, s0, s29                                       // 0000000065A0: 8C001D00
	s_wait_alu depctr_sa_sdst(0)                               // 0000000065A4: BF88FF9E
	s_cmp_ge_i32 s26, s0                                       // 0000000065A8: BF03001A
	s_cselect_b32 s0, -1, 0                                    // 0000000065AC: 980080C1
	s_wait_alu depctr_sa_sdst(0)                               // 0000000065B0: BF88FF9E
	s_and_b32 vcc_lo, exec_lo, s0                              // 0000000065B4: 8B6A007E
	s_wait_alu depctr_sa_sdst(0)                               // 0000000065B8: BF88FF9E
	s_cbranch_vccz 529                                         // 0000000065BC: BFA30211 <attention_fp8_e4m3_fa2_gqa_partial_gfx1201+0x1b04>
	v_dual_mov_b32 v137, 0 :: v_dual_mov_b32 v2, v148          // 0000000065C0: CA100080 89020194
	v_mov_b32_e32 v3, v149                                     // 0000000065C8: 7E060395
	s_movk_i32 s0, 0xc000                                      // 0000000065CC: B000C000
	s_delay_alu instid0(VALU_DEP_2)                            // 0000000065D0: BF870002
	v_dual_mov_b32 v138, v137 :: v_dual_mov_b32 v139, v137     // 0000000065D4: CA100189 8A8A0189
	v_dual_mov_b32 v140, v137 :: v_dual_mov_b32 v141, v137     // 0000000065DC: CA100189 8C8C0189
	v_dual_mov_b32 v142, v137 :: v_dual_mov_b32 v143, v137     // 0000000065E4: CA100189 8E8E0189
	v_mov_b32_e32 v144, v137                                   // 0000000065EC: 7F200389
	s_clause 0x3                                               // 0000000065F0: BF850003
	global_load_b64 v[173:174], v[2:3], off offset:-48         // 0000000065F4: EE05407C 000000AD FFFFD002
	global_load_b64 v[175:176], v[2:3], off offset:-32         // 000000006600: EE05407C 000000AF FFFFE002
	global_load_b64 v[177:178], v[2:3], off offset:-16         // 00000000660C: EE05407C 000000B1 FFFFF002
	global_load_b64 v[179:180], v[2:3], off                    // 000000006618: EE05407C 000000B3 00000002
	s_wait_alu depctr_sa_sdst(0)                               // 000000006624: BF88FF9E
	v_add_nc_u32_e32 v169, s0, v4                              // 000000006628: 4B520800
	v_add_co_u32 v2, vcc_lo, v2, 64                            // 00000000662C: D7006A02 02018102
	s_wait_alu depctr_va_vcc(0)                                // 000000006634: BF88FF9D
	v_add_co_ci_u32_e64 v3, null, 0, v3, vcc_lo                // 000000006638: D5207C03 01AA0680
	ds_load_2addr_stride64_b64 v[5:8], v169 offset0:32 offset1:34// 000000006640: D9E02220 050000A9
	ds_load_2addr_stride64_b64 v[169:172], v169 offset0:36 offset1:38// 000000006648: D9E02624 A90000A9
	s_addk_co_i32 s0, 0x1000                                   // 000000006650: B7801000
	s_wait_alu depctr_sa_sdst(0)                               // 000000006654: BF88FF9E
	s_cmp_lg_u32 s0, 0                                         // 000000006658: BF078000
	s_wait_loadcnt_dscnt 0x301                                 // 00000000665C: BFC80301
	v_wmma_f32_16x16x16_fp8_fp8 v[137:144], v[5:6], v[173:174], v[137:144]// 000000006660: CC464089 1E275B05
	s_wait_loadcnt 0x2                                         // 000000006668: BFC00002
	s_delay_alu instid0(VALU_DEP_1) | instskip(SKIP_1) | instid1(VALU_DEP_1)// 00000000666C: BF8700A1
	v_wmma_f32_16x16x16_fp8_fp8 v[137:144], v[7:8], v[175:176], v[137:144]// 000000006670: CC464089 1E275F07
	s_wait_loadcnt_dscnt 0x100                                 // 000000006678: BFC80100
	v_wmma_f32_16x16x16_fp8_fp8 v[137:144], v[169:170], v[177:178], v[137:144]// 00000000667C: CC464089 1E2763A9
	s_wait_loadcnt 0x0                                         // 000000006684: BFC00000
	s_delay_alu instid0(VALU_DEP_1)                            // 000000006688: BF870001
	v_wmma_f32_16x16x16_fp8_fp8 v[137:144], v[171:172], v[179:180], v[137:144]// 00000000668C: CC464089 1E2767AB
	s_cbranch_scc1 65494                                       // 000000006694: BFA2FFD6 <attention_fp8_e4m3_fa2_gqa_partial_gfx1201+0x12f0>
	s_lshl4_add_u32 s0, s31, s29                               // 000000006698: 88801D1F
	v_dual_mov_b32 v173, 0 :: v_dual_mov_b32 v170, 0           // 00000000669C: CA100080 ADAA0080
	s_wait_alu depctr_sa_sdst(0)                               // 0000000066A4: BF88FF9E
	s_or_b32 s1, s0, 15                                        // 0000000066A8: 8C018F00
	s_wait_alu depctr_sa_sdst(0)                               // 0000000066AC: BF88FF9E
	s_cmp_le_i32 s1, s27                                       // 0000000066B0: BF051B01
	s_cselect_b32 s34, -1, 0                                   // 0000000066B4: 982280C1
	s_cmp_gt_i32 s1, s27                                       // 0000000066B8: BF021B01
	s_cselect_b32 s1, -1, 0                                    // 0000000066BC: 980180C1
	s_wait_alu depctr_sa_sdst(0)                               // 0000000066C0: BF88FF9E
	s_and_b32 s3, s1, s19                                      // 0000000066C4: 8B031301
	s_wait_alu depctr_sa_sdst(0)                               // 0000000066C8: BF88FF9E
	s_and_saveexec_b32 s1, s3                                  // 0000000066CC: BE812003
	s_cbranch_execz 3                                          // 0000000066D0: BFA50003 <attention_fp8_e4m3_fa2_gqa_partial_gfx1201+0x13e0>
	global_load_b32 v170, v[146:147], off                      // 0000000066D4: EE05007C 000000AA 00000092
	s_wait_alu depctr_sa_sdst(0)                               // 0000000066E0: BF88FF9E
	s_or_b32 exec_lo, exec_lo, s1                              // 0000000066E4: 8C7E017E
	v_or_b32_e32 v2, s0, v164                                  // 0000000066E8: 38054800
	s_delay_alu instid0(VALU_DEP_1)                            // 0000000066EC: BF870001
	v_cmp_ge_i32_e32 vcc_lo, s26, v2                           // 0000000066F0: 7C8C041A
	s_and_saveexec_b32 s0, vcc_lo                              // 0000000066F4: BE80206A
	s_cbranch_execz 9                                          // 0000000066F8: BFA50009 <attention_fp8_e4m3_fa2_gqa_partial_gfx1201+0x1420>
	v_mad_co_i64_i32 v[5:6], null, 0x408, v2, s[22:23]         // 0000000066FC: D6FF7C05 005A04FF 00000408
	global_load_d16_b16 v3, v[5:6], off offset:1024            // 000000006708: EE08007C 00000003 00040005
	s_wait_loadcnt 0x0                                         // 000000006714: BFC00000
	v_cvt_f32_f16_e64 v173, v3.l                               // 000000006718: D58B00AD 02010103
	s_wait_alu depctr_sa_sdst(0)                               // 000000006720: BF88FF9E
	s_or_b32 exec_lo, exec_lo, s0                              // 000000006724: 8C7E007E
	v_or_b32_e32 v5, 1, v2                                     // 000000006728: 380A0481
	v_cmp_gt_i32_e64 s0, s26, v2                               // 00000000672C: D4440000 0202041A
	v_dual_mov_b32 v174, 0 :: v_dual_mov_b32 v175, 0           // 000000006734: CA100080 AEAE0080
	s_and_saveexec_b32 s1, s0                                  // 00000000673C: BE812000
	s_cbranch_execz 9                                          // 000000006740: BFA50009 <attention_fp8_e4m3_fa2_gqa_partial_gfx1201+0x1468>
	v_mad_co_i64_i32 v[6:7], null, 0x408, v5, s[22:23]         // 000000006744: D6FF7C06 005A0AFF 00000408
	global_load_d16_b16 v3, v[6:7], off offset:1024            // 000000006750: EE08007C 00000003 00040006
	s_wait_loadcnt 0x0                                         // 00000000675C: BFC00000
	v_cvt_f32_f16_e64 v175, v3.l                               // 000000006760: D58B00AF 02010103
	s_wait_alu depctr_sa_sdst(0)                               // 000000006768: BF88FF9E
	s_or_b32 exec_lo, exec_lo, s1                              // 00000000676C: 8C7E017E
	v_or_b32_e32 v6, 2, v2                                     // 000000006770: 380C0482
	s_delay_alu instid0(VALU_DEP_1)                            // 000000006774: BF870001
	v_cmp_ge_i32_e64 s1, s26, v6                               // 000000006778: D4460001 02020C1A
	s_and_saveexec_b32 s3, s1                                  // 000000006780: BE832001
	s_cbranch_execz 9                                          // 000000006784: BFA50009 <attention_fp8_e4m3_fa2_gqa_partial_gfx1201+0x14ac>
	v_mad_co_i64_i32 v[7:8], null, 0x408, v6, s[22:23]         // 000000006788: D6FF7C07 005A0CFF 00000408
	global_load_d16_b16 v3, v[7:8], off offset:1024            // 000000006794: EE08007C 00000003 00040007
	s_wait_loadcnt 0x0                                         // 0000000067A0: BFC00000
	v_cvt_f32_f16_e64 v174, v3.l                               // 0000000067A4: D58B00AE 02010103
	s_wait_alu depctr_sa_sdst(0)                               // 0000000067AC: BF88FF9E
	s_or_b32 exec_lo, exec_lo, s3                              // 0000000067B0: 8C7E037E
	v_or_b32_e32 v7, 3, v2                                     // 0000000067B4: 380E0483
	v_mov_b32_e32 v176, 0                                      // 0000000067B8: 7F600280
	v_mov_b32_e32 v178, 0                                      // 0000000067BC: 7F640280
	s_delay_alu instid0(VALU_DEP_3)                            // 0000000067C0: BF870003
	v_cmp_ge_i32_e64 s3, s26, v7                               // 0000000067C4: D4460003 02020E1A
	s_and_saveexec_b32 s4, s3                                  // 0000000067CC: BE842003
	s_cbranch_execz 9                                          // 0000000067D0: BFA50009 <attention_fp8_e4m3_fa2_gqa_partial_gfx1201+0x14f8>
	v_mad_co_i64_i32 v[171:172], null, 0x408, v7, s[22:23]     // 0000000067D4: D6FF7CAB 005A0EFF 00000408
	global_load_d16_b16 v3, v[171:172], off offset:1024        // 0000000067E0: EE08007C 00000003 000400AB
	s_wait_loadcnt 0x0                                         // 0000000067EC: BFC00000
	v_cvt_f32_f16_e64 v178, v3.l                               // 0000000067F0: D58B00B2 02010103
	s_wait_alu depctr_sa_sdst(0)                               // 0000000067F8: BF88FF9E
	s_or_b32 exec_lo, exec_lo, s4                              // 0000000067FC: 8C7E047E
	v_or_b32_e32 v8, 4, v2                                     // 000000006800: 38100484
	s_delay_alu instid0(VALU_DEP_1)                            // 000000006804: BF870001
	v_cmp_ge_i32_e64 s4, s26, v8                               // 000000006808: D4460004 0202101A
	s_and_saveexec_b32 s5, s4                                  // 000000006810: BE852004
	s_cbranch_execz 9                                          // 000000006814: BFA50009 <attention_fp8_e4m3_fa2_gqa_partial_gfx1201+0x153c>
	v_mad_co_i64_i32 v[171:172], null, 0x408, v8, s[22:23]     // 000000006818: D6FF7CAB 005A10FF 00000408
	global_load_d16_b16 v3, v[171:172], off offset:1024        // 000000006824: EE08007C 00000003 000400AB
	s_wait_loadcnt 0x0                                         // 000000006830: BFC00000
	v_cvt_f32_f16_e64 v176, v3.l                               // 000000006834: D58B00B0 02010103
	s_wait_alu depctr_sa_sdst(0)                               // 00000000683C: BF88FF9E
	s_or_b32 exec_lo, exec_lo, s5                              // 000000006840: 8C7E057E
	v_or_b32_e32 v169, 5, v2                                   // 000000006844: 39520485
	v_mov_b32_e32 v177, 0                                      // 000000006848: 7F620280
	v_mov_b32_e32 v179, 0                                      // 00000000684C: 7F660280
	s_delay_alu instid0(VALU_DEP_3)                            // 000000006850: BF870003
	v_cmp_ge_i32_e64 s5, s26, v169                             // 000000006854: D4460005 0203521A
	s_and_saveexec_b32 s6, s5                                  // 00000000685C: BE862005
	s_cbranch_execz 9                                          // 000000006860: BFA50009 <attention_fp8_e4m3_fa2_gqa_partial_gfx1201+0x1588>
	v_mad_co_i64_i32 v[171:172], null, 0x408, v169, s[22:23]   // 000000006864: D6FF7CAB 005B52FF 00000408
	global_load_d16_b16 v3, v[171:172], off offset:1024        // 000000006870: EE08007C 00000003 000400AB
	s_wait_loadcnt 0x0                                         // 00000000687C: BFC00000
	v_cvt_f32_f16_e64 v179, v3.l                               // 000000006880: D58B00B3 02010103
	s_wait_alu depctr_sa_sdst(0)                               // 000000006888: BF88FF9E
	s_or_b32 exec_lo, exec_lo, s6                              // 00000000688C: 8C7E067E
	v_or_b32_e32 v171, 6, v2                                   // 000000006890: 39560486
	s_delay_alu instid0(VALU_DEP_1)                            // 000000006894: BF870001
	v_cmp_ge_i32_e64 s6, s26, v171                             // 000000006898: D4460006 0203561A
	s_and_saveexec_b32 s7, s6                                  // 0000000068A0: BE872006
	s_cbranch_execz 9                                          // 0000000068A4: BFA50009 <attention_fp8_e4m3_fa2_gqa_partial_gfx1201+0x15cc>
	v_mad_co_i64_i32 v[180:181], null, 0x408, v171, s[22:23]   // 0000000068A8: D6FF7CB4 005B56FF 00000408
	global_load_d16_b16 v3, v[180:181], off offset:1024        // 0000000068B4: EE08007C 00000003 000400B4
	s_wait_loadcnt 0x0                                         // 0000000068C0: BFC00000
	v_cvt_f32_f16_e64 v177, v3.l                               // 0000000068C4: D58B00B1 02010103
	s_wait_alu depctr_sa_sdst(0)                               // 0000000068CC: BF88FF9E
	s_or_b32 exec_lo, exec_lo, s7                              // 0000000068D0: 8C7E077E
	v_or_b32_e32 v172, 7, v2                                   // 0000000068D4: 39580487
	v_dual_mov_b32 v3, 0 :: v_dual_mov_b32 v180, 0             // 0000000068D8: CA100080 03B40080
	s_delay_alu instid0(VALU_DEP_2)                            // 0000000068E0: BF870002
	v_cmp_ge_i32_e64 s7, s26, v172                             // 0000000068E4: D4460007 0203581A
	s_and_saveexec_b32 s8, s7                                  // 0000000068EC: BE882007
	s_cbranch_execz 9                                          // 0000000068F0: BFA50009 <attention_fp8_e4m3_fa2_gqa_partial_gfx1201+0x1618>
	v_mad_co_i64_i32 v[180:181], null, 0x408, v172, s[22:23]   // 0000000068F4: D6FF7CB4 005B58FF 00000408
	global_load_d16_b16 v180, v[180:181], off offset:1024      // 000000006900: EE08007C 000000B4 000400B4
	s_wait_loadcnt 0x0                                         // 00000000690C: BFC00000
	v_cvt_f32_f16_e64 v180, v180.l                             // 000000006910: D58B00B4 020101B4
	s_wait_alu depctr_sa_sdst(0)                               // 000000006918: BF88FF9E
	s_or_b32 exec_lo, exec_lo, s8                              // 00000000691C: 8C7E087E
	v_dual_mul_f32 v137, v0, v137 :: v_dual_mul_f32 v138, v0, v138// 000000006920: C8C71300 898B1500
	s_wait_loadcnt 0x0                                         // 000000006928: BFC00000
	v_cmp_le_i32_e64 s8, v2, v170                              // 00000000692C: D4430008 02035502
	v_cmp_lt_i32_e64 s9, v2, v170                              // 000000006934: D4410009 02035502
	v_dual_mul_f32 v139, v0, v139 :: v_dual_mul_f32 v140, v0, v140// 00000000693C: C8C71700 8B8D1900
	v_cmp_le_i32_e64 s10, v6, v170                             // 000000006944: D443000A 02035506
	v_dual_mul_f32 v137, v137, v173 :: v_dual_mul_f32 v138, v138, v175// 00000000694C: C8C75B89 898B5F8A
	s_or_b32 s8, s34, s8                                       // 000000006954: 8C080822
	s_or_b32 s9, s34, s9                                       // 000000006958: 8C090922
	s_wait_alu depctr_sa_sdst(0)                               // 00000000695C: BF88FF9E
	s_and_b32 s8, s19, s8                                      // 000000006960: 8B080813
	v_dual_mul_f32 v173, v139, v174 :: v_dual_mul_f32 v144, v0, v144// 000000006964: C8C75D8B AD912100
	s_wait_alu depctr_sa_sdst(0)                               // 00000000696C: BF88FF9E
	v_cndmask_b32_e64 v137, 0xff800000, v137, s8               // 000000006970: D5010089 002312FF FF800000
	s_or_b32 s10, s34, s10                                     // 00000000697C: 8C0A0A22
	v_cmp_le_i32_e64 s8, v7, v170                              // 000000006980: D4430008 02035507
	s_and_b32 s9, s19, s9                                      // 000000006988: 8B090913
	v_mul_f32_e32 v142, v0, v142                               // 00000000698C: 111D1D00
	s_wait_alu depctr_sa_sdst(0)                               // 000000006990: BF88FF9E
	v_cndmask_b32_e64 v139, 0xff800000, v138, s9               // 000000006994: D501008B 002714FF FF800000
	s_and_b32 s9, s19, s10                                     // 0000000069A0: 8B090A13
	v_mul_f32_e32 v140, v140, v178                             // 0000000069A4: 1119658C
	s_wait_alu depctr_sa_sdst(0)                               // 0000000069A8: BF88FF9E
	v_cndmask_b32_e64 v138, 0xff800000, v173, s9               // 0000000069AC: D501008A 00275AFF FF800000
	v_mul_f32_e32 v173, v0, v141                               // 0000000069B8: 115B1B00
	s_or_b32 s10, s34, s8                                      // 0000000069BC: 8C0A0822
	v_cmp_le_i32_e64 s8, v8, v170                              // 0000000069C0: D4430008 02035508
	v_cmp_le_i32_e64 s9, v169, v170                            // 0000000069C8: D4430009 020355A9
	s_wait_alu depctr_sa_sdst(0)                               // 0000000069D0: BF88FF9E
	s_and_b32 s10, s19, s10                                    // 0000000069D4: 8B0A0A13
	v_mul_f32_e32 v143, v0, v143                               // 0000000069D8: 111F1F00
	s_wait_alu depctr_sa_sdst(0)                               // 0000000069DC: BF88FF9E
	v_cndmask_b32_e64 v141, 0xff800000, v140, s10              // 0000000069E0: D501008D 002B18FF FF800000
	v_mul_f32_e32 v140, v173, v176                             // 0000000069EC: 111961AD
	s_or_b32 s8, s34, s8                                       // 0000000069F0: 8C080822
	v_mul_f32_e32 v173, v142, v179                             // 0000000069F4: 115B678E
	s_or_b32 s9, s34, s9                                       // 0000000069F8: 8C090922
	s_wait_alu depctr_sa_sdst(0)                               // 0000000069FC: BF88FF9E
	s_and_b32 s8, s19, s8                                      // 000000006A00: 8B080813
	v_dual_mul_f32 v143, v143, v177 :: v_dual_mul_f32 v144, v144, v180// 000000006A04: C8C7638F 8F916990
	s_wait_alu depctr_sa_sdst(0)                               // 000000006A0C: BF88FF9E
	v_cndmask_b32_e64 v142, 0xff800000, v140, s8               // 000000006A10: D501008E 002318FF FF800000
	s_and_b32 s8, s19, s9                                      // 000000006A1C: 8B080913
	v_cmp_le_i32_e64 s9, v172, v170                            // 000000006A20: D4430009 020355AC
	s_wait_alu depctr_sa_sdst(0)                               // 000000006A28: BF88FF9E
	v_cndmask_b32_e64 v140, 0xff800000, v173, s8               // 000000006A2C: D501008C 00235AFF FF800000
	v_cmp_le_i32_e64 s8, v171, v170                            // 000000006A38: D4430008 020355AB
	v_max3_num_f32 v170, v137, 0xff800000, v139                // 000000006A40: D62A00AA 062DFF89 FF800000
	s_or_b32 s9, s34, s9                                       // 000000006A4C: 8C090922
	s_or_b32 s8, s34, s8                                       // 000000006A50: 8C080822
	s_delay_alu instid0(VALU_DEP_1)                            // 000000006A54: BF870001
	v_max3_num_f32 v170, v170, v138, v141                      // 000000006A58: D62A00AA 063715AA
	s_wait_alu depctr_sa_sdst(0)                               // 000000006A60: BF88FF9E
	s_and_b32 s8, s19, s8                                      // 000000006A64: 8B080813
	s_wait_alu depctr_sa_sdst(0)                               // 000000006A68: BF88FF9E
	v_cndmask_b32_e64 v173, 0xff800000, v143, s8               // 000000006A6C: D50100AD 00231EFF FF800000
	s_and_b32 s8, s19, s9                                      // 000000006A78: 8B080913
	v_max3_num_f32 v143, v170, v142, v140                      // 000000006A7C: D62A008F 06331DAA
	s_wait_alu depctr_sa_sdst(0)                               // 000000006A84: BF88FF9E
	v_cndmask_b32_e64 v144, 0xff800000, v144, s8               // 000000006A88: D5010090 002320FF FF800000
	s_delay_alu instid0(VALU_DEP_1)                            // 000000006A94: BF870001
	v_max3_num_f32 v175, v143, v173, v144                      // 000000006A98: D62A00AF 06435B8F
	ds_bpermute_b32 v176, v159, v175                           // 000000006AA0: DACC0000 B000AF9F
	s_and_saveexec_b32 s8, vcc_lo                              // 000000006AA8: BE88206A
	s_cbranch_execz 8                                          // 000000006AAC: BFA50008 <attention_fp8_e4m3_fa2_gqa_partial_gfx1201+0x17d0>
	v_mad_co_i64_i32 v[2:3], null, 0x408, v2, s[12:13]         // 000000006AB0: D6FF7C02 003204FF 00000408
	global_load_d16_b16 v2, v[2:3], off offset:1024            // 000000006ABC: EE08007C 00000002 00040002
	s_wait_loadcnt 0x0                                         // 000000006AC8: BFC00000
	v_cvt_f32_f16_e32 v3, v2.l                                 // 000000006ACC: 7E061702
	s_wait_alu depctr_sa_sdst(0)                               // 000000006AD0: BF88FF9E
	s_or_b32 exec_lo, exec_lo, s8                              // 000000006AD4: 8C7E087E
	v_dual_mov_b32 v143, 0 :: v_dual_mov_b32 v170, 0           // 000000006AD8: CA100080 8FAA0080
	s_and_saveexec_b32 s8, s0                                  // 000000006AE0: BE882000
	s_cbranch_execz 9                                          // 000000006AE4: BFA50009 <attention_fp8_e4m3_fa2_gqa_partial_gfx1201+0x180c>
	v_mad_co_i64_i32 v[177:178], null, 0x408, v5, s[12:13]     // 000000006AE8: D6FF7CB1 00320AFF 00000408
	global_load_d16_b16 v2, v[177:178], off offset:1024        // 000000006AF4: EE08007C 00000002 000400B1
	s_wait_loadcnt 0x0                                         // 000000006B00: BFC00000
	v_cvt_f32_f16_e64 v170, v2.l                               // 000000006B04: D58B00AA 02010102
	s_wait_alu depctr_sa_sdst(0)                               // 000000006B0C: BF88FF9E
	s_or_b32 exec_lo, exec_lo, s8                              // 000000006B10: 8C7E087E
	s_and_saveexec_b32 s0, s1                                  // 000000006B14: BE802001
	s_cbranch_execz 9                                          // 000000006B18: BFA50009 <attention_fp8_e4m3_fa2_gqa_partial_gfx1201+0x1840>
	v_mad_co_i64_i32 v[5:6], null, 0x408, v6, s[12:13]         // 000000006B1C: D6FF7C05 00320CFF 00000408
	global_load_d16_b16 v2, v[5:6], off offset:1024            // 000000006B28: EE08007C 00000002 00040005
	s_wait_loadcnt 0x0                                         // 000000006B34: BFC00000
	v_cvt_f32_f16_e64 v143, v2.l                               // 000000006B38: D58B008F 02010102
	s_wait_alu depctr_sa_sdst(0)                               // 000000006B40: BF88FF9E
	s_or_b32 exec_lo, exec_lo, s0                              // 000000006B44: 8C7E007E
	v_dual_mov_b32 v5, 0 :: v_dual_mov_b32 v6, 0               // 000000006B48: CA100080 05060080
	s_and_saveexec_b32 s0, s3                                  // 000000006B50: BE802003
	s_cbranch_execz 8                                          // 000000006B54: BFA50008 <attention_fp8_e4m3_fa2_gqa_partial_gfx1201+0x1878>
	v_mad_co_i64_i32 v[6:7], null, 0x408, v7, s[12:13]         // 000000006B58: D6FF7C06 00320EFF 00000408
	global_load_d16_b16 v2, v[6:7], off offset:1024            // 000000006B64: EE08007C 00000002 00040006
	s_wait_loadcnt 0x0                                         // 000000006B70: BFC00000
	v_cvt_f32_f16_e32 v6, v2.l                                 // 000000006B74: 7E0C1702
	s_wait_alu depctr_sa_sdst(0)                               // 000000006B78: BF88FF9E
	s_or_b32 exec_lo, exec_lo, s0                              // 000000006B7C: 8C7E007E
	s_and_saveexec_b32 s0, s4                                  // 000000006B80: BE802004
	s_cbranch_execz 8                                          // 000000006B84: BFA50008 <attention_fp8_e4m3_fa2_gqa_partial_gfx1201+0x18a8>
	v_mad_co_i64_i32 v[7:8], null, 0x408, v8, s[12:13]         // 000000006B88: D6FF7C07 003210FF 00000408
	global_load_d16_b16 v2, v[7:8], off offset:1024            // 000000006B94: EE08007C 00000002 00040007
	s_wait_loadcnt 0x0                                         // 000000006BA0: BFC00000
	v_cvt_f32_f16_e32 v5, v2.l                                 // 000000006BA4: 7E0A1702
	s_wait_alu depctr_sa_sdst(0)                               // 000000006BA8: BF88FF9E
	s_or_b32 exec_lo, exec_lo, s0                              // 000000006BAC: 8C7E007E
	v_mov_b32_e32 v174, 0                                      // 000000006BB0: 7F5C0280
	v_mov_b32_e32 v8, 0                                        // 000000006BB4: 7E100280
	s_and_saveexec_b32 s0, s5                                  // 000000006BB8: BE802005
	s_cbranch_execnz 147                                       // 000000006BBC: BFA60093 <attention_fp8_e4m3_fa2_gqa_partial_gfx1201+0x1b0c>
	s_wait_alu depctr_sa_sdst(0)                               // 000000006BC0: BF88FF9E
	s_or_b32 exec_lo, exec_lo, s0                              // 000000006BC4: 8C7E007E
	s_and_saveexec_b32 s0, s6                                  // 000000006BC8: BE802006
	s_cbranch_execnz 155                                       // 000000006BCC: BFA6009B <attention_fp8_e4m3_fa2_gqa_partial_gfx1201+0x1b3c>
	s_wait_alu depctr_sa_sdst(0)                               // 000000006BD0: BF88FF9E
	s_or_b32 exec_lo, exec_lo, s0                              // 000000006BD4: 8C7E007E
	v_mov_b32_e32 v169, 0                                      // 000000006BD8: 7F520280
	s_and_saveexec_b32 s0, s7                                  // 000000006BDC: BE802007
	s_cbranch_execz 9                                          // 000000006BE0: BFA50009 <attention_fp8_e4m3_fa2_gqa_partial_gfx1201+0x1908>
	v_mad_co_i64_i32 v[171:172], null, 0x408, v172, s[12:13]   // 000000006BE4: D6FF7CAB 003358FF 00000408
	global_load_d16_b16 v2, v[171:172], off offset:1024        // 000000006BF0: EE08007C 00000002 000400AB
	s_wait_loadcnt 0x0                                         // 000000006BFC: BFC00000
	v_cvt_f32_f16_e64 v169, v2.l                               // 000000006C00: D58B00A9 02010102
	s_wait_alu depctr_sa_sdst(0)                               // 000000006C08: BF88FF9E
	s_or_b32 exec_lo, exec_lo, s0                              // 000000006C0C: 8C7E007E
	s_wait_dscnt 0x0                                           // 000000006C10: BFC60000
	v_max3_num_f32 v2, v154, v175, v176                        // 000000006C14: D62A0002 06C35F9A
	s_mov_b32 s0, exec_lo                                      // 000000006C1C: BE80007E
	s_delay_alu instid0(VALU_DEP_1) | instskip(SKIP_2) | instid1(VALU_DEP_3)// 000000006C20: BF8701B1
	v_dual_sub_f32 v7, v137, v2 :: v_dual_sub_f32 v138, v138, v2// 000000006C24: C94A0589 078A058A
	v_dual_sub_f32 v137, v139, v2 :: v_dual_sub_f32 v140, v140, v2// 000000006C2C: C94A058B 898C058C
	v_dual_sub_f32 v139, v141, v2 :: v_dual_sub_f32 v144, v144, v2// 000000006C34: C94A058D 8B900590
	v_dual_mul_f32 v7, 0x3fb8aa3b, v7 :: v_dual_mul_f32 v138, 0x3fb8aa3b, v138// 000000006C3C: C8C60EFF 078B14FF 3FB8AA3B
	v_dual_sub_f32 v141, v142, v2 :: v_dual_sub_f32 v142, v173, v2// 000000006C48: C94A058E 8D8E05AD
	s_delay_alu instid0(VALU_DEP_4) | instskip(NEXT) | instid1(VALU_DEP_3)// 000000006C50: BF870194
	v_dual_mul_f32 v137, 0x3fb8aa3b, v137 :: v_dual_mul_f32 v140, 0x3fb8aa3b, v140// 000000006C54: C8C712FF 898D18FF 3FB8AA3B
	v_exp_f32_e32 v7, v7                                       // 000000006C60: 7E0E4B07
	v_cmp_eq_f32_e32 vcc_lo, 0xff800000, v2                    // 000000006C64: 7C2404FF FF800000
	v_exp_f32_e32 v138, v138                                   // 000000006C6C: 7F144B8A
	v_dual_mul_f32 v139, 0x3fb8aa3b, v139 :: v_dual_mul_f32 v144, 0x3fb8aa3b, v144// 000000006C70: C8C716FF 8B9120FF 3FB8AA3B
	v_exp_f32_e32 v137, v137                                   // 000000006C7C: 7F124B89
	v_exp_f32_e32 v140, v140                                   // 000000006C80: 7F184B8C
	s_delay_alu instid0(VALU_DEP_1)                            // 000000006C84: BF870001
	v_exp_f32_e32 v139, v139                                   // 000000006C88: 7F164B8B
	s_wait_alu depctr_va_vcc(0)                                // 000000006C8C: BF88FF9D
	v_cndmask_b32_e64 v7, v7, 0, vcc_lo                        // 000000006C90: D5010007 01A90107
	v_mul_f32_e32 v141, 0x3fb8aa3b, v141                       // 000000006C98: 111B1AFF 3FB8AA3B
	v_cndmask_b32_e64 v138, v138, 0, vcc_lo                    // 000000006CA0: D501008A 01A9018A
	v_mul_f32_e32 v171, 0x3fb8aa3b, v142                       // 000000006CA8: 11571CFF 3FB8AA3B
	v_exp_f32_e32 v144, v144                                   // 000000006CB0: 7F204B90
	v_mul_f32_e32 v142, v7, v3                                 // 000000006CB4: 111C0707
	v_exp_f32_e32 v172, v141                                   // 000000006CB8: 7F584B8D
	v_cndmask_b32_e64 v137, v137, 0, vcc_lo                    // 000000006CBC: D5010089 01A90189
	s_delay_alu instid0(VALU_DEP_1) | instskip(SKIP_3) | instid1(TRANS32_DEP_2)// 000000006CC4: BF870341
	v_add_f32_e32 v3, v7, v137                                 // 000000006CC8: 06071307
	v_mul_f32_e32 v141, v137, v170                             // 000000006CCC: 111B5589
	v_cndmask_b32_e64 v170, v139, 0, vcc_lo                    // 000000006CD0: D50100AA 01A9018B
	v_exp_f32_e32 v137, v171                                   // 000000006CD8: 7F124BAB
	v_cndmask_b32_e64 v171, v172, 0, vcc_lo                    // 000000006CDC: D50100AB 01A901AC
	v_cndmask_b32_e64 v172, v140, 0, vcc_lo                    // 000000006CE4: D50100AC 01A9018C
	v_mul_f32_e32 v140, v138, v143                             // 000000006CEC: 11191F8A
	v_cndmask_b32_e64 v143, v144, 0, vcc_lo                    // 000000006CF0: D501008F 01A90190
	v_mul_f32_e32 v139, v170, v6                               // 000000006CF8: 11160DAA
	s_delay_alu instid0(VALU_DEP_4) | instskip(NEXT) | instid1(VALU_DEP_3)// 000000006CFC: BF870194
	v_dual_mul_f32 v7, v171, v5 :: v_dual_mul_f32 v8, v172, v8 // 000000006D00: C8C60BAB 070811AC
	v_dual_add_f32 v3, v138, v3 :: v_dual_mul_f32 v138, v143, v169// 000000006D08: C906078A 038B538F
	v_max3_num_f32 v6, v142, 0, v141                           // 000000006D10: D62A0006 0635018E
	v_cndmask_b32_e64 v5, v137, 0, vcc_lo                      // 000000006D18: D5010005 01A90189
	s_delay_alu instid0(VALU_DEP_3) | instskip(NEXT) | instid1(VALU_DEP_3)// 000000006D20: BF870193
	v_add_f32_e32 v3, v170, v3                                 // 000000006D24: 060607AA
	v_max3_num_f32 v6, v6, v140, v139                          // 000000006D28: D62A0006 062F1906
	s_delay_alu instid0(VALU_DEP_3) | instskip(NEXT) | instid1(VALU_DEP_3)// 000000006D30: BF870193
	v_mul_f32_e32 v137, v5, v174                               // 000000006D34: 11135D05
	v_add_f32_e32 v3, v171, v3                                 // 000000006D38: 060607AB
	s_delay_alu instid0(VALU_DEP_3) | instskip(NEXT) | instid1(VALU_DEP_2)// 000000006D3C: BF870113
	v_max3_num_f32 v6, v6, v7, v8                              // 000000006D40: D62A0006 04220F06
	v_add_f32_e32 v3, v172, v3                                 // 000000006D48: 060607AC
	s_delay_alu instid0(VALU_DEP_2) | instskip(NEXT) | instid1(VALU_DEP_2)// 000000006D4C: BF870112
	v_max3_num_f32 v144, v6, v137, v138                        // 000000006D50: D62A0090 062B1306
	v_add_f32_e32 v3, v5, v3                                   // 000000006D58: 06060705
	ds_bpermute_b32 v169, v159, v144                           // 000000006D5C: DACC0000 A900909F
	v_add_f32_e32 v5, v143, v3                                 // 000000006D64: 060A078F
	ds_bpermute_b32 v6, v159, v5                               // 000000006D68: DACC0000 0600059F
	s_wait_dscnt 0x1                                           // 000000006D70: BFC60001
	v_max_num_f32_e32 v3, v169, v169                           // 000000006D74: 2C0753A9
	s_delay_alu instid0(VALU_DEP_1) | instskip(SKIP_1) | instid1(VALU_DEP_2)// 000000006D78: BF870121
	v_max_num_f32_e32 v143, v144, v3                           // 000000006D7C: 2D1E0790
	v_mov_b32_e32 v3, v156                                     // 000000006D80: 7E06039C
	v_cmpx_lt_f32_e32 0, v143                                  // 000000006D84: 7D231E80
	s_cbranch_execz 64574                                      // 000000006D88: BFA5FC3E <attention_fp8_e4m3_fa2_gqa_partial_gfx1201+0xb84>
	v_div_scale_f32 v3, null, 0x43e00000, 0x43e00000, v143     // 000000006D8C: D6FC7C03 063DFEFF 43E00000
	s_delay_alu instid0(VALU_DEP_1) | instskip(NEXT) | instid1(TRANS32_DEP_1)// 000000006D98: BF870291
	v_rcp_f32_e32 v144, v3                                     // 000000006D9C: 7F205503
	v_fma_f32 v169, -v3, v144, 1.0                             // 000000006DA0: D61300A9 23CB2103
	s_delay_alu instid0(VALU_DEP_1) | instskip(SKIP_1) | instid1(VALU_DEP_1)// 000000006DA8: BF8700A1
	v_fmac_f32_e32 v144, v169, v144                            // 000000006DAC: 572121A9
	v_div_scale_f32 v169, vcc_lo, v143, 0x43e00000, v143       // 000000006DB0: D6FC6AA9 063DFF8F 43E00000
	v_mul_f32_e32 v170, v169, v144                             // 000000006DBC: 115521A9
	s_delay_alu instid0(VALU_DEP_1) | instskip(NEXT) | instid1(VALU_DEP_1)// 000000006DC0: BF870091
	v_fma_f32 v171, -v3, v170, v169                            // 000000006DC4: D61300AB 26A75503
	v_fmac_f32_e32 v170, v171, v144                            // 000000006DCC: 575521AB
	s_delay_alu instid0(VALU_DEP_1) | instskip(SKIP_1) | instid1(VALU_DEP_1)// 000000006DD0: BF8700A1
	v_fma_f32 v3, -v3, v170, v169                              // 000000006DD4: D6130003 26A75503
	s_wait_alu depctr_va_vcc(0)                                // 000000006DDC: BF88FF9D
	v_div_fmas_f32 v3, v3, v144, v170                          // 000000006DE0: D6370003 06AB2103
	s_delay_alu instid0(VALU_DEP_1) | instskip(NEXT) | instid1(VALU_DEP_1)// 000000006DE8: BF870091
	v_div_fixup_f32 v3, v3, 0x43e00000, v143                   // 000000006DEC: D6270003 063DFF03 43E00000
	v_max_num_f32_e32 v3, 0x1f800000, v3                       // 000000006DF8: 2C0606FF 1F800000
	s_branch 64544                                             // 000000006E00: BFA0FC20 <attention_fp8_e4m3_fa2_gqa_partial_gfx1201+0xb84>
	v_mov_b32_e32 v2, v154                                     // 000000006E04: 7E04039A
	s_branch 64979                                             // 000000006E08: BFA0FDD3 <attention_fp8_e4m3_fa2_gqa_partial_gfx1201+0x1258>
	v_mad_co_i64_i32 v[7:8], null, 0x408, v169, s[12:13]       // 000000006E0C: D6FF7C07 003352FF 00000408
	global_load_d16_b16 v2, v[7:8], off offset:1024            // 000000006E18: EE08007C 00000002 00040007
	s_wait_loadcnt 0x0                                         // 000000006E24: BFC00000
	v_cvt_f32_f16_e32 v8, v2.l                                 // 000000006E28: 7E101702
	s_wait_alu depctr_sa_sdst(0)                               // 000000006E2C: BF88FF9E
	s_or_b32 exec_lo, exec_lo, s0                              // 000000006E30: 8C7E007E
	s_and_saveexec_b32 s0, s6                                  // 000000006E34: BE802006
	s_cbranch_execz 65381                                      // 000000006E38: BFA5FF65 <attention_fp8_e4m3_fa2_gqa_partial_gfx1201+0x18d0>
	v_mad_co_i64_i32 v[177:178], null, 0x408, v171, s[12:13]   // 000000006E3C: D6FF7CB1 003356FF 00000408
	global_load_d16_b16 v2, v[177:178], off offset:1024        // 000000006E48: EE08007C 00000002 000400B1
	s_wait_loadcnt 0x0                                         // 000000006E54: BFC00000
	v_cvt_f32_f16_e64 v174, v2.l                               // 000000006E58: D58B00AE 02010102
	s_wait_alu depctr_sa_sdst(0)                               // 000000006E60: BF88FF9E
	s_or_b32 exec_lo, exec_lo, s0                              // 000000006E64: 8C7E007E
	v_mov_b32_e32 v169, 0                                      // 000000006E68: 7F520280
	s_and_saveexec_b32 s0, s7                                  // 000000006E6C: BE802007
	s_cbranch_execnz 65372                                     // 000000006E70: BFA6FF5C <attention_fp8_e4m3_fa2_gqa_partial_gfx1201+0x18e4>
	s_branch 65380                                             // 000000006E74: BFA0FF64 <attention_fp8_e4m3_fa2_gqa_partial_gfx1201+0x1908>
	s_and_saveexec_b32 s0, s2                                  // 000000006E78: BE802002
	s_cbranch_execz 897                                        // 000000006E7C: BFA50381 <attention_fp8_e4m3_fa2_gqa_partial_gfx1201+0x2984>
	v_cmp_eq_u32_e32 vcc_lo, 0, v160                           // 000000006E80: 7C954080
	s_and_b32 s1, vcc_lo, s19                                  // 000000006E84: 8B01136A
	s_wait_alu depctr_sa_sdst(0)                               // 000000006E88: BF88FF9E
	s_and_saveexec_b32 s0, s1                                  // 000000006E8C: BE802001
	s_cbranch_execz 17                                         // 000000006E90: BFA50011 <attention_fp8_e4m3_fa2_gqa_partial_gfx1201+0x1bd8>
	v_mad_co_u64_u32 v[0:1], null, v145, s17, s[18:19]         // 000000006E94: D6FE7C00 00482391
	v_mov_b32_e32 v1, 0                                        // 000000006E9C: 7E020280
	s_delay_alu instid0(VALU_DEP_2) | instskip(NEXT) | instid1(VALU_DEP_1)// 000000006EA0: BF870092
	v_mul_lo_u32 v0, 0x102, v0                                 // 000000006EA4: D72C0000 020200FF 00000102
	v_lshlrev_b64_e32 v[0:1], 2, v[0:1]                        // 000000006EB0: 3E000082
	s_delay_alu instid0(VALU_DEP_1) | instskip(SKIP_1) | instid1(VALU_DEP_2)// 000000006EB4: BF870121
	v_add_co_u32 v0, vcc_lo, s14, v0                           // 000000006EB8: D7006A00 0202000E
	s_wait_alu depctr_va_vcc(0)                                // 000000006EC0: BF88FF9D
	v_add_co_ci_u32_e64 v1, null, s15, v1, vcc_lo              // 000000006EC4: D5207C01 01AA020F
	global_store_b64 v[0:1], v[154:155], off                   // 000000006ECC: EE06C07C 4D000000 00000000
	s_wait_alu depctr_sa_sdst(0)                               // 000000006ED8: BF88FF9E
	s_or_b32 exec_lo, exec_lo, s0                              // 000000006EDC: 8C7E007E
	s_delay_alu instid0(SALU_CYCLE_1)                          // 000000006EE0: BF870009
	s_and_b32 exec_lo, exec_lo, s19                            // 000000006EE4: 8B7E137E
	s_cbranch_execz 870                                        // 000000006EE8: BFA50366 <attention_fp8_e4m3_fa2_gqa_partial_gfx1201+0x2984>
	v_mad_co_u64_u32 v[0:1], null, v145, s17, s[18:19]         // 000000006EEC: D6FE7C00 00482391
	v_dual_mul_f32 v6, v156, v130 :: v_dual_mul_f32 v9, v9, v156// 000000006EF4: C8C7059C 06093909
	v_mul_f32_e32 v8, v122, v156                               // 000000006EFC: 1011397A
	v_mul_f32_e32 v98, v98, v156                               // 000000006F00: 10C53962
	v_dual_mul_f32 v90, v90, v156 :: v_dual_mul_f32 v83, v83, v156// 000000006F04: C8C7395A 5A533953
	v_dual_mul_f32 v82, v82, v156 :: v_dual_mul_f32 v75, v75, v156// 000000006F0C: C8C73952 524B394B
	v_mul_lo_u32 v0, 0x102, v0                                 // 000000006F14: D72C0000 020200FF 00000102
	v_dual_mov_b32 v1, 0 :: v_dual_mul_f32 v74, v74, v156      // 000000006F20: CA060080 014B394A
	v_dual_mul_f32 v67, v67, v156 :: v_dual_mul_f32 v66, v66, v156// 000000006F28: C8C73943 43433942
	v_dual_mul_f32 v59, v59, v156 :: v_dual_mul_f32 v42, v42, v156// 000000006F30: C8C7393B 3B2B392A
	v_mul_f32_e32 v35, v35, v156                               // 000000006F38: 10473923
	v_add_nc_u32_e32 v2, v0, v164                              // 000000006F3C: 4A054900
	v_mul_f32_e32 v5, v156, v129                               // 000000006F40: 100B039C
	v_lshlrev_b64_e32 v[3:4], 2, v[0:1]                        // 000000006F44: 3E060082
	v_mul_f32_e32 v7, v121, v156                               // 000000006F48: 100F3979
	s_delay_alu instid0(VALU_DEP_4)                            // 000000006F4C: BF870004
	v_dual_mul_f32 v113, v113, v156 :: v_dual_add_nc_u32 v0, 2, v2// 000000006F50: C8E13971 71000482
	v_mul_f32_e32 v105, v105, v156                             // 000000006F58: 10D33969
	v_mul_f32_e32 v97, v97, v156                               // 000000006F5C: 10C33961
	v_mul_f32_e32 v89, v89, v156                               // 000000006F60: 10B33959
	v_mul_f32_e32 v81, v81, v156                               // 000000006F64: 10A33951
	v_lshlrev_b64_e32 v[137:138], 2, v[0:1]                    // 000000006F68: 3F120082
	v_dual_mul_f32 v73, v73, v156 :: v_dual_add_nc_u32 v0, 18, v2// 000000006F6C: C8E13949 49000492
	v_mul_f32_e32 v65, v65, v156                               // 000000006F74: 10833941
	v_mul_f32_e32 v57, v57, v156                               // 000000006F78: 10733939
	v_add_co_u32 v3, vcc_lo, s14, v3                           // 000000006F7C: D7006A03 0202060E
	s_delay_alu instid0(VALU_DEP_4) | instskip(SKIP_4) | instid1(VALU_DEP_3)// 000000006F84: BF8701D4
	v_lshlrev_b64_e32 v[139:140], 2, v[0:1]                    // 000000006F88: 3F160082
	v_add_nc_u32_e32 v0, 34, v2                                // 000000006F8C: 4A0004A2
	s_wait_alu depctr_va_vcc(0)                                // 000000006F90: BF88FF9D
	v_add_co_ci_u32_e64 v4, null, s15, v4, vcc_lo              // 000000006F94: D5207C04 01AA080F
	v_add_co_u32 v137, vcc_lo, v3, v137                        // 000000006F9C: D7006A89 02031303
	v_lshlrev_b64_e32 v[141:142], 2, v[0:1]                    // 000000006FA4: 3F1A0082
	v_add_nc_u32_e32 v0, 50, v2                                // 000000006FA8: 4A0004B2
	s_wait_alu depctr_va_vcc(0)                                // 000000006FAC: BF88FF9D
	v_add_co_ci_u32_e64 v138, null, v4, v138, vcc_lo           // 000000006FB0: D5207C8A 01AB1504
	v_add_co_u32 v139, vcc_lo, v3, v139                        // 000000006FB8: D7006A8B 02031703
	s_delay_alu instid0(VALU_DEP_3) | instskip(SKIP_4) | instid1(VALU_DEP_3)// 000000006FC0: BF8701D3
	v_lshlrev_b64_e32 v[143:144], 2, v[0:1]                    // 000000006FC4: 3F1E0082
	v_add_nc_u32_e32 v0, 0x42, v2                              // 000000006FC8: 4A0004FF 00000042
	s_wait_alu depctr_va_vcc(0)                                // 000000006FD0: BF88FF9D
	v_add_co_ci_u32_e64 v140, null, v4, v140, vcc_lo           // 000000006FD4: D5207C8C 01AB1904
	v_add_co_u32 v141, vcc_lo, v3, v141                        // 000000006FDC: D7006A8D 02031B03
	v_lshlrev_b64_e32 v[145:146], 2, v[0:1]                    // 000000006FE4: 3F220082
	v_add_nc_u32_e32 v0, 0x52, v2                              // 000000006FE8: 4A0004FF 00000052
	s_wait_alu depctr_va_vcc(0)                                // 000000006FF0: BF88FF9D
	v_add_co_ci_u32_e64 v142, null, v4, v142, vcc_lo           // 000000006FF4: D5207C8E 01AB1D04
	v_add_co_u32 v143, vcc_lo, v3, v143                        // 000000006FFC: D7006A8F 02031F03
	s_delay_alu instid0(VALU_DEP_3) | instskip(SKIP_4) | instid1(VALU_DEP_3)// 000000007004: BF8701D3
	v_lshlrev_b64_e32 v[147:148], 2, v[0:1]                    // 000000007008: 3F260082
	v_add_nc_u32_e32 v0, 0x62, v2                              // 00000000700C: 4A0004FF 00000062
	s_wait_alu depctr_va_vcc(0)                                // 000000007014: BF88FF9D
	v_add_co_ci_u32_e64 v144, null, v4, v144, vcc_lo           // 000000007018: D5207C90 01AB2104
	v_add_co_u32 v145, vcc_lo, v3, v145                        // 000000007020: D7006A91 02032303
	v_lshlrev_b64_e32 v[149:150], 2, v[0:1]                    // 000000007028: 3F2A0082
	v_add_nc_u32_e32 v0, 0x72, v2                              // 00000000702C: 4A0004FF 00000072
	s_wait_alu depctr_va_vcc(0)                                // 000000007034: BF88FF9D
	v_add_co_ci_u32_e64 v146, null, v4, v146, vcc_lo           // 000000007038: D5207C92 01AB2504
	v_add_co_u32 v147, vcc_lo, v3, v147                        // 000000007040: D7006A93 02032703
	s_delay_alu instid0(VALU_DEP_3) | instskip(SKIP_4) | instid1(VALU_DEP_3)// 000000007048: BF8701D3
	v_lshlrev_b64_e32 v[151:152], 2, v[0:1]                    // 00000000704C: 3F2E0082
	v_dual_mul_f32 v49, v49, v156 :: v_dual_add_nc_u32 v0, 0x82, v2// 000000007050: C8E13931 310004FF 00000082
	s_wait_alu depctr_va_vcc(0)                                // 00000000705C: BF88FF9D
	v_add_co_ci_u32_e64 v148, null, v4, v148, vcc_lo           // 000000007060: D5207C94 01AB2904
	v_add_co_u32 v149, vcc_lo, v3, v149                        // 000000007068: D7006A95 02032B03
	v_lshlrev_b64_e32 v[153:154], 2, v[0:1]                    // 000000007070: 3F320082
	v_dual_mul_f32 v41, v41, v156 :: v_dual_add_nc_u32 v0, 0x92, v2// 000000007074: C8E13929 290004FF 00000092
	s_wait_alu depctr_va_vcc(0)                                // 000000007080: BF88FF9D
	v_add_co_ci_u32_e64 v150, null, v4, v150, vcc_lo           // 000000007084: D5207C96 01AB2D04
	v_mul_f32_e32 v33, v33, v156                               // 00000000708C: 10433921
	s_delay_alu instid0(VALU_DEP_3)                            // 000000007090: BF870003
	v_lshlrev_b64_e32 v[157:158], 2, v[0:1]                    // 000000007094: 3F3A0082
	v_add_nc_u32_e32 v0, 0xa2, v2                              // 000000007098: 4A0004FF 000000A2
	v_add_co_u32 v151, vcc_lo, v3, v151                        // 0000000070A0: D7006A97 02032F03
	v_mul_f32_e32 v25, v25, v156                               // 0000000070A8: 10333919
	s_wait_alu depctr_va_vcc(0)                                // 0000000070AC: BF88FF9D
	v_add_co_ci_u32_e64 v152, null, v4, v152, vcc_lo           // 0000000070B0: D5207C98 01AB3104
	v_lshlrev_b64_e32 v[159:160], 2, v[0:1]                    // 0000000070B8: 3F3E0082
	v_add_nc_u32_e32 v0, 0xb2, v2                              // 0000000070BC: 4A0004FF 000000B2
	v_add_co_u32 v153, vcc_lo, v3, v153                        // 0000000070C4: D7006A99 02033303
	s_wait_alu depctr_va_vcc(0)                                // 0000000070CC: BF88FF9D
	v_add_co_ci_u32_e64 v154, null, v4, v154, vcc_lo           // 0000000070D0: D5207C9A 01AB3504
	s_delay_alu instid0(VALU_DEP_3)                            // 0000000070D8: BF870003
	v_lshlrev_b64_e32 v[161:162], 2, v[0:1]                    // 0000000070DC: 3F420082
	v_add_nc_u32_e32 v0, 0xc2, v2                              // 0000000070E0: 4A0004FF 000000C2
	v_add_co_u32 v157, vcc_lo, v3, v157                        // 0000000070E8: D7006A9D 02033B03
	s_clause 0x1                                               // 0000000070F0: BF850001
	global_store_b64 v[137:138], v[5:6], off                   // 0000000070F4: EE06C07C 02800000 00000089
	global_store_b64 v[139:140], v[7:8], off                   // 000000007100: EE06C07C 03800000 0000008B
	v_lshlrev_b64_e32 v[163:164], 2, v[0:1]                    // 00000000710C: 3F460082
	v_dual_mul_f32 v17, v17, v156 :: v_dual_add_nc_u32 v0, 0xd2, v2// 000000007110: C8E13911 110004FF 000000D2
	s_wait_alu depctr_va_vcc(0)                                // 00000000711C: BF88FF9D
	v_add_co_ci_u32_e64 v158, null, v4, v158, vcc_lo           // 000000007120: D5207C9E 01AB3D04
	v_add_co_u32 v159, vcc_lo, v3, v159                        // 000000007128: D7006A9F 02033F03
	s_delay_alu instid0(VALU_DEP_3) | instskip(SKIP_4) | instid1(VALU_DEP_3)// 000000007130: BF8701D3
	v_lshlrev_b64_e32 v[165:166], 2, v[0:1]                    // 000000007134: 3F4A0082
	v_add_nc_u32_e32 v0, 0xe2, v2                              // 000000007138: 4A0004FF 000000E2
	s_wait_alu depctr_va_vcc(0)                                // 000000007140: BF88FF9D
	v_add_co_ci_u32_e64 v160, null, v4, v160, vcc_lo           // 000000007144: D5207CA0 01AB4104
	v_add_co_u32 v161, vcc_lo, v3, v161                        // 00000000714C: D7006AA1 02034303
	v_lshlrev_b64_e32 v[5:6], 2, v[0:1]                        // 000000007154: 3E0A0082
	v_add_nc_u32_e32 v0, 0xf2, v2                              // 000000007158: 4A0004FF 000000F2
	s_wait_alu depctr_va_vcc(0)                                // 000000007160: BF88FF9D
	v_add_co_ci_u32_e64 v162, null, v4, v162, vcc_lo           // 000000007164: D5207CA2 01AB4504
	v_add_co_u32 v129, vcc_lo, v3, v163                        // 00000000716C: D7006A81 02034703
	s_delay_alu instid0(VALU_DEP_3)                            // 000000007174: BF870003
	v_lshlrev_b64_e32 v[7:8], 2, v[0:1]                        // 000000007178: 3E0E0082
	v_add_nc_u32_e32 v0, 4, v2                                 // 00000000717C: 4A000484
	s_wait_alu depctr_va_vcc(0)                                // 000000007180: BF88FF9D
	v_add_co_ci_u32_e64 v130, null, v4, v164, vcc_lo           // 000000007184: D5207C82 01AB4904
	v_add_co_u32 v121, vcc_lo, v3, v165                        // 00000000718C: D7006A79 02034B03
	s_wait_alu depctr_va_vcc(0)                                // 000000007194: BF88FF9D
	v_add_co_ci_u32_e64 v122, null, v4, v166, vcc_lo           // 000000007198: D5207C7A 01AB4D04
	v_add_co_u32 v5, vcc_lo, v3, v5                            // 0000000071A0: D7006A05 02020B03
	v_dual_mul_f32 v58, v58, v156 :: v_dual_mul_f32 v51, v51, v156// 0000000071A8: C8C7393A 3A333933
	v_dual_mul_f32 v50, v50, v156 :: v_dual_mul_f32 v43, v43, v156// 0000000071B0: C8C73932 322B392B
	s_clause 0x7                                               // 0000000071B8: BF850007
	global_store_b64 v[145:146], v[97:98], off                 // 0000000071BC: EE06C07C 30800000 00000091
	global_store_b64 v[147:148], v[89:90], off                 // 0000000071C8: EE06C07C 2C800000 00000093
	global_store_b64 v[149:150], v[81:82], off                 // 0000000071D4: EE06C07C 28800000 00000095
	global_store_b64 v[151:152], v[73:74], off                 // 0000000071E0: EE06C07C 24800000 00000097
	global_store_b64 v[153:154], v[65:66], off                 // 0000000071EC: EE06C07C 20800000 00000099
	global_store_b64 v[157:158], v[57:58], off                 // 0000000071F8: EE06C07C 1C800000 0000009D
	global_store_b64 v[159:160], v[49:50], off                 // 000000007204: EE06C07C 18800000 0000009F
	global_store_b64 v[161:162], v[41:42], off                 // 000000007210: EE06C07C 14800000 000000A1
	v_dual_mul_f32 v34, v34, v156 :: v_dual_mul_f32 v19, v19, v156// 00000000721C: C8C73922 22133913
	v_lshlrev_b64_e32 v[41:42], 2, v[0:1]                      // 000000007224: 3E520082
	v_add_nc_u32_e32 v0, 20, v2                                // 000000007228: 4A000494
	s_wait_alu depctr_va_vcc(0)                                // 00000000722C: BF88FF9D
	v_add_co_ci_u32_e64 v6, null, v4, v6, vcc_lo               // 000000007230: D5207C06 01AA0D04
	v_add_co_u32 v7, vcc_lo, v3, v7                            // 000000007238: D7006A07 02020F03
	v_mul_f32_e32 v26, v26, v156                               // 000000007240: 1035391A
	v_mul_f32_e32 v18, v18, v156                               // 000000007244: 10253912
	s_wait_alu depctr_va_vcc(0)                                // 000000007248: BF88FF9D
	v_add_co_ci_u32_e64 v8, null, v4, v8, vcc_lo               // 00000000724C: D5207C08 01AA1104
	v_mul_f32_e32 v10, v10, v156                               // 000000007254: 1015390A
	s_clause 0x3                                               // 000000007258: BF850003
	global_store_b64 v[129:130], v[33:34], off                 // 00000000725C: EE06C07C 10800000 00000081
	global_store_b64 v[121:122], v[25:26], off                 // 000000007268: EE06C07C 0C800000 00000079
	global_store_b64 v[5:6], v[17:18], off                     // 000000007274: EE06C07C 08800000 00000005
	global_store_b64 v[7:8], v[9:10], off                      // 000000007280: EE06C07C 04800000 00000007
	v_lshlrev_b64_e32 v[6:7], 2, v[0:1]                        // 00000000728C: 3E0C0082
	v_add_co_u32 v8, vcc_lo, v3, v41                           // 000000007290: D7006A08 02025303
	v_dual_mul_f32 v5, v156, v131 :: v_dual_add_nc_u32 v0, 36, v2// 000000007298: C8E1079C 050004A4
	s_wait_alu depctr_va_vcc(0)                                // 0000000072A0: BF88FF9D
	v_add_co_ci_u32_e64 v9, null, v4, v42, vcc_lo              // 0000000072A4: D5207C09 01AA5504
	s_delay_alu instid0(VALU_DEP_4)                            // 0000000072AC: BF870004
	v_add_co_u32 v33, vcc_lo, v3, v6                           // 0000000072B0: D7006A21 02020D03
	v_mul_f32_e32 v6, v156, v132                               // 0000000072B8: 100D099C
	v_dual_mul_f32 v114, v114, v156 :: v_dual_mul_f32 v17, v123, v156// 0000000072BC: C8C73972 7211397B
	s_wait_alu depctr_va_vcc(0)                                // 0000000072C4: BF88FF9D
	v_add_co_ci_u32_e64 v34, null, v4, v7, vcc_lo              // 0000000072C8: D5207C22 01AA0F04
	v_mul_f32_e32 v18, v124, v156                              // 0000000072D0: 1025397C
	global_store_b64 v[8:9], v[5:6], off                       // 0000000072D4: EE06C07C 02800000 00000008
	v_mul_f32_e32 v9, v27, v156                                // 0000000072E0: 1013391B
	v_mul_f32_e32 v27, v109, v156                              // 0000000072E4: 1037396D
	v_lshlrev_b64_e32 v[25:26], 2, v[0:1]                      // 0000000072E8: 3E320082
	v_dual_mul_f32 v7, v115, v156 :: v_dual_add_nc_u32 v0, 52, v2// 0000000072EC: C8E13973 070004B4
	s_clause 0x1                                               // 0000000072F4: BF850001
	global_store_b64 v[141:142], v[113:114], off               // 0000000072F8: EE06C07C 38800000 0000008D
	global_store_b64 v[33:34], v[17:18], off                   // 000000007304: EE06C07C 08800000 00000021
	v_mul_f32_e32 v33, v101, v156                              // 000000007310: 10433965
	v_lshlrev_b64_e32 v[41:42], 2, v[0:1]                      // 000000007314: 3E520082
	v_dual_mul_f32 v53, v53, v156 :: v_dual_add_nc_u32 v0, 0x44, v2// 000000007318: C8E13935 350004FF 00000044
	v_mul_f32_e32 v45, v45, v156                               // 000000007324: 105B392D
	v_add_co_u32 v25, vcc_lo, v3, v25                          // 000000007328: D7006A19 02023303
	s_delay_alu instid0(VALU_DEP_3) | instskip(SKIP_4) | instid1(VALU_DEP_3)// 000000007330: BF8701D3
	v_lshlrev_b64_e32 v[57:58], 2, v[0:1]                      // 000000007334: 3E720082
	v_add_nc_u32_e32 v0, 0x54, v2                              // 000000007338: 4A0004FF 00000054
	v_dual_mul_f32 v106, v106, v156 :: v_dual_mul_f32 v49, v107, v156// 000000007340: C8C7396A 6A31396B
	s_wait_alu depctr_va_vcc(0)                                // 000000007348: BF88FF9D
	v_add_co_ci_u32_e64 v26, null, v4, v26, vcc_lo             // 00000000734C: D5207C1A 01AA3504
	v_lshlrev_b64_e32 v[65:66], 2, v[0:1]                      // 000000007354: 3E820082
	v_add_nc_u32_e32 v0, 0x64, v2                              // 000000007358: 4A0004FF 00000064
	v_dual_mul_f32 v8, v116, v156 :: v_dual_mul_f32 v37, v37, v156// 000000007360: C8C73974 08253925
	v_add_co_u32 v41, vcc_lo, v3, v41                          // 000000007368: D7006A29 02025303
	s_delay_alu instid0(VALU_DEP_3)                            // 000000007370: BF870003
	v_lshlrev_b64_e32 v[81:82], 2, v[0:1]                      // 000000007374: 3EA20082
	v_add_nc_u32_e32 v0, 0x74, v2                              // 000000007378: 4A0004FF 00000074
	s_wait_alu depctr_va_vcc(0)                                // 000000007380: BF88FF9D
	v_add_co_ci_u32_e64 v42, null, v4, v42, vcc_lo             // 000000007384: D5207C2A 01AA5504
	v_mul_f32_e32 v50, v108, v156                              // 00000000738C: 1065396C
	s_clause 0x1                                               // 000000007390: BF850001
	global_store_b64 v[25:26], v[7:8], off                     // 000000007394: EE06C07C 03800000 00000019
	global_store_b64 v[143:144], v[105:106], off               // 0000000073A0: EE06C07C 34800000 0000008F
	v_lshlrev_b64_e32 v[89:90], 2, v[0:1]                      // 0000000073AC: 3EB20082
	v_add_nc_u32_e32 v0, 0x84, v2                              // 0000000073B0: 4A0004FF 00000084
	v_add_co_u32 v57, vcc_lo, v3, v57                          // 0000000073B8: D7006A39 02027303
	s_wait_alu depctr_va_vcc(0)                                // 0000000073C0: BF88FF9D
	v_add_co_ci_u32_e64 v58, null, v4, v58, vcc_lo             // 0000000073C4: D5207C3A 01AA7504
	s_delay_alu instid0(VALU_DEP_3) | instskip(SKIP_4) | instid1(VALU_DEP_3)// 0000000073CC: BF8701D3
	v_lshlrev_b64_e32 v[97:98], 2, v[0:1]                      // 0000000073D0: 3EC20082
	v_add_nc_u32_e32 v0, 0x94, v2                              // 0000000073D4: 4A0004FF 00000094
	v_add_co_u32 v65, vcc_lo, v3, v65                          // 0000000073DC: D7006A41 02028303
	s_wait_alu depctr_va_vcc(0)                                // 0000000073E4: BF88FF9D
	v_add_co_ci_u32_e64 v66, null, v4, v66, vcc_lo             // 0000000073E8: D5207C42 01AA8504
	v_lshlrev_b64_e32 v[105:106], 2, v[0:1]                    // 0000000073F0: 3ED20082
	v_add_nc_u32_e32 v0, 0xa4, v2                              // 0000000073F4: 4A0004FF 000000A4
	v_add_co_u32 v81, vcc_lo, v3, v81                          // 0000000073FC: D7006A51 0202A303
	s_wait_alu depctr_va_vcc(0)                                // 000000007404: BF88FF9D
	v_add_co_ci_u32_e64 v82, null, v4, v82, vcc_lo             // 000000007408: D5207C52 01AAA504
	s_delay_alu instid0(VALU_DEP_3) | instskip(SKIP_4) | instid1(VALU_DEP_3)// 000000007410: BF8701D3
	v_lshlrev_b64_e32 v[113:114], 2, v[0:1]                    // 000000007414: 3EE20082
	v_add_nc_u32_e32 v0, 0xb4, v2                              // 000000007418: 4A0004FF 000000B4
	v_add_co_u32 v89, vcc_lo, v3, v89                          // 000000007420: D7006A59 0202B303
	s_wait_alu depctr_va_vcc(0)                                // 000000007428: BF88FF9D
	v_add_co_ci_u32_e64 v90, null, v4, v90, vcc_lo             // 00000000742C: D5207C5A 01AAB504
	v_lshlrev_b64_e32 v[121:122], 2, v[0:1]                    // 000000007434: 3EF20082
	v_add_nc_u32_e32 v0, 0xc4, v2                              // 000000007438: 4A0004FF 000000C4
	v_add_co_u32 v97, vcc_lo, v3, v97                          // 000000007440: D7006A61 0202C303
	s_wait_alu depctr_va_vcc(0)                                // 000000007448: BF88FF9D
	v_add_co_ci_u32_e64 v98, null, v4, v98, vcc_lo             // 00000000744C: D5207C62 01AAC504
	s_delay_alu instid0(VALU_DEP_3) | instskip(SKIP_4) | instid1(VALU_DEP_4)// 000000007454: BF870253
	v_lshlrev_b64_e32 v[129:130], 2, v[0:1]                    // 000000007458: 3F020082
	v_add_nc_u32_e32 v0, 0xd4, v2                              // 00000000745C: 4A0004FF 000000D4
	v_add_co_u32 v105, vcc_lo, v3, v105                        // 000000007464: D7006A69 0202D303
	v_mul_f32_e32 v10, v99, v156                               // 00000000746C: 10153963
	v_mul_f32_e32 v7, v11, v156                                // 000000007470: 100F390B
	v_lshlrev_b64_e32 v[137:138], 2, v[0:1]                    // 000000007474: 3F120082
	v_dual_mul_f32 v11, v100, v156 :: v_dual_add_nc_u32 v0, 0xe4, v2// 000000007478: C8E13964 0B0004FF 000000E4
	v_mul_f32_e32 v73, v91, v156                               // 000000007484: 1093395B
	s_wait_alu depctr_va_vcc(0)                                // 000000007488: BF88FF9D
	v_add_co_ci_u32_e64 v106, null, v4, v106, vcc_lo           // 00000000748C: D5207C6A 01AAD504
	v_add_co_u32 v113, vcc_lo, v3, v113                        // 000000007494: D7006A71 0202E303
	v_mul_f32_e32 v74, v92, v156                               // 00000000749C: 1095395C
	v_mul_f32_e32 v84, v84, v156                               // 0000000074A0: 10A93954
	s_wait_alu depctr_va_vcc(0)                                // 0000000074A4: BF88FF9D
	v_add_co_ci_u32_e64 v114, null, v4, v114, vcc_lo           // 0000000074A8: D5207C72 01AAE504
	v_add_co_u32 v121, vcc_lo, v3, v121                        // 0000000074B0: D7006A79 0202F303
	v_mul_f32_e32 v76, v76, v156                               // 0000000074B8: 1099394C
	v_dual_mul_f32 v68, v68, v156 :: v_dual_mul_f32 v55, v55, v156// 0000000074BC: C8C73944 44373937
	v_dual_mul_f32 v60, v60, v156 :: v_dual_mul_f32 v47, v47, v156// 0000000074C4: C8C7393C 3C2F392F
	s_wait_alu depctr_va_vcc(0)                                // 0000000074CC: BF88FF9D
	v_add_co_ci_u32_e64 v122, null, v4, v122, vcc_lo           // 0000000074D0: D5207C7A 01AAF504
	v_dual_mul_f32 v52, v52, v156 :: v_dual_mul_f32 v39, v39, v156// 0000000074D8: C8C73934 34273927
	v_dual_mul_f32 v44, v44, v156 :: v_dual_mul_f32 v31, v31, v156// 0000000074E0: C8C7392C 2C1F391F
	s_clause 0x7                                               // 0000000074E8: BF850007
	global_store_b64 v[57:58], v[10:11], off                   // 0000000074EC: EE06C07C 05000000 00000039
	global_store_b64 v[65:66], v[73:74], off                   // 0000000074F8: EE06C07C 24800000 00000041
	global_store_b64 v[81:82], v[83:84], off                   // 000000007504: EE06C07C 29800000 00000051
	global_store_b64 v[89:90], v[75:76], off                   // 000000007510: EE06C07C 25800000 00000059
	global_store_b64 v[97:98], v[67:68], off                   // 00000000751C: EE06C07C 21800000 00000061
	global_store_b64 v[105:106], v[59:60], off                 // 000000007528: EE06C07C 1D800000 00000069
	global_store_b64 v[113:114], v[51:52], off                 // 000000007534: EE06C07C 19800000 00000071
	global_store_b64 v[121:122], v[43:44], off                 // 000000007540: EE06C07C 15800000 00000079
	v_mul_f32_e32 v60, v69, v156                               // 00000000754C: 10793945
	v_mul_f32_e32 v69, v61, v156                               // 000000007550: 108B393D
	v_mul_f32_e32 v61, v70, v156                               // 000000007554: 107B3946
	v_lshlrev_b64_e32 v[5:6], 2, v[0:1]                        // 000000007558: 3E0A0082
	v_add_nc_u32_e32 v0, 0xf4, v2                              // 00000000755C: 4A0004FF 000000F4
	v_add_co_u32 v129, vcc_lo, v3, v129                        // 000000007564: D7006A81 02030303
	s_wait_alu depctr_va_vcc(0)                                // 00000000756C: BF88FF9D
	v_add_co_ci_u32_e64 v130, null, v4, v130, vcc_lo           // 000000007570: D5207C82 01AB0504
	s_delay_alu instid0(VALU_DEP_3)                            // 000000007578: BF870003
	v_lshlrev_b64_e32 v[17:18], 2, v[0:1]                      // 00000000757C: 3E220082
	v_dual_mul_f32 v15, v15, v156 :: v_dual_add_nc_u32 v0, 6, v2// 000000007580: C8E1390F 0F000486
	v_add_co_u32 v123, vcc_lo, v3, v137                        // 000000007588: D7006A7B 02031303
	s_wait_alu depctr_va_vcc(0)                                // 000000007590: BF88FF9D
	v_add_co_ci_u32_e64 v124, null, v4, v138, vcc_lo           // 000000007594: D5207C7C 01AB1504
	v_add_co_u32 v5, vcc_lo, v3, v5                            // 00000000759C: D7006A05 02020B03
	v_mul_f32_e32 v36, v36, v156                               // 0000000075A4: 10493924
	v_mul_f32_e32 v8, v12, v156                                // 0000000075A8: 1011390C
	v_lshlrev_b64_e32 v[11:12], 2, v[0:1]                      // 0000000075AC: 3E160082
	v_add_nc_u32_e32 v0, 22, v2                                // 0000000075B0: 4A000496
	s_wait_alu depctr_va_vcc(0)                                // 0000000075B4: BF88FF9D
	v_add_co_ci_u32_e64 v6, null, v4, v6, vcc_lo               // 0000000075B8: D5207C06 01AA0D04
	v_add_co_u32 v17, vcc_lo, v3, v17                          // 0000000075C0: D7006A11 02022303
	v_mul_f32_e32 v10, v28, v156                               // 0000000075C8: 1015391C
	v_mul_f32_e32 v20, v20, v156                               // 0000000075CC: 10293914
	s_wait_alu depctr_va_vcc(0)                                // 0000000075D0: BF88FF9D
	v_add_co_ci_u32_e64 v18, null, v4, v18, vcc_lo             // 0000000075D4: D5207C12 01AA2504
	s_clause 0x3                                               // 0000000075DC: BF850003
	global_store_b64 v[129:130], v[35:36], off                 // 0000000075E0: EE06C07C 11800000 00000081
	global_store_b64 v[123:124], v[9:10], off                  // 0000000075EC: EE06C07C 04800000 0000007B
	global_store_b64 v[5:6], v[19:20], off                     // 0000000075F8: EE06C07C 09800000 00000005
	global_store_b64 v[17:18], v[7:8], off                     // 000000007604: EE06C07C 03800000 00000011
	v_lshlrev_b64_e32 v[6:7], 2, v[0:1]                        // 000000007610: 3E0C0082
	v_add_nc_u32_e32 v0, 38, v2                                // 000000007614: 4A0004A6
	v_add_co_u32 v8, vcc_lo, v3, v11                           // 000000007618: D7006A08 02021703
	s_wait_alu depctr_va_vcc(0)                                // 000000007620: BF88FF9D
	v_add_co_ci_u32_e64 v9, null, v4, v12, vcc_lo              // 000000007624: D5207C09 01AA1904
	s_delay_alu instid0(VALU_DEP_3) | instskip(SKIP_4) | instid1(VALU_DEP_3)// 00000000762C: BF8701D3
	v_lshlrev_b64_e32 v[11:12], 2, v[0:1]                      // 000000007630: 3E160082
	v_add_nc_u32_e32 v0, 54, v2                                // 000000007634: 4A0004B6
	v_add_co_u32 v17, vcc_lo, v3, v6                           // 000000007638: D7006A11 02020D03
	s_wait_alu depctr_va_vcc(0)                                // 000000007640: BF88FF9D
	v_add_co_ci_u32_e64 v18, null, v4, v7, vcc_lo              // 000000007644: D5207C12 01AA0F04
	v_lshlrev_b64_e32 v[19:20], 2, v[0:1]                      // 00000000764C: 3E260082
	v_add_nc_u32_e32 v0, 0x46, v2                              // 000000007650: 4A0004FF 00000046
	v_add_co_u32 v25, vcc_lo, v3, v11                          // 000000007658: D7006A19 02021703
	s_wait_alu depctr_va_vcc(0)                                // 000000007660: BF88FF9D
	v_add_co_ci_u32_e64 v26, null, v4, v12, vcc_lo             // 000000007664: D5207C1A 01AA1904
	s_delay_alu instid0(VALU_DEP_3)                            // 00000000766C: BF870003
	v_lshlrev_b64_e32 v[11:12], 2, v[0:1]                      // 000000007670: 3E160082
	v_add_nc_u32_e32 v0, 0x56, v2                              // 000000007674: 4A0004FF 00000056
	v_add_co_u32 v19, vcc_lo, v3, v19                          // 00000000767C: D7006A13 02022703
	global_store_b64 v[41:42], v[49:50], off                   // 000000007684: EE06C07C 18800000 00000029
	s_wait_alu depctr_va_vcc(0)                                // 000000007690: BF88FF9D
	v_add_co_ci_u32_e64 v20, null, v4, v20, vcc_lo             // 000000007694: D5207C14 01AA2904
	v_lshlrev_b64_e32 v[34:35], 2, v[0:1]                      // 00000000769C: 3E440082
	v_add_nc_u32_e32 v0, 0x66, v2                              // 0000000076A0: 4A0004FF 00000066
	v_add_co_u32 v41, vcc_lo, v3, v11                          // 0000000076A8: D7006A29 02021703
	s_wait_alu depctr_va_vcc(0)                                // 0000000076B0: BF88FF9D
	v_add_co_ci_u32_e64 v42, null, v4, v12, vcc_lo             // 0000000076B4: D5207C2A 01AA1904
	s_delay_alu instid0(VALU_DEP_3) | instskip(SKIP_4) | instid1(VALU_DEP_3)// 0000000076BC: BF8701D3
	v_lshlrev_b64_e32 v[43:44], 2, v[0:1]                      // 0000000076C0: 3E560082
	v_add_nc_u32_e32 v0, 0x76, v2                              // 0000000076C4: 4A0004FF 00000076
	v_add_co_u32 v49, vcc_lo, v3, v34                          // 0000000076CC: D7006A31 02024503
	s_wait_alu depctr_va_vcc(0)                                // 0000000076D4: BF88FF9D
	v_add_co_ci_u32_e64 v50, null, v4, v35, vcc_lo             // 0000000076D8: D5207C32 01AA4704
	v_lshlrev_b64_e32 v[51:52], 2, v[0:1]                      // 0000000076E0: 3E660082
	v_add_nc_u32_e32 v0, 0x86, v2                              // 0000000076E4: 4A0004FF 00000086
	v_add_co_u32 v43, vcc_lo, v3, v43                          // 0000000076EC: D7006A2B 02025703
	s_wait_alu depctr_va_vcc(0)                                // 0000000076F4: BF88FF9D
	v_add_co_ci_u32_e64 v44, null, v4, v44, vcc_lo             // 0000000076F8: D5207C2C 01AA5904
	s_delay_alu instid0(VALU_DEP_3) | instskip(SKIP_4) | instid1(VALU_DEP_3)// 000000007700: BF8701D3
	v_lshlrev_b64_e32 v[58:59], 2, v[0:1]                      // 000000007704: 3E740082
	v_add_nc_u32_e32 v0, 0x96, v2                              // 000000007708: 4A0004FF 00000096
	v_add_co_u32 v51, vcc_lo, v3, v51                          // 000000007710: D7006A33 02026703
	s_wait_alu depctr_va_vcc(0)                                // 000000007718: BF88FF9D
	v_add_co_ci_u32_e64 v52, null, v4, v52, vcc_lo             // 00000000771C: D5207C34 01AA6904
	v_lshlrev_b64_e32 v[65:66], 2, v[0:1]                      // 000000007724: 3E820082
	v_add_nc_u32_e32 v0, 0xa6, v2                              // 000000007728: 4A0004FF 000000A6
	v_add_co_u32 v67, vcc_lo, v3, v58                          // 000000007730: D7006A43 02027503
	s_wait_alu depctr_va_vcc(0)                                // 000000007738: BF88FF9D
	v_add_co_ci_u32_e64 v68, null, v4, v59, vcc_lo             // 00000000773C: D5207C44 01AA7704
	s_delay_alu instid0(VALU_DEP_3) | instskip(SKIP_4) | instid1(VALU_DEP_3)// 000000007744: BF8701D3
	v_lshlrev_b64_e32 v[58:59], 2, v[0:1]                      // 000000007748: 3E740082
	v_add_nc_u32_e32 v0, 0xb6, v2                              // 00000000774C: 4A0004FF 000000B6
	v_add_co_u32 v65, vcc_lo, v3, v65                          // 000000007754: D7006A41 02028303
	s_wait_alu depctr_va_vcc(0)                                // 00000000775C: BF88FF9D
	v_add_co_ci_u32_e64 v66, null, v4, v66, vcc_lo             // 000000007760: D5207C42 01AA8504
	v_lshlrev_b64_e32 v[73:74], 2, v[0:1]                      // 000000007768: 3E920082
	v_add_nc_u32_e32 v0, 0xc6, v2                              // 00000000776C: 4A0004FF 000000C6
	v_add_co_u32 v75, vcc_lo, v3, v58                          // 000000007774: D7006A4B 02027503
	s_wait_alu depctr_va_vcc(0)                                // 00000000777C: BF88FF9D
	v_add_co_ci_u32_e64 v76, null, v4, v59, vcc_lo             // 000000007780: D5207C4C 01AA7704
	s_delay_alu instid0(VALU_DEP_3) | instskip(SKIP_3) | instid1(VALU_DEP_3)// 000000007788: BF8701C3
	v_lshlrev_b64_e32 v[58:59], 2, v[0:1]                      // 00000000778C: 3E740082
	v_dual_mul_f32 v5, v156, v133 :: v_dual_add_nc_u32 v0, 0xd6, v2// 000000007790: C8E10B9C 050004FF 000000D6
	v_mul_f32_e32 v6, v156, v134                               // 00000000779C: 100D0D9C
	v_dual_mul_f32 v10, v125, v156 :: v_dual_mul_f32 v11, v126, v156// 0000000077A0: C8C7397D 0A0B397E
	v_lshlrev_b64_e32 v[81:82], 2, v[0:1]                      // 0000000077A8: 3EA20082
	v_add_nc_u32_e32 v0, 0xe6, v2                              // 0000000077AC: 4A0004FF 000000E6
	global_store_b64 v[8:9], v[5:6], off                       // 0000000077B4: EE06C07C 02800000 00000008
	v_add_co_u32 v73, vcc_lo, v3, v73                          // 0000000077C0: D7006A49 02029303
	v_mul_f32_e32 v7, v117, v156                               // 0000000077C8: 100F3975
	v_lshlrev_b64_e32 v[5:6], 2, v[0:1]                        // 0000000077CC: 3E0A0082
	v_add_nc_u32_e32 v0, 0xf6, v2                              // 0000000077D0: 4A0004FF 000000F6
	v_mul_f32_e32 v8, v118, v156                               // 0000000077D8: 10113976
	s_wait_alu depctr_va_vcc(0)                                // 0000000077DC: BF88FF9D
	v_add_co_ci_u32_e64 v74, null, v4, v74, vcc_lo             // 0000000077E0: D5207C4A 01AA9504
	v_add_co_u32 v83, vcc_lo, v3, v58                          // 0000000077E8: D7006A53 02027503
	v_mul_f32_e32 v28, v110, v156                              // 0000000077F0: 1039396E
	s_clause 0x1                                               // 0000000077F4: BF850001
	global_store_b64 v[17:18], v[10:11], off                   // 0000000077F8: EE06C07C 05000000 00000011
	global_store_b64 v[25:26], v[7:8], off                     // 000000007804: EE06C07C 03800000 00000019
	v_lshlrev_b64_e32 v[10:11], 2, v[0:1]                      // 000000007810: 3E140082
	s_wait_alu depctr_va_vcc(0)                                // 000000007814: BF88FF9D
	v_add_co_ci_u32_e64 v84, null, v4, v59, vcc_lo             // 000000007818: D5207C54 01AA7704
	v_add_co_u32 v81, vcc_lo, v3, v81                          // 000000007820: D7006A51 0202A303
	v_mul_f32_e32 v34, v102, v156                              // 000000007828: 10453966
	v_add_nc_u32_e32 v0, 8, v2                                 // 00000000782C: 4A000488
	v_mul_f32_e32 v12, v93, v156                               // 000000007830: 1019395D
	s_wait_alu depctr_va_vcc(0)                                // 000000007834: BF88FF9D
	v_add_co_ci_u32_e64 v82, null, v4, v82, vcc_lo             // 000000007838: D5207C52 01AAA504
	v_add_co_u32 v5, vcc_lo, v3, v5                            // 000000007840: D7006A05 02020B03
	v_mul_f32_e32 v7, v13, v156                                // 000000007848: 100F390D
	v_mul_f32_e32 v13, v94, v156                               // 00000000784C: 101B395E
	v_dual_mul_f32 v35, v85, v156 :: v_dual_mul_f32 v36, v86, v156// 000000007850: C8C73955 23253956
	v_mul_f32_e32 v57, v77, v156                               // 000000007858: 1073394D
	s_wait_alu depctr_va_vcc(0)                                // 00000000785C: BF88FF9D
	v_add_co_ci_u32_e64 v6, null, v4, v6, vcc_lo               // 000000007860: D5207C06 01AA0D04
	v_add_co_u32 v25, vcc_lo, v3, v10                          // 000000007868: D7006A19 02021503
	v_mul_f32_e32 v58, v78, v156                               // 000000007870: 1075394E
	s_wait_alu depctr_va_vcc(0)                                // 000000007874: BF88FF9D
	v_add_co_ci_u32_e64 v26, null, v4, v11, vcc_lo             // 000000007878: D5207C1A 01AA1704
	v_mul_f32_e32 v70, v62, v156                               // 000000007880: 108D393E
	v_mul_f32_e32 v54, v54, v156                               // 000000007884: 106D3936
	v_mul_f32_e32 v46, v46, v156                               // 000000007888: 105D392E
	s_clause 0x7                                               // 00000000788C: BF850007
	global_store_b64 v[41:42], v[33:34], off                   // 000000007890: EE06C07C 10800000 00000029
	global_store_b64 v[49:50], v[12:13], off                   // 00000000789C: EE06C07C 06000000 00000031
	global_store_b64 v[43:44], v[35:36], off                   // 0000000078A8: EE06C07C 11800000 0000002B
	global_store_b64 v[51:52], v[57:58], off                   // 0000000078B4: EE06C07C 1C800000 00000033
	global_store_b64 v[67:68], v[60:61], off                   // 0000000078C0: EE06C07C 1E000000 00000043
	global_store_b64 v[65:66], v[69:70], off                   // 0000000078CC: EE06C07C 22800000 00000041
	global_store_b64 v[75:76], v[53:54], off                   // 0000000078D8: EE06C07C 1A800000 0000004B
	global_store_b64 v[73:74], v[45:46], off                   // 0000000078E4: EE06C07C 16800000 00000049
	v_mul_f32_e32 v38, v38, v156                               // 0000000078F0: 104D3926
	v_lshlrev_b64_e32 v[11:12], 2, v[0:1]                      // 0000000078F4: 3E160082
	v_dual_mul_f32 v9, v29, v156 :: v_dual_add_nc_u32 v0, 24, v2// 0000000078F8: C8E1391D 09000498
	v_dual_mul_f32 v10, v30, v156 :: v_dual_mul_f32 v17, v21, v156// 000000007900: C8C7391E 0A113915
	v_mul_f32_e32 v18, v22, v156                               // 000000007908: 10253916
	v_mul_f32_e32 v8, v14, v156                                // 00000000790C: 1011390E
	s_clause 0x3                                               // 000000007910: BF850003
	global_store_b64 v[83:84], v[37:38], off                   // 000000007914: EE06C07C 12800000 00000053
	global_store_b64 v[81:82], v[9:10], off                    // 000000007920: EE06C07C 04800000 00000051
	global_store_b64 v[5:6], v[17:18], off                     // 00000000792C: EE06C07C 08800000 00000005
	global_store_b64 v[25:26], v[7:8], off                     // 000000007938: EE06C07C 03800000 00000019
	v_lshlrev_b64_e32 v[6:7], 2, v[0:1]                        // 000000007944: 3E0C0082
	v_add_nc_u32_e32 v0, 40, v2                                // 000000007948: 4A0004A8
	v_add_co_u32 v8, vcc_lo, v3, v11                           // 00000000794C: D7006A08 02021703
	s_wait_alu depctr_va_vcc(0)                                // 000000007954: BF88FF9D
	v_add_co_ci_u32_e64 v9, null, v4, v12, vcc_lo              // 000000007958: D5207C09 01AA1904
	s_delay_alu instid0(VALU_DEP_3) | instskip(SKIP_4) | instid1(VALU_DEP_3)// 000000007960: BF8701D3
	v_lshlrev_b64_e32 v[11:12], 2, v[0:1]                      // 000000007964: 3E160082
	v_add_nc_u32_e32 v0, 56, v2                                // 000000007968: 4A0004B8
	v_add_co_u32 v13, vcc_lo, v3, v6                           // 00000000796C: D7006A0D 02020D03
	s_wait_alu depctr_va_vcc(0)                                // 000000007974: BF88FF9D
	v_add_co_ci_u32_e64 v14, null, v4, v7, vcc_lo              // 000000007978: D5207C0E 01AA0F04
	v_lshlrev_b64_e32 v[6:7], 2, v[0:1]                        // 000000007980: 3E0C0082
	v_add_nc_u32_e32 v0, 0x48, v2                              // 000000007984: 4A0004FF 00000048
	global_store_b64 v[19:20], v[27:28], off                   // 00000000798C: EE06C07C 0D800000 00000013
	v_add_co_u32 v19, vcc_lo, v3, v11                          // 000000007998: D7006A13 02021703
	s_wait_alu depctr_va_vcc(0)                                // 0000000079A0: BF88FF9D
	v_add_co_ci_u32_e64 v20, null, v4, v12, vcc_lo             // 0000000079A4: D5207C14 01AA1904
	v_lshlrev_b64_e32 v[11:12], 2, v[0:1]                      // 0000000079AC: 3E160082
	v_add_nc_u32_e32 v0, 0x58, v2                              // 0000000079B0: 4A0004FF 00000058
	v_add_co_u32 v25, vcc_lo, v3, v6                           // 0000000079B8: D7006A19 02020D03
	s_wait_alu depctr_va_vcc(0)                                // 0000000079C0: BF88FF9D
	v_add_co_ci_u32_e64 v26, null, v4, v7, vcc_lo              // 0000000079C4: D5207C1A 01AA0F04
	s_delay_alu instid0(VALU_DEP_3) | instskip(SKIP_4) | instid1(VALU_DEP_3)// 0000000079CC: BF8701D3
	v_lshlrev_b64_e32 v[6:7], 2, v[0:1]                        // 0000000079D0: 3E0C0082
	v_add_nc_u32_e32 v0, 0x68, v2                              // 0000000079D4: 4A0004FF 00000068
	v_add_co_u32 v29, vcc_lo, v3, v11                          // 0000000079DC: D7006A1D 02021703
	s_wait_alu depctr_va_vcc(0)                                // 0000000079E4: BF88FF9D
	v_add_co_ci_u32_e64 v30, null, v4, v12, vcc_lo             // 0000000079E8: D5207C1E 01AA1904
	v_lshlrev_b64_e32 v[11:12], 2, v[0:1]                      // 0000000079F0: 3E160082
	v_add_nc_u32_e32 v0, 0x78, v2                              // 0000000079F4: 4A0004FF 00000078
	v_add_co_u32 v35, vcc_lo, v3, v6                           // 0000000079FC: D7006A23 02020D03
	s_wait_alu depctr_va_vcc(0)                                // 000000007A04: BF88FF9D
	v_add_co_ci_u32_e64 v36, null, v4, v7, vcc_lo              // 000000007A08: D5207C24 01AA0F04
	s_delay_alu instid0(VALU_DEP_3) | instskip(SKIP_4) | instid1(VALU_DEP_3)// 000000007A10: BF8701D3
	v_lshlrev_b64_e32 v[6:7], 2, v[0:1]                        // 000000007A14: 3E0C0082
	v_add_nc_u32_e32 v0, 0x88, v2                              // 000000007A18: 4A0004FF 00000088
	v_add_co_u32 v41, vcc_lo, v3, v11                          // 000000007A20: D7006A29 02021703
	s_wait_alu depctr_va_vcc(0)                                // 000000007A28: BF88FF9D
	v_add_co_ci_u32_e64 v42, null, v4, v12, vcc_lo             // 000000007A2C: D5207C2A 01AA1904
	v_lshlrev_b64_e32 v[11:12], 2, v[0:1]                      // 000000007A34: 3E160082
	v_add_nc_u32_e32 v0, 0x98, v2                              // 000000007A38: 4A0004FF 00000098
	v_add_co_u32 v45, vcc_lo, v3, v6                           // 000000007A40: D7006A2D 02020D03
	s_wait_alu depctr_va_vcc(0)                                // 000000007A48: BF88FF9D
	v_add_co_ci_u32_e64 v46, null, v4, v7, vcc_lo              // 000000007A4C: D5207C2E 01AA0F04
	s_delay_alu instid0(VALU_DEP_3) | instskip(SKIP_4) | instid1(VALU_DEP_3)// 000000007A54: BF8701D3
	v_lshlrev_b64_e32 v[49:50], 2, v[0:1]                      // 000000007A58: 3E620082
	v_add_nc_u32_e32 v0, 0xa8, v2                              // 000000007A5C: 4A0004FF 000000A8
	v_add_co_u32 v51, vcc_lo, v3, v11                          // 000000007A64: D7006A33 02021703
	s_wait_alu depctr_va_vcc(0)                                // 000000007A6C: BF88FF9D
	v_add_co_ci_u32_e64 v52, null, v4, v12, vcc_lo             // 000000007A70: D5207C34 01AA1904
	v_lshlrev_b64_e32 v[53:54], 2, v[0:1]                      // 000000007A78: 3E6A0082
	v_add_nc_u32_e32 v0, 0xb8, v2                              // 000000007A7C: 4A0004FF 000000B8
	v_add_co_u32 v49, vcc_lo, v3, v49                          // 000000007A84: D7006A31 02026303
	s_wait_alu depctr_va_vcc(0)                                // 000000007A8C: BF88FF9D
	v_add_co_ci_u32_e64 v50, null, v4, v50, vcc_lo             // 000000007A90: D5207C32 01AA6504
	s_delay_alu instid0(VALU_DEP_3)                            // 000000007A98: BF870003
	v_lshlrev_b64_e32 v[57:58], 2, v[0:1]                      // 000000007A9C: 3E720082
	v_add_nc_u32_e32 v0, 0xc8, v2                              // 000000007AA0: 4A0004FF 000000C8
	v_add_co_u32 v53, vcc_lo, v3, v53                          // 000000007AA8: D7006A35 02026B03
	v_mul_f32_e32 v5, v156, v135                               // 000000007AB0: 100B0F9C
	s_wait_alu depctr_va_vcc(0)                                // 000000007AB4: BF88FF9D
	v_add_co_ci_u32_e64 v54, null, v4, v54, vcc_lo             // 000000007AB8: D5207C36 01AA6D04
	v_lshlrev_b64_e32 v[59:60], 2, v[0:1]                      // 000000007AC0: 3E760082
	v_add_nc_u32_e32 v0, 0xd8, v2                              // 000000007AC4: 4A0004FF 000000D8
	v_add_co_u32 v57, vcc_lo, v3, v57                          // 000000007ACC: D7006A39 02027303
	v_mul_f32_e32 v6, v156, v136                               // 000000007AD4: 100D119C
	v_mul_f32_e32 v10, v127, v156                              // 000000007AD8: 1015397F
	s_delay_alu instid0(VALU_DEP_4) | instskip(SKIP_4) | instid1(VALU_DEP_3)// 000000007ADC: BF8701D4
	v_lshlrev_b64_e32 v[61:62], 2, v[0:1]                      // 000000007AE0: 3E7A0082
	v_dual_mul_f32 v11, v128, v156 :: v_dual_add_nc_u32 v0, 0xe8, v2// 000000007AE4: C8E13980 0B0004FF 000000E8
	v_mul_f32_e32 v17, v119, v156                              // 000000007AF0: 10233977
	s_wait_alu depctr_va_vcc(0)                                // 000000007AF4: BF88FF9D
	v_add_co_ci_u32_e64 v58, null, v4, v58, vcc_lo             // 000000007AF8: D5207C3A 01AA7504
	v_lshlrev_b64_e32 v[65:66], 2, v[0:1]                      // 000000007B00: 3E820082
	v_add_nc_u32_e32 v0, 0xf8, v2                              // 000000007B04: 4A0004FF 000000F8
	v_add_co_u32 v59, vcc_lo, v3, v59                          // 000000007B0C: D7006A3B 02027703
	v_dual_mul_f32 v18, v120, v156 :: v_dual_mul_f32 v21, v111, v156// 000000007B14: C8C73978 1215396F
	s_delay_alu instid0(VALU_DEP_3)                            // 000000007B1C: BF870003
	v_lshlrev_b64_e32 v[0:1], 2, v[0:1]                        // 000000007B20: 3E000082
	v_dual_mul_f32 v22, v112, v156 :: v_dual_mul_f32 v27, v103, v156// 000000007B24: C8C73970 161B3967
	s_wait_alu depctr_va_vcc(0)                                // 000000007B2C: BF88FF9D
	v_add_co_ci_u32_e64 v60, null, v4, v60, vcc_lo             // 000000007B30: D5207C3C 01AA7904
	v_add_co_u32 v61, vcc_lo, v3, v61                          // 000000007B38: D7006A3D 02027B03
	v_dual_mul_f32 v28, v104, v156 :: v_dual_mul_f32 v33, v95, v156// 000000007B40: C8C73968 1C21395F
	v_mul_f32_e32 v37, v87, v156                               // 000000007B48: 104B3957
	v_mul_f32_e32 v43, v79, v156                               // 000000007B4C: 1057394F
	v_dual_mul_f32 v7, v71, v156 :: v_dual_mul_f32 v34, v96, v156// 000000007B50: C8C73947 07233960
	v_mul_f32_e32 v38, v88, v156                               // 000000007B58: 104D3958
	v_mul_f32_e32 v44, v80, v156                               // 000000007B5C: 10593950
	s_clause 0x7                                               // 000000007B60: BF850007
	global_store_b64 v[8:9], v[5:6], off                       // 000000007B64: EE06C07C 02800000 00000008
	global_store_b64 v[13:14], v[10:11], off                   // 000000007B70: EE06C07C 05000000 0000000D
	global_store_b64 v[19:20], v[17:18], off                   // 000000007B7C: EE06C07C 08800000 00000013
	global_store_b64 v[25:26], v[21:22], off                   // 000000007B88: EE06C07C 0A800000 00000019
	global_store_b64 v[29:30], v[27:28], off                   // 000000007B94: EE06C07C 0D800000 0000001D
	global_store_b64 v[35:36], v[33:34], off                   // 000000007BA0: EE06C07C 10800000 00000023
	global_store_b64 v[41:42], v[37:38], off                   // 000000007BAC: EE06C07C 12800000 00000029
	global_store_b64 v[45:46], v[43:44], off                   // 000000007BB8: EE06C07C 15800000 0000002D
	v_mul_f32_e32 v8, v72, v156                                // 000000007BC4: 10113948
	v_mul_f32_e32 v12, v63, v156                               // 000000007BC8: 1019393F
	s_wait_alu depctr_va_vcc(0)                                // 000000007BCC: BF88FF9D
	v_add_co_ci_u32_e64 v62, null, v4, v62, vcc_lo             // 000000007BD0: D5207C3E 01AA7D04
	v_add_co_u32 v65, vcc_lo, v3, v65                          // 000000007BD8: D7006A41 02028303
	v_mul_f32_e32 v13, v64, v156                               // 000000007BE0: 101B3940
	v_mul_f32_e32 v56, v56, v156                               // 000000007BE4: 10713938
	s_wait_alu depctr_va_vcc(0)                                // 000000007BE8: BF88FF9D
	v_add_co_ci_u32_e64 v66, null, v4, v66, vcc_lo             // 000000007BEC: D5207C42 01AA8504
	v_add_co_u32 v0, vcc_lo, v3, v0                            // 000000007BF4: D7006A00 02020103
	v_mul_f32_e32 v48, v48, v156                               // 000000007BFC: 10613930
	v_mul_f32_e32 v40, v40, v156                               // 000000007C00: 10513928
	v_mul_f32_e32 v2, v23, v156                                // 000000007C04: 10053917
	s_wait_alu depctr_va_vcc(0)                                // 000000007C08: BF88FF9D
	v_add_co_ci_u32_e64 v1, null, v4, v1, vcc_lo               // 000000007C0C: D5207C01 01AA0304
	v_mul_f32_e32 v32, v32, v156                               // 000000007C14: 10413920
	v_mul_f32_e32 v3, v24, v156                                // 000000007C18: 10073918
	v_mul_f32_e32 v16, v16, v156                               // 000000007C1C: 10213910
	s_clause 0x7                                               // 000000007C20: BF850007
	global_store_b64 v[51:52], v[7:8], off                     // 000000007C24: EE06C07C 03800000 00000033
	global_store_b64 v[49:50], v[12:13], off                   // 000000007C30: EE06C07C 06000000 00000031
	global_store_b64 v[53:54], v[55:56], off                   // 000000007C3C: EE06C07C 1B800000 00000035
	global_store_b64 v[57:58], v[47:48], off                   // 000000007C48: EE06C07C 17800000 00000039
	global_store_b64 v[59:60], v[39:40], off                   // 000000007C54: EE06C07C 13800000 0000003B
	global_store_b64 v[61:62], v[31:32], off                   // 000000007C60: EE06C07C 0F800000 0000003D
	global_store_b64 v[65:66], v[2:3], off                     // 000000007C6C: EE06C07C 01000000 00000041
	global_store_b64 v[0:1], v[15:16], off                     // 000000007C78: EE06C07C 07800000 00000000
	s_nop 0                                                    // 000000007C84: BF800000
	s_sendmsg sendmsg(MSG_DEALLOC_VGPRS)                       // 000000007C88: BFB60003
	s_endpgm                                                   // 000000007C8C: BFB00000
	s_nop 0                                                    // 000000007C90: BF800000
	s_nop 0                                                    // 000000007C94: BF800000
	s_nop 0                                                    // 000000007C98: BF800000
	s_nop 0                                                    // 000000007C9C: BF800000
	s_nop 0                                                    // 000000007CA0: BF800000
	s_nop 0                                                    // 000000007CA4: BF800000
	s_nop 0                                                    // 000000007CA8: BF800000
	s_nop 0                                                    // 000000007CAC: BF800000
	s_nop 0                                                    // 000000007CB0: BF800000
	s_nop 0                                                    // 000000007CB4: BF800000
	s_nop 0                                                    // 000000007CB8: BF800000
	s_nop 0                                                    // 000000007CBC: BF800000
	s_nop 0                                                    // 000000007CC0: BF800000
	s_nop 0                                                    // 000000007CC4: BF800000
	s_nop 0                                                    // 000000007CC8: BF800000
	s_nop 0                                                    // 000000007CCC: BF800000
	s_nop 0                                                    // 000000007CD0: BF800000
	s_nop 0                                                    // 000000007CD4: BF800000
	s_nop 0                                                    // 000000007CD8: BF800000
	s_nop 0                                                    // 000000007CDC: BF800000
	s_nop 0                                                    // 000000007CE0: BF800000
	s_nop 0                                                    // 000000007CE4: BF800000
	s_nop 0                                                    // 000000007CE8: BF800000
	s_nop 0                                                    // 000000007CEC: BF800000
	s_nop 0                                                    // 000000007CF0: BF800000
	s_nop 0                                                    // 000000007CF4: BF800000
	s_nop 0                                                    // 000000007CF8: BF800000
	s_nop 0                                                    // 000000007CFC: BF800000

0000000000007d00 <attention_fp8_e4m3_fa2_gqa_merge_gfx1201>:
	s_load_b128 s[4:7], s[0:1], 0x10                           // 000000007D00: F4004100 F8000010
	s_wait_kmcnt 0x0                                           // 000000007D08: BFC70000
	s_cmp_lg_u32 s5, 24                                        // 000000007D0C: BF079805
	s_cselect_b32 s2, -1, 0                                    // 000000007D10: 980280C1
	s_cmp_lg_u32 s6, 0x100                                     // 000000007D14: BF07FF06 00000100
	s_cselect_b32 s3, -1, 0                                    // 000000007D1C: 980380C1
	s_add_co_i32 s5, s7, -9                                    // 000000007D20: 8105C907
	s_or_b32 s2, s2, s3                                        // 000000007D24: 8C020302
	s_cmp_lt_u32 s5, -8                                        // 000000007D28: BF0AC805
	s_cselect_b32 s3, -1, 0                                    // 000000007D2C: 980380C1
	s_delay_alu instid0(SALU_CYCLE_1) | instskip(NEXT) | instid1(SALU_CYCLE_1)// 000000007D30: BF870499
	s_or_b32 s2, s2, s3                                        // 000000007D34: 8C020302
	s_and_b32 vcc_lo, exec_lo, s2                              // 000000007D38: 8B6A027E
	s_cbranch_vccnz 165                                        // 000000007D3C: BFA400A5 <attention_fp8_e4m3_fa2_gqa_merge_gfx1201+0x2d4>
	v_lshrrev_b32_e32 v1, 5, v0                                // 000000007D40: 32020085
	s_mul_i32 s2, s4, 24                                       // 000000007D44: 96029804
	s_delay_alu instid0(VALU_DEP_1) | instskip(NEXT) | instid1(VALU_DEP_1)// 000000007D48: BF870091
	v_lshl_or_b32 v4, ttmp9, 3, v1                             // 000000007D4C: D6560004 04050675
	v_cmp_gt_i32_e32 vcc_lo, s2, v4                            // 000000007D54: 7C880802
	s_and_saveexec_b32 s2, vcc_lo                              // 000000007D58: BE82206A
	s_cbranch_execz 157                                        // 000000007D5C: BFA5009D <attention_fp8_e4m3_fa2_gqa_merge_gfx1201+0x2d4>
	s_load_b128 s[0:3], s[0:1], 0x0                            // 000000007D60: F4004000 F8000000
	v_mad_co_u64_u32 v[1:2], null, v4, s7, 0                   // 000000007D68: D6FE7C01 02000F04
	v_ashrrev_i32_e32 v5, 31, v4                               // 000000007D70: 340A089F
	s_delay_alu instid0(VALU_DEP_1) | instskip(SKIP_1) | instid1(VALU_DEP_3)// 000000007D74: BF8701A1
	v_mad_co_u64_u32 v[6:7], null, v5, s7, v[2:3]              // 000000007D78: D6FE7C06 04080F05
	s_wait_kmcnt 0x0                                           // 000000007D80: BFC70000
	v_mad_co_u64_u32 v[1:2], null, 0x408, v1, s[0:1]           // 000000007D84: D6FE7C01 000202FF 00000408
	s_mov_b32 s0, s7                                           // 000000007D90: BE800007
	v_mad_co_u64_u32 v[2:3], null, 0x408, v6, v[2:3]           // 000000007D94: D6FE7C02 040A0CFF 00000408
	s_delay_alu instid0(VALU_DEP_1)                            // 000000007DA0: BF870001
	v_dual_mov_b32 v8, 0xff800000 :: v_dual_mov_b32 v7, v2     // 000000007DA4: CA1000FF 08060102 FF800000
	v_mov_b32_e32 v6, v1                                       // 000000007DB0: 7E0C0301
	global_load_b32 v3, v[6:7], off                            // 000000007DB4: EE05007C 00000003 00000006
	v_max_num_f32_e32 v8, v8, v8                               // 000000007DC0: 2C101108
	v_add_co_u32 v6, vcc_lo, 0x408, v6                         // 000000007DC4: D7006A06 02020CFF 00000408
	s_wait_alu depctr_va_vcc(0)                                // 000000007DD0: BF88FF9D
	v_add_co_ci_u32_e64 v7, null, 0, v7, vcc_lo                // 000000007DD4: D5207C07 01AA0E80
	s_wait_alu depctr_sa_sdst(0)                               // 000000007DDC: BF88FF9E
	s_add_co_i32 s0, s0, -1                                    // 000000007DE0: 8100C100
	s_wait_alu depctr_sa_sdst(0)                               // 000000007DE4: BF88FF9E
	s_cmp_eq_u32 s0, 0                                         // 000000007DE8: BF068000
	s_wait_loadcnt 0x0                                         // 000000007DEC: BFC00000
	v_max_num_f32_e32 v3, v3, v3                               // 000000007DF0: 2C060703
	s_delay_alu instid0(VALU_DEP_1)                            // 000000007DF4: BF870001
	v_max_num_f32_e32 v8, v8, v3                               // 000000007DF8: 2C100708
	s_cbranch_scc0 65517                                       // 000000007DFC: BFA1FFED <attention_fp8_e4m3_fa2_gqa_merge_gfx1201+0xb4>
	v_and_b32_e32 v3, 31, v0                                   // 000000007E00: 3606009F
	v_lshlrev_b64_e32 v[5:6], 10, v[4:5]                       // 000000007E04: 3E0A088A
	v_mov_b32_e32 v4, 0                                        // 000000007E08: 7E080280
	s_mov_b32 s1, 0                                            // 000000007E0C: BE810080
	s_delay_alu instid0(VALU_DEP_3) | instskip(NEXT) | instid1(VALU_DEP_3)// 000000007E10: BF870193
	v_lshlrev_b32_e32 v9, 2, v3                                // 000000007E14: 30120682
	v_add_co_u32 v0, vcc_lo, s2, v5                            // 000000007E18: D7006A00 02020A02
	s_wait_alu depctr_va_vcc(0)                                // 000000007E20: BF88FF9D
	v_add_co_ci_u32_e64 v7, null, s3, v6, vcc_lo               // 000000007E24: D5207C07 01AA0C03
	s_delay_alu instid0(VALU_DEP_3)                            // 000000007E2C: BF870003
	v_add_co_u32 v9, s0, v9, 8                                 // 000000007E30: D7000009 02011109
	s_wait_alu depctr_va_sdst(0)                               // 000000007E38: BF88F19F
	v_add_co_ci_u32_e64 v10, null, 0, 0, s0                    // 000000007E3C: D5207C0A 00010080
	s_branch 52                                                // 000000007E44: BFA00034 <attention_fp8_e4m3_fa2_gqa_merge_gfx1201+0x218>
	s_delay_alu instid0(VALU_DEP_1) | instskip(SKIP_1) | instid1(VALU_DEP_2)// 000000007E48: BF870121
	v_div_scale_f32 v5, null, v11, v11, v12                    // 000000007E4C: D6FC7C05 0432170B
	v_div_scale_f32 v14, vcc_lo, v12, v11, v12                 // 000000007E54: D6FC6A0E 0432170C
	v_rcp_f32_e32 v6, v5                                       // 000000007E5C: 7E0C5505
	s_delay_alu instid0(TRANS32_DEP_1) | instskip(NEXT) | instid1(VALU_DEP_1)// 000000007E60: BF870095
	v_fma_f32 v13, -v5, v6, 1.0                                // 000000007E64: D613000D 23CA0D05
	v_fmac_f32_e32 v6, v13, v6                                 // 000000007E6C: 560C0D0D
	s_delay_alu instid0(VALU_DEP_1) | instskip(NEXT) | instid1(VALU_DEP_1)// 000000007E70: BF870091
	v_mul_f32_e32 v13, v14, v6                                 // 000000007E74: 101A0D0E
	v_fma_f32 v15, -v5, v13, v14                               // 000000007E78: D613000F 243A1B05
	s_delay_alu instid0(VALU_DEP_1) | instskip(NEXT) | instid1(VALU_DEP_1)// 000000007E80: BF870091
	v_fmac_f32_e32 v13, v15, v6                                // 000000007E84: 561A0D0F
	v_fma_f32 v5, -v5, v13, v14                                // 000000007E88: D6130005 243A1B05
	v_add_nc_u32_e32 v14, 32, v3                               // 000000007E90: 4A1C06A0
	s_wait_alu depctr_va_vcc(0)                                // 000000007E94: BF88FF9D
	s_delay_alu instid0(VALU_DEP_2) | instskip(SKIP_2) | instid1(VALU_DEP_3)// 000000007E98: BF8701B2
	v_div_fmas_f32 v13, v5, v6, v13                            // 000000007E9C: D637000D 04360D05
	v_lshlrev_b64_e32 v[5:6], 2, v[3:4]                        // 000000007EA4: 3E0A0682
	v_cmp_lt_u32_e32 vcc_lo, 0xdf, v3                          // 000000007EA8: 7C9206FF 000000DF
	v_div_fixup_f32 v3, v13, v11, v12                          // 000000007EB0: D6270003 0432170D
	s_delay_alu instid0(VALU_DEP_3) | instskip(SKIP_1) | instid1(VALU_DEP_4)// 000000007EB8: BF870223
	v_add_co_u32 v5, s0, v0, v5                                // 000000007EBC: D7000005 02020B00
	s_wait_alu depctr_va_sdst(0)                               // 000000007EC4: BF88F19F
	v_add_co_ci_u32_e64 v6, null, v7, v6, s0                   // 000000007EC8: D5207C06 00020D07
	v_cmp_lt_f32_e64 s0, 0, v11                                // 000000007ED0: D4110000 02021680
	s_or_b32 s1, vcc_lo, s1                                    // 000000007ED8: 8C01016A
	v_cndmask_b32_e64 v11, 0, v3, s0                           // 000000007EDC: D501000B 00020680
	v_add_co_u32 v9, s0, 0x80, v9                              // 000000007EE4: D7000009 020212FF 00000080
	s_wait_alu depctr_va_sdst(0)                               // 000000007EF0: BF88F19F
	v_add_co_ci_u32_e64 v10, null, 0, v10, s0                  // 000000007EF4: D5207C0A 00021480
	v_mov_b32_e32 v3, v14                                      // 000000007EFC: 7E06030E
	global_store_b32 v[5:6], v11, off                          // 000000007F00: EE06807C 05800000 00000005
	s_wait_alu depctr_sa_sdst(0)                               // 000000007F0C: BF88FF9E
	s_and_not1_b32 exec_lo, exec_lo, s1                        // 000000007F10: 917E017E
	s_cbranch_execz 47                                         // 000000007F14: BFA5002F <attention_fp8_e4m3_fa2_gqa_merge_gfx1201+0x2d4>
	v_dual_mov_b32 v6, v2 :: v_dual_mov_b32 v5, v1             // 000000007F18: CA100102 06040101
	v_dual_mov_b32 v11, 0 :: v_dual_mov_b32 v12, 0             // 000000007F20: CA100080 0B0C0080
	s_mov_b32 s0, s7                                           // 000000007F28: BE800007
	s_branch 23                                                // 000000007F2C: BFA00017 <attention_fp8_e4m3_fa2_gqa_merge_gfx1201+0x28c>
	s_wait_alu depctr_sa_sdst(0)                               // 000000007F30: BF88FF9E
	s_or_b32 exec_lo, exec_lo, s2                              // 000000007F34: 8C7E027E
	v_add_co_u32 v15, vcc_lo, v5, v9                           // 000000007F38: D7006A0F 02021305
	s_wait_alu depctr_va_vcc(0)                                // 000000007F40: BF88FF9D
	v_add_co_ci_u32_e64 v16, null, v6, v10, vcc_lo             // 000000007F44: D5207C10 01AA1506
	v_add_co_u32 v5, vcc_lo, 0x408, v5                         // 000000007F4C: D7006A05 02020AFF 00000408
	s_wait_alu depctr_va_vcc(0)                                // 000000007F58: BF88FF9D
	v_add_co_ci_u32_e64 v6, null, 0, v6, vcc_lo                // 000000007F5C: D5207C06 01AA0C80
	global_load_b32 v15, v[15:16], off                         // 000000007F64: EE05007C 0000000F 0000000F
	v_fmac_f32_e32 v11, v13, v14                               // 000000007F70: 56161D0D
	s_add_co_i32 s0, s0, -1                                    // 000000007F74: 8100C100
	s_wait_alu depctr_sa_sdst(0)                               // 000000007F78: BF88FF9E
	s_cmp_eq_u32 s0, 0                                         // 000000007F7C: BF068000
	s_wait_loadcnt 0x0                                         // 000000007F80: BFC00000
	v_fmac_f32_e32 v12, v14, v15                               // 000000007F84: 56181F0E
	s_cbranch_scc1 65455                                       // 000000007F88: BFA2FFAF <attention_fp8_e4m3_fa2_gqa_merge_gfx1201+0x148>
	global_load_b32 v13, v[5:6], off offset:4                  // 000000007F8C: EE05007C 0000000D 00000405
	v_mov_b32_e32 v14, 0                                       // 000000007F98: 7E1C0280
	s_mov_b32 s2, exec_lo                                      // 000000007F9C: BE82007E
	s_wait_loadcnt 0x0                                         // 000000007FA0: BFC00000
	v_cmpx_lt_f32_e32 0, v13                                   // 000000007FA4: 7D221A80
	s_cbranch_execz 65505                                      // 000000007FA8: BFA5FFE1 <attention_fp8_e4m3_fa2_gqa_merge_gfx1201+0x230>
	global_load_b32 v14, v[5:6], off                           // 000000007FAC: EE05007C 0000000E 00000005
	s_wait_loadcnt 0x0                                         // 000000007FB8: BFC00000
	v_sub_f32_e32 v14, v14, v8                                 // 000000007FBC: 081C110E
	s_delay_alu instid0(VALU_DEP_1) | instskip(NEXT) | instid1(VALU_DEP_1)// 000000007FC0: BF870091
	v_mul_f32_e32 v14, 0x3fb8aa3b, v14                         // 000000007FC4: 101C1CFF 3FB8AA3B
	v_exp_f32_e32 v14, v14                                     // 000000007FCC: 7E1C4B0E
	s_branch 65495                                             // 000000007FD0: BFA0FFD7 <attention_fp8_e4m3_fa2_gqa_merge_gfx1201+0x230>
	s_endpgm                                                   // 000000007FD4: BFB00000
	s_code_end                                                 // 000000007FD8: BF9F0000
	s_code_end                                                 // 000000007FDC: BF9F0000
	s_code_end                                                 // 000000007FE0: BF9F0000
	s_code_end                                                 // 000000007FE4: BF9F0000
	s_code_end                                                 // 000000007FE8: BF9F0000
	s_code_end                                                 // 000000007FEC: BF9F0000
	s_code_end                                                 // 000000007FF0: BF9F0000
	s_code_end                                                 // 000000007FF4: BF9F0000
	s_code_end                                                 // 000000007FF8: BF9F0000
	s_code_end                                                 // 000000007FFC: BF9F0000
	s_code_end                                                 // 000000008000: BF9F0000
	s_code_end                                                 // 000000008004: BF9F0000
	s_code_end                                                 // 000000008008: BF9F0000
	s_code_end                                                 // 00000000800C: BF9F0000
	s_code_end                                                 // 000000008010: BF9F0000
	s_code_end                                                 // 000000008014: BF9F0000
	s_code_end                                                 // 000000008018: BF9F0000
	s_code_end                                                 // 00000000801C: BF9F0000
	s_code_end                                                 // 000000008020: BF9F0000
	s_code_end                                                 // 000000008024: BF9F0000
	s_code_end                                                 // 000000008028: BF9F0000
	s_code_end                                                 // 00000000802C: BF9F0000
	s_code_end                                                 // 000000008030: BF9F0000
	s_code_end                                                 // 000000008034: BF9F0000
	s_code_end                                                 // 000000008038: BF9F0000
	s_code_end                                                 // 00000000803C: BF9F0000
	s_code_end                                                 // 000000008040: BF9F0000
	s_code_end                                                 // 000000008044: BF9F0000
	s_code_end                                                 // 000000008048: BF9F0000
	s_code_end                                                 // 00000000804C: BF9F0000
	s_code_end                                                 // 000000008050: BF9F0000
	s_code_end                                                 // 000000008054: BF9F0000
	s_code_end                                                 // 000000008058: BF9F0000
	s_code_end                                                 // 00000000805C: BF9F0000
	s_code_end                                                 // 000000008060: BF9F0000
	s_code_end                                                 // 000000008064: BF9F0000
	s_code_end                                                 // 000000008068: BF9F0000
	s_code_end                                                 // 00000000806C: BF9F0000
	s_code_end                                                 // 000000008070: BF9F0000
	s_code_end                                                 // 000000008074: BF9F0000
	s_code_end                                                 // 000000008078: BF9F0000
	s_code_end                                                 // 00000000807C: BF9F0000
	s_code_end                                                 // 000000008080: BF9F0000
	s_code_end                                                 // 000000008084: BF9F0000
	s_code_end                                                 // 000000008088: BF9F0000
	s_code_end                                                 // 00000000808C: BF9F0000
	s_code_end                                                 // 000000008090: BF9F0000
	s_code_end                                                 // 000000008094: BF9F0000
	s_code_end                                                 // 000000008098: BF9F0000
	s_code_end                                                 // 00000000809C: BF9F0000
	s_code_end                                                 // 0000000080A0: BF9F0000
	s_code_end                                                 // 0000000080A4: BF9F0000
	s_code_end                                                 // 0000000080A8: BF9F0000
	s_code_end                                                 // 0000000080AC: BF9F0000
	s_code_end                                                 // 0000000080B0: BF9F0000
	s_code_end                                                 // 0000000080B4: BF9F0000
	s_code_end                                                 // 0000000080B8: BF9F0000
	s_code_end                                                 // 0000000080BC: BF9F0000
	s_code_end                                                 // 0000000080C0: BF9F0000
	s_code_end                                                 // 0000000080C4: BF9F0000
	s_code_end                                                 // 0000000080C8: BF9F0000
	s_code_end                                                 // 0000000080CC: BF9F0000
	s_code_end                                                 // 0000000080D0: BF9F0000
	s_code_end                                                 // 0000000080D4: BF9F0000
	s_code_end                                                 // 0000000080D8: BF9F0000
	s_code_end                                                 // 0000000080DC: BF9F0000
	s_code_end                                                 // 0000000080E0: BF9F0000
	s_code_end                                                 // 0000000080E4: BF9F0000
	s_code_end                                                 // 0000000080E8: BF9F0000
	s_code_end                                                 // 0000000080EC: BF9F0000
	s_code_end                                                 // 0000000080F0: BF9F0000
	s_code_end                                                 // 0000000080F4: BF9F0000
	s_code_end                                                 // 0000000080F8: BF9F0000
	s_code_end                                                 // 0000000080FC: BF9F0000
	s_code_end                                                 // 000000008100: BF9F0000
	s_code_end                                                 // 000000008104: BF9F0000
	s_code_end                                                 // 000000008108: BF9F0000
	s_code_end                                                 // 00000000810C: BF9F0000
	s_code_end                                                 // 000000008110: BF9F0000
	s_code_end                                                 // 000000008114: BF9F0000
	s_code_end                                                 // 000000008118: BF9F0000
	s_code_end                                                 // 00000000811C: BF9F0000
	s_code_end                                                 // 000000008120: BF9F0000
	s_code_end                                                 // 000000008124: BF9F0000
	s_code_end                                                 // 000000008128: BF9F0000
	s_code_end                                                 // 00000000812C: BF9F0000
	s_code_end                                                 // 000000008130: BF9F0000
	s_code_end                                                 // 000000008134: BF9F0000
	s_code_end                                                 // 000000008138: BF9F0000
	s_code_end                                                 // 00000000813C: BF9F0000
	s_code_end                                                 // 000000008140: BF9F0000
	s_code_end                                                 // 000000008144: BF9F0000
	s_code_end                                                 // 000000008148: BF9F0000
	s_code_end                                                 // 00000000814C: BF9F0000
	s_code_end                                                 // 000000008150: BF9F0000
	s_code_end                                                 // 000000008154: BF9F0000
	s_code_end                                                 // 000000008158: BF9F0000
	s_code_end                                                 // 00000000815C: BF9F0000
	s_code_end                                                 // 000000008160: BF9F0000
	s_code_end                                                 // 000000008164: BF9F0000
	s_code_end                                                 // 000000008168: BF9F0000
	s_code_end                                                 // 00000000816C: BF9F0000
	s_code_end                                                 // 000000008170: BF9F0000
	s_code_end                                                 // 000000008174: BF9F0000
	s_code_end                                                 // 000000008178: BF9F0000
	s_code_end                                                 // 00000000817C: BF9F0000
