
vfill.gfx1201.o:	file format elf64-amdgpu

Disassembly of section .text:

0000000000002b00 <attention_fp8_e4m3_fa2_gqa_gfx1201>:
	s_load_b128 s[4:7], s[0:1], 0x28                           // 000000002B00: F4004100 F8000028
	s_wait_kmcnt 0x0                                           // 000000002B08: BFC70000
	s_cmp_lg_u32 s4, 24                                        // 000000002B0C: BF079804
	s_cselect_b32 s2, -1, 0                                    // 000000002B10: 980280C1
	s_cmp_lg_u32 s5, 4                                         // 000000002B14: BF078405
	s_cselect_b32 s3, -1, 0                                    // 000000002B18: 980380C1
	s_delay_alu instid0(SALU_CYCLE_1) | instskip(SKIP_2) | instid1(SALU_CYCLE_1)// 000000002B1C: BF8704B9
	s_or_b32 s2, s2, s3                                        // 000000002B20: 8C020302
	s_cmp_lg_u32 s6, 0x100                                     // 000000002B24: BF07FF06 00000100
	s_cselect_b32 s3, -1, 0                                    // 000000002B2C: 980380C1
	s_or_b32 s2, s2, s3                                        // 000000002B30: 8C020302
	s_delay_alu instid0(SALU_CYCLE_1)                          // 000000002B34: BF870009
	s_and_b32 vcc_lo, exec_lo, s2                              // 000000002B38: 8B6A027E
	s_cbranch_vccnz 1885                                       // 000000002B3C: BFA4075D <attention_fp8_e4m3_fa2_gqa_gfx1201+0x1db4>
	s_cmp_gt_i32 ttmp7, 3                                      // 000000002B40: BF028373
	s_cbranch_scc1 1883                                        // 000000002B44: BFA2075B <attention_fp8_e4m3_fa2_gqa_gfx1201+0x1db4>
	s_load_b32 s22, s[0:1], 0x38                               // 000000002B48: F4000580 F8000038
	s_lshl_b32 s3, ttmp9, 3                                    // 000000002B50: 84038375
	s_delay_alu instid0(SALU_CYCLE_1)                          // 000000002B54: BF870009
	s_cmp_ge_i32 s3, s7                                        // 000000002B58: BF030703
	s_cbranch_scc1 1877                                        // 000000002B5C: BFA20755 <attention_fp8_e4m3_fa2_gqa_gfx1201+0x1db4>
	v_cmp_gt_u32_e64 s2, 0x60, v0                              // 000000002B60: D44C0002 020200FF 00000060
	v_dual_mov_b32 v145, 0 :: v_dual_mov_b32 v2, 0             // 000000002B6C: CA100080 91020080
	v_mov_b32_e32 v3, 0                                        // 000000002B74: 7E060280
	v_lshrrev_b32_e32 v156, 4, v0                              // 000000002B78: 33380084
	v_lshrrev_b32_e32 v157, 3, v0                              // 000000002B7C: 333A0083
	v_mov_b32_e32 v147, 0                                      // 000000002B80: 7F260280
	s_mov_b32 s23, 0                                           // 000000002B84: BE970080
	s_and_saveexec_b32 s4, s2                                  // 000000002B88: BE842002
	s_cbranch_execz 19                                         // 000000002B8C: BFA50013 <attention_fp8_e4m3_fa2_gqa_gfx1201+0xdc>
	v_lshrrev_b32_e32 v1, 4, v0                                // 000000002B90: 32020084
	v_and_or_b32 v145, v0, 7, s3                               // 000000002B94: D6570091 000D0F00
	s_delay_alu instid0(VALU_DEP_2) | instskip(NEXT) | instid1(VALU_DEP_2)// 000000002B9C: BF870112
	v_and_b32_e32 v1, 6, v1                                    // 000000002BA0: 36020286
	v_mul_lo_u32 v3, v145, 24                                  // 000000002BA4: D72C0003 02013191
	v_cmp_gt_i32_e32 vcc_lo, s7, v145                          // 000000002BAC: 7C892207
	s_delay_alu instid0(VALU_DEP_3) | instskip(SKIP_2) | instid1(VALU_DEP_1)// 000000002BB0: BF8700B3
	v_mad_co_u64_u32 v[1:2], null, ttmp7, 6, v[1:2]            // 000000002BB4: D6FE7C01 04050C73
	v_lshrrev_b32_e32 v2, 3, v0                                // 000000002BBC: 32040083
	s_and_b32 s23, vcc_lo, exec_lo                             // 000000002BC0: 8B177E6A
	v_and_or_b32 v147, v2, 1, v1                               // 000000002BC4: D6570093 04050302
	s_delay_alu instid0(VALU_DEP_1)                            // 000000002BCC: BF870001
	v_add_lshl_u32 v2, v147, v3, 8                             // 000000002BD0: D6470002 02220793
	v_mov_b32_e32 v3, 0                                        // 000000002BD8: 7E060280
	s_or_b32 exec_lo, exec_lo, s4                              // 000000002BDC: 8C7E047E
	s_clause 0x1                                               // 000000002BE0: BF850001
	s_load_b256 s[8:15], s[0:1], 0x0                           // 000000002BE4: F4006200 F8000000
	s_load_b64 s[0:1], s[0:1], 0x20                            // 000000002BEC: F4002000 F8000020
	v_dual_mov_b32 v5, -1 :: v_dual_and_b32 v6, 31, v0         // 000000002BF4: CA2400C1 0506009F
	v_bfrev_b32_e32 v7, -2                                     // 000000002BFC: 7E0E70C2
	s_mov_b32 s4, exec_lo                                      // 000000002C00: BE84007E
	s_delay_alu instid0(VALU_DEP_2)                            // 000000002C04: BF870002
	v_cmpx_gt_u32_e32 8, v6                                    // 000000002C08: 7D980C88
	s_cbranch_execz 24                                         // 000000002C0C: BFA50018 <attention_fp8_e4m3_fa2_gqa_gfx1201+0x170>
	v_or_b32_e32 v4, s3, v6                                    // 000000002C10: 38080C03
	v_bfrev_b32_e32 v7, -2                                     // 000000002C14: 7E0E70C2
	v_mov_b32_e32 v5, -1                                       // 000000002C18: 7E0A02C1
	s_mov_b32 s3, exec_lo                                      // 000000002C1C: BE83007E
	s_delay_alu instid0(VALU_DEP_3)                            // 000000002C20: BF870003
	v_cmpx_gt_i32_e64 s7, v4                                   // 000000002C24: D4C4007E 02020807
	s_cbranch_execz 14                                         // 000000002C2C: BFA5000E <attention_fp8_e4m3_fa2_gqa_gfx1201+0x168>
	v_ashrrev_i32_e32 v5, 31, v4                               // 000000002C30: 340A089F
	s_delay_alu instid0(VALU_DEP_1) | instskip(SKIP_1) | instid1(VALU_DEP_1)// 000000002C34: BF8700A1
	v_lshlrev_b64_e32 v[4:5], 2, v[4:5]                        // 000000002C38: 3E080882
	s_wait_kmcnt 0x0                                           // 000000002C3C: BFC70000
	v_add_co_u32 v4, vcc_lo, s0, v4                            // 000000002C40: D7006A04 02020800
	s_delay_alu instid0(VALU_DEP_1)                            // 000000002C48: BF870001
	v_add_co_ci_u32_e64 v5, null, s1, v5, vcc_lo               // 000000002C4C: D5207C05 01AA0A01
	global_load_b32 v5, v[4:5], off                            // 000000002C54: EE05007C 00000005 00000004
	s_wait_loadcnt 0x0                                         // 000000002C60: BFC00000
	v_mov_b32_e32 v7, v5                                       // 000000002C64: 7E0E0305
	s_wait_alu depctr_sa_sdst(0)                               // 000000002C68: BF88FF9E
	s_or_b32 exec_lo, exec_lo, s3                              // 000000002C6C: 8C7E037E
	s_delay_alu instid0(SALU_CYCLE_1)                          // 000000002C70: BF870009
	s_or_b32 exec_lo, exec_lo, s4                              // 000000002C74: 8C7E047E
	v_mbcnt_lo_u32_b32 v11, -1, 0                              // 000000002C78: D71F000B 020100C1
	v_cndmask_b32_e64 v16, 0, v3, s23                          // 000000002C80: D5010010 005E0680
	v_lshrrev_b32_e32 v13, 1, v0                               // 000000002C88: 321A0081
	v_lshrrev_b32_e32 v160, 5, v0                              // 000000002C8C: 33400085
	v_lshl_add_u32 v159, v6, 3, 0                              // 000000002C90: D646009F 02010706
	v_xor_b32_e32 v1, 16, v11                                  // 000000002C98: 3A021690
	v_xor_b32_e32 v18, 1, v11                                  // 000000002C9C: 3A241681
	v_ashrrev_i32_e32 v146, 31, v145                           // 000000002CA0: 3525229F
	s_mov_b32 s17, 0                                           // 000000002CA4: BE910080
	s_mul_i32 s16, s7, 0x1800                                  // 000000002CA8: 9610FF07 00001800
	v_cmp_gt_u32_e32 vcc_lo, 32, v1                            // 000000002CB0: 7C9802A0
	s_mov_b32 s4, ttmp7                                        // 000000002CB4: BE840073
	v_lshlrev_b64_e32 v[129:130], 2, v[145:146]                // 000000002CB8: 3F032282
	s_ashr_i32 s5, ttmp7, 31                                   // 000000002CBC: 86059F73
	s_wait_kmcnt 0x0                                           // 000000002CC0: BFC70000
	s_add_nc_u64 s[20:21], s[8:9], s[16:17]                    // 000000002CC4: A9941008
	s_wait_alu depctr_va_vcc(0)                                // 000000002CC8: BF88FF9D
	v_dual_cndmask_b32 v1, v11, v1 :: v_dual_and_b32 v12, 15, v0// 000000002CCC: CA64030B 010C008F
	s_lshl_b64 s[24:25], s[4:5], 8                             // 000000002CD4: 84988804
	s_lshl_b32 s6, ttmp7, 1                                    // 000000002CD8: 84068173
	s_add_nc_u64 s[24:25], s[10:11], s[24:25]                  // 000000002CDC: A998180A
	s_delay_alu instid0(VALU_DEP_1)                            // 000000002CE0: BF870001
	v_lshlrev_b32_e32 v158, 2, v1                              // 000000002CE4: 313C0282
	v_xor_b32_e32 v1, 8, v11                                   // 000000002CE8: 3A021688
	v_dual_mov_b32 v168, 0xff800000 :: v_dual_mov_b32 v167, 0  // 000000002CEC: CA1000FF A8A60080 FF800000
	s_lshl_b64 s[18:19], s[4:5], 11                            // 000000002CF8: 84928B04
	s_wait_alu depctr_sa_sdst(0)                               // 000000002CFC: BF88FF9E
	s_ashr_i32 s7, s6, 31                                      // 000000002D00: 86079F06
	v_cmp_gt_u32_e32 vcc_lo, 32, v1                            // 000000002D04: 7C9802A0
	s_lshl_b64 s[4:5], s[4:5], 1                               // 000000002D08: 84848104
	s_mov_b32 s16, s17                                         // 000000002D0C: BE900011
	s_add_nc_u64 s[18:19], s[12:13], s[18:19]                  // 000000002D10: A992120C
	s_wait_alu depctr_va_vcc(0)                                // 000000002D14: BF88FF9D
	v_dual_cndmask_b32 v9, v11, v1 :: v_dual_lshlrev_b32 v14, 3, v0// 000000002D18: CA62030B 090E0083
	ds_bpermute_b32 v4, v158, v5                               // 000000002D20: DACC0000 0400059E
	ds_bpermute_b32 v8, v158, v7                               // 000000002D28: DACC0000 0800079E
	v_dual_mov_b32 v1, 0 :: v_dual_mov_b32 v166, 1.0           // 000000002D30: CA100080 01A600F2
	v_lshlrev_b32_e32 v15, 2, v9                               // 000000002D38: 301E1282
	v_xor_b32_e32 v0, 4, v11                                   // 000000002D3C: 3A001684
	v_and_b32_e32 v162, 8, v13                                 // 000000002D40: 37441A88
	v_lshlrev_b32_e32 v161, 7, v12                             // 000000002D44: 31421887
	v_and_b32_e32 v13, 0xf8, v14                               // 000000002D48: 361A1CFF 000000F8
	v_lshlrev_b32_e32 v12, 4, v12                              // 000000002D50: 30181884
	v_cmp_gt_u32_e32 vcc_lo, 32, v0                            // 000000002D54: 7C9800A0
	v_and_b32_e32 v163, 0x78, v14                              // 000000002D58: 37461CFF 00000078
	v_mad_co_u64_u32 v[9:10], null, v145, 24, v[147:148]       // 000000002D60: D6FE7C09 064D3191
	v_lshl_or_b32 v133, v160, 8, v13                           // 000000002D68: D6560085 043511A0
	v_mov_b32_e32 v10, v1                                      // 000000002D70: 7E140301
	s_wait_alu depctr_va_vcc(0)                                // 000000002D74: BF88FF9D
	v_cndmask_b32_e32 v0, v11, v0, vcc_lo                      // 000000002D78: 0200010B
	s_add_nc_u64 s[12:13], s[12:13], s[4:5]                    // 000000002D7C: A98C040C
	v_add_nc_u32_e32 v165, 0, v133                             // 000000002D80: 4B4B0A80
	s_wait_dscnt 0x1                                           // 000000002D84: BFC60001
	v_max_i32_e32 v4, v5, v4                                   // 000000002D88: 24080905
	s_wait_dscnt 0x0                                           // 000000002D8C: BFC60000
	v_min_i32_e32 v5, v7, v8                                   // 000000002D90: 220A1107
	v_lshlrev_b32_e32 v0, 2, v0                                // 000000002D94: 30000082
	v_lshlrev_b64_e32 v[131:132], 2, v[9:10]                   // 000000002D98: 3F061282
	ds_bpermute_b32 v3, v15, v4                                // 000000002D9C: DACC0000 0300040F
	ds_bpermute_b32 v7, v15, v5                                // 000000002DA4: DACC0000 0700050F
	v_cndmask_b32_e64 v15, 0, v2, s23                          // 000000002DAC: D501000F 005E0480
	v_lshrrev_b32_e32 v2, 1, v6                                // 000000002DB4: 32040C81
	v_mov_b32_e32 v6, v1                                       // 000000002DB8: 7E0C0301
	s_wait_dscnt 0x1                                           // 000000002DBC: BFC60001
	v_max_i32_e32 v8, v4, v3                                   // 000000002DC0: 24100704
	v_mov_b32_e32 v3, v1                                       // 000000002DC4: 7E060301
	s_wait_dscnt 0x0                                           // 000000002DC8: BFC60000
	v_min_i32_e32 v17, v5, v7                                  // 000000002DCC: 22220F05
	v_xor_b32_e32 v4, 2, v11                                   // 000000002DD0: 3A081682
	v_mov_b32_e32 v5, v1                                       // 000000002DD4: 7E0A0301
	ds_bpermute_b32 v19, v0, v8                                // 000000002DD8: DACC0000 13000800
	v_mov_b32_e32 v7, v1                                       // 000000002DE0: 7E0E0301
	ds_bpermute_b32 v0, v0, v17                                // 000000002DE4: DACC0000 00001100
	v_cmp_gt_u32_e32 vcc_lo, 32, v4                            // 000000002DEC: 7C9808A0
	v_add_co_u32 v148, s3, s24, v12                            // 000000002DF0: D7000394 02021818
	s_wait_alu depctr_va_sdst(0)                               // 000000002DF8: BF88F19F
	v_add_co_ci_u32_e64 v149, null, s25, 0, s3                 // 000000002DFC: D5207C95 000D0019
	s_wait_dscnt 0x1                                           // 000000002E04: BFC60001
	v_max_i32_e32 v65, v8, v19                                 // 000000002E08: 24822708
	v_mov_b32_e32 v8, v1                                       // 000000002E0C: 7E100301
	s_wait_alu depctr_va_vcc(0)                                // 000000002E10: BF88FF9D
	v_cndmask_b32_e32 v14, v11, v4, vcc_lo                     // 000000002E14: 021C090B
	v_cmp_gt_u32_e32 vcc_lo, 32, v18                           // 000000002E18: 7C9824A0
	s_wait_dscnt 0x0                                           // 000000002E1C: BFC60000
	v_min_i32_e32 v0, v17, v0                                  // 000000002E20: 22000111
	s_wait_alu depctr_va_vcc(0)                                // 000000002E24: BF88FF9D
	v_cndmask_b32_e32 v66, v11, v18, vcc_lo                    // 000000002E28: 0284250B
	s_delay_alu instid0(VALU_DEP_1)                            // 000000002E2C: BF870001
	v_dual_mov_b32 v4, v1 :: v_dual_lshlrev_b32 v89, 2, v66    // 000000002E30: CA220101 04588482
	v_and_b32_e32 v146, 8, v2                                  // 000000002E38: 37240488
	v_mov_b32_e32 v2, v1                                       // 000000002E3C: 7E040301
	v_lshlrev_b32_e32 v14, 2, v14                              // 000000002E40: 301C1C82
	v_mov_b32_e32 v24, v8                                      // 000000002E44: 7E300308
	v_mov_b32_e32 v32, v8                                      // 000000002E48: 7E400308
	v_add_co_u32 v134, vcc_lo, v15, v146                       // 000000002E4C: D7006A86 0203250F
	ds_bpermute_b32 v67, v14, v65                              // 000000002E54: DACC0000 4300410E
	ds_bpermute_b32 v68, v14, v0                               // 000000002E5C: DACC0000 4400000E
	s_wait_alu depctr_va_vcc(0)                                // 000000002E64: BF88FF9D
	v_add_co_ci_u32_e64 v135, null, 0, v16, vcc_lo             // 000000002E68: D5207C87 01AA2080
	v_add_co_u32 v150, vcc_lo, s0, v129                        // 000000002E70: D7006A96 02030200
	s_wait_alu depctr_va_vcc(0)                                // 000000002E78: BF88FF9D
	v_add_co_ci_u32_e64 v151, null, s1, v130, vcc_lo           // 000000002E7C: D5207C97 01AB0401
	v_add_co_u32 v129, vcc_lo, s8, v134                        // 000000002E84: D7006A81 02030C08
	s_wait_alu depctr_va_vcc(0)                                // 000000002E8C: BF88FF9D
	v_add_co_ci_u32_e64 v130, null, s9, v135, vcc_lo           // 000000002E90: D5207C82 01AB0E09
	v_add_co_u32 v152, vcc_lo, s20, v131                       // 000000002E98: D7006A98 02030614
	s_wait_alu depctr_va_vcc(0)                                // 000000002EA0: BF88FF9D
	v_add_co_ci_u32_e64 v153, null, s21, v132, vcc_lo          // 000000002EA4: D5207C99 01AB0815
	v_add_co_u32 v154, vcc_lo, v129, 48                        // 000000002EAC: D7006A9A 02016181
	v_dual_mov_b32 v16, v8 :: v_dual_mov_b32 v23, v7           // 000000002EB4: CA100108 10160107
	s_wait_dscnt 0x1                                           // 000000002EBC: BFC60001
	v_max_i32_e32 v136, v65, v67                               // 000000002EC0: 25108741
	s_wait_dscnt 0x0                                           // 000000002EC4: BFC60000
	v_min_i32_e32 v0, v0, v68                                  // 000000002EC8: 22008900
	v_mov_b32_e32 v40, v8                                      // 000000002ECC: 7E500308
	v_mov_b32_e32 v48, v8                                      // 000000002ED0: 7E600308
	v_mov_b32_e32 v56, v8                                      // 000000002ED4: 7E700308
	ds_bpermute_b32 v137, v89, v136                            // 000000002ED8: DACC0000 89008859
	ds_bpermute_b32 v138, v89, v0                              // 000000002EE0: DACC0000 8A000059
	v_mov_b32_e32 v64, v8                                      // 000000002EE8: 7E800308
	v_mov_b32_e32 v72, v8                                      // 000000002EEC: 7E900308
	v_mov_b32_e32 v80, v8                                      // 000000002EF0: 7EA00308
	v_mov_b32_e32 v88, v8                                      // 000000002EF4: 7EB00308
	v_mov_b32_e32 v96, v8                                      // 000000002EF8: 7EC00308
	v_mov_b32_e32 v104, v8                                     // 000000002EFC: 7ED00308
	v_mov_b32_e32 v112, v8                                     // 000000002F00: 7EE00308
	v_mov_b32_e32 v120, v8                                     // 000000002F04: 7EF00308
	v_mov_b32_e32 v128, v8                                     // 000000002F08: 7F000308
	s_wait_alu depctr_va_vcc(0)                                // 000000002F0C: BF88FF9D
	v_add_co_ci_u32_e64 v155, null, 0, v130, vcc_lo            // 000000002F10: D5207C9B 01AB0480
	v_dual_mov_b32 v13, v5 :: v_dual_lshlrev_b32 v164, 7, v160 // 000000002F18: CA220105 0DA54087
	v_dual_mov_b32 v15, v7 :: v_dual_mov_b32 v14, v6           // 000000002F20: CA100107 0F0E0106
	v_dual_mov_b32 v19, v3 :: v_dual_mov_b32 v12, v4           // 000000002F28: CA100103 130C0104
	v_mov_b32_e32 v17, v1                                      // 000000002F30: 7E220301
	s_wait_dscnt 0x1                                           // 000000002F34: BFC60001
	v_max_i32_e32 v131, v136, v137                             // 000000002F38: 25071388
	s_wait_dscnt 0x0                                           // 000000002F3C: BFC60000
	v_min_i32_e32 v0, v0, v138                                 // 000000002F40: 22011500
	v_dual_mov_b32 v11, v3 :: v_dual_mov_b32 v10, v2           // 000000002F44: CA100103 0B0A0102
	v_mov_b32_e32 v31, v7                                      // 000000002F4C: 7E3E0307
	v_readfirstlane_b32 s24, v131                              // 000000002F50: 7E300583
	v_dual_mov_b32 v136, v8 :: v_dual_mov_b32 v9, v1           // 000000002F54: CA100108 88080101
	v_dual_mov_b32 v22, v6 :: v_dual_mov_b32 v27, v3           // 000000002F5C: CA100106 161A0103
	v_dual_mov_b32 v21, v5 :: v_dual_mov_b32 v20, v4           // 000000002F64: CA100105 15140104
	v_dual_mov_b32 v25, v1 :: v_dual_mov_b32 v18, v2           // 000000002F6C: CA100101 19120102
	v_dual_mov_b32 v39, v7 :: v_dual_mov_b32 v30, v6           // 000000002F74: CA100107 271E0106
	v_mov_b32_e32 v35, v3                                      // 000000002F7C: 7E460303
	v_dual_mov_b32 v29, v5 :: v_dual_mov_b32 v28, v4           // 000000002F80: CA100105 1D1C0104
	v_dual_mov_b32 v33, v1 :: v_dual_mov_b32 v26, v2           // 000000002F88: CA100101 211A0102
	v_dual_mov_b32 v47, v7 :: v_dual_mov_b32 v38, v6           // 000000002F90: CA100107 2F260106
	v_mov_b32_e32 v43, v3                                      // 000000002F98: 7E560303
	v_dual_mov_b32 v37, v5 :: v_dual_mov_b32 v36, v4           // 000000002F9C: CA100105 25240104
	v_dual_mov_b32 v41, v1 :: v_dual_mov_b32 v34, v2           // 000000002FA4: CA100101 29220102
	v_dual_mov_b32 v55, v7 :: v_dual_mov_b32 v46, v6           // 000000002FAC: CA100107 372E0106
	v_mov_b32_e32 v51, v3                                      // 000000002FB4: 7E660303
	v_dual_mov_b32 v45, v5 :: v_dual_mov_b32 v44, v4           // 000000002FB8: CA100105 2D2C0104
	v_dual_mov_b32 v49, v1 :: v_dual_mov_b32 v42, v2           // 000000002FC0: CA100101 312A0102
	v_dual_mov_b32 v63, v7 :: v_dual_mov_b32 v54, v6           // 000000002FC8: CA100107 3F360106
	v_mov_b32_e32 v59, v3                                      // 000000002FD0: 7E760303
	v_dual_mov_b32 v53, v5 :: v_dual_mov_b32 v52, v4           // 000000002FD4: CA100105 35340104
	v_dual_mov_b32 v57, v1 :: v_dual_mov_b32 v50, v2           // 000000002FDC: CA100101 39320102
	v_dual_mov_b32 v71, v7 :: v_dual_mov_b32 v62, v6           // 000000002FE4: CA100107 473E0106
	v_mov_b32_e32 v67, v3                                      // 000000002FEC: 7E860303
	v_dual_mov_b32 v61, v5 :: v_dual_mov_b32 v60, v4           // 000000002FF0: CA100105 3D3C0104
	v_dual_mov_b32 v65, v1 :: v_dual_mov_b32 v58, v2           // 000000002FF8: CA100101 413A0102
	v_dual_mov_b32 v79, v7 :: v_dual_mov_b32 v70, v6           // 000000003000: CA100107 4F460106
	v_mov_b32_e32 v75, v3                                      // 000000003008: 7E960303
	v_dual_mov_b32 v69, v5 :: v_dual_mov_b32 v68, v4           // 00000000300C: CA100105 45440104
	v_dual_mov_b32 v73, v1 :: v_dual_mov_b32 v66, v2           // 000000003014: CA100101 49420102
	v_dual_mov_b32 v87, v7 :: v_dual_mov_b32 v78, v6           // 00000000301C: CA100107 574E0106
	v_mov_b32_e32 v83, v3                                      // 000000003024: 7EA60303
	v_dual_mov_b32 v77, v5 :: v_dual_mov_b32 v76, v4           // 000000003028: CA100105 4D4C0104
	v_dual_mov_b32 v81, v1 :: v_dual_mov_b32 v74, v2           // 000000003030: CA100101 514A0102
	v_dual_mov_b32 v95, v7 :: v_dual_mov_b32 v86, v6           // 000000003038: CA100107 5F560106
	v_mov_b32_e32 v91, v3                                      // 000000003040: 7EB60303
	v_dual_mov_b32 v85, v5 :: v_dual_mov_b32 v84, v4           // 000000003044: CA100105 55540104
	v_dual_mov_b32 v89, v1 :: v_dual_mov_b32 v82, v2           // 00000000304C: CA100101 59520102
	v_dual_mov_b32 v103, v7 :: v_dual_mov_b32 v94, v6          // 000000003054: CA100107 675E0106
	v_mov_b32_e32 v99, v3                                      // 00000000305C: 7EC60303
	v_dual_mov_b32 v93, v5 :: v_dual_mov_b32 v92, v4           // 000000003060: CA100105 5D5C0104
	v_dual_mov_b32 v97, v1 :: v_dual_mov_b32 v90, v2           // 000000003068: CA100101 615A0102
	v_dual_mov_b32 v111, v7 :: v_dual_mov_b32 v102, v6         // 000000003070: CA100107 6F660106
	v_mov_b32_e32 v107, v3                                     // 000000003078: 7ED60303
	v_dual_mov_b32 v101, v5 :: v_dual_mov_b32 v100, v4         // 00000000307C: CA100105 65640104
	v_dual_mov_b32 v105, v1 :: v_dual_mov_b32 v98, v2          // 000000003084: CA100101 69620102
	v_dual_mov_b32 v119, v7 :: v_dual_mov_b32 v110, v6         // 00000000308C: CA100107 776E0106
	v_mov_b32_e32 v115, v3                                     // 000000003094: 7EE60303
	v_dual_mov_b32 v109, v5 :: v_dual_mov_b32 v108, v4         // 000000003098: CA100105 6D6C0104
	v_dual_mov_b32 v113, v1 :: v_dual_mov_b32 v106, v2         // 0000000030A0: CA100101 716A0102
	v_dual_mov_b32 v127, v7 :: v_dual_mov_b32 v118, v6         // 0000000030A8: CA100107 7F760106
	v_mov_b32_e32 v123, v3                                     // 0000000030B0: 7EF60303
	v_dual_mov_b32 v117, v5 :: v_dual_mov_b32 v116, v4         // 0000000030B4: CA100105 75740104
	v_dual_mov_b32 v121, v1 :: v_dual_mov_b32 v114, v2         // 0000000030BC: CA100101 79720102
	v_dual_mov_b32 v135, v7 :: v_dual_mov_b32 v126, v6         // 0000000030C4: CA100107 877E0106
	v_mov_b32_e32 v131, v3                                     // 0000000030CC: 7F060303
	v_dual_mov_b32 v125, v5 :: v_dual_mov_b32 v124, v4         // 0000000030D0: CA100105 7D7C0104
	v_dual_mov_b32 v129, v1 :: v_dual_mov_b32 v122, v2         // 0000000030D8: CA100101 817A0102
	v_readfirstlane_b32 s25, v0                                // 0000000030E0: 7E320500
	v_dual_mov_b32 v134, v6 :: v_dual_mov_b32 v133, v5         // 0000000030E4: CA100106 86840105
	v_mov_b32_e32 v132, v4                                     // 0000000030EC: 7F080304
	v_mov_b32_e32 v130, v2                                     // 0000000030F0: 7F040302
	s_wait_alu depctr_sa_sdst(0)                               // 0000000030F4: BF88FF9E
	s_add_nc_u64 s[20:21], s[10:11], s[6:7]                    // 0000000030F8: A994060A
	s_branch 21                                                // 0000000030FC: BFA00015 <attention_fp8_e4m3_fa2_gqa_gfx1201+0x654>
	v_mov_b32_e32 v168, v2                                     // 000000003100: 7F500302
	s_wait_alu depctr_sa_sdst(0)                               // 000000003104: BF88FF9E
	s_or_b32 exec_lo, exec_lo, s27                             // 000000003108: 8C7E1B7E
	s_wait_loadcnt 0x0                                         // 00000000310C: BFC00000
	s_barrier_signal -1                                        // 000000003110: BE804EC1
	s_barrier_wait 0xffff                                      // 000000003114: BF94FFFF
	global_inv scope:SCOPE_SE                                  // 000000003118: EE0AC07C 00040000 00000000
	s_add_co_i32 s16, s16, 1                                   // 000000003124: 81108110
	s_wait_alu depctr_sa_sdst(0)                               // 000000003128: BF88FF9E
	s_cmp_eq_u32 s16, 0x3fffffff                               // 00000000312C: BF06FF10 3FFFFFFF
	s_cselect_b32 s0, -1, 0                                    // 000000003134: 980080C1
	s_add_co_i32 s17, s17, 64                                  // 000000003138: 8111C011
	s_wait_alu depctr_sa_sdst(0)                               // 00000000313C: BF88FF9E
	s_or_b32 s0, s11, s0                                       // 000000003140: 8C00000B
	s_wait_alu depctr_sa_sdst(0)                               // 000000003144: BF88FF9E
	s_and_not1_b32 vcc_lo, exec_lo, s0                         // 000000003148: 916A007E
	s_wait_alu depctr_sa_sdst(0)                               // 00000000314C: BF88FF9E
	s_cbranch_vccz 1220                                        // 000000003150: BFA304C4 <attention_fp8_e4m3_fa2_gqa_gfx1201+0x1964>
	s_lshl_b32 s26, s16, 6                                     // 000000003154: 841A8610
	s_wait_alu depctr_sa_sdst(0)                               // 000000003158: BF88FF9E
	s_cmp_gt_i32 s26, s24                                      // 00000000315C: BF02181A
	s_cselect_b32 s11, -1, 0                                   // 000000003160: 980B80C1
	s_wait_alu depctr_sa_sdst(0)                               // 000000003164: BF88FF9E
	s_and_b32 vcc_lo, exec_lo, s11                             // 000000003168: 8B6A0B7E
	s_wait_alu depctr_sa_sdst(0)                               // 00000000316C: BF88FF9E
	s_cbranch_vccnz 65516                                      // 000000003170: BFA4FFEC <attention_fp8_e4m3_fa2_gqa_gfx1201+0x624>
	v_mov_b32_e32 v0, v156                                     // 000000003174: 7E00039C
	v_mov_b32_e32 v6, v157                                     // 000000003178: 7E0C039D
	s_mov_b32 s0, 8                                            // 00000000317C: BE800088
	s_branch 19                                                // 000000003180: BFA00013 <attention_fp8_e4m3_fa2_gqa_gfx1201+0x6d0>
	s_wait_alu depctr_sa_sdst(0)                               // 000000003184: BF88FF9E
	s_or_b32 exec_lo, exec_lo, s1                              // 000000003188: 8C7E017E
	v_and_b32_e32 v7, 0xe0, v6                                 // 00000000318C: 360E0CFF 000000E0
	v_add_nc_u32_e32 v6, 16, v6                                // 000000003194: 4A0C0C90
	s_add_co_i32 s0, s0, -1                                    // 000000003198: 8100C100
	s_wait_alu depctr_sa_sdst(0)                               // 00000000319C: BF88FF9E
	s_cmp_eq_u32 s0, 0                                         // 0000000031A0: BF068000
	v_add_nc_u32_e32 v7, v7, v161                              // 0000000031A4: 4A0F4307
	s_delay_alu instid0(VALU_DEP_1) | instskip(SKIP_1) | instid1(VALU_DEP_2)// 0000000031A8: BF870121
	v_and_or_b32 v7, v0, 15, v7                                // 0000000031AC: D6570007 041D1F00
	v_add_nc_u32_e32 v0, 8, v0                                 // 0000000031B4: 4A000088
	v_lshl_add_u32 v7, v7, 3, 0                                // 0000000031B8: D6460007 02010707
	s_wait_loadcnt 0x0                                         // 0000000031C0: BFC00000
	ds_store_2addr_b64 v7, v[2:3], v[4:5] offset1:16           // 0000000031C4: D9381000 00040207
	s_cbranch_scc1 17                                          // 0000000031CC: BFA20011 <attention_fp8_e4m3_fa2_gqa_gfx1201+0x714>
	s_delay_alu instid0(VALU_DEP_2) | instskip(SKIP_3) | instid1(VALU_DEP_3)// 0000000031D0: BF8701C2
	v_dual_mov_b32 v2, 0 :: v_dual_add_nc_u32 v7, s17, v0      // 0000000031D4: CA200080 02060011
	v_dual_mov_b32 v3, 0 :: v_dual_mov_b32 v4, 0               // 0000000031DC: CA100080 03040080
	v_mov_b32_e32 v5, 0                                        // 0000000031E4: 7E0A0280
	s_mov_b32 s1, exec_lo                                      // 0000000031E8: BE81007E
	v_cmpx_ge_i32_e64 s24, v7                                  // 0000000031EC: D4C6007E 02020E18
	s_cbranch_execz 65507                                      // 0000000031F4: BFA5FFE3 <attention_fp8_e4m3_fa2_gqa_gfx1201+0x684>
	v_mad_co_u64_u32 v[2:3], null, 0x408, v7, v[148:149]       // 0000000031F8: D6FE7C02 06520EFF 00000408
	global_load_b128 v[2:5], v[2:3], off                       // 000000003204: EE05C07C 00000002 00000002
	s_branch 65500                                             // 000000003210: BFA0FFDC <attention_fp8_e4m3_fa2_gqa_gfx1201+0x684>
	v_or_b32_e32 v6, s26, v162                                 // 000000003214: 380D441A
	v_dual_mov_b32 v7, v160 :: v_dual_mov_b32 v8, v164         // 000000003218: CA1001A0 070801A4
	s_movk_i32 s0, 0xc000                                      // 000000003220: B000C000
	s_branch 16                                                // 000000003224: BFA00010 <attention_fp8_e4m3_fa2_gqa_gfx1201+0x768>
	s_or_b32 exec_lo, exec_lo, s4                              // 000000003228: 8C7E047E
	s_wait_alu depctr_sa_sdst(0)                               // 00000000322C: BF88FF9E
	s_or_b32 exec_lo, exec_lo, s3                              // 000000003230: 8C7E037E
	s_wait_alu depctr_sa_sdst(0)                               // 000000003234: BF88FF9E
	s_or_b32 exec_lo, exec_lo, s1                              // 000000003238: 8C7E017E
	v_add_nc_u32_e32 v0, s0, v165                              // 00000000323C: 4A014A00
	v_add_nc_u32_e32 v8, 0x200, v8                             // 000000003240: 4A1010FF 00000200
	v_add_nc_u32_e32 v7, 4, v7                                 // 000000003248: 4A0E0E84
	s_addk_co_i32 s0, 0x400                                    // 00000000324C: B7800400
	s_wait_alu depctr_sa_sdst(0)                               // 000000003250: BF88FF9E
	s_cmp_eq_u32 s0, 0                                         // 000000003254: BF068000
	s_wait_loadcnt 0x0                                         // 000000003258: BFC00000
	ds_store_b64 v0, v[2:3] offset:32768                       // 00000000325C: D9348000 00000200
	s_cbranch_scc1 125                                         // 000000003264: BFA2007D <attention_fp8_e4m3_fa2_gqa_gfx1201+0x95c>
	s_delay_alu instid0(VALU_DEP_1) | instskip(SKIP_1) | instid1(VALU_DEP_1)// 000000003268: BF8700A1
	v_and_b32_e32 v0, 0x70, v7                                 // 00000000326C: 36000EFF 00000070
	s_mov_b32 s1, exec_lo                                      // 000000003274: BE81007E
	v_add_nc_u32_e32 v137, v0, v6                              // 000000003278: 4B120D00
	s_delay_alu instid0(VALU_DEP_1) | instskip(SKIP_1) | instid1(VALU_DEP_2)// 00000000327C: BF870121
	v_lshrrev_b32_e32 v0, 3, v137                              // 000000003280: 32011283
	v_or_b32_e32 v138, 7, v137                                 // 000000003284: 39151287
	v_mad_co_u64_u32 v[2:3], null, 0x2040, v0, s[18:19]        // 000000003288: D6FE7C02 004A00FF 00002040
	v_and_or_b32 v0, 0x780, v8, v163                           // 000000003294: D6570000 068E10FF 00000780
	s_delay_alu instid0(VALU_DEP_1) | instskip(SKIP_1) | instid1(VALU_DEP_3)// 0000000032A0: BF8701A1
	v_add_co_u32 v4, vcc_lo, v2, v0                            // 0000000032A4: D7006A04 02020102
	s_wait_alu depctr_va_vcc(0)                                // 0000000032AC: BF88FF9D
	v_add_co_ci_u32_e64 v5, null, 0, v3, vcc_lo                // 0000000032B0: D5207C05 01AA0680
	v_cmpx_ge_i32_e64 s24, v138                                // 0000000032B8: D4C6007E 02031418
	s_wait_alu depctr_sa_sdst(0)                               // 0000000032C0: BF88FF9E
	s_xor_b32 s1, exec_lo, s1                                  // 0000000032C4: 8D01017E
	s_cbranch_execz 3                                          // 0000000032C8: BFA50003 <attention_fp8_e4m3_fa2_gqa_gfx1201+0x7d8>
	global_load_b64 v[2:3], v[4:5], off                        // 0000000032CC: EE05407C 00000002 00000004
	s_wait_alu depctr_sa_sdst(0)                               // 0000000032D8: BF88FF9E
	s_and_not1_saveexec_b32 s1, s1                             // 0000000032DC: BE813001
	s_cbranch_execz 65492                                      // 0000000032E0: BFA5FFD4 <attention_fp8_e4m3_fa2_gqa_gfx1201+0x734>
	s_wait_loadcnt 0x0                                         // 0000000032E4: BFC00000
	v_dual_mov_b32 v2, 0 :: v_dual_mov_b32 v3, 0               // 0000000032E8: CA100080 02020080
	s_mov_b32 s3, exec_lo                                      // 0000000032F0: BE83007E
	v_cmpx_ge_i32_e64 s24, v137                                // 0000000032F4: D4C6007E 02031218
	s_cbranch_execz 65483                                      // 0000000032FC: BFA5FFCB <attention_fp8_e4m3_fa2_gqa_gfx1201+0x72c>
	global_load_d16_u8 v0, v[4:5], off                         // 000000003300: EE07807C 00000000 00000004
	s_wait_loadcnt 0x0                                         // 00000000330C: BFC00000
	v_mov_b16_e32 v0.h, 0                                      // 000000003310: 7F003880
	v_mov_b32_e32 v3, v1                                       // 000000003314: 7E060301
	s_mov_b32 s4, exec_lo                                      // 000000003318: BE84007E
	s_delay_alu instid0(VALU_DEP_2)                            // 00000000331C: BF870002
	v_mov_b32_e32 v2, v0                                       // 000000003320: 7E040300
	v_cmpx_gt_i32_e64 s24, v137                                // 000000003324: D4C4007E 02031218
	s_cbranch_execz 9                                          // 00000000332C: BFA50009 <attention_fp8_e4m3_fa2_gqa_gfx1201+0x854>
	global_load_u8 v2, v[4:5], off offset:1                    // 000000003330: EE04007C 00000002 00000104
	s_wait_loadcnt 0x0                                         // 00000000333C: BFC00000
	v_lshl_or_b32 v0, v2, 8, v0                                // 000000003340: D6560000 04011102
	s_delay_alu instid0(VALU_DEP_1)                            // 000000003348: BF870001
	v_dual_mov_b32 v3, v1 :: v_dual_mov_b32 v2, v0             // 00000000334C: CA100101 03020100
	s_or_b32 exec_lo, exec_lo, s4                              // 000000003354: 8C7E047E
	v_or_b32_e32 v0, 2, v137                                   // 000000003358: 38011282
	s_mov_b32 s4, exec_lo                                      // 00000000335C: BE84007E
	s_delay_alu instid0(VALU_DEP_1)                            // 000000003360: BF870001
	v_cmpx_ge_i32_e64 s24, v0                                  // 000000003364: D4C6007E 02020018
	s_cbranch_execz 6                                          // 00000000336C: BFA50006 <attention_fp8_e4m3_fa2_gqa_gfx1201+0x888>
	global_load_u8 v0, v[4:5], off offset:2                    // 000000003370: EE04007C 00000000 00000204
	s_wait_loadcnt 0x0                                         // 00000000337C: BFC00000
	v_lshl_or_b32 v2, v0, 16, v2                               // 000000003380: D6560002 04092100
	s_or_b32 exec_lo, exec_lo, s4                              // 000000003388: 8C7E047E
	v_or_b32_e32 v0, 3, v137                                   // 00000000338C: 38011283
	s_mov_b32 s4, exec_lo                                      // 000000003390: BE84007E
	s_delay_alu instid0(VALU_DEP_1)                            // 000000003394: BF870001
	v_cmpx_ge_i32_e64 s24, v0                                  // 000000003398: D4C6007E 02020018
	s_cbranch_execz 6                                          // 0000000033A0: BFA50006 <attention_fp8_e4m3_fa2_gqa_gfx1201+0x8bc>
	global_load_u8 v0, v[4:5], off offset:3                    // 0000000033A4: EE04007C 00000000 00000304
	s_wait_loadcnt 0x0                                         // 0000000033B0: BFC00000
	v_lshl_or_b32 v2, v0, 24, v2                               // 0000000033B4: D6560002 04093100
	s_or_b32 exec_lo, exec_lo, s4                              // 0000000033BC: 8C7E047E
	v_or_b32_e32 v0, 4, v137                                   // 0000000033C0: 38011284
	s_mov_b32 s4, exec_lo                                      // 0000000033C4: BE84007E
	s_delay_alu instid0(VALU_DEP_1)                            // 0000000033C8: BF870001
	v_cmpx_ge_i32_e64 s24, v0                                  // 0000000033CC: D4C6007E 02020018
	s_cbranch_execz 5                                          // 0000000033D4: BFA50005 <attention_fp8_e4m3_fa2_gqa_gfx1201+0x8ec>
	global_load_u8 v0, v[4:5], off offset:4                    // 0000000033D8: EE04007C 00000000 00000404
	s_wait_loadcnt 0x0                                         // 0000000033E4: BFC00000
	v_or_b32_e32 v3, v0, v3                                    // 0000000033E8: 38060700
	s_or_b32 exec_lo, exec_lo, s4                              // 0000000033EC: 8C7E047E
	v_or_b32_e32 v0, 5, v137                                   // 0000000033F0: 38011285
	s_mov_b32 s4, exec_lo                                      // 0000000033F4: BE84007E
	s_delay_alu instid0(VALU_DEP_1)                            // 0000000033F8: BF870001
	v_cmpx_ge_i32_e64 s24, v0                                  // 0000000033FC: D4C6007E 02020018
	s_cbranch_execz 7                                          // 000000003404: BFA50007 <attention_fp8_e4m3_fa2_gqa_gfx1201+0x924>
	global_load_u8 v0, v[4:5], off offset:5                    // 000000003408: EE04007C 00000000 00000504
	s_wait_loadcnt 0x0                                         // 000000003414: BFC00000
	v_lshlrev_b32_e32 v0, 8, v0                                // 000000003418: 30000088
	s_delay_alu instid0(VALU_DEP_1)                            // 00000000341C: BF870001
	v_or_b32_e32 v3, v0, v3                                    // 000000003420: 38060700
	s_or_b32 exec_lo, exec_lo, s4                              // 000000003424: 8C7E047E
	v_or_b32_e32 v0, 6, v137                                   // 000000003428: 38011286
	s_mov_b32 s4, exec_lo                                      // 00000000342C: BE84007E
	s_delay_alu instid0(VALU_DEP_1)                            // 000000003430: BF870001
	v_cmpx_ge_i32_e64 s24, v0                                  // 000000003434: D4C6007E 02020018
	s_cbranch_execz 65402                                      // 00000000343C: BFA5FF7A <attention_fp8_e4m3_fa2_gqa_gfx1201+0x728>
	v_mov_b16_e32 v0.l, 0                                      // 000000003440: 7E003880
	global_load_d16_hi_u8 v0, v[4:5], off offset:6             // 000000003444: EE08407C 00000000 00000604
	s_wait_loadcnt 0x0                                         // 000000003450: BFC00000
	v_or_b32_e32 v3, v0, v3                                    // 000000003454: 38060700
	s_branch 65395                                             // 000000003458: BFA0FF73 <attention_fp8_e4m3_fa2_gqa_gfx1201+0x728>
	s_wait_dscnt 0x0                                           // 00000000345C: BFC60000
	s_barrier_signal -1                                        // 000000003460: BE804EC1
	s_barrier_wait 0xffff                                      // 000000003464: BF94FFFF
	global_inv scope:SCOPE_SE                                  // 000000003468: EE0AC07C 00040000 00000000
	s_and_saveexec_b32 s27, s2                                 // 000000003474: BE9B2002
	s_cbranch_execz 65314                                      // 000000003478: BFA5FF22 <attention_fp8_e4m3_fa2_gqa_gfx1201+0x604>
	v_mov_b32_e32 v0, s22                                      // 00000000347C: 7E000216
	s_and_saveexec_b32 s0, s23                                 // 000000003480: BE802017
	s_cbranch_execz 5                                          // 000000003484: BFA50005 <attention_fp8_e4m3_fa2_gqa_gfx1201+0x99c>
	global_load_b32 v0, v[152:153], off                        // 000000003488: EE05007C 00000000 00000098
	s_wait_loadcnt 0x0                                         // 000000003494: BFC00000
	v_mul_f32_e32 v0, s22, v0                                  // 000000003498: 10000016
	s_wait_alu depctr_sa_sdst(0)                               // 00000000349C: BF88FF9E
	s_or_b32 exec_lo, exec_lo, s0                              // 0000000034A0: 8C7E007E
	s_or_b32 s0, s26, 16                                       // 0000000034A4: 8C00901A
	v_mov_b32_e32 v4, v159                                     // 0000000034A8: 7E08039F
	s_wait_alu depctr_sa_sdst(0)                               // 0000000034AC: BF88FF9E
	s_cmp_le_i32 s0, s24                                       // 0000000034B0: BF051800
	s_mov_b32 s28, 0                                           // 0000000034B4: BE9C0080
	s_cselect_b32 s29, -1, 0                                   // 0000000034B8: 981D80C1
	s_branch 445                                               // 0000000034BC: BFA001BD <attention_fp8_e4m3_fa2_gqa_gfx1201+0x10b4>
	s_wait_alu depctr_sa_sdst(0)                               // 0000000034C0: BF88FF9E
	s_or_b32 exec_lo, exec_lo, s0                              // 0000000034C4: 8C7E007E
	v_sub_f32_e32 v143, v168, v2                               // 0000000034C8: 091E05A8
	v_cmp_neq_f32_e32 vcc_lo, 0xff800000, v168                 // 0000000034CC: 7C3B50FF FF800000
	s_wait_dscnt 0x0                                           // 0000000034D4: BFC60000
	v_add_f32_e32 v5, v5, v6                                   // 0000000034D8: 060A0D05
	v_div_scale_f32 v172, null, v3, v3, v140                   // 0000000034DC: D6FC7CAC 06320703
	v_div_scale_f32 v174, null, v3, v3, v139                   // 0000000034E4: D6FC7CAE 062E0703
	v_mul_f32_e32 v143, 0x3fb8aa3b, v143                       // 0000000034EC: 111F1EFF 3FB8AA3B
	v_div_scale_f32 v177, null, v3, v3, v137                   // 0000000034F4: D6FC7CB1 06260703
	v_div_scale_f32 v176, null, v3, v3, v8                     // 0000000034FC: D6FC7CB0 04220703
	v_rcp_f32_e32 v173, v172                                   // 000000003504: 7F5A55AC
	v_lshl_add_u32 v188, s28, 12, v159                         // 000000003508: D64600BC 067D181C
	v_exp_f32_e32 v143, v143                                   // 000000003510: 7F1E4B8F
	v_rcp_f32_e32 v180, v177                                   // 000000003514: 7F6855B1
	v_rcp_f32_e32 v179, v176                                   // 000000003518: 7F6655B0
	v_fma_f32 v175, -v172, v173, 1.0                           // 00000000351C: D61300AF 23CB5BAC
	s_wait_alu depctr_va_vcc(0)                                // 000000003524: BF88FF9D
	s_delay_alu instid0(TRANS32_DEP_3) | instskip(NEXT) | instid1(VALU_DEP_1)// 000000003528: BF870097
	v_cndmask_b32_e32 v143, 0, v143, vcc_lo                    // 00000000352C: 031F1E80
	v_dual_fmac_f32 v173, v175, v173 :: v_dual_mul_f32 v144, v166, v143// 000000003530: C8075BAF AD911FA6
	s_delay_alu instid0(VALU_DEP_1) | instskip(SKIP_1) | instid1(VALU_DEP_2)// 000000003538: BF870121
	v_div_scale_f32 v166, null, v3, v3, v144                   // 00000000353C: D6FC7CA6 06420703
	v_div_scale_f32 v170, vcc_lo, v144, v3, v144               // 000000003544: D6FC6AAA 06420790
	v_rcp_f32_e32 v168, v166                                   // 00000000354C: 7F5055A6
	s_delay_alu instid0(TRANS32_DEP_1) | instskip(NEXT) | instid1(VALU_DEP_1)// 000000003550: BF870095
	v_fma_f32 v169, -v166, v168, 1.0                           // 000000003554: D61300A9 23CB51A6
	v_fmac_f32_e32 v168, v169, v168                            // 00000000355C: 575151A9
	s_delay_alu instid0(VALU_DEP_1) | instskip(NEXT) | instid1(VALU_DEP_1)// 000000003560: BF870091
	v_mul_f32_e32 v169, v170, v168                             // 000000003564: 115351AA
	v_fma_f32 v171, -v166, v169, v170                          // 000000003568: D61300AB 26AB53A6
	s_delay_alu instid0(VALU_DEP_1) | instskip(NEXT) | instid1(VALU_DEP_1)// 000000003570: BF870091
	v_fmac_f32_e32 v169, v171, v168                            // 000000003574: 575351AB
	v_fma_f32 v166, -v166, v169, v170                          // 000000003578: D61300A6 26AB53A6
	s_wait_alu depctr_va_vcc(0)                                // 000000003580: BF88FF9D
	s_delay_alu instid0(VALU_DEP_1) | instskip(NEXT) | instid1(VALU_DEP_1)// 000000003584: BF870091
	v_div_fmas_f32 v166, v166, v168, v169                      // 000000003588: D63700A6 06A751A6
	v_div_fixup_f32 v6, v166, v3, v144                         // 000000003590: D6270006 064207A6
	v_div_scale_f32 v166, null, v3, v3, v141                   // 000000003598: D6FC7CA6 06360703
	s_delay_alu instid0(VALU_DEP_2)                            // 0000000035A0: BF870002
	v_mul_f32_e32 v134, v134, v6                               // 0000000035A4: 110C0D86
	v_dual_mul_f32 v130, v130, v6 :: v_dual_fmac_f32 v5, v167, v143// 0000000035A8: C8C00D82 82051FA7
	v_mul_f32_e32 v128, v128, v6                               // 0000000035B0: 11000D80
	v_div_scale_f32 v143, null, v3, v3, v142                   // 0000000035B4: D6FC7C8F 063A0703
	v_rcp_f32_e32 v168, v166                                   // 0000000035BC: 7F5055A6
	v_dual_mul_f32 v136, v136, v6 :: v_dual_mul_f32 v135, v135, v6// 0000000035C0: C8C60D88 88860D87
	v_mul_f32_e32 v126, v126, v6                               // 0000000035C8: 10FC0D7E
	s_delay_alu instid0(VALU_DEP_3) | instskip(SKIP_3) | instid1(TRANS32_DEP_2)// 0000000035CC: BF870343
	v_rcp_f32_e32 v144, v143                                   // 0000000035D0: 7F20558F
	v_dual_mul_f32 v133, v133, v6 :: v_dual_mul_f32 v124, v124, v6// 0000000035D4: C8C60D85 857C0D7C
	v_dual_mul_f32 v132, v132, v6 :: v_dual_mul_f32 v131, v131, v6// 0000000035DC: C8C60D84 84820D83
	v_mul_f32_e32 v122, v122, v6                               // 0000000035E4: 10F40D7A
	v_fma_f32 v170, -v166, v168, 1.0                           // 0000000035E8: D61300AA 23CB51A6
	v_mul_f32_e32 v25, v25, v6                                 // 0000000035F0: 10320D19
	v_dual_mul_f32 v129, v129, v6 :: v_dual_mul_f32 v120, v120, v6// 0000000035F4: C8C60D81 81780D78
	s_delay_alu instid0(TRANS32_DEP_1) | instskip(NEXT) | instid1(VALU_DEP_4)// 0000000035FC: BF870215
	v_fma_f32 v167, -v143, v144, 1.0                           // 000000003600: D61300A7 23CB218F
	v_dual_mul_f32 v33, v33, v6 :: v_dual_fmac_f32 v168, v170, v168// 000000003608: C8C00D21 21A951AA
	v_div_scale_f32 v170, s0, v141, v3, v141                   // 000000003610: D6FC00AA 0636078D
	v_dual_mul_f32 v127, v127, v6 :: v_dual_mul_f32 v118, v118, v6// 000000003618: C8C60D7F 7F760D76
	s_delay_alu instid0(VALU_DEP_4) | instskip(SKIP_3) | instid1(VALU_DEP_3)// 000000003620: BF8701C4
	v_fmac_f32_e32 v144, v167, v144                            // 000000003624: 572121A7
	v_div_scale_f32 v167, vcc_lo, v142, v3, v142               // 000000003628: D6FC6AA7 063A078E
	v_dual_mul_f32 v16, v16, v6 :: v_dual_mul_f32 v125, v125, v6// 000000003630: C8C60D10 107C0D7D
	v_dual_mul_f32 v116, v116, v6 :: v_dual_mul_f32 v123, v123, v6// 000000003638: C8C60D74 747A0D7B
	v_dual_mul_f32 v114, v114, v6 :: v_dual_mul_f32 v169, v167, v144// 000000003640: C8C60D72 72A921A7
	v_dual_mul_f32 v121, v121, v6 :: v_dual_mul_f32 v112, v112, v6// 000000003648: C8C60D79 79700D70
	v_dual_mul_f32 v119, v119, v6 :: v_dual_mul_f32 v110, v110, v6// 000000003650: C8C60D77 776E0D6E
	s_delay_alu instid0(VALU_DEP_3) | instskip(SKIP_2) | instid1(VALU_DEP_3)// 000000003658: BF8701B3
	v_fma_f32 v171, -v143, v169, v167                          // 00000000365C: D61300AB 269F538F
	v_dual_mul_f32 v117, v117, v6 :: v_dual_mul_f32 v108, v108, v6// 000000003664: C8C60D75 756C0D6C
	v_dual_mul_f32 v115, v115, v6 :: v_dual_mul_f32 v106, v106, v6// 00000000366C: C8C60D73 736A0D6A
	v_fmac_f32_e32 v169, v171, v144                            // 000000003674: 575321AB
	v_mul_f32_e32 v171, v170, v168                             // 000000003678: 115751AA
	v_dual_mul_f32 v113, v113, v6 :: v_dual_mul_f32 v104, v104, v6// 00000000367C: C8C60D71 71680D68
	v_dual_mul_f32 v111, v111, v6 :: v_dual_mul_f32 v102, v102, v6// 000000003684: C8C60D6F 6F660D66
	s_delay_alu instid0(VALU_DEP_4) | instskip(NEXT) | instid1(VALU_DEP_4)// 00000000368C: BF870214
	v_fma_f32 v143, -v143, v169, v167                          // 000000003690: D613008F 269F538F
	v_fma_f32 v167, -v166, v171, v170                          // 000000003698: D61300A7 26AB57A6
	v_dual_mul_f32 v109, v109, v6 :: v_dual_mul_f32 v100, v100, v6// 0000000036A0: C8C60D6D 6D640D64
	v_dual_mul_f32 v107, v107, v6 :: v_dual_mul_f32 v98, v98, v6// 0000000036A8: C8C60D6B 6B620D62
	s_wait_alu depctr_va_vcc(0)                                // 0000000036B0: BF88FF9D
	v_div_fmas_f32 v143, v143, v144, v169                      // 0000000036B4: D637008F 06A7218F
	v_fmac_f32_e32 v171, v167, v168                            // 0000000036BC: 575751A7
	v_div_scale_f32 v167, s1, v140, v3, v140                   // 0000000036C0: D6FC01A7 0632078C
	s_mov_b32 vcc_lo, s0                                       // 0000000036C8: BEEA0000
	v_rcp_f32_e32 v144, v174                                   // 0000000036CC: 7F2055AE
	v_div_fixup_f32 v143, v143, v3, v142                       // 0000000036D0: D627008F 063A078F
	v_fma_f32 v142, -v166, v171, v170                          // 0000000036D8: D613008E 26AB57A6
	v_mul_f32_e32 v166, v167, v173                             // 0000000036E0: 114D5BA7
	v_div_scale_f32 v170, null, v3, v3, v7                     // 0000000036E4: D6FC7CAA 041E0703
	v_dual_mul_f32 v105, v105, v6 :: v_dual_mul_f32 v96, v96, v6// 0000000036EC: C8C60D69 69600D60
	s_wait_alu depctr_sa_sdst(0)                               // 0000000036F4: BF88FF9E
	v_div_fmas_f32 v168, v142, v168, v171                      // 0000000036F8: D63700A8 06AF518E
	v_fma_f32 v171, -v172, v166, v167                          // 000000003700: D61300AB 269F4DAC
	s_mov_b32 vcc_lo, s1                                       // 000000003708: BEEA0001
	v_rcp_f32_e32 v175, v170                                   // 00000000370C: 7F5E55AA
	v_fma_f32 v169, -v174, v144, 1.0                           // 000000003710: D61300A9 23CB21AE
	v_mul_f32_e32 v19, v19, v6                                 // 000000003718: 10260D13
	v_fmac_f32_e32 v166, v171, v173                            // 00000000371C: 574D5BAB
	v_mov_b16_e64 v142.h, 0 op_sel:[0,1]                       // 000000003720: D59C408E 02010080
	v_mov_b16_e64 v142.l, v1.l                                 // 000000003728: D59C008E 02010101
	v_fmac_f32_e32 v144, v169, v144                            // 000000003730: 572121A9
	v_div_scale_f32 v169, s0, v139, v3, v139                   // 000000003734: D6FC00A9 062E078B
	v_fma_f32 v167, -v172, v166, v167                          // 00000000373C: D61300A7 269F4DAC
	v_fma_f32 v178, -v170, v175, 1.0                           // 000000003744: D61300B2 23CB5FAA
	v_div_fixup_f32 v168, v168, v3, v141                       // 00000000374C: D62700A8 063607A8
	v_mov_b16_e64 v141.h, v142.h op_sel:[1,1]                  // 000000003754: D59C488D 0201018E
	v_mov_b16_e64 v141.l, v142.l                               // 00000000375C: D59C008D 0201018E
	s_wait_alu depctr_sa_sdst(0)                               // 000000003764: BF88FF9E
	v_div_fmas_f32 v166, v167, v173, v166                      // 000000003768: D63700A6 069B5BA7
	v_div_scale_f32 v167, null, v3, v3, v138                   // 000000003770: D6FC7CA7 062A0703
	v_fma_f32 v173, -v176, v179, 1.0                           // 000000003778: D61300AD 23CB67B0
	s_mov_b32 vcc_lo, s0                                       // 000000003780: BEEA0000
	v_cvt_pk_fp8_f32 v141.l, v143, v168                        // 000000003784: D769008D 0203518F
	v_div_fixup_f32 v140, v166, v3, v140                       // 00000000378C: D627008C 063207A6
	v_fma_f32 v166, -v177, v180, 1.0                           // 000000003794: D61300A6 23CB69B1
	v_mul_f32_e32 v15, v15, v6                                 // 00000000379C: 101E0D0F
	v_fmac_f32_e32 v179, v173, v179                            // 0000000037A0: 576767AD
	v_div_scale_f32 v173, s3, v8, v3, v8                       // 0000000037A4: D6FC03AD 04220708
	v_dual_mul_f32 v103, v103, v6 :: v_dual_mul_f32 v94, v94, v6// 0000000037AC: C8C60D67 675E0D5E
	v_fmac_f32_e32 v180, v166, v180                            // 0000000037B4: 576969A6
	v_div_scale_f32 v166, s4, v137, v3, v137                   // 0000000037B8: D6FC04A6 06260789
	v_dual_mul_f32 v10, v10, v6 :: v_dual_mul_f32 v101, v101, v6// 0000000037C0: C8C60D0A 0A640D65
	v_dual_mul_f32 v92, v92, v6 :: v_dual_mul_f32 v99, v99, v6 // 0000000037C8: C8C60D5C 5C620D63
	v_mul_f32_e32 v90, v90, v6                                 // 0000000037D0: 10B40D5A
	s_delay_alu instid0(VALU_DEP_4)                            // 0000000037D4: BF870004
	v_mul_f32_e32 v182, v166, v180                             // 0000000037D8: 116D69A6
	v_fmac_f32_e32 v175, v178, v175                            // 0000000037DC: 575F5FB2
	v_mul_f32_e32 v171, v169, v144                             // 0000000037E0: 115721A9
	v_rcp_f32_e32 v178, v167                                   // 0000000037E4: 7F6455A7
	v_dual_mul_f32 v97, v97, v6 :: v_dual_mul_f32 v88, v88, v6 // 0000000037E8: C8C60D61 61580D58
	v_dual_mul_f32 v95, v95, v6 :: v_dual_mul_f32 v86, v86, v6 // 0000000037F0: C8C60D5F 5F560D56
	s_delay_alu instid0(VALU_DEP_3) | instskip(SKIP_2) | instid1(VALU_DEP_3)// 0000000037F8: BF8701B3
	v_fma_f32 v172, -v174, v171, v169                          // 0000000037FC: D61300AC 26A757AE
	v_dual_mul_f32 v93, v93, v6 :: v_dual_mul_f32 v84, v84, v6 // 000000003804: C8C60D5D 5D540D54
	v_dual_mul_f32 v91, v91, v6 :: v_dual_mul_f32 v82, v82, v6 // 00000000380C: C8C60D5B 5B520D52
	v_fmac_f32_e32 v171, v172, v144                            // 000000003814: 575721AC
	v_div_scale_f32 v172, s1, v7, v3, v7                       // 000000003818: D6FC01AC 041E0707
	s_delay_alu instid0(TRANS32_DEP_1)                         // 000000003820: BF870005
	v_fma_f32 v181, -v167, v178, 1.0                           // 000000003824: D61300B5 23CB65A7
	v_mul_f32_e32 v17, v17, v6                                 // 00000000382C: 10220D11
	v_dual_mul_f32 v89, v89, v6 :: v_dual_mul_f32 v80, v80, v6 // 000000003830: C8C60D59 59500D50
	v_fma_f32 v169, -v174, v171, v169                          // 000000003838: D61300A9 26A757AE
	v_mul_f32_e32 v174, v172, v175                             // 000000003840: 115D5FAC
	v_fmac_f32_e32 v178, v181, v178                            // 000000003844: 576565B5
	v_div_scale_f32 v181, s0, v138, v3, v138                   // 000000003848: D6FC00B5 062A078A
	v_dual_mul_f32 v87, v87, v6 :: v_dual_mul_f32 v78, v78, v6 // 000000003850: C8C60D57 574E0D4E
	s_wait_alu depctr_sa_sdst(0)                               // 000000003858: BF88FF9E
	v_div_fmas_f32 v144, v169, v144, v171                      // 00000000385C: D6370090 06AF21A9
	v_mul_f32_e32 v171, v173, v179                             // 000000003864: 115767AD
	v_fma_f32 v169, -v170, v174, v172                          // 000000003868: D61300A9 26B35DAA
	v_mul_f32_e32 v183, v181, v178                             // 000000003870: 116F65B5
	s_mov_b32 vcc_lo, s1                                       // 000000003874: BEEA0001
	v_div_fixup_f32 v139, v144, v3, v139                       // 000000003878: D627008B 062E0790
	v_fma_f32 v144, -v176, v171, v173                          // 000000003880: D6130090 26B757B0
	v_fmac_f32_e32 v174, v169, v175                            // 000000003888: 575D5FA9
	v_fma_f32 v169, -v177, v182, v166                          // 00000000388C: D61300A9 269B6DB1
	v_dual_mul_f32 v85, v85, v6 :: v_dual_mul_f32 v76, v76, v6 // 000000003894: C8C60D55 554C0D4C
	s_delay_alu instid0(VALU_DEP_4)                            // 00000000389C: BF870004
	v_fmac_f32_e32 v171, v144, v179                            // 0000000038A0: 57576790
	v_fma_f32 v144, -v167, v183, v181                          // 0000000038A4: D6130090 26D76FA7
	v_fma_f32 v170, -v170, v174, v172                          // 0000000038AC: D61300AA 26B35DAA
	v_fmac_f32_e32 v182, v169, v180                            // 0000000038B4: 576D69A9
	v_cvt_pk_fp8_f32 v141.h, v140, v139 op_sel:[0,0,1]         // 0000000038B8: D769408D 0203178C
	v_dual_mul_f32 v83, v83, v6 :: v_dual_mul_f32 v74, v74, v6 // 0000000038C0: C8C60D53 534A0D4A
	v_fmac_f32_e32 v183, v144, v178                            // 0000000038C8: 576F6590
	s_wait_alu depctr_sa_sdst(0)                               // 0000000038CC: BF88FF9E
	v_div_fmas_f32 v169, v170, v175, v174                      // 0000000038D0: D63700A9 06BB5FAA
	v_fma_f32 v170, -v176, v171, v173                          // 0000000038D8: D61300AA 26B757B0
	v_fma_f32 v144, -v177, v182, v166                          // 0000000038E0: D6130090 269B6DB1
	s_mov_b32 vcc_lo, s3                                       // 0000000038E8: BEEA0003
	v_fma_f32 v167, -v167, v183, v181                          // 0000000038EC: D61300A7 26D76FA7
	v_div_fixup_f32 v7, v169, v3, v7                           // 0000000038F4: D6270007 041E07A9
	s_wait_alu depctr_sa_sdst(0)                               // 0000000038FC: BF88FF9E
	v_div_fmas_f32 v166, v170, v179, v171                      // 000000003900: D63700A6 06AF67AA
	s_mov_b32 vcc_lo, s4                                       // 000000003908: BEEA0004
	v_dual_mul_f32 v81, v81, v6 :: v_dual_mul_f32 v72, v72, v6 // 00000000390C: C8C60D51 51480D48
	s_wait_alu depctr_sa_sdst(0)                               // 000000003914: BF88FF9E
	v_div_fmas_f32 v144, v144, v180, v182                      // 000000003918: D6370090 06DB6990
	s_mov_b32 vcc_lo, s0                                       // 000000003920: BEEA0000
	v_div_fixup_f32 v8, v166, v3, v8                           // 000000003924: D6270008 042207A6
	s_wait_alu depctr_sa_sdst(0)                               // 00000000392C: BF88FF9E
	v_div_fmas_f32 v167, v167, v178, v183                      // 000000003930: D63700A7 06DF65A7
	v_dual_mul_f32 v79, v79, v6 :: v_dual_mul_f32 v70, v70, v6 // 000000003938: C8C60D4F 4F460D46
	v_div_fixup_f32 v137, v144, v3, v137                       // 000000003940: D6270089 06260790
	v_cvt_pk_fp8_f32 v142.l, v7, v8                            // 000000003948: D769008E 02021107
	s_delay_alu instid0(VALU_DEP_4)                            // 000000003950: BF870004
	v_div_fixup_f32 v138, v167, v3, v138                       // 000000003954: D627008A 062A07A7
	ds_load_b64 v[7:8], v188 offset:16384                      // 00000000395C: D9D84000 070000BC
	v_dual_mul_f32 v77, v77, v6 :: v_dual_mul_f32 v68, v68, v6 // 000000003964: C8C60D4D 4D440D44
	v_cvt_pk_fp8_f32 v142.h, v137, v138 op_sel:[0,0,1]         // 00000000396C: D769408E 02031589
	ds_load_b64 v[137:138], v188 offset:16640                  // 000000003974: D9D84100 890000BC
	ds_load_b64 v[139:140], v188 offset:16896                  // 00000000397C: D9D84200 8B0000BC
	ds_load_b64 v[143:144], v188 offset:17152                  // 000000003984: D9D84300 8F0000BC
	ds_load_b64 v[166:167], v188 offset:17408                  // 00000000398C: D9D84400 A60000BC
	ds_load_b64 v[168:169], v188 offset:17664                  // 000000003994: D9D84500 A80000BC
	ds_load_b64 v[170:171], v188 offset:17920                  // 00000000399C: D9D84600 AA0000BC
	ds_load_b64 v[172:173], v188 offset:18176                  // 0000000039A4: D9D84700 AC0000BC
	ds_load_b64 v[174:175], v188 offset:18432                  // 0000000039AC: D9D84800 AE0000BC
	ds_load_b64 v[176:177], v188 offset:18688                  // 0000000039B4: D9D84900 B00000BC
	ds_load_b64 v[178:179], v188 offset:18944                  // 0000000039BC: D9D84A00 B20000BC
	ds_load_b64 v[180:181], v188 offset:19200                  // 0000000039C4: D9D84B00 B40000BC
	ds_load_b64 v[182:183], v188 offset:19456                  // 0000000039CC: D9D84C00 B60000BC
	ds_load_b64 v[184:185], v188 offset:19712                  // 0000000039D4: D9D84D00 B80000BC
	ds_load_b64 v[186:187], v188 offset:19968                  // 0000000039DC: D9D84E00 BA0000BC
	ds_load_b64 v[188:189], v188 offset:20224                  // 0000000039E4: D9D84F00 BC0000BC
	v_dual_mul_f32 v75, v75, v6 :: v_dual_mul_f32 v66, v66, v6 // 0000000039EC: C8C60D4B 4B420D42
	v_dual_mul_f32 v73, v73, v6 :: v_dual_mul_f32 v64, v64, v6 // 0000000039F4: C8C60D49 49400D40
	v_dual_mul_f32 v71, v71, v6 :: v_dual_mul_f32 v62, v62, v6 // 0000000039FC: C8C60D47 473E0D3E
	v_dual_mul_f32 v69, v69, v6 :: v_dual_mul_f32 v60, v60, v6 // 000000003A04: C8C60D45 453C0D3C
	v_dual_mul_f32 v67, v67, v6 :: v_dual_mul_f32 v58, v58, v6 // 000000003A0C: C8C60D43 433A0D3A
	v_dual_mul_f32 v65, v65, v6 :: v_dual_mul_f32 v56, v56, v6 // 000000003A14: C8C60D41 41380D38
	v_dual_mul_f32 v63, v63, v6 :: v_dual_mul_f32 v54, v54, v6 // 000000003A1C: C8C60D3F 3F360D36
	v_dual_mul_f32 v61, v61, v6 :: v_dual_mul_f32 v52, v52, v6 // 000000003A24: C8C60D3D 3D340D34
	v_dual_mul_f32 v59, v59, v6 :: v_dual_mul_f32 v50, v50, v6 // 000000003A2C: C8C60D3B 3B320D32
	v_dual_mul_f32 v57, v57, v6 :: v_dual_mul_f32 v48, v48, v6 // 000000003A34: C8C60D39 39300D30
	v_dual_mul_f32 v55, v55, v6 :: v_dual_mul_f32 v46, v46, v6 // 000000003A3C: C8C60D37 372E0D2E
	v_dual_mul_f32 v53, v53, v6 :: v_dual_mul_f32 v44, v44, v6 // 000000003A44: C8C60D35 352C0D2C
	v_dual_mul_f32 v51, v51, v6 :: v_dual_mul_f32 v42, v42, v6 // 000000003A4C: C8C60D33 332A0D2A
	v_dual_mul_f32 v49, v49, v6 :: v_dual_mul_f32 v40, v40, v6 // 000000003A54: C8C60D31 31280D28
	v_dual_mul_f32 v47, v47, v6 :: v_dual_mul_f32 v38, v38, v6 // 000000003A5C: C8C60D2F 2F260D26
	v_dual_mul_f32 v45, v45, v6 :: v_dual_mul_f32 v36, v36, v6 // 000000003A64: C8C60D2D 2D240D24
	v_dual_mul_f32 v43, v43, v6 :: v_dual_mul_f32 v34, v34, v6 // 000000003A6C: C8C60D2B 2B220D22
	v_dual_mul_f32 v41, v41, v6 :: v_dual_mul_f32 v32, v32, v6 // 000000003A74: C8C60D29 29200D20
	v_dual_mul_f32 v39, v39, v6 :: v_dual_mul_f32 v30, v30, v6 // 000000003A7C: C8C60D27 271E0D1E
	v_dual_mul_f32 v37, v37, v6 :: v_dual_mul_f32 v28, v28, v6 // 000000003A84: C8C60D25 251C0D1C
	v_dual_mul_f32 v35, v35, v6 :: v_dual_mul_f32 v26, v26, v6 // 000000003A8C: C8C60D23 231A0D1A
	v_dual_mul_f32 v31, v31, v6 :: v_dual_mul_f32 v24, v24, v6 // 000000003A94: C8C60D1F 1F180D18
	v_dual_mul_f32 v29, v29, v6 :: v_dual_mul_f32 v22, v22, v6 // 000000003A9C: C8C60D1D 1D160D16
	v_dual_mul_f32 v27, v27, v6 :: v_dual_mul_f32 v20, v20, v6 // 000000003AA4: C8C60D1B 1B140D14
	v_dual_mul_f32 v23, v23, v6 :: v_dual_mul_f32 v18, v18, v6 // 000000003AAC: C8C60D17 17120D12
	v_dual_mul_f32 v21, v21, v6 :: v_dual_mul_f32 v14, v14, v6 // 000000003AB4: C8C60D15 150E0D0E
	v_dual_mul_f32 v13, v13, v6 :: v_dual_mul_f32 v12, v12, v6 // 000000003ABC: C8C60D0D 0D0C0D0C
	v_mul_f32_e32 v11, v11, v6                                 // 000000003AC4: 10160D0B
	v_mul_f32_e32 v9, v9, v6                                   // 000000003AC8: 10120D09
	s_wait_dscnt 0xf                                           // 000000003ACC: BFC6000F
	v_wmma_f32_16x16x16_fp8_fp8 v[129:136], v[7:8], v[141:142], v[129:136]// 000000003AD0: CC464081 1E071B07
	s_wait_dscnt 0xe                                           // 000000003AD8: BFC6000E
	v_wmma_f32_16x16x16_fp8_fp8 v[121:128], v[137:138], v[141:142], v[121:128]// 000000003ADC: CC464079 1DE71B89
	s_wait_dscnt 0xd                                           // 000000003AE4: BFC6000D
	v_wmma_f32_16x16x16_fp8_fp8 v[113:120], v[139:140], v[141:142], v[113:120]// 000000003AE8: CC464071 1DC71B8B
	s_wait_dscnt 0xc                                           // 000000003AF0: BFC6000C
	v_wmma_f32_16x16x16_fp8_fp8 v[105:112], v[143:144], v[141:142], v[105:112]// 000000003AF4: CC464069 1DA71B8F
	s_wait_dscnt 0xb                                           // 000000003AFC: BFC6000B
	v_wmma_f32_16x16x16_fp8_fp8 v[97:104], v[166:167], v[141:142], v[97:104]// 000000003B00: CC464061 1D871BA6
	s_wait_dscnt 0xa                                           // 000000003B08: BFC6000A
	v_wmma_f32_16x16x16_fp8_fp8 v[89:96], v[168:169], v[141:142], v[89:96]// 000000003B0C: CC464059 1D671BA8
	s_wait_dscnt 0x9                                           // 000000003B14: BFC60009
	v_wmma_f32_16x16x16_fp8_fp8 v[81:88], v[170:171], v[141:142], v[81:88]// 000000003B18: CC464051 1D471BAA
	s_wait_dscnt 0x8                                           // 000000003B20: BFC60008
	v_wmma_f32_16x16x16_fp8_fp8 v[73:80], v[172:173], v[141:142], v[73:80]// 000000003B24: CC464049 1D271BAC
	s_wait_dscnt 0x7                                           // 000000003B2C: BFC60007
	v_wmma_f32_16x16x16_fp8_fp8 v[65:72], v[174:175], v[141:142], v[65:72]// 000000003B30: CC464041 1D071BAE
	s_wait_dscnt 0x6                                           // 000000003B38: BFC60006
	v_wmma_f32_16x16x16_fp8_fp8 v[57:64], v[176:177], v[141:142], v[57:64]// 000000003B3C: CC464039 1CE71BB0
	s_wait_dscnt 0x5                                           // 000000003B44: BFC60005
	v_wmma_f32_16x16x16_fp8_fp8 v[49:56], v[178:179], v[141:142], v[49:56]// 000000003B48: CC464031 1CC71BB2
	s_wait_dscnt 0x4                                           // 000000003B50: BFC60004
	v_wmma_f32_16x16x16_fp8_fp8 v[41:48], v[180:181], v[141:142], v[41:48]// 000000003B54: CC464029 1CA71BB4
	s_wait_dscnt 0x3                                           // 000000003B5C: BFC60003
	v_wmma_f32_16x16x16_fp8_fp8 v[33:40], v[182:183], v[141:142], v[33:40]// 000000003B60: CC464021 1C871BB6
	s_wait_dscnt 0x2                                           // 000000003B68: BFC60002
	v_wmma_f32_16x16x16_fp8_fp8 v[25:32], v[184:185], v[141:142], v[25:32]// 000000003B6C: CC464019 1C671BB8
	s_wait_dscnt 0x1                                           // 000000003B74: BFC60001
	v_wmma_f32_16x16x16_fp8_fp8 v[17:24], v[186:187], v[141:142], v[17:24]// 000000003B78: CC464011 1C471BBA
	s_wait_dscnt 0x0                                           // 000000003B80: BFC60000
	v_wmma_f32_16x16x16_fp8_fp8 v[9:16], v[188:189], v[141:142], v[9:16]// 000000003B84: CC464009 1C271BBC
	v_dual_mov_b32 v167, v5 :: v_dual_mov_b32 v166, v3         // 000000003B8C: CA100105 A7A60103
	v_add_nc_u32_e32 v4, 0x100, v4                             // 000000003B94: 4A0808FF 00000100
	s_delay_alu instid0(VALU_DEP_2)                            // 000000003B9C: BF870002
	v_mov_b32_e32 v168, v2                                     // 000000003BA0: 7F500302
	s_add_co_i32 s28, s28, 1                                   // 000000003BA4: 811C811C
	s_wait_alu depctr_sa_sdst(0)                               // 000000003BA8: BF88FF9E
	s_cmp_lg_u32 s28, 4                                        // 000000003BAC: BF07841C
	s_cbranch_scc0 64851                                       // 000000003BB0: BFA1FD53 <attention_fp8_e4m3_fa2_gqa_gfx1201+0x600>
	s_wait_alu depctr_sa_sdst(0)                               // 000000003BB4: BF88FF9E
	s_cmp_lt_i32 s28, 1                                        // 000000003BB8: BF04811C
	s_mov_b32 s0, -1                                           // 000000003BBC: BE8000C1
	s_cbranch_scc1 10                                          // 000000003BC0: BFA2000A <attention_fp8_e4m3_fa2_gqa_gfx1201+0x10ec>
	s_cmp_eq_u32 s28, 1                                        // 000000003BC4: BF06811C
	s_mov_b32 s0, s29                                          // 000000003BC8: BE80001D
	s_cbranch_scc1 7                                           // 000000003BCC: BFA20007 <attention_fp8_e4m3_fa2_gqa_gfx1201+0x10ec>
	s_cmp_eq_u32 s28, 2                                        // 000000003BD0: BF06821C
	s_cselect_b32 s0, 32, 48                                   // 000000003BD4: 9800B0A0
	s_wait_alu depctr_sa_sdst(0)                               // 000000003BD8: BF88FF9E
	s_or_b32 s0, s0, s26                                       // 000000003BDC: 8C001A00
	s_wait_alu depctr_sa_sdst(0)                               // 000000003BE0: BF88FF9E
	s_cmp_ge_i32 s24, s0                                       // 000000003BE4: BF030018
	s_cselect_b32 s0, -1, 0                                    // 000000003BE8: 980080C1
	s_wait_alu depctr_sa_sdst(0)                               // 000000003BEC: BF88FF9E
	s_and_b32 vcc_lo, exec_lo, s0                              // 000000003BF0: 8B6A007E
	s_wait_alu depctr_sa_sdst(0)                               // 000000003BF4: BF88FF9E
	s_cbranch_vccz 514                                         // 000000003BF8: BFA30202 <attention_fp8_e4m3_fa2_gqa_gfx1201+0x1904>
	v_dual_mov_b32 v137, 0 :: v_dual_mov_b32 v2, v154          // 000000003BFC: CA100080 8902019A
	v_mov_b32_e32 v3, v155                                     // 000000003C04: 7E06039B
	s_movk_i32 s0, 0xc000                                      // 000000003C08: B000C000
	s_delay_alu instid0(VALU_DEP_2)                            // 000000003C0C: BF870002
	v_dual_mov_b32 v138, v137 :: v_dual_mov_b32 v139, v137     // 000000003C10: CA100189 8A8A0189
	v_dual_mov_b32 v140, v137 :: v_dual_mov_b32 v141, v137     // 000000003C18: CA100189 8C8C0189
	v_dual_mov_b32 v142, v137 :: v_dual_mov_b32 v143, v137     // 000000003C20: CA100189 8E8E0189
	v_mov_b32_e32 v144, v137                                   // 000000003C28: 7F200389
	s_clause 0x3                                               // 000000003C2C: BF850003
	global_load_b64 v[173:174], v[2:3], off offset:-48         // 000000003C30: EE05407C 000000AD FFFFD002
	global_load_b64 v[175:176], v[2:3], off offset:-32         // 000000003C3C: EE05407C 000000AF FFFFE002
	global_load_b64 v[177:178], v[2:3], off offset:-16         // 000000003C48: EE05407C 000000B1 FFFFF002
	global_load_b64 v[179:180], v[2:3], off                    // 000000003C54: EE05407C 000000B3 00000002
	s_wait_alu depctr_sa_sdst(0)                               // 000000003C60: BF88FF9E
	v_add_nc_u32_e32 v169, s0, v4                              // 000000003C64: 4B520800
	v_add_co_u32 v2, vcc_lo, v2, 64                            // 000000003C68: D7006A02 02018102
	s_wait_alu depctr_va_vcc(0)                                // 000000003C70: BF88FF9D
	v_add_co_ci_u32_e64 v3, null, 0, v3, vcc_lo                // 000000003C74: D5207C03 01AA0680
	ds_load_2addr_stride64_b64 v[5:8], v169 offset0:32 offset1:34// 000000003C7C: D9E02220 050000A9
	ds_load_2addr_stride64_b64 v[169:172], v169 offset0:36 offset1:38// 000000003C84: D9E02624 A90000A9
	s_addk_co_i32 s0, 0x1000                                   // 000000003C8C: B7801000
	s_wait_alu depctr_sa_sdst(0)                               // 000000003C90: BF88FF9E
	s_cmp_lg_u32 s0, 0                                         // 000000003C94: BF078000
	s_wait_loadcnt_dscnt 0x301                                 // 000000003C98: BFC80301
	v_wmma_f32_16x16x16_fp8_fp8 v[137:144], v[5:6], v[173:174], v[137:144]// 000000003C9C: CC464089 1E275B05
	s_wait_loadcnt 0x2                                         // 000000003CA4: BFC00002
	s_delay_alu instid0(VALU_DEP_1) | instskip(SKIP_1) | instid1(VALU_DEP_1)// 000000003CA8: BF8700A1
	v_wmma_f32_16x16x16_fp8_fp8 v[137:144], v[7:8], v[175:176], v[137:144]// 000000003CAC: CC464089 1E275F07
	s_wait_loadcnt_dscnt 0x100                                 // 000000003CB4: BFC80100
	v_wmma_f32_16x16x16_fp8_fp8 v[137:144], v[169:170], v[177:178], v[137:144]// 000000003CB8: CC464089 1E2763A9
	s_wait_loadcnt 0x0                                         // 000000003CC0: BFC00000
	s_delay_alu instid0(VALU_DEP_1)                            // 000000003CC4: BF870001
	v_wmma_f32_16x16x16_fp8_fp8 v[137:144], v[171:172], v[179:180], v[137:144]// 000000003CC8: CC464089 1E2767AB
	s_cbranch_scc1 65494                                       // 000000003CD0: BFA2FFD6 <attention_fp8_e4m3_fa2_gqa_gfx1201+0x112c>
	s_lshl4_add_u32 s0, s28, s26                               // 000000003CD4: 88801A1C
	v_dual_mov_b32 v6, 0 :: v_dual_mov_b32 v3, 0               // 000000003CD8: CA100080 06020080
	s_wait_alu depctr_sa_sdst(0)                               // 000000003CE0: BF88FF9E
	s_or_b32 s1, s0, 15                                        // 000000003CE4: 8C018F00
	s_wait_alu depctr_sa_sdst(0)                               // 000000003CE8: BF88FF9E
	s_cmp_le_i32 s1, s25                                       // 000000003CEC: BF051901
	s_cselect_b32 s30, -1, 0                                   // 000000003CF0: 981E80C1
	s_cmp_gt_i32 s1, s25                                       // 000000003CF4: BF021901
	s_cselect_b32 s1, -1, 0                                    // 000000003CF8: 980180C1
	s_wait_alu depctr_sa_sdst(0)                               // 000000003CFC: BF88FF9E
	s_and_b32 s3, s1, s23                                      // 000000003D00: 8B031701
	s_wait_alu depctr_sa_sdst(0)                               // 000000003D04: BF88FF9E
	s_and_saveexec_b32 s1, s3                                  // 000000003D08: BE812003
	s_cbranch_execz 3                                          // 000000003D0C: BFA50003 <attention_fp8_e4m3_fa2_gqa_gfx1201+0x121c>
	global_load_b32 v3, v[150:151], off                        // 000000003D10: EE05007C 00000003 00000096
	s_wait_alu depctr_sa_sdst(0)                               // 000000003D1C: BF88FF9E
	s_or_b32 exec_lo, exec_lo, s1                              // 000000003D20: 8C7E017E
	v_or_b32_e32 v2, s0, v146                                  // 000000003D24: 38052400
	s_delay_alu instid0(VALU_DEP_1)                            // 000000003D28: BF870001
	v_cmp_ge_i32_e32 vcc_lo, s24, v2                           // 000000003D2C: 7C8C0418
	s_and_saveexec_b32 s0, vcc_lo                              // 000000003D30: BE80206A
	s_cbranch_execz 8                                          // 000000003D34: BFA50008 <attention_fp8_e4m3_fa2_gqa_gfx1201+0x1258>
	v_mad_co_u64_u32 v[5:6], null, 0x408, v2, s[20:21]         // 000000003D38: D6FE7C05 005204FF 00000408
	global_load_d16_b16 v5, v[5:6], off offset:1024            // 000000003D44: EE08007C 00000005 00040005
	s_wait_loadcnt 0x0                                         // 000000003D50: BFC00000
	v_cvt_f32_f16_e32 v6, v5.l                                 // 000000003D54: 7E0C1705
	s_wait_alu depctr_sa_sdst(0)                               // 000000003D58: BF88FF9E
	s_or_b32 exec_lo, exec_lo, s0                              // 000000003D5C: 8C7E007E
	v_cmp_gt_i32_e64 s0, s24, v2                               // 000000003D60: D4440000 02020418
	v_dual_mov_b32 v7, 0 :: v_dual_mov_b32 v8, 0               // 000000003D68: CA100080 07080080
	s_and_saveexec_b32 s1, s0                                  // 000000003D70: BE812000
	s_cbranch_execz 10                                         // 000000003D74: BFA5000A <attention_fp8_e4m3_fa2_gqa_gfx1201+0x12a0>
	v_or_b32_e32 v5, 1, v2                                     // 000000003D78: 380A0481
	s_delay_alu instid0(VALU_DEP_1)                            // 000000003D7C: BF870001
	v_mad_co_u64_u32 v[169:170], null, 0x408, v5, s[20:21]     // 000000003D80: D6FE7CA9 00520AFF 00000408
	global_load_d16_b16 v5, v[169:170], off offset:1024        // 000000003D8C: EE08007C 00000005 000400A9
	s_wait_loadcnt 0x0                                         // 000000003D98: BFC00000
	v_cvt_f32_f16_e32 v8, v5.l                                 // 000000003D9C: 7E101705
	s_wait_alu depctr_sa_sdst(0)                               // 000000003DA0: BF88FF9E
	s_or_b32 exec_lo, exec_lo, s1                              // 000000003DA4: 8C7E017E
	v_or_b32_e32 v171, 2, v2                                   // 000000003DA8: 39560482
	s_delay_alu instid0(VALU_DEP_1)                            // 000000003DAC: BF870001
	v_cmp_ge_i32_e64 s1, s24, v171                             // 000000003DB0: D4460001 02035618
	s_and_saveexec_b32 s3, s1                                  // 000000003DB8: BE832001
	s_cbranch_execz 8                                          // 000000003DBC: BFA50008 <attention_fp8_e4m3_fa2_gqa_gfx1201+0x12e0>
	v_mad_co_u64_u32 v[169:170], null, 0x408, v171, s[20:21]   // 000000003DC0: D6FE7CA9 005356FF 00000408
	global_load_d16_b16 v5, v[169:170], off offset:1024        // 000000003DCC: EE08007C 00000005 000400A9
	s_wait_loadcnt 0x0                                         // 000000003DD8: BFC00000
	v_cvt_f32_f16_e32 v7, v5.l                                 // 000000003DDC: 7E0E1705
	s_wait_alu depctr_sa_sdst(0)                               // 000000003DE0: BF88FF9E
	s_or_b32 exec_lo, exec_lo, s3                              // 000000003DE4: 8C7E037E
	v_or_b32_e32 v173, 3, v2                                   // 000000003DE8: 395A0483
	v_dual_mov_b32 v169, 0 :: v_dual_mov_b32 v172, 0           // 000000003DEC: CA100080 A9AC0080
	s_delay_alu instid0(VALU_DEP_2)                            // 000000003DF4: BF870002
	v_cmp_ge_i32_e64 s3, s24, v173                             // 000000003DF8: D4460003 02035A18
	s_and_saveexec_b32 s4, s3                                  // 000000003E00: BE842003
	s_cbranch_execz 9                                          // 000000003E04: BFA50009 <attention_fp8_e4m3_fa2_gqa_gfx1201+0x132c>
	v_mad_co_u64_u32 v[174:175], null, 0x408, v173, s[20:21]   // 000000003E08: D6FE7CAE 00535AFF 00000408
	global_load_d16_b16 v5, v[174:175], off offset:1024        // 000000003E14: EE08007C 00000005 000400AE
	s_wait_loadcnt 0x0                                         // 000000003E20: BFC00000
	v_cvt_f32_f16_e64 v172, v5.l                               // 000000003E24: D58B00AC 02010105
	s_or_b32 exec_lo, exec_lo, s4                              // 000000003E2C: 8C7E047E
	v_or_b32_e32 v174, 4, v2                                   // 000000003E30: 395C0484
	s_delay_alu instid0(VALU_DEP_1)                            // 000000003E34: BF870001
	v_cmp_ge_i32_e64 s4, s24, v174                             // 000000003E38: D4460004 02035C18
	s_and_saveexec_b32 s5, s4                                  // 000000003E40: BE852004
	s_cbranch_execz 9                                          // 000000003E44: BFA50009 <attention_fp8_e4m3_fa2_gqa_gfx1201+0x136c>
	v_mad_co_u64_u32 v[169:170], null, 0x408, v174, s[20:21]   // 000000003E48: D6FE7CA9 00535CFF 00000408
	global_load_d16_b16 v5, v[169:170], off offset:1024        // 000000003E54: EE08007C 00000005 000400A9
	s_wait_loadcnt 0x0                                         // 000000003E60: BFC00000
	v_cvt_f32_f16_e64 v169, v5.l                               // 000000003E64: D58B00A9 02010105
	s_or_b32 exec_lo, exec_lo, s5                              // 000000003E6C: 8C7E057E
	v_or_b32_e32 v175, 5, v2                                   // 000000003E70: 395E0485
	v_mov_b32_e32 v170, 0                                      // 000000003E74: 7F540280
	v_mov_b32_e32 v176, 0                                      // 000000003E78: 7F600280
	s_delay_alu instid0(VALU_DEP_3)                            // 000000003E7C: BF870003
	v_cmp_ge_i32_e64 s5, s24, v175                             // 000000003E80: D4460005 02035E18
	s_and_saveexec_b32 s6, s5                                  // 000000003E88: BE862005
	s_cbranch_execz 9                                          // 000000003E8C: BFA50009 <attention_fp8_e4m3_fa2_gqa_gfx1201+0x13b4>
	v_mad_co_u64_u32 v[176:177], null, 0x408, v175, s[20:21]   // 000000003E90: D6FE7CB0 00535EFF 00000408
	global_load_d16_b16 v5, v[176:177], off offset:1024        // 000000003E9C: EE08007C 00000005 000400B0
	s_wait_loadcnt 0x0                                         // 000000003EA8: BFC00000
	v_cvt_f32_f16_e64 v176, v5.l                               // 000000003EAC: D58B00B0 02010105
	s_wait_alu depctr_sa_sdst(0)                               // 000000003EB4: BF88FF9E
	s_or_b32 exec_lo, exec_lo, s6                              // 000000003EB8: 8C7E067E
	v_or_b32_e32 v177, 6, v2                                   // 000000003EBC: 39620486
	s_delay_alu instid0(VALU_DEP_1)                            // 000000003EC0: BF870001
	v_cmp_ge_i32_e64 s6, s24, v177                             // 000000003EC4: D4460006 02036218
	s_and_saveexec_b32 s7, s6                                  // 000000003ECC: BE872006
	s_cbranch_execz 9                                          // 000000003ED0: BFA50009 <attention_fp8_e4m3_fa2_gqa_gfx1201+0x13f8>
	v_mad_co_u64_u32 v[178:179], null, 0x408, v177, s[20:21]   // 000000003ED4: D6FE7CB2 005362FF 00000408
	global_load_d16_b16 v5, v[178:179], off offset:1024        // 000000003EE0: EE08007C 00000005 000400B2
	s_wait_loadcnt 0x0                                         // 000000003EEC: BFC00000
	v_cvt_f32_f16_e64 v170, v5.l                               // 000000003EF0: D58B00AA 02010105
	s_wait_alu depctr_sa_sdst(0)                               // 000000003EF8: BF88FF9E
	s_or_b32 exec_lo, exec_lo, s7                              // 000000003EFC: 8C7E077E
	v_or_b32_e32 v179, 7, v2                                   // 000000003F00: 39660487
	v_dual_mov_b32 v5, 0 :: v_dual_mov_b32 v178, 0             // 000000003F04: CA100080 05B20080
	s_delay_alu instid0(VALU_DEP_2)                            // 000000003F0C: BF870002
	v_cmp_ge_i32_e64 s7, s24, v179                             // 000000003F10: D4460007 02036618
	s_and_saveexec_b32 s8, s7                                  // 000000003F18: BE882007
	s_cbranch_execz 9                                          // 000000003F1C: BFA50009 <attention_fp8_e4m3_fa2_gqa_gfx1201+0x1444>
	v_mad_co_u64_u32 v[180:181], null, 0x408, v179, s[20:21]   // 000000003F20: D6FE7CB4 005366FF 00000408
	global_load_d16_b16 v178, v[180:181], off offset:1024      // 000000003F2C: EE08007C 000000B2 000400B4
	s_wait_loadcnt 0x0                                         // 000000003F38: BFC00000
	v_cvt_f32_f16_e64 v178, v178.l                             // 000000003F3C: D58B00B2 020101B2
	s_wait_alu depctr_sa_sdst(0)                               // 000000003F44: BF88FF9E
	s_or_b32 exec_lo, exec_lo, s8                              // 000000003F48: 8C7E087E
	v_dual_mul_f32 v137, v0, v137 :: v_dual_mul_f32 v138, v0, v138// 000000003F4C: C8C71300 898B1500
	s_wait_loadcnt 0x0                                         // 000000003F54: BFC00000
	v_cmp_le_i32_e64 s8, v2, v3                                // 000000003F58: D4430008 02020702
	v_cmp_lt_i32_e64 s9, v2, v3                                // 000000003F60: D4410009 02020702
	v_cmp_le_i32_e64 s10, v171, v3                             // 000000003F68: D443000A 020207AB
	v_dual_mul_f32 v6, v137, v6 :: v_dual_mul_f32 v137, v0, v139// 000000003F70: C8C60D89 06891700
	s_or_b32 s8, s30, s8                                       // 000000003F78: 8C08081E
	v_mul_f32_e32 v8, v138, v8                                 // 000000003F7C: 1010118A
	s_wait_alu depctr_sa_sdst(0)                               // 000000003F80: BF88FF9E
	s_and_b32 s8, s23, s8                                      // 000000003F84: 8B080817
	s_or_b32 s9, s30, s9                                       // 000000003F88: 8C09091E
	v_mul_f32_e32 v7, v137, v7                                 // 000000003F8C: 100E0F89
	v_dual_mul_f32 v137, v0, v140 :: v_dual_mul_f32 v140, v0, v142// 000000003F90: C8C71900 898D1D00
	s_wait_alu depctr_sa_sdst(0)                               // 000000003F98: BF88FF9E
	v_cndmask_b32_e64 v6, 0xff800000, v6, s8                   // 000000003F9C: D5010006 00220CFF FF800000
	v_cmp_le_i32_e64 s8, v173, v3                              // 000000003FA8: D4430008 020207AD
	s_or_b32 s10, s30, s10                                     // 000000003FB0: 8C0A0A1E
	s_and_b32 s9, s23, s9                                      // 000000003FB4: 8B090917
	v_mul_f32_e32 v137, v137, v172                             // 000000003FB8: 11135989
	v_mul_f32_e32 v139, v0, v141                               // 000000003FBC: 11171B00
	s_wait_alu depctr_sa_sdst(0)                               // 000000003FC0: BF88FF9E
	v_cndmask_b32_e64 v8, 0xff800000, v8, s9                   // 000000003FC4: D5010008 002610FF FF800000
	s_and_b32 s9, s23, s10                                     // 000000003FD0: 8B090A17
	s_or_b32 s10, s30, s8                                      // 000000003FD4: 8C0A081E
	v_cmp_le_i32_e64 s8, v174, v3                              // 000000003FD8: D4430008 020207AE
	s_wait_alu depctr_sa_sdst(0)                               // 000000003FE0: BF88FF9E
	v_cndmask_b32_e64 v7, 0xff800000, v7, s9                   // 000000003FE4: D5010007 00260EFF FF800000
	v_cmp_le_i32_e64 s9, v175, v3                              // 000000003FF0: D4430009 020207AF
	s_and_b32 s10, s23, s10                                    // 000000003FF8: 8B0A0A17
	v_mul_f32_e32 v140, v140, v176                             // 000000003FFC: 1119618C
	s_wait_alu depctr_sa_sdst(0)                               // 000000004000: BF88FF9E
	v_cndmask_b32_e64 v138, 0xff800000, v137, s10              // 000000004004: D501008A 002B12FF FF800000
	v_mul_f32_e32 v137, v139, v169                             // 000000004010: 1113538B
	s_or_b32 s8, s30, s8                                       // 000000004014: 8C08081E
	s_or_b32 s9, s30, s9                                       // 000000004018: 8C09091E
	s_wait_alu depctr_sa_sdst(0)                               // 00000000401C: BF88FF9E
	s_and_b32 s8, s23, s8                                      // 000000004020: 8B080817
	v_max3_num_f32 v141, v6, 0xff800000, v8                    // 000000004024: D62A008D 0421FF06 FF800000
	s_wait_alu depctr_sa_sdst(0)                               // 000000004030: BF88FF9E
	v_cndmask_b32_e64 v139, 0xff800000, v137, s8               // 000000004034: D501008B 002312FF FF800000
	s_and_b32 s8, s23, s9                                      // 000000004040: 8B080917
	v_cmp_le_i32_e64 s9, v179, v3                              // 000000004044: D4430009 020207B3
	s_wait_alu depctr_sa_sdst(0)                               // 00000000404C: BF88FF9E
	v_cndmask_b32_e64 v137, 0xff800000, v140, s8               // 000000004050: D5010089 002318FF FF800000
	v_mul_f32_e32 v140, v0, v143                               // 00000000405C: 11191F00
	v_cmp_le_i32_e64 s8, v177, v3                              // 000000004060: D4430008 020207B1
	v_mul_f32_e32 v3, v0, v144                                 // 000000004068: 10072100
	v_max3_num_f32 v143, v141, v7, v138                        // 00000000406C: D62A008F 062A0F8D
	s_or_b32 s9, s30, s9                                       // 000000004074: 8C09091E
	v_mul_f32_e32 v140, v140, v170                             // 000000004078: 1119558C
	s_or_b32 s8, s30, s8                                       // 00000000407C: 8C08081E
	v_mul_f32_e32 v3, v3, v178                                 // 000000004080: 10076503
	s_wait_alu depctr_sa_sdst(0)                               // 000000004084: BF88FF9E
	s_and_b32 s8, s23, s8                                      // 000000004088: 8B080817
	v_lshrrev_b32_e32 v2, 3, v2                                // 00000000408C: 32040483
	s_wait_alu depctr_sa_sdst(0)                               // 000000004090: BF88FF9E
	v_cndmask_b32_e64 v142, 0xff800000, v140, s8               // 000000004094: D501008E 002318FF FF800000
	s_and_b32 s8, s23, s9                                      // 0000000040A0: 8B080917
	s_wait_alu depctr_sa_sdst(0)                               // 0000000040A4: BF88FF9E
	v_cndmask_b32_e64 v141, 0xff800000, v3, s8                 // 0000000040A8: D501008D 002206FF FF800000
	v_max3_num_f32 v3, v143, v139, v137                        // 0000000040B4: D62A0003 0627178F
	s_delay_alu instid0(VALU_DEP_1)                            // 0000000040BC: BF870001
	v_max3_num_f32 v172, v3, v142, v141                        // 0000000040C0: D62A00AC 06371D03
	v_mad_co_u64_u32 v[2:3], null, 0x2040, v2, s[12:13]        // 0000000040C8: D6FE7C02 003204FF 00002040
	ds_bpermute_b32 v173, v158, v172                           // 0000000040D4: DACC0000 AD00AC9E
	s_and_saveexec_b32 s8, vcc_lo                              // 0000000040DC: BE88206A
	s_cbranch_execz 5                                          // 0000000040E0: BFA50005 <attention_fp8_e4m3_fa2_gqa_gfx1201+0x15f8>
	global_load_d16_b16 v5, v[2:3], off offset:8192            // 0000000040E4: EE08007C 00000005 00200002
	s_wait_loadcnt 0x0                                         // 0000000040F0: BFC00000
	v_cvt_f32_f16_e32 v5, v5.l                                 // 0000000040F4: 7E0A1705
	s_wait_alu depctr_sa_sdst(0)                               // 0000000040F8: BF88FF9E
	s_or_b32 exec_lo, exec_lo, s8                              // 0000000040FC: 8C7E087E
	v_dual_mov_b32 v140, 0 :: v_dual_mov_b32 v143, 0           // 000000004100: CA100080 8C8E0080
	s_and_saveexec_b32 s8, s0                                  // 000000004108: BE882000
	s_cbranch_execz 6                                          // 00000000410C: BFA50006 <attention_fp8_e4m3_fa2_gqa_gfx1201+0x1628>
	global_load_d16_b16 v143, v[2:3], off offset:8200          // 000000004110: EE08007C 0000008F 00200802
	s_wait_loadcnt 0x0                                         // 00000000411C: BFC00000
	v_cvt_f32_f16_e64 v143, v143.l                             // 000000004120: D58B008F 0201018F
	s_wait_alu depctr_sa_sdst(0)                               // 000000004128: BF88FF9E
	s_or_b32 exec_lo, exec_lo, s8                              // 00000000412C: 8C7E087E
	s_and_saveexec_b32 s0, s1                                  // 000000004130: BE802001
	s_cbranch_execz 6                                          // 000000004134: BFA50006 <attention_fp8_e4m3_fa2_gqa_gfx1201+0x1650>
	global_load_d16_b16 v140, v[2:3], off offset:8208          // 000000004138: EE08007C 0000008C 00201002
	s_wait_loadcnt 0x0                                         // 000000004144: BFC00000
	v_cvt_f32_f16_e64 v140, v140.l                             // 000000004148: D58B008C 0201018C
	s_wait_alu depctr_sa_sdst(0)                               // 000000004150: BF88FF9E
	s_or_b32 exec_lo, exec_lo, s0                              // 000000004154: 8C7E007E
	v_dual_mov_b32 v144, 0 :: v_dual_mov_b32 v169, 0           // 000000004158: CA100080 90A80080
	s_and_saveexec_b32 s0, s3                                  // 000000004160: BE802003
	s_cbranch_execz 6                                          // 000000004164: BFA50006 <attention_fp8_e4m3_fa2_gqa_gfx1201+0x1680>
	global_load_d16_b16 v169, v[2:3], off offset:8216          // 000000004168: EE08007C 000000A9 00201802
	s_wait_loadcnt 0x0                                         // 000000004174: BFC00000
	v_cvt_f32_f16_e64 v169, v169.l                             // 000000004178: D58B00A9 020101A9
	s_wait_alu depctr_sa_sdst(0)                               // 000000004180: BF88FF9E
	s_or_b32 exec_lo, exec_lo, s0                              // 000000004184: 8C7E007E
	s_and_saveexec_b32 s0, s4                                  // 000000004188: BE802004
	s_cbranch_execz 6                                          // 00000000418C: BFA50006 <attention_fp8_e4m3_fa2_gqa_gfx1201+0x16a8>
	global_load_d16_b16 v144, v[2:3], off offset:8224          // 000000004190: EE08007C 00000090 00202002
	s_wait_loadcnt 0x0                                         // 00000000419C: BFC00000
	v_cvt_f32_f16_e64 v144, v144.l                             // 0000000041A0: D58B0090 02010190
	s_wait_alu depctr_sa_sdst(0)                               // 0000000041A8: BF88FF9E
	s_or_b32 exec_lo, exec_lo, s0                              // 0000000041AC: 8C7E007E
	v_dual_mov_b32 v170, 0 :: v_dual_mov_b32 v171, 0           // 0000000041B0: CA100080 AAAA0080
	s_and_saveexec_b32 s0, s5                                  // 0000000041B8: BE802005
	s_cbranch_execnz 147                                       // 0000000041BC: BFA60093 <attention_fp8_e4m3_fa2_gqa_gfx1201+0x190c>
	s_wait_alu depctr_sa_sdst(0)                               // 0000000041C0: BF88FF9E
	s_or_b32 exec_lo, exec_lo, s0                              // 0000000041C4: 8C7E007E
	s_and_saveexec_b32 s0, s6                                  // 0000000041C8: BE802006
	s_cbranch_execnz 153                                       // 0000000041CC: BFA60099 <attention_fp8_e4m3_fa2_gqa_gfx1201+0x1934>
	s_wait_alu depctr_sa_sdst(0)                               // 0000000041D0: BF88FF9E
	s_or_b32 exec_lo, exec_lo, s0                              // 0000000041D4: 8C7E007E
	v_mov_b32_e32 v174, 0                                      // 0000000041D8: 7F5C0280
	s_and_saveexec_b32 s0, s7                                  // 0000000041DC: BE802007
	s_cbranch_execz 6                                          // 0000000041E0: BFA50006 <attention_fp8_e4m3_fa2_gqa_gfx1201+0x16fc>
	global_load_d16_b16 v2, v[2:3], off offset:8248            // 0000000041E4: EE08007C 00000002 00203802
	s_wait_loadcnt 0x0                                         // 0000000041F0: BFC00000
	v_cvt_f32_f16_e64 v174, v2.l                               // 0000000041F4: D58B00AE 02010102
	s_wait_alu depctr_sa_sdst(0)                               // 0000000041FC: BF88FF9E
	s_or_b32 exec_lo, exec_lo, s0                              // 000000004200: 8C7E007E
	s_wait_dscnt 0x0                                           // 000000004204: BFC60000
	v_max3_num_f32 v2, v168, v172, v173                        // 000000004208: D62A0002 06B759A8
	s_mov_b32 s0, exec_lo                                      // 000000004210: BE80007E
	s_delay_alu instid0(VALU_DEP_1) | instskip(SKIP_2) | instid1(VALU_DEP_3)// 000000004214: BF8701B1
	v_dual_sub_f32 v3, v6, v2 :: v_dual_sub_f32 v6, v8, v2     // 000000004218: C94A0506 03060508
	v_dual_sub_f32 v7, v7, v2 :: v_dual_sub_f32 v8, v138, v2   // 000000004220: C94A0507 0708058A
	v_cmp_eq_f32_e32 vcc_lo, 0xff800000, v2                    // 000000004228: 7C2404FF FF800000
	v_dual_mul_f32 v3, 0x3fb8aa3b, v3 :: v_dual_mul_f32 v6, 0x3fb8aa3b, v6// 000000004230: C8C606FF 03060CFF 3FB8AA3B
	v_dual_sub_f32 v138, v139, v2 :: v_dual_sub_f32 v137, v137, v2// 00000000423C: C94A058B 8A880589
	s_delay_alu instid0(VALU_DEP_4) | instskip(NEXT) | instid1(VALU_DEP_3)// 000000004244: BF870194
	v_mul_f32_e32 v7, 0x3fb8aa3b, v7                           // 000000004248: 100E0EFF 3FB8AA3B
	v_exp_f32_e32 v3, v3                                       // 000000004250: 7E064B03
	s_delay_alu instid0(VALU_DEP_3) | instskip(SKIP_3) | instid1(VALU_DEP_2)// 000000004254: BF870143
	v_exp_f32_e32 v6, v6                                       // 000000004258: 7E0C4B06
	v_dual_sub_f32 v139, v142, v2 :: v_dual_mul_f32 v8, 0x3fb8aa3b, v8// 00000000425C: C946058E 8B0810FF 3FB8AA3B
	v_mul_f32_e32 v138, 0x3fb8aa3b, v138                       // 000000004268: 111514FF 3FB8AA3B
	v_exp_f32_e32 v7, v7                                       // 000000004270: 7E0E4B07
	v_exp_f32_e32 v8, v8                                       // 000000004274: 7E104B08
	s_wait_alu depctr_va_vcc(0)                                // 000000004278: BF88FF9D
	v_cndmask_b32_e64 v3, v3, 0, vcc_lo                        // 00000000427C: D5010003 01A90103
	v_sub_f32_e32 v141, v141, v2                               // 000000004284: 091A058D
	s_delay_alu instid0(TRANS32_DEP_3) | instskip(SKIP_1) | instid1(TRANS32_DEP_3)// 000000004288: BF8703A7
	v_cndmask_b32_e64 v6, v6, 0, vcc_lo                        // 00000000428C: D5010006 01A90106
	v_exp_f32_e32 v138, v138                                   // 000000004294: 7F144B8A
	v_cndmask_b32_e64 v173, v7, 0, vcc_lo                      // 000000004298: D50100AD 01A90107
	v_dual_mul_f32 v142, v3, v5 :: v_dual_mul_f32 v139, 0x3fb8aa3b, v139// 0000000042A0: C8C60B03 8E8B16FF 3FB8AA3B
	v_mul_f32_e32 v172, 0x3fb8aa3b, v141                       // 0000000042AC: 11591AFF 3FB8AA3B
	s_delay_alu instid0(VALU_DEP_3) | instskip(SKIP_2) | instid1(VALU_DEP_4)// 0000000042B4: BF870233
	v_dual_mul_f32 v137, 0x3fb8aa3b, v137 :: v_dual_mul_f32 v140, v173, v140// 0000000042B8: C8C712FF 898D19AD 3FB8AA3B
	v_mul_f32_e32 v141, v6, v143                               // 0000000042C4: 111B1F06
	v_add_f32_e32 v3, v3, v6                                   // 0000000042C8: 06060D03
	v_exp_f32_e32 v143, v172                                   // 0000000042CC: 7F1E4BAC
	s_delay_alu instid0(VALU_DEP_3) | instskip(SKIP_4) | instid1(TRANS32_DEP_3)// 0000000042D0: BF8703D3
	v_exp_f32_e32 v137, v137                                   // 0000000042D4: 7F124B89
	v_cndmask_b32_e64 v5, v8, 0, vcc_lo                        // 0000000042D8: D5010005 01A90108
	v_exp_f32_e32 v6, v139                                     // 0000000042E0: 7E0C4B8B
	v_cndmask_b32_e64 v172, v138, 0, vcc_lo                    // 0000000042E4: D50100AC 01A9018A
	v_add_f32_e32 v3, v173, v3                                 // 0000000042EC: 060607AD
	v_cndmask_b32_e64 v143, v143, 0, vcc_lo                    // 0000000042F0: D501008F 01A9018F
	s_delay_alu instid0(TRANS32_DEP_2) | instskip(SKIP_2) | instid1(TRANS32_DEP_1)// 0000000042F8: BF8702B6
	v_cndmask_b32_e64 v175, v137, 0, vcc_lo                    // 0000000042FC: D50100AF 01A90189
	v_mul_f32_e32 v139, v5, v169                               // 000000004304: 11175305
	v_mul_f32_e32 v7, v172, v144                               // 000000004308: 100F21AC
	v_cndmask_b32_e64 v6, v6, 0, vcc_lo                        // 00000000430C: D5010006 01A90106
	v_mul_f32_e32 v138, v143, v174                             // 000000004314: 11155D8F
	v_max3_num_f32 v137, v142, 0, v141                         // 000000004318: D62A0089 0635018E
	v_mul_f32_e32 v8, v175, v171                               // 000000004320: 101157AF
	v_add_f32_e32 v3, v5, v3                                   // 000000004324: 06060705
	s_delay_alu instid0(VALU_DEP_3) | instskip(SKIP_1) | instid1(VALU_DEP_3)// 000000004328: BF8701A3
	v_max3_num_f32 v144, v137, v140, v139                      // 00000000432C: D62A0090 062F1989
	v_mul_f32_e32 v137, v6, v170                               // 000000004334: 11135506
	v_add_f32_e32 v3, v172, v3                                 // 000000004338: 060607AC
	s_delay_alu instid0(VALU_DEP_3) | instskip(NEXT) | instid1(VALU_DEP_2)// 00000000433C: BF870113
	v_max3_num_f32 v144, v144, v7, v8                          // 000000004340: D62A0090 04220F90
	v_add_f32_e32 v3, v175, v3                                 // 000000004348: 060607AF
	s_delay_alu instid0(VALU_DEP_2) | instskip(NEXT) | instid1(VALU_DEP_2)// 00000000434C: BF870112
	v_max3_num_f32 v144, v144, v137, v138                      // 000000004350: D62A0090 062B1390
	v_add_f32_e32 v3, v6, v3                                   // 000000004358: 06060706
	ds_bpermute_b32 v169, v158, v144                           // 00000000435C: DACC0000 A900909E
	v_add_f32_e32 v5, v143, v3                                 // 000000004364: 060A078F
	ds_bpermute_b32 v6, v158, v5                               // 000000004368: DACC0000 0600059E
	s_wait_dscnt 0x1                                           // 000000004370: BFC60001
	v_max_num_f32_e32 v3, v169, v169                           // 000000004374: 2C0753A9
	s_delay_alu instid0(VALU_DEP_1) | instskip(SKIP_1) | instid1(VALU_DEP_2)// 000000004378: BF870121
	v_max_num_f32_e32 v143, v144, v3                           // 00000000437C: 2D1E0790
	v_mov_b32_e32 v3, v166                                     // 000000004380: 7E0603A6
	v_cmpx_lt_f32_e32 0, v143                                  // 000000004384: 7D231E80
	s_cbranch_execz 64589                                      // 000000004388: BFA5FC4D <attention_fp8_e4m3_fa2_gqa_gfx1201+0x9c0>
	v_div_scale_f32 v3, null, 0x43e00000, 0x43e00000, v143     // 00000000438C: D6FC7C03 063DFEFF 43E00000
	s_delay_alu instid0(VALU_DEP_1) | instskip(NEXT) | instid1(TRANS32_DEP_1)// 000000004398: BF870291
	v_rcp_f32_e32 v144, v3                                     // 00000000439C: 7F205503
	v_fma_f32 v169, -v3, v144, 1.0                             // 0000000043A0: D61300A9 23CB2103
	s_delay_alu instid0(VALU_DEP_1) | instskip(SKIP_1) | instid1(VALU_DEP_1)// 0000000043A8: BF8700A1
	v_fmac_f32_e32 v144, v169, v144                            // 0000000043AC: 572121A9
	v_div_scale_f32 v169, vcc_lo, v143, 0x43e00000, v143       // 0000000043B0: D6FC6AA9 063DFF8F 43E00000
	v_mul_f32_e32 v170, v169, v144                             // 0000000043BC: 115521A9
	s_delay_alu instid0(VALU_DEP_1) | instskip(NEXT) | instid1(VALU_DEP_1)// 0000000043C0: BF870091
	v_fma_f32 v171, -v3, v170, v169                            // 0000000043C4: D61300AB 26A75503
	v_fmac_f32_e32 v170, v171, v144                            // 0000000043CC: 575521AB
	s_delay_alu instid0(VALU_DEP_1) | instskip(SKIP_1) | instid1(VALU_DEP_1)// 0000000043D0: BF8700A1
	v_fma_f32 v3, -v3, v170, v169                              // 0000000043D4: D6130003 26A75503
	s_wait_alu depctr_va_vcc(0)                                // 0000000043DC: BF88FF9D
	v_div_fmas_f32 v3, v3, v144, v170                          // 0000000043E0: D6370003 06AB2103
	s_delay_alu instid0(VALU_DEP_1) | instskip(NEXT) | instid1(VALU_DEP_1)// 0000000043E8: BF870091
	v_div_fixup_f32 v3, v3, 0x43e00000, v143                   // 0000000043EC: D6270003 063DFF03 43E00000
	v_max_num_f32_e32 v3, 0x1f800000, v3                       // 0000000043F8: 2C0606FF 1F800000
	s_branch 64559                                             // 000000004400: BFA0FC2F <attention_fp8_e4m3_fa2_gqa_gfx1201+0x9c0>
	v_mov_b32_e32 v2, v168                                     // 000000004404: 7E0403A8
	s_branch 64994                                             // 000000004408: BFA0FDE2 <attention_fp8_e4m3_fa2_gqa_gfx1201+0x1094>
	global_load_d16_b16 v171, v[2:3], off offset:8232          // 00000000440C: EE08007C 000000AB 00202802
	s_wait_loadcnt 0x0                                         // 000000004418: BFC00000
	v_cvt_f32_f16_e64 v171, v171.l                             // 00000000441C: D58B00AB 020101AB
	s_wait_alu depctr_sa_sdst(0)                               // 000000004424: BF88FF9E
	s_or_b32 exec_lo, exec_lo, s0                              // 000000004428: 8C7E007E
	s_and_saveexec_b32 s0, s6                                  // 00000000442C: BE802006
	s_cbranch_execz 65383                                      // 000000004430: BFA5FF67 <attention_fp8_e4m3_fa2_gqa_gfx1201+0x16d0>
	global_load_d16_b16 v170, v[2:3], off offset:8240          // 000000004434: EE08007C 000000AA 00203002
	s_wait_loadcnt 0x0                                         // 000000004440: BFC00000
	v_cvt_f32_f16_e64 v170, v170.l                             // 000000004444: D58B00AA 020101AA
	s_wait_alu depctr_sa_sdst(0)                               // 00000000444C: BF88FF9E
	s_or_b32 exec_lo, exec_lo, s0                              // 000000004450: 8C7E007E
	v_mov_b32_e32 v174, 0                                      // 000000004454: 7F5C0280
	s_and_saveexec_b32 s0, s7                                  // 000000004458: BE802007
	s_cbranch_execnz 65377                                     // 00000000445C: BFA6FF61 <attention_fp8_e4m3_fa2_gqa_gfx1201+0x16e4>
	s_branch 65382                                             // 000000004460: BFA0FF66 <attention_fp8_e4m3_fa2_gqa_gfx1201+0x16fc>
	s_and_saveexec_b32 s0, s23                                 // 000000004464: BE802017
	s_cbranch_execz 274                                        // 000000004468: BFA50112 <attention_fp8_e4m3_fa2_gqa_gfx1201+0x1db4>
	v_div_scale_f32 v0, null, v167, v167, 1.0                  // 00000000446C: D6FC7C00 03CB4FA7
	v_div_scale_f32 v3, vcc_lo, 1.0, v167, 1.0                 // 000000004474: D6FC6A03 03CB4EF2
	s_delay_alu instid0(VALU_DEP_2) | instskip(NEXT) | instid1(TRANS32_DEP_1)// 00000000447C: BF870292
	v_rcp_f32_e32 v1, v0                                       // 000000004480: 7E025500
	v_fma_f32 v2, -v0, v1, 1.0                                 // 000000004484: D6130002 23CA0300
	s_delay_alu instid0(VALU_DEP_1) | instskip(NEXT) | instid1(VALU_DEP_1)// 00000000448C: BF870091
	v_fmac_f32_e32 v1, v2, v1                                  // 000000004490: 56020302
	v_mul_f32_e32 v2, v3, v1                                   // 000000004494: 10040303
	s_delay_alu instid0(VALU_DEP_1) | instskip(NEXT) | instid1(VALU_DEP_1)// 000000004498: BF870091
	v_fma_f32 v4, -v0, v2, v3                                  // 00000000449C: D6130004 240E0500
	v_fmac_f32_e32 v2, v4, v1                                  // 0000000044A4: 56040304
	v_mul_lo_u32 v4, 0x1800, v145                              // 0000000044A8: D72C0004 020322FF 00001800
	s_delay_alu instid0(VALU_DEP_2) | instskip(SKIP_1) | instid1(VALU_DEP_1)// 0000000044B4: BF8700A2
	v_fma_f32 v0, -v0, v2, v3                                  // 0000000044B8: D6130000 240E0500
	s_wait_alu depctr_va_vcc(0)                                // 0000000044C0: BF88FF9D
	v_div_fmas_f32 v0, v0, v1, v2                              // 0000000044C4: D6370000 040A0300
	s_delay_alu instid0(VALU_DEP_3) | instskip(SKIP_2) | instid1(VALU_DEP_4)// 0000000044CC: BF870233
	v_lshl_add_u32 v2, v147, 8, v4                             // 0000000044D0: D6460002 04111193
	v_cmp_lt_f32_e32 vcc_lo, 0, v167                           // 0000000044D8: 7C234E80
	v_mov_b32_e32 v1, 0                                        // 0000000044DC: 7E020280
	v_div_fixup_f32 v3, v0, v167, 1.0                          // 0000000044E0: D6270003 03CB4F00
	s_delay_alu instid0(VALU_DEP_4) | instskip(SKIP_1) | instid1(VALU_DEP_2)// 0000000044E8: BF870124
	v_or_b32_e32 v0, v2, v146                                  // 0000000044EC: 38012502
	s_wait_alu depctr_va_vcc(0)                                // 0000000044F0: BF88FF9D
	v_cndmask_b32_e32 v2, 0, v3, vcc_lo                        // 0000000044F4: 02040680
	s_delay_alu instid0(VALU_DEP_2) | instskip(NEXT) | instid1(VALU_DEP_2)// 0000000044F8: BF870112
	v_lshlrev_b64_e32 v[0:1], 2, v[0:1]                        // 0000000044FC: 3E000082
	v_mul_f32_e32 v139, v166, v2                               // 000000004500: 111605A6
	s_delay_alu instid0(VALU_DEP_2) | instskip(SKIP_1) | instid1(VALU_DEP_3)// 000000004504: BF8701A2
	v_add_co_u32 v137, vcc_lo, s14, v0                         // 000000004508: D7006A89 0202000E
	s_wait_alu depctr_va_vcc(0)                                // 000000004510: BF88FF9D
	v_add_co_ci_u32_e64 v138, null, s15, v1, vcc_lo            // 000000004514: D5207C8A 01AA020F
	s_delay_alu instid0(VALU_DEP_3)                            // 00000000451C: BF870003
	v_dual_mul_f32 v0, v129, v139 :: v_dual_mul_f32 v3, v132, v139// 000000004520: C8C71781 00031784
	v_dual_mul_f32 v1, v130, v139 :: v_dual_mul_f32 v2, v131, v139// 000000004528: C8C71782 01031783
	v_dual_mul_f32 v5, v134, v139 :: v_dual_mul_f32 v4, v133, v139// 000000004530: C8C71786 05051785
	v_dual_mul_f32 v7, v136, v139 :: v_dual_mul_f32 v6, v135, v139// 000000004538: C8C71788 07071787
	v_dual_mul_f32 v121, v121, v139 :: v_dual_mul_f32 v122, v122, v139// 000000004540: C8C71779 797B177A
	v_dual_mul_f32 v123, v123, v139 :: v_dual_mul_f32 v124, v124, v139// 000000004548: C8C7177B 7B7D177C
	v_dual_mul_f32 v125, v125, v139 :: v_dual_mul_f32 v126, v126, v139// 000000004550: C8C7177D 7D7F177E
	v_dual_mul_f32 v127, v127, v139 :: v_dual_mul_f32 v128, v128, v139// 000000004558: C8C7177F 7F811780
	v_dual_mul_f32 v113, v113, v139 :: v_dual_mul_f32 v112, v112, v139// 000000004560: C8C71771 71711770
	v_dual_mul_f32 v97, v97, v139 :: v_dual_mul_f32 v98, v98, v139// 000000004568: C8C71761 61631762
	v_dual_mul_f32 v99, v99, v139 :: v_dual_mul_f32 v100, v100, v139// 000000004570: C8C71763 63651764
	v_dual_mul_f32 v101, v101, v139 :: v_dual_mul_f32 v114, v114, v139// 000000004578: C8C71765 65731772
	v_dual_mul_f32 v115, v115, v139 :: v_dual_mul_f32 v116, v116, v139// 000000004580: C8C71773 73751774
	v_dual_mul_f32 v117, v117, v139 :: v_dual_mul_f32 v102, v102, v139// 000000004588: C8C71775 75671766
	v_dual_mul_f32 v103, v103, v139 :: v_dual_mul_f32 v104, v104, v139// 000000004590: C8C71767 67691768
	v_dual_mul_f32 v118, v118, v139 :: v_dual_mul_f32 v119, v119, v139// 000000004598: C8C71776 76771777
	v_dual_mul_f32 v120, v120, v139 :: v_dual_mul_f32 v105, v105, v139// 0000000045A0: C8C71778 78691769
	v_dual_mul_f32 v106, v106, v139 :: v_dual_mul_f32 v107, v107, v139// 0000000045A8: C8C7176A 6A6B176B
	v_dual_mul_f32 v108, v108, v139 :: v_dual_mul_f32 v109, v109, v139// 0000000045B0: C8C7176C 6C6D176D
	v_dual_mul_f32 v110, v110, v139 :: v_dual_mul_f32 v111, v111, v139// 0000000045B8: C8C7176E 6E6F176F
	s_clause 0x7                                               // 0000000045C0: BF850007
	global_store_b128 v[137:138], v[0:3], off                  // 0000000045C4: EE07407C 00000000 00000089
	global_store_b128 v[137:138], v[4:7], off offset:16        // 0000000045D0: EE07407C 02000000 00001089
	global_store_b128 v[137:138], v[121:124], off offset:64    // 0000000045DC: EE07407C 3C800000 00004089
	global_store_b128 v[137:138], v[125:128], off offset:80    // 0000000045E8: EE07407C 3E800000 00005089
	global_store_b128 v[137:138], v[113:116], off offset:128   // 0000000045F4: EE07407C 38800000 00008089
	global_store_b128 v[137:138], v[117:120], off offset:144   // 000000004600: EE07407C 3A800000 00009089
	global_store_b128 v[137:138], v[105:108], off offset:192   // 00000000460C: EE07407C 34800000 0000C089
	global_store_b128 v[137:138], v[109:112], off offset:208   // 000000004618: EE07407C 36800000 0000D089
	v_dual_mul_f32 v0, v89, v139 :: v_dual_mul_f32 v3, v92, v139// 000000004624: C8C71759 0003175C
	v_dual_mul_f32 v1, v90, v139 :: v_dual_mul_f32 v2, v91, v139// 00000000462C: C8C7175A 0103175B
	v_dual_mul_f32 v5, v94, v139 :: v_dual_mul_f32 v4, v93, v139// 000000004634: C8C7175E 0505175D
	v_dual_mul_f32 v7, v96, v139 :: v_dual_mul_f32 v6, v95, v139// 00000000463C: C8C71760 0707175F
	v_dual_mul_f32 v81, v81, v139 :: v_dual_mul_f32 v82, v82, v139// 000000004644: C8C71751 51531752
	v_dual_mul_f32 v83, v83, v139 :: v_dual_mul_f32 v84, v84, v139// 00000000464C: C8C71753 53551754
	v_dual_mul_f32 v85, v85, v139 :: v_dual_mul_f32 v86, v86, v139// 000000004654: C8C71755 55571756
	v_dual_mul_f32 v87, v87, v139 :: v_dual_mul_f32 v88, v88, v139// 00000000465C: C8C71757 57591758
	s_clause 0x5                                               // 000000004664: BF850005
	global_store_b128 v[137:138], v[97:100], off offset:256    // 000000004668: EE07407C 30800000 00010089
	global_store_b128 v[137:138], v[101:104], off offset:272   // 000000004674: EE07407C 32800000 00011089
	global_store_b128 v[137:138], v[0:3], off offset:320       // 000000004680: EE07407C 00000000 00014089
	global_store_b128 v[137:138], v[4:7], off offset:336       // 00000000468C: EE07407C 02000000 00015089
	global_store_b128 v[137:138], v[81:84], off offset:384     // 000000004698: EE07407C 28800000 00018089
	global_store_b128 v[137:138], v[85:88], off offset:400     // 0000000046A4: EE07407C 2A800000 00019089
	v_dual_mul_f32 v0, v73, v139 :: v_dual_mul_f32 v3, v76, v139// 0000000046B0: C8C71749 0003174C
	v_dual_mul_f32 v1, v74, v139 :: v_dual_mul_f32 v2, v75, v139// 0000000046B8: C8C7174A 0103174B
	v_dual_mul_f32 v5, v78, v139 :: v_dual_mul_f32 v4, v77, v139// 0000000046C0: C8C7174E 0505174D
	v_dual_mul_f32 v7, v80, v139 :: v_dual_mul_f32 v6, v79, v139// 0000000046C8: C8C71750 0707174F
	v_dual_mul_f32 v65, v65, v139 :: v_dual_mul_f32 v66, v66, v139// 0000000046D0: C8C71741 41431742
	v_dual_mul_f32 v67, v67, v139 :: v_dual_mul_f32 v68, v68, v139// 0000000046D8: C8C71743 43451744
	v_dual_mul_f32 v69, v69, v139 :: v_dual_mul_f32 v70, v70, v139// 0000000046E0: C8C71745 45471746
	v_dual_mul_f32 v71, v71, v139 :: v_dual_mul_f32 v72, v72, v139// 0000000046E8: C8C71747 47491748
	v_dual_mul_f32 v57, v57, v139 :: v_dual_mul_f32 v58, v58, v139// 0000000046F0: C8C71739 393B173A
	v_dual_mul_f32 v59, v59, v139 :: v_dual_mul_f32 v60, v60, v139// 0000000046F8: C8C7173B 3B3D173C
	v_dual_mul_f32 v61, v61, v139 :: v_dual_mul_f32 v62, v62, v139// 000000004700: C8C7173D 3D3F173E
	v_dual_mul_f32 v63, v63, v139 :: v_dual_mul_f32 v64, v64, v139// 000000004708: C8C7173F 3F411740
	s_clause 0x5                                               // 000000004710: BF850005
	global_store_b128 v[137:138], v[0:3], off offset:448       // 000000004714: EE07407C 00000000 0001C089
	global_store_b128 v[137:138], v[4:7], off offset:464       // 000000004720: EE07407C 02000000 0001D089
	global_store_b128 v[137:138], v[65:68], off offset:512     // 00000000472C: EE07407C 20800000 00020089
	global_store_b128 v[137:138], v[69:72], off offset:528     // 000000004738: EE07407C 22800000 00021089
	global_store_b128 v[137:138], v[57:60], off offset:576     // 000000004744: EE07407C 1C800000 00024089
	global_store_b128 v[137:138], v[61:64], off offset:592     // 000000004750: EE07407C 1E800000 00025089
	v_dual_mul_f32 v0, v49, v139 :: v_dual_mul_f32 v3, v52, v139// 00000000475C: C8C71731 00031734
	v_dual_mul_f32 v1, v50, v139 :: v_dual_mul_f32 v2, v51, v139// 000000004764: C8C71732 01031733
	v_dual_mul_f32 v5, v54, v139 :: v_dual_mul_f32 v4, v53, v139// 00000000476C: C8C71736 05051735
	v_dual_mul_f32 v7, v56, v139 :: v_dual_mul_f32 v6, v55, v139// 000000004774: C8C71738 07071737
	v_dual_mul_f32 v41, v41, v139 :: v_dual_mul_f32 v42, v42, v139// 00000000477C: C8C71729 292B172A
	v_dual_mul_f32 v43, v43, v139 :: v_dual_mul_f32 v44, v44, v139// 000000004784: C8C7172B 2B2D172C
	v_dual_mul_f32 v45, v45, v139 :: v_dual_mul_f32 v46, v46, v139// 00000000478C: C8C7172D 2D2F172E
	v_dual_mul_f32 v47, v47, v139 :: v_dual_mul_f32 v48, v48, v139// 000000004794: C8C7172F 2F311730
	v_dual_mul_f32 v33, v33, v139 :: v_dual_mul_f32 v34, v34, v139// 00000000479C: C8C71721 21231722
	v_dual_mul_f32 v35, v35, v139 :: v_dual_mul_f32 v36, v36, v139// 0000000047A4: C8C71723 23251724
	v_dual_mul_f32 v37, v37, v139 :: v_dual_mul_f32 v38, v38, v139// 0000000047AC: C8C71725 25271726
	v_dual_mul_f32 v39, v39, v139 :: v_dual_mul_f32 v40, v40, v139// 0000000047B4: C8C71727 27291728
	s_clause 0x5                                               // 0000000047BC: BF850005
	global_store_b128 v[137:138], v[0:3], off offset:640       // 0000000047C0: EE07407C 00000000 00028089
	global_store_b128 v[137:138], v[4:7], off offset:656       // 0000000047CC: EE07407C 02000000 00029089
	global_store_b128 v[137:138], v[41:44], off offset:704     // 0000000047D8: EE07407C 14800000 0002C089
	global_store_b128 v[137:138], v[45:48], off offset:720     // 0000000047E4: EE07407C 16800000 0002D089
	global_store_b128 v[137:138], v[33:36], off offset:768     // 0000000047F0: EE07407C 10800000 00030089
	global_store_b128 v[137:138], v[37:40], off offset:784     // 0000000047FC: EE07407C 12800000 00031089
	v_dual_mul_f32 v0, v25, v139 :: v_dual_mul_f32 v3, v28, v139// 000000004808: C8C71719 0003171C
	v_dual_mul_f32 v1, v26, v139 :: v_dual_mul_f32 v2, v27, v139// 000000004810: C8C7171A 0103171B
	v_dual_mul_f32 v5, v30, v139 :: v_dual_mul_f32 v4, v29, v139// 000000004818: C8C7171E 0505171D
	v_dual_mul_f32 v7, v32, v139 :: v_dual_mul_f32 v6, v31, v139// 000000004820: C8C71720 0707171F
	v_dual_mul_f32 v17, v17, v139 :: v_dual_mul_f32 v18, v18, v139// 000000004828: C8C71711 11131712
	v_dual_mul_f32 v19, v19, v139 :: v_dual_mul_f32 v20, v20, v139// 000000004830: C8C71713 13151714
	v_dual_mul_f32 v21, v21, v139 :: v_dual_mul_f32 v22, v22, v139// 000000004838: C8C71715 15171716
	v_dual_mul_f32 v23, v23, v139 :: v_dual_mul_f32 v24, v24, v139// 000000004840: C8C71717 17191718
	v_dual_mul_f32 v8, v9, v139 :: v_dual_mul_f32 v9, v10, v139// 000000004848: C8C71709 0809170A
	v_dual_mul_f32 v10, v11, v139 :: v_dual_mul_f32 v11, v12, v139// 000000004850: C8C7170B 0A0B170C
	v_dual_mul_f32 v12, v13, v139 :: v_dual_mul_f32 v13, v14, v139// 000000004858: C8C7170D 0C0D170E
	v_dual_mul_f32 v14, v15, v139 :: v_dual_mul_f32 v15, v16, v139// 000000004860: C8C7170F 0E0F1710
	s_clause 0x5                                               // 000000004868: BF850005
	global_store_b128 v[137:138], v[0:3], off offset:832       // 00000000486C: EE07407C 00000000 00034089
	global_store_b128 v[137:138], v[4:7], off offset:848       // 000000004878: EE07407C 02000000 00035089
	global_store_b128 v[137:138], v[17:20], off offset:896     // 000000004884: EE07407C 08800000 00038089
	global_store_b128 v[137:138], v[21:24], off offset:912     // 000000004890: EE07407C 0A800000 00039089
	global_store_b128 v[137:138], v[8:11], off offset:960      // 00000000489C: EE07407C 04000000 0003C089
	global_store_b128 v[137:138], v[12:15], off offset:976     // 0000000048A8: EE07407C 06000000 0003D089
	s_nop 0                                                    // 0000000048B4: BF800000
	s_sendmsg sendmsg(MSG_DEALLOC_VGPRS)                       // 0000000048B8: BFB60003
	s_endpgm                                                   // 0000000048BC: BFB00000
	s_nop 0                                                    // 0000000048C0: BF800000
	s_nop 0                                                    // 0000000048C4: BF800000
	s_nop 0                                                    // 0000000048C8: BF800000
	s_nop 0                                                    // 0000000048CC: BF800000
	s_nop 0                                                    // 0000000048D0: BF800000
	s_nop 0                                                    // 0000000048D4: BF800000
	s_nop 0                                                    // 0000000048D8: BF800000
	s_nop 0                                                    // 0000000048DC: BF800000
	s_nop 0                                                    // 0000000048E0: BF800000
	s_nop 0                                                    // 0000000048E4: BF800000
	s_nop 0                                                    // 0000000048E8: BF800000
	s_nop 0                                                    // 0000000048EC: BF800000
	s_nop 0                                                    // 0000000048F0: BF800000
	s_nop 0                                                    // 0000000048F4: BF800000
	s_nop 0                                                    // 0000000048F8: BF800000
	s_nop 0                                                    // 0000000048FC: BF800000

0000000000004900 <attention_fp8_e4m3_fa2_q_preconvert_f16_gfx1201>:
	s_load_b32 s2, s[0:1], 0x20                                // 000000004900: F4000080 F8000020
	v_lshrrev_b32_e32 v1, 5, v0                                // 000000004908: 32020085
	s_delay_alu instid0(VALU_DEP_1)                            // 00000000490C: BF870001
	v_lshl_or_b32 v1, ttmp9, 2, v1                             // 000000004910: D6560001 04050475
	s_wait_kmcnt 0x0                                           // 000000004918: BFC70000
	s_mul_i32 s2, s2, 24                                       // 00000000491C: 96029802
	s_delay_alu instid0(VALU_DEP_1) | instid1(SALU_CYCLE_1)    // 000000004920: BF870481
	v_cmp_gt_i32_e32 vcc_lo, s2, v1                            // 000000004924: 7C880202
	s_and_saveexec_b32 s2, vcc_lo                              // 000000004928: BE82206A
	s_cbranch_execz 84                                         // 00000000492C: BFA50054 <attention_fp8_e4m3_fa2_q_preconvert_f16_gfx1201+0x180>
	v_mul_hi_i32 v2, 0x2aaaaaab, v1                            // 000000004930: D72E0002 020202FF 2AAAAAAB
	s_load_b128 s[0:3], s[0:1], 0x0                            // 00000000493C: F4004000 F8000000
	v_mov_b32_e32 v9, 0                                        // 000000004944: 7E120280
	s_delay_alu instid0(VALU_DEP_1) | instskip(NEXT) | instid1(VALU_DEP_3)// 000000004948: BF870191
	v_mov_b32_e32 v11, v9                                      // 00000000494C: 7E160309
	v_lshrrev_b32_e32 v3, 31, v2                               // 000000004950: 3206049F
	v_ashrrev_i32_e32 v2, 2, v2                                // 000000004954: 34040482
	s_delay_alu instid0(VALU_DEP_1) | instskip(NEXT) | instid1(VALU_DEP_1)// 000000004958: BF870091
	v_add_nc_u32_e32 v2, v2, v3                                // 00000000495C: 4A040702
	v_mul_lo_u32 v3, v2, 24                                    // 000000004960: D72C0003 02013102
	v_mul_lo_u32 v8, 0x1800, v2                                // 000000004968: D72C0008 020204FF 00001800
	v_lshlrev_b32_e32 v2, 3, v0                                // 000000004974: 30040083
	s_delay_alu instid0(VALU_DEP_1) | instskip(NEXT) | instid1(VALU_DEP_4)// 000000004978: BF870211
	v_and_b32_e32 v12, 0xf8, v2                                // 00000000497C: 361804FF 000000F8
	v_sub_nc_u32_e32 v1, v1, v3                                // 000000004984: 4C020701
	s_delay_alu instid0(VALU_DEP_2) | instskip(NEXT) | instid1(VALU_DEP_2)// 000000004988: BF870112
	v_lshlrev_b32_e32 v4, 2, v12                               // 00000000498C: 30081882
	v_lshlrev_b32_e32 v10, 8, v1                               // 000000004990: 30140288
	v_lshlrev_b64_e32 v[0:1], 2, v[8:9]                        // 000000004994: 3E001082
	v_lshlrev_b64_e32 v[8:9], 1, v[8:9]                        // 000000004998: 3E101081
	v_lshlrev_b32_e32 v12, 1, v12                              // 00000000499C: 30181881
	s_delay_alu instid0(VALU_DEP_4) | instskip(SKIP_3) | instid1(VALU_DEP_1)// 0000000049A0: BF8700C4
	v_lshlrev_b64_e32 v[2:3], 2, v[10:11]                      // 0000000049A4: 3E041482
	v_lshlrev_b64_e32 v[10:11], 1, v[10:11]                    // 0000000049A8: 3E141481
	s_wait_kmcnt 0x0                                           // 0000000049AC: BFC70000
	v_add_co_u32 v0, vcc_lo, s0, v0                            // 0000000049B0: D7006A00 02020000
	v_add_co_ci_u32_e64 v1, null, s1, v1, vcc_lo               // 0000000049B8: D5207C01 01AA0201
	s_delay_alu instid0(VALU_DEP_2) | instskip(SKIP_1) | instid1(VALU_DEP_2)// 0000000049C0: BF870122
	v_add_co_u32 v0, vcc_lo, v0, v2                            // 0000000049C4: D7006A00 02020500
	s_wait_alu depctr_va_vcc(0)                                // 0000000049CC: BF88FF9D
	v_add_co_ci_u32_e64 v1, null, v1, v3, vcc_lo               // 0000000049D0: D5207C01 01AA0701
	s_delay_alu instid0(VALU_DEP_2) | instskip(SKIP_1) | instid1(VALU_DEP_2)// 0000000049D8: BF870122
	v_add_co_u32 v4, vcc_lo, v0, v4                            // 0000000049DC: D7006A04 02020900
	s_wait_alu depctr_va_vcc(0)                                // 0000000049E4: BF88FF9D
	v_add_co_ci_u32_e64 v5, null, 0, v1, vcc_lo                // 0000000049E8: D5207C05 01AA0280
	v_add_co_u32 v8, vcc_lo, s2, v8                            // 0000000049F0: D7006A08 02021002
	s_clause 0x1                                               // 0000000049F8: BF850001
	global_load_b128 v[0:3], v[4:5], off                       // 0000000049FC: EE05C07C 00000000 00000004
	global_load_b128 v[4:7], v[4:5], off offset:16             // 000000004A08: EE05C07C 00000004 00001004
	s_wait_alu depctr_va_vcc(0)                                // 000000004A14: BF88FF9D
	v_add_co_ci_u32_e64 v9, null, s3, v9, vcc_lo               // 000000004A18: D5207C09 01AA1203
	v_add_co_u32 v8, vcc_lo, v8, v10                           // 000000004A20: D7006A08 02021508
	s_wait_alu depctr_va_vcc(0)                                // 000000004A28: BF88FF9D
	s_delay_alu instid0(VALU_DEP_2)                            // 000000004A2C: BF870002
	v_add_co_ci_u32_e64 v9, null, v9, v11, vcc_lo              // 000000004A30: D5207C09 01AA1709
	s_wait_loadcnt 0x1                                         // 000000004A38: BFC00001
	v_cvt_f16_f32_e32 v0.l, v0                                 // 000000004A3C: 7E001500
	v_cvt_f16_f32_e32 v0.h, v1                                 // 000000004A40: 7F001501
	v_cvt_f16_f32_e32 v1.l, v2                                 // 000000004A44: 7E021502
	s_wait_loadcnt 0x0                                         // 000000004A48: BFC00000
	v_cvt_f16_f32_e32 v2.l, v4                                 // 000000004A4C: 7E041504
	v_add_co_u32 v4, vcc_lo, v8, v12                           // 000000004A50: D7006A04 02021908
	v_cvt_f16_f32_e32 v1.h, v3                                 // 000000004A58: 7F021503
	v_cvt_f16_f32_e32 v2.h, v5                                 // 000000004A5C: 7F041505
	v_cvt_f16_f32_e32 v3.l, v6                                 // 000000004A60: 7E061506
	v_cvt_f16_f32_e32 v3.h, v7                                 // 000000004A64: 7F061507
	s_wait_alu depctr_va_vcc(0)                                // 000000004A68: BF88FF9D
	v_add_co_ci_u32_e64 v5, null, 0, v9, vcc_lo                // 000000004A6C: D5207C05 01AA1280
	global_store_b128 v[4:5], v[0:3], off                      // 000000004A74: EE07407C 00000000 00000004
	s_endpgm                                                   // 000000004A80: BFB00000
	s_nop 0                                                    // 000000004A84: BF800000
	s_nop 0                                                    // 000000004A88: BF800000
	s_nop 0                                                    // 000000004A8C: BF800000
	s_nop 0                                                    // 000000004A90: BF800000
	s_nop 0                                                    // 000000004A94: BF800000
	s_nop 0                                                    // 000000004A98: BF800000
	s_nop 0                                                    // 000000004A9C: BF800000
	s_nop 0                                                    // 000000004AA0: BF800000
	s_nop 0                                                    // 000000004AA4: BF800000
	s_nop 0                                                    // 000000004AA8: BF800000
	s_nop 0                                                    // 000000004AAC: BF800000
	s_nop 0                                                    // 000000004AB0: BF800000
	s_nop 0                                                    // 000000004AB4: BF800000
	s_nop 0                                                    // 000000004AB8: BF800000
	s_nop 0                                                    // 000000004ABC: BF800000
	s_nop 0                                                    // 000000004AC0: BF800000
	s_nop 0                                                    // 000000004AC4: BF800000
	s_nop 0                                                    // 000000004AC8: BF800000
	s_nop 0                                                    // 000000004ACC: BF800000
	s_nop 0                                                    // 000000004AD0: BF800000
	s_nop 0                                                    // 000000004AD4: BF800000
	s_nop 0                                                    // 000000004AD8: BF800000
	s_nop 0                                                    // 000000004ADC: BF800000
	s_nop 0                                                    // 000000004AE0: BF800000
	s_nop 0                                                    // 000000004AE4: BF800000
	s_nop 0                                                    // 000000004AE8: BF800000
	s_nop 0                                                    // 000000004AEC: BF800000
	s_nop 0                                                    // 000000004AF0: BF800000
	s_nop 0                                                    // 000000004AF4: BF800000
	s_nop 0                                                    // 000000004AF8: BF800000
	s_nop 0                                                    // 000000004AFC: BF800000

0000000000004b00 <attention_fp8_e4m3_fa2_q_preconvert_fp8_gfx1201>:
	s_load_b32 s2, s[0:1], 0x18                                // 000000004B00: F4000080 F8000018
	v_lshrrev_b32_e32 v1, 5, v0                                // 000000004B08: 32020085
	s_delay_alu instid0(VALU_DEP_1)                            // 000000004B0C: BF870001
	v_lshl_or_b32 v1, ttmp9, 2, v1                             // 000000004B10: D6560001 04050475
	s_wait_kmcnt 0x0                                           // 000000004B18: BFC70000
	s_mul_i32 s2, s2, 24                                       // 000000004B1C: 96029802
	s_delay_alu instid0(VALU_DEP_1) | instid1(SALU_CYCLE_1)    // 000000004B20: BF870481
	v_cmp_gt_i32_e32 vcc_lo, s2, v1                            // 000000004B24: 7C880202
	s_and_saveexec_b32 s2, vcc_lo                              // 000000004B28: BE82206A
	s_cbranch_execz 358                                        // 000000004B2C: BFA50166 <attention_fp8_e4m3_fa2_q_preconvert_fp8_gfx1201+0x5c8>
	v_mul_hi_i32 v2, 0x2aaaaaab, v1                            // 000000004B30: D72E0002 020202FF 2AAAAAAB
	s_load_b128 s[8:11], s[0:1], 0x0                           // 000000004B3C: F4004200 F8000000
	v_mbcnt_lo_u32_b32 v12, -1, 0                              // 000000004B44: D71F000C 020100C1
	v_and_b32_e32 v14, 31, v0                                  // 000000004B4C: 361C009F
	s_delay_alu instid0(VALU_DEP_2) | instskip(NEXT) | instid1(VALU_DEP_4)// 000000004B50: BF870212
	v_xor_b32_e32 v13, 8, v12                                  // 000000004B54: 3A1A1888
	v_lshrrev_b32_e32 v3, 31, v2                               // 000000004B58: 3206049F
	v_ashrrev_i32_e32 v2, 2, v2                                // 000000004B5C: 34040482
	s_delay_alu instid0(VALU_DEP_1) | instskip(NEXT) | instid1(VALU_DEP_1)// 000000004B60: BF870091
	v_dual_mov_b32 v3, 0 :: v_dual_add_nc_u32 v2, v2, v3       // 000000004B64: CA200080 03020702
	v_mul_lo_u32 v4, v2, 24                                    // 000000004B6C: D72C0004 02013102
	v_mul_lo_u32 v2, 0x1800, v2                                // 000000004B74: D72C0002 020204FF 00001800
	s_delay_alu instid0(VALU_DEP_2) | instskip(NEXT) | instid1(VALU_DEP_2)// 000000004B80: BF870112
	v_sub_nc_u32_e32 v6, v1, v4                                // 000000004B84: 4C0C0901
	v_lshlrev_b64_e32 v[4:5], 2, v[2:3]                        // 000000004B88: 3E080482
	s_delay_alu instid0(VALU_DEP_2) | instskip(SKIP_1) | instid1(VALU_DEP_2)// 000000004B8C: BF870122
	v_lshlrev_b32_e32 v2, 8, v6                                // 000000004B90: 30040C88
	s_wait_kmcnt 0x0                                           // 000000004B94: BFC70000
	v_add_co_u32 v0, vcc_lo, s8, v4                            // 000000004B98: D7006A00 02020808
	v_lshlrev_b32_e32 v4, 5, v14                               // 000000004BA0: 30081C85
	s_delay_alu instid0(VALU_DEP_3) | instskip(SKIP_1) | instid1(VALU_DEP_2)// 000000004BA4: BF870123
	v_lshlrev_b64_e32 v[6:7], 2, v[2:3]                        // 000000004BA8: 3E0C0482
	v_add_co_ci_u32_e64 v2, null, s9, v5, vcc_lo               // 000000004BAC: D5207C02 01AA0A09
	v_add_co_u32 v0, vcc_lo, v0, v6                            // 000000004BB4: D7006A00 02020D00
	s_wait_alu depctr_va_vcc(0)                                // 000000004BBC: BF88FF9D
	s_delay_alu instid0(VALU_DEP_2) | instskip(NEXT) | instid1(VALU_DEP_2)// 000000004BC0: BF870112
	v_add_co_ci_u32_e64 v2, null, v2, v7, vcc_lo               // 000000004BC4: D5207C02 01AA0F02
	v_add_co_u32 v8, vcc_lo, v0, v4                            // 000000004BCC: D7006A08 02020900
	s_wait_alu depctr_va_vcc(0)                                // 000000004BD4: BF88FF9D
	s_delay_alu instid0(VALU_DEP_2)                            // 000000004BD8: BF870002
	v_add_co_ci_u32_e64 v9, null, 0, v2, vcc_lo                // 000000004BDC: D5207C09 01AA0480
	s_clause 0x1                                               // 000000004BE4: BF850001
	global_load_b128 v[4:7], v[8:9], off                       // 000000004BE8: EE05C07C 00000004 00000008
	global_load_b128 v[8:11], v[8:9], off offset:16            // 000000004BF4: EE05C07C 00000008 00001008
	s_wait_loadcnt 0x1                                         // 000000004C00: BFC00001
	v_max_num_f32_e64 v0, |v5|, |v5|                           // 000000004C04: D5160300 02020B05
	v_max_num_f32_e64 v2, |v4|, |v4|                           // 000000004C0C: D5160302 02020904
	s_delay_alu instid0(VALU_DEP_1) | instskip(SKIP_1) | instid1(VALU_DEP_1)// 000000004C14: BF8700A1
	v_max_num_f32_e32 v0, v2, v0                               // 000000004C18: 2C000102
	v_xor_b32_e32 v2, 16, v12                                  // 000000004C1C: 3A041890
	v_cmp_gt_u32_e32 vcc_lo, 32, v2                            // 000000004C20: 7C9804A0
	s_wait_alu depctr_va_vcc(0)                                // 000000004C24: BF88FF9D
	v_cndmask_b32_e32 v2, v12, v2, vcc_lo                      // 000000004C28: 0204050C
	v_cmp_gt_u32_e32 vcc_lo, 32, v13                           // 000000004C2C: 7C981AA0
	s_wait_alu depctr_va_vcc(0)                                // 000000004C30: BF88FF9D
	s_delay_alu instid0(VALU_DEP_2) | instskip(NEXT) | instid1(VALU_DEP_1)// 000000004C34: BF870092
	v_dual_cndmask_b32 v13, v12, v13 :: v_dual_lshlrev_b32 v2, 2, v2// 000000004C38: CA621B0C 0D020482
	v_lshlrev_b32_e32 v13, 2, v13                              // 000000004C40: 301A1A82
	v_max3_num_f32 v0, v0, |v6|, |v7|                          // 000000004C44: D62A0600 041E0D00
	s_wait_loadcnt 0x0                                         // 000000004C4C: BFC00000
	s_delay_alu instid0(VALU_DEP_1) | instskip(NEXT) | instid1(VALU_DEP_1)// 000000004C50: BF870091
	v_max3_num_f32 v0, v0, |v8|, |v9|                          // 000000004C54: D62A0600 04261100
	v_max3_num_f32 v0, v0, |v10|, |v11|                        // 000000004C5C: D62A0600 042E1500
	ds_bpermute_b32 v2, v2, v0                                 // 000000004C64: DACC0000 02000002
	s_wait_dscnt 0x0                                           // 000000004C6C: BFC60000
	v_max_num_f32_e32 v2, v2, v2                               // 000000004C70: 2C040502
	s_delay_alu instid0(VALU_DEP_1) | instskip(SKIP_2) | instid1(VALU_DEP_1)// 000000004C74: BF8700B1
	v_max_num_f32_e32 v0, v0, v2                               // 000000004C78: 2C000500
	ds_bpermute_b32 v2, v13, v0                                // 000000004C7C: DACC0000 0200000D
	v_xor_b32_e32 v13, 4, v12                                  // 000000004C84: 3A1A1884
	v_cmp_gt_u32_e32 vcc_lo, 32, v13                           // 000000004C88: 7C981AA0
	s_wait_alu depctr_va_vcc(0)                                // 000000004C8C: BF88FF9D
	v_cndmask_b32_e32 v13, v12, v13, vcc_lo                    // 000000004C90: 021A1B0C
	s_wait_dscnt 0x0                                           // 000000004C94: BFC60000
	s_delay_alu instid0(VALU_DEP_1) | instskip(NEXT) | instid1(VALU_DEP_1)// 000000004C98: BF870091
	v_dual_max_num_f32 v2, v2, v2 :: v_dual_lshlrev_b32 v13, 2, v13// 000000004C9C: CAA20502 020C1A82
	v_max_num_f32_e32 v0, v0, v2                               // 000000004CA4: 2C000500
	ds_bpermute_b32 v2, v13, v0                                // 000000004CA8: DACC0000 0200000D
	v_xor_b32_e32 v13, 2, v12                                  // 000000004CB0: 3A1A1882
	s_delay_alu instid0(VALU_DEP_1) | instskip(SKIP_3) | instid1(VALU_DEP_1)// 000000004CB4: BF8700C1
	v_cmp_gt_u32_e32 vcc_lo, 32, v13                           // 000000004CB8: 7C981AA0
	s_wait_alu depctr_va_vcc(0)                                // 000000004CBC: BF88FF9D
	v_cndmask_b32_e32 v13, v12, v13, vcc_lo                    // 000000004CC0: 021A1B0C
	s_wait_dscnt 0x0                                           // 000000004CC4: BFC60000
	v_dual_max_num_f32 v2, v2, v2 :: v_dual_lshlrev_b32 v13, 2, v13// 000000004CC8: CAA20502 020C1A82
	s_delay_alu instid0(VALU_DEP_1) | instskip(SKIP_2) | instid1(VALU_DEP_1)// 000000004CD0: BF8700B1
	v_max_num_f32_e32 v0, v0, v2                               // 000000004CD4: 2C000500
	ds_bpermute_b32 v2, v13, v0                                // 000000004CD8: DACC0000 0200000D
	v_xor_b32_e32 v13, 1, v12                                  // 000000004CE0: 3A1A1881
	v_cmp_gt_u32_e32 vcc_lo, 32, v13                           // 000000004CE4: 7C981AA0
	s_wait_alu depctr_va_vcc(0)                                // 000000004CE8: BF88FF9D
	v_cndmask_b32_e32 v12, v12, v13, vcc_lo                    // 000000004CEC: 02181B0C
	s_delay_alu instid0(VALU_DEP_1) | instskip(SKIP_2) | instid1(VALU_DEP_1)// 000000004CF0: BF8700B1
	v_lshlrev_b32_e32 v12, 2, v12                              // 000000004CF4: 30181882
	s_wait_dscnt 0x0                                           // 000000004CF8: BFC60000
	v_max_num_f32_e32 v2, v2, v2                               // 000000004CFC: 2C040502
	v_max_num_f32_e32 v0, v0, v2                               // 000000004D00: 2C000500
	ds_bpermute_b32 v2, v12, v0                                // 000000004D04: DACC0000 0200000C
	s_wait_dscnt 0x0                                           // 000000004D0C: BFC60000
	v_max_num_f32_e32 v2, v2, v2                               // 000000004D10: 2C040502
	s_delay_alu instid0(VALU_DEP_1) | instskip(NEXT) | instid1(VALU_DEP_1)// 000000004D14: BF870091
	v_max_num_f32_e32 v0, v0, v2                               // 000000004D18: 2C000500
	v_div_scale_f32 v2, null, 0x43e00000, 0x43e00000, v0       // 000000004D1C: D6FC7C02 0401FEFF 43E00000
	v_div_scale_f32 v15, vcc_lo, v0, 0x43e00000, v0            // 000000004D28: D6FC6A0F 0401FF00 43E00000
	s_delay_alu instid0(VALU_DEP_2) | instskip(NEXT) | instid1(TRANS32_DEP_1)// 000000004D34: BF870292
	v_rcp_f32_e32 v12, v2                                      // 000000004D38: 7E185502
	v_fma_f32 v13, -v2, v12, 1.0                               // 000000004D3C: D613000D 23CA1902
	s_delay_alu instid0(VALU_DEP_1) | instskip(NEXT) | instid1(VALU_DEP_1)// 000000004D44: BF870091
	v_fmac_f32_e32 v12, v13, v12                               // 000000004D48: 5618190D
	v_mul_f32_e32 v13, v15, v12                                // 000000004D4C: 101A190F
	s_delay_alu instid0(VALU_DEP_1) | instskip(NEXT) | instid1(VALU_DEP_1)// 000000004D50: BF870091
	v_fma_f32 v16, -v2, v13, v15                               // 000000004D54: D6130010 243E1B02
	v_fmac_f32_e32 v13, v16, v12                               // 000000004D5C: 561A1910
	s_delay_alu instid0(VALU_DEP_1) | instskip(SKIP_2) | instid1(VALU_DEP_2)// 000000004D60: BF870131
	v_fma_f32 v2, -v2, v13, v15                                // 000000004D64: D6130002 243E1B02
	v_lshlrev_b32_e32 v15, 3, v14                              // 000000004D6C: 301E1C83
	s_wait_alu depctr_va_vcc(0)                                // 000000004D70: BF88FF9D
	v_div_fmas_f32 v2, v2, v12, v13                            // 000000004D74: D6370002 04361902
	v_cmp_neq_f32_e32 vcc_lo, 0, v0                            // 000000004D7C: 7C3A0080
	v_mov_b16_e32 v13.l, v3.l                                  // 000000004D80: 7E1A3903
	v_mov_b16_e32 v13.h, 0                                     // 000000004D84: 7F1A3880
	s_delay_alu instid0(VALU_DEP_4) | instskip(NEXT) | instid1(VALU_DEP_3)// 000000004D88: BF870194
	v_div_fixup_f32 v2, v2, 0x43e00000, v0                     // 000000004D8C: D6270002 0401FF02 43E00000
	v_mov_b16_e32 v12.l, v13.l                                 // 000000004D98: 7E18390D
	s_delay_alu instid0(VALU_DEP_3) | instskip(SKIP_1) | instid1(VALU_DEP_3)// 000000004D9C: BF8701A3
	v_mov_b16_e32 v12.h, v13.h                                 // 000000004DA0: 7F18398D
	s_wait_alu depctr_va_vcc(0)                                // 000000004DA4: BF88FF9D
	v_cndmask_b32_e32 v0, 1.0, v2, vcc_lo                      // 000000004DA8: 020004F2
	s_delay_alu instid0(VALU_DEP_1)                            // 000000004DAC: BF870001
	v_div_scale_f32 v30, null, v0, v0, v11                     // 000000004DB0: D6FC7C1E 042E0100
	v_div_scale_f32 v16, null, v0, v0, v4                      // 000000004DB8: D6FC7C10 04120100
	v_div_scale_f32 v18, null, v0, v0, v5                      // 000000004DC0: D6FC7C12 04160100
	v_div_scale_f32 v20, null, v0, v0, v6                      // 000000004DC8: D6FC7C14 041A0100
	v_div_scale_f32 v22, null, v0, v0, v7                      // 000000004DD0: D6FC7C16 041E0100
	v_rcp_f32_e32 v38, v30                                     // 000000004DD8: 7E4C551E
	v_rcp_f32_e32 v31, v16                                     // 000000004DDC: 7E3E5510
	v_rcp_f32_e32 v32, v18                                     // 000000004DE0: 7E405512
	v_div_scale_f32 v24, null, v0, v0, v8                      // 000000004DE4: D6FC7C18 04220100
	v_rcp_f32_e32 v33, v20                                     // 000000004DEC: 7E425514
	v_div_scale_f32 v26, null, v0, v0, v9                      // 000000004DF0: D6FC7C1A 04260100
	v_rcp_f32_e32 v34, v22                                     // 000000004DF8: 7E445516
	v_div_scale_f32 v39, s8, v11, v0, v11                      // 000000004DFC: D6FC0827 042E010B
	v_div_scale_f32 v28, null, v0, v0, v10                     // 000000004E04: D6FC7C1C 042A0100
	v_fma_f32 v47, -v30, v38, 1.0                              // 000000004E0C: D613002F 23CA4D1E
	v_rcp_f32_e32 v35, v24                                     // 000000004E14: 7E465518
	v_fma_f32 v40, -v16, v31, 1.0                              // 000000004E18: D6130028 23CA3F10
	v_rcp_f32_e32 v36, v26                                     // 000000004E20: 7E48551A
	v_fma_f32 v41, -v18, v32, 1.0                              // 000000004E24: D6130029 23CA4112
	v_fmac_f32_e32 v38, v47, v38                               // 000000004E2C: 564C4D2F
	v_rcp_f32_e32 v37, v28                                     // 000000004E30: 7E4A551C
	v_fma_f32 v42, -v20, v33, 1.0                              // 000000004E34: D613002A 23CA4314
	v_div_scale_f32 v17, vcc_lo, v4, v0, v4                    // 000000004E3C: D6FC6A11 04120104
	v_fmac_f32_e32 v31, v40, v31                               // 000000004E44: 563E3F28
	v_mul_f32_e32 v47, v39, v38                                // 000000004E48: 105E4D27
	v_fma_f32 v43, -v22, v34, 1.0                              // 000000004E4C: D613002B 23CA4516
	v_div_scale_f32 v19, s2, v5, v0, v5                        // 000000004E54: D6FC0213 04160105
	v_fma_f32 v44, -v24, v35, 1.0                              // 000000004E5C: D613002C 23CA4718
	v_div_scale_f32 v21, s3, v6, v0, v6                        // 000000004E64: D6FC0315 041A0106
	v_fma_f32 v55, -v30, v47, v39                              // 000000004E6C: D6130037 249E5F1E
	v_dual_fmac_f32 v32, v41, v32 :: v_dual_fmac_f32 v33, v42, v33// 000000004E74: C8004129 2020432A
	v_fma_f32 v45, -v26, v36, 1.0                              // 000000004E7C: D613002D 23CA491A
	v_mul_f32_e32 v40, v17, v31                                // 000000004E84: 10503F11
	v_div_scale_f32 v23, s4, v7, v0, v7                        // 000000004E88: D6FC0417 041E0107
	v_fmac_f32_e32 v34, v43, v34                               // 000000004E90: 5644452B
	v_fma_f32 v46, -v28, v37, 1.0                              // 000000004E94: D613002E 23CA4B1C
	v_fmac_f32_e32 v47, v55, v38                               // 000000004E9C: 565E4D37
	v_mul_f32_e32 v41, v19, v32                                // 000000004EA0: 10524113
	v_div_scale_f32 v25, s5, v8, v0, v8                        // 000000004EA4: D6FC0519 04220108
	v_dual_fmac_f32 v35, v44, v35 :: v_dual_mul_f32 v42, v21, v33// 000000004EAC: C806472C 232A4315
	v_div_scale_f32 v27, s6, v9, v0, v9                        // 000000004EB4: D6FC061B 04260109
	v_fmac_f32_e32 v36, v45, v36                               // 000000004EBC: 5648492D
	v_fma_f32 v48, -v16, v40, v17                              // 000000004EC0: D6130030 24465110
	v_mul_f32_e32 v43, v23, v34                                // 000000004EC8: 10564517
	v_div_scale_f32 v29, s7, v10, v0, v10                      // 000000004ECC: D6FC071D 042A010A
	v_fmac_f32_e32 v37, v46, v37                               // 000000004ED4: 564A4B2E
	v_fma_f32 v49, -v18, v41, v19                              // 000000004ED8: D6130031 244E5312
	v_mul_f32_e32 v44, v25, v35                                // 000000004EE0: 10584719
	v_fma_f32 v50, -v20, v42, v21                              // 000000004EE4: D6130032 24565514
	v_dual_mul_f32 v45, v27, v36 :: v_dual_fmac_f32 v40, v48, v31// 000000004EEC: C8C0491B 2D283F30
	v_fma_f32 v51, -v22, v43, v23                              // 000000004EF4: D6130033 245E5716
	v_mul_f32_e32 v46, v29, v37                                // 000000004EFC: 105C4B1D
	v_fmac_f32_e32 v41, v49, v32                               // 000000004F00: 56524131
	v_fma_f32 v52, -v24, v44, v25                              // 000000004F04: D6130034 24665918
	v_fmac_f32_e32 v42, v50, v33                               // 000000004F0C: 56544332
	v_fma_f32 v53, -v26, v45, v27                              // 000000004F10: D6130035 246E5B1A
	v_fma_f32 v16, -v16, v40, v17                              // 000000004F18: D6130010 24465110
	v_dual_fmac_f32 v43, v51, v34 :: v_dual_lshlrev_b32 v2, 8, v1// 000000004F20: C8224533 2B020288
	v_fma_f32 v54, -v28, v46, v29                              // 000000004F28: D6130036 24765D1C
	v_fma_f32 v17, -v18, v41, v19                              // 000000004F30: D6130011 244E5312
	v_fmac_f32_e32 v44, v52, v35                               // 000000004F38: 56584734
	v_fma_f32 v18, -v20, v42, v21                              // 000000004F3C: D6130012 24565514
	v_fmac_f32_e32 v45, v53, v36                               // 000000004F44: 565A4935
	s_wait_alu depctr_va_vcc(0)                                // 000000004F48: BF88FF9D
	v_div_fmas_f32 v16, v16, v31, v40                          // 000000004F4C: D6370010 04A23F10
	s_mov_b32 vcc_lo, s2                                       // 000000004F54: BEEA0002
	v_fma_f32 v19, -v22, v43, v23                              // 000000004F58: D6130013 245E5716
	v_fmac_f32_e32 v46, v54, v37                               // 000000004F60: 565C4B36
	s_wait_alu depctr_sa_sdst(0)                               // 000000004F64: BF88FF9E
	v_div_fmas_f32 v17, v17, v32, v41                          // 000000004F68: D6370011 04A64111
	s_mov_b32 vcc_lo, s3                                       // 000000004F70: BEEA0003
	v_fma_f32 v20, -v24, v44, v25                              // 000000004F74: D6130014 24665918
	s_wait_alu depctr_sa_sdst(0)                               // 000000004F7C: BF88FF9E
	v_div_fmas_f32 v18, v18, v33, v42                          // 000000004F80: D6370012 04AA4312
	s_mov_b32 vcc_lo, s4                                       // 000000004F88: BEEA0004
	v_fma_f32 v21, -v26, v45, v27                              // 000000004F8C: D6130015 246E5B1A
	v_div_fixup_f32 v4, v16, v0, v4                            // 000000004F94: D6270004 04120110
	s_wait_alu depctr_sa_sdst(0)                               // 000000004F9C: BF88FF9E
	v_div_fmas_f32 v16, v19, v34, v43                          // 000000004FA0: D6370010 04AE4513
	s_mov_b32 vcc_lo, s5                                       // 000000004FA8: BEEA0005
	v_fma_f32 v22, -v28, v46, v29                              // 000000004FAC: D6130016 24765D1C
	v_div_fixup_f32 v5, v17, v0, v5                            // 000000004FB4: D6270005 04160111
	s_wait_alu depctr_sa_sdst(0)                               // 000000004FBC: BF88FF9E
	v_div_fmas_f32 v17, v20, v35, v44                          // 000000004FC0: D6370011 04B24714
	s_mov_b32 vcc_lo, s6                                       // 000000004FC8: BEEA0006
	v_fma_f32 v23, -v30, v47, v39                              // 000000004FCC: D6130017 249E5F1E
	v_div_fixup_f32 v6, v18, v0, v6                            // 000000004FD4: D6270006 041A0112
	s_wait_alu depctr_sa_sdst(0)                               // 000000004FDC: BF88FF9E
	v_div_fmas_f32 v18, v21, v36, v45                          // 000000004FE0: D6370012 04B64915
	s_mov_b32 vcc_lo, s7                                       // 000000004FE8: BEEA0007
	v_add_co_u32 v2, s2, s10, v2                               // 000000004FEC: D7000202 0202040A
	s_wait_alu depctr_sa_sdst(0)                               // 000000004FF4: BF88FF9E
	v_div_fmas_f32 v19, v22, v37, v46                          // 000000004FF8: D6370013 04BA4B16
	s_mov_b32 vcc_lo, s8                                       // 000000005000: BEEA0008
	v_div_fixup_f32 v7, v16, v0, v7                            // 000000005004: D6270007 041E0110
	s_wait_alu depctr_sa_sdst(0)                               // 00000000500C: BF88FF9E
	v_div_fmas_f32 v20, v23, v38, v47                          // 000000005010: D6370014 04BE4D17
	v_div_fixup_f32 v8, v17, v0, v8                            // 000000005018: D6270008 04220111
	v_div_fixup_f32 v9, v18, v0, v9                            // 000000005020: D6270009 04260112
	v_div_fixup_f32 v10, v19, v0, v10                          // 000000005028: D627000A 042A0113
	v_add_co_ci_u32_e64 v16, null, s11, 0, s2                  // 000000005030: D5207C10 0009000B
	v_div_fixup_f32 v11, v20, v0, v11                          // 000000005038: D627000B 042E0114
	v_cvt_pk_fp8_f32 v12.l, v4, v5                             // 000000005040: D769000C 02020B04
	v_add_co_u32 v4, vcc_lo, v2, v15                           // 000000005048: D7006A04 02021F02
	v_cvt_pk_fp8_f32 v12.h, v6, v7 op_sel:[0,0,1]              // 000000005050: D769400C 02020F06
	v_cvt_pk_fp8_f32 v13.l, v8, v9                             // 000000005058: D769000D 02021308
	v_cvt_pk_fp8_f32 v13.h, v10, v11 op_sel:[0,0,1]            // 000000005060: D769400D 0202170A
	s_wait_alu depctr_va_vcc(0)                                // 000000005068: BF88FF9D
	v_add_co_ci_u32_e64 v5, null, 0, v16, vcc_lo               // 00000000506C: D5207C05 01AA2080
	v_cmp_eq_u32_e32 vcc_lo, 0, v14                            // 000000005074: 7C941C80
	global_store_b64 v[4:5], v[12:13], off                     // 000000005078: EE06C07C 06000000 00000004
	s_and_b32 exec_lo, exec_lo, vcc_lo                         // 000000005084: 8B7E6A7E
	s_cbranch_execz 15                                         // 000000005088: BFA5000F <attention_fp8_e4m3_fa2_q_preconvert_fp8_gfx1201+0x5c8>
	s_load_b64 s[0:1], s[0:1], 0x10                            // 00000000508C: F4002000 F8000010
	v_mov_b32_e32 v2, v3                                       // 000000005094: 7E040303
	s_delay_alu instid0(VALU_DEP_1) | instskip(SKIP_1) | instid1(VALU_DEP_1)// 000000005098: BF8700A1
	v_lshlrev_b64_e32 v[1:2], 2, v[1:2]                        // 00000000509C: 3E020282
	s_wait_kmcnt 0x0                                           // 0000000050A0: BFC70000
	v_add_co_u32 v1, vcc_lo, s0, v1                            // 0000000050A4: D7006A01 02020200
	s_wait_alu depctr_va_vcc(0)                                // 0000000050AC: BF88FF9D
	s_delay_alu instid0(VALU_DEP_2)                            // 0000000050B0: BF870002
	v_add_co_ci_u32_e64 v2, null, s1, v2, vcc_lo               // 0000000050B4: D5207C02 01AA0401
	global_store_b32 v[1:2], v0, off                           // 0000000050BC: EE06807C 00000000 00000001
	s_endpgm                                                   // 0000000050C8: BFB00000
	s_nop 0                                                    // 0000000050CC: BF800000
	s_nop 0                                                    // 0000000050D0: BF800000
	s_nop 0                                                    // 0000000050D4: BF800000
	s_nop 0                                                    // 0000000050D8: BF800000
	s_nop 0                                                    // 0000000050DC: BF800000
	s_nop 0                                                    // 0000000050E0: BF800000
	s_nop 0                                                    // 0000000050E4: BF800000
	s_nop 0                                                    // 0000000050E8: BF800000
	s_nop 0                                                    // 0000000050EC: BF800000
	s_nop 0                                                    // 0000000050F0: BF800000
	s_nop 0                                                    // 0000000050F4: BF800000
	s_nop 0                                                    // 0000000050F8: BF800000
	s_nop 0                                                    // 0000000050FC: BF800000

0000000000005100 <attention_fp8_e4m3_fa2_gqa_partial_gfx1201>:
	s_clause 0x1                                               // 000000005100: BF850001
	s_load_b128 s[4:7], s[0:1], 0x28                           // 000000005104: F4004100 F8000028
	s_load_b64 s[16:17], s[0:1], 0x38                          // 00000000510C: F4002400 F8000038
	s_wait_kmcnt 0x0                                           // 000000005114: BFC70000
	s_cmp_lg_u32 s4, 24                                        // 000000005118: BF079804
	s_cselect_b32 s2, -1, 0                                    // 00000000511C: 980280C1
	s_cmp_lg_u32 s5, 4                                         // 000000005120: BF078405
	s_cselect_b32 s3, -1, 0                                    // 000000005124: 980380C1
	s_delay_alu instid0(SALU_CYCLE_1)                          // 000000005128: BF870009
	s_or_b32 s2, s2, s3                                        // 00000000512C: 8C020302
	s_cmp_lg_u32 s6, 0x100                                     // 000000005130: BF07FF06 00000100
	s_cselect_b32 s3, -1, 0                                    // 000000005138: 980380C1
	s_add_co_i32 s4, s17, -9                                   // 00000000513C: 8104C911
	s_or_b32 s2, s2, s3                                        // 000000005140: 8C020302
	s_cmp_lt_u32 s4, -8                                        // 000000005144: BF0AC804
	s_cselect_b32 s3, -1, 0                                    // 000000005148: 980380C1
	s_delay_alu instid0(SALU_CYCLE_1) | instskip(NEXT) | instid1(SALU_CYCLE_1)// 00000000514C: BF870499
	s_or_b32 s2, s2, s3                                        // 000000005150: 8C020302
	s_and_b32 vcc_lo, exec_lo, s2                              // 000000005154: 8B6A027E
	s_cbranch_vccnz 2547                                       // 000000005158: BFA409F3 <attention_fp8_e4m3_fa2_gqa_partial_gfx1201+0x2828>
	s_and_b32 s3, ttmp7, 0xffff                                // 00000000515C: 8B03FF73 0000FFFF
	s_delay_alu instid0(SALU_CYCLE_1)                          // 000000005164: BF870009
	s_cmp_gt_i32 s3, 3                                         // 000000005168: BF028303
	s_cbranch_scc1 2542                                        // 00000000516C: BFA209EE <attention_fp8_e4m3_fa2_gqa_partial_gfx1201+0x2828>
	s_lshl_b32 s4, ttmp9, 3                                    // 000000005170: 84048375
	s_delay_alu instid0(SALU_CYCLE_1)                          // 000000005174: BF870009
	s_cmp_ge_i32 s4, s7                                        // 000000005178: BF030704
	s_cbranch_scc1 2538                                        // 00000000517C: BFA209EA <attention_fp8_e4m3_fa2_gqa_partial_gfx1201+0x2828>
	s_lshr_b32 s18, ttmp7, 16                                  // 000000005180: 85129073
	s_delay_alu instid0(SALU_CYCLE_1)                          // 000000005184: BF870009
	s_cmp_ge_i32 s18, s17                                      // 000000005188: BF031112
	s_cbranch_scc1 2534                                        // 00000000518C: BFA209E6 <attention_fp8_e4m3_fa2_gqa_partial_gfx1201+0x2828>
	v_cmp_gt_u32_e64 s2, 0x60, v0                              // 000000005190: D44C0002 020200FF 00000060
	v_dual_mov_b32 v2, 0 :: v_dual_mov_b32 v3, 0               // 00000000519C: CA100080 02020080
	v_dual_mov_b32 v4, 0 :: v_dual_mov_b32 v5, 0               // 0000000051A4: CA100080 04040080
	v_lshrrev_b32_e32 v157, 4, v0                              // 0000000051AC: 333A0084
	v_lshrrev_b32_e32 v158, 3, v0                              // 0000000051B0: 333C0083
	s_mov_b32 s19, 0                                           // 0000000051B4: BE930080
	s_and_saveexec_b32 s5, s2                                  // 0000000051B8: BE852002
	s_cbranch_execz 19                                         // 0000000051BC: BFA50013 <attention_fp8_e4m3_fa2_gqa_partial_gfx1201+0x10c>
	v_lshrrev_b32_e32 v1, 4, v0                                // 0000000051C0: 32020084
	v_and_or_b32 v2, v0, 7, s4                                 // 0000000051C4: D6570002 00110F00
	s_delay_alu instid0(VALU_DEP_2) | instskip(NEXT) | instid1(VALU_DEP_2)// 0000000051CC: BF870112
	v_and_b32_e32 v1, 6, v1                                    // 0000000051D0: 36020286
	v_cmp_gt_i32_e32 vcc_lo, s7, v2                            // 0000000051D4: 7C880407
	s_delay_alu instid0(VALU_DEP_2) | instskip(SKIP_3) | instid1(VALU_DEP_2)// 0000000051D8: BF870142
	v_mad_co_u64_u32 v[3:4], null, s3, 6, v[1:2]               // 0000000051DC: D6FE7C03 04050C03
	v_lshrrev_b32_e32 v1, 3, v0                                // 0000000051E4: 32020083
	v_mul_lo_u32 v4, v2, 24                                    // 0000000051E8: D72C0004 02013102
	s_and_b32 s19, vcc_lo, exec_lo                             // 0000000051F0: 8B137E6A
	v_and_or_b32 v5, v1, 1, v3                                 // 0000000051F4: D6570005 040D0301
	s_delay_alu instid0(VALU_DEP_1)                            // 0000000051FC: BF870001
	v_add_lshl_u32 v3, v5, v4, 8                               // 000000005200: D6470003 02220905
	v_mov_b32_e32 v4, 0                                        // 000000005208: 7E080280
	s_or_b32 exec_lo, exec_lo, s5                              // 00000000520C: 8C7E057E
	s_clause 0x1                                               // 000000005210: BF850001
	s_load_b256 s[8:15], s[0:1], 0x0                           // 000000005214: F4006200 F8000000
	s_load_b64 s[0:1], s[0:1], 0x20                            // 00000000521C: F4002000 F8000020
	v_and_b32_e32 v9, 31, v0                                   // 000000005224: 3612009F
	v_mov_b32_e32 v7, -1                                       // 000000005228: 7E0E02C1
	v_bfrev_b32_e32 v8, -2                                     // 00000000522C: 7E1070C2
	s_mov_b32 s5, exec_lo                                      // 000000005230: BE85007E
	s_delay_alu instid0(VALU_DEP_3)                            // 000000005234: BF870003
	v_cmpx_gt_u32_e32 8, v9                                    // 000000005238: 7D981288
	s_cbranch_execz 24                                         // 00000000523C: BFA50018 <attention_fp8_e4m3_fa2_gqa_partial_gfx1201+0x1a0>
	v_or_b32_e32 v6, s4, v9                                    // 000000005240: 380C1204
	v_bfrev_b32_e32 v8, -2                                     // 000000005244: 7E1070C2
	v_mov_b32_e32 v7, -1                                       // 000000005248: 7E0E02C1
	s_mov_b32 s4, exec_lo                                      // 00000000524C: BE84007E
	s_delay_alu instid0(VALU_DEP_3)                            // 000000005250: BF870003
	v_cmpx_gt_i32_e64 s7, v6                                   // 000000005254: D4C4007E 02020C07
	s_cbranch_execz 14                                         // 00000000525C: BFA5000E <attention_fp8_e4m3_fa2_gqa_partial_gfx1201+0x198>
	v_ashrrev_i32_e32 v7, 31, v6                               // 000000005260: 340E0C9F
	s_delay_alu instid0(VALU_DEP_1) | instskip(SKIP_1) | instid1(VALU_DEP_1)// 000000005264: BF8700A1
	v_lshlrev_b64_e32 v[6:7], 2, v[6:7]                        // 000000005268: 3E0C0C82
	s_wait_kmcnt 0x0                                           // 00000000526C: BFC70000
	v_add_co_u32 v6, vcc_lo, s0, v6                            // 000000005270: D7006A06 02020C00
	s_delay_alu instid0(VALU_DEP_1)                            // 000000005278: BF870001
	v_add_co_ci_u32_e64 v7, null, s1, v7, vcc_lo               // 00000000527C: D5207C07 01AA0E01
	global_load_b32 v7, v[6:7], off                            // 000000005284: EE05007C 00000007 00000006
	s_wait_loadcnt 0x0                                         // 000000005290: BFC00000
	v_mov_b32_e32 v8, v7                                       // 000000005294: 7E100307
	s_wait_alu depctr_sa_sdst(0)                               // 000000005298: BF88FF9E
	s_or_b32 exec_lo, exec_lo, s4                              // 00000000529C: 8C7E047E
	s_wait_alu depctr_sa_sdst(0)                               // 0000000052A0: BF88FF9E
	s_or_b32 exec_lo, exec_lo, s5                              // 0000000052A4: 8C7E057E
	v_mbcnt_lo_u32_b32 v10, -1, 0                              // 0000000052A8: D71F000A 020100C1
	v_lshrrev_b32_e32 v13, 1, v0                               // 0000000052B0: 321A0081
	v_lshrrev_b32_e32 v162, 5, v0                              // 0000000052B4: 33440085
	v_cndmask_b32_e64 v15, 0, v3, s19                          // 0000000052B8: D501000F 004E0680
	v_ashrrev_i32_e32 v3, 31, v2                               // 0000000052C0: 3406049F
	v_xor_b32_e32 v1, 16, v10                                  // 0000000052C4: 3A021490
	v_lshrrev_b32_e32 v160, 4, v9                              // 0000000052C8: 33401284
	v_lshl_add_u32 v161, v9, 3, 0                              // 0000000052CC: D64600A1 02010709
	v_cndmask_b32_e64 v9, 0, v4, s19                           // 0000000052D4: D5010009 004E0880
	v_lshlrev_b64_e32 v[129:130], 2, v[2:3]                    // 0000000052DC: 3F020482
	v_cmp_gt_u32_e32 vcc_lo, 32, v1                            // 0000000052E0: 7C9802A0
	v_xor_b32_e32 v4, 4, v10                                   // 0000000052E4: 3A081484
	v_xor_b32_e32 v16, 1, v10                                  // 0000000052E8: 3A201481
	s_cvt_f32_u32 s4, s17                                      // 0000000052EC: BE846511
	s_add_co_i32 s6, s17, 0x1ff                                // 0000000052F0: 8106FF11 000001FF
	s_wait_alu depctr_va_vcc(0)                                // 0000000052F8: BF88FF9D
	v_dual_cndmask_b32 v1, v10, v1 :: v_dual_and_b32 v12, 15, v0// 0000000052FC: CA64030A 010C008F
	v_mov_b32_e32 v154, 0xff800000                             // 000000005304: 7F3402FF FF800000
	s_wait_alu depctr_sa_sdst(0)                               // 00000000530C: BF88FF9E
	v_s_rcp_f32 s20, s4                                        // 000000005310: D6840014 02010004
	s_and_b32 s6, s6, 0xffff                                   // 000000005318: 8B06FF06 0000FFFF
	v_dual_mov_b32 v156, 1.0 :: v_dual_lshlrev_b32 v159, 2, v1 // 000000005320: CA2200F2 9C9E0282
	v_dual_mov_b32 v1, 0 :: v_dual_lshlrev_b32 v14, 3, v0      // 000000005328: CA220080 010E0083
	v_lshlrev_b32_e32 v164, 7, v12                             // 000000005330: 31481887
	ds_bpermute_b32 v6, v159, v7                               // 000000005334: DACC0000 0600079F
	ds_bpermute_b32 v11, v159, v8                              // 00000000533C: DACC0000 0B00089F
	v_lshlrev_b32_e32 v133, 4, v12                             // 000000005344: 310A1884
	v_and_b32_e32 v165, 8, v13                                 // 000000005348: 374A1A88
	v_and_b32_e32 v166, 0x78, v14                              // 00000000534C: 374C1CFF 00000078
	v_lshlrev_b32_e32 v163, 3, v160                            // 000000005354: 31474083
	v_lshlrev_b32_e32 v167, 7, v162                            // 000000005358: 314F4487
	s_wait_alu depctr_sa_sdst(0)                               // 00000000535C: BF88FF9E
	s_cvt_f32_u32 s6, s6                                       // 000000005360: BE866506
	s_mov_b32 s5, 0                                            // 000000005364: BE850080
	v_mov_b32_e32 v155, 0                                      // 000000005368: 7F360280
	v_mov_b32_e32 v3, v1                                       // 00000000536C: 7E060301
	s_wait_alu depctr_sa_sdst(0)                               // 000000005370: BF88FF9E
	s_mul_f32 s20, s6, s20                                     // 000000005374: A2141406
	s_delay_alu instid0(SALU_CYCLE_3)                          // 000000005378: BF87000B
	s_trunc_f32 s20, s20                                       // 00000000537C: BE946214
	s_wait_dscnt 0x1                                           // 000000005380: BFC60001
	v_mad_co_u64_u32 v[145:146], null, v2, 24, v[5:6]          // 000000005384: D6FE7C91 04153102
	v_xor_b32_e32 v5, 8, v10                                   // 00000000538C: 3A0A1488
	v_max_i32_e32 v6, v7, v6                                   // 000000005390: 240C0D07
	s_wait_dscnt 0x0                                           // 000000005394: BFC60000
	v_min_i32_e32 v7, v8, v11                                  // 000000005398: 220E1708
	v_xor_b32_e32 v11, 2, v10                                  // 00000000539C: 3A161482
	v_mov_b32_e32 v2, v1                                       // 0000000053A0: 7E040301
	v_cmp_gt_u32_e32 vcc_lo, 32, v5                            // 0000000053A4: 7C980AA0
	v_mov_b32_e32 v146, v1                                     // 0000000053A8: 7F240301
	s_wait_alu depctr_va_vcc(0)                                // 0000000053AC: BF88FF9D
	v_cndmask_b32_e32 v0, v10, v5, vcc_lo                      // 0000000053B0: 02000B0A
	v_cmp_gt_u32_e32 vcc_lo, 32, v4                            // 0000000053B4: 7C9808A0
	v_dual_mov_b32 v5, v1 :: v_dual_and_b32 v12, 0xf8, v14     // 0000000053B8: CA240101 050C1CFF 000000F8
	v_lshlrev_b64_e32 v[131:132], 2, v[145:146]                // 0000000053C4: 3F072282
	s_delay_alu instid0(VALU_DEP_4)                            // 0000000053C8: BF870004
	v_lshlrev_b32_e32 v0, 2, v0                                // 0000000053CC: 30000082
	s_wait_alu depctr_va_vcc(0)                                // 0000000053D0: BF88FF9D
	v_cndmask_b32_e32 v13, v10, v4, vcc_lo                     // 0000000053D4: 021A090A
	v_cmp_gt_u32_e32 vcc_lo, 32, v11                           // 0000000053D8: 7C9816A0
	v_mov_b32_e32 v4, v1                                       // 0000000053DC: 7E080301
	v_lshl_or_b32 v135, v162, 8, v12                           // 0000000053E0: D6560087 043111A2
	ds_bpermute_b32 v8, v0, v6                                 // 0000000053E8: DACC0000 08000600
	ds_bpermute_b32 v0, v0, v7                                 // 0000000053F0: DACC0000 00000700
	v_lshlrev_b32_e32 v13, 2, v13                              // 0000000053F8: 301A1A82
	s_wait_dscnt 0x1                                           // 0000000053FC: BFC60001
	v_max_i32_e32 v73, v6, v8                                  // 000000005400: 24921106
	s_wait_dscnt 0x0                                           // 000000005404: BFC60000
	v_min_i32_e32 v0, v7, v0                                   // 000000005408: 22000107
	v_dual_mov_b32 v6, v1 :: v_dual_mov_b32 v7, v1             // 00000000540C: CA100101 06060101
	s_wait_alu depctr_va_vcc(0)                                // 000000005414: BF88FF9D
	v_cndmask_b32_e32 v76, v10, v11, vcc_lo                    // 000000005418: 0298170A
	ds_bpermute_b32 v74, v13, v73                              // 00000000541C: DACC0000 4A00490D
	ds_bpermute_b32 v75, v13, v0                               // 000000005424: DACC0000 4B00000D
	v_mov_b32_e32 v8, v1                                       // 00000000542C: 7E100301
	v_cmp_gt_u32_e32 vcc_lo, 32, v16                           // 000000005430: 7C9820A0
	v_lshlrev_b32_e32 v97, 2, v76                              // 000000005434: 30C29882
	v_add_nc_u32_e32 v168, 0, v135                             // 000000005438: 4B510E80
	s_delay_alu instid0(VALU_DEP_4)                            // 00000000543C: BF870004
	v_dual_mov_b32 v128, v8 :: v_dual_mov_b32 v123, v3         // 000000005440: CA100108 807A0103
	s_wait_alu depctr_va_vcc(0)                                // 000000005448: BF88FF9D
	v_cndmask_b32_e32 v134, v10, v16, vcc_lo                   // 00000000544C: 030C210A
	v_add_co_u32 v136, vcc_lo, v15, v163                       // 000000005450: D7006A88 0203470F
	s_wait_alu depctr_va_vcc(0)                                // 000000005458: BF88FF9D
	v_add_co_ci_u32_e64 v137, null, 0, v9, vcc_lo              // 00000000545C: D5207C89 01AA1280
	v_dual_mov_b32 v16, v8 :: v_dual_mov_b32 v11, v3           // 000000005464: CA100108 100A0103
	v_dual_mov_b32 v13, v5 :: v_dual_mov_b32 v124, v4          // 00000000546C: CA100105 0D7C0104
	s_wait_kmcnt 0x0                                           // 000000005474: BFC70000
	v_add_co_u32 v146, vcc_lo, s0, v129                        // 000000005478: D7006A92 02030200
	s_wait_dscnt 0x1                                           // 000000005480: BFC60001
	v_max_i32_e32 v138, v73, v74                               // 000000005484: 25149549
	s_wait_dscnt 0x0                                           // 000000005488: BFC60000
	v_min_i32_e32 v0, v0, v75                                  // 00000000548C: 22009700
	v_lshlrev_b32_e32 v129, 2, v134                            // 000000005490: 31030C82
	s_wait_alu depctr_va_vcc(0)                                // 000000005494: BF88FF9D
	v_add_co_ci_u32_e64 v147, null, s1, v130, vcc_lo           // 000000005498: D5207C93 01AB0401
	ds_bpermute_b32 v139, v97, v138                            // 0000000054A0: DACC0000 8B008A61
	ds_bpermute_b32 v140, v97, v0                              // 0000000054A8: DACC0000 8C000061
	v_add_co_u32 v130, vcc_lo, s8, v136                        // 0000000054B0: D7006A82 02031008
	s_xor_b32 s0, s20, 0x80000000                              // 0000000054B8: 8D00FF14 80000000
	s_wait_alu depctr_va_vcc(0)                                // 0000000054C0: BF88FF9D
	v_add_co_ci_u32_e64 v134, null, s9, v137, vcc_lo           // 0000000054C4: D5207C86 01AB1209
	s_wait_alu depctr_sa_sdst(0)                               // 0000000054CC: BF88FF9E
	s_fmac_f32 s6, s0, s4                                      // 0000000054D0: A3860400
	s_cvt_u32_f32 s0, s20                                      // 0000000054D4: BE806714
	v_add_co_u32 v148, vcc_lo, v130, 48                        // 0000000054D8: D7006A94 02016182
	s_wait_alu depctr_sa_sdst(0)                               // 0000000054E0: BF88FF9E
	s_bitset0_b32 s6, 31                                       // 0000000054E4: BE86109F
	s_wait_alu depctr_va_vcc(0)                                // 0000000054E8: BF88FF9D
	v_add_co_ci_u32_e64 v149, null, 0, v134, vcc_lo            // 0000000054EC: D5207C95 01AB0C80
	s_wait_alu depctr_sa_sdst(0)                               // 0000000054F4: BF88FF9E
	s_cmp_ge_f32 s6, s4                                        // 0000000054F8: BF460406
	v_dual_mov_b32 v24, v8 :: v_dual_mov_b32 v19, v3           // 0000000054FC: CA100108 18120103
	v_dual_mov_b32 v32, v8 :: v_dual_mov_b32 v27, v3           // 000000005504: CA100108 201A0103
	s_add_co_ci_u32 s0, s0, 0                                  // 00000000550C: 82008000
	s_wait_dscnt 0x1                                           // 000000005510: BFC60001
	v_max_i32_e32 v135, v138, v139                             // 000000005514: 250F178A
	s_wait_dscnt 0x0                                           // 000000005518: BFC60000
	v_min_i32_e32 v0, v0, v140                                 // 00000000551C: 22011900
	s_lshl_b32 s4, s3, 8                                       // 000000005520: 84048803
	s_wait_alu depctr_sa_sdst(0)                               // 000000005524: BF88FF9E
	s_and_b32 s6, s0, 0xffff                                   // 000000005528: 8B06FF00 0000FFFF
	s_add_nc_u64 s[0:1], s[10:11], s[4:5]                      // 000000005530: A980040A
	ds_bpermute_b32 v136, v129, v135                           // 000000005534: DACC0000 88008781
	ds_bpermute_b32 v129, v129, v0                             // 00000000553C: DACC0000 81000081
	s_lshl_b32 s4, s3, 11                                      // 000000005544: 84048B03
	s_wait_alu depctr_sa_sdst(0)                               // 000000005548: BF88FF9E
	v_add_co_u32 v150, s0, s0, v133                            // 00000000554C: D7000096 02030A00
	s_add_nc_u64 s[20:21], s[12:13], s[4:5]                    // 000000005554: A994040C
	s_mul_i32 s4, s7, 0x1800                                   // 000000005558: 9604FF07 00001800
	v_add_co_ci_u32_e64 v151, null, s1, 0, s0                  // 000000005560: D5207C97 00010001
	s_wait_alu depctr_sa_sdst(0)                               // 000000005568: BF88FF9E
	s_add_nc_u64 s[0:1], s[8:9], s[4:5]                        // 00000000556C: A9800408
	v_dual_mov_b32 v40, v8 :: v_dual_mov_b32 v35, v3           // 000000005570: CA100108 28220103
	s_wait_alu depctr_sa_sdst(0)                               // 000000005578: BF88FF9E
	v_add_co_u32 v152, vcc_lo, s0, v131                        // 00000000557C: D7006A98 02030600
	v_dual_mov_b32 v48, v8 :: v_dual_mov_b32 v43, v3           // 000000005584: CA100108 302A0103
	v_dual_mov_b32 v56, v8 :: v_dual_mov_b32 v51, v3           // 00000000558C: CA100108 38320103
	v_dual_mov_b32 v64, v8 :: v_dual_mov_b32 v59, v3           // 000000005594: CA100108 403A0103
	s_wait_dscnt 0x1                                           // 00000000559C: BFC60001
	v_max_i32_e32 v130, v135, v136                             // 0000000055A0: 25051187
	s_wait_dscnt 0x0                                           // 0000000055A4: BFC60000
	v_min_i32_e32 v0, v0, v129                                 // 0000000055A8: 22010300
	v_dual_mov_b32 v72, v8 :: v_dual_mov_b32 v67, v3           // 0000000055AC: CA100108 48420103
	v_dual_mov_b32 v80, v8 :: v_dual_mov_b32 v75, v3           // 0000000055B4: CA100108 504A0103
	v_dual_mov_b32 v88, v8 :: v_dual_mov_b32 v83, v3           // 0000000055BC: CA100108 58520103
	v_dual_mov_b32 v96, v8 :: v_dual_mov_b32 v91, v3           // 0000000055C4: CA100108 605A0103
	v_dual_mov_b32 v104, v8 :: v_dual_mov_b32 v99, v3          // 0000000055CC: CA100108 68620103
	v_dual_mov_b32 v112, v8 :: v_dual_mov_b32 v107, v3         // 0000000055D4: CA100108 706A0103
	v_dual_mov_b32 v120, v8 :: v_dual_mov_b32 v115, v3         // 0000000055DC: CA100108 78720103
	s_wait_alu depctr_va_vcc(0)                                // 0000000055E4: BF88FF9D
	v_add_co_ci_u32_e64 v153, null, s1, v132, vcc_lo           // 0000000055E8: D5207C99 01AB0801
	v_readfirstlane_b32 s26, v130                              // 0000000055F0: 7E340582
	v_dual_mov_b32 v136, v8 :: v_dual_mov_b32 v131, v3         // 0000000055F4: CA100108 88820103
	v_dual_mov_b32 v15, v7 :: v_dual_mov_b32 v14, v6           // 0000000055FC: CA100107 0F0E0106
	v_dual_mov_b32 v9, v1 :: v_dual_mov_b32 v12, v4            // 000000005604: CA100101 090C0104
	v_dual_mov_b32 v23, v7 :: v_dual_mov_b32 v10, v2           // 00000000560C: CA100107 170A0102
	v_dual_mov_b32 v21, v5 :: v_dual_mov_b32 v22, v6           // 000000005614: CA100105 15160106
	v_dual_mov_b32 v17, v1 :: v_dual_mov_b32 v20, v4           // 00000000561C: CA100101 11140104
	v_dual_mov_b32 v31, v7 :: v_dual_mov_b32 v18, v2           // 000000005624: CA100107 1F120102
	v_dual_mov_b32 v29, v5 :: v_dual_mov_b32 v30, v6           // 00000000562C: CA100105 1D1E0106
	v_dual_mov_b32 v25, v1 :: v_dual_mov_b32 v28, v4           // 000000005634: CA100101 191C0104
	v_dual_mov_b32 v39, v7 :: v_dual_mov_b32 v26, v2           // 00000000563C: CA100107 271A0102
	v_dual_mov_b32 v37, v5 :: v_dual_mov_b32 v38, v6           // 000000005644: CA100105 25260106
	v_dual_mov_b32 v33, v1 :: v_dual_mov_b32 v36, v4           // 00000000564C: CA100101 21240104
	v_dual_mov_b32 v47, v7 :: v_dual_mov_b32 v34, v2           // 000000005654: CA100107 2F220102
	v_dual_mov_b32 v45, v5 :: v_dual_mov_b32 v46, v6           // 00000000565C: CA100105 2D2E0106
	v_dual_mov_b32 v41, v1 :: v_dual_mov_b32 v44, v4           // 000000005664: CA100101 292C0104
	v_dual_mov_b32 v55, v7 :: v_dual_mov_b32 v42, v2           // 00000000566C: CA100107 372A0102
	v_dual_mov_b32 v53, v5 :: v_dual_mov_b32 v54, v6           // 000000005674: CA100105 35360106
	v_dual_mov_b32 v49, v1 :: v_dual_mov_b32 v52, v4           // 00000000567C: CA100101 31340104
	v_dual_mov_b32 v63, v7 :: v_dual_mov_b32 v50, v2           // 000000005684: CA100107 3F320102
	v_dual_mov_b32 v61, v5 :: v_dual_mov_b32 v62, v6           // 00000000568C: CA100105 3D3E0106
	v_dual_mov_b32 v57, v1 :: v_dual_mov_b32 v60, v4           // 000000005694: CA100101 393C0104
	v_dual_mov_b32 v71, v7 :: v_dual_mov_b32 v58, v2           // 00000000569C: CA100107 473A0102
	v_dual_mov_b32 v69, v5 :: v_dual_mov_b32 v70, v6           // 0000000056A4: CA100105 45460106
	v_dual_mov_b32 v65, v1 :: v_dual_mov_b32 v68, v4           // 0000000056AC: CA100101 41440104
	v_dual_mov_b32 v79, v7 :: v_dual_mov_b32 v66, v2           // 0000000056B4: CA100107 4F420102
	v_dual_mov_b32 v77, v5 :: v_dual_mov_b32 v78, v6           // 0000000056BC: CA100105 4D4E0106
	v_dual_mov_b32 v73, v1 :: v_dual_mov_b32 v76, v4           // 0000000056C4: CA100101 494C0104
	v_dual_mov_b32 v87, v7 :: v_dual_mov_b32 v74, v2           // 0000000056CC: CA100107 574A0102
	v_dual_mov_b32 v85, v5 :: v_dual_mov_b32 v86, v6           // 0000000056D4: CA100105 55560106
	v_dual_mov_b32 v81, v1 :: v_dual_mov_b32 v84, v4           // 0000000056DC: CA100101 51540104
	v_dual_mov_b32 v95, v7 :: v_dual_mov_b32 v82, v2           // 0000000056E4: CA100107 5F520102
	v_dual_mov_b32 v93, v5 :: v_dual_mov_b32 v94, v6           // 0000000056EC: CA100105 5D5E0106
	v_dual_mov_b32 v89, v1 :: v_dual_mov_b32 v92, v4           // 0000000056F4: CA100101 595C0104
	v_dual_mov_b32 v103, v7 :: v_dual_mov_b32 v90, v2          // 0000000056FC: CA100107 675A0102
	v_dual_mov_b32 v101, v5 :: v_dual_mov_b32 v102, v6         // 000000005704: CA100105 65660106
	v_dual_mov_b32 v97, v1 :: v_dual_mov_b32 v100, v4          // 00000000570C: CA100101 61640104
	v_dual_mov_b32 v111, v7 :: v_dual_mov_b32 v98, v2          // 000000005714: CA100107 6F620102
	v_dual_mov_b32 v109, v5 :: v_dual_mov_b32 v110, v6         // 00000000571C: CA100105 6D6E0106
	v_dual_mov_b32 v105, v1 :: v_dual_mov_b32 v108, v4         // 000000005724: CA100101 696C0104
	v_dual_mov_b32 v119, v7 :: v_dual_mov_b32 v106, v2         // 00000000572C: CA100107 776A0102
	v_dual_mov_b32 v117, v5 :: v_dual_mov_b32 v118, v6         // 000000005734: CA100105 75760106
	v_dual_mov_b32 v113, v1 :: v_dual_mov_b32 v116, v4         // 00000000573C: CA100101 71740104
	v_dual_mov_b32 v127, v7 :: v_dual_mov_b32 v114, v2         // 000000005744: CA100107 7F720102
	v_dual_mov_b32 v125, v5 :: v_dual_mov_b32 v126, v6         // 00000000574C: CA100105 7D7E0106
	v_dual_mov_b32 v121, v1 :: v_dual_mov_b32 v122, v2         // 000000005754: CA100101 797A0102
	v_mov_b32_e32 v135, v7                                     // 00000000575C: 7F0E0307
	v_readfirstlane_b32 s27, v0                                // 000000005760: 7E360500
	v_dual_mov_b32 v134, v6 :: v_dual_mov_b32 v129, v1         // 000000005764: CA100106 86800101
	v_dual_mov_b32 v133, v5 :: v_dual_mov_b32 v132, v4         // 00000000576C: CA100105 85840104
	v_mov_b32_e32 v130, v2                                     // 000000005774: 7F040302
	s_mul_i32 s24, s18, s6                                     // 000000005778: 96180612
	s_lshl_b32 s4, s3, 1                                       // 00000000577C: 84048103
	s_add_co_i32 s25, s24, s6                                  // 000000005780: 81190618
	s_lshl_b32 s28, s24, 6                                     // 000000005784: 841C8618
	s_wait_alu depctr_sa_sdst(0)                               // 000000005788: BF88FF9E
	s_add_nc_u64 s[22:23], s[10:11], s[4:5]                    // 00000000578C: A996040A
	s_add_nc_u64 s[12:13], s[12:13], s[4:5]                    // 000000005790: A98C040C
	s_branch 21                                                // 000000005794: BFA00015 <attention_fp8_e4m3_fa2_gqa_partial_gfx1201+0x6ec>
	v_mov_b32_e32 v154, v2                                     // 000000005798: 7F340302
	s_wait_alu depctr_sa_sdst(0)                               // 00000000579C: BF88FF9E
	s_or_b32 exec_lo, exec_lo, s30                             // 0000000057A0: 8C7E1E7E
	s_wait_loadcnt 0x0                                         // 0000000057A4: BFC00000
	s_barrier_signal -1                                        // 0000000057A8: BE804EC1
	s_barrier_wait 0xffff                                      // 0000000057AC: BF94FFFF
	global_inv scope:SCOPE_SE                                  // 0000000057B0: EE0AC07C 00040000 00000000
	s_add_co_i32 s24, s24, 1                                   // 0000000057BC: 81188118
	s_delay_alu instid0(SALU_CYCLE_1)                          // 0000000057C0: BF870009
	s_cmp_lg_u32 s24, s25                                      // 0000000057C4: BF071918
	s_cselect_b32 s0, -1, 0                                    // 0000000057C8: 980080C1
	s_xor_b32 s1, s11, -1                                      // 0000000057CC: 8D01C10B
	s_add_co_i32 s28, s28, 64                                  // 0000000057D0: 811CC01C
	s_wait_alu depctr_sa_sdst(0)                               // 0000000057D4: BF88FF9E
	s_and_b32 s0, s1, s0                                       // 0000000057D8: 8B000001
	s_wait_alu depctr_sa_sdst(0)                               // 0000000057DC: BF88FF9E
	s_and_b32 vcc_lo, exec_lo, s0                              // 0000000057E0: 8B6A007E
	s_wait_alu depctr_sa_sdst(0)                               // 0000000057E4: BF88FF9E
	s_cbranch_vccz 1228                                        // 0000000057E8: BFA304CC <attention_fp8_e4m3_fa2_gqa_partial_gfx1201+0x1a1c>
	s_lshl_b32 s29, s24, 6                                     // 0000000057EC: 841D8618
	s_wait_alu depctr_sa_sdst(0)                               // 0000000057F0: BF88FF9E
	s_cmp_gt_i32 s29, s26                                      // 0000000057F4: BF021A1D
	s_cselect_b32 s11, -1, 0                                   // 0000000057F8: 980B80C1
	s_wait_alu depctr_sa_sdst(0)                               // 0000000057FC: BF88FF9E
	s_and_b32 vcc_lo, exec_lo, s11                             // 000000005800: 8B6A0B7E
	s_wait_alu depctr_sa_sdst(0)                               // 000000005804: BF88FF9E
	s_cbranch_vccnz 65516                                      // 000000005808: BFA4FFEC <attention_fp8_e4m3_fa2_gqa_partial_gfx1201+0x6bc>
	v_mov_b32_e32 v0, v157                                     // 00000000580C: 7E00039D
	v_mov_b32_e32 v6, v158                                     // 000000005810: 7E0C039E
	s_mov_b32 s0, 8                                            // 000000005814: BE800088
	s_branch 19                                                // 000000005818: BFA00013 <attention_fp8_e4m3_fa2_gqa_partial_gfx1201+0x768>
	s_wait_alu depctr_sa_sdst(0)                               // 00000000581C: BF88FF9E
	s_or_b32 exec_lo, exec_lo, s1                              // 000000005820: 8C7E017E
	v_and_b32_e32 v7, 0xe0, v6                                 // 000000005824: 360E0CFF 000000E0
	v_add_nc_u32_e32 v6, 16, v6                                // 00000000582C: 4A0C0C90
	s_add_co_i32 s0, s0, -1                                    // 000000005830: 8100C100
	s_wait_alu depctr_sa_sdst(0)                               // 000000005834: BF88FF9E
	s_cmp_eq_u32 s0, 0                                         // 000000005838: BF068000
	v_add_nc_u32_e32 v7, v7, v164                              // 00000000583C: 4A0F4907
	s_delay_alu instid0(VALU_DEP_1) | instskip(SKIP_1) | instid1(VALU_DEP_2)// 000000005840: BF870121
	v_and_or_b32 v7, v0, 15, v7                                // 000000005844: D6570007 041D1F00
	v_add_nc_u32_e32 v0, 8, v0                                 // 00000000584C: 4A000088
	v_lshl_add_u32 v7, v7, 3, 0                                // 000000005850: D6460007 02010707
	s_wait_loadcnt 0x0                                         // 000000005858: BFC00000
	ds_store_2addr_b64 v7, v[2:3], v[4:5] offset1:16           // 00000000585C: D9381000 00040207
	s_cbranch_scc1 17                                          // 000000005864: BFA20011 <attention_fp8_e4m3_fa2_gqa_partial_gfx1201+0x7ac>
	s_delay_alu instid0(VALU_DEP_2) | instskip(SKIP_3) | instid1(VALU_DEP_3)// 000000005868: BF8701C2
	v_dual_mov_b32 v2, 0 :: v_dual_add_nc_u32 v7, s28, v0      // 00000000586C: CA200080 0206001C
	v_dual_mov_b32 v3, 0 :: v_dual_mov_b32 v4, 0               // 000000005874: CA100080 03040080
	v_mov_b32_e32 v5, 0                                        // 00000000587C: 7E0A0280
	s_mov_b32 s1, exec_lo                                      // 000000005880: BE81007E
	v_cmpx_ge_i32_e64 s26, v7                                  // 000000005884: D4C6007E 02020E1A
	s_cbranch_execz 65507                                      // 00000000588C: BFA5FFE3 <attention_fp8_e4m3_fa2_gqa_partial_gfx1201+0x71c>
	v_mad_co_i64_i32 v[2:3], null, 0x408, v7, v[150:151]       // 000000005890: D6FF7C02 065A0EFF 00000408
	global_load_b128 v[2:5], v[2:3], off                       // 00000000589C: EE05C07C 00000002 00000002
	s_branch 65500                                             // 0000000058A8: BFA0FFDC <attention_fp8_e4m3_fa2_gqa_partial_gfx1201+0x71c>
	v_or_b32_e32 v6, s29, v165                                 // 0000000058AC: 380D4A1D
	v_dual_mov_b32 v7, v162 :: v_dual_mov_b32 v8, v167         // 0000000058B0: CA1001A2 070801A7
	s_movk_i32 s0, 0xc000                                      // 0000000058B8: B000C000
	s_branch 17                                                // 0000000058BC: BFA00011 <attention_fp8_e4m3_fa2_gqa_partial_gfx1201+0x804>
	s_wait_alu depctr_sa_sdst(0)                               // 0000000058C0: BF88FF9E
	s_or_b32 exec_lo, exec_lo, s4                              // 0000000058C4: 8C7E047E
	s_wait_alu depctr_sa_sdst(0)                               // 0000000058C8: BF88FF9E
	s_or_b32 exec_lo, exec_lo, s3                              // 0000000058CC: 8C7E037E
	s_wait_alu depctr_sa_sdst(0)                               // 0000000058D0: BF88FF9E
	s_or_b32 exec_lo, exec_lo, s1                              // 0000000058D4: 8C7E017E
	v_add_nc_u32_e32 v0, s0, v168                              // 0000000058D8: 4A015000
	v_add_nc_u32_e32 v8, 0x200, v8                             // 0000000058DC: 4A1010FF 00000200
	v_add_nc_u32_e32 v7, 4, v7                                 // 0000000058E4: 4A0E0E84
	s_addk_co_i32 s0, 0x400                                    // 0000000058E8: B7800400
	s_wait_alu depctr_sa_sdst(0)                               // 0000000058EC: BF88FF9E
	s_cmp_eq_u32 s0, 0                                         // 0000000058F0: BF068000
	s_wait_loadcnt 0x0                                         // 0000000058F4: BFC00000
	ds_store_b64 v0, v[2:3] offset:32768                       // 0000000058F8: D9348000 00000200
	s_cbranch_scc1 130                                         // 000000005900: BFA20082 <attention_fp8_e4m3_fa2_gqa_partial_gfx1201+0xa0c>
	s_delay_alu instid0(VALU_DEP_1) | instskip(SKIP_1) | instid1(VALU_DEP_1)// 000000005904: BF8700A1
	v_and_b32_e32 v0, 0x70, v7                                 // 000000005908: 36000EFF 00000070
	s_mov_b32 s1, exec_lo                                      // 000000005910: BE81007E
	v_add_nc_u32_e32 v137, v0, v6                              // 000000005914: 4B120D00
	s_delay_alu instid0(VALU_DEP_1) | instskip(SKIP_1) | instid1(VALU_DEP_2)// 000000005918: BF870121
	v_ashrrev_i32_e32 v0, 3, v137                              // 00000000591C: 34011283
	v_or_b32_e32 v138, 7, v137                                 // 000000005920: 39151287
	v_mad_co_i64_i32 v[2:3], null, 0x2040, v0, s[20:21]        // 000000005924: D6FF7C02 005200FF 00002040
	v_and_or_b32 v0, 0x780, v8, v166                           // 000000005930: D6570000 069A10FF 00000780
	s_delay_alu instid0(VALU_DEP_1) | instskip(SKIP_1) | instid1(VALU_DEP_3)// 00000000593C: BF8701A1
	v_add_co_u32 v4, vcc_lo, v2, v0                            // 000000005940: D7006A04 02020102
	s_wait_alu depctr_va_vcc(0)                                // 000000005948: BF88FF9D
	v_add_co_ci_u32_e64 v5, null, 0, v3, vcc_lo                // 00000000594C: D5207C05 01AA0680
	v_cmpx_ge_i32_e64 s26, v138                                // 000000005954: D4C6007E 0203141A
	s_wait_alu depctr_sa_sdst(0)                               // 00000000595C: BF88FF9E
	s_xor_b32 s1, exec_lo, s1                                  // 000000005960: 8D01017E
	s_cbranch_execz 3                                          // 000000005964: BFA50003 <attention_fp8_e4m3_fa2_gqa_partial_gfx1201+0x874>
	global_load_b64 v[2:3], v[4:5], off                        // 000000005968: EE05407C 00000002 00000004
	s_wait_alu depctr_sa_sdst(0)                               // 000000005974: BF88FF9E
	s_and_not1_saveexec_b32 s1, s1                             // 000000005978: BE813001
	s_cbranch_execz 65492                                      // 00000000597C: BFA5FFD4 <attention_fp8_e4m3_fa2_gqa_partial_gfx1201+0x7d0>
	s_wait_loadcnt 0x0                                         // 000000005980: BFC00000
	v_dual_mov_b32 v2, 0 :: v_dual_mov_b32 v3, 0               // 000000005984: CA100080 02020080
	s_mov_b32 s3, exec_lo                                      // 00000000598C: BE83007E
	v_cmpx_ge_i32_e64 s26, v137                                // 000000005990: D4C6007E 0203121A
	s_cbranch_execz 65483                                      // 000000005998: BFA5FFCB <attention_fp8_e4m3_fa2_gqa_partial_gfx1201+0x7c8>
	global_load_d16_u8 v0, v[4:5], off                         // 00000000599C: EE07807C 00000000 00000004
	s_wait_loadcnt 0x0                                         // 0000000059A8: BFC00000
	v_mov_b16_e32 v0.h, 0                                      // 0000000059AC: 7F003880
	v_mov_b32_e32 v3, v1                                       // 0000000059B0: 7E060301
	s_mov_b32 s4, exec_lo                                      // 0000000059B4: BE84007E
	s_delay_alu instid0(VALU_DEP_2)                            // 0000000059B8: BF870002
	v_mov_b32_e32 v2, v0                                       // 0000000059BC: 7E040300
	v_cmpx_gt_i32_e64 s26, v137                                // 0000000059C0: D4C4007E 0203121A
	s_cbranch_execz 9                                          // 0000000059C8: BFA50009 <attention_fp8_e4m3_fa2_gqa_partial_gfx1201+0x8f0>
	global_load_u8 v2, v[4:5], off offset:1                    // 0000000059CC: EE04007C 00000002 00000104
	s_wait_loadcnt 0x0                                         // 0000000059D8: BFC00000
	v_lshl_or_b32 v0, v2, 8, v0                                // 0000000059DC: D6560000 04011102
	s_delay_alu instid0(VALU_DEP_1)                            // 0000000059E4: BF870001
	v_dual_mov_b32 v3, v1 :: v_dual_mov_b32 v2, v0             // 0000000059E8: CA100101 03020100
	s_wait_alu depctr_sa_sdst(0)                               // 0000000059F0: BF88FF9E
	s_or_b32 exec_lo, exec_lo, s4                              // 0000000059F4: 8C7E047E
	v_or_b32_e32 v0, 2, v137                                   // 0000000059F8: 38011282
	s_mov_b32 s4, exec_lo                                      // 0000000059FC: BE84007E
	s_delay_alu instid0(VALU_DEP_1)                            // 000000005A00: BF870001
	v_cmpx_ge_i32_e64 s26, v0                                  // 000000005A04: D4C6007E 0202001A
	s_cbranch_execz 6                                          // 000000005A0C: BFA50006 <attention_fp8_e4m3_fa2_gqa_partial_gfx1201+0x928>
	global_load_u8 v0, v[4:5], off offset:2                    // 000000005A10: EE04007C 00000000 00000204
	s_wait_loadcnt 0x0                                         // 000000005A1C: BFC00000
	v_lshl_or_b32 v2, v0, 16, v2                               // 000000005A20: D6560002 04092100
	s_wait_alu depctr_sa_sdst(0)                               // 000000005A28: BF88FF9E
	s_or_b32 exec_lo, exec_lo, s4                              // 000000005A2C: 8C7E047E
	v_or_b32_e32 v0, 3, v137                                   // 000000005A30: 38011283
	s_mov_b32 s4, exec_lo                                      // 000000005A34: BE84007E
	s_delay_alu instid0(VALU_DEP_1)                            // 000000005A38: BF870001
	v_cmpx_ge_i32_e64 s26, v0                                  // 000000005A3C: D4C6007E 0202001A
	s_cbranch_execz 6                                          // 000000005A44: BFA50006 <attention_fp8_e4m3_fa2_gqa_partial_gfx1201+0x960>
	global_load_u8 v0, v[4:5], off offset:3                    // 000000005A48: EE04007C 00000000 00000304
	s_wait_loadcnt 0x0                                         // 000000005A54: BFC00000
	v_lshl_or_b32 v2, v0, 24, v2                               // 000000005A58: D6560002 04093100
	s_wait_alu depctr_sa_sdst(0)                               // 000000005A60: BF88FF9E
	s_or_b32 exec_lo, exec_lo, s4                              // 000000005A64: 8C7E047E
	v_or_b32_e32 v0, 4, v137                                   // 000000005A68: 38011284
	s_mov_b32 s4, exec_lo                                      // 000000005A6C: BE84007E
	s_delay_alu instid0(VALU_DEP_1)                            // 000000005A70: BF870001
	v_cmpx_ge_i32_e64 s26, v0                                  // 000000005A74: D4C6007E 0202001A
	s_cbranch_execz 5                                          // 000000005A7C: BFA50005 <attention_fp8_e4m3_fa2_gqa_partial_gfx1201+0x994>
	global_load_u8 v0, v[4:5], off offset:4                    // 000000005A80: EE04007C 00000000 00000404
	s_wait_loadcnt 0x0                                         // 000000005A8C: BFC00000
	v_or_b32_e32 v3, v0, v3                                    // 000000005A90: 38060700
	s_wait_alu depctr_sa_sdst(0)                               // 000000005A94: BF88FF9E
	s_or_b32 exec_lo, exec_lo, s4                              // 000000005A98: 8C7E047E
	v_or_b32_e32 v0, 5, v137                                   // 000000005A9C: 38011285
	s_mov_b32 s4, exec_lo                                      // 000000005AA0: BE84007E
	s_delay_alu instid0(VALU_DEP_1)                            // 000000005AA4: BF870001
	v_cmpx_ge_i32_e64 s26, v0                                  // 000000005AA8: D4C6007E 0202001A
	s_cbranch_execz 7                                          // 000000005AB0: BFA50007 <attention_fp8_e4m3_fa2_gqa_partial_gfx1201+0x9d0>
	global_load_u8 v0, v[4:5], off offset:5                    // 000000005AB4: EE04007C 00000000 00000504
	s_wait_loadcnt 0x0                                         // 000000005AC0: BFC00000
	v_lshlrev_b32_e32 v0, 8, v0                                // 000000005AC4: 30000088
	s_delay_alu instid0(VALU_DEP_1)                            // 000000005AC8: BF870001
	v_or_b32_e32 v3, v0, v3                                    // 000000005ACC: 38060700
	s_wait_alu depctr_sa_sdst(0)                               // 000000005AD0: BF88FF9E
	s_or_b32 exec_lo, exec_lo, s4                              // 000000005AD4: 8C7E047E
	v_or_b32_e32 v0, 6, v137                                   // 000000005AD8: 38011286
	s_mov_b32 s4, exec_lo                                      // 000000005ADC: BE84007E
	s_delay_alu instid0(VALU_DEP_1)                            // 000000005AE0: BF870001
	v_cmpx_ge_i32_e64 s26, v0                                  // 000000005AE4: D4C6007E 0202001A
	s_cbranch_execz 65396                                      // 000000005AEC: BFA5FF74 <attention_fp8_e4m3_fa2_gqa_partial_gfx1201+0x7c0>
	v_mov_b16_e32 v0.l, 0                                      // 000000005AF0: 7E003880
	global_load_d16_hi_u8 v0, v[4:5], off offset:6             // 000000005AF4: EE08407C 00000000 00000604
	s_wait_loadcnt 0x0                                         // 000000005B00: BFC00000
	v_or_b32_e32 v3, v0, v3                                    // 000000005B04: 38060700
	s_branch 65389                                             // 000000005B08: BFA0FF6D <attention_fp8_e4m3_fa2_gqa_partial_gfx1201+0x7c0>
	s_wait_dscnt 0x0                                           // 000000005B0C: BFC60000
	s_barrier_signal -1                                        // 000000005B10: BE804EC1
	s_barrier_wait 0xffff                                      // 000000005B14: BF94FFFF
	global_inv scope:SCOPE_SE                                  // 000000005B18: EE0AC07C 00040000 00000000
	s_and_saveexec_b32 s30, s2                                 // 000000005B24: BE9E2002
	s_cbranch_execz 65308                                      // 000000005B28: BFA5FF1C <attention_fp8_e4m3_fa2_gqa_partial_gfx1201+0x69c>
	v_mov_b32_e32 v0, s16                                      // 000000005B2C: 7E000210
	s_and_saveexec_b32 s0, s19                                 // 000000005B30: BE802013
	s_cbranch_execz 5                                          // 000000005B34: BFA50005 <attention_fp8_e4m3_fa2_gqa_partial_gfx1201+0xa4c>
	global_load_b32 v0, v[152:153], off                        // 000000005B38: EE05007C 00000000 00000098
	s_wait_loadcnt 0x0                                         // 000000005B44: BFC00000
	v_mul_f32_e32 v0, s16, v0                                  // 000000005B48: 10000010
	s_wait_alu depctr_sa_sdst(0)                               // 000000005B4C: BF88FF9E
	s_or_b32 exec_lo, exec_lo, s0                              // 000000005B50: 8C7E007E
	s_or_b32 s0, s29, 16                                       // 000000005B54: 8C00901D
	v_mov_b32_e32 v4, v161                                     // 000000005B58: 7E0803A1
	s_wait_alu depctr_sa_sdst(0)                               // 000000005B5C: BF88FF9E
	s_cmp_le_i32 s0, s26                                       // 000000005B60: BF051A00
	s_mov_b32 s31, 0                                           // 000000005B64: BE9F0080
	s_cselect_b32 s33, -1, 0                                   // 000000005B68: 982180C1
	s_branch 445                                               // 000000005B6C: BFA001BD <attention_fp8_e4m3_fa2_gqa_partial_gfx1201+0x1164>
	s_wait_alu depctr_sa_sdst(0)                               // 000000005B70: BF88FF9E
	s_or_b32 exec_lo, exec_lo, s0                              // 000000005B74: 8C7E007E
	v_sub_f32_e32 v143, v154, v2                               // 000000005B78: 091E059A
	v_cmp_neq_f32_e32 vcc_lo, 0xff800000, v154                 // 000000005B7C: 7C3B34FF FF800000
	s_wait_dscnt 0x0                                           // 000000005B84: BFC60000
	v_add_f32_e32 v5, v5, v6                                   // 000000005B88: 060A0D05
	v_div_scale_f32 v172, null, v3, v3, v140                   // 000000005B8C: D6FC7CAC 06320703
	v_div_scale_f32 v174, null, v3, v3, v139                   // 000000005B94: D6FC7CAE 062E0703
	v_mul_f32_e32 v143, 0x3fb8aa3b, v143                       // 000000005B9C: 111F1EFF 3FB8AA3B
	v_div_scale_f32 v177, null, v3, v3, v137                   // 000000005BA4: D6FC7CB1 06260703
	v_div_scale_f32 v176, null, v3, v3, v8                     // 000000005BAC: D6FC7CB0 04220703
	v_rcp_f32_e32 v173, v172                                   // 000000005BB4: 7F5A55AC
	v_lshl_add_u32 v189, s31, 12, v161                         // 000000005BB8: D64600BD 0685181F
	v_exp_f32_e32 v143, v143                                   // 000000005BC0: 7F1E4B8F
	v_rcp_f32_e32 v180, v177                                   // 000000005BC4: 7F6855B1
	v_rcp_f32_e32 v179, v176                                   // 000000005BC8: 7F6655B0
	v_fma_f32 v175, -v172, v173, 1.0                           // 000000005BCC: D61300AF 23CB5BAC
	s_wait_alu depctr_va_vcc(0)                                // 000000005BD4: BF88FF9D
	s_delay_alu instid0(TRANS32_DEP_3) | instskip(NEXT) | instid1(VALU_DEP_1)// 000000005BD8: BF870097
	v_cndmask_b32_e32 v143, 0, v143, vcc_lo                    // 000000005BDC: 031F1E80
	v_dual_fmac_f32 v173, v175, v173 :: v_dual_mul_f32 v144, v156, v143// 000000005BE0: C8075BAF AD911F9C
	s_delay_alu instid0(VALU_DEP_1) | instskip(SKIP_1) | instid1(VALU_DEP_2)// 000000005BE8: BF870121
	v_div_scale_f32 v154, null, v3, v3, v144                   // 000000005BEC: D6FC7C9A 06420703
	v_div_scale_f32 v170, vcc_lo, v144, v3, v144               // 000000005BF4: D6FC6AAA 06420790
	v_rcp_f32_e32 v156, v154                                   // 000000005BFC: 7F38559A
	s_delay_alu instid0(TRANS32_DEP_1) | instskip(NEXT) | instid1(VALU_DEP_1)// 000000005C00: BF870095
	v_fma_f32 v169, -v154, v156, 1.0                           // 000000005C04: D61300A9 23CB399A
	v_fmac_f32_e32 v156, v169, v156                            // 000000005C0C: 573939A9
	s_delay_alu instid0(VALU_DEP_1) | instskip(NEXT) | instid1(VALU_DEP_1)// 000000005C10: BF870091
	v_mul_f32_e32 v169, v170, v156                             // 000000005C14: 115339AA
	v_fma_f32 v171, -v154, v169, v170                          // 000000005C18: D61300AB 26AB539A
	s_delay_alu instid0(VALU_DEP_1) | instskip(NEXT) | instid1(VALU_DEP_1)// 000000005C20: BF870091
	v_fmac_f32_e32 v169, v171, v156                            // 000000005C24: 575339AB
	v_fma_f32 v154, -v154, v169, v170                          // 000000005C28: D613009A 26AB539A
	s_wait_alu depctr_va_vcc(0)                                // 000000005C30: BF88FF9D
	s_delay_alu instid0(VALU_DEP_1) | instskip(NEXT) | instid1(VALU_DEP_1)// 000000005C34: BF870091
	v_div_fmas_f32 v154, v154, v156, v169                      // 000000005C38: D637009A 06A7399A
	v_div_fixup_f32 v6, v154, v3, v144                         // 000000005C40: D6270006 0642079A
	v_div_scale_f32 v154, null, v3, v3, v141                   // 000000005C48: D6FC7C9A 06360703
	s_delay_alu instid0(VALU_DEP_2)                            // 000000005C50: BF870002
	v_mul_f32_e32 v134, v134, v6                               // 000000005C54: 110C0D86
	v_dual_mul_f32 v130, v130, v6 :: v_dual_fmac_f32 v5, v155, v143// 000000005C58: C8C00D82 82051F9B
	v_mul_f32_e32 v128, v128, v6                               // 000000005C60: 11000D80
	v_div_scale_f32 v143, null, v3, v3, v142                   // 000000005C64: D6FC7C8F 063A0703
	v_rcp_f32_e32 v156, v154                                   // 000000005C6C: 7F38559A
	v_dual_mul_f32 v136, v136, v6 :: v_dual_mul_f32 v135, v135, v6// 000000005C70: C8C60D88 88860D87
	v_mul_f32_e32 v126, v126, v6                               // 000000005C78: 10FC0D7E
	s_delay_alu instid0(VALU_DEP_3) | instskip(SKIP_3) | instid1(TRANS32_DEP_2)// 000000005C7C: BF870343
	v_rcp_f32_e32 v144, v143                                   // 000000005C80: 7F20558F
	v_dual_mul_f32 v133, v133, v6 :: v_dual_mul_f32 v124, v124, v6// 000000005C84: C8C60D85 857C0D7C
	v_dual_mul_f32 v132, v132, v6 :: v_dual_mul_f32 v131, v131, v6// 000000005C8C: C8C60D84 84820D83
	v_mul_f32_e32 v122, v122, v6                               // 000000005C94: 10F40D7A
	v_fma_f32 v170, -v154, v156, 1.0                           // 000000005C98: D61300AA 23CB399A
	v_mul_f32_e32 v25, v25, v6                                 // 000000005CA0: 10320D19
	v_dual_mul_f32 v129, v129, v6 :: v_dual_mul_f32 v120, v120, v6// 000000005CA4: C8C60D81 81780D78
	s_delay_alu instid0(TRANS32_DEP_1) | instskip(NEXT) | instid1(VALU_DEP_4)// 000000005CAC: BF870215
	v_fma_f32 v155, -v143, v144, 1.0                           // 000000005CB0: D613009B 23CB218F
	v_dual_mul_f32 v33, v33, v6 :: v_dual_fmac_f32 v156, v170, v156// 000000005CB8: C8C00D21 219D39AA
	v_div_scale_f32 v170, s0, v141, v3, v141                   // 000000005CC0: D6FC00AA 0636078D
	v_dual_mul_f32 v127, v127, v6 :: v_dual_mul_f32 v118, v118, v6// 000000005CC8: C8C60D7F 7F760D76
	s_delay_alu instid0(VALU_DEP_4) | instskip(SKIP_3) | instid1(VALU_DEP_3)// 000000005CD0: BF8701C4
	v_fmac_f32_e32 v144, v155, v144                            // 000000005CD4: 5721219B
	v_div_scale_f32 v155, vcc_lo, v142, v3, v142               // 000000005CD8: D6FC6A9B 063A078E
	v_dual_mul_f32 v16, v16, v6 :: v_dual_mul_f32 v125, v125, v6// 000000005CE0: C8C60D10 107C0D7D
	v_dual_mul_f32 v116, v116, v6 :: v_dual_mul_f32 v123, v123, v6// 000000005CE8: C8C60D74 747A0D7B
	v_dual_mul_f32 v114, v114, v6 :: v_dual_mul_f32 v169, v155, v144// 000000005CF0: C8C60D72 72A9219B
	v_dual_mul_f32 v121, v121, v6 :: v_dual_mul_f32 v112, v112, v6// 000000005CF8: C8C60D79 79700D70
	v_dual_mul_f32 v119, v119, v6 :: v_dual_mul_f32 v110, v110, v6// 000000005D00: C8C60D77 776E0D6E
	s_delay_alu instid0(VALU_DEP_3) | instskip(SKIP_2) | instid1(VALU_DEP_3)// 000000005D08: BF8701B3
	v_fma_f32 v171, -v143, v169, v155                          // 000000005D0C: D61300AB 266F538F
	v_dual_mul_f32 v117, v117, v6 :: v_dual_mul_f32 v108, v108, v6// 000000005D14: C8C60D75 756C0D6C
	v_dual_mul_f32 v115, v115, v6 :: v_dual_mul_f32 v106, v106, v6// 000000005D1C: C8C60D73 736A0D6A
	v_fmac_f32_e32 v169, v171, v144                            // 000000005D24: 575321AB
	v_mul_f32_e32 v171, v170, v156                             // 000000005D28: 115739AA
	v_dual_mul_f32 v113, v113, v6 :: v_dual_mul_f32 v104, v104, v6// 000000005D2C: C8C60D71 71680D68
	v_dual_mul_f32 v111, v111, v6 :: v_dual_mul_f32 v102, v102, v6// 000000005D34: C8C60D6F 6F660D66
	s_delay_alu instid0(VALU_DEP_4) | instskip(NEXT) | instid1(VALU_DEP_4)// 000000005D3C: BF870214
	v_fma_f32 v143, -v143, v169, v155                          // 000000005D40: D613008F 266F538F
	v_fma_f32 v155, -v154, v171, v170                          // 000000005D48: D613009B 26AB579A
	v_dual_mul_f32 v109, v109, v6 :: v_dual_mul_f32 v100, v100, v6// 000000005D50: C8C60D6D 6D640D64
	v_dual_mul_f32 v107, v107, v6 :: v_dual_mul_f32 v98, v98, v6// 000000005D58: C8C60D6B 6B620D62
	s_wait_alu depctr_va_vcc(0)                                // 000000005D60: BF88FF9D
	v_div_fmas_f32 v143, v143, v144, v169                      // 000000005D64: D637008F 06A7218F
	v_fmac_f32_e32 v171, v155, v156                            // 000000005D6C: 5757399B
	v_div_scale_f32 v155, s1, v140, v3, v140                   // 000000005D70: D6FC019B 0632078C
	s_mov_b32 vcc_lo, s0                                       // 000000005D78: BEEA0000
	v_rcp_f32_e32 v144, v174                                   // 000000005D7C: 7F2055AE
	v_div_fixup_f32 v143, v143, v3, v142                       // 000000005D80: D627008F 063A078F
	v_fma_f32 v142, -v154, v171, v170                          // 000000005D88: D613008E 26AB579A
	v_mul_f32_e32 v154, v155, v173                             // 000000005D90: 11355B9B
	v_div_scale_f32 v170, null, v3, v3, v7                     // 000000005D94: D6FC7CAA 041E0703
	v_dual_mul_f32 v105, v105, v6 :: v_dual_mul_f32 v96, v96, v6// 000000005D9C: C8C60D69 69600D60
	s_wait_alu depctr_sa_sdst(0)                               // 000000005DA4: BF88FF9E
	v_div_fmas_f32 v156, v142, v156, v171                      // 000000005DA8: D637009C 06AF398E
	v_fma_f32 v171, -v172, v154, v155                          // 000000005DB0: D61300AB 266F35AC
	s_mov_b32 vcc_lo, s1                                       // 000000005DB8: BEEA0001
	v_rcp_f32_e32 v175, v170                                   // 000000005DBC: 7F5E55AA
	v_fma_f32 v169, -v174, v144, 1.0                           // 000000005DC0: D61300A9 23CB21AE
	v_mul_f32_e32 v19, v19, v6                                 // 000000005DC8: 10260D13
	v_fmac_f32_e32 v154, v171, v173                            // 000000005DCC: 57355BAB
	v_mov_b16_e64 v142.l, v1.l                                 // 000000005DD0: D59C008E 02010101
	v_div_fixup_f32 v156, v156, v3, v141                       // 000000005DD8: D627009C 0636079C
	v_fmac_f32_e32 v144, v169, v144                            // 000000005DE0: 572121A9
	v_div_scale_f32 v169, s0, v139, v3, v139                   // 000000005DE4: D6FC00A9 062E078B
	v_fma_f32 v155, -v172, v154, v155                          // 000000005DEC: D613009B 266F35AC
	v_fma_f32 v178, -v170, v175, 1.0                           // 000000005DF4: D61300B2 23CB5FAA
	v_mov_b16_e64 v141.l, v142.l                               // 000000005DFC: D59C008D 0201018E
	v_mov_b16_e64 v142.h, 0 op_sel:[0,1]                       // 000000005E04: D59C408E 02010080
	v_dual_mul_f32 v103, v103, v6 :: v_dual_mul_f32 v94, v94, v6// 000000005E0C: C8C60D67 675E0D5E
	s_wait_alu depctr_sa_sdst(0)                               // 000000005E14: BF88FF9E
	v_div_fmas_f32 v154, v155, v173, v154                      // 000000005E18: D637009A 066B5B9B
	v_div_scale_f32 v155, null, v3, v3, v138                   // 000000005E20: D6FC7C9B 062A0703
	v_fma_f32 v173, -v176, v179, 1.0                           // 000000005E28: D61300AD 23CB67B0
	s_mov_b32 vcc_lo, s0                                       // 000000005E30: BEEA0000
	v_cvt_pk_fp8_f32 v141.l, v143, v156                        // 000000005E34: D769008D 0203398F
	v_div_fixup_f32 v140, v154, v3, v140                       // 000000005E3C: D627008C 0632079A
	v_fma_f32 v154, -v177, v180, 1.0                           // 000000005E44: D613009A 23CB69B1
	v_mul_f32_e32 v15, v15, v6                                 // 000000005E4C: 101E0D0F
	v_dual_fmac_f32 v179, v173, v179 :: v_dual_mov_b32 v156, v3// 000000005E50: C81167AD B39C0103
	v_div_scale_f32 v173, s3, v8, v3, v8                       // 000000005E58: D6FC03AD 04220708
	s_delay_alu instid0(VALU_DEP_4) | instskip(SKIP_4) | instid1(VALU_DEP_4)// 000000005E60: BF870254
	v_fmac_f32_e32 v180, v154, v180                            // 000000005E64: 5769699A
	v_div_scale_f32 v154, s4, v137, v3, v137                   // 000000005E68: D6FC049A 06260789
	v_mul_f32_e32 v10, v10, v6                                 // 000000005E70: 10140D0A
	v_mov_b16_e64 v141.h, v142.h op_sel:[1,1]                  // 000000005E74: D59C488D 0201018E
	v_dual_mul_f32 v101, v101, v6 :: v_dual_mul_f32 v92, v92, v6// 000000005E7C: C8C60D65 655C0D5C
	v_mul_f32_e32 v182, v154, v180                             // 000000005E84: 116D699A
	v_fmac_f32_e32 v175, v178, v175                            // 000000005E88: 575F5FB2
	v_mul_f32_e32 v171, v169, v144                             // 000000005E8C: 115721A9
	v_rcp_f32_e32 v178, v155                                   // 000000005E90: 7F64559B
	v_dual_mul_f32 v99, v99, v6 :: v_dual_mul_f32 v90, v90, v6 // 000000005E94: C8C60D63 635A0D5A
	v_dual_mul_f32 v97, v97, v6 :: v_dual_mul_f32 v88, v88, v6 // 000000005E9C: C8C60D61 61580D58
	s_delay_alu instid0(VALU_DEP_3) | instskip(SKIP_2) | instid1(VALU_DEP_3)// 000000005EA4: BF8701B3
	v_fma_f32 v172, -v174, v171, v169                          // 000000005EA8: D61300AC 26A757AE
	v_dual_mul_f32 v95, v95, v6 :: v_dual_mul_f32 v86, v86, v6 // 000000005EB0: C8C60D5F 5F560D56
	v_dual_mul_f32 v93, v93, v6 :: v_dual_mul_f32 v84, v84, v6 // 000000005EB8: C8C60D5D 5D540D54
	v_fmac_f32_e32 v171, v172, v144                            // 000000005EC0: 575721AC
	v_div_scale_f32 v172, s1, v7, v3, v7                       // 000000005EC4: D6FC01AC 041E0707
	s_delay_alu instid0(TRANS32_DEP_1)                         // 000000005ECC: BF870005
	v_fma_f32 v181, -v155, v178, 1.0                           // 000000005ED0: D61300B5 23CB659B
	v_mul_f32_e32 v17, v17, v6                                 // 000000005ED8: 10220D11
	v_dual_mul_f32 v91, v91, v6 :: v_dual_mul_f32 v82, v82, v6 // 000000005EDC: C8C60D5B 5B520D52
	v_fma_f32 v169, -v174, v171, v169                          // 000000005EE4: D61300A9 26A757AE
	v_mul_f32_e32 v174, v172, v175                             // 000000005EEC: 115D5FAC
	v_fmac_f32_e32 v178, v181, v178                            // 000000005EF0: 576565B5
	v_div_scale_f32 v181, s0, v138, v3, v138                   // 000000005EF4: D6FC00B5 062A078A
	v_dual_mul_f32 v89, v89, v6 :: v_dual_mul_f32 v80, v80, v6 // 000000005EFC: C8C60D59 59500D50
	s_wait_alu depctr_sa_sdst(0)                               // 000000005F04: BF88FF9E
	v_div_fmas_f32 v144, v169, v144, v171                      // 000000005F08: D6370090 06AF21A9
	v_mul_f32_e32 v171, v173, v179                             // 000000005F10: 115767AD
	v_fma_f32 v169, -v170, v174, v172                          // 000000005F14: D61300A9 26B35DAA
	v_mul_f32_e32 v183, v181, v178                             // 000000005F1C: 116F65B5
	s_mov_b32 vcc_lo, s1                                       // 000000005F20: BEEA0001
	v_div_fixup_f32 v139, v144, v3, v139                       // 000000005F24: D627008B 062E0790
	v_fma_f32 v144, -v176, v171, v173                          // 000000005F2C: D6130090 26B757B0
	v_fmac_f32_e32 v174, v169, v175                            // 000000005F34: 575D5FA9
	v_fma_f32 v169, -v177, v182, v154                          // 000000005F38: D61300A9 266B6DB1
	v_dual_mul_f32 v87, v87, v6 :: v_dual_mul_f32 v78, v78, v6 // 000000005F40: C8C60D57 574E0D4E
	s_delay_alu instid0(VALU_DEP_4)                            // 000000005F48: BF870004
	v_fmac_f32_e32 v171, v144, v179                            // 000000005F4C: 57576790
	v_fma_f32 v144, -v155, v183, v181                          // 000000005F50: D6130090 26D76F9B
	v_fma_f32 v170, -v170, v174, v172                          // 000000005F58: D61300AA 26B35DAA
	v_fmac_f32_e32 v182, v169, v180                            // 000000005F60: 576D69A9
	v_cvt_pk_fp8_f32 v141.h, v140, v139 op_sel:[0,0,1]         // 000000005F64: D769408D 0203178C
	v_dual_mul_f32 v85, v85, v6 :: v_dual_mul_f32 v76, v76, v6 // 000000005F6C: C8C60D55 554C0D4C
	v_fmac_f32_e32 v183, v144, v178                            // 000000005F74: 576F6590
	s_wait_alu depctr_sa_sdst(0)                               // 000000005F78: BF88FF9E
	v_div_fmas_f32 v169, v170, v175, v174                      // 000000005F7C: D63700A9 06BB5FAA
	v_fma_f32 v170, -v176, v171, v173                          // 000000005F84: D61300AA 26B757B0
	v_fma_f32 v144, -v177, v182, v154                          // 000000005F8C: D6130090 266B6DB1
	s_mov_b32 vcc_lo, s3                                       // 000000005F94: BEEA0003
	v_fma_f32 v155, -v155, v183, v181                          // 000000005F98: D613009B 26D76F9B
	v_div_fixup_f32 v7, v169, v3, v7                           // 000000005FA0: D6270007 041E07A9
	s_wait_alu depctr_sa_sdst(0)                               // 000000005FA8: BF88FF9E
	v_div_fmas_f32 v154, v170, v179, v171                      // 000000005FAC: D637009A 06AF67AA
	s_mov_b32 vcc_lo, s4                                       // 000000005FB4: BEEA0004
	v_dual_mul_f32 v83, v83, v6 :: v_dual_mul_f32 v74, v74, v6 // 000000005FB8: C8C60D53 534A0D4A
	s_wait_alu depctr_sa_sdst(0)                               // 000000005FC0: BF88FF9E
	v_div_fmas_f32 v144, v144, v180, v182                      // 000000005FC4: D6370090 06DB6990
	s_mov_b32 vcc_lo, s0                                       // 000000005FCC: BEEA0000
	v_div_fixup_f32 v8, v154, v3, v8                           // 000000005FD0: D6270008 0422079A
	s_wait_alu depctr_sa_sdst(0)                               // 000000005FD8: BF88FF9E
	v_div_fmas_f32 v155, v155, v178, v183                      // 000000005FDC: D637009B 06DF659B
	v_dual_mul_f32 v81, v81, v6 :: v_dual_mul_f32 v72, v72, v6 // 000000005FE4: C8C60D51 51480D48
	v_div_fixup_f32 v137, v144, v3, v137                       // 000000005FEC: D6270089 06260790
	v_cvt_pk_fp8_f32 v142.l, v7, v8                            // 000000005FF4: D769008E 02021107
	s_delay_alu instid0(VALU_DEP_4)                            // 000000005FFC: BF870004
	v_div_fixup_f32 v138, v155, v3, v138                       // 000000006000: D627008A 062A079B
	ds_load_b64 v[7:8], v189 offset:16384                      // 000000006008: D9D84000 070000BD
	v_dual_mul_f32 v79, v79, v6 :: v_dual_mul_f32 v70, v70, v6 // 000000006010: C8C60D4F 4F460D46
	v_cvt_pk_fp8_f32 v142.h, v137, v138 op_sel:[0,0,1]         // 000000006018: D769408E 02031589
	ds_load_b64 v[137:138], v189 offset:16640                  // 000000006020: D9D84100 890000BD
	ds_load_b64 v[139:140], v189 offset:16896                  // 000000006028: D9D84200 8B0000BD
	ds_load_b64 v[143:144], v189 offset:17152                  // 000000006030: D9D84300 8F0000BD
	ds_load_b64 v[154:155], v189 offset:17408                  // 000000006038: D9D84400 9A0000BD
	ds_load_b64 v[169:170], v189 offset:17664                  // 000000006040: D9D84500 A90000BD
	ds_load_b64 v[171:172], v189 offset:17920                  // 000000006048: D9D84600 AB0000BD
	ds_load_b64 v[173:174], v189 offset:18176                  // 000000006050: D9D84700 AD0000BD
	ds_load_b64 v[175:176], v189 offset:18432                  // 000000006058: D9D84800 AF0000BD
	ds_load_b64 v[177:178], v189 offset:18688                  // 000000006060: D9D84900 B10000BD
	ds_load_b64 v[179:180], v189 offset:18944                  // 000000006068: D9D84A00 B30000BD
	ds_load_b64 v[181:182], v189 offset:19200                  // 000000006070: D9D84B00 B50000BD
	ds_load_b64 v[183:184], v189 offset:19456                  // 000000006078: D9D84C00 B70000BD
	ds_load_b64 v[185:186], v189 offset:19712                  // 000000006080: D9D84D00 B90000BD
	ds_load_b64 v[187:188], v189 offset:19968                  // 000000006088: D9D84E00 BB0000BD
	ds_load_b64 v[189:190], v189 offset:20224                  // 000000006090: D9D84F00 BD0000BD
	v_dual_mul_f32 v77, v77, v6 :: v_dual_mul_f32 v68, v68, v6 // 000000006098: C8C60D4D 4D440D44
	v_dual_mul_f32 v75, v75, v6 :: v_dual_mul_f32 v66, v66, v6 // 0000000060A0: C8C60D4B 4B420D42
	v_dual_mul_f32 v73, v73, v6 :: v_dual_mul_f32 v64, v64, v6 // 0000000060A8: C8C60D49 49400D40
	v_dual_mul_f32 v71, v71, v6 :: v_dual_mul_f32 v62, v62, v6 // 0000000060B0: C8C60D47 473E0D3E
	v_dual_mul_f32 v69, v69, v6 :: v_dual_mul_f32 v60, v60, v6 // 0000000060B8: C8C60D45 453C0D3C
	v_dual_mul_f32 v67, v67, v6 :: v_dual_mul_f32 v58, v58, v6 // 0000000060C0: C8C60D43 433A0D3A
	v_dual_mul_f32 v65, v65, v6 :: v_dual_mul_f32 v56, v56, v6 // 0000000060C8: C8C60D41 41380D38
	v_dual_mul_f32 v63, v63, v6 :: v_dual_mul_f32 v54, v54, v6 // 0000000060D0: C8C60D3F 3F360D36
	v_dual_mul_f32 v61, v61, v6 :: v_dual_mul_f32 v52, v52, v6 // 0000000060D8: C8C60D3D 3D340D34
	v_dual_mul_f32 v59, v59, v6 :: v_dual_mul_f32 v50, v50, v6 // 0000000060E0: C8C60D3B 3B320D32
	v_dual_mul_f32 v57, v57, v6 :: v_dual_mul_f32 v48, v48, v6 // 0000000060E8: C8C60D39 39300D30
	v_dual_mul_f32 v55, v55, v6 :: v_dual_mul_f32 v46, v46, v6 // 0000000060F0: C8C60D37 372E0D2E
	v_dual_mul_f32 v53, v53, v6 :: v_dual_mul_f32 v44, v44, v6 // 0000000060F8: C8C60D35 352C0D2C
	v_dual_mul_f32 v51, v51, v6 :: v_dual_mul_f32 v42, v42, v6 // 000000006100: C8C60D33 332A0D2A
	v_dual_mul_f32 v49, v49, v6 :: v_dual_mul_f32 v40, v40, v6 // 000000006108: C8C60D31 31280D28
	v_dual_mul_f32 v47, v47, v6 :: v_dual_mul_f32 v38, v38, v6 // 000000006110: C8C60D2F 2F260D26
	v_dual_mul_f32 v45, v45, v6 :: v_dual_mul_f32 v36, v36, v6 // 000000006118: C8C60D2D 2D240D24
	v_dual_mul_f32 v43, v43, v6 :: v_dual_mul_f32 v34, v34, v6 // 000000006120: C8C60D2B 2B220D22
	v_dual_mul_f32 v41, v41, v6 :: v_dual_mul_f32 v32, v32, v6 // 000000006128: C8C60D29 29200D20
	v_dual_mul_f32 v39, v39, v6 :: v_dual_mul_f32 v30, v30, v6 // 000000006130: C8C60D27 271E0D1E
	v_dual_mul_f32 v37, v37, v6 :: v_dual_mul_f32 v28, v28, v6 // 000000006138: C8C60D25 251C0D1C
	v_dual_mul_f32 v35, v35, v6 :: v_dual_mul_f32 v26, v26, v6 // 000000006140: C8C60D23 231A0D1A
	v_dual_mul_f32 v31, v31, v6 :: v_dual_mul_f32 v24, v24, v6 // 000000006148: C8C60D1F 1F180D18
	v_dual_mul_f32 v29, v29, v6 :: v_dual_mul_f32 v22, v22, v6 // 000000006150: C8C60D1D 1D160D16
	v_dual_mul_f32 v27, v27, v6 :: v_dual_mul_f32 v20, v20, v6 // 000000006158: C8C60D1B 1B140D14
	v_dual_mul_f32 v23, v23, v6 :: v_dual_mul_f32 v18, v18, v6 // 000000006160: C8C60D17 17120D12
	v_dual_mul_f32 v21, v21, v6 :: v_dual_mul_f32 v14, v14, v6 // 000000006168: C8C60D15 150E0D0E
	v_dual_mul_f32 v13, v13, v6 :: v_dual_mul_f32 v12, v12, v6 // 000000006170: C8C60D0D 0D0C0D0C
	v_mul_f32_e32 v11, v11, v6                                 // 000000006178: 10160D0B
	v_mul_f32_e32 v9, v9, v6                                   // 00000000617C: 10120D09
	s_wait_dscnt 0xf                                           // 000000006180: BFC6000F
	v_wmma_f32_16x16x16_fp8_fp8 v[129:136], v[7:8], v[141:142], v[129:136]// 000000006184: CC464081 1E071B07
	s_wait_dscnt 0xe                                           // 00000000618C: BFC6000E
	v_wmma_f32_16x16x16_fp8_fp8 v[121:128], v[137:138], v[141:142], v[121:128]// 000000006190: CC464079 1DE71B89
	s_wait_dscnt 0xd                                           // 000000006198: BFC6000D
	v_wmma_f32_16x16x16_fp8_fp8 v[113:120], v[139:140], v[141:142], v[113:120]// 00000000619C: CC464071 1DC71B8B
	s_wait_dscnt 0xc                                           // 0000000061A4: BFC6000C
	v_wmma_f32_16x16x16_fp8_fp8 v[105:112], v[143:144], v[141:142], v[105:112]// 0000000061A8: CC464069 1DA71B8F
	s_wait_dscnt 0xb                                           // 0000000061B0: BFC6000B
	v_wmma_f32_16x16x16_fp8_fp8 v[97:104], v[154:155], v[141:142], v[97:104]// 0000000061B4: CC464061 1D871B9A
	s_wait_dscnt 0xa                                           // 0000000061BC: BFC6000A
	v_wmma_f32_16x16x16_fp8_fp8 v[89:96], v[169:170], v[141:142], v[89:96]// 0000000061C0: CC464059 1D671BA9
	s_wait_dscnt 0x9                                           // 0000000061C8: BFC60009
	v_wmma_f32_16x16x16_fp8_fp8 v[81:88], v[171:172], v[141:142], v[81:88]// 0000000061CC: CC464051 1D471BAB
	s_wait_dscnt 0x8                                           // 0000000061D4: BFC60008
	v_wmma_f32_16x16x16_fp8_fp8 v[73:80], v[173:174], v[141:142], v[73:80]// 0000000061D8: CC464049 1D271BAD
	s_wait_dscnt 0x7                                           // 0000000061E0: BFC60007
	v_wmma_f32_16x16x16_fp8_fp8 v[65:72], v[175:176], v[141:142], v[65:72]// 0000000061E4: CC464041 1D071BAF
	s_wait_dscnt 0x6                                           // 0000000061EC: BFC60006
	v_wmma_f32_16x16x16_fp8_fp8 v[57:64], v[177:178], v[141:142], v[57:64]// 0000000061F0: CC464039 1CE71BB1
	s_wait_dscnt 0x5                                           // 0000000061F8: BFC60005
	v_wmma_f32_16x16x16_fp8_fp8 v[49:56], v[179:180], v[141:142], v[49:56]// 0000000061FC: CC464031 1CC71BB3
	s_wait_dscnt 0x4                                           // 000000006204: BFC60004
	v_wmma_f32_16x16x16_fp8_fp8 v[41:48], v[181:182], v[141:142], v[41:48]// 000000006208: CC464029 1CA71BB5
	s_wait_dscnt 0x3                                           // 000000006210: BFC60003
	v_wmma_f32_16x16x16_fp8_fp8 v[33:40], v[183:184], v[141:142], v[33:40]// 000000006214: CC464021 1C871BB7
	s_wait_dscnt 0x2                                           // 00000000621C: BFC60002
	v_wmma_f32_16x16x16_fp8_fp8 v[25:32], v[185:186], v[141:142], v[25:32]// 000000006220: CC464019 1C671BB9
	s_wait_dscnt 0x1                                           // 000000006228: BFC60001
	v_wmma_f32_16x16x16_fp8_fp8 v[17:24], v[187:188], v[141:142], v[17:24]// 00000000622C: CC464011 1C471BBB
	s_wait_dscnt 0x0                                           // 000000006234: BFC60000
	v_wmma_f32_16x16x16_fp8_fp8 v[9:16], v[189:190], v[141:142], v[9:16]// 000000006238: CC464009 1C271BBD
	v_mov_b32_e32 v155, v5                                     // 000000006240: 7F360305
	v_add_nc_u32_e32 v4, 0x100, v4                             // 000000006244: 4A0808FF 00000100
	s_delay_alu instid0(VALU_DEP_2)                            // 00000000624C: BF870002
	v_mov_b32_e32 v154, v2                                     // 000000006250: 7F340302
	s_add_co_i32 s31, s31, 1                                   // 000000006254: 811F811F
	s_wait_alu depctr_sa_sdst(0)                               // 000000006258: BF88FF9E
	s_cmp_lg_u32 s31, 4                                        // 00000000625C: BF07841F
	s_cbranch_scc0 64845                                       // 000000006260: BFA1FD4D <attention_fp8_e4m3_fa2_gqa_partial_gfx1201+0x698>
	s_wait_alu depctr_sa_sdst(0)                               // 000000006264: BF88FF9E
	s_cmp_lt_i32 s31, 1                                        // 000000006268: BF04811F
	s_mov_b32 s0, -1                                           // 00000000626C: BE8000C1
	s_cbranch_scc1 10                                          // 000000006270: BFA2000A <attention_fp8_e4m3_fa2_gqa_partial_gfx1201+0x119c>
	s_cmp_eq_u32 s31, 1                                        // 000000006274: BF06811F
	s_mov_b32 s0, s33                                          // 000000006278: BE800021
	s_cbranch_scc1 7                                           // 00000000627C: BFA20007 <attention_fp8_e4m3_fa2_gqa_partial_gfx1201+0x119c>
	s_cmp_eq_u32 s31, 2                                        // 000000006280: BF06821F
	s_cselect_b32 s0, 32, 48                                   // 000000006284: 9800B0A0
	s_wait_alu depctr_sa_sdst(0)                               // 000000006288: BF88FF9E
	s_or_b32 s0, s0, s29                                       // 00000000628C: 8C001D00
	s_wait_alu depctr_sa_sdst(0)                               // 000000006290: BF88FF9E
	s_cmp_ge_i32 s26, s0                                       // 000000006294: BF03001A
	s_cselect_b32 s0, -1, 0                                    // 000000006298: 980080C1
	s_wait_alu depctr_sa_sdst(0)                               // 00000000629C: BF88FF9E
	s_and_b32 vcc_lo, exec_lo, s0                              // 0000000062A0: 8B6A007E
	s_wait_alu depctr_sa_sdst(0)                               // 0000000062A4: BF88FF9E
	s_cbranch_vccz 516                                         // 0000000062A8: BFA30204 <attention_fp8_e4m3_fa2_gqa_partial_gfx1201+0x19bc>
	v_dual_mov_b32 v137, 0 :: v_dual_mov_b32 v2, v148          // 0000000062AC: CA100080 89020194
	v_mov_b32_e32 v3, v149                                     // 0000000062B4: 7E060395
	s_movk_i32 s0, 0xc000                                      // 0000000062B8: B000C000
	s_delay_alu instid0(VALU_DEP_2)                            // 0000000062BC: BF870002
	v_dual_mov_b32 v138, v137 :: v_dual_mov_b32 v139, v137     // 0000000062C0: CA100189 8A8A0189
	v_dual_mov_b32 v140, v137 :: v_dual_mov_b32 v141, v137     // 0000000062C8: CA100189 8C8C0189
	v_dual_mov_b32 v142, v137 :: v_dual_mov_b32 v143, v137     // 0000000062D0: CA100189 8E8E0189
	v_mov_b32_e32 v144, v137                                   // 0000000062D8: 7F200389
	s_clause 0x3                                               // 0000000062DC: BF850003
	global_load_b64 v[173:174], v[2:3], off offset:-48         // 0000000062E0: EE05407C 000000AD FFFFD002
	global_load_b64 v[175:176], v[2:3], off offset:-32         // 0000000062EC: EE05407C 000000AF FFFFE002
	global_load_b64 v[177:178], v[2:3], off offset:-16         // 0000000062F8: EE05407C 000000B1 FFFFF002
	global_load_b64 v[179:180], v[2:3], off                    // 000000006304: EE05407C 000000B3 00000002
	s_wait_alu depctr_sa_sdst(0)                               // 000000006310: BF88FF9E
	v_add_nc_u32_e32 v169, s0, v4                              // 000000006314: 4B520800
	v_add_co_u32 v2, vcc_lo, v2, 64                            // 000000006318: D7006A02 02018102
	s_wait_alu depctr_va_vcc(0)                                // 000000006320: BF88FF9D
	v_add_co_ci_u32_e64 v3, null, 0, v3, vcc_lo                // 000000006324: D5207C03 01AA0680
	ds_load_2addr_stride64_b64 v[5:8], v169 offset0:32 offset1:34// 00000000632C: D9E02220 050000A9
	ds_load_2addr_stride64_b64 v[169:172], v169 offset0:36 offset1:38// 000000006334: D9E02624 A90000A9
	s_addk_co_i32 s0, 0x1000                                   // 00000000633C: B7801000
	s_wait_alu depctr_sa_sdst(0)                               // 000000006340: BF88FF9E
	s_cmp_lg_u32 s0, 0                                         // 000000006344: BF078000
	s_wait_loadcnt_dscnt 0x301                                 // 000000006348: BFC80301
	v_wmma_f32_16x16x16_fp8_fp8 v[137:144], v[5:6], v[173:174], v[137:144]// 00000000634C: CC464089 1E275B05
	s_wait_loadcnt 0x2                                         // 000000006354: BFC00002
	s_delay_alu instid0(VALU_DEP_1) | instskip(SKIP_1) | instid1(VALU_DEP_1)// 000000006358: BF8700A1
	v_wmma_f32_16x16x16_fp8_fp8 v[137:144], v[7:8], v[175:176], v[137:144]// 00000000635C: CC464089 1E275F07
	s_wait_loadcnt_dscnt 0x100                                 // 000000006364: BFC80100
	v_wmma_f32_16x16x16_fp8_fp8 v[137:144], v[169:170], v[177:178], v[137:144]// 000000006368: CC464089 1E2763A9
	s_wait_loadcnt 0x0                                         // 000000006370: BFC00000
	s_delay_alu instid0(VALU_DEP_1)                            // 000000006374: BF870001
	v_wmma_f32_16x16x16_fp8_fp8 v[137:144], v[171:172], v[179:180], v[137:144]// 000000006378: CC464089 1E2767AB
	s_cbranch_scc1 65494                                       // 000000006380: BFA2FFD6 <attention_fp8_e4m3_fa2_gqa_partial_gfx1201+0x11dc>
	s_lshl4_add_u32 s0, s31, s29                               // 000000006384: 88801D1F
	v_dual_mov_b32 v6, 0 :: v_dual_mov_b32 v3, 0               // 000000006388: CA100080 06020080
	s_wait_alu depctr_sa_sdst(0)                               // 000000006390: BF88FF9E
	s_or_b32 s1, s0, 15                                        // 000000006394: 8C018F00
	s_wait_alu depctr_sa_sdst(0)                               // 000000006398: BF88FF9E
	s_cmp_le_i32 s1, s27                                       // 00000000639C: BF051B01
	s_cselect_b32 s34, -1, 0                                   // 0000000063A0: 982280C1
	s_cmp_gt_i32 s1, s27                                       // 0000000063A4: BF021B01
	s_cselect_b32 s1, -1, 0                                    // 0000000063A8: 980180C1
	s_wait_alu depctr_sa_sdst(0)                               // 0000000063AC: BF88FF9E
	s_and_b32 s3, s1, s19                                      // 0000000063B0: 8B031301
	s_wait_alu depctr_sa_sdst(0)                               // 0000000063B4: BF88FF9E
	s_and_saveexec_b32 s1, s3                                  // 0000000063B8: BE812003
	s_cbranch_execz 3                                          // 0000000063BC: BFA50003 <attention_fp8_e4m3_fa2_gqa_partial_gfx1201+0x12cc>
	global_load_b32 v3, v[146:147], off                        // 0000000063C0: EE05007C 00000003 00000092
	s_wait_alu depctr_sa_sdst(0)                               // 0000000063CC: BF88FF9E
	s_or_b32 exec_lo, exec_lo, s1                              // 0000000063D0: 8C7E017E
	v_or_b32_e32 v2, s0, v163                                  // 0000000063D4: 38054600
	s_delay_alu instid0(VALU_DEP_1)                            // 0000000063D8: BF870001
	v_cmp_ge_i32_e32 vcc_lo, s26, v2                           // 0000000063DC: 7C8C041A
	s_and_saveexec_b32 s0, vcc_lo                              // 0000000063E0: BE80206A
	s_cbranch_execz 8                                          // 0000000063E4: BFA50008 <attention_fp8_e4m3_fa2_gqa_partial_gfx1201+0x1308>
	v_mad_co_i64_i32 v[5:6], null, 0x408, v2, s[22:23]         // 0000000063E8: D6FF7C05 005A04FF 00000408
	global_load_d16_b16 v5, v[5:6], off offset:1024            // 0000000063F4: EE08007C 00000005 00040005
	s_wait_loadcnt 0x0                                         // 000000006400: BFC00000
	v_cvt_f32_f16_e32 v6, v5.l                                 // 000000006404: 7E0C1705
	s_wait_alu depctr_sa_sdst(0)                               // 000000006408: BF88FF9E
	s_or_b32 exec_lo, exec_lo, s0                              // 00000000640C: 8C7E007E
	v_cmp_gt_i32_e64 s0, s26, v2                               // 000000006410: D4440000 0202041A
	v_dual_mov_b32 v7, 0 :: v_dual_mov_b32 v8, 0               // 000000006418: CA100080 07080080
	s_and_saveexec_b32 s1, s0                                  // 000000006420: BE812000
	s_cbranch_execz 10                                         // 000000006424: BFA5000A <attention_fp8_e4m3_fa2_gqa_partial_gfx1201+0x1350>
	v_or_b32_e32 v5, 1, v2                                     // 000000006428: 380A0481
	s_delay_alu instid0(VALU_DEP_1)                            // 00000000642C: BF870001
	v_mad_co_i64_i32 v[169:170], null, 0x408, v5, s[22:23]     // 000000006430: D6FF7CA9 005A0AFF 00000408
	global_load_d16_b16 v5, v[169:170], off offset:1024        // 00000000643C: EE08007C 00000005 000400A9
	s_wait_loadcnt 0x0                                         // 000000006448: BFC00000
	v_cvt_f32_f16_e32 v8, v5.l                                 // 00000000644C: 7E101705
	s_wait_alu depctr_sa_sdst(0)                               // 000000006450: BF88FF9E
	s_or_b32 exec_lo, exec_lo, s1                              // 000000006454: 8C7E017E
	v_or_b32_e32 v171, 2, v2                                   // 000000006458: 39560482
	s_delay_alu instid0(VALU_DEP_1)                            // 00000000645C: BF870001
	v_cmp_ge_i32_e64 s1, s26, v171                             // 000000006460: D4460001 0203561A
	s_and_saveexec_b32 s3, s1                                  // 000000006468: BE832001
	s_cbranch_execz 8                                          // 00000000646C: BFA50008 <attention_fp8_e4m3_fa2_gqa_partial_gfx1201+0x1390>
	v_mad_co_i64_i32 v[169:170], null, 0x408, v171, s[22:23]   // 000000006470: D6FF7CA9 005B56FF 00000408
	global_load_d16_b16 v5, v[169:170], off offset:1024        // 00000000647C: EE08007C 00000005 000400A9
	s_wait_loadcnt 0x0                                         // 000000006488: BFC00000
	v_cvt_f32_f16_e32 v7, v5.l                                 // 00000000648C: 7E0E1705
	s_wait_alu depctr_sa_sdst(0)                               // 000000006490: BF88FF9E
	s_or_b32 exec_lo, exec_lo, s3                              // 000000006494: 8C7E037E
	v_or_b32_e32 v173, 3, v2                                   // 000000006498: 395A0483
	v_dual_mov_b32 v169, 0 :: v_dual_mov_b32 v172, 0           // 00000000649C: CA100080 A9AC0080
	s_delay_alu instid0(VALU_DEP_2)                            // 0000000064A4: BF870002
	v_cmp_ge_i32_e64 s3, s26, v173                             // 0000000064A8: D4460003 02035A1A
	s_and_saveexec_b32 s4, s3                                  // 0000000064B0: BE842003
	s_cbranch_execz 9                                          // 0000000064B4: BFA50009 <attention_fp8_e4m3_fa2_gqa_partial_gfx1201+0x13dc>
	v_mad_co_i64_i32 v[174:175], null, 0x408, v173, s[22:23]   // 0000000064B8: D6FF7CAE 005B5AFF 00000408
	global_load_d16_b16 v5, v[174:175], off offset:1024        // 0000000064C4: EE08007C 00000005 000400AE
	s_wait_loadcnt 0x0                                         // 0000000064D0: BFC00000
	v_cvt_f32_f16_e64 v172, v5.l                               // 0000000064D4: D58B00AC 02010105
	s_wait_alu depctr_sa_sdst(0)                               // 0000000064DC: BF88FF9E
	s_or_b32 exec_lo, exec_lo, s4                              // 0000000064E0: 8C7E047E
	v_or_b32_e32 v174, 4, v2                                   // 0000000064E4: 395C0484
	s_delay_alu instid0(VALU_DEP_1)                            // 0000000064E8: BF870001
	v_cmp_ge_i32_e64 s4, s26, v174                             // 0000000064EC: D4460004 02035C1A
	s_and_saveexec_b32 s5, s4                                  // 0000000064F4: BE852004
	s_cbranch_execz 9                                          // 0000000064F8: BFA50009 <attention_fp8_e4m3_fa2_gqa_partial_gfx1201+0x1420>
	v_mad_co_i64_i32 v[169:170], null, 0x408, v174, s[22:23]   // 0000000064FC: D6FF7CA9 005B5CFF 00000408
	global_load_d16_b16 v5, v[169:170], off offset:1024        // 000000006508: EE08007C 00000005 000400A9
	s_wait_loadcnt 0x0                                         // 000000006514: BFC00000
	v_cvt_f32_f16_e64 v169, v5.l                               // 000000006518: D58B00A9 02010105
	s_wait_alu depctr_sa_sdst(0)                               // 000000006520: BF88FF9E
	s_or_b32 exec_lo, exec_lo, s5                              // 000000006524: 8C7E057E
	v_or_b32_e32 v175, 5, v2                                   // 000000006528: 395E0485
	v_mov_b32_e32 v170, 0                                      // 00000000652C: 7F540280
	v_mov_b32_e32 v176, 0                                      // 000000006530: 7F600280
	s_delay_alu instid0(VALU_DEP_3)                            // 000000006534: BF870003
	v_cmp_ge_i32_e64 s5, s26, v175                             // 000000006538: D4460005 02035E1A
	s_and_saveexec_b32 s6, s5                                  // 000000006540: BE862005
	s_cbranch_execz 9                                          // 000000006544: BFA50009 <attention_fp8_e4m3_fa2_gqa_partial_gfx1201+0x146c>
	v_mad_co_i64_i32 v[176:177], null, 0x408, v175, s[22:23]   // 000000006548: D6FF7CB0 005B5EFF 00000408
	global_load_d16_b16 v5, v[176:177], off offset:1024        // 000000006554: EE08007C 00000005 000400B0
	s_wait_loadcnt 0x0                                         // 000000006560: BFC00000
	v_cvt_f32_f16_e64 v176, v5.l                               // 000000006564: D58B00B0 02010105
	s_wait_alu depctr_sa_sdst(0)                               // 00000000656C: BF88FF9E
	s_or_b32 exec_lo, exec_lo, s6                              // 000000006570: 8C7E067E
	v_or_b32_e32 v177, 6, v2                                   // 000000006574: 39620486
	s_delay_alu instid0(VALU_DEP_1)                            // 000000006578: BF870001
	v_cmp_ge_i32_e64 s6, s26, v177                             // 00000000657C: D4460006 0203621A
	s_and_saveexec_b32 s7, s6                                  // 000000006584: BE872006
	s_cbranch_execz 9                                          // 000000006588: BFA50009 <attention_fp8_e4m3_fa2_gqa_partial_gfx1201+0x14b0>
	v_mad_co_i64_i32 v[178:179], null, 0x408, v177, s[22:23]   // 00000000658C: D6FF7CB2 005B62FF 00000408
	global_load_d16_b16 v5, v[178:179], off offset:1024        // 000000006598: EE08007C 00000005 000400B2
	s_wait_loadcnt 0x0                                         // 0000000065A4: BFC00000
	v_cvt_f32_f16_e64 v170, v5.l                               // 0000000065A8: D58B00AA 02010105
	s_wait_alu depctr_sa_sdst(0)                               // 0000000065B0: BF88FF9E
	s_or_b32 exec_lo, exec_lo, s7                              // 0000000065B4: 8C7E077E
	v_or_b32_e32 v179, 7, v2                                   // 0000000065B8: 39660487
	v_dual_mov_b32 v5, 0 :: v_dual_mov_b32 v178, 0             // 0000000065BC: CA100080 05B20080
	s_delay_alu instid0(VALU_DEP_2)                            // 0000000065C4: BF870002
	v_cmp_ge_i32_e64 s7, s26, v179                             // 0000000065C8: D4460007 0203661A
	s_and_saveexec_b32 s8, s7                                  // 0000000065D0: BE882007
	s_cbranch_execz 9                                          // 0000000065D4: BFA50009 <attention_fp8_e4m3_fa2_gqa_partial_gfx1201+0x14fc>
	v_mad_co_i64_i32 v[180:181], null, 0x408, v179, s[22:23]   // 0000000065D8: D6FF7CB4 005B66FF 00000408
	global_load_d16_b16 v178, v[180:181], off offset:1024      // 0000000065E4: EE08007C 000000B2 000400B4
	s_wait_loadcnt 0x0                                         // 0000000065F0: BFC00000
	v_cvt_f32_f16_e64 v178, v178.l                             // 0000000065F4: D58B00B2 020101B2
	s_wait_alu depctr_sa_sdst(0)                               // 0000000065FC: BF88FF9E
	s_or_b32 exec_lo, exec_lo, s8                              // 000000006600: 8C7E087E
	v_dual_mul_f32 v137, v0, v137 :: v_dual_mul_f32 v138, v0, v138// 000000006604: C8C71300 898B1500
	s_wait_loadcnt 0x0                                         // 00000000660C: BFC00000
	v_cmp_le_i32_e64 s8, v2, v3                                // 000000006610: D4430008 02020702
	v_cmp_lt_i32_e64 s9, v2, v3                                // 000000006618: D4410009 02020702
	v_cmp_le_i32_e64 s10, v171, v3                             // 000000006620: D443000A 020207AB
	v_dual_mul_f32 v6, v137, v6 :: v_dual_mul_f32 v137, v0, v139// 000000006628: C8C60D89 06891700
	s_or_b32 s8, s34, s8                                       // 000000006630: 8C080822
	v_mul_f32_e32 v8, v138, v8                                 // 000000006634: 1010118A
	s_wait_alu depctr_sa_sdst(0)                               // 000000006638: BF88FF9E
	s_and_b32 s8, s19, s8                                      // 00000000663C: 8B080813
	s_or_b32 s9, s34, s9                                       // 000000006640: 8C090922
	v_mul_f32_e32 v7, v137, v7                                 // 000000006644: 100E0F89
	v_dual_mul_f32 v137, v0, v140 :: v_dual_mul_f32 v140, v0, v142// 000000006648: C8C71900 898D1D00
	s_wait_alu depctr_sa_sdst(0)                               // 000000006650: BF88FF9E
	v_cndmask_b32_e64 v6, 0xff800000, v6, s8                   // 000000006654: D5010006 00220CFF FF800000
	v_cmp_le_i32_e64 s8, v173, v3                              // 000000006660: D4430008 020207AD
	s_or_b32 s10, s34, s10                                     // 000000006668: 8C0A0A22
	s_and_b32 s9, s19, s9                                      // 00000000666C: 8B090913
	v_mul_f32_e32 v137, v137, v172                             // 000000006670: 11135989
	v_mul_f32_e32 v139, v0, v141                               // 000000006674: 11171B00
	s_wait_alu depctr_sa_sdst(0)                               // 000000006678: BF88FF9E
	v_cndmask_b32_e64 v8, 0xff800000, v8, s9                   // 00000000667C: D5010008 002610FF FF800000
	s_and_b32 s9, s19, s10                                     // 000000006688: 8B090A13
	s_or_b32 s10, s34, s8                                      // 00000000668C: 8C0A0822
	v_cmp_le_i32_e64 s8, v174, v3                              // 000000006690: D4430008 020207AE
	s_wait_alu depctr_sa_sdst(0)                               // 000000006698: BF88FF9E
	v_cndmask_b32_e64 v7, 0xff800000, v7, s9                   // 00000000669C: D5010007 00260EFF FF800000
	v_cmp_le_i32_e64 s9, v175, v3                              // 0000000066A8: D4430009 020207AF
	s_and_b32 s10, s19, s10                                    // 0000000066B0: 8B0A0A13
	v_mul_f32_e32 v140, v140, v176                             // 0000000066B4: 1119618C
	s_wait_alu depctr_sa_sdst(0)                               // 0000000066B8: BF88FF9E
	v_cndmask_b32_e64 v138, 0xff800000, v137, s10              // 0000000066BC: D501008A 002B12FF FF800000
	v_mul_f32_e32 v137, v139, v169                             // 0000000066C8: 1113538B
	s_or_b32 s8, s34, s8                                       // 0000000066CC: 8C080822
	s_or_b32 s9, s34, s9                                       // 0000000066D0: 8C090922
	s_wait_alu depctr_sa_sdst(0)                               // 0000000066D4: BF88FF9E
	s_and_b32 s8, s19, s8                                      // 0000000066D8: 8B080813
	v_max3_num_f32 v141, v6, 0xff800000, v8                    // 0000000066DC: D62A008D 0421FF06 FF800000
	s_wait_alu depctr_sa_sdst(0)                               // 0000000066E8: BF88FF9E
	v_cndmask_b32_e64 v139, 0xff800000, v137, s8               // 0000000066EC: D501008B 002312FF FF800000
	s_and_b32 s8, s19, s9                                      // 0000000066F8: 8B080913
	v_cmp_le_i32_e64 s9, v179, v3                              // 0000000066FC: D4430009 020207B3
	s_wait_alu depctr_sa_sdst(0)                               // 000000006704: BF88FF9E
	v_cndmask_b32_e64 v137, 0xff800000, v140, s8               // 000000006708: D5010089 002318FF FF800000
	v_mul_f32_e32 v140, v0, v143                               // 000000006714: 11191F00
	v_cmp_le_i32_e64 s8, v177, v3                              // 000000006718: D4430008 020207B1
	v_mul_f32_e32 v3, v0, v144                                 // 000000006720: 10072100
	v_max3_num_f32 v143, v141, v7, v138                        // 000000006724: D62A008F 062A0F8D
	s_or_b32 s9, s34, s9                                       // 00000000672C: 8C090922
	v_mul_f32_e32 v140, v140, v170                             // 000000006730: 1119558C
	s_or_b32 s8, s34, s8                                       // 000000006734: 8C080822
	v_mul_f32_e32 v3, v3, v178                                 // 000000006738: 10076503
	s_wait_alu depctr_sa_sdst(0)                               // 00000000673C: BF88FF9E
	s_and_b32 s8, s19, s8                                      // 000000006740: 8B080813
	v_ashrrev_i32_e32 v2, 3, v2                                // 000000006744: 34040483
	s_wait_alu depctr_sa_sdst(0)                               // 000000006748: BF88FF9E
	v_cndmask_b32_e64 v142, 0xff800000, v140, s8               // 00000000674C: D501008E 002318FF FF800000
	s_and_b32 s8, s19, s9                                      // 000000006758: 8B080913
	s_wait_alu depctr_sa_sdst(0)                               // 00000000675C: BF88FF9E
	v_cndmask_b32_e64 v141, 0xff800000, v3, s8                 // 000000006760: D501008D 002206FF FF800000
	v_max3_num_f32 v3, v143, v139, v137                        // 00000000676C: D62A0003 0627178F
	s_delay_alu instid0(VALU_DEP_1)                            // 000000006774: BF870001
	v_max3_num_f32 v172, v3, v142, v141                        // 000000006778: D62A00AC 06371D03
	v_mad_co_i64_i32 v[2:3], null, 0x2040, v2, s[12:13]        // 000000006780: D6FF7C02 003204FF 00002040
	ds_bpermute_b32 v173, v159, v172                           // 00000000678C: DACC0000 AD00AC9F
	s_and_saveexec_b32 s8, vcc_lo                              // 000000006794: BE88206A
	s_cbranch_execz 5                                          // 000000006798: BFA50005 <attention_fp8_e4m3_fa2_gqa_partial_gfx1201+0x16b0>
	global_load_d16_b16 v5, v[2:3], off offset:8192            // 00000000679C: EE08007C 00000005 00200002
	s_wait_loadcnt 0x0                                         // 0000000067A8: BFC00000
	v_cvt_f32_f16_e32 v5, v5.l                                 // 0000000067AC: 7E0A1705
	s_wait_alu depctr_sa_sdst(0)                               // 0000000067B0: BF88FF9E
	s_or_b32 exec_lo, exec_lo, s8                              // 0000000067B4: 8C7E087E
	v_dual_mov_b32 v140, 0 :: v_dual_mov_b32 v143, 0           // 0000000067B8: CA100080 8C8E0080
	s_and_saveexec_b32 s8, s0                                  // 0000000067C0: BE882000
	s_cbranch_execz 6                                          // 0000000067C4: BFA50006 <attention_fp8_e4m3_fa2_gqa_partial_gfx1201+0x16e0>
	global_load_d16_b16 v143, v[2:3], off offset:8200          // 0000000067C8: EE08007C 0000008F 00200802
	s_wait_loadcnt 0x0                                         // 0000000067D4: BFC00000
	v_cvt_f32_f16_e64 v143, v143.l                             // 0000000067D8: D58B008F 0201018F
	s_wait_alu depctr_sa_sdst(0)                               // 0000000067E0: BF88FF9E
	s_or_b32 exec_lo, exec_lo, s8                              // 0000000067E4: 8C7E087E
	s_and_saveexec_b32 s0, s1                                  // 0000000067E8: BE802001
	s_cbranch_execz 6                                          // 0000000067EC: BFA50006 <attention_fp8_e4m3_fa2_gqa_partial_gfx1201+0x1708>
	global_load_d16_b16 v140, v[2:3], off offset:8208          // 0000000067F0: EE08007C 0000008C 00201002
	s_wait_loadcnt 0x0                                         // 0000000067FC: BFC00000
	v_cvt_f32_f16_e64 v140, v140.l                             // 000000006800: D58B008C 0201018C
	s_wait_alu depctr_sa_sdst(0)                               // 000000006808: BF88FF9E
	s_or_b32 exec_lo, exec_lo, s0                              // 00000000680C: 8C7E007E
	v_dual_mov_b32 v144, 0 :: v_dual_mov_b32 v169, 0           // 000000006810: CA100080 90A80080
	s_and_saveexec_b32 s0, s3                                  // 000000006818: BE802003
	s_cbranch_execz 6                                          // 00000000681C: BFA50006 <attention_fp8_e4m3_fa2_gqa_partial_gfx1201+0x1738>
	global_load_d16_b16 v169, v[2:3], off offset:8216          // 000000006820: EE08007C 000000A9 00201802
	s_wait_loadcnt 0x0                                         // 00000000682C: BFC00000
	v_cvt_f32_f16_e64 v169, v169.l                             // 000000006830: D58B00A9 020101A9
	s_wait_alu depctr_sa_sdst(0)                               // 000000006838: BF88FF9E
	s_or_b32 exec_lo, exec_lo, s0                              // 00000000683C: 8C7E007E
	s_and_saveexec_b32 s0, s4                                  // 000000006840: BE802004
	s_cbranch_execz 6                                          // 000000006844: BFA50006 <attention_fp8_e4m3_fa2_gqa_partial_gfx1201+0x1760>
	global_load_d16_b16 v144, v[2:3], off offset:8224          // 000000006848: EE08007C 00000090 00202002
	s_wait_loadcnt 0x0                                         // 000000006854: BFC00000
	v_cvt_f32_f16_e64 v144, v144.l                             // 000000006858: D58B0090 02010190
	s_wait_alu depctr_sa_sdst(0)                               // 000000006860: BF88FF9E
	s_or_b32 exec_lo, exec_lo, s0                              // 000000006864: 8C7E007E
	v_dual_mov_b32 v170, 0 :: v_dual_mov_b32 v171, 0           // 000000006868: CA100080 AAAA0080
	s_and_saveexec_b32 s0, s5                                  // 000000006870: BE802005
	s_cbranch_execnz 147                                       // 000000006874: BFA60093 <attention_fp8_e4m3_fa2_gqa_partial_gfx1201+0x19c4>
	s_wait_alu depctr_sa_sdst(0)                               // 000000006878: BF88FF9E
	s_or_b32 exec_lo, exec_lo, s0                              // 00000000687C: 8C7E007E
	s_and_saveexec_b32 s0, s6                                  // 000000006880: BE802006
	s_cbranch_execnz 153                                       // 000000006884: BFA60099 <attention_fp8_e4m3_fa2_gqa_partial_gfx1201+0x19ec>
	s_wait_alu depctr_sa_sdst(0)                               // 000000006888: BF88FF9E
	s_or_b32 exec_lo, exec_lo, s0                              // 00000000688C: 8C7E007E
	v_mov_b32_e32 v174, 0                                      // 000000006890: 7F5C0280
	s_and_saveexec_b32 s0, s7                                  // 000000006894: BE802007
	s_cbranch_execz 6                                          // 000000006898: BFA50006 <attention_fp8_e4m3_fa2_gqa_partial_gfx1201+0x17b4>
	global_load_d16_b16 v2, v[2:3], off offset:8248            // 00000000689C: EE08007C 00000002 00203802
	s_wait_loadcnt 0x0                                         // 0000000068A8: BFC00000
	v_cvt_f32_f16_e64 v174, v2.l                               // 0000000068AC: D58B00AE 02010102
	s_wait_alu depctr_sa_sdst(0)                               // 0000000068B4: BF88FF9E
	s_or_b32 exec_lo, exec_lo, s0                              // 0000000068B8: 8C7E007E
	s_wait_dscnt 0x0                                           // 0000000068BC: BFC60000
	v_max3_num_f32 v2, v154, v172, v173                        // 0000000068C0: D62A0002 06B7599A
	s_mov_b32 s0, exec_lo                                      // 0000000068C8: BE80007E
	s_delay_alu instid0(VALU_DEP_1) | instskip(SKIP_2) | instid1(VALU_DEP_3)// 0000000068CC: BF8701B1
	v_dual_sub_f32 v3, v6, v2 :: v_dual_sub_f32 v6, v8, v2     // 0000000068D0: C94A0506 03060508
	v_dual_sub_f32 v7, v7, v2 :: v_dual_sub_f32 v8, v138, v2   // 0000000068D8: C94A0507 0708058A
	v_cmp_eq_f32_e32 vcc_lo, 0xff800000, v2                    // 0000000068E0: 7C2404FF FF800000
	v_dual_mul_f32 v3, 0x3fb8aa3b, v3 :: v_dual_mul_f32 v6, 0x3fb8aa3b, v6// 0000000068E8: C8C606FF 03060CFF 3FB8AA3B
	v_dual_sub_f32 v138, v139, v2 :: v_dual_sub_f32 v137, v137, v2// 0000000068F4: C94A058B 8A880589
	s_delay_alu instid0(VALU_DEP_4) | instskip(NEXT) | instid1(VALU_DEP_3)// 0000000068FC: BF870194
	v_mul_f32_e32 v7, 0x3fb8aa3b, v7                           // 000000006900: 100E0EFF 3FB8AA3B
	v_exp_f32_e32 v3, v3                                       // 000000006908: 7E064B03
	s_delay_alu instid0(VALU_DEP_3) | instskip(SKIP_3) | instid1(VALU_DEP_2)// 00000000690C: BF870143
	v_exp_f32_e32 v6, v6                                       // 000000006910: 7E0C4B06
	v_dual_sub_f32 v139, v142, v2 :: v_dual_mul_f32 v8, 0x3fb8aa3b, v8// 000000006914: C946058E 8B0810FF 3FB8AA3B
	v_mul_f32_e32 v138, 0x3fb8aa3b, v138                       // 000000006920: 111514FF 3FB8AA3B
	v_exp_f32_e32 v7, v7                                       // 000000006928: 7E0E4B07
	v_exp_f32_e32 v8, v8                                       // 00000000692C: 7E104B08
	s_wait_alu depctr_va_vcc(0)                                // 000000006930: BF88FF9D
	v_cndmask_b32_e64 v3, v3, 0, vcc_lo                        // 000000006934: D5010003 01A90103
	v_sub_f32_e32 v141, v141, v2                               // 00000000693C: 091A058D
	s_delay_alu instid0(TRANS32_DEP_3) | instskip(SKIP_1) | instid1(TRANS32_DEP_3)// 000000006940: BF8703A7
	v_cndmask_b32_e64 v6, v6, 0, vcc_lo                        // 000000006944: D5010006 01A90106
	v_exp_f32_e32 v138, v138                                   // 00000000694C: 7F144B8A
	v_cndmask_b32_e64 v173, v7, 0, vcc_lo                      // 000000006950: D50100AD 01A90107
	v_dual_mul_f32 v142, v3, v5 :: v_dual_mul_f32 v139, 0x3fb8aa3b, v139// 000000006958: C8C60B03 8E8B16FF 3FB8AA3B
	v_mul_f32_e32 v172, 0x3fb8aa3b, v141                       // 000000006964: 11591AFF 3FB8AA3B
	s_delay_alu instid0(VALU_DEP_3) | instskip(SKIP_2) | instid1(VALU_DEP_4)// 00000000696C: BF870233
	v_dual_mul_f32 v137, 0x3fb8aa3b, v137 :: v_dual_mul_f32 v140, v173, v140// 000000006970: C8C712FF 898D19AD 3FB8AA3B
	v_mul_f32_e32 v141, v6, v143                               // 00000000697C: 111B1F06
	v_add_f32_e32 v3, v3, v6                                   // 000000006980: 06060D03
	v_exp_f32_e32 v143, v172                                   // 000000006984: 7F1E4BAC
	s_delay_alu instid0(VALU_DEP_3) | instskip(SKIP_4) | instid1(TRANS32_DEP_3)// 000000006988: BF8703D3
	v_exp_f32_e32 v137, v137                                   // 00000000698C: 7F124B89
	v_cndmask_b32_e64 v5, v8, 0, vcc_lo                        // 000000006990: D5010005 01A90108
	v_exp_f32_e32 v6, v139                                     // 000000006998: 7E0C4B8B
	v_cndmask_b32_e64 v172, v138, 0, vcc_lo                    // 00000000699C: D50100AC 01A9018A
	v_add_f32_e32 v3, v173, v3                                 // 0000000069A4: 060607AD
	v_cndmask_b32_e64 v143, v143, 0, vcc_lo                    // 0000000069A8: D501008F 01A9018F
	s_delay_alu instid0(TRANS32_DEP_2) | instskip(SKIP_2) | instid1(TRANS32_DEP_1)// 0000000069B0: BF8702B6
	v_cndmask_b32_e64 v175, v137, 0, vcc_lo                    // 0000000069B4: D50100AF 01A90189
	v_mul_f32_e32 v139, v5, v169                               // 0000000069BC: 11175305
	v_mul_f32_e32 v7, v172, v144                               // 0000000069C0: 100F21AC
	v_cndmask_b32_e64 v6, v6, 0, vcc_lo                        // 0000000069C4: D5010006 01A90106
	v_mul_f32_e32 v138, v143, v174                             // 0000000069CC: 11155D8F
	v_max3_num_f32 v137, v142, 0, v141                         // 0000000069D0: D62A0089 0635018E
	v_mul_f32_e32 v8, v175, v171                               // 0000000069D8: 101157AF
	v_add_f32_e32 v3, v5, v3                                   // 0000000069DC: 06060705
	s_delay_alu instid0(VALU_DEP_3) | instskip(SKIP_1) | instid1(VALU_DEP_3)// 0000000069E0: BF8701A3
	v_max3_num_f32 v144, v137, v140, v139                      // 0000000069E4: D62A0090 062F1989
	v_mul_f32_e32 v137, v6, v170                               // 0000000069EC: 11135506
	v_add_f32_e32 v3, v172, v3                                 // 0000000069F0: 060607AC
	s_delay_alu instid0(VALU_DEP_3) | instskip(NEXT) | instid1(VALU_DEP_2)// 0000000069F4: BF870113
	v_max3_num_f32 v144, v144, v7, v8                          // 0000000069F8: D62A0090 04220F90
	v_add_f32_e32 v3, v175, v3                                 // 000000006A00: 060607AF
	s_delay_alu instid0(VALU_DEP_2) | instskip(NEXT) | instid1(VALU_DEP_2)// 000000006A04: BF870112
	v_max3_num_f32 v144, v144, v137, v138                      // 000000006A08: D62A0090 062B1390
	v_add_f32_e32 v3, v6, v3                                   // 000000006A10: 06060706
	ds_bpermute_b32 v169, v159, v144                           // 000000006A14: DACC0000 A900909F
	v_add_f32_e32 v5, v143, v3                                 // 000000006A1C: 060A078F
	ds_bpermute_b32 v6, v159, v5                               // 000000006A20: DACC0000 0600059F
	s_wait_dscnt 0x1                                           // 000000006A28: BFC60001
	v_max_num_f32_e32 v3, v169, v169                           // 000000006A2C: 2C0753A9
	s_delay_alu instid0(VALU_DEP_1) | instskip(SKIP_1) | instid1(VALU_DEP_2)// 000000006A30: BF870121
	v_max_num_f32_e32 v143, v144, v3                           // 000000006A34: 2D1E0790
	v_mov_b32_e32 v3, v156                                     // 000000006A38: 7E06039C
	v_cmpx_lt_f32_e32 0, v143                                  // 000000006A3C: 7D231E80
	s_cbranch_execz 64587                                      // 000000006A40: BFA5FC4B <attention_fp8_e4m3_fa2_gqa_partial_gfx1201+0xa70>
	v_div_scale_f32 v3, null, 0x43e00000, 0x43e00000, v143     // 000000006A44: D6FC7C03 063DFEFF 43E00000
	s_delay_alu instid0(VALU_DEP_1) | instskip(NEXT) | instid1(TRANS32_DEP_1)// 000000006A50: BF870291
	v_rcp_f32_e32 v144, v3                                     // 000000006A54: 7F205503
	v_fma_f32 v169, -v3, v144, 1.0                             // 000000006A58: D61300A9 23CB2103
	s_delay_alu instid0(VALU_DEP_1) | instskip(SKIP_1) | instid1(VALU_DEP_1)// 000000006A60: BF8700A1
	v_fmac_f32_e32 v144, v169, v144                            // 000000006A64: 572121A9
	v_div_scale_f32 v169, vcc_lo, v143, 0x43e00000, v143       // 000000006A68: D6FC6AA9 063DFF8F 43E00000
	v_mul_f32_e32 v170, v169, v144                             // 000000006A74: 115521A9
	s_delay_alu instid0(VALU_DEP_1) | instskip(NEXT) | instid1(VALU_DEP_1)// 000000006A78: BF870091
	v_fma_f32 v171, -v3, v170, v169                            // 000000006A7C: D61300AB 26A75503
	v_fmac_f32_e32 v170, v171, v144                            // 000000006A84: 575521AB
	s_delay_alu instid0(VALU_DEP_1) | instskip(SKIP_1) | instid1(VALU_DEP_1)// 000000006A88: BF8700A1
	v_fma_f32 v3, -v3, v170, v169                              // 000000006A8C: D6130003 26A75503
	s_wait_alu depctr_va_vcc(0)                                // 000000006A94: BF88FF9D
	v_div_fmas_f32 v3, v3, v144, v170                          // 000000006A98: D6370003 06AB2103
	s_delay_alu instid0(VALU_DEP_1) | instskip(NEXT) | instid1(VALU_DEP_1)// 000000006AA0: BF870091
	v_div_fixup_f32 v3, v3, 0x43e00000, v143                   // 000000006AA4: D6270003 063DFF03 43E00000
	v_max_num_f32_e32 v3, 0x1f800000, v3                       // 000000006AB0: 2C0606FF 1F800000
	s_branch 64557                                             // 000000006AB8: BFA0FC2D <attention_fp8_e4m3_fa2_gqa_partial_gfx1201+0xa70>
	v_mov_b32_e32 v2, v154                                     // 000000006ABC: 7E04039A
	s_branch 64992                                             // 000000006AC0: BFA0FDE0 <attention_fp8_e4m3_fa2_gqa_partial_gfx1201+0x1144>
	global_load_d16_b16 v171, v[2:3], off offset:8232          // 000000006AC4: EE08007C 000000AB 00202802
	s_wait_loadcnt 0x0                                         // 000000006AD0: BFC00000
	v_cvt_f32_f16_e64 v171, v171.l                             // 000000006AD4: D58B00AB 020101AB
	s_wait_alu depctr_sa_sdst(0)                               // 000000006ADC: BF88FF9E
	s_or_b32 exec_lo, exec_lo, s0                              // 000000006AE0: 8C7E007E
	s_and_saveexec_b32 s0, s6                                  // 000000006AE4: BE802006
	s_cbranch_execz 65383                                      // 000000006AE8: BFA5FF67 <attention_fp8_e4m3_fa2_gqa_partial_gfx1201+0x1788>
	global_load_d16_b16 v170, v[2:3], off offset:8240          // 000000006AEC: EE08007C 000000AA 00203002
	s_wait_loadcnt 0x0                                         // 000000006AF8: BFC00000
	v_cvt_f32_f16_e64 v170, v170.l                             // 000000006AFC: D58B00AA 020101AA
	s_wait_alu depctr_sa_sdst(0)                               // 000000006B04: BF88FF9E
	s_or_b32 exec_lo, exec_lo, s0                              // 000000006B08: 8C7E007E
	v_mov_b32_e32 v174, 0                                      // 000000006B0C: 7F5C0280
	s_and_saveexec_b32 s0, s7                                  // 000000006B10: BE802007
	s_cbranch_execnz 65377                                     // 000000006B14: BFA6FF61 <attention_fp8_e4m3_fa2_gqa_partial_gfx1201+0x179c>
	s_branch 65382                                             // 000000006B18: BFA0FF66 <attention_fp8_e4m3_fa2_gqa_partial_gfx1201+0x17b4>
	s_and_saveexec_b32 s0, s2                                  // 000000006B1C: BE802002
	s_cbranch_execz 897                                        // 000000006B20: BFA50381 <attention_fp8_e4m3_fa2_gqa_partial_gfx1201+0x2828>
	v_cmp_eq_u32_e32 vcc_lo, 0, v160                           // 000000006B24: 7C954080
	s_and_b32 s1, vcc_lo, s19                                  // 000000006B28: 8B01136A
	s_wait_alu depctr_sa_sdst(0)                               // 000000006B2C: BF88FF9E
	s_and_saveexec_b32 s0, s1                                  // 000000006B30: BE802001
	s_cbranch_execz 17                                         // 000000006B34: BFA50011 <attention_fp8_e4m3_fa2_gqa_partial_gfx1201+0x1a7c>
	v_mad_co_u64_u32 v[0:1], null, v145, s17, s[18:19]         // 000000006B38: D6FE7C00 00482391
	v_mov_b32_e32 v1, 0                                        // 000000006B40: 7E020280
	s_delay_alu instid0(VALU_DEP_2) | instskip(NEXT) | instid1(VALU_DEP_1)// 000000006B44: BF870092
	v_mul_lo_u32 v0, 0x102, v0                                 // 000000006B48: D72C0000 020200FF 00000102
	v_lshlrev_b64_e32 v[0:1], 2, v[0:1]                        // 000000006B54: 3E000082
	s_delay_alu instid0(VALU_DEP_1) | instskip(SKIP_1) | instid1(VALU_DEP_2)// 000000006B58: BF870121
	v_add_co_u32 v0, vcc_lo, s14, v0                           // 000000006B5C: D7006A00 0202000E
	s_wait_alu depctr_va_vcc(0)                                // 000000006B64: BF88FF9D
	v_add_co_ci_u32_e64 v1, null, s15, v1, vcc_lo              // 000000006B68: D5207C01 01AA020F
	global_store_b64 v[0:1], v[154:155], off                   // 000000006B70: EE06C07C 4D000000 00000000
	s_wait_alu depctr_sa_sdst(0)                               // 000000006B7C: BF88FF9E
	s_or_b32 exec_lo, exec_lo, s0                              // 000000006B80: 8C7E007E
	s_delay_alu instid0(SALU_CYCLE_1)                          // 000000006B84: BF870009
	s_and_b32 exec_lo, exec_lo, s19                            // 000000006B88: 8B7E137E
	s_cbranch_execz 870                                        // 000000006B8C: BFA50366 <attention_fp8_e4m3_fa2_gqa_partial_gfx1201+0x2828>
	v_mad_co_u64_u32 v[0:1], null, v145, s17, s[18:19]         // 000000006B90: D6FE7C00 00482391
	v_dual_mul_f32 v6, v156, v130 :: v_dual_mul_f32 v9, v9, v156// 000000006B98: C8C7059C 06093909
	v_mul_f32_e32 v8, v122, v156                               // 000000006BA0: 1011397A
	v_mul_f32_e32 v98, v98, v156                               // 000000006BA4: 10C53962
	v_dual_mul_f32 v90, v90, v156 :: v_dual_mul_f32 v83, v83, v156// 000000006BA8: C8C7395A 5A533953
	v_dual_mul_f32 v82, v82, v156 :: v_dual_mul_f32 v75, v75, v156// 000000006BB0: C8C73952 524B394B
	v_mul_lo_u32 v0, 0x102, v0                                 // 000000006BB8: D72C0000 020200FF 00000102
	v_dual_mov_b32 v1, 0 :: v_dual_mul_f32 v74, v74, v156      // 000000006BC4: CA060080 014B394A
	v_dual_mul_f32 v67, v67, v156 :: v_dual_mul_f32 v66, v66, v156// 000000006BCC: C8C73943 43433942
	v_dual_mul_f32 v59, v59, v156 :: v_dual_mul_f32 v42, v42, v156// 000000006BD4: C8C7393B 3B2B392A
	s_delay_alu instid0(VALU_DEP_4) | instskip(SKIP_3) | instid1(VALU_DEP_4)// 000000006BDC: BF870244
	v_dual_mul_f32 v35, v35, v156 :: v_dual_add_nc_u32 v2, v0, v163// 000000006BE0: C8E13923 23034700
	v_mul_f32_e32 v5, v156, v129                               // 000000006BE8: 100B039C
	v_lshlrev_b64_e32 v[3:4], 2, v[0:1]                        // 000000006BEC: 3E060082
	v_mul_f32_e32 v7, v121, v156                               // 000000006BF0: 100F3979
	v_dual_mul_f32 v113, v113, v156 :: v_dual_add_nc_u32 v0, 2, v2// 000000006BF4: C8E13971 71000482
	v_mul_f32_e32 v105, v105, v156                             // 000000006BFC: 10D33969
	v_mul_f32_e32 v97, v97, v156                               // 000000006C00: 10C33961
	v_mul_f32_e32 v89, v89, v156                               // 000000006C04: 10B33959
	v_mul_f32_e32 v81, v81, v156                               // 000000006C08: 10A33951
	v_lshlrev_b64_e32 v[137:138], 2, v[0:1]                    // 000000006C0C: 3F120082
	v_dual_mul_f32 v73, v73, v156 :: v_dual_add_nc_u32 v0, 18, v2// 000000006C10: C8E13949 49000492
	v_mul_f32_e32 v65, v65, v156                               // 000000006C18: 10833941
	v_mul_f32_e32 v57, v57, v156                               // 000000006C1C: 10733939
	v_add_co_u32 v3, vcc_lo, s14, v3                           // 000000006C20: D7006A03 0202060E
	s_delay_alu instid0(VALU_DEP_4) | instskip(SKIP_4) | instid1(VALU_DEP_3)// 000000006C28: BF8701D4
	v_lshlrev_b64_e32 v[139:140], 2, v[0:1]                    // 000000006C2C: 3F160082
	v_add_nc_u32_e32 v0, 34, v2                                // 000000006C30: 4A0004A2
	s_wait_alu depctr_va_vcc(0)                                // 000000006C34: BF88FF9D
	v_add_co_ci_u32_e64 v4, null, s15, v4, vcc_lo              // 000000006C38: D5207C04 01AA080F
	v_add_co_u32 v137, vcc_lo, v3, v137                        // 000000006C40: D7006A89 02031303
	v_lshlrev_b64_e32 v[141:142], 2, v[0:1]                    // 000000006C48: 3F1A0082
	v_add_nc_u32_e32 v0, 50, v2                                // 000000006C4C: 4A0004B2
	s_wait_alu depctr_va_vcc(0)                                // 000000006C50: BF88FF9D
	v_add_co_ci_u32_e64 v138, null, v4, v138, vcc_lo           // 000000006C54: D5207C8A 01AB1504
	v_add_co_u32 v139, vcc_lo, v3, v139                        // 000000006C5C: D7006A8B 02031703
	s_delay_alu instid0(VALU_DEP_3) | instskip(SKIP_4) | instid1(VALU_DEP_3)// 000000006C64: BF8701D3
	v_lshlrev_b64_e32 v[143:144], 2, v[0:1]                    // 000000006C68: 3F1E0082
	v_add_nc_u32_e32 v0, 0x42, v2                              // 000000006C6C: 4A0004FF 00000042
	s_wait_alu depctr_va_vcc(0)                                // 000000006C74: BF88FF9D
	v_add_co_ci_u32_e64 v140, null, v4, v140, vcc_lo           // 000000006C78: D5207C8C 01AB1904
	v_add_co_u32 v141, vcc_lo, v3, v141                        // 000000006C80: D7006A8D 02031B03
	v_lshlrev_b64_e32 v[145:146], 2, v[0:1]                    // 000000006C88: 3F220082
	v_add_nc_u32_e32 v0, 0x52, v2                              // 000000006C8C: 4A0004FF 00000052
	s_wait_alu depctr_va_vcc(0)                                // 000000006C94: BF88FF9D
	v_add_co_ci_u32_e64 v142, null, v4, v142, vcc_lo           // 000000006C98: D5207C8E 01AB1D04
	v_add_co_u32 v143, vcc_lo, v3, v143                        // 000000006CA0: D7006A8F 02031F03
	s_delay_alu instid0(VALU_DEP_3) | instskip(SKIP_4) | instid1(VALU_DEP_3)// 000000006CA8: BF8701D3
	v_lshlrev_b64_e32 v[147:148], 2, v[0:1]                    // 000000006CAC: 3F260082
	v_add_nc_u32_e32 v0, 0x62, v2                              // 000000006CB0: 4A0004FF 00000062
	s_wait_alu depctr_va_vcc(0)                                // 000000006CB8: BF88FF9D
	v_add_co_ci_u32_e64 v144, null, v4, v144, vcc_lo           // 000000006CBC: D5207C90 01AB2104
	v_add_co_u32 v145, vcc_lo, v3, v145                        // 000000006CC4: D7006A91 02032303
	v_lshlrev_b64_e32 v[149:150], 2, v[0:1]                    // 000000006CCC: 3F2A0082
	v_add_nc_u32_e32 v0, 0x72, v2                              // 000000006CD0: 4A0004FF 00000072
	s_wait_alu depctr_va_vcc(0)                                // 000000006CD8: BF88FF9D
	v_add_co_ci_u32_e64 v146, null, v4, v146, vcc_lo           // 000000006CDC: D5207C92 01AB2504
	v_add_co_u32 v147, vcc_lo, v3, v147                        // 000000006CE4: D7006A93 02032703
	s_delay_alu instid0(VALU_DEP_3) | instskip(SKIP_4) | instid1(VALU_DEP_3)// 000000006CEC: BF8701D3
	v_lshlrev_b64_e32 v[151:152], 2, v[0:1]                    // 000000006CF0: 3F2E0082
	v_dual_mul_f32 v49, v49, v156 :: v_dual_add_nc_u32 v0, 0x82, v2// 000000006CF4: C8E13931 310004FF 00000082
	s_wait_alu depctr_va_vcc(0)                                // 000000006D00: BF88FF9D
	v_add_co_ci_u32_e64 v148, null, v4, v148, vcc_lo           // 000000006D04: D5207C94 01AB2904
	v_add_co_u32 v149, vcc_lo, v3, v149                        // 000000006D0C: D7006A95 02032B03
	v_lshlrev_b64_e32 v[153:154], 2, v[0:1]                    // 000000006D14: 3F320082
	v_dual_mul_f32 v41, v41, v156 :: v_dual_add_nc_u32 v0, 0x92, v2// 000000006D18: C8E13929 290004FF 00000092
	s_wait_alu depctr_va_vcc(0)                                // 000000006D24: BF88FF9D
	v_add_co_ci_u32_e64 v150, null, v4, v150, vcc_lo           // 000000006D28: D5207C96 01AB2D04
	v_mul_f32_e32 v33, v33, v156                               // 000000006D30: 10433921
	s_delay_alu instid0(VALU_DEP_3)                            // 000000006D34: BF870003
	v_lshlrev_b64_e32 v[157:158], 2, v[0:1]                    // 000000006D38: 3F3A0082
	v_add_nc_u32_e32 v0, 0xa2, v2                              // 000000006D3C: 4A0004FF 000000A2
	v_add_co_u32 v151, vcc_lo, v3, v151                        // 000000006D44: D7006A97 02032F03
	v_mul_f32_e32 v25, v25, v156                               // 000000006D4C: 10333919
	s_wait_alu depctr_va_vcc(0)                                // 000000006D50: BF88FF9D
	v_add_co_ci_u32_e64 v152, null, v4, v152, vcc_lo           // 000000006D54: D5207C98 01AB3104
	v_lshlrev_b64_e32 v[159:160], 2, v[0:1]                    // 000000006D5C: 3F3E0082
	v_add_nc_u32_e32 v0, 0xb2, v2                              // 000000006D60: 4A0004FF 000000B2
	v_add_co_u32 v153, vcc_lo, v3, v153                        // 000000006D68: D7006A99 02033303
	s_wait_alu depctr_va_vcc(0)                                // 000000006D70: BF88FF9D
	v_add_co_ci_u32_e64 v154, null, v4, v154, vcc_lo           // 000000006D74: D5207C9A 01AB3504
	s_delay_alu instid0(VALU_DEP_3)                            // 000000006D7C: BF870003
	v_lshlrev_b64_e32 v[161:162], 2, v[0:1]                    // 000000006D80: 3F420082
	v_add_nc_u32_e32 v0, 0xc2, v2                              // 000000006D84: 4A0004FF 000000C2
	v_add_co_u32 v157, vcc_lo, v3, v157                        // 000000006D8C: D7006A9D 02033B03
	s_clause 0x1                                               // 000000006D94: BF850001
	global_store_b64 v[137:138], v[5:6], off                   // 000000006D98: EE06C07C 02800000 00000089
	global_store_b64 v[139:140], v[7:8], off                   // 000000006DA4: EE06C07C 03800000 0000008B
	v_lshlrev_b64_e32 v[163:164], 2, v[0:1]                    // 000000006DB0: 3F460082
	v_dual_mul_f32 v17, v17, v156 :: v_dual_add_nc_u32 v0, 0xd2, v2// 000000006DB4: C8E13911 110004FF 000000D2
	s_wait_alu depctr_va_vcc(0)                                // 000000006DC0: BF88FF9D
	v_add_co_ci_u32_e64 v158, null, v4, v158, vcc_lo           // 000000006DC4: D5207C9E 01AB3D04
	v_add_co_u32 v159, vcc_lo, v3, v159                        // 000000006DCC: D7006A9F 02033F03
	s_delay_alu instid0(VALU_DEP_3) | instskip(SKIP_4) | instid1(VALU_DEP_3)// 000000006DD4: BF8701D3
	v_lshlrev_b64_e32 v[165:166], 2, v[0:1]                    // 000000006DD8: 3F4A0082
	v_add_nc_u32_e32 v0, 0xe2, v2                              // 000000006DDC: 4A0004FF 000000E2
	s_wait_alu depctr_va_vcc(0)                                // 000000006DE4: BF88FF9D
	v_add_co_ci_u32_e64 v160, null, v4, v160, vcc_lo           // 000000006DE8: D5207CA0 01AB4104
	v_add_co_u32 v161, vcc_lo, v3, v161                        // 000000006DF0: D7006AA1 02034303
	v_lshlrev_b64_e32 v[5:6], 2, v[0:1]                        // 000000006DF8: 3E0A0082
	v_add_nc_u32_e32 v0, 0xf2, v2                              // 000000006DFC: 4A0004FF 000000F2
	s_wait_alu depctr_va_vcc(0)                                // 000000006E04: BF88FF9D
	v_add_co_ci_u32_e64 v162, null, v4, v162, vcc_lo           // 000000006E08: D5207CA2 01AB4504
	v_add_co_u32 v129, vcc_lo, v3, v163                        // 000000006E10: D7006A81 02034703
	s_delay_alu instid0(VALU_DEP_3)                            // 000000006E18: BF870003
	v_lshlrev_b64_e32 v[7:8], 2, v[0:1]                        // 000000006E1C: 3E0E0082
	v_add_nc_u32_e32 v0, 4, v2                                 // 000000006E20: 4A000484
	s_wait_alu depctr_va_vcc(0)                                // 000000006E24: BF88FF9D
	v_add_co_ci_u32_e64 v130, null, v4, v164, vcc_lo           // 000000006E28: D5207C82 01AB4904
	v_add_co_u32 v121, vcc_lo, v3, v165                        // 000000006E30: D7006A79 02034B03
	s_wait_alu depctr_va_vcc(0)                                // 000000006E38: BF88FF9D
	v_add_co_ci_u32_e64 v122, null, v4, v166, vcc_lo           // 000000006E3C: D5207C7A 01AB4D04
	v_add_co_u32 v5, vcc_lo, v3, v5                            // 000000006E44: D7006A05 02020B03
	v_dual_mul_f32 v58, v58, v156 :: v_dual_mul_f32 v51, v51, v156// 000000006E4C: C8C7393A 3A333933
	v_dual_mul_f32 v50, v50, v156 :: v_dual_mul_f32 v43, v43, v156// 000000006E54: C8C73932 322B392B
	s_clause 0x7                                               // 000000006E5C: BF850007
	global_store_b64 v[145:146], v[97:98], off                 // 000000006E60: EE06C07C 30800000 00000091
	global_store_b64 v[147:148], v[89:90], off                 // 000000006E6C: EE06C07C 2C800000 00000093
	global_store_b64 v[149:150], v[81:82], off                 // 000000006E78: EE06C07C 28800000 00000095
	global_store_b64 v[151:152], v[73:74], off                 // 000000006E84: EE06C07C 24800000 00000097
	global_store_b64 v[153:154], v[65:66], off                 // 000000006E90: EE06C07C 20800000 00000099
	global_store_b64 v[157:158], v[57:58], off                 // 000000006E9C: EE06C07C 1C800000 0000009D
	global_store_b64 v[159:160], v[49:50], off                 // 000000006EA8: EE06C07C 18800000 0000009F
	global_store_b64 v[161:162], v[41:42], off                 // 000000006EB4: EE06C07C 14800000 000000A1
	v_dual_mul_f32 v34, v34, v156 :: v_dual_mul_f32 v19, v19, v156// 000000006EC0: C8C73922 22133913
	v_lshlrev_b64_e32 v[41:42], 2, v[0:1]                      // 000000006EC8: 3E520082
	v_add_nc_u32_e32 v0, 20, v2                                // 000000006ECC: 4A000494
	s_wait_alu depctr_va_vcc(0)                                // 000000006ED0: BF88FF9D
	v_add_co_ci_u32_e64 v6, null, v4, v6, vcc_lo               // 000000006ED4: D5207C06 01AA0D04
	v_add_co_u32 v7, vcc_lo, v3, v7                            // 000000006EDC: D7006A07 02020F03
	v_mul_f32_e32 v26, v26, v156                               // 000000006EE4: 1035391A
	v_mul_f32_e32 v18, v18, v156                               // 000000006EE8: 10253912
	s_wait_alu depctr_va_vcc(0)                                // 000000006EEC: BF88FF9D
	v_add_co_ci_u32_e64 v8, null, v4, v8, vcc_lo               // 000000006EF0: D5207C08 01AA1104
	v_mul_f32_e32 v10, v10, v156                               // 000000006EF8: 1015390A
	s_clause 0x3                                               // 000000006EFC: BF850003
	global_store_b64 v[129:130], v[33:34], off                 // 000000006F00: EE06C07C 10800000 00000081
	global_store_b64 v[121:122], v[25:26], off                 // 000000006F0C: EE06C07C 0C800000 00000079
	global_store_b64 v[5:6], v[17:18], off                     // 000000006F18: EE06C07C 08800000 00000005
	global_store_b64 v[7:8], v[9:10], off                      // 000000006F24: EE06C07C 04800000 00000007
	v_lshlrev_b64_e32 v[6:7], 2, v[0:1]                        // 000000006F30: 3E0C0082
	v_add_co_u32 v8, vcc_lo, v3, v41                           // 000000006F34: D7006A08 02025303
	v_dual_mul_f32 v5, v156, v131 :: v_dual_add_nc_u32 v0, 36, v2// 000000006F3C: C8E1079C 050004A4
	s_wait_alu depctr_va_vcc(0)                                // 000000006F44: BF88FF9D
	v_add_co_ci_u32_e64 v9, null, v4, v42, vcc_lo              // 000000006F48: D5207C09 01AA5504
	s_delay_alu instid0(VALU_DEP_4)                            // 000000006F50: BF870004
	v_add_co_u32 v33, vcc_lo, v3, v6                           // 000000006F54: D7006A21 02020D03
	v_mul_f32_e32 v6, v156, v132                               // 000000006F5C: 100D099C
	v_dual_mul_f32 v114, v114, v156 :: v_dual_mul_f32 v17, v123, v156// 000000006F60: C8C73972 7211397B
	s_wait_alu depctr_va_vcc(0)                                // 000000006F68: BF88FF9D
	v_add_co_ci_u32_e64 v34, null, v4, v7, vcc_lo              // 000000006F6C: D5207C22 01AA0F04
	v_mul_f32_e32 v18, v124, v156                              // 000000006F74: 1025397C
	global_store_b64 v[8:9], v[5:6], off                       // 000000006F78: EE06C07C 02800000 00000008
	v_mul_f32_e32 v9, v27, v156                                // 000000006F84: 1013391B
	v_mul_f32_e32 v27, v109, v156                              // 000000006F88: 1037396D
	v_lshlrev_b64_e32 v[25:26], 2, v[0:1]                      // 000000006F8C: 3E320082
	v_dual_mul_f32 v7, v115, v156 :: v_dual_add_nc_u32 v0, 52, v2// 000000006F90: C8E13973 070004B4
	s_clause 0x1                                               // 000000006F98: BF850001
	global_store_b64 v[141:142], v[113:114], off               // 000000006F9C: EE06C07C 38800000 0000008D
	global_store_b64 v[33:34], v[17:18], off                   // 000000006FA8: EE06C07C 08800000 00000021
	v_mul_f32_e32 v33, v101, v156                              // 000000006FB4: 10433965
	v_lshlrev_b64_e32 v[41:42], 2, v[0:1]                      // 000000006FB8: 3E520082
	v_dual_mul_f32 v53, v53, v156 :: v_dual_add_nc_u32 v0, 0x44, v2// 000000006FBC: C8E13935 350004FF 00000044
	v_mul_f32_e32 v45, v45, v156                               // 000000006FC8: 105B392D
	v_add_co_u32 v25, vcc_lo, v3, v25                          // 000000006FCC: D7006A19 02023303
	s_delay_alu instid0(VALU_DEP_3) | instskip(SKIP_4) | instid1(VALU_DEP_3)// 000000006FD4: BF8701D3
	v_lshlrev_b64_e32 v[57:58], 2, v[0:1]                      // 000000006FD8: 3E720082
	v_add_nc_u32_e32 v0, 0x54, v2                              // 000000006FDC: 4A0004FF 00000054
	v_dual_mul_f32 v106, v106, v156 :: v_dual_mul_f32 v49, v107, v156// 000000006FE4: C8C7396A 6A31396B
	s_wait_alu depctr_va_vcc(0)                                // 000000006FEC: BF88FF9D
	v_add_co_ci_u32_e64 v26, null, v4, v26, vcc_lo             // 000000006FF0: D5207C1A 01AA3504
	v_lshlrev_b64_e32 v[65:66], 2, v[0:1]                      // 000000006FF8: 3E820082
	v_add_nc_u32_e32 v0, 0x64, v2                              // 000000006FFC: 4A0004FF 00000064
	v_dual_mul_f32 v8, v116, v156 :: v_dual_mul_f32 v37, v37, v156// 000000007004: C8C73974 08253925
	v_add_co_u32 v41, vcc_lo, v3, v41                          // 00000000700C: D7006A29 02025303
	s_delay_alu instid0(VALU_DEP_3)                            // 000000007014: BF870003
	v_lshlrev_b64_e32 v[81:82], 2, v[0:1]                      // 000000007018: 3EA20082
	v_add_nc_u32_e32 v0, 0x74, v2                              // 00000000701C: 4A0004FF 00000074
	s_wait_alu depctr_va_vcc(0)                                // 000000007024: BF88FF9D
	v_add_co_ci_u32_e64 v42, null, v4, v42, vcc_lo             // 000000007028: D5207C2A 01AA5504
	v_mul_f32_e32 v50, v108, v156                              // 000000007030: 1065396C
	s_clause 0x1                                               // 000000007034: BF850001
	global_store_b64 v[25:26], v[7:8], off                     // 000000007038: EE06C07C 03800000 00000019
	global_store_b64 v[143:144], v[105:106], off               // 000000007044: EE06C07C 34800000 0000008F
	v_lshlrev_b64_e32 v[89:90], 2, v[0:1]                      // 000000007050: 3EB20082
	v_add_nc_u32_e32 v0, 0x84, v2                              // 000000007054: 4A0004FF 00000084
	v_add_co_u32 v57, vcc_lo, v3, v57                          // 00000000705C: D7006A39 02027303
	s_wait_alu depctr_va_vcc(0)                                // 000000007064: BF88FF9D
	v_add_co_ci_u32_e64 v58, null, v4, v58, vcc_lo             // 000000007068: D5207C3A 01AA7504
	s_delay_alu instid0(VALU_DEP_3) | instskip(SKIP_4) | instid1(VALU_DEP_3)// 000000007070: BF8701D3
	v_lshlrev_b64_e32 v[97:98], 2, v[0:1]                      // 000000007074: 3EC20082
	v_add_nc_u32_e32 v0, 0x94, v2                              // 000000007078: 4A0004FF 00000094
	v_add_co_u32 v65, vcc_lo, v3, v65                          // 000000007080: D7006A41 02028303
	s_wait_alu depctr_va_vcc(0)                                // 000000007088: BF88FF9D
	v_add_co_ci_u32_e64 v66, null, v4, v66, vcc_lo             // 00000000708C: D5207C42 01AA8504
	v_lshlrev_b64_e32 v[105:106], 2, v[0:1]                    // 000000007094: 3ED20082
	v_add_nc_u32_e32 v0, 0xa4, v2                              // 000000007098: 4A0004FF 000000A4
	v_add_co_u32 v81, vcc_lo, v3, v81                          // 0000000070A0: D7006A51 0202A303
	s_wait_alu depctr_va_vcc(0)                                // 0000000070A8: BF88FF9D
	v_add_co_ci_u32_e64 v82, null, v4, v82, vcc_lo             // 0000000070AC: D5207C52 01AAA504
	s_delay_alu instid0(VALU_DEP_3) | instskip(SKIP_4) | instid1(VALU_DEP_3)// 0000000070B4: BF8701D3
	v_lshlrev_b64_e32 v[113:114], 2, v[0:1]                    // 0000000070B8: 3EE20082
	v_add_nc_u32_e32 v0, 0xb4, v2                              // 0000000070BC: 4A0004FF 000000B4
	v_add_co_u32 v89, vcc_lo, v3, v89                          // 0000000070C4: D7006A59 0202B303
	s_wait_alu depctr_va_vcc(0)                                // 0000000070CC: BF88FF9D
	v_add_co_ci_u32_e64 v90, null, v4, v90, vcc_lo             // 0000000070D0: D5207C5A 01AAB504
	v_lshlrev_b64_e32 v[121:122], 2, v[0:1]                    // 0000000070D8: 3EF20082
	v_add_nc_u32_e32 v0, 0xc4, v2                              // 0000000070DC: 4A0004FF 000000C4
	v_add_co_u32 v97, vcc_lo, v3, v97                          // 0000000070E4: D7006A61 0202C303
	s_wait_alu depctr_va_vcc(0)                                // 0000000070EC: BF88FF9D
	v_add_co_ci_u32_e64 v98, null, v4, v98, vcc_lo             // 0000000070F0: D5207C62 01AAC504
	s_delay_alu instid0(VALU_DEP_3) | instskip(SKIP_4) | instid1(VALU_DEP_4)// 0000000070F8: BF870253
	v_lshlrev_b64_e32 v[129:130], 2, v[0:1]                    // 0000000070FC: 3F020082
	v_add_nc_u32_e32 v0, 0xd4, v2                              // 000000007100: 4A0004FF 000000D4
	v_add_co_u32 v105, vcc_lo, v3, v105                        // 000000007108: D7006A69 0202D303
	v_mul_f32_e32 v10, v99, v156                               // 000000007110: 10153963
	v_mul_f32_e32 v7, v11, v156                                // 000000007114: 100F390B
	v_lshlrev_b64_e32 v[137:138], 2, v[0:1]                    // 000000007118: 3F120082
	v_dual_mul_f32 v11, v100, v156 :: v_dual_add_nc_u32 v0, 0xe4, v2// 00000000711C: C8E13964 0B0004FF 000000E4
	v_mul_f32_e32 v73, v91, v156                               // 000000007128: 1093395B
	s_wait_alu depctr_va_vcc(0)                                // 00000000712C: BF88FF9D
	v_add_co_ci_u32_e64 v106, null, v4, v106, vcc_lo           // 000000007130: D5207C6A 01AAD504
	v_add_co_u32 v113, vcc_lo, v3, v113                        // 000000007138: D7006A71 0202E303
	v_mul_f32_e32 v74, v92, v156                               // 000000007140: 1095395C
	v_mul_f32_e32 v84, v84, v156                               // 000000007144: 10A93954
	s_wait_alu depctr_va_vcc(0)                                // 000000007148: BF88FF9D
	v_add_co_ci_u32_e64 v114, null, v4, v114, vcc_lo           // 00000000714C: D5207C72 01AAE504
	v_add_co_u32 v121, vcc_lo, v3, v121                        // 000000007154: D7006A79 0202F303
	v_mul_f32_e32 v76, v76, v156                               // 00000000715C: 1099394C
	v_dual_mul_f32 v68, v68, v156 :: v_dual_mul_f32 v55, v55, v156// 000000007160: C8C73944 44373937
	v_dual_mul_f32 v60, v60, v156 :: v_dual_mul_f32 v47, v47, v156// 000000007168: C8C7393C 3C2F392F
	s_wait_alu depctr_va_vcc(0)                                // 000000007170: BF88FF9D
	v_add_co_ci_u32_e64 v122, null, v4, v122, vcc_lo           // 000000007174: D5207C7A 01AAF504
	v_dual_mul_f32 v52, v52, v156 :: v_dual_mul_f32 v39, v39, v156// 00000000717C: C8C73934 34273927
	v_dual_mul_f32 v44, v44, v156 :: v_dual_mul_f32 v31, v31, v156// 000000007184: C8C7392C 2C1F391F
	s_clause 0x7                                               // 00000000718C: BF850007
	global_store_b64 v[57:58], v[10:11], off                   // 000000007190: EE06C07C 05000000 00000039
	global_store_b64 v[65:66], v[73:74], off                   // 00000000719C: EE06C07C 24800000 00000041
	global_store_b64 v[81:82], v[83:84], off                   // 0000000071A8: EE06C07C 29800000 00000051
	global_store_b64 v[89:90], v[75:76], off                   // 0000000071B4: EE06C07C 25800000 00000059
	global_store_b64 v[97:98], v[67:68], off                   // 0000000071C0: EE06C07C 21800000 00000061
	global_store_b64 v[105:106], v[59:60], off                 // 0000000071CC: EE06C07C 1D800000 00000069
	global_store_b64 v[113:114], v[51:52], off                 // 0000000071D8: EE06C07C 19800000 00000071
	global_store_b64 v[121:122], v[43:44], off                 // 0000000071E4: EE06C07C 15800000 00000079
	v_mul_f32_e32 v60, v69, v156                               // 0000000071F0: 10793945
	v_mul_f32_e32 v69, v61, v156                               // 0000000071F4: 108B393D
	v_mul_f32_e32 v61, v70, v156                               // 0000000071F8: 107B3946
	v_lshlrev_b64_e32 v[5:6], 2, v[0:1]                        // 0000000071FC: 3E0A0082
	v_add_nc_u32_e32 v0, 0xf4, v2                              // 000000007200: 4A0004FF 000000F4
	v_add_co_u32 v129, vcc_lo, v3, v129                        // 000000007208: D7006A81 02030303
	s_wait_alu depctr_va_vcc(0)                                // 000000007210: BF88FF9D
	v_add_co_ci_u32_e64 v130, null, v4, v130, vcc_lo           // 000000007214: D5207C82 01AB0504
	s_delay_alu instid0(VALU_DEP_3)                            // 00000000721C: BF870003
	v_lshlrev_b64_e32 v[17:18], 2, v[0:1]                      // 000000007220: 3E220082
	v_dual_mul_f32 v15, v15, v156 :: v_dual_add_nc_u32 v0, 6, v2// 000000007224: C8E1390F 0F000486
	v_add_co_u32 v123, vcc_lo, v3, v137                        // 00000000722C: D7006A7B 02031303
	s_wait_alu depctr_va_vcc(0)                                // 000000007234: BF88FF9D
	v_add_co_ci_u32_e64 v124, null, v4, v138, vcc_lo           // 000000007238: D5207C7C 01AB1504
	v_add_co_u32 v5, vcc_lo, v3, v5                            // 000000007240: D7006A05 02020B03
	v_mul_f32_e32 v36, v36, v156                               // 000000007248: 10493924
	v_mul_f32_e32 v8, v12, v156                                // 00000000724C: 1011390C
	v_lshlrev_b64_e32 v[11:12], 2, v[0:1]                      // 000000007250: 3E160082
	v_add_nc_u32_e32 v0, 22, v2                                // 000000007254: 4A000496
	s_wait_alu depctr_va_vcc(0)                                // 000000007258: BF88FF9D
	v_add_co_ci_u32_e64 v6, null, v4, v6, vcc_lo               // 00000000725C: D5207C06 01AA0D04
	v_add_co_u32 v17, vcc_lo, v3, v17                          // 000000007264: D7006A11 02022303
	v_mul_f32_e32 v10, v28, v156                               // 00000000726C: 1015391C
	v_mul_f32_e32 v20, v20, v156                               // 000000007270: 10293914
	s_wait_alu depctr_va_vcc(0)                                // 000000007274: BF88FF9D
	v_add_co_ci_u32_e64 v18, null, v4, v18, vcc_lo             // 000000007278: D5207C12 01AA2504
	s_clause 0x3                                               // 000000007280: BF850003
	global_store_b64 v[129:130], v[35:36], off                 // 000000007284: EE06C07C 11800000 00000081
	global_store_b64 v[123:124], v[9:10], off                  // 000000007290: EE06C07C 04800000 0000007B
	global_store_b64 v[5:6], v[19:20], off                     // 00000000729C: EE06C07C 09800000 00000005
	global_store_b64 v[17:18], v[7:8], off                     // 0000000072A8: EE06C07C 03800000 00000011
	v_lshlrev_b64_e32 v[6:7], 2, v[0:1]                        // 0000000072B4: 3E0C0082
	v_add_nc_u32_e32 v0, 38, v2                                // 0000000072B8: 4A0004A6
	v_add_co_u32 v8, vcc_lo, v3, v11                           // 0000000072BC: D7006A08 02021703
	s_wait_alu depctr_va_vcc(0)                                // 0000000072C4: BF88FF9D
	v_add_co_ci_u32_e64 v9, null, v4, v12, vcc_lo              // 0000000072C8: D5207C09 01AA1904
	s_delay_alu instid0(VALU_DEP_3) | instskip(SKIP_4) | instid1(VALU_DEP_3)// 0000000072D0: BF8701D3
	v_lshlrev_b64_e32 v[11:12], 2, v[0:1]                      // 0000000072D4: 3E160082
	v_add_nc_u32_e32 v0, 54, v2                                // 0000000072D8: 4A0004B6
	v_add_co_u32 v17, vcc_lo, v3, v6                           // 0000000072DC: D7006A11 02020D03
	s_wait_alu depctr_va_vcc(0)                                // 0000000072E4: BF88FF9D
	v_add_co_ci_u32_e64 v18, null, v4, v7, vcc_lo              // 0000000072E8: D5207C12 01AA0F04
	v_lshlrev_b64_e32 v[19:20], 2, v[0:1]                      // 0000000072F0: 3E260082
	v_add_nc_u32_e32 v0, 0x46, v2                              // 0000000072F4: 4A0004FF 00000046
	v_add_co_u32 v25, vcc_lo, v3, v11                          // 0000000072FC: D7006A19 02021703
	s_wait_alu depctr_va_vcc(0)                                // 000000007304: BF88FF9D
	v_add_co_ci_u32_e64 v26, null, v4, v12, vcc_lo             // 000000007308: D5207C1A 01AA1904
	s_delay_alu instid0(VALU_DEP_3)                            // 000000007310: BF870003
	v_lshlrev_b64_e32 v[11:12], 2, v[0:1]                      // 000000007314: 3E160082
	v_add_nc_u32_e32 v0, 0x56, v2                              // 000000007318: 4A0004FF 00000056
	v_add_co_u32 v19, vcc_lo, v3, v19                          // 000000007320: D7006A13 02022703
	global_store_b64 v[41:42], v[49:50], off                   // 000000007328: EE06C07C 18800000 00000029
	s_wait_alu depctr_va_vcc(0)                                // 000000007334: BF88FF9D
	v_add_co_ci_u32_e64 v20, null, v4, v20, vcc_lo             // 000000007338: D5207C14 01AA2904
	v_lshlrev_b64_e32 v[34:35], 2, v[0:1]                      // 000000007340: 3E440082
	v_add_nc_u32_e32 v0, 0x66, v2                              // 000000007344: 4A0004FF 00000066
	v_add_co_u32 v41, vcc_lo, v3, v11                          // 00000000734C: D7006A29 02021703
	s_wait_alu depctr_va_vcc(0)                                // 000000007354: BF88FF9D
	v_add_co_ci_u32_e64 v42, null, v4, v12, vcc_lo             // 000000007358: D5207C2A 01AA1904
	s_delay_alu instid0(VALU_DEP_3) | instskip(SKIP_4) | instid1(VALU_DEP_3)// 000000007360: BF8701D3
	v_lshlrev_b64_e32 v[43:44], 2, v[0:1]                      // 000000007364: 3E560082
	v_add_nc_u32_e32 v0, 0x76, v2                              // 000000007368: 4A0004FF 00000076
	v_add_co_u32 v49, vcc_lo, v3, v34                          // 000000007370: D7006A31 02024503
	s_wait_alu depctr_va_vcc(0)                                // 000000007378: BF88FF9D
	v_add_co_ci_u32_e64 v50, null, v4, v35, vcc_lo             // 00000000737C: D5207C32 01AA4704
	v_lshlrev_b64_e32 v[51:52], 2, v[0:1]                      // 000000007384: 3E660082
	v_add_nc_u32_e32 v0, 0x86, v2                              // 000000007388: 4A0004FF 00000086
	v_add_co_u32 v43, vcc_lo, v3, v43                          // 000000007390: D7006A2B 02025703
	s_wait_alu depctr_va_vcc(0)                                // 000000007398: BF88FF9D
	v_add_co_ci_u32_e64 v44, null, v4, v44, vcc_lo             // 00000000739C: D5207C2C 01AA5904
	s_delay_alu instid0(VALU_DEP_3) | instskip(SKIP_4) | instid1(VALU_DEP_3)// 0000000073A4: BF8701D3
	v_lshlrev_b64_e32 v[58:59], 2, v[0:1]                      // 0000000073A8: 3E740082
	v_add_nc_u32_e32 v0, 0x96, v2                              // 0000000073AC: 4A0004FF 00000096
	v_add_co_u32 v51, vcc_lo, v3, v51                          // 0000000073B4: D7006A33 02026703
	s_wait_alu depctr_va_vcc(0)                                // 0000000073BC: BF88FF9D
	v_add_co_ci_u32_e64 v52, null, v4, v52, vcc_lo             // 0000000073C0: D5207C34 01AA6904
	v_lshlrev_b64_e32 v[65:66], 2, v[0:1]                      // 0000000073C8: 3E820082
	v_add_nc_u32_e32 v0, 0xa6, v2                              // 0000000073CC: 4A0004FF 000000A6
	v_add_co_u32 v67, vcc_lo, v3, v58                          // 0000000073D4: D7006A43 02027503
	s_wait_alu depctr_va_vcc(0)                                // 0000000073DC: BF88FF9D
	v_add_co_ci_u32_e64 v68, null, v4, v59, vcc_lo             // 0000000073E0: D5207C44 01AA7704
	s_delay_alu instid0(VALU_DEP_3) | instskip(SKIP_4) | instid1(VALU_DEP_3)// 0000000073E8: BF8701D3
	v_lshlrev_b64_e32 v[58:59], 2, v[0:1]                      // 0000000073EC: 3E740082
	v_add_nc_u32_e32 v0, 0xb6, v2                              // 0000000073F0: 4A0004FF 000000B6
	v_add_co_u32 v65, vcc_lo, v3, v65                          // 0000000073F8: D7006A41 02028303
	s_wait_alu depctr_va_vcc(0)                                // 000000007400: BF88FF9D
	v_add_co_ci_u32_e64 v66, null, v4, v66, vcc_lo             // 000000007404: D5207C42 01AA8504
	v_lshlrev_b64_e32 v[73:74], 2, v[0:1]                      // 00000000740C: 3E920082
	v_add_nc_u32_e32 v0, 0xc6, v2                              // 000000007410: 4A0004FF 000000C6
	v_add_co_u32 v75, vcc_lo, v3, v58                          // 000000007418: D7006A4B 02027503
	s_wait_alu depctr_va_vcc(0)                                // 000000007420: BF88FF9D
	v_add_co_ci_u32_e64 v76, null, v4, v59, vcc_lo             // 000000007424: D5207C4C 01AA7704
	s_delay_alu instid0(VALU_DEP_3) | instskip(SKIP_3) | instid1(VALU_DEP_3)// 00000000742C: BF8701C3
	v_lshlrev_b64_e32 v[58:59], 2, v[0:1]                      // 000000007430: 3E740082
	v_dual_mul_f32 v5, v156, v133 :: v_dual_add_nc_u32 v0, 0xd6, v2// 000000007434: C8E10B9C 050004FF 000000D6
	v_mul_f32_e32 v6, v156, v134                               // 000000007440: 100D0D9C
	v_dual_mul_f32 v10, v125, v156 :: v_dual_mul_f32 v11, v126, v156// 000000007444: C8C7397D 0A0B397E
	v_lshlrev_b64_e32 v[81:82], 2, v[0:1]                      // 00000000744C: 3EA20082
	v_add_nc_u32_e32 v0, 0xe6, v2                              // 000000007450: 4A0004FF 000000E6
	global_store_b64 v[8:9], v[5:6], off                       // 000000007458: EE06C07C 02800000 00000008
	v_add_co_u32 v73, vcc_lo, v3, v73                          // 000000007464: D7006A49 02029303
	v_mul_f32_e32 v7, v117, v156                               // 00000000746C: 100F3975
	v_lshlrev_b64_e32 v[5:6], 2, v[0:1]                        // 000000007470: 3E0A0082
	v_add_nc_u32_e32 v0, 0xf6, v2                              // 000000007474: 4A0004FF 000000F6
	v_mul_f32_e32 v8, v118, v156                               // 00000000747C: 10113976
	s_wait_alu depctr_va_vcc(0)                                // 000000007480: BF88FF9D
	v_add_co_ci_u32_e64 v74, null, v4, v74, vcc_lo             // 000000007484: D5207C4A 01AA9504
	v_add_co_u32 v83, vcc_lo, v3, v58                          // 00000000748C: D7006A53 02027503
	v_mul_f32_e32 v28, v110, v156                              // 000000007494: 1039396E
	s_clause 0x1                                               // 000000007498: BF850001
	global_store_b64 v[17:18], v[10:11], off                   // 00000000749C: EE06C07C 05000000 00000011
	global_store_b64 v[25:26], v[7:8], off                     // 0000000074A8: EE06C07C 03800000 00000019
	v_lshlrev_b64_e32 v[10:11], 2, v[0:1]                      // 0000000074B4: 3E140082
	s_wait_alu depctr_va_vcc(0)                                // 0000000074B8: BF88FF9D
	v_add_co_ci_u32_e64 v84, null, v4, v59, vcc_lo             // 0000000074BC: D5207C54 01AA7704
	v_add_co_u32 v81, vcc_lo, v3, v81                          // 0000000074C4: D7006A51 0202A303
	v_mul_f32_e32 v34, v102, v156                              // 0000000074CC: 10453966
	v_add_nc_u32_e32 v0, 8, v2                                 // 0000000074D0: 4A000488
	v_mul_f32_e32 v12, v93, v156                               // 0000000074D4: 1019395D
	s_wait_alu depctr_va_vcc(0)                                // 0000000074D8: BF88FF9D
	v_add_co_ci_u32_e64 v82, null, v4, v82, vcc_lo             // 0000000074DC: D5207C52 01AAA504
	v_add_co_u32 v5, vcc_lo, v3, v5                            // 0000000074E4: D7006A05 02020B03
	v_mul_f32_e32 v7, v13, v156                                // 0000000074EC: 100F390D
	v_mul_f32_e32 v13, v94, v156                               // 0000000074F0: 101B395E
	v_dual_mul_f32 v35, v85, v156 :: v_dual_mul_f32 v36, v86, v156// 0000000074F4: C8C73955 23253956
	v_mul_f32_e32 v57, v77, v156                               // 0000000074FC: 1073394D
	s_wait_alu depctr_va_vcc(0)                                // 000000007500: BF88FF9D
	v_add_co_ci_u32_e64 v6, null, v4, v6, vcc_lo               // 000000007504: D5207C06 01AA0D04
	v_add_co_u32 v25, vcc_lo, v3, v10                          // 00000000750C: D7006A19 02021503
	v_mul_f32_e32 v58, v78, v156                               // 000000007514: 1075394E
	s_wait_alu depctr_va_vcc(0)                                // 000000007518: BF88FF9D
	v_add_co_ci_u32_e64 v26, null, v4, v11, vcc_lo             // 00000000751C: D5207C1A 01AA1704
	v_mul_f32_e32 v70, v62, v156                               // 000000007524: 108D393E
	v_mul_f32_e32 v54, v54, v156                               // 000000007528: 106D3936
	v_mul_f32_e32 v46, v46, v156                               // 00000000752C: 105D392E
	s_clause 0x7                                               // 000000007530: BF850007
	global_store_b64 v[41:42], v[33:34], off                   // 000000007534: EE06C07C 10800000 00000029
	global_store_b64 v[49:50], v[12:13], off                   // 000000007540: EE06C07C 06000000 00000031
	global_store_b64 v[43:44], v[35:36], off                   // 00000000754C: EE06C07C 11800000 0000002B
	global_store_b64 v[51:52], v[57:58], off                   // 000000007558: EE06C07C 1C800000 00000033
	global_store_b64 v[67:68], v[60:61], off                   // 000000007564: EE06C07C 1E000000 00000043
	global_store_b64 v[65:66], v[69:70], off                   // 000000007570: EE06C07C 22800000 00000041
	global_store_b64 v[75:76], v[53:54], off                   // 00000000757C: EE06C07C 1A800000 0000004B
	global_store_b64 v[73:74], v[45:46], off                   // 000000007588: EE06C07C 16800000 00000049
	v_mul_f32_e32 v38, v38, v156                               // 000000007594: 104D3926
	v_lshlrev_b64_e32 v[11:12], 2, v[0:1]                      // 000000007598: 3E160082
	v_dual_mul_f32 v9, v29, v156 :: v_dual_add_nc_u32 v0, 24, v2// 00000000759C: C8E1391D 09000498
	v_dual_mul_f32 v10, v30, v156 :: v_dual_mul_f32 v17, v21, v156// 0000000075A4: C8C7391E 0A113915
	v_mul_f32_e32 v18, v22, v156                               // 0000000075AC: 10253916
	v_mul_f32_e32 v8, v14, v156                                // 0000000075B0: 1011390E
	s_clause 0x3                                               // 0000000075B4: BF850003
	global_store_b64 v[83:84], v[37:38], off                   // 0000000075B8: EE06C07C 12800000 00000053
	global_store_b64 v[81:82], v[9:10], off                    // 0000000075C4: EE06C07C 04800000 00000051
	global_store_b64 v[5:6], v[17:18], off                     // 0000000075D0: EE06C07C 08800000 00000005
	global_store_b64 v[25:26], v[7:8], off                     // 0000000075DC: EE06C07C 03800000 00000019
	v_lshlrev_b64_e32 v[6:7], 2, v[0:1]                        // 0000000075E8: 3E0C0082
	v_add_nc_u32_e32 v0, 40, v2                                // 0000000075EC: 4A0004A8
	v_add_co_u32 v8, vcc_lo, v3, v11                           // 0000000075F0: D7006A08 02021703
	s_wait_alu depctr_va_vcc(0)                                // 0000000075F8: BF88FF9D
	v_add_co_ci_u32_e64 v9, null, v4, v12, vcc_lo              // 0000000075FC: D5207C09 01AA1904
	s_delay_alu instid0(VALU_DEP_3) | instskip(SKIP_4) | instid1(VALU_DEP_3)// 000000007604: BF8701D3
	v_lshlrev_b64_e32 v[11:12], 2, v[0:1]                      // 000000007608: 3E160082
	v_add_nc_u32_e32 v0, 56, v2                                // 00000000760C: 4A0004B8
	v_add_co_u32 v13, vcc_lo, v3, v6                           // 000000007610: D7006A0D 02020D03
	s_wait_alu depctr_va_vcc(0)                                // 000000007618: BF88FF9D
	v_add_co_ci_u32_e64 v14, null, v4, v7, vcc_lo              // 00000000761C: D5207C0E 01AA0F04
	v_lshlrev_b64_e32 v[6:7], 2, v[0:1]                        // 000000007624: 3E0C0082
	v_add_nc_u32_e32 v0, 0x48, v2                              // 000000007628: 4A0004FF 00000048
	global_store_b64 v[19:20], v[27:28], off                   // 000000007630: EE06C07C 0D800000 00000013
	v_add_co_u32 v19, vcc_lo, v3, v11                          // 00000000763C: D7006A13 02021703
	s_wait_alu depctr_va_vcc(0)                                // 000000007644: BF88FF9D
	v_add_co_ci_u32_e64 v20, null, v4, v12, vcc_lo             // 000000007648: D5207C14 01AA1904
	v_lshlrev_b64_e32 v[11:12], 2, v[0:1]                      // 000000007650: 3E160082
	v_add_nc_u32_e32 v0, 0x58, v2                              // 000000007654: 4A0004FF 00000058
	v_add_co_u32 v25, vcc_lo, v3, v6                           // 00000000765C: D7006A19 02020D03
	s_wait_alu depctr_va_vcc(0)                                // 000000007664: BF88FF9D
	v_add_co_ci_u32_e64 v26, null, v4, v7, vcc_lo              // 000000007668: D5207C1A 01AA0F04
	s_delay_alu instid0(VALU_DEP_3) | instskip(SKIP_4) | instid1(VALU_DEP_3)// 000000007670: BF8701D3
	v_lshlrev_b64_e32 v[6:7], 2, v[0:1]                        // 000000007674: 3E0C0082
	v_add_nc_u32_e32 v0, 0x68, v2                              // 000000007678: 4A0004FF 00000068
	v_add_co_u32 v29, vcc_lo, v3, v11                          // 000000007680: D7006A1D 02021703
	s_wait_alu depctr_va_vcc(0)                                // 000000007688: BF88FF9D
	v_add_co_ci_u32_e64 v30, null, v4, v12, vcc_lo             // 00000000768C: D5207C1E 01AA1904
	v_lshlrev_b64_e32 v[11:12], 2, v[0:1]                      // 000000007694: 3E160082
	v_add_nc_u32_e32 v0, 0x78, v2                              // 000000007698: 4A0004FF 00000078
	v_add_co_u32 v35, vcc_lo, v3, v6                           // 0000000076A0: D7006A23 02020D03
	s_wait_alu depctr_va_vcc(0)                                // 0000000076A8: BF88FF9D
	v_add_co_ci_u32_e64 v36, null, v4, v7, vcc_lo              // 0000000076AC: D5207C24 01AA0F04
	s_delay_alu instid0(VALU_DEP_3) | instskip(SKIP_4) | instid1(VALU_DEP_3)// 0000000076B4: BF8701D3
	v_lshlrev_b64_e32 v[6:7], 2, v[0:1]                        // 0000000076B8: 3E0C0082
	v_add_nc_u32_e32 v0, 0x88, v2                              // 0000000076BC: 4A0004FF 00000088
	v_add_co_u32 v41, vcc_lo, v3, v11                          // 0000000076C4: D7006A29 02021703
	s_wait_alu depctr_va_vcc(0)                                // 0000000076CC: BF88FF9D
	v_add_co_ci_u32_e64 v42, null, v4, v12, vcc_lo             // 0000000076D0: D5207C2A 01AA1904
	v_lshlrev_b64_e32 v[11:12], 2, v[0:1]                      // 0000000076D8: 3E160082
	v_add_nc_u32_e32 v0, 0x98, v2                              // 0000000076DC: 4A0004FF 00000098
	v_add_co_u32 v45, vcc_lo, v3, v6                           // 0000000076E4: D7006A2D 02020D03
	s_wait_alu depctr_va_vcc(0)                                // 0000000076EC: BF88FF9D
	v_add_co_ci_u32_e64 v46, null, v4, v7, vcc_lo              // 0000000076F0: D5207C2E 01AA0F04
	s_delay_alu instid0(VALU_DEP_3) | instskip(SKIP_4) | instid1(VALU_DEP_3)// 0000000076F8: BF8701D3
	v_lshlrev_b64_e32 v[49:50], 2, v[0:1]                      // 0000000076FC: 3E620082
	v_add_nc_u32_e32 v0, 0xa8, v2                              // 000000007700: 4A0004FF 000000A8
	v_add_co_u32 v51, vcc_lo, v3, v11                          // 000000007708: D7006A33 02021703
	s_wait_alu depctr_va_vcc(0)                                // 000000007710: BF88FF9D
	v_add_co_ci_u32_e64 v52, null, v4, v12, vcc_lo             // 000000007714: D5207C34 01AA1904
	v_lshlrev_b64_e32 v[53:54], 2, v[0:1]                      // 00000000771C: 3E6A0082
	v_add_nc_u32_e32 v0, 0xb8, v2                              // 000000007720: 4A0004FF 000000B8
	v_add_co_u32 v49, vcc_lo, v3, v49                          // 000000007728: D7006A31 02026303
	s_wait_alu depctr_va_vcc(0)                                // 000000007730: BF88FF9D
	v_add_co_ci_u32_e64 v50, null, v4, v50, vcc_lo             // 000000007734: D5207C32 01AA6504
	s_delay_alu instid0(VALU_DEP_3)                            // 00000000773C: BF870003
	v_lshlrev_b64_e32 v[57:58], 2, v[0:1]                      // 000000007740: 3E720082
	v_add_nc_u32_e32 v0, 0xc8, v2                              // 000000007744: 4A0004FF 000000C8
	v_add_co_u32 v53, vcc_lo, v3, v53                          // 00000000774C: D7006A35 02026B03
	v_mul_f32_e32 v5, v156, v135                               // 000000007754: 100B0F9C
	s_wait_alu depctr_va_vcc(0)                                // 000000007758: BF88FF9D
	v_add_co_ci_u32_e64 v54, null, v4, v54, vcc_lo             // 00000000775C: D5207C36 01AA6D04
	v_lshlrev_b64_e32 v[59:60], 2, v[0:1]                      // 000000007764: 3E760082
	v_add_nc_u32_e32 v0, 0xd8, v2                              // 000000007768: 4A0004FF 000000D8
	v_add_co_u32 v57, vcc_lo, v3, v57                          // 000000007770: D7006A39 02027303
	v_mul_f32_e32 v6, v156, v136                               // 000000007778: 100D119C
	v_mul_f32_e32 v10, v127, v156                              // 00000000777C: 1015397F
	s_delay_alu instid0(VALU_DEP_4) | instskip(SKIP_4) | instid1(VALU_DEP_3)// 000000007780: BF8701D4
	v_lshlrev_b64_e32 v[61:62], 2, v[0:1]                      // 000000007784: 3E7A0082
	v_dual_mul_f32 v11, v128, v156 :: v_dual_add_nc_u32 v0, 0xe8, v2// 000000007788: C8E13980 0B0004FF 000000E8
	v_mul_f32_e32 v17, v119, v156                              // 000000007794: 10233977
	s_wait_alu depctr_va_vcc(0)                                // 000000007798: BF88FF9D
	v_add_co_ci_u32_e64 v58, null, v4, v58, vcc_lo             // 00000000779C: D5207C3A 01AA7504
	v_lshlrev_b64_e32 v[65:66], 2, v[0:1]                      // 0000000077A4: 3E820082
	v_add_nc_u32_e32 v0, 0xf8, v2                              // 0000000077A8: 4A0004FF 000000F8
	v_add_co_u32 v59, vcc_lo, v3, v59                          // 0000000077B0: D7006A3B 02027703
	v_dual_mul_f32 v18, v120, v156 :: v_dual_mul_f32 v21, v111, v156// 0000000077B8: C8C73978 1215396F
	s_delay_alu instid0(VALU_DEP_3)                            // 0000000077C0: BF870003
	v_lshlrev_b64_e32 v[0:1], 2, v[0:1]                        // 0000000077C4: 3E000082
	v_dual_mul_f32 v22, v112, v156 :: v_dual_mul_f32 v27, v103, v156// 0000000077C8: C8C73970 161B3967
	s_wait_alu depctr_va_vcc(0)                                // 0000000077D0: BF88FF9D
	v_add_co_ci_u32_e64 v60, null, v4, v60, vcc_lo             // 0000000077D4: D5207C3C 01AA7904
	v_add_co_u32 v61, vcc_lo, v3, v61                          // 0000000077DC: D7006A3D 02027B03
	v_dual_mul_f32 v28, v104, v156 :: v_dual_mul_f32 v33, v95, v156// 0000000077E4: C8C73968 1C21395F
	v_mul_f32_e32 v37, v87, v156                               // 0000000077EC: 104B3957
	v_mul_f32_e32 v43, v79, v156                               // 0000000077F0: 1057394F
	v_dual_mul_f32 v7, v71, v156 :: v_dual_mul_f32 v34, v96, v156// 0000000077F4: C8C73947 07233960
	v_mul_f32_e32 v38, v88, v156                               // 0000000077FC: 104D3958
	v_mul_f32_e32 v44, v80, v156                               // 000000007800: 10593950
	s_clause 0x7                                               // 000000007804: BF850007
	global_store_b64 v[8:9], v[5:6], off                       // 000000007808: EE06C07C 02800000 00000008
	global_store_b64 v[13:14], v[10:11], off                   // 000000007814: EE06C07C 05000000 0000000D
	global_store_b64 v[19:20], v[17:18], off                   // 000000007820: EE06C07C 08800000 00000013
	global_store_b64 v[25:26], v[21:22], off                   // 00000000782C: EE06C07C 0A800000 00000019
	global_store_b64 v[29:30], v[27:28], off                   // 000000007838: EE06C07C 0D800000 0000001D
	global_store_b64 v[35:36], v[33:34], off                   // 000000007844: EE06C07C 10800000 00000023
	global_store_b64 v[41:42], v[37:38], off                   // 000000007850: EE06C07C 12800000 00000029
	global_store_b64 v[45:46], v[43:44], off                   // 00000000785C: EE06C07C 15800000 0000002D
	v_mul_f32_e32 v8, v72, v156                                // 000000007868: 10113948
	v_mul_f32_e32 v12, v63, v156                               // 00000000786C: 1019393F
	s_wait_alu depctr_va_vcc(0)                                // 000000007870: BF88FF9D
	v_add_co_ci_u32_e64 v62, null, v4, v62, vcc_lo             // 000000007874: D5207C3E 01AA7D04
	v_add_co_u32 v65, vcc_lo, v3, v65                          // 00000000787C: D7006A41 02028303
	v_mul_f32_e32 v13, v64, v156                               // 000000007884: 101B3940
	v_mul_f32_e32 v56, v56, v156                               // 000000007888: 10713938
	s_wait_alu depctr_va_vcc(0)                                // 00000000788C: BF88FF9D
	v_add_co_ci_u32_e64 v66, null, v4, v66, vcc_lo             // 000000007890: D5207C42 01AA8504
	v_add_co_u32 v0, vcc_lo, v3, v0                            // 000000007898: D7006A00 02020103
	v_mul_f32_e32 v48, v48, v156                               // 0000000078A0: 10613930
	v_mul_f32_e32 v40, v40, v156                               // 0000000078A4: 10513928
	v_mul_f32_e32 v2, v23, v156                                // 0000000078A8: 10053917
	s_wait_alu depctr_va_vcc(0)                                // 0000000078AC: BF88FF9D
	v_add_co_ci_u32_e64 v1, null, v4, v1, vcc_lo               // 0000000078B0: D5207C01 01AA0304
	v_mul_f32_e32 v32, v32, v156                               // 0000000078B8: 10413920
	v_mul_f32_e32 v3, v24, v156                                // 0000000078BC: 10073918
	v_mul_f32_e32 v16, v16, v156                               // 0000000078C0: 10213910
	s_clause 0x7                                               // 0000000078C4: BF850007
	global_store_b64 v[51:52], v[7:8], off                     // 0000000078C8: EE06C07C 03800000 00000033
	global_store_b64 v[49:50], v[12:13], off                   // 0000000078D4: EE06C07C 06000000 00000031
	global_store_b64 v[53:54], v[55:56], off                   // 0000000078E0: EE06C07C 1B800000 00000035
	global_store_b64 v[57:58], v[47:48], off                   // 0000000078EC: EE06C07C 17800000 00000039
	global_store_b64 v[59:60], v[39:40], off                   // 0000000078F8: EE06C07C 13800000 0000003B
	global_store_b64 v[61:62], v[31:32], off                   // 000000007904: EE06C07C 0F800000 0000003D
	global_store_b64 v[65:66], v[2:3], off                     // 000000007910: EE06C07C 01000000 00000041
	global_store_b64 v[0:1], v[15:16], off                     // 00000000791C: EE06C07C 07800000 00000000
	s_nop 0                                                    // 000000007928: BF800000
	s_sendmsg sendmsg(MSG_DEALLOC_VGPRS)                       // 00000000792C: BFB60003
	s_endpgm                                                   // 000000007930: BFB00000
	s_nop 0                                                    // 000000007934: BF800000
	s_nop 0                                                    // 000000007938: BF800000
	s_nop 0                                                    // 00000000793C: BF800000
	s_nop 0                                                    // 000000007940: BF800000
	s_nop 0                                                    // 000000007944: BF800000
	s_nop 0                                                    // 000000007948: BF800000
	s_nop 0                                                    // 00000000794C: BF800000
	s_nop 0                                                    // 000000007950: BF800000
	s_nop 0                                                    // 000000007954: BF800000
	s_nop 0                                                    // 000000007958: BF800000
	s_nop 0                                                    // 00000000795C: BF800000
	s_nop 0                                                    // 000000007960: BF800000
	s_nop 0                                                    // 000000007964: BF800000
	s_nop 0                                                    // 000000007968: BF800000
	s_nop 0                                                    // 00000000796C: BF800000
	s_nop 0                                                    // 000000007970: BF800000
	s_nop 0                                                    // 000000007974: BF800000
	s_nop 0                                                    // 000000007978: BF800000
	s_nop 0                                                    // 00000000797C: BF800000
	s_nop 0                                                    // 000000007980: BF800000
	s_nop 0                                                    // 000000007984: BF800000
	s_nop 0                                                    // 000000007988: BF800000
	s_nop 0                                                    // 00000000798C: BF800000
	s_nop 0                                                    // 000000007990: BF800000
	s_nop 0                                                    // 000000007994: BF800000
	s_nop 0                                                    // 000000007998: BF800000
	s_nop 0                                                    // 00000000799C: BF800000
	s_nop 0                                                    // 0000000079A0: BF800000
	s_nop 0                                                    // 0000000079A4: BF800000
	s_nop 0                                                    // 0000000079A8: BF800000
	s_nop 0                                                    // 0000000079AC: BF800000
	s_nop 0                                                    // 0000000079B0: BF800000
	s_nop 0                                                    // 0000000079B4: BF800000
	s_nop 0                                                    // 0000000079B8: BF800000
	s_nop 0                                                    // 0000000079BC: BF800000
	s_nop 0                                                    // 0000000079C0: BF800000
	s_nop 0                                                    // 0000000079C4: BF800000
	s_nop 0                                                    // 0000000079C8: BF800000
	s_nop 0                                                    // 0000000079CC: BF800000
	s_nop 0                                                    // 0000000079D0: BF800000
	s_nop 0                                                    // 0000000079D4: BF800000
	s_nop 0                                                    // 0000000079D8: BF800000
	s_nop 0                                                    // 0000000079DC: BF800000
	s_nop 0                                                    // 0000000079E0: BF800000
	s_nop 0                                                    // 0000000079E4: BF800000
	s_nop 0                                                    // 0000000079E8: BF800000
	s_nop 0                                                    // 0000000079EC: BF800000
	s_nop 0                                                    // 0000000079F0: BF800000
	s_nop 0                                                    // 0000000079F4: BF800000
	s_nop 0                                                    // 0000000079F8: BF800000
	s_nop 0                                                    // 0000000079FC: BF800000

0000000000007a00 <attention_fp8_e4m3_fa2_gqa_merge_gfx1201>:
	s_load_b128 s[4:7], s[0:1], 0x10                           // 000000007A00: F4004100 F8000010
	s_wait_kmcnt 0x0                                           // 000000007A08: BFC70000
	s_cmp_lg_u32 s5, 24                                        // 000000007A0C: BF079805
	s_cselect_b32 s2, -1, 0                                    // 000000007A10: 980280C1
	s_cmp_lg_u32 s6, 0x100                                     // 000000007A14: BF07FF06 00000100
	s_cselect_b32 s3, -1, 0                                    // 000000007A1C: 980380C1
	s_add_co_i32 s5, s7, -9                                    // 000000007A20: 8105C907
	s_or_b32 s2, s2, s3                                        // 000000007A24: 8C020302
	s_cmp_lt_u32 s5, -8                                        // 000000007A28: BF0AC805
	s_cselect_b32 s3, -1, 0                                    // 000000007A2C: 980380C1
	s_delay_alu instid0(SALU_CYCLE_1) | instskip(NEXT) | instid1(SALU_CYCLE_1)// 000000007A30: BF870499
	s_or_b32 s2, s2, s3                                        // 000000007A34: 8C020302
	s_and_b32 vcc_lo, exec_lo, s2                              // 000000007A38: 8B6A027E
	s_cbranch_vccnz 165                                        // 000000007A3C: BFA400A5 <attention_fp8_e4m3_fa2_gqa_merge_gfx1201+0x2d4>
	v_lshrrev_b32_e32 v1, 5, v0                                // 000000007A40: 32020085
	s_mul_i32 s2, s4, 24                                       // 000000007A44: 96029804
	s_delay_alu instid0(VALU_DEP_1) | instskip(NEXT) | instid1(VALU_DEP_1)// 000000007A48: BF870091
	v_lshl_or_b32 v4, ttmp9, 3, v1                             // 000000007A4C: D6560004 04050675
	v_cmp_gt_i32_e32 vcc_lo, s2, v4                            // 000000007A54: 7C880802
	s_and_saveexec_b32 s2, vcc_lo                              // 000000007A58: BE82206A
	s_cbranch_execz 157                                        // 000000007A5C: BFA5009D <attention_fp8_e4m3_fa2_gqa_merge_gfx1201+0x2d4>
	s_load_b128 s[0:3], s[0:1], 0x0                            // 000000007A60: F4004000 F8000000
	v_mad_co_u64_u32 v[1:2], null, v4, s7, 0                   // 000000007A68: D6FE7C01 02000F04
	v_ashrrev_i32_e32 v5, 31, v4                               // 000000007A70: 340A089F
	s_delay_alu instid0(VALU_DEP_1) | instskip(SKIP_1) | instid1(VALU_DEP_3)// 000000007A74: BF8701A1
	v_mad_co_u64_u32 v[6:7], null, v5, s7, v[2:3]              // 000000007A78: D6FE7C06 04080F05
	s_wait_kmcnt 0x0                                           // 000000007A80: BFC70000
	v_mad_co_u64_u32 v[1:2], null, 0x408, v1, s[0:1]           // 000000007A84: D6FE7C01 000202FF 00000408
	s_mov_b32 s0, s7                                           // 000000007A90: BE800007
	v_mad_co_u64_u32 v[2:3], null, 0x408, v6, v[2:3]           // 000000007A94: D6FE7C02 040A0CFF 00000408
	s_delay_alu instid0(VALU_DEP_1)                            // 000000007AA0: BF870001
	v_dual_mov_b32 v8, 0xff800000 :: v_dual_mov_b32 v7, v2     // 000000007AA4: CA1000FF 08060102 FF800000
	v_mov_b32_e32 v6, v1                                       // 000000007AB0: 7E0C0301
	global_load_b32 v3, v[6:7], off                            // 000000007AB4: EE05007C 00000003 00000006
	v_max_num_f32_e32 v8, v8, v8                               // 000000007AC0: 2C101108
	v_add_co_u32 v6, vcc_lo, 0x408, v6                         // 000000007AC4: D7006A06 02020CFF 00000408
	s_wait_alu depctr_va_vcc(0)                                // 000000007AD0: BF88FF9D
	v_add_co_ci_u32_e64 v7, null, 0, v7, vcc_lo                // 000000007AD4: D5207C07 01AA0E80
	s_wait_alu depctr_sa_sdst(0)                               // 000000007ADC: BF88FF9E
	s_add_co_i32 s0, s0, -1                                    // 000000007AE0: 8100C100
	s_wait_alu depctr_sa_sdst(0)                               // 000000007AE4: BF88FF9E
	s_cmp_eq_u32 s0, 0                                         // 000000007AE8: BF068000
	s_wait_loadcnt 0x0                                         // 000000007AEC: BFC00000
	v_max_num_f32_e32 v3, v3, v3                               // 000000007AF0: 2C060703
	s_delay_alu instid0(VALU_DEP_1)                            // 000000007AF4: BF870001
	v_max_num_f32_e32 v8, v8, v3                               // 000000007AF8: 2C100708
	s_cbranch_scc0 65517                                       // 000000007AFC: BFA1FFED <attention_fp8_e4m3_fa2_gqa_merge_gfx1201+0xb4>
	v_and_b32_e32 v3, 31, v0                                   // 000000007B00: 3606009F
	v_lshlrev_b64_e32 v[5:6], 10, v[4:5]                       // 000000007B04: 3E0A088A
	v_mov_b32_e32 v4, 0                                        // 000000007B08: 7E080280
	s_mov_b32 s1, 0                                            // 000000007B0C: BE810080
	s_delay_alu instid0(VALU_DEP_3) | instskip(NEXT) | instid1(VALU_DEP_3)// 000000007B10: BF870193
	v_lshlrev_b32_e32 v9, 2, v3                                // 000000007B14: 30120682
	v_add_co_u32 v0, vcc_lo, s2, v5                            // 000000007B18: D7006A00 02020A02
	s_wait_alu depctr_va_vcc(0)                                // 000000007B20: BF88FF9D
	v_add_co_ci_u32_e64 v7, null, s3, v6, vcc_lo               // 000000007B24: D5207C07 01AA0C03
	s_delay_alu instid0(VALU_DEP_3)                            // 000000007B2C: BF870003
	v_add_co_u32 v9, s0, v9, 8                                 // 000000007B30: D7000009 02011109
	s_wait_alu depctr_va_sdst(0)                               // 000000007B38: BF88F19F
	v_add_co_ci_u32_e64 v10, null, 0, 0, s0                    // 000000007B3C: D5207C0A 00010080
	s_branch 52                                                // 000000007B44: BFA00034 <attention_fp8_e4m3_fa2_gqa_merge_gfx1201+0x218>
	s_delay_alu instid0(VALU_DEP_1) | instskip(SKIP_1) | instid1(VALU_DEP_2)// 000000007B48: BF870121
	v_div_scale_f32 v5, null, v11, v11, v12                    // 000000007B4C: D6FC7C05 0432170B
	v_div_scale_f32 v14, vcc_lo, v12, v11, v12                 // 000000007B54: D6FC6A0E 0432170C
	v_rcp_f32_e32 v6, v5                                       // 000000007B5C: 7E0C5505
	s_delay_alu instid0(TRANS32_DEP_1) | instskip(NEXT) | instid1(VALU_DEP_1)// 000000007B60: BF870095
	v_fma_f32 v13, -v5, v6, 1.0                                // 000000007B64: D613000D 23CA0D05
	v_fmac_f32_e32 v6, v13, v6                                 // 000000007B6C: 560C0D0D
	s_delay_alu instid0(VALU_DEP_1) | instskip(NEXT) | instid1(VALU_DEP_1)// 000000007B70: BF870091
	v_mul_f32_e32 v13, v14, v6                                 // 000000007B74: 101A0D0E
	v_fma_f32 v15, -v5, v13, v14                               // 000000007B78: D613000F 243A1B05
	s_delay_alu instid0(VALU_DEP_1) | instskip(NEXT) | instid1(VALU_DEP_1)// 000000007B80: BF870091
	v_fmac_f32_e32 v13, v15, v6                                // 000000007B84: 561A0D0F
	v_fma_f32 v5, -v5, v13, v14                                // 000000007B88: D6130005 243A1B05
	v_add_nc_u32_e32 v14, 32, v3                               // 000000007B90: 4A1C06A0
	s_wait_alu depctr_va_vcc(0)                                // 000000007B94: BF88FF9D
	s_delay_alu instid0(VALU_DEP_2) | instskip(SKIP_2) | instid1(VALU_DEP_3)// 000000007B98: BF8701B2
	v_div_fmas_f32 v13, v5, v6, v13                            // 000000007B9C: D637000D 04360D05
	v_lshlrev_b64_e32 v[5:6], 2, v[3:4]                        // 000000007BA4: 3E0A0682
	v_cmp_lt_u32_e32 vcc_lo, 0xdf, v3                          // 000000007BA8: 7C9206FF 000000DF
	v_div_fixup_f32 v3, v13, v11, v12                          // 000000007BB0: D6270003 0432170D
	s_delay_alu instid0(VALU_DEP_3) | instskip(SKIP_1) | instid1(VALU_DEP_4)// 000000007BB8: BF870223
	v_add_co_u32 v5, s0, v0, v5                                // 000000007BBC: D7000005 02020B00
	s_wait_alu depctr_va_sdst(0)                               // 000000007BC4: BF88F19F
	v_add_co_ci_u32_e64 v6, null, v7, v6, s0                   // 000000007BC8: D5207C06 00020D07
	v_cmp_lt_f32_e64 s0, 0, v11                                // 000000007BD0: D4110000 02021680
	s_or_b32 s1, vcc_lo, s1                                    // 000000007BD8: 8C01016A
	v_cndmask_b32_e64 v11, 0, v3, s0                           // 000000007BDC: D501000B 00020680
	v_add_co_u32 v9, s0, 0x80, v9                              // 000000007BE4: D7000009 020212FF 00000080
	s_wait_alu depctr_va_sdst(0)                               // 000000007BF0: BF88F19F
	v_add_co_ci_u32_e64 v10, null, 0, v10, s0                  // 000000007BF4: D5207C0A 00021480
	v_mov_b32_e32 v3, v14                                      // 000000007BFC: 7E06030E
	global_store_b32 v[5:6], v11, off                          // 000000007C00: EE06807C 05800000 00000005
	s_wait_alu depctr_sa_sdst(0)                               // 000000007C0C: BF88FF9E
	s_and_not1_b32 exec_lo, exec_lo, s1                        // 000000007C10: 917E017E
	s_cbranch_execz 47                                         // 000000007C14: BFA5002F <attention_fp8_e4m3_fa2_gqa_merge_gfx1201+0x2d4>
	v_dual_mov_b32 v6, v2 :: v_dual_mov_b32 v5, v1             // 000000007C18: CA100102 06040101
	v_dual_mov_b32 v11, 0 :: v_dual_mov_b32 v12, 0             // 000000007C20: CA100080 0B0C0080
	s_mov_b32 s0, s7                                           // 000000007C28: BE800007
	s_branch 23                                                // 000000007C2C: BFA00017 <attention_fp8_e4m3_fa2_gqa_merge_gfx1201+0x28c>
	s_wait_alu depctr_sa_sdst(0)                               // 000000007C30: BF88FF9E
	s_or_b32 exec_lo, exec_lo, s2                              // 000000007C34: 8C7E027E
	v_add_co_u32 v15, vcc_lo, v5, v9                           // 000000007C38: D7006A0F 02021305
	s_wait_alu depctr_va_vcc(0)                                // 000000007C40: BF88FF9D
	v_add_co_ci_u32_e64 v16, null, v6, v10, vcc_lo             // 000000007C44: D5207C10 01AA1506
	v_add_co_u32 v5, vcc_lo, 0x408, v5                         // 000000007C4C: D7006A05 02020AFF 00000408
	s_wait_alu depctr_va_vcc(0)                                // 000000007C58: BF88FF9D
	v_add_co_ci_u32_e64 v6, null, 0, v6, vcc_lo                // 000000007C5C: D5207C06 01AA0C80
	global_load_b32 v15, v[15:16], off                         // 000000007C64: EE05007C 0000000F 0000000F
	v_fmac_f32_e32 v11, v13, v14                               // 000000007C70: 56161D0D
	s_add_co_i32 s0, s0, -1                                    // 000000007C74: 8100C100
	s_wait_alu depctr_sa_sdst(0)                               // 000000007C78: BF88FF9E
	s_cmp_eq_u32 s0, 0                                         // 000000007C7C: BF068000
	s_wait_loadcnt 0x0                                         // 000000007C80: BFC00000
	v_fmac_f32_e32 v12, v14, v15                               // 000000007C84: 56181F0E
	s_cbranch_scc1 65455                                       // 000000007C88: BFA2FFAF <attention_fp8_e4m3_fa2_gqa_merge_gfx1201+0x148>
	global_load_b32 v13, v[5:6], off offset:4                  // 000000007C8C: EE05007C 0000000D 00000405
	v_mov_b32_e32 v14, 0                                       // 000000007C98: 7E1C0280
	s_mov_b32 s2, exec_lo                                      // 000000007C9C: BE82007E
	s_wait_loadcnt 0x0                                         // 000000007CA0: BFC00000
	v_cmpx_lt_f32_e32 0, v13                                   // 000000007CA4: 7D221A80
	s_cbranch_execz 65505                                      // 000000007CA8: BFA5FFE1 <attention_fp8_e4m3_fa2_gqa_merge_gfx1201+0x230>
	global_load_b32 v14, v[5:6], off                           // 000000007CAC: EE05007C 0000000E 00000005
	s_wait_loadcnt 0x0                                         // 000000007CB8: BFC00000
	v_sub_f32_e32 v14, v14, v8                                 // 000000007CBC: 081C110E
	s_delay_alu instid0(VALU_DEP_1) | instskip(NEXT) | instid1(VALU_DEP_1)// 000000007CC0: BF870091
	v_mul_f32_e32 v14, 0x3fb8aa3b, v14                         // 000000007CC4: 101C1CFF 3FB8AA3B
	v_exp_f32_e32 v14, v14                                     // 000000007CCC: 7E1C4B0E
	s_branch 65495                                             // 000000007CD0: BFA0FFD7 <attention_fp8_e4m3_fa2_gqa_merge_gfx1201+0x230>
	s_endpgm                                                   // 000000007CD4: BFB00000
	s_code_end                                                 // 000000007CD8: BF9F0000
	s_code_end                                                 // 000000007CDC: BF9F0000
	s_code_end                                                 // 000000007CE0: BF9F0000
	s_code_end                                                 // 000000007CE4: BF9F0000
	s_code_end                                                 // 000000007CE8: BF9F0000
	s_code_end                                                 // 000000007CEC: BF9F0000
	s_code_end                                                 // 000000007CF0: BF9F0000
	s_code_end                                                 // 000000007CF4: BF9F0000
	s_code_end                                                 // 000000007CF8: BF9F0000
	s_code_end                                                 // 000000007CFC: BF9F0000
	s_code_end                                                 // 000000007D00: BF9F0000
	s_code_end                                                 // 000000007D04: BF9F0000
	s_code_end                                                 // 000000007D08: BF9F0000
	s_code_end                                                 // 000000007D0C: BF9F0000
	s_code_end                                                 // 000000007D10: BF9F0000
	s_code_end                                                 // 000000007D14: BF9F0000
	s_code_end                                                 // 000000007D18: BF9F0000
	s_code_end                                                 // 000000007D1C: BF9F0000
	s_code_end                                                 // 000000007D20: BF9F0000
	s_code_end                                                 // 000000007D24: BF9F0000
	s_code_end                                                 // 000000007D28: BF9F0000
	s_code_end                                                 // 000000007D2C: BF9F0000
	s_code_end                                                 // 000000007D30: BF9F0000
	s_code_end                                                 // 000000007D34: BF9F0000
	s_code_end                                                 // 000000007D38: BF9F0000
	s_code_end                                                 // 000000007D3C: BF9F0000
	s_code_end                                                 // 000000007D40: BF9F0000
	s_code_end                                                 // 000000007D44: BF9F0000
	s_code_end                                                 // 000000007D48: BF9F0000
	s_code_end                                                 // 000000007D4C: BF9F0000
	s_code_end                                                 // 000000007D50: BF9F0000
	s_code_end                                                 // 000000007D54: BF9F0000
	s_code_end                                                 // 000000007D58: BF9F0000
	s_code_end                                                 // 000000007D5C: BF9F0000
	s_code_end                                                 // 000000007D60: BF9F0000
	s_code_end                                                 // 000000007D64: BF9F0000
	s_code_end                                                 // 000000007D68: BF9F0000
	s_code_end                                                 // 000000007D6C: BF9F0000
	s_code_end                                                 // 000000007D70: BF9F0000
	s_code_end                                                 // 000000007D74: BF9F0000
	s_code_end                                                 // 000000007D78: BF9F0000
	s_code_end                                                 // 000000007D7C: BF9F0000
	s_code_end                                                 // 000000007D80: BF9F0000
	s_code_end                                                 // 000000007D84: BF9F0000
	s_code_end                                                 // 000000007D88: BF9F0000
	s_code_end                                                 // 000000007D8C: BF9F0000
	s_code_end                                                 // 000000007D90: BF9F0000
	s_code_end                                                 // 000000007D94: BF9F0000
	s_code_end                                                 // 000000007D98: BF9F0000
	s_code_end                                                 // 000000007D9C: BF9F0000
	s_code_end                                                 // 000000007DA0: BF9F0000
	s_code_end                                                 // 000000007DA4: BF9F0000
	s_code_end                                                 // 000000007DA8: BF9F0000
	s_code_end                                                 // 000000007DAC: BF9F0000
	s_code_end                                                 // 000000007DB0: BF9F0000
	s_code_end                                                 // 000000007DB4: BF9F0000
	s_code_end                                                 // 000000007DB8: BF9F0000
	s_code_end                                                 // 000000007DBC: BF9F0000
	s_code_end                                                 // 000000007DC0: BF9F0000
	s_code_end                                                 // 000000007DC4: BF9F0000
	s_code_end                                                 // 000000007DC8: BF9F0000
	s_code_end                                                 // 000000007DCC: BF9F0000
	s_code_end                                                 // 000000007DD0: BF9F0000
	s_code_end                                                 // 000000007DD4: BF9F0000
	s_code_end                                                 // 000000007DD8: BF9F0000
	s_code_end                                                 // 000000007DDC: BF9F0000
	s_code_end                                                 // 000000007DE0: BF9F0000
	s_code_end                                                 // 000000007DE4: BF9F0000
	s_code_end                                                 // 000000007DE8: BF9F0000
	s_code_end                                                 // 000000007DEC: BF9F0000
	s_code_end                                                 // 000000007DF0: BF9F0000
	s_code_end                                                 // 000000007DF4: BF9F0000
	s_code_end                                                 // 000000007DF8: BF9F0000
	s_code_end                                                 // 000000007DFC: BF9F0000
	s_code_end                                                 // 000000007E00: BF9F0000
	s_code_end                                                 // 000000007E04: BF9F0000
	s_code_end                                                 // 000000007E08: BF9F0000
	s_code_end                                                 // 000000007E0C: BF9F0000
	s_code_end                                                 // 000000007E10: BF9F0000
	s_code_end                                                 // 000000007E14: BF9F0000
	s_code_end                                                 // 000000007E18: BF9F0000
	s_code_end                                                 // 000000007E1C: BF9F0000
	s_code_end                                                 // 000000007E20: BF9F0000
	s_code_end                                                 // 000000007E24: BF9F0000
	s_code_end                                                 // 000000007E28: BF9F0000
	s_code_end                                                 // 000000007E2C: BF9F0000
	s_code_end                                                 // 000000007E30: BF9F0000
	s_code_end                                                 // 000000007E34: BF9F0000
	s_code_end                                                 // 000000007E38: BF9F0000
	s_code_end                                                 // 000000007E3C: BF9F0000
	s_code_end                                                 // 000000007E40: BF9F0000
	s_code_end                                                 // 000000007E44: BF9F0000
	s_code_end                                                 // 000000007E48: BF9F0000
	s_code_end                                                 // 000000007E4C: BF9F0000
	s_code_end                                                 // 000000007E50: BF9F0000
	s_code_end                                                 // 000000007E54: BF9F0000
	s_code_end                                                 // 000000007E58: BF9F0000
	s_code_end                                                 // 000000007E5C: BF9F0000
	s_code_end                                                 // 000000007E60: BF9F0000
	s_code_end                                                 // 000000007E64: BF9F0000
	s_code_end                                                 // 000000007E68: BF9F0000
	s_code_end                                                 // 000000007E6C: BF9F0000
	s_code_end                                                 // 000000007E70: BF9F0000
	s_code_end                                                 // 000000007E74: BF9F0000
	s_code_end                                                 // 000000007E78: BF9F0000
	s_code_end                                                 // 000000007E7C: BF9F0000
