
/home/kaden/hipfire-redline-mq4p/.redline-work/mq4p-mixed-gu-w64.co:	file format elf64-amdgpu

Disassembly of section .text:

0000000000001e00 <gemv_mixed_moe_gate_up_k8_indexed_batched>:
	s_load_b96 s[8:10], s[0:1], 0x30                           // 000000001E00: F400A200 F8000030
	scratch_store_b32 off, v0, off                             // 000000001E08: ED06807C 00000000 00000000
	s_wait_kmcnt 0x0                                           // 000000001E14: BFC70000
	s_cmp_ge_i32 ttmp9, s8                                     // 000000001E18: BF030875
	s_cbranch_scc1 5285                                        // 000000001E1C: BFA214A5 <gemv_mixed_moe_gate_up_k8_indexed_batched+0x52b4>
	s_load_b256 s[16:23], s[0:1], 0x0                          // 000000001E20: F4006400 F8000000
	s_lshr_b32 s14, ttmp7, 16                                  // 000000001E28: 850E9073
	s_and_b32 s12, ttmp7, 0xffff                               // 000000001E2C: 8B0CFF73 0000FFFF
	s_mul_i32 s2, s10, s14                                     // 000000001E34: 96020E0A
	v_mov_b32_e32 v1, 0                                        // 000000001E38: 7E020280
	s_add_co_i32 s2, s2, s12                                   // 000000001E3C: 81020C02
	s_mov_b32 s15, 0                                           // 000000001E40: BE8F0080
	s_ashr_i32 s3, s2, 31                                      // 000000001E44: 86039F02
	s_delay_alu instid0(SALU_CYCLE_1)                          // 000000001E48: BF870009
	s_lshl_b64 s[2:3], s[2:3], 2                               // 000000001E4C: 84828202
	s_wait_kmcnt 0x0                                           // 000000001E50: BFC70000
	s_add_nc_u64 s[2:3], s[20:21], s[2:3]                      // 000000001E54: A9820214
	s_load_b32 s2, s[2:3], 0x0                                 // 000000001E58: F4000081 F8000000
	s_wait_kmcnt 0x0                                           // 000000001E60: BFC70000
	s_ashr_i32 s3, s2, 31                                      // 000000001E64: 86039F02
	s_delay_alu instid0(SALU_CYCLE_1)                          // 000000001E68: BF870009
	s_add_nc_u64 s[4:5], s[18:19], s[2:3]                      // 000000001E6C: A9840212
	s_lshl_b64 s[2:3], s[2:3], 3                               // 000000001E70: 84828302
	global_load_u8 v1, v1, s[4:5]                              // 000000001E74: EE040004 00000001 00000001
	s_add_nc_u64 s[2:3], s[16:17], s[2:3]                      // 000000001E80: A9820210
	s_ashr_i32 s19, s9, 31                                     // 000000001E84: 86139F09
	s_load_b64 s[20:21], s[2:3], 0x0                           // 000000001E88: F4002501 F8000000
	s_mov_b32 s18, s9                                          // 000000001E90: BE920009
	s_delay_alu instid0(SALU_CYCLE_1) | instskip(NEXT) | instid1(SALU_CYCLE_1)// 000000001E94: BF870499
	s_mul_u64 s[2:3], s[18:19], s[14:15]                       // 000000001E98: AA820E12
	s_lshl_b64 s[2:3], s[2:3], 2                               // 000000001E9C: 84828202
	s_delay_alu instid0(SALU_CYCLE_1) | instskip(SKIP_1) | instid1(SALU_CYCLE_1)// 000000001EA0: BF8704A9
	s_add_nc_u64 s[16:17], s[22:23], s[2:3]                    // 000000001EA4: A9900216
	s_lshr_b32 s2, s19, 24                                     // 000000001EA8: 85029813
	s_add_co_i32 s2, s9, s2                                    // 000000001EAC: 81020209
	s_delay_alu instid0(SALU_CYCLE_1) | instskip(SKIP_3) | instid1(VALU_DEP_2)// 000000001EB0: BF870149
	s_ashr_i32 s18, s2, 8                                      // 000000001EB4: 86128802
	s_wait_loadcnt 0x0                                         // 000000001EB8: BFC00000
	v_and_b32_e32 v2, 0xffff, v1                               // 000000001EBC: 360402FF 0000FFFF
	v_readfirstlane_b32 s11, v1                                // 000000001EC4: 7E160501
	v_cmp_gt_i32_e32 vcc_lo, 3, v2                             // 000000001EC8: 7C880483
	s_cbranch_vccnz 697                                        // 000000001ECC: BFA402B9 <gemv_mixed_moe_gate_up_k8_indexed_batched+0xbb4>
	s_and_b32 s13, 0xffff, s11                                 // 000000001ED0: 8B0D0BFF 0000FFFF
	s_delay_alu instid0(SALU_CYCLE_1)                          // 000000001ED8: BF870009
	s_cmp_lt_i32 s13, 5                                        // 000000001EDC: BF04850D
	s_cbranch_scc1 693                                         // 000000001EE0: BFA202B5 <gemv_mixed_moe_gate_up_k8_indexed_batched+0xbb8>
	s_cmp_lt_i32 s13, 6                                        // 000000001EE4: BF04860D
	s_cbranch_scc1 692                                         // 000000001EE8: BFA202B4 <gemv_mixed_moe_gate_up_k8_indexed_batched+0xbbc>
	v_mov_b32_e32 v11, 0                                       // 000000001EEC: 7E160280
	s_cmp_eq_u32 s13, 6                                        // 000000001EF0: BF06860D
	s_cbranch_scc0 691                                         // 000000001EF4: BFA102B3 <gemv_mixed_moe_gate_up_k8_indexed_batched+0xbc4>
	s_lshr_b32 s3, s19, 27                                     // 000000001EF8: 85039B13
	s_mov_b32 s2, ttmp9                                        // 000000001EFC: BE820075
	s_add_co_i32 s3, s9, s3                                    // 000000001F00: 81030309
	v_mov_b32_e32 v19, 0                                       // 000000001F04: 7E260280
	s_ashr_i32 s3, s3, 5                                       // 000000001F08: 86038503
	s_ashr_i32 s24, s18, 2                                     // 000000001F0C: 86188212
	s_mul_i32 s4, s3, 9                                        // 000000001F10: 96048903
	s_ashr_i32 s3, ttmp9, 31                                   // 000000001F14: 86039F75
	s_ashr_i32 s5, s4, 31                                      // 000000001F18: 86059F04
	s_cmp_lt_i32 s24, 1                                        // 000000001F1C: BF048118
	s_add_nc_u64 s[4:5], s[4:5], 16                            // 000000001F20: A9849004
	s_delay_alu instid0(SALU_CYCLE_1) | instskip(SKIP_2) | instid1(SALU_CYCLE_1)// 000000001F24: BF8704B9
	s_mul_u64 s[2:3], s[4:5], s[2:3]                           // 000000001F28: AA820204
	s_wait_kmcnt 0x0                                           // 000000001F2C: BFC70000
	s_add_nc_u64 s[22:23], s[20:21], s[2:3]                    // 000000001F30: A9960214
	v_mov_b32_e32 v1, s22                                      // 000000001F34: 7E020216
	v_mov_b32_e32 v2, s23                                      // 000000001F38: 7E040217
	flat_load_u16 v0, v[1:2]                                   // 000000001F3C: EC04807C 00000000 00000001
	scratch_load_b32 v3, off, off                              // 000000001F48: ED05007C 00000003 00000000
	s_wait_loadcnt_dscnt 0x100                                 // 000000001F54: BFC80100
	v_cvt_f32_f16_e32 v23, v0                                  // 000000001F58: 7E2E1700
	s_wait_loadcnt 0x0                                         // 000000001F5C: BFC00000
	v_lshlrev_b32_e32 v1, 1, v3                                // 000000001F60: 30020681
	v_lshrrev_b32_e32 v2, 2, v3                                // 000000001F64: 32040682
	s_delay_alu instid0(VALU_DEP_2) | instskip(NEXT) | instid1(VALU_DEP_2)// 000000001F68: BF870112
	v_and_b32_e32 v24, 6, v1                                   // 000000001F6C: 36300286
	v_mul_u32_u24_e32 v25, 9, v2                               // 000000001F70: 16320489
	s_cbranch_scc1 661                                         // 000000001F74: BFA20295 <gemv_mixed_moe_gate_up_k8_indexed_batched+0xbcc>
	s_delay_alu instid0(VALU_DEP_1) | instskip(NEXT) | instid1(VALU_DEP_1)// 000000001F78: BF870091
	v_add_co_u32 v0, s2, s22, v25                              // 000000001F7C: D7000200 00023216
	v_add_co_ci_u32_e64 v1, null, s23, 0, s2                   // 000000001F84: D5207C01 00090017
	v_lshlrev_b32_e32 v13, 3, v3                               // 000000001F8C: 301A0683
	s_delay_alu instid0(VALU_DEP_3) | instskip(NEXT) | instid1(VALU_DEP_1)// 000000001F90: BF870093
	v_add_co_u32 v15, vcc_lo, 0xa0, v0                         // 000000001F94: D7006A0F 000200FF 000000A0
	v_add_co_ci_u32_e64 v16, null, 0, v1, vcc_lo               // 000000001FA0: D5207C10 01AA0280
	v_mov_b32_e32 v20, 0                                       // 000000001FA8: 7E280280
	v_mov_b32_e32 v21, 0                                       // 000000001FAC: 7E2A0280
	v_mov_b32_e32 v22, 0                                       // 000000001FB0: 7E2C0280
	s_branch 491                                               // 000000001FB4: BFA001EB <gemv_mixed_moe_gate_up_k8_indexed_batched+0x964>
	s_wait_alu 0xfffe                                          // 000000001FB8: BF88FFFE
	s_or_b64 exec, exec, s[2:3]                                // 000000001FBC: 8CFE027E
	v_add_co_u32 v9, vcc_lo, v15, v24                          // 000000001FC0: D7006A09 0002310F
	s_wait_alu 0xfffd                                          // 000000001FC8: BF88FFFD
	v_add_co_ci_u32_e64 v10, null, 0, v16, vcc_lo              // 000000001FCC: D5207C0A 01AA2080
	v_ashrrev_i32_e32 v14, 31, v13                             // 000000001FD4: 341C1A9F
	v_mul_f32_e32 v37, v28, v23                                // 000000001FD8: 104A2F1C
	v_mul_f32_e32 v27, v27, v23                                // 000000001FDC: 10362F1B
	flat_load_u16 v30, v[9:10] offset:-143                     // 000000001FE0: EC04807C 0000001E FFFF7109
	s_add_co_i32 s24, s24, -1                                  // 000000001FEC: 8118C118
	v_lshlrev_b64_e32 v[1:2], 2, v[13:14]                      // 000000001FF0: 3E021A82
	v_add_nc_u32_e32 v13, 0x400, v13                           // 000000001FF4: 4A1A1AFF 00000400
	s_cmp_eq_u32 s24, 0                                        // 000000001FFC: BF068018
	s_delay_alu instid0(VALU_DEP_2) | instskip(SKIP_1) | instid1(VALU_DEP_3)// 000000002000: BF8701A2
	v_add_co_u32 v17, vcc_lo, s16, v1                          // 000000002004: D7006A11 00020210
	s_wait_alu 0xfffd                                          // 00000000200C: BF88FFFD
	v_add_co_ci_u32_e64 v18, null, s17, v2, vcc_lo             // 000000002010: D5207C12 01AA0411
	global_load_b128 v[1:4], v[17:18], off                     // 000000002018: EE05C07C 00000001 00000011
	s_clause 0x1                                               // 000000002024: BF850001
	flat_load_u16 v32, v[9:10] offset:-71                      // 000000002028: EC04807C 00000020 FFFFB909
	flat_load_u16 v31, v[9:10] offset:1                        // 000000002034: EC04807C 0000001F 00000109
	global_load_b128 v[5:8], v[17:18], off offset:1024         // 000000002040: EE05C07C 00000005 00040011
	flat_load_u16 v33, v[9:10] offset:73                       // 00000000204C: EC04807C 00000021 00004909
	global_load_b128 v[9:12], v[17:18], off offset:2048        // 000000002058: EE05C07C 00000009 00080011
	s_wait_loadcnt_dscnt 0x603                                 // 000000002064: BFC80603
	v_and_b32_e32 v0, 0xff, v30                                // 000000002068: 36003CFF 000000FF
	v_lshrrev_b16 v14, 8, v30                                  // 000000002070: D739000E 00023C88
	v_and_b32_e32 v35, 3, v30                                  // 000000002078: 36463C83
	s_delay_alu instid0(VALU_DEP_3) | instskip(NEXT) | instid1(VALU_DEP_3)// 00000000207C: BF870193
	v_bfe_u32 v36, v0, 2, 2                                    // 000000002080: D6100024 02090500
	v_and_b32_e32 v34, 0xffff, v14                             // 000000002088: 36441CFF 0000FFFF
	s_delay_alu instid0(VALU_DEP_3) | instskip(SKIP_1) | instid1(VALU_DEP_4)// 000000002090: BF870223
	v_add_nc_u32_e32 v14, -2, v35                              // 000000002094: 4A1C46C2
	v_bfe_u32 v38, v0, 4, 2                                    // 000000002098: D6100026 02090900
	v_add_nc_u32_e32 v36, -2, v36                              // 0000000020A0: 4A4848C2
	s_delay_alu instid0(VALU_DEP_4) | instskip(NEXT) | instid1(VALU_DEP_4)// 0000000020A4: BF870214
	v_lshl_or_b32 v28, v34, 8, v0                              // 0000000020A8: D656001C 04011122
	v_cvt_f32_i32_e32 v0, v14                                  // 0000000020B0: 7E000B0E
	v_ashrrev_i16 v14, 8, v30                                  // 0000000020B4: D73A000E 00023C88
	v_add_nc_u32_e32 v38, -2, v38                              // 0000000020BC: 4A4C4CC2
	v_cvt_f32_i32_e32 v36, v36                                 // 0000000020C0: 7E480B24
	v_bfe_u32 v39, v28, 6, 2                                   // 0000000020C4: D6100027 02090D1C
	v_add_f32_e32 v40, 0.5, v0                                 // 0000000020CC: 065000F0
	v_cmp_lt_i16_e32 vcc_lo, -1, v14                           // 0000000020D0: 7C621CC1
	v_mul_f32_e32 v14, 0x40733333, v37                         // 0000000020D4: 101C4AFF 40733333
	v_add_f32_e32 v41, 0.5, v36                                // 0000000020DC: 065248F0
	v_cvt_f32_i32_e32 v37, v38                                 // 0000000020E0: 7E4A0B26
	v_add_nc_u32_e32 v38, -2, v39                              // 0000000020E4: 4A4C4EC2
	s_wait_alu 0xfffd                                          // 0000000020E8: BF88FFFD
	v_cndmask_b32_e32 v0, v40, v0, vcc_lo                      // 0000000020EC: 02000128
	s_wait_loadcnt_dscnt 0x301                                 // 0000000020F0: BFC80301
	v_ashrrev_i16 v40, 8, v31                                  // 0000000020F4: D73A0028 00023E88
	v_cndmask_b32_e32 v36, v41, v36, vcc_lo                    // 0000000020FC: 02484929
	v_add_f32_e32 v39, 0.5, v37                                // 000000002100: 064E4AF0
	v_cvt_f32_i32_e32 v38, v38                                 // 000000002104: 7E4C0B26
	v_mul_f32_e32 v0, v14, v0                                  // 000000002108: 1000010E
	v_and_b32_e32 v41, 0xff, v31                               // 00000000210C: 36523EFF 000000FF
	v_mul_f32_e32 v36, v14, v36                                // 000000002114: 1048490E
	v_cndmask_b32_e32 v37, v39, v37, vcc_lo                    // 000000002118: 024A4B27
	v_add_f32_e32 v39, 0.5, v38                                // 00000000211C: 064E4CF0
	v_cmp_lt_i16_e64 s4, -1, v40                               // 000000002120: D4310004 000250C1
	v_bfe_u32 v40, v41, 2, 2                                   // 000000002128: D6100028 02090529
	v_mul_f32_e32 v2, v36, v2                                  // 000000002130: 10040524
	v_mul_f32_e32 v36, v14, v37                                // 000000002134: 10484B0E
	v_cndmask_b32_e32 v37, v39, v38, vcc_lo                    // 000000002138: 024A4D27
	v_and_b32_e32 v38, 3, v32                                  // 00000000213C: 364C4083
	v_lshrrev_b32_e32 v28, 6, v28                              // 000000002140: 32383886
	v_fmac_f32_e32 v2, v0, v1                                  // 000000002144: 56040300
	v_lshrrev_b16 v1, 8, v32                                   // 000000002148: D7390001 00024088
	v_mul_f32_e32 v39, v14, v37                                // 000000002150: 104E4B0E
	v_and_b32_e32 v37, 3, v31                                  // 000000002154: 364A3E83
	v_ashrrev_i16 v0, 8, v32                                   // 000000002158: D73A0000 00024088
	v_fmac_f32_e32 v2, v36, v3                                 // 000000002160: 56040724
	v_and_b32_e32 v3, 0xff, v32                                // 000000002164: 360640FF 000000FF
	v_add_nc_u32_e32 v36, -2, v38                              // 00000000216C: 4A484CC2
	s_delay_alu instid0(VALU_DEP_4) | instskip(NEXT) | instid1(VALU_DEP_4)// 000000002170: BF870214
	v_cmp_lt_i16_e64 s2, -1, v0                                // 000000002174: D4310002 000200C1
	v_fmac_f32_e32 v2, v39, v4                                 // 00000000217C: 56040927
	v_add_nc_u32_e32 v4, -2, v37                               // 000000002180: 4A084AC2
	v_bfe_u32 v39, v3, 2, 2                                    // 000000002184: D6100027 02090503
	v_cvt_f32_i32_e32 v42, v36                                 // 00000000218C: 7E540B24
	v_and_b32_e32 v36, 0xffff, v1                              // 000000002190: 364802FF 0000FFFF
	s_delay_alu instid0(VALU_DEP_4) | instskip(SKIP_3) | instid1(VALU_DEP_4)// 000000002198: BF870244
	v_cvt_f32_i32_e32 v1, v4                                   // 00000000219C: 7E020B04
	v_bfe_u32 v4, v3, 4, 2                                     // 0000000021A0: D6100004 02090903
	v_add_nc_u32_e32 v39, -2, v39                              // 0000000021A8: 4A4E4EC2
	v_add_f32_e32 v43, 0.5, v42                                // 0000000021AC: 065654F0
	v_add_f32_e32 v0, 0.5, v1                                  // 0000000021B0: 060002F0
	s_delay_alu instid0(VALU_DEP_4) | instskip(NEXT) | instid1(VALU_DEP_4)// 0000000021B4: BF870214
	v_add_nc_u32_e32 v4, -2, v4                                // 0000000021B8: 4A0808C2
	v_cvt_f32_i32_e32 v44, v39                                 // 0000000021BC: 7E580B27
	v_lshl_or_b32 v39, v36, 8, v3                              // 0000000021C0: D6560027 040D1124
	v_add_nc_u32_e32 v3, -2, v40                               // 0000000021C8: 4A0650C2
	s_wait_alu 0xf1ff                                          // 0000000021CC: BF88F1FF
	v_cndmask_b32_e64 v0, v0, v1, s4                           // 0000000021D0: D5010000 00120300
	v_cvt_f32_i32_e32 v4, v4                                   // 0000000021D8: 7E080B04
	v_cndmask_b32_e64 v40, v43, v42, s2                        // 0000000021DC: D5010028 000A552B
	v_bfe_u32 v1, v39, 6, 2                                    // 0000000021E4: D6100001 02090D27
	v_add_f32_e32 v42, 0.5, v44                                // 0000000021EC: 065458F0
	v_cvt_f32_i32_e32 v3, v3                                   // 0000000021F0: 7E060B03
	v_add_f32_e32 v43, 0.5, v4                                 // 0000000021F4: 065608F0
	v_lshrrev_b32_e32 v39, 6, v39                              // 0000000021F8: 324E4E86
	v_add_nc_u32_e32 v1, -2, v1                                // 0000000021FC: 4A0202C2
	v_cndmask_b32_e64 v42, v42, v44, s2                        // 000000002200: D501002A 000A592A
	v_add_f32_e32 v44, 0.5, v3                                 // 000000002208: 065806F0
	v_cndmask_b32_e64 v43, v43, v4, s2                         // 00000000220C: D501002B 000A092B
	v_mul_f32_e32 v4, 0x40733333, v27                          // 000000002214: 100836FF 40733333
	v_cvt_f32_i32_e32 v1, v1                                   // 00000000221C: 7E020B01
	s_delay_alu instid0(VALU_DEP_4) | instskip(NEXT) | instid1(VALU_DEP_3)// 000000002220: BF870194
	v_cndmask_b32_e64 v3, v44, v3, s4                          // 000000002224: D5010003 0012072C
	v_mul_f32_e32 v42, v4, v42                                 // 00000000222C: 10545504
	s_delay_alu instid0(VALU_DEP_3) | instskip(SKIP_1) | instid1(VALU_DEP_2)// 000000002230: BF870123
	v_add_f32_e32 v27, 0.5, v1                                 // 000000002234: 063602F0
	v_mul_f32_e32 v40, v4, v40                                 // 000000002238: 10505104
	v_cndmask_b32_e64 v44, v27, v1, s2                         // 00000000223C: D501002C 000A031B
	v_lshrrev_b16 v27, 8, v31                                  // 000000002244: D739001B 00023E88
	s_wait_loadcnt 0x2                                         // 00000000224C: BFC00002
	v_mul_f32_e32 v1, v42, v6                                  // 000000002250: 10020D2A
	v_mul_f32_e32 v6, v4, v43                                  // 000000002254: 100C5704
	s_delay_alu instid0(VALU_DEP_3) | instskip(NEXT) | instid1(VALU_DEP_3)// 000000002258: BF870193
	v_and_b32_e32 v27, 0xffff, v27                             // 00000000225C: 363636FF 0000FFFF
	v_fmac_f32_e32 v1, v40, v5                                 // 000000002264: 56020B28
	v_bfe_u32 v5, v41, 4, 2                                    // 000000002268: D6100005 02090929
	s_delay_alu instid0(VALU_DEP_3) | instskip(NEXT) | instid1(VALU_DEP_3)// 000000002270: BF870193
	v_lshl_or_b32 v40, v27, 8, v41                             // 000000002274: D6560028 04A5111B
	v_fmac_f32_e32 v1, v6, v7                                  // 00000000227C: 56020F06
	s_delay_alu instid0(VALU_DEP_3)                            // 000000002280: BF870003
	v_add_nc_u32_e32 v5, -2, v5                                // 000000002284: 4A0A0AC2
	v_mul_f32_e32 v7, v29, v23                                 // 000000002288: 100E2F1D
	v_mul_f32_e32 v29, v4, v44                                 // 00000000228C: 103A5904
	v_bfe_u32 v6, v40, 6, 2                                    // 000000002290: D6100006 02090D28
	v_lshrrev_b32_e32 v44, 2, v34                              // 000000002298: 32584482
	v_cvt_f32_i32_e32 v41, v5                                  // 00000000229C: 7E520B05
	v_mul_f32_e32 v5, 0x40733333, v7                           // 0000000022A0: 100A0EFF 40733333
	v_fmac_f32_e32 v1, v29, v8                                 // 0000000022A8: 5602111D
	v_add_nc_u32_e32 v6, -2, v6                                // 0000000022AC: 4A0C0CC2
	s_wait_loadcnt_dscnt 0x100                                 // 0000000022B0: BFC80100
	v_ashrrev_i16 v8, 8, v33                                   // 0000000022B4: D73A0008 00024288
	v_add_f32_e32 v7, 0.5, v41                                 // 0000000022BC: 060E52F0
	v_mul_f32_e32 v3, v5, v3                                   // 0000000022C0: 10060705
	v_mul_f32_e32 v0, v5, v0                                   // 0000000022C4: 10000105
	v_cvt_f32_i32_e32 v6, v6                                   // 0000000022C8: 7E0C0B06
	v_cmp_lt_i16_e64 s6, -1, v8                                // 0000000022CC: D4310006 000210C1
	v_cndmask_b32_e64 v7, v7, v41, s4                          // 0000000022D4: D5010007 00125307
	s_wait_loadcnt 0x0                                         // 0000000022DC: BFC00000
	v_mul_f32_e32 v3, v3, v10                                  // 0000000022E0: 10061503
	v_lshrrev_b16 v10, 8, v33                                  // 0000000022E4: D739000A 00024288
	v_add_f32_e32 v29, 0.5, v6                                 // 0000000022EC: 063A0CF0
	v_and_b32_e32 v41, 0xff, v33                               // 0000000022F0: 365242FF 000000FF
	v_mul_f32_e32 v7, v5, v7                                   // 0000000022F8: 100E0F05
	v_fmac_f32_e32 v3, v0, v9                                  // 0000000022FC: 56061300
	v_bfe_u32 v9, v30, 4, 4                                    // 000000002300: D6100009 0211091E
	v_cndmask_b32_e64 v6, v29, v6, s4                          // 000000002308: D5010006 00120D1D
	v_bfe_u32 v0, v30, 2, 6                                    // 000000002310: D6100000 0219051E
	v_bfe_u32 v29, v32, 2, 6                                   // 000000002318: D610001D 02190520
	v_fmac_f32_e32 v3, v7, v11                                 // 000000002320: 56061707
	v_bfe_u32 v11, v32, 4, 4                                   // 000000002324: D610000B 02110920
	v_mul_f32_e32 v6, v5, v6                                   // 00000000232C: 100C0D05
	v_bfe_u32 v30, v31, 2, 6                                   // 000000002330: D610001E 0219051F
	v_bfe_u32 v31, v31, 4, 4                                   // 000000002338: D610001F 0211091F
	v_add3_u32 v9, v35, v34, v9                                // 000000002340: D6550009 04264523
	v_lshrrev_b32_e32 v35, 2, v36                              // 000000002348: 32464882
	v_add3_u32 v11, v38, v36, v11                              // 00000000234C: D655000B 042E4926
	v_and_b32_e32 v32, 3, v33                                  // 000000002354: 36404283
	v_fmac_f32_e32 v3, v6, v12                                 // 000000002358: 56061906
	v_bfe_u32 v12, v33, 2, 6                                   // 00000000235C: D610000C 02190521
	v_bfe_u32 v33, v33, 4, 4                                   // 000000002364: D6100021 02110921
	v_and_b32_e32 v6, 0xffff, v10                              // 00000000236C: 360C14FF 0000FFFF
	v_add3_u32 v11, v11, v29, v35                              // 000000002374: D655000B 048E3B0B
	v_lshrrev_b32_e32 v35, 2, v27                              // 00000000237C: 32463682
	v_add3_u32 v31, v37, v27, v31                              // 000000002380: D655001F 047E3725
	v_bfe_u32 v10, v41, 2, 2                                   // 000000002388: D610000A 02090529
	v_add_nc_u32_e32 v43, -2, v32                              // 000000002390: 4A5640C2
	v_lshl_or_b32 v7, v6, 8, v41                               // 000000002394: D6560007 04A51106
	v_add3_u32 v0, v9, v0, v44                                 // 00000000239C: D6550000 04B20109
	v_lshrrev_b32_e32 v9, 4, v34                               // 0000000023A4: 32124484
	v_add3_u32 v32, v32, v6, v33                               // 0000000023A8: D6550020 04860D20
	v_lshrrev_b32_e32 v33, 2, v6                               // 0000000023B0: 32420C82
	v_add3_u32 v30, v31, v30, v35                              // 0000000023B4: D655001E 048E3D1F
	v_lshrrev_b32_e32 v35, 4, v36                              // 0000000023BC: 32464884
	v_bfe_u32 v42, v41, 4, 2                                   // 0000000023C0: D610002A 02090929
	v_add3_u32 v0, v0, v9, v28                                 // 0000000023C8: D6550000 04721300
	v_add3_u32 v12, v32, v12, v33                              // 0000000023D0: D655000C 04861920
	v_lshrrev_b32_e32 v9, 4, v27                               // 0000000023D8: 32123684
	v_lshrrev_b32_e32 v28, 6, v40                              // 0000000023DC: 32385086
	v_add3_u32 v11, v11, v35, v39                              // 0000000023E0: D655000B 049E470B
	v_lshrrev_b32_e32 v35, 4, v6                               // 0000000023E8: 32460C84
	v_lshrrev_b32_e32 v39, 6, v7                               // 0000000023EC: 324E0E86
	v_add_nc_u32_e32 v10, -2, v10                              // 0000000023F0: 4A1414C2
	v_and_b32_e32 v38, 3, v34                                  // 0000000023F4: 364C4483
	v_add3_u32 v28, v30, v9, v28                               // 0000000023F8: D655001C 0472131E
	v_bfe_u32 v41, v34, 2, 2                                   // 000000002400: D6100029 02090522
	v_add3_u32 v9, v12, v35, v39                               // 000000002408: D6550009 049E470C
	v_add_nc_u32_e32 v39, -2, v42                              // 000000002410: 4A4E54C2
	v_cvt_f32_i32_e32 v10, v10                                 // 000000002414: 7E140B0A
	v_add_nc_u32_e32 v38, -2, v38                              // 000000002418: 4A4C4CC2
	v_bfe_u32 v29, v34, 4, 2                                   // 00000000241C: D610001D 02090922
	v_add_nc_u32_e32 v41, -2, v41                              // 000000002424: 4A5252C2
	v_cvt_f32_i32_e32 v39, v39                                 // 000000002428: 7E4E0B27
	v_add_f32_e32 v42, 0.5, v10                                // 00000000242C: 065414F0
	v_cvt_f32_i32_e32 v38, v38                                 // 000000002430: 7E4C0B26
	v_and_b32_e32 v37, 3, v36                                  // 000000002434: 364A4883
	v_add_nc_u32_e32 v29, -2, v29                              // 000000002438: 4A3A3AC2
	v_cvt_f32_i32_e32 v41, v41                                 // 00000000243C: 7E520B29
	s_wait_alu 0xf1ff                                          // 000000002440: BF88F1FF
	v_cndmask_b32_e64 v10, v42, v10, s6                        // 000000002444: D501000A 001A152A
	v_add_f32_e32 v42, 0.5, v39                                // 00000000244C: 06544EF0
	v_bfe_u32 v31, v36, 2, 2                                   // 000000002450: D610001F 02090524
	v_bfe_u32 v32, v36, 4, 2                                   // 000000002458: D6100020 02090924
	v_add_nc_u32_e32 v37, -2, v37                              // 000000002460: 4A4A4AC2
	v_cvt_f32_i32_e32 v29, v29                                 // 000000002464: 7E3A0B1D
	v_cndmask_b32_e64 v39, v42, v39, s6                        // 000000002468: D5010027 001A4F2A
	v_add_f32_e32 v42, 0.5, v38                                // 000000002470: 06544CF0
	v_lshrrev_b32_e32 v33, 5, v36                              // 000000002474: 32424885
	v_and_b32_e32 v36, 3, v27                                  // 000000002478: 36483683
	v_bfe_u32 v40, v27, 2, 2                                   // 00000000247C: D6100028 0209051B
	v_bfe_u32 v30, v27, 4, 2                                   // 000000002484: D610001E 0209091B
	v_cndmask_b32_e32 v38, v42, v38, vcc_lo                    // 00000000248C: 024C4D2A
	v_add_f32_e32 v42, 0.5, v41                                // 000000002490: 065452F0
	v_cvt_f32_i32_e32 v43, v43                                 // 000000002494: 7E560B2B
	v_add_nc_u32_e32 v31, -2, v31                              // 000000002498: 4A3E3EC2
	v_add_nc_u32_e32 v32, -2, v32                              // 00000000249C: 4A4040C2
	v_cvt_f32_i32_e32 v37, v37                                 // 0000000024A0: 7E4A0B25
	v_cndmask_b32_e32 v41, v42, v41, vcc_lo                    // 0000000024A4: 0252532A
	v_add_f32_e32 v42, 0.5, v29                                // 0000000024A8: 06543AF0
	v_lshrrev_b32_e32 v34, 5, v34                              // 0000000024AC: 32444485
	v_and_b32_e32 v44, 3, v6                                   // 0000000024B0: 36580C83
	v_bfe_u32 v12, v6, 2, 2                                    // 0000000024B4: D610000C 02090506
	v_add_f32_e32 v35, 0.5, v43                                // 0000000024BC: 064656F0
	v_bfe_u32 v8, v6, 4, 2                                     // 0000000024C0: D6100008 02090906
	v_add_nc_u32_e32 v36, -2, v36                              // 0000000024C8: 4A4848C2
	v_add_nc_u32_e32 v40, -2, v40                              // 0000000024CC: 4A5050C2
	v_add_nc_u32_e32 v30, -2, v30                              // 0000000024D0: 4A3C3CC2
	v_cvt_f32_i32_e32 v31, v31                                 // 0000000024D4: 7E3E0B1F
	v_cvt_f32_i32_e32 v32, v32                                 // 0000000024D8: 7E400B20
	v_and_b32_e32 v0, 1, v0                                    // 0000000024DC: 36000081
	v_cndmask_b32_e32 v42, v42, v29, vcc_lo                    // 0000000024E0: 02543B2A
	v_add_f32_e32 v29, 0.5, v37                                // 0000000024E4: 063A4AF0
	v_cndmask_b32_e64 v35, v35, v43, s6                        // 0000000024E8: D5010023 001A5723
	v_add_nc_u32_e32 v43, -2, v44                              // 0000000024F0: 4A5658C2
	v_add_nc_u32_e32 v12, -2, v12                              // 0000000024F4: 4A1818C2
	v_add_nc_u32_e32 v8, -2, v8                                // 0000000024F8: 4A1010C2
	v_cvt_f32_i32_e32 v36, v36                                 // 0000000024FC: 7E480B24
	v_cvt_f32_i32_e32 v40, v40                                 // 000000002500: 7E500B28
	v_cvt_f32_i32_e32 v30, v30                                 // 000000002504: 7E3C0B1E
	v_and_or_b32 v0, v34, 2, v0                                // 000000002508: D6570000 04010522
	v_add_f32_e32 v34, 0.5, v31                                // 000000002510: 06443EF0
	v_cndmask_b32_e64 v37, v29, v37, s2                        // 000000002514: D5010025 000A4B1D
	v_add_f32_e32 v29, 0.5, v32                                // 00000000251C: 063A40F0
	v_and_b32_e32 v11, 1, v11                                  // 000000002520: 36161681
	v_cvt_f32_i32_e32 v43, v43                                 // 000000002524: 7E560B2B
	v_cvt_f32_i32_e32 v12, v12                                 // 000000002528: 7E180B0C
	v_cvt_f32_i32_e32 v8, v8                                   // 00000000252C: 7E100B08
	v_cndmask_b32_e64 v31, v34, v31, s2                        // 000000002530: D501001F 000A3F22
	v_add_f32_e32 v34, 0.5, v36                                // 000000002538: 064448F0
	v_cndmask_b32_e64 v32, v29, v32, s2                        // 00000000253C: D5010020 000A411D
	v_add_f32_e32 v29, 0.5, v40                                // 000000002544: 063A50F0
	v_and_or_b32 v11, v33, 2, v11                              // 000000002548: D657000B 042D0521
	v_add_f32_e32 v33, 0.5, v30                                // 000000002550: 06423CF0
	v_lshrrev_b32_e32 v27, 5, v27                              // 000000002554: 32363685
	v_and_b32_e32 v28, 1, v28                                  // 000000002558: 36383881
	v_cndmask_b32_e64 v34, v34, v36, s4                        // 00000000255C: D5010022 00124922
	v_add_f32_e32 v36, 0.5, v43                                // 000000002564: 064856F0
	v_cndmask_b32_e64 v40, v29, v40, s4                        // 000000002568: D5010028 0012511D
	v_add_f32_e32 v29, 0.5, v12                                // 000000002570: 063A18F0
	v_cndmask_b32_e64 v44, v33, v30, s4                        // 000000002574: D501002C 00123D21
	v_add_f32_e32 v30, 0.5, v8                                 // 00000000257C: 063C10F0
	v_and_or_b32 v33, v27, 2, v28                              // 000000002580: D6570021 0471051B
	v_cndmask_b32_e64 v36, v36, v43, s6                        // 000000002588: D5010024 001A5724
	v_cndmask_b32_e64 v12, v29, v12, s6                        // 000000002590: D501000C 001A191D
	v_bfe_u32 v7, v7, 6, 2                                     // 000000002598: D6100007 02090D07
	v_cndmask_b32_e64 v43, v30, v8, s6                         // 0000000025A0: D501002B 001A111E
	global_load_b128 v[27:30], v[17:18], off offset:3072       // 0000000025A8: EE05C07C 0000001B 000C0011
	v_mul_f32_e32 v8, v26, v23                                 // 0000000025B4: 10102F1A
	v_lshrrev_b32_e32 v6, 5, v6                                // 0000000025B8: 320C0C85
	v_add_nc_u32_e32 v7, -2, v7                                // 0000000025BC: 4A0E0EC2
	v_add_nc_u32_e32 v0, -2, v0                                // 0000000025C0: 4A0000C2
	v_add_nc_u32_e32 v11, -2, v11                              // 0000000025C4: 4A1616C2
	v_mul_f32_e32 v45, 0x40733333, v8                          // 0000000025C8: 105A10FF 40733333
	v_and_b32_e32 v8, 1, v9                                    // 0000000025D0: 36101281
	v_cvt_f32_i32_e32 v7, v7                                   // 0000000025D4: 7E0E0B07
	v_cvt_f32_i32_e32 v0, v0                                   // 0000000025D8: 7E000B00
	v_cvt_f32_i32_e32 v11, v11                                 // 0000000025DC: 7E160B0B
	v_mul_f32_e32 v10, v45, v10                                // 0000000025E0: 1014152D
	v_mul_f32_e32 v9, v45, v35                                 // 0000000025E4: 1012472D
	v_and_or_b32 v6, v6, 2, v8                                 // 0000000025E8: D6570006 04210506
	v_add_f32_e32 v8, 0.5, v7                                  // 0000000025F0: 06100EF0
	v_mul_f32_e32 v26, v45, v39                                // 0000000025F4: 10344F2D
	v_mul_f32_e32 v47, v4, v32                                 // 0000000025F8: 105E4104
	v_mul_f32_e32 v12, v45, v12                                // 0000000025FC: 1018192D
	v_add_nc_u32_e32 v6, -2, v6                                // 000000002600: 4A0C0CC2
	v_cndmask_b32_e64 v7, v8, v7, s6                           // 000000002604: D5010007 001A0F08
	s_delay_alu instid0(VALU_DEP_1) | instskip(SKIP_3) | instid1(VALU_DEP_2)// 00000000260C: BF870141
	v_mul_f32_e32 v7, v45, v7                                  // 000000002610: 100E0F2D
	s_wait_loadcnt 0x0                                         // 000000002614: BFC00000
	v_mul_f32_e32 v10, v10, v28                                // 000000002618: 1014390A
	v_add_nc_u32_e32 v28, -2, v33                              // 00000000261C: 4A3842C2
	v_fmac_f32_e32 v10, v9, v27                                // 000000002620: 56143709
	s_delay_alu instid0(VALU_DEP_2) | instskip(SKIP_1) | instid1(VALU_DEP_3)// 000000002624: BF8701A2
	v_cvt_f32_i32_e32 v27, v28                                 // 000000002628: 7E360B1C
	v_add_f32_e32 v28, 0.5, v0                                 // 00000000262C: 063800F0
	v_fmac_f32_e32 v10, v26, v29                               // 000000002630: 56143B1A
	v_cvt_f32_i32_e32 v26, v6                                  // 000000002634: 7E340B06
	v_add_f32_e32 v29, 0.5, v11                                // 000000002638: 063A16F0
	v_add_f32_e32 v33, 0.5, v27                                // 00000000263C: 064236F0
	v_cndmask_b32_e32 v0, v28, v0, vcc_lo                      // 000000002640: 0200011C
	v_fmac_f32_e32 v10, v7, v30                                // 000000002644: 56143D07
	v_add_f32_e32 v30, 0.5, v26                                // 000000002648: 063C34F0
	global_load_b128 v[6:9], v[17:18], off offset:16           // 00000000264C: EE05C07C 00000006 00001011
	v_cndmask_b32_e64 v11, v29, v11, s2                        // 000000002658: D501000B 000A171D
	v_cndmask_b32_e64 v39, v33, v27, s4                        // 000000002660: D5010027 00123721
	v_mul_f32_e32 v33, v4, v37                                 // 000000002668: 10424B04
	v_cndmask_b32_e64 v46, v30, v26, s6                        // 00000000266C: D501002E 001A351E
	global_load_b128 v[26:29], v[17:18], off offset:1040       // 000000002674: EE05C07C 0000001A 00041011
	v_mul_f32_e32 v30, v14, v38                                // 000000002680: 103C4D0E
	v_mul_f32_e32 v38, v14, v41                                // 000000002684: 104C530E
	v_mul_f32_e32 v41, v14, v42                                // 000000002688: 1052550E
	v_mul_f32_e32 v42, v4, v31                                 // 00000000268C: 10543F04
	v_mul_f32_e32 v4, v4, v11                                  // 000000002690: 10081704
	v_mul_f32_e32 v11, v45, v36                                // 000000002694: 1016492D
	v_mul_f32_e32 v0, v14, v0                                  // 000000002698: 1000010E
	v_mul_f32_e32 v14, v45, v43                                // 00000000269C: 101C572D
	v_add_co_u32 v15, vcc_lo, 0x120, v15                       // 0000000026A0: D7006A0F 00021EFF 00000120
	s_wait_alu 0xfffd                                          // 0000000026AC: BF88FFFD
	v_add_co_ci_u32_e64 v16, null, 0, v16, vcc_lo              // 0000000026B0: D5207C10 01AA2080
	s_wait_loadcnt 0x1                                         // 0000000026B8: BFC00001
	v_fmac_f32_e32 v2, v30, v6                                 // 0000000026BC: 56040D1E
	v_mul_f32_e32 v6, v5, v34                                  // 0000000026C0: 100C4505
	global_load_b128 v[34:37], v[17:18], off offset:3088       // 0000000026C4: EE05C07C 00000022 000C1011
	s_wait_loadcnt 0x1                                         // 0000000026D0: BFC00001
	v_fmac_f32_e32 v1, v33, v26                                // 0000000026D4: 56023521
	global_load_b128 v[30:33], v[17:18], off offset:2064       // 0000000026D8: EE05C07C 0000001E 00081011
	v_fmac_f32_e32 v2, v38, v7                                 // 0000000026E4: 56040F26
	v_fmac_f32_e32 v1, v42, v27                                // 0000000026E8: 5602372A
	s_delay_alu instid0(VALU_DEP_2) | instskip(NEXT) | instid1(VALU_DEP_2)// 0000000026EC: BF870112
	v_fmac_f32_e32 v2, v41, v8                                 // 0000000026F0: 56041129
	v_fmac_f32_e32 v1, v47, v28                                // 0000000026F4: 5602392F
	s_delay_alu instid0(VALU_DEP_2) | instskip(NEXT) | instid1(VALU_DEP_2)// 0000000026F8: BF870112
	v_fmac_f32_e32 v2, v0, v9                                  // 0000000026FC: 56041300
	v_fmac_f32_e32 v1, v4, v29                                 // 000000002700: 56023B04
	s_delay_alu instid0(VALU_DEP_2) | instskip(NEXT) | instid1(VALU_DEP_2)// 000000002704: BF870112
	v_add_f32_e32 v19, v19, v2                                 // 000000002708: 06260513
	v_add_f32_e32 v20, v20, v1                                 // 00000000270C: 06280314
	s_wait_loadcnt 0x1                                         // 000000002710: BFC00001
	v_fmac_f32_e32 v10, v11, v34                               // 000000002714: 5614450B
	v_mul_f32_e32 v11, v5, v44                                 // 000000002718: 10165905
	s_wait_loadcnt 0x0                                         // 00000000271C: BFC00000
	v_fmac_f32_e32 v3, v6, v30                                 // 000000002720: 56063D06
	v_mul_f32_e32 v6, v5, v40                                  // 000000002724: 100C5105
	v_fmac_f32_e32 v10, v12, v35                               // 000000002728: 5614470C
	v_mul_f32_e32 v5, v5, v39                                  // 00000000272C: 100A4F05
	s_delay_alu instid0(VALU_DEP_3) | instskip(SKIP_1) | instid1(VALU_DEP_4)// 000000002730: BF870223
	v_fmac_f32_e32 v3, v6, v31                                 // 000000002734: 56063F06
	v_mul_f32_e32 v6, v45, v46                                 // 000000002738: 100C5D2D
	v_fmac_f32_e32 v10, v14, v36                               // 00000000273C: 5614490E
	s_delay_alu instid0(VALU_DEP_3) | instskip(NEXT) | instid1(VALU_DEP_2)// 000000002740: BF870113
	v_fmac_f32_e32 v3, v11, v32                                // 000000002744: 5606410B
	v_fmac_f32_e32 v10, v6, v37                                // 000000002748: 56144B06
	s_delay_alu instid0(VALU_DEP_2) | instskip(NEXT) | instid1(VALU_DEP_2)// 00000000274C: BF870112
	v_fmac_f32_e32 v3, v5, v33                                 // 000000002750: 56064305
	v_add_f32_e32 v22, v22, v10                                // 000000002754: 062C1516
	s_delay_alu instid0(VALU_DEP_2)                            // 000000002758: BF870002
	v_add_f32_e32 v21, v21, v3                                 // 00000000275C: 062A0715
	s_cbranch_scc1 157                                         // 000000002760: BFA2009D <gemv_mixed_moe_gate_up_k8_indexed_batched+0xbd8>
	flat_load_u8 v0, v[15:16] offset:-144                      // 000000002764: EC04007C 00000000 FFFF700F
	s_mov_b64 s[2:3], exec                                     // 000000002770: BE82017E
	s_wait_loadcnt_dscnt 0x0                                   // 000000002774: BFC80000
	v_and_b32_e32 v3, 7, v0                                    // 000000002778: 36060087
	v_bfe_u32 v2, v0, 3, 4                                     // 00000000277C: D6100002 02110700
	s_delay_alu instid0(VALU_DEP_2) | instskip(NEXT) | instid1(VALU_DEP_2)// 000000002784: BF870112
	v_cvt_f32_ubyte0_e32 v1, v3                                // 000000002788: 7E022303
	v_cmpx_ne_u32_e32 0, v2                                    // 00000000278C: 7D9A0480
	s_wait_alu 0xfffe                                          // 000000002790: BF88FFFE
	s_xor_b64 s[4:5], exec, s[2:3]                             // 000000002794: 8D84027E
	v_lshl_add_u32 v0, v2, 23, 0x3c000000                      // 000000002798: D6460000 03FD2F02 3C000000
	v_fma_f32 v1, 0x3e000000, v1, 1.0                          // 0000000027A4: D6130001 03CA02FF 3E000000
	v_cmp_eq_u32_e32 vcc_lo, 15, v2                            // 0000000027B0: 7C94048F
	v_cmp_eq_u32_e64 s2, 7, v3                                 // 0000000027B4: D44A0002 00020687
	s_delay_alu instid0(VALU_DEP_3) | instskip(SKIP_2) | instid1(VALU_DEP_1)// 0000000027BC: BF8700B3
	v_mul_f32_e32 v0, v1, v0                                   // 0000000027C0: 10000101
	s_and_b64 s[2:3], s[2:3], vcc                              // 0000000027C4: 8B826A02
	s_wait_alu 0xfffe                                          // 0000000027C8: BF88FFFE
	v_cndmask_b32_e64 v28, v0, 0x43e00000, s2                  // 0000000027CC: D501001C 0009FF00 43E00000
	s_and_not1_saveexec_b64 s[2:3], s[4:5]                     // 0000000027D8: BE823104
	v_mul_f32_e32 v0, 0x3c800000, v1                           // 0000000027DC: 100002FF 3C800000
	s_delay_alu instid0(VALU_DEP_1)                            // 0000000027E4: BF870001
	v_mul_f32_e32 v28, 0x3e000000, v0                          // 0000000027E8: 103800FF 3E000000
	s_wait_alu 0xfffe                                          // 0000000027F0: BF88FFFE
	s_or_b64 exec, exec, s[2:3]                                // 0000000027F4: 8CFE027E
	flat_load_u8 v0, v[15:16] offset:-72                       // 0000000027F8: EC04007C 00000000 FFFFB80F
	s_mov_b64 s[2:3], exec                                     // 000000002804: BE82017E
	s_wait_loadcnt_dscnt 0x0                                   // 000000002808: BFC80000
	v_and_b32_e32 v3, 7, v0                                    // 00000000280C: 36060087
	v_bfe_u32 v2, v0, 3, 4                                     // 000000002810: D6100002 02110700
	s_delay_alu instid0(VALU_DEP_2) | instskip(NEXT) | instid1(VALU_DEP_2)// 000000002818: BF870112
	v_cvt_f32_ubyte0_e32 v1, v3                                // 00000000281C: 7E022303
	v_cmpx_ne_u32_e32 0, v2                                    // 000000002820: 7D9A0480
	s_wait_alu 0xfffe                                          // 000000002824: BF88FFFE
	s_xor_b64 s[4:5], exec, s[2:3]                             // 000000002828: 8D84027E
	v_lshl_add_u32 v0, v2, 23, 0x3c000000                      // 00000000282C: D6460000 03FD2F02 3C000000
	v_fma_f32 v1, 0x3e000000, v1, 1.0                          // 000000002838: D6130001 03CA02FF 3E000000
	v_cmp_eq_u32_e32 vcc_lo, 15, v2                            // 000000002844: 7C94048F
	v_cmp_eq_u32_e64 s2, 7, v3                                 // 000000002848: D44A0002 00020687
	s_delay_alu instid0(VALU_DEP_3) | instskip(SKIP_2) | instid1(VALU_DEP_1)// 000000002850: BF8700B3
	v_mul_f32_e32 v0, v1, v0                                   // 000000002854: 10000101
	s_and_b64 s[2:3], s[2:3], vcc                              // 000000002858: 8B826A02
	s_wait_alu 0xfffe                                          // 00000000285C: BF88FFFE
	v_cndmask_b32_e64 v27, v0, 0x43e00000, s2                  // 000000002860: D501001B 0009FF00 43E00000
	s_and_not1_saveexec_b64 s[2:3], s[4:5]                     // 00000000286C: BE823104
	v_mul_f32_e32 v0, 0x3c800000, v1                           // 000000002870: 100002FF 3C800000
	s_delay_alu instid0(VALU_DEP_1)                            // 000000002878: BF870001
	v_mul_f32_e32 v27, 0x3e000000, v0                          // 00000000287C: 103600FF 3E000000
	s_wait_alu 0xfffe                                          // 000000002884: BF88FFFE
	s_or_b64 exec, exec, s[2:3]                                // 000000002888: 8CFE027E
	flat_load_u8 v0, v[15:16]                                  // 00000000288C: EC04007C 00000000 0000000F
	s_mov_b64 s[2:3], exec                                     // 000000002898: BE82017E
	s_wait_loadcnt_dscnt 0x0                                   // 00000000289C: BFC80000
	v_and_b32_e32 v3, 7, v0                                    // 0000000028A0: 36060087
	v_bfe_u32 v2, v0, 3, 4                                     // 0000000028A4: D6100002 02110700
	s_delay_alu instid0(VALU_DEP_2) | instskip(NEXT) | instid1(VALU_DEP_2)// 0000000028AC: BF870112
	v_cvt_f32_ubyte0_e32 v1, v3                                // 0000000028B0: 7E022303
	v_cmpx_ne_u32_e32 0, v2                                    // 0000000028B4: 7D9A0480
	s_wait_alu 0xfffe                                          // 0000000028B8: BF88FFFE
	s_xor_b64 s[4:5], exec, s[2:3]                             // 0000000028BC: 8D84027E
	v_lshl_add_u32 v0, v2, 23, 0x3c000000                      // 0000000028C0: D6460000 03FD2F02 3C000000
	v_fma_f32 v1, 0x3e000000, v1, 1.0                          // 0000000028CC: D6130001 03CA02FF 3E000000
	v_cmp_eq_u32_e32 vcc_lo, 15, v2                            // 0000000028D8: 7C94048F
	v_cmp_eq_u32_e64 s2, 7, v3                                 // 0000000028DC: D44A0002 00020687
	s_delay_alu instid0(VALU_DEP_3) | instskip(SKIP_2) | instid1(VALU_DEP_1)// 0000000028E4: BF8700B3
	v_mul_f32_e32 v0, v1, v0                                   // 0000000028E8: 10000101
	s_and_b64 s[2:3], s[2:3], vcc                              // 0000000028EC: 8B826A02
	s_wait_alu 0xfffe                                          // 0000000028F0: BF88FFFE
	v_cndmask_b32_e64 v29, v0, 0x43e00000, s2                  // 0000000028F4: D501001D 0009FF00 43E00000
	s_and_not1_saveexec_b64 s[2:3], s[4:5]                     // 000000002900: BE823104
	v_mul_f32_e32 v0, 0x3c800000, v1                           // 000000002904: 100002FF 3C800000
	s_delay_alu instid0(VALU_DEP_1)                            // 00000000290C: BF870001
	v_mul_f32_e32 v29, 0x3e000000, v0                          // 000000002910: 103A00FF 3E000000
	s_wait_alu 0xfffe                                          // 000000002918: BF88FFFE
	s_or_b64 exec, exec, s[2:3]                                // 00000000291C: 8CFE027E
	flat_load_u8 v0, v[15:16] offset:72                        // 000000002920: EC04007C 00000000 0000480F
	s_mov_b64 s[2:3], exec                                     // 00000000292C: BE82017E
	s_wait_loadcnt_dscnt 0x0                                   // 000000002930: BFC80000
	v_and_b32_e32 v3, 7, v0                                    // 000000002934: 36060087
	v_bfe_u32 v2, v0, 3, 4                                     // 000000002938: D6100002 02110700
	s_delay_alu instid0(VALU_DEP_2) | instskip(NEXT) | instid1(VALU_DEP_2)// 000000002940: BF870112
	v_cvt_f32_ubyte0_e32 v1, v3                                // 000000002944: 7E022303
	v_cmpx_ne_u32_e32 0, v2                                    // 000000002948: 7D9A0480
	s_wait_alu 0xfffe                                          // 00000000294C: BF88FFFE
	s_xor_b64 s[4:5], exec, s[2:3]                             // 000000002950: 8D84027E
	v_lshl_add_u32 v0, v2, 23, 0x3c000000                      // 000000002954: D6460000 03FD2F02 3C000000
	v_fma_f32 v1, 0x3e000000, v1, 1.0                          // 000000002960: D6130001 03CA02FF 3E000000
	v_cmp_eq_u32_e32 vcc_lo, 15, v2                            // 00000000296C: 7C94048F
	v_cmp_eq_u32_e64 s2, 7, v3                                 // 000000002970: D44A0002 00020687
	s_delay_alu instid0(VALU_DEP_3) | instskip(SKIP_2) | instid1(VALU_DEP_1)// 000000002978: BF8700B3
	v_mul_f32_e32 v0, v1, v0                                   // 00000000297C: 10000101
	s_and_b64 s[2:3], s[2:3], vcc                              // 000000002980: 8B826A02
	s_wait_alu 0xfffe                                          // 000000002984: BF88FFFE
	v_cndmask_b32_e64 v26, v0, 0x43e00000, s2                  // 000000002988: D501001A 0009FF00 43E00000
	s_and_not1_saveexec_b64 s[2:3], s[4:5]                     // 000000002994: BE823104
	s_cbranch_execz 64903                                      // 000000002998: BFA5FD87 <gemv_mixed_moe_gate_up_k8_indexed_batched+0x1b8>
	v_mul_f32_e32 v0, 0x3c800000, v1                           // 00000000299C: 100002FF 3C800000
	s_delay_alu instid0(VALU_DEP_1)                            // 0000000029A4: BF870001
	v_mul_f32_e32 v26, 0x3e000000, v0                          // 0000000029A8: 103400FF 3E000000
	s_branch 64897                                             // 0000000029B0: BFA0FD81 <gemv_mixed_moe_gate_up_k8_indexed_batched+0x1b8>
	s_branch 3286                                              // 0000000029B4: BFA00CD6 <gemv_mixed_moe_gate_up_k8_indexed_batched+0x3f10>
	s_branch 1899                                              // 0000000029B8: BFA0076B <gemv_mixed_moe_gate_up_k8_indexed_batched+0x2968>
	s_mov_b64 s[2:3], -1                                       // 0000000029BC: BE8201C1
	s_branch 609                                               // 0000000029C0: BFA00261 <gemv_mixed_moe_gate_up_k8_indexed_batched+0x1548>
	s_mov_b64 s[2:3], 0                                        // 0000000029C4: BE820180
	s_branch 607                                               // 0000000029C8: BFA0025F <gemv_mixed_moe_gate_up_k8_indexed_batched+0x1548>
	v_mov_b32_e32 v20, 0                                       // 0000000029CC: 7E280280
	v_mov_b32_e32 v21, 0                                       // 0000000029D0: 7E2A0280
	v_mov_b32_e32 v22, 0                                       // 0000000029D4: 7E2C0280
	s_and_b32 s6, s18, 3                                       // 0000000029D8: 8B068312
	s_wait_alu 0xfffe                                          // 0000000029DC: BF88FFFE
	s_cmp_lg_u32 s6, 0                                         // 0000000029E0: BF078006
	s_cbranch_scc0 196                                         // 0000000029E4: BFA100C4 <gemv_mixed_moe_gate_up_k8_indexed_batched+0xef8>
	s_and_b32 s7, s18, -4                                      // 0000000029E8: 8B07C412
	s_wait_alu 0xfffe                                          // 0000000029EC: BF88FFFE
	s_mul_i32 s2, s7, 0x48                                     // 0000000029F0: 9602FF07 00000048
	s_wait_alu 0xfffe                                          // 0000000029F8: BF88FFFE
	s_ashr_i32 s3, s2, 31                                      // 0000000029FC: 86039F02
	s_wait_alu 0xfffe                                          // 000000002A00: BF88FFFE
	s_add_nc_u64 s[2:3], s[22:23], s[2:3]                      // 000000002A04: A9820216
	s_wait_alu 0xfffe                                          // 000000002A08: BF88FFFE
	v_add_co_u32 v1, s4, s2, v25                               // 000000002A0C: D7000401 00023202
	s_wait_alu 0xf1ff                                          // 000000002A14: BF88F1FF
	v_add_co_ci_u32_e64 v2, null, s3, 0, s4                    // 000000002A18: D5207C02 00110003
	s_mov_b64 s[2:3], exec                                     // 000000002A20: BE82017E
	flat_load_u8 v0, v[1:2] offset:16                          // 000000002A24: EC04007C 00000000 00001001
	s_wait_loadcnt_dscnt 0x0                                   // 000000002A30: BFC80000
	v_and_b32_e32 v6, 7, v0                                    // 000000002A34: 360C0087
	v_bfe_u32 v5, v0, 3, 4                                     // 000000002A38: D6100005 02110700
	s_delay_alu instid0(VALU_DEP_2) | instskip(NEXT) | instid1(VALU_DEP_2)// 000000002A40: BF870112
	v_cvt_f32_ubyte0_e32 v4, v6                                // 000000002A44: 7E082306
	v_cmpx_ne_u32_e32 0, v5                                    // 000000002A48: 7D9A0A80
	s_wait_alu 0xfffe                                          // 000000002A4C: BF88FFFE
	s_xor_b64 s[4:5], exec, s[2:3]                             // 000000002A50: 8D84027E
	s_cbranch_execz 17                                         // 000000002A54: BFA50011 <gemv_mixed_moe_gate_up_k8_indexed_batched+0xc9c>
	v_mov_b32_e32 v0, 1.0                                      // 000000002A58: 7E0002F2
	v_lshl_add_u32 v3, v5, 23, 0x3c000000                      // 000000002A5C: D6460003 03FD2F05 3C000000
	v_cmp_eq_u32_e32 vcc_lo, 15, v5                            // 000000002A68: 7C940A8F
	v_cmp_eq_u32_e64 s2, 7, v6                                 // 000000002A6C: D44A0002 00020C87
	s_delay_alu instid0(VALU_DEP_4) | instskip(SKIP_1) | instid1(VALU_DEP_1)// 000000002A74: BF8700A4
	v_fmamk_f32 v0, v4, 0x3e000000, v0                         // 000000002A78: 58000104 3E000000
	s_and_b64 s[2:3], s[2:3], vcc                              // 000000002A80: 8B826A02
	v_mul_f32_e32 v0, v0, v3                                   // 000000002A84: 10000700
	s_wait_alu 0xfffe                                          // 000000002A88: BF88FFFE
	s_delay_alu instid0(VALU_DEP_1)                            // 000000002A8C: BF870001
	v_cndmask_b32_e64 v3, v0, 0x43e00000, s2                   // 000000002A90: D5010003 0009FF00 43E00000
	s_wait_alu 0xfffe                                          // 000000002A9C: BF88FFFE
	s_and_not1_saveexec_b64 s[2:3], s[4:5]                     // 000000002AA0: BE823104
	v_mul_f32_e32 v0, 0x3c800000, v4                           // 000000002AA4: 100008FF 3C800000
	s_delay_alu instid0(VALU_DEP_1)                            // 000000002AAC: BF870001
	v_mul_f32_e32 v3, 0x3e000000, v0                           // 000000002AB0: 100600FF 3E000000
	s_wait_alu 0xfffe                                          // 000000002AB8: BF88FFFE
	s_or_b64 exec, exec, s[2:3]                                // 000000002ABC: 8CFE027E
	v_add_co_u32 v1, vcc_lo, v1, v24                           // 000000002AC0: D7006A01 00023101
	s_wait_alu 0xfffd                                          // 000000002AC8: BF88FFFD
	v_add_co_ci_u32_e64 v2, null, 0, v2, vcc_lo                // 000000002ACC: D5207C02 01AA0480
	flat_load_u16 v0, v[1:2] offset:17                         // 000000002AD4: EC04807C 00000000 00001101
	scratch_load_b32 v1, off, off                              // 000000002AE0: ED05007C 00000001 00000000
	s_wait_loadcnt_dscnt 0x100                                 // 000000002AEC: BFC80100
	v_and_b32_e32 v12, 0xff, v0                                // 000000002AF0: 361800FF 000000FF
	s_wait_loadcnt 0x0                                         // 000000002AF8: BFC00000
	v_lshlrev_b32_e32 v1, 3, v1                                // 000000002AFC: 30020283
	v_and_b32_e32 v13, 3, v0                                   // 000000002B00: 361A0083
	v_bfe_u32 v14, v0, 2, 6                                    // 000000002B04: D610000E 02190500
	v_bfe_u32 v15, v12, 2, 2                                   // 000000002B0C: D610000F 0209050C
	s_delay_alu instid0(VALU_DEP_4) | instskip(NEXT) | instid1(VALU_DEP_4)// 000000002B14: BF870214
	v_lshl_or_b32 v1, s7, 8, v1                                // 000000002B18: D6560001 04051007
	v_add_nc_u32_e32 v17, -2, v13                              // 000000002B20: 4A221AC2
	v_bfe_u32 v16, v12, 4, 2                                   // 000000002B24: D6100010 0209090C
	s_delay_alu instid0(VALU_DEP_4) | instskip(NEXT) | instid1(VALU_DEP_4)// 000000002B2C: BF870214
	v_add_nc_u32_e32 v15, -2, v15                              // 000000002B30: 4A1E1EC2
	v_ashrrev_i32_e32 v2, 31, v1                               // 000000002B34: 3404029F
	s_delay_alu instid0(VALU_DEP_3) | instskip(NEXT) | instid1(VALU_DEP_3)// 000000002B38: BF870193
	v_add_nc_u32_e32 v16, -2, v16                              // 000000002B3C: 4A2020C2
	v_cvt_f32_i32_e32 v15, v15                                 // 000000002B40: 7E1E0B0F
	s_delay_alu instid0(VALU_DEP_3) | instskip(NEXT) | instid1(VALU_DEP_1)// 000000002B44: BF870093
	v_lshlrev_b64_e32 v[1:2], 2, v[1:2]                        // 000000002B48: 3E020282
	v_add_co_u32 v1, vcc_lo, s16, v1                           // 000000002B4C: D7006A01 00020210
	s_wait_alu 0xfffd                                          // 000000002B54: BF88FFFD
	s_delay_alu instid0(VALU_DEP_2)                            // 000000002B58: BF870002
	v_add_co_ci_u32_e64 v2, null, s17, v2, vcc_lo              // 000000002B5C: D5207C02 01AA0411
	s_clause 0x1                                               // 000000002B64: BF850001
	global_load_b128 v[4:7], v[1:2], off                       // 000000002B68: EE05C07C 00000004 00000001
	global_load_b128 v[8:11], v[1:2], off offset:16            // 000000002B74: EE05C07C 00000008 00001001
	v_lshrrev_b16 v2, 8, v0                                    // 000000002B80: D7390002 00020088
	v_mul_f32_e32 v1, v3, v23                                  // 000000002B88: 10022F03
	v_ashrrev_i16 v3, 8, v0                                    // 000000002B8C: D73A0003 00020088
	v_bfe_u32 v0, v0, 4, 4                                     // 000000002B94: D6100000 02110900
	s_delay_alu instid0(VALU_DEP_4) | instskip(NEXT) | instid1(VALU_DEP_4)// 000000002B9C: BF870214
	v_and_b32_e32 v2, 0xffff, v2                               // 000000002BA0: 360404FF 0000FFFF
	v_mul_f32_e32 v1, 0x40733333, v1                           // 000000002BA8: 100202FF 40733333
	s_delay_alu instid0(VALU_DEP_4) | instskip(SKIP_1) | instid1(VALU_DEP_4)// 000000002BB0: BF870224
	v_cmp_lt_i16_e32 vcc_lo, -1, v3                            // 000000002BB4: 7C6206C1
	v_cvt_f32_i32_e32 v3, v16                                  // 000000002BB8: 7E060B10
	v_lshl_or_b32 v12, v2, 8, v12                              // 000000002BBC: D656000C 04311102
	v_lshrrev_b32_e32 v26, 2, v2                               // 000000002BC4: 32340482
	v_add3_u32 v0, v13, v2, v0                                 // 000000002BC8: D6550000 0402050D
	v_cvt_f32_i32_e32 v13, v17                                 // 000000002BD0: 7E1A0B11
	v_and_b32_e32 v18, 3, v2                                   // 000000002BD4: 36240483
	v_lshrrev_b32_e32 v17, 6, v12                              // 000000002BD8: 32221886
	v_bfe_u32 v12, v12, 6, 2                                   // 000000002BDC: D610000C 02090D0C
	v_add3_u32 v0, v0, v14, v26                                // 000000002BE4: D6550000 046A1D00
	v_add_f32_e32 v14, 0.5, v13                                // 000000002BEC: 061C1AF0
	v_add_f32_e32 v26, 0.5, v15                                // 000000002BF0: 06341EF0
	v_lshrrev_b32_e32 v28, 4, v2                               // 000000002BF4: 32380484
	v_add_nc_u32_e32 v12, -2, v12                              // 000000002BF8: 4A1818C2
	v_bfe_u32 v27, v2, 2, 2                                    // 000000002BFC: D610001B 02090502
	s_wait_alu 0xfffd                                          // 000000002C04: BF88FFFD
	v_cndmask_b32_e32 v13, v14, v13, vcc_lo                    // 000000002C08: 021A1B0E
	v_cndmask_b32_e32 v14, v26, v15, vcc_lo                    // 000000002C0C: 021C1F1A
	v_add_nc_u32_e32 v16, -2, v18                              // 000000002C10: 4A2024C2
	v_add3_u32 v0, v0, v28, v17                                // 000000002C14: D6550000 04463900
	v_add_f32_e32 v15, 0.5, v3                                 // 000000002C1C: 061E06F0
	v_cvt_f32_i32_e32 v12, v12                                 // 000000002C20: 7E180B0C
	v_mul_f32_e32 v14, v1, v14                                 // 000000002C24: 101C1D01
	v_bfe_u32 v29, v2, 4, 2                                    // 000000002C28: D610001D 02090902
	v_lshrrev_b32_e32 v2, 5, v2                                // 000000002C30: 32040485
	v_add_nc_u32_e32 v18, -2, v27                              // 000000002C34: 4A2436C2
	v_cvt_f32_i32_e32 v16, v16                                 // 000000002C38: 7E200B10
	v_cndmask_b32_e32 v3, v15, v3, vcc_lo                      // 000000002C3C: 0206070F
	v_mul_f32_e32 v13, v1, v13                                 // 000000002C40: 101A1B01
	v_add_f32_e32 v15, 0.5, v12                                // 000000002C44: 061E18F0
	v_and_b32_e32 v0, 1, v0                                    // 000000002C48: 36000081
	v_add_nc_u32_e32 v27, -2, v29                              // 000000002C4C: 4A363AC2
	v_cvt_f32_i32_e32 v17, v18                                 // 000000002C50: 7E220B12
	v_mul_f32_e32 v3, v1, v3                                   // 000000002C54: 10060701
	v_cndmask_b32_e32 v12, v15, v12, vcc_lo                    // 000000002C58: 0218190F
	v_and_or_b32 v0, v2, 2, v0                                 // 000000002C5C: D6570000 04010502
	v_cvt_f32_i32_e32 v18, v27                                 // 000000002C64: 7E240B1B
	v_add_f32_e32 v2, 0.5, v17                                 // 000000002C68: 060422F0
	s_delay_alu instid0(VALU_DEP_4) | instskip(NEXT) | instid1(VALU_DEP_4)// 000000002C6C: BF870214
	v_mul_f32_e32 v12, v1, v12                                 // 000000002C70: 10181901
	v_add_nc_u32_e32 v0, -2, v0                                // 000000002C74: 4A0000C2
	s_delay_alu instid0(VALU_DEP_3) | instskip(NEXT) | instid1(VALU_DEP_2)// 000000002C78: BF870113
	v_cndmask_b32_e32 v2, v2, v17, vcc_lo                      // 000000002C7C: 02042302
	v_cvt_f32_i32_e32 v0, v0                                   // 000000002C80: 7E000B00
	s_delay_alu instid0(VALU_DEP_2) | instskip(SKIP_3) | instid1(VALU_DEP_2)// 000000002C84: BF870142
	v_mul_f32_e32 v2, v1, v2                                   // 000000002C88: 10040501
	s_wait_loadcnt 0x1                                         // 000000002C8C: BFC00001
	v_mul_f32_e32 v5, v5, v14                                  // 000000002C90: 100A1D05
	v_add_f32_e32 v14, 0.5, v16                                // 000000002C94: 061C20F0
	v_fmac_f32_e32 v5, v4, v13                                 // 000000002C98: 560A1B04
	s_delay_alu instid0(VALU_DEP_2) | instskip(NEXT) | instid1(VALU_DEP_2)// 000000002C9C: BF870112
	v_cndmask_b32_e32 v4, v14, v16, vcc_lo                     // 000000002CA0: 0208210E
	v_fmac_f32_e32 v5, v6, v3                                  // 000000002CA4: 560A0706
	v_add_f32_e32 v3, 0.5, v18                                 // 000000002CA8: 060624F0
	s_delay_alu instid0(VALU_DEP_3) | instskip(NEXT) | instid1(VALU_DEP_3)// 000000002CAC: BF870193
	v_mul_f32_e32 v4, v1, v4                                   // 000000002CB0: 10080901
	v_fmac_f32_e32 v5, v7, v12                                 // 000000002CB4: 560A1907
	s_delay_alu instid0(VALU_DEP_3) | instskip(SKIP_1) | instid1(VALU_DEP_2)// 000000002CB8: BF870123
	v_cndmask_b32_e32 v3, v3, v18, vcc_lo                      // 000000002CBC: 02062503
	s_wait_loadcnt 0x0                                         // 000000002CC0: BFC00000
	v_fmac_f32_e32 v5, v8, v4                                  // 000000002CC4: 560A0908
	v_add_f32_e32 v4, 0.5, v0                                  // 000000002CC8: 060800F0
	s_delay_alu instid0(VALU_DEP_3) | instskip(NEXT) | instid1(VALU_DEP_3)// 000000002CCC: BF870193
	v_mul_f32_e32 v3, v1, v3                                   // 000000002CD0: 10060701
	v_fmac_f32_e32 v5, v9, v2                                  // 000000002CD4: 560A0509
	s_delay_alu instid0(VALU_DEP_3) | instskip(NEXT) | instid1(VALU_DEP_2)// 000000002CD8: BF870113
	v_cndmask_b32_e32 v0, v4, v0, vcc_lo                       // 000000002CDC: 02000104
	v_fmac_f32_e32 v5, v10, v3                                 // 000000002CE0: 560A070A
	s_delay_alu instid0(VALU_DEP_2) | instskip(NEXT) | instid1(VALU_DEP_1)// 000000002CE4: BF870092
	v_mul_f32_e32 v0, v1, v0                                   // 000000002CE8: 10000101
	v_fmac_f32_e32 v5, v11, v0                                 // 000000002CEC: 560A010B
	s_delay_alu instid0(VALU_DEP_1)                            // 000000002CF0: BF870001
	v_add_f32_e32 v19, v19, v5                                 // 000000002CF4: 06260B13
	s_cmp_lt_u32 s6, 2                                         // 000000002CF8: BF0A8206
	s_cbranch_scc1 198                                         // 000000002CFC: BFA200C6 <gemv_mixed_moe_gate_up_k8_indexed_batched+0x1218>
	s_and_b32 s2, s18, -4                                      // 000000002D00: 8B02C412
	s_wait_alu 0xfffe                                          // 000000002D04: BF88FFFE
	s_or_b32 s7, s2, 1                                         // 000000002D08: 8C078102
	s_wait_alu 0xfffe                                          // 000000002D0C: BF88FFFE
	s_mul_i32 s2, s7, 0x48                                     // 000000002D10: 9602FF07 00000048
	s_wait_alu 0xfffe                                          // 000000002D18: BF88FFFE
	s_ashr_i32 s3, s2, 31                                      // 000000002D1C: 86039F02
	s_wait_alu 0xfffe                                          // 000000002D20: BF88FFFE
	s_add_nc_u64 s[2:3], s[22:23], s[2:3]                      // 000000002D24: A9820216
	s_wait_alu 0xfffe                                          // 000000002D28: BF88FFFE
	v_add_co_u32 v1, s4, s2, v25                               // 000000002D2C: D7000401 00023202
	s_wait_alu 0xf1ff                                          // 000000002D34: BF88F1FF
	v_add_co_ci_u32_e64 v2, null, s3, 0, s4                    // 000000002D38: D5207C02 00110003
	s_mov_b64 s[2:3], exec                                     // 000000002D40: BE82017E
	flat_load_u8 v0, v[1:2] offset:16                          // 000000002D44: EC04007C 00000000 00001001
	s_wait_loadcnt_dscnt 0x0                                   // 000000002D50: BFC80000
	v_and_b32_e32 v6, 7, v0                                    // 000000002D54: 360C0087
	v_bfe_u32 v5, v0, 3, 4                                     // 000000002D58: D6100005 02110700
	s_delay_alu instid0(VALU_DEP_2) | instskip(NEXT) | instid1(VALU_DEP_2)// 000000002D60: BF870112
	v_cvt_f32_ubyte0_e32 v4, v6                                // 000000002D64: 7E082306
	v_cmpx_ne_u32_e32 0, v5                                    // 000000002D68: 7D9A0A80
	s_wait_alu 0xfffe                                          // 000000002D6C: BF88FFFE
	s_xor_b64 s[4:5], exec, s[2:3]                             // 000000002D70: 8D84027E
	s_cbranch_execz 17                                         // 000000002D74: BFA50011 <gemv_mixed_moe_gate_up_k8_indexed_batched+0xfbc>
	v_mov_b32_e32 v0, 1.0                                      // 000000002D78: 7E0002F2
	v_lshl_add_u32 v3, v5, 23, 0x3c000000                      // 000000002D7C: D6460003 03FD2F05 3C000000
	v_cmp_eq_u32_e32 vcc_lo, 15, v5                            // 000000002D88: 7C940A8F
	v_cmp_eq_u32_e64 s2, 7, v6                                 // 000000002D8C: D44A0002 00020C87
	s_delay_alu instid0(VALU_DEP_4) | instskip(SKIP_1) | instid1(VALU_DEP_1)// 000000002D94: BF8700A4
	v_fmamk_f32 v0, v4, 0x3e000000, v0                         // 000000002D98: 58000104 3E000000
	s_and_b64 s[2:3], s[2:3], vcc                              // 000000002DA0: 8B826A02
	v_mul_f32_e32 v0, v0, v3                                   // 000000002DA4: 10000700
	s_wait_alu 0xfffe                                          // 000000002DA8: BF88FFFE
	s_delay_alu instid0(VALU_DEP_1)                            // 000000002DAC: BF870001
	v_cndmask_b32_e64 v3, v0, 0x43e00000, s2                   // 000000002DB0: D5010003 0009FF00 43E00000
	s_wait_alu 0xfffe                                          // 000000002DBC: BF88FFFE
	s_and_not1_saveexec_b64 s[2:3], s[4:5]                     // 000000002DC0: BE823104
	v_mul_f32_e32 v0, 0x3c800000, v4                           // 000000002DC4: 100008FF 3C800000
	s_delay_alu instid0(VALU_DEP_1)                            // 000000002DCC: BF870001
	v_mul_f32_e32 v3, 0x3e000000, v0                           // 000000002DD0: 100600FF 3E000000
	s_wait_alu 0xfffe                                          // 000000002DD8: BF88FFFE
	s_or_b64 exec, exec, s[2:3]                                // 000000002DDC: 8CFE027E
	v_add_co_u32 v1, vcc_lo, v1, v24                           // 000000002DE0: D7006A01 00023101
	s_wait_alu 0xfffd                                          // 000000002DE8: BF88FFFD
	v_add_co_ci_u32_e64 v2, null, 0, v2, vcc_lo                // 000000002DEC: D5207C02 01AA0480
	flat_load_u16 v0, v[1:2] offset:17                         // 000000002DF4: EC04807C 00000000 00001101
	scratch_load_b32 v1, off, off                              // 000000002E00: ED05007C 00000001 00000000
	s_wait_loadcnt_dscnt 0x100                                 // 000000002E0C: BFC80100
	v_and_b32_e32 v12, 0xff, v0                                // 000000002E10: 361800FF 000000FF
	s_wait_loadcnt 0x0                                         // 000000002E18: BFC00000
	v_lshlrev_b32_e32 v1, 3, v1                                // 000000002E1C: 30020283
	v_and_b32_e32 v13, 3, v0                                   // 000000002E20: 361A0083
	v_bfe_u32 v14, v0, 2, 6                                    // 000000002E24: D610000E 02190500
	v_bfe_u32 v15, v12, 2, 2                                   // 000000002E2C: D610000F 0209050C
	s_delay_alu instid0(VALU_DEP_4) | instskip(NEXT) | instid1(VALU_DEP_4)// 000000002E34: BF870214
	v_lshl_or_b32 v1, s7, 8, v1                                // 000000002E38: D6560001 04051007
	v_add_nc_u32_e32 v17, -2, v13                              // 000000002E40: 4A221AC2
	v_bfe_u32 v16, v12, 4, 2                                   // 000000002E44: D6100010 0209090C
	s_delay_alu instid0(VALU_DEP_4) | instskip(NEXT) | instid1(VALU_DEP_4)// 000000002E4C: BF870214
	v_add_nc_u32_e32 v15, -2, v15                              // 000000002E50: 4A1E1EC2
	v_ashrrev_i32_e32 v2, 31, v1                               // 000000002E54: 3404029F
	s_delay_alu instid0(VALU_DEP_3) | instskip(NEXT) | instid1(VALU_DEP_3)// 000000002E58: BF870193
	v_add_nc_u32_e32 v16, -2, v16                              // 000000002E5C: 4A2020C2
	v_cvt_f32_i32_e32 v15, v15                                 // 000000002E60: 7E1E0B0F
	s_delay_alu instid0(VALU_DEP_3) | instskip(NEXT) | instid1(VALU_DEP_1)// 000000002E64: BF870093
	v_lshlrev_b64_e32 v[1:2], 2, v[1:2]                        // 000000002E68: 3E020282
	v_add_co_u32 v1, vcc_lo, s16, v1                           // 000000002E6C: D7006A01 00020210
	s_wait_alu 0xfffd                                          // 000000002E74: BF88FFFD
	s_delay_alu instid0(VALU_DEP_2)                            // 000000002E78: BF870002
	v_add_co_ci_u32_e64 v2, null, s17, v2, vcc_lo              // 000000002E7C: D5207C02 01AA0411
	s_clause 0x1                                               // 000000002E84: BF850001
	global_load_b128 v[4:7], v[1:2], off                       // 000000002E88: EE05C07C 00000004 00000001
	global_load_b128 v[8:11], v[1:2], off offset:16            // 000000002E94: EE05C07C 00000008 00001001
	v_lshrrev_b16 v2, 8, v0                                    // 000000002EA0: D7390002 00020088
	v_mul_f32_e32 v1, v3, v23                                  // 000000002EA8: 10022F03
	v_ashrrev_i16 v3, 8, v0                                    // 000000002EAC: D73A0003 00020088
	v_bfe_u32 v0, v0, 4, 4                                     // 000000002EB4: D6100000 02110900
	s_delay_alu instid0(VALU_DEP_4) | instskip(NEXT) | instid1(VALU_DEP_4)// 000000002EBC: BF870214
	v_and_b32_e32 v2, 0xffff, v2                               // 000000002EC0: 360404FF 0000FFFF
	v_mul_f32_e32 v1, 0x40733333, v1                           // 000000002EC8: 100202FF 40733333
	s_delay_alu instid0(VALU_DEP_4) | instskip(SKIP_1) | instid1(VALU_DEP_4)// 000000002ED0: BF870224
	v_cmp_lt_i16_e32 vcc_lo, -1, v3                            // 000000002ED4: 7C6206C1
	v_cvt_f32_i32_e32 v3, v16                                  // 000000002ED8: 7E060B10
	v_lshl_or_b32 v12, v2, 8, v12                              // 000000002EDC: D656000C 04311102
	v_lshrrev_b32_e32 v26, 2, v2                               // 000000002EE4: 32340482
	v_add3_u32 v0, v13, v2, v0                                 // 000000002EE8: D6550000 0402050D
	v_cvt_f32_i32_e32 v13, v17                                 // 000000002EF0: 7E1A0B11
	v_and_b32_e32 v18, 3, v2                                   // 000000002EF4: 36240483
	v_lshrrev_b32_e32 v17, 6, v12                              // 000000002EF8: 32221886
	v_bfe_u32 v12, v12, 6, 2                                   // 000000002EFC: D610000C 02090D0C
	v_add3_u32 v0, v0, v14, v26                                // 000000002F04: D6550000 046A1D00
	v_add_f32_e32 v14, 0.5, v13                                // 000000002F0C: 061C1AF0
	v_add_f32_e32 v26, 0.5, v15                                // 000000002F10: 06341EF0
	v_lshrrev_b32_e32 v28, 4, v2                               // 000000002F14: 32380484
	v_add_nc_u32_e32 v12, -2, v12                              // 000000002F18: 4A1818C2
	v_bfe_u32 v27, v2, 2, 2                                    // 000000002F1C: D610001B 02090502
	s_wait_alu 0xfffd                                          // 000000002F24: BF88FFFD
	v_cndmask_b32_e32 v13, v14, v13, vcc_lo                    // 000000002F28: 021A1B0E
	v_cndmask_b32_e32 v14, v26, v15, vcc_lo                    // 000000002F2C: 021C1F1A
	v_add_nc_u32_e32 v16, -2, v18                              // 000000002F30: 4A2024C2
	v_add3_u32 v0, v0, v28, v17                                // 000000002F34: D6550000 04463900
	v_add_f32_e32 v15, 0.5, v3                                 // 000000002F3C: 061E06F0
	v_cvt_f32_i32_e32 v12, v12                                 // 000000002F40: 7E180B0C
	v_mul_f32_e32 v14, v1, v14                                 // 000000002F44: 101C1D01
	v_bfe_u32 v29, v2, 4, 2                                    // 000000002F48: D610001D 02090902
	v_lshrrev_b32_e32 v2, 5, v2                                // 000000002F50: 32040485
	v_add_nc_u32_e32 v18, -2, v27                              // 000000002F54: 4A2436C2
	v_cvt_f32_i32_e32 v16, v16                                 // 000000002F58: 7E200B10
	v_cndmask_b32_e32 v3, v15, v3, vcc_lo                      // 000000002F5C: 0206070F
	v_mul_f32_e32 v13, v1, v13                                 // 000000002F60: 101A1B01
	v_add_f32_e32 v15, 0.5, v12                                // 000000002F64: 061E18F0
	v_and_b32_e32 v0, 1, v0                                    // 000000002F68: 36000081
	v_add_nc_u32_e32 v27, -2, v29                              // 000000002F6C: 4A363AC2
	v_cvt_f32_i32_e32 v17, v18                                 // 000000002F70: 7E220B12
	v_mul_f32_e32 v3, v1, v3                                   // 000000002F74: 10060701
	v_cndmask_b32_e32 v12, v15, v12, vcc_lo                    // 000000002F78: 0218190F
	v_and_or_b32 v0, v2, 2, v0                                 // 000000002F7C: D6570000 04010502
	v_cvt_f32_i32_e32 v18, v27                                 // 000000002F84: 7E240B1B
	v_add_f32_e32 v2, 0.5, v17                                 // 000000002F88: 060422F0
	s_delay_alu instid0(VALU_DEP_4) | instskip(NEXT) | instid1(VALU_DEP_4)// 000000002F8C: BF870214
	v_mul_f32_e32 v12, v1, v12                                 // 000000002F90: 10181901
	v_add_nc_u32_e32 v0, -2, v0                                // 000000002F94: 4A0000C2
	s_delay_alu instid0(VALU_DEP_3) | instskip(NEXT) | instid1(VALU_DEP_2)// 000000002F98: BF870113
	v_cndmask_b32_e32 v2, v2, v17, vcc_lo                      // 000000002F9C: 02042302
	v_cvt_f32_i32_e32 v0, v0                                   // 000000002FA0: 7E000B00
	s_delay_alu instid0(VALU_DEP_2) | instskip(SKIP_3) | instid1(VALU_DEP_2)// 000000002FA4: BF870142
	v_mul_f32_e32 v2, v1, v2                                   // 000000002FA8: 10040501
	s_wait_loadcnt 0x1                                         // 000000002FAC: BFC00001
	v_mul_f32_e32 v5, v5, v14                                  // 000000002FB0: 100A1D05
	v_add_f32_e32 v14, 0.5, v16                                // 000000002FB4: 061C20F0
	v_fmac_f32_e32 v5, v4, v13                                 // 000000002FB8: 560A1B04
	s_delay_alu instid0(VALU_DEP_2) | instskip(NEXT) | instid1(VALU_DEP_2)// 000000002FBC: BF870112
	v_cndmask_b32_e32 v4, v14, v16, vcc_lo                     // 000000002FC0: 0208210E
	v_fmac_f32_e32 v5, v6, v3                                  // 000000002FC4: 560A0706
	v_add_f32_e32 v3, 0.5, v18                                 // 000000002FC8: 060624F0
	s_delay_alu instid0(VALU_DEP_3) | instskip(NEXT) | instid1(VALU_DEP_3)// 000000002FCC: BF870193
	v_mul_f32_e32 v4, v1, v4                                   // 000000002FD0: 10080901
	v_fmac_f32_e32 v5, v7, v12                                 // 000000002FD4: 560A1907
	s_delay_alu instid0(VALU_DEP_3) | instskip(SKIP_1) | instid1(VALU_DEP_2)// 000000002FD8: BF870123
	v_cndmask_b32_e32 v3, v3, v18, vcc_lo                      // 000000002FDC: 02062503
	s_wait_loadcnt 0x0                                         // 000000002FE0: BFC00000
	v_fmac_f32_e32 v5, v8, v4                                  // 000000002FE4: 560A0908
	v_add_f32_e32 v4, 0.5, v0                                  // 000000002FE8: 060800F0
	s_delay_alu instid0(VALU_DEP_3) | instskip(NEXT) | instid1(VALU_DEP_3)// 000000002FEC: BF870193
	v_mul_f32_e32 v3, v1, v3                                   // 000000002FF0: 10060701
	v_fmac_f32_e32 v5, v9, v2                                  // 000000002FF4: 560A0509
	s_delay_alu instid0(VALU_DEP_3) | instskip(NEXT) | instid1(VALU_DEP_2)// 000000002FF8: BF870113
	v_cndmask_b32_e32 v0, v4, v0, vcc_lo                       // 000000002FFC: 02000104
	v_fmac_f32_e32 v5, v10, v3                                 // 000000003000: 560A070A
	s_delay_alu instid0(VALU_DEP_2) | instskip(NEXT) | instid1(VALU_DEP_1)// 000000003004: BF870092
	v_mul_f32_e32 v0, v1, v0                                   // 000000003008: 10000101
	v_fmac_f32_e32 v5, v11, v0                                 // 00000000300C: 560A010B
	s_delay_alu instid0(VALU_DEP_1)                            // 000000003010: BF870001
	v_add_f32_e32 v20, v20, v5                                 // 000000003014: 06280B14
	s_cmp_lg_u32 s6, 3                                         // 000000003018: BF078306
	s_cbranch_scc1 196                                         // 00000000301C: BFA200C4 <gemv_mixed_moe_gate_up_k8_indexed_batched+0x1530>
	s_and_b32 s6, s18, -2                                      // 000000003020: 8B06C212
	s_wait_alu 0xfffe                                          // 000000003024: BF88FFFE
	s_mul_i32 s2, s6, 0x48                                     // 000000003028: 9602FF06 00000048
	s_wait_alu 0xfffe                                          // 000000003030: BF88FFFE
	s_ashr_i32 s3, s2, 31                                      // 000000003034: 86039F02
	s_wait_alu 0xfffe                                          // 000000003038: BF88FFFE
	s_add_nc_u64 s[2:3], s[22:23], s[2:3]                      // 00000000303C: A9820216
	s_wait_alu 0xfffe                                          // 000000003040: BF88FFFE
	v_add_co_u32 v1, s4, s2, v25                               // 000000003044: D7000401 00023202
	s_wait_alu 0xf1ff                                          // 00000000304C: BF88F1FF
	v_add_co_ci_u32_e64 v2, null, s3, 0, s4                    // 000000003050: D5207C02 00110003
	s_mov_b64 s[2:3], exec                                     // 000000003058: BE82017E
	flat_load_u8 v0, v[1:2] offset:16                          // 00000000305C: EC04007C 00000000 00001001
	s_wait_loadcnt_dscnt 0x0                                   // 000000003068: BFC80000
	v_and_b32_e32 v6, 7, v0                                    // 00000000306C: 360C0087
	v_bfe_u32 v5, v0, 3, 4                                     // 000000003070: D6100005 02110700
	s_delay_alu instid0(VALU_DEP_2) | instskip(NEXT) | instid1(VALU_DEP_2)// 000000003078: BF870112
	v_cvt_f32_ubyte0_e32 v4, v6                                // 00000000307C: 7E082306
	v_cmpx_ne_u32_e32 0, v5                                    // 000000003080: 7D9A0A80
	s_wait_alu 0xfffe                                          // 000000003084: BF88FFFE
	s_xor_b64 s[4:5], exec, s[2:3]                             // 000000003088: 8D84027E
	s_cbranch_execz 17                                         // 00000000308C: BFA50011 <gemv_mixed_moe_gate_up_k8_indexed_batched+0x12d4>
	v_mov_b32_e32 v0, 1.0                                      // 000000003090: 7E0002F2
	v_lshl_add_u32 v3, v5, 23, 0x3c000000                      // 000000003094: D6460003 03FD2F05 3C000000
	v_cmp_eq_u32_e32 vcc_lo, 15, v5                            // 0000000030A0: 7C940A8F
	v_cmp_eq_u32_e64 s2, 7, v6                                 // 0000000030A4: D44A0002 00020C87
	s_delay_alu instid0(VALU_DEP_4) | instskip(SKIP_1) | instid1(VALU_DEP_1)// 0000000030AC: BF8700A4
	v_fmamk_f32 v0, v4, 0x3e000000, v0                         // 0000000030B0: 58000104 3E000000
	s_and_b64 s[2:3], s[2:3], vcc                              // 0000000030B8: 8B826A02
	v_mul_f32_e32 v0, v0, v3                                   // 0000000030BC: 10000700
	s_wait_alu 0xfffe                                          // 0000000030C0: BF88FFFE
	s_delay_alu instid0(VALU_DEP_1)                            // 0000000030C4: BF870001
	v_cndmask_b32_e64 v3, v0, 0x43e00000, s2                   // 0000000030C8: D5010003 0009FF00 43E00000
	s_wait_alu 0xfffe                                          // 0000000030D4: BF88FFFE
	s_and_not1_saveexec_b64 s[2:3], s[4:5]                     // 0000000030D8: BE823104
	v_mul_f32_e32 v0, 0x3c800000, v4                           // 0000000030DC: 100008FF 3C800000
	s_delay_alu instid0(VALU_DEP_1)                            // 0000000030E4: BF870001
	v_mul_f32_e32 v3, 0x3e000000, v0                           // 0000000030E8: 100600FF 3E000000
	s_wait_alu 0xfffe                                          // 0000000030F0: BF88FFFE
	s_or_b64 exec, exec, s[2:3]                                // 0000000030F4: 8CFE027E
	v_add_co_u32 v1, vcc_lo, v1, v24                           // 0000000030F8: D7006A01 00023101
	s_wait_alu 0xfffd                                          // 000000003100: BF88FFFD
	v_add_co_ci_u32_e64 v2, null, 0, v2, vcc_lo                // 000000003104: D5207C02 01AA0480
	flat_load_u16 v0, v[1:2] offset:17                         // 00000000310C: EC04807C 00000000 00001101
	scratch_load_b32 v1, off, off                              // 000000003118: ED05007C 00000001 00000000
	s_wait_loadcnt_dscnt 0x100                                 // 000000003124: BFC80100
	v_and_b32_e32 v12, 0xff, v0                                // 000000003128: 361800FF 000000FF
	s_wait_loadcnt 0x0                                         // 000000003130: BFC00000
	v_lshlrev_b32_e32 v1, 3, v1                                // 000000003134: 30020283
	v_and_b32_e32 v13, 3, v0                                   // 000000003138: 361A0083
	v_bfe_u32 v14, v0, 2, 6                                    // 00000000313C: D610000E 02190500
	v_bfe_u32 v15, v12, 2, 2                                   // 000000003144: D610000F 0209050C
	s_delay_alu instid0(VALU_DEP_4) | instskip(NEXT) | instid1(VALU_DEP_4)// 00000000314C: BF870214
	v_lshl_or_b32 v1, s6, 8, v1                                // 000000003150: D6560001 04051006
	v_add_nc_u32_e32 v17, -2, v13                              // 000000003158: 4A221AC2
	v_bfe_u32 v16, v12, 4, 2                                   // 00000000315C: D6100010 0209090C
	s_delay_alu instid0(VALU_DEP_4) | instskip(NEXT) | instid1(VALU_DEP_4)// 000000003164: BF870214
	v_add_nc_u32_e32 v15, -2, v15                              // 000000003168: 4A1E1EC2
	v_ashrrev_i32_e32 v2, 31, v1                               // 00000000316C: 3404029F
	s_delay_alu instid0(VALU_DEP_3) | instskip(NEXT) | instid1(VALU_DEP_3)// 000000003170: BF870193
	v_add_nc_u32_e32 v16, -2, v16                              // 000000003174: 4A2020C2
	v_cvt_f32_i32_e32 v15, v15                                 // 000000003178: 7E1E0B0F
	s_delay_alu instid0(VALU_DEP_3) | instskip(NEXT) | instid1(VALU_DEP_1)// 00000000317C: BF870093
	v_lshlrev_b64_e32 v[1:2], 2, v[1:2]                        // 000000003180: 3E020282
	v_add_co_u32 v1, vcc_lo, s16, v1                           // 000000003184: D7006A01 00020210
	s_wait_alu 0xfffd                                          // 00000000318C: BF88FFFD
	s_delay_alu instid0(VALU_DEP_2)                            // 000000003190: BF870002
	v_add_co_ci_u32_e64 v2, null, s17, v2, vcc_lo              // 000000003194: D5207C02 01AA0411
	s_clause 0x1                                               // 00000000319C: BF850001
	global_load_b128 v[4:7], v[1:2], off                       // 0000000031A0: EE05C07C 00000004 00000001
	global_load_b128 v[8:11], v[1:2], off offset:16            // 0000000031AC: EE05C07C 00000008 00001001
	v_lshrrev_b16 v2, 8, v0                                    // 0000000031B8: D7390002 00020088
	v_mul_f32_e32 v1, v3, v23                                  // 0000000031C0: 10022F03
	v_ashrrev_i16 v3, 8, v0                                    // 0000000031C4: D73A0003 00020088
	v_bfe_u32 v0, v0, 4, 4                                     // 0000000031CC: D6100000 02110900
	s_delay_alu instid0(VALU_DEP_4) | instskip(NEXT) | instid1(VALU_DEP_4)// 0000000031D4: BF870214
	v_and_b32_e32 v2, 0xffff, v2                               // 0000000031D8: 360404FF 0000FFFF
	v_mul_f32_e32 v1, 0x40733333, v1                           // 0000000031E0: 100202FF 40733333
	s_delay_alu instid0(VALU_DEP_4) | instskip(SKIP_1) | instid1(VALU_DEP_4)// 0000000031E8: BF870224
	v_cmp_lt_i16_e32 vcc_lo, -1, v3                            // 0000000031EC: 7C6206C1
	v_cvt_f32_i32_e32 v3, v16                                  // 0000000031F0: 7E060B10
	v_lshl_or_b32 v12, v2, 8, v12                              // 0000000031F4: D656000C 04311102
	v_lshrrev_b32_e32 v23, 2, v2                               // 0000000031FC: 322E0482
	v_add3_u32 v0, v13, v2, v0                                 // 000000003200: D6550000 0402050D
	v_cvt_f32_i32_e32 v13, v17                                 // 000000003208: 7E1A0B11
	v_and_b32_e32 v18, 3, v2                                   // 00000000320C: 36240483
	v_lshrrev_b32_e32 v17, 6, v12                              // 000000003210: 32221886
	v_bfe_u32 v12, v12, 6, 2                                   // 000000003214: D610000C 02090D0C
	v_add3_u32 v0, v0, v14, v23                                // 00000000321C: D6550000 045E1D00
	v_add_f32_e32 v14, 0.5, v13                                // 000000003224: 061C1AF0
	v_add_f32_e32 v23, 0.5, v15                                // 000000003228: 062E1EF0
	v_lshrrev_b32_e32 v25, 4, v2                               // 00000000322C: 32320484
	v_add_nc_u32_e32 v12, -2, v12                              // 000000003230: 4A1818C2
	v_bfe_u32 v24, v2, 2, 2                                    // 000000003234: D6100018 02090502
	s_wait_alu 0xfffd                                          // 00000000323C: BF88FFFD
	v_cndmask_b32_e32 v13, v14, v13, vcc_lo                    // 000000003240: 021A1B0E
	v_cndmask_b32_e32 v14, v23, v15, vcc_lo                    // 000000003244: 021C1F17
	v_add_nc_u32_e32 v16, -2, v18                              // 000000003248: 4A2024C2
	v_add3_u32 v0, v0, v25, v17                                // 00000000324C: D6550000 04463300
	v_add_f32_e32 v15, 0.5, v3                                 // 000000003254: 061E06F0
	v_cvt_f32_i32_e32 v12, v12                                 // 000000003258: 7E180B0C
	v_mul_f32_e32 v14, v1, v14                                 // 00000000325C: 101C1D01
	v_bfe_u32 v26, v2, 4, 2                                    // 000000003260: D610001A 02090902
	v_lshrrev_b32_e32 v2, 5, v2                                // 000000003268: 32040485
	v_add_nc_u32_e32 v18, -2, v24                              // 00000000326C: 4A2430C2
	v_cvt_f32_i32_e32 v16, v16                                 // 000000003270: 7E200B10
	v_cndmask_b32_e32 v3, v15, v3, vcc_lo                      // 000000003274: 0206070F
	v_mul_f32_e32 v13, v1, v13                                 // 000000003278: 101A1B01
	v_add_f32_e32 v15, 0.5, v12                                // 00000000327C: 061E18F0
	v_and_b32_e32 v0, 1, v0                                    // 000000003280: 36000081
	v_add_nc_u32_e32 v24, -2, v26                              // 000000003284: 4A3034C2
	v_cvt_f32_i32_e32 v17, v18                                 // 000000003288: 7E220B12
	v_mul_f32_e32 v3, v1, v3                                   // 00000000328C: 10060701
	v_cndmask_b32_e32 v12, v15, v12, vcc_lo                    // 000000003290: 0218190F
	v_and_or_b32 v0, v2, 2, v0                                 // 000000003294: D6570000 04010502
	v_cvt_f32_i32_e32 v18, v24                                 // 00000000329C: 7E240B18
	v_add_f32_e32 v2, 0.5, v17                                 // 0000000032A0: 060422F0
	s_delay_alu instid0(VALU_DEP_4) | instskip(NEXT) | instid1(VALU_DEP_4)// 0000000032A4: BF870214
	v_mul_f32_e32 v12, v1, v12                                 // 0000000032A8: 10181901
	v_add_nc_u32_e32 v0, -2, v0                                // 0000000032AC: 4A0000C2
	s_delay_alu instid0(VALU_DEP_3) | instskip(NEXT) | instid1(VALU_DEP_2)// 0000000032B0: BF870113
	v_cndmask_b32_e32 v2, v2, v17, vcc_lo                      // 0000000032B4: 02042302
	v_cvt_f32_i32_e32 v0, v0                                   // 0000000032B8: 7E000B00
	s_delay_alu instid0(VALU_DEP_2) | instskip(SKIP_3) | instid1(VALU_DEP_2)// 0000000032BC: BF870142
	v_mul_f32_e32 v2, v1, v2                                   // 0000000032C0: 10040501
	s_wait_loadcnt 0x1                                         // 0000000032C4: BFC00001
	v_mul_f32_e32 v5, v5, v14                                  // 0000000032C8: 100A1D05
	v_add_f32_e32 v14, 0.5, v16                                // 0000000032CC: 061C20F0
	v_fmac_f32_e32 v5, v4, v13                                 // 0000000032D0: 560A1B04
	s_delay_alu instid0(VALU_DEP_2) | instskip(NEXT) | instid1(VALU_DEP_2)// 0000000032D4: BF870112
	v_cndmask_b32_e32 v4, v14, v16, vcc_lo                     // 0000000032D8: 0208210E
	v_fmac_f32_e32 v5, v6, v3                                  // 0000000032DC: 560A0706
	v_add_f32_e32 v3, 0.5, v18                                 // 0000000032E0: 060624F0
	s_delay_alu instid0(VALU_DEP_3) | instskip(NEXT) | instid1(VALU_DEP_3)// 0000000032E4: BF870193
	v_mul_f32_e32 v4, v1, v4                                   // 0000000032E8: 10080901
	v_fmac_f32_e32 v5, v7, v12                                 // 0000000032EC: 560A1907
	s_delay_alu instid0(VALU_DEP_3) | instskip(SKIP_1) | instid1(VALU_DEP_2)// 0000000032F0: BF870123
	v_cndmask_b32_e32 v3, v3, v18, vcc_lo                      // 0000000032F4: 02062503
	s_wait_loadcnt 0x0                                         // 0000000032F8: BFC00000
	v_fmac_f32_e32 v5, v8, v4                                  // 0000000032FC: 560A0908
	v_add_f32_e32 v4, 0.5, v0                                  // 000000003300: 060800F0
	s_delay_alu instid0(VALU_DEP_3) | instskip(NEXT) | instid1(VALU_DEP_3)// 000000003304: BF870193
	v_mul_f32_e32 v3, v1, v3                                   // 000000003308: 10060701
	v_fmac_f32_e32 v5, v9, v2                                  // 00000000330C: 560A0509
	s_delay_alu instid0(VALU_DEP_3) | instskip(NEXT) | instid1(VALU_DEP_2)// 000000003310: BF870113
	v_cndmask_b32_e32 v0, v4, v0, vcc_lo                       // 000000003314: 02000104
	v_fmac_f32_e32 v5, v10, v3                                 // 000000003318: 560A070A
	s_delay_alu instid0(VALU_DEP_2) | instskip(NEXT) | instid1(VALU_DEP_1)// 00000000331C: BF870092
	v_mul_f32_e32 v0, v1, v0                                   // 000000003320: 10000101
	v_fmac_f32_e32 v5, v11, v0                                 // 000000003324: 560A010B
	s_delay_alu instid0(VALU_DEP_1)                            // 000000003328: BF870001
	v_add_f32_e32 v21, v21, v5                                 // 00000000332C: 062A0B15
	s_delay_alu instid0(VALU_DEP_1) | instskip(NEXT) | instid1(VALU_DEP_2)// 000000003330: BF870111
	v_add_f32_e32 v0, v19, v20                                 // 000000003334: 06002913
	v_add_f32_e32 v1, v22, v21                                 // 000000003338: 06022B16
	s_mov_b64 s[2:3], 0                                        // 00000000333C: BE820180
	s_delay_alu instid0(VALU_DEP_1)                            // 000000003340: BF870001
	v_add_f32_e32 v11, v0, v1                                  // 000000003344: 06160300
	s_wait_alu 0xfffe                                          // 000000003348: BF88FFFE
	s_and_not1_b64 vcc, exec, s[2:3]                           // 00000000334C: 91EA027E
	s_wait_alu 0xfffe                                          // 000000003350: BF88FFFE
	s_cbranch_vccnz 1283                                       // 000000003354: BFA40503 <gemv_mixed_moe_gate_up_k8_indexed_batched+0x2964>
	s_lshr_b32 s3, s19, 27                                     // 000000003358: 85039B13
	s_mov_b32 s2, ttmp9                                        // 00000000335C: BE820075
	s_wait_alu 0xfffe                                          // 000000003360: BF88FFFE
	s_add_co_i32 s3, s9, s3                                    // 000000003364: 81030309
	v_mov_b32_e32 v13, 0                                       // 000000003368: 7E1A0280
	s_wait_alu 0xfffe                                          // 00000000336C: BF88FFFE
	s_ashr_i32 s3, s3, 5                                       // 000000003370: 86038503
	s_ashr_i32 s24, s18, 2                                     // 000000003374: 86188212
	s_wait_alu 0xfffe                                          // 000000003378: BF88FFFE
	s_mul_i32 s4, s3, 13                                       // 00000000337C: 96048D03
	s_ashr_i32 s3, ttmp9, 31                                   // 000000003380: 86039F75
	s_wait_alu 0xfffe                                          // 000000003384: BF88FFFE
	s_ashr_i32 s5, s4, 31                                      // 000000003388: 86059F04
	s_cmp_lt_i32 s24, 1                                        // 00000000338C: BF048118
	s_wait_alu 0xfffe                                          // 000000003390: BF88FFFE
	s_add_nc_u64 s[4:5], s[4:5], 16                            // 000000003394: A9849004
	s_wait_alu 0xfffe                                          // 000000003398: BF88FFFE
	s_mul_u64 s[2:3], s[4:5], s[2:3]                           // 00000000339C: AA820204
	s_wait_kmcnt 0x0                                           // 0000000033A0: BFC70000
	s_wait_alu 0xfffe                                          // 0000000033A4: BF88FFFE
	s_add_nc_u64 s[22:23], s[20:21], s[2:3]                    // 0000000033A8: A9960214
	s_wait_alu 0xfffe                                          // 0000000033AC: BF88FFFE
	v_mov_b32_e32 v1, s22                                      // 0000000033B0: 7E020216
	v_mov_b32_e32 v2, s23                                      // 0000000033B4: 7E040217
	flat_load_u16 v0, v[1:2]                                   // 0000000033B8: EC04807C 00000000 00000001
	scratch_load_b32 v3, off, off                              // 0000000033C4: ED05007C 00000003 00000000
	s_wait_loadcnt_dscnt 0x100                                 // 0000000033D0: BFC80100
	v_cvt_f32_f16_e32 v17, v0                                  // 0000000033D4: 7E221700
	s_wait_loadcnt 0x0                                         // 0000000033D8: BFC00000
	v_and_b32_e32 v1, 3, v3                                    // 0000000033DC: 36020683
	v_lshrrev_b32_e32 v2, 2, v3                                // 0000000033E0: 32040682
	s_delay_alu instid0(VALU_DEP_2) | instskip(NEXT) | instid1(VALU_DEP_2)// 0000000033E4: BF870112
	v_mul_u32_u24_e32 v18, 3, v1                               // 0000000033E8: 16240283
	v_mul_u32_u24_e32 v19, 13, v2                              // 0000000033EC: 1626048D
	s_cbranch_scc1 653                                         // 0000000033F0: BFA2028D <gemv_mixed_moe_gate_up_k8_indexed_batched+0x2028>
	s_delay_alu instid0(VALU_DEP_1) | instskip(SKIP_3) | instid1(VALU_DEP_3)// 0000000033F4: BF8701C1
	v_add_co_u32 v0, s2, s22, v19                              // 0000000033F8: D7000200 00022616
	s_wait_alu 0xf1ff                                          // 000000003400: BF88F1FF
	v_add_co_ci_u32_e64 v1, null, s23, 0, s2                   // 000000003404: D5207C01 00090017
	v_lshlrev_b32_e32 v5, 3, v3                                // 00000000340C: 300A0683
	v_add_co_u32 v7, vcc_lo, 0xe0, v0                          // 000000003410: D7006A07 000200FF 000000E0
	s_wait_alu 0xfffd                                          // 00000000341C: BF88FFFD
	s_delay_alu instid0(VALU_DEP_3)                            // 000000003420: BF870003
	v_add_co_ci_u32_e64 v8, null, 0, v1, vcc_lo                // 000000003424: D5207C08 01AA0280
	v_mov_b32_e32 v14, 0                                       // 00000000342C: 7E1C0280
	v_mov_b32_e32 v15, 0                                       // 000000003430: 7E1E0280
	v_mov_b32_e32 v16, 0                                       // 000000003434: 7E200280
	s_branch 487                                               // 000000003438: BFA001E7 <gemv_mixed_moe_gate_up_k8_indexed_batched+0x1dd8>
	s_wait_alu 0xfffe                                          // 00000000343C: BF88FFFE
	s_or_b64 exec, exec, s[2:3]                                // 000000003440: 8CFE027E
	v_add_co_u32 v11, vcc_lo, v7, v18                          // 000000003444: D7006A0B 00022507
	s_wait_alu 0xfffd                                          // 00000000344C: BF88FFFD
	v_add_co_ci_u32_e64 v12, null, 0, v8, vcc_lo               // 000000003450: D5207C0C 01AA1080
	v_ashrrev_i32_e32 v6, 31, v5                               // 000000003458: 340C0A9F
	v_mul_f32_e32 v24, v24, v17                                // 00000000345C: 10302318
	v_mul_f32_e32 v27, v27, v17                                // 000000003460: 1036231B
	s_clause 0x4                                               // 000000003464: BF850004
	flat_load_u16 v20, v[11:12] offset:105                     // 000000003468: EC04807C 00000014 0000690B
	flat_load_u16 v21, v[11:12] offset:1                       // 000000003474: EC04807C 00000015 0000010B
	flat_load_u16 v22, v[11:12] offset:-103                    // 000000003480: EC04807C 00000016 FFFF990B
	flat_load_u16 v30, v[11:12] offset:-207                    // 00000000348C: EC04807C 0000001E FFFF310B
	flat_load_i8 v23, v[11:12] offset:-205                     // 000000003498: EC04407C 00000017 FFFF330B
	v_mul_f32_e32 v26, v26, v17                                // 0000000034A4: 1034231A
	v_lshlrev_b64_e32 v[1:2], 2, v[5:6]                        // 0000000034A8: 3E020A82
	v_mul_f32_e32 v24, 0x3fe66666, v24                         // 0000000034AC: 103030FF 3FE66666
	v_add_nc_u32_e32 v5, 0x400, v5                             // 0000000034B4: 4A0A0AFF 00000400
	s_add_co_i32 s24, s24, -1                                  // 0000000034BC: 8118C118
	v_mul_f32_e32 v26, 0x3fe66666, v26                         // 0000000034C0: 103434FF 3FE66666
	s_cmp_eq_u32 s24, 0                                        // 0000000034C8: BF068018
	v_add_co_u32 v9, vcc_lo, s16, v1                           // 0000000034CC: D7006A09 00020210
	s_wait_alu 0xfffd                                          // 0000000034D4: BF88FFFD
	v_add_co_ci_u32_e64 v10, null, s17, v2, vcc_lo             // 0000000034D8: D5207C0A 01AA0411
	global_load_b128 v[1:4], v[9:10], off                      // 0000000034E0: EE05C07C 00000001 00000009
	flat_load_i8 v29, v[11:12] offset:-101                     // 0000000034EC: EC04407C 0000001D FFFF9B0B
	global_load_b128 v[40:43], v[9:10], off offset:1024        // 0000000034F8: EE05C07C 00000028 00040009
	flat_load_i8 v34, v[11:12] offset:3                        // 000000003504: EC04407C 00000022 0000030B
	s_wait_loadcnt_dscnt 0x503                                 // 000000003510: BFC80503
	v_bfe_u32 v39, v30, 3, 3                                   // 000000003514: D6100027 020D071E
	v_and_b32_e32 v38, 7, v30                                  // 00000000351C: 364C3C87
	s_wait_loadcnt_dscnt 0x402                                 // 000000003520: BFC80402
	v_and_b32_e32 v33, 0xff, v23                               // 000000003524: 36422EFF 000000FF
	v_bfe_u32 v28, v30, 6, 3                                   // 00000000352C: D610001C 020D0D1E
	v_cmp_lt_i16_e32 vcc_lo, -1, v23                           // 000000003534: 7C622EC1
	v_add_nc_u32_e32 v6, -4, v39                               // 000000003538: 4A0C4EC4
	v_add_nc_u32_e32 v0, -4, v38                               // 00000000353C: 4A004CC4
	v_perm_b32 v31, v33, v30, 0x504010c                        // 000000003540: D644001F 03FE3D21 0504010C
	v_add_nc_u32_e32 v28, -4, v28                              // 00000000354C: 4A3838C4
	v_bfe_u32 v33, v33, 2, 3                                   // 000000003550: D6100021 020D0521
	v_cvt_f32_i32_e32 v6, v6                                   // 000000003558: 7E0C0B06
	v_cvt_f32_i32_e32 v0, v0                                   // 00000000355C: 7E000B00
	v_bfe_u32 v32, v31, 9, 3                                   // 000000003560: D6100020 020D131F
	v_cvt_f32_i32_e32 v28, v28                                 // 000000003568: 7E380B1C
	s_wait_loadcnt_dscnt 0x201                                 // 00000000356C: BFC80201
	v_cmp_lt_i16_e64 s2, -1, v29                               // 000000003570: D4310002 00023AC1
	v_add_f32_e32 v36, 0.5, v6                                 // 000000003578: 06480CF0
	v_add_f32_e32 v35, 0.5, v0                                 // 00000000357C: 064600F0
	v_add_nc_u32_e32 v32, -4, v32                              // 000000003580: 4A4040C4
	s_wait_loadcnt_dscnt 0x0                                   // 000000003584: BFC80000
	v_cmp_lt_i16_e64 s4, -1, v34                               // 000000003588: D4310004 000244C1
	v_add_nc_u32_e32 v33, -4, v33                              // 000000003590: 4A4242C4
	s_wait_alu 0xfffd                                          // 000000003594: BF88FFFD
	v_cndmask_b32_e32 v6, v36, v6, vcc_lo                      // 000000003598: 020C0D24
	v_cndmask_b32_e32 v0, v35, v0, vcc_lo                      // 00000000359C: 02000123
	v_add_f32_e32 v35, 0.5, v28                                // 0000000035A0: 064638F0
	v_cvt_f32_i32_e32 v32, v32                                 // 0000000035A4: 7E400B20
	v_cvt_f32_i32_e32 v33, v33                                 // 0000000035A8: 7E420B21
	v_mul_f32_e32 v6, v24, v6                                  // 0000000035AC: 100C0D18
	v_mul_f32_e32 v0, v24, v0                                  // 0000000035B0: 10000118
	v_cndmask_b32_e32 v28, v35, v28, vcc_lo                    // 0000000035B4: 02383923
	v_add_f32_e32 v35, 0.5, v32                                // 0000000035B8: 064640F0
	s_delay_alu instid0(VALU_DEP_4) | instskip(SKIP_1) | instid1(VALU_DEP_4)// 0000000035BC: BF870224
	v_mul_f32_e32 v6, v6, v2                                   // 0000000035C0: 100C0506
	v_bfe_u32 v2, v22, 3, 3                                    // 0000000035C4: D6100002 020D0716
	v_mul_f32_e32 v28, v24, v28                                // 0000000035CC: 10383918
	s_delay_alu instid0(VALU_DEP_4) | instskip(SKIP_3) | instid1(VALU_DEP_4)// 0000000035D0: BF870244
	v_cndmask_b32_e32 v32, v35, v32, vcc_lo                    // 0000000035D4: 02404123
	v_and_b32_e32 v35, 0xff, v29                               // 0000000035D8: 36463AFF 000000FF
	v_fmac_f32_e32 v6, v0, v1                                  // 0000000035E0: 560C0300
	v_and_b32_e32 v1, 7, v22                                   // 0000000035E4: 36022C87
	v_mul_f32_e32 v0, v24, v32                                 // 0000000035E8: 10004118
	s_delay_alu instid0(VALU_DEP_4) | instskip(NEXT) | instid1(VALU_DEP_4)// 0000000035EC: BF870214
	v_perm_b32 v32, v35, v22, 0x504010c                        // 0000000035F0: D6440020 03FE2D23 0504010C
	v_fmac_f32_e32 v6, v28, v3                                 // 0000000035FC: 560C071C
	v_add_nc_u32_e32 v28, -4, v2                               // 000000003600: 4A3804C4
	v_add_nc_u32_e32 v3, -4, v1                                // 000000003604: 4A0602C4
	v_bfe_u32 v35, v35, 2, 3                                   // 000000003608: D6100023 020D0523
	v_bfe_u32 v36, v32, 9, 3                                   // 000000003610: D6100024 020D1320
	v_fmac_f32_e32 v6, v0, v4                                  // 000000003618: 560C0900
	v_bfe_u32 v0, v22, 6, 3                                    // 00000000361C: D6100000 020D0D16
	v_mul_f32_e32 v4, v25, v17                                 // 000000003624: 10082319
	v_cvt_f32_i32_e32 v25, v28                                 // 000000003628: 7E320B1C
	v_cvt_f32_i32_e32 v3, v3                                   // 00000000362C: 7E060B03
	v_lshrrev_b32_e32 v22, 6, v22                              // 000000003630: 322C2C86
	v_add_nc_u32_e32 v0, -4, v0                                // 000000003634: 4A0000C4
	v_mul_f32_e32 v28, 0x3fe66666, v4                          // 000000003638: 103808FF 3FE66666
	v_add_f32_e32 v44, 0.5, v25                                // 000000003640: 065832F0
	v_add_f32_e32 v37, 0.5, v3                                 // 000000003644: 064A06F0
	v_add_nc_u32_e32 v4, -4, v36                               // 000000003648: 4A0848C4
	v_cvt_f32_i32_e32 v0, v0                                   // 00000000364C: 7E000B00
	v_add_nc_u32_e32 v35, -4, v35                              // 000000003650: 4A4646C4
	s_wait_alu 0xf1ff                                          // 000000003654: BF88F1FF
	v_cndmask_b32_e64 v25, v44, v25, s2                        // 000000003658: D5010019 000A332C
	v_cndmask_b32_e64 v3, v37, v3, s2                          // 000000003660: D5010003 000A0725
	v_cvt_f32_i32_e32 v4, v4                                   // 000000003668: 7E080B04
	v_add_f32_e32 v36, 0.5, v0                                 // 00000000366C: 064800F0
	v_and_b32_e32 v37, 0xff, v34                               // 000000003670: 364A44FF 000000FF
	v_mul_f32_e32 v25, v28, v25                                // 000000003678: 1032331C
	v_mul_f32_e32 v3, v28, v3                                  // 00000000367C: 1006071C
	v_cvt_f32_i32_e32 v35, v35                                 // 000000003680: 7E460B23
	v_cndmask_b32_e64 v0, v36, v0, s2                          // 000000003684: D5010000 000A0124
	v_add_f32_e32 v36, 0.5, v4                                 // 00000000368C: 064808F0
	v_mul_f32_e32 v25, v25, v41                                // 000000003690: 10325319
	v_bfe_u32 v41, v21, 6, 3                                   // 000000003694: D6100029 020D0D15
	s_delay_alu instid0(VALU_DEP_4) | instskip(NEXT) | instid1(VALU_DEP_4)// 00000000369C: BF870214
	v_mul_f32_e32 v0, v28, v0                                  // 0000000036A0: 1000011C
	v_cndmask_b32_e64 v4, v36, v4, s2                          // 0000000036A4: D5010004 000A0924
	s_delay_alu instid0(VALU_DEP_4)                            // 0000000036AC: BF870004
	v_fmac_f32_e32 v25, v3, v40                                // 0000000036B0: 56325103
	v_and_b32_e32 v3, 7, v21                                   // 0000000036B4: 36062A87
	v_perm_b32 v36, v37, v21, 0x504010c                        // 0000000036B8: D6440024 03FE2B25 0504010C
	v_add_nc_u32_e32 v41, -4, v41                              // 0000000036C4: 4A5252C4
	v_mul_f32_e32 v40, v28, v4                                 // 0000000036C8: 1050091C
	v_fmac_f32_e32 v25, v0, v42                                // 0000000036CC: 56325500
	v_bfe_u32 v4, v21, 3, 3                                    // 0000000036D0: D6100004 020D0715
	v_add_nc_u32_e32 v0, -4, v3                                // 0000000036D8: 4A0006C4
	v_cvt_f32_i32_e32 v41, v41                                 // 0000000036DC: 7E520B29
	v_lshrrev_b32_e32 v21, 6, v21                              // 0000000036E0: 322A2A86
	v_fmac_f32_e32 v25, v40, v43                               // 0000000036E4: 56325728
	flat_load_i8 v40, v[11:12] offset:107                      // 0000000036E8: EC04407C 00000028 00006B0B
	v_add_nc_u32_e32 v11, -4, v4                               // 0000000036F4: 4A1608C4
	v_bfe_u32 v12, v36, 9, 3                                   // 0000000036F8: D610000C 020D1324
	v_cvt_f32_i32_e32 v0, v0                                   // 000000003700: 7E000B00
	v_bfe_u32 v37, v37, 2, 3                                   // 000000003704: D6100025 020D0525
	s_delay_alu instid0(VALU_DEP_4) | instskip(NEXT) | instid1(VALU_DEP_4)// 00000000370C: BF870214
	v_cvt_f32_i32_e32 v42, v11                                 // 000000003710: 7E540B0B
	v_add_nc_u32_e32 v11, -4, v12                              // 000000003714: 4A1618C4
	s_delay_alu instid0(VALU_DEP_4) | instskip(NEXT) | instid1(VALU_DEP_4)// 000000003718: BF870214
	v_add_f32_e32 v12, 0.5, v0                                 // 00000000371C: 061800F0
	v_add_nc_u32_e32 v37, -4, v37                              // 000000003720: 4A4A4AC4
	s_delay_alu instid0(VALU_DEP_4) | instskip(NEXT) | instid1(VALU_DEP_4)// 000000003724: BF870214
	v_add_f32_e32 v43, 0.5, v42                                // 000000003728: 065654F0
	v_cvt_f32_i32_e32 v44, v11                                 // 00000000372C: 7E580B0B
	s_delay_alu instid0(VALU_DEP_4)                            // 000000003730: BF870004
	v_cndmask_b32_e64 v0, v12, v0, s4                          // 000000003734: D5010000 0012010C
	v_add_f32_e32 v12, 0.5, v41                                // 00000000373C: 061852F0
	v_mul_f32_e32 v11, 0x3fe66666, v27                         // 000000003740: 101636FF 3FE66666
	v_cndmask_b32_e64 v27, v43, v42, s4                        // 000000003748: D501001B 0012552B
	v_add_f32_e32 v42, 0.5, v44                                // 000000003750: 065458F0
	v_cvt_f32_i32_e32 v37, v37                                 // 000000003754: 7E4A0B25
	v_cndmask_b32_e64 v45, v12, v41, s4                        // 000000003758: D501002D 0012530C
	v_mul_f32_e32 v0, v11, v0                                  // 000000003760: 1000010B
	v_mul_f32_e32 v12, v11, v27                                // 000000003764: 1018370B
	v_cndmask_b32_e64 v27, v42, v44, s4                        // 000000003768: D501001B 0012592A
	global_load_b128 v[41:44], v[9:10], off offset:2048        // 000000003770: EE05C07C 00000029 00080009
	s_wait_loadcnt_dscnt 0x100                                 // 00000000377C: BFC80100
	v_cmp_lt_i16_e64 s6, -1, v40                               // 000000003780: D4310006 000250C1
	s_wait_loadcnt 0x0                                         // 000000003788: BFC00000
	v_mul_f32_e32 v12, v12, v42                                // 00000000378C: 1018550C
	v_bfe_u32 v42, v34, 2, 6                                   // 000000003790: D610002A 02190522
	v_lshrrev_b32_e32 v34, 4, v34                              // 000000003798: 32444484
	s_delay_alu instid0(VALU_DEP_3) | instskip(SKIP_4) | instid1(VALU_DEP_4)// 00000000379C: BF870253
	v_fmac_f32_e32 v12, v0, v41                                // 0000000037A0: 56185300
	v_mul_f32_e32 v0, v11, v45                                 // 0000000037A4: 10005B0B
	v_and_b32_e32 v41, 0xff, v40                               // 0000000037A8: 365250FF 000000FF
	v_add3_u32 v42, v4, v3, v42                                // 0000000037B0: D655002A 04AA0704
	v_lshrrev_b32_e32 v4, 9, v31                               // 0000000037B8: 32083E89
	v_fmac_f32_e32 v12, v0, v43                                // 0000000037BC: 56185700
	v_mul_f32_e32 v0, v11, v27                                 // 0000000037C0: 1000370B
	v_lshrrev_b32_e32 v27, 6, v30                              // 0000000037C4: 32363C86
	v_bfe_u32 v30, v29, 2, 6                                   // 0000000037C8: D610001E 0219051D
	v_and_b32_e32 v43, 7, v20                                  // 0000000037D0: 36562887
	v_lshrrev_b32_e32 v29, 4, v29                              // 0000000037D4: 323A3A84
	v_fmac_f32_e32 v12, v0, v44                                // 0000000037D8: 56185900
	v_bfe_u32 v0, v23, 2, 6                                    // 0000000037DC: D6100000 02190517
	v_add3_u32 v44, v2, v1, v30                                // 0000000037E4: D655002C 047A0302
	v_perm_b32 v30, v41, v20, 0x504010c                        // 0000000037EC: D644001E 03FE2929 0504010C
	v_bfe_u32 v1, v20, 6, 3                                    // 0000000037F8: D6100001 020D0D14
	v_add_nc_u32_e32 v2, -4, v43                               // 000000003800: 4A0456C4
	v_add3_u32 v0, v39, v38, v0                                // 000000003804: D6550000 04024D27
	v_bfe_u32 v38, v20, 3, 3                                   // 00000000380C: D6100026 020D0714
	v_bfe_u32 v39, v40, 2, 6                                   // 000000003814: D6100027 02190528
	v_add_nc_u32_e32 v1, -4, v1                                // 00000000381C: 4A0202C4
	v_cvt_f32_i32_e32 v2, v2                                   // 000000003820: 7E040B02
	v_add3_u32 v0, v0, v27, v4                                 // 000000003824: D6550000 04123700
	v_add_nc_u32_e32 v3, -4, v38                               // 00000000382C: 4A064CC4
	v_add3_u32 v39, v38, v43, v39                              // 000000003830: D6550027 049E5726
	v_bfe_u32 v38, v30, 9, 3                                   // 000000003838: D6100026 020D131E
	v_add_f32_e32 v27, 0.5, v2                                 // 000000003840: 063604F0
	v_cvt_f32_i32_e32 v1, v1                                   // 000000003844: 7E020B01
	v_cvt_f32_i32_e32 v3, v3                                   // 000000003848: 7E060B03
	v_lshrrev_b32_e32 v20, 6, v20                              // 00000000384C: 32282886
	v_add_nc_u32_e32 v4, -4, v38                               // 000000003850: 4A084CC4
	s_wait_alu 0xf1ff                                          // 000000003854: BF88F1FF
	v_cndmask_b32_e64 v2, v27, v2, s6                          // 000000003858: D5010002 001A051B
	v_add_f32_e32 v27, 0.5, v1                                 // 000000003860: 063602F0
	v_add_f32_e32 v38, 0.5, v3                                 // 000000003864: 064C06F0
	v_bfe_u32 v41, v41, 2, 3                                   // 000000003868: D6100029 020D0529
	v_cvt_f32_i32_e32 v4, v4                                   // 000000003870: 7E080B04
	v_mul_f32_e32 v45, v26, v2                                 // 000000003874: 105A051A
	v_cndmask_b32_e64 v43, v27, v1, s6                         // 000000003878: D501002B 001A031B
	v_cndmask_b32_e64 v3, v38, v3, s6                          // 000000003880: D5010003 001A0726
	v_add_nc_u32_e32 v41, -4, v41                              // 000000003888: 4A5252C4
	v_add_f32_e32 v38, 0.5, v4                                 // 00000000388C: 064C08F0
	v_lshrrev_b32_e32 v23, 4, v23                              // 000000003890: 322E2E84
	v_lshrrev_b32_e32 v40, 4, v40                              // 000000003894: 32505084
	v_mul_f32_e32 v27, v26, v3                                 // 000000003898: 1036071A
	v_cvt_f32_i32_e32 v41, v41                                 // 00000000389C: 7E520B29
	v_cndmask_b32_e64 v38, v38, v4, s6                         // 0000000038A0: D5010026 001A0926
	global_load_b128 v[1:4], v[9:10], off offset:3072          // 0000000038A8: EE05C07C 00000001 000C0009
	s_wait_loadcnt 0x0                                         // 0000000038B4: BFC00000
	v_mul_f32_e32 v27, v27, v2                                 // 0000000038B8: 1036051B
	s_delay_alu instid0(VALU_DEP_1) | instskip(SKIP_2) | instid1(VALU_DEP_2)// 0000000038BC: BF870131
	v_fmac_f32_e32 v27, v45, v1                                // 0000000038C0: 5636032D
	v_mul_f32_e32 v1, v26, v43                                 // 0000000038C4: 1002571A
	v_lshrrev_b32_e32 v43, 9, v30                              // 0000000038C8: 32563C89
	v_fmac_f32_e32 v27, v1, v3                                 // 0000000038CC: 56360701
	v_mul_f32_e32 v1, v26, v38                                 // 0000000038D0: 10024D1A
	v_lshrrev_b32_e32 v38, 9, v32                              // 0000000038D4: 324C4089
	s_delay_alu instid0(VALU_DEP_4)                            // 0000000038D8: BF870004
	v_add3_u32 v20, v39, v20, v43                              // 0000000038DC: D6550014 04AE2927
	v_lshrrev_b32_e32 v39, 12, v32                             // 0000000038E4: 324E408C
	v_lshrrev_b32_e32 v43, 15, v32                             // 0000000038E8: 3256408F
	v_fmac_f32_e32 v27, v1, v4                                 // 0000000038EC: 56360901
	v_add3_u32 v22, v44, v22, v38                              // 0000000038F0: D6550016 049A2D2C
	v_lshrrev_b32_e32 v38, 9, v36                              // 0000000038F8: 324C4889
	global_load_b128 v[1:4], v[9:10], off offset:16            // 0000000038FC: EE05C07C 00000001 00001009
	v_add3_u32 v22, v22, v39, v43                              // 000000003908: D6550016 04AE4F16
	v_add3_u32 v21, v42, v21, v38                              // 000000003910: D6550015 049A2B2A
	v_lshrrev_b32_e32 v38, 12, v31                             // 000000003918: 324C3E8C
	v_lshrrev_b32_e32 v42, 15, v31                             // 00000000391C: 32543E8F
	v_lshrrev_b32_e32 v39, 15, v36                             // 000000003920: 324E488F
	v_lshrrev_b32_e32 v43, 12, v30                             // 000000003924: 32563C8C
	v_and_b32_e32 v22, 1, v22                                  // 000000003928: 362C2C81
	s_delay_alu instid0(VALU_DEP_4)                            // 00000000392C: BF870004
	v_add3_u32 v0, v0, v38, v42                                // 000000003930: D6550000 04AA4D00
	v_lshrrev_b32_e32 v42, 12, v36                             // 000000003938: 3254488C
	v_bfe_u32 v38, v31, 12, 3                                  // 00000000393C: D6100026 020D191F
	v_bfe_u32 v31, v31, 15, 3                                  // 000000003944: D610001F 020D1F1F
	v_and_or_b32 v29, v29, 6, v22                              // 00000000394C: D657001D 04590D1D
	v_and_b32_e32 v0, 1, v0                                    // 000000003954: 36000081
	v_add3_u32 v21, v21, v42, v39                              // 000000003958: D6550015 049E5515
	v_lshrrev_b32_e32 v39, 15, v30                             // 000000003960: 324E3C8F
	v_add_nc_u32_e32 v38, -4, v38                              // 000000003964: 4A4C4CC4
	v_add_nc_u32_e32 v31, -4, v31                              // 000000003968: 4A3E3EC4
	v_add_f32_e32 v42, 0.5, v33                                // 00000000396C: 065442F0
	v_and_or_b32 v0, v23, 6, v0                                // 000000003970: D6570000 04010D17
	v_add3_u32 v20, v20, v43, v39                              // 000000003978: D6550014 049E5714
	v_add_f32_e32 v43, 0.5, v37                                // 000000003980: 06564AF0
	v_cvt_f32_i32_e32 v38, v38                                 // 000000003984: 7E4C0B26
	v_add_f32_e32 v39, 0.5, v35                                // 000000003988: 064E46F0
	v_cvt_f32_i32_e32 v31, v31                                 // 00000000398C: 7E3E0B1F
	v_cndmask_b32_e32 v42, v42, v33, vcc_lo                    // 000000003990: 0254432A
	v_add_f32_e32 v33, 0.5, v41                                // 000000003994: 064252F0
	v_cndmask_b32_e64 v37, v43, v37, s4                        // 000000003998: D5010025 00124B2B
	v_bfe_u32 v43, v32, 12, 3                                  // 0000000039A0: D610002B 020D1920
	v_cndmask_b32_e64 v39, v39, v35, s2                        // 0000000039A8: D5010027 000A4727
	v_add_f32_e32 v35, 0.5, v38                                // 0000000039B0: 06464CF0
	v_bfe_u32 v32, v32, 15, 3                                  // 0000000039B4: D6100020 020D1F20
	v_cndmask_b32_e64 v41, v33, v41, s6                        // 0000000039BC: D5010029 001A5321
	v_add_f32_e32 v33, 0.5, v31                                // 0000000039C4: 06423EF0
	v_add_nc_u32_e32 v43, -4, v43                              // 0000000039C8: 4A5656C4
	v_cndmask_b32_e32 v35, v35, v38, vcc_lo                    // 0000000039CC: 02464D23
	v_bfe_u32 v38, v36, 12, 3                                  // 0000000039D0: D6100026 020D1924
	v_bfe_u32 v36, v36, 15, 3                                  // 0000000039D8: D6100024 020D1F24
	v_cndmask_b32_e32 v44, v33, v31, vcc_lo                    // 0000000039E0: 02583F21
	v_add_nc_u32_e32 v32, -4, v32                              // 0000000039E4: 4A4040C4
	v_cvt_f32_i32_e32 v33, v43                                 // 0000000039E8: 7E420B2B
	v_bfe_u32 v31, v30, 12, 3                                  // 0000000039EC: D610001F 020D191E
	v_bfe_u32 v30, v30, 15, 3                                  // 0000000039F4: D610001E 020D1F1E
	v_add_nc_u32_e32 v38, -4, v38                              // 0000000039FC: 4A4C4CC4
	v_add_nc_u32_e32 v36, -4, v36                              // 000000003A00: 4A4848C4
	v_add_f32_e32 v23, 0.5, v33                                // 000000003A04: 062E42F0
	v_cvt_f32_i32_e32 v32, v32                                 // 000000003A08: 7E400B20
	v_add_nc_u32_e32 v31, -4, v31                              // 000000003A0C: 4A3E3EC4
	v_add_nc_u32_e32 v30, -4, v30                              // 000000003A10: 4A3C3CC4
	v_cvt_f32_i32_e32 v38, v38                                 // 000000003A14: 7E4C0B26
	v_cvt_f32_i32_e32 v36, v36                                 // 000000003A18: 7E480B24
	v_cndmask_b32_e64 v33, v23, v33, s2                        // 000000003A1C: D5010021 000A4317
	v_add_f32_e32 v23, 0.5, v32                                // 000000003A24: 062E40F0
	v_add_nc_u32_e32 v0, -4, v0                                // 000000003A28: 4A0000C4
	v_cvt_f32_i32_e32 v31, v31                                 // 000000003A2C: 7E3E0B1F
	v_cvt_f32_i32_e32 v30, v30                                 // 000000003A30: 7E3C0B1E
	v_and_b32_e32 v21, 1, v21                                  // 000000003A34: 362A2A81
	v_cndmask_b32_e64 v43, v23, v32, s2                        // 000000003A38: D501002B 000A4117
	v_add_f32_e32 v23, 0.5, v38                                // 000000003A40: 062E4CF0
	v_add_f32_e32 v22, 0.5, v36                                // 000000003A44: 062C48F0
	v_cvt_f32_i32_e32 v0, v0                                   // 000000003A48: 7E000B00
	v_and_b32_e32 v20, 1, v20                                  // 000000003A4C: 36282881
	v_and_or_b32 v34, v34, 6, v21                              // 000000003A50: D6570022 04550D22
	v_cndmask_b32_e64 v32, v23, v38, s4                        // 000000003A58: D5010020 00124D17
	v_add_f32_e32 v23, 0.5, v31                                // 000000003A60: 062E3EF0
	v_cndmask_b32_e64 v38, v22, v36, s4                        // 000000003A64: D5010026 00124916
	v_add_f32_e32 v22, 0.5, v30                                // 000000003A6C: 062C3CF0
	v_add_f32_e32 v21, 0.5, v0                                 // 000000003A70: 062A00F0
	v_and_or_b32 v40, v40, 6, v20                              // 000000003A74: D6570028 04510D28
	v_cndmask_b32_e64 v36, v23, v31, s6                        // 000000003A7C: D5010024 001A3F17
	v_add_nc_u32_e32 v29, -4, v29                              // 000000003A84: 4A3A3AC4
	v_cndmask_b32_e64 v45, v22, v30, s6                        // 000000003A88: D501002D 001A3D16
	v_cndmask_b32_e32 v0, v21, v0, vcc_lo                      // 000000003A90: 02000115
	global_load_b128 v[20:23], v[9:10], off offset:1040        // 000000003A94: EE05C07C 00000014 00041009
	v_mul_f32_e32 v30, v24, v35                                // 000000003AA0: 103C4718
	v_cvt_f32_i32_e32 v29, v29                                 // 000000003AA4: 7E3A0B1D
	v_add_nc_u32_e32 v31, -4, v34                              // 000000003AA8: 4A3E44C4
	v_mul_f32_e32 v0, v24, v0                                  // 000000003AAC: 10000118
	v_add_co_u32 v7, vcc_lo, 0x1a0, v7                         // 000000003AB0: D7006A07 00020EFF 000001A0
	s_wait_alu 0xfffd                                          // 000000003ABC: BF88FFFD
	v_add_co_ci_u32_e64 v8, null, 0, v8, vcc_lo                // 000000003AC0: D5207C08 01AA1080
	s_wait_loadcnt 0x1                                         // 000000003AC8: BFC00001
	v_fmac_f32_e32 v6, v30, v1                                 // 000000003ACC: 560C031E
	v_add_f32_e32 v1, 0.5, v29                                 // 000000003AD0: 06023AF0
	v_cvt_f32_i32_e32 v30, v31                                 // 000000003AD4: 7E3C0B1F
	v_mul_f32_e32 v31, v28, v33                                // 000000003AD8: 103E431C
	v_mul_f32_e32 v33, v11, v32                                // 000000003ADC: 1042410B
	s_delay_alu instid0(VALU_DEP_4) | instskip(NEXT) | instid1(VALU_DEP_4)// 000000003AE0: BF870214
	v_cndmask_b32_e64 v1, v1, v29, s2                          // 000000003AE4: D5010001 000A3B01
	v_add_f32_e32 v29, 0.5, v30                                // 000000003AEC: 063A3CF0
	s_delay_alu instid0(VALU_DEP_2) | instskip(SKIP_2) | instid1(VALU_DEP_3)// 000000003AF0: BF8701B2
	v_mul_f32_e32 v1, v28, v1                                  // 000000003AF4: 1002031C
	s_wait_loadcnt 0x0                                         // 000000003AF8: BFC00000
	v_fmac_f32_e32 v25, v31, v20                               // 000000003AFC: 5632291F
	v_cndmask_b32_e64 v20, v29, v30, s4                        // 000000003B00: D5010014 00123D1D
	global_load_b128 v[29:32], v[9:10], off offset:2064        // 000000003B08: EE05C07C 0000001D 00081009
	s_wait_loadcnt 0x0                                         // 000000003B14: BFC00000
	v_fmac_f32_e32 v12, v33, v29                               // 000000003B18: 56183B21
	v_add_nc_u32_e32 v29, -4, v40                              // 000000003B1C: 4A3A50C4
	v_mul_f32_e32 v40, v26, v36                                // 000000003B20: 1050491A
	s_delay_alu instid0(VALU_DEP_2) | instskip(NEXT) | instid1(VALU_DEP_1)// 000000003B24: BF870092
	v_cvt_f32_i32_e32 v29, v29                                 // 000000003B28: 7E3A0B1D
	v_add_f32_e32 v33, 0.5, v29                                // 000000003B2C: 06423AF0
	s_delay_alu instid0(VALU_DEP_1) | instskip(SKIP_3) | instid1(VALU_DEP_2)// 000000003B30: BF870141
	v_cndmask_b32_e64 v29, v33, v29, s6                        // 000000003B34: D501001D 001A3B21
	global_load_b128 v[33:36], v[9:10], off offset:3088        // 000000003B3C: EE05C07C 00000021 000C1009
	v_mul_f32_e32 v9, v24, v44                                 // 000000003B48: 10125918
	v_mul_f32_e32 v10, v28, v43                                // 000000003B4C: 1014571C
	v_fmac_f32_e32 v6, v9, v2                                  // 000000003B50: 560C0509
	v_mul_f32_e32 v2, v24, v42                                 // 000000003B54: 10045518
	v_mul_f32_e32 v9, v28, v39                                 // 000000003B58: 10124F1C
	v_mul_f32_e32 v24, v11, v37                                // 000000003B5C: 10304B0B
	v_mul_f32_e32 v37, v26, v41                                // 000000003B60: 104A531A
	v_fmac_f32_e32 v25, v10, v21                               // 000000003B64: 56322B0A
	v_mul_f32_e32 v10, v11, v20                                // 000000003B68: 1014290B
	v_fmac_f32_e32 v6, v2, v3                                  // 000000003B6C: 560C0702
	s_delay_alu instid0(VALU_DEP_3) | instskip(NEXT) | instid1(VALU_DEP_2)// 000000003B70: BF870113
	v_fmac_f32_e32 v25, v9, v22                                // 000000003B74: 56322D09
	v_fmac_f32_e32 v6, v0, v4                                  // 000000003B78: 560C0900
	s_delay_alu instid0(VALU_DEP_2) | instskip(NEXT) | instid1(VALU_DEP_2)// 000000003B7C: BF870112
	v_fmac_f32_e32 v25, v1, v23                                // 000000003B80: 56322F01
	v_add_f32_e32 v13, v13, v6                                 // 000000003B84: 061A0D0D
	s_delay_alu instid0(VALU_DEP_2)                            // 000000003B88: BF870002
	v_add_f32_e32 v14, v14, v25                                // 000000003B8C: 061C330E
	s_wait_loadcnt 0x0                                         // 000000003B90: BFC00000
	v_fmac_f32_e32 v27, v40, v33                               // 000000003B94: 56364328
	v_mul_f32_e32 v33, v11, v38                                // 000000003B98: 10424D0B
	v_mul_f32_e32 v38, v26, v45                                // 000000003B9C: 104C5B1A
	v_mul_f32_e32 v11, v26, v29                                // 000000003BA0: 10163B1A
	s_delay_alu instid0(VALU_DEP_3) | instskip(NEXT) | instid1(VALU_DEP_3)// 000000003BA4: BF870193
	v_fmac_f32_e32 v12, v33, v30                               // 000000003BA8: 56183D21
	v_fmac_f32_e32 v27, v38, v34                               // 000000003BAC: 56364526
	s_delay_alu instid0(VALU_DEP_2) | instskip(NEXT) | instid1(VALU_DEP_2)// 000000003BB0: BF870112
	v_fmac_f32_e32 v12, v24, v31                               // 000000003BB4: 56183F18
	v_fmac_f32_e32 v27, v37, v35                               // 000000003BB8: 56364725
	s_delay_alu instid0(VALU_DEP_2) | instskip(NEXT) | instid1(VALU_DEP_2)// 000000003BBC: BF870112
	v_fmac_f32_e32 v12, v10, v32                               // 000000003BC0: 5618410A
	v_fmac_f32_e32 v27, v11, v36                               // 000000003BC4: 5636490B
	s_delay_alu instid0(VALU_DEP_2) | instskip(NEXT) | instid1(VALU_DEP_2)// 000000003BC8: BF870112
	v_add_f32_e32 v15, v15, v12                                // 000000003BCC: 061E190F
	v_add_f32_e32 v16, v16, v27                                // 000000003BD0: 06203710
	s_cbranch_scc1 151                                         // 000000003BD4: BFA20097 <gemv_mixed_moe_gate_up_k8_indexed_batched+0x2034>
	flat_load_u8 v0, v[7:8] offset:-208                        // 000000003BD8: EC04007C 00000000 FFFF3007
	s_mov_b64 s[2:3], exec                                     // 000000003BE4: BE82017E
	s_wait_loadcnt_dscnt 0x0                                   // 000000003BE8: BFC80000
	v_and_b32_e32 v3, 7, v0                                    // 000000003BEC: 36060087
	v_bfe_u32 v2, v0, 3, 4                                     // 000000003BF0: D6100002 02110700
	s_delay_alu instid0(VALU_DEP_2) | instskip(NEXT) | instid1(VALU_DEP_2)// 000000003BF8: BF870112
	v_cvt_f32_ubyte0_e32 v1, v3                                // 000000003BFC: 7E022303
	v_cmpx_ne_u32_e32 0, v2                                    // 000000003C00: 7D9A0480
	s_wait_alu 0xfffe                                          // 000000003C04: BF88FFFE
	s_xor_b64 s[4:5], exec, s[2:3]                             // 000000003C08: 8D84027E
	v_lshl_add_u32 v0, v2, 23, 0x3c000000                      // 000000003C0C: D6460000 03FD2F02 3C000000
	v_fma_f32 v1, 0x3e000000, v1, 1.0                          // 000000003C18: D6130001 03CA02FF 3E000000
	v_cmp_eq_u32_e32 vcc_lo, 15, v2                            // 000000003C24: 7C94048F
	v_cmp_eq_u32_e64 s2, 7, v3                                 // 000000003C28: D44A0002 00020687
	s_delay_alu instid0(VALU_DEP_3) | instskip(SKIP_2) | instid1(VALU_DEP_1)// 000000003C30: BF8700B3
	v_mul_f32_e32 v0, v1, v0                                   // 000000003C34: 10000101
	s_and_b64 s[2:3], s[2:3], vcc                              // 000000003C38: 8B826A02
	s_wait_alu 0xfffe                                          // 000000003C3C: BF88FFFE
	v_cndmask_b32_e64 v24, v0, 0x43e00000, s2                  // 000000003C40: D5010018 0009FF00 43E00000
	s_and_not1_saveexec_b64 s[2:3], s[4:5]                     // 000000003C4C: BE823104
	v_mul_f32_e32 v0, 0x3c800000, v1                           // 000000003C50: 100002FF 3C800000
	s_delay_alu instid0(VALU_DEP_1)                            // 000000003C58: BF870001
	v_mul_f32_e32 v24, 0x3e000000, v0                          // 000000003C5C: 103000FF 3E000000
	s_wait_alu 0xfffe                                          // 000000003C64: BF88FFFE
	s_or_b64 exec, exec, s[2:3]                                // 000000003C68: 8CFE027E
	flat_load_u8 v0, v[7:8] offset:-104                        // 000000003C6C: EC04007C 00000000 FFFF9807
	s_mov_b64 s[2:3], exec                                     // 000000003C78: BE82017E
	s_wait_loadcnt_dscnt 0x0                                   // 000000003C7C: BFC80000
	v_and_b32_e32 v3, 7, v0                                    // 000000003C80: 36060087
	v_bfe_u32 v2, v0, 3, 4                                     // 000000003C84: D6100002 02110700
	s_delay_alu instid0(VALU_DEP_2) | instskip(NEXT) | instid1(VALU_DEP_2)// 000000003C8C: BF870112
	v_cvt_f32_ubyte0_e32 v1, v3                                // 000000003C90: 7E022303
	v_cmpx_ne_u32_e32 0, v2                                    // 000000003C94: 7D9A0480
	s_wait_alu 0xfffe                                          // 000000003C98: BF88FFFE
	s_xor_b64 s[4:5], exec, s[2:3]                             // 000000003C9C: 8D84027E
	v_lshl_add_u32 v0, v2, 23, 0x3c000000                      // 000000003CA0: D6460000 03FD2F02 3C000000
	v_fma_f32 v1, 0x3e000000, v1, 1.0                          // 000000003CAC: D6130001 03CA02FF 3E000000
	v_cmp_eq_u32_e32 vcc_lo, 15, v2                            // 000000003CB8: 7C94048F
	v_cmp_eq_u32_e64 s2, 7, v3                                 // 000000003CBC: D44A0002 00020687
	s_delay_alu instid0(VALU_DEP_3) | instskip(SKIP_2) | instid1(VALU_DEP_1)// 000000003CC4: BF8700B3
	v_mul_f32_e32 v0, v1, v0                                   // 000000003CC8: 10000101
	s_and_b64 s[2:3], s[2:3], vcc                              // 000000003CCC: 8B826A02
	s_wait_alu 0xfffe                                          // 000000003CD0: BF88FFFE
	v_cndmask_b32_e64 v25, v0, 0x43e00000, s2                  // 000000003CD4: D5010019 0009FF00 43E00000
	s_and_not1_saveexec_b64 s[2:3], s[4:5]                     // 000000003CE0: BE823104
	v_mul_f32_e32 v0, 0x3c800000, v1                           // 000000003CE4: 100002FF 3C800000
	s_delay_alu instid0(VALU_DEP_1)                            // 000000003CEC: BF870001
	v_mul_f32_e32 v25, 0x3e000000, v0                          // 000000003CF0: 103200FF 3E000000
	s_wait_alu 0xfffe                                          // 000000003CF8: BF88FFFE
	s_or_b64 exec, exec, s[2:3]                                // 000000003CFC: 8CFE027E
	flat_load_u8 v0, v[7:8]                                    // 000000003D00: EC04007C 00000000 00000007
	s_mov_b64 s[2:3], exec                                     // 000000003D0C: BE82017E
	s_wait_loadcnt_dscnt 0x0                                   // 000000003D10: BFC80000
	v_and_b32_e32 v3, 7, v0                                    // 000000003D14: 36060087
	v_bfe_u32 v2, v0, 3, 4                                     // 000000003D18: D6100002 02110700
	s_delay_alu instid0(VALU_DEP_2) | instskip(NEXT) | instid1(VALU_DEP_2)// 000000003D20: BF870112
	v_cvt_f32_ubyte0_e32 v1, v3                                // 000000003D24: 7E022303
	v_cmpx_ne_u32_e32 0, v2                                    // 000000003D28: 7D9A0480
	s_wait_alu 0xfffe                                          // 000000003D2C: BF88FFFE
	s_xor_b64 s[4:5], exec, s[2:3]                             // 000000003D30: 8D84027E
	v_lshl_add_u32 v0, v2, 23, 0x3c000000                      // 000000003D34: D6460000 03FD2F02 3C000000
	v_fma_f32 v1, 0x3e000000, v1, 1.0                          // 000000003D40: D6130001 03CA02FF 3E000000
	v_cmp_eq_u32_e32 vcc_lo, 15, v2                            // 000000003D4C: 7C94048F
	v_cmp_eq_u32_e64 s2, 7, v3                                 // 000000003D50: D44A0002 00020687
	s_delay_alu instid0(VALU_DEP_3) | instskip(SKIP_2) | instid1(VALU_DEP_1)// 000000003D58: BF8700B3
	v_mul_f32_e32 v0, v1, v0                                   // 000000003D5C: 10000101
	s_and_b64 s[2:3], s[2:3], vcc                              // 000000003D60: 8B826A02
	s_wait_alu 0xfffe                                          // 000000003D64: BF88FFFE
	v_cndmask_b32_e64 v27, v0, 0x43e00000, s2                  // 000000003D68: D501001B 0009FF00 43E00000
	s_and_not1_saveexec_b64 s[2:3], s[4:5]                     // 000000003D74: BE823104
	v_mul_f32_e32 v0, 0x3c800000, v1                           // 000000003D78: 100002FF 3C800000
	s_delay_alu instid0(VALU_DEP_1)                            // 000000003D80: BF870001
	v_mul_f32_e32 v27, 0x3e000000, v0                          // 000000003D84: 103600FF 3E000000
	s_wait_alu 0xfffe                                          // 000000003D8C: BF88FFFE
	s_or_b64 exec, exec, s[2:3]                                // 000000003D90: 8CFE027E
	flat_load_u8 v0, v[7:8] offset:104                         // 000000003D94: EC04007C 00000000 00006807
	s_mov_b64 s[2:3], exec                                     // 000000003DA0: BE82017E
	s_wait_loadcnt_dscnt 0x0                                   // 000000003DA4: BFC80000
	v_and_b32_e32 v3, 7, v0                                    // 000000003DA8: 36060087
	v_bfe_u32 v2, v0, 3, 4                                     // 000000003DAC: D6100002 02110700
	s_delay_alu instid0(VALU_DEP_2) | instskip(NEXT) | instid1(VALU_DEP_2)// 000000003DB4: BF870112
	v_cvt_f32_ubyte0_e32 v1, v3                                // 000000003DB8: 7E022303
	v_cmpx_ne_u32_e32 0, v2                                    // 000000003DBC: 7D9A0480
	s_wait_alu 0xfffe                                          // 000000003DC0: BF88FFFE
	s_xor_b64 s[4:5], exec, s[2:3]                             // 000000003DC4: 8D84027E
	v_lshl_add_u32 v0, v2, 23, 0x3c000000                      // 000000003DC8: D6460000 03FD2F02 3C000000
	v_fma_f32 v1, 0x3e000000, v1, 1.0                          // 000000003DD4: D6130001 03CA02FF 3E000000
	v_cmp_eq_u32_e32 vcc_lo, 15, v2                            // 000000003DE0: 7C94048F
	v_cmp_eq_u32_e64 s2, 7, v3                                 // 000000003DE4: D44A0002 00020687
	s_delay_alu instid0(VALU_DEP_3) | instskip(SKIP_2) | instid1(VALU_DEP_1)// 000000003DEC: BF8700B3
	v_mul_f32_e32 v0, v1, v0                                   // 000000003DF0: 10000101
	s_and_b64 s[2:3], s[2:3], vcc                              // 000000003DF4: 8B826A02
	s_wait_alu 0xfffe                                          // 000000003DF8: BF88FFFE
	v_cndmask_b32_e64 v26, v0, 0x43e00000, s2                  // 000000003DFC: D501001A 0009FF00 43E00000
	s_and_not1_saveexec_b64 s[2:3], s[4:5]                     // 000000003E08: BE823104
	s_cbranch_execz 64907                                      // 000000003E0C: BFA5FD8B <gemv_mixed_moe_gate_up_k8_indexed_batched+0x163c>
	v_mul_f32_e32 v0, 0x3c800000, v1                           // 000000003E10: 100002FF 3C800000
	s_delay_alu instid0(VALU_DEP_1)                            // 000000003E18: BF870001
	v_mul_f32_e32 v26, 0x3e000000, v0                          // 000000003E1C: 103400FF 3E000000
	s_branch 64901                                             // 000000003E24: BFA0FD85 <gemv_mixed_moe_gate_up_k8_indexed_batched+0x163c>
	v_mov_b32_e32 v14, 0                                       // 000000003E28: 7E1C0280
	v_mov_b32_e32 v15, 0                                       // 000000003E2C: 7E1E0280
	v_mov_b32_e32 v16, 0                                       // 000000003E30: 7E200280
	s_and_b32 s6, s18, 3                                       // 000000003E34: 8B068312
	s_wait_alu 0xfffe                                          // 000000003E38: BF88FFFE
	s_cmp_lg_u32 s6, 0                                         // 000000003E3C: BF078006
	s_cbranch_scc0 191                                         // 000000003E40: BFA100BF <gemv_mixed_moe_gate_up_k8_indexed_batched+0x2340>
	s_and_b32 s7, s18, -4                                      // 000000003E44: 8B07C412
	s_wait_alu 0xfffe                                          // 000000003E48: BF88FFFE
	s_mul_i32 s2, s7, 0x68                                     // 000000003E4C: 9602FF07 00000068
	s_wait_alu 0xfffe                                          // 000000003E54: BF88FFFE
	s_ashr_i32 s3, s2, 31                                      // 000000003E58: 86039F02
	s_wait_alu 0xfffe                                          // 000000003E5C: BF88FFFE
	s_add_nc_u64 s[2:3], s[22:23], s[2:3]                      // 000000003E60: A9820216
	s_wait_alu 0xfffe                                          // 000000003E64: BF88FFFE
	v_add_co_u32 v1, s4, s2, v19                               // 000000003E68: D7000401 00022602
	s_wait_alu 0xf1ff                                          // 000000003E70: BF88F1FF
	v_add_co_ci_u32_e64 v2, null, s3, 0, s4                    // 000000003E74: D5207C02 00110003
	s_mov_b64 s[2:3], exec                                     // 000000003E7C: BE82017E
	flat_load_u8 v0, v[1:2] offset:16                          // 000000003E80: EC04007C 00000000 00001001
	s_wait_loadcnt_dscnt 0x0                                   // 000000003E8C: BFC80000
	v_and_b32_e32 v6, 7, v0                                    // 000000003E90: 360C0087
	v_bfe_u32 v5, v0, 3, 4                                     // 000000003E94: D6100005 02110700
	s_delay_alu instid0(VALU_DEP_2) | instskip(NEXT) | instid1(VALU_DEP_2)// 000000003E9C: BF870112
	v_cvt_f32_ubyte0_e32 v4, v6                                // 000000003EA0: 7E082306
	v_cmpx_ne_u32_e32 0, v5                                    // 000000003EA4: 7D9A0A80
	s_wait_alu 0xfffe                                          // 000000003EA8: BF88FFFE
	s_xor_b64 s[4:5], exec, s[2:3]                             // 000000003EAC: 8D84027E
	s_cbranch_execz 17                                         // 000000003EB0: BFA50011 <gemv_mixed_moe_gate_up_k8_indexed_batched+0x20f8>
	v_mov_b32_e32 v0, 1.0                                      // 000000003EB4: 7E0002F2
	v_lshl_add_u32 v3, v5, 23, 0x3c000000                      // 000000003EB8: D6460003 03FD2F05 3C000000
	v_cmp_eq_u32_e32 vcc_lo, 15, v5                            // 000000003EC4: 7C940A8F
	v_cmp_eq_u32_e64 s2, 7, v6                                 // 000000003EC8: D44A0002 00020C87
	s_delay_alu instid0(VALU_DEP_4) | instskip(SKIP_1) | instid1(VALU_DEP_1)// 000000003ED0: BF8700A4
	v_fmamk_f32 v0, v4, 0x3e000000, v0                         // 000000003ED4: 58000104 3E000000
	s_and_b64 s[2:3], s[2:3], vcc                              // 000000003EDC: 8B826A02
	v_mul_f32_e32 v0, v0, v3                                   // 000000003EE0: 10000700
	s_wait_alu 0xfffe                                          // 000000003EE4: BF88FFFE
	s_delay_alu instid0(VALU_DEP_1)                            // 000000003EE8: BF870001
	v_cndmask_b32_e64 v3, v0, 0x43e00000, s2                   // 000000003EEC: D5010003 0009FF00 43E00000
	s_wait_alu 0xfffe                                          // 000000003EF8: BF88FFFE
	s_and_not1_saveexec_b64 s[2:3], s[4:5]                     // 000000003EFC: BE823104
	v_mul_f32_e32 v0, 0x3c800000, v4                           // 000000003F00: 100008FF 3C800000
	s_delay_alu instid0(VALU_DEP_1)                            // 000000003F08: BF870001
	v_mul_f32_e32 v3, 0x3e000000, v0                           // 000000003F0C: 100600FF 3E000000
	s_wait_alu 0xfffe                                          // 000000003F14: BF88FFFE
	s_or_b64 exec, exec, s[2:3]                                // 000000003F18: 8CFE027E
	v_add_co_u32 v1, vcc_lo, v1, v18                           // 000000003F1C: D7006A01 00022501
	s_wait_alu 0xfffd                                          // 000000003F24: BF88FFFD
	v_add_co_ci_u32_e64 v2, null, 0, v2, vcc_lo                // 000000003F28: D5207C02 01AA0480
	s_clause 0x1                                               // 000000003F30: BF850001
	flat_load_i8 v0, v[1:2] offset:19                          // 000000003F34: EC04407C 00000000 00001301
	flat_load_u16 v12, v[1:2] offset:17                        // 000000003F40: EC04807C 0000000C 00001101
	scratch_load_b32 v1, off, off                              // 000000003F4C: ED05007C 00000001 00000000
	s_wait_loadcnt_dscnt 0x201                                 // 000000003F58: BFC80201
	v_bfe_u32 v22, v0, 2, 6                                    // 000000003F5C: D6100016 02190500
	s_wait_loadcnt_dscnt 0x100                                 // 000000003F64: BFC80100
	v_bfe_u32 v20, v12, 3, 3                                   // 000000003F68: D6100014 020D070C
	s_wait_loadcnt 0x0                                         // 000000003F70: BFC00000
	v_lshlrev_b32_e32 v1, 3, v1                                // 000000003F74: 30020283
	v_lshrrev_b32_e32 v21, 6, v12                              // 000000003F78: 322A1886
	v_bfe_u32 v23, v12, 6, 3                                   // 000000003F7C: D6100017 020D0D0C
	v_lshrrev_b32_e32 v24, 4, v0                               // 000000003F84: 32300084
	s_delay_alu instid0(VALU_DEP_4) | instskip(NEXT) | instid1(VALU_DEP_3)// 000000003F88: BF870194
	v_lshl_or_b32 v1, s7, 8, v1                                // 000000003F8C: D6560001 04051007
	v_add_nc_u32_e32 v23, -4, v23                              // 000000003F94: 4A2E2EC4
	s_delay_alu instid0(VALU_DEP_2) | instskip(NEXT) | instid1(VALU_DEP_2)// 000000003F98: BF870112
	v_ashrrev_i32_e32 v2, 31, v1                               // 000000003F9C: 3404029F
	v_cvt_f32_i32_e32 v23, v23                                 // 000000003FA0: 7E2E0B17
	s_delay_alu instid0(VALU_DEP_2) | instskip(NEXT) | instid1(VALU_DEP_1)// 000000003FA4: BF870092
	v_lshlrev_b64_e32 v[1:2], 2, v[1:2]                        // 000000003FA8: 3E020282
	v_add_co_u32 v1, vcc_lo, s16, v1                           // 000000003FAC: D7006A01 00020210
	s_wait_alu 0xfffd                                          // 000000003FB4: BF88FFFD
	s_delay_alu instid0(VALU_DEP_2)                            // 000000003FB8: BF870002
	v_add_co_ci_u32_e64 v2, null, s17, v2, vcc_lo              // 000000003FBC: D5207C02 01AA0411
	v_cmp_lt_i16_e32 vcc_lo, -1, v0                            // 000000003FC4: 7C6200C1
	s_clause 0x1                                               // 000000003FC8: BF850001
	global_load_b128 v[4:7], v[1:2], off                       // 000000003FCC: EE05C07C 00000004 00000001
	global_load_b128 v[8:11], v[1:2], off offset:16            // 000000003FD8: EE05C07C 00000008 00001001
	v_mul_f32_e32 v1, v3, v17                                  // 000000003FE4: 10022303
	v_and_b32_e32 v3, 7, v12                                   // 000000003FE8: 36061887
	v_and_b32_e32 v2, 0xff, v0                                 // 000000003FEC: 360400FF 000000FF
	s_delay_alu instid0(VALU_DEP_3) | instskip(NEXT) | instid1(VALU_DEP_3)// 000000003FF4: BF870193
	v_mul_f32_e32 v1, 0x3fe66666, v1                           // 000000003FF8: 100202FF 3FE66666
	v_add3_u32 v22, v20, v3, v22                               // 000000004000: D6550016 045A0714
	v_add_nc_u32_e32 v20, -4, v20                              // 000000004008: 4A2828C4
	s_delay_alu instid0(VALU_DEP_4) | instskip(SKIP_2) | instid1(VALU_DEP_4)// 00000000400C: BF870234
	v_perm_b32 v12, v2, v12, 0x504010c                         // 000000004010: D644000C 03FE1902 0504010C
	v_add_nc_u32_e32 v3, -4, v3                                // 00000000401C: 4A0606C4
	v_bfe_u32 v2, v2, 2, 3                                     // 000000004020: D6100002 020D0502
	v_cvt_f32_i32_e32 v20, v20                                 // 000000004028: 7E280B14
	s_delay_alu instid0(VALU_DEP_4)                            // 00000000402C: BF870004
	v_lshrrev_b32_e32 v25, 9, v12                              // 000000004030: 32321889
	v_bfe_u32 v26, v12, 9, 3                                   // 000000004034: D610001A 020D130C
	v_cvt_f32_i32_e32 v3, v3                                   // 00000000403C: 7E060B03
	v_lshrrev_b32_e32 v27, 12, v12                             // 000000004040: 3236188C
	v_add_f32_e32 v0, 0.5, v20                                 // 000000004044: 060028F0
	v_bfe_u32 v28, v12, 12, 3                                  // 000000004048: D610001C 020D190C
	v_lshrrev_b32_e32 v29, 15, v12                             // 000000004050: 323A188F
	v_add3_u32 v21, v22, v21, v25                              // 000000004054: D6550015 04662B16
	v_add_f32_e32 v22, 0.5, v3                                 // 00000000405C: 062C06F0
	v_add_nc_u32_e32 v26, -4, v26                              // 000000004060: 4A3434C4
	s_wait_alu 0xfffd                                          // 000000004064: BF88FFFD
	v_cndmask_b32_e32 v0, v0, v20, vcc_lo                      // 000000004068: 02002900
	v_bfe_u32 v12, v12, 15, 3                                  // 00000000406C: D610000C 020D1F0C
	v_add_f32_e32 v25, 0.5, v23                                // 000000004074: 06322EF0
	v_add_nc_u32_e32 v28, -4, v28                              // 000000004078: 4A3838C4
	v_cndmask_b32_e32 v3, v22, v3, vcc_lo                      // 00000000407C: 02060716
	v_add3_u32 v20, v21, v27, v29                              // 000000004080: D6550014 04763715
	v_cvt_f32_i32_e32 v21, v26                                 // 000000004088: 7E2A0B1A
	v_mul_f32_e32 v0, v1, v0                                   // 00000000408C: 10000101
	v_add_nc_u32_e32 v12, -4, v12                              // 000000004090: 4A1818C4
	v_cndmask_b32_e32 v22, v25, v23, vcc_lo                    // 000000004094: 022C2F19
	v_cvt_f32_i32_e32 v23, v28                                 // 000000004098: 7E2E0B1C
	v_add_f32_e32 v25, 0.5, v21                                // 00000000409C: 06322AF0
	v_mul_f32_e32 v3, v1, v3                                   // 0000000040A0: 10060701
	v_add_nc_u32_e32 v2, -4, v2                                // 0000000040A4: 4A0404C4
	v_cvt_f32_i32_e32 v12, v12                                 // 0000000040A8: 7E180B0C
	v_mul_f32_e32 v22, v1, v22                                 // 0000000040AC: 102C2D01
	v_cndmask_b32_e32 v21, v25, v21, vcc_lo                    // 0000000040B0: 022A2B19
	s_delay_alu instid0(VALU_DEP_4) | instskip(SKIP_4) | instid1(VALU_DEP_3)// 0000000040B4: BF8701D4
	v_cvt_f32_i32_e32 v2, v2                                   // 0000000040B8: 7E040B02
	s_wait_loadcnt 0x1                                         // 0000000040BC: BFC00001
	v_mul_f32_e32 v0, v5, v0                                   // 0000000040C0: 10000105
	v_and_b32_e32 v5, 1, v20                                   // 0000000040C4: 360A2881
	v_add_f32_e32 v20, 0.5, v23                                // 0000000040C8: 06282EF0
	v_fmac_f32_e32 v0, v4, v3                                  // 0000000040CC: 56000704
	s_delay_alu instid0(VALU_DEP_3) | instskip(SKIP_1) | instid1(VALU_DEP_4)// 0000000040D0: BF870223
	v_and_or_b32 v3, v24, 6, v5                                // 0000000040D4: D6570003 04150D18
	v_add_f32_e32 v4, 0.5, v12                                 // 0000000040DC: 060818F0
	v_cndmask_b32_e32 v5, v20, v23, vcc_lo                     // 0000000040E0: 020A2F14
	v_mul_f32_e32 v20, v1, v21                                 // 0000000040E4: 10282B01
	v_fmac_f32_e32 v0, v6, v22                                 // 0000000040E8: 56002D06
	v_add_nc_u32_e32 v3, -4, v3                                // 0000000040EC: 4A0606C4
	v_add_f32_e32 v6, 0.5, v2                                  // 0000000040F0: 060C04F0
	v_cndmask_b32_e32 v4, v4, v12, vcc_lo                      // 0000000040F4: 02081904
	v_mul_f32_e32 v5, v1, v5                                   // 0000000040F8: 100A0B01
	v_fmac_f32_e32 v0, v7, v20                                 // 0000000040FC: 56002907
	v_cvt_f32_i32_e32 v3, v3                                   // 000000004100: 7E060B03
	v_cndmask_b32_e32 v2, v6, v2, vcc_lo                       // 000000004104: 02040506
	v_mul_f32_e32 v4, v1, v4                                   // 000000004108: 10080901
	s_wait_loadcnt 0x0                                         // 00000000410C: BFC00000
	v_fmac_f32_e32 v0, v8, v5                                  // 000000004110: 56000B08
	v_add_f32_e32 v5, 0.5, v3                                  // 000000004114: 060A06F0
	v_mul_f32_e32 v2, v1, v2                                   // 000000004118: 10040501
	s_delay_alu instid0(VALU_DEP_3) | instskip(NEXT) | instid1(VALU_DEP_3)// 00000000411C: BF870193
	v_fmac_f32_e32 v0, v9, v4                                  // 000000004120: 56000909
	v_cndmask_b32_e32 v3, v5, v3, vcc_lo                       // 000000004124: 02060705
	s_delay_alu instid0(VALU_DEP_2) | instskip(NEXT) | instid1(VALU_DEP_2)// 000000004128: BF870112
	v_fmac_f32_e32 v0, v10, v2                                 // 00000000412C: 5600050A
	v_mul_f32_e32 v1, v1, v3                                   // 000000004130: 10020701
	s_delay_alu instid0(VALU_DEP_1) | instskip(NEXT) | instid1(VALU_DEP_1)// 000000004134: BF870091
	v_fmac_f32_e32 v0, v11, v1                                 // 000000004138: 5600030B
	v_add_f32_e32 v13, v13, v0                                 // 00000000413C: 061A010D
	s_cmp_lt_u32 s6, 2                                         // 000000004140: BF0A8206
	s_cbranch_scc1 193                                         // 000000004144: BFA200C1 <gemv_mixed_moe_gate_up_k8_indexed_batched+0x264c>
	s_and_b32 s2, s18, -4                                      // 000000004148: 8B02C412
	s_wait_alu 0xfffe                                          // 00000000414C: BF88FFFE
	s_or_b32 s7, s2, 1                                         // 000000004150: 8C078102
	s_wait_alu 0xfffe                                          // 000000004154: BF88FFFE
	s_mul_i32 s2, s7, 0x68                                     // 000000004158: 9602FF07 00000068
	s_wait_alu 0xfffe                                          // 000000004160: BF88FFFE
	s_ashr_i32 s3, s2, 31                                      // 000000004164: 86039F02
	s_wait_alu 0xfffe                                          // 000000004168: BF88FFFE
	s_add_nc_u64 s[2:3], s[22:23], s[2:3]                      // 00000000416C: A9820216
	s_wait_alu 0xfffe                                          // 000000004170: BF88FFFE
	v_add_co_u32 v1, s4, s2, v19                               // 000000004174: D7000401 00022602
	s_wait_alu 0xf1ff                                          // 00000000417C: BF88F1FF
	v_add_co_ci_u32_e64 v2, null, s3, 0, s4                    // 000000004180: D5207C02 00110003
	s_mov_b64 s[2:3], exec                                     // 000000004188: BE82017E
	flat_load_u8 v0, v[1:2] offset:16                          // 00000000418C: EC04007C 00000000 00001001
	s_wait_loadcnt_dscnt 0x0                                   // 000000004198: BFC80000
	v_and_b32_e32 v6, 7, v0                                    // 00000000419C: 360C0087
	v_bfe_u32 v5, v0, 3, 4                                     // 0000000041A0: D6100005 02110700
	s_delay_alu instid0(VALU_DEP_2) | instskip(NEXT) | instid1(VALU_DEP_2)// 0000000041A8: BF870112
	v_cvt_f32_ubyte0_e32 v4, v6                                // 0000000041AC: 7E082306
	v_cmpx_ne_u32_e32 0, v5                                    // 0000000041B0: 7D9A0A80
	s_wait_alu 0xfffe                                          // 0000000041B4: BF88FFFE
	s_xor_b64 s[4:5], exec, s[2:3]                             // 0000000041B8: 8D84027E
	s_cbranch_execz 17                                         // 0000000041BC: BFA50011 <gemv_mixed_moe_gate_up_k8_indexed_batched+0x2404>
	v_mov_b32_e32 v0, 1.0                                      // 0000000041C0: 7E0002F2
	v_lshl_add_u32 v3, v5, 23, 0x3c000000                      // 0000000041C4: D6460003 03FD2F05 3C000000
	v_cmp_eq_u32_e32 vcc_lo, 15, v5                            // 0000000041D0: 7C940A8F
	v_cmp_eq_u32_e64 s2, 7, v6                                 // 0000000041D4: D44A0002 00020C87
	s_delay_alu instid0(VALU_DEP_4) | instskip(SKIP_1) | instid1(VALU_DEP_1)// 0000000041DC: BF8700A4
	v_fmamk_f32 v0, v4, 0x3e000000, v0                         // 0000000041E0: 58000104 3E000000
	s_and_b64 s[2:3], s[2:3], vcc                              // 0000000041E8: 8B826A02
	v_mul_f32_e32 v0, v0, v3                                   // 0000000041EC: 10000700
	s_wait_alu 0xfffe                                          // 0000000041F0: BF88FFFE
	s_delay_alu instid0(VALU_DEP_1)                            // 0000000041F4: BF870001
	v_cndmask_b32_e64 v3, v0, 0x43e00000, s2                   // 0000000041F8: D5010003 0009FF00 43E00000
	s_wait_alu 0xfffe                                          // 000000004204: BF88FFFE
	s_and_not1_saveexec_b64 s[2:3], s[4:5]                     // 000000004208: BE823104
	v_mul_f32_e32 v0, 0x3c800000, v4                           // 00000000420C: 100008FF 3C800000
	s_delay_alu instid0(VALU_DEP_1)                            // 000000004214: BF870001
	v_mul_f32_e32 v3, 0x3e000000, v0                           // 000000004218: 100600FF 3E000000
	s_wait_alu 0xfffe                                          // 000000004220: BF88FFFE
	s_or_b64 exec, exec, s[2:3]                                // 000000004224: 8CFE027E
	v_add_co_u32 v1, vcc_lo, v1, v18                           // 000000004228: D7006A01 00022501
	s_wait_alu 0xfffd                                          // 000000004230: BF88FFFD
	v_add_co_ci_u32_e64 v2, null, 0, v2, vcc_lo                // 000000004234: D5207C02 01AA0480
	s_clause 0x1                                               // 00000000423C: BF850001
	flat_load_i8 v0, v[1:2] offset:19                          // 000000004240: EC04407C 00000000 00001301
	flat_load_u16 v12, v[1:2] offset:17                        // 00000000424C: EC04807C 0000000C 00001101
	scratch_load_b32 v1, off, off                              // 000000004258: ED05007C 00000001 00000000
	s_wait_loadcnt_dscnt 0x201                                 // 000000004264: BFC80201
	v_bfe_u32 v22, v0, 2, 6                                    // 000000004268: D6100016 02190500
	s_wait_loadcnt_dscnt 0x100                                 // 000000004270: BFC80100
	v_bfe_u32 v20, v12, 3, 3                                   // 000000004274: D6100014 020D070C
	s_wait_loadcnt 0x0                                         // 00000000427C: BFC00000
	v_lshlrev_b32_e32 v1, 3, v1                                // 000000004280: 30020283
	v_lshrrev_b32_e32 v21, 6, v12                              // 000000004284: 322A1886
	v_bfe_u32 v23, v12, 6, 3                                   // 000000004288: D6100017 020D0D0C
	v_lshrrev_b32_e32 v24, 4, v0                               // 000000004290: 32300084
	s_delay_alu instid0(VALU_DEP_4) | instskip(NEXT) | instid1(VALU_DEP_3)// 000000004294: BF870194
	v_lshl_or_b32 v1, s7, 8, v1                                // 000000004298: D6560001 04051007
	v_add_nc_u32_e32 v23, -4, v23                              // 0000000042A0: 4A2E2EC4
	s_delay_alu instid0(VALU_DEP_2) | instskip(NEXT) | instid1(VALU_DEP_2)// 0000000042A4: BF870112
	v_ashrrev_i32_e32 v2, 31, v1                               // 0000000042A8: 3404029F
	v_cvt_f32_i32_e32 v23, v23                                 // 0000000042AC: 7E2E0B17
	s_delay_alu instid0(VALU_DEP_2) | instskip(NEXT) | instid1(VALU_DEP_1)// 0000000042B0: BF870092
	v_lshlrev_b64_e32 v[1:2], 2, v[1:2]                        // 0000000042B4: 3E020282
	v_add_co_u32 v1, vcc_lo, s16, v1                           // 0000000042B8: D7006A01 00020210
	s_wait_alu 0xfffd                                          // 0000000042C0: BF88FFFD
	s_delay_alu instid0(VALU_DEP_2)                            // 0000000042C4: BF870002
	v_add_co_ci_u32_e64 v2, null, s17, v2, vcc_lo              // 0000000042C8: D5207C02 01AA0411
	v_cmp_lt_i16_e32 vcc_lo, -1, v0                            // 0000000042D0: 7C6200C1
	s_clause 0x1                                               // 0000000042D4: BF850001
	global_load_b128 v[4:7], v[1:2], off                       // 0000000042D8: EE05C07C 00000004 00000001
	global_load_b128 v[8:11], v[1:2], off offset:16            // 0000000042E4: EE05C07C 00000008 00001001
	v_mul_f32_e32 v1, v3, v17                                  // 0000000042F0: 10022303
	v_and_b32_e32 v3, 7, v12                                   // 0000000042F4: 36061887
	v_and_b32_e32 v2, 0xff, v0                                 // 0000000042F8: 360400FF 000000FF
	s_delay_alu instid0(VALU_DEP_3) | instskip(NEXT) | instid1(VALU_DEP_3)// 000000004300: BF870193
	v_mul_f32_e32 v1, 0x3fe66666, v1                           // 000000004304: 100202FF 3FE66666
	v_add3_u32 v22, v20, v3, v22                               // 00000000430C: D6550016 045A0714
	v_add_nc_u32_e32 v20, -4, v20                              // 000000004314: 4A2828C4
	s_delay_alu instid0(VALU_DEP_4) | instskip(SKIP_2) | instid1(VALU_DEP_4)// 000000004318: BF870234
	v_perm_b32 v12, v2, v12, 0x504010c                         // 00000000431C: D644000C 03FE1902 0504010C
	v_add_nc_u32_e32 v3, -4, v3                                // 000000004328: 4A0606C4
	v_bfe_u32 v2, v2, 2, 3                                     // 00000000432C: D6100002 020D0502
	v_cvt_f32_i32_e32 v20, v20                                 // 000000004334: 7E280B14
	s_delay_alu instid0(VALU_DEP_4)                            // 000000004338: BF870004
	v_lshrrev_b32_e32 v25, 9, v12                              // 00000000433C: 32321889
	v_bfe_u32 v26, v12, 9, 3                                   // 000000004340: D610001A 020D130C
	v_cvt_f32_i32_e32 v3, v3                                   // 000000004348: 7E060B03
	v_lshrrev_b32_e32 v27, 12, v12                             // 00000000434C: 3236188C
	v_add_f32_e32 v0, 0.5, v20                                 // 000000004350: 060028F0
	v_bfe_u32 v28, v12, 12, 3                                  // 000000004354: D610001C 020D190C
	v_lshrrev_b32_e32 v29, 15, v12                             // 00000000435C: 323A188F
	v_add3_u32 v21, v22, v21, v25                              // 000000004360: D6550015 04662B16
	v_add_f32_e32 v22, 0.5, v3                                 // 000000004368: 062C06F0
	v_add_nc_u32_e32 v26, -4, v26                              // 00000000436C: 4A3434C4
	s_wait_alu 0xfffd                                          // 000000004370: BF88FFFD
	v_cndmask_b32_e32 v0, v0, v20, vcc_lo                      // 000000004374: 02002900
	v_bfe_u32 v12, v12, 15, 3                                  // 000000004378: D610000C 020D1F0C
	v_add_f32_e32 v25, 0.5, v23                                // 000000004380: 06322EF0
	v_add_nc_u32_e32 v28, -4, v28                              // 000000004384: 4A3838C4
	v_cndmask_b32_e32 v3, v22, v3, vcc_lo                      // 000000004388: 02060716
	v_add3_u32 v20, v21, v27, v29                              // 00000000438C: D6550014 04763715
	v_cvt_f32_i32_e32 v21, v26                                 // 000000004394: 7E2A0B1A
	v_mul_f32_e32 v0, v1, v0                                   // 000000004398: 10000101
	v_add_nc_u32_e32 v12, -4, v12                              // 00000000439C: 4A1818C4
	v_cndmask_b32_e32 v22, v25, v23, vcc_lo                    // 0000000043A0: 022C2F19
	v_cvt_f32_i32_e32 v23, v28                                 // 0000000043A4: 7E2E0B1C
	v_add_f32_e32 v25, 0.5, v21                                // 0000000043A8: 06322AF0
	v_mul_f32_e32 v3, v1, v3                                   // 0000000043AC: 10060701
	v_add_nc_u32_e32 v2, -4, v2                                // 0000000043B0: 4A0404C4
	v_cvt_f32_i32_e32 v12, v12                                 // 0000000043B4: 7E180B0C
	v_mul_f32_e32 v22, v1, v22                                 // 0000000043B8: 102C2D01
	v_cndmask_b32_e32 v21, v25, v21, vcc_lo                    // 0000000043BC: 022A2B19
	s_delay_alu instid0(VALU_DEP_4) | instskip(SKIP_4) | instid1(VALU_DEP_3)// 0000000043C0: BF8701D4
	v_cvt_f32_i32_e32 v2, v2                                   // 0000000043C4: 7E040B02
	s_wait_loadcnt 0x1                                         // 0000000043C8: BFC00001
	v_mul_f32_e32 v0, v5, v0                                   // 0000000043CC: 10000105
	v_and_b32_e32 v5, 1, v20                                   // 0000000043D0: 360A2881
	v_add_f32_e32 v20, 0.5, v23                                // 0000000043D4: 06282EF0
	v_fmac_f32_e32 v0, v4, v3                                  // 0000000043D8: 56000704
	s_delay_alu instid0(VALU_DEP_3) | instskip(SKIP_1) | instid1(VALU_DEP_4)// 0000000043DC: BF870223
	v_and_or_b32 v3, v24, 6, v5                                // 0000000043E0: D6570003 04150D18
	v_add_f32_e32 v4, 0.5, v12                                 // 0000000043E8: 060818F0
	v_cndmask_b32_e32 v5, v20, v23, vcc_lo                     // 0000000043EC: 020A2F14
	v_mul_f32_e32 v20, v1, v21                                 // 0000000043F0: 10282B01
	v_fmac_f32_e32 v0, v6, v22                                 // 0000000043F4: 56002D06
	v_add_nc_u32_e32 v3, -4, v3                                // 0000000043F8: 4A0606C4
	v_add_f32_e32 v6, 0.5, v2                                  // 0000000043FC: 060C04F0
	v_cndmask_b32_e32 v4, v4, v12, vcc_lo                      // 000000004400: 02081904
	v_mul_f32_e32 v5, v1, v5                                   // 000000004404: 100A0B01
	v_fmac_f32_e32 v0, v7, v20                                 // 000000004408: 56002907
	v_cvt_f32_i32_e32 v3, v3                                   // 00000000440C: 7E060B03
	v_cndmask_b32_e32 v2, v6, v2, vcc_lo                       // 000000004410: 02040506
	v_mul_f32_e32 v4, v1, v4                                   // 000000004414: 10080901
	s_wait_loadcnt 0x0                                         // 000000004418: BFC00000
	v_fmac_f32_e32 v0, v8, v5                                  // 00000000441C: 56000B08
	v_add_f32_e32 v5, 0.5, v3                                  // 000000004420: 060A06F0
	v_mul_f32_e32 v2, v1, v2                                   // 000000004424: 10040501
	s_delay_alu instid0(VALU_DEP_3) | instskip(NEXT) | instid1(VALU_DEP_3)// 000000004428: BF870193
	v_fmac_f32_e32 v0, v9, v4                                  // 00000000442C: 56000909
	v_cndmask_b32_e32 v3, v5, v3, vcc_lo                       // 000000004430: 02060705
	s_delay_alu instid0(VALU_DEP_2) | instskip(NEXT) | instid1(VALU_DEP_2)// 000000004434: BF870112
	v_fmac_f32_e32 v0, v10, v2                                 // 000000004438: 5600050A
	v_mul_f32_e32 v1, v1, v3                                   // 00000000443C: 10020701
	s_delay_alu instid0(VALU_DEP_1) | instskip(NEXT) | instid1(VALU_DEP_1)// 000000004440: BF870091
	v_fmac_f32_e32 v0, v11, v1                                 // 000000004444: 5600030B
	v_add_f32_e32 v14, v14, v0                                 // 000000004448: 061C010E
	s_cmp_lg_u32 s6, 3                                         // 00000000444C: BF078306
	s_cbranch_scc1 191                                         // 000000004450: BFA200BF <gemv_mixed_moe_gate_up_k8_indexed_batched+0x2950>
	s_and_b32 s6, s18, -2                                      // 000000004454: 8B06C212
	s_wait_alu 0xfffe                                          // 000000004458: BF88FFFE
	s_mul_i32 s2, s6, 0x68                                     // 00000000445C: 9602FF06 00000068
	s_wait_alu 0xfffe                                          // 000000004464: BF88FFFE
	s_ashr_i32 s3, s2, 31                                      // 000000004468: 86039F02
	s_wait_alu 0xfffe                                          // 00000000446C: BF88FFFE
	s_add_nc_u64 s[2:3], s[22:23], s[2:3]                      // 000000004470: A9820216
	s_wait_alu 0xfffe                                          // 000000004474: BF88FFFE
	v_add_co_u32 v1, s4, s2, v19                               // 000000004478: D7000401 00022602
	s_wait_alu 0xf1ff                                          // 000000004480: BF88F1FF
	v_add_co_ci_u32_e64 v2, null, s3, 0, s4                    // 000000004484: D5207C02 00110003
	s_mov_b64 s[2:3], exec                                     // 00000000448C: BE82017E
	flat_load_u8 v0, v[1:2] offset:16                          // 000000004490: EC04007C 00000000 00001001
	s_wait_loadcnt_dscnt 0x0                                   // 00000000449C: BFC80000
	v_and_b32_e32 v6, 7, v0                                    // 0000000044A0: 360C0087
	v_bfe_u32 v5, v0, 3, 4                                     // 0000000044A4: D6100005 02110700
	s_delay_alu instid0(VALU_DEP_2) | instskip(NEXT) | instid1(VALU_DEP_2)// 0000000044AC: BF870112
	v_cvt_f32_ubyte0_e32 v4, v6                                // 0000000044B0: 7E082306
	v_cmpx_ne_u32_e32 0, v5                                    // 0000000044B4: 7D9A0A80
	s_wait_alu 0xfffe                                          // 0000000044B8: BF88FFFE
	s_xor_b64 s[4:5], exec, s[2:3]                             // 0000000044BC: 8D84027E
	s_cbranch_execz 17                                         // 0000000044C0: BFA50011 <gemv_mixed_moe_gate_up_k8_indexed_batched+0x2708>
	v_mov_b32_e32 v0, 1.0                                      // 0000000044C4: 7E0002F2
	v_lshl_add_u32 v3, v5, 23, 0x3c000000                      // 0000000044C8: D6460003 03FD2F05 3C000000
	v_cmp_eq_u32_e32 vcc_lo, 15, v5                            // 0000000044D4: 7C940A8F
	v_cmp_eq_u32_e64 s2, 7, v6                                 // 0000000044D8: D44A0002 00020C87
	s_delay_alu instid0(VALU_DEP_4) | instskip(SKIP_1) | instid1(VALU_DEP_1)// 0000000044E0: BF8700A4
	v_fmamk_f32 v0, v4, 0x3e000000, v0                         // 0000000044E4: 58000104 3E000000
	s_and_b64 s[2:3], s[2:3], vcc                              // 0000000044EC: 8B826A02
	v_mul_f32_e32 v0, v0, v3                                   // 0000000044F0: 10000700
	s_wait_alu 0xfffe                                          // 0000000044F4: BF88FFFE
	s_delay_alu instid0(VALU_DEP_1)                            // 0000000044F8: BF870001
	v_cndmask_b32_e64 v3, v0, 0x43e00000, s2                   // 0000000044FC: D5010003 0009FF00 43E00000
	s_wait_alu 0xfffe                                          // 000000004508: BF88FFFE
	s_and_not1_saveexec_b64 s[2:3], s[4:5]                     // 00000000450C: BE823104
	v_mul_f32_e32 v0, 0x3c800000, v4                           // 000000004510: 100008FF 3C800000
	s_delay_alu instid0(VALU_DEP_1)                            // 000000004518: BF870001
	v_mul_f32_e32 v3, 0x3e000000, v0                           // 00000000451C: 100600FF 3E000000
	s_wait_alu 0xfffe                                          // 000000004524: BF88FFFE
	s_or_b64 exec, exec, s[2:3]                                // 000000004528: 8CFE027E
	v_add_co_u32 v1, vcc_lo, v1, v18                           // 00000000452C: D7006A01 00022501
	s_wait_alu 0xfffd                                          // 000000004534: BF88FFFD
	v_add_co_ci_u32_e64 v2, null, 0, v2, vcc_lo                // 000000004538: D5207C02 01AA0480
	s_clause 0x1                                               // 000000004540: BF850001
	flat_load_i8 v0, v[1:2] offset:19                          // 000000004544: EC04407C 00000000 00001301
	flat_load_u16 v12, v[1:2] offset:17                        // 000000004550: EC04807C 0000000C 00001101
	scratch_load_b32 v1, off, off                              // 00000000455C: ED05007C 00000001 00000000
	s_wait_loadcnt_dscnt 0x201                                 // 000000004568: BFC80201
	v_bfe_u32 v19, v0, 2, 6                                    // 00000000456C: D6100013 02190500
	s_wait_loadcnt_dscnt 0x100                                 // 000000004574: BFC80100
	v_lshrrev_b32_e32 v18, 6, v12                              // 000000004578: 32241886
	s_wait_loadcnt 0x0                                         // 00000000457C: BFC00000
	v_lshlrev_b32_e32 v1, 3, v1                                // 000000004580: 30020283
	v_bfe_u32 v20, v12, 6, 3                                   // 000000004584: D6100014 020D0D0C
	v_lshrrev_b32_e32 v21, 4, v0                               // 00000000458C: 322A0084
	s_delay_alu instid0(VALU_DEP_3) | instskip(NEXT) | instid1(VALU_DEP_3)// 000000004590: BF870193
	v_lshl_or_b32 v1, s6, 8, v1                                // 000000004594: D6560001 04051006
	v_add_nc_u32_e32 v20, -4, v20                              // 00000000459C: 4A2828C4
	s_delay_alu instid0(VALU_DEP_2) | instskip(NEXT) | instid1(VALU_DEP_2)// 0000000045A0: BF870112
	v_ashrrev_i32_e32 v2, 31, v1                               // 0000000045A4: 3404029F
	v_cvt_f32_i32_e32 v20, v20                                 // 0000000045A8: 7E280B14
	s_delay_alu instid0(VALU_DEP_2) | instskip(NEXT) | instid1(VALU_DEP_1)// 0000000045AC: BF870092
	v_lshlrev_b64_e32 v[1:2], 2, v[1:2]                        // 0000000045B0: 3E020282
	v_add_co_u32 v1, vcc_lo, s16, v1                           // 0000000045B4: D7006A01 00020210
	s_wait_alu 0xfffd                                          // 0000000045BC: BF88FFFD
	s_delay_alu instid0(VALU_DEP_2)                            // 0000000045C0: BF870002
	v_add_co_ci_u32_e64 v2, null, s17, v2, vcc_lo              // 0000000045C4: D5207C02 01AA0411
	v_cmp_lt_i16_e32 vcc_lo, -1, v0                            // 0000000045CC: 7C6200C1
	s_clause 0x1                                               // 0000000045D0: BF850001
	global_load_b128 v[4:7], v[1:2], off                       // 0000000045D4: EE05C07C 00000004 00000001
	global_load_b128 v[8:11], v[1:2], off offset:16            // 0000000045E0: EE05C07C 00000008 00001001
	v_mul_f32_e32 v1, v3, v17                                  // 0000000045EC: 10022303
	v_and_b32_e32 v3, 7, v12                                   // 0000000045F0: 36061887
	v_bfe_u32 v17, v12, 3, 3                                   // 0000000045F4: D6100011 020D070C
	v_and_b32_e32 v2, 0xff, v0                                 // 0000000045FC: 360400FF 000000FF
	s_delay_alu instid0(VALU_DEP_4) | instskip(NEXT) | instid1(VALU_DEP_3)// 000000004604: BF870194
	v_mul_f32_e32 v1, 0x3fe66666, v1                           // 000000004608: 100202FF 3FE66666
	v_add3_u32 v19, v17, v3, v19                               // 000000004610: D6550013 044E0711
	v_add_nc_u32_e32 v17, -4, v17                              // 000000004618: 4A2222C4
	s_delay_alu instid0(VALU_DEP_4) | instskip(SKIP_2) | instid1(VALU_DEP_4)// 00000000461C: BF870234
	v_perm_b32 v12, v2, v12, 0x504010c                         // 000000004620: D644000C 03FE1902 0504010C
	v_add_nc_u32_e32 v3, -4, v3                                // 00000000462C: 4A0606C4
	v_bfe_u32 v2, v2, 2, 3                                     // 000000004630: D6100002 020D0502
	v_cvt_f32_i32_e32 v17, v17                                 // 000000004638: 7E220B11
	s_delay_alu instid0(VALU_DEP_4)                            // 00000000463C: BF870004
	v_lshrrev_b32_e32 v22, 9, v12                              // 000000004640: 322C1889
	v_bfe_u32 v23, v12, 9, 3                                   // 000000004644: D6100017 020D130C
	v_cvt_f32_i32_e32 v3, v3                                   // 00000000464C: 7E060B03
	v_lshrrev_b32_e32 v24, 12, v12                             // 000000004650: 3230188C
	v_add_f32_e32 v0, 0.5, v17                                 // 000000004654: 060022F0
	v_bfe_u32 v25, v12, 12, 3                                  // 000000004658: D6100019 020D190C
	v_lshrrev_b32_e32 v26, 15, v12                             // 000000004660: 3234188F
	v_add3_u32 v18, v19, v18, v22                              // 000000004664: D6550012 045A2513
	v_add_f32_e32 v19, 0.5, v3                                 // 00000000466C: 062606F0
	v_add_nc_u32_e32 v23, -4, v23                              // 000000004670: 4A2E2EC4
	s_wait_alu 0xfffd                                          // 000000004674: BF88FFFD
	v_cndmask_b32_e32 v0, v0, v17, vcc_lo                      // 000000004678: 02002300
	v_bfe_u32 v12, v12, 15, 3                                  // 00000000467C: D610000C 020D1F0C
	v_add_f32_e32 v22, 0.5, v20                                // 000000004684: 062C28F0
	v_add_nc_u32_e32 v25, -4, v25                              // 000000004688: 4A3232C4
	v_cndmask_b32_e32 v3, v19, v3, vcc_lo                      // 00000000468C: 02060713
	v_add3_u32 v17, v18, v24, v26                              // 000000004690: D6550011 046A3112
	v_cvt_f32_i32_e32 v18, v23                                 // 000000004698: 7E240B17
	v_mul_f32_e32 v0, v1, v0                                   // 00000000469C: 10000101
	v_add_nc_u32_e32 v12, -4, v12                              // 0000000046A0: 4A1818C4
	v_cndmask_b32_e32 v19, v22, v20, vcc_lo                    // 0000000046A4: 02262916
	v_cvt_f32_i32_e32 v20, v25                                 // 0000000046A8: 7E280B19
	v_add_f32_e32 v22, 0.5, v18                                // 0000000046AC: 062C24F0
	v_mul_f32_e32 v3, v1, v3                                   // 0000000046B0: 10060701
	v_add_nc_u32_e32 v2, -4, v2                                // 0000000046B4: 4A0404C4
	v_cvt_f32_i32_e32 v12, v12                                 // 0000000046B8: 7E180B0C
	v_mul_f32_e32 v19, v1, v19                                 // 0000000046BC: 10262701
	v_cndmask_b32_e32 v18, v22, v18, vcc_lo                    // 0000000046C0: 02242516
	s_delay_alu instid0(VALU_DEP_4) | instskip(SKIP_4) | instid1(VALU_DEP_3)// 0000000046C4: BF8701D4
	v_cvt_f32_i32_e32 v2, v2                                   // 0000000046C8: 7E040B02
	s_wait_loadcnt 0x1                                         // 0000000046CC: BFC00001
	v_mul_f32_e32 v0, v5, v0                                   // 0000000046D0: 10000105
	v_and_b32_e32 v5, 1, v17                                   // 0000000046D4: 360A2281
	v_add_f32_e32 v17, 0.5, v20                                // 0000000046D8: 062228F0
	v_fmac_f32_e32 v0, v4, v3                                  // 0000000046DC: 56000704
	s_delay_alu instid0(VALU_DEP_3) | instskip(SKIP_1) | instid1(VALU_DEP_4)// 0000000046E0: BF870223
	v_and_or_b32 v3, v21, 6, v5                                // 0000000046E4: D6570003 04150D15
	v_add_f32_e32 v4, 0.5, v12                                 // 0000000046EC: 060818F0
	v_cndmask_b32_e32 v5, v17, v20, vcc_lo                     // 0000000046F0: 020A2911
	v_mul_f32_e32 v17, v1, v18                                 // 0000000046F4: 10222501
	v_fmac_f32_e32 v0, v6, v19                                 // 0000000046F8: 56002706
	v_add_nc_u32_e32 v3, -4, v3                                // 0000000046FC: 4A0606C4
	v_add_f32_e32 v6, 0.5, v2                                  // 000000004700: 060C04F0
	v_cndmask_b32_e32 v4, v4, v12, vcc_lo                      // 000000004704: 02081904
	v_mul_f32_e32 v5, v1, v5                                   // 000000004708: 100A0B01
	v_fmac_f32_e32 v0, v7, v17                                 // 00000000470C: 56002307
	v_cvt_f32_i32_e32 v3, v3                                   // 000000004710: 7E060B03
	v_cndmask_b32_e32 v2, v6, v2, vcc_lo                       // 000000004714: 02040506
	v_mul_f32_e32 v4, v1, v4                                   // 000000004718: 10080901
	s_wait_loadcnt 0x0                                         // 00000000471C: BFC00000
	v_fmac_f32_e32 v0, v8, v5                                  // 000000004720: 56000B08
	v_add_f32_e32 v5, 0.5, v3                                  // 000000004724: 060A06F0
	v_mul_f32_e32 v2, v1, v2                                   // 000000004728: 10040501
	s_delay_alu instid0(VALU_DEP_3) | instskip(NEXT) | instid1(VALU_DEP_3)// 00000000472C: BF870193
	v_fmac_f32_e32 v0, v9, v4                                  // 000000004730: 56000909
	v_cndmask_b32_e32 v3, v5, v3, vcc_lo                       // 000000004734: 02060705
	s_delay_alu instid0(VALU_DEP_2) | instskip(NEXT) | instid1(VALU_DEP_2)// 000000004738: BF870112
	v_fmac_f32_e32 v0, v10, v2                                 // 00000000473C: 5600050A
	v_mul_f32_e32 v1, v1, v3                                   // 000000004740: 10020701
	s_delay_alu instid0(VALU_DEP_1) | instskip(NEXT) | instid1(VALU_DEP_1)// 000000004744: BF870091
	v_fmac_f32_e32 v0, v11, v1                                 // 000000004748: 5600030B
	v_add_f32_e32 v15, v15, v0                                 // 00000000474C: 061E010F
	s_delay_alu instid0(VALU_DEP_1) | instskip(NEXT) | instid1(VALU_DEP_2)// 000000004750: BF870111
	v_add_f32_e32 v0, v13, v14                                 // 000000004754: 06001D0D
	v_add_f32_e32 v1, v16, v15                                 // 000000004758: 06021F10
	s_delay_alu instid0(VALU_DEP_1)                            // 00000000475C: BF870001
	v_add_f32_e32 v11, v0, v1                                  // 000000004760: 06160300
	s_cbranch_execnz 1385                                      // 000000004764: BFA60569 <gemv_mixed_moe_gate_up_k8_indexed_batched+0x3f0c>
	s_cmp_gt_i32 s13, 3                                        // 000000004768: BF02830D
	s_cbranch_scc0 656                                         // 00000000476C: BFA10290 <gemv_mixed_moe_gate_up_k8_indexed_batched+0x33b0>
	s_lshr_b32 s3, s19, 27                                     // 000000004770: 85039B13
	s_mov_b32 s2, ttmp9                                        // 000000004774: BE820075
	s_wait_alu 0xfffe                                          // 000000004778: BF88FFFE
	s_add_co_i32 s3, s9, s3                                    // 00000000477C: 81030309
	v_mov_b32_e32 v21, 0                                       // 000000004780: 7E2A0280
	s_wait_alu 0xfffe                                          // 000000004784: BF88FFFE
	s_ashr_i32 s3, s3, 5                                       // 000000004788: 86038503
	s_ashr_i32 s13, s18, 2                                     // 00000000478C: 860D8212
	s_wait_alu 0xfffe                                          // 000000004790: BF88FFFE
	s_mul_i32 s4, s3, 17                                       // 000000004794: 96049103
	s_ashr_i32 s3, ttmp9, 31                                   // 000000004798: 86039F75
	s_wait_alu 0xfffe                                          // 00000000479C: BF88FFFE
	s_ashr_i32 s5, s4, 31                                      // 0000000047A0: 86059F04
	s_cmp_lt_i32 s13, 1                                        // 0000000047A4: BF04810D
	s_wait_alu 0xfffe                                          // 0000000047A8: BF88FFFE
	s_add_nc_u64 s[4:5], s[4:5], 16                            // 0000000047AC: A9849004
	s_wait_alu 0xfffe                                          // 0000000047B0: BF88FFFE
	s_mul_u64 s[2:3], s[4:5], s[2:3]                           // 0000000047B4: AA820204
	s_wait_kmcnt 0x0                                           // 0000000047B8: BFC70000
	s_wait_alu 0xfffe                                          // 0000000047BC: BF88FFFE
	s_add_nc_u64 s[22:23], s[20:21], s[2:3]                    // 0000000047C0: A9960214
	s_wait_alu 0xfffe                                          // 0000000047C4: BF88FFFE
	v_mov_b32_e32 v1, s22                                      // 0000000047C8: 7E020216
	v_mov_b32_e32 v2, s23                                      // 0000000047CC: 7E040217
	flat_load_u16 v1, v[1:2]                                   // 0000000047D0: EC04807C 00000001 00000001
	scratch_load_b32 v0, off, off                              // 0000000047DC: ED05007C 00000000 00000000
	s_wait_loadcnt_dscnt 0x100                                 // 0000000047E8: BFC80100
	v_cvt_f32_f16_e32 v1, v1                                   // 0000000047EC: 7E021701
	s_wait_loadcnt 0x0                                         // 0000000047F0: BFC00000
	v_lshlrev_b32_e32 v2, 2, v0                                // 0000000047F4: 30040082
	v_lshrrev_b32_e32 v3, 2, v0                                // 0000000047F8: 32060082
	scratch_store_b32 off, v1, off offset:4                    // 0000000047FC: ED06807C 00800000 00000400
	v_and_b32_e32 v2, 12, v2                                   // 000000004808: 3604048C
	scratch_store_b32 off, v2, off offset:8                    // 00000000480C: ED06807C 01000000 00000800
	v_mul_u32_u24_e32 v2, 17, v3                               // 000000004818: 16040691
	scratch_store_b32 off, v2, off offset:12                   // 00000000481C: ED06807C 01000000 00000C00
	s_cbranch_scc1 611                                         // 000000004828: BFA20263 <gemv_mixed_moe_gate_up_k8_indexed_batched+0x33b8>
	v_add_co_u32 v1, s2, s22, v2                               // 00000000482C: D7000201 00020416
	s_wait_alu 0xf1ff                                          // 000000004834: BF88F1FF
	v_add_co_ci_u32_e64 v2, null, s23, 0, s2                   // 000000004838: D5207C02 00090017
	v_lshlrev_b32_e32 v13, 3, v0                               // 000000004840: 301A0083
	s_delay_alu instid0(VALU_DEP_3) | instskip(SKIP_1) | instid1(VALU_DEP_3)// 000000004844: BF8701A3
	v_add_co_u32 v15, vcc_lo, 0x120, v1                        // 000000004848: D7006A0F 000202FF 00000120
	s_wait_alu 0xfffd                                          // 000000004854: BF88FFFD
	v_add_co_ci_u32_e64 v16, null, 0, v2, vcc_lo               // 000000004858: D5207C10 01AA0480
	v_mov_b32_e32 v22, 0                                       // 000000004860: 7E2C0280
	v_mov_b32_e32 v23, 0                                       // 000000004864: 7E2E0280
	v_mov_b32_e32 v24, 0                                       // 000000004868: 7E300280
	s_branch 444                                               // 00000000486C: BFA001BC <gemv_mixed_moe_gate_up_k8_indexed_batched+0x3160>
	s_wait_alu 0xfffe                                          // 000000004870: BF88FFFE
	s_or_b64 exec, exec, s[2:3]                                // 000000004874: 8CFE027E
	scratch_load_b32 v0, off, off offset:8                     // 000000004878: ED05007C 00000000 00000800
	v_ashrrev_i32_e32 v14, 31, v13                             // 000000004884: 341C1A9F
	s_add_co_i32 s13, s13, -1                                  // 000000004888: 810DC10D
	s_delay_alu instid0(SALU_CYCLE_1) | instskip(NEXT) | instid1(VALU_DEP_1)// 00000000488C: BF870099
	s_cmp_eq_u32 s13, 0                                        // 000000004890: BF06800D
	v_lshlrev_b64_e32 v[1:2], 2, v[13:14]                      // 000000004894: 3E021A82
	v_add_nc_u32_e32 v13, 0x400, v13                           // 000000004898: 4A1A1AFF 00000400
	s_wait_loadcnt 0x0                                         // 0000000048A0: BFC00000
	v_add_co_u32 v19, vcc_lo, v15, v0                          // 0000000048A4: D7006A13 0002010F
	s_wait_alu 0xfffd                                          // 0000000048AC: BF88FFFD
	v_add_co_ci_u32_e64 v20, null, 0, v16, vcc_lo              // 0000000048B0: D5207C14 01AA2080
	v_add_co_u32 v17, vcc_lo, s16, v1                          // 0000000048B8: D7006A11 00020210
	s_wait_alu 0xfffd                                          // 0000000048C0: BF88FFFD
	v_add_co_ci_u32_e64 v18, null, s17, v2, vcc_lo             // 0000000048C4: D5207C12 01AA0411
	flat_load_b32 v29, v[19:20] offset:-271                    // 0000000048CC: EC05007C 0000001D FFFEF113
	global_load_b128 v[1:4], v[17:18], off                     // 0000000048D8: EE05C07C 00000001 00000011
	s_clause 0x1                                               // 0000000048E4: BF850001
	flat_load_b32 v14, v[19:20] offset:-135                    // 0000000048E8: EC05007C 0000000E FFFF7913
	flat_load_b32 v30, v[19:20] offset:1                       // 0000000048F4: EC05007C 0000001E 00000113
	s_clause 0x1                                               // 000000004900: BF850001
	global_load_b128 v[5:8], v[17:18], off offset:1024         // 000000004904: EE05C07C 00000005 00040011
	global_load_b128 v[9:12], v[17:18], off offset:2048        // 000000004910: EE05C07C 00000009 00080011
	flat_load_b32 v34, v[19:20] offset:137                     // 00000000491C: EC05007C 00000022 00008913
	scratch_load_b32 v0, off, off offset:4                     // 000000004928: ED05007C 00000000 00000400
	s_wait_loadcnt_dscnt 0x502                                 // 000000004934: BFC80502
	v_cmp_gt_i32_e64 s2, 0, v14                                // 000000004938: D4440002 00021C80
	v_and_b32_e32 v35, 15, v29                                 // 000000004940: 36463A8F
	v_bfe_u32 v19, v29, 4, 4                                   // 000000004944: D6100013 0211091D
	v_bfe_u32 v36, v29, 8, 4                                   // 00000000494C: D6100024 0211111D
	v_cmp_gt_i32_e32 vcc_lo, 0, v29                            // 000000004954: 7C883A80
	s_wait_loadcnt 0x0                                         // 000000004958: BFC00000
	v_mul_f32_e32 v33, v33, v0                                 // 00000000495C: 10420121
	v_add_nc_u32_e32 v20, -7, v35                              // 000000004960: 4A2846C7
	v_add_nc_u32_e32 v19, -7, v19                              // 000000004964: 4A2626C7
	v_add_nc_u32_e32 v36, -7, v36                              // 000000004968: 4A4848C7
	v_mul_f32_e32 v32, v32, v0                                 // 00000000496C: 10400120
	s_wait_dscnt 0x1                                           // 000000004970: BFC60001
	v_bfe_u32 v41, v30, 12, 4                                  // 000000004974: D6100029 0211191E
	v_cvt_f32_i32_e32 v37, v20                                 // 00000000497C: 7E4A0B14
	v_cvt_f32_i32_e32 v19, v19                                 // 000000004980: 7E260B13
	v_mul_f32_e32 v20, v31, v0                                 // 000000004984: 1028011F
	v_bfe_u32 v31, v29, 12, 4                                  // 000000004988: D610001F 0211191D
	v_cvt_f32_i32_e32 v36, v36                                 // 000000004990: 7E480B24
	v_add_f32_e32 v38, 0.5, v37                                // 000000004994: 064C4AF0
	v_add_f32_e32 v39, 0.5, v19                                // 000000004998: 064E26F0
	v_mul_f32_e32 v20, 0x3f6147ae, v20                         // 00000000499C: 102828FF 3F6147AE
	v_add_nc_u32_e32 v31, -7, v31                              // 0000000049A4: 4A3E3EC7
	v_add_f32_e32 v40, 0.5, v36                                // 0000000049A8: 065048F0
	s_wait_alu 0xfffd                                          // 0000000049AC: BF88FFFD
	v_cndmask_b32_e32 v37, v37, v38, vcc_lo                    // 0000000049B0: 024A4D25
	v_cndmask_b32_e32 v38, v19, v39, vcc_lo                    // 0000000049B4: 024C4F13
	v_mul_f32_e32 v19, 0x3f6147ae, v33                         // 0000000049B8: 102642FF 3F6147AE
	v_cvt_f32_i32_e32 v39, v31                                 // 0000000049C0: 7E4E0B1F
	v_cndmask_b32_e32 v36, v36, v40, vcc_lo                    // 0000000049C4: 02485124
	v_mul_f32_e32 v37, v20, v37                                // 0000000049C8: 104A4B14
	v_mul_f32_e32 v33, v20, v38                                // 0000000049CC: 10424D14
	v_bfe_u32 v40, v30, 8, 4                                   // 0000000049D0: D6100028 0211111E
	v_add_f32_e32 v38, 0.5, v39                                // 0000000049D8: 064C4EF0
	v_mul_f32_e32 v36, v20, v36                                // 0000000049DC: 10484914
	v_mul_f32_e32 v31, 0x3f6147ae, v32                         // 0000000049E0: 103E40FF 3F6147AE
	v_mul_f32_e32 v2, v2, v33                                  // 0000000049E8: 10044302
	v_and_b32_e32 v33, 15, v14                                 // 0000000049EC: 36421C8F
	v_cndmask_b32_e32 v38, v39, v38, vcc_lo                    // 0000000049F0: 024C4D27
	v_bfe_u32 v39, v14, 12, 4                                  // 0000000049F4: D6100027 0211190E
	v_add_nc_u32_e32 v40, -7, v40                              // 0000000049FC: 4A5050C7
	v_fmac_f32_e32 v2, v1, v37                                 // 000000004A00: 56044B01
	v_bfe_u32 v1, v14, 4, 4                                    // 000000004A04: D6100001 0211090E
	v_bfe_u32 v37, v14, 8, 4                                   // 000000004A0C: D6100025 0211110E
	v_mul_f32_e32 v38, v20, v38                                // 000000004A14: 104C4D14
	v_cmp_gt_i32_e64 s4, 0, v30                                // 000000004A18: D4440004 00023C80
	v_fmac_f32_e32 v2, v3, v36                                 // 000000004A20: 56044903
	v_bfe_u32 v3, v30, 4, 4                                    // 000000004A24: D6100003 0211091E
	v_add_nc_u32_e32 v1, -7, v1                                // 000000004A2C: 4A0202C7
	v_add_nc_u32_e32 v37, -7, v37                              // 000000004A30: 4A4A4AC7
	v_and_b32_e32 v36, 15, v30                                 // 000000004A34: 36483C8F
	v_fmac_f32_e32 v2, v38, v4                                 // 000000004A38: 56040926
	v_add_nc_u32_e32 v4, -7, v33                               // 000000004A3C: 4A0842C7
	v_add_nc_u32_e32 v3, -7, v3                                // 000000004A40: 4A0606C7
	v_cvt_f32_i32_e32 v1, v1                                   // 000000004A44: 7E020B01
	v_cvt_f32_i32_e32 v37, v37                                 // 000000004A48: 7E4A0B25
	v_add_nc_u32_e32 v38, -7, v39                              // 000000004A4C: 4A4C4EC7
	v_add_nc_u32_e32 v39, -7, v36                              // 000000004A50: 4A4E48C7
	v_cvt_f32_i32_e32 v4, v4                                   // 000000004A54: 7E080B04
	v_cvt_f32_i32_e32 v3, v3                                   // 000000004A58: 7E060B03
	v_add_f32_e32 v43, 0.5, v1                                 // 000000004A5C: 065602F0
	v_add_f32_e32 v44, 0.5, v37                                // 000000004A60: 06584AF0
	v_cvt_f32_i32_e32 v38, v38                                 // 000000004A64: 7E4C0B26
	v_cvt_f32_i32_e32 v39, v39                                 // 000000004A68: 7E4E0B27
	v_add_f32_e32 v42, 0.5, v4                                 // 000000004A6C: 065408F0
	s_wait_alu 0xf1ff                                          // 000000004A70: BF88F1FF
	v_cndmask_b32_e64 v1, v1, v43, s2                          // 000000004A74: D5010001 000A5701
	v_cndmask_b32_e64 v37, v37, v44, s2                        // 000000004A7C: D5010025 000A5925
	v_add_f32_e32 v44, 0.5, v3                                 // 000000004A84: 065806F0
	v_add_nc_u32_e32 v41, -7, v41                              // 000000004A88: 4A5252C7
	v_cvt_f32_i32_e32 v40, v40                                 // 000000004A8C: 7E500B28
	v_cndmask_b32_e64 v4, v4, v42, s2                          // 000000004A90: D5010004 000A5504
	v_add_f32_e32 v42, 0.5, v38                                // 000000004A98: 06544CF0
	v_add_f32_e32 v43, 0.5, v39                                // 000000004A9C: 06564EF0
	v_cndmask_b32_e64 v3, v3, v44, s4                          // 000000004AA0: D5010003 00125903
	v_mul_f32_e32 v1, v31, v1                                  // 000000004AA8: 1002031F
	v_cvt_f32_i32_e32 v41, v41                                 // 000000004AAC: 7E520B29
	v_cndmask_b32_e64 v38, v38, v42, s2                        // 000000004AB0: D5010026 000A5526
	v_add_f32_e32 v42, 0.5, v40                                // 000000004AB8: 065450F0
	v_cndmask_b32_e64 v39, v39, v43, s4                        // 000000004ABC: D5010027 00125727
	v_mul_f32_e32 v4, v31, v4                                  // 000000004AC4: 1008091F
	v_mul_f32_e32 v1, v1, v6                                   // 000000004AC8: 10020D01
	v_mul_f32_e32 v3, v19, v3                                  // 000000004ACC: 10060713
	v_add_f32_e32 v44, 0.5, v41                                // 000000004AD0: 065852F0
	v_cndmask_b32_e64 v40, v40, v42, s4                        // 000000004AD4: D5010028 00125528
	v_mul_f32_e32 v37, v31, v37                                // 000000004ADC: 104A4B1F
	v_fmac_f32_e32 v1, v4, v5                                  // 000000004AE0: 56020B04
	v_mul_f32_e32 v4, v19, v39                                 // 000000004AE4: 10084F13
	v_mul_f32_e32 v3, v3, v10                                  // 000000004AE8: 10061503
	v_cndmask_b32_e64 v6, v41, v44, s4                         // 000000004AEC: D5010006 00125929
	v_lshrrev_b32_e32 v42, 12, v29                             // 000000004AF4: 32543A8C
	v_lshrrev_b32_e32 v41, 16, v29                             // 000000004AF8: 32523A90
	v_mul_f32_e32 v10, v31, v38                                // 000000004AFC: 10144D1F
	v_fmac_f32_e32 v3, v4, v9                                  // 000000004B00: 56061304
	v_mul_f32_e32 v9, v19, v40                                 // 000000004B04: 10125113
	v_fmac_f32_e32 v1, v37, v7                                 // 000000004B08: 56020F25
	v_mul_f32_e32 v6, v19, v6                                  // 000000004B0C: 100C0D13
	v_lshrrev_b32_e32 v37, 12, v14                             // 000000004B10: 324A1C8C
	v_lshrrev_b32_e32 v38, 16, v14                             // 000000004B14: 324C1C90
	v_fmac_f32_e32 v3, v9, v11                                 // 000000004B18: 56061709
	v_lshrrev_b32_e32 v7, 20, v29                              // 000000004B1C: 320E3A94
	v_fmac_f32_e32 v1, v10, v8                                 // 000000004B20: 5602110A
	v_lshrrev_b32_e32 v8, 24, v29                              // 000000004B24: 32103A98
	v_lshrrev_b32_e32 v40, 24, v14                             // 000000004B28: 32501C98
	v_fmac_f32_e32 v3, v6, v12                                 // 000000004B2C: 56061906
	v_lshrrev_b32_e32 v12, 20, v14                             // 000000004B30: 32181C94
	v_lshrrev_b32_e32 v44, 12, v30                             // 000000004B34: 32583C8C
	v_add3_u32 v35, v42, v35, v41                              // 000000004B38: D6550023 04A6472A
	v_lshrrev_b32_e32 v41, 16, v30                             // 000000004B40: 32523C90
	v_add3_u32 v33, v37, v33, v38                              // 000000004B44: D6550021 049A4325
	v_bfe_u32 v5, v29, 16, 4                                   // 000000004B4C: D6100005 0211211D
	v_bfe_u32 v4, v29, 20, 4                                   // 000000004B54: D6100004 0211291D
	v_lshrrev_b32_e32 v9, 4, v14                               // 000000004B5C: 32121C84
	v_lshrrev_b32_e32 v11, 8, v14                              // 000000004B60: 32161C88
	v_lshrrev_b32_e32 v38, 20, v30                             // 000000004B64: 324C3C94
	v_add3_u32 v36, v44, v36, v41                              // 000000004B68: D6550024 04A6492C
	s_wait_dscnt 0x0                                           // 000000004B70: BFC60000
	v_and_b32_e32 v41, 15, v34                                 // 000000004B74: 3652448F
	v_lshrrev_b32_e32 v44, 12, v34                             // 000000004B78: 3258448C
	v_add3_u32 v7, v35, v7, v8                                 // 000000004B7C: D6550007 04220F23
	v_lshrrev_b32_e32 v8, 16, v34                              // 000000004B84: 32104490
	v_lshrrev_b32_e32 v35, 24, v30                             // 000000004B88: 32463C98
	v_add3_u32 v12, v33, v12, v40                              // 000000004B8C: D655000C 04A21921
	v_bfe_u32 v10, v29, 24, 4                                  // 000000004B94: D610000A 0211311D
	v_bfe_u32 v6, v14, 16, 4                                   // 000000004B9C: D6100006 0211210E
	v_lshrrev_b32_e32 v37, 4, v30                              // 000000004BA4: 324A3C84
	v_add3_u32 v8, v44, v41, v8                                // 000000004BA8: D6550008 0422532C
	v_lshrrev_b32_e32 v44, 8, v30                              // 000000004BB0: 32583C88
	v_add3_u32 v35, v36, v38, v35                              // 000000004BB4: D6550023 048E4D24
	v_add3_u32 v11, v12, v9, v11                               // 000000004BBC: D655000B 042E130C
	v_bfe_u32 v9, v34, 8, 4                                    // 000000004BC4: D6100009 02111122
	v_add_nc_u32_e32 v5, -7, v5                                // 000000004BCC: 4A0A0AC7
	v_add_nc_u32_e32 v4, -7, v4                                // 000000004BD0: 4A0808C7
	v_lshrrev_b32_e32 v32, 4, v29                              // 000000004BD4: 32403A84
	v_lshrrev_b32_e32 v43, 8, v29                              // 000000004BD8: 32563A88
	v_bfe_u32 v39, v14, 20, 4                                  // 000000004BDC: D6100027 0211290E
	v_bfe_u32 v42, v14, 24, 4                                  // 000000004BE4: D610002A 0211310E
	v_lshrrev_b32_e32 v33, 20, v34                             // 000000004BEC: 32424494
	v_lshrrev_b32_e32 v40, 24, v34                             // 000000004BF0: 32504498
	v_bfe_u32 v12, v34, 12, 4                                  // 000000004BF4: D610000C 02111922
	v_add3_u32 v35, v35, v37, v44                              // 000000004BFC: D6550023 04B24B23
	v_add_nc_u32_e32 v10, -7, v10                              // 000000004C04: 4A1414C7
	v_add_nc_u32_e32 v6, -7, v6                                // 000000004C08: 4A0C0CC7
	v_add_nc_u32_e32 v44, -7, v9                               // 000000004C0C: 4A5812C7
	v_cvt_f32_i32_e32 v5, v5                                   // 000000004C10: 7E0A0B05
	v_cvt_f32_i32_e32 v9, v4                                   // 000000004C14: 7E120B04
	v_bfe_u32 v36, v30, 16, 4                                  // 000000004C18: D6100024 0211211E
	v_bfe_u32 v38, v30, 20, 4                                  // 000000004C20: D6100026 0211291E
	v_add3_u32 v33, v8, v33, v40                               // 000000004C28: D6550021 04A24308
	v_lshrrev_b32_e32 v45, 4, v34                              // 000000004C30: 325A4484
	v_add3_u32 v8, v7, v32, v43                                // 000000004C34: D6550008 04AE4107
	v_lshrrev_b32_e32 v32, 8, v34                              // 000000004C3C: 32404488
	v_add_nc_u32_e32 v39, -7, v39                              // 000000004C40: 4A4E4EC7
	v_add_nc_u32_e32 v42, -7, v42                              // 000000004C44: 4A5454C7
	v_add_nc_u32_e32 v46, -7, v12                              // 000000004C48: 4A5C18C7
	v_add_f32_e32 v4, 0.5, v5                                  // 000000004C4C: 06080AF0
	v_cvt_f32_i32_e32 v10, v10                                 // 000000004C50: 7E140B0A
	v_cvt_f32_i32_e32 v12, v6                                  // 000000004C54: 7E180B06
	v_add_f32_e32 v6, 0.5, v9                                  // 000000004C58: 060C12F0
	v_bfe_u32 v40, v30, 24, 4                                  // 000000004C5C: D6100028 0211311E
	v_add_nc_u32_e32 v36, -7, v36                              // 000000004C64: 4A4848C7
	v_add_nc_u32_e32 v38, -7, v38                              // 000000004C68: 4A4C4CC7
	v_add3_u32 v32, v33, v45, v32                              // 000000004C6C: D6550020 04825B21
	v_cvt_f32_i32_e32 v33, v39                                 // 000000004C74: 7E420B27
	v_cndmask_b32_e32 v4, v5, v4, vcc_lo                       // 000000004C78: 02080905
	v_add_f32_e32 v39, 0.5, v10                                // 000000004C7C: 064E14F0
	v_cvt_f32_i32_e32 v42, v42                                 // 000000004C80: 7E540B2A
	v_cndmask_b32_e32 v5, v9, v6, vcc_lo                       // 000000004C84: 020A0D09
	v_add_f32_e32 v9, 0.5, v12                                 // 000000004C88: 061218F0
	v_bfe_u32 v7, v34, 4, 4                                    // 000000004C8C: D6100007 02110922
	v_add_nc_u32_e32 v40, -7, v40                              // 000000004C94: 4A5050C7
	v_add_nc_u32_e32 v41, -7, v41                              // 000000004C98: 4A5252C7
	v_cvt_f32_i32_e32 v36, v36                                 // 000000004C9C: 7E480B24
	v_cndmask_b32_e32 v6, v10, v39, vcc_lo                     // 000000004CA0: 020C4F0A
	v_add_f32_e32 v10, 0.5, v33                                // 000000004CA4: 061442F0
	v_cvt_f32_i32_e32 v38, v38                                 // 000000004CA8: 7E4C0B26
	v_cndmask_b32_e64 v9, v12, v9, s2                          // 000000004CAC: D5010009 000A130C
	v_add_f32_e32 v12, 0.5, v42                                // 000000004CB4: 061854F0
	v_add_nc_u32_e32 v7, -7, v7                                // 000000004CB8: 4A0E0EC7
	v_cvt_f32_i32_e32 v39, v40                                 // 000000004CBC: 7E4E0B28
	v_cndmask_b32_e64 v40, v33, v10, s2                        // 000000004CC0: D5010028 000A1521
	v_add_f32_e32 v10, 0.5, v36                                // 000000004CC8: 061448F0
	v_cvt_f32_i32_e32 v33, v41                                 // 000000004CCC: 7E420B29
	v_cndmask_b32_e64 v41, v42, v12, s2                        // 000000004CD0: D5010029 000A192A
	v_add_f32_e32 v42, 0.5, v38                                // 000000004CD8: 06544CF0
	v_bfe_u32 v37, v34, 16, 4                                  // 000000004CDC: D6100025 02112122
	v_cvt_f32_i32_e32 v45, v7                                  // 000000004CE4: 7E5A0B07
	v_cndmask_b32_e64 v12, v36, v10, s4                        // 000000004CE8: D501000C 00121524
	v_add_f32_e32 v10, 0.5, v39                                // 000000004CF0: 06144EF0
	v_cvt_f32_i32_e32 v36, v44                                 // 000000004CF4: 7E480B2C
	v_cndmask_b32_e64 v7, v38, v42, s4                         // 000000004CF8: D5010007 00125526
	v_add_f32_e32 v38, 0.5, v33                                // 000000004D00: 064C42F0
	v_cmp_gt_i32_e64 s6, 0, v34                                // 000000004D04: D4440006 00024480
	v_bfe_u32 v43, v34, 20, 4                                  // 000000004D0C: D610002B 02112922
	v_add_nc_u32_e32 v37, -7, v37                              // 000000004D14: 4A4A4AC7
	v_cndmask_b32_e64 v10, v39, v10, s4                        // 000000004D18: D501000A 00121527
	v_add_f32_e32 v39, 0.5, v45                                // 000000004D20: 064E5AF0
	s_wait_alu 0xf1ff                                          // 000000004D24: BF88F1FF
	v_cndmask_b32_e64 v33, v33, v38, s6                        // 000000004D28: D5010021 001A4D21
	v_add_f32_e32 v38, 0.5, v36                                // 000000004D30: 064C48F0
	v_cvt_f32_i32_e32 v42, v46                                 // 000000004D34: 7E540B2E
	v_add_nc_u32_e32 v43, -7, v43                              // 000000004D38: 4A5656C7
	v_cndmask_b32_e64 v39, v45, v39, s6                        // 000000004D3C: D5010027 001A4F2D
	v_cvt_f32_i32_e32 v37, v37                                 // 000000004D44: 7E4A0B25
	v_cndmask_b32_e64 v45, v36, v38, s6                        // 000000004D48: D501002D 001A4D24
	v_bfe_u32 v36, v34, 24, 4                                  // 000000004D50: D6100024 02113122
	v_add_f32_e32 v44, 0.5, v42                                // 000000004D58: 065854F0
	v_cvt_f32_i32_e32 v43, v43                                 // 000000004D5C: 7E560B2B
	v_add_f32_e32 v38, 0.5, v37                                // 000000004D60: 064C4AF0
	v_lshrrev_b32_e32 v14, 27, v14                             // 000000004D64: 321C1C9B
	v_add_nc_u32_e32 v36, -7, v36                              // 000000004D68: 4A4848C7
	v_cndmask_b32_e64 v42, v42, v44, s6                        // 000000004D6C: D501002A 001A592A
	v_lshrrev_b32_e32 v30, 27, v30                             // 000000004D74: 323C3C9B
	v_cndmask_b32_e64 v44, v37, v38, s6                        // 000000004D78: D501002C 001A4D25
	v_add_f32_e32 v37, 0.5, v43                                // 000000004D80: 064A56F0
	v_cvt_f32_i32_e32 v36, v36                                 // 000000004D84: 7E480B24
	v_and_b32_e32 v11, 1, v11                                  // 000000004D88: 36161681
	v_and_b32_e32 v35, 1, v35                                  // 000000004D8C: 36464681
	v_mul_f32_e32 v28, v28, v0                                 // 000000004D90: 1038011C
	v_cndmask_b32_e64 v46, v43, v37, s6                        // 000000004D94: D501002E 001A4B2B
	v_add_f32_e32 v37, 0.5, v36                                // 000000004D9C: 064A48F0
	v_and_or_b32 v11, v14, 14, v11                             // 000000004DA0: D657000B 042D1D0E
	v_and_or_b32 v14, v30, 14, v35                             // 000000004DA8: D657000E 048D1D1E
	v_lshrrev_b32_e32 v29, 27, v29                             // 000000004DB0: 323A3A9B
	v_and_b32_e32 v8, 1, v8                                    // 000000004DB4: 36101081
	v_cndmask_b32_e64 v47, v36, v37, s6                        // 000000004DB8: D501002F 001A4B24
	global_load_b128 v[35:38], v[17:18], off offset:3072       // 000000004DC0: EE05C07C 00000023 000C0011
	v_mul_f32_e32 v27, 0x3f6147ae, v28                         // 000000004DCC: 103638FF 3F6147AE
	v_lshrrev_b32_e32 v28, 27, v34                             // 000000004DD4: 3238449B
	v_and_or_b32 v8, v29, 14, v8                               // 000000004DD8: D6570008 04211D1D
	v_and_b32_e32 v29, 1, v32                                  // 000000004DE0: 363A4081
	v_add_nc_u32_e32 v11, -7, v11                              // 000000004DE4: 4A1616C7
	v_mul_f32_e32 v30, v27, v39                                // 000000004DE8: 103C4F1B
	v_mul_f32_e32 v32, v27, v45                                // 000000004DEC: 10405B1B
	v_add_nc_u32_e32 v8, -7, v8                                // 000000004DF0: 4A1010C7
	v_and_or_b32 v28, v28, 14, v29                             // 000000004DF4: D657001C 04751D1C
	v_mul_f32_e32 v29, v27, v33                                // 000000004DFC: 103A431B
	v_add_nc_u32_e32 v14, -7, v14                              // 000000004E00: 4A1C1CC7
	v_cvt_f32_i32_e32 v11, v11                                 // 000000004E04: 7E160B0B
	v_cvt_f32_i32_e32 v8, v8                                   // 000000004E08: 7E100B08
	v_add_nc_u32_e32 v28, -7, v28                              // 000000004E0C: 4A3838C7
	v_mul_f32_e32 v4, v20, v4                                  // 000000004E10: 10080914
	v_cvt_f32_i32_e32 v14, v14                                 // 000000004E14: 7E1C0B0E
	v_mul_f32_e32 v9, v31, v9                                  // 000000004E18: 1012131F
	v_mul_f32_e32 v0, v31, v40                                 // 000000004E1C: 1000511F
	v_cvt_f32_i32_e32 v28, v28                                 // 000000004E20: 7E380B1C
	v_mul_f32_e32 v25, v31, v41                                // 000000004E24: 1032531F
	v_mul_f32_e32 v5, v20, v5                                  // 000000004E28: 100A0B14
	v_mul_f32_e32 v7, v19, v7                                  // 000000004E2C: 100E0F13
	v_mul_f32_e32 v6, v20, v6                                  // 000000004E30: 100C0D14
	s_wait_loadcnt 0x0                                         // 000000004E34: BFC00000
	v_mul_f32_e32 v45, v30, v36                                // 000000004E38: 105A491E
	v_mul_f32_e32 v30, v27, v42                                // 000000004E3C: 103C551B
	v_add_f32_e32 v36, 0.5, v11                                // 000000004E40: 064816F0
	global_load_b128 v[40:43], v[17:18], off offset:3088       // 000000004E44: EE05C07C 00000028 000C1011
	v_fmac_f32_e32 v45, v29, v35                               // 000000004E50: 565A471D
	v_add_f32_e32 v29, 0.5, v8                                 // 000000004E54: 063A10F0
	v_cndmask_b32_e64 v11, v11, v36, s2                        // 000000004E58: D501000B 000A490B
	s_delay_alu instid0(VALU_DEP_3)                            // 000000004E60: BF870003
	v_fmac_f32_e32 v45, v32, v37                               // 000000004E64: 565A4B20
	global_load_b128 v[32:35], v[17:18], off offset:16         // 000000004E68: EE05C07C 00000020 00001011
	v_add_f32_e32 v37, 0.5, v14                                // 000000004E74: 064A1CF0
	v_cndmask_b32_e32 v8, v8, v29, vcc_lo                      // 000000004E78: 02103B08
	v_add_co_u32 v15, vcc_lo, 0x220, v15                       // 000000004E7C: D7006A0F 00021EFF 00000220
	v_fmac_f32_e32 v45, v30, v38                               // 000000004E88: 565A4D1E
	v_add_f32_e32 v30, 0.5, v28                                // 000000004E8C: 063C38F0
	v_cndmask_b32_e64 v14, v14, v37, s4                        // 000000004E90: D501000E 00124B0E
	global_load_b128 v[36:39], v[17:18], off offset:1040       // 000000004E98: EE05C07C 00000024 00041011
	s_wait_alu 0xfffd                                          // 000000004EA4: BF88FFFD
	v_add_co_ci_u32_e64 v16, null, 0, v16, vcc_lo              // 000000004EA8: D5207C10 01AA2080
	v_cndmask_b32_e64 v26, v28, v30, s6                        // 000000004EB0: D501001A 001A3D1C
	s_wait_loadcnt 0x1                                         // 000000004EB8: BFC00001
	v_fmac_f32_e32 v2, v4, v32                                 // 000000004EBC: 56044104
	v_mul_f32_e32 v4, v20, v8                                  // 000000004EC0: 10081114
	v_mul_f32_e32 v8, v31, v11                                 // 000000004EC4: 1010171F
	global_load_b128 v[28:31], v[17:18], off offset:2064       // 000000004EC8: EE05C07C 0000001C 00081011
	v_mul_f32_e32 v11, v27, v44                                // 000000004ED4: 1016591B
	v_fmac_f32_e32 v2, v5, v33                                 // 000000004ED8: 56044305
	s_wait_loadcnt 0x1                                         // 000000004EDC: BFC00001
	v_fmac_f32_e32 v1, v9, v36                                 // 000000004EE0: 56024909
	v_mul_f32_e32 v9, v19, v12                                 // 000000004EE4: 10121913
	v_mul_f32_e32 v12, v19, v14                                // 000000004EE8: 10181D13
	v_fmac_f32_e32 v2, v6, v34                                 // 000000004EEC: 56044506
	v_fmac_f32_e32 v45, v11, v40                               // 000000004EF0: 565A510B
	v_mul_f32_e32 v11, v27, v47                                // 000000004EF4: 10165F1B
	v_fmac_f32_e32 v1, v0, v37                                 // 000000004EF8: 56024B00
	v_mul_f32_e32 v0, v27, v26                                 // 000000004EFC: 1000351B
	v_fmac_f32_e32 v2, v35, v4                                 // 000000004F00: 56040923
	s_delay_alu instid0(VALU_DEP_3) | instskip(NEXT) | instid1(VALU_DEP_2)// 000000004F04: BF870113
	v_fmac_f32_e32 v1, v25, v38                                // 000000004F08: 56024D19
	v_add_f32_e32 v21, v21, v2                                 // 000000004F0C: 062A0515
	s_delay_alu instid0(VALU_DEP_2) | instskip(NEXT) | instid1(VALU_DEP_1)// 000000004F10: BF870092
	v_fmac_f32_e32 v1, v8, v39                                 // 000000004F14: 56024F08
	v_add_f32_e32 v22, v22, v1                                 // 000000004F18: 062C0316
	s_wait_loadcnt 0x0                                         // 000000004F1C: BFC00000
	v_fmac_f32_e32 v3, v9, v28                                 // 000000004F20: 56063909
	v_mul_f32_e32 v9, v19, v10                                 // 000000004F24: 10121513
	v_mul_f32_e32 v10, v27, v46                                // 000000004F28: 10145D1B
	s_delay_alu instid0(VALU_DEP_3) | instskip(NEXT) | instid1(VALU_DEP_2)// 000000004F2C: BF870113
	v_fmac_f32_e32 v3, v7, v29                                 // 000000004F30: 56063B07
	v_fmac_f32_e32 v45, v10, v41                               // 000000004F34: 565A530A
	s_delay_alu instid0(VALU_DEP_2) | instskip(NEXT) | instid1(VALU_DEP_2)// 000000004F38: BF870112
	v_fmac_f32_e32 v3, v9, v30                                 // 000000004F3C: 56063D09
	v_fmac_f32_e32 v45, v11, v42                               // 000000004F40: 565A550B
	s_delay_alu instid0(VALU_DEP_2) | instskip(NEXT) | instid1(VALU_DEP_2)// 000000004F44: BF870112
	v_fmac_f32_e32 v3, v12, v31                                // 000000004F48: 56063F0C
	v_fmac_f32_e32 v45, v0, v43                                // 000000004F4C: 565A5700
	s_delay_alu instid0(VALU_DEP_2) | instskip(NEXT) | instid1(VALU_DEP_2)// 000000004F50: BF870112
	v_add_f32_e32 v23, v23, v3                                 // 000000004F54: 062E0717
	v_add_f32_e32 v24, v24, v45                                // 000000004F58: 06305B18
	s_cbranch_scc1 153                                         // 000000004F5C: BFA20099 <gemv_mixed_moe_gate_up_k8_indexed_batched+0x33c4>
	flat_load_u8 v1, v[15:16] offset:-272                      // 000000004F60: EC04007C 00000001 FFFEF00F
	s_mov_b64 s[2:3], exec                                     // 000000004F6C: BE82017E
	s_wait_loadcnt_dscnt 0x0                                   // 000000004F70: BFC80000
	v_and_b32_e32 v3, 7, v1                                    // 000000004F74: 36060287
	v_bfe_u32 v2, v1, 3, 4                                     // 000000004F78: D6100002 02110701
	s_delay_alu instid0(VALU_DEP_2) | instskip(NEXT) | instid1(VALU_DEP_2)// 000000004F80: BF870112
	v_cvt_f32_ubyte0_e32 v1, v3                                // 000000004F84: 7E022303
	v_cmpx_ne_u32_e32 0, v2                                    // 000000004F88: 7D9A0480
	s_wait_alu 0xfffe                                          // 000000004F8C: BF88FFFE
	s_xor_b64 s[4:5], exec, s[2:3]                             // 000000004F90: 8D84027E
	v_lshl_add_u32 v4, v2, 23, 0x3c000000                      // 000000004F94: D6460004 03FD2F02 3C000000
	v_fma_f32 v1, 0x3e000000, v1, 1.0                          // 000000004FA0: D6130001 03CA02FF 3E000000
	v_cmp_eq_u32_e32 vcc_lo, 15, v2                            // 000000004FAC: 7C94048F
	v_cmp_eq_u32_e64 s2, 7, v3                                 // 000000004FB0: D44A0002 00020687
	s_delay_alu instid0(VALU_DEP_3) | instskip(SKIP_2) | instid1(VALU_DEP_1)// 000000004FB8: BF8700B3
	v_mul_f32_e32 v1, v1, v4                                   // 000000004FBC: 10020901
	s_and_b64 s[2:3], s[2:3], vcc                              // 000000004FC0: 8B826A02
	s_wait_alu 0xfffe                                          // 000000004FC4: BF88FFFE
	v_cndmask_b32_e64 v31, v1, 0x43e00000, s2                  // 000000004FC8: D501001F 0009FF01 43E00000
	s_and_not1_saveexec_b64 s[2:3], s[4:5]                     // 000000004FD4: BE823104
	v_mul_f32_e32 v1, 0x3c800000, v1                           // 000000004FD8: 100202FF 3C800000
	s_delay_alu instid0(VALU_DEP_1)                            // 000000004FE0: BF870001
	v_mul_f32_e32 v31, 0x3e000000, v1                          // 000000004FE4: 103E02FF 3E000000
	s_wait_alu 0xfffe                                          // 000000004FEC: BF88FFFE
	s_or_b64 exec, exec, s[2:3]                                // 000000004FF0: 8CFE027E
	flat_load_u8 v1, v[15:16] offset:-136                      // 000000004FF4: EC04007C 00000001 FFFF780F
	s_mov_b64 s[2:3], exec                                     // 000000005000: BE82017E
	s_wait_loadcnt_dscnt 0x0                                   // 000000005004: BFC80000
	v_and_b32_e32 v3, 7, v1                                    // 000000005008: 36060287
	v_bfe_u32 v2, v1, 3, 4                                     // 00000000500C: D6100002 02110701
	s_delay_alu instid0(VALU_DEP_2) | instskip(NEXT) | instid1(VALU_DEP_2)// 000000005014: BF870112
	v_cvt_f32_ubyte0_e32 v1, v3                                // 000000005018: 7E022303
	v_cmpx_ne_u32_e32 0, v2                                    // 00000000501C: 7D9A0480
	s_wait_alu 0xfffe                                          // 000000005020: BF88FFFE
	s_xor_b64 s[4:5], exec, s[2:3]                             // 000000005024: 8D84027E
	v_lshl_add_u32 v4, v2, 23, 0x3c000000                      // 000000005028: D6460004 03FD2F02 3C000000
	v_fma_f32 v1, 0x3e000000, v1, 1.0                          // 000000005034: D6130001 03CA02FF 3E000000
	v_cmp_eq_u32_e32 vcc_lo, 15, v2                            // 000000005040: 7C94048F
	v_cmp_eq_u32_e64 s2, 7, v3                                 // 000000005044: D44A0002 00020687
	s_delay_alu instid0(VALU_DEP_3) | instskip(SKIP_2) | instid1(VALU_DEP_1)// 00000000504C: BF8700B3
	v_mul_f32_e32 v1, v1, v4                                   // 000000005050: 10020901
	s_and_b64 s[2:3], s[2:3], vcc                              // 000000005054: 8B826A02
	s_wait_alu 0xfffe                                          // 000000005058: BF88FFFE
	v_cndmask_b32_e64 v32, v1, 0x43e00000, s2                  // 00000000505C: D5010020 0009FF01 43E00000
	s_and_not1_saveexec_b64 s[2:3], s[4:5]                     // 000000005068: BE823104
	v_mul_f32_e32 v1, 0x3c800000, v1                           // 00000000506C: 100202FF 3C800000
	s_delay_alu instid0(VALU_DEP_1)                            // 000000005074: BF870001
	v_mul_f32_e32 v32, 0x3e000000, v1                          // 000000005078: 104002FF 3E000000
	s_wait_alu 0xfffe                                          // 000000005080: BF88FFFE
	s_or_b64 exec, exec, s[2:3]                                // 000000005084: 8CFE027E
	flat_load_u8 v1, v[15:16]                                  // 000000005088: EC04007C 00000001 0000000F
	s_mov_b64 s[2:3], exec                                     // 000000005094: BE82017E
	s_wait_loadcnt_dscnt 0x0                                   // 000000005098: BFC80000
	v_and_b32_e32 v3, 7, v1                                    // 00000000509C: 36060287
	v_bfe_u32 v2, v1, 3, 4                                     // 0000000050A0: D6100002 02110701
	s_delay_alu instid0(VALU_DEP_2) | instskip(NEXT) | instid1(VALU_DEP_2)// 0000000050A8: BF870112
	v_cvt_f32_ubyte0_e32 v1, v3                                // 0000000050AC: 7E022303
	v_cmpx_ne_u32_e32 0, v2                                    // 0000000050B0: 7D9A0480
	s_wait_alu 0xfffe                                          // 0000000050B4: BF88FFFE
	s_xor_b64 s[4:5], exec, s[2:3]                             // 0000000050B8: 8D84027E
	v_lshl_add_u32 v4, v2, 23, 0x3c000000                      // 0000000050BC: D6460004 03FD2F02 3C000000
	v_fma_f32 v1, 0x3e000000, v1, 1.0                          // 0000000050C8: D6130001 03CA02FF 3E000000
	v_cmp_eq_u32_e32 vcc_lo, 15, v2                            // 0000000050D4: 7C94048F
	v_cmp_eq_u32_e64 s2, 7, v3                                 // 0000000050D8: D44A0002 00020687
	s_delay_alu instid0(VALU_DEP_3) | instskip(SKIP_2) | instid1(VALU_DEP_1)// 0000000050E0: BF8700B3
	v_mul_f32_e32 v1, v1, v4                                   // 0000000050E4: 10020901
	s_and_b64 s[2:3], s[2:3], vcc                              // 0000000050E8: 8B826A02
	s_wait_alu 0xfffe                                          // 0000000050EC: BF88FFFE
	v_cndmask_b32_e64 v33, v1, 0x43e00000, s2                  // 0000000050F0: D5010021 0009FF01 43E00000
	s_and_not1_saveexec_b64 s[2:3], s[4:5]                     // 0000000050FC: BE823104
	v_mul_f32_e32 v1, 0x3c800000, v1                           // 000000005100: 100202FF 3C800000
	s_delay_alu instid0(VALU_DEP_1)                            // 000000005108: BF870001
	v_mul_f32_e32 v33, 0x3e000000, v1                          // 00000000510C: 104202FF 3E000000
	s_wait_alu 0xfffe                                          // 000000005114: BF88FFFE
	s_or_b64 exec, exec, s[2:3]                                // 000000005118: 8CFE027E
	flat_load_u8 v1, v[15:16] offset:136                       // 00000000511C: EC04007C 00000001 0000880F
	s_mov_b64 s[2:3], exec                                     // 000000005128: BE82017E
	s_wait_loadcnt_dscnt 0x0                                   // 00000000512C: BFC80000
	v_and_b32_e32 v3, 7, v1                                    // 000000005130: 36060287
	v_bfe_u32 v2, v1, 3, 4                                     // 000000005134: D6100002 02110701
	s_delay_alu instid0(VALU_DEP_2) | instskip(NEXT) | instid1(VALU_DEP_2)// 00000000513C: BF870112
	v_cvt_f32_ubyte0_e32 v1, v3                                // 000000005140: 7E022303
	v_cmpx_ne_u32_e32 0, v2                                    // 000000005144: 7D9A0480
	s_wait_alu 0xfffe                                          // 000000005148: BF88FFFE
	s_xor_b64 s[4:5], exec, s[2:3]                             // 00000000514C: 8D84027E
	v_lshl_add_u32 v4, v2, 23, 0x3c000000                      // 000000005150: D6460004 03FD2F02 3C000000
	v_fma_f32 v1, 0x3e000000, v1, 1.0                          // 00000000515C: D6130001 03CA02FF 3E000000
	v_cmp_eq_u32_e32 vcc_lo, 15, v2                            // 000000005168: 7C94048F
	v_cmp_eq_u32_e64 s2, 7, v3                                 // 00000000516C: D44A0002 00020687
	s_delay_alu instid0(VALU_DEP_3) | instskip(SKIP_2) | instid1(VALU_DEP_1)// 000000005174: BF8700B3
	v_mul_f32_e32 v1, v1, v4                                   // 000000005178: 10020901
	s_and_b64 s[2:3], s[2:3], vcc                              // 00000000517C: 8B826A02
	s_wait_alu 0xfffe                                          // 000000005180: BF88FFFE
	v_cndmask_b32_e64 v28, v1, 0x43e00000, s2                  // 000000005184: D501001C 0009FF01 43E00000
	s_and_not1_saveexec_b64 s[2:3], s[4:5]                     // 000000005190: BE823104
	s_cbranch_execz 64950                                      // 000000005194: BFA5FDB6 <gemv_mixed_moe_gate_up_k8_indexed_batched+0x2a70>
	v_mul_f32_e32 v1, 0x3c800000, v1                           // 000000005198: 100202FF 3C800000
	s_delay_alu instid0(VALU_DEP_1)                            // 0000000051A0: BF870001
	v_mul_f32_e32 v28, 0x3e000000, v1                          // 0000000051A4: 103802FF 3E000000
	s_branch 64944                                             // 0000000051AC: BFA0FDB0 <gemv_mixed_moe_gate_up_k8_indexed_batched+0x2a70>
	s_cbranch_execnz 587                                       // 0000000051B0: BFA6024B <gemv_mixed_moe_gate_up_k8_indexed_batched+0x3ce0>
	s_branch 725                                               // 0000000051B4: BFA002D5 <gemv_mixed_moe_gate_up_k8_indexed_batched+0x3f0c>
	v_mov_b32_e32 v22, 0                                       // 0000000051B8: 7E2C0280
	v_mov_b32_e32 v23, 0                                       // 0000000051BC: 7E2E0280
	v_mov_b32_e32 v24, 0                                       // 0000000051C0: 7E300280
	s_and_b32 s6, s18, 3                                       // 0000000051C4: 8B068312
	s_wait_alu 0xfffe                                          // 0000000051C8: BF88FFFE
	s_cmp_lg_u32 s6, 0                                         // 0000000051CC: BF078006
	s_cbranch_scc0 189                                         // 0000000051D0: BFA100BD <gemv_mixed_moe_gate_up_k8_indexed_batched+0x36c8>
	scratch_load_b32 v0, off, off offset:12                    // 0000000051D4: ED05007C 00000000 00000C00
	s_and_b32 s7, s18, -4                                      // 0000000051E0: 8B07C412
	s_wait_alu 0xfffe                                          // 0000000051E4: BF88FFFE
	s_mul_i32 s2, s7, 0x88                                     // 0000000051E8: 9602FF07 00000088
	s_wait_alu 0xfffe                                          // 0000000051F0: BF88FFFE
	s_ashr_i32 s3, s2, 31                                      // 0000000051F4: 86039F02
	s_wait_alu 0xfffe                                          // 0000000051F8: BF88FFFE
	s_add_nc_u64 s[2:3], s[22:23], s[2:3]                      // 0000000051FC: A9820216
	s_wait_loadcnt 0x0                                         // 000000005200: BFC00000
	s_wait_alu 0xfffe                                          // 000000005204: BF88FFFE
	v_add_co_u32 v1, s4, s2, v0                                // 000000005208: D7000401 00020002
	s_wait_alu 0xf1ff                                          // 000000005210: BF88F1FF
	v_add_co_ci_u32_e64 v2, null, s3, 0, s4                    // 000000005214: D5207C02 00110003
	s_mov_b64 s[2:3], exec                                     // 00000000521C: BE82017E
	flat_load_u8 v0, v[1:2] offset:16                          // 000000005220: EC04007C 00000000 00001001
	s_wait_loadcnt_dscnt 0x0                                   // 00000000522C: BFC80000
	v_and_b32_e32 v6, 7, v0                                    // 000000005230: 360C0087
	v_bfe_u32 v5, v0, 3, 4                                     // 000000005234: D6100005 02110700
	s_delay_alu instid0(VALU_DEP_2) | instskip(NEXT) | instid1(VALU_DEP_2)// 00000000523C: BF870112
	v_cvt_f32_ubyte0_e32 v4, v6                                // 000000005240: 7E082306
	v_cmpx_ne_u32_e32 0, v5                                    // 000000005244: 7D9A0A80
	s_wait_alu 0xfffe                                          // 000000005248: BF88FFFE
	s_xor_b64 s[4:5], exec, s[2:3]                             // 00000000524C: 8D84027E
	s_cbranch_execz 17                                         // 000000005250: BFA50011 <gemv_mixed_moe_gate_up_k8_indexed_batched+0x3498>
	v_mov_b32_e32 v0, 1.0                                      // 000000005254: 7E0002F2
	v_lshl_add_u32 v3, v5, 23, 0x3c000000                      // 000000005258: D6460003 03FD2F05 3C000000
	v_cmp_eq_u32_e32 vcc_lo, 15, v5                            // 000000005264: 7C940A8F
	v_cmp_eq_u32_e64 s2, 7, v6                                 // 000000005268: D44A0002 00020C87
	s_delay_alu instid0(VALU_DEP_4) | instskip(SKIP_1) | instid1(VALU_DEP_1)// 000000005270: BF8700A4
	v_fmamk_f32 v0, v4, 0x3e000000, v0                         // 000000005274: 58000104 3E000000
	s_and_b64 s[2:3], s[2:3], vcc                              // 00000000527C: 8B826A02
	v_mul_f32_e32 v0, v0, v3                                   // 000000005280: 10000700
	s_wait_alu 0xfffe                                          // 000000005284: BF88FFFE
	s_delay_alu instid0(VALU_DEP_1)                            // 000000005288: BF870001
	v_cndmask_b32_e64 v3, v0, 0x43e00000, s2                   // 00000000528C: D5010003 0009FF00 43E00000
	s_wait_alu 0xfffe                                          // 000000005298: BF88FFFE
	s_and_not1_saveexec_b64 s[2:3], s[4:5]                     // 00000000529C: BE823104
	v_mul_f32_e32 v0, 0x3c800000, v4                           // 0000000052A0: 100008FF 3C800000
	s_delay_alu instid0(VALU_DEP_1)                            // 0000000052A8: BF870001
	v_mul_f32_e32 v3, 0x3e000000, v0                           // 0000000052AC: 100600FF 3E000000
	s_wait_alu 0xfffe                                          // 0000000052B4: BF88FFFE
	s_or_b64 exec, exec, s[2:3]                                // 0000000052B8: 8CFE027E
	scratch_load_b32 v0, off, off offset:8                     // 0000000052BC: ED05007C 00000000 00000800
	s_wait_loadcnt 0x0                                         // 0000000052C8: BFC00000
	v_add_co_u32 v1, vcc_lo, v1, v0                            // 0000000052CC: D7006A01 00020101
	s_wait_alu 0xfffd                                          // 0000000052D4: BF88FFFD
	v_add_co_ci_u32_e64 v2, null, 0, v2, vcc_lo                // 0000000052D8: D5207C02 01AA0480
	flat_load_b32 v0, v[1:2] offset:17                         // 0000000052E0: EC05007C 00000000 00001101
	scratch_load_b32 v1, off, off                              // 0000000052EC: ED05007C 00000001 00000000
	s_wait_loadcnt_dscnt 0x100                                 // 0000000052F8: BFC80100
	v_bfe_u32 v12, v0, 4, 4                                    // 0000000052FC: D610000C 02110900
	s_wait_loadcnt 0x0                                         // 000000005304: BFC00000
	v_lshlrev_b32_e32 v1, 3, v1                                // 000000005308: 30020283
	v_bfe_u32 v14, v0, 8, 4                                    // 00000000530C: D610000E 02111100
	v_lshrrev_b32_e32 v15, 12, v0                              // 000000005314: 321E008C
	v_bfe_u32 v16, v0, 12, 4                                   // 000000005318: D6100010 02111900
	v_add_nc_u32_e32 v12, -7, v12                              // 000000005320: 4A1818C7
	v_lshl_or_b32 v1, s7, 8, v1                                // 000000005324: D6560001 04051007
	v_lshrrev_b32_e32 v17, 16, v0                              // 00000000532C: 32220090
	v_lshrrev_b32_e32 v13, 8, v0                               // 000000005330: 321A0088
	v_bfe_u32 v18, v0, 16, 4                                   // 000000005334: D6100012 02112100
	v_cvt_f32_i32_e32 v12, v12                                 // 00000000533C: 7E180B0C
	v_ashrrev_i32_e32 v2, 31, v1                               // 000000005340: 3404029F
	v_lshrrev_b32_e32 v19, 20, v0                              // 000000005344: 32260094
	v_bfe_u32 v20, v0, 20, 4                                   // 000000005348: D6100014 02112900
	v_lshrrev_b32_e32 v25, 24, v0                              // 000000005350: 32320098
	v_bfe_u32 v26, v0, 24, 4                                   // 000000005354: D610001A 02113100
	v_lshlrev_b64_e32 v[1:2], 2, v[1:2]                        // 00000000535C: 3E020282
	v_lshrrev_b32_e32 v27, 27, v0                              // 000000005360: 3236009B
	v_add_nc_u32_e32 v14, -7, v14                              // 000000005364: 4A1C1CC7
	s_delay_alu instid0(VALU_DEP_3) | instskip(SKIP_1) | instid1(VALU_DEP_4)// 000000005368: BF870223
	v_add_co_u32 v1, vcc_lo, s16, v1                           // 00000000536C: D7006A01 00020210
	s_wait_alu 0xfffd                                          // 000000005374: BF88FFFD
	v_add_co_ci_u32_e64 v2, null, s17, v2, vcc_lo              // 000000005378: D5207C02 01AA0411
	v_cmp_gt_i32_e32 vcc_lo, 0, v0                             // 000000005380: 7C880080
	v_cvt_f32_i32_e32 v14, v14                                 // 000000005384: 7E1C0B0E
	s_clause 0x1                                               // 000000005388: BF850001
	global_load_b128 v[4:7], v[1:2], off                       // 00000000538C: EE05C07C 00000004 00000001
	global_load_b128 v[8:11], v[1:2], off offset:16            // 000000005398: EE05C07C 00000008 00001001
	scratch_load_b32 v1, off, off offset:4                     // 0000000053A4: ED05007C 00000001 00000400
	v_and_b32_e32 v2, 15, v0                                   // 0000000053B0: 3604008F
	s_delay_alu instid0(VALU_DEP_1)                            // 0000000053B4: BF870001
	v_add_nc_u32_e32 v28, -7, v2                               // 0000000053B8: 4A3804C7
	v_add3_u32 v2, v15, v2, v17                                // 0000000053BC: D6550002 0446050F
	v_add_nc_u32_e32 v15, -7, v16                              // 0000000053C4: 4A1E20C7
	v_add_nc_u32_e32 v17, -7, v18                              // 0000000053C8: 4A2224C7
	v_add_nc_u32_e32 v18, -7, v20                              // 0000000053CC: 4A2428C7
	v_cvt_f32_i32_e32 v16, v28                                 // 0000000053D0: 7E200B1C
	v_add_nc_u32_e32 v20, -7, v26                              // 0000000053D4: 4A2834C7
	v_add3_u32 v2, v2, v19, v25                                // 0000000053D8: D6550002 04662702
	v_cvt_f32_i32_e32 v15, v15                                 // 0000000053E0: 7E1E0B0F
	s_delay_alu instid0(VALU_DEP_4) | instskip(NEXT) | instid1(VALU_DEP_4)// 0000000053E4: BF870214
	v_add_f32_e32 v26, 0.5, v16                                // 0000000053E8: 063420F0
	v_cvt_f32_i32_e32 v19, v20                                 // 0000000053EC: 7E260B14
	s_wait_alu 0xfffd                                          // 0000000053F0: BF88FFFD
	s_delay_alu instid0(VALU_DEP_2) | instskip(SKIP_4) | instid1(VALU_DEP_3)// 0000000053F4: BF8701D2
	v_cndmask_b32_e32 v16, v16, v26, vcc_lo                    // 0000000053F8: 02203510
	s_wait_loadcnt 0x0                                         // 0000000053FC: BFC00000
	v_mul_f32_e32 v1, v3, v1                                   // 000000005400: 10020303
	v_lshrrev_b32_e32 v3, 4, v0                                // 000000005404: 32060084
	v_add_f32_e32 v0, 0.5, v12                                 // 000000005408: 060018F0
	v_mul_f32_e32 v1, 0x3f6147ae, v1                           // 00000000540C: 100202FF 3F6147AE
	s_delay_alu instid0(VALU_DEP_3) | instskip(NEXT) | instid1(VALU_DEP_3)// 000000005414: BF870193
	v_add3_u32 v2, v2, v3, v13                                 // 000000005418: D6550002 04360702
	v_cndmask_b32_e32 v0, v12, v0, vcc_lo                      // 000000005420: 0200010C
	v_cvt_f32_i32_e32 v12, v17                                 // 000000005424: 7E180B11
	v_cvt_f32_i32_e32 v17, v18                                 // 000000005428: 7E220B12
	v_add_f32_e32 v18, 0.5, v14                                // 00000000542C: 06241CF0
	v_add_f32_e32 v3, 0.5, v15                                 // 000000005430: 06061EF0
	v_mul_f32_e32 v0, v1, v0                                   // 000000005434: 10000101
	v_and_b32_e32 v2, 1, v2                                    // 000000005438: 36040481
	s_delay_alu instid0(VALU_DEP_4) | instskip(SKIP_1) | instid1(VALU_DEP_4)// 00000000543C: BF870224
	v_cndmask_b32_e32 v13, v14, v18, vcc_lo                    // 000000005440: 021A250E
	v_mul_f32_e32 v14, v1, v16                                 // 000000005444: 101C2101
	v_mul_f32_e32 v0, v5, v0                                   // 000000005448: 10000105
	v_add_f32_e32 v5, 0.5, v12                                 // 00000000544C: 060A18F0
	v_cndmask_b32_e32 v3, v15, v3, vcc_lo                      // 000000005450: 0206070F
	v_mul_f32_e32 v13, v1, v13                                 // 000000005454: 101A1B01
	v_and_or_b32 v2, v27, 14, v2                               // 000000005458: D6570002 04091D1B
	v_fmac_f32_e32 v0, v4, v14                                 // 000000005460: 56001D04
	v_add_f32_e32 v4, 0.5, v17                                 // 000000005464: 060822F0
	v_cndmask_b32_e32 v5, v12, v5, vcc_lo                      // 000000005468: 020A0B0C
	v_mul_f32_e32 v3, v1, v3                                   // 00000000546C: 10060701
	v_add_nc_u32_e32 v2, -7, v2                                // 000000005470: 4A0404C7
	v_fmac_f32_e32 v0, v6, v13                                 // 000000005474: 56001B06
	v_add_f32_e32 v6, 0.5, v19                                 // 000000005478: 060C26F0
	v_cndmask_b32_e32 v4, v17, v4, vcc_lo                      // 00000000547C: 02080911
	v_mul_f32_e32 v5, v1, v5                                   // 000000005480: 100A0B01
	v_cvt_f32_i32_e32 v2, v2                                   // 000000005484: 7E040B02
	v_fmac_f32_e32 v0, v7, v3                                  // 000000005488: 56000707
	v_cndmask_b32_e32 v3, v19, v6, vcc_lo                      // 00000000548C: 02060D13
	v_mul_f32_e32 v4, v1, v4                                   // 000000005490: 10080901
	s_delay_alu instid0(VALU_DEP_3) | instskip(SKIP_1) | instid1(VALU_DEP_4)// 000000005494: BF870223
	v_fmac_f32_e32 v0, v8, v5                                  // 000000005498: 56000B08
	v_add_f32_e32 v5, 0.5, v2                                  // 00000000549C: 060A04F0
	v_mul_f32_e32 v3, v1, v3                                   // 0000000054A0: 10060701
	s_delay_alu instid0(VALU_DEP_3) | instskip(NEXT) | instid1(VALU_DEP_3)// 0000000054A4: BF870193
	v_fmac_f32_e32 v0, v9, v4                                  // 0000000054A8: 56000909
	v_cndmask_b32_e32 v2, v2, v5, vcc_lo                       // 0000000054AC: 02040B02
	s_delay_alu instid0(VALU_DEP_2) | instskip(NEXT) | instid1(VALU_DEP_2)// 0000000054B0: BF870112
	v_fmac_f32_e32 v0, v3, v10                                 // 0000000054B4: 56001503
	v_mul_f32_e32 v1, v1, v2                                   // 0000000054B8: 10020501
	s_delay_alu instid0(VALU_DEP_1) | instskip(NEXT) | instid1(VALU_DEP_1)// 0000000054BC: BF870091
	v_fmac_f32_e32 v0, v11, v1                                 // 0000000054C0: 5600030B
	v_add_f32_e32 v21, v21, v0                                 // 0000000054C4: 062A0115
	s_cmp_lt_u32 s6, 2                                         // 0000000054C8: BF0A8206
	s_cbranch_scc1 191                                         // 0000000054CC: BFA200BF <gemv_mixed_moe_gate_up_k8_indexed_batched+0x39cc>
	scratch_load_b32 v0, off, off offset:12                    // 0000000054D0: ED05007C 00000000 00000C00
	s_and_b32 s2, s18, -4                                      // 0000000054DC: 8B02C412
	s_wait_alu 0xfffe                                          // 0000000054E0: BF88FFFE
	s_or_b32 s7, s2, 1                                         // 0000000054E4: 8C078102
	s_wait_alu 0xfffe                                          // 0000000054E8: BF88FFFE
	s_mul_i32 s2, s7, 0x88                                     // 0000000054EC: 9602FF07 00000088
	s_wait_alu 0xfffe                                          // 0000000054F4: BF88FFFE
	s_ashr_i32 s3, s2, 31                                      // 0000000054F8: 86039F02
	s_wait_alu 0xfffe                                          // 0000000054FC: BF88FFFE
	s_add_nc_u64 s[2:3], s[22:23], s[2:3]                      // 000000005500: A9820216
	s_wait_loadcnt 0x0                                         // 000000005504: BFC00000
	s_wait_alu 0xfffe                                          // 000000005508: BF88FFFE
	v_add_co_u32 v1, s4, s2, v0                                // 00000000550C: D7000401 00020002
	s_wait_alu 0xf1ff                                          // 000000005514: BF88F1FF
	v_add_co_ci_u32_e64 v2, null, s3, 0, s4                    // 000000005518: D5207C02 00110003
	s_mov_b64 s[2:3], exec                                     // 000000005520: BE82017E
	flat_load_u8 v0, v[1:2] offset:16                          // 000000005524: EC04007C 00000000 00001001
	s_wait_loadcnt_dscnt 0x0                                   // 000000005530: BFC80000
	v_and_b32_e32 v6, 7, v0                                    // 000000005534: 360C0087
	v_bfe_u32 v5, v0, 3, 4                                     // 000000005538: D6100005 02110700
	s_delay_alu instid0(VALU_DEP_2) | instskip(NEXT) | instid1(VALU_DEP_2)// 000000005540: BF870112
	v_cvt_f32_ubyte0_e32 v4, v6                                // 000000005544: 7E082306
	v_cmpx_ne_u32_e32 0, v5                                    // 000000005548: 7D9A0A80
	s_wait_alu 0xfffe                                          // 00000000554C: BF88FFFE
	s_xor_b64 s[4:5], exec, s[2:3]                             // 000000005550: 8D84027E
	s_cbranch_execz 17                                         // 000000005554: BFA50011 <gemv_mixed_moe_gate_up_k8_indexed_batched+0x379c>
	v_mov_b32_e32 v0, 1.0                                      // 000000005558: 7E0002F2
	v_lshl_add_u32 v3, v5, 23, 0x3c000000                      // 00000000555C: D6460003 03FD2F05 3C000000
	v_cmp_eq_u32_e32 vcc_lo, 15, v5                            // 000000005568: 7C940A8F
	v_cmp_eq_u32_e64 s2, 7, v6                                 // 00000000556C: D44A0002 00020C87
	s_delay_alu instid0(VALU_DEP_4) | instskip(SKIP_1) | instid1(VALU_DEP_1)// 000000005574: BF8700A4
	v_fmamk_f32 v0, v4, 0x3e000000, v0                         // 000000005578: 58000104 3E000000
	s_and_b64 s[2:3], s[2:3], vcc                              // 000000005580: 8B826A02
	v_mul_f32_e32 v0, v0, v3                                   // 000000005584: 10000700
	s_wait_alu 0xfffe                                          // 000000005588: BF88FFFE
	s_delay_alu instid0(VALU_DEP_1)                            // 00000000558C: BF870001
	v_cndmask_b32_e64 v3, v0, 0x43e00000, s2                   // 000000005590: D5010003 0009FF00 43E00000
	s_wait_alu 0xfffe                                          // 00000000559C: BF88FFFE
	s_and_not1_saveexec_b64 s[2:3], s[4:5]                     // 0000000055A0: BE823104
	v_mul_f32_e32 v0, 0x3c800000, v4                           // 0000000055A4: 100008FF 3C800000
	s_delay_alu instid0(VALU_DEP_1)                            // 0000000055AC: BF870001
	v_mul_f32_e32 v3, 0x3e000000, v0                           // 0000000055B0: 100600FF 3E000000
	s_wait_alu 0xfffe                                          // 0000000055B8: BF88FFFE
	s_or_b64 exec, exec, s[2:3]                                // 0000000055BC: 8CFE027E
	scratch_load_b32 v0, off, off offset:8                     // 0000000055C0: ED05007C 00000000 00000800
	s_wait_loadcnt 0x0                                         // 0000000055CC: BFC00000
	v_add_co_u32 v1, vcc_lo, v1, v0                            // 0000000055D0: D7006A01 00020101
	s_wait_alu 0xfffd                                          // 0000000055D8: BF88FFFD
	v_add_co_ci_u32_e64 v2, null, 0, v2, vcc_lo                // 0000000055DC: D5207C02 01AA0480
	flat_load_b32 v0, v[1:2] offset:17                         // 0000000055E4: EC05007C 00000000 00001101
	scratch_load_b32 v1, off, off                              // 0000000055F0: ED05007C 00000001 00000000
	s_wait_loadcnt_dscnt 0x100                                 // 0000000055FC: BFC80100
	v_bfe_u32 v12, v0, 4, 4                                    // 000000005600: D610000C 02110900
	s_wait_loadcnt 0x0                                         // 000000005608: BFC00000
	v_lshlrev_b32_e32 v1, 3, v1                                // 00000000560C: 30020283
	v_bfe_u32 v14, v0, 8, 4                                    // 000000005610: D610000E 02111100
	v_lshrrev_b32_e32 v15, 12, v0                              // 000000005618: 321E008C
	v_bfe_u32 v16, v0, 12, 4                                   // 00000000561C: D6100010 02111900
	v_add_nc_u32_e32 v12, -7, v12                              // 000000005624: 4A1818C7
	v_lshl_or_b32 v1, s7, 8, v1                                // 000000005628: D6560001 04051007
	v_lshrrev_b32_e32 v17, 16, v0                              // 000000005630: 32220090
	v_lshrrev_b32_e32 v13, 8, v0                               // 000000005634: 321A0088
	v_bfe_u32 v18, v0, 16, 4                                   // 000000005638: D6100012 02112100
	v_cvt_f32_i32_e32 v12, v12                                 // 000000005640: 7E180B0C
	v_ashrrev_i32_e32 v2, 31, v1                               // 000000005644: 3404029F
	v_lshrrev_b32_e32 v19, 20, v0                              // 000000005648: 32260094
	v_bfe_u32 v20, v0, 20, 4                                   // 00000000564C: D6100014 02112900
	v_lshrrev_b32_e32 v25, 24, v0                              // 000000005654: 32320098
	v_bfe_u32 v26, v0, 24, 4                                   // 000000005658: D610001A 02113100
	v_lshlrev_b64_e32 v[1:2], 2, v[1:2]                        // 000000005660: 3E020282
	v_lshrrev_b32_e32 v27, 27, v0                              // 000000005664: 3236009B
	v_add_nc_u32_e32 v14, -7, v14                              // 000000005668: 4A1C1CC7
	s_delay_alu instid0(VALU_DEP_3) | instskip(SKIP_1) | instid1(VALU_DEP_4)// 00000000566C: BF870223
	v_add_co_u32 v1, vcc_lo, s16, v1                           // 000000005670: D7006A01 00020210
	s_wait_alu 0xfffd                                          // 000000005678: BF88FFFD
	v_add_co_ci_u32_e64 v2, null, s17, v2, vcc_lo              // 00000000567C: D5207C02 01AA0411
	v_cmp_gt_i32_e32 vcc_lo, 0, v0                             // 000000005684: 7C880080
	v_cvt_f32_i32_e32 v14, v14                                 // 000000005688: 7E1C0B0E
	s_clause 0x1                                               // 00000000568C: BF850001
	global_load_b128 v[4:7], v[1:2], off                       // 000000005690: EE05C07C 00000004 00000001
	global_load_b128 v[8:11], v[1:2], off offset:16            // 00000000569C: EE05C07C 00000008 00001001
	scratch_load_b32 v1, off, off offset:4                     // 0000000056A8: ED05007C 00000001 00000400
	v_and_b32_e32 v2, 15, v0                                   // 0000000056B4: 3604008F
	s_delay_alu instid0(VALU_DEP_1)                            // 0000000056B8: BF870001
	v_add_nc_u32_e32 v28, -7, v2                               // 0000000056BC: 4A3804C7
	v_add3_u32 v2, v15, v2, v17                                // 0000000056C0: D6550002 0446050F
	v_add_nc_u32_e32 v15, -7, v16                              // 0000000056C8: 4A1E20C7
	v_add_nc_u32_e32 v17, -7, v18                              // 0000000056CC: 4A2224C7
	v_add_nc_u32_e32 v18, -7, v20                              // 0000000056D0: 4A2428C7
	v_cvt_f32_i32_e32 v16, v28                                 // 0000000056D4: 7E200B1C
	v_add_nc_u32_e32 v20, -7, v26                              // 0000000056D8: 4A2834C7
	v_add3_u32 v2, v2, v19, v25                                // 0000000056DC: D6550002 04662702
	v_cvt_f32_i32_e32 v15, v15                                 // 0000000056E4: 7E1E0B0F
	s_delay_alu instid0(VALU_DEP_4) | instskip(NEXT) | instid1(VALU_DEP_4)// 0000000056E8: BF870214
	v_add_f32_e32 v26, 0.5, v16                                // 0000000056EC: 063420F0
	v_cvt_f32_i32_e32 v19, v20                                 // 0000000056F0: 7E260B14
	s_wait_alu 0xfffd                                          // 0000000056F4: BF88FFFD
	s_delay_alu instid0(VALU_DEP_2) | instskip(SKIP_4) | instid1(VALU_DEP_3)// 0000000056F8: BF8701D2
	v_cndmask_b32_e32 v16, v16, v26, vcc_lo                    // 0000000056FC: 02203510
	s_wait_loadcnt 0x0                                         // 000000005700: BFC00000
	v_mul_f32_e32 v1, v3, v1                                   // 000000005704: 10020303
	v_lshrrev_b32_e32 v3, 4, v0                                // 000000005708: 32060084
	v_add_f32_e32 v0, 0.5, v12                                 // 00000000570C: 060018F0
	v_mul_f32_e32 v1, 0x3f6147ae, v1                           // 000000005710: 100202FF 3F6147AE
	s_delay_alu instid0(VALU_DEP_3) | instskip(NEXT) | instid1(VALU_DEP_3)// 000000005718: BF870193
	v_add3_u32 v2, v2, v3, v13                                 // 00000000571C: D6550002 04360702
	v_cndmask_b32_e32 v0, v12, v0, vcc_lo                      // 000000005724: 0200010C
	v_cvt_f32_i32_e32 v12, v17                                 // 000000005728: 7E180B11
	v_cvt_f32_i32_e32 v17, v18                                 // 00000000572C: 7E220B12
	v_add_f32_e32 v18, 0.5, v14                                // 000000005730: 06241CF0
	v_add_f32_e32 v3, 0.5, v15                                 // 000000005734: 06061EF0
	v_mul_f32_e32 v0, v1, v0                                   // 000000005738: 10000101
	v_and_b32_e32 v2, 1, v2                                    // 00000000573C: 36040481
	s_delay_alu instid0(VALU_DEP_4) | instskip(SKIP_1) | instid1(VALU_DEP_4)// 000000005740: BF870224
	v_cndmask_b32_e32 v13, v14, v18, vcc_lo                    // 000000005744: 021A250E
	v_mul_f32_e32 v14, v1, v16                                 // 000000005748: 101C2101
	v_mul_f32_e32 v0, v5, v0                                   // 00000000574C: 10000105
	v_add_f32_e32 v5, 0.5, v12                                 // 000000005750: 060A18F0
	v_cndmask_b32_e32 v3, v15, v3, vcc_lo                      // 000000005754: 0206070F
	v_mul_f32_e32 v13, v1, v13                                 // 000000005758: 101A1B01
	v_and_or_b32 v2, v27, 14, v2                               // 00000000575C: D6570002 04091D1B
	v_fmac_f32_e32 v0, v4, v14                                 // 000000005764: 56001D04
	v_add_f32_e32 v4, 0.5, v17                                 // 000000005768: 060822F0
	v_cndmask_b32_e32 v5, v12, v5, vcc_lo                      // 00000000576C: 020A0B0C
	v_mul_f32_e32 v3, v1, v3                                   // 000000005770: 10060701
	v_add_nc_u32_e32 v2, -7, v2                                // 000000005774: 4A0404C7
	v_fmac_f32_e32 v0, v6, v13                                 // 000000005778: 56001B06
	v_add_f32_e32 v6, 0.5, v19                                 // 00000000577C: 060C26F0
	v_cndmask_b32_e32 v4, v17, v4, vcc_lo                      // 000000005780: 02080911
	v_mul_f32_e32 v5, v1, v5                                   // 000000005784: 100A0B01
	v_cvt_f32_i32_e32 v2, v2                                   // 000000005788: 7E040B02
	v_fmac_f32_e32 v0, v7, v3                                  // 00000000578C: 56000707
	v_cndmask_b32_e32 v3, v19, v6, vcc_lo                      // 000000005790: 02060D13
	v_mul_f32_e32 v4, v1, v4                                   // 000000005794: 10080901
	s_delay_alu instid0(VALU_DEP_3) | instskip(SKIP_1) | instid1(VALU_DEP_4)// 000000005798: BF870223
	v_fmac_f32_e32 v0, v8, v5                                  // 00000000579C: 56000B08
	v_add_f32_e32 v5, 0.5, v2                                  // 0000000057A0: 060A04F0
	v_mul_f32_e32 v3, v1, v3                                   // 0000000057A4: 10060701
	s_delay_alu instid0(VALU_DEP_3) | instskip(NEXT) | instid1(VALU_DEP_3)// 0000000057A8: BF870193
	v_fmac_f32_e32 v0, v9, v4                                  // 0000000057AC: 56000909
	v_cndmask_b32_e32 v2, v2, v5, vcc_lo                       // 0000000057B0: 02040B02
	s_delay_alu instid0(VALU_DEP_2) | instskip(NEXT) | instid1(VALU_DEP_2)// 0000000057B4: BF870112
	v_fmac_f32_e32 v0, v3, v10                                 // 0000000057B8: 56001503
	v_mul_f32_e32 v1, v1, v2                                   // 0000000057BC: 10020501
	s_delay_alu instid0(VALU_DEP_1) | instskip(NEXT) | instid1(VALU_DEP_1)// 0000000057C0: BF870091
	v_fmac_f32_e32 v0, v11, v1                                 // 0000000057C4: 5600030B
	v_add_f32_e32 v22, v22, v0                                 // 0000000057C8: 062C0116
	s_cmp_lg_u32 s6, 3                                         // 0000000057CC: BF078306
	s_cbranch_scc1 189                                         // 0000000057D0: BFA200BD <gemv_mixed_moe_gate_up_k8_indexed_batched+0x3cc8>
	scratch_load_b32 v0, off, off offset:12 th:TH_LOAD_LU      // 0000000057D4: ED05007C 00300000 00000C00
	s_and_b32 s6, s18, -2                                      // 0000000057E0: 8B06C212
	s_wait_alu 0xfffe                                          // 0000000057E4: BF88FFFE
	s_mul_i32 s2, s6, 0x88                                     // 0000000057E8: 9602FF06 00000088
	s_wait_alu 0xfffe                                          // 0000000057F0: BF88FFFE
	s_ashr_i32 s3, s2, 31                                      // 0000000057F4: 86039F02
	s_wait_alu 0xfffe                                          // 0000000057F8: BF88FFFE
	s_add_nc_u64 s[2:3], s[22:23], s[2:3]                      // 0000000057FC: A9820216
	s_wait_loadcnt 0x0                                         // 000000005800: BFC00000
	s_wait_alu 0xfffe                                          // 000000005804: BF88FFFE
	v_add_co_u32 v1, s4, s2, v0                                // 000000005808: D7000401 00020002
	s_wait_alu 0xf1ff                                          // 000000005810: BF88F1FF
	v_add_co_ci_u32_e64 v2, null, s3, 0, s4                    // 000000005814: D5207C02 00110003
	s_mov_b64 s[2:3], exec                                     // 00000000581C: BE82017E
	flat_load_u8 v0, v[1:2] offset:16                          // 000000005820: EC04007C 00000000 00001001
	s_wait_loadcnt_dscnt 0x0                                   // 00000000582C: BFC80000
	v_and_b32_e32 v6, 7, v0                                    // 000000005830: 360C0087
	v_bfe_u32 v5, v0, 3, 4                                     // 000000005834: D6100005 02110700
	s_delay_alu instid0(VALU_DEP_2) | instskip(NEXT) | instid1(VALU_DEP_2)// 00000000583C: BF870112
	v_cvt_f32_ubyte0_e32 v4, v6                                // 000000005840: 7E082306
	v_cmpx_ne_u32_e32 0, v5                                    // 000000005844: 7D9A0A80
	s_wait_alu 0xfffe                                          // 000000005848: BF88FFFE
	s_xor_b64 s[4:5], exec, s[2:3]                             // 00000000584C: 8D84027E
	s_cbranch_execz 17                                         // 000000005850: BFA50011 <gemv_mixed_moe_gate_up_k8_indexed_batched+0x3a98>
	v_mov_b32_e32 v0, 1.0                                      // 000000005854: 7E0002F2
	v_lshl_add_u32 v3, v5, 23, 0x3c000000                      // 000000005858: D6460003 03FD2F05 3C000000
	v_cmp_eq_u32_e32 vcc_lo, 15, v5                            // 000000005864: 7C940A8F
	v_cmp_eq_u32_e64 s2, 7, v6                                 // 000000005868: D44A0002 00020C87
	s_delay_alu instid0(VALU_DEP_4) | instskip(SKIP_1) | instid1(VALU_DEP_1)// 000000005870: BF8700A4
	v_fmamk_f32 v0, v4, 0x3e000000, v0                         // 000000005874: 58000104 3E000000
	s_and_b64 s[2:3], s[2:3], vcc                              // 00000000587C: 8B826A02
	v_mul_f32_e32 v0, v0, v3                                   // 000000005880: 10000700
	s_wait_alu 0xfffe                                          // 000000005884: BF88FFFE
	s_delay_alu instid0(VALU_DEP_1)                            // 000000005888: BF870001
	v_cndmask_b32_e64 v3, v0, 0x43e00000, s2                   // 00000000588C: D5010003 0009FF00 43E00000
	s_wait_alu 0xfffe                                          // 000000005898: BF88FFFE
	s_and_not1_saveexec_b64 s[2:3], s[4:5]                     // 00000000589C: BE823104
	v_mul_f32_e32 v0, 0x3c800000, v4                           // 0000000058A0: 100008FF 3C800000
	s_delay_alu instid0(VALU_DEP_1)                            // 0000000058A8: BF870001
	v_mul_f32_e32 v3, 0x3e000000, v0                           // 0000000058AC: 100600FF 3E000000
	s_wait_alu 0xfffe                                          // 0000000058B4: BF88FFFE
	s_or_b64 exec, exec, s[2:3]                                // 0000000058B8: 8CFE027E
	scratch_load_b32 v0, off, off offset:8 th:TH_LOAD_LU       // 0000000058BC: ED05007C 00300000 00000800
	s_wait_loadcnt 0x0                                         // 0000000058C8: BFC00000
	v_add_co_u32 v1, vcc_lo, v1, v0                            // 0000000058CC: D7006A01 00020101
	s_wait_alu 0xfffd                                          // 0000000058D4: BF88FFFD
	v_add_co_ci_u32_e64 v2, null, 0, v2, vcc_lo                // 0000000058D8: D5207C02 01AA0480
	flat_load_b32 v0, v[1:2] offset:17                         // 0000000058E0: EC05007C 00000000 00001101
	scratch_load_b32 v1, off, off                              // 0000000058EC: ED05007C 00000001 00000000
	s_wait_loadcnt_dscnt 0x100                                 // 0000000058F8: BFC80100
	v_bfe_u32 v12, v0, 4, 4                                    // 0000000058FC: D610000C 02110900
	s_wait_loadcnt 0x0                                         // 000000005904: BFC00000
	v_lshlrev_b32_e32 v1, 3, v1                                // 000000005908: 30020283
	v_bfe_u32 v14, v0, 8, 4                                    // 00000000590C: D610000E 02111100
	v_lshrrev_b32_e32 v15, 12, v0                              // 000000005914: 321E008C
	v_bfe_u32 v16, v0, 12, 4                                   // 000000005918: D6100010 02111900
	v_add_nc_u32_e32 v12, -7, v12                              // 000000005920: 4A1818C7
	v_lshl_or_b32 v1, s6, 8, v1                                // 000000005924: D6560001 04051006
	v_lshrrev_b32_e32 v17, 16, v0                              // 00000000592C: 32220090
	v_lshrrev_b32_e32 v13, 8, v0                               // 000000005930: 321A0088
	v_bfe_u32 v18, v0, 16, 4                                   // 000000005934: D6100012 02112100
	v_cvt_f32_i32_e32 v12, v12                                 // 00000000593C: 7E180B0C
	v_ashrrev_i32_e32 v2, 31, v1                               // 000000005940: 3404029F
	v_lshrrev_b32_e32 v19, 20, v0                              // 000000005944: 32260094
	v_bfe_u32 v20, v0, 20, 4                                   // 000000005948: D6100014 02112900
	v_lshrrev_b32_e32 v25, 24, v0                              // 000000005950: 32320098
	v_bfe_u32 v26, v0, 24, 4                                   // 000000005954: D610001A 02113100
	v_lshlrev_b64_e32 v[1:2], 2, v[1:2]                        // 00000000595C: 3E020282
	v_lshrrev_b32_e32 v27, 27, v0                              // 000000005960: 3236009B
	v_add_nc_u32_e32 v14, -7, v14                              // 000000005964: 4A1C1CC7
	s_delay_alu instid0(VALU_DEP_3) | instskip(SKIP_1) | instid1(VALU_DEP_4)// 000000005968: BF870223
	v_add_co_u32 v1, vcc_lo, s16, v1                           // 00000000596C: D7006A01 00020210
	s_wait_alu 0xfffd                                          // 000000005974: BF88FFFD
	v_add_co_ci_u32_e64 v2, null, s17, v2, vcc_lo              // 000000005978: D5207C02 01AA0411
	v_cmp_gt_i32_e32 vcc_lo, 0, v0                             // 000000005980: 7C880080
	v_cvt_f32_i32_e32 v14, v14                                 // 000000005984: 7E1C0B0E
	s_clause 0x1                                               // 000000005988: BF850001
	global_load_b128 v[4:7], v[1:2], off                       // 00000000598C: EE05C07C 00000004 00000001
	global_load_b128 v[8:11], v[1:2], off offset:16            // 000000005998: EE05C07C 00000008 00001001
	scratch_load_b32 v1, off, off offset:4 th:TH_LOAD_LU       // 0000000059A4: ED05007C 00300001 00000400
	v_and_b32_e32 v2, 15, v0                                   // 0000000059B0: 3604008F
	s_delay_alu instid0(VALU_DEP_1)                            // 0000000059B4: BF870001
	v_add_nc_u32_e32 v28, -7, v2                               // 0000000059B8: 4A3804C7
	v_add3_u32 v2, v15, v2, v17                                // 0000000059BC: D6550002 0446050F
	v_add_nc_u32_e32 v15, -7, v16                              // 0000000059C4: 4A1E20C7
	v_add_nc_u32_e32 v17, -7, v18                              // 0000000059C8: 4A2224C7
	v_add_nc_u32_e32 v18, -7, v20                              // 0000000059CC: 4A2428C7
	v_cvt_f32_i32_e32 v16, v28                                 // 0000000059D0: 7E200B1C
	v_add_nc_u32_e32 v20, -7, v26                              // 0000000059D4: 4A2834C7
	v_add3_u32 v2, v2, v19, v25                                // 0000000059D8: D6550002 04662702
	v_cvt_f32_i32_e32 v15, v15                                 // 0000000059E0: 7E1E0B0F
	s_delay_alu instid0(VALU_DEP_4) | instskip(NEXT) | instid1(VALU_DEP_4)// 0000000059E4: BF870214
	v_add_f32_e32 v26, 0.5, v16                                // 0000000059E8: 063420F0
	v_cvt_f32_i32_e32 v19, v20                                 // 0000000059EC: 7E260B14
	s_wait_alu 0xfffd                                          // 0000000059F0: BF88FFFD
	s_delay_alu instid0(VALU_DEP_2) | instskip(SKIP_4) | instid1(VALU_DEP_3)// 0000000059F4: BF8701D2
	v_cndmask_b32_e32 v16, v16, v26, vcc_lo                    // 0000000059F8: 02203510
	s_wait_loadcnt 0x0                                         // 0000000059FC: BFC00000
	v_mul_f32_e32 v1, v3, v1                                   // 000000005A00: 10020303
	v_lshrrev_b32_e32 v3, 4, v0                                // 000000005A04: 32060084
	v_add_f32_e32 v0, 0.5, v12                                 // 000000005A08: 060018F0
	v_mul_f32_e32 v1, 0x3f6147ae, v1                           // 000000005A0C: 100202FF 3F6147AE
	s_delay_alu instid0(VALU_DEP_3) | instskip(NEXT) | instid1(VALU_DEP_3)// 000000005A14: BF870193
	v_add3_u32 v2, v2, v3, v13                                 // 000000005A18: D6550002 04360702
	v_cndmask_b32_e32 v0, v12, v0, vcc_lo                      // 000000005A20: 0200010C
	v_cvt_f32_i32_e32 v12, v17                                 // 000000005A24: 7E180B11
	v_cvt_f32_i32_e32 v17, v18                                 // 000000005A28: 7E220B12
	v_add_f32_e32 v18, 0.5, v14                                // 000000005A2C: 06241CF0
	v_add_f32_e32 v3, 0.5, v15                                 // 000000005A30: 06061EF0
	v_mul_f32_e32 v0, v1, v0                                   // 000000005A34: 10000101
	v_and_b32_e32 v2, 1, v2                                    // 000000005A38: 36040481
	s_delay_alu instid0(VALU_DEP_4) | instskip(SKIP_1) | instid1(VALU_DEP_4)// 000000005A3C: BF870224
	v_cndmask_b32_e32 v13, v14, v18, vcc_lo                    // 000000005A40: 021A250E
	v_mul_f32_e32 v14, v1, v16                                 // 000000005A44: 101C2101
	v_mul_f32_e32 v0, v5, v0                                   // 000000005A48: 10000105
	v_add_f32_e32 v5, 0.5, v12                                 // 000000005A4C: 060A18F0
	v_cndmask_b32_e32 v3, v15, v3, vcc_lo                      // 000000005A50: 0206070F
	v_mul_f32_e32 v13, v1, v13                                 // 000000005A54: 101A1B01
	v_and_or_b32 v2, v27, 14, v2                               // 000000005A58: D6570002 04091D1B
	v_fmac_f32_e32 v0, v4, v14                                 // 000000005A60: 56001D04
	v_add_f32_e32 v4, 0.5, v17                                 // 000000005A64: 060822F0
	v_cndmask_b32_e32 v5, v12, v5, vcc_lo                      // 000000005A68: 020A0B0C
	v_mul_f32_e32 v3, v1, v3                                   // 000000005A6C: 10060701
	v_add_nc_u32_e32 v2, -7, v2                                // 000000005A70: 4A0404C7
	v_fmac_f32_e32 v0, v6, v13                                 // 000000005A74: 56001B06
	v_add_f32_e32 v6, 0.5, v19                                 // 000000005A78: 060C26F0
	v_cndmask_b32_e32 v4, v17, v4, vcc_lo                      // 000000005A7C: 02080911
	v_mul_f32_e32 v5, v1, v5                                   // 000000005A80: 100A0B01
	v_cvt_f32_i32_e32 v2, v2                                   // 000000005A84: 7E040B02
	v_fmac_f32_e32 v0, v7, v3                                  // 000000005A88: 56000707
	v_cndmask_b32_e32 v3, v19, v6, vcc_lo                      // 000000005A8C: 02060D13
	v_mul_f32_e32 v4, v1, v4                                   // 000000005A90: 10080901
	s_delay_alu instid0(VALU_DEP_3) | instskip(SKIP_1) | instid1(VALU_DEP_4)// 000000005A94: BF870223
	v_fmac_f32_e32 v0, v8, v5                                  // 000000005A98: 56000B08
	v_add_f32_e32 v5, 0.5, v2                                  // 000000005A9C: 060A04F0
	v_mul_f32_e32 v3, v1, v3                                   // 000000005AA0: 10060701
	s_delay_alu instid0(VALU_DEP_3) | instskip(NEXT) | instid1(VALU_DEP_3)// 000000005AA4: BF870193
	v_fmac_f32_e32 v0, v9, v4                                  // 000000005AA8: 56000909
	v_cndmask_b32_e32 v2, v2, v5, vcc_lo                       // 000000005AAC: 02040B02
	s_delay_alu instid0(VALU_DEP_2) | instskip(NEXT) | instid1(VALU_DEP_2)// 000000005AB0: BF870112
	v_fmac_f32_e32 v0, v3, v10                                 // 000000005AB4: 56001503
	v_mul_f32_e32 v1, v1, v2                                   // 000000005AB8: 10020501
	s_delay_alu instid0(VALU_DEP_1) | instskip(NEXT) | instid1(VALU_DEP_1)// 000000005ABC: BF870091
	v_fmac_f32_e32 v0, v11, v1                                 // 000000005AC0: 5600030B
	v_add_f32_e32 v23, v23, v0                                 // 000000005AC4: 062E0117
	s_delay_alu instid0(VALU_DEP_1) | instskip(NEXT) | instid1(VALU_DEP_2)// 000000005AC8: BF870111
	v_add_f32_e32 v0, v21, v22                                 // 000000005ACC: 06002D15
	v_add_f32_e32 v1, v24, v23                                 // 000000005AD0: 06022F18
	s_delay_alu instid0(VALU_DEP_1)                            // 000000005AD4: BF870001
	v_add_f32_e32 v11, v0, v1                                  // 000000005AD8: 06160300
	s_branch 139                                               // 000000005ADC: BFA0008B <gemv_mixed_moe_gate_up_k8_indexed_batched+0x3f0c>
	v_mov_b32_e32 v11, 0                                       // 000000005AE0: 7E160280
	s_cmp_lt_i32 s9, 0x100                                     // 000000005AE4: BF04FF09 00000100
	s_cbranch_scc1 135                                         // 000000005AEC: BFA20087 <gemv_mixed_moe_gate_up_k8_indexed_batched+0x3f0c>
	scratch_load_b32 v0, off, off                              // 000000005AF0: ED05007C 00000000 00000000
	v_mov_b32_e32 v2, 0                                        // 000000005AFC: 7E040280
	s_mul_i32 s4, s18, 0x70                                    // 000000005B00: 9604FF12 00000070
	s_mov_b32 s2, ttmp9                                        // 000000005B08: BE820075
	s_ashr_i32 s3, ttmp9, 31                                   // 000000005B0C: 86039F75
	s_wait_alu 0xfffe                                          // 000000005B10: BF88FFFE
	s_ashr_i32 s5, s4, 31                                      // 000000005B14: 86059F04
	v_mov_b32_e32 v11, v2                                      // 000000005B18: 7E160302
	s_wait_alu 0xfffe                                          // 000000005B1C: BF88FFFE
	s_mul_u64 s[2:3], s[4:5], s[2:3]                           // 000000005B20: AA820204
	s_mov_b32 s5, 0                                            // 000000005B24: BE850080
	s_wait_kmcnt 0x0                                           // 000000005B28: BFC70000
	s_wait_alu 0xfffe                                          // 000000005B2C: BF88FFFE
	s_add_nc_u64 s[6:7], s[20:21], s[2:3]                      // 000000005B30: A9860214
	s_mov_b32 s4, s5                                           // 000000005B34: BE840005
	s_mov_b32 s13, s18                                         // 000000005B38: BE8D0012
	s_wait_loadcnt 0x0                                         // 000000005B3C: BFC00000
	v_mul_u32_u24_e32 v3, 3, v0                                // 000000005B40: 16060083
	v_cmp_gt_u32_e32 vcc_lo, 8, v0                             // 000000005B44: 7C980088
	v_lshlrev_b32_e32 v4, 2, v0                                // 000000005B48: 30080082
	v_lshlrev_b32_e32 v1, 3, v0                                // 000000005B4C: 30020083
	v_lshlrev_b32_e32 v5, 1, v0                                // 000000005B50: 300A0081
	s_branch 91                                                // 000000005B54: BFA0005B <gemv_mixed_moe_gate_up_k8_indexed_batched+0x3ec4>
	s_wait_alu 0xfffe                                          // 000000005B58: BF88FFFE
	s_or_b64 exec, exec, s[22:23]                              // 000000005B5C: 8CFE167E
	v_add_co_u32 v6, s22, s2, v3                               // 000000005B60: D7001606 00020602
	s_wait_alu 0xf1ff                                          // 000000005B68: BF88F1FF
	v_add_co_ci_u32_e64 v7, null, s3, 0, s22                   // 000000005B6C: D5207C07 00590003
	s_wait_storecnt_dscnt 0x0                                  // 000000005B74: BFC90000
	global_inv scope:SCOPE_SE                                  // 000000005B78: EE0AC07C 00040000 00000000
	s_add_co_i32 s13, s13, -1                                  // 000000005B84: 810DC10D
	s_clause 0x1                                               // 000000005B88: BF850001
	flat_load_u16 v10, v[6:7] offset:16                        // 000000005B8C: EC04807C 0000000A 00001006
	flat_load_u8 v16, v[6:7] offset:18                         // 000000005B98: EC04007C 00000010 00001206
	v_lshlrev_b64_e32 v[6:7], 2, v[1:2]                        // 000000005BA4: 3E0C0282
	v_add_nc_u32_e32 v1, 0x100, v1                             // 000000005BA8: 4A0202FF 00000100
	s_addk_co_i32 s4, 0x70                                     // 000000005BB0: B7840070
	s_cmp_eq_u32 s13, 0                                        // 000000005BB4: BF06800D
	s_delay_alu instid0(VALU_DEP_2)                            // 000000005BB8: BF870002
	v_add_co_u32 v12, s2, s16, v6                              // 000000005BBC: D700020C 00020C10
	s_wait_alu 0xf1ff                                          // 000000005BC4: BF88F1FF
	v_add_co_ci_u32_e64 v13, null, s17, v7, s2                 // 000000005BC8: D5207C0D 000A0E11
	s_clause 0x1                                               // 000000005BD0: BF850001
	global_load_b128 v[6:9], v[12:13], off                     // 000000005BD4: EE05C07C 00000006 0000000C
	global_load_b128 v[12:15], v[12:13], off offset:16         // 000000005BE0: EE05C07C 0000000C 0000100C
	s_wait_loadcnt_dscnt 0x301                                 // 000000005BEC: BFC80301
	v_lshrrev_b32_e32 v17, 1, v10                              // 000000005BF0: 32221481
	v_and_b32_e32 v18, 7, v10                                  // 000000005BF4: 36241487
	v_lshrrev_b32_e32 v19, 4, v10                              // 000000005BF8: 32261484
	s_wait_loadcnt_dscnt 0x200                                 // 000000005BFC: BFC80200
	v_perm_b32 v20, v16, v10, 0x504010c                        // 000000005C00: D6440014 03FE1510 0504010C
	v_lshrrev_b32_e32 v21, 7, v10                              // 000000005C0C: 322A1487
	v_and_b32_e32 v17, 28, v17                                 // 000000005C10: 3622229C
	v_lshlrev_b32_e32 v18, 2, v18                              // 000000005C14: 30242482
	v_and_b32_e32 v19, 28, v19                                 // 000000005C18: 3626269C
	v_lshrrev_b32_e32 v10, 10, v10                             // 000000005C1C: 3214148A
	v_lshrrev_b32_e32 v20, 13, v20                             // 000000005C20: 3228288D
	ds_load_b32 v17, v17                                       // 000000005C24: D8D80000 11000011
	ds_load_b32 v18, v18                                       // 000000005C2C: D8D80000 12000012
	ds_load_b32 v19, v19                                       // 000000005C34: D8D80000 13000013
	v_lshrrev_b32_e32 v22, 3, v16                              // 000000005C3C: 322C2083
	v_and_b32_e32 v21, 28, v21                                 // 000000005C40: 362A2A9C
	v_and_b32_e32 v10, 28, v10                                 // 000000005C44: 3614149C
	v_and_b32_e32 v20, 28, v20                                 // 000000005C48: 3628289C
	v_and_b32_e32 v16, 28, v16                                 // 000000005C4C: 3620209C
	v_and_b32_e32 v22, 28, v22                                 // 000000005C50: 362C2C9C
	ds_load_b32 v21, v21                                       // 000000005C54: D8D80000 15000015
	ds_load_b32 v10, v10                                       // 000000005C5C: D8D80000 0A00000A
	ds_load_b32 v20, v20                                       // 000000005C64: D8D80000 14000014
	ds_load_b32 v16, v16                                       // 000000005C6C: D8D80000 10000010
	ds_load_b32 v22, v22                                       // 000000005C74: D8D80000 16000016
	s_wait_loadcnt_dscnt 0x0                                   // 000000005C7C: BFC80000
	global_inv scope:SCOPE_SE                                  // 000000005C80: EE0AC07C 00040000 00000000
	v_mul_f32_e32 v7, v17, v7                                  // 000000005C8C: 100E0F11
	s_delay_alu instid0(VALU_DEP_1) | instskip(NEXT) | instid1(VALU_DEP_1)// 000000005C90: BF870091
	v_fmac_f32_e32 v7, v18, v6                                 // 000000005C94: 560E0D12
	v_fmac_f32_e32 v7, v19, v8                                 // 000000005C98: 560E1113
	s_delay_alu instid0(VALU_DEP_1) | instskip(NEXT) | instid1(VALU_DEP_1)// 000000005C9C: BF870091
	v_fmac_f32_e32 v7, v21, v9                                 // 000000005CA0: 560E1315
	v_fmac_f32_e32 v7, v10, v12                                // 000000005CA4: 560E190A
	s_delay_alu instid0(VALU_DEP_1) | instskip(NEXT) | instid1(VALU_DEP_1)// 000000005CA8: BF870091
	v_fmac_f32_e32 v7, v20, v13                                // 000000005CAC: 560E1B14
	v_fmac_f32_e32 v7, v16, v14                                // 000000005CB0: 560E1D10
	s_delay_alu instid0(VALU_DEP_1) | instskip(NEXT) | instid1(VALU_DEP_1)// 000000005CB4: BF870091
	v_fmac_f32_e32 v7, v22, v15                                // 000000005CB8: 560E1F16
	v_add_f32_e32 v11, v11, v7                                 // 000000005CBC: 06160F0B
	s_cbranch_scc1 18                                          // 000000005CC0: BFA20012 <gemv_mixed_moe_gate_up_k8_indexed_batched+0x3f0c>
	s_wait_alu 0xfffe                                          // 000000005CC4: BF88FFFE
	s_add_nc_u64 s[2:3], s[6:7], s[4:5]                        // 000000005CC8: A9820406
	s_and_saveexec_b64 s[22:23], vcc                           // 000000005CCC: BE96216A
	s_cbranch_execz 65441                                      // 000000005CD0: BFA5FFA1 <gemv_mixed_moe_gate_up_k8_indexed_batched+0x3d58>
	s_wait_alu 0xfffe                                          // 000000005CD4: BF88FFFE
	v_add_co_u32 v6, s24, s2, v5                               // 000000005CD8: D7001806 00020A02
	s_wait_alu 0xf1ff                                          // 000000005CE0: BF88F1FF
	v_add_co_ci_u32_e64 v7, null, s3, 0, s24                   // 000000005CE4: D5207C07 00610003
	flat_load_u16 v6, v[6:7]                                   // 000000005CEC: EC04807C 00000006 00000006
	s_wait_loadcnt_dscnt 0x0                                   // 000000005CF8: BFC80000
	v_cvt_f32_f16_e32 v6, v6                                   // 000000005CFC: 7E0C1706
	ds_store_b32 v4, v6                                        // 000000005D00: D8340000 00000604
	s_branch 65427                                             // 000000005D08: BFA0FF93 <gemv_mixed_moe_gate_up_k8_indexed_batched+0x3d58>
	s_cbranch_execnz 1160                                      // 000000005D0C: BFA60488 <gemv_mixed_moe_gate_up_k8_indexed_batched+0x5130>
	s_and_b32 s2, 0xffff, s11                                  // 000000005D10: 8B020BFF 0000FFFF
	s_wait_alu 0xfffe                                          // 000000005D18: BF88FFFE
	s_cmp_lt_i32 s2, 1                                         // 000000005D1C: BF048102
	s_cbranch_scc1 320                                         // 000000005D20: BFA20140 <gemv_mixed_moe_gate_up_k8_indexed_batched+0x4424>
	s_cmp_lt_i32 s2, 2                                         // 000000005D24: BF048202
	s_cbranch_scc1 319                                         // 000000005D28: BFA2013F <gemv_mixed_moe_gate_up_k8_indexed_batched+0x4428>
	scratch_load_b32 v0, off, off                              // 000000005D2C: ED05007C 00000000 00000000
	s_cmp_lt_i32 s9, 0x400                                     // 000000005D38: BF04FF09 00000400
	s_wait_loadcnt 0x0                                         // 000000005D40: BFC00000
	v_lshlrev_b32_e32 v33, 2, v0                               // 000000005D44: 30420082
	s_cbranch_scc1 313                                         // 000000005D48: BFA20139 <gemv_mixed_moe_gate_up_k8_indexed_batched+0x4430>
	v_lshlrev_b32_e32 v1, 5, v0                                // 000000005D4C: 30020085
	s_mov_b32 s2, ttmp9                                        // 000000005D50: BE820075
	s_ashr_i32 s3, ttmp9, 31                                   // 000000005D54: 86039F75
	s_mov_b32 s19, 0                                           // 000000005D58: BE930080
	v_mov_b32_e32 v29, 0                                       // 000000005D5C: 7E3A0280
	v_add_co_u32 v17, s4, s16, v1                              // 000000005D60: D7000411 00020210
	s_wait_alu 0xfffe                                          // 000000005D68: BF88FFFE
	s_mul_u64 s[2:3], s[2:3], s[18:19]                         // 000000005D6C: AA821202
	v_add_co_ci_u32_e64 v18, null, s17, 0, s4                  // 000000005D70: D5207C12 00110011
	v_mov_b32_e32 v30, 0                                       // 000000005D78: 7E3C0280
	v_mov_b32_e32 v31, 0                                       // 000000005D7C: 7E3E0280
	v_mov_b32_e32 v32, 0                                       // 000000005D80: 7E400280
	s_wait_alu 0xfffe                                          // 000000005D84: BF88FFFE
	s_mul_u64 s[2:3], s[2:3], 0x88                             // 000000005D88: AA82FF02 00000088
	s_wait_kmcnt 0x0                                           // 000000005D90: BFC70000
	s_wait_alu 0xfffe                                          // 000000005D94: BF88FFFE
	s_add_nc_u64 s[2:3], s[20:21], s[2:3]                      // 000000005D98: A9820214
	s_wait_alu 0xfffe                                          // 000000005D9C: BF88FFFE
	v_mov_b32_e32 v26, s3                                      // 000000005DA0: 7E340203
	v_add_co_u32 v27, s4, s2, v33                              // 000000005DA4: D700041B 00024202
	v_mov_b32_e32 v25, s2                                      // 000000005DAC: 7E320202
	s_wait_alu 0xf1ff                                          // 000000005DB0: BF88F1FF
	v_add_co_ci_u32_e64 v28, null, s3, 0, s4                   // 000000005DB4: D5207C1C 00110003
	s_clause 0x4                                               // 000000005DBC: BF850004
	global_load_b128 v[1:4], v[17:18], off offset:16           // 000000005DC0: EE05C07C 00000001 00001011
	global_load_b128 v[5:8], v[17:18], off                     // 000000005DCC: EE05C07C 00000005 00000011
	global_load_b128 v[9:12], v[17:18], off offset:1024        // 000000005DD8: EE05C07C 00000009 00040011
	global_load_b128 v[13:16], v[17:18], off offset:2048       // 000000005DE4: EE05C07C 0000000D 00080011
	global_load_b128 v[35:38], v[17:18], off offset:3072       // 000000005DF0: EE05C07C 00000023 000C0011
	s_clause 0x7                                               // 000000005DFC: BF850007
	flat_load_b32 v39, v[27:28] offset:8                       // 000000005E00: EC05007C 00000027 0000081B
	flat_load_b64 v[19:20], v[25:26]                           // 000000005E0C: EC05407C 00000013 00000019
	flat_load_b32 v40, v[27:28] offset:144                     // 000000005E18: EC05007C 00000028 0000901B
	flat_load_b64 v[21:22], v[25:26] offset:136                // 000000005E24: EC05407C 00000015 00008819
	flat_load_b32 v41, v[27:28] offset:280                     // 000000005E30: EC05007C 00000029 0001181B
	flat_load_b64 v[23:24], v[25:26] offset:272                // 000000005E3C: EC05407C 00000017 00011019
	flat_load_b32 v34, v[27:28] offset:416                     // 000000005E48: EC05007C 00000022 0001A01B
	flat_load_b64 v[25:26], v[25:26] offset:408                // 000000005E54: EC05407C 00000019 00019819
	s_add_co_i32 s5, s19, 7                                    // 000000005E60: 81058713
	s_add_co_i32 s19, s19, 4                                   // 000000005E64: 81138413
	s_wait_alu 0xfffe                                          // 000000005E68: BF88FFFE
	s_cmp_ge_i32 s5, s18                                       // 000000005E6C: BF031205
	s_add_nc_u64 s[2:3], s[2:3], 0x220                         // 000000005E70: A982FF02 00000220
	s_wait_loadcnt_dscnt 0x707                                 // 000000005E78: BFC80707
	v_bfe_u32 v27, v39, 4, 4                                   // 000000005E7C: D610001B 02110927
	v_and_b32_e32 v28, 15, v39                                 // 000000005E84: 36384E8F
	v_bfe_u32 v42, v39, 8, 4                                   // 000000005E88: D610002A 02111127
	v_bfe_u32 v43, v39, 12, 4                                  // 000000005E90: D610002B 02111927
	s_wait_loadcnt_dscnt 0x505                                 // 000000005E98: BFC80505
	v_bfe_u32 v44, v40, 12, 4                                  // 000000005E9C: D610002C 02111928
	v_cvt_f32_ubyte0_e32 v27, v27                              // 000000005EA4: 7E36231B
	v_cvt_f32_ubyte0_e32 v28, v28                              // 000000005EA8: 7E38231C
	v_cvt_f32_ubyte0_e32 v42, v42                              // 000000005EAC: 7E54232A
	v_cvt_f32_ubyte0_e32 v43, v43                              // 000000005EB0: 7E56232B
	v_cvt_f32_ubyte0_e32 v44, v44                              // 000000005EB4: 7E58232C
	v_fma_f32 v27, v19, v27, v20                               // 000000005EB8: D613001B 04523713
	v_fma_f32 v28, v19, v28, v20                               // 000000005EC0: D613001C 04523913
	v_fma_f32 v42, v19, v42, v20                               // 000000005EC8: D613002A 04525513
	v_fma_f32 v43, v19, v43, v20                               // 000000005ED0: D613002B 04525713
	s_wait_loadcnt_dscnt 0x404                                 // 000000005ED8: BFC80404
	v_fma_f32 v44, v21, v44, v22                               // 000000005EDC: D613002C 045A5915
	v_mul_f32_e32 v27, v6, v27                                 // 000000005EE4: 10363706
	s_delay_alu instid0(VALU_DEP_1) | instskip(SKIP_1) | instid1(VALU_DEP_2)// 000000005EE8: BF870121
	v_fmac_f32_e32 v27, v5, v28                                // 000000005EEC: 56363905
	v_bfe_u32 v28, v40, 4, 4                                   // 000000005EF0: D610001C 02110928
	v_fmac_f32_e32 v27, v7, v42                                // 000000005EF8: 56365507
	v_and_b32_e32 v42, 15, v40                                 // 000000005EFC: 3654508F
	s_delay_alu instid0(VALU_DEP_3) | instskip(NEXT) | instid1(VALU_DEP_3)// 000000005F00: BF870193
	v_cvt_f32_ubyte0_e32 v28, v28                              // 000000005F04: 7E38231C
	v_fmac_f32_e32 v27, v8, v43                                // 000000005F08: 56365708
	v_bfe_u32 v43, v40, 8, 4                                   // 000000005F0C: D610002B 02111128
	s_delay_alu instid0(VALU_DEP_4) | instskip(NEXT) | instid1(VALU_DEP_4)// 000000005F14: BF870214
	v_cvt_f32_ubyte0_e32 v42, v42                              // 000000005F18: 7E54232A
	v_fma_f32 v28, v21, v28, v22                               // 000000005F1C: D613001C 045A3915
	global_load_b128 v[5:8], v[17:18], off offset:1040         // 000000005F24: EE05C07C 00000005 00041011
	v_cvt_f32_ubyte0_e32 v43, v43                              // 000000005F30: 7E56232B
	v_fma_f32 v42, v21, v42, v22                               // 000000005F34: D613002A 045A5515
	v_mul_f32_e32 v28, v10, v28                                // 000000005F3C: 1038390A
	s_delay_alu instid0(VALU_DEP_3) | instskip(NEXT) | instid1(VALU_DEP_2)// 000000005F40: BF870113
	v_fma_f32 v43, v21, v43, v22                               // 000000005F44: D613002B 045A5715
	v_fmac_f32_e32 v28, v9, v42                                // 000000005F4C: 56385509
	s_wait_loadcnt_dscnt 0x403                                 // 000000005F50: BFC80403
	v_bfe_u32 v42, v41, 4, 4                                   // 000000005F54: D610002A 02110929
	s_delay_alu instid0(VALU_DEP_2) | instskip(SKIP_1) | instid1(VALU_DEP_3)// 000000005F5C: BF8701A2
	v_fmac_f32_e32 v28, v11, v43                               // 000000005F60: 5638570B
	v_and_b32_e32 v43, 15, v41                                 // 000000005F64: 3656528F
	v_cvt_f32_ubyte0_e32 v42, v42                              // 000000005F68: 7E54232A
	s_delay_alu instid0(VALU_DEP_3)                            // 000000005F6C: BF870003
	v_fmac_f32_e32 v28, v12, v44                               // 000000005F70: 5638590C
	global_load_b128 v[9:12], v[17:18], off offset:2064        // 000000005F74: EE05C07C 00000009 00081011
	v_cvt_f32_ubyte0_e32 v43, v43                              // 000000005F80: 7E56232B
	s_wait_loadcnt_dscnt 0x402                                 // 000000005F84: BFC80402
	v_fma_f32 v42, v23, v42, v24                               // 000000005F88: D613002A 04625517
	v_bfe_u32 v44, v41, 8, 4                                   // 000000005F90: D610002C 02111129
	s_delay_alu instid0(VALU_DEP_3) | instskip(NEXT) | instid1(VALU_DEP_3)// 000000005F98: BF870193
	v_fma_f32 v43, v23, v43, v24                               // 000000005F9C: D613002B 04625717
	v_mul_f32_e32 v14, v14, v42                                // 000000005FA4: 101C550E
	s_delay_alu instid0(VALU_DEP_3) | instskip(SKIP_2) | instid1(VALU_DEP_3)// 000000005FA8: BF8701B3
	v_cvt_f32_ubyte0_e32 v42, v44                              // 000000005FAC: 7E54232C
	s_wait_loadcnt_dscnt 0x301                                 // 000000005FB0: BFC80301
	v_bfe_u32 v44, v34, 8, 4                                   // 000000005FB4: D610002C 02111122
	v_fmac_f32_e32 v14, v13, v43                               // 000000005FBC: 561C570D
	v_bfe_u32 v13, v41, 12, 4                                  // 000000005FC0: D610000D 02111929
	v_fma_f32 v42, v23, v42, v24                               // 000000005FC8: D613002A 04625517
	v_and_b32_e32 v43, 15, v34                                 // 000000005FD0: 3656448F
	s_delay_alu instid0(VALU_DEP_3) | instskip(NEXT) | instid1(VALU_DEP_3)// 000000005FD4: BF870193
	v_cvt_f32_ubyte0_e32 v13, v13                              // 000000005FD8: 7E1A230D
	v_fmac_f32_e32 v14, v15, v42                               // 000000005FDC: 561C550F
	s_delay_alu instid0(VALU_DEP_3)                            // 000000005FE0: BF870003
	v_cvt_f32_ubyte0_e32 v43, v43                              // 000000005FE4: 7E56232B
	v_bfe_u32 v15, v39, 16, 4                                  // 000000005FE8: D610000F 02112127
	v_bfe_u32 v42, v39, 24, 4                                  // 000000005FF0: D610002A 02113127
	v_fma_f32 v13, v23, v13, v24                               // 000000005FF8: D613000D 04621B17
	s_wait_loadcnt_dscnt 0x200                                 // 000000006000: BFC80200
	v_fma_f32 v43, v25, v43, v26                               // 000000006004: D613002B 046A5719
	v_cvt_f32_ubyte0_e32 v15, v15                              // 00000000600C: 7E1E230F
	v_cvt_f32_ubyte0_e32 v42, v42                              // 000000006010: 7E54232A
	v_fmac_f32_e32 v14, v16, v13                               // 000000006014: 561C1B10
	v_bfe_u32 v13, v34, 4, 4                                   // 000000006018: D610000D 02110922
	v_bfe_u32 v16, v39, 20, 4                                  // 000000006020: D6100010 02112927
	v_lshrrev_b32_e32 v39, 28, v39                             // 000000006028: 324E4E9C
	v_fma_f32 v15, v19, v15, v20                               // 00000000602C: D613000F 04521F13
	v_fma_f32 v42, v19, v42, v20                               // 000000006034: D613002A 04525513
	v_cvt_f32_ubyte0_e32 v13, v13                              // 00000000603C: 7E1A230D
	v_cvt_f32_ubyte0_e32 v16, v16                              // 000000006040: 7E202310
	v_cvt_f32_ubyte0_e32 v39, v39                              // 000000006044: 7E4E2327
	v_fmac_f32_e32 v27, v15, v1                                // 000000006048: 5636030F
	s_delay_alu instid0(VALU_DEP_4) | instskip(NEXT) | instid1(VALU_DEP_4)// 00000000604C: BF870214
	v_fma_f32 v13, v25, v13, v26                               // 000000006050: D613000D 046A1B19
	v_fma_f32 v16, v19, v16, v20                               // 000000006058: D6130010 04522113
	s_delay_alu instid0(VALU_DEP_4) | instskip(SKIP_1) | instid1(VALU_DEP_4)// 000000006060: BF870224
	v_fmac_f32_e32 v20, v19, v39                               // 000000006064: 56284F13
	v_bfe_u32 v19, v34, 16, 4                                  // 000000006068: D6100013 02112122
	v_mul_f32_e32 v13, v36, v13                                // 000000006070: 101A1B24
	v_cvt_f32_ubyte0_e32 v36, v44                              // 000000006074: 7E48232C
	v_bfe_u32 v44, v41, 24, 4                                  // 000000006078: D610002C 02113129
	s_delay_alu instid0(VALU_DEP_4)                            // 000000006080: BF870004
	v_cvt_f32_ubyte0_e32 v19, v19                              // 000000006084: 7E262313
	v_fmac_f32_e32 v27, v16, v2                                // 000000006088: 56360510
	v_fmac_f32_e32 v13, v35, v43                               // 00000000608C: 561A5723
	v_bfe_u32 v35, v34, 12, 4                                  // 000000006090: D6100023 02111922
	v_fma_f32 v36, v25, v36, v26                               // 000000006098: D6130024 046A4919
	v_bfe_u32 v43, v41, 20, 4                                  // 0000000060A0: D610002B 02112929
	v_fma_f32 v19, v25, v19, v26                               // 0000000060A8: D6130013 046A2719
	v_fmac_f32_e32 v27, v42, v3                                // 0000000060B0: 5636072A
	v_cvt_f32_ubyte0_e32 v35, v35                              // 0000000060B4: 7E462323
	v_fmac_f32_e32 v13, v37, v36                               // 0000000060B8: 561A4925
	v_bfe_u32 v36, v40, 16, 4                                  // 0000000060BC: D6100024 02112128
	v_bfe_u32 v37, v40, 24, 4                                  // 0000000060C4: D6100025 02113128
	v_fmac_f32_e32 v27, v20, v4                                // 0000000060CC: 56360914
	v_fma_f32 v35, v25, v35, v26                               // 0000000060D0: D6130023 046A4719
	s_delay_alu instid0(VALU_DEP_4) | instskip(NEXT) | instid1(VALU_DEP_4)// 0000000060D8: BF870214
	v_cvt_f32_ubyte0_e32 v36, v36                              // 0000000060DC: 7E482324
	v_cvt_f32_ubyte0_e32 v37, v37                              // 0000000060E0: 7E4A2325
	s_delay_alu instid0(VALU_DEP_4) | instskip(NEXT) | instid1(VALU_DEP_4)// 0000000060E4: BF870214
	v_add_f32_e32 v29, v29, v27                                // 0000000060E8: 063A371D
	v_fmac_f32_e32 v13, v38, v35                               // 0000000060EC: 561A4726
	v_bfe_u32 v35, v40, 20, 4                                  // 0000000060F0: D6100023 02112928
	v_lshrrev_b32_e32 v38, 28, v40                             // 0000000060F8: 324C509C
	v_bfe_u32 v40, v41, 16, 4                                  // 0000000060FC: D6100028 02112129
	v_lshrrev_b32_e32 v41, 28, v41                             // 000000006104: 3252529C
	v_fma_f32 v36, v21, v36, v22                               // 000000006108: D6130024 045A4915
	v_cvt_f32_ubyte0_e32 v35, v35                              // 000000006110: 7E462323
	v_cvt_f32_ubyte0_e32 v38, v38                              // 000000006114: 7E4C2326
	v_fma_f32 v45, v21, v37, v22                               // 000000006118: D613002D 045A4B15
	v_cvt_f32_ubyte0_e32 v37, v43                              // 000000006120: 7E4A232B
	s_delay_alu instid0(VALU_DEP_4) | instskip(NEXT) | instid1(VALU_DEP_4)// 000000006124: BF870214
	v_fma_f32 v39, v21, v35, v22                               // 000000006128: D6130027 045A4715
	v_fmac_f32_e32 v22, v21, v38                               // 000000006130: 562C4D15
	v_cvt_f32_ubyte0_e32 v35, v40                              // 000000006134: 7E462328
	v_cvt_f32_ubyte0_e32 v38, v44                              // 000000006138: 7E4C232C
	v_cvt_f32_ubyte0_e32 v40, v41                              // 00000000613C: 7E502329
	v_bfe_u32 v21, v34, 20, 4                                  // 000000006140: D6100015 02112922
	v_fma_f32 v41, v23, v37, v24                               // 000000006148: D6130029 04624B17
	v_fma_f32 v35, v23, v35, v24                               // 000000006150: D6130023 04624717
	v_fma_f32 v38, v23, v38, v24                               // 000000006158: D6130026 04624D17
	v_fmac_f32_e32 v24, v23, v40                               // 000000006160: 56305117
	v_bfe_u32 v23, v34, 24, 4                                  // 000000006164: D6100017 02113122
	v_lshrrev_b32_e32 v34, 28, v34                             // 00000000616C: 3244449C
	v_cvt_f32_ubyte0_e32 v21, v21                              // 000000006170: 7E2A2315
	s_delay_alu instid0(VALU_DEP_3) | instskip(NEXT) | instid1(VALU_DEP_3)// 000000006174: BF870193
	v_cvt_f32_ubyte0_e32 v23, v23                              // 000000006178: 7E2E2317
	v_cvt_f32_ubyte0_e32 v34, v34                              // 00000000617C: 7E442322
	s_delay_alu instid0(VALU_DEP_3) | instskip(NEXT) | instid1(VALU_DEP_3)// 000000006180: BF870193
	v_fma_f32 v21, v25, v21, v26                               // 000000006184: D6130015 046A2B19
	v_fma_f32 v23, v25, v23, v26                               // 00000000618C: D6130017 046A2F19
	s_delay_alu instid0(VALU_DEP_3) | instskip(SKIP_2) | instid1(VALU_DEP_1)// 000000006194: BF8700B3
	v_fmac_f32_e32 v26, v25, v34                               // 000000006198: 56344519
	s_wait_loadcnt 0x1                                         // 00000000619C: BFC00001
	v_fmac_f32_e32 v28, v36, v5                                // 0000000061A0: 56380B24
	v_fmac_f32_e32 v28, v39, v6                                // 0000000061A4: 56380D27
	s_delay_alu instid0(VALU_DEP_1) | instskip(NEXT) | instid1(VALU_DEP_1)// 0000000061A8: BF870091
	v_fmac_f32_e32 v28, v45, v7                                // 0000000061AC: 56380F2D
	v_fmac_f32_e32 v28, v22, v8                                // 0000000061B0: 56381116
	s_wait_loadcnt 0x0                                         // 0000000061B4: BFC00000
	v_fmac_f32_e32 v14, v35, v9                                // 0000000061B8: 561C1323
	global_load_b128 v[34:37], v[17:18], off offset:3088       // 0000000061BC: EE05C07C 00000022 000C1011
	v_add_co_u32 v17, vcc_lo, 0x1000, v17                      // 0000000061C8: D7006A11 000222FF 00001000
	s_wait_alu 0xfffd                                          // 0000000061D4: BF88FFFD
	v_add_co_ci_u32_e64 v18, null, 0, v18, vcc_lo              // 0000000061D8: D5207C12 01AA2480
	v_fmac_f32_e32 v14, v41, v10                               // 0000000061E0: 561C1529
	v_add_f32_e32 v30, v30, v28                                // 0000000061E4: 063C391E
	s_delay_alu instid0(VALU_DEP_2) | instskip(NEXT) | instid1(VALU_DEP_1)// 0000000061E8: BF870092
	v_fmac_f32_e32 v14, v38, v11                               // 0000000061EC: 561C1726
	v_fmac_f32_e32 v14, v24, v12                               // 0000000061F0: 561C1918
	s_delay_alu instid0(VALU_DEP_1) | instskip(SKIP_2) | instid1(VALU_DEP_1)// 0000000061F4: BF8700B1
	v_add_f32_e32 v31, v31, v14                                // 0000000061F8: 063E1D1F
	s_wait_loadcnt 0x0                                         // 0000000061FC: BFC00000
	v_fmac_f32_e32 v13, v19, v34                               // 000000006200: 561A4513
	v_fmac_f32_e32 v13, v21, v35                               // 000000006204: 561A4715
	s_delay_alu instid0(VALU_DEP_1) | instskip(NEXT) | instid1(VALU_DEP_1)// 000000006208: BF870091
	v_fmac_f32_e32 v13, v23, v36                               // 00000000620C: 561A4917
	v_fmac_f32_e32 v13, v26, v37                               // 000000006210: 561A4B1A
	s_delay_alu instid0(VALU_DEP_1)                            // 000000006214: BF870001
	v_add_f32_e32 v32, v32, v13                                // 000000006218: 06401B20
	s_cbranch_scc0 65247                                       // 00000000621C: BFA1FEDF <gemv_mixed_moe_gate_up_k8_indexed_batched+0x3f9c>
	s_branch 8                                                 // 000000006220: BFA00008 <gemv_mixed_moe_gate_up_k8_indexed_batched+0x4444>
	s_branch 351                                               // 000000006224: BFA0015F <gemv_mixed_moe_gate_up_k8_indexed_batched+0x49a4>
	s_cbranch_execnz 148                                       // 000000006228: BFA60094 <gemv_mixed_moe_gate_up_k8_indexed_batched+0x467c>
	s_branch 348                                               // 00000000622C: BFA0015C <gemv_mixed_moe_gate_up_k8_indexed_batched+0x49a0>
	v_mov_b32_e32 v29, 0                                       // 000000006230: 7E3A0280
	v_mov_b32_e32 v30, 0                                       // 000000006234: 7E3C0280
	v_mov_b32_e32 v31, 0                                       // 000000006238: 7E3E0280
	v_mov_b32_e32 v32, 0                                       // 00000000623C: 7E400280
	s_mov_b32 s19, 0                                           // 000000006240: BE930080
	s_delay_alu instid0(SALU_CYCLE_1)                          // 000000006244: BF870009
	s_cmp_ge_i32 s19, s18                                      // 000000006248: BF031213
	s_cbranch_scc1 134                                         // 00000000624C: BFA20086 <gemv_mixed_moe_gate_up_k8_indexed_batched+0x4668>
	scratch_load_b32 v0, off, off                              // 000000006250: ED05007C 00000000 00000000
	v_mov_b32_e32 v2, 0                                        // 00000000625C: 7E040280
	s_mov_b32 s2, ttmp9                                        // 000000006260: BE820075
	s_ashr_i32 s3, ttmp9, 31                                   // 000000006264: 86039F75
	s_ashr_i32 s5, s18, 31                                     // 000000006268: 86059F12
	s_mov_b32 s4, s18                                          // 00000000626C: BE840012
	s_mov_b32 s7, 0                                            // 000000006270: BE870080
	s_mov_b32 s6, s19                                          // 000000006274: BE860013
	s_wait_alu 0xfffe                                          // 000000006278: BF88FFFE
	s_mul_u64 s[2:3], s[4:5], s[2:3]                           // 00000000627C: AA820204
	v_add_co_u32 v3, s22, v33, 8                               // 000000006280: D7001603 00011121
	s_wait_alu 0xfffe                                          // 000000006288: BF88FFFE
	s_add_nc_u64 s[2:3], s[2:3], s[6:7]                        // 00000000628C: A9820602
	v_add_co_ci_u32_e64 v4, null, 0, 0, s22                    // 000000006290: D5207C04 00590080
	s_wait_alu 0xfffe                                          // 000000006298: BF88FFFE
	s_mul_u64 s[2:3], s[2:3], 0x88                             // 00000000629C: AA82FF02 00000088
	s_wait_kmcnt 0x0                                           // 0000000062A4: BFC70000
	s_wait_alu 0xfffe                                          // 0000000062A8: BF88FFFE
	s_add_nc_u64 s[2:3], s[20:21], s[2:3]                      // 0000000062AC: A9820214
	s_wait_loadcnt 0x0                                         // 0000000062B0: BFC00000
	v_lshlrev_b32_e32 v1, 3, v0                                // 0000000062B4: 30020083
	s_delay_alu instid0(VALU_DEP_1) | instskip(NEXT) | instid1(VALU_DEP_1)// 0000000062B8: BF870091
	v_lshl_or_b32 v1, s19, 8, v1                               // 0000000062BC: D6560001 04051013
	v_lshlrev_b64_e32 v[1:2], 2, v[1:2]                        // 0000000062C4: 3E020282
	s_delay_alu instid0(VALU_DEP_1) | instskip(SKIP_1) | instid1(VALU_DEP_2)// 0000000062C8: BF870121
	v_add_co_u32 v1, vcc_lo, s16, v1                           // 0000000062CC: D7006A01 00020210
	s_wait_alu 0xfffd                                          // 0000000062D4: BF88FFFD
	v_add_co_ci_u32_e64 v2, null, s17, v2, vcc_lo              // 0000000062D8: D5207C02 01AA0411
	s_delay_alu instid0(VALU_DEP_2) | instskip(SKIP_1) | instid1(VALU_DEP_2)// 0000000062E0: BF870122
	v_add_co_u32 v1, vcc_lo, v1, 16                            // 0000000062E4: D7006A01 00012101
	s_wait_alu 0xfffd                                          // 0000000062EC: BF88FFFD
	v_add_co_ci_u32_e64 v2, null, 0, v2, vcc_lo                // 0000000062F0: D5207C02 01AA0480
	s_wait_alu 0xfffe                                          // 0000000062F8: BF88FFFE
	v_add_co_u32 v5, vcc_lo, s2, v3                            // 0000000062FC: D7006A05 00020602
	s_wait_alu 0xfffd                                          // 000000006304: BF88FFFD
	v_add_co_ci_u32_e64 v6, null, s3, v4, vcc_lo               // 000000006308: D5207C06 01AA0803
	v_mov_b32_e32 v8, s3                                       // 000000006310: 7E100203
	v_mov_b32_e32 v7, s2                                       // 000000006314: 7E0E0202
	s_add_co_i32 s19, s19, 1                                   // 000000006318: 81138113
	s_clause 0x1                                               // 00000000631C: BF850001
	flat_load_b32 v15, v[5:6]                                  // 000000006320: EC05007C 0000000F 00000005
	flat_load_b64 v[13:14], v[7:8]                             // 00000000632C: EC05407C 0000000D 00000007
	s_clause 0x1                                               // 000000006338: BF850001
	global_load_b128 v[5:8], v[1:2], off offset:-16            // 00000000633C: EE05C07C 00000005 FFFFF001
	global_load_b128 v[9:12], v[1:2], off                      // 000000006348: EE05C07C 00000009 00000001
	v_add_co_u32 v1, vcc_lo, 0x400, v1                         // 000000006354: D7006A01 000202FF 00000400
	s_wait_alu 0xfffd                                          // 000000006360: BF88FFFD
	v_add_co_ci_u32_e64 v2, null, 0, v2, vcc_lo                // 000000006364: D5207C02 01AA0480
	s_wait_alu 0xfffe                                          // 00000000636C: BF88FFFE
	s_cmp_lt_i32 s19, s18                                      // 000000006370: BF041213
	s_add_nc_u64 s[2:3], s[2:3], 0x88                          // 000000006374: A982FF02 00000088
	s_wait_loadcnt_dscnt 0x301                                 // 00000000637C: BFC80301
	v_bfe_u32 v16, v15, 4, 4                                   // 000000006380: D6100010 0211090F
	v_and_b32_e32 v17, 15, v15                                 // 000000006388: 36221E8F
	v_bfe_u32 v18, v15, 8, 4                                   // 00000000638C: D6100012 0211110F
	v_bfe_u32 v19, v15, 12, 4                                  // 000000006394: D6100013 0211190F
	s_delay_alu instid0(VALU_DEP_4) | instskip(NEXT) | instid1(VALU_DEP_4)// 00000000639C: BF870214
	v_cvt_f32_ubyte0_e32 v16, v16                              // 0000000063A0: 7E202310
	v_cvt_f32_ubyte0_e32 v17, v17                              // 0000000063A4: 7E222311
	s_delay_alu instid0(VALU_DEP_4) | instskip(NEXT) | instid1(VALU_DEP_4)// 0000000063A8: BF870214
	v_cvt_f32_ubyte0_e32 v18, v18                              // 0000000063AC: 7E242312
	v_cvt_f32_ubyte0_e32 v19, v19                              // 0000000063B0: 7E262313
	s_wait_loadcnt_dscnt 0x200                                 // 0000000063B4: BFC80200
	v_fma_f32 v16, v13, v16, v14                               // 0000000063B8: D6130010 043A210D
	v_fma_f32 v17, v13, v17, v14                               // 0000000063C0: D6130011 043A230D
	v_fma_f32 v18, v13, v18, v14                               // 0000000063C8: D6130012 043A250D
	s_wait_loadcnt 0x1                                         // 0000000063D0: BFC00001
	s_delay_alu instid0(VALU_DEP_3) | instskip(SKIP_1) | instid1(VALU_DEP_2)// 0000000063D4: BF870123
	v_mul_f32_e32 v6, v6, v16                                  // 0000000063D8: 100C2106
	v_bfe_u32 v16, v15, 16, 4                                  // 0000000063DC: D6100010 0211210F
	v_fmac_f32_e32 v6, v5, v17                                 // 0000000063E4: 560C2305
	v_bfe_u32 v5, v15, 20, 4                                   // 0000000063E8: D6100005 0211290F
	s_delay_alu instid0(VALU_DEP_3) | instskip(SKIP_1) | instid1(VALU_DEP_4)// 0000000063F0: BF870223
	v_cvt_f32_ubyte0_e32 v16, v16                              // 0000000063F4: 7E202310
	v_fma_f32 v17, v13, v19, v14                               // 0000000063F8: D6130011 043A270D
	v_fmac_f32_e32 v6, v7, v18                                 // 000000006400: 560C2507
	v_bfe_u32 v7, v15, 24, 4                                   // 000000006404: D6100007 0211310F
	v_cvt_f32_ubyte0_e32 v5, v5                                // 00000000640C: 7E0A2305
	v_fma_f32 v16, v13, v16, v14                               // 000000006410: D6130010 043A210D
	s_delay_alu instid0(VALU_DEP_4)                            // 000000006418: BF870004
	v_fmac_f32_e32 v6, v8, v17                                 // 00000000641C: 560C2308
	v_lshrrev_b32_e32 v8, 28, v15                              // 000000006420: 32101E9C
	v_cvt_f32_ubyte0_e32 v7, v7                                // 000000006424: 7E0E2307
	v_fma_f32 v5, v13, v5, v14                                 // 000000006428: D6130005 043A0B0D
	s_wait_loadcnt 0x0                                         // 000000006430: BFC00000
	v_fmac_f32_e32 v6, v16, v9                                 // 000000006434: 560C1310
	v_cvt_f32_ubyte0_e32 v8, v8                                // 000000006438: 7E102308
	v_fma_f32 v7, v13, v7, v14                                 // 00000000643C: D6130007 043A0F0D
	s_delay_alu instid0(VALU_DEP_3) | instskip(NEXT) | instid1(VALU_DEP_3)// 000000006444: BF870193
	v_fmac_f32_e32 v6, v5, v10                                 // 000000006448: 560C1505
	v_fmac_f32_e32 v14, v13, v8                                // 00000000644C: 561C110D
	s_delay_alu instid0(VALU_DEP_2) | instskip(NEXT) | instid1(VALU_DEP_1)// 000000006450: BF870092
	v_fmac_f32_e32 v6, v7, v11                                 // 000000006454: 560C1707
	v_fmac_f32_e32 v6, v14, v12                                // 000000006458: 560C190E
	s_delay_alu instid0(VALU_DEP_1)                            // 00000000645C: BF870001
	v_add_f32_e32 v29, v29, v6                                 // 000000006460: 063A0D1D
	s_cbranch_scc1 65444                                       // 000000006464: BFA2FFA4 <gemv_mixed_moe_gate_up_k8_indexed_batched+0x44f8>
	s_delay_alu instid0(VALU_DEP_1) | instskip(SKIP_1) | instid1(VALU_DEP_1)// 000000006468: BF8700A1
	v_add_f32_e32 v1, v30, v29                                 // 00000000646C: 06023B1E
	v_add_f32_e32 v2, v32, v31                                 // 000000006470: 06043F20
	v_add_f32_e32 v11, v2, v1                                  // 000000006474: 06160302
	s_branch 201                                               // 000000006478: BFA000C9 <gemv_mixed_moe_gate_up_k8_indexed_batched+0x49a0>
	v_mov_b32_e32 v11, 0                                       // 00000000647C: 7E160280
	s_cmp_lt_i32 s9, 0x100                                     // 000000006480: BF04FF09 00000100
	s_cbranch_scc1 197                                         // 000000006488: BFA200C5 <gemv_mixed_moe_gate_up_k8_indexed_batched+0x49a0>
	scratch_load_b32 v0, off, off                              // 00000000648C: ED05007C 00000000 00000000
	s_mul_i32 s4, s18, 0x48                                    // 000000006498: 9604FF12 00000048
	s_mov_b32 s2, ttmp9                                        // 0000000064A0: BE820075
	s_ashr_i32 s3, ttmp9, 31                                   // 0000000064A4: 86039F75
	s_wait_alu 0xfffe                                          // 0000000064A8: BF88FFFE
	s_ashr_i32 s5, s4, 31                                      // 0000000064AC: 86059F04
	v_mov_b32_e32 v11, 0                                       // 0000000064B0: 7E160280
	s_wait_alu 0xfffe                                          // 0000000064B4: BF88FFFE
	s_mul_u64 s[2:3], s[4:5], s[2:3]                           // 0000000064B8: AA820204
	s_mov_b32 s11, s18                                         // 0000000064BC: BE8B0012
	s_wait_kmcnt 0x0                                           // 0000000064C0: BFC70000
	s_wait_alu 0xfffe                                          // 0000000064C4: BF88FFFE
	s_add_nc_u64 s[22:23], s[20:21], s[2:3]                    // 0000000064C8: A9960214
	s_wait_loadcnt 0x0                                         // 0000000064CC: BFC00000
	v_lshlrev_b32_e32 v1, 5, v0                                // 0000000064D0: 30020085
	v_lshlrev_b32_e32 v12, 1, v0                               // 0000000064D4: 30180081
	s_delay_alu instid0(VALU_DEP_2) | instskip(SKIP_2) | instid1(VALU_DEP_2)// 0000000064D8: BF870132
	v_add_co_u32 v1, s4, s16, v1                               // 0000000064DC: D7000401 00020210
	s_wait_alu 0xf1ff                                          // 0000000064E4: BF88F1FF
	v_add_co_ci_u32_e64 v2, null, s17, 0, s4                   // 0000000064E8: D5207C02 00110011
	v_add_co_u32 v9, vcc_lo, v1, 16                            // 0000000064F0: D7006A09 00012101
	s_wait_alu 0xfffd                                          // 0000000064F8: BF88FFFD
	s_delay_alu instid0(VALU_DEP_2)                            // 0000000064FC: BF870002
	v_add_co_ci_u32_e64 v10, null, 0, v2, vcc_lo               // 000000006500: D5207C0A 01AA0480
	s_wait_alu 0xfffe                                          // 000000006508: BF88FFFE
	v_mov_b32_e32 v1, s22                                      // 00000000650C: 7E020216
	v_add_co_u32 v3, s2, s22, v12                              // 000000006510: D7000203 00021816
	v_mov_b32_e32 v2, s23                                      // 000000006518: 7E040217
	s_wait_alu 0xf1ff                                          // 00000000651C: BF88F1FF
	v_add_co_ci_u32_e64 v4, null, s23, 0, s2                   // 000000006520: D5207C04 00090017
	s_clause 0x1                                               // 000000006528: BF850001
	flat_load_b64 v[13:14], v[1:2]                             // 00000000652C: EC05407C 0000000D 00000001
	flat_load_u16 v15, v[3:4] offset:8                         // 000000006538: EC04807C 0000000F 00000803
	s_clause 0x1                                               // 000000006544: BF850001
	global_load_b128 v[5:8], v[9:10], off offset:-16           // 000000006548: EE05C07C 00000005 FFFFF009
	global_load_b128 v[1:4], v[9:10], off                      // 000000006554: EE05C07C 00000001 00000009
	s_add_co_i32 s11, s11, -1                                  // 000000006560: 810BC10B
	s_add_nc_u64 s[22:23], s[22:23], 0x48                      // 000000006564: A996FF16 00000048
	s_cmp_eq_u32 s11, 0                                        // 00000000656C: BF06800B
	s_wait_loadcnt_dscnt 0x301                                 // 000000006570: BFC80301
	v_lshrrev_b32_e32 v16, 16, v13                             // 000000006574: 32201A90
	v_cvt_f32_f16_e32 v17, v13                                 // 000000006578: 7E22170D
	v_lshrrev_b32_e32 v18, 16, v14                             // 00000000657C: 32241C90
	v_cvt_f32_f16_e32 v13, v14                                 // 000000006580: 7E1A170E
	s_wait_loadcnt_dscnt 0x200                                 // 000000006584: BFC80200
	v_lshrrev_b16 v14, 8, v15                                  // 000000006588: D739000E 00021E88
	v_and_b32_e32 v19, 3, v15                                  // 000000006590: 36261E83
	v_bfe_u32 v20, v15, 2, 2                                   // 000000006594: D6100014 0209050F
	v_bfe_u32 v21, v15, 4, 2                                   // 00000000659C: D6100015 0209090F
	v_bfe_u32 v15, v15, 6, 2                                   // 0000000065A4: D610000F 02090D0F
	v_cvt_f32_f16_e32 v16, v16                                 // 0000000065AC: 7E201710
	v_and_b32_e32 v14, 0xffff, v14                             // 0000000065B0: 361C1CFF 0000FFFF
	v_cmp_eq_u32_e32 vcc_lo, 1, v20                            // 0000000065B8: 7C942881
	v_cmp_eq_u32_e64 s2, 1, v21                                // 0000000065BC: D44A0002 00022A81
	v_cmp_eq_u32_e64 s4, 1, v15                                // 0000000065C4: D44A0004 00021E81
	v_cmp_eq_u32_e64 s6, 1, v19                                // 0000000065CC: D44A0006 00022681
	v_bfe_u32 v27, v14, 2, 2                                   // 0000000065D4: D610001B 0209050E
	s_wait_alu 0xfffd                                          // 0000000065DC: BF88FFFD
	v_cndmask_b32_e32 v23, v17, v16, vcc_lo                    // 0000000065E0: 022E2111
	v_cmp_eq_u32_e32 vcc_lo, 2, v20                            // 0000000065E4: 7C942882
	s_wait_alu 0xf1ff                                          // 0000000065E8: BF88F1FF
	v_cndmask_b32_e64 v24, v17, v16, s2                        // 0000000065EC: D5010018 000A2111
	v_cmp_eq_u32_e64 s2, 2, v21                                // 0000000065F4: D44A0002 00022A82
	v_cndmask_b32_e64 v25, v17, v16, s4                        // 0000000065FC: D5010019 00122111
	v_cmp_eq_u32_e64 s4, 2, v15                                // 000000006604: D44A0004 00021E82
	v_cvt_f32_f16_e32 v18, v18                                 // 00000000660C: 7E241712
	v_cndmask_b32_e64 v22, v17, v16, s6                        // 000000006610: D5010016 001A2111
	v_and_b32_e32 v26, 3, v14                                  // 000000006618: 36341C83
	v_bfe_u32 v28, v14, 4, 2                                   // 00000000661C: D610001C 0209090E
	v_cmp_eq_u32_e64 s6, 2, v19                                // 000000006624: D44A0006 00022682
	s_wait_alu 0xfffd                                          // 00000000662C: BF88FFFD
	v_cndmask_b32_e32 v23, v23, v13, vcc_lo                    // 000000006630: 022E1B17
	s_wait_alu 0xf1ff                                          // 000000006634: BF88F1FF
	v_cndmask_b32_e64 v24, v24, v13, s2                        // 000000006638: D5010018 000A1B18
	v_cndmask_b32_e64 v25, v25, v13, s4                        // 000000006640: D5010019 00121B19
	v_cmp_eq_u32_e64 s2, 1, v27                                // 000000006648: D44A0002 00023681
	v_cmp_eq_u32_e64 s4, 3, v20                                // 000000006650: D44A0004 00022883
	v_lshrrev_b32_e32 v14, 6, v14                              // 000000006658: 321C1C86
	v_cndmask_b32_e64 v22, v22, v13, s6                        // 00000000665C: D5010016 001A1B16
	v_cmp_eq_u32_e32 vcc_lo, 1, v26                            // 000000006664: 7C943481
	s_wait_alu 0xf1ff                                          // 000000006668: BF88F1FF
	v_cndmask_b32_e64 v20, v23, v18, s4                        // 00000000666C: D5010014 00122517
	v_cndmask_b32_e64 v23, v17, v16, s2                        // 000000006674: D5010017 000A2111
	v_cmp_eq_u32_e64 s2, 1, v28                                // 00000000667C: D44A0002 00023881
	v_cmp_eq_u32_e64 s4, 3, v19                                // 000000006684: D44A0004 00022683
	s_wait_alu 0xfffd                                          // 00000000668C: BF88FFFD
	v_cndmask_b32_e32 v29, v17, v16, vcc_lo                    // 000000006690: 023A2111
	v_cmp_eq_u32_e32 vcc_lo, 2, v26                            // 000000006694: 7C943482
	s_wait_loadcnt 0x1                                         // 000000006698: BFC00001
	v_mul_f32_e32 v6, v6, v20                                  // 00000000669C: 100C2906
	s_wait_alu 0xf1ff                                          // 0000000066A0: BF88F1FF
	v_cndmask_b32_e64 v20, v17, v16, s2                        // 0000000066A4: D5010014 000A2111
	v_cndmask_b32_e64 v19, v22, v18, s4                        // 0000000066AC: D5010013 00122516
	v_cmp_eq_u32_e64 s2, 1, v14                                // 0000000066B4: D44A0002 00021C81
	v_cmp_eq_u32_e64 s4, 3, v21                                // 0000000066BC: D44A0004 00022A83
	s_delay_alu instid0(VALU_DEP_3) | instskip(SKIP_1) | instid1(VALU_DEP_3)// 0000000066C4: BF8701A3
	v_fmac_f32_e32 v6, v5, v19                                 // 0000000066C8: 560C2705
	s_wait_alu 0xf1ff                                          // 0000000066CC: BF88F1FF
	v_cndmask_b32_e64 v5, v17, v16, s2                         // 0000000066D0: D5010005 000A2111
	s_delay_alu instid0(VALU_DEP_3)                            // 0000000066D8: BF870003
	v_cndmask_b32_e64 v21, v24, v18, s4                        // 0000000066DC: D5010015 00122518
	s_wait_alu 0xfffd                                          // 0000000066E4: BF88FFFD
	v_cndmask_b32_e32 v16, v29, v13, vcc_lo                    // 0000000066E8: 02201B1D
	v_cmp_eq_u32_e32 vcc_lo, 2, v27                            // 0000000066EC: 7C943682
	v_cmp_eq_u32_e64 s2, 3, v15                                // 0000000066F0: D44A0002 00021E83
	v_fmac_f32_e32 v6, v7, v21                                 // 0000000066F8: 560C2B07
	s_wait_alu 0xfffd                                          // 0000000066FC: BF88FFFD
	v_cndmask_b32_e32 v7, v23, v13, vcc_lo                     // 000000006700: 020E1B17
	v_cmp_eq_u32_e32 vcc_lo, 3, v26                            // 000000006704: 7C943483
	s_wait_alu 0xf1ff                                          // 000000006708: BF88F1FF
	v_cndmask_b32_e64 v15, v25, v18, s2                        // 00000000670C: D501000F 000A2519
	s_wait_alu 0xfffd                                          // 000000006714: BF88FFFD
	v_cndmask_b32_e32 v16, v16, v18, vcc_lo                    // 000000006718: 02202510
	v_cmp_eq_u32_e32 vcc_lo, 2, v28                            // 00000000671C: 7C943882
	s_delay_alu instid0(VALU_DEP_3)                            // 000000006720: BF870003
	v_fmac_f32_e32 v6, v15, v8                                 // 000000006724: 560C110F
	s_wait_alu 0xfffd                                          // 000000006728: BF88FFFD
	v_cndmask_b32_e32 v8, v20, v13, vcc_lo                     // 00000000672C: 02101B14
	v_cmp_eq_u32_e32 vcc_lo, 3, v27                            // 000000006730: 7C943683
	s_wait_loadcnt 0x0                                         // 000000006734: BFC00000
	v_fmac_f32_e32 v6, v16, v1                                 // 000000006738: 560C0310
	s_wait_alu 0xfffd                                          // 00000000673C: BF88FFFD
	v_cndmask_b32_e32 v7, v7, v18, vcc_lo                      // 000000006740: 020E2507
	v_cmp_eq_u32_e32 vcc_lo, 2, v14                            // 000000006744: 7C941C82
	s_delay_alu instid0(VALU_DEP_2)                            // 000000006748: BF870002
	v_fmac_f32_e32 v6, v7, v2                                  // 00000000674C: 560C0507
	s_wait_alu 0xfffd                                          // 000000006750: BF88FFFD
	v_cndmask_b32_e32 v1, v5, v13, vcc_lo                      // 000000006754: 02021B05
	v_cmp_eq_u32_e32 vcc_lo, 3, v28                            // 000000006758: 7C943883
	s_wait_alu 0xfffd                                          // 00000000675C: BF88FFFD
	v_cndmask_b32_e32 v5, v8, v18, vcc_lo                      // 000000006760: 020A2508
	v_cmp_eq_u32_e32 vcc_lo, 3, v14                            // 000000006764: 7C941C83
	s_delay_alu instid0(VALU_DEP_2)                            // 000000006768: BF870002
	v_fmac_f32_e32 v6, v5, v3                                  // 00000000676C: 560C0705
	s_wait_alu 0xfffd                                          // 000000006770: BF88FFFD
	v_cndmask_b32_e32 v1, v1, v18, vcc_lo                      // 000000006774: 02022501
	v_add_co_u32 v9, vcc_lo, 0x400, v9                         // 000000006778: D7006A09 000212FF 00000400
	s_wait_alu 0xfffd                                          // 000000006784: BF88FFFD
	v_add_co_ci_u32_e64 v10, null, 0, v10, vcc_lo              // 000000006788: D5207C0A 01AA1480
	s_delay_alu instid0(VALU_DEP_3) | instskip(NEXT) | instid1(VALU_DEP_1)// 000000006790: BF870093
	v_fmac_f32_e32 v6, v1, v4                                  // 000000006794: 560C0901
	v_add_f32_e32 v11, v11, v6                                 // 000000006798: 06160D0B
	s_cbranch_scc0 65370                                       // 00000000679C: BFA1FF5A <gemv_mixed_moe_gate_up_k8_indexed_batched+0x4708>
	s_cbranch_execnz 483                                       // 0000000067A0: BFA601E3 <gemv_mixed_moe_gate_up_k8_indexed_batched+0x5130>
	scratch_load_b32 v0, off, off                              // 0000000067A4: ED05007C 00000000 00000000
	s_cmp_lt_i32 s9, 0x400                                     // 0000000067B0: BF04FF09 00000400
	s_wait_loadcnt 0x0                                         // 0000000067B8: BFC00000
	v_mul_u32_u24_e32 v33, 6, v0                               // 0000000067BC: 16420086
	s_cbranch_scc1 338                                         // 0000000067C0: BFA20152 <gemv_mixed_moe_gate_up_k8_indexed_batched+0x4f0c>
	v_lshlrev_b32_e32 v1, 5, v0                                // 0000000067C4: 30020085
	s_mov_b32 s2, ttmp9                                        // 0000000067C8: BE820075
	s_ashr_i32 s3, ttmp9, 31                                   // 0000000067CC: 86039F75
	s_mov_b32 s19, 0                                           // 0000000067D0: BE930080
	v_mov_b32_e32 v34, 0                                       // 0000000067D4: 7E440280
	v_add_co_u32 v21, s4, s16, v1                              // 0000000067D8: D7000415 00020210
	s_wait_alu 0xfffe                                          // 0000000067E0: BF88FFFE
	s_mul_u64 s[2:3], s[2:3], s[18:19]                         // 0000000067E4: AA821202
	v_add_co_ci_u32_e64 v22, null, s17, 0, s4                  // 0000000067E8: D5207C16 00110011
	v_mov_b32_e32 v35, 0                                       // 0000000067F0: 7E460280
	v_mov_b32_e32 v36, 0                                       // 0000000067F4: 7E480280
	v_mov_b32_e32 v37, 0                                       // 0000000067F8: 7E4A0280
	s_wait_alu 0xfffe                                          // 0000000067FC: BF88FFFE
	s_mul_u64 s[2:3], s[2:3], 0xc8                             // 000000006800: AA82FF02 000000C8
	s_wait_kmcnt 0x0                                           // 000000006808: BFC70000
	s_wait_alu 0xfffe                                          // 00000000680C: BF88FFFE
	s_add_nc_u64 s[2:3], s[20:21], s[2:3]                      // 000000006810: A9820214
	s_wait_alu 0xfffe                                          // 000000006814: BF88FFFE
	v_mov_b32_e32 v32, s3                                      // 000000006818: 7E400203
	v_add_co_u32 v23, s4, s2, v33                              // 00000000681C: D7000417 00024202
	v_mov_b32_e32 v31, s2                                      // 000000006824: 7E3E0202
	s_wait_alu 0xf1ff                                          // 000000006828: BF88F1FF
	v_add_co_ci_u32_e64 v24, null, s3, 0, s4                   // 00000000682C: D5207C18 00110003
	s_clause 0x4                                               // 000000006834: BF850004
	global_load_b128 v[1:4], v[21:22], off offset:16           // 000000006838: EE05C07C 00000001 00001015
	global_load_b128 v[9:12], v[21:22], off                    // 000000006844: EE05C07C 00000009 00000015
	global_load_b128 v[5:8], v[21:22], off offset:1040         // 000000006850: EE05C07C 00000005 00041015
	global_load_b128 v[13:16], v[21:22], off offset:1024       // 00000000685C: EE05C07C 0000000D 00040015
	global_load_b128 v[17:20], v[21:22], off offset:2048       // 000000006868: EE05C07C 00000011 00080015
	s_clause 0x7                                               // 000000006874: BF850007
	flat_load_b32 v39, v[23:24] offset:608                     // 000000006878: EC05007C 00000027 00026017
	flat_load_b32 v40, v[23:24] offset:408                     // 000000006884: EC05007C 00000028 00019817
	flat_load_b32 v41, v[23:24] offset:208                     // 000000006890: EC05007C 00000029 0000D017
	flat_load_b32 v46, v[23:24] offset:8                       // 00000000689C: EC05007C 0000002E 00000817
	flat_load_b64 v[25:26], v[31:32]                           // 0000000068A8: EC05407C 00000019 0000001F
	flat_load_b64 v[27:28], v[31:32] offset:200                // 0000000068B4: EC05407C 0000001B 0000C81F
	flat_load_b64 v[29:30], v[31:32] offset:400                // 0000000068C0: EC05407C 0000001D 0001901F
	flat_load_b64 v[31:32], v[31:32] offset:600                // 0000000068CC: EC05407C 0000001F 0002581F
	s_add_co_i32 s5, s19, 7                                    // 0000000068D8: 81058713
	s_add_co_i32 s19, s19, 4                                   // 0000000068DC: 81138413
	s_wait_alu 0xfffe                                          // 0000000068E0: BF88FFFE
	s_cmp_ge_i32 s5, s18                                       // 0000000068E4: BF031205
	s_add_nc_u64 s[2:3], s[2:3], 0x320                         // 0000000068E8: A982FF02 00000320
	s_wait_loadcnt_dscnt 0x404                                 // 0000000068F0: BFC80404
	v_bfe_u32 v38, v46, 6, 6                                   // 0000000068F4: D6100026 02190D2E
	v_and_b32_e32 v42, 63, v46                                 // 0000000068FC: 36545CBF
	v_bfe_u32 v43, v46, 12, 6                                  // 000000006900: D610002B 0219192E
	s_delay_alu instid0(VALU_DEP_3) | instskip(NEXT) | instid1(VALU_DEP_3)// 000000006908: BF870193
	v_cvt_f32_ubyte0_e32 v38, v38                              // 00000000690C: 7E4C2326
	v_cvt_f32_ubyte0_e32 v42, v42                              // 000000006910: 7E54232A
	s_wait_loadcnt_dscnt 0x303                                 // 000000006914: BFC80303
	s_delay_alu instid0(VALU_DEP_2) | instskip(NEXT) | instid1(VALU_DEP_2)// 000000006918: BF870112
	v_fma_f32 v38, v25, v38, v26                               // 00000000691C: D6130026 046A4D19
	v_fma_f32 v42, v25, v42, v26                               // 000000006924: D613002A 046A5519
	s_delay_alu instid0(VALU_DEP_2) | instskip(SKIP_1) | instid1(VALU_DEP_2)// 00000000692C: BF870122
	v_mul_f32_e32 v38, v10, v38                                // 000000006930: 104C4D0A
	v_cvt_f32_ubyte0_e32 v10, v43                              // 000000006934: 7E14232B
	v_fmac_f32_e32 v38, v42, v9                                // 000000006938: 564C132A
	v_bfe_u32 v9, v46, 18, 6                                   // 00000000693C: D6100009 0219252E
	s_delay_alu instid0(VALU_DEP_3)                            // 000000006944: BF870003
	v_fma_f32 v10, v25, v10, v26                               // 000000006948: D613000A 046A1519
	global_load_b128 v[42:45], v[21:22], off offset:3072       // 000000006950: EE05C07C 0000002A 000C0015
	v_cvt_f32_ubyte0_e32 v9, v9                                // 00000000695C: 7E122309
	v_fmac_f32_e32 v38, v11, v10                               // 000000006960: 564C150B
	v_and_b32_e32 v10, 63, v41                                 // 000000006964: 361452BF
	v_bfe_u32 v11, v40, 12, 6                                  // 000000006968: D610000B 02191928
	s_delay_alu instid0(VALU_DEP_4) | instskip(NEXT) | instid1(VALU_DEP_3)// 000000006970: BF870194
	v_fma_f32 v9, v25, v9, v26                                 // 000000006974: D6130009 046A1319
	v_cvt_f32_ubyte0_e32 v10, v10                              // 00000000697C: 7E14230A
	s_delay_alu instid0(VALU_DEP_3) | instskip(NEXT) | instid1(VALU_DEP_3)// 000000006980: BF870193
	v_cvt_f32_ubyte0_e32 v11, v11                              // 000000006984: 7E16230B
	v_fmac_f32_e32 v38, v9, v12                                // 000000006988: 564C1909
	v_bfe_u32 v9, v41, 6, 6                                    // 00000000698C: D6100009 02190D29
	s_wait_loadcnt_dscnt 0x302                                 // 000000006994: BFC80302
	v_fma_f32 v10, v27, v10, v28                               // 000000006998: D613000A 0472151B
	v_bfe_u32 v12, v40, 18, 6                                  // 0000000069A0: D610000C 02192528
	s_wait_loadcnt_dscnt 0x201                                 // 0000000069A8: BFC80201
	v_fma_f32 v11, v29, v11, v30                               // 0000000069AC: D613000B 047A171D
	v_cvt_f32_ubyte0_e32 v9, v9                                // 0000000069B4: 7E122309
	s_delay_alu instid0(VALU_DEP_3) | instskip(NEXT) | instid1(VALU_DEP_2)// 0000000069B8: BF870113
	v_cvt_f32_ubyte0_e32 v12, v12                              // 0000000069BC: 7E18230C
	v_fma_f32 v9, v27, v9, v28                                 // 0000000069C0: D6130009 0472131B
	s_delay_alu instid0(VALU_DEP_2) | instskip(NEXT) | instid1(VALU_DEP_2)// 0000000069C8: BF870112
	v_fma_f32 v12, v29, v12, v30                               // 0000000069CC: D613000C 047A191D
	v_mul_f32_e32 v14, v14, v9                                 // 0000000069D4: 101C130E
	v_bfe_u32 v9, v41, 12, 6                                   // 0000000069D8: D6100009 02191929
	s_delay_alu instid0(VALU_DEP_2) | instskip(NEXT) | instid1(VALU_DEP_2)// 0000000069E0: BF870112
	v_fmac_f32_e32 v14, v10, v13                               // 0000000069E4: 561C1B0A
	v_cvt_f32_ubyte0_e32 v9, v9                                // 0000000069E8: 7E122309
	v_and_b32_e32 v10, 63, v40                                 // 0000000069EC: 361450BF
	s_delay_alu instid0(VALU_DEP_2) | instskip(NEXT) | instid1(VALU_DEP_2)// 0000000069F0: BF870112
	v_fma_f32 v9, v27, v9, v28                                 // 0000000069F4: D6130009 0472131B
	v_cvt_f32_ubyte0_e32 v10, v10                              // 0000000069FC: 7E14230A
	s_delay_alu instid0(VALU_DEP_2) | instskip(SKIP_1) | instid1(VALU_DEP_3)// 000000006A00: BF8701A2
	v_fmac_f32_e32 v14, v15, v9                                // 000000006A04: 561C130F
	v_bfe_u32 v9, v41, 18, 6                                   // 000000006A08: D6100009 02192529
	v_fma_f32 v10, v29, v10, v30                               // 000000006A10: D613000A 047A151D
	v_bfe_u32 v15, v39, 6, 6                                   // 000000006A18: D610000F 02190D27
	s_delay_alu instid0(VALU_DEP_3) | instskip(NEXT) | instid1(VALU_DEP_2)// 000000006A20: BF870113
	v_cvt_f32_ubyte0_e32 v9, v9                                // 000000006A24: 7E122309
	v_cvt_f32_ubyte0_e32 v15, v15                              // 000000006A28: 7E1E230F
	s_delay_alu instid0(VALU_DEP_2) | instskip(SKIP_1) | instid1(VALU_DEP_2)// 000000006A2C: BF870122
	v_fma_f32 v9, v27, v9, v28                                 // 000000006A30: D6130009 0472131B
	s_wait_loadcnt_dscnt 0x100                                 // 000000006A38: BFC80100
	v_fma_f32 v15, v31, v15, v32                               // 000000006A3C: D613000F 04821F1F
	s_delay_alu instid0(VALU_DEP_2) | instskip(SKIP_2) | instid1(VALU_DEP_2)// 000000006A44: BF870132
	v_fmac_f32_e32 v14, v9, v16                                // 000000006A48: 561C2109
	v_bfe_u32 v9, v40, 6, 6                                    // 000000006A4C: D6100009 02190D28
	v_mov_b32_e32 v16, 0                                       // 000000006A54: 7E200280
	v_cvt_f32_ubyte0_e32 v9, v9                                // 000000006A58: 7E122309
	s_delay_alu instid0(VALU_DEP_1) | instskip(NEXT) | instid1(VALU_DEP_1)// 000000006A5C: BF870091
	v_fma_f32 v9, v29, v9, v30                                 // 000000006A60: D6130009 047A131D
	v_mul_f32_e32 v13, v18, v9                                 // 000000006A68: 101A1312
	v_mov_b32_e32 v18, 0                                       // 000000006A6C: 7E240280
	s_delay_alu instid0(VALU_DEP_2) | instskip(SKIP_1) | instid1(VALU_DEP_2)// 000000006A70: BF870122
	v_fmac_f32_e32 v13, v10, v17                               // 000000006A74: 561A230A
	v_mov_b32_e32 v17, 0                                       // 000000006A78: 7E220280
	v_fmac_f32_e32 v13, v19, v11                               // 000000006A7C: 561A1713
	v_mov_b32_e32 v19, 0                                       // 000000006A80: 7E260280
	s_delay_alu instid0(VALU_DEP_2)                            // 000000006A84: BF870002
	v_fmac_f32_e32 v13, v12, v20                               // 000000006A88: 561A290C
	global_load_b128 v[9:12], v[21:22], off offset:2064        // 000000006A8C: EE05C07C 00000009 00081015
	s_clause 0x3                                               // 000000006A98: BF850003
	flat_load_d16_b16 v16, v[23:24] offset:12                  // 000000006A9C: EC08007C 00000010 00000C17
	flat_load_d16_b16 v17, v[23:24] offset:212                 // 000000006AA8: EC08007C 00000011 0000D417
	flat_load_d16_b16 v18, v[23:24] offset:412                 // 000000006AB4: EC08007C 00000012 00019C17
	flat_load_d16_b16 v19, v[23:24] offset:612                 // 000000006AC0: EC08007C 00000013 00026417
	v_and_b32_e32 v20, 63, v39                                 // 000000006ACC: 36284EBF
	s_delay_alu instid0(VALU_DEP_1) | instskip(NEXT) | instid1(VALU_DEP_1)// 000000006AD0: BF870091
	v_cvt_f32_ubyte0_e32 v20, v20                              // 000000006AD4: 7E282314
	v_fma_f32 v20, v31, v20, v32                               // 000000006AD8: D6130014 0482291F
	s_wait_loadcnt 0x5                                         // 000000006AE0: BFC00005
	v_mul_f32_e32 v15, v43, v15                                // 000000006AE4: 101E1F2B
	s_delay_alu instid0(VALU_DEP_1) | instskip(SKIP_2) | instid1(VALU_DEP_2)// 000000006AE8: BF870131
	v_fmac_f32_e32 v15, v20, v42                               // 000000006AEC: 561E5514
	v_bfe_u32 v20, v39, 12, 6                                  // 000000006AF0: D6100014 02191927
	v_bfe_u32 v42, v41, 24, 6                                  // 000000006AF8: D610002A 02193129
	v_cvt_f32_ubyte0_e32 v20, v20                              // 000000006B00: 7E282314
	s_delay_alu instid0(VALU_DEP_1) | instskip(NEXT) | instid1(VALU_DEP_1)// 000000006B04: BF870091
	v_fma_f32 v20, v31, v20, v32                               // 000000006B08: D6130014 0482291F
	v_fmac_f32_e32 v15, v44, v20                               // 000000006B10: 561E292C
	v_bfe_u32 v20, v39, 18, 6                                  // 000000006B14: D6100014 02192527
	v_bfe_u32 v44, v40, 24, 6                                  // 000000006B1C: D610002C 02193128
	s_delay_alu instid0(VALU_DEP_2) | instskip(NEXT) | instid1(VALU_DEP_1)// 000000006B24: BF870092
	v_cvt_f32_ubyte0_e32 v20, v20                              // 000000006B28: 7E282314
	v_fma_f32 v20, v31, v20, v32                               // 000000006B2C: D6130014 0482291F
	s_delay_alu instid0(VALU_DEP_1) | instskip(SKIP_1) | instid1(VALU_DEP_1)// 000000006B34: BF8700A1
	v_fmac_f32_e32 v15, v20, v45                               // 000000006B38: 561E5B14
	v_bfe_u32 v20, v46, 24, 6                                  // 000000006B3C: D6100014 0219312E
	v_cvt_f32_ubyte0_e32 v20, v20                              // 000000006B44: 7E282314
	s_delay_alu instid0(VALU_DEP_1) | instskip(NEXT) | instid1(VALU_DEP_1)// 000000006B48: BF870091
	v_fma_f32 v20, v25, v20, v26                               // 000000006B4C: D6130014 046A2919
	v_fmac_f32_e32 v38, v20, v1                                // 000000006B54: 564C0314
	s_wait_loadcnt_dscnt 0x303                                 // 000000006B58: BFC80303
	v_alignbit_b32 v23, v16, v46, 30                           // 000000006B5C: D6160017 027A5D10
	v_bfe_u32 v24, v16, 4, 6                                   // 000000006B64: D6100018 02190910
	v_lshrrev_b32_e32 v16, 10, v16                             // 000000006B6C: 3220208A
	s_wait_loadcnt_dscnt 0x202                                 // 000000006B70: BFC80202
	v_alignbit_b32 v41, v17, v41, 30                           // 000000006B74: D6160029 027A5311
	v_bfe_u32 v43, v17, 4, 6                                   // 000000006B7C: D610002B 02190911
	v_and_b32_e32 v23, 63, v23                                 // 000000006B84: 362E2EBF
	v_cvt_f32_ubyte0_e32 v24, v24                              // 000000006B88: 7E302318
	v_cvt_f32_ubyte0_e32 v16, v16                              // 000000006B8C: 7E202310
	v_lshrrev_b32_e32 v17, 10, v17                             // 000000006B90: 3222228A
	s_wait_loadcnt_dscnt 0x101                                 // 000000006B94: BFC80101
	v_alignbit_b32 v40, v18, v40, 30                           // 000000006B98: D6160028 027A5112
	v_cvt_f32_ubyte0_e32 v23, v23                              // 000000006BA0: 7E2E2317
	v_fma_f32 v24, v25, v24, v26                               // 000000006BA4: D6130018 046A3119
	v_cvt_f32_ubyte0_e32 v17, v17                              // 000000006BAC: 7E222311
	s_delay_alu instid0(VALU_DEP_3)                            // 000000006BB0: BF870003
	v_fma_f32 v23, v25, v23, v26                               // 000000006BB4: D6130017 046A2F19
	v_fmac_f32_e32 v26, v25, v16                               // 000000006BBC: 56342119
	v_and_b32_e32 v25, 63, v41                                 // 000000006BC0: 363252BF
	v_cvt_f32_ubyte0_e32 v41, v42                              // 000000006BC4: 7E52232A
	v_cvt_f32_ubyte0_e32 v42, v43                              // 000000006BC8: 7E54232B
	v_bfe_u32 v16, v18, 4, 6                                   // 000000006BCC: D6100010 02190912
	v_lshrrev_b32_e32 v18, 10, v18                             // 000000006BD4: 3224248A
	v_cvt_f32_ubyte0_e32 v25, v25                              // 000000006BD8: 7E322319
	v_fma_f32 v41, v27, v41, v28                               // 000000006BDC: D6130029 0472531B
	v_fma_f32 v42, v27, v42, v28                               // 000000006BE4: D613002A 0472551B
	v_cvt_f32_ubyte0_e32 v16, v16                              // 000000006BEC: 7E202310
	v_cvt_f32_ubyte0_e32 v18, v18                              // 000000006BF0: 7E242312
	v_fma_f32 v25, v27, v25, v28                               // 000000006BF4: D6130019 0472331B
	v_fmac_f32_e32 v28, v27, v17                               // 000000006BFC: 5638231B
	v_bfe_u32 v17, v39, 24, 6                                  // 000000006C00: D6100011 02193127
	s_wait_loadcnt_dscnt 0x0                                   // 000000006C08: BFC80000
	v_alignbit_b32 v27, v19, v39, 30                           // 000000006C0C: D616001B 027A4F13
	v_and_b32_e32 v39, 63, v40                                 // 000000006C14: 364E50BF
	v_cvt_f32_ubyte0_e32 v40, v44                              // 000000006C18: 7E50232C
	v_fma_f32 v43, v29, v16, v30                               // 000000006C1C: D613002B 047A211D
	v_bfe_u32 v16, v19, 4, 6                                   // 000000006C24: D6100010 02190913
	v_cvt_f32_ubyte0_e32 v17, v17                              // 000000006C2C: 7E222311
	v_cvt_f32_ubyte0_e32 v39, v39                              // 000000006C30: 7E4E2327
	v_fma_f32 v40, v29, v40, v30                               // 000000006C34: D6130028 047A511D
	v_fmac_f32_e32 v14, v41, v5                                // 000000006C3C: 561C0B29
	v_cvt_f32_ubyte0_e32 v16, v16                              // 000000006C40: 7E202310
	v_fmac_f32_e32 v38, v23, v2                                // 000000006C44: 564C0517
	v_fma_f32 v39, v29, v39, v30                               // 000000006C48: D6130027 047A4F1D
	v_fmac_f32_e32 v30, v29, v18                               // 000000006C50: 563C251D
	v_lshrrev_b32_e32 v18, 10, v19                             // 000000006C54: 3224268A
	v_and_b32_e32 v19, 63, v27                                 // 000000006C58: 362636BF
	v_fma_f32 v27, v31, v17, v32                               // 000000006C5C: D613001B 0482231F
	v_fma_f32 v29, v31, v16, v32                               // 000000006C64: D613001D 0482211F
	v_fmac_f32_e32 v13, v40, v9                                // 000000006C6C: 561A1328
	v_cvt_f32_ubyte0_e32 v18, v18                              // 000000006C70: 7E242312
	v_cvt_f32_ubyte0_e32 v19, v19                              // 000000006C74: 7E262313
	v_fmac_f32_e32 v14, v25, v6                                // 000000006C78: 561C0D19
	v_fmac_f32_e32 v38, v24, v3                                // 000000006C7C: 564C0718
	v_fmac_f32_e32 v13, v39, v10                               // 000000006C80: 561A1527
	s_delay_alu instid0(VALU_DEP_4)                            // 000000006C84: BF870004
	v_fma_f32 v44, v31, v19, v32                               // 000000006C88: D613002C 0482271F
	v_fmac_f32_e32 v32, v31, v18                               // 000000006C90: 5640251F
	global_load_b128 v[16:19], v[21:22], off offset:3088       // 000000006C94: EE05C07C 00000010 000C1015
	v_fmac_f32_e32 v14, v42, v7                                // 000000006CA0: 561C0F2A
	v_fmac_f32_e32 v13, v43, v11                               // 000000006CA4: 561A172B
	v_fmac_f32_e32 v38, v26, v4                                // 000000006CA8: 564C091A
	v_add_co_u32 v21, vcc_lo, 0x1000, v21                      // 000000006CAC: D7006A15 00022AFF 00001000
	s_delay_alu instid0(VALU_DEP_4) | instskip(NEXT) | instid1(VALU_DEP_4)// 000000006CB8: BF870214
	v_fmac_f32_e32 v14, v28, v8                                // 000000006CBC: 561C111C
	v_fmac_f32_e32 v13, v30, v12                               // 000000006CC0: 561A191E
	s_wait_alu 0xfffd                                          // 000000006CC4: BF88FFFD
	v_add_co_ci_u32_e64 v22, null, 0, v22, vcc_lo              // 000000006CC8: D5207C16 01AA2C80
	v_add_f32_e32 v34, v34, v38                                // 000000006CD0: 06444D22
	v_add_f32_e32 v35, v35, v14                                // 000000006CD4: 06461D23
	v_add_f32_e32 v36, v36, v13                                // 000000006CD8: 06481B24
	s_wait_loadcnt 0x0                                         // 000000006CDC: BFC00000
	v_fmac_f32_e32 v15, v27, v16                               // 000000006CE0: 561E211B
	s_delay_alu instid0(VALU_DEP_1) | instskip(NEXT) | instid1(VALU_DEP_1)// 000000006CE4: BF870091
	v_fmac_f32_e32 v15, v44, v17                               // 000000006CE8: 561E232C
	v_fmac_f32_e32 v15, v29, v18                               // 000000006CEC: 561E251D
	s_delay_alu instid0(VALU_DEP_1) | instskip(NEXT) | instid1(VALU_DEP_1)// 000000006CF0: BF870091
	v_fmac_f32_e32 v15, v32, v19                               // 000000006CF4: 561E2720
	v_add_f32_e32 v37, v37, v15                                // 000000006CF8: 064A1F25
	s_cbranch_scc0 65221                                       // 000000006CFC: BFA1FEC5 <gemv_mixed_moe_gate_up_k8_indexed_batched+0x4a14>
	s_cmp_ge_i32 s19, s18                                      // 000000006D00: BF031213
	s_cbranch_scc0 9                                           // 000000006D04: BFA10009 <gemv_mixed_moe_gate_up_k8_indexed_batched+0x4f2c>
	s_branch 133                                               // 000000006D08: BFA00085 <gemv_mixed_moe_gate_up_k8_indexed_batched+0x5120>
	v_mov_b32_e32 v34, 0                                       // 000000006D0C: 7E440280
	v_mov_b32_e32 v35, 0                                       // 000000006D10: 7E460280
	v_mov_b32_e32 v36, 0                                       // 000000006D14: 7E480280
	v_mov_b32_e32 v37, 0                                       // 000000006D18: 7E4A0280
	s_mov_b32 s19, 0                                           // 000000006D1C: BE930080
	s_wait_alu 0xfffe                                          // 000000006D20: BF88FFFE
	s_cmp_ge_i32 s19, s18                                      // 000000006D24: BF031213
	s_cbranch_scc1 125                                         // 000000006D28: BFA2007D <gemv_mixed_moe_gate_up_k8_indexed_batched+0x5120>
	scratch_load_b32 v0, off, off                              // 000000006D2C: ED05007C 00000000 00000000
	s_mov_b32 s2, ttmp9                                        // 000000006D38: BE820075
	s_ashr_i32 s3, ttmp9, 31                                   // 000000006D3C: 86039F75
	s_ashr_i32 s5, s18, 31                                     // 000000006D40: 86059F12
	s_mov_b32 s4, s18                                          // 000000006D44: BE840012
	v_mov_b32_e32 v2, 0                                        // 000000006D48: 7E040280
	s_wait_alu 0xfffe                                          // 000000006D4C: BF88FFFE
	s_mul_u64 s[2:3], s[4:5], s[2:3]                           // 000000006D50: AA820204
	s_mov_b32 s5, 0                                            // 000000006D54: BE850080
	s_mov_b32 s4, s19                                          // 000000006D58: BE840013
	s_wait_alu 0xfffe                                          // 000000006D5C: BF88FFFE
	s_add_nc_u64 s[2:3], s[2:3], s[4:5]                        // 000000006D60: A9820402
	s_wait_alu 0xfffe                                          // 000000006D64: BF88FFFE
	s_mul_u64 s[2:3], s[2:3], 0xc8                             // 000000006D68: AA82FF02 000000C8
	s_wait_kmcnt 0x0                                           // 000000006D70: BFC70000
	s_wait_alu 0xfffe                                          // 000000006D74: BF88FFFE
	s_add_nc_u64 s[2:3], s[20:21], s[2:3]                      // 000000006D78: A9820214
	s_wait_loadcnt 0x0                                         // 000000006D7C: BFC00000
	v_lshlrev_b32_e32 v1, 3, v0                                // 000000006D80: 30020083
	s_delay_alu instid0(VALU_DEP_1)                            // 000000006D84: BF870001
	v_lshl_or_b32 v1, s19, 8, v1                               // 000000006D88: D6560001 04051013
	s_wait_alu 0xfffe                                          // 000000006D90: BF88FFFE
	v_mov_b32_e32 v4, s3                                       // 000000006D94: 7E080203
	v_add_co_u32 v5, s4, s2, v33                               // 000000006D98: D7000405 00024202
	v_mov_b32_e32 v3, s2                                       // 000000006DA0: 7E060202
	s_wait_alu 0xf1ff                                          // 000000006DA4: BF88F1FF
	v_add_co_ci_u32_e64 v6, null, s3, 0, s4                    // 000000006DA8: D5207C06 00110003
	v_mov_b32_e32 v13, 0                                       // 000000006DB0: 7E1A0280
	s_clause 0x2                                               // 000000006DB4: BF850002
	flat_load_b64 v[11:12], v[3:4]                             // 000000006DB8: EC05407C 0000000B 00000003
	flat_load_b32 v14, v[5:6] offset:8                         // 000000006DC4: EC05007C 0000000E 00000805
	flat_load_d16_b16 v13, v[5:6] offset:12                    // 000000006DD0: EC08007C 0000000D 00000C05
	v_lshlrev_b64_e32 v[3:4], 2, v[1:2]                        // 000000006DDC: 3E060282
	v_add_nc_u32_e32 v1, 0x100, v1                             // 000000006DE0: 4A0202FF 00000100
	s_add_co_i32 s19, s19, 1                                   // 000000006DE8: 81138113
	s_add_nc_u64 s[2:3], s[2:3], 0xc8                          // 000000006DEC: A982FF02 000000C8
	s_wait_alu 0xfffe                                          // 000000006DF4: BF88FFFE
	s_cmp_lt_i32 s19, s18                                      // 000000006DF8: BF041213
	v_add_co_u32 v7, vcc_lo, s16, v3                           // 000000006DFC: D7006A07 00020610
	s_wait_alu 0xfffd                                          // 000000006E04: BF88FFFD
	v_add_co_ci_u32_e64 v8, null, s17, v4, vcc_lo              // 000000006E08: D5207C08 01AA0811
	s_clause 0x1                                               // 000000006E10: BF850001
	global_load_b128 v[3:6], v[7:8], off                       // 000000006E14: EE05C07C 00000003 00000007
	global_load_b128 v[7:10], v[7:8], off offset:16            // 000000006E20: EE05C07C 00000007 00001007
	s_wait_loadcnt_dscnt 0x301                                 // 000000006E2C: BFC80301
	v_bfe_u32 v15, v14, 6, 6                                   // 000000006E30: D610000F 02190D0E
	v_and_b32_e32 v16, 63, v14                                 // 000000006E38: 36201CBF
	v_bfe_u32 v17, v14, 12, 6                                  // 000000006E3C: D6100011 0219190E
	v_bfe_u32 v18, v14, 18, 6                                  // 000000006E44: D6100012 0219250E
	s_delay_alu instid0(VALU_DEP_4) | instskip(NEXT) | instid1(VALU_DEP_4)// 000000006E4C: BF870214
	v_cvt_f32_ubyte0_e32 v15, v15                              // 000000006E50: 7E1E230F
	v_cvt_f32_ubyte0_e32 v16, v16                              // 000000006E54: 7E202310
	s_delay_alu instid0(VALU_DEP_4) | instskip(NEXT) | instid1(VALU_DEP_4)// 000000006E58: BF870214
	v_cvt_f32_ubyte0_e32 v17, v17                              // 000000006E5C: 7E222311
	v_cvt_f32_ubyte0_e32 v18, v18                              // 000000006E60: 7E242312
	s_delay_alu instid0(VALU_DEP_4) | instskip(NEXT) | instid1(VALU_DEP_4)// 000000006E64: BF870214
	v_fma_f32 v15, v11, v15, v12                               // 000000006E68: D613000F 04321F0B
	v_fma_f32 v16, v11, v16, v12                               // 000000006E70: D6130010 0432210B
	s_delay_alu instid0(VALU_DEP_4) | instskip(SKIP_1) | instid1(VALU_DEP_3)// 000000006E78: BF8701A4
	v_fma_f32 v17, v11, v17, v12                               // 000000006E7C: D6130011 0432230B
	s_wait_loadcnt 0x1                                         // 000000006E84: BFC00001
	v_mul_f32_e32 v4, v4, v15                                  // 000000006E88: 10081F04
	v_bfe_u32 v15, v14, 24, 6                                  // 000000006E8C: D610000F 0219310E
	s_wait_dscnt 0x0                                           // 000000006E94: BFC60000
	v_alignbit_b32 v14, v13, v14, 30                           // 000000006E98: D616000E 027A1D0D
	s_delay_alu instid0(VALU_DEP_3) | instskip(NEXT) | instid1(VALU_DEP_2)// 000000006EA0: BF870113
	v_fmac_f32_e32 v4, v16, v3                                 // 000000006EA4: 56080710
	v_and_b32_e32 v3, 63, v14                                  // 000000006EA8: 36061CBF
	v_cvt_f32_ubyte0_e32 v14, v15                              // 000000006EAC: 7E1C230F
	v_fma_f32 v15, v11, v18, v12                               // 000000006EB0: D613000F 0432250B
	s_delay_alu instid0(VALU_DEP_4) | instskip(SKIP_3) | instid1(VALU_DEP_4)// 000000006EB8: BF870244
	v_fmac_f32_e32 v4, v5, v17                                 // 000000006EBC: 56082305
	v_bfe_u32 v5, v13, 4, 6                                    // 000000006EC0: D6100005 0219090D
	v_cvt_f32_ubyte0_e32 v3, v3                                // 000000006EC8: 7E062303
	v_fma_f32 v14, v11, v14, v12                               // 000000006ECC: D613000E 04321D0B
	v_fmac_f32_e32 v4, v15, v6                                 // 000000006ED4: 56080D0F
	v_lshrrev_b32_e32 v6, 10, v13                              // 000000006ED8: 320C1A8A
	v_cvt_f32_ubyte0_e32 v5, v5                                // 000000006EDC: 7E0A2305
	v_fma_f32 v3, v11, v3, v12                                 // 000000006EE0: D6130003 0432070B
	s_wait_loadcnt 0x0                                         // 000000006EE8: BFC00000
	v_fmac_f32_e32 v4, v14, v7                                 // 000000006EEC: 56080F0E
	v_cvt_f32_ubyte0_e32 v6, v6                                // 000000006EF0: 7E0C2306
	v_fma_f32 v5, v11, v5, v12                                 // 000000006EF4: D6130005 04320B0B
	s_delay_alu instid0(VALU_DEP_3) | instskip(NEXT) | instid1(VALU_DEP_3)// 000000006EFC: BF870193
	v_fmac_f32_e32 v4, v3, v8                                  // 000000006F00: 56081103
	v_fmac_f32_e32 v12, v11, v6                                // 000000006F04: 56180D0B
	s_delay_alu instid0(VALU_DEP_2) | instskip(NEXT) | instid1(VALU_DEP_1)// 000000006F08: BF870092
	v_fmac_f32_e32 v4, v5, v9                                  // 000000006F0C: 56081305
	v_fmac_f32_e32 v4, v12, v10                                // 000000006F10: 5608150C
	s_delay_alu instid0(VALU_DEP_1)                            // 000000006F14: BF870001
	v_add_f32_e32 v34, v34, v4                                 // 000000006F18: 06440922
	s_cbranch_scc1 65436                                       // 000000006F1C: BFA2FF9C <gemv_mixed_moe_gate_up_k8_indexed_batched+0x4f90>
	s_delay_alu instid0(VALU_DEP_1) | instskip(SKIP_1) | instid1(VALU_DEP_1)// 000000006F20: BF8700A1
	v_add_f32_e32 v1, v35, v34                                 // 000000006F24: 06024523
	v_add_f32_e32 v2, v37, v36                                 // 000000006F28: 06044925
	v_add_f32_e32 v11, v2, v1                                  // 000000006F2C: 06160302
	v_mbcnt_lo_u32_b32 v0, -1, 0                               // 000000006F30: D71F0000 000100C1
	s_mov_b32 s13, 0                                           // 000000006F38: BE8D0080
	s_mov_b64 s[2:3], exec                                     // 000000006F3C: BE82017E
	s_delay_alu instid0(VALU_DEP_1) | instskip(NEXT) | instid1(VALU_DEP_1)// 000000006F40: BF870091
	v_mbcnt_hi_u32_b32 v0, -1, v0                              // 000000006F44: D7200000 000200C1
	v_and_b32_e32 v1, 63, v0                                   // 000000006F4C: 360200BF
	s_delay_alu instid0(VALU_DEP_1) | instskip(SKIP_3) | instid1(VALU_DEP_2)// 000000006F50: BF870141
	v_cmp_gt_u32_e32 vcc_lo, 48, v1                            // 000000006F54: 7C9802B0
	s_wait_alu 0xfffd                                          // 000000006F58: BF88FFFD
	v_cndmask_b32_e64 v2, 0, 16, vcc_lo                        // 000000006F5C: D5010002 01A92080
	v_cmp_gt_u32_e32 vcc_lo, 56, v1                            // 000000006F64: 7C9802B8
	v_add_lshl_u32 v2, v2, v0, 2                               // 000000006F68: D6470002 020A0102
	s_wait_alu 0xfffd                                          // 000000006F70: BF88FFFD
	v_cndmask_b32_e64 v3, 0, 8, vcc_lo                         // 000000006F74: D5010003 01A91080
	v_cmp_gt_u32_e32 vcc_lo, 60, v1                            // 000000006F7C: 7C9802BC
	ds_bpermute_b32 v2, v2, v11                                // 000000006F80: DACC0000 02000B02
	v_add_lshl_u32 v3, v3, v0, 2                               // 000000006F88: D6470003 020A0103
	s_wait_alu 0xfffd                                          // 000000006F90: BF88FFFD
	v_cndmask_b32_e64 v4, 0, 4, vcc_lo                         // 000000006F94: D5010004 01A90880
	v_cmp_gt_u32_e32 vcc_lo, 62, v1                            // 000000006F9C: 7C9802BE
	s_delay_alu instid0(VALU_DEP_2)                            // 000000006FA0: BF870002
	v_add_lshl_u32 v4, v4, v0, 2                               // 000000006FA4: D6470004 020A0104
	s_wait_dscnt 0x0                                           // 000000006FAC: BFC60000
	v_add_f32_e32 v2, v11, v2                                  // 000000006FB0: 0604050B
	ds_bpermute_b32 v3, v3, v2                                 // 000000006FB4: DACC0000 03000203
	s_wait_dscnt 0x0                                           // 000000006FBC: BFC60000
	v_add_f32_e32 v2, v2, v3                                   // 000000006FC0: 06040702
	ds_bpermute_b32 v3, v4, v2                                 // 000000006FC4: DACC0000 03000204
	s_wait_alu 0xfffd                                          // 000000006FCC: BF88FFFD
	v_cndmask_b32_e64 v4, 0, 2, vcc_lo                         // 000000006FD0: D5010004 01A90480
	v_cmp_ne_u32_e32 vcc_lo, 63, v1                            // 000000006FD8: 7C9A02BF
	s_delay_alu instid0(VALU_DEP_2) | instskip(SKIP_2) | instid1(VALU_DEP_1)// 000000006FDC: BF8700B2
	v_add_lshl_u32 v4, v4, v0, 2                               // 000000006FE0: D6470004 020A0104
	s_wait_alu 0xfffd                                          // 000000006FE8: BF88FFFD
	v_add_co_ci_u32_e64 v0, null, 0, v0, vcc_lo                // 000000006FEC: D5207C00 01AA0080
	v_lshlrev_b32_e32 v0, 2, v0                                // 000000006FF4: 30000082
	s_wait_dscnt 0x0                                           // 000000006FF8: BFC60000
	v_add_f32_e32 v2, v2, v3                                   // 000000006FFC: 06040702
	ds_bpermute_b32 v3, v4, v2                                 // 000000007000: DACC0000 03000204
	s_wait_dscnt 0x0                                           // 000000007008: BFC60000
	v_add_f32_e32 v1, v2, v3                                   // 00000000700C: 06020702
	ds_bpermute_b32 v2, v0, v1                                 // 000000007010: DACC0000 02000100
	scratch_load_b32 v0, off, off th:TH_LOAD_LU                // 000000007018: ED05007C 00300000 00000000
	s_wait_loadcnt 0x0                                         // 000000007024: BFC00000
	v_cmpx_eq_u32_e32 0, v0                                    // 000000007028: 7D940080
	s_cbranch_execz 33                                         // 00000000702C: BFA50021 <gemv_mixed_moe_gate_up_k8_indexed_batched+0x52b4>
	s_load_b128 s[0:3], s[0:1], 0x20                           // 000000007030: F4004000 F8000020
	s_ashr_i32 s7, s10, 31                                     // 000000007038: 86079F0A
	s_mov_b32 s6, s10                                          // 00000000703C: BE86000A
	s_ashr_i32 s4, s8, 1                                       // 000000007040: 86048108
	s_wait_alu 0xfffe                                          // 000000007044: BF88FFFE
	s_mul_u64 s[6:7], s[6:7], s[14:15]                         // 000000007048: AA860E06
	s_ashr_i32 s5, s4, 31                                      // 00000000704C: 86059F04
	s_wait_alu 0xfffe                                          // 000000007050: BF88FFFE
	s_add_nc_u64 s[6:7], s[6:7], s[12:13]                      // 000000007054: A9860C06
	s_ashr_i32 s8, ttmp9, 31                                   // 000000007058: 86089F75
	s_sub_co_i32 s10, ttmp9, s4                                // 00000000705C: 818A0475
	s_cmp_lt_i32 ttmp9, s4                                     // 000000007060: BF040475
	s_wait_alu 0xfffe                                          // 000000007064: BF88FFFE
	s_mul_u64 s[4:5], s[6:7], s[4:5]                           // 000000007068: AA840406
	s_cselect_b32 s9, s8, 0                                    // 00000000706C: 98098008
	s_cselect_b32 s8, ttmp9, s10                               // 000000007070: 98080A75
	s_wait_dscnt 0x0                                           // 000000007074: BFC60000
	v_add_f32_e32 v0, v1, v2                                   // 000000007078: 06000501
	v_mov_b32_e32 v1, 0                                        // 00000000707C: 7E020280
	s_wait_kmcnt 0x0                                           // 000000007080: BFC70000
	s_cselect_b32 s1, s1, s3                                   // 000000007084: 98010301
	s_cselect_b32 s0, s0, s2                                   // 000000007088: 98000200
	s_wait_alu 0xfffe                                          // 00000000708C: BF88FFFE
	s_lshl_b64 s[2:3], s[4:5], 2                               // 000000007090: 84828204
	s_wait_alu 0xfffe                                          // 000000007094: BF88FFFE
	s_add_nc_u64 s[0:1], s[0:1], s[2:3]                        // 000000007098: A9800200
	s_lshl_b64 s[2:3], s[8:9], 2                               // 00000000709C: 84828208
	s_wait_alu 0xfffe                                          // 0000000070A0: BF88FFFE
	s_add_nc_u64 s[0:1], s[0:1], s[2:3]                        // 0000000070A4: A9800200
	global_store_b32 v1, v0, s[0:1]                            // 0000000070A8: EE068000 00000000 00000001
	s_endpgm                                                   // 0000000070B4: BFB00000
	s_nop 0                                                    // 0000000070B8: BF800000
	s_nop 0                                                    // 0000000070BC: BF800000
	s_nop 0                                                    // 0000000070C0: BF800000
	s_nop 0                                                    // 0000000070C4: BF800000
	s_nop 0                                                    // 0000000070C8: BF800000
	s_nop 0                                                    // 0000000070CC: BF800000
	s_nop 0                                                    // 0000000070D0: BF800000
	s_nop 0                                                    // 0000000070D4: BF800000
	s_nop 0                                                    // 0000000070D8: BF800000
	s_nop 0                                                    // 0000000070DC: BF800000
	s_nop 0                                                    // 0000000070E0: BF800000
	s_nop 0                                                    // 0000000070E4: BF800000
	s_nop 0                                                    // 0000000070E8: BF800000
	s_nop 0                                                    // 0000000070EC: BF800000
	s_nop 0                                                    // 0000000070F0: BF800000
	s_nop 0                                                    // 0000000070F4: BF800000
	s_nop 0                                                    // 0000000070F8: BF800000
	s_nop 0                                                    // 0000000070FC: BF800000

0000000000007100 <gemv_mixed_moe_gate_up_swiglu_k8_indexed_batched_wave64_gfx12>:
	s_load_b96 s[12:14], s[0:1], 0x28                          // 000000007100: F400A300 F8000028
	s_wait_kmcnt 0x0                                           // 000000007108: BFC70000
	s_cmp_ge_i32 ttmp9, s12                                    // 00000000710C: BF030C75
	s_cbranch_scc1 1363                                        // 000000007110: BFA20553 <gemv_mixed_moe_gate_up_swiglu_k8_indexed_batched_wave64_gfx12+0x1560>
	s_load_b256 s[4:11], s[0:1], 0x0                           // 000000007114: F4006100 F8000000
	s_lshr_b32 s18, ttmp7, 16                                  // 00000000711C: 85129073
	s_and_b32 s16, ttmp7, 0xffff                               // 000000007120: 8B10FF73 0000FFFF
	s_mul_i32 s3, s14, s18                                     // 000000007128: 9603120E
	v_mov_b32_e32 v1, 0                                        // 00000000712C: 7E020280
	s_add_co_i32 s20, s3, s16                                  // 000000007130: 81141003
	v_lshrrev_b32_e32 v2, 5, v0                                // 000000007134: 32040085
	s_ashr_i32 s21, s20, 31                                    // 000000007138: 86159F14
	s_mov_b32 s2, ttmp9                                        // 00000000713C: BE820075
	s_lshl_b64 s[20:21], s[20:21], 2                           // 000000007140: 84948214
	s_mov_b32 s19, 0                                           // 000000007144: BE930080
	v_mad_co_u64_u32 v[5:6], null, s12, v2, s[2:3]             // 000000007148: D6FE7C05 000A040C
	s_ashr_i32 s3, s13, 31                                     // 000000007150: 86039F0D
	s_mov_b32 s2, s13                                          // 000000007154: BE82000D
	v_and_b32_e32 v19, 31, v0                                  // 000000007158: 3626009F
	s_wait_kmcnt 0x0                                           // 00000000715C: BFC70000
	s_add_nc_u64 s[8:9], s[8:9], s[20:21]                      // 000000007160: A9881408
	s_load_b32 s8, s[8:9], 0x0                                 // 000000007164: F4000204 F8000000
	s_wait_kmcnt 0x0                                           // 00000000716C: BFC70000
	s_ashr_i32 s9, s8, 31                                      // 000000007170: 86099F08
	s_delay_alu instid0(SALU_CYCLE_1) | instskip(SKIP_2) | instid1(SALU_CYCLE_1)// 000000007174: BF8704B9
	s_add_nc_u64 s[6:7], s[6:7], s[8:9]                        // 000000007178: A9860806
	global_load_u8 v1, v1, s[6:7]                              // 00000000717C: EE040006 00000001 00000001
	s_lshl_b64 s[6:7], s[8:9], 3                               // 000000007188: 84868308
	s_add_nc_u64 s[4:5], s[4:5], s[6:7]                        // 00000000718C: A9840604
	s_mul_u64 s[6:7], s[2:3], s[18:19]                         // 000000007190: AA861202
	s_load_b64 s[4:5], s[4:5], 0x0                             // 000000007194: F4002102 F8000000
	s_lshr_b32 s2, s3, 24                                      // 00000000719C: 85029803
	s_wait_alu 0xfffe                                          // 0000000071A0: BF88FFFE
	s_add_co_i32 s2, s13, s2                                   // 0000000071A4: 8102020D
	s_wait_alu 0xfffe                                          // 0000000071A8: BF88FFFE
	s_ashr_i32 s15, s2, 8                                      // 0000000071AC: 860F8802
	s_wait_loadcnt 0x0                                         // 0000000071B0: BFC00000
	v_and_b32_e32 v3, 0xffff, v1                               // 0000000071B4: 360602FF 0000FFFF
	v_readfirstlane_b32 s17, v1                                // 0000000071BC: 7E220501
	s_delay_alu instid0(VALU_DEP_2)                            // 0000000071C0: BF870002
	v_cmp_gt_i32_e32 vcc_lo, 2, v3                             // 0000000071C4: 7C880682
	s_cbranch_vccnz 170                                        // 0000000071C8: BFA400AA <gemv_mixed_moe_gate_up_swiglu_k8_indexed_batched_wave64_gfx12+0x374>
	s_and_b32 s2, 0xffff, s17                                  // 0000000071CC: 8B0211FF 0000FFFF
	s_wait_alu 0xfffe                                          // 0000000071D4: BF88FFFE
	s_cmp_gt_i32 s2, 2                                         // 0000000071D8: BF028202
	s_cbranch_scc0 168                                         // 0000000071DC: BFA100A8 <gemv_mixed_moe_gate_up_swiglu_k8_indexed_batched_wave64_gfx12+0x380>
	v_mov_b32_e32 v18, 0                                       // 0000000071E0: 7E240280
	s_cmp_eq_u32 s2, 3                                         // 0000000071E4: BF068302
	s_cbranch_scc0 171                                         // 0000000071E8: BFA100AB <gemv_mixed_moe_gate_up_swiglu_k8_indexed_batched_wave64_gfx12+0x398>
	v_mov_b32_e32 v18, 0                                       // 0000000071EC: 7E240280
	s_cmp_lt_i32 s13, 0x100                                    // 0000000071F0: BF04FF0D 00000100
	s_cbranch_scc1 167                                         // 0000000071F8: BFA200A7 <gemv_mixed_moe_gate_up_swiglu_k8_indexed_batched_wave64_gfx12+0x398>
	v_mul_u32_u24_e32 v1, 3, v19                               // 0000000071FC: 16022683
	v_mov_b32_e32 v2, 0                                        // 000000007200: 7E040280
	v_ashrrev_i32_e32 v6, 31, v5                               // 000000007204: 340C0A9F
	s_mul_i32 s2, s15, 0x70                                    // 000000007208: 9602FF0F 00000070
	v_lshlrev_b32_e32 v10, 2, v19                              // 000000007210: 30142682
	v_and_b32_e32 v8, 32, v0                                   // 000000007214: 361000A0
	s_wait_alu 0xfffe                                          // 000000007218: BF88FFFE
	v_mad_co_u64_u32 v[3:4], null, s2, v5, v[1:2]              // 00000000721C: D6FE7C03 04060A02
	v_mul_lo_u32 v9, s2, v6                                    // 000000007224: D72C0009 00020C02
	v_lshlrev_b32_e32 v1, 1, v19                               // 00000000722C: 30022681
	v_lshlrev_b32_e32 v11, 3, v19                              // 000000007230: 30162683
	v_cmp_gt_u32_e32 vcc_lo, 8, v19                            // 000000007234: 7C982688
	v_mov_b32_e32 v18, v2                                      // 000000007238: 7E240302
	s_lshl_b64 s[8:9], s[6:7], 2                               // 00000000723C: 84888206
	v_mad_co_u64_u32 v[6:7], null, s2, v5, v[1:2]              // 000000007240: D6FE7C06 04060A02
	v_add_nc_u32_e32 v1, v9, v4                                // 000000007248: 4A020909
	s_wait_kmcnt 0x0                                           // 00000000724C: BFC70000
	v_add_co_u32 v3, s2, s4, v3                                // 000000007250: D7000203 00020604
	s_add_nc_u64 s[8:9], s[10:11], s[8:9]                      // 000000007258: A988080A
	s_mov_b32 s20, s15                                         // 00000000725C: BE94000F
	s_wait_alu 0xf1ff                                          // 000000007260: BF88F1FF
	v_add_co_ci_u32_e64 v1, null, s5, v1, s2                   // 000000007264: D5207C01 000A0205
	v_add_nc_u32_e32 v7, v9, v7                                // 00000000726C: 4A0E0F09
	v_add_co_u32 v3, s2, v3, 16                                // 000000007270: D7000203 00012103
	s_wait_alu 0xf1ff                                          // 000000007278: BF88F1FF
	s_delay_alu instid0(VALU_DEP_3)                            // 00000000727C: BF870003
	v_add_co_ci_u32_e64 v4, null, 0, v1, s2                    // 000000007280: D5207C04 000A0280
	v_add_co_u32 v6, s2, s4, v6                                // 000000007288: D7000206 00020C04
	s_wait_alu 0xf1ff                                          // 000000007290: BF88F1FF
	v_add_co_ci_u32_e64 v7, null, s5, v7, s2                   // 000000007294: D5207C07 000A0E05
	v_add_nc_u32_e32 v9, v10, v8                               // 00000000729C: 4A12110A
	v_mov_b32_e32 v1, v11                                      // 0000000072A0: 7E02030B
	s_branch 105                                               // 0000000072A4: BFA00069 <gemv_mixed_moe_gate_up_swiglu_k8_indexed_batched_wave64_gfx12+0x34c>
	s_wait_alu 0xfffe                                          // 0000000072A8: BF88FFFE
	s_or_b64 exec, exec, s[2:3]                                // 0000000072AC: 8CFE027E
	s_wait_dscnt 0x0                                           // 0000000072B0: BFC60000
	global_inv scope:SCOPE_SE                                  // 0000000072B4: EE0AC07C 00040000 00000000
	s_clause 0x1                                               // 0000000072C0: BF850001
	flat_load_u16 v20, v[3:4]                                  // 0000000072C4: EC04807C 00000014 00000003
	flat_load_u8 v21, v[3:4] offset:2                          // 0000000072D0: EC04007C 00000015 00000203
	v_lshlrev_b64_e32 v[10:11], 2, v[1:2]                      // 0000000072DC: 3E140282
	v_add_nc_u32_e32 v1, 0x100, v1                             // 0000000072E0: 4A0202FF 00000100
	s_add_co_i32 s20, s20, -1                                  // 0000000072E8: 8114C114
	s_delay_alu instid0(SALU_CYCLE_1) | instskip(NEXT) | instid1(VALU_DEP_2)// 0000000072EC: BF870119
	s_cmp_lg_u32 s20, 0                                        // 0000000072F0: BF078014
	v_add_co_u32 v14, s2, s8, v10                              // 0000000072F4: D700020E 00021408
	s_wait_alu 0xf1ff                                          // 0000000072FC: BF88F1FF
	v_add_co_ci_u32_e64 v15, null, s9, v11, s2                 // 000000007300: D5207C0F 000A1609
	s_clause 0x1                                               // 000000007308: BF850001
	global_load_b128 v[10:13], v[14:15], off                   // 00000000730C: EE05C07C 0000000A 0000000E
	global_load_b128 v[14:17], v[14:15], off offset:16         // 000000007318: EE05C07C 0000000E 0000100E
	v_add_co_u32 v3, s2, 0x70, v3                              // 000000007324: D7000203 000206FF 00000070
	s_wait_alu 0xf1ff                                          // 000000007330: BF88F1FF
	v_add_co_ci_u32_e64 v4, null, 0, v4, s2                    // 000000007334: D5207C04 000A0880
	v_add_co_u32 v6, s2, 0x70, v6                              // 00000000733C: D7000206 00020CFF 00000070
	s_wait_alu 0xf1ff                                          // 000000007348: BF88F1FF
	v_add_co_ci_u32_e64 v7, null, 0, v7, s2                    // 00000000734C: D5207C07 000A0E80
	s_wait_loadcnt_dscnt 0x301                                 // 000000007354: BFC80301
	v_lshrrev_b32_e32 v22, 1, v20                              // 000000007358: 322C2881
	v_and_b32_e32 v23, 7, v20                                  // 00000000735C: 362E2887
	v_lshrrev_b32_e32 v25, 4, v20                              // 000000007360: 32322884
	s_wait_loadcnt_dscnt 0x200                                 // 000000007364: BFC80200
	v_perm_b32 v24, v21, v20, 0x504010c                        // 000000007368: D6440018 03FE2915 0504010C
	v_lshrrev_b32_e32 v26, 7, v20                              // 000000007374: 32342887
	v_and_b32_e32 v22, 28, v22                                 // 000000007378: 362C2C9C
	v_lshl_add_u32 v23, v23, 2, v8                             // 00000000737C: D6460017 04210517
	v_and_b32_e32 v25, 28, v25                                 // 000000007384: 3632329C
	v_lshrrev_b32_e32 v20, 10, v20                             // 000000007388: 3228288A
	v_lshrrev_b32_e32 v24, 13, v24                             // 00000000738C: 3230308D
	v_add_nc_u32_e32 v22, v8, v22                              // 000000007390: 4A2C2D08
	v_and_b32_e32 v27, 28, v21                                 // 000000007394: 36362A9C
	ds_load_b32 v23, v23                                       // 000000007398: D8D80000 17000017
	ds_load_b32 v22, v22                                       // 0000000073A0: D8D80000 16000016
	v_add_nc_u32_e32 v25, v8, v25                              // 0000000073A8: 4A323308
	v_lshrrev_b32_e32 v21, 3, v21                              // 0000000073AC: 322A2A83
	v_and_b32_e32 v26, 28, v26                                 // 0000000073B0: 3634349C
	v_and_b32_e32 v20, 28, v20                                 // 0000000073B4: 3628289C
	v_and_b32_e32 v24, 28, v24                                 // 0000000073B8: 3630309C
	ds_load_b32 v25, v25                                       // 0000000073BC: D8D80000 19000019
	v_and_b32_e32 v21, 28, v21                                 // 0000000073C4: 362A2A9C
	v_add_nc_u32_e32 v26, v8, v26                              // 0000000073C8: 4A343508
	v_add_nc_u32_e32 v20, v8, v20                              // 0000000073CC: 4A282908
	v_add_nc_u32_e32 v24, v8, v24                              // 0000000073D0: 4A303108
	v_add_nc_u32_e32 v27, v8, v27                              // 0000000073D4: 4A363708
	v_add_nc_u32_e32 v21, v8, v21                              // 0000000073D8: 4A2A2B08
	ds_load_b32 v26, v26                                       // 0000000073DC: D8D80000 1A00001A
	ds_load_b32 v20, v20                                       // 0000000073E4: D8D80000 14000014
	ds_load_b32 v24, v24                                       // 0000000073EC: D8D80000 18000018
	ds_load_b32 v27, v27                                       // 0000000073F4: D8D80000 1B00001B
	ds_load_b32 v21, v21                                       // 0000000073FC: D8D80000 15000015
	s_wait_loadcnt_dscnt 0x0                                   // 000000007404: BFC80000
	global_inv scope:SCOPE_SE                                  // 000000007408: EE0AC07C 00040000 00000000
	v_mul_f32_e32 v11, v11, v22                                // 000000007414: 10162D0B
	s_delay_alu instid0(VALU_DEP_1) | instskip(NEXT) | instid1(VALU_DEP_1)// 000000007418: BF870091
	v_fmac_f32_e32 v11, v10, v23                               // 00000000741C: 56162F0A
	v_fmac_f32_e32 v11, v12, v25                               // 000000007420: 5616330C
	s_delay_alu instid0(VALU_DEP_1) | instskip(NEXT) | instid1(VALU_DEP_1)// 000000007424: BF870091
	v_fmac_f32_e32 v11, v13, v26                               // 000000007428: 5616350D
	v_fmac_f32_e32 v11, v14, v20                               // 00000000742C: 5616290E
	s_delay_alu instid0(VALU_DEP_1) | instskip(NEXT) | instid1(VALU_DEP_1)// 000000007430: BF870091
	v_fmac_f32_e32 v11, v15, v24                               // 000000007434: 5616310F
	v_fmac_f32_e32 v11, v16, v27                               // 000000007438: 56163710
	s_delay_alu instid0(VALU_DEP_1) | instskip(NEXT) | instid1(VALU_DEP_1)// 00000000743C: BF870091
	v_fmac_f32_e32 v11, v17, v21                               // 000000007440: 56162B11
	v_add_f32_e32 v18, v18, v11                                // 000000007444: 06241712
	s_cbranch_scc0 19                                          // 000000007448: BFA10013 <gemv_mixed_moe_gate_up_swiglu_k8_indexed_batched_wave64_gfx12+0x398>
	s_and_saveexec_b64 s[2:3], vcc                             // 00000000744C: BE82216A
	s_cbranch_execz 65429                                      // 000000007450: BFA5FF95 <gemv_mixed_moe_gate_up_swiglu_k8_indexed_batched_wave64_gfx12+0x1a8>
	flat_load_u16 v10, v[6:7]                                  // 000000007454: EC04807C 0000000A 00000006
	s_wait_loadcnt_dscnt 0x0                                   // 000000007460: BFC80000
	v_cvt_f32_f16_e32 v10, v10                                 // 000000007464: 7E14170A
	ds_store_b32 v9, v10                                       // 000000007468: D8340000 00000A09
	s_branch 65421                                             // 000000007470: BFA0FF8D <gemv_mixed_moe_gate_up_swiglu_k8_indexed_batched_wave64_gfx12+0x1a8>
	s_mov_b64 s[2:3], -1                                       // 000000007474: BE8201C1
	s_mov_b64 s[8:9], 0                                        // 000000007478: BE880180
	s_branch 488                                               // 00000000747C: BFA001E8 <gemv_mixed_moe_gate_up_swiglu_k8_indexed_batched_wave64_gfx12+0xb20>
	s_mov_b64 s[8:9], -1                                       // 000000007480: BE8801C1
	s_mov_b64 s[2:3], 0                                        // 000000007484: BE820180
	s_and_not1_b64 vcc, exec, s[8:9]                           // 000000007488: 91EA087E
	s_mov_b64 s[8:9], 0                                        // 00000000748C: BE880180
	s_cbranch_vccnz 483                                        // 000000007490: BFA401E3 <gemv_mixed_moe_gate_up_swiglu_k8_indexed_batched_wave64_gfx12+0xb20>
	s_branch 6                                                 // 000000007494: BFA00006 <gemv_mixed_moe_gate_up_swiglu_k8_indexed_batched_wave64_gfx12+0x3b0>
	s_mov_b64 s[8:9], 0                                        // 000000007498: BE880180
	s_mov_b64 s[2:3], 0                                        // 00000000749C: BE820180
	s_wait_alu 0xfffe                                          // 0000000074A0: BF88FFFE
	s_and_not1_b64 vcc, exec, s[8:9]                           // 0000000074A4: 91EA087E
	s_mov_b64 s[8:9], 0                                        // 0000000074A8: BE880180
	s_cbranch_vccnz 476                                        // 0000000074AC: BFA401DC <gemv_mixed_moe_gate_up_swiglu_k8_indexed_batched_wave64_gfx12+0xb20>
	v_lshlrev_b32_e32 v16, 2, v19                              // 0000000074B0: 30202682
	s_cmp_lt_i32 s13, 0x400                                    // 0000000074B4: BF04FF0D 00000400
	s_cbranch_scc1 333                                         // 0000000074BC: BFA2014D <gemv_mixed_moe_gate_up_swiglu_k8_indexed_batched_wave64_gfx12+0x8f4>
	v_mad_co_u64_u32 v[1:2], null, v5, s15, 0                  // 0000000074C0: D6FE7C01 02001F05
	v_lshlrev_b32_e32 v3, 5, v19                               // 0000000074C8: 30062685
	s_lshl_b64 s[8:9], s[6:7], 2                               // 0000000074CC: 84888206
	v_mov_b32_e32 v18, 0                                       // 0000000074D0: 7E240280
	s_wait_alu 0xfffe                                          // 0000000074D4: BF88FFFE
	s_add_nc_u64 s[8:9], s[10:11], s[8:9]                      // 0000000074D8: A988080A
	v_mov_b32_e32 v20, 0                                       // 0000000074DC: 7E280280
	v_mov_b32_e32 v21, 0                                       // 0000000074E0: 7E2A0280
	s_wait_kmcnt 0x0                                           // 0000000074E4: BFC70000
	v_mad_co_u64_u32 v[6:7], null, 0x88, v1, s[4:5]            // 0000000074E8: D6FE7C06 001202FF 00000088
	v_ashrrev_i32_e32 v1, 31, v5                               // 0000000074F4: 34020A9F
	v_mov_b32_e32 v22, 0                                       // 0000000074F8: 7E2C0280
	s_delay_alu instid0(VALU_DEP_2) | instskip(NEXT) | instid1(VALU_DEP_4)// 0000000074FC: BF870212
	v_mad_i32_i24 v2, v1, s15, v2                              // 000000007500: D60A0002 04081F01
	v_mov_b32_e32 v1, v7                                       // 000000007508: 7E020307
	s_delay_alu instid0(VALU_DEP_1) | instskip(SKIP_2) | instid1(VALU_DEP_1)// 00000000750C: BF8700B1
	v_mad_co_u64_u32 v[1:2], null, 0x88, v2, v[1:2]            // 000000007510: D6FE7C01 040604FF 00000088
	s_wait_alu 0xfffe                                          // 00000000751C: BF88FFFE
	v_add_co_u32 v2, s20, s8, v3                               // 000000007520: D7001402 00020608
	v_add_co_ci_u32_e64 v3, null, s9, 0, s20                   // 000000007528: D5207C03 00510009
	s_mov_b32 s8, 0                                            // 000000007530: BE880080
	v_add_co_u32 v8, vcc_lo, 0x800, v2                         // 000000007534: D7006A08 000204FF 00000800
	s_delay_alu instid0(VALU_DEP_1)                            // 000000007540: BF870001
	v_add_co_ci_u32_e64 v9, null, 0, v3, vcc_lo                // 000000007544: D5207C09 01AA0680
	v_mov_b32_e32 v7, v1                                       // 00000000754C: 7E0E0301
	v_add_co_u32 v39, vcc_lo, v6, v16                          // 000000007550: D7006A27 00022106
	s_wait_alu 0xfffd                                          // 000000007558: BF88FFFD
	s_delay_alu instid0(VALU_DEP_2)                            // 00000000755C: BF870002
	v_add_co_ci_u32_e64 v40, null, 0, v7, vcc_lo               // 000000007560: D5207C28 01AA0E80
	s_clause 0x3                                               // 000000007568: BF850003
	global_load_b128 v[1:4], v[8:9], off offset:-2032          // 00000000756C: EE05C07C 00000001 FFF81008
	global_load_b128 v[23:26], v[8:9], off offset:-2048        // 000000007578: EE05C07C 00000017 FFF80008
	global_load_b128 v[27:30], v[8:9], off offset:-1024        // 000000007584: EE05C07C 0000001B FFFC0008
	global_load_b128 v[31:34], v[8:9], off                     // 000000007590: EE05C07C 0000001F 00000008
	s_clause 0x3                                               // 00000000759C: BF850003
	flat_load_b64 v[10:11], v[6:7]                             // 0000000075A0: EC05407C 0000000A 00000006
	flat_load_b64 v[12:13], v[6:7] offset:136                  // 0000000075AC: EC05407C 0000000C 00008806
	flat_load_b64 v[14:15], v[6:7] offset:272                  // 0000000075B8: EC05407C 0000000E 00011006
	flat_load_b64 v[41:42], v[6:7] offset:408                  // 0000000075C4: EC05407C 00000029 00019806
	global_load_b128 v[35:38], v[8:9], off offset:1024         // 0000000075D0: EE05C07C 00000023 00040008
	s_clause 0x3                                               // 0000000075DC: BF850003
	flat_load_b32 v17, v[39:40] offset:8                       // 0000000075E0: EC05007C 00000011 00000827
	flat_load_b32 v43, v[39:40] offset:144                     // 0000000075EC: EC05007C 0000002B 00009027
	flat_load_b32 v44, v[39:40] offset:280                     // 0000000075F8: EC05007C 0000002C 00011827
	flat_load_b32 v39, v[39:40] offset:416                     // 000000007604: EC05007C 00000027 0001A027
	v_add_co_u32 v6, vcc_lo, 0x220, v6                         // 000000007610: D7006A06 00020CFF 00000220
	s_wait_alu 0xfffd                                          // 00000000761C: BF88FFFD
	v_add_co_ci_u32_e64 v7, null, 0, v7, vcc_lo                // 000000007620: D5207C07 01AA0E80
	s_wait_alu 0xfffe                                          // 000000007628: BF88FFFE
	s_add_co_i32 s9, s8, 7                                     // 00000000762C: 81098708
	s_add_co_i32 s8, s8, 4                                     // 000000007630: 81088408
	s_wait_alu 0xfffe                                          // 000000007634: BF88FFFE
	s_cmp_ge_i32 s9, s15                                       // 000000007638: BF030F09
	s_wait_loadcnt_dscnt 0x303                                 // 00000000763C: BFC80303
	v_bfe_u32 v40, v17, 4, 4                                   // 000000007640: D6100028 02110911
	v_and_b32_e32 v45, 15, v17                                 // 000000007648: 365A228F
	v_bfe_u32 v46, v17, 8, 4                                   // 00000000764C: D610002E 02111111
	s_delay_alu instid0(VALU_DEP_3) | instskip(NEXT) | instid1(VALU_DEP_3)// 000000007654: BF870193
	v_cvt_f32_ubyte0_e32 v40, v40                              // 000000007658: 7E502328
	v_cvt_f32_ubyte0_e32 v45, v45                              // 00000000765C: 7E5A232D
	s_delay_alu instid0(VALU_DEP_2) | instskip(NEXT) | instid1(VALU_DEP_2)// 000000007660: BF870112
	v_fma_f32 v40, v10, v40, v11                               // 000000007664: D6130028 042E510A
	v_fma_f32 v45, v10, v45, v11                               // 00000000766C: D613002D 042E5B0A
	s_delay_alu instid0(VALU_DEP_2) | instskip(SKIP_3) | instid1(VALU_DEP_3)// 000000007674: BF8701C2
	v_mul_f32_e32 v40, v24, v40                                // 000000007678: 10505118
	v_cvt_f32_ubyte0_e32 v24, v46                              // 00000000767C: 7E30232E
	s_wait_loadcnt_dscnt 0x202                                 // 000000007680: BFC80202
	v_and_b32_e32 v46, 15, v43                                 // 000000007684: 365C568F
	v_fmac_f32_e32 v40, v23, v45                               // 000000007688: 56505B17
	v_bfe_u32 v45, v43, 4, 4                                   // 00000000768C: D610002D 0211092B
	s_delay_alu instid0(VALU_DEP_3) | instskip(SKIP_2) | instid1(VALU_DEP_4)// 000000007694: BF870233
	v_cvt_f32_ubyte0_e32 v46, v46                              // 000000007698: 7E5C232E
	v_bfe_u32 v23, v17, 12, 4                                  // 00000000769C: D6100017 02111911
	v_fma_f32 v24, v10, v24, v11                               // 0000000076A4: D6130018 042E310A
	v_cvt_f32_ubyte0_e32 v45, v45                              // 0000000076AC: 7E5A232D
	s_delay_alu instid0(VALU_DEP_4) | instskip(NEXT) | instid1(VALU_DEP_4)// 0000000076B0: BF870214
	v_fma_f32 v46, v12, v46, v13                               // 0000000076B4: D613002E 04365D0C
	v_cvt_f32_ubyte0_e32 v23, v23                              // 0000000076BC: 7E2E2317
	s_delay_alu instid0(VALU_DEP_4) | instskip(NEXT) | instid1(VALU_DEP_4)// 0000000076C0: BF870214
	v_fmac_f32_e32 v40, v25, v24                               // 0000000076C4: 56503119
	v_fma_f32 v45, v12, v45, v13                               // 0000000076C8: D613002D 04365B0C
	s_delay_alu instid0(VALU_DEP_3) | instskip(NEXT) | instid1(VALU_DEP_2)// 0000000076D0: BF870113
	v_fma_f32 v23, v10, v23, v11                               // 0000000076D4: D6130017 042E2F0A
	v_mul_f32_e32 v45, v28, v45                                // 0000000076DC: 105A5B1C
	v_bfe_u32 v28, v17, 16, 4                                  // 0000000076E0: D610001C 02112111
	s_delay_alu instid0(VALU_DEP_3)                            // 0000000076E8: BF870003
	v_fmac_f32_e32 v40, v26, v23                               // 0000000076EC: 56502F1A
	global_load_b128 v[23:26], v[8:9], off offset:-1008        // 0000000076F0: EE05C07C 00000017 FFFC1008
	v_fmac_f32_e32 v45, v27, v46                               // 0000000076FC: 565A5D1B
	v_bfe_u32 v27, v43, 8, 4                                   // 000000007700: D610001B 0211112B
	s_wait_loadcnt_dscnt 0x201                                 // 000000007708: BFC80201
	v_bfe_u32 v46, v44, 8, 4                                   // 00000000770C: D610002E 0211112C
	v_cvt_f32_ubyte0_e32 v28, v28                              // 000000007714: 7E38231C
	s_delay_alu instid0(VALU_DEP_3) | instskip(NEXT) | instid1(VALU_DEP_2)// 000000007718: BF870113
	v_cvt_f32_ubyte0_e32 v27, v27                              // 00000000771C: 7E36231B
	v_fma_f32 v28, v10, v28, v11                               // 000000007720: D613001C 042E390A
	s_delay_alu instid0(VALU_DEP_2) | instskip(NEXT) | instid1(VALU_DEP_2)// 000000007728: BF870112
	v_fma_f32 v27, v12, v27, v13                               // 00000000772C: D613001B 0436370C
	v_fmac_f32_e32 v40, v28, v1                                // 000000007734: 5650031C
	s_delay_alu instid0(VALU_DEP_2) | instskip(SKIP_2) | instid1(VALU_DEP_2)// 000000007738: BF870132
	v_fmac_f32_e32 v45, v29, v27                               // 00000000773C: 565A371D
	v_bfe_u32 v27, v43, 12, 4                                  // 000000007740: D610001B 0211192B
	v_bfe_u32 v29, v17, 20, 4                                  // 000000007748: D610001D 02112911
	v_cvt_f32_ubyte0_e32 v27, v27                              // 000000007750: 7E36231B
	s_delay_alu instid0(VALU_DEP_2) | instskip(NEXT) | instid1(VALU_DEP_2)// 000000007754: BF870112
	v_cvt_f32_ubyte0_e32 v29, v29                              // 000000007758: 7E3A231D
	v_fma_f32 v27, v12, v27, v13                               // 00000000775C: D613001B 0436370C
	s_delay_alu instid0(VALU_DEP_1) | instskip(SKIP_2) | instid1(VALU_DEP_2)// 000000007764: BF870131
	v_fmac_f32_e32 v45, v30, v27                               // 000000007768: 565A371E
	v_bfe_u32 v27, v44, 4, 4                                   // 00000000776C: D610001B 0211092C
	v_and_b32_e32 v30, 15, v44                                 // 000000007774: 363C588F
	v_cvt_f32_ubyte0_e32 v27, v27                              // 000000007778: 7E36231B
	s_delay_alu instid0(VALU_DEP_2) | instskip(NEXT) | instid1(VALU_DEP_2)// 00000000777C: BF870112
	v_cvt_f32_ubyte0_e32 v30, v30                              // 000000007780: 7E3C231E
	v_fma_f32 v27, v14, v27, v15                               // 000000007784: D613001B 043E370E
	s_delay_alu instid0(VALU_DEP_2) | instskip(NEXT) | instid1(VALU_DEP_2)// 00000000778C: BF870112
	v_fma_f32 v30, v14, v30, v15                               // 000000007790: D613001E 043E3D0E
	v_mul_f32_e32 v47, v32, v27                                // 000000007798: 105E3720
	v_bfe_u32 v27, v44, 12, 4                                  // 00000000779C: D610001B 0211192C
	v_bfe_u32 v32, v43, 20, 4                                  // 0000000077A4: D6100020 0211292B
	s_delay_alu instid0(VALU_DEP_3) | instskip(SKIP_1) | instid1(VALU_DEP_4)// 0000000077AC: BF870223
	v_fmac_f32_e32 v47, v31, v30                               // 0000000077B0: 565E3D1F
	v_cvt_f32_ubyte0_e32 v30, v46                              // 0000000077B4: 7E3C232E
	v_cvt_f32_ubyte0_e32 v27, v27                              // 0000000077B8: 7E36231B
	v_bfe_u32 v31, v43, 16, 4                                  // 0000000077BC: D610001F 0211212B
	v_fma_f32 v46, v10, v29, v11                               // 0000000077C4: D613002E 042E3B0A
	s_delay_alu instid0(VALU_DEP_4) | instskip(NEXT) | instid1(VALU_DEP_4)// 0000000077CC: BF870214
	v_fma_f32 v30, v14, v30, v15                               // 0000000077D0: D613001E 043E3D0E
	v_fma_f32 v27, v14, v27, v15                               // 0000000077D8: D613001B 043E370E
	s_delay_alu instid0(VALU_DEP_4) | instskip(NEXT) | instid1(VALU_DEP_4)// 0000000077E0: BF870214
	v_cvt_f32_ubyte0_e32 v29, v31                              // 0000000077E4: 7E3A231F
	v_fmac_f32_e32 v40, v46, v2                                // 0000000077E8: 5650052E
	s_delay_alu instid0(VALU_DEP_4)                            // 0000000077EC: BF870004
	v_fmac_f32_e32 v47, v33, v30                               // 0000000077F0: 565E3D21
	s_wait_loadcnt_dscnt 0x100                                 // 0000000077F4: BFC80100
	v_and_b32_e32 v33, 15, v39                                 // 0000000077F8: 36424E8F
	v_bfe_u32 v30, v17, 24, 4                                  // 0000000077FC: D610001E 02113111
	v_lshrrev_b32_e32 v17, 28, v17                             // 000000007804: 3222229C
	v_fmac_f32_e32 v47, v34, v27                               // 000000007808: 565E3722
	v_bfe_u32 v27, v39, 4, 4                                   // 00000000780C: D610001B 02110927
	v_cvt_f32_ubyte0_e32 v33, v33                              // 000000007814: 7E422321
	v_bfe_u32 v34, v39, 8, 4                                   // 000000007818: D6100022 02111127
	v_cvt_f32_ubyte0_e32 v30, v30                              // 000000007820: 7E3C231E
	v_cvt_f32_ubyte0_e32 v17, v17                              // 000000007824: 7E222311
	v_cvt_f32_ubyte0_e32 v27, v27                              // 000000007828: 7E36231B
	v_fma_f32 v33, v41, v33, v42                               // 00000000782C: D6130021 04AA4329
	s_delay_alu instid0(VALU_DEP_4) | instskip(SKIP_1) | instid1(VALU_DEP_4)// 000000007834: BF870224
	v_fma_f32 v48, v10, v30, v11                               // 000000007838: D6130030 042E3D0A
	v_cvt_f32_ubyte0_e32 v30, v32                              // 000000007840: 7E3C2320
	v_fma_f32 v27, v41, v27, v42                               // 000000007844: D613001B 04AA3729
	v_fmac_f32_e32 v11, v10, v17                               // 00000000784C: 5616230A
	v_bfe_u32 v10, v39, 24, 4                                  // 000000007850: D610000A 02113127
	v_lshrrev_b32_e32 v17, 28, v39                             // 000000007858: 32224E9C
	v_fmac_f32_e32 v40, v48, v3                                // 00000000785C: 56500730
	v_mul_f32_e32 v36, v36, v27                                // 000000007860: 10483724
	v_bfe_u32 v27, v39, 12, 4                                  // 000000007864: D610001B 02111927
	v_cvt_f32_ubyte0_e32 v10, v10                              // 00000000786C: 7E14230A
	v_cvt_f32_ubyte0_e32 v17, v17                              // 000000007870: 7E222311
	v_fmac_f32_e32 v40, v11, v4                                // 000000007874: 5650090B
	v_fmac_f32_e32 v36, v35, v33                               // 000000007878: 56484323
	v_cvt_f32_ubyte0_e32 v33, v34                              // 00000000787C: 7E422322
	v_cvt_f32_ubyte0_e32 v27, v27                              // 000000007880: 7E36231B
	v_lshrrev_b32_e32 v34, 28, v43                             // 000000007884: 3244569C
	v_bfe_u32 v35, v44, 20, 4                                  // 000000007888: D6100023 0211292C
	v_fma_f32 v10, v41, v10, v42                               // 000000007890: D613000A 04AA1529
	v_fma_f32 v33, v41, v33, v42                               // 000000007898: D6130021 04AA4329
	v_fma_f32 v27, v41, v27, v42                               // 0000000078A0: D613001B 04AA3729
	v_cvt_f32_ubyte0_e32 v32, v34                              // 0000000078A8: 7E402322
	v_add_f32_e32 v18, v18, v40                                // 0000000078AC: 06245112
	s_delay_alu instid0(VALU_DEP_4) | instskip(SKIP_3) | instid1(VALU_DEP_4)// 0000000078B0: BF870244
	v_fmac_f32_e32 v36, v37, v33                               // 0000000078B4: 56484325
	v_bfe_u32 v33, v43, 24, 4                                  // 0000000078B8: D6100021 0211312B
	v_bfe_u32 v37, v44, 24, 4                                  // 0000000078C0: D6100025 0211312C
	v_bfe_u32 v43, v39, 16, 4                                  // 0000000078C8: D610002B 02112127
	v_fmac_f32_e32 v36, v38, v27                               // 0000000078D0: 56483726
	v_bfe_u32 v27, v44, 16, 4                                  // 0000000078D4: D610001B 0211212C
	v_lshrrev_b32_e32 v38, 28, v44                             // 0000000078DC: 324C589C
	v_bfe_u32 v44, v39, 20, 4                                  // 0000000078E0: D610002C 02112927
	v_cvt_f32_ubyte0_e32 v31, v33                              // 0000000078E8: 7E3E2321
	v_cvt_f32_ubyte0_e32 v33, v35                              // 0000000078EC: 7E422323
	v_cvt_f32_ubyte0_e32 v27, v27                              // 0000000078F0: 7E36231B
	v_cvt_f32_ubyte0_e32 v34, v37                              // 0000000078F4: 7E442325
	v_cvt_f32_ubyte0_e32 v35, v38                              // 0000000078F8: 7E462326
	v_cvt_f32_ubyte0_e32 v37, v43                              // 0000000078FC: 7E4A232B
	v_cvt_f32_ubyte0_e32 v38, v44                              // 000000007900: 7E4C232C
	v_fma_f32 v39, v12, v29, v13                               // 000000007904: D6130027 04363B0C
	v_fma_f32 v43, v12, v30, v13                               // 00000000790C: D613002B 04363D0C
	v_fma_f32 v44, v12, v31, v13                               // 000000007914: D613002C 04363F0C
	v_fmac_f32_e32 v13, v12, v32                               // 00000000791C: 561A410C
	v_fma_f32 v12, v14, v27, v15                               // 000000007920: D613000C 043E370E
	v_fma_f32 v49, v14, v33, v15                               // 000000007928: D6130031 043E430E
	v_fma_f32 v50, v14, v34, v15                               // 000000007930: D6130032 043E450E
	s_clause 0x1                                               // 000000007938: BF850001
	global_load_b128 v[27:30], v[8:9], off offset:16           // 00000000793C: EE05C07C 0000001B 00001008
	global_load_b128 v[31:34], v[8:9], off offset:1040         // 000000007948: EE05C07C 0000001F 00041008
	v_fmac_f32_e32 v15, v14, v35                               // 000000007954: 561E470E
	v_fma_f32 v14, v41, v37, v42                               // 000000007958: D613000E 04AA4B29
	v_fma_f32 v35, v41, v38, v42                               // 000000007960: D6130023 04AA4D29
	v_fmac_f32_e32 v42, v41, v17                               // 000000007968: 56542329
	v_add_co_u32 v8, vcc_lo, 0x1000, v8                        // 00000000796C: D7006A08 000210FF 00001000
	s_wait_alu 0xfffd                                          // 000000007978: BF88FFFD
	v_add_co_ci_u32_e64 v9, null, 0, v9, vcc_lo                // 00000000797C: D5207C09 01AA1280
	s_wait_loadcnt 0x2                                         // 000000007984: BFC00002
	v_fmac_f32_e32 v45, v39, v23                               // 000000007988: 565A2F27
	s_delay_alu instid0(VALU_DEP_1) | instskip(NEXT) | instid1(VALU_DEP_1)// 00000000798C: BF870091
	v_fmac_f32_e32 v45, v43, v24                               // 000000007990: 565A312B
	v_fmac_f32_e32 v45, v44, v25                               // 000000007994: 565A332C
	s_delay_alu instid0(VALU_DEP_1) | instskip(NEXT) | instid1(VALU_DEP_1)// 000000007998: BF870091
	v_fmac_f32_e32 v45, v13, v26                               // 00000000799C: 565A350D
	v_add_f32_e32 v20, v20, v45                                // 0000000079A0: 06285B14
	s_wait_loadcnt 0x1                                         // 0000000079A4: BFC00001
	v_fmac_f32_e32 v47, v12, v27                               // 0000000079A8: 565E370C
	s_wait_loadcnt 0x0                                         // 0000000079AC: BFC00000
	v_fmac_f32_e32 v36, v14, v31                               // 0000000079B0: 56483F0E
	s_delay_alu instid0(VALU_DEP_2) | instskip(NEXT) | instid1(VALU_DEP_2)// 0000000079B4: BF870112
	v_fmac_f32_e32 v47, v49, v28                               // 0000000079B8: 565E3931
	v_fmac_f32_e32 v36, v35, v32                               // 0000000079BC: 56484123
	s_delay_alu instid0(VALU_DEP_2) | instskip(NEXT) | instid1(VALU_DEP_2)// 0000000079C0: BF870112
	v_fmac_f32_e32 v47, v50, v29                               // 0000000079C4: 565E3B32
	v_fmac_f32_e32 v36, v10, v33                               // 0000000079C8: 5648430A
	s_delay_alu instid0(VALU_DEP_2) | instskip(NEXT) | instid1(VALU_DEP_2)// 0000000079CC: BF870112
	v_fmac_f32_e32 v47, v15, v30                               // 0000000079D0: 565E3D0F
	v_fmac_f32_e32 v36, v42, v34                               // 0000000079D4: 5648452A
	s_delay_alu instid0(VALU_DEP_2) | instskip(NEXT) | instid1(VALU_DEP_2)// 0000000079D8: BF870112
	v_add_f32_e32 v21, v21, v47                                // 0000000079DC: 062A5F15
	v_add_f32_e32 v22, v22, v36                                // 0000000079E0: 062C4916
	s_cbranch_scc0 65242                                       // 0000000079E4: BFA1FEDA <gemv_mixed_moe_gate_up_swiglu_k8_indexed_batched_wave64_gfx12+0x450>
	s_cmp_ge_i32 s8, s15                                       // 0000000079E8: BF030F08
	s_cbranch_scc0 9                                           // 0000000079EC: BFA10009 <gemv_mixed_moe_gate_up_swiglu_k8_indexed_batched_wave64_gfx12+0x914>
	s_branch 138                                               // 0000000079F0: BFA0008A <gemv_mixed_moe_gate_up_swiglu_k8_indexed_batched_wave64_gfx12+0xb1c>
	v_mov_b32_e32 v18, 0                                       // 0000000079F4: 7E240280
	v_mov_b32_e32 v20, 0                                       // 0000000079F8: 7E280280
	v_mov_b32_e32 v21, 0                                       // 0000000079FC: 7E2A0280
	v_mov_b32_e32 v22, 0                                       // 000000007A00: 7E2C0280
	s_mov_b32 s8, 0                                            // 000000007A04: BE880080
	s_wait_alu 0xfffe                                          // 000000007A08: BF88FFFE
	s_cmp_ge_i32 s8, s15                                       // 000000007A0C: BF030F08
	s_cbranch_scc1 130                                         // 000000007A10: BFA20082 <gemv_mixed_moe_gate_up_swiglu_k8_indexed_batched_wave64_gfx12+0xb1c>
	s_mov_b32 s9, 0                                            // 000000007A14: BE890080
	v_lshlrev_b32_e32 v4, 3, v19                               // 000000007A18: 30082683
	s_wait_alu 0xfffe                                          // 000000007A1C: BF88FFFE
	v_mad_co_i64_i32 v[2:3], null, v5, s15, s[8:9]             // 000000007A20: D6FF7C02 00201F05
	v_mov_b32_e32 v7, 0                                        // 000000007A28: 7E0E0280
	s_lshl_b64 s[20:21], s[6:7], 2                             // 000000007A2C: 84948206
	v_lshl_or_b32 v6, s8, 8, v4                                // 000000007A30: D6560006 04111008
	s_wait_alu 0xfffe                                          // 000000007A38: BF88FFFE
	s_add_nc_u64 s[20:21], s[10:11], s[20:21]                  // 000000007A3C: A994140A
	s_wait_kmcnt 0x0                                           // 000000007A40: BFC70000
	s_delay_alu instid0(VALU_DEP_3) | instskip(SKIP_2) | instid1(VALU_DEP_1)// 000000007A44: BF8700B3
	v_mad_co_u64_u32 v[1:2], null, 0x88, v2, s[4:5]            // 000000007A48: D6FE7C01 001204FF 00000088
	v_lshlrev_b64_e32 v[8:9], 2, v[6:7]                        // 000000007A54: 3E100C82
	v_add_co_u32 v6, s22, v16, 8                               // 000000007A58: D7001606 00011110
	v_add_co_ci_u32_e64 v7, null, 0, 0, s22                    // 000000007A60: D5207C07 00590080
	s_delay_alu instid0(VALU_DEP_4) | instskip(SKIP_1) | instid1(VALU_DEP_4)// 000000007A68: BF870224
	v_mad_co_u64_u32 v[2:3], null, 0x88, v3, v[2:3]            // 000000007A6C: D6FE7C02 040A06FF 00000088
	s_wait_alu 0xfffe                                          // 000000007A78: BF88FFFE
	v_add_co_u32 v3, vcc_lo, s20, v8                           // 000000007A7C: D7006A03 00021014
	s_wait_alu 0xfffd                                          // 000000007A84: BF88FFFD
	v_add_co_ci_u32_e64 v4, null, s21, v9, vcc_lo              // 000000007A88: D5207C04 01AA1215
	s_delay_alu instid0(VALU_DEP_2) | instskip(SKIP_1) | instid1(VALU_DEP_2)// 000000007A90: BF870122
	v_add_co_u32 v3, vcc_lo, v3, 28                            // 000000007A94: D7006A03 00013903
	s_wait_alu 0xfffd                                          // 000000007A9C: BF88FFFD
	v_add_co_ci_u32_e64 v4, null, 0, v4, vcc_lo                // 000000007AA0: D5207C04 01AA0880
	v_add_co_u32 v8, vcc_lo, v1, v6                            // 000000007AA8: D7006A08 00020D01
	s_wait_alu 0xfffd                                          // 000000007AB0: BF88FFFD
	v_add_co_ci_u32_e64 v9, null, v2, v7, vcc_lo               // 000000007AB4: D5207C09 01AA0F02
	s_add_co_i32 s8, s8, 1                                     // 000000007ABC: 81088108
	s_clause 0x1                                               // 000000007AC0: BF850001
	flat_load_b32 v23, v[8:9]                                  // 000000007AC4: EC05007C 00000017 00000008
	flat_load_b64 v[16:17], v[1:2]                             // 000000007AD0: EC05407C 00000010 00000001
	s_clause 0x1                                               // 000000007ADC: BF850001
	global_load_b128 v[8:11], v[3:4], off offset:-28           // 000000007AE0: EE05C07C 00000008 FFFFE403
	global_load_b128 v[12:15], v[3:4], off offset:-12          // 000000007AEC: EE05C07C 0000000C FFFFF403
	v_add_co_u32 v1, vcc_lo, 0x88, v1                          // 000000007AF8: D7006A01 000202FF 00000088
	s_wait_alu 0xfffd                                          // 000000007B04: BF88FFFD
	v_add_co_ci_u32_e64 v2, null, 0, v2, vcc_lo                // 000000007B08: D5207C02 01AA0480
	v_add_co_u32 v3, vcc_lo, 0x400, v3                         // 000000007B10: D7006A03 000206FF 00000400
	s_wait_alu 0xfffd                                          // 000000007B1C: BF88FFFD
	v_add_co_ci_u32_e64 v4, null, 0, v4, vcc_lo                // 000000007B20: D5207C04 01AA0880
	s_wait_alu 0xfffe                                          // 000000007B28: BF88FFFE
	s_cmp_lt_i32 s8, s15                                       // 000000007B2C: BF040F08
	s_wait_loadcnt_dscnt 0x301                                 // 000000007B30: BFC80301
	v_bfe_u32 v24, v23, 4, 4                                   // 000000007B34: D6100018 02110917
	v_and_b32_e32 v25, 15, v23                                 // 000000007B3C: 36322E8F
	v_bfe_u32 v26, v23, 8, 4                                   // 000000007B40: D610001A 02111117
	v_bfe_u32 v27, v23, 12, 4                                  // 000000007B48: D610001B 02111917
	s_delay_alu instid0(VALU_DEP_4) | instskip(NEXT) | instid1(VALU_DEP_4)// 000000007B50: BF870214
	v_cvt_f32_ubyte0_e32 v24, v24                              // 000000007B54: 7E302318
	v_cvt_f32_ubyte0_e32 v25, v25                              // 000000007B58: 7E322319
	s_delay_alu instid0(VALU_DEP_4) | instskip(NEXT) | instid1(VALU_DEP_4)// 000000007B5C: BF870214
	v_cvt_f32_ubyte0_e32 v26, v26                              // 000000007B60: 7E34231A
	v_cvt_f32_ubyte0_e32 v27, v27                              // 000000007B64: 7E36231B
	s_wait_loadcnt_dscnt 0x200                                 // 000000007B68: BFC80200
	v_fma_f32 v24, v16, v24, v17                               // 000000007B6C: D6130018 04463110
	v_fma_f32 v25, v16, v25, v17                               // 000000007B74: D6130019 04463310
	v_fma_f32 v26, v16, v26, v17                               // 000000007B7C: D613001A 04463510
	s_wait_loadcnt 0x1                                         // 000000007B84: BFC00001
	s_delay_alu instid0(VALU_DEP_3) | instskip(SKIP_1) | instid1(VALU_DEP_2)// 000000007B88: BF870123
	v_mul_f32_e32 v9, v9, v24                                  // 000000007B8C: 10123109
	v_bfe_u32 v24, v23, 16, 4                                  // 000000007B90: D6100018 02112117
	v_fmac_f32_e32 v9, v8, v25                                 // 000000007B98: 56123308
	v_bfe_u32 v8, v23, 20, 4                                   // 000000007B9C: D6100008 02112917
	s_delay_alu instid0(VALU_DEP_3) | instskip(SKIP_1) | instid1(VALU_DEP_4)// 000000007BA4: BF870223
	v_cvt_f32_ubyte0_e32 v24, v24                              // 000000007BA8: 7E302318
	v_fma_f32 v25, v16, v27, v17                               // 000000007BAC: D6130019 04463710
	v_fmac_f32_e32 v9, v10, v26                                // 000000007BB4: 5612350A
	v_bfe_u32 v10, v23, 24, 4                                  // 000000007BB8: D610000A 02113117
	v_cvt_f32_ubyte0_e32 v8, v8                                // 000000007BC0: 7E102308
	v_fma_f32 v24, v16, v24, v17                               // 000000007BC4: D6130018 04463110
	s_delay_alu instid0(VALU_DEP_4)                            // 000000007BCC: BF870004
	v_fmac_f32_e32 v9, v11, v25                                // 000000007BD0: 5612330B
	v_lshrrev_b32_e32 v11, 28, v23                             // 000000007BD4: 32162E9C
	v_cvt_f32_ubyte0_e32 v10, v10                              // 000000007BD8: 7E14230A
	v_fma_f32 v8, v16, v8, v17                                 // 000000007BDC: D6130008 04461110
	s_wait_loadcnt 0x0                                         // 000000007BE4: BFC00000
	v_fmac_f32_e32 v9, v24, v12                                // 000000007BE8: 56121918
	v_cvt_f32_ubyte0_e32 v11, v11                              // 000000007BEC: 7E16230B
	v_fma_f32 v10, v16, v10, v17                               // 000000007BF0: D613000A 04461510
	s_delay_alu instid0(VALU_DEP_3) | instskip(NEXT) | instid1(VALU_DEP_3)// 000000007BF8: BF870193
	v_fmac_f32_e32 v9, v8, v13                                 // 000000007BFC: 56121B08
	v_fmac_f32_e32 v17, v16, v11                               // 000000007C00: 56221710
	s_delay_alu instid0(VALU_DEP_2) | instskip(NEXT) | instid1(VALU_DEP_1)// 000000007C04: BF870092
	v_fmac_f32_e32 v9, v10, v14                                // 000000007C08: 56121D0A
	v_fmac_f32_e32 v9, v17, v15                                // 000000007C0C: 56121F11
	s_delay_alu instid0(VALU_DEP_1)                            // 000000007C10: BF870001
	v_add_f32_e32 v18, v18, v9                                 // 000000007C14: 06241312
	s_cbranch_scc1 65443                                       // 000000007C18: BFA2FFA3 <gemv_mixed_moe_gate_up_swiglu_k8_indexed_batched_wave64_gfx12+0x9a8>
	s_mov_b64 s[8:9], -1                                       // 000000007C1C: BE8801C1
	s_wait_alu 0xfffe                                          // 000000007C20: BF88FFFE
	s_and_b64 vcc, exec, s[2:3]                                // 000000007C24: 8BEA027E
	s_wait_alu 0xfffe                                          // 000000007C28: BF88FFFE
	s_cbranch_vccz 498                                         // 000000007C2C: BFA301F2 <gemv_mixed_moe_gate_up_swiglu_k8_indexed_batched_wave64_gfx12+0x12f8>
	v_mov_b32_e32 v18, 0                                       // 000000007C30: 7E240280
	s_and_b32 s2, 0xffff, s17                                  // 000000007C34: 8B0211FF 0000FFFF
	s_wait_alu 0xfffe                                          // 000000007C3C: BF88FFFE
	s_cmp_eq_u32 s2, 0                                         // 000000007C40: BF068002
	s_mov_b32 s2, 0                                            // 000000007C44: BE820080
	s_cbranch_scc1 1                                           // 000000007C48: BFA20001 <gemv_mixed_moe_gate_up_swiglu_k8_indexed_batched_wave64_gfx12+0xb50>
	s_branch 490                                               // 000000007C4C: BFA001EA <gemv_mixed_moe_gate_up_swiglu_k8_indexed_batched_wave64_gfx12+0x12f8>
	v_mul_u32_u24_e32 v23, 6, v19                              // 000000007C50: 162E2686
	v_mov_b32_e32 v20, 0                                       // 000000007C54: 7E280280
	v_mov_b32_e32 v21, 0                                       // 000000007C58: 7E2A0280
	v_mov_b32_e32 v22, 0                                       // 000000007C5C: 7E2C0280
	s_cmp_lt_i32 s13, 0x400                                    // 000000007C60: BF04FF0D 00000400
	s_cbranch_scc1 348                                         // 000000007C68: BFA2015C <gemv_mixed_moe_gate_up_swiglu_k8_indexed_batched_wave64_gfx12+0x10dc>
	v_mad_co_u64_u32 v[1:2], null, v5, s15, 0                  // 000000007C6C: D6FE7C01 02001F05
	v_lshlrev_b32_e32 v3, 5, v19                               // 000000007C74: 30062685
	s_lshl_b64 s[2:3], s[6:7], 2                               // 000000007C78: 84828206
	v_mov_b32_e32 v18, 0                                       // 000000007C7C: 7E240280
	s_wait_alu 0xfffe                                          // 000000007C80: BF88FFFE
	s_add_nc_u64 s[2:3], s[10:11], s[2:3]                      // 000000007C84: A982020A
	v_mov_b32_e32 v20, 0                                       // 000000007C88: 7E280280
	v_mov_b32_e32 v21, 0                                       // 000000007C8C: 7E2A0280
	s_wait_kmcnt 0x0                                           // 000000007C90: BFC70000
	v_mad_co_u64_u32 v[6:7], null, 0xc8, v1, s[4:5]            // 000000007C94: D6FE7C06 001202FF 000000C8
	v_ashrrev_i32_e32 v1, 31, v5                               // 000000007CA0: 34020A9F
	v_mov_b32_e32 v22, 0                                       // 000000007CA4: 7E2C0280
	s_delay_alu instid0(VALU_DEP_2) | instskip(NEXT) | instid1(VALU_DEP_4)// 000000007CA8: BF870212
	v_mad_i32_i24 v2, v1, s15, v2                              // 000000007CAC: D60A0002 04081F01
	v_mov_b32_e32 v1, v7                                       // 000000007CB4: 7E020307
	s_delay_alu instid0(VALU_DEP_1)                            // 000000007CB8: BF870001
	v_mad_co_u64_u32 v[1:2], null, 0xc8, v2, v[1:2]            // 000000007CBC: D6FE7C01 040604FF 000000C8
	s_wait_alu 0xfffe                                          // 000000007CC8: BF88FFFE
	v_add_co_u32 v2, s8, s2, v3                                // 000000007CCC: D7000802 00020602
	s_wait_alu 0xf1ff                                          // 000000007CD4: BF88F1FF
	v_add_co_ci_u32_e64 v3, null, s3, 0, s8                    // 000000007CD8: D5207C03 00210003
	s_mov_b32 s2, 0                                            // 000000007CE0: BE820080
	v_add_co_u32 v8, vcc_lo, 0x800, v2                         // 000000007CE4: D7006A08 000204FF 00000800
	s_wait_alu 0xfffd                                          // 000000007CF0: BF88FFFD
	v_add_co_ci_u32_e64 v9, null, 0, v3, vcc_lo                // 000000007CF4: D5207C09 01AA0680
	v_mov_b32_e32 v7, v1                                       // 000000007CFC: 7E0E0301
	v_add_co_u32 v10, vcc_lo, v6, v23                          // 000000007D00: D7006A0A 00022F06
	s_wait_alu 0xfffd                                          // 000000007D08: BF88FFFD
	s_delay_alu instid0(VALU_DEP_2)                            // 000000007D0C: BF870002
	v_add_co_ci_u32_e64 v11, null, 0, v7, vcc_lo               // 000000007D10: D5207C0B 01AA0E80
	s_clause 0x3                                               // 000000007D18: BF850003
	global_load_b128 v[1:4], v[8:9], off offset:-2032          // 000000007D1C: EE05C07C 00000001 FFF81008
	global_load_b128 v[24:27], v[8:9], off offset:-2048        // 000000007D28: EE05C07C 00000018 FFF80008
	global_load_b128 v[28:31], v[8:9], off offset:-1024        // 000000007D34: EE05C07C 0000001C FFFC0008
	global_load_b128 v[32:35], v[8:9], off                     // 000000007D40: EE05C07C 00000020 00000008
	s_clause 0x7                                               // 000000007D4C: BF850007
	flat_load_b64 v[12:13], v[6:7]                             // 000000007D50: EC05407C 0000000C 00000006
	flat_load_b64 v[14:15], v[6:7] offset:200                  // 000000007D5C: EC05407C 0000000E 0000C806
	flat_load_b64 v[16:17], v[6:7] offset:400                  // 000000007D68: EC05407C 00000010 00019006
	flat_load_b64 v[36:37], v[6:7] offset:600                  // 000000007D74: EC05407C 00000024 00025806
	flat_load_b32 v38, v[10:11] offset:608                     // 000000007D80: EC05007C 00000026 0002600A
	flat_load_b32 v39, v[10:11] offset:408                     // 000000007D8C: EC05007C 00000027 0001980A
	flat_load_b32 v40, v[10:11] offset:208                     // 000000007D98: EC05007C 00000028 0000D00A
	flat_load_b32 v41, v[10:11] offset:8                       // 000000007DA4: EC05007C 00000029 0000080A
	v_mov_b32_e32 v47, 0                                       // 000000007DB0: 7E5E0280
	v_add_co_u32 v6, vcc_lo, 0x320, v6                         // 000000007DB4: D7006A06 00020CFF 00000320
	s_wait_alu 0xfffd                                          // 000000007DC0: BF88FFFD
	v_add_co_ci_u32_e64 v7, null, 0, v7, vcc_lo                // 000000007DC4: D5207C07 01AA0E80
	s_wait_alu 0xfffe                                          // 000000007DCC: BF88FFFE
	s_add_co_i32 s3, s2, 7                                     // 000000007DD0: 81038702
	s_add_co_i32 s2, s2, 4                                     // 000000007DD4: 81028402
	s_wait_alu 0xfffe                                          // 000000007DD8: BF88FFFE
	s_cmp_ge_i32 s3, s15                                       // 000000007DDC: BF030F03
	s_wait_loadcnt_dscnt 0x101                                 // 000000007DE0: BFC80101
	v_and_b32_e32 v46, 63, v40                                 // 000000007DE4: 365C50BF
	s_wait_loadcnt_dscnt 0x0                                   // 000000007DE8: BFC80000
	v_bfe_u32 v42, v41, 6, 6                                   // 000000007DEC: D610002A 02190D29
	v_and_b32_e32 v43, 63, v41                                 // 000000007DF4: 365652BF
	v_bfe_u32 v44, v41, 12, 6                                  // 000000007DF8: D610002C 02191929
	v_bfe_u32 v45, v41, 18, 6                                  // 000000007E00: D610002D 02192529
	v_cvt_f32_ubyte0_e32 v46, v46                              // 000000007E08: 7E5C232E
	v_cvt_f32_ubyte0_e32 v42, v42                              // 000000007E0C: 7E54232A
	v_cvt_f32_ubyte0_e32 v43, v43                              // 000000007E10: 7E56232B
	v_cvt_f32_ubyte0_e32 v44, v44                              // 000000007E14: 7E58232C
	v_cvt_f32_ubyte0_e32 v45, v45                              // 000000007E18: 7E5A232D
	v_fma_f32 v46, v14, v46, v15                               // 000000007E1C: D613002E 043E5D0E
	v_fma_f32 v42, v12, v42, v13                               // 000000007E24: D613002A 0436550C
	v_fma_f32 v43, v12, v43, v13                               // 000000007E2C: D613002B 0436570C
	v_fma_f32 v44, v12, v44, v13                               // 000000007E34: D613002C 0436590C
	v_fma_f32 v45, v12, v45, v13                               // 000000007E3C: D613002D 04365B0C
	s_delay_alu instid0(VALU_DEP_4) | instskip(NEXT) | instid1(VALU_DEP_1)// 000000007E44: BF870094
	v_mul_f32_e32 v42, v25, v42                                // 000000007E48: 10545519
	v_fmac_f32_e32 v42, v43, v24                               // 000000007E4C: 5654312B
	v_mov_b32_e32 v43, 0                                       // 000000007E50: 7E560280
	s_delay_alu instid0(VALU_DEP_2) | instskip(SKIP_1) | instid1(VALU_DEP_2)// 000000007E54: BF870122
	v_fmac_f32_e32 v42, v26, v44                               // 000000007E58: 5654591A
	v_mov_b32_e32 v44, 0                                       // 000000007E5C: 7E580280
	v_fmac_f32_e32 v42, v45, v27                               // 000000007E60: 5654372D
	v_bfe_u32 v45, v40, 6, 6                                   // 000000007E64: D610002D 02190D28
	global_load_b128 v[24:27], v[8:9], off offset:-1008        // 000000007E6C: EE05C07C 00000018 FFFC1008
	v_cvt_f32_ubyte0_e32 v45, v45                              // 000000007E78: 7E5A232D
	s_delay_alu instid0(VALU_DEP_1) | instskip(NEXT) | instid1(VALU_DEP_1)// 000000007E7C: BF870091
	v_fma_f32 v45, v14, v45, v15                               // 000000007E80: D613002D 043E5B0E
	v_mul_f32_e32 v45, v29, v45                                // 000000007E88: 105A5B1D
	v_and_b32_e32 v29, 63, v39                                 // 000000007E8C: 363A4EBF
	s_delay_alu instid0(VALU_DEP_2) | instskip(SKIP_1) | instid1(VALU_DEP_3)// 000000007E90: BF8701A2
	v_fmac_f32_e32 v45, v46, v28                               // 000000007E94: 565A392E
	v_bfe_u32 v28, v40, 12, 6                                  // 000000007E98: D610001C 02191928
	v_cvt_f32_ubyte0_e32 v29, v29                              // 000000007EA0: 7E3A231D
	v_mov_b32_e32 v46, 0                                       // 000000007EA4: 7E5C0280
	s_delay_alu instid0(VALU_DEP_3) | instskip(NEXT) | instid1(VALU_DEP_3)// 000000007EA8: BF870193
	v_cvt_f32_ubyte0_e32 v28, v28                              // 000000007EAC: 7E38231C
	v_fma_f32 v29, v16, v29, v17                               // 000000007EB0: D613001D 04463B10
	s_delay_alu instid0(VALU_DEP_2) | instskip(NEXT) | instid1(VALU_DEP_1)// 000000007EB8: BF870092
	v_fma_f32 v28, v14, v28, v15                               // 000000007EBC: D613001C 043E390E
	v_fmac_f32_e32 v45, v30, v28                               // 000000007EC4: 565A391E
	v_bfe_u32 v28, v40, 18, 6                                  // 000000007EC8: D610001C 02192528
	v_bfe_u32 v30, v39, 12, 6                                  // 000000007ED0: D610001E 02191927
	s_delay_alu instid0(VALU_DEP_2) | instskip(NEXT) | instid1(VALU_DEP_1)// 000000007ED8: BF870092
	v_cvt_f32_ubyte0_e32 v28, v28                              // 000000007EDC: 7E38231C
	v_fma_f32 v28, v14, v28, v15                               // 000000007EE0: D613001C 043E390E
	s_delay_alu instid0(VALU_DEP_1) | instskip(SKIP_1) | instid1(VALU_DEP_1)// 000000007EE8: BF8700A1
	v_fmac_f32_e32 v45, v28, v31                               // 000000007EEC: 565A3F1C
	v_bfe_u32 v28, v39, 6, 6                                   // 000000007EF0: D610001C 02190D27
	v_cvt_f32_ubyte0_e32 v28, v28                              // 000000007EF8: 7E38231C
	s_delay_alu instid0(VALU_DEP_1) | instskip(NEXT) | instid1(VALU_DEP_1)// 000000007EFC: BF870091
	v_fma_f32 v28, v16, v28, v17                               // 000000007F00: D613001C 04463910
	v_mul_f32_e32 v48, v33, v28                                // 000000007F08: 10603921
	v_bfe_u32 v28, v39, 18, 6                                  // 000000007F0C: D610001C 02192527
	v_and_b32_e32 v33, 63, v38                                 // 000000007F14: 36424CBF
	s_delay_alu instid0(VALU_DEP_3) | instskip(SKIP_1) | instid1(VALU_DEP_4)// 000000007F18: BF870223
	v_fmac_f32_e32 v48, v29, v32                               // 000000007F1C: 5660411D
	v_cvt_f32_ubyte0_e32 v29, v30                              // 000000007F20: 7E3A231E
	v_cvt_f32_ubyte0_e32 v28, v28                              // 000000007F24: 7E38231C
	s_delay_alu instid0(VALU_DEP_4) | instskip(NEXT) | instid1(VALU_DEP_3)// 000000007F28: BF870194
	v_cvt_f32_ubyte0_e32 v33, v33                              // 000000007F2C: 7E422321
	v_fma_f32 v29, v16, v29, v17                               // 000000007F30: D613001D 04463B10
	s_delay_alu instid0(VALU_DEP_3) | instskip(NEXT) | instid1(VALU_DEP_3)// 000000007F38: BF870193
	v_fma_f32 v28, v16, v28, v17                               // 000000007F3C: D613001C 04463910
	v_fma_f32 v33, v36, v33, v37                               // 000000007F44: D6130021 04964324
	s_delay_alu instid0(VALU_DEP_3) | instskip(SKIP_1) | instid1(VALU_DEP_2)// 000000007F4C: BF870123
	v_fmac_f32_e32 v48, v34, v29                               // 000000007F50: 56603B22
	v_bfe_u32 v34, v38, 12, 6                                  // 000000007F54: D6100022 02191926
	v_fmac_f32_e32 v48, v28, v35                               // 000000007F5C: 5660471C
	global_load_b128 v[28:31], v[8:9], off offset:1024         // 000000007F60: EE05C07C 0000001C 00040008
	s_clause 0x3                                               // 000000007F6C: BF850003
	flat_load_d16_b16 v43, v[10:11] offset:12                  // 000000007F70: EC08007C 0000002B 00000C0A
	flat_load_d16_b16 v44, v[10:11] offset:212                 // 000000007F7C: EC08007C 0000002C 0000D40A
	flat_load_d16_b16 v46, v[10:11] offset:412                 // 000000007F88: EC08007C 0000002E 00019C0A
	flat_load_d16_b16 v47, v[10:11] offset:612                 // 000000007F94: EC08007C 0000002F 0002640A
	v_bfe_u32 v10, v38, 6, 6                                   // 000000007FA0: D610000A 02190D26
	v_bfe_u32 v11, v41, 24, 6                                  // 000000007FA8: D610000B 02193129
	v_bfe_u32 v35, v39, 24, 6                                  // 000000007FB0: D6100023 02193127
	s_delay_alu instid0(VALU_DEP_3) | instskip(NEXT) | instid1(VALU_DEP_3)// 000000007FB8: BF870193
	v_cvt_f32_ubyte0_e32 v10, v10                              // 000000007FBC: 7E14230A
	v_cvt_f32_ubyte0_e32 v11, v11                              // 000000007FC0: 7E16230B
	s_delay_alu instid0(VALU_DEP_2) | instskip(NEXT) | instid1(VALU_DEP_2)// 000000007FC4: BF870112
	v_fma_f32 v10, v36, v10, v37                               // 000000007FC8: D613000A 04961524
	v_fma_f32 v11, v12, v11, v13                               // 000000007FD0: D613000B 0436170C
	s_delay_alu instid0(VALU_DEP_1) | instskip(SKIP_1) | instid1(VALU_DEP_3)// 000000007FD8: BF8701A1
	v_fmac_f32_e32 v42, v11, v1                                // 000000007FDC: 5654030B
	s_wait_loadcnt 0x4                                         // 000000007FE0: BFC00004
	v_mul_f32_e32 v10, v29, v10                                // 000000007FE4: 1014151D
	v_cvt_f32_ubyte0_e32 v29, v34                              // 000000007FE8: 7E3A2322
	s_wait_loadcnt_dscnt 0x303                                 // 000000007FEC: BFC80303
	v_alignbit_b32 v32, v43, v41, 30                           // 000000007FF0: D6160020 027A532B
	s_wait_loadcnt_dscnt 0x101                                 // 000000007FF8: BFC80101
	v_alignbit_b32 v39, v46, v39, 30                           // 000000007FFC: D6160027 027A4F2E
	v_lshrrev_b32_e32 v34, 10, v44                             // 000000008004: 3244588A
	v_fmac_f32_e32 v10, v33, v28                               // 000000008008: 56143921
	v_bfe_u32 v28, v38, 18, 6                                  // 00000000800C: D610001C 02192526
	v_fma_f32 v29, v36, v29, v37                               // 000000008014: D613001D 04963B24
	v_and_b32_e32 v32, 63, v32                                 // 00000000801C: 364040BF
	v_bfe_u32 v33, v44, 4, 6                                   // 000000008020: D6100021 0219092C
	v_lshrrev_b32_e32 v41, 10, v46                             // 000000008028: 32525C8A
	v_cvt_f32_ubyte0_e32 v28, v28                              // 00000000802C: 7E38231C
	v_fmac_f32_e32 v10, v30, v29                               // 000000008030: 56143B1E
	v_bfe_u32 v29, v43, 4, 6                                   // 000000008034: D610001D 0219092B
	v_lshrrev_b32_e32 v30, 10, v43                             // 00000000803C: 323C568A
	v_bfe_u32 v43, v38, 24, 6                                  // 000000008040: D610002B 02193126
	v_fma_f32 v28, v36, v28, v37                               // 000000008048: D613001C 04963924
	s_wait_loadcnt_dscnt 0x0                                   // 000000008050: BFC80000
	v_alignbit_b32 v38, v47, v38, 30                           // 000000008054: D6160026 027A4D2F
	v_cvt_f32_ubyte0_e32 v29, v29                              // 00000000805C: 7E3A231D
	v_cvt_f32_ubyte0_e32 v30, v30                              // 000000008060: 7E3C231E
	v_cvt_f32_ubyte0_e32 v32, v32                              // 000000008064: 7E402320
	v_fmac_f32_e32 v10, v28, v31                               // 000000008068: 56143F1C
	v_bfe_u32 v28, v40, 24, 6                                  // 00000000806C: D610001C 02193128
	v_alignbit_b32 v31, v44, v40, 30                           // 000000008074: D616001F 027A512C
	v_bfe_u32 v40, v46, 4, 6                                   // 00000000807C: D6100028 0219092E
	v_fma_f32 v44, v12, v29, v13                               // 000000008084: D613002C 04363B0C
	v_fma_f32 v46, v12, v32, v13                               // 00000000808C: D613002E 0436410C
	v_fmac_f32_e32 v13, v12, v30                               // 000000008094: 561A3D0C
	v_bfe_u32 v12, v47, 4, 6                                   // 000000008098: D610000C 0219092F
	v_lshrrev_b32_e32 v29, 10, v47                             // 0000000080A0: 323A5E8A
	v_and_b32_e32 v30, 63, v31                                 // 0000000080A4: 363C3EBF
	v_cvt_f32_ubyte0_e32 v28, v28                              // 0000000080A8: 7E38231C
	v_cvt_f32_ubyte0_e32 v31, v33                              // 0000000080AC: 7E3E2321
	v_and_b32_e32 v33, 63, v39                                 // 0000000080B0: 36424EBF
	v_and_b32_e32 v38, 63, v38                                 // 0000000080B4: 364C4CBF
	v_cvt_f32_ubyte0_e32 v32, v34                              // 0000000080B8: 7E402322
	v_cvt_f32_ubyte0_e32 v34, v35                              // 0000000080BC: 7E442323
	v_cvt_f32_ubyte0_e32 v35, v40                              // 0000000080C0: 7E462328
	v_cvt_f32_ubyte0_e32 v39, v41                              // 0000000080C4: 7E4E2329
	v_cvt_f32_ubyte0_e32 v40, v43                              // 0000000080C8: 7E50232B
	v_cvt_f32_ubyte0_e32 v12, v12                              // 0000000080CC: 7E18230C
	v_cvt_f32_ubyte0_e32 v29, v29                              // 0000000080D0: 7E3A231D
	v_fma_f32 v41, v14, v28, v15                               // 0000000080D4: D6130029 043E390E
	v_cvt_f32_ubyte0_e32 v28, v30                              // 0000000080DC: 7E38231E
	v_fma_f32 v43, v14, v31, v15                               // 0000000080E0: D613002B 043E3F0E
	v_cvt_f32_ubyte0_e32 v30, v33                              // 0000000080E8: 7E3C2321
	v_cvt_f32_ubyte0_e32 v31, v38                              // 0000000080EC: 7E3E2326
	v_fma_f32 v34, v16, v34, v17                               // 0000000080F0: D6130022 04464510
	v_fma_f32 v47, v16, v35, v17                               // 0000000080F8: D613002F 04464710
	v_fma_f32 v40, v36, v40, v37                               // 000000008100: D6130028 04965124
	v_fma_f32 v12, v36, v12, v37                               // 000000008108: D613000C 04961924
	v_fma_f32 v38, v14, v28, v15                               // 000000008110: D6130026 043E390E
	v_fmac_f32_e32 v15, v14, v32                               // 000000008118: 561E410E
	v_fma_f32 v14, v16, v30, v17                               // 00000000811C: D613000E 04463D10
	v_fmac_f32_e32 v17, v16, v39                               // 000000008124: 56224F10
	v_fma_f32 v16, v36, v31, v37                               // 000000008128: D6130010 04963F24
	v_fmac_f32_e32 v37, v36, v29                               // 000000008130: 564A3B24
	global_load_b128 v[28:31], v[8:9], off offset:16           // 000000008134: EE05C07C 0000001C 00001008
	v_fmac_f32_e32 v45, v41, v24                               // 000000008140: 565A3129
	v_fmac_f32_e32 v42, v46, v2                                // 000000008144: 5654052E
	s_delay_alu instid0(VALU_DEP_2) | instskip(NEXT) | instid1(VALU_DEP_2)// 000000008148: BF870112
	v_fmac_f32_e32 v45, v38, v25                               // 00000000814C: 565A3326
	v_fmac_f32_e32 v42, v44, v3                                // 000000008150: 5654072C
	s_delay_alu instid0(VALU_DEP_2) | instskip(NEXT) | instid1(VALU_DEP_2)// 000000008154: BF870112
	v_fmac_f32_e32 v45, v43, v26                               // 000000008158: 565A352B
	v_fmac_f32_e32 v42, v13, v4                                // 00000000815C: 5654090D
	s_delay_alu instid0(VALU_DEP_2) | instskip(NEXT) | instid1(VALU_DEP_2)// 000000008160: BF870112
	v_fmac_f32_e32 v45, v15, v27                               // 000000008164: 565A370F
	v_add_f32_e32 v18, v18, v42                                // 000000008168: 06245512
	s_delay_alu instid0(VALU_DEP_2)                            // 00000000816C: BF870002
	v_add_f32_e32 v20, v20, v45                                // 000000008170: 06285B14
	s_wait_loadcnt 0x0                                         // 000000008174: BFC00000
	v_fmac_f32_e32 v48, v34, v28                               // 000000008178: 56603922
	global_load_b128 v[32:35], v[8:9], off offset:1040         // 00000000817C: EE05C07C 00000020 00041008
	v_add_co_u32 v8, vcc_lo, 0x1000, v8                        // 000000008188: D7006A08 000210FF 00001000
	s_wait_alu 0xfffd                                          // 000000008194: BF88FFFD
	v_add_co_ci_u32_e64 v9, null, 0, v9, vcc_lo                // 000000008198: D5207C09 01AA1280
	v_fmac_f32_e32 v48, v14, v29                               // 0000000081A0: 56603B0E
	s_delay_alu instid0(VALU_DEP_1) | instskip(NEXT) | instid1(VALU_DEP_1)// 0000000081A4: BF870091
	v_fmac_f32_e32 v48, v47, v30                               // 0000000081A8: 56603D2F
	v_fmac_f32_e32 v48, v17, v31                               // 0000000081AC: 56603F11
	s_delay_alu instid0(VALU_DEP_1) | instskip(SKIP_2) | instid1(VALU_DEP_1)// 0000000081B0: BF8700B1
	v_add_f32_e32 v21, v21, v48                                // 0000000081B4: 062A6115
	s_wait_loadcnt 0x0                                         // 0000000081B8: BFC00000
	v_fmac_f32_e32 v10, v40, v32                               // 0000000081BC: 56144128
	v_fmac_f32_e32 v10, v16, v33                               // 0000000081C0: 56144310
	s_delay_alu instid0(VALU_DEP_1) | instskip(NEXT) | instid1(VALU_DEP_1)// 0000000081C4: BF870091
	v_fmac_f32_e32 v10, v12, v34                               // 0000000081C8: 5614450C
	v_fmac_f32_e32 v10, v37, v35                               // 0000000081CC: 56144725
	s_delay_alu instid0(VALU_DEP_1)                            // 0000000081D0: BF870001
	v_add_f32_e32 v22, v22, v10                                // 0000000081D4: 062C1516
	s_cbranch_scc0 65225                                       // 0000000081D8: BFA1FEC9 <gemv_mixed_moe_gate_up_swiglu_k8_indexed_batched_wave64_gfx12+0xc00>
	s_wait_alu 0xfffe                                          // 0000000081DC: BF88FFFE
	s_cmp_ge_i32 s2, s15                                       // 0000000081E0: BF030F02
	s_cbranch_scc1 131                                         // 0000000081E4: BFA20083 <gemv_mixed_moe_gate_up_swiglu_k8_indexed_batched_wave64_gfx12+0x12f4>
	s_mov_b32 s3, 0                                            // 0000000081E8: BE830080
	v_lshlrev_b32_e32 v4, 3, v19                               // 0000000081EC: 30082683
	s_wait_alu 0xfffe                                          // 0000000081F0: BF88FFFE
	v_mad_co_i64_i32 v[2:3], null, v5, s15, s[2:3]             // 0000000081F4: D6FF7C02 00081F05
	v_mov_b32_e32 v5, 0                                        // 0000000081FC: 7E0A0280
	s_delay_alu instid0(VALU_DEP_3) | instskip(SKIP_1) | instid1(VALU_DEP_3)// 000000008200: BF8701A3
	v_lshl_or_b32 v4, s2, 8, v4                                // 000000008204: D6560004 04111002
	s_wait_kmcnt 0x0                                           // 00000000820C: BFC70000
	v_mad_co_u64_u32 v[1:2], null, 0xc8, v2, s[4:5]            // 000000008210: D6FE7C01 001204FF 000000C8
	s_delay_alu instid0(VALU_DEP_2) | instskip(SKIP_3) | instid1(VALU_DEP_2)// 00000000821C: BF870142
	v_lshlrev_b64_e32 v[4:5], 2, v[4:5]                        // 000000008220: 3E080882
	s_lshl_b64 s[4:5], s[6:7], 2                               // 000000008224: 84848206
	s_wait_alu 0xfffe                                          // 000000008228: BF88FFFE
	s_add_nc_u64 s[4:5], s[10:11], s[4:5]                      // 00000000822C: A984040A
	v_mad_co_u64_u32 v[2:3], null, 0xc8, v3, v[2:3]            // 000000008230: D6FE7C02 040A06FF 000000C8
	s_wait_alu 0xfffe                                          // 00000000823C: BF88FFFE
	v_add_co_u32 v3, vcc_lo, s4, v4                            // 000000008240: D7006A03 00020804
	s_wait_alu 0xfffd                                          // 000000008248: BF88FFFD
	v_add_co_ci_u32_e64 v4, null, s5, v5, vcc_lo               // 00000000824C: D5207C04 01AA0A05
	s_delay_alu instid0(VALU_DEP_2) | instskip(SKIP_1) | instid1(VALU_DEP_2)// 000000008254: BF870122
	v_add_co_u32 v3, vcc_lo, v3, 28                            // 000000008258: D7006A03 00013903
	s_wait_alu 0xfffd                                          // 000000008260: BF88FFFD
	v_add_co_ci_u32_e64 v4, null, 0, v4, vcc_lo                // 000000008264: D5207C04 01AA0880
	v_add_co_u32 v5, vcc_lo, v1, v23                           // 00000000826C: D7006A05 00022F01
	s_wait_alu 0xfffd                                          // 000000008274: BF88FFFD
	v_add_co_ci_u32_e64 v6, null, 0, v2, vcc_lo                // 000000008278: D5207C06 01AA0480
	v_mov_b32_e32 v15, 0                                       // 000000008280: 7E1E0280
	s_add_co_i32 s2, s2, 1                                     // 000000008284: 81028102
	s_clause 0x2                                               // 000000008288: BF850002
	flat_load_b32 v16, v[5:6] offset:8                         // 00000000828C: EC05007C 00000010 00000805
	flat_load_d16_b16 v15, v[5:6] offset:12                    // 000000008298: EC08007C 0000000F 00000C05
	flat_load_b64 v[13:14], v[1:2]                             // 0000000082A4: EC05407C 0000000D 00000001
	s_clause 0x1                                               // 0000000082B0: BF850001
	global_load_b128 v[5:8], v[3:4], off offset:-28            // 0000000082B4: EE05C07C 00000005 FFFFE403
	global_load_b128 v[9:12], v[3:4], off offset:-12           // 0000000082C0: EE05C07C 00000009 FFFFF403
	v_add_co_u32 v1, vcc_lo, 0xc8, v1                          // 0000000082CC: D7006A01 000202FF 000000C8
	s_wait_alu 0xfffd                                          // 0000000082D8: BF88FFFD
	v_add_co_ci_u32_e64 v2, null, 0, v2, vcc_lo                // 0000000082DC: D5207C02 01AA0480
	v_add_co_u32 v3, vcc_lo, 0x400, v3                         // 0000000082E4: D7006A03 000206FF 00000400
	s_wait_alu 0xfffd                                          // 0000000082F0: BF88FFFD
	v_add_co_ci_u32_e64 v4, null, 0, v4, vcc_lo                // 0000000082F4: D5207C04 01AA0880
	s_wait_alu 0xfffe                                          // 0000000082FC: BF88FFFE
	s_cmp_ge_i32 s2, s15                                       // 000000008300: BF030F02
	s_wait_loadcnt_dscnt 0x402                                 // 000000008304: BFC80402
	v_bfe_u32 v17, v16, 6, 6                                   // 000000008308: D6100011 02190D10
	v_and_b32_e32 v19, 63, v16                                 // 000000008310: 362620BF
	v_bfe_u32 v24, v16, 12, 6                                  // 000000008314: D6100018 02191910
	v_bfe_u32 v25, v16, 18, 6                                  // 00000000831C: D6100019 02192510
	s_delay_alu instid0(VALU_DEP_4) | instskip(NEXT) | instid1(VALU_DEP_4)// 000000008324: BF870214
	v_cvt_f32_ubyte0_e32 v17, v17                              // 000000008328: 7E222311
	v_cvt_f32_ubyte0_e32 v19, v19                              // 00000000832C: 7E262313
	s_delay_alu instid0(VALU_DEP_4) | instskip(NEXT) | instid1(VALU_DEP_4)// 000000008330: BF870214
	v_cvt_f32_ubyte0_e32 v24, v24                              // 000000008334: 7E302318
	v_cvt_f32_ubyte0_e32 v25, v25                              // 000000008338: 7E322319
	s_wait_loadcnt_dscnt 0x200                                 // 00000000833C: BFC80200
	v_fma_f32 v17, v13, v17, v14                               // 000000008340: D6130011 043A230D
	v_fma_f32 v19, v13, v19, v14                               // 000000008348: D6130013 043A270D
	v_fma_f32 v24, v13, v24, v14                               // 000000008350: D6130018 043A310D
	s_wait_loadcnt 0x1                                         // 000000008358: BFC00001
	s_delay_alu instid0(VALU_DEP_3) | instskip(SKIP_2) | instid1(VALU_DEP_3)// 00000000835C: BF8701B3
	v_mul_f32_e32 v6, v6, v17                                  // 000000008360: 100C2306
	v_bfe_u32 v17, v16, 24, 6                                  // 000000008364: D6100011 02193110
	v_alignbit_b32 v16, v15, v16, 30                           // 00000000836C: D6160010 027A210F
	v_fmac_f32_e32 v6, v19, v5                                 // 000000008374: 560C0B13
	s_delay_alu instid0(VALU_DEP_2) | instskip(NEXT) | instid1(VALU_DEP_4)// 000000008378: BF870212
	v_and_b32_e32 v5, 63, v16                                  // 00000000837C: 360A20BF
	v_cvt_f32_ubyte0_e32 v16, v17                              // 000000008380: 7E202311
	v_fma_f32 v17, v13, v25, v14                               // 000000008384: D6130011 043A330D
	s_delay_alu instid0(VALU_DEP_4) | instskip(SKIP_3) | instid1(VALU_DEP_4)// 00000000838C: BF870244
	v_fmac_f32_e32 v6, v7, v24                                 // 000000008390: 560C3107
	v_bfe_u32 v7, v15, 4, 6                                    // 000000008394: D6100007 0219090F
	v_cvt_f32_ubyte0_e32 v5, v5                                // 00000000839C: 7E0A2305
	v_fma_f32 v16, v13, v16, v14                               // 0000000083A0: D6130010 043A210D
	v_fmac_f32_e32 v6, v17, v8                                 // 0000000083A8: 560C1111
	v_lshrrev_b32_e32 v8, 10, v15                              // 0000000083AC: 32101E8A
	v_cvt_f32_ubyte0_e32 v7, v7                                // 0000000083B0: 7E0E2307
	v_fma_f32 v5, v13, v5, v14                                 // 0000000083B4: D6130005 043A0B0D
	s_wait_loadcnt 0x0                                         // 0000000083BC: BFC00000
	v_fmac_f32_e32 v6, v16, v9                                 // 0000000083C0: 560C1310
	v_cvt_f32_ubyte0_e32 v8, v8                                // 0000000083C4: 7E102308
	v_fma_f32 v7, v13, v7, v14                                 // 0000000083C8: D6130007 043A0F0D
	s_delay_alu instid0(VALU_DEP_3) | instskip(NEXT) | instid1(VALU_DEP_3)// 0000000083D0: BF870193
	v_fmac_f32_e32 v6, v5, v10                                 // 0000000083D4: 560C1505
	v_fmac_f32_e32 v14, v13, v8                                // 0000000083D8: 561C110D
	s_delay_alu instid0(VALU_DEP_2) | instskip(NEXT) | instid1(VALU_DEP_1)// 0000000083DC: BF870092
	v_fmac_f32_e32 v6, v7, v11                                 // 0000000083E0: 560C1707
	v_fmac_f32_e32 v6, v14, v12                                // 0000000083E4: 560C190E
	s_delay_alu instid0(VALU_DEP_1)                            // 0000000083E8: BF870001
	v_add_f32_e32 v18, v18, v6                                 // 0000000083EC: 06240D12
	s_cbranch_scc0 65438                                       // 0000000083F0: BFA1FF9E <gemv_mixed_moe_gate_up_swiglu_k8_indexed_batched_wave64_gfx12+0x116c>
	s_mov_b64 s[8:9], -1                                       // 0000000083F4: BE8801C1
	v_mov_b32_e32 v1, 0                                        // 0000000083F8: 7E020280
	v_mov_b32_e32 v2, 0                                        // 0000000083FC: 7E040280
	v_mov_b32_e32 v3, 0                                        // 000000008400: 7E060280
	s_wait_alu 0xfffe                                          // 000000008404: BF88FFFE
	s_and_b64 vcc, exec, s[8:9]                                // 000000008408: 8BEA087E
	s_wait_alu 0xfffe                                          // 00000000840C: BF88FFFE
	s_cbranch_vccz 3                                           // 000000008410: BFA30003 <gemv_mixed_moe_gate_up_swiglu_k8_indexed_batched_wave64_gfx12+0x1320>
	v_mov_b32_e32 v1, v22                                      // 000000008414: 7E020316
	v_mov_b32_e32 v2, v21                                      // 000000008418: 7E040315
	v_mov_b32_e32 v3, v20                                      // 00000000841C: 7E060314
	v_mbcnt_lo_u32_b32 v4, -1, 0                               // 000000008420: D71F0004 000100C1
	s_delay_alu instid0(VALU_DEP_2) | instskip(NEXT) | instid1(VALU_DEP_4)// 000000008428: BF870212
	v_add_f32_e32 v3, v3, v18                                  // 00000000842C: 06062503
	v_add_f32_e32 v1, v1, v2                                   // 000000008430: 06020501
	s_mov_b32 s17, 0                                           // 000000008434: BE910080
	s_mov_b64 s[2:3], exec                                     // 000000008438: BE82017E
	v_mbcnt_hi_u32_b32 v4, -1, v4                              // 00000000843C: D7200004 000208C1
	s_delay_alu instid0(VALU_DEP_2) | instskip(NEXT) | instid1(VALU_DEP_2)// 000000008444: BF870112
	v_add_f32_e32 v1, v1, v3                                   // 000000008448: 06020701
	v_lshlrev_b32_e32 v5, 2, v4                                // 00000000844C: 300A0882
	v_and_b32_e32 v3, 31, v4                                   // 000000008450: 3606089F
	s_delay_alu instid0(VALU_DEP_2) | instskip(NEXT) | instid1(VALU_DEP_2)// 000000008454: BF870112
	v_or_b32_e32 v2, 64, v5                                    // 000000008458: 38040AC0
	v_cmp_gt_u32_e32 vcc_lo, 24, v3                            // 00000000845C: 7C980698
	ds_bpermute_b32 v2, v2, v1                                 // 000000008460: DACC0000 02000102
	s_wait_alu 0xfffd                                          // 000000008468: BF88FFFD
	v_cndmask_b32_e64 v6, 0, 8, vcc_lo                         // 00000000846C: D5010006 01A91080
	v_cmp_gt_u32_e32 vcc_lo, 28, v3                            // 000000008474: 7C98069C
	s_delay_alu instid0(VALU_DEP_2)                            // 000000008478: BF870002
	v_add_lshl_u32 v6, v6, v4, 2                               // 00000000847C: D6470006 020A0906
	s_wait_dscnt 0x0                                           // 000000008484: BFC60000
	v_add_f32_e32 v1, v1, v2                                   // 000000008488: 06020501
	ds_bpermute_b32 v2, v6, v1                                 // 00000000848C: DACC0000 02000106
	s_wait_alu 0xfffd                                          // 000000008494: BF88FFFD
	v_cndmask_b32_e64 v6, 0, 4, vcc_lo                         // 000000008498: D5010006 01A90880
	v_cmp_gt_u32_e32 vcc_lo, 30, v3                            // 0000000084A0: 7C98069E
	s_delay_alu instid0(VALU_DEP_2)                            // 0000000084A4: BF870002
	v_add_lshl_u32 v6, v6, v4, 2                               // 0000000084A8: D6470006 020A0906
	s_wait_dscnt 0x0                                           // 0000000084B0: BFC60000
	v_add_f32_e32 v1, v1, v2                                   // 0000000084B4: 06020501
	ds_bpermute_b32 v2, v6, v1                                 // 0000000084B8: DACC0000 02000106
	s_wait_alu 0xfffd                                          // 0000000084C0: BF88FFFD
	v_cndmask_b32_e64 v6, 0, 2, vcc_lo                         // 0000000084C4: D5010006 01A90480
	v_cmp_ne_u32_e32 vcc_lo, 31, v3                            // 0000000084CC: 7C9A069F
	s_delay_alu instid0(VALU_DEP_2) | instskip(SKIP_2) | instid1(VALU_DEP_1)// 0000000084D0: BF8700B2
	v_add_lshl_u32 v6, v6, v4, 2                               // 0000000084D4: D6470006 020A0906
	s_wait_alu 0xfffd                                          // 0000000084DC: BF88FFFD
	v_add_co_ci_u32_e64 v3, null, 0, v4, vcc_lo                // 0000000084E0: D5207C03 01AA0880
	v_lshlrev_b32_e32 v3, 2, v3                                // 0000000084E8: 30060682
	s_wait_dscnt 0x0                                           // 0000000084EC: BFC60000
	v_add_f32_e32 v1, v1, v2                                   // 0000000084F0: 06020501
	ds_bpermute_b32 v2, v6, v1                                 // 0000000084F4: DACC0000 02000106
	s_wait_dscnt 0x0                                           // 0000000084FC: BFC60000
	v_add_f32_e32 v1, v1, v2                                   // 000000008500: 06020501
	ds_bpermute_b32 v2, v3, v1                                 // 000000008504: DACC0000 02000103
	s_wait_dscnt 0x0                                           // 00000000850C: BFC60000
	v_add_f32_e32 v2, v1, v2                                   // 000000008510: 06040501
	v_and_b32_e32 v1, 0x100, v5                                // 000000008514: 36020AFF 00000100
	ds_bpermute_b32 v1, v1, v2 offset:128                      // 00000000851C: DACC0080 01000201
	v_cmpx_eq_u32_e32 0, v0                                    // 000000008524: 7D940080
	s_cbranch_execz 77                                         // 000000008528: BFA5004D <gemv_mixed_moe_gate_up_swiglu_k8_indexed_batched_wave64_gfx12+0x1560>
	v_mul_f32_e32 v0, 0xbfb8aa3b, v2                           // 00000000852C: 100004FF BFB8AA3B
	v_cmp_nlt_f32_e32 vcc_lo, 0x42ce8ed0, v2                   // 000000008534: 7C3C04FF 42CE8ED0
	s_load_b64 s[0:1], s[0:1], 0x20                            // 00000000853C: F4002000 F8000020
	s_wait_kmcnt 0x0                                           // 000000008544: BFC70000
	s_ashr_i32 s5, s14, 31                                     // 000000008548: 86059F0E
	s_mov_b32 s4, s14                                          // 00000000854C: BE84000E
	v_rndne_f32_e32 v3, v0                                     // 000000008550: 7E064700
	v_fma_f32 v4, 0xbfb8aa3b, v2, -v0                          // 000000008554: D6130004 840204FF BFB8AA3B
	s_wait_alu 0xfffe                                          // 000000008560: BF88FFFE
	s_mul_u64 s[4:5], s[4:5], s[18:19]                         // 000000008564: AA841204
	s_ashr_i32 s13, s12, 31                                    // 000000008568: 860D9F0C
	s_wait_alu 0xfffe                                          // 00000000856C: BF88FFFE
	s_add_nc_u64 s[4:5], s[4:5], s[16:17]                      // 000000008570: A9841004
	v_sub_f32_e32 v0, v0, v3                                   // 000000008574: 08000700
	v_fmamk_f32 v4, v2, 0xb2a5705f, v4                         // 000000008578: 58080902 B2A5705F
	v_cvt_i32_f32_e32 v3, v3                                   // 000000008580: 7E061103
	s_wait_alu 0xfffe                                          // 000000008584: BF88FFFE
	s_mul_u64 s[4:5], s[4:5], s[12:13]                         // 000000008588: AA840C04
	s_mov_b32 s2, ttmp9                                        // 00000000858C: BE820075
	s_wait_alu 0xfffe                                          // 000000008590: BF88FFFE
	s_lshl_b64 s[4:5], s[4:5], 2                               // 000000008594: 84848204
	v_add_f32_e32 v0, v0, v4                                   // 000000008598: 06000900
	s_ashr_i32 s3, ttmp9, 31                                   // 00000000859C: 86039F75
	s_wait_alu 0xfffe                                          // 0000000085A0: BF88FFFE
	s_lshl_b64 s[2:3], s[2:3], 2                               // 0000000085A4: 84828202
	s_delay_alu instid0(VALU_DEP_1) | instskip(SKIP_3) | instid1(TRANS32_DEP_1)// 0000000085A8: BF8702C1
	v_exp_f32_e32 v0, v0                                       // 0000000085AC: 7E004B00
	s_add_nc_u64 s[0:1], s[0:1], s[4:5]                        // 0000000085B0: A9800400
	s_wait_alu 0xfffe                                          // 0000000085B4: BF88FFFE
	s_add_nc_u64 s[0:1], s[0:1], s[2:3]                        // 0000000085B8: A9800200
	v_ldexp_f32 v0, v0, v3                                     // 0000000085BC: D71C0000 00020700
	s_delay_alu instid0(VALU_DEP_1) | instskip(SKIP_2) | instid1(VALU_DEP_2)// 0000000085C4: BF870131
	v_cndmask_b32_e32 v0, 0, v0, vcc_lo                        // 0000000085C8: 02000080
	v_cmp_ngt_f32_e32 vcc_lo, 0xc2b17218, v2                   // 0000000085CC: 7C3604FF C2B17218
	s_wait_alu 0xfffd                                          // 0000000085D4: BF88FFFD
	v_cndmask_b32_e32 v0, 0x7f800000, v0, vcc_lo               // 0000000085D8: 020000FF 7F800000
	s_delay_alu instid0(VALU_DEP_1) | instskip(NEXT) | instid1(VALU_DEP_1)// 0000000085E0: BF870091
	v_add_f32_e32 v0, 1.0, v0                                  // 0000000085E4: 060000F2
	v_div_scale_f32 v3, null, v0, v0, v2                       // 0000000085E8: D6FC7C03 040A0100
	v_div_scale_f32 v6, vcc_lo, v2, v0, v2                     // 0000000085F0: D6FC6A06 040A0102
	s_delay_alu instid0(VALU_DEP_2) | instskip(NEXT) | instid1(TRANS32_DEP_1)// 0000000085F8: BF870292
	v_rcp_f32_e32 v4, v3                                       // 0000000085FC: 7E085503
	v_fma_f32 v5, -v3, v4, 1.0                                 // 000000008600: D6130005 23CA0903
	s_delay_alu instid0(VALU_DEP_1) | instskip(NEXT) | instid1(VALU_DEP_1)// 000000008608: BF870091
	v_fmac_f32_e32 v4, v5, v4                                  // 00000000860C: 56080905
	v_mul_f32_e32 v5, v6, v4                                   // 000000008610: 100A0906
	s_delay_alu instid0(VALU_DEP_1) | instskip(NEXT) | instid1(VALU_DEP_1)// 000000008614: BF870091
	v_fma_f32 v7, -v3, v5, v6                                  // 000000008618: D6130007 241A0B03
	v_fmac_f32_e32 v5, v7, v4                                  // 000000008620: 560A0907
	s_delay_alu instid0(VALU_DEP_1) | instskip(SKIP_1) | instid1(VALU_DEP_1)// 000000008624: BF8700A1
	v_fma_f32 v3, -v3, v5, v6                                  // 000000008628: D6130003 241A0B03
	s_wait_alu 0xfffd                                          // 000000008630: BF88FFFD
	v_div_fmas_f32 v3, v3, v4, v5                              // 000000008634: D6370003 04160903
	s_delay_alu instid0(VALU_DEP_1) | instskip(SKIP_1) | instid1(VALU_DEP_1)// 00000000863C: BF8700A1
	v_div_fixup_f32 v0, v3, v0, v2                             // 000000008640: D6270000 040A0103
	s_wait_dscnt 0x0                                           // 000000008648: BFC60000
	v_mul_f32_e32 v0, v0, v1                                   // 00000000864C: 10000300
	v_mov_b32_e32 v1, 0                                        // 000000008650: 7E020280
	global_store_b32 v1, v0, s[0:1]                            // 000000008654: EE068000 00000000 00000001
	s_nop 0                                                    // 000000008660: BF800000
	s_sendmsg sendmsg(MSG_DEALLOC_VGPRS)                       // 000000008664: BFB60003
	s_endpgm                                                   // 000000008668: BFB00000
	s_code_end                                                 // 00000000866C: BF9F0000
	s_code_end                                                 // 000000008670: BF9F0000
	s_code_end                                                 // 000000008674: BF9F0000
	s_code_end                                                 // 000000008678: BF9F0000
	s_code_end                                                 // 00000000867C: BF9F0000
	s_code_end                                                 // 000000008680: BF9F0000
	s_code_end                                                 // 000000008684: BF9F0000
	s_code_end                                                 // 000000008688: BF9F0000
	s_code_end                                                 // 00000000868C: BF9F0000
	s_code_end                                                 // 000000008690: BF9F0000
	s_code_end                                                 // 000000008694: BF9F0000
	s_code_end                                                 // 000000008698: BF9F0000
	s_code_end                                                 // 00000000869C: BF9F0000
	s_code_end                                                 // 0000000086A0: BF9F0000
	s_code_end                                                 // 0000000086A4: BF9F0000
	s_code_end                                                 // 0000000086A8: BF9F0000
	s_code_end                                                 // 0000000086AC: BF9F0000
	s_code_end                                                 // 0000000086B0: BF9F0000
	s_code_end                                                 // 0000000086B4: BF9F0000
	s_code_end                                                 // 0000000086B8: BF9F0000
	s_code_end                                                 // 0000000086BC: BF9F0000
	s_code_end                                                 // 0000000086C0: BF9F0000
	s_code_end                                                 // 0000000086C4: BF9F0000
	s_code_end                                                 // 0000000086C8: BF9F0000
	s_code_end                                                 // 0000000086CC: BF9F0000
	s_code_end                                                 // 0000000086D0: BF9F0000
	s_code_end                                                 // 0000000086D4: BF9F0000
	s_code_end                                                 // 0000000086D8: BF9F0000
	s_code_end                                                 // 0000000086DC: BF9F0000
	s_code_end                                                 // 0000000086E0: BF9F0000
	s_code_end                                                 // 0000000086E4: BF9F0000
	s_code_end                                                 // 0000000086E8: BF9F0000
	s_code_end                                                 // 0000000086EC: BF9F0000
	s_code_end                                                 // 0000000086F0: BF9F0000
	s_code_end                                                 // 0000000086F4: BF9F0000
	s_code_end                                                 // 0000000086F8: BF9F0000
	s_code_end                                                 // 0000000086FC: BF9F0000
	s_code_end                                                 // 000000008700: BF9F0000
	s_code_end                                                 // 000000008704: BF9F0000
	s_code_end                                                 // 000000008708: BF9F0000
	s_code_end                                                 // 00000000870C: BF9F0000
	s_code_end                                                 // 000000008710: BF9F0000
	s_code_end                                                 // 000000008714: BF9F0000
	s_code_end                                                 // 000000008718: BF9F0000
	s_code_end                                                 // 00000000871C: BF9F0000
	s_code_end                                                 // 000000008720: BF9F0000
	s_code_end                                                 // 000000008724: BF9F0000
	s_code_end                                                 // 000000008728: BF9F0000
	s_code_end                                                 // 00000000872C: BF9F0000
	s_code_end                                                 // 000000008730: BF9F0000
	s_code_end                                                 // 000000008734: BF9F0000
	s_code_end                                                 // 000000008738: BF9F0000
	s_code_end                                                 // 00000000873C: BF9F0000
	s_code_end                                                 // 000000008740: BF9F0000
	s_code_end                                                 // 000000008744: BF9F0000
	s_code_end                                                 // 000000008748: BF9F0000
	s_code_end                                                 // 00000000874C: BF9F0000
	s_code_end                                                 // 000000008750: BF9F0000
	s_code_end                                                 // 000000008754: BF9F0000
	s_code_end                                                 // 000000008758: BF9F0000
	s_code_end                                                 // 00000000875C: BF9F0000
	s_code_end                                                 // 000000008760: BF9F0000
	s_code_end                                                 // 000000008764: BF9F0000
	s_code_end                                                 // 000000008768: BF9F0000
	s_code_end                                                 // 00000000876C: BF9F0000
	s_code_end                                                 // 000000008770: BF9F0000
	s_code_end                                                 // 000000008774: BF9F0000
	s_code_end                                                 // 000000008778: BF9F0000
	s_code_end                                                 // 00000000877C: BF9F0000
	s_code_end                                                 // 000000008780: BF9F0000
	s_code_end                                                 // 000000008784: BF9F0000
	s_code_end                                                 // 000000008788: BF9F0000
	s_code_end                                                 // 00000000878C: BF9F0000
	s_code_end                                                 // 000000008790: BF9F0000
	s_code_end                                                 // 000000008794: BF9F0000
	s_code_end                                                 // 000000008798: BF9F0000
	s_code_end                                                 // 00000000879C: BF9F0000
	s_code_end                                                 // 0000000087A0: BF9F0000
	s_code_end                                                 // 0000000087A4: BF9F0000
	s_code_end                                                 // 0000000087A8: BF9F0000
	s_code_end                                                 // 0000000087AC: BF9F0000
	s_code_end                                                 // 0000000087B0: BF9F0000
	s_code_end                                                 // 0000000087B4: BF9F0000
	s_code_end                                                 // 0000000087B8: BF9F0000
	s_code_end                                                 // 0000000087BC: BF9F0000
	s_code_end                                                 // 0000000087C0: BF9F0000
	s_code_end                                                 // 0000000087C4: BF9F0000
	s_code_end                                                 // 0000000087C8: BF9F0000
	s_code_end                                                 // 0000000087CC: BF9F0000
	s_code_end                                                 // 0000000087D0: BF9F0000
	s_code_end                                                 // 0000000087D4: BF9F0000
	s_code_end                                                 // 0000000087D8: BF9F0000
	s_code_end                                                 // 0000000087DC: BF9F0000
	s_code_end                                                 // 0000000087E0: BF9F0000
	s_code_end                                                 // 0000000087E4: BF9F0000
	s_code_end                                                 // 0000000087E8: BF9F0000
	s_code_end                                                 // 0000000087EC: BF9F0000
	s_code_end                                                 // 0000000087F0: BF9F0000
	s_code_end                                                 // 0000000087F4: BF9F0000
	s_code_end                                                 // 0000000087F8: BF9F0000
	s_code_end                                                 // 0000000087FC: BF9F0000
