"Kind","Agent_Id","Queue_Id","Stream_Id","Thread_Id","Dispatch_Id","Kernel_Id","Kernel_Name","Correlation_Id","Start_Timestamp","End_Timestamp","LDS_Block_Size","Scratch_Size","VGPR_Count","Accum_VGPR_Count","SGPR_Count","Workgroup_Size_X","Workgroup_Size_Y","Workgroup_Size_Z","Grid_Size_X","Grid_Size_Y","Grid_Size_Z"
"KERNEL_DISPATCH","Agent 2",1,0,1123883,1,8,"__amd_rocclr_copyBuffer",1,104084655594976,104084655598456,0,0,16,0,128,512,1,1,512,1,1
"KERNEL_DISPATCH","Agent 2",1,0,1123883,2,8,"__amd_rocclr_copyBuffer",2,104084655819868,104084655822348,0,0,16,0,128,512,1,1,512,1,1
"KERNEL_DISPATCH","Agent 2",1,0,1123883,3,8,"__amd_rocclr_copyBuffer",3,104084655936700,104084655939340,0,0,16,0,128,512,1,1,512,1,1
"KERNEL_DISPATCH","Agent 2",1,0,1123883,4,8,"__amd_rocclr_copyBuffer",4,104084669713824,104084669717304,0,0,16,0,128,512,1,1,512,1,1
"KERNEL_DISPATCH","Agent 2",1,0,1123883,5,8,"__amd_rocclr_copyBuffer",5,104084669759494,104084669762094,0,0,16,0,128,512,1,1,512,1,1
"KERNEL_DISPATCH","Agent 2",1,0,1123883,6,8,"__amd_rocclr_copyBuffer",6,104084669845235,104084669847836,0,0,16,0,128,512,1,1,512,1,1
"KERNEL_DISPATCH","Agent 2",1,0,1123883,7,8,"__amd_rocclr_copyBuffer",7,104084683558149,104084683560989,0,0,16,0,128,512,1,1,512,1,1
"KERNEL_DISPATCH","Agent 2",1,0,1123883,8,8,"__amd_rocclr_copyBuffer",8,104084683593819,104084683596499,0,0,16,0,128,512,1,1,512,1,1
"KERNEL_DISPATCH","Agent 2",1,0,1123883,9,8,"__amd_rocclr_copyBuffer",9,104084683703021,104084683705701,0,0,16,0,128,512,1,1,512,1,1
"KERNEL_DISPATCH","Agent 2",1,0,1123883,10,8,"__amd_rocclr_copyBuffer",10,104084699302449,104084699305369,0,0,16,0,128,512,1,1,512,1,1
"KERNEL_DISPATCH","Agent 2",1,0,1123883,11,8,"__amd_rocclr_copyBuffer",11,104084699338529,104084699341209,0,0,16,0,128,512,1,1,512,1,1
"KERNEL_DISPATCH","Agent 2",1,0,1123883,12,8,"__amd_rocclr_copyBuffer",12,104084712548776,104084712551616,0,0,16,0,128,512,1,1,512,1,1
"KERNEL_DISPATCH","Agent 2",1,0,1123883,13,8,"__amd_rocclr_copyBuffer",13,104084712583006,104084712585606,0,0,16,0,128,512,1,1,512,1,1
"KERNEL_DISPATCH","Agent 2",1,0,1123883,14,8,"__amd_rocclr_copyBuffer",14,104084712680237,104084712682917,0,0,16,0,128,512,1,1,512,1,1
"KERNEL_DISPATCH","Agent 2",1,0,1123883,15,8,"__amd_rocclr_copyBuffer",15,104084723478428,104084723481068,0,0,16,0,128,512,1,1,512,1,1
"KERNEL_DISPATCH","Agent 2",1,0,1123883,16,8,"__amd_rocclr_copyBuffer",16,104084723520428,104084723523068,0,0,16,0,128,512,1,1,512,1,1
"KERNEL_DISPATCH","Agent 2",1,0,1123883,17,8,"__amd_rocclr_copyBuffer",17,104084723617439,104084723620119,0,0,16,0,128,512,1,1,512,1,1
"KERNEL_DISPATCH","Agent 2",1,0,1123883,18,8,"__amd_rocclr_copyBuffer",18,104084732967603,104084732970523,0,0,16,0,128,512,1,1,512,1,1
"KERNEL_DISPATCH","Agent 2",1,0,1123883,19,8,"__amd_rocclr_copyBuffer",19,104084733013063,104084733015703,0,0,16,0,128,512,1,1,512,1,1
"KERNEL_DISPATCH","Agent 2",1,0,1123883,20,8,"__amd_rocclr_copyBuffer",20,104084733126135,104084733128815,0,0,16,0,128,512,1,1,512,1,1
"KERNEL_DISPATCH","Agent 2",1,0,1123883,21,8,"__amd_rocclr_copyBuffer",21,104084743535223,104084743538183,0,0,16,0,128,512,1,1,512,1,1
"KERNEL_DISPATCH","Agent 2",1,0,1123883,22,8,"__amd_rocclr_copyBuffer",22,104084743575853,104084743578533,0,0,16,0,128,512,1,1,512,1,1
"KERNEL_DISPATCH","Agent 2",1,0,1123883,23,8,"__amd_rocclr_copyBuffer",23,104084752173067,104084752175947,0,0,16,0,128,512,1,1,512,1,1
"KERNEL_DISPATCH","Agent 2",1,0,1123883,24,8,"__amd_rocclr_copyBuffer",24,104084752211727,104084752214407,0,0,16,0,128,512,1,1,512,1,1
"KERNEL_DISPATCH","Agent 2",1,0,1123883,25,8,"__amd_rocclr_copyBuffer",25,104084752306869,104084752309509,0,0,16,0,128,512,1,1,512,1,1
"KERNEL_DISPATCH","Agent 2",1,0,1123883,26,8,"__amd_rocclr_copyBuffer",26,104084761810474,104084761813314,0,0,16,0,128,512,1,1,512,1,1
"KERNEL_DISPATCH","Agent 2",1,0,1123883,27,8,"__amd_rocclr_copyBuffer",27,104084761851505,104084761854105,0,0,16,0,128,512,1,1,512,1,1
"KERNEL_DISPATCH","Agent 2",1,0,1123883,28,8,"__amd_rocclr_copyBuffer",28,104084761958586,104084761961186,0,0,16,0,128,512,1,1,512,1,1
"KERNEL_DISPATCH","Agent 2",1,0,1123883,29,8,"__amd_rocclr_copyBuffer",29,104084771991889,104084771994689,0,0,16,0,128,512,1,1,512,1,1
"KERNEL_DISPATCH","Agent 2",1,0,1123883,30,8,"__amd_rocclr_copyBuffer",30,104084772032080,104084772034680,0,0,16,0,128,512,1,1,512,1,1
"KERNEL_DISPATCH","Agent 2",1,0,1123883,31,8,"__amd_rocclr_copyBuffer",31,104084772125511,104084772128191,0,0,16,0,128,512,1,1,512,1,1
"KERNEL_DISPATCH","Agent 2",1,0,1123883,32,8,"__amd_rocclr_copyBuffer",32,104084785725881,104084785728681,0,0,16,0,128,512,1,1,512,1,1
"KERNEL_DISPATCH","Agent 2",1,0,1123883,33,8,"__amd_rocclr_copyBuffer",33,104084785765981,104084785768661,0,0,16,0,128,512,1,1,512,1,1
"KERNEL_DISPATCH","Agent 2",1,0,1123883,34,8,"__amd_rocclr_copyBuffer",34,104084797146939,104084797149819,0,0,16,0,128,512,1,1,512,1,1
"KERNEL_DISPATCH","Agent 2",1,0,1123883,35,8,"__amd_rocclr_copyBuffer",35,104084797192399,104084797194959,0,0,16,0,128,512,1,1,512,1,1
"KERNEL_DISPATCH","Agent 2",1,0,1123883,36,8,"__amd_rocclr_copyBuffer",36,104084797285600,104084797288320,0,0,16,0,128,512,1,1,512,1,1
"KERNEL_DISPATCH","Agent 2",1,0,1123883,37,8,"__amd_rocclr_copyBuffer",37,104084809941878,104084809944518,0,0,16,0,128,512,1,1,512,1,1
"KERNEL_DISPATCH","Agent 2",1,0,1123883,38,8,"__amd_rocclr_copyBuffer",38,104084809981549,104084809983869,0,0,16,0,128,512,1,1,512,1,1
"KERNEL_DISPATCH","Agent 2",1,0,1123883,39,8,"__amd_rocclr_copyBuffer",39,104084810075960,104084810078560,0,0,16,0,128,512,1,1,512,1,1
"KERNEL_DISPATCH","Agent 2",1,0,1123883,40,8,"__amd_rocclr_copyBuffer",40,104084820689861,104084820692341,0,0,16,0,128,512,1,1,512,1,1
"KERNEL_DISPATCH","Agent 2",1,0,1123883,41,8,"__amd_rocclr_copyBuffer",41,104084820724511,104084820726711,0,0,16,0,128,512,1,1,512,1,1
"KERNEL_DISPATCH","Agent 2",1,0,1123883,42,8,"__amd_rocclr_copyBuffer",42,104084820818552,104084820820992,0,0,16,0,128,512,1,1,512,1,1
"KERNEL_DISPATCH","Agent 2",1,0,1123883,43,8,"__amd_rocclr_copyBuffer",43,104084831366022,104084831368582,0,0,16,0,128,512,1,1,512,1,1
"KERNEL_DISPATCH","Agent 2",1,0,1123883,44,8,"__amd_rocclr_copyBuffer",44,104084831405663,104084831408183,0,0,16,0,128,512,1,1,512,1,1
"KERNEL_DISPATCH","Agent 2",1,0,1123883,45,8,"__amd_rocclr_copyBuffer",45,104084840303051,104084840305491,0,0,16,0,128,512,1,1,512,1,1
"KERNEL_DISPATCH","Agent 2",1,0,1123883,46,8,"__amd_rocclr_copyBuffer",46,104084840344501,104084840346821,0,0,16,0,128,512,1,1,512,1,1
"KERNEL_DISPATCH","Agent 2",1,0,1123883,47,8,"__amd_rocclr_copyBuffer",47,104084840438533,104084840441173,0,0,16,0,128,512,1,1,512,1,1
"KERNEL_DISPATCH","Agent 2",1,0,1123883,48,8,"__amd_rocclr_copyBuffer",48,104084849669825,104084849672665,0,0,16,0,128,512,1,1,512,1,1
"KERNEL_DISPATCH","Agent 2",1,0,1123883,49,8,"__amd_rocclr_copyBuffer",49,104084849705636,104084849708316,0,0,16,0,128,512,1,1,512,1,1
"KERNEL_DISPATCH","Agent 2",1,0,1123883,50,8,"__amd_rocclr_copyBuffer",50,104084849817267,104084849819867,0,0,16,0,128,512,1,1,512,1,1
"KERNEL_DISPATCH","Agent 2",1,0,1123883,51,8,"__amd_rocclr_copyBuffer",51,104084859113820,104084859116780,0,0,16,0,128,512,1,1,512,1,1
"KERNEL_DISPATCH","Agent 2",1,0,1123883,52,8,"__amd_rocclr_copyBuffer",52,104084859154921,104084859157561,0,0,16,0,128,512,1,1,512,1,1
"KERNEL_DISPATCH","Agent 2",1,0,1123883,53,8,"__amd_rocclr_copyBuffer",53,104084859249432,104084859251992,0,0,16,0,128,512,1,1,512,1,1
"KERNEL_DISPATCH","Agent 2",1,0,1123883,54,8,"__amd_rocclr_copyBuffer",54,104084867865166,104084867867446,0,0,16,0,128,512,1,1,512,1,1
"KERNEL_DISPATCH","Agent 2",1,0,1123883,55,8,"__amd_rocclr_copyBuffer",55,104084867911586,104084867914106,0,0,16,0,128,512,1,1,512,1,1
"KERNEL_DISPATCH","Agent 2",1,0,1123883,56,8,"__amd_rocclr_copyBuffer",56,104084874267890,104084874270330,0,0,16,0,128,512,1,1,512,1,1
"KERNEL_DISPATCH","Agent 2",1,0,1123883,57,8,"__amd_rocclr_copyBuffer",57,104084874306940,104084874309340,0,0,16,0,128,512,1,1,512,1,1
"KERNEL_DISPATCH","Agent 2",1,0,1123883,58,8,"__amd_rocclr_copyBuffer",58,104084874397501,104084874399821,0,0,16,0,128,512,1,1,512,1,1
"KERNEL_DISPATCH","Agent 2",1,0,1123883,59,8,"__amd_rocclr_copyBuffer",59,104084881141840,104084881144360,0,0,16,0,128,512,1,1,512,1,1
"KERNEL_DISPATCH","Agent 2",1,0,1123883,60,8,"__amd_rocclr_copyBuffer",60,104084881186801,104084881189241,0,0,16,0,128,512,1,1,512,1,1
"KERNEL_DISPATCH","Agent 2",1,0,1123883,61,8,"__amd_rocclr_copyBuffer",61,104084881275932,104084881278452,0,0,16,0,128,512,1,1,512,1,1
"KERNEL_DISPATCH","Agent 2",1,0,1123883,62,8,"__amd_rocclr_copyBuffer",62,104084888011991,104084888014511,0,0,16,0,128,512,1,1,512,1,1
"KERNEL_DISPATCH","Agent 2",1,0,1123883,63,8,"__amd_rocclr_copyBuffer",63,104084888053112,104084888055632,0,0,16,0,128,512,1,1,512,1,1
"KERNEL_DISPATCH","Agent 2",1,0,1123883,64,8,"__amd_rocclr_copyBuffer",64,104084888142793,104084888145393,0,0,16,0,128,512,1,1,512,1,1
"KERNEL_DISPATCH","Agent 2",1,0,1123883,65,8,"__amd_rocclr_copyBuffer",65,104084895305517,104084895308397,0,0,16,0,128,512,1,1,512,1,1
"KERNEL_DISPATCH","Agent 2",1,0,1123883,66,8,"__amd_rocclr_copyBuffer",66,104084895339868,104084895342428,0,0,16,0,128,512,1,1,512,1,1
"KERNEL_DISPATCH","Agent 2",1,0,1123883,67,8,"__amd_rocclr_copyBuffer",67,104084901465588,104084901468468,0,0,16,0,128,512,1,1,512,1,1
"KERNEL_DISPATCH","Agent 2",1,0,1123883,68,8,"__amd_rocclr_copyBuffer",68,104084901508219,104084901510899,0,0,16,0,128,512,1,1,512,1,1
"KERNEL_DISPATCH","Agent 2",1,0,1123883,69,8,"__amd_rocclr_copyBuffer",69,104084901604180,104084901606700,0,0,16,0,128,512,1,1,512,1,1
"KERNEL_DISPATCH","Agent 2",1,0,1123883,70,8,"__amd_rocclr_copyBuffer",70,104084908365999,104084908368439,0,0,16,0,128,512,1,1,512,1,1
"KERNEL_DISPATCH","Agent 2",1,0,1123883,71,8,"__amd_rocclr_copyBuffer",71,104084908405710,104084908408190,0,0,16,0,128,512,1,1,512,1,1
"KERNEL_DISPATCH","Agent 2",1,0,1123883,72,8,"__amd_rocclr_copyBuffer",72,104084908493961,104084908496561,0,0,16,0,128,512,1,1,512,1,1
"KERNEL_DISPATCH","Agent 2",1,0,1123883,73,8,"__amd_rocclr_copyBuffer",73,104084915187459,104084915189939,0,0,16,0,128,512,1,1,512,1,1
"KERNEL_DISPATCH","Agent 2",1,0,1123883,74,8,"__amd_rocclr_copyBuffer",74,104084915228050,104084915230490,0,0,16,0,128,512,1,1,512,1,1
"KERNEL_DISPATCH","Agent 2",1,0,1123883,75,8,"__amd_rocclr_copyBuffer",75,104084915318761,104084915321281,0,0,16,0,128,512,1,1,512,1,1
"KERNEL_DISPATCH","Agent 2",1,0,1123883,76,8,"__amd_rocclr_copyBuffer",76,104084922662668,104084922665508,0,0,16,0,128,512,1,1,512,1,1
"KERNEL_DISPATCH","Agent 2",1,0,1123883,77,8,"__amd_rocclr_copyBuffer",77,104084922700348,104084922702868,0,0,16,0,128,512,1,1,512,1,1
"KERNEL_DISPATCH","Agent 2",1,0,1123883,78,8,"__amd_rocclr_copyBuffer",78,104084928985321,104084928987921,0,0,16,0,128,512,1,1,512,1,1
"KERNEL_DISPATCH","Agent 2",1,0,1123883,79,8,"__amd_rocclr_copyBuffer",79,104084929023642,104084929026202,0,0,16,0,128,512,1,1,512,1,1
"KERNEL_DISPATCH","Agent 2",1,0,1123883,80,8,"__amd_rocclr_copyBuffer",80,104084929128873,104084929131353,0,0,16,0,128,512,1,1,512,1,1
"KERNEL_DISPATCH","Agent 2",1,0,1123883,81,8,"__amd_rocclr_copyBuffer",81,104084936001928,104084936004928,0,0,16,0,128,512,1,1,512,1,1
"KERNEL_DISPATCH","Agent 2",1,0,1123883,82,8,"__amd_rocclr_copyBuffer",82,104084936051808,104084936054488,0,0,16,0,128,512,1,1,512,1,1
"KERNEL_DISPATCH","Agent 2",1,0,1123883,83,8,"__amd_rocclr_copyBuffer",83,104084936142039,104084936144719,0,0,16,0,128,512,1,1,512,1,1
"KERNEL_DISPATCH","Agent 2",1,0,1123883,84,8,"__amd_rocclr_copyBuffer",84,104084943292934,104084943295814,0,0,16,0,128,512,1,1,512,1,1
"KERNEL_DISPATCH","Agent 2",1,0,1123883,85,8,"__amd_rocclr_copyBuffer",85,104084943330584,104084943332984,0,0,16,0,128,512,1,1,512,1,1
"KERNEL_DISPATCH","Agent 2",1,0,1123883,86,8,"__amd_rocclr_copyBuffer",86,104084943422265,104084943424785,0,0,16,0,128,512,1,1,512,1,1
"KERNEL_DISPATCH","Agent 2",1,0,1123883,87,8,"__amd_rocclr_copyBuffer",87,104084951132808,104084951135248,0,0,16,0,128,512,1,1,512,1,1
"KERNEL_DISPATCH","Agent 2",1,0,1123883,88,8,"__amd_rocclr_copyBuffer",88,104084951174518,104084951177118,0,0,16,0,128,512,1,1,512,1,1
"KERNEL_DISPATCH","Agent 2",1,0,1123883,89,8,"__amd_rocclr_copyBuffer",89,104084957295869,104084957298309,0,0,16,0,128,512,1,1,512,1,1
"KERNEL_DISPATCH","Agent 2",1,0,1123883,90,8,"__amd_rocclr_copyBuffer",90,104084957339940,104084957342380,0,0,16,0,128,512,1,1,512,1,1
"KERNEL_DISPATCH","Agent 2",1,0,1123883,91,8,"__amd_rocclr_copyBuffer",91,104084957437101,104084957439661,0,0,16,0,128,512,1,1,512,1,1
"KERNEL_DISPATCH","Agent 2",1,0,1123883,92,8,"__amd_rocclr_copyBuffer",92,104084964868909,104084964871429,0,0,16,0,128,512,1,1,512,1,1
"KERNEL_DISPATCH","Agent 2",1,0,1123883,93,8,"__amd_rocclr_copyBuffer",93,104084964909080,104084964911640,0,0,16,0,128,512,1,1,512,1,1
"KERNEL_DISPATCH","Agent 2",1,0,1123883,94,8,"__amd_rocclr_copyBuffer",94,104084965003601,104084965006081,0,0,16,0,128,512,1,1,512,1,1
"KERNEL_DISPATCH","Agent 2",1,0,1123883,95,8,"__amd_rocclr_copyBuffer",95,104084977217893,104084977220453,0,0,16,0,128,512,1,1,512,1,1
"KERNEL_DISPATCH","Agent 2",1,0,1123883,96,8,"__amd_rocclr_copyBuffer",96,104084977258373,104084977261053,0,0,16,0,128,512,1,1,512,1,1
"KERNEL_DISPATCH","Agent 2",1,0,1123883,97,8,"__amd_rocclr_copyBuffer",97,104084977344314,104084977346955,0,0,16,0,128,512,1,1,512,1,1
"KERNEL_DISPATCH","Agent 2",1,0,1123883,98,8,"__amd_rocclr_copyBuffer",98,104084991289359,104084991292239,0,0,16,0,128,512,1,1,512,1,1
"KERNEL_DISPATCH","Agent 2",1,0,1123883,99,8,"__amd_rocclr_copyBuffer",99,104084991330360,104084991333080,0,0,16,0,128,512,1,1,512,1,1
"KERNEL_DISPATCH","Agent 2",1,0,1123883,100,8,"__amd_rocclr_copyBuffer",100,104085002703110,104085002705990,0,0,16,0,128,512,1,1,512,1,1
"KERNEL_DISPATCH","Agent 2",1,0,1123883,101,8,"__amd_rocclr_copyBuffer",101,104085002742850,104085002745170,0,0,16,0,128,512,1,1,512,1,1
"KERNEL_DISPATCH","Agent 2",1,0,1123883,102,8,"__amd_rocclr_copyBuffer",102,104085002839311,104085002841871,0,0,16,0,128,512,1,1,512,1,1
"KERNEL_DISPATCH","Agent 2",1,0,1123883,103,8,"__amd_rocclr_copyBuffer",103,104085014965721,104085014968241,0,0,16,0,128,512,1,1,512,1,1
"KERNEL_DISPATCH","Agent 2",1,0,1123883,104,8,"__amd_rocclr_copyBuffer",104,104085015002592,104085015005032,0,0,16,0,128,512,1,1,512,1,1
"KERNEL_DISPATCH","Agent 2",1,0,1123883,105,8,"__amd_rocclr_copyBuffer",105,104085015086763,104085015089443,0,0,16,0,128,512,1,1,512,1,1
"KERNEL_DISPATCH","Agent 2",1,0,1123883,106,8,"__amd_rocclr_copyBuffer",106,104085027095571,104085027098051,0,0,16,0,128,512,1,1,512,1,1
"KERNEL_DISPATCH","Agent 2",1,0,1123883,107,8,"__amd_rocclr_copyBuffer",107,104085027139112,104085027141592,0,0,16,0,128,512,1,1,512,1,1
"KERNEL_DISPATCH","Agent 2",1,0,1123883,108,8,"__amd_rocclr_copyBuffer",108,104085027228683,104085027231243,0,0,16,0,128,512,1,1,512,1,1
"KERNEL_DISPATCH","Agent 2",1,0,1123883,109,8,"__amd_rocclr_copyBuffer",109,104085040490588,104085040493308,0,0,16,0,128,512,1,1,512,1,1
"KERNEL_DISPATCH","Agent 2",1,0,1123883,110,8,"__amd_rocclr_copyBuffer",110,104085040524378,104085040526738,0,0,16,0,128,512,1,1,512,1,1
"KERNEL_DISPATCH","Agent 2",1,0,1123883,111,8,"__amd_rocclr_copyBuffer",111,104085051274910,104085051277390,0,0,16,0,128,512,1,1,512,1,1
"KERNEL_DISPATCH","Agent 2",1,0,1123883,112,8,"__amd_rocclr_copyBuffer",112,104085051314161,104085051316681,0,0,16,0,128,512,1,1,512,1,1
"KERNEL_DISPATCH","Agent 2",1,0,1123883,113,8,"__amd_rocclr_copyBuffer",113,104085051405962,104085051408602,0,0,16,0,128,512,1,1,512,1,1
"KERNEL_DISPATCH","Agent 2",1,0,1123883,114,8,"__amd_rocclr_copyBuffer",114,104085062960884,104085062963724,0,0,16,0,128,512,1,1,512,1,1
"KERNEL_DISPATCH","Agent 2",1,0,1123883,115,8,"__amd_rocclr_copyBuffer",115,104085063005485,104085063008005,0,0,16,0,128,512,1,1,512,1,1
"KERNEL_DISPATCH","Agent 2",1,0,1123883,116,8,"__amd_rocclr_copyBuffer",116,104085063101926,104085063104566,0,0,16,0,128,512,1,1,512,1,1
"KERNEL_DISPATCH","Agent 2",1,0,1123883,117,8,"__amd_rocclr_copyBuffer",117,104085074919158,104085074921598,0,0,16,0,128,512,1,1,512,1,1
"KERNEL_DISPATCH","Agent 2",1,0,1123883,118,8,"__amd_rocclr_copyBuffer",118,104085074963238,104085074965838,0,0,16,0,128,512,1,1,512,1,1
"KERNEL_DISPATCH","Agent 2",1,0,1123883,119,8,"__amd_rocclr_copyBuffer",119,104085075067289,104085075069969,0,0,16,0,128,512,1,1,512,1,1
"KERNEL_DISPATCH","Agent 2",1,0,1123883,120,8,"__amd_rocclr_copyBuffer",120,104085088235254,104085088237974,0,0,16,0,128,512,1,1,512,1,1
"KERNEL_DISPATCH","Agent 2",1,0,1123883,121,8,"__amd_rocclr_copyBuffer",121,104085088279784,104085088282384,0,0,16,0,128,512,1,1,512,1,1
"KERNEL_DISPATCH","Agent 2",1,0,1123883,122,8,"__amd_rocclr_copyBuffer",122,104085099430392,104085099432912,0,0,16,0,128,512,1,1,512,1,1
"KERNEL_DISPATCH","Agent 2",1,0,1123883,123,8,"__amd_rocclr_copyBuffer",123,104085099472462,104085099474902,0,0,16,0,128,512,1,1,512,1,1
"KERNEL_DISPATCH","Agent 2",1,0,1123883,124,8,"__amd_rocclr_copyBuffer",124,104085099567984,104085099570584,0,0,16,0,128,512,1,1,512,1,1
"KERNEL_DISPATCH","Agent 2",1,0,1123883,125,8,"__amd_rocclr_copyBuffer",125,104085111477231,104085111480111,0,0,16,0,128,512,1,1,512,1,1
"KERNEL_DISPATCH","Agent 2",1,0,1123883,126,8,"__amd_rocclr_copyBuffer",126,104085111516882,104085111519282,0,0,16,0,128,512,1,1,512,1,1
"KERNEL_DISPATCH","Agent 2",1,0,1123883,127,8,"__amd_rocclr_copyBuffer",127,104085111607573,104085111610253,0,0,16,0,128,512,1,1,512,1,1
"KERNEL_DISPATCH","Agent 2",1,0,1123883,128,8,"__amd_rocclr_copyBuffer",128,104085122357585,104085122359865,0,0,16,0,128,512,1,1,512,1,1
"KERNEL_DISPATCH","Agent 2",1,0,1123883,129,8,"__amd_rocclr_copyBuffer",129,104085122399166,104085122401766,0,0,16,0,128,512,1,1,512,1,1
"KERNEL_DISPATCH","Agent 2",1,0,1123883,130,8,"__amd_rocclr_copyBuffer",130,104085122499227,104085122501747,0,0,16,0,128,512,1,1,512,1,1
"KERNEL_DISPATCH","Agent 2",1,0,1123883,131,8,"__amd_rocclr_copyBuffer",131,104085134819870,104085134822590,0,0,16,0,128,512,1,1,512,1,1
"KERNEL_DISPATCH","Agent 2",1,0,1123883,132,8,"__amd_rocclr_copyBuffer",132,104085134864931,104085134867611,0,0,16,0,128,512,1,1,512,1,1
"KERNEL_DISPATCH","Agent 2",1,0,1123883,133,8,"__amd_rocclr_copyBuffer",133,104085144612548,104085144615028,0,0,16,0,128,512,1,1,512,1,1
"KERNEL_DISPATCH","Agent 2",1,0,1123883,134,8,"__amd_rocclr_copyBuffer",134,104085144656128,104085144658608,0,0,16,0,128,512,1,1,512,1,1
"KERNEL_DISPATCH","Agent 2",1,0,1123883,135,8,"__amd_rocclr_copyBuffer",135,104085144760909,104085144763469,0,0,16,0,128,512,1,1,512,1,1
"KERNEL_DISPATCH","Agent 2",1,0,1123883,136,8,"__amd_rocclr_copyBuffer",136,104085155613703,104085155616143,0,0,16,0,128,512,1,1,512,1,1
"KERNEL_DISPATCH","Agent 2",1,0,1123883,137,8,"__amd_rocclr_copyBuffer",137,104085155654353,104085155656873,0,0,16,0,128,512,1,1,512,1,1
"KERNEL_DISPATCH","Agent 2",1,0,1123883,138,8,"__amd_rocclr_copyBuffer",138,104085155749414,104085155751774,0,0,16,0,128,512,1,1,512,1,1
"KERNEL_DISPATCH","Agent 2",1,0,1123883,139,8,"__amd_rocclr_copyBuffer",139,104085166435546,104085166438186,0,0,16,0,128,512,1,1,512,1,1
"KERNEL_DISPATCH","Agent 2",1,0,1123883,140,8,"__amd_rocclr_copyBuffer",140,104085166474336,104085166476976,0,0,16,0,128,512,1,1,512,1,1
"KERNEL_DISPATCH","Agent 2",1,0,1123883,141,8,"__amd_rocclr_copyBuffer",141,104085166561057,104085166563657,0,0,16,0,128,512,1,1,512,1,1
"KERNEL_DISPATCH","Agent 2",1,0,1123883,142,8,"__amd_rocclr_copyBuffer",142,104085178862350,104085178864830,0,0,16,0,128,512,1,1,512,1,1
"KERNEL_DISPATCH","Agent 2",1,0,1123883,143,8,"__amd_rocclr_copyBuffer",143,104085178895700,104085178898460,0,0,16,0,128,512,1,1,512,1,1
"KERNEL_DISPATCH","Agent 2",1,0,1123883,144,8,"__amd_rocclr_copyBuffer",144,104085188806051,104085188808491,0,0,16,0,128,512,1,1,512,1,1
"KERNEL_DISPATCH","Agent 2",1,0,1123883,145,8,"__amd_rocclr_copyBuffer",145,104085188847242,104085188850042,0,0,16,0,128,512,1,1,512,1,1
"KERNEL_DISPATCH","Agent 2",1,0,1123883,146,8,"__amd_rocclr_copyBuffer",146,104085188932463,104085188935023,0,0,16,0,128,512,1,1,512,1,1
"KERNEL_DISPATCH","Agent 2",1,0,1123883,147,8,"__amd_rocclr_copyBuffer",147,104085199838857,104085199841737,0,0,16,0,128,512,1,1,512,1,1
"KERNEL_DISPATCH","Agent 2",1,0,1123883,148,8,"__amd_rocclr_copyBuffer",148,104085199880418,104085199883018,0,0,16,0,128,512,1,1,512,1,1
"KERNEL_DISPATCH","Agent 2",1,0,1123883,149,8,"__amd_rocclr_copyBuffer",149,104085199998429,104085200001029,0,0,16,0,128,512,1,1,512,1,1
"KERNEL_DISPATCH","Agent 2",1,0,1123883,150,8,"__amd_rocclr_copyBuffer",150,104085210354003,104085210356443,0,0,16,0,128,512,1,1,512,1,1
"KERNEL_DISPATCH","Agent 2",1,0,1123883,151,8,"__amd_rocclr_copyBuffer",151,104085210395203,104085210397803,0,0,16,0,128,512,1,1,512,1,1
"KERNEL_DISPATCH","Agent 2",1,0,1123883,152,8,"__amd_rocclr_copyBuffer",152,104085210480474,104085210483074,0,0,16,0,128,512,1,1,512,1,1
"KERNEL_DISPATCH","Agent 2",1,0,1123883,153,8,"__amd_rocclr_copyBuffer",153,104085222490234,104085222492954,0,0,16,0,128,512,1,1,512,1,1
"KERNEL_DISPATCH","Agent 2",1,0,1123883,154,8,"__amd_rocclr_copyBuffer",154,104085222520965,104085222523645,0,0,16,0,128,512,1,1,512,1,1
"KERNEL_DISPATCH","Agent 2",1,0,1123883,155,8,"__amd_rocclr_copyBuffer",155,104085232322305,104085232325145,0,0,16,0,128,512,1,1,512,1,1
"KERNEL_DISPATCH","Agent 2",1,0,1123883,156,8,"__amd_rocclr_copyBuffer",156,104085232353086,104085232355526,0,0,16,0,128,512,1,1,512,1,1
"KERNEL_DISPATCH","Agent 2",1,0,1123883,157,8,"__amd_rocclr_copyBuffer",157,104085232444197,104085232446837,0,0,16,0,128,512,1,1,512,1,1
"KERNEL_DISPATCH","Agent 2",1,0,1123883,158,8,"__amd_rocclr_copyBuffer",158,104085243718287,104085243720847,0,0,16,0,128,512,1,1,512,1,1
"KERNEL_DISPATCH","Agent 2",1,0,1123883,159,8,"__amd_rocclr_copyBuffer",159,104085243754138,104085243756738,0,0,16,0,128,512,1,1,512,1,1
"KERNEL_DISPATCH","Agent 2",1,0,1123883,160,8,"__amd_rocclr_copyBuffer",160,104085243844769,104085243847289,0,0,16,0,128,512,1,1,512,1,1
"KERNEL_DISPATCH","Agent 2",1,0,1123883,161,8,"__amd_rocclr_copyBuffer",161,104085254899196,104085254902077,0,0,16,0,128,512,1,1,512,1,1
"KERNEL_DISPATCH","Agent 2",1,0,1123883,162,8,"__amd_rocclr_copyBuffer",162,104085254938527,104085254941007,0,0,16,0,128,512,1,1,512,1,1
"KERNEL_DISPATCH","Agent 2",1,0,1123883,163,8,"__amd_rocclr_copyBuffer",163,104085255026658,104085255029338,0,0,16,0,128,512,1,1,512,1,1
"KERNEL_DISPATCH","Agent 2",1,0,1123883,164,8,"__amd_rocclr_copyBuffer",164,104085267219401,104085267222281,0,0,16,0,128,512,1,1,512,1,1
"KERNEL_DISPATCH","Agent 2",1,0,1123883,165,8,"__amd_rocclr_copyBuffer",165,104085267254461,104085267257021,0,0,16,0,128,512,1,1,512,1,1
"KERNEL_DISPATCH","Agent 2",1,0,1123883,166,8,"__amd_rocclr_copyBuffer",166,104085276789684,104085276792004,0,0,16,0,128,512,1,1,512,1,1
"KERNEL_DISPATCH","Agent 2",1,0,1123883,167,8,"__amd_rocclr_copyBuffer",167,104085276834804,104085276837164,0,0,16,0,128,512,1,1,512,1,1
"KERNEL_DISPATCH","Agent 2",1,0,1123883,168,8,"__amd_rocclr_copyBuffer",168,104085276919045,104085276921525,0,0,16,0,128,512,1,1,512,1,1
"KERNEL_DISPATCH","Agent 2",1,0,1123883,169,8,"__amd_rocclr_copyBuffer",169,104085287633856,104085287636336,0,0,16,0,128,512,1,1,512,1,1
"KERNEL_DISPATCH","Agent 2",1,0,1123883,170,8,"__amd_rocclr_copyBuffer",170,104085287673817,104085287676497,0,0,16,0,128,512,1,1,512,1,1
"KERNEL_DISPATCH","Agent 2",1,0,1123883,171,8,"__amd_rocclr_copyBuffer",171,104085287760948,104085287763588,0,0,16,0,128,512,1,1,512,1,1
"KERNEL_DISPATCH","Agent 2",1,0,1123883,172,8,"__amd_rocclr_copyBuffer",172,104085298451959,104085298454319,0,0,16,0,128,512,1,1,512,1,1
"KERNEL_DISPATCH","Agent 2",1,0,1123883,173,8,"__amd_rocclr_copyBuffer",173,104085298477980,104085298480620,0,0,16,0,128,512,1,1,512,1,1
"KERNEL_DISPATCH","Agent 2",1,0,1123883,174,8,"__amd_rocclr_copyBuffer",174,104085298570621,104085298573221,0,0,16,0,128,512,1,1,512,1,1
"KERNEL_DISPATCH","Agent 2",1,0,1123883,175,8,"__amd_rocclr_copyBuffer",175,104085310394087,104085310396847,0,0,16,0,128,512,1,1,512,1,1
"KERNEL_DISPATCH","Agent 2",1,0,1123883,176,8,"__amd_rocclr_copyBuffer",176,104085310434247,104085310436807,0,0,16,0,128,512,1,1,512,1,1
"KERNEL_DISPATCH","Agent 2",1,0,1123883,177,15,"__amd_rocclr_fillBufferUnAligned",177,104085317045975,104085317049895,0,0,8,0,128,256,1,1,256,1,1
"KERNEL_DISPATCH","Agent 2",1,0,1123883,179,15,"__amd_rocclr_fillBufferUnAligned",179,104085317061375,104085317063535,0,0,8,0,128,256,1,1,256,1,1
"KERNEL_DISPATCH","Agent 2",1,0,1123883,180,15,"__amd_rocclr_fillBufferUnAligned",180,104085317066655,104085317068855,0,0,8,0,128,256,1,1,256,1,1
"KERNEL_DISPATCH","Agent 2",1,0,1123883,182,15,"__amd_rocclr_fillBufferUnAligned",182,104085317098135,104085317100295,0,0,8,0,128,256,1,1,256,1,1
"KERNEL_DISPATCH","Agent 2",1,0,1123883,178,15,"__amd_rocclr_fillBufferUnAligned",178,104085317055295,104085317057655,0,0,8,0,128,256,1,1,256,1,1
"KERNEL_DISPATCH","Agent 2",1,0,1123883,181,15,"__amd_rocclr_fillBufferUnAligned",181,104085317071975,104085317074095,0,0,8,0,128,256,1,1,256,1,1
"KERNEL_DISPATCH","Agent 2",1,0,1123883,183,15,"__amd_rocclr_fillBufferUnAligned",183,104085317144806,104085317147046,0,0,8,0,128,256,1,1,256,1,1
"KERNEL_DISPATCH","Agent 2",1,0,1123883,184,15,"__amd_rocclr_fillBufferUnAligned",184,104085317150766,104085317153126,0,0,8,0,128,256,1,1,256,1,1
"KERNEL_DISPATCH","Agent 2",1,0,1123883,185,15,"__amd_rocclr_fillBufferUnAligned",185,104085317156566,104085317158606,0,0,8,0,128,256,1,1,256,1,1
"KERNEL_DISPATCH","Agent 2",1,0,1123883,186,15,"__amd_rocclr_fillBufferUnAligned",186,104085317161806,104085317163926,0,0,8,0,128,256,1,1,256,1,1
"KERNEL_DISPATCH","Agent 2",1,0,1123883,187,15,"__amd_rocclr_fillBufferUnAligned",187,104085317178606,104085317190246,0,0,8,0,128,256,1,1,256,1,1
"KERNEL_DISPATCH","Agent 2",1,0,1123883,188,15,"__amd_rocclr_fillBufferUnAligned",188,104085317193527,104085317195807,0,0,8,0,128,256,1,1,256,1,1
"KERNEL_DISPATCH","Agent 2",1,0,1123883,189,15,"__amd_rocclr_fillBufferUnAligned",189,104085317213807,104085317216127,0,0,8,0,128,256,1,1,256,1,1
"KERNEL_DISPATCH","Agent 2",1,0,1123883,190,15,"__amd_rocclr_fillBufferUnAligned",190,104085317219887,104085317222287,0,0,8,0,128,256,1,1,256,1,1
"KERNEL_DISPATCH","Agent 2",1,0,1123883,191,15,"__amd_rocclr_fillBufferUnAligned",191,104085317225687,104085317228167,0,0,8,0,128,256,1,1,256,1,1
"KERNEL_DISPATCH","Agent 2",1,0,1123883,192,15,"__amd_rocclr_fillBufferUnAligned",192,104085317242247,104085317244567,0,0,8,0,128,256,1,1,256,1,1
"KERNEL_DISPATCH","Agent 2",1,0,1123883,193,15,"__amd_rocclr_fillBufferUnAligned",193,104085317248087,104085317250447,0,0,8,0,128,256,1,1,256,1,1
"KERNEL_DISPATCH","Agent 2",1,0,1123883,194,15,"__amd_rocclr_fillBufferUnAligned",194,104085317253807,104085317255967,0,0,8,0,128,256,1,1,256,1,1
"KERNEL_DISPATCH","Agent 2",1,0,1123883,195,15,"__amd_rocclr_fillBufferUnAligned",195,104085317274608,104085317276928,0,0,8,0,128,256,1,1,256,1,1
"KERNEL_DISPATCH","Agent 2",1,0,1123883,196,15,"__amd_rocclr_fillBufferUnAligned",196,104085317280648,104085317282968,0,0,8,0,128,256,1,1,256,1,1
"KERNEL_DISPATCH","Agent 2",1,0,1123883,197,15,"__amd_rocclr_fillBufferUnAligned",197,104085317286448,104085317288608,0,0,8,0,128,256,1,1,256,1,1
"KERNEL_DISPATCH","Agent 2",1,0,1123883,198,15,"__amd_rocclr_fillBufferUnAligned",198,104085317291768,104085317293808,0,0,8,0,128,256,1,1,256,1,1
"KERNEL_DISPATCH","Agent 2",1,0,1123883,199,15,"__amd_rocclr_fillBufferUnAligned",199,104085317297048,104085317299168,0,0,8,0,128,256,1,1,256,1,1
"KERNEL_DISPATCH","Agent 2",1,0,1123883,200,15,"__amd_rocclr_fillBufferUnAligned",200,104085317321378,104085317323938,0,0,8,0,128,256,1,1,256,1,1
"KERNEL_DISPATCH","Agent 2",1,0,1123883,201,15,"__amd_rocclr_fillBufferUnAligned",201,104085317342298,104085317344539,0,0,8,0,128,256,1,1,256,1,1
"KERNEL_DISPATCH","Agent 2",1,0,1123883,202,15,"__amd_rocclr_fillBufferUnAligned",202,104085317348299,104085317350659,0,0,8,0,128,256,1,1,256,1,1
"KERNEL_DISPATCH","Agent 2",1,0,1123883,203,15,"__amd_rocclr_fillBufferUnAligned",203,104085317354179,104085317356339,0,0,8,0,128,256,1,1,256,1,1
"KERNEL_DISPATCH","Agent 2",1,0,1123883,204,15,"__amd_rocclr_fillBufferUnAligned",204,104085317359539,104085317361779,0,0,8,0,128,256,1,1,256,1,1
"KERNEL_DISPATCH","Agent 2",1,0,1123883,205,15,"__amd_rocclr_fillBufferUnAligned",205,104085317365019,104085317367379,0,0,8,0,128,256,1,1,256,1,1
"KERNEL_DISPATCH","Agent 2",1,0,1123883,206,15,"__amd_rocclr_fillBufferUnAligned",206,104085317381699,104085317384259,0,0,8,0,128,256,1,1,256,1,1
"KERNEL_DISPATCH","Agent 2",1,0,1123883,207,15,"__amd_rocclr_fillBufferUnAligned",207,104085317397939,104085317400219,0,0,8,0,128,256,1,1,256,1,1
"KERNEL_DISPATCH","Agent 2",1,0,1123883,208,15,"__amd_rocclr_fillBufferUnAligned",208,104085317403899,104085317406259,0,0,8,0,128,256,1,1,256,1,1
"KERNEL_DISPATCH","Agent 2",1,0,1123883,209,15,"__amd_rocclr_fillBufferUnAligned",209,104085317409699,104085317411699,0,0,8,0,128,256,1,1,256,1,1
"KERNEL_DISPATCH","Agent 2",1,0,1123883,210,15,"__amd_rocclr_fillBufferUnAligned",210,104085317415099,104085317417139,0,0,8,0,128,256,1,1,256,1,1
"KERNEL_DISPATCH","Agent 2",1,0,1123883,211,15,"__amd_rocclr_fillBufferUnAligned",211,104085317435740,104085317437900,0,0,8,0,128,256,1,1,256,1,1
"KERNEL_DISPATCH","Agent 2",1,0,1123883,212,15,"__amd_rocclr_fillBufferUnAligned",212,104085317441420,104085317443700,0,0,8,0,128,256,1,1,256,1,1
"KERNEL_DISPATCH","Agent 2",1,0,1123883,213,15,"__amd_rocclr_fillBufferUnAligned",213,104085317458420,104085317460580,0,0,8,0,128,256,1,1,256,1,1
"KERNEL_DISPATCH","Agent 2",1,0,1123883,214,15,"__amd_rocclr_fillBufferUnAligned",214,104085317464180,104085317466260,0,0,8,0,128,256,1,1,256,1,1
"KERNEL_DISPATCH","Agent 2",1,0,1123883,215,15,"__amd_rocclr_fillBufferUnAligned",215,104085317469660,104085317471780,0,0,8,0,128,256,1,1,256,1,1
"KERNEL_DISPATCH","Agent 2",1,0,1123883,216,15,"__amd_rocclr_fillBufferUnAligned",216,104085317496131,104085317498251,0,0,8,0,128,256,1,1,256,1,1
"KERNEL_DISPATCH","Agent 2",1,0,1123883,217,15,"__amd_rocclr_fillBufferUnAligned",217,104085317501771,104085317503931,0,0,8,0,128,256,1,1,256,1,1
"KERNEL_DISPATCH","Agent 2",1,0,1123883,218,15,"__amd_rocclr_fillBufferUnAligned",218,104085317507251,104085317509211,0,0,8,0,128,256,1,1,256,1,1
"KERNEL_DISPATCH","Agent 2",1,0,1123883,219,15,"__amd_rocclr_fillBufferUnAligned",219,104085317535531,104085317537571,0,0,8,0,128,256,1,1,256,1,1
"KERNEL_DISPATCH","Agent 2",1,0,1123883,220,15,"__amd_rocclr_fillBufferUnAligned",220,104085317541291,104085317543531,0,0,8,0,128,256,1,1,256,1,1
"KERNEL_DISPATCH","Agent 2",1,0,1123883,221,15,"__amd_rocclr_fillBufferUnAligned",221,104085317547091,104085317549051,0,0,8,0,128,256,1,1,256,1,1
"KERNEL_DISPATCH","Agent 2",1,0,1123883,222,15,"__amd_rocclr_fillBufferUnAligned",222,104085317552291,104085317554331,0,0,8,0,128,256,1,1,256,1,1
"KERNEL_DISPATCH","Agent 2",1,0,1123883,223,15,"__amd_rocclr_fillBufferUnAligned",223,104085317557491,104085317569131,0,0,8,0,128,256,1,1,256,1,1
"KERNEL_DISPATCH","Agent 2",1,0,1123883,224,15,"__amd_rocclr_fillBufferUnAligned",224,104085317572772,104085317574772,0,0,8,0,128,256,1,1,256,1,1
"KERNEL_DISPATCH","Agent 2",1,0,1123883,225,15,"__amd_rocclr_fillBufferUnAligned",225,104085317590452,104085317592612,0,0,8,0,128,256,1,1,256,1,1
"KERNEL_DISPATCH","Agent 2",1,0,1123883,226,15,"__amd_rocclr_fillBufferUnAligned",226,104085317596252,104085317598412,0,0,8,0,128,256,1,1,256,1,1
"KERNEL_DISPATCH","Agent 2",1,0,1123883,227,15,"__amd_rocclr_fillBufferUnAligned",227,104085317601932,104085317604052,0,0,8,0,128,256,1,1,256,1,1
"KERNEL_DISPATCH","Agent 2",1,0,1123883,228,15,"__amd_rocclr_fillBufferUnAligned",228,104085317617972,104085317620012,0,0,8,0,128,256,1,1,256,1,1
"KERNEL_DISPATCH","Agent 2",1,0,1123883,229,15,"__amd_rocclr_fillBufferUnAligned",229,104085317634812,104085317636812,0,0,8,0,128,256,1,1,256,1,1
"KERNEL_DISPATCH","Agent 2",1,0,1123883,230,15,"__amd_rocclr_fillBufferUnAligned",230,104085317640572,104085317643172,0,0,8,0,128,256,1,1,256,1,1
"KERNEL_DISPATCH","Agent 2",1,0,1123883,231,15,"__amd_rocclr_fillBufferUnAligned",231,104085317673633,104085317675753,0,0,8,0,128,256,1,1,256,1,1
"KERNEL_DISPATCH","Agent 2",1,0,1123883,232,15,"__amd_rocclr_fillBufferUnAligned",232,104085317679393,104085317681553,0,0,8,0,128,256,1,1,256,1,1
"KERNEL_DISPATCH","Agent 2",1,0,1123883,233,15,"__amd_rocclr_fillBufferUnAligned",233,104085317684793,104085317686753,0,0,8,0,128,256,1,1,256,1,1
"KERNEL_DISPATCH","Agent 2",1,0,1123883,234,15,"__amd_rocclr_fillBufferUnAligned",234,104085317689993,104085317691953,0,0,8,0,128,256,1,1,256,1,1
"KERNEL_DISPATCH","Agent 2",1,0,1123883,235,15,"__amd_rocclr_fillBufferUnAligned",235,104085317695313,104085317697273,0,0,8,0,128,256,1,1,256,1,1
"KERNEL_DISPATCH","Agent 2",1,0,1123883,236,15,"__amd_rocclr_fillBufferUnAligned",236,104085317711513,104085317713913,0,0,8,0,128,256,1,1,256,1,1
"KERNEL_DISPATCH","Agent 2",1,0,1123883,237,15,"__amd_rocclr_fillBufferUnAligned",237,104085317732964,104085317735044,0,0,8,0,128,256,1,1,256,1,1
"KERNEL_DISPATCH","Agent 2",1,0,1123883,238,15,"__amd_rocclr_fillBufferUnAligned",238,104085317738724,104085317741004,0,0,8,0,128,256,1,1,256,1,1
"KERNEL_DISPATCH","Agent 2",1,0,1123883,239,15,"__amd_rocclr_fillBufferUnAligned",239,104085317744484,104085317746444,0,0,8,0,128,256,1,1,256,1,1
"KERNEL_DISPATCH","Agent 2",1,0,1123883,240,15,"__amd_rocclr_fillBufferUnAligned",240,104085317749684,104085317751684,0,0,8,0,128,256,1,1,256,1,1
"KERNEL_DISPATCH","Agent 2",1,0,1123883,241,15,"__amd_rocclr_fillBufferUnAligned",241,104085317754884,104085317756964,0,0,8,0,128,256,1,1,256,1,1
"KERNEL_DISPATCH","Agent 2",1,0,1123883,242,15,"__amd_rocclr_fillBufferUnAligned",242,104085317760324,104085317762404,0,0,8,0,128,256,1,1,256,1,1
"KERNEL_DISPATCH","Agent 2",1,0,1123883,243,15,"__amd_rocclr_fillBufferUnAligned",243,104085317784504,104085317786664,0,0,8,0,128,256,1,1,256,1,1
"KERNEL_DISPATCH","Agent 2",1,0,1123883,244,15,"__amd_rocclr_fillBufferUnAligned",244,104085317790144,104085317792344,0,0,8,0,128,256,1,1,256,1,1
"KERNEL_DISPATCH","Agent 2",1,0,1123883,245,15,"__amd_rocclr_fillBufferUnAligned",245,104085317795664,104085317797544,0,0,8,0,128,256,1,1,256,1,1
"KERNEL_DISPATCH","Agent 2",1,0,1123883,246,15,"__amd_rocclr_fillBufferUnAligned",246,104085317800785,104085317802945,0,0,8,0,128,256,1,1,256,1,1
"KERNEL_DISPATCH","Agent 2",1,0,1123883,247,15,"__amd_rocclr_fillBufferUnAligned",247,104085317806185,104085317808225,0,0,8,0,128,256,1,1,256,1,1
"KERNEL_DISPATCH","Agent 2",1,0,1123883,248,15,"__amd_rocclr_fillBufferUnAligned",248,104085317823385,104085317825785,0,0,8,0,128,256,1,1,256,1,1
"KERNEL_DISPATCH","Agent 2",1,0,1123883,249,15,"__amd_rocclr_fillBufferUnAligned",249,104085317839265,104085317841465,0,0,8,0,128,256,1,1,256,1,1
"KERNEL_DISPATCH","Agent 2",1,0,1123883,250,15,"__amd_rocclr_fillBufferUnAligned",250,104085317845065,104085317847225,0,0,8,0,128,256,1,1,256,1,1
"KERNEL_DISPATCH","Agent 2",1,0,1123883,251,15,"__amd_rocclr_fillBufferUnAligned",251,104085317850745,104085317862345,0,0,8,0,128,256,1,1,256,1,1
"KERNEL_DISPATCH","Agent 2",1,0,1123883,252,15,"__amd_rocclr_fillBufferUnAligned",252,104085317865905,104085317867905,0,0,8,0,128,256,1,1,256,1,1
"KERNEL_DISPATCH","Agent 2",1,0,1123883,253,15,"__amd_rocclr_fillBufferUnAligned",253,104085317871345,104085317873505,0,0,8,0,128,256,1,1,256,1,1
"KERNEL_DISPATCH","Agent 2",1,0,1123883,254,15,"__amd_rocclr_fillBufferUnAligned",254,104085317876826,104085317878866,0,0,8,0,128,256,1,1,256,1,1
"KERNEL_DISPATCH","Agent 2",1,0,1123883,255,15,"__amd_rocclr_fillBufferUnAligned",255,104085317904566,104085317906926,0,0,8,0,128,256,1,1,256,1,1
"KERNEL_DISPATCH","Agent 2",1,0,1123883,256,15,"__amd_rocclr_fillBufferUnAligned",256,104085317910686,104085317912846,0,0,8,0,128,256,1,1,256,1,1
"KERNEL_DISPATCH","Agent 2",1,0,1123883,257,15,"__amd_rocclr_fillBufferUnAligned",257,104085317916246,104085317918126,0,0,8,0,128,256,1,1,256,1,1
"KERNEL_DISPATCH","Agent 2",1,0,1123883,258,15,"__amd_rocclr_fillBufferUnAligned",258,104085317921326,104085317923286,0,0,8,0,128,256,1,1,256,1,1
"KERNEL_DISPATCH","Agent 2",1,0,1123883,259,15,"__amd_rocclr_fillBufferUnAligned",259,104085317926526,104085317928566,0,0,8,0,128,256,1,1,256,1,1
"KERNEL_DISPATCH","Agent 2",1,0,1123883,260,15,"__amd_rocclr_fillBufferUnAligned",260,104085317931846,104085317933926,0,0,8,0,128,256,1,1,256,1,1
"KERNEL_DISPATCH","Agent 2",1,0,1123883,261,15,"__amd_rocclr_fillBufferUnAligned",261,104085317955947,104085317957987,0,0,8,0,128,256,1,1,256,1,1
"KERNEL_DISPATCH","Agent 2",1,0,1123883,262,15,"__amd_rocclr_fillBufferUnAligned",262,104085317961507,104085317963707,0,0,8,0,128,256,1,1,256,1,1
"KERNEL_DISPATCH","Agent 2",1,0,1123883,263,15,"__amd_rocclr_fillBufferUnAligned",263,104085317966987,104085317969027,0,0,8,0,128,256,1,1,256,1,1
"KERNEL_DISPATCH","Agent 2",1,0,1123883,264,15,"__amd_rocclr_fillBufferUnAligned",264,104085317972187,104085317974147,0,0,8,0,128,256,1,1,256,1,1
"KERNEL_DISPATCH","Agent 2",1,0,1123883,265,15,"__amd_rocclr_fillBufferUnAligned",265,104085317977347,104085317979347,0,0,8,0,128,256,1,1,256,1,1
"KERNEL_DISPATCH","Agent 2",1,0,1123883,266,15,"__amd_rocclr_fillBufferUnAligned",266,104085317993827,104085317996147,0,0,8,0,128,256,1,1,256,1,1
"KERNEL_DISPATCH","Agent 2",1,0,1123883,267,15,"__amd_rocclr_fillBufferUnAligned",267,104085318009867,104085318012307,0,0,8,0,128,256,1,1,256,1,1
"KERNEL_DISPATCH","Agent 2",1,0,1123883,268,15,"__amd_rocclr_fillBufferUnAligned",268,104085318051088,104085318053728,0,0,8,0,128,256,1,1,256,1,1
"KERNEL_DISPATCH","Agent 2",1,0,1123883,269,15,"__amd_rocclr_fillBufferUnAligned",269,104085318057408,104085318059608,0,0,8,0,128,256,1,1,256,1,1
"KERNEL_DISPATCH","Agent 2",1,0,1123883,270,15,"__amd_rocclr_fillBufferUnAligned",270,104085318063088,104085318065168,0,0,8,0,128,256,1,1,256,1,1
"KERNEL_DISPATCH","Agent 2",1,0,1123883,271,15,"__amd_rocclr_fillBufferUnAligned",271,104085318068288,104085318070448,0,0,8,0,128,256,1,1,256,1,1
"KERNEL_DISPATCH","Agent 2",1,0,1123883,272,15,"__amd_rocclr_fillBufferUnAligned",272,104085318073648,104085318075608,0,0,8,0,128,256,1,1,256,1,1
"KERNEL_DISPATCH","Agent 2",1,0,1123883,273,15,"__amd_rocclr_fillBufferUnAligned",273,104085318588825,104085318590545,0,0,8,0,128,256,1,1,8192,1,1
"KERNEL_DISPATCH","Agent 2",1,0,1123883,274,15,"__amd_rocclr_fillBufferUnAligned",274,104085318594065,104085318595945,0,0,8,0,128,256,1,1,1536,1,1
"KERNEL_DISPATCH","Agent 2",1,0,1123883,275,15,"__amd_rocclr_fillBufferUnAligned",275,104085318618235,104085318620315,0,0,8,0,128,256,1,1,8192,1,1
"KERNEL_DISPATCH","Agent 2",1,0,1123883,276,15,"__amd_rocclr_fillBufferUnAligned",276,104085318623995,104085318625395,0,0,8,0,128,256,1,1,7680,1,1
"KERNEL_DISPATCH","Agent 2",1,0,1123883,277,15,"__amd_rocclr_fillBufferUnAligned",277,104085318628795,104085318630195,0,0,8,0,128,256,1,1,8192,1,1
"KERNEL_DISPATCH","Agent 2",1,0,1123883,278,15,"__amd_rocclr_fillBufferUnAligned",278,104085318633476,104085318635076,0,0,8,0,128,256,1,1,1536,1,1
"KERNEL_DISPATCH","Agent 2",1,0,1123883,279,15,"__amd_rocclr_fillBufferUnAligned",279,104085318663656,104085318665736,0,0,8,0,128,256,1,1,8192,1,1
"KERNEL_DISPATCH","Agent 2",1,0,1123883,280,15,"__amd_rocclr_fillBufferUnAligned",280,104085318672456,104085318674336,0,0,8,0,128,256,1,1,7680,1,1
"KERNEL_DISPATCH","Agent 2",1,0,1123883,281,15,"__amd_rocclr_fillBufferUnAligned",281,104085318692816,104085318694616,0,0,8,0,128,256,1,1,8192,1,1
"KERNEL_DISPATCH","Agent 2",1,0,1123883,282,15,"__amd_rocclr_fillBufferUnAligned",282,104085318701976,104085318703656,0,0,8,0,128,256,1,1,1536,1,1
"KERNEL_DISPATCH","Agent 2",1,0,1123883,283,15,"__amd_rocclr_fillBufferUnAligned",283,104085318718617,104085318720857,0,0,8,0,128,256,1,1,8192,1,1
"KERNEL_DISPATCH","Agent 2",1,0,1123883,284,15,"__amd_rocclr_fillBufferUnAligned",284,104085318724457,104085318726097,0,0,8,0,128,256,1,1,7680,1,1
"KERNEL_DISPATCH","Agent 2",1,0,1123883,285,15,"__amd_rocclr_fillBufferUnAligned",285,104085318729377,104085318731177,0,0,8,0,128,256,1,1,8192,1,1
"KERNEL_DISPATCH","Agent 2",1,0,1123883,286,15,"__amd_rocclr_fillBufferUnAligned",286,104085318754237,104085318755637,0,0,8,0,128,256,1,1,1536,1,1
"KERNEL_DISPATCH","Agent 2",1,0,1123883,287,15,"__amd_rocclr_fillBufferUnAligned",287,104085318770237,104085318772357,0,0,8,0,128,256,1,1,8192,1,1
"KERNEL_DISPATCH","Agent 2",1,0,1123883,288,15,"__amd_rocclr_fillBufferUnAligned",288,104085318783637,104085318785358,0,0,8,0,128,256,1,1,7680,1,1
"KERNEL_DISPATCH","Agent 2",1,0,1123883,289,15,"__amd_rocclr_fillBufferUnAligned",289,104085318800478,104085318802918,0,0,8,0,128,256,1,1,8192,1,1
"KERNEL_DISPATCH","Agent 2",1,0,1123883,290,15,"__amd_rocclr_fillBufferUnAligned",290,104085318806278,104085318808158,0,0,8,0,128,256,1,1,1536,1,1
"KERNEL_DISPATCH","Agent 2",1,0,1123883,291,15,"__amd_rocclr_fillBufferUnAligned",291,104085318837798,104085318840038,0,0,8,0,128,256,1,1,8192,1,1
"KERNEL_DISPATCH","Agent 2",1,0,1123883,292,15,"__amd_rocclr_fillBufferUnAligned",292,104085318843638,104085318845158,0,0,8,0,128,256,1,1,7680,1,1
"KERNEL_DISPATCH","Agent 2",1,0,1123883,293,15,"__amd_rocclr_fillBufferUnAligned",293,104085318848558,104085318850118,0,0,8,0,128,256,1,1,8192,1,1
"KERNEL_DISPATCH","Agent 2",1,0,1123883,294,15,"__amd_rocclr_fillBufferUnAligned",294,104085318853318,104085318854918,0,0,8,0,128,256,1,1,1536,1,1
"KERNEL_DISPATCH","Agent 2",1,0,1123883,295,15,"__amd_rocclr_fillBufferUnAligned",295,104085318880409,104085318882809,0,0,8,0,128,256,1,1,8192,1,1
"KERNEL_DISPATCH","Agent 2",1,0,1123883,296,15,"__amd_rocclr_fillBufferUnAligned",296,104085318887809,104085318889689,0,0,8,0,128,256,1,1,7680,1,1
"KERNEL_DISPATCH","Agent 2",1,0,1123883,297,15,"__amd_rocclr_fillBufferUnAligned",297,104085318904689,104085318906689,0,0,8,0,128,256,1,1,8192,1,1
"KERNEL_DISPATCH","Agent 2",1,0,1123883,298,15,"__amd_rocclr_fillBufferUnAligned",298,104085318910289,104085318911969,0,0,8,0,128,256,1,1,1536,1,1
"KERNEL_DISPATCH","Agent 2",1,0,1123883,299,15,"__amd_rocclr_fillBufferUnAligned",299,104085318945170,104085318947570,0,0,8,0,128,256,1,1,8192,1,1
"KERNEL_DISPATCH","Agent 2",1,0,1123883,300,15,"__amd_rocclr_fillBufferUnAligned",300,104085318951050,104085318952650,0,0,8,0,128,256,1,1,7680,1,1
"KERNEL_DISPATCH","Agent 2",1,0,1123883,301,15,"__amd_rocclr_fillBufferUnAligned",301,104085318955930,104085318957490,0,0,8,0,128,256,1,1,8192,1,1
"KERNEL_DISPATCH","Agent 2",1,0,1123883,302,15,"__amd_rocclr_fillBufferUnAligned",302,104085318964890,104085318966690,0,0,8,0,128,256,1,1,1536,1,1
"KERNEL_DISPATCH","Agent 2",1,0,1123883,303,15,"__amd_rocclr_fillBufferUnAligned",303,104085318985170,104085318987410,0,0,8,0,128,256,1,1,8192,1,1
"KERNEL_DISPATCH","Agent 2",1,0,1123883,304,15,"__amd_rocclr_fillBufferUnAligned",304,104085318994610,104085318996370,0,0,8,0,128,256,1,1,7680,1,1
"KERNEL_DISPATCH","Agent 2",1,0,1123883,305,15,"__amd_rocclr_fillBufferUnAligned",305,104085319013371,104085319015211,0,0,8,0,128,256,1,1,8192,1,1
"KERNEL_DISPATCH","Agent 2",1,0,1123883,306,15,"__amd_rocclr_fillBufferUnAligned",306,104085319018691,104085319020571,0,0,8,0,128,256,1,1,1536,1,1
"KERNEL_DISPATCH","Agent 2",1,0,1123883,307,15,"__amd_rocclr_fillBufferUnAligned",307,104085319050291,104085319052331,0,0,8,0,128,256,1,1,8192,1,1
"KERNEL_DISPATCH","Agent 2",1,0,1123883,308,15,"__amd_rocclr_fillBufferUnAligned",308,104085319055931,104085319057331,0,0,8,0,128,256,1,1,7680,1,1
"KERNEL_DISPATCH","Agent 2",1,0,1123883,309,15,"__amd_rocclr_fillBufferUnAligned",309,104085319060811,104085319062211,0,0,8,0,128,256,1,1,8192,1,1
"KERNEL_DISPATCH","Agent 2",1,0,1123883,310,15,"__amd_rocclr_fillBufferUnAligned",310,104085319069531,104085319071171,0,0,8,0,128,256,1,1,1536,1,1
"KERNEL_DISPATCH","Agent 2",1,0,1123883,311,15,"__amd_rocclr_fillBufferUnAligned",311,104085319088252,104085319090412,0,0,8,0,128,256,1,1,8192,1,1
"KERNEL_DISPATCH","Agent 2",1,0,1123883,312,15,"__amd_rocclr_fillBufferUnAligned",312,104085319099132,104085319101052,0,0,8,0,128,256,1,1,7680,1,1
"KERNEL_DISPATCH","Agent 2",1,0,1123883,313,15,"__amd_rocclr_fillBufferUnAligned",313,104085319119532,104085319121252,0,0,8,0,128,256,1,1,8192,1,1
"KERNEL_DISPATCH","Agent 2",1,0,1123883,314,15,"__amd_rocclr_fillBufferUnAligned",314,104085319128772,104085319130492,0,0,8,0,128,256,1,1,1536,1,1
"KERNEL_DISPATCH","Agent 2",1,0,1123883,315,15,"__amd_rocclr_fillBufferUnAligned",315,104085319145412,104085319147572,0,0,8,0,128,256,1,1,8192,1,1
"KERNEL_DISPATCH","Agent 2",1,0,1123883,316,15,"__amd_rocclr_fillBufferUnAligned",316,104085319151292,104085319152732,0,0,8,0,128,256,1,1,7680,1,1
"KERNEL_DISPATCH","Agent 2",1,0,1123883,317,15,"__amd_rocclr_fillBufferUnAligned",317,104085319156052,104085319157852,0,0,8,0,128,256,1,1,8192,1,1
"KERNEL_DISPATCH","Agent 2",1,0,1123883,318,15,"__amd_rocclr_fillBufferUnAligned",318,104085319171853,104085319173253,0,0,8,0,128,256,1,1,1536,1,1
"KERNEL_DISPATCH","Agent 2",1,0,1123883,319,15,"__amd_rocclr_fillBufferUnAligned",319,104085319200853,104085319202853,0,0,8,0,128,256,1,1,8192,1,1
"KERNEL_DISPATCH","Agent 2",1,0,1123883,320,15,"__amd_rocclr_fillBufferUnAligned",320,104085319206493,104085319208213,0,0,8,0,128,256,1,1,7680,1,1
"KERNEL_DISPATCH","Agent 2",1,0,1123883,321,15,"__amd_rocclr_fillBufferUnAligned",321,104085319227253,104085319229093,0,0,8,0,128,256,1,1,8192,1,1
"KERNEL_DISPATCH","Agent 2",1,0,1123883,322,15,"__amd_rocclr_fillBufferUnAligned",322,104085319232413,104085319234293,0,0,8,0,128,256,1,1,1536,1,1
"KERNEL_DISPATCH","Agent 2",1,0,1123883,323,15,"__amd_rocclr_fillBufferUnAligned",323,104085319260184,104085319262264,0,0,8,0,128,256,1,1,8192,1,1
"KERNEL_DISPATCH","Agent 2",1,0,1123883,324,15,"__amd_rocclr_fillBufferUnAligned",324,104085319266064,104085319267424,0,0,8,0,128,256,1,1,7680,1,1
"KERNEL_DISPATCH","Agent 2",1,0,1123883,325,15,"__amd_rocclr_fillBufferUnAligned",325,104085319270864,104085319272224,0,0,8,0,128,256,1,1,8192,1,1
"KERNEL_DISPATCH","Agent 2",1,0,1123883,326,15,"__amd_rocclr_fillBufferUnAligned",326,104085319279864,104085319281464,0,0,8,0,128,256,1,1,1536,1,1
"KERNEL_DISPATCH","Agent 2",1,0,1123883,327,15,"__amd_rocclr_fillBufferUnAligned",327,104085319302784,104085319304784,0,0,8,0,128,256,1,1,8192,1,1
"KERNEL_DISPATCH","Agent 2",1,0,1123883,328,15,"__amd_rocclr_fillBufferUnAligned",328,104085319308264,104085319310104,0,0,8,0,128,256,1,1,7680,1,1
"KERNEL_DISPATCH","Agent 2",1,0,1123883,329,15,"__amd_rocclr_fillBufferUnAligned",329,104085319342115,104085319343875,0,0,8,0,128,256,1,1,8192,1,1
"KERNEL_DISPATCH","Agent 2",1,0,1123883,330,15,"__amd_rocclr_fillBufferUnAligned",330,104085319351835,104085319353555,0,0,8,0,128,256,1,1,1536,1,1
"KERNEL_DISPATCH","Agent 2",1,0,1123883,331,15,"__amd_rocclr_fillBufferUnAligned",331,104085319368955,104085319371075,0,0,8,0,128,256,1,1,8192,1,1
"KERNEL_DISPATCH","Agent 2",1,0,1123883,332,15,"__amd_rocclr_fillBufferUnAligned",332,104085319374515,104085319376155,0,0,8,0,128,256,1,1,7680,1,1
"KERNEL_DISPATCH","Agent 2",1,0,1123883,333,15,"__amd_rocclr_fillBufferUnAligned",333,104085319379395,104085319380755,0,0,8,0,128,256,1,1,8192,1,1
"KERNEL_DISPATCH","Agent 2",1,0,1123883,334,15,"__amd_rocclr_fillBufferUnAligned",334,104085319383955,104085319385715,0,0,8,0,128,256,1,1,1536,1,1
"KERNEL_DISPATCH","Agent 2",1,0,1123883,335,15,"__amd_rocclr_fillBufferUnAligned",335,104085319417126,104085319419246,0,0,8,0,128,256,1,1,8192,1,1
"KERNEL_DISPATCH","Agent 2",1,0,1123883,336,15,"__amd_rocclr_fillBufferUnAligned",336,104085319426446,104085319428206,0,0,8,0,128,256,1,1,7680,1,1
"KERNEL_DISPATCH","Agent 2",1,0,1123883,337,15,"__amd_rocclr_fillBufferUnAligned",337,104085319442526,104085319444406,0,0,8,0,128,256,1,1,8192,1,1
"KERNEL_DISPATCH","Agent 2",1,0,1123883,338,15,"__amd_rocclr_fillBufferUnAligned",338,104085319447766,104085319449646,0,0,8,0,128,256,1,1,1536,1,1
"KERNEL_DISPATCH","Agent 2",1,0,1123883,339,15,"__amd_rocclr_fillBufferUnAligned",339,104085319485647,104085319487687,0,0,8,0,128,256,1,1,8192,1,1
"KERNEL_DISPATCH","Agent 2",1,0,1123883,340,15,"__amd_rocclr_fillBufferUnAligned",340,104085319491407,104085319492767,0,0,8,0,128,256,1,1,7680,1,1
"KERNEL_DISPATCH","Agent 2",1,0,1123883,341,15,"__amd_rocclr_fillBufferUnAligned",341,104085319496287,104085319497647,0,0,8,0,128,256,1,1,8192,1,1
"KERNEL_DISPATCH","Agent 2",1,0,1123883,342,15,"__amd_rocclr_fillBufferUnAligned",342,104085319504927,104085319506527,0,0,8,0,128,256,1,1,1536,1,1
"KERNEL_DISPATCH","Agent 2",1,0,1123883,343,15,"__amd_rocclr_fillBufferUnAligned",343,104085319525207,104085319527287,0,0,8,0,128,256,1,1,8192,1,1
"KERNEL_DISPATCH","Agent 2",1,0,1123883,344,15,"__amd_rocclr_fillBufferUnAligned",344,104085319534567,104085319536447,0,0,8,0,128,256,1,1,7680,1,1
"KERNEL_DISPATCH","Agent 2",1,0,1123883,345,15,"__amd_rocclr_fillBufferUnAligned",345,104085319551128,104085319552888,0,0,8,0,128,256,1,1,8192,1,1
"KERNEL_DISPATCH","Agent 2",1,0,1123883,346,15,"__amd_rocclr_fillBufferUnAligned",346,104085319556448,104085319558128,0,0,8,0,128,256,1,1,1536,1,1
"KERNEL_DISPATCH","Agent 2",1,0,1123883,347,15,"__amd_rocclr_fillBufferUnAligned",347,104085319585748,104085319587748,0,0,8,0,128,256,1,1,8192,1,1
"KERNEL_DISPATCH","Agent 2",1,0,1123883,348,15,"__amd_rocclr_fillBufferUnAligned",348,104085319591508,104085319592948,0,0,8,0,128,256,1,1,7680,1,1
"KERNEL_DISPATCH","Agent 2",1,0,1123883,349,15,"__amd_rocclr_fillBufferUnAligned",349,104085319596308,104085319597668,0,0,8,0,128,256,1,1,8192,1,1
"KERNEL_DISPATCH","Agent 2",1,0,1123883,350,15,"__amd_rocclr_fillBufferUnAligned",350,104085319600828,104085319602628,0,0,8,0,128,256,1,1,1536,1,1
"KERNEL_DISPATCH","Agent 2",1,0,1123883,351,15,"__amd_rocclr_fillBufferUnAligned",351,104085319629489,104085319631489,0,0,8,0,128,256,1,1,8192,1,1
"KERNEL_DISPATCH","Agent 2",1,0,1123883,353,15,"__amd_rocclr_fillBufferUnAligned",353,104085319664849,104085319666729,0,0,8,0,128,256,1,1,8192,1,1
"KERNEL_DISPATCH","Agent 2",1,0,1123883,354,15,"__amd_rocclr_fillBufferUnAligned",354,104085319670089,104085319671969,0,0,8,0,128,256,1,1,1536,1,1
"KERNEL_DISPATCH","Agent 2",1,0,1123883,352,15,"__amd_rocclr_fillBufferUnAligned",352,104085319635169,104085319636889,0,0,8,0,128,256,1,1,7680,1,1
"KERNEL_DISPATCH","Agent 2",1,0,1123883,355,15,"__amd_rocclr_fillBufferUnAligned",355,104085319698590,104085319700830,0,0,8,0,128,256,1,1,8192,1,1
"KERNEL_DISPATCH","Agent 2",1,0,1123883,356,15,"__amd_rocclr_fillBufferUnAligned",356,104085319704590,104085319706030,0,0,8,0,128,256,1,1,7680,1,1
"KERNEL_DISPATCH","Agent 2",1,0,1123883,357,15,"__amd_rocclr_fillBufferUnAligned",357,104085319709430,104085319710790,0,0,8,0,128,256,1,1,8192,1,1
"KERNEL_DISPATCH","Agent 2",1,0,1123883,359,15,"__amd_rocclr_fillBufferUnAligned",359,104085319743030,104085319745070,0,0,8,0,128,256,1,1,8192,1,1
"KERNEL_DISPATCH","Agent 2",1,0,1123883,360,15,"__amd_rocclr_fillBufferUnAligned",360,104085319748550,104085319750430,0,0,8,0,128,256,1,1,7680,1,1
"KERNEL_DISPATCH","Agent 2",1,0,1123883,361,15,"__amd_rocclr_fillBufferUnAligned",361,104085319770281,104085319772001,0,0,8,0,128,256,1,1,8192,1,1
"KERNEL_DISPATCH","Agent 2",1,0,1123883,358,15,"__amd_rocclr_fillBufferUnAligned",358,104085319714030,104085319715630,0,0,8,0,128,256,1,1,1536,1,1
"KERNEL_DISPATCH","Agent 2",1,0,1123883,362,15,"__amd_rocclr_fillBufferUnAligned",362,104085319778201,104085319779881,0,0,8,0,128,256,1,1,1536,1,1
"KERNEL_DISPATCH","Agent 2",1,0,1123883,363,15,"__amd_rocclr_fillBufferUnAligned",363,104085319798001,104085319800001,0,0,8,0,128,256,1,1,8192,1,1
"KERNEL_DISPATCH","Agent 2",1,0,1123883,364,15,"__amd_rocclr_fillBufferUnAligned",364,104085319803521,104085319815481,0,0,8,0,128,256,1,1,7680,1,1
"KERNEL_DISPATCH","Agent 2",1,0,1123883,365,15,"__amd_rocclr_fillBufferUnAligned",365,104085319818961,104085319820361,0,0,8,0,128,256,1,1,8192,1,1
"KERNEL_DISPATCH","Agent 2",1,0,1123883,366,15,"__amd_rocclr_fillBufferUnAligned",366,104085319823761,104085319825361,0,0,8,0,128,256,1,1,1536,1,1
"KERNEL_DISPATCH","Agent 2",1,0,1123883,367,15,"__amd_rocclr_fillBufferUnAligned",367,104085319857032,104085319858992,0,0,8,0,128,256,1,1,8192,1,1
"KERNEL_DISPATCH","Agent 2",1,0,1123883,368,15,"__amd_rocclr_fillBufferUnAligned",368,104085319866872,104085319868752,0,0,8,0,128,256,1,1,7680,1,1
"KERNEL_DISPATCH","Agent 2",1,0,1123883,369,15,"__amd_rocclr_fillBufferUnAligned",369,104085319887472,104085319889352,0,0,8,0,128,256,1,1,8192,1,1
"KERNEL_DISPATCH","Agent 2",1,0,1123883,370,15,"__amd_rocclr_fillBufferUnAligned",370,104085319896432,104085319898112,0,0,8,0,128,256,1,1,1536,1,1
"KERNEL_DISPATCH","Agent 2",1,0,1123883,371,15,"__amd_rocclr_fillBufferUnAligned",371,104085319916872,104085319918992,0,0,8,0,128,256,1,1,8192,1,1
"KERNEL_DISPATCH","Agent 2",1,0,1123883,372,15,"__amd_rocclr_fillBufferUnAligned",372,104085319922753,104085319924233,0,0,8,0,128,256,1,1,7680,1,1
"KERNEL_DISPATCH","Agent 2",1,0,1123883,373,15,"__amd_rocclr_fillBufferUnAligned",373,104085319927593,104085319929033,0,0,8,0,128,256,1,1,8192,1,1
"KERNEL_DISPATCH","Agent 2",1,0,1123883,374,15,"__amd_rocclr_fillBufferUnAligned",374,104085319932233,104085319933993,0,0,8,0,128,256,1,1,1536,1,1
"KERNEL_DISPATCH","Agent 2",1,0,1123883,375,15,"__amd_rocclr_fillBufferUnAligned",375,104085319970443,104085319972483,0,0,8,0,128,256,1,1,8192,1,1
"KERNEL_DISPATCH","Agent 2",1,0,1123883,376,15,"__amd_rocclr_fillBufferUnAligned",376,104085319980003,104085319981683,0,0,8,0,128,256,1,1,7680,1,1
"KERNEL_DISPATCH","Agent 2",1,0,1123883,377,15,"__amd_rocclr_fillBufferUnAligned",377,104085320006184,104085320007904,0,0,8,0,128,256,1,1,8192,1,1
"KERNEL_DISPATCH","Agent 2",1,0,1123883,378,15,"__amd_rocclr_fillBufferUnAligned",378,104085320011424,104085320013264,0,0,8,0,128,256,1,1,1536,1,1
"KERNEL_DISPATCH","Agent 2",1,0,1123883,379,15,"__amd_rocclr_fillBufferUnAligned",379,104085320048824,104085320060144,0,0,8,0,128,256,1,1,8192,1,1
"KERNEL_DISPATCH","Agent 2",1,0,1123883,380,15,"__amd_rocclr_fillBufferUnAligned",380,104085320063464,104085320064744,0,0,8,0,128,256,1,1,7680,1,1
"KERNEL_DISPATCH","Agent 2",1,0,1123883,381,15,"__amd_rocclr_fillBufferUnAligned",381,104085320078065,104085320079505,0,0,8,0,128,256,1,1,8192,1,1
"KERNEL_DISPATCH","Agent 2",1,0,1123883,382,15,"__amd_rocclr_fillBufferUnAligned",382,104085320114025,104085320115385,0,0,8,0,128,256,1,1,1536,1,1
"KERNEL_DISPATCH","Agent 2",1,0,1123883,383,15,"__amd_rocclr_fillBufferUnAligned",383,104085320139195,104085320141195,0,0,8,0,128,256,1,1,8192,1,1
"KERNEL_DISPATCH","Agent 2",1,0,1123883,384,15,"__amd_rocclr_fillBufferUnAligned",384,104085320144995,104085320146715,0,0,8,0,128,256,1,1,7680,1,1
"KERNEL_DISPATCH","Agent 2",1,0,1123883,385,15,"__amd_rocclr_fillBufferUnAligned",385,104085320167326,104085320169206,0,0,8,0,128,256,1,1,8192,1,1
"KERNEL_DISPATCH","Agent 2",1,0,1123883,386,15,"__amd_rocclr_fillBufferUnAligned",386,104085320173686,104085320175566,0,0,8,0,128,256,1,1,1536,1,1
"KERNEL_DISPATCH","Agent 2",1,0,1123883,387,15,"__amd_rocclr_fillBufferUnAligned",387,104085320199886,104085320202006,0,0,8,0,128,256,1,1,8192,1,1
"KERNEL_DISPATCH","Agent 2",1,0,1123883,388,15,"__amd_rocclr_fillBufferUnAligned",388,104085320206246,104085320207646,0,0,8,0,128,256,1,1,7680,1,1
"KERNEL_DISPATCH","Agent 2",1,0,1123883,389,15,"__amd_rocclr_fillBufferUnAligned",389,104085320211086,104085320212486,0,0,8,0,128,256,1,1,8192,1,1
"KERNEL_DISPATCH","Agent 2",1,0,1123883,390,15,"__amd_rocclr_fillBufferUnAligned",390,104085320215646,104085320217246,0,0,8,0,128,256,1,1,1536,1,1
"KERNEL_DISPATCH","Agent 2",1,0,1123883,391,15,"__amd_rocclr_fillBufferUnAligned",391,104085320248107,104085320250387,0,0,8,0,128,256,1,1,8192,1,1
"KERNEL_DISPATCH","Agent 2",1,0,1123883,392,15,"__amd_rocclr_fillBufferUnAligned",392,104085320257947,104085320259827,0,0,8,0,128,256,1,1,7680,1,1
"KERNEL_DISPATCH","Agent 2",1,0,1123883,393,15,"__amd_rocclr_fillBufferUnAligned",393,104085320280397,104085320282197,0,0,8,0,128,256,1,1,8192,1,1
"KERNEL_DISPATCH","Agent 2",1,0,1123883,394,15,"__amd_rocclr_fillBufferUnAligned",394,104085320287637,104085320289357,0,0,8,0,128,256,1,1,1536,1,1
"KERNEL_DISPATCH","Agent 2",1,0,1123883,395,15,"__amd_rocclr_fillBufferUnAligned",395,104085320303238,104085320305678,0,0,8,0,128,256,1,1,8192,1,1
"KERNEL_DISPATCH","Agent 2",1,0,1123883,396,15,"__amd_rocclr_fillBufferUnAligned",396,104085320309118,104085320310558,0,0,8,0,128,256,1,1,7680,1,1
"KERNEL_DISPATCH","Agent 2",1,0,1123883,397,15,"__amd_rocclr_fillBufferUnAligned",397,104085320313798,104085320315678,0,0,8,0,128,256,1,1,8192,1,1
"KERNEL_DISPATCH","Agent 2",1,0,1123883,398,15,"__amd_rocclr_fillBufferUnAligned",398,104085320332198,104085320333598,0,0,8,0,128,256,1,1,1536,1,1
"KERNEL_DISPATCH","Agent 2",1,0,1123883,399,15,"__amd_rocclr_fillBufferUnAligned",399,104085320354508,104085320356988,0,0,8,0,128,256,1,1,8192,1,1
"KERNEL_DISPATCH","Agent 2",1,0,1123883,400,15,"__amd_rocclr_fillBufferUnAligned",400,104085320361548,104085320363268,0,0,8,0,128,256,1,1,7680,1,1
"KERNEL_DISPATCH","Agent 2",1,0,1123883,401,15,"__amd_rocclr_fillBufferUnAligned",401,104085320377229,104085320379229,0,0,8,0,128,256,1,1,8192,1,1
"KERNEL_DISPATCH","Agent 2",1,0,1123883,402,15,"__amd_rocclr_fillBufferUnAligned",402,104085320382589,104085320384429,0,0,8,0,128,256,1,1,1536,1,1
"KERNEL_DISPATCH","Agent 2",1,0,1123883,403,15,"__amd_rocclr_fillBufferUnAligned",403,104085320412689,104085320415089,0,0,8,0,128,256,1,1,8192,1,1
"KERNEL_DISPATCH","Agent 2",1,0,1123883,404,15,"__amd_rocclr_fillBufferUnAligned",404,104085320418769,104085320420169,0,0,8,0,128,256,1,1,7680,1,1
"KERNEL_DISPATCH","Agent 2",1,0,1123883,405,15,"__amd_rocclr_fillBufferUnAligned",405,104085320423649,104085320425049,0,0,8,0,128,256,1,1,8192,1,1
"KERNEL_DISPATCH","Agent 2",1,0,1123883,406,15,"__amd_rocclr_fillBufferUnAligned",406,104085320432409,104085320434009,0,0,8,0,128,256,1,1,1536,1,1
"KERNEL_DISPATCH","Agent 2",1,0,1123883,407,15,"__amd_rocclr_fillBufferUnAligned",407,104085320451170,104085320453730,0,0,8,0,128,256,1,1,8192,1,1
"KERNEL_DISPATCH","Agent 2",1,0,1123883,408,15,"__amd_rocclr_fillBufferUnAligned",408,104085320462210,104085320464130,0,0,8,0,128,256,1,1,7680,1,1
"KERNEL_DISPATCH","Agent 2",1,0,1123883,409,15,"__amd_rocclr_fillBufferUnAligned",409,104085320477930,104085320489410,0,0,8,0,128,256,1,1,8192,1,1
"KERNEL_DISPATCH","Agent 2",1,0,1123883,410,15,"__amd_rocclr_fillBufferUnAligned",410,104085320492690,104085320493970,0,0,8,0,128,256,1,1,1536,1,1
"KERNEL_DISPATCH","Agent 2",1,0,1123883,411,15,"__amd_rocclr_fillBufferUnAligned",411,104085320522980,104085320525460,0,0,8,0,128,256,1,1,8192,1,1
"KERNEL_DISPATCH","Agent 2",1,0,1123883,412,15,"__amd_rocclr_fillBufferUnAligned",412,104085320529141,104085320530581,0,0,8,0,128,256,1,1,7680,1,1
"KERNEL_DISPATCH","Agent 2",1,0,1123883,413,15,"__amd_rocclr_fillBufferUnAligned",413,104085320534021,104085320535461,0,0,8,0,128,256,1,1,8192,1,1
"KERNEL_DISPATCH","Agent 2",1,0,1123883,414,15,"__amd_rocclr_fillBufferUnAligned",414,104085320538941,104085320540541,0,0,8,0,128,256,1,1,1536,1,1
"KERNEL_DISPATCH","Agent 2",1,0,1123883,415,15,"__amd_rocclr_fillBufferUnAligned",415,104085320564251,104085320566691,0,0,8,0,128,256,1,1,8192,1,1
"KERNEL_DISPATCH","Agent 2",1,0,1123883,416,15,"__amd_rocclr_fillBufferUnAligned",416,104085320570171,104085320572051,0,0,8,0,128,256,1,1,7680,1,1
"KERNEL_DISPATCH","Agent 2",1,0,1123883,417,15,"__amd_rocclr_fillBufferUnAligned",417,104085320586091,104085320588251,0,0,8,0,128,256,1,1,8192,1,1
"KERNEL_DISPATCH","Agent 2",1,0,1123883,418,15,"__amd_rocclr_fillBufferUnAligned",418,104085320598371,104085320600051,0,0,8,0,128,256,1,1,1536,1,1
"KERNEL_DISPATCH","Agent 2",1,0,1123883,419,15,"__amd_rocclr_fillBufferUnAligned",419,104085320615412,104085320617972,0,0,8,0,128,256,1,1,8192,1,1
"KERNEL_DISPATCH","Agent 2",1,0,1123883,420,15,"__amd_rocclr_fillBufferUnAligned",420,104085320621372,104085320622772,0,0,8,0,128,256,1,1,7680,1,1
"KERNEL_DISPATCH","Agent 2",1,0,1123883,421,15,"__amd_rocclr_fillBufferUnAligned",421,104085320626052,104085320627932,0,0,8,0,128,256,1,1,8192,1,1
"KERNEL_DISPATCH","Agent 2",1,0,1123883,422,15,"__amd_rocclr_fillBufferUnAligned",422,104085320645452,104085320646892,0,0,8,0,128,256,1,1,1536,1,1
"KERNEL_DISPATCH","Agent 2",1,0,1123883,423,15,"__amd_rocclr_fillBufferUnAligned",423,104085320678853,104085320681453,0,0,8,0,128,256,1,1,8192,1,1
"KERNEL_DISPATCH","Agent 2",1,0,1123883,424,15,"__amd_rocclr_fillBufferUnAligned",424,104085320685133,104085320686533,0,0,8,0,128,256,1,1,7680,1,1
"KERNEL_DISPATCH","Agent 2",1,0,1123883,425,15,"__amd_rocclr_fillBufferUnAligned",425,104085320690013,104085320691733,0,0,8,0,128,256,1,1,8192,1,1
"KERNEL_DISPATCH","Agent 2",1,0,1123883,426,15,"__amd_rocclr_fillBufferUnAligned",426,104085320709253,104085320710853,0,0,8,0,128,256,1,1,1536,1,1
"KERNEL_DISPATCH","Agent 2",1,0,1123883,427,15,"__amd_rocclr_fillBufferUnAligned",427,104085320729093,104085320731653,0,0,8,0,128,256,1,1,8192,1,1
"KERNEL_DISPATCH","Agent 2",1,0,1123883,428,15,"__amd_rocclr_fillBufferUnAligned",428,104085320735293,104085320736733,0,0,8,0,128,256,1,1,7680,1,1
"KERNEL_DISPATCH","Agent 2",1,0,1123883,429,15,"__amd_rocclr_fillBufferUnAligned",429,104085320740093,104085320741533,0,0,8,0,128,256,1,1,8192,1,1
"KERNEL_DISPATCH","Agent 2",1,0,1123883,430,15,"__amd_rocclr_fillBufferUnAligned",430,104085320749213,104085320750813,0,0,8,0,128,256,1,1,1536,1,1
"KERNEL_DISPATCH","Agent 2",1,0,1123883,431,15,"__amd_rocclr_fillBufferUnAligned",431,104085320768294,104085320770854,0,0,8,0,128,256,1,1,8192,1,1
"KERNEL_DISPATCH","Agent 2",1,0,1123883,432,15,"__amd_rocclr_fillBufferUnAligned",432,104085320778694,104085320780574,0,0,8,0,128,256,1,1,7680,1,1
"KERNEL_DISPATCH","Agent 2",1,0,1123883,433,15,"__amd_rocclr_fillBufferUnAligned",433,104085320794734,104085320796734,0,0,8,0,128,256,1,1,8192,1,1
"KERNEL_DISPATCH","Agent 2",1,0,1123883,434,15,"__amd_rocclr_fillBufferUnAligned",434,104085320800374,104085320802054,0,0,8,0,128,256,1,1,1536,1,1
"KERNEL_DISPATCH","Agent 2",1,0,1123883,435,15,"__amd_rocclr_fillBufferUnAligned",435,104085320828684,104085320831365,0,0,8,0,128,256,1,1,8192,1,1
"KERNEL_DISPATCH","Agent 2",1,0,1123883,436,15,"__amd_rocclr_fillBufferUnAligned",436,104085320834805,104085320836165,0,0,8,0,128,256,1,1,7680,1,1
"KERNEL_DISPATCH","Agent 2",1,0,1123883,437,15,"__amd_rocclr_fillBufferUnAligned",437,104085320839445,104085320840885,0,0,8,0,128,256,1,1,8192,1,1
"KERNEL_DISPATCH","Agent 2",1,0,1123883,438,15,"__amd_rocclr_fillBufferUnAligned",438,104085320844085,104085320845885,0,0,8,0,128,256,1,1,1536,1,1
"KERNEL_DISPATCH","Agent 2",1,0,1123883,439,15,"__amd_rocclr_fillBufferUnAligned",439,104085320869885,104085320872565,0,0,8,0,128,256,1,1,8192,1,1
"KERNEL_DISPATCH","Agent 2",1,0,1123883,440,15,"__amd_rocclr_fillBufferUnAligned",440,104085320876245,104085320877965,0,0,8,0,128,256,1,1,7680,1,1
"KERNEL_DISPATCH","Agent 2",1,0,1123883,441,15,"__amd_rocclr_fillBufferUnAligned",441,104085320907166,104085320909006,0,0,8,0,128,256,1,1,8192,1,1
"KERNEL_DISPATCH","Agent 2",1,0,1123883,442,15,"__amd_rocclr_fillBufferUnAligned",442,104085320912406,104085320914286,0,0,8,0,128,256,1,1,1536,1,1
"KERNEL_DISPATCH","Agent 2",1,0,1123883,443,15,"__amd_rocclr_fillBufferUnAligned",443,104085320935276,104085320937836,0,0,8,0,128,256,1,1,8192,1,1
"KERNEL_DISPATCH","Agent 2",1,0,1123883,444,15,"__amd_rocclr_fillBufferUnAligned",444,104085320941396,104085320942876,0,0,8,0,128,256,1,1,7680,1,1
"KERNEL_DISPATCH","Agent 2",1,0,1123883,445,15,"__amd_rocclr_fillBufferUnAligned",445,104085320946316,104085320947756,0,0,8,0,128,256,1,1,8192,1,1
"KERNEL_DISPATCH","Agent 2",1,0,1123883,446,15,"__amd_rocclr_fillBufferUnAligned",446,104085320955676,104085320957276,0,0,8,0,128,256,1,1,1536,1,1
"KERNEL_DISPATCH","Agent 2",1,0,1123883,447,15,"__amd_rocclr_fillBufferUnAligned",447,104085320973876,104085320976316,0,0,8,0,128,256,1,1,8192,1,1
"KERNEL_DISPATCH","Agent 2",1,0,1123883,448,15,"__amd_rocclr_fillBufferUnAligned",448,104085320979796,104085320981717,0,0,8,0,128,256,1,1,7680,1,1
"KERNEL_DISPATCH","Agent 2",1,0,1123883,449,15,"__amd_rocclr_fillBufferUnAligned",449,104085321008297,104085321010297,0,0,8,0,128,256,1,1,8192,1,1
"KERNEL_DISPATCH","Agent 2",1,0,1123883,450,15,"__amd_rocclr_fillBufferUnAligned",450,104085321013857,104085321015537,0,0,8,0,128,256,1,1,1536,1,1
"KERNEL_DISPATCH","Agent 2",1,0,1123883,451,15,"__amd_rocclr_fillBufferUnAligned",451,104085321043527,104085321046287,0,0,8,0,128,256,1,1,8192,1,1
"KERNEL_DISPATCH","Agent 2",1,0,1123883,452,15,"__amd_rocclr_fillBufferUnAligned",452,104085321049767,104085321051367,0,0,8,0,128,256,1,1,7680,1,1
"KERNEL_DISPATCH","Agent 2",1,0,1123883,453,15,"__amd_rocclr_fillBufferUnAligned",453,104085321054647,104085321056327,0,0,8,0,128,256,1,1,8192,1,1
"KERNEL_DISPATCH","Agent 2",1,0,1123883,454,15,"__amd_rocclr_fillBufferUnAligned",454,104085321059568,104085321061328,0,0,8,0,128,256,1,1,1536,1,1
"KERNEL_DISPATCH","Agent 2",1,0,1123883,455,15,"__amd_rocclr_fillBufferUnAligned",455,104085321091608,104085321094128,0,0,8,0,128,256,1,1,8192,1,1
"KERNEL_DISPATCH","Agent 2",1,0,1123883,456,15,"__amd_rocclr_fillBufferUnAligned",456,104085321100768,104085321102488,0,0,8,0,128,256,1,1,7680,1,1
"KERNEL_DISPATCH","Agent 2",1,0,1123883,457,15,"__amd_rocclr_fillBufferUnAligned",457,104085321117088,104085321118968,0,0,8,0,128,256,1,1,8192,1,1
"KERNEL_DISPATCH","Agent 2",1,0,1123883,458,15,"__amd_rocclr_fillBufferUnAligned",458,104085321122368,104085321124248,0,0,8,0,128,256,1,1,1536,1,1
"KERNEL_DISPATCH","Agent 2",1,0,1123883,459,15,"__amd_rocclr_fillBufferUnAligned",459,104085321162979,104085321165259,0,0,8,0,128,256,1,1,8192,1,1
"KERNEL_DISPATCH","Agent 2",1,0,1123883,460,15,"__amd_rocclr_fillBufferUnAligned",460,104085321168779,104085321170099,0,0,8,0,128,256,1,1,7680,1,1
"KERNEL_DISPATCH","Agent 2",1,0,1123883,461,15,"__amd_rocclr_fillBufferUnAligned",461,104085321173259,104085321174779,0,0,8,0,128,256,1,1,8192,1,1
"KERNEL_DISPATCH","Agent 2",1,0,1123883,462,15,"__amd_rocclr_fillBufferUnAligned",462,104085321177899,104085321179219,0,0,8,0,128,256,1,1,1536,1,1
"KERNEL_DISPATCH","Agent 2",1,0,1123883,463,15,"__amd_rocclr_fillBufferUnAligned",463,104085321182379,104085321184219,0,0,8,0,128,256,1,1,8192,1,1
"KERNEL_DISPATCH","Agent 2",1,0,1123883,464,15,"__amd_rocclr_fillBufferUnAligned",464,104085321187419,104085321188899,0,0,8,0,128,256,1,1,7680,1,1
"KERNEL_DISPATCH","Agent 2",1,0,1123883,465,15,"__amd_rocclr_fillBufferUnAligned",465,104085515817264,104085515819784,0,0,8,0,128,256,1,1,8192,1,1
"KERNEL_DISPATCH","Agent 2",1,0,1123883,467,15,"__amd_rocclr_fillBufferUnAligned",467,104085515829144,104085515830824,0,0,8,0,128,256,1,1,8192,1,1
"KERNEL_DISPATCH","Agent 2",1,0,1123883,468,15,"__amd_rocclr_fillBufferUnAligned",468,104085515834424,104085515835944,0,0,8,0,128,256,1,1,8192,1,1
"KERNEL_DISPATCH","Agent 2",1,0,1123883,471,15,"__amd_rocclr_fillBufferUnAligned",471,104085515850144,104085515851784,0,0,8,0,128,256,1,1,8192,1,1
"KERNEL_DISPATCH","Agent 2",1,0,1123883,524,15,"__amd_rocclr_fillBufferUnAligned",524,104085516127148,104085516128508,0,0,8,0,128,256,1,1,1536,1,1
"KERNEL_DISPATCH","Agent 2",1,0,1123883,526,15,"__amd_rocclr_fillBufferUnAligned",526,104085516137068,104085516138308,0,0,8,0,128,256,1,1,1536,1,1
"KERNEL_DISPATCH","Agent 2",1,0,1123883,527,15,"__amd_rocclr_fillBufferUnAligned",527,104085516141988,104085516143268,0,0,8,0,128,256,1,1,1536,1,1
"KERNEL_DISPATCH","Agent 2",1,0,1123883,528,15,"__amd_rocclr_fillBufferUnAligned",528,104085516146868,104085516148068,0,0,8,0,128,256,1,1,1536,1,1
"KERNEL_DISPATCH","Agent 2",1,0,1123883,567,15,"__amd_rocclr_fillBufferUnAligned",567,104085516337790,104085516338951,0,0,8,0,128,256,1,1,7680,1,1
"KERNEL_DISPATCH","Agent 2",1,0,1123883,568,15,"__amd_rocclr_fillBufferUnAligned",568,104085516342311,104085516343511,0,0,8,0,128,256,1,1,7680,1,1
"KERNEL_DISPATCH","Agent 2",1,0,1123883,569,15,"__amd_rocclr_fillBufferUnAligned",569,104085516347111,104085516348351,0,0,8,0,128,256,1,1,7680,1,1
"KERNEL_DISPATCH","Agent 2",1,0,1123883,571,15,"__amd_rocclr_fillBufferUnAligned",571,104085516356391,104085516357671,0,0,8,0,128,256,1,1,7680,1,1
"KERNEL_DISPATCH","Agent 2",1,0,1123883,607,15,"__amd_rocclr_fillBufferUnAligned",607,104085516525073,104085516526273,0,0,8,0,128,256,1,1,7680,1,1
"KERNEL_DISPATCH","Agent 2",1,0,1123883,608,15,"__amd_rocclr_fillBufferUnAligned",608,104085516529633,104085516530793,0,0,8,0,128,256,1,1,7680,1,1
"KERNEL_DISPATCH","Agent 2",1,0,1123883,609,15,"__amd_rocclr_fillBufferUnAligned",609,104085516534233,104085516536753,0,0,8,0,128,256,1,1,8192,1,1
"KERNEL_DISPATCH","Agent 2",1,0,1123883,611,15,"__amd_rocclr_fillBufferUnAligned",611,104085516546553,104085516549353,0,0,8,0,128,256,1,1,8192,1,1
"KERNEL_DISPATCH","Agent 2",1,0,1123883,642,15,"__amd_rocclr_fillBufferUnAligned",642,104085516736796,104085516739596,0,0,8,0,128,256,1,1,8192,1,1
"KERNEL_DISPATCH","Agent 2",1,0,1123883,643,15,"__amd_rocclr_fillBufferUnAligned",643,104085516742996,104085516745636,0,0,8,0,128,256,1,1,8192,1,1
"KERNEL_DISPATCH","Agent 2",1,0,1123883,644,15,"__amd_rocclr_fillBufferUnAligned",644,104085516748956,104085516751756,0,0,8,0,128,256,1,1,8192,1,1
"KERNEL_DISPATCH","Agent 2",1,0,1123883,646,15,"__amd_rocclr_fillBufferUnAligned",646,104085516761676,104085516764996,0,0,8,0,128,256,1,1,8192,1,1
"KERNEL_DISPATCH","Agent 2",1,0,1123883,683,15,"__amd_rocclr_fillBufferUnAligned",683,104085516974279,104085516976319,0,0,8,0,128,256,1,1,8192,1,1
"KERNEL_DISPATCH","Agent 2",1,0,1123883,684,15,"__amd_rocclr_fillBufferUnAligned",684,104085516979799,104085516982199,0,0,8,0,128,256,1,1,8192,1,1
"KERNEL_DISPATCH","Agent 2",1,0,1123883,687,15,"__amd_rocclr_fillBufferUnAligned",687,104085516997000,104085516999440,0,0,8,0,128,256,1,1,8192,1,1
"KERNEL_DISPATCH","Agent 2",1,0,1123883,691,15,"__amd_rocclr_fillBufferUnAligned",691,104085517018160,104085517019680,0,0,8,0,128,256,1,1,8192,1,1
"KERNEL_DISPATCH","Agent 2",1,0,1123883,738,15,"__amd_rocclr_fillBufferUnAligned",738,104085517257763,104085517259123,0,0,8,0,128,256,1,1,1536,1,1
"KERNEL_DISPATCH","Agent 2",1,0,1123883,739,15,"__amd_rocclr_fillBufferUnAligned",739,104085517262843,104085517264123,0,0,8,0,128,256,1,1,1536,1,1
"KERNEL_DISPATCH","Agent 2",1,0,1123883,742,15,"__amd_rocclr_fillBufferUnAligned",742,104085517487926,104085517489526,0,0,8,0,128,256,1,1,1536,1,1
"KERNEL_DISPATCH","Agent 2",1,0,1123883,746,15,"__amd_rocclr_fillBufferUnAligned",746,104085517506567,104085517507807,0,0,8,0,128,256,1,1,1536,1,1
"KERNEL_DISPATCH","Agent 2",1,0,1123883,803,15,"__amd_rocclr_fillBufferUnAligned",803,104085517787890,104085517789530,0,0,8,0,128,256,1,1,8192,1,1
"KERNEL_DISPATCH","Agent 2",1,0,1123883,809,15,"__amd_rocclr_fillBufferUnAligned",809,104085517821531,104085517824131,0,0,8,0,128,256,1,1,8192,1,1
"KERNEL_DISPATCH","Agent 2",1,0,1123883,844,15,"__amd_rocclr_fillBufferUnAligned",844,104085518045134,104085518047734,0,0,8,0,128,256,1,1,8192,1,1
"KERNEL_DISPATCH","Agent 2",1,0,1123883,839,15,"__amd_rocclr_fillBufferUnAligned",839,104085518014894,104085518017454,0,0,8,0,128,256,1,1,8192,1,1
"KERNEL_DISPATCH","Agent 2",1,0,1123883,834,15,"__amd_rocclr_fillBufferUnAligned",834,104085517986173,104085517987893,0,0,8,0,128,256,1,1,8192,1,1
"KERNEL_DISPATCH","Agent 2",1,0,1123883,829,15,"__amd_rocclr_fillBufferUnAligned",829,104085517939732,104085517942373,0,0,8,0,128,256,1,1,8192,1,1
"KERNEL_DISPATCH","Agent 2",1,0,1123883,846,15,"__amd_rocclr_fillBufferUnAligned",846,104085518057134,104085518059854,0,0,8,0,128,256,1,1,8192,1,1
"KERNEL_DISPATCH","Agent 2",1,0,1123883,824,15,"__amd_rocclr_fillBufferUnAligned",824,104085517910292,104085517912892,0,0,8,0,128,256,1,1,8192,1,1
"KERNEL_DISPATCH","Agent 2",1,0,1123883,841,15,"__amd_rocclr_fillBufferUnAligned",841,104085518026854,104085518029454,0,0,8,0,128,256,1,1,8192,1,1
"KERNEL_DISPATCH","Agent 2",1,0,1123883,847,15,"__amd_rocclr_fillBufferUnAligned",847,104085518063254,104085518065854,0,0,8,0,128,256,1,1,8192,1,1
"KERNEL_DISPATCH","Agent 2",1,0,1123883,842,15,"__amd_rocclr_fillBufferUnAligned",842,104085518032774,104085518035414,0,0,8,0,128,256,1,1,8192,1,1
"KERNEL_DISPATCH","Agent 2",1,0,1123883,837,15,"__amd_rocclr_fillBufferUnAligned",837,104085518002773,104085518005413,0,0,8,0,128,256,1,1,8192,1,1
"KERNEL_DISPATCH","Agent 2",1,0,1123883,832,15,"__amd_rocclr_fillBufferUnAligned",832,104085517975893,104085517977733,0,0,8,0,128,256,1,1,8192,1,1
"KERNEL_DISPATCH","Agent 2",1,0,1123883,819,15,"__amd_rocclr_fillBufferUnAligned",819,104085517880652,104085517883252,0,0,8,0,128,256,1,1,8192,1,1
"KERNEL_DISPATCH","Agent 2",1,0,1123883,848,15,"__amd_rocclr_fillBufferUnAligned",848,104085518069374,104085518072054,0,0,8,0,128,256,1,1,8192,1,1
"KERNEL_DISPATCH","Agent 2",1,0,1123883,827,15,"__amd_rocclr_fillBufferUnAligned",827,104085517927812,104085517930452,0,0,8,0,128,256,1,1,8192,1,1
"KERNEL_DISPATCH","Agent 2",1,0,1123883,814,15,"__amd_rocclr_fillBufferUnAligned",814,104085517851371,104085517853891,0,0,8,0,128,256,1,1,8192,1,1
"KERNEL_DISPATCH","Agent 2",1,0,1123883,804,15,"__amd_rocclr_fillBufferUnAligned",804,104085517792970,104085517794610,0,0,8,0,128,256,1,1,8192,1,1
"KERNEL_DISPATCH","Agent 2",1,0,1123883,843,15,"__amd_rocclr_fillBufferUnAligned",843,104085518038854,104085518041814,0,0,8,0,128,256,1,1,8192,1,1
"KERNEL_DISPATCH","Agent 2",1,0,1123883,838,15,"__amd_rocclr_fillBufferUnAligned",838,104085518008773,104085518011453,0,0,8,0,128,256,1,1,8192,1,1
"KERNEL_DISPATCH","Agent 2",1,0,1123883,822,15,"__amd_rocclr_fillBufferUnAligned",822,104085517898532,104085517901212,0,0,8,0,128,256,1,1,8192,1,1
"KERNEL_DISPATCH","Agent 2",1,0,1123883,833,15,"__amd_rocclr_fillBufferUnAligned",833,104085517981133,104085517982813,0,0,8,0,128,256,1,1,8192,1,1
"KERNEL_DISPATCH","Agent 2",1,0,1123883,828,15,"__amd_rocclr_fillBufferUnAligned",828,104085517933892,104085517936412,0,0,8,0,128,256,1,1,8192,1,1
"KERNEL_DISPATCH","Agent 2",1,0,1123883,823,15,"__amd_rocclr_fillBufferUnAligned",823,104085517904412,104085517906972,0,0,8,0,128,256,1,1,8192,1,1
"KERNEL_DISPATCH","Agent 2",1,0,1123883,817,15,"__amd_rocclr_fillBufferUnAligned",817,104085517868932,104085517871572,0,0,8,0,128,256,1,1,8192,1,1
"KERNEL_DISPATCH","Agent 2",1,0,1123883,812,15,"__amd_rocclr_fillBufferUnAligned",812,104085517839491,104085517842051,0,0,8,0,128,256,1,1,8192,1,1
"KERNEL_DISPATCH","Agent 2",1,0,1123883,807,15,"__amd_rocclr_fillBufferUnAligned",807,104085517809771,104085517812291,0,0,8,0,128,256,1,1,8192,1,1
"KERNEL_DISPATCH","Agent 2",1,0,1123883,802,15,"__amd_rocclr_fillBufferUnAligned",802,104085517782730,104085517784410,0,0,8,0,128,256,1,1,8192,1,1
"KERNEL_DISPATCH","Agent 2",1,0,1123883,797,15,"__amd_rocclr_fillBufferUnAligned",797,104085517738770,104085517739970,0,0,8,0,128,256,1,1,7680,1,1
"KERNEL_DISPATCH","Agent 2",1,0,1123883,792,15,"__amd_rocclr_fillBufferUnAligned",792,104085517715649,104085517716889,0,0,8,0,128,256,1,1,7680,1,1
"KERNEL_DISPATCH","Agent 2",1,0,1123883,787,15,"__amd_rocclr_fillBufferUnAligned",787,104085517692449,104085517693649,0,0,8,0,128,256,1,1,7680,1,1
"KERNEL_DISPATCH","Agent 2",1,0,1123883,782,15,"__amd_rocclr_fillBufferUnAligned",782,104085517669409,104085517670569,0,0,8,0,128,256,1,1,7680,1,1
"KERNEL_DISPATCH","Agent 2",1,0,1123883,777,15,"__amd_rocclr_fillBufferUnAligned",777,104085517646568,104085517647768,0,0,8,0,128,256,1,1,7680,1,1
"KERNEL_DISPATCH","Agent 2",1,0,1123883,772,15,"__amd_rocclr_fillBufferUnAligned",772,104085517624328,104085517625488,0,0,8,0,128,256,1,1,7680,1,1
"KERNEL_DISPATCH","Agent 2",1,0,1123883,767,15,"__amd_rocclr_fillBufferUnAligned",767,104085517601968,104085517603208,0,0,8,0,128,256,1,1,7680,1,1
"KERNEL_DISPATCH","Agent 2",1,0,1123883,762,15,"__amd_rocclr_fillBufferUnAligned",762,104085517579288,104085517580488,0,0,8,0,128,256,1,1,7680,1,1
"KERNEL_DISPATCH","Agent 2",1,0,1123883,757,15,"__amd_rocclr_fillBufferUnAligned",757,104085517556367,104085517558007,0,0,8,0,128,256,1,1,7680,1,1
"KERNEL_DISPATCH","Agent 2",1,0,1123883,752,15,"__amd_rocclr_fillBufferUnAligned",752,104085517533727,104085517534887,0,0,8,0,128,256,1,1,1536,1,1
"KERNEL_DISPATCH","Agent 2",1,0,1123883,747,15,"__amd_rocclr_fillBufferUnAligned",747,104085517511087,104085517512487,0,0,8,0,128,256,1,1,1536,1,1
"KERNEL_DISPATCH","Agent 2",1,0,1123883,737,15,"__amd_rocclr_fillBufferUnAligned",737,104085517253203,104085517254603,0,0,8,0,128,256,1,1,1536,1,1
"KERNEL_DISPATCH","Agent 2",1,0,1123883,732,15,"__amd_rocclr_fillBufferUnAligned",732,104085517229603,104085517230923,0,0,8,0,128,256,1,1,1536,1,1
"KERNEL_DISPATCH","Agent 2",1,0,1123883,727,15,"__amd_rocclr_fillBufferUnAligned",727,104085517206442,104085517207802,0,0,8,0,128,256,1,1,1536,1,1
"KERNEL_DISPATCH","Agent 2",1,0,1123883,722,15,"__amd_rocclr_fillBufferUnAligned",722,104085517182722,104085517184002,0,0,8,0,128,256,1,1,1536,1,1
"KERNEL_DISPATCH","Agent 2",1,0,1123883,836,15,"__amd_rocclr_fillBufferUnAligned",836,104085517996573,104085517999373,0,0,8,0,128,256,1,1,8192,1,1
"KERNEL_DISPATCH","Agent 2",1,0,1123883,717,15,"__amd_rocclr_fillBufferUnAligned",717,104085517158962,104085517160282,0,0,8,0,128,256,1,1,1536,1,1
"KERNEL_DISPATCH","Agent 2",1,0,1123883,712,15,"__amd_rocclr_fillBufferUnAligned",712,104085517134801,104085517136121,0,0,8,0,128,256,1,1,1536,1,1
"KERNEL_DISPATCH","Agent 2",1,0,1123883,831,15,"__amd_rocclr_fillBufferUnAligned",831,104085517951853,104085517954413,0,0,8,0,128,256,1,1,8192,1,1
"KERNEL_DISPATCH","Agent 2",1,0,1123883,707,15,"__amd_rocclr_fillBufferUnAligned",707,104085517110721,104085517112041,0,0,8,0,128,256,1,1,1536,1,1
"KERNEL_DISPATCH","Agent 2",1,0,1123883,702,15,"__amd_rocclr_fillBufferUnAligned",702,104085517082241,104085517084521,0,0,8,0,128,256,1,1,8192,1,1
"KERNEL_DISPATCH","Agent 2",1,0,1123883,826,15,"__amd_rocclr_fillBufferUnAligned",826,104085517922012,104085517924532,0,0,8,0,128,256,1,1,8192,1,1
"KERNEL_DISPATCH","Agent 2",1,0,1123883,697,15,"__amd_rocclr_fillBufferUnAligned",697,104085517051600,104085517053840,0,0,8,0,128,256,1,1,8192,1,1
"KERNEL_DISPATCH","Agent 2",1,0,1123883,821,15,"__amd_rocclr_fillBufferUnAligned",821,104085517892732,104085517895252,0,0,8,0,128,256,1,1,8192,1,1
"KERNEL_DISPATCH","Agent 2",1,0,1123883,816,15,"__amd_rocclr_fillBufferUnAligned",816,104085517863051,104085517865651,0,0,8,0,128,256,1,1,8192,1,1
"KERNEL_DISPATCH","Agent 2",1,0,1123883,811,15,"__amd_rocclr_fillBufferUnAligned",811,104085517833571,104085517836251,0,0,8,0,128,256,1,1,8192,1,1
"KERNEL_DISPATCH","Agent 2",1,0,1123883,692,15,"__amd_rocclr_fillBufferUnAligned",692,104085517023040,104085517024800,0,0,8,0,128,256,1,1,8192,1,1
"KERNEL_DISPATCH","Agent 2",1,0,1123883,682,15,"__amd_rocclr_fillBufferUnAligned",682,104085516968839,104085516970719,0,0,8,0,128,256,1,1,8192,1,1
"KERNEL_DISPATCH","Agent 2",1,0,1123883,806,15,"__amd_rocclr_fillBufferUnAligned",806,104085517803691,104085517806411,0,0,8,0,128,256,1,1,8192,1,1
"KERNEL_DISPATCH","Agent 2",1,0,1123883,818,15,"__amd_rocclr_fillBufferUnAligned",818,104085517874892,104085517877412,0,0,8,0,128,256,1,1,8192,1,1
"KERNEL_DISPATCH","Agent 2",1,0,1123883,801,15,"__amd_rocclr_fillBufferUnAligned",801,104085517777610,104085517779370,0,0,8,0,128,256,1,1,8192,1,1
"KERNEL_DISPATCH","Agent 2",1,0,1123883,813,15,"__amd_rocclr_fillBufferUnAligned",813,104085517845371,104085517848011,0,0,8,0,128,256,1,1,8192,1,1
"KERNEL_DISPATCH","Agent 2",1,0,1123883,808,15,"__amd_rocclr_fillBufferUnAligned",808,104085517815611,104085517818251,0,0,8,0,128,256,1,1,8192,1,1
"KERNEL_DISPATCH","Agent 2",1,0,1123883,798,15,"__amd_rocclr_fillBufferUnAligned",798,104085517743490,104085517744690,0,0,8,0,128,256,1,1,7680,1,1
"KERNEL_DISPATCH","Agent 2",1,0,1123883,796,15,"__amd_rocclr_fillBufferUnAligned",796,104085517734130,104085517735370,0,0,8,0,128,256,1,1,7680,1,1
"KERNEL_DISPATCH","Agent 2",1,0,1123883,791,15,"__amd_rocclr_fillBufferUnAligned",791,104085517711009,104085517712169,0,0,8,0,128,256,1,1,7680,1,1
"KERNEL_DISPATCH","Agent 2",1,0,1123883,786,15,"__amd_rocclr_fillBufferUnAligned",786,104085517687929,104085517689169,0,0,8,0,128,256,1,1,7680,1,1
"KERNEL_DISPATCH","Agent 2",1,0,1123883,781,15,"__amd_rocclr_fillBufferUnAligned",781,104085517664849,104085517666049,0,0,8,0,128,256,1,1,7680,1,1
"KERNEL_DISPATCH","Agent 2",1,0,1123883,793,15,"__amd_rocclr_fillBufferUnAligned",793,104085517720329,104085517721529,0,0,8,0,128,256,1,1,7680,1,1
"KERNEL_DISPATCH","Agent 2",1,0,1123883,776,15,"__amd_rocclr_fillBufferUnAligned",776,104085517642088,104085517643328,0,0,8,0,128,256,1,1,7680,1,1
"KERNEL_DISPATCH","Agent 2",1,0,1123883,788,15,"__amd_rocclr_fillBufferUnAligned",788,104085517697129,104085517698329,0,0,8,0,128,256,1,1,7680,1,1
"KERNEL_DISPATCH","Agent 2",1,0,1123883,771,15,"__amd_rocclr_fillBufferUnAligned",771,104085517619808,104085517620968,0,0,8,0,128,256,1,1,7680,1,1
"KERNEL_DISPATCH","Agent 2",1,0,1123883,783,15,"__amd_rocclr_fillBufferUnAligned",783,104085517673889,104085517675129,0,0,8,0,128,256,1,1,7680,1,1
"KERNEL_DISPATCH","Agent 2",1,0,1123883,766,15,"__amd_rocclr_fillBufferUnAligned",766,104085517597208,104085517598488,0,0,8,0,128,256,1,1,7680,1,1
"KERNEL_DISPATCH","Agent 2",1,0,1123883,799,15,"__amd_rocclr_fillBufferUnAligned",799,104085517748090,104085517749290,0,0,8,0,128,256,1,1,7680,1,1
"KERNEL_DISPATCH","Agent 2",1,0,1123883,778,15,"__amd_rocclr_fillBufferUnAligned",778,104085517651009,104085517652289,0,0,8,0,128,256,1,1,7680,1,1
"KERNEL_DISPATCH","Agent 2",1,0,1123883,794,15,"__amd_rocclr_fillBufferUnAligned",794,104085517724890,104085517726130,0,0,8,0,128,256,1,1,7680,1,1
"KERNEL_DISPATCH","Agent 2",1,0,1123883,773,15,"__amd_rocclr_fillBufferUnAligned",773,104085517628728,104085517629928,0,0,8,0,128,256,1,1,7680,1,1
"KERNEL_DISPATCH","Agent 2",1,0,1123883,789,15,"__amd_rocclr_fillBufferUnAligned",789,104085517701809,104085517702969,0,0,8,0,128,256,1,1,7680,1,1
"KERNEL_DISPATCH","Agent 2",1,0,1123883,761,15,"__amd_rocclr_fillBufferUnAligned",761,104085517574847,104085517575967,0,0,8,0,128,256,1,1,7680,1,1
"KERNEL_DISPATCH","Agent 2",1,0,1123883,784,15,"__amd_rocclr_fillBufferUnAligned",784,104085517678649,104085517679889,0,0,8,0,128,256,1,1,7680,1,1
"KERNEL_DISPATCH","Agent 2",1,0,1123883,768,15,"__amd_rocclr_fillBufferUnAligned",768,104085517606408,104085517607608,0,0,8,0,128,256,1,1,7680,1,1
"KERNEL_DISPATCH","Agent 2",1,0,1123883,756,15,"__amd_rocclr_fillBufferUnAligned",756,104085517551567,104085517553167,0,0,8,0,128,256,1,1,7680,1,1
"KERNEL_DISPATCH","Agent 2",1,0,1123883,677,15,"__amd_rocclr_fillBufferUnAligned",677,104085516942039,104085516943519,0,0,8,0,128,256,1,1,8192,1,1
"KERNEL_DISPATCH","Agent 2",1,0,1123883,779,15,"__amd_rocclr_fillBufferUnAligned",779,104085517655489,104085517656849,0,0,8,0,128,256,1,1,7680,1,1
"KERNEL_DISPATCH","Agent 2",1,0,1123883,763,15,"__amd_rocclr_fillBufferUnAligned",763,104085517583728,104085517584968,0,0,8,0,128,256,1,1,7680,1,1
"KERNEL_DISPATCH","Agent 2",1,0,1123883,672,15,"__amd_rocclr_fillBufferUnAligned",672,104085516914918,104085516916718,0,0,8,0,128,256,1,1,8192,1,1
"KERNEL_DISPATCH","Agent 2",1,0,1123883,774,15,"__amd_rocclr_fillBufferUnAligned",774,104085517633208,104085517634488,0,0,8,0,128,256,1,1,7680,1,1
"KERNEL_DISPATCH","Agent 2",1,0,1123883,758,15,"__amd_rocclr_fillBufferUnAligned",758,104085517561247,104085517562767,0,0,8,0,128,256,1,1,7680,1,1
"KERNEL_DISPATCH","Agent 2",1,0,1123883,667,15,"__amd_rocclr_fillBufferUnAligned",667,104085516886398,104085516889078,0,0,8,0,128,256,1,1,8192,1,1
"KERNEL_DISPATCH","Agent 2",1,0,1123883,753,15,"__amd_rocclr_fillBufferUnAligned",753,104085517538087,104085517539407,0,0,8,0,128,256,1,1,7680,1,1
"KERNEL_DISPATCH","Agent 2",1,0,1123883,662,15,"__amd_rocclr_fillBufferUnAligned",662,104085516856078,104085516858958,0,0,8,0,128,256,1,1,8192,1,1
"KERNEL_DISPATCH","Agent 2",1,0,1123883,748,15,"__amd_rocclr_fillBufferUnAligned",748,104085517515687,104085517517007,0,0,8,0,128,256,1,1,1536,1,1
"KERNEL_DISPATCH","Agent 2",1,0,1123883,743,15,"__amd_rocclr_fillBufferUnAligned",743,104085517492886,104085517494166,0,0,8,0,128,256,1,1,1536,1,1
"KERNEL_DISPATCH","Agent 2",1,0,1123883,657,15,"__amd_rocclr_fillBufferUnAligned",657,104085516832157,104085516833717,0,0,8,0,128,256,1,1,8192,1,1
"KERNEL_DISPATCH","Agent 2",1,0,1123883,733,15,"__amd_rocclr_fillBufferUnAligned",733,104085517234643,104085517235923,0,0,8,0,128,256,1,1,1536,1,1
"KERNEL_DISPATCH","Agent 2",1,0,1123883,652,15,"__amd_rocclr_fillBufferUnAligned",652,104085516799397,104085516803037,0,0,8,0,128,256,1,1,8192,1,1
"KERNEL_DISPATCH","Agent 2",1,0,1123883,728,15,"__amd_rocclr_fillBufferUnAligned",728,104085517211042,104085517212322,0,0,8,0,128,256,1,1,1536,1,1
"KERNEL_DISPATCH","Agent 2",1,0,1123883,647,15,"__amd_rocclr_fillBufferUnAligned",647,104085516768436,104085516771036,0,0,8,0,128,256,1,1,8192,1,1
"KERNEL_DISPATCH","Agent 2",1,0,1123883,723,15,"__amd_rocclr_fillBufferUnAligned",723,104085517188002,104085517189322,0,0,8,0,128,256,1,1,1536,1,1
"KERNEL_DISPATCH","Agent 2",1,0,1123883,637,15,"__amd_rocclr_fillBufferUnAligned",637,104085516705996,104085516708796,0,0,8,0,128,256,1,1,8192,1,1
"KERNEL_DISPATCH","Agent 2",1,0,1123883,632,15,"__amd_rocclr_fillBufferUnAligned",632,104085516675355,104085516678155,0,0,8,0,128,256,1,1,8192,1,1
"KERNEL_DISPATCH","Agent 2",1,0,1123883,718,15,"__amd_rocclr_fillBufferUnAligned",718,104085517163682,104085517164962,0,0,8,0,128,256,1,1,1536,1,1
"KERNEL_DISPATCH","Agent 2",1,0,1123883,627,15,"__amd_rocclr_fillBufferUnAligned",627,104085516643955,104085516646755,0,0,8,0,128,256,1,1,8192,1,1
"KERNEL_DISPATCH","Agent 2",1,0,1123883,713,15,"__amd_rocclr_fillBufferUnAligned",713,104085517139401,104085517140722,0,0,8,0,128,256,1,1,1536,1,1
"KERNEL_DISPATCH","Agent 2",1,0,1123883,708,15,"__amd_rocclr_fillBufferUnAligned",708,104085517115321,104085517116601,0,0,8,0,128,256,1,1,1536,1,1
"KERNEL_DISPATCH","Agent 2",1,0,1123883,622,15,"__amd_rocclr_fillBufferUnAligned",622,104085516612994,104085516615714,0,0,8,0,128,256,1,1,8192,1,1
"KERNEL_DISPATCH","Agent 2",1,0,1123883,617,15,"__amd_rocclr_fillBufferUnAligned",617,104085516581714,104085516584354,0,0,8,0,128,256,1,1,8192,1,1
"KERNEL_DISPATCH","Agent 2",1,0,1123883,612,15,"__amd_rocclr_fillBufferUnAligned",612,104085516552793,104085516554433,0,0,8,0,128,256,1,1,8192,1,1
"KERNEL_DISPATCH","Agent 2",1,0,1123883,703,15,"__amd_rocclr_fillBufferUnAligned",703,104085517087881,104085517090721,0,0,8,0,128,256,1,1,8192,1,1
"KERNEL_DISPATCH","Agent 2",1,0,1123883,602,15,"__amd_rocclr_fillBufferUnAligned",602,104085516502273,104085516503473,0,0,8,0,128,256,1,1,7680,1,1
"KERNEL_DISPATCH","Agent 2",1,0,1123883,698,15,"__amd_rocclr_fillBufferUnAligned",698,104085517057280,104085517060000,0,0,8,0,128,256,1,1,8192,1,1
"KERNEL_DISPATCH","Agent 2",1,0,1123883,597,15,"__amd_rocclr_fillBufferUnAligned",597,104085516478232,104085516479432,0,0,8,0,128,256,1,1,7680,1,1
"KERNEL_DISPATCH","Agent 2",1,0,1123883,693,15,"__amd_rocclr_fillBufferUnAligned",693,104085517028120,104085517030000,0,0,8,0,128,256,1,1,8192,1,1
"KERNEL_DISPATCH","Agent 2",1,0,1123883,688,15,"__amd_rocclr_fillBufferUnAligned",688,104085517003560,104085517005080,0,0,8,0,128,256,1,1,8192,1,1
"KERNEL_DISPATCH","Agent 2",1,0,1123883,678,15,"__amd_rocclr_fillBufferUnAligned",678,104085516946799,104085516948319,0,0,8,0,128,256,1,1,8192,1,1
"KERNEL_DISPATCH","Agent 2",1,0,1123883,673,15,"__amd_rocclr_fillBufferUnAligned",673,104085516920078,104085516922359,0,0,8,0,128,256,1,1,8192,1,1
"KERNEL_DISPATCH","Agent 2",1,0,1123883,668,15,"__amd_rocclr_fillBufferUnAligned",668,104085516892558,104085516894558,0,0,8,0,128,256,1,1,8192,1,1
"KERNEL_DISPATCH","Agent 2",1,0,1123883,663,15,"__amd_rocclr_fillBufferUnAligned",663,104085516862278,104085516864798,0,0,8,0,128,256,1,1,8192,1,1
"KERNEL_DISPATCH","Agent 2",1,0,1123883,658,15,"__amd_rocclr_fillBufferUnAligned",658,104085516837157,104085516838597,0,0,8,0,128,256,1,1,8192,1,1
"KERNEL_DISPATCH","Agent 2",1,0,1123883,653,15,"__amd_rocclr_fillBufferUnAligned",653,104085516806717,104085516809557,0,0,8,0,128,256,1,1,8192,1,1
"KERNEL_DISPATCH","Agent 2",1,0,1123883,648,15,"__amd_rocclr_fillBufferUnAligned",648,104085516774516,104085516777197,0,0,8,0,128,256,1,1,8192,1,1
"KERNEL_DISPATCH","Agent 2",1,0,1123883,638,15,"__amd_rocclr_fillBufferUnAligned",638,104085516712316,104085516715076,0,0,8,0,128,256,1,1,8192,1,1
"KERNEL_DISPATCH","Agent 2",1,0,1123883,633,15,"__amd_rocclr_fillBufferUnAligned",633,104085516681475,104085516684235,0,0,8,0,128,256,1,1,8192,1,1
"KERNEL_DISPATCH","Agent 2",1,0,1123883,628,15,"__amd_rocclr_fillBufferUnAligned",628,104085516650515,104085516653275,0,0,8,0,128,256,1,1,8192,1,1
"KERNEL_DISPATCH","Agent 2",1,0,1123883,623,15,"__amd_rocclr_fillBufferUnAligned",623,104085516619034,104085516622114,0,0,8,0,128,256,1,1,8192,1,1
"KERNEL_DISPATCH","Agent 2",1,0,1123883,751,15,"__amd_rocclr_fillBufferUnAligned",751,104085517529247,104085517530447,0,0,8,0,128,256,1,1,1536,1,1
"KERNEL_DISPATCH","Agent 2",1,0,1123883,618,15,"__amd_rocclr_fillBufferUnAligned",618,104085516588354,104085516591114,0,0,8,0,128,256,1,1,8192,1,1
"KERNEL_DISPATCH","Agent 2",1,0,1123883,592,15,"__amd_rocclr_fillBufferUnAligned",592,104085516454032,104085516455272,0,0,8,0,128,256,1,1,7680,1,1
"KERNEL_DISPATCH","Agent 2",1,0,1123883,613,15,"__amd_rocclr_fillBufferUnAligned",613,104085516557674,104085516560274,0,0,8,0,128,256,1,1,8192,1,1
"KERNEL_DISPATCH","Agent 2",1,0,1123883,587,15,"__amd_rocclr_fillBufferUnAligned",587,104085516430272,104085516431832,0,0,8,0,128,256,1,1,7680,1,1
"KERNEL_DISPATCH","Agent 2",1,0,1123883,741,15,"__amd_rocclr_fillBufferUnAligned",741,104085517272123,104085517484686,0,0,8,0,128,256,1,1,1536,1,1
"KERNEL_DISPATCH","Agent 2",1,0,1123883,582,15,"__amd_rocclr_fillBufferUnAligned",582,104085516407111,104085516408431,0,0,8,0,128,256,1,1,7680,1,1
"KERNEL_DISPATCH","Agent 2",1,0,1123883,577,15,"__amd_rocclr_fillBufferUnAligned",577,104085516384111,104085516385431,0,0,8,0,128,256,1,1,7680,1,1
"KERNEL_DISPATCH","Agent 2",1,0,1123883,572,15,"__amd_rocclr_fillBufferUnAligned",572,104085516361031,104085516362231,0,0,8,0,128,256,1,1,7680,1,1
"KERNEL_DISPATCH","Agent 2",1,0,1123883,603,15,"__amd_rocclr_fillBufferUnAligned",603,104085516506793,104085516508033,0,0,8,0,128,256,1,1,7680,1,1
"KERNEL_DISPATCH","Agent 2",1,0,1123883,736,15,"__amd_rocclr_fillBufferUnAligned",736,104085517248403,104085517249923,0,0,8,0,128,256,1,1,1536,1,1
"KERNEL_DISPATCH","Agent 2",1,0,1123883,598,15,"__amd_rocclr_fillBufferUnAligned",598,104085516483032,104085516484432,0,0,8,0,128,256,1,1,7680,1,1
"KERNEL_DISPATCH","Agent 2",1,0,1123883,731,15,"__amd_rocclr_fillBufferUnAligned",731,104085517225003,104085517226323,0,0,8,0,128,256,1,1,1536,1,1
"KERNEL_DISPATCH","Agent 2",1,0,1123883,593,15,"__amd_rocclr_fillBufferUnAligned",593,104085516458872,104085516460152,0,0,8,0,128,256,1,1,7680,1,1
"KERNEL_DISPATCH","Agent 2",1,0,1123883,588,15,"__amd_rocclr_fillBufferUnAligned",588,104085516435232,104085516436432,0,0,8,0,128,256,1,1,7680,1,1
"KERNEL_DISPATCH","Agent 2",1,0,1123883,562,15,"__amd_rocclr_fillBufferUnAligned",562,104085516314670,104085516315910,0,0,8,0,128,256,1,1,7680,1,1
"KERNEL_DISPATCH","Agent 2",1,0,1123883,726,15,"__amd_rocclr_fillBufferUnAligned",726,104085517201762,104085517203162,0,0,8,0,128,256,1,1,1536,1,1
"KERNEL_DISPATCH","Agent 2",1,0,1123883,583,15,"__amd_rocclr_fillBufferUnAligned",583,104085516411832,104085516412992,0,0,8,0,128,256,1,1,7680,1,1
"KERNEL_DISPATCH","Agent 2",1,0,1123883,721,15,"__amd_rocclr_fillBufferUnAligned",721,104085517177842,104085517179242,0,0,8,0,128,256,1,1,1536,1,1
"KERNEL_DISPATCH","Agent 2",1,0,1123883,578,15,"__amd_rocclr_fillBufferUnAligned",578,104085516388711,104085516389911,0,0,8,0,128,256,1,1,7680,1,1
"KERNEL_DISPATCH","Agent 2",1,0,1123883,716,15,"__amd_rocclr_fillBufferUnAligned",716,104085517153802,104085517155122,0,0,8,0,128,256,1,1,1536,1,1
"KERNEL_DISPATCH","Agent 2",1,0,1123883,573,15,"__amd_rocclr_fillBufferUnAligned",573,104085516365751,104085516366991,0,0,8,0,128,256,1,1,7680,1,1
"KERNEL_DISPATCH","Agent 2",1,0,1123883,769,15,"__amd_rocclr_fillBufferUnAligned",769,104085517610848,104085517612128,0,0,8,0,128,256,1,1,7680,1,1
"KERNEL_DISPATCH","Agent 2",1,0,1123883,764,15,"__amd_rocclr_fillBufferUnAligned",764,104085517588208,104085517589368,0,0,8,0,128,256,1,1,7680,1,1
"KERNEL_DISPATCH","Agent 2",1,0,1123883,759,15,"__amd_rocclr_fillBufferUnAligned",759,104085517565967,104085517567087,0,0,8,0,128,256,1,1,7680,1,1
"KERNEL_DISPATCH","Agent 2",1,0,1123883,754,15,"__amd_rocclr_fillBufferUnAligned",754,104085517542647,104085517543887,0,0,8,0,128,256,1,1,7680,1,1
"KERNEL_DISPATCH","Agent 2",1,0,1123883,749,15,"__amd_rocclr_fillBufferUnAligned",749,104085517520247,104085517521607,0,0,8,0,128,256,1,1,1536,1,1
"KERNEL_DISPATCH","Agent 2",1,0,1123883,744,15,"__amd_rocclr_fillBufferUnAligned",744,104085517497566,104085517498846,0,0,8,0,128,256,1,1,1536,1,1
"KERNEL_DISPATCH","Agent 2",1,0,1123883,734,15,"__amd_rocclr_fillBufferUnAligned",734,104085517239163,104085517240523,0,0,8,0,128,256,1,1,1536,1,1
"KERNEL_DISPATCH","Agent 2",1,0,1123883,729,15,"__amd_rocclr_fillBufferUnAligned",729,104085517216003,104085517217283,0,0,8,0,128,256,1,1,1536,1,1
"KERNEL_DISPATCH","Agent 2",1,0,1123883,724,15,"__amd_rocclr_fillBufferUnAligned",724,104085517192682,104085517193962,0,0,8,0,128,256,1,1,1536,1,1
"KERNEL_DISPATCH","Agent 2",1,0,1123883,719,15,"__amd_rocclr_fillBufferUnAligned",719,104085517168482,104085517169802,0,0,8,0,128,256,1,1,1536,1,1
"KERNEL_DISPATCH","Agent 2",1,0,1123883,714,15,"__amd_rocclr_fillBufferUnAligned",714,104085517144162,104085517145442,0,0,8,0,128,256,1,1,1536,1,1
"KERNEL_DISPATCH","Agent 2",1,0,1123883,709,15,"__amd_rocclr_fillBufferUnAligned",709,104085517120121,104085517121441,0,0,8,0,128,256,1,1,1536,1,1
"KERNEL_DISPATCH","Agent 2",1,0,1123883,704,15,"__amd_rocclr_fillBufferUnAligned",704,104085517094801,104085517097761,0,0,8,0,128,256,1,1,8192,1,1
"KERNEL_DISPATCH","Agent 2",1,0,1123883,699,15,"__amd_rocclr_fillBufferUnAligned",699,104085517063400,104085517066400,0,0,8,0,128,256,1,1,8192,1,1
"KERNEL_DISPATCH","Agent 2",1,0,1123883,694,15,"__amd_rocclr_fillBufferUnAligned",694,104085517033440,104085517035320,0,0,8,0,128,256,1,1,8192,1,1
"KERNEL_DISPATCH","Agent 2",1,0,1123883,689,15,"__amd_rocclr_fillBufferUnAligned",689,104085517008440,104085517010080,0,0,8,0,128,256,1,1,8192,1,1
"KERNEL_DISPATCH","Agent 2",1,0,1123883,563,15,"__amd_rocclr_fillBufferUnAligned",563,104085516319230,104085516320430,0,0,8,0,128,256,1,1,7680,1,1
"KERNEL_DISPATCH","Agent 2",1,0,1123883,557,15,"__amd_rocclr_fillBufferUnAligned",557,104085516291270,104085516292430,0,0,8,0,128,256,1,1,1536,1,1
"KERNEL_DISPATCH","Agent 2",1,0,1123883,711,15,"__amd_rocclr_fillBufferUnAligned",711,104085517129721,104085517131041,0,0,8,0,128,256,1,1,1536,1,1
"KERNEL_DISPATCH","Agent 2",1,0,1123883,552,15,"__amd_rocclr_fillBufferUnAligned",552,104085516267390,104085516268670,0,0,8,0,128,256,1,1,1536,1,1
"KERNEL_DISPATCH","Agent 2",1,0,1123883,547,15,"__amd_rocclr_fillBufferUnAligned",547,104085516243149,104085516244469,0,0,8,0,128,256,1,1,1536,1,1
"KERNEL_DISPATCH","Agent 2",1,0,1123883,706,15,"__amd_rocclr_fillBufferUnAligned",706,104085517105961,104085517107281,0,0,8,0,128,256,1,1,1536,1,1
"KERNEL_DISPATCH","Agent 2",1,0,1123883,679,15,"__amd_rocclr_fillBufferUnAligned",679,104085516951679,104085516953119,0,0,8,0,128,256,1,1,8192,1,1
"KERNEL_DISPATCH","Agent 2",1,0,1123883,701,15,"__amd_rocclr_fillBufferUnAligned",701,104085517076561,104085517078881,0,0,8,0,128,256,1,1,8192,1,1
"KERNEL_DISPATCH","Agent 2",1,0,1123883,542,15,"__amd_rocclr_fillBufferUnAligned",542,104085516218389,104085516219589,0,0,8,0,128,256,1,1,1536,1,1
"KERNEL_DISPATCH","Agent 2",1,0,1123883,558,15,"__amd_rocclr_fillBufferUnAligned",558,104085516295910,104085516297150,0,0,8,0,128,256,1,1,1536,1,1
"KERNEL_DISPATCH","Agent 2",1,0,1123883,537,15,"__amd_rocclr_fillBufferUnAligned",537,104085516193669,104085516194909,0,0,8,0,128,256,1,1,1536,1,1
"KERNEL_DISPATCH","Agent 2",1,0,1123883,674,15,"__amd_rocclr_fillBufferUnAligned",674,104085516926319,104085516928079,0,0,8,0,128,256,1,1,8192,1,1
"KERNEL_DISPATCH","Agent 2",1,0,1123883,532,15,"__amd_rocclr_fillBufferUnAligned",532,104085516167188,104085516168508,0,0,8,0,128,256,1,1,1536,1,1
"KERNEL_DISPATCH","Agent 2",1,0,1123883,696,15,"__amd_rocclr_fillBufferUnAligned",696,104085517045160,104085517048080,0,0,8,0,128,256,1,1,8192,1,1
"KERNEL_DISPATCH","Agent 2",1,0,1123883,553,15,"__amd_rocclr_fillBufferUnAligned",553,104085516272310,104085516273670,0,0,8,0,128,256,1,1,1536,1,1
"KERNEL_DISPATCH","Agent 2",1,0,1123883,686,15,"__amd_rocclr_fillBufferUnAligned",686,104085516991799,104085516993759,0,0,8,0,128,256,1,1,8192,1,1
"KERNEL_DISPATCH","Agent 2",1,0,1123883,548,15,"__amd_rocclr_fillBufferUnAligned",548,104085516247909,104085516249149,0,0,8,0,128,256,1,1,1536,1,1
"KERNEL_DISPATCH","Agent 2",1,0,1123883,669,15,"__amd_rocclr_fillBufferUnAligned",669,104085516898478,104085516900798,0,0,8,0,128,256,1,1,8192,1,1
"KERNEL_DISPATCH","Agent 2",1,0,1123883,681,15,"__amd_rocclr_fillBufferUnAligned",681,104085516962679,104085516965479,0,0,8,0,128,256,1,1,8192,1,1
"KERNEL_DISPATCH","Agent 2",1,0,1123883,543,15,"__amd_rocclr_fillBufferUnAligned",543,104085516223229,104085516224389,0,0,8,0,128,256,1,1,1536,1,1
"KERNEL_DISPATCH","Agent 2",1,0,1123883,676,15,"__amd_rocclr_fillBufferUnAligned",676,104085516936999,104085516938519,0,0,8,0,128,256,1,1,8192,1,1
"KERNEL_DISPATCH","Agent 2",1,0,1123883,671,15,"__amd_rocclr_fillBufferUnAligned",671,104085516909078,104085516911518,0,0,8,0,128,256,1,1,8192,1,1
"KERNEL_DISPATCH","Agent 2",1,0,1123883,538,15,"__amd_rocclr_fillBufferUnAligned",538,104085516198509,104085516199789,0,0,8,0,128,256,1,1,1536,1,1
"KERNEL_DISPATCH","Agent 2",1,0,1123883,664,15,"__amd_rocclr_fillBufferUnAligned",664,104085516868078,104085516870118,0,0,8,0,128,256,1,1,8192,1,1
"KERNEL_DISPATCH","Agent 2",1,0,1123883,666,15,"__amd_rocclr_fillBufferUnAligned",666,104085516880198,104085516882798,0,0,8,0,128,256,1,1,8192,1,1
"KERNEL_DISPATCH","Agent 2",1,0,1123883,533,15,"__amd_rocclr_fillBufferUnAligned",533,104085516172748,104085516174028,0,0,8,0,128,256,1,1,1536,1,1
"KERNEL_DISPATCH","Agent 2",1,0,1123883,659,15,"__amd_rocclr_fillBufferUnAligned",659,104085516841877,104085516843277,0,0,8,0,128,256,1,1,8192,1,1
"KERNEL_DISPATCH","Agent 2",1,0,1123883,661,15,"__amd_rocclr_fillBufferUnAligned",661,104085516851318,104085516852758,0,0,8,0,128,256,1,1,8192,1,1
"KERNEL_DISPATCH","Agent 2",1,0,1123883,654,15,"__amd_rocclr_fillBufferUnAligned",654,104085516812837,104085516815877,0,0,8,0,128,256,1,1,8192,1,1
"KERNEL_DISPATCH","Agent 2",1,0,1123883,523,15,"__amd_rocclr_fillBufferUnAligned",523,104085516122228,104085516123548,0,0,8,0,128,256,1,1,1536,1,1
"KERNEL_DISPATCH","Agent 2",1,0,1123883,649,15,"__amd_rocclr_fillBufferUnAligned",649,104085516780517,104085516782997,0,0,8,0,128,256,1,1,8192,1,1
"KERNEL_DISPATCH","Agent 2",1,0,1123883,639,15,"__amd_rocclr_fillBufferUnAligned",639,104085516718396,104085516721236,0,0,8,0,128,256,1,1,8192,1,1
"KERNEL_DISPATCH","Agent 2",1,0,1123883,518,15,"__amd_rocclr_fillBufferUnAligned",518,104085516098027,104085516099347,0,0,8,0,128,256,1,1,1536,1,1
"KERNEL_DISPATCH","Agent 2",1,0,1123883,634,15,"__amd_rocclr_fillBufferUnAligned",634,104085516687675,104085516690275,0,0,8,0,128,256,1,1,8192,1,1
"KERNEL_DISPATCH","Agent 2",1,0,1123883,513,15,"__amd_rocclr_fillBufferUnAligned",513,104085516073987,104085516075307,0,0,8,0,128,256,1,1,1536,1,1
"KERNEL_DISPATCH","Agent 2",1,0,1123883,629,15,"__amd_rocclr_fillBufferUnAligned",629,104085516656595,104085516659075,0,0,8,0,128,256,1,1,8192,1,1
"KERNEL_DISPATCH","Agent 2",1,0,1123883,508,15,"__amd_rocclr_fillBufferUnAligned",508,104085516048747,104085516050227,0,0,8,0,128,256,1,1,8192,1,1
"KERNEL_DISPATCH","Agent 2",1,0,1123883,503,15,"__amd_rocclr_fillBufferUnAligned",503,104085516022066,104085516024426,0,0,8,0,128,256,1,1,8192,1,1
"KERNEL_DISPATCH","Agent 2",1,0,1123883,498,15,"__amd_rocclr_fillBufferUnAligned",498,104085515992866,104085515994266,0,0,8,0,128,256,1,1,8192,1,1
"KERNEL_DISPATCH","Agent 2",1,0,1123883,493,15,"__amd_rocclr_fillBufferUnAligned",493,104085515965185,104085515968025,0,0,8,0,128,256,1,1,8192,1,1
"KERNEL_DISPATCH","Agent 2",1,0,1123883,624,15,"__amd_rocclr_fillBufferUnAligned",624,104085516625514,104085516628194,0,0,8,0,128,256,1,1,8192,1,1
"KERNEL_DISPATCH","Agent 2",1,0,1123883,488,15,"__amd_rocclr_fillBufferUnAligned",488,104085515938145,104085515939865,0,0,8,0,128,256,1,1,8192,1,1
"KERNEL_DISPATCH","Agent 2",1,0,1123883,619,15,"__amd_rocclr_fillBufferUnAligned",619,104085516594594,104085516597474,0,0,8,0,128,256,1,1,8192,1,1
"KERNEL_DISPATCH","Agent 2",1,0,1123883,483,15,"__amd_rocclr_fillBufferUnAligned",483,104085515912025,104085515913785,0,0,8,0,128,256,1,1,8192,1,1
"KERNEL_DISPATCH","Agent 2",1,0,1123883,656,15,"__amd_rocclr_fillBufferUnAligned",656,104085516826157,104085516828837,0,0,8,0,128,256,1,1,8192,1,1
"KERNEL_DISPATCH","Agent 2",1,0,1123883,614,15,"__amd_rocclr_fillBufferUnAligned",614,104085516563714,104085516566394,0,0,8,0,128,256,1,1,8192,1,1
"KERNEL_DISPATCH","Agent 2",1,0,1123883,651,15,"__amd_rocclr_fillBufferUnAligned",651,104085516792557,104085516796077,0,0,8,0,128,256,1,1,8192,1,1
"KERNEL_DISPATCH","Agent 2",1,0,1123883,478,15,"__amd_rocclr_fillBufferUnAligned",478,104085515886304,104085515887704,0,0,8,0,128,256,1,1,8192,1,1
"KERNEL_DISPATCH","Agent 2",1,0,1123883,641,15,"__amd_rocclr_fillBufferUnAligned",641,104085516730676,104085516733556,0,0,8,0,128,256,1,1,8192,1,1
"KERNEL_DISPATCH","Agent 2",1,0,1123883,604,15,"__amd_rocclr_fillBufferUnAligned",604,104085516511433,104085516512673,0,0,8,0,128,256,1,1,7680,1,1
"KERNEL_DISPATCH","Agent 2",1,0,1123883,473,15,"__amd_rocclr_fillBufferUnAligned",473,104085515860424,104085515862184,0,0,8,0,128,256,1,1,8192,1,1
"KERNEL_DISPATCH","Agent 2",1,0,1123883,469,15,"__amd_rocclr_fillBufferUnAligned",469,104085515839664,104085515841464,0,0,8,0,128,256,1,1,8192,1,1
"KERNEL_DISPATCH","Agent 2",1,0,1123883,636,15,"__amd_rocclr_fillBufferUnAligned",636,104085516699835,104085516702635,0,0,8,0,128,256,1,1,8192,1,1
"KERNEL_DISPATCH","Agent 2",1,0,1123883,474,15,"__amd_rocclr_fillBufferUnAligned",474,104085515865824,104085515867184,0,0,8,0,128,256,1,1,8192,1,1
"KERNEL_DISPATCH","Agent 2",1,0,1123883,599,15,"__amd_rocclr_fillBufferUnAligned",599,104085516488073,104085516489273,0,0,8,0,128,256,1,1,7680,1,1
"KERNEL_DISPATCH","Agent 2",1,0,1123883,631,15,"__amd_rocclr_fillBufferUnAligned",631,104085516669395,104085516671915,0,0,8,0,128,256,1,1,8192,1,1
"KERNEL_DISPATCH","Agent 2",1,0,1123883,594,15,"__amd_rocclr_fillBufferUnAligned",594,104085516463752,104085516464952,0,0,8,0,128,256,1,1,7680,1,1
"KERNEL_DISPATCH","Agent 2",1,0,1123883,479,15,"__amd_rocclr_fillBufferUnAligned",479,104085515891304,104085515892824,0,0,8,0,128,256,1,1,8192,1,1
"KERNEL_DISPATCH","Agent 2",1,0,1123883,626,15,"__amd_rocclr_fillBufferUnAligned",626,104085516638275,104085516640715,0,0,8,0,128,256,1,1,8192,1,1
"KERNEL_DISPATCH","Agent 2",1,0,1123883,589,15,"__amd_rocclr_fillBufferUnAligned",589,104085516439752,104085516440952,0,0,8,0,128,256,1,1,7680,1,1
"KERNEL_DISPATCH","Agent 2",1,0,1123883,584,15,"__amd_rocclr_fillBufferUnAligned",584,104085516416512,104085516417672,0,0,8,0,128,256,1,1,7680,1,1
"KERNEL_DISPATCH","Agent 2",1,0,1123883,484,15,"__amd_rocclr_fillBufferUnAligned",484,104085515917185,104085515918665,0,0,8,0,128,256,1,1,8192,1,1
"KERNEL_DISPATCH","Agent 2",1,0,1123883,621,15,"__amd_rocclr_fillBufferUnAligned",621,104085516606994,104085516609714,0,0,8,0,128,256,1,1,8192,1,1
"KERNEL_DISPATCH","Agent 2",1,0,1123883,616,15,"__amd_rocclr_fillBufferUnAligned",616,104085516575754,104085516578354,0,0,8,0,128,256,1,1,8192,1,1
"KERNEL_DISPATCH","Agent 2",1,0,1123883,579,15,"__amd_rocclr_fillBufferUnAligned",579,104085516393231,104085516394391,0,0,8,0,128,256,1,1,7680,1,1
"KERNEL_DISPATCH","Agent 2",1,0,1123883,489,15,"__amd_rocclr_fillBufferUnAligned",489,104085515943385,104085515945145,0,0,8,0,128,256,1,1,8192,1,1
"KERNEL_DISPATCH","Agent 2",1,0,1123883,606,15,"__amd_rocclr_fillBufferUnAligned",606,104085516520513,104085516521713,0,0,8,0,128,256,1,1,7680,1,1
"KERNEL_DISPATCH","Agent 2",1,0,1123883,494,15,"__amd_rocclr_fillBufferUnAligned",494,104085515971545,104085515973025,0,0,8,0,128,256,1,1,8192,1,1
"KERNEL_DISPATCH","Agent 2",1,0,1123883,574,15,"__amd_rocclr_fillBufferUnAligned",574,104085516370271,104085516371471,0,0,8,0,128,256,1,1,7680,1,1
"KERNEL_DISPATCH","Agent 2",1,0,1123883,564,15,"__amd_rocclr_fillBufferUnAligned",564,104085516323750,104085516325110,0,0,8,0,128,256,1,1,7680,1,1
"KERNEL_DISPATCH","Agent 2",1,0,1123883,601,15,"__amd_rocclr_fillBufferUnAligned",601,104085516497673,104085516498873,0,0,8,0,128,256,1,1,7680,1,1
"KERNEL_DISPATCH","Agent 2",1,0,1123883,499,15,"__amd_rocclr_fillBufferUnAligned",499,104085515998026,104085515999626,0,0,8,0,128,256,1,1,8192,1,1
"KERNEL_DISPATCH","Agent 2",1,0,1123883,559,15,"__amd_rocclr_fillBufferUnAligned",559,104085516300550,104085516301830,0,0,8,0,128,256,1,1,1536,1,1
"KERNEL_DISPATCH","Agent 2",1,0,1123883,504,15,"__amd_rocclr_fillBufferUnAligned",504,104085516028186,104085516029746,0,0,8,0,128,256,1,1,8192,1,1
"KERNEL_DISPATCH","Agent 2",1,0,1123883,509,15,"__amd_rocclr_fillBufferUnAligned",509,104085516053787,104085516055307,0,0,8,0,128,256,1,1,8192,1,1
"KERNEL_DISPATCH","Agent 2",1,0,1123883,554,15,"__amd_rocclr_fillBufferUnAligned",554,104085516277270,104085516278510,0,0,8,0,128,256,1,1,1536,1,1
"KERNEL_DISPATCH","Agent 2",1,0,1123883,514,15,"__amd_rocclr_fillBufferUnAligned",514,104085516078907,104085516080347,0,0,8,0,128,256,1,1,1536,1,1
"KERNEL_DISPATCH","Agent 2",1,0,1123883,549,15,"__amd_rocclr_fillBufferUnAligned",549,104085516252669,104085516254109,0,0,8,0,128,256,1,1,1536,1,1
"KERNEL_DISPATCH","Agent 2",1,0,1123883,519,15,"__amd_rocclr_fillBufferUnAligned",519,104085516102907,104085516104067,0,0,8,0,128,256,1,1,1536,1,1
"KERNEL_DISPATCH","Agent 2",1,0,1123883,544,15,"__amd_rocclr_fillBufferUnAligned",544,104085516228029,104085516229269,0,0,8,0,128,256,1,1,1536,1,1
"KERNEL_DISPATCH","Agent 2",1,0,1123883,529,15,"__amd_rocclr_fillBufferUnAligned",529,104085516151588,104085516152908,0,0,8,0,128,256,1,1,1536,1,1
"KERNEL_DISPATCH","Agent 2",1,0,1123883,539,15,"__amd_rocclr_fillBufferUnAligned",539,104085516203629,104085516204869,0,0,8,0,128,256,1,1,1536,1,1
"KERNEL_DISPATCH","Agent 2",1,0,1123883,534,15,"__amd_rocclr_fillBufferUnAligned",534,104085516178148,104085516179428,0,0,8,0,128,256,1,1,1536,1,1
"KERNEL_DISPATCH","Agent 2",1,0,1123883,470,15,"__amd_rocclr_fillBufferUnAligned",470,104085515845064,104085515846624,0,0,8,0,128,256,1,1,8192,1,1
"KERNEL_DISPATCH","Agent 2",1,0,1123883,475,15,"__amd_rocclr_fillBufferUnAligned",475,104085515870624,104085515872344,0,0,8,0,128,256,1,1,8192,1,1
"KERNEL_DISPATCH","Agent 2",1,0,1123883,480,15,"__amd_rocclr_fillBufferUnAligned",480,104085515896304,104085515897984,0,0,8,0,128,256,1,1,8192,1,1
"KERNEL_DISPATCH","Agent 2",1,0,1123883,485,15,"__amd_rocclr_fillBufferUnAligned",485,104085515922305,104085515923905,0,0,8,0,128,256,1,1,8192,1,1
"KERNEL_DISPATCH","Agent 2",1,0,1123883,490,15,"__amd_rocclr_fillBufferUnAligned",490,104085515948665,104085515950145,0,0,8,0,128,256,1,1,8192,1,1
"KERNEL_DISPATCH","Agent 2",1,0,1123883,495,15,"__amd_rocclr_fillBufferUnAligned",495,104085515977346,104085515979066,0,0,8,0,128,256,1,1,8192,1,1
"KERNEL_DISPATCH","Agent 2",1,0,1123883,466,15,"__amd_rocclr_fillBufferUnAligned",466,104085515823824,104085515825544,0,0,8,0,128,256,1,1,8192,1,1
"KERNEL_DISPATCH","Agent 2",1,0,1123883,500,15,"__amd_rocclr_fillBufferUnAligned",500,104085516003386,104085516006306,0,0,8,0,128,256,1,1,8192,1,1
"KERNEL_DISPATCH","Agent 2",1,0,1123883,510,15,"__amd_rocclr_fillBufferUnAligned",510,104085516058907,104085516060307,0,0,8,0,128,256,1,1,8192,1,1
"KERNEL_DISPATCH","Agent 2",1,0,1123883,515,15,"__amd_rocclr_fillBufferUnAligned",515,104085516083867,104085516085067,0,0,8,0,128,256,1,1,1536,1,1
"KERNEL_DISPATCH","Agent 2",1,0,1123883,520,15,"__amd_rocclr_fillBufferUnAligned",520,104085516107707,104085516108907,0,0,8,0,128,256,1,1,1536,1,1
"KERNEL_DISPATCH","Agent 2",1,0,1123883,525,15,"__amd_rocclr_fillBufferUnAligned",525,104085516132188,104085516133588,0,0,8,0,128,256,1,1,1536,1,1
"KERNEL_DISPATCH","Agent 2",1,0,1123883,530,15,"__amd_rocclr_fillBufferUnAligned",530,104085516156388,104085516157668,0,0,8,0,128,256,1,1,1536,1,1
"KERNEL_DISPATCH","Agent 2",1,0,1123883,535,15,"__amd_rocclr_fillBufferUnAligned",535,104085516183268,104085516184508,0,0,8,0,128,256,1,1,1536,1,1
"KERNEL_DISPATCH","Agent 2",1,0,1123883,540,15,"__amd_rocclr_fillBufferUnAligned",540,104085516208709,104085516210029,0,0,8,0,128,256,1,1,1536,1,1
"KERNEL_DISPATCH","Agent 2",1,0,1123883,545,15,"__amd_rocclr_fillBufferUnAligned",545,104085516232909,104085516234629,0,0,8,0,128,256,1,1,1536,1,1
"KERNEL_DISPATCH","Agent 2",1,0,1123883,550,15,"__amd_rocclr_fillBufferUnAligned",550,104085516257749,104085516259029,0,0,8,0,128,256,1,1,1536,1,1
"KERNEL_DISPATCH","Agent 2",1,0,1123883,555,15,"__amd_rocclr_fillBufferUnAligned",555,104085516281950,104085516283230,0,0,8,0,128,256,1,1,1536,1,1
"KERNEL_DISPATCH","Agent 2",1,0,1123883,560,15,"__amd_rocclr_fillBufferUnAligned",560,104085516305270,104085516306670,0,0,8,0,128,256,1,1,1536,1,1
"KERNEL_DISPATCH","Agent 2",1,0,1123883,565,15,"__amd_rocclr_fillBufferUnAligned",565,104085516328550,104085516329830,0,0,8,0,128,256,1,1,7680,1,1
"KERNEL_DISPATCH","Agent 2",1,0,1123883,596,15,"__amd_rocclr_fillBufferUnAligned",596,104085516473312,104085516474512,0,0,8,0,128,256,1,1,7680,1,1
"KERNEL_DISPATCH","Agent 2",1,0,1123883,505,15,"__amd_rocclr_fillBufferUnAligned",505,104085516033306,104085516034906,0,0,8,0,128,256,1,1,8192,1,1
"KERNEL_DISPATCH","Agent 2",1,0,1123883,570,15,"__amd_rocclr_fillBufferUnAligned",570,104085516351911,104085516353071,0,0,8,0,128,256,1,1,7680,1,1
"KERNEL_DISPATCH","Agent 2",1,0,1123883,591,15,"__amd_rocclr_fillBufferUnAligned",591,104085516449272,104085516450512,0,0,8,0,128,256,1,1,7680,1,1
"KERNEL_DISPATCH","Agent 2",1,0,1123883,586,15,"__amd_rocclr_fillBufferUnAligned",586,104085516425792,104085516426952,0,0,8,0,128,256,1,1,7680,1,1
"KERNEL_DISPATCH","Agent 2",1,0,1123883,575,15,"__amd_rocclr_fillBufferUnAligned",575,104085516374831,104085516376071,0,0,8,0,128,256,1,1,7680,1,1
"KERNEL_DISPATCH","Agent 2",1,0,1123883,580,15,"__amd_rocclr_fillBufferUnAligned",580,104085516397831,104085516399031,0,0,8,0,128,256,1,1,7680,1,1
"KERNEL_DISPATCH","Agent 2",1,0,1123883,585,15,"__amd_rocclr_fillBufferUnAligned",585,104085516421152,104085516422392,0,0,8,0,128,256,1,1,7680,1,1
"KERNEL_DISPATCH","Agent 2",1,0,1123883,590,15,"__amd_rocclr_fillBufferUnAligned",590,104085516444432,104085516445632,0,0,8,0,128,256,1,1,7680,1,1
"KERNEL_DISPATCH","Agent 2",1,0,1123883,581,15,"__amd_rocclr_fillBufferUnAligned",581,104085516402511,104085516403711,0,0,8,0,128,256,1,1,7680,1,1
"KERNEL_DISPATCH","Agent 2",1,0,1123883,595,15,"__amd_rocclr_fillBufferUnAligned",595,104085516468592,104085516469792,0,0,8,0,128,256,1,1,7680,1,1
"KERNEL_DISPATCH","Agent 2",1,0,1123883,600,15,"__amd_rocclr_fillBufferUnAligned",600,104085516493193,104085516494393,0,0,8,0,128,256,1,1,7680,1,1
"KERNEL_DISPATCH","Agent 2",1,0,1123883,605,15,"__amd_rocclr_fillBufferUnAligned",605,104085516515993,104085516517233,0,0,8,0,128,256,1,1,7680,1,1
"KERNEL_DISPATCH","Agent 2",1,0,1123883,576,15,"__amd_rocclr_fillBufferUnAligned",576,104085516379551,104085516380711,0,0,8,0,128,256,1,1,7680,1,1
"KERNEL_DISPATCH","Agent 2",1,0,1123883,610,15,"__amd_rocclr_fillBufferUnAligned",610,104085516540633,104085516543273,0,0,8,0,128,256,1,1,8192,1,1
"KERNEL_DISPATCH","Agent 2",1,0,1123883,615,15,"__amd_rocclr_fillBufferUnAligned",615,104085516569754,104085516572314,0,0,8,0,128,256,1,1,8192,1,1
"KERNEL_DISPATCH","Agent 2",1,0,1123883,620,15,"__amd_rocclr_fillBufferUnAligned",620,104085516600794,104085516603594,0,0,8,0,128,256,1,1,8192,1,1
"KERNEL_DISPATCH","Agent 2",1,0,1123883,625,15,"__amd_rocclr_fillBufferUnAligned",625,104085516631555,104085516634555,0,0,8,0,128,256,1,1,8192,1,1
"KERNEL_DISPATCH","Agent 2",1,0,1123883,630,15,"__amd_rocclr_fillBufferUnAligned",630,104085516662835,104085516666155,0,0,8,0,128,256,1,1,8192,1,1
"KERNEL_DISPATCH","Agent 2",1,0,1123883,635,15,"__amd_rocclr_fillBufferUnAligned",635,104085516693595,104085516696555,0,0,8,0,128,256,1,1,8192,1,1
"KERNEL_DISPATCH","Agent 2",1,0,1123883,640,15,"__amd_rocclr_fillBufferUnAligned",640,104085516724516,104085516727316,0,0,8,0,128,256,1,1,8192,1,1
"KERNEL_DISPATCH","Agent 2",1,0,1123883,645,15,"__amd_rocclr_fillBufferUnAligned",645,104085516755636,104085516758396,0,0,8,0,128,256,1,1,8192,1,1
"KERNEL_DISPATCH","Agent 2",1,0,1123883,650,15,"__amd_rocclr_fillBufferUnAligned",650,104085516786237,104085516789317,0,0,8,0,128,256,1,1,8192,1,1
"KERNEL_DISPATCH","Agent 2",1,0,1123883,655,15,"__amd_rocclr_fillBufferUnAligned",655,104085516819197,104085516822677,0,0,8,0,128,256,1,1,8192,1,1
"KERNEL_DISPATCH","Agent 2",1,0,1123883,660,15,"__amd_rocclr_fillBufferUnAligned",660,104085516846597,104085516847997,0,0,8,0,128,256,1,1,8192,1,1
"KERNEL_DISPATCH","Agent 2",1,0,1123883,665,15,"__amd_rocclr_fillBufferUnAligned",665,104085516874318,104085516876918,0,0,8,0,128,256,1,1,8192,1,1
"KERNEL_DISPATCH","Agent 2",1,0,1123883,670,15,"__amd_rocclr_fillBufferUnAligned",670,104085516904078,104085516905758,0,0,8,0,128,256,1,1,8192,1,1
"KERNEL_DISPATCH","Agent 2",1,0,1123883,675,15,"__amd_rocclr_fillBufferUnAligned",675,104085516931439,104085516933719,0,0,8,0,128,256,1,1,8192,1,1
"KERNEL_DISPATCH","Agent 2",1,0,1123883,680,15,"__amd_rocclr_fillBufferUnAligned",680,104085516956439,104085516959279,0,0,8,0,128,256,1,1,8192,1,1
"KERNEL_DISPATCH","Agent 2",1,0,1123883,685,15,"__amd_rocclr_fillBufferUnAligned",685,104085516985679,104085516988439,0,0,8,0,128,256,1,1,8192,1,1
"KERNEL_DISPATCH","Agent 2",1,0,1123883,690,15,"__amd_rocclr_fillBufferUnAligned",690,104085517013360,104085517014840,0,0,8,0,128,256,1,1,8192,1,1
"KERNEL_DISPATCH","Agent 2",1,0,1123883,695,15,"__amd_rocclr_fillBufferUnAligned",695,104085517038640,104085517041640,0,0,8,0,128,256,1,1,8192,1,1
"KERNEL_DISPATCH","Agent 2",1,0,1123883,700,15,"__amd_rocclr_fillBufferUnAligned",700,104085517070401,104085517073201,0,0,8,0,128,256,1,1,8192,1,1
"KERNEL_DISPATCH","Agent 2",1,0,1123883,705,15,"__amd_rocclr_fillBufferUnAligned",705,104085517101081,104085517102481,0,0,8,0,128,256,1,1,1536,1,1
"KERNEL_DISPATCH","Agent 2",1,0,1123883,566,15,"__amd_rocclr_fillBufferUnAligned",566,104085516333190,104085516334510,0,0,8,0,128,256,1,1,7680,1,1
"KERNEL_DISPATCH","Agent 2",1,0,1123883,710,15,"__amd_rocclr_fillBufferUnAligned",710,104085517124801,104085517126241,0,0,8,0,128,256,1,1,1536,1,1
"KERNEL_DISPATCH","Agent 2",1,0,1123883,561,15,"__amd_rocclr_fillBufferUnAligned",561,104085516309950,104085516311230,0,0,8,0,128,256,1,1,7680,1,1
"KERNEL_DISPATCH","Agent 2",1,0,1123883,556,15,"__amd_rocclr_fillBufferUnAligned",556,104085516286670,104085516287830,0,0,8,0,128,256,1,1,1536,1,1
"KERNEL_DISPATCH","Agent 2",1,0,1123883,715,15,"__amd_rocclr_fillBufferUnAligned",715,104085517148722,104085517150522,0,0,8,0,128,256,1,1,1536,1,1
"KERNEL_DISPATCH","Agent 2",1,0,1123883,720,15,"__amd_rocclr_fillBufferUnAligned",720,104085517173202,104085517174522,0,0,8,0,128,256,1,1,1536,1,1
"KERNEL_DISPATCH","Agent 2",1,0,1123883,725,15,"__amd_rocclr_fillBufferUnAligned",725,104085517197242,104085517198482,0,0,8,0,128,256,1,1,1536,1,1
"KERNEL_DISPATCH","Agent 2",1,0,1123883,551,15,"__amd_rocclr_fillBufferUnAligned",551,104085516262549,104085516263789,0,0,8,0,128,256,1,1,1536,1,1
"KERNEL_DISPATCH","Agent 2",1,0,1123883,730,15,"__amd_rocclr_fillBufferUnAligned",730,104085517220563,104085517221803,0,0,8,0,128,256,1,1,1536,1,1
"KERNEL_DISPATCH","Agent 2",1,0,1123883,735,15,"__amd_rocclr_fillBufferUnAligned",735,104085517243883,104085517245123,0,0,8,0,128,256,1,1,1536,1,1
"KERNEL_DISPATCH","Agent 2",1,0,1123883,546,15,"__amd_rocclr_fillBufferUnAligned",546,104085516238149,104085516239589,0,0,8,0,128,256,1,1,1536,1,1
"KERNEL_DISPATCH","Agent 2",1,0,1123883,740,15,"__amd_rocclr_fillBufferUnAligned",740,104085517267443,104085517268723,0,0,8,0,128,256,1,1,1536,1,1
"KERNEL_DISPATCH","Agent 2",1,0,1123883,745,15,"__amd_rocclr_fillBufferUnAligned",745,104085517502086,104085517503326,0,0,8,0,128,256,1,1,1536,1,1
"KERNEL_DISPATCH","Agent 2",1,0,1123883,541,15,"__amd_rocclr_fillBufferUnAligned",541,104085516213549,104085516214789,0,0,8,0,128,256,1,1,1536,1,1
"KERNEL_DISPATCH","Agent 2",1,0,1123883,750,15,"__amd_rocclr_fillBufferUnAligned",750,104085517524767,104085517525927,0,0,8,0,128,256,1,1,1536,1,1
"KERNEL_DISPATCH","Agent 2",1,0,1123883,536,15,"__amd_rocclr_fillBufferUnAligned",536,104085516188708,104085516189988,0,0,8,0,128,256,1,1,1536,1,1
"KERNEL_DISPATCH","Agent 2",1,0,1123883,755,15,"__amd_rocclr_fillBufferUnAligned",755,104085517547127,104085517548367,0,0,8,0,128,256,1,1,7680,1,1
"KERNEL_DISPATCH","Agent 2",1,0,1123883,760,15,"__amd_rocclr_fillBufferUnAligned",760,104085517570287,104085517571527,0,0,8,0,128,256,1,1,7680,1,1
"KERNEL_DISPATCH","Agent 2",1,0,1123883,531,15,"__amd_rocclr_fillBufferUnAligned",531,104085516161788,104085516162988,0,0,8,0,128,256,1,1,1536,1,1
"KERNEL_DISPATCH","Agent 2",1,0,1123883,770,15,"__amd_rocclr_fillBufferUnAligned",770,104085517615408,104085517616568,0,0,8,0,128,256,1,1,7680,1,1
"KERNEL_DISPATCH","Agent 2",1,0,1123883,521,15,"__amd_rocclr_fillBufferUnAligned",521,104085516112667,104085516113947,0,0,8,0,128,256,1,1,1536,1,1
"KERNEL_DISPATCH","Agent 2",1,0,1123883,516,15,"__amd_rocclr_fillBufferUnAligned",516,104085516088667,104085516089867,0,0,8,0,128,256,1,1,1536,1,1
"KERNEL_DISPATCH","Agent 2",1,0,1123883,775,15,"__amd_rocclr_fillBufferUnAligned",775,104085517637728,104085517638848,0,0,8,0,128,256,1,1,7680,1,1
"KERNEL_DISPATCH","Agent 2",1,0,1123883,511,15,"__amd_rocclr_fillBufferUnAligned",511,104085516063867,104085516065387,0,0,8,0,128,256,1,1,8192,1,1
"KERNEL_DISPATCH","Agent 2",1,0,1123883,780,15,"__amd_rocclr_fillBufferUnAligned",780,104085517660209,104085517661369,0,0,8,0,128,256,1,1,7680,1,1
"KERNEL_DISPATCH","Agent 2",1,0,1123883,785,15,"__amd_rocclr_fillBufferUnAligned",785,104085517683329,104085517684649,0,0,8,0,128,256,1,1,7680,1,1
"KERNEL_DISPATCH","Agent 2",1,0,1123883,506,15,"__amd_rocclr_fillBufferUnAligned",506,104085516038586,104085516040066,0,0,8,0,128,256,1,1,8192,1,1
"KERNEL_DISPATCH","Agent 2",1,0,1123883,790,15,"__amd_rocclr_fillBufferUnAligned",790,104085517706409,104085517707649,0,0,8,0,128,256,1,1,7680,1,1
"KERNEL_DISPATCH","Agent 2",1,0,1123883,795,15,"__amd_rocclr_fillBufferUnAligned",795,104085517729530,104085517730810,0,0,8,0,128,256,1,1,7680,1,1
"KERNEL_DISPATCH","Agent 2",1,0,1123883,501,15,"__amd_rocclr_fillBufferUnAligned",501,104085516009906,104085516012386,0,0,8,0,128,256,1,1,8192,1,1
"KERNEL_DISPATCH","Agent 2",1,0,1123883,496,15,"__amd_rocclr_fillBufferUnAligned",496,104085515982586,104085515984026,0,0,8,0,128,256,1,1,8192,1,1
"KERNEL_DISPATCH","Agent 2",1,0,1123883,491,15,"__amd_rocclr_fillBufferUnAligned",491,104085515953665,104085515955425,0,0,8,0,128,256,1,1,8192,1,1
"KERNEL_DISPATCH","Agent 2",1,0,1123883,800,15,"__amd_rocclr_fillBufferUnAligned",800,104085517772730,104085517774290,0,0,8,0,128,256,1,1,7680,1,1
"KERNEL_DISPATCH","Agent 2",1,0,1123883,486,15,"__amd_rocclr_fillBufferUnAligned",486,104085515927705,104085515929225,0,0,8,0,128,256,1,1,8192,1,1
"KERNEL_DISPATCH","Agent 2",1,0,1123883,481,15,"__amd_rocclr_fillBufferUnAligned",481,104085515901544,104085515903265,0,0,8,0,128,256,1,1,8192,1,1
"KERNEL_DISPATCH","Agent 2",1,0,1123883,805,15,"__amd_rocclr_fillBufferUnAligned",805,104085517797931,104085517800451,0,0,8,0,128,256,1,1,8192,1,1
"KERNEL_DISPATCH","Agent 2",1,0,1123883,810,15,"__amd_rocclr_fillBufferUnAligned",810,104085517827531,104085517830091,0,0,8,0,128,256,1,1,8192,1,1
"KERNEL_DISPATCH","Agent 2",1,0,1123883,765,15,"__amd_rocclr_fillBufferUnAligned",765,104085517592568,104085517593728,0,0,8,0,128,256,1,1,7680,1,1
"KERNEL_DISPATCH","Agent 2",1,0,1123883,815,15,"__amd_rocclr_fillBufferUnAligned",815,104085517857251,104085517859771,0,0,8,0,128,256,1,1,8192,1,1
"KERNEL_DISPATCH","Agent 2",1,0,1123883,476,15,"__amd_rocclr_fillBufferUnAligned",476,104085515875864,104085515877424,0,0,8,0,128,256,1,1,8192,1,1
"KERNEL_DISPATCH","Agent 2",1,0,1123883,472,15,"__amd_rocclr_fillBufferUnAligned",472,104085515855504,104085515856984,0,0,8,0,128,256,1,1,8192,1,1
"KERNEL_DISPATCH","Agent 2",1,0,1123883,820,15,"__amd_rocclr_fillBufferUnAligned",820,104085517886572,104085517889332,0,0,8,0,128,256,1,1,8192,1,1
"KERNEL_DISPATCH","Agent 2",1,0,1123883,825,15,"__amd_rocclr_fillBufferUnAligned",825,104085517916212,104085517918732,0,0,8,0,128,256,1,1,8192,1,1
"KERNEL_DISPATCH","Agent 2",1,0,1123883,830,15,"__amd_rocclr_fillBufferUnAligned",830,104085517945733,104085517948373,0,0,8,0,128,256,1,1,8192,1,1
"KERNEL_DISPATCH","Agent 2",1,0,1123883,835,15,"__amd_rocclr_fillBufferUnAligned",835,104085517991453,104085517993093,0,0,8,0,128,256,1,1,8192,1,1
"KERNEL_DISPATCH","Agent 2",1,0,1123883,477,15,"__amd_rocclr_fillBufferUnAligned",477,104085515881064,104085515882744,0,0,8,0,128,256,1,1,8192,1,1
"KERNEL_DISPATCH","Agent 2",1,0,1123883,840,15,"__amd_rocclr_fillBufferUnAligned",840,104085518020894,104085518023494,0,0,8,0,128,256,1,1,8192,1,1
"KERNEL_DISPATCH","Agent 2",1,0,1123883,845,15,"__amd_rocclr_fillBufferUnAligned",845,104085518051054,104085518053774,0,0,8,0,128,256,1,1,8192,1,1
"KERNEL_DISPATCH","Agent 2",1,0,1123883,482,15,"__amd_rocclr_fillBufferUnAligned",482,104085515906945,104085515908465,0,0,8,0,128,256,1,1,8192,1,1
"KERNEL_DISPATCH","Agent 2",1,0,1123883,487,15,"__amd_rocclr_fillBufferUnAligned",487,104085515932905,104085515934505,0,0,8,0,128,256,1,1,8192,1,1
"KERNEL_DISPATCH","Agent 2",1,0,1123883,492,15,"__amd_rocclr_fillBufferUnAligned",492,104085515958945,104085515961665,0,0,8,0,128,256,1,1,8192,1,1
"KERNEL_DISPATCH","Agent 2",1,0,1123883,497,15,"__amd_rocclr_fillBufferUnAligned",497,104085515987706,104085515989466,0,0,8,0,128,256,1,1,8192,1,1
"KERNEL_DISPATCH","Agent 2",1,0,1123883,517,15,"__amd_rocclr_fillBufferUnAligned",517,104085516093427,104085516094627,0,0,8,0,128,256,1,1,1536,1,1
"KERNEL_DISPATCH","Agent 2",1,0,1123883,502,15,"__amd_rocclr_fillBufferUnAligned",502,104085516015906,104085516018586,0,0,8,0,128,256,1,1,8192,1,1
"KERNEL_DISPATCH","Agent 2",1,0,1123883,507,15,"__amd_rocclr_fillBufferUnAligned",507,104085516043546,104085516045186,0,0,8,0,128,256,1,1,8192,1,1
"KERNEL_DISPATCH","Agent 2",1,0,1123883,512,15,"__amd_rocclr_fillBufferUnAligned",512,104085516069027,104085516070427,0,0,8,0,128,256,1,1,8192,1,1
"KERNEL_DISPATCH","Agent 2",1,0,1123883,849,19,"embedding_q8_batched",849,104085536045931,104085536377376,0,0,8,0,128,256,1,1,2097152,1,1
"KERNEL_DISPATCH","Agent 2",1,0,1123883,850,8,"__amd_rocclr_copyBuffer",850,104085536480117,104085536483397,0,0,16,0,128,512,1,1,512,1,1
"KERNEL_DISPATCH","Agent 2",1,0,1123883,851,8,"__amd_rocclr_copyBuffer",851,104085536506047,104085536508767,0,0,16,0,128,512,1,1,512,1,1
"KERNEL_DISPATCH","Agent 2",1,0,1123883,852,20,"fused_rmsnorm_mq_rotate_awq_mq4v2_fp8_gfx12",852,104085537128136,104085538123830,0,0,96,0,128,256,1,1,2097152,1,1
"KERNEL_DISPATCH","Agent 2",1,0,1123883,853,21,"gemm_qkvza_mq4g256v2_wmma_fp8_v2_b128x128_gfx1201_symfold",853,104085538128630,104085547176434,0,0,208,0,128,256,1,1,33024,64,1
"KERNEL_DISPATCH","Agent 2",1,0,1123883,854,22,"gdn_pre_batched_gfx1201",854,104085547189354,104085549686828,33280,0,224,0,128,256,1,1,2686976,1,1
"KERNEL_DISPATCH","Agent 2",1,0,1123883,855,24,"gated_delta_net_q8_fast",855,104085549699228,104085550173515,2048,0,64,0,128,32,1,1,1536,32,1
"KERNEL_DISPATCH","Agent 2",1,0,1123883,856,24,"gated_delta_net_q8_fast",856,104085550176755,104085550636441,2048,0,64,0,128,32,1,1,1536,32,1
"KERNEL_DISPATCH","Agent 2",1,0,1123883,868,24,"gated_delta_net_q8_fast",868,104085555760592,104085556234198,2048,0,64,0,128,32,1,1,1536,32,1
"KERNEL_DISPATCH","Agent 2",1,0,1123883,863,24,"gated_delta_net_q8_fast",863,104085553393919,104085553858165,2048,0,64,0,128,32,1,1,1536,32,1
"KERNEL_DISPATCH","Agent 2",1,0,1123883,858,24,"gated_delta_net_q8_fast",858,104085551102208,104085551552934,2048,0,64,0,128,32,1,1,1536,32,1
"KERNEL_DISPATCH","Agent 2",1,0,1123883,859,24,"gated_delta_net_q8_fast",859,104085551556094,104085552006740,2048,0,64,0,128,32,1,1,1536,32,1
"KERNEL_DISPATCH","Agent 2",1,0,1123883,864,24,"gated_delta_net_q8_fast",864,104085553861446,104085554331012,2048,0,64,0,128,32,1,1,1536,32,1
"KERNEL_DISPATCH","Agent 2",1,0,1123883,860,24,"gated_delta_net_q8_fast",860,104085552010100,104085552465586,2048,0,64,0,128,32,1,1,1536,32,1
"KERNEL_DISPATCH","Agent 2",1,0,1123883,865,24,"gated_delta_net_q8_fast",865,104085554334292,104085554805858,2048,0,64,0,128,32,1,1,1536,32,1
"KERNEL_DISPATCH","Agent 2",1,0,1123883,869,24,"gated_delta_net_q8_fast",869,104085556237438,104085556713845,2048,0,64,0,128,32,1,1,1536,32,1
"KERNEL_DISPATCH","Agent 2",1,0,1123883,861,24,"gated_delta_net_q8_fast",861,104085552468826,104085552925433,2048,0,64,0,128,32,1,1,1536,32,1
"KERNEL_DISPATCH","Agent 2",1,0,1123883,866,24,"gated_delta_net_q8_fast",866,104085554809059,104085555281905,2048,0,64,0,128,32,1,1,1536,32,1
"KERNEL_DISPATCH","Agent 2",1,0,1123883,857,24,"gated_delta_net_q8_fast",857,104085550639601,104085551099168,2048,0,64,0,128,32,1,1,1536,32,1
"KERNEL_DISPATCH","Agent 2",1,0,1123883,862,24,"gated_delta_net_q8_fast",862,104085552928633,104085553390759,2048,0,64,0,128,32,1,1,1536,32,1
"KERNEL_DISPATCH","Agent 2",1,0,1123883,867,24,"gated_delta_net_q8_fast",867,104085555285145,104085555757432,2048,0,64,0,128,32,1,1,1536,32,1
"KERNEL_DISPATCH","Agent 2",1,0,1123883,870,24,"gated_delta_net_q8_fast",870,104085556717165,104085557197531,2048,0,64,0,128,32,1,1,1536,32,1
"KERNEL_DISPATCH","Agent 2",1,0,1123883,871,25,"gated_norm_f32",871,104085557201451,104085558185265,0,0,24,0,128,32,1,1,1536,8192,1
"KERNEL_DISPATCH","Agent 2",1,0,1123883,872,26,"rotate_x_mq_awq",872,104085558197865,104085558824034,0,0,80,0,128,32,1,1,768,8192,1
"KERNEL_DISPATCH","Agent 2",1,0,1123883,873,27,"pack_f32_to_fp8_mq4v2_gfx12",873,104085559795997,104085560288404,512,0,24,0,128,256,1,1,2097152,1,1
"KERNEL_DISPATCH","Agent 2",1,0,1123883,874,29,"gemm_mq4g256v2_residual_wmma_fp8_v2_b128x128_gfx1201_symfold",874,104085560293044,104085563582089,0,0,192,0,128,256,1,1,10240,64,1
"KERNEL_DISPATCH","Agent 2",1,0,1123883,875,20,"fused_rmsnorm_mq_rotate_awq_mq4v2_fp8_gfx12",875,104085563595609,104085564266098,0,0,96,0,128,256,1,1,2097152,1,1
"KERNEL_DISPATCH","Agent 2",1,0,1123883,876,30,"gemm_gate_up_mq4g256v2_wmma_fp8_v2_b128x128_gfx1201_symfold",876,104085564277954,104085584519901,0,0,192,0,128,256,1,1,69632,64,1
"KERNEL_DISPATCH","Agent 2",1,0,1123883,877,31,"fused_silu_mul_mq_rotate_awq",877,104085584532381,104085587355778,0,0,56,0,128,32,1,1,2176,8192,1
"KERNEL_DISPATCH","Agent 2",1,0,1123883,878,27,"pack_f32_to_fp8_mq4v2_gfx12",878,104085590014463,104085591337800,512,0,24,0,128,256,1,1,2097152,1,1
"KERNEL_DISPATCH","Agent 2",1,0,1123883,879,29,"gemm_mq4g256v2_residual_wmma_fp8_v2_b128x128_gfx1201_symfold",879,104085591342720,104085600471081,0,0,192,0,128,256,1,1,10240,64,1
"KERNEL_DISPATCH","Agent 2",1,0,1123883,880,20,"fused_rmsnorm_mq_rotate_awq_mq4v2_fp8_gfx12",880,104085600476041,104085601151650,0,0,96,0,128,256,1,1,2097152,1,1
"KERNEL_DISPATCH","Agent 2",1,0,1123883,881,21,"gemm_qkvza_mq4g256v2_wmma_fp8_v2_b128x128_gfx1201_symfold",881,104085601164130,104085610316331,0,0,208,0,128,256,1,1,33024,64,1
"KERNEL_DISPATCH","Agent 2",1,0,1123883,938,33,"deinterleave_q_rmsnorm_f32_batched",938,104085729084874,104085730470812,0,0,24,0,128,256,1,1,6144,8192,1
"KERNEL_DISPATCH","Agent 2",1,0,1123883,2467,29,"gemm_mq4g256v2_residual_wmma_fp8_v2_b128x128_gfx1201_symfold",2467,104089568271084,104089578238737,0,0,192,0,128,256,1,1,10240,64,1
"KERNEL_DISPATCH","Agent 2",1,0,1123883,2468,8,"__amd_rocclr_copyBuffer",2468,104089578251697,104089578253857,0,0,16,0,128,512,1,1,1536,1,1
"KERNEL_DISPATCH","Agent 2",1,0,1123883,2469,35,"rmsnorm_f32",2469,104089578257377,104089578271617,0,0,16,0,128,256,1,1,256,1,1
"KERNEL_DISPATCH","Agent 2",1,0,1123883,2462,29,"gemm_mq4g256v2_residual_wmma_fp8_v2_b128x128_gfx1201_symfold",2462,104089539486100,104089542807865,0,0,192,0,128,256,1,1,10240,64,1
"KERNEL_DISPATCH","Agent 2",1,0,1123883,2463,20,"fused_rmsnorm_mq_rotate_awq_mq4v2_fp8_gfx12",2463,104089542820065,104089543489314,0,0,96,0,128,256,1,1,2097152,1,1
"KERNEL_DISPATCH","Agent 2",1,0,1123883,2464,30,"gemm_gate_up_mq4g256v2_wmma_fp8_v2_b128x128_gfx1201_symfold",2464,104089543501554,104089564086668,0,0,192,0,128,256,1,1,69632,64,1
"KERNEL_DISPATCH","Agent 2",1,0,1123883,2457,37,"kv_cache_write_fp8_e4m3_batched",2457,104089525128029,104089525216510,0,0,56,0,128,32,1,1,128,8192,1
"KERNEL_DISPATCH","Agent 2",1,0,1123883,2459,49,"sigmoid_mul_f32",2459,104089537353072,104089538327805,0,0,16,0,128,256,1,1,50331648,1,1
"KERNEL_DISPATCH","Agent 2",1,0,1123883,2452,32,"gemm_qkv_mq4g256v2_wmma_fp8_v2_b128x128_gfx1201_symfold",2452,104089514600329,104089523067241,0,0,192,0,128,256,1,1,28672,64,1
"KERNEL_DISPATCH","Agent 2",1,0,1123883,2454,35,"rmsnorm_f32",2454,104089524468300,104089524691223,0,0,16,0,128,256,1,1,8388608,1,1
"KERNEL_DISPATCH","Agent 2",1,0,1123883,2447,30,"gemm_gate_up_mq4g256v2_wmma_fp8_v2_b128x128_gfx1201_symfold",2447,104089479123575,104089499939493,0,0,192,0,128,256,1,1,69632,64,1
"KERNEL_DISPATCH","Agent 2",1,0,1123883,2449,27,"pack_f32_to_fp8_mq4v2_gfx12",2449,104089502785291,104089504112869,512,0,24,0,128,256,1,1,2097152,1,1
"KERNEL_DISPATCH","Agent 2",1,0,1123883,2444,27,"pack_f32_to_fp8_mq4v2_gfx12",2444,104089474549834,104089475050161,512,0,24,0,128,256,1,1,2097152,1,1
"KERNEL_DISPATCH","Agent 2",1,0,1123883,2442,25,"gated_norm_f32",2442,104089472919373,104089473901346,0,0,24,0,128,32,1,1,1536,8192,1
"KERNEL_DISPATCH","Agent 2",1,0,1123883,2439,24,"gated_delta_net_q8_fast",2439,104089471245150,104089471802598,2048,0,64,0,128,32,1,1,1536,32,1
"KERNEL_DISPATCH","Agent 2",1,0,1123883,2437,24,"gated_delta_net_q8_fast",2437,104089470119815,104089470679503,2048,0,64,0,128,32,1,1,1536,32,1
"KERNEL_DISPATCH","Agent 2",1,0,1123883,2434,24,"gated_delta_net_q8_fast",2434,104089468405113,104089468978160,2048,0,64,0,128,32,1,1,1536,32,1
"KERNEL_DISPATCH","Agent 2",1,0,1123883,2432,24,"gated_delta_net_q8_fast",2432,104089467248937,104089467823305,2048,0,64,0,128,32,1,1,1536,32,1
"KERNEL_DISPATCH","Agent 2",1,0,1123883,2429,24,"gated_delta_net_q8_fast",2429,104089465505314,104089466083562,2048,0,64,0,128,32,1,1,1536,32,1
"KERNEL_DISPATCH","Agent 2",1,0,1123883,2427,24,"gated_delta_net_q8_fast",2427,104089464350618,104089464922226,2048,0,64,0,128,32,1,1,1536,32,1
"KERNEL_DISPATCH","Agent 2",1,0,1123883,2424,21,"gemm_qkvza_mq4g256v2_wmma_fp8_v2_b128x128_gfx1201_symfold",2424,104089451632809,104089461057615,0,0,208,0,128,256,1,1,33024,64,1
"KERNEL_DISPATCH","Agent 2",1,0,1123883,2422,29,"gemm_mq4g256v2_residual_wmma_fp8_v2_b128x128_gfx1201_symfold",2422,104089440932106,104089450926719,0,0,192,0,128,256,1,1,10240,64,1
"KERNEL_DISPATCH","Agent 2",1,0,1123883,2419,30,"gemm_gate_up_mq4g256v2_wmma_fp8_v2_b128x128_gfx1201_symfold",2419,104089415982733,104089436749490,0,0,192,0,128,256,1,1,69632,64,1
"KERNEL_DISPATCH","Agent 2",1,0,1123883,2417,29,"gemm_mq4g256v2_residual_wmma_fp8_v2_b128x128_gfx1201_symfold",2417,104089411922159,104089415286244,0,0,192,0,128,256,1,1,10240,64,1
"KERNEL_DISPATCH","Agent 2",1,0,1123883,2414,25,"gated_norm_f32",2414,104089409788491,104089410770544,0,0,24,0,128,32,1,1,1536,8192,1
"KERNEL_DISPATCH","Agent 2",1,0,1123883,2412,24,"gated_delta_net_q8_fast",2412,104089408668556,104089409226043,2048,0,64,0,128,32,1,1,1536,32,1
"KERNEL_DISPATCH","Agent 2",1,0,1123883,2409,24,"gated_delta_net_q8_fast",2409,104089406978293,104089407540341,2048,0,64,0,128,32,1,1,1536,32,1
"KERNEL_DISPATCH","Agent 2",1,0,1123883,2407,24,"gated_delta_net_q8_fast",2407,104089405835638,104089406406006,2048,0,64,0,128,32,1,1,1536,32,1
"KERNEL_DISPATCH","Agent 2",1,0,1123883,2404,24,"gated_delta_net_q8_fast",2404,104089404100095,104089404678663,2048,0,64,0,128,32,1,1,1536,32,1
"KERNEL_DISPATCH","Agent 2",1,0,1123883,2402,24,"gated_delta_net_q8_fast",2402,104089402923239,104089403510927,2048,0,64,0,128,32,1,1,1536,32,1
"KERNEL_DISPATCH","Agent 2",1,0,1123883,2399,24,"gated_delta_net_q8_fast",2399,104089401141736,104089401733943,2048,0,64,0,128,32,1,1,1536,32,1
"KERNEL_DISPATCH","Agent 2",1,0,1123883,2397,22,"gdn_pre_batched_gfx1201",2397,104089397836171,104089400528447,33280,0,224,0,128,256,1,1,2686976,1,1
"KERNEL_DISPATCH","Agent 2",1,0,1123883,2394,29,"gemm_mq4g256v2_residual_wmma_fp8_v2_b128x128_gfx1201_symfold",2394,104089377799424,104089387639675,0,0,192,0,128,256,1,1,10240,64,1
"KERNEL_DISPATCH","Agent 2",1,0,1123883,2392,31,"fused_silu_mul_mq_rotate_awq",2392,104089373630009,104089376453846,0,0,56,0,128,32,1,1,2176,8192,1
"KERNEL_DISPATCH","Agent 2",1,0,1123883,2389,29,"gemm_mq4g256v2_residual_wmma_fp8_v2_b128x128_gfx1201_symfold",2389,104089348758277,104089352129402,0,0,192,0,128,256,1,1,10240,64,1
"KERNEL_DISPATCH","Agent 2",1,0,1123883,2387,26,"rotate_x_mq_awq",2387,104089347615902,104089348240990,0,0,80,0,128,32,1,1,768,8192,1
"KERNEL_DISPATCH","Agent 2",1,0,1123883,2384,24,"gated_delta_net_q8_fast",2384,104089345513754,104089346065001,2048,0,64,0,128,32,1,1,1536,32,1
"KERNEL_DISPATCH","Agent 2",1,0,1123883,2382,24,"gated_delta_net_q8_fast",2382,104089344391699,104089344953866,2048,0,64,0,128,32,1,1,1536,32,1
"KERNEL_DISPATCH","Agent 2",1,0,1123883,2377,24,"gated_delta_net_q8_fast",2377,104089341555421,104089342130589,2048,0,64,0,128,32,1,1,1536,32,1
"KERNEL_DISPATCH","Agent 2",1,0,1123883,2372,24,"gated_delta_net_q8_fast",2372,104089338655702,104089339236430,2048,0,64,0,128,32,1,1,1536,32,1
"KERNEL_DISPATCH","Agent 2",1,0,1123883,2367,20,"fused_rmsnorm_mq_rotate_awq_mq4v2_fp8_gfx12",2367,104089324723917,104089325404206,0,0,96,0,128,256,1,1,2097152,1,1
"KERNEL_DISPATCH","Agent 2",1,0,1123883,2362,20,"fused_rmsnorm_mq_rotate_awq_mq4v2_fp8_gfx12",2362,104089289216803,104089289886852,0,0,96,0,128,256,1,1,2097152,1,1
"KERNEL_DISPATCH","Agent 2",1,0,1123883,2357,41,"attention_fp8_e4m3_fa2_gqa_packet_gfx1201",2357,104089271404325,104089283697929,0,0,240,0,128,256,1,1,6144,4,16
"KERNEL_DISPATCH","Agent 2",1,0,1123883,2352,33,"deinterleave_q_rmsnorm_f32_batched",2352,104089269248697,104089270642435,0,0,24,0,128,256,1,1,6144,8192,1
"KERNEL_DISPATCH","Agent 2",1,0,1123883,2347,31,"fused_silu_mul_mq_rotate_awq",2347,104089246159829,104089248980586,0,0,56,0,128,32,1,1,2176,8192,1
"KERNEL_DISPATCH","Agent 2",1,0,1123883,2342,26,"rotate_x_mq_awq",2342,104089220219203,104089220842371,0,0,80,0,128,32,1,1,768,8192,1
"KERNEL_DISPATCH","Agent 2",1,0,1123883,2337,24,"gated_delta_net_q8_fast",2337,104089216982080,104089217542007,2048,0,64,0,128,32,1,1,1536,32,1
"KERNEL_DISPATCH","Agent 2",1,0,1123883,2332,24,"gated_delta_net_q8_fast",2332,104089214117522,104089214693329,2048,0,64,0,128,32,1,1,1536,32,1
"KERNEL_DISPATCH","Agent 2",1,0,1123883,2327,24,"gated_delta_net_q8_fast",2327,104089211212123,104089211787330,2048,0,64,0,128,32,1,1,1536,32,1
"KERNEL_DISPATCH","Agent 2",1,0,1123883,2322,20,"fused_rmsnorm_mq_rotate_awq_mq4v2_fp8_gfx12",2322,104089197230896,104089197911585,0,0,96,0,128,256,1,1,2097152,1,1
"KERNEL_DISPATCH","Agent 2",1,0,1123883,2317,20,"fused_rmsnorm_mq_rotate_awq_mq4v2_fp8_gfx12",2317,104089161643262,104089162316191,0,0,96,0,128,256,1,1,2097152,1,1
"KERNEL_DISPATCH","Agent 2",1,0,1123883,2312,24,"gated_delta_net_q8_fast",2312,104089155590261,104089156147069,2048,0,64,0,128,32,1,1,1536,32,1
"KERNEL_DISPATCH","Agent 2",1,0,1123883,2307,24,"gated_delta_net_q8_fast",2307,104089152761343,104089153331551,2048,0,64,0,128,32,1,1,1536,32,1
"KERNEL_DISPATCH","Agent 2",1,0,1123883,2302,24,"gated_delta_net_q8_fast",2302,104089149854785,104089150439312,2048,0,64,0,128,32,1,1,1536,32,1
"KERNEL_DISPATCH","Agent 2",1,0,1123883,2297,24,"gated_delta_net_q8_fast",2297,104089146932106,104089147515833,2048,0,64,0,128,32,1,1,1536,32,1
"KERNEL_DISPATCH","Agent 2",1,0,1123883,2292,27,"pack_f32_to_fp8_mq4v2_gfx12",2292,104089122950826,104089124277284,512,0,24,0,128,256,1,1,2097152,1,1
"KERNEL_DISPATCH","Agent 2",1,0,1123883,2287,27,"pack_f32_to_fp8_mq4v2_gfx12",2287,104089094796330,104089095299097,512,0,24,0,128,256,1,1,2097152,1,1
"KERNEL_DISPATCH","Agent 2",1,0,1123883,2282,24,"gated_delta_net_q8_fast",2282,104089091473246,104089092031734,2048,0,64,0,128,32,1,1,1536,32,1
"KERNEL_DISPATCH","Agent 2",1,0,1123883,2277,24,"gated_delta_net_q8_fast",2277,104089088632128,104089089204496,2048,0,64,0,128,32,1,1,1536,32,1
"KERNEL_DISPATCH","Agent 2",1,0,1123883,2272,24,"gated_delta_net_q8_fast",2272,104089085717609,104089086307937,2048,0,64,0,128,32,1,1,1536,32,1
"KERNEL_DISPATCH","Agent 2",1,0,1123883,2267,21,"gemm_qkvza_mq4g256v2_wmma_fp8_v2_b128x128_gfx1201_symfold",2267,104089071802544,104089081251510,0,0,208,0,128,256,1,1,33024,64,1
"KERNEL_DISPATCH","Agent 2",1,0,1123883,2262,30,"gemm_gate_up_mq4g256v2_wmma_fp8_v2_b128x128_gfx1201_symfold",2262,104089036490393,104089057110148,0,0,192,0,128,256,1,1,69632,64,1
"KERNEL_DISPATCH","Agent 2",1,0,1123883,2458,41,"attention_fp8_e4m3_fa2_gqa_packet_gfx1201",2458,104089525219990,104089537340872,0,0,240,0,128,256,1,1,6144,4,16
"KERNEL_DISPATCH","Agent 2",1,0,1123883,2257,49,"sigmoid_mul_f32",2257,104089030299030,104089031273723,0,0,16,0,128,256,1,1,50331648,1,1
"KERNEL_DISPATCH","Agent 2",1,0,1123883,2252,35,"rmsnorm_f32",2252,104089017564781,104089017784343,0,0,16,0,128,256,1,1,8388608,1,1
"KERNEL_DISPATCH","Agent 2",1,0,1123883,2247,27,"pack_f32_to_fp8_mq4v2_gfx12",2247,104088995795290,104088997128148,512,0,24,0,128,256,1,1,2097152,1,1
"KERNEL_DISPATCH","Agent 2",1,0,1123883,2242,27,"pack_f32_to_fp8_mq4v2_gfx12",2242,104088967681995,104088968184762,512,0,24,0,128,256,1,1,2097152,1,1
"KERNEL_DISPATCH","Agent 2",1,0,1123883,2237,24,"gated_delta_net_q8_fast",2237,104088964350871,104088964910798,2048,0,64,0,128,32,1,1,1536,32,1
"KERNEL_DISPATCH","Agent 2",1,0,1123883,2232,24,"gated_delta_net_q8_fast",2232,104088961484233,104088962059720,2048,0,64,0,128,32,1,1,1536,32,1
"KERNEL_DISPATCH","Agent 2",1,0,1123883,2227,24,"gated_delta_net_q8_fast",2227,104088958562034,104088959140921,2048,0,64,0,128,32,1,1,1536,32,1
"KERNEL_DISPATCH","Agent 2",1,0,1123883,2222,21,"gemm_qkvza_mq4g256v2_wmma_fp8_v2_b128x128_gfx1201_symfold",2222,104088944641528,104088954110934,0,0,208,0,128,256,1,1,33024,64,1
"KERNEL_DISPATCH","Agent 2",1,0,1123883,2217,30,"gemm_gate_up_mq4g256v2_wmma_fp8_v2_b128x128_gfx1201_symfold",2217,104088909236816,104088930015733,0,0,192,0,128,256,1,1,69632,64,1
"KERNEL_DISPATCH","Agent 2",1,0,1123883,2212,25,"gated_norm_f32",2212,104088903043093,104088904025226,0,0,24,0,128,32,1,1,1536,8192,1
"KERNEL_DISPATCH","Agent 2",1,0,1123883,2207,24,"gated_delta_net_q8_fast",2207,104088900231016,104088900793023,2048,0,64,0,128,32,1,1,1536,32,1
"KERNEL_DISPATCH","Agent 2",1,0,1123883,2202,24,"gated_delta_net_q8_fast",2202,104088897339337,104088897920545,2048,0,64,0,128,32,1,1,1536,32,1
"KERNEL_DISPATCH","Agent 2",1,0,1123883,2197,24,"gated_delta_net_q8_fast",2197,104088894434299,104088895010906,2048,0,64,0,128,32,1,1,1536,32,1
"KERNEL_DISPATCH","Agent 2",1,0,1123883,2192,29,"gemm_mq4g256v2_residual_wmma_fp8_v2_b128x128_gfx1201_symfold",2192,104088871154908,104088880979559,0,0,192,0,128,256,1,1,10240,64,1
"KERNEL_DISPATCH","Agent 2",1,0,1123883,2187,29,"gemm_mq4g256v2_residual_wmma_fp8_v2_b128x128_gfx1201_symfold",2187,104088842210762,104088845570887,0,0,192,0,128,256,1,1,10240,64,1
"KERNEL_DISPATCH","Agent 2",1,0,1123883,2182,24,"gated_delta_net_q8_fast",2182,104088838946559,104088839505806,2048,0,64,0,128,32,1,1,1536,32,1
"KERNEL_DISPATCH","Agent 2",1,0,1123883,2177,24,"gated_delta_net_q8_fast",2177,104088836096041,104088836669128,2048,0,64,0,128,32,1,1,1536,32,1
"KERNEL_DISPATCH","Agent 2",1,0,1123883,2172,24,"gated_delta_net_q8_fast",2172,104088833181282,104088833766050,2048,0,64,0,128,32,1,1,1536,32,1
"KERNEL_DISPATCH","Agent 2",1,0,1123883,2167,22,"gdn_pre_batched_gfx1201",2167,104088828183455,104088830839610,33280,0,224,0,128,256,1,1,2686976,1,1
"KERNEL_DISPATCH","Agent 2",1,0,1123883,2162,31,"fused_silu_mul_mq_rotate_awq",2162,104088804076014,104088806898251,0,0,56,0,128,32,1,1,2176,8192,1
"KERNEL_DISPATCH","Agent 2",1,0,1123883,2379,24,"gated_delta_net_q8_fast",2379,104089342700756,104089343265124,2048,0,64,0,128,32,1,1,1536,32,1
"KERNEL_DISPATCH","Agent 2",1,0,1123883,2374,24,"gated_delta_net_q8_fast",2374,104089339820958,104089340399806,2048,0,64,0,128,32,1,1,1536,32,1
"KERNEL_DISPATCH","Agent 2",1,0,1123883,2369,22,"gdn_pre_batched_gfx1201",2369,104089334800371,104089337474487,33280,0,224,0,128,256,1,1,2686976,1,1
"KERNEL_DISPATCH","Agent 2",1,0,1123883,2364,31,"fused_silu_mul_mq_rotate_awq",2364,104089310552248,104089313392565,0,0,56,0,128,32,1,1,2176,8192,1
"KERNEL_DISPATCH","Agent 2",1,0,1123883,2359,26,"rotate_x_mq_awq",2359,104089284695903,104089285345231,0,0,80,0,128,32,1,1,768,8192,1
"KERNEL_DISPATCH","Agent 2",1,0,1123883,2354,36,"rope_partial_halfsplit_batched_f32",2354,104089270880318,104089271243203,0,0,16,0,128,32,1,1,32,8192,1
"KERNEL_DISPATCH","Agent 2",1,0,1123883,2349,29,"gemm_mq4g256v2_residual_wmma_fp8_v2_b128x128_gfx1201_symfold",2349,104089250323204,104089260085615,0,0,192,0,128,256,1,1,10240,64,1
"KERNEL_DISPATCH","Agent 2",1,0,1123883,2344,29,"gemm_mq4g256v2_residual_wmma_fp8_v2_b128x128_gfx1201_symfold",2344,104089221359458,104089224740063,0,0,192,0,128,256,1,1,10240,64,1
"KERNEL_DISPATCH","Agent 2",1,0,1123883,2339,24,"gated_delta_net_q8_fast",2339,104089218106695,104089218662422,2048,0,64,0,128,32,1,1,1536,32,1
"KERNEL_DISPATCH","Agent 2",1,0,1123883,2334,24,"gated_delta_net_q8_fast",2334,104089215277257,104089215845185,2048,0,64,0,128,32,1,1,1536,32,1
"KERNEL_DISPATCH","Agent 2",1,0,1123883,2329,24,"gated_delta_net_q8_fast",2329,104089212369538,104089212949466,2048,0,64,0,128,32,1,1,1536,32,1
"KERNEL_DISPATCH","Agent 2",1,0,1123883,2324,22,"gdn_pre_batched_gfx1201",2324,104089207375352,104089210044587,33280,0,224,0,128,256,1,1,2686976,1,1
"KERNEL_DISPATCH","Agent 2",1,0,1123883,2319,31,"fused_silu_mul_mq_rotate_awq",2319,104089183101588,104089185922466,0,0,56,0,128,32,1,1,2176,8192,1
"KERNEL_DISPATCH","Agent 2",1,0,1123883,2314,26,"rotate_x_mq_awq",2314,104089157144402,104089157766170,0,0,80,0,128,32,1,1,768,8192,1
"KERNEL_DISPATCH","Agent 2",1,0,1123883,2309,24,"gated_delta_net_q8_fast",2309,104089153901559,104089154463606,2048,0,64,0,128,32,1,1,1536,32,1
"KERNEL_DISPATCH","Agent 2",1,0,1123883,2304,24,"gated_delta_net_q8_fast",2304,104089151026920,104089151604888,2048,0,64,0,128,32,1,1,1536,32,1
"KERNEL_DISPATCH","Agent 2",1,0,1123883,2299,24,"gated_delta_net_q8_fast",2299,104089148099561,104089148677929,2048,0,64,0,128,32,1,1,1536,32,1
"KERNEL_DISPATCH","Agent 2",1,0,1123883,2294,20,"fused_rmsnorm_mq_rotate_awq_mq4v2_fp8_gfx12",2294,104089134043614,104089134726903,0,0,96,0,128,256,1,1,2097152,1,1
"KERNEL_DISPATCH","Agent 2",1,0,1123883,2289,20,"fused_rmsnorm_mq_rotate_awq_mq4v2_fp8_gfx12",2289,104089098702502,104089099376191,0,0,96,0,128,256,1,1,2097152,1,1
"KERNEL_DISPATCH","Agent 2",1,0,1123883,2284,24,"gated_delta_net_q8_fast",2284,104089092592421,104089093144908,2048,0,64,0,128,32,1,1,1536,32,1
"KERNEL_DISPATCH","Agent 2",1,0,1123883,2279,24,"gated_delta_net_q8_fast",2279,104089089777943,104089090343711,2048,0,64,0,128,32,1,1,1536,32,1
"KERNEL_DISPATCH","Agent 2",1,0,1123883,2274,24,"gated_delta_net_q8_fast",2274,104089086896905,104089087476993,2048,0,64,0,128,32,1,1,1536,32,1
"KERNEL_DISPATCH","Agent 2",1,0,1123883,2269,24,"gated_delta_net_q8_fast",2269,104089083947266,104089084536274,2048,0,64,0,128,32,1,1,1536,32,1
"KERNEL_DISPATCH","Agent 2",1,0,1123883,2264,27,"pack_f32_to_fp8_mq4v2_gfx12",2264,104089059956306,104089061284444,512,0,24,0,128,256,1,1,2097152,1,1
"KERNEL_DISPATCH","Agent 2",1,0,1123883,2259,27,"pack_f32_to_fp8_mq4v2_gfx12",2259,104089031930572,104089032434259,512,0,24,0,128,256,1,1,2097152,1,1
"KERNEL_DISPATCH","Agent 2",1,0,1123883,2254,37,"kv_cache_write_fp8_e4m3_batched",2254,104089018157228,104089018220229,0,0,56,0,128,32,1,1,128,8192,1
"KERNEL_DISPATCH","Agent 2",1,0,1123883,2453,33,"deinterleave_q_rmsnorm_f32_batched",2453,104089523079562,104089524456020,0,0,24,0,128,256,1,1,6144,8192,1
"KERNEL_DISPATCH","Agent 2",1,0,1123883,2249,20,"fused_rmsnorm_mq_rotate_awq_mq4v2_fp8_gfx12",2249,104089007131761,104089007811610,0,0,96,0,128,256,1,1,2097152,1,1
"KERNEL_DISPATCH","Agent 2",1,0,1123883,2244,20,"fused_rmsnorm_mq_rotate_awq_mq4v2_fp8_gfx12",2244,104088971550567,104088972221776,0,0,96,0,128,256,1,1,2097152,1,1
"KERNEL_DISPATCH","Agent 2",1,0,1123883,2448,31,"fused_silu_mul_mq_rotate_awq",2448,104089499951853,104089502773091,0,0,56,0,128,32,1,1,2176,8192,1
"KERNEL_DISPATCH","Agent 2",1,0,1123883,2239,24,"gated_delta_net_q8_fast",2239,104088965482766,104088966039613,2048,0,64,0,128,32,1,1,1536,32,1
"KERNEL_DISPATCH","Agent 2",1,0,1123883,2443,26,"rotate_x_mq_awq",2443,104089473913546,104089474537674,0,0,80,0,128,32,1,1,768,8192,1
"KERNEL_DISPATCH","Agent 2",1,0,1123883,2234,24,"gated_delta_net_q8_fast",2234,104088962639408,104088963209856,2048,0,64,0,128,32,1,1,1536,32,1
"KERNEL_DISPATCH","Agent 2",1,0,1123883,2438,24,"gated_delta_net_q8_fast",2438,104089470682783,104089471241830,2048,0,64,0,128,32,1,1,1536,32,1
"KERNEL_DISPATCH","Agent 2",1,0,1123883,2433,24,"gated_delta_net_q8_fast",2433,104089467826545,104089468401872,2048,0,64,0,128,32,1,1,1536,32,1
"KERNEL_DISPATCH","Agent 2",1,0,1123883,2428,24,"gated_delta_net_q8_fast",2428,104089464925666,104089465501954,2048,0,64,0,128,32,1,1,1536,32,1
"KERNEL_DISPATCH","Agent 2",1,0,1123883,2423,20,"fused_rmsnorm_mq_rotate_awq_mq4v2_fp8_gfx12",2423,104089450939040,104089451620729,0,0,96,0,128,256,1,1,2097152,1,1
"KERNEL_DISPATCH","Agent 2",1,0,1123883,2418,20,"fused_rmsnorm_mq_rotate_awq_mq4v2_fp8_gfx12",2418,104089415298324,104089415970693,0,0,96,0,128,256,1,1,2097152,1,1
"KERNEL_DISPATCH","Agent 2",1,0,1123883,522,15,"__amd_rocclr_fillBufferUnAligned",522,104085516117467,104085516118667,0,0,8,0,128,256,1,1,1536,1,1
"KERNEL_DISPATCH","Agent 2",1,0,1123883,2413,24,"gated_delta_net_q8_fast",2413,104089409229323,104089409785051,2048,0,64,0,128,32,1,1,1536,32,1
"KERNEL_DISPATCH","Agent 2",1,0,1123883,2408,24,"gated_delta_net_q8_fast",2408,104089406409326,104089406975053,2048,0,64,0,128,32,1,1,1536,32,1
"KERNEL_DISPATCH","Agent 2",1,0,1123883,2403,24,"gated_delta_net_q8_fast",2403,104089403514247,104089404096735,2048,0,64,0,128,32,1,1,1536,32,1
"KERNEL_DISPATCH","Agent 2",1,0,1123883,2398,24,"gated_delta_net_q8_fast",2398,104089400540488,104089401138416,2048,0,64,0,128,32,1,1,1536,32,1
"KERNEL_DISPATCH","Agent 2",1,0,1123883,2393,27,"pack_f32_to_fp8_mq4v2_gfx12",2393,104089376466046,104089377795424,512,0,24,0,128,256,1,1,2097152,1,1
"KERNEL_DISPATCH","Agent 2",1,0,1123883,2388,27,"pack_f32_to_fp8_mq4v2_gfx12",2388,104089348253030,104089348754917,512,0,24,0,128,256,1,1,2097152,1,1
"KERNEL_DISPATCH","Agent 2",1,0,1123883,2383,24,"gated_delta_net_q8_fast",2383,104089344957146,104089345510474,2048,0,64,0,128,32,1,1,1536,32,1
"KERNEL_DISPATCH","Agent 2",1,0,1123883,2378,24,"gated_delta_net_q8_fast",2378,104089342133869,104089342697476,2048,0,64,0,128,32,1,1,1536,32,1
"KERNEL_DISPATCH","Agent 2",1,0,1123883,2373,24,"gated_delta_net_q8_fast",2373,104089339239710,104089339817678,2048,0,64,0,128,32,1,1,1536,32,1
"KERNEL_DISPATCH","Agent 2",1,0,1123883,2368,21,"gemm_qkvza_mq4g256v2_wmma_fp8_v2_b128x128_gfx1201_symfold",2368,104089325416366,104089334788291,0,0,208,0,128,256,1,1,33024,64,1
"KERNEL_DISPATCH","Agent 2",1,0,1123883,2363,30,"gemm_gate_up_mq4g256v2_wmma_fp8_v2_b128x128_gfx1201_symfold",2363,104089289898972,104089310539967,0,0,192,0,128,256,1,1,69632,64,1
"KERNEL_DISPATCH","Agent 2",1,0,1123883,2358,49,"sigmoid_mul_f32",2358,104089283709970,104089284683863,0,0,16,0,128,256,1,1,50331648,1,1
"KERNEL_DISPATCH","Agent 2",1,0,1123883,2353,35,"rmsnorm_f32",2353,104089270654635,104089270876838,0,0,16,0,128,256,1,1,8388608,1,1
"KERNEL_DISPATCH","Agent 2",1,0,1123883,2348,27,"pack_f32_to_fp8_mq4v2_gfx12",2348,104089248992667,104089250319284,512,0,24,0,128,256,1,1,2097152,1,1
"KERNEL_DISPATCH","Agent 2",1,0,1123883,2343,27,"pack_f32_to_fp8_mq4v2_gfx12",2343,104089220854451,104089221356098,512,0,24,0,128,256,1,1,2097152,1,1
"KERNEL_DISPATCH","Agent 2",1,0,1123883,2338,24,"gated_delta_net_q8_fast",2338,104089217545207,104089218103375,2048,0,64,0,128,32,1,1,1536,32,1
"KERNEL_DISPATCH","Agent 2",1,0,1123883,2333,24,"gated_delta_net_q8_fast",2333,104089214696569,104089215274017,2048,0,64,0,128,32,1,1,1536,32,1
"KERNEL_DISPATCH","Agent 2",1,0,1123883,2328,24,"gated_delta_net_q8_fast",2328,104089211790611,104089212366218,2048,0,64,0,128,32,1,1,1536,32,1
"KERNEL_DISPATCH","Agent 2",1,0,1123883,2323,21,"gemm_qkvza_mq4g256v2_wmma_fp8_v2_b128x128_gfx1201_symfold",2323,104089197923586,104089207363311,0,0,208,0,128,256,1,1,33024,64,1
"KERNEL_DISPATCH","Agent 2",1,0,1123883,2318,30,"gemm_gate_up_mq4g256v2_wmma_fp8_v2_b128x128_gfx1201_symfold",2318,104089162328311,104089183089308,0,0,192,0,128,256,1,1,69632,64,1
"KERNEL_DISPATCH","Agent 2",1,0,1123883,2313,25,"gated_norm_f32",2313,104089156150469,104089157132362,0,0,24,0,128,32,1,1,1536,8192,1
"KERNEL_DISPATCH","Agent 2",1,0,1123883,2308,24,"gated_delta_net_q8_fast",2308,104089153334871,104089153898319,2048,0,64,0,128,32,1,1,1536,32,1
"KERNEL_DISPATCH","Agent 2",1,0,1123883,2303,24,"gated_delta_net_q8_fast",2303,104089150442632,104089151023600,2048,0,64,0,128,32,1,1,1536,32,1
"KERNEL_DISPATCH","Agent 2",1,0,1123883,2298,24,"gated_delta_net_q8_fast",2298,104089147519153,104089148096201,2048,0,64,0,128,32,1,1,1536,32,1
"KERNEL_DISPATCH","Agent 2",1,0,1123883,2293,29,"gemm_mq4g256v2_residual_wmma_fp8_v2_b128x128_gfx1201_symfold",2293,104089124281164,104089134031254,0,0,192,0,128,256,1,1,10240,64,1
"KERNEL_DISPATCH","Agent 2",1,0,1123883,2288,29,"gemm_mq4g256v2_residual_wmma_fp8_v2_b128x128_gfx1201_symfold",2288,104089095302457,104089098690422,0,0,192,0,128,256,1,1,10240,64,1
"KERNEL_DISPATCH","Agent 2",1,0,1123883,2283,24,"gated_delta_net_q8_fast",2283,104089092034974,104089092589181,2048,0,64,0,128,32,1,1,1536,32,1
"KERNEL_DISPATCH","Agent 2",1,0,1123883,2278,24,"gated_delta_net_q8_fast",2278,104089089207776,104089089774503,2048,0,64,0,128,32,1,1,1536,32,1
"KERNEL_DISPATCH","Agent 2",1,0,1123883,2273,24,"gated_delta_net_q8_fast",2273,104089086311217,104089086893585,2048,0,64,0,128,32,1,1,1536,32,1
"KERNEL_DISPATCH","Agent 2",1,0,1123883,2268,22,"gdn_pre_batched_gfx1201",2268,104089081263710,104089083935266,33280,0,224,0,128,256,1,1,2686976,1,1
"KERNEL_DISPATCH","Agent 2",1,0,1123883,2263,31,"fused_silu_mul_mq_rotate_awq",2263,104089057122308,104089059944186,0,0,56,0,128,32,1,1,2176,8192,1
"KERNEL_DISPATCH","Agent 2",1,0,1123883,2258,26,"rotate_x_mq_awq",2258,104089031285883,104089031918612,0,0,80,0,128,32,1,1,768,8192,1
"KERNEL_DISPATCH","Agent 2",1,0,1123883,2253,36,"rope_partial_halfsplit_batched_f32",2253,104089017787783,104089018153268,0,0,16,0,128,32,1,1,32,8192,1
"KERNEL_DISPATCH","Agent 2",1,0,1123883,2248,29,"gemm_mq4g256v2_residual_wmma_fp8_v2_b128x128_gfx1201_symfold",2248,104088997132028,104089007119681,0,0,192,0,128,256,1,1,10240,64,1
"KERNEL_DISPATCH","Agent 2",1,0,1123883,2243,29,"gemm_mq4g256v2_residual_wmma_fp8_v2_b128x128_gfx1201_symfold",2243,104088968188322,104088971538487,0,0,192,0,128,256,1,1,10240,64,1
"KERNEL_DISPATCH","Agent 2",1,0,1123883,2238,24,"gated_delta_net_q8_fast",2238,104088964914038,104088965479486,2048,0,64,0,128,32,1,1,1536,32,1
"KERNEL_DISPATCH","Agent 2",1,0,1123883,2233,24,"gated_delta_net_q8_fast",2233,104088962063040,104088962636088,2048,0,64,0,128,32,1,1,1536,32,1
"KERNEL_DISPATCH","Agent 2",1,0,1123883,2228,24,"gated_delta_net_q8_fast",2228,104088959144161,104088959725809,2048,0,64,0,128,32,1,1,1536,32,1
"KERNEL_DISPATCH","Agent 2",1,0,1123883,2223,22,"gdn_pre_batched_gfx1201",2223,104088954123014,104088956800210,33280,0,224,0,128,256,1,1,2686976,1,1
"KERNEL_DISPATCH","Agent 2",1,0,1123883,2218,31,"fused_silu_mul_mq_rotate_awq",2218,104088930027973,104088932850251,0,0,56,0,128,32,1,1,2176,8192,1
"KERNEL_DISPATCH","Agent 2",1,0,1123883,2213,26,"rotate_x_mq_awq",2213,104088904037307,104088904659755,0,0,80,0,128,32,1,1,768,8192,1
"KERNEL_DISPATCH","Agent 2",1,0,1123883,2208,24,"gated_delta_net_q8_fast",2208,104088900796303,104088901358591,2048,0,64,0,128,32,1,1,1536,32,1
"KERNEL_DISPATCH","Agent 2",1,0,1123883,2203,24,"gated_delta_net_q8_fast",2203,104088897923865,104088898503033,2048,0,64,0,128,32,1,1,1536,32,1
"KERNEL_DISPATCH","Agent 2",1,0,1123883,2198,24,"gated_delta_net_q8_fast",2198,104088895014306,104088895590634,2048,0,64,0,128,32,1,1,1536,32,1
"KERNEL_DISPATCH","Agent 2",1,0,1123883,2193,20,"fused_rmsnorm_mq_rotate_awq_mq4v2_fp8_gfx12",2193,104088880992039,104088881674448,0,0,96,0,128,256,1,1,2097152,1,1
"KERNEL_DISPATCH","Agent 2",1,0,1123883,2188,20,"fused_rmsnorm_mq_rotate_awq_mq4v2_fp8_gfx12",2188,104088845583127,104088846254576,0,0,96,0,128,256,1,1,2097152,1,1
"KERNEL_DISPATCH","Agent 2",1,0,1123883,2183,24,"gated_delta_net_q8_fast",2183,104088839509126,104088840064814,2048,0,64,0,128,32,1,1,1536,32,1
"KERNEL_DISPATCH","Agent 2",1,0,1123883,2178,24,"gated_delta_net_q8_fast",2178,104088836672488,104088837243976,2048,0,64,0,128,32,1,1,1536,32,1
"KERNEL_DISPATCH","Agent 2",1,0,1123883,2173,24,"gated_delta_net_q8_fast",2173,104088833769330,104088834352857,2048,0,64,0,128,32,1,1,1536,32,1
"KERNEL_DISPATCH","Agent 2",1,0,1123883,2168,24,"gated_delta_net_q8_fast",2168,104088830851731,104088831432538,2048,0,64,0,128,32,1,1,1536,32,1
"KERNEL_DISPATCH","Agent 2",1,0,1123883,2163,27,"pack_f32_to_fp8_mq4v2_gfx12",2163,104088806910371,104088808237589,512,0,24,0,128,256,1,1,2097152,1,1
"KERNEL_DISPATCH","Agent 2",1,0,1123883,2158,27,"pack_f32_to_fp8_mq4v2_gfx12",2158,104088778843077,104088779342604,512,0,24,0,128,256,1,1,2097152,1,1
"KERNEL_DISPATCH","Agent 2",1,0,1123883,2153,37,"kv_cache_write_fp8_e4m3_batched",2153,104088764984812,104088765047893,0,0,56,0,128,32,1,1,128,8192,1
"KERNEL_DISPATCH","Agent 2",1,0,1123883,2148,20,"fused_rmsnorm_mq_rotate_awq_mq4v2_fp8_gfx12",2148,104088753916225,104088754598074,0,0,96,0,128,256,1,1,2097152,1,1
"KERNEL_DISPATCH","Agent 2",1,0,1123883,2143,20,"fused_rmsnorm_mq_rotate_awq_mq4v2_fp8_gfx12",2143,104088718447992,104088719121161,0,0,96,0,128,256,1,1,2097152,1,1
"KERNEL_DISPATCH","Agent 2",1,0,1123883,2138,24,"gated_delta_net_q8_fast",2138,104088712360751,104088712912478,2048,0,64,0,128,32,1,1,1536,32,1
"KERNEL_DISPATCH","Agent 2",1,0,1123883,2133,24,"gated_delta_net_q8_fast",2133,104088709559153,104088710121041,2048,0,64,0,128,32,1,1,1536,32,1
"KERNEL_DISPATCH","Agent 2",1,0,1123883,2128,24,"gated_delta_net_q8_fast",2128,104088706690595,104088707268363,2048,0,64,0,128,32,1,1,1536,32,1
"KERNEL_DISPATCH","Agent 2",1,0,1123883,2123,24,"gated_delta_net_q8_fast",2123,104088703777276,104088704366444,2048,0,64,0,128,32,1,1,1536,32,1
"KERNEL_DISPATCH","Agent 2",1,0,1123883,2118,27,"pack_f32_to_fp8_mq4v2_gfx12",2118,104088679782636,104088681110574,512,0,24,0,128,256,1,1,2097152,1,1
"KERNEL_DISPATCH","Agent 2",1,0,1123883,2113,27,"pack_f32_to_fp8_mq4v2_gfx12",2113,104088651669781,104088652170508,512,0,24,0,128,256,1,1,2097152,1,1
"KERNEL_DISPATCH","Agent 2",1,0,1123883,2108,24,"gated_delta_net_q8_fast",2108,104088648364497,104088648919145,2048,0,64,0,128,32,1,1,1536,32,1
"KERNEL_DISPATCH","Agent 2",1,0,1123883,2103,24,"gated_delta_net_q8_fast",2103,104088645510859,104088646082707,2048,0,64,0,128,32,1,1,1536,32,1
"KERNEL_DISPATCH","Agent 2",1,0,1123883,2098,24,"gated_delta_net_q8_fast",2098,104088642595940,104088643171628,2048,0,64,0,128,32,1,1,1536,32,1
"KERNEL_DISPATCH","Agent 2",1,0,1123883,2093,21,"gemm_qkvza_mq4g256v2_wmma_fp8_v2_b128x128_gfx1201_symfold",2093,104088628656474,104088638152201,0,0,208,0,128,256,1,1,33024,64,1
"KERNEL_DISPATCH","Agent 2",1,0,1123883,2088,30,"gemm_gate_up_mq4g256v2_wmma_fp8_v2_b128x128_gfx1201_symfold",2088,104088593251322,104088613989959,0,0,192,0,128,256,1,1,69632,64,1
"KERNEL_DISPATCH","Agent 2",1,0,1123883,2083,25,"gated_norm_f32",2083,104088587036959,104088588019652,0,0,24,0,128,32,1,1,1536,8192,1
"KERNEL_DISPATCH","Agent 2",1,0,1123883,2078,24,"gated_delta_net_q8_fast",2078,104088584217682,104088584782129,2048,0,64,0,128,32,1,1,1536,32,1
"KERNEL_DISPATCH","Agent 2",1,0,1123883,2073,24,"gated_delta_net_q8_fast",2073,104088581337923,104088581916451,2048,0,64,0,128,32,1,1,1536,32,1
"KERNEL_DISPATCH","Agent 2",1,0,1123883,2068,24,"gated_delta_net_q8_fast",2068,104088578405324,104088578986612,2048,0,64,0,128,32,1,1,1536,32,1
"KERNEL_DISPATCH","Agent 2",1,0,1123883,2063,29,"gemm_mq4g256v2_residual_wmma_fp8_v2_b128x128_gfx1201_symfold",2063,104088555165214,104088564864264,0,0,192,0,128,256,1,1,10240,64,1
"KERNEL_DISPATCH","Agent 2",1,0,1123883,2058,29,"gemm_mq4g256v2_residual_wmma_fp8_v2_b128x128_gfx1201_symfold",2058,104088526296149,104088529623674,0,0,192,0,128,256,1,1,10240,64,1
"KERNEL_DISPATCH","Agent 2",1,0,1123883,2053,37,"kv_cache_write_fp8_e4m3_batched",2053,104088511976038,104088512063720,0,0,56,0,128,32,1,1,128,8192,1
"KERNEL_DISPATCH","Agent 2",1,0,1123883,2048,32,"gemm_qkv_mq4g256v2_wmma_fp8_v2_b128x128_gfx1201_symfold",2048,104088501465978,104088509906771,0,0,192,0,128,256,1,1,28672,64,1
"KERNEL_DISPATCH","Agent 2",1,0,1123883,2043,30,"gemm_gate_up_mq4g256v2_wmma_fp8_v2_b128x128_gfx1201_symfold",2043,104088466082346,104088486803263,0,0,192,0,128,256,1,1,69632,64,1
"KERNEL_DISPATCH","Agent 2",1,0,1123883,2224,24,"gated_delta_net_q8_fast",2224,104088956812290,104088957396778,2048,0,64,0,128,32,1,1,1536,32,1
"KERNEL_DISPATCH","Agent 2",1,0,1123883,2038,25,"gated_norm_f32",2038,104088459904384,104088460887277,0,0,24,0,128,32,1,1,1536,8192,1
"KERNEL_DISPATCH","Agent 2",1,0,1123883,2219,27,"pack_f32_to_fp8_mq4v2_gfx12",2219,104088932862371,104088934190029,512,0,24,0,128,256,1,1,2097152,1,1
"KERNEL_DISPATCH","Agent 2",1,0,1123883,2033,24,"gated_delta_net_q8_fast",2033,104088457115467,104088457675114,2048,0,64,0,128,32,1,1,1536,32,1
"KERNEL_DISPATCH","Agent 2",1,0,1123883,2214,27,"pack_f32_to_fp8_mq4v2_gfx12",2214,104088904671755,104088905175442,512,0,24,0,128,256,1,1,2097152,1,1
"KERNEL_DISPATCH","Agent 2",1,0,1123883,2028,24,"gated_delta_net_q8_fast",2028,104088454264189,104088454836116,2048,0,64,0,128,32,1,1,1536,32,1
"KERNEL_DISPATCH","Agent 2",1,0,1123883,2209,24,"gated_delta_net_q8_fast",2209,104088901361831,104088901921438,2048,0,64,0,128,32,1,1,1536,32,1
"KERNEL_DISPATCH","Agent 2",1,0,1123883,2023,24,"gated_delta_net_q8_fast",2023,104088451358830,104088451936238,2048,0,64,0,128,32,1,1,1536,32,1
"KERNEL_DISPATCH","Agent 2",1,0,1123883,2204,24,"gated_delta_net_q8_fast",2204,104088898506353,104088899081161,2048,0,64,0,128,32,1,1,1536,32,1
"KERNEL_DISPATCH","Agent 2",1,0,1123883,2018,29,"gemm_mq4g256v2_residual_wmma_fp8_v2_b128x128_gfx1201_symfold",2018,104088427951798,104088437986332,0,0,192,0,128,256,1,1,10240,64,1
"KERNEL_DISPATCH","Agent 2",1,0,1123883,2199,24,"gated_delta_net_q8_fast",2199,104088895593954,104088896172442,2048,0,64,0,128,32,1,1,1536,32,1
"KERNEL_DISPATCH","Agent 2",1,0,1123883,2013,29,"gemm_mq4g256v2_residual_wmma_fp8_v2_b128x128_gfx1201_symfold",2013,104088398935491,104088402304376,0,0,192,0,128,256,1,1,10240,64,1
"KERNEL_DISPATCH","Agent 2",1,0,1123883,2194,21,"gemm_qkvza_mq4g256v2_wmma_fp8_v2_b128x128_gfx1201_symfold",2194,104088881686569,104088891140495,0,0,208,0,128,256,1,1,33024,64,1
"KERNEL_DISPATCH","Agent 2",1,0,1123883,2008,24,"gated_delta_net_q8_fast",2008,104088395680488,104088396235535,2048,0,64,0,128,32,1,1,1536,32,1
"KERNEL_DISPATCH","Agent 2",1,0,1123883,2189,30,"gemm_gate_up_mq4g256v2_wmma_fp8_v2_b128x128_gfx1201_symfold",2189,104088846266696,104088866974172,0,0,192,0,128,256,1,1,69632,64,1
"KERNEL_DISPATCH","Agent 2",1,0,1123883,2003,24,"gated_delta_net_q8_fast",2003,104088392844050,104088393413977,2048,0,64,0,128,32,1,1,1536,32,1
"KERNEL_DISPATCH","Agent 2",1,0,1123883,2184,25,"gated_norm_f32",2184,104088840068254,104088841051707,0,0,24,0,128,32,1,1,1536,8192,1
"KERNEL_DISPATCH","Agent 2",1,0,1123883,1998,24,"gated_delta_net_q8_fast",1998,104088389937891,104088390514739,2048,0,64,0,128,32,1,1,1536,32,1
"KERNEL_DISPATCH","Agent 2",1,0,1123883,2179,24,"gated_delta_net_q8_fast",2179,104088837247296,104088837812463,2048,0,64,0,128,32,1,1,1536,32,1
"KERNEL_DISPATCH","Agent 2",1,0,1123883,1993,22,"gdn_pre_batched_gfx1201",1993,104088384930384,104088387597460,33280,0,224,0,128,256,1,1,2686976,1,1
"KERNEL_DISPATCH","Agent 2",1,0,1123883,2174,24,"gated_delta_net_q8_fast",2174,104088834356097,104088834933865,2048,0,64,0,128,32,1,1,1536,32,1
"KERNEL_DISPATCH","Agent 2",1,0,1123883,1988,31,"fused_silu_mul_mq_rotate_awq",1988,104088360771302,104088363593660,0,0,56,0,128,32,1,1,2176,8192,1
"KERNEL_DISPATCH","Agent 2",1,0,1123883,2169,24,"gated_delta_net_q8_fast",2169,104088831435858,104088832014826,2048,0,64,0,128,32,1,1,1536,32,1
"KERNEL_DISPATCH","Agent 2",1,0,1123883,1983,26,"rotate_x_mq_awq",1983,104088334820036,104088335443964,0,0,80,0,128,32,1,1,768,8192,1
"KERNEL_DISPATCH","Agent 2",1,0,1123883,2164,29,"gemm_mq4g256v2_residual_wmma_fp8_v2_b128x128_gfx1201_symfold",2164,104088808241389,104088817981199,0,0,192,0,128,256,1,1,10240,64,1
"KERNEL_DISPATCH","Agent 2",1,0,1123883,1978,24,"gated_delta_net_q8_fast",1978,104088331578833,104088332142000,2048,0,64,0,128,32,1,1,1536,32,1
"KERNEL_DISPATCH","Agent 2",1,0,1123883,2159,29,"gemm_mq4g256v2_residual_wmma_fp8_v2_b128x128_gfx1201_symfold",2159,104088779345884,104088782676848,0,0,192,0,128,256,1,1,10240,64,1
"KERNEL_DISPATCH","Agent 2",1,0,1123883,1973,24,"gated_delta_net_q8_fast",1973,104088328701914,104088329281922,2048,0,64,0,128,32,1,1,1536,32,1
"KERNEL_DISPATCH","Agent 2",1,0,1123883,2154,37,"kv_cache_write_fp8_e4m3_batched",2154,104088765051453,104088765138094,0,0,56,0,128,32,1,1,128,8192,1
"KERNEL_DISPATCH","Agent 2",1,0,1123883,1968,24,"gated_delta_net_q8_fast",1968,104088325780475,104088326356803,2048,0,64,0,128,32,1,1,1536,32,1
"KERNEL_DISPATCH","Agent 2",1,0,1123883,2152,36,"rope_partial_halfsplit_batched_f32",2152,104088764616327,104088764981012,0,0,16,0,128,32,1,1,32,8192,1
"KERNEL_DISPATCH","Agent 2",1,0,1123883,2149,32,"gemm_qkv_mq4g256v2_wmma_fp8_v2_b128x128_gfx1201_symfold",2149,104088754610194,104088762980386,0,0,192,0,128,256,1,1,28672,64,1
"KERNEL_DISPATCH","Agent 2",1,0,1123883,1963,20,"fused_rmsnorm_mq_rotate_awq_mq4v2_fp8_gfx12",1963,104088311707208,104088312387617,0,0,96,0,128,256,1,1,2097152,1,1
"KERNEL_DISPATCH","Agent 2",1,0,1123883,2144,30,"gemm_gate_up_mq4g256v2_wmma_fp8_v2_b128x128_gfx1201_symfold",2144,104088719133281,104088739829757,0,0,192,0,128,256,1,1,69632,64,1
"KERNEL_DISPATCH","Agent 2",1,0,1123883,1958,20,"fused_rmsnorm_mq_rotate_awq_mq4v2_fp8_gfx12",1958,104088276498818,104088277168867,0,0,96,0,128,256,1,1,2097152,1,1
"KERNEL_DISPATCH","Agent 2",1,0,1123883,2139,25,"gated_norm_f32",2139,104088712915958,104088713898091,0,0,24,0,128,32,1,1,1536,8192,1
"KERNEL_DISPATCH","Agent 2",1,0,1123883,1953,41,"attention_fp8_e4m3_fa2_gqa_packet_gfx1201",1953,104088258918264,104088270990705,0,0,240,0,128,256,1,1,6144,4,16
"KERNEL_DISPATCH","Agent 2",1,0,1123883,2134,24,"gated_delta_net_q8_fast",2134,104088710124601,104088710683808,2048,0,64,0,128,32,1,1,1536,32,1
"KERNEL_DISPATCH","Agent 2",1,0,1123883,1948,33,"deinterleave_q_rmsnorm_f32_batched",1948,104088256763035,104088258152454,0,0,24,0,128,256,1,1,6144,8192,1
"KERNEL_DISPATCH","Agent 2",1,0,1123883,2129,24,"gated_delta_net_q8_fast",2129,104088707271723,104088707843930,2048,0,64,0,128,32,1,1,1536,32,1
"KERNEL_DISPATCH","Agent 2",1,0,1123883,2124,24,"gated_delta_net_q8_fast",2124,104088704369884,104088704946292,2048,0,64,0,128,32,1,1,1536,32,1
"KERNEL_DISPATCH","Agent 2",1,0,1123883,2119,29,"gemm_mq4g256v2_residual_wmma_fp8_v2_b128x128_gfx1201_symfold",2119,104088681114454,104088690836384,0,0,192,0,128,256,1,1,10240,64,1
"KERNEL_DISPATCH","Agent 2",1,0,1123883,2114,29,"gemm_mq4g256v2_residual_wmma_fp8_v2_b128x128_gfx1201_symfold",2114,104088652173788,104088655532673,0,0,192,0,128,256,1,1,10240,64,1
"KERNEL_DISPATCH","Agent 2",1,0,1123883,2109,24,"gated_delta_net_q8_fast",2109,104088648922545,104088649477912,2048,0,64,0,128,32,1,1,1536,32,1
"KERNEL_DISPATCH","Agent 2",1,0,1123883,2104,24,"gated_delta_net_q8_fast",2104,104088646085987,104088646655754,2048,0,64,0,128,32,1,1,1536,32,1
"KERNEL_DISPATCH","Agent 2",1,0,1123883,2099,24,"gated_delta_net_q8_fast",2099,104088643174868,104088643755796,2048,0,64,0,128,32,1,1,1536,32,1
"KERNEL_DISPATCH","Agent 2",1,0,1123883,2094,22,"gdn_pre_batched_gfx1201",2094,104088638164361,104088640835797,33280,0,224,0,128,256,1,1,2686976,1,1
"KERNEL_DISPATCH","Agent 2",1,0,1123883,2089,31,"fused_silu_mul_mq_rotate_awq",2089,104088614002199,104088616828797,0,0,56,0,128,32,1,1,2176,8192,1
"KERNEL_DISPATCH","Agent 2",1,0,1123883,2084,26,"rotate_x_mq_awq",2084,104088588031733,104088588655541,0,0,80,0,128,32,1,1,768,8192,1
"KERNEL_DISPATCH","Agent 2",1,0,1123883,2079,24,"gated_delta_net_q8_fast",2079,104088584785409,104088585349777,2048,0,64,0,128,32,1,1,1536,32,1
"KERNEL_DISPATCH","Agent 2",1,0,1123883,2074,24,"gated_delta_net_q8_fast",2074,104088581919771,104088582495739,2048,0,64,0,128,32,1,1,1536,32,1
"KERNEL_DISPATCH","Agent 2",1,0,1123883,2069,24,"gated_delta_net_q8_fast",2069,104088578990012,104088579572060,2048,0,64,0,128,32,1,1,1536,32,1
"KERNEL_DISPATCH","Agent 2",1,0,1123883,2064,20,"fused_rmsnorm_mq_rotate_awq_mq4v2_fp8_gfx12",2064,104088564876424,104088565564713,0,0,96,0,128,256,1,1,2097152,1,1
"KERNEL_DISPATCH","Agent 2",1,0,1123883,2059,20,"fused_rmsnorm_mq_rotate_awq_mq4v2_fp8_gfx12",2059,104088529635714,104088530306643,0,0,96,0,128,256,1,1,2097152,1,1
"KERNEL_DISPATCH","Agent 2",1,0,1123883,2054,41,"attention_fp8_e4m3_fa2_gqa_packet_gfx1201",2054,104088512067120,104088524151401,0,0,240,0,128,256,1,1,6144,4,16
"KERNEL_DISPATCH","Agent 2",1,0,1123883,2049,33,"deinterleave_q_rmsnorm_f32_batched",2049,104088509918971,104088511304909,0,0,24,0,128,256,1,1,6144,8192,1
"KERNEL_DISPATCH","Agent 2",1,0,1123883,2044,31,"fused_silu_mul_mq_rotate_awq",2044,104088486815463,104088489637621,0,0,56,0,128,32,1,1,2176,8192,1
"KERNEL_DISPATCH","Agent 2",1,0,1123883,2039,26,"rotate_x_mq_awq",2039,104088460899357,104088461522446,0,0,80,0,128,32,1,1,768,8192,1
"KERNEL_DISPATCH","Agent 2",1,0,1123883,2034,24,"gated_delta_net_q8_fast",2034,104088457678394,104088458234562,2048,0,64,0,128,32,1,1,1536,32,1
"KERNEL_DISPATCH","Agent 2",1,0,1123883,2029,24,"gated_delta_net_q8_fast",2029,104088454839396,104088455409644,2048,0,64,0,128,32,1,1,1536,32,1
"KERNEL_DISPATCH","Agent 2",1,0,1123883,2024,24,"gated_delta_net_q8_fast",2024,104088451939598,104088452513845,2048,0,64,0,128,32,1,1,1536,32,1
"KERNEL_DISPATCH","Agent 2",1,0,1123883,2019,20,"fused_rmsnorm_mq_rotate_awq_mq4v2_fp8_gfx12",2019,104088437998532,104088438679181,0,0,96,0,128,256,1,1,2097152,1,1
"KERNEL_DISPATCH","Agent 2",1,0,1123883,2014,20,"fused_rmsnorm_mq_rotate_awq_mq4v2_fp8_gfx12",2014,104088402316376,104088402987745,0,0,96,0,128,256,1,1,2097152,1,1
"KERNEL_DISPATCH","Agent 2",1,0,1123883,2009,24,"gated_delta_net_q8_fast",2009,104088396238855,104088396794422,2048,0,64,0,128,32,1,1,1536,32,1
"KERNEL_DISPATCH","Agent 2",1,0,1123883,2004,24,"gated_delta_net_q8_fast",2004,104088393417217,104088393981585,2048,0,64,0,128,32,1,1,1536,32,1
"KERNEL_DISPATCH","Agent 2",1,0,1123883,1999,24,"gated_delta_net_q8_fast",1999,104088390518059,104088391097546,2048,0,64,0,128,32,1,1,1536,32,1
"KERNEL_DISPATCH","Agent 2",1,0,1123883,1994,24,"gated_delta_net_q8_fast",1994,104088387609580,104088388192668,2048,0,64,0,128,32,1,1,1536,32,1
"KERNEL_DISPATCH","Agent 2",1,0,1123883,1989,27,"pack_f32_to_fp8_mq4v2_gfx12",1989,104088363605780,104088364930998,512,0,24,0,128,256,1,1,2097152,1,1
"KERNEL_DISPATCH","Agent 2",1,0,1123883,1984,27,"pack_f32_to_fp8_mq4v2_gfx12",1984,104088335456004,104088335959971,512,0,24,0,128,256,1,1,2097152,1,1
"KERNEL_DISPATCH","Agent 2",1,0,1123883,1979,24,"gated_delta_net_q8_fast",1979,104088332145320,104088332704008,2048,0,64,0,128,32,1,1,1536,32,1
"KERNEL_DISPATCH","Agent 2",1,0,1123883,1974,24,"gated_delta_net_q8_fast",1974,104088329285242,104088329859890,2048,0,64,0,128,32,1,1,1536,32,1
"KERNEL_DISPATCH","Agent 2",1,0,1123883,1969,24,"gated_delta_net_q8_fast",1969,104088326360123,104088326940691,2048,0,64,0,128,32,1,1,1536,32,1
"KERNEL_DISPATCH","Agent 2",1,0,1123883,1964,21,"gemm_qkvza_mq4g256v2_wmma_fp8_v2_b128x128_gfx1201_symfold",1964,104088312399617,104088321906984,0,0,208,0,128,256,1,1,33024,64,1
"KERNEL_DISPATCH","Agent 2",1,0,1123883,1959,30,"gemm_gate_up_mq4g256v2_wmma_fp8_v2_b128x128_gfx1201_symfold",1959,104088277180987,104088297765582,0,0,192,0,128,256,1,1,69632,64,1
"KERNEL_DISPATCH","Agent 2",1,0,1123883,1954,49,"sigmoid_mul_f32",1954,104088271002665,104088271977838,0,0,16,0,128,256,1,1,50331648,1,1
"KERNEL_DISPATCH","Agent 2",1,0,1123883,1949,35,"rmsnorm_f32",1949,104088258164574,104088258385217,0,0,16,0,128,256,1,1,8388608,1,1
"KERNEL_DISPATCH","Agent 2",1,0,1123883,1944,27,"pack_f32_to_fp8_mq4v2_gfx12",1944,104088236498725,104088237827623,512,0,24,0,128,256,1,1,2097152,1,1
"KERNEL_DISPATCH","Agent 2",1,0,1123883,1939,27,"pack_f32_to_fp8_mq4v2_gfx12",1939,104088208418150,104088208918877,512,0,24,0,128,256,1,1,2097152,1,1
"KERNEL_DISPATCH","Agent 2",1,0,1123883,1934,24,"gated_delta_net_q8_fast",1934,104088205101626,104088205662034,2048,0,64,0,128,32,1,1,1536,32,1
"KERNEL_DISPATCH","Agent 2",1,0,1123883,1929,24,"gated_delta_net_q8_fast",1929,104088202237268,104088202812796,2048,0,64,0,128,32,1,1,1536,32,1
"KERNEL_DISPATCH","Agent 2",1,0,1123883,1924,24,"gated_delta_net_q8_fast",1924,104088199321229,104088199899597,2048,0,64,0,128,32,1,1,1536,32,1
"KERNEL_DISPATCH","Agent 2",1,0,1123883,1919,21,"gemm_qkvza_mq4g256v2_wmma_fp8_v2_b128x128_gfx1201_symfold",1919,104088185385723,104088194877530,0,0,208,0,128,256,1,1,33024,64,1
"KERNEL_DISPATCH","Agent 2",1,0,1123883,2147,29,"gemm_mq4g256v2_residual_wmma_fp8_v2_b128x128_gfx1201_symfold",2147,104088744007813,104088753903865,0,0,192,0,128,256,1,1,10240,64,1
"KERNEL_DISPATCH","Agent 2",1,0,1123883,1914,30,"gemm_gate_up_mq4g256v2_wmma_fp8_v2_b128x128_gfx1201_symfold",1914,104088149954331,104088170731888,0,0,192,0,128,256,1,1,69632,64,1
"KERNEL_DISPATCH","Agent 2",1,0,1123883,2142,29,"gemm_mq4g256v2_residual_wmma_fp8_v2_b128x128_gfx1201_symfold",2142,104088715050626,104088718435872,0,0,192,0,128,256,1,1,10240,64,1
"KERNEL_DISPATCH","Agent 2",1,0,1123883,1909,25,"gated_norm_f32",1909,104088143760568,104088144743141,0,0,24,0,128,32,1,1,1536,8192,1
"KERNEL_DISPATCH","Agent 2",1,0,1123883,2137,24,"gated_delta_net_q8_fast",2137,104088711804743,104088712357471,2048,0,64,0,128,32,1,1,1536,32,1
"KERNEL_DISPATCH","Agent 2",1,0,1123883,1904,24,"gated_delta_net_q8_fast",1904,104088140954011,104088141517498,2048,0,64,0,128,32,1,1,1536,32,1
"KERNEL_DISPATCH","Agent 2",1,0,1123883,2132,24,"gated_delta_net_q8_fast",2132,104088708991026,104088709555833,2048,0,64,0,128,32,1,1,1536,32,1
"KERNEL_DISPATCH","Agent 2",1,0,1123883,1899,24,"gated_delta_net_q8_fast",1899,104088138084253,104088138661180,2048,0,64,0,128,32,1,1,1536,32,1
"KERNEL_DISPATCH","Agent 2",1,0,1123883,2127,24,"gated_delta_net_q8_fast",2127,104088706109107,104088706687315,2048,0,64,0,128,32,1,1,1536,32,1
"KERNEL_DISPATCH","Agent 2",1,0,1123883,1894,24,"gated_delta_net_q8_fast",1894,104088135158734,104088135740661,2048,0,64,0,128,32,1,1,1536,32,1
"KERNEL_DISPATCH","Agent 2",1,0,1123883,2122,22,"gdn_pre_batched_gfx1201",2122,104088701088800,104088703765196,33280,0,224,0,128,256,1,1,2686976,1,1
"KERNEL_DISPATCH","Agent 2",1,0,1123883,2117,31,"fused_silu_mul_mq_rotate_awq",2117,104088676948638,104088679770516,0,0,56,0,128,32,1,1,2176,8192,1
"KERNEL_DISPATCH","Agent 2",1,0,1123883,1943,31,"fused_silu_mul_mq_rotate_awq",1943,104088233669367,104088236486645,0,0,56,0,128,32,1,1,2176,8192,1
"KERNEL_DISPATCH","Agent 2",1,0,1123883,2112,26,"rotate_x_mq_awq",2112,104088651032133,104088651657781,0,0,80,0,128,32,1,1,768,8192,1
"KERNEL_DISPATCH","Agent 2",1,0,1123883,1938,26,"rotate_x_mq_awq",1938,104088207781342,104088208406110,0,0,80,0,128,32,1,1,768,8192,1
"KERNEL_DISPATCH","Agent 2",1,0,1123883,2107,24,"gated_delta_net_q8_fast",2107,104088647795330,104088648361177,2048,0,64,0,128,32,1,1,1536,32,1
"KERNEL_DISPATCH","Agent 2",1,0,1123883,1933,24,"gated_delta_net_q8_fast",1933,104088204534139,104088205098306,2048,0,64,0,128,32,1,1,1536,32,1
"KERNEL_DISPATCH","Agent 2",1,0,1123883,2102,24,"gated_delta_net_q8_fast",2102,104088644926651,104088645507579,2048,0,64,0,128,32,1,1,1536,32,1
"KERNEL_DISPATCH","Agent 2",1,0,1123883,1928,24,"gated_delta_net_q8_fast",1928,104088201652940,104088202233908,2048,0,64,0,128,32,1,1,1536,32,1
"KERNEL_DISPATCH","Agent 2",1,0,1123883,2097,24,"gated_delta_net_q8_fast",2097,104088642012892,104088642592620,2048,0,64,0,128,32,1,1,1536,32,1
"KERNEL_DISPATCH","Agent 2",1,0,1123883,1923,24,"gated_delta_net_q8_fast",1923,104088198742101,104088199317869,2048,0,64,0,128,32,1,1,1536,32,1
"KERNEL_DISPATCH","Agent 2",1,0,1123883,2092,20,"fused_rmsnorm_mq_rotate_awq_mq4v2_fp8_gfx12",2092,104088627959505,104088628644234,0,0,96,0,128,256,1,1,2097152,1,1
"KERNEL_DISPATCH","Agent 2",1,0,1123883,1918,20,"fused_rmsnorm_mq_rotate_awq_mq4v2_fp8_gfx12",1918,104088184690754,104088185373643,0,0,96,0,128,256,1,1,2097152,1,1
"KERNEL_DISPATCH","Agent 2",1,0,1123883,1913,20,"fused_rmsnorm_mq_rotate_awq_mq4v2_fp8_gfx12",1913,104088149267882,104088149942251,0,0,96,0,128,256,1,1,2097152,1,1
"KERNEL_DISPATCH","Agent 2",1,0,1123883,1908,24,"gated_delta_net_q8_fast",1908,104088143204761,104088143757088,2048,0,64,0,128,32,1,1,1536,32,1
"KERNEL_DISPATCH","Agent 2",1,0,1123883,1903,24,"gated_delta_net_q8_fast",1903,104088140386563,104088140950691,2048,0,64,0,128,32,1,1,1536,32,1
"KERNEL_DISPATCH","Agent 2",1,0,1123883,1898,24,"gated_delta_net_q8_fast",1898,104088137499365,104088138080972,2048,0,64,0,128,32,1,1,1536,32,1
"KERNEL_DISPATCH","Agent 2",1,0,1123883,1893,24,"gated_delta_net_q8_fast",1893,104088134566726,104088135155413,2048,0,64,0,128,32,1,1,1536,32,1
"KERNEL_DISPATCH","Agent 2",1,0,1123883,1888,27,"pack_f32_to_fp8_mq4v2_gfx12",1888,104088110595846,104088111924144,512,0,24,0,128,256,1,1,2097152,1,1
"KERNEL_DISPATCH","Agent 2",1,0,1123883,1883,27,"pack_f32_to_fp8_mq4v2_gfx12",1883,104088082444071,104088082946397,512,0,24,0,128,256,1,1,2097152,1,1
"KERNEL_DISPATCH","Agent 2",1,0,1123883,1878,24,"gated_delta_net_q8_fast",1878,104088079143267,104088079695154,2048,0,64,0,128,32,1,1,1536,32,1
"KERNEL_DISPATCH","Agent 2",1,0,1123883,1873,24,"gated_delta_net_q8_fast",1873,104088076324309,104088076887796,2048,0,64,0,128,32,1,1,1536,32,1
"KERNEL_DISPATCH","Agent 2",1,0,1123883,1868,24,"gated_delta_net_q8_fast",1868,104088073433190,104088074012398,2048,0,64,0,128,32,1,1,1536,32,1
"KERNEL_DISPATCH","Agent 2",1,0,1123883,1863,21,"gemm_qkvza_mq4g256v2_wmma_fp8_v2_b128x128_gfx1201_symfold",1863,104088059614846,104088068997291,0,0,208,0,128,256,1,1,33024,64,1
"KERNEL_DISPATCH","Agent 2",1,0,1123883,1858,30,"gemm_gate_up_mq4g256v2_wmma_fp8_v2_b128x128_gfx1201_symfold",1858,104088024172613,104088044764968,0,0,192,0,128,256,1,1,69632,64,1
"KERNEL_DISPATCH","Agent 2",1,0,1123883,1853,49,"sigmoid_mul_f32",1853,104088017988811,104088018963384,0,0,16,0,128,256,1,1,50331648,1,1
"KERNEL_DISPATCH","Agent 2",1,0,1123883,1848,35,"rmsnorm_f32",1848,104088005181120,104088005399203,0,0,16,0,128,256,1,1,8388608,1,1
"KERNEL_DISPATCH","Agent 2",1,0,1123883,1843,27,"pack_f32_to_fp8_mq4v2_gfx12",1843,104087983532152,104087984859809,512,0,24,0,128,256,1,1,2097152,1,1
"KERNEL_DISPATCH","Agent 2",1,0,1123883,1838,27,"pack_f32_to_fp8_mq4v2_gfx12",1838,104087955431977,104087955932744,512,0,24,0,128,256,1,1,2097152,1,1
"KERNEL_DISPATCH","Agent 2",1,0,1123883,1833,24,"gated_delta_net_q8_fast",1833,104087952109973,104087952669420,2048,0,64,0,128,32,1,1,1536,32,1
"KERNEL_DISPATCH","Agent 2",1,0,1123883,1828,24,"gated_delta_net_q8_fast",1828,104087949245454,104087949820462,2048,0,64,0,128,32,1,1,1536,32,1
"KERNEL_DISPATCH","Agent 2",1,0,1123883,1823,24,"gated_delta_net_q8_fast",1823,104087946331815,104087946907903,2048,0,64,0,128,32,1,1,1536,32,1
"KERNEL_DISPATCH","Agent 2",1,0,1123883,1818,21,"gemm_qkvza_mq4g256v2_wmma_fp8_v2_b128x128_gfx1201_symfold",1818,104087932402630,104087941905636,0,0,208,0,128,256,1,1,33024,64,1
"KERNEL_DISPATCH","Agent 2",1,0,1123883,1813,30,"gemm_gate_up_mq4g256v2_wmma_fp8_v2_b128x128_gfx1201_symfold",1813,104087897033838,104087917756714,0,0,192,0,128,256,1,1,69632,64,1
"KERNEL_DISPATCH","Agent 2",1,0,1123883,1808,25,"gated_norm_f32",1808,104087890834755,104087891817209,0,0,24,0,128,32,1,1,1536,8192,1
"KERNEL_DISPATCH","Agent 2",1,0,1123883,1803,24,"gated_delta_net_q8_fast",1803,104087888019678,104087888582525,2048,0,64,0,128,32,1,1,1536,32,1
"KERNEL_DISPATCH","Agent 2",1,0,1123883,1798,24,"gated_delta_net_q8_fast",1798,104087885133679,104087885712247,2048,0,64,0,128,32,1,1,1536,32,1
"KERNEL_DISPATCH","Agent 2",1,0,1123883,1793,24,"gated_delta_net_q8_fast",1793,104087882225761,104087882799608,2048,0,64,0,128,32,1,1,1536,32,1
"KERNEL_DISPATCH","Agent 2",1,0,1123883,1788,29,"gemm_mq4g256v2_residual_wmma_fp8_v2_b128x128_gfx1201_symfold",1788,104087858896530,104087868792021,0,0,192,0,128,256,1,1,10240,64,1
"KERNEL_DISPATCH","Agent 2",1,0,1123883,1783,29,"gemm_mq4g256v2_residual_wmma_fp8_v2_b128x128_gfx1201_symfold",1783,104087829847462,104087833223307,0,0,192,0,128,256,1,1,10240,64,1
"KERNEL_DISPATCH","Agent 2",1,0,1123883,1778,24,"gated_delta_net_q8_fast",1778,104087826594619,104087827150666,2048,0,64,0,128,32,1,1,1536,32,1
"KERNEL_DISPATCH","Agent 2",1,0,1123883,1773,24,"gated_delta_net_q8_fast",1773,104087823766581,104087824332629,2048,0,64,0,128,32,1,1,1536,32,1
"KERNEL_DISPATCH","Agent 2",1,0,1123883,1768,24,"gated_delta_net_q8_fast",1768,104087820873182,104087821452510,2048,0,64,0,128,32,1,1,1536,32,1
"KERNEL_DISPATCH","Agent 2",1,0,1123883,1763,22,"gdn_pre_batched_gfx1201",1763,104087815855196,104087818533751,33280,0,224,0,128,256,1,1,2686976,1,1
"KERNEL_DISPATCH","Agent 2",1,0,1123883,1758,31,"fused_silu_mul_mq_rotate_awq",1758,104087791562632,104087794385669,0,0,56,0,128,32,1,1,2176,8192,1
"KERNEL_DISPATCH","Agent 2",1,0,1123883,1753,26,"rotate_x_mq_awq",1753,104087765786968,104087766418576,0,0,80,0,128,32,1,1,768,8192,1
"KERNEL_DISPATCH","Agent 2",1,0,1123883,1748,36,"rope_partial_halfsplit_batched_f32",1748,104087752214067,104087752578752,0,0,16,0,128,32,1,1,32,8192,1
"KERNEL_DISPATCH","Agent 2",1,0,1123883,1743,29,"gemm_mq4g256v2_residual_wmma_fp8_v2_b128x128_gfx1201_symfold",1743,104087731737394,104087741483764,0,0,192,0,128,256,1,1,10240,64,1
"KERNEL_DISPATCH","Agent 2",1,0,1123883,1738,29,"gemm_mq4g256v2_residual_wmma_fp8_v2_b128x128_gfx1201_symfold",1738,104087702776128,104087706132052,0,0,192,0,128,256,1,1,10240,64,1
"KERNEL_DISPATCH","Agent 2",1,0,1123883,1889,29,"gemm_mq4g256v2_residual_wmma_fp8_v2_b128x128_gfx1201_symfold",1889,104088111927944,104088121689754,0,0,192,0,128,256,1,1,10240,64,1
"KERNEL_DISPATCH","Agent 2",1,0,1123883,1733,24,"gated_delta_net_q8_fast",1733,104087699518044,104087700077892,2048,0,64,0,128,32,1,1,1536,32,1
"KERNEL_DISPATCH","Agent 2",1,0,1123883,1884,29,"gemm_mq4g256v2_residual_wmma_fp8_v2_b128x128_gfx1201_symfold",1884,104088082949757,104088086300602,0,0,192,0,128,256,1,1,10240,64,1
"KERNEL_DISPATCH","Agent 2",1,0,1123883,1728,24,"gated_delta_net_q8_fast",1728,104087696667606,104087697241694,2048,0,64,0,128,32,1,1,1536,32,1
"KERNEL_DISPATCH","Agent 2",1,0,1123883,1879,24,"gated_delta_net_q8_fast",1879,104088079703034,104088080255041,2048,0,64,0,128,32,1,1,1536,32,1
"KERNEL_DISPATCH","Agent 2",1,0,1123883,1723,24,"gated_delta_net_q8_fast",1723,104087693756887,104087694333615,2048,0,64,0,128,32,1,1,1536,32,1
"KERNEL_DISPATCH","Agent 2",1,0,1123883,1874,24,"gated_delta_net_q8_fast",1874,104088076891117,104088077453124,2048,0,64,0,128,32,1,1,1536,32,1
"KERNEL_DISPATCH","Agent 2",1,0,1123883,1718,22,"gdn_pre_batched_gfx1201",1718,104087688755941,104087691423976,33280,0,224,0,128,256,1,1,2686976,1,1
"KERNEL_DISPATCH","Agent 2",1,0,1123883,1869,24,"gated_delta_net_q8_fast",1869,104088074015758,104088074591846,2048,0,64,0,128,32,1,1,1536,32,1
"KERNEL_DISPATCH","Agent 2",1,0,1123883,1713,31,"fused_silu_mul_mq_rotate_awq",1713,104087664497737,104087667324295,0,0,56,0,128,32,1,1,2176,8192,1
"KERNEL_DISPATCH","Agent 2",1,0,1123883,1864,22,"gdn_pre_batched_gfx1201",1864,104088069009411,104088071676367,33280,0,224,0,128,256,1,1,2686976,1,1
"KERNEL_DISPATCH","Agent 2",1,0,1123883,1859,31,"fused_silu_mul_mq_rotate_awq",1859,104088044777208,104088047618246,0,0,56,0,128,32,1,1,2176,8192,1
"KERNEL_DISPATCH","Agent 2",1,0,1123883,1708,26,"rotate_x_mq_awq",1708,104087638542951,104087639169799,0,0,80,0,128,32,1,1,768,8192,1
"KERNEL_DISPATCH","Agent 2",1,0,1123883,1854,26,"rotate_x_mq_awq",1854,104088018975424,104088019608593,0,0,80,0,128,32,1,1,768,8192,1
"KERNEL_DISPATCH","Agent 2",1,0,1123883,1703,24,"gated_delta_net_q8_fast",1703,104087635320788,104087635876316,2048,0,64,0,128,32,1,1,1536,32,1
"KERNEL_DISPATCH","Agent 2",1,0,1123883,1849,36,"rope_partial_halfsplit_batched_f32",1849,104088005402683,104088005767368,0,0,16,0,128,32,1,1,32,8192,1
"KERNEL_DISPATCH","Agent 2",1,0,1123883,1698,24,"gated_delta_net_q8_fast",1698,104087632484270,104087633053998,2048,0,64,0,128,32,1,1,1536,32,1
"KERNEL_DISPATCH","Agent 2",1,0,1123883,1844,29,"gemm_mq4g256v2_residual_wmma_fp8_v2_b128x128_gfx1201_symfold",1844,104087984863609,104087994713981,0,0,192,0,128,256,1,1,10240,64,1
"KERNEL_DISPATCH","Agent 2",1,0,1123883,1839,29,"gemm_mq4g256v2_residual_wmma_fp8_v2_b128x128_gfx1201_symfold",1839,104087955936024,104087959280228,0,0,192,0,128,256,1,1,10240,64,1
"KERNEL_DISPATCH","Agent 2",1,0,1123883,1834,24,"gated_delta_net_q8_fast",1834,104087952672700,104087953231187,2048,0,64,0,128,32,1,1,1536,32,1
"KERNEL_DISPATCH","Agent 2",1,0,1123883,1829,24,"gated_delta_net_q8_fast",1829,104087949823702,104087950397350,2048,0,64,0,128,32,1,1,1536,32,1
"KERNEL_DISPATCH","Agent 2",1,0,1123883,1824,24,"gated_delta_net_q8_fast",1824,104087946911223,104087947488551,2048,0,64,0,128,32,1,1,1536,32,1
"KERNEL_DISPATCH","Agent 2",1,0,1123883,1819,22,"gdn_pre_batched_gfx1201",1819,104087941917797,104087944575672,33280,0,224,0,128,256,1,1,2686976,1,1
"KERNEL_DISPATCH","Agent 2",1,0,1123883,1814,31,"fused_silu_mul_mq_rotate_awq",1814,104087917768955,104087920591392,0,0,56,0,128,32,1,1,2176,8192,1
"KERNEL_DISPATCH","Agent 2",1,0,1123883,1809,26,"rotate_x_mq_awq",1809,104087891829329,104087892453617,0,0,80,0,128,32,1,1,768,8192,1
"KERNEL_DISPATCH","Agent 2",1,0,1123883,1804,24,"gated_delta_net_q8_fast",1804,104087888585805,104087889147333,2048,0,64,0,128,32,1,1,1536,32,1
"KERNEL_DISPATCH","Agent 2",1,0,1123883,1799,24,"gated_delta_net_q8_fast",1799,104087885715567,104087886292495,2048,0,64,0,128,32,1,1,1536,32,1
"KERNEL_DISPATCH","Agent 2",1,0,1123883,1794,24,"gated_delta_net_q8_fast",1794,104087882802968,104087883379936,2048,0,64,0,128,32,1,1,1536,32,1
"KERNEL_DISPATCH","Agent 2",1,0,1123883,1789,20,"fused_rmsnorm_mq_rotate_awq_mq4v2_fp8_gfx12",1789,104087868804102,104087869486511,0,0,96,0,128,256,1,1,2097152,1,1
"KERNEL_DISPATCH","Agent 2",1,0,1123883,1784,20,"fused_rmsnorm_mq_rotate_awq_mq4v2_fp8_gfx12",1784,104087833235387,104087833907876,0,0,96,0,128,256,1,1,2097152,1,1
"KERNEL_DISPATCH","Agent 2",1,0,1123883,1779,24,"gated_delta_net_q8_fast",1779,104087827153946,104087827708514,2048,0,64,0,128,32,1,1,1536,32,1
"KERNEL_DISPATCH","Agent 2",1,0,1123883,1774,24,"gated_delta_net_q8_fast",1774,104087824335949,104087824898756,2048,0,64,0,128,32,1,1,1536,32,1
"KERNEL_DISPATCH","Agent 2",1,0,1123883,1769,24,"gated_delta_net_q8_fast",1769,104087821455790,104087822032838,2048,0,64,0,128,32,1,1,1536,32,1
"KERNEL_DISPATCH","Agent 2",1,0,1123883,1764,24,"gated_delta_net_q8_fast",1764,104087818545871,104087819128879,2048,0,64,0,128,32,1,1,1536,32,1
"KERNEL_DISPATCH","Agent 2",1,0,1123883,1759,27,"pack_f32_to_fp8_mq4v2_gfx12",1759,104087794397869,104087795726487,512,0,24,0,128,256,1,1,2097152,1,1
"KERNEL_DISPATCH","Agent 2",1,0,1123883,1754,27,"pack_f32_to_fp8_mq4v2_gfx12",1754,104087766430616,104087766931503,512,0,24,0,128,256,1,1,2097152,1,1
"KERNEL_DISPATCH","Agent 2",1,0,1123883,1749,37,"kv_cache_write_fp8_e4m3_batched",1749,104087752582592,104087752645553,0,0,56,0,128,32,1,1,128,8192,1
"KERNEL_DISPATCH","Agent 2",1,0,1123883,1744,20,"fused_rmsnorm_mq_rotate_awq_mq4v2_fp8_gfx12",1744,104087741496084,104087742178973,0,0,96,0,128,256,1,1,2097152,1,1
"KERNEL_DISPATCH","Agent 2",1,0,1123883,1739,20,"fused_rmsnorm_mq_rotate_awq_mq4v2_fp8_gfx12",1739,104087706144133,104087706814821,0,0,96,0,128,256,1,1,2097152,1,1
"KERNEL_DISPATCH","Agent 2",1,0,1123883,1734,24,"gated_delta_net_q8_fast",1734,104087700081092,104087700638419,2048,0,64,0,128,32,1,1,1536,32,1
"KERNEL_DISPATCH","Agent 2",1,0,1123883,1729,24,"gated_delta_net_q8_fast",1729,104087697244974,104087697813741,2048,0,64,0,128,32,1,1,1536,32,1
"KERNEL_DISPATCH","Agent 2",1,0,1123883,1724,24,"gated_delta_net_q8_fast",1724,104087694336895,104087694918903,2048,0,64,0,128,32,1,1,1536,32,1
"KERNEL_DISPATCH","Agent 2",1,0,1123883,1719,24,"gated_delta_net_q8_fast",1719,104087691436176,104087692016544,2048,0,64,0,128,32,1,1,1536,32,1
"KERNEL_DISPATCH","Agent 2",1,0,1123883,1714,27,"pack_f32_to_fp8_mq4v2_gfx12",1714,104087667336455,104087668664833,512,0,24,0,128,256,1,1,2097152,1,1
"KERNEL_DISPATCH","Agent 2",1,0,1123883,1709,27,"pack_f32_to_fp8_mq4v2_gfx12",1709,104087639181840,104087639682486,512,0,24,0,128,256,1,1,2097152,1,1
"KERNEL_DISPATCH","Agent 2",1,0,1123883,1704,24,"gated_delta_net_q8_fast",1704,104087635879636,104087636436123,2048,0,64,0,128,32,1,1,1536,32,1
"KERNEL_DISPATCH","Agent 2",1,0,1123883,1699,24,"gated_delta_net_q8_fast",1699,104087633057358,104087633625566,2048,0,64,0,128,32,1,1,1536,32,1
"KERNEL_DISPATCH","Agent 2",1,0,1123883,1694,24,"gated_delta_net_q8_fast",1694,104087630179240,104087630753367,2048,0,64,0,128,32,1,1,1536,32,1
"KERNEL_DISPATCH","Agent 2",1,0,1123883,1689,21,"gemm_qkvza_mq4g256v2_wmma_fp8_v2_b128x128_gfx1201_symfold",1689,104087616291654,104087625760941,0,0,208,0,128,256,1,1,33024,64,1
"KERNEL_DISPATCH","Agent 2",1,0,1123883,1684,30,"gemm_gate_up_mq4g256v2_wmma_fp8_v2_b128x128_gfx1201_symfold",1684,104087580783781,104087601446376,0,0,192,0,128,256,1,1,69632,64,1
"KERNEL_DISPATCH","Agent 2",1,0,1123883,1679,25,"gated_norm_f32",1679,104087574593498,104087575575591,0,0,24,0,128,32,1,1,1536,8192,1
"KERNEL_DISPATCH","Agent 2",1,0,1123883,1674,24,"gated_delta_net_q8_fast",1674,104087571777021,104087572343428,2048,0,64,0,128,32,1,1,1536,32,1
"KERNEL_DISPATCH","Agent 2",1,0,1123883,1669,24,"gated_delta_net_q8_fast",1669,104087568889942,104087569469230,2048,0,64,0,128,32,1,1,1536,32,1
"KERNEL_DISPATCH","Agent 2",1,0,1123883,1664,24,"gated_delta_net_q8_fast",1664,104087565995064,104087566569991,2048,0,64,0,128,32,1,1,1536,32,1
"KERNEL_DISPATCH","Agent 2",1,0,1123883,1659,29,"gemm_mq4g256v2_residual_wmma_fp8_v2_b128x128_gfx1201_symfold",1659,104087542731273,104087552489964,0,0,192,0,128,256,1,1,10240,64,1
"KERNEL_DISPATCH","Agent 2",1,0,1123883,1654,29,"gemm_mq4g256v2_residual_wmma_fp8_v2_b128x128_gfx1201_symfold",1654,104087513884609,104087517197893,0,0,192,0,128,256,1,1,10240,64,1
"KERNEL_DISPATCH","Agent 2",1,0,1123883,1649,37,"kv_cache_write_fp8_e4m3_batched",1649,104087499651259,104087499738380,0,0,56,0,128,32,1,1,128,8192,1
"KERNEL_DISPATCH","Agent 2",1,0,1123883,1644,32,"gemm_qkv_mq4g256v2_wmma_fp8_v2_b128x128_gfx1201_symfold",1644,104087489229440,104087497575871,0,0,192,0,128,256,1,1,28672,64,1
"KERNEL_DISPATCH","Agent 2",1,0,1123883,1639,30,"gemm_gate_up_mq4g256v2_wmma_fp8_v2_b128x128_gfx1201_symfold",1639,104087453710526,104087474475563,0,0,192,0,128,256,1,1,69632,64,1
"KERNEL_DISPATCH","Agent 2",1,0,1123883,1634,25,"gated_norm_f32",1634,104087447526204,104087448526737,0,0,24,0,128,32,1,1,1536,8192,1
"KERNEL_DISPATCH","Agent 2",1,0,1123883,1629,24,"gated_delta_net_q8_fast",1629,104087444733447,104087445294214,2048,0,64,0,128,32,1,1,1536,32,1
"KERNEL_DISPATCH","Agent 2",1,0,1123883,2087,20,"fused_rmsnorm_mq_rotate_awq_mq4v2_fp8_gfx12",2087,104088592565873,104088593239202,0,0,96,0,128,256,1,1,2097152,1,1
"KERNEL_DISPATCH","Agent 2",1,0,1123883,1624,24,"gated_delta_net_q8_fast",1624,104087441869008,104087442446376,2048,0,64,0,128,32,1,1,1536,32,1
"KERNEL_DISPATCH","Agent 2",1,0,1123883,2082,24,"gated_delta_net_q8_fast",2082,104088586477112,104088587033479,2048,0,64,0,128,32,1,1,1536,32,1
"KERNEL_DISPATCH","Agent 2",1,0,1123883,1619,24,"gated_delta_net_q8_fast",1619,104087438940969,104087439520857,2048,0,64,0,128,32,1,1,1536,32,1
"KERNEL_DISPATCH","Agent 2",1,0,1123883,1614,29,"gemm_mq4g256v2_residual_wmma_fp8_v2_b128x128_gfx1201_symfold",1614,104087415713020,104087425516110,0,0,192,0,128,256,1,1,10240,64,1
"KERNEL_DISPATCH","Agent 2",1,0,1123883,1693,24,"gated_delta_net_q8_fast",1693,104087629604752,104087630175960,2048,0,64,0,128,32,1,1,1536,32,1
"KERNEL_DISPATCH","Agent 2",1,0,1123883,1609,29,"gemm_mq4g256v2_residual_wmma_fp8_v2_b128x128_gfx1201_symfold",1609,104087386761554,104087390114878,0,0,192,0,128,256,1,1,10240,64,1
"KERNEL_DISPATCH","Agent 2",1,0,1123883,1688,20,"fused_rmsnorm_mq_rotate_awq_mq4v2_fp8_gfx12",1688,104087615596245,104087616279534,0,0,96,0,128,256,1,1,2097152,1,1
"KERNEL_DISPATCH","Agent 2",1,0,1123883,1604,24,"gated_delta_net_q8_fast",1604,104087383513750,104087384065958,2048,0,64,0,128,32,1,1,1536,32,1
"KERNEL_DISPATCH","Agent 2",1,0,1123883,1683,20,"fused_rmsnorm_mq_rotate_awq_mq4v2_fp8_gfx12",1683,104087580099652,104087580771741,0,0,96,0,128,256,1,1,2097152,1,1
"KERNEL_DISPATCH","Agent 2",1,0,1123883,1599,24,"gated_delta_net_q8_fast",1599,104087380704753,104087381267480,2048,0,64,0,128,32,1,1,1536,32,1
"KERNEL_DISPATCH","Agent 2",1,0,1123883,1678,24,"gated_delta_net_q8_fast",1678,104087574034571,104087574590098,2048,0,64,0,128,32,1,1,1536,32,1
"KERNEL_DISPATCH","Agent 2",1,0,1123883,1594,24,"gated_delta_net_q8_fast",1594,104087377821994,104087378399282,2048,0,64,0,128,32,1,1,1536,32,1
"KERNEL_DISPATCH","Agent 2",1,0,1123883,1673,24,"gated_delta_net_q8_fast",1673,104087571207053,104087571773621,2048,0,64,0,128,32,1,1,1536,32,1
"KERNEL_DISPATCH","Agent 2",1,0,1123883,1589,22,"gdn_pre_batched_gfx1201",1589,104087372823888,104087375491923,33280,0,224,0,128,256,1,1,2686976,1,1
"KERNEL_DISPATCH","Agent 2",1,0,1123883,1668,24,"gated_delta_net_q8_fast",1668,104087568308134,104087568886622,2048,0,64,0,128,32,1,1,1536,32,1
"KERNEL_DISPATCH","Agent 2",1,0,1123883,1584,31,"fused_silu_mul_mq_rotate_awq",1584,104087348690206,104087351510523,0,0,56,0,128,32,1,1,2176,8192,1
"KERNEL_DISPATCH","Agent 2",1,0,1123883,1663,24,"gated_delta_net_q8_fast",1663,104087565412096,104087565991704,2048,0,64,0,128,32,1,1,1536,32,1
"KERNEL_DISPATCH","Agent 2",1,0,1123883,1579,26,"rotate_x_mq_awq",1579,104087322711379,104087323335588,0,0,80,0,128,32,1,1,768,8192,1
"KERNEL_DISPATCH","Agent 2",1,0,1123883,1658,27,"pack_f32_to_fp8_mq4v2_gfx12",1658,104087541399976,104087542727433,512,0,24,0,128,256,1,1,2097152,1,1
"KERNEL_DISPATCH","Agent 2",1,0,1123883,1574,24,"gated_delta_net_q8_fast",1574,104087319483496,104087320042464,2048,0,64,0,128,32,1,1,1536,32,1
"KERNEL_DISPATCH","Agent 2",1,0,1123883,1653,27,"pack_f32_to_fp8_mq4v2_gfx12",1653,104087513382442,104087513881289,512,0,24,0,128,256,1,1,2097152,1,1
"KERNEL_DISPATCH","Agent 2",1,0,1123883,1569,24,"gated_delta_net_q8_fast",1569,104087316625778,104087317201466,2048,0,64,0,128,32,1,1,1536,32,1
"KERNEL_DISPATCH","Agent 2",1,0,1123883,1648,37,"kv_cache_write_fp8_e4m3_batched",1648,104087499584458,104087499647699,0,0,56,0,128,32,1,1,128,8192,1
"KERNEL_DISPATCH","Agent 2",1,0,1123883,1564,24,"gated_delta_net_q8_fast",1564,104087313690979,104087314272347,2048,0,64,0,128,32,1,1,1536,32,1
"KERNEL_DISPATCH","Agent 2",1,0,1123883,1643,20,"fused_rmsnorm_mq_rotate_awq_mq4v2_fp8_gfx12",1643,104087488535311,104087489217320,0,0,96,0,128,256,1,1,2097152,1,1
"KERNEL_DISPATCH","Agent 2",1,0,1123883,1559,20,"fused_rmsnorm_mq_rotate_awq_mq4v2_fp8_gfx12",1559,104087299614911,104087300296841,0,0,96,0,128,256,1,1,2097152,1,1
"KERNEL_DISPATCH","Agent 2",1,0,1123883,1638,20,"fused_rmsnorm_mq_rotate_awq_mq4v2_fp8_gfx12",1638,104087453026477,104087453698366,0,0,96,0,128,256,1,1,2097152,1,1
"KERNEL_DISPATCH","Agent 2",1,0,1123883,1554,20,"fused_rmsnorm_mq_rotate_awq_mq4v2_fp8_gfx12",1554,104087264469243,104087265143372,0,0,96,0,128,256,1,1,2097152,1,1
"KERNEL_DISPATCH","Agent 2",1,0,1123883,1633,24,"gated_delta_net_q8_fast",1633,104087446971876,104087447522804,2048,0,64,0,128,32,1,1,1536,32,1
"KERNEL_DISPATCH","Agent 2",1,0,1123883,1628,24,"gated_delta_net_q8_fast",1628,104087444168279,104087444730207,2048,0,64,0,128,32,1,1,1536,32,1
"KERNEL_DISPATCH","Agent 2",1,0,1123883,1623,24,"gated_delta_net_q8_fast",1623,104087441287401,104087441865728,2048,0,64,0,128,32,1,1,1536,32,1
"KERNEL_DISPATCH","Agent 2",1,0,1123883,1618,24,"gated_delta_net_q8_fast",1618,104087438355922,104087438937689,2048,0,64,0,128,32,1,1,1536,32,1
"KERNEL_DISPATCH","Agent 2",1,0,1123883,1613,27,"pack_f32_to_fp8_mq4v2_gfx12",1613,104087414373642,104087415709140,512,0,24,0,128,256,1,1,2097152,1,1
"KERNEL_DISPATCH","Agent 2",1,0,1123883,1608,27,"pack_f32_to_fp8_mq4v2_gfx12",1608,104087386256387,104087386758073,512,0,24,0,128,256,1,1,2097152,1,1
"KERNEL_DISPATCH","Agent 2",1,0,1123883,1603,24,"gated_delta_net_q8_fast",1603,104087382957663,104087383510430,2048,0,64,0,128,32,1,1,1536,32,1
"KERNEL_DISPATCH","Agent 2",1,0,1123883,1598,24,"gated_delta_net_q8_fast",1598,104087380134705,104087380701433,2048,0,64,0,128,32,1,1,1536,32,1
"KERNEL_DISPATCH","Agent 2",1,0,1123883,1593,24,"gated_delta_net_q8_fast",1593,104087377241267,104087377818634,2048,0,64,0,128,32,1,1,1536,32,1
"KERNEL_DISPATCH","Agent 2",1,0,1123883,1588,21,"gemm_qkvza_mq4g256v2_wmma_fp8_v2_b128x128_gfx1201_symfold",1588,104087363392642,104087372811728,0,0,208,0,128,256,1,1,33024,64,1
"KERNEL_DISPATCH","Agent 2",1,0,1123883,1583,30,"gemm_gate_up_mq4g256v2_wmma_fp8_v2_b128x128_gfx1201_symfold",1583,104087327906289,104087348678046,0,0,192,0,128,256,1,1,69632,64,1
"KERNEL_DISPATCH","Agent 2",1,0,1123883,1578,25,"gated_norm_f32",1578,104087321715806,104087322699339,0,0,24,0,128,32,1,1,1536,8192,1
"KERNEL_DISPATCH","Agent 2",1,0,1123883,1573,24,"gated_delta_net_q8_fast",1573,104087318917769,104087319480256,2048,0,64,0,128,32,1,1,1536,32,1
"KERNEL_DISPATCH","Agent 2",1,0,1123883,1568,24,"gated_delta_net_q8_fast",1568,104087316044371,104087316622498,2048,0,64,0,128,32,1,1,1536,32,1
"KERNEL_DISPATCH","Agent 2",1,0,1123883,1563,24,"gated_delta_net_q8_fast",1563,104087313104091,104087313687579,2048,0,64,0,128,32,1,1,1536,32,1
"KERNEL_DISPATCH","Agent 2",1,0,1123883,1558,29,"gemm_mq4g256v2_residual_wmma_fp8_v2_b128x128_gfx1201_symfold",1558,104087289884982,104087299602591,0,0,192,0,128,256,1,1,10240,64,1
"KERNEL_DISPATCH","Agent 2",1,0,1123883,1553,29,"gemm_mq4g256v2_residual_wmma_fp8_v2_b128x128_gfx1201_symfold",1553,104087261186239,104087264457203,0,0,192,0,128,256,1,1,10240,64,1
"KERNEL_DISPATCH","Agent 2",1,0,1123883,1548,37,"kv_cache_write_fp8_e4m3_batched",1548,104087246965129,104087247052731,0,0,56,0,128,32,1,1,128,8192,1
"KERNEL_DISPATCH","Agent 2",1,0,1123883,1543,32,"gemm_qkv_mq4g256v2_wmma_fp8_v2_b128x128_gfx1201_symfold",1543,104087236507070,104087244894502,0,0,192,0,128,256,1,1,28672,64,1
"KERNEL_DISPATCH","Agent 2",1,0,1123883,1538,30,"gemm_gate_up_mq4g256v2_wmma_fp8_v2_b128x128_gfx1201_symfold",1538,104087200958876,104087221693752,0,0,192,0,128,256,1,1,69632,64,1
"KERNEL_DISPATCH","Agent 2",1,0,1123883,1533,25,"gated_norm_f32",1533,104087194773073,104087195756406,0,0,24,0,128,32,1,1,1536,8192,1
"KERNEL_DISPATCH","Agent 2",1,0,1123883,1528,24,"gated_delta_net_q8_fast",1528,104087191993316,104087192549644,2048,0,64,0,128,32,1,1,1536,32,1
"KERNEL_DISPATCH","Agent 2",1,0,1123883,1523,24,"gated_delta_net_q8_fast",1523,104087189155158,104087189723766,2048,0,64,0,128,32,1,1,1536,32,1
"KERNEL_DISPATCH","Agent 2",1,0,1123883,1518,24,"gated_delta_net_q8_fast",1518,104087186265280,104087186837928,2048,0,64,0,128,32,1,1,1536,32,1
"KERNEL_DISPATCH","Agent 2",1,0,1123883,1513,29,"gemm_mq4g256v2_residual_wmma_fp8_v2_b128x128_gfx1201_symfold",1513,104087162946569,104087172906422,0,0,192,0,128,256,1,1,10240,64,1
"KERNEL_DISPATCH","Agent 2",1,0,1123883,1508,29,"gemm_mq4g256v2_residual_wmma_fp8_v2_b128x128_gfx1201_symfold",1508,104087134064064,104087137415308,0,0,192,0,128,256,1,1,10240,64,1
"KERNEL_DISPATCH","Agent 2",1,0,1123883,1503,24,"gated_delta_net_q8_fast",1503,104087130803860,104087131364628,2048,0,64,0,128,32,1,1,1536,32,1
"KERNEL_DISPATCH","Agent 2",1,0,1123883,2229,24,"gated_delta_net_q8_fast",2229,104088959729129,104088960310617,2048,0,64,0,128,32,1,1,1536,32,1
"KERNEL_DISPATCH","Agent 2",1,0,1123883,2157,26,"rotate_x_mq_awq",2157,104088778197829,104088778830997,0,0,80,0,128,32,1,1,768,8192,1
"KERNEL_DISPATCH","Agent 2",1,0,1123883,1498,24,"gated_delta_net_q8_fast",1498,104087127946942,104087128522190,2048,0,64,0,128,32,1,1,1536,32,1
"KERNEL_DISPATCH","Agent 2",1,0,1123883,1493,24,"gated_delta_net_q8_fast",1493,104087125038303,104087125614311,2048,0,64,0,128,32,1,1,1536,32,1
"KERNEL_DISPATCH","Agent 2",1,0,1123883,1488,22,"gdn_pre_batched_gfx1201",1488,104087120047797,104087122714952,33280,0,224,0,128,256,1,1,2686976,1,1
"KERNEL_DISPATCH","Agent 2",1,0,1123883,1483,31,"fused_silu_mul_mq_rotate_awq",1483,104087095821554,104087098643191,0,0,56,0,128,32,1,1,2176,8192,1
"KERNEL_DISPATCH","Agent 2",1,0,1123883,1478,26,"rotate_x_mq_awq",1478,104087069924888,104087070549057,0,0,80,0,128,32,1,1,768,8192,1
"KERNEL_DISPATCH","Agent 2",1,0,1123883,1473,24,"gated_delta_net_q8_fast",1473,104087066699605,104087067257933,2048,0,64,0,128,32,1,1,1536,32,1
"KERNEL_DISPATCH","Agent 2",1,0,1123883,1468,24,"gated_delta_net_q8_fast",1468,104087063837487,104087064412535,2048,0,64,0,128,32,1,1,1536,32,1
"KERNEL_DISPATCH","Agent 2",1,0,1123883,1463,24,"gated_delta_net_q8_fast",1463,104087060929889,104087061504536,2048,0,64,0,128,32,1,1,1536,32,1
"KERNEL_DISPATCH","Agent 2",1,0,1123883,1458,20,"fused_rmsnorm_mq_rotate_awq_mq4v2_fp8_gfx12",1458,104087046845461,104087047527430,0,0,96,0,128,256,1,1,2097152,1,1
"KERNEL_DISPATCH","Agent 2",1,0,1123883,1453,20,"fused_rmsnorm_mq_rotate_awq_mq4v2_fp8_gfx12",1453,104087011664992,104087012336801,0,0,96,0,128,256,1,1,2097152,1,1
"KERNEL_DISPATCH","Agent 2",1,0,1123883,1448,41,"attention_fp8_e4m3_fa2_gqa_packet_gfx1201",1448,104086994060077,104087006174198,0,0,240,0,128,256,1,1,6144,4,16
"KERNEL_DISPATCH","Agent 2",1,0,1123883,1443,33,"deinterleave_q_rmsnorm_f32_batched",1443,104086991908848,104086993298907,0,0,24,0,128,256,1,1,6144,8192,1
"KERNEL_DISPATCH","Agent 2",1,0,1123883,1544,33,"deinterleave_q_rmsnorm_f32_batched",1544,104087244906622,104087246294720,0,0,24,0,128,256,1,1,6144,8192,1
"KERNEL_DISPATCH","Agent 2",1,0,1123883,1539,31,"fused_silu_mul_mq_rotate_awq",1539,104087221705953,104087224531470,0,0,56,0,128,32,1,1,2176,8192,1
"KERNEL_DISPATCH","Agent 2",1,0,1123883,1534,26,"rotate_x_mq_awq",1534,104087195768447,104087196391935,0,0,80,0,128,32,1,1,768,8192,1
"KERNEL_DISPATCH","Agent 2",1,0,1123883,1529,24,"gated_delta_net_q8_fast",1529,104087192552964,104087193107731,2048,0,64,0,128,32,1,1,1536,32,1
"KERNEL_DISPATCH","Agent 2",1,0,1123883,1524,24,"gated_delta_net_q8_fast",1524,104087189727046,104087190295134,2048,0,64,0,128,32,1,1,1536,32,1
"KERNEL_DISPATCH","Agent 2",1,0,1123883,1519,24,"gated_delta_net_q8_fast",1519,104087186841328,104087187413935,2048,0,64,0,128,32,1,1,1536,32,1
"KERNEL_DISPATCH","Agent 2",1,0,1123883,1514,20,"fused_rmsnorm_mq_rotate_awq_mq4v2_fp8_gfx12",1514,104087172918742,104087173597791,0,0,96,0,128,256,1,1,2097152,1,1
"KERNEL_DISPATCH","Agent 2",1,0,1123883,1509,20,"fused_rmsnorm_mq_rotate_awq_mq4v2_fp8_gfx12",1509,104087137427349,104087138098878,0,0,96,0,128,256,1,1,2097152,1,1
"KERNEL_DISPATCH","Agent 2",1,0,1123883,1504,24,"gated_delta_net_q8_fast",1504,104087131367908,104087131924515,2048,0,64,0,128,32,1,1,1536,32,1
"KERNEL_DISPATCH","Agent 2",1,0,1123883,1499,24,"gated_delta_net_q8_fast",1499,104087128525550,104087129097838,2048,0,64,0,128,32,1,1,1536,32,1
"KERNEL_DISPATCH","Agent 2",1,0,1123883,1494,24,"gated_delta_net_q8_fast",1494,104087125617631,104087126193759,2048,0,64,0,128,32,1,1,1536,32,1
"KERNEL_DISPATCH","Agent 2",1,0,1123883,1489,24,"gated_delta_net_q8_fast",1489,104087122727033,104087123305720,2048,0,64,0,128,32,1,1,1536,32,1
"KERNEL_DISPATCH","Agent 2",1,0,1123883,1484,27,"pack_f32_to_fp8_mq4v2_gfx12",1484,104087098655352,104087099981929,512,0,24,0,128,256,1,1,2097152,1,1
"KERNEL_DISPATCH","Agent 2",1,0,1123883,1479,27,"pack_f32_to_fp8_mq4v2_gfx12",1479,104087070561097,104087071062584,512,0,24,0,128,256,1,1,2097152,1,1
"KERNEL_DISPATCH","Agent 2",1,0,1123883,1474,24,"gated_delta_net_q8_fast",1474,104087067261213,104087067816260,2048,0,64,0,128,32,1,1,1536,32,1
"KERNEL_DISPATCH","Agent 2",1,0,1123883,1469,24,"gated_delta_net_q8_fast",1469,104087064415815,104087064985863,2048,0,64,0,128,32,1,1,1536,32,1
"KERNEL_DISPATCH","Agent 2",1,0,1123883,1464,24,"gated_delta_net_q8_fast",1464,104087061507856,104087062083304,2048,0,64,0,128,32,1,1,1536,32,1
"KERNEL_DISPATCH","Agent 2",1,0,1123883,1459,21,"gemm_qkvza_mq4g256v2_wmma_fp8_v2_b128x128_gfx1201_symfold",1459,104087047539590,104087057066277,0,0,208,0,128,256,1,1,33024,64,1
"KERNEL_DISPATCH","Agent 2",1,0,1123883,1454,30,"gemm_gate_up_mq4g256v2_wmma_fp8_v2_b128x128_gfx1201_symfold",1454,104087012348881,104087032944155,0,0,192,0,128,256,1,1,69632,64,1
"KERNEL_DISPATCH","Agent 2",1,0,1123883,1449,49,"sigmoid_mul_f32",1449,104087006186279,104087007160292,0,0,16,0,128,256,1,1,50331648,1,1
"KERNEL_DISPATCH","Agent 2",1,0,1123883,1444,35,"rmsnorm_f32",1444,104086993311067,104086993532070,0,0,16,0,128,256,1,1,8388608,1,1
"KERNEL_DISPATCH","Agent 2",1,0,1123883,1439,27,"pack_f32_to_fp8_mq4v2_gfx12",1439,104086971552577,104086972882034,512,0,24,0,128,256,1,1,2097152,1,1
"KERNEL_DISPATCH","Agent 2",1,0,1123883,1434,27,"pack_f32_to_fp8_mq4v2_gfx12",1434,104086943407601,104086943911088,512,0,24,0,128,256,1,1,2097152,1,1
"KERNEL_DISPATCH","Agent 2",1,0,1123883,1429,24,"gated_delta_net_q8_fast",1429,104086940112197,104086940664805,2048,0,64,0,128,32,1,1,1536,32,1
"KERNEL_DISPATCH","Agent 2",1,0,1123883,1424,24,"gated_delta_net_q8_fast",1424,104086937292080,104086937857607,2048,0,64,0,128,32,1,1,1536,32,1
"KERNEL_DISPATCH","Agent 2",1,0,1123883,1419,24,"gated_delta_net_q8_fast",1419,104086934416321,104086934986169,2048,0,64,0,128,32,1,1,1536,32,1
"KERNEL_DISPATCH","Agent 2",1,0,1123883,1414,21,"gemm_qkvza_mq4g256v2_wmma_fp8_v2_b128x128_gfx1201_symfold",1414,104086920563817,104086930012383,0,0,208,0,128,256,1,1,33024,64,1
"KERNEL_DISPATCH","Agent 2",1,0,1123883,1409,30,"gemm_gate_up_mq4g256v2_wmma_fp8_v2_b128x128_gfx1201_symfold",1409,104086885081104,104086905764139,0,0,192,0,128,256,1,1,69632,64,1
"KERNEL_DISPATCH","Agent 2",1,0,1123883,1404,25,"gated_norm_f32",1404,104086878892541,104086879874674,0,0,24,0,128,32,1,1,1536,8192,1
"KERNEL_DISPATCH","Agent 2",1,0,1123883,1399,24,"gated_delta_net_q8_fast",1399,104086876099424,104086876657831,2048,0,64,0,128,32,1,1,1536,32,1
"KERNEL_DISPATCH","Agent 2",1,0,1123883,1394,24,"gated_delta_net_q8_fast",1394,104086873240866,104086873812833,2048,0,64,0,128,32,1,1,1536,32,1
"KERNEL_DISPATCH","Agent 2",1,0,1123883,1389,24,"gated_delta_net_q8_fast",1389,104086870324187,104086870901474,2048,0,64,0,128,32,1,1,1536,32,1
"KERNEL_DISPATCH","Agent 2",1,0,1123883,1384,29,"gemm_mq4g256v2_residual_wmma_fp8_v2_b128x128_gfx1201_symfold",1384,104086847116197,104086856892168,0,0,192,0,128,256,1,1,10240,64,1
"KERNEL_DISPATCH","Agent 2",1,0,1123883,1379,29,"gemm_mq4g256v2_residual_wmma_fp8_v2_b128x128_gfx1201_symfold",1379,104086818105170,104086821474495,0,0,192,0,128,256,1,1,10240,64,1
"KERNEL_DISPATCH","Agent 2",1,0,1123883,1374,24,"gated_delta_net_q8_fast",1374,104086814849047,104086815408294,2048,0,64,0,128,32,1,1,1536,32,1
"KERNEL_DISPATCH","Agent 2",1,0,1123883,1369,24,"gated_delta_net_q8_fast",1369,104086812018609,104086812585617,2048,0,64,0,128,32,1,1,1536,32,1
"KERNEL_DISPATCH","Agent 2",1,0,1123883,1364,24,"gated_delta_net_q8_fast",1364,104086809115611,104086809694258,2048,0,64,0,128,32,1,1,1536,32,1
"KERNEL_DISPATCH","Agent 2",1,0,1123883,1359,22,"gdn_pre_batched_gfx1201",1359,104086804098344,104086806774419,33280,0,224,0,128,256,1,1,2686976,1,1
"KERNEL_DISPATCH","Agent 2",1,0,1123883,1354,31,"fused_silu_mul_mq_rotate_awq",1354,104086779962382,104086782787099,0,0,56,0,128,32,1,1,2176,8192,1
"KERNEL_DISPATCH","Agent 2",1,0,1123883,1349,26,"rotate_x_mq_awq",1349,104086754231599,104086754863127,0,0,80,0,128,32,1,1,768,8192,1
"KERNEL_DISPATCH","Agent 2",1,0,1123883,1344,36,"rope_partial_halfsplit_batched_f32",1344,104086740534376,104086740896501,0,0,16,0,128,32,1,1,32,8192,1
"KERNEL_DISPATCH","Agent 2",1,0,1123883,1339,29,"gemm_mq4g256v2_residual_wmma_fp8_v2_b128x128_gfx1201_symfold",1339,104086720049503,104086729791033,0,0,192,0,128,256,1,1,10240,64,1
"KERNEL_DISPATCH","Agent 2",1,0,1123883,1334,29,"gemm_mq4g256v2_residual_wmma_fp8_v2_b128x128_gfx1201_symfold",1334,104086691072636,104086694429401,0,0,192,0,128,256,1,1,10240,64,1
"KERNEL_DISPATCH","Agent 2",1,0,1123883,1329,24,"gated_delta_net_q8_fast",1329,104086687822353,104086688377280,2048,0,64,0,128,32,1,1,1536,32,1
"KERNEL_DISPATCH","Agent 2",1,0,1123883,2072,24,"gated_delta_net_q8_fast",2072,104088580749836,104088581334483,2048,0,64,0,128,32,1,1,1536,32,1
"KERNEL_DISPATCH","Agent 2",1,0,1123883,1324,24,"gated_delta_net_q8_fast",1324,104086684997515,104086685564283,2048,0,64,0,128,32,1,1,1536,32,1
"KERNEL_DISPATCH","Agent 2",1,0,1123883,2067,24,"gated_delta_net_q8_fast",2067,104088577815156,104088578402044,2048,0,64,0,128,32,1,1,1536,32,1
"KERNEL_DISPATCH","Agent 2",1,0,1123883,1319,24,"gated_delta_net_q8_fast",1319,104086682102837,104086682684765,2048,0,64,0,128,32,1,1,1536,32,1
"KERNEL_DISPATCH","Agent 2",1,0,1123883,2062,27,"pack_f32_to_fp8_mq4v2_gfx12",2062,104088553834637,104088555161414,512,0,24,0,128,256,1,1,2097152,1,1
"KERNEL_DISPATCH","Agent 2",1,0,1123883,2057,27,"pack_f32_to_fp8_mq4v2_gfx12",2057,104088525792143,104088526292869,512,0,24,0,128,256,1,1,2097152,1,1
"KERNEL_DISPATCH","Agent 2",1,0,1123883,2052,37,"kv_cache_write_fp8_e4m3_batched",2052,104088511908118,104088511972518,0,0,56,0,128,32,1,1,128,8192,1
"KERNEL_DISPATCH","Agent 2",1,0,1123883,2047,20,"fused_rmsnorm_mq_rotate_awq_mq4v2_fp8_gfx12",2047,104088500772129,104088501453818,0,0,96,0,128,256,1,1,2097152,1,1
"KERNEL_DISPATCH","Agent 2",1,0,1123883,2042,20,"fused_rmsnorm_mq_rotate_awq_mq4v2_fp8_gfx12",2042,104088465397377,104088466070266,0,0,96,0,128,256,1,1,2097152,1,1
"KERNEL_DISPATCH","Agent 2",1,0,1123883,2037,24,"gated_delta_net_q8_fast",2037,104088459350577,104088459900904,2048,0,64,0,128,32,1,1,1536,32,1
"KERNEL_DISPATCH","Agent 2",1,0,1123883,2032,24,"gated_delta_net_q8_fast",2032,104088456549339,104088457112147,2048,0,64,0,128,32,1,1,1536,32,1
"KERNEL_DISPATCH","Agent 2",1,0,1123883,2027,24,"gated_delta_net_q8_fast",2027,104088453681301,104088454260909,2048,0,64,0,128,32,1,1,1536,32,1
"KERNEL_DISPATCH","Agent 2",1,0,1123883,2022,24,"gated_delta_net_q8_fast",2022,104088450774262,104088451355470,2048,0,64,0,128,32,1,1,1536,32,1
"KERNEL_DISPATCH","Agent 2",1,0,1123883,2017,27,"pack_f32_to_fp8_mq4v2_gfx12",2017,104088426617660,104088427947958,512,0,24,0,128,256,1,1,2097152,1,1
"KERNEL_DISPATCH","Agent 2",1,0,1123883,2012,27,"pack_f32_to_fp8_mq4v2_gfx12",2012,104088398430284,104088398932171,512,0,24,0,128,256,1,1,2097152,1,1
"KERNEL_DISPATCH","Agent 2",1,0,1123883,2007,24,"gated_delta_net_q8_fast",2007,104088395116840,104088395677248,2048,0,64,0,128,32,1,1,1536,32,1
"KERNEL_DISPATCH","Agent 2",1,0,1123883,2002,24,"gated_delta_net_q8_fast",2002,104088392264042,104088392840770,2048,0,64,0,128,32,1,1,1536,32,1
"KERNEL_DISPATCH","Agent 2",1,0,1123883,1997,24,"gated_delta_net_q8_fast",1997,104088389353843,104088389934531,2048,0,64,0,128,32,1,1,1536,32,1
"KERNEL_DISPATCH","Agent 2",1,0,1123883,1992,21,"gemm_qkvza_mq4g256v2_wmma_fp8_v2_b128x128_gfx1201_symfold",1992,104088375485978,104088384918264,0,0,208,0,128,256,1,1,33024,64,1
"KERNEL_DISPATCH","Agent 2",1,0,1123883,1987,30,"gemm_gate_up_mq4g256v2_wmma_fp8_v2_b128x128_gfx1201_symfold",1987,104088340023425,104088360759102,0,0,192,0,128,256,1,1,69632,64,1
"KERNEL_DISPATCH","Agent 2",1,0,1123883,1982,25,"gated_norm_f32",1982,104088333824423,104088334807916,0,0,24,0,128,32,1,1,1536,8192,1
"KERNEL_DISPATCH","Agent 2",1,0,1123883,1977,24,"gated_delta_net_q8_fast",1977,104088331008985,104088331575553,2048,0,64,0,128,32,1,1,1536,32,1
"KERNEL_DISPATCH","Agent 2",1,0,1123883,1972,24,"gated_delta_net_q8_fast",1972,104088328115507,104088328698594,2048,0,64,0,128,32,1,1,1536,32,1
"KERNEL_DISPATCH","Agent 2",1,0,1123883,1967,24,"gated_delta_net_q8_fast",1967,104088325198388,104088325777075,2048,0,64,0,128,32,1,1,1536,32,1
"KERNEL_DISPATCH","Agent 2",1,0,1123883,1962,29,"gemm_mq4g256v2_residual_wmma_fp8_v2_b128x128_gfx1201_symfold",1962,104088301944238,104088311694808,0,0,192,0,128,256,1,1,10240,64,1
"KERNEL_DISPATCH","Agent 2",1,0,1123883,1957,29,"gemm_mq4g256v2_residual_wmma_fp8_v2_b128x128_gfx1201_symfold",1957,104088273148254,104088276486778,0,0,192,0,128,256,1,1,10240,64,1
"KERNEL_DISPATCH","Agent 2",1,0,1123883,1952,37,"kv_cache_write_fp8_e4m3_batched",1952,104088258826383,104088258914744,0,0,56,0,128,32,1,1,128,8192,1
"KERNEL_DISPATCH","Agent 2",1,0,1123883,1947,32,"gemm_qkv_mq4g256v2_wmma_fp8_v2_b128x128_gfx1201_symfold",1947,104088248267122,104088256750875,0,0,192,0,128,256,1,1,28672,64,1
"KERNEL_DISPATCH","Agent 2",1,0,1123883,1942,30,"gemm_gate_up_mq4g256v2_wmma_fp8_v2_b128x128_gfx1201_symfold",1942,104088212972091,104088233657087,0,0,192,0,128,256,1,1,69632,64,1
"KERNEL_DISPATCH","Agent 2",1,0,1123883,1937,25,"gated_norm_f32",1937,104088206786609,104088207769262,0,0,24,0,128,32,1,1,1536,8192,1
"KERNEL_DISPATCH","Agent 2",1,0,1123883,1932,24,"gated_delta_net_q8_fast",1932,104088203963771,104088204530819,2048,0,64,0,128,32,1,1,1536,32,1
"KERNEL_DISPATCH","Agent 2",1,0,1123883,1927,24,"gated_delta_net_q8_fast",1927,104088201070212,104088201649620,2048,0,64,0,128,32,1,1,1536,32,1
"KERNEL_DISPATCH","Agent 2",1,0,1123883,1922,24,"gated_delta_net_q8_fast",1922,104088198161134,104088198738741,2048,0,64,0,128,32,1,1,1536,32,1
"KERNEL_DISPATCH","Agent 2",1,0,1123883,1917,29,"gemm_mq4g256v2_residual_wmma_fp8_v2_b128x128_gfx1201_symfold",1917,104088174909264,104088184678434,0,0,192,0,128,256,1,1,10240,64,1
"KERNEL_DISPATCH","Agent 2",1,0,1123883,1912,29,"gemm_mq4g256v2_residual_wmma_fp8_v2_b128x128_gfx1201_symfold",1912,104088145895877,104088149255801,0,0,192,0,128,256,1,1,10240,64,1
"KERNEL_DISPATCH","Agent 2",1,0,1123883,1907,24,"gated_delta_net_q8_fast",1907,104088142646873,104088143201481,2048,0,64,0,128,32,1,1,1536,32,1
"KERNEL_DISPATCH","Agent 2",1,0,1123883,1902,24,"gated_delta_net_q8_fast",1902,104088139817956,104088140383283,2048,0,64,0,128,32,1,1,1536,32,1
"KERNEL_DISPATCH","Agent 2",1,0,1123883,1897,24,"gated_delta_net_q8_fast",1897,104088136916117,104088137496125,2048,0,64,0,128,32,1,1,1536,32,1
"KERNEL_DISPATCH","Agent 2",1,0,1123883,1892,22,"gdn_pre_batched_gfx1201",1892,104088131890010,104088134554645,33280,0,224,0,128,256,1,1,2686976,1,1
"KERNEL_DISPATCH","Agent 2",1,0,1123883,1887,31,"fused_silu_mul_mq_rotate_awq",1887,104088107753128,104088110591926,0,0,56,0,128,32,1,1,2176,8192,1
"KERNEL_DISPATCH","Agent 2",1,0,1123883,1882,26,"rotate_x_mq_awq",1882,104088081810022,104088082431990,0,0,80,0,128,32,1,1,768,8192,1
"KERNEL_DISPATCH","Agent 2",1,0,1123883,1877,24,"gated_delta_net_q8_fast",1877,104088078584699,104088079139946,2048,0,64,0,128,32,1,1,1536,32,1
"KERNEL_DISPATCH","Agent 2",1,0,1123883,1872,24,"gated_delta_net_q8_fast",1872,104088075752621,104088076320989,2048,0,64,0,128,32,1,1,1536,32,1
"KERNEL_DISPATCH","Agent 2",1,0,1123883,1867,24,"gated_delta_net_q8_fast",1867,104088072855663,104088073429910,2048,0,64,0,128,32,1,1,1536,32,1
"KERNEL_DISPATCH","Agent 2",1,0,1123883,1862,20,"fused_rmsnorm_mq_rotate_awq_mq4v2_fp8_gfx12",1862,104088058924397,104088059602726,0,0,96,0,128,256,1,1,2097152,1,1
"KERNEL_DISPATCH","Agent 2",1,0,1123883,1314,22,"gdn_pre_batched_gfx1201",1314,104086677052489,104086679733405,33280,0,224,0,128,256,1,1,2686976,1,1
"KERNEL_DISPATCH","Agent 2",1,0,1123883,1857,20,"fused_rmsnorm_mq_rotate_awq_mq4v2_fp8_gfx12",1857,104088023488364,104088024160573,0,0,96,0,128,256,1,1,2097152,1,1
"KERNEL_DISPATCH","Agent 2",1,0,1123883,1309,31,"fused_silu_mul_mq_rotate_awq",1309,104086652922608,104086655746405,0,0,56,0,128,32,1,1,2176,8192,1
"KERNEL_DISPATCH","Agent 2",1,0,1123883,1852,41,"attention_fp8_e4m3_fa2_gqa_packet_gfx1201",1852,104088005928730,104088017976771,0,0,240,0,128,256,1,1,6144,4,16
"KERNEL_DISPATCH","Agent 2",1,0,1123883,1304,26,"rotate_x_mq_awq",1304,104086627040743,104086627666871,0,0,80,0,128,32,1,1,768,8192,1
"KERNEL_DISPATCH","Agent 2",1,0,1123883,1847,33,"deinterleave_q_rmsnorm_f32_batched",1847,104088003788022,104088005168960,0,0,24,0,128,256,1,1,6144,8192,1
"KERNEL_DISPATCH","Agent 2",1,0,1123883,1299,24,"gated_delta_net_q8_fast",1299,104086623830500,104086624384707,2048,0,64,0,128,32,1,1,1536,32,1
"KERNEL_DISPATCH","Agent 2",1,0,1123883,1842,31,"fused_silu_mul_mq_rotate_awq",1842,104087980697114,104087983520031,0,0,56,0,128,32,1,1,2176,8192,1
"KERNEL_DISPATCH","Agent 2",1,0,1123883,1294,24,"gated_delta_net_q8_fast",1294,104086621004622,104086621571150,2048,0,64,0,128,32,1,1,1536,32,1
"KERNEL_DISPATCH","Agent 2",1,0,1123883,1837,26,"rotate_x_mq_awq",1837,104087954795768,104087955419737,0,0,80,0,128,32,1,1,768,8192,1
"KERNEL_DISPATCH","Agent 2",1,0,1123883,1289,24,"gated_delta_net_q8_fast",1289,104086618108863,104086618686151,2048,0,64,0,128,32,1,1,1536,32,1
"KERNEL_DISPATCH","Agent 2",1,0,1123883,1832,24,"gated_delta_net_q8_fast",1832,104087951544045,104087952106652,2048,0,64,0,128,32,1,1,1536,32,1
"KERNEL_DISPATCH","Agent 2",1,0,1123883,1284,20,"fused_rmsnorm_mq_rotate_awq_mq4v2_fp8_gfx12",1284,104086604087396,104086604772246,0,0,96,0,128,256,1,1,2097152,1,1
"KERNEL_DISPATCH","Agent 2",1,0,1123883,1827,24,"gated_delta_net_q8_fast",1827,104087948661327,104087949242094,2048,0,64,0,128,32,1,1,1536,32,1
"KERNEL_DISPATCH","Agent 2",1,0,1123883,1822,24,"gated_delta_net_q8_fast",1822,104087945753568,104087946328455,2048,0,64,0,128,32,1,1,1536,32,1
"KERNEL_DISPATCH","Agent 2",1,0,1123883,1817,20,"fused_rmsnorm_mq_rotate_awq_mq4v2_fp8_gfx12",1817,104087931707340,104087932390550,0,0,96,0,128,256,1,1,2097152,1,1
"KERNEL_DISPATCH","Agent 2",1,0,1123883,1812,20,"fused_rmsnorm_mq_rotate_awq_mq4v2_fp8_gfx12",1812,104087896348269,104087897021718,0,0,96,0,128,256,1,1,2097152,1,1
"KERNEL_DISPATCH","Agent 2",1,0,1123883,1807,24,"gated_delta_net_q8_fast",1807,104087890276068,104087890831355,2048,0,64,0,128,32,1,1,1536,32,1
"KERNEL_DISPATCH","Agent 2",1,0,1123883,1802,24,"gated_delta_net_q8_fast",1802,104087887448550,104087888016398,2048,0,64,0,128,32,1,1,1536,32,1
"KERNEL_DISPATCH","Agent 2",1,0,1123883,1797,24,"gated_delta_net_q8_fast",1797,104087884548072,104087885130399,2048,0,64,0,128,32,1,1,1536,32,1
"KERNEL_DISPATCH","Agent 2",1,0,1123883,1792,24,"gated_delta_net_q8_fast",1792,104087881633913,104087882217761,2048,0,64,0,128,32,1,1,1536,32,1
"KERNEL_DISPATCH","Agent 2",1,0,1123883,1787,27,"pack_f32_to_fp8_mq4v2_gfx12",1787,104087857563832,104087858892729,512,0,24,0,128,256,1,1,2097152,1,1
"KERNEL_DISPATCH","Agent 2",1,0,1123883,1782,27,"pack_f32_to_fp8_mq4v2_gfx12",1782,104087829344815,104087829844142,512,0,24,0,128,256,1,1,2097152,1,1
"KERNEL_DISPATCH","Agent 2",1,0,1123883,1777,24,"gated_delta_net_q8_fast",1777,104087826032771,104087826591299,2048,0,64,0,128,32,1,1,1536,32,1
"KERNEL_DISPATCH","Agent 2",1,0,1123883,1772,24,"gated_delta_net_q8_fast",1772,104087823192613,104087823763221,2048,0,64,0,128,32,1,1,1536,32,1
"KERNEL_DISPATCH","Agent 2",1,0,1123883,1767,24,"gated_delta_net_q8_fast",1767,104087820290855,104087820869822,2048,0,64,0,128,32,1,1,1536,32,1
"KERNEL_DISPATCH","Agent 2",1,0,1123883,1762,21,"gemm_qkvza_mq4g256v2_wmma_fp8_v2_b128x128_gfx1201_symfold",1762,104087806421390,104087815842995,0,0,208,0,128,256,1,1,33024,64,1
"KERNEL_DISPATCH","Agent 2",1,0,1123883,1757,30,"gemm_gate_up_mq4g256v2_wmma_fp8_v2_b128x128_gfx1201_symfold",1757,104087770943957,104087791550471,0,0,192,0,128,256,1,1,69632,64,1
"KERNEL_DISPATCH","Agent 2",1,0,1123883,1752,49,"sigmoid_mul_f32",1752,104087764794395,104087765774848,0,0,16,0,128,256,1,1,50331648,1,1
"KERNEL_DISPATCH","Agent 2",1,0,1123883,1747,35,"rmsnorm_f32",1747,104087751989304,104087752210627,0,0,16,0,128,256,1,1,8388608,1,1
"KERNEL_DISPATCH","Agent 2",1,0,1123883,1742,27,"pack_f32_to_fp8_mq4v2_gfx12",1742,104087730405336,104087731733554,512,0,24,0,128,256,1,1,2097152,1,1
"KERNEL_DISPATCH","Agent 2",1,0,1123883,1737,27,"pack_f32_to_fp8_mq4v2_gfx12",1737,104087702270241,104087702772848,512,0,24,0,128,256,1,1,2097152,1,1
"KERNEL_DISPATCH","Agent 2",1,0,1123883,1732,24,"gated_delta_net_q8_fast",1732,104087698953917,104087699514844,2048,0,64,0,128,32,1,1,1536,32,1
"KERNEL_DISPATCH","Agent 2",1,0,1123883,1727,24,"gated_delta_net_q8_fast",1727,104087696088678,104087696664286,2048,0,64,0,128,32,1,1,1536,32,1
"KERNEL_DISPATCH","Agent 2",1,0,1123883,1722,24,"gated_delta_net_q8_fast",1722,104087693177560,104087693753487,2048,0,64,0,128,32,1,1,1536,32,1
"KERNEL_DISPATCH","Agent 2",1,0,1123883,1717,21,"gemm_qkvza_mq4g256v2_wmma_fp8_v2_b128x128_gfx1201_symfold",1717,104087679184173,104087688743781,0,0,208,0,128,256,1,1,33024,64,1
"KERNEL_DISPATCH","Agent 2",1,0,1123883,1712,30,"gemm_gate_up_mq4g256v2_wmma_fp8_v2_b128x128_gfx1201_symfold",1712,104087643740620,104087664485497,0,0,192,0,128,256,1,1,69632,64,1
"KERNEL_DISPATCH","Agent 2",1,0,1123883,1707,25,"gated_norm_f32",1707,104087637548458,104087638530871,0,0,24,0,128,32,1,1,1536,8192,1
"KERNEL_DISPATCH","Agent 2",1,0,1123883,1702,24,"gated_delta_net_q8_fast",1702,104087634758661,104087635317508,2048,0,64,0,128,32,1,1,1536,32,1
"KERNEL_DISPATCH","Agent 2",1,0,1123883,1697,24,"gated_delta_net_q8_fast",1697,104087631910063,104087632480910,2048,0,64,0,128,32,1,1,1536,32,1
"KERNEL_DISPATCH","Agent 2",1,0,1123883,1692,24,"gated_delta_net_q8_fast",1692,104087629030864,104087629601512,2048,0,64,0,128,32,1,1,1536,32,1
"KERNEL_DISPATCH","Agent 2",1,0,1123883,1687,29,"gemm_mq4g256v2_residual_wmma_fp8_v2_b128x128_gfx1201_symfold",1687,104087605623712,104087615583885,0,0,192,0,128,256,1,1,10240,64,1
"KERNEL_DISPATCH","Agent 2",1,0,1123883,1682,29,"gemm_mq4g256v2_residual_wmma_fp8_v2_b128x128_gfx1201_symfold",1682,104087576728807,104087580087652,0,0,192,0,128,256,1,1,10240,64,1
"KERNEL_DISPATCH","Agent 2",1,0,1123883,1677,24,"gated_delta_net_q8_fast",1677,104087573473563,104087574031251,2048,0,64,0,128,32,1,1,1536,32,1
"KERNEL_DISPATCH","Agent 2",1,0,1123883,1672,24,"gated_delta_net_q8_fast",1672,104087570631765,104087571203773,2048,0,64,0,128,32,1,1,1536,32,1
"KERNEL_DISPATCH","Agent 2",1,0,1123883,1667,24,"gated_delta_net_q8_fast",1667,104087567729527,104087568304774,2048,0,64,0,128,32,1,1,1536,32,1
"KERNEL_DISPATCH","Agent 2",1,0,1123883,1662,22,"gdn_pre_batched_gfx1201",1662,104087562709420,104087565399936,33280,0,224,0,128,256,1,1,2686976,1,1
"KERNEL_DISPATCH","Agent 2",1,0,1123883,1657,31,"fused_silu_mul_mq_rotate_awq",1657,104087538553978,104087541396056,0,0,56,0,128,32,1,1,2176,8192,1
"KERNEL_DISPATCH","Agent 2",1,0,1123883,1652,26,"rotate_x_mq_awq",1652,104087512738913,104087513370242,0,0,80,0,128,32,1,1,768,8192,1
"KERNEL_DISPATCH","Agent 2",1,0,1123883,1647,36,"rope_partial_halfsplit_batched_f32",1647,104087499214573,104087499580618,0,0,16,0,128,32,1,1,32,8192,1
"KERNEL_DISPATCH","Agent 2",1,0,1123883,1642,29,"gemm_mq4g256v2_residual_wmma_fp8_v2_b128x128_gfx1201_symfold",1642,104087478650939,104087488522991,0,0,192,0,128,256,1,1,10240,64,1
"KERNEL_DISPATCH","Agent 2",1,0,1123883,1637,29,"gemm_mq4g256v2_residual_wmma_fp8_v2_b128x128_gfx1201_symfold",1637,104087449670432,104087453014477,0,0,192,0,128,256,1,1,10240,64,1
"KERNEL_DISPATCH","Agent 2",1,0,1123883,1632,24,"gated_delta_net_q8_fast",1632,104087446416269,104087446968636,2048,0,64,0,128,32,1,1,1536,32,1
"KERNEL_DISPATCH","Agent 2",1,0,1123883,1627,24,"gated_delta_net_q8_fast",1627,104087443597111,104087444164879,2048,0,64,0,128,32,1,1,1536,32,1
"KERNEL_DISPATCH","Agent 2",1,0,1123883,1279,20,"fused_rmsnorm_mq_rotate_awq_mq4v2_fp8_gfx12",1279,104086568730925,104086569403894,0,0,96,0,128,256,1,1,2097152,1,1
"KERNEL_DISPATCH","Agent 2",1,0,1123883,1622,24,"gated_delta_net_q8_fast",1622,104087440698353,104087441284161,2048,0,64,0,128,32,1,1,1536,32,1
"KERNEL_DISPATCH","Agent 2",1,0,1123883,1274,24,"gated_delta_net_q8_fast",1274,104086562652244,104086563204571,2048,0,64,0,128,32,1,1,1536,32,1
"KERNEL_DISPATCH","Agent 2",1,0,1123883,1617,22,"gdn_pre_batched_gfx1201",1617,104087435673326,104087438343801,33280,0,224,0,128,256,1,1,2686976,1,1
"KERNEL_DISPATCH","Agent 2",1,0,1123883,1269,24,"gated_delta_net_q8_fast",1269,104086559844446,104086560409014,2048,0,64,0,128,32,1,1,1536,32,1
"KERNEL_DISPATCH","Agent 2",1,0,1123883,1612,31,"fused_silu_mul_mq_rotate_awq",1612,104087411539604,104087414361482,0,0,56,0,128,32,1,1,2176,8192,1
"KERNEL_DISPATCH","Agent 2",1,0,1123883,1264,24,"gated_delta_net_q8_fast",1264,104086556962168,104086557543176,2048,0,64,0,128,32,1,1,1536,32,1
"KERNEL_DISPATCH","Agent 2",1,0,1123883,1607,26,"rotate_x_mq_awq",1607,104087385619098,104087386244307,0,0,80,0,128,32,1,1,768,8192,1
"KERNEL_DISPATCH","Agent 2",1,0,1123883,1259,24,"gated_delta_net_q8_fast",1259,104086554043129,104086554624257,2048,0,64,0,128,32,1,1,1536,32,1
"KERNEL_DISPATCH","Agent 2",1,0,1123883,1602,24,"gated_delta_net_q8_fast",1602,104087382396575,104087382954343,2048,0,64,0,128,32,1,1,1536,32,1
"KERNEL_DISPATCH","Agent 2",1,0,1123883,1254,27,"pack_f32_to_fp8_mq4v2_gfx12",1254,104086530075010,104086531400987,512,0,24,0,128,256,1,1,2097152,1,1
"KERNEL_DISPATCH","Agent 2",1,0,1123883,1597,24,"gated_delta_net_q8_fast",1597,104087379559217,104087380131385,2048,0,64,0,128,32,1,1,1536,32,1
"KERNEL_DISPATCH","Agent 2",1,0,1123883,1249,27,"pack_f32_to_fp8_mq4v2_gfx12",1249,104086502093196,104086502594243,512,0,24,0,128,256,1,1,2097152,1,1
"KERNEL_DISPATCH","Agent 2",1,0,1123883,1592,24,"gated_delta_net_q8_fast",1592,104087376664379,104087377237947,2048,0,64,0,128,32,1,1,1536,32,1
"KERNEL_DISPATCH","Agent 2",1,0,1123883,1244,37,"kv_cache_write_fp8_e4m3_batched",1244,104086488301852,104086488365773,0,0,56,0,128,32,1,1,128,8192,1
"KERNEL_DISPATCH","Agent 2",1,0,1123883,1587,20,"fused_rmsnorm_mq_rotate_awq_mq4v2_fp8_gfx12",1587,104087362700873,104087363380602,0,0,96,0,128,256,1,1,2097152,1,1
"KERNEL_DISPATCH","Agent 2",1,0,1123883,1239,20,"fused_rmsnorm_mq_rotate_awq_mq4v2_fp8_gfx12",1239,104086477148784,104086477832273,0,0,96,0,128,256,1,1,2097152,1,1
"KERNEL_DISPATCH","Agent 2",1,0,1123883,1582,20,"fused_rmsnorm_mq_rotate_awq_mq4v2_fp8_gfx12",1582,104087327220720,104087327894249,0,0,96,0,128,256,1,1,2097152,1,1
"KERNEL_DISPATCH","Agent 2",1,0,1123883,1234,20,"fused_rmsnorm_mq_rotate_awq_mq4v2_fp8_gfx12",1234,104086441793632,104086442466441,0,0,96,0,128,256,1,1,2097152,1,1
"KERNEL_DISPATCH","Agent 2",1,0,1123883,1577,24,"gated_delta_net_q8_fast",1577,104087321162079,104087321712326,2048,0,64,0,128,32,1,1,1536,32,1
"KERNEL_DISPATCH","Agent 2",1,0,1123883,1229,24,"gated_delta_net_q8_fast",1229,104086435730671,104086436285359,2048,0,64,0,128,32,1,1,1536,32,1
"KERNEL_DISPATCH","Agent 2",1,0,1123883,1572,24,"gated_delta_net_q8_fast",1572,104087318349761,104087318914529,2048,0,64,0,128,32,1,1,1536,32,1
"KERNEL_DISPATCH","Agent 2",1,0,1123883,1224,24,"gated_delta_net_q8_fast",1224,104086432904994,104086433472161,2048,0,64,0,128,32,1,1,1536,32,1
"KERNEL_DISPATCH","Agent 2",1,0,1123883,1567,24,"gated_delta_net_q8_fast",1567,104087315457883,104087316041090,2048,0,64,0,128,32,1,1,1536,32,1
"KERNEL_DISPATCH","Agent 2",1,0,1123883,1219,24,"gated_delta_net_q8_fast",1219,104086430012875,104086430592083,2048,0,64,0,128,32,1,1,1536,32,1
"KERNEL_DISPATCH","Agent 2",1,0,1123883,1562,24,"gated_delta_net_q8_fast",1562,104087312511923,104087313100731,2048,0,64,0,128,32,1,1,1536,32,1
"KERNEL_DISPATCH","Agent 2",1,0,1123883,1557,27,"pack_f32_to_fp8_mq4v2_gfx12",1557,104087288553084,104087289881102,512,0,24,0,128,256,1,1,2097152,1,1
"KERNEL_DISPATCH","Agent 2",1,0,1123883,1552,27,"pack_f32_to_fp8_mq4v2_gfx12",1552,104087260685792,104087261182919,512,0,24,0,128,256,1,1,2097152,1,1
"KERNEL_DISPATCH","Agent 2",1,0,1123883,1547,37,"kv_cache_write_fp8_e4m3_batched",1547,104087246897768,104087246961609,0,0,56,0,128,32,1,1,128,8192,1
"KERNEL_DISPATCH","Agent 2",1,0,1123883,1542,20,"fused_rmsnorm_mq_rotate_awq_mq4v2_fp8_gfx12",1542,104087235812341,104087236494950,0,0,96,0,128,256,1,1,2097152,1,1
"KERNEL_DISPATCH","Agent 2",1,0,1123883,1537,20,"fused_rmsnorm_mq_rotate_awq_mq4v2_fp8_gfx12",1537,104087200275707,104087200946756,0,0,96,0,128,256,1,1,2097152,1,1
"KERNEL_DISPATCH","Agent 2",1,0,1123883,1532,24,"gated_delta_net_q8_fast",1532,104087194221546,104087194769753,2048,0,64,0,128,32,1,1,1536,32,1
"KERNEL_DISPATCH","Agent 2",1,0,1123883,1527,24,"gated_delta_net_q8_fast",1527,104087191431029,104087191989756,2048,0,64,0,128,32,1,1,1536,32,1
"KERNEL_DISPATCH","Agent 2",1,0,1123883,1522,24,"gated_delta_net_q8_fast",1522,104087188576231,104087189151878,2048,0,64,0,128,32,1,1,1536,32,1
"KERNEL_DISPATCH","Agent 2",1,0,1123883,1517,24,"gated_delta_net_q8_fast",1517,104087185682592,104087186261840,2048,0,64,0,128,32,1,1,1536,32,1
"KERNEL_DISPATCH","Agent 2",1,0,1123883,1512,27,"pack_f32_to_fp8_mq4v2_gfx12",1512,104087161613711,104087162942609,512,0,24,0,128,256,1,1,2097152,1,1
"KERNEL_DISPATCH","Agent 2",1,0,1123883,1507,27,"pack_f32_to_fp8_mq4v2_gfx12",1507,104087133558137,104087134060704,512,0,24,0,128,256,1,1,2097152,1,1
"KERNEL_DISPATCH","Agent 2",1,0,1123883,1502,24,"gated_delta_net_q8_fast",1502,104087130240293,104087130800580,2048,0,64,0,128,32,1,1,1536,32,1
"KERNEL_DISPATCH","Agent 2",1,0,1123883,1497,24,"gated_delta_net_q8_fast",1497,104087127364814,104087127943662,2048,0,64,0,128,32,1,1,1536,32,1
"KERNEL_DISPATCH","Agent 2",1,0,1123883,1492,24,"gated_delta_net_q8_fast",1492,104087124461256,104087125034983,2048,0,64,0,128,32,1,1,1536,32,1
"KERNEL_DISPATCH","Agent 2",1,0,1123883,1487,21,"gemm_qkvza_mq4g256v2_wmma_fp8_v2_b128x128_gfx1201_symfold",1487,104087110595751,104087120035637,0,0,208,0,128,256,1,1,33024,64,1
"KERNEL_DISPATCH","Agent 2",1,0,1123883,1482,30,"gemm_gate_up_mq4g256v2_wmma_fp8_v2_b128x128_gfx1201_symfold",1482,104087075092797,104087095809314,0,0,192,0,128,256,1,1,69632,64,1
"KERNEL_DISPATCH","Agent 2",1,0,1123883,1477,25,"gated_norm_f32",1477,104087068930395,104087069912888,0,0,24,0,128,32,1,1,1536,8192,1
"KERNEL_DISPATCH","Agent 2",1,0,1123883,1472,24,"gated_delta_net_q8_fast",1472,104087066135838,104087066696365,2048,0,64,0,128,32,1,1,1536,32,1
"KERNEL_DISPATCH","Agent 2",1,0,1123883,1467,24,"gated_delta_net_q8_fast",1467,104087063256000,104087063834167,2048,0,64,0,128,32,1,1,1536,32,1
"KERNEL_DISPATCH","Agent 2",1,0,1123883,2471,55,"gemv_mq4g256v2_multirow_r2",2471,104089578281777,104089579370631,0,0,96,0,128,32,1,1,3973120,1,1
"KERNEL_DISPATCH","Agent 2",1,0,1123883,1438,31,"fused_silu_mul_mq_rotate_awq",1438,104086968706099,104086971548657,0,0,56,0,128,32,1,1,2176,8192,1
"KERNEL_DISPATCH","Agent 2",1,0,1123883,1433,26,"rotate_x_mq_awq",1433,104086942769753,104086943395521,0,0,80,0,128,32,1,1,768,8192,1
"KERNEL_DISPATCH","Agent 2",1,0,1123883,2466,27,"pack_f32_to_fp8_mq4v2_gfx12",2466,104089566937906,104089568267084,512,0,24,0,128,256,1,1,2097152,1,1
"KERNEL_DISPATCH","Agent 2",1,0,1123883,2461,27,"pack_f32_to_fp8_mq4v2_gfx12",2461,104089538984254,104089539482740,512,0,24,0,128,256,1,1,2097152,1,1
"KERNEL_DISPATCH","Agent 2",1,0,1123883,2456,37,"kv_cache_write_fp8_e4m3_batched",2456,104089525061468,104089525124429,0,0,56,0,128,32,1,1,128,8192,1
"KERNEL_DISPATCH","Agent 2",1,0,1123883,1428,24,"gated_delta_net_q8_fast",1428,104086939553830,104086940108877,2048,0,64,0,128,32,1,1,1536,32,1
"KERNEL_DISPATCH","Agent 2",1,0,1123883,1423,24,"gated_delta_net_q8_fast",1423,104086936718512,104086937288800,2048,0,64,0,128,32,1,1,1536,32,1
"KERNEL_DISPATCH","Agent 2",1,0,1123883,2451,20,"fused_rmsnorm_mq_rotate_awq_mq4v2_fp8_gfx12",2451,104089513904359,104089514588128,0,0,96,0,128,256,1,1,2097152,1,1
"KERNEL_DISPATCH","Agent 2",1,0,1123883,1418,24,"gated_delta_net_q8_fast",1418,104086933844354,104086934412961,2048,0,64,0,128,32,1,1,1536,32,1
"KERNEL_DISPATCH","Agent 2",1,0,1123883,2446,20,"fused_rmsnorm_mq_rotate_awq_mq4v2_fp8_gfx12",2446,104089478435806,104089479111335,0,0,96,0,128,256,1,1,2097152,1,1
"KERNEL_DISPATCH","Agent 2",1,0,1123883,1413,20,"fused_rmsnorm_mq_rotate_awq_mq4v2_fp8_gfx12",1413,104086919870887,104086920551777,0,0,96,0,128,256,1,1,2097152,1,1
"KERNEL_DISPATCH","Agent 2",1,0,1123883,2441,24,"gated_delta_net_q8_fast",2441,104089472363765,104089472915933,2048,0,64,0,128,32,1,1,1536,32,1
"KERNEL_DISPATCH","Agent 2",1,0,1123883,2436,24,"gated_delta_net_q8_fast",2436,104089469552768,104089470116535,2048,0,64,0,128,32,1,1,1536,32,1
"KERNEL_DISPATCH","Agent 2",1,0,1123883,2431,24,"gated_delta_net_q8_fast",2431,104089466666689,104089467245617,2048,0,64,0,128,32,1,1,1536,32,1
"KERNEL_DISPATCH","Agent 2",1,0,1123883,1408,20,"fused_rmsnorm_mq_rotate_awq_mq4v2_fp8_gfx12",1408,104086884397054,104086885069023,0,0,96,0,128,256,1,1,2097152,1,1
"KERNEL_DISPATCH","Agent 2",1,0,1123883,2426,24,"gated_delta_net_q8_fast",2426,104089463768411,104089464347258,2048,0,64,0,128,32,1,1,1536,32,1
"KERNEL_DISPATCH","Agent 2",1,0,1123883,1214,24,"gated_delta_net_q8_fast",1214,104086427091876,104086427676764,2048,0,64,0,128,32,1,1,1536,32,1
"KERNEL_DISPATCH","Agent 2",1,0,1123883,2421,27,"pack_f32_to_fp8_mq4v2_gfx12",2421,104089439597528,104089440928226,512,0,24,0,128,256,1,1,2097152,1,1
"KERNEL_DISPATCH","Agent 2",1,0,1123883,1209,27,"pack_f32_to_fp8_mq4v2_gfx12",1209,104086403174717,104086404502055,512,0,24,0,128,256,1,1,2097152,1,1
"KERNEL_DISPATCH","Agent 2",1,0,1123883,1204,27,"pack_f32_to_fp8_mq4v2_gfx12",1204,104086375136663,104086375637430,512,0,24,0,128,256,1,1,2097152,1,1
"KERNEL_DISPATCH","Agent 2",1,0,1123883,1403,24,"gated_delta_net_q8_fast",1403,104086878339094,104086878889101,2048,0,64,0,128,32,1,1,1536,32,1
"KERNEL_DISPATCH","Agent 2",1,0,1123883,1199,24,"gated_delta_net_q8_fast",1199,104086371819699,104086372381947,2048,0,64,0,128,32,1,1,1536,32,1
"KERNEL_DISPATCH","Agent 2",1,0,1123883,2416,27,"pack_f32_to_fp8_mq4v2_gfx12",2416,104089411418793,104089411918799,512,0,24,0,128,256,1,1,2097152,1,1
"KERNEL_DISPATCH","Agent 2",1,0,1123883,1398,24,"gated_delta_net_q8_fast",1398,104086875533776,104086876096144,2048,0,64,0,128,32,1,1,1536,32,1
"KERNEL_DISPATCH","Agent 2",1,0,1123883,1393,24,"gated_delta_net_q8_fast",1393,104086872659258,104086873237506,2048,0,64,0,128,32,1,1,1536,32,1
"KERNEL_DISPATCH","Agent 2",1,0,1123883,2411,24,"gated_delta_net_q8_fast",2411,104089408106988,104089408665316,2048,0,64,0,128,32,1,1,1536,32,1
"KERNEL_DISPATCH","Agent 2",1,0,1123883,1388,24,"gated_delta_net_q8_fast",1388,104086869736659,104086870320827,2048,0,64,0,128,32,1,1,1536,32,1
"KERNEL_DISPATCH","Agent 2",1,0,1123883,1383,27,"pack_f32_to_fp8_mq4v2_gfx12",1383,104086845783820,104086847112317,512,0,24,0,128,256,1,1,2097152,1,1
"KERNEL_DISPATCH","Agent 2",1,0,1123883,1462,24,"gated_delta_net_q8_fast",1462,104087060351921,104087060926608,2048,0,64,0,128,32,1,1,1536,32,1
"KERNEL_DISPATCH","Agent 2",1,0,1123883,1457,29,"gemm_mq4g256v2_residual_wmma_fp8_v2_b128x128_gfx1201_symfold",1457,104087037120971,104087046833061,0,0,192,0,128,256,1,1,10240,64,1
"KERNEL_DISPATCH","Agent 2",1,0,1123883,2406,24,"gated_delta_net_q8_fast",2406,104089405261150,104089405832318,2048,0,64,0,128,32,1,1,1536,32,1
"KERNEL_DISPATCH","Agent 2",1,0,1123883,883,24,"gated_delta_net_q8_fast",883,104085612979820,104085613529627,2048,0,64,0,128,32,1,1,1536,32,1
"KERNEL_DISPATCH","Agent 2",1,0,1123883,2401,24,"gated_delta_net_q8_fast",2401,104089402329671,104089402919959,2048,0,64,0,128,32,1,1,1536,32,1
"KERNEL_DISPATCH","Agent 2",1,0,1123883,2472,15,"__amd_rocclr_fillBufferUnAligned",2472,104089579453802,104089579456282,0,0,8,0,128,256,1,1,8192,1,1
"KERNEL_DISPATCH","Agent 2",1,0,1123883,1194,24,"gated_delta_net_q8_fast",1194,104086368942781,104086369515788,2048,0,64,0,128,32,1,1,1536,32,1
"KERNEL_DISPATCH","Agent 2",1,0,1123883,2396,21,"gemm_qkvza_mq4g256v2_wmma_fp8_v2_b128x128_gfx1201_symfold",2396,104089388347245,104089397824131,0,0,208,0,128,256,1,1,33024,64,1
"KERNEL_DISPATCH","Agent 2",1,0,1123883,1189,24,"gated_delta_net_q8_fast",1189,104086366091463,104086366655750,2048,0,64,0,128,32,1,1,1536,32,1
"KERNEL_DISPATCH","Agent 2",1,0,1123883,1452,29,"gemm_mq4g256v2_residual_wmma_fp8_v2_b128x128_gfx1201_symfold",1452,104087008321107,104087011652871,0,0,192,0,128,256,1,1,10240,64,1
"KERNEL_DISPATCH","Agent 2",1,0,1123883,1447,37,"kv_cache_write_fp8_e4m3_batched",1447,104086993970276,104086994056557,0,0,56,0,128,32,1,1,128,8192,1
"KERNEL_DISPATCH","Agent 2",1,0,1123883,2391,30,"gemm_gate_up_mq4g256v2_wmma_fp8_v2_b128x128_gfx1201_symfold",2391,104089352826091,104089373617809,0,0,192,0,128,256,1,1,69632,64,1
"KERNEL_DISPATCH","Agent 2",1,0,1123883,2386,25,"gated_norm_f32",2386,104089346621489,104089347603822,0,0,24,0,128,32,1,1,1536,8192,1
"KERNEL_DISPATCH","Agent 2",1,0,1123883,1442,32,"gemm_qkv_mq4g256v2_wmma_fp8_v2_b128x128_gfx1201_symfold",1442,104086983515376,104086991896728,0,0,192,0,128,256,1,1,28672,64,1
"KERNEL_DISPATCH","Agent 2",1,0,1123883,2381,24,"gated_delta_net_q8_fast",2381,104089343829291,104089344388419,2048,0,64,0,128,32,1,1,1536,32,1
"KERNEL_DISPATCH","Agent 2",1,0,1123883,1437,30,"gemm_gate_up_mq4g256v2_wmma_fp8_v2_b128x128_gfx1201_symfold",1437,104086947954182,104086968693939,0,0,192,0,128,256,1,1,69632,64,1
"KERNEL_DISPATCH","Agent 2",1,0,1123883,2376,24,"gated_delta_net_q8_fast",2376,104089340980973,104089341552141,2048,0,64,0,128,32,1,1,1536,32,1
"KERNEL_DISPATCH","Agent 2",1,0,1123883,1432,25,"gated_norm_f32",1432,104086941774540,104086942757673,0,0,24,0,128,32,1,1,1536,8192,1
"KERNEL_DISPATCH","Agent 2",1,0,1123883,2371,24,"gated_delta_net_q8_fast",2371,104089338074735,104089338652342,2048,0,64,0,128,32,1,1,1536,32,1
"KERNEL_DISPATCH","Agent 2",1,0,1123883,2366,29,"gemm_mq4g256v2_residual_wmma_fp8_v2_b128x128_gfx1201_symfold",2366,104089314732503,104089324711796,0,0,192,0,128,256,1,1,10240,64,1
"KERNEL_DISPATCH","Agent 2",1,0,1123883,2473,15,"__amd_rocclr_fillBufferUnAligned",2473,104089579524483,104089579526163,0,0,8,0,128,256,1,1,8192,1,1
"KERNEL_DISPATCH","Agent 2",1,0,1123883,2361,29,"gemm_mq4g256v2_residual_wmma_fp8_v2_b128x128_gfx1201_symfold",2361,104089285853518,104089289204683,0,0,192,0,128,256,1,1,10240,64,1
"KERNEL_DISPATCH","Agent 2",1,0,1123883,1378,27,"pack_f32_to_fp8_mq4v2_gfx12",1378,104086817597964,104086818101810,512,0,24,0,128,256,1,1,2097152,1,1
"KERNEL_DISPATCH","Agent 2",1,0,1123883,2356,37,"kv_cache_write_fp8_e4m3_batched",2356,104089271314084,104089271400885,0,0,56,0,128,32,1,1,128,8192,1
"KERNEL_DISPATCH","Agent 2",1,0,1123883,2351,32,"gemm_qkv_mq4g256v2_wmma_fp8_v2_b128x128_gfx1201_symfold",2351,104089260793824,104089269236577,0,0,192,0,128,256,1,1,28672,64,1
"KERNEL_DISPATCH","Agent 2",1,0,1123883,2346,30,"gemm_gate_up_mq4g256v2_wmma_fp8_v2_b128x128_gfx1201_symfold",2346,104089225436833,104089246147629,0,0,192,0,128,256,1,1,69632,64,1
"KERNEL_DISPATCH","Agent 2",1,0,1123883,1373,24,"gated_delta_net_q8_fast",1373,104086814289560,104086814845807,2048,0,64,0,128,32,1,1,1536,32,1
"KERNEL_DISPATCH","Agent 2",1,0,1123883,2341,25,"gated_norm_f32",2341,104089219224910,104089220207163,0,0,24,0,128,32,1,1,1536,8192,1
"KERNEL_DISPATCH","Agent 2",1,0,1123883,1368,24,"gated_delta_net_q8_fast",1368,104086811443962,104086812015369,2048,0,64,0,128,32,1,1,1536,32,1
"KERNEL_DISPATCH","Agent 2",1,0,1123883,1363,24,"gated_delta_net_q8_fast",1363,104086808533883,104086809112291,2048,0,64,0,128,32,1,1,1536,32,1
"KERNEL_DISPATCH","Agent 2",1,0,1123883,1358,21,"gemm_qkvza_mq4g256v2_wmma_fp8_v2_b128x128_gfx1201_symfold",1358,104086794492576,104086804086183,0,0,208,0,128,256,1,1,33024,64,1
"KERNEL_DISPATCH","Agent 2",1,0,1123883,2476,15,"__amd_rocclr_fillBufferUnAligned",2476,104089579554604,104089579556404,0,0,8,0,128,256,1,1,8192,1,1
"KERNEL_DISPATCH","Agent 2",1,0,1123883,2336,24,"gated_delta_net_q8_fast",2336,104089216417672,104089216978840,2048,0,64,0,128,32,1,1,1536,32,1
"KERNEL_DISPATCH","Agent 2",1,0,1123883,2331,24,"gated_delta_net_q8_fast",2331,104089213534074,104089214114202,2048,0,64,0,128,32,1,1,1536,32,1
"KERNEL_DISPATCH","Agent 2",1,0,1123883,2326,24,"gated_delta_net_q8_fast",2326,104089210635235,104089211208803,2048,0,64,0,128,32,1,1,1536,32,1
"KERNEL_DISPATCH","Agent 2",1,0,1123883,2321,29,"gemm_mq4g256v2_residual_wmma_fp8_v2_b128x128_gfx1201_symfold",2321,104089187267964,104089197218536,0,0,192,0,128,256,1,1,10240,64,1
"KERNEL_DISPATCH","Agent 2",1,0,1123883,2478,15,"__amd_rocclr_fillBufferUnAligned",2478,104089579565044,104089579566924,0,0,8,0,128,256,1,1,8192,1,1
"KERNEL_DISPATCH","Agent 2",1,0,1123883,2316,29,"gemm_mq4g256v2_residual_wmma_fp8_v2_b128x128_gfx1201_symfold",2316,104089158283377,104089161631142,0,0,192,0,128,256,1,1,10240,64,1
"KERNEL_DISPATCH","Agent 2",1,0,1123883,1353,30,"gemm_gate_up_mq4g256v2_wmma_fp8_v2_b128x128_gfx1201_symfold",1353,104086759402708,104086779950222,0,0,192,0,128,256,1,1,69632,64,1
"KERNEL_DISPATCH","Agent 2",1,0,1123883,2311,24,"gated_delta_net_q8_fast",2311,104089155029334,104089155586821,2048,0,64,0,128,32,1,1,1536,32,1
"KERNEL_DISPATCH","Agent 2",1,0,1123883,2306,24,"gated_delta_net_q8_fast",2306,104089152187176,104089152757943,2048,0,64,0,128,32,1,1,1536,32,1
"KERNEL_DISPATCH","Agent 2",1,0,1123883,1184,21,"gemm_qkvza_mq4g256v2_wmma_fp8_v2_b128x128_gfx1201_symfold",1184,104086352263518,104086361686364,0,0,208,0,128,256,1,1,33024,64,1
"KERNEL_DISPATCH","Agent 2",1,0,1123883,1348,49,"sigmoid_mul_f32",1348,104086753245906,104086754219519,0,0,16,0,128,256,1,1,50331648,1,1
"KERNEL_DISPATCH","Agent 2",1,0,1123883,1343,35,"rmsnorm_f32",1343,104086740311693,104086740530896,0,0,16,0,128,256,1,1,8388608,1,1
"KERNEL_DISPATCH","Agent 2",1,0,1123883,2479,15,"__amd_rocclr_fillBufferUnAligned",2479,104089579582164,104089579584084,0,0,8,0,128,256,1,1,8192,1,1
"KERNEL_DISPATCH","Agent 2",1,0,1123883,1427,24,"gated_delta_net_q8_fast",1427,104086938992142,104086939550630,2048,0,64,0,128,32,1,1,1536,32,1
"KERNEL_DISPATCH","Agent 2",1,0,1123883,2474,15,"__amd_rocclr_fillBufferUnAligned",2474,104089579542124,104089579544364,0,0,8,0,128,256,1,1,8192,1,1
"KERNEL_DISPATCH","Agent 2",1,0,1123883,1179,30,"gemm_gate_up_mq4g256v2_wmma_fp8_v2_b128x128_gfx1201_symfold",1179,104086316793325,104086337475281,0,0,192,0,128,256,1,1,69632,64,1
"KERNEL_DISPATCH","Agent 2",1,0,1123883,2481,15,"__amd_rocclr_fillBufferUnAligned",2481,104089579593364,104089579595084,0,0,8,0,128,256,1,1,8192,1,1
"KERNEL_DISPATCH","Agent 2",1,0,1123883,2301,24,"gated_delta_net_q8_fast",2301,104089149265617,104089149851545,2048,0,64,0,128,32,1,1,1536,32,1
"KERNEL_DISPATCH","Agent 2",1,0,1123883,1174,25,"gated_norm_f32",1174,104086310607323,104086311591216,0,0,24,0,128,32,1,1,1536,8192,1
"KERNEL_DISPATCH","Agent 2",1,0,1123883,2296,22,"gdn_pre_batched_gfx1201",2296,104089144249310,104089146919945,33280,0,224,0,128,256,1,1,2686976,1,1
"KERNEL_DISPATCH","Agent 2",1,0,1123883,1169,24,"gated_delta_net_q8_fast",1169,104086307786005,104086308353133,2048,0,64,0,128,32,1,1,1536,32,1
"KERNEL_DISPATCH","Agent 2",1,0,1123883,2291,31,"fused_silu_mul_mq_rotate_awq",2291,104089120116588,104089122938746,0,0,56,0,128,32,1,1,2176,8192,1
"KERNEL_DISPATCH","Agent 2",1,0,1123883,2483,15,"__amd_rocclr_fillBufferUnAligned",2483,104089579604484,104089579606124,0,0,8,0,128,256,1,1,8192,1,1
"KERNEL_DISPATCH","Agent 2",1,0,1123883,1338,27,"pack_f32_to_fp8_mq4v2_gfx12",1338,104086718717965,104086720045663,512,0,24,0,128,256,1,1,2097152,1,1
"KERNEL_DISPATCH","Agent 2",1,0,1123883,2286,26,"rotate_x_mq_awq",2286,104089094152122,104089094792570,0,0,80,0,128,32,1,1,768,8192,1
"KERNEL_DISPATCH","Agent 2",1,0,1123883,2281,24,"gated_delta_net_q8_fast",2281,104089090909599,104089091469966,2048,0,64,0,128,32,1,1,1536,32,1
"KERNEL_DISPATCH","Agent 2",1,0,1123883,1333,27,"pack_f32_to_fp8_mq4v2_gfx12",1333,104086690567910,104086691069276,512,0,24,0,128,256,1,1,2097152,1,1
"KERNEL_DISPATCH","Agent 2",1,0,1123883,1328,24,"gated_delta_net_q8_fast",1328,104086687262426,104086687819033,2048,0,64,0,128,32,1,1,1536,32,1
"KERNEL_DISPATCH","Agent 2",1,0,1123883,1323,24,"gated_delta_net_q8_fast",1323,104086684424268,104086684994195,2048,0,64,0,128,32,1,1,1536,32,1
"KERNEL_DISPATCH","Agent 2",1,0,1123883,2486,15,"__amd_rocclr_fillBufferUnAligned",2486,104089579620085,104089579622125,0,0,8,0,128,256,1,1,8192,1,1
"KERNEL_DISPATCH","Agent 2",1,0,1123883,1318,24,"gated_delta_net_q8_fast",1318,104086681511429,104086682099437,2048,0,64,0,128,32,1,1,1536,32,1
"KERNEL_DISPATCH","Agent 2",1,0,1123883,2276,24,"gated_delta_net_q8_fast",2276,104089088057681,104089088628848,2048,0,64,0,128,32,1,1,1536,32,1
"KERNEL_DISPATCH","Agent 2",1,0,1123883,2271,24,"gated_delta_net_q8_fast",2271,104089085127601,104089085714329,2048,0,64,0,128,32,1,1,1536,32,1
"KERNEL_DISPATCH","Agent 2",1,0,1123883,2266,20,"fused_rmsnorm_mq_rotate_awq_mq4v2_fp8_gfx12",2266,104089071108415,104089071790384,0,0,96,0,128,256,1,1,2097152,1,1
"KERNEL_DISPATCH","Agent 2",1,0,1123883,2261,20,"fused_rmsnorm_mq_rotate_awq_mq4v2_fp8_gfx12",2261,104089035805944,104089036478273,0,0,96,0,128,256,1,1,2097152,1,1
"KERNEL_DISPATCH","Agent 2",1,0,1123883,2488,15,"__amd_rocclr_fillBufferUnAligned",2488,104089579642965,104089579645045,0,0,8,0,128,256,1,1,8192,1,1
"KERNEL_DISPATCH","Agent 2",1,0,1123883,2256,41,"attention_fp8_e4m3_fa2_gqa_packet_gfx1201",2256,104089018315551,104089030286990,0,0,240,0,128,256,1,1,6144,4,16
"KERNEL_DISPATCH","Agent 2",1,0,1123883,1313,21,"gemm_qkvza_mq4g256v2_wmma_fp8_v2_b128x128_gfx1201_symfold",1313,104086667609444,104086677040409,0,0,208,0,128,256,1,1,33024,64,1
"KERNEL_DISPATCH","Agent 2",1,0,1123883,1308,30,"gemm_gate_up_mq4g256v2_wmma_fp8_v2_b128x128_gfx1201_symfold",1308,104086632261692,104086652910408,0,0,192,0,128,256,1,1,69632,64,1
"KERNEL_DISPATCH","Agent 2",1,0,1123883,1303,25,"gated_norm_f32",1303,104086626045929,104086627028622,0,0,24,0,128,32,1,1,1536,8192,1
"KERNEL_DISPATCH","Agent 2",1,0,1123883,2491,15,"__amd_rocclr_fillBufferUnAligned",2491,104089579660005,104089579661725,0,0,8,0,128,256,1,1,8192,1,1
"KERNEL_DISPATCH","Agent 2",1,0,1123883,2482,15,"__amd_rocclr_fillBufferUnAligned",2482,104089579598564,104089579600484,0,0,8,0,128,256,1,1,8192,1,1
"KERNEL_DISPATCH","Agent 2",1,0,1123883,2251,33,"deinterleave_q_rmsnorm_f32_batched",2251,104089016161762,104089017552660,0,0,24,0,128,256,1,1,6144,8192,1
"KERNEL_DISPATCH","Agent 2",1,0,1123883,2492,15,"__amd_rocclr_fillBufferUnAligned",2492,104089579665245,104089579667125,0,0,8,0,128,256,1,1,8192,1,1
"KERNEL_DISPATCH","Agent 2",1,0,1123883,2246,31,"fused_silu_mul_mq_rotate_awq",2246,104088992953972,104088995791370,0,0,56,0,128,32,1,1,2176,8192,1
"KERNEL_DISPATCH","Agent 2",1,0,1123883,2487,15,"__amd_rocclr_fillBufferUnAligned",2487,104089579637005,104089579639005,0,0,8,0,128,256,1,1,8192,1,1
"KERNEL_DISPATCH","Agent 2",1,0,1123883,2477,15,"__amd_rocclr_fillBufferUnAligned",2477,104089579559884,104089579561564,0,0,8,0,128,256,1,1,8192,1,1
"KERNEL_DISPATCH","Agent 2",1,0,1123883,2493,15,"__amd_rocclr_fillBufferUnAligned",2493,104089579670605,104089579672285,0,0,8,0,128,256,1,1,8192,1,1
"KERNEL_DISPATCH","Agent 2",1,0,1123883,2484,15,"__amd_rocclr_fillBufferUnAligned",2484,104089579609564,104089579611364,0,0,8,0,128,256,1,1,8192,1,1
"KERNEL_DISPATCH","Agent 2",1,0,1123883,2241,26,"rotate_x_mq_awq",2241,104088967037227,104088967678235,0,0,80,0,128,32,1,1,768,8192,1
"KERNEL_DISPATCH","Agent 2",1,0,1123883,2236,24,"gated_delta_net_q8_fast",2236,104088963782063,104088964347631,2048,0,64,0,128,32,1,1,1536,32,1
"KERNEL_DISPATCH","Agent 2",1,0,1123883,2494,15,"__amd_rocclr_fillBufferUnAligned",2494,104089579675725,104089579677645,0,0,8,0,128,256,1,1,8192,1,1
"KERNEL_DISPATCH","Agent 2",1,0,1123883,1422,24,"gated_delta_net_q8_fast",1422,104086936142704,104086936715232,2048,0,64,0,128,32,1,1,1536,32,1
"KERNEL_DISPATCH","Agent 2",1,0,1123883,2231,24,"gated_delta_net_q8_fast",2231,104088960901065,104088961480953,2048,0,64,0,128,32,1,1,1536,32,1
"KERNEL_DISPATCH","Agent 2",1,0,1123883,2489,15,"__amd_rocclr_fillBufferUnAligned",2489,104089579649325,104089579650965,0,0,8,0,128,256,1,1,8192,1,1
"KERNEL_DISPATCH","Agent 2",1,0,1123883,2226,24,"gated_delta_net_q8_fast",2226,104088957981386,104088958558794,2048,0,64,0,128,32,1,1,1536,32,1
"KERNEL_DISPATCH","Agent 2",1,0,1123883,2496,15,"__amd_rocclr_fillBufferUnAligned",2496,104089579697766,104089579700006,0,0,8,0,128,256,1,1,8192,1,1
"KERNEL_DISPATCH","Agent 2",1,0,1123883,2221,20,"fused_rmsnorm_mq_rotate_awq_mq4v2_fp8_gfx12",2221,104088943948719,104088944629448,0,0,96,0,128,256,1,1,2097152,1,1
"KERNEL_DISPATCH","Agent 2",1,0,1123883,2501,15,"__amd_rocclr_fillBufferUnAligned",2501,104089579724646,104089579726366,0,0,8,0,128,256,1,1,8192,1,1
"KERNEL_DISPATCH","Agent 2",1,0,1123883,2216,20,"fused_rmsnorm_mq_rotate_awq_mq4v2_fp8_gfx12",2216,104088908551887,104088909224776,0,0,96,0,128,256,1,1,2097152,1,1
"KERNEL_DISPATCH","Agent 2",1,0,1123883,2211,24,"gated_delta_net_q8_fast",2211,104088902485726,104088903039653,2048,0,64,0,128,32,1,1,1536,32,1
"KERNEL_DISPATCH","Agent 2",1,0,1123883,2206,24,"gated_delta_net_q8_fast",2206,104088899658648,104088900227696,2048,0,64,0,128,32,1,1,1536,32,1
"KERNEL_DISPATCH","Agent 2",1,0,1123883,2201,24,"gated_delta_net_q8_fast",2201,104088896757050,104088897336017,2048,0,64,0,128,32,1,1,1536,32,1
"KERNEL_DISPATCH","Agent 2",1,0,1123883,1164,24,"gated_delta_net_q8_fast",1164,104086304892607,104086305475654,2048,0,64,0,128,32,1,1,1536,32,1
"KERNEL_DISPATCH","Agent 2",1,0,1123883,1298,24,"gated_delta_net_q8_fast",1298,104086623271612,104086623827260,2048,0,64,0,128,32,1,1,1536,32,1
"KERNEL_DISPATCH","Agent 2",1,0,1123883,2196,24,"gated_delta_net_q8_fast",2196,104088893848931,104088894430978,2048,0,64,0,128,32,1,1,1536,32,1
"KERNEL_DISPATCH","Agent 2",1,0,1123883,2503,15,"__amd_rocclr_fillBufferUnAligned",2503,104089579734966,104089579736686,0,0,8,0,128,256,1,1,8192,1,1
"KERNEL_DISPATCH","Agent 2",1,0,1123883,2498,15,"__amd_rocclr_fillBufferUnAligned",2498,104089579708886,104089579710806,0,0,8,0,128,256,1,1,8192,1,1
"KERNEL_DISPATCH","Agent 2",1,0,1123883,1293,24,"gated_delta_net_q8_fast",1293,104086620431214,104086621001262,2048,0,64,0,128,32,1,1,1536,32,1
"KERNEL_DISPATCH","Agent 2",1,0,1123883,2506,15,"__amd_rocclr_fillBufferUnAligned",2506,104089579750766,104089579763846,0,0,8,0,128,256,1,1,8192,1,1
"KERNEL_DISPATCH","Agent 2",1,0,1123883,2191,27,"pack_f32_to_fp8_mq4v2_gfx12",2191,104088869821290,104088871151068,512,0,24,0,128,256,1,1,2097152,1,1
"KERNEL_DISPATCH","Agent 2",1,0,1123883,1417,24,"gated_delta_net_q8_fast",1417,104086933272786,104086933840834,2048,0,64,0,128,32,1,1,1536,32,1
"KERNEL_DISPATCH","Agent 2",1,0,1123883,2186,27,"pack_f32_to_fp8_mq4v2_gfx12",2186,104088841701555,104088842207082,512,0,24,0,128,256,1,1,2097152,1,1
"KERNEL_DISPATCH","Agent 2",1,0,1123883,1549,41,"attention_fp8_e4m3_fa2_gqa_packet_gfx1201",1549,104087247056171,104087259043290,0,0,240,0,128,256,1,1,6144,4,16
"KERNEL_DISPATCH","Agent 2",1,0,1123883,2077,24,"gated_delta_net_q8_fast",2077,104088583647074,104088584214442,2048,0,64,0,128,32,1,1,1536,32,1
"KERNEL_DISPATCH","Agent 2",1,0,1123883,2554,15,"__amd_rocclr_fillBufferUnAligned",2554,104089580160372,104089580161972,0,0,8,0,128,256,1,1,1536,1,1
"KERNEL_DISPATCH","Agent 2",1,0,1123883,2549,15,"__amd_rocclr_fillBufferUnAligned",2549,104089580104251,104089580105691,0,0,8,0,128,256,1,1,1536,1,1
"KERNEL_DISPATCH","Agent 2",1,0,1123883,2544,15,"__amd_rocclr_fillBufferUnAligned",2544,104089580066291,104089580068051,0,0,8,0,128,256,1,1,1536,1,1
"KERNEL_DISPATCH","Agent 2",1,0,1123883,2539,15,"__amd_rocclr_fillBufferUnAligned",2539,104089580016770,104089580018450,0,0,8,0,128,256,1,1,1536,1,1
"KERNEL_DISPATCH","Agent 2",1,0,1123883,2507,15,"__amd_rocclr_fillBufferUnAligned",2507,104089579767567,104089579769407,0,0,8,0,128,256,1,1,8192,1,1
"KERNEL_DISPATCH","Agent 2",1,0,1123883,2508,15,"__amd_rocclr_fillBufferUnAligned",2508,104089579773247,104089579775087,0,0,8,0,128,256,1,1,8192,1,1
"KERNEL_DISPATCH","Agent 2",1,0,1123883,2557,15,"__amd_rocclr_fillBufferUnAligned",2557,104089580176172,104089580177972,0,0,8,0,128,256,1,1,1536,1,1
"KERNEL_DISPATCH","Agent 2",1,0,1123883,2552,15,"__amd_rocclr_fillBufferUnAligned",2552,104089580132851,104089580134491,0,0,8,0,128,256,1,1,1536,1,1
"KERNEL_DISPATCH","Agent 2",1,0,1123883,2547,15,"__amd_rocclr_fillBufferUnAligned",2547,104089580093211,104089580094771,0,0,8,0,128,256,1,1,1536,1,1
"KERNEL_DISPATCH","Agent 2",1,0,1123883,2558,15,"__amd_rocclr_fillBufferUnAligned",2558,104089580194332,104089580196012,0,0,8,0,128,256,1,1,1536,1,1
"KERNEL_DISPATCH","Agent 2",1,0,1123883,2542,15,"__amd_rocclr_fillBufferUnAligned",2542,104089580043890,104089580045450,0,0,8,0,128,256,1,1,1536,1,1
"KERNEL_DISPATCH","Agent 2",1,0,1123883,2553,15,"__amd_rocclr_fillBufferUnAligned",2553,104089580138051,104089580140052,0,0,8,0,128,256,1,1,1536,1,1
"KERNEL_DISPATCH","Agent 2",1,0,1123883,2548,15,"__amd_rocclr_fillBufferUnAligned",2548,104089580098771,104089580100291,0,0,8,0,128,256,1,1,1536,1,1
"KERNEL_DISPATCH","Agent 2",1,0,1123883,2537,15,"__amd_rocclr_fillBufferUnAligned",2537,104089579995210,104089580007650,0,0,8,0,128,256,1,1,1536,1,1
"KERNEL_DISPATCH","Agent 2",1,0,1123883,2543,15,"__amd_rocclr_fillBufferUnAligned",2543,104089580049490,104089580051290,0,0,8,0,128,256,1,1,1536,1,1
"KERNEL_DISPATCH","Agent 2",1,0,1123883,2538,15,"__amd_rocclr_fillBufferUnAligned",2538,104089580011570,104089580013130,0,0,8,0,128,256,1,1,1536,1,1
"KERNEL_DISPATCH","Agent 2",1,0,1123883,2533,15,"__amd_rocclr_fillBufferUnAligned",2533,104089579974649,104089579976249,0,0,8,0,128,256,1,1,1536,1,1
"KERNEL_DISPATCH","Agent 2",1,0,1123883,2528,15,"__amd_rocclr_fillBufferUnAligned",2528,104089579937969,104089579939449,0,0,8,0,128,256,1,1,1536,1,1
"KERNEL_DISPATCH","Agent 2",1,0,1123883,2562,15,"__amd_rocclr_fillBufferUnAligned",2562,104089580222173,104089580223533,0,0,8,0,128,256,1,1,1536,1,1
"KERNEL_DISPATCH","Agent 2",1,0,1123883,2532,15,"__amd_rocclr_fillBufferUnAligned",2532,104089579969209,104089579970809,0,0,8,0,128,256,1,1,1536,1,1
"KERNEL_DISPATCH","Agent 2",1,0,1123883,2527,15,"__amd_rocclr_fillBufferUnAligned",2527,104089579933089,104089579934529,0,0,8,0,128,256,1,1,1536,1,1
"KERNEL_DISPATCH","Agent 2",1,0,1123883,2522,15,"__amd_rocclr_fillBufferUnAligned",2522,104089579895808,104089579897368,0,0,8,0,128,256,1,1,1536,1,1
"KERNEL_DISPATCH","Agent 2",1,0,1123883,2563,15,"__amd_rocclr_fillBufferUnAligned",2563,104089580227373,104089580228773,0,0,8,0,128,256,1,1,1536,1,1
"KERNEL_DISPATCH","Agent 2",1,0,1123883,2517,15,"__amd_rocclr_fillBufferUnAligned",2517,104089579843928,104089579846008,0,0,8,0,128,256,1,1,8192,1,1
"KERNEL_DISPATCH","Agent 2",1,0,1123883,2523,15,"__amd_rocclr_fillBufferUnAligned",2523,104089579901208,104089579902608,0,0,8,0,128,256,1,1,1536,1,1
"KERNEL_DISPATCH","Agent 2",1,0,1123883,2512,15,"__amd_rocclr_fillBufferUnAligned",2512,104089579794407,104089579807087,0,0,8,0,128,256,1,1,8192,1,1
"KERNEL_DISPATCH","Agent 2",1,0,1123883,2518,15,"__amd_rocclr_fillBufferUnAligned",2518,104089579850248,104089579852128,0,0,8,0,128,256,1,1,8192,1,1
"KERNEL_DISPATCH","Agent 2",1,0,1123883,2513,15,"__amd_rocclr_fillBufferUnAligned",2513,104089579811047,104089579812927,0,0,8,0,128,256,1,1,8192,1,1
"KERNEL_DISPATCH","Agent 2",1,0,1123883,1288,24,"gated_delta_net_q8_fast",1288,104086617527376,104086618105543,2048,0,64,0,128,32,1,1,1536,32,1
"KERNEL_DISPATCH","Agent 2",1,0,1123883,2502,15,"__amd_rocclr_fillBufferUnAligned",2502,104089579729806,104089579731526,0,0,8,0,128,256,1,1,8192,1,1
"KERNEL_DISPATCH","Agent 2",1,0,1123883,1283,29,"gemm_mq4g256v2_residual_wmma_fp8_v2_b128x128_gfx1201_symfold",1283,104086594292426,104086604075076,0,0,192,0,128,256,1,1,10240,64,1
"KERNEL_DISPATCH","Agent 2",1,0,1123883,2511,15,"__amd_rocclr_fillBufferUnAligned",2511,104089579789247,104089579790927,0,0,8,0,128,256,1,1,8192,1,1
"KERNEL_DISPATCH","Agent 2",1,0,1123883,2567,15,"__amd_rocclr_fillBufferUnAligned",2567,104089580247093,104089580248493,0,0,8,0,128,256,1,1,1536,1,1
"KERNEL_DISPATCH","Agent 2",1,0,1123883,2566,15,"__amd_rocclr_fillBufferUnAligned",2566,104089580242253,104089580243613,0,0,8,0,128,256,1,1,1536,1,1
"KERNEL_DISPATCH","Agent 2",1,0,1123883,2497,15,"__amd_rocclr_fillBufferUnAligned",2497,104089579703526,104089579705366,0,0,8,0,128,256,1,1,8192,1,1
"KERNEL_DISPATCH","Agent 2",1,0,1123883,1412,29,"gemm_mq4g256v2_residual_wmma_fp8_v2_b128x128_gfx1201_symfold",1412,104086909943595,104086919858567,0,0,192,0,128,256,1,1,10240,64,1
"KERNEL_DISPATCH","Agent 2",1,0,1123883,2561,15,"__amd_rocclr_fillBufferUnAligned",2561,104089580217213,104089580218653,0,0,8,0,128,256,1,1,1536,1,1
"KERNEL_DISPATCH","Agent 2",1,0,1123883,2568,15,"__amd_rocclr_fillBufferUnAligned",2568,104089580251973,104089580253413,0,0,8,0,128,256,1,1,7680,1,1
"KERNEL_DISPATCH","Agent 2",1,0,1123883,1407,29,"gemm_mq4g256v2_residual_wmma_fp8_v2_b128x128_gfx1201_symfold",1407,104086881026409,104086884384974,0,0,192,0,128,256,1,1,10240,64,1
"KERNEL_DISPATCH","Agent 2",1,0,1123883,1402,24,"gated_delta_net_q8_fast",1402,104086877778766,104086878335774,2048,0,64,0,128,32,1,1,1536,32,1
"KERNEL_DISPATCH","Agent 2",1,0,1123883,1397,24,"gated_delta_net_q8_fast",1397,104086874962649,104086875530376,2048,0,64,0,128,32,1,1,1536,32,1
"KERNEL_DISPATCH","Agent 2",1,0,1123883,1392,24,"gated_delta_net_q8_fast",1392,104086872073490,104086872655938,2048,0,64,0,128,32,1,1,1536,32,1
"KERNEL_DISPATCH","Agent 2",1,0,1123883,1387,22,"gdn_pre_batched_gfx1201",1387,104086867057503,104086869724619,33280,0,224,0,128,256,1,1,2686976,1,1
"KERNEL_DISPATCH","Agent 2",1,0,1123883,1382,31,"fused_silu_mul_mq_rotate_awq",1382,104086842941182,104086845779899,0,0,56,0,128,32,1,1,2176,8192,1
"KERNEL_DISPATCH","Agent 2",1,0,1123883,2559,15,"__amd_rocclr_fillBufferUnAligned",2559,104089580207292,104089580208932,0,0,8,0,128,256,1,1,1536,1,1
"KERNEL_DISPATCH","Agent 2",1,0,1123883,2569,15,"__amd_rocclr_fillBufferUnAligned",2569,104089580256853,104089580258293,0,0,8,0,128,256,1,1,7680,1,1
"KERNEL_DISPATCH","Agent 2",1,0,1123883,2572,15,"__amd_rocclr_fillBufferUnAligned",2572,104089580271893,104089580273373,0,0,8,0,128,256,1,1,7680,1,1
"KERNEL_DISPATCH","Agent 2",1,0,1123883,1377,26,"rotate_x_mq_awq",1377,104086816963515,104086817585964,0,0,80,0,128,32,1,1,768,8192,1
"KERNEL_DISPATCH","Agent 2",1,0,1123883,2574,15,"__amd_rocclr_fillBufferUnAligned",2574,104089580281733,104089580283133,0,0,8,0,128,256,1,1,7680,1,1
"KERNEL_DISPATCH","Agent 2",1,0,1123883,2564,15,"__amd_rocclr_fillBufferUnAligned",2564,104089580232213,104089580233853,0,0,8,0,128,256,1,1,1536,1,1
"KERNEL_DISPATCH","Agent 2",1,0,1123883,2534,15,"__amd_rocclr_fillBufferUnAligned",2534,104089579979969,104089579981369,0,0,8,0,128,256,1,1,1536,1,1
"KERNEL_DISPATCH","Agent 2",1,0,1123883,2529,15,"__amd_rocclr_fillBufferUnAligned",2529,104089579942849,104089579944249,0,0,8,0,128,256,1,1,1536,1,1
"KERNEL_DISPATCH","Agent 2",1,0,1123883,2524,15,"__amd_rocclr_fillBufferUnAligned",2524,104089579906088,104089579907888,0,0,8,0,128,256,1,1,1536,1,1
"KERNEL_DISPATCH","Agent 2",1,0,1123883,2519,15,"__amd_rocclr_fillBufferUnAligned",2519,104089579855848,104089579868408,0,0,8,0,128,256,1,1,8192,1,1
"KERNEL_DISPATCH","Agent 2",1,0,1123883,2514,15,"__amd_rocclr_fillBufferUnAligned",2514,104089579816447,104089579818327,0,0,8,0,128,256,1,1,8192,1,1
"KERNEL_DISPATCH","Agent 2",1,0,1123883,2579,15,"__amd_rocclr_fillBufferUnAligned",2579,104089580306054,104089580307414,0,0,8,0,128,256,1,1,7680,1,1
"KERNEL_DISPATCH","Agent 2",1,0,1123883,2509,15,"__amd_rocclr_fillBufferUnAligned",2509,104089579778887,104089579780607,0,0,8,0,128,256,1,1,8192,1,1
"KERNEL_DISPATCH","Agent 2",1,0,1123883,2499,15,"__amd_rocclr_fillBufferUnAligned",2499,104089579714286,104089579716006,0,0,8,0,128,256,1,1,8192,1,1
"KERNEL_DISPATCH","Agent 2",1,0,1123883,1159,24,"gated_delta_net_q8_fast",1159,104086301979128,104086302558896,2048,0,64,0,128,32,1,1,1536,32,1
"KERNEL_DISPATCH","Agent 2",1,0,1123883,2556,15,"__amd_rocclr_fillBufferUnAligned",2556,104089580171332,104089580172692,0,0,8,0,128,256,1,1,1536,1,1
"KERNEL_DISPATCH","Agent 2",1,0,1123883,2581,15,"__amd_rocclr_fillBufferUnAligned",2581,104089580315814,104089580317414,0,0,8,0,128,256,1,1,7680,1,1
"KERNEL_DISPATCH","Agent 2",1,0,1123883,2576,15,"__amd_rocclr_fillBufferUnAligned",2576,104089580291374,104089580292854,0,0,8,0,128,256,1,1,7680,1,1
"KERNEL_DISPATCH","Agent 2",1,0,1123883,2571,15,"__amd_rocclr_fillBufferUnAligned",2571,104089580267093,104089580268453,0,0,8,0,128,256,1,1,7680,1,1
"KERNEL_DISPATCH","Agent 2",1,0,1123883,2551,15,"__amd_rocclr_fillBufferUnAligned",2551,104089580127491,104089580129171,0,0,8,0,128,256,1,1,1536,1,1
"KERNEL_DISPATCH","Agent 2",1,0,1123883,2546,15,"__amd_rocclr_fillBufferUnAligned",2546,104089580076411,104089580078411,0,0,8,0,128,256,1,1,1536,1,1
"KERNEL_DISPATCH","Agent 2",1,0,1123883,2541,15,"__amd_rocclr_fillBufferUnAligned",2541,104089580026890,104089580028890,0,0,8,0,128,256,1,1,1536,1,1
"KERNEL_DISPATCH","Agent 2",1,0,1123883,2536,15,"__amd_rocclr_fillBufferUnAligned",2536,104089579990370,104089579991850,0,0,8,0,128,256,1,1,1536,1,1
"KERNEL_DISPATCH","Agent 2",1,0,1123883,2531,15,"__amd_rocclr_fillBufferUnAligned",2531,104089579952609,104089579965529,0,0,8,0,128,256,1,1,1536,1,1
"KERNEL_DISPATCH","Agent 2",1,0,1123883,2584,15,"__amd_rocclr_fillBufferUnAligned",2584,104089580330534,104089580331934,0,0,8,0,128,256,1,1,7680,1,1
"KERNEL_DISPATCH","Agent 2",1,0,1123883,1154,29,"gemm_mq4g256v2_residual_wmma_fp8_v2_b128x128_gfx1201_symfold",1154,104086278754658,104086288549709,0,0,192,0,128,256,1,1,10240,64,1
"KERNEL_DISPATCH","Agent 2",1,0,1123883,1149,29,"gemm_mq4g256v2_residual_wmma_fp8_v2_b128x128_gfx1201_symfold",1149,104086250038235,104086253320319,0,0,192,0,128,256,1,1,10240,64,1
"KERNEL_DISPATCH","Agent 2",1,0,1123883,2586,15,"__amd_rocclr_fillBufferUnAligned",2586,104089580340374,104089580342134,0,0,8,0,128,256,1,1,7680,1,1
"KERNEL_DISPATCH","Agent 2",1,0,1123883,2526,15,"__amd_rocclr_fillBufferUnAligned",2526,104089579927929,104089579929489,0,0,8,0,128,256,1,1,1536,1,1
"KERNEL_DISPATCH","Agent 2",1,0,1123883,2521,15,"__amd_rocclr_fillBufferUnAligned",2521,104089579890088,104089579891768,0,0,8,0,128,256,1,1,1536,1,1
"KERNEL_DISPATCH","Agent 2",1,0,1123883,2589,15,"__amd_rocclr_fillBufferUnAligned",2589,104089580355774,104089580357254,0,0,8,0,128,256,1,1,7680,1,1
"KERNEL_DISPATCH","Agent 2",1,0,1123883,1144,37,"kv_cache_write_fp8_e4m3_batched",1144,104086235805245,104086235893967,0,0,56,0,128,32,1,1,128,8192,1
"KERNEL_DISPATCH","Agent 2",1,0,1123883,2591,15,"__amd_rocclr_fillBufferUnAligned",2591,104089580365535,104089580366975,0,0,8,0,128,256,1,1,7680,1,1
"KERNEL_DISPATCH","Agent 2",1,0,1123883,2516,15,"__amd_rocclr_fillBufferUnAligned",2516,104089579827007,104089579839928,0,0,8,0,128,256,1,1,8192,1,1
"KERNEL_DISPATCH","Agent 2",1,0,1123883,1278,29,"gemm_mq4g256v2_residual_wmma_fp8_v2_b128x128_gfx1201_symfold",1278,104086565347800,104086568718885,0,0,192,0,128,256,1,1,10240,64,1
"KERNEL_DISPATCH","Agent 2",1,0,1123883,2594,15,"__amd_rocclr_fillBufferUnAligned",2594,104089580380495,104089580381855,0,0,8,0,128,256,1,1,7680,1,1
"KERNEL_DISPATCH","Agent 2",1,0,1123883,2596,15,"__amd_rocclr_fillBufferUnAligned",2596,104089580390215,104089580391615,0,0,8,0,128,256,1,1,7680,1,1
"KERNEL_DISPATCH","Agent 2",1,0,1123883,2598,15,"__amd_rocclr_fillBufferUnAligned",2598,104089580399935,104089580401215,0,0,8,0,128,256,1,1,7680,1,1
"KERNEL_DISPATCH","Agent 2",1,0,1123883,2599,15,"__amd_rocclr_fillBufferUnAligned",2599,104089580404735,104089580406015,0,0,8,0,128,256,1,1,7680,1,1
"KERNEL_DISPATCH","Agent 2",1,0,1123883,1372,24,"gated_delta_net_q8_fast",1372,104086813723952,104086814286320,2048,0,64,0,128,32,1,1,1536,32,1
"KERNEL_DISPATCH","Agent 2",1,0,1123883,2601,15,"__amd_rocclr_fillBufferUnAligned",2601,104089580414215,104089580415615,0,0,8,0,128,256,1,1,7680,1,1
"KERNEL_DISPATCH","Agent 2",1,0,1123883,2602,15,"__amd_rocclr_fillBufferUnAligned",2602,104089580419055,104089580420695,0,0,8,0,128,256,1,1,7680,1,1
"KERNEL_DISPATCH","Agent 2",1,0,1123883,2603,15,"__amd_rocclr_fillBufferUnAligned",2603,104089580424135,104089580425415,0,0,8,0,128,256,1,1,7680,1,1
"KERNEL_DISPATCH","Agent 2",1,0,1123883,2604,15,"__amd_rocclr_fillBufferUnAligned",2604,104089580428815,104089580430695,0,0,8,0,128,256,1,1,7680,1,1
"KERNEL_DISPATCH","Agent 2",1,0,1123883,2606,15,"__amd_rocclr_fillBufferUnAligned",2606,104089580439496,104089580440816,0,0,8,0,128,256,1,1,7680,1,1
"KERNEL_DISPATCH","Agent 2",1,0,1123883,2607,15,"__amd_rocclr_fillBufferUnAligned",2607,104089580444216,104089580445616,0,0,8,0,128,256,1,1,7680,1,1
"KERNEL_DISPATCH","Agent 2",1,0,1123883,2608,15,"__amd_rocclr_fillBufferUnAligned",2608,104089580449056,104089580450416,0,0,8,0,128,256,1,1,7680,1,1
"KERNEL_DISPATCH","Agent 2",1,0,1123883,2609,15,"__amd_rocclr_fillBufferUnAligned",2609,104089580453856,104089580455136,0,0,8,0,128,256,1,1,7680,1,1
"KERNEL_DISPATCH","Agent 2",1,0,1123883,2611,15,"__amd_rocclr_fillBufferUnAligned",2611,104089580463296,104089580464536,0,0,8,0,128,256,1,1,7680,1,1
"KERNEL_DISPATCH","Agent 2",1,0,1123883,2612,15,"__amd_rocclr_fillBufferUnAligned",2612,104089580467976,104089580469736,0,0,8,0,128,256,1,1,7680,1,1
"KERNEL_DISPATCH","Agent 2",1,0,1123883,2613,15,"__amd_rocclr_fillBufferUnAligned",2613,104089580473336,104089580474696,0,0,8,0,128,256,1,1,7680,1,1
"KERNEL_DISPATCH","Agent 2",1,0,1123883,2614,15,"__amd_rocclr_fillBufferUnAligned",2614,104089580478456,104089580479816,0,0,8,0,128,256,1,1,7680,1,1
"KERNEL_DISPATCH","Agent 2",1,0,1123883,2616,15,"__amd_rocclr_fillBufferUnAligned",2616,104089580488336,104089580490176,0,0,8,0,128,256,1,1,8192,1,1
"KERNEL_DISPATCH","Agent 2",1,0,1123883,2617,15,"__amd_rocclr_fillBufferUnAligned",2617,104089580493616,104089580495336,0,0,8,0,128,256,1,1,8192,1,1
"KERNEL_DISPATCH","Agent 2",1,0,1123883,2618,15,"__amd_rocclr_fillBufferUnAligned",2618,104089580498736,104089580500856,0,0,8,0,128,256,1,1,8192,1,1
"KERNEL_DISPATCH","Agent 2",1,0,1123883,2619,15,"__amd_rocclr_fillBufferUnAligned",2619,104089580504376,104089580506056,0,0,8,0,128,256,1,1,8192,1,1
"KERNEL_DISPATCH","Agent 2",1,0,1123883,2621,15,"__amd_rocclr_fillBufferUnAligned",2621,104089580514937,104089580516817,0,0,8,0,128,256,1,1,8192,1,1
"KERNEL_DISPATCH","Agent 2",1,0,1123883,2622,15,"__amd_rocclr_fillBufferUnAligned",2622,104089580520257,104089580521977,0,0,8,0,128,256,1,1,8192,1,1
"KERNEL_DISPATCH","Agent 2",1,0,1123883,2623,15,"__amd_rocclr_fillBufferUnAligned",2623,104089580525937,104089580527697,0,0,8,0,128,256,1,1,8192,1,1
"KERNEL_DISPATCH","Agent 2",1,0,1123883,2624,15,"__amd_rocclr_fillBufferUnAligned",2624,104089580531137,104089580532897,0,0,8,0,128,256,1,1,8192,1,1
"KERNEL_DISPATCH","Agent 2",1,0,1123883,2626,15,"__amd_rocclr_fillBufferUnAligned",2626,104089580541537,104089580543257,0,0,8,0,128,256,1,1,8192,1,1
"KERNEL_DISPATCH","Agent 2",1,0,1123883,2627,15,"__amd_rocclr_fillBufferUnAligned",2627,104089580546737,104089580548537,0,0,8,0,128,256,1,1,8192,1,1
"KERNEL_DISPATCH","Agent 2",1,0,1123883,2628,15,"__amd_rocclr_fillBufferUnAligned",2628,104089580551937,104089580553937,0,0,8,0,128,256,1,1,8192,1,1
"KERNEL_DISPATCH","Agent 2",1,0,1123883,2629,15,"__amd_rocclr_fillBufferUnAligned",2629,104089580557337,104089580559337,0,0,8,0,128,256,1,1,8192,1,1
"KERNEL_DISPATCH","Agent 2",1,0,1123883,2631,15,"__amd_rocclr_fillBufferUnAligned",2631,104089580568057,104089580569857,0,0,8,0,128,256,1,1,8192,1,1
"KERNEL_DISPATCH","Agent 2",1,0,1123883,2632,15,"__amd_rocclr_fillBufferUnAligned",2632,104089580573337,104089580575137,0,0,8,0,128,256,1,1,8192,1,1
"KERNEL_DISPATCH","Agent 2",1,0,1123883,2638,15,"__amd_rocclr_fillBufferUnAligned",2638,104089580607218,104089580609138,0,0,8,0,128,256,1,1,8192,1,1
"KERNEL_DISPATCH","Agent 2",1,0,1123883,2639,15,"__amd_rocclr_fillBufferUnAligned",2639,104089580612538,104089580614698,0,0,8,0,128,256,1,1,8192,1,1
"KERNEL_DISPATCH","Agent 2",1,0,1123883,2641,15,"__amd_rocclr_fillBufferUnAligned",2641,104089580623538,104089580625618,0,0,8,0,128,256,1,1,8192,1,1
"KERNEL_DISPATCH","Agent 2",1,0,1123883,2642,15,"__amd_rocclr_fillBufferUnAligned",2642,104089580629698,104089580631658,0,0,8,0,128,256,1,1,8192,1,1
"KERNEL_DISPATCH","Agent 2",1,0,1123883,2648,15,"__amd_rocclr_fillBufferUnAligned",2648,104089580663018,104089580664939,0,0,8,0,128,256,1,1,8192,1,1
"KERNEL_DISPATCH","Agent 2",1,0,1123883,2649,15,"__amd_rocclr_fillBufferUnAligned",2649,104089580668379,104089580670579,0,0,8,0,128,256,1,1,8192,1,1
"KERNEL_DISPATCH","Agent 2",1,0,1123883,2651,15,"__amd_rocclr_fillBufferUnAligned",2651,104089580679459,104089580681619,0,0,8,0,128,256,1,1,8192,1,1
"KERNEL_DISPATCH","Agent 2",1,0,1123883,2657,15,"__amd_rocclr_fillBufferUnAligned",2657,104089580712099,104089580713899,0,0,8,0,128,256,1,1,8192,1,1
"KERNEL_DISPATCH","Agent 2",1,0,1123883,2663,15,"__amd_rocclr_fillBufferUnAligned",2663,104089580745180,104089580747900,0,0,8,0,128,256,1,1,8192,1,1
"KERNEL_DISPATCH","Agent 2",1,0,1123883,2664,15,"__amd_rocclr_fillBufferUnAligned",2664,104089580751340,104089580753380,0,0,8,0,128,256,1,1,8192,1,1
"KERNEL_DISPATCH","Agent 2",1,0,1123883,2666,15,"__amd_rocclr_fillBufferUnAligned",2666,104089580762100,104089580764260,0,0,8,0,128,256,1,1,8192,1,1
"KERNEL_DISPATCH","Agent 2",1,0,1123883,2677,15,"__amd_rocclr_fillBufferUnAligned",2677,104089580818741,104089580820301,0,0,8,0,128,256,1,1,8192,1,1
"KERNEL_DISPATCH","Agent 2",1,0,1123883,2683,15,"__amd_rocclr_fillBufferUnAligned",2683,104089580849061,104089580850501,0,0,8,0,128,256,1,1,8192,1,1
"KERNEL_DISPATCH","Agent 2",1,0,1123883,2684,15,"__amd_rocclr_fillBufferUnAligned",2684,104089580854021,104089580855581,0,0,8,0,128,256,1,1,8192,1,1
"KERNEL_DISPATCH","Agent 2",1,0,1123883,2691,15,"__amd_rocclr_fillBufferUnAligned",2691,104089580890222,104089580891782,0,0,8,0,128,256,1,1,8192,1,1
"KERNEL_DISPATCH","Agent 2",1,0,1123883,2702,15,"__amd_rocclr_fillBufferUnAligned",2702,104089580950862,104089580953062,0,0,8,0,128,256,1,1,8192,1,1
"KERNEL_DISPATCH","Agent 2",1,0,1123883,2713,15,"__amd_rocclr_fillBufferUnAligned",2713,104089581014383,104089581015783,0,0,8,0,128,256,1,1,1536,1,1
"KERNEL_DISPATCH","Agent 2",1,0,1123883,2714,15,"__amd_rocclr_fillBufferUnAligned",2714,104089581019263,104089581020823,0,0,8,0,128,256,1,1,1536,1,1
"KERNEL_DISPATCH","Agent 2",1,0,1123883,2721,15,"__amd_rocclr_fillBufferUnAligned",2721,104089581053384,104089581054664,0,0,8,0,128,256,1,1,1536,1,1
"KERNEL_DISPATCH","Agent 2",1,0,1123883,2737,15,"__amd_rocclr_fillBufferUnAligned",2737,104089581132065,104089581133465,0,0,8,0,128,256,1,1,1536,1,1
"KERNEL_DISPATCH","Agent 2",1,0,1123883,2753,15,"__amd_rocclr_fillBufferUnAligned",2753,104089581210386,104089581211706,0,0,8,0,128,256,1,1,1536,1,1
"KERNEL_DISPATCH","Agent 2",1,0,1123883,2754,15,"__amd_rocclr_fillBufferUnAligned",2754,104089581215106,104089581216386,0,0,8,0,128,256,1,1,1536,1,1
"KERNEL_DISPATCH","Agent 2",1,0,1123883,2761,15,"__amd_rocclr_fillBufferUnAligned",2761,104089581249106,104089581250386,0,0,8,0,128,256,1,1,7680,1,1
"KERNEL_DISPATCH","Agent 2",1,0,1123883,2782,15,"__amd_rocclr_fillBufferUnAligned",2782,104089581349628,104089581350828,0,0,8,0,128,256,1,1,7680,1,1
"KERNEL_DISPATCH","Agent 2",1,0,1123883,2803,15,"__amd_rocclr_fillBufferUnAligned",2803,104089581445909,104089581447189,0,0,8,0,128,256,1,1,7680,1,1
"KERNEL_DISPATCH","Agent 2",1,0,1123883,2804,15,"__amd_rocclr_fillBufferUnAligned",2804,104089581450509,104089581451749,0,0,8,0,128,256,1,1,7680,1,1
"KERNEL_DISPATCH","Agent 2",1,0,1123883,2811,15,"__amd_rocclr_fillBufferUnAligned",2811,104089581486629,104089581488669,0,0,8,0,128,256,1,1,8192,1,1
"KERNEL_DISPATCH","Agent 2",1,0,1123883,2842,15,"__amd_rocclr_fillBufferUnAligned",2842,104089581658952,104089581661112,0,0,8,0,128,256,1,1,8192,1,1
"KERNEL_DISPATCH","Agent 2",1,0,1123883,2863,15,"__amd_rocclr_fillBufferUnAligned",2863,104089581770353,104089581771833,0,0,8,0,128,256,1,1,8192,1,1
"KERNEL_DISPATCH","Agent 2",1,0,1123883,2864,15,"__amd_rocclr_fillBufferUnAligned",2864,104089581775113,104089581776633,0,0,8,0,128,256,1,1,8192,1,1
"KERNEL_DISPATCH","Agent 2",1,0,1123883,2876,15,"__amd_rocclr_fillBufferUnAligned",2876,104089581835354,104089581837314,0,0,8,0,128,256,1,1,8192,1,1
"KERNEL_DISPATCH","Agent 2",1,0,1123883,2922,15,"__amd_rocclr_fillBufferUnAligned",2922,104089582090678,104089582092118,0,0,8,0,128,256,1,1,1536,1,1
"KERNEL_DISPATCH","Agent 2",1,0,1123883,2953,15,"__amd_rocclr_fillBufferUnAligned",2953,104089582240320,104089582241680,0,0,8,0,128,256,1,1,7680,1,1
"KERNEL_DISPATCH","Agent 2",1,0,1123883,2954,15,"__amd_rocclr_fillBufferUnAligned",2954,104089582245000,104089582246440,0,0,8,0,128,256,1,1,7680,1,1
"KERNEL_DISPATCH","Agent 2",1,0,1123883,2971,15,"__amd_rocclr_fillBufferUnAligned",2971,104089582324361,104089582325521,0,0,8,0,128,256,1,1,7680,1,1
"KERNEL_DISPATCH","Agent 2",1,0,1123883,3037,15,"__amd_rocclr_fillBufferUnAligned",3037,104089582666605,104089582668765,0,0,8,0,128,256,1,1,8192,1,1
"KERNEL_DISPATCH","Agent 2",1,0,1123883,3078,15,"__amd_rocclr_fillBufferUnAligned",3078,104089582870608,104089582872528,0,0,8,0,128,256,1,1,8192,1,1
"KERNEL_DISPATCH","Agent 2",1,0,1123883,3079,15,"__amd_rocclr_fillBufferUnAligned",3079,104089582875888,104089582878248,0,0,8,0,128,256,1,1,8192,1,1
"KERNEL_DISPATCH","Agent 2",1,0,1123883,3101,15,"__amd_rocclr_fillBufferUnAligned",3101,104089582989050,104089582990530,0,0,8,0,128,256,1,1,1536,1,1
"KERNEL_DISPATCH","Agent 2",1,0,1123883,3192,15,"__amd_rocclr_fillBufferUnAligned",3192,104089583408135,104089583410255,0,0,8,0,128,256,1,1,8192,1,1
"KERNEL_DISPATCH","Agent 2",1,0,1123883,3236,15,"__amd_rocclr_fillBufferUnAligned",3236,104089583649218,104089583651338,0,0,8,0,128,256,1,1,8192,1,1
"KERNEL_DISPATCH","Agent 2",1,0,1123883,3231,15,"__amd_rocclr_fillBufferUnAligned",3231,104089583621498,104089583623738,0,0,8,0,128,256,1,1,8192,1,1
"KERNEL_DISPATCH","Agent 2",1,0,1123883,3226,15,"__amd_rocclr_fillBufferUnAligned",3226,104089583594058,104089583596258,0,0,8,0,128,256,1,1,8192,1,1
"KERNEL_DISPATCH","Agent 2",1,0,1123883,3221,15,"__amd_rocclr_fillBufferUnAligned",3221,104089583566657,104089583568737,0,0,8,0,128,256,1,1,8192,1,1
"KERNEL_DISPATCH","Agent 2",1,0,1123883,3216,15,"__amd_rocclr_fillBufferUnAligned",3216,104089583539337,104089583541417,0,0,8,0,128,256,1,1,8192,1,1
"KERNEL_DISPATCH","Agent 2",1,0,1123883,3211,15,"__amd_rocclr_fillBufferUnAligned",3211,104089583511936,104089583514057,0,0,8,0,128,256,1,1,8192,1,1
"KERNEL_DISPATCH","Agent 2",1,0,1123883,3237,15,"__amd_rocclr_fillBufferUnAligned",3237,104089583654658,104089583656818,0,0,8,0,128,256,1,1,8192,1,1
"KERNEL_DISPATCH","Agent 2",1,0,1123883,3232,15,"__amd_rocclr_fillBufferUnAligned",3232,104089583627098,104089583629298,0,0,8,0,128,256,1,1,8192,1,1
"KERNEL_DISPATCH","Agent 2",1,0,1123883,3227,15,"__amd_rocclr_fillBufferUnAligned",3227,104089583599618,104089583601818,0,0,8,0,128,256,1,1,8192,1,1
"KERNEL_DISPATCH","Agent 2",1,0,1123883,3222,15,"__amd_rocclr_fillBufferUnAligned",3222,104089583572097,104089583574177,0,0,8,0,128,256,1,1,8192,1,1
"KERNEL_DISPATCH","Agent 2",1,0,1123883,3217,15,"__amd_rocclr_fillBufferUnAligned",3217,104089583544817,104089583546937,0,0,8,0,128,256,1,1,8192,1,1
"KERNEL_DISPATCH","Agent 2",1,0,1123883,3212,15,"__amd_rocclr_fillBufferUnAligned",3212,104089583517337,104089583519457,0,0,8,0,128,256,1,1,8192,1,1
"KERNEL_DISPATCH","Agent 2",1,0,1123883,3238,15,"__amd_rocclr_fillBufferUnAligned",3238,104089583660098,104089583662258,0,0,8,0,128,256,1,1,8192,1,1
"KERNEL_DISPATCH","Agent 2",1,0,1123883,3207,15,"__amd_rocclr_fillBufferUnAligned",3207,104089583490136,104089583492216,0,0,8,0,128,256,1,1,8192,1,1
"KERNEL_DISPATCH","Agent 2",1,0,1123883,3233,15,"__amd_rocclr_fillBufferUnAligned",3233,104089583632618,104089583634818,0,0,8,0,128,256,1,1,8192,1,1
"KERNEL_DISPATCH","Agent 2",1,0,1123883,3228,15,"__amd_rocclr_fillBufferUnAligned",3228,104089583605178,104089583607298,0,0,8,0,128,256,1,1,8192,1,1
"KERNEL_DISPATCH","Agent 2",1,0,1123883,3223,15,"__amd_rocclr_fillBufferUnAligned",3223,104089583577537,104089583579657,0,0,8,0,128,256,1,1,8192,1,1
"KERNEL_DISPATCH","Agent 2",1,0,1123883,3218,15,"__amd_rocclr_fillBufferUnAligned",3218,104089583550297,104089583552537,0,0,8,0,128,256,1,1,8192,1,1
"KERNEL_DISPATCH","Agent 2",1,0,1123883,3239,15,"__amd_rocclr_fillBufferUnAligned",3239,104089583665659,104089583667819,0,0,8,0,128,256,1,1,8192,1,1
"KERNEL_DISPATCH","Agent 2",1,0,1123883,3213,15,"__amd_rocclr_fillBufferUnAligned",3213,104089583522777,104089583524857,0,0,8,0,128,256,1,1,8192,1,1
"KERNEL_DISPATCH","Agent 2",1,0,1123883,3234,15,"__amd_rocclr_fillBufferUnAligned",3234,104089583638178,104089583640338,0,0,8,0,128,256,1,1,8192,1,1
"KERNEL_DISPATCH","Agent 2",1,0,1123883,3208,15,"__amd_rocclr_fillBufferUnAligned",3208,104089583495616,104089583497656,0,0,8,0,128,256,1,1,8192,1,1
"KERNEL_DISPATCH","Agent 2",1,0,1123883,3229,15,"__amd_rocclr_fillBufferUnAligned",3229,104089583610578,104089583612698,0,0,8,0,128,256,1,1,8192,1,1
"KERNEL_DISPATCH","Agent 2",1,0,1123883,3203,15,"__amd_rocclr_fillBufferUnAligned",3203,104089583468336,104089583470456,0,0,8,0,128,256,1,1,8192,1,1
"KERNEL_DISPATCH","Agent 2",1,0,1123883,3198,15,"__amd_rocclr_fillBufferUnAligned",3198,104089583440656,104089583442776,0,0,8,0,128,256,1,1,8192,1,1
"KERNEL_DISPATCH","Agent 2",1,0,1123883,3193,15,"__amd_rocclr_fillBufferUnAligned",3193,104089583413655,104089583415695,0,0,8,0,128,256,1,1,8192,1,1
"KERNEL_DISPATCH","Agent 2",1,0,1123883,3188,15,"__amd_rocclr_fillBufferUnAligned",3188,104089583389695,104089583390975,0,0,8,0,128,256,1,1,7680,1,1
"KERNEL_DISPATCH","Agent 2",1,0,1123883,3183,15,"__amd_rocclr_fillBufferUnAligned",3183,104089583367015,104089583368175,0,0,8,0,128,256,1,1,7680,1,1
"KERNEL_DISPATCH","Agent 2",1,0,1123883,3178,15,"__amd_rocclr_fillBufferUnAligned",3178,104089583344374,104089583345654,0,0,8,0,128,256,1,1,7680,1,1
"KERNEL_DISPATCH","Agent 2",1,0,1123883,3173,15,"__amd_rocclr_fillBufferUnAligned",3173,104089583321574,104089583322774,0,0,8,0,128,256,1,1,7680,1,1
"KERNEL_DISPATCH","Agent 2",1,0,1123883,3168,15,"__amd_rocclr_fillBufferUnAligned",3168,104089583298934,104089583300094,0,0,8,0,128,256,1,1,7680,1,1
"KERNEL_DISPATCH","Agent 2",1,0,1123883,3163,15,"__amd_rocclr_fillBufferUnAligned",3163,104089583276293,104089583277613,0,0,8,0,128,256,1,1,7680,1,1
"KERNEL_DISPATCH","Agent 2",1,0,1123883,3158,15,"__amd_rocclr_fillBufferUnAligned",3158,104089583253453,104089583254693,0,0,8,0,128,256,1,1,7680,1,1
"KERNEL_DISPATCH","Agent 2",1,0,1123883,3153,15,"__amd_rocclr_fillBufferUnAligned",3153,104089583230653,104089583231893,0,0,8,0,128,256,1,1,7680,1,1
"KERNEL_DISPATCH","Agent 2",1,0,1123883,3148,15,"__amd_rocclr_fillBufferUnAligned",3148,104089583207732,104089583209052,0,0,8,0,128,256,1,1,7680,1,1
"KERNEL_DISPATCH","Agent 2",1,0,1123883,3143,15,"__amd_rocclr_fillBufferUnAligned",3143,104089583184652,104089583185852,0,0,8,0,128,256,1,1,1536,1,1
"KERNEL_DISPATCH","Agent 2",1,0,1123883,3138,15,"__amd_rocclr_fillBufferUnAligned",3138,104089583161372,104089583162652,0,0,8,0,128,256,1,1,1536,1,1
"KERNEL_DISPATCH","Agent 2",1,0,1123883,3133,15,"__amd_rocclr_fillBufferUnAligned",3133,104089583137931,104089583139412,0,0,8,0,128,256,1,1,1536,1,1
"KERNEL_DISPATCH","Agent 2",1,0,1123883,3128,15,"__amd_rocclr_fillBufferUnAligned",3128,104089583114611,104089583115891,0,0,8,0,128,256,1,1,1536,1,1
"KERNEL_DISPATCH","Agent 2",1,0,1123883,3123,15,"__amd_rocclr_fillBufferUnAligned",3123,104089583091531,104089583092811,0,0,8,0,128,256,1,1,1536,1,1
"KERNEL_DISPATCH","Agent 2",1,0,1123883,3118,15,"__amd_rocclr_fillBufferUnAligned",3118,104089583068371,104089583069811,0,0,8,0,128,256,1,1,1536,1,1
"KERNEL_DISPATCH","Agent 2",1,0,1123883,3113,15,"__amd_rocclr_fillBufferUnAligned",3113,104089583044850,104089583046210,0,0,8,0,128,256,1,1,1536,1,1
"KERNEL_DISPATCH","Agent 2",1,0,1123883,3108,15,"__amd_rocclr_fillBufferUnAligned",3108,104089583021730,104089583023090,0,0,8,0,128,256,1,1,1536,1,1
"KERNEL_DISPATCH","Agent 2",1,0,1123883,3103,15,"__amd_rocclr_fillBufferUnAligned",3103,104089582998450,104089582999770,0,0,8,0,128,256,1,1,1536,1,1
"KERNEL_DISPATCH","Agent 2",1,0,1123883,3098,15,"__amd_rocclr_fillBufferUnAligned",3098,104089582975209,104089582976449,0,0,8,0,128,256,1,1,1536,1,1
"KERNEL_DISPATCH","Agent 2",1,0,1123883,3093,15,"__amd_rocclr_fillBufferUnAligned",3093,104089582948769,104089582951129,0,0,8,0,128,256,1,1,8192,1,1
"KERNEL_DISPATCH","Agent 2",1,0,1123883,3088,15,"__amd_rocclr_fillBufferUnAligned",3088,104089582921329,104089582923089,0,0,8,0,128,256,1,1,8192,1,1
"KERNEL_DISPATCH","Agent 2",1,0,1123883,3083,15,"__amd_rocclr_fillBufferUnAligned",3083,104089582896608,104089582898008,0,0,8,0,128,256,1,1,8192,1,1
"KERNEL_DISPATCH","Agent 2",1,0,1123883,3073,15,"__amd_rocclr_fillBufferUnAligned",3073,104089582845888,104089582847408,0,0,8,0,128,256,1,1,8192,1,1
"KERNEL_DISPATCH","Agent 2",1,0,1123883,3068,15,"__amd_rocclr_fillBufferUnAligned",3068,104089582821807,104089582823247,0,0,8,0,128,256,1,1,8192,1,1
"KERNEL_DISPATCH","Agent 2",1,0,1123883,3063,15,"__amd_rocclr_fillBufferUnAligned",3063,104089582798167,104089582799527,0,0,8,0,128,256,1,1,8192,1,1
"KERNEL_DISPATCH","Agent 2",1,0,1123883,3058,15,"__amd_rocclr_fillBufferUnAligned",3058,104089582774287,104089582775687,0,0,8,0,128,256,1,1,8192,1,1
"KERNEL_DISPATCH","Agent 2",1,0,1123883,3053,15,"__amd_rocclr_fillBufferUnAligned",3053,104089582750486,104089582751886,0,0,8,0,128,256,1,1,8192,1,1
"KERNEL_DISPATCH","Agent 2",1,0,1123883,3048,15,"__amd_rocclr_fillBufferUnAligned",3048,104089582726046,104089582727486,0,0,8,0,128,256,1,1,8192,1,1
"KERNEL_DISPATCH","Agent 2",1,0,1123883,3043,15,"__amd_rocclr_fillBufferUnAligned",3043,104089582699006,104089582701086,0,0,8,0,128,256,1,1,8192,1,1
"KERNEL_DISPATCH","Agent 2",1,0,1123883,3038,15,"__amd_rocclr_fillBufferUnAligned",3038,104089582672045,104089582674165,0,0,8,0,128,256,1,1,8192,1,1
"KERNEL_DISPATCH","Agent 2",1,0,1123883,3202,15,"__amd_rocclr_fillBufferUnAligned",3202,104089583462856,104089583464976,0,0,8,0,128,256,1,1,8192,1,1
"KERNEL_DISPATCH","Agent 2",1,0,1123883,3033,15,"__amd_rocclr_fillBufferUnAligned",3033,104089582644165,104089582646405,0,0,8,0,128,256,1,1,8192,1,1
"KERNEL_DISPATCH","Agent 2",1,0,1123883,3197,15,"__amd_rocclr_fillBufferUnAligned",3197,104089583435295,104089583437375,0,0,8,0,128,256,1,1,8192,1,1
"KERNEL_DISPATCH","Agent 2",1,0,1123883,3187,15,"__amd_rocclr_fillBufferUnAligned",3187,104089583385255,104089583386375,0,0,8,0,128,256,1,1,7680,1,1
"KERNEL_DISPATCH","Agent 2",1,0,1123883,3224,15,"__amd_rocclr_fillBufferUnAligned",3224,104089583583017,104089583585137,0,0,8,0,128,256,1,1,8192,1,1
"KERNEL_DISPATCH","Agent 2",1,0,1123883,3219,15,"__amd_rocclr_fillBufferUnAligned",3219,104089583555817,104089583557857,0,0,8,0,128,256,1,1,8192,1,1
"KERNEL_DISPATCH","Agent 2",1,0,1123883,3182,15,"__amd_rocclr_fillBufferUnAligned",3182,104089583362454,104089583363655,0,0,8,0,128,256,1,1,7680,1,1
"KERNEL_DISPATCH","Agent 2",1,0,1123883,3214,15,"__amd_rocclr_fillBufferUnAligned",3214,104089583528257,104089583530377,0,0,8,0,128,256,1,1,8192,1,1
"KERNEL_DISPATCH","Agent 2",1,0,1123883,3209,15,"__amd_rocclr_fillBufferUnAligned",3209,104089583501016,104089583503096,0,0,8,0,128,256,1,1,8192,1,1
"KERNEL_DISPATCH","Agent 2",1,0,1123883,3177,15,"__amd_rocclr_fillBufferUnAligned",3177,104089583339854,104089583341014,0,0,8,0,128,256,1,1,7680,1,1
"KERNEL_DISPATCH","Agent 2",1,0,1123883,3172,15,"__amd_rocclr_fillBufferUnAligned",3172,104089583317054,104089583318254,0,0,8,0,128,256,1,1,7680,1,1
"KERNEL_DISPATCH","Agent 2",1,0,1123883,3204,15,"__amd_rocclr_fillBufferUnAligned",3204,104089583473896,104089583475936,0,0,8,0,128,256,1,1,8192,1,1
"KERNEL_DISPATCH","Agent 2",1,0,1123883,3199,15,"__amd_rocclr_fillBufferUnAligned",3199,104089583446176,104089583448576,0,0,8,0,128,256,1,1,8192,1,1
"KERNEL_DISPATCH","Agent 2",1,0,1123883,3194,15,"__amd_rocclr_fillBufferUnAligned",3194,104089583419095,104089583421215,0,0,8,0,128,256,1,1,8192,1,1
"KERNEL_DISPATCH","Agent 2",1,0,1123883,3189,15,"__amd_rocclr_fillBufferUnAligned",3189,104089583394335,104089583395655,0,0,8,0,128,256,1,1,7680,1,1
"KERNEL_DISPATCH","Agent 2",1,0,1123883,3184,15,"__amd_rocclr_fillBufferUnAligned",3184,104089583371535,104089583372735,0,0,8,0,128,256,1,1,7680,1,1
"KERNEL_DISPATCH","Agent 2",1,0,1123883,3179,15,"__amd_rocclr_fillBufferUnAligned",3179,104089583348974,104089583350174,0,0,8,0,128,256,1,1,7680,1,1
"KERNEL_DISPATCH","Agent 2",1,0,1123883,3174,15,"__amd_rocclr_fillBufferUnAligned",3174,104089583326054,104089583327254,0,0,8,0,128,256,1,1,7680,1,1
"KERNEL_DISPATCH","Agent 2",1,0,1123883,3169,15,"__amd_rocclr_fillBufferUnAligned",3169,104089583303374,104089583304534,0,0,8,0,128,256,1,1,7680,1,1
"KERNEL_DISPATCH","Agent 2",1,0,1123883,3164,15,"__amd_rocclr_fillBufferUnAligned",3164,104089583280933,104089583282133,0,0,8,0,128,256,1,1,7680,1,1
"KERNEL_DISPATCH","Agent 2",1,0,1123883,3159,15,"__amd_rocclr_fillBufferUnAligned",3159,104089583258013,104089583259253,0,0,8,0,128,256,1,1,7680,1,1
"KERNEL_DISPATCH","Agent 2",1,0,1123883,3154,15,"__amd_rocclr_fillBufferUnAligned",3154,104089583235213,104089583236413,0,0,8,0,128,256,1,1,7680,1,1
"KERNEL_DISPATCH","Agent 2",1,0,1123883,3149,15,"__amd_rocclr_fillBufferUnAligned",3149,104089583212372,104089583213693,0,0,8,0,128,256,1,1,7680,1,1
"KERNEL_DISPATCH","Agent 2",1,0,1123883,3144,15,"__amd_rocclr_fillBufferUnAligned",3144,104089583189172,104089583190532,0,0,8,0,128,256,1,1,7680,1,1
"KERNEL_DISPATCH","Agent 2",1,0,1123883,3139,15,"__amd_rocclr_fillBufferUnAligned",3139,104089583166012,104089583167332,0,0,8,0,128,256,1,1,1536,1,1
"KERNEL_DISPATCH","Agent 2",1,0,1123883,3134,15,"__amd_rocclr_fillBufferUnAligned",3134,104089583142692,104089583144012,0,0,8,0,128,256,1,1,1536,1,1
"KERNEL_DISPATCH","Agent 2",1,0,1123883,3129,15,"__amd_rocclr_fillBufferUnAligned",3129,104089583119251,104089583120531,0,0,8,0,128,256,1,1,1536,1,1
"KERNEL_DISPATCH","Agent 2",1,0,1123883,3124,15,"__amd_rocclr_fillBufferUnAligned",3124,104089583096131,104089583097491,0,0,8,0,128,256,1,1,1536,1,1
"KERNEL_DISPATCH","Agent 2",1,0,1123883,3119,15,"__amd_rocclr_fillBufferUnAligned",3119,104089583073051,104089583074411,0,0,8,0,128,256,1,1,1536,1,1
"KERNEL_DISPATCH","Agent 2",1,0,1123883,3114,15,"__amd_rocclr_fillBufferUnAligned",3114,104089583049490,104089583051050,0,0,8,0,128,256,1,1,1536,1,1
"KERNEL_DISPATCH","Agent 2",1,0,1123883,3109,15,"__amd_rocclr_fillBufferUnAligned",3109,104089583026410,104089583027690,0,0,8,0,128,256,1,1,1536,1,1
"KERNEL_DISPATCH","Agent 2",1,0,1123883,3104,15,"__amd_rocclr_fillBufferUnAligned",3104,104089583003090,104089583004450,0,0,8,0,128,256,1,1,1536,1,1
"KERNEL_DISPATCH","Agent 2",1,0,1123883,3099,15,"__amd_rocclr_fillBufferUnAligned",3099,104089582979809,104089582981089,0,0,8,0,128,256,1,1,1536,1,1
"KERNEL_DISPATCH","Agent 2",1,0,1123883,3094,15,"__amd_rocclr_fillBufferUnAligned",3094,104089582954489,104089582956849,0,0,8,0,128,256,1,1,8192,1,1
"KERNEL_DISPATCH","Agent 2",1,0,1123883,3206,15,"__amd_rocclr_fillBufferUnAligned",3206,104089583484656,104089583486736,0,0,8,0,128,256,1,1,8192,1,1
"KERNEL_DISPATCH","Agent 2",1,0,1123883,3089,15,"__amd_rocclr_fillBufferUnAligned",3089,104089582926409,104089582928649,0,0,8,0,128,256,1,1,8192,1,1
"KERNEL_DISPATCH","Agent 2",1,0,1123883,3084,15,"__amd_rocclr_fillBufferUnAligned",3084,104089582901328,104089582902808,0,0,8,0,128,256,1,1,8192,1,1
"KERNEL_DISPATCH","Agent 2",1,0,1123883,3201,15,"__amd_rocclr_fillBufferUnAligned",3201,104089583457416,104089583459536,0,0,8,0,128,256,1,1,8192,1,1
"KERNEL_DISPATCH","Agent 2",1,0,1123883,3074,15,"__amd_rocclr_fillBufferUnAligned",3074,104089582850688,104089582852088,0,0,8,0,128,256,1,1,8192,1,1
"KERNEL_DISPATCH","Agent 2",1,0,1123883,3196,15,"__amd_rocclr_fillBufferUnAligned",3196,104089583429895,104089583432015,0,0,8,0,128,256,1,1,8192,1,1
"KERNEL_DISPATCH","Agent 2",1,0,1123883,3191,15,"__amd_rocclr_fillBufferUnAligned",3191,104089583403615,104089583404775,0,0,8,0,128,256,1,1,7680,1,1
"KERNEL_DISPATCH","Agent 2",1,0,1123883,3069,15,"__amd_rocclr_fillBufferUnAligned",3069,104089582826527,104089582828007,0,0,8,0,128,256,1,1,8192,1,1
"KERNEL_DISPATCH","Agent 2",1,0,1123883,3186,15,"__amd_rocclr_fillBufferUnAligned",3186,104089583380735,104089583381935,0,0,8,0,128,256,1,1,7680,1,1
"KERNEL_DISPATCH","Agent 2",1,0,1123883,3181,15,"__amd_rocclr_fillBufferUnAligned",3181,104089583357974,104089583359134,0,0,8,0,128,256,1,1,7680,1,1
"KERNEL_DISPATCH","Agent 2",1,0,1123883,3064,15,"__amd_rocclr_fillBufferUnAligned",3064,104089582802767,104089582804167,0,0,8,0,128,256,1,1,8192,1,1
"KERNEL_DISPATCH","Agent 2",1,0,1123883,3176,15,"__amd_rocclr_fillBufferUnAligned",3176,104089583335254,104089583336494,0,0,8,0,128,256,1,1,7680,1,1
"KERNEL_DISPATCH","Agent 2",1,0,1123883,3059,15,"__amd_rocclr_fillBufferUnAligned",3059,104089582779007,104089582780407,0,0,8,0,128,256,1,1,8192,1,1
"KERNEL_DISPATCH","Agent 2",1,0,1123883,3171,15,"__amd_rocclr_fillBufferUnAligned",3171,104089583312534,104089583313694,0,0,8,0,128,256,1,1,7680,1,1
"KERNEL_DISPATCH","Agent 2",1,0,1123883,3166,15,"__amd_rocclr_fillBufferUnAligned",3166,104089583289814,104089583290974,0,0,8,0,128,256,1,1,7680,1,1
"KERNEL_DISPATCH","Agent 2",1,0,1123883,3054,15,"__amd_rocclr_fillBufferUnAligned",3054,104089582755206,104089582756686,0,0,8,0,128,256,1,1,8192,1,1
"KERNEL_DISPATCH","Agent 2",1,0,1123883,3161,15,"__amd_rocclr_fillBufferUnAligned",3161,104089583267173,104089583268413,0,0,8,0,128,256,1,1,7680,1,1
"KERNEL_DISPATCH","Agent 2",1,0,1123883,3049,15,"__amd_rocclr_fillBufferUnAligned",3049,104089582730766,104089582732166,0,0,8,0,128,256,1,1,8192,1,1
"KERNEL_DISPATCH","Agent 2",1,0,1123883,3044,15,"__amd_rocclr_fillBufferUnAligned",3044,104089582704406,104089582706526,0,0,8,0,128,256,1,1,8192,1,1
"KERNEL_DISPATCH","Agent 2",1,0,1123883,3039,15,"__amd_rocclr_fillBufferUnAligned",3039,104089582677445,104089582679605,0,0,8,0,128,256,1,1,8192,1,1
"KERNEL_DISPATCH","Agent 2",1,0,1123883,3034,15,"__amd_rocclr_fillBufferUnAligned",3034,104089582650285,104089582652525,0,0,8,0,128,256,1,1,8192,1,1
"KERNEL_DISPATCH","Agent 2",1,0,1123883,3029,15,"__amd_rocclr_fillBufferUnAligned",3029,104089582621725,104089582623885,0,0,8,0,128,256,1,1,8192,1,1
"KERNEL_DISPATCH","Agent 2",1,0,1123883,3024,15,"__amd_rocclr_fillBufferUnAligned",3024,104089582593364,104089582595484,0,0,8,0,128,256,1,1,8192,1,1
"KERNEL_DISPATCH","Agent 2",1,0,1123883,3167,15,"__amd_rocclr_fillBufferUnAligned",3167,104089583294334,104089583295614,0,0,8,0,128,256,1,1,7680,1,1
"KERNEL_DISPATCH","Agent 2",1,0,1123883,3019,15,"__amd_rocclr_fillBufferUnAligned",3019,104089582566084,104089582568164,0,0,8,0,128,256,1,1,8192,1,1
"KERNEL_DISPATCH","Agent 2",1,0,1123883,3162,15,"__amd_rocclr_fillBufferUnAligned",3162,104089583271773,104089583272973,0,0,8,0,128,256,1,1,7680,1,1
"KERNEL_DISPATCH","Agent 2",1,0,1123883,3014,15,"__amd_rocclr_fillBufferUnAligned",3014,104089582537723,104089582539884,0,0,8,0,128,256,1,1,8192,1,1
"KERNEL_DISPATCH","Agent 2",1,0,1123883,3157,15,"__amd_rocclr_fillBufferUnAligned",3157,104089583248933,104089583250133,0,0,8,0,128,256,1,1,7680,1,1
"KERNEL_DISPATCH","Agent 2",1,0,1123883,3009,15,"__amd_rocclr_fillBufferUnAligned",3009,104089582509683,104089582511843,0,0,8,0,128,256,1,1,8192,1,1
"KERNEL_DISPATCH","Agent 2",1,0,1123883,3152,15,"__amd_rocclr_fillBufferUnAligned",3152,104089583226093,104089583227293,0,0,8,0,128,256,1,1,7680,1,1
"KERNEL_DISPATCH","Agent 2",1,0,1123883,3004,15,"__amd_rocclr_fillBufferUnAligned",3004,104089582481523,104089582483683,0,0,8,0,128,256,1,1,8192,1,1
"KERNEL_DISPATCH","Agent 2",1,0,1123883,3147,15,"__amd_rocclr_fillBufferUnAligned",3147,104089583203092,104089583204452,0,0,8,0,128,256,1,1,7680,1,1
"KERNEL_DISPATCH","Agent 2",1,0,1123883,2999,15,"__amd_rocclr_fillBufferUnAligned",2999,104089582454082,104089582455322,0,0,8,0,128,256,1,1,7680,1,1
"KERNEL_DISPATCH","Agent 2",1,0,1123883,3142,15,"__amd_rocclr_fillBufferUnAligned",3142,104089583179932,104089583181292,0,0,8,0,128,256,1,1,1536,1,1
"KERNEL_DISPATCH","Agent 2",1,0,1123883,2994,15,"__amd_rocclr_fillBufferUnAligned",2994,104089582430802,104089582431962,0,0,8,0,128,256,1,1,7680,1,1
"KERNEL_DISPATCH","Agent 2",1,0,1123883,3137,15,"__amd_rocclr_fillBufferUnAligned",3137,104089583156652,104089583158092,0,0,8,0,128,256,1,1,1536,1,1
"KERNEL_DISPATCH","Agent 2",1,0,1123883,3132,15,"__amd_rocclr_fillBufferUnAligned",3132,104089583133291,104089583134651,0,0,8,0,128,256,1,1,1536,1,1
"KERNEL_DISPATCH","Agent 2",1,0,1123883,3127,15,"__amd_rocclr_fillBufferUnAligned",3127,104089583110011,104089583111331,0,0,8,0,128,256,1,1,1536,1,1
"KERNEL_DISPATCH","Agent 2",1,0,1123883,2989,15,"__amd_rocclr_fillBufferUnAligned",2989,104089582407882,104089582409002,0,0,8,0,128,256,1,1,7680,1,1
"KERNEL_DISPATCH","Agent 2",1,0,1123883,3122,15,"__amd_rocclr_fillBufferUnAligned",3122,104089583086931,104089583088251,0,0,8,0,128,256,1,1,1536,1,1
"KERNEL_DISPATCH","Agent 2",1,0,1123883,2984,15,"__amd_rocclr_fillBufferUnAligned",2984,104089582384001,104089582385241,0,0,8,0,128,256,1,1,7680,1,1
"KERNEL_DISPATCH","Agent 2",1,0,1123883,3117,15,"__amd_rocclr_fillBufferUnAligned",3117,104089583063731,104089583065011,0,0,8,0,128,256,1,1,1536,1,1
"KERNEL_DISPATCH","Agent 2",1,0,1123883,3112,15,"__amd_rocclr_fillBufferUnAligned",3112,104089583040250,104089583041570,0,0,8,0,128,256,1,1,1536,1,1
"KERNEL_DISPATCH","Agent 2",1,0,1123883,3107,15,"__amd_rocclr_fillBufferUnAligned",3107,104089583017090,104089583018370,0,0,8,0,128,256,1,1,1536,1,1
"KERNEL_DISPATCH","Agent 2",1,0,1123883,2979,15,"__amd_rocclr_fillBufferUnAligned",2979,104089582361281,104089582362441,0,0,8,0,128,256,1,1,7680,1,1
"KERNEL_DISPATCH","Agent 2",1,0,1123883,3102,15,"__amd_rocclr_fillBufferUnAligned",3102,104089582993850,104089582995130,0,0,8,0,128,256,1,1,1536,1,1
"KERNEL_DISPATCH","Agent 2",1,0,1123883,3097,15,"__amd_rocclr_fillBufferUnAligned",3097,104089582970369,104089582971889,0,0,8,0,128,256,1,1,1536,1,1
"KERNEL_DISPATCH","Agent 2",1,0,1123883,3092,15,"__amd_rocclr_fillBufferUnAligned",3092,104089582943169,104089582945449,0,0,8,0,128,256,1,1,8192,1,1
"KERNEL_DISPATCH","Agent 2",1,0,1123883,3087,15,"__amd_rocclr_fillBufferUnAligned",3087,104089582915849,104089582918049,0,0,8,0,128,256,1,1,8192,1,1
"KERNEL_DISPATCH","Agent 2",1,0,1123883,3082,15,"__amd_rocclr_fillBufferUnAligned",3082,104089582891848,104089582893328,0,0,8,0,128,256,1,1,8192,1,1
"KERNEL_DISPATCH","Agent 2",1,0,1123883,3077,15,"__amd_rocclr_fillBufferUnAligned",3077,104089582864848,104089582867288,0,0,8,0,128,256,1,1,8192,1,1
"KERNEL_DISPATCH","Agent 2",1,0,1123883,3072,15,"__amd_rocclr_fillBufferUnAligned",3072,104089582841208,104089582842608,0,0,8,0,128,256,1,1,8192,1,1
"KERNEL_DISPATCH","Agent 2",1,0,1123883,3067,15,"__amd_rocclr_fillBufferUnAligned",3067,104089582817007,104089582818447,0,0,8,0,128,256,1,1,8192,1,1
"KERNEL_DISPATCH","Agent 2",1,0,1123883,3062,15,"__amd_rocclr_fillBufferUnAligned",3062,104089582793407,104089582794847,0,0,8,0,128,256,1,1,8192,1,1
"KERNEL_DISPATCH","Agent 2",1,0,1123883,3057,15,"__amd_rocclr_fillBufferUnAligned",3057,104089582769487,104089582770887,0,0,8,0,128,256,1,1,8192,1,1
"KERNEL_DISPATCH","Agent 2",1,0,1123883,3052,15,"__amd_rocclr_fillBufferUnAligned",3052,104089582745526,104089582747126,0,0,8,0,128,256,1,1,8192,1,1
"KERNEL_DISPATCH","Agent 2",1,0,1123883,3028,15,"__amd_rocclr_fillBufferUnAligned",3028,104089582615925,104089582618405,0,0,8,0,128,256,1,1,8192,1,1
"KERNEL_DISPATCH","Agent 2",1,0,1123883,3047,15,"__amd_rocclr_fillBufferUnAligned",3047,104089582720646,104089582722766,0,0,8,0,128,256,1,1,8192,1,1
"KERNEL_DISPATCH","Agent 2",1,0,1123883,3023,15,"__amd_rocclr_fillBufferUnAligned",3023,104089582587884,104089582590084,0,0,8,0,128,256,1,1,8192,1,1
"KERNEL_DISPATCH","Agent 2",1,0,1123883,3018,15,"__amd_rocclr_fillBufferUnAligned",3018,104089582560564,104089582562804,0,0,8,0,128,256,1,1,8192,1,1
"KERNEL_DISPATCH","Agent 2",1,0,1123883,3013,15,"__amd_rocclr_fillBufferUnAligned",3013,104089582532283,104089582534443,0,0,8,0,128,256,1,1,8192,1,1
"KERNEL_DISPATCH","Agent 2",1,0,1123883,3008,15,"__amd_rocclr_fillBufferUnAligned",3008,104089582503963,104089582506083,0,0,8,0,128,256,1,1,8192,1,1
"KERNEL_DISPATCH","Agent 2",1,0,1123883,3003,15,"__amd_rocclr_fillBufferUnAligned",3003,104089582475923,104089582478163,0,0,8,0,128,256,1,1,8192,1,1
"KERNEL_DISPATCH","Agent 2",1,0,1123883,2998,15,"__amd_rocclr_fillBufferUnAligned",2998,104089582449522,104089582450842,0,0,8,0,128,256,1,1,7680,1,1
"KERNEL_DISPATCH","Agent 2",1,0,1123883,2993,15,"__amd_rocclr_fillBufferUnAligned",2993,104089582426242,104089582427442,0,0,8,0,128,256,1,1,7680,1,1
"KERNEL_DISPATCH","Agent 2",1,0,1123883,2988,15,"__amd_rocclr_fillBufferUnAligned",2988,104089582402602,104089582403882,0,0,8,0,128,256,1,1,7680,1,1
"KERNEL_DISPATCH","Agent 2",1,0,1123883,2983,15,"__amd_rocclr_fillBufferUnAligned",2983,104089582379481,104089582380681,0,0,8,0,128,256,1,1,7680,1,1
"KERNEL_DISPATCH","Agent 2",1,0,1123883,2978,15,"__amd_rocclr_fillBufferUnAligned",2978,104089582356641,104089582357841,0,0,8,0,128,256,1,1,7680,1,1
"KERNEL_DISPATCH","Agent 2",1,0,1123883,2973,15,"__amd_rocclr_fillBufferUnAligned",2973,104089582333321,104089582334481,0,0,8,0,128,256,1,1,7680,1,1
"KERNEL_DISPATCH","Agent 2",1,0,1123883,2968,15,"__amd_rocclr_fillBufferUnAligned",2968,104089582310680,104089582311960,0,0,8,0,128,256,1,1,7680,1,1
"KERNEL_DISPATCH","Agent 2",1,0,1123883,2963,15,"__amd_rocclr_fillBufferUnAligned",2963,104089582287480,104089582288640,0,0,8,0,128,256,1,1,7680,1,1
"KERNEL_DISPATCH","Agent 2",1,0,1123883,2958,15,"__amd_rocclr_fillBufferUnAligned",2958,104089582264120,104089582265360,0,0,8,0,128,256,1,1,7680,1,1
"KERNEL_DISPATCH","Agent 2",1,0,1123883,2948,15,"__amd_rocclr_fillBufferUnAligned",2948,104089582216759,104089582218159,0,0,8,0,128,256,1,1,1536,1,1
"KERNEL_DISPATCH","Agent 2",1,0,1123883,2943,15,"__amd_rocclr_fillBufferUnAligned",2943,104089582192199,104089582193879,0,0,8,0,128,256,1,1,1536,1,1
"KERNEL_DISPATCH","Agent 2",1,0,1123883,2938,15,"__amd_rocclr_fillBufferUnAligned",2938,104089582168079,104089582169439,0,0,8,0,128,256,1,1,1536,1,1
"KERNEL_DISPATCH","Agent 2",1,0,1123883,2933,15,"__amd_rocclr_fillBufferUnAligned",2933,104089582144158,104089582145518,0,0,8,0,128,256,1,1,1536,1,1
"KERNEL_DISPATCH","Agent 2",1,0,1123883,2928,15,"__amd_rocclr_fillBufferUnAligned",2928,104089582120038,104089582121358,0,0,8,0,128,256,1,1,1536,1,1
"KERNEL_DISPATCH","Agent 2",1,0,1123883,2923,15,"__amd_rocclr_fillBufferUnAligned",2923,104089582095478,104089582096878,0,0,8,0,128,256,1,1,1536,1,1
"KERNEL_DISPATCH","Agent 2",1,0,1123883,2918,15,"__amd_rocclr_fillBufferUnAligned",2918,104089582071517,104089582072957,0,0,8,0,128,256,1,1,1536,1,1
"KERNEL_DISPATCH","Agent 2",1,0,1123883,2913,15,"__amd_rocclr_fillBufferUnAligned",2913,104089582047557,104089582048997,0,0,8,0,128,256,1,1,1536,1,1
"KERNEL_DISPATCH","Agent 2",1,0,1123883,2908,15,"__amd_rocclr_fillBufferUnAligned",2908,104089582023797,104089582025077,0,0,8,0,128,256,1,1,1536,1,1
"KERNEL_DISPATCH","Agent 2",1,0,1123883,2974,15,"__amd_rocclr_fillBufferUnAligned",2974,104089582338041,104089582339201,0,0,8,0,128,256,1,1,7680,1,1
"KERNEL_DISPATCH","Agent 2",1,0,1123883,2969,15,"__amd_rocclr_fillBufferUnAligned",2969,104089582315321,104089582316521,0,0,8,0,128,256,1,1,7680,1,1
"KERNEL_DISPATCH","Agent 2",1,0,1123883,2964,15,"__amd_rocclr_fillBufferUnAligned",2964,104089582291960,104089582293240,0,0,8,0,128,256,1,1,7680,1,1
"KERNEL_DISPATCH","Agent 2",1,0,1123883,2959,15,"__amd_rocclr_fillBufferUnAligned",2959,104089582268680,104089582269960,0,0,8,0,128,256,1,1,7680,1,1
"KERNEL_DISPATCH","Agent 2",1,0,1123883,2949,15,"__amd_rocclr_fillBufferUnAligned",2949,104089582221439,104089582222839,0,0,8,0,128,256,1,1,1536,1,1
"KERNEL_DISPATCH","Agent 2",1,0,1123883,2944,15,"__amd_rocclr_fillBufferUnAligned",2944,104089582197559,104089582198839,0,0,8,0,128,256,1,1,1536,1,1
"KERNEL_DISPATCH","Agent 2",1,0,1123883,2939,15,"__amd_rocclr_fillBufferUnAligned",2939,104089582172839,104089582174159,0,0,8,0,128,256,1,1,1536,1,1
"KERNEL_DISPATCH","Agent 2",1,0,1123883,2934,15,"__amd_rocclr_fillBufferUnAligned",2934,104089582148918,104089582150318,0,0,8,0,128,256,1,1,1536,1,1
"KERNEL_DISPATCH","Agent 2",1,0,1123883,2929,15,"__amd_rocclr_fillBufferUnAligned",2929,104089582124718,104089582126118,0,0,8,0,128,256,1,1,1536,1,1
"KERNEL_DISPATCH","Agent 2",1,0,1123883,2924,15,"__amd_rocclr_fillBufferUnAligned",2924,104089582100798,104089582102158,0,0,8,0,128,256,1,1,1536,1,1
"KERNEL_DISPATCH","Agent 2",1,0,1123883,2919,15,"__amd_rocclr_fillBufferUnAligned",2919,104089582076317,104089582077597,0,0,8,0,128,256,1,1,1536,1,1
"KERNEL_DISPATCH","Agent 2",1,0,1123883,2914,15,"__amd_rocclr_fillBufferUnAligned",2914,104089582052677,104089582054077,0,0,8,0,128,256,1,1,1536,1,1
"KERNEL_DISPATCH","Agent 2",1,0,1123883,2909,15,"__amd_rocclr_fillBufferUnAligned",2909,104089582028477,104089582029997,0,0,8,0,128,256,1,1,1536,1,1
"KERNEL_DISPATCH","Agent 2",1,0,1123883,2504,15,"__amd_rocclr_fillBufferUnAligned",2504,104089579740286,104089579742246,0,0,8,0,128,256,1,1,8192,1,1
"KERNEL_DISPATCH","Agent 2",1,0,1123883,2904,15,"__amd_rocclr_fillBufferUnAligned",2904,104089582004396,104089582005756,0,0,8,0,128,256,1,1,1536,1,1
"KERNEL_DISPATCH","Agent 2",1,0,1123883,2899,15,"__amd_rocclr_fillBufferUnAligned",2899,104089581964996,104089581967436,0,0,8,0,128,256,1,1,8192,1,1
"KERNEL_DISPATCH","Agent 2",1,0,1123883,2894,15,"__amd_rocclr_fillBufferUnAligned",2894,104089581936955,104089581939356,0,0,8,0,128,256,1,1,8192,1,1
"KERNEL_DISPATCH","Agent 2",1,0,1123883,2889,15,"__amd_rocclr_fillBufferUnAligned",2889,104089581909515,104089581911995,0,0,8,0,128,256,1,1,8192,1,1
"KERNEL_DISPATCH","Agent 2",1,0,1123883,2884,15,"__amd_rocclr_fillBufferUnAligned",2884,104089581881075,104089581883475,0,0,8,0,128,256,1,1,8192,1,1
"KERNEL_DISPATCH","Agent 2",1,0,1123883,2879,15,"__amd_rocclr_fillBufferUnAligned",2879,104089581852914,104089581855354,0,0,8,0,128,256,1,1,8192,1,1
"KERNEL_DISPATCH","Agent 2",1,0,1123883,2874,15,"__amd_rocclr_fillBufferUnAligned",2874,104089581824234,104089581825994,0,0,8,0,128,256,1,1,8192,1,1
"KERNEL_DISPATCH","Agent 2",1,0,1123883,2869,15,"__amd_rocclr_fillBufferUnAligned",2869,104089581799554,104089581801114,0,0,8,0,128,256,1,1,8192,1,1
"KERNEL_DISPATCH","Agent 2",1,0,1123883,2859,15,"__amd_rocclr_fillBufferUnAligned",2859,104089581751113,104089581752593,0,0,8,0,128,256,1,1,8192,1,1
"KERNEL_DISPATCH","Agent 2",1,0,1123883,2854,15,"__amd_rocclr_fillBufferUnAligned",2854,104089581725313,104089581727393,0,0,8,0,128,256,1,1,8192,1,1
"KERNEL_DISPATCH","Agent 2",1,0,1123883,2849,15,"__amd_rocclr_fillBufferUnAligned",2849,104089581697432,104089581699592,0,0,8,0,128,256,1,1,8192,1,1
"KERNEL_DISPATCH","Agent 2",1,0,1123883,2844,15,"__amd_rocclr_fillBufferUnAligned",2844,104089581669952,104089581672072,0,0,8,0,128,256,1,1,8192,1,1
"KERNEL_DISPATCH","Agent 2",1,0,1123883,2839,15,"__amd_rocclr_fillBufferUnAligned",2839,104089581641912,104089581644032,0,0,8,0,128,256,1,1,8192,1,1
"KERNEL_DISPATCH","Agent 2",1,0,1123883,2834,15,"__amd_rocclr_fillBufferUnAligned",2834,104089581614191,104089581616231,0,0,8,0,128,256,1,1,8192,1,1
"KERNEL_DISPATCH","Agent 2",1,0,1123883,2829,15,"__amd_rocclr_fillBufferUnAligned",2829,104089581587151,104089581589191,0,0,8,0,128,256,1,1,8192,1,1
"KERNEL_DISPATCH","Agent 2",1,0,1123883,2824,15,"__amd_rocclr_fillBufferUnAligned",2824,104089581559070,104089581561230,0,0,8,0,128,256,1,1,8192,1,1
"KERNEL_DISPATCH","Agent 2",1,0,1123883,2819,15,"__amd_rocclr_fillBufferUnAligned",2819,104089581531150,104089581533230,0,0,8,0,128,256,1,1,8192,1,1
"KERNEL_DISPATCH","Agent 2",1,0,1123883,2814,15,"__amd_rocclr_fillBufferUnAligned",2814,104089581503510,104089581505630,0,0,8,0,128,256,1,1,8192,1,1
"KERNEL_DISPATCH","Agent 2",1,0,1123883,2809,15,"__amd_rocclr_fillBufferUnAligned",2809,104089581475789,104089581477869,0,0,8,0,128,256,1,1,8192,1,1
"KERNEL_DISPATCH","Agent 2",1,0,1123883,2799,15,"__amd_rocclr_fillBufferUnAligned",2799,104089581427669,104089581428869,0,0,8,0,128,256,1,1,7680,1,1
"KERNEL_DISPATCH","Agent 2",1,0,1123883,2794,15,"__amd_rocclr_fillBufferUnAligned",2794,104089581404908,104089581406188,0,0,8,0,128,256,1,1,7680,1,1
"KERNEL_DISPATCH","Agent 2",1,0,1123883,2789,15,"__amd_rocclr_fillBufferUnAligned",2789,104089581382068,104089581383308,0,0,8,0,128,256,1,1,7680,1,1
"KERNEL_DISPATCH","Agent 2",1,0,1123883,2784,15,"__amd_rocclr_fillBufferUnAligned",2784,104089581358868,104089581360108,0,0,8,0,128,256,1,1,7680,1,1
"KERNEL_DISPATCH","Agent 2",1,0,1123883,2779,15,"__amd_rocclr_fillBufferUnAligned",2779,104089581335787,104089581337107,0,0,8,0,128,256,1,1,7680,1,1
"KERNEL_DISPATCH","Agent 2",1,0,1123883,2774,15,"__amd_rocclr_fillBufferUnAligned",2774,104089581312187,104089581313427,0,0,8,0,128,256,1,1,7680,1,1
"KERNEL_DISPATCH","Agent 2",1,0,1123883,2769,15,"__amd_rocclr_fillBufferUnAligned",2769,104089581288147,104089581289547,0,0,8,0,128,256,1,1,7680,1,1
"KERNEL_DISPATCH","Agent 2",1,0,1123883,2764,15,"__amd_rocclr_fillBufferUnAligned",2764,104089581264067,104089581265347,0,0,8,0,128,256,1,1,7680,1,1
"KERNEL_DISPATCH","Agent 2",1,0,1123883,2759,15,"__amd_rocclr_fillBufferUnAligned",2759,104089581239066,104089581240346,0,0,8,0,128,256,1,1,1536,1,1
"KERNEL_DISPATCH","Agent 2",1,0,1123883,2749,15,"__amd_rocclr_fillBufferUnAligned",2749,104089581191026,104089581192506,0,0,8,0,128,256,1,1,1536,1,1
"KERNEL_DISPATCH","Agent 2",1,0,1123883,2744,15,"__amd_rocclr_fillBufferUnAligned",2744,104089581166585,104089581167945,0,0,8,0,128,256,1,1,1536,1,1
"KERNEL_DISPATCH","Agent 2",1,0,1123883,2739,15,"__amd_rocclr_fillBufferUnAligned",2739,104089581141705,104089581143065,0,0,8,0,128,256,1,1,1536,1,1
"KERNEL_DISPATCH","Agent 2",1,0,1123883,2734,15,"__amd_rocclr_fillBufferUnAligned",2734,104089581117745,104089581119105,0,0,8,0,128,256,1,1,1536,1,1
"KERNEL_DISPATCH","Agent 2",1,0,1123883,2729,15,"__amd_rocclr_fillBufferUnAligned",2729,104089581092584,104089581094024,0,0,8,0,128,256,1,1,1536,1,1
"KERNEL_DISPATCH","Agent 2",1,0,1123883,2724,15,"__amd_rocclr_fillBufferUnAligned",2724,104089581068104,104089581069424,0,0,8,0,128,256,1,1,1536,1,1
"KERNEL_DISPATCH","Agent 2",1,0,1123883,2719,15,"__amd_rocclr_fillBufferUnAligned",2719,104089581043584,104089581045024,0,0,8,0,128,256,1,1,1536,1,1
"KERNEL_DISPATCH","Agent 2",1,0,1123883,2709,15,"__amd_rocclr_fillBufferUnAligned",2709,104089580991383,104089580993903,0,0,8,0,128,256,1,1,8192,1,1
"KERNEL_DISPATCH","Agent 2",1,0,1123883,2704,15,"__amd_rocclr_fillBufferUnAligned",2704,104089580962382,104089580964263,0,0,8,0,128,256,1,1,8192,1,1
"KERNEL_DISPATCH","Agent 2",1,0,1123883,2699,15,"__amd_rocclr_fillBufferUnAligned",2699,104089580934422,104089580935942,0,0,8,0,128,256,1,1,8192,1,1
"KERNEL_DISPATCH","Agent 2",1,0,1123883,2694,15,"__amd_rocclr_fillBufferUnAligned",2694,104089580905462,104089580907822,0,0,8,0,128,256,1,1,8192,1,1
"KERNEL_DISPATCH","Agent 2",1,0,1123883,2689,15,"__amd_rocclr_fillBufferUnAligned",2689,104089580880141,104089580881621,0,0,8,0,128,256,1,1,8192,1,1
"KERNEL_DISPATCH","Agent 2",1,0,1123883,2679,15,"__amd_rocclr_fillBufferUnAligned",2679,104089580828701,104089580830181,0,0,8,0,128,256,1,1,8192,1,1
"KERNEL_DISPATCH","Agent 2",1,0,1123883,2674,15,"__amd_rocclr_fillBufferUnAligned",2674,104089580803980,104089580805500,0,0,8,0,128,256,1,1,8192,1,1
"KERNEL_DISPATCH","Agent 2",1,0,1123883,2669,15,"__amd_rocclr_fillBufferUnAligned",2669,104089580778700,104089580780820,0,0,8,0,128,256,1,1,8192,1,1
"KERNEL_DISPATCH","Agent 2",1,0,1123883,2659,15,"__amd_rocclr_fillBufferUnAligned",2659,104089580723019,104089580724939,0,0,8,0,128,256,1,1,8192,1,1
"KERNEL_DISPATCH","Agent 2",1,0,1123883,2654,15,"__amd_rocclr_fillBufferUnAligned",2654,104089580696339,104089580697979,0,0,8,0,128,256,1,1,8192,1,1
"KERNEL_DISPATCH","Agent 2",1,0,1123883,2644,15,"__amd_rocclr_fillBufferUnAligned",2644,104089580641138,104089580643018,0,0,8,0,128,256,1,1,8192,1,1
"KERNEL_DISPATCH","Agent 2",1,0,1123883,2634,15,"__amd_rocclr_fillBufferUnAligned",2634,104089580584457,104089580586497,0,0,8,0,128,256,1,1,8192,1,1
"KERNEL_DISPATCH","Agent 2",1,0,1123883,1139,32,"gemm_qkv_mq4g256v2_wmma_fp8_v2_b128x128_gfx1201_symfold",1139,104086225377466,104086233738018,0,0,192,0,128,256,1,1,28672,64,1
"KERNEL_DISPATCH","Agent 2",1,0,1123883,1134,30,"gemm_gate_up_mq4g256v2_wmma_fp8_v2_b128x128_gfx1201_symfold",1134,104086189913073,104086210583949,0,0,192,0,128,256,1,1,69632,64,1
"KERNEL_DISPATCH","Agent 2",1,0,1123883,1129,25,"gated_norm_f32",1129,104086183720271,104086184702724,0,0,24,0,128,32,1,1,1536,8192,1
"KERNEL_DISPATCH","Agent 2",1,0,1123883,1124,24,"gated_delta_net_q8_fast",1124,104086180918833,104086181477521,2048,0,64,0,128,32,1,1,1536,32,1
"KERNEL_DISPATCH","Agent 2",1,0,1123883,1119,24,"gated_delta_net_q8_fast",1119,104086178065195,104086178637363,2048,0,64,0,128,32,1,1,1536,32,1
"KERNEL_DISPATCH","Agent 2",1,0,1123883,1114,24,"gated_delta_net_q8_fast",1114,104086175163797,104086175738844,2048,0,64,0,128,32,1,1,1536,32,1
"KERNEL_DISPATCH","Agent 2",1,0,1123883,1109,29,"gemm_mq4g256v2_residual_wmma_fp8_v2_b128x128_gfx1201_symfold",1109,104086151952167,104086161698337,0,0,192,0,128,256,1,1,10240,64,1
"KERNEL_DISPATCH","Agent 2",1,0,1123883,1104,29,"gemm_mq4g256v2_residual_wmma_fp8_v2_b128x128_gfx1201_symfold",1104,104086123034302,104086126388226,0,0,192,0,128,256,1,1,10240,64,1
"KERNEL_DISPATCH","Agent 2",1,0,1123883,1099,24,"gated_delta_net_q8_fast",1099,104086119786018,104086120339226,2048,0,64,0,128,32,1,1,1536,32,1
"KERNEL_DISPATCH","Agent 2",1,0,1123883,1094,24,"gated_delta_net_q8_fast",1094,104086116967981,104086117533268,2048,0,64,0,128,32,1,1,1536,32,1
"KERNEL_DISPATCH","Agent 2",1,0,1123883,1089,24,"gated_delta_net_q8_fast",1089,104086114069142,104086114651310,2048,0,64,0,128,32,1,1,1536,32,1
"KERNEL_DISPATCH","Agent 2",1,0,1123883,1084,22,"gdn_pre_batched_gfx1201",1084,104086109018435,104086111704590,33280,0,224,0,128,256,1,1,2686976,1,1
"KERNEL_DISPATCH","Agent 2",1,0,1123883,1079,31,"fused_silu_mul_mq_rotate_awq",1079,104086084934794,104086087758551,0,0,56,0,128,32,1,1,2176,8192,1
"KERNEL_DISPATCH","Agent 2",1,0,1123883,1074,26,"rotate_x_mq_awq",1074,104086058997648,104086059639296,0,0,80,0,128,32,1,1,768,8192,1
"KERNEL_DISPATCH","Agent 2",1,0,1123883,1069,24,"gated_delta_net_q8_fast",1069,104086055775365,104086056336012,2048,0,64,0,128,32,1,1,1536,32,1
"KERNEL_DISPATCH","Agent 2",1,0,1123883,1064,24,"gated_delta_net_q8_fast",1064,104086052932047,104086053507494,2048,0,64,0,128,32,1,1,1536,32,1
"KERNEL_DISPATCH","Agent 2",1,0,1123883,1059,24,"gated_delta_net_q8_fast",1059,104086050045408,104086050619696,2048,0,64,0,128,32,1,1,1536,32,1
"KERNEL_DISPATCH","Agent 2",1,0,1123883,1054,20,"fused_rmsnorm_mq_rotate_awq_mq4v2_fp8_gfx12",1054,104086036144743,104086036823672,0,0,96,0,128,256,1,1,2097152,1,1
"KERNEL_DISPATCH","Agent 2",1,0,1123883,1049,20,"fused_rmsnorm_mq_rotate_awq_mq4v2_fp8_gfx12",1049,104086000796992,104086001468560,0,0,96,0,128,256,1,1,2097152,1,1
"KERNEL_DISPATCH","Agent 2",1,0,1123883,1044,41,"attention_fp8_e4m3_fa2_gqa_packet_gfx1201",1044,104085983339399,104085995327319,0,0,240,0,128,256,1,1,6144,4,16
"KERNEL_DISPATCH","Agent 2",1,0,1123883,1039,33,"deinterleave_q_rmsnorm_f32_batched",1039,104085981198290,104085982576949,0,0,24,0,128,256,1,1,6144,8192,1
"KERNEL_DISPATCH","Agent 2",1,0,1123883,1034,31,"fused_silu_mul_mq_rotate_awq",1034,104085958109062,104085960930620,0,0,56,0,128,32,1,1,2176,8192,1
"KERNEL_DISPATCH","Agent 2",1,0,1123883,1029,26,"rotate_x_mq_awq",1029,104085932254238,104085932876886,0,0,80,0,128,32,1,1,768,8192,1
"KERNEL_DISPATCH","Agent 2",1,0,1123883,1024,24,"gated_delta_net_q8_fast",1024,104085929038595,104085929596402,2048,0,64,0,128,32,1,1,1536,32,1
"KERNEL_DISPATCH","Agent 2",1,0,1123883,1019,24,"gated_delta_net_q8_fast",1019,104085926205037,104085926778924,2048,0,64,0,128,32,1,1,1536,32,1
"KERNEL_DISPATCH","Agent 2",1,0,1123883,1014,24,"gated_delta_net_q8_fast",1014,104085923291718,104085923877926,2048,0,64,0,128,32,1,1,1536,32,1
"KERNEL_DISPATCH","Agent 2",1,0,1123883,1009,20,"fused_rmsnorm_mq_rotate_awq_mq4v2_fp8_gfx12",1009,104085909322212,104085910002101,0,0,96,0,128,256,1,1,2097152,1,1
"KERNEL_DISPATCH","Agent 2",1,0,1123883,1004,20,"fused_rmsnorm_mq_rotate_awq_mq4v2_fp8_gfx12",1004,104085873904819,104085874576988,0,0,96,0,128,256,1,1,2097152,1,1
"KERNEL_DISPATCH","Agent 2",1,0,1123883,999,24,"gated_delta_net_q8_fast",999,104085867839659,104085868395306,2048,0,64,0,128,32,1,1,1536,32,1
"KERNEL_DISPATCH","Agent 2",1,0,1123883,994,24,"gated_delta_net_q8_fast",994,104085865010101,104085865583148,2048,0,64,0,128,32,1,1,1536,32,1
"KERNEL_DISPATCH","Agent 2",1,0,1123883,989,24,"gated_delta_net_q8_fast",989,104085862129982,104085862704310,2048,0,64,0,128,32,1,1,1536,32,1
"KERNEL_DISPATCH","Agent 2",1,0,1123883,984,24,"gated_delta_net_q8_fast",984,104085859240024,104085859817512,2048,0,64,0,128,32,1,1,1536,32,1
"KERNEL_DISPATCH","Agent 2",1,0,1123883,979,27,"pack_f32_to_fp8_mq4v2_gfx12",979,104085835257104,104085836585682,512,0,24,0,128,256,1,1,2097152,1,1
"KERNEL_DISPATCH","Agent 2",1,0,1123883,974,27,"pack_f32_to_fp8_mq4v2_gfx12",974,104085807090888,104085807594335,512,0,24,0,128,256,1,1,2097152,1,1
"KERNEL_DISPATCH","Agent 2",1,0,1123883,969,24,"gated_delta_net_q8_fast",969,104085803768364,104085804331212,2048,0,64,0,128,32,1,1,1536,32,1
"KERNEL_DISPATCH","Agent 2",1,0,1123883,964,24,"gated_delta_net_q8_fast",964,104085800891246,104085801468373,2048,0,64,0,128,32,1,1,1536,32,1
"KERNEL_DISPATCH","Agent 2",1,0,1123883,959,24,"gated_delta_net_q8_fast",959,104085797954807,104085798535494,2048,0,64,0,128,32,1,1,1536,32,1
"KERNEL_DISPATCH","Agent 2",1,0,1123883,954,21,"gemm_qkvza_mq4g256v2_wmma_fp8_v2_b128x128_gfx1201_symfold",954,104085783972780,104085793501147,0,0,208,0,128,256,1,1,33024,64,1
"KERNEL_DISPATCH","Agent 2",1,0,1123883,949,30,"gemm_gate_up_mq4g256v2_wmma_fp8_v2_b128x128_gfx1201_symfold",949,104085748556268,104085769194943,0,0,192,0,128,256,1,1,69632,64,1
"KERNEL_DISPATCH","Agent 2",1,0,1123883,944,49,"sigmoid_mul_f32",944,104085742452186,104085743426399,0,0,16,0,128,256,1,1,50331648,1,1
"KERNEL_DISPATCH","Agent 2",1,0,1123883,939,35,"rmsnorm_f32",939,104085730483427,104085730694070,0,0,16,0,128,256,1,1,8388608,1,1
"KERNEL_DISPATCH","Agent 2",1,0,1123883,934,27,"pack_f32_to_fp8_mq4v2_gfx12",934,104085710238637,104085711560095,512,0,24,0,128,256,1,1,2097152,1,1
"KERNEL_DISPATCH","Agent 2",1,0,1123883,929,27,"pack_f32_to_fp8_mq4v2_gfx12",929,104085683421399,104085683921086,512,0,24,0,128,256,1,1,2097152,1,1
"KERNEL_DISPATCH","Agent 2",1,0,1123883,924,24,"gated_delta_net_q8_fast",924,104085680193396,104085680719363,2048,0,64,0,128,32,1,1,1536,32,1
"KERNEL_DISPATCH","Agent 2",1,0,1123883,919,24,"gated_delta_net_q8_fast",919,104085677542201,104085678072648,2048,0,64,0,128,32,1,1,1536,32,1
"KERNEL_DISPATCH","Agent 2",1,0,1123883,914,24,"gated_delta_net_q8_fast",914,104085674857365,104085675390492,2048,0,64,0,128,32,1,1,1536,32,1
"KERNEL_DISPATCH","Agent 2",1,0,1123883,909,21,"gemm_qkvza_mq4g256v2_wmma_fp8_v2_b128x128_gfx1201_symfold",909,104085661605428,104085670625189,0,0,208,0,128,256,1,1,33024,64,1
"KERNEL_DISPATCH","Agent 2",1,0,1123883,904,30,"gemm_gate_up_mq4g256v2_wmma_fp8_v2_b128x128_gfx1201_symfold",904,104085627842338,104085647723243,0,0,192,0,128,256,1,1,69632,64,1
"KERNEL_DISPATCH","Agent 2",1,0,1123883,899,25,"gated_norm_f32",899,104085621695816,104085622680709,0,0,24,0,128,32,1,1,1536,8192,1
"KERNEL_DISPATCH","Agent 2",1,0,1123883,894,24,"gated_delta_net_q8_fast",894,104085618945499,104085619487587,2048,0,64,0,128,32,1,1,1536,32,1
"KERNEL_DISPATCH","Agent 2",1,0,1123883,889,24,"gated_delta_net_q8_fast",889,104085616261224,104085616795471,2048,0,64,0,128,32,1,1,1536,32,1
"KERNEL_DISPATCH","Agent 2",1,0,1123883,884,24,"gated_delta_net_q8_fast",884,104085613532947,104085614079035,2048,0,64,0,128,32,1,1,1536,32,1
"KERNEL_DISPATCH","Agent 2",1,0,1123883,885,24,"gated_delta_net_q8_fast",885,104085614082315,104085614624242,2048,0,64,0,128,32,1,1,1536,32,1
"KERNEL_DISPATCH","Agent 2",1,0,1123883,890,24,"gated_delta_net_q8_fast",890,104085616798871,104085617330438,2048,0,64,0,128,32,1,1,1536,32,1
"KERNEL_DISPATCH","Agent 2",1,0,1123883,3032,15,"__amd_rocclr_fillBufferUnAligned",3032,104089582638725,104089582640845,0,0,8,0,128,256,1,1,8192,1,1
"KERNEL_DISPATCH","Agent 2",1,0,1123883,2898,15,"__amd_rocclr_fillBufferUnAligned",2898,104089581959276,104089581961676,0,0,8,0,128,256,1,1,8192,1,1
"KERNEL_DISPATCH","Agent 2",1,0,1123883,2893,15,"__amd_rocclr_fillBufferUnAligned",2893,104089581931155,104089581933595,0,0,8,0,128,256,1,1,8192,1,1
"KERNEL_DISPATCH","Agent 2",1,0,1123883,2888,15,"__amd_rocclr_fillBufferUnAligned",2888,104089581903595,104089581905955,0,0,8,0,128,256,1,1,8192,1,1
"KERNEL_DISPATCH","Agent 2",1,0,1123883,2883,15,"__amd_rocclr_fillBufferUnAligned",2883,104089581875315,104089581877675,0,0,8,0,128,256,1,1,8192,1,1
"KERNEL_DISPATCH","Agent 2",1,0,1123883,2878,15,"__amd_rocclr_fillBufferUnAligned",2878,104089581847154,104089581849554,0,0,8,0,128,256,1,1,8192,1,1
"KERNEL_DISPATCH","Agent 2",1,0,1123883,2873,15,"__amd_rocclr_fillBufferUnAligned",2873,104089581819274,104089581820794,0,0,8,0,128,256,1,1,8192,1,1
"KERNEL_DISPATCH","Agent 2",1,0,1123883,2868,15,"__amd_rocclr_fillBufferUnAligned",2868,104089581794634,104089581796194,0,0,8,0,128,256,1,1,8192,1,1
"KERNEL_DISPATCH","Agent 2",1,0,1123883,2858,15,"__amd_rocclr_fillBufferUnAligned",2858,104089581745953,104089581747793,0,0,8,0,128,256,1,1,8192,1,1
"KERNEL_DISPATCH","Agent 2",1,0,1123883,2853,15,"__amd_rocclr_fillBufferUnAligned",2853,104089581719593,104089581721953,0,0,8,0,128,256,1,1,8192,1,1
"KERNEL_DISPATCH","Agent 2",1,0,1123883,2848,15,"__amd_rocclr_fillBufferUnAligned",2848,104089581691832,104089581694152,0,0,8,0,128,256,1,1,8192,1,1
"KERNEL_DISPATCH","Agent 2",1,0,1123883,2843,15,"__amd_rocclr_fillBufferUnAligned",2843,104089581664472,104089581666592,0,0,8,0,128,256,1,1,8192,1,1
"KERNEL_DISPATCH","Agent 2",1,0,1123883,2838,15,"__amd_rocclr_fillBufferUnAligned",2838,104089581636511,104089581638631,0,0,8,0,128,256,1,1,8192,1,1
"KERNEL_DISPATCH","Agent 2",1,0,1123883,2833,15,"__amd_rocclr_fillBufferUnAligned",2833,104089581608751,104089581610831,0,0,8,0,128,256,1,1,8192,1,1
"KERNEL_DISPATCH","Agent 2",1,0,1123883,2828,15,"__amd_rocclr_fillBufferUnAligned",2828,104089581581511,104089581583791,0,0,8,0,128,256,1,1,8192,1,1
"KERNEL_DISPATCH","Agent 2",1,0,1123883,2823,15,"__amd_rocclr_fillBufferUnAligned",2823,104089581553670,104089581555750,0,0,8,0,128,256,1,1,8192,1,1
"KERNEL_DISPATCH","Agent 2",1,0,1123883,2818,15,"__amd_rocclr_fillBufferUnAligned",2818,104089581525750,104089581527790,0,0,8,0,128,256,1,1,8192,1,1
"KERNEL_DISPATCH","Agent 2",1,0,1123883,2813,15,"__amd_rocclr_fillBufferUnAligned",2813,104089581498070,104089581500190,0,0,8,0,128,256,1,1,8192,1,1
"KERNEL_DISPATCH","Agent 2",1,0,1123883,2808,15,"__amd_rocclr_fillBufferUnAligned",2808,104089581470189,104089581472469,0,0,8,0,128,256,1,1,8192,1,1
"KERNEL_DISPATCH","Agent 2",1,0,1123883,2798,15,"__amd_rocclr_fillBufferUnAligned",2798,104089581423229,104089581424389,0,0,8,0,128,256,1,1,7680,1,1
"KERNEL_DISPATCH","Agent 2",1,0,1123883,2793,15,"__amd_rocclr_fillBufferUnAligned",2793,104089581400348,104089581401588,0,0,8,0,128,256,1,1,7680,1,1
"KERNEL_DISPATCH","Agent 2",1,0,1123883,2788,15,"__amd_rocclr_fillBufferUnAligned",2788,104089581377548,104089581378708,0,0,8,0,128,256,1,1,7680,1,1
"KERNEL_DISPATCH","Agent 2",1,0,1123883,2783,15,"__amd_rocclr_fillBufferUnAligned",2783,104089581354268,104089581355508,0,0,8,0,128,256,1,1,7680,1,1
"KERNEL_DISPATCH","Agent 2",1,0,1123883,2778,15,"__amd_rocclr_fillBufferUnAligned",2778,104089581330987,104089581332267,0,0,8,0,128,256,1,1,7680,1,1
"KERNEL_DISPATCH","Agent 2",1,0,1123883,2773,15,"__amd_rocclr_fillBufferUnAligned",2773,104089581307267,104089581308827,0,0,8,0,128,256,1,1,7680,1,1
"KERNEL_DISPATCH","Agent 2",1,0,1123883,2768,15,"__amd_rocclr_fillBufferUnAligned",2768,104089581283427,104089581284707,0,0,8,0,128,256,1,1,7680,1,1
"KERNEL_DISPATCH","Agent 2",1,0,1123883,2763,15,"__amd_rocclr_fillBufferUnAligned",2763,104089581258786,104089581259946,0,0,8,0,128,256,1,1,7680,1,1
"KERNEL_DISPATCH","Agent 2",1,0,1123883,2758,15,"__amd_rocclr_fillBufferUnAligned",2758,104089581234306,104089581235626,0,0,8,0,128,256,1,1,1536,1,1
"KERNEL_DISPATCH","Agent 2",1,0,1123883,2748,15,"__amd_rocclr_fillBufferUnAligned",2748,104089581186185,104089581187585,0,0,8,0,128,256,1,1,1536,1,1
"KERNEL_DISPATCH","Agent 2",1,0,1123883,895,24,"gated_delta_net_q8_fast",895,104085619490827,104085620035154,2048,0,64,0,128,32,1,1,1536,32,1
"KERNEL_DISPATCH","Agent 2",1,0,1123883,900,26,"rotate_x_mq_awq",900,104085622693109,104085623316998,0,0,80,0,128,32,1,1,768,8192,1
"KERNEL_DISPATCH","Agent 2",1,0,1123883,3027,15,"__amd_rocclr_fillBufferUnAligned",3027,104089582610524,104089582612644,0,0,8,0,128,256,1,1,8192,1,1
"KERNEL_DISPATCH","Agent 2",1,0,1123883,905,31,"fused_silu_mul_mq_rotate_awq",905,104085647735603,104085650560801,0,0,56,0,128,32,1,1,2176,8192,1
"KERNEL_DISPATCH","Agent 2",1,0,1123883,910,22,"gdn_pre_batched_gfx1201",910,104085670637269,104085673239544,33280,0,224,0,128,256,1,1,2686976,1,1
"KERNEL_DISPATCH","Agent 2",1,0,1123883,915,24,"gated_delta_net_q8_fast",915,104085675393852,104085675928779,2048,0,64,0,128,32,1,1,1536,32,1
"KERNEL_DISPATCH","Agent 2",1,0,1123883,920,24,"gated_delta_net_q8_fast",920,104085678075848,104085678603815,2048,0,64,0,128,32,1,1,1536,32,1
"KERNEL_DISPATCH","Agent 2",1,0,1123883,925,24,"gated_delta_net_q8_fast",925,104085680722603,104085681250570,2048,0,64,0,128,32,1,1,1536,32,1
"KERNEL_DISPATCH","Agent 2",1,0,1123883,930,29,"gemm_mq4g256v2_residual_wmma_fp8_v2_b128x128_gfx1201_symfold",930,104085683924326,104085687223730,0,0,192,0,128,256,1,1,10240,64,1
"KERNEL_DISPATCH","Agent 2",1,0,1123883,935,29,"gemm_mq4g256v2_residual_wmma_fp8_v2_b128x128_gfx1201_symfold",935,104085711563735,104085720426333,0,0,192,0,128,256,1,1,10240,64,1
"KERNEL_DISPATCH","Agent 2",1,0,1123883,940,36,"rope_partial_halfsplit_batched_f32",940,104085730697750,104085731060355,0,0,16,0,128,32,1,1,32,8192,1
"KERNEL_DISPATCH","Agent 2",1,0,1123883,945,26,"rotate_x_mq_awq",945,104085743438520,104085744070688,0,0,80,0,128,32,1,1,768,8192,1
"KERNEL_DISPATCH","Agent 2",1,0,1123883,950,31,"fused_silu_mul_mq_rotate_awq",950,104085769207263,104085772031941,0,0,56,0,128,32,1,1,2176,8192,1
"KERNEL_DISPATCH","Agent 2",1,0,1123883,955,22,"gdn_pre_batched_gfx1201",955,104085793513267,104085796186223,33280,0,224,0,128,256,1,1,2686976,1,1
"KERNEL_DISPATCH","Agent 2",1,0,1123883,960,24,"gated_delta_net_q8_fast",960,104085798538814,104085799120142,2048,0,64,0,128,32,1,1,1536,32,1
"KERNEL_DISPATCH","Agent 2",1,0,1123883,965,24,"gated_delta_net_q8_fast",965,104085801471734,104085802046101,2048,0,64,0,128,32,1,1,1536,32,1
"KERNEL_DISPATCH","Agent 2",1,0,1123883,970,24,"gated_delta_net_q8_fast",970,104085804334452,104085804894059,2048,0,64,0,128,32,1,1,1536,32,1
"KERNEL_DISPATCH","Agent 2",1,0,1123883,975,29,"gemm_mq4g256v2_residual_wmma_fp8_v2_b128x128_gfx1201_symfold",975,104085807597575,104085810961620,0,0,192,0,128,256,1,1,10240,64,1
"KERNEL_DISPATCH","Agent 2",1,0,1123883,980,29,"gemm_mq4g256v2_residual_wmma_fp8_v2_b128x128_gfx1201_symfold",980,104085836589402,104085846374092,0,0,192,0,128,256,1,1,10240,64,1
"KERNEL_DISPATCH","Agent 2",1,0,1123883,985,24,"gated_delta_net_q8_fast",985,104085859820712,104085860395119,2048,0,64,0,128,32,1,1,1536,32,1
"KERNEL_DISPATCH","Agent 2",1,0,1123883,990,24,"gated_delta_net_q8_fast",990,104085862707670,104085863281758,2048,0,64,0,128,32,1,1,1536,32,1
"KERNEL_DISPATCH","Agent 2",1,0,1123883,995,24,"gated_delta_net_q8_fast",995,104085865586348,104085866150276,2048,0,64,0,128,32,1,1,1536,32,1
"KERNEL_DISPATCH","Agent 2",1,0,1123883,1000,25,"gated_norm_f32",1000,104085868398706,104085869380679,0,0,24,0,128,32,1,1,1536,8192,1
"KERNEL_DISPATCH","Agent 2",1,0,1123883,1005,30,"gemm_gate_up_mq4g256v2_wmma_fp8_v2_b128x128_gfx1201_symfold",1005,104085874589229,104085895292985,0,0,192,0,128,256,1,1,69632,64,1
"KERNEL_DISPATCH","Agent 2",1,0,1123883,1010,21,"gemm_qkvza_mq4g256v2_wmma_fp8_v2_b128x128_gfx1201_symfold",1010,104085910014101,104085919436667,0,0,208,0,128,256,1,1,33024,64,1
"KERNEL_DISPATCH","Agent 2",1,0,1123883,1015,24,"gated_delta_net_q8_fast",1015,104085923881286,104085924460854,2048,0,64,0,128,32,1,1,1536,32,1
"KERNEL_DISPATCH","Agent 2",1,0,1123883,1020,24,"gated_delta_net_q8_fast",1020,104085926782205,104085927348572,2048,0,64,0,128,32,1,1,1536,32,1
"KERNEL_DISPATCH","Agent 2",1,0,1123883,1025,24,"gated_delta_net_q8_fast",1025,104085929599762,104085930152209,2048,0,64,0,128,32,1,1,1536,32,1
"KERNEL_DISPATCH","Agent 2",1,0,1123883,1030,27,"pack_f32_to_fp8_mq4v2_gfx12",1030,104085932889006,104085933390293,512,0,24,0,128,256,1,1,2097152,1,1
"KERNEL_DISPATCH","Agent 2",1,0,1123883,1035,27,"pack_f32_to_fp8_mq4v2_gfx12",1035,104085960942820,104085962271758,512,0,24,0,128,256,1,1,2097152,1,1
"KERNEL_DISPATCH","Agent 2",1,0,1123883,1040,35,"rmsnorm_f32",1040,104085982589109,104085982808592,0,0,16,0,128,256,1,1,8388608,1,1
"KERNEL_DISPATCH","Agent 2",1,0,1123883,1045,49,"sigmoid_mul_f32",1045,104085995339239,104085996314692,0,0,16,0,128,256,1,1,50331648,1,1
"KERNEL_DISPATCH","Agent 2",1,0,1123883,1050,30,"gemm_gate_up_mq4g256v2_wmma_fp8_v2_b128x128_gfx1201_symfold",1050,104086001480521,104086022060515,0,0,192,0,128,256,1,1,69632,64,1
"KERNEL_DISPATCH","Agent 2",1,0,1123883,1055,21,"gemm_qkvza_mq4g256v2_wmma_fp8_v2_b128x128_gfx1201_symfold",1055,104086036835632,104086046191917,0,0,208,0,128,256,1,1,33024,64,1
"KERNEL_DISPATCH","Agent 2",1,0,1123883,1060,24,"gated_delta_net_q8_fast",1060,104086050623016,104086051194784,2048,0,64,0,128,32,1,1,1536,32,1
"KERNEL_DISPATCH","Agent 2",1,0,1123883,1065,24,"gated_delta_net_q8_fast",1065,104086053510734,104086054079622,2048,0,64,0,128,32,1,1,1536,32,1
"KERNEL_DISPATCH","Agent 2",1,0,1123883,1070,24,"gated_delta_net_q8_fast",1070,104086056339212,104086056892180,2048,0,64,0,128,32,1,1,1536,32,1
"KERNEL_DISPATCH","Agent 2",1,0,1123883,1075,27,"pack_f32_to_fp8_mq4v2_gfx12",1075,104086059643016,104086060144783,512,0,24,0,128,256,1,1,2097152,1,1
"KERNEL_DISPATCH","Agent 2",1,0,1123883,1080,27,"pack_f32_to_fp8_mq4v2_gfx12",1080,104086087770631,104086089098489,512,0,24,0,128,256,1,1,2097152,1,1
"KERNEL_DISPATCH","Agent 2",1,0,1123883,1085,24,"gated_delta_net_q8_fast",1085,104086111716631,104086112304678,2048,0,64,0,128,32,1,1,1536,32,1
"KERNEL_DISPATCH","Agent 2",1,0,1123883,1090,24,"gated_delta_net_q8_fast",1090,104086114654590,104086115238958,2048,0,64,0,128,32,1,1,1536,32,1
"KERNEL_DISPATCH","Agent 2",1,0,1123883,1095,24,"gated_delta_net_q8_fast",1095,104086117536468,104086118098956,2048,0,64,0,128,32,1,1,1536,32,1
"KERNEL_DISPATCH","Agent 2",1,0,1123883,3151,15,"__amd_rocclr_fillBufferUnAligned",3151,104089583221573,104089583222773,0,0,8,0,128,256,1,1,7680,1,1
"KERNEL_DISPATCH","Agent 2",1,0,1123883,1100,24,"gated_delta_net_q8_fast",1100,104086120342426,104086120894433,2048,0,64,0,128,32,1,1,1536,32,1
"KERNEL_DISPATCH","Agent 2",1,0,1123883,3146,15,"__amd_rocclr_fillBufferUnAligned",3146,104089583198452,104089583199812,0,0,8,0,128,256,1,1,7680,1,1
"KERNEL_DISPATCH","Agent 2",1,0,1123883,2743,15,"__amd_rocclr_fillBufferUnAligned",2743,104089581161785,104089581163185,0,0,8,0,128,256,1,1,1536,1,1
"KERNEL_DISPATCH","Agent 2",1,0,1123883,1105,20,"fused_rmsnorm_mq_rotate_awq_mq4v2_fp8_gfx12",1105,104086126400466,104086127072235,0,0,96,0,128,256,1,1,2097152,1,1
"KERNEL_DISPATCH","Agent 2",1,0,1123883,3141,15,"__amd_rocclr_fillBufferUnAligned",3141,104089583175252,104089583176612,0,0,8,0,128,256,1,1,1536,1,1
"KERNEL_DISPATCH","Agent 2",1,0,1123883,3136,15,"__amd_rocclr_fillBufferUnAligned",3136,104089583152132,104089583153372,0,0,8,0,128,256,1,1,1536,1,1
"KERNEL_DISPATCH","Agent 2",1,0,1123883,2738,15,"__amd_rocclr_fillBufferUnAligned",2738,104089581136905,104089581138305,0,0,8,0,128,256,1,1,1536,1,1
"KERNEL_DISPATCH","Agent 2",1,0,1123883,3022,15,"__amd_rocclr_fillBufferUnAligned",3022,104089582582364,104089582584484,0,0,8,0,128,256,1,1,8192,1,1
"KERNEL_DISPATCH","Agent 2",1,0,1123883,1110,20,"fused_rmsnorm_mq_rotate_awq_mq4v2_fp8_gfx12",1110,104086161710657,104086162392266,0,0,96,0,128,256,1,1,2097152,1,1
"KERNEL_DISPATCH","Agent 2",1,0,1123883,3131,15,"__amd_rocclr_fillBufferUnAligned",3131,104089583128571,104089583129851,0,0,8,0,128,256,1,1,1536,1,1
"KERNEL_DISPATCH","Agent 2",1,0,1123883,1115,24,"gated_delta_net_q8_fast",1115,104086175742204,104086176317732,2048,0,64,0,128,32,1,1,1536,32,1
"KERNEL_DISPATCH","Agent 2",1,0,1123883,3126,15,"__amd_rocclr_fillBufferUnAligned",3126,104089583105451,104089583106771,0,0,8,0,128,256,1,1,1536,1,1
"KERNEL_DISPATCH","Agent 2",1,0,1123883,1120,24,"gated_delta_net_q8_fast",1120,104086178640603,104086179211891,2048,0,64,0,128,32,1,1,1536,32,1
"KERNEL_DISPATCH","Agent 2",1,0,1123883,3121,15,"__amd_rocclr_fillBufferUnAligned",3121,104089583082291,104089583083611,0,0,8,0,128,256,1,1,1536,1,1
"KERNEL_DISPATCH","Agent 2",1,0,1123883,1125,24,"gated_delta_net_q8_fast",1125,104086181480721,104086182038848,2048,0,64,0,128,32,1,1,1536,32,1
"KERNEL_DISPATCH","Agent 2",1,0,1123883,3116,15,"__amd_rocclr_fillBufferUnAligned",3116,104089583059050,104089583060370,0,0,8,0,128,256,1,1,1536,1,1
"KERNEL_DISPATCH","Agent 2",1,0,1123883,1130,26,"rotate_x_mq_awq",1130,104086184714764,104086185336372,0,0,80,0,128,32,1,1,768,8192,1
"KERNEL_DISPATCH","Agent 2",1,0,1123883,3111,15,"__amd_rocclr_fillBufferUnAligned",3111,104089583035650,104089583036930,0,0,8,0,128,256,1,1,1536,1,1
"KERNEL_DISPATCH","Agent 2",1,0,1123883,3106,15,"__amd_rocclr_fillBufferUnAligned",3106,104089583012410,104089583013730,0,0,8,0,128,256,1,1,1536,1,1
"KERNEL_DISPATCH","Agent 2",1,0,1123883,3096,15,"__amd_rocclr_fillBufferUnAligned",3096,104089582965729,104089582967049,0,0,8,0,128,256,1,1,1536,1,1
"KERNEL_DISPATCH","Agent 2",1,0,1123883,3091,15,"__amd_rocclr_fillBufferUnAligned",3091,104089582937769,104089582939889,0,0,8,0,128,256,1,1,8192,1,1
"KERNEL_DISPATCH","Agent 2",1,0,1123883,3086,15,"__amd_rocclr_fillBufferUnAligned",3086,104089582911008,104089582912568,0,0,8,0,128,256,1,1,8192,1,1
"KERNEL_DISPATCH","Agent 2",1,0,1123883,3081,15,"__amd_rocclr_fillBufferUnAligned",3081,104089582887088,104089582888568,0,0,8,0,128,256,1,1,8192,1,1
"KERNEL_DISPATCH","Agent 2",1,0,1123883,3076,15,"__amd_rocclr_fillBufferUnAligned",3076,104089582860168,104089582861608,0,0,8,0,128,256,1,1,8192,1,1
"KERNEL_DISPATCH","Agent 2",1,0,1123883,3071,15,"__amd_rocclr_fillBufferUnAligned",3071,104089582836047,104089582837807,0,0,8,0,128,256,1,1,8192,1,1
"KERNEL_DISPATCH","Agent 2",1,0,1123883,3066,15,"__amd_rocclr_fillBufferUnAligned",3066,104089582812287,104089582813687,0,0,8,0,128,256,1,1,8192,1,1
"KERNEL_DISPATCH","Agent 2",1,0,1123883,3061,15,"__amd_rocclr_fillBufferUnAligned",3061,104089582788527,104089582790087,0,0,8,0,128,256,1,1,8192,1,1
"KERNEL_DISPATCH","Agent 2",1,0,1123883,3056,15,"__amd_rocclr_fillBufferUnAligned",3056,104089582764807,104089582766167,0,0,8,0,128,256,1,1,8192,1,1
"KERNEL_DISPATCH","Agent 2",1,0,1123883,3051,15,"__amd_rocclr_fillBufferUnAligned",3051,104089582740806,104089582742246,0,0,8,0,128,256,1,1,8192,1,1
"KERNEL_DISPATCH","Agent 2",1,0,1123883,3046,15,"__amd_rocclr_fillBufferUnAligned",3046,104089582715166,104089582717366,0,0,8,0,128,256,1,1,8192,1,1
"KERNEL_DISPATCH","Agent 2",1,0,1123883,3041,15,"__amd_rocclr_fillBufferUnAligned",3041,104089582688205,104089582690326,0,0,8,0,128,256,1,1,8192,1,1
"KERNEL_DISPATCH","Agent 2",1,0,1123883,3036,15,"__amd_rocclr_fillBufferUnAligned",3036,104089582661285,104089582663325,0,0,8,0,128,256,1,1,8192,1,1
"KERNEL_DISPATCH","Agent 2",1,0,1123883,3031,15,"__amd_rocclr_fillBufferUnAligned",3031,104089582632645,104089582634765,0,0,8,0,128,256,1,1,8192,1,1
"KERNEL_DISPATCH","Agent 2",1,0,1123883,3026,15,"__amd_rocclr_fillBufferUnAligned",3026,104089582604724,104089582606884,0,0,8,0,128,256,1,1,8192,1,1
"KERNEL_DISPATCH","Agent 2",1,0,1123883,3021,15,"__amd_rocclr_fillBufferUnAligned",3021,104089582576884,104089582579044,0,0,8,0,128,256,1,1,8192,1,1
"KERNEL_DISPATCH","Agent 2",1,0,1123883,3016,15,"__amd_rocclr_fillBufferUnAligned",3016,104089582549204,104089582551364,0,0,8,0,128,256,1,1,8192,1,1
"KERNEL_DISPATCH","Agent 2",1,0,1123883,3011,15,"__amd_rocclr_fillBufferUnAligned",3011,104089582521123,104089582523243,0,0,8,0,128,256,1,1,8192,1,1
"KERNEL_DISPATCH","Agent 2",1,0,1123883,3006,15,"__amd_rocclr_fillBufferUnAligned",3006,104089582492363,104089582494483,0,0,8,0,128,256,1,1,8192,1,1
"KERNEL_DISPATCH","Agent 2",1,0,1123883,3001,15,"__amd_rocclr_fillBufferUnAligned",3001,104089582464843,104089582467003,0,0,8,0,128,256,1,1,8192,1,1
"KERNEL_DISPATCH","Agent 2",1,0,1123883,2996,15,"__amd_rocclr_fillBufferUnAligned",2996,104089582439722,104089582441122,0,0,8,0,128,256,1,1,7680,1,1
"KERNEL_DISPATCH","Agent 2",1,0,1123883,2991,15,"__amd_rocclr_fillBufferUnAligned",2991,104089582416922,104089582418082,0,0,8,0,128,256,1,1,7680,1,1
"KERNEL_DISPATCH","Agent 2",1,0,1123883,2986,15,"__amd_rocclr_fillBufferUnAligned",2986,104089582393362,104089582394882,0,0,8,0,128,256,1,1,7680,1,1
"KERNEL_DISPATCH","Agent 2",1,0,1123883,2981,15,"__amd_rocclr_fillBufferUnAligned",2981,104089582370361,104089582371521,0,0,8,0,128,256,1,1,7680,1,1
"KERNEL_DISPATCH","Agent 2",1,0,1123883,2976,15,"__amd_rocclr_fillBufferUnAligned",2976,104089582347161,104089582348321,0,0,8,0,128,256,1,1,7680,1,1
"KERNEL_DISPATCH","Agent 2",1,0,1123883,2966,15,"__amd_rocclr_fillBufferUnAligned",2966,104089582301160,104089582302320,0,0,8,0,128,256,1,1,7680,1,1
"KERNEL_DISPATCH","Agent 2",1,0,1123883,2961,15,"__amd_rocclr_fillBufferUnAligned",2961,104089582277880,104089582279120,0,0,8,0,128,256,1,1,7680,1,1
"KERNEL_DISPATCH","Agent 2",1,0,1123883,2956,15,"__amd_rocclr_fillBufferUnAligned",2956,104089582254560,104089582255920,0,0,8,0,128,256,1,1,7680,1,1
"KERNEL_DISPATCH","Agent 2",1,0,1123883,2951,15,"__amd_rocclr_fillBufferUnAligned",2951,104089582230919,104089582232319,0,0,8,0,128,256,1,1,1536,1,1
"KERNEL_DISPATCH","Agent 2",1,0,1123883,2946,15,"__amd_rocclr_fillBufferUnAligned",2946,104089582206839,104089582208279,0,0,8,0,128,256,1,1,1536,1,1
"KERNEL_DISPATCH","Agent 2",1,0,1123883,2941,15,"__amd_rocclr_fillBufferUnAligned",2941,104089582182719,104089582184159,0,0,8,0,128,256,1,1,1536,1,1
"KERNEL_DISPATCH","Agent 2",1,0,1123883,2936,15,"__amd_rocclr_fillBufferUnAligned",2936,104089582158318,104089582159638,0,0,8,0,128,256,1,1,1536,1,1
"KERNEL_DISPATCH","Agent 2",1,0,1123883,2931,15,"__amd_rocclr_fillBufferUnAligned",2931,104089582134238,104089582135518,0,0,8,0,128,256,1,1,1536,1,1
"KERNEL_DISPATCH","Agent 2",1,0,1123883,2926,15,"__amd_rocclr_fillBufferUnAligned",2926,104089582110318,104089582111718,0,0,8,0,128,256,1,1,1536,1,1
"KERNEL_DISPATCH","Agent 2",1,0,1123883,2921,15,"__amd_rocclr_fillBufferUnAligned",2921,104089582085637,104089582087037,0,0,8,0,128,256,1,1,1536,1,1
"KERNEL_DISPATCH","Agent 2",1,0,1123883,2916,15,"__amd_rocclr_fillBufferUnAligned",2916,104089582062157,104089582063517,0,0,8,0,128,256,1,1,1536,1,1
"KERNEL_DISPATCH","Agent 2",1,0,1123883,2911,15,"__amd_rocclr_fillBufferUnAligned",2911,104089582038117,104089582039517,0,0,8,0,128,256,1,1,1536,1,1
"KERNEL_DISPATCH","Agent 2",1,0,1123883,2906,15,"__amd_rocclr_fillBufferUnAligned",2906,104089582013837,104089582015277,0,0,8,0,128,256,1,1,1536,1,1
"KERNEL_DISPATCH","Agent 2",1,0,1123883,2901,15,"__amd_rocclr_fillBufferUnAligned",2901,104089581989796,104089581991316,0,0,8,0,128,256,1,1,8192,1,1
"KERNEL_DISPATCH","Agent 2",1,0,1123883,2896,15,"__amd_rocclr_fillBufferUnAligned",2896,104089581948396,104089581950356,0,0,8,0,128,256,1,1,8192,1,1
"KERNEL_DISPATCH","Agent 2",1,0,1123883,2891,15,"__amd_rocclr_fillBufferUnAligned",2891,104089581920555,104089581922075,0,0,8,0,128,256,1,1,8192,1,1
"KERNEL_DISPATCH","Agent 2",1,0,1123883,2886,15,"__amd_rocclr_fillBufferUnAligned",2886,104089581892475,104089581894475,0,0,8,0,128,256,1,1,8192,1,1
"KERNEL_DISPATCH","Agent 2",1,0,1123883,2881,15,"__amd_rocclr_fillBufferUnAligned",2881,104089581864475,104089581866475,0,0,8,0,128,256,1,1,8192,1,1
"KERNEL_DISPATCH","Agent 2",1,0,1123883,2871,15,"__amd_rocclr_fillBufferUnAligned",2871,104089581809714,104089581811194,0,0,8,0,128,256,1,1,8192,1,1
"KERNEL_DISPATCH","Agent 2",1,0,1123883,2866,15,"__amd_rocclr_fillBufferUnAligned",2866,104089581784833,104089581786313,0,0,8,0,128,256,1,1,8192,1,1
"KERNEL_DISPATCH","Agent 2",1,0,1123883,2861,15,"__amd_rocclr_fillBufferUnAligned",2861,104089581760753,104089581762273,0,0,8,0,128,256,1,1,8192,1,1
"KERNEL_DISPATCH","Agent 2",1,0,1123883,2856,15,"__amd_rocclr_fillBufferUnAligned",2856,104089581736153,104089581737753,0,0,8,0,128,256,1,1,8192,1,1
"KERNEL_DISPATCH","Agent 2",1,0,1123883,2851,15,"__amd_rocclr_fillBufferUnAligned",2851,104089581708392,104089581710552,0,0,8,0,128,256,1,1,8192,1,1
"KERNEL_DISPATCH","Agent 2",1,0,1123883,2846,15,"__amd_rocclr_fillBufferUnAligned",2846,104089581680912,104089581682992,0,0,8,0,128,256,1,1,8192,1,1
"KERNEL_DISPATCH","Agent 2",1,0,1123883,2841,15,"__amd_rocclr_fillBufferUnAligned",2841,104089581652792,104089581654952,0,0,8,0,128,256,1,1,8192,1,1
"KERNEL_DISPATCH","Agent 2",1,0,1123883,2836,15,"__amd_rocclr_fillBufferUnAligned",2836,104089581625311,104089581627391,0,0,8,0,128,256,1,1,8192,1,1
"KERNEL_DISPATCH","Agent 2",1,0,1123883,2831,15,"__amd_rocclr_fillBufferUnAligned",2831,104089581597871,104089581599951,0,0,8,0,128,256,1,1,8192,1,1
"KERNEL_DISPATCH","Agent 2",1,0,1123883,2826,15,"__amd_rocclr_fillBufferUnAligned",2826,104089581570591,104089581572791,0,0,8,0,128,256,1,1,8192,1,1
"KERNEL_DISPATCH","Agent 2",1,0,1123883,2821,15,"__amd_rocclr_fillBufferUnAligned",2821,104089581542310,104089581544510,0,0,8,0,128,256,1,1,8192,1,1
"KERNEL_DISPATCH","Agent 2",1,0,1123883,2816,15,"__amd_rocclr_fillBufferUnAligned",2816,104089581514950,104089581517030,0,0,8,0,128,256,1,1,8192,1,1
"KERNEL_DISPATCH","Agent 2",1,0,1123883,2806,15,"__amd_rocclr_fillBufferUnAligned",2806,104089581460509,104089581461829,0,0,8,0,128,256,1,1,7680,1,1
"KERNEL_DISPATCH","Agent 2",1,0,1123883,2801,15,"__amd_rocclr_fillBufferUnAligned",2801,104089581436709,104089581437909,0,0,8,0,128,256,1,1,7680,1,1
"KERNEL_DISPATCH","Agent 2",1,0,1123883,2796,15,"__amd_rocclr_fillBufferUnAligned",2796,104089581413989,104089581415269,0,0,8,0,128,256,1,1,7680,1,1
"KERNEL_DISPATCH","Agent 2",1,0,1123883,2791,15,"__amd_rocclr_fillBufferUnAligned",2791,104089581391268,104089581392468,0,0,8,0,128,256,1,1,7680,1,1
"KERNEL_DISPATCH","Agent 2",1,0,1123883,2786,15,"__amd_rocclr_fillBufferUnAligned",2786,104089581368228,104089581369428,0,0,8,0,128,256,1,1,7680,1,1
"KERNEL_DISPATCH","Agent 2",1,0,1123883,2781,15,"__amd_rocclr_fillBufferUnAligned",2781,104089581344988,104089581346228,0,0,8,0,128,256,1,1,7680,1,1
"KERNEL_DISPATCH","Agent 2",1,0,1123883,3017,15,"__amd_rocclr_fillBufferUnAligned",3017,104089582555044,104089582557204,0,0,8,0,128,256,1,1,8192,1,1
"KERNEL_DISPATCH","Agent 2",1,0,1123883,2776,15,"__amd_rocclr_fillBufferUnAligned",2776,104089581321747,104089581322947,0,0,8,0,128,256,1,1,7680,1,1
"KERNEL_DISPATCH","Agent 2",1,0,1123883,3012,15,"__amd_rocclr_fillBufferUnAligned",3012,104089582526563,104089582528683,0,0,8,0,128,256,1,1,8192,1,1
"KERNEL_DISPATCH","Agent 2",1,0,1123883,2771,15,"__amd_rocclr_fillBufferUnAligned",2771,104089581297867,104089581299267,0,0,8,0,128,256,1,1,7680,1,1
"KERNEL_DISPATCH","Agent 2",1,0,1123883,3007,15,"__amd_rocclr_fillBufferUnAligned",3007,104089582498403,104089582500683,0,0,8,0,128,256,1,1,8192,1,1
"KERNEL_DISPATCH","Agent 2",1,0,1123883,3002,15,"__amd_rocclr_fillBufferUnAligned",3002,104089582470403,104089582472603,0,0,8,0,128,256,1,1,8192,1,1
"KERNEL_DISPATCH","Agent 2",1,0,1123883,2997,15,"__amd_rocclr_fillBufferUnAligned",2997,104089582444922,104089582446162,0,0,8,0,128,256,1,1,7680,1,1
"KERNEL_DISPATCH","Agent 2",1,0,1123883,2992,15,"__amd_rocclr_fillBufferUnAligned",2992,104089582421362,104089582422522,0,0,8,0,128,256,1,1,7680,1,1
"KERNEL_DISPATCH","Agent 2",1,0,1123883,1135,31,"fused_silu_mul_mq_rotate_awq",1135,104086210596069,104086213421267,0,0,56,0,128,32,1,1,2176,8192,1
"KERNEL_DISPATCH","Agent 2",1,0,1123883,2987,15,"__amd_rocclr_fillBufferUnAligned",2987,104089582398162,104089582399322,0,0,8,0,128,256,1,1,7680,1,1
"KERNEL_DISPATCH","Agent 2",1,0,1123883,1140,33,"deinterleave_q_rmsnorm_f32_batched",1140,104086233750098,104086235134556,0,0,24,0,128,256,1,1,6144,8192,1
"KERNEL_DISPATCH","Agent 2",1,0,1123883,1145,41,"attention_fp8_e4m3_fa2_gqa_packet_gfx1201",1145,104086235897367,104086247895247,0,0,240,0,128,256,1,1,6144,4,16
"KERNEL_DISPATCH","Agent 2",1,0,1123883,1150,20,"fused_rmsnorm_mq_rotate_awq_mq4v2_fp8_gfx12",1150,104086253332199,104086254002888,0,0,96,0,128,256,1,1,2097152,1,1
"KERNEL_DISPATCH","Agent 2",1,0,1123883,1155,20,"fused_rmsnorm_mq_rotate_awq_mq4v2_fp8_gfx12",1155,104086288562029,104086289241158,0,0,96,0,128,256,1,1,2097152,1,1
"KERNEL_DISPATCH","Agent 2",1,0,1123883,1160,24,"gated_delta_net_q8_fast",1160,104086302562176,104086303139663,2048,0,64,0,128,32,1,1,1536,32,1
"KERNEL_DISPATCH","Agent 2",1,0,1123883,1165,24,"gated_delta_net_q8_fast",1165,104086305478975,104086306058582,2048,0,64,0,128,32,1,1,1536,32,1
"KERNEL_DISPATCH","Agent 2",1,0,1123883,1170,24,"gated_delta_net_q8_fast",1170,104086308356333,104086308919340,2048,0,64,0,128,32,1,1,1536,32,1
"KERNEL_DISPATCH","Agent 2",1,0,1123883,1175,26,"rotate_x_mq_awq",1175,104086311603176,104086312224544,0,0,80,0,128,32,1,1,768,8192,1
"KERNEL_DISPATCH","Agent 2",1,0,1123883,1180,31,"fused_silu_mul_mq_rotate_awq",1180,104086337487561,104086340312919,0,0,56,0,128,32,1,1,2176,8192,1
"KERNEL_DISPATCH","Agent 2",1,0,1123883,1185,22,"gdn_pre_batched_gfx1201",1185,104086361698364,104086364351600,33280,0,224,0,128,256,1,1,2686976,1,1
"KERNEL_DISPATCH","Agent 2",1,0,1123883,1190,24,"gated_delta_net_q8_fast",1190,104086366658950,104086367222038,2048,0,64,0,128,32,1,1,1536,32,1
"KERNEL_DISPATCH","Agent 2",1,0,1123883,1195,24,"gated_delta_net_q8_fast",1195,104086369518988,104086370096396,2048,0,64,0,128,32,1,1,1536,32,1
"KERNEL_DISPATCH","Agent 2",1,0,1123883,1200,24,"gated_delta_net_q8_fast",1200,104086372385147,104086372943154,2048,0,64,0,128,32,1,1,1536,32,1
"KERNEL_DISPATCH","Agent 2",1,0,1123883,1205,29,"gemm_mq4g256v2_residual_wmma_fp8_v2_b128x128_gfx1201_symfold",1205,104086375640830,104086379019955,0,0,192,0,128,256,1,1,10240,64,1
"KERNEL_DISPATCH","Agent 2",1,0,1123883,1210,29,"gemm_mq4g256v2_residual_wmma_fp8_v2_b128x128_gfx1201_symfold",1210,104086404505855,104086414140664,0,0,192,0,128,256,1,1,10240,64,1
"KERNEL_DISPATCH","Agent 2",1,0,1123883,1215,24,"gated_delta_net_q8_fast",1215,104086427680044,104086428261612,2048,0,64,0,128,32,1,1,1536,32,1
"KERNEL_DISPATCH","Agent 2",1,0,1123883,1220,24,"gated_delta_net_q8_fast",1220,104086430595443,104086431176011,2048,0,64,0,128,32,1,1,1536,32,1
"KERNEL_DISPATCH","Agent 2",1,0,1123883,1225,24,"gated_delta_net_q8_fast",1225,104086433475441,104086434040009,2048,0,64,0,128,32,1,1,1536,32,1
"KERNEL_DISPATCH","Agent 2",1,0,1123883,1230,25,"gated_norm_f32",1230,104086436288879,104086437271492,0,0,24,0,128,32,1,1,1536,8192,1
"KERNEL_DISPATCH","Agent 2",1,0,1123883,1235,30,"gemm_gate_up_mq4g256v2_wmma_fp8_v2_b128x128_gfx1201_symfold",1235,104086442478521,104086463227398,0,0,192,0,128,256,1,1,69632,64,1
"KERNEL_DISPATCH","Agent 2",1,0,1123883,1240,32,"gemm_qkv_mq4g256v2_wmma_fp8_v2_b128x128_gfx1201_symfold",1240,104086477844313,104086486293506,0,0,192,0,128,256,1,1,28672,64,1
"KERNEL_DISPATCH","Agent 2",1,0,1123883,1245,37,"kv_cache_write_fp8_e4m3_batched",1245,104086488369333,104086488456495,0,0,56,0,128,32,1,1,128,8192,1
"KERNEL_DISPATCH","Agent 2",1,0,1123883,1250,29,"gemm_mq4g256v2_residual_wmma_fp8_v2_b128x128_gfx1201_symfold",1250,104086502597603,104086505913287,0,0,192,0,128,256,1,1,10240,64,1
"KERNEL_DISPATCH","Agent 2",1,0,1123883,1255,29,"gemm_mq4g256v2_residual_wmma_fp8_v2_b128x128_gfx1201_symfold",1255,104086531404827,104086541158597,0,0,192,0,128,256,1,1,10240,64,1
"KERNEL_DISPATCH","Agent 2",1,0,1123883,1260,24,"gated_delta_net_q8_fast",1260,104086554627497,104086555204985,2048,0,64,0,128,32,1,1,1536,32,1
"KERNEL_DISPATCH","Agent 2",1,0,1123883,1265,24,"gated_delta_net_q8_fast",1265,104086557546456,104086558124184,2048,0,64,0,128,32,1,1,1536,32,1
"KERNEL_DISPATCH","Agent 2",1,0,1123883,1270,24,"gated_delta_net_q8_fast",1270,104086560412254,104086560971502,2048,0,64,0,128,32,1,1,1536,32,1
"KERNEL_DISPATCH","Agent 2",1,0,1123883,1275,25,"gated_norm_f32",1275,104086563207971,104086564191824,0,0,24,0,128,32,1,1,1536,8192,1
"KERNEL_DISPATCH","Agent 2",1,0,1123883,1280,30,"gemm_gate_up_mq4g256v2_wmma_fp8_v2_b128x128_gfx1201_symfold",1280,104086569415974,104086590116170,0,0,192,0,128,256,1,1,69632,64,1
"KERNEL_DISPATCH","Agent 2",1,0,1123883,1285,21,"gemm_qkvza_mq4g256v2_wmma_fp8_v2_b128x128_gfx1201_symfold",1285,104086604784206,104086614244132,0,0,208,0,128,256,1,1,33024,64,1
"KERNEL_DISPATCH","Agent 2",1,0,1123883,1290,24,"gated_delta_net_q8_fast",1290,104086618689511,104086619268759,2048,0,64,0,128,32,1,1,1536,32,1
"KERNEL_DISPATCH","Agent 2",1,0,1123883,1295,24,"gated_delta_net_q8_fast",1295,104086621574510,104086622139717,2048,0,64,0,128,32,1,1,1536,32,1
"KERNEL_DISPATCH","Agent 2",1,0,1123883,1300,24,"gated_delta_net_q8_fast",1300,104086624387947,104086624939115,2048,0,64,0,128,32,1,1,1536,32,1
"KERNEL_DISPATCH","Agent 2",1,0,1123883,1305,27,"pack_f32_to_fp8_mq4v2_gfx12",1305,104086627679071,104086628178198,512,0,24,0,128,256,1,1,2097152,1,1
"KERNEL_DISPATCH","Agent 2",1,0,1123883,1310,27,"pack_f32_to_fp8_mq4v2_gfx12",1310,104086655758566,104086657087103,512,0,24,0,128,256,1,1,2097152,1,1
"KERNEL_DISPATCH","Agent 2",1,0,1123883,1315,24,"gated_delta_net_q8_fast",1315,104086679745525,104086680334053,2048,0,64,0,128,32,1,1,1536,32,1
"KERNEL_DISPATCH","Agent 2",1,0,1123883,1320,24,"gated_delta_net_q8_fast",1320,104086682688125,104086683269052,2048,0,64,0,128,32,1,1,1536,32,1
"KERNEL_DISPATCH","Agent 2",1,0,1123883,1325,24,"gated_delta_net_q8_fast",1325,104086685567603,104086686132451,2048,0,64,0,128,32,1,1,1536,32,1
"KERNEL_DISPATCH","Agent 2",1,0,1123883,1330,24,"gated_delta_net_q8_fast",1330,104086688380561,104086688933048,2048,0,64,0,128,32,1,1,1536,32,1
"KERNEL_DISPATCH","Agent 2",1,0,1123883,1335,20,"fused_rmsnorm_mq_rotate_awq_mq4v2_fp8_gfx12",1335,104086694441441,104086695114050,0,0,96,0,128,256,1,1,2097152,1,1
"KERNEL_DISPATCH","Agent 2",1,0,1123883,1340,20,"fused_rmsnorm_mq_rotate_awq_mq4v2_fp8_gfx12",1340,104086729803393,104086730486882,0,0,96,0,128,256,1,1,2097152,1,1
"KERNEL_DISPATCH","Agent 2",1,0,1123883,1345,37,"kv_cache_write_fp8_e4m3_batched",1345,104086740900381,104086740963862,0,0,56,0,128,32,1,1,128,8192,1
"KERNEL_DISPATCH","Agent 2",1,0,1123883,1350,27,"pack_f32_to_fp8_mq4v2_gfx12",1350,104086754875127,104086755376294,512,0,24,0,128,256,1,1,2097152,1,1
"KERNEL_DISPATCH","Agent 2",1,0,1123883,1355,27,"pack_f32_to_fp8_mq4v2_gfx12",1355,104086782799220,104086784125477,512,0,24,0,128,256,1,1,2097152,1,1
"KERNEL_DISPATCH","Agent 2",1,0,1123883,1360,24,"gated_delta_net_q8_fast",1360,104086806786500,104086807369307,2048,0,64,0,128,32,1,1,1536,32,1
"KERNEL_DISPATCH","Agent 2",1,0,1123883,1365,24,"gated_delta_net_q8_fast",1365,104086809697538,104086810278226,2048,0,64,0,128,32,1,1,1536,32,1
"KERNEL_DISPATCH","Agent 2",1,0,1123883,2733,15,"__amd_rocclr_fillBufferUnAligned",2733,104089581112384,104089581113784,0,0,8,0,128,256,1,1,1536,1,1
"KERNEL_DISPATCH","Agent 2",1,0,1123883,1370,24,"gated_delta_net_q8_fast",1370,104086812588977,104086813154744,2048,0,64,0,128,32,1,1,1536,32,1
"KERNEL_DISPATCH","Agent 2",1,0,1123883,2728,15,"__amd_rocclr_fillBufferUnAligned",2728,104089581087784,104089581089184,0,0,8,0,128,256,1,1,1536,1,1
"KERNEL_DISPATCH","Agent 2",1,0,1123883,2766,15,"__amd_rocclr_fillBufferUnAligned",2766,104089581273507,104089581274787,0,0,8,0,128,256,1,1,7680,1,1
"KERNEL_DISPATCH","Agent 2",1,0,1123883,1375,24,"gated_delta_net_q8_fast",1375,104086815411575,104086815965182,2048,0,64,0,128,32,1,1,1536,32,1
"KERNEL_DISPATCH","Agent 2",1,0,1123883,2723,15,"__amd_rocclr_fillBufferUnAligned",2723,104089581062984,104089581064344,0,0,8,0,128,256,1,1,1536,1,1
"KERNEL_DISPATCH","Agent 2",1,0,1123883,1380,20,"fused_rmsnorm_mq_rotate_awq_mq4v2_fp8_gfx12",1380,104086821486576,104086822159344,0,0,96,0,128,256,1,1,2097152,1,1
"KERNEL_DISPATCH","Agent 2",1,0,1123883,2718,15,"__amd_rocclr_fillBufferUnAligned",2718,104089581038823,104089581040144,0,0,8,0,128,256,1,1,1536,1,1
"KERNEL_DISPATCH","Agent 2",1,0,1123883,1385,20,"fused_rmsnorm_mq_rotate_awq_mq4v2_fp8_gfx12",1385,104086856904328,104086857584657,0,0,96,0,128,256,1,1,2097152,1,1
"KERNEL_DISPATCH","Agent 2",1,0,1123883,2708,15,"__amd_rocclr_fillBufferUnAligned",2708,104089580985383,104089580987903,0,0,8,0,128,256,1,1,8192,1,1
"KERNEL_DISPATCH","Agent 2",1,0,1123883,1390,24,"gated_delta_net_q8_fast",1390,104086870904955,104086871483882,2048,0,64,0,128,32,1,1,1536,32,1
"KERNEL_DISPATCH","Agent 2",1,0,1123883,2982,15,"__amd_rocclr_fillBufferUnAligned",2982,104089582374921,104089582376161,0,0,8,0,128,256,1,1,7680,1,1
"KERNEL_DISPATCH","Agent 2",1,0,1123883,1395,24,"gated_delta_net_q8_fast",1395,104086873816113,104086874387841,2048,0,64,0,128,32,1,1,1536,32,1
"KERNEL_DISPATCH","Agent 2",1,0,1123883,2977,15,"__amd_rocclr_fillBufferUnAligned",2977,104089582351601,104089582352881,0,0,8,0,128,256,1,1,7680,1,1
"KERNEL_DISPATCH","Agent 2",1,0,1123883,1400,24,"gated_delta_net_q8_fast",1400,104086876661151,104086877218159,2048,0,64,0,128,32,1,1,1536,32,1
"KERNEL_DISPATCH","Agent 2",1,0,1123883,1405,26,"rotate_x_mq_awq",1405,104086879886674,104086880509083,0,0,80,0,128,32,1,1,768,8192,1
"KERNEL_DISPATCH","Agent 2",1,0,1123883,1410,31,"fused_silu_mul_mq_rotate_awq",1410,104086905776380,104086908598617,0,0,56,0,128,32,1,1,2176,8192,1
"KERNEL_DISPATCH","Agent 2",1,0,1123883,1415,22,"gdn_pre_batched_gfx1201",1415,104086930024503,104086932679458,33280,0,224,0,128,256,1,1,2686976,1,1
"KERNEL_DISPATCH","Agent 2",1,0,1123883,1420,24,"gated_delta_net_q8_fast",1420,104086934989489,104086935561177,2048,0,64,0,128,32,1,1,1536,32,1
"KERNEL_DISPATCH","Agent 2",1,0,1123883,1425,24,"gated_delta_net_q8_fast",1425,104086937860887,104086938424375,2048,0,64,0,128,32,1,1,1536,32,1
"KERNEL_DISPATCH","Agent 2",1,0,1123883,1430,24,"gated_delta_net_q8_fast",1430,104086940668125,104086941219612,2048,0,64,0,128,32,1,1,1536,32,1
"KERNEL_DISPATCH","Agent 2",1,0,1123883,1435,29,"gemm_mq4g256v2_residual_wmma_fp8_v2_b128x128_gfx1201_symfold",1435,104086943914848,104086947257893,0,0,192,0,128,256,1,1,10240,64,1
"KERNEL_DISPATCH","Agent 2",1,0,1123883,1440,29,"gemm_mq4g256v2_residual_wmma_fp8_v2_b128x128_gfx1201_symfold",1440,104086972885914,104086982810367,0,0,192,0,128,256,1,1,10240,64,1
"KERNEL_DISPATCH","Agent 2",1,0,1123883,1445,36,"rope_partial_halfsplit_batched_f32",1445,104086993535470,104086993900435,0,0,16,0,128,32,1,1,32,8192,1
"KERNEL_DISPATCH","Agent 2",1,0,1123883,3042,15,"__amd_rocclr_fillBufferUnAligned",3042,104089582693606,104089582695686,0,0,8,0,128,256,1,1,8192,1,1
"KERNEL_DISPATCH","Agent 2",1,0,1123883,2903,15,"__amd_rocclr_fillBufferUnAligned",2903,104089581999556,104089582001116,0,0,8,0,128,256,1,1,8192,1,1
"KERNEL_DISPATCH","Agent 2",1,0,1123883,3156,15,"__amd_rocclr_fillBufferUnAligned",3156,104089583244093,104089583245613,0,0,8,0,128,256,1,1,7680,1,1
"KERNEL_DISPATCH","Agent 2",1,0,1123883,1450,26,"rotate_x_mq_awq",1450,104087007172372,104087007805060,0,0,80,0,128,32,1,1,768,8192,1
"KERNEL_DISPATCH","Agent 2",1,0,1123883,1455,31,"fused_silu_mul_mq_rotate_awq",1455,104087032956356,104087035777393,0,0,56,0,128,32,1,1,2176,8192,1
"KERNEL_DISPATCH","Agent 2",1,0,1123883,1460,22,"gdn_pre_batched_gfx1201",1460,104087057078357,104087059754913,33280,0,224,0,128,256,1,1,2686976,1,1
"KERNEL_DISPATCH","Agent 2",1,0,1123883,1465,24,"gated_delta_net_q8_fast",1465,104087062086624,104087062667072,2048,0,64,0,128,32,1,1,1536,32,1
"KERNEL_DISPATCH","Agent 2",1,0,1123883,1470,24,"gated_delta_net_q8_fast",1470,104087064989143,104087065562990,2048,0,64,0,128,32,1,1,1536,32,1
"KERNEL_DISPATCH","Agent 2",1,0,1123883,1475,24,"gated_delta_net_q8_fast",1475,104087067819620,104087068373628,2048,0,64,0,128,32,1,1,1536,32,1
"KERNEL_DISPATCH","Agent 2",1,0,1123883,1480,29,"gemm_mq4g256v2_residual_wmma_fp8_v2_b128x128_gfx1201_symfold",1480,104087071065944,104087074398188,0,0,192,0,128,256,1,1,10240,64,1
"KERNEL_DISPATCH","Agent 2",1,0,1123883,1485,29,"gemm_mq4g256v2_residual_wmma_fp8_v2_b128x128_gfx1201_symfold",1485,104087099985809,104087109892141,0,0,192,0,128,256,1,1,10240,64,1
"KERNEL_DISPATCH","Agent 2",1,0,1123883,1490,24,"gated_delta_net_q8_fast",1490,104087123309120,104087123881808,2048,0,64,0,128,32,1,1,1536,32,1
"KERNEL_DISPATCH","Agent 2",1,0,1123883,1495,24,"gated_delta_net_q8_fast",1495,104087126197039,104087126778247,2048,0,64,0,128,32,1,1,1536,32,1
"KERNEL_DISPATCH","Agent 2",1,0,1123883,1500,24,"gated_delta_net_q8_fast",1500,104087129101198,104087129669205,2048,0,64,0,128,32,1,1,1536,32,1
"KERNEL_DISPATCH","Agent 2",1,0,1123883,1505,25,"gated_norm_f32",1505,104087131927875,104087132910128,0,0,24,0,128,32,1,1,1536,8192,1
"KERNEL_DISPATCH","Agent 2",1,0,1123883,1510,30,"gemm_gate_up_mq4g256v2_wmma_fp8_v2_b128x128_gfx1201_symfold",1510,104087138110998,104087158768473,0,0,192,0,128,256,1,1,69632,64,1
"KERNEL_DISPATCH","Agent 2",1,0,1123883,1515,21,"gemm_qkvza_mq4g256v2_wmma_fp8_v2_b128x128_gfx1201_symfold",1515,104087173609791,104087182993836,0,0,208,0,128,256,1,1,33024,64,1
"KERNEL_DISPATCH","Agent 2",1,0,1123883,1520,24,"gated_delta_net_q8_fast",1520,104087187417255,104087187993743,2048,0,64,0,128,32,1,1,1536,32,1
"KERNEL_DISPATCH","Agent 2",1,0,1123883,1525,24,"gated_delta_net_q8_fast",1525,104087190298454,104087190862341,2048,0,64,0,128,32,1,1,1536,32,1
"KERNEL_DISPATCH","Agent 2",1,0,1123883,1530,24,"gated_delta_net_q8_fast",1530,104087193111051,104087193662499,2048,0,64,0,128,32,1,1,1536,32,1
"KERNEL_DISPATCH","Agent 2",1,0,1123883,1535,27,"pack_f32_to_fp8_mq4v2_gfx12",1535,104087196404055,104087196905662,512,0,24,0,128,256,1,1,2097152,1,1
"KERNEL_DISPATCH","Agent 2",1,0,1123883,1540,27,"pack_f32_to_fp8_mq4v2_gfx12",1540,104087224543590,104087225870448,512,0,24,0,128,256,1,1,2097152,1,1
"KERNEL_DISPATCH","Agent 2",1,0,1123883,1545,35,"rmsnorm_f32",1545,104087246306841,104087246523683,0,0,16,0,128,256,1,1,8388608,1,1
"KERNEL_DISPATCH","Agent 2",1,0,1123883,1550,49,"sigmoid_mul_f32",1550,104087259055411,104087260030904,0,0,16,0,128,256,1,1,50331648,1,1
"KERNEL_DISPATCH","Agent 2",1,0,1123883,1555,30,"gemm_gate_up_mq4g256v2_wmma_fp8_v2_b128x128_gfx1201_symfold",1555,104087265155372,104087285708206,0,0,192,0,128,256,1,1,69632,64,1
"KERNEL_DISPATCH","Agent 2",1,0,1123883,1560,21,"gemm_qkvza_mq4g256v2_wmma_fp8_v2_b128x128_gfx1201_symfold",1560,104087300308881,104087309816567,0,0,208,0,128,256,1,1,33024,64,1
"KERNEL_DISPATCH","Agent 2",1,0,1123883,1565,24,"gated_delta_net_q8_fast",1565,104087314275667,104087314861315,2048,0,64,0,128,32,1,1,1536,32,1
"KERNEL_DISPATCH","Agent 2",1,0,1123883,1570,24,"gated_delta_net_q8_fast",1570,104087317204746,104087317774914,2048,0,64,0,128,32,1,1,1536,32,1
"KERNEL_DISPATCH","Agent 2",1,0,1123883,1575,24,"gated_delta_net_q8_fast",1575,104087320045784,104087320601831,2048,0,64,0,128,32,1,1,1536,32,1
"KERNEL_DISPATCH","Agent 2",1,0,1123883,1580,27,"pack_f32_to_fp8_mq4v2_gfx12",1580,104087323347588,104087323849235,512,0,24,0,128,256,1,1,2097152,1,1
"KERNEL_DISPATCH","Agent 2",1,0,1123883,1585,27,"pack_f32_to_fp8_mq4v2_gfx12",1585,104087351522644,104087352852341,512,0,24,0,128,256,1,1,2097152,1,1
"KERNEL_DISPATCH","Agent 2",1,0,1123883,1590,24,"gated_delta_net_q8_fast",1590,104087375504003,104087376082211,2048,0,64,0,128,32,1,1,1536,32,1
"KERNEL_DISPATCH","Agent 2",1,0,1123883,1595,24,"gated_delta_net_q8_fast",1595,104087378402602,104087378979890,2048,0,64,0,128,32,1,1,1536,32,1
"KERNEL_DISPATCH","Agent 2",1,0,1123883,1600,24,"gated_delta_net_q8_fast",1600,104087381270800,104087381832208,2048,0,64,0,128,32,1,1,1536,32,1
"KERNEL_DISPATCH","Agent 2",1,0,1123883,1605,24,"gated_delta_net_q8_fast",1605,104087384069198,104087384621485,2048,0,64,0,128,32,1,1,1536,32,1
"KERNEL_DISPATCH","Agent 2",1,0,1123883,1610,20,"fused_rmsnorm_mq_rotate_awq_mq4v2_fp8_gfx12",1610,104087390126918,104087390800887,0,0,96,0,128,256,1,1,2097152,1,1
"KERNEL_DISPATCH","Agent 2",1,0,1123883,1615,20,"fused_rmsnorm_mq_rotate_awq_mq4v2_fp8_gfx12",1615,104087425528431,104087426208440,0,0,96,0,128,256,1,1,2097152,1,1
"KERNEL_DISPATCH","Agent 2",1,0,1123883,1620,24,"gated_delta_net_q8_fast",1620,104087439524257,104087440104985,2048,0,64,0,128,32,1,1,1536,32,1
"KERNEL_DISPATCH","Agent 2",1,0,1123883,1625,24,"gated_delta_net_q8_fast",1625,104087442449736,104087443021704,2048,0,64,0,128,32,1,1,1536,32,1
"KERNEL_DISPATCH","Agent 2",1,0,1123883,1630,24,"gated_delta_net_q8_fast",1630,104087445297454,104087445853582,2048,0,64,0,128,32,1,1,1536,32,1
"KERNEL_DISPATCH","Agent 2",1,0,1123883,1635,26,"rotate_x_mq_awq",1635,104087448530617,104087449154826,0,0,80,0,128,32,1,1,768,8192,1
"KERNEL_DISPATCH","Agent 2",1,0,1123883,1640,31,"fused_silu_mul_mq_rotate_awq",1640,104087474487803,104087477306401,0,0,56,0,128,32,1,1,2176,8192,1
"KERNEL_DISPATCH","Agent 2",1,0,1123883,1645,33,"deinterleave_q_rmsnorm_f32_batched",1645,104087497587991,104087498980410,0,0,24,0,128,256,1,1,6144,8192,1
"KERNEL_DISPATCH","Agent 2",1,0,1123883,1650,41,"attention_fp8_e4m3_fa2_gqa_packet_gfx1201",1650,104087499741860,104087511739380,0,0,240,0,128,256,1,1,6144,4,16
"KERNEL_DISPATCH","Agent 2",1,0,1123883,1655,20,"fused_rmsnorm_mq_rotate_awq_mq4v2_fp8_gfx12",1655,104087517209973,104087517880582,0,0,96,0,128,256,1,1,2097152,1,1
"KERNEL_DISPATCH","Agent 2",1,0,1123883,1660,20,"fused_rmsnorm_mq_rotate_awq_mq4v2_fp8_gfx12",1660,104087552502124,104087553183013,0,0,96,0,128,256,1,1,2097152,1,1
"KERNEL_DISPATCH","Agent 2",1,0,1123883,1665,24,"gated_delta_net_q8_fast",1665,104087566573351,104087567148159,2048,0,64,0,128,32,1,1,1536,32,1
"KERNEL_DISPATCH","Agent 2",1,0,1123883,1670,24,"gated_delta_net_q8_fast",1670,104087569472470,104087570051198,2048,0,64,0,128,32,1,1,1536,32,1
"KERNEL_DISPATCH","Agent 2",1,0,1123883,1675,24,"gated_delta_net_q8_fast",1675,104087572346668,104087572907076,2048,0,64,0,128,32,1,1,1536,32,1
"KERNEL_DISPATCH","Agent 2",1,0,1123883,1680,26,"rotate_x_mq_awq",1680,104087575587592,104087576211600,0,0,80,0,128,32,1,1,768,8192,1
"KERNEL_DISPATCH","Agent 2",1,0,1123883,1685,31,"fused_silu_mul_mq_rotate_awq",1685,104087601458617,104087604279334,0,0,56,0,128,32,1,1,2176,8192,1
"KERNEL_DISPATCH","Agent 2",1,0,1123883,1690,22,"gdn_pre_batched_gfx1201",1690,104087625773101,104087628440416,33280,0,224,0,128,256,1,1,2686976,1,1
"KERNEL_DISPATCH","Agent 2",1,0,1123883,1695,24,"gated_delta_net_q8_fast",1695,104087630756687,104087631330255,2048,0,64,0,128,32,1,1,1536,32,1
"KERNEL_DISPATCH","Agent 2",1,0,1123883,1700,24,"gated_delta_net_q8_fast",1700,104087633628886,104087634193173,2048,0,64,0,128,32,1,1,1536,32,1
"KERNEL_DISPATCH","Agent 2",1,0,1123883,1705,24,"gated_delta_net_q8_fast",1705,104087636439403,104087636991530,2048,0,64,0,128,32,1,1,1536,32,1
"KERNEL_DISPATCH","Agent 2",1,0,1123883,1710,29,"gemm_mq4g256v2_residual_wmma_fp8_v2_b128x128_gfx1201_symfold",1710,104087639685846,104087643042251,0,0,192,0,128,256,1,1,10240,64,1
"KERNEL_DISPATCH","Agent 2",1,0,1123883,1715,29,"gemm_mq4g256v2_residual_wmma_fp8_v2_b128x128_gfx1201_symfold",1715,104087668668673,104087678477644,0,0,192,0,128,256,1,1,10240,64,1
"KERNEL_DISPATCH","Agent 2",1,0,1123883,1720,24,"gated_delta_net_q8_fast",1720,104087692019864,104087692596232,2048,0,64,0,128,32,1,1,1536,32,1
"KERNEL_DISPATCH","Agent 2",1,0,1123883,1725,24,"gated_delta_net_q8_fast",1725,104087694922183,104087695502751,2048,0,64,0,128,32,1,1,1536,32,1
"KERNEL_DISPATCH","Agent 2",1,0,1123883,1730,24,"gated_delta_net_q8_fast",1730,104087697817022,104087698383549,2048,0,64,0,128,32,1,1,1536,32,1
"KERNEL_DISPATCH","Agent 2",1,0,1123883,1735,25,"gated_norm_f32",1735,104087700641979,104087701624672,0,0,24,0,128,32,1,1,1536,8192,1
"KERNEL_DISPATCH","Agent 2",1,0,1123883,1740,30,"gemm_gate_up_mq4g256v2_wmma_fp8_v2_b128x128_gfx1201_symfold",1740,104087706826902,104087727559018,0,0,192,0,128,256,1,1,69632,64,1
"KERNEL_DISPATCH","Agent 2",1,0,1123883,1745,32,"gemm_qkv_mq4g256v2_wmma_fp8_v2_b128x128_gfx1201_symfold",1745,104087742191173,104087750586165,0,0,192,0,128,256,1,1,28672,64,1
"KERNEL_DISPATCH","Agent 2",1,0,1123883,1750,37,"kv_cache_write_fp8_e4m3_batched",1750,104087752649073,104087752736874,0,0,56,0,128,32,1,1,128,8192,1
"KERNEL_DISPATCH","Agent 2",1,0,1123883,1755,29,"gemm_mq4g256v2_residual_wmma_fp8_v2_b128x128_gfx1201_symfold",1755,104087766934823,104087770249067,0,0,192,0,128,256,1,1,10240,64,1
"KERNEL_DISPATCH","Agent 2",1,0,1123883,1760,29,"gemm_mq4g256v2_residual_wmma_fp8_v2_b128x128_gfx1201_symfold",1760,104087795730367,104087805715300,0,0,192,0,128,256,1,1,10240,64,1
"KERNEL_DISPATCH","Agent 2",1,0,1123883,1765,24,"gated_delta_net_q8_fast",1765,104087819132159,104087819708487,2048,0,64,0,128,32,1,1,1536,32,1
"KERNEL_DISPATCH","Agent 2",1,0,1123883,1770,24,"gated_delta_net_q8_fast",1770,104087822036118,104087822611726,2048,0,64,0,128,32,1,1,1536,32,1
"KERNEL_DISPATCH","Agent 2",1,0,1123883,1775,24,"gated_delta_net_q8_fast",1775,104087824902076,104087825465444,2048,0,64,0,128,32,1,1,1536,32,1
"KERNEL_DISPATCH","Agent 2",1,0,1123883,1780,25,"gated_norm_f32",1780,104087827711914,104087828695127,0,0,24,0,128,32,1,1,1536,8192,1
"KERNEL_DISPATCH","Agent 2",1,0,1123883,1785,30,"gemm_gate_up_mq4g256v2_wmma_fp8_v2_b128x128_gfx1201_symfold",1785,104087833919996,104087854706034,0,0,192,0,128,256,1,1,69632,64,1
"KERNEL_DISPATCH","Agent 2",1,0,1123883,1790,21,"gemm_qkvza_mq4g256v2_wmma_fp8_v2_b128x128_gfx1201_symfold",1790,104087869498511,104087878934437,0,0,208,0,128,256,1,1,33024,64,1
"KERNEL_DISPATCH","Agent 2",1,0,1123883,1795,24,"gated_delta_net_q8_fast",1795,104087883383376,104087883961424,2048,0,64,0,128,32,1,1,1536,32,1
"KERNEL_DISPATCH","Agent 2",1,0,1123883,2751,15,"__amd_rocclr_fillBufferUnAligned",2751,104089581200666,104089581202106,0,0,8,0,128,256,1,1,1536,1,1
"KERNEL_DISPATCH","Agent 2",1,0,1123883,2746,15,"__amd_rocclr_fillBufferUnAligned",2746,104089581176385,104089581177825,0,0,8,0,128,256,1,1,1536,1,1
"KERNEL_DISPATCH","Agent 2",1,0,1123883,2741,15,"__amd_rocclr_fillBufferUnAligned",2741,104089581152065,104089581153545,0,0,8,0,128,256,1,1,1536,1,1
"KERNEL_DISPATCH","Agent 2",1,0,1123883,1800,24,"gated_delta_net_q8_fast",1800,104087886295775,104087886869183,2048,0,64,0,128,32,1,1,1536,32,1
"KERNEL_DISPATCH","Agent 2",1,0,1123883,1805,24,"gated_delta_net_q8_fast",1805,104087889150653,104087889710620,2048,0,64,0,128,32,1,1,1536,32,1
"KERNEL_DISPATCH","Agent 2",1,0,1123883,1810,27,"pack_f32_to_fp8_mq4v2_gfx12",1810,104087892465657,104087892967864,512,0,24,0,128,256,1,1,2097152,1,1
"KERNEL_DISPATCH","Agent 2",1,0,1123883,2698,15,"__amd_rocclr_fillBufferUnAligned",2698,104089580929022,104089580931022,0,0,8,0,128,256,1,1,8192,1,1
"KERNEL_DISPATCH","Agent 2",1,0,1123883,2967,15,"__amd_rocclr_fillBufferUnAligned",2967,104089582306240,104089582307400,0,0,8,0,128,256,1,1,7680,1,1
"KERNEL_DISPATCH","Agent 2",1,0,1123883,1815,27,"pack_f32_to_fp8_mq4v2_gfx12",1815,104087920603472,104087921931490,512,0,24,0,128,256,1,1,2097152,1,1
"KERNEL_DISPATCH","Agent 2",1,0,1123883,2962,15,"__amd_rocclr_fillBufferUnAligned",2962,104089582282480,104089582283720,0,0,8,0,128,256,1,1,7680,1,1
"KERNEL_DISPATCH","Agent 2",1,0,1123883,2957,15,"__amd_rocclr_fillBufferUnAligned",2957,104089582259280,104089582260760,0,0,8,0,128,256,1,1,7680,1,1
"KERNEL_DISPATCH","Agent 2",1,0,1123883,1820,24,"gated_delta_net_q8_fast",1820,104087944587912,104087945170720,2048,0,64,0,128,32,1,1,1536,32,1
"KERNEL_DISPATCH","Agent 2",1,0,1123883,1825,24,"gated_delta_net_q8_fast",1825,104087947491871,104087948073839,2048,0,64,0,128,32,1,1,1536,32,1
"KERNEL_DISPATCH","Agent 2",1,0,1123883,2952,15,"__amd_rocclr_fillBufferUnAligned",2952,104089582235639,104089582236999,0,0,8,0,128,256,1,1,7680,1,1
"KERNEL_DISPATCH","Agent 2",1,0,1123883,1830,24,"gated_delta_net_q8_fast",1830,104087950400630,104087950969437,2048,0,64,0,128,32,1,1,1536,32,1
"KERNEL_DISPATCH","Agent 2",1,0,1123883,2947,15,"__amd_rocclr_fillBufferUnAligned",2947,104089582212079,104089582213399,0,0,8,0,128,256,1,1,1536,1,1
"KERNEL_DISPATCH","Agent 2",1,0,1123883,2942,15,"__amd_rocclr_fillBufferUnAligned",2942,104089582187479,104089582188879,0,0,8,0,128,256,1,1,1536,1,1
"KERNEL_DISPATCH","Agent 2",1,0,1123883,1835,24,"gated_delta_net_q8_fast",1835,104087953234428,104087953788515,2048,0,64,0,128,32,1,1,1536,32,1
"KERNEL_DISPATCH","Agent 2",1,0,1123883,1840,20,"fused_rmsnorm_mq_rotate_awq_mq4v2_fp8_gfx12",1840,104087959292268,104087959964237,0,0,96,0,128,256,1,1,2097152,1,1
"KERNEL_DISPATCH","Agent 2",1,0,1123883,1845,20,"fused_rmsnorm_mq_rotate_awq_mq4v2_fp8_gfx12",1845,104087994726341,104087995406550,0,0,96,0,128,256,1,1,2097152,1,1
"KERNEL_DISPATCH","Agent 2",1,0,1123883,1850,37,"kv_cache_write_fp8_e4m3_batched",1850,104088005771248,104088005834649,0,0,56,0,128,32,1,1,128,8192,1
"KERNEL_DISPATCH","Agent 2",1,0,1123883,1855,27,"pack_f32_to_fp8_mq4v2_gfx12",1855,104088019620593,104088020119639,512,0,24,0,128,256,1,1,2097152,1,1
"KERNEL_DISPATCH","Agent 2",1,0,1123883,1860,27,"pack_f32_to_fp8_mq4v2_gfx12",1860,104088047622126,104088048952384,512,0,24,0,128,256,1,1,2097152,1,1
"KERNEL_DISPATCH","Agent 2",1,0,1123883,1865,24,"gated_delta_net_q8_fast",1865,104088071688407,104088072271615,2048,0,64,0,128,32,1,1,1536,32,1
"KERNEL_DISPATCH","Agent 2",1,0,1123883,1870,24,"gated_delta_net_q8_fast",1870,104088074595166,104088075172334,2048,0,64,0,128,32,1,1,1536,32,1
"KERNEL_DISPATCH","Agent 2",1,0,1123883,1875,24,"gated_delta_net_q8_fast",1875,104088077456404,104088078018332,2048,0,64,0,128,32,1,1,1536,32,1
"KERNEL_DISPATCH","Agent 2",1,0,1123883,1880,24,"gated_delta_net_q8_fast",1880,104088080258281,104088080812169,2048,0,64,0,128,32,1,1,1536,32,1
"KERNEL_DISPATCH","Agent 2",1,0,1123883,1885,20,"fused_rmsnorm_mq_rotate_awq_mq4v2_fp8_gfx12",1885,104088086312602,104088086986571,0,0,96,0,128,256,1,1,2097152,1,1
"KERNEL_DISPATCH","Agent 2",1,0,1123883,1890,20,"fused_rmsnorm_mq_rotate_awq_mq4v2_fp8_gfx12",1890,104088121701914,104088122385803,0,0,96,0,128,256,1,1,2097152,1,1
"KERNEL_DISPATCH","Agent 2",1,0,1123883,1895,24,"gated_delta_net_q8_fast",1895,104088135744021,104088136326669,2048,0,64,0,128,32,1,1,1536,32,1
"KERNEL_DISPATCH","Agent 2",1,0,1123883,1900,24,"gated_delta_net_q8_fast",1900,104088138664460,104088139242428,2048,0,64,0,128,32,1,1,1536,32,1
"KERNEL_DISPATCH","Agent 2",1,0,1123883,1905,24,"gated_delta_net_q8_fast",1905,104088141520778,104088142083746,2048,0,64,0,128,32,1,1,1536,32,1
"KERNEL_DISPATCH","Agent 2",1,0,1123883,1910,26,"rotate_x_mq_awq",1910,104088144755301,104088145381390,0,0,80,0,128,32,1,1,768,8192,1
"KERNEL_DISPATCH","Agent 2",1,0,1123883,1915,31,"fused_silu_mul_mq_rotate_awq",1915,104088170744168,104088173565446,0,0,56,0,128,32,1,1,2176,8192,1
"KERNEL_DISPATCH","Agent 2",1,0,1123883,1920,22,"gdn_pre_batched_gfx1201",1920,104088194889690,104088197565486,33280,0,224,0,128,256,1,1,2686976,1,1
"KERNEL_DISPATCH","Agent 2",1,0,1123883,1925,24,"gated_delta_net_q8_fast",1925,104088199902877,104088200481765,2048,0,64,0,128,32,1,1,1536,32,1
"KERNEL_DISPATCH","Agent 2",1,0,1123883,1930,24,"gated_delta_net_q8_fast",1930,104088202816116,104088203389883,2048,0,64,0,128,32,1,1,1536,32,1
"KERNEL_DISPATCH","Agent 2",1,0,1123883,1935,24,"gated_delta_net_q8_fast",1935,104088205665274,104088206224001,2048,0,64,0,128,32,1,1,1536,32,1
"KERNEL_DISPATCH","Agent 2",1,0,1123883,1940,29,"gemm_mq4g256v2_residual_wmma_fp8_v2_b128x128_gfx1201_symfold",1940,104088208922117,104088212276762,0,0,192,0,128,256,1,1,10240,64,1
"KERNEL_DISPATCH","Agent 2",1,0,1123883,1945,29,"gemm_mq4g256v2_residual_wmma_fp8_v2_b128x128_gfx1201_symfold",1945,104088237831543,104088247558752,0,0,192,0,128,256,1,1,10240,64,1
"KERNEL_DISPATCH","Agent 2",1,0,1123883,1950,36,"rope_partial_halfsplit_batched_f32",1950,104088258388617,104088258755302,0,0,16,0,128,32,1,1,32,8192,1
"KERNEL_DISPATCH","Agent 2",1,0,1123883,1955,26,"rotate_x_mq_awq",1955,104088271989918,104088272639527,0,0,80,0,128,32,1,1,768,8192,1
"KERNEL_DISPATCH","Agent 2",1,0,1123883,2736,15,"__amd_rocclr_fillBufferUnAligned",2736,104089581127265,104089581128625,0,0,8,0,128,256,1,1,1536,1,1
"KERNEL_DISPATCH","Agent 2",1,0,1123883,1960,31,"fused_silu_mul_mq_rotate_awq",1960,104088297777822,104088300600700,0,0,56,0,128,32,1,1,2176,8192,1
"KERNEL_DISPATCH","Agent 2",1,0,1123883,1965,22,"gdn_pre_batched_gfx1201",1965,104088321919144,104088324599020,33280,0,224,0,128,256,1,1,2686976,1,1
"KERNEL_DISPATCH","Agent 2",1,0,1123883,1970,24,"gated_delta_net_q8_fast",1970,104088326944011,104088327523699,2048,0,64,0,128,32,1,1,1536,32,1
"KERNEL_DISPATCH","Agent 2",1,0,1123883,2693,15,"__amd_rocclr_fillBufferUnAligned",2693,104089580900142,104089580901702,0,0,8,0,128,256,1,1,8192,1,1
"KERNEL_DISPATCH","Agent 2",1,0,1123883,1975,24,"gated_delta_net_q8_fast",1975,104088329863170,104088330434698,2048,0,64,0,128,32,1,1,1536,32,1
"KERNEL_DISPATCH","Agent 2",1,0,1123883,2688,15,"__amd_rocclr_fillBufferUnAligned",2688,104089580875141,104089580876741,0,0,8,0,128,256,1,1,8192,1,1
"KERNEL_DISPATCH","Agent 2",1,0,1123883,2937,15,"__amd_rocclr_fillBufferUnAligned",2937,104089582162998,104089582164399,0,0,8,0,128,256,1,1,1536,1,1
"KERNEL_DISPATCH","Agent 2",1,0,1123883,1980,24,"gated_delta_net_q8_fast",1980,104088332707328,104088333264335,2048,0,64,0,128,32,1,1,1536,32,1
"KERNEL_DISPATCH","Agent 2",1,0,1123883,3241,20,"fused_rmsnorm_mq_rotate_awq_mq4v2_fp8_gfx12",3241,104089584946186,104089585715116,0,0,96,0,128,256,1,1,2097152,1,1
"KERNEL_DISPATCH","Agent 2",1,0,1123883,3242,21,"gemm_qkvza_mq4g256v2_wmma_fp8_v2_b128x128_gfx1201_symfold",3242,104089585719116,104089594419232,0,0,208,0,128,256,1,1,33024,64,1
"KERNEL_DISPATCH","Agent 2",1,0,1123883,3243,22,"gdn_pre_batched_gfx1201",3243,104089594437112,104089597009906,33280,0,224,0,128,256,1,1,2686976,1,1
"KERNEL_DISPATCH","Agent 2",1,0,1123883,3244,24,"gated_delta_net_q8_fast",3244,104089597022067,104089597565914,2048,0,64,0,128,32,1,1,1536,32,1
"KERNEL_DISPATCH","Agent 2",1,0,1123883,3386,24,"gated_delta_net_q8_fast",3386,104089920833181,104089921396108,2048,0,64,0,128,32,1,1,1536,32,1
"KERNEL_DISPATCH","Agent 2",1,0,1123883,4856,29,"gemm_mq4g256v2_residual_wmma_fp8_v2_b128x128_gfx1201_symfold",4856,104093636398016,104093646349990,0,0,192,0,128,256,1,1,10240,64,1
"KERNEL_DISPATCH","Agent 2",1,0,1123883,4857,8,"__amd_rocclr_copyBuffer",4857,104093646362470,104093646364350,0,0,16,0,128,512,1,1,1536,1,1
"KERNEL_DISPATCH","Agent 2",1,0,1123883,4858,35,"rmsnorm_f32",4858,104093646367990,104093646382390,0,0,16,0,128,256,1,1,256,1,1
"KERNEL_DISPATCH","Agent 2",1,0,1123883,4853,30,"gemm_gate_up_mq4g256v2_wmma_fp8_v2_b128x128_gfx1201_symfold",4853,104093611509079,104093632216879,0,0,192,0,128,256,1,1,69632,64,1
"KERNEL_DISPATCH","Agent 2",1,0,1123883,4851,29,"gemm_mq4g256v2_residual_wmma_fp8_v2_b128x128_gfx1201_symfold",4851,104093607446144,104093610812949,0,0,192,0,128,256,1,1,10240,64,1
"KERNEL_DISPATCH","Agent 2",1,0,1123883,4848,49,"sigmoid_mul_f32",4848,104093605312235,104093606286728,0,0,16,0,128,256,1,1,50331648,1,1
"KERNEL_DISPATCH","Agent 2",1,0,1123883,4846,37,"kv_cache_write_fp8_e4m3_batched",4846,104093593103670,104093593192271,0,0,56,0,128,32,1,1,128,8192,1
"KERNEL_DISPATCH","Agent 2",1,0,1123883,4843,35,"rmsnorm_f32",4843,104093592445301,104093592664464,0,0,16,0,128,256,1,1,8388608,1,1
"KERNEL_DISPATCH","Agent 2",1,0,1123883,4841,32,"gemm_qkv_mq4g256v2_wmma_fp8_v2_b128x128_gfx1201_symfold",4841,104093582516127,104093591037642,0,0,192,0,128,256,1,1,28672,64,1
"KERNEL_DISPATCH","Agent 2",1,0,1123883,4838,27,"pack_f32_to_fp8_mq4v2_gfx12",4838,104093570639246,104093571968384,512,0,24,0,128,256,1,1,2097152,1,1
"KERNEL_DISPATCH","Agent 2",1,0,1123883,4833,27,"pack_f32_to_fp8_mq4v2_gfx12",4833,104093542323303,104093542824670,512,0,24,0,128,256,1,1,2097152,1,1
"KERNEL_DISPATCH","Agent 2",1,0,1123883,4828,24,"gated_delta_net_q8_fast",4828,104093538994018,104093539553505,2048,0,64,0,128,32,1,1,1536,32,1
"KERNEL_DISPATCH","Agent 2",1,0,1123883,4823,24,"gated_delta_net_q8_fast",4823,104093536134459,104093536707147,2048,0,64,0,128,32,1,1,1536,32,1
"KERNEL_DISPATCH","Agent 2",1,0,1123883,4818,24,"gated_delta_net_q8_fast",4818,104093533194739,104093533779827,2048,0,64,0,128,32,1,1,1536,32,1
"KERNEL_DISPATCH","Agent 2",1,0,1123883,4813,21,"gemm_qkvza_mq4g256v2_wmma_fp8_v2_b128x128_gfx1201_symfold",4813,104093519185030,104093528721839,0,0,208,0,128,256,1,1,33024,64,1
"KERNEL_DISPATCH","Agent 2",1,0,1123883,4808,30,"gemm_gate_up_mq4g256v2_wmma_fp8_v2_b128x128_gfx1201_symfold",4808,104093483550068,104093504426630,0,0,192,0,128,256,1,1,69632,64,1
"KERNEL_DISPATCH","Agent 2",1,0,1123883,4803,25,"gated_norm_f32",4803,104093477332704,104093478315557,0,0,24,0,128,32,1,1,1536,8192,1
"KERNEL_DISPATCH","Agent 2",1,0,1123883,4798,24,"gated_delta_net_q8_fast",4798,104093474525906,104093475088993,2048,0,64,0,128,32,1,1,1536,32,1
"KERNEL_DISPATCH","Agent 2",1,0,1123883,4793,24,"gated_delta_net_q8_fast",4793,104093471656587,104093472233275,2048,0,64,0,128,32,1,1,1536,32,1
"KERNEL_DISPATCH","Agent 2",1,0,1123883,4788,24,"gated_delta_net_q8_fast",4788,104093468705427,104093469293235,2048,0,64,0,128,32,1,1,1536,32,1
"KERNEL_DISPATCH","Agent 2",1,0,1123883,4783,29,"gemm_mq4g256v2_residual_wmma_fp8_v2_b128x128_gfx1201_symfold",4783,104093445309430,104093455144244,0,0,192,0,128,256,1,1,10240,64,1
"KERNEL_DISPATCH","Agent 2",1,0,1123883,4778,29,"gemm_mq4g256v2_residual_wmma_fp8_v2_b128x128_gfx1201_symfold",4778,104093416264638,104093419620883,0,0,192,0,128,256,1,1,10240,64,1
"KERNEL_DISPATCH","Agent 2",1,0,1123883,4773,24,"gated_delta_net_q8_fast",4773,104093413006273,104093413567041,2048,0,64,0,128,32,1,1,1536,32,1
"KERNEL_DISPATCH","Agent 2",1,0,1123883,4768,24,"gated_delta_net_q8_fast",4768,104093410161995,104093410736203,2048,0,64,0,128,32,1,1,1536,32,1
"KERNEL_DISPATCH","Agent 2",1,0,1123883,4763,24,"gated_delta_net_q8_fast",4763,104093407233995,104093407824003,2048,0,64,0,128,32,1,1,1536,32,1
"KERNEL_DISPATCH","Agent 2",1,0,1123883,4758,22,"gdn_pre_batched_gfx1201",4758,104093402181767,104093404856563,33280,0,224,0,128,256,1,1,2686976,1,1
"KERNEL_DISPATCH","Agent 2",1,0,1123883,4753,31,"fused_silu_mul_mq_rotate_awq",4753,104093377884838,104093380704037,0,0,56,0,128,32,1,1,2176,8192,1
"KERNEL_DISPATCH","Agent 2",1,0,1123883,4748,26,"rotate_x_mq_awq",4748,104093351948688,104093352578896,0,0,80,0,128,32,1,1,768,8192,1
"KERNEL_DISPATCH","Agent 2",1,0,1123883,4743,36,"rope_partial_halfsplit_batched_f32",4743,104093338301223,104093338669588,0,0,16,0,128,32,1,1,32,8192,1
"KERNEL_DISPATCH","Agent 2",1,0,1123883,4738,29,"gemm_mq4g256v2_residual_wmma_fp8_v2_b128x128_gfx1201_symfold",4738,104093317646223,104093327524837,0,0,192,0,128,256,1,1,10240,64,1
"KERNEL_DISPATCH","Agent 2",1,0,1123883,4733,29,"gemm_mq4g256v2_residual_wmma_fp8_v2_b128x128_gfx1201_symfold",4733,104093288512749,104093291908715,0,0,192,0,128,256,1,1,10240,64,1
"KERNEL_DISPATCH","Agent 2",1,0,1123883,4728,24,"gated_delta_net_q8_fast",4728,104093285257545,104093285814193,2048,0,64,0,128,32,1,1,1536,32,1
"KERNEL_DISPATCH","Agent 2",1,0,1123883,4723,24,"gated_delta_net_q8_fast",4723,104093282417307,104093282985035,2048,0,64,0,128,32,1,1,1536,32,1
"KERNEL_DISPATCH","Agent 2",1,0,1123883,4718,24,"gated_delta_net_q8_fast",4718,104093279499427,104093280085075,2048,0,64,0,128,32,1,1,1536,32,1
"KERNEL_DISPATCH","Agent 2",1,0,1123883,4713,22,"gdn_pre_batched_gfx1201",4713,104093274407159,104093277103555,33280,0,224,0,128,256,1,1,2686976,1,1
"KERNEL_DISPATCH","Agent 2",1,0,1123883,4708,31,"fused_silu_mul_mq_rotate_awq",4708,104093250134270,104093252957268,0,0,56,0,128,32,1,1,2176,8192,1
"KERNEL_DISPATCH","Agent 2",1,0,1123883,4703,26,"rotate_x_mq_awq",4703,104093224101318,104093224725166,0,0,80,0,128,32,1,1,768,8192,1
"KERNEL_DISPATCH","Agent 2",1,0,1123883,4698,24,"gated_delta_net_q8_fast",4698,104093220857434,104093221420762,2048,0,64,0,128,32,1,1,1536,32,1
"KERNEL_DISPATCH","Agent 2",1,0,1123883,4693,24,"gated_delta_net_q8_fast",4693,104093217976875,104093218558163,2048,0,64,0,128,32,1,1,1536,32,1
"KERNEL_DISPATCH","Agent 2",1,0,1123883,4688,24,"gated_delta_net_q8_fast",4688,104093215001515,104093215597283,2048,0,64,0,128,32,1,1,1536,32,1
"KERNEL_DISPATCH","Agent 2",1,0,1123883,4683,20,"fused_rmsnorm_mq_rotate_awq_mq4v2_fp8_gfx12",4683,104093200855604,104093201539173,0,0,96,0,128,256,1,1,2097152,1,1
"KERNEL_DISPATCH","Agent 2",1,0,1123883,4678,20,"fused_rmsnorm_mq_rotate_awq_mq4v2_fp8_gfx12",4678,104093165415204,104093166095733,0,0,96,0,128,256,1,1,2097152,1,1
"KERNEL_DISPATCH","Agent 2",1,0,1123883,4673,24,"gated_delta_net_q8_fast",4673,104093159317362,104093159874449,2048,0,64,0,128,32,1,1,1536,32,1
"KERNEL_DISPATCH","Agent 2",1,0,1123883,4668,24,"gated_delta_net_q8_fast",4668,104093156491483,104093157057731,2048,0,64,0,128,32,1,1,1536,32,1
"KERNEL_DISPATCH","Agent 2",1,0,1123883,4663,24,"gated_delta_net_q8_fast",4663,104093153592364,104093154174732,2048,0,64,0,128,32,1,1,1536,32,1
"KERNEL_DISPATCH","Agent 2",1,0,1123883,4859,50,"mq_rotate_x",4859,104093646386030,104093646388270,0,0,32,0,128,32,1,1,640,1,1
"KERNEL_DISPATCH","Agent 2",1,0,1123883,4658,24,"gated_delta_net_q8_fast",4658,104093150663965,104093151250372,2048,0,64,0,128,32,1,1,1536,32,1
"KERNEL_DISPATCH","Agent 2",1,0,1123883,4653,27,"pack_f32_to_fp8_mq4v2_gfx12",4653,104093126555318,104093127884576,512,0,24,0,128,256,1,1,2097152,1,1
"KERNEL_DISPATCH","Agent 2",1,0,1123883,4648,27,"pack_f32_to_fp8_mq4v2_gfx12",4648,104093098528179,104093099031146,512,0,24,0,128,256,1,1,2097152,1,1
"KERNEL_DISPATCH","Agent 2",1,0,1123883,4643,37,"kv_cache_write_fp8_e4m3_batched",4643,104093084473349,104093084536670,0,0,56,0,128,32,1,1,128,8192,1
"KERNEL_DISPATCH","Agent 2",1,0,1123883,4854,31,"fused_silu_mul_mq_rotate_awq",4854,104093632229159,104093635051397,0,0,56,0,128,32,1,1,2176,8192,1
"KERNEL_DISPATCH","Agent 2",1,0,1123883,4638,20,"fused_rmsnorm_mq_rotate_awq_mq4v2_fp8_gfx12",4638,104093073350359,104093074035528,0,0,96,0,128,256,1,1,2097152,1,1
"KERNEL_DISPATCH","Agent 2",1,0,1123883,4849,26,"rotate_x_mq_awq",4849,104093606298728,104093606929417,0,0,80,0,128,32,1,1,768,8192,1
"KERNEL_DISPATCH","Agent 2",1,0,1123883,4633,20,"fused_rmsnorm_mq_rotate_awq_mq4v2_fp8_gfx12",4633,104093037819118,104093038493287,0,0,96,0,128,256,1,1,2097152,1,1
"KERNEL_DISPATCH","Agent 2",1,0,1123883,4844,36,"rope_partial_halfsplit_batched_f32",4844,104093592668064,104093593032989,0,0,16,0,128,32,1,1,32,8192,1
"KERNEL_DISPATCH","Agent 2",1,0,1123883,4628,24,"gated_delta_net_q8_fast",4628,104093031736156,104093032293003,2048,0,64,0,128,32,1,1,1536,32,1
"KERNEL_DISPATCH","Agent 2",1,0,1123883,4839,29,"gemm_mq4g256v2_residual_wmma_fp8_v2_b128x128_gfx1201_symfold",4839,104093571972224,104093581808277,0,0,192,0,128,256,1,1,10240,64,1
"KERNEL_DISPATCH","Agent 2",1,0,1123883,4623,24,"gated_delta_net_q8_fast",4623,104093028912317,104093029480005,2048,0,64,0,128,32,1,1,1536,32,1
"KERNEL_DISPATCH","Agent 2",1,0,1123883,4618,24,"gated_delta_net_q8_fast",4618,104093026019398,104093026601886,2048,0,64,0,128,32,1,1,1536,32,1
"KERNEL_DISPATCH","Agent 2",1,0,1123883,4834,29,"gemm_mq4g256v2_residual_wmma_fp8_v2_b128x128_gfx1201_symfold",4834,104093542828110,104093546204875,0,0,192,0,128,256,1,1,10240,64,1
"KERNEL_DISPATCH","Agent 2",1,0,1123883,4613,24,"gated_delta_net_q8_fast",4613,104093023087919,104093023674287,2048,0,64,0,128,32,1,1,1536,32,1
"KERNEL_DISPATCH","Agent 2",1,0,1123883,4829,24,"gated_delta_net_q8_fast",4829,104093539556825,104093540116233,2048,0,64,0,128,32,1,1,1536,32,1
"KERNEL_DISPATCH","Agent 2",1,0,1123883,4608,27,"pack_f32_to_fp8_mq4v2_gfx12",4608,104092998909792,104093000241010,512,0,24,0,128,256,1,1,2097152,1,1
"KERNEL_DISPATCH","Agent 2",1,0,1123883,4824,24,"gated_delta_net_q8_fast",4824,104093536710427,104093537283995,2048,0,64,0,128,32,1,1,1536,32,1
"KERNEL_DISPATCH","Agent 2",1,0,1123883,4603,27,"pack_f32_to_fp8_mq4v2_gfx12",4603,104092970692690,104092971194057,512,0,24,0,128,256,1,1,2097152,1,1
"KERNEL_DISPATCH","Agent 2",1,0,1123883,4819,24,"gated_delta_net_q8_fast",4819,104093533783227,104093534375635,2048,0,64,0,128,32,1,1,1536,32,1
"KERNEL_DISPATCH","Agent 2",1,0,1123883,4598,24,"gated_delta_net_q8_fast",4598,104092967375165,104092967937333,2048,0,64,0,128,32,1,1,1536,32,1
"KERNEL_DISPATCH","Agent 2",1,0,1123883,4814,22,"gdn_pre_batched_gfx1201",4814,104093528733919,104093531416595,33280,0,224,0,128,256,1,1,2686976,1,1
"KERNEL_DISPATCH","Agent 2",1,0,1123883,4593,24,"gated_delta_net_q8_fast",4593,104092964501486,104092965078534,2048,0,64,0,128,32,1,1,1536,32,1
"KERNEL_DISPATCH","Agent 2",1,0,1123883,4809,31,"fused_silu_mul_mq_rotate_awq",4809,104093504438830,104093507259069,0,0,56,0,128,32,1,1,2176,8192,1
"KERNEL_DISPATCH","Agent 2",1,0,1123883,4588,24,"gated_delta_net_q8_fast",4588,104092961573207,104092962154814,2048,0,64,0,128,32,1,1,1536,32,1
"KERNEL_DISPATCH","Agent 2",1,0,1123883,4804,26,"rotate_x_mq_awq",4804,104093478327597,104093478950166,0,0,80,0,128,32,1,1,768,8192,1
"KERNEL_DISPATCH","Agent 2",1,0,1123883,4583,21,"gemm_qkvza_mq4g256v2_wmma_fp8_v2_b128x128_gfx1201_symfold",4583,104092947660418,104092957123946,0,0,208,0,128,256,1,1,33024,64,1
"KERNEL_DISPATCH","Agent 2",1,0,1123883,4799,24,"gated_delta_net_q8_fast",4799,104093475092233,104093475653681,2048,0,64,0,128,32,1,1,1536,32,1
"KERNEL_DISPATCH","Agent 2",1,0,1123883,4794,24,"gated_delta_net_q8_fast",4794,104093472236635,104093472810323,2048,0,64,0,128,32,1,1,1536,32,1
"KERNEL_DISPATCH","Agent 2",1,0,1123883,4578,30,"gemm_gate_up_mq4g256v2_wmma_fp8_v2_b128x128_gfx1201_symfold",4578,104092912087257,104092932869258,0,0,192,0,128,256,1,1,69632,64,1
"KERNEL_DISPATCH","Agent 2",1,0,1123883,4789,24,"gated_delta_net_q8_fast",4789,104093469296675,104093469884483,2048,0,64,0,128,32,1,1,1536,32,1
"KERNEL_DISPATCH","Agent 2",1,0,1123883,4573,25,"gated_norm_f32",4573,104092905893573,104092906875787,0,0,24,0,128,32,1,1,1536,8192,1
"KERNEL_DISPATCH","Agent 2",1,0,1123883,4568,24,"gated_delta_net_q8_fast",4568,104092903093175,104092903656063,2048,0,64,0,128,32,1,1,1536,32,1
"KERNEL_DISPATCH","Agent 2",1,0,1123883,4563,24,"gated_delta_net_q8_fast",4563,104092900226777,104092900803024,2048,0,64,0,128,32,1,1,1536,32,1
"KERNEL_DISPATCH","Agent 2",1,0,1123883,4558,24,"gated_delta_net_q8_fast",4558,104092897298057,104092897880505,2048,0,64,0,128,32,1,1,1536,32,1
"KERNEL_DISPATCH","Agent 2",1,0,1123883,4553,29,"gemm_mq4g256v2_residual_wmma_fp8_v2_b128x128_gfx1201_symfold",4553,104092873900500,104092883853315,0,0,192,0,128,256,1,1,10240,64,1
"KERNEL_DISPATCH","Agent 2",1,0,1123883,4548,29,"gemm_mq4g256v2_residual_wmma_fp8_v2_b128x128_gfx1201_symfold",4548,104092845017110,104092848355155,0,0,192,0,128,256,1,1,10240,64,1
"KERNEL_DISPATCH","Agent 2",1,0,1123883,4543,37,"kv_cache_write_fp8_e4m3_batched",4543,104092830622355,104092830709556,0,0,56,0,128,32,1,1,128,8192,1
"KERNEL_DISPATCH","Agent 2",1,0,1123883,4538,32,"gemm_qkv_mq4g256v2_wmma_fp8_v2_b128x128_gfx1201_symfold",4538,104092820036372,104092828549487,0,0,192,0,128,256,1,1,28672,64,1
"KERNEL_DISPATCH","Agent 2",1,0,1123883,4533,30,"gemm_gate_up_mq4g256v2_wmma_fp8_v2_b128x128_gfx1201_symfold",4533,104092784553812,104092805335173,0,0,192,0,128,256,1,1,69632,64,1
"KERNEL_DISPATCH","Agent 2",1,0,1123883,4528,25,"gated_norm_f32",4528,104092778317047,104092779317581,0,0,24,0,128,32,1,1,1536,8192,1
"KERNEL_DISPATCH","Agent 2",1,0,1123883,4523,24,"gated_delta_net_q8_fast",4523,104092775497849,104092776061897,2048,0,64,0,128,32,1,1,1536,32,1
"KERNEL_DISPATCH","Agent 2",1,0,1123883,4518,24,"gated_delta_net_q8_fast",4518,104092772609850,104092773190698,2048,0,64,0,128,32,1,1,1536,32,1
"KERNEL_DISPATCH","Agent 2",1,0,1123883,4513,24,"gated_delta_net_q8_fast",4513,104092769640650,104092770230578,2048,0,64,0,128,32,1,1,1536,32,1
"KERNEL_DISPATCH","Agent 2",1,0,1123883,4508,29,"gemm_mq4g256v2_residual_wmma_fp8_v2_b128x128_gfx1201_symfold",4508,104092746325975,104092756088307,0,0,192,0,128,256,1,1,10240,64,1
"KERNEL_DISPATCH","Agent 2",1,0,1123883,4503,29,"gemm_mq4g256v2_residual_wmma_fp8_v2_b128x128_gfx1201_symfold",4503,104092717265342,104092720634267,0,0,192,0,128,256,1,1,10240,64,1
"KERNEL_DISPATCH","Agent 2",1,0,1123883,4498,24,"gated_delta_net_q8_fast",4498,104092714003977,104092714563265,2048,0,64,0,128,32,1,1,1536,32,1
"KERNEL_DISPATCH","Agent 2",1,0,1123883,4493,24,"gated_delta_net_q8_fast",4493,104092711159499,104092711732067,2048,0,64,0,128,32,1,1,1536,32,1
"KERNEL_DISPATCH","Agent 2",1,0,1123883,4488,24,"gated_delta_net_q8_fast",4488,104092708230299,104092708822187,2048,0,64,0,128,32,1,1,1536,32,1
"KERNEL_DISPATCH","Agent 2",1,0,1123883,4483,22,"gdn_pre_batched_gfx1201",4483,104092703148351,104092705839747,33280,0,224,0,128,256,1,1,2686976,1,1
"KERNEL_DISPATCH","Agent 2",1,0,1123883,4478,31,"fused_silu_mul_mq_rotate_awq",4478,104092678946343,104092681767581,0,0,56,0,128,32,1,1,2176,8192,1
"KERNEL_DISPATCH","Agent 2",1,0,1123883,4473,26,"rotate_x_mq_awq",4473,104092652873070,104092653496759,0,0,80,0,128,32,1,1,768,8192,1
"KERNEL_DISPATCH","Agent 2",1,0,1123883,4468,24,"gated_delta_net_q8_fast",4468,104092649611746,104092650179714,2048,0,64,0,128,32,1,1,1536,32,1
"KERNEL_DISPATCH","Agent 2",1,0,1123883,4852,20,"fused_rmsnorm_mq_rotate_awq_mq4v2_fp8_gfx12",4852,104093610825110,104093611496879,0,0,96,0,128,256,1,1,2097152,1,1
"KERNEL_DISPATCH","Agent 2",1,0,1123883,4847,41,"attention_fp8_e4m3_fa2_gqa_packet_gfx1201",4847,104093593195751,104093605300155,0,0,240,0,128,256,1,1,6144,4,16
"KERNEL_DISPATCH","Agent 2",1,0,1123883,4842,33,"deinterleave_q_rmsnorm_f32_batched",4842,104093591049762,104093592432981,0,0,24,0,128,256,1,1,6144,8192,1
"KERNEL_DISPATCH","Agent 2",1,0,1123883,4837,31,"fused_silu_mul_mq_rotate_awq",4837,104093567805368,104093570627086,0,0,56,0,128,32,1,1,2176,8192,1
"KERNEL_DISPATCH","Agent 2",1,0,1123883,4836,30,"gemm_gate_up_mq4g256v2_wmma_fp8_v2_b128x128_gfx1201_symfold",4836,104093546902325,104093567793167,0,0,192,0,128,256,1,1,69632,64,1
"KERNEL_DISPATCH","Agent 2",1,0,1123883,4832,26,"rotate_x_mq_awq",4832,104093541687014,104093542311063,0,0,80,0,128,32,1,1,768,8192,1
"KERNEL_DISPATCH","Agent 2",1,0,1123883,4831,25,"gated_norm_f32",4831,104093540682841,104093541683214,0,0,24,0,128,32,1,1,1536,8192,1
"KERNEL_DISPATCH","Agent 2",1,0,1123883,4827,24,"gated_delta_net_q8_fast",4827,104093538431450,104093538990778,2048,0,64,0,128,32,1,1,1536,32,1
"KERNEL_DISPATCH","Agent 2",1,0,1123883,4826,24,"gated_delta_net_q8_fast",4826,104093537862163,104093538428170,2048,0,64,0,128,32,1,1,1536,32,1
"KERNEL_DISPATCH","Agent 2",1,0,1123883,4822,24,"gated_delta_net_q8_fast",4822,104093535555771,104093536131179,2048,0,64,0,128,32,1,1,1536,32,1
"KERNEL_DISPATCH","Agent 2",1,0,1123883,4821,24,"gated_delta_net_q8_fast",4821,104093534970243,104093535552491,2048,0,64,0,128,32,1,1,1536,32,1
"KERNEL_DISPATCH","Agent 2",1,0,1123883,4817,24,"gated_delta_net_q8_fast",4817,104093532608131,104093533191459,2048,0,64,0,128,32,1,1,1536,32,1
"KERNEL_DISPATCH","Agent 2",1,0,1123883,4816,24,"gated_delta_net_q8_fast",4816,104093532022764,104093532604771,2048,0,64,0,128,32,1,1,1536,32,1
"KERNEL_DISPATCH","Agent 2",1,0,1123883,4812,20,"fused_rmsnorm_mq_rotate_awq_mq4v2_fp8_gfx12",4812,104093518488660,104093519172990,0,0,96,0,128,256,1,1,2097152,1,1
"KERNEL_DISPATCH","Agent 2",1,0,1123883,4811,29,"gemm_mq4g256v2_residual_wmma_fp8_v2_b128x128_gfx1201_symfold",4811,104093508604767,104093518476260,0,0,192,0,128,256,1,1,10240,64,1
"KERNEL_DISPATCH","Agent 2",1,0,1123883,4807,20,"fused_rmsnorm_mq_rotate_awq_mq4v2_fp8_gfx12",4807,104093482864659,104093483538028,0,0,96,0,128,256,1,1,2097152,1,1
"KERNEL_DISPATCH","Agent 2",1,0,1123883,4806,29,"gemm_mq4g256v2_residual_wmma_fp8_v2_b128x128_gfx1201_symfold",4806,104093479468533,104093482852538,0,0,192,0,128,256,1,1,10240,64,1
"KERNEL_DISPATCH","Agent 2",1,0,1123883,4802,24,"gated_delta_net_q8_fast",4802,104093476776776,104093477329304,2048,0,64,0,128,32,1,1,1536,32,1
"KERNEL_DISPATCH","Agent 2",1,0,1123883,4801,24,"gated_delta_net_q8_fast",4801,104093476217729,104093476773416,2048,0,64,0,128,32,1,1,1536,32,1
"KERNEL_DISPATCH","Agent 2",1,0,1123883,4797,24,"gated_delta_net_q8_fast",4797,104093473956378,104093474522506,2048,0,64,0,128,32,1,1,1536,32,1
"KERNEL_DISPATCH","Agent 2",1,0,1123883,4796,24,"gated_delta_net_q8_fast",4796,104093473386010,104093473953058,2048,0,64,0,128,32,1,1,1536,32,1
"KERNEL_DISPATCH","Agent 2",1,0,1123883,4792,24,"gated_delta_net_q8_fast",4792,104093471070259,104093471653147,2048,0,64,0,128,32,1,1,1536,32,1
"KERNEL_DISPATCH","Agent 2",1,0,1123883,4791,24,"gated_delta_net_q8_fast",4791,104093470482931,104093471066899,2048,0,64,0,128,32,1,1,1536,32,1
"KERNEL_DISPATCH","Agent 2",1,0,1123883,4787,24,"gated_delta_net_q8_fast",4787,104093468106899,104093468702067,2048,0,64,0,128,32,1,1,1536,32,1
"KERNEL_DISPATCH","Agent 2",1,0,1123883,4786,22,"gdn_pre_batched_gfx1201",4786,104093465401062,104093468094779,33280,0,224,0,128,256,1,1,2686976,1,1
"KERNEL_DISPATCH","Agent 2",1,0,1123883,4782,27,"pack_f32_to_fp8_mq4v2_gfx12",4782,104093443973732,104093445305510,512,0,24,0,128,256,1,1,2097152,1,1
"KERNEL_DISPATCH","Agent 2",1,0,1123883,4781,31,"fused_silu_mul_mq_rotate_awq",4781,104093441136534,104093443961532,0,0,56,0,128,32,1,1,2176,8192,1
"KERNEL_DISPATCH","Agent 2",1,0,1123883,4777,27,"pack_f32_to_fp8_mq4v2_gfx12",4777,104093415760031,104093416261358,512,0,24,0,128,256,1,1,2097152,1,1
"KERNEL_DISPATCH","Agent 2",1,0,1123883,4776,26,"rotate_x_mq_awq",4776,104093415119142,104093415748071,0,0,80,0,128,32,1,1,768,8192,1
"KERNEL_DISPATCH","Agent 2",1,0,1123883,4772,24,"gated_delta_net_q8_fast",4772,104093412441666,104093413002993,2048,0,64,0,128,32,1,1,1536,32,1
"KERNEL_DISPATCH","Agent 2",1,0,1123883,4771,24,"gated_delta_net_q8_fast",4771,104093411874858,104093412438426,2048,0,64,0,128,32,1,1,1536,32,1
"KERNEL_DISPATCH","Agent 2",1,0,1123883,4767,24,"gated_delta_net_q8_fast",4767,104093409582107,104093410158675,2048,0,64,0,128,32,1,1,1536,32,1
"KERNEL_DISPATCH","Agent 2",1,0,1123883,4766,24,"gated_delta_net_q8_fast",4766,104093408997299,104093409578787,2048,0,64,0,128,32,1,1,1536,32,1
"KERNEL_DISPATCH","Agent 2",1,0,1123883,4762,24,"gated_delta_net_q8_fast",4762,104093406638227,104093407230755,2048,0,64,0,128,32,1,1,1536,32,1
"KERNEL_DISPATCH","Agent 2",1,0,1123883,4761,24,"gated_delta_net_q8_fast",4761,104093406049139,104093406634827,2048,0,64,0,128,32,1,1,1536,32,1
"KERNEL_DISPATCH","Agent 2",1,0,1123883,4784,20,"fused_rmsnorm_mq_rotate_awq_mq4v2_fp8_gfx12",4784,104093455156604,104093455839373,0,0,96,0,128,256,1,1,2097152,1,1
"KERNEL_DISPATCH","Agent 2",1,0,1123883,4757,21,"gemm_qkvza_mq4g256v2_wmma_fp8_v2_b128x128_gfx1201_symfold",4757,104093392721879,104093402169647,0,0,208,0,128,256,1,1,33024,64,1
"KERNEL_DISPATCH","Agent 2",1,0,1123883,4756,20,"fused_rmsnorm_mq_rotate_awq_mq4v2_fp8_gfx12",4756,104093392027990,104093392709759,0,0,96,0,128,256,1,1,2097152,1,1
"KERNEL_DISPATCH","Agent 2",1,0,1123883,4779,20,"fused_rmsnorm_mq_rotate_awq_mq4v2_fp8_gfx12",4779,104093419633003,104093420307012,0,0,96,0,128,256,1,1,2097152,1,1
"KERNEL_DISPATCH","Agent 2",1,0,1123883,4752,30,"gemm_gate_up_mq4g256v2_wmma_fp8_v2_b128x128_gfx1201_symfold",4752,104093357143038,104093377872678,0,0,192,0,128,256,1,1,69632,64,1
"KERNEL_DISPATCH","Agent 2",1,0,1123883,4751,20,"fused_rmsnorm_mq_rotate_awq_mq4v2_fp8_gfx12",4751,104093356460069,104093357130918,0,0,96,0,128,256,1,1,2097152,1,1
"KERNEL_DISPATCH","Agent 2",1,0,1123883,4774,24,"gated_delta_net_q8_fast",4774,104093413570321,104093414121249,2048,0,64,0,128,32,1,1,1536,32,1
"KERNEL_DISPATCH","Agent 2",1,0,1123883,4747,49,"sigmoid_mul_f32",4747,104093350962074,104093351936647,0,0,16,0,128,256,1,1,50331648,1,1
"KERNEL_DISPATCH","Agent 2",1,0,1123883,4746,41,"attention_fp8_e4m3_fa2_gqa_packet_gfx1201",4746,104093338830470,104093350950034,0,0,240,0,128,256,1,1,6144,4,16
"KERNEL_DISPATCH","Agent 2",1,0,1123883,4769,24,"gated_delta_net_q8_fast",4769,104093410739563,104093411304930,2048,0,64,0,128,32,1,1,1536,32,1
"KERNEL_DISPATCH","Agent 2",1,0,1123883,4742,35,"rmsnorm_f32",4742,104093338076140,104093338297783,0,0,16,0,128,256,1,1,8388608,1,1
"KERNEL_DISPATCH","Agent 2",1,0,1123883,4764,24,"gated_delta_net_q8_fast",4764,104093407827243,104093408410931,2048,0,64,0,128,32,1,1,1536,32,1
"KERNEL_DISPATCH","Agent 2",1,0,1123883,4737,27,"pack_f32_to_fp8_mq4v2_gfx12",4737,104093316313405,104093317642343,512,0,24,0,128,256,1,1,2097152,1,1
"KERNEL_DISPATCH","Agent 2",1,0,1123883,4759,24,"gated_delta_net_q8_fast",4759,104093404868683,104093405458451,2048,0,64,0,128,32,1,1,1536,32,1
"KERNEL_DISPATCH","Agent 2",1,0,1123883,4732,27,"pack_f32_to_fp8_mq4v2_gfx12",4732,104093288007343,104093288509389,512,0,24,0,128,256,1,1,2097152,1,1
"KERNEL_DISPATCH","Agent 2",1,0,1123883,4754,27,"pack_f32_to_fp8_mq4v2_gfx12",4754,104093380716197,104093382044255,512,0,24,0,128,256,1,1,2097152,1,1
"KERNEL_DISPATCH","Agent 2",1,0,1123883,4727,24,"gated_delta_net_q8_fast",4727,104093284694938,104093285254265,2048,0,64,0,128,32,1,1,1536,32,1
"KERNEL_DISPATCH","Agent 2",1,0,1123883,4749,27,"pack_f32_to_fp8_mq4v2_gfx12",4749,104093352590936,104093353091783,512,0,24,0,128,256,1,1,2097152,1,1
"KERNEL_DISPATCH","Agent 2",1,0,1123883,4722,24,"gated_delta_net_q8_fast",4722,104093281841459,104093282413947,2048,0,64,0,128,32,1,1,1536,32,1
"KERNEL_DISPATCH","Agent 2",1,0,1123883,4744,37,"kv_cache_write_fp8_e4m3_batched",4744,104093338673428,104093338736109,0,0,56,0,128,32,1,1,128,8192,1
"KERNEL_DISPATCH","Agent 2",1,0,1123883,4717,24,"gated_delta_net_q8_fast",4717,104093278901899,104093279496107,2048,0,64,0,128,32,1,1,1536,32,1
"KERNEL_DISPATCH","Agent 2",1,0,1123883,4739,20,"fused_rmsnorm_mq_rotate_awq_mq4v2_fp8_gfx12",4739,104093327537117,104093328219926,0,0,96,0,128,256,1,1,2097152,1,1
"KERNEL_DISPATCH","Agent 2",1,0,1123883,4712,21,"gemm_qkvza_mq4g256v2_wmma_fp8_v2_b128x128_gfx1201_symfold",4712,104093264852749,104093274395038,0,0,208,0,128,256,1,1,33024,64,1
"KERNEL_DISPATCH","Agent 2",1,0,1123883,4734,20,"fused_rmsnorm_mq_rotate_awq_mq4v2_fp8_gfx12",4734,104093291920795,104093292597725,0,0,96,0,128,256,1,1,2097152,1,1
"KERNEL_DISPATCH","Agent 2",1,0,1123883,4707,30,"gemm_gate_up_mq4g256v2_wmma_fp8_v2_b128x128_gfx1201_symfold",4707,104093229288868,104093250122030,0,0,192,0,128,256,1,1,69632,64,1
"KERNEL_DISPATCH","Agent 2",1,0,1123883,4729,24,"gated_delta_net_q8_fast",4729,104093285817513,104093286371800,2048,0,64,0,128,32,1,1,1536,32,1
"KERNEL_DISPATCH","Agent 2",1,0,1123883,4702,25,"gated_norm_f32",4702,104093223106945,104093224089238,0,0,24,0,128,32,1,1,1536,8192,1
"KERNEL_DISPATCH","Agent 2",1,0,1123883,4697,24,"gated_delta_net_q8_fast",4697,104093220287546,104093220854114,2048,0,64,0,128,32,1,1,1536,32,1
"KERNEL_DISPATCH","Agent 2",1,0,1123883,4692,24,"gated_delta_net_q8_fast",4692,104093217391467,104093217973595,2048,0,64,0,128,32,1,1,1536,32,1
"KERNEL_DISPATCH","Agent 2",1,0,1123883,4687,24,"gated_delta_net_q8_fast",4687,104093214405867,104093214998115,2048,0,64,0,128,32,1,1,1536,32,1
"KERNEL_DISPATCH","Agent 2",1,0,1123883,4682,29,"gemm_mq4g256v2_residual_wmma_fp8_v2_b128x128_gfx1201_symfold",4682,104093191077751,104093200843283,0,0,192,0,128,256,1,1,10240,64,1
"KERNEL_DISPATCH","Agent 2",1,0,1123883,4677,29,"gemm_mq4g256v2_residual_wmma_fp8_v2_b128x128_gfx1201_symfold",4677,104093162015718,104093165403084,0,0,192,0,128,256,1,1,10240,64,1
"KERNEL_DISPATCH","Agent 2",1,0,1123883,4672,24,"gated_delta_net_q8_fast",4672,104093158757194,104093159314042,2048,0,64,0,128,32,1,1,1536,32,1
"KERNEL_DISPATCH","Agent 2",1,0,1123883,4667,24,"gated_delta_net_q8_fast",4667,104093155917876,104093156488123,2048,0,64,0,128,32,1,1,1536,32,1
"KERNEL_DISPATCH","Agent 2",1,0,1123883,4662,24,"gated_delta_net_q8_fast",4662,104093153006116,104093153589044,2048,0,64,0,128,32,1,1,1536,32,1
"KERNEL_DISPATCH","Agent 2",1,0,1123883,4657,22,"gdn_pre_batched_gfx1201",4657,104093147977448,104093150651924,33280,0,224,0,128,256,1,1,2686976,1,1
"KERNEL_DISPATCH","Agent 2",1,0,1123883,4652,31,"fused_silu_mul_mq_rotate_awq",4652,104093123719120,104093126543158,0,0,56,0,128,32,1,1,2176,8192,1
"KERNEL_DISPATCH","Agent 2",1,0,1123883,4463,24,"gated_delta_net_q8_fast",4463,104092646718347,104092647299595,2048,0,64,0,128,32,1,1,1536,32,1
"KERNEL_DISPATCH","Agent 2",1,0,1123883,4647,26,"rotate_x_mq_awq",4647,104093097887451,104093098516219,0,0,80,0,128,32,1,1,768,8192,1
"KERNEL_DISPATCH","Agent 2",1,0,1123883,4458,24,"gated_delta_net_q8_fast",4458,104092643803668,104092644380396,2048,0,64,0,128,32,1,1,1536,32,1
"KERNEL_DISPATCH","Agent 2",1,0,1123883,4642,36,"rope_partial_halfsplit_batched_f32",4642,104093084105584,104093084469509,0,0,16,0,128,32,1,1,32,8192,1
"KERNEL_DISPATCH","Agent 2",1,0,1123883,4453,20,"fused_rmsnorm_mq_rotate_awq_mq4v2_fp8_gfx12",4453,104092629674157,104092630355806,0,0,96,0,128,256,1,1,2097152,1,1
"KERNEL_DISPATCH","Agent 2",1,0,1123883,4637,29,"gemm_mq4g256v2_residual_wmma_fp8_v2_b128x128_gfx1201_symfold",4637,104093063504185,104093073337998,0,0,192,0,128,256,1,1,10240,64,1
"KERNEL_DISPATCH","Agent 2",1,0,1123883,4448,20,"fused_rmsnorm_mq_rotate_awq_mq4v2_fp8_gfx12",4448,104092594279878,104092594951927,0,0,96,0,128,256,1,1,2097152,1,1
"KERNEL_DISPATCH","Agent 2",1,0,1123883,4443,41,"attention_fp8_e4m3_fa2_gqa_packet_gfx1201",4443,104092576705560,104092588765643,0,0,240,0,128,256,1,1,6144,4,16
"KERNEL_DISPATCH","Agent 2",1,0,1123883,4438,33,"deinterleave_q_rmsnorm_f32_batched",4438,104092574555931,104092575941790,0,0,24,0,128,256,1,1,6144,8192,1
"KERNEL_DISPATCH","Agent 2",1,0,1123883,4433,31,"fused_silu_mul_mq_rotate_awq",4433,104092551362057,104092554181975,0,0,56,0,128,32,1,1,2176,8192,1
"KERNEL_DISPATCH","Agent 2",1,0,1123883,4428,26,"rotate_x_mq_awq",4428,104092525275304,104092525900393,0,0,80,0,128,32,1,1,768,8192,1
"KERNEL_DISPATCH","Agent 2",1,0,1123883,4423,24,"gated_delta_net_q8_fast",4423,104092522027060,104092522591588,2048,0,64,0,128,32,1,1,1536,32,1
"KERNEL_DISPATCH","Agent 2",1,0,1123883,4418,24,"gated_delta_net_q8_fast",4418,104092519151301,104092519728149,2048,0,64,0,128,32,1,1,1536,32,1
"KERNEL_DISPATCH","Agent 2",1,0,1123883,4413,24,"gated_delta_net_q8_fast",4413,104092516203142,104092516791150,2048,0,64,0,128,32,1,1,1536,32,1
"KERNEL_DISPATCH","Agent 2",1,0,1123883,4408,20,"fused_rmsnorm_mq_rotate_awq_mq4v2_fp8_gfx12",4408,104092502042950,104092502725999,0,0,96,0,128,256,1,1,2097152,1,1
"KERNEL_DISPATCH","Agent 2",1,0,1123883,4403,20,"fused_rmsnorm_mq_rotate_awq_mq4v2_fp8_gfx12",4403,104092466481589,104092467155278,0,0,96,0,128,256,1,1,2097152,1,1
"KERNEL_DISPATCH","Agent 2",1,0,1123883,4398,24,"gated_delta_net_q8_fast",4398,104092460401907,104092460954314,2048,0,64,0,128,32,1,1,1536,32,1
"KERNEL_DISPATCH","Agent 2",1,0,1123883,4393,24,"gated_delta_net_q8_fast",4393,104092457577508,104092458140316,2048,0,64,0,128,32,1,1,1536,32,1
"KERNEL_DISPATCH","Agent 2",1,0,1123883,4388,24,"gated_delta_net_q8_fast",4388,104092454676109,104092455257277,2048,0,64,0,128,32,1,1,1536,32,1
"KERNEL_DISPATCH","Agent 2",1,0,1123883,4383,24,"gated_delta_net_q8_fast",4383,104092451720069,104092452311997,2048,0,64,0,128,32,1,1,1536,32,1
"KERNEL_DISPATCH","Agent 2",1,0,1123883,4378,27,"pack_f32_to_fp8_mq4v2_gfx12",4378,104092427613943,104092428943561,512,0,24,0,128,256,1,1,2097152,1,1
"KERNEL_DISPATCH","Agent 2",1,0,1123883,4373,27,"pack_f32_to_fp8_mq4v2_gfx12",4373,104092399383961,104092399885168,512,0,24,0,128,256,1,1,2097152,1,1
"KERNEL_DISPATCH","Agent 2",1,0,1123883,4368,24,"gated_delta_net_q8_fast",4368,104092396071476,104092396635524,2048,0,64,0,128,32,1,1,1536,32,1
"KERNEL_DISPATCH","Agent 2",1,0,1123883,4363,24,"gated_delta_net_q8_fast",4363,104092393217198,104092393794246,2048,0,64,0,128,32,1,1,1536,32,1
"KERNEL_DISPATCH","Agent 2",1,0,1123883,4358,24,"gated_delta_net_q8_fast",4358,104092390275278,104092390868446,2048,0,64,0,128,32,1,1,1536,32,1
"KERNEL_DISPATCH","Agent 2",1,0,1123883,4741,33,"deinterleave_q_rmsnorm_f32_batched",4741,104093336679241,104093338063940,0,0,24,0,128,256,1,1,6144,8192,1
"KERNEL_DISPATCH","Agent 2",1,0,1123883,4353,21,"gemm_qkvza_mq4g256v2_wmma_fp8_v2_b128x128_gfx1201_symfold",4353,104092376269889,104092385786657,0,0,208,0,128,256,1,1,33024,64,1
"KERNEL_DISPATCH","Agent 2",1,0,1123883,4736,31,"fused_silu_mul_mq_rotate_awq",4736,104093313475567,104093316301205,0,0,56,0,128,32,1,1,2176,8192,1
"KERNEL_DISPATCH","Agent 2",1,0,1123883,4348,30,"gemm_gate_up_mq4g256v2_wmma_fp8_v2_b128x128_gfx1201_symfold",4348,104092340899290,104092361574850,0,0,192,0,128,256,1,1,69632,64,1
"KERNEL_DISPATCH","Agent 2",1,0,1123883,4731,26,"rotate_x_mq_awq",4731,104093287369574,104093287995342,0,0,80,0,128,32,1,1,768,8192,1
"KERNEL_DISPATCH","Agent 2",1,0,1123883,4343,49,"sigmoid_mul_f32",4343,104092334742687,104092335716100,0,0,16,0,128,256,1,1,50331648,1,1
"KERNEL_DISPATCH","Agent 2",1,0,1123883,4338,35,"rmsnorm_f32",4338,104092321814872,104092322038835,0,0,16,0,128,256,1,1,8388608,1,1
"KERNEL_DISPATCH","Agent 2",1,0,1123883,4333,27,"pack_f32_to_fp8_mq4v2_gfx12",4333,104092300131659,104092301460757,512,0,24,0,128,256,1,1,2097152,1,1
"KERNEL_DISPATCH","Agent 2",1,0,1123883,4328,27,"pack_f32_to_fp8_mq4v2_gfx12",4328,104092271881196,104092272382603,512,0,24,0,128,256,1,1,2097152,1,1
"KERNEL_DISPATCH","Agent 2",1,0,1123883,2756,15,"__amd_rocclr_fillBufferUnAligned",2756,104089581224746,104089581226066,0,0,8,0,128,256,1,1,1536,1,1
"KERNEL_DISPATCH","Agent 2",1,0,1123883,2703,15,"__amd_rocclr_fillBufferUnAligned",2703,104089580956622,104089580958982,0,0,8,0,128,256,1,1,8192,1,1
"KERNEL_DISPATCH","Agent 2",1,0,1123883,2972,15,"__amd_rocclr_fillBufferUnAligned",2972,104089582328881,104089582330041,0,0,8,0,128,256,1,1,7680,1,1
"KERNEL_DISPATCH","Agent 2",1,0,1123883,4323,24,"gated_delta_net_q8_fast",4323,104092268564472,104092269122719,2048,0,64,0,128,32,1,1,1536,32,1
"KERNEL_DISPATCH","Agent 2",1,0,1123883,4318,24,"gated_delta_net_q8_fast",4318,104092265707233,104092266279161,2048,0,64,0,128,32,1,1,1536,32,1
"KERNEL_DISPATCH","Agent 2",1,0,1123883,4313,24,"gated_delta_net_q8_fast",4313,104092262765553,104092263353561,2048,0,64,0,128,32,1,1,1536,32,1
"KERNEL_DISPATCH","Agent 2",1,0,1123883,4308,21,"gemm_qkvza_mq4g256v2_wmma_fp8_v2_b128x128_gfx1201_symfold",4308,104092248781924,104092258296773,0,0,208,0,128,256,1,1,33024,64,1
"KERNEL_DISPATCH","Agent 2",1,0,1123883,4303,30,"gemm_gate_up_mq4g256v2_wmma_fp8_v2_b128x128_gfx1201_symfold",4303,104092213304084,104092234094565,0,0,192,0,128,256,1,1,69632,64,1
"KERNEL_DISPATCH","Agent 2",1,0,1123883,4298,25,"gated_norm_f32",4298,104092207039439,104092208022773,0,0,24,0,128,32,1,1,1536,8192,1
"KERNEL_DISPATCH","Agent 2",1,0,1123883,4293,24,"gated_delta_net_q8_fast",4293,104092204219961,104092204783409,2048,0,64,0,128,32,1,1,1536,32,1
"KERNEL_DISPATCH","Agent 2",1,0,1123883,4288,24,"gated_delta_net_q8_fast",4288,104092201337322,104092201916010,2048,0,64,0,128,32,1,1,1536,32,1
"KERNEL_DISPATCH","Agent 2",1,0,1123883,4283,24,"gated_delta_net_q8_fast",4283,104092198398962,104092198983170,2048,0,64,0,128,32,1,1,1536,32,1
"KERNEL_DISPATCH","Agent 2",1,0,1123883,4278,29,"gemm_mq4g256v2_residual_wmma_fp8_v2_b128x128_gfx1201_symfold",4278,104092175047886,104092184825339,0,0,192,0,128,256,1,1,10240,64,1
"KERNEL_DISPATCH","Agent 2",1,0,1123883,4273,29,"gemm_mq4g256v2_residual_wmma_fp8_v2_b128x128_gfx1201_symfold",4273,104092145999333,104092149350379,0,0,192,0,128,256,1,1,10240,64,1
"KERNEL_DISPATCH","Agent 2",1,0,1123883,4268,24,"gated_delta_net_q8_fast",4268,104092142738329,104092143297777,2048,0,64,0,128,32,1,1,1536,32,1
"KERNEL_DISPATCH","Agent 2",1,0,1123883,4263,24,"gated_delta_net_q8_fast",4263,104092139889491,104092140462979,2048,0,64,0,128,32,1,1,1536,32,1
"KERNEL_DISPATCH","Agent 2",1,0,1123883,4258,24,"gated_delta_net_q8_fast",4258,104092136977691,104092137555379,2048,0,64,0,128,32,1,1,1536,32,1
"KERNEL_DISPATCH","Agent 2",1,0,1123883,4253,22,"gdn_pre_batched_gfx1201",4253,104092131980464,104092134638300,33280,0,224,0,128,256,1,1,2686976,1,1
"KERNEL_DISPATCH","Agent 2",1,0,1123883,4248,31,"fused_silu_mul_mq_rotate_awq",4248,104092107743936,104092110567694,0,0,56,0,128,32,1,1,2176,8192,1
"KERNEL_DISPATCH","Agent 2",1,0,1123883,4243,26,"rotate_x_mq_awq",4243,104092081849146,104092082480794,0,0,80,0,128,32,1,1,768,8192,1
"KERNEL_DISPATCH","Agent 2",1,0,1123883,4238,36,"rope_partial_halfsplit_batched_f32",4238,104092068076119,104092068442404,0,0,16,0,128,32,1,1,32,8192,1
"KERNEL_DISPATCH","Agent 2",1,0,1123883,4233,29,"gemm_mq4g256v2_residual_wmma_fp8_v2_b128x128_gfx1201_symfold",4233,104092047423360,104092057230053,0,0,192,0,128,256,1,1,10240,64,1
"KERNEL_DISPATCH","Agent 2",1,0,1123883,4228,29,"gemm_mq4g256v2_residual_wmma_fp8_v2_b128x128_gfx1201_symfold",4228,104092018314166,104092021692252,0,0,192,0,128,256,1,1,10240,64,1
"KERNEL_DISPATCH","Agent 2",1,0,1123883,4223,24,"gated_delta_net_q8_fast",4223,104092015047882,104092015616090,2048,0,64,0,128,32,1,1,1536,32,1
"KERNEL_DISPATCH","Agent 2",1,0,1123883,4218,24,"gated_delta_net_q8_fast",4218,104092012206204,104092012779931,2048,0,64,0,128,32,1,1,1536,32,1
"KERNEL_DISPATCH","Agent 2",1,0,1123883,4213,24,"gated_delta_net_q8_fast",4213,104092009311844,104092009892012,2048,0,64,0,128,32,1,1,1536,32,1
"KERNEL_DISPATCH","Agent 2",1,0,1123883,4208,22,"gdn_pre_batched_gfx1201",4208,104092004311177,104092006984933,33280,0,224,0,128,256,1,1,2686976,1,1
"KERNEL_DISPATCH","Agent 2",1,0,1123883,4203,31,"fused_silu_mul_mq_rotate_awq",4203,104091980008168,104091982830486,0,0,56,0,128,32,1,1,2176,8192,1
"KERNEL_DISPATCH","Agent 2",1,0,1123883,4198,26,"rotate_x_mq_awq",4198,104091953949415,104091954573104,0,0,80,0,128,32,1,1,768,8192,1
"KERNEL_DISPATCH","Agent 2",1,0,1123883,4193,24,"gated_delta_net_q8_fast",4193,104091950827613,104091951358860,2048,0,64,0,128,32,1,1,1536,32,1
"KERNEL_DISPATCH","Agent 2",1,0,1123883,4188,24,"gated_delta_net_q8_fast",4188,104091948115256,104091948659064,2048,0,64,0,128,32,1,1,1536,32,1
"KERNEL_DISPATCH","Agent 2",1,0,1123883,4183,24,"gated_delta_net_q8_fast",4183,104091945363579,104091945906427,2048,0,64,0,128,32,1,1,1536,32,1
"KERNEL_DISPATCH","Agent 2",1,0,1123883,4178,20,"fused_rmsnorm_mq_rotate_awq_mq4v2_fp8_gfx12",4178,104091931267109,104091931949358,0,0,96,0,128,256,1,1,2097152,1,1
"KERNEL_DISPATCH","Agent 2",1,0,1123883,4173,20,"fused_rmsnorm_mq_rotate_awq_mq4v2_fp8_gfx12",4173,104091895695267,104091896370116,0,0,96,0,128,256,1,1,2097152,1,1
"KERNEL_DISPATCH","Agent 2",1,0,1123883,4168,24,"gated_delta_net_q8_fast",4168,104091889605545,104091890159152,2048,0,64,0,128,32,1,1,1536,32,1
"KERNEL_DISPATCH","Agent 2",1,0,1123883,4163,24,"gated_delta_net_q8_fast",4163,104091886788347,104091887355075,2048,0,64,0,128,32,1,1,1536,32,1
"KERNEL_DISPATCH","Agent 2",1,0,1123883,4158,24,"gated_delta_net_q8_fast",4158,104091883887068,104091884469635,2048,0,64,0,128,32,1,1,1536,32,1
"KERNEL_DISPATCH","Agent 2",1,0,1123883,4153,24,"gated_delta_net_q8_fast",4153,104091880980548,104091881562876,2048,0,64,0,128,32,1,1,1536,32,1
"KERNEL_DISPATCH","Agent 2",1,0,1123883,4148,27,"pack_f32_to_fp8_mq4v2_gfx12",4148,104091856910583,104091858238121,512,0,24,0,128,256,1,1,2097152,1,1
"KERNEL_DISPATCH","Agent 2",1,0,1123883,4143,27,"pack_f32_to_fp8_mq4v2_gfx12",4143,104091828776282,104091829278369,512,0,24,0,128,256,1,1,2097152,1,1
"KERNEL_DISPATCH","Agent 2",1,0,1123883,4138,37,"kv_cache_write_fp8_e4m3_batched",4138,104091814745652,104091814808973,0,0,56,0,128,32,1,1,128,8192,1
"KERNEL_DISPATCH","Agent 2",1,0,1123883,4133,20,"fused_rmsnorm_mq_rotate_awq_mq4v2_fp8_gfx12",4133,104091803557261,104091804240630,0,0,96,0,128,256,1,1,2097152,1,1
"KERNEL_DISPATCH","Agent 2",1,0,1123883,4128,20,"fused_rmsnorm_mq_rotate_awq_mq4v2_fp8_gfx12",4128,104091768118342,104091768790391,0,0,96,0,128,256,1,1,2097152,1,1
"KERNEL_DISPATCH","Agent 2",1,0,1123883,4123,24,"gated_delta_net_q8_fast",4123,104091762022699,104091762578427,2048,0,64,0,128,32,1,1,1536,32,1
"KERNEL_DISPATCH","Agent 2",1,0,1123883,4118,24,"gated_delta_net_q8_fast",4118,104091759206181,104091759771869,2048,0,64,0,128,32,1,1,1536,32,1
"KERNEL_DISPATCH","Agent 2",1,0,1123883,4113,24,"gated_delta_net_q8_fast",4113,104091756308862,104091756889910,2048,0,64,0,128,32,1,1,1536,32,1
"KERNEL_DISPATCH","Agent 2",1,0,1123883,4108,24,"gated_delta_net_q8_fast",4108,104091753358142,104091753944830,2048,0,64,0,128,32,1,1,1536,32,1
"KERNEL_DISPATCH","Agent 2",1,0,1123883,4103,27,"pack_f32_to_fp8_mq4v2_gfx12",4103,104091729260536,104091730590114,512,0,24,0,128,256,1,1,2097152,1,1
"KERNEL_DISPATCH","Agent 2",1,0,1123883,4098,27,"pack_f32_to_fp8_mq4v2_gfx12",4098,104091701030034,104091701531441,512,0,24,0,128,256,1,1,2097152,1,1
"KERNEL_DISPATCH","Agent 2",1,0,1123883,4093,24,"gated_delta_net_q8_fast",4093,104091697720149,104091698279277,2048,0,64,0,128,32,1,1,1536,32,1
"KERNEL_DISPATCH","Agent 2",1,0,1123883,4088,24,"gated_delta_net_q8_fast",4088,104091694868871,104091695443278,2048,0,64,0,128,32,1,1,1536,32,1
"KERNEL_DISPATCH","Agent 2",1,0,1123883,4083,24,"gated_delta_net_q8_fast",4083,104091691938271,104091692527879,2048,0,64,0,128,32,1,1,1536,32,1
"KERNEL_DISPATCH","Agent 2",1,0,1123883,4078,21,"gemm_qkvza_mq4g256v2_wmma_fp8_v2_b128x128_gfx1201_symfold",4078,104091677951482,104091687457890,0,0,208,0,128,256,1,1,33024,64,1
"KERNEL_DISPATCH","Agent 2",1,0,1123883,4073,30,"gemm_gate_up_mq4g256v2_wmma_fp8_v2_b128x128_gfx1201_symfold",4073,104091642392161,104091663206002,0,0,192,0,128,256,1,1,69632,64,1
"KERNEL_DISPATCH","Agent 2",1,0,1123883,4068,25,"gated_norm_f32",4068,104091636190677,104091637173050,0,0,24,0,128,32,1,1,1536,8192,1
"KERNEL_DISPATCH","Agent 2",1,0,1123883,4063,24,"gated_delta_net_q8_fast",4063,104091633392879,104091633951286,2048,0,64,0,128,32,1,1,1536,32,1
"KERNEL_DISPATCH","Agent 2",1,0,1123883,4058,24,"gated_delta_net_q8_fast",4058,104091630519720,104091631096208,2048,0,64,0,128,32,1,1,1536,32,1
"KERNEL_DISPATCH","Agent 2",1,0,1123883,4053,24,"gated_delta_net_q8_fast",4053,104091627629161,104091628199009,2048,0,64,0,128,32,1,1,1536,32,1
"KERNEL_DISPATCH","Agent 2",1,0,1123883,4048,29,"gemm_mq4g256v2_residual_wmma_fp8_v2_b128x128_gfx1201_symfold",4048,104091604169684,104091614229580,0,0,192,0,128,256,1,1,10240,64,1
"KERNEL_DISPATCH","Agent 2",1,0,1123883,4043,29,"gemm_mq4g256v2_residual_wmma_fp8_v2_b128x128_gfx1201_symfold",4043,104091575318333,104091578627418,0,0,192,0,128,256,1,1,10240,64,1
"KERNEL_DISPATCH","Agent 2",1,0,1123883,4038,37,"kv_cache_write_fp8_e4m3_batched",4038,104091560841457,104091560929499,0,0,56,0,128,32,1,1,128,8192,1
"KERNEL_DISPATCH","Agent 2",1,0,1123883,4033,32,"gemm_qkv_mq4g256v2_wmma_fp8_v2_b128x128_gfx1201_symfold",4033,104091550319875,104091558766229,0,0,192,0,128,256,1,1,28672,64,1
"KERNEL_DISPATCH","Agent 2",1,0,1123883,4028,30,"gemm_gate_up_mq4g256v2_wmma_fp8_v2_b128x128_gfx1201_symfold",4028,104091514788314,104091535552115,0,0,192,0,128,256,1,1,69632,64,1
"KERNEL_DISPATCH","Agent 2",1,0,1123883,4023,25,"gated_norm_f32",4023,104091508573510,104091509555844,0,0,24,0,128,32,1,1,1536,8192,1
"KERNEL_DISPATCH","Agent 2",1,0,1123883,4018,24,"gated_delta_net_q8_fast",4018,104091505760432,104091506325880,2048,0,64,0,128,32,1,1,1536,32,1
"KERNEL_DISPATCH","Agent 2",1,0,1123883,4013,24,"gated_delta_net_q8_fast",4013,104091502883953,104091503464721,2048,0,64,0,128,32,1,1,1536,32,1
"KERNEL_DISPATCH","Agent 2",1,0,1123883,4008,24,"gated_delta_net_q8_fast",4008,104091499954074,104091500533922,2048,0,64,0,128,32,1,1,1536,32,1
"KERNEL_DISPATCH","Agent 2",1,0,1123883,4003,29,"gemm_mq4g256v2_residual_wmma_fp8_v2_b128x128_gfx1201_symfold",4003,104091476568117,104091486500572,0,0,192,0,128,256,1,1,10240,64,1
"KERNEL_DISPATCH","Agent 2",1,0,1123883,3998,29,"gemm_mq4g256v2_residual_wmma_fp8_v2_b128x128_gfx1201_symfold",3998,104091447552805,104091450956891,0,0,192,0,128,256,1,1,10240,64,1
"KERNEL_DISPATCH","Agent 2",1,0,1123883,3993,24,"gated_delta_net_q8_fast",3993,104091444290601,104091444848848,2048,0,64,0,128,32,1,1,1536,32,1
"KERNEL_DISPATCH","Agent 2",1,0,1123883,3988,24,"gated_delta_net_q8_fast",3988,104091441448162,104091442016370,2048,0,64,0,128,32,1,1,1536,32,1
"KERNEL_DISPATCH","Agent 2",1,0,1123883,3983,24,"gated_delta_net_q8_fast",3983,104091438528283,104091439110411,2048,0,64,0,128,32,1,1,1536,32,1
"KERNEL_DISPATCH","Agent 2",1,0,1123883,3978,22,"gdn_pre_batched_gfx1201",3978,104091433509695,104091436181931,33280,0,224,0,128,256,1,1,2686976,1,1
"KERNEL_DISPATCH","Agent 2",1,0,1123883,3973,31,"fused_silu_mul_mq_rotate_awq",3973,104091409318328,104091412141086,0,0,56,0,128,32,1,1,2176,8192,1
"KERNEL_DISPATCH","Agent 2",1,0,1123883,3968,26,"rotate_x_mq_awq",3968,104091383211574,104091383836823,0,0,80,0,128,32,1,1,768,8192,1
"KERNEL_DISPATCH","Agent 2",1,0,1123883,3963,24,"gated_delta_net_q8_fast",3963,104091379959210,104091380520658,2048,0,64,0,128,32,1,1,1536,32,1
"KERNEL_DISPATCH","Agent 2",1,0,1123883,3958,24,"gated_delta_net_q8_fast",3958,104091377098812,104091377673820,2048,0,64,0,128,32,1,1,1536,32,1
"KERNEL_DISPATCH","Agent 2",1,0,1123883,4721,24,"gated_delta_net_q8_fast",4721,104093281261091,104093281838219,2048,0,64,0,128,32,1,1,1536,32,1
"KERNEL_DISPATCH","Agent 2",1,0,1123883,3953,24,"gated_delta_net_q8_fast",3953,104091374160732,104091374745220,2048,0,64,0,128,32,1,1,1536,32,1
"KERNEL_DISPATCH","Agent 2",1,0,1123883,4716,24,"gated_delta_net_q8_fast",4716,104093278307051,104093278898539,2048,0,64,0,128,32,1,1,1536,32,1
"KERNEL_DISPATCH","Agent 2",1,0,1123883,3948,20,"fused_rmsnorm_mq_rotate_awq_mq4v2_fp8_gfx12",3948,104091360011421,104091360695270,0,0,96,0,128,256,1,1,2097152,1,1
"KERNEL_DISPATCH","Agent 2",1,0,1123883,4711,20,"fused_rmsnorm_mq_rotate_awq_mq4v2_fp8_gfx12",4711,104093264157620,104093264840669,0,0,96,0,128,256,1,1,2097152,1,1
"KERNEL_DISPATCH","Agent 2",1,0,1123883,3943,20,"fused_rmsnorm_mq_rotate_awq_mq4v2_fp8_gfx12",3943,104091324677743,104091325348032,0,0,96,0,128,256,1,1,2097152,1,1
"KERNEL_DISPATCH","Agent 2",1,0,1123883,4706,20,"fused_rmsnorm_mq_rotate_awq_mq4v2_fp8_gfx12",4706,104093228603579,104093229276828,0,0,96,0,128,256,1,1,2097152,1,1
"KERNEL_DISPATCH","Agent 2",1,0,1123883,3938,41,"attention_fp8_e4m3_fa2_gqa_packet_gfx1201",3938,104091307005664,104091319160308,0,0,240,0,128,256,1,1,6144,4,16
"KERNEL_DISPATCH","Agent 2",1,0,1123883,4719,24,"gated_delta_net_q8_fast",4719,104093280088395,104093280671843,2048,0,64,0,128,32,1,1,1536,32,1
"KERNEL_DISPATCH","Agent 2",1,0,1123883,3933,33,"deinterleave_q_rmsnorm_f32_batched",3933,104091304864555,104091306243093,0,0,24,0,128,256,1,1,6144,8192,1
"KERNEL_DISPATCH","Agent 2",1,0,1123883,4714,24,"gated_delta_net_q8_fast",4714,104093277115635,104093277708723,2048,0,64,0,128,32,1,1,1536,32,1
"KERNEL_DISPATCH","Agent 2",1,0,1123883,3928,31,"fused_silu_mul_mq_rotate_awq",3928,104091281708481,104091284531480,0,0,56,0,128,32,1,1,2176,8192,1
"KERNEL_DISPATCH","Agent 2",1,0,1123883,4709,27,"pack_f32_to_fp8_mq4v2_gfx12",4709,104093252969469,104093254298326,512,0,24,0,128,256,1,1,2097152,1,1
"KERNEL_DISPATCH","Agent 2",1,0,1123883,3923,26,"rotate_x_mq_awq",3923,104091255677729,104091256301578,0,0,80,0,128,32,1,1,768,8192,1
"KERNEL_DISPATCH","Agent 2",1,0,1123883,4704,27,"pack_f32_to_fp8_mq4v2_gfx12",4704,104093224737207,104093225242493,512,0,24,0,128,256,1,1,2097152,1,1
"KERNEL_DISPATCH","Agent 2",1,0,1123883,3918,24,"gated_delta_net_q8_fast",3918,104091252441405,104091253003333,2048,0,64,0,128,32,1,1,1536,32,1
"KERNEL_DISPATCH","Agent 2",1,0,1123883,4699,24,"gated_delta_net_q8_fast",4699,104093221424002,104093221983769,2048,0,64,0,128,32,1,1,1536,32,1
"KERNEL_DISPATCH","Agent 2",1,0,1123883,3913,24,"gated_delta_net_q8_fast",3913,104091249585647,104091250160415,2048,0,64,0,128,32,1,1,1536,32,1
"KERNEL_DISPATCH","Agent 2",1,0,1123883,4694,24,"gated_delta_net_q8_fast",4694,104093218561443,104093219134331,2048,0,64,0,128,32,1,1,1536,32,1
"KERNEL_DISPATCH","Agent 2",1,0,1123883,3908,24,"gated_delta_net_q8_fast",3908,104091246689928,104091247266775,2048,0,64,0,128,32,1,1,1536,32,1
"KERNEL_DISPATCH","Agent 2",1,0,1123883,4689,24,"gated_delta_net_q8_fast",4689,104093215600603,104093216196931,2048,0,64,0,128,32,1,1,1536,32,1
"KERNEL_DISPATCH","Agent 2",1,0,1123883,3903,20,"fused_rmsnorm_mq_rotate_awq_mq4v2_fp8_gfx12",3903,104091232537096,104091233221385,0,0,96,0,128,256,1,1,2097152,1,1
"KERNEL_DISPATCH","Agent 2",1,0,1123883,4684,21,"gemm_qkvza_mq4g256v2_wmma_fp8_v2_b128x128_gfx1201_symfold",4684,104093201551253,104093211094782,0,0,208,0,128,256,1,1,33024,64,1
"KERNEL_DISPATCH","Agent 2",1,0,1123883,3898,20,"fused_rmsnorm_mq_rotate_awq_mq4v2_fp8_gfx12",3898,104091197118537,104091197793426,0,0,96,0,128,256,1,1,2097152,1,1
"KERNEL_DISPATCH","Agent 2",1,0,1123883,4679,30,"gemm_gate_up_mq4g256v2_wmma_fp8_v2_b128x128_gfx1201_symfold",4679,104093166107853,104093186901855,0,0,192,0,128,256,1,1,69632,64,1
"KERNEL_DISPATCH","Agent 2",1,0,1123883,3893,24,"gated_delta_net_q8_fast",3893,104091191058895,104091191611983,2048,0,64,0,128,32,1,1,1536,32,1
"KERNEL_DISPATCH","Agent 2",1,0,1123883,4674,25,"gated_norm_f32",4674,104093159877929,104093160861302,0,0,24,0,128,32,1,1,1536,8192,1
"KERNEL_DISPATCH","Agent 2",1,0,1123883,3888,24,"gated_delta_net_q8_fast",3888,104091188239177,104091188803425,2048,0,64,0,128,32,1,1,1536,32,1
"KERNEL_DISPATCH","Agent 2",1,0,1123883,4669,24,"gated_delta_net_q8_fast",4669,104093157061051,104093157626859,2048,0,64,0,128,32,1,1,1536,32,1
"KERNEL_DISPATCH","Agent 2",1,0,1123883,4627,24,"gated_delta_net_q8_fast",4627,104093031176028,104093031732836,2048,0,64,0,128,32,1,1,1536,32,1
"KERNEL_DISPATCH","Agent 2",1,0,1123883,3883,24,"gated_delta_net_q8_fast",3883,104091185344418,104091185925466,2048,0,64,0,128,32,1,1,1536,32,1
"KERNEL_DISPATCH","Agent 2",1,0,1123883,4664,24,"gated_delta_net_q8_fast",4664,104093154178092,104093154758380,2048,0,64,0,128,32,1,1,1536,32,1
"KERNEL_DISPATCH","Agent 2",1,0,1123883,3878,24,"gated_delta_net_q8_fast",3878,104091182408458,104091182988946,2048,0,64,0,128,32,1,1,1536,32,1
"KERNEL_DISPATCH","Agent 2",1,0,1123883,4659,24,"gated_delta_net_q8_fast",4659,104093151253733,104093151835980,2048,0,64,0,128,32,1,1,1536,32,1
"KERNEL_DISPATCH","Agent 2",1,0,1123883,4622,24,"gated_delta_net_q8_fast",4622,104093028338990,104093028908997,2048,0,64,0,128,32,1,1,1536,32,1
"KERNEL_DISPATCH","Agent 2",1,0,1123883,3873,27,"pack_f32_to_fp8_mq4v2_gfx12",3873,104091158251531,104091159582709,512,0,24,0,128,256,1,1,2097152,1,1
"KERNEL_DISPATCH","Agent 2",1,0,1123883,4654,29,"gemm_mq4g256v2_residual_wmma_fp8_v2_b128x128_gfx1201_symfold",4654,104093127888416,104093137792910,0,0,192,0,128,256,1,1,10240,64,1
"KERNEL_DISPATCH","Agent 2",1,0,1123883,3868,27,"pack_f32_to_fp8_mq4v2_gfx12",3868,104091130048190,104091130550197,512,0,24,0,128,256,1,1,2097152,1,1
"KERNEL_DISPATCH","Agent 2",1,0,1123883,4649,29,"gemm_mq4g256v2_residual_wmma_fp8_v2_b128x128_gfx1201_symfold",4649,104093099034466,104093102383831,0,0,192,0,128,256,1,1,10240,64,1
"KERNEL_DISPATCH","Agent 2",1,0,1123883,3863,24,"gated_delta_net_q8_fast",3863,104091126736625,104091127295792,2048,0,64,0,128,32,1,1,1536,32,1
"KERNEL_DISPATCH","Agent 2",1,0,1123883,4644,37,"kv_cache_write_fp8_e4m3_batched",4644,104093084540190,104093084627151,0,0,56,0,128,32,1,1,128,8192,1
"KERNEL_DISPATCH","Agent 2",1,0,1123883,3858,24,"gated_delta_net_q8_fast",3858,104091123887986,104091124462434,2048,0,64,0,128,32,1,1,1536,32,1
"KERNEL_DISPATCH","Agent 2",1,0,1123883,4639,32,"gemm_qkv_mq4g256v2_wmma_fp8_v2_b128x128_gfx1201_symfold",4639,104093074047648,104093082472922,0,0,192,0,128,256,1,1,28672,64,1
"KERNEL_DISPATCH","Agent 2",1,0,1123883,3853,24,"gated_delta_net_q8_fast",3853,104091120954987,104091121548795,2048,0,64,0,128,32,1,1,1536,32,1
"KERNEL_DISPATCH","Agent 2",1,0,1123883,4634,30,"gemm_gate_up_mq4g256v2_wmma_fp8_v2_b128x128_gfx1201_symfold",4634,104093038505407,104093059324929,0,0,192,0,128,256,1,1,69632,64,1
"KERNEL_DISPATCH","Agent 2",1,0,1123883,3848,21,"gemm_qkvza_mq4g256v2_wmma_fp8_v2_b128x128_gfx1201_symfold",3848,104091107004678,104091116459086,0,0,208,0,128,256,1,1,33024,64,1
"KERNEL_DISPATCH","Agent 2",1,0,1123883,4629,25,"gated_norm_f32",4629,104093032296363,104093033279897,0,0,24,0,128,32,1,1,1536,8192,1
"KERNEL_DISPATCH","Agent 2",1,0,1123883,3843,30,"gemm_gate_up_mq4g256v2_wmma_fp8_v2_b128x128_gfx1201_symfold",3843,104091071447077,104091092171517,0,0,192,0,128,256,1,1,69632,64,1
"KERNEL_DISPATCH","Agent 2",1,0,1123883,4624,24,"gated_delta_net_q8_fast",4624,104093029483285,104093030046253,2048,0,64,0,128,32,1,1,1536,32,1
"KERNEL_DISPATCH","Agent 2",1,0,1123883,3838,49,"sigmoid_mul_f32",3838,104091065255673,104091066236926,0,0,16,0,128,256,1,1,50331648,1,1
"KERNEL_DISPATCH","Agent 2",1,0,1123883,4619,24,"gated_delta_net_q8_fast",4619,104093026605246,104093027182894,2048,0,64,0,128,32,1,1,1536,32,1
"KERNEL_DISPATCH","Agent 2",1,0,1123883,3833,35,"rmsnorm_f32",3833,104091052389979,104091052611742,0,0,16,0,128,256,1,1,8388608,1,1
"KERNEL_DISPATCH","Agent 2",1,0,1123883,4614,24,"gated_delta_net_q8_fast",4614,104093023677607,104093024257335,2048,0,64,0,128,32,1,1,1536,32,1
"KERNEL_DISPATCH","Agent 2",1,0,1123883,3828,27,"pack_f32_to_fp8_mq4v2_gfx12",3828,104091030699126,104091032026424,512,0,24,0,128,256,1,1,2097152,1,1
"KERNEL_DISPATCH","Agent 2",1,0,1123883,4609,29,"gemm_mq4g256v2_residual_wmma_fp8_v2_b128x128_gfx1201_symfold",4609,104093000244890,104093010290986,0,0,192,0,128,256,1,1,10240,64,1
"KERNEL_DISPATCH","Agent 2",1,0,1123883,3823,27,"pack_f32_to_fp8_mq4v2_gfx12",3823,104091002468224,104091002970271,512,0,24,0,128,256,1,1,2097152,1,1
"KERNEL_DISPATCH","Agent 2",1,0,1123883,4604,29,"gemm_mq4g256v2_residual_wmma_fp8_v2_b128x128_gfx1201_symfold",4604,104092971197337,104092974552582,0,0,192,0,128,256,1,1,10240,64,1
"KERNEL_DISPATCH","Agent 2",1,0,1123883,3818,24,"gated_delta_net_q8_fast",3818,104090999151099,104090999711747,2048,0,64,0,128,32,1,1,1536,32,1
"KERNEL_DISPATCH","Agent 2",1,0,1123883,4599,24,"gated_delta_net_q8_fast",4599,104092967940733,104092968498660,2048,0,64,0,128,32,1,1,1536,32,1
"KERNEL_DISPATCH","Agent 2",1,0,1123883,3813,24,"gated_delta_net_q8_fast",3813,104090996296380,104090996869548,2048,0,64,0,128,32,1,1,1536,32,1
"KERNEL_DISPATCH","Agent 2",1,0,1123883,4594,24,"gated_delta_net_q8_fast",4594,104092965081734,104092965660542,2048,0,64,0,128,32,1,1,1536,32,1
"KERNEL_DISPATCH","Agent 2",1,0,1123883,3808,24,"gated_delta_net_q8_fast",3808,104090993388021,104090993963949,2048,0,64,0,128,32,1,1,1536,32,1
"KERNEL_DISPATCH","Agent 2",1,0,1123883,4589,24,"gated_delta_net_q8_fast",4589,104092962158254,104092962738942,2048,0,64,0,128,32,1,1,1536,32,1
"KERNEL_DISPATCH","Agent 2",1,0,1123883,3803,21,"gemm_qkvza_mq4g256v2_wmma_fp8_v2_b128x128_gfx1201_symfold",3803,104090979441032,104090988953001,0,0,208,0,128,256,1,1,33024,64,1
"KERNEL_DISPATCH","Agent 2",1,0,1123883,3798,30,"gemm_gate_up_mq4g256v2_wmma_fp8_v2_b128x128_gfx1201_symfold",3798,104090943926552,104090964668952,0,0,192,0,128,256,1,1,69632,64,1
"KERNEL_DISPATCH","Agent 2",1,0,1123883,3793,25,"gated_norm_f32",3793,104090937709748,104090938693601,0,0,24,0,128,32,1,1,1536,8192,1
"KERNEL_DISPATCH","Agent 2",1,0,1123883,3788,24,"gated_delta_net_q8_fast",3788,104090934880109,104090935448517,2048,0,64,0,128,32,1,1,1536,32,1
"KERNEL_DISPATCH","Agent 2",1,0,1123883,3783,24,"gated_delta_net_q8_fast",3783,104090931973670,104090932559758,2048,0,64,0,128,32,1,1,1536,32,1
"KERNEL_DISPATCH","Agent 2",1,0,1123883,3778,24,"gated_delta_net_q8_fast",3778,104090929007950,104090929594558,2048,0,64,0,128,32,1,1,1536,32,1
"KERNEL_DISPATCH","Agent 2",1,0,1123883,3773,29,"gemm_mq4g256v2_residual_wmma_fp8_v2_b128x128_gfx1201_symfold",3773,104090905643914,104090915471967,0,0,192,0,128,256,1,1,10240,64,1
"KERNEL_DISPATCH","Agent 2",1,0,1123883,4701,24,"gated_delta_net_q8_fast",4701,104093222548497,104093223103464,2048,0,64,0,128,32,1,1,1536,32,1
"KERNEL_DISPATCH","Agent 2",1,0,1123883,3768,29,"gemm_mq4g256v2_residual_wmma_fp8_v2_b128x128_gfx1201_symfold",3768,104090876610041,104090879960407,0,0,192,0,128,256,1,1,10240,64,1
"KERNEL_DISPATCH","Agent 2",1,0,1123883,4696,24,"gated_delta_net_q8_fast",4696,104093219715019,104093220284146,2048,0,64,0,128,32,1,1,1536,32,1
"KERNEL_DISPATCH","Agent 2",1,0,1123883,3763,24,"gated_delta_net_q8_fast",3763,104090873349357,104090873908125,2048,0,64,0,128,32,1,1,1536,32,1
"KERNEL_DISPATCH","Agent 2",1,0,1123883,4691,24,"gated_delta_net_q8_fast",4691,104093216798579,104093217388027,2048,0,64,0,128,32,1,1,1536,32,1
"KERNEL_DISPATCH","Agent 2",1,0,1123883,4617,24,"gated_delta_net_q8_fast",4617,104093025433750,104093026016158,2048,0,64,0,128,32,1,1,1536,32,1
"KERNEL_DISPATCH","Agent 2",1,0,1123883,3758,24,"gated_delta_net_q8_fast",3758,104090870500479,104090871071366,2048,0,64,0,128,32,1,1,1536,32,1
"KERNEL_DISPATCH","Agent 2",1,0,1123883,4686,24,"gated_delta_net_q8_fast",4686,104093213806419,104093214402547,2048,0,64,0,128,32,1,1,1536,32,1
"KERNEL_DISPATCH","Agent 2",1,0,1123883,4612,22,"gdn_pre_batched_gfx1201",4612,104093020409442,104093023075839,33280,0,224,0,128,256,1,1,2686976,1,1
"KERNEL_DISPATCH","Agent 2",1,0,1123883,3753,24,"gated_delta_net_q8_fast",3753,104090867584079,104090868166367,2048,0,64,0,128,32,1,1,1536,32,1
"KERNEL_DISPATCH","Agent 2",1,0,1123883,4681,27,"pack_f32_to_fp8_mq4v2_gfx12",4681,104093189746693,104093191073951,512,0,24,0,128,256,1,1,2097152,1,1
"KERNEL_DISPATCH","Agent 2",1,0,1123883,3748,22,"gdn_pre_batched_gfx1201",3748,104090862545851,104090865222727,33280,0,224,0,128,256,1,1,2686976,1,1
"KERNEL_DISPATCH","Agent 2",1,0,1123883,4676,27,"pack_f32_to_fp8_mq4v2_gfx12",4676,104093161510871,104093162012358,512,0,24,0,128,256,1,1,2097152,1,1
"KERNEL_DISPATCH","Agent 2",1,0,1123883,3743,31,"fused_silu_mul_mq_rotate_awq",3743,104090838301203,104090841126761,0,0,56,0,128,32,1,1,2176,8192,1
"KERNEL_DISPATCH","Agent 2",1,0,1123883,4671,24,"gated_delta_net_q8_fast",4671,104093158193586,104093158753954,2048,0,64,0,128,32,1,1,1536,32,1
"KERNEL_DISPATCH","Agent 2",1,0,1123883,4666,24,"gated_delta_net_q8_fast",4666,104093155341588,104093155914636,2048,0,64,0,128,32,1,1,1536,32,1
"KERNEL_DISPATCH","Agent 2",1,0,1123883,4661,24,"gated_delta_net_q8_fast",4661,104093152420588,104093153002796,2048,0,64,0,128,32,1,1,1536,32,1
"KERNEL_DISPATCH","Agent 2",1,0,1123883,4656,21,"gemm_qkvza_mq4g256v2_wmma_fp8_v2_b128x128_gfx1201_symfold",4656,104093138499840,104093147965328,0,0,208,0,128,256,1,1,33024,64,1
"KERNEL_DISPATCH","Agent 2",1,0,1123883,4651,30,"gemm_gate_up_mq4g256v2_wmma_fp8_v2_b128x128_gfx1201_symfold",4651,104093103076841,104093123706840,0,0,192,0,128,256,1,1,69632,64,1
"KERNEL_DISPATCH","Agent 2",1,0,1123883,4646,49,"sigmoid_mul_f32",4646,104093096901157,104093097875370,0,0,16,0,128,256,1,1,50331648,1,1
"KERNEL_DISPATCH","Agent 2",1,0,1123883,4641,35,"rmsnorm_f32",4641,104093083883101,104093084102104,0,0,16,0,128,256,1,1,8388608,1,1
"KERNEL_DISPATCH","Agent 2",1,0,1123883,4636,27,"pack_f32_to_fp8_mq4v2_gfx12",4636,104093062171207,104093063500265,512,0,24,0,128,256,1,1,2097152,1,1
"KERNEL_DISPATCH","Agent 2",1,0,1123883,4631,27,"pack_f32_to_fp8_mq4v2_gfx12",4631,104093033937425,104093034437872,512,0,24,0,128,256,1,1,2097152,1,1
"KERNEL_DISPATCH","Agent 2",1,0,1123883,4626,24,"gated_delta_net_q8_fast",4626,104093030614100,104093031172748,2048,0,64,0,128,32,1,1,1536,32,1
"KERNEL_DISPATCH","Agent 2",1,0,1123883,4621,24,"gated_delta_net_q8_fast",4621,104093027765062,104093028335710,2048,0,64,0,128,32,1,1,1536,32,1
"KERNEL_DISPATCH","Agent 2",1,0,1123883,4616,24,"gated_delta_net_q8_fast",4616,104093024846022,104093025430510,2048,0,64,0,128,32,1,1,1536,32,1
"KERNEL_DISPATCH","Agent 2",1,0,1123883,4611,21,"gemm_qkvza_mq4g256v2_wmma_fp8_v2_b128x128_gfx1201_symfold",4611,104093010995755,104093020397322,0,0,208,0,128,256,1,1,33024,64,1
"KERNEL_DISPATCH","Agent 2",1,0,1123883,4606,30,"gemm_gate_up_mq4g256v2_wmma_fp8_v2_b128x128_gfx1201_symfold",4606,104092975251072,104092996064793,0,0,192,0,128,256,1,1,69632,64,1
"KERNEL_DISPATCH","Agent 2",1,0,1123883,4601,25,"gated_norm_f32",4601,104092969062828,104092970045201,0,0,24,0,128,32,1,1,1536,8192,1
"KERNEL_DISPATCH","Agent 2",1,0,1123883,4596,24,"gated_delta_net_q8_fast",4596,104092966236470,104092966803117,2048,0,64,0,128,32,1,1,1536,32,1
"KERNEL_DISPATCH","Agent 2",1,0,1123883,4591,24,"gated_delta_net_q8_fast",4591,104092963330750,104092963911958,2048,0,64,0,128,32,1,1,1536,32,1
"KERNEL_DISPATCH","Agent 2",1,0,1123883,4586,24,"gated_delta_net_q8_fast",4586,104092960410751,104092960988159,2048,0,64,0,128,32,1,1,1536,32,1
"KERNEL_DISPATCH","Agent 2",1,0,1123883,4581,29,"gemm_mq4g256v2_residual_wmma_fp8_v2_b128x128_gfx1201_symfold",4581,104092937058435,104092946956249,0,0,192,0,128,256,1,1,10240,64,1
"KERNEL_DISPATCH","Agent 2",1,0,1123883,4576,29,"gemm_mq4g256v2_residual_wmma_fp8_v2_b128x128_gfx1201_symfold",4576,104092908028002,104092911389648,0,0,192,0,128,256,1,1,10240,64,1
"KERNEL_DISPATCH","Agent 2",1,0,1123883,4571,24,"gated_delta_net_q8_fast",4571,104092904779478,104092905332886,2048,0,64,0,128,32,1,1,1536,32,1
"KERNEL_DISPATCH","Agent 2",1,0,1123883,4566,24,"gated_delta_net_q8_fast",4566,104092901955800,104092902523888,2048,0,64,0,128,32,1,1,1536,32,1
"KERNEL_DISPATCH","Agent 2",1,0,1123883,4561,24,"gated_delta_net_q8_fast",4561,104092899057081,104092899640329,2048,0,64,0,128,32,1,1,1536,32,1
"KERNEL_DISPATCH","Agent 2",1,0,1123883,4556,22,"gdn_pre_batched_gfx1201",4556,104092894021893,104092896694369,33280,0,224,0,128,256,1,1,2686976,1,1
"KERNEL_DISPATCH","Agent 2",1,0,1123883,4551,31,"fused_silu_mul_mq_rotate_awq",4551,104092869737084,104092872557602,0,0,56,0,128,32,1,1,2176,8192,1
"KERNEL_DISPATCH","Agent 2",1,0,1123883,4546,26,"rotate_x_mq_awq",4546,104092843872614,104092844502983,0,0,80,0,128,32,1,1,768,8192,1
"KERNEL_DISPATCH","Agent 2",1,0,1123883,4541,36,"rope_partial_halfsplit_batched_f32",4541,104092830186509,104092830551874,0,0,16,0,128,32,1,1,32,8192,1
"KERNEL_DISPATCH","Agent 2",1,0,1123883,4536,29,"gemm_mq4g256v2_residual_wmma_fp8_v2_b128x128_gfx1201_symfold",4536,104092809513869,104092819328682,0,0,192,0,128,256,1,1,10240,64,1
"KERNEL_DISPATCH","Agent 2",1,0,1123883,4531,29,"gemm_mq4g256v2_residual_wmma_fp8_v2_b128x128_gfx1201_symfold",4531,104092780462516,104092783855082,0,0,192,0,128,256,1,1,10240,64,1
"KERNEL_DISPATCH","Agent 2",1,0,1123883,4526,24,"gated_delta_net_q8_fast",4526,104092777194552,104092777752720,2048,0,64,0,128,32,1,1,1536,32,1
"KERNEL_DISPATCH","Agent 2",1,0,1123883,4521,24,"gated_delta_net_q8_fast",4521,104092774352794,104092774922442,2048,0,64,0,128,32,1,1,1536,32,1
"KERNEL_DISPATCH","Agent 2",1,0,1123883,4516,24,"gated_delta_net_q8_fast",4516,104092771428394,104092772016442,2048,0,64,0,128,32,1,1,1536,32,1
"KERNEL_DISPATCH","Agent 2",1,0,1123883,4511,22,"gdn_pre_batched_gfx1201",4511,104092766352966,104092769027562,33280,0,224,0,128,256,1,1,2686976,1,1
"KERNEL_DISPATCH","Agent 2",1,0,1123883,4506,31,"fused_silu_mul_mq_rotate_awq",4506,104092742158998,104092744980156,0,0,56,0,128,32,1,1,2176,8192,1
"KERNEL_DISPATCH","Agent 2",1,0,1123883,4501,26,"rotate_x_mq_awq",4501,104092716126286,104092716749735,0,0,80,0,128,32,1,1,768,8192,1
"KERNEL_DISPATCH","Agent 2",1,0,1123883,4496,24,"gated_delta_net_q8_fast",4496,104092712875442,104092713436890,2048,0,64,0,128,32,1,1,1536,32,1
"KERNEL_DISPATCH","Agent 2",1,0,1123883,4491,24,"gated_delta_net_q8_fast",4491,104092710002803,104092710579691,2048,0,64,0,128,32,1,1,1536,32,1
"KERNEL_DISPATCH","Agent 2",1,0,1123883,4486,24,"gated_delta_net_q8_fast",4486,104092707041643,104092707628771,2048,0,64,0,128,32,1,1,1536,32,1
"KERNEL_DISPATCH","Agent 2",1,0,1123883,4481,20,"fused_rmsnorm_mq_rotate_awq_mq4v2_fp8_gfx12",4481,104092692896612,104092693581101,0,0,96,0,128,256,1,1,2097152,1,1
"KERNEL_DISPATCH","Agent 2",1,0,1123883,4476,20,"fused_rmsnorm_mq_rotate_awq_mq4v2_fp8_gfx12",4476,104092657416212,104092658088661,0,0,96,0,128,256,1,1,2097152,1,1
"KERNEL_DISPATCH","Agent 2",1,0,1123883,4471,24,"gated_delta_net_q8_fast",4471,104092651316929,104092651875257,2048,0,64,0,128,32,1,1,1536,32,1
"KERNEL_DISPATCH","Agent 2",1,0,1123883,4466,24,"gated_delta_net_q8_fast",4466,104092648463771,104092649034779,2048,0,64,0,128,32,1,1,1536,32,1
"KERNEL_DISPATCH","Agent 2",1,0,1123883,4607,31,"fused_silu_mul_mq_rotate_awq",4607,104092996077033,104092998897671,0,0,56,0,128,32,1,1,2176,8192,1
"KERNEL_DISPATCH","Agent 2",1,0,1123883,4461,24,"gated_delta_net_q8_fast",4461,104092645546651,104092646129539,2048,0,64,0,128,32,1,1,1536,32,1
"KERNEL_DISPATCH","Agent 2",1,0,1123883,4602,26,"rotate_x_mq_awq",4602,104092970057241,104092970680730,0,0,80,0,128,32,1,1,768,8192,1
"KERNEL_DISPATCH","Agent 2",1,0,1123883,4456,24,"gated_delta_net_q8_fast",4456,104092642640292,104092643219220,2048,0,64,0,128,32,1,1,1536,32,1
"KERNEL_DISPATCH","Agent 2",1,0,1123883,4597,24,"gated_delta_net_q8_fast",4597,104092966806397,104092967371925,2048,0,64,0,128,32,1,1,1536,32,1
"KERNEL_DISPATCH","Agent 2",1,0,1123883,4451,27,"pack_f32_to_fp8_mq4v2_gfx12",4451,104092618536566,104092619863704,512,0,24,0,128,256,1,1,2097152,1,1
"KERNEL_DISPATCH","Agent 2",1,0,1123883,3738,26,"rotate_x_mq_awq",3738,104090812476134,104090813109182,0,0,80,0,128,32,1,1,768,8192,1
"KERNEL_DISPATCH","Agent 2",1,0,1123883,4592,24,"gated_delta_net_q8_fast",4592,104092963915318,104092964498246,2048,0,64,0,128,32,1,1,1536,32,1
"KERNEL_DISPATCH","Agent 2",1,0,1123883,4446,27,"pack_f32_to_fp8_mq4v2_gfx12",4446,104092590407985,104092590908072,512,0,24,0,128,256,1,1,2097152,1,1
"KERNEL_DISPATCH","Agent 2",1,0,1123883,4441,37,"kv_cache_write_fp8_e4m3_batched",4441,104092576547798,104092576610959,0,0,56,0,128,32,1,1,128,8192,1
"KERNEL_DISPATCH","Agent 2",1,0,1123883,4587,24,"gated_delta_net_q8_fast",4587,104092960991599,104092961569846,2048,0,64,0,128,32,1,1,1536,32,1
"KERNEL_DISPATCH","Agent 2",1,0,1123883,3733,36,"rope_partial_halfsplit_batched_f32",3733,104090798816949,104090799181994,0,0,16,0,128,32,1,1,32,8192,1
"KERNEL_DISPATCH","Agent 2",1,0,1123883,4436,20,"fused_rmsnorm_mq_rotate_awq_mq4v2_fp8_gfx12",4436,104092565392007,104092566080736,0,0,96,0,128,256,1,1,2097152,1,1
"KERNEL_DISPATCH","Agent 2",1,0,1123883,4582,20,"fused_rmsnorm_mq_rotate_awq_mq4v2_fp8_gfx12",4582,104092946968409,104092947648338,0,0,96,0,128,256,1,1,2097152,1,1
"KERNEL_DISPATCH","Agent 2",1,0,1123883,3728,29,"gemm_mq4g256v2_residual_wmma_fp8_v2_b128x128_gfx1201_symfold",3728,104090778287391,104090788067363,0,0,192,0,128,256,1,1,10240,64,1
"KERNEL_DISPATCH","Agent 2",1,0,1123883,3723,29,"gemm_mq4g256v2_residual_wmma_fp8_v2_b128x128_gfx1201_symfold",3723,104090749178317,104090752537563,0,0,192,0,128,256,1,1,10240,64,1
"KERNEL_DISPATCH","Agent 2",1,0,1123883,3718,24,"gated_delta_net_q8_fast",3718,104090745930793,104090746485401,2048,0,64,0,128,32,1,1,1536,32,1
"KERNEL_DISPATCH","Agent 2",1,0,1123883,3713,24,"gated_delta_net_q8_fast",3713,104090743110355,104090743676083,2048,0,64,0,128,32,1,1,1536,32,1
"KERNEL_DISPATCH","Agent 2",1,0,1123883,3708,24,"gated_delta_net_q8_fast",3708,104090740226316,104090740804684,2048,0,64,0,128,32,1,1,1536,32,1
"KERNEL_DISPATCH","Agent 2",1,0,1123883,3703,22,"gdn_pre_batched_gfx1201",3703,104090735205288,104090737881444,33280,0,224,0,128,256,1,1,2686976,1,1
"KERNEL_DISPATCH","Agent 2",1,0,1123883,3698,31,"fused_silu_mul_mq_rotate_awq",3698,104090711020481,104090713842479,0,0,56,0,128,32,1,1,2176,8192,1
"KERNEL_DISPATCH","Agent 2",1,0,1123883,3693,26,"rotate_x_mq_awq",3693,104090685035690,104090685657178,0,0,80,0,128,32,1,1,768,8192,1
"KERNEL_DISPATCH","Agent 2",1,0,1123883,3688,24,"gated_delta_net_q8_fast",3688,104090681792326,104090682354453,2048,0,64,0,128,32,1,1,1536,32,1
"KERNEL_DISPATCH","Agent 2",1,0,1123883,3683,24,"gated_delta_net_q8_fast",3683,104090678920007,104090679497415,2048,0,64,0,128,32,1,1,1536,32,1
"KERNEL_DISPATCH","Agent 2",1,0,1123883,3678,24,"gated_delta_net_q8_fast",3678,104090675963287,104090676551055,2048,0,64,0,128,32,1,1,1536,32,1
"KERNEL_DISPATCH","Agent 2",1,0,1123883,3673,20,"fused_rmsnorm_mq_rotate_awq_mq4v2_fp8_gfx12",3673,104090661825456,104090662510625,0,0,96,0,128,256,1,1,2097152,1,1
"KERNEL_DISPATCH","Agent 2",1,0,1123883,3668,20,"fused_rmsnorm_mq_rotate_awq_mq4v2_fp8_gfx12",3668,104090626371616,104090627045665,0,0,96,0,128,256,1,1,2097152,1,1
"KERNEL_DISPATCH","Agent 2",1,0,1123883,3663,24,"gated_delta_net_q8_fast",3663,104090620303734,104090620857301,2048,0,64,0,128,32,1,1,1536,32,1
"KERNEL_DISPATCH","Agent 2",1,0,1123883,3658,24,"gated_delta_net_q8_fast",3658,104090617474096,104090618040023,2048,0,64,0,128,32,1,1,1536,32,1
"KERNEL_DISPATCH","Agent 2",1,0,1123883,3653,24,"gated_delta_net_q8_fast",3653,104090614566176,104090615147304,2048,0,64,0,128,32,1,1,1536,32,1
"KERNEL_DISPATCH","Agent 2",1,0,1123883,3648,24,"gated_delta_net_q8_fast",3648,104090611661817,104090612245065,2048,0,64,0,128,32,1,1,1536,32,1
"KERNEL_DISPATCH","Agent 2",1,0,1123883,3643,27,"pack_f32_to_fp8_mq4v2_gfx12",3643,104090587558531,104090588886149,512,0,24,0,128,256,1,1,2097152,1,1
"KERNEL_DISPATCH","Agent 2",1,0,1123883,3638,27,"pack_f32_to_fp8_mq4v2_gfx12",3638,104090559484951,104090559986758,512,0,24,0,128,256,1,1,2097152,1,1
"KERNEL_DISPATCH","Agent 2",1,0,1123883,3633,37,"kv_cache_write_fp8_e4m3_batched",3633,104090545523922,104090545586923,0,0,56,0,128,32,1,1,128,8192,1
"KERNEL_DISPATCH","Agent 2",1,0,1123883,3628,20,"fused_rmsnorm_mq_rotate_awq_mq4v2_fp8_gfx12",3628,104090534388332,104090535072141,0,0,96,0,128,256,1,1,2097152,1,1
"KERNEL_DISPATCH","Agent 2",1,0,1123883,3623,20,"fused_rmsnorm_mq_rotate_awq_mq4v2_fp8_gfx12",3623,104090498963412,104090499637022,0,0,96,0,128,256,1,1,2097152,1,1
"KERNEL_DISPATCH","Agent 2",1,0,1123883,3618,24,"gated_delta_net_q8_fast",3618,104090492852810,104090493409377,2048,0,64,0,128,32,1,1,1536,32,1
"KERNEL_DISPATCH","Agent 2",1,0,1123883,3613,24,"gated_delta_net_q8_fast",3613,104090490029412,104090490599419,2048,0,64,0,128,32,1,1,1536,32,1
"KERNEL_DISPATCH","Agent 2",1,0,1123883,3608,24,"gated_delta_net_q8_fast",3608,104090487131812,104090487715980,2048,0,64,0,128,32,1,1,1536,32,1
"KERNEL_DISPATCH","Agent 2",1,0,1123883,3603,24,"gated_delta_net_q8_fast",3603,104090484226813,104090484808541,2048,0,64,0,128,32,1,1,1536,32,1
"KERNEL_DISPATCH","Agent 2",1,0,1123883,3598,27,"pack_f32_to_fp8_mq4v2_gfx12",3598,104090460103247,104090461430945,512,0,24,0,128,256,1,1,2097152,1,1
"KERNEL_DISPATCH","Agent 2",1,0,1123883,3593,27,"pack_f32_to_fp8_mq4v2_gfx12",3593,104090431928466,104090432431912,512,0,24,0,128,256,1,1,2097152,1,1
"KERNEL_DISPATCH","Agent 2",1,0,1123883,3588,24,"gated_delta_net_q8_fast",3588,104090428610661,104090429171308,2048,0,64,0,128,32,1,1,1536,32,1
"KERNEL_DISPATCH","Agent 2",1,0,1123883,3583,24,"gated_delta_net_q8_fast",3583,104090425744942,104090426321310,2048,0,64,0,128,32,1,1,1536,32,1
"KERNEL_DISPATCH","Agent 2",1,0,1123883,3578,24,"gated_delta_net_q8_fast",3578,104090422809782,104090423391310,2048,0,64,0,128,32,1,1,1536,32,1
"KERNEL_DISPATCH","Agent 2",1,0,1123883,3573,21,"gemm_qkvza_mq4g256v2_wmma_fp8_v2_b128x128_gfx1201_symfold",3573,104090408850113,104090418357922,0,0,208,0,128,256,1,1,33024,64,1
"KERNEL_DISPATCH","Agent 2",1,0,1123883,3568,30,"gemm_gate_up_mq4g256v2_wmma_fp8_v2_b128x128_gfx1201_symfold",3568,104090373282192,104090394137354,0,0,192,0,128,256,1,1,69632,64,1
"KERNEL_DISPATCH","Agent 2",1,0,1123883,3563,25,"gated_norm_f32",3563,104090367085748,104090368068242,0,0,24,0,128,32,1,1,1536,8192,1
"KERNEL_DISPATCH","Agent 2",1,0,1123883,3558,24,"gated_delta_net_q8_fast",3558,104090364250350,104090364817078,2048,0,64,0,128,32,1,1,1536,32,1
"KERNEL_DISPATCH","Agent 2",1,0,1123883,3553,24,"gated_delta_net_q8_fast",3553,104090361344591,104090361928759,2048,0,64,0,128,32,1,1,1536,32,1
"KERNEL_DISPATCH","Agent 2",1,0,1123883,4431,20,"fused_rmsnorm_mq_rotate_awq_mq4v2_fp8_gfx12",4431,104092529820766,104092530495815,0,0,96,0,128,256,1,1,2097152,1,1
"KERNEL_DISPATCH","Agent 2",1,0,1123883,3548,24,"gated_delta_net_q8_fast",3548,104090358415991,104090358996319,2048,0,64,0,128,32,1,1,1536,32,1
"KERNEL_DISPATCH","Agent 2",1,0,1123883,4426,24,"gated_delta_net_q8_fast",4426,104092523721123,104092524276611,2048,0,64,0,128,32,1,1,1536,32,1
"KERNEL_DISPATCH","Agent 2",1,0,1123883,3543,29,"gemm_mq4g256v2_residual_wmma_fp8_v2_b128x128_gfx1201_symfold",3543,104090335104796,104090344890488,0,0,192,0,128,256,1,1,10240,64,1
"KERNEL_DISPATCH","Agent 2",1,0,1123883,4421,24,"gated_delta_net_q8_fast",4421,104092520884765,104092521454013,2048,0,64,0,128,32,1,1,1536,32,1
"KERNEL_DISPATCH","Agent 2",1,0,1123883,4416,24,"gated_delta_net_q8_fast",4416,104092517978006,104092518564014,2048,0,64,0,128,32,1,1,1536,32,1
"KERNEL_DISPATCH","Agent 2",1,0,1123883,4411,24,"gated_delta_net_q8_fast",4411,104092515009965,104092515607814,2048,0,64,0,128,32,1,1,1536,32,1
"KERNEL_DISPATCH","Agent 2",1,0,1123883,4406,27,"pack_f32_to_fp8_mq4v2_gfx12",4406,104092490917480,104092492245297,512,0,24,0,128,256,1,1,2097152,1,1
"KERNEL_DISPATCH","Agent 2",1,0,1123883,4401,27,"pack_f32_to_fp8_mq4v2_gfx12",4401,104092462589896,104092463094503,512,0,24,0,128,256,1,1,2097152,1,1
"KERNEL_DISPATCH","Agent 2",1,0,1123883,4396,24,"gated_delta_net_q8_fast",4396,104092459275171,104092459836179,2048,0,64,0,128,32,1,1,1536,32,1
"KERNEL_DISPATCH","Agent 2",1,0,1123883,4391,24,"gated_delta_net_q8_fast",4391,104092456423053,104092456996741,2048,0,64,0,128,32,1,1,1536,32,1
"KERNEL_DISPATCH","Agent 2",1,0,1123883,4386,24,"gated_delta_net_q8_fast",4386,104092453491133,104092454080141,2048,0,64,0,128,32,1,1,1536,32,1
"KERNEL_DISPATCH","Agent 2",1,0,1123883,4381,21,"gemm_qkvza_mq4g256v2_wmma_fp8_v2_b128x128_gfx1201_symfold",4381,104092439597345,104092449026353,0,0,208,0,128,256,1,1,33024,64,1
"KERNEL_DISPATCH","Agent 2",1,0,1123883,4376,30,"gemm_gate_up_mq4g256v2_wmma_fp8_v2_b128x128_gfx1201_symfold",4376,104092403940303,104092424754264,0,0,192,0,128,256,1,1,69632,64,1
"KERNEL_DISPATCH","Agent 2",1,0,1123883,4371,25,"gated_norm_f32",4371,104092397751459,104092398734272,0,0,24,0,128,32,1,1,1536,8192,1
"KERNEL_DISPATCH","Agent 2",1,0,1123883,4366,24,"gated_delta_net_q8_fast",4366,104092394937261,104092395503709,2048,0,64,0,128,32,1,1,1536,32,1
"KERNEL_DISPATCH","Agent 2",1,0,1123883,4361,24,"gated_delta_net_q8_fast",4361,104092392051622,104092392635350,2048,0,64,0,128,32,1,1,1536,32,1
"KERNEL_DISPATCH","Agent 2",1,0,1123883,4356,24,"gated_delta_net_q8_fast",4356,104092389091182,104092389679310,2048,0,64,0,128,32,1,1,1536,32,1
"KERNEL_DISPATCH","Agent 2",1,0,1123883,4351,29,"gemm_mq4g256v2_residual_wmma_fp8_v2_b128x128_gfx1201_symfold",4351,104092365759826,104092375561799,0,0,192,0,128,256,1,1,10240,64,1
"KERNEL_DISPATCH","Agent 2",1,0,1123883,4346,29,"gemm_mq4g256v2_residual_wmma_fp8_v2_b128x128_gfx1201_symfold",4346,104092336876876,104092340205281,0,0,192,0,128,256,1,1,10240,64,1
"KERNEL_DISPATCH","Agent 2",1,0,1123883,4341,37,"kv_cache_write_fp8_e4m3_batched",4341,104092322477881,104092322565602,0,0,56,0,128,32,1,1,128,8192,1
"KERNEL_DISPATCH","Agent 2",1,0,1123883,4336,32,"gemm_qkv_mq4g256v2_wmma_fp8_v2_b128x128_gfx1201_symfold",4336,104092312012979,104092320412853,0,0,192,0,128,256,1,1,28672,64,1
"KERNEL_DISPATCH","Agent 2",1,0,1123883,4331,30,"gemm_gate_up_mq4g256v2_wmma_fp8_v2_b128x128_gfx1201_symfold",4331,104092276463218,104092297286060,0,0,192,0,128,256,1,1,69632,64,1
"KERNEL_DISPATCH","Agent 2",1,0,1123883,4326,25,"gated_norm_f32",4326,104092270247614,104092271229708,0,0,24,0,128,32,1,1,1536,8192,1
"KERNEL_DISPATCH","Agent 2",1,0,1123883,4321,24,"gated_delta_net_q8_fast",4321,104092267428696,104092267992984,2048,0,64,0,128,32,1,1,1536,32,1
"KERNEL_DISPATCH","Agent 2",1,0,1123883,4316,24,"gated_delta_net_q8_fast",4316,104092264537937,104092265116825,2048,0,64,0,128,32,1,1,1536,32,1
"KERNEL_DISPATCH","Agent 2",1,0,1123883,4311,24,"gated_delta_net_q8_fast",4311,104092261588777,104092262174505,2048,0,64,0,128,32,1,1,1536,32,1
"KERNEL_DISPATCH","Agent 2",1,0,1123883,4306,29,"gemm_mq4g256v2_residual_wmma_fp8_v2_b128x128_gfx1201_symfold",4306,104092238273982,104092248074474,0,0,192,0,128,256,1,1,10240,64,1
"KERNEL_DISPATCH","Agent 2",1,0,1123883,4301,29,"gemm_mq4g256v2_residual_wmma_fp8_v2_b128x128_gfx1201_symfold",4301,104092209177668,104092212607635,0,0,192,0,128,256,1,1,10240,64,1
"KERNEL_DISPATCH","Agent 2",1,0,1123883,4296,24,"gated_delta_net_q8_fast",4296,104092205916704,104092206473592,2048,0,64,0,128,32,1,1,1536,32,1
"KERNEL_DISPATCH","Agent 2",1,0,1123883,4291,24,"gated_delta_net_q8_fast",4291,104092203075786,104092203646113,2048,0,64,0,128,32,1,1,1536,32,1
"KERNEL_DISPATCH","Agent 2",1,0,1123883,4286,24,"gated_delta_net_q8_fast",4286,104092200164186,104092200747674,2048,0,64,0,128,32,1,1,1536,32,1
"KERNEL_DISPATCH","Agent 2",1,0,1123883,4281,22,"gdn_pre_batched_gfx1201",4281,104092195107958,104092197792234,33280,0,224,0,128,256,1,1,2686976,1,1
"KERNEL_DISPATCH","Agent 2",1,0,1123883,4276,31,"fused_silu_mul_mq_rotate_awq",4276,104092170880790,104092173704268,0,0,56,0,128,32,1,1,2176,8192,1
"KERNEL_DISPATCH","Agent 2",1,0,1123883,4584,22,"gdn_pre_batched_gfx1201",4584,104092957136066,104092959810303,33280,0,224,0,128,256,1,1,2686976,1,1
"KERNEL_DISPATCH","Agent 2",1,0,1123883,4271,26,"rotate_x_mq_awq",4271,104092144854318,104092145478326,0,0,80,0,128,32,1,1,768,8192,1
"KERNEL_DISPATCH","Agent 2",1,0,1123883,4579,31,"fused_silu_mul_mq_rotate_awq",4579,104092932881498,104092935723137,0,0,56,0,128,32,1,1,2176,8192,1
"KERNEL_DISPATCH","Agent 2",1,0,1123883,4266,24,"gated_delta_net_q8_fast",4266,104092141608154,104092142171162,2048,0,64,0,128,32,1,1,1536,32,1
"KERNEL_DISPATCH","Agent 2",1,0,1123883,4574,26,"rotate_x_mq_awq",4574,104092906887907,104092907510955,0,0,80,0,128,32,1,1,768,8192,1
"KERNEL_DISPATCH","Agent 2",1,0,1123883,4261,24,"gated_delta_net_q8_fast",4261,104092138727355,104092139308003,2048,0,64,0,128,32,1,1,1536,32,1
"KERNEL_DISPATCH","Agent 2",1,0,1123883,4569,24,"gated_delta_net_q8_fast",4569,104092903659423,104092904217111,2048,0,64,0,128,32,1,1,1536,32,1
"KERNEL_DISPATCH","Agent 2",1,0,1123883,4256,24,"gated_delta_net_q8_fast",4256,104092135818756,104092136392524,2048,0,64,0,128,32,1,1,1536,32,1
"KERNEL_DISPATCH","Agent 2",1,0,1123883,4251,20,"fused_rmsnorm_mq_rotate_awq_mq4v2_fp8_gfx12",4251,104092121768286,104092122448895,0,0,96,0,128,256,1,1,2097152,1,1
"KERNEL_DISPATCH","Agent 2",1,0,1123883,4246,20,"fused_rmsnorm_mq_rotate_awq_mq4v2_fp8_gfx12",4246,104092086350767,104092087022496,0,0,96,0,128,256,1,1,2097152,1,1
"KERNEL_DISPATCH","Agent 2",1,0,1123883,4241,41,"attention_fp8_e4m3_fa2_gqa_packet_gfx1201",4241,104092068618887,104092080850852,0,0,240,0,128,256,1,1,6144,4,16
"KERNEL_DISPATCH","Agent 2",1,0,1123883,4236,33,"deinterleave_q_rmsnorm_f32_batched",4236,104092066449097,104092067838196,0,0,24,0,128,256,1,1,6144,8192,1
"KERNEL_DISPATCH","Agent 2",1,0,1123883,4231,31,"fused_silu_mul_mq_rotate_awq",4231,104092043258464,104092046079022,0,0,56,0,128,32,1,1,2176,8192,1
"KERNEL_DISPATCH","Agent 2",1,0,1123883,4226,26,"rotate_x_mq_awq",4226,104092017172831,104092017796399,0,0,80,0,128,32,1,1,768,8192,1
"KERNEL_DISPATCH","Agent 2",1,0,1123883,4577,20,"fused_rmsnorm_mq_rotate_awq_mq4v2_fp8_gfx12",4577,104092911401768,104092912075057,0,0,96,0,128,256,1,1,2097152,1,1
"KERNEL_DISPATCH","Agent 2",1,0,1123883,4572,24,"gated_delta_net_q8_fast",4572,104092905336166,104092905890133,2048,0,64,0,128,32,1,1,1536,32,1
"KERNEL_DISPATCH","Agent 2",1,0,1123883,4567,24,"gated_delta_net_q8_fast",4567,104092902527248,104092903089895,2048,0,64,0,128,32,1,1,1536,32,1
"KERNEL_DISPATCH","Agent 2",1,0,1123883,4562,24,"gated_delta_net_q8_fast",4562,104092899643609,104092900223377,2048,0,64,0,128,32,1,1,1536,32,1
"KERNEL_DISPATCH","Agent 2",1,0,1123883,4557,24,"gated_delta_net_q8_fast",4557,104092896706409,104092897294777,2048,0,64,0,128,32,1,1,1536,32,1
"KERNEL_DISPATCH","Agent 2",1,0,1123883,4552,27,"pack_f32_to_fp8_mq4v2_gfx12",4552,104092872569762,104092873896740,512,0,24,0,128,256,1,1,2097152,1,1
"KERNEL_DISPATCH","Agent 2",1,0,1123883,4547,27,"pack_f32_to_fp8_mq4v2_gfx12",4547,104092844514983,104092845013830,512,0,24,0,128,256,1,1,2097152,1,1
"KERNEL_DISPATCH","Agent 2",1,0,1123883,4542,37,"kv_cache_write_fp8_e4m3_batched",4542,104092830555714,104092830618835,0,0,56,0,128,32,1,1,128,8192,1
"KERNEL_DISPATCH","Agent 2",1,0,1123883,4537,20,"fused_rmsnorm_mq_rotate_awq_mq4v2_fp8_gfx12",4537,104092819341082,104092820024172,0,0,96,0,128,256,1,1,2097152,1,1
"KERNEL_DISPATCH","Agent 2",1,0,1123883,4532,20,"fused_rmsnorm_mq_rotate_awq_mq4v2_fp8_gfx12",4532,104092783867163,104092784541652,0,0,96,0,128,256,1,1,2097152,1,1
"KERNEL_DISPATCH","Agent 2",1,0,1123883,4527,24,"gated_delta_net_q8_fast",4527,104092777756040,104092778313567,2048,0,64,0,128,32,1,1,1536,32,1
"KERNEL_DISPATCH","Agent 2",1,0,1123883,4522,24,"gated_delta_net_q8_fast",4522,104092774925682,104092775494409,2048,0,64,0,128,32,1,1,1536,32,1
"KERNEL_DISPATCH","Agent 2",1,0,1123883,4517,24,"gated_delta_net_q8_fast",4517,104092772019762,104092772606450,2048,0,64,0,128,32,1,1,1536,32,1
"KERNEL_DISPATCH","Agent 2",1,0,1123883,4512,24,"gated_delta_net_q8_fast",4512,104092769039642,104092769637250,2048,0,64,0,128,32,1,1,1536,32,1
"KERNEL_DISPATCH","Agent 2",1,0,1123883,4507,27,"pack_f32_to_fp8_mq4v2_gfx12",4507,104092744992277,104092746322175,512,0,24,0,128,256,1,1,2097152,1,1
"KERNEL_DISPATCH","Agent 2",1,0,1123883,4502,27,"pack_f32_to_fp8_mq4v2_gfx12",4502,104092716761735,104092717261981,512,0,24,0,128,256,1,1,2097152,1,1
"KERNEL_DISPATCH","Agent 2",1,0,1123883,4497,24,"gated_delta_net_q8_fast",4497,104092713440130,104092714000737,2048,0,64,0,128,32,1,1,1536,32,1
"KERNEL_DISPATCH","Agent 2",1,0,1123883,4492,24,"gated_delta_net_q8_fast",4492,104092710583011,104092711156179,2048,0,64,0,128,32,1,1,1536,32,1
"KERNEL_DISPATCH","Agent 2",1,0,1123883,4487,24,"gated_delta_net_q8_fast",4487,104092707632091,104092708226979,2048,0,64,0,128,32,1,1,1536,32,1
"KERNEL_DISPATCH","Agent 2",1,0,1123883,4482,21,"gemm_qkvza_mq4g256v2_wmma_fp8_v2_b128x128_gfx1201_symfold",4482,104092693593261,104092703136190,0,0,208,0,128,256,1,1,33024,64,1
"KERNEL_DISPATCH","Agent 2",1,0,1123883,4477,30,"gemm_gate_up_mq4g256v2_wmma_fp8_v2_b128x128_gfx1201_symfold",4477,104092658100741,104092678934063,0,0,192,0,128,256,1,1,69632,64,1
"KERNEL_DISPATCH","Agent 2",1,0,1123883,4472,25,"gated_norm_f32",4472,104092651878697,104092652860950,0,0,24,0,128,32,1,1,1536,8192,1
"KERNEL_DISPATCH","Agent 2",1,0,1123883,4467,24,"gated_delta_net_q8_fast",4467,104092649038139,104092649608426,2048,0,64,0,128,32,1,1,1536,32,1
"KERNEL_DISPATCH","Agent 2",1,0,1123883,4462,24,"gated_delta_net_q8_fast",4462,104092646132859,104092646714987,2048,0,64,0,128,32,1,1,1536,32,1
"KERNEL_DISPATCH","Agent 2",1,0,1123883,4457,24,"gated_delta_net_q8_fast",4457,104092643222540,104092643800268,2048,0,64,0,128,32,1,1,1536,32,1
"KERNEL_DISPATCH","Agent 2",1,0,1123883,4452,29,"gemm_mq4g256v2_residual_wmma_fp8_v2_b128x128_gfx1201_symfold",4452,104092619867504,104092629661796,0,0,192,0,128,256,1,1,10240,64,1
"KERNEL_DISPATCH","Agent 2",1,0,1123883,4447,29,"gemm_mq4g256v2_residual_wmma_fp8_v2_b128x128_gfx1201_symfold",4447,104092590911392,104092594267838,0,0,192,0,128,256,1,1,10240,64,1
"KERNEL_DISPATCH","Agent 2",1,0,1123883,4442,37,"kv_cache_write_fp8_e4m3_batched",4442,104092576614559,104092576702160,0,0,56,0,128,32,1,1,128,8192,1
"KERNEL_DISPATCH","Agent 2",1,0,1123883,4437,32,"gemm_qkv_mq4g256v2_wmma_fp8_v2_b128x128_gfx1201_symfold",4437,104092566092896,104092574543891,0,0,192,0,128,256,1,1,28672,64,1
"KERNEL_DISPATCH","Agent 2",1,0,1123883,4432,30,"gemm_gate_up_mq4g256v2_wmma_fp8_v2_b128x128_gfx1201_symfold",4432,104092530507895,104092551349857,0,0,192,0,128,256,1,1,69632,64,1
"KERNEL_DISPATCH","Agent 2",1,0,1123883,4427,25,"gated_norm_f32",4427,104092524280091,104092525263224,0,0,24,0,128,32,1,1,1536,8192,1
"KERNEL_DISPATCH","Agent 2",1,0,1123883,4422,24,"gated_delta_net_q8_fast",4422,104092521457333,104092522023740,2048,0,64,0,128,32,1,1,1536,32,1
"KERNEL_DISPATCH","Agent 2",1,0,1123883,4417,24,"gated_delta_net_q8_fast",4417,104092518567374,104092519147901,2048,0,64,0,128,32,1,1,1536,32,1
"KERNEL_DISPATCH","Agent 2",1,0,1123883,4726,24,"gated_delta_net_q8_fast",4726,104093284128410,104093284691618,2048,0,64,0,128,32,1,1,1536,32,1
"KERNEL_DISPATCH","Agent 2",1,0,1123883,4724,24,"gated_delta_net_q8_fast",4724,104093282988395,104093283555522,2048,0,64,0,128,32,1,1,1536,32,1
"KERNEL_DISPATCH","Agent 2",1,0,1123883,4632,29,"gemm_mq4g256v2_residual_wmma_fp8_v2_b128x128_gfx1201_symfold",4632,104093034441472,104093037807038,0,0,192,0,128,256,1,1,10240,64,1
"KERNEL_DISPATCH","Agent 2",1,0,1123883,4412,24,"gated_delta_net_q8_fast",4412,104092515611134,104092516199822,2048,0,64,0,128,32,1,1,1536,32,1
"KERNEL_DISPATCH","Agent 2",1,0,1123883,4407,29,"gemm_mq4g256v2_residual_wmma_fp8_v2_b128x128_gfx1201_symfold",4407,104092492249178,104092502030550,0,0,192,0,128,256,1,1,10240,64,1
"KERNEL_DISPATCH","Agent 2",1,0,1123883,4402,29,"gemm_mq4g256v2_residual_wmma_fp8_v2_b128x128_gfx1201_symfold",4402,104092463098183,104092466469309,0,0,192,0,128,256,1,1,10240,64,1
"KERNEL_DISPATCH","Agent 2",1,0,1123883,4397,24,"gated_delta_net_q8_fast",4397,104092459839459,104092460398667,2048,0,64,0,128,32,1,1,1536,32,1
"KERNEL_DISPATCH","Agent 2",1,0,1123883,4392,24,"gated_delta_net_q8_fast",4392,104092457000021,104092457574308,2048,0,64,0,128,32,1,1,1536,32,1
"KERNEL_DISPATCH","Agent 2",1,0,1123883,4387,24,"gated_delta_net_q8_fast",4387,104092454083461,104092454672829,2048,0,64,0,128,32,1,1,1536,32,1
"KERNEL_DISPATCH","Agent 2",1,0,1123883,4382,22,"gdn_pre_batched_gfx1201",4382,104092449038513,104092451707989,33280,0,224,0,128,256,1,1,2686976,1,1
"KERNEL_DISPATCH","Agent 2",1,0,1123883,4377,31,"fused_silu_mul_mq_rotate_awq",4377,104092424766505,104092427610023,0,0,56,0,128,32,1,1,2176,8192,1
"KERNEL_DISPATCH","Agent 2",1,0,1123883,4372,26,"rotate_x_mq_awq",4372,104092398746473,104092399371921,0,0,80,0,128,32,1,1,768,8192,1
"KERNEL_DISPATCH","Agent 2",1,0,1123883,4367,24,"gated_delta_net_q8_fast",4367,104092395507029,104092396068116,2048,0,64,0,128,32,1,1,1536,32,1
"KERNEL_DISPATCH","Agent 2",1,0,1123883,4362,24,"gated_delta_net_q8_fast",4362,104092392638590,104092393213838,2048,0,64,0,128,32,1,1,1536,32,1
"KERNEL_DISPATCH","Agent 2",1,0,1123883,4357,24,"gated_delta_net_q8_fast",4357,104092389682750,104092390271838,2048,0,64,0,128,32,1,1,1536,32,1
"KERNEL_DISPATCH","Agent 2",1,0,1123883,4352,20,"fused_rmsnorm_mq_rotate_awq_mq4v2_fp8_gfx12",4352,104092375574159,104092376257688,0,0,96,0,128,256,1,1,2097152,1,1
"KERNEL_DISPATCH","Agent 2",1,0,1123883,4347,20,"fused_rmsnorm_mq_rotate_awq_mq4v2_fp8_gfx12",4347,104092340217361,104092340887170,0,0,96,0,128,256,1,1,2097152,1,1
"KERNEL_DISPATCH","Agent 2",1,0,1123883,4342,41,"attention_fp8_e4m3_fa2_gqa_packet_gfx1201",4342,104092322569082,104092334730647,0,0,240,0,128,256,1,1,6144,4,16
"KERNEL_DISPATCH","Agent 2",1,0,1123883,4337,33,"deinterleave_q_rmsnorm_f32_batched",4337,104092320424973,104092321802752,0,0,24,0,128,256,1,1,6144,8192,1
"KERNEL_DISPATCH","Agent 2",1,0,1123883,4332,31,"fused_silu_mul_mq_rotate_awq",4332,104092297298340,104092300119498,0,0,56,0,128,32,1,1,2176,8192,1
"KERNEL_DISPATCH","Agent 2",1,0,1123883,4327,26,"rotate_x_mq_awq",4327,104092271241788,104092271869156,0,0,80,0,128,32,1,1,768,8192,1
"KERNEL_DISPATCH","Agent 2",1,0,1123883,4322,24,"gated_delta_net_q8_fast",4322,104092267996304,104092268561111,2048,0,64,0,128,32,1,1,1536,32,1
"KERNEL_DISPATCH","Agent 2",1,0,1123883,4317,24,"gated_delta_net_q8_fast",4317,104092265120225,104092265703913,2048,0,64,0,128,32,1,1,1536,32,1
"KERNEL_DISPATCH","Agent 2",1,0,1123883,4312,24,"gated_delta_net_q8_fast",4312,104092262177905,104092262762193,2048,0,64,0,128,32,1,1,1536,32,1
"KERNEL_DISPATCH","Agent 2",1,0,1123883,4307,20,"fused_rmsnorm_mq_rotate_awq_mq4v2_fp8_gfx12",4307,104092248086834,104092248769804,0,0,96,0,128,256,1,1,2097152,1,1
"KERNEL_DISPATCH","Agent 2",1,0,1123883,4302,20,"fused_rmsnorm_mq_rotate_awq_mq4v2_fp8_gfx12",4302,104092212619635,104092213291964,0,0,96,0,128,256,1,1,2097152,1,1
"KERNEL_DISPATCH","Agent 2",1,0,1123883,4297,24,"gated_delta_net_q8_fast",4297,104092206476832,104092207036079,2048,0,64,0,128,32,1,1,1536,32,1
"KERNEL_DISPATCH","Agent 2",1,0,1123883,4292,24,"gated_delta_net_q8_fast",4292,104092203649393,104092204216641,2048,0,64,0,128,32,1,1,1536,32,1
"KERNEL_DISPATCH","Agent 2",1,0,1123883,4287,24,"gated_delta_net_q8_fast",4287,104092200750914,104092201334082,2048,0,64,0,128,32,1,1,1536,32,1
"KERNEL_DISPATCH","Agent 2",1,0,1123883,4282,24,"gated_delta_net_q8_fast",4282,104092197804354,104092198395682,2048,0,64,0,128,32,1,1,1536,32,1
"KERNEL_DISPATCH","Agent 2",1,0,1123883,4277,27,"pack_f32_to_fp8_mq4v2_gfx12",4277,104092173716428,104092175043886,512,0,24,0,128,256,1,1,2097152,1,1
"KERNEL_DISPATCH","Agent 2",1,0,1123883,4272,27,"pack_f32_to_fp8_mq4v2_gfx12",4272,104092145490407,104092145995653,512,0,24,0,128,256,1,1,2097152,1,1
"KERNEL_DISPATCH","Agent 2",1,0,1123883,4267,24,"gated_delta_net_q8_fast",4267,104092142174482,104092142734969,2048,0,64,0,128,32,1,1,1536,32,1
"KERNEL_DISPATCH","Agent 2",1,0,1123883,4262,24,"gated_delta_net_q8_fast",4262,104092139311283,104092139886131,2048,0,64,0,128,32,1,1,1536,32,1
"KERNEL_DISPATCH","Agent 2",1,0,1123883,4257,24,"gated_delta_net_q8_fast",4257,104092136395884,104092136974331,2048,0,64,0,128,32,1,1,1536,32,1
"KERNEL_DISPATCH","Agent 2",1,0,1123883,4252,21,"gemm_qkvza_mq4g256v2_wmma_fp8_v2_b128x128_gfx1201_symfold",4252,104092122460935,104092131968264,0,0,208,0,128,256,1,1,33024,64,1
"KERNEL_DISPATCH","Agent 2",1,0,1123883,4247,30,"gemm_gate_up_mq4g256v2_wmma_fp8_v2_b128x128_gfx1201_symfold",4247,104092087034776,104092107731616,0,0,192,0,128,256,1,1,69632,64,1
"KERNEL_DISPATCH","Agent 2",1,0,1123883,4242,49,"sigmoid_mul_f32",4242,104092080862852,104092081837065,0,0,16,0,128,256,1,1,50331648,1,1
"KERNEL_DISPATCH","Agent 2",1,0,1123883,4237,35,"rmsnorm_f32",4237,104092067850356,104092068072559,0,0,16,0,128,256,1,1,8388608,1,1
"KERNEL_DISPATCH","Agent 2",1,0,1123883,4232,27,"pack_f32_to_fp8_mq4v2_gfx12",4232,104092046091182,104092047419520,512,0,24,0,128,256,1,1,2097152,1,1
"KERNEL_DISPATCH","Agent 2",1,0,1123883,4227,27,"pack_f32_to_fp8_mq4v2_gfx12",4227,104092017808479,104092018310846,512,0,24,0,128,256,1,1,2097152,1,1
"KERNEL_DISPATCH","Agent 2",1,0,1123883,4222,24,"gated_delta_net_q8_fast",4222,104092014485834,104092015044602,2048,0,64,0,128,32,1,1,1536,32,1
"KERNEL_DISPATCH","Agent 2",1,0,1123883,4217,24,"gated_delta_net_q8_fast",4217,104092011630836,104092012202803,2048,0,64,0,128,32,1,1,1536,32,1
"KERNEL_DISPATCH","Agent 2",1,0,1123883,4212,24,"gated_delta_net_q8_fast",4212,104092008734997,104092009308484,2048,0,64,0,128,32,1,1,1536,32,1
"KERNEL_DISPATCH","Agent 2",1,0,1123883,4207,21,"gemm_qkvza_mq4g256v2_wmma_fp8_v2_b128x128_gfx1201_symfold",4207,104091994832448,104092004298977,0,0,208,0,128,256,1,1,33024,64,1
"KERNEL_DISPATCH","Agent 2",1,0,1123883,4202,30,"gemm_gate_up_mq4g256v2_wmma_fp8_v2_b128x128_gfx1201_symfold",4202,104091959179886,104091979995848,0,0,192,0,128,256,1,1,69632,64,1
"KERNEL_DISPATCH","Agent 2",1,0,1123883,4197,25,"gated_norm_f32",4197,104091952955042,104091953937295,0,0,24,0,128,32,1,1,1536,8192,1
"KERNEL_DISPATCH","Agent 2",1,0,1123883,4192,24,"gated_delta_net_q8_fast",4192,104091950288806,104091950824333,2048,0,64,0,128,32,1,1,1536,32,1
"KERNEL_DISPATCH","Agent 2",1,0,1123883,4187,24,"gated_delta_net_q8_fast",4187,104091947564329,104091948111976,2048,0,64,0,128,32,1,1,1536,32,1
"KERNEL_DISPATCH","Agent 2",1,0,1123883,4182,24,"gated_delta_net_q8_fast",4182,104091944817092,104091945360219,2048,0,64,0,128,32,1,1,1536,32,1
"KERNEL_DISPATCH","Agent 2",1,0,1123883,4177,29,"gemm_mq4g256v2_residual_wmma_fp8_v2_b128x128_gfx1201_symfold",4177,104091921469136,104091931254748,0,0,192,0,128,256,1,1,10240,64,1
"KERNEL_DISPATCH","Agent 2",1,0,1123883,4172,29,"gemm_mq4g256v2_residual_wmma_fp8_v2_b128x128_gfx1201_symfold",4172,104091892302541,104091895682987,0,0,192,0,128,256,1,1,10240,64,1
"KERNEL_DISPATCH","Agent 2",1,0,1123883,4167,24,"gated_delta_net_q8_fast",4167,104091889046977,104091889602265,2048,0,64,0,128,32,1,1,1536,32,1
"KERNEL_DISPATCH","Agent 2",1,0,1123883,4162,24,"gated_delta_net_q8_fast",4162,104091886215699,104091886784987,2048,0,64,0,128,32,1,1,1536,32,1
"KERNEL_DISPATCH","Agent 2",1,0,1123883,4157,24,"gated_delta_net_q8_fast",4157,104091883303300,104091883883748,2048,0,64,0,128,32,1,1,1536,32,1
"KERNEL_DISPATCH","Agent 2",1,0,1123883,4152,22,"gdn_pre_batched_gfx1201",4152,104091878285632,104091880968348,33280,0,224,0,128,256,1,1,2686976,1,1
"KERNEL_DISPATCH","Agent 2",1,0,1123883,4147,31,"fused_silu_mul_mq_rotate_awq",4147,104091854074024,104091856898463,0,0,56,0,128,32,1,1,2176,8192,1
"KERNEL_DISPATCH","Agent 2",1,0,1123883,4142,26,"rotate_x_mq_awq",4142,104091828131593,104091828764242,0,0,80,0,128,32,1,1,768,8192,1
"KERNEL_DISPATCH","Agent 2",1,0,1123883,4861,15,"__amd_rocclr_fillBufferUnAligned",4861,104093647569726,104093647572166,0,0,8,0,128,256,1,1,8192,1,1
"KERNEL_DISPATCH","Agent 2",1,0,1123883,4559,24,"gated_delta_net_q8_fast",4559,104092897883865,104092898465233,2048,0,64,0,128,32,1,1,1536,32,1
"KERNEL_DISPATCH","Agent 2",1,0,1123883,3533,37,"kv_cache_write_fp8_e4m3_batched",3533,104090291781130,104090291868411,0,0,56,0,128,32,1,1,128,8192,1
"KERNEL_DISPATCH","Agent 2",1,0,1123883,4216,24,"gated_delta_net_q8_fast",4216,104092011052148,104092011627556,2048,0,64,0,128,32,1,1,1536,32,1
"KERNEL_DISPATCH","Agent 2",1,0,1123883,4554,20,"fused_rmsnorm_mq_rotate_awq_mq4v2_fp8_gfx12",4554,104092883865635,104092884547685,0,0,96,0,128,256,1,1,2097152,1,1
"KERNEL_DISPATCH","Agent 2",1,0,1123883,3528,32,"gemm_qkv_mq4g256v2_wmma_fp8_v2_b128x128_gfx1201_symfold",3528,104090281283588,104090289717862,0,0,192,0,128,256,1,1,28672,64,1
"KERNEL_DISPATCH","Agent 2",1,0,1123883,4211,24,"gated_delta_net_q8_fast",4211,104092008158389,104092008731637,2048,0,64,0,128,32,1,1,1536,32,1
"KERNEL_DISPATCH","Agent 2",1,0,1123883,4549,20,"fused_rmsnorm_mq_rotate_awq_mq4v2_fp8_gfx12",4549,104092848367235,104092849037724,0,0,96,0,128,256,1,1,2097152,1,1
"KERNEL_DISPATCH","Agent 2",1,0,1123883,4206,20,"fused_rmsnorm_mq_rotate_awq_mq4v2_fp8_gfx12",4206,104091994139759,104091994820408,0,0,96,0,128,256,1,1,2097152,1,1
"KERNEL_DISPATCH","Agent 2",1,0,1123883,4862,15,"__amd_rocclr_fillBufferUnAligned",4862,104093647626776,104093647628536,0,0,8,0,128,256,1,1,8192,1,1
"KERNEL_DISPATCH","Agent 2",1,0,1123883,4201,20,"fused_rmsnorm_mq_rotate_awq_mq4v2_fp8_gfx12",4201,104091958493997,104091959167806,0,0,96,0,128,256,1,1,2097152,1,1
"KERNEL_DISPATCH","Agent 2",1,0,1123883,4196,24,"gated_delta_net_q8_fast",4196,104091952426155,104091952951642,2048,0,64,0,128,32,1,1,1536,32,1
"KERNEL_DISPATCH","Agent 2",1,0,1123883,4191,24,"gated_delta_net_q8_fast",4191,104091949749519,104091950285566,2048,0,64,0,128,32,1,1,1536,32,1
"KERNEL_DISPATCH","Agent 2",1,0,1123883,4137,36,"rope_partial_halfsplit_batched_f32",4137,104091814379007,104091814741852,0,0,16,0,128,32,1,1,32,8192,1
"KERNEL_DISPATCH","Agent 2",1,0,1123883,4186,24,"gated_delta_net_q8_fast",4186,104091947012522,104091947561009,2048,0,64,0,128,32,1,1,1536,32,1
"KERNEL_DISPATCH","Agent 2",1,0,1123883,4132,29,"gemm_mq4g256v2_residual_wmma_fp8_v2_b128x128_gfx1201_symfold",4132,104091793758968,104091803544901,0,0,192,0,128,256,1,1,10240,64,1
"KERNEL_DISPATCH","Agent 2",1,0,1123883,4864,15,"__amd_rocclr_fillBufferUnAligned",4864,104093647638977,104093647640617,0,0,8,0,128,256,1,1,8192,1,1
"KERNEL_DISPATCH","Agent 2",1,0,1123883,4181,24,"gated_delta_net_q8_fast",4181,104091944231364,104091944813772,2048,0,64,0,128,32,1,1,1536,32,1
"KERNEL_DISPATCH","Agent 2",1,0,1123883,4127,29,"gemm_mq4g256v2_residual_wmma_fp8_v2_b128x128_gfx1201_symfold",4127,104091764717655,104091768106261,0,0,192,0,128,256,1,1,10240,64,1
"KERNEL_DISPATCH","Agent 2",1,0,1123883,4544,41,"attention_fp8_e4m3_fa2_gqa_packet_gfx1201",4544,104092830712996,104092842872921,0,0,240,0,128,256,1,1,6144,4,16
"KERNEL_DISPATCH","Agent 2",1,0,1123883,4539,33,"deinterleave_q_rmsnorm_f32_batched",4539,104092828561567,104092829949466,0,0,24,0,128,256,1,1,6144,8192,1
"KERNEL_DISPATCH","Agent 2",1,0,1123883,4534,31,"fused_silu_mul_mq_rotate_awq",4534,104092805347413,104092808169291,0,0,56,0,128,32,1,1,2176,8192,1
"KERNEL_DISPATCH","Agent 2",1,0,1123883,4866,15,"__amd_rocclr_fillBufferUnAligned",4866,104093647660577,104093647662457,0,0,8,0,128,256,1,1,8192,1,1
"KERNEL_DISPATCH","Agent 2",1,0,1123883,4529,26,"rotate_x_mq_awq",4529,104092779321381,104092779942989,0,0,80,0,128,32,1,1,768,8192,1
"KERNEL_DISPATCH","Agent 2",1,0,1123883,4176,27,"pack_f32_to_fp8_mq4v2_gfx12",4176,104091920136638,104091921465256,512,0,24,0,128,256,1,1,2097152,1,1
"KERNEL_DISPATCH","Agent 2",1,0,1123883,4867,15,"__amd_rocclr_fillBufferUnAligned",4867,104093647665977,104093647667737,0,0,8,0,128,256,1,1,8192,1,1
"KERNEL_DISPATCH","Agent 2",1,0,1123883,4171,27,"pack_f32_to_fp8_mq4v2_gfx12",4171,104091891794375,104091892298781,512,0,24,0,128,256,1,1,2097152,1,1
"KERNEL_DISPATCH","Agent 2",1,0,1123883,4122,24,"gated_delta_net_q8_fast",4122,104091761463811,104091762019379,2048,0,64,0,128,32,1,1,1536,32,1
"KERNEL_DISPATCH","Agent 2",1,0,1123883,4869,15,"__amd_rocclr_fillBufferUnAligned",4869,104093647676457,104093647678177,0,0,8,0,128,256,1,1,8192,1,1
"KERNEL_DISPATCH","Agent 2",1,0,1123883,4166,24,"gated_delta_net_q8_fast",4166,104091888484770,104091889043657,2048,0,64,0,128,32,1,1,1536,32,1
"KERNEL_DISPATCH","Agent 2",1,0,1123883,4117,24,"gated_delta_net_q8_fast",4117,104091758632973,104091759202901,2048,0,64,0,128,32,1,1,1536,32,1
"KERNEL_DISPATCH","Agent 2",1,0,1123883,4161,24,"gated_delta_net_q8_fast",4161,104091885637971,104091886212379,2048,0,64,0,128,32,1,1,1536,32,1
"KERNEL_DISPATCH","Agent 2",1,0,1123883,4112,24,"gated_delta_net_q8_fast",4112,104091755718094,104091756305542,2048,0,64,0,128,32,1,1,1536,32,1
"KERNEL_DISPATCH","Agent 2",1,0,1123883,4524,24,"gated_delta_net_q8_fast",4524,104092776065257,104092776627785,2048,0,64,0,128,32,1,1,1536,32,1
"KERNEL_DISPATCH","Agent 2",1,0,1123883,4156,24,"gated_delta_net_q8_fast",4156,104091882721412,104091883300020,2048,0,64,0,128,32,1,1,1536,32,1
"KERNEL_DISPATCH","Agent 2",1,0,1123883,4107,22,"gdn_pre_batched_gfx1201",4107,104091750668945,104091753346022,33280,0,224,0,128,256,1,1,2686976,1,1
"KERNEL_DISPATCH","Agent 2",1,0,1123883,4519,24,"gated_delta_net_q8_fast",4519,104092773193978,104092773771426,2048,0,64,0,128,32,1,1,1536,32,1
"KERNEL_DISPATCH","Agent 2",1,0,1123883,4863,15,"__amd_rocclr_fillBufferUnAligned",4863,104093647632897,104093647634897,0,0,8,0,128,256,1,1,8192,1,1
"KERNEL_DISPATCH","Agent 2",1,0,1123883,4868,15,"__amd_rocclr_fillBufferUnAligned",4868,104093647671337,104093647672937,0,0,8,0,128,256,1,1,8192,1,1
"KERNEL_DISPATCH","Agent 2",1,0,1123883,3523,30,"gemm_gate_up_mq4g256v2_wmma_fp8_v2_b128x128_gfx1201_symfold",3523,104090245791348,104090266554148,0,0,192,0,128,256,1,1,69632,64,1
"KERNEL_DISPATCH","Agent 2",1,0,1123883,4514,24,"gated_delta_net_q8_fast",4514,104092770234058,104092770826306,2048,0,64,0,128,32,1,1,1536,32,1
"KERNEL_DISPATCH","Agent 2",1,0,1123883,4871,15,"__amd_rocclr_fillBufferUnAligned",4871,104093647707578,104093647709578,0,0,8,0,128,256,1,1,8192,1,1
"KERNEL_DISPATCH","Agent 2",1,0,1123883,4151,21,"gemm_qkvza_mq4g256v2_wmma_fp8_v2_b128x128_gfx1201_symfold",4151,104091868708182,104091878273472,0,0,208,0,128,256,1,1,33024,64,1
"KERNEL_DISPATCH","Agent 2",1,0,1123883,4872,15,"__amd_rocclr_fillBufferUnAligned",4872,104093647713658,104093647715458,0,0,8,0,128,256,1,1,8192,1,1
"KERNEL_DISPATCH","Agent 2",1,0,1123883,4102,31,"fused_silu_mul_mq_rotate_awq",4102,104091726423777,104091729248376,0,0,56,0,128,32,1,1,2176,8192,1
"KERNEL_DISPATCH","Agent 2",1,0,1123883,4873,15,"__amd_rocclr_fillBufferUnAligned",4873,104093647719258,104093647721218,0,0,8,0,128,256,1,1,8192,1,1
"KERNEL_DISPATCH","Agent 2",1,0,1123883,3518,25,"gated_norm_f32",3518,104090239596784,104090240578877,0,0,24,0,128,32,1,1,1536,8192,1
"KERNEL_DISPATCH","Agent 2",1,0,1123883,4874,15,"__amd_rocclr_fillBufferUnAligned",4874,104093647724818,104093647726538,0,0,8,0,128,256,1,1,8192,1,1
"KERNEL_DISPATCH","Agent 2",1,0,1123883,4509,20,"fused_rmsnorm_mq_rotate_awq_mq4v2_fp8_gfx12",4509,104092756100707,104092756785116,0,0,96,0,128,256,1,1,2097152,1,1
"KERNEL_DISPATCH","Agent 2",1,0,1123883,3513,24,"gated_delta_net_q8_fast",3513,104090236770505,104090237338953,2048,0,64,0,128,32,1,1,1536,32,1
"KERNEL_DISPATCH","Agent 2",1,0,1123883,4876,15,"__amd_rocclr_fillBufferUnAligned",4876,104093647735218,104093647736898,0,0,8,0,128,256,1,1,8192,1,1
"KERNEL_DISPATCH","Agent 2",1,0,1123883,4504,20,"fused_rmsnorm_mq_rotate_awq_mq4v2_fp8_gfx12",4504,104092720646347,104092721319116,0,0,96,0,128,256,1,1,2097152,1,1
"KERNEL_DISPATCH","Agent 2",1,0,1123883,4146,30,"gemm_gate_up_mq4g256v2_wmma_fp8_v2_b128x128_gfx1201_symfold",4146,104091833324184,104091854061784,0,0,192,0,128,256,1,1,69632,64,1
"KERNEL_DISPATCH","Agent 2",1,0,1123883,4877,15,"__amd_rocclr_fillBufferUnAligned",4877,104093647740338,104093647742338,0,0,8,0,128,256,1,1,8192,1,1
"KERNEL_DISPATCH","Agent 2",1,0,1123883,4141,49,"sigmoid_mul_f32",4141,104091827145660,104091828119513,0,0,16,0,128,256,1,1,50331648,1,1
"KERNEL_DISPATCH","Agent 2",1,0,1123883,4878,15,"__amd_rocclr_fillBufferUnAligned",4878,104093647745898,104093647747578,0,0,8,0,128,256,1,1,8192,1,1
"KERNEL_DISPATCH","Agent 2",1,0,1123883,4136,35,"rmsnorm_f32",4136,104091814152324,104091814375567,0,0,16,0,128,256,1,1,8388608,1,1
"KERNEL_DISPATCH","Agent 2",1,0,1123883,4097,26,"rotate_x_mq_awq",4097,104091700395265,104091701017994,0,0,80,0,128,32,1,1,768,8192,1
"KERNEL_DISPATCH","Agent 2",1,0,1123883,3508,24,"gated_delta_net_q8_fast",3508,104090233862706,104090234447674,2048,0,64,0,128,32,1,1,1536,32,1
"KERNEL_DISPATCH","Agent 2",1,0,1123883,4131,27,"pack_f32_to_fp8_mq4v2_gfx12",4131,104091792425750,104091793755168,512,0,24,0,128,256,1,1,2097152,1,1
"KERNEL_DISPATCH","Agent 2",1,0,1123883,3503,24,"gated_delta_net_q8_fast",3503,104090230898666,104090231482834,2048,0,64,0,128,32,1,1,1536,32,1
"KERNEL_DISPATCH","Agent 2",1,0,1123883,4879,15,"__amd_rocclr_fillBufferUnAligned",4879,104093647751058,104093647753058,0,0,8,0,128,256,1,1,8192,1,1
"KERNEL_DISPATCH","Agent 2",1,0,1123883,4092,24,"gated_delta_net_q8_fast",4092,104091697155782,104091697716909,2048,0,64,0,128,32,1,1,1536,32,1
"KERNEL_DISPATCH","Agent 2",1,0,1123883,4087,24,"gated_delta_net_q8_fast",4087,104091694289543,104091694865551,2048,0,64,0,128,32,1,1,1536,32,1
"KERNEL_DISPATCH","Agent 2",1,0,1123883,4881,15,"__amd_rocclr_fillBufferUnAligned",4881,104093647762258,104093647764138,0,0,8,0,128,256,1,1,8192,1,1
"KERNEL_DISPATCH","Agent 2",1,0,1123883,4499,24,"gated_delta_net_q8_fast",4499,104092714566545,104092715122673,2048,0,64,0,128,32,1,1,1536,32,1
"KERNEL_DISPATCH","Agent 2",1,0,1123883,4126,27,"pack_f32_to_fp8_mq4v2_gfx12",4126,104091764211009,104091764714255,512,0,24,0,128,256,1,1,2097152,1,1
"KERNEL_DISPATCH","Agent 2",1,0,1123883,4494,24,"gated_delta_net_q8_fast",4494,104092711735387,104092712303794,2048,0,64,0,128,32,1,1,1536,32,1
"KERNEL_DISPATCH","Agent 2",1,0,1123883,4121,24,"gated_delta_net_q8_fast",4121,104091760902564,104091761460491,2048,0,64,0,128,32,1,1,1536,32,1
"KERNEL_DISPATCH","Agent 2",1,0,1123883,4116,24,"gated_delta_net_q8_fast",4116,104091758055245,104091758629653,2048,0,64,0,128,32,1,1,1536,32,1
"KERNEL_DISPATCH","Agent 2",1,0,1123883,4882,15,"__amd_rocclr_fillBufferUnAligned",4882,104093647768418,104093647770178,0,0,8,0,128,256,1,1,8192,1,1
"KERNEL_DISPATCH","Agent 2",1,0,1123883,4082,24,"gated_delta_net_q8_fast",4082,104091691345103,104091691934951,2048,0,64,0,128,32,1,1,1536,32,1
"KERNEL_DISPATCH","Agent 2",1,0,1123883,4883,15,"__amd_rocclr_fillBufferUnAligned",4883,104093647773698,104093647775738,0,0,8,0,128,256,1,1,8192,1,1
"KERNEL_DISPATCH","Agent 2",1,0,1123883,4111,24,"gated_delta_net_q8_fast",4111,104091755127526,104091755714534,2048,0,64,0,128,32,1,1,1536,32,1
"KERNEL_DISPATCH","Agent 2",1,0,1123883,3498,29,"gemm_mq4g256v2_residual_wmma_fp8_v2_b128x128_gfx1201_symfold",3498,104090207581671,104090217389723,0,0,192,0,128,256,1,1,10240,64,1
"KERNEL_DISPATCH","Agent 2",1,0,1123883,4884,15,"__amd_rocclr_fillBufferUnAligned",4884,104093647779138,104093647780859,0,0,8,0,128,256,1,1,8192,1,1
"KERNEL_DISPATCH","Agent 2",1,0,1123883,3493,29,"gemm_mq4g256v2_residual_wmma_fp8_v2_b128x128_gfx1201_symfold",3493,104090178514757,104090181912763,0,0,192,0,128,256,1,1,10240,64,1
"KERNEL_DISPATCH","Agent 2",1,0,1123883,3488,24,"gated_delta_net_q8_fast",3488,104090175255353,104090175812161,2048,0,64,0,128,32,1,1,1536,32,1
"KERNEL_DISPATCH","Agent 2",1,0,1123883,3483,24,"gated_delta_net_q8_fast",3483,104090172413115,104090172984723,2048,0,64,0,128,32,1,1,1536,32,1
"KERNEL_DISPATCH","Agent 2",1,0,1123883,3478,24,"gated_delta_net_q8_fast",3478,104090169496675,104090170080243,2048,0,64,0,128,32,1,1,1536,32,1
"KERNEL_DISPATCH","Agent 2",1,0,1123883,4886,15,"__amd_rocclr_fillBufferUnAligned",4886,104093647789619,104093647791339,0,0,8,0,128,256,1,1,8192,1,1
"KERNEL_DISPATCH","Agent 2",1,0,1123883,4106,21,"gemm_qkvza_mq4g256v2_wmma_fp8_v2_b128x128_gfx1201_symfold",4106,104091741206057,104091750656865,0,0,208,0,128,256,1,1,33024,64,1
"KERNEL_DISPATCH","Agent 2",1,0,1123883,4101,30,"gemm_gate_up_mq4g256v2_wmma_fp8_v2_b128x128_gfx1201_symfold",4101,104091705622776,104091726411537,0,0,192,0,128,256,1,1,69632,64,1
"KERNEL_DISPATCH","Agent 2",1,0,1123883,4096,25,"gated_norm_f32",4096,104091699401092,104091700383225,0,0,24,0,128,32,1,1,1536,8192,1
"KERNEL_DISPATCH","Agent 2",1,0,1123883,4091,24,"gated_delta_net_q8_fast",4091,104091696588014,104091697152501,2048,0,64,0,128,32,1,1,1536,32,1
"KERNEL_DISPATCH","Agent 2",1,0,1123883,4891,15,"__amd_rocclr_fillBufferUnAligned",4891,104093647816059,104093647817779,0,0,8,0,128,256,1,1,8192,1,1
"KERNEL_DISPATCH","Agent 2",1,0,1123883,4086,24,"gated_delta_net_q8_fast",4086,104091693706455,104091694286263,2048,0,64,0,128,32,1,1,1536,32,1
"KERNEL_DISPATCH","Agent 2",1,0,1123883,4081,24,"gated_delta_net_q8_fast",4081,104091690754895,104091691341823,2048,0,64,0,128,32,1,1,1536,32,1
"KERNEL_DISPATCH","Agent 2",1,0,1123883,4076,29,"gemm_mq4g256v2_residual_wmma_fp8_v2_b128x128_gfx1201_symfold",4076,104091667390219,104091677243832,0,0,192,0,128,256,1,1,10240,64,1
"KERNEL_DISPATCH","Agent 2",1,0,1123883,4071,29,"gemm_mq4g256v2_residual_wmma_fp8_v2_b128x128_gfx1201_symfold",4071,104091638334866,104091641696031,0,0,192,0,128,256,1,1,10240,64,1
"KERNEL_DISPATCH","Agent 2",1,0,1123883,4066,24,"gated_delta_net_q8_fast",4066,104091635077902,104091635632469,2048,0,64,0,128,32,1,1,1536,32,1
"KERNEL_DISPATCH","Agent 2",1,0,1123883,4077,20,"fused_rmsnorm_mq_rotate_awq_mq4v2_fp8_gfx12",4077,104091677256192,104091677939402,0,0,96,0,128,256,1,1,2097152,1,1
"KERNEL_DISPATCH","Agent 2",1,0,1123883,4061,24,"gated_delta_net_q8_fast",4061,104091632253864,104091632821471,2048,0,64,0,128,32,1,1,1536,32,1
"KERNEL_DISPATCH","Agent 2",1,0,1123883,4489,24,"gated_delta_net_q8_fast",4489,104092708825467,104092709414235,2048,0,64,0,128,32,1,1,1536,32,1
"KERNEL_DISPATCH","Agent 2",1,0,1123883,4894,15,"__amd_rocclr_fillBufferUnAligned",4894,104093647843379,104093647845379,0,0,8,0,128,256,1,1,8192,1,1
"KERNEL_DISPATCH","Agent 2",1,0,1123883,4889,15,"__amd_rocclr_fillBufferUnAligned",4889,104093647805619,104093647807499,0,0,8,0,128,256,1,1,8192,1,1
"KERNEL_DISPATCH","Agent 2",1,0,1123883,4484,24,"gated_delta_net_q8_fast",4484,104092705851827,104092706445075,2048,0,64,0,128,32,1,1,1536,32,1
"KERNEL_DISPATCH","Agent 2",1,0,1123883,4479,27,"pack_f32_to_fp8_mq4v2_gfx12",4479,104092681779701,104092683107319,512,0,24,0,128,256,1,1,2097152,1,1
"KERNEL_DISPATCH","Agent 2",1,0,1123883,4896,15,"__amd_rocclr_fillBufferUnAligned",4896,104093647854580,104093647856300,0,0,8,0,128,256,1,1,8192,1,1
"KERNEL_DISPATCH","Agent 2",1,0,1123883,4056,24,"gated_delta_net_q8_fast",4056,104091629358264,104091629935752,2048,0,64,0,128,32,1,1,1536,32,1
"KERNEL_DISPATCH","Agent 2",1,0,1123883,4897,15,"__amd_rocclr_fillBufferUnAligned",4897,104093647859900,104093647861580,0,0,8,0,128,256,1,1,8192,1,1
"KERNEL_DISPATCH","Agent 2",1,0,1123883,4892,15,"__amd_rocclr_fillBufferUnAligned",4892,104093647821259,104093647823019,0,0,8,0,128,256,1,1,8192,1,1
"KERNEL_DISPATCH","Agent 2",1,0,1123883,4888,15,"__amd_rocclr_fillBufferUnAligned",4888,104093647800339,104093647802019,0,0,8,0,128,256,1,1,8192,1,1
"KERNEL_DISPATCH","Agent 2",1,0,1123883,4887,15,"__amd_rocclr_fillBufferUnAligned",4887,104093647794819,104093647796859,0,0,8,0,128,256,1,1,8192,1,1
"KERNEL_DISPATCH","Agent 2",1,0,1123883,4898,15,"__amd_rocclr_fillBufferUnAligned",4898,104093647865020,104093647867060,0,0,8,0,128,256,1,1,8192,1,1
"KERNEL_DISPATCH","Agent 2",1,0,1123883,4072,20,"fused_rmsnorm_mq_rotate_awq_mq4v2_fp8_gfx12",4072,104091641708071,104091642380081,0,0,96,0,128,256,1,1,2097152,1,1
"KERNEL_DISPATCH","Agent 2",1,0,1123883,4893,15,"__amd_rocclr_fillBufferUnAligned",4893,104093647826499,104093647828379,0,0,8,0,128,256,1,1,8192,1,1
"KERNEL_DISPATCH","Agent 2",1,0,1123883,3473,22,"gdn_pre_batched_gfx1201",3473,104090164471167,104090167153564,33280,0,224,0,128,256,1,1,2686976,1,1
"KERNEL_DISPATCH","Agent 2",1,0,1123883,4899,15,"__amd_rocclr_fillBufferUnAligned",4899,104093647870460,104093647872260,0,0,8,0,128,256,1,1,8192,1,1
"KERNEL_DISPATCH","Agent 2",1,0,1123883,4067,24,"gated_delta_net_q8_fast",4067,104091635635789,104091636187277,2048,0,64,0,128,32,1,1,1536,32,1
"KERNEL_DISPATCH","Agent 2",1,0,1123883,4474,27,"pack_f32_to_fp8_mq4v2_gfx12",4474,104092653508799,104092654011526,512,0,24,0,128,256,1,1,2097152,1,1
"KERNEL_DISPATCH","Agent 2",1,0,1123883,3468,31,"fused_silu_mul_mq_rotate_awq",3468,104090140176679,104090142997477,0,0,56,0,128,32,1,1,2176,8192,1
"KERNEL_DISPATCH","Agent 2",1,0,1123883,3463,26,"rotate_x_mq_awq",3463,104090114166007,104090114792615,0,0,80,0,128,32,1,1,768,8192,1
"KERNEL_DISPATCH","Agent 2",1,0,1123883,3458,24,"gated_delta_net_q8_fast",3458,104090110932763,104090111493131,2048,0,64,0,128,32,1,1,1536,32,1
"KERNEL_DISPATCH","Agent 2",1,0,1123883,4902,15,"__amd_rocclr_fillBufferUnAligned",4902,104093647886020,104093647887740,0,0,8,0,128,256,1,1,8192,1,1
"KERNEL_DISPATCH","Agent 2",1,0,1123883,4903,15,"__amd_rocclr_fillBufferUnAligned",4903,104093647891140,104093647892860,0,0,8,0,128,256,1,1,8192,1,1
"KERNEL_DISPATCH","Agent 2",1,0,1123883,4062,24,"gated_delta_net_q8_fast",4062,104091632824791,104091633389559,2048,0,64,0,128,32,1,1,1536,32,1
"KERNEL_DISPATCH","Agent 2",1,0,1123883,3453,24,"gated_delta_net_q8_fast",3453,104090108080685,104090108650132,2048,0,64,0,128,32,1,1,1536,32,1
"KERNEL_DISPATCH","Agent 2",1,0,1123883,4057,24,"gated_delta_net_q8_fast",4057,104091629939072,104091630516400,2048,0,64,0,128,32,1,1,1536,32,1
"KERNEL_DISPATCH","Agent 2",1,0,1123883,3448,24,"gated_delta_net_q8_fast",3448,104090105205646,104090105776373,2048,0,64,0,128,32,1,1,1536,32,1
"KERNEL_DISPATCH","Agent 2",1,0,1123883,3443,20,"fused_rmsnorm_mq_rotate_awq_mq4v2_fp8_gfx12",3443,104090091214536,104090091893706,0,0,96,0,128,256,1,1,2097152,1,1
"KERNEL_DISPATCH","Agent 2",1,0,1123883,4907,15,"__amd_rocclr_fillBufferUnAligned",4907,104093647911980,104093647913700,0,0,8,0,128,256,1,1,8192,1,1
"KERNEL_DISPATCH","Agent 2",1,0,1123883,4052,24,"gated_delta_net_q8_fast",4052,104091627043433,104091627625801,2048,0,64,0,128,32,1,1,1536,32,1
"KERNEL_DISPATCH","Agent 2",1,0,1123883,4908,15,"__amd_rocclr_fillBufferUnAligned",4908,104093647917140,104093647918940,0,0,8,0,128,256,1,1,8192,1,1
"KERNEL_DISPATCH","Agent 2",1,0,1123883,4047,27,"pack_f32_to_fp8_mq4v2_gfx12",4047,104091602835826,104091604165804,512,0,24,0,128,256,1,1,2097152,1,1
"KERNEL_DISPATCH","Agent 2",1,0,1123883,3438,20,"fused_rmsnorm_mq_rotate_awq_mq4v2_fp8_gfx12",3438,104090055694376,104090056364465,0,0,96,0,128,256,1,1,2097152,1,1
"KERNEL_DISPATCH","Agent 2",1,0,1123883,4042,27,"pack_f32_to_fp8_mq4v2_gfx12",4042,104091574813926,104091575315053,512,0,24,0,128,256,1,1,2097152,1,1
"KERNEL_DISPATCH","Agent 2",1,0,1123883,4037,37,"kv_cache_write_fp8_e4m3_batched",4037,104091560774537,104091560837897,0,0,56,0,128,32,1,1,128,8192,1
"KERNEL_DISPATCH","Agent 2",1,0,1123883,4051,22,"gdn_pre_batched_gfx1201",4051,104091624357717,104091627031313,33280,0,224,0,128,256,1,1,2686976,1,1
"KERNEL_DISPATCH","Agent 2",1,0,1123883,4911,15,"__amd_rocclr_fillBufferUnAligned",4911,104093647932381,104093647933781,0,0,8,0,128,256,1,1,1536,1,1
"KERNEL_DISPATCH","Agent 2",1,0,1123883,4906,15,"__amd_rocclr_fillBufferUnAligned",4906,104093647906660,104093647908500,0,0,8,0,128,256,1,1,8192,1,1
"KERNEL_DISPATCH","Agent 2",1,0,1123883,4469,24,"gated_delta_net_q8_fast",4469,104092650182994,104092650748002,2048,0,64,0,128,32,1,1,1536,32,1
"KERNEL_DISPATCH","Agent 2",1,0,1123883,4901,15,"__amd_rocclr_fillBufferUnAligned",4901,104093647880860,104093647882660,0,0,8,0,128,256,1,1,8192,1,1
"KERNEL_DISPATCH","Agent 2",1,0,1123883,4912,15,"__amd_rocclr_fillBufferUnAligned",4912,104093647937261,104093647938621,0,0,8,0,128,256,1,1,1536,1,1
"KERNEL_DISPATCH","Agent 2",1,0,1123883,4032,20,"fused_rmsnorm_mq_rotate_awq_mq4v2_fp8_gfx12",4032,104091549626986,104091550307755,0,0,96,0,128,256,1,1,2097152,1,1
"KERNEL_DISPATCH","Agent 2",1,0,1123883,4027,20,"fused_rmsnorm_mq_rotate_awq_mq4v2_fp8_gfx12",4027,104091514101505,104091514776314,0,0,96,0,128,256,1,1,2097152,1,1
"KERNEL_DISPATCH","Agent 2",1,0,1123883,4022,24,"gated_delta_net_q8_fast",4022,104091508015103,104091508570070,2048,0,64,0,128,32,1,1,1536,32,1
"KERNEL_DISPATCH","Agent 2",1,0,1123883,4017,24,"gated_delta_net_q8_fast",4017,104091505191025,104091505757152,2048,0,64,0,128,32,1,1,1536,32,1
"KERNEL_DISPATCH","Agent 2",1,0,1123883,4917,15,"__amd_rocclr_fillBufferUnAligned",4917,104093647974701,104093647976221,0,0,8,0,128,256,1,1,1536,1,1
"KERNEL_DISPATCH","Agent 2",1,0,1123883,4012,24,"gated_delta_net_q8_fast",4012,104091502299746,104091502880553,2048,0,64,0,128,32,1,1,1536,32,1
"KERNEL_DISPATCH","Agent 2",1,0,1123883,3433,41,"attention_fp8_e4m3_fa2_gqa_packet_gfx1201",3433,104090038023977,104090050221022,0,0,240,0,128,256,1,1,6144,4,16
"KERNEL_DISPATCH","Agent 2",1,0,1123883,4914,15,"__amd_rocclr_fillBufferUnAligned",4914,104093647947661,104093647949061,0,0,8,0,128,256,1,1,1536,1,1
"KERNEL_DISPATCH","Agent 2",1,0,1123883,4046,31,"fused_silu_mul_mq_rotate_awq",4046,104091600001507,104091602823665,0,0,56,0,128,32,1,1,2176,8192,1
"KERNEL_DISPATCH","Agent 2",1,0,1123883,4923,15,"__amd_rocclr_fillBufferUnAligned",4923,104093648005022,104093648006422,0,0,8,0,128,256,1,1,1536,1,1
"KERNEL_DISPATCH","Agent 2",1,0,1123883,4918,15,"__amd_rocclr_fillBufferUnAligned",4918,104093647979981,104093647981381,0,0,8,0,128,256,1,1,1536,1,1
"KERNEL_DISPATCH","Agent 2",1,0,1123883,4924,15,"__amd_rocclr_fillBufferUnAligned",4924,104093648010022,104093648011462,0,0,8,0,128,256,1,1,1536,1,1
"KERNEL_DISPATCH","Agent 2",1,0,1123883,4919,15,"__amd_rocclr_fillBufferUnAligned",4919,104093647984861,104093647986381,0,0,8,0,128,256,1,1,1536,1,1
"KERNEL_DISPATCH","Agent 2",1,0,1123883,4909,15,"__amd_rocclr_fillBufferUnAligned",4909,104093647922420,104093647923820,0,0,8,0,128,256,1,1,1536,1,1
"KERNEL_DISPATCH","Agent 2",1,0,1123883,4926,15,"__amd_rocclr_fillBufferUnAligned",4926,104093648019822,104093648021262,0,0,8,0,128,256,1,1,1536,1,1
"KERNEL_DISPATCH","Agent 2",1,0,1123883,4921,15,"__amd_rocclr_fillBufferUnAligned",4921,104093647995301,104093647996821,0,0,8,0,128,256,1,1,1536,1,1
"KERNEL_DISPATCH","Agent 2",1,0,1123883,4916,15,"__amd_rocclr_fillBufferUnAligned",4916,104093647969341,104093647970821,0,0,8,0,128,256,1,1,1536,1,1
"KERNEL_DISPATCH","Agent 2",1,0,1123883,4041,26,"rotate_x_mq_awq",4041,104091574168998,104091574801846,0,0,80,0,128,32,1,1,768,8192,1
"KERNEL_DISPATCH","Agent 2",1,0,1123883,4928,15,"__amd_rocclr_fillBufferUnAligned",4928,104093648029902,104093648031382,0,0,8,0,128,256,1,1,1536,1,1
"KERNEL_DISPATCH","Agent 2",1,0,1123883,4929,15,"__amd_rocclr_fillBufferUnAligned",4929,104093648035342,104093648036782,0,0,8,0,128,256,1,1,1536,1,1
"KERNEL_DISPATCH","Agent 2",1,0,1123883,4904,15,"__amd_rocclr_fillBufferUnAligned",4904,104093647896300,104093647897980,0,0,8,0,128,256,1,1,8192,1,1
"KERNEL_DISPATCH","Agent 2",1,0,1123883,4931,15,"__amd_rocclr_fillBufferUnAligned",4931,104093648045182,104093648046582,0,0,8,0,128,256,1,1,1536,1,1
"KERNEL_DISPATCH","Agent 2",1,0,1123883,4036,36,"rope_partial_halfsplit_batched_f32",4036,104091560405052,104091560770697,0,0,16,0,128,32,1,1,32,8192,1
"KERNEL_DISPATCH","Agent 2",1,0,1123883,4031,29,"gemm_mq4g256v2_residual_wmma_fp8_v2_b128x128_gfx1201_symfold",4031,104091539732892,104091549614666,0,0,192,0,128,256,1,1,10240,64,1
"KERNEL_DISPATCH","Agent 2",1,0,1123883,4026,29,"gemm_mq4g256v2_residual_wmma_fp8_v2_b128x128_gfx1201_symfold",4026,104091510720299,104091514089465,0,0,192,0,128,256,1,1,10240,64,1
"KERNEL_DISPATCH","Agent 2",1,0,1123883,4933,15,"__amd_rocclr_fillBufferUnAligned",4933,104093648054982,104093648056582,0,0,8,0,128,256,1,1,1536,1,1
"KERNEL_DISPATCH","Agent 2",1,0,1123883,4913,15,"__amd_rocclr_fillBufferUnAligned",4913,104093647942421,104093647943821,0,0,8,0,128,256,1,1,1536,1,1
"KERNEL_DISPATCH","Agent 2",1,0,1123883,3428,33,"deinterleave_q_rmsnorm_f32_batched",3428,104090035881108,104090037262327,0,0,24,0,128,256,1,1,6144,8192,1
"KERNEL_DISPATCH","Agent 2",1,0,1123883,4934,15,"__amd_rocclr_fillBufferUnAligned",4934,104093648060702,104093648062102,0,0,8,0,128,256,1,1,1536,1,1
"KERNEL_DISPATCH","Agent 2",1,0,1123883,4464,24,"gated_delta_net_q8_fast",4464,104092647302915,104092647881243,2048,0,64,0,128,32,1,1,1536,32,1
"KERNEL_DISPATCH","Agent 2",1,0,1123883,4459,24,"gated_delta_net_q8_fast",4459,104092644383756,104092644961963,2048,0,64,0,128,32,1,1,1536,32,1
"KERNEL_DISPATCH","Agent 2",1,0,1123883,4454,21,"gemm_qkvza_mq4g256v2_wmma_fp8_v2_b128x128_gfx1201_symfold",4454,104092630367966,104092639944176,0,0,208,0,128,256,1,1,33024,64,1
"KERNEL_DISPATCH","Agent 2",1,0,1123883,4449,30,"gemm_gate_up_mq4g256v2_wmma_fp8_v2_b128x128_gfx1201_symfold",4449,104092594964007,104092615686767,0,0,192,0,128,256,1,1,69632,64,1
"KERNEL_DISPATCH","Agent 2",1,0,1123883,4936,15,"__amd_rocclr_fillBufferUnAligned",4936,104093648070502,104093648071862,0,0,8,0,128,256,1,1,1536,1,1
"KERNEL_DISPATCH","Agent 2",1,0,1123883,4021,24,"gated_delta_net_q8_fast",4021,104091507456935,104091508011823,2048,0,64,0,128,32,1,1,1536,32,1
"KERNEL_DISPATCH","Agent 2",1,0,1123883,4016,24,"gated_delta_net_q8_fast",4016,104091504620057,104091505187625,2048,0,64,0,128,32,1,1,1536,32,1
"KERNEL_DISPATCH","Agent 2",1,0,1123883,4011,24,"gated_delta_net_q8_fast",4011,104091501709738,104091502296385,2048,0,64,0,128,32,1,1,1536,32,1
"KERNEL_DISPATCH","Agent 2",1,0,1123883,4938,15,"__amd_rocclr_fillBufferUnAligned",4938,104093648080183,104093648081583,0,0,8,0,128,256,1,1,1536,1,1
"KERNEL_DISPATCH","Agent 2",1,0,1123883,3423,31,"fused_silu_mul_mq_rotate_awq",3423,104090012641113,104090015468512,0,0,56,0,128,32,1,1,2176,8192,1
"KERNEL_DISPATCH","Agent 2",1,0,1123883,4922,15,"__amd_rocclr_fillBufferUnAligned",4922,104093648000221,104093648001581,0,0,8,0,128,256,1,1,1536,1,1
"KERNEL_DISPATCH","Agent 2",1,0,1123883,3418,26,"rotate_x_mq_awq",3418,104089986626242,104089987252090,0,0,80,0,128,32,1,1,768,8192,1
"KERNEL_DISPATCH","Agent 2",1,0,1123883,3413,24,"gated_delta_net_q8_fast",3413,104089983406158,104089983960765,2048,0,64,0,128,32,1,1,1536,32,1
"KERNEL_DISPATCH","Agent 2",1,0,1123883,4941,15,"__amd_rocclr_fillBufferUnAligned",4941,104093648102223,104093648103623,0,0,8,0,128,256,1,1,1536,1,1
"KERNEL_DISPATCH","Agent 2",1,0,1123883,4006,22,"gdn_pre_batched_gfx1201",4006,104091496676389,104091499352506,33280,0,224,0,128,256,1,1,2686976,1,1
"KERNEL_DISPATCH","Agent 2",1,0,1123883,4943,15,"__amd_rocclr_fillBufferUnAligned",4943,104093648112343,104093648113743,0,0,8,0,128,256,1,1,1536,1,1
"KERNEL_DISPATCH","Agent 2",1,0,1123883,4942,15,"__amd_rocclr_fillBufferUnAligned",4942,104093648107383,104093648108823,0,0,8,0,128,256,1,1,1536,1,1
"KERNEL_DISPATCH","Agent 2",1,0,1123883,4946,15,"__amd_rocclr_fillBufferUnAligned",4946,104093648127583,104093648129063,0,0,8,0,128,256,1,1,1536,1,1
"KERNEL_DISPATCH","Agent 2",1,0,1123883,4001,31,"fused_silu_mul_mq_rotate_awq",4001,104091472399181,104091475220979,0,0,56,0,128,32,1,1,2176,8192,1
"KERNEL_DISPATCH","Agent 2",1,0,1123883,3996,26,"rotate_x_mq_awq",3996,104091446410069,104091447034438,0,0,80,0,128,32,1,1,768,8192,1
"KERNEL_DISPATCH","Agent 2",1,0,1123883,4947,15,"__amd_rocclr_fillBufferUnAligned",4947,104093648132543,104093648134023,0,0,8,0,128,256,1,1,1536,1,1
"KERNEL_DISPATCH","Agent 2",1,0,1123883,4948,15,"__amd_rocclr_fillBufferUnAligned",4948,104093648137463,104093648138903,0,0,8,0,128,256,1,1,1536,1,1
"KERNEL_DISPATCH","Agent 2",1,0,1123883,4937,15,"__amd_rocclr_fillBufferUnAligned",4937,104093648075262,104093648076743,0,0,8,0,128,256,1,1,1536,1,1
"KERNEL_DISPATCH","Agent 2",1,0,1123883,4444,49,"sigmoid_mul_f32",4444,104092588777643,104092589753177,0,0,16,0,128,256,1,1,50331648,1,1
"KERNEL_DISPATCH","Agent 2",1,0,1123883,3408,24,"gated_delta_net_q8_fast",3408,104089980573480,104089981141847,2048,0,64,0,128,32,1,1,1536,32,1
"KERNEL_DISPATCH","Agent 2",1,0,1123883,4949,15,"__amd_rocclr_fillBufferUnAligned",4949,104093648142303,104093648143743,0,0,8,0,128,256,1,1,1536,1,1
"KERNEL_DISPATCH","Agent 2",1,0,1123883,4951,15,"__amd_rocclr_fillBufferUnAligned",4951,104093648152144,104093648153624,0,0,8,0,128,256,1,1,1536,1,1
"KERNEL_DISPATCH","Agent 2",1,0,1123883,3991,24,"gated_delta_net_q8_fast",3991,104091443159065,104091443720713,2048,0,64,0,128,32,1,1,1536,32,1
"KERNEL_DISPATCH","Agent 2",1,0,1123883,3986,24,"gated_delta_net_q8_fast",3986,104091440286707,104091440862994,2048,0,64,0,128,32,1,1,1536,32,1
"KERNEL_DISPATCH","Agent 2",1,0,1123883,4952,15,"__amd_rocclr_fillBufferUnAligned",4952,104093648157144,104093648158544,0,0,8,0,128,256,1,1,1536,1,1
"KERNEL_DISPATCH","Agent 2",1,0,1123883,4932,15,"__amd_rocclr_fillBufferUnAligned",4932,104093648050102,104093648051502,0,0,8,0,128,256,1,1,1536,1,1
"KERNEL_DISPATCH","Agent 2",1,0,1123883,4953,15,"__amd_rocclr_fillBufferUnAligned",4953,104093648162064,104093648163544,0,0,8,0,128,256,1,1,1536,1,1
"KERNEL_DISPATCH","Agent 2",1,0,1123883,3403,24,"gated_delta_net_q8_fast",3403,104089977673360,104089978248848,2048,0,64,0,128,32,1,1,1536,32,1
"KERNEL_DISPATCH","Agent 2",1,0,1123883,4954,15,"__amd_rocclr_fillBufferUnAligned",4954,104093648166984,104093648168384,0,0,8,0,128,256,1,1,1536,1,1
"KERNEL_DISPATCH","Agent 2",1,0,1123883,4956,15,"__amd_rocclr_fillBufferUnAligned",4956,104093648176744,104093648178184,0,0,8,0,128,256,1,1,1536,1,1
"KERNEL_DISPATCH","Agent 2",1,0,1123883,4957,15,"__amd_rocclr_fillBufferUnAligned",4957,104093648181664,104093648183144,0,0,8,0,128,256,1,1,7680,1,1
"KERNEL_DISPATCH","Agent 2",1,0,1123883,4958,15,"__amd_rocclr_fillBufferUnAligned",4958,104093648186584,104093648188064,0,0,8,0,128,256,1,1,7680,1,1
"KERNEL_DISPATCH","Agent 2",1,0,1123883,4959,15,"__amd_rocclr_fillBufferUnAligned",4959,104093648191504,104093648192904,0,0,8,0,128,256,1,1,7680,1,1
"KERNEL_DISPATCH","Agent 2",1,0,1123883,4961,15,"__amd_rocclr_fillBufferUnAligned",4961,104093648201264,104093648202664,0,0,8,0,128,256,1,1,7680,1,1
"KERNEL_DISPATCH","Agent 2",1,0,1123883,4962,15,"__amd_rocclr_fillBufferUnAligned",4962,104093648206104,104093648208064,0,0,8,0,128,256,1,1,7680,1,1
"KERNEL_DISPATCH","Agent 2",1,0,1123883,4963,15,"__amd_rocclr_fillBufferUnAligned",4963,104093648211864,104093648213264,0,0,8,0,128,256,1,1,7680,1,1
"KERNEL_DISPATCH","Agent 2",1,0,1123883,4964,15,"__amd_rocclr_fillBufferUnAligned",4964,104093648216704,104093648218064,0,0,8,0,128,256,1,1,7680,1,1
"KERNEL_DISPATCH","Agent 2",1,0,1123883,4966,15,"__amd_rocclr_fillBufferUnAligned",4966,104093648226385,104093648227865,0,0,8,0,128,256,1,1,7680,1,1
"KERNEL_DISPATCH","Agent 2",1,0,1123883,4967,15,"__amd_rocclr_fillBufferUnAligned",4967,104093648231265,104093648232705,0,0,8,0,128,256,1,1,7680,1,1
"KERNEL_DISPATCH","Agent 2",1,0,1123883,4968,15,"__amd_rocclr_fillBufferUnAligned",4968,104093648236305,104093648237705,0,0,8,0,128,256,1,1,7680,1,1
"KERNEL_DISPATCH","Agent 2",1,0,1123883,4969,15,"__amd_rocclr_fillBufferUnAligned",4969,104093648241225,104093648242785,0,0,8,0,128,256,1,1,7680,1,1
"KERNEL_DISPATCH","Agent 2",1,0,1123883,4971,15,"__amd_rocclr_fillBufferUnAligned",4971,104093648251905,104093648253305,0,0,8,0,128,256,1,1,7680,1,1
"KERNEL_DISPATCH","Agent 2",1,0,1123883,4972,15,"__amd_rocclr_fillBufferUnAligned",4972,104093648256825,104093648258305,0,0,8,0,128,256,1,1,7680,1,1
"KERNEL_DISPATCH","Agent 2",1,0,1123883,4973,15,"__amd_rocclr_fillBufferUnAligned",4973,104093648261745,104093648263185,0,0,8,0,128,256,1,1,7680,1,1
"KERNEL_DISPATCH","Agent 2",1,0,1123883,4974,15,"__amd_rocclr_fillBufferUnAligned",4974,104093648266665,104093648268105,0,0,8,0,128,256,1,1,7680,1,1
"KERNEL_DISPATCH","Agent 2",1,0,1123883,4976,15,"__amd_rocclr_fillBufferUnAligned",4976,104093648276825,104093648278265,0,0,8,0,128,256,1,1,7680,1,1
"KERNEL_DISPATCH","Agent 2",1,0,1123883,4978,15,"__amd_rocclr_fillBufferUnAligned",4978,104093648286665,104093648288065,0,0,8,0,128,256,1,1,7680,1,1
"KERNEL_DISPATCH","Agent 2",1,0,1123883,4982,15,"__amd_rocclr_fillBufferUnAligned",4982,104093648306506,104093648308146,0,0,8,0,128,256,1,1,7680,1,1
"KERNEL_DISPATCH","Agent 2",1,0,1123883,4984,15,"__amd_rocclr_fillBufferUnAligned",4984,104093648317466,104093648318906,0,0,8,0,128,256,1,1,7680,1,1
"KERNEL_DISPATCH","Agent 2",1,0,1123883,4986,15,"__amd_rocclr_fillBufferUnAligned",4986,104093648327786,104093648329106,0,0,8,0,128,256,1,1,7680,1,1
"KERNEL_DISPATCH","Agent 2",1,0,1123883,4988,15,"__amd_rocclr_fillBufferUnAligned",4988,104093648337186,104093648338506,0,0,8,0,128,256,1,1,7680,1,1
"KERNEL_DISPATCH","Agent 2",1,0,1123883,4992,15,"__amd_rocclr_fillBufferUnAligned",4992,104093648356546,104093648357906,0,0,8,0,128,256,1,1,7680,1,1
"KERNEL_DISPATCH","Agent 2",1,0,1123883,4994,15,"__amd_rocclr_fillBufferUnAligned",4994,104093648366226,104093648367626,0,0,8,0,128,256,1,1,7680,1,1
"KERNEL_DISPATCH","Agent 2",1,0,1123883,4996,15,"__amd_rocclr_fillBufferUnAligned",4996,104093648375787,104093648377027,0,0,8,0,128,256,1,1,7680,1,1
"KERNEL_DISPATCH","Agent 2",1,0,1123883,4998,15,"__amd_rocclr_fillBufferUnAligned",4998,104093648386187,104093648387547,0,0,8,0,128,256,1,1,7680,1,1
"KERNEL_DISPATCH","Agent 2",1,0,1123883,5007,15,"__amd_rocclr_fillBufferUnAligned",5007,104093648430707,104093648432467,0,0,8,0,128,256,1,1,8192,1,1
"KERNEL_DISPATCH","Agent 2",1,0,1123883,5009,15,"__amd_rocclr_fillBufferUnAligned",5009,104093648441147,104093648442867,0,0,8,0,128,256,1,1,8192,1,1
"KERNEL_DISPATCH","Agent 2",1,0,1123883,5011,15,"__amd_rocclr_fillBufferUnAligned",5011,104093648451708,104093648453428,0,0,8,0,128,256,1,1,8192,1,1
"KERNEL_DISPATCH","Agent 2",1,0,1123883,5013,15,"__amd_rocclr_fillBufferUnAligned",5013,104093648461948,104093648463628,0,0,8,0,128,256,1,1,8192,1,1
"KERNEL_DISPATCH","Agent 2",1,0,1123883,5027,15,"__amd_rocclr_fillBufferUnAligned",5027,104093648536989,104093648539029,0,0,8,0,128,256,1,1,8192,1,1
"KERNEL_DISPATCH","Agent 2",1,0,1123883,5029,15,"__amd_rocclr_fillBufferUnAligned",5029,104093648548549,104093648550429,0,0,8,0,128,256,1,1,8192,1,1
"KERNEL_DISPATCH","Agent 2",1,0,1123883,5031,15,"__amd_rocclr_fillBufferUnAligned",5031,104093648559349,104093648561429,0,0,8,0,128,256,1,1,8192,1,1
"KERNEL_DISPATCH","Agent 2",1,0,1123883,5033,15,"__amd_rocclr_fillBufferUnAligned",5033,104093648570589,104093648572629,0,0,8,0,128,256,1,1,8192,1,1
"KERNEL_DISPATCH","Agent 2",1,0,1123883,5057,15,"__amd_rocclr_fillBufferUnAligned",5057,104093648699151,104093648700791,0,0,8,0,128,256,1,1,8192,1,1
"KERNEL_DISPATCH","Agent 2",1,0,1123883,5059,15,"__amd_rocclr_fillBufferUnAligned",5059,104093648710431,104093648712431,0,0,8,0,128,256,1,1,8192,1,1
"KERNEL_DISPATCH","Agent 2",1,0,1123883,5061,15,"__amd_rocclr_fillBufferUnAligned",5061,104093648721511,104093648723551,0,0,8,0,128,256,1,1,8192,1,1
"KERNEL_DISPATCH","Agent 2",1,0,1123883,5063,15,"__amd_rocclr_fillBufferUnAligned",5063,104093648732431,104093648734511,0,0,8,0,128,256,1,1,8192,1,1
"KERNEL_DISPATCH","Agent 2",1,0,1123883,5102,15,"__amd_rocclr_fillBufferUnAligned",5102,104093648952594,104093648954114,0,0,8,0,128,256,1,1,1536,1,1
"KERNEL_DISPATCH","Agent 2",1,0,1123883,5109,15,"__amd_rocclr_fillBufferUnAligned",5109,104093648986915,104093648988275,0,0,8,0,128,256,1,1,1536,1,1
"KERNEL_DISPATCH","Agent 2",1,0,1123883,5111,15,"__amd_rocclr_fillBufferUnAligned",5111,104093648996635,104093648998355,0,0,8,0,128,256,1,1,1536,1,1
"KERNEL_DISPATCH","Agent 2",1,0,1123883,5113,15,"__amd_rocclr_fillBufferUnAligned",5113,104093649006835,104093649008155,0,0,8,0,128,256,1,1,1536,1,1
"KERNEL_DISPATCH","Agent 2",1,0,1123883,5182,15,"__amd_rocclr_fillBufferUnAligned",5182,104093649339760,104093649341040,0,0,8,0,128,256,1,1,7680,1,1
"KERNEL_DISPATCH","Agent 2",1,0,1123883,5189,15,"__amd_rocclr_fillBufferUnAligned",5189,104093649373000,104093649374280,0,0,8,0,128,256,1,1,7680,1,1
"KERNEL_DISPATCH","Agent 2",1,0,1123883,5191,15,"__amd_rocclr_fillBufferUnAligned",5191,104093649382400,104093649383680,0,0,8,0,128,256,1,1,7680,1,1
"KERNEL_DISPATCH","Agent 2",1,0,1123883,5193,15,"__amd_rocclr_fillBufferUnAligned",5193,104093649391800,104093649393040,0,0,8,0,128,256,1,1,7680,1,1
"KERNEL_DISPATCH","Agent 2",1,0,1123883,5241,15,"__amd_rocclr_fillBufferUnAligned",5241,104093649655044,104093649657204,0,0,8,0,128,256,1,1,8192,1,1
"KERNEL_DISPATCH","Agent 2",1,0,1123883,5236,15,"__amd_rocclr_fillBufferUnAligned",5236,104093649627403,104093649629524,0,0,8,0,128,256,1,1,8192,1,1
"KERNEL_DISPATCH","Agent 2",1,0,1123883,5231,15,"__amd_rocclr_fillBufferUnAligned",5231,104093649600123,104093649602283,0,0,8,0,128,256,1,1,8192,1,1
"KERNEL_DISPATCH","Agent 2",1,0,1123883,5226,15,"__amd_rocclr_fillBufferUnAligned",5226,104093649572163,104093649574403,0,0,8,0,128,256,1,1,8192,1,1
"KERNEL_DISPATCH","Agent 2",1,0,1123883,5242,15,"__amd_rocclr_fillBufferUnAligned",5242,104093649660484,104093649662604,0,0,8,0,128,256,1,1,8192,1,1
"KERNEL_DISPATCH","Agent 2",1,0,1123883,5221,15,"__amd_rocclr_fillBufferUnAligned",5221,104093649544802,104093649546882,0,0,8,0,128,256,1,1,8192,1,1
"KERNEL_DISPATCH","Agent 2",1,0,1123883,5237,15,"__amd_rocclr_fillBufferUnAligned",5237,104093649632804,104093649634964,0,0,8,0,128,256,1,1,8192,1,1
"KERNEL_DISPATCH","Agent 2",1,0,1123883,5216,15,"__amd_rocclr_fillBufferUnAligned",5216,104093649517002,104093649519162,0,0,8,0,128,256,1,1,8192,1,1
"KERNEL_DISPATCH","Agent 2",1,0,1123883,5232,15,"__amd_rocclr_fillBufferUnAligned",5232,104093649605643,104093649607763,0,0,8,0,128,256,1,1,8192,1,1
"KERNEL_DISPATCH","Agent 2",1,0,1123883,5211,15,"__amd_rocclr_fillBufferUnAligned",5211,104093649489122,104093649491242,0,0,8,0,128,256,1,1,8192,1,1
"KERNEL_DISPATCH","Agent 2",1,0,1123883,5243,15,"__amd_rocclr_fillBufferUnAligned",5243,104093649665884,104093649668084,0,0,8,0,128,256,1,1,8192,1,1
"KERNEL_DISPATCH","Agent 2",1,0,1123883,5227,15,"__amd_rocclr_fillBufferUnAligned",5227,104093649577803,104093649579883,0,0,8,0,128,256,1,1,8192,1,1
"KERNEL_DISPATCH","Agent 2",1,0,1123883,5206,15,"__amd_rocclr_fillBufferUnAligned",5206,104093649461121,104093649463281,0,0,8,0,128,256,1,1,8192,1,1
"KERNEL_DISPATCH","Agent 2",1,0,1123883,5222,15,"__amd_rocclr_fillBufferUnAligned",5222,104093649550322,104093649552402,0,0,8,0,128,256,1,1,8192,1,1
"KERNEL_DISPATCH","Agent 2",1,0,1123883,5217,15,"__amd_rocclr_fillBufferUnAligned",5217,104093649522562,104093649524682,0,0,8,0,128,256,1,1,8192,1,1
"KERNEL_DISPATCH","Agent 2",1,0,1123883,5244,15,"__amd_rocclr_fillBufferUnAligned",5244,104093649671484,104093649675124,0,0,8,0,128,256,1,1,8192,1,1
"KERNEL_DISPATCH","Agent 2",1,0,1123883,5212,15,"__amd_rocclr_fillBufferUnAligned",5212,104093649494682,104093649496802,0,0,8,0,128,256,1,1,8192,1,1
"KERNEL_DISPATCH","Agent 2",1,0,1123883,5239,15,"__amd_rocclr_fillBufferUnAligned",5239,104093649643804,104093649646244,0,0,8,0,128,256,1,1,8192,1,1
"KERNEL_DISPATCH","Agent 2",1,0,1123883,5234,15,"__amd_rocclr_fillBufferUnAligned",5234,104093649616523,104093649618683,0,0,8,0,128,256,1,1,8192,1,1
"KERNEL_DISPATCH","Agent 2",1,0,1123883,5207,15,"__amd_rocclr_fillBufferUnAligned",5207,104093649466721,104093649469001,0,0,8,0,128,256,1,1,8192,1,1
"KERNEL_DISPATCH","Agent 2",1,0,1123883,5202,15,"__amd_rocclr_fillBufferUnAligned",5202,104093649438841,104093649441001,0,0,8,0,128,256,1,1,8192,1,1
"KERNEL_DISPATCH","Agent 2",1,0,1123883,5229,15,"__amd_rocclr_fillBufferUnAligned",5229,104093649588883,104093649591083,0,0,8,0,128,256,1,1,8192,1,1
"KERNEL_DISPATCH","Agent 2",1,0,1123883,5224,15,"__amd_rocclr_fillBufferUnAligned",5224,104093649561243,104093649563403,0,0,8,0,128,256,1,1,8192,1,1
"KERNEL_DISPATCH","Agent 2",1,0,1123883,5219,15,"__amd_rocclr_fillBufferUnAligned",5219,104093649533722,104093649535842,0,0,8,0,128,256,1,1,8192,1,1
"KERNEL_DISPATCH","Agent 2",1,0,1123883,5214,15,"__amd_rocclr_fillBufferUnAligned",5214,104093649505722,104093649508042,0,0,8,0,128,256,1,1,8192,1,1
"KERNEL_DISPATCH","Agent 2",1,0,1123883,5209,15,"__amd_rocclr_fillBufferUnAligned",5209,104093649478041,104093649480281,0,0,8,0,128,256,1,1,8192,1,1
"KERNEL_DISPATCH","Agent 2",1,0,1123883,5204,15,"__amd_rocclr_fillBufferUnAligned",5204,104093649450041,104093649452121,0,0,8,0,128,256,1,1,8192,1,1
"KERNEL_DISPATCH","Agent 2",1,0,1123883,5199,15,"__amd_rocclr_fillBufferUnAligned",5199,104093649422081,104093649424201,0,0,8,0,128,256,1,1,8192,1,1
"KERNEL_DISPATCH","Agent 2",1,0,1123883,5194,15,"__amd_rocclr_fillBufferUnAligned",5194,104093649396480,104093649397800,0,0,8,0,128,256,1,1,7680,1,1
"KERNEL_DISPATCH","Agent 2",1,0,1123883,5184,15,"__amd_rocclr_fillBufferUnAligned",5184,104093649349360,104093649350600,0,0,8,0,128,256,1,1,7680,1,1
"KERNEL_DISPATCH","Agent 2",1,0,1123883,5179,15,"__amd_rocclr_fillBufferUnAligned",5179,104093649325599,104093649326879,0,0,8,0,128,256,1,1,7680,1,1
"KERNEL_DISPATCH","Agent 2",1,0,1123883,5174,15,"__amd_rocclr_fillBufferUnAligned",5174,104093649301959,104093649303239,0,0,8,0,128,256,1,1,7680,1,1
"KERNEL_DISPATCH","Agent 2",1,0,1123883,5169,15,"__amd_rocclr_fillBufferUnAligned",5169,104093649278279,104093649279519,0,0,8,0,128,256,1,1,7680,1,1
"KERNEL_DISPATCH","Agent 2",1,0,1123883,4564,24,"gated_delta_net_q8_fast",4564,104092900806384,104092901379552,2048,0,64,0,128,32,1,1,1536,32,1
"KERNEL_DISPATCH","Agent 2",1,0,1123883,4221,24,"gated_delta_net_q8_fast",4221,104092013920587,104092014482554,2048,0,64,0,128,32,1,1,1536,32,1
"KERNEL_DISPATCH","Agent 2",1,0,1123883,3538,29,"gemm_mq4g256v2_residual_wmma_fp8_v2_b128x128_gfx1201_symfold",3538,104090306228285,104090309555610,0,0,192,0,128,256,1,1,10240,64,1
"KERNEL_DISPATCH","Agent 2",1,0,1123883,5164,15,"__amd_rocclr_fillBufferUnAligned",5164,104093649254318,104093649255758,0,0,8,0,128,256,1,1,7680,1,1
"KERNEL_DISPATCH","Agent 2",1,0,1123883,5159,15,"__amd_rocclr_fillBufferUnAligned",5159,104093649230718,104093649232038,0,0,8,0,128,256,1,1,7680,1,1
"KERNEL_DISPATCH","Agent 2",1,0,1123883,5154,15,"__amd_rocclr_fillBufferUnAligned",5154,104093649206958,104093649208518,0,0,8,0,128,256,1,1,7680,1,1
"KERNEL_DISPATCH","Agent 2",1,0,1123883,5149,15,"__amd_rocclr_fillBufferUnAligned",5149,104093649182597,104093649184037,0,0,8,0,128,256,1,1,7680,1,1
"KERNEL_DISPATCH","Agent 2",1,0,1123883,5144,15,"__amd_rocclr_fillBufferUnAligned",5144,104093649158317,104093649159677,0,0,8,0,128,256,1,1,1536,1,1
"KERNEL_DISPATCH","Agent 2",1,0,1123883,5139,15,"__amd_rocclr_fillBufferUnAligned",5139,104093649134197,104093649135517,0,0,8,0,128,256,1,1,1536,1,1
"KERNEL_DISPATCH","Agent 2",1,0,1123883,5134,15,"__amd_rocclr_fillBufferUnAligned",5134,104093649109636,104093649111037,0,0,8,0,128,256,1,1,1536,1,1
"KERNEL_DISPATCH","Agent 2",1,0,1123883,5129,15,"__amd_rocclr_fillBufferUnAligned",5129,104093649084916,104093649086316,0,0,8,0,128,256,1,1,1536,1,1
"KERNEL_DISPATCH","Agent 2",1,0,1123883,5124,15,"__amd_rocclr_fillBufferUnAligned",5124,104093649060316,104093649061676,0,0,8,0,128,256,1,1,1536,1,1
"KERNEL_DISPATCH","Agent 2",1,0,1123883,5119,15,"__amd_rocclr_fillBufferUnAligned",5119,104093649036315,104093649037636,0,0,8,0,128,256,1,1,1536,1,1
"KERNEL_DISPATCH","Agent 2",1,0,1123883,5114,15,"__amd_rocclr_fillBufferUnAligned",5114,104093649011595,104093649012955,0,0,8,0,128,256,1,1,1536,1,1
"KERNEL_DISPATCH","Agent 2",1,0,1123883,5104,15,"__amd_rocclr_fillBufferUnAligned",5104,104093648962314,104093648963635,0,0,8,0,128,256,1,1,1536,1,1
"KERNEL_DISPATCH","Agent 2",1,0,1123883,5099,15,"__amd_rocclr_fillBufferUnAligned",5099,104093648935914,104093648938314,0,0,8,0,128,256,1,1,8192,1,1
"KERNEL_DISPATCH","Agent 2",1,0,1123883,5094,15,"__amd_rocclr_fillBufferUnAligned",5094,104093648906234,104093648908514,0,0,8,0,128,256,1,1,8192,1,1
"KERNEL_DISPATCH","Agent 2",1,0,1123883,5089,15,"__amd_rocclr_fillBufferUnAligned",5089,104093648877953,104093648879473,0,0,8,0,128,256,1,1,8192,1,1
"KERNEL_DISPATCH","Agent 2",1,0,1123883,5084,15,"__amd_rocclr_fillBufferUnAligned",5084,104093648850873,104093648853273,0,0,8,0,128,256,1,1,8192,1,1
"KERNEL_DISPATCH","Agent 2",1,0,1123883,5079,15,"__amd_rocclr_fillBufferUnAligned",5079,104093648822313,104093648824633,0,0,8,0,128,256,1,1,8192,1,1
"KERNEL_DISPATCH","Agent 2",1,0,1123883,5074,15,"__amd_rocclr_fillBufferUnAligned",5074,104093648793592,104093648795872,0,0,8,0,128,256,1,1,8192,1,1
"KERNEL_DISPATCH","Agent 2",1,0,1123883,5069,15,"__amd_rocclr_fillBufferUnAligned",5069,104093648765952,104093648767792,0,0,8,0,128,256,1,1,8192,1,1
"KERNEL_DISPATCH","Agent 2",1,0,1123883,5064,15,"__amd_rocclr_fillBufferUnAligned",5064,104093648737991,104093648740111,0,0,8,0,128,256,1,1,8192,1,1
"KERNEL_DISPATCH","Agent 2",1,0,1123883,5054,15,"__amd_rocclr_fillBufferUnAligned",5054,104093648684271,104093648685791,0,0,8,0,128,256,1,1,8192,1,1
"KERNEL_DISPATCH","Agent 2",1,0,1123883,5049,15,"__amd_rocclr_fillBufferUnAligned",5049,104093648657950,104093648659830,0,0,8,0,128,256,1,1,8192,1,1
"KERNEL_DISPATCH","Agent 2",1,0,1123883,5044,15,"__amd_rocclr_fillBufferUnAligned",5044,104093648630070,104093648632110,0,0,8,0,128,256,1,1,8192,1,1
"KERNEL_DISPATCH","Agent 2",1,0,1123883,5039,15,"__amd_rocclr_fillBufferUnAligned",5039,104093648603070,104093648604910,0,0,8,0,128,256,1,1,8192,1,1
"KERNEL_DISPATCH","Agent 2",1,0,1123883,5034,15,"__amd_rocclr_fillBufferUnAligned",5034,104093648576109,104093648577949,0,0,8,0,128,256,1,1,8192,1,1
"KERNEL_DISPATCH","Agent 2",1,0,1123883,5024,15,"__amd_rocclr_fillBufferUnAligned",5024,104093648520349,104093648522349,0,0,8,0,128,256,1,1,8192,1,1
"KERNEL_DISPATCH","Agent 2",1,0,1123883,5019,15,"__amd_rocclr_fillBufferUnAligned",5019,104093648494108,104093648495868,0,0,8,0,128,256,1,1,8192,1,1
"KERNEL_DISPATCH","Agent 2",1,0,1123883,5014,15,"__amd_rocclr_fillBufferUnAligned",5014,104093648467148,104093648468908,0,0,8,0,128,256,1,1,8192,1,1
"KERNEL_DISPATCH","Agent 2",1,0,1123883,5004,15,"__amd_rocclr_fillBufferUnAligned",5004,104093648415587,104093648416947,0,0,8,0,128,256,1,1,7680,1,1
"KERNEL_DISPATCH","Agent 2",1,0,1123883,4999,15,"__amd_rocclr_fillBufferUnAligned",4999,104093648390947,104093648392387,0,0,8,0,128,256,1,1,7680,1,1
"KERNEL_DISPATCH","Agent 2",1,0,1123883,4989,15,"__amd_rocclr_fillBufferUnAligned",4989,104093648341946,104093648343306,0,0,8,0,128,256,1,1,7680,1,1
"KERNEL_DISPATCH","Agent 2",1,0,1123883,4979,15,"__amd_rocclr_fillBufferUnAligned",4979,104093648291585,104093648292985,0,0,8,0,128,256,1,1,7680,1,1
"KERNEL_DISPATCH","Agent 2",1,0,1123883,4944,15,"__amd_rocclr_fillBufferUnAligned",4944,104093648117823,104093648119223,0,0,8,0,128,256,1,1,1536,1,1
"KERNEL_DISPATCH","Agent 2",1,0,1123883,4439,35,"rmsnorm_f32",4439,104092575953990,104092576176753,0,0,16,0,128,256,1,1,8388608,1,1
"KERNEL_DISPATCH","Agent 2",1,0,1123883,4434,27,"pack_f32_to_fp8_mq4v2_gfx12",4434,104092554194096,104092555523793,512,0,24,0,128,256,1,1,2097152,1,1
"KERNEL_DISPATCH","Agent 2",1,0,1123883,4429,27,"pack_f32_to_fp8_mq4v2_gfx12",4429,104092525912393,104092526415240,512,0,24,0,128,256,1,1,2097152,1,1
"KERNEL_DISPATCH","Agent 2",1,0,1123883,4424,24,"gated_delta_net_q8_fast",4424,104092522594868,104092523155356,2048,0,64,0,128,32,1,1,1536,32,1
"KERNEL_DISPATCH","Agent 2",1,0,1123883,4419,24,"gated_delta_net_q8_fast",4419,104092519731429,104092520306637,2048,0,64,0,128,32,1,1,1536,32,1
"KERNEL_DISPATCH","Agent 2",1,0,1123883,4414,24,"gated_delta_net_q8_fast",4414,104092516794470,104092517385078,2048,0,64,0,128,32,1,1,1536,32,1
"KERNEL_DISPATCH","Agent 2",1,0,1123883,4409,21,"gemm_qkvza_mq4g256v2_wmma_fp8_v2_b128x128_gfx1201_symfold",4409,104092502738119,104092512301009,0,0,208,0,128,256,1,1,33024,64,1
"KERNEL_DISPATCH","Agent 2",1,0,1123883,4404,30,"gemm_gate_up_mq4g256v2_wmma_fp8_v2_b128x128_gfx1201_symfold",4404,104092467167358,104092488069961,0,0,192,0,128,256,1,1,69632,64,1
"KERNEL_DISPATCH","Agent 2",1,0,1123883,4399,25,"gated_norm_f32",4399,104092460957794,104092461939967,0,0,24,0,128,32,1,1,1536,8192,1
"KERNEL_DISPATCH","Agent 2",1,0,1123883,4394,24,"gated_delta_net_q8_fast",4394,104092458143556,104092458705844,2048,0,64,0,128,32,1,1,1536,32,1
"KERNEL_DISPATCH","Agent 2",1,0,1123883,4389,24,"gated_delta_net_q8_fast",4389,104092455260597,104092455838045,2048,0,64,0,128,32,1,1,1536,32,1
"KERNEL_DISPATCH","Agent 2",1,0,1123883,4384,24,"gated_delta_net_q8_fast",4384,104092452315357,104092452897805,2048,0,64,0,128,32,1,1,1536,32,1
"KERNEL_DISPATCH","Agent 2",1,0,1123883,4379,29,"gemm_mq4g256v2_residual_wmma_fp8_v2_b128x128_gfx1201_symfold",4379,104092428947361,104092438893296,0,0,192,0,128,256,1,1,10240,64,1
"KERNEL_DISPATCH","Agent 2",1,0,1123883,4374,29,"gemm_mq4g256v2_residual_wmma_fp8_v2_b128x128_gfx1201_symfold",4374,104092399888488,104092403243733,0,0,192,0,128,256,1,1,10240,64,1
"KERNEL_DISPATCH","Agent 2",1,0,1123883,4369,24,"gated_delta_net_q8_fast",4369,104092396638764,104092397192212,2048,0,64,0,128,32,1,1,1536,32,1
"KERNEL_DISPATCH","Agent 2",1,0,1123883,4364,24,"gated_delta_net_q8_fast",4364,104092393797646,104092394365093,2048,0,64,0,128,32,1,1,1536,32,1
"KERNEL_DISPATCH","Agent 2",1,0,1123883,4359,24,"gated_delta_net_q8_fast",4359,104092390871846,104092391460894,2048,0,64,0,128,32,1,1,1536,32,1
"KERNEL_DISPATCH","Agent 2",1,0,1123883,4354,22,"gdn_pre_batched_gfx1201",4354,104092385798897,104092388486774,33280,0,224,0,128,256,1,1,2686976,1,1
"KERNEL_DISPATCH","Agent 2",1,0,1123883,4349,31,"fused_silu_mul_mq_rotate_awq",4349,104092361587090,104092364409968,0,0,56,0,128,32,1,1,2176,8192,1
"KERNEL_DISPATCH","Agent 2",1,0,1123883,4344,26,"rotate_x_mq_awq",4344,104092335728220,104092336362189,0,0,80,0,128,32,1,1,768,8192,1
"KERNEL_DISPATCH","Agent 2",1,0,1123883,4339,36,"rope_partial_halfsplit_batched_f32",4339,104092322042315,104092322406800,0,0,16,0,128,32,1,1,32,8192,1
"KERNEL_DISPATCH","Agent 2",1,0,1123883,4334,29,"gemm_mq4g256v2_residual_wmma_fp8_v2_b128x128_gfx1201_symfold",4334,104092301464597,104092311307450,0,0,192,0,128,256,1,1,10240,64,1
"KERNEL_DISPATCH","Agent 2",1,0,1123883,4329,29,"gemm_mq4g256v2_residual_wmma_fp8_v2_b128x128_gfx1201_symfold",4329,104092272385883,104092275765609,0,0,192,0,128,256,1,1,10240,64,1
"KERNEL_DISPATCH","Agent 2",1,0,1123883,4324,24,"gated_delta_net_q8_fast",4324,104092269125999,104092269684407,2048,0,64,0,128,32,1,1,1536,32,1
"KERNEL_DISPATCH","Agent 2",1,0,1123883,4319,24,"gated_delta_net_q8_fast",4319,104092266282441,104092266852688,2048,0,64,0,128,32,1,1,1536,32,1
"KERNEL_DISPATCH","Agent 2",1,0,1123883,4314,24,"gated_delta_net_q8_fast",4314,104092263356921,104092263944409,2048,0,64,0,128,32,1,1,1536,32,1
"KERNEL_DISPATCH","Agent 2",1,0,1123883,4309,22,"gdn_pre_batched_gfx1201",4309,104092258308893,104092260988209,33280,0,224,0,128,256,1,1,2686976,1,1
"KERNEL_DISPATCH","Agent 2",1,0,1123883,4304,31,"fused_silu_mul_mq_rotate_awq",4304,104092234106765,104092236929244,0,0,56,0,128,32,1,1,2176,8192,1
"KERNEL_DISPATCH","Agent 2",1,0,1123883,4299,26,"rotate_x_mq_awq",4299,104092208034893,104092208659021,0,0,80,0,128,32,1,1,768,8192,1
"KERNEL_DISPATCH","Agent 2",1,0,1123883,4294,24,"gated_delta_net_q8_fast",4294,104092204786689,104092205348616,2048,0,64,0,128,32,1,1,1536,32,1
"KERNEL_DISPATCH","Agent 2",1,0,1123883,4289,24,"gated_delta_net_q8_fast",4289,104092201919370,104092202495058,2048,0,64,0,128,32,1,1,1536,32,1
"KERNEL_DISPATCH","Agent 2",1,0,1123883,4284,24,"gated_delta_net_q8_fast",4284,104092198986450,104092199568658,2048,0,64,0,128,32,1,1,1536,32,1
"KERNEL_DISPATCH","Agent 2",1,0,1123883,4279,20,"fused_rmsnorm_mq_rotate_awq_mq4v2_fp8_gfx12",4279,104092184837739,104092185520588,0,0,96,0,128,256,1,1,2097152,1,1
"KERNEL_DISPATCH","Agent 2",1,0,1123883,4274,20,"fused_rmsnorm_mq_rotate_awq_mq4v2_fp8_gfx12",4274,104092149362659,104092150036308,0,0,96,0,128,256,1,1,2097152,1,1
"KERNEL_DISPATCH","Agent 2",1,0,1123883,4269,24,"gated_delta_net_q8_fast",4269,104092143301057,104092143856384,2048,0,64,0,128,32,1,1,1536,32,1
"KERNEL_DISPATCH","Agent 2",1,0,1123883,4264,24,"gated_delta_net_q8_fast",4264,104092140466339,104092141034386,2048,0,64,0,128,32,1,1,1536,32,1
"KERNEL_DISPATCH","Agent 2",1,0,1123883,4259,24,"gated_delta_net_q8_fast",4259,104092137558659,104092138140307,2048,0,64,0,128,32,1,1,1536,32,1
"KERNEL_DISPATCH","Agent 2",1,0,1123883,4254,24,"gated_delta_net_q8_fast",4254,104092134650420,104092135234028,2048,0,64,0,128,32,1,1,1536,32,1
"KERNEL_DISPATCH","Agent 2",1,0,1123883,4249,27,"pack_f32_to_fp8_mq4v2_gfx12",4249,104092110579854,104092111907592,512,0,24,0,128,256,1,1,2097152,1,1
"KERNEL_DISPATCH","Agent 2",1,0,1123883,4244,27,"pack_f32_to_fp8_mq4v2_gfx12",4244,104092082492834,104092082991841,512,0,24,0,128,256,1,1,2097152,1,1
"KERNEL_DISPATCH","Agent 2",1,0,1123883,4239,37,"kv_cache_write_fp8_e4m3_batched",4239,104092068454284,104092068524005,0,0,56,0,128,32,1,1,128,8192,1
"KERNEL_DISPATCH","Agent 2",1,0,1123883,4234,20,"fused_rmsnorm_mq_rotate_awq_mq4v2_fp8_gfx12",4234,104092057242373,104092057926342,0,0,96,0,128,256,1,1,2097152,1,1
"KERNEL_DISPATCH","Agent 2",1,0,1123883,4229,20,"fused_rmsnorm_mq_rotate_awq_mq4v2_fp8_gfx12",4229,104092021704332,104092022378861,0,0,96,0,128,256,1,1,2097152,1,1
"KERNEL_DISPATCH","Agent 2",1,0,1123883,4224,24,"gated_delta_net_q8_fast",4224,104092015619410,104092016174617,2048,0,64,0,128,32,1,1,1536,32,1
"KERNEL_DISPATCH","Agent 2",1,0,1123883,4219,24,"gated_delta_net_q8_fast",4219,104092012783291,104092013349699,2048,0,64,0,128,32,1,1,1536,32,1
"KERNEL_DISPATCH","Agent 2",1,0,1123883,4214,24,"gated_delta_net_q8_fast",4214,104092009895332,104092010470660,2048,0,64,0,128,32,1,1,1536,32,1
"KERNEL_DISPATCH","Agent 2",1,0,1123883,4209,24,"gated_delta_net_q8_fast",4209,104092006997053,104092007577781,2048,0,64,0,128,32,1,1,1536,32,1
"KERNEL_DISPATCH","Agent 2",1,0,1123883,4204,27,"pack_f32_to_fp8_mq4v2_gfx12",4204,104091982842646,104091984173744,512,0,24,0,128,256,1,1,2097152,1,1
"KERNEL_DISPATCH","Agent 2",1,0,1123883,4199,27,"pack_f32_to_fp8_mq4v2_gfx12",4199,104091954585184,104091955088591,512,0,24,0,128,256,1,1,2097152,1,1
"KERNEL_DISPATCH","Agent 2",1,0,1123883,4194,24,"gated_delta_net_q8_fast",4194,104091951362220,104091951891708,2048,0,64,0,128,32,1,1,1536,32,1
"KERNEL_DISPATCH","Agent 2",1,0,1123883,4189,24,"gated_delta_net_q8_fast",4189,104091948662344,104091949203671,2048,0,64,0,128,32,1,1,1536,32,1
"KERNEL_DISPATCH","Agent 2",1,0,1123883,4184,24,"gated_delta_net_q8_fast",4184,104091945909747,104091946455114,2048,0,64,0,128,32,1,1,1536,32,1
"KERNEL_DISPATCH","Agent 2",1,0,1123883,4179,21,"gemm_qkvza_mq4g256v2_wmma_fp8_v2_b128x128_gfx1201_symfold",4179,104091931961438,104091941524647,0,0,208,0,128,256,1,1,33024,64,1
"KERNEL_DISPATCH","Agent 2",1,0,1123883,4174,30,"gemm_gate_up_mq4g256v2_wmma_fp8_v2_b128x128_gfx1201_symfold",4174,104091896382157,104091917290239,0,0,192,0,128,256,1,1,69632,64,1
"KERNEL_DISPATCH","Agent 2",1,0,1123883,4169,25,"gated_norm_f32",4169,104091890162593,104091891145006,0,0,24,0,128,32,1,1,1536,8192,1
"KERNEL_DISPATCH","Agent 2",1,0,1123883,4164,24,"gated_delta_net_q8_fast",4164,104091887358355,104091887918242,2048,0,64,0,128,32,1,1,1536,32,1
"KERNEL_DISPATCH","Agent 2",1,0,1123883,4159,24,"gated_delta_net_q8_fast",4159,104091884477556,104091885054963,2048,0,64,0,128,32,1,1,1536,32,1
"KERNEL_DISPATCH","Agent 2",1,0,1123883,4154,24,"gated_delta_net_q8_fast",4154,104091881566236,104091882138764,2048,0,64,0,128,32,1,1,1536,32,1
"KERNEL_DISPATCH","Agent 2",1,0,1123883,4149,29,"gemm_mq4g256v2_residual_wmma_fp8_v2_b128x128_gfx1201_symfold",4149,104091858241961,104091868000213,0,0,192,0,128,256,1,1,10240,64,1
"KERNEL_DISPATCH","Agent 2",1,0,1123883,4144,29,"gemm_mq4g256v2_residual_wmma_fp8_v2_b128x128_gfx1201_symfold",4144,104091829282129,104091832629334,0,0,192,0,128,256,1,1,10240,64,1
"KERNEL_DISPATCH","Agent 2",1,0,1123883,4139,37,"kv_cache_write_fp8_e4m3_batched",4139,104091814812493,104091814899934,0,0,56,0,128,32,1,1,128,8192,1
"KERNEL_DISPATCH","Agent 2",1,0,1123883,4134,32,"gemm_qkv_mq4g256v2_wmma_fp8_v2_b128x128_gfx1201_symfold",4134,104091804252830,104091812751665,0,0,192,0,128,256,1,1,28672,64,1
"KERNEL_DISPATCH","Agent 2",1,0,1123883,4129,30,"gemm_gate_up_mq4g256v2_wmma_fp8_v2_b128x128_gfx1201_symfold",4129,104091768802551,104091789577672,0,0,192,0,128,256,1,1,69632,64,1
"KERNEL_DISPATCH","Agent 2",1,0,1123883,4124,25,"gated_norm_f32",4124,104091762581907,104091763564160,0,0,24,0,128,32,1,1,1536,8192,1
"KERNEL_DISPATCH","Agent 2",1,0,1123883,4119,24,"gated_delta_net_q8_fast",4119,104091759775069,104091760338476,2048,0,64,0,128,32,1,1,1536,32,1
"KERNEL_DISPATCH","Agent 2",1,0,1123883,4114,24,"gated_delta_net_q8_fast",4114,104091756893230,104091757473237,2048,0,64,0,128,32,1,1,1536,32,1
"KERNEL_DISPATCH","Agent 2",1,0,1123883,4109,24,"gated_delta_net_q8_fast",4109,104091753948230,104091754533358,2048,0,64,0,128,32,1,1,1536,32,1
"KERNEL_DISPATCH","Agent 2",1,0,1123883,4104,29,"gemm_mq4g256v2_residual_wmma_fp8_v2_b128x128_gfx1201_symfold",4104,104091730593954,104091740499808,0,0,192,0,128,256,1,1,10240,64,1
"KERNEL_DISPATCH","Agent 2",1,0,1123883,4099,29,"gemm_mq4g256v2_residual_wmma_fp8_v2_b128x128_gfx1201_symfold",4099,104091701534801,104091704924367,0,0,192,0,128,256,1,1,10240,64,1
"KERNEL_DISPATCH","Agent 2",1,0,1123883,4094,24,"gated_delta_net_q8_fast",4094,104091698282557,104091698839004,2048,0,64,0,128,32,1,1,1536,32,1
"KERNEL_DISPATCH","Agent 2",1,0,1123883,4089,24,"gated_delta_net_q8_fast",4089,104091695446598,104091696014446,2048,0,64,0,128,32,1,1,1536,32,1
"KERNEL_DISPATCH","Agent 2",1,0,1123883,4084,24,"gated_delta_net_q8_fast",4084,104091692531239,104091693117327,2048,0,64,0,128,32,1,1,1536,32,1
"KERNEL_DISPATCH","Agent 2",1,0,1123883,4079,22,"gdn_pre_batched_gfx1201",4079,104091687470050,104091690148807,33280,0,224,0,128,256,1,1,2686976,1,1
"KERNEL_DISPATCH","Agent 2",1,0,1123883,4074,31,"fused_silu_mul_mq_rotate_awq",4074,104091663218122,104091666044081,0,0,56,0,128,32,1,1,2176,8192,1
"KERNEL_DISPATCH","Agent 2",1,0,1123883,4069,26,"rotate_x_mq_awq",4069,104091637185130,104091637828539,0,0,80,0,128,32,1,1,768,8192,1
"KERNEL_DISPATCH","Agent 2",1,0,1123883,4064,24,"gated_delta_net_q8_fast",4064,104091633954567,104091634514654,2048,0,64,0,128,32,1,1,1536,32,1
"KERNEL_DISPATCH","Agent 2",1,0,1123883,4059,24,"gated_delta_net_q8_fast",4059,104091631099568,104091631675096,2048,0,64,0,128,32,1,1,1536,32,1
"KERNEL_DISPATCH","Agent 2",1,0,1123883,4054,24,"gated_delta_net_q8_fast",4054,104091628202449,104091628776296,2048,0,64,0,128,32,1,1,1536,32,1
"KERNEL_DISPATCH","Agent 2",1,0,1123883,4049,20,"fused_rmsnorm_mq_rotate_awq_mq4v2_fp8_gfx12",4049,104091614241940,104091614923349,0,0,96,0,128,256,1,1,2097152,1,1
"KERNEL_DISPATCH","Agent 2",1,0,1123883,4044,20,"fused_rmsnorm_mq_rotate_awq_mq4v2_fp8_gfx12",4044,104091578639498,104091579311507,0,0,96,0,128,256,1,1,2097152,1,1
"KERNEL_DISPATCH","Agent 2",1,0,1123883,4039,41,"attention_fp8_e4m3_fa2_gqa_packet_gfx1201",4039,104091560932979,104091573170384,0,0,240,0,128,256,1,1,6144,4,16
"KERNEL_DISPATCH","Agent 2",1,0,1123883,4034,33,"deinterleave_q_rmsnorm_f32_batched",4034,104091558778430,104091560169568,0,0,24,0,128,256,1,1,6144,8192,1
"KERNEL_DISPATCH","Agent 2",1,0,1123883,4029,31,"fused_silu_mul_mq_rotate_awq",4029,104091535564316,104091538386994,0,0,56,0,128,32,1,1,2176,8192,1
"KERNEL_DISPATCH","Agent 2",1,0,1123883,4024,26,"rotate_x_mq_awq",4024,104091509567964,104091510211693,0,0,80,0,128,32,1,1,768,8192,1
"KERNEL_DISPATCH","Agent 2",1,0,1123883,4019,24,"gated_delta_net_q8_fast",4019,104091506329160,104091506890168,2048,0,64,0,128,32,1,1,1536,32,1
"KERNEL_DISPATCH","Agent 2",1,0,1123883,4014,24,"gated_delta_net_q8_fast",4014,104091503468081,104091504041129,2048,0,64,0,128,32,1,1,1536,32,1
"KERNEL_DISPATCH","Agent 2",1,0,1123883,4009,24,"gated_delta_net_q8_fast",4009,104091500537282,104091501120050,2048,0,64,0,128,32,1,1,1536,32,1
"KERNEL_DISPATCH","Agent 2",1,0,1123883,4004,20,"fused_rmsnorm_mq_rotate_awq_mq4v2_fp8_gfx12",4004,104091486512932,104091487194661,0,0,96,0,128,256,1,1,2097152,1,1
"KERNEL_DISPATCH","Agent 2",1,0,1123883,3999,20,"fused_rmsnorm_mq_rotate_awq_mq4v2_fp8_gfx12",3999,104091450968971,104091451643700,0,0,96,0,128,256,1,1,2097152,1,1
"KERNEL_DISPATCH","Agent 2",1,0,1123883,5192,15,"__amd_rocclr_fillBufferUnAligned",5192,104093649387120,104093649388400,0,0,8,0,128,256,1,1,7680,1,1
"KERNEL_DISPATCH","Agent 2",1,0,1123883,5196,15,"__amd_rocclr_fillBufferUnAligned",5196,104093649405800,104093649407361,0,0,8,0,128,256,1,1,7680,1,1
"KERNEL_DISPATCH","Agent 2",1,0,1123883,5187,15,"__amd_rocclr_fillBufferUnAligned",5187,104093649363680,104093649364920,0,0,8,0,128,256,1,1,7680,1,1
"KERNEL_DISPATCH","Agent 2",1,0,1123883,5233,15,"__amd_rocclr_fillBufferUnAligned",5233,104093649611083,104093649613203,0,0,8,0,128,256,1,1,8192,1,1
"KERNEL_DISPATCH","Agent 2",1,0,1123883,5186,15,"__amd_rocclr_fillBufferUnAligned",5186,104093649358920,104093649360280,0,0,8,0,128,256,1,1,7680,1,1
"KERNEL_DISPATCH","Agent 2",1,0,1123883,5181,15,"__amd_rocclr_fillBufferUnAligned",5181,104093649335040,104093649336360,0,0,8,0,128,256,1,1,7680,1,1
"KERNEL_DISPATCH","Agent 2",1,0,1123883,5228,15,"__amd_rocclr_fillBufferUnAligned",5228,104093649583323,104093649585523,0,0,8,0,128,256,1,1,8192,1,1
"KERNEL_DISPATCH","Agent 2",1,0,1123883,5223,15,"__amd_rocclr_fillBufferUnAligned",5223,104093649555763,104093649557923,0,0,8,0,128,256,1,1,8192,1,1
"KERNEL_DISPATCH","Agent 2",1,0,1123883,5176,15,"__amd_rocclr_fillBufferUnAligned",5176,104093649311479,104093649312719,0,0,8,0,128,256,1,1,7680,1,1
"KERNEL_DISPATCH","Agent 2",1,0,1123883,5218,15,"__amd_rocclr_fillBufferUnAligned",5218,104093649528122,104093649530442,0,0,8,0,128,256,1,1,8192,1,1
"KERNEL_DISPATCH","Agent 2",1,0,1123883,5213,15,"__amd_rocclr_fillBufferUnAligned",5213,104093649500242,104093649502322,0,0,8,0,128,256,1,1,8192,1,1
"KERNEL_DISPATCH","Agent 2",1,0,1123883,5171,15,"__amd_rocclr_fillBufferUnAligned",5171,104093649287839,104093649289079,0,0,8,0,128,256,1,1,7680,1,1
"KERNEL_DISPATCH","Agent 2",1,0,1123883,5166,15,"__amd_rocclr_fillBufferUnAligned",5166,104093649264039,104093649265319,0,0,8,0,128,256,1,1,7680,1,1
"KERNEL_DISPATCH","Agent 2",1,0,1123883,5161,15,"__amd_rocclr_fillBufferUnAligned",5161,104093649240158,104093649241478,0,0,8,0,128,256,1,1,7680,1,1
"KERNEL_DISPATCH","Agent 2",1,0,1123883,5156,15,"__amd_rocclr_fillBufferUnAligned",5156,104093649216638,104093649217878,0,0,8,0,128,256,1,1,7680,1,1
"KERNEL_DISPATCH","Agent 2",1,0,1123883,5151,15,"__amd_rocclr_fillBufferUnAligned",5151,104093649192318,104093649193758,0,0,8,0,128,256,1,1,7680,1,1
"KERNEL_DISPATCH","Agent 2",1,0,1123883,5146,15,"__amd_rocclr_fillBufferUnAligned",5146,104093649167997,104093649169437,0,0,8,0,128,256,1,1,1536,1,1
"KERNEL_DISPATCH","Agent 2",1,0,1123883,5141,15,"__amd_rocclr_fillBufferUnAligned",5141,104093649143637,104093649144997,0,0,8,0,128,256,1,1,1536,1,1
"KERNEL_DISPATCH","Agent 2",1,0,1123883,5136,15,"__amd_rocclr_fillBufferUnAligned",5136,104093649119397,104093649120797,0,0,8,0,128,256,1,1,1536,1,1
"KERNEL_DISPATCH","Agent 2",1,0,1123883,5131,15,"__amd_rocclr_fillBufferUnAligned",5131,104093649094956,104093649096436,0,0,8,0,128,256,1,1,1536,1,1
"KERNEL_DISPATCH","Agent 2",1,0,1123883,5126,15,"__amd_rocclr_fillBufferUnAligned",5126,104093649069876,104093649071276,0,0,8,0,128,256,1,1,1536,1,1
"KERNEL_DISPATCH","Agent 2",1,0,1123883,5121,15,"__amd_rocclr_fillBufferUnAligned",5121,104093649045916,104093649047316,0,0,8,0,128,256,1,1,1536,1,1
"KERNEL_DISPATCH","Agent 2",1,0,1123883,5116,15,"__amd_rocclr_fillBufferUnAligned",5116,104093649021155,104093649022555,0,0,8,0,128,256,1,1,1536,1,1
"KERNEL_DISPATCH","Agent 2",1,0,1123883,5106,15,"__amd_rocclr_fillBufferUnAligned",5106,104093648971875,104093648973435,0,0,8,0,128,256,1,1,1536,1,1
"KERNEL_DISPATCH","Agent 2",1,0,1123883,5101,15,"__amd_rocclr_fillBufferUnAligned",5101,104093648947554,104093648949074,0,0,8,0,128,256,1,1,1536,1,1
"KERNEL_DISPATCH","Agent 2",1,0,1123883,5096,15,"__amd_rocclr_fillBufferUnAligned",5096,104093648917794,104093648920154,0,0,8,0,128,256,1,1,8192,1,1
"KERNEL_DISPATCH","Agent 2",1,0,1123883,5091,15,"__amd_rocclr_fillBufferUnAligned",5091,104093648888433,104093648890874,0,0,8,0,128,256,1,1,8192,1,1
"KERNEL_DISPATCH","Agent 2",1,0,1123883,5086,15,"__amd_rocclr_fillBufferUnAligned",5086,104093648862753,104093648864433,0,0,8,0,128,256,1,1,8192,1,1
"KERNEL_DISPATCH","Agent 2",1,0,1123883,5081,15,"__amd_rocclr_fillBufferUnAligned",5081,104093648834033,104093648836393,0,0,8,0,128,256,1,1,8192,1,1
"KERNEL_DISPATCH","Agent 2",1,0,1123883,5076,15,"__amd_rocclr_fillBufferUnAligned",5076,104093648805032,104093648807232,0,0,8,0,128,256,1,1,8192,1,1
"KERNEL_DISPATCH","Agent 2",1,0,1123883,5071,15,"__amd_rocclr_fillBufferUnAligned",5071,104093648776472,104093648778632,0,0,8,0,128,256,1,1,8192,1,1
"KERNEL_DISPATCH","Agent 2",1,0,1123883,5066,15,"__amd_rocclr_fillBufferUnAligned",5066,104093648749352,104093648751352,0,0,8,0,128,256,1,1,8192,1,1
"KERNEL_DISPATCH","Agent 2",1,0,1123883,5056,15,"__amd_rocclr_fillBufferUnAligned",5056,104093648694191,104093648695711,0,0,8,0,128,256,1,1,8192,1,1
"KERNEL_DISPATCH","Agent 2",1,0,1123883,5051,15,"__amd_rocclr_fillBufferUnAligned",5051,104093648668671,104093648670511,0,0,8,0,128,256,1,1,8192,1,1
"KERNEL_DISPATCH","Agent 2",1,0,1123883,5046,15,"__amd_rocclr_fillBufferUnAligned",5046,104093648641110,104093648642950,0,0,8,0,128,256,1,1,8192,1,1
"KERNEL_DISPATCH","Agent 2",1,0,1123883,5041,15,"__amd_rocclr_fillBufferUnAligned",5041,104093648613550,104093648615390,0,0,8,0,128,256,1,1,8192,1,1
"KERNEL_DISPATCH","Agent 2",1,0,1123883,5036,15,"__amd_rocclr_fillBufferUnAligned",5036,104093648586669,104093648588869,0,0,8,0,128,256,1,1,8192,1,1
"KERNEL_DISPATCH","Agent 2",1,0,1123883,5026,15,"__amd_rocclr_fillBufferUnAligned",5026,104093648531309,104093648533589,0,0,8,0,128,256,1,1,8192,1,1
"KERNEL_DISPATCH","Agent 2",1,0,1123883,5021,15,"__amd_rocclr_fillBufferUnAligned",5021,104093648504508,104093648506228,0,0,8,0,128,256,1,1,8192,1,1
"KERNEL_DISPATCH","Agent 2",1,0,1123883,3994,24,"gated_delta_net_q8_fast",3994,104091444852168,104091445412176,2048,0,64,0,128,32,1,1,1536,32,1
"KERNEL_DISPATCH","Agent 2",1,0,1123883,5016,15,"__amd_rocclr_fillBufferUnAligned",5016,104093648478108,104093648480068,0,0,8,0,128,256,1,1,8192,1,1
"KERNEL_DISPATCH","Agent 2",1,0,1123883,5006,15,"__amd_rocclr_fillBufferUnAligned",5006,104093648425547,104093648427227,0,0,8,0,128,256,1,1,8192,1,1
"KERNEL_DISPATCH","Agent 2",1,0,1123883,3989,24,"gated_delta_net_q8_fast",3989,104091442019690,104091442589058,2048,0,64,0,128,32,1,1,1536,32,1
"KERNEL_DISPATCH","Agent 2",1,0,1123883,5001,15,"__amd_rocclr_fillBufferUnAligned",5001,104093648400947,104093648402227,0,0,8,0,128,256,1,1,7680,1,1
"KERNEL_DISPATCH","Agent 2",1,0,1123883,5177,15,"__amd_rocclr_fillBufferUnAligned",5177,104093649316199,104093649317439,0,0,8,0,128,256,1,1,7680,1,1
"KERNEL_DISPATCH","Agent 2",1,0,1123883,3984,24,"gated_delta_net_q8_fast",3984,104091439113771,104091439698219,2048,0,64,0,128,32,1,1,1536,32,1
"KERNEL_DISPATCH","Agent 2",1,0,1123883,4991,15,"__amd_rocclr_fillBufferUnAligned",4991,104093648351626,104093648353066,0,0,8,0,128,256,1,1,7680,1,1
"KERNEL_DISPATCH","Agent 2",1,0,1123883,3979,24,"gated_delta_net_q8_fast",3979,104091436193931,104091436778899,2048,0,64,0,128,32,1,1,1536,32,1
"KERNEL_DISPATCH","Agent 2",1,0,1123883,5172,15,"__amd_rocclr_fillBufferUnAligned",5172,104093649292559,104093649293759,0,0,8,0,128,256,1,1,7680,1,1
"KERNEL_DISPATCH","Agent 2",1,0,1123883,5167,15,"__amd_rocclr_fillBufferUnAligned",5167,104093649268759,104093649269999,0,0,8,0,128,256,1,1,7680,1,1
"KERNEL_DISPATCH","Agent 2",1,0,1123883,3974,27,"pack_f32_to_fp8_mq4v2_gfx12",3974,104091412153286,104091413479384,512,0,24,0,128,256,1,1,2097152,1,1
"KERNEL_DISPATCH","Agent 2",1,0,1123883,5162,15,"__amd_rocclr_fillBufferUnAligned",5162,104093649244918,104093649246198,0,0,8,0,128,256,1,1,7680,1,1
"KERNEL_DISPATCH","Agent 2",1,0,1123883,5157,15,"__amd_rocclr_fillBufferUnAligned",5157,104093649221358,104093649222558,0,0,8,0,128,256,1,1,7680,1,1
"KERNEL_DISPATCH","Agent 2",1,0,1123883,3969,27,"pack_f32_to_fp8_mq4v2_gfx12",3969,104091383849063,104091384350350,512,0,24,0,128,256,1,1,2097152,1,1
"KERNEL_DISPATCH","Agent 2",1,0,1123883,3964,24,"gated_delta_net_q8_fast",3964,104091380523898,104091381085826,2048,0,64,0,128,32,1,1,1536,32,1
"KERNEL_DISPATCH","Agent 2",1,0,1123883,5208,15,"__amd_rocclr_fillBufferUnAligned",5208,104093649472481,104093649474641,0,0,8,0,128,256,1,1,8192,1,1
"KERNEL_DISPATCH","Agent 2",1,0,1123883,5203,15,"__amd_rocclr_fillBufferUnAligned",5203,104093649444441,104093649446601,0,0,8,0,128,256,1,1,8192,1,1
"KERNEL_DISPATCH","Agent 2",1,0,1123883,3959,24,"gated_delta_net_q8_fast",3959,104091377677100,104091378250027,2048,0,64,0,128,32,1,1,1536,32,1
"KERNEL_DISPATCH","Agent 2",1,0,1123883,5198,15,"__amd_rocclr_fillBufferUnAligned",5198,104093649416481,104093649418601,0,0,8,0,128,256,1,1,8192,1,1
"KERNEL_DISPATCH","Agent 2",1,0,1123883,5188,15,"__amd_rocclr_fillBufferUnAligned",5188,104093649368360,104093649369560,0,0,8,0,128,256,1,1,7680,1,1
"KERNEL_DISPATCH","Agent 2",1,0,1123883,3954,24,"gated_delta_net_q8_fast",3954,104091374748500,104091375339028,2048,0,64,0,128,32,1,1,1536,32,1
"KERNEL_DISPATCH","Agent 2",1,0,1123883,5183,15,"__amd_rocclr_fillBufferUnAligned",5183,104093649344600,104093649345880,0,0,8,0,128,256,1,1,7680,1,1
"KERNEL_DISPATCH","Agent 2",1,0,1123883,3949,21,"gemm_qkvza_mq4g256v2_wmma_fp8_v2_b128x128_gfx1201_symfold",3949,104091360707430,104091370275720,0,0,208,0,128,256,1,1,33024,64,1
"KERNEL_DISPATCH","Agent 2",1,0,1123883,5178,15,"__amd_rocclr_fillBufferUnAligned",5178,104093649320839,104093649322199,0,0,8,0,128,256,1,1,7680,1,1
"KERNEL_DISPATCH","Agent 2",1,0,1123883,3944,30,"gemm_gate_up_mq4g256v2_wmma_fp8_v2_b128x128_gfx1201_symfold",3944,104091325360112,104091346070272,0,0,192,0,128,256,1,1,69632,64,1
"KERNEL_DISPATCH","Agent 2",1,0,1123883,5173,15,"__amd_rocclr_fillBufferUnAligned",5173,104093649297239,104093649298519,0,0,8,0,128,256,1,1,7680,1,1
"KERNEL_DISPATCH","Agent 2",1,0,1123883,5168,15,"__amd_rocclr_fillBufferUnAligned",5168,104093649273399,104093649274839,0,0,8,0,128,256,1,1,7680,1,1
"KERNEL_DISPATCH","Agent 2",1,0,1123883,5163,15,"__amd_rocclr_fillBufferUnAligned",5163,104093649249718,104093649250878,0,0,8,0,128,256,1,1,7680,1,1
"KERNEL_DISPATCH","Agent 2",1,0,1123883,5158,15,"__amd_rocclr_fillBufferUnAligned",5158,104093649225998,104093649227278,0,0,8,0,128,256,1,1,7680,1,1
"KERNEL_DISPATCH","Agent 2",1,0,1123883,5153,15,"__amd_rocclr_fillBufferUnAligned",5153,104093649202118,104093649203558,0,0,8,0,128,256,1,1,7680,1,1
"KERNEL_DISPATCH","Agent 2",1,0,1123883,5148,15,"__amd_rocclr_fillBufferUnAligned",5148,104093649177717,104093649179157,0,0,8,0,128,256,1,1,1536,1,1
"KERNEL_DISPATCH","Agent 2",1,0,1123883,5143,15,"__amd_rocclr_fillBufferUnAligned",5143,104093649153317,104093649154837,0,0,8,0,128,256,1,1,1536,1,1
"KERNEL_DISPATCH","Agent 2",1,0,1123883,5138,15,"__amd_rocclr_fillBufferUnAligned",5138,104093649129317,104093649130717,0,0,8,0,128,256,1,1,1536,1,1
"KERNEL_DISPATCH","Agent 2",1,0,1123883,5133,15,"__amd_rocclr_fillBufferUnAligned",5133,104093649104676,104093649106076,0,0,8,0,128,256,1,1,1536,1,1
"KERNEL_DISPATCH","Agent 2",1,0,1123883,5128,15,"__amd_rocclr_fillBufferUnAligned",5128,104093649079756,104093649081076,0,0,8,0,128,256,1,1,1536,1,1
"KERNEL_DISPATCH","Agent 2",1,0,1123883,5123,15,"__amd_rocclr_fillBufferUnAligned",5123,104093649055596,104093649056876,0,0,8,0,128,256,1,1,1536,1,1
"KERNEL_DISPATCH","Agent 2",1,0,1123883,5118,15,"__amd_rocclr_fillBufferUnAligned",5118,104093649031115,104093649032475,0,0,8,0,128,256,1,1,1536,1,1
"KERNEL_DISPATCH","Agent 2",1,0,1123883,5108,15,"__amd_rocclr_fillBufferUnAligned",5108,104093648981995,104093648983395,0,0,8,0,128,256,1,1,1536,1,1
"KERNEL_DISPATCH","Agent 2",1,0,1123883,5103,15,"__amd_rocclr_fillBufferUnAligned",5103,104093648957554,104093648958874,0,0,8,0,128,256,1,1,1536,1,1
"KERNEL_DISPATCH","Agent 2",1,0,1123883,5098,15,"__amd_rocclr_fillBufferUnAligned",5098,104093648929434,104093648931874,0,0,8,0,128,256,1,1,8192,1,1
"KERNEL_DISPATCH","Agent 2",1,0,1123883,5093,15,"__amd_rocclr_fillBufferUnAligned",5093,104093648900234,104093648902154,0,0,8,0,128,256,1,1,8192,1,1
"KERNEL_DISPATCH","Agent 2",1,0,1123883,5088,15,"__amd_rocclr_fillBufferUnAligned",5088,104093648872993,104093648874513,0,0,8,0,128,256,1,1,8192,1,1
"KERNEL_DISPATCH","Agent 2",1,0,1123883,5083,15,"__amd_rocclr_fillBufferUnAligned",5083,104093648845433,104093648847433,0,0,8,0,128,256,1,1,8192,1,1
"KERNEL_DISPATCH","Agent 2",1,0,1123883,5078,15,"__amd_rocclr_fillBufferUnAligned",5078,104093648817113,104093648818833,0,0,8,0,128,256,1,1,8192,1,1
"KERNEL_DISPATCH","Agent 2",1,0,1123883,5073,15,"__amd_rocclr_fillBufferUnAligned",5073,104093648788352,104093648790152,0,0,8,0,128,256,1,1,8192,1,1
"KERNEL_DISPATCH","Agent 2",1,0,1123883,5068,15,"__amd_rocclr_fillBufferUnAligned",5068,104093648760192,104093648762552,0,0,8,0,128,256,1,1,8192,1,1
"KERNEL_DISPATCH","Agent 2",1,0,1123883,5058,15,"__amd_rocclr_fillBufferUnAligned",5058,104093648704231,104093648706391,0,0,8,0,128,256,1,1,8192,1,1
"KERNEL_DISPATCH","Agent 2",1,0,1123883,5053,15,"__amd_rocclr_fillBufferUnAligned",5053,104093648679311,104093648680871,0,0,8,0,128,256,1,1,8192,1,1
"KERNEL_DISPATCH","Agent 2",1,0,1123883,5048,15,"__amd_rocclr_fillBufferUnAligned",5048,104093648652590,104093648654470,0,0,8,0,128,256,1,1,8192,1,1
"KERNEL_DISPATCH","Agent 2",1,0,1123883,5043,15,"__amd_rocclr_fillBufferUnAligned",5043,104093648624990,104093648626670,0,0,8,0,128,256,1,1,8192,1,1
"KERNEL_DISPATCH","Agent 2",1,0,1123883,5038,15,"__amd_rocclr_fillBufferUnAligned",5038,104093648597630,104093648599630,0,0,8,0,128,256,1,1,8192,1,1
"KERNEL_DISPATCH","Agent 2",1,0,1123883,5028,15,"__amd_rocclr_fillBufferUnAligned",5028,104093648542509,104093648544589,0,0,8,0,128,256,1,1,8192,1,1
"KERNEL_DISPATCH","Agent 2",1,0,1123883,5023,15,"__amd_rocclr_fillBufferUnAligned",5023,104093648514988,104093648516908,0,0,8,0,128,256,1,1,8192,1,1
"KERNEL_DISPATCH","Agent 2",1,0,1123883,5018,15,"__amd_rocclr_fillBufferUnAligned",5018,104093648488828,104093648490668,0,0,8,0,128,256,1,1,8192,1,1
"KERNEL_DISPATCH","Agent 2",1,0,1123883,4981,15,"__amd_rocclr_fillBufferUnAligned",4981,104093648301666,104093648303026,0,0,8,0,128,256,1,1,7680,1,1
"KERNEL_DISPATCH","Agent 2",1,0,1123883,5008,15,"__amd_rocclr_fillBufferUnAligned",5008,104093648435947,104093648437707,0,0,8,0,128,256,1,1,8192,1,1
"KERNEL_DISPATCH","Agent 2",1,0,1123883,3981,24,"gated_delta_net_q8_fast",3981,104091437362147,104091437939515,2048,0,64,0,128,32,1,1,1536,32,1
"KERNEL_DISPATCH","Agent 2",1,0,1123883,5003,15,"__amd_rocclr_fillBufferUnAligned",5003,104093648410427,104093648411707,0,0,8,0,128,256,1,1,7680,1,1
"KERNEL_DISPATCH","Agent 2",1,0,1123883,4993,15,"__amd_rocclr_fillBufferUnAligned",4993,104093648361426,104093648362786,0,0,8,0,128,256,1,1,7680,1,1
"KERNEL_DISPATCH","Agent 2",1,0,1123883,3976,20,"fused_rmsnorm_mq_rotate_awq_mq4v2_fp8_gfx12",3976,104091423231076,104091423915805,0,0,96,0,128,256,1,1,2097152,1,1
"KERNEL_DISPATCH","Agent 2",1,0,1123883,3971,20,"fused_rmsnorm_mq_rotate_awq_mq4v2_fp8_gfx12",3971,104091387753316,104091388426765,0,0,96,0,128,256,1,1,2097152,1,1
"KERNEL_DISPATCH","Agent 2",1,0,1123883,4983,15,"__amd_rocclr_fillBufferUnAligned",4983,104093648312266,104093648314026,0,0,8,0,128,256,1,1,7680,1,1
"KERNEL_DISPATCH","Agent 2",1,0,1123883,3966,24,"gated_delta_net_q8_fast",3966,104091381648073,104091382203801,2048,0,64,0,128,32,1,1,1536,32,1
"KERNEL_DISPATCH","Agent 2",1,0,1123883,3961,24,"gated_delta_net_q8_fast",3961,104091378823835,104091379390563,2048,0,64,0,128,32,1,1,1536,32,1
"KERNEL_DISPATCH","Agent 2",1,0,1123883,3398,20,"fused_rmsnorm_mq_rotate_awq_mq4v2_fp8_gfx12",3398,104089963737972,104089964418661,0,0,96,0,128,256,1,1,2097152,1,1
"KERNEL_DISPATCH","Agent 2",1,0,1123883,3956,24,"gated_delta_net_q8_fast",3956,104091375929476,104091376514684,2048,0,64,0,128,32,1,1,1536,32,1
"KERNEL_DISPATCH","Agent 2",1,0,1123883,3951,24,"gated_delta_net_q8_fast",3951,104091372977796,104091373569244,2048,0,64,0,128,32,1,1,1536,32,1
"KERNEL_DISPATCH","Agent 2",1,0,1123883,3939,49,"sigmoid_mul_f32",3939,104091319172548,104091320147321,0,0,16,0,128,256,1,1,50331648,1,1
"KERNEL_DISPATCH","Agent 2",1,0,1123883,3946,27,"pack_f32_to_fp8_mq4v2_gfx12",3946,104091348915751,104091350241688,512,0,24,0,128,256,1,1,2097152,1,1
"KERNEL_DISPATCH","Agent 2",1,0,1123883,3934,35,"rmsnorm_f32",3934,104091306255253,104091306475216,0,0,16,0,128,256,1,1,8388608,1,1
"KERNEL_DISPATCH","Agent 2",1,0,1123883,3929,27,"pack_f32_to_fp8_mq4v2_gfx12",3929,104091284543680,104091285871498,512,0,24,0,128,256,1,1,2097152,1,1
"KERNEL_DISPATCH","Agent 2",1,0,1123883,3941,27,"pack_f32_to_fp8_mq4v2_gfx12",3941,104091320802370,104091321304217,512,0,24,0,128,256,1,1,2097152,1,1
"KERNEL_DISPATCH","Agent 2",1,0,1123883,3936,37,"kv_cache_write_fp8_e4m3_batched",3936,104091306847581,104091306910502,0,0,56,0,128,32,1,1,128,8192,1
"KERNEL_DISPATCH","Agent 2",1,0,1123883,3924,27,"pack_f32_to_fp8_mq4v2_gfx12",3924,104091256313658,104091256815265,512,0,24,0,128,256,1,1,2097152,1,1
"KERNEL_DISPATCH","Agent 2",1,0,1123883,3931,20,"fused_rmsnorm_mq_rotate_awq_mq4v2_fp8_gfx12",3931,104091295810672,104091296492961,0,0,96,0,128,256,1,1,2097152,1,1
"KERNEL_DISPATCH","Agent 2",1,0,1123883,3919,24,"gated_delta_net_q8_fast",3919,104091253006573,104091253564021,2048,0,64,0,128,32,1,1,1536,32,1
"KERNEL_DISPATCH","Agent 2",1,0,1123883,3914,24,"gated_delta_net_q8_fast",3914,104091250163695,104091250733902,2048,0,64,0,128,32,1,1,1536,32,1
"KERNEL_DISPATCH","Agent 2",1,0,1123883,3926,20,"fused_rmsnorm_mq_rotate_awq_mq4v2_fp8_gfx12",3926,104091260188390,104091260861279,0,0,96,0,128,256,1,1,2097152,1,1
"KERNEL_DISPATCH","Agent 2",1,0,1123883,3909,24,"gated_delta_net_q8_fast",3909,104091247270095,104091247844823,2048,0,64,0,128,32,1,1,1536,32,1
"KERNEL_DISPATCH","Agent 2",1,0,1123883,3921,24,"gated_delta_net_q8_fast",3921,104091254126268,104091254679996,2048,0,64,0,128,32,1,1,1536,32,1
"KERNEL_DISPATCH","Agent 2",1,0,1123883,3904,21,"gemm_qkvza_mq4g256v2_wmma_fp8_v2_b128x128_gfx1201_symfold",3904,104091233233466,104091242841236,0,0,208,0,128,256,1,1,33024,64,1
"KERNEL_DISPATCH","Agent 2",1,0,1123883,3916,24,"gated_delta_net_q8_fast",3916,104091251308310,104091251872398,2048,0,64,0,128,32,1,1,1536,32,1
"KERNEL_DISPATCH","Agent 2",1,0,1123883,3899,30,"gemm_gate_up_mq4g256v2_wmma_fp8_v2_b128x128_gfx1201_symfold",3899,104091197805546,104091218551347,0,0,192,0,128,256,1,1,69632,64,1
"KERNEL_DISPATCH","Agent 2",1,0,1123883,3894,25,"gated_norm_f32",3894,104091191615423,104091192597356,0,0,24,0,128,32,1,1,1536,8192,1
"KERNEL_DISPATCH","Agent 2",1,0,1123883,3889,24,"gated_delta_net_q8_fast",3889,104091188806905,104091189373992,2048,0,64,0,128,32,1,1,1536,32,1
"KERNEL_DISPATCH","Agent 2",1,0,1123883,3884,24,"gated_delta_net_q8_fast",3884,104091185928786,104091186511354,2048,0,64,0,128,32,1,1,1536,32,1
"KERNEL_DISPATCH","Agent 2",1,0,1123883,3879,24,"gated_delta_net_q8_fast",3879,104091182992266,104091183573914,2048,0,64,0,128,32,1,1,1536,32,1
"KERNEL_DISPATCH","Agent 2",1,0,1123883,3874,29,"gemm_mq4g256v2_residual_wmma_fp8_v2_b128x128_gfx1201_symfold",3874,104091159586589,104091169529204,0,0,192,0,128,256,1,1,10240,64,1
"KERNEL_DISPATCH","Agent 2",1,0,1123883,3869,29,"gemm_mq4g256v2_residual_wmma_fp8_v2_b128x128_gfx1201_symfold",3869,104091130553477,104091133937642,0,0,192,0,128,256,1,1,10240,64,1
"KERNEL_DISPATCH","Agent 2",1,0,1123883,3864,24,"gated_delta_net_q8_fast",3864,104091127299073,104091127855360,2048,0,64,0,128,32,1,1,1536,32,1
"KERNEL_DISPATCH","Agent 2",1,0,1123883,3859,24,"gated_delta_net_q8_fast",3859,104091124465714,104091125034482,2048,0,64,0,128,32,1,1,1536,32,1
"KERNEL_DISPATCH","Agent 2",1,0,1123883,3854,24,"gated_delta_net_q8_fast",3854,104091121552075,104091122138643,2048,0,64,0,128,32,1,1,1536,32,1
"KERNEL_DISPATCH","Agent 2",1,0,1123883,3849,22,"gdn_pre_batched_gfx1201",3849,104091116471246,104091119156282,33280,0,224,0,128,256,1,1,2686976,1,1
"KERNEL_DISPATCH","Agent 2",1,0,1123883,3844,31,"fused_silu_mul_mq_rotate_awq",3844,104091092183757,104091095006716,0,0,56,0,128,32,1,1,2176,8192,1
"KERNEL_DISPATCH","Agent 2",1,0,1123883,5152,15,"__amd_rocclr_fillBufferUnAligned",5152,104093649197198,104093649198678,0,0,8,0,128,256,1,1,7680,1,1
"KERNEL_DISPATCH","Agent 2",1,0,1123883,5147,15,"__amd_rocclr_fillBufferUnAligned",5147,104093649172837,104093649174197,0,0,8,0,128,256,1,1,1536,1,1
"KERNEL_DISPATCH","Agent 2",1,0,1123883,3839,26,"rotate_x_mq_awq",3839,104091066249007,104091066883095,0,0,80,0,128,32,1,1,768,8192,1
"KERNEL_DISPATCH","Agent 2",1,0,1123883,5142,15,"__amd_rocclr_fillBufferUnAligned",5142,104093649148477,104093649149877,0,0,8,0,128,256,1,1,1536,1,1
"KERNEL_DISPATCH","Agent 2",1,0,1123883,3834,36,"rope_partial_halfsplit_batched_f32",3834,104091052615222,104091052980107,0,0,16,0,128,32,1,1,32,8192,1
"KERNEL_DISPATCH","Agent 2",1,0,1123883,3829,29,"gemm_mq4g256v2_residual_wmma_fp8_v2_b128x128_gfx1201_symfold",3829,104091032030304,104091041831676,0,0,192,0,128,256,1,1,10240,64,1
"KERNEL_DISPATCH","Agent 2",1,0,1123883,5137,15,"__amd_rocclr_fillBufferUnAligned",5137,104093649124237,104093649125557,0,0,8,0,128,256,1,1,1536,1,1
"KERNEL_DISPATCH","Agent 2",1,0,1123883,3824,29,"gemm_mq4g256v2_residual_wmma_fp8_v2_b128x128_gfx1201_symfold",3824,104091002973711,104091006318756,0,0,192,0,128,256,1,1,10240,64,1
"KERNEL_DISPATCH","Agent 2",1,0,1123883,3819,24,"gated_delta_net_q8_fast",3819,104090999715027,104091000274874,2048,0,64,0,128,32,1,1,1536,32,1
"KERNEL_DISPATCH","Agent 2",1,0,1123883,5132,15,"__amd_rocclr_fillBufferUnAligned",5132,104093649099796,104093649101316,0,0,8,0,128,256,1,1,1536,1,1
"KERNEL_DISPATCH","Agent 2",1,0,1123883,3814,24,"gated_delta_net_q8_fast",3814,104090996872828,104090997444956,2048,0,64,0,128,32,1,1,1536,32,1
"KERNEL_DISPATCH","Agent 2",1,0,1123883,3393,20,"fused_rmsnorm_mq_rotate_awq_mq4v2_fp8_gfx12",3393,104089928039689,104089928712538,0,0,96,0,128,256,1,1,2097152,1,1
"KERNEL_DISPATCH","Agent 2",1,0,1123883,3809,24,"gated_delta_net_q8_fast",3809,104090993967269,104090994546557,2048,0,64,0,128,32,1,1,1536,32,1
"KERNEL_DISPATCH","Agent 2",1,0,1123883,3804,22,"gdn_pre_batched_gfx1201",3804,104090988965121,104090991635277,33280,0,224,0,128,256,1,1,2686976,1,1
"KERNEL_DISPATCH","Agent 2",1,0,1123883,3388,24,"gated_delta_net_q8_fast",3388,104089921962767,104089922520734,2048,0,64,0,128,32,1,1,1536,32,1
"KERNEL_DISPATCH","Agent 2",1,0,1123883,3799,31,"fused_silu_mul_mq_rotate_awq",3799,104090964681153,104090967507231,0,0,56,0,128,32,1,1,2176,8192,1
"KERNEL_DISPATCH","Agent 2",1,0,1123883,3794,26,"rotate_x_mq_awq",3794,104090938705641,104090939328410,0,0,80,0,128,32,1,1,768,8192,1
"KERNEL_DISPATCH","Agent 2",1,0,1123883,3789,24,"gated_delta_net_q8_fast",3789,104090935451797,104090936014885,2048,0,64,0,128,32,1,1,1536,32,1
"KERNEL_DISPATCH","Agent 2",1,0,1123883,3784,24,"gated_delta_net_q8_fast",3784,104090932563158,104090933142726,2048,0,64,0,128,32,1,1,1536,32,1
"KERNEL_DISPATCH","Agent 2",1,0,1123883,3779,24,"gated_delta_net_q8_fast",3779,104090929598038,104090930187166,2048,0,64,0,128,32,1,1,1536,32,1
"KERNEL_DISPATCH","Agent 2",1,0,1123883,3774,20,"fused_rmsnorm_mq_rotate_awq_mq4v2_fp8_gfx12",3774,104090915484527,104090916168136,0,0,96,0,128,256,1,1,2097152,1,1
"KERNEL_DISPATCH","Agent 2",1,0,1123883,3769,20,"fused_rmsnorm_mq_rotate_awq_mq4v2_fp8_gfx12",3769,104090879972487,104090880647376,0,0,96,0,128,256,1,1,2097152,1,1
"KERNEL_DISPATCH","Agent 2",1,0,1123883,3764,24,"gated_delta_net_q8_fast",3764,104090873911565,104090874469412,2048,0,64,0,128,32,1,1,1536,32,1
"KERNEL_DISPATCH","Agent 2",1,0,1123883,3759,24,"gated_delta_net_q8_fast",3759,104090871074886,104090871643494,2048,0,64,0,128,32,1,1,1536,32,1
"KERNEL_DISPATCH","Agent 2",1,0,1123883,3754,24,"gated_delta_net_q8_fast",3754,104090868169687,104090868751975,2048,0,64,0,128,32,1,1,1536,32,1
"KERNEL_DISPATCH","Agent 2",1,0,1123883,3749,24,"gated_delta_net_q8_fast",3749,104090865234807,104090865827455,2048,0,64,0,128,32,1,1,1536,32,1
"KERNEL_DISPATCH","Agent 2",1,0,1123883,3911,24,"gated_delta_net_q8_fast",3911,104091248429551,104091249005199,2048,0,64,0,128,32,1,1,1536,32,1
"KERNEL_DISPATCH","Agent 2",1,0,1123883,3744,27,"pack_f32_to_fp8_mq4v2_gfx12",3744,104090841139041,104090842466699,512,0,24,0,128,256,1,1,2097152,1,1
"KERNEL_DISPATCH","Agent 2",1,0,1123883,3906,24,"gated_delta_net_q8_fast",3906,104091245528832,104091246108400,2048,0,64,0,128,32,1,1,1536,32,1
"KERNEL_DISPATCH","Agent 2",1,0,1123883,3901,27,"pack_f32_to_fp8_mq4v2_gfx12",3901,104091221398745,104091222727723,512,0,24,0,128,256,1,1,2097152,1,1
"KERNEL_DISPATCH","Agent 2",1,0,1123883,3896,27,"pack_f32_to_fp8_mq4v2_gfx12",3896,104091193246085,104091193748171,512,0,24,0,128,256,1,1,2097152,1,1
"KERNEL_DISPATCH","Agent 2",1,0,1123883,3739,27,"pack_f32_to_fp8_mq4v2_gfx12",3739,104090813121262,104090813621309,512,0,24,0,128,256,1,1,2097152,1,1
"KERNEL_DISPATCH","Agent 2",1,0,1123883,3734,37,"kv_cache_write_fp8_e4m3_batched",3734,104090799185874,104090799248915,0,0,56,0,128,32,1,1,128,8192,1
"KERNEL_DISPATCH","Agent 2",1,0,1123883,3891,24,"gated_delta_net_q8_fast",3891,104091189940920,104091190498967,2048,0,64,0,128,32,1,1,1536,32,1
"KERNEL_DISPATCH","Agent 2",1,0,1123883,3886,24,"gated_delta_net_q8_fast",3886,104091187092601,104091187664449,2048,0,64,0,128,32,1,1,1536,32,1
"KERNEL_DISPATCH","Agent 2",1,0,1123883,3729,20,"fused_rmsnorm_mq_rotate_awq_mq4v2_fp8_gfx12",3729,104090788079764,104090788763093,0,0,96,0,128,256,1,1,2097152,1,1
"KERNEL_DISPATCH","Agent 2",1,0,1123883,3881,24,"gated_delta_net_q8_fast",3881,104091184163762,104091184748810,2048,0,64,0,128,32,1,1,1536,32,1
"KERNEL_DISPATCH","Agent 2",1,0,1123883,3724,20,"fused_rmsnorm_mq_rotate_awq_mq4v2_fp8_gfx12",3724,104090752549723,104090753223772,0,0,96,0,128,256,1,1,2097152,1,1
"KERNEL_DISPATCH","Agent 2",1,0,1123883,3876,21,"gemm_qkvza_mq4g256v2_wmma_fp8_v2_b128x128_gfx1201_symfold",3876,104091170235053,104091179706341,0,0,208,0,128,256,1,1,33024,64,1
"KERNEL_DISPATCH","Agent 2",1,0,1123883,3871,30,"gemm_gate_up_mq4g256v2_wmma_fp8_v2_b128x128_gfx1201_symfold",3871,104091134635732,104091155406093,0,0,192,0,128,256,1,1,69632,64,1
"KERNEL_DISPATCH","Agent 2",1,0,1123883,3719,24,"gated_delta_net_q8_fast",3719,104090746488721,104090747037928,2048,0,64,0,128,32,1,1,1536,32,1
"KERNEL_DISPATCH","Agent 2",1,0,1123883,3866,25,"gated_norm_f32",3866,104091128418568,104091129401541,0,0,24,0,128,32,1,1,1536,8192,1
"KERNEL_DISPATCH","Agent 2",1,0,1123883,3714,24,"gated_delta_net_q8_fast",3714,104090743679443,104090744242051,2048,0,64,0,128,32,1,1,1536,32,1
"KERNEL_DISPATCH","Agent 2",1,0,1123883,3709,24,"gated_delta_net_q8_fast",3709,104090740807964,104090741382972,2048,0,64,0,128,32,1,1,1536,32,1
"KERNEL_DISPATCH","Agent 2",1,0,1123883,3704,24,"gated_delta_net_q8_fast",3704,104090737893565,104090738482093,2048,0,64,0,128,32,1,1,1536,32,1
"KERNEL_DISPATCH","Agent 2",1,0,1123883,3699,27,"pack_f32_to_fp8_mq4v2_gfx12",3699,104090713854599,104090715184137,512,0,24,0,128,256,1,1,2097152,1,1
"KERNEL_DISPATCH","Agent 2",1,0,1123883,3694,27,"pack_f32_to_fp8_mq4v2_gfx12",3694,104090685669298,104090686173465,512,0,24,0,128,256,1,1,2097152,1,1
"KERNEL_DISPATCH","Agent 2",1,0,1123883,5127,15,"__amd_rocclr_fillBufferUnAligned",5127,104093649074956,104093649076356,0,0,8,0,128,256,1,1,1536,1,1
"KERNEL_DISPATCH","Agent 2",1,0,1123883,3689,24,"gated_delta_net_q8_fast",3689,104090682357853,104090682918221,2048,0,64,0,128,32,1,1,1536,32,1
"KERNEL_DISPATCH","Agent 2",1,0,1123883,5122,15,"__amd_rocclr_fillBufferUnAligned",5122,104093649050716,104093649052156,0,0,8,0,128,256,1,1,1536,1,1
"KERNEL_DISPATCH","Agent 2",1,0,1123883,3684,24,"gated_delta_net_q8_fast",3684,104090679500775,104090680073902,2048,0,64,0,128,32,1,1,1536,32,1
"KERNEL_DISPATCH","Agent 2",1,0,1123883,5117,15,"__amd_rocclr_fillBufferUnAligned",5117,104093649026275,104093649027675,0,0,8,0,128,256,1,1,1536,1,1
"KERNEL_DISPATCH","Agent 2",1,0,1123883,3679,24,"gated_delta_net_q8_fast",3679,104090676554415,104090677148823,2048,0,64,0,128,32,1,1,1536,32,1
"KERNEL_DISPATCH","Agent 2",1,0,1123883,3383,24,"gated_delta_net_q8_fast",3383,104089919119288,104089919690096,2048,0,64,0,128,32,1,1,1536,32,1
"KERNEL_DISPATCH","Agent 2",1,0,1123883,3674,21,"gemm_qkvza_mq4g256v2_wmma_fp8_v2_b128x128_gfx1201_symfold",3674,104090662522785,104090672061194,0,0,208,0,128,256,1,1,33024,64,1
"KERNEL_DISPATCH","Agent 2",1,0,1123883,3669,30,"gemm_gate_up_mq4g256v2_wmma_fp8_v2_b128x128_gfx1201_symfold",3669,104090627057825,104090647883507,0,0,192,0,128,256,1,1,69632,64,1
"KERNEL_DISPATCH","Agent 2",1,0,1123883,3378,24,"gated_delta_net_q8_fast",3378,104089916197849,104089916786097,2048,0,64,0,128,32,1,1,1536,32,1
"KERNEL_DISPATCH","Agent 2",1,0,1123883,3373,24,"gated_delta_net_q8_fast",3373,104089913207808,104089913802736,2048,0,64,0,128,32,1,1,1536,32,1
"KERNEL_DISPATCH","Agent 2",1,0,1123883,3664,25,"gated_norm_f32",3664,104090620860741,104090621843315,0,0,24,0,128,32,1,1,1536,8192,1
"KERNEL_DISPATCH","Agent 2",1,0,1123883,3368,27,"pack_f32_to_fp8_mq4v2_gfx12",3368,104089889208924,104089890538302,512,0,24,0,128,256,1,1,2097152,1,1
"KERNEL_DISPATCH","Agent 2",1,0,1123883,3363,27,"pack_f32_to_fp8_mq4v2_gfx12",3363,104089861014022,104089861517429,512,0,24,0,128,256,1,1,2097152,1,1
"KERNEL_DISPATCH","Agent 2",1,0,1123883,3358,24,"gated_delta_net_q8_fast",3358,104089857694177,104089858257545,2048,0,64,0,128,32,1,1,1536,32,1
"KERNEL_DISPATCH","Agent 2",1,0,1123883,3353,24,"gated_delta_net_q8_fast",3353,104089854829539,104089855405826,2048,0,64,0,128,32,1,1,1536,32,1
"KERNEL_DISPATCH","Agent 2",1,0,1123883,3348,24,"gated_delta_net_q8_fast",3348,104089851895579,104089852479427,2048,0,64,0,128,32,1,1,1536,32,1
"KERNEL_DISPATCH","Agent 2",1,0,1123883,3343,21,"gemm_qkvza_mq4g256v2_wmma_fp8_v2_b128x128_gfx1201_symfold",3343,104089837920910,104089847429398,0,0,208,0,128,256,1,1,33024,64,1
"KERNEL_DISPATCH","Agent 2",1,0,1123883,3338,30,"gemm_gate_up_mq4g256v2_wmma_fp8_v2_b128x128_gfx1201_symfold",3338,104089802603512,104089823224191,0,0,192,0,128,256,1,1,69632,64,1
"KERNEL_DISPATCH","Agent 2",1,0,1123883,3333,49,"sigmoid_mul_f32",3333,104089796432629,104089797407082,0,0,16,0,128,256,1,1,50331648,1,1
"KERNEL_DISPATCH","Agent 2",1,0,1123883,3328,35,"rmsnorm_f32",3328,104089783453013,104089783674376,0,0,16,0,128,256,1,1,8388608,1,1
"KERNEL_DISPATCH","Agent 2",1,0,1123883,3323,27,"pack_f32_to_fp8_mq4v2_gfx12",3323,104089761774840,104089763102458,512,0,24,0,128,256,1,1,2097152,1,1
"KERNEL_DISPATCH","Agent 2",1,0,1123883,3318,27,"pack_f32_to_fp8_mq4v2_gfx12",3318,104089733567938,104089734068585,512,0,24,0,128,256,1,1,2097152,1,1
"KERNEL_DISPATCH","Agent 2",1,0,1123883,3313,24,"gated_delta_net_q8_fast",3313,104089730244813,104089730807061,2048,0,64,0,128,32,1,1,1536,32,1
"KERNEL_DISPATCH","Agent 2",1,0,1123883,3308,24,"gated_delta_net_q8_fast",3308,104089727363454,104089727940622,2048,0,64,0,128,32,1,1,1536,32,1
"KERNEL_DISPATCH","Agent 2",1,0,1123883,3303,24,"gated_delta_net_q8_fast",3303,104089724421134,104089725004462,2048,0,64,0,128,32,1,1,1536,32,1
"KERNEL_DISPATCH","Agent 2",1,0,1123883,3298,21,"gemm_qkvza_mq4g256v2_wmma_fp8_v2_b128x128_gfx1201_symfold",3298,104089710430265,104089719966994,0,0,208,0,128,256,1,1,33024,64,1
"KERNEL_DISPATCH","Agent 2",1,0,1123883,3293,30,"gemm_gate_up_mq4g256v2_wmma_fp8_v2_b128x128_gfx1201_symfold",3293,104089675060267,104089695751987,0,0,192,0,128,256,1,1,69632,64,1
"KERNEL_DISPATCH","Agent 2",1,0,1123883,5197,15,"__amd_rocclr_fillBufferUnAligned",5197,104093649410761,104093649413001,0,0,8,0,128,256,1,1,8192,1,1
"KERNEL_DISPATCH","Agent 2",1,0,1123883,5201,15,"__amd_rocclr_fillBufferUnAligned",5201,104093649433201,104093649435441,0,0,8,0,128,256,1,1,8192,1,1
"KERNEL_DISPATCH","Agent 2",1,0,1123883,5238,15,"__amd_rocclr_fillBufferUnAligned",5238,104093649638324,104093649640444,0,0,8,0,128,256,1,1,8192,1,1
"KERNEL_DISPATCH","Agent 2",1,0,1123883,3288,25,"gated_norm_f32",3288,104089668872943,104089669855076,0,0,24,0,128,32,1,1,1536,8192,1
"KERNEL_DISPATCH","Agent 2",1,0,1123883,3283,24,"gated_delta_net_q8_fast",3283,104089666017544,104089666592952,2048,0,64,0,128,32,1,1,1536,32,1
"KERNEL_DISPATCH","Agent 2",1,0,1123883,3278,24,"gated_delta_net_q8_fast",3278,104089663066504,104089663656552,2048,0,64,0,128,32,1,1,1536,32,1
"KERNEL_DISPATCH","Agent 2",1,0,1123883,3273,24,"gated_delta_net_q8_fast",3273,104089660137945,104089660720233,2048,0,64,0,128,32,1,1,1536,32,1
"KERNEL_DISPATCH","Agent 2",1,0,1123883,3268,29,"gemm_mq4g256v2_residual_wmma_fp8_v2_b128x128_gfx1201_symfold",3268,104089636769789,104089646551081,0,0,192,0,128,256,1,1,10240,64,1
"KERNEL_DISPATCH","Agent 2",1,0,1123883,3263,29,"gemm_mq4g256v2_residual_wmma_fp8_v2_b128x128_gfx1201_symfold",3263,104089607879038,104089611175482,0,0,192,0,128,256,1,1,10240,64,1
"KERNEL_DISPATCH","Agent 2",1,0,1123883,3258,24,"gated_delta_net_q8_fast",3258,104089604671154,104089605208642,2048,0,64,0,128,32,1,1,1536,32,1
"KERNEL_DISPATCH","Agent 2",1,0,1123883,3253,24,"gated_delta_net_q8_fast",3253,104089601957478,104089602500325,2048,0,64,0,128,32,1,1,1536,32,1
"KERNEL_DISPATCH","Agent 2",1,0,1123883,3248,24,"gated_delta_net_q8_fast",3248,104089599210441,104089599758008,2048,0,64,0,128,32,1,1,1536,32,1
"KERNEL_DISPATCH","Agent 2",1,0,1123883,2678,15,"__amd_rocclr_fillBufferUnAligned",2678,104089580824882,104089580826402,0,0,8,0,128,256,1,1,8192,1,1
"KERNEL_DISPATCH","Agent 2",1,0,1123883,2673,15,"__amd_rocclr_fillBufferUnAligned",2673,104089580800162,104089580801642,0,0,8,0,128,256,1,1,8192,1,1
"KERNEL_DISPATCH","Agent 2",1,0,1123883,2668,15,"__amd_rocclr_fillBufferUnAligned",2668,104089580774241,104089580776361,0,0,8,0,128,256,1,1,8192,1,1
"KERNEL_DISPATCH","Agent 2",1,0,1123883,2658,15,"__amd_rocclr_fillBufferUnAligned",2658,104089580718400,104089580720320,0,0,8,0,128,256,1,1,8192,1,1
"KERNEL_DISPATCH","Agent 2",1,0,1123883,2653,15,"__amd_rocclr_fillBufferUnAligned",2653,104089580691520,104089580693640,0,0,8,0,128,256,1,1,8192,1,1
"KERNEL_DISPATCH","Agent 2",1,0,1123883,2643,15,"__amd_rocclr_fillBufferUnAligned",2643,104089580636199,104089580638319,0,0,8,0,128,256,1,1,8192,1,1
"KERNEL_DISPATCH","Agent 2",1,0,1123883,2633,15,"__amd_rocclr_fillBufferUnAligned",2633,104089580579639,104089580581759,0,0,8,0,128,256,1,1,8192,1,1
"KERNEL_DISPATCH","Agent 2",1,0,1123883,2593,15,"__amd_rocclr_fillBufferUnAligned",2593,104089580376836,104089580378236,0,0,8,0,128,256,1,1,7680,1,1
"KERNEL_DISPATCH","Agent 2",1,0,1123883,2588,15,"__amd_rocclr_fillBufferUnAligned",2588,104089580351995,104089580353435,0,0,8,0,128,256,1,1,7680,1,1
"KERNEL_DISPATCH","Agent 2",1,0,1123883,2583,15,"__amd_rocclr_fillBufferUnAligned",2583,104089580326795,104089580328195,0,0,8,0,128,256,1,1,7680,1,1
"KERNEL_DISPATCH","Agent 2",1,0,1123883,2578,15,"__amd_rocclr_fillBufferUnAligned",2578,104089580302195,104089580303555,0,0,8,0,128,256,1,1,7680,1,1
"KERNEL_DISPATCH","Agent 2",1,0,1123883,2573,15,"__amd_rocclr_fillBufferUnAligned",2573,104089580277954,104089580279314,0,0,8,0,128,256,1,1,7680,1,1
"KERNEL_DISPATCH","Agent 2",1,0,1123883,1273,24,"gated_delta_net_q8_fast",1273,104086562096235,104086562649562,2048,0,64,0,128,32,1,1,1536,32,1
"KERNEL_DISPATCH","Agent 2",1,0,1123883,1268,24,"gated_delta_net_q8_fast",1268,104086559276636,104086559841724,2048,0,64,0,128,32,1,1,1536,32,1
"KERNEL_DISPATCH","Agent 2",1,0,1123883,1263,24,"gated_delta_net_q8_fast",1263,104086556375197,104086556959445,2048,0,64,0,128,32,1,1,1536,32,1
"KERNEL_DISPATCH","Agent 2",1,0,1123883,1258,22,"gdn_pre_batched_gfx1201",1258,104086551358009,104086554031686,33280,0,224,0,128,256,1,1,2686976,1,1
"KERNEL_DISPATCH","Agent 2",1,0,1123883,1253,31,"fused_silu_mul_mq_rotate_awq",1253,104086527241483,104086530063441,0,0,56,0,128,32,1,1,2176,8192,1
"KERNEL_DISPATCH","Agent 2",1,0,1123883,1248,26,"rotate_x_mq_awq",1248,104086501451054,104086502081663,0,0,80,0,128,32,1,1,768,8192,1
"KERNEL_DISPATCH","Agent 2",1,0,1123883,1243,36,"rope_partial_halfsplit_batched_f32",1243,104086487934111,104086488298356,0,0,16,0,128,32,1,1,32,8192,1
"KERNEL_DISPATCH","Agent 2",1,0,1123883,1238,29,"gemm_mq4g256v2_residual_wmma_fp8_v2_b128x128_gfx1201_symfold",1238,104086467413034,104086477137045,0,0,192,0,128,256,1,1,10240,64,1
"KERNEL_DISPATCH","Agent 2",1,0,1123883,1233,29,"gemm_mq4g256v2_residual_wmma_fp8_v2_b128x128_gfx1201_symfold",1233,104086438427522,104086441781767,0,0,192,0,128,256,1,1,10240,64,1
"KERNEL_DISPATCH","Agent 2",1,0,1123883,1228,24,"gated_delta_net_q8_fast",1228,104086435170798,104086435727805,2048,0,64,0,128,32,1,1,1536,32,1
"KERNEL_DISPATCH","Agent 2",1,0,1123883,1223,24,"gated_delta_net_q8_fast",1223,104086432333599,104086432902247,2048,0,64,0,128,32,1,1,1536,32,1
"KERNEL_DISPATCH","Agent 2",1,0,1123883,1218,24,"gated_delta_net_q8_fast",1218,104086429429320,104086430010088,2048,0,64,0,128,32,1,1,1536,32,1
"KERNEL_DISPATCH","Agent 2",1,0,1123883,1213,22,"gdn_pre_batched_gfx1201",1213,104086424413652,104086427080248,33280,0,224,0,128,256,1,1,2686976,1,1
"KERNEL_DISPATCH","Agent 2",1,0,1123883,1208,31,"fused_silu_mul_mq_rotate_awq",1208,104086400340366,104086403163045,0,0,56,0,128,32,1,1,2176,8192,1
"KERNEL_DISPATCH","Agent 2",1,0,1123883,1203,26,"rotate_x_mq_awq",1203,104086374502657,104086375125225,0,0,80,0,128,32,1,1,768,8192,1
"KERNEL_DISPATCH","Agent 2",1,0,1123883,1198,24,"gated_delta_net_q8_fast",1198,104086371252973,104086371816981,2048,0,64,0,128,32,1,1,1536,32,1
"KERNEL_DISPATCH","Agent 2",1,0,1123883,1193,24,"gated_delta_net_q8_fast",1193,104086368369614,104086368940022,2048,0,64,0,128,32,1,1,1536,32,1
"KERNEL_DISPATCH","Agent 2",1,0,1123883,1188,24,"gated_delta_net_q8_fast",1188,104086365521895,104086366088663,2048,0,64,0,128,32,1,1,1536,32,1
"KERNEL_DISPATCH","Agent 2",1,0,1123883,1183,20,"fused_rmsnorm_mq_rotate_awq_mq4v2_fp8_gfx12",1183,104086351572747,104086352251956,0,0,96,0,128,256,1,1,2097152,1,1
"KERNEL_DISPATCH","Agent 2",1,0,1123883,1178,20,"fused_rmsnorm_mq_rotate_awq_mq4v2_fp8_gfx12",1178,104086316109627,104086316781636,0,0,96,0,128,256,1,1,2097152,1,1
"KERNEL_DISPATCH","Agent 2",1,0,1123883,1173,24,"gated_delta_net_q8_fast",1173,104086310048745,104086310604392,2048,0,64,0,128,32,1,1,1536,32,1
"KERNEL_DISPATCH","Agent 2",1,0,1123883,1168,24,"gated_delta_net_q8_fast",1168,104086307216147,104086307783194,2048,0,64,0,128,32,1,1,1536,32,1
"KERNEL_DISPATCH","Agent 2",1,0,1123883,1163,24,"gated_delta_net_q8_fast",1163,104086304306907,104086304889715,2048,0,64,0,128,32,1,1,1536,32,1
"KERNEL_DISPATCH","Agent 2",1,0,1123883,1158,24,"gated_delta_net_q8_fast",1158,104086301394308,104086301976316,2048,0,64,0,128,32,1,1,1536,32,1
"KERNEL_DISPATCH","Agent 2",1,0,1123883,1153,27,"pack_f32_to_fp8_mq4v2_gfx12",1153,104086277424784,104086278751362,512,0,24,0,128,256,1,1,2097152,1,1
"KERNEL_DISPATCH","Agent 2",1,0,1123883,1148,27,"pack_f32_to_fp8_mq4v2_gfx12",1148,104086249536846,104086250035493,512,0,24,0,128,256,1,1,2097152,1,1
"KERNEL_DISPATCH","Agent 2",1,0,1123883,1143,37,"kv_cache_write_fp8_e4m3_batched",1143,104086235739100,104086235802181,0,0,56,0,128,32,1,1,128,8192,1
"KERNEL_DISPATCH","Agent 2",1,0,1123883,1138,20,"fused_rmsnorm_mq_rotate_awq_mq4v2_fp8_gfx12",1138,104086224685230,104086225365879,0,0,96,0,128,256,1,1,2097152,1,1
"KERNEL_DISPATCH","Agent 2",1,0,1123883,1133,20,"fused_rmsnorm_mq_rotate_awq_mq4v2_fp8_gfx12",1133,104086189230351,104086189901480,0,0,96,0,128,256,1,1,2097152,1,1
"KERNEL_DISPATCH","Agent 2",1,0,1123883,1128,24,"gated_delta_net_q8_fast",1128,104086183163588,104086183717316,2048,0,64,0,128,32,1,1,1536,32,1
"KERNEL_DISPATCH","Agent 2",1,0,1123883,1123,24,"gated_delta_net_q8_fast",1123,104086180353910,104086180915918,2048,0,64,0,128,32,1,1,1536,32,1
"KERNEL_DISPATCH","Agent 2",1,0,1123883,1118,24,"gated_delta_net_q8_fast",1118,104086177485992,104086178062399,2048,0,64,0,128,32,1,1,1536,32,1
"KERNEL_DISPATCH","Agent 2",1,0,1123883,1113,24,"gated_delta_net_q8_fast",1113,104086174578552,104086175161000,2048,0,64,0,128,32,1,1,1536,32,1
"KERNEL_DISPATCH","Agent 2",1,0,1123883,1108,27,"pack_f32_to_fp8_mq4v2_gfx12",1108,104086150620188,104086151948886,512,0,24,0,128,256,1,1,2097152,1,1
"KERNEL_DISPATCH","Agent 2",1,0,1123883,1103,27,"pack_f32_to_fp8_mq4v2_gfx12",1103,104086122528048,104086123031055,512,0,24,0,128,256,1,1,2097152,1,1
"KERNEL_DISPATCH","Agent 2",1,0,1123883,1098,24,"gated_delta_net_q8_fast",1098,104086119228844,104086119783251,2048,0,64,0,128,32,1,1,1536,32,1
"KERNEL_DISPATCH","Agent 2",1,0,1123883,1093,24,"gated_delta_net_q8_fast",1093,104086116396085,104086116965133,2048,0,64,0,128,32,1,1,1536,32,1
"KERNEL_DISPATCH","Agent 2",1,0,1123883,1088,24,"gated_delta_net_q8_fast",1088,104086113480446,104086114066334,2048,0,64,0,128,32,1,1,1536,32,1
"KERNEL_DISPATCH","Agent 2",1,0,1123883,1083,21,"gemm_qkvza_mq4g256v2_wmma_fp8_v2_b128x128_gfx1201_symfold",1083,104086099516497,104086109006785,0,0,208,0,128,256,1,1,33024,64,1
"KERNEL_DISPATCH","Agent 2",1,0,1123883,1078,30,"gemm_gate_up_mq4g256v2_wmma_fp8_v2_b128x128_gfx1201_symfold",1078,104086064205619,104086084923099,0,0,192,0,128,256,1,1,69632,64,1
"KERNEL_DISPATCH","Agent 2",1,0,1123883,1073,25,"gated_norm_f32",1073,104086058004295,104086058986069,0,0,24,0,128,32,1,1,1536,8192,1
"KERNEL_DISPATCH","Agent 2",1,0,1123883,1068,24,"gated_delta_net_q8_fast",1068,104086055215618,104086055772585,2048,0,64,0,128,32,1,1,1536,32,1
"KERNEL_DISPATCH","Agent 2",1,0,1123883,1063,24,"gated_delta_net_q8_fast",1063,104086052355219,104086052929187,2048,0,64,0,128,32,1,1,1536,32,1
"KERNEL_DISPATCH","Agent 2",1,0,1123883,1058,24,"gated_delta_net_q8_fast",1058,104086049473340,104086050042588,2048,0,64,0,128,32,1,1,1536,32,1
"KERNEL_DISPATCH","Agent 2",1,0,1123883,1053,29,"gemm_mq4g256v2_residual_wmma_fp8_v2_b128x128_gfx1201_symfold",1053,104086026237466,104086036132919,0,0,192,0,128,256,1,1,10240,64,1
"KERNEL_DISPATCH","Agent 2",1,0,1123883,1048,29,"gemm_mq4g256v2_residual_wmma_fp8_v2_b128x128_gfx1201_symfold",1048,104085997475036,104086000785401,0,0,192,0,128,256,1,1,10240,64,1
"KERNEL_DISPATCH","Agent 2",1,0,1123883,1043,37,"kv_cache_write_fp8_e4m3_batched",1043,104085983249484,104085983336485,0,0,56,0,128,32,1,1,128,8192,1
"KERNEL_DISPATCH","Agent 2",1,0,1123883,1038,32,"gemm_qkv_mq4g256v2_wmma_fp8_v2_b128x128_gfx1201_symfold",1038,104085972896584,104085981186696,0,0,192,0,128,256,1,1,28672,64,1
"KERNEL_DISPATCH","Agent 2",1,0,1123883,1033,30,"gemm_gate_up_mq4g256v2_wmma_fp8_v2_b128x128_gfx1201_symfold",1033,104085937462345,104085958097264,0,0,192,0,128,256,1,1,69632,64,1
"KERNEL_DISPATCH","Agent 2",1,0,1123883,1028,25,"gated_norm_f32",1028,104085931260261,104085932242674,0,0,24,0,128,32,1,1,1536,8192,1
"KERNEL_DISPATCH","Agent 2",1,0,1123883,1023,24,"gated_delta_net_q8_fast",1023,104085928479543,104085929035551,2048,0,64,0,128,32,1,1,1536,32,1
"KERNEL_DISPATCH","Agent 2",1,0,1123883,1018,24,"gated_delta_net_q8_fast",1018,104085925627865,104085926202232,2048,0,64,0,128,32,1,1,1536,32,1
"KERNEL_DISPATCH","Agent 2",1,0,1123883,1013,24,"gated_delta_net_q8_fast",1013,104085922711505,104085923288593,2048,0,64,0,128,32,1,1,1536,32,1
"KERNEL_DISPATCH","Agent 2",1,0,1123883,1008,29,"gemm_mq4g256v2_residual_wmma_fp8_v2_b128x128_gfx1201_symfold",1008,104085899471871,104085909310244,0,0,192,0,128,256,1,1,10240,64,1
"KERNEL_DISPATCH","Agent 2",1,0,1123883,1003,29,"gemm_mq4g256v2_residual_wmma_fp8_v2_b128x128_gfx1201_symfold",1003,104085870533319,104085873893205,0,0,192,0,128,256,1,1,10240,64,1
"KERNEL_DISPATCH","Agent 2",1,0,1123883,998,24,"gated_delta_net_q8_fast",998,104085867280635,104085867836723,2048,0,64,0,128,32,1,1,1536,32,1
"KERNEL_DISPATCH","Agent 2",1,0,1123883,993,24,"gated_delta_net_q8_fast",993,104085864435437,104085865007204,2048,0,64,0,128,32,1,1,1536,32,1
"KERNEL_DISPATCH","Agent 2",1,0,1123883,988,24,"gated_delta_net_q8_fast",988,104085861552798,104085862127085,2048,0,64,0,128,32,1,1,1536,32,1
"KERNEL_DISPATCH","Agent 2",1,0,1123883,983,22,"gdn_pre_batched_gfx1201",983,104085856560850,104085859228326,33280,0,224,0,128,256,1,1,2686976,1,1
"KERNEL_DISPATCH","Agent 2",1,0,1123883,978,31,"fused_silu_mul_mq_rotate_awq",978,104085832423884,104085835245402,0,0,56,0,128,32,1,1,2176,8192,1
"KERNEL_DISPATCH","Agent 2",1,0,1123883,973,26,"rotate_x_mq_awq",973,104085806454852,104085807079301,0,0,80,0,128,32,1,1,768,8192,1
"KERNEL_DISPATCH","Agent 2",1,0,1123883,968,24,"gated_delta_net_q8_fast",968,104085803199448,104085803765456,2048,0,64,0,128,32,1,1,1536,32,1
"KERNEL_DISPATCH","Agent 2",1,0,1123883,963,24,"gated_delta_net_q8_fast",963,104085800307649,104085800888297,2048,0,64,0,128,32,1,1,1536,32,1
"KERNEL_DISPATCH","Agent 2",1,0,1123883,958,24,"gated_delta_net_q8_fast",958,104085797372769,104085797951857,2048,0,64,0,128,32,1,1,1536,32,1
"KERNEL_DISPATCH","Agent 2",1,0,1123883,953,20,"fused_rmsnorm_mq_rotate_awq_mq4v2_fp8_gfx12",953,104085783276099,104085783961068,0,0,96,0,128,256,1,1,2097152,1,1
"KERNEL_DISPATCH","Agent 2",1,0,1123883,948,20,"fused_rmsnorm_mq_rotate_awq_mq4v2_fp8_gfx12",948,104085747876140,104085748544549,0,0,96,0,128,256,1,1,2097152,1,1
"KERNEL_DISPATCH","Agent 2",1,0,1123883,943,41,"attention_fp8_e4m3_fa2_gqa_packet_gfx1201",943,104085731223115,104085742440386,0,0,240,0,128,256,1,1,6144,4,16
"KERNEL_DISPATCH","Agent 2",1,0,1123883,933,31,"fused_silu_mul_mq_rotate_awq",933,104085707402352,104085710226831,0,0,56,0,128,32,1,1,2176,8192,1
"KERNEL_DISPATCH","Agent 2",1,0,1123883,928,26,"rotate_x_mq_awq",928,104085682784019,104085683409748,0,0,80,0,128,32,1,1,768,8192,1
"KERNEL_DISPATCH","Agent 2",1,0,1123883,923,24,"gated_delta_net_q8_fast",923,104085679664897,104085680190424,2048,0,64,0,128,32,1,1,1536,32,1
"KERNEL_DISPATCH","Agent 2",1,0,1123883,918,24,"gated_delta_net_q8_fast",918,104085677007661,104085677539388,2048,0,64,0,128,32,1,1,1536,32,1
"KERNEL_DISPATCH","Agent 2",1,0,1123883,913,24,"gated_delta_net_q8_fast",913,104085674323185,104085674854432,2048,0,64,0,128,32,1,1,1536,32,1
"KERNEL_DISPATCH","Agent 2",1,0,1123883,908,20,"fused_rmsnorm_mq_rotate_awq_mq4v2_fp8_gfx12",908,104085660919004,104085661593693,0,0,96,0,128,256,1,1,2097152,1,1
"KERNEL_DISPATCH","Agent 2",1,0,1123883,903,20,"fused_rmsnorm_mq_rotate_awq_mq4v2_fp8_gfx12",903,104085627157267,104085627830316,0,0,96,0,128,256,1,1,2097152,1,1
"KERNEL_DISPATCH","Agent 2",1,0,1123883,898,24,"gated_delta_net_q8_fast",898,104085621143745,104085621692513,2048,0,64,0,128,32,1,1,1536,32,1
"KERNEL_DISPATCH","Agent 2",1,0,1123883,3856,24,"gated_delta_net_q8_fast",3856,104091122727331,104091123307139,2048,0,64,0,128,32,1,1,1536,32,1
"KERNEL_DISPATCH","Agent 2",1,0,1123883,893,24,"gated_delta_net_q8_fast",893,104085618406468,104085618942676,2048,0,64,0,128,32,1,1,1536,32,1
"KERNEL_DISPATCH","Agent 2",1,0,1123883,3851,24,"gated_delta_net_q8_fast",3851,104091119766971,104091120356339,2048,0,64,0,128,32,1,1,1536,32,1
"KERNEL_DISPATCH","Agent 2",1,0,1123883,888,24,"gated_delta_net_q8_fast",888,104085615721472,104085616258239,2048,0,64,0,128,32,1,1,1536,32,1
"KERNEL_DISPATCH","Agent 2",1,0,1123883,3846,29,"gemm_mq4g256v2_residual_wmma_fp8_v2_b128x128_gfx1201_symfold",3846,104091096351974,104091106300708,0,0,192,0,128,256,1,1,10240,64,1
"KERNEL_DISPATCH","Agent 2",1,0,1123883,3249,24,"gated_delta_net_q8_fast",3249,104089599761408,104089600307535,2048,0,64,0,128,32,1,1,1536,32,1
"KERNEL_DISPATCH","Agent 2",1,0,1123883,3254,24,"gated_delta_net_q8_fast",3254,104089602503725,104089603043252,2048,0,64,0,128,32,1,1,1536,32,1
"KERNEL_DISPATCH","Agent 2",1,0,1123883,3841,29,"gemm_mq4g256v2_residual_wmma_fp8_v2_b128x128_gfx1201_symfold",3841,104091067397022,104091070752988,0,0,192,0,128,256,1,1,10240,64,1
"KERNEL_DISPATCH","Agent 2",1,0,1123883,5107,15,"__amd_rocclr_fillBufferUnAligned",5107,104093648977235,104093648978555,0,0,8,0,128,256,1,1,1536,1,1
"KERNEL_DISPATCH","Agent 2",1,0,1123883,3836,37,"kv_cache_write_fp8_e4m3_batched",3836,104091053051468,104091053138749,0,0,56,0,128,32,1,1,128,8192,1
"KERNEL_DISPATCH","Agent 2",1,0,1123883,3259,24,"gated_delta_net_q8_fast",3259,104089605212042,104089605745129,2048,0,64,0,128,32,1,1,1536,32,1
"KERNEL_DISPATCH","Agent 2",1,0,1123883,5097,15,"__amd_rocclr_fillBufferUnAligned",5097,104093648923594,104093648925954,0,0,8,0,128,256,1,1,8192,1,1
"KERNEL_DISPATCH","Agent 2",1,0,1123883,3831,32,"gemm_qkv_mq4g256v2_wmma_fp8_v2_b128x128_gfx1201_symfold",3831,104091042538886,104091050985000,0,0,192,0,128,256,1,1,28672,64,1
"KERNEL_DISPATCH","Agent 2",1,0,1123883,3264,20,"fused_rmsnorm_mq_rotate_awq_mq4v2_fp8_gfx12",3264,104089611187643,104089611859212,0,0,96,0,128,256,1,1,2097152,1,1
"KERNEL_DISPATCH","Agent 2",1,0,1123883,3826,30,"gemm_gate_up_mq4g256v2_wmma_fp8_v2_b128x128_gfx1201_symfold",3826,104091007014165,104091027852407,0,0,192,0,128,256,1,1,69632,64,1
"KERNEL_DISPATCH","Agent 2",1,0,1123883,3821,25,"gated_norm_f32",3821,104091000837082,104091001820095,0,0,24,0,128,32,1,1,1536,8192,1
"KERNEL_DISPATCH","Agent 2",1,0,1123883,3269,20,"fused_rmsnorm_mq_rotate_awq_mq4v2_fp8_gfx12",3269,104089646563321,104089647247570,0,0,96,0,128,256,1,1,2097152,1,1
"KERNEL_DISPATCH","Agent 2",1,0,1123883,3654,24,"gated_delta_net_q8_fast",3654,104090615150824,104090615736512,2048,0,64,0,128,32,1,1,1536,32,1
"KERNEL_DISPATCH","Agent 2",1,0,1123883,3274,24,"gated_delta_net_q8_fast",3274,104089660723753,104089661304441,2048,0,64,0,128,32,1,1,1536,32,1
"KERNEL_DISPATCH","Agent 2",1,0,1123883,3816,24,"gated_delta_net_q8_fast",3816,104090998017404,104090998581651,2048,0,64,0,128,32,1,1,1536,32,1
"KERNEL_DISPATCH","Agent 2",1,0,1123883,3279,24,"gated_delta_net_q8_fast",3279,104089663659992,104089664251880,2048,0,64,0,128,32,1,1,1536,32,1
"KERNEL_DISPATCH","Agent 2",1,0,1123883,3811,24,"gated_delta_net_q8_fast",3811,104090995133085,104090995711332,2048,0,64,0,128,32,1,1,1536,32,1
"KERNEL_DISPATCH","Agent 2",1,0,1123883,3284,24,"gated_delta_net_q8_fast",3284,104089666596352,104089667168240,2048,0,64,0,128,32,1,1,1536,32,1
"KERNEL_DISPATCH","Agent 2",1,0,1123883,3806,24,"gated_delta_net_q8_fast",3806,104090992230885,104090992805613,2048,0,64,0,128,32,1,1,1536,32,1
"KERNEL_DISPATCH","Agent 2",1,0,1123883,3289,26,"rotate_x_mq_awq",3289,104089669867316,104089670492245,0,0,80,0,128,32,1,1,768,8192,1
"KERNEL_DISPATCH","Agent 2",1,0,1123883,3801,29,"gemm_mq4g256v2_residual_wmma_fp8_v2_b128x128_gfx1201_symfold",3801,104090968852809,104090978732223,0,0,192,0,128,256,1,1,10240,64,1
"KERNEL_DISPATCH","Agent 2",1,0,1123883,3294,31,"fused_silu_mul_mq_rotate_awq",3294,104089695764387,104089698586505,0,0,56,0,128,32,1,1,2176,8192,1
"KERNEL_DISPATCH","Agent 2",1,0,1123883,3299,22,"gdn_pre_batched_gfx1201",3299,104089719979314,104089722652671,33280,0,224,0,128,256,1,1,2686976,1,1
"KERNEL_DISPATCH","Agent 2",1,0,1123883,3796,29,"gemm_mq4g256v2_residual_wmma_fp8_v2_b128x128_gfx1201_symfold",3796,104090939845657,104090943227102,0,0,192,0,128,256,1,1,10240,64,1
"KERNEL_DISPATCH","Agent 2",1,0,1123883,3791,24,"gated_delta_net_q8_fast",3791,104090936584333,104090937145100,2048,0,64,0,128,32,1,1,1536,32,1
"KERNEL_DISPATCH","Agent 2",1,0,1123883,3304,24,"gated_delta_net_q8_fast",3304,104089725007902,104089725591470,2048,0,64,0,128,32,1,1,1536,32,1
"KERNEL_DISPATCH","Agent 2",1,0,1123883,3786,24,"gated_delta_net_q8_fast",3786,104090933726374,104090934301942,2048,0,64,0,128,32,1,1,1536,32,1
"KERNEL_DISPATCH","Agent 2",1,0,1123883,3781,24,"gated_delta_net_q8_fast",3781,104090930785294,104090931379502,2048,0,64,0,128,32,1,1,1536,32,1
"KERNEL_DISPATCH","Agent 2",1,0,1123883,3309,24,"gated_delta_net_q8_fast",3309,104089727944062,104089728520550,2048,0,64,0,128,32,1,1,1536,32,1
"KERNEL_DISPATCH","Agent 2",1,0,1123883,3776,22,"gdn_pre_batched_gfx1201",3776,104090925722066,104090928402422,33280,0,224,0,128,256,1,1,2686976,1,1
"KERNEL_DISPATCH","Agent 2",1,0,1123883,3314,24,"gated_delta_net_q8_fast",3314,104089730810301,104089731371988,2048,0,64,0,128,32,1,1,1536,32,1
"KERNEL_DISPATCH","Agent 2",1,0,1123883,3771,31,"fused_silu_mul_mq_rotate_awq",3771,104090901475378,104090904298296,0,0,56,0,128,32,1,1,2176,8192,1
"KERNEL_DISPATCH","Agent 2",1,0,1123883,3319,29,"gemm_mq4g256v2_residual_wmma_fp8_v2_b128x128_gfx1201_symfold",3319,104089734071905,104089737436791,0,0,192,0,128,256,1,1,10240,64,1
"KERNEL_DISPATCH","Agent 2",1,0,1123883,3766,26,"rotate_x_mq_awq",3766,104090875468946,104090876093514,0,0,80,0,128,32,1,1,768,8192,1
"KERNEL_DISPATCH","Agent 2",1,0,1123883,3324,29,"gemm_mq4g256v2_residual_wmma_fp8_v2_b128x128_gfx1201_symfold",3324,104089763106378,104089772856830,0,0,192,0,128,256,1,1,10240,64,1
"KERNEL_DISPATCH","Agent 2",1,0,1123883,3761,24,"gated_delta_net_q8_fast",3761,104090872216062,104090872779309,2048,0,64,0,128,32,1,1,1536,32,1
"KERNEL_DISPATCH","Agent 2",1,0,1123883,3756,24,"gated_delta_net_q8_fast",3756,104090869341823,104090869918911,2048,0,64,0,128,32,1,1,1536,32,1
"KERNEL_DISPATCH","Agent 2",1,0,1123883,3649,24,"gated_delta_net_q8_fast",3649,104090612248345,104090612824913,2048,0,64,0,128,32,1,1,1536,32,1
"KERNEL_DISPATCH","Agent 2",1,0,1123883,3751,24,"gated_delta_net_q8_fast",3751,104090866417623,104090866997071,2048,0,64,0,128,32,1,1,1536,32,1
"KERNEL_DISPATCH","Agent 2",1,0,1123883,3746,20,"fused_rmsnorm_mq_rotate_awq_mq4v2_fp8_gfx12",3746,104090852319233,104090853001722,0,0,96,0,128,256,1,1,2097152,1,1
"KERNEL_DISPATCH","Agent 2",1,0,1123883,3644,29,"gemm_mq4g256v2_residual_wmma_fp8_v2_b128x128_gfx1201_symfold",3644,104090588890149,104090598768203,0,0,192,0,128,256,1,1,10240,64,1
"KERNEL_DISPATCH","Agent 2",1,0,1123883,3741,20,"fused_rmsnorm_mq_rotate_awq_mq4v2_fp8_gfx12",3741,104090816959834,104090817629243,0,0,96,0,128,256,1,1,2097152,1,1
"KERNEL_DISPATCH","Agent 2",1,0,1123883,3639,29,"gemm_mq4g256v2_residual_wmma_fp8_v2_b128x128_gfx1201_symfold",3639,104090559990198,104090563345963,0,0,192,0,128,256,1,1,10240,64,1
"KERNEL_DISPATCH","Agent 2",1,0,1123883,3634,37,"kv_cache_write_fp8_e4m3_batched",3634,104090545590443,104090545678244,0,0,56,0,128,32,1,1,128,8192,1
"KERNEL_DISPATCH","Agent 2",1,0,1123883,3629,32,"gemm_qkv_mq4g256v2_wmma_fp8_v2_b128x128_gfx1201_symfold",3629,104090535084301,104090543523815,0,0,192,0,128,256,1,1,28672,64,1
"KERNEL_DISPATCH","Agent 2",1,0,1123883,3736,41,"attention_fp8_e4m3_fa2_gqa_packet_gfx1201",3736,104090799353996,104090811476720,0,0,240,0,128,256,1,1,6144,4,16
"KERNEL_DISPATCH","Agent 2",1,0,1123883,3624,30,"gemm_gate_up_mq4g256v2_wmma_fp8_v2_b128x128_gfx1201_symfold",3624,104090499649222,104090520441463,0,0,192,0,128,256,1,1,69632,64,1
"KERNEL_DISPATCH","Agent 2",1,0,1123883,3731,33,"deinterleave_q_rmsnorm_f32_batched",3731,104090797196807,104090798582466,0,0,24,0,128,256,1,1,6144,8192,1
"KERNEL_DISPATCH","Agent 2",1,0,1123883,3619,25,"gated_norm_f32",3619,104090493413017,104090494396951,0,0,24,0,128,32,1,1,1536,8192,1
"KERNEL_DISPATCH","Agent 2",1,0,1123883,3614,24,"gated_delta_net_q8_fast",3614,104090490602939,104090491168587,2048,0,64,0,128,32,1,1,1536,32,1
"KERNEL_DISPATCH","Agent 2",1,0,1123883,3726,31,"fused_silu_mul_mq_rotate_awq",3726,104090774121015,104090776942653,0,0,56,0,128,32,1,1,2176,8192,1
"KERNEL_DISPATCH","Agent 2",1,0,1123883,3721,26,"rotate_x_mq_awq",3721,104090748035942,104090748661550,0,0,80,0,128,32,1,1,768,8192,1
"KERNEL_DISPATCH","Agent 2",1,0,1123883,3609,24,"gated_delta_net_q8_fast",3609,104090487719500,104090488303348,2048,0,64,0,128,32,1,1,1536,32,1
"KERNEL_DISPATCH","Agent 2",1,0,1123883,3604,24,"gated_delta_net_q8_fast",3604,104090484811901,104090485390709,2048,0,64,0,128,32,1,1,1536,32,1
"KERNEL_DISPATCH","Agent 2",1,0,1123883,3599,29,"gemm_mq4g256v2_residual_wmma_fp8_v2_b128x128_gfx1201_symfold",3599,104090461434745,104090471332959,0,0,192,0,128,256,1,1,10240,64,1
"KERNEL_DISPATCH","Agent 2",1,0,1123883,3594,29,"gemm_mq4g256v2_residual_wmma_fp8_v2_b128x128_gfx1201_symfold",3594,104090432435632,104090435810358,0,0,192,0,128,256,1,1,10240,64,1
"KERNEL_DISPATCH","Agent 2",1,0,1123883,3716,24,"gated_delta_net_q8_fast",3716,104090744809738,104090745368546,2048,0,64,0,128,32,1,1,1536,32,1
"KERNEL_DISPATCH","Agent 2",1,0,1123883,3589,24,"gated_delta_net_q8_fast",3589,104090429174548,104090429733436,2048,0,64,0,128,32,1,1,1536,32,1
"KERNEL_DISPATCH","Agent 2",1,0,1123883,3584,24,"gated_delta_net_q8_fast",3584,104090426324590,104090426895837,2048,0,64,0,128,32,1,1,1536,32,1
"KERNEL_DISPATCH","Agent 2",1,0,1123883,3579,24,"gated_delta_net_q8_fast",3579,104090423394750,104090423981718,2048,0,64,0,128,32,1,1,1536,32,1
"KERNEL_DISPATCH","Agent 2",1,0,1123883,3574,22,"gdn_pre_batched_gfx1201",3574,104090418370162,104090421040158,33280,0,224,0,128,256,1,1,2686976,1,1
"KERNEL_DISPATCH","Agent 2",1,0,1123883,3569,31,"fused_silu_mul_mq_rotate_awq",3569,104090394149755,104090396971593,0,0,56,0,128,32,1,1,2176,8192,1
"KERNEL_DISPATCH","Agent 2",1,0,1123883,3564,26,"rotate_x_mq_awq",3564,104090368080402,104090368705490,0,0,80,0,128,32,1,1,768,8192,1
"KERNEL_DISPATCH","Agent 2",1,0,1123883,3559,24,"gated_delta_net_q8_fast",3559,104090364820398,104090365387965,2048,0,64,0,128,32,1,1,1536,32,1
"KERNEL_DISPATCH","Agent 2",1,0,1123883,3554,24,"gated_delta_net_q8_fast",3554,104090361932119,104090362514847,2048,0,64,0,128,32,1,1,1536,32,1
"KERNEL_DISPATCH","Agent 2",1,0,1123883,3549,24,"gated_delta_net_q8_fast",3549,104090358999639,104090359578967,2048,0,64,0,128,32,1,1,1536,32,1
"KERNEL_DISPATCH","Agent 2",1,0,1123883,3544,20,"fused_rmsnorm_mq_rotate_awq_mq4v2_fp8_gfx12",3544,104090344902928,104090345584458,0,0,96,0,128,256,1,1,2097152,1,1
"KERNEL_DISPATCH","Agent 2",1,0,1123883,3539,20,"fused_rmsnorm_mq_rotate_awq_mq4v2_fp8_gfx12",3539,104090309567730,104090310238779,0,0,96,0,128,256,1,1,2097152,1,1
"KERNEL_DISPATCH","Agent 2",1,0,1123883,3534,41,"attention_fp8_e4m3_fa2_gqa_packet_gfx1201",3534,104090291871891,104090304081976,0,0,240,0,128,256,1,1,6144,4,16
"KERNEL_DISPATCH","Agent 2",1,0,1123883,3529,33,"deinterleave_q_rmsnorm_f32_batched",3529,104090289730062,104090291110641,0,0,24,0,128,256,1,1,6144,8192,1
"KERNEL_DISPATCH","Agent 2",1,0,1123883,3524,31,"fused_silu_mul_mq_rotate_awq",3524,104090266566389,104090269387947,0,0,56,0,128,32,1,1,2176,8192,1
"KERNEL_DISPATCH","Agent 2",1,0,1123883,3519,26,"rotate_x_mq_awq",3519,104090240590957,104090241216366,0,0,80,0,128,32,1,1,768,8192,1
"KERNEL_DISPATCH","Agent 2",1,0,1123883,3329,36,"rope_partial_halfsplit_batched_f32",3329,104089783677816,104089784041181,0,0,16,0,128,32,1,1,32,8192,1
"KERNEL_DISPATCH","Agent 2",1,0,1123883,3514,24,"gated_delta_net_q8_fast",3514,104090237342313,104090237907001,2048,0,64,0,128,32,1,1,1536,32,1
"KERNEL_DISPATCH","Agent 2",1,0,1123883,3334,26,"rotate_x_mq_awq",3334,104089797419202,104089798048450,0,0,80,0,128,32,1,1,768,8192,1
"KERNEL_DISPATCH","Agent 2",1,0,1123883,3509,24,"gated_delta_net_q8_fast",3509,104090234451074,104090235033202,2048,0,64,0,128,32,1,1,1536,32,1
"KERNEL_DISPATCH","Agent 2",1,0,1123883,5092,15,"__amd_rocclr_fillBufferUnAligned",5092,104093648894354,104093648896754,0,0,8,0,128,256,1,1,8192,1,1
"KERNEL_DISPATCH","Agent 2",1,0,1123883,5087,15,"__amd_rocclr_fillBufferUnAligned",5087,104093648867833,104093648869273,0,0,8,0,128,256,1,1,8192,1,1
"KERNEL_DISPATCH","Agent 2",1,0,1123883,5082,15,"__amd_rocclr_fillBufferUnAligned",5082,104093648840193,104093648842033,0,0,8,0,128,256,1,1,8192,1,1
"KERNEL_DISPATCH","Agent 2",1,0,1123883,3504,24,"gated_delta_net_q8_fast",3504,104090231486354,104090232076122,2048,0,64,0,128,32,1,1,1536,32,1
"KERNEL_DISPATCH","Agent 2",1,0,1123883,3499,20,"fused_rmsnorm_mq_rotate_awq_mq4v2_fp8_gfx12",3499,104090217402083,104090218085413,0,0,96,0,128,256,1,1,2097152,1,1
"KERNEL_DISPATCH","Agent 2",1,0,1123883,5077,15,"__amd_rocclr_fillBufferUnAligned",5077,104093648810752,104093648812992,0,0,8,0,128,256,1,1,8192,1,1
"KERNEL_DISPATCH","Agent 2",1,0,1123883,5072,15,"__amd_rocclr_fillBufferUnAligned",5072,104093648782072,104093648784512,0,0,8,0,128,256,1,1,8192,1,1
"KERNEL_DISPATCH","Agent 2",1,0,1123883,3494,20,"fused_rmsnorm_mq_rotate_awq_mq4v2_fp8_gfx12",3494,104090181924924,104090182599053,0,0,96,0,128,256,1,1,2097152,1,1
"KERNEL_DISPATCH","Agent 2",1,0,1123883,3489,24,"gated_delta_net_q8_fast",3489,104090175815481,104090176372848,2048,0,64,0,128,32,1,1,1536,32,1
"KERNEL_DISPATCH","Agent 2",1,0,1123883,3484,24,"gated_delta_net_q8_fast",3484,104090172988043,104090173558650,2048,0,64,0,128,32,1,1,1536,32,1
"KERNEL_DISPATCH","Agent 2",1,0,1123883,5067,15,"__amd_rocclr_fillBufferUnAligned",5067,104093648754792,104093648756792,0,0,8,0,128,256,1,1,8192,1,1
"KERNEL_DISPATCH","Agent 2",1,0,1123883,5062,15,"__amd_rocclr_fillBufferUnAligned",5062,104093648726951,104093648729031,0,0,8,0,128,256,1,1,8192,1,1
"KERNEL_DISPATCH","Agent 2",1,0,1123883,3479,24,"gated_delta_net_q8_fast",3479,104090170083643,104090170667091,2048,0,64,0,128,32,1,1,1536,32,1
"KERNEL_DISPATCH","Agent 2",1,0,1123883,3474,24,"gated_delta_net_q8_fast",3474,104090167165604,104090167749492,2048,0,64,0,128,32,1,1,1536,32,1
"KERNEL_DISPATCH","Agent 2",1,0,1123883,3469,27,"pack_f32_to_fp8_mq4v2_gfx12",3469,104090143009677,104090144340015,512,0,24,0,128,256,1,1,2097152,1,1
"KERNEL_DISPATCH","Agent 2",1,0,1123883,3464,27,"pack_f32_to_fp8_mq4v2_gfx12",3464,104090114804656,104090115311182,512,0,24,0,128,256,1,1,2097152,1,1
"KERNEL_DISPATCH","Agent 2",1,0,1123883,3459,24,"gated_delta_net_q8_fast",3459,104090111496491,104090112053658,2048,0,64,0,128,32,1,1,1536,32,1
"KERNEL_DISPATCH","Agent 2",1,0,1123883,3454,24,"gated_delta_net_q8_fast",3454,104090108653452,104090109223980,2048,0,64,0,128,32,1,1,1536,32,1
"KERNEL_DISPATCH","Agent 2",1,0,1123883,3711,24,"gated_delta_net_q8_fast",3711,104090741964460,104090742534827,2048,0,64,0,128,32,1,1,1536,32,1
"KERNEL_DISPATCH","Agent 2",1,0,1123883,3449,24,"gated_delta_net_q8_fast",3449,104090105779693,104090106350341,2048,0,64,0,128,32,1,1,1536,32,1
"KERNEL_DISPATCH","Agent 2",1,0,1123883,3706,24,"gated_delta_net_q8_fast",3706,104090739065541,104090739640348,2048,0,64,0,128,32,1,1,1536,32,1
"KERNEL_DISPATCH","Agent 2",1,0,1123883,3444,21,"gemm_qkvza_mq4g256v2_wmma_fp8_v2_b128x128_gfx1201_symfold",3444,104090091905826,104090101375954,0,0,208,0,128,256,1,1,33024,64,1
"KERNEL_DISPATCH","Agent 2",1,0,1123883,3701,20,"fused_rmsnorm_mq_rotate_awq_mq4v2_fp8_gfx12",3701,104090725036711,104090725718040,0,0,96,0,128,256,1,1,2097152,1,1
"KERNEL_DISPATCH","Agent 2",1,0,1123883,3696,20,"fused_rmsnorm_mq_rotate_awq_mq4v2_fp8_gfx12",3696,104090689541191,104090690214000,0,0,96,0,128,256,1,1,2097152,1,1
"KERNEL_DISPATCH","Agent 2",1,0,1123883,3691,24,"gated_delta_net_q8_fast",3691,104090683482949,104090684037476,2048,0,64,0,128,32,1,1,1536,32,1
"KERNEL_DISPATCH","Agent 2",1,0,1123883,3686,24,"gated_delta_net_q8_fast",3686,104090680652230,104090681221318,2048,0,64,0,128,32,1,1,1536,32,1
"KERNEL_DISPATCH","Agent 2",1,0,1123883,3681,24,"gated_delta_net_q8_fast",3681,104090677746631,104090678332759,2048,0,64,0,128,32,1,1,1536,32,1
"KERNEL_DISPATCH","Agent 2",1,0,1123883,3676,24,"gated_delta_net_q8_fast",3676,104090674769791,104090675365879,2048,0,64,0,128,32,1,1,1536,32,1
"KERNEL_DISPATCH","Agent 2",1,0,1123883,3671,27,"pack_f32_to_fp8_mq4v2_gfx12",3671,104090650727905,104090652055363,512,0,24,0,128,256,1,1,2097152,1,1
"KERNEL_DISPATCH","Agent 2",1,0,1123883,3666,27,"pack_f32_to_fp8_mq4v2_gfx12",3666,104090622491163,104090622993850,512,0,24,0,128,256,1,1,2097152,1,1
"KERNEL_DISPATCH","Agent 2",1,0,1123883,3661,24,"gated_delta_net_q8_fast",3661,104090619178119,104090619738926,2048,0,64,0,128,32,1,1,1536,32,1
"KERNEL_DISPATCH","Agent 2",1,0,1123883,3656,24,"gated_delta_net_q8_fast",3656,104090616320800,104090616895008,2048,0,64,0,128,32,1,1,1536,32,1
"KERNEL_DISPATCH","Agent 2",1,0,1123883,3651,24,"gated_delta_net_q8_fast",3651,104090613406601,104090613982488,2048,0,64,0,128,32,1,1,1536,32,1
"KERNEL_DISPATCH","Agent 2",1,0,1123883,3646,21,"gemm_qkvza_mq4g256v2_wmma_fp8_v2_b128x128_gfx1201_symfold",3646,104090599474932,104090608962900,0,0,208,0,128,256,1,1,33024,64,1
"KERNEL_DISPATCH","Agent 2",1,0,1123883,3641,30,"gemm_gate_up_mq4g256v2_wmma_fp8_v2_b128x128_gfx1201_symfold",3641,104090564040733,104090584711892,0,0,192,0,128,256,1,1,69632,64,1
"KERNEL_DISPATCH","Agent 2",1,0,1123883,3636,49,"sigmoid_mul_f32",3636,104090557855089,104090558829302,0,0,16,0,128,256,1,1,50331648,1,1
"KERNEL_DISPATCH","Agent 2",1,0,1123883,3631,35,"rmsnorm_f32",3631,104090544930314,104090545152797,0,0,16,0,128,256,1,1,8388608,1,1
"KERNEL_DISPATCH","Agent 2",1,0,1123883,3339,31,"fused_silu_mul_mq_rotate_awq",3339,104089823236351,104089826058909,0,0,56,0,128,32,1,1,2176,8192,1
"KERNEL_DISPATCH","Agent 2",1,0,1123883,3344,22,"gdn_pre_batched_gfx1201",3344,104089847441719,104089850119035,33280,0,224,0,128,256,1,1,2686976,1,1
"KERNEL_DISPATCH","Agent 2",1,0,1123883,3626,27,"pack_f32_to_fp8_mq4v2_gfx12",3626,104090523297742,104090524625200,512,0,24,0,128,256,1,1,2097152,1,1
"KERNEL_DISPATCH","Agent 2",1,0,1123883,3621,27,"pack_f32_to_fp8_mq4v2_gfx12",3621,104090495046999,104090495547326,512,0,24,0,128,256,1,1,2097152,1,1
"KERNEL_DISPATCH","Agent 2",1,0,1123883,3349,24,"gated_delta_net_q8_fast",3349,104089852482747,104089853070995,2048,0,64,0,128,32,1,1,1536,32,1
"KERNEL_DISPATCH","Agent 2",1,0,1123883,3354,24,"gated_delta_net_q8_fast",3354,104089855409186,104089855980234,2048,0,64,0,128,32,1,1,1536,32,1
"KERNEL_DISPATCH","Agent 2",1,0,1123883,3616,24,"gated_delta_net_q8_fast",3616,104090491734835,104090492292122,2048,0,64,0,128,32,1,1,1536,32,1
"KERNEL_DISPATCH","Agent 2",1,0,1123883,3359,24,"gated_delta_net_q8_fast",3359,104089858261025,104089858819513,2048,0,64,0,128,32,1,1,1536,32,1
"KERNEL_DISPATCH","Agent 2",1,0,1123883,3611,24,"gated_delta_net_q8_fast",3611,104090488883676,104090489456204,2048,0,64,0,128,32,1,1,1536,32,1
"KERNEL_DISPATCH","Agent 2",1,0,1123883,3364,29,"gemm_mq4g256v2_residual_wmma_fp8_v2_b128x128_gfx1201_symfold",3364,104089861520709,104089864917955,0,0,192,0,128,256,1,1,10240,64,1
"KERNEL_DISPATCH","Agent 2",1,0,1123883,3606,24,"gated_delta_net_q8_fast",3606,104090485971957,104090486546364,2048,0,64,0,128,32,1,1,1536,32,1
"KERNEL_DISPATCH","Agent 2",1,0,1123883,3369,29,"gemm_mq4g256v2_residual_wmma_fp8_v2_b128x128_gfx1201_symfold",3369,104089890542222,104089900243233,0,0,192,0,128,256,1,1,10240,64,1
"KERNEL_DISPATCH","Agent 2",1,0,1123883,3601,21,"gemm_qkvza_mq4g256v2_wmma_fp8_v2_b128x128_gfx1201_symfold",3601,104090472040088,104090481528297,0,0,208,0,128,256,1,1,33024,64,1
"KERNEL_DISPATCH","Agent 2",1,0,1123883,3374,24,"gated_delta_net_q8_fast",3374,104089913806056,104089914396144,2048,0,64,0,128,32,1,1,1536,32,1
"KERNEL_DISPATCH","Agent 2",1,0,1123883,3596,30,"gemm_gate_up_mq4g256v2_wmma_fp8_v2_b128x128_gfx1201_symfold",3596,104090436507248,104090457247168,0,0,192,0,128,256,1,1,69632,64,1
"KERNEL_DISPATCH","Agent 2",1,0,1123883,3379,24,"gated_delta_net_q8_fast",3379,104089916789497,104089917375225,2048,0,64,0,128,32,1,1,1536,32,1
"KERNEL_DISPATCH","Agent 2",1,0,1123883,5052,15,"__amd_rocclr_fillBufferUnAligned",5052,104093648673951,104093648675871,0,0,8,0,128,256,1,1,8192,1,1
"KERNEL_DISPATCH","Agent 2",1,0,1123883,3384,24,"gated_delta_net_q8_fast",3384,104089919693416,104089920263544,2048,0,64,0,128,32,1,1,1536,32,1
"KERNEL_DISPATCH","Agent 2",1,0,1123883,5047,15,"__amd_rocclr_fillBufferUnAligned",5047,104093648647070,104093648649110,0,0,8,0,128,256,1,1,8192,1,1
"KERNEL_DISPATCH","Agent 2",1,0,1123883,5042,15,"__amd_rocclr_fillBufferUnAligned",5042,104093648618870,104093648620870,0,0,8,0,128,256,1,1,8192,1,1
"KERNEL_DISPATCH","Agent 2",1,0,1123883,5037,15,"__amd_rocclr_fillBufferUnAligned",5037,104093648592269,104093648594150,0,0,8,0,128,256,1,1,8192,1,1
"KERNEL_DISPATCH","Agent 2",1,0,1123883,5032,15,"__amd_rocclr_fillBufferUnAligned",5032,104093648564869,104093648566869,0,0,8,0,128,256,1,1,8192,1,1
"KERNEL_DISPATCH","Agent 2",1,0,1123883,5022,15,"__amd_rocclr_fillBufferUnAligned",5022,104093648509628,104093648511588,0,0,8,0,128,256,1,1,8192,1,1
"KERNEL_DISPATCH","Agent 2",1,0,1123883,5017,15,"__amd_rocclr_fillBufferUnAligned",5017,104093648483548,104093648485388,0,0,8,0,128,256,1,1,8192,1,1
"KERNEL_DISPATCH","Agent 2",1,0,1123883,5012,15,"__amd_rocclr_fillBufferUnAligned",5012,104093648456828,104093648458508,0,0,8,0,128,256,1,1,8192,1,1
"KERNEL_DISPATCH","Agent 2",1,0,1123883,5002,15,"__amd_rocclr_fillBufferUnAligned",5002,104093648405707,104093648406947,0,0,8,0,128,256,1,1,7680,1,1
"KERNEL_DISPATCH","Agent 2",1,0,1123883,3439,30,"gemm_gate_up_mq4g256v2_wmma_fp8_v2_b128x128_gfx1201_symfold",3439,104090056376465,104090077043345,0,0,192,0,128,256,1,1,69632,64,1
"KERNEL_DISPATCH","Agent 2",1,0,1123883,4997,15,"__amd_rocclr_fillBufferUnAligned",4997,104093648380547,104093648381947,0,0,8,0,128,256,1,1,7680,1,1
"KERNEL_DISPATCH","Agent 2",1,0,1123883,4987,15,"__amd_rocclr_fillBufferUnAligned",4987,104093648332506,104093648333786,0,0,8,0,128,256,1,1,7680,1,1
"KERNEL_DISPATCH","Agent 2",1,0,1123883,4977,15,"__amd_rocclr_fillBufferUnAligned",4977,104093648281705,104093648283145,0,0,8,0,128,256,1,1,7680,1,1
"KERNEL_DISPATCH","Agent 2",1,0,1123883,4927,15,"__amd_rocclr_fillBufferUnAligned",4927,104093648025062,104093648026422,0,0,8,0,128,256,1,1,1536,1,1
"KERNEL_DISPATCH","Agent 2",1,0,1123883,4007,24,"gated_delta_net_q8_fast",4007,104091499364626,104091499950794,2048,0,64,0,128,32,1,1,1536,32,1
"KERNEL_DISPATCH","Agent 2",1,0,1123883,4002,27,"pack_f32_to_fp8_mq4v2_gfx12",4002,104091475233179,104091476564237,512,0,24,0,128,256,1,1,2097152,1,1
"KERNEL_DISPATCH","Agent 2",1,0,1123883,3997,27,"pack_f32_to_fp8_mq4v2_gfx12",3997,104091447046438,104091447549485,512,0,24,0,128,256,1,1,2097152,1,1
"KERNEL_DISPATCH","Agent 2",1,0,1123883,3992,24,"gated_delta_net_q8_fast",3992,104091443724033,104091444287281,2048,0,64,0,128,32,1,1,1536,32,1
"KERNEL_DISPATCH","Agent 2",1,0,1123883,3987,24,"gated_delta_net_q8_fast",3987,104091440866274,104091441444762,2048,0,64,0,128,32,1,1,1536,32,1
"KERNEL_DISPATCH","Agent 2",1,0,1123883,3982,24,"gated_delta_net_q8_fast",3982,104091437942835,104091438524923,2048,0,64,0,128,32,1,1,1536,32,1
"KERNEL_DISPATCH","Agent 2",1,0,1123883,3977,21,"gemm_qkvza_mq4g256v2_wmma_fp8_v2_b128x128_gfx1201_symfold",3977,104091423927885,104091433497615,0,0,208,0,128,256,1,1,33024,64,1
"KERNEL_DISPATCH","Agent 2",1,0,1123883,3972,30,"gemm_gate_up_mq4g256v2_wmma_fp8_v2_b128x128_gfx1201_symfold",3972,104091388438805,104091409306128,0,0,192,0,128,256,1,1,69632,64,1
"KERNEL_DISPATCH","Agent 2",1,0,1123883,3967,25,"gated_norm_f32",3967,104091382207241,104091383207774,0,0,24,0,128,32,1,1,1536,8192,1
"KERNEL_DISPATCH","Agent 2",1,0,1123883,3962,24,"gated_delta_net_q8_fast",3962,104091379393923,104091379955850,2048,0,64,0,128,32,1,1,1536,32,1
"KERNEL_DISPATCH","Agent 2",1,0,1123883,3957,24,"gated_delta_net_q8_fast",3957,104091376518044,104091377095532,2048,0,64,0,128,32,1,1,1536,32,1
"KERNEL_DISPATCH","Agent 2",1,0,1123883,3952,24,"gated_delta_net_q8_fast",3952,104091373572564,104091374157292,2048,0,64,0,128,32,1,1,1536,32,1
"KERNEL_DISPATCH","Agent 2",1,0,1123883,3947,29,"gemm_mq4g256v2_residual_wmma_fp8_v2_b128x128_gfx1201_symfold",3947,104091350245489,104091359998820,0,0,192,0,128,256,1,1,10240,64,1
"KERNEL_DISPATCH","Agent 2",1,0,1123883,3942,29,"gemm_mq4g256v2_residual_wmma_fp8_v2_b128x128_gfx1201_symfold",3942,104091321307537,104091324665662,0,0,192,0,128,256,1,1,10240,64,1
"KERNEL_DISPATCH","Agent 2",1,0,1123883,3937,37,"kv_cache_write_fp8_e4m3_batched",3937,104091306914022,104091307002184,0,0,56,0,128,32,1,1,128,8192,1
"KERNEL_DISPATCH","Agent 2",1,0,1123883,3932,32,"gemm_qkv_mq4g256v2_wmma_fp8_v2_b128x128_gfx1201_symfold",3932,104091296505042,104091304852434,0,0,192,0,128,256,1,1,28672,64,1
"KERNEL_DISPATCH","Agent 2",1,0,1123883,3927,30,"gemm_gate_up_mq4g256v2_wmma_fp8_v2_b128x128_gfx1201_symfold",3927,104091260873360,104091281696241,0,0,192,0,128,256,1,1,69632,64,1
"KERNEL_DISPATCH","Agent 2",1,0,1123883,3922,25,"gated_norm_f32",3922,104091254683356,104091255665689,0,0,24,0,128,32,1,1,1536,8192,1
"KERNEL_DISPATCH","Agent 2",1,0,1123883,3917,24,"gated_delta_net_q8_fast",3917,104091251875718,104091252438125,2048,0,64,0,128,32,1,1,1536,32,1
"KERNEL_DISPATCH","Agent 2",1,0,1123883,3591,25,"gated_norm_f32",3591,104090430295483,104090431277897,0,0,24,0,128,32,1,1,1536,8192,1
"KERNEL_DISPATCH","Agent 2",1,0,1123883,3912,24,"gated_delta_net_q8_fast",3912,104091249008519,104091249582327,2048,0,64,0,128,32,1,1,1536,32,1
"KERNEL_DISPATCH","Agent 2",1,0,1123883,3389,25,"gated_norm_f32",3389,104089922524174,104089923506228,0,0,24,0,128,32,1,1,1536,8192,1
"KERNEL_DISPATCH","Agent 2",1,0,1123883,3586,24,"gated_delta_net_q8_fast",3586,104090427473125,104090428039653,2048,0,64,0,128,32,1,1,1536,32,1
"KERNEL_DISPATCH","Agent 2",1,0,1123883,3907,24,"gated_delta_net_q8_fast",3907,104091246111760,104091246686528,2048,0,64,0,128,32,1,1,1536,32,1
"KERNEL_DISPATCH","Agent 2",1,0,1123883,3394,30,"gemm_gate_up_mq4g256v2_wmma_fp8_v2_b128x128_gfx1201_symfold",3394,104089928724778,104089949516420,0,0,192,0,128,256,1,1,69632,64,1
"KERNEL_DISPATCH","Agent 2",1,0,1123883,3581,24,"gated_delta_net_q8_fast",3581,104090424574446,104090425157934,2048,0,64,0,128,32,1,1,1536,32,1
"KERNEL_DISPATCH","Agent 2",1,0,1123883,3902,29,"gemm_mq4g256v2_residual_wmma_fp8_v2_b128x128_gfx1201_symfold",3902,104091222731604,104091232524736,0,0,192,0,128,256,1,1,10240,64,1
"KERNEL_DISPATCH","Agent 2",1,0,1123883,3576,24,"gated_delta_net_q8_fast",3576,104090421639166,104090422221254,2048,0,64,0,128,32,1,1,1536,32,1
"KERNEL_DISPATCH","Agent 2",1,0,1123883,3897,29,"gemm_mq4g256v2_residual_wmma_fp8_v2_b128x128_gfx1201_symfold",3897,104091193751531,104091197106457,0,0,192,0,128,256,1,1,10240,64,1
"KERNEL_DISPATCH","Agent 2",1,0,1123883,3571,29,"gemm_mq4g256v2_residual_wmma_fp8_v2_b128x128_gfx1201_symfold",3571,104090398317771,104090408142784,0,0,192,0,128,256,1,1,10240,64,1
"KERNEL_DISPATCH","Agent 2",1,0,1123883,3892,24,"gated_delta_net_q8_fast",3892,104091190502248,104091191055615,2048,0,64,0,128,32,1,1,1536,32,1
"KERNEL_DISPATCH","Agent 2",1,0,1123883,3566,29,"gemm_mq4g256v2_residual_wmma_fp8_v2_b128x128_gfx1201_symfold",3566,104090369221697,104090372582383,0,0,192,0,128,256,1,1,10240,64,1
"KERNEL_DISPATCH","Agent 2",1,0,1123883,3887,24,"gated_delta_net_q8_fast",3887,104091187667769,104091188235857,2048,0,64,0,128,32,1,1,1536,32,1
"KERNEL_DISPATCH","Agent 2",1,0,1123883,3561,24,"gated_delta_net_q8_fast",3561,104090365959013,104090366519981,2048,0,64,0,128,32,1,1,1536,32,1
"KERNEL_DISPATCH","Agent 2",1,0,1123883,3882,24,"gated_delta_net_q8_fast",3882,104091184752090,104091185341138,2048,0,64,0,128,32,1,1,1536,32,1
"KERNEL_DISPATCH","Agent 2",1,0,1123883,3556,24,"gated_delta_net_q8_fast",3556,104090363097814,104090363672062,2048,0,64,0,128,32,1,1,1536,32,1
"KERNEL_DISPATCH","Agent 2",1,0,1123883,3434,49,"sigmoid_mul_f32",3434,104090050233022,104090051206835,0,0,16,0,128,256,1,1,50331648,1,1
"KERNEL_DISPATCH","Agent 2",1,0,1123883,3551,24,"gated_delta_net_q8_fast",3551,104090360165335,104090360749223,2048,0,64,0,128,32,1,1,1536,32,1
"KERNEL_DISPATCH","Agent 2",1,0,1123883,3429,35,"rmsnorm_f32",3429,104090037274447,104090037493170,0,0,16,0,128,256,1,1,8388608,1,1
"KERNEL_DISPATCH","Agent 2",1,0,1123883,3424,27,"pack_f32_to_fp8_mq4v2_gfx12",3424,104090015480672,104090016809490,512,0,24,0,128,256,1,1,2097152,1,1
"KERNEL_DISPATCH","Agent 2",1,0,1123883,3546,22,"gdn_pre_batched_gfx1201",3546,104090355138827,104090357813623,33280,0,224,0,128,256,1,1,2686976,1,1
"KERNEL_DISPATCH","Agent 2",1,0,1123883,3541,31,"fused_silu_mul_mq_rotate_awq",3541,104090330937299,104090333760058,0,0,56,0,128,32,1,1,2176,8192,1
"KERNEL_DISPATCH","Agent 2",1,0,1123883,3536,26,"rotate_x_mq_awq",3536,104090305080110,104090305711398,0,0,80,0,128,32,1,1,768,8192,1
"KERNEL_DISPATCH","Agent 2",1,0,1123883,3531,36,"rope_partial_halfsplit_batched_f32",3531,104090291345724,104090291710329,0,0,16,0,128,32,1,1,32,8192,1
"KERNEL_DISPATCH","Agent 2",1,0,1123883,3526,29,"gemm_mq4g256v2_residual_wmma_fp8_v2_b128x128_gfx1201_symfold",3526,104090270731405,104090280576098,0,0,192,0,128,256,1,1,10240,64,1
"KERNEL_DISPATCH","Agent 2",1,0,1123883,3521,29,"gemm_mq4g256v2_residual_wmma_fp8_v2_b128x128_gfx1201_symfold",3521,104090241735213,104090245093338,0,0,192,0,128,256,1,1,10240,64,1
"KERNEL_DISPATCH","Agent 2",1,0,1123883,3516,24,"gated_delta_net_q8_fast",3516,104090238475489,104090239033696,2048,0,64,0,128,32,1,1,1536,32,1
"KERNEL_DISPATCH","Agent 2",1,0,1123883,3511,24,"gated_delta_net_q8_fast",3511,104090235618490,104090236192458,2048,0,64,0,128,32,1,1,1536,32,1
"KERNEL_DISPATCH","Agent 2",1,0,1123883,3506,24,"gated_delta_net_q8_fast",3506,104090232672690,104090233267018,2048,0,64,0,128,32,1,1,1536,32,1
"KERNEL_DISPATCH","Agent 2",1,0,1123883,3501,22,"gdn_pre_batched_gfx1201",3501,104090227614382,104090230294058,33280,0,224,0,128,256,1,1,2686976,1,1
"KERNEL_DISPATCH","Agent 2",1,0,1123883,3496,31,"fused_silu_mul_mq_rotate_awq",3496,104090203414054,104090206235972,0,0,56,0,128,32,1,1,2176,8192,1
"KERNEL_DISPATCH","Agent 2",1,0,1123883,3491,26,"rotate_x_mq_awq",3491,104090177370942,104090177996150,0,0,80,0,128,32,1,1,768,8192,1
"KERNEL_DISPATCH","Agent 2",1,0,1123883,3486,24,"gated_delta_net_q8_fast",3486,104090174132578,104090174690706,2048,0,64,0,128,32,1,1,1536,32,1
"KERNEL_DISPATCH","Agent 2",1,0,1123883,3481,24,"gated_delta_net_q8_fast",3481,104090171258179,104090171832307,2048,0,64,0,128,32,1,1,1536,32,1
"KERNEL_DISPATCH","Agent 2",1,0,1123883,3476,24,"gated_delta_net_q8_fast",3476,104090168336220,104090168911707,2048,0,64,0,128,32,1,1,1536,32,1
"KERNEL_DISPATCH","Agent 2",1,0,1123883,3471,20,"fused_rmsnorm_mq_rotate_awq_mq4v2_fp8_gfx12",3471,104090154168468,104090154852517,0,0,96,0,128,256,1,1,2097152,1,1
"KERNEL_DISPATCH","Agent 2",1,0,1123883,3466,20,"fused_rmsnorm_mq_rotate_awq_mq4v2_fp8_gfx12",3466,104090118701428,104090119373917,0,0,96,0,128,256,1,1,2097152,1,1
"KERNEL_DISPATCH","Agent 2",1,0,1123883,3461,24,"gated_delta_net_q8_fast",3461,104090112614466,104090113167913,2048,0,64,0,128,32,1,1,1536,32,1
"KERNEL_DISPATCH","Agent 2",1,0,1123883,3456,24,"gated_delta_net_q8_fast",3456,104090109797548,104090110364435,2048,0,64,0,128,32,1,1,1536,32,1
"KERNEL_DISPATCH","Agent 2",1,0,1123883,3451,24,"gated_delta_net_q8_fast",3451,104090106930469,104090107504117,2048,0,64,0,128,32,1,1,1536,32,1
"KERNEL_DISPATCH","Agent 2",1,0,1123883,3446,24,"gated_delta_net_q8_fast",3446,104090104051630,104090104627598,2048,0,64,0,128,32,1,1,1536,32,1
"KERNEL_DISPATCH","Agent 2",1,0,1123883,3441,27,"pack_f32_to_fp8_mq4v2_gfx12",3441,104090079888943,104090081216361,512,0,24,0,128,256,1,1,2097152,1,1
"KERNEL_DISPATCH","Agent 2",1,0,1123883,3399,21,"gemm_qkvza_mq4g256v2_wmma_fp8_v2_b128x128_gfx1201_symfold",3399,104089964430781,104089973818228,0,0,208,0,128,256,1,1,33024,64,1
"KERNEL_DISPATCH","Agent 2",1,0,1123883,3436,27,"pack_f32_to_fp8_mq4v2_gfx12",3436,104090051860924,104090052361971,512,0,24,0,128,256,1,1,2097152,1,1
"KERNEL_DISPATCH","Agent 2",1,0,1123883,3404,24,"gated_delta_net_q8_fast",3404,104089978252248,104089978833856,2048,0,64,0,128,32,1,1,1536,32,1
"KERNEL_DISPATCH","Agent 2",1,0,1123883,3431,37,"kv_cache_write_fp8_e4m3_batched",3431,104090037867975,104090037931016,0,0,56,0,128,32,1,1,128,8192,1
"KERNEL_DISPATCH","Agent 2",1,0,1123883,3409,24,"gated_delta_net_q8_fast",3409,104089981145127,104089981710415,2048,0,64,0,128,32,1,1,1536,32,1
"KERNEL_DISPATCH","Agent 2",1,0,1123883,3414,24,"gated_delta_net_q8_fast",3414,104089983964046,104089984518173,2048,0,64,0,128,32,1,1,1536,32,1
"KERNEL_DISPATCH","Agent 2",1,0,1123883,3426,20,"fused_rmsnorm_mq_rotate_awq_mq4v2_fp8_gfx12",3426,104090026798225,104090027480034,0,0,96,0,128,256,1,1,2097152,1,1
"KERNEL_DISPATCH","Agent 2",1,0,1123883,3421,20,"fused_rmsnorm_mq_rotate_awq_mq4v2_fp8_gfx12",3421,104089991132262,104089991805952,0,0,96,0,128,256,1,1,2097152,1,1
"KERNEL_DISPATCH","Agent 2",1,0,1123883,1985,29,"gemm_mq4g256v2_residual_wmma_fp8_v2_b128x128_gfx1201_symfold",1985,104088335964151,104088339327117,0,0,192,0,128,256,1,1,10240,64,1
"KERNEL_DISPATCH","Agent 2",1,0,1123883,3416,24,"gated_delta_net_q8_fast",3416,104089985076501,104089985626548,2048,0,64,0,128,32,1,1,1536,32,1
"KERNEL_DISPATCH","Agent 2",1,0,1123883,3877,22,"gdn_pre_batched_gfx1201",3877,104091179718462,104091182396338,33280,0,224,0,128,256,1,1,2686976,1,1
"KERNEL_DISPATCH","Agent 2",1,0,1123883,3411,24,"gated_delta_net_q8_fast",3411,104089982280583,104089982840430,2048,0,64,0,128,32,1,1,1536,32,1
"KERNEL_DISPATCH","Agent 2",1,0,1123883,1990,29,"gemm_mq4g256v2_residual_wmma_fp8_v2_b128x128_gfx1201_symfold",1990,104088364935663,104088374781437,0,0,192,0,128,256,1,1,10240,64,1
"KERNEL_DISPATCH","Agent 2",1,0,1123883,3872,31,"fused_silu_mul_mq_rotate_awq",3872,104091155418333,104091158239371,0,0,56,0,128,32,1,1,2176,8192,1
"KERNEL_DISPATCH","Agent 2",1,0,1123883,3419,27,"pack_f32_to_fp8_mq4v2_gfx12",3419,104089987264170,104089987764377,512,0,24,0,128,256,1,1,2097152,1,1
"KERNEL_DISPATCH","Agent 2",1,0,1123883,3867,26,"rotate_x_mq_awq",3867,104091129413661,104091130036190,0,0,80,0,128,32,1,1,768,8192,1
"KERNEL_DISPATCH","Agent 2",1,0,1123883,1995,24,"gated_delta_net_q8_fast",1995,104088388196858,104088388773346,2048,0,64,0,128,32,1,1,1536,32,1
"KERNEL_DISPATCH","Agent 2",1,0,1123883,3862,24,"gated_delta_net_q8_fast",3862,104091126173897,104091126733385,2048,0,64,0,128,32,1,1,1536,32,1
"KERNEL_DISPATCH","Agent 2",1,0,1123883,2000,24,"gated_delta_net_q8_fast",2000,104088391101737,104088391679025,2048,0,64,0,128,32,1,1,1536,32,1
"KERNEL_DISPATCH","Agent 2",1,0,1123883,3857,24,"gated_delta_net_q8_fast",3857,104091123310459,104091123884666,2048,0,64,0,128,32,1,1,1536,32,1
"KERNEL_DISPATCH","Agent 2",1,0,1123883,2005,24,"gated_delta_net_q8_fast",2005,104088393985776,104088394548104,2048,0,64,0,128,32,1,1,1536,32,1
"KERNEL_DISPATCH","Agent 2",1,0,1123883,3852,24,"gated_delta_net_q8_fast",3852,104091120359699,104091120951627,2048,0,64,0,128,32,1,1,1536,32,1
"KERNEL_DISPATCH","Agent 2",1,0,1123883,2010,25,"gated_norm_f32",2010,104088396798774,104088397781108,0,0,24,0,128,32,1,1,1536,8192,1
"KERNEL_DISPATCH","Agent 2",1,0,1123883,2015,30,"gemm_gate_up_mq4g256v2_wmma_fp8_v2_b128x128_gfx1201_symfold",2015,104088403000698,104088423761899,0,0,192,0,128,256,1,1,69632,64,1
"KERNEL_DISPATCH","Agent 2",1,0,1123883,3861,24,"gated_delta_net_q8_fast",3861,104091125607250,104091126170617,2048,0,64,0,128,32,1,1,1536,32,1
"KERNEL_DISPATCH","Agent 2",1,0,1123883,5112,15,"__amd_rocclr_fillBufferUnAligned",5112,104093649001835,104093649003195,0,0,8,0,128,256,1,1,1536,1,1
"KERNEL_DISPATCH","Agent 2",1,0,1123883,3659,24,"gated_delta_net_q8_fast",3659,104090618043343,104090618609751,2048,0,64,0,128,32,1,1,1536,32,1
"KERNEL_DISPATCH","Agent 2",1,0,1123883,3847,20,"fused_rmsnorm_mq_rotate_awq_mq4v2_fp8_gfx12",3847,104091106313109,104091106992598,0,0,96,0,128,256,1,1,2097152,1,1
"KERNEL_DISPATCH","Agent 2",1,0,1123883,2020,21,"gemm_qkvza_mq4g256v2_wmma_fp8_v2_b128x128_gfx1201_symfold",2020,104088438692141,104088448083348,0,0,208,0,128,256,1,1,33024,64,1
"KERNEL_DISPATCH","Agent 2",1,0,1123883,2025,24,"gated_delta_net_q8_fast",2025,104088452518048,104088453096576,2048,0,64,0,128,32,1,1,1536,32,1
"KERNEL_DISPATCH","Agent 2",1,0,1123883,3842,20,"fused_rmsnorm_mq_rotate_awq_mq4v2_fp8_gfx12",3842,104091070765108,104091071434917,0,0,96,0,128,256,1,1,2097152,1,1
"KERNEL_DISPATCH","Agent 2",1,0,1123883,2030,24,"gated_delta_net_q8_fast",2030,104088455413887,104088455979615,2048,0,64,0,128,32,1,1,1536,32,1
"KERNEL_DISPATCH","Agent 2",1,0,1123883,3837,41,"attention_fp8_e4m3_fa2_gqa_packet_gfx1201",3837,104091053142149,104091065243633,0,0,240,0,128,256,1,1,6144,4,16
"KERNEL_DISPATCH","Agent 2",1,0,1123883,2035,24,"gated_delta_net_q8_fast",2035,104088458238886,104088458792053,2048,0,64,0,128,32,1,1,1536,32,1
"KERNEL_DISPATCH","Agent 2",1,0,1123883,3832,33,"deinterleave_q_rmsnorm_f32_batched",3832,104091050997160,104091052377779,0,0,24,0,128,256,1,1,6144,8192,1
"KERNEL_DISPATCH","Agent 2",1,0,1123883,2040,27,"pack_f32_to_fp8_mq4v2_gfx12",2040,104088461535530,104088462038017,512,0,24,0,128,256,1,1,2097152,1,1
"KERNEL_DISPATCH","Agent 2",1,0,1123883,2050,35,"rmsnorm_f32",2050,104088511317964,104088511539447,0,0,16,0,128,256,1,1,8388608,1,1
"KERNEL_DISPATCH","Agent 2",1,0,1123883,3827,31,"fused_silu_mul_mq_rotate_awq",3827,104091027864567,104091030687006,0,0,56,0,128,32,1,1,2176,8192,1
"KERNEL_DISPATCH","Agent 2",1,0,1123883,2055,49,"sigmoid_mul_f32",2055,104088524164377,104088525138311,0,0,16,0,128,256,1,1,50331648,1,1
"KERNEL_DISPATCH","Agent 2",1,0,1123883,2060,30,"gemm_gate_up_mq4g256v2_wmma_fp8_v2_b128x128_gfx1201_symfold",2060,104088530319581,104088550978940,0,0,192,0,128,256,1,1,69632,64,1
"KERNEL_DISPATCH","Agent 2",1,0,1123883,3822,26,"rotate_x_mq_awq",3822,104091001832175,104091002456184,0,0,80,0,128,32,1,1,768,8192,1
"KERNEL_DISPATCH","Agent 2",1,0,1123883,2065,21,"gemm_qkvza_mq4g256v2_wmma_fp8_v2_b128x128_gfx1201_symfold",2065,104088565577698,104088575106547,0,0,208,0,128,256,1,1,33024,64,1
"KERNEL_DISPATCH","Agent 2",1,0,1123883,3817,24,"gated_delta_net_q8_fast",3817,104090998584931,104090999147819,2048,0,64,0,128,32,1,1,1536,32,1
"KERNEL_DISPATCH","Agent 2",1,0,1123883,3812,24,"gated_delta_net_q8_fast",3812,104090995714612,104090996293100,2048,0,64,0,128,32,1,1,1536,32,1
"KERNEL_DISPATCH","Agent 2",1,0,1123883,2070,24,"gated_delta_net_q8_fast",2070,104088579576367,104088580160655,2048,0,64,0,128,32,1,1,1536,32,1
"KERNEL_DISPATCH","Agent 2",1,0,1123883,2075,24,"gated_delta_net_q8_fast",2075,104088582500087,104088583072014,2048,0,64,0,128,32,1,1,1536,32,1
"KERNEL_DISPATCH","Agent 2",1,0,1123883,3807,24,"gated_delta_net_q8_fast",3807,104090992808933,104090993384661,2048,0,64,0,128,32,1,1,1536,32,1
"KERNEL_DISPATCH","Agent 2",1,0,1123883,3802,20,"fused_rmsnorm_mq_rotate_awq_mq4v2_fp8_gfx12",3802,104090978744583,104090979428912,0,0,96,0,128,256,1,1,2097152,1,1
"KERNEL_DISPATCH","Agent 2",1,0,1123883,2080,24,"gated_delta_net_q8_fast",2080,104088585354005,104088585913253,2048,0,64,0,128,32,1,1,1536,32,1
"KERNEL_DISPATCH","Agent 2",1,0,1123883,3797,20,"fused_rmsnorm_mq_rotate_awq_mq4v2_fp8_gfx12",3797,104090943239223,104090943914472,0,0,96,0,128,256,1,1,2097152,1,1
"KERNEL_DISPATCH","Agent 2",1,0,1123883,3792,24,"gated_delta_net_q8_fast",3792,104090937148380,104090937706348,2048,0,64,0,128,32,1,1,1536,32,1
"KERNEL_DISPATCH","Agent 2",1,0,1123883,2085,27,"pack_f32_to_fp8_mq4v2_gfx12",2085,104088588668490,104088589168217,512,0,24,0,128,256,1,1,2097152,1,1
"KERNEL_DISPATCH","Agent 2",1,0,1123883,2090,27,"pack_f32_to_fp8_mq4v2_gfx12",2090,104088616841871,104088618170489,512,0,24,0,128,256,1,1,2097152,1,1
"KERNEL_DISPATCH","Agent 2",1,0,1123883,3787,24,"gated_delta_net_q8_fast",3787,104090934305342,104090934876829,2048,0,64,0,128,32,1,1,1536,32,1
"KERNEL_DISPATCH","Agent 2",1,0,1123883,2095,24,"gated_delta_net_q8_fast",2095,104088640848756,104088641432444,2048,0,64,0,128,32,1,1,1536,32,1
"KERNEL_DISPATCH","Agent 2",1,0,1123883,3782,24,"gated_delta_net_q8_fast",3782,104090931382862,104090931970310,2048,0,64,0,128,32,1,1,1536,32,1
"KERNEL_DISPATCH","Agent 2",1,0,1123883,2100,24,"gated_delta_net_q8_fast",2100,104088643759955,104088644343723,2048,0,64,0,128,32,1,1,1536,32,1
"KERNEL_DISPATCH","Agent 2",1,0,1123883,2045,27,"pack_f32_to_fp8_mq4v2_gfx12",2045,104088489650671,104088490979808,512,0,24,0,128,256,1,1,2097152,1,1
"KERNEL_DISPATCH","Agent 2",1,0,1123883,2105,24,"gated_delta_net_q8_fast",2105,104088646659995,104088647228882,2048,0,64,0,128,32,1,1,1536,32,1
"KERNEL_DISPATCH","Agent 2",1,0,1123883,3777,24,"gated_delta_net_q8_fast",3777,104090928414462,104090929004550,2048,0,64,0,128,32,1,1,1536,32,1
"KERNEL_DISPATCH","Agent 2",1,0,1123883,2110,24,"gated_delta_net_q8_fast",2110,104088649482073,104088650035320,2048,0,64,0,128,32,1,1,1536,32,1
"KERNEL_DISPATCH","Agent 2",1,0,1123883,2115,20,"fused_rmsnorm_mq_rotate_awq_mq4v2_fp8_gfx12",2115,104088655545675,104088656217644,0,0,96,0,128,256,1,1,2097152,1,1
"KERNEL_DISPATCH","Agent 2",1,0,1123883,2120,20,"fused_rmsnorm_mq_rotate_awq_mq4v2_fp8_gfx12",2120,104088690849712,104088691533322,0,0,96,0,128,256,1,1,2097152,1,1
"KERNEL_DISPATCH","Agent 2",1,0,1123883,2125,24,"gated_delta_net_q8_fast",2125,104088704950663,104088705525831,2048,0,64,0,128,32,1,1,1536,32,1
"KERNEL_DISPATCH","Agent 2",1,0,1123883,2130,24,"gated_delta_net_q8_fast",2130,104088707848222,104088708419550,2048,0,64,0,128,32,1,1,1536,32,1
"KERNEL_DISPATCH","Agent 2",1,0,1123883,3772,27,"pack_f32_to_fp8_mq4v2_gfx12",3772,104090904310616,104090905639914,512,0,24,0,128,256,1,1,2097152,1,1
"KERNEL_DISPATCH","Agent 2",1,0,1123883,2135,24,"gated_delta_net_q8_fast",2135,104088710688021,104088711244348,2048,0,64,0,128,32,1,1,1536,32,1
"KERNEL_DISPATCH","Agent 2",1,0,1123883,3767,27,"pack_f32_to_fp8_mq4v2_gfx12",3767,104090876105594,104090876606681,512,0,24,0,128,256,1,1,2097152,1,1
"KERNEL_DISPATCH","Agent 2",1,0,1123883,2145,31,"fused_silu_mul_mq_rotate_awq",2145,104088739842895,104088742664053,0,0,56,0,128,32,1,1,2176,8192,1
"KERNEL_DISPATCH","Agent 2",1,0,1123883,3762,24,"gated_delta_net_q8_fast",3762,104090872782549,104090873346037,2048,0,64,0,128,32,1,1,1536,32,1
"KERNEL_DISPATCH","Agent 2",1,0,1123883,2150,33,"deinterleave_q_rmsnorm_f32_batched",2150,104088762993448,104088764382667,0,0,24,0,128,256,1,1,6144,8192,1
"KERNEL_DISPATCH","Agent 2",1,0,1123883,3757,24,"gated_delta_net_q8_fast",3757,104090869922311,104090870497159,2048,0,64,0,128,32,1,1,1536,32,1
"KERNEL_DISPATCH","Agent 2",1,0,1123883,3752,24,"gated_delta_net_q8_fast",3752,104090867000551,104090867580799,2048,0,64,0,128,32,1,1,1536,32,1
"KERNEL_DISPATCH","Agent 2",1,0,1123883,3747,21,"gemm_qkvza_mq4g256v2_wmma_fp8_v2_b128x128_gfx1201_symfold",3747,104090853013842,104090862533731,0,0,208,0,128,256,1,1,33024,64,1
"KERNEL_DISPATCH","Agent 2",1,0,1123883,3742,30,"gemm_gate_up_mq4g256v2_wmma_fp8_v2_b128x128_gfx1201_symfold",3742,104090817641363,104090838288883,0,0,192,0,128,256,1,1,69632,64,1
"KERNEL_DISPATCH","Agent 2",1,0,1123883,3737,49,"sigmoid_mul_f32",3737,104090811489240,104090812464053,0,0,16,0,128,256,1,1,50331648,1,1
"KERNEL_DISPATCH","Agent 2",1,0,1123883,3732,35,"rmsnorm_f32",3732,104090798594666,104090798813469,0,0,16,0,128,256,1,1,8388608,1,1
"KERNEL_DISPATCH","Agent 2",1,0,1123883,3727,27,"pack_f32_to_fp8_mq4v2_gfx12",3727,104090776954773,104090778283471,512,0,24,0,128,256,1,1,2097152,1,1
"KERNEL_DISPATCH","Agent 2",1,0,1123883,3722,27,"pack_f32_to_fp8_mq4v2_gfx12",3722,104090748673630,104090749174997,512,0,24,0,128,256,1,1,2097152,1,1
"KERNEL_DISPATCH","Agent 2",1,0,1123883,3717,24,"gated_delta_net_q8_fast",3717,104090745371866,104090745927313,2048,0,64,0,128,32,1,1,1536,32,1
"KERNEL_DISPATCH","Agent 2",1,0,1123883,3712,24,"gated_delta_net_q8_fast",3712,104090742538187,104090743107035,2048,0,64,0,128,32,1,1,1536,32,1
"KERNEL_DISPATCH","Agent 2",1,0,1123883,3707,24,"gated_delta_net_q8_fast",3707,104090739643788,104090740222916,2048,0,64,0,128,32,1,1,1536,32,1
"KERNEL_DISPATCH","Agent 2",1,0,1123883,3702,21,"gemm_qkvza_mq4g256v2_wmma_fp8_v2_b128x128_gfx1201_symfold",3702,104090725730120,104090735193168,0,0,208,0,128,256,1,1,33024,64,1
"KERNEL_DISPATCH","Agent 2",1,0,1123883,3697,30,"gemm_gate_up_mq4g256v2_wmma_fp8_v2_b128x128_gfx1201_symfold",3697,104090690226280,104090711008281,0,0,192,0,128,256,1,1,69632,64,1
"KERNEL_DISPATCH","Agent 2",1,0,1123883,2140,26,"rotate_x_mq_awq",2140,104088713911104,104088714536193,0,0,80,0,128,32,1,1,768,8192,1
"KERNEL_DISPATCH","Agent 2",1,0,1123883,3692,25,"gated_norm_f32",3692,104090684040956,104090685023569,0,0,24,0,128,32,1,1,1536,8192,1
"KERNEL_DISPATCH","Agent 2",1,0,1123883,3687,24,"gated_delta_net_q8_fast",3687,104090681224678,104090681788966,2048,0,64,0,128,32,1,1,1536,32,1
"KERNEL_DISPATCH","Agent 2",1,0,1123883,2160,20,"fused_rmsnorm_mq_rotate_awq_mq4v2_fp8_gfx12",2160,104088782689835,104088783361644,0,0,96,0,128,256,1,1,2097152,1,1
"KERNEL_DISPATCH","Agent 2",1,0,1123883,2155,41,"attention_fp8_e4m3_fa2_gqa_packet_gfx1201",2155,104088765142477,104088777199920,0,0,240,0,128,256,1,1,6144,4,16
"KERNEL_DISPATCH","Agent 2",1,0,1123883,3682,24,"gated_delta_net_q8_fast",3682,104090678336119,104090678916647,2048,0,64,0,128,32,1,1,1536,32,1
"KERNEL_DISPATCH","Agent 2",1,0,1123883,2165,20,"fused_rmsnorm_mq_rotate_awq_mq4v2_fp8_gfx12",2165,104088817994552,104088818676682,0,0,96,0,128,256,1,1,2097152,1,1
"KERNEL_DISPATCH","Agent 2",1,0,1123883,2170,24,"gated_delta_net_q8_fast",2170,104088832019182,104088832595950,2048,0,64,0,128,32,1,1,1536,32,1
"KERNEL_DISPATCH","Agent 2",1,0,1123883,3677,24,"gated_delta_net_q8_fast",3677,104090675369319,104090675959887,2048,0,64,0,128,32,1,1,1536,32,1
"KERNEL_DISPATCH","Agent 2",1,0,1123883,2175,24,"gated_delta_net_q8_fast",2175,104088834938142,104088835515709,2048,0,64,0,128,32,1,1,1536,32,1
"KERNEL_DISPATCH","Agent 2",1,0,1123883,2180,24,"gated_delta_net_q8_fast",2180,104088837816700,104088838380708,2048,0,64,0,128,32,1,1,1536,32,1
"KERNEL_DISPATCH","Agent 2",1,0,1123883,2185,26,"rotate_x_mq_awq",2185,104088841064744,104088841690473,0,0,80,0,128,32,1,1,768,8192,1
"KERNEL_DISPATCH","Agent 2",1,0,1123883,2190,31,"fused_silu_mul_mq_rotate_awq",2190,104088866987415,104088869810133,0,0,56,0,128,32,1,1,2176,8192,1
"KERNEL_DISPATCH","Agent 2",1,0,1123883,2195,22,"gdn_pre_batched_gfx1201",2195,104088891153542,104088893837898,33280,0,224,0,128,256,1,1,2686976,1,1
"KERNEL_DISPATCH","Agent 2",1,0,1123883,2200,24,"gated_delta_net_q8_fast",2200,104088896176770,104088896754658,2048,0,64,0,128,32,1,1,1536,32,1
"KERNEL_DISPATCH","Agent 2",1,0,1123883,2205,24,"gated_delta_net_q8_fast",2205,104088899085369,104088899656377,2048,0,64,0,128,32,1,1,1536,32,1
"KERNEL_DISPATCH","Agent 2",1,0,1123883,2210,24,"gated_delta_net_q8_fast",2210,104088901925648,104088902483375,2048,0,64,0,128,32,1,1,1536,32,1
"KERNEL_DISPATCH","Agent 2",1,0,1123883,2215,29,"gemm_mq4g256v2_residual_wmma_fp8_v2_b128x128_gfx1201_symfold",2215,104088905179772,104088908540737,0,0,192,0,128,256,1,1,10240,64,1
"KERNEL_DISPATCH","Agent 2",1,0,1123883,2220,29,"gemm_mq4g256v2_residual_wmma_fp8_v2_b128x128_gfx1201_symfold",2220,104088934194804,104088943937376,0,0,192,0,128,256,1,1,10240,64,1
"KERNEL_DISPATCH","Agent 2",1,0,1123883,2225,24,"gated_delta_net_q8_fast",2225,104088957401078,104088957978966,2048,0,64,0,128,32,1,1,1536,32,1
"KERNEL_DISPATCH","Agent 2",1,0,1123883,2230,24,"gated_delta_net_q8_fast",2230,104088960315038,104088960898726,2048,0,64,0,128,32,1,1,1536,32,1
"KERNEL_DISPATCH","Agent 2",1,0,1123883,2235,24,"gated_delta_net_q8_fast",2235,104088963214237,104088963779725,2048,0,64,0,128,32,1,1,1536,32,1
"KERNEL_DISPATCH","Agent 2",1,0,1123883,2240,25,"gated_norm_f32",2240,104088966044075,104088967026128,0,0,24,0,128,32,1,1,1536,8192,1
"KERNEL_DISPATCH","Agent 2",1,0,1123883,2245,30,"gemm_gate_up_mq4g256v2_wmma_fp8_v2_b128x128_gfx1201_symfold",2245,104088972234799,104088992942759,0,0,192,0,128,256,1,1,69632,64,1
"KERNEL_DISPATCH","Agent 2",1,0,1123883,2250,32,"gemm_qkv_mq4g256v2_wmma_fp8_v2_b128x128_gfx1201_symfold",2250,104089007824720,104089016150633,0,0,192,0,128,256,1,1,28672,64,1
"KERNEL_DISPATCH","Agent 2",1,0,1123883,2255,37,"kv_cache_write_fp8_e4m3_batched",2255,104089018224781,104089018313142,0,0,56,0,128,32,1,1,128,8192,1
"KERNEL_DISPATCH","Agent 2",1,0,1123883,2265,29,"gemm_mq4g256v2_residual_wmma_fp8_v2_b128x128_gfx1201_symfold",2265,104089061289324,104089071097056,0,0,192,0,128,256,1,1,10240,64,1
"KERNEL_DISPATCH","Agent 2",1,0,1123883,2270,24,"gated_delta_net_q8_fast",2270,104089084540558,104089085125166,2048,0,64,0,128,32,1,1,1536,32,1
"KERNEL_DISPATCH","Agent 2",1,0,1123883,2275,24,"gated_delta_net_q8_fast",2275,104089087481358,104089088055326,2048,0,64,0,128,32,1,1,1536,32,1
"KERNEL_DISPATCH","Agent 2",1,0,1123883,2280,24,"gated_delta_net_q8_fast",2280,104089090348117,104089090907364,2048,0,64,0,128,32,1,1,1536,32,1
"KERNEL_DISPATCH","Agent 2",1,0,1123883,3672,29,"gemm_mq4g256v2_residual_wmma_fp8_v2_b128x128_gfx1201_symfold",3672,104090652059283,104090661813015,0,0,192,0,128,256,1,1,10240,64,1
"KERNEL_DISPATCH","Agent 2",1,0,1123883,3667,29,"gemm_mq4g256v2_residual_wmma_fp8_v2_b128x128_gfx1201_symfold",3667,104090622997250,104090626359336,0,0,192,0,128,256,1,1,10240,64,1
"KERNEL_DISPATCH","Agent 2",1,0,1123883,2285,25,"gated_norm_f32",2285,104089093149355,104089094149288,0,0,24,0,128,32,1,1,1536,8192,1
"KERNEL_DISPATCH","Agent 2",1,0,1123883,3662,24,"gated_delta_net_q8_fast",3662,104090619742326,104090620300334,2048,0,64,0,128,32,1,1,1536,32,1
"KERNEL_DISPATCH","Agent 2",1,0,1123883,3657,24,"gated_delta_net_q8_fast",3657,104090616898288,104090617470696,2048,0,64,0,128,32,1,1,1536,32,1
"KERNEL_DISPATCH","Agent 2",1,0,1123883,3652,24,"gated_delta_net_q8_fast",3652,104090613985808,104090614562696,2048,0,64,0,128,32,1,1,1536,32,1
"KERNEL_DISPATCH","Agent 2",1,0,1123883,2290,30,"gemm_gate_up_mq4g256v2_wmma_fp8_v2_b128x128_gfx1201_symfold",2290,104089099389359,104089120105399,0,0,192,0,128,256,1,1,69632,64,1
"KERNEL_DISPATCH","Agent 2",1,0,1123883,3647,22,"gdn_pre_batched_gfx1201",3647,104090608975101,104090611649777,33280,0,224,0,128,256,1,1,2686976,1,1
"KERNEL_DISPATCH","Agent 2",1,0,1123883,3642,31,"fused_silu_mul_mq_rotate_awq",3642,104090584724333,104090587546371,0,0,56,0,128,32,1,1,2176,8192,1
"KERNEL_DISPATCH","Agent 2",1,0,1123883,2295,21,"gemm_qkvza_mq4g256v2_wmma_fp8_v2_b128x128_gfx1201_symfold",2295,104089134740037,104089144238166,0,0,208,0,128,256,1,1,33024,64,1
"KERNEL_DISPATCH","Agent 2",1,0,1123883,2300,24,"gated_delta_net_q8_fast",2300,104089148682346,104089149263314,2048,0,64,0,128,32,1,1,1536,32,1
"KERNEL_DISPATCH","Agent 2",1,0,1123883,2305,24,"gated_delta_net_q8_fast",2305,104089151609145,104089152184953,2048,0,64,0,128,32,1,1,1536,32,1
"KERNEL_DISPATCH","Agent 2",1,0,1123883,2310,24,"gated_delta_net_q8_fast",2310,104089154467864,104089155027032,2048,0,64,0,128,32,1,1,1536,32,1
"KERNEL_DISPATCH","Agent 2",1,0,1123883,2315,27,"pack_f32_to_fp8_mq4v2_gfx12",2315,104089157779189,104089158281076,512,0,24,0,128,256,1,1,2097152,1,1
"KERNEL_DISPATCH","Agent 2",1,0,1123883,2260,29,"gemm_mq4g256v2_residual_wmma_fp8_v2_b128x128_gfx1201_symfold",2260,104089032438533,104089035794899,0,0,192,0,128,256,1,1,10240,64,1
"KERNEL_DISPATCH","Agent 2",1,0,1123883,2320,27,"pack_f32_to_fp8_mq4v2_gfx12",2320,104089185935610,104089187265068,512,0,24,0,128,256,1,1,2097152,1,1
"KERNEL_DISPATCH","Agent 2",1,0,1123883,2325,24,"gated_delta_net_q8_fast",2325,104089210057736,104089210632944,2048,0,64,0,128,32,1,1,1536,32,1
"KERNEL_DISPATCH","Agent 2",1,0,1123883,2330,24,"gated_delta_net_q8_fast",2330,104089212953815,104089213531823,2048,0,64,0,128,32,1,1,1536,32,1
"KERNEL_DISPATCH","Agent 2",1,0,1123883,2335,24,"gated_delta_net_q8_fast",2335,104089215849495,104089216415422,2048,0,64,0,128,32,1,1,1536,32,1
"KERNEL_DISPATCH","Agent 2",1,0,1123883,2340,24,"gated_delta_net_q8_fast",2340,104089218666773,104089219222540,2048,0,64,0,128,32,1,1,1536,32,1
"KERNEL_DISPATCH","Agent 2",1,0,1123883,2345,20,"fused_rmsnorm_mq_rotate_awq_mq4v2_fp8_gfx12",2345,104089224753175,104089225425784,0,0,96,0,128,256,1,1,2097152,1,1
"KERNEL_DISPATCH","Agent 2",1,0,1123883,2350,20,"fused_rmsnorm_mq_rotate_awq_mq4v2_fp8_gfx12",2350,104089260098973,104089260782782,0,0,96,0,128,256,1,1,2097152,1,1
"KERNEL_DISPATCH","Agent 2",1,0,1123883,2360,27,"pack_f32_to_fp8_mq4v2_gfx12",2360,104089285349995,104089285851001,512,0,24,0,128,256,1,1,2097152,1,1
"KERNEL_DISPATCH","Agent 2",1,0,1123883,2355,37,"kv_cache_write_fp8_e4m3_batched",2355,104089271248044,104089271311605,0,0,56,0,128,32,1,1,128,8192,1
"KERNEL_DISPATCH","Agent 2",1,0,1123883,2365,27,"pack_f32_to_fp8_mq4v2_gfx12",2365,104089313397494,104089314729792,512,0,24,0,128,256,1,1,2097152,1,1
"KERNEL_DISPATCH","Agent 2",1,0,1123883,2370,24,"gated_delta_net_q8_fast",2370,104089337487580,104089338072468,2048,0,64,0,128,32,1,1,1536,32,1
"KERNEL_DISPATCH","Agent 2",1,0,1123883,2375,24,"gated_delta_net_q8_fast",2375,104089340404179,104089340978747,2048,0,64,0,128,32,1,1,1536,32,1
"KERNEL_DISPATCH","Agent 2",1,0,1123883,2380,24,"gated_delta_net_q8_fast",2380,104089343269458,104089343827026,2048,0,64,0,128,32,1,1,1536,32,1
"KERNEL_DISPATCH","Agent 2",1,0,1123883,2390,20,"fused_rmsnorm_mq_rotate_awq_mq4v2_fp8_gfx12",2390,104089352142498,104089352815067,0,0,96,0,128,256,1,1,2097152,1,1
"KERNEL_DISPATCH","Agent 2",1,0,1123883,3637,26,"rotate_x_mq_awq",3637,104090558841382,104090559472831,0,0,80,0,128,32,1,1,768,8192,1
"KERNEL_DISPATCH","Agent 2",1,0,1123883,2395,20,"fused_rmsnorm_mq_rotate_awq_mq4v2_fp8_gfx12",2395,104089387653099,104089388336188,0,0,96,0,128,256,1,1,2097152,1,1
"KERNEL_DISPATCH","Agent 2",1,0,1123883,3632,36,"rope_partial_halfsplit_batched_f32",3632,104090545156317,104090545520002,0,0,16,0,128,32,1,1,32,8192,1
"KERNEL_DISPATCH","Agent 2",1,0,1123883,2400,24,"gated_delta_net_q8_fast",2400,104089401738329,104089402327457,2048,0,64,0,128,32,1,1,1536,32,1
"KERNEL_DISPATCH","Agent 2",1,0,1123883,3627,29,"gemm_mq4g256v2_residual_wmma_fp8_v2_b128x128_gfx1201_symfold",3627,104090524629080,104090534376091,0,0,192,0,128,256,1,1,10240,64,1
"KERNEL_DISPATCH","Agent 2",1,0,1123883,3622,29,"gemm_mq4g256v2_residual_wmma_fp8_v2_b128x128_gfx1201_symfold",3622,104090495550646,104090498951332,0,0,192,0,128,256,1,1,10240,64,1
"KERNEL_DISPATCH","Agent 2",1,0,1123883,3617,24,"gated_delta_net_q8_fast",3617,104090492295442,104090492849450,2048,0,64,0,128,32,1,1,1536,32,1
"KERNEL_DISPATCH","Agent 2",1,0,1123883,3612,24,"gated_delta_net_q8_fast",3612,104090489459444,104090490026172,2048,0,64,0,128,32,1,1,1536,32,1
"KERNEL_DISPATCH","Agent 2",1,0,1123883,3607,24,"gated_delta_net_q8_fast",3607,104090486549644,104090487128492,2048,0,64,0,128,32,1,1,1536,32,1
"KERNEL_DISPATCH","Agent 2",1,0,1123883,3602,22,"gdn_pre_batched_gfx1201",3602,104090481540417,104090484214733,33280,0,224,0,128,256,1,1,2686976,1,1
"KERNEL_DISPATCH","Agent 2",1,0,1123883,3597,31,"fused_silu_mul_mq_rotate_awq",3597,104090457259488,104090460099247,0,0,56,0,128,32,1,1,2176,8192,1
"KERNEL_DISPATCH","Agent 2",1,0,1123883,2385,24,"gated_delta_net_q8_fast",2385,104089346069376,104089346619104,2048,0,64,0,128,32,1,1,1536,32,1
"KERNEL_DISPATCH","Agent 2",1,0,1123883,2410,24,"gated_delta_net_q8_fast",2410,104089407544648,104089408104815,2048,0,64,0,128,32,1,1,1536,32,1
"KERNEL_DISPATCH","Agent 2",1,0,1123883,2415,26,"rotate_x_mq_awq",2415,104089410783652,104089411407820,0,0,80,0,128,32,1,1,768,8192,1
"KERNEL_DISPATCH","Agent 2",1,0,1123883,2420,31,"fused_silu_mul_mq_rotate_awq",2420,104089436762803,104089439586401,0,0,56,0,128,32,1,1,2176,8192,1
"KERNEL_DISPATCH","Agent 2",1,0,1123883,3592,26,"rotate_x_mq_awq",3592,104090431289977,104090431916425,0,0,80,0,128,32,1,1,768,8192,1
"KERNEL_DISPATCH","Agent 2",1,0,1123883,2425,22,"gdn_pre_batched_gfx1201",2425,104089461070852,104089463757368,33280,0,224,0,128,256,1,1,2686976,1,1
"KERNEL_DISPATCH","Agent 2",1,0,1123883,3587,24,"gated_delta_net_q8_fast",3587,104090428043133,104090428607381,2048,0,64,0,128,32,1,1,1536,32,1
"KERNEL_DISPATCH","Agent 2",1,0,1123883,3582,24,"gated_delta_net_q8_fast",3582,104090425161414,104090425741622,2048,0,64,0,128,32,1,1,1536,32,1
"KERNEL_DISPATCH","Agent 2",1,0,1123883,2430,24,"gated_delta_net_q8_fast",2430,104089466087920,104089466664488,2048,0,64,0,128,32,1,1,1536,32,1
"KERNEL_DISPATCH","Agent 2",1,0,1123883,2435,24,"gated_delta_net_q8_fast",2435,104089468982599,104089469550487,2048,0,64,0,128,32,1,1,1536,32,1
"KERNEL_DISPATCH","Agent 2",1,0,1123883,2405,24,"gated_delta_net_q8_fast",2405,104089404683009,104089405258937,2048,0,64,0,128,32,1,1,1536,32,1
"KERNEL_DISPATCH","Agent 2",1,0,1123883,3577,24,"gated_delta_net_q8_fast",3577,104090422224814,104090422806342,2048,0,64,0,128,32,1,1,1536,32,1
"KERNEL_DISPATCH","Agent 2",1,0,1123883,2445,29,"gemm_mq4g256v2_residual_wmma_fp8_v2_b128x128_gfx1201_symfold",2445,104089475054761,104089478424607,0,0,192,0,128,256,1,1,10240,64,1
"KERNEL_DISPATCH","Agent 2",1,0,1123883,2450,29,"gemm_mq4g256v2_residual_wmma_fp8_v2_b128x128_gfx1201_symfold",2450,104089504117834,104089513893006,0,0,192,0,128,256,1,1,10240,64,1
"KERNEL_DISPATCH","Agent 2",1,0,1123883,3572,20,"fused_rmsnorm_mq_rotate_awq_mq4v2_fp8_gfx12",3572,104090408155224,104090408837913,0,0,96,0,128,256,1,1,2097152,1,1
"KERNEL_DISPATCH","Agent 2",1,0,1123883,2455,36,"rope_partial_halfsplit_batched_f32",2455,104089524695873,104089525058557,0,0,16,0,128,32,1,1,32,8192,1
"KERNEL_DISPATCH","Agent 2",1,0,1123883,2460,26,"rotate_x_mq_awq",2460,104089538341137,104089538973226,0,0,80,0,128,32,1,1,768,8192,1
"KERNEL_DISPATCH","Agent 2",1,0,1123883,2465,31,"fused_silu_mul_mq_rotate_awq",2465,104089564099966,104089566926884,0,0,56,0,128,32,1,1,2176,8192,1
"KERNEL_DISPATCH","Agent 2",1,0,1123883,2470,50,"mq_rotate_x",2470,104089578276757,104089578279117,0,0,32,0,128,32,1,1,640,1,1
"KERNEL_DISPATCH","Agent 2",1,0,1123883,2475,15,"__amd_rocclr_fillBufferUnAligned",2475,104089579549905,104089579551785,0,0,8,0,128,256,1,1,8192,1,1
"KERNEL_DISPATCH","Agent 2",1,0,1123883,2480,15,"__amd_rocclr_fillBufferUnAligned",2480,104089579588865,104089579590865,0,0,8,0,128,256,1,1,8192,1,1
"KERNEL_DISPATCH","Agent 2",1,0,1123883,2485,15,"__amd_rocclr_fillBufferUnAligned",2485,104089579615986,104089579617706,0,0,8,0,128,256,1,1,8192,1,1
"KERNEL_DISPATCH","Agent 2",1,0,1123883,2490,15,"__amd_rocclr_fillBufferUnAligned",2490,104089579655666,104089579657666,0,0,8,0,128,256,1,1,8192,1,1
"KERNEL_DISPATCH","Agent 2",1,0,1123883,2495,15,"__amd_rocclr_fillBufferUnAligned",2495,104089579682386,104089579694867,0,0,8,0,128,256,1,1,8192,1,1
"KERNEL_DISPATCH","Agent 2",1,0,1123883,2500,15,"__amd_rocclr_fillBufferUnAligned",2500,104089579720587,104089579722307,0,0,8,0,128,256,1,1,8192,1,1
"KERNEL_DISPATCH","Agent 2",1,0,1123883,2505,15,"__amd_rocclr_fillBufferUnAligned",2505,104089579746787,104089579748467,0,0,8,0,128,256,1,1,8192,1,1
"KERNEL_DISPATCH","Agent 2",1,0,1123883,2510,15,"__amd_rocclr_fillBufferUnAligned",2510,104089579785148,104089579786868,0,0,8,0,128,256,1,1,8192,1,1
"KERNEL_DISPATCH","Agent 2",1,0,1123883,2515,15,"__amd_rocclr_fillBufferUnAligned",2515,104089579822988,104089579824668,0,0,8,0,128,256,1,1,8192,1,1
"KERNEL_DISPATCH","Agent 2",1,0,1123883,2520,15,"__amd_rocclr_fillBufferUnAligned",2520,104089579873389,104089579875469,0,0,8,0,128,256,1,1,1536,1,1
"KERNEL_DISPATCH","Agent 2",1,0,1123883,2525,15,"__amd_rocclr_fillBufferUnAligned",2525,104089579923790,104089579925430,0,0,8,0,128,256,1,1,1536,1,1
"KERNEL_DISPATCH","Agent 2",1,0,1123883,2530,15,"__amd_rocclr_fillBufferUnAligned",2530,104089579948750,104089579950230,0,0,8,0,128,256,1,1,1536,1,1
"KERNEL_DISPATCH","Agent 2",1,0,1123883,2535,15,"__amd_rocclr_fillBufferUnAligned",2535,104089579986591,104089579987991,0,0,8,0,128,256,1,1,1536,1,1
"KERNEL_DISPATCH","Agent 2",1,0,1123883,2440,24,"gated_delta_net_q8_fast",2440,104089471806957,104089472361405,2048,0,64,0,128,32,1,1,1536,32,1
"KERNEL_DISPATCH","Agent 2",1,0,1123883,2540,15,"__amd_rocclr_fillBufferUnAligned",2540,104089580023111,104089580024511,0,0,8,0,128,256,1,1,1536,1,1
"KERNEL_DISPATCH","Agent 2",1,0,1123883,2550,15,"__amd_rocclr_fillBufferUnAligned",2550,104089580110312,104089580112152,0,0,8,0,128,256,1,1,1536,1,1
"KERNEL_DISPATCH","Agent 2",1,0,1123883,2555,15,"__amd_rocclr_fillBufferUnAligned",2555,104089580167073,104089580168633,0,0,8,0,128,256,1,1,1536,1,1
"KERNEL_DISPATCH","Agent 2",1,0,1123883,2560,15,"__amd_rocclr_fillBufferUnAligned",2560,104089580213554,104089580214954,0,0,8,0,128,256,1,1,1536,1,1
"KERNEL_DISPATCH","Agent 2",1,0,1123883,2565,15,"__amd_rocclr_fillBufferUnAligned",2565,104089580238354,104089580239874,0,0,8,0,128,256,1,1,1536,1,1
"KERNEL_DISPATCH","Agent 2",1,0,1123883,2570,15,"__amd_rocclr_fillBufferUnAligned",2570,104089580263234,104089580264714,0,0,8,0,128,256,1,1,7680,1,1
"KERNEL_DISPATCH","Agent 2",1,0,1123883,2575,15,"__amd_rocclr_fillBufferUnAligned",2575,104089580287635,104089580289115,0,0,8,0,128,256,1,1,7680,1,1
"KERNEL_DISPATCH","Agent 2",1,0,1123883,2580,15,"__amd_rocclr_fillBufferUnAligned",2580,104089580311915,104089580313475,0,0,8,0,128,256,1,1,7680,1,1
"KERNEL_DISPATCH","Agent 2",1,0,1123883,2585,15,"__amd_rocclr_fillBufferUnAligned",2585,104089580336475,104089580338035,0,0,8,0,128,256,1,1,7680,1,1
"KERNEL_DISPATCH","Agent 2",1,0,1123883,3401,24,"gated_delta_net_q8_fast",3401,104089976510705,104089977089833,2048,0,64,0,128,32,1,1,1536,32,1
"KERNEL_DISPATCH","Agent 2",1,0,1123883,3567,20,"fused_rmsnorm_mq_rotate_awq_mq4v2_fp8_gfx12",3567,104090372594623,104090373269992,0,0,96,0,128,256,1,1,2097152,1,1
"KERNEL_DISPATCH","Agent 2",1,0,1123883,3396,27,"pack_f32_to_fp8_mq4v2_gfx12",3396,104089952373458,104089953706236,512,0,24,0,128,256,1,1,2097152,1,1
"KERNEL_DISPATCH","Agent 2",1,0,1123883,3562,24,"gated_delta_net_q8_fast",3562,104090366523301,104090367082188,2048,0,64,0,128,32,1,1,1536,32,1
"KERNEL_DISPATCH","Agent 2",1,0,1123883,2590,15,"__amd_rocclr_fillBufferUnAligned",2590,104089580361796,104089580363156,0,0,8,0,128,256,1,1,7680,1,1
"KERNEL_DISPATCH","Agent 2",1,0,1123883,3391,27,"pack_f32_to_fp8_mq4v2_gfx12",3391,104089924155556,104089924654563,512,0,24,0,128,256,1,1,2097152,1,1
"KERNEL_DISPATCH","Agent 2",1,0,1123883,2595,15,"__amd_rocclr_fillBufferUnAligned",2595,104089580386436,104089580387836,0,0,8,0,128,256,1,1,7680,1,1
"KERNEL_DISPATCH","Agent 2",1,0,1123883,3557,24,"gated_delta_net_q8_fast",3557,104090363675342,104090364247030,2048,0,64,0,128,32,1,1,1536,32,1
"KERNEL_DISPATCH","Agent 2",1,0,1123883,3381,24,"gated_delta_net_q8_fast",3381,104089917962353,104089918540000,2048,0,64,0,128,32,1,1,1536,32,1
"KERNEL_DISPATCH","Agent 2",1,0,1123883,2600,15,"__amd_rocclr_fillBufferUnAligned",2600,104089580410596,104089580411916,0,0,8,0,128,256,1,1,7680,1,1
"KERNEL_DISPATCH","Agent 2",1,0,1123883,2605,15,"__amd_rocclr_fillBufferUnAligned",2605,104089580435277,104089580436557,0,0,8,0,128,256,1,1,7680,1,1
"KERNEL_DISPATCH","Agent 2",1,0,1123883,3552,24,"gated_delta_net_q8_fast",3552,104090360752623,104090361341231,2048,0,64,0,128,32,1,1,1536,32,1
"KERNEL_DISPATCH","Agent 2",1,0,1123883,2610,15,"__amd_rocclr_fillBufferUnAligned",2610,104089580459677,104089580460957,0,0,8,0,128,256,1,1,7680,1,1
"KERNEL_DISPATCH","Agent 2",1,0,1123883,3547,24,"gated_delta_net_q8_fast",3547,104090357825743,104090358412631,2048,0,64,0,128,32,1,1,1536,32,1
"KERNEL_DISPATCH","Agent 2",1,0,1123883,2615,15,"__amd_rocclr_fillBufferUnAligned",2615,104089580484317,104089580485637,0,0,8,0,128,256,1,1,7680,1,1
"KERNEL_DISPATCH","Agent 2",1,0,1123883,3542,27,"pack_f32_to_fp8_mq4v2_gfx12",3542,104090333772258,104090335100956,512,0,24,0,128,256,1,1,2097152,1,1
"KERNEL_DISPATCH","Agent 2",1,0,1123883,3537,27,"pack_f32_to_fp8_mq4v2_gfx12",3537,104090305723438,104090306224925,512,0,24,0,128,256,1,1,2097152,1,1
"KERNEL_DISPATCH","Agent 2",1,0,1123883,3532,37,"kv_cache_write_fp8_e4m3_batched",3532,104090291714169,104090291777530,0,0,56,0,128,32,1,1,128,8192,1
"KERNEL_DISPATCH","Agent 2",1,0,1123883,3527,20,"fused_rmsnorm_mq_rotate_awq_mq4v2_fp8_gfx12",3527,104090280588538,104090281271387,0,0,96,0,128,256,1,1,2097152,1,1
"KERNEL_DISPATCH","Agent 2",1,0,1123883,3522,20,"fused_rmsnorm_mq_rotate_awq_mq4v2_fp8_gfx12",3522,104090245105458,104090245779187,0,0,96,0,128,256,1,1,2097152,1,1
"KERNEL_DISPATCH","Agent 2",1,0,1123883,3517,24,"gated_delta_net_q8_fast",3517,104090239037056,104090239593304,2048,0,64,0,128,32,1,1,1536,32,1
"KERNEL_DISPATCH","Agent 2",1,0,1123883,3512,24,"gated_delta_net_q8_fast",3512,104090236195938,104090236767185,2048,0,64,0,128,32,1,1,1536,32,1
"KERNEL_DISPATCH","Agent 2",1,0,1123883,3507,24,"gated_delta_net_q8_fast",3507,104090233270418,104090233859306,2048,0,64,0,128,32,1,1,1536,32,1
"KERNEL_DISPATCH","Agent 2",1,0,1123883,3502,24,"gated_delta_net_q8_fast",3502,104090230306138,104090230895306,2048,0,64,0,128,32,1,1,1536,32,1
"KERNEL_DISPATCH","Agent 2",1,0,1123883,3497,27,"pack_f32_to_fp8_mq4v2_gfx12",3497,104090206248133,104090207577791,512,0,24,0,128,256,1,1,2097152,1,1
"KERNEL_DISPATCH","Agent 2",1,0,1123883,3492,27,"pack_f32_to_fp8_mq4v2_gfx12",3492,104090178008151,104090178511477,512,0,24,0,128,256,1,1,2097152,1,1
"KERNEL_DISPATCH","Agent 2",1,0,1123883,2545,15,"__amd_rocclr_fillBufferUnAligned",2545,104089580072672,104089580074032,0,0,8,0,128,256,1,1,1536,1,1
"KERNEL_DISPATCH","Agent 2",1,0,1123883,3487,24,"gated_delta_net_q8_fast",3487,104090174694026,104090175252033,2048,0,64,0,128,32,1,1,1536,32,1
"KERNEL_DISPATCH","Agent 2",1,0,1123883,2625,15,"__amd_rocclr_fillBufferUnAligned",2625,104089580537398,104089580539278,0,0,8,0,128,256,1,1,8192,1,1
"KERNEL_DISPATCH","Agent 2",1,0,1123883,3482,24,"gated_delta_net_q8_fast",3482,104090171835627,104090172409795,2048,0,64,0,128,32,1,1,1536,32,1
"KERNEL_DISPATCH","Agent 2",1,0,1123883,2630,15,"__amd_rocclr_fillBufferUnAligned",2630,104089580563838,104089580565718,0,0,8,0,128,256,1,1,8192,1,1
"KERNEL_DISPATCH","Agent 2",1,0,1123883,2635,15,"__amd_rocclr_fillBufferUnAligned",2635,104089580590959,104089580593279,0,0,8,0,128,256,1,1,8192,1,1
"KERNEL_DISPATCH","Agent 2",1,0,1123883,2640,15,"__amd_rocclr_fillBufferUnAligned",2640,104089580619199,104089580621159,0,0,8,0,128,256,1,1,8192,1,1
"KERNEL_DISPATCH","Agent 2",1,0,1123883,3477,24,"gated_delta_net_q8_fast",3477,104090168915028,104090169493235,2048,0,64,0,128,32,1,1,1536,32,1
"KERNEL_DISPATCH","Agent 2",1,0,1123883,3472,21,"gemm_qkvza_mq4g256v2_wmma_fp8_v2_b128x128_gfx1201_symfold",3472,104090154864637,104090164459007,0,0,208,0,128,256,1,1,33024,64,1
"KERNEL_DISPATCH","Agent 2",1,0,1123883,2645,15,"__amd_rocclr_fillBufferUnAligned",2645,104089580647599,104089580649800,0,0,8,0,128,256,1,1,8192,1,1
"KERNEL_DISPATCH","Agent 2",1,0,1123883,2650,15,"__amd_rocclr_fillBufferUnAligned",2650,104089580675160,104089580677080,0,0,8,0,128,256,1,1,8192,1,1
"KERNEL_DISPATCH","Agent 2",1,0,1123883,3467,30,"gemm_gate_up_mq4g256v2_wmma_fp8_v2_b128x128_gfx1201_symfold",3467,104090119385958,104090140164439,0,0,192,0,128,256,1,1,69632,64,1
"KERNEL_DISPATCH","Agent 2",1,0,1123883,2655,15,"__amd_rocclr_fillBufferUnAligned",2655,104089580702520,104089580704520,0,0,8,0,128,256,1,1,8192,1,1
"KERNEL_DISPATCH","Agent 2",1,0,1123883,2660,15,"__amd_rocclr_fillBufferUnAligned",2660,104089580729561,104089580731481,0,0,8,0,128,256,1,1,8192,1,1
"KERNEL_DISPATCH","Agent 2",1,0,1123883,3462,25,"gated_norm_f32",3462,104090113171353,104090114153887,0,0,24,0,128,32,1,1,1536,8192,1
"KERNEL_DISPATCH","Agent 2",1,0,1123883,2665,15,"__amd_rocclr_fillBufferUnAligned",2665,104089580757921,104089580759801,0,0,8,0,128,256,1,1,8192,1,1
"KERNEL_DISPATCH","Agent 2",1,0,1123883,3457,24,"gated_delta_net_q8_fast",3457,104090110367796,104090110929403,2048,0,64,0,128,32,1,1,1536,32,1
"KERNEL_DISPATCH","Agent 2",1,0,1123883,3452,24,"gated_delta_net_q8_fast",3452,104090107507437,104090108077445,2048,0,64,0,128,32,1,1,1536,32,1
"KERNEL_DISPATCH","Agent 2",1,0,1123883,2670,15,"__amd_rocclr_fillBufferUnAligned",2670,104089580785401,104089580786801,0,0,8,0,128,256,1,1,8192,1,1
"KERNEL_DISPATCH","Agent 2",1,0,1123883,2675,15,"__amd_rocclr_fillBufferUnAligned",2675,104089580810002,104089580811442,0,0,8,0,128,256,1,1,8192,1,1
"KERNEL_DISPATCH","Agent 2",1,0,1123883,3447,24,"gated_delta_net_q8_fast",3447,104090104630878,104090105202206,2048,0,64,0,128,32,1,1,1536,32,1
"KERNEL_DISPATCH","Agent 2",1,0,1123883,2680,15,"__amd_rocclr_fillBufferUnAligned",2680,104089580834642,104089580836082,0,0,8,0,128,256,1,1,8192,1,1
"KERNEL_DISPATCH","Agent 2",1,0,1123883,3442,29,"gemm_mq4g256v2_residual_wmma_fp8_v2_b128x128_gfx1201_symfold",3442,104090081220161,104090091202256,0,0,192,0,128,256,1,1,10240,64,1
"KERNEL_DISPATCH","Agent 2",1,0,1123883,2685,15,"__amd_rocclr_fillBufferUnAligned",2685,104089580860602,104089580862282,0,0,8,0,128,256,1,1,8192,1,1
"KERNEL_DISPATCH","Agent 2",1,0,1123883,3376,24,"gated_delta_net_q8_fast",3376,104089914997833,104089915597241,2048,0,64,0,128,32,1,1,1536,32,1
"KERNEL_DISPATCH","Agent 2",1,0,1123883,3437,29,"gemm_mq4g256v2_residual_wmma_fp8_v2_b128x128_gfx1201_symfold",3437,104090052365331,104090055682216,0,0,192,0,128,256,1,1,10240,64,1
"KERNEL_DISPATCH","Agent 2",1,0,1123883,2690,15,"__amd_rocclr_fillBufferUnAligned",2690,104089580886123,104089580887563,0,0,8,0,128,256,1,1,8192,1,1
"KERNEL_DISPATCH","Agent 2",1,0,1123883,3371,21,"gemm_qkvza_mq4g256v2_wmma_fp8_v2_b128x128_gfx1201_symfold",3371,104089900951123,104089910507252,0,0,208,0,128,256,1,1,33024,64,1
"KERNEL_DISPATCH","Agent 2",1,0,1123883,2620,15,"__amd_rocclr_fillBufferUnAligned",2620,104089580510958,104089580512638,0,0,8,0,128,256,1,1,8192,1,1
"KERNEL_DISPATCH","Agent 2",1,0,1123883,3432,37,"kv_cache_write_fp8_e4m3_batched",3432,104090037934536,104090038020537,0,0,56,0,128,32,1,1,128,8192,1
"KERNEL_DISPATCH","Agent 2",1,0,1123883,3366,30,"gemm_gate_up_mq4g256v2_wmma_fp8_v2_b128x128_gfx1201_symfold",3366,104089865621925,104089886362805,0,0,192,0,128,256,1,1,69632,64,1
"KERNEL_DISPATCH","Agent 2",1,0,1123883,3427,32,"gemm_qkv_mq4g256v2_wmma_fp8_v2_b128x128_gfx1201_symfold",3427,104090027492194,104090035868988,0,0,192,0,128,256,1,1,28672,64,1
"KERNEL_DISPATCH","Agent 2",1,0,1123883,2695,15,"__amd_rocclr_fillBufferUnAligned",2695,104089580912363,104089580914763,0,0,8,0,128,256,1,1,8192,1,1
"KERNEL_DISPATCH","Agent 2",1,0,1123883,2700,15,"__amd_rocclr_fillBufferUnAligned",2700,104089580940443,104089580942843,0,0,8,0,128,256,1,1,8192,1,1
"KERNEL_DISPATCH","Agent 2",1,0,1123883,3422,30,"gemm_gate_up_mq4g256v2_wmma_fp8_v2_b128x128_gfx1201_symfold",3422,104089991818032,104090012628873,0,0,192,0,128,256,1,1,69632,64,1
"KERNEL_DISPATCH","Agent 2",1,0,1123883,2710,15,"__amd_rocclr_fillBufferUnAligned",2710,104089580998964,104089581001404,0,0,8,0,128,256,1,1,8192,1,1
"KERNEL_DISPATCH","Agent 2",1,0,1123883,3417,25,"gated_norm_f32",3417,104089985629948,104089986614121,0,0,24,0,128,32,1,1,1536,8192,1
"KERNEL_DISPATCH","Agent 2",1,0,1123883,3412,24,"gated_delta_net_q8_fast",3412,104089982843790,104089983402798,2048,0,64,0,128,32,1,1,1536,32,1
"KERNEL_DISPATCH","Agent 2",1,0,1123883,2715,15,"__amd_rocclr_fillBufferUnAligned",2715,104089581025405,104089581026765,0,0,8,0,128,256,1,1,1536,1,1
"KERNEL_DISPATCH","Agent 2",1,0,1123883,3407,24,"gated_delta_net_q8_fast",3407,104089979998872,104089980570160,2048,0,64,0,128,32,1,1,1536,32,1
"KERNEL_DISPATCH","Agent 2",1,0,1123883,2720,15,"__amd_rocclr_fillBufferUnAligned",2720,104089581049605,104089581051085,0,0,8,0,128,256,1,1,1536,1,1
"KERNEL_DISPATCH","Agent 2",1,0,1123883,2725,15,"__amd_rocclr_fillBufferUnAligned",2725,104089581073965,104089581075405,0,0,8,0,128,256,1,1,1536,1,1
"KERNEL_DISPATCH","Agent 2",1,0,1123883,3402,24,"gated_delta_net_q8_fast",3402,104089977093153,104089977670000,2048,0,64,0,128,32,1,1,1536,32,1
"KERNEL_DISPATCH","Agent 2",1,0,1123883,3397,29,"gemm_mq4g256v2_residual_wmma_fp8_v2_b128x128_gfx1201_symfold",3397,104089953710116,104089963725692,0,0,192,0,128,256,1,1,10240,64,1
"KERNEL_DISPATCH","Agent 2",1,0,1123883,2730,15,"__amd_rocclr_fillBufferUnAligned",2730,104089581098526,104089581100166,0,0,8,0,128,256,1,1,1536,1,1
"KERNEL_DISPATCH","Agent 2",1,0,1123883,2735,15,"__amd_rocclr_fillBufferUnAligned",2735,104089581123606,104089581124966,0,0,8,0,128,256,1,1,1536,1,1
"KERNEL_DISPATCH","Agent 2",1,0,1123883,2740,15,"__amd_rocclr_fillBufferUnAligned",2740,104089581147606,104089581148966,0,0,8,0,128,256,1,1,1536,1,1
"KERNEL_DISPATCH","Agent 2",1,0,1123883,2745,15,"__amd_rocclr_fillBufferUnAligned",2745,104089581172527,104089581174007,0,0,8,0,128,256,1,1,1536,1,1
"KERNEL_DISPATCH","Agent 2",1,0,1123883,2750,15,"__amd_rocclr_fillBufferUnAligned",2750,104089581197007,104089581198367,0,0,8,0,128,256,1,1,1536,1,1
"KERNEL_DISPATCH","Agent 2",1,0,1123883,2755,15,"__amd_rocclr_fillBufferUnAligned",2755,104089581221007,104089581222287,0,0,8,0,128,256,1,1,1536,1,1
"KERNEL_DISPATCH","Agent 2",1,0,1123883,2760,15,"__amd_rocclr_fillBufferUnAligned",2760,104089581244928,104089581246168,0,0,8,0,128,256,1,1,7680,1,1
"KERNEL_DISPATCH","Agent 2",1,0,1123883,2765,15,"__amd_rocclr_fillBufferUnAligned",2765,104089581269928,104089581271168,0,0,8,0,128,256,1,1,7680,1,1
"KERNEL_DISPATCH","Agent 2",1,0,1123883,2770,15,"__amd_rocclr_fillBufferUnAligned",2770,104089581294368,104089581295568,0,0,8,0,128,256,1,1,7680,1,1
"KERNEL_DISPATCH","Agent 2",1,0,1123883,2775,15,"__amd_rocclr_fillBufferUnAligned",2775,104089581317849,104089581319049,0,0,8,0,128,256,1,1,7680,1,1
"KERNEL_DISPATCH","Agent 2",1,0,1123883,2780,15,"__amd_rocclr_fillBufferUnAligned",2780,104089581341569,104089581342769,0,0,8,0,128,256,1,1,7680,1,1
"KERNEL_DISPATCH","Agent 2",1,0,1123883,2785,15,"__amd_rocclr_fillBufferUnAligned",2785,104089581364849,104089581366009,0,0,8,0,128,256,1,1,7680,1,1
"KERNEL_DISPATCH","Agent 2",1,0,1123883,2790,15,"__amd_rocclr_fillBufferUnAligned",2790,104089581387769,104089581389010,0,0,8,0,128,256,1,1,7680,1,1
"KERNEL_DISPATCH","Agent 2",1,0,1123883,2795,15,"__amd_rocclr_fillBufferUnAligned",2795,104089581410610,104089581411770,0,0,8,0,128,256,1,1,7680,1,1
"KERNEL_DISPATCH","Agent 2",1,0,1123883,2800,15,"__amd_rocclr_fillBufferUnAligned",2800,104089581433250,104089581434450,0,0,8,0,128,256,1,1,7680,1,1
"KERNEL_DISPATCH","Agent 2",1,0,1123883,2805,15,"__amd_rocclr_fillBufferUnAligned",2805,104089581456890,104089581458210,0,0,8,0,128,256,1,1,7680,1,1
"KERNEL_DISPATCH","Agent 2",1,0,1123883,2810,15,"__amd_rocclr_fillBufferUnAligned",2810,104089581482331,104089581484331,0,0,8,0,128,256,1,1,8192,1,1
"KERNEL_DISPATCH","Agent 2",1,0,1123883,2815,15,"__amd_rocclr_fillBufferUnAligned",2815,104089581510091,104089581512691,0,0,8,0,128,256,1,1,8192,1,1
"KERNEL_DISPATCH","Agent 2",1,0,1123883,2820,15,"__amd_rocclr_fillBufferUnAligned",2820,104089581538012,104089581540132,0,0,8,0,128,256,1,1,8192,1,1
"KERNEL_DISPATCH","Agent 2",1,0,1123883,2825,15,"__amd_rocclr_fillBufferUnAligned",2825,104089581566292,104089581568412,0,0,8,0,128,256,1,1,8192,1,1
"KERNEL_DISPATCH","Agent 2",1,0,1123883,2830,15,"__amd_rocclr_fillBufferUnAligned",2830,104089581593652,104089581595692,0,0,8,0,128,256,1,1,8192,1,1
"KERNEL_DISPATCH","Agent 2",1,0,1123883,2835,15,"__amd_rocclr_fillBufferUnAligned",2835,104089581621013,104089581623133,0,0,8,0,128,256,1,1,8192,1,1
"KERNEL_DISPATCH","Agent 2",1,0,1123883,2840,15,"__amd_rocclr_fillBufferUnAligned",2840,104089581648413,104089581650573,0,0,8,0,128,256,1,1,8192,1,1
"KERNEL_DISPATCH","Agent 2",1,0,1123883,2845,15,"__amd_rocclr_fillBufferUnAligned",2845,104089581676533,104089581678693,0,0,8,0,128,256,1,1,8192,1,1
"KERNEL_DISPATCH","Agent 2",1,0,1123883,3361,25,"gated_norm_f32",3361,104089859385320,104089860368054,0,0,24,0,128,32,1,1,1536,8192,1
"KERNEL_DISPATCH","Agent 2",1,0,1123883,2705,15,"__amd_rocclr_fillBufferUnAligned",2705,104089580969044,104089580971364,0,0,8,0,128,256,1,1,8192,1,1
"KERNEL_DISPATCH","Agent 2",1,0,1123883,3356,24,"gated_delta_net_q8_fast",3356,104089856556882,104089857123610,2048,0,64,0,128,32,1,1,1536,32,1
"KERNEL_DISPATCH","Agent 2",1,0,1123883,3351,24,"gated_delta_net_q8_fast",3351,104089853664683,104089854245651,2048,0,64,0,128,32,1,1,1536,32,1
"KERNEL_DISPATCH","Agent 2",1,0,1123883,3346,24,"gated_delta_net_q8_fast",3346,104089850722363,104089851304451,2048,0,64,0,128,32,1,1,1536,32,1
"KERNEL_DISPATCH","Agent 2",1,0,1123883,3341,29,"gemm_mq4g256v2_residual_wmma_fp8_v2_b128x128_gfx1201_symfold",3341,104089827402368,104089837213460,0,0,192,0,128,256,1,1,10240,64,1
"KERNEL_DISPATCH","Agent 2",1,0,1123883,3392,29,"gemm_mq4g256v2_residual_wmma_fp8_v2_b128x128_gfx1201_symfold",3392,104089924657843,104089928027649,0,0,192,0,128,256,1,1,10240,64,1
"KERNEL_DISPATCH","Agent 2",1,0,1123883,3336,29,"gemm_mq4g256v2_residual_wmma_fp8_v2_b128x128_gfx1201_symfold",3336,104089798564337,104089801908103,0,0,192,0,128,256,1,1,10240,64,1
"KERNEL_DISPATCH","Agent 2",1,0,1123883,3331,37,"kv_cache_write_fp8_e4m3_batched",3331,104089784111462,104089784198863,0,0,56,0,128,32,1,1,128,8192,1
"KERNEL_DISPATCH","Agent 2",1,0,1123883,3387,24,"gated_delta_net_q8_fast",3387,104089921400719,104089921959447,2048,0,64,0,128,32,1,1,1536,32,1
"KERNEL_DISPATCH","Agent 2",1,0,1123883,3326,32,"gemm_qkv_mq4g256v2_wmma_fp8_v2_b128x128_gfx1201_symfold",3326,104089773565479,104089782038634,0,0,192,0,128,256,1,1,28672,64,1
"KERNEL_DISPATCH","Agent 2",1,0,1123883,3321,30,"gemm_gate_up_mq4g256v2_wmma_fp8_v2_b128x128_gfx1201_symfold",3321,104089738133400,104089758926721,0,0,192,0,128,256,1,1,69632,64,1
"KERNEL_DISPATCH","Agent 2",1,0,1123883,3382,24,"gated_delta_net_q8_fast",3382,104089918543281,104089919115968,2048,0,64,0,128,32,1,1,1536,32,1
"KERNEL_DISPATCH","Agent 2",1,0,1123883,3316,25,"gated_norm_f32",3316,104089731935876,104089732917969,0,0,24,0,128,32,1,1,1536,8192,1
"KERNEL_DISPATCH","Agent 2",1,0,1123883,3377,24,"gated_delta_net_q8_fast",3377,104089915600601,104089916194449,2048,0,64,0,128,32,1,1,1536,32,1
"KERNEL_DISPATCH","Agent 2",1,0,1123883,3311,24,"gated_delta_net_q8_fast",3311,104089729100158,104089729669645,2048,0,64,0,128,32,1,1,1536,32,1
"KERNEL_DISPATCH","Agent 2",1,0,1123883,3372,22,"gdn_pre_batched_gfx1201",3372,104089910519532,104089913195608,33280,0,224,0,128,256,1,1,2686976,1,1
"KERNEL_DISPATCH","Agent 2",1,0,1123883,3306,24,"gated_delta_net_q8_fast",3306,104089726185158,104089726771086,2048,0,64,0,128,32,1,1,1536,32,1
"KERNEL_DISPATCH","Agent 2",1,0,1123883,3367,31,"fused_silu_mul_mq_rotate_awq",3367,104089886375165,104089889196684,0,0,56,0,128,32,1,1,2176,8192,1
"KERNEL_DISPATCH","Agent 2",1,0,1123883,3301,24,"gated_delta_net_q8_fast",3301,104089723252799,104089723833926,2048,0,64,0,128,32,1,1,1536,32,1
"KERNEL_DISPATCH","Agent 2",1,0,1123883,3296,29,"gemm_mq4g256v2_residual_wmma_fp8_v2_b128x128_gfx1201_symfold",3296,104089699930843,104089709723176,0,0,192,0,128,256,1,1,10240,64,1
"KERNEL_DISPATCH","Agent 2",1,0,1123883,3362,26,"rotate_x_mq_awq",3362,104089860380294,104089861001982,0,0,80,0,128,32,1,1,768,8192,1
"KERNEL_DISPATCH","Agent 2",1,0,1123883,3291,29,"gemm_mq4g256v2_residual_wmma_fp8_v2_b128x128_gfx1201_symfold",3291,104089671006612,104089674365697,0,0,192,0,128,256,1,1,10240,64,1
"KERNEL_DISPATCH","Agent 2",1,0,1123883,3286,24,"gated_delta_net_q8_fast",3286,104089667740568,104089668305335,2048,0,64,0,128,32,1,1,1536,32,1
"KERNEL_DISPATCH","Agent 2",1,0,1123883,3357,24,"gated_delta_net_q8_fast",3357,104089857126850,104089857690777,2048,0,64,0,128,32,1,1,1536,32,1
"KERNEL_DISPATCH","Agent 2",1,0,1123883,3281,24,"gated_delta_net_q8_fast",3281,104089664844168,104089665432256,2048,0,64,0,128,32,1,1,1536,32,1
"KERNEL_DISPATCH","Agent 2",1,0,1123883,3352,24,"gated_delta_net_q8_fast",3352,104089854249091,104089854826019,2048,0,64,0,128,32,1,1,1536,32,1
"KERNEL_DISPATCH","Agent 2",1,0,1123883,3276,24,"gated_delta_net_q8_fast",3276,104089661892009,104089662473016,2048,0,64,0,128,32,1,1,1536,32,1
"KERNEL_DISPATCH","Agent 2",1,0,1123883,3271,22,"gdn_pre_batched_gfx1201",3271,104089656859740,104089659536057,33280,0,224,0,128,256,1,1,2686976,1,1
"KERNEL_DISPATCH","Agent 2",1,0,1123883,3347,24,"gated_delta_net_q8_fast",3347,104089851307731,104089851892219,2048,0,64,0,128,32,1,1,1536,32,1
"KERNEL_DISPATCH","Agent 2",1,0,1123883,3342,20,"fused_rmsnorm_mq_rotate_awq_mq4v2_fp8_gfx12",3342,104089837225940,104089837908670,0,0,96,0,128,256,1,1,2097152,1,1
"KERNEL_DISPATCH","Agent 2",1,0,1123883,3266,31,"fused_silu_mul_mq_rotate_awq",3266,104089632592492,104089635431931,0,0,56,0,128,32,1,1,2176,8192,1
"KERNEL_DISPATCH","Agent 2",1,0,1123883,3337,20,"fused_rmsnorm_mq_rotate_awq_mq4v2_fp8_gfx12",3337,104089801920143,104089802591512,0,0,96,0,128,256,1,1,2097152,1,1
"KERNEL_DISPATCH","Agent 2",1,0,1123883,3332,41,"attention_fp8_e4m3_fa2_gqa_packet_gfx1201",3332,104089784202423,104089796420468,0,0,240,0,128,256,1,1,6144,4,16
"KERNEL_DISPATCH","Agent 2",1,0,1123883,3327,33,"deinterleave_q_rmsnorm_f32_batched",3327,104089782050834,104089783440853,0,0,24,0,128,256,1,1,6144,8192,1
"KERNEL_DISPATCH","Agent 2",1,0,1123883,3322,31,"fused_silu_mul_mq_rotate_awq",3322,104089758938921,104089761762720,0,0,56,0,128,32,1,1,2176,8192,1
"KERNEL_DISPATCH","Agent 2",1,0,1123883,3317,26,"rotate_x_mq_awq",3317,104089732930130,104089733555978,0,0,80,0,128,32,1,1,768,8192,1
"KERNEL_DISPATCH","Agent 2",1,0,1123883,3312,24,"gated_delta_net_q8_fast",3312,104089729673085,104089730241373,2048,0,64,0,128,32,1,1,1536,32,1
"KERNEL_DISPATCH","Agent 2",1,0,1123883,3307,24,"gated_delta_net_q8_fast",3307,104089726774526,104089727360014,2048,0,64,0,128,32,1,1,1536,32,1
"KERNEL_DISPATCH","Agent 2",1,0,1123883,2850,15,"__amd_rocclr_fillBufferUnAligned",2850,104089581703974,104089581706134,0,0,8,0,128,256,1,1,8192,1,1
"KERNEL_DISPATCH","Agent 2",1,0,1123883,3302,24,"gated_delta_net_q8_fast",3302,104089723837487,104089724417774,2048,0,64,0,128,32,1,1,1536,32,1
"KERNEL_DISPATCH","Agent 2",1,0,1123883,3297,20,"fused_rmsnorm_mq_rotate_awq_mq4v2_fp8_gfx12",3297,104089709735656,104089710418025,0,0,96,0,128,256,1,1,2097152,1,1
"KERNEL_DISPATCH","Agent 2",1,0,1123883,2855,15,"__amd_rocclr_fillBufferUnAligned",2855,104089581731814,104089581733934,0,0,8,0,128,256,1,1,8192,1,1
"KERNEL_DISPATCH","Agent 2",1,0,1123883,2860,15,"__amd_rocclr_fillBufferUnAligned",2860,104089581757014,104089581758495,0,0,8,0,128,256,1,1,8192,1,1
"KERNEL_DISPATCH","Agent 2",1,0,1123883,3292,20,"fused_rmsnorm_mq_rotate_awq_mq4v2_fp8_gfx12",3292,104089674377817,104089675048147,0,0,96,0,128,256,1,1,2097152,1,1
"KERNEL_DISPATCH","Agent 2",1,0,1123883,2865,15,"__amd_rocclr_fillBufferUnAligned",2865,104089581781095,104089581782575,0,0,8,0,128,256,1,1,8192,1,1
"KERNEL_DISPATCH","Agent 2",1,0,1123883,2870,15,"__amd_rocclr_fillBufferUnAligned",2870,104089581805975,104089581807455,0,0,8,0,128,256,1,1,8192,1,1
"KERNEL_DISPATCH","Agent 2",1,0,1123883,2875,15,"__amd_rocclr_fillBufferUnAligned",2875,104089581830735,104089581833096,0,0,8,0,128,256,1,1,8192,1,1
"KERNEL_DISPATCH","Agent 2",1,0,1123883,2880,15,"__amd_rocclr_fillBufferUnAligned",2880,104089581859816,104089581862176,0,0,8,0,128,256,1,1,8192,1,1
"KERNEL_DISPATCH","Agent 2",1,0,1123883,2885,15,"__amd_rocclr_fillBufferUnAligned",2885,104089581887896,104089581889736,0,0,8,0,128,256,1,1,8192,1,1
"KERNEL_DISPATCH","Agent 2",1,0,1123883,3261,26,"rotate_x_mq_awq",3261,104089606742902,104089607366871,0,0,80,0,128,32,1,1,768,8192,1
"KERNEL_DISPATCH","Agent 2",1,0,1123883,2890,15,"__amd_rocclr_fillBufferUnAligned",2890,104089581916417,104089581918337,0,0,8,0,128,256,1,1,8192,1,1
"KERNEL_DISPATCH","Agent 2",1,0,1123883,2895,15,"__amd_rocclr_fillBufferUnAligned",2895,104089581943737,104089581946177,0,0,8,0,128,256,1,1,8192,1,1
"KERNEL_DISPATCH","Agent 2",1,0,1123883,3256,24,"gated_delta_net_q8_fast",3256,104089603591740,104089604128867,2048,0,64,0,128,32,1,1,1536,32,1
"KERNEL_DISPATCH","Agent 2",1,0,1123883,2900,15,"__amd_rocclr_fillBufferUnAligned",2900,104089581985698,104089581987538,0,0,8,0,128,256,1,1,8192,1,1
"KERNEL_DISPATCH","Agent 2",1,0,1123883,3251,24,"gated_delta_net_q8_fast",3251,104089600861583,104089601408750,2048,0,64,0,128,32,1,1,1536,32,1
"KERNEL_DISPATCH","Agent 2",1,0,1123883,2905,15,"__amd_rocclr_fillBufferUnAligned",2905,104089582010218,104089582011578,0,0,8,0,128,256,1,1,1536,1,1
"KERNEL_DISPATCH","Agent 2",1,0,1123883,3246,24,"gated_delta_net_q8_fast",3246,104089598115026,104089598659233,2048,0,64,0,128,32,1,1,1536,32,1
"KERNEL_DISPATCH","Agent 2",1,0,1123883,2910,15,"__amd_rocclr_fillBufferUnAligned",2910,104089582034418,104089582035818,0,0,8,0,128,256,1,1,1536,1,1
"KERNEL_DISPATCH","Agent 2",1,0,1123883,2915,15,"__amd_rocclr_fillBufferUnAligned",2915,104089582058579,104089582059899,0,0,8,0,128,256,1,1,1536,1,1
"KERNEL_DISPATCH","Agent 2",1,0,1123883,2920,15,"__amd_rocclr_fillBufferUnAligned",2920,104089582082059,104089582083419,0,0,8,0,128,256,1,1,1536,1,1
"KERNEL_DISPATCH","Agent 2",1,0,1123883,2731,15,"__amd_rocclr_fillBufferUnAligned",2731,104089581103806,104089581105126,0,0,8,0,128,256,1,1,1536,1,1
"KERNEL_DISPATCH","Agent 2",1,0,1123883,2930,15,"__amd_rocclr_fillBufferUnAligned",2930,104089582130660,104089582132020,0,0,8,0,128,256,1,1,1536,1,1
"KERNEL_DISPATCH","Agent 2",1,0,1123883,2726,15,"__amd_rocclr_fillBufferUnAligned",2726,104089581078845,104089581080245,0,0,8,0,128,256,1,1,1536,1,1
"KERNEL_DISPATCH","Agent 2",1,0,1123883,2716,15,"__amd_rocclr_fillBufferUnAligned",2716,104089581030205,104089581031605,0,0,8,0,128,256,1,1,1536,1,1
"KERNEL_DISPATCH","Agent 2",1,0,1123883,2935,15,"__amd_rocclr_fillBufferUnAligned",2935,104089582154820,104089582156100,0,0,8,0,128,256,1,1,1536,1,1
"KERNEL_DISPATCH","Agent 2",1,0,1123883,2711,15,"__amd_rocclr_fillBufferUnAligned",2711,104089581004844,104089581007244,0,0,8,0,128,256,1,1,8192,1,1
"KERNEL_DISPATCH","Agent 2",1,0,1123883,2940,15,"__amd_rocclr_fillBufferUnAligned",2940,104089582178660,104089582180020,0,0,8,0,128,256,1,1,1536,1,1
"KERNEL_DISPATCH","Agent 2",1,0,1123883,3406,24,"gated_delta_net_q8_fast",3406,104089979421424,104089979995592,2048,0,64,0,128,32,1,1,1536,32,1
"KERNEL_DISPATCH","Agent 2",1,0,1123883,2706,15,"__amd_rocclr_fillBufferUnAligned",2706,104089580974804,104089580977164,0,0,8,0,128,256,1,1,8192,1,1
"KERNEL_DISPATCH","Agent 2",1,0,1123883,2945,15,"__amd_rocclr_fillBufferUnAligned",2945,104089582203261,104089582204621,0,0,8,0,128,256,1,1,1536,1,1
"KERNEL_DISPATCH","Agent 2",1,0,1123883,2701,15,"__amd_rocclr_fillBufferUnAligned",2701,104089580946404,104089580948524,0,0,8,0,128,256,1,1,8192,1,1
"KERNEL_DISPATCH","Agent 2",1,0,1123883,2696,15,"__amd_rocclr_fillBufferUnAligned",2696,104089580918243,104089580920803,0,0,8,0,128,256,1,1,8192,1,1
"KERNEL_DISPATCH","Agent 2",1,0,1123883,2686,15,"__amd_rocclr_fillBufferUnAligned",2686,104089580865682,104089580867202,0,0,8,0,128,256,1,1,8192,1,1
"KERNEL_DISPATCH","Agent 2",1,0,1123883,2681,15,"__amd_rocclr_fillBufferUnAligned",2681,104089580839522,104089580840962,0,0,8,0,128,256,1,1,8192,1,1
"KERNEL_DISPATCH","Agent 2",1,0,1123883,2676,15,"__amd_rocclr_fillBufferUnAligned",2676,104089580814882,104089580816362,0,0,8,0,128,256,1,1,8192,1,1
"KERNEL_DISPATCH","Agent 2",1,0,1123883,2950,15,"__amd_rocclr_fillBufferUnAligned",2950,104089582227301,104089582228661,0,0,8,0,128,256,1,1,1536,1,1
"KERNEL_DISPATCH","Agent 2",1,0,1123883,2671,15,"__amd_rocclr_fillBufferUnAligned",2671,104089580790281,104089580791841,0,0,8,0,128,256,1,1,8192,1,1
"KERNEL_DISPATCH","Agent 2",1,0,1123883,2955,15,"__amd_rocclr_fillBufferUnAligned",2955,104089582250941,104089582252141,0,0,8,0,128,256,1,1,7680,1,1
"KERNEL_DISPATCH","Agent 2",1,0,1123883,2960,15,"__amd_rocclr_fillBufferUnAligned",2960,104089582274381,104089582275581,0,0,8,0,128,256,1,1,7680,1,1
"KERNEL_DISPATCH","Agent 2",1,0,1123883,2661,15,"__amd_rocclr_fillBufferUnAligned",2661,104089580734921,104089580736921,0,0,8,0,128,256,1,1,8192,1,1
"KERNEL_DISPATCH","Agent 2",1,0,1123883,2656,15,"__amd_rocclr_fillBufferUnAligned",2656,104089580707920,104089580709840,0,0,8,0,128,256,1,1,8192,1,1
"KERNEL_DISPATCH","Agent 2",1,0,1123883,2646,15,"__amd_rocclr_fillBufferUnAligned",2646,104089580653280,104089580655440,0,0,8,0,128,256,1,1,8192,1,1
"KERNEL_DISPATCH","Agent 2",1,0,1123883,2965,15,"__amd_rocclr_fillBufferUnAligned",2965,104089582297702,104089582298942,0,0,8,0,128,256,1,1,7680,1,1
"KERNEL_DISPATCH","Agent 2",1,0,1123883,2970,15,"__amd_rocclr_fillBufferUnAligned",2970,104089582320942,104089582322142,0,0,8,0,128,256,1,1,7680,1,1
"KERNEL_DISPATCH","Agent 2",1,0,1123883,2636,15,"__amd_rocclr_fillBufferUnAligned",2636,104089580596719,104089580598719,0,0,8,0,128,256,1,1,8192,1,1
"KERNEL_DISPATCH","Agent 2",1,0,1123883,2181,24,"gated_delta_net_q8_fast",2181,104088838383948,104088838944236,2048,0,64,0,128,32,1,1,1536,32,1
"KERNEL_DISPATCH","Agent 2",1,0,1123883,2176,24,"gated_delta_net_q8_fast",2176,104088835518989,104088836093757,2048,0,64,0,128,32,1,1,1536,32,1
"KERNEL_DISPATCH","Agent 2",1,0,1123883,2975,15,"__amd_rocclr_fillBufferUnAligned",2975,104089582343622,104089582344902,0,0,8,0,128,256,1,1,7680,1,1
"KERNEL_DISPATCH","Agent 2",1,0,1123883,2171,24,"gated_delta_net_q8_fast",2171,104088832599350,104088833178878,2048,0,64,0,128,32,1,1,1536,32,1
"KERNEL_DISPATCH","Agent 2",1,0,1123883,2980,15,"__amd_rocclr_fillBufferUnAligned",2980,104089582366903,104089582368143,0,0,8,0,128,256,1,1,7680,1,1
"KERNEL_DISPATCH","Agent 2",1,0,1123883,2166,21,"gemm_qkvza_mq4g256v2_wmma_fp8_v2_b128x128_gfx1201_symfold",2166,104088818688762,104088828172250,0,0,208,0,128,256,1,1,33024,64,1
"KERNEL_DISPATCH","Agent 2",1,0,1123883,2985,15,"__amd_rocclr_fillBufferUnAligned",2985,104089582389623,104089582390823,0,0,8,0,128,256,1,1,7680,1,1
"KERNEL_DISPATCH","Agent 2",1,0,1123883,2990,15,"__amd_rocclr_fillBufferUnAligned",2990,104089582413463,104089582414743,0,0,8,0,128,256,1,1,7680,1,1
"KERNEL_DISPATCH","Agent 2",1,0,1123883,2161,30,"gemm_gate_up_mq4g256v2_wmma_fp8_v2_b128x128_gfx1201_symfold",2161,104088783373764,104088804064724,0,0,192,0,128,256,1,1,69632,64,1
"KERNEL_DISPATCH","Agent 2",1,0,1123883,2156,49,"sigmoid_mul_f32",2156,104088777211921,104088778186694,0,0,16,0,128,256,1,1,50331648,1,1
"KERNEL_DISPATCH","Agent 2",1,0,1123883,2995,15,"__amd_rocclr_fillBufferUnAligned",2995,104089582436384,104089582437504,0,0,8,0,128,256,1,1,7680,1,1
"KERNEL_DISPATCH","Agent 2",1,0,1123883,3000,15,"__amd_rocclr_fillBufferUnAligned",3000,104089582460424,104089582462584,0,0,8,0,128,256,1,1,8192,1,1
"KERNEL_DISPATCH","Agent 2",1,0,1123883,2151,35,"rmsnorm_f32",2151,104088764394827,104088764613790,0,0,16,0,128,256,1,1,8388608,1,1
"KERNEL_DISPATCH","Agent 2",1,0,1123883,3005,15,"__amd_rocclr_fillBufferUnAligned",3005,104089582488064,104089582490184,0,0,8,0,128,256,1,1,8192,1,1
"KERNEL_DISPATCH","Agent 2",1,0,1123883,2146,27,"pack_f32_to_fp8_mq4v2_gfx12",2146,104088742676173,104088744004871,512,0,24,0,128,256,1,1,2097152,1,1
"KERNEL_DISPATCH","Agent 2",1,0,1123883,3010,15,"__amd_rocclr_fillBufferUnAligned",3010,104089582516225,104089582518385,0,0,8,0,128,256,1,1,8192,1,1
"KERNEL_DISPATCH","Agent 2",1,0,1123883,2141,27,"pack_f32_to_fp8_mq4v2_gfx12",2141,104088714548193,104088715048280,512,0,24,0,128,256,1,1,2097152,1,1
"KERNEL_DISPATCH","Agent 2",1,0,1123883,3015,15,"__amd_rocclr_fillBufferUnAligned",3015,104089582544945,104089582546985,0,0,8,0,128,256,1,1,8192,1,1
"KERNEL_DISPATCH","Agent 2",1,0,1123883,2136,24,"gated_delta_net_q8_fast",2136,104088711247588,104088711802396,2048,0,64,0,128,32,1,1,1536,32,1
"KERNEL_DISPATCH","Agent 2",1,0,1123883,2131,24,"gated_delta_net_q8_fast",2131,104088708422790,104088708988598,2048,0,64,0,128,32,1,1,1536,32,1
"KERNEL_DISPATCH","Agent 2",1,0,1123883,2126,24,"gated_delta_net_q8_fast",2126,104088705529151,104088706106719,2048,0,64,0,128,32,1,1,1536,32,1
"KERNEL_DISPATCH","Agent 2",1,0,1123883,2121,21,"gemm_qkvza_mq4g256v2_wmma_fp8_v2_b128x128_gfx1201_symfold",2121,104088691545442,104088701077611,0,0,208,0,128,256,1,1,33024,64,1
"KERNEL_DISPATCH","Agent 2",1,0,1123883,2116,30,"gemm_gate_up_mq4g256v2_wmma_fp8_v2_b128x128_gfx1201_symfold",2116,104088656229844,104088676937404,0,0,192,0,128,256,1,1,69632,64,1
"KERNEL_DISPATCH","Agent 2",1,0,1123883,2111,25,"gated_norm_f32",2111,104088650038760,104088651020974,0,0,24,0,128,32,1,1,1536,8192,1
"KERNEL_DISPATCH","Agent 2",1,0,1123883,2106,24,"gated_delta_net_q8_fast",2106,104088647232202,104088647792930,2048,0,64,0,128,32,1,1,1536,32,1
"KERNEL_DISPATCH","Agent 2",1,0,1123883,2101,24,"gated_delta_net_q8_fast",2101,104088644347003,104088644924291,2048,0,64,0,128,32,1,1,1536,32,1
"KERNEL_DISPATCH","Agent 2",1,0,1123883,2096,24,"gated_delta_net_q8_fast",2096,104088641435724,104088642010492,2048,0,64,0,128,32,1,1,1536,32,1
"KERNEL_DISPATCH","Agent 2",1,0,1123883,2091,29,"gemm_mq4g256v2_residual_wmma_fp8_v2_b128x128_gfx1201_symfold",2091,104088618174289,104088627948061,0,0,192,0,128,256,1,1,10240,64,1
"KERNEL_DISPATCH","Agent 2",1,0,1123883,2086,29,"gemm_mq4g256v2_residual_wmma_fp8_v2_b128x128_gfx1201_symfold",2086,104088589171537,104088592554663,0,0,192,0,128,256,1,1,10240,64,1
"KERNEL_DISPATCH","Agent 2",1,0,1123883,3020,15,"__amd_rocclr_fillBufferUnAligned",3020,104089582572546,104089582574666,0,0,8,0,128,256,1,1,8192,1,1
"KERNEL_DISPATCH","Agent 2",1,0,1123883,2081,24,"gated_delta_net_q8_fast",2081,104088585916493,104088586474820,2048,0,64,0,128,32,1,1,1536,32,1
"KERNEL_DISPATCH","Agent 2",1,0,1123883,3025,15,"__amd_rocclr_fillBufferUnAligned",3025,104089582600266,104089582602506,0,0,8,0,128,256,1,1,8192,1,1
"KERNEL_DISPATCH","Agent 2",1,0,1123883,2076,24,"gated_delta_net_q8_fast",2076,104088583075294,104088583644742,2048,0,64,0,128,32,1,1,1536,32,1
"KERNEL_DISPATCH","Agent 2",1,0,1123883,2071,24,"gated_delta_net_q8_fast",2071,104088580163975,104088580747423,2048,0,64,0,128,32,1,1,1536,32,1
"KERNEL_DISPATCH","Agent 2",1,0,1123883,3030,15,"__amd_rocclr_fillBufferUnAligned",3030,104089582628306,104089582630506,0,0,8,0,128,256,1,1,8192,1,1
"KERNEL_DISPATCH","Agent 2",1,0,1123883,2066,22,"gdn_pre_batched_gfx1201",2066,104088575118707,104088577804063,33280,0,224,0,128,256,1,1,2686976,1,1
"KERNEL_DISPATCH","Agent 2",1,0,1123883,3035,15,"__amd_rocclr_fillBufferUnAligned",3035,104089582656987,104089582659027,0,0,8,0,128,256,1,1,8192,1,1
"KERNEL_DISPATCH","Agent 2",1,0,1123883,3040,15,"__amd_rocclr_fillBufferUnAligned",3040,104089582683987,104089582686027,0,0,8,0,128,256,1,1,8192,1,1
"KERNEL_DISPATCH","Agent 2",1,0,1123883,3045,15,"__amd_rocclr_fillBufferUnAligned",3045,104089582710867,104089582713027,0,0,8,0,128,256,1,1,8192,1,1
"KERNEL_DISPATCH","Agent 2",1,0,1123883,3050,15,"__amd_rocclr_fillBufferUnAligned",3050,104089582737068,104089582738588,0,0,8,0,128,256,1,1,8192,1,1
"KERNEL_DISPATCH","Agent 2",1,0,1123883,2061,31,"fused_silu_mul_mq_rotate_awq",2061,104088550991180,104088553831659,0,0,56,0,128,32,1,1,2176,8192,1
"KERNEL_DISPATCH","Agent 2",1,0,1123883,3055,15,"__amd_rocclr_fillBufferUnAligned",3055,104089582761068,104089582762628,0,0,8,0,128,256,1,1,8192,1,1
"KERNEL_DISPATCH","Agent 2",1,0,1123883,3060,15,"__amd_rocclr_fillBufferUnAligned",3060,104089582784828,104089582786268,0,0,8,0,128,256,1,1,8192,1,1
"KERNEL_DISPATCH","Agent 2",1,0,1123883,2056,26,"rotate_x_mq_awq",2056,104088525150391,104088525780999,0,0,80,0,128,32,1,1,768,8192,1
"KERNEL_DISPATCH","Agent 2",1,0,1123883,3065,15,"__amd_rocclr_fillBufferUnAligned",3065,104089582808549,104089582809989,0,0,8,0,128,256,1,1,8192,1,1
"KERNEL_DISPATCH","Agent 2",1,0,1123883,2051,36,"rope_partial_halfsplit_batched_f32",2051,104088511542887,104088511905092,0,0,16,0,128,32,1,1,32,8192,1
"KERNEL_DISPATCH","Agent 2",1,0,1123883,3070,15,"__amd_rocclr_fillBufferUnAligned",3070,104089582832389,104089582833829,0,0,8,0,128,256,1,1,8192,1,1
"KERNEL_DISPATCH","Agent 2",1,0,1123883,3075,15,"__amd_rocclr_fillBufferUnAligned",3075,104089582856509,104089582857949,0,0,8,0,128,256,1,1,8192,1,1
"KERNEL_DISPATCH","Agent 2",1,0,1123883,3080,15,"__amd_rocclr_fillBufferUnAligned",3080,104089582882750,104089582884910,0,0,8,0,128,256,1,1,8192,1,1
"KERNEL_DISPATCH","Agent 2",1,0,1123883,3085,15,"__amd_rocclr_fillBufferUnAligned",3085,104089582907230,104089582908790,0,0,8,0,128,256,1,1,8192,1,1
"KERNEL_DISPATCH","Agent 2",1,0,1123883,3090,15,"__amd_rocclr_fillBufferUnAligned",3090,104089582933230,104089582935590,0,0,8,0,128,256,1,1,8192,1,1
"KERNEL_DISPATCH","Agent 2",1,0,1123883,3095,15,"__amd_rocclr_fillBufferUnAligned",3095,104089582961231,104089582963551,0,0,8,0,128,256,1,1,8192,1,1
"KERNEL_DISPATCH","Agent 2",1,0,1123883,3100,15,"__amd_rocclr_fillBufferUnAligned",3100,104089582985551,104089582986831,0,0,8,0,128,256,1,1,1536,1,1
"KERNEL_DISPATCH","Agent 2",1,0,1123883,3105,15,"__amd_rocclr_fillBufferUnAligned",3105,104089583008871,104089583010231,0,0,8,0,128,256,1,1,1536,1,1
"KERNEL_DISPATCH","Agent 2",1,0,1123883,3110,15,"__amd_rocclr_fillBufferUnAligned",3110,104089583032072,104089583033432,0,0,8,0,128,256,1,1,1536,1,1
"KERNEL_DISPATCH","Agent 2",1,0,1123883,3115,15,"__amd_rocclr_fillBufferUnAligned",3115,104089583055472,104089583056872,0,0,8,0,128,256,1,1,1536,1,1
"KERNEL_DISPATCH","Agent 2",1,0,1123883,2046,29,"gemm_mq4g256v2_residual_wmma_fp8_v2_b128x128_gfx1201_symfold",2046,104088490983609,104088500760621,0,0,192,0,128,256,1,1,10240,64,1
"KERNEL_DISPATCH","Agent 2",1,0,1123883,2041,29,"gemm_mq4g256v2_residual_wmma_fp8_v2_b128x128_gfx1201_symfold",2041,104088462041337,104088465386222,0,0,192,0,128,256,1,1,10240,64,1
"KERNEL_DISPATCH","Agent 2",1,0,1123883,2036,24,"gated_delta_net_q8_fast",2036,104088458795333,104088459348141,2048,0,64,0,128,32,1,1,1536,32,1
"KERNEL_DISPATCH","Agent 2",1,0,1123883,3120,15,"__amd_rocclr_fillBufferUnAligned",3120,104089583078792,104089583080032,0,0,8,0,128,256,1,1,1536,1,1
"KERNEL_DISPATCH","Agent 2",1,0,1123883,2031,24,"gated_delta_net_q8_fast",2031,104088455982895,104088456546943,2048,0,64,0,128,32,1,1,1536,32,1
"KERNEL_DISPATCH","Agent 2",1,0,1123883,2026,24,"gated_delta_net_q8_fast",2026,104088453099856,104088453678904,2048,0,64,0,128,32,1,1,1536,32,1
"KERNEL_DISPATCH","Agent 2",1,0,1123883,3125,15,"__amd_rocclr_fillBufferUnAligned",3125,104089583101913,104089583103233,0,0,8,0,128,256,1,1,1536,1,1
"KERNEL_DISPATCH","Agent 2",1,0,1123883,3130,15,"__amd_rocclr_fillBufferUnAligned",3130,104089583124993,104089583126313,0,0,8,0,128,256,1,1,1536,1,1
"KERNEL_DISPATCH","Agent 2",1,0,1123883,2021,22,"gdn_pre_batched_gfx1201",2021,104088448095468,104088450763064,33280,0,224,0,128,256,1,1,2686976,1,1
"KERNEL_DISPATCH","Agent 2",1,0,1123883,3135,15,"__amd_rocclr_fillBufferUnAligned",3135,104089583148433,104089583149793,0,0,8,0,128,256,1,1,1536,1,1
"KERNEL_DISPATCH","Agent 2",1,0,1123883,3140,15,"__amd_rocclr_fillBufferUnAligned",3140,104089583171754,104089583173074,0,0,8,0,128,256,1,1,1536,1,1
"KERNEL_DISPATCH","Agent 2",1,0,1123883,3145,15,"__amd_rocclr_fillBufferUnAligned",3145,104089583194954,104089583196274,0,0,8,0,128,256,1,1,7680,1,1
"KERNEL_DISPATCH","Agent 2",1,0,1123883,2016,31,"fused_silu_mul_mq_rotate_awq",2016,104088423774139,104088426614578,0,0,56,0,128,32,1,1,2176,8192,1
"KERNEL_DISPATCH","Agent 2",1,0,1123883,2011,26,"rotate_x_mq_awq",2011,104088397793228,104088398419116,0,0,80,0,128,32,1,1,768,8192,1
"KERNEL_DISPATCH","Agent 2",1,0,1123883,2006,24,"gated_delta_net_q8_fast",2006,104088394551464,104088395114432,2048,0,64,0,128,32,1,1,1536,32,1
"KERNEL_DISPATCH","Agent 2",1,0,1123883,2001,24,"gated_delta_net_q8_fast",2001,104088391682385,104088392261593,2048,0,64,0,128,32,1,1,1536,32,1
"KERNEL_DISPATCH","Agent 2",1,0,1123883,1996,24,"gated_delta_net_q8_fast",1996,104088388776746,104088389351394,2048,0,64,0,128,32,1,1,1536,32,1
"KERNEL_DISPATCH","Agent 2",1,0,1123883,1991,20,"fused_rmsnorm_mq_rotate_awq_mq4v2_fp8_gfx12",1991,104088374793837,104088375474766,0,0,96,0,128,256,1,1,2097152,1,1
"KERNEL_DISPATCH","Agent 2",1,0,1123883,1986,20,"fused_rmsnorm_mq_rotate_awq_mq4v2_fp8_gfx12",1986,104088339339237,104088340012166,0,0,96,0,128,256,1,1,2097152,1,1
"KERNEL_DISPATCH","Agent 2",1,0,1123883,1981,24,"gated_delta_net_q8_fast",1981,104088333268435,104088333821882,2048,0,64,0,128,32,1,1,1536,32,1
"KERNEL_DISPATCH","Agent 2",1,0,1123883,1976,24,"gated_delta_net_q8_fast",1976,104088330438837,104088331006444,2048,0,64,0,128,32,1,1,1536,32,1
"KERNEL_DISPATCH","Agent 2",1,0,1123883,1971,24,"gated_delta_net_q8_fast",1971,104088327527797,104088328113085,2048,0,64,0,128,32,1,1,1536,32,1
"KERNEL_DISPATCH","Agent 2",1,0,1123883,3155,15,"__amd_rocclr_fillBufferUnAligned",3155,104089583240795,104089583241915,0,0,8,0,128,256,1,1,7680,1,1
"KERNEL_DISPATCH","Agent 2",1,0,1123883,1966,24,"gated_delta_net_q8_fast",1966,104088324612078,104088325195926,2048,0,64,0,128,32,1,1,1536,32,1
"KERNEL_DISPATCH","Agent 2",1,0,1123883,3160,15,"__amd_rocclr_fillBufferUnAligned",3160,104089583263675,104089583264915,0,0,8,0,128,256,1,1,7680,1,1
"KERNEL_DISPATCH","Agent 2",1,0,1123883,3165,15,"__amd_rocclr_fillBufferUnAligned",3165,104089583286475,104089583287715,0,0,8,0,128,256,1,1,7680,1,1
"KERNEL_DISPATCH","Agent 2",1,0,1123883,1961,27,"pack_f32_to_fp8_mq4v2_gfx12",1961,104088300613673,104088301941251,512,0,24,0,128,256,1,1,2097152,1,1
"KERNEL_DISPATCH","Agent 2",1,0,1123883,3170,15,"__amd_rocclr_fillBufferUnAligned",3170,104089583308955,104089583310275,0,0,8,0,128,256,1,1,7680,1,1
"KERNEL_DISPATCH","Agent 2",1,0,1123883,3175,15,"__amd_rocclr_fillBufferUnAligned",3175,104089583331756,104089583332956,0,0,8,0,128,256,1,1,7680,1,1
"KERNEL_DISPATCH","Agent 2",1,0,1123883,1956,27,"pack_f32_to_fp8_mq4v2_gfx12",1956,104088272644095,104088273145622,512,0,24,0,128,256,1,1,2097152,1,1
"KERNEL_DISPATCH","Agent 2",1,0,1123883,1951,37,"kv_cache_write_fp8_e4m3_batched",1951,104088258760027,104088258823668,0,0,56,0,128,32,1,1,128,8192,1
"KERNEL_DISPATCH","Agent 2",1,0,1123883,1946,20,"fused_rmsnorm_mq_rotate_awq_mq4v2_fp8_gfx12",1946,104088247571996,104088248255765,0,0,96,0,128,256,1,1,2097152,1,1
"KERNEL_DISPATCH","Agent 2",1,0,1123883,1941,20,"fused_rmsnorm_mq_rotate_awq_mq4v2_fp8_gfx12",1941,104088212289718,104088212960807,0,0,96,0,128,256,1,1,2097152,1,1
"KERNEL_DISPATCH","Agent 2",1,0,1123883,1936,24,"gated_delta_net_q8_fast",1936,104088206228076,104088206784004,2048,0,64,0,128,32,1,1,1536,32,1
"KERNEL_DISPATCH","Agent 2",1,0,1123883,1931,24,"gated_delta_net_q8_fast",1931,104088203394078,104088203961326,2048,0,64,0,128,32,1,1,1536,32,1
"KERNEL_DISPATCH","Agent 2",1,0,1123883,1926,24,"gated_delta_net_q8_fast",1926,104088200485879,104088201067727,2048,0,64,0,128,32,1,1,1536,32,1
"KERNEL_DISPATCH","Agent 2",1,0,1123883,1921,24,"gated_delta_net_q8_fast",1921,104088197578359,104088198158647,2048,0,64,0,128,32,1,1,1536,32,1
"KERNEL_DISPATCH","Agent 2",1,0,1123883,1916,27,"pack_f32_to_fp8_mq4v2_gfx12",1916,104088173578395,104088174906253,512,0,24,0,128,256,1,1,2097152,1,1
"KERNEL_DISPATCH","Agent 2",1,0,1123883,1911,27,"pack_f32_to_fp8_mq4v2_gfx12",1911,104088145394253,104088145893380,512,0,24,0,128,256,1,1,2097152,1,1
"KERNEL_DISPATCH","Agent 2",1,0,1123883,1906,24,"gated_delta_net_q8_fast",1906,104088142087849,104088142644416,2048,0,64,0,128,32,1,1,1536,32,1
"KERNEL_DISPATCH","Agent 2",1,0,1123883,1901,24,"gated_delta_net_q8_fast",1901,104088139246570,104088139815458,2048,0,64,0,128,32,1,1,1536,32,1
"KERNEL_DISPATCH","Agent 2",1,0,1123883,1896,24,"gated_delta_net_q8_fast",1896,104088136330811,104088136913659,2048,0,64,0,128,32,1,1,1536,32,1
"KERNEL_DISPATCH","Agent 2",1,0,1123883,1891,21,"gemm_qkvza_mq4g256v2_wmma_fp8_v2_b128x128_gfx1201_symfold",1891,104088122398742,104088131878671,0,0,208,0,128,256,1,1,33024,64,1
"KERNEL_DISPATCH","Agent 2",1,0,1123883,1886,30,"gemm_gate_up_mq4g256v2_wmma_fp8_v2_b128x128_gfx1201_symfold",1886,104088086999423,104088107741704,0,0,192,0,128,256,1,1,69632,64,1
"KERNEL_DISPATCH","Agent 2",1,0,1123883,1881,25,"gated_norm_f32",1881,104088080816420,104088081798793,0,0,24,0,128,32,1,1,1536,8192,1
"KERNEL_DISPATCH","Agent 2",1,0,1123883,1876,24,"gated_delta_net_q8_fast",1876,104088078022382,104088078582190,2048,0,64,0,128,32,1,1,1536,32,1
"KERNEL_DISPATCH","Agent 2",1,0,1123883,1871,24,"gated_delta_net_q8_fast",1871,104088075176464,104088075750111,2048,0,64,0,128,32,1,1,1536,32,1
"KERNEL_DISPATCH","Agent 2",1,0,1123883,1866,24,"gated_delta_net_q8_fast",1866,104088072275744,104088072853192,2048,0,64,0,128,32,1,1,1536,32,1
"KERNEL_DISPATCH","Agent 2",1,0,1123883,1861,29,"gemm_mq4g256v2_residual_wmma_fp8_v2_b128x128_gfx1201_symfold",1861,104088048956989,104088058913124,0,0,192,0,128,256,1,1,10240,64,1
"KERNEL_DISPATCH","Agent 2",1,0,1123883,1856,29,"gemm_mq4g256v2_residual_wmma_fp8_v2_b128x128_gfx1201_symfold",1856,104088020123799,104088023477124,0,0,192,0,128,256,1,1,10240,64,1
"KERNEL_DISPATCH","Agent 2",1,0,1123883,1851,37,"kv_cache_write_fp8_e4m3_batched",1851,104088005839006,104088005926087,0,0,56,0,128,32,1,1,128,8192,1
"KERNEL_DISPATCH","Agent 2",1,0,1123883,1846,32,"gemm_qkv_mq4g256v2_wmma_fp8_v2_b128x128_gfx1201_symfold",1846,104087995419465,104088003776698,0,0,192,0,128,256,1,1,28672,64,1
"KERNEL_DISPATCH","Agent 2",1,0,1123883,1841,30,"gemm_gate_up_mq4g256v2_wmma_fp8_v2_b128x128_gfx1201_symfold",1841,104087959977105,104087980685665,0,0,192,0,128,256,1,1,69632,64,1
"KERNEL_DISPATCH","Agent 2",1,0,1123883,1836,25,"gated_norm_f32",1836,104087953792661,104087954792715,0,0,24,0,128,32,1,1,1536,8192,1
"KERNEL_DISPATCH","Agent 2",1,0,1123883,1831,24,"gated_delta_net_q8_fast",1831,104087950973623,104087951541511,2048,0,64,0,128,32,1,1,1536,32,1
"KERNEL_DISPATCH","Agent 2",1,0,1123883,1826,24,"gated_delta_net_q8_fast",1826,104087948077944,104087948658752,2048,0,64,0,128,32,1,1,1536,32,1
"KERNEL_DISPATCH","Agent 2",1,0,1123883,1821,24,"gated_delta_net_q8_fast",1821,104087945174785,104087945750993,2048,0,64,0,128,32,1,1,1536,32,1
"KERNEL_DISPATCH","Agent 2",1,0,1123883,3180,15,"__amd_rocclr_fillBufferUnAligned",3180,104089583354556,104089583355716,0,0,8,0,128,256,1,1,7680,1,1
"KERNEL_DISPATCH","Agent 2",1,0,1123883,3185,15,"__amd_rocclr_fillBufferUnAligned",3185,104089583377236,104089583378396,0,0,8,0,128,256,1,1,7680,1,1
"KERNEL_DISPATCH","Agent 2",1,0,1123883,1816,29,"gemm_mq4g256v2_residual_wmma_fp8_v2_b128x128_gfx1201_symfold",1816,104087921936110,104087931695763,0,0,192,0,128,256,1,1,10240,64,1
"KERNEL_DISPATCH","Agent 2",1,0,1123883,1811,29,"gemm_mq4g256v2_residual_wmma_fp8_v2_b128x128_gfx1201_symfold",1811,104087892971999,104087896337044,0,0,192,0,128,256,1,1,10240,64,1
"KERNEL_DISPATCH","Agent 2",1,0,1123883,3190,15,"__amd_rocclr_fillBufferUnAligned",3190,104089583400117,104089583401357,0,0,8,0,128,256,1,1,7680,1,1
"KERNEL_DISPATCH","Agent 2",1,0,1123883,3195,15,"__amd_rocclr_fillBufferUnAligned",3195,104089583425637,104089583427677,0,0,8,0,128,256,1,1,8192,1,1
"KERNEL_DISPATCH","Agent 2",1,0,1123883,3200,15,"__amd_rocclr_fillBufferUnAligned",3200,104089583453037,104089583455197,0,0,8,0,128,256,1,1,8192,1,1
"KERNEL_DISPATCH","Agent 2",1,0,1123883,1806,24,"gated_delta_net_q8_fast",1806,104087889714755,104087890273602,2048,0,64,0,128,32,1,1,1536,32,1
"KERNEL_DISPATCH","Agent 2",1,0,1123883,3205,15,"__amd_rocclr_fillBufferUnAligned",3205,104089583480318,104089583482478,0,0,8,0,128,256,1,1,8192,1,1
"KERNEL_DISPATCH","Agent 2",1,0,1123883,1801,24,"gated_delta_net_q8_fast",1801,104087886873276,104087887446004,2048,0,64,0,128,32,1,1,1536,32,1
"KERNEL_DISPATCH","Agent 2",1,0,1123883,3210,15,"__amd_rocclr_fillBufferUnAligned",3210,104089583507518,104089583509758,0,0,8,0,128,256,1,1,8192,1,1
"KERNEL_DISPATCH","Agent 2",1,0,1123883,1796,24,"gated_delta_net_q8_fast",1796,104087883965557,104087884545605,2048,0,64,0,128,32,1,1,1536,32,1
"KERNEL_DISPATCH","Agent 2",1,0,1123883,1791,22,"gdn_pre_batched_gfx1201",1791,104087878947329,104087881622565,33280,0,224,0,128,256,1,1,2686976,1,1
"KERNEL_DISPATCH","Agent 2",1,0,1123883,3150,15,"__amd_rocclr_fillBufferUnAligned",3150,104089583218114,104089583219354,0,0,8,0,128,256,1,1,7680,1,1
"KERNEL_DISPATCH","Agent 2",1,0,1123883,3220,15,"__amd_rocclr_fillBufferUnAligned",3220,104089583562239,104089583564439,0,0,8,0,128,256,1,1,8192,1,1
"KERNEL_DISPATCH","Agent 2",1,0,1123883,3225,15,"__amd_rocclr_fillBufferUnAligned",3225,104089583589639,104089583591759,0,0,8,0,128,256,1,1,8192,1,1
"KERNEL_DISPATCH","Agent 2",1,0,1123883,3230,15,"__amd_rocclr_fillBufferUnAligned",3230,104089583617040,104089583619200,0,0,8,0,128,256,1,1,8192,1,1
"KERNEL_DISPATCH","Agent 2",1,0,1123883,3235,15,"__amd_rocclr_fillBufferUnAligned",3235,104089583644800,104089583646960,0,0,8,0,128,256,1,1,8192,1,1
"KERNEL_DISPATCH","Agent 2",1,0,1123883,3240,19,"embedding_q8_batched",3240,104089584443731,104089584745855,0,0,8,0,128,256,1,1,2097152,1,1
"KERNEL_DISPATCH","Agent 2",1,0,1123883,3245,24,"gated_delta_net_q8_fast",3245,104089597570418,104089598111586,2048,0,64,0,128,32,1,1,1536,32,1
"KERNEL_DISPATCH","Agent 2",1,0,1123883,3250,24,"gated_delta_net_q8_fast",3250,104089600310855,104089600858263,2048,0,64,0,128,32,1,1,1536,32,1
"KERNEL_DISPATCH","Agent 2",1,0,1123883,3255,24,"gated_delta_net_q8_fast",3255,104089603046652,104089603588340,2048,0,64,0,128,32,1,1,1536,32,1
"KERNEL_DISPATCH","Agent 2",1,0,1123883,3282,24,"gated_delta_net_q8_fast",3282,104089665435616,104089666014184,2048,0,64,0,128,32,1,1,1536,32,1
"KERNEL_DISPATCH","Agent 2",1,0,1123883,3260,25,"gated_norm_f32",3260,104089605748569,104089606730742,0,0,24,0,128,32,1,1,1536,8192,1
"KERNEL_DISPATCH","Agent 2",1,0,1123883,3265,30,"gemm_gate_up_mq4g256v2_wmma_fp8_v2_b128x128_gfx1201_symfold",3265,104089611871492,104089632580052,0,0,192,0,128,256,1,1,69632,64,1
"KERNEL_DISPATCH","Agent 2",1,0,1123883,3270,21,"gemm_qkvza_mq4g256v2_wmma_fp8_v2_b128x128_gfx1201_symfold",3270,104089647259891,104089656847420,0,0,208,0,128,256,1,1,33024,64,1
"KERNEL_DISPATCH","Agent 2",1,0,1123883,3275,24,"gated_delta_net_q8_fast",3275,104089661307801,104089661888569,2048,0,64,0,128,32,1,1,1536,32,1
"KERNEL_DISPATCH","Agent 2",1,0,1123883,3280,24,"gated_delta_net_q8_fast",3280,104089664255321,104089664840728,2048,0,64,0,128,32,1,1,1536,32,1
"KERNEL_DISPATCH","Agent 2",1,0,1123883,3285,24,"gated_delta_net_q8_fast",3285,104089667171680,104089667737128,2048,0,64,0,128,32,1,1,1536,32,1
"KERNEL_DISPATCH","Agent 2",1,0,1123883,3290,27,"pack_f32_to_fp8_mq4v2_gfx12",3290,104089670504405,104089671003172,512,0,24,0,128,256,1,1,2097152,1,1
"KERNEL_DISPATCH","Agent 2",1,0,1123883,3295,27,"pack_f32_to_fp8_mq4v2_gfx12",3295,104089698598825,104089699926883,512,0,24,0,128,256,1,1,2097152,1,1
"KERNEL_DISPATCH","Agent 2",1,0,1123883,3300,24,"gated_delta_net_q8_fast",3300,104089722664791,104089723249399,2048,0,64,0,128,32,1,1,1536,32,1
"KERNEL_DISPATCH","Agent 2",1,0,1123883,3305,24,"gated_delta_net_q8_fast",3305,104089725594910,104089726181758,2048,0,64,0,128,32,1,1,1536,32,1
"KERNEL_DISPATCH","Agent 2",1,0,1123883,3310,24,"gated_delta_net_q8_fast",3310,104089728524070,104089729096678,2048,0,64,0,128,32,1,1,1536,32,1
"KERNEL_DISPATCH","Agent 2",1,0,1123883,3315,24,"gated_delta_net_q8_fast",3315,104089731375189,104089731932316,2048,0,64,0,128,32,1,1,1536,32,1
"KERNEL_DISPATCH","Agent 2",1,0,1123883,3320,20,"fused_rmsnorm_mq_rotate_awq_mq4v2_fp8_gfx12",3320,104089737448951,104089738121280,0,0,96,0,128,256,1,1,2097152,1,1
"KERNEL_DISPATCH","Agent 2",1,0,1123883,3325,20,"fused_rmsnorm_mq_rotate_awq_mq4v2_fp8_gfx12",3325,104089772869230,104089773553239,0,0,96,0,128,256,1,1,2097152,1,1
"KERNEL_DISPATCH","Agent 2",1,0,1123883,3330,37,"kv_cache_write_fp8_e4m3_batched",3330,104089784045141,104089784107902,0,0,56,0,128,32,1,1,128,8192,1
"KERNEL_DISPATCH","Agent 2",1,0,1123883,3335,27,"pack_f32_to_fp8_mq4v2_gfx12",3335,104089798060491,104089798560937,512,0,24,0,128,256,1,1,2097152,1,1
"KERNEL_DISPATCH","Agent 2",1,0,1123883,3340,27,"pack_f32_to_fp8_mq4v2_gfx12",3340,104089826071110,104089827398528,512,0,24,0,128,256,1,1,2097152,1,1
"KERNEL_DISPATCH","Agent 2",1,0,1123883,3345,24,"gated_delta_net_q8_fast",3345,104089850131315,104089850718963,2048,0,64,0,128,32,1,1,1536,32,1
"KERNEL_DISPATCH","Agent 2",1,0,1123883,3215,15,"__amd_rocclr_fillBufferUnAligned",3215,104089583534799,104089583537079,0,0,8,0,128,256,1,1,8192,1,1
"KERNEL_DISPATCH","Agent 2",1,0,1123883,3355,24,"gated_delta_net_q8_fast",3355,104089855983634,104089856553642,2048,0,64,0,128,32,1,1,1536,32,1
"KERNEL_DISPATCH","Agent 2",1,0,1123883,1786,31,"fused_silu_mul_mq_rotate_awq",1786,104087854719041,104087857560680,0,0,56,0,128,32,1,1,2176,8192,1
"KERNEL_DISPATCH","Agent 2",1,0,1123883,3360,24,"gated_delta_net_q8_fast",3360,104089858822953,104089859381720,2048,0,64,0,128,32,1,1,1536,32,1
"KERNEL_DISPATCH","Agent 2",1,0,1123883,1781,26,"rotate_x_mq_awq",1781,104087828708009,104087829333538,0,0,80,0,128,32,1,1,768,8192,1
"KERNEL_DISPATCH","Agent 2",1,0,1123883,1776,24,"gated_delta_net_q8_fast",1776,104087825469485,104087826030213,2048,0,64,0,128,32,1,1,1536,32,1
"KERNEL_DISPATCH","Agent 2",1,0,1123883,3365,20,"fused_rmsnorm_mq_rotate_awq_mq4v2_fp8_gfx12",3365,104089864929995,104089865609644,0,0,96,0,128,256,1,1,2097152,1,1
"KERNEL_DISPATCH","Agent 2",1,0,1123883,1771,24,"gated_delta_net_q8_fast",1771,104087822615767,104087823189935,2048,0,64,0,128,32,1,1,1536,32,1
"KERNEL_DISPATCH","Agent 2",1,0,1123883,1766,24,"gated_delta_net_q8_fast",1766,104087819712528,104087820288295,2048,0,64,0,128,32,1,1,1536,32,1
"KERNEL_DISPATCH","Agent 2",1,0,1123883,1761,20,"fused_rmsnorm_mq_rotate_awq_mq4v2_fp8_gfx12",1761,104087805728378,104087806410148,0,0,96,0,128,256,1,1,2097152,1,1
"KERNEL_DISPATCH","Agent 2",1,0,1123883,1756,20,"fused_rmsnorm_mq_rotate_awq_mq4v2_fp8_gfx12",1756,104087770261979,104087770932668,0,0,96,0,128,256,1,1,2097152,1,1
"KERNEL_DISPATCH","Agent 2",1,0,1123883,1751,41,"attention_fp8_e4m3_fa2_gqa_packet_gfx1201",1751,104087752741022,104087764783185,0,0,240,0,128,256,1,1,6144,4,16
"KERNEL_DISPATCH","Agent 2",1,0,1123883,1746,33,"deinterleave_q_rmsnorm_f32_batched",1746,104087750599073,104087751977931,0,0,24,0,128,256,1,1,6144,8192,1
"KERNEL_DISPATCH","Agent 2",1,0,1123883,1741,31,"fused_silu_mul_mq_rotate_awq",1741,104087727572041,104087730393919,0,0,56,0,128,32,1,1,2176,8192,1
"KERNEL_DISPATCH","Agent 2",1,0,1123883,1736,26,"rotate_x_mq_awq",1736,104087701637450,104087702259019,0,0,80,0,128,32,1,1,768,8192,1
"KERNEL_DISPATCH","Agent 2",1,0,1123883,3277,24,"gated_delta_net_q8_fast",3277,104089662476456,104089663062944,2048,0,64,0,128,32,1,1,1536,32,1
"KERNEL_DISPATCH","Agent 2",1,0,1123883,1731,24,"gated_delta_net_q8_fast",1731,104087698387606,104087698951374,2048,0,64,0,128,32,1,1,1536,32,1
"KERNEL_DISPATCH","Agent 2",1,0,1123883,3272,24,"gated_delta_net_q8_fast",3272,104089659548337,104089660134465,2048,0,64,0,128,32,1,1,1536,32,1
"KERNEL_DISPATCH","Agent 2",1,0,1123883,3267,27,"pack_f32_to_fp8_mq4v2_gfx12",3267,104089635436131,104089636765909,512,0,24,0,128,256,1,1,2097152,1,1
"KERNEL_DISPATCH","Agent 2",1,0,1123883,1726,24,"gated_delta_net_q8_fast",1726,104087695506807,104087696086015,2048,0,64,0,128,32,1,1,1536,32,1
"KERNEL_DISPATCH","Agent 2",1,0,1123883,1721,24,"gated_delta_net_q8_fast",1721,104087692600408,104087693174856,2048,0,64,0,128,32,1,1,1536,32,1
"KERNEL_DISPATCH","Agent 2",1,0,1123883,3262,27,"pack_f32_to_fp8_mq4v2_gfx12",3262,104089607379071,104089607875518,512,0,24,0,128,256,1,1,2097152,1,1
"KERNEL_DISPATCH","Agent 2",1,0,1123883,1716,20,"fused_rmsnorm_mq_rotate_awq_mq4v2_fp8_gfx12",1716,104087678490697,104087679172826,0,0,96,0,128,256,1,1,2097152,1,1
"KERNEL_DISPATCH","Agent 2",1,0,1123883,1711,20,"fused_rmsnorm_mq_rotate_awq_mq4v2_fp8_gfx12",1711,104087643055018,104087643729307,0,0,96,0,128,256,1,1,2097152,1,1
"KERNEL_DISPATCH","Agent 2",1,0,1123883,1706,24,"gated_delta_net_q8_fast",1706,104087636995536,104087637545783,2048,0,64,0,128,32,1,1,1536,32,1
"KERNEL_DISPATCH","Agent 2",1,0,1123883,1701,24,"gated_delta_net_q8_fast",1701,104087634197138,104087634756146,2048,0,64,0,128,32,1,1,1536,32,1
"KERNEL_DISPATCH","Agent 2",1,0,1123883,1696,24,"gated_delta_net_q8_fast",1696,104087631334299,104087631907507,2048,0,64,0,128,32,1,1,1536,32,1
"KERNEL_DISPATCH","Agent 2",1,0,1123883,1691,24,"gated_delta_net_q8_fast",1691,104087628453260,104087629028268,2048,0,64,0,128,32,1,1,1536,32,1
"KERNEL_DISPATCH","Agent 2",1,0,1123883,1686,27,"pack_f32_to_fp8_mq4v2_gfx12",1686,104087604292173,104087605620631,512,0,24,0,128,256,1,1,2097152,1,1
"KERNEL_DISPATCH","Agent 2",1,0,1123883,1681,27,"pack_f32_to_fp8_mq4v2_gfx12",1681,104087576224394,104087576726160,512,0,24,0,128,256,1,1,2097152,1,1
"KERNEL_DISPATCH","Agent 2",1,0,1123883,1676,24,"gated_delta_net_q8_fast",1676,104087572911069,104087573470916,2048,0,64,0,128,32,1,1,1536,32,1
"KERNEL_DISPATCH","Agent 2",1,0,1123883,1671,24,"gated_delta_net_q8_fast",1671,104087570055230,104087570629198,2048,0,64,0,128,32,1,1,1536,32,1
"KERNEL_DISPATCH","Agent 2",1,0,1123883,1666,24,"gated_delta_net_q8_fast",1666,104087567152191,104087567726879,2048,0,64,0,128,32,1,1,1536,32,1
"KERNEL_DISPATCH","Agent 2",1,0,1123883,1661,21,"gemm_qkvza_mq4g256v2_wmma_fp8_v2_b128x128_gfx1201_symfold",1661,104087553195762,104087562698091,0,0,208,0,128,256,1,1,33024,64,1
"KERNEL_DISPATCH","Agent 2",1,0,1123883,1656,30,"gemm_gate_up_mq4g256v2_wmma_fp8_v2_b128x128_gfx1201_symfold",1656,104087517893525,104087538542444,0,0,192,0,128,256,1,1,69632,64,1
"KERNEL_DISPATCH","Agent 2",1,0,1123883,3350,24,"gated_delta_net_q8_fast",3350,104089853074435,104089853661243,2048,0,64,0,128,32,1,1,1536,32,1
"KERNEL_DISPATCH","Agent 2",1,0,1123883,1651,49,"sigmoid_mul_f32",1651,104087511752122,104087512727575,0,0,16,0,128,256,1,1,50331648,1,1
"KERNEL_DISPATCH","Agent 2",1,0,1123883,3375,24,"gated_delta_net_q8_fast",3375,104089914399504,104089914994473,2048,0,64,0,128,32,1,1,1536,32,1
"KERNEL_DISPATCH","Agent 2",1,0,1123883,3380,24,"gated_delta_net_q8_fast",3380,104089917378625,104089917958953,2048,0,64,0,128,32,1,1,1536,32,1
"KERNEL_DISPATCH","Agent 2",1,0,1123883,1646,35,"rmsnorm_f32",1646,104087498993269,104087499211832,0,0,16,0,128,256,1,1,8388608,1,1
"KERNEL_DISPATCH","Agent 2",1,0,1123883,3385,24,"gated_delta_net_q8_fast",3385,104089920266824,104089920830871,2048,0,64,0,128,32,1,1,1536,32,1
"KERNEL_DISPATCH","Agent 2",1,0,1123883,1641,27,"pack_f32_to_fp8_mq4v2_gfx12",1641,104087477319256,104087478647834,512,0,24,0,128,256,1,1,2097152,1,1
"KERNEL_DISPATCH","Agent 2",1,0,1123883,1636,27,"pack_f32_to_fp8_mq4v2_gfx12",1636,104087449167755,104087449667842,512,0,24,0,128,256,1,1,2097152,1,1
"KERNEL_DISPATCH","Agent 2",1,0,1123883,3390,26,"rotate_x_mq_awq",3390,104089923518348,104089924143516,0,0,80,0,128,32,1,1,768,8192,1
"KERNEL_DISPATCH","Agent 2",1,0,1123883,3370,20,"fused_rmsnorm_mq_rotate_awq_mq4v2_fp8_gfx12",3370,104089900255633,104089900938962,0,0,96,0,128,256,1,1,2097152,1,1
"KERNEL_DISPATCH","Agent 2",1,0,1123883,3395,31,"fused_silu_mul_mq_rotate_awq",3395,104089949528820,104089952369538,0,0,56,0,128,32,1,1,2176,8192,1
"KERNEL_DISPATCH","Agent 2",1,0,1123883,1631,24,"gated_delta_net_q8_fast",1631,104087445857550,104087446413678,2048,0,64,0,128,32,1,1,1536,32,1
"KERNEL_DISPATCH","Agent 2",1,0,1123883,3400,22,"gdn_pre_batched_gfx1201",3400,104089973830388,104089976498625,33280,0,224,0,128,256,1,1,2686976,1,1
"KERNEL_DISPATCH","Agent 2",1,0,1123883,3405,24,"gated_delta_net_q8_fast",3405,104089978837176,104089979418104,2048,0,64,0,128,32,1,1,1536,32,1
"KERNEL_DISPATCH","Agent 2",1,0,1123883,1626,24,"gated_delta_net_q8_fast",1626,104087443025672,104087443594399,2048,0,64,0,128,32,1,1,1536,32,1
"KERNEL_DISPATCH","Agent 2",1,0,1123883,3415,24,"gated_delta_net_q8_fast",3415,104089984521413,104089985073221,2048,0,64,0,128,32,1,1,1536,32,1
"KERNEL_DISPATCH","Agent 2",1,0,1123883,3420,29,"gemm_mq4g256v2_residual_wmma_fp8_v2_b128x128_gfx1201_symfold",3420,104089987767657,104089991120222,0,0,192,0,128,256,1,1,10240,64,1
"KERNEL_DISPATCH","Agent 2",1,0,1123883,1621,24,"gated_delta_net_q8_fast",1621,104087440109112,104087440695720,2048,0,64,0,128,32,1,1,1536,32,1
"KERNEL_DISPATCH","Agent 2",1,0,1123883,3425,29,"gemm_mq4g256v2_residual_wmma_fp8_v2_b128x128_gfx1201_symfold",3425,104090016813290,104090026785865,0,0,192,0,128,256,1,1,10240,64,1
"KERNEL_DISPATCH","Agent 2",1,0,1123883,1616,21,"gemm_qkvza_mq4g256v2_wmma_fp8_v2_b128x128_gfx1201_symfold",1616,104087426221244,104087435661852,0,0,208,0,128,256,1,1,33024,64,1
"KERNEL_DISPATCH","Agent 2",1,0,1123883,1611,30,"gemm_gate_up_mq4g256v2_wmma_fp8_v2_b128x128_gfx1201_symfold",1611,104087390813645,104087411528046,0,0,192,0,128,256,1,1,69632,64,1
"KERNEL_DISPATCH","Agent 2",1,0,1123883,3430,36,"rope_partial_halfsplit_batched_f32",3430,104090037496650,104090037864055,0,0,16,0,128,32,1,1,32,8192,1
"KERNEL_DISPATCH","Agent 2",1,0,1123883,3435,26,"rotate_x_mq_awq",3435,104090051218875,104090051848844,0,0,80,0,128,32,1,1,768,8192,1
"KERNEL_DISPATCH","Agent 2",1,0,1123883,1606,25,"gated_norm_f32",1606,104087384625562,104087385607655,0,0,24,0,128,32,1,1,1536,8192,1
"KERNEL_DISPATCH","Agent 2",1,0,1123883,3440,31,"fused_silu_mul_mq_rotate_awq",3440,104090077055585,104090079876743,0,0,56,0,128,32,1,1,2176,8192,1
"KERNEL_DISPATCH","Agent 2",1,0,1123883,1601,24,"gated_delta_net_q8_fast",1601,104087381836124,104087382393972,2048,0,64,0,128,32,1,1,1536,32,1
"KERNEL_DISPATCH","Agent 2",1,0,1123883,1596,24,"gated_delta_net_q8_fast",1596,104087378983885,104087379556613,2048,0,64,0,128,32,1,1,1536,32,1
"KERNEL_DISPATCH","Agent 2",1,0,1123883,3445,22,"gdn_pre_batched_gfx1201",3445,104090101388154,104090104039630,33280,0,224,0,128,256,1,1,2686976,1,1
"KERNEL_DISPATCH","Agent 2",1,0,1123883,1591,24,"gated_delta_net_q8_fast",1591,104087376086206,104087376661774,2048,0,64,0,128,32,1,1,1536,32,1
"KERNEL_DISPATCH","Agent 2",1,0,1123883,3450,24,"gated_delta_net_q8_fast",3450,104090106353701,104090106927109,2048,0,64,0,128,32,1,1,1536,32,1
"KERNEL_DISPATCH","Agent 2",1,0,1123883,1586,29,"gemm_mq4g256v2_residual_wmma_fp8_v2_b128x128_gfx1201_symfold",1586,104087352856852,104087362689225,0,0,192,0,128,256,1,1,10240,64,1
"KERNEL_DISPATCH","Agent 2",1,0,1123883,3455,24,"gated_delta_net_q8_fast",3455,104090109227380,104090109794268,2048,0,64,0,128,32,1,1,1536,32,1
"KERNEL_DISPATCH","Agent 2",1,0,1123883,3460,24,"gated_delta_net_q8_fast",3460,104090112056938,104090112611186,2048,0,64,0,128,32,1,1,1536,32,1
"KERNEL_DISPATCH","Agent 2",1,0,1123883,3465,29,"gemm_mq4g256v2_residual_wmma_fp8_v2_b128x128_gfx1201_symfold",3465,104090115314542,104090118689428,0,0,192,0,128,256,1,1,10240,64,1
"KERNEL_DISPATCH","Agent 2",1,0,1123883,1581,29,"gemm_mq4g256v2_residual_wmma_fp8_v2_b128x128_gfx1201_symfold",1581,104087323853300,104087327209265,0,0,192,0,128,256,1,1,10240,64,1
"KERNEL_DISPATCH","Agent 2",1,0,1123883,3470,29,"gemm_mq4g256v2_residual_wmma_fp8_v2_b128x128_gfx1201_symfold",3470,104090144344015,104090154155948,0,0,192,0,128,256,1,1,10240,64,1
"KERNEL_DISPATCH","Agent 2",1,0,1123883,3257,24,"gated_delta_net_q8_fast",3257,104089604132267,104089604667754,2048,0,64,0,128,32,1,1,1536,32,1
"KERNEL_DISPATCH","Agent 2",1,0,1123883,3475,24,"gated_delta_net_q8_fast",3475,104090167752772,104090168332820,2048,0,64,0,128,32,1,1,1536,32,1
"KERNEL_DISPATCH","Agent 2",1,0,1123883,3252,24,"gated_delta_net_q8_fast",3252,104089601412110,104089601954118,2048,0,64,0,128,32,1,1,1536,32,1
"KERNEL_DISPATCH","Agent 2",1,0,1123883,3480,24,"gated_delta_net_q8_fast",3480,104090170670411,104090171254859,2048,0,64,0,128,32,1,1,1536,32,1
"KERNEL_DISPATCH","Agent 2",1,0,1123883,1576,24,"gated_delta_net_q8_fast",1576,104087320605816,104087321159463,2048,0,64,0,128,32,1,1,1536,32,1
"KERNEL_DISPATCH","Agent 2",1,0,1123883,3247,24,"gated_delta_net_q8_fast",3247,104089598662633,104089599207041,2048,0,64,0,128,32,1,1,1536,32,1
"KERNEL_DISPATCH","Agent 2",1,0,1123883,3485,24,"gated_delta_net_q8_fast",3485,104090173561890,104090174129298,2048,0,64,0,128,32,1,1,1536,32,1
"KERNEL_DISPATCH","Agent 2",1,0,1123883,2932,15,"__amd_rocclr_fillBufferUnAligned",2932,104089582140500,104089582141860,0,0,8,0,128,256,1,1,1536,1,1
"KERNEL_DISPATCH","Agent 2",1,0,1123883,3490,25,"gated_norm_f32",3490,104090176376488,104090177358862,0,0,24,0,128,32,1,1,1536,8192,1
"KERNEL_DISPATCH","Agent 2",1,0,1123883,2927,15,"__amd_rocclr_fillBufferUnAligned",2927,104089582116459,104089582117819,0,0,8,0,128,256,1,1,1536,1,1
"KERNEL_DISPATCH","Agent 2",1,0,1123883,3495,30,"gemm_gate_up_mq4g256v2_wmma_fp8_v2_b128x128_gfx1201_symfold",3495,104090182611173,104090203401814,0,0,192,0,128,256,1,1,69632,64,1
"KERNEL_DISPATCH","Agent 2",1,0,1123883,3500,21,"gemm_qkvza_mq4g256v2_wmma_fp8_v2_b128x128_gfx1201_symfold",3500,104090218097573,104090227602101,0,0,208,0,128,256,1,1,33024,64,1
"KERNEL_DISPATCH","Agent 2",1,0,1123883,2917,15,"__amd_rocclr_fillBufferUnAligned",2917,104089582067939,104089582069299,0,0,8,0,128,256,1,1,1536,1,1
"KERNEL_DISPATCH","Agent 2",1,0,1123883,3505,24,"gated_delta_net_q8_fast",3505,104090232079562,104090232669370,2048,0,64,0,128,32,1,1,1536,32,1
"KERNEL_DISPATCH","Agent 2",1,0,1123883,2912,15,"__amd_rocclr_fillBufferUnAligned",2912,104089582044018,104089582045338,0,0,8,0,128,256,1,1,1536,1,1
"KERNEL_DISPATCH","Agent 2",1,0,1123883,2907,15,"__amd_rocclr_fillBufferUnAligned",2907,104089582019738,104089582021178,0,0,8,0,128,256,1,1,1536,1,1
"KERNEL_DISPATCH","Agent 2",1,0,1123883,3510,24,"gated_delta_net_q8_fast",3510,104090235036722,104090235615130,2048,0,64,0,128,32,1,1,1536,32,1
"KERNEL_DISPATCH","Agent 2",1,0,1123883,3515,24,"gated_delta_net_q8_fast",3515,104090237910441,104090238472209,2048,0,64,0,128,32,1,1,1536,32,1
"KERNEL_DISPATCH","Agent 2",1,0,1123883,3520,27,"pack_f32_to_fp8_mq4v2_gfx12",3520,104090241228526,104090241731853,512,0,24,0,128,256,1,1,2097152,1,1
"KERNEL_DISPATCH","Agent 2",1,0,1123883,3525,27,"pack_f32_to_fp8_mq4v2_gfx12",3525,104090269400107,104090270727365,512,0,24,0,128,256,1,1,2097152,1,1
"KERNEL_DISPATCH","Agent 2",1,0,1123883,3530,35,"rmsnorm_f32",3530,104090291122801,104090291342284,0,0,16,0,128,256,1,1,8388608,1,1
"KERNEL_DISPATCH","Agent 2",1,0,1123883,3535,49,"sigmoid_mul_f32",3535,104090304094056,104090305067989,0,0,16,0,128,256,1,1,50331648,1,1
"KERNEL_DISPATCH","Agent 2",1,0,1123883,3540,30,"gemm_gate_up_mq4g256v2_wmma_fp8_v2_b128x128_gfx1201_symfold",3540,104090310250980,104090330924979,0,0,192,0,128,256,1,1,69632,64,1
"KERNEL_DISPATCH","Agent 2",1,0,1123883,3545,21,"gemm_qkvza_mq4g256v2_wmma_fp8_v2_b128x128_gfx1201_symfold",3545,104090345596658,104090355126587,0,0,208,0,128,256,1,1,33024,64,1
"KERNEL_DISPATCH","Agent 2",1,0,1123883,3550,24,"gated_delta_net_q8_fast",3550,104090359582327,104090360161975,2048,0,64,0,128,32,1,1,1536,32,1
"KERNEL_DISPATCH","Agent 2",1,0,1123883,3410,24,"gated_delta_net_q8_fast",3410,104089981713655,104089982277263,2048,0,64,0,128,32,1,1,1536,32,1
"KERNEL_DISPATCH","Agent 2",1,0,1123883,3555,24,"gated_delta_net_q8_fast",3555,104090362518207,104090363094494,2048,0,64,0,128,32,1,1,1536,32,1
"KERNEL_DISPATCH","Agent 2",1,0,1123883,3560,24,"gated_delta_net_q8_fast",3560,104090365391285,104090365955653,2048,0,64,0,128,32,1,1,1536,32,1
"KERNEL_DISPATCH","Agent 2",1,0,1123883,3565,27,"pack_f32_to_fp8_mq4v2_gfx12",3565,104090368717610,104090369217977,512,0,24,0,128,256,1,1,2097152,1,1
"KERNEL_DISPATCH","Agent 2",1,0,1123883,3570,27,"pack_f32_to_fp8_mq4v2_gfx12",3570,104090396983713,104090398313971,512,0,24,0,128,256,1,1,2097152,1,1
"KERNEL_DISPATCH","Agent 2",1,0,1123883,3575,24,"gated_delta_net_q8_fast",3575,104090421052398,104090421635766,2048,0,64,0,128,32,1,1,1536,32,1
"KERNEL_DISPATCH","Agent 2",1,0,1123883,3580,24,"gated_delta_net_q8_fast",3580,104090423984998,104090424571206,2048,0,64,0,128,32,1,1,1536,32,1
"KERNEL_DISPATCH","Agent 2",1,0,1123883,3585,24,"gated_delta_net_q8_fast",3585,104090426899238,104090427469765,2048,0,64,0,128,32,1,1,1536,32,1
"KERNEL_DISPATCH","Agent 2",1,0,1123883,3590,24,"gated_delta_net_q8_fast",3590,104090429736756,104090430291963,2048,0,64,0,128,32,1,1,1536,32,1
"KERNEL_DISPATCH","Agent 2",1,0,1123883,3595,20,"fused_rmsnorm_mq_rotate_awq_mq4v2_fp8_gfx12",3595,104090435822638,104090436495127,0,0,96,0,128,256,1,1,2097152,1,1
"KERNEL_DISPATCH","Agent 2",1,0,1123883,3600,20,"fused_rmsnorm_mq_rotate_awq_mq4v2_fp8_gfx12",3600,104090471345119,104090472027808,0,0,96,0,128,256,1,1,2097152,1,1
"KERNEL_DISPATCH","Agent 2",1,0,1123883,3605,24,"gated_delta_net_q8_fast",3605,104090485394149,104090485968637,2048,0,64,0,128,32,1,1,1536,32,1
"KERNEL_DISPATCH","Agent 2",1,0,1123883,3615,24,"gated_delta_net_q8_fast",3615,104090491171987,104090491731315,2048,0,64,0,128,32,1,1,1536,32,1
"KERNEL_DISPATCH","Agent 2",1,0,1123883,3620,26,"rotate_x_mq_awq",3620,104090494408991,104090495034879,0,0,80,0,128,32,1,1,768,8192,1
"KERNEL_DISPATCH","Agent 2",1,0,1123883,3625,31,"fused_silu_mul_mq_rotate_awq",3625,104090520453703,104090523293782,0,0,56,0,128,32,1,1,2176,8192,1
"KERNEL_DISPATCH","Agent 2",1,0,1123883,3630,33,"deinterleave_q_rmsnorm_f32_batched",3630,104090543535975,104090544918114,0,0,24,0,128,256,1,1,6144,8192,1
"KERNEL_DISPATCH","Agent 2",1,0,1123883,3635,41,"attention_fp8_e4m3_fa2_gqa_packet_gfx1201",3635,104090545681684,104090557842929,0,0,240,0,128,256,1,1,6144,4,16
"KERNEL_DISPATCH","Agent 2",1,0,1123883,3640,20,"fused_rmsnorm_mq_rotate_awq_mq4v2_fp8_gfx12",3640,104090563358044,104090564028653,0,0,96,0,128,256,1,1,2097152,1,1
"KERNEL_DISPATCH","Agent 2",1,0,1123883,3645,20,"fused_rmsnorm_mq_rotate_awq_mq4v2_fp8_gfx12",3645,104090598780683,104090599462652,0,0,96,0,128,256,1,1,2097152,1,1
"KERNEL_DISPATCH","Agent 2",1,0,1123883,3650,24,"gated_delta_net_q8_fast",3650,104090612828393,104090613403041,2048,0,64,0,128,32,1,1,1536,32,1
"KERNEL_DISPATCH","Agent 2",1,0,1123883,1571,24,"gated_delta_net_q8_fast",1571,104087317778897,104087318346985,2048,0,64,0,128,32,1,1,1536,32,1
"KERNEL_DISPATCH","Agent 2",1,0,1123883,3655,24,"gated_delta_net_q8_fast",3655,104090615739872,104090616317480,2048,0,64,0,128,32,1,1,1536,32,1
"KERNEL_DISPATCH","Agent 2",1,0,1123883,3660,24,"gated_delta_net_q8_fast",3660,104090618613031,104090619174799,2048,0,64,0,128,32,1,1,1536,32,1
"KERNEL_DISPATCH","Agent 2",1,0,1123883,3665,26,"rotate_x_mq_awq",3665,104090621855515,104090622479203,0,0,80,0,128,32,1,1,768,8192,1
"KERNEL_DISPATCH","Agent 2",1,0,1123883,1566,24,"gated_delta_net_q8_fast",1566,104087314865258,104087315455226,2048,0,64,0,128,32,1,1,1536,32,1
"KERNEL_DISPATCH","Agent 2",1,0,1123883,3670,31,"fused_silu_mul_mq_rotate_awq",3670,104090647895747,104090650715825,0,0,56,0,128,32,1,1,2176,8192,1
"KERNEL_DISPATCH","Agent 2",1,0,1123883,3675,22,"gdn_pre_batched_gfx1201",3675,104090672073394,104090674757711,33280,0,224,0,128,256,1,1,2686976,1,1
"KERNEL_DISPATCH","Agent 2",1,0,1123883,1561,22,"gdn_pre_batched_gfx1201",1561,104087309829390,104087312500426,33280,0,224,0,128,256,1,1,2686976,1,1
"KERNEL_DISPATCH","Agent 2",1,0,1123883,3680,24,"gated_delta_net_q8_fast",3680,104090677152263,104090677743271,2048,0,64,0,128,32,1,1,1536,32,1
"KERNEL_DISPATCH","Agent 2",1,0,1123883,1556,31,"fused_silu_mul_mq_rotate_awq",1556,104087285721064,104087288541622,0,0,56,0,128,32,1,1,2176,8192,1
"KERNEL_DISPATCH","Agent 2",1,0,1123883,3685,24,"gated_delta_net_q8_fast",3685,104090680077223,104090680648870,2048,0,64,0,128,32,1,1,1536,32,1
"KERNEL_DISPATCH","Agent 2",1,0,1123883,2902,15,"__amd_rocclr_fillBufferUnAligned",2902,104089581995818,104089581997378,0,0,8,0,128,256,1,1,8192,1,1
"KERNEL_DISPATCH","Agent 2",1,0,1123883,3690,24,"gated_delta_net_q8_fast",3690,104090682921501,104090683479669,2048,0,64,0,128,32,1,1,1536,32,1
"KERNEL_DISPATCH","Agent 2",1,0,1123883,2897,15,"__amd_rocclr_fillBufferUnAligned",2897,104089581954817,104089581957017,0,0,8,0,128,256,1,1,8192,1,1
"KERNEL_DISPATCH","Agent 2",1,0,1123883,2892,15,"__amd_rocclr_fillBufferUnAligned",2892,104089581926537,104089581928897,0,0,8,0,128,256,1,1,8192,1,1
"KERNEL_DISPATCH","Agent 2",1,0,1123883,2887,15,"__amd_rocclr_fillBufferUnAligned",2887,104089581898896,104089581901336,0,0,8,0,128,256,1,1,8192,1,1
"KERNEL_DISPATCH","Agent 2",1,0,1123883,2882,15,"__amd_rocclr_fillBufferUnAligned",2882,104089581870896,104089581873056,0,0,8,0,128,256,1,1,8192,1,1
"KERNEL_DISPATCH","Agent 2",1,0,1123883,2877,15,"__amd_rocclr_fillBufferUnAligned",2877,104089581841776,104089581844216,0,0,8,0,128,256,1,1,8192,1,1
"KERNEL_DISPATCH","Agent 2",1,0,1123883,2872,15,"__amd_rocclr_fillBufferUnAligned",2872,104089581815615,104089581817055,0,0,8,0,128,256,1,1,8192,1,1
"KERNEL_DISPATCH","Agent 2",1,0,1123883,2867,15,"__amd_rocclr_fillBufferUnAligned",2867,104089581790895,104089581792415,0,0,8,0,128,256,1,1,8192,1,1
"KERNEL_DISPATCH","Agent 2",1,0,1123883,2862,15,"__amd_rocclr_fillBufferUnAligned",2862,104089581766735,104089581768175,0,0,8,0,128,256,1,1,8192,1,1
"KERNEL_DISPATCH","Agent 2",1,0,1123883,2857,15,"__amd_rocclr_fillBufferUnAligned",2857,104089581742134,104089581743734,0,0,8,0,128,256,1,1,8192,1,1
"KERNEL_DISPATCH","Agent 2",1,0,1123883,2852,15,"__amd_rocclr_fillBufferUnAligned",2852,104089581715014,104089581717374,0,0,8,0,128,256,1,1,8192,1,1
"KERNEL_DISPATCH","Agent 2",1,0,1123883,2847,15,"__amd_rocclr_fillBufferUnAligned",2847,104089581687414,104089581689614,0,0,8,0,128,256,1,1,8192,1,1
"KERNEL_DISPATCH","Agent 2",1,0,1123883,2837,15,"__amd_rocclr_fillBufferUnAligned",2837,104089581631853,104089581634173,0,0,8,0,128,256,1,1,8192,1,1
"KERNEL_DISPATCH","Agent 2",1,0,1123883,2832,15,"__amd_rocclr_fillBufferUnAligned",2832,104089581604412,104089581606492,0,0,8,0,128,256,1,1,8192,1,1
"KERNEL_DISPATCH","Agent 2",1,0,1123883,3610,24,"gated_delta_net_q8_fast",3610,104090488306708,104090488880316,2048,0,64,0,128,32,1,1,1536,32,1
"KERNEL_DISPATCH","Agent 2",1,0,1123883,2827,15,"__amd_rocclr_fillBufferUnAligned",2827,104089581577212,104089581579292,0,0,8,0,128,256,1,1,8192,1,1
"KERNEL_DISPATCH","Agent 2",1,0,1123883,3700,29,"gemm_mq4g256v2_residual_wmma_fp8_v2_b128x128_gfx1201_symfold",3700,104090715188017,104090725024391,0,0,192,0,128,256,1,1,10240,64,1
"KERNEL_DISPATCH","Agent 2",1,0,1123883,3705,24,"gated_delta_net_q8_fast",3705,104090738485413,104090739062060,2048,0,64,0,128,32,1,1,1536,32,1
"KERNEL_DISPATCH","Agent 2",1,0,1123883,2822,15,"__amd_rocclr_fillBufferUnAligned",2822,104089581548932,104089581551012,0,0,8,0,128,256,1,1,8192,1,1
"KERNEL_DISPATCH","Agent 2",1,0,1123883,3710,24,"gated_delta_net_q8_fast",3710,104090741386292,104090741961100,2048,0,64,0,128,32,1,1,1536,32,1
"KERNEL_DISPATCH","Agent 2",1,0,1123883,2817,15,"__amd_rocclr_fillBufferUnAligned",2817,104089581521411,104089581523531,0,0,8,0,128,256,1,1,8192,1,1
"KERNEL_DISPATCH","Agent 2",1,0,1123883,3715,24,"gated_delta_net_q8_fast",3715,104090744245491,104090744806418,2048,0,64,0,128,32,1,1,1536,32,1
"KERNEL_DISPATCH","Agent 2",1,0,1123883,3720,25,"gated_norm_f32",3720,104090747041328,104090748023862,0,0,24,0,128,32,1,1,1536,8192,1
"KERNEL_DISPATCH","Agent 2",1,0,1123883,3725,30,"gemm_gate_up_mq4g256v2_wmma_fp8_v2_b128x128_gfx1201_symfold",3725,104090753235892,104090774108735,0,0,192,0,128,256,1,1,69632,64,1
"KERNEL_DISPATCH","Agent 2",1,0,1123883,3730,32,"gemm_qkv_mq4g256v2_wmma_fp8_v2_b128x128_gfx1201_symfold",3730,104090788775253,104090797184727,0,0,192,0,128,256,1,1,28672,64,1
"KERNEL_DISPATCH","Agent 2",1,0,1123883,3735,37,"kv_cache_write_fp8_e4m3_batched",3735,104090799252515,104090799349996,0,0,56,0,128,32,1,1,128,8192,1
"KERNEL_DISPATCH","Agent 2",1,0,1123883,3740,29,"gemm_mq4g256v2_residual_wmma_fp8_v2_b128x128_gfx1201_symfold",3740,104090813625109,104090816947514,0,0,192,0,128,256,1,1,10240,64,1
"KERNEL_DISPATCH","Agent 2",1,0,1123883,3745,29,"gemm_mq4g256v2_residual_wmma_fp8_v2_b128x128_gfx1201_symfold",3745,104090842470579,104090852306832,0,0,192,0,128,256,1,1,10240,64,1
"KERNEL_DISPATCH","Agent 2",1,0,1123883,3750,24,"gated_delta_net_q8_fast",3750,104090865830975,104090866414063,2048,0,64,0,128,32,1,1,1536,32,1
"KERNEL_DISPATCH","Agent 2",1,0,1123883,3755,24,"gated_delta_net_q8_fast",3755,104090868755335,104090869338343,2048,0,64,0,128,32,1,1,1536,32,1
"KERNEL_DISPATCH","Agent 2",1,0,1123883,3760,24,"gated_delta_net_q8_fast",3760,104090871646894,104090872212662,2048,0,64,0,128,32,1,1,1536,32,1
"KERNEL_DISPATCH","Agent 2",1,0,1123883,3765,25,"gated_norm_f32",3765,104090874472892,104090875456866,0,0,24,0,128,32,1,1,1536,8192,1
"KERNEL_DISPATCH","Agent 2",1,0,1123883,3770,30,"gemm_gate_up_mq4g256v2_wmma_fp8_v2_b128x128_gfx1201_symfold",3770,104090880659536,104090901463057,0,0,192,0,128,256,1,1,69632,64,1
"KERNEL_DISPATCH","Agent 2",1,0,1123883,1551,26,"rotate_x_mq_awq",1551,104087260043636,104087260674445,0,0,80,0,128,32,1,1,768,8192,1
"KERNEL_DISPATCH","Agent 2",1,0,1123883,2925,15,"__amd_rocclr_fillBufferUnAligned",2925,104089582106619,104089582108019,0,0,8,0,128,256,1,1,1536,1,1
"KERNEL_DISPATCH","Agent 2",1,0,1123883,3287,24,"gated_delta_net_q8_fast",3287,104089668308735,104089668869383,2048,0,64,0,128,32,1,1,1536,32,1
"KERNEL_DISPATCH","Agent 2",1,0,1123883,3775,21,"gemm_qkvza_mq4g256v2_wmma_fp8_v2_b128x128_gfx1201_symfold",3775,104090916180257,104090925709985,0,0,208,0,128,256,1,1,33024,64,1
"KERNEL_DISPATCH","Agent 2",1,0,1123883,3780,24,"gated_delta_net_q8_fast",3780,104090930190526,104090930781974,2048,0,64,0,128,32,1,1,1536,32,1
"KERNEL_DISPATCH","Agent 2",1,0,1123883,3785,24,"gated_delta_net_q8_fast",3785,104090933146046,104090933722974,2048,0,64,0,128,32,1,1,1536,32,1
"KERNEL_DISPATCH","Agent 2",1,0,1123883,1546,36,"rope_partial_halfsplit_batched_f32",1546,104087246527774,104087246894619,0,0,16,0,128,32,1,1,32,8192,1
"KERNEL_DISPATCH","Agent 2",1,0,1123883,3790,24,"gated_delta_net_q8_fast",3790,104090936018165,104090936581012,2048,0,64,0,128,32,1,1,1536,32,1
"KERNEL_DISPATCH","Agent 2",1,0,1123883,1541,29,"gemm_mq4g256v2_residual_wmma_fp8_v2_b128x128_gfx1201_symfold",1541,104087225874894,104087235800668,0,0,192,0,128,256,1,1,10240,64,1
"KERNEL_DISPATCH","Agent 2",1,0,1123883,3795,27,"pack_f32_to_fp8_mq4v2_gfx12",3795,104090939340410,104090939842297,512,0,24,0,128,256,1,1,2097152,1,1
"KERNEL_DISPATCH","Agent 2",1,0,1123883,1536,29,"gemm_mq4g256v2_residual_wmma_fp8_v2_b128x128_gfx1201_symfold",1536,104087196909662,104087200264308,0,0,192,0,128,256,1,1,10240,64,1
"KERNEL_DISPATCH","Agent 2",1,0,1123883,1531,24,"gated_delta_net_q8_fast",1531,104087193666418,104087194218866,2048,0,64,0,128,32,1,1,1536,32,1
"KERNEL_DISPATCH","Agent 2",1,0,1123883,1526,24,"gated_delta_net_q8_fast",1526,104087190866261,104087191428348,2048,0,64,0,128,32,1,1,1536,32,1
"KERNEL_DISPATCH","Agent 2",1,0,1123883,3800,27,"pack_f32_to_fp8_mq4v2_gfx12",3800,104090967519471,104090968848929,512,0,24,0,128,256,1,1,2097152,1,1
"KERNEL_DISPATCH","Agent 2",1,0,1123883,1521,24,"gated_delta_net_q8_fast",1521,104087187997702,104087188573550,2048,0,64,0,128,32,1,1,1536,32,1
"KERNEL_DISPATCH","Agent 2",1,0,1123883,3805,24,"gated_delta_net_q8_fast",3805,104090991647357,104090992227565,2048,0,64,0,128,32,1,1,1536,32,1
"KERNEL_DISPATCH","Agent 2",1,0,1123883,3810,24,"gated_delta_net_q8_fast",3810,104090994549917,104090995129725,2048,0,64,0,128,32,1,1,1536,32,1
"KERNEL_DISPATCH","Agent 2",1,0,1123883,3815,24,"gated_delta_net_q8_fast",3815,104090997448316,104090998014124,2048,0,64,0,128,32,1,1,1536,32,1
"KERNEL_DISPATCH","Agent 2",1,0,1123883,3820,24,"gated_delta_net_q8_fast",3820,104091000278154,104091000833642,2048,0,64,0,128,32,1,1,1536,32,1
"KERNEL_DISPATCH","Agent 2",1,0,1123883,3825,20,"fused_rmsnorm_mq_rotate_awq_mq4v2_fp8_gfx12",3825,104091006330876,104091007002085,0,0,96,0,128,256,1,1,2097152,1,1
"KERNEL_DISPATCH","Agent 2",1,0,1123883,3830,20,"fused_rmsnorm_mq_rotate_awq_mq4v2_fp8_gfx12",3830,104091041843956,104091042526726,0,0,96,0,128,256,1,1,2097152,1,1
"KERNEL_DISPATCH","Agent 2",1,0,1123883,3835,37,"kv_cache_write_fp8_e4m3_batched",3835,104091052984067,104091053047988,0,0,56,0,128,32,1,1,128,8192,1
"KERNEL_DISPATCH","Agent 2",1,0,1123883,3840,27,"pack_f32_to_fp8_mq4v2_gfx12",3840,104091066895055,104091067393702,512,0,24,0,128,256,1,1,2097152,1,1
"KERNEL_DISPATCH","Agent 2",1,0,1123883,3845,27,"pack_f32_to_fp8_mq4v2_gfx12",3845,104091095018836,104091096348054,512,0,24,0,128,256,1,1,2097152,1,1
"KERNEL_DISPATCH","Agent 2",1,0,1123883,3850,24,"gated_delta_net_q8_fast",3850,104091119168323,104091119763691,2048,0,64,0,128,32,1,1,1536,32,1
"KERNEL_DISPATCH","Agent 2",1,0,1123883,3855,24,"gated_delta_net_q8_fast",3855,104091122141963,104091122723971,2048,0,64,0,128,32,1,1,1536,32,1
"KERNEL_DISPATCH","Agent 2",1,0,1123883,3860,24,"gated_delta_net_q8_fast",3860,104091125037762,104091125603930,2048,0,64,0,128,32,1,1,1536,32,1
"KERNEL_DISPATCH","Agent 2",1,0,1123883,1516,22,"gdn_pre_batched_gfx1201",1516,104087183006594,104087185671150,33280,0,224,0,128,256,1,1,2686976,1,1
"KERNEL_DISPATCH","Agent 2",1,0,1123883,3865,24,"gated_delta_net_q8_fast",3865,104091127858680,104091128415128,2048,0,64,0,128,32,1,1,1536,32,1
"KERNEL_DISPATCH","Agent 2",1,0,1123883,1511,31,"fused_silu_mul_mq_rotate_awq",1511,104087158781427,104087161602185,0,0,56,0,128,32,1,1,2176,8192,1
"KERNEL_DISPATCH","Agent 2",1,0,1123883,3870,20,"fused_rmsnorm_mq_rotate_awq_mq4v2_fp8_gfx12",3870,104091133949842,104091134623572,0,0,96,0,128,256,1,1,2097152,1,1
"KERNEL_DISPATCH","Agent 2",1,0,1123883,1506,26,"rotate_x_mq_awq",1506,104087132922797,104087133546685,0,0,80,0,128,32,1,1,768,8192,1
"KERNEL_DISPATCH","Agent 2",1,0,1123883,1501,24,"gated_delta_net_q8_fast",1501,104087129673073,104087130237680,2048,0,64,0,128,32,1,1,1536,32,1
"KERNEL_DISPATCH","Agent 2",1,0,1123883,3875,20,"fused_rmsnorm_mq_rotate_awq_mq4v2_fp8_gfx12",3875,104091169541564,104091170222973,0,0,96,0,128,256,1,1,2097152,1,1
"KERNEL_DISPATCH","Agent 2",1,0,1123883,1496,24,"gated_delta_net_q8_fast",1496,104087126782154,104087127362162,2048,0,64,0,128,32,1,1,1536,32,1
"KERNEL_DISPATCH","Agent 2",1,0,1123883,3880,24,"gated_delta_net_q8_fast",3880,104091183577234,104091184160442,2048,0,64,0,128,32,1,1,1536,32,1
"KERNEL_DISPATCH","Agent 2",1,0,1123883,3885,24,"gated_delta_net_q8_fast",3885,104091186514714,104091187089321,2048,0,64,0,128,32,1,1,1536,32,1
"KERNEL_DISPATCH","Agent 2",1,0,1123883,3890,24,"gated_delta_net_q8_fast",3890,104091189377232,104091189937640,2048,0,64,0,128,32,1,1,1536,32,1
"KERNEL_DISPATCH","Agent 2",1,0,1123883,1491,24,"gated_delta_net_q8_fast",1491,104087123885714,104087124458602,2048,0,64,0,128,32,1,1,1536,32,1
"KERNEL_DISPATCH","Agent 2",1,0,1123883,3895,26,"rotate_x_mq_awq",3895,104091192609436,104091193234004,0,0,80,0,128,32,1,1,768,8192,1
"KERNEL_DISPATCH","Agent 2",1,0,1123883,1486,20,"fused_rmsnorm_mq_rotate_awq_mq4v2_fp8_gfx12",1486,104087109905125,104087110584255,0,0,96,0,128,256,1,1,2097152,1,1
"KERNEL_DISPATCH","Agent 2",1,0,1123883,3900,31,"fused_silu_mul_mq_rotate_awq",3900,104091218563587,104091221386665,0,0,56,0,128,32,1,1,2176,8192,1
"KERNEL_DISPATCH","Agent 2",1,0,1123883,3905,22,"gdn_pre_batched_gfx1201",3905,104091242853356,104091245516752,33280,0,224,0,128,256,1,1,2686976,1,1
"KERNEL_DISPATCH","Agent 2",1,0,1123883,3910,24,"gated_delta_net_q8_fast",3910,104091247848183,104091248426231,2048,0,64,0,128,32,1,1,1536,32,1
"KERNEL_DISPATCH","Agent 2",1,0,1123883,3915,24,"gated_delta_net_q8_fast",3915,104091250737142,104091251304990,2048,0,64,0,128,32,1,1,1536,32,1
"KERNEL_DISPATCH","Agent 2",1,0,1123883,3920,24,"gated_delta_net_q8_fast",3920,104091253567261,104091254123028,2048,0,64,0,128,32,1,1,1536,32,1
"KERNEL_DISPATCH","Agent 2",1,0,1123883,3925,29,"gemm_mq4g256v2_residual_wmma_fp8_v2_b128x128_gfx1201_symfold",3925,104091256818625,104091260176350,0,0,192,0,128,256,1,1,10240,64,1
"KERNEL_DISPATCH","Agent 2",1,0,1123883,3930,29,"gemm_mq4g256v2_residual_wmma_fp8_v2_b128x128_gfx1201_symfold",3930,104091285875338,104091295798192,0,0,192,0,128,256,1,1,10240,64,1
"KERNEL_DISPATCH","Agent 2",1,0,1123883,3935,36,"rope_partial_halfsplit_batched_f32",3935,104091306478696,104091306843741,0,0,16,0,128,32,1,1,32,8192,1
"KERNEL_DISPATCH","Agent 2",1,0,1123883,3940,26,"rotate_x_mq_awq",3940,104091320159362,104091320790370,0,0,80,0,128,32,1,1,768,8192,1
"KERNEL_DISPATCH","Agent 2",1,0,1123883,3945,31,"fused_silu_mul_mq_rotate_awq",3945,104091346082512,104091348903630,0,0,56,0,128,32,1,1,2176,8192,1
"KERNEL_DISPATCH","Agent 2",1,0,1123883,1481,20,"fused_rmsnorm_mq_rotate_awq_mq4v2_fp8_gfx12",1481,104087074410845,104087075081374,0,0,96,0,128,256,1,1,2097152,1,1
"KERNEL_DISPATCH","Agent 2",1,0,1123883,3950,22,"gdn_pre_batched_gfx1201",3950,104091370287880,104091372965716,33280,0,224,0,128,256,1,1,2686976,1,1
"KERNEL_DISPATCH","Agent 2",1,0,1123883,1476,24,"gated_delta_net_q8_fast",1476,104087068377564,104087068927651,2048,0,64,0,128,32,1,1,1536,32,1
"KERNEL_DISPATCH","Agent 2",1,0,1123883,1471,24,"gated_delta_net_q8_fast",1471,104087065566886,104087066133173,2048,0,64,0,128,32,1,1,1536,32,1
"KERNEL_DISPATCH","Agent 2",1,0,1123883,3955,24,"gated_delta_net_q8_fast",3955,104091375342268,104091375926116,2048,0,64,0,128,32,1,1,1536,32,1
"KERNEL_DISPATCH","Agent 2",1,0,1123883,1466,24,"gated_delta_net_q8_fast",1466,104087062671046,104087063253294,2048,0,64,0,128,32,1,1,1536,32,1
"KERNEL_DISPATCH","Agent 2",1,0,1123883,1461,24,"gated_delta_net_q8_fast",1461,104087059767607,104087060349175,2048,0,64,0,128,32,1,1,1536,32,1
"KERNEL_DISPATCH","Agent 2",1,0,1123883,3960,24,"gated_delta_net_q8_fast",3960,104091378253347,104091378820315,2048,0,64,0,128,32,1,1,1536,32,1
"KERNEL_DISPATCH","Agent 2",1,0,1123883,3965,24,"gated_delta_net_q8_fast",3965,104091381089066,104091381644793,2048,0,64,0,128,32,1,1,1536,32,1
"KERNEL_DISPATCH","Agent 2",1,0,1123883,1456,27,"pack_f32_to_fp8_mq4v2_gfx12",1456,104087035790123,104087037117741,512,0,24,0,128,256,1,1,2097152,1,1
"KERNEL_DISPATCH","Agent 2",1,0,1123883,3970,29,"gemm_mq4g256v2_residual_wmma_fp8_v2_b128x128_gfx1201_symfold",3970,104091384353710,104091387741196,0,0,192,0,128,256,1,1,10240,64,1
"KERNEL_DISPATCH","Agent 2",1,0,1123883,3975,29,"gemm_mq4g256v2_residual_wmma_fp8_v2_b128x128_gfx1201_symfold",3975,104091413483264,104091423218676,0,0,192,0,128,256,1,1,10240,64,1
"KERNEL_DISPATCH","Agent 2",1,0,1123883,3980,24,"gated_delta_net_q8_fast",3980,104091436782259,104091437358707,2048,0,64,0,128,32,1,1,1536,32,1
"KERNEL_DISPATCH","Agent 2",1,0,1123883,3985,24,"gated_delta_net_q8_fast",3985,104091439701579,104091440283307,2048,0,64,0,128,32,1,1,1536,32,1
"KERNEL_DISPATCH","Agent 2",1,0,1123883,3990,24,"gated_delta_net_q8_fast",3990,104091442592418,104091443155785,2048,0,64,0,128,32,1,1,1536,32,1
"KERNEL_DISPATCH","Agent 2",1,0,1123883,3995,25,"gated_norm_f32",3995,104091445415656,104091446398029,0,0,24,0,128,32,1,1,1536,8192,1
"KERNEL_DISPATCH","Agent 2",1,0,1123883,4000,30,"gemm_gate_up_mq4g256v2_wmma_fp8_v2_b128x128_gfx1201_symfold",4000,104091451655780,104091472386901,0,0,192,0,128,256,1,1,69632,64,1
"KERNEL_DISPATCH","Agent 2",1,0,1123883,4005,21,"gemm_qkvza_mq4g256v2_wmma_fp8_v2_b128x128_gfx1201_symfold",4005,104091487206701,104091496664229,0,0,208,0,128,256,1,1,33024,64,1
"KERNEL_DISPATCH","Agent 2",1,0,1123883,1451,27,"pack_f32_to_fp8_mq4v2_gfx12",1451,104087007817584,104087008318471,512,0,24,0,128,256,1,1,2097152,1,1
"KERNEL_DISPATCH","Agent 2",1,0,1123883,4010,24,"gated_delta_net_q8_fast",4010,104091501123410,104091501706497,2048,0,64,0,128,32,1,1,1536,32,1
"KERNEL_DISPATCH","Agent 2",1,0,1123883,1446,37,"kv_cache_write_fp8_e4m3_batched",1446,104086993904836,104086993967277,0,0,56,0,128,32,1,1,128,8192,1
"KERNEL_DISPATCH","Agent 2",1,0,1123883,4015,24,"gated_delta_net_q8_fast",4015,104091504044409,104091504616777,2048,0,64,0,128,32,1,1,1536,32,1
"KERNEL_DISPATCH","Agent 2",1,0,1123883,4020,24,"gated_delta_net_q8_fast",4020,104091506893528,104091507453615,2048,0,64,0,128,32,1,1,1536,32,1
"KERNEL_DISPATCH","Agent 2",1,0,1123883,4025,27,"pack_f32_to_fp8_mq4v2_gfx12",4025,104091510215493,104091510716659,512,0,24,0,128,256,1,1,2097152,1,1
"KERNEL_DISPATCH","Agent 2",1,0,1123883,4030,27,"pack_f32_to_fp8_mq4v2_gfx12",4030,104091538399154,104091539729012,512,0,24,0,128,256,1,1,2097152,1,1
"KERNEL_DISPATCH","Agent 2",1,0,1123883,4035,35,"rmsnorm_f32",4035,104091560181929,104091560401612,0,0,16,0,128,256,1,1,8388608,1,1
"KERNEL_DISPATCH","Agent 2",1,0,1123883,4040,49,"sigmoid_mul_f32",4040,104091573182424,104091574156958,0,0,16,0,128,256,1,1,50331648,1,1
"KERNEL_DISPATCH","Agent 2",1,0,1123883,4045,30,"gemm_gate_up_mq4g256v2_wmma_fp8_v2_b128x128_gfx1201_symfold",4045,104091579323587,104091599989307,0,0,192,0,128,256,1,1,69632,64,1
"KERNEL_DISPATCH","Agent 2",1,0,1123883,4050,21,"gemm_qkvza_mq4g256v2_wmma_fp8_v2_b128x128_gfx1201_symfold",4050,104091614935469,104091624345637,0,0,208,0,128,256,1,1,33024,64,1
"KERNEL_DISPATCH","Agent 2",1,0,1123883,4055,24,"gated_delta_net_q8_fast",4055,104091628779617,104091629354944,2048,0,64,0,128,32,1,1,1536,32,1
"KERNEL_DISPATCH","Agent 2",1,0,1123883,4060,24,"gated_delta_net_q8_fast",4060,104091631678336,104091632250463,2048,0,64,0,128,32,1,1,1536,32,1
"KERNEL_DISPATCH","Agent 2",1,0,1123883,4065,24,"gated_delta_net_q8_fast",4065,104091634517934,104091635074582,2048,0,64,0,128,32,1,1,1536,32,1
"KERNEL_DISPATCH","Agent 2",1,0,1123883,4070,27,"pack_f32_to_fp8_mq4v2_gfx12",4070,104091637832499,104091638331226,512,0,24,0,128,256,1,1,2097152,1,1
"KERNEL_DISPATCH","Agent 2",1,0,1123883,4075,27,"pack_f32_to_fp8_mq4v2_gfx12",4075,104091666056201,104091667386379,512,0,24,0,128,256,1,1,2097152,1,1
"KERNEL_DISPATCH","Agent 2",1,0,1123883,4080,24,"gated_delta_net_q8_fast",4080,104091690160967,104091690751535,2048,0,64,0,128,32,1,1,1536,32,1
"KERNEL_DISPATCH","Agent 2",1,0,1123883,4085,24,"gated_delta_net_q8_fast",4085,104091693120687,104091693703135,2048,0,64,0,128,32,1,1,1536,32,1
"KERNEL_DISPATCH","Agent 2",1,0,1123883,4090,24,"gated_delta_net_q8_fast",4090,104091696017766,104091696584694,2048,0,64,0,128,32,1,1,1536,32,1
"KERNEL_DISPATCH","Agent 2",1,0,1123883,1441,20,"fused_rmsnorm_mq_rotate_awq_mq4v2_fp8_gfx12",1441,104086982823046,104086983503855,0,0,96,0,128,256,1,1,2097152,1,1
"KERNEL_DISPATCH","Agent 2",1,0,1123883,4095,24,"gated_delta_net_q8_fast",4095,104091698842284,104091699397692,2048,0,64,0,128,32,1,1,1536,32,1
"KERNEL_DISPATCH","Agent 2",1,0,1123883,1436,20,"fused_rmsnorm_mq_rotate_awq_mq4v2_fp8_gfx12",1436,104086947270845,104086947942694,0,0,96,0,128,256,1,1,2097152,1,1
"KERNEL_DISPATCH","Agent 2",1,0,1123883,4100,20,"fused_rmsnorm_mq_rotate_awq_mq4v2_fp8_gfx12",4100,104091704936447,104091705610696,0,0,96,0,128,256,1,1,2097152,1,1
"KERNEL_DISPATCH","Agent 2",1,0,1123883,1431,24,"gated_delta_net_q8_fast",1431,104086941223483,104086941771691,2048,0,64,0,128,32,1,1,1536,32,1
"KERNEL_DISPATCH","Agent 2",1,0,1123883,4105,20,"fused_rmsnorm_mq_rotate_awq_mq4v2_fp8_gfx12",4105,104091740512168,104091741194017,0,0,96,0,128,256,1,1,2097152,1,1
"KERNEL_DISPATCH","Agent 2",1,0,1123883,4110,24,"gated_delta_net_q8_fast",4110,104091754536758,104091755124126,2048,0,64,0,128,32,1,1,1536,32,1
"KERNEL_DISPATCH","Agent 2",1,0,1123883,4115,24,"gated_delta_net_q8_fast",4115,104091757476518,104091758051885,2048,0,64,0,128,32,1,1,1536,32,1
"KERNEL_DISPATCH","Agent 2",1,0,1123883,4120,24,"gated_delta_net_q8_fast",4120,104091760341756,104091760899284,2048,0,64,0,128,32,1,1,1536,32,1
"KERNEL_DISPATCH","Agent 2",1,0,1123883,4125,26,"rotate_x_mq_awq",4125,104091763576200,104091764198968,0,0,80,0,128,32,1,1,768,8192,1
"KERNEL_DISPATCH","Agent 2",1,0,1123883,4130,31,"fused_silu_mul_mq_rotate_awq",4130,104091789589992,104091792413550,0,0,56,0,128,32,1,1,2176,8192,1
"KERNEL_DISPATCH","Agent 2",1,0,1123883,4135,33,"deinterleave_q_rmsnorm_f32_batched",4135,104091812763825,104091814140164,0,0,24,0,128,256,1,1,6144,8192,1
"KERNEL_DISPATCH","Agent 2",1,0,1123883,4140,41,"attention_fp8_e4m3_fa2_gqa_packet_gfx1201",4140,104091814903374,104091827133580,0,0,240,0,128,256,1,1,6144,4,16
"KERNEL_DISPATCH","Agent 2",1,0,1123883,4145,20,"fused_rmsnorm_mq_rotate_awq_mq4v2_fp8_gfx12",4145,104091832641614,104091833312103,0,0,96,0,128,256,1,1,2097152,1,1
"KERNEL_DISPATCH","Agent 2",1,0,1123883,4150,20,"fused_rmsnorm_mq_rotate_awq_mq4v2_fp8_gfx12",4150,104091868012733,104091868696022,0,0,96,0,128,256,1,1,2097152,1,1
"KERNEL_DISPATCH","Agent 2",1,0,1123883,886,24,"gated_delta_net_q8_fast",886,104085614627857,104085615176745,2048,0,64,0,128,32,1,1,1536,32,1
"KERNEL_DISPATCH","Agent 2",1,0,1123883,4155,24,"gated_delta_net_q8_fast",4155,104091882142244,104091882718092,2048,0,64,0,128,32,1,1,1536,32,1
"KERNEL_DISPATCH","Agent 2",1,0,1123883,4160,24,"gated_delta_net_q8_fast",4160,104091885058323,104091885634691,2048,0,64,0,128,32,1,1,1536,32,1
"KERNEL_DISPATCH","Agent 2",1,0,1123883,891,24,"gated_delta_net_q8_fast",891,104085617333934,104085617866261,2048,0,64,0,128,32,1,1,1536,32,1
"KERNEL_DISPATCH","Agent 2",1,0,1123883,4165,24,"gated_delta_net_q8_fast",4165,104091887921522,104091888481450,2048,0,64,0,128,32,1,1,1536,32,1
"KERNEL_DISPATCH","Agent 2",1,0,1123883,4170,26,"rotate_x_mq_awq",4170,104091891157086,104091891782374,0,0,80,0,128,32,1,1,768,8192,1
"KERNEL_DISPATCH","Agent 2",1,0,1123883,4180,22,"gdn_pre_batched_gfx1201",4180,104091941536848,104091944219244,33280,0,224,0,128,256,1,1,2686976,1,1
"KERNEL_DISPATCH","Agent 2",1,0,1123883,4185,24,"gated_delta_net_q8_fast",4185,104091946458394,104091947009162,2048,0,64,0,128,32,1,1,1536,32,1
"KERNEL_DISPATCH","Agent 2",1,0,1123883,4190,24,"gated_delta_net_q8_fast",4190,104091949206991,104091949746199,2048,0,64,0,128,32,1,1,1536,32,1
"KERNEL_DISPATCH","Agent 2",1,0,1123883,4195,24,"gated_delta_net_q8_fast",4195,104091951895028,104091952422755,2048,0,64,0,128,32,1,1,1536,32,1
"KERNEL_DISPATCH","Agent 2",1,0,1123883,4200,29,"gemm_mq4g256v2_residual_wmma_fp8_v2_b128x128_gfx1201_symfold",4200,104091955091911,104091958481957,0,0,192,0,128,256,1,1,10240,64,1
"KERNEL_DISPATCH","Agent 2",1,0,1123883,4205,29,"gemm_mq4g256v2_residual_wmma_fp8_v2_b128x128_gfx1201_symfold",4205,104091984177624,104091994127439,0,0,192,0,128,256,1,1,10240,64,1
"KERNEL_DISPATCH","Agent 2",1,0,1123883,4210,24,"gated_delta_net_q8_fast",4210,104092007581021,104092008155069,2048,0,64,0,128,32,1,1,1536,32,1
"KERNEL_DISPATCH","Agent 2",1,0,1123883,4215,24,"gated_delta_net_q8_fast",4215,104092010474060,104092011048868,2048,0,64,0,128,32,1,1,1536,32,1
"KERNEL_DISPATCH","Agent 2",1,0,1123883,4220,24,"gated_delta_net_q8_fast",4220,104092013353019,104092013917347,2048,0,64,0,128,32,1,1,1536,32,1
"KERNEL_DISPATCH","Agent 2",1,0,1123883,4225,25,"gated_norm_f32",4225,104092016178017,104092017160751,0,0,24,0,128,32,1,1,1536,8192,1
"KERNEL_DISPATCH","Agent 2",1,0,1123883,4230,30,"gemm_gate_up_mq4g256v2_wmma_fp8_v2_b128x128_gfx1201_symfold",4230,104092022390981,104092043246223,0,0,192,0,128,256,1,1,69632,64,1
"KERNEL_DISPATCH","Agent 2",1,0,1123883,4235,32,"gemm_qkv_mq4g256v2_wmma_fp8_v2_b128x128_gfx1201_symfold",4235,104092057938462,104092066436937,0,0,192,0,128,256,1,1,28672,64,1
"KERNEL_DISPATCH","Agent 2",1,0,1123883,4240,37,"kv_cache_write_fp8_e4m3_batched",4240,104092068527685,104092068615247,0,0,56,0,128,32,1,1,128,8192,1
"KERNEL_DISPATCH","Agent 2",1,0,1123883,4245,29,"gemm_mq4g256v2_residual_wmma_fp8_v2_b128x128_gfx1201_symfold",4245,104092082995121,104092086338646,0,0,192,0,128,256,1,1,10240,64,1
"KERNEL_DISPATCH","Agent 2",1,0,1123883,4250,29,"gemm_mq4g256v2_residual_wmma_fp8_v2_b128x128_gfx1201_symfold",4250,104092111911432,104092121755965,0,0,192,0,128,256,1,1,10240,64,1
"KERNEL_DISPATCH","Agent 2",1,0,1123883,4255,24,"gated_delta_net_q8_fast",4255,104092135237468,104092135815316,2048,0,64,0,128,32,1,1,1536,32,1
"KERNEL_DISPATCH","Agent 2",1,0,1123883,4260,24,"gated_delta_net_q8_fast",4260,104092138143587,104092138723995,2048,0,64,0,128,32,1,1,1536,32,1
"KERNEL_DISPATCH","Agent 2",1,0,1123883,4265,24,"gated_delta_net_q8_fast",4265,104092141037626,104092141604954,2048,0,64,0,128,32,1,1,1536,32,1
"KERNEL_DISPATCH","Agent 2",1,0,1123883,1426,24,"gated_delta_net_q8_fast",1426,104086938428246,104086938989453,2048,0,64,0,128,32,1,1,1536,32,1
"KERNEL_DISPATCH","Agent 2",1,0,1123883,4270,25,"gated_norm_f32",4270,104092143859785,104092144842198,0,0,24,0,128,32,1,1,1536,8192,1
"KERNEL_DISPATCH","Agent 2",1,0,1123883,1421,24,"gated_delta_net_q8_fast",1421,104086935565127,104086936139895,2048,0,64,0,128,32,1,1,1536,32,1
"KERNEL_DISPATCH","Agent 2",1,0,1123883,1416,24,"gated_delta_net_q8_fast",1416,104086932692128,104086933270056,2048,0,64,0,128,32,1,1,1536,32,1
"KERNEL_DISPATCH","Agent 2",1,0,1123883,1411,27,"pack_f32_to_fp8_mq4v2_gfx12",1411,104086908611322,104086909940340,512,0,24,0,128,256,1,1,2097152,1,1
"KERNEL_DISPATCH","Agent 2",1,0,1123883,1406,27,"pack_f32_to_fp8_mq4v2_gfx12",1406,104086880521622,104086881023629,512,0,24,0,128,256,1,1,2097152,1,1
"KERNEL_DISPATCH","Agent 2",1,0,1123883,2807,15,"__amd_rocclr_fillBufferUnAligned",2807,104089581466251,104089581467491,0,0,8,0,128,256,1,1,7680,1,1
"KERNEL_DISPATCH","Agent 2",1,0,1123883,1401,24,"gated_delta_net_q8_fast",1401,104086877222058,104086877776065,2048,0,64,0,128,32,1,1,1536,32,1
"KERNEL_DISPATCH","Agent 2",1,0,1123883,1396,24,"gated_delta_net_q8_fast",1396,104086874391699,104086874959867,2048,0,64,0,128,32,1,1,1536,32,1
"KERNEL_DISPATCH","Agent 2",1,0,1123883,2802,15,"__amd_rocclr_fillBufferUnAligned",2802,104089581442530,104089581443650,0,0,8,0,128,256,1,1,7680,1,1
"KERNEL_DISPATCH","Agent 2",1,0,1123883,1391,24,"gated_delta_net_q8_fast",1391,104086871487780,104086872070748,2048,0,64,0,128,32,1,1,1536,32,1
"KERNEL_DISPATCH","Agent 2",1,0,1123883,2797,15,"__amd_rocclr_fillBufferUnAligned",2797,104089581419730,104089581420970,0,0,8,0,128,256,1,1,7680,1,1
"KERNEL_DISPATCH","Agent 2",1,0,1123883,1386,21,"gemm_qkvza_mq4g256v2_wmma_fp8_v2_b128x128_gfx1201_symfold",1386,104086857597312,104086867045960,0,0,208,0,128,256,1,1,33024,64,1
"KERNEL_DISPATCH","Agent 2",1,0,1123883,1381,30,"gemm_gate_up_mq4g256v2_wmma_fp8_v2_b128x128_gfx1201_symfold",1381,104086822171953,104086842929594,0,0,192,0,128,256,1,1,69632,64,1
"KERNEL_DISPATCH","Agent 2",1,0,1123883,2792,15,"__amd_rocclr_fillBufferUnAligned",2792,104089581396930,104089581398130,0,0,8,0,128,256,1,1,7680,1,1
"KERNEL_DISPATCH","Agent 2",1,0,1123883,2787,15,"__amd_rocclr_fillBufferUnAligned",2787,104089581373929,104089581375169,0,0,8,0,128,256,1,1,7680,1,1
"KERNEL_DISPATCH","Agent 2",1,0,1123883,1376,25,"gated_norm_f32",1376,104086815969189,104086816952042,0,0,24,0,128,32,1,1,1536,8192,1
"KERNEL_DISPATCH","Agent 2",1,0,1123883,2777,15,"__amd_rocclr_fillBufferUnAligned",2777,104089581327449,104089581328689,0,0,8,0,128,256,1,1,7680,1,1
"KERNEL_DISPATCH","Agent 2",1,0,1123883,1371,24,"gated_delta_net_q8_fast",1371,104086813158671,104086813721199,2048,0,64,0,128,32,1,1,1536,32,1
"KERNEL_DISPATCH","Agent 2",1,0,1123883,2772,15,"__amd_rocclr_fillBufferUnAligned",2772,104089581303728,104089581304968,0,0,8,0,128,256,1,1,7680,1,1
"KERNEL_DISPATCH","Agent 2",1,0,1123883,4175,31,"fused_silu_mul_mq_rotate_awq",4175,104091917302440,104091920124518,0,0,56,0,128,32,1,1,2176,8192,1
"KERNEL_DISPATCH","Agent 2",1,0,1123883,2767,15,"__amd_rocclr_fillBufferUnAligned",2767,104089581279888,104089581281168,0,0,8,0,128,256,1,1,7680,1,1
"KERNEL_DISPATCH","Agent 2",1,0,1123883,2762,15,"__amd_rocclr_fillBufferUnAligned",2762,104089581254928,104089581256448,0,0,8,0,128,256,1,1,7680,1,1
"KERNEL_DISPATCH","Agent 2",1,0,1123883,4280,21,"gemm_qkvza_mq4g256v2_wmma_fp8_v2_b128x128_gfx1201_symfold",4280,104092185532708,104092195095838,0,0,208,0,128,256,1,1,33024,64,1
"KERNEL_DISPATCH","Agent 2",1,0,1123883,4285,24,"gated_delta_net_q8_fast",4285,104092199571978,104092200160866,2048,0,64,0,128,32,1,1,1536,32,1
"KERNEL_DISPATCH","Agent 2",1,0,1123883,2757,15,"__amd_rocclr_fillBufferUnAligned",2757,104089581230567,104089581231847,0,0,8,0,128,256,1,1,1536,1,1
"KERNEL_DISPATCH","Agent 2",1,0,1123883,2752,15,"__amd_rocclr_fillBufferUnAligned",2752,104089581206647,104089581208087,0,0,8,0,128,256,1,1,1536,1,1
"KERNEL_DISPATCH","Agent 2",1,0,1123883,2747,15,"__amd_rocclr_fillBufferUnAligned",2747,104089581182447,104089581183807,0,0,8,0,128,256,1,1,1536,1,1
"KERNEL_DISPATCH","Agent 2",1,0,1123883,2742,15,"__amd_rocclr_fillBufferUnAligned",2742,104089581158126,104089581159486,0,0,8,0,128,256,1,1,1536,1,1
"KERNEL_DISPATCH","Agent 2",1,0,1123883,2732,15,"__amd_rocclr_fillBufferUnAligned",2732,104089581108526,104089581109886,0,0,8,0,128,256,1,1,1536,1,1
"KERNEL_DISPATCH","Agent 2",1,0,1123883,2727,15,"__amd_rocclr_fillBufferUnAligned",2727,104089581083725,104089581085045,0,0,8,0,128,256,1,1,1536,1,1
"KERNEL_DISPATCH","Agent 2",1,0,1123883,2722,15,"__amd_rocclr_fillBufferUnAligned",2722,104089581059245,104089581060605,0,0,8,0,128,256,1,1,1536,1,1
"KERNEL_DISPATCH","Agent 2",1,0,1123883,2717,15,"__amd_rocclr_fillBufferUnAligned",2717,104089581035005,104089581036525,0,0,8,0,128,256,1,1,1536,1,1
"KERNEL_DISPATCH","Agent 2",1,0,1123883,2712,15,"__amd_rocclr_fillBufferUnAligned",2712,104089581010644,104089581012004,0,0,8,0,128,256,1,1,1536,1,1
"KERNEL_DISPATCH","Agent 2",1,0,1123883,2707,15,"__amd_rocclr_fillBufferUnAligned",2707,104089580980604,104089580983044,0,0,8,0,128,256,1,1,8192,1,1
"KERNEL_DISPATCH","Agent 2",1,0,1123883,2697,15,"__amd_rocclr_fillBufferUnAligned",2697,104089580924203,104089580926683,0,0,8,0,128,256,1,1,8192,1,1
"KERNEL_DISPATCH","Agent 2",1,0,1123883,2692,15,"__amd_rocclr_fillBufferUnAligned",2692,104089580896363,104089580897843,0,0,8,0,128,256,1,1,8192,1,1
"KERNEL_DISPATCH","Agent 2",1,0,1123883,2687,15,"__amd_rocclr_fillBufferUnAligned",2687,104089580870642,104089580872443,0,0,8,0,128,256,1,1,8192,1,1
"KERNEL_DISPATCH","Agent 2",1,0,1123883,2682,15,"__amd_rocclr_fillBufferUnAligned",2682,104089580844962,104089580846642,0,0,8,0,128,256,1,1,8192,1,1
"KERNEL_DISPATCH","Agent 2",1,0,1123883,2672,15,"__amd_rocclr_fillBufferUnAligned",2672,104089580795241,104089580796721,0,0,8,0,128,256,1,1,8192,1,1
"KERNEL_DISPATCH","Agent 2",1,0,1123883,2667,15,"__amd_rocclr_fillBufferUnAligned",2667,104089580769321,104089580770881,0,0,8,0,128,256,1,1,8192,1,1
"KERNEL_DISPATCH","Agent 2",1,0,1123883,4275,30,"gemm_gate_up_mq4g256v2_wmma_fp8_v2_b128x128_gfx1201_symfold",4275,104092150048468,104092170868550,0,0,192,0,128,256,1,1,69632,64,1
"KERNEL_DISPATCH","Agent 2",1,0,1123883,2662,15,"__amd_rocclr_fillBufferUnAligned",2662,104089580740321,104089580742841,0,0,8,0,128,256,1,1,8192,1,1
"KERNEL_DISPATCH","Agent 2",1,0,1123883,4295,24,"gated_delta_net_q8_fast",4295,104092205351896,104092205913424,2048,0,64,0,128,32,1,1,1536,32,1
"KERNEL_DISPATCH","Agent 2",1,0,1123883,4300,27,"pack_f32_to_fp8_mq4v2_gfx12",4300,104092208671101,104092209174348,512,0,24,0,128,256,1,1,2097152,1,1
"KERNEL_DISPATCH","Agent 2",1,0,1123883,4305,27,"pack_f32_to_fp8_mq4v2_gfx12",4305,104092236941364,104092238270142,512,0,24,0,128,256,1,1,2097152,1,1
"KERNEL_DISPATCH","Agent 2",1,0,1123883,4310,24,"gated_delta_net_q8_fast",4310,104092261000289,104092261585457,2048,0,64,0,128,32,1,1,1536,32,1
"KERNEL_DISPATCH","Agent 2",1,0,1123883,4315,24,"gated_delta_net_q8_fast",4315,104092263947689,104092264534657,2048,0,64,0,128,32,1,1,1536,32,1
"KERNEL_DISPATCH","Agent 2",1,0,1123883,2652,15,"__amd_rocclr_fillBufferUnAligned",2652,104089580686240,104089580688080,0,0,8,0,128,256,1,1,8192,1,1
"KERNEL_DISPATCH","Agent 2",1,0,1123883,4320,24,"gated_delta_net_q8_fast",4320,104092266855968,104092267425296,2048,0,64,0,128,32,1,1,1536,32,1
"KERNEL_DISPATCH","Agent 2",1,0,1123883,2647,15,"__amd_rocclr_fillBufferUnAligned",2647,104089580658880,104089580660720,0,0,8,0,128,256,1,1,8192,1,1
"KERNEL_DISPATCH","Agent 2",1,0,1123883,4325,24,"gated_delta_net_q8_fast",4325,104092269687727,104092270244174,2048,0,64,0,128,32,1,1,1536,32,1
"KERNEL_DISPATCH","Agent 2",1,0,1123883,4330,20,"fused_rmsnorm_mq_rotate_awq_mq4v2_fp8_gfx12",4330,104092275777689,104092276451098,0,0,96,0,128,256,1,1,2097152,1,1
"KERNEL_DISPATCH","Agent 2",1,0,1123883,2637,15,"__amd_rocclr_fillBufferUnAligned",2637,104089580602839,104089580604919,0,0,8,0,128,256,1,1,8192,1,1
"KERNEL_DISPATCH","Agent 2",1,0,1123883,4335,20,"fused_rmsnorm_mq_rotate_awq_mq4v2_fp8_gfx12",4335,104092311319850,104092312000779,0,0,96,0,128,256,1,1,2097152,1,1
"KERNEL_DISPATCH","Agent 2",1,0,1123883,1366,24,"gated_delta_net_q8_fast",1366,104086810282072,104086810861520,2048,0,64,0,128,32,1,1,1536,32,1
"KERNEL_DISPATCH","Agent 2",1,0,1123883,4340,37,"kv_cache_write_fp8_e4m3_batched",4340,104092322410760,104092322474321,0,0,56,0,128,32,1,1,128,8192,1
"KERNEL_DISPATCH","Agent 2",1,0,1123883,4345,27,"pack_f32_to_fp8_mq4v2_gfx12",4345,104092336374269,104092336873556,512,0,24,0,128,256,1,1,2097152,1,1
"KERNEL_DISPATCH","Agent 2",1,0,1123883,4350,27,"pack_f32_to_fp8_mq4v2_gfx12",4350,104092364422168,104092365755986,512,0,24,0,128,256,1,1,2097152,1,1
"KERNEL_DISPATCH","Agent 2",1,0,1123883,4355,24,"gated_delta_net_q8_fast",4355,104092388498854,104092389087862,2048,0,64,0,128,32,1,1,1536,32,1
"KERNEL_DISPATCH","Agent 2",1,0,1123883,4290,24,"gated_delta_net_q8_fast",4290,104092202498418,104092203072466,2048,0,64,0,128,32,1,1,1536,32,1
"KERNEL_DISPATCH","Agent 2",1,0,1123883,4360,24,"gated_delta_net_q8_fast",4360,104092391464214,104092392048382,2048,0,64,0,128,32,1,1,1536,32,1
"KERNEL_DISPATCH","Agent 2",1,0,1123883,4365,24,"gated_delta_net_q8_fast",4365,104092394368453,104092394933861,2048,0,64,0,128,32,1,1,1536,32,1
"KERNEL_DISPATCH","Agent 2",1,0,1123883,4370,24,"gated_delta_net_q8_fast",4370,104092397195452,104092397748019,2048,0,64,0,128,32,1,1,1536,32,1
"KERNEL_DISPATCH","Agent 2",1,0,1123883,4375,20,"fused_rmsnorm_mq_rotate_awq_mq4v2_fp8_gfx12",4375,104092403255814,104092403928223,0,0,96,0,128,256,1,1,2097152,1,1
"KERNEL_DISPATCH","Agent 2",1,0,1123883,4380,20,"fused_rmsnorm_mq_rotate_awq_mq4v2_fp8_gfx12",4380,104092438905376,104092439585225,0,0,96,0,128,256,1,1,2097152,1,1
"KERNEL_DISPATCH","Agent 2",1,0,1123883,4385,24,"gated_delta_net_q8_fast",4385,104092452901165,104092453487773,2048,0,64,0,128,32,1,1,1536,32,1
"KERNEL_DISPATCH","Agent 2",1,0,1123883,4390,24,"gated_delta_net_q8_fast",4390,104092455841405,104092456419813,2048,0,64,0,128,32,1,1,1536,32,1
"KERNEL_DISPATCH","Agent 2",1,0,1123883,4395,24,"gated_delta_net_q8_fast",4395,104092458709284,104092459271811,2048,0,64,0,128,32,1,1,1536,32,1
"KERNEL_DISPATCH","Agent 2",1,0,1123883,4400,26,"rotate_x_mq_awq",4400,104092461952088,104092462577856,0,0,80,0,128,32,1,1,768,8192,1
"KERNEL_DISPATCH","Agent 2",1,0,1123883,4405,31,"fused_silu_mul_mq_rotate_awq",4405,104092488082201,104092490905319,0,0,56,0,128,32,1,1,2176,8192,1
"KERNEL_DISPATCH","Agent 2",1,0,1123883,4410,22,"gdn_pre_batched_gfx1201",4410,104092512313249,104092514997925,33280,0,224,0,128,256,1,1,2686976,1,1
"KERNEL_DISPATCH","Agent 2",1,0,1123883,4415,24,"gated_delta_net_q8_fast",4415,104092517388398,104092517974726,2048,0,64,0,128,32,1,1,1536,32,1
"KERNEL_DISPATCH","Agent 2",1,0,1123883,4420,24,"gated_delta_net_q8_fast",4420,104092520309957,104092520881445,2048,0,64,0,128,32,1,1,1536,32,1
"KERNEL_DISPATCH","Agent 2",1,0,1123883,4425,24,"gated_delta_net_q8_fast",4425,104092523158596,104092523717883,2048,0,64,0,128,32,1,1,1536,32,1
"KERNEL_DISPATCH","Agent 2",1,0,1123883,4430,29,"gemm_mq4g256v2_residual_wmma_fp8_v2_b128x128_gfx1201_symfold",4430,104092526418560,104092529808686,0,0,192,0,128,256,1,1,10240,64,1
"KERNEL_DISPATCH","Agent 2",1,0,1123883,4440,36,"rope_partial_halfsplit_batched_f32",4440,104092576180273,104092576543838,0,0,16,0,128,32,1,1,32,8192,1
"KERNEL_DISPATCH","Agent 2",1,0,1123883,4445,26,"rotate_x_mq_awq",4445,104092589765297,104092590395905,0,0,80,0,128,32,1,1,768,8192,1
"KERNEL_DISPATCH","Agent 2",1,0,1123883,4450,31,"fused_silu_mul_mq_rotate_awq",4450,104092615699048,104092618524486,0,0,56,0,128,32,1,1,2176,8192,1
"KERNEL_DISPATCH","Agent 2",1,0,1123883,4455,22,"gdn_pre_batched_gfx1201",4455,104092639956296,104092642628252,33280,0,224,0,128,256,1,1,2686976,1,1
"KERNEL_DISPATCH","Agent 2",1,0,1123883,4460,24,"gated_delta_net_q8_fast",4460,104092644965323,104092645543331,2048,0,64,0,128,32,1,1,1536,32,1
"KERNEL_DISPATCH","Agent 2",1,0,1123883,4465,24,"gated_delta_net_q8_fast",4465,104092647884443,104092648460491,2048,0,64,0,128,32,1,1,1536,32,1
"KERNEL_DISPATCH","Agent 2",1,0,1123883,4470,24,"gated_delta_net_q8_fast",4470,104092650751242,104092651313649,2048,0,64,0,128,32,1,1,1536,32,1
"KERNEL_DISPATCH","Agent 2",1,0,1123883,4475,29,"gemm_mq4g256v2_residual_wmma_fp8_v2_b128x128_gfx1201_symfold",4475,104092654014806,104092657404212,0,0,192,0,128,256,1,1,10240,64,1
"KERNEL_DISPATCH","Agent 2",1,0,1123883,4480,29,"gemm_mq4g256v2_residual_wmma_fp8_v2_b128x128_gfx1201_symfold",4480,104092683111119,104092692884252,0,0,192,0,128,256,1,1,10240,64,1
"KERNEL_DISPATCH","Agent 2",1,0,1123883,4485,24,"gated_delta_net_q8_fast",4485,104092706448435,104092707038323,2048,0,64,0,128,32,1,1,1536,32,1
"KERNEL_DISPATCH","Agent 2",1,0,1123883,4490,24,"gated_delta_net_q8_fast",4490,104092709417635,104092709999443,2048,0,64,0,128,32,1,1,1536,32,1
"KERNEL_DISPATCH","Agent 2",1,0,1123883,4495,24,"gated_delta_net_q8_fast",4495,104092712307114,104092712872122,2048,0,64,0,128,32,1,1,1536,32,1
"KERNEL_DISPATCH","Agent 2",1,0,1123883,4500,25,"gated_norm_f32",4500,104092715126113,104092716114206,0,0,24,0,128,32,1,1,1536,8192,1
"KERNEL_DISPATCH","Agent 2",1,0,1123883,4505,30,"gemm_gate_up_mq4g256v2_wmma_fp8_v2_b128x128_gfx1201_symfold",4505,104092721331237,104092742146718,0,0,192,0,128,256,1,1,69632,64,1
"KERNEL_DISPATCH","Agent 2",1,0,1123883,4510,21,"gemm_qkvza_mq4g256v2_wmma_fp8_v2_b128x128_gfx1201_symfold",4510,104092756797276,104092766340765,0,0,208,0,128,256,1,1,33024,64,1
"KERNEL_DISPATCH","Agent 2",1,0,1123883,4515,24,"gated_delta_net_q8_fast",4515,104092770829586,104092771424994,2048,0,64,0,128,32,1,1,1536,32,1
"KERNEL_DISPATCH","Agent 2",1,0,1123883,4520,24,"gated_delta_net_q8_fast",4520,104092773774706,104092774349554,2048,0,64,0,128,32,1,1,1536,32,1
"KERNEL_DISPATCH","Agent 2",1,0,1123883,4525,24,"gated_delta_net_q8_fast",4525,104092776631065,104092777191312,2048,0,64,0,128,32,1,1,1536,32,1
"KERNEL_DISPATCH","Agent 2",1,0,1123883,4530,27,"pack_f32_to_fp8_mq4v2_gfx12",4530,104092779955230,104092780459156,512,0,24,0,128,256,1,1,2097152,1,1
"KERNEL_DISPATCH","Agent 2",1,0,1123883,2597,15,"__amd_rocclr_fillBufferUnAligned",2597,104089580396196,104089580397596,0,0,8,0,128,256,1,1,7680,1,1
"KERNEL_DISPATCH","Agent 2",1,0,1123883,1361,24,"gated_delta_net_q8_fast",1361,104086807373233,104086807950401,2048,0,64,0,128,32,1,1,1536,32,1
"KERNEL_DISPATCH","Agent 2",1,0,1123883,2592,15,"__amd_rocclr_fillBufferUnAligned",2592,104089580371676,104089580373116,0,0,8,0,128,256,1,1,7680,1,1
"KERNEL_DISPATCH","Agent 2",1,0,1123883,1356,29,"gemm_mq4g256v2_residual_wmma_fp8_v2_b128x128_gfx1201_symfold",1356,104086784129838,104086793784969,0,0,192,0,128,256,1,1,10240,64,1
"KERNEL_DISPATCH","Agent 2",1,0,1123883,2587,15,"__amd_rocclr_fillBufferUnAligned",2587,104089580347155,104089580348555,0,0,8,0,128,256,1,1,7680,1,1
"KERNEL_DISPATCH","Agent 2",1,0,1123883,1351,29,"gemm_mq4g256v2_residual_wmma_fp8_v2_b128x128_gfx1201_symfold",1351,104086755380569,104086758707174,0,0,192,0,128,256,1,1,10240,64,1
"KERNEL_DISPATCH","Agent 2",1,0,1123883,2582,15,"__amd_rocclr_fillBufferUnAligned",2582,104089580321995,104089580323395,0,0,8,0,128,256,1,1,7680,1,1
"KERNEL_DISPATCH","Agent 2",1,0,1123883,1346,37,"kv_cache_write_fp8_e4m3_batched",1346,104086740968094,104086741056336,0,0,56,0,128,32,1,1,128,8192,1
"KERNEL_DISPATCH","Agent 2",1,0,1123883,1341,32,"gemm_qkv_mq4g256v2_wmma_fp8_v2_b128x128_gfx1201_symfold",1341,104086730499633,104086738902266,0,0,192,0,128,256,1,1,28672,64,1
"KERNEL_DISPATCH","Agent 2",1,0,1123883,2577,15,"__amd_rocclr_fillBufferUnAligned",2577,104089580297355,104089580298755,0,0,8,0,128,256,1,1,7680,1,1
"KERNEL_DISPATCH","Agent 2",1,0,1123883,1336,30,"gemm_gate_up_mq4g256v2_wmma_fp8_v2_b128x128_gfx1201_symfold",1336,104086695126674,104086715871435,0,0,192,0,128,256,1,1,69632,64,1
"KERNEL_DISPATCH","Agent 2",1,0,1123883,1367,24,"gated_delta_net_q8_fast",1367,104086810864800,104086811441288,2048,0,64,0,128,32,1,1,1536,32,1
"KERNEL_DISPATCH","Agent 2",1,0,1123883,1362,24,"gated_delta_net_q8_fast",1362,104086807953841,104086808531168,2048,0,64,0,128,32,1,1,1536,32,1
"KERNEL_DISPATCH","Agent 2",1,0,1123883,1331,25,"gated_norm_f32",1331,104086688936951,104086689918724,0,0,24,0,128,32,1,1,1536,8192,1
"KERNEL_DISPATCH","Agent 2",1,0,1123883,1326,24,"gated_delta_net_q8_fast",1326,104086686136353,104086686697680,2048,0,64,0,128,32,1,1,1536,32,1
"KERNEL_DISPATCH","Agent 2",1,0,1123883,1357,20,"fused_rmsnorm_mq_rotate_awq_mq4v2_fp8_gfx12",1357,104086793797449,104086794480898,0,0,96,0,128,256,1,1,2097152,1,1
"KERNEL_DISPATCH","Agent 2",1,0,1123883,1321,24,"gated_delta_net_q8_fast",1321,104086683272914,104086683846802,2048,0,64,0,128,32,1,1,1536,32,1
"KERNEL_DISPATCH","Agent 2",1,0,1123883,1316,24,"gated_delta_net_q8_fast",1316,104086680337994,104086680920282,2048,0,64,0,128,32,1,1,1536,32,1
"KERNEL_DISPATCH","Agent 2",1,0,1123883,1352,20,"fused_rmsnorm_mq_rotate_awq_mq4v2_fp8_gfx12",1352,104086758719495,104086759391224,0,0,96,0,128,256,1,1,2097152,1,1
"KERNEL_DISPATCH","Agent 2",1,0,1123883,4435,29,"gemm_mq4g256v2_residual_wmma_fp8_v2_b128x128_gfx1201_symfold",4435,104092555527634,104092565379647,0,0,192,0,128,256,1,1,10240,64,1
"KERNEL_DISPATCH","Agent 2",1,0,1123883,1311,29,"gemm_mq4g256v2_residual_wmma_fp8_v2_b128x128_gfx1201_symfold",1311,104086657091480,104086666901732,0,0,192,0,128,256,1,1,10240,64,1
"KERNEL_DISPATCH","Agent 2",1,0,1123883,4540,35,"rmsnorm_f32",4540,104092829961626,104092830183029,0,0,16,0,128,256,1,1,8388608,1,1
"KERNEL_DISPATCH","Agent 2",1,0,1123883,4545,49,"sigmoid_mul_f32",4545,104092842885041,104092843860494,0,0,16,0,128,256,1,1,50331648,1,1
"KERNEL_DISPATCH","Agent 2",1,0,1123883,1306,29,"gemm_mq4g256v2_residual_wmma_fp8_v2_b128x128_gfx1201_symfold",1306,104086628182209,104086631564174,0,0,192,0,128,256,1,1,10240,64,1
"KERNEL_DISPATCH","Agent 2",1,0,1123883,1301,24,"gated_delta_net_q8_fast",1301,104086624942965,104086625493612,2048,0,64,0,128,32,1,1,1536,32,1
"KERNEL_DISPATCH","Agent 2",1,0,1123883,4550,30,"gemm_gate_up_mq4g256v2_wmma_fp8_v2_b128x128_gfx1201_symfold",4550,104092849049844,104092869724884,0,0,192,0,128,256,1,1,69632,64,1
"KERNEL_DISPATCH","Agent 2",1,0,1123883,1296,24,"gated_delta_net_q8_fast",1296,104086622143527,104086622705895,2048,0,64,0,128,32,1,1,1536,32,1
"KERNEL_DISPATCH","Agent 2",1,0,1123883,4555,21,"gemm_qkvza_mq4g256v2_wmma_fp8_v2_b128x128_gfx1201_symfold",4555,104092884559765,104092894009733,0,0,208,0,128,256,1,1,33024,64,1
"KERNEL_DISPATCH","Agent 2",1,0,1123883,1291,24,"gated_delta_net_q8_fast",1291,104086619272688,104086619851616,2048,0,64,0,128,32,1,1,1536,32,1
"KERNEL_DISPATCH","Agent 2",1,0,1123883,4560,24,"gated_delta_net_q8_fast",4560,104092898468553,104092899053801,2048,0,64,0,128,32,1,1,1536,32,1
"KERNEL_DISPATCH","Agent 2",1,0,1123883,1286,22,"gdn_pre_batched_gfx1201",1286,104086614256660,104086616929016,33280,0,224,0,128,256,1,1,2686976,1,1
"KERNEL_DISPATCH","Agent 2",1,0,1123883,4565,24,"gated_delta_net_q8_fast",4565,104092901382832,104092901952520,2048,0,64,0,128,32,1,1,1536,32,1
"KERNEL_DISPATCH","Agent 2",1,0,1123883,1281,31,"fused_silu_mul_mq_rotate_awq",1281,104086590128814,104086592950892,0,0,56,0,128,32,1,1,2176,8192,1
"KERNEL_DISPATCH","Agent 2",1,0,1123883,1276,26,"rotate_x_mq_awq",1276,104086564204383,104086564826832,0,0,80,0,128,32,1,1,768,8192,1
"KERNEL_DISPATCH","Agent 2",1,0,1123883,4570,24,"gated_delta_net_q8_fast",4570,104092904220431,104092904776238,2048,0,64,0,128,32,1,1,1536,32,1
"KERNEL_DISPATCH","Agent 2",1,0,1123883,4575,27,"pack_f32_to_fp8_mq4v2_gfx12",4575,104092907522995,104092908024682,512,0,24,0,128,256,1,1,2097152,1,1
"KERNEL_DISPATCH","Agent 2",1,0,1123883,1271,24,"gated_delta_net_q8_fast",1271,104086560975339,104086561533667,2048,0,64,0,128,32,1,1,1536,32,1
"KERNEL_DISPATCH","Agent 2",1,0,1123883,4580,27,"pack_f32_to_fp8_mq4v2_gfx12",4580,104092935727017,104092937054555,512,0,24,0,128,256,1,1,2097152,1,1
"KERNEL_DISPATCH","Agent 2",1,0,1123883,1266,24,"gated_delta_net_q8_fast",1266,104086558127981,104086558699669,2048,0,64,0,128,32,1,1,1536,32,1
"KERNEL_DISPATCH","Agent 2",1,0,1123883,4585,24,"gated_delta_net_q8_fast",4585,104092959822343,104092960407431,2048,0,64,0,128,32,1,1,1536,32,1
"KERNEL_DISPATCH","Agent 2",1,0,1123883,4590,24,"gated_delta_net_q8_fast",4590,104092962742262,104092963327390,2048,0,64,0,128,32,1,1,1536,32,1
"KERNEL_DISPATCH","Agent 2",1,0,1123883,4595,24,"gated_delta_net_q8_fast",4595,104092965663862,104092966233110,2048,0,64,0,128,32,1,1,1536,32,1
"KERNEL_DISPATCH","Agent 2",1,0,1123883,4600,24,"gated_delta_net_q8_fast",4600,104092968501940,104092969059348,2048,0,64,0,128,32,1,1,1536,32,1
"KERNEL_DISPATCH","Agent 2",1,0,1123883,4605,20,"fused_rmsnorm_mq_rotate_awq_mq4v2_fp8_gfx12",4605,104092974564702,104092975238951,0,0,96,0,128,256,1,1,2097152,1,1
"KERNEL_DISPATCH","Agent 2",1,0,1123883,4610,20,"fused_rmsnorm_mq_rotate_awq_mq4v2_fp8_gfx12",4610,104093010303306,104093010983715,0,0,96,0,128,256,1,1,2097152,1,1
"KERNEL_DISPATCH","Agent 2",1,0,1123883,4615,24,"gated_delta_net_q8_fast",4615,104093024260695,104093024842702,2048,0,64,0,128,32,1,1,1536,32,1
"KERNEL_DISPATCH","Agent 2",1,0,1123883,4620,24,"gated_delta_net_q8_fast",4620,104093027186254,104093027761702,2048,0,64,0,128,32,1,1,1536,32,1
"KERNEL_DISPATCH","Agent 2",1,0,1123883,4625,24,"gated_delta_net_q8_fast",4625,104093030049533,104093030610860,2048,0,64,0,128,32,1,1,1536,32,1
"KERNEL_DISPATCH","Agent 2",1,0,1123883,4535,27,"pack_f32_to_fp8_mq4v2_gfx12",4535,104092808181491,104092809509989,512,0,24,0,128,256,1,1,2097152,1,1
"KERNEL_DISPATCH","Agent 2",1,0,1123883,4630,26,"rotate_x_mq_awq",4630,104093033291897,104093033933625,0,0,80,0,128,32,1,1,768,8192,1
"KERNEL_DISPATCH","Agent 2",1,0,1123883,4635,31,"fused_silu_mul_mq_rotate_awq",4635,104093059337129,104093062159127,0,0,56,0,128,32,1,1,2176,8192,1
"KERNEL_DISPATCH","Agent 2",1,0,1123883,4640,33,"deinterleave_q_rmsnorm_f32_batched",4640,104093082485042,104093083870941,0,0,24,0,128,256,1,1,6144,8192,1
"KERNEL_DISPATCH","Agent 2",1,0,1123883,4645,41,"attention_fp8_e4m3_fa2_gqa_packet_gfx1201",4645,104093084630791,104093096889117,0,0,240,0,128,256,1,1,6144,4,16
"KERNEL_DISPATCH","Agent 2",1,0,1123883,4650,20,"fused_rmsnorm_mq_rotate_awq_mq4v2_fp8_gfx12",4650,104093102395832,104093103064761,0,0,96,0,128,256,1,1,2097152,1,1
"KERNEL_DISPATCH","Agent 2",1,0,1123883,4655,20,"fused_rmsnorm_mq_rotate_awq_mq4v2_fp8_gfx12",4655,104093137805311,104093138487720,0,0,96,0,128,256,1,1,2097152,1,1
"KERNEL_DISPATCH","Agent 2",1,0,1123883,4660,24,"gated_delta_net_q8_fast",4660,104093151839460,104093152417228,2048,0,64,0,128,32,1,1,1536,32,1
"KERNEL_DISPATCH","Agent 2",1,0,1123883,4665,24,"gated_delta_net_q8_fast",4665,104093154761860,104093155338228,2048,0,64,0,128,32,1,1,1536,32,1
"KERNEL_DISPATCH","Agent 2",1,0,1123883,4675,26,"rotate_x_mq_awq",4675,104093160873343,104093161498831,0,0,80,0,128,32,1,1,768,8192,1
"KERNEL_DISPATCH","Agent 2",1,0,1123883,4680,31,"fused_silu_mul_mq_rotate_awq",4680,104093186914055,104093189734533,0,0,56,0,128,32,1,1,2176,8192,1
"KERNEL_DISPATCH","Agent 2",1,0,1123883,4685,22,"gdn_pre_batched_gfx1201",4685,104093211106862,104093213794339,33280,0,224,0,128,256,1,1,2686976,1,1
"KERNEL_DISPATCH","Agent 2",1,0,1123883,4690,24,"gated_delta_net_q8_fast",4690,104093216200211,104093216795219,2048,0,64,0,128,32,1,1,1536,32,1
"KERNEL_DISPATCH","Agent 2",1,0,1123883,4695,24,"gated_delta_net_q8_fast",4695,104093219137691,104093219711739,2048,0,64,0,128,32,1,1,1536,32,1
"KERNEL_DISPATCH","Agent 2",1,0,1123883,1347,41,"attention_fp8_e4m3_fa2_gqa_packet_gfx1201",1347,104086741059776,104086753234420,0,0,240,0,128,256,1,1,6144,4,16
"KERNEL_DISPATCH","Agent 2",1,0,1123883,4700,24,"gated_delta_net_q8_fast",4700,104093221987009,104093222545177,2048,0,64,0,128,32,1,1,1536,32,1
"KERNEL_DISPATCH","Agent 2",1,0,1123883,1342,33,"deinterleave_q_rmsnorm_f32_batched",1342,104086738914467,104086740300045,0,0,24,0,128,256,1,1,6144,8192,1
"KERNEL_DISPATCH","Agent 2",1,0,1123883,4705,29,"gemm_mq4g256v2_residual_wmma_fp8_v2_b128x128_gfx1201_symfold",4705,104093225246213,104093228591219,0,0,192,0,128,256,1,1,10240,64,1
"KERNEL_DISPATCH","Agent 2",1,0,1123883,1337,31,"fused_silu_mul_mq_rotate_awq",1337,104086715883675,104086718706313,0,0,56,0,128,32,1,1,2176,8192,1
"KERNEL_DISPATCH","Agent 2",1,0,1123883,1332,26,"rotate_x_mq_awq",1332,104086689930764,104086690556372,0,0,80,0,128,32,1,1,768,8192,1
"KERNEL_DISPATCH","Agent 2",1,0,1123883,1327,24,"gated_delta_net_q8_fast",1327,104086686700920,104086687259728,2048,0,64,0,128,32,1,1,1536,32,1
"KERNEL_DISPATCH","Agent 2",1,0,1123883,1322,24,"gated_delta_net_q8_fast",1322,104086683850122,104086684421529,2048,0,64,0,128,32,1,1,1536,32,1
"KERNEL_DISPATCH","Agent 2",1,0,1123883,1317,24,"gated_delta_net_q8_fast",1317,104086680923682,104086681508610,2048,0,64,0,128,32,1,1,1536,32,1
"KERNEL_DISPATCH","Agent 2",1,0,1123883,1312,20,"fused_rmsnorm_mq_rotate_awq_mq4v2_fp8_gfx12",1312,104086666914053,104086667597782,0,0,96,0,128,256,1,1,2097152,1,1
"KERNEL_DISPATCH","Agent 2",1,0,1123883,1307,20,"fused_rmsnorm_mq_rotate_awq_mq4v2_fp8_gfx12",1307,104086631576375,104086632250024,0,0,96,0,128,256,1,1,2097152,1,1
"KERNEL_DISPATCH","Agent 2",1,0,1123883,1302,24,"gated_delta_net_q8_fast",1302,104086625496892,104086626043060,2048,0,64,0,128,32,1,1,1536,32,1
"KERNEL_DISPATCH","Agent 2",1,0,1123883,1297,24,"gated_delta_net_q8_fast",1297,104086622709415,104086623268702,2048,0,64,0,128,32,1,1,1536,32,1
"KERNEL_DISPATCH","Agent 2",1,0,1123883,1292,24,"gated_delta_net_q8_fast",1292,104086619854936,104086620428384,2048,0,64,0,128,32,1,1,1536,32,1
"KERNEL_DISPATCH","Agent 2",1,0,1123883,1287,24,"gated_delta_net_q8_fast",1287,104086616941057,104086617524664,2048,0,64,0,128,32,1,1,1536,32,1
"KERNEL_DISPATCH","Agent 2",1,0,1123883,1261,24,"gated_delta_net_q8_fast",1261,104086555208821,104086555789349,2048,0,64,0,128,32,1,1,1536,32,1
"KERNEL_DISPATCH","Agent 2",1,0,1123883,1282,27,"pack_f32_to_fp8_mq4v2_gfx12",1282,104086592962972,104086594289190,512,0,24,0,128,256,1,1,2097152,1,1
"KERNEL_DISPATCH","Agent 2",1,0,1123883,1277,27,"pack_f32_to_fp8_mq4v2_gfx12",1277,104086564838752,104086565345079,512,0,24,0,128,256,1,1,2097152,1,1
"KERNEL_DISPATCH","Agent 2",1,0,1123883,1256,20,"fused_rmsnorm_mq_rotate_awq_mq4v2_fp8_gfx12",1256,104086541171432,104086541854881,0,0,96,0,128,256,1,1,2097152,1,1
"KERNEL_DISPATCH","Agent 2",1,0,1123883,1251,20,"fused_rmsnorm_mq_rotate_awq_mq4v2_fp8_gfx12",1251,104086505925915,104086506596564,0,0,96,0,128,256,1,1,2097152,1,1
"KERNEL_DISPATCH","Agent 2",1,0,1123883,1246,41,"attention_fp8_e4m3_fa2_gqa_packet_gfx1201",1246,104086488460438,104086500452001,0,0,240,0,128,256,1,1,6144,4,16
"KERNEL_DISPATCH","Agent 2",1,0,1123883,1241,33,"deinterleave_q_rmsnorm_f32_batched",1241,104086486306209,104086487699028,0,0,24,0,128,256,1,1,6144,8192,1
"KERNEL_DISPATCH","Agent 2",1,0,1123883,1236,31,"fused_silu_mul_mq_rotate_awq",1236,104086463240137,104086466068776,0,0,56,0,128,32,1,1,2176,8192,1
"KERNEL_DISPATCH","Agent 2",1,0,1123883,1231,26,"rotate_x_mq_awq",1231,104086437283986,104086437909035,0,0,80,0,128,32,1,1,768,8192,1
"KERNEL_DISPATCH","Agent 2",1,0,1123883,1226,24,"gated_delta_net_q8_fast",1226,104086434043662,104086434604630,2048,0,64,0,128,32,1,1,1536,32,1
"KERNEL_DISPATCH","Agent 2",1,0,1123883,1221,24,"gated_delta_net_q8_fast",1221,104086431179824,104086431754911,2048,0,64,0,128,32,1,1,1536,32,1
"KERNEL_DISPATCH","Agent 2",1,0,1123883,1216,24,"gated_delta_net_q8_fast",1216,104086428265424,104086428844312,2048,0,64,0,128,32,1,1,1536,32,1
"KERNEL_DISPATCH","Agent 2",1,0,1123883,1211,20,"fused_rmsnorm_mq_rotate_awq_mq4v2_fp8_gfx12",1211,104086414153473,104086414839323,0,0,96,0,128,256,1,1,2097152,1,1
"KERNEL_DISPATCH","Agent 2",1,0,1123883,1206,20,"fused_rmsnorm_mq_rotate_awq_mq4v2_fp8_gfx12",1206,104086379032598,104086379704167,0,0,96,0,128,256,1,1,2097152,1,1
"KERNEL_DISPATCH","Agent 2",1,0,1123883,4670,24,"gated_delta_net_q8_fast",4670,104093157630179,104093158190346,2048,0,64,0,128,32,1,1,1536,32,1
"KERNEL_DISPATCH","Agent 2",1,0,1123883,4715,24,"gated_delta_net_q8_fast",4715,104093277712083,104093278303691,2048,0,64,0,128,32,1,1,1536,32,1
"KERNEL_DISPATCH","Agent 2",1,0,1123883,1201,24,"gated_delta_net_q8_fast",1201,104086372946876,104086373504803,2048,0,64,0,128,32,1,1,1536,32,1
"KERNEL_DISPATCH","Agent 2",1,0,1123883,4720,24,"gated_delta_net_q8_fast",4720,104093280675163,104093281257851,2048,0,64,0,128,32,1,1,1536,32,1
"KERNEL_DISPATCH","Agent 2",1,0,1123883,1196,24,"gated_delta_net_q8_fast",1196,104086370100157,104086370675365,2048,0,64,0,128,32,1,1,1536,32,1
"KERNEL_DISPATCH","Agent 2",1,0,1123883,4725,24,"gated_delta_net_q8_fast",4725,104093283558802,104093284125170,2048,0,64,0,128,32,1,1,1536,32,1
"KERNEL_DISPATCH","Agent 2",1,0,1123883,1191,24,"gated_delta_net_q8_fast",1191,104086367225798,104086367794726,2048,0,64,0,128,32,1,1,1536,32,1
"KERNEL_DISPATCH","Agent 2",1,0,1123883,1186,24,"gated_delta_net_q8_fast",1186,104086364364040,104086364940048,2048,0,64,0,128,32,1,1,1536,32,1
"KERNEL_DISPATCH","Agent 2",1,0,1123883,1181,27,"pack_f32_to_fp8_mq4v2_gfx12",1181,104086340325595,104086341653172,512,0,24,0,128,256,1,1,2097152,1,1
"KERNEL_DISPATCH","Agent 2",1,0,1123883,1176,27,"pack_f32_to_fp8_mq4v2_gfx12",1176,104086312236935,104086312737101,512,0,24,0,128,256,1,1,2097152,1,1
"KERNEL_DISPATCH","Agent 2",1,0,1123883,1171,24,"gated_delta_net_q8_fast",1171,104086308923090,104086309483097,2048,0,64,0,128,32,1,1,1536,32,1
"KERNEL_DISPATCH","Agent 2",1,0,1123883,4710,29,"gemm_mq4g256v2_residual_wmma_fp8_v2_b128x128_gfx1201_symfold",4710,104093254302207,104093264145260,0,0,192,0,128,256,1,1,10240,64,1
"KERNEL_DISPATCH","Agent 2",1,0,1123883,1166,24,"gated_delta_net_q8_fast",1166,104086306062491,104086306636659,2048,0,64,0,128,32,1,1,1536,32,1
"KERNEL_DISPATCH","Agent 2",1,0,1123883,4735,30,"gemm_gate_up_mq4g256v2_wmma_fp8_v2_b128x128_gfx1201_symfold",4735,104093292609765,104093313463327,0,0,192,0,128,256,1,1,69632,64,1
"KERNEL_DISPATCH","Agent 2",1,0,1123883,4740,32,"gemm_qkv_mq4g256v2_wmma_fp8_v2_b128x128_gfx1201_symfold",4740,104093328232087,104093336667121,0,0,192,0,128,256,1,1,28672,64,1
"KERNEL_DISPATCH","Agent 2",1,0,1123883,1161,24,"gated_delta_net_q8_fast",1161,104086303143372,104086303722059,2048,0,64,0,128,32,1,1,1536,32,1
"KERNEL_DISPATCH","Agent 2",1,0,1123883,1156,21,"gemm_qkvza_mq4g256v2_wmma_fp8_v2_b128x128_gfx1201_symfold",1156,104086289253624,104086298704471,0,0,208,0,128,256,1,1,33024,64,1
"KERNEL_DISPATCH","Agent 2",1,0,1123883,1151,30,"gemm_gate_up_mq4g256v2_wmma_fp8_v2_b128x128_gfx1201_symfold",1151,104086254015387,104086274579225,0,0,192,0,128,256,1,1,69632,64,1
"KERNEL_DISPATCH","Agent 2",1,0,1123883,1146,49,"sigmoid_mul_f32",1146,104086247907624,104086248882517,0,0,16,0,128,256,1,1,50331648,1,1
"KERNEL_DISPATCH","Agent 2",1,0,1123883,1141,35,"rmsnorm_f32",1141,104086235147092,104086235367535,0,0,16,0,128,256,1,1,8388608,1,1
"KERNEL_DISPATCH","Agent 2",1,0,1123883,1136,27,"pack_f32_to_fp8_mq4v2_gfx12",1136,104086213433798,104086214764656,512,0,24,0,128,256,1,1,2097152,1,1
"KERNEL_DISPATCH","Agent 2",1,0,1123883,1131,27,"pack_f32_to_fp8_mq4v2_gfx12",1131,104086185348738,104086185853825,512,0,24,0,128,256,1,1,2097152,1,1
"KERNEL_DISPATCH","Agent 2",1,0,1123883,3695,29,"gemm_mq4g256v2_residual_wmma_fp8_v2_b128x128_gfx1201_symfold",3695,104090686176825,104090689529070,0,0,192,0,128,256,1,1,10240,64,1
"KERNEL_DISPATCH","Agent 2",1,0,1123883,2812,15,"__amd_rocclr_fillBufferUnAligned",2812,104089581493131,104089581495291,0,0,8,0,128,256,1,1,8192,1,1
"KERNEL_DISPATCH","Agent 2",1,0,1123883,1126,24,"gated_delta_net_q8_fast",1126,104086182042573,104086182599821,2048,0,64,0,128,32,1,1,1536,32,1
"KERNEL_DISPATCH","Agent 2",1,0,1123883,1121,24,"gated_delta_net_q8_fast",1121,104086179215535,104086179782263,2048,0,64,0,128,32,1,1,1536,32,1
"KERNEL_DISPATCH","Agent 2",1,0,1123883,1116,24,"gated_delta_net_q8_fast",1116,104086176321456,104086176899984,2048,0,64,0,128,32,1,1,1536,32,1
"KERNEL_DISPATCH","Agent 2",1,0,1123883,1111,21,"gemm_qkvza_mq4g256v2_wmma_fp8_v2_b128x128_gfx1201_symfold",1111,104086162404748,104086171896276,0,0,208,0,128,256,1,1,33024,64,1
"KERNEL_DISPATCH","Agent 2",1,0,1123883,1106,30,"gemm_gate_up_mq4g256v2_wmma_fp8_v2_b128x128_gfx1201_symfold",1106,104086127084750,104086147772790,0,0,192,0,128,256,1,1,69632,64,1
"KERNEL_DISPATCH","Agent 2",1,0,1123883,1101,25,"gated_norm_f32",1101,104086120898266,104086121880079,0,0,24,0,128,32,1,1,1536,8192,1
"KERNEL_DISPATCH","Agent 2",1,0,1123883,1096,24,"gated_delta_net_q8_fast",1096,104086118102588,104086118662956,2048,0,64,0,128,32,1,1,1536,32,1
"KERNEL_DISPATCH","Agent 2",1,0,1123883,1091,24,"gated_delta_net_q8_fast",1091,104086115242710,104086115818317,2048,0,64,0,128,32,1,1,1536,32,1
"KERNEL_DISPATCH","Agent 2",1,0,1123883,1086,24,"gated_delta_net_q8_fast",1086,104086112308390,104086112891358,2048,0,64,0,128,32,1,1,1536,32,1
"KERNEL_DISPATCH","Agent 2",1,0,1123883,1081,29,"gemm_mq4g256v2_residual_wmma_fp8_v2_b128x128_gfx1201_symfold",1081,104086089102716,104086098808007,0,0,192,0,128,256,1,1,10240,64,1
"KERNEL_DISPATCH","Agent 2",1,0,1123883,1076,29,"gemm_mq4g256v2_residual_wmma_fp8_v2_b128x128_gfx1201_symfold",1076,104086060148724,104086063507850,0,0,192,0,128,256,1,1,10240,64,1
"KERNEL_DISPATCH","Agent 2",1,0,1123883,1071,24,"gated_delta_net_q8_fast",1071,104086056895840,104086057447888,2048,0,64,0,128,32,1,1,1536,32,1
"KERNEL_DISPATCH","Agent 2",1,0,1123883,1066,24,"gated_delta_net_q8_fast",1066,104086054083362,104086054646730,2048,0,64,0,128,32,1,1,1536,32,1
"KERNEL_DISPATCH","Agent 2",1,0,1123883,1061,24,"gated_delta_net_q8_fast",1061,104086051198403,104086051773811,2048,0,64,0,128,32,1,1,1536,32,1
"KERNEL_DISPATCH","Agent 2",1,0,1123883,1056,22,"gdn_pre_batched_gfx1201",1056,104086046204416,104086048884092,33280,0,224,0,128,256,1,1,2686976,1,1
"KERNEL_DISPATCH","Agent 2",1,0,1123883,1051,31,"fused_silu_mul_mq_rotate_awq",1051,104086022073049,104086024893607,0,0,56,0,128,32,1,1,2176,8192,1
"KERNEL_DISPATCH","Agent 2",1,0,1123883,1046,26,"rotate_x_mq_awq",1046,104085996327101,104085996961750,0,0,80,0,128,32,1,1,768,8192,1
"KERNEL_DISPATCH","Agent 2",1,0,1123883,1041,36,"rope_partial_halfsplit_batched_f32",1041,104085982812398,104085983179443,0,0,16,0,128,32,1,1,32,8192,1
"KERNEL_DISPATCH","Agent 2",1,0,1123883,1036,29,"gemm_mq4g256v2_residual_wmma_fp8_v2_b128x128_gfx1201_symfold",1036,104085962275960,104085972192774,0,0,192,0,128,256,1,1,10240,64,1
"KERNEL_DISPATCH","Agent 2",1,0,1123883,1031,29,"gemm_mq4g256v2_residual_wmma_fp8_v2_b128x128_gfx1201_symfold",1031,104085933394090,104085936765975,0,0,192,0,128,256,1,1,10240,64,1
"KERNEL_DISPATCH","Agent 2",1,0,1123883,1026,24,"gated_delta_net_q8_fast",1026,104085930155726,104085930704173,2048,0,64,0,128,32,1,1,1536,32,1
"KERNEL_DISPATCH","Agent 2",1,0,1123883,1021,24,"gated_delta_net_q8_fast",1021,104085927352248,104085927914175,2048,0,64,0,128,32,1,1,1536,32,1
"KERNEL_DISPATCH","Agent 2",1,0,1123883,1016,24,"gated_delta_net_q8_fast",1016,104085924464609,104085925045417,2048,0,64,0,128,32,1,1,1536,32,1
"KERNEL_DISPATCH","Agent 2",1,0,1123883,1011,22,"gdn_pre_batched_gfx1201",1011,104085919449181,104085922116297,33280,0,224,0,128,256,1,1,2686976,1,1
"KERNEL_DISPATCH","Agent 2",1,0,1123883,1006,31,"fused_silu_mul_mq_rotate_awq",1006,104085895305694,104085898128132,0,0,56,0,128,32,1,1,2176,8192,1
"KERNEL_DISPATCH","Agent 2",1,0,1123883,1001,26,"rotate_x_mq_awq",1001,104085869393104,104085870018112,0,0,80,0,128,32,1,1,768,8192,1
"KERNEL_DISPATCH","Agent 2",1,0,1123883,996,24,"gated_delta_net_q8_fast",996,104085866153980,104085866714188,2048,0,64,0,128,32,1,1,1536,32,1
"KERNEL_DISPATCH","Agent 2",1,0,1123883,991,24,"gated_delta_net_q8_fast",991,104085863285421,104085863857429,2048,0,64,0,128,32,1,1,1536,32,1
"KERNEL_DISPATCH","Agent 2",1,0,1123883,986,24,"gated_delta_net_q8_fast",986,104085860398902,104085860972390,2048,0,64,0,128,32,1,1,1536,32,1
"KERNEL_DISPATCH","Agent 2",1,0,1123883,981,20,"fused_rmsnorm_mq_rotate_awq_mq4v2_fp8_gfx12",981,104085846386913,104085847067922,0,0,96,0,128,256,1,1,2097152,1,1
"KERNEL_DISPATCH","Agent 2",1,0,1123883,976,20,"fused_rmsnorm_mq_rotate_awq_mq4v2_fp8_gfx12",976,104085810974033,104085811645443,0,0,96,0,128,256,1,1,2097152,1,1
"KERNEL_DISPATCH","Agent 2",1,0,1123883,971,24,"gated_delta_net_q8_fast",971,104085804897711,104085805456719,2048,0,64,0,128,32,1,1,1536,32,1
"KERNEL_DISPATCH","Agent 2",1,0,1123883,966,24,"gated_delta_net_q8_fast",966,104085802049673,104085802622640,2048,0,64,0,128,32,1,1,1536,32,1
"KERNEL_DISPATCH","Agent 2",1,0,1123883,961,24,"gated_delta_net_q8_fast",961,104085799123833,104085799713441,2048,0,64,0,128,32,1,1,1536,32,1
"KERNEL_DISPATCH","Agent 2",1,0,1123883,956,24,"gated_delta_net_q8_fast",956,104085796198634,104085796785122,2048,0,64,0,128,32,1,1,1536,32,1
"KERNEL_DISPATCH","Agent 2",1,0,1123883,951,27,"pack_f32_to_fp8_mq4v2_gfx12",951,104085772044547,104085773373045,512,0,24,0,128,256,1,1,2097152,1,1
"KERNEL_DISPATCH","Agent 2",1,0,1123883,946,27,"pack_f32_to_fp8_mq4v2_gfx12",946,104085744082969,104085744582295,512,0,24,0,128,256,1,1,2097152,1,1
"KERNEL_DISPATCH","Agent 2",1,0,1123883,941,37,"kv_cache_write_fp8_e4m3_batched",941,104085731064712,104085731128513,0,0,56,0,128,32,1,1,128,8192,1
"KERNEL_DISPATCH","Agent 2",1,0,1123883,936,20,"fused_rmsnorm_mq_rotate_awq_mq4v2_fp8_gfx12",936,104085720438969,104085721106618,0,0,96,0,128,256,1,1,2097152,1,1
"KERNEL_DISPATCH","Agent 2",1,0,1123883,931,20,"fused_rmsnorm_mq_rotate_awq_mq4v2_fp8_gfx12",931,104085687236240,104085687904529,0,0,96,0,128,256,1,1,2097152,1,1
"KERNEL_DISPATCH","Agent 2",1,0,1123883,926,24,"gated_delta_net_q8_fast",926,104085681254239,104085681786646,2048,0,64,0,128,32,1,1,1536,32,1
"KERNEL_DISPATCH","Agent 2",1,0,1123883,921,24,"gated_delta_net_q8_fast",921,104085678607523,104085679134250,2048,0,64,0,128,32,1,1,1536,32,1
"KERNEL_DISPATCH","Agent 2",1,0,1123883,916,24,"gated_delta_net_q8_fast",916,104085675932247,104085676466734,2048,0,64,0,128,32,1,1,1536,32,1
"KERNEL_DISPATCH","Agent 2",1,0,1123883,911,24,"gated_delta_net_q8_fast",911,104085673251770,104085673785858,2048,0,64,0,128,32,1,1,1536,32,1
"KERNEL_DISPATCH","Agent 2",1,0,1123883,906,27,"pack_f32_to_fp8_mq4v2_gfx12",906,104085650573264,104085651894961,512,0,24,0,128,256,1,1,2097152,1,1
"KERNEL_DISPATCH","Agent 2",1,0,1123883,901,27,"pack_f32_to_fp8_mq4v2_gfx12",901,104085623329575,104085623829902,512,0,24,0,128,256,1,1,2097152,1,1
"KERNEL_DISPATCH","Agent 2",1,0,1123883,896,24,"gated_delta_net_q8_fast",896,104085620038731,104085620588778,2048,0,64,0,128,32,1,1,1536,32,1
"KERNEL_DISPATCH","Agent 2",1,0,1123883,882,22,"gdn_pre_batched_gfx1201",882,104085610329439,104085612967755,33280,0,224,0,128,256,1,1,2686976,1,1
"KERNEL_DISPATCH","Agent 2",1,0,1123883,887,24,"gated_delta_net_q8_fast",887,104085615179985,104085615718272,2048,0,64,0,128,32,1,1,1536,32,1
"KERNEL_DISPATCH","Agent 2",1,0,1123883,892,24,"gated_delta_net_q8_fast",892,104085617869381,104085618403348,2048,0,64,0,128,32,1,1,1536,32,1
"KERNEL_DISPATCH","Agent 2",1,0,1123883,897,24,"gated_delta_net_q8_fast",897,104085620592058,104085621140585,2048,0,64,0,128,32,1,1,1536,32,1
"KERNEL_DISPATCH","Agent 2",1,0,1123883,902,29,"gemm_mq4g256v2_residual_wmma_fp8_v2_b128x128_gfx1201_symfold",902,104085623833182,104085627145227,0,0,192,0,128,256,1,1,10240,64,1
"KERNEL_DISPATCH","Agent 2",1,0,1123883,907,29,"gemm_mq4g256v2_residual_wmma_fp8_v2_b128x128_gfx1201_symfold",907,104085651898762,104085660906723,0,0,192,0,128,256,1,1,10240,64,1
"KERNEL_DISPATCH","Agent 2",1,0,1123883,912,24,"gated_delta_net_q8_fast",912,104085673789098,104085674319785,2048,0,64,0,128,32,1,1,1536,32,1
"KERNEL_DISPATCH","Agent 2",1,0,1123883,917,24,"gated_delta_net_q8_fast",917,104085676470214,104085677004301,2048,0,64,0,128,32,1,1,1536,32,1
"KERNEL_DISPATCH","Agent 2",1,0,1123883,922,24,"gated_delta_net_q8_fast",922,104085679137410,104085679661457,2048,0,64,0,128,32,1,1,1536,32,1
"KERNEL_DISPATCH","Agent 2",1,0,1123883,927,25,"gated_norm_f32",927,104085681789926,104085682771939,0,0,24,0,128,32,1,1,1536,8192,1
"KERNEL_DISPATCH","Agent 2",1,0,1123883,932,30,"gemm_gate_up_mq4g256v2_wmma_fp8_v2_b128x128_gfx1201_symfold",932,104085687916569,104085707390112,0,0,192,0,128,256,1,1,69632,64,1
"KERNEL_DISPATCH","Agent 2",1,0,1123883,937,32,"gemm_qkv_mq4g256v2_wmma_fp8_v2_b128x128_gfx1201_symfold",937,104085721119018,104085729073166,0,0,192,0,128,256,1,1,28672,64,1
"KERNEL_DISPATCH","Agent 2",1,0,1123883,942,37,"kv_cache_write_fp8_e4m3_batched",942,104085731131913,104085731219475,0,0,56,0,128,32,1,1,128,8192,1
"KERNEL_DISPATCH","Agent 2",1,0,1123883,947,29,"gemm_mq4g256v2_residual_wmma_fp8_v2_b128x128_gfx1201_symfold",947,104085744585575,104085747864100,0,0,192,0,128,256,1,1,10240,64,1
"KERNEL_DISPATCH","Agent 2",1,0,1123883,952,29,"gemm_mq4g256v2_residual_wmma_fp8_v2_b128x128_gfx1201_symfold",952,104085773376805,104085783263659,0,0,192,0,128,256,1,1,10240,64,1
"KERNEL_DISPATCH","Agent 2",1,0,1123883,957,24,"gated_delta_net_q8_fast",957,104085796788442,104085797369369,2048,0,64,0,128,32,1,1,1536,32,1
"KERNEL_DISPATCH","Agent 2",1,0,1123883,962,24,"gated_delta_net_q8_fast",962,104085799716761,104085800304329,2048,0,64,0,128,32,1,1,1536,32,1
"KERNEL_DISPATCH","Agent 2",1,0,1123883,967,24,"gated_delta_net_q8_fast",967,104085802625921,104085803196168,2048,0,64,0,128,32,1,1,1536,32,1
"KERNEL_DISPATCH","Agent 2",1,0,1123883,1267,24,"gated_delta_net_q8_fast",1267,104086558702909,104086559273396,2048,0,64,0,128,32,1,1,1536,32,1
"KERNEL_DISPATCH","Agent 2",1,0,1123883,972,25,"gated_norm_f32",972,104085805460199,104085806442852,0,0,24,0,128,32,1,1,1536,8192,1
"KERNEL_DISPATCH","Agent 2",1,0,1123883,977,30,"gemm_gate_up_mq4g256v2_wmma_fp8_v2_b128x128_gfx1201_symfold",977,104085811657563,104085832411723,0,0,192,0,128,256,1,1,69632,64,1
"KERNEL_DISPATCH","Agent 2",1,0,1123883,982,21,"gemm_qkvza_mq4g256v2_wmma_fp8_v2_b128x128_gfx1201_symfold",982,104085847079962,104085856548810,0,0,208,0,128,256,1,1,33024,64,1
"KERNEL_DISPATCH","Agent 2",1,0,1123883,987,24,"gated_delta_net_q8_fast",987,104085860975590,104085861549598,2048,0,64,0,128,32,1,1,1536,32,1
"KERNEL_DISPATCH","Agent 2",1,0,1123883,992,24,"gated_delta_net_q8_fast",992,104085863860829,104085864432117,2048,0,64,0,128,32,1,1,1536,32,1
"KERNEL_DISPATCH","Agent 2",1,0,1123883,997,24,"gated_delta_net_q8_fast",997,104085866717548,104085867277355,2048,0,64,0,128,32,1,1,1536,32,1
"KERNEL_DISPATCH","Agent 2",1,0,1123883,1002,27,"pack_f32_to_fp8_mq4v2_gfx12",1002,104085870030112,104085870529999,512,0,24,0,128,256,1,1,2097152,1,1
"KERNEL_DISPATCH","Agent 2",1,0,1123883,1007,27,"pack_f32_to_fp8_mq4v2_gfx12",1007,104085898140213,104085899468151,512,0,24,0,128,256,1,1,2097152,1,1
"KERNEL_DISPATCH","Agent 2",1,0,1123883,1012,24,"gated_delta_net_q8_fast",1012,104085922128337,104085922708225,2048,0,64,0,128,32,1,1,1536,32,1
"KERNEL_DISPATCH","Agent 2",1,0,1123883,1017,24,"gated_delta_net_q8_fast",1017,104085925048697,104085925624624,2048,0,64,0,128,32,1,1,1536,32,1
"KERNEL_DISPATCH","Agent 2",1,0,1123883,1022,24,"gated_delta_net_q8_fast",1022,104085927917375,104085928476343,2048,0,64,0,128,32,1,1,1536,32,1
"KERNEL_DISPATCH","Agent 2",1,0,1123883,1027,24,"gated_delta_net_q8_fast",1027,104085930707333,104085931256741,2048,0,64,0,128,32,1,1,1536,32,1
"KERNEL_DISPATCH","Agent 2",1,0,1123883,4750,29,"gemm_mq4g256v2_residual_wmma_fp8_v2_b128x128_gfx1201_symfold",4750,104093353095063,104093356447988,0,0,192,0,128,256,1,1,10240,64,1
"KERNEL_DISPATCH","Agent 2",1,0,1123883,1032,20,"fused_rmsnorm_mq_rotate_awq_mq4v2_fp8_gfx12",1032,104085936777975,104085937450344,0,0,96,0,128,256,1,1,2097152,1,1
"KERNEL_DISPATCH","Agent 2",1,0,1123883,4755,29,"gemm_mq4g256v2_residual_wmma_fp8_v2_b128x128_gfx1201_symfold",4755,104093382048175,104093392015630,0,0,192,0,128,256,1,1,10240,64,1
"KERNEL_DISPATCH","Agent 2",1,0,1123883,1037,20,"fused_rmsnorm_mq_rotate_awq_mq4v2_fp8_gfx12",1037,104085972205055,104085972884424,0,0,96,0,128,256,1,1,2097152,1,1
"KERNEL_DISPATCH","Agent 2",1,0,1123883,4760,24,"gated_delta_net_q8_fast",4760,104093405461771,104093406045739,2048,0,64,0,128,32,1,1,1536,32,1
"KERNEL_DISPATCH","Agent 2",1,0,1123883,4765,24,"gated_delta_net_q8_fast",4765,104093408414291,104093408993979,2048,0,64,0,128,32,1,1,1536,32,1
"KERNEL_DISPATCH","Agent 2",1,0,1123883,1042,37,"kv_cache_write_fp8_e4m3_batched",1042,104085983183323,104085983245884,0,0,56,0,128,32,1,1,128,8192,1
"KERNEL_DISPATCH","Agent 2",1,0,1123883,1047,27,"pack_f32_to_fp8_mq4v2_gfx12",1047,104085996973670,104085997471756,512,0,24,0,128,256,1,1,2097152,1,1
"KERNEL_DISPATCH","Agent 2",1,0,1123883,4770,24,"gated_delta_net_q8_fast",4770,104093411308291,104093411871578,2048,0,64,0,128,32,1,1,1536,32,1
"KERNEL_DISPATCH","Agent 2",1,0,1123883,1052,27,"pack_f32_to_fp8_mq4v2_gfx12",1052,104086024905688,104086026233665,512,0,24,0,128,256,1,1,2097152,1,1
"KERNEL_DISPATCH","Agent 2",1,0,1123883,4775,25,"gated_norm_f32",4775,104093414124649,104093415107062,0,0,24,0,128,32,1,1,1536,8192,1
"KERNEL_DISPATCH","Agent 2",1,0,1123883,4780,30,"gemm_gate_up_mq4g256v2_wmma_fp8_v2_b128x128_gfx1201_symfold",4780,104093420319172,104093441124294,0,0,192,0,128,256,1,1,69632,64,1
"KERNEL_DISPATCH","Agent 2",1,0,1123883,4785,21,"gemm_qkvza_mq4g256v2_wmma_fp8_v2_b128x128_gfx1201_symfold",4785,104093455851453,104093465388942,0,0,208,0,128,256,1,1,33024,64,1
"KERNEL_DISPATCH","Agent 2",1,0,1123883,4790,24,"gated_delta_net_q8_fast",4790,104093469887803,104093470479611,2048,0,64,0,128,32,1,1,1536,32,1
"KERNEL_DISPATCH","Agent 2",1,0,1123883,4795,24,"gated_delta_net_q8_fast",4795,104093472813603,104093473382690,2048,0,64,0,128,32,1,1,1536,32,1
"KERNEL_DISPATCH","Agent 2",1,0,1123883,4800,24,"gated_delta_net_q8_fast",4800,104093475656921,104093476214409,2048,0,64,0,128,32,1,1,1536,32,1
"KERNEL_DISPATCH","Agent 2",1,0,1123883,1062,24,"gated_delta_net_q8_fast",1062,104086051777011,104086052351979,2048,0,64,0,128,32,1,1,1536,32,1
"KERNEL_DISPATCH","Agent 2",1,0,1123883,4810,27,"pack_f32_to_fp8_mq4v2_gfx12",4810,104093507271309,104093508600927,512,0,24,0,128,256,1,1,2097152,1,1
"KERNEL_DISPATCH","Agent 2",1,0,1123883,4815,24,"gated_delta_net_q8_fast",4815,104093531428716,104093532019363,2048,0,64,0,128,32,1,1,1536,32,1
"KERNEL_DISPATCH","Agent 2",1,0,1123883,4820,24,"gated_delta_net_q8_fast",4820,104093534379035,104093534966963,2048,0,64,0,128,32,1,1,1536,32,1
"KERNEL_DISPATCH","Agent 2",1,0,1123883,4825,24,"gated_delta_net_q8_fast",4825,104093537287315,104093537858802,2048,0,64,0,128,32,1,1,1536,32,1
"KERNEL_DISPATCH","Agent 2",1,0,1123883,4830,24,"gated_delta_net_q8_fast",4830,104093540119553,104093540679401,2048,0,64,0,128,32,1,1,1536,32,1
"KERNEL_DISPATCH","Agent 2",1,0,1123883,4835,20,"fused_rmsnorm_mq_rotate_awq_mq4v2_fp8_gfx12",4835,104093546216916,104093546890325,0,0,96,0,128,256,1,1,2097152,1,1
"KERNEL_DISPATCH","Agent 2",1,0,1123883,1057,24,"gated_delta_net_q8_fast",1057,104086048896052,104086049470140,2048,0,64,0,128,32,1,1,1536,32,1
"KERNEL_DISPATCH","Agent 2",1,0,1123883,1262,24,"gated_delta_net_q8_fast",1262,104086555792669,104086556371957,2048,0,64,0,128,32,1,1,1536,32,1
"KERNEL_DISPATCH","Agent 2",1,0,1123883,4840,20,"fused_rmsnorm_mq_rotate_awq_mq4v2_fp8_gfx12",4840,104093581820637,104093582504006,0,0,96,0,128,256,1,1,2097152,1,1
"KERNEL_DISPATCH","Agent 2",1,0,1123883,1067,24,"gated_delta_net_q8_fast",1067,104086054649890,104086055212338,2048,0,64,0,128,32,1,1,1536,32,1
"KERNEL_DISPATCH","Agent 2",1,0,1123883,4845,37,"kv_cache_write_fp8_e4m3_batched",4845,104093593036989,104093593100070,0,0,56,0,128,32,1,1,128,8192,1
"KERNEL_DISPATCH","Agent 2",1,0,1123883,1257,21,"gemm_qkvza_mq4g256v2_wmma_fp8_v2_b128x128_gfx1201_symfold",1257,104086541866921,104086551345969,0,0,208,0,128,256,1,1,33024,64,1
"KERNEL_DISPATCH","Agent 2",1,0,1123883,1072,24,"gated_delta_net_q8_fast",1072,104086057451088,104086058000975,2048,0,64,0,128,32,1,1,1536,32,1
"KERNEL_DISPATCH","Agent 2",1,0,1123883,4850,27,"pack_f32_to_fp8_mq4v2_gfx12",4850,104093606941377,104093607442664,512,0,24,0,128,256,1,1,2097152,1,1
"KERNEL_DISPATCH","Agent 2",1,0,1123883,1252,30,"gemm_gate_up_mq4g256v2_wmma_fp8_v2_b128x128_gfx1201_symfold",1252,104086506608764,104086527229363,0,0,192,0,128,256,1,1,69632,64,1
"KERNEL_DISPATCH","Agent 2",1,0,1123883,4855,27,"pack_f32_to_fp8_mq4v2_gfx12",4855,104093635063677,104093636394015,512,0,24,0,128,256,1,1,2097152,1,1
"KERNEL_DISPATCH","Agent 2",1,0,1123883,1077,20,"fused_rmsnorm_mq_rotate_awq_mq4v2_fp8_gfx12",1077,104086063519890,104086064193619,0,0,96,0,128,256,1,1,2097152,1,1
"KERNEL_DISPATCH","Agent 2",1,0,1123883,1247,49,"sigmoid_mul_f32",1247,104086500463961,104086501439054,0,0,16,0,128,256,1,1,50331648,1,1
"KERNEL_DISPATCH","Agent 2",1,0,1123883,4860,55,"gemv_mq4g256v2_multirow_r2",4860,104093646391830,104093647468764,0,0,96,0,128,32,1,1,3973120,1,1
"KERNEL_DISPATCH","Agent 2",1,0,1123883,4865,15,"__amd_rocclr_fillBufferUnAligned",4865,104093647644137,104093647656777,0,0,8,0,128,256,1,1,8192,1,1
"KERNEL_DISPATCH","Agent 2",1,0,1123883,1242,35,"rmsnorm_f32",1242,104086487711308,104086487930591,0,0,16,0,128,256,1,1,8388608,1,1
"KERNEL_DISPATCH","Agent 2",1,0,1123883,1082,20,"fused_rmsnorm_mq_rotate_awq_mq4v2_fp8_gfx12",1082,104086098820287,104086099504457,0,0,96,0,128,256,1,1,2097152,1,1
"KERNEL_DISPATCH","Agent 2",1,0,1123883,1237,27,"pack_f32_to_fp8_mq4v2_gfx12",1237,104086466080976,104086467409154,512,0,24,0,128,256,1,1,2097152,1,1
"KERNEL_DISPATCH","Agent 2",1,0,1123883,1087,24,"gated_delta_net_q8_fast",1087,104086112894598,104086113477206,2048,0,64,0,128,32,1,1,1536,32,1
"KERNEL_DISPATCH","Agent 2",1,0,1123883,1232,27,"pack_f32_to_fp8_mq4v2_gfx12",1232,104086437921035,104086438423642,512,0,24,0,128,256,1,1,2097152,1,1
"KERNEL_DISPATCH","Agent 2",1,0,1123883,1092,24,"gated_delta_net_q8_fast",1092,104086115821557,104086116392845,2048,0,64,0,128,32,1,1,1536,32,1
"KERNEL_DISPATCH","Agent 2",1,0,1123883,1227,24,"gated_delta_net_q8_fast",1227,104086434607990,104086435167438,2048,0,64,0,128,32,1,1,1536,32,1
"KERNEL_DISPATCH","Agent 2",1,0,1123883,1097,24,"gated_delta_net_q8_fast",1097,104086118666156,104086119225603,2048,0,64,0,128,32,1,1,1536,32,1
"KERNEL_DISPATCH","Agent 2",1,0,1123883,1222,24,"gated_delta_net_q8_fast",1222,104086431758191,104086432330399,2048,0,64,0,128,32,1,1,1536,32,1
"KERNEL_DISPATCH","Agent 2",1,0,1123883,1217,24,"gated_delta_net_q8_fast",1217,104086428847552,104086429426080,2048,0,64,0,128,32,1,1,1536,32,1
"KERNEL_DISPATCH","Agent 2",1,0,1123883,1102,26,"rotate_x_mq_awq",1102,104086121892120,104086122516088,0,0,80,0,128,32,1,1,768,8192,1
"KERNEL_DISPATCH","Agent 2",1,0,1123883,1212,21,"gemm_qkvza_mq4g256v2_wmma_fp8_v2_b128x128_gfx1201_symfold",1212,104086414851403,104086424401532,0,0,208,0,128,256,1,1,33024,64,1
"KERNEL_DISPATCH","Agent 2",1,0,1123883,1107,31,"fused_silu_mul_mq_rotate_awq",1107,104086147784870,104086150608068,0,0,56,0,128,32,1,1,2176,8192,1
"KERNEL_DISPATCH","Agent 2",1,0,1123883,1207,30,"gemm_gate_up_mq4g256v2_wmma_fp8_v2_b128x128_gfx1201_symfold",1207,104086379716287,104086400328246,0,0,192,0,128,256,1,1,69632,64,1
"KERNEL_DISPATCH","Agent 2",1,0,1123883,1112,22,"gdn_pre_batched_gfx1201",1112,104086171908356,104086174566552,33280,0,224,0,128,256,1,1,2686976,1,1
"KERNEL_DISPATCH","Agent 2",1,0,1123883,1202,25,"gated_norm_f32",1202,104086373508163,104086374490617,0,0,24,0,128,32,1,1,1536,8192,1
"KERNEL_DISPATCH","Agent 2",1,0,1123883,1117,24,"gated_delta_net_q8_fast",1117,104086176903264,104086177482792,2048,0,64,0,128,32,1,1,1536,32,1
"KERNEL_DISPATCH","Agent 2",1,0,1123883,1197,24,"gated_delta_net_q8_fast",1197,104086370678725,104086371249653,2048,0,64,0,128,32,1,1,1536,32,1
"KERNEL_DISPATCH","Agent 2",1,0,1123883,1122,24,"gated_delta_net_q8_fast",1122,104086179785463,104086180350630,2048,0,64,0,128,32,1,1,1536,32,1
"KERNEL_DISPATCH","Agent 2",1,0,1123883,1192,24,"gated_delta_net_q8_fast",1192,104086367797966,104086368366294,2048,0,64,0,128,32,1,1,1536,32,1
"KERNEL_DISPATCH","Agent 2",1,0,1123883,1127,24,"gated_delta_net_q8_fast",1127,104086182603061,104086183160388,2048,0,64,0,128,32,1,1,1536,32,1
"KERNEL_DISPATCH","Agent 2",1,0,1123883,1187,24,"gated_delta_net_q8_fast",1187,104086364943488,104086365518535,2048,0,64,0,128,32,1,1,1536,32,1
"KERNEL_DISPATCH","Agent 2",1,0,1123883,1132,29,"gemm_mq4g256v2_residual_wmma_fp8_v2_b128x128_gfx1201_symfold",1132,104086185857465,104086189217950,0,0,192,0,128,256,1,1,10240,64,1
"KERNEL_DISPATCH","Agent 2",1,0,1123883,1137,29,"gemm_mq4g256v2_residual_wmma_fp8_v2_b128x128_gfx1201_symfold",1137,104086214768456,104086224672910,0,0,192,0,128,256,1,1,10240,64,1
"KERNEL_DISPATCH","Agent 2",1,0,1123883,1142,36,"rope_partial_halfsplit_batched_f32",1142,104086235370935,104086235735300,0,0,16,0,128,32,1,1,32,8192,1
"KERNEL_DISPATCH","Agent 2",1,0,1123883,1147,26,"rotate_x_mq_awq",1147,104086248894558,104086249524886,0,0,80,0,128,32,1,1,768,8192,1
"KERNEL_DISPATCH","Agent 2",1,0,1123883,1152,31,"fused_silu_mul_mq_rotate_awq",1152,104086274591425,104086277412703,0,0,56,0,128,32,1,1,2176,8192,1
"KERNEL_DISPATCH","Agent 2",1,0,1123883,1157,22,"gdn_pre_batched_gfx1201",1157,104086298716472,104086301382348,33280,0,224,0,128,256,1,1,2686976,1,1
"KERNEL_DISPATCH","Agent 2",1,0,1123883,1162,24,"gated_delta_net_q8_fast",1162,104086303725299,104086304303547,2048,0,64,0,128,32,1,1,1536,32,1
"KERNEL_DISPATCH","Agent 2",1,0,1123883,1167,24,"gated_delta_net_q8_fast",1167,104086306639899,104086307212947,2048,0,64,0,128,32,1,1,1536,32,1
"KERNEL_DISPATCH","Agent 2",1,0,1123883,1172,24,"gated_delta_net_q8_fast",1172,104086309486337,104086310045505,2048,0,64,0,128,32,1,1,1536,32,1
"KERNEL_DISPATCH","Agent 2",1,0,1123883,1177,29,"gemm_mq4g256v2_residual_wmma_fp8_v2_b128x128_gfx1201_symfold",1177,104086312740421,104086316097587,0,0,192,0,128,256,1,1,10240,64,1
"KERNEL_DISPATCH","Agent 2",1,0,1123883,4805,27,"pack_f32_to_fp8_mq4v2_gfx12",4805,104093478962246,104093479465173,512,0,24,0,128,256,1,1,2097152,1,1
"KERNEL_DISPATCH","Agent 2",1,0,1123883,4875,15,"__amd_rocclr_fillBufferUnAligned",4875,104093647730018,104093647731778,0,0,8,0,128,256,1,1,8192,1,1
"KERNEL_DISPATCH","Agent 2",1,0,1123883,4880,15,"__amd_rocclr_fillBufferUnAligned",4880,104093647757138,104093647758818,0,0,8,0,128,256,1,1,8192,1,1
"KERNEL_DISPATCH","Agent 2",1,0,1123883,4885,15,"__amd_rocclr_fillBufferUnAligned",4885,104093647784299,104093647786179,0,0,8,0,128,256,1,1,8192,1,1
"KERNEL_DISPATCH","Agent 2",1,0,1123883,4890,15,"__amd_rocclr_fillBufferUnAligned",4890,104093647810939,104093647812659,0,0,8,0,128,256,1,1,8192,1,1
"KERNEL_DISPATCH","Agent 2",1,0,1123883,4895,15,"__amd_rocclr_fillBufferUnAligned",4895,104093647849019,104093647850939,0,0,8,0,128,256,1,1,8192,1,1
"KERNEL_DISPATCH","Agent 2",1,0,1123883,4900,15,"__amd_rocclr_fillBufferUnAligned",4900,104093647875700,104093647877420,0,0,8,0,128,256,1,1,8192,1,1
"KERNEL_DISPATCH","Agent 2",1,0,1123883,4905,15,"__amd_rocclr_fillBufferUnAligned",4905,104093647901420,104093647903180,0,0,8,0,128,256,1,1,8192,1,1
"KERNEL_DISPATCH","Agent 2",1,0,1123883,4910,15,"__amd_rocclr_fillBufferUnAligned",4910,104093647927340,104093647928861,0,0,8,0,128,256,1,1,1536,1,1
"KERNEL_DISPATCH","Agent 2",1,0,1123883,4915,15,"__amd_rocclr_fillBufferUnAligned",4915,104093647952581,104093647965621,0,0,8,0,128,256,1,1,1536,1,1
"KERNEL_DISPATCH","Agent 2",1,0,1123883,4920,15,"__amd_rocclr_fillBufferUnAligned",4920,104093647990421,104093647991821,0,0,8,0,128,256,1,1,1536,1,1
"KERNEL_DISPATCH","Agent 2",1,0,1123883,4925,15,"__amd_rocclr_fillBufferUnAligned",4925,104093648014982,104093648016422,0,0,8,0,128,256,1,1,1536,1,1
"KERNEL_DISPATCH","Agent 2",1,0,1123883,4930,15,"__amd_rocclr_fillBufferUnAligned",4930,104093648040222,104093648041622,0,0,8,0,128,256,1,1,1536,1,1
"KERNEL_DISPATCH","Agent 2",1,0,1123883,4935,15,"__amd_rocclr_fillBufferUnAligned",4935,104093648065622,104093648066982,0,0,8,0,128,256,1,1,1536,1,1
"KERNEL_DISPATCH","Agent 2",1,0,1123883,4939,15,"__amd_rocclr_fillBufferUnAligned",4939,104093648085063,104093648086423,0,0,8,0,128,256,1,1,1536,1,1
"KERNEL_DISPATCH","Agent 2",1,0,1123883,4940,15,"__amd_rocclr_fillBufferUnAligned",4940,104093648097143,104093648098823,0,0,8,0,128,256,1,1,1536,1,1
"KERNEL_DISPATCH","Agent 2",1,0,1123883,4870,15,"__amd_rocclr_fillBufferUnAligned",4870,104093647681617,104093647683657,0,0,8,0,128,256,1,1,8192,1,1
"KERNEL_DISPATCH","Agent 2",1,0,1123883,4945,15,"__amd_rocclr_fillBufferUnAligned",4945,104093648122703,104093648124103,0,0,8,0,128,256,1,1,1536,1,1
"KERNEL_DISPATCH","Agent 2",1,0,1123883,4950,15,"__amd_rocclr_fillBufferUnAligned",4950,104093648147223,104093648148623,0,0,8,0,128,256,1,1,1536,1,1
"KERNEL_DISPATCH","Agent 2",1,0,1123883,4955,15,"__amd_rocclr_fillBufferUnAligned",4955,104093648171864,104093648173264,0,0,8,0,128,256,1,1,1536,1,1
"KERNEL_DISPATCH","Agent 2",1,0,1123883,4960,15,"__amd_rocclr_fillBufferUnAligned",4960,104093648196384,104093648197784,0,0,8,0,128,256,1,1,7680,1,1
"KERNEL_DISPATCH","Agent 2",1,0,1123883,4965,15,"__amd_rocclr_fillBufferUnAligned",4965,104093648221544,104093648222984,0,0,8,0,128,256,1,1,7680,1,1
"KERNEL_DISPATCH","Agent 2",1,0,1123883,4975,15,"__amd_rocclr_fillBufferUnAligned",4975,104093648271585,104093648273145,0,0,8,0,128,256,1,1,7680,1,1
"KERNEL_DISPATCH","Agent 2",1,0,1123883,4980,15,"__amd_rocclr_fillBufferUnAligned",4980,104093648296345,104093648298146,0,0,8,0,128,256,1,1,7680,1,1
"KERNEL_DISPATCH","Agent 2",1,0,1123883,4985,15,"__amd_rocclr_fillBufferUnAligned",4985,104093648322866,104093648324346,0,0,8,0,128,256,1,1,7680,1,1
"KERNEL_DISPATCH","Agent 2",1,0,1123883,4990,15,"__amd_rocclr_fillBufferUnAligned",4990,104093648346826,104093648348186,0,0,8,0,128,256,1,1,7680,1,1
"KERNEL_DISPATCH","Agent 2",1,0,1123883,4995,15,"__amd_rocclr_fillBufferUnAligned",4995,104093648371106,104093648372307,0,0,8,0,128,256,1,1,7680,1,1
"KERNEL_DISPATCH","Agent 2",1,0,1123883,5000,15,"__amd_rocclr_fillBufferUnAligned",5000,104093648395787,104093648397107,0,0,8,0,128,256,1,1,7680,1,1
"KERNEL_DISPATCH","Agent 2",1,0,1123883,5005,15,"__amd_rocclr_fillBufferUnAligned",5005,104093648420347,104093648422067,0,0,8,0,128,256,1,1,8192,1,1
"KERNEL_DISPATCH","Agent 2",1,0,1123883,5010,15,"__amd_rocclr_fillBufferUnAligned",5010,104093648446348,104093648448108,0,0,8,0,128,256,1,1,8192,1,1
"KERNEL_DISPATCH","Agent 2",1,0,1123883,5020,15,"__amd_rocclr_fillBufferUnAligned",5020,104093648499308,104093648501068,0,0,8,0,128,256,1,1,8192,1,1
"KERNEL_DISPATCH","Agent 2",1,0,1123883,5025,15,"__amd_rocclr_fillBufferUnAligned",5025,104093648525789,104093648527909,0,0,8,0,128,256,1,1,8192,1,1
"KERNEL_DISPATCH","Agent 2",1,0,1123883,5030,15,"__amd_rocclr_fillBufferUnAligned",5030,104093648553869,104093648555949,0,0,8,0,128,256,1,1,8192,1,1
"KERNEL_DISPATCH","Agent 2",1,0,1123883,5035,15,"__amd_rocclr_fillBufferUnAligned",5035,104093648581389,104093648583269,0,0,8,0,128,256,1,1,8192,1,1
"KERNEL_DISPATCH","Agent 2",1,0,1123883,5040,15,"__amd_rocclr_fillBufferUnAligned",5040,104093648608310,104093648610150,0,0,8,0,128,256,1,1,8192,1,1
"KERNEL_DISPATCH","Agent 2",1,0,1123883,1182,29,"gemm_mq4g256v2_residual_wmma_fp8_v2_b128x128_gfx1201_symfold",1182,104086341656933,104086351560427,0,0,192,0,128,256,1,1,10240,64,1
"KERNEL_DISPATCH","Agent 2",1,0,1123883,5045,15,"__amd_rocclr_fillBufferUnAligned",5045,104093648635470,104093648637390,0,0,8,0,128,256,1,1,8192,1,1
"KERNEL_DISPATCH","Agent 2",1,0,1123883,5050,15,"__amd_rocclr_fillBufferUnAligned",5050,104093648663230,104093648665270,0,0,8,0,128,256,1,1,8192,1,1
"KERNEL_DISPATCH","Agent 2",1,0,1123883,5055,15,"__amd_rocclr_fillBufferUnAligned",5055,104093648689191,104093648690711,0,0,8,0,128,256,1,1,8192,1,1
"KERNEL_DISPATCH","Agent 2",1,0,1123883,5060,15,"__amd_rocclr_fillBufferUnAligned",5060,104093648715871,104093648717911,0,0,8,0,128,256,1,1,8192,1,1
"KERNEL_DISPATCH","Agent 2",1,0,1123883,5065,15,"__amd_rocclr_fillBufferUnAligned",5065,104093648743552,104093648745552,0,0,8,0,128,256,1,1,8192,1,1
"KERNEL_DISPATCH","Agent 2",1,0,1123883,5070,15,"__amd_rocclr_fillBufferUnAligned",5070,104093648771272,104093648772992,0,0,8,0,128,256,1,1,8192,1,1
"KERNEL_DISPATCH","Agent 2",1,0,1123883,5075,15,"__amd_rocclr_fillBufferUnAligned",5075,104093648799312,104093648801632,0,0,8,0,128,256,1,1,8192,1,1
"KERNEL_DISPATCH","Agent 2",1,0,1123883,5080,15,"__amd_rocclr_fillBufferUnAligned",5080,104093648828113,104093648830553,0,0,8,0,128,256,1,1,8192,1,1
"KERNEL_DISPATCH","Agent 2",1,0,1123883,5090,15,"__amd_rocclr_fillBufferUnAligned",5090,104093648882873,104093648885033,0,0,8,0,128,256,1,1,8192,1,1
"KERNEL_DISPATCH","Agent 2",1,0,1123883,5095,15,"__amd_rocclr_fillBufferUnAligned",5095,104093648911914,104093648914394,0,0,8,0,128,256,1,1,8192,1,1
"KERNEL_DISPATCH","Agent 2",1,0,1123883,5100,15,"__amd_rocclr_fillBufferUnAligned",5100,104093648941674,104093648944194,0,0,8,0,128,256,1,1,8192,1,1
"KERNEL_DISPATCH","Agent 2",1,0,1123883,5105,15,"__amd_rocclr_fillBufferUnAligned",5105,104093648967075,104093648968435,0,0,8,0,128,256,1,1,1536,1,1
"KERNEL_DISPATCH","Agent 2",1,0,1123883,5110,15,"__amd_rocclr_fillBufferUnAligned",5110,104093648991835,104093648993195,0,0,8,0,128,256,1,1,1536,1,1
"KERNEL_DISPATCH","Agent 2",1,0,1123883,5115,15,"__amd_rocclr_fillBufferUnAligned",5115,104093649016355,104093649017715,0,0,8,0,128,256,1,1,1536,1,1
"KERNEL_DISPATCH","Agent 2",1,0,1123883,5120,15,"__amd_rocclr_fillBufferUnAligned",5120,104093649041116,104093649042396,0,0,8,0,128,256,1,1,1536,1,1
"KERNEL_DISPATCH","Agent 2",1,0,1123883,5125,15,"__amd_rocclr_fillBufferUnAligned",5125,104093649065116,104093649066476,0,0,8,0,128,256,1,1,1536,1,1
"KERNEL_DISPATCH","Agent 2",1,0,1123883,5130,15,"__amd_rocclr_fillBufferUnAligned",5130,104093649089756,104093649091196,0,0,8,0,128,256,1,1,1536,1,1
"KERNEL_DISPATCH","Agent 2",1,0,1123883,5135,15,"__amd_rocclr_fillBufferUnAligned",5135,104093649114477,104093649115837,0,0,8,0,128,256,1,1,1536,1,1
"KERNEL_DISPATCH","Agent 2",1,0,1123883,5140,15,"__amd_rocclr_fillBufferUnAligned",5140,104093649138917,104093649140237,0,0,8,0,128,256,1,1,1536,1,1
"KERNEL_DISPATCH","Agent 2",1,0,1123883,5145,15,"__amd_rocclr_fillBufferUnAligned",5145,104093649163117,104093649164517,0,0,8,0,128,256,1,1,1536,1,1
"KERNEL_DISPATCH","Agent 2",1,0,1123883,5150,15,"__amd_rocclr_fillBufferUnAligned",5150,104093649187438,104093649188918,0,0,8,0,128,256,1,1,7680,1,1
"KERNEL_DISPATCH","Agent 2",1,0,1123883,5155,15,"__amd_rocclr_fillBufferUnAligned",5155,104093649211918,104093649213198,0,0,8,0,128,256,1,1,7680,1,1
"KERNEL_DISPATCH","Agent 2",1,0,1123883,5160,15,"__amd_rocclr_fillBufferUnAligned",5160,104093649235438,104093649236718,0,0,8,0,128,256,1,1,7680,1,1
"KERNEL_DISPATCH","Agent 2",1,0,1123883,4970,15,"__amd_rocclr_fillBufferUnAligned",4970,104093648246265,104093648247785,0,0,8,0,128,256,1,1,7680,1,1
"KERNEL_DISPATCH","Agent 2",1,0,1123883,5165,15,"__amd_rocclr_fillBufferUnAligned",5165,104093649259279,104093649260599,0,0,8,0,128,256,1,1,7680,1,1
"KERNEL_DISPATCH","Agent 2",1,0,1123883,5175,15,"__amd_rocclr_fillBufferUnAligned",5175,104093649306679,104093649307999,0,0,8,0,128,256,1,1,7680,1,1
"KERNEL_DISPATCH","Agent 2",1,0,1123883,5180,15,"__amd_rocclr_fillBufferUnAligned",5180,104093649330319,104093649331599,0,0,8,0,128,256,1,1,7680,1,1
"KERNEL_DISPATCH","Agent 2",1,0,1123883,5185,15,"__amd_rocclr_fillBufferUnAligned",5185,104093649354240,104093649355440,0,0,8,0,128,256,1,1,7680,1,1
"KERNEL_DISPATCH","Agent 2",1,0,1123883,5190,15,"__amd_rocclr_fillBufferUnAligned",5190,104093649377800,104093649379000,0,0,8,0,128,256,1,1,7680,1,1
"KERNEL_DISPATCH","Agent 2",1,0,1123883,5195,15,"__amd_rocclr_fillBufferUnAligned",5195,104093649401200,104093649402360,0,0,8,0,128,256,1,1,7680,1,1
"KERNEL_DISPATCH","Agent 2",1,0,1123883,5015,15,"__amd_rocclr_fillBufferUnAligned",5015,104093648472868,104093648474628,0,0,8,0,128,256,1,1,8192,1,1
"KERNEL_DISPATCH","Agent 2",1,0,1123883,5200,15,"__amd_rocclr_fillBufferUnAligned",5200,104093649427561,104093649429841,0,0,8,0,128,256,1,1,8192,1,1
"KERNEL_DISPATCH","Agent 2",1,0,1123883,5205,15,"__amd_rocclr_fillBufferUnAligned",5205,104093649455521,104093649457681,0,0,8,0,128,256,1,1,8192,1,1
"KERNEL_DISPATCH","Agent 2",1,0,1123883,5210,15,"__amd_rocclr_fillBufferUnAligned",5210,104093649483642,104093649485762,0,0,8,0,128,256,1,1,8192,1,1
"KERNEL_DISPATCH","Agent 2",1,0,1123883,5215,15,"__amd_rocclr_fillBufferUnAligned",5215,104093649511442,104093649513602,0,0,8,0,128,256,1,1,8192,1,1
"KERNEL_DISPATCH","Agent 2",1,0,1123883,5220,15,"__amd_rocclr_fillBufferUnAligned",5220,104093649539282,104093649541362,0,0,8,0,128,256,1,1,8192,1,1
"KERNEL_DISPATCH","Agent 2",1,0,1123883,5225,15,"__amd_rocclr_fillBufferUnAligned",5225,104093649566723,104093649568803,0,0,8,0,128,256,1,1,8192,1,1
"KERNEL_DISPATCH","Agent 2",1,0,1123883,5235,15,"__amd_rocclr_fillBufferUnAligned",5235,104093649622003,104093649624083,0,0,8,0,128,256,1,1,8192,1,1
"KERNEL_DISPATCH","Agent 2",1,0,1123883,5240,15,"__amd_rocclr_fillBufferUnAligned",5240,104093649649604,104093649651684,0,0,8,0,128,256,1,1,8192,1,1
"KERNEL_DISPATCH","Agent 2",1,0,1123883,5085,15,"__amd_rocclr_fillBufferUnAligned",5085,104093648856753,104093648859193,0,0,8,0,128,256,1,1,8192,1,1
"KERNEL_DISPATCH","Agent 2",1,0,1123883,5170,15,"__amd_rocclr_fillBufferUnAligned",5170,104093649282999,104093649284279,0,0,8,0,128,256,1,1,7680,1,1
"KERNEL_DISPATCH","Agent 2",1,0,1123883,5230,15,"__amd_rocclr_fillBufferUnAligned",5230,104093649594483,104093649596723,0,0,8,0,128,256,1,1,8192,1,1
"KERNEL_DISPATCH","Agent 2",1,0,1123883,1272,24,"gated_delta_net_q8_fast",1272,104086561536907,104086562092995,2048,0,64,0,128,32,1,1,1536,32,1
"KERNEL_DISPATCH","Agent 2",1,0,1123883,4730,25,"gated_norm_f32",4730,104093286375240,104093287357534,0,0,24,0,128,32,1,1,1536,8192,1
"KERNEL_DISPATCH","Agent 2",1,0,1123883,4745,37,"kv_cache_write_fp8_e4m3_batched",4745,104093338739669,104093338827070,0,0,56,0,128,32,1,1,128,8192,1
