"Kind","Agent_Id","Queue_Id","Stream_Id","Thread_Id","Dispatch_Id","Kernel_Id","Kernel_Name","Correlation_Id","Start_Timestamp","End_Timestamp","LDS_Block_Size","Scratch_Size","VGPR_Count","Accum_VGPR_Count","SGPR_Count","Workgroup_Size_X","Workgroup_Size_Y","Workgroup_Size_Z","Grid_Size_X","Grid_Size_Y","Grid_Size_Z"
"KERNEL_DISPATCH","Agent 5",1,0,791505,1,12,"__amd_rocclr_copyBuffer",1,73974450869189,73974450873909,0,0,16,0,128,512,1,1,512,1,1
"KERNEL_DISPATCH","Agent 5",1,0,791505,2,12,"__amd_rocclr_copyBuffer",2,73974451049820,73974451053180,0,0,16,0,128,512,1,1,512,1,1
"KERNEL_DISPATCH","Agent 5",1,0,791505,3,12,"__amd_rocclr_copyBuffer",3,73974451164751,73974451168151,0,0,16,0,128,512,1,1,512,1,1
"KERNEL_DISPATCH","Agent 5",1,0,791505,4,12,"__amd_rocclr_copyBuffer",4,73974462327682,73974462331802,0,0,16,0,128,512,1,1,512,1,1
"KERNEL_DISPATCH","Agent 5",1,0,791505,5,12,"__amd_rocclr_copyBuffer",5,73974462381602,73974462384962,0,0,16,0,128,512,1,1,512,1,1
"KERNEL_DISPATCH","Agent 5",1,0,791505,6,12,"__amd_rocclr_copyBuffer",6,73974462481983,73974462485223,0,0,16,0,128,512,1,1,512,1,1
"KERNEL_DISPATCH","Agent 5",1,0,791505,7,12,"__amd_rocclr_copyBuffer",7,73974474889646,73974474892926,0,0,16,0,128,512,1,1,512,1,1
"KERNEL_DISPATCH","Agent 5",1,0,791505,8,12,"__amd_rocclr_copyBuffer",8,73974474921447,73974474924647,0,0,16,0,128,512,1,1,512,1,1
"KERNEL_DISPATCH","Agent 5",1,0,791505,9,12,"__amd_rocclr_copyBuffer",9,73974475019708,73974475023028,0,0,16,0,128,512,1,1,512,1,1
"KERNEL_DISPATCH","Agent 5",1,0,791505,10,12,"__amd_rocclr_copyBuffer",10,73974489059607,73974489062847,0,0,16,0,128,512,1,1,512,1,1
"KERNEL_DISPATCH","Agent 5",1,0,791505,11,12,"__amd_rocclr_copyBuffer",11,73974489102297,73974489105617,0,0,16,0,128,512,1,1,512,1,1
"KERNEL_DISPATCH","Agent 5",1,0,791505,12,12,"__amd_rocclr_copyBuffer",12,73974502190537,73974502193617,0,0,16,0,128,512,1,1,512,1,1
"KERNEL_DISPATCH","Agent 5",1,0,791505,13,12,"__amd_rocclr_copyBuffer",13,73974502229538,73974502232458,0,0,16,0,128,512,1,1,512,1,1
"KERNEL_DISPATCH","Agent 5",1,0,791505,14,12,"__amd_rocclr_copyBuffer",14,73974502323118,73974502325998,0,0,16,0,128,512,1,1,512,1,1
"KERNEL_DISPATCH","Agent 5",1,0,791505,15,12,"__amd_rocclr_copyBuffer",15,73974514773394,73974514776914,0,0,16,0,128,512,1,1,512,1,1
"KERNEL_DISPATCH","Agent 5",1,0,791505,16,12,"__amd_rocclr_copyBuffer",16,73974514810024,73974514813224,0,0,16,0,128,512,1,1,512,1,1
"KERNEL_DISPATCH","Agent 5",1,0,791505,17,12,"__amd_rocclr_copyBuffer",17,73974514908625,73974514912025,0,0,16,0,128,512,1,1,512,1,1
"KERNEL_DISPATCH","Agent 5",1,0,791505,18,12,"__amd_rocclr_copyBuffer",18,73974530116024,73974530119704,0,0,16,0,128,512,1,1,512,1,1
"KERNEL_DISPATCH","Agent 5",1,0,791505,19,12,"__amd_rocclr_copyBuffer",19,73974530156964,73974530160244,0,0,16,0,128,512,1,1,512,1,1
"KERNEL_DISPATCH","Agent 5",1,0,791505,20,12,"__amd_rocclr_copyBuffer",20,73974530343586,73974530347066,0,0,16,0,128,512,1,1,512,1,1
"KERNEL_DISPATCH","Agent 5",1,0,791505,21,12,"__amd_rocclr_copyBuffer",21,73974545594085,73974545597205,0,0,16,0,128,512,1,1,512,1,1
"KERNEL_DISPATCH","Agent 5",1,0,791505,22,12,"__amd_rocclr_copyBuffer",22,73974545631255,73974545634335,0,0,16,0,128,512,1,1,512,1,1
"KERNEL_DISPATCH","Agent 5",1,0,791505,23,12,"__amd_rocclr_copyBuffer",23,73974555887426,73974555890706,0,0,16,0,128,512,1,1,512,1,1
"KERNEL_DISPATCH","Agent 5",1,0,791505,24,12,"__amd_rocclr_copyBuffer",24,73974555922366,73974555925526,0,0,16,0,128,512,1,1,512,1,1
"KERNEL_DISPATCH","Agent 5",1,0,791505,25,12,"__amd_rocclr_copyBuffer",25,73974556023637,73974556026957,0,0,16,0,128,512,1,1,512,1,1
"KERNEL_DISPATCH","Agent 5",1,0,791505,26,12,"__amd_rocclr_copyBuffer",26,73974567216677,73974567219677,0,0,16,0,128,512,1,1,512,1,1
"KERNEL_DISPATCH","Agent 5",1,0,791505,27,12,"__amd_rocclr_copyBuffer",27,73974567253607,73974567256727,0,0,16,0,128,512,1,1,512,1,1
"KERNEL_DISPATCH","Agent 5",1,0,791505,28,12,"__amd_rocclr_copyBuffer",28,73974567352858,73974567355978,0,0,16,0,128,512,1,1,512,1,1
"KERNEL_DISPATCH","Agent 5",1,0,791505,29,12,"__amd_rocclr_copyBuffer",29,73974578544801,73974578547961,0,0,16,0,128,512,1,1,512,1,1
"KERNEL_DISPATCH","Agent 5",1,0,791505,30,12,"__amd_rocclr_copyBuffer",30,73974578592301,73974578595181,0,0,16,0,128,512,1,1,512,1,1
"KERNEL_DISPATCH","Agent 5",1,0,791505,31,12,"__amd_rocclr_copyBuffer",31,73974578691312,73974578694472,0,0,16,0,128,512,1,1,512,1,1
"KERNEL_DISPATCH","Agent 5",1,0,791505,32,12,"__amd_rocclr_copyBuffer",32,73974590469798,73974590473118,0,0,16,0,128,512,1,1,512,1,1
"KERNEL_DISPATCH","Agent 5",1,0,791505,33,12,"__amd_rocclr_copyBuffer",33,73974590505798,73974590509358,0,0,16,0,128,512,1,1,512,1,1
"KERNEL_DISPATCH","Agent 5",1,0,791505,34,12,"__amd_rocclr_copyBuffer",34,73974600647928,73974600651488,0,0,16,0,128,512,1,1,512,1,1
"KERNEL_DISPATCH","Agent 5",1,0,791505,35,12,"__amd_rocclr_copyBuffer",35,73974600689679,73974600692959,0,0,16,0,128,512,1,1,512,1,1
"KERNEL_DISPATCH","Agent 5",1,0,791505,36,12,"__amd_rocclr_copyBuffer",36,73974600781830,73974600785150,0,0,16,0,128,512,1,1,512,1,1
"KERNEL_DISPATCH","Agent 5",1,0,791505,37,12,"__amd_rocclr_copyBuffer",37,73974611862589,73974611865709,0,0,16,0,128,512,1,1,512,1,1
"KERNEL_DISPATCH","Agent 5",1,0,791505,38,12,"__amd_rocclr_copyBuffer",38,73974611902659,73974611905499,0,0,16,0,128,512,1,1,512,1,1
"KERNEL_DISPATCH","Agent 5",1,0,791505,39,12,"__amd_rocclr_copyBuffer",39,73974611999670,73974612002990,0,0,16,0,128,512,1,1,512,1,1
"KERNEL_DISPATCH","Agent 5",1,0,791505,40,12,"__amd_rocclr_copyBuffer",40,73974623084149,73974623087429,0,0,16,0,128,512,1,1,512,1,1
"KERNEL_DISPATCH","Agent 5",1,0,791505,41,12,"__amd_rocclr_copyBuffer",41,73974623120840,73974623124040,0,0,16,0,128,512,1,1,512,1,1
"KERNEL_DISPATCH","Agent 5",1,0,791505,42,12,"__amd_rocclr_copyBuffer",42,73974623213101,73974623216261,0,0,16,0,128,512,1,1,512,1,1
"KERNEL_DISPATCH","Agent 5",1,0,791505,43,12,"__amd_rocclr_copyBuffer",43,73974634966937,73974634970337,0,0,16,0,128,512,1,1,512,1,1
"KERNEL_DISPATCH","Agent 5",1,0,791505,44,12,"__amd_rocclr_copyBuffer",44,73974634997917,73974635001237,0,0,16,0,128,512,1,1,512,1,1
"KERNEL_DISPATCH","Agent 5",1,0,791505,45,12,"__amd_rocclr_copyBuffer",45,73974645107751,73974645110951,0,0,16,0,128,512,1,1,512,1,1
"KERNEL_DISPATCH","Agent 5",1,0,791505,46,12,"__amd_rocclr_copyBuffer",46,73974645153261,73974645156181,0,0,16,0,128,512,1,1,512,1,1
"KERNEL_DISPATCH","Agent 5",1,0,791505,47,12,"__amd_rocclr_copyBuffer",47,73974645246832,73974645250112,0,0,16,0,128,512,1,1,512,1,1
"KERNEL_DISPATCH","Agent 5",1,0,791505,48,12,"__amd_rocclr_copyBuffer",48,73974656227699,73974656231099,0,0,16,0,128,512,1,1,512,1,1
"KERNEL_DISPATCH","Agent 5",1,0,791505,49,12,"__amd_rocclr_copyBuffer",49,73974656263969,73974656267330,0,0,16,0,128,512,1,1,512,1,1
"KERNEL_DISPATCH","Agent 5",1,0,791505,50,12,"__amd_rocclr_copyBuffer",50,73974656456411,73974656459491,0,0,16,0,128,512,1,1,512,1,1
"KERNEL_DISPATCH","Agent 5",1,0,791505,51,12,"__amd_rocclr_copyBuffer",51,73974667534730,73974667538610,0,0,16,0,128,512,1,1,512,1,1
"KERNEL_DISPATCH","Agent 5",1,0,791505,52,12,"__amd_rocclr_copyBuffer",52,73974667565570,73974667568930,0,0,16,0,128,512,1,1,512,1,1
"KERNEL_DISPATCH","Agent 5",1,0,791505,53,12,"__amd_rocclr_copyBuffer",53,73974667664031,73974667667231,0,0,16,0,128,512,1,1,512,1,1
"KERNEL_DISPATCH","Agent 5",1,0,791505,54,12,"__amd_rocclr_copyBuffer",54,73974679431426,73974679434106,0,0,16,0,128,512,1,1,512,1,1
"KERNEL_DISPATCH","Agent 5",1,0,791505,55,12,"__amd_rocclr_copyBuffer",55,73974679472036,73974679474676,0,0,16,0,128,512,1,1,512,1,1
"KERNEL_DISPATCH","Agent 5",1,0,791505,56,12,"__amd_rocclr_copyBuffer",56,73974688544875,73974688547995,0,0,16,0,128,512,1,1,512,1,1
"KERNEL_DISPATCH","Agent 5",1,0,791505,57,12,"__amd_rocclr_copyBuffer",57,73974688578855,73974688581455,0,0,16,0,128,512,1,1,512,1,1
"KERNEL_DISPATCH","Agent 5",1,0,791505,58,12,"__amd_rocclr_copyBuffer",58,73974688668516,73974688671156,0,0,16,0,128,512,1,1,512,1,1
"KERNEL_DISPATCH","Agent 5",1,0,791505,59,12,"__amd_rocclr_copyBuffer",59,73974698181189,73974698183909,0,0,16,0,128,512,1,1,512,1,1
"KERNEL_DISPATCH","Agent 5",1,0,791505,60,12,"__amd_rocclr_copyBuffer",60,73974698206900,73974698209580,0,0,16,0,128,512,1,1,512,1,1
"KERNEL_DISPATCH","Agent 5",1,0,791505,61,12,"__amd_rocclr_copyBuffer",61,73974698302011,73974698304651,0,0,16,0,128,512,1,1,512,1,1
"KERNEL_DISPATCH","Agent 5",1,0,791505,62,12,"__amd_rocclr_copyBuffer",62,73974707790288,73974707792888,0,0,16,0,128,512,1,1,512,1,1
"KERNEL_DISPATCH","Agent 5",1,0,791505,63,12,"__amd_rocclr_copyBuffer",63,73974707834518,73974707837118,0,0,16,0,128,512,1,1,512,1,1
"KERNEL_DISPATCH","Agent 5",1,0,791505,64,12,"__amd_rocclr_copyBuffer",64,73974707923569,73974707926249,0,0,16,0,128,512,1,1,512,1,1
"KERNEL_DISPATCH","Agent 5",1,0,791505,65,12,"__amd_rocclr_copyBuffer",65,73974717946635,73974717949835,0,0,16,0,128,512,1,1,512,1,1
"KERNEL_DISPATCH","Agent 5",1,0,791505,66,12,"__amd_rocclr_copyBuffer",66,73974717985056,73974717987776,0,0,16,0,128,512,1,1,512,1,1
"KERNEL_DISPATCH","Agent 5",1,0,791505,67,12,"__amd_rocclr_copyBuffer",67,73974726592209,73974726595489,0,0,16,0,128,512,1,1,512,1,1
"KERNEL_DISPATCH","Agent 5",1,0,791505,68,12,"__amd_rocclr_copyBuffer",68,73974726627739,73974726630419,0,0,16,0,128,512,1,1,512,1,1
"KERNEL_DISPATCH","Agent 5",1,0,791505,69,12,"__amd_rocclr_copyBuffer",69,73974726719810,73974726722410,0,0,16,0,128,512,1,1,512,1,1
"KERNEL_DISPATCH","Agent 5",1,0,791505,70,12,"__amd_rocclr_copyBuffer",70,73974736215362,73974736218002,0,0,16,0,128,512,1,1,512,1,1
"KERNEL_DISPATCH","Agent 5",1,0,791505,71,12,"__amd_rocclr_copyBuffer",71,73974736252892,73974736255492,0,0,16,0,128,512,1,1,512,1,1
"KERNEL_DISPATCH","Agent 5",1,0,791505,72,12,"__amd_rocclr_copyBuffer",72,73974736336703,73974736339343,0,0,16,0,128,512,1,1,512,1,1
"KERNEL_DISPATCH","Agent 5",1,0,791505,73,12,"__amd_rocclr_copyBuffer",73,73974745787084,73974745789804,0,0,16,0,128,512,1,1,512,1,1
"KERNEL_DISPATCH","Agent 5",1,0,791505,74,12,"__amd_rocclr_copyBuffer",74,73974745825044,73974745827644,0,0,16,0,128,512,1,1,512,1,1
"KERNEL_DISPATCH","Agent 5",1,0,791505,75,12,"__amd_rocclr_copyBuffer",75,73974745912175,73974745914735,0,0,16,0,128,512,1,1,512,1,1
"KERNEL_DISPATCH","Agent 5",1,0,791505,76,12,"__amd_rocclr_copyBuffer",76,73974755894371,73974755897051,0,0,16,0,128,512,1,1,512,1,1
"KERNEL_DISPATCH","Agent 5",1,0,791505,77,12,"__amd_rocclr_copyBuffer",77,73974755933182,73974755935862,0,0,16,0,128,512,1,1,512,1,1
"KERNEL_DISPATCH","Agent 5",1,0,791505,78,12,"__amd_rocclr_copyBuffer",78,73974764562325,73974764564965,0,0,16,0,128,512,1,1,512,1,1
"KERNEL_DISPATCH","Agent 5",1,0,791505,79,12,"__amd_rocclr_copyBuffer",79,73974764600325,73974764602925,0,0,16,0,128,512,1,1,512,1,1
"KERNEL_DISPATCH","Agent 5",1,0,791505,80,12,"__amd_rocclr_copyBuffer",80,73974764755727,73974764758327,0,0,16,0,128,512,1,1,512,1,1
"KERNEL_DISPATCH","Agent 5",1,0,791505,81,12,"__amd_rocclr_copyBuffer",81,73974774136762,73974774140042,0,0,16,0,128,512,1,1,512,1,1
"KERNEL_DISPATCH","Agent 5",1,0,791505,82,12,"__amd_rocclr_copyBuffer",82,73974774183512,73974774186112,0,0,16,0,128,512,1,1,512,1,1
"KERNEL_DISPATCH","Agent 5",1,0,791505,83,12,"__amd_rocclr_copyBuffer",83,73974774276083,73974774278723,0,0,16,0,128,512,1,1,512,1,1
"KERNEL_DISPATCH","Agent 5",1,0,791505,84,12,"__amd_rocclr_copyBuffer",84,73974783726384,73974783729744,0,0,16,0,128,512,1,1,512,1,1
"KERNEL_DISPATCH","Agent 5",1,0,791505,85,12,"__amd_rocclr_copyBuffer",85,73974783765774,73974783768454,0,0,16,0,128,512,1,1,512,1,1
"KERNEL_DISPATCH","Agent 5",1,0,791505,86,12,"__amd_rocclr_copyBuffer",86,73974783857425,73974783860065,0,0,16,0,128,512,1,1,512,1,1
"KERNEL_DISPATCH","Agent 5",1,0,791505,87,12,"__amd_rocclr_copyBuffer",87,73974793874612,73974793877332,0,0,16,0,128,512,1,1,512,1,1
"KERNEL_DISPATCH","Agent 5",1,0,791505,88,12,"__amd_rocclr_copyBuffer",88,73974793905262,73974793907903,0,0,16,0,128,512,1,1,512,1,1
"KERNEL_DISPATCH","Agent 5",1,0,791505,89,12,"__amd_rocclr_copyBuffer",89,73974802672227,73974802674867,0,0,16,0,128,512,1,1,512,1,1
"KERNEL_DISPATCH","Agent 5",1,0,791505,90,12,"__amd_rocclr_copyBuffer",90,73974802715608,73974802718168,0,0,16,0,128,512,1,1,512,1,1
"KERNEL_DISPATCH","Agent 5",1,0,791505,91,12,"__amd_rocclr_copyBuffer",91,73974802811089,73974802813689,0,0,16,0,128,512,1,1,512,1,1
"KERNEL_DISPATCH","Agent 5",1,0,791505,92,12,"__amd_rocclr_copyBuffer",92,73974812200489,73974812203089,0,0,16,0,128,512,1,1,512,1,1
"KERNEL_DISPATCH","Agent 5",1,0,791505,93,12,"__amd_rocclr_copyBuffer",93,73974812239280,73974812241880,0,0,16,0,128,512,1,1,512,1,1
"KERNEL_DISPATCH","Agent 5",1,0,791505,94,12,"__amd_rocclr_copyBuffer",94,73974812334341,73974812336981,0,0,16,0,128,512,1,1,512,1,1
"KERNEL_DISPATCH","Agent 5",1,0,791505,95,12,"__amd_rocclr_copyBuffer",95,73974821750012,73974821752652,0,0,16,0,128,512,1,1,512,1,1
"KERNEL_DISPATCH","Agent 5",1,0,791505,96,12,"__amd_rocclr_copyBuffer",96,73974821779262,73974821781902,0,0,16,0,128,512,1,1,512,1,1
"KERNEL_DISPATCH","Agent 5",1,0,791505,97,12,"__amd_rocclr_copyBuffer",97,73974821872833,73974821875513,0,0,16,0,128,512,1,1,512,1,1
"KERNEL_DISPATCH","Agent 5",1,0,791505,98,12,"__amd_rocclr_copyBuffer",98,73974831917750,73974831921030,0,0,16,0,128,512,1,1,512,1,1
"KERNEL_DISPATCH","Agent 5",1,0,791505,99,12,"__amd_rocclr_copyBuffer",99,73974831956260,73974831958900,0,0,16,0,128,512,1,1,512,1,1
"KERNEL_DISPATCH","Agent 5",1,0,791505,100,12,"__amd_rocclr_copyBuffer",100,73974840588222,73974840591462,0,0,16,0,128,512,1,1,512,1,1
"KERNEL_DISPATCH","Agent 5",1,0,791505,101,12,"__amd_rocclr_copyBuffer",101,73974840632522,73974840635082,0,0,16,0,128,512,1,1,512,1,1
"KERNEL_DISPATCH","Agent 5",1,0,791505,102,12,"__amd_rocclr_copyBuffer",102,73974840726523,73974840729163,0,0,16,0,128,512,1,1,512,1,1
"KERNEL_DISPATCH","Agent 5",1,0,791505,103,12,"__amd_rocclr_copyBuffer",103,73974850154014,73974850156734,0,0,16,0,128,512,1,1,512,1,1
"KERNEL_DISPATCH","Agent 5",1,0,791505,104,12,"__amd_rocclr_copyBuffer",104,73974850187514,73974850190234,0,0,16,0,128,512,1,1,512,1,1
"KERNEL_DISPATCH","Agent 5",1,0,791505,105,12,"__amd_rocclr_copyBuffer",105,73974850279615,73974850282255,0,0,16,0,128,512,1,1,512,1,1
"KERNEL_DISPATCH","Agent 5",1,0,791505,106,12,"__amd_rocclr_copyBuffer",106,73974859738697,73974859741297,0,0,16,0,128,512,1,1,512,1,1
"KERNEL_DISPATCH","Agent 5",1,0,791505,107,12,"__amd_rocclr_copyBuffer",107,73974859778607,73974859781207,0,0,16,0,128,512,1,1,512,1,1
"KERNEL_DISPATCH","Agent 5",1,0,791505,108,12,"__amd_rocclr_copyBuffer",108,73974859863838,73974859866478,0,0,16,0,128,512,1,1,512,1,1
"KERNEL_DISPATCH","Agent 5",1,0,791505,109,12,"__amd_rocclr_copyBuffer",109,73974869946326,73974869949046,0,0,16,0,128,512,1,1,512,1,1
"KERNEL_DISPATCH","Agent 5",1,0,791505,110,12,"__amd_rocclr_copyBuffer",110,73974869987646,73974869990366,0,0,16,0,128,512,1,1,512,1,1
"KERNEL_DISPATCH","Agent 5",1,0,791505,111,12,"__amd_rocclr_copyBuffer",111,73974878611930,73974878614650,0,0,16,0,128,512,1,1,512,1,1
"KERNEL_DISPATCH","Agent 5",1,0,791505,112,12,"__amd_rocclr_copyBuffer",112,73974878643990,73974878646590,0,0,16,0,128,512,1,1,512,1,1
"KERNEL_DISPATCH","Agent 5",1,0,791505,113,12,"__amd_rocclr_copyBuffer",113,73974878740471,73974878743191,0,0,16,0,128,512,1,1,512,1,1
"KERNEL_DISPATCH","Agent 5",1,0,791505,114,12,"__amd_rocclr_copyBuffer",114,73974888194293,73974888197453,0,0,16,0,128,512,1,1,512,1,1
"KERNEL_DISPATCH","Agent 5",1,0,791505,115,12,"__amd_rocclr_copyBuffer",115,73974888235603,73974888238283,0,0,16,0,128,512,1,1,512,1,1
"KERNEL_DISPATCH","Agent 5",1,0,791505,116,12,"__amd_rocclr_copyBuffer",116,73974888323864,73974888326584,0,0,16,0,128,512,1,1,512,1,1
"KERNEL_DISPATCH","Agent 5",1,0,791505,117,12,"__amd_rocclr_copyBuffer",117,73974897825106,73974897827706,0,0,16,0,128,512,1,1,512,1,1
"KERNEL_DISPATCH","Agent 5",1,0,791505,118,12,"__amd_rocclr_copyBuffer",118,73974897864026,73974897866626,0,0,16,0,128,512,1,1,512,1,1
"KERNEL_DISPATCH","Agent 5",1,0,791505,119,12,"__amd_rocclr_copyBuffer",119,73974898027258,73974898029898,0,0,16,0,128,512,1,1,512,1,1
"KERNEL_DISPATCH","Agent 5",1,0,791505,120,12,"__amd_rocclr_copyBuffer",120,73974908123398,73974908126158,0,0,16,0,128,512,1,1,512,1,1
"KERNEL_DISPATCH","Agent 5",1,0,791505,121,12,"__amd_rocclr_copyBuffer",121,73974908167618,73974908170298,0,0,16,0,128,512,1,1,512,1,1
"KERNEL_DISPATCH","Agent 5",1,0,791505,122,12,"__amd_rocclr_copyBuffer",122,73974916909872,73974916912592,0,0,16,0,128,512,1,1,512,1,1
"KERNEL_DISPATCH","Agent 5",1,0,791505,123,12,"__amd_rocclr_copyBuffer",123,73974916948213,73974916950853,0,0,16,0,128,512,1,1,512,1,1
"KERNEL_DISPATCH","Agent 5",1,0,791505,124,12,"__amd_rocclr_copyBuffer",124,73974917032923,73974917035563,0,0,16,0,128,512,1,1,512,1,1
"KERNEL_DISPATCH","Agent 5",1,0,791505,125,12,"__amd_rocclr_copyBuffer",125,73974926484795,73974926487875,0,0,16,0,128,512,1,1,512,1,1
"KERNEL_DISPATCH","Agent 5",1,0,791505,126,12,"__amd_rocclr_copyBuffer",126,73974926523075,73974926525715,0,0,16,0,128,512,1,1,512,1,1
"KERNEL_DISPATCH","Agent 5",1,0,791505,127,12,"__amd_rocclr_copyBuffer",127,73974926614366,73974926617006,0,0,16,0,128,512,1,1,512,1,1
"KERNEL_DISPATCH","Agent 5",1,0,791505,128,12,"__amd_rocclr_copyBuffer",128,73974936075717,73974936078397,0,0,16,0,128,512,1,1,512,1,1
"KERNEL_DISPATCH","Agent 5",1,0,791505,129,12,"__amd_rocclr_copyBuffer",129,73974936117668,73974936120308,0,0,16,0,128,512,1,1,512,1,1
"KERNEL_DISPATCH","Agent 5",1,0,791505,130,12,"__amd_rocclr_copyBuffer",130,73974936210699,73974936213299,0,0,16,0,128,512,1,1,512,1,1
"KERNEL_DISPATCH","Agent 5",1,0,791505,131,12,"__amd_rocclr_copyBuffer",131,73974946258946,73974946261826,0,0,16,0,128,512,1,1,512,1,1
"KERNEL_DISPATCH","Agent 5",1,0,791505,132,12,"__amd_rocclr_copyBuffer",132,73974946293096,73974946295696,0,0,16,0,128,512,1,1,512,1,1
"KERNEL_DISPATCH","Agent 5",1,0,791505,133,12,"__amd_rocclr_copyBuffer",133,73974954964110,73974954966750,0,0,16,0,128,512,1,1,512,1,1
"KERNEL_DISPATCH","Agent 5",1,0,791505,134,12,"__amd_rocclr_copyBuffer",134,73974955003940,73974955006540,0,0,16,0,128,512,1,1,512,1,1
"KERNEL_DISPATCH","Agent 5",1,0,791505,135,12,"__amd_rocclr_copyBuffer",135,73974955103031,73974955105671,0,0,16,0,128,512,1,1,512,1,1
"KERNEL_DISPATCH","Agent 5",1,0,791505,136,12,"__amd_rocclr_copyBuffer",136,73974964569733,73974964572453,0,0,16,0,128,512,1,1,512,1,1
"KERNEL_DISPATCH","Agent 5",1,0,791505,137,12,"__amd_rocclr_copyBuffer",137,73974964607683,73974964610323,0,0,16,0,128,512,1,1,512,1,1
"KERNEL_DISPATCH","Agent 5",1,0,791505,138,12,"__amd_rocclr_copyBuffer",138,73974964700804,73974964703444,0,0,16,0,128,512,1,1,512,1,1
"KERNEL_DISPATCH","Agent 5",1,0,791505,139,12,"__amd_rocclr_copyBuffer",139,73974974329081,73974974331681,0,0,16,0,128,512,1,1,512,1,1
"KERNEL_DISPATCH","Agent 5",1,0,791505,140,12,"__amd_rocclr_copyBuffer",140,73974974366861,73974974369501,0,0,16,0,128,512,1,1,512,1,1
"KERNEL_DISPATCH","Agent 5",1,0,791505,141,12,"__amd_rocclr_copyBuffer",141,73974974462362,73974974465002,0,0,16,0,128,512,1,1,512,1,1
"KERNEL_DISPATCH","Agent 5",1,0,791505,142,12,"__amd_rocclr_copyBuffer",142,73974984588190,73974984590910,0,0,16,0,128,512,1,1,512,1,1
"KERNEL_DISPATCH","Agent 5",1,0,791505,143,12,"__amd_rocclr_copyBuffer",143,73974984629590,73974984632230,0,0,16,0,128,512,1,1,512,1,1
"KERNEL_DISPATCH","Agent 5",1,0,791505,144,12,"__amd_rocclr_copyBuffer",144,73974993440266,73974993443306,0,0,16,0,128,512,1,1,512,1,1
"KERNEL_DISPATCH","Agent 5",1,0,791505,145,12,"__amd_rocclr_copyBuffer",145,73974993483576,73974993486296,0,0,16,0,128,512,1,1,512,1,1
"KERNEL_DISPATCH","Agent 5",1,0,791505,146,12,"__amd_rocclr_copyBuffer",146,73974993576887,73974993579527,0,0,16,0,128,512,1,1,512,1,1
"KERNEL_DISPATCH","Agent 5",1,0,791505,147,12,"__amd_rocclr_copyBuffer",147,73975003238341,73975003241541,0,0,16,0,128,512,1,1,512,1,1
"KERNEL_DISPATCH","Agent 5",1,0,791505,148,12,"__amd_rocclr_copyBuffer",148,73975003273931,73975003276571,0,0,16,0,128,512,1,1,512,1,1
"KERNEL_DISPATCH","Agent 5",1,0,791505,149,12,"__amd_rocclr_copyBuffer",149,73975003437573,73975003440173,0,0,16,0,128,512,1,1,512,1,1
"KERNEL_DISPATCH","Agent 5",1,0,791505,150,12,"__amd_rocclr_copyBuffer",150,73975013238498,73975013241098,0,0,16,0,128,512,1,1,512,1,1
"KERNEL_DISPATCH","Agent 5",1,0,791505,151,12,"__amd_rocclr_copyBuffer",151,73975013275618,73975013278178,0,0,16,0,128,512,1,1,512,1,1
"KERNEL_DISPATCH","Agent 5",1,0,791505,152,12,"__amd_rocclr_copyBuffer",152,73975013360919,73975013363519,0,0,16,0,128,512,1,1,512,1,1
"KERNEL_DISPATCH","Agent 5",1,0,791505,153,12,"__amd_rocclr_copyBuffer",153,73975023609809,73975023612609,0,0,16,0,128,512,1,1,512,1,1
"KERNEL_DISPATCH","Agent 5",1,0,791505,154,12,"__amd_rocclr_copyBuffer",154,73975023650699,73975023653339,0,0,16,0,128,512,1,1,512,1,1
"KERNEL_DISPATCH","Agent 5",1,0,791505,155,12,"__amd_rocclr_copyBuffer",155,73975032367414,73975032370254,0,0,16,0,128,512,1,1,512,1,1
"KERNEL_DISPATCH","Agent 5",1,0,791505,156,12,"__amd_rocclr_copyBuffer",156,73975032397154,73975032399874,0,0,16,0,128,512,1,1,512,1,1
"KERNEL_DISPATCH","Agent 5",1,0,791505,157,12,"__amd_rocclr_copyBuffer",157,73975032492685,73975032495325,0,0,16,0,128,512,1,1,512,1,1
"KERNEL_DISPATCH","Agent 5",1,0,791505,158,12,"__amd_rocclr_copyBuffer",158,73975042143194,73975042145714,0,0,16,0,128,512,1,1,512,1,1
"KERNEL_DISPATCH","Agent 5",1,0,791505,159,12,"__amd_rocclr_copyBuffer",159,73975042188474,73975042191074,0,0,16,0,128,512,1,1,512,1,1
"KERNEL_DISPATCH","Agent 5",1,0,791505,160,12,"__amd_rocclr_copyBuffer",160,73975042273775,73975042276375,0,0,16,0,128,512,1,1,512,1,1
"KERNEL_DISPATCH","Agent 5",1,0,791505,161,12,"__amd_rocclr_copyBuffer",161,73975051933469,73975051936589,0,0,16,0,128,512,1,1,512,1,1
"KERNEL_DISPATCH","Agent 5",1,0,791505,162,12,"__amd_rocclr_copyBuffer",162,73975051972279,73975051974879,0,0,16,0,128,512,1,1,512,1,1
"KERNEL_DISPATCH","Agent 5",1,0,791505,163,12,"__amd_rocclr_copyBuffer",163,73975052067380,73975052070020,0,0,16,0,128,512,1,1,512,1,1
"KERNEL_DISPATCH","Agent 5",1,0,791505,164,12,"__amd_rocclr_copyBuffer",164,73975062284210,73975062287450,0,0,16,0,128,512,1,1,512,1,1
"KERNEL_DISPATCH","Agent 5",1,0,791505,165,12,"__amd_rocclr_copyBuffer",165,73975062326050,73975062328730,0,0,16,0,128,512,1,1,512,1,1
"KERNEL_DISPATCH","Agent 5",1,0,791505,166,12,"__amd_rocclr_copyBuffer",166,73975071153416,73975071156136,0,0,16,0,128,512,1,1,512,1,1
"KERNEL_DISPATCH","Agent 5",1,0,791505,167,12,"__amd_rocclr_copyBuffer",167,73975071191697,73975071194297,0,0,16,0,128,512,1,1,512,1,1
"KERNEL_DISPATCH","Agent 5",1,0,791505,168,12,"__amd_rocclr_copyBuffer",168,73975071278637,73975071281237,0,0,16,0,128,512,1,1,512,1,1
"KERNEL_DISPATCH","Agent 5",1,0,791505,169,12,"__amd_rocclr_copyBuffer",169,73975080952082,73975080954642,0,0,16,0,128,512,1,1,512,1,1
"KERNEL_DISPATCH","Agent 5",1,0,791505,170,12,"__amd_rocclr_copyBuffer",170,73975080984652,73975080987292,0,0,16,0,128,512,1,1,512,1,1
"KERNEL_DISPATCH","Agent 5",1,0,791505,171,12,"__amd_rocclr_copyBuffer",171,73975081075283,73975081077923,0,0,16,0,128,512,1,1,512,1,1
"KERNEL_DISPATCH","Agent 5",1,0,791505,172,12,"__amd_rocclr_copyBuffer",172,73975090789978,73975090792698,0,0,16,0,128,512,1,1,512,1,1
"KERNEL_DISPATCH","Agent 5",1,0,791505,173,12,"__amd_rocclr_copyBuffer",173,73975090828978,73975090831618,0,0,16,0,128,512,1,1,512,1,1
"KERNEL_DISPATCH","Agent 5",1,0,791505,174,12,"__amd_rocclr_copyBuffer",174,73975090916639,73975090919319,0,0,16,0,128,512,1,1,512,1,1
"KERNEL_DISPATCH","Agent 5",1,0,791505,175,12,"__amd_rocclr_copyBuffer",175,73975101156869,73975101159629,0,0,16,0,128,512,1,1,512,1,1
"KERNEL_DISPATCH","Agent 5",1,0,791505,176,12,"__amd_rocclr_copyBuffer",176,73975101191929,73975101194729,0,0,16,0,128,512,1,1,512,1,1
"KERNEL_DISPATCH","Agent 5",1,0,791505,177,15,"__amd_rocclr_fillBufferUnAligned",177,73975107588139,73975107591859,0,0,8,0,128,256,1,1,256,1,1
"KERNEL_DISPATCH","Agent 5",1,0,791505,178,15,"__amd_rocclr_fillBufferUnAligned",178,73975107597339,73975107599779,0,0,8,0,128,256,1,1,256,1,1
"KERNEL_DISPATCH","Agent 5",1,0,791505,179,15,"__amd_rocclr_fillBufferUnAligned",179,73975107603659,73975107605859,0,0,8,0,128,256,1,1,256,1,1
"KERNEL_DISPATCH","Agent 5",1,0,791505,180,15,"__amd_rocclr_fillBufferUnAligned",180,73975107609099,73975107611259,0,0,8,0,128,256,1,1,256,1,1
"KERNEL_DISPATCH","Agent 5",1,0,791505,181,15,"__amd_rocclr_fillBufferUnAligned",181,73975107614499,73975107616579,0,0,8,0,128,256,1,1,256,1,1
"KERNEL_DISPATCH","Agent 5",1,0,791505,182,15,"__amd_rocclr_fillBufferUnAligned",182,73975107632299,73975107634499,0,0,8,0,128,256,1,1,256,1,1
"KERNEL_DISPATCH","Agent 5",1,0,791505,183,15,"__amd_rocclr_fillBufferUnAligned",183,73975107674429,73975107676829,0,0,8,0,128,256,1,1,256,1,1
"KERNEL_DISPATCH","Agent 5",1,0,791505,184,15,"__amd_rocclr_fillBufferUnAligned",184,73975107680549,73975107682869,0,0,8,0,128,256,1,1,256,1,1
"KERNEL_DISPATCH","Agent 5",1,0,791505,185,15,"__amd_rocclr_fillBufferUnAligned",185,73975107686349,73975107688549,0,0,8,0,128,256,1,1,256,1,1
"KERNEL_DISPATCH","Agent 5",1,0,791505,186,15,"__amd_rocclr_fillBufferUnAligned",186,73975107691749,73975107703590,0,0,8,0,128,256,1,1,256,1,1
"KERNEL_DISPATCH","Agent 5",1,0,791505,187,15,"__amd_rocclr_fillBufferUnAligned",187,73975107707310,73975107709470,0,0,8,0,128,256,1,1,256,1,1
"KERNEL_DISPATCH","Agent 5",1,0,791505,188,15,"__amd_rocclr_fillBufferUnAligned",188,73975107712790,73975107715470,0,0,8,0,128,256,1,1,256,1,1
"KERNEL_DISPATCH","Agent 5",1,0,791505,189,15,"__amd_rocclr_fillBufferUnAligned",189,73975107752050,73975107754370,0,0,8,0,128,256,1,1,256,1,1
"KERNEL_DISPATCH","Agent 5",1,0,791505,190,15,"__amd_rocclr_fillBufferUnAligned",190,73975107758010,73975107760250,0,0,8,0,128,256,1,1,256,1,1
"KERNEL_DISPATCH","Agent 5",1,0,791505,191,15,"__amd_rocclr_fillBufferUnAligned",191,73975107763650,73975107765970,0,0,8,0,128,256,1,1,256,1,1
"KERNEL_DISPATCH","Agent 5",1,0,791505,192,15,"__amd_rocclr_fillBufferUnAligned",192,73975107769290,73975107771650,0,0,8,0,128,256,1,1,256,1,1
"KERNEL_DISPATCH","Agent 5",1,0,791505,193,15,"__amd_rocclr_fillBufferUnAligned",193,73975107786730,73975107789050,0,0,8,0,128,256,1,1,256,1,1
"KERNEL_DISPATCH","Agent 5",1,0,791505,194,15,"__amd_rocclr_fillBufferUnAligned",194,73975107792610,73975107794970,0,0,8,0,128,256,1,1,256,1,1
"KERNEL_DISPATCH","Agent 5",1,0,791505,195,15,"__amd_rocclr_fillBufferUnAligned",195,73975107821191,73975107823511,0,0,8,0,128,256,1,1,256,1,1
"KERNEL_DISPATCH","Agent 5",1,0,791505,196,15,"__amd_rocclr_fillBufferUnAligned",196,73975107827071,73975107829311,0,0,8,0,128,256,1,1,256,1,1
"KERNEL_DISPATCH","Agent 5",1,0,791505,197,15,"__amd_rocclr_fillBufferUnAligned",197,73975107832711,73975107844351,0,0,8,0,128,256,1,1,256,1,1
"KERNEL_DISPATCH","Agent 5",1,0,791505,198,15,"__amd_rocclr_fillBufferUnAligned",198,73975107847951,73975107850111,0,0,8,0,128,256,1,1,256,1,1
"KERNEL_DISPATCH","Agent 5",1,0,791505,199,15,"__amd_rocclr_fillBufferUnAligned",199,73975107853511,73975107855871,0,0,8,0,128,256,1,1,256,1,1
"KERNEL_DISPATCH","Agent 5",1,0,791505,200,15,"__amd_rocclr_fillBufferUnAligned",200,73975107859151,73975107861311,0,0,8,0,128,256,1,1,256,1,1
"KERNEL_DISPATCH","Agent 5",1,0,791505,201,15,"__amd_rocclr_fillBufferUnAligned",201,73975107888891,73975107891131,0,0,8,0,128,256,1,1,256,1,1
"KERNEL_DISPATCH","Agent 5",1,0,791505,202,15,"__amd_rocclr_fillBufferUnAligned",202,73975107894931,73975107897251,0,0,8,0,128,256,1,1,256,1,1
"KERNEL_DISPATCH","Agent 5",1,0,791505,203,15,"__amd_rocclr_fillBufferUnAligned",203,73975107900691,73975107902891,0,0,8,0,128,256,1,1,256,1,1
"KERNEL_DISPATCH","Agent 5",1,0,791505,204,15,"__amd_rocclr_fillBufferUnAligned",204,73975107906092,73975107908452,0,0,8,0,128,256,1,1,256,1,1
"KERNEL_DISPATCH","Agent 5",1,0,791505,205,15,"__amd_rocclr_fillBufferUnAligned",205,73975107911812,73975107923532,0,0,8,0,128,256,1,1,256,1,1
"KERNEL_DISPATCH","Agent 5",1,0,791505,206,15,"__amd_rocclr_fillBufferUnAligned",206,73975107927252,73975107929532,0,0,8,0,128,256,1,1,256,1,1
"KERNEL_DISPATCH","Agent 5",1,0,791505,207,15,"__amd_rocclr_fillBufferUnAligned",207,73975107950792,73975107953112,0,0,8,0,128,256,1,1,256,1,1
"KERNEL_DISPATCH","Agent 5",1,0,791505,208,15,"__amd_rocclr_fillBufferUnAligned",208,73975107957032,73975107959352,0,0,8,0,128,256,1,1,256,1,1
"KERNEL_DISPATCH","Agent 5",1,0,791505,209,15,"__amd_rocclr_fillBufferUnAligned",209,73975107962872,73975107964952,0,0,8,0,128,256,1,1,256,1,1
"KERNEL_DISPATCH","Agent 5",1,0,791505,210,15,"__amd_rocclr_fillBufferUnAligned",210,73975107979632,73975107981712,0,0,8,0,128,256,1,1,256,1,1
"KERNEL_DISPATCH","Agent 5",1,0,791505,211,15,"__amd_rocclr_fillBufferUnAligned",211,73975107995392,73975107997712,0,0,8,0,128,256,1,1,256,1,1
"KERNEL_DISPATCH","Agent 5",1,0,791505,212,15,"__amd_rocclr_fillBufferUnAligned",212,73975108001472,73975108003672,0,0,8,0,128,256,1,1,256,1,1
"KERNEL_DISPATCH","Agent 5",1,0,791505,213,15,"__amd_rocclr_fillBufferUnAligned",213,73975108036623,73975108038663,0,0,8,0,128,256,1,1,256,1,1
"KERNEL_DISPATCH","Agent 5",1,0,791505,214,15,"__amd_rocclr_fillBufferUnAligned",214,73975108042023,73975108044103,0,0,8,0,128,256,1,1,256,1,1
"KERNEL_DISPATCH","Agent 5",1,0,791505,215,15,"__amd_rocclr_fillBufferUnAligned",215,73975108047383,73975108049383,0,0,8,0,128,256,1,1,256,1,1
"KERNEL_DISPATCH","Agent 5",1,0,791505,216,15,"__amd_rocclr_fillBufferUnAligned",216,73975108052583,73975108054583,0,0,8,0,128,256,1,1,256,1,1
"KERNEL_DISPATCH","Agent 5",1,0,791505,217,15,"__amd_rocclr_fillBufferUnAligned",217,73975108057783,73975108059703,0,0,8,0,128,256,1,1,256,1,1
"KERNEL_DISPATCH","Agent 5",1,0,791505,218,15,"__amd_rocclr_fillBufferUnAligned",218,73975108062903,73975108064903,0,0,8,0,128,256,1,1,256,1,1
"KERNEL_DISPATCH","Agent 5",1,0,791505,219,15,"__amd_rocclr_fillBufferUnAligned",219,73975108096423,73975108098503,0,0,8,0,128,256,1,1,256,1,1
"KERNEL_DISPATCH","Agent 5",1,0,791505,220,15,"__amd_rocclr_fillBufferUnAligned",220,73975108102223,73975108104423,0,0,8,0,128,256,1,1,256,1,1
"KERNEL_DISPATCH","Agent 5",1,0,791505,221,15,"__amd_rocclr_fillBufferUnAligned",221,73975108108063,73975108110304,0,0,8,0,128,256,1,1,256,1,1
"KERNEL_DISPATCH","Agent 5",1,0,791505,222,15,"__amd_rocclr_fillBufferUnAligned",222,73975108113424,73975108115544,0,0,8,0,128,256,1,1,256,1,1
"KERNEL_DISPATCH","Agent 5",1,0,791505,223,15,"__amd_rocclr_fillBufferUnAligned",223,73975108118904,73975108120944,0,0,8,0,128,256,1,1,256,1,1
"KERNEL_DISPATCH","Agent 5",1,0,791505,224,15,"__amd_rocclr_fillBufferUnAligned",224,73975108124104,73975108126144,0,0,8,0,128,256,1,1,256,1,1
"KERNEL_DISPATCH","Agent 5",1,0,791505,225,15,"__amd_rocclr_fillBufferUnAligned",225,73975108157284,73975108159444,0,0,8,0,128,256,1,1,256,1,1
"KERNEL_DISPATCH","Agent 5",1,0,791505,226,15,"__amd_rocclr_fillBufferUnAligned",226,73975108162884,73975108165004,0,0,8,0,128,256,1,1,256,1,1
"KERNEL_DISPATCH","Agent 5",1,0,791505,227,15,"__amd_rocclr_fillBufferUnAligned",227,73975108168284,73975108170244,0,0,8,0,128,256,1,1,256,1,1
"KERNEL_DISPATCH","Agent 5",1,0,791505,228,15,"__amd_rocclr_fillBufferUnAligned",228,73975108173524,73975108175524,0,0,8,0,128,256,1,1,256,1,1
"KERNEL_DISPATCH","Agent 5",1,0,791505,229,15,"__amd_rocclr_fillBufferUnAligned",229,73975108178804,73975108180804,0,0,8,0,128,256,1,1,256,1,1
"KERNEL_DISPATCH","Agent 5",1,0,791505,230,15,"__amd_rocclr_fillBufferUnAligned",230,73975108194884,73975108197244,0,0,8,0,128,256,1,1,256,1,1
"KERNEL_DISPATCH","Agent 5",1,0,791505,231,15,"__amd_rocclr_fillBufferUnAligned",231,73975108219895,73975108222055,0,0,8,0,128,256,1,1,256,1,1
"KERNEL_DISPATCH","Agent 5",1,0,791505,232,15,"__amd_rocclr_fillBufferUnAligned",232,73975108225775,73975108227975,0,0,8,0,128,256,1,1,256,1,1
"KERNEL_DISPATCH","Agent 5",1,0,791505,233,15,"__amd_rocclr_fillBufferUnAligned",233,73975108231335,73975108233295,0,0,8,0,128,256,1,1,256,1,1
"KERNEL_DISPATCH","Agent 5",1,0,791505,234,15,"__amd_rocclr_fillBufferUnAligned",234,73975108236535,73975108248375,0,0,8,0,128,256,1,1,256,1,1
"KERNEL_DISPATCH","Agent 5",1,0,791505,235,15,"__amd_rocclr_fillBufferUnAligned",235,73975108252095,73975108254015,0,0,8,0,128,256,1,1,256,1,1
"KERNEL_DISPATCH","Agent 5",1,0,791505,236,15,"__amd_rocclr_fillBufferUnAligned",236,73975108257455,73975108259775,0,0,8,0,128,256,1,1,256,1,1
"KERNEL_DISPATCH","Agent 5",1,0,791505,237,15,"__amd_rocclr_fillBufferUnAligned",237,73975108282925,73975108285085,0,0,8,0,128,256,1,1,256,1,1
"KERNEL_DISPATCH","Agent 5",1,0,791505,238,15,"__amd_rocclr_fillBufferUnAligned",238,73975108288685,73975108290765,0,0,8,0,128,256,1,1,256,1,1
"KERNEL_DISPATCH","Agent 5",1,0,791505,239,15,"__amd_rocclr_fillBufferUnAligned",239,73975108294125,73975108296165,0,0,8,0,128,256,1,1,256,1,1
"KERNEL_DISPATCH","Agent 5",1,0,791505,240,15,"__amd_rocclr_fillBufferUnAligned",240,73975108299445,73975108301565,0,0,8,0,128,256,1,1,256,1,1
"KERNEL_DISPATCH","Agent 5",1,0,791505,241,15,"__amd_rocclr_fillBufferUnAligned",241,73975108315766,73975108317886,0,0,8,0,128,256,1,1,256,1,1
"KERNEL_DISPATCH","Agent 5",1,0,791505,242,15,"__amd_rocclr_fillBufferUnAligned",242,73975108321406,73975108323646,0,0,8,0,128,256,1,1,256,1,1
"KERNEL_DISPATCH","Agent 5",1,0,791505,243,15,"__amd_rocclr_fillBufferUnAligned",243,73975108354236,73975108356436,0,0,8,0,128,256,1,1,256,1,1
"KERNEL_DISPATCH","Agent 5",1,0,791505,244,15,"__amd_rocclr_fillBufferUnAligned",244,73975108359996,73975108362076,0,0,8,0,128,256,1,1,256,1,1
"KERNEL_DISPATCH","Agent 5",1,0,791505,245,15,"__amd_rocclr_fillBufferUnAligned",245,73975108365596,73975108367516,0,0,8,0,128,256,1,1,256,1,1
"KERNEL_DISPATCH","Agent 5",1,0,791505,246,15,"__amd_rocclr_fillBufferUnAligned",246,73975108370716,73975108382356,0,0,8,0,128,256,1,1,256,1,1
"KERNEL_DISPATCH","Agent 5",1,0,791505,247,15,"__amd_rocclr_fillBufferUnAligned",247,73975108385996,73975108388076,0,0,8,0,128,256,1,1,256,1,1
"KERNEL_DISPATCH","Agent 5",1,0,791505,248,15,"__amd_rocclr_fillBufferUnAligned",248,73975108391396,73975108393636,0,0,8,0,128,256,1,1,256,1,1
"KERNEL_DISPATCH","Agent 5",1,0,791505,249,15,"__amd_rocclr_fillBufferUnAligned",249,73975108423217,73975108425377,0,0,8,0,128,256,1,1,256,1,1
"KERNEL_DISPATCH","Agent 5",1,0,791505,250,15,"__amd_rocclr_fillBufferUnAligned",250,73975108428977,73975108431017,0,0,8,0,128,256,1,1,256,1,1
"KERNEL_DISPATCH","Agent 5",1,0,791505,251,15,"__amd_rocclr_fillBufferUnAligned",251,73975108434457,73975108436417,0,0,8,0,128,256,1,1,256,1,1
"KERNEL_DISPATCH","Agent 5",1,0,791505,252,15,"__amd_rocclr_fillBufferUnAligned",252,73975108439577,73975108441577,0,0,8,0,128,256,1,1,256,1,1
"KERNEL_DISPATCH","Agent 5",1,0,791505,253,15,"__amd_rocclr_fillBufferUnAligned",253,73975108444937,73975108446897,0,0,8,0,128,256,1,1,256,1,1
"KERNEL_DISPATCH","Agent 5",1,0,791505,254,15,"__amd_rocclr_fillBufferUnAligned",254,73975108461417,73975108463497,0,0,8,0,128,256,1,1,256,1,1
"KERNEL_DISPATCH","Agent 5",1,0,791505,255,15,"__amd_rocclr_fillBufferUnAligned",255,73975108477057,73975108479217,0,0,8,0,128,256,1,1,256,1,1
"KERNEL_DISPATCH","Agent 5",1,0,791505,256,15,"__amd_rocclr_fillBufferUnAligned",256,73975108482977,73975108485137,0,0,8,0,128,256,1,1,256,1,1
"KERNEL_DISPATCH","Agent 5",1,0,791505,257,15,"__amd_rocclr_fillBufferUnAligned",257,73975108488577,73975108490497,0,0,8,0,128,256,1,1,256,1,1
"KERNEL_DISPATCH","Agent 5",1,0,791505,258,15,"__amd_rocclr_fillBufferUnAligned",258,73975108494457,73975108496417,0,0,8,0,128,256,1,1,256,1,1
"KERNEL_DISPATCH","Agent 5",1,0,791505,259,15,"__amd_rocclr_fillBufferUnAligned",259,73975108499777,73975108501857,0,0,8,0,128,256,1,1,256,1,1
"KERNEL_DISPATCH","Agent 5",1,0,791505,260,15,"__amd_rocclr_fillBufferUnAligned",260,73975108515977,73975108518017,0,0,8,0,128,256,1,1,256,1,1
"KERNEL_DISPATCH","Agent 5",1,0,791505,261,15,"__amd_rocclr_fillBufferUnAligned",261,73975108531618,73975108533658,0,0,8,0,128,256,1,1,256,1,1
"KERNEL_DISPATCH","Agent 5",1,0,791505,262,15,"__amd_rocclr_fillBufferUnAligned",262,73975108537338,73975108539538,0,0,8,0,128,256,1,1,256,1,1
"KERNEL_DISPATCH","Agent 5",1,0,791505,263,15,"__amd_rocclr_fillBufferUnAligned",263,73975108543098,73975108545178,0,0,8,0,128,256,1,1,256,1,1
"KERNEL_DISPATCH","Agent 5",1,0,791505,264,15,"__amd_rocclr_fillBufferUnAligned",264,73975108569118,73975108571358,0,0,8,0,128,256,1,1,256,1,1
"KERNEL_DISPATCH","Agent 5",1,0,791505,265,15,"__amd_rocclr_fillBufferUnAligned",265,73975108574918,73975108577078,0,0,8,0,128,256,1,1,256,1,1
"KERNEL_DISPATCH","Agent 5",1,0,791505,266,15,"__amd_rocclr_fillBufferUnAligned",266,73975108580358,73975108582358,0,0,8,0,128,256,1,1,256,1,1
"KERNEL_DISPATCH","Agent 5",1,0,791505,267,15,"__amd_rocclr_fillBufferUnAligned",267,73975108596238,73975108598718,0,0,8,0,128,256,1,1,256,1,1
"KERNEL_DISPATCH","Agent 5",1,0,791505,268,15,"__amd_rocclr_fillBufferUnAligned",268,73975108691659,73975108694299,0,0,8,0,128,256,1,1,256,1,1
"KERNEL_DISPATCH","Agent 5",1,0,791505,269,15,"__amd_rocclr_fillBufferUnAligned",269,73975108698099,73975108700419,0,0,8,0,128,256,1,1,256,1,1
"KERNEL_DISPATCH","Agent 5",1,0,791505,270,15,"__amd_rocclr_fillBufferUnAligned",270,73975108703979,73975108706299,0,0,8,0,128,256,1,1,256,1,1
"KERNEL_DISPATCH","Agent 5",1,0,791505,271,15,"__amd_rocclr_fillBufferUnAligned",271,73975108709499,73975108711739,0,0,8,0,128,256,1,1,256,1,1
"KERNEL_DISPATCH","Agent 5",1,0,791505,272,15,"__amd_rocclr_fillBufferUnAligned",272,73975108715019,73975108717379,0,0,8,0,128,256,1,1,256,1,1
"KERNEL_DISPATCH","Agent 5",1,0,791505,273,15,"__amd_rocclr_fillBufferUnAligned",273,73975111240684,73975111242644,0,0,8,0,128,256,1,1,8192,1,1
"KERNEL_DISPATCH","Agent 5",1,0,791505,274,15,"__amd_rocclr_fillBufferUnAligned",274,73975111246604,73975111248844,0,0,8,0,128,256,1,1,1536,1,1
"KERNEL_DISPATCH","Agent 5",1,0,791505,275,15,"__amd_rocclr_fillBufferUnAligned",275,73975111334305,73975111336305,0,0,8,0,128,256,1,1,8192,1,1
"KERNEL_DISPATCH","Agent 5",1,0,791505,276,15,"__amd_rocclr_fillBufferUnAligned",276,73975111340265,73975111341665,0,0,8,0,128,256,1,1,7680,1,1
"KERNEL_DISPATCH","Agent 5",1,0,791505,277,15,"__amd_rocclr_fillBufferUnAligned",277,73975111345225,73975111346665,0,0,8,0,128,256,1,1,8192,1,1
"KERNEL_DISPATCH","Agent 5",1,0,791505,278,15,"__amd_rocclr_fillBufferUnAligned",278,73975111349945,73975111351625,0,0,8,0,128,256,1,1,1536,1,1
"KERNEL_DISPATCH","Agent 5",1,0,791505,279,15,"__amd_rocclr_fillBufferUnAligned",279,73975111433136,73975111435216,0,0,8,0,128,256,1,1,8192,1,1
"KERNEL_DISPATCH","Agent 5",1,0,791505,280,15,"__amd_rocclr_fillBufferUnAligned",280,73975111438856,73975111441176,0,0,8,0,128,256,1,1,7680,1,1
"KERNEL_DISPATCH","Agent 5",1,0,791505,281,15,"__amd_rocclr_fillBufferUnAligned",281,73975111515967,73975111517727,0,0,8,0,128,256,1,1,8192,1,1
"KERNEL_DISPATCH","Agent 5",1,0,791505,282,15,"__amd_rocclr_fillBufferUnAligned",282,73975111521447,73975111523127,0,0,8,0,128,256,1,1,1536,1,1
"KERNEL_DISPATCH","Agent 5",1,0,791505,283,15,"__amd_rocclr_fillBufferUnAligned",283,73975111603698,73975111605698,0,0,8,0,128,256,1,1,8192,1,1
"KERNEL_DISPATCH","Agent 5",1,0,791505,284,15,"__amd_rocclr_fillBufferUnAligned",284,73975111609338,73975111610978,0,0,8,0,128,256,1,1,7680,1,1
"KERNEL_DISPATCH","Agent 5",1,0,791505,285,15,"__amd_rocclr_fillBufferUnAligned",285,73975111614258,73975111615778,0,0,8,0,128,256,1,1,8192,1,1
"KERNEL_DISPATCH","Agent 5",1,0,791505,286,15,"__amd_rocclr_fillBufferUnAligned",286,73975111619058,73975111620818,0,0,8,0,128,256,1,1,1536,1,1
"KERNEL_DISPATCH","Agent 5",1,0,791505,287,15,"__amd_rocclr_fillBufferUnAligned",287,73975111699069,73975111701189,0,0,8,0,128,256,1,1,8192,1,1
"KERNEL_DISPATCH","Agent 5",1,0,791505,288,15,"__amd_rocclr_fillBufferUnAligned",288,73975111705029,73975111707469,0,0,8,0,128,256,1,1,7680,1,1
"KERNEL_DISPATCH","Agent 5",1,0,791505,289,15,"__amd_rocclr_fillBufferUnAligned",289,73975111781419,73975111783539,0,0,8,0,128,256,1,1,8192,1,1
"KERNEL_DISPATCH","Agent 5",1,0,791505,290,15,"__amd_rocclr_fillBufferUnAligned",290,73975111787019,73975111788859,0,0,8,0,128,256,1,1,1536,1,1
"KERNEL_DISPATCH","Agent 5",1,0,791505,291,15,"__amd_rocclr_fillBufferUnAligned",291,73975111869400,73975111871520,0,0,8,0,128,256,1,1,8192,1,1
"KERNEL_DISPATCH","Agent 5",1,0,791505,292,15,"__amd_rocclr_fillBufferUnAligned",292,73975111875240,73975111876760,0,0,8,0,128,256,1,1,7680,1,1
"KERNEL_DISPATCH","Agent 5",1,0,791505,293,15,"__amd_rocclr_fillBufferUnAligned",293,73975111880160,73975111881640,0,0,8,0,128,256,1,1,8192,1,1
"KERNEL_DISPATCH","Agent 5",1,0,791505,294,15,"__amd_rocclr_fillBufferUnAligned",294,73975111884840,73975111886440,0,0,8,0,128,256,1,1,1536,1,1
"KERNEL_DISPATCH","Agent 5",1,0,791505,295,15,"__amd_rocclr_fillBufferUnAligned",295,73975111964631,73975111966711,0,0,8,0,128,256,1,1,8192,1,1
"KERNEL_DISPATCH","Agent 5",1,0,791505,296,15,"__amd_rocclr_fillBufferUnAligned",296,73975111970351,73975111972191,0,0,8,0,128,256,1,1,7680,1,1
"KERNEL_DISPATCH","Agent 5",1,0,791505,297,15,"__amd_rocclr_fillBufferUnAligned",297,73975112046302,73975112048182,0,0,8,0,128,256,1,1,8192,1,1
"KERNEL_DISPATCH","Agent 5",1,0,791505,298,15,"__amd_rocclr_fillBufferUnAligned",298,73975112051822,73975112053502,0,0,8,0,128,256,1,1,1536,1,1
"KERNEL_DISPATCH","Agent 5",1,0,791505,299,15,"__amd_rocclr_fillBufferUnAligned",299,73975112128123,73975112130203,0,0,8,0,128,256,1,1,8192,1,1
"KERNEL_DISPATCH","Agent 5",1,0,791505,300,15,"__amd_rocclr_fillBufferUnAligned",300,73975112133763,73975112135363,0,0,8,0,128,256,1,1,7680,1,1
"KERNEL_DISPATCH","Agent 5",1,0,791505,301,15,"__amd_rocclr_fillBufferUnAligned",301,73975112138643,73975112140163,0,0,8,0,128,256,1,1,8192,1,1
"KERNEL_DISPATCH","Agent 5",1,0,791505,302,15,"__amd_rocclr_fillBufferUnAligned",302,73975112143403,73975112145163,0,0,8,0,128,256,1,1,1536,1,1
"KERNEL_DISPATCH","Agent 5",1,0,791505,303,15,"__amd_rocclr_fillBufferUnAligned",303,73975112223154,73975112225194,0,0,8,0,128,256,1,1,8192,1,1
"KERNEL_DISPATCH","Agent 5",1,0,791505,304,15,"__amd_rocclr_fillBufferUnAligned",304,73975112229034,73975112231434,0,0,8,0,128,256,1,1,7680,1,1
"KERNEL_DISPATCH","Agent 5",1,0,791505,305,15,"__amd_rocclr_fillBufferUnAligned",305,73975112305574,73975112307574,0,0,8,0,128,256,1,1,8192,1,1
"KERNEL_DISPATCH","Agent 5",1,0,791505,306,15,"__amd_rocclr_fillBufferUnAligned",306,73975112311135,73975112312975,0,0,8,0,128,256,1,1,1536,1,1
"KERNEL_DISPATCH","Agent 5",1,0,791505,307,15,"__amd_rocclr_fillBufferUnAligned",307,73975112391975,73975112394055,0,0,8,0,128,256,1,1,8192,1,1
"KERNEL_DISPATCH","Agent 5",1,0,791505,308,15,"__amd_rocclr_fillBufferUnAligned",308,73975112397815,73975112399335,0,0,8,0,128,256,1,1,7680,1,1
"KERNEL_DISPATCH","Agent 5",1,0,791505,309,15,"__amd_rocclr_fillBufferUnAligned",309,73975112402735,73975112404175,0,0,8,0,128,256,1,1,8192,1,1
"KERNEL_DISPATCH","Agent 5",1,0,791505,310,15,"__amd_rocclr_fillBufferUnAligned",310,73975112407455,73975112409055,0,0,8,0,128,256,1,1,1536,1,1
"KERNEL_DISPATCH","Agent 5",1,0,791505,311,15,"__amd_rocclr_fillBufferUnAligned",311,73975112491146,73975112493266,0,0,8,0,128,256,1,1,8192,1,1
"KERNEL_DISPATCH","Agent 5",1,0,791505,312,15,"__amd_rocclr_fillBufferUnAligned",312,73975112496826,73975112499946,0,0,8,0,128,256,1,1,7680,1,1
"KERNEL_DISPATCH","Agent 5",1,0,791505,313,15,"__amd_rocclr_fillBufferUnAligned",313,73975112574187,73975112575867,0,0,8,0,128,256,1,1,8192,1,1
"KERNEL_DISPATCH","Agent 5",1,0,791505,314,15,"__amd_rocclr_fillBufferUnAligned",314,73975112579547,73975112581227,0,0,8,0,128,256,1,1,1536,1,1
"KERNEL_DISPATCH","Agent 5",1,0,791505,315,15,"__amd_rocclr_fillBufferUnAligned",315,73975112662028,73975112664108,0,0,8,0,128,256,1,1,8192,1,1
"KERNEL_DISPATCH","Agent 5",1,0,791505,316,15,"__amd_rocclr_fillBufferUnAligned",316,73975112667588,73975112669148,0,0,8,0,128,256,1,1,7680,1,1
"KERNEL_DISPATCH","Agent 5",1,0,791505,317,15,"__amd_rocclr_fillBufferUnAligned",317,73975112672508,73975112673988,0,0,8,0,128,256,1,1,8192,1,1
"KERNEL_DISPATCH","Agent 5",1,0,791505,318,15,"__amd_rocclr_fillBufferUnAligned",318,73975112677188,73975112678948,0,0,8,0,128,256,1,1,1536,1,1
"KERNEL_DISPATCH","Agent 5",1,0,791505,319,15,"__amd_rocclr_fillBufferUnAligned",319,73975112759929,73975112762009,0,0,8,0,128,256,1,1,8192,1,1
"KERNEL_DISPATCH","Agent 5",1,0,791505,320,15,"__amd_rocclr_fillBufferUnAligned",320,73975112765729,73975112767449,0,0,8,0,128,256,1,1,7680,1,1
"KERNEL_DISPATCH","Agent 5",1,0,791505,321,15,"__amd_rocclr_fillBufferUnAligned",321,73975112845410,73975112847450,0,0,8,0,128,256,1,1,8192,1,1
"KERNEL_DISPATCH","Agent 5",1,0,791505,322,15,"__amd_rocclr_fillBufferUnAligned",322,73975112851010,73975112853130,0,0,8,0,128,256,1,1,1536,1,1
"KERNEL_DISPATCH","Agent 5",1,0,791505,323,15,"__amd_rocclr_fillBufferUnAligned",323,73975112928221,73975112930221,0,0,8,0,128,256,1,1,8192,1,1
"KERNEL_DISPATCH","Agent 5",1,0,791505,324,15,"__amd_rocclr_fillBufferUnAligned",324,73975112934141,73975112935701,0,0,8,0,128,256,1,1,7680,1,1
"KERNEL_DISPATCH","Agent 5",1,0,791505,325,15,"__amd_rocclr_fillBufferUnAligned",325,73975112939181,73975112940701,0,0,8,0,128,256,1,1,8192,1,1
"KERNEL_DISPATCH","Agent 5",1,0,791505,326,15,"__amd_rocclr_fillBufferUnAligned",326,73975112944141,73975112945781,0,0,8,0,128,256,1,1,1536,1,1
"KERNEL_DISPATCH","Agent 5",1,0,791505,327,15,"__amd_rocclr_fillBufferUnAligned",327,73975113028102,73975113030262,0,0,8,0,128,256,1,1,8192,1,1
"KERNEL_DISPATCH","Agent 5",1,0,791505,328,15,"__amd_rocclr_fillBufferUnAligned",328,73975113033942,73975113037062,0,0,8,0,128,256,1,1,7680,1,1
"KERNEL_DISPATCH","Agent 5",1,0,791505,329,15,"__amd_rocclr_fillBufferUnAligned",329,73975113112192,73975113113952,0,0,8,0,128,256,1,1,8192,1,1
"KERNEL_DISPATCH","Agent 5",1,0,791505,330,15,"__amd_rocclr_fillBufferUnAligned",330,73975113117632,73975113119392,0,0,8,0,128,256,1,1,1536,1,1
"KERNEL_DISPATCH","Agent 5",1,0,791505,331,15,"__amd_rocclr_fillBufferUnAligned",331,73975113193743,73975113195663,0,0,8,0,128,256,1,1,8192,1,1
"KERNEL_DISPATCH","Agent 5",1,0,791505,332,15,"__amd_rocclr_fillBufferUnAligned",332,73975113199343,73975113201383,0,0,8,0,128,256,1,1,7680,1,1
"KERNEL_DISPATCH","Agent 5",1,0,791505,333,15,"__amd_rocclr_fillBufferUnAligned",333,73975113204743,73975113206263,0,0,8,0,128,256,1,1,8192,1,1
"KERNEL_DISPATCH","Agent 5",1,0,791505,334,15,"__amd_rocclr_fillBufferUnAligned",334,73975113209543,73975113211383,0,0,8,0,128,256,1,1,1536,1,1
"KERNEL_DISPATCH","Agent 5",1,0,791505,335,15,"__amd_rocclr_fillBufferUnAligned",335,73975113290474,73975113292594,0,0,8,0,128,256,1,1,8192,1,1
"KERNEL_DISPATCH","Agent 5",1,0,791505,336,15,"__amd_rocclr_fillBufferUnAligned",336,73975113296594,73975113298354,0,0,8,0,128,256,1,1,7680,1,1
"KERNEL_DISPATCH","Agent 5",1,0,791505,337,15,"__amd_rocclr_fillBufferUnAligned",337,73975113373045,73975113375045,0,0,8,0,128,256,1,1,8192,1,1
"KERNEL_DISPATCH","Agent 5",1,0,791505,338,15,"__amd_rocclr_fillBufferUnAligned",338,73975113378645,73975113380565,0,0,8,0,128,256,1,1,1536,1,1
"KERNEL_DISPATCH","Agent 5",1,0,791505,339,15,"__amd_rocclr_fillBufferUnAligned",339,73975113464476,73975113466676,0,0,8,0,128,256,1,1,8192,1,1
"KERNEL_DISPATCH","Agent 5",1,0,791505,340,15,"__amd_rocclr_fillBufferUnAligned",340,73975113470596,73975113472116,0,0,8,0,128,256,1,1,7680,1,1
"KERNEL_DISPATCH","Agent 5",1,0,791505,341,15,"__amd_rocclr_fillBufferUnAligned",341,73975113475676,73975113477156,0,0,8,0,128,256,1,1,8192,1,1
"KERNEL_DISPATCH","Agent 5",1,0,791505,342,15,"__amd_rocclr_fillBufferUnAligned",342,73975113480556,73975113482196,0,0,8,0,128,256,1,1,1536,1,1
"KERNEL_DISPATCH","Agent 5",1,0,791505,343,15,"__amd_rocclr_fillBufferUnAligned",343,73975113561477,73975113563597,0,0,8,0,128,256,1,1,8192,1,1
"KERNEL_DISPATCH","Agent 5",1,0,791505,344,15,"__amd_rocclr_fillBufferUnAligned",344,73975113567277,73975113569197,0,0,8,0,128,256,1,1,7680,1,1
"KERNEL_DISPATCH","Agent 5",1,0,791505,345,15,"__amd_rocclr_fillBufferUnAligned",345,73975113644708,73975113646388,0,0,8,0,128,256,1,1,8192,1,1
"KERNEL_DISPATCH","Agent 5",1,0,791505,346,15,"__amd_rocclr_fillBufferUnAligned",346,73975113650228,73975113651948,0,0,8,0,128,256,1,1,1536,1,1
"KERNEL_DISPATCH","Agent 5",1,0,791505,347,15,"__amd_rocclr_fillBufferUnAligned",347,73975113727588,73975113729748,0,0,8,0,128,256,1,1,8192,1,1
"KERNEL_DISPATCH","Agent 5",1,0,791505,348,15,"__amd_rocclr_fillBufferUnAligned",348,73975113733428,73975113735028,0,0,8,0,128,256,1,1,7680,1,1
"KERNEL_DISPATCH","Agent 5",1,0,791505,349,15,"__amd_rocclr_fillBufferUnAligned",349,73975113738428,73975113739948,0,0,8,0,128,256,1,1,8192,1,1
"KERNEL_DISPATCH","Agent 5",1,0,791505,350,15,"__amd_rocclr_fillBufferUnAligned",350,73975113743148,73975113745029,0,0,8,0,128,256,1,1,1536,1,1
"KERNEL_DISPATCH","Agent 5",1,0,791505,351,15,"__amd_rocclr_fillBufferUnAligned",351,73975113839059,73975113841059,0,0,8,0,128,256,1,1,8192,1,1
"KERNEL_DISPATCH","Agent 5",1,0,791505,352,15,"__amd_rocclr_fillBufferUnAligned",352,73975113844979,73975113846739,0,0,8,0,128,256,1,1,7680,1,1
"KERNEL_DISPATCH","Agent 5",1,0,791505,353,15,"__amd_rocclr_fillBufferUnAligned",353,73975113944810,73975113946730,0,0,8,0,128,256,1,1,8192,1,1
"KERNEL_DISPATCH","Agent 5",1,0,791505,354,15,"__amd_rocclr_fillBufferUnAligned",354,73975113950291,73975113952251,0,0,8,0,128,256,1,1,1536,1,1
"KERNEL_DISPATCH","Agent 5",1,0,791505,355,15,"__amd_rocclr_fillBufferUnAligned",355,73975114030351,73975114032511,0,0,8,0,128,256,1,1,8192,1,1
"KERNEL_DISPATCH","Agent 5",1,0,791505,356,15,"__amd_rocclr_fillBufferUnAligned",356,73975114036511,73975114038111,0,0,8,0,128,256,1,1,7680,1,1
"KERNEL_DISPATCH","Agent 5",1,0,791505,357,15,"__amd_rocclr_fillBufferUnAligned",357,73975114041711,73975114043191,0,0,8,0,128,256,1,1,8192,1,1
"KERNEL_DISPATCH","Agent 5",1,0,791505,358,15,"__amd_rocclr_fillBufferUnAligned",358,73975114046431,73975114048071,0,0,8,0,128,256,1,1,1536,1,1
"KERNEL_DISPATCH","Agent 5",1,0,791505,359,15,"__amd_rocclr_fillBufferUnAligned",359,73975114129802,73975114131882,0,0,8,0,128,256,1,1,8192,1,1
"KERNEL_DISPATCH","Agent 5",1,0,791505,360,15,"__amd_rocclr_fillBufferUnAligned",360,73975114135682,73975114138802,0,0,8,0,128,256,1,1,7680,1,1
"KERNEL_DISPATCH","Agent 5",1,0,791505,361,15,"__amd_rocclr_fillBufferUnAligned",361,73975114213193,73975114214833,0,0,8,0,128,256,1,1,8192,1,1
"KERNEL_DISPATCH","Agent 5",1,0,791505,362,15,"__amd_rocclr_fillBufferUnAligned",362,73975114218593,73975114220313,0,0,8,0,128,256,1,1,1536,1,1
"KERNEL_DISPATCH","Agent 5",1,0,791505,363,15,"__amd_rocclr_fillBufferUnAligned",363,73975114296884,73975114299044,0,0,8,0,128,256,1,1,8192,1,1
"KERNEL_DISPATCH","Agent 5",1,0,791505,364,15,"__amd_rocclr_fillBufferUnAligned",364,73975114302804,73975114304404,0,0,8,0,128,256,1,1,7680,1,1
"KERNEL_DISPATCH","Agent 5",1,0,791505,365,15,"__amd_rocclr_fillBufferUnAligned",365,73975114307804,73975114309324,0,0,8,0,128,256,1,1,8192,1,1
"KERNEL_DISPATCH","Agent 5",1,0,791505,366,15,"__amd_rocclr_fillBufferUnAligned",366,73975114312564,73975114314404,0,0,8,0,128,256,1,1,1536,1,1
"KERNEL_DISPATCH","Agent 5",1,0,791505,367,15,"__amd_rocclr_fillBufferUnAligned",367,73975114394695,73975114396775,0,0,8,0,128,256,1,1,8192,1,1
"KERNEL_DISPATCH","Agent 5",1,0,791505,368,15,"__amd_rocclr_fillBufferUnAligned",368,73975114400655,73975114403735,0,0,8,0,128,256,1,1,7680,1,1
"KERNEL_DISPATCH","Agent 5",1,0,791505,369,15,"__amd_rocclr_fillBufferUnAligned",369,73975114478116,73975114479916,0,0,8,0,128,256,1,1,8192,1,1
"KERNEL_DISPATCH","Agent 5",1,0,791505,370,15,"__amd_rocclr_fillBufferUnAligned",370,73975114483436,73975114485356,0,0,8,0,128,256,1,1,1536,1,1
"KERNEL_DISPATCH","Agent 5",1,0,791505,371,15,"__amd_rocclr_fillBufferUnAligned",371,73975114560896,73975114562936,0,0,8,0,128,256,1,1,8192,1,1
"KERNEL_DISPATCH","Agent 5",1,0,791505,372,15,"__amd_rocclr_fillBufferUnAligned",372,73975114567457,73975114568977,0,0,8,0,128,256,1,1,7680,1,1
"KERNEL_DISPATCH","Agent 5",1,0,791505,373,15,"__amd_rocclr_fillBufferUnAligned",373,73975114572617,73975114574097,0,0,8,0,128,256,1,1,8192,1,1
"KERNEL_DISPATCH","Agent 5",1,0,791505,374,15,"__amd_rocclr_fillBufferUnAligned",374,73975114577337,73975114579137,0,0,8,0,128,256,1,1,1536,1,1
"KERNEL_DISPATCH","Agent 5",1,0,791505,375,15,"__amd_rocclr_fillBufferUnAligned",375,73975114659857,73975114661977,0,0,8,0,128,256,1,1,8192,1,1
"KERNEL_DISPATCH","Agent 5",1,0,791505,376,15,"__amd_rocclr_fillBufferUnAligned",376,73975114665657,73975114667578,0,0,8,0,128,256,1,1,7680,1,1
"KERNEL_DISPATCH","Agent 5",1,0,791505,377,15,"__amd_rocclr_fillBufferUnAligned",377,73975114742918,73975114744838,0,0,8,0,128,256,1,1,8192,1,1
"KERNEL_DISPATCH","Agent 5",1,0,791505,378,15,"__amd_rocclr_fillBufferUnAligned",378,73975114748638,73975114750358,0,0,8,0,128,256,1,1,1536,1,1
"KERNEL_DISPATCH","Agent 5",1,0,791505,379,15,"__amd_rocclr_fillBufferUnAligned",379,73975114826869,73975114829149,0,0,8,0,128,256,1,1,8192,1,1
"KERNEL_DISPATCH","Agent 5",1,0,791505,380,15,"__amd_rocclr_fillBufferUnAligned",380,73975114832749,73975114834389,0,0,8,0,128,256,1,1,7680,1,1
"KERNEL_DISPATCH","Agent 5",1,0,791505,381,15,"__amd_rocclr_fillBufferUnAligned",381,73975114837869,73975114839349,0,0,8,0,128,256,1,1,8192,1,1
"KERNEL_DISPATCH","Agent 5",1,0,791505,382,15,"__amd_rocclr_fillBufferUnAligned",382,73975114842789,73975114844669,0,0,8,0,128,256,1,1,1536,1,1
"KERNEL_DISPATCH","Agent 5",1,0,791505,383,15,"__amd_rocclr_fillBufferUnAligned",383,73975114929990,73975114932070,0,0,8,0,128,256,1,1,8192,1,1
"KERNEL_DISPATCH","Agent 5",1,0,791505,384,15,"__amd_rocclr_fillBufferUnAligned",384,73975114935950,73975114937710,0,0,8,0,128,256,1,1,7680,1,1
"KERNEL_DISPATCH","Agent 5",1,0,791505,385,15,"__amd_rocclr_fillBufferUnAligned",385,73975115016181,73975115018141,0,0,8,0,128,256,1,1,8192,1,1
"KERNEL_DISPATCH","Agent 5",1,0,791505,386,15,"__amd_rocclr_fillBufferUnAligned",386,73975115021701,73975115023661,0,0,8,0,128,256,1,1,1536,1,1
"KERNEL_DISPATCH","Agent 5",1,0,791505,387,15,"__amd_rocclr_fillBufferUnAligned",387,73975115106862,73975115108982,0,0,8,0,128,256,1,1,8192,1,1
"KERNEL_DISPATCH","Agent 5",1,0,791505,388,15,"__amd_rocclr_fillBufferUnAligned",388,73975115113342,73975115115062,0,0,8,0,128,256,1,1,7680,1,1
"KERNEL_DISPATCH","Agent 5",1,0,791505,389,15,"__amd_rocclr_fillBufferUnAligned",389,73975115118662,73975115120102,0,0,8,0,128,256,1,1,8192,1,1
"KERNEL_DISPATCH","Agent 5",1,0,791505,390,15,"__amd_rocclr_fillBufferUnAligned",390,73975115123342,73975115124982,0,0,8,0,128,256,1,1,1536,1,1
"KERNEL_DISPATCH","Agent 5",1,0,791505,391,15,"__amd_rocclr_fillBufferUnAligned",391,73975115207333,73975115209453,0,0,8,0,128,256,1,1,8192,1,1
"KERNEL_DISPATCH","Agent 5",1,0,791505,392,15,"__amd_rocclr_fillBufferUnAligned",392,73975115213213,73975115215693,0,0,8,0,128,256,1,1,7680,1,1
"KERNEL_DISPATCH","Agent 5",1,0,791505,393,15,"__amd_rocclr_fillBufferUnAligned",393,73975115290514,73975115292434,0,0,8,0,128,256,1,1,8192,1,1
"KERNEL_DISPATCH","Agent 5",1,0,791505,394,15,"__amd_rocclr_fillBufferUnAligned",394,73975115296234,73975115297994,0,0,8,0,128,256,1,1,1536,1,1
"KERNEL_DISPATCH","Agent 5",1,0,791505,395,15,"__amd_rocclr_fillBufferUnAligned",395,73975115375624,73975115377704,0,0,8,0,128,256,1,1,8192,1,1
"KERNEL_DISPATCH","Agent 5",1,0,791505,396,15,"__amd_rocclr_fillBufferUnAligned",396,73975115381384,73975115383024,0,0,8,0,128,256,1,1,7680,1,1
"KERNEL_DISPATCH","Agent 5",1,0,791505,397,15,"__amd_rocclr_fillBufferUnAligned",397,73975115386385,73975115387905,0,0,8,0,128,256,1,1,8192,1,1
"KERNEL_DISPATCH","Agent 5",1,0,791505,398,15,"__amd_rocclr_fillBufferUnAligned",398,73975115391105,73975115392945,0,0,8,0,128,256,1,1,1536,1,1
"KERNEL_DISPATCH","Agent 5",1,0,791505,399,15,"__amd_rocclr_fillBufferUnAligned",399,73975115470275,73975115472395,0,0,8,0,128,256,1,1,8192,1,1
"KERNEL_DISPATCH","Agent 5",1,0,791505,400,15,"__amd_rocclr_fillBufferUnAligned",400,73975115476275,73975115478035,0,0,8,0,128,256,1,1,7680,1,1
"KERNEL_DISPATCH","Agent 5",1,0,791505,401,15,"__amd_rocclr_fillBufferUnAligned",401,73975115556466,73975115558466,0,0,8,0,128,256,1,1,8192,1,1
"KERNEL_DISPATCH","Agent 5",1,0,791505,402,15,"__amd_rocclr_fillBufferUnAligned",402,73975115562026,73975115563946,0,0,8,0,128,256,1,1,1536,1,1
"KERNEL_DISPATCH","Agent 5",1,0,791505,403,15,"__amd_rocclr_fillBufferUnAligned",403,73975115639147,73975115641307,0,0,8,0,128,256,1,1,8192,1,1
"KERNEL_DISPATCH","Agent 5",1,0,791505,404,15,"__amd_rocclr_fillBufferUnAligned",404,73975115645307,73975115646867,0,0,8,0,128,256,1,1,7680,1,1
"KERNEL_DISPATCH","Agent 5",1,0,791505,405,15,"__amd_rocclr_fillBufferUnAligned",405,73975115650507,73975115651987,0,0,8,0,128,256,1,1,8192,1,1
"KERNEL_DISPATCH","Agent 5",1,0,791505,406,15,"__amd_rocclr_fillBufferUnAligned",406,73975115655387,73975115656987,0,0,8,0,128,256,1,1,1536,1,1
"KERNEL_DISPATCH","Agent 5",1,0,791505,407,15,"__amd_rocclr_fillBufferUnAligned",407,73975115737388,73975115739508,0,0,8,0,128,256,1,1,8192,1,1
"KERNEL_DISPATCH","Agent 5",1,0,791505,408,15,"__amd_rocclr_fillBufferUnAligned",408,73975115743188,73975115745868,0,0,8,0,128,256,1,1,7680,1,1
"KERNEL_DISPATCH","Agent 5",1,0,791505,409,15,"__amd_rocclr_fillBufferUnAligned",409,73975115819499,73975115821139,0,0,8,0,128,256,1,1,8192,1,1
"KERNEL_DISPATCH","Agent 5",1,0,791505,410,15,"__amd_rocclr_fillBufferUnAligned",410,73975115824899,73975115826979,0,0,8,0,128,256,1,1,1536,1,1
"KERNEL_DISPATCH","Agent 5",1,0,791505,411,15,"__amd_rocclr_fillBufferUnAligned",411,73975115903810,73975115905770,0,0,8,0,128,256,1,1,8192,1,1
"KERNEL_DISPATCH","Agent 5",1,0,791505,412,15,"__amd_rocclr_fillBufferUnAligned",412,73975115909450,73975115911090,0,0,8,0,128,256,1,1,7680,1,1
"KERNEL_DISPATCH","Agent 5",1,0,791505,413,15,"__amd_rocclr_fillBufferUnAligned",413,73975115914450,73975115916010,0,0,8,0,128,256,1,1,8192,1,1
"KERNEL_DISPATCH","Agent 5",1,0,791505,414,15,"__amd_rocclr_fillBufferUnAligned",414,73975115919290,73975115921130,0,0,8,0,128,256,1,1,1536,1,1
"KERNEL_DISPATCH","Agent 5",1,0,791505,415,15,"__amd_rocclr_fillBufferUnAligned",415,73975116010101,73975116012221,0,0,8,0,128,256,1,1,8192,1,1
"KERNEL_DISPATCH","Agent 5",1,0,791505,416,15,"__amd_rocclr_fillBufferUnAligned",416,73975116016061,73975116018821,0,0,8,0,128,256,1,1,7680,1,1
"KERNEL_DISPATCH","Agent 5",1,0,791505,417,15,"__amd_rocclr_fillBufferUnAligned",417,73975116094771,73975116096771,0,0,8,0,128,256,1,1,8192,1,1
"KERNEL_DISPATCH","Agent 5",1,0,791505,418,15,"__amd_rocclr_fillBufferUnAligned",418,73975116100291,73975116102212,0,0,8,0,128,256,1,1,1536,1,1
"KERNEL_DISPATCH","Agent 5",1,0,791505,419,15,"__amd_rocclr_fillBufferUnAligned",419,73975116176262,73975116178422,0,0,8,0,128,256,1,1,8192,1,1
"KERNEL_DISPATCH","Agent 5",1,0,791505,420,15,"__amd_rocclr_fillBufferUnAligned",420,73975116182262,73975116183782,0,0,8,0,128,256,1,1,7680,1,1
"KERNEL_DISPATCH","Agent 5",1,0,791505,421,15,"__amd_rocclr_fillBufferUnAligned",421,73975116187302,73975116188782,0,0,8,0,128,256,1,1,8192,1,1
"KERNEL_DISPATCH","Agent 5",1,0,791505,422,15,"__amd_rocclr_fillBufferUnAligned",422,73975116192182,73975116193822,0,0,8,0,128,256,1,1,1536,1,1
"KERNEL_DISPATCH","Agent 5",1,0,791505,423,15,"__amd_rocclr_fillBufferUnAligned",423,73975116274503,73975116276663,0,0,8,0,128,256,1,1,8192,1,1
"KERNEL_DISPATCH","Agent 5",1,0,791505,424,15,"__amd_rocclr_fillBufferUnAligned",424,73975116280383,73975116282703,0,0,8,0,128,256,1,1,7680,1,1
"KERNEL_DISPATCH","Agent 5",1,0,791505,425,15,"__amd_rocclr_fillBufferUnAligned",425,73975116357624,73975116359304,0,0,8,0,128,256,1,1,8192,1,1
"KERNEL_DISPATCH","Agent 5",1,0,791505,426,15,"__amd_rocclr_fillBufferUnAligned",426,73975116363104,73975116364824,0,0,8,0,128,256,1,1,1536,1,1
"KERNEL_DISPATCH","Agent 5",1,0,791505,427,15,"__amd_rocclr_fillBufferUnAligned",427,73975116443535,73975116445615,0,0,8,0,128,256,1,1,8192,1,1
"KERNEL_DISPATCH","Agent 5",1,0,791505,428,15,"__amd_rocclr_fillBufferUnAligned",428,73975116449255,73975116450975,0,0,8,0,128,256,1,1,7680,1,1
"KERNEL_DISPATCH","Agent 5",1,0,791505,429,15,"__amd_rocclr_fillBufferUnAligned",429,73975116454335,73975116455815,0,0,8,0,128,256,1,1,8192,1,1
"KERNEL_DISPATCH","Agent 5",1,0,791505,430,15,"__amd_rocclr_fillBufferUnAligned",430,73975116459055,73975116460895,0,0,8,0,128,256,1,1,1536,1,1
"KERNEL_DISPATCH","Agent 5",1,0,791505,431,15,"__amd_rocclr_fillBufferUnAligned",431,73975116546636,73975116548716,0,0,8,0,128,256,1,1,8192,1,1
"KERNEL_DISPATCH","Agent 5",1,0,791505,432,15,"__amd_rocclr_fillBufferUnAligned",432,73975116552516,73975116554276,0,0,8,0,128,256,1,1,7680,1,1
"KERNEL_DISPATCH","Agent 5",1,0,791505,433,15,"__amd_rocclr_fillBufferUnAligned",433,73975116632587,73975116634547,0,0,8,0,128,256,1,1,8192,1,1
"KERNEL_DISPATCH","Agent 5",1,0,791505,434,15,"__amd_rocclr_fillBufferUnAligned",434,73975116638187,73975116640107,0,0,8,0,128,256,1,1,1536,1,1
"KERNEL_DISPATCH","Agent 5",1,0,791505,435,15,"__amd_rocclr_fillBufferUnAligned",435,73975116723888,73975116726048,0,0,8,0,128,256,1,1,8192,1,1
"KERNEL_DISPATCH","Agent 5",1,0,791505,436,15,"__amd_rocclr_fillBufferUnAligned",436,73975116729888,73975116731448,0,0,8,0,128,256,1,1,7680,1,1
"KERNEL_DISPATCH","Agent 5",1,0,791505,437,15,"__amd_rocclr_fillBufferUnAligned",437,73975116735048,73975116736568,0,0,8,0,128,256,1,1,8192,1,1
"KERNEL_DISPATCH","Agent 5",1,0,791505,438,15,"__amd_rocclr_fillBufferUnAligned",438,73975116739848,73975116741488,0,0,8,0,128,256,1,1,1536,1,1
"KERNEL_DISPATCH","Agent 5",1,0,791505,439,15,"__amd_rocclr_fillBufferUnAligned",439,73975116821899,73975116824059,0,0,8,0,128,256,1,1,8192,1,1
"KERNEL_DISPATCH","Agent 5",1,0,791505,440,15,"__amd_rocclr_fillBufferUnAligned",440,73975116827699,73975116829659,0,0,8,0,128,256,1,1,7680,1,1
"KERNEL_DISPATCH","Agent 5",1,0,791505,441,15,"__amd_rocclr_fillBufferUnAligned",441,73975116907629,73975116909549,0,0,8,0,128,256,1,1,8192,1,1
"KERNEL_DISPATCH","Agent 5",1,0,791505,442,15,"__amd_rocclr_fillBufferUnAligned",442,73975116913389,73975116915429,0,0,8,0,128,256,1,1,1536,1,1
"KERNEL_DISPATCH","Agent 5",1,0,791505,443,15,"__amd_rocclr_fillBufferUnAligned",443,73975116989520,73975116991640,0,0,8,0,128,256,1,1,8192,1,1
"KERNEL_DISPATCH","Agent 5",1,0,791505,444,15,"__amd_rocclr_fillBufferUnAligned",444,73975116995240,73975116996920,0,0,8,0,128,256,1,1,7680,1,1
"KERNEL_DISPATCH","Agent 5",1,0,791505,445,15,"__amd_rocclr_fillBufferUnAligned",445,73975117000280,73975117001800,0,0,8,0,128,256,1,1,8192,1,1
"KERNEL_DISPATCH","Agent 5",1,0,791505,446,15,"__amd_rocclr_fillBufferUnAligned",446,73975117005040,73975117006880,0,0,8,0,128,256,1,1,1536,1,1
"KERNEL_DISPATCH","Agent 5",1,0,791505,447,15,"__amd_rocclr_fillBufferUnAligned",447,73975117092711,73975117094791,0,0,8,0,128,256,1,1,8192,1,1
"KERNEL_DISPATCH","Agent 5",1,0,791505,448,15,"__amd_rocclr_fillBufferUnAligned",448,73975117098791,73975117101751,0,0,8,0,128,256,1,1,7680,1,1
"KERNEL_DISPATCH","Agent 5",1,0,791505,449,15,"__amd_rocclr_fillBufferUnAligned",449,73975117176122,73975117177962,0,0,8,0,128,256,1,1,8192,1,1
"KERNEL_DISPATCH","Agent 5",1,0,791505,450,15,"__amd_rocclr_fillBufferUnAligned",450,73975117181522,73975117183442,0,0,8,0,128,256,1,1,1536,1,1
"KERNEL_DISPATCH","Agent 5",1,0,791505,451,15,"__amd_rocclr_fillBufferUnAligned",451,73975117260673,73975117262833,0,0,8,0,128,256,1,1,8192,1,1
"KERNEL_DISPATCH","Agent 5",1,0,791505,452,15,"__amd_rocclr_fillBufferUnAligned",452,73975117266713,73975117268273,0,0,8,0,128,256,1,1,7680,1,1
"KERNEL_DISPATCH","Agent 5",1,0,791505,453,15,"__amd_rocclr_fillBufferUnAligned",453,73975117271873,73975117273353,0,0,8,0,128,256,1,1,8192,1,1
"KERNEL_DISPATCH","Agent 5",1,0,791505,454,15,"__amd_rocclr_fillBufferUnAligned",454,73975117276713,73975117278353,0,0,8,0,128,256,1,1,1536,1,1
"KERNEL_DISPATCH","Agent 5",1,0,791505,455,15,"__amd_rocclr_fillBufferUnAligned",455,73975117354374,73975117356494,0,0,8,0,128,256,1,1,8192,1,1
"KERNEL_DISPATCH","Agent 5",1,0,791505,456,15,"__amd_rocclr_fillBufferUnAligned",456,73975117360254,73975117362814,0,0,8,0,128,256,1,1,7680,1,1
"KERNEL_DISPATCH","Agent 5",1,0,791505,457,15,"__amd_rocclr_fillBufferUnAligned",457,73975117442315,73975117444275,0,0,8,0,128,256,1,1,8192,1,1
"KERNEL_DISPATCH","Agent 5",1,0,791505,458,15,"__amd_rocclr_fillBufferUnAligned",458,73975117448075,73975117449835,0,0,8,0,128,256,1,1,1536,1,1
"KERNEL_DISPATCH","Agent 5",1,0,791505,459,15,"__amd_rocclr_fillBufferUnAligned",459,73975117530695,73975117533335,0,0,8,0,128,256,1,1,8192,1,1
"KERNEL_DISPATCH","Agent 5",1,0,791505,460,15,"__amd_rocclr_fillBufferUnAligned",460,73975117536776,73975117538176,0,0,8,0,128,256,1,1,7680,1,1
"KERNEL_DISPATCH","Agent 5",1,0,791505,461,15,"__amd_rocclr_fillBufferUnAligned",461,73975117541416,73975117542976,0,0,8,0,128,256,1,1,8192,1,1
"KERNEL_DISPATCH","Agent 5",1,0,791505,462,15,"__amd_rocclr_fillBufferUnAligned",462,73975117546216,73975117547736,0,0,8,0,128,256,1,1,1536,1,1
"KERNEL_DISPATCH","Agent 5",1,0,791505,463,15,"__amd_rocclr_fillBufferUnAligned",463,73975117626146,73975117628346,0,0,8,0,128,256,1,1,8192,1,1
"KERNEL_DISPATCH","Agent 5",1,0,791505,464,15,"__amd_rocclr_fillBufferUnAligned",464,73975117632026,73975117633986,0,0,8,0,128,256,1,1,7680,1,1
"KERNEL_DISPATCH","Agent 5",1,0,791505,465,19,"embedding_q8_batched",465,73987333346596,73987333538838,0,0,8,0,128,256,1,1,2097152,1,1
"KERNEL_DISPATCH","Agent 5",1,0,791505,466,12,"__amd_rocclr_copyBuffer",466,73987334073102,73987334076943,0,0,16,0,128,512,1,1,512,1,1
"KERNEL_DISPATCH","Agent 5",1,0,791505,467,12,"__amd_rocclr_copyBuffer",467,73987334112113,73987334114633,0,0,16,0,128,512,1,1,512,1,1
"KERNEL_DISPATCH","Agent 5",1,0,791505,468,20,"fused_rmsnorm_mq_rotate_awq_i4_gfx12",468,73987334483806,73987334968451,0,0,96,0,128,256,1,1,2097152,1,1
"KERNEL_DISPATCH","Agent 5",1,0,791505,469,21,"gemm_mq4g256v2_residual_mmq_iu4_full_set_symfold",469,73987335008242,73987338817838,0,0,184,0,128,256,1,1,20480,64,1
"KERNEL_DISPATCH","Agent 5",1,0,791505,470,21,"gemm_mq4g256v2_residual_mmq_iu4_full_set_symfold",470,73987338831279,73987340881979,0,0,184,0,128,256,1,1,12288,64,1
"KERNEL_DISPATCH","Agent 5",1,0,791505,471,21,"gemm_mq4g256v2_residual_mmq_iu4_full_set_symfold",471,73987340894459,73987340949619,0,0,184,0,128,256,1,1,256,64,1
"KERNEL_DISPATCH","Agent 5",1,0,791505,472,21,"gemm_mq4g256v2_residual_mmq_iu4_full_set_symfold",472,73987340952939,73987341005180,0,0,184,0,128,256,1,1,256,64,1
"KERNEL_DISPATCH","Agent 5",1,0,791505,486,27,"gated_delta_net_q8_fast",486,73987349220659,73987349700544,2048,0,64,0,128,32,1,1,1536,32,1
"KERNEL_DISPATCH","Agent 5",1,0,791505,481,27,"gated_delta_net_q8_fast",481,73987346832156,73987347304961,2048,0,64,0,128,32,1,1,1536,32,1
"KERNEL_DISPATCH","Agent 5",1,0,791505,476,27,"gated_delta_net_q8_fast",476,73987344454533,73987344924258,2048,0,64,0,128,32,1,1,1536,32,1
"KERNEL_DISPATCH","Agent 5",1,0,791505,477,27,"gated_delta_net_q8_fast",477,73987344927658,73987345398982,2048,0,64,0,128,32,1,1,1536,32,1
"KERNEL_DISPATCH","Agent 5",1,0,791505,482,27,"gated_delta_net_q8_fast",482,73987347308281,73987347780245,2048,0,64,0,128,32,1,1,1536,32,1
"KERNEL_DISPATCH","Agent 5",1,0,791505,473,25,"gdn_pre_batched_gfx1201",473,73987341008820,73987343488404,33280,0,224,0,128,256,1,1,2686976,1,1
"KERNEL_DISPATCH","Agent 5",1,0,791505,478,27,"gated_delta_net_q8_fast",478,73987345402182,73987345874427,2048,0,64,0,128,32,1,1,1536,32,1
"KERNEL_DISPATCH","Agent 5",1,0,791505,483,27,"gated_delta_net_q8_fast",483,73987347783645,73987348257610,2048,0,64,0,128,32,1,1,1536,32,1
"KERNEL_DISPATCH","Agent 5",1,0,791505,474,27,"gated_delta_net_q8_fast",474,73987343500764,73987343978809,2048,0,64,0,128,32,1,1,1536,32,1
"KERNEL_DISPATCH","Agent 5",1,0,791505,479,27,"gated_delta_net_q8_fast",479,73987345877787,73987346351392,2048,0,64,0,128,32,1,1,1536,32,1
"KERNEL_DISPATCH","Agent 5",1,0,791505,484,27,"gated_delta_net_q8_fast",484,73987348260890,73987348733775,2048,0,64,0,128,32,1,1,1536,32,1
"KERNEL_DISPATCH","Agent 5",1,0,791505,475,27,"gated_delta_net_q8_fast",475,73987343982169,73987344451173,2048,0,64,0,128,32,1,1,1536,32,1
"KERNEL_DISPATCH","Agent 5",1,0,791505,480,27,"gated_delta_net_q8_fast",480,73987346354752,73987346828916,2048,0,64,0,128,32,1,1,1536,32,1
"KERNEL_DISPATCH","Agent 5",1,0,791505,485,27,"gated_delta_net_q8_fast",485,73987348737015,73987349217379,2048,0,64,0,128,32,1,1,1536,32,1
"KERNEL_DISPATCH","Agent 5",1,0,791505,487,27,"gated_delta_net_q8_fast",487,73987349703904,73987350188109,2048,0,64,0,128,32,1,1,1536,32,1
"KERNEL_DISPATCH","Agent 5",1,0,791505,488,27,"gated_delta_net_q8_fast",488,73987350191429,73987350675553,2048,0,64,0,128,32,1,1,1536,32,1
"KERNEL_DISPATCH","Agent 5",1,0,791505,489,27,"gated_delta_net_q8_fast",489,73987350678913,73987351164598,2048,0,64,0,128,32,1,1,1536,32,1
"KERNEL_DISPATCH","Agent 5",1,0,791505,490,28,"gated_norm_mq_rotate_awq_i4_gfx12",490,73987352347780,73987353206548,1024,0,40,0,128,64,1,1,1536,8192,1
"KERNEL_DISPATCH","Agent 5",1,0,791505,491,22,"gemm_mq4g256v2_residual_mmq_iu4_full_add_symfold",491,73987353220188,73987355216687,0,0,184,0,128,256,1,1,10240,64,1
"KERNEL_DISPATCH","Agent 5",1,0,791505,492,20,"fused_rmsnorm_mq_rotate_awq_i4_gfx12",492,73987355229288,73987355653892,0,0,96,0,128,256,1,1,2097152,1,1
"KERNEL_DISPATCH","Agent 5",1,0,791505,493,21,"gemm_mq4g256v2_residual_mmq_iu4_full_set_symfold",493,73987355657372,73987361266426,0,0,184,0,128,256,1,1,34816,64,1
"KERNEL_DISPATCH","Agent 5",1,0,791505,494,21,"gemm_mq4g256v2_residual_mmq_iu4_full_set_symfold",494,73987361278706,73987366917441,0,0,184,0,128,256,1,1,34816,64,1
"KERNEL_DISPATCH","Agent 5",1,0,791505,495,29,"fused_silu_mul_mq_rotate_awq_i4_gfx12",495,73987368669168,73987370820189,0,0,56,0,128,32,1,1,2176,8192,1
"KERNEL_DISPATCH","Agent 5",1,0,791505,496,22,"gemm_mq4g256v2_residual_mmq_iu4_full_add_symfold",496,73987370825189,73987376347842,0,0,184,0,128,256,1,1,10240,64,1
"KERNEL_DISPATCH","Agent 5",1,0,791505,497,20,"fused_rmsnorm_mq_rotate_awq_i4_gfx12",497,73987376353002,73987376790927,0,0,96,0,128,256,1,1,2097152,1,1
"KERNEL_DISPATCH","Agent 5",1,0,791505,499,21,"gemm_mq4g256v2_residual_mmq_iu4_full_set_symfold",499,73987380142519,73987382172019,0,0,184,0,128,256,1,1,12288,64,1
"KERNEL_DISPATCH","Agent 5",1,0,791505,563,36,"kv_cache_write_q8_0_batched",563,73987462214279,73987462328640,0,0,8,0,128,32,1,1,1024,8192,1
"KERNEL_DISPATCH","Agent 5",1,0,791505,1731,21,"gemm_mq4g256v2_residual_mmq_iu4_full_set_symfold",1731,73989646981345,73989647038625,0,0,184,0,128,256,1,1,256,64,1
"KERNEL_DISPATCH","Agent 5",1,0,791505,1857,20,"fused_rmsnorm_mq_rotate_awq_i4_gfx12",1857,73989854389472,73989854820276,0,0,96,0,128,256,1,1,2097152,1,1
"KERNEL_DISPATCH","Agent 5",1,0,791505,2149,32,"rmsnorm_f32",2149,73990412831089,73990412844649,0,0,16,0,128,256,1,1,256,1,1
"KERNEL_DISPATCH","Agent 5",1,0,791505,2341,12,"__amd_rocclr_copyBuffer",2341,73990415157871,73990415164271,0,0,16,0,128,512,1,1,16384,1,1
"KERNEL_DISPATCH","Agent 5",1,0,791505,2336,12,"__amd_rocclr_copyBuffer",2336,73990415108110,73990415114990,0,0,16,0,128,512,1,1,16384,1,1
"KERNEL_DISPATCH","Agent 5",1,0,791505,2331,12,"__amd_rocclr_copyBuffer",2331,73990415059470,73990415065310,0,0,16,0,128,512,1,1,16384,1,1
"KERNEL_DISPATCH","Agent 5",1,0,791505,2326,12,"__amd_rocclr_copyBuffer",2326,73990415010109,73990415016509,0,0,16,0,128,512,1,1,16384,1,1
"KERNEL_DISPATCH","Agent 5",1,0,791505,2321,12,"__amd_rocclr_copyBuffer",2321,73990414961269,73990414967549,0,0,16,0,128,512,1,1,16384,1,1
"KERNEL_DISPATCH","Agent 5",1,0,791505,2316,12,"__amd_rocclr_copyBuffer",2316,73990414912788,73990414919029,0,0,16,0,128,512,1,1,16384,1,1
"KERNEL_DISPATCH","Agent 5",1,0,791505,2311,12,"__amd_rocclr_copyBuffer",2311,73990414867228,73990414873388,0,0,16,0,128,512,1,1,16384,1,1
"KERNEL_DISPATCH","Agent 5",1,0,791505,2342,12,"__amd_rocclr_copyBuffer",2342,73990415167591,73990415174711,0,0,16,0,128,512,1,1,16384,1,1
"KERNEL_DISPATCH","Agent 5",1,0,791505,2306,12,"__amd_rocclr_copyBuffer",2306,73990414820868,73990414827028,0,0,16,0,128,512,1,1,16384,1,1
"KERNEL_DISPATCH","Agent 5",1,0,791505,2301,12,"__amd_rocclr_copyBuffer",2301,73990414775787,73990414781427,0,0,16,0,128,512,1,1,16384,1,1
"KERNEL_DISPATCH","Agent 5",1,0,791505,2296,12,"__amd_rocclr_copyBuffer",2296,73990414728587,73990414735547,0,0,16,0,128,512,1,1,16384,1,1
"KERNEL_DISPATCH","Agent 5",1,0,791505,2291,12,"__amd_rocclr_copyBuffer",2291,73990414703946,73990414705466,0,0,16,0,128,512,1,1,7680,1,1
"KERNEL_DISPATCH","Agent 5",1,0,791505,2286,12,"__amd_rocclr_copyBuffer",2286,73990414679866,73990414681546,0,0,16,0,128,512,1,1,7680,1,1
"KERNEL_DISPATCH","Agent 5",1,0,791505,2281,12,"__amd_rocclr_copyBuffer",2281,73990414655506,73990414657266,0,0,16,0,128,512,1,1,7680,1,1
"KERNEL_DISPATCH","Agent 5",1,0,791505,2343,12,"__amd_rocclr_copyBuffer",2343,73990415178071,73990415185311,0,0,16,0,128,512,1,1,16384,1,1
"KERNEL_DISPATCH","Agent 5",1,0,791505,2276,12,"__amd_rocclr_copyBuffer",2276,73990414630666,73990414632186,0,0,16,0,128,512,1,1,7680,1,1
"KERNEL_DISPATCH","Agent 5",1,0,791505,2271,12,"__amd_rocclr_copyBuffer",2271,73990414605786,73990414607666,0,0,16,0,128,512,1,1,7680,1,1
"KERNEL_DISPATCH","Agent 5",1,0,791505,2266,12,"__amd_rocclr_copyBuffer",2266,73990414580905,73990414582545,0,0,16,0,128,512,1,1,7680,1,1
"KERNEL_DISPATCH","Agent 5",1,0,791505,2261,12,"__amd_rocclr_copyBuffer",2261,73990414556585,73990414558185,0,0,16,0,128,512,1,1,7680,1,1
"KERNEL_DISPATCH","Agent 5",1,0,791505,2256,12,"__amd_rocclr_copyBuffer",2256,73990414531825,73990414533665,0,0,16,0,128,512,1,1,7680,1,1
"KERNEL_DISPATCH","Agent 5",1,0,791505,2338,12,"__amd_rocclr_copyBuffer",2338,73990415127711,73990415134711,0,0,16,0,128,512,1,1,16384,1,1
"KERNEL_DISPATCH","Agent 5",1,0,791505,2251,12,"__amd_rocclr_copyBuffer",2251,73990414507145,73990414508745,0,0,16,0,128,512,1,1,7680,1,1
"KERNEL_DISPATCH","Agent 5",1,0,791505,2246,12,"__amd_rocclr_copyBuffer",2246,73990414482784,73990414484264,0,0,16,0,128,512,1,1,1536,1,1
"KERNEL_DISPATCH","Agent 5",1,0,791505,2333,12,"__amd_rocclr_copyBuffer",2333,73990415078070,73990415085070,0,0,16,0,128,512,1,1,16384,1,1
"KERNEL_DISPATCH","Agent 5",1,0,791505,2344,12,"__amd_rocclr_copyBuffer",2344,73990415188711,73990415195791,0,0,16,0,128,512,1,1,512,1,1
"KERNEL_DISPATCH","Agent 5",1,0,791505,2241,12,"__amd_rocclr_copyBuffer",2241,73990414458704,73990414460384,0,0,16,0,128,512,1,1,1536,1,1
"KERNEL_DISPATCH","Agent 5",1,0,791505,2328,12,"__amd_rocclr_copyBuffer",2328,73990415030190,73990415036870,0,0,16,0,128,512,1,1,16384,1,1
"KERNEL_DISPATCH","Agent 5",1,0,791505,2323,12,"__amd_rocclr_copyBuffer",2323,73990414980509,73990414987389,0,0,16,0,128,512,1,1,16384,1,1
"KERNEL_DISPATCH","Agent 5",1,0,791505,2339,12,"__amd_rocclr_copyBuffer",2339,73990415137951,73990415144151,0,0,16,0,128,512,1,1,16384,1,1
"KERNEL_DISPATCH","Agent 5",1,0,791505,2318,12,"__amd_rocclr_copyBuffer",2318,73990414931829,73990414937749,0,0,16,0,128,512,1,1,16384,1,1
"KERNEL_DISPATCH","Agent 5",1,0,791505,2313,12,"__amd_rocclr_copyBuffer",2313,73990414885548,73990414891428,0,0,16,0,128,512,1,1,16384,1,1
"KERNEL_DISPATCH","Agent 5",1,0,791505,2334,12,"__amd_rocclr_copyBuffer",2334,73990415088230,73990415094550,0,0,16,0,128,512,1,1,16384,1,1
"KERNEL_DISPATCH","Agent 5",1,0,791505,2236,12,"__amd_rocclr_copyBuffer",2236,73990414434744,73990414436224,0,0,16,0,128,512,1,1,1536,1,1
"KERNEL_DISPATCH","Agent 5",1,0,791505,2329,12,"__amd_rocclr_copyBuffer",2329,73990415040230,73990415046350,0,0,16,0,128,512,1,1,16384,1,1
"KERNEL_DISPATCH","Agent 5",1,0,791505,2231,12,"__amd_rocclr_copyBuffer",2231,73990414410984,73990414412504,0,0,16,0,128,512,1,1,1536,1,1
"KERNEL_DISPATCH","Agent 5",1,0,791505,2324,12,"__amd_rocclr_copyBuffer",2324,73990414990549,73990414997469,0,0,16,0,128,512,1,1,16384,1,1
"KERNEL_DISPATCH","Agent 5",1,0,791505,2226,12,"__amd_rocclr_copyBuffer",2226,73990414387183,73990414388703,0,0,16,0,128,512,1,1,1536,1,1
"KERNEL_DISPATCH","Agent 5",1,0,791505,2319,12,"__amd_rocclr_copyBuffer",2319,73990414941109,73990414947869,0,0,16,0,128,512,1,1,16384,1,1
"KERNEL_DISPATCH","Agent 5",1,0,791505,2314,12,"__amd_rocclr_copyBuffer",2314,73990414894628,73990414900628,0,0,16,0,128,512,1,1,16384,1,1
"KERNEL_DISPATCH","Agent 5",1,0,791505,2221,12,"__amd_rocclr_copyBuffer",2221,73990414363463,73990414364903,0,0,16,0,128,512,1,1,1536,1,1
"KERNEL_DISPATCH","Agent 5",1,0,791505,2309,12,"__amd_rocclr_copyBuffer",2309,73990414848348,73990414854068,0,0,16,0,128,512,1,1,16384,1,1
"KERNEL_DISPATCH","Agent 5",1,0,791505,2216,12,"__amd_rocclr_copyBuffer",2216,73990414339583,73990414341303,0,0,16,0,128,512,1,1,1536,1,1
"KERNEL_DISPATCH","Agent 5",1,0,791505,2304,12,"__amd_rocclr_copyBuffer",2304,73990414803067,73990414808907,0,0,16,0,128,512,1,1,16384,1,1
"KERNEL_DISPATCH","Agent 5",1,0,791505,2211,12,"__amd_rocclr_copyBuffer",2211,73990414315663,73990414317223,0,0,16,0,128,512,1,1,1536,1,1
"KERNEL_DISPATCH","Agent 5",1,0,791505,2299,12,"__amd_rocclr_copyBuffer",2299,73990414756827,73990414763307,0,0,16,0,128,512,1,1,16384,1,1
"KERNEL_DISPATCH","Agent 5",1,0,791505,2206,12,"__amd_rocclr_copyBuffer",2206,73990414291582,73990414293102,0,0,16,0,128,512,1,1,1536,1,1
"KERNEL_DISPATCH","Agent 5",1,0,791505,2294,12,"__amd_rocclr_copyBuffer",2294,73990414718627,73990414720347,0,0,16,0,128,512,1,1,7680,1,1
"KERNEL_DISPATCH","Agent 5",1,0,791505,2289,12,"__amd_rocclr_copyBuffer",2289,73990414694346,73990414695906,0,0,16,0,128,512,1,1,7680,1,1
"KERNEL_DISPATCH","Agent 5",1,0,791505,2201,12,"__amd_rocclr_copyBuffer",2201,73990414267902,73990414269582,0,0,16,0,128,512,1,1,1536,1,1
"KERNEL_DISPATCH","Agent 5",1,0,791505,2196,12,"__amd_rocclr_copyBuffer",2196,73990414236342,73990414239622,0,0,16,0,128,512,1,1,16384,1,1
"KERNEL_DISPATCH","Agent 5",1,0,791505,2284,12,"__amd_rocclr_copyBuffer",2284,73990414670106,73990414671666,0,0,16,0,128,512,1,1,7680,1,1
"KERNEL_DISPATCH","Agent 5",1,0,791505,2191,12,"__amd_rocclr_copyBuffer",2191,73990414202022,73990414205702,0,0,16,0,128,512,1,1,16384,1,1
"KERNEL_DISPATCH","Agent 5",1,0,791505,2279,12,"__amd_rocclr_copyBuffer",2279,73990414645346,73990414647226,0,0,16,0,128,512,1,1,7680,1,1
"KERNEL_DISPATCH","Agent 5",1,0,791505,2186,12,"__amd_rocclr_copyBuffer",2186,73990414167901,73990414171381,0,0,16,0,128,512,1,1,16384,1,1
"KERNEL_DISPATCH","Agent 5",1,0,791505,2274,12,"__amd_rocclr_copyBuffer",2274,73990414620706,73990414622506,0,0,16,0,128,512,1,1,7680,1,1
"KERNEL_DISPATCH","Agent 5",1,0,791505,2269,12,"__amd_rocclr_copyBuffer",2269,73990414595785,73990414597345,0,0,16,0,128,512,1,1,7680,1,1
"KERNEL_DISPATCH","Agent 5",1,0,791505,2264,12,"__amd_rocclr_copyBuffer",2264,73990414571145,73990414572705,0,0,16,0,128,512,1,1,7680,1,1
"KERNEL_DISPATCH","Agent 5",1,0,791505,2259,12,"__amd_rocclr_copyBuffer",2259,73990414546865,73990414548505,0,0,16,0,128,512,1,1,7680,1,1
"KERNEL_DISPATCH","Agent 5",1,0,791505,2254,12,"__amd_rocclr_copyBuffer",2254,73990414522105,73990414523705,0,0,16,0,128,512,1,1,7680,1,1
"KERNEL_DISPATCH","Agent 5",1,0,791505,2337,12,"__amd_rocclr_copyBuffer",2337,73990415118270,73990415124431,0,0,16,0,128,512,1,1,16384,1,1
"KERNEL_DISPATCH","Agent 5",1,0,791505,2249,12,"__amd_rocclr_copyBuffer",2249,73990414497224,73990414498784,0,0,16,0,128,512,1,1,7680,1,1
"KERNEL_DISPATCH","Agent 5",1,0,791505,2332,12,"__amd_rocclr_copyBuffer",2332,73990415068550,73990415074870,0,0,16,0,128,512,1,1,16384,1,1
"KERNEL_DISPATCH","Agent 5",1,0,791505,2244,12,"__amd_rocclr_copyBuffer",2244,73990414473264,73990414474864,0,0,16,0,128,512,1,1,1536,1,1
"KERNEL_DISPATCH","Agent 5",1,0,791505,2327,12,"__amd_rocclr_copyBuffer",2327,73990415019870,73990415026870,0,0,16,0,128,512,1,1,16384,1,1
"KERNEL_DISPATCH","Agent 5",1,0,791505,2239,12,"__amd_rocclr_copyBuffer",2239,73990414448824,73990414450304,0,0,16,0,128,512,1,1,1536,1,1
"KERNEL_DISPATCH","Agent 5",1,0,791505,2322,12,"__amd_rocclr_copyBuffer",2322,73990414970909,73990414977269,0,0,16,0,128,512,1,1,16384,1,1
"KERNEL_DISPATCH","Agent 5",1,0,791505,2234,12,"__amd_rocclr_copyBuffer",2234,73990414425184,73990414426744,0,0,16,0,128,512,1,1,1536,1,1
"KERNEL_DISPATCH","Agent 5",1,0,791505,2308,12,"__amd_rocclr_copyBuffer",2308,73990414839388,73990414845148,0,0,16,0,128,512,1,1,16384,1,1
"KERNEL_DISPATCH","Agent 5",1,0,791505,2317,12,"__amd_rocclr_copyBuffer",2317,73990414922269,73990414928469,0,0,16,0,128,512,1,1,16384,1,1
"KERNEL_DISPATCH","Agent 5",1,0,791505,2303,12,"__amd_rocclr_copyBuffer",2303,73990414793827,73990414799827,0,0,16,0,128,512,1,1,16384,1,1
"KERNEL_DISPATCH","Agent 5",1,0,791505,2312,12,"__amd_rocclr_copyBuffer",2312,73990414876668,73990414882348,0,0,16,0,128,512,1,1,16384,1,1
"KERNEL_DISPATCH","Agent 5",1,0,791505,2307,12,"__amd_rocclr_copyBuffer",2307,73990414830268,73990414836148,0,0,16,0,128,512,1,1,16384,1,1
"KERNEL_DISPATCH","Agent 5",1,0,791505,2302,12,"__amd_rocclr_copyBuffer",2302,73990414784627,73990414790547,0,0,16,0,128,512,1,1,16384,1,1
"KERNEL_DISPATCH","Agent 5",1,0,791505,2297,12,"__amd_rocclr_copyBuffer",2297,73990414738827,73990414744387,0,0,16,0,128,512,1,1,16384,1,1
"KERNEL_DISPATCH","Agent 5",1,0,791505,2292,12,"__amd_rocclr_copyBuffer",2292,73990414708707,73990414710427,0,0,16,0,128,512,1,1,7680,1,1
"KERNEL_DISPATCH","Agent 5",1,0,791505,2287,12,"__amd_rocclr_copyBuffer",2287,73990414684746,73990414686306,0,0,16,0,128,512,1,1,7680,1,1
"KERNEL_DISPATCH","Agent 5",1,0,791505,2282,12,"__amd_rocclr_copyBuffer",2282,73990414660506,73990414662146,0,0,16,0,128,512,1,1,7680,1,1
"KERNEL_DISPATCH","Agent 5",1,0,791505,2277,12,"__amd_rocclr_copyBuffer",2277,73990414635426,73990414637026,0,0,16,0,128,512,1,1,7680,1,1
"KERNEL_DISPATCH","Agent 5",1,0,791505,2272,12,"__amd_rocclr_copyBuffer",2272,73990414610946,73990414612586,0,0,16,0,128,512,1,1,7680,1,1
"KERNEL_DISPATCH","Agent 5",1,0,791505,2267,12,"__amd_rocclr_copyBuffer",2267,73990414585825,73990414587425,0,0,16,0,128,512,1,1,7680,1,1
"KERNEL_DISPATCH","Agent 5",1,0,791505,2262,12,"__amd_rocclr_copyBuffer",2262,73990414561425,73990414563025,0,0,16,0,128,512,1,1,7680,1,1
"KERNEL_DISPATCH","Agent 5",1,0,791505,2257,12,"__amd_rocclr_copyBuffer",2257,73990414536945,73990414538865,0,0,16,0,128,512,1,1,7680,1,1
"KERNEL_DISPATCH","Agent 5",1,0,791505,2252,12,"__amd_rocclr_copyBuffer",2252,73990414511945,73990414513985,0,0,16,0,128,512,1,1,7680,1,1
"KERNEL_DISPATCH","Agent 5",1,0,791505,2247,12,"__amd_rocclr_copyBuffer",2247,73990414487544,73990414489104,0,0,16,0,128,512,1,1,1536,1,1
"KERNEL_DISPATCH","Agent 5",1,0,791505,2181,12,"__amd_rocclr_copyBuffer",2181,73990414134541,73990414138141,0,0,16,0,128,512,1,1,16384,1,1
"KERNEL_DISPATCH","Agent 5",1,0,791505,2242,12,"__amd_rocclr_copyBuffer",2242,73990414463584,73990414465104,0,0,16,0,128,512,1,1,1536,1,1
"KERNEL_DISPATCH","Agent 5",1,0,791505,2237,12,"__amd_rocclr_copyBuffer",2237,73990414439384,73990414440904,0,0,16,0,128,512,1,1,1536,1,1
"KERNEL_DISPATCH","Agent 5",1,0,791505,2232,12,"__amd_rocclr_copyBuffer",2232,73990414415704,73990414417144,0,0,16,0,128,512,1,1,1536,1,1
"KERNEL_DISPATCH","Agent 5",1,0,791505,2227,12,"__amd_rocclr_copyBuffer",2227,73990414392023,73990414393583,0,0,16,0,128,512,1,1,1536,1,1
"KERNEL_DISPATCH","Agent 5",1,0,791505,2222,12,"__amd_rocclr_copyBuffer",2222,73990414368143,73990414369623,0,0,16,0,128,512,1,1,1536,1,1
"KERNEL_DISPATCH","Agent 5",1,0,791505,2217,12,"__amd_rocclr_copyBuffer",2217,73990414344503,73990414346023,0,0,16,0,128,512,1,1,1536,1,1
"KERNEL_DISPATCH","Agent 5",1,0,791505,2212,12,"__amd_rocclr_copyBuffer",2212,73990414320463,73990414321983,0,0,16,0,128,512,1,1,1536,1,1
"KERNEL_DISPATCH","Agent 5",1,0,791505,2207,12,"__amd_rocclr_copyBuffer",2207,73990414296383,73990414297903,0,0,16,0,128,512,1,1,1536,1,1
"KERNEL_DISPATCH","Agent 5",1,0,791505,2202,12,"__amd_rocclr_copyBuffer",2202,73990414272862,73990414274342,0,0,16,0,128,512,1,1,1536,1,1
"KERNEL_DISPATCH","Agent 5",1,0,791505,2197,12,"__amd_rocclr_copyBuffer",2197,73990414242862,73990414246462,0,0,16,0,128,512,1,1,16384,1,1
"KERNEL_DISPATCH","Agent 5",1,0,791505,2192,12,"__amd_rocclr_copyBuffer",2192,73990414208982,73990414212742,0,0,16,0,128,512,1,1,16384,1,1
"KERNEL_DISPATCH","Agent 5",1,0,791505,2187,12,"__amd_rocclr_copyBuffer",2187,73990414174621,73990414178301,0,0,16,0,128,512,1,1,16384,1,1
"KERNEL_DISPATCH","Agent 5",1,0,791505,2182,12,"__amd_rocclr_copyBuffer",2182,73990414141341,73990414144981,0,0,16,0,128,512,1,1,16384,1,1
"KERNEL_DISPATCH","Agent 5",1,0,791505,2177,12,"__amd_rocclr_copyBuffer",2177,73990414107821,73990414111381,0,0,16,0,128,512,1,1,16384,1,1
"KERNEL_DISPATCH","Agent 5",1,0,791505,2172,12,"__amd_rocclr_copyBuffer",2172,73990414074260,73990414077700,0,0,16,0,128,512,1,1,16384,1,1
"KERNEL_DISPATCH","Agent 5",1,0,791505,2167,12,"__amd_rocclr_copyBuffer",2167,73990414039940,73990414043420,0,0,16,0,128,512,1,1,16384,1,1
"KERNEL_DISPATCH","Agent 5",1,0,791505,2346,12,"__amd_rocclr_copyBuffer",2346,73990415309472,73990415314192,0,0,16,0,128,512,1,1,512,1,1
"KERNEL_DISPATCH","Agent 5",1,0,791505,2162,12,"__amd_rocclr_copyBuffer",2162,73990414006060,73990414009740,0,0,16,0,128,512,1,1,16384,1,1
"KERNEL_DISPATCH","Agent 5",1,0,791505,2176,12,"__amd_rocclr_copyBuffer",2176,73990414100941,73990414104621,0,0,16,0,128,512,1,1,16384,1,1
"KERNEL_DISPATCH","Agent 5",1,0,791505,2157,12,"__amd_rocclr_copyBuffer",2157,73990413974139,73990413977019,0,0,16,0,128,512,1,1,16384,1,1
"KERNEL_DISPATCH","Agent 5",1,0,791505,2171,12,"__amd_rocclr_copyBuffer",2171,73990414067540,73990414070980,0,0,16,0,128,512,1,1,16384,1,1
"KERNEL_DISPATCH","Agent 5",1,0,791505,2152,12,"__amd_rocclr_copyBuffer",2152,73990413943379,73990413946499,0,0,16,0,128,512,1,1,16384,1,1
"KERNEL_DISPATCH","Agent 5",1,0,791505,2166,12,"__amd_rocclr_copyBuffer",2166,73990414033300,73990414036700,0,0,16,0,128,512,1,1,16384,1,1
"KERNEL_DISPATCH","Agent 5",1,0,791505,2161,12,"__amd_rocclr_copyBuffer",2161,73990413999580,73990414002820,0,0,16,0,128,512,1,1,16384,1,1
"KERNEL_DISPATCH","Agent 5",1,0,791505,2147,22,"gemm_mq4g256v2_residual_mmq_iu4_full_add_symfold",2147,73990407132074,73990412813169,0,0,184,0,128,256,1,1,10240,64,1
"KERNEL_DISPATCH","Agent 5",1,0,791505,2156,12,"__amd_rocclr_copyBuffer",2156,73990413968139,73990413970859,0,0,16,0,128,512,1,1,16384,1,1
"KERNEL_DISPATCH","Agent 5",1,0,791505,2142,22,"gemm_mq4g256v2_residual_mmq_iu4_full_add_symfold",2142,73990390076109,73990392587813,0,0,184,0,128,256,1,1,10240,64,1
"KERNEL_DISPATCH","Agent 5",1,0,791505,2137,36,"kv_cache_write_q8_0_batched",2137,73990351379333,73990351501174,0,0,8,0,128,32,1,1,1024,8192,1
"KERNEL_DISPATCH","Agent 5",1,0,791505,2151,47,"gemv_mq4g256v2_multirow_r2",2151,73990412854289,73990413939619,0,0,96,0,128,32,1,1,3973120,1,1
"KERNEL_DISPATCH","Agent 5",1,0,791505,2146,29,"fused_silu_mul_mq_rotate_awq_i4_gfx12",2146,73990405013893,73990407119994,0,0,56,0,128,32,1,1,2176,8192,1
"KERNEL_DISPATCH","Agent 5",1,0,791505,2141,41,"sigmoid_mul_rotate_x_mq_awq_i4_gfx12",2141,73990389324901,73990390072389,0,0,88,0,128,32,1,1,6291456,1,1
"KERNEL_DISPATCH","Agent 5",1,0,791505,2136,33,"rope_partial_halfsplit_batched_f32",2136,73990350974089,73990351375253,0,0,16,0,128,32,1,1,32,8192,1
"KERNEL_DISPATCH","Agent 5",1,0,791505,2229,12,"__amd_rocclr_copyBuffer",2229,73990414401464,73990414402904,0,0,16,0,128,512,1,1,1536,1,1
"KERNEL_DISPATCH","Agent 5",1,0,791505,2298,12,"__amd_rocclr_copyBuffer",2298,73990414747667,73990414753587,0,0,16,0,128,512,1,1,16384,1,1
"KERNEL_DISPATCH","Agent 5",1,0,791505,2224,12,"__amd_rocclr_copyBuffer",2224,73990414377503,73990414379103,0,0,16,0,128,512,1,1,1536,1,1
"KERNEL_DISPATCH","Agent 5",1,0,791505,2131,21,"gemm_mq4g256v2_residual_mmq_iu4_full_set_symfold",2131,73990344429106,73990348587706,0,0,184,0,128,256,1,1,24576,64,1
"KERNEL_DISPATCH","Agent 5",1,0,791505,2219,12,"__amd_rocclr_copyBuffer",2219,73990414353903,73990414355503,0,0,16,0,128,512,1,1,1536,1,1
"KERNEL_DISPATCH","Agent 5",1,0,791505,2293,12,"__amd_rocclr_copyBuffer",2293,73990414713667,73990414715387,0,0,16,0,128,512,1,1,7680,1,1
"KERNEL_DISPATCH","Agent 5",1,0,791505,2126,21,"gemm_mq4g256v2_residual_mmq_iu4_full_set_symfold",2126,73990324121149,73990329983566,0,0,184,0,128,256,1,1,34816,64,1
"KERNEL_DISPATCH","Agent 5",1,0,791505,2214,12,"__amd_rocclr_copyBuffer",2214,73990414329943,73990414331423,0,0,16,0,128,512,1,1,1536,1,1
"KERNEL_DISPATCH","Agent 5",1,0,791505,2288,12,"__amd_rocclr_copyBuffer",2288,73990414689506,73990414691106,0,0,16,0,128,512,1,1,7680,1,1
"KERNEL_DISPATCH","Agent 5",1,0,791505,2283,12,"__amd_rocclr_copyBuffer",2283,73990414665346,73990414666906,0,0,16,0,128,512,1,1,7680,1,1
"KERNEL_DISPATCH","Agent 5",1,0,791505,2121,27,"gated_delta_net_q8_fast",2121,73990319489504,73990320061429,2048,0,64,0,128,32,1,1,1536,32,1
"KERNEL_DISPATCH","Agent 5",1,0,791505,2278,12,"__amd_rocclr_copyBuffer",2278,73990414640226,73990414642066,0,0,16,0,128,512,1,1,7680,1,1
"KERNEL_DISPATCH","Agent 5",1,0,791505,2116,27,"gated_delta_net_q8_fast",2116,73990316592996,73990317176281,2048,0,64,0,128,32,1,1,1536,32,1
"KERNEL_DISPATCH","Agent 5",1,0,791505,2209,12,"__amd_rocclr_copyBuffer",2209,73990414305983,73990414307423,0,0,16,0,128,512,1,1,1536,1,1
"KERNEL_DISPATCH","Agent 5",1,0,791505,2111,27,"gated_delta_net_q8_fast",2111,73990313622367,73990314215533,2048,0,64,0,128,32,1,1,1536,32,1
"KERNEL_DISPATCH","Agent 5",1,0,791505,2273,12,"__amd_rocclr_copyBuffer",2273,73990414615946,73990414617466,0,0,16,0,128,512,1,1,7680,1,1
"KERNEL_DISPATCH","Agent 5",1,0,791505,2268,12,"__amd_rocclr_copyBuffer",2268,73990414590705,73990414592585,0,0,16,0,128,512,1,1,7680,1,1
"KERNEL_DISPATCH","Agent 5",1,0,791505,2204,12,"__amd_rocclr_copyBuffer",2204,73990414282302,73990414283782,0,0,16,0,128,512,1,1,1536,1,1
"KERNEL_DISPATCH","Agent 5",1,0,791505,2106,25,"gdn_pre_batched_gfx1201",2106,73990308416436,73990311187383,33280,0,224,0,128,256,1,1,2686976,1,1
"KERNEL_DISPATCH","Agent 5",1,0,791505,2263,12,"__amd_rocclr_copyBuffer",2263,73990414566225,73990414567865,0,0,16,0,128,512,1,1,7680,1,1
"KERNEL_DISPATCH","Agent 5",1,0,791505,2101,20,"fused_rmsnorm_mq_rotate_awq_i4_gfx12",2101,73990302167936,73990302641780,0,0,96,0,128,256,1,1,2097152,1,1
"KERNEL_DISPATCH","Agent 5",1,0,791505,2199,12,"__amd_rocclr_copyBuffer",2199,73990414256462,73990414259942,0,0,16,0,128,512,1,1,16384,1,1
"KERNEL_DISPATCH","Agent 5",1,0,791505,2096,20,"fused_rmsnorm_mq_rotate_awq_i4_gfx12",2096,73990281893299,73990282336943,0,0,96,0,128,256,1,1,2097152,1,1
"KERNEL_DISPATCH","Agent 5",1,0,791505,2258,12,"__amd_rocclr_copyBuffer",2258,73990414542105,73990414543665,0,0,16,0,128,512,1,1,7680,1,1
"KERNEL_DISPATCH","Agent 5",1,0,791505,2194,12,"__amd_rocclr_copyBuffer",2194,73990414223022,73990414226462,0,0,16,0,128,512,1,1,16384,1,1
"KERNEL_DISPATCH","Agent 5",1,0,791505,2189,12,"__amd_rocclr_copyBuffer",2189,73990414188221,73990414192101,0,0,16,0,128,512,1,1,16384,1,1
"KERNEL_DISPATCH","Agent 5",1,0,791505,2253,12,"__amd_rocclr_copyBuffer",2253,73990414517225,73990414518865,0,0,16,0,128,512,1,1,7680,1,1
"KERNEL_DISPATCH","Agent 5",1,0,791505,2248,12,"__amd_rocclr_copyBuffer",2248,73990414492344,73990414493984,0,0,16,0,128,512,1,1,7680,1,1
"KERNEL_DISPATCH","Agent 5",1,0,791505,2243,12,"__amd_rocclr_copyBuffer",2243,73990414468384,73990414469984,0,0,16,0,128,512,1,1,1536,1,1
"KERNEL_DISPATCH","Agent 5",1,0,791505,2238,12,"__amd_rocclr_copyBuffer",2238,73990414444064,73990414445544,0,0,16,0,128,512,1,1,1536,1,1
"KERNEL_DISPATCH","Agent 5",1,0,791505,2233,12,"__amd_rocclr_copyBuffer",2233,73990414420424,73990414421904,0,0,16,0,128,512,1,1,1536,1,1
"KERNEL_DISPATCH","Agent 5",1,0,791505,2228,12,"__amd_rocclr_copyBuffer",2228,73990414396783,73990414398223,0,0,16,0,128,512,1,1,1536,1,1
"KERNEL_DISPATCH","Agent 5",1,0,791505,2223,12,"__amd_rocclr_copyBuffer",2223,73990414372823,73990414374263,0,0,16,0,128,512,1,1,1536,1,1
"KERNEL_DISPATCH","Agent 5",1,0,791505,2218,12,"__amd_rocclr_copyBuffer",2218,73990414349223,73990414350743,0,0,16,0,128,512,1,1,1536,1,1
"KERNEL_DISPATCH","Agent 5",1,0,791505,2213,12,"__amd_rocclr_copyBuffer",2213,73990414325183,73990414326743,0,0,16,0,128,512,1,1,1536,1,1
"KERNEL_DISPATCH","Agent 5",1,0,791505,2208,12,"__amd_rocclr_copyBuffer",2208,73990414301143,73990414302743,0,0,16,0,128,512,1,1,1536,1,1
"KERNEL_DISPATCH","Agent 5",1,0,791505,2203,12,"__amd_rocclr_copyBuffer",2203,73990414277582,73990414279062,0,0,16,0,128,512,1,1,1536,1,1
"KERNEL_DISPATCH","Agent 5",1,0,791505,2198,12,"__amd_rocclr_copyBuffer",2198,73990414249702,73990414253222,0,0,16,0,128,512,1,1,16384,1,1
"KERNEL_DISPATCH","Agent 5",1,0,791505,2193,12,"__amd_rocclr_copyBuffer",2193,73990414216022,73990414219742,0,0,16,0,128,512,1,1,16384,1,1
"KERNEL_DISPATCH","Agent 5",1,0,791505,2188,12,"__amd_rocclr_copyBuffer",2188,73990414181541,73990414184981,0,0,16,0,128,512,1,1,16384,1,1
"KERNEL_DISPATCH","Agent 5",1,0,791505,2183,12,"__amd_rocclr_copyBuffer",2183,73990414148261,73990414151621,0,0,16,0,128,512,1,1,16384,1,1
"KERNEL_DISPATCH","Agent 5",1,0,791505,2178,12,"__amd_rocclr_copyBuffer",2178,73990414114581,73990414118061,0,0,16,0,128,512,1,1,16384,1,1
"KERNEL_DISPATCH","Agent 5",1,0,791505,2132,21,"gemm_mq4g256v2_residual_mmq_iu4_full_set_symfold",2132,73990348599946,73990348956350,0,0,184,0,128,256,1,1,2048,64,1
"KERNEL_DISPATCH","Agent 5",1,0,791505,2173,12,"__amd_rocclr_copyBuffer",2173,73990414080900,73990414084380,0,0,16,0,128,512,1,1,16384,1,1
"KERNEL_DISPATCH","Agent 5",1,0,791505,2127,21,"gemm_mq4g256v2_residual_mmq_iu4_full_set_symfold",2127,73990329995766,73990335877743,0,0,184,0,128,256,1,1,34816,64,1
"KERNEL_DISPATCH","Agent 5",1,0,791505,2168,12,"__amd_rocclr_copyBuffer",2168,73990414046620,73990414050300,0,0,16,0,128,512,1,1,16384,1,1
"KERNEL_DISPATCH","Agent 5",1,0,791505,2122,27,"gated_delta_net_q8_fast",2122,73990320064829,73990320628035,2048,0,64,0,128,32,1,1,1536,32,1
"KERNEL_DISPATCH","Agent 5",1,0,791505,2163,12,"__amd_rocclr_copyBuffer",2163,73990414012940,73990414016460,0,0,16,0,128,512,1,1,16384,1,1
"KERNEL_DISPATCH","Agent 5",1,0,791505,2158,12,"__amd_rocclr_copyBuffer",2158,73990413980299,73990413983379,0,0,16,0,128,512,1,1,16384,1,1
"KERNEL_DISPATCH","Agent 5",1,0,791505,2117,27,"gated_delta_net_q8_fast",2117,73990317179601,73990317757687,2048,0,64,0,128,32,1,1,1536,32,1
"KERNEL_DISPATCH","Agent 5",1,0,791505,2112,27,"gated_delta_net_q8_fast",2112,73990314218933,73990314811778,2048,0,64,0,128,32,1,1,1536,32,1
"KERNEL_DISPATCH","Agent 5",1,0,791505,2153,12,"__amd_rocclr_copyBuffer",2153,73990413949979,73990413952859,0,0,16,0,128,512,1,1,16384,1,1
"KERNEL_DISPATCH","Agent 5",1,0,791505,2107,27,"gated_delta_net_q8_fast",2107,73990311199583,73990311810629,2048,0,64,0,128,32,1,1,1536,32,1
"KERNEL_DISPATCH","Agent 5",1,0,791505,2148,12,"__amd_rocclr_copyBuffer",2148,73990412825689,73990412827769,0,0,16,0,128,512,1,1,1536,1,1
"KERNEL_DISPATCH","Agent 5",1,0,791505,2102,21,"gemm_mq4g256v2_residual_mmq_iu4_full_set_symfold",2102,73990302645340,73990306142014,0,0,184,0,128,256,1,1,20480,64,1
"KERNEL_DISPATCH","Agent 5",1,0,791505,2143,20,"fused_rmsnorm_mq_rotate_awq_i4_gfx12",2143,73990392600013,73990392996337,0,0,96,0,128,256,1,1,2097152,1,1
"KERNEL_DISPATCH","Agent 5",1,0,791505,2097,21,"gemm_mq4g256v2_residual_mmq_iu4_full_set_symfold",2097,73990282340463,73990288178040,0,0,184,0,128,256,1,1,34816,64,1
"KERNEL_DISPATCH","Agent 5",1,0,791505,2138,36,"kv_cache_write_q8_0_batched",2138,73990351504974,73990351628696,0,0,8,0,128,32,1,1,1024,8192,1
"KERNEL_DISPATCH","Agent 5",1,0,791505,2092,27,"gated_delta_net_q8_fast",2092,73990277671578,73990278241744,2048,0,64,0,128,32,1,1,1536,32,1
"KERNEL_DISPATCH","Agent 5",1,0,791505,2133,21,"gemm_mq4g256v2_residual_mmq_iu4_full_set_symfold",2133,73990348959990,73990349318793,0,0,184,0,128,256,1,1,2048,64,1
"KERNEL_DISPATCH","Agent 5",1,0,791505,2087,27,"gated_delta_net_q8_fast",2087,73990274783990,73990275363676,2048,0,64,0,128,32,1,1,1536,32,1
"KERNEL_DISPATCH","Agent 5",1,0,791505,2128,29,"fused_silu_mul_mq_rotate_awq_i4_gfx12",2128,73990335889903,73990338004003,0,0,56,0,128,32,1,1,2176,8192,1
"KERNEL_DISPATCH","Agent 5",1,0,791505,2082,27,"gated_delta_net_q8_fast",2082,73990271813761,73990272413287,2048,0,64,0,128,32,1,1,1536,32,1
"KERNEL_DISPATCH","Agent 5",1,0,791505,2123,28,"gated_norm_mq_rotate_awq_i4_gfx12",2123,73990320631475,73990321555244,1024,0,40,0,128,64,1,1,1536,8192,1
"KERNEL_DISPATCH","Agent 5",1,0,791505,2077,25,"gdn_pre_batched_gfx1201",2077,73990266569950,73990269347257,33280,0,224,0,128,256,1,1,2686976,1,1
"KERNEL_DISPATCH","Agent 5",1,0,791505,2118,27,"gated_delta_net_q8_fast",2118,73990317761007,73990318336973,2048,0,64,0,128,32,1,1,1536,32,1
"KERNEL_DISPATCH","Agent 5",1,0,791505,2072,20,"fused_rmsnorm_mq_rotate_awq_i4_gfx12",2072,73990260346250,73990260819855,0,0,96,0,128,256,1,1,2097152,1,1
"KERNEL_DISPATCH","Agent 5",1,0,791505,2113,27,"gated_delta_net_q8_fast",2113,73990314815178,73990315404904,2048,0,64,0,128,32,1,1,1536,32,1
"KERNEL_DISPATCH","Agent 5",1,0,791505,2067,20,"fused_rmsnorm_mq_rotate_awq_i4_gfx12",2067,73990240166814,73990240598098,0,0,96,0,128,256,1,1,2097152,1,1
"KERNEL_DISPATCH","Agent 5",1,0,791505,2108,27,"gated_delta_net_q8_fast",2108,73990311814109,73990312415955,2048,0,64,0,128,32,1,1,1536,32,1
"KERNEL_DISPATCH","Agent 5",1,0,791505,2103,21,"gemm_mq4g256v2_residual_mmq_iu4_full_set_symfold",2103,73990306154294,73990308274755,0,0,184,0,128,256,1,1,12288,64,1
"KERNEL_DISPATCH","Agent 5",1,0,791505,2098,21,"gemm_mq4g256v2_residual_mmq_iu4_full_set_symfold",2098,73990288190400,73990294050657,0,0,184,0,128,256,1,1,34816,64,1
"KERNEL_DISPATCH","Agent 5",1,0,791505,2093,27,"gated_delta_net_q8_fast",2093,73990278245144,73990278814589,2048,0,64,0,128,32,1,1,1536,32,1
"KERNEL_DISPATCH","Agent 5",1,0,791505,2088,27,"gated_delta_net_q8_fast",2088,73990275367076,73990275943441,2048,0,64,0,128,32,1,1,1536,32,1
"KERNEL_DISPATCH","Agent 5",1,0,791505,2083,27,"gated_delta_net_q8_fast",2083,73990272416727,73990273012213,2048,0,64,0,128,32,1,1,1536,32,1
"KERNEL_DISPATCH","Agent 5",1,0,791505,2078,27,"gated_delta_net_q8_fast",2078,73990269359417,73990269977383,2048,0,64,0,128,32,1,1,1536,32,1
"KERNEL_DISPATCH","Agent 5",1,0,791505,2073,21,"gemm_mq4g256v2_residual_mmq_iu4_full_set_symfold",2073,73990260823415,73990264309528,0,0,184,0,128,256,1,1,20480,64,1
"KERNEL_DISPATCH","Agent 5",1,0,791505,2068,21,"gemm_mq4g256v2_residual_mmq_iu4_full_set_symfold",2068,73990240601458,73990246254793,0,0,184,0,128,256,1,1,34816,64,1
"KERNEL_DISPATCH","Agent 5",1,0,791505,2063,27,"gated_delta_net_q8_fast",2063,73990236115695,73990236653780,2048,0,64,0,128,32,1,1,1536,32,1
"KERNEL_DISPATCH","Agent 5",1,0,791505,2058,27,"gated_delta_net_q8_fast",2058,73990233401509,73990233943674,2048,0,64,0,128,32,1,1,1536,32,1
"KERNEL_DISPATCH","Agent 5",1,0,791505,2053,27,"gated_delta_net_q8_fast",2053,73990230657202,73990231204887,2048,0,64,0,128,32,1,1,1536,32,1
"KERNEL_DISPATCH","Agent 5",1,0,791505,2048,25,"gdn_pre_batched_gfx1201",2048,73990225827195,73990228442981,33280,0,224,0,128,256,1,1,2686976,1,1
"KERNEL_DISPATCH","Agent 5",1,0,791505,2043,20,"fused_rmsnorm_mq_rotate_awq_i4_gfx12",2043,73990219894538,73990220335382,0,0,96,0,128,256,1,1,2097152,1,1
"KERNEL_DISPATCH","Agent 5",1,0,791505,2347,20,"fused_rmsnorm_mq_rotate_awq_i4_gfx12",2347,73990415430034,73990415447154,0,0,96,0,128,256,1,1,23296,1,1
"KERNEL_DISPATCH","Agent 5",1,0,791505,2062,27,"gated_delta_net_q8_fast",2062,73990235573410,73990236112415,2048,0,64,0,128,32,1,1,1536,32,1
"KERNEL_DISPATCH","Agent 5",1,0,791505,2348,21,"gemm_mq4g256v2_residual_mmq_iu4_full_set_symfold",2348,73990415450754,73990415536955,0,0,184,0,128,256,1,1,20480,1,1
"KERNEL_DISPATCH","Agent 5",1,0,791505,2352,25,"gdn_pre_batched_gfx1201",2352,73990415711236,73990415741757,33280,0,224,0,128,256,1,1,31488,1,1
"KERNEL_DISPATCH","Agent 5",1,0,791505,2358,21,"gemm_mq4g256v2_residual_mmq_iu4_full_set_symfold",2358,73990416099480,73990416236241,0,0,184,0,128,256,1,1,34816,1,1
"KERNEL_DISPATCH","Agent 5",1,0,791505,2386,21,"gemm_mq4g256v2_residual_mmq_iu4_full_set_symfold",2386,73990418090219,73990418225061,0,0,184,0,128,256,1,1,34816,1,1
"KERNEL_DISPATCH","Agent 5",1,0,791505,2389,20,"fused_rmsnorm_mq_rotate_awq_i4_gfx12",2389,73990418440543,73990418451423,0,0,96,0,128,256,1,1,23296,1,1
"KERNEL_DISPATCH","Agent 5",1,0,791505,2392,21,"gemm_mq4g256v2_residual_mmq_iu4_full_set_symfold",2392,73990418590584,73990418637625,0,0,184,0,128,256,1,1,2048,1,1
"KERNEL_DISPATCH","Agent 5",1,0,791505,2508,22,"gemm_mq4g256v2_residual_mmq_iu4_full_add_symfold",2508,73990428209917,73990428396039,0,0,184,0,128,256,1,1,10240,1,1
"KERNEL_DISPATCH","Agent 5",1,0,791505,3061,22,"gemm_mq4g256v2_residual_mmq_iu4_full_add_symfold",3061,73990473833800,73990473902401,0,0,184,0,128,256,1,1,10240,1,1
"KERNEL_DISPATCH","Agent 5",1,0,791505,3129,21,"gemm_mq4g256v2_residual_mmq_iu4_full_set_symfold",3129,73990479377783,73990479436783,0,0,184,0,128,256,1,1,12288,1,1
"KERNEL_DISPATCH","Agent 5",1,0,791505,3182,20,"fused_rmsnorm_mq_rotate_awq_i4_gfx12",3182,73990483665143,73990483675344,0,0,96,0,128,256,1,1,23296,1,1
"KERNEL_DISPATCH","Agent 5",1,0,791505,3309,42,"mq_rotate_x",3309,73990493951163,73990493953163,0,0,32,0,128,32,1,1,640,1,1
"KERNEL_DISPATCH","Agent 5",1,0,791505,3304,21,"gemm_mq4g256v2_residual_mmq_iu4_full_set_symfold",3304,73990493587120,73990493725081,0,0,184,0,128,256,1,1,34816,1,1
"KERNEL_DISPATCH","Agent 5",1,0,791505,3299,40,"attention_q8_0_fa2_gqa_gfx1201",3299,73990492168026,73990493334917,0,0,240,0,128,128,1,1,1536,4,1
"KERNEL_DISPATCH","Agent 5",1,0,791505,3294,32,"rmsnorm_f32",3294,73990492127626,73990492131226,0,0,16,0,128,256,1,1,93184,1,1
"KERNEL_DISPATCH","Agent 5",1,0,791505,3289,20,"fused_rmsnorm_mq_rotate_awq_i4_gfx12",3289,73990491919584,73990491929864,0,0,96,0,128,256,1,1,23296,1,1
"KERNEL_DISPATCH","Agent 5",1,0,791505,3284,20,"fused_rmsnorm_mq_rotate_awq_i4_gfx12",3284,73990491420899,73990491431179,0,0,96,0,128,256,1,1,23296,1,1
"KERNEL_DISPATCH","Agent 5",1,0,791505,3279,21,"gemm_mq4g256v2_residual_mmq_iu4_full_set_symfold",3279,73990491164256,73990491205017,0,0,184,0,128,256,1,1,256,1,1
"KERNEL_DISPATCH","Agent 5",1,0,791505,3274,22,"gemm_mq4g256v2_residual_mmq_iu4_full_add_symfold",3274,73990490783653,73990490961374,0,0,184,0,128,256,1,1,10240,1,1
"KERNEL_DISPATCH","Agent 5",1,0,791505,3269,22,"gemm_mq4g256v2_residual_mmq_iu4_full_add_symfold",3269,73990490391409,73990490459329,0,0,184,0,128,256,1,1,10240,1,1
"KERNEL_DISPATCH","Agent 5",1,0,791505,3264,21,"gemm_mq4g256v2_residual_mmq_iu4_full_set_symfold",3264,73990490162287,73990490202927,0,0,184,0,128,256,1,1,256,1,1
"KERNEL_DISPATCH","Agent 5",1,0,791505,3259,29,"fused_silu_mul_mq_rotate_awq_i4_gfx12",3259,73990489804363,73990489822803,0,0,56,0,128,32,1,1,2176,91,1
"KERNEL_DISPATCH","Agent 5",1,0,791505,3254,28,"gated_norm_mq_rotate_awq_i4_gfx12",3254,73990489420959,73990489433119,1024,0,40,0,128,64,1,1,1536,91,1
"KERNEL_DISPATCH","Agent 5",1,0,791505,3249,21,"gemm_mq4g256v2_residual_mmq_iu4_full_set_symfold",3249,73990489145477,73990489204397,0,0,184,0,128,256,1,1,12288,1,1
"KERNEL_DISPATCH","Agent 5",1,0,791505,3244,21,"gemm_mq4g256v2_residual_mmq_iu4_full_set_symfold",3244,73990488707632,73990488847234,0,0,184,0,128,256,1,1,34816,1,1
"KERNEL_DISPATCH","Agent 5",1,0,791505,3239,40,"attention_q8_0_fa2_gqa_gfx1201",3239,73990487289899,73990488455230,0,0,240,0,128,128,1,1,1536,4,1
"KERNEL_DISPATCH","Agent 5",1,0,791505,3234,32,"rmsnorm_f32",3234,73990487250098,73990487253578,0,0,16,0,128,256,1,1,93184,1,1
"KERNEL_DISPATCH","Agent 5",1,0,791505,3229,20,"fused_rmsnorm_mq_rotate_awq_i4_gfx12",3229,73990487038096,73990487048376,0,0,96,0,128,256,1,1,23296,1,1
"KERNEL_DISPATCH","Agent 5",1,0,791505,3224,20,"fused_rmsnorm_mq_rotate_awq_i4_gfx12",3224,73990486537251,73990486547491,0,0,96,0,128,256,1,1,23296,1,1
"KERNEL_DISPATCH","Agent 5",1,0,791505,3219,21,"gemm_mq4g256v2_residual_mmq_iu4_full_set_symfold",3219,73990486281649,73990486322729,0,0,184,0,128,256,1,1,256,1,1
"KERNEL_DISPATCH","Agent 5",1,0,791505,3214,22,"gemm_mq4g256v2_residual_mmq_iu4_full_add_symfold",3214,73990485900365,73990486077687,0,0,184,0,128,256,1,1,10240,1,1
"KERNEL_DISPATCH","Agent 5",1,0,791505,3209,22,"gemm_mq4g256v2_residual_mmq_iu4_full_add_symfold",3209,73990485508641,73990485576202,0,0,184,0,128,256,1,1,10240,1,1
"KERNEL_DISPATCH","Agent 5",1,0,791505,3204,21,"gemm_mq4g256v2_residual_mmq_iu4_full_set_symfold",3204,73990485280039,73990485321080,0,0,184,0,128,256,1,1,256,1,1
"KERNEL_DISPATCH","Agent 5",1,0,791505,3199,29,"fused_silu_mul_mq_rotate_awq_i4_gfx12",3199,73990484922236,73990484940396,0,0,56,0,128,32,1,1,2176,91,1
"KERNEL_DISPATCH","Agent 5",1,0,791505,3194,28,"gated_norm_mq_rotate_awq_i4_gfx12",3194,73990484536112,73990484548232,1024,0,40,0,128,64,1,1,1536,91,1
"KERNEL_DISPATCH","Agent 5",1,0,791505,3189,21,"gemm_mq4g256v2_residual_mmq_iu4_full_set_symfold",3189,73990484260069,73990484319710,0,0,184,0,128,256,1,1,12288,1,1
"KERNEL_DISPATCH","Agent 5",1,0,791505,3184,21,"gemm_mq4g256v2_residual_mmq_iu4_full_set_symfold",3184,73990483820945,73990483960066,0,0,184,0,128,256,1,1,34816,1,1
"KERNEL_DISPATCH","Agent 5",1,0,791505,3179,40,"attention_q8_0_fa2_gqa_gfx1201",3179,73990482402931,73990483567463,0,0,240,0,128,128,1,1,1536,4,1
"KERNEL_DISPATCH","Agent 5",1,0,791505,3174,32,"rmsnorm_f32",3174,73990482363491,73990482366971,0,0,16,0,128,256,1,1,93184,1,1
"KERNEL_DISPATCH","Agent 5",1,0,791505,3169,20,"fused_rmsnorm_mq_rotate_awq_i4_gfx12",3169,73990482156089,73990482166409,0,0,96,0,128,256,1,1,23296,1,1
"KERNEL_DISPATCH","Agent 5",1,0,791505,3164,20,"fused_rmsnorm_mq_rotate_awq_i4_gfx12",3164,73990481654484,73990481664724,0,0,96,0,128,256,1,1,23296,1,1
"KERNEL_DISPATCH","Agent 5",1,0,791505,3159,21,"gemm_mq4g256v2_residual_mmq_iu4_full_set_symfold",3159,73990481398401,73990481439082,0,0,184,0,128,256,1,1,256,1,1
"KERNEL_DISPATCH","Agent 5",1,0,791505,3154,22,"gemm_mq4g256v2_residual_mmq_iu4_full_add_symfold",3154,73990481018918,73990481196480,0,0,184,0,128,256,1,1,10240,1,1
"KERNEL_DISPATCH","Agent 5",1,0,791505,3149,22,"gemm_mq4g256v2_residual_mmq_iu4_full_add_symfold",3149,73990480626714,73990480693995,0,0,184,0,128,256,1,1,10240,1,1
"KERNEL_DISPATCH","Agent 5",1,0,791505,3144,21,"gemm_mq4g256v2_residual_mmq_iu4_full_set_symfold",3144,73990480398072,73990480438672,0,0,184,0,128,256,1,1,256,1,1
"KERNEL_DISPATCH","Agent 5",1,0,791505,3139,29,"fused_silu_mul_mq_rotate_awq_i4_gfx12",3139,73990480040308,73990480058669,0,0,56,0,128,32,1,1,2176,91,1
"KERNEL_DISPATCH","Agent 5",1,0,791505,3134,28,"gated_norm_mq_rotate_awq_i4_gfx12",3134,73990479653865,73990479666185,1024,0,40,0,128,64,1,1,1536,91,1
"KERNEL_DISPATCH","Agent 5",1,0,791505,3124,21,"gemm_mq4g256v2_residual_mmq_iu4_full_set_symfold",3124,73990478940739,73990479079700,0,0,184,0,128,256,1,1,34816,1,1
"KERNEL_DISPATCH","Agent 5",1,0,791505,3119,40,"attention_q8_0_fa2_gqa_gfx1201",3119,73990477522445,73990478686696,0,0,240,0,128,128,1,1,1536,4,1
"KERNEL_DISPATCH","Agent 5",1,0,791505,3114,32,"rmsnorm_f32",3114,73990477482525,73990477486205,0,0,16,0,128,256,1,1,93184,1,1
"KERNEL_DISPATCH","Agent 5",1,0,791505,3109,20,"fused_rmsnorm_mq_rotate_awq_i4_gfx12",3109,73990477274922,73990477285243,0,0,96,0,128,256,1,1,23296,1,1
"KERNEL_DISPATCH","Agent 5",1,0,791505,3104,20,"fused_rmsnorm_mq_rotate_awq_i4_gfx12",3104,73990476775038,73990476785318,0,0,96,0,128,256,1,1,23296,1,1
"KERNEL_DISPATCH","Agent 5",1,0,791505,3099,21,"gemm_mq4g256v2_residual_mmq_iu4_full_set_symfold",3099,73990476519195,73990476560036,0,0,184,0,128,256,1,1,256,1,1
"KERNEL_DISPATCH","Agent 5",1,0,791505,3094,22,"gemm_mq4g256v2_residual_mmq_iu4_full_add_symfold",3094,73990476138111,73990476316193,0,0,184,0,128,256,1,1,10240,1,1
"KERNEL_DISPATCH","Agent 5",1,0,791505,3089,22,"gemm_mq4g256v2_residual_mmq_iu4_full_add_symfold",3089,73990475746468,73990475814388,0,0,184,0,128,256,1,1,10240,1,1
"KERNEL_DISPATCH","Agent 5",1,0,791505,3084,21,"gemm_mq4g256v2_residual_mmq_iu4_full_set_symfold",3084,73990475518025,73990475558626,0,0,184,0,128,256,1,1,256,1,1
"KERNEL_DISPATCH","Agent 5",1,0,791505,3079,29,"fused_silu_mul_mq_rotate_awq_i4_gfx12",3079,73990475160942,73990475179622,0,0,56,0,128,32,1,1,2176,91,1
"KERNEL_DISPATCH","Agent 5",1,0,791505,3074,28,"gated_norm_mq_rotate_awq_i4_gfx12",3074,73990474776618,73990474788738,1024,0,40,0,128,64,1,1,1536,91,1
"KERNEL_DISPATCH","Agent 5",1,0,791505,3069,21,"gemm_mq4g256v2_residual_mmq_iu4_full_set_symfold",3069,73990474501256,73990474560216,0,0,184,0,128,256,1,1,12288,1,1
"KERNEL_DISPATCH","Agent 5",1,0,791505,3064,21,"gemm_mq4g256v2_residual_mmq_iu4_full_set_symfold",3064,73990474063411,73990474203133,0,0,184,0,128,256,1,1,34816,1,1
"KERNEL_DISPATCH","Agent 5",1,0,791505,3059,40,"attention_q8_0_fa2_gqa_gfx1201",3059,73990472643718,73990473809449,0,0,240,0,128,128,1,1,1536,4,1
"KERNEL_DISPATCH","Agent 5",1,0,791505,3054,32,"rmsnorm_f32",3054,73990472603757,73990472607477,0,0,16,0,128,256,1,1,93184,1,1
"KERNEL_DISPATCH","Agent 5",1,0,791505,3049,20,"fused_rmsnorm_mq_rotate_awq_i4_gfx12",3049,73990472395955,73990472406155,0,0,96,0,128,256,1,1,23296,1,1
"KERNEL_DISPATCH","Agent 5",1,0,791505,3044,20,"fused_rmsnorm_mq_rotate_awq_i4_gfx12",3044,73990471894150,73990471904510,0,0,96,0,128,256,1,1,23296,1,1
"KERNEL_DISPATCH","Agent 5",1,0,791505,3039,21,"gemm_mq4g256v2_residual_mmq_iu4_full_set_symfold",3039,73990471639708,73990471680868,0,0,184,0,128,256,1,1,256,1,1
"KERNEL_DISPATCH","Agent 5",1,0,791505,3034,22,"gemm_mq4g256v2_residual_mmq_iu4_full_add_symfold",3034,73990471259424,73990471436946,0,0,184,0,128,256,1,1,10240,1,1
"KERNEL_DISPATCH","Agent 5",1,0,791505,3029,22,"gemm_mq4g256v2_residual_mmq_iu4_full_add_symfold",3029,73990470868100,73990470935181,0,0,184,0,128,256,1,1,10240,1,1
"KERNEL_DISPATCH","Agent 5",1,0,791505,3024,21,"gemm_mq4g256v2_residual_mmq_iu4_full_set_symfold",3024,73990470638898,73990470679739,0,0,184,0,128,256,1,1,256,1,1
"KERNEL_DISPATCH","Agent 5",1,0,791505,3019,29,"fused_silu_mul_mq_rotate_awq_i4_gfx12",3019,73990470280655,73990470298815,0,0,56,0,128,32,1,1,2176,91,1
"KERNEL_DISPATCH","Agent 5",1,0,791505,3014,28,"gated_norm_mq_rotate_awq_i4_gfx12",3014,73990469888451,73990469900451,1024,0,40,0,128,64,1,1,1536,91,1
"KERNEL_DISPATCH","Agent 5",1,0,791505,3009,21,"gemm_mq4g256v2_residual_mmq_iu4_full_set_symfold",3009,73990469613008,73990469671489,0,0,184,0,128,256,1,1,12288,1,1
"KERNEL_DISPATCH","Agent 5",1,0,791505,3004,21,"gemm_mq4g256v2_residual_mmq_iu4_full_set_symfold",3004,73990469174524,73990469314485,0,0,184,0,128,256,1,1,34816,1,1
"KERNEL_DISPATCH","Agent 5",1,0,791505,2999,40,"attention_q8_0_fa2_gqa_gfx1201",2999,73990467753550,73990468920961,0,0,240,0,128,128,1,1,1536,4,1
"KERNEL_DISPATCH","Agent 5",1,0,791505,2994,32,"rmsnorm_f32",2994,73990467713710,73990467717270,0,0,16,0,128,256,1,1,93184,1,1
"KERNEL_DISPATCH","Agent 5",1,0,791505,2989,20,"fused_rmsnorm_mq_rotate_awq_i4_gfx12",2989,73990467505588,73990467515868,0,0,96,0,128,256,1,1,23296,1,1
"KERNEL_DISPATCH","Agent 5",1,0,791505,2984,20,"fused_rmsnorm_mq_rotate_awq_i4_gfx12",2984,73990467005263,73990467015503,0,0,96,0,128,256,1,1,23296,1,1
"KERNEL_DISPATCH","Agent 5",1,0,791505,2979,21,"gemm_mq4g256v2_residual_mmq_iu4_full_set_symfold",2979,73990466748700,73990466789621,0,0,184,0,128,256,1,1,256,1,1
"KERNEL_DISPATCH","Agent 5",1,0,791505,2974,22,"gemm_mq4g256v2_residual_mmq_iu4_full_add_symfold",2974,73990466366897,73990466545498,0,0,184,0,128,256,1,1,10240,1,1
"KERNEL_DISPATCH","Agent 5",1,0,791505,2969,22,"gemm_mq4g256v2_residual_mmq_iu4_full_add_symfold",2969,73990465974653,73990466042494,0,0,184,0,128,256,1,1,10240,1,1
"KERNEL_DISPATCH","Agent 5",1,0,791505,2964,21,"gemm_mq4g256v2_residual_mmq_iu4_full_set_symfold",2964,73990465745771,73990465786531,0,0,184,0,128,256,1,1,256,1,1
"KERNEL_DISPATCH","Agent 5",1,0,791505,2959,29,"fused_silu_mul_mq_rotate_awq_i4_gfx12",2959,73990465386567,73990465404847,0,0,56,0,128,32,1,1,2176,91,1
"KERNEL_DISPATCH","Agent 5",1,0,791505,2954,28,"gated_norm_mq_rotate_awq_i4_gfx12",2954,73990465001243,73990465013244,1024,0,40,0,128,64,1,1,1536,91,1
"KERNEL_DISPATCH","Agent 5",1,0,791505,2949,21,"gemm_mq4g256v2_residual_mmq_iu4_full_set_symfold",2949,73990464726041,73990464784961,0,0,184,0,128,256,1,1,12288,1,1
"KERNEL_DISPATCH","Agent 5",1,0,791505,2944,21,"gemm_mq4g256v2_residual_mmq_iu4_full_set_symfold",2944,73990464286796,73990464426318,0,0,184,0,128,256,1,1,34816,1,1
"KERNEL_DISPATCH","Agent 5",1,0,791505,2939,40,"attention_q8_0_fa2_gqa_gfx1201",2939,73990462869863,73990464032954,0,0,240,0,128,128,1,1,1536,4,1
"KERNEL_DISPATCH","Agent 5",1,0,791505,2934,32,"rmsnorm_f32",2934,73990462830382,73990462833902,0,0,16,0,128,256,1,1,93184,1,1
"KERNEL_DISPATCH","Agent 5",1,0,791505,2929,20,"fused_rmsnorm_mq_rotate_awq_i4_gfx12",2929,73990462623540,73990462633740,0,0,96,0,128,256,1,1,23296,1,1
"KERNEL_DISPATCH","Agent 5",1,0,791505,2924,20,"fused_rmsnorm_mq_rotate_awq_i4_gfx12",2924,73990462121935,73990462132296,0,0,96,0,128,256,1,1,23296,1,1
"KERNEL_DISPATCH","Agent 5",1,0,791505,2919,21,"gemm_mq4g256v2_residual_mmq_iu4_full_set_symfold",2919,73990461866013,73990461907493,0,0,184,0,128,256,1,1,256,1,1
"KERNEL_DISPATCH","Agent 5",1,0,791505,2914,22,"gemm_mq4g256v2_residual_mmq_iu4_full_add_symfold",2914,73990461486529,73990461663251,0,0,184,0,128,256,1,1,10240,1,1
"KERNEL_DISPATCH","Agent 5",1,0,791505,2909,22,"gemm_mq4g256v2_residual_mmq_iu4_full_add_symfold",2909,73990461096326,73990461163526,0,0,184,0,128,256,1,1,10240,1,1
"KERNEL_DISPATCH","Agent 5",1,0,791505,2904,21,"gemm_mq4g256v2_residual_mmq_iu4_full_set_symfold",2904,73990460866843,73990460907724,0,0,184,0,128,256,1,1,256,1,1
"KERNEL_DISPATCH","Agent 5",1,0,791505,2899,29,"fused_silu_mul_mq_rotate_awq_i4_gfx12",2899,73990460509680,73990460528000,0,0,56,0,128,32,1,1,2176,91,1
"KERNEL_DISPATCH","Agent 5",1,0,791505,2894,28,"gated_norm_mq_rotate_awq_i4_gfx12",2894,73990460123476,73990460135636,1024,0,40,0,128,64,1,1,1536,91,1
"KERNEL_DISPATCH","Agent 5",1,0,791505,2889,21,"gemm_mq4g256v2_residual_mmq_iu4_full_set_symfold",2889,73990459847673,73990459906874,0,0,184,0,128,256,1,1,12288,1,1
"KERNEL_DISPATCH","Agent 5",1,0,791505,2884,21,"gemm_mq4g256v2_residual_mmq_iu4_full_set_symfold",2884,73990459409829,73990459548671,0,0,184,0,128,256,1,1,34816,1,1
"KERNEL_DISPATCH","Agent 5",1,0,791505,2879,40,"attention_q8_0_fa2_gqa_gfx1201",2879,73990457994295,73990459159507,0,0,240,0,128,128,1,1,1536,4,1
"KERNEL_DISPATCH","Agent 5",1,0,791505,2874,32,"rmsnorm_f32",2874,73990457954015,73990457957575,0,0,16,0,128,256,1,1,93184,1,1
"KERNEL_DISPATCH","Agent 5",1,0,791505,2869,20,"fused_rmsnorm_mq_rotate_awq_i4_gfx12",2869,73990457746493,73990457756773,0,0,96,0,128,256,1,1,23296,1,1
"KERNEL_DISPATCH","Agent 5",1,0,791505,2864,20,"fused_rmsnorm_mq_rotate_awq_i4_gfx12",2864,73990457246288,73990457256528,0,0,96,0,128,256,1,1,23296,1,1
"KERNEL_DISPATCH","Agent 5",1,0,791505,2859,21,"gemm_mq4g256v2_residual_mmq_iu4_full_set_symfold",2859,73990456990366,73990457031326,0,0,184,0,128,256,1,1,256,1,1
"KERNEL_DISPATCH","Agent 5",1,0,791505,2854,22,"gemm_mq4g256v2_residual_mmq_iu4_full_add_symfold",2854,73990456610162,73990456788764,0,0,184,0,128,256,1,1,10240,1,1
"KERNEL_DISPATCH","Agent 5",1,0,791505,2849,22,"gemm_mq4g256v2_residual_mmq_iu4_full_add_symfold",2849,73990456220598,73990456288359,0,0,184,0,128,256,1,1,10240,1,1
"KERNEL_DISPATCH","Agent 5",1,0,791505,2844,21,"gemm_mq4g256v2_residual_mmq_iu4_full_set_symfold",2844,73990455992436,73990456033436,0,0,184,0,128,256,1,1,256,1,1
"KERNEL_DISPATCH","Agent 5",1,0,791505,2839,29,"fused_silu_mul_mq_rotate_awq_i4_gfx12",2839,73990455634473,73990455653233,0,0,56,0,128,32,1,1,2176,91,1
"KERNEL_DISPATCH","Agent 5",1,0,791505,2834,28,"gated_norm_mq_rotate_awq_i4_gfx12",2834,73990455249989,73990455262109,1024,0,40,0,128,64,1,1,1536,91,1
"KERNEL_DISPATCH","Agent 5",1,0,791505,2829,21,"gemm_mq4g256v2_residual_mmq_iu4_full_set_symfold",2829,73990454973426,73990455032347,0,0,184,0,128,256,1,1,12288,1,1
"KERNEL_DISPATCH","Agent 5",1,0,791505,2824,21,"gemm_mq4g256v2_residual_mmq_iu4_full_set_symfold",2824,73990454536142,73990454675583,0,0,184,0,128,256,1,1,34816,1,1
"KERNEL_DISPATCH","Agent 5",1,0,791505,2819,40,"attention_q8_0_fa2_gqa_gfx1201",2819,73990453118648,73990454283699,0,0,240,0,128,128,1,1,1536,4,1
"KERNEL_DISPATCH","Agent 5",1,0,791505,2814,32,"rmsnorm_f32",2814,73990453078728,73990453082248,0,0,16,0,128,256,1,1,93184,1,1
"KERNEL_DISPATCH","Agent 5",1,0,791505,2809,20,"fused_rmsnorm_mq_rotate_awq_i4_gfx12",2809,73990452871806,73990452881966,0,0,96,0,128,256,1,1,23296,1,1
"KERNEL_DISPATCH","Agent 5",1,0,791505,2804,20,"fused_rmsnorm_mq_rotate_awq_i4_gfx12",2804,73990452371361,73990452381601,0,0,96,0,128,256,1,1,23296,1,1
"KERNEL_DISPATCH","Agent 5",1,0,791505,2799,21,"gemm_mq4g256v2_residual_mmq_iu4_full_set_symfold",2799,73990452116198,73990452156799,0,0,184,0,128,256,1,1,256,1,1
"KERNEL_DISPATCH","Agent 5",1,0,791505,2794,22,"gemm_mq4g256v2_residual_mmq_iu4_full_add_symfold",2794,73990451735915,73990451913236,0,0,184,0,128,256,1,1,10240,1,1
"KERNEL_DISPATCH","Agent 5",1,0,791505,2789,22,"gemm_mq4g256v2_residual_mmq_iu4_full_add_symfold",2789,73990451342071,73990451409992,0,0,184,0,128,256,1,1,10240,1,1
"KERNEL_DISPATCH","Agent 5",1,0,791505,2784,21,"gemm_mq4g256v2_residual_mmq_iu4_full_set_symfold",2784,73990451112629,73990451153869,0,0,184,0,128,256,1,1,256,1,1
"KERNEL_DISPATCH","Agent 5",1,0,791505,2779,29,"fused_silu_mul_mq_rotate_awq_i4_gfx12",2779,73990450753305,73990450772745,0,0,56,0,128,32,1,1,2176,91,1
"KERNEL_DISPATCH","Agent 5",1,0,791505,2774,28,"gated_norm_mq_rotate_awq_i4_gfx12",2774,73990450370301,73990450382302,1024,0,40,0,128,64,1,1,1536,91,1
"KERNEL_DISPATCH","Agent 5",1,0,791505,2769,21,"gemm_mq4g256v2_residual_mmq_iu4_full_set_symfold",2769,73990450093699,73990450152539,0,0,184,0,128,256,1,1,12288,1,1
"KERNEL_DISPATCH","Agent 5",1,0,791505,2764,21,"gemm_mq4g256v2_residual_mmq_iu4_full_set_symfold",2764,73990449655575,73990449794496,0,0,184,0,128,256,1,1,34816,1,1
"KERNEL_DISPATCH","Agent 5",1,0,791505,2759,40,"attention_q8_0_fa2_gqa_gfx1201",2759,73990448242081,73990449404172,0,0,240,0,128,128,1,1,1536,4,1
"KERNEL_DISPATCH","Agent 5",1,0,791505,2754,32,"rmsnorm_f32",2754,73990448202160,73990448205720,0,0,16,0,128,256,1,1,93184,1,1
"KERNEL_DISPATCH","Agent 5",1,0,791505,2749,20,"fused_rmsnorm_mq_rotate_awq_i4_gfx12",2749,73990447993918,73990448004359,0,0,96,0,128,256,1,1,23296,1,1
"KERNEL_DISPATCH","Agent 5",1,0,791505,2744,20,"fused_rmsnorm_mq_rotate_awq_i4_gfx12",2744,73990447492034,73990447502354,0,0,96,0,128,256,1,1,23296,1,1
"KERNEL_DISPATCH","Agent 5",1,0,791505,2739,21,"gemm_mq4g256v2_residual_mmq_iu4_full_set_symfold",2739,73990447236671,73990447277431,0,0,184,0,128,256,1,1,256,1,1
"KERNEL_DISPATCH","Agent 5",1,0,791505,2734,22,"gemm_mq4g256v2_residual_mmq_iu4_full_add_symfold",2734,73990446854307,73990447032549,0,0,184,0,128,256,1,1,10240,1,1
"KERNEL_DISPATCH","Agent 5",1,0,791505,2729,22,"gemm_mq4g256v2_residual_mmq_iu4_full_add_symfold",2729,73990446460864,73990446528104,0,0,184,0,128,256,1,1,10240,1,1
"KERNEL_DISPATCH","Agent 5",1,0,791505,2724,21,"gemm_mq4g256v2_residual_mmq_iu4_full_set_symfold",2724,73990446230421,73990446271622,0,0,184,0,128,256,1,1,256,1,1
"KERNEL_DISPATCH","Agent 5",1,0,791505,2719,29,"fused_silu_mul_mq_rotate_awq_i4_gfx12",2719,73990445872338,73990445890618,0,0,56,0,128,32,1,1,2176,91,1
"KERNEL_DISPATCH","Agent 5",1,0,791505,2714,28,"gated_norm_mq_rotate_awq_i4_gfx12",2714,73990445487254,73990445499534,1024,0,40,0,128,64,1,1,1536,91,1
"KERNEL_DISPATCH","Agent 5",1,0,791505,2709,21,"gemm_mq4g256v2_residual_mmq_iu4_full_set_symfold",2709,73990445211131,73990445270212,0,0,184,0,128,256,1,1,12288,1,1
"KERNEL_DISPATCH","Agent 5",1,0,791505,2704,21,"gemm_mq4g256v2_residual_mmq_iu4_full_set_symfold",2704,73990444777847,73990444911169,0,0,184,0,128,256,1,1,34816,1,1
"KERNEL_DISPATCH","Agent 5",1,0,791505,2699,40,"attention_q8_0_fa2_gqa_gfx1201",2699,73990443354353,73990444527685,0,0,240,0,128,128,1,1,1536,4,1
"KERNEL_DISPATCH","Agent 5",1,0,791505,2694,32,"rmsnorm_f32",2694,73990443314553,73990443318113,0,0,16,0,128,256,1,1,93184,1,1
"KERNEL_DISPATCH","Agent 5",1,0,791505,2689,20,"fused_rmsnorm_mq_rotate_awq_i4_gfx12",2689,73990443106191,73990443116711,0,0,96,0,128,256,1,1,23296,1,1
"KERNEL_DISPATCH","Agent 5",1,0,791505,2684,20,"fused_rmsnorm_mq_rotate_awq_i4_gfx12",2684,73990442604746,73990442615066,0,0,96,0,128,256,1,1,23296,1,1
"KERNEL_DISPATCH","Agent 5",1,0,791505,2679,21,"gemm_mq4g256v2_residual_mmq_iu4_full_set_symfold",2679,73990442347784,73990442388544,0,0,184,0,128,256,1,1,256,1,1
"KERNEL_DISPATCH","Agent 5",1,0,791505,2674,22,"gemm_mq4g256v2_residual_mmq_iu4_full_add_symfold",2674,73990441964260,73990442143702,0,0,184,0,128,256,1,1,10240,1,1
"KERNEL_DISPATCH","Agent 5",1,0,791505,2669,22,"gemm_mq4g256v2_residual_mmq_iu4_full_add_symfold",2669,73990441580336,73990441648097,0,0,184,0,128,256,1,1,10240,1,1
"KERNEL_DISPATCH","Agent 5",1,0,791505,2664,21,"gemm_mq4g256v2_residual_mmq_iu4_full_set_symfold",2664,73990441350694,73990441392254,0,0,184,0,128,256,1,1,256,1,1
"KERNEL_DISPATCH","Agent 5",1,0,791505,2659,29,"fused_silu_mul_mq_rotate_awq_i4_gfx12",2659,73990440990210,73990441008451,0,0,56,0,128,32,1,1,2176,91,1
"KERNEL_DISPATCH","Agent 5",1,0,791505,2654,28,"gated_norm_mq_rotate_awq_i4_gfx12",2654,73990440610727,73990440622887,1024,0,40,0,128,64,1,1,1536,91,1
"KERNEL_DISPATCH","Agent 5",1,0,791505,2649,21,"gemm_mq4g256v2_residual_mmq_iu4_full_set_symfold",2649,73990440334604,73990440393765,0,0,184,0,128,256,1,1,12288,1,1
"KERNEL_DISPATCH","Agent 5",1,0,791505,2644,21,"gemm_mq4g256v2_residual_mmq_iu4_full_set_symfold",2644,73990439899480,73990440034601,0,0,184,0,128,256,1,1,34816,1,1
"KERNEL_DISPATCH","Agent 5",1,0,791505,2639,40,"attention_q8_0_fa2_gqa_gfx1201",2639,73990438480586,73990439652718,0,0,240,0,128,128,1,1,1536,4,1
"KERNEL_DISPATCH","Agent 5",1,0,791505,2634,32,"rmsnorm_f32",2634,73990438440066,73990438443706,0,0,16,0,128,256,1,1,93184,1,1
"KERNEL_DISPATCH","Agent 5",1,0,791505,2629,20,"fused_rmsnorm_mq_rotate_awq_i4_gfx12",2629,73990438233024,73990438243304,0,0,96,0,128,256,1,1,23296,1,1
"KERNEL_DISPATCH","Agent 5",1,0,791505,2624,20,"fused_rmsnorm_mq_rotate_awq_i4_gfx12",2624,73990437732379,73990437742659,0,0,96,0,128,256,1,1,23296,1,1
"KERNEL_DISPATCH","Agent 5",1,0,791505,2619,21,"gemm_mq4g256v2_residual_mmq_iu4_full_set_symfold",2619,73990437477096,73990437517977,0,0,184,0,128,256,1,1,256,1,1
"KERNEL_DISPATCH","Agent 5",1,0,791505,2614,22,"gemm_mq4g256v2_residual_mmq_iu4_full_add_symfold",2614,73990437096533,73990437274294,0,0,184,0,128,256,1,1,10240,1,1
"KERNEL_DISPATCH","Agent 5",1,0,791505,2609,22,"gemm_mq4g256v2_residual_mmq_iu4_full_add_symfold",2609,73990436703929,73990436771410,0,0,184,0,128,256,1,1,10240,1,1
"KERNEL_DISPATCH","Agent 5",1,0,791505,2604,21,"gemm_mq4g256v2_residual_mmq_iu4_full_set_symfold",2604,73990436475567,73990436516567,0,0,184,0,128,256,1,1,256,1,1
"KERNEL_DISPATCH","Agent 5",1,0,791505,2599,29,"fused_silu_mul_mq_rotate_awq_i4_gfx12",2599,73990436119163,73990436138083,0,0,56,0,128,32,1,1,2176,91,1
"KERNEL_DISPATCH","Agent 5",1,0,791505,2594,28,"gated_norm_mq_rotate_awq_i4_gfx12",2594,73990435735479,73990435747600,1024,0,40,0,128,64,1,1,1536,91,1
"KERNEL_DISPATCH","Agent 5",1,0,791505,2589,21,"gemm_mq4g256v2_residual_mmq_iu4_full_set_symfold",2589,73990435459557,73990435518877,0,0,184,0,128,256,1,1,12288,1,1
"KERNEL_DISPATCH","Agent 5",1,0,791505,2584,21,"gemm_mq4g256v2_residual_mmq_iu4_full_set_symfold",2584,73990435023313,73990435162154,0,0,184,0,128,256,1,1,34816,1,1
"KERNEL_DISPATCH","Agent 5",1,0,791505,2579,40,"attention_q8_0_fa2_gqa_gfx1201",2579,73990433586579,73990434771910,0,0,240,0,128,128,1,1,1536,4,1
"KERNEL_DISPATCH","Agent 5",1,0,791505,2574,32,"rmsnorm_f32",2574,73990433546418,73990433549978,0,0,16,0,128,256,1,1,93184,1,1
"KERNEL_DISPATCH","Agent 5",1,0,791505,2569,20,"fused_rmsnorm_mq_rotate_awq_i4_gfx12",2569,73990433336936,73990433347336,0,0,96,0,128,256,1,1,23296,1,1
"KERNEL_DISPATCH","Agent 5",1,0,791505,2564,20,"fused_rmsnorm_mq_rotate_awq_i4_gfx12",2564,73990432840491,73990432850852,0,0,96,0,128,256,1,1,23296,1,1
"KERNEL_DISPATCH","Agent 5",1,0,791505,2559,21,"gemm_mq4g256v2_residual_mmq_iu4_full_set_symfold",2559,73990432584329,73990432625329,0,0,184,0,128,256,1,1,256,1,1
"KERNEL_DISPATCH","Agent 5",1,0,791505,2554,22,"gemm_mq4g256v2_residual_mmq_iu4_full_add_symfold",2554,73990432202005,73990432381127,0,0,184,0,128,256,1,1,10240,1,1
"KERNEL_DISPATCH","Agent 5",1,0,791505,2549,22,"gemm_mq4g256v2_residual_mmq_iu4_full_add_symfold",2549,73990431812161,73990431879642,0,0,184,0,128,256,1,1,10240,1,1
"KERNEL_DISPATCH","Agent 5",1,0,791505,2544,21,"gemm_mq4g256v2_residual_mmq_iu4_full_set_symfold",2544,73990431581999,73990431623560,0,0,184,0,128,256,1,1,256,1,1
"KERNEL_DISPATCH","Agent 5",1,0,791505,2539,29,"fused_silu_mul_mq_rotate_awq_i4_gfx12",2539,73990431223156,73990431241396,0,0,56,0,128,32,1,1,2176,91,1
"KERNEL_DISPATCH","Agent 5",1,0,791505,2534,28,"gated_norm_mq_rotate_awq_i4_gfx12",2534,73990430837192,73990430849392,1024,0,40,0,128,64,1,1,1536,91,1
"KERNEL_DISPATCH","Agent 5",1,0,791505,2529,21,"gemm_mq4g256v2_residual_mmq_iu4_full_set_symfold",2529,73990430557949,73990430617630,0,0,184,0,128,256,1,1,12288,1,1
"KERNEL_DISPATCH","Agent 5",1,0,791505,2524,21,"gemm_mq4g256v2_residual_mmq_iu4_full_set_symfold",2524,73990430117065,73990430255346,0,0,184,0,128,256,1,1,34816,1,1
"KERNEL_DISPATCH","Agent 5",1,0,791505,2519,40,"attention_q8_0_fa2_gqa_gfx1201",2519,73990428653651,73990429865343,0,0,240,0,128,128,1,1,1536,4,1
"KERNEL_DISPATCH","Agent 5",1,0,791505,2514,32,"rmsnorm_f32",2514,73990428612650,73990428616530,0,0,16,0,128,256,1,1,93184,1,1
"KERNEL_DISPATCH","Agent 5",1,0,791505,2509,20,"fused_rmsnorm_mq_rotate_awq_i4_gfx12",2509,73990428399448,73990428410368,0,0,96,0,128,256,1,1,23296,1,1
"KERNEL_DISPATCH","Agent 5",1,0,791505,2504,20,"fused_rmsnorm_mq_rotate_awq_i4_gfx12",2504,73990427900803,73990427911604,0,0,96,0,128,256,1,1,23296,1,1
"KERNEL_DISPATCH","Agent 5",1,0,791505,2499,21,"gemm_mq4g256v2_residual_mmq_iu4_full_set_symfold",2499,73990427634961,73990427678001,0,0,184,0,128,256,1,1,256,1,1
"KERNEL_DISPATCH","Agent 5",1,0,791505,2494,22,"gemm_mq4g256v2_residual_mmq_iu4_full_add_symfold",2494,73990427239357,73990427423319,0,0,184,0,128,256,1,1,10240,1,1
"KERNEL_DISPATCH","Agent 5",1,0,791505,2489,22,"gemm_mq4g256v2_residual_mmq_iu4_full_add_symfold",2489,73990426852993,73990426922394,0,0,184,0,128,256,1,1,10240,1,1
"KERNEL_DISPATCH","Agent 5",1,0,791505,2484,21,"gemm_mq4g256v2_residual_mmq_iu4_full_set_symfold",2484,73990426617031,73990426660151,0,0,184,0,128,256,1,1,256,1,1
"KERNEL_DISPATCH","Agent 5",1,0,791505,2479,29,"fused_silu_mul_mq_rotate_awq_i4_gfx12",2479,73990426249267,73990426268348,0,0,56,0,128,32,1,1,2176,91,1
"KERNEL_DISPATCH","Agent 5",1,0,791505,2474,28,"gated_norm_mq_rotate_awq_i4_gfx12",2474,73990425873864,73990425886104,1024,0,40,0,128,64,1,1,1536,91,1
"KERNEL_DISPATCH","Agent 5",1,0,791505,2469,21,"gemm_mq4g256v2_residual_mmq_iu4_full_set_symfold",2469,73990425589941,73990425650382,0,0,184,0,128,256,1,1,12288,1,1
"KERNEL_DISPATCH","Agent 5",1,0,791505,2464,21,"gemm_mq4g256v2_residual_mmq_iu4_full_set_symfold",2464,73990425151617,73990425284378,0,0,184,0,128,256,1,1,34816,1,1
"KERNEL_DISPATCH","Agent 5",1,0,791505,2459,40,"attention_q8_0_fa2_gqa_gfx1201",2459,73990423679923,73990424902414,0,0,240,0,128,128,1,1,1536,4,1
"KERNEL_DISPATCH","Agent 5",1,0,791505,2454,32,"rmsnorm_f32",2454,73990423639162,73990423642842,0,0,16,0,128,256,1,1,93184,1,1
"KERNEL_DISPATCH","Agent 5",1,0,791505,2449,20,"fused_rmsnorm_mq_rotate_awq_i4_gfx12",2449,73990423425440,73990423436080,0,0,96,0,128,256,1,1,23296,1,1
"KERNEL_DISPATCH","Agent 5",1,0,791505,2444,20,"fused_rmsnorm_mq_rotate_awq_i4_gfx12",2444,73990422930115,73990422940715,0,0,96,0,128,256,1,1,23296,1,1
"KERNEL_DISPATCH","Agent 5",1,0,791505,2439,21,"gemm_mq4g256v2_residual_mmq_iu4_full_set_symfold",2439,73990422667793,73990422710553,0,0,184,0,128,256,1,1,256,1,1
"KERNEL_DISPATCH","Agent 5",1,0,791505,2434,22,"gemm_mq4g256v2_residual_mmq_iu4_full_add_symfold",2434,73990422277069,73990422460591,0,0,184,0,128,256,1,1,10240,1,1
"KERNEL_DISPATCH","Agent 5",1,0,791505,2429,22,"gemm_mq4g256v2_residual_mmq_iu4_full_add_symfold",2429,73990421895905,73990421965666,0,0,184,0,128,256,1,1,10240,1,1
"KERNEL_DISPATCH","Agent 5",1,0,791505,2424,21,"gemm_mq4g256v2_residual_mmq_iu4_full_set_symfold",2424,73990421657943,73990421701263,0,0,184,0,128,256,1,1,256,1,1
"KERNEL_DISPATCH","Agent 5",1,0,791505,2419,29,"fused_silu_mul_mq_rotate_awq_i4_gfx12",2419,73990421289739,73990421307540,0,0,56,0,128,32,1,1,2176,91,1
"KERNEL_DISPATCH","Agent 5",1,0,791505,2414,28,"gated_norm_mq_rotate_awq_i4_gfx12",2414,73990420913096,73990420925616,1024,0,40,0,128,64,1,1,1536,91,1
"KERNEL_DISPATCH","Agent 5",1,0,791505,2409,21,"gemm_mq4g256v2_residual_mmq_iu4_full_set_symfold",2409,73990420627773,73990420688454,0,0,184,0,128,256,1,1,12288,1,1
"KERNEL_DISPATCH","Agent 5",1,0,791505,2404,21,"gemm_mq4g256v2_residual_mmq_iu4_full_set_symfold",2404,73990420185769,73990420320650,0,0,184,0,128,256,1,1,34816,1,1
"KERNEL_DISPATCH","Agent 5",1,0,791505,2399,40,"attention_q8_0_fa2_gqa_gfx1201",2399,73990418698994,73990419942406,0,0,240,0,128,128,1,1,1536,4,1
"KERNEL_DISPATCH","Agent 5",1,0,791505,2394,32,"rmsnorm_f32",2394,73990418657594,73990418661394,0,0,16,0,128,256,1,1,93184,1,1
"KERNEL_DISPATCH","Agent 5",1,0,791505,2384,20,"fused_rmsnorm_mq_rotate_awq_i4_gfx12",2384,73990417939187,73990417950187,0,0,96,0,128,256,1,1,23296,1,1
"KERNEL_DISPATCH","Agent 5",1,0,791505,2379,21,"gemm_mq4g256v2_residual_mmq_iu4_full_set_symfold",2379,73990417667544,73990417712025,0,0,184,0,128,256,1,1,256,1,1
"KERNEL_DISPATCH","Agent 5",1,0,791505,2374,22,"gemm_mq4g256v2_residual_mmq_iu4_full_add_symfold",2374,73990417265220,73990417454062,0,0,184,0,128,256,1,1,10240,1,1
"KERNEL_DISPATCH","Agent 5",1,0,791505,2369,22,"gemm_mq4g256v2_residual_mmq_iu4_full_add_symfold",2369,73990416872737,73990416945817,0,0,184,0,128,256,1,1,10240,1,1
"KERNEL_DISPATCH","Agent 5",1,0,791505,2364,21,"gemm_mq4g256v2_residual_mmq_iu4_full_set_symfold",2364,73990416626494,73990416671655,0,0,184,0,128,256,1,1,256,1,1
"KERNEL_DISPATCH","Agent 5",1,0,791505,2359,29,"fused_silu_mul_mq_rotate_awq_i4_gfx12",2359,73990416239730,73990416258371,0,0,56,0,128,32,1,1,2176,91,1
"KERNEL_DISPATCH","Agent 5",1,0,791505,2354,28,"gated_norm_mq_rotate_awq_i4_gfx12",2354,73990415847727,73990415860727,1024,0,40,0,128,64,1,1,1536,91,1
"KERNEL_DISPATCH","Agent 5",1,0,791505,2349,21,"gemm_mq4g256v2_residual_mmq_iu4_full_set_symfold",2349,73990415541404,73990415610364,0,0,184,0,128,256,1,1,12288,1,1
"KERNEL_DISPATCH","Agent 5",1,0,791505,2179,12,"__amd_rocclr_copyBuffer",2179,73990414121310,73990414124710,0,0,16,0,128,512,1,1,16384,1,1
"KERNEL_DISPATCH","Agent 5",1,0,791505,2174,12,"__amd_rocclr_copyBuffer",2174,73990414087589,73990414090790,0,0,16,0,128,512,1,1,16384,1,1
"KERNEL_DISPATCH","Agent 5",1,0,791505,2169,12,"__amd_rocclr_copyBuffer",2169,73990414053589,73990414057269,0,0,16,0,128,512,1,1,16384,1,1
"KERNEL_DISPATCH","Agent 5",1,0,791505,2164,12,"__amd_rocclr_copyBuffer",2164,73990414019669,73990414023309,0,0,16,0,128,512,1,1,16384,1,1
"KERNEL_DISPATCH","Agent 5",1,0,791505,2159,12,"__amd_rocclr_copyBuffer",2159,73990413986629,73990413989869,0,0,16,0,128,512,1,1,16384,1,1
"KERNEL_DISPATCH","Agent 5",1,0,791505,2154,12,"__amd_rocclr_copyBuffer",2154,73990413956108,73990413958828,0,0,16,0,128,512,1,1,16384,1,1
"KERNEL_DISPATCH","Agent 5",1,0,791505,2144,21,"gemm_mq4g256v2_residual_mmq_iu4_full_set_symfold",2144,73990392999585,73990399304726,0,0,184,0,128,256,1,1,34816,64,1
"KERNEL_DISPATCH","Agent 5",1,0,791505,2139,39,"attention_fa2_q_preconvert_gfx1201",2139,73990351632224,73990352134908,0,0,16,0,128,128,1,1,6291456,1,1
"KERNEL_DISPATCH","Agent 5",1,0,791505,2134,30,"deinterleave_q_rmsnorm_f32_batched",2134,73990349322481,73990350726455,0,0,24,0,128,256,1,1,6144,8192,1
"KERNEL_DISPATCH","Agent 5",1,0,791505,2129,22,"gemm_mq4g256v2_residual_mmq_iu4_full_add_symfold",2129,73990338016331,73990343941749,0,0,184,0,128,256,1,1,10240,64,1
"KERNEL_DISPATCH","Agent 5",1,0,791505,2124,22,"gemm_mq4g256v2_residual_mmq_iu4_full_add_symfold",2124,73990321567292,73990323663312,0,0,184,0,128,256,1,1,10240,64,1
"KERNEL_DISPATCH","Agent 5",1,0,791505,2119,27,"gated_delta_net_q8_fast",2119,73990318340381,73990318914106,2048,0,64,0,128,32,1,1,1536,32,1
"KERNEL_DISPATCH","Agent 5",1,0,791505,2114,27,"gated_delta_net_q8_fast",2114,73990315408392,73990315999438,2048,0,64,0,128,32,1,1,1536,32,1
"KERNEL_DISPATCH","Agent 5",1,0,791505,2109,27,"gated_delta_net_q8_fast",2109,73990312419363,73990313019449,2048,0,64,0,128,32,1,1,1536,32,1
"KERNEL_DISPATCH","Agent 5",1,0,791505,2104,21,"gemm_mq4g256v2_residual_mmq_iu4_full_set_symfold",2104,73990308287043,73990308349404,0,0,184,0,128,256,1,1,256,64,1
"KERNEL_DISPATCH","Agent 5",1,0,791505,2099,29,"fused_silu_mul_mq_rotate_awq_i4_gfx12",2099,73990294062865,73990296173086,0,0,56,0,128,32,1,1,2176,8192,1
"KERNEL_DISPATCH","Agent 5",1,0,791505,2094,28,"gated_norm_mq_rotate_awq_i4_gfx12",2094,73990278818117,73990279749326,1024,0,40,0,128,64,1,1,1536,8192,1
"KERNEL_DISPATCH","Agent 5",1,0,791505,2089,27,"gated_delta_net_q8_fast",2089,73990275946849,73990276521255,2048,0,64,0,128,32,1,1,1536,32,1
"KERNEL_DISPATCH","Agent 5",1,0,791505,2084,27,"gated_delta_net_q8_fast",2084,73990273015661,73990273604627,2048,0,64,0,128,32,1,1,1536,32,1
"KERNEL_DISPATCH","Agent 5",1,0,791505,2079,27,"gated_delta_net_q8_fast",2079,73990269980951,73990270592837,2048,0,64,0,128,32,1,1,1536,32,1
"KERNEL_DISPATCH","Agent 5",1,0,791505,2074,21,"gemm_mq4g256v2_residual_mmq_iu4_full_set_symfold",2074,73990264321857,73990266428037,0,0,184,0,128,256,1,1,12288,64,1
"KERNEL_DISPATCH","Agent 5",1,0,791505,2069,21,"gemm_mq4g256v2_residual_mmq_iu4_full_set_symfold",2069,73990246267001,73990252175339,0,0,184,0,128,256,1,1,34816,64,1
"KERNEL_DISPATCH","Agent 5",1,0,791505,2064,27,"gated_delta_net_q8_fast",2064,73990236657068,73990237195393,2048,0,64,0,128,32,1,1,1536,32,1
"KERNEL_DISPATCH","Agent 5",1,0,791505,2059,27,"gated_delta_net_q8_fast",2059,73990233946962,73990234485887,2048,0,64,0,128,32,1,1,1536,32,1
"KERNEL_DISPATCH","Agent 5",1,0,791505,2054,27,"gated_delta_net_q8_fast",2054,73990231208135,73990231754701,2048,0,64,0,128,32,1,1,1536,32,1
"KERNEL_DISPATCH","Agent 5",1,0,791505,2049,27,"gated_delta_net_q8_fast",2049,73990228455029,73990229007914,2048,0,64,0,128,32,1,1,1536,32,1
"KERNEL_DISPATCH","Agent 5",1,0,791505,2044,21,"gemm_mq4g256v2_residual_mmq_iu4_full_set_symfold",2044,73990220338910,73990223660982,0,0,184,0,128,256,1,1,20480,64,1
"KERNEL_DISPATCH","Agent 5",1,0,791505,2039,21,"gemm_mq4g256v2_residual_mmq_iu4_full_set_symfold",2039,73990199810391,73990206223893,0,0,184,0,128,256,1,1,34816,64,1
"KERNEL_DISPATCH","Agent 5",1,0,791505,2034,39,"attention_fa2_q_preconvert_gfx1201",2034,73990157794583,73990158298668,0,0,16,0,128,128,1,1,6291456,1,1
"KERNEL_DISPATCH","Agent 5",1,0,791505,2029,30,"deinterleave_q_rmsnorm_f32_batched",2029,73990155491521,73990156891534,0,0,24,0,128,256,1,1,6144,8192,1
"KERNEL_DISPATCH","Agent 5",1,0,791505,2024,22,"gemm_mq4g256v2_residual_mmq_iu4_full_add_symfold",2024,73990144140771,73990150076868,0,0,184,0,128,256,1,1,10240,64,1
"KERNEL_DISPATCH","Agent 5",1,0,791505,2019,22,"gemm_mq4g256v2_residual_mmq_iu4_full_add_symfold",2019,73990127845493,73990129916193,0,0,184,0,128,256,1,1,10240,64,1
"KERNEL_DISPATCH","Agent 5",1,0,791505,2014,27,"gated_delta_net_q8_fast",2014,73990124625861,73990125197187,2048,0,64,0,128,32,1,1,1536,32,1
"KERNEL_DISPATCH","Agent 5",1,0,791505,2009,27,"gated_delta_net_q8_fast",2009,73990121694193,73990122283519,2048,0,64,0,128,32,1,1,1536,32,1
"KERNEL_DISPATCH","Agent 5",1,0,791505,2004,27,"gated_delta_net_q8_fast",2004,73990118704964,73990119302330,2048,0,64,0,128,32,1,1,1536,32,1
"KERNEL_DISPATCH","Agent 5",1,0,791505,1999,21,"gemm_mq4g256v2_residual_mmq_iu4_full_set_symfold",1999,73990114584764,73990114646804,0,0,184,0,128,256,1,1,256,64,1
"KERNEL_DISPATCH","Agent 5",1,0,791505,1994,29,"fused_silu_mul_mq_rotate_awq_i4_gfx12",1994,73990100422386,73990102534247,0,0,56,0,128,32,1,1,2176,8192,1
"KERNEL_DISPATCH","Agent 5",1,0,791505,1989,28,"gated_norm_mq_rotate_awq_i4_gfx12",1989,73990085130398,73990086058527,1024,0,40,0,128,64,1,1,1536,8192,1
"KERNEL_DISPATCH","Agent 5",1,0,791505,1984,27,"gated_delta_net_q8_fast",1984,73990082215250,73990082802456,2048,0,64,0,128,32,1,1,1536,32,1
"KERNEL_DISPATCH","Agent 5",1,0,791505,1979,27,"gated_delta_net_q8_fast",1979,73990079221581,73990079821107,2048,0,64,0,128,32,1,1,1536,32,1
"KERNEL_DISPATCH","Agent 5",1,0,791505,1974,27,"gated_delta_net_q8_fast",1974,73990076179751,73990076788597,2048,0,64,0,128,32,1,1,1536,32,1
"KERNEL_DISPATCH","Agent 5",1,0,791505,1969,21,"gemm_mq4g256v2_residual_mmq_iu4_full_set_symfold",1969,73990070502056,73990072626717,0,0,184,0,128,256,1,1,12288,64,1
"KERNEL_DISPATCH","Agent 5",1,0,791505,1964,21,"gemm_mq4g256v2_residual_mmq_iu4_full_set_symfold",1964,73990052517082,73990058375379,0,0,184,0,128,256,1,1,34816,64,1
"KERNEL_DISPATCH","Agent 5",1,0,791505,1959,27,"gated_delta_net_q8_fast",1959,73990042760467,73990043306512,2048,0,64,0,128,32,1,1,1536,32,1
"KERNEL_DISPATCH","Agent 5",1,0,791505,1954,27,"gated_delta_net_q8_fast",1954,73990040005280,73990040556406,2048,0,64,0,128,32,1,1,1536,32,1
"KERNEL_DISPATCH","Agent 5",1,0,791505,1949,27,"gated_delta_net_q8_fast",1949,73990037209493,73990037769699,2048,0,64,0,128,32,1,1,1536,32,1
"KERNEL_DISPATCH","Agent 5",1,0,791505,1944,27,"gated_delta_net_q8_fast",1944,73990034387906,73990034953511,2048,0,64,0,128,32,1,1,1536,32,1
"KERNEL_DISPATCH","Agent 5",1,0,791505,1939,21,"gemm_mq4g256v2_residual_mmq_iu4_full_set_symfold",1939,73990026258987,73990029565579,0,0,184,0,128,256,1,1,20480,64,1
"KERNEL_DISPATCH","Agent 5",1,0,791505,1934,21,"gemm_mq4g256v2_residual_mmq_iu4_full_set_symfold",1934,73990006184312,73990012246371,0,0,184,0,128,256,1,1,34816,64,1
"KERNEL_DISPATCH","Agent 5",1,0,791505,1929,39,"attention_fa2_q_preconvert_gfx1201",1929,73989965799800,73989966303605,0,0,16,0,128,128,1,1,6291456,1,1
"KERNEL_DISPATCH","Agent 5",1,0,791505,1924,30,"deinterleave_q_rmsnorm_f32_batched",1924,73989963503938,73989964900552,0,0,24,0,128,256,1,1,6144,8192,1
"KERNEL_DISPATCH","Agent 5",1,0,791505,1919,22,"gemm_mq4g256v2_residual_mmq_iu4_full_add_symfold",1919,73989952164988,73989958125926,0,0,184,0,128,256,1,1,10240,64,1
"KERNEL_DISPATCH","Agent 5",1,0,791505,1914,22,"gemm_mq4g256v2_residual_mmq_iu4_full_add_symfold",1914,73989935825510,73989937913010,0,0,184,0,128,256,1,1,10240,64,1
"KERNEL_DISPATCH","Agent 5",1,0,791505,1909,27,"gated_delta_net_q8_fast",1909,73989932611478,73989933183164,2048,0,64,0,128,32,1,1,1536,32,1
"KERNEL_DISPATCH","Agent 5",1,0,791505,1904,27,"gated_delta_net_q8_fast",1904,73989929688490,73989930274536,2048,0,64,0,128,32,1,1,1536,32,1
"KERNEL_DISPATCH","Agent 5",1,0,791505,1899,27,"gated_delta_net_q8_fast",1899,73989926709181,73989927306787,2048,0,64,0,128,32,1,1,1536,32,1
"KERNEL_DISPATCH","Agent 5",1,0,791505,1894,21,"gemm_mq4g256v2_residual_mmq_iu4_full_set_symfold",1894,73989922575741,73989922638102,0,0,184,0,128,256,1,1,256,64,1
"KERNEL_DISPATCH","Agent 5",1,0,791505,1889,29,"fused_silu_mul_mq_rotate_awq_i4_gfx12",1889,73989908374803,73989910482304,0,0,56,0,128,32,1,1,2176,8192,1
"KERNEL_DISPATCH","Agent 5",1,0,791505,1884,28,"gated_norm_mq_rotate_awq_i4_gfx12",1884,73989893118935,73989894047104,1024,0,40,0,128,64,1,1,1536,8192,1
"KERNEL_DISPATCH","Agent 5",1,0,791505,1879,27,"gated_delta_net_q8_fast",1879,73989890232627,73989890811273,2048,0,64,0,128,32,1,1,1536,32,1
"KERNEL_DISPATCH","Agent 5",1,0,791505,1874,27,"gated_delta_net_q8_fast",1874,73989887273119,73989887864284,2048,0,64,0,128,32,1,1,1536,32,1
"KERNEL_DISPATCH","Agent 5",1,0,791505,1869,27,"gated_delta_net_q8_fast",1869,73989884259249,73989884863495,2048,0,64,0,128,32,1,1,1536,32,1
"KERNEL_DISPATCH","Agent 5",1,0,791505,1864,21,"gemm_mq4g256v2_residual_mmq_iu4_full_set_symfold",1864,73989878595594,73989880714215,0,0,184,0,128,256,1,1,12288,64,1
"KERNEL_DISPATCH","Agent 5",1,0,791505,1859,21,"gemm_mq4g256v2_residual_mmq_iu4_full_set_symfold",1859,73989860477659,73989866422476,0,0,184,0,128,256,1,1,34816,64,1
"KERNEL_DISPATCH","Agent 5",1,0,791505,1854,27,"gated_delta_net_q8_fast",1854,73989850878406,73989851421051,2048,0,64,0,128,32,1,1,1536,32,1
"KERNEL_DISPATCH","Agent 5",1,0,791505,1849,27,"gated_delta_net_q8_fast",1849,73989848122979,73989848673144,2048,0,64,0,128,32,1,1,1536,32,1
"KERNEL_DISPATCH","Agent 5",1,0,791505,1844,27,"gated_delta_net_q8_fast",1844,73989845331872,73989845890477,2048,0,64,0,128,32,1,1,1536,32,1
"KERNEL_DISPATCH","Agent 5",1,0,791505,1839,27,"gated_delta_net_q8_fast",1839,73989842507924,73989843073810,2048,0,64,0,128,32,1,1,1536,32,1
"KERNEL_DISPATCH","Agent 5",1,0,791505,1834,21,"gemm_mq4g256v2_residual_mmq_iu4_full_set_symfold",1834,73989834408206,73989837712038,0,0,184,0,128,256,1,1,20480,64,1
"KERNEL_DISPATCH","Agent 5",1,0,791505,1829,21,"gemm_mq4g256v2_residual_mmq_iu4_full_set_symfold",1829,73989814267130,73989820396510,0,0,184,0,128,256,1,1,34816,64,1
"KERNEL_DISPATCH","Agent 5",1,0,791505,1824,39,"attention_fa2_q_preconvert_gfx1201",1824,73989773251172,73989773754217,0,0,16,0,128,128,1,1,6291456,1,1
"KERNEL_DISPATCH","Agent 5",1,0,791505,1819,30,"deinterleave_q_rmsnorm_f32_batched",1819,73989770947430,73989772351884,0,0,24,0,128,256,1,1,6144,8192,1
"KERNEL_DISPATCH","Agent 5",1,0,791505,1814,22,"gemm_mq4g256v2_residual_mmq_iu4_full_add_symfold",1814,73989759628520,73989765556418,0,0,184,0,128,256,1,1,10240,64,1
"KERNEL_DISPATCH","Agent 5",1,0,791505,1809,22,"gemm_mq4g256v2_residual_mmq_iu4_full_add_symfold",1809,73989743276042,73989745359342,0,0,184,0,128,256,1,1,10240,64,1
"KERNEL_DISPATCH","Agent 5",1,0,791505,1804,27,"gated_delta_net_q8_fast",1804,73989740032730,73989740610576,2048,0,64,0,128,32,1,1,1536,32,1
"KERNEL_DISPATCH","Agent 5",1,0,791505,1799,27,"gated_delta_net_q8_fast",1799,73989737075461,73989737667547,2048,0,64,0,128,32,1,1,1536,32,1
"KERNEL_DISPATCH","Agent 5",1,0,791505,1794,27,"gated_delta_net_q8_fast",1794,73989734067592,73989734670558,2048,0,64,0,128,32,1,1,1536,32,1
"KERNEL_DISPATCH","Agent 5",1,0,791505,1789,21,"gemm_mq4g256v2_residual_mmq_iu4_full_set_symfold",1789,73989729917552,73989729980273,0,0,184,0,128,256,1,1,256,64,1
"KERNEL_DISPATCH","Agent 5",1,0,791505,1784,29,"fused_silu_mul_mq_rotate_awq_i4_gfx12",1784,73989715678574,73989717785674,0,0,56,0,128,32,1,1,2176,8192,1
"KERNEL_DISPATCH","Agent 5",1,0,791505,1779,28,"gated_norm_mq_rotate_awq_i4_gfx12",1779,73989700462626,73989701389555,1024,0,40,0,128,64,1,1,1536,8192,1
"KERNEL_DISPATCH","Agent 5",1,0,791505,1774,27,"gated_delta_net_q8_fast",1774,73989697547158,73989698134564,2048,0,64,0,128,32,1,1,1536,32,1
"KERNEL_DISPATCH","Agent 5",1,0,791505,1769,27,"gated_delta_net_q8_fast",1769,73989694563209,73989695159535,2048,0,64,0,128,32,1,1,1536,32,1
"KERNEL_DISPATCH","Agent 5",1,0,791505,1764,27,"gated_delta_net_q8_fast",1764,73989691528460,73989692136385,2048,0,64,0,128,32,1,1,1536,32,1
"KERNEL_DISPATCH","Agent 5",1,0,791505,1759,21,"gemm_mq4g256v2_residual_mmq_iu4_full_set_symfold",1759,73989685860045,73989687971345,0,0,184,0,128,256,1,1,12288,64,1
"KERNEL_DISPATCH","Agent 5",1,0,791505,1754,21,"gemm_mq4g256v2_residual_mmq_iu4_full_set_symfold",1754,73989667795909,73989673715207,0,0,184,0,128,256,1,1,34816,64,1
"KERNEL_DISPATCH","Agent 5",1,0,791505,1749,27,"gated_delta_net_q8_fast",1749,73989658136896,73989658684861,2048,0,64,0,128,32,1,1,1536,32,1
"KERNEL_DISPATCH","Agent 5",1,0,791505,1744,27,"gated_delta_net_q8_fast",1744,73989655360669,73989655917274,2048,0,64,0,128,32,1,1,1536,32,1
"KERNEL_DISPATCH","Agent 5",1,0,791505,1739,27,"gated_delta_net_q8_fast",1739,73989652541441,73989653102687,2048,0,64,0,128,32,1,1,1536,32,1
"KERNEL_DISPATCH","Agent 5",1,0,791505,1734,27,"gated_delta_net_q8_fast",1734,73989649735534,73989650295900,2048,0,64,0,128,32,1,1,1536,32,1
"KERNEL_DISPATCH","Agent 5",1,0,791505,1729,21,"gemm_mq4g256v2_residual_mmq_iu4_full_set_symfold",1729,73989641657136,73989644944608,0,0,184,0,128,256,1,1,20480,64,1
"KERNEL_DISPATCH","Agent 5",1,0,791505,1724,21,"gemm_mq4g256v2_residual_mmq_iu4_full_set_symfold",1724,73989621321658,73989627556239,0,0,184,0,128,256,1,1,34816,64,1
"KERNEL_DISPATCH","Agent 5",1,0,791505,1719,39,"attention_fa2_q_preconvert_gfx1201",1719,73989580300101,73989580802785,0,0,16,0,128,128,1,1,6291456,1,1
"KERNEL_DISPATCH","Agent 5",1,0,791505,1714,30,"deinterleave_q_rmsnorm_f32_batched",1714,73989578002878,73989579401532,0,0,24,0,128,256,1,1,6144,8192,1
"KERNEL_DISPATCH","Agent 5",1,0,791505,1709,22,"gemm_mq4g256v2_residual_mmq_iu4_full_add_symfold",1709,73989566781649,73989572632906,0,0,184,0,128,256,1,1,10240,64,1
"KERNEL_DISPATCH","Agent 5",1,0,791505,1704,22,"gemm_mq4g256v2_residual_mmq_iu4_full_add_symfold",1704,73989550462931,73989552589952,0,0,184,0,128,256,1,1,10240,64,1
"KERNEL_DISPATCH","Agent 5",1,0,791505,1699,27,"gated_delta_net_q8_fast",1699,73989547222660,73989547799705,2048,0,64,0,128,32,1,1,1536,32,1
"KERNEL_DISPATCH","Agent 5",1,0,791505,1694,27,"gated_delta_net_q8_fast",1694,73989544274711,73989544869917,2048,0,64,0,128,32,1,1,1536,32,1
"KERNEL_DISPATCH","Agent 5",1,0,791505,2091,27,"gated_delta_net_q8_fast",2091,73990277098853,73990277668098,2048,0,64,0,128,32,1,1,1536,32,1
"KERNEL_DISPATCH","Agent 5",1,0,791505,2184,12,"__amd_rocclr_copyBuffer",2184,73990414154861,73990414158021,0,0,16,0,128,512,1,1,16384,1,1
"KERNEL_DISPATCH","Agent 5",1,0,791505,1689,27,"gated_delta_net_q8_fast",1689,73989541246562,73989541854768,2048,0,64,0,128,32,1,1,1536,32,1
"KERNEL_DISPATCH","Agent 5",1,0,791505,1684,21,"gemm_mq4g256v2_residual_mmq_iu4_full_set_symfold",1684,73989537092841,73989537155762,0,0,184,0,128,256,1,1,256,64,1
"KERNEL_DISPATCH","Agent 5",1,0,791505,1679,29,"fused_silu_mul_mq_rotate_awq_i4_gfx12",1679,73989522887624,73989524996284,0,0,56,0,128,32,1,1,2176,8192,1
"KERNEL_DISPATCH","Agent 5",1,0,791505,1674,28,"gated_norm_mq_rotate_awq_i4_gfx12",1674,73989507678436,73989508607765,1024,0,40,0,128,64,1,1,1536,8192,1
"KERNEL_DISPATCH","Agent 5",1,0,791505,1669,27,"gated_delta_net_q8_fast",1669,73989504783928,73989505362534,2048,0,64,0,128,32,1,1,1536,32,1
"KERNEL_DISPATCH","Agent 5",1,0,791505,1664,27,"gated_delta_net_q8_fast",1664,73989501834659,73989502426385,2048,0,64,0,128,32,1,1,1536,32,1
"KERNEL_DISPATCH","Agent 5",1,0,791505,1659,27,"gated_delta_net_q8_fast",1659,73989498787550,73989499398836,2048,0,64,0,128,32,1,1,1536,32,1
"KERNEL_DISPATCH","Agent 5",1,0,791505,1654,21,"gemm_mq4g256v2_residual_mmq_iu4_full_set_symfold",1654,73989493093814,73989495233595,0,0,184,0,128,256,1,1,12288,64,1
"KERNEL_DISPATCH","Agent 5",1,0,791505,1649,21,"gemm_mq4g256v2_residual_mmq_iu4_full_set_symfold",1649,73989475183521,73989481007057,0,0,184,0,128,256,1,1,34816,64,1
"KERNEL_DISPATCH","Agent 5",1,0,791505,1644,27,"gated_delta_net_q8_fast",1644,73989465472147,73989466013352,2048,0,64,0,128,32,1,1,1536,32,1
"KERNEL_DISPATCH","Agent 5",1,0,791505,1639,27,"gated_delta_net_q8_fast",1639,73989462749680,73989463292525,2048,0,64,0,128,32,1,1,1536,32,1
"KERNEL_DISPATCH","Agent 5",1,0,791505,1634,27,"gated_delta_net_q8_fast",1634,73989460003893,73989460553059,2048,0,64,0,128,32,1,1,1536,32,1
"KERNEL_DISPATCH","Agent 5",1,0,791505,1629,27,"gated_delta_net_q8_fast",1629,73989457247427,73989457796152,2048,0,64,0,128,32,1,1,1536,32,1
"KERNEL_DISPATCH","Agent 5",1,0,791505,1624,21,"gemm_mq4g256v2_residual_mmq_iu4_full_set_symfold",1624,73989449133028,73989452448740,0,0,184,0,128,256,1,1,20480,64,1
"KERNEL_DISPATCH","Agent 5",1,0,791505,1619,21,"gemm_mq4g256v2_residual_mmq_iu4_full_set_symfold",1619,73989428882792,73989435090772,0,0,184,0,128,256,1,1,34816,64,1
"KERNEL_DISPATCH","Agent 5",1,0,791505,1614,39,"attention_fa2_q_preconvert_gfx1201",1614,73989387298748,73989387803553,0,0,16,0,128,128,1,1,6291456,1,1
"KERNEL_DISPATCH","Agent 5",1,0,791505,1609,30,"deinterleave_q_rmsnorm_f32_batched",1609,73989385012486,73989386405459,0,0,24,0,128,256,1,1,6144,8192,1
"KERNEL_DISPATCH","Agent 5",1,0,791505,1604,22,"gemm_mq4g256v2_residual_mmq_iu4_full_add_symfold",1604,73989373694336,73989379585673,0,0,184,0,128,256,1,1,10240,64,1
"KERNEL_DISPATCH","Agent 5",1,0,791505,1599,22,"gemm_mq4g256v2_residual_mmq_iu4_full_add_symfold",1599,73989357314777,73989359403677,0,0,184,0,128,256,1,1,10240,64,1
"KERNEL_DISPATCH","Agent 5",1,0,791505,1594,27,"gated_delta_net_q8_fast",1594,73989354073786,73989354649431,2048,0,64,0,128,32,1,1,1536,32,1
"KERNEL_DISPATCH","Agent 5",1,0,791505,1589,27,"gated_delta_net_q8_fast",1589,73989351126797,73989351717723,2048,0,64,0,128,32,1,1,1536,32,1
"KERNEL_DISPATCH","Agent 5",1,0,791505,1584,27,"gated_delta_net_q8_fast",1584,73989348112968,73989348715494,2048,0,64,0,128,32,1,1,1536,32,1
"KERNEL_DISPATCH","Agent 5",1,0,791505,1579,21,"gemm_mq4g256v2_residual_mmq_iu4_full_set_symfold",1579,73989343972888,73989344034688,0,0,184,0,128,256,1,1,256,64,1
"KERNEL_DISPATCH","Agent 5",1,0,791505,1574,29,"fused_silu_mul_mq_rotate_awq_i4_gfx12",1574,73989329789590,73989331898091,0,0,56,0,128,32,1,1,2176,8192,1
"KERNEL_DISPATCH","Agent 5",1,0,791505,1569,28,"gated_norm_mq_rotate_awq_i4_gfx12",1569,73989314585483,73989315511292,1024,0,40,0,128,64,1,1,1536,8192,1
"KERNEL_DISPATCH","Agent 5",1,0,791505,1564,27,"gated_delta_net_q8_fast",1564,73989311670734,73989312257580,2048,0,64,0,128,32,1,1,1536,32,1
"KERNEL_DISPATCH","Agent 5",1,0,791505,1559,27,"gated_delta_net_q8_fast",1559,73989308664945,73989309267071,2048,0,64,0,128,32,1,1,1536,32,1
"KERNEL_DISPATCH","Agent 5",1,0,791505,1554,27,"gated_delta_net_q8_fast",1554,73989305607916,73989306221842,2048,0,64,0,128,32,1,1,1536,32,1
"KERNEL_DISPATCH","Agent 5",1,0,791505,1549,21,"gemm_mq4g256v2_residual_mmq_iu4_full_set_symfold",1549,73989299920860,73989302058801,0,0,184,0,128,256,1,1,12288,64,1
"KERNEL_DISPATCH","Agent 5",1,0,791505,1544,21,"gemm_mq4g256v2_residual_mmq_iu4_full_set_symfold",1544,73989282009047,73989287823663,0,0,184,0,128,256,1,1,34816,64,1
"KERNEL_DISPATCH","Agent 5",1,0,791505,1539,27,"gated_delta_net_q8_fast",1539,73989272461354,73989272997159,2048,0,64,0,128,32,1,1,1536,32,1
"KERNEL_DISPATCH","Agent 5",1,0,791505,1534,27,"gated_delta_net_q8_fast",1534,73989269756968,73989270300373,2048,0,64,0,128,32,1,1,1536,32,1
"KERNEL_DISPATCH","Agent 5",1,0,791505,1529,27,"gated_delta_net_q8_fast",1529,73989267042701,73989267584747,2048,0,64,0,128,32,1,1,1536,32,1
"KERNEL_DISPATCH","Agent 5",1,0,791505,1524,27,"gated_delta_net_q8_fast",1524,73989264307275,73989264852720,2048,0,64,0,128,32,1,1,1536,32,1
"KERNEL_DISPATCH","Agent 5",1,0,791505,1519,21,"gemm_mq4g256v2_residual_mmq_iu4_full_set_symfold",1519,73989256246957,73989259546229,0,0,184,0,128,256,1,1,20480,64,1
"KERNEL_DISPATCH","Agent 5",1,0,791505,1514,21,"gemm_mq4g256v2_residual_mmq_iu4_full_set_symfold",1514,73989235810158,73989242225421,0,0,184,0,128,256,1,1,34816,64,1
"KERNEL_DISPATCH","Agent 5",1,0,791505,1509,39,"attention_fa2_q_preconvert_gfx1201",1509,73989193039104,73989193542828,0,0,16,0,128,128,1,1,6291456,1,1
"KERNEL_DISPATCH","Agent 5",1,0,791505,1504,30,"deinterleave_q_rmsnorm_f32_batched",1504,73989190741841,73989192139575,0,0,24,0,128,256,1,1,6144,8192,1
"KERNEL_DISPATCH","Agent 5",1,0,791505,1499,22,"gemm_mq4g256v2_residual_mmq_iu4_full_add_symfold",1499,73989179467052,73989185337309,0,0,184,0,128,256,1,1,10240,64,1
"KERNEL_DISPATCH","Agent 5",1,0,791505,1494,22,"gemm_mq4g256v2_residual_mmq_iu4_full_add_symfold",1494,73989163227014,73989165254634,0,0,184,0,128,256,1,1,10240,64,1
"KERNEL_DISPATCH","Agent 5",1,0,791505,1489,27,"gated_delta_net_q8_fast",1489,73989160008983,73989160580909,2048,0,64,0,128,32,1,1,1536,32,1
"KERNEL_DISPATCH","Agent 5",1,0,791505,1484,27,"gated_delta_net_q8_fast",1484,73989157060954,73989157655320,2048,0,64,0,128,32,1,1,1536,32,1
"KERNEL_DISPATCH","Agent 5",1,0,791505,1479,27,"gated_delta_net_q8_fast",1479,73989154023765,73989154626531,2048,0,64,0,128,32,1,1,1536,32,1
"KERNEL_DISPATCH","Agent 5",1,0,791505,1474,21,"gemm_mq4g256v2_residual_mmq_iu4_full_set_symfold",1474,73989149873725,73989149936085,0,0,184,0,128,256,1,1,256,64,1
"KERNEL_DISPATCH","Agent 5",1,0,791505,1469,29,"fused_silu_mul_mq_rotate_awq_i4_gfx12",1469,73989135668587,73989137782367,0,0,56,0,128,32,1,1,2176,8192,1
"KERNEL_DISPATCH","Agent 5",1,0,791505,1464,28,"gated_norm_mq_rotate_awq_i4_gfx12",1464,73989120413559,73989121343248,1024,0,40,0,128,64,1,1,1536,8192,1
"KERNEL_DISPATCH","Agent 5",1,0,791505,1459,27,"gated_delta_net_q8_fast",1459,73989117513731,73989118094856,2048,0,64,0,128,32,1,1,1536,32,1
"KERNEL_DISPATCH","Agent 5",1,0,791505,1454,27,"gated_delta_net_q8_fast",1454,73989114548862,73989115147588,2048,0,64,0,128,32,1,1,1536,32,1
"KERNEL_DISPATCH","Agent 5",1,0,791505,1449,27,"gated_delta_net_q8_fast",1449,73989111497432,73989112110478,2048,0,64,0,128,32,1,1,1536,32,1
"KERNEL_DISPATCH","Agent 5",1,0,791505,1444,21,"gemm_mq4g256v2_residual_mmq_iu4_full_set_symfold",1444,73989105745417,73989107931038,0,0,184,0,128,256,1,1,12288,64,1
"KERNEL_DISPATCH","Agent 5",1,0,791505,1439,21,"gemm_mq4g256v2_residual_mmq_iu4_full_set_symfold",1439,73989087738962,73989093643819,0,0,184,0,128,256,1,1,34816,64,1
"KERNEL_DISPATCH","Agent 5",1,0,791505,1434,27,"gated_delta_net_q8_fast",1434,73989078155149,73989078696994,2048,0,64,0,128,32,1,1,1536,32,1
"KERNEL_DISPATCH","Agent 5",1,0,791505,1429,27,"gated_delta_net_q8_fast",1429,73989075406002,73989075954648,2048,0,64,0,128,32,1,1,1536,32,1
"KERNEL_DISPATCH","Agent 5",1,0,791505,1424,27,"gated_delta_net_q8_fast",1424,73989072622975,73989073181301,2048,0,64,0,128,32,1,1,1536,32,1
"KERNEL_DISPATCH","Agent 5",1,0,791505,1419,27,"gated_delta_net_q8_fast",1419,73989069822788,73989070386794,2048,0,64,0,128,32,1,1,1536,32,1
"KERNEL_DISPATCH","Agent 5",1,0,791505,1414,21,"gemm_mq4g256v2_residual_mmq_iu4_full_set_symfold",1414,73989061741630,73989065030182,0,0,184,0,128,256,1,1,20480,64,1
"KERNEL_DISPATCH","Agent 5",1,0,791505,1409,21,"gemm_mq4g256v2_residual_mmq_iu4_full_set_symfold",1409,73989041624475,73989047794094,0,0,184,0,128,256,1,1,34816,64,1
"KERNEL_DISPATCH","Agent 5",1,0,791505,1404,39,"attention_fa2_q_preconvert_gfx1201",1404,73989000800319,73989001305483,0,0,16,0,128,128,1,1,6291456,1,1
"KERNEL_DISPATCH","Agent 5",1,0,791505,1399,30,"deinterleave_q_rmsnorm_f32_batched",1399,73988998500416,73988999899670,0,0,24,0,128,256,1,1,6144,8192,1
"KERNEL_DISPATCH","Agent 5",1,0,791505,1394,22,"gemm_mq4g256v2_residual_mmq_iu4_full_add_symfold",1394,73988987212787,73988993113204,0,0,184,0,128,256,1,1,10240,64,1
"KERNEL_DISPATCH","Agent 5",1,0,791505,1389,22,"gemm_mq4g256v2_residual_mmq_iu4_full_add_symfold",1389,73988970894908,73988972964208,0,0,184,0,128,256,1,1,10240,64,1
"KERNEL_DISPATCH","Agent 5",1,0,791505,1384,27,"gated_delta_net_q8_fast",1384,73988967638037,73988968216522,2048,0,64,0,128,32,1,1,1536,32,1
"KERNEL_DISPATCH","Agent 5",1,0,791505,1379,27,"gated_delta_net_q8_fast",1379,73988964688328,73988965280974,2048,0,64,0,128,32,1,1,1536,32,1
"KERNEL_DISPATCH","Agent 5",1,0,791505,1374,27,"gated_delta_net_q8_fast",1374,73988961645299,73988962255785,2048,0,64,0,128,32,1,1,1536,32,1
"KERNEL_DISPATCH","Agent 5",1,0,791505,1369,21,"gemm_mq4g256v2_residual_mmq_iu4_full_set_symfold",1369,73988957486418,73988957547819,0,0,184,0,128,256,1,1,256,64,1
"KERNEL_DISPATCH","Agent 5",1,0,791505,1364,29,"fused_silu_mul_mq_rotate_awq_i4_gfx12",1364,73988943274920,73988945385621,0,0,56,0,128,32,1,1,2176,8192,1
"KERNEL_DISPATCH","Agent 5",1,0,791505,1359,28,"gated_norm_mq_rotate_awq_i4_gfx12",1359,73988928149294,73988929078503,1024,0,40,0,128,64,1,1,1536,8192,1
"KERNEL_DISPATCH","Agent 5",1,0,791505,1354,27,"gated_delta_net_q8_fast",1354,73988925227825,73988925815271,2048,0,64,0,128,32,1,1,1536,32,1
"KERNEL_DISPATCH","Agent 5",1,0,791505,1349,27,"gated_delta_net_q8_fast",1349,73988922215116,73988922815682,2048,0,64,0,128,32,1,1,1536,32,1
"KERNEL_DISPATCH","Agent 5",1,0,791505,1344,27,"gated_delta_net_q8_fast",1344,73988919164967,73988919777332,2048,0,64,0,128,32,1,1,1536,32,1
"KERNEL_DISPATCH","Agent 5",1,0,791505,1339,21,"gemm_mq4g256v2_residual_mmq_iu4_full_set_symfold",1339,73988913440631,73988915601972,0,0,184,0,128,256,1,1,12288,64,1
"KERNEL_DISPATCH","Agent 5",1,0,791505,1334,21,"gemm_mq4g256v2_residual_mmq_iu4_full_set_symfold",1334,73988895539537,73988901356554,0,0,184,0,128,256,1,1,34816,64,1
"KERNEL_DISPATCH","Agent 5",1,0,791505,1329,27,"gated_delta_net_q8_fast",1329,73988885937444,73988886471289,2048,0,64,0,128,32,1,1,1536,32,1
"KERNEL_DISPATCH","Agent 5",1,0,791505,1324,27,"gated_delta_net_q8_fast",1324,73988883256898,73988883790143,2048,0,64,0,128,32,1,1,1536,32,1
"KERNEL_DISPATCH","Agent 5",1,0,791505,1319,27,"gated_delta_net_q8_fast",1319,73988880558832,73988881095637,2048,0,64,0,128,32,1,1,1536,32,1
"KERNEL_DISPATCH","Agent 5",1,0,791505,1314,27,"gated_delta_net_q8_fast",1314,73988877856126,73988878395411,2048,0,64,0,128,32,1,1,1536,32,1
"KERNEL_DISPATCH","Agent 5",1,0,791505,1309,21,"gemm_mq4g256v2_residual_mmq_iu4_full_set_symfold",1309,73988869771967,73988873090440,0,0,184,0,128,256,1,1,20480,64,1
"KERNEL_DISPATCH","Agent 5",1,0,791505,1304,21,"gemm_mq4g256v2_residual_mmq_iu4_full_set_symfold",1304,73988849393970,73988855777032,0,0,184,0,128,256,1,1,34816,64,1
"KERNEL_DISPATCH","Agent 5",1,0,791505,1299,39,"attention_fa2_q_preconvert_gfx1201",1299,73988807220440,73988807723765,0,0,16,0,128,128,1,1,6291456,1,1
"KERNEL_DISPATCH","Agent 5",1,0,791505,1294,30,"deinterleave_q_rmsnorm_f32_batched",1294,73988804926978,73988806321872,0,0,24,0,128,256,1,1,6144,8192,1
"KERNEL_DISPATCH","Agent 5",1,0,791505,1289,22,"gemm_mq4g256v2_residual_mmq_iu4_full_add_symfold",1289,73988793589508,73988799498446,0,0,184,0,128,256,1,1,10240,64,1
"KERNEL_DISPATCH","Agent 5",1,0,791505,1284,22,"gemm_mq4g256v2_residual_mmq_iu4_full_add_symfold",1284,73988777326910,73988779366810,0,0,184,0,128,256,1,1,10240,64,1
"KERNEL_DISPATCH","Agent 5",1,0,791505,1279,27,"gated_delta_net_q8_fast",1279,73988774094919,73988774669325,2048,0,64,0,128,32,1,1,1536,32,1
"KERNEL_DISPATCH","Agent 5",1,0,791505,1274,27,"gated_delta_net_q8_fast",1274,73988771137010,73988771731776,2048,0,64,0,128,32,1,1,1536,32,1
"KERNEL_DISPATCH","Agent 5",1,0,791505,1269,27,"gated_delta_net_q8_fast",1269,73988768133901,73988768734427,2048,0,64,0,128,32,1,1,1536,32,1
"KERNEL_DISPATCH","Agent 5",1,0,791505,1264,21,"gemm_mq4g256v2_residual_mmq_iu4_full_set_symfold",1264,73988764009461,73988764071102,0,0,184,0,128,256,1,1,256,64,1
"KERNEL_DISPATCH","Agent 5",1,0,791505,1259,29,"fused_silu_mul_mq_rotate_awq_i4_gfx12",1259,73988749839484,73988751952064,0,0,56,0,128,32,1,1,2176,8192,1
"KERNEL_DISPATCH","Agent 5",1,0,791505,1254,28,"gated_norm_mq_rotate_awq_i4_gfx12",1254,73988734791818,73988735713107,1024,0,40,0,128,64,1,1,1536,8192,1
"KERNEL_DISPATCH","Agent 5",1,0,791505,1249,27,"gated_delta_net_q8_fast",1249,73988731911390,73988732489595,2048,0,64,0,128,32,1,1,1536,32,1
"KERNEL_DISPATCH","Agent 5",1,0,791505,1244,27,"gated_delta_net_q8_fast",1244,73988728939361,73988729539487,2048,0,64,0,128,32,1,1,1536,32,1
"KERNEL_DISPATCH","Agent 5",1,0,791505,1239,27,"gated_delta_net_q8_fast",1239,73988725828171,73988726456537,2048,0,64,0,128,32,1,1,1536,32,1
"KERNEL_DISPATCH","Agent 5",1,0,791505,1234,21,"gemm_mq4g256v2_residual_mmq_iu4_full_set_symfold",1234,73988720134516,73988722256456,0,0,184,0,128,256,1,1,12288,64,1
"KERNEL_DISPATCH","Agent 5",1,0,791505,1229,21,"gemm_mq4g256v2_residual_mmq_iu4_full_set_symfold",1229,73988702080860,73988707978918,0,0,184,0,128,256,1,1,34816,64,1
"KERNEL_DISPATCH","Agent 5",1,0,791505,1224,27,"gated_delta_net_q8_fast",1224,73988692548768,73988693082693,2048,0,64,0,128,32,1,1,1536,32,1
"KERNEL_DISPATCH","Agent 5",1,0,791505,1219,27,"gated_delta_net_q8_fast",1219,73988689848342,73988690386347,2048,0,64,0,128,32,1,1,1536,32,1
"KERNEL_DISPATCH","Agent 5",1,0,791505,1214,27,"gated_delta_net_q8_fast",1214,73988687123075,73988687668601,2048,0,64,0,128,32,1,1,1536,32,1
"KERNEL_DISPATCH","Agent 5",1,0,791505,1209,27,"gated_delta_net_q8_fast",1209,73988684384169,73988684929374,2048,0,64,0,128,32,1,1,1536,32,1
"KERNEL_DISPATCH","Agent 5",1,0,791505,1204,21,"gemm_mq4g256v2_residual_mmq_iu4_full_set_symfold",1204,73988676303450,73988679588522,0,0,184,0,128,256,1,1,20480,64,1
"KERNEL_DISPATCH","Agent 5",1,0,791505,1199,21,"gemm_mq4g256v2_residual_mmq_iu4_full_set_symfold",1199,73988656239856,73988662341675,0,0,184,0,128,256,1,1,34816,64,1
"KERNEL_DISPATCH","Agent 5",1,0,791505,1194,39,"attention_fa2_q_preconvert_gfx1201",1194,73988614478971,73988614982775,0,0,16,0,128,128,1,1,6291456,1,1
"KERNEL_DISPATCH","Agent 5",1,0,791505,1189,30,"deinterleave_q_rmsnorm_f32_batched",1189,73988612171308,73988613578122,0,0,24,0,128,256,1,1,6144,8192,1
"KERNEL_DISPATCH","Agent 5",1,0,791505,1184,22,"gemm_mq4g256v2_residual_mmq_iu4_full_add_symfold",1184,73988600875039,73988606779696,0,0,184,0,128,256,1,1,10240,64,1
"KERNEL_DISPATCH","Agent 5",1,0,791505,1179,22,"gemm_mq4g256v2_residual_mmq_iu4_full_add_symfold",1179,73988584663721,73988586693461,0,0,184,0,128,256,1,1,10240,64,1
"KERNEL_DISPATCH","Agent 5",1,0,791505,1174,27,"gated_delta_net_q8_fast",1174,73988581419970,73988582000576,2048,0,64,0,128,32,1,1,1536,32,1
"KERNEL_DISPATCH","Agent 5",1,0,791505,1169,27,"gated_delta_net_q8_fast",1169,73988578471141,73988579061947,2048,0,64,0,128,32,1,1,1536,32,1
"KERNEL_DISPATCH","Agent 5",1,0,791505,1164,27,"gated_delta_net_q8_fast",1164,73988575476792,73988576077278,2048,0,64,0,128,32,1,1,1536,32,1
"KERNEL_DISPATCH","Agent 5",1,0,791505,1159,21,"gemm_mq4g256v2_residual_mmq_iu4_full_set_symfold",1159,73988571358592,73988571420033,0,0,184,0,128,256,1,1,256,64,1
"KERNEL_DISPATCH","Agent 5",1,0,791505,1154,29,"fused_silu_mul_mq_rotate_awq_i4_gfx12",1154,73988557157535,73988559262675,0,0,56,0,128,32,1,1,2176,8192,1
"KERNEL_DISPATCH","Agent 5",1,0,791505,1149,28,"gated_norm_mq_rotate_awq_i4_gfx12",1149,73988542004988,73988542930436,1024,0,40,0,128,64,1,1,1536,8192,1
"KERNEL_DISPATCH","Agent 5",1,0,791505,1144,27,"gated_delta_net_q8_fast",1144,73988539111519,73988539693445,2048,0,64,0,128,32,1,1,1536,32,1
"KERNEL_DISPATCH","Agent 5",1,0,791505,1139,27,"gated_delta_net_q8_fast",1139,73988536141611,73988536739376,2048,0,64,0,128,32,1,1,1536,32,1
"KERNEL_DISPATCH","Agent 5",1,0,791505,1134,27,"gated_delta_net_q8_fast",1134,73988533111301,73988533720627,2048,0,64,0,128,32,1,1,1536,32,1
"KERNEL_DISPATCH","Agent 5",1,0,791505,1129,21,"gemm_mq4g256v2_residual_mmq_iu4_full_set_symfold",1129,73988527471327,73988529572387,0,0,184,0,128,256,1,1,12288,64,1
"KERNEL_DISPATCH","Agent 5",1,0,791505,1124,21,"gemm_mq4g256v2_residual_mmq_iu4_full_set_symfold",1124,73988509574073,73988515389169,0,0,184,0,128,256,1,1,34816,64,1
"KERNEL_DISPATCH","Agent 5",1,0,791505,1119,27,"gated_delta_net_q8_fast",1119,73988499864539,73988500410584,2048,0,64,0,128,32,1,1,1536,32,1
"KERNEL_DISPATCH","Agent 5",1,0,791505,1114,27,"gated_delta_net_q8_fast",1114,73988497135912,73988497679397,2048,0,64,0,128,32,1,1,1536,32,1
"KERNEL_DISPATCH","Agent 5",1,0,791505,1109,27,"gated_delta_net_q8_fast",1109,73988494392246,73988494939931,2048,0,64,0,128,32,1,1,1536,32,1
"KERNEL_DISPATCH","Agent 5",1,0,791505,1104,27,"gated_delta_net_q8_fast",1104,73988491612619,73988492170224,2048,0,64,0,128,32,1,1,1536,32,1
"KERNEL_DISPATCH","Agent 5",1,0,791505,1099,21,"gemm_mq4g256v2_residual_mmq_iu4_full_set_symfold",1099,73988483548500,73988486822212,0,0,184,0,128,256,1,1,20480,64,1
"KERNEL_DISPATCH","Agent 5",1,0,791505,1094,21,"gemm_mq4g256v2_residual_mmq_iu4_full_set_symfold",1094,73988463226863,73988469551365,0,0,184,0,128,256,1,1,34816,64,1
"KERNEL_DISPATCH","Agent 5",1,0,791505,1089,39,"attention_fa2_q_preconvert_gfx1201",1089,73988422339107,73988422841071,0,0,16,0,128,128,1,1,6291456,1,1
"KERNEL_DISPATCH","Agent 5",1,0,791505,1084,30,"deinterleave_q_rmsnorm_f32_batched",1084,73988420048844,73988421443978,0,0,24,0,128,256,1,1,6144,8192,1
"KERNEL_DISPATCH","Agent 5",1,0,791505,1079,22,"gemm_mq4g256v2_residual_mmq_iu4_full_add_symfold",1079,73988408742895,73988414628232,0,0,184,0,128,256,1,1,10240,64,1
"KERNEL_DISPATCH","Agent 5",1,0,791505,1074,22,"gemm_mq4g256v2_residual_mmq_iu4_full_add_symfold",1074,73988392425296,73988394490596,0,0,184,0,128,256,1,1,10240,64,1
"KERNEL_DISPATCH","Agent 5",1,0,791505,1069,27,"gated_delta_net_q8_fast",1069,73988389200745,73988389778431,2048,0,64,0,128,32,1,1,1536,32,1
"KERNEL_DISPATCH","Agent 5",1,0,791505,1064,27,"gated_delta_net_q8_fast",1064,73988386251196,73988386846522,2048,0,64,0,128,32,1,1,1536,32,1
"KERNEL_DISPATCH","Agent 5",1,0,791505,1059,27,"gated_delta_net_q8_fast",1059,73988383241207,73988383847053,2048,0,64,0,128,32,1,1,1536,32,1
"KERNEL_DISPATCH","Agent 5",1,0,791505,1054,21,"gemm_mq4g256v2_residual_mmq_iu4_full_set_symfold",1054,73988379094807,73988379157048,0,0,184,0,128,256,1,1,256,64,1
"KERNEL_DISPATCH","Agent 5",1,0,791505,1049,29,"fused_silu_mul_mq_rotate_awq_i4_gfx12",1049,73988364848069,73988366960689,0,0,56,0,128,32,1,1,2176,8192,1
"KERNEL_DISPATCH","Agent 5",1,0,791505,1044,28,"gated_norm_mq_rotate_awq_i4_gfx12",1044,73988349724122,73988350651891,1024,0,40,0,128,64,1,1,1536,8192,1
"KERNEL_DISPATCH","Agent 5",1,0,791505,1039,27,"gated_delta_net_q8_fast",1039,73988346826614,73988347409820,2048,0,64,0,128,32,1,1,1536,32,1
"KERNEL_DISPATCH","Agent 5",1,0,791505,1034,27,"gated_delta_net_q8_fast",1034,73988343850625,73988344449271,2048,0,64,0,128,32,1,1,1536,32,1
"KERNEL_DISPATCH","Agent 5",1,0,791505,1029,27,"gated_delta_net_q8_fast",1029,73988340812156,73988341422242,2048,0,64,0,128,32,1,1,1536,32,1
"KERNEL_DISPATCH","Agent 5",1,0,791505,1024,21,"gemm_mq4g256v2_residual_mmq_iu4_full_set_symfold",1024,73988335165501,73988337268761,0,0,184,0,128,256,1,1,12288,64,1
"KERNEL_DISPATCH","Agent 5",1,0,791505,1019,21,"gemm_mq4g256v2_residual_mmq_iu4_full_set_symfold",1019,73988317256367,73988323076944,0,0,184,0,128,256,1,1,34816,64,1
"KERNEL_DISPATCH","Agent 5",1,0,791505,1014,27,"gated_delta_net_q8_fast",1014,73988307595033,73988308131879,2048,0,64,0,128,32,1,1,1536,32,1
"KERNEL_DISPATCH","Agent 5",1,0,791505,1009,27,"gated_delta_net_q8_fast",1009,73988304876847,73988305417292,2048,0,64,0,128,32,1,1,1536,32,1
"KERNEL_DISPATCH","Agent 5",1,0,791505,1004,27,"gated_delta_net_q8_fast",1004,73988302129100,73988302678226,2048,0,64,0,128,32,1,1,1536,32,1
"KERNEL_DISPATCH","Agent 5",1,0,791505,999,27,"gated_delta_net_q8_fast",999,73988299366834,73988299915039,2048,0,64,0,128,32,1,1,1536,32,1
"KERNEL_DISPATCH","Agent 5",1,0,791505,994,21,"gemm_mq4g256v2_residual_mmq_iu4_full_set_symfold",994,73988291330596,73988294605907,0,0,184,0,128,256,1,1,20480,64,1
"KERNEL_DISPATCH","Agent 5",1,0,791505,989,21,"gemm_mq4g256v2_residual_mmq_iu4_full_set_symfold",989,73988270710196,73988277184098,0,0,184,0,128,256,1,1,34816,64,1
"KERNEL_DISPATCH","Agent 5",1,0,791505,984,39,"attention_fa2_q_preconvert_gfx1201",984,73988229251713,73988229756158,0,0,16,0,128,128,1,1,6291456,1,1
"KERNEL_DISPATCH","Agent 5",1,0,791505,979,30,"deinterleave_q_rmsnorm_f32_batched",979,73988226955451,73988228355345,0,0,24,0,128,256,1,1,6144,8192,1
"KERNEL_DISPATCH","Agent 5",1,0,791505,974,22,"gemm_mq4g256v2_residual_mmq_iu4_full_add_symfold",974,73988215639581,73988221546039,0,0,184,0,128,256,1,1,10240,64,1
"KERNEL_DISPATCH","Agent 5",1,0,791505,969,22,"gemm_mq4g256v2_residual_mmq_iu4_full_add_symfold",969,73988199266062,73988201353043,0,0,184,0,128,256,1,1,10240,64,1
"KERNEL_DISPATCH","Agent 5",1,0,791505,964,27,"gated_delta_net_q8_fast",964,73988196144152,73988196688077,2048,0,64,0,128,32,1,1,1536,32,1
"KERNEL_DISPATCH","Agent 5",1,0,791505,959,27,"gated_delta_net_q8_fast",959,73988193374365,73988193929171,2048,0,64,0,128,32,1,1,1536,32,1
"KERNEL_DISPATCH","Agent 5",1,0,791505,954,27,"gated_delta_net_q8_fast",954,73988190559818,73988191123663,2048,0,64,0,128,32,1,1,1536,32,1
"KERNEL_DISPATCH","Agent 5",1,0,791505,949,21,"gemm_mq4g256v2_residual_mmq_iu4_full_set_symfold",949,73988186451018,73988186512899,0,0,184,0,128,256,1,1,256,64,1
"KERNEL_DISPATCH","Agent 5",1,0,791505,944,29,"fused_silu_mul_mq_rotate_awq_i4_gfx12",944,73988172234760,73988174348421,0,0,56,0,128,32,1,1,2176,8192,1
"KERNEL_DISPATCH","Agent 5",1,0,791505,939,28,"gated_norm_mq_rotate_awq_i4_gfx12",939,73988157044493,73988157974062,1024,0,40,0,128,64,1,1,1536,8192,1
"KERNEL_DISPATCH","Agent 5",1,0,791505,934,27,"gated_delta_net_q8_fast",934,73988154164105,73988154741910,2048,0,64,0,128,32,1,1,1536,32,1
"KERNEL_DISPATCH","Agent 5",1,0,791505,929,27,"gated_delta_net_q8_fast",929,73988151217036,73988151809562,2048,0,64,0,128,32,1,1,1536,32,1
"KERNEL_DISPATCH","Agent 5",1,0,791505,924,27,"gated_delta_net_q8_fast",924,73988148171447,73988148786453,2048,0,64,0,128,32,1,1,1536,32,1
"KERNEL_DISPATCH","Agent 5",1,0,791505,919,21,"gemm_mq4g256v2_residual_mmq_iu4_full_set_symfold",919,73988142490432,73988144604092,0,0,184,0,128,256,1,1,12288,64,1
"KERNEL_DISPATCH","Agent 5",1,0,791505,914,21,"gemm_mq4g256v2_residual_mmq_iu4_full_set_symfold",914,73988124489057,73988130383354,0,0,184,0,128,256,1,1,34816,64,1
"KERNEL_DISPATCH","Agent 5",1,0,791505,909,27,"gated_delta_net_q8_fast",909,73988114866684,73988115408889,2048,0,64,0,128,32,1,1,1536,32,1
"KERNEL_DISPATCH","Agent 5",1,0,791505,904,27,"gated_delta_net_q8_fast",904,73988112158017,73988112698783,2048,0,64,0,128,32,1,1,1536,32,1
"KERNEL_DISPATCH","Agent 5",1,0,791505,899,27,"gated_delta_net_q8_fast",899,73988109433591,73988109978716,2048,0,64,0,128,32,1,1,1536,32,1
"KERNEL_DISPATCH","Agent 5",1,0,791505,894,27,"gated_delta_net_q8_fast",894,73988106691724,73988107243050,2048,0,64,0,128,32,1,1,1536,32,1
"KERNEL_DISPATCH","Agent 5",1,0,791505,889,21,"gemm_mq4g256v2_residual_mmq_iu4_full_set_symfold",889,73988098696847,73988101957678,0,0,184,0,128,256,1,1,20480,64,1
"KERNEL_DISPATCH","Agent 5",1,0,791505,884,21,"gemm_mq4g256v2_residual_mmq_iu4_full_set_symfold",884,73988078619892,73988084677831,0,0,184,0,128,256,1,1,34816,64,1
"KERNEL_DISPATCH","Agent 5",1,0,791505,879,39,"attention_fa2_q_preconvert_gfx1201",879,73988037674455,73988038178980,0,0,16,0,128,128,1,1,6291456,1,1
"KERNEL_DISPATCH","Agent 5",1,0,791505,874,30,"deinterleave_q_rmsnorm_f32_batched",874,73988035373952,73988036776806,0,0,24,0,128,256,1,1,6144,8192,1
"KERNEL_DISPATCH","Agent 5",1,0,791505,869,22,"gemm_mq4g256v2_residual_mmq_iu4_full_add_symfold",869,73988024047803,73988029970140,0,0,184,0,128,256,1,1,10240,64,1
"KERNEL_DISPATCH","Agent 5",1,0,791505,864,22,"gemm_mq4g256v2_residual_mmq_iu4_full_add_symfold",864,73988007759565,73988009830665,0,0,184,0,128,256,1,1,10240,64,1
"KERNEL_DISPATCH","Agent 5",1,0,791505,859,27,"gated_delta_net_q8_fast",859,73988004521413,73988005098819,2048,0,64,0,128,32,1,1,1536,32,1
"KERNEL_DISPATCH","Agent 5",1,0,791505,854,27,"gated_delta_net_q8_fast",854,73988001573265,73988002164430,2048,0,64,0,128,32,1,1,1536,32,1
"KERNEL_DISPATCH","Agent 5",1,0,791505,849,27,"gated_delta_net_q8_fast",849,73987998571635,73987999174041,2048,0,64,0,128,32,1,1,1536,32,1
"KERNEL_DISPATCH","Agent 5",1,0,791505,844,21,"gemm_mq4g256v2_residual_mmq_iu4_full_set_symfold",844,73987994443395,73987994505556,0,0,184,0,128,256,1,1,256,64,1
"KERNEL_DISPATCH","Agent 5",1,0,791505,839,29,"fused_silu_mul_mq_rotate_awq_i4_gfx12",839,73987980244258,73987982351878,0,0,56,0,128,32,1,1,2176,8192,1
"KERNEL_DISPATCH","Agent 5",1,0,791505,834,28,"gated_norm_mq_rotate_awq_i4_gfx12",834,73987965034190,73987965964439,1024,0,40,0,128,64,1,1,1536,8192,1
"KERNEL_DISPATCH","Agent 5",1,0,791505,829,27,"gated_delta_net_q8_fast",829,73987962111402,73987962699127,2048,0,64,0,128,32,1,1,1536,32,1
"KERNEL_DISPATCH","Agent 5",1,0,791505,824,27,"gated_delta_net_q8_fast",824,73987959110533,73987959706458,2048,0,64,0,128,32,1,1,1536,32,1
"KERNEL_DISPATCH","Agent 5",1,0,791505,819,27,"gated_delta_net_q8_fast",819,73987956083863,73987956691469,2048,0,64,0,128,32,1,1,1536,32,1
"KERNEL_DISPATCH","Agent 5",1,0,791505,814,21,"gemm_mq4g256v2_residual_mmq_iu4_full_set_symfold",814,73987950397928,73987952530269,0,0,184,0,128,256,1,1,12288,64,1
"KERNEL_DISPATCH","Agent 5",1,0,791505,809,21,"gemm_mq4g256v2_residual_mmq_iu4_full_set_symfold",809,73987932464194,73987938326291,0,0,184,0,128,256,1,1,34816,64,1
"KERNEL_DISPATCH","Agent 5",1,0,791505,804,27,"gated_delta_net_q8_fast",804,73987922825821,73987923371346,2048,0,64,0,128,32,1,1,1536,32,1
"KERNEL_DISPATCH","Agent 5",1,0,791505,799,27,"gated_delta_net_q8_fast",799,73987920092914,73987920636999,2048,0,64,0,128,32,1,1,1536,32,1
"KERNEL_DISPATCH","Agent 5",1,0,791505,794,27,"gated_delta_net_q8_fast",794,73987917335927,73987917884893,2048,0,64,0,128,32,1,1,1536,32,1
"KERNEL_DISPATCH","Agent 5",1,0,791505,789,27,"gated_delta_net_q8_fast",789,73987914560820,73987915115426,2048,0,64,0,128,32,1,1,1536,32,1
"KERNEL_DISPATCH","Agent 5",1,0,791505,784,21,"gemm_mq4g256v2_residual_mmq_iu4_full_set_symfold",784,73987906494142,73987909764654,0,0,184,0,128,256,1,1,20480,64,1
"KERNEL_DISPATCH","Agent 5",1,0,791505,779,21,"gemm_mq4g256v2_residual_mmq_iu4_full_set_symfold",779,73987886115184,73987892430766,0,0,184,0,128,256,1,1,34816,64,1
"KERNEL_DISPATCH","Agent 5",1,0,791505,774,39,"attention_fa2_q_preconvert_gfx1201",774,73987844605462,73987845109587,0,0,16,0,128,128,1,1,6291456,1,1
"KERNEL_DISPATCH","Agent 5",1,0,791505,769,30,"deinterleave_q_rmsnorm_f32_batched",769,73987842297359,73987843701253,0,0,24,0,128,256,1,1,6144,8192,1
"KERNEL_DISPATCH","Agent 5",1,0,791505,764,22,"gemm_mq4g256v2_residual_mmq_iu4_full_add_symfold",764,73987831001810,73987836899667,0,0,184,0,128,256,1,1,10240,64,1
"KERNEL_DISPATCH","Agent 5",1,0,791505,759,22,"gemm_mq4g256v2_residual_mmq_iu4_full_add_symfold",759,73987814805293,73987816854512,0,0,184,0,128,256,1,1,10240,64,1
"KERNEL_DISPATCH","Agent 5",1,0,791505,754,27,"gated_delta_net_q8_fast",754,73987811574581,73987812149187,2048,0,64,0,128,32,1,1,1536,32,1
"KERNEL_DISPATCH","Agent 5",1,0,791505,749,27,"gated_delta_net_q8_fast",749,73987808659593,73987809241599,2048,0,64,0,128,32,1,1,1536,32,1
"KERNEL_DISPATCH","Agent 5",1,0,791505,744,27,"gated_delta_net_q8_fast",744,73987805700204,73987806293690,2048,0,64,0,128,32,1,1,1536,32,1
"KERNEL_DISPATCH","Agent 5",1,0,791505,739,21,"gemm_mq4g256v2_residual_mmq_iu4_full_set_symfold",739,73987801588924,73987801650645,0,0,184,0,128,256,1,1,256,64,1
"KERNEL_DISPATCH","Agent 5",1,0,791505,734,29,"fused_silu_mul_mq_rotate_awq_i4_gfx12",734,73987787316346,73987789425046,0,0,56,0,128,32,1,1,2176,8192,1
"KERNEL_DISPATCH","Agent 5",1,0,791505,729,28,"gated_norm_mq_rotate_awq_i4_gfx12",729,73987772153359,73987773077728,1024,0,40,0,128,64,1,1,1536,8192,1
"KERNEL_DISPATCH","Agent 5",1,0,791505,724,27,"gated_delta_net_q8_fast",724,73987769255211,73987769840576,2048,0,64,0,128,32,1,1,1536,32,1
"KERNEL_DISPATCH","Agent 5",1,0,791505,719,27,"gated_delta_net_q8_fast",719,73987766279102,73987766876788,2048,0,64,0,128,32,1,1,1536,32,1
"KERNEL_DISPATCH","Agent 5",1,0,791505,714,27,"gated_delta_net_q8_fast",714,73987763233472,73987763845158,2048,0,64,0,128,32,1,1,1536,32,1
"KERNEL_DISPATCH","Agent 5",1,0,791505,709,21,"gemm_mq4g256v2_residual_mmq_iu4_full_set_symfold",709,73987757559417,73987759677958,0,0,184,0,128,256,1,1,12288,64,1
"KERNEL_DISPATCH","Agent 5",1,0,791505,704,21,"gemm_mq4g256v2_residual_mmq_iu4_full_set_symfold",704,73987739694364,73987745493140,0,0,184,0,128,256,1,1,34816,64,1
"KERNEL_DISPATCH","Agent 5",1,0,791505,699,27,"gated_delta_net_q8_fast",699,73987730089111,73987730620236,2048,0,64,0,128,32,1,1,1536,32,1
"KERNEL_DISPATCH","Agent 5",1,0,791505,694,27,"gated_delta_net_q8_fast",694,73987727407125,73987727941650,2048,0,64,0,128,32,1,1,1536,32,1
"KERNEL_DISPATCH","Agent 5",1,0,791505,689,27,"gated_delta_net_q8_fast",689,73987724706418,73987725245504,2048,0,64,0,128,32,1,1,1536,32,1
"KERNEL_DISPATCH","Agent 5",1,0,791505,684,27,"gated_delta_net_q8_fast",684,73987721977912,73987722526277,2048,0,64,0,128,32,1,1,1536,32,1
"KERNEL_DISPATCH","Agent 5",1,0,791505,679,21,"gemm_mq4g256v2_residual_mmq_iu4_full_set_symfold",679,73987713900874,73987717198146,0,0,184,0,128,256,1,1,20480,64,1
"KERNEL_DISPATCH","Agent 5",1,0,791505,674,21,"gemm_mq4g256v2_residual_mmq_iu4_full_set_symfold",674,73987693582597,73987699974139,0,0,184,0,128,256,1,1,34816,64,1
"KERNEL_DISPATCH","Agent 5",1,0,791505,669,39,"attention_fa2_q_preconvert_gfx1201",669,73987652361557,73987652865922,0,0,16,0,128,128,1,1,6291456,1,1
"KERNEL_DISPATCH","Agent 5",1,0,791505,664,30,"deinterleave_q_rmsnorm_f32_batched",664,73987650061214,73987651459908,0,0,24,0,128,256,1,1,6144,8192,1
"KERNEL_DISPATCH","Agent 5",1,0,791505,659,22,"gemm_mq4g256v2_residual_mmq_iu4_full_add_symfold",659,73987638782705,73987644670002,0,0,184,0,128,256,1,1,10240,64,1
"KERNEL_DISPATCH","Agent 5",1,0,791505,654,22,"gemm_mq4g256v2_residual_mmq_iu4_full_add_symfold",654,73987622618228,73987624657368,0,0,184,0,128,256,1,1,10240,64,1
"KERNEL_DISPATCH","Agent 5",1,0,791505,649,27,"gated_delta_net_q8_fast",649,73987619387717,73987619970922,2048,0,64,0,128,32,1,1,1536,32,1
"KERNEL_DISPATCH","Agent 5",1,0,791505,644,27,"gated_delta_net_q8_fast",644,73987616453008,73987617042414,2048,0,64,0,128,32,1,1,1536,32,1
"KERNEL_DISPATCH","Agent 5",1,0,791505,639,27,"gated_delta_net_q8_fast",639,73987613458179,73987614058825,2048,0,64,0,128,32,1,1,1536,32,1
"KERNEL_DISPATCH","Agent 5",1,0,791505,634,21,"gemm_mq4g256v2_residual_mmq_iu4_full_set_symfold",634,73987609357859,73987609420820,0,0,184,0,128,256,1,1,256,64,1
"KERNEL_DISPATCH","Agent 5",1,0,791505,629,29,"fused_silu_mul_mq_rotate_awq_i4_gfx12",629,73987595125801,73987597234182,0,0,56,0,128,32,1,1,2176,8192,1
"KERNEL_DISPATCH","Agent 5",1,0,791505,624,28,"gated_norm_mq_rotate_awq_i4_gfx12",624,73987579994775,73987580923224,1024,0,40,0,128,64,1,1,1536,8192,1
"KERNEL_DISPATCH","Agent 5",1,0,791505,619,27,"gated_delta_net_q8_fast",619,73987577090786,73987577671112,2048,0,64,0,128,32,1,1,1536,32,1
"KERNEL_DISPATCH","Agent 5",1,0,791505,614,27,"gated_delta_net_q8_fast",614,73987574127438,73987574723723,2048,0,64,0,128,32,1,1,1536,32,1
"KERNEL_DISPATCH","Agent 5",1,0,791505,609,27,"gated_delta_net_q8_fast",609,73987571094328,73987571703094,2048,0,64,0,128,32,1,1,1536,32,1
"KERNEL_DISPATCH","Agent 5",1,0,791505,604,21,"gemm_mq4g256v2_residual_mmq_iu4_full_set_symfold",604,73987565443313,73987567543374,0,0,184,0,128,256,1,1,12288,64,1
"KERNEL_DISPATCH","Agent 5",1,0,791505,599,21,"gemm_mq4g256v2_residual_mmq_iu4_full_set_symfold",599,73987547714461,73987553505158,0,0,184,0,128,256,1,1,34816,64,1
"KERNEL_DISPATCH","Agent 5",1,0,791505,594,27,"gated_delta_net_q8_fast",594,73987538119128,73987538627533,2048,0,64,0,128,32,1,1,1536,32,1
"KERNEL_DISPATCH","Agent 5",1,0,791505,589,27,"gated_delta_net_q8_fast",589,73987535571384,73987536075548,2048,0,64,0,128,32,1,1,1536,32,1
"KERNEL_DISPATCH","Agent 5",1,0,791505,584,27,"gated_delta_net_q8_fast",584,73987533031519,73987533532364,2048,0,64,0,128,32,1,1,1536,32,1
"KERNEL_DISPATCH","Agent 5",1,0,791505,579,27,"gated_delta_net_q8_fast",579,73987530516495,73987531027940,2048,0,64,0,128,32,1,1,1536,32,1
"KERNEL_DISPATCH","Agent 5",1,0,791505,574,21,"gemm_mq4g256v2_residual_mmq_iu4_full_set_symfold",574,73987522254214,73987525664287,0,0,184,0,128,256,1,1,20480,64,1
"KERNEL_DISPATCH","Agent 5",1,0,791505,569,21,"gemm_mq4g256v2_residual_mmq_iu4_full_set_symfold",569,73987502378542,73987508342359,0,0,184,0,128,256,1,1,34816,64,1
"KERNEL_DISPATCH","Agent 5",1,0,791505,564,39,"attention_fa2_q_preconvert_gfx1201",564,73987462332313,73987462837998,0,0,16,0,128,128,1,1,6291456,1,1
"KERNEL_DISPATCH","Agent 5",1,0,791505,559,30,"deinterleave_q_rmsnorm_f32_batched",559,73987460055771,73987461459185,0,0,24,0,128,256,1,1,6144,8192,1
"KERNEL_DISPATCH","Agent 5",1,0,791505,554,22,"gemm_mq4g256v2_residual_mmq_iu4_full_add_symfold",554,73987449633390,73987455086083,0,0,184,0,128,256,1,1,10240,64,1
"KERNEL_DISPATCH","Agent 5",1,0,791505,549,22,"gemm_mq4g256v2_residual_mmq_iu4_full_add_symfold",549,73987434049559,73987436063938,0,0,184,0,128,256,1,1,10240,64,1
"KERNEL_DISPATCH","Agent 5",1,0,791505,544,27,"gated_delta_net_q8_fast",544,73987430975329,73987431516934,2048,0,64,0,128,32,1,1,1536,32,1
"KERNEL_DISPATCH","Agent 5",1,0,791505,539,27,"gated_delta_net_q8_fast",539,73987428299863,73987428828228,2048,0,64,0,128,32,1,1,1536,32,1
"KERNEL_DISPATCH","Agent 5",1,0,791505,534,27,"gated_delta_net_q8_fast",534,73987425624957,73987426160002,2048,0,64,0,128,32,1,1,1536,32,1
"KERNEL_DISPATCH","Agent 5",1,0,791505,529,21,"gemm_mq4g256v2_residual_mmq_iu4_full_set_symfold",529,73987421752959,73987421810800,0,0,184,0,128,256,1,1,256,64,1
"KERNEL_DISPATCH","Agent 5",1,0,791505,524,29,"fused_silu_mul_mq_rotate_awq_i4_gfx12",524,73987408299429,73987410410609,0,0,56,0,128,32,1,1,2176,8192,1
"KERNEL_DISPATCH","Agent 5",1,0,791505,519,28,"gated_norm_mq_rotate_awq_i4_gfx12",519,73987393774328,73987394669457,1024,0,40,0,128,64,1,1,1536,8192,1
"KERNEL_DISPATCH","Agent 5",1,0,791505,514,27,"gated_delta_net_q8_fast",514,73987391063342,73987391591827,2048,0,64,0,128,32,1,1,1536,32,1
"KERNEL_DISPATCH","Agent 5",1,0,791505,509,27,"gated_delta_net_q8_fast",509,73987388426116,73987388951081,2048,0,64,0,128,32,1,1,1536,32,1
"KERNEL_DISPATCH","Agent 5",1,0,791505,504,27,"gated_delta_net_q8_fast",504,73987385689090,73987386238575,2048,0,64,0,128,32,1,1,1536,32,1
"KERNEL_DISPATCH","Agent 5",1,0,791505,500,21,"gemm_mq4g256v2_residual_mmq_iu4_full_set_symfold",500,73987382177615,73987382234896,0,0,184,0,128,256,1,1,256,64,1
"KERNEL_DISPATCH","Agent 5",1,0,791505,505,27,"gated_delta_net_q8_fast",505,73987386244455,73987386788060,2048,0,64,0,128,32,1,1,1536,32,1
"KERNEL_DISPATCH","Agent 5",1,0,791505,510,27,"gated_delta_net_q8_fast",510,73987388954481,73987389478846,2048,0,64,0,128,32,1,1,1536,32,1
"KERNEL_DISPATCH","Agent 5",1,0,791505,515,27,"gated_delta_net_q8_fast",515,73987391595227,73987392131392,2048,0,64,0,128,32,1,1,1536,32,1
"KERNEL_DISPATCH","Agent 5",1,0,791505,520,22,"gemm_mq4g256v2_residual_mmq_iu4_full_add_symfold",520,73987394681857,73987396715837,0,0,184,0,128,256,1,1,10240,64,1
"KERNEL_DISPATCH","Agent 5",1,0,791505,525,22,"gemm_mq4g256v2_residual_mmq_iu4_full_add_symfold",525,73987410422969,73987415955743,0,0,184,0,128,256,1,1,10240,64,1
"KERNEL_DISPATCH","Agent 5",1,0,791505,530,21,"gemm_mq4g256v2_residual_mmq_iu4_full_set_symfold",530,73987421814320,73987421870681,0,0,184,0,128,256,1,1,256,64,1
"KERNEL_DISPATCH","Agent 5",1,0,791505,535,27,"gated_delta_net_q8_fast",535,73987426163322,73987426696167,2048,0,64,0,128,32,1,1,1536,32,1
"KERNEL_DISPATCH","Agent 5",1,0,791505,540,27,"gated_delta_net_q8_fast",540,73987428831668,73987429360833,2048,0,64,0,128,32,1,1,1536,32,1
"KERNEL_DISPATCH","Agent 5",1,0,791505,545,27,"gated_delta_net_q8_fast",545,73987431520254,73987432063339,2048,0,64,0,128,32,1,1,1536,32,1
"KERNEL_DISPATCH","Agent 5",1,0,791505,550,20,"fused_rmsnorm_mq_rotate_awq_i4_gfx12",550,73987436076338,73987436510463,0,0,96,0,128,256,1,1,2097152,1,1
"KERNEL_DISPATCH","Agent 5",1,0,791505,555,20,"fused_rmsnorm_mq_rotate_awq_i4_gfx12",555,73987455098363,73987455532087,0,0,96,0,128,256,1,1,2097152,1,1
"KERNEL_DISPATCH","Agent 5",1,0,791505,560,32,"rmsnorm_f32",560,73987461471665,73987461686667,0,0,16,0,128,256,1,1,8388608,1,1
"KERNEL_DISPATCH","Agent 5",1,0,791505,565,40,"attention_q8_0_fa2_gqa_gfx1201",565,73987462841478,73987498697546,0,0,240,0,128,128,1,1,131072,4,1
"KERNEL_DISPATCH","Agent 5",1,0,791505,570,21,"gemm_mq4g256v2_residual_mmq_iu4_full_set_symfold",570,73987508354520,73987513903093,0,0,184,0,128,256,1,1,34816,64,1
"KERNEL_DISPATCH","Agent 5",1,0,791505,575,21,"gemm_mq4g256v2_residual_mmq_iu4_full_set_symfold",575,73987525676568,73987527784988,0,0,184,0,128,256,1,1,12288,64,1
"KERNEL_DISPATCH","Agent 5",1,0,791505,580,27,"gated_delta_net_q8_fast",580,73987531031460,73987531528104,2048,0,64,0,128,32,1,1,1536,32,1
"KERNEL_DISPATCH","Agent 5",1,0,791505,585,27,"gated_delta_net_q8_fast",585,73987533535724,73987534041369,2048,0,64,0,128,32,1,1,1536,32,1
"KERNEL_DISPATCH","Agent 5",1,0,791505,590,27,"gated_delta_net_q8_fast",590,73987536078989,73987536584713,2048,0,64,0,128,32,1,1,1536,32,1
"KERNEL_DISPATCH","Agent 5",1,0,791505,595,28,"gated_norm_mq_rotate_awq_i4_gfx12",595,73987538631053,73987539471581,1024,0,40,0,128,64,1,1,1536,8192,1
"KERNEL_DISPATCH","Agent 5",1,0,791505,600,29,"fused_silu_mul_mq_rotate_awq_i4_gfx12",600,73987553517478,73987555623898,0,0,56,0,128,32,1,1,2176,8192,1
"KERNEL_DISPATCH","Agent 5",1,0,791505,605,21,"gemm_mq4g256v2_residual_mmq_iu4_full_set_symfold",605,73987567555894,73987567617975,0,0,184,0,128,256,1,1,256,64,1
"KERNEL_DISPATCH","Agent 5",1,0,791505,610,27,"gated_delta_net_q8_fast",610,73987571706734,73987572311540,2048,0,64,0,128,32,1,1,1536,32,1
"KERNEL_DISPATCH","Agent 5",1,0,791505,615,27,"gated_delta_net_q8_fast",615,73987574727163,73987575318569,2048,0,64,0,128,32,1,1,1536,32,1
"KERNEL_DISPATCH","Agent 5",1,0,791505,620,27,"gated_delta_net_q8_fast",620,73987577674792,73987578254358,2048,0,64,0,128,32,1,1,1536,32,1
"KERNEL_DISPATCH","Agent 5",1,0,791505,625,22,"gemm_mq4g256v2_residual_mmq_iu4_full_add_symfold",625,73987580935464,73987583014044,0,0,184,0,128,256,1,1,10240,64,1
"KERNEL_DISPATCH","Agent 5",1,0,791505,630,22,"gemm_mq4g256v2_residual_mmq_iu4_full_add_symfold",630,73987597246462,73987603177599,0,0,184,0,128,256,1,1,10240,64,1
"KERNEL_DISPATCH","Agent 5",1,0,791505,635,21,"gemm_mq4g256v2_residual_mmq_iu4_full_set_symfold",635,73987609424380,73987609483661,0,0,184,0,128,256,1,1,256,64,1
"KERNEL_DISPATCH","Agent 5",1,0,791505,640,27,"gated_delta_net_q8_fast",640,73987614062425,73987614659431,2048,0,64,0,128,32,1,1,1536,32,1
"KERNEL_DISPATCH","Agent 5",1,0,791505,645,27,"gated_delta_net_q8_fast",645,73987617045974,73987617632580,2048,0,64,0,128,32,1,1,1536,32,1
"KERNEL_DISPATCH","Agent 5",1,0,791505,650,27,"gated_delta_net_q8_fast",650,73987619974442,73987620544408,2048,0,64,0,128,32,1,1,1536,32,1
"KERNEL_DISPATCH","Agent 5",1,0,791505,655,20,"fused_rmsnorm_mq_rotate_awq_i4_gfx12",655,73987624669688,73987625110492,0,0,96,0,128,256,1,1,2097152,1,1
"KERNEL_DISPATCH","Agent 5",1,0,791505,660,20,"fused_rmsnorm_mq_rotate_awq_i4_gfx12",660,73987644682402,73987645151207,0,0,96,0,128,256,1,1,2097152,1,1
"KERNEL_DISPATCH","Agent 5",1,0,791505,665,32,"rmsnorm_f32",665,73987651472148,73987651701710,0,0,16,0,128,256,1,1,8388608,1,1
"KERNEL_DISPATCH","Agent 5",1,0,791505,670,40,"attention_q8_0_fa2_gqa_gfx1201",670,73987652869562,73987689938281,0,0,240,0,128,128,1,1,131072,4,1
"KERNEL_DISPATCH","Agent 5",1,0,791505,675,21,"gemm_mq4g256v2_residual_mmq_iu4_full_set_symfold",675,73987699986259,73987705614153,0,0,184,0,128,256,1,1,34816,64,1
"KERNEL_DISPATCH","Agent 5",1,0,791505,680,21,"gemm_mq4g256v2_residual_mmq_iu4_full_set_symfold",680,73987717210346,73987719231165,0,0,184,0,128,256,1,1,12288,64,1
"KERNEL_DISPATCH","Agent 5",1,0,791505,685,27,"gated_delta_net_q8_fast",685,73987722529797,73987723069883,2048,0,64,0,128,32,1,1,1536,32,1
"KERNEL_DISPATCH","Agent 5",1,0,791505,690,27,"gated_delta_net_q8_fast",690,73987725248864,73987725787349,2048,0,64,0,128,32,1,1,1536,32,1
"KERNEL_DISPATCH","Agent 5",1,0,791505,695,27,"gated_delta_net_q8_fast",695,73987727945130,73987728479135,2048,0,64,0,128,32,1,1,1536,32,1
"KERNEL_DISPATCH","Agent 5",1,0,791505,700,28,"gated_norm_mq_rotate_awq_i4_gfx12",700,73987730623756,73987731503844,1024,0,40,0,128,64,1,1,1536,8192,1
"KERNEL_DISPATCH","Agent 5",1,0,791505,705,29,"fused_silu_mul_mq_rotate_awq_i4_gfx12",705,73987745505540,73987747620561,0,0,56,0,128,32,1,1,2176,8192,1
"KERNEL_DISPATCH","Agent 5",1,0,791505,710,21,"gemm_mq4g256v2_residual_mmq_iu4_full_set_symfold",710,73987759690318,73987759753239,0,0,184,0,128,256,1,1,256,64,1
"KERNEL_DISPATCH","Agent 5",1,0,791505,715,27,"gated_delta_net_q8_fast",715,73987763848638,73987764456564,2048,0,64,0,128,32,1,1,1536,32,1
"KERNEL_DISPATCH","Agent 5",1,0,791505,720,27,"gated_delta_net_q8_fast",720,73987766880268,73987767475833,2048,0,64,0,128,32,1,1,1536,32,1
"KERNEL_DISPATCH","Agent 5",1,0,791505,725,27,"gated_delta_net_q8_fast",725,73987769844056,73987770421542,2048,0,64,0,128,32,1,1,1536,32,1
"KERNEL_DISPATCH","Agent 5",1,0,791505,730,22,"gemm_mq4g256v2_residual_mmq_iu4_full_add_symfold",730,73987773089928,73987775179468,0,0,184,0,128,256,1,1,10240,64,1
"KERNEL_DISPATCH","Agent 5",1,0,791505,735,22,"gemm_mq4g256v2_residual_mmq_iu4_full_add_symfold",735,73987789437366,73987795506305,0,0,184,0,128,256,1,1,10240,64,1
"KERNEL_DISPATCH","Agent 5",1,0,791505,740,21,"gemm_mq4g256v2_residual_mmq_iu4_full_set_symfold",740,73987801654285,73987801712726,0,0,184,0,128,256,1,1,256,64,1
"KERNEL_DISPATCH","Agent 5",1,0,791505,745,27,"gated_delta_net_q8_fast",745,73987806297290,73987806887376,2048,0,64,0,128,32,1,1,1536,32,1
"KERNEL_DISPATCH","Agent 5",1,0,791505,750,27,"gated_delta_net_q8_fast",750,73987809245079,73987809826764,2048,0,64,0,128,32,1,1,1536,32,1
"KERNEL_DISPATCH","Agent 5",1,0,791505,755,27,"gated_delta_net_q8_fast",755,73987812152747,73987812725152,2048,0,64,0,128,32,1,1,1536,32,1
"KERNEL_DISPATCH","Agent 5",1,0,791505,760,20,"fused_rmsnorm_mq_rotate_awq_i4_gfx12",760,73987816866833,73987817307197,0,0,96,0,128,256,1,1,2097152,1,1
"KERNEL_DISPATCH","Agent 5",1,0,791505,765,20,"fused_rmsnorm_mq_rotate_awq_i4_gfx12",765,73987836911987,73987837382832,0,0,96,0,128,256,1,1,2097152,1,1
"KERNEL_DISPATCH","Agent 5",1,0,791505,770,32,"rmsnorm_f32",770,73987843713573,73987843942495,0,0,16,0,128,256,1,1,8388608,1,1
"KERNEL_DISPATCH","Agent 5",1,0,791505,775,40,"attention_q8_0_fa2_gqa_gfx1201",775,73987845113227,73987882379868,0,0,240,0,128,128,1,1,131072,4,1
"KERNEL_DISPATCH","Agent 5",1,0,791505,780,21,"gemm_mq4g256v2_residual_mmq_iu4_full_set_symfold",780,73987892442926,73987898283102,0,0,184,0,128,256,1,1,34816,64,1
"KERNEL_DISPATCH","Agent 5",1,0,791505,785,21,"gemm_mq4g256v2_residual_mmq_iu4_full_set_symfold",785,73987909776894,73987911807754,0,0,184,0,128,256,1,1,12288,64,1
"KERNEL_DISPATCH","Agent 5",1,0,791505,790,27,"gated_delta_net_q8_fast",790,73987915118906,73987915668951,2048,0,64,0,128,32,1,1,1536,32,1
"KERNEL_DISPATCH","Agent 5",1,0,791505,795,27,"gated_delta_net_q8_fast",795,73987917888373,73987918436298,2048,0,64,0,128,32,1,1,1536,32,1
"KERNEL_DISPATCH","Agent 5",1,0,791505,800,27,"gated_delta_net_q8_fast",800,73987920640479,73987921182765,2048,0,64,0,128,32,1,1,1536,32,1
"KERNEL_DISPATCH","Agent 5",1,0,791505,805,28,"gated_norm_mq_rotate_awq_i4_gfx12",805,73987923374826,73987924265315,1024,0,40,0,128,64,1,1,1536,8192,1
"KERNEL_DISPATCH","Agent 5",1,0,791505,810,29,"fused_silu_mul_mq_rotate_awq_i4_gfx12",810,73987938338651,73987940444711,0,0,56,0,128,32,1,1,2176,8192,1
"KERNEL_DISPATCH","Agent 5",1,0,791505,815,21,"gemm_mq4g256v2_residual_mmq_iu4_full_set_symfold",815,73987952542669,73987952604349,0,0,184,0,128,256,1,1,256,64,1
"KERNEL_DISPATCH","Agent 5",1,0,791505,820,27,"gated_delta_net_q8_fast",820,73987956695029,73987957298795,2048,0,64,0,128,32,1,1,1536,32,1
"KERNEL_DISPATCH","Agent 5",1,0,791505,825,27,"gated_delta_net_q8_fast",825,73987959709938,73987960308264,2048,0,64,0,128,32,1,1,1536,32,1
"KERNEL_DISPATCH","Agent 5",1,0,791505,830,27,"gated_delta_net_q8_fast",830,73987962702727,73987963286413,2048,0,64,0,128,32,1,1,1536,32,1
"KERNEL_DISPATCH","Agent 5",1,0,791505,835,22,"gemm_mq4g256v2_residual_mmq_iu4_full_add_symfold",835,73987965976679,73987968061619,0,0,184,0,128,256,1,1,10240,64,1
"KERNEL_DISPATCH","Agent 5",1,0,791505,840,22,"gemm_mq4g256v2_residual_mmq_iu4_full_add_symfold",840,73987982364078,73987988288456,0,0,184,0,128,256,1,1,10240,64,1
"KERNEL_DISPATCH","Agent 5",1,0,791505,845,21,"gemm_mq4g256v2_residual_mmq_iu4_full_set_symfold",845,73987994509036,73987994568437,0,0,184,0,128,256,1,1,256,64,1
"KERNEL_DISPATCH","Agent 5",1,0,791505,850,27,"gated_delta_net_q8_fast",850,73987999177481,73987999777287,2048,0,64,0,128,32,1,1,1536,32,1
"KERNEL_DISPATCH","Agent 5",1,0,791505,855,27,"gated_delta_net_q8_fast",855,73988002167950,73988002757996,2048,0,64,0,128,32,1,1,1536,32,1
"KERNEL_DISPATCH","Agent 5",1,0,791505,860,27,"gated_delta_net_q8_fast",860,73988005102339,73988005675504,2048,0,64,0,128,32,1,1,1536,32,1
"KERNEL_DISPATCH","Agent 5",1,0,791505,865,20,"fused_rmsnorm_mq_rotate_awq_i4_gfx12",865,73988009842825,73988010285509,0,0,96,0,128,256,1,1,2097152,1,1
"KERNEL_DISPATCH","Agent 5",1,0,791505,870,20,"fused_rmsnorm_mq_rotate_awq_i4_gfx12",870,73988029982460,73988030455305,0,0,96,0,128,256,1,1,2097152,1,1
"KERNEL_DISPATCH","Agent 5",1,0,791505,875,32,"rmsnorm_f32",875,73988036789006,73988037014768,0,0,16,0,128,256,1,1,8388608,1,1
"KERNEL_DISPATCH","Agent 5",1,0,791505,880,40,"attention_q8_0_fa2_gqa_gfx1201",880,73988038182540,73988074914016,0,0,240,0,128,128,1,1,131072,4,1
"KERNEL_DISPATCH","Agent 5",1,0,791505,885,21,"gemm_mq4g256v2_residual_mmq_iu4_full_set_symfold",885,73988084689951,73988090357646,0,0,184,0,128,256,1,1,34816,64,1
"KERNEL_DISPATCH","Agent 5",1,0,791505,890,21,"gemm_mq4g256v2_residual_mmq_iu4_full_set_symfold",890,73988101969839,73988103940458,0,0,184,0,128,256,1,1,12288,64,1
"KERNEL_DISPATCH","Agent 5",1,0,791505,895,27,"gated_delta_net_q8_fast",895,73988107246370,73988107788535,2048,0,64,0,128,32,1,1,1536,32,1
"KERNEL_DISPATCH","Agent 5",1,0,791505,900,27,"gated_delta_net_q8_fast",900,73988109981996,73988110523962,2048,0,64,0,128,32,1,1,1536,32,1
"KERNEL_DISPATCH","Agent 5",1,0,791505,905,27,"gated_delta_net_q8_fast",905,73988112702103,73988113239348,2048,0,64,0,128,32,1,1,1536,32,1
"KERNEL_DISPATCH","Agent 5",1,0,791505,910,28,"gated_norm_mq_rotate_awq_i4_gfx12",910,73988115412329,73988116302418,1024,0,40,0,128,64,1,1,1536,8192,1
"KERNEL_DISPATCH","Agent 5",1,0,791505,915,29,"fused_silu_mul_mq_rotate_awq_i4_gfx12",915,73988130395554,73988132504295,0,0,56,0,128,32,1,1,2176,8192,1
"KERNEL_DISPATCH","Agent 5",1,0,791505,920,21,"gemm_mq4g256v2_residual_mmq_iu4_full_set_symfold",920,73988144616372,73988144678853,0,0,184,0,128,256,1,1,256,64,1
"KERNEL_DISPATCH","Agent 5",1,0,791505,925,27,"gated_delta_net_q8_fast",925,73988148789933,73988149399819,2048,0,64,0,128,32,1,1,1536,32,1
"KERNEL_DISPATCH","Agent 5",1,0,791505,930,27,"gated_delta_net_q8_fast",930,73988151813042,73988152400368,2048,0,64,0,128,32,1,1,1536,32,1
"KERNEL_DISPATCH","Agent 5",1,0,791505,935,27,"gated_delta_net_q8_fast",935,73988154745391,73988155318516,2048,0,64,0,128,32,1,1,1536,32,1
"KERNEL_DISPATCH","Agent 5",1,0,791505,940,22,"gemm_mq4g256v2_residual_mmq_iu4_full_add_symfold",940,73988157986102,73988160102042,0,0,184,0,128,256,1,1,10240,64,1
"KERNEL_DISPATCH","Agent 5",1,0,791505,945,22,"gemm_mq4g256v2_residual_mmq_iu4_full_add_symfold",945,73988174360741,73988180315239,0,0,184,0,128,256,1,1,10240,64,1
"KERNEL_DISPATCH","Agent 5",1,0,791505,950,21,"gemm_mq4g256v2_residual_mmq_iu4_full_set_symfold",950,73988186516499,73988186576459,0,0,184,0,128,256,1,1,256,64,1
"KERNEL_DISPATCH","Agent 5",1,0,791505,955,27,"gated_delta_net_q8_fast",955,73988191127103,73988191688909,2048,0,64,0,128,32,1,1,1536,32,1
"KERNEL_DISPATCH","Agent 5",1,0,791505,960,27,"gated_delta_net_q8_fast",960,73988193932811,73988194486496,2048,0,64,0,128,32,1,1,1536,32,1
"KERNEL_DISPATCH","Agent 5",1,0,791505,965,27,"gated_delta_net_q8_fast",965,73988196691477,73988197232763,2048,0,64,0,128,32,1,1,1536,32,1
"KERNEL_DISPATCH","Agent 5",1,0,791505,970,20,"fused_rmsnorm_mq_rotate_awq_i4_gfx12",970,73988201365203,73988201808887,0,0,96,0,128,256,1,1,2097152,1,1
"KERNEL_DISPATCH","Agent 5",1,0,791505,975,20,"fused_rmsnorm_mq_rotate_awq_i4_gfx12",975,73988221558359,73988222029163,0,0,96,0,128,256,1,1,2097152,1,1
"KERNEL_DISPATCH","Agent 5",1,0,791505,980,32,"rmsnorm_f32",980,73988228367545,73988228594267,0,0,16,0,128,256,1,1,8388608,1,1
"KERNEL_DISPATCH","Agent 5",1,0,791505,985,40,"attention_q8_0_fa2_gqa_gfx1201",985,73988229759598,73988266986639,0,0,240,0,128,128,1,1,131072,4,1
"KERNEL_DISPATCH","Agent 5",1,0,791505,990,21,"gemm_mq4g256v2_residual_mmq_iu4_full_set_symfold",990,73988277196178,73988283013355,0,0,184,0,128,256,1,1,34816,64,1
"KERNEL_DISPATCH","Agent 5",1,0,791505,995,21,"gemm_mq4g256v2_residual_mmq_iu4_full_set_symfold",995,73988294618107,73988296625967,0,0,184,0,128,256,1,1,12288,64,1
"KERNEL_DISPATCH","Agent 5",1,0,791505,1000,27,"gated_delta_net_q8_fast",1000,73988299918399,73988300464604,2048,0,64,0,128,32,1,1,1536,32,1
"KERNEL_DISPATCH","Agent 5",1,0,791505,1005,27,"gated_delta_net_q8_fast",1005,73988302681706,73988303229231,2048,0,64,0,128,32,1,1,1536,32,1
"KERNEL_DISPATCH","Agent 5",1,0,791505,1010,27,"gated_delta_net_q8_fast",1010,73988305420692,73988305962378,2048,0,64,0,128,32,1,1,1536,32,1
"KERNEL_DISPATCH","Agent 5",1,0,791505,1015,28,"gated_norm_mq_rotate_awq_i4_gfx12",1015,73988308135359,73988309015847,1024,0,40,0,128,64,1,1,1536,8192,1
"KERNEL_DISPATCH","Agent 5",1,0,791505,1020,29,"fused_silu_mul_mq_rotate_awq_i4_gfx12",1020,73988323089224,73988325194804,0,0,56,0,128,32,1,1,2176,8192,1
"KERNEL_DISPATCH","Agent 5",1,0,791505,1025,21,"gemm_mq4g256v2_residual_mmq_iu4_full_set_symfold",1025,73988337281041,73988337342922,0,0,184,0,128,256,1,1,256,64,1
"KERNEL_DISPATCH","Agent 5",1,0,791505,1030,27,"gated_delta_net_q8_fast",1030,73988341425682,73988342033447,2048,0,64,0,128,32,1,1,1536,32,1
"KERNEL_DISPATCH","Agent 5",1,0,791505,1035,27,"gated_delta_net_q8_fast",1035,73988344452631,73988345049477,2048,0,64,0,128,32,1,1,1536,32,1
"KERNEL_DISPATCH","Agent 5",1,0,791505,1040,27,"gated_delta_net_q8_fast",1040,73988347413340,73988347994025,2048,0,64,0,128,32,1,1,1536,32,1
"KERNEL_DISPATCH","Agent 5",1,0,791505,1045,22,"gemm_mq4g256v2_residual_mmq_iu4_full_add_symfold",1045,73988350663931,73988352754151,0,0,184,0,128,256,1,1,10240,64,1
"KERNEL_DISPATCH","Agent 5",1,0,791505,1050,22,"gemm_mq4g256v2_residual_mmq_iu4_full_add_symfold",1050,73988366972929,73988372955147,0,0,184,0,128,256,1,1,10240,64,1
"KERNEL_DISPATCH","Agent 5",1,0,791505,1055,21,"gemm_mq4g256v2_residual_mmq_iu4_full_set_symfold",1055,73988379160528,73988379220208,0,0,184,0,128,256,1,1,256,64,1
"KERNEL_DISPATCH","Agent 5",1,0,791505,1060,27,"gated_delta_net_q8_fast",1060,73988383850653,73988384446619,2048,0,64,0,128,32,1,1,1536,32,1
"KERNEL_DISPATCH","Agent 5",1,0,791505,1065,27,"gated_delta_net_q8_fast",1065,73988386849882,73988387434088,2048,0,64,0,128,32,1,1,1536,32,1
"KERNEL_DISPATCH","Agent 5",1,0,791505,1070,27,"gated_delta_net_q8_fast",1070,73988389782031,73988390347516,2048,0,64,0,128,32,1,1,1536,32,1
"KERNEL_DISPATCH","Agent 5",1,0,791505,1075,20,"fused_rmsnorm_mq_rotate_awq_i4_gfx12",1075,73988394502837,73988394944321,0,0,96,0,128,256,1,1,2097152,1,1
"KERNEL_DISPATCH","Agent 5",1,0,791505,1080,20,"fused_rmsnorm_mq_rotate_awq_i4_gfx12",1080,73988414640552,73988415112476,0,0,96,0,128,256,1,1,2097152,1,1
"KERNEL_DISPATCH","Agent 5",1,0,791505,1085,32,"rmsnorm_f32",1085,73988421456298,73988421680860,0,0,16,0,128,256,1,1,8388608,1,1
"KERNEL_DISPATCH","Agent 5",1,0,791505,1090,40,"attention_q8_0_fa2_gqa_gfx1201",1090,73988422844671,73988459486707,0,0,240,0,128,128,1,1,131072,4,1
"KERNEL_DISPATCH","Agent 5",1,0,791505,1095,21,"gemm_mq4g256v2_residual_mmq_iu4_full_set_symfold",1095,73988469563365,73988475331221,0,0,184,0,128,256,1,1,34816,64,1
"KERNEL_DISPATCH","Agent 5",1,0,791505,1100,21,"gemm_mq4g256v2_residual_mmq_iu4_full_set_symfold",1100,73988486834332,73988488845672,0,0,184,0,128,256,1,1,12288,64,1
"KERNEL_DISPATCH","Agent 5",1,0,791505,1105,27,"gated_delta_net_q8_fast",1105,73988492173544,73988492727389,2048,0,64,0,128,32,1,1,1536,32,1
"KERNEL_DISPATCH","Agent 5",1,0,791505,1110,27,"gated_delta_net_q8_fast",1110,73988494943251,73988495491976,2048,0,64,0,128,32,1,1,1536,32,1
"KERNEL_DISPATCH","Agent 5",1,0,791505,1115,27,"gated_delta_net_q8_fast",1115,73988497682758,73988498227163,2048,0,64,0,128,32,1,1,1536,32,1
"KERNEL_DISPATCH","Agent 5",1,0,791505,1120,28,"gated_norm_mq_rotate_awq_i4_gfx12",1120,73988500414064,73988501309873,1024,0,40,0,128,64,1,1,1536,8192,1
"KERNEL_DISPATCH","Agent 5",1,0,791505,1125,29,"fused_silu_mul_mq_rotate_awq_i4_gfx12",1125,73988515401449,73988517515990,0,0,56,0,128,32,1,1,2176,8192,1
"KERNEL_DISPATCH","Agent 5",1,0,791505,1130,21,"gemm_mq4g256v2_residual_mmq_iu4_full_set_symfold",1130,73988529584747,73988529647148,0,0,184,0,128,256,1,1,256,64,1
"KERNEL_DISPATCH","Agent 5",1,0,791505,1135,27,"gated_delta_net_q8_fast",1135,73988533724187,73988534329193,2048,0,64,0,128,32,1,1,1536,32,1
"KERNEL_DISPATCH","Agent 5",1,0,791505,1140,27,"gated_delta_net_q8_fast",1140,73988536742856,73988537336382,2048,0,64,0,128,32,1,1,1536,32,1
"KERNEL_DISPATCH","Agent 5",1,0,791505,1145,27,"gated_delta_net_q8_fast",1145,73988539696845,73988540273531,2048,0,64,0,128,32,1,1,1536,32,1
"KERNEL_DISPATCH","Agent 5",1,0,791505,1150,22,"gemm_mq4g256v2_residual_mmq_iu4_full_add_symfold",1150,73988542942597,73988545047177,0,0,184,0,128,256,1,1,10240,64,1
"KERNEL_DISPATCH","Agent 5",1,0,791505,1155,22,"gemm_mq4g256v2_residual_mmq_iu4_full_add_symfold",1155,73988559274955,73988565195452,0,0,184,0,128,256,1,1,10240,64,1
"KERNEL_DISPATCH","Agent 5",1,0,791505,1160,21,"gemm_mq4g256v2_residual_mmq_iu4_full_set_symfold",1160,73988571423513,73988571482993,0,0,184,0,128,256,1,1,256,64,1
"KERNEL_DISPATCH","Agent 5",1,0,791505,1165,27,"gated_delta_net_q8_fast",1165,73988576080718,73988576677644,2048,0,64,0,128,32,1,1,1536,32,1
"KERNEL_DISPATCH","Agent 5",1,0,791505,1170,27,"gated_delta_net_q8_fast",1170,73988579065387,73988579652473,2048,0,64,0,128,32,1,1,1536,32,1
"KERNEL_DISPATCH","Agent 5",1,0,791505,1175,27,"gated_delta_net_q8_fast",1175,73988582004056,73988582578661,2048,0,64,0,128,32,1,1,1536,32,1
"KERNEL_DISPATCH","Agent 5",1,0,791505,1180,20,"fused_rmsnorm_mq_rotate_awq_i4_gfx12",1180,73988586705621,73988587144865,0,0,96,0,128,256,1,1,2097152,1,1
"KERNEL_DISPATCH","Agent 5",1,0,791505,1185,20,"fused_rmsnorm_mq_rotate_awq_i4_gfx12",1185,73988606791856,73988607264301,0,0,96,0,128,256,1,1,2097152,1,1
"KERNEL_DISPATCH","Agent 5",1,0,791505,1190,32,"rmsnorm_f32",1190,73988613590322,73988613819324,0,0,16,0,128,256,1,1,8388608,1,1
"KERNEL_DISPATCH","Agent 5",1,0,791505,1195,40,"attention_q8_0_fa2_gqa_gfx1201",1195,73988614986296,73988652501259,0,0,240,0,128,128,1,1,131072,4,1
"KERNEL_DISPATCH","Agent 5",1,0,791505,1200,21,"gemm_mq4g256v2_residual_mmq_iu4_full_set_symfold",1200,73988662353715,73988667919009,0,0,184,0,128,256,1,1,34816,64,1
"KERNEL_DISPATCH","Agent 5",1,0,791505,1205,21,"gemm_mq4g256v2_residual_mmq_iu4_full_set_symfold",1205,73988679600682,73988681639462,0,0,184,0,128,256,1,1,12288,64,1
"KERNEL_DISPATCH","Agent 5",1,0,791505,1210,27,"gated_delta_net_q8_fast",1210,73988684932694,73988685474019,2048,0,64,0,128,32,1,1,1536,32,1
"KERNEL_DISPATCH","Agent 5",1,0,791505,1215,27,"gated_delta_net_q8_fast",1215,73988687671921,73988688214966,2048,0,64,0,128,32,1,1,1536,32,1
"KERNEL_DISPATCH","Agent 5",1,0,791505,1220,27,"gated_delta_net_q8_fast",1220,73988690389627,73988690927952,2048,0,64,0,128,32,1,1,1536,32,1
"KERNEL_DISPATCH","Agent 5",1,0,791505,1225,28,"gated_norm_mq_rotate_awq_i4_gfx12",1225,73988693086093,73988693961742,1024,0,40,0,128,64,1,1,1536,8192,1
"KERNEL_DISPATCH","Agent 5",1,0,791505,1230,29,"fused_silu_mul_mq_rotate_awq_i4_gfx12",1230,73988707991158,73988710103898,0,0,56,0,128,32,1,1,2176,8192,1
"KERNEL_DISPATCH","Agent 5",1,0,791505,1235,21,"gemm_mq4g256v2_residual_mmq_iu4_full_set_symfold",1235,73988722268736,73988722330937,0,0,184,0,128,256,1,1,256,64,1
"KERNEL_DISPATCH","Agent 5",1,0,791505,1240,27,"gated_delta_net_q8_fast",1240,73988726460137,73988727085263,2048,0,64,0,128,32,1,1,1536,32,1
"KERNEL_DISPATCH","Agent 5",1,0,791505,1245,27,"gated_delta_net_q8_fast",1245,73988729542847,73988730139493,2048,0,64,0,128,32,1,1,1536,32,1
"KERNEL_DISPATCH","Agent 5",1,0,791505,1250,27,"gated_delta_net_q8_fast",1250,73988732492956,73988733070401,2048,0,64,0,128,32,1,1,1536,32,1
"KERNEL_DISPATCH","Agent 5",1,0,791505,1255,22,"gemm_mq4g256v2_residual_mmq_iu4_full_add_symfold",1255,73988735725267,73988737769327,0,0,184,0,128,256,1,1,10240,64,1
"KERNEL_DISPATCH","Agent 5",1,0,791505,1260,22,"gemm_mq4g256v2_residual_mmq_iu4_full_add_symfold",1260,73988751964224,73988757907962,0,0,184,0,128,256,1,1,10240,64,1
"KERNEL_DISPATCH","Agent 5",1,0,791505,1265,21,"gemm_mq4g256v2_residual_mmq_iu4_full_set_symfold",1265,73988764074582,73988764134302,0,0,184,0,128,256,1,1,256,64,1
"KERNEL_DISPATCH","Agent 5",1,0,791505,1270,27,"gated_delta_net_q8_fast",1270,73988768737907,73988769336753,2048,0,64,0,128,32,1,1,1536,32,1
"KERNEL_DISPATCH","Agent 5",1,0,791505,1275,27,"gated_delta_net_q8_fast",1275,73988771735336,73988772326942,2048,0,64,0,128,32,1,1,1536,32,1
"KERNEL_DISPATCH","Agent 5",1,0,791505,1280,27,"gated_delta_net_q8_fast",1280,73988774672685,73988775244890,2048,0,64,0,128,32,1,1,1536,32,1
"KERNEL_DISPATCH","Agent 5",1,0,791505,1285,20,"fused_rmsnorm_mq_rotate_awq_i4_gfx12",1285,73988779378850,73988779818935,0,0,96,0,128,256,1,1,2097152,1,1
"KERNEL_DISPATCH","Agent 5",1,0,791505,1290,20,"fused_rmsnorm_mq_rotate_awq_i4_gfx12",1290,73988799510646,73988799981050,0,0,96,0,128,256,1,1,2097152,1,1
"KERNEL_DISPATCH","Agent 5",1,0,791505,1295,32,"rmsnorm_f32",1295,73988806334032,73988806560994,0,0,16,0,128,256,1,1,8388608,1,1
"KERNEL_DISPATCH","Agent 5",1,0,791505,1300,40,"attention_q8_0_fa2_gqa_gfx1201",1300,73988807727205,73988845653373,0,0,240,0,128,128,1,1,131072,4,1
"KERNEL_DISPATCH","Agent 5",1,0,791505,1305,21,"gemm_mq4g256v2_residual_mmq_iu4_full_set_symfold",1305,73988855789032,73988861397126,0,0,184,0,128,256,1,1,34816,64,1
"KERNEL_DISPATCH","Agent 5",1,0,791505,1310,21,"gemm_mq4g256v2_residual_mmq_iu4_full_set_symfold",1310,73988873102520,73988875118539,0,0,184,0,128,256,1,1,12288,64,1
"KERNEL_DISPATCH","Agent 5",1,0,791505,1315,27,"gated_delta_net_q8_fast",1315,73988878398731,73988878933776,2048,0,64,0,128,32,1,1,1536,32,1
"KERNEL_DISPATCH","Agent 5",1,0,791505,1320,27,"gated_delta_net_q8_fast",1320,73988881098957,73988881636882,2048,0,64,0,128,32,1,1,1536,32,1
"KERNEL_DISPATCH","Agent 5",1,0,791505,1325,27,"gated_delta_net_q8_fast",1325,73988883793583,73988884325789,2048,0,64,0,128,32,1,1,1536,32,1
"KERNEL_DISPATCH","Agent 5",1,0,791505,1330,28,"gated_norm_mq_rotate_awq_i4_gfx12",1330,73988886474649,73988887350578,1024,0,40,0,128,64,1,1,1536,8192,1
"KERNEL_DISPATCH","Agent 5",1,0,791505,1335,29,"fused_silu_mul_mq_rotate_awq_i4_gfx12",1335,73988901368714,73988903478654,0,0,56,0,128,32,1,1,2176,8192,1
"KERNEL_DISPATCH","Agent 5",1,0,791505,1340,21,"gemm_mq4g256v2_residual_mmq_iu4_full_set_symfold",1340,73988915614212,73988915677093,0,0,184,0,128,256,1,1,256,64,1
"KERNEL_DISPATCH","Agent 5",1,0,791505,1345,27,"gated_delta_net_q8_fast",1345,73988919780772,73988920393218,2048,0,64,0,128,32,1,1,1536,32,1
"KERNEL_DISPATCH","Agent 5",1,0,791505,1350,27,"gated_delta_net_q8_fast",1350,73988922819122,73988923423248,2048,0,64,0,128,32,1,1,1536,32,1
"KERNEL_DISPATCH","Agent 5",1,0,791505,1355,27,"gated_delta_net_q8_fast",1355,73988925818631,73988926402837,2048,0,64,0,128,32,1,1,1536,32,1
"KERNEL_DISPATCH","Agent 5",1,0,791505,1360,22,"gemm_mq4g256v2_residual_mmq_iu4_full_add_symfold",1360,73988929090623,73988931152403,0,0,184,0,128,256,1,1,10240,64,1
"KERNEL_DISPATCH","Agent 5",1,0,791505,1365,22,"gemm_mq4g256v2_residual_mmq_iu4_full_add_symfold",1365,73988945397821,73988951387079,0,0,184,0,128,256,1,1,10240,64,1
"KERNEL_DISPATCH","Agent 5",1,0,791505,1370,21,"gemm_mq4g256v2_residual_mmq_iu4_full_set_symfold",1370,73988957551339,73988957610940,0,0,184,0,128,256,1,1,256,64,1
"KERNEL_DISPATCH","Agent 5",1,0,791505,1375,27,"gated_delta_net_q8_fast",1375,73988962259265,73988962868911,2048,0,64,0,128,32,1,1,1536,32,1
"KERNEL_DISPATCH","Agent 5",1,0,791505,1380,27,"gated_delta_net_q8_fast",1380,73988965284414,73988965875220,2048,0,64,0,128,32,1,1,1536,32,1
"KERNEL_DISPATCH","Agent 5",1,0,791505,1385,27,"gated_delta_net_q8_fast",1385,73988968219842,73988968795688,2048,0,64,0,128,32,1,1,1536,32,1
"KERNEL_DISPATCH","Agent 5",1,0,791505,1390,20,"fused_rmsnorm_mq_rotate_awq_i4_gfx12",1390,73988972976449,73988973419293,0,0,96,0,128,256,1,1,2097152,1,1
"KERNEL_DISPATCH","Agent 5",1,0,791505,1395,20,"fused_rmsnorm_mq_rotate_awq_i4_gfx12",1395,73988993125404,73988993595329,0,0,96,0,128,256,1,1,2097152,1,1
"KERNEL_DISPATCH","Agent 5",1,0,791505,1400,32,"rmsnorm_f32",1400,73988999911870,73989000138472,0,0,16,0,128,256,1,1,8388608,1,1
"KERNEL_DISPATCH","Agent 5",1,0,791505,1405,40,"attention_q8_0_fa2_gqa_gfx1201",1405,73989001309003,73989037890358,0,0,240,0,128,128,1,1,131072,4,1
"KERNEL_DISPATCH","Agent 5",1,0,791505,1410,21,"gemm_mq4g256v2_residual_mmq_iu4_full_set_symfold",1410,73989047806255,73989053534750,0,0,184,0,128,256,1,1,34816,64,1
"KERNEL_DISPATCH","Agent 5",1,0,791505,1415,21,"gemm_mq4g256v2_residual_mmq_iu4_full_set_symfold",1415,73989065042342,73989067069161,0,0,184,0,128,256,1,1,12288,64,1
"KERNEL_DISPATCH","Agent 5",1,0,791505,1420,27,"gated_delta_net_q8_fast",1420,73989070390074,73989070941559,2048,0,64,0,128,32,1,1,1536,32,1
"KERNEL_DISPATCH","Agent 5",1,0,791505,1425,27,"gated_delta_net_q8_fast",1425,73989073184661,73989073739986,2048,0,64,0,128,32,1,1,1536,32,1
"KERNEL_DISPATCH","Agent 5",1,0,791505,1430,27,"gated_delta_net_q8_fast",1430,73989075957968,73989076504773,2048,0,64,0,128,32,1,1,1536,32,1
"KERNEL_DISPATCH","Agent 5",1,0,791505,1435,28,"gated_norm_mq_rotate_awq_i4_gfx12",1435,73989078700434,73989079587643,1024,0,40,0,128,64,1,1,1536,8192,1
"KERNEL_DISPATCH","Agent 5",1,0,791505,1440,29,"fused_silu_mul_mq_rotate_awq_i4_gfx12",1440,73989093656019,73989095762320,0,0,56,0,128,32,1,1,2176,8192,1
"KERNEL_DISPATCH","Agent 5",1,0,791505,1445,21,"gemm_mq4g256v2_residual_mmq_iu4_full_set_symfold",1445,73989107943318,73989108005999,0,0,184,0,128,256,1,1,256,64,1
"KERNEL_DISPATCH","Agent 5",1,0,791505,1450,27,"gated_delta_net_q8_fast",1450,73989112114038,73989112723084,2048,0,64,0,128,32,1,1,1536,32,1
"KERNEL_DISPATCH","Agent 5",1,0,791505,1455,27,"gated_delta_net_q8_fast",1455,73989115151108,73989115743154,2048,0,64,0,128,32,1,1,1536,32,1
"KERNEL_DISPATCH","Agent 5",1,0,791505,1460,27,"gated_delta_net_q8_fast",1460,73989118098176,73989118673502,2048,0,64,0,128,32,1,1,1536,32,1
"KERNEL_DISPATCH","Agent 5",1,0,791505,1465,22,"gemm_mq4g256v2_residual_mmq_iu4_full_add_symfold",1465,73989121355408,73989123474149,0,0,184,0,128,256,1,1,10240,64,1
"KERNEL_DISPATCH","Agent 5",1,0,791505,1470,22,"gemm_mq4g256v2_residual_mmq_iu4_full_add_symfold",1470,73989137794608,73989143711145,0,0,184,0,128,256,1,1,10240,64,1
"KERNEL_DISPATCH","Agent 5",1,0,791505,1475,21,"gemm_mq4g256v2_residual_mmq_iu4_full_set_symfold",1475,73989149939605,73989149999326,0,0,184,0,128,256,1,1,256,64,1
"KERNEL_DISPATCH","Agent 5",1,0,791505,1480,27,"gated_delta_net_q8_fast",1480,73989154630131,73989155233697,2048,0,64,0,128,32,1,1,1536,32,1
"KERNEL_DISPATCH","Agent 5",1,0,791505,1485,27,"gated_delta_net_q8_fast",1485,73989157658880,73989158249606,2048,0,64,0,128,32,1,1,1536,32,1
"KERNEL_DISPATCH","Agent 5",1,0,791505,1490,27,"gated_delta_net_q8_fast",1490,73989160584269,73989161155114,2048,0,64,0,128,32,1,1,1536,32,1
"KERNEL_DISPATCH","Agent 5",1,0,791505,1495,20,"fused_rmsnorm_mq_rotate_awq_i4_gfx12",1495,73989165266914,73989165705958,0,0,96,0,128,256,1,1,2097152,1,1
"KERNEL_DISPATCH","Agent 5",1,0,791505,1500,20,"fused_rmsnorm_mq_rotate_awq_i4_gfx12",1500,73989185349589,73989185820873,0,0,96,0,128,256,1,1,2097152,1,1
"KERNEL_DISPATCH","Agent 5",1,0,791505,1505,32,"rmsnorm_f32",1505,73989192151735,73989192377257,0,0,16,0,128,256,1,1,8388608,1,1
"KERNEL_DISPATCH","Agent 5",1,0,791505,1510,40,"attention_q8_0_fa2_gqa_gfx1201",1510,73989193546388,73989232144643,0,0,240,0,128,128,1,1,131072,4,1
"KERNEL_DISPATCH","Agent 5",1,0,791505,1515,21,"gemm_mq4g256v2_residual_mmq_iu4_full_set_symfold",1515,73989242237621,73989247852035,0,0,184,0,128,256,1,1,34816,64,1
"KERNEL_DISPATCH","Agent 5",1,0,791505,1520,21,"gemm_mq4g256v2_residual_mmq_iu4_full_set_symfold",1520,73989259558469,73989261556768,0,0,184,0,128,256,1,1,12288,64,1
"KERNEL_DISPATCH","Agent 5",1,0,791505,1525,27,"gated_delta_net_q8_fast",1525,73989264856120,73989265398925,2048,0,64,0,128,32,1,1,1536,32,1
"KERNEL_DISPATCH","Agent 5",1,0,791505,1530,27,"gated_delta_net_q8_fast",1530,73989267588067,73989268130152,2048,0,64,0,128,32,1,1,1536,32,1
"KERNEL_DISPATCH","Agent 5",1,0,791505,1535,27,"gated_delta_net_q8_fast",1535,73989270303933,73989270841458,2048,0,64,0,128,32,1,1,1536,32,1
"KERNEL_DISPATCH","Agent 5",1,0,791505,1540,28,"gated_norm_mq_rotate_awq_i4_gfx12",1540,73989273000719,73989273876048,1024,0,40,0,128,64,1,1,1536,8192,1
"KERNEL_DISPATCH","Agent 5",1,0,791505,1545,29,"fused_silu_mul_mq_rotate_awq_i4_gfx12",1545,73989287835943,73989289943164,0,0,56,0,128,32,1,1,2176,8192,1
"KERNEL_DISPATCH","Agent 5",1,0,791505,1550,21,"gemm_mq4g256v2_residual_mmq_iu4_full_set_symfold",1550,73989302071161,73989302133802,0,0,184,0,128,256,1,1,256,64,1
"KERNEL_DISPATCH","Agent 5",1,0,791505,1555,27,"gated_delta_net_q8_fast",1555,73989306225242,73989306836128,2048,0,64,0,128,32,1,1,1536,32,1
"KERNEL_DISPATCH","Agent 5",1,0,791505,1560,27,"gated_delta_net_q8_fast",1560,73989309270591,73989309872757,2048,0,64,0,128,32,1,1,1536,32,1
"KERNEL_DISPATCH","Agent 5",1,0,791505,1565,27,"gated_delta_net_q8_fast",1565,73989312260900,73989312845906,2048,0,64,0,128,32,1,1,1536,32,1
"KERNEL_DISPATCH","Agent 5",1,0,791505,1570,22,"gemm_mq4g256v2_residual_mmq_iu4_full_add_symfold",1570,73989315523372,73989317615552,0,0,184,0,128,256,1,1,10240,64,1
"KERNEL_DISPATCH","Agent 5",1,0,791505,1575,22,"gemm_mq4g256v2_residual_mmq_iu4_full_add_symfold",1575,73989331910451,73989337848428,0,0,184,0,128,256,1,1,10240,64,1
"KERNEL_DISPATCH","Agent 5",1,0,791505,1580,21,"gemm_mq4g256v2_residual_mmq_iu4_full_set_symfold",1580,73989344038248,73989344098209,0,0,184,0,128,256,1,1,256,64,1
"KERNEL_DISPATCH","Agent 5",1,0,791505,1585,27,"gated_delta_net_q8_fast",1585,73989348719054,73989349320060,2048,0,64,0,128,32,1,1,1536,32,1
"KERNEL_DISPATCH","Agent 5",1,0,791505,1590,27,"gated_delta_net_q8_fast",1590,73989351721243,73989352310649,2048,0,64,0,128,32,1,1,1536,32,1
"KERNEL_DISPATCH","Agent 5",1,0,791505,1595,27,"gated_delta_net_q8_fast",1595,73989354652911,73989355227837,2048,0,64,0,128,32,1,1,1536,32,1
"KERNEL_DISPATCH","Agent 5",1,0,791505,1600,20,"fused_rmsnorm_mq_rotate_awq_i4_gfx12",1600,73989359415838,73989359859042,0,0,96,0,128,256,1,1,2097152,1,1
"KERNEL_DISPATCH","Agent 5",1,0,791505,1605,20,"fused_rmsnorm_mq_rotate_awq_i4_gfx12",1605,73989379597913,73989380069558,0,0,96,0,128,256,1,1,2097152,1,1
"KERNEL_DISPATCH","Agent 5",1,0,791505,1610,32,"rmsnorm_f32",1610,73989386417780,73989386642342,0,0,16,0,128,256,1,1,8388608,1,1
"KERNEL_DISPATCH","Agent 5",1,0,791505,1615,40,"attention_q8_0_fa2_gqa_gfx1201",1615,73989387807033,73989425200436,0,0,240,0,128,128,1,1,131072,4,1
"KERNEL_DISPATCH","Agent 5",1,0,791505,1620,21,"gemm_mq4g256v2_residual_mmq_iu4_full_set_symfold",1620,73989435102732,73989440888108,0,0,184,0,128,256,1,1,34816,64,1
"KERNEL_DISPATCH","Agent 5",1,0,791505,1625,21,"gemm_mq4g256v2_residual_mmq_iu4_full_set_symfold",1625,73989452460860,73989454478680,0,0,184,0,128,256,1,1,12288,64,1
"KERNEL_DISPATCH","Agent 5",1,0,791505,1630,27,"gated_delta_net_q8_fast",1630,73989457799392,73989458345517,2048,0,64,0,128,32,1,1,1536,32,1
"KERNEL_DISPATCH","Agent 5",1,0,791505,1635,27,"gated_delta_net_q8_fast",1635,73989460556419,73989461103784,2048,0,64,0,128,32,1,1,1536,32,1
"KERNEL_DISPATCH","Agent 5",1,0,791505,1640,27,"gated_delta_net_q8_fast",1640,73989463295845,73989463838571,2048,0,64,0,128,32,1,1,1536,32,1
"KERNEL_DISPATCH","Agent 5",1,0,791505,1645,28,"gated_norm_mq_rotate_awq_i4_gfx12",1645,73989466016832,73989466900320,1024,0,40,0,128,64,1,1,1536,8192,1
"KERNEL_DISPATCH","Agent 5",1,0,791505,1650,29,"fused_silu_mul_mq_rotate_awq_i4_gfx12",1650,73989481019257,73989483128198,0,0,56,0,128,32,1,1,2176,8192,1
"KERNEL_DISPATCH","Agent 5",1,0,791505,1655,21,"gemm_mq4g256v2_residual_mmq_iu4_full_set_symfold",1655,73989495245915,73989495308596,0,0,184,0,128,256,1,1,256,64,1
"KERNEL_DISPATCH","Agent 5",1,0,791505,1660,27,"gated_delta_net_q8_fast",1660,73989499402316,73989500011442,2048,0,64,0,128,32,1,1,1536,32,1
"KERNEL_DISPATCH","Agent 5",1,0,791505,1665,27,"gated_delta_net_q8_fast",1665,73989502429705,73989503020511,2048,0,64,0,128,32,1,1,1536,32,1
"KERNEL_DISPATCH","Agent 5",1,0,791505,1670,27,"gated_delta_net_q8_fast",1670,73989505365854,73989505943179,2048,0,64,0,128,32,1,1,1536,32,1
"KERNEL_DISPATCH","Agent 5",1,0,791505,1675,22,"gemm_mq4g256v2_residual_mmq_iu4_full_add_symfold",1675,73989508619885,73989510750226,0,0,184,0,128,256,1,1,10240,64,1
"KERNEL_DISPATCH","Agent 5",1,0,791505,1680,22,"gemm_mq4g256v2_residual_mmq_iu4_full_add_symfold",1680,73989525008644,73989530981422,0,0,184,0,128,256,1,1,10240,64,1
"KERNEL_DISPATCH","Agent 5",1,0,791505,1685,21,"gemm_mq4g256v2_residual_mmq_iu4_full_set_symfold",1685,73989537159282,73989537219963,0,0,184,0,128,256,1,1,256,64,1
"KERNEL_DISPATCH","Agent 5",1,0,791505,3311,52,"sample_topk_partial_fast21",3311,73990495043494,73990495066654,0,0,56,0,128,256,1,1,32768,1,1
"KERNEL_DISPATCH","Agent 5",1,0,791505,3306,22,"gemm_mq4g256v2_residual_mmq_iu4_full_add_symfold",3306,73990493750041,73990493926803,0,0,184,0,128,256,1,1,10240,1,1
"KERNEL_DISPATCH","Agent 5",1,0,791505,3301,22,"gemm_mq4g256v2_residual_mmq_iu4_full_add_symfold",3301,73990493359558,73990493427798,0,0,184,0,128,256,1,1,10240,1,1
"KERNEL_DISPATCH","Agent 5",1,0,791505,3296,36,"kv_cache_write_q8_0_batched",3296,73990492146986,73990492149986,0,0,8,0,128,32,1,1,1024,91,1
"KERNEL_DISPATCH","Agent 5",1,0,791505,3291,21,"gemm_mq4g256v2_residual_mmq_iu4_full_set_symfold",3291,73990492017025,73990492061385,0,0,184,0,128,256,1,1,2048,1,1
"KERNEL_DISPATCH","Agent 5",1,0,791505,3286,21,"gemm_mq4g256v2_residual_mmq_iu4_full_set_symfold",3286,73990491576020,73990491713822,0,0,184,0,128,256,1,1,34816,1,1
"KERNEL_DISPATCH","Agent 5",1,0,791505,3281,27,"gated_delta_net_q8_fast",3281,73990491239097,73990491330258,2048,0,64,0,128,32,1,1,1536,32,1
"KERNEL_DISPATCH","Agent 5",1,0,791505,3276,21,"gemm_mq4g256v2_residual_mmq_iu4_full_set_symfold",3276,73990490978294,73990491054375,0,0,184,0,128,256,1,1,20480,1,1
"KERNEL_DISPATCH","Agent 5",1,0,791505,3271,21,"gemm_mq4g256v2_residual_mmq_iu4_full_set_symfold",3271,73990490476290,73990490615411,0,0,184,0,128,256,1,1,34816,1,1
"KERNEL_DISPATCH","Agent 5",1,0,791505,3266,25,"gdn_pre_batched_gfx1201",3266,73990490250367,73990490277808,33280,0,224,0,128,256,1,1,31488,1,1
"KERNEL_DISPATCH","Agent 5",1,0,791505,3261,20,"fused_rmsnorm_mq_rotate_awq_i4_gfx12",3261,73990490007325,73990490017605,0,0,96,0,128,256,1,1,23296,1,1
"KERNEL_DISPATCH","Agent 5",1,0,791505,3256,20,"fused_rmsnorm_mq_rotate_awq_i4_gfx12",3256,73990489506920,73990489517160,0,0,96,0,128,256,1,1,23296,1,1
"KERNEL_DISPATCH","Agent 5",1,0,791505,3251,21,"gemm_mq4g256v2_residual_mmq_iu4_full_set_symfold",3251,73990489251638,73990489292438,0,0,184,0,128,256,1,1,256,1,1
"KERNEL_DISPATCH","Agent 5",1,0,791505,3246,22,"gemm_mq4g256v2_residual_mmq_iu4_full_add_symfold",3246,73990488872074,73990489049476,0,0,184,0,128,256,1,1,10240,1,1
"KERNEL_DISPATCH","Agent 5",1,0,791505,3241,22,"gemm_mq4g256v2_residual_mmq_iu4_full_add_symfold",3241,73990488479910,73990488548871,0,0,184,0,128,256,1,1,10240,1,1
"KERNEL_DISPATCH","Agent 5",1,0,791505,3236,36,"kv_cache_write_q8_0_batched",3236,73990487269338,73990487272258,0,0,8,0,128,32,1,1,1024,91,1
"KERNEL_DISPATCH","Agent 5",1,0,791505,3231,21,"gemm_mq4g256v2_residual_mmq_iu4_full_set_symfold",3231,73990487139737,73990487183778,0,0,184,0,128,256,1,1,2048,1,1
"KERNEL_DISPATCH","Agent 5",1,0,791505,3312,51,"sample_topk_finalize_fast21",3312,73990495070054,73990495084334,0,0,80,0,128,128,1,1,128,1,1
"KERNEL_DISPATCH","Agent 5",1,0,791505,3307,12,"__amd_rocclr_copyBuffer",3307,73990493930123,73990493931683,0,0,16,0,128,512,1,1,1536,1,1
"KERNEL_DISPATCH","Agent 5",1,0,791505,3302,20,"fused_rmsnorm_mq_rotate_awq_i4_gfx12",3302,73990493431158,73990493441478,0,0,96,0,128,256,1,1,23296,1,1
"KERNEL_DISPATCH","Agent 5",1,0,791505,3297,36,"kv_cache_write_q8_0_batched",3297,73990492153266,73990492155986,0,0,8,0,128,32,1,1,1024,91,1
"KERNEL_DISPATCH","Agent 5",1,0,791505,3292,21,"gemm_mq4g256v2_residual_mmq_iu4_full_set_symfold",3292,73990492064705,73990492108505,0,0,184,0,128,256,1,1,2048,1,1
"KERNEL_DISPATCH","Agent 5",1,0,791505,3287,29,"fused_silu_mul_mq_rotate_awq_i4_gfx12",3287,73990491717142,73990491735542,0,0,56,0,128,32,1,1,2176,91,1
"KERNEL_DISPATCH","Agent 5",1,0,791505,3313,12,"__amd_rocclr_copyBuffer",3313,73990495087654,73990495090534,0,0,16,0,128,512,1,1,512,1,1
"KERNEL_DISPATCH","Agent 5",1,0,791505,3282,28,"gated_norm_mq_rotate_awq_i4_gfx12",3282,73990491333698,73990491345738,1024,0,40,0,128,64,1,1,1536,91,1
"KERNEL_DISPATCH","Agent 5",1,0,791505,3308,32,"rmsnorm_f32",3308,73990493935003,73990493947843,0,0,16,0,128,256,1,1,256,1,1
"KERNEL_DISPATCH","Agent 5",1,0,791505,3277,21,"gemm_mq4g256v2_residual_mmq_iu4_full_set_symfold",3277,73990491057735,73990491116776,0,0,184,0,128,256,1,1,12288,1,1
"KERNEL_DISPATCH","Agent 5",1,0,791505,3303,21,"gemm_mq4g256v2_residual_mmq_iu4_full_set_symfold",3303,73990493444678,73990493583840,0,0,184,0,128,256,1,1,34816,1,1
"KERNEL_DISPATCH","Agent 5",1,0,791505,3272,21,"gemm_mq4g256v2_residual_mmq_iu4_full_set_symfold",3272,73990490618651,73990490757972,0,0,184,0,128,256,1,1,34816,1,1
"KERNEL_DISPATCH","Agent 5",1,0,791505,3267,27,"gated_delta_net_q8_fast",3267,73990490281168,73990490372609,2048,0,64,0,128,32,1,1,1536,32,1
"KERNEL_DISPATCH","Agent 5",1,0,791505,3298,39,"attention_fa2_q_preconvert_gfx1201",3298,73990492159346,73990492164706,0,0,16,0,128,128,1,1,69888,1,1
"KERNEL_DISPATCH","Agent 5",1,0,791505,3262,21,"gemm_mq4g256v2_residual_mmq_iu4_full_set_symfold",3262,73990490020925,73990490096806,0,0,184,0,128,256,1,1,20480,1,1
"KERNEL_DISPATCH","Agent 5",1,0,791505,3293,30,"deinterleave_q_rmsnorm_f32_batched",3293,73990492111865,73990492124306,0,0,24,0,128,256,1,1,6144,91,1
"KERNEL_DISPATCH","Agent 5",1,0,791505,3257,21,"gemm_mq4g256v2_residual_mmq_iu4_full_set_symfold",3257,73990489520400,73990489659042,0,0,184,0,128,256,1,1,34816,1,1
"KERNEL_DISPATCH","Agent 5",1,0,791505,3288,22,"gemm_mq4g256v2_residual_mmq_iu4_full_add_symfold",3288,73990491738862,73990491916184,0,0,184,0,128,256,1,1,10240,1,1
"KERNEL_DISPATCH","Agent 5",1,0,791505,3283,22,"gemm_mq4g256v2_residual_mmq_iu4_full_add_symfold",3283,73990491349098,73990491417499,0,0,184,0,128,256,1,1,10240,1,1
"KERNEL_DISPATCH","Agent 5",1,0,791505,3278,21,"gemm_mq4g256v2_residual_mmq_iu4_full_set_symfold",3278,73990491120056,73990491160976,0,0,184,0,128,256,1,1,256,1,1
"KERNEL_DISPATCH","Agent 5",1,0,791505,3273,29,"fused_silu_mul_mq_rotate_awq_i4_gfx12",3273,73990490761332,73990490780293,0,0,56,0,128,32,1,1,2176,91,1
"KERNEL_DISPATCH","Agent 5",1,0,791505,3268,28,"gated_norm_mq_rotate_awq_i4_gfx12",3268,73990490376009,73990490388089,1024,0,40,0,128,64,1,1,1536,91,1
"KERNEL_DISPATCH","Agent 5",1,0,791505,3263,21,"gemm_mq4g256v2_residual_mmq_iu4_full_set_symfold",3263,73990490100086,73990490159046,0,0,184,0,128,256,1,1,12288,1,1
"KERNEL_DISPATCH","Agent 5",1,0,791505,3258,21,"gemm_mq4g256v2_residual_mmq_iu4_full_set_symfold",3258,73990489662322,73990489801003,0,0,184,0,128,256,1,1,34816,1,1
"KERNEL_DISPATCH","Agent 5",1,0,791505,3253,27,"gated_delta_net_q8_fast",3253,73990489326638,73990489417639,2048,0,64,0,128,32,1,1,1536,32,1
"KERNEL_DISPATCH","Agent 5",1,0,791505,3248,21,"gemm_mq4g256v2_residual_mmq_iu4_full_set_symfold",3248,73990489066516,73990489142157,0,0,184,0,128,256,1,1,20480,1,1
"KERNEL_DISPATCH","Agent 5",1,0,791505,3243,21,"gemm_mq4g256v2_residual_mmq_iu4_full_set_symfold",3243,73990488565711,73990488704312,0,0,184,0,128,256,1,1,34816,1,1
"KERNEL_DISPATCH","Agent 5",1,0,791505,3238,39,"attention_fa2_q_preconvert_gfx1201",3238,73990487281379,73990487286619,0,0,16,0,128,128,1,1,69888,1,1
"KERNEL_DISPATCH","Agent 5",1,0,791505,3233,30,"deinterleave_q_rmsnorm_f32_batched",3233,73990487234458,73990487246738,0,0,24,0,128,256,1,1,6144,91,1
"KERNEL_DISPATCH","Agent 5",1,0,791505,3228,22,"gemm_mq4g256v2_residual_mmq_iu4_full_add_symfold",3228,73990486857174,73990487034776,0,0,184,0,128,256,1,1,10240,1,1
"KERNEL_DISPATCH","Agent 5",1,0,791505,3223,22,"gemm_mq4g256v2_residual_mmq_iu4_full_add_symfold",3223,73990486466691,73990486534011,0,0,184,0,128,256,1,1,10240,1,1
"KERNEL_DISPATCH","Agent 5",1,0,791505,3218,21,"gemm_mq4g256v2_residual_mmq_iu4_full_set_symfold",3218,73990486237288,73990486278329,0,0,184,0,128,256,1,1,256,1,1
"KERNEL_DISPATCH","Agent 5",1,0,791505,3213,29,"fused_silu_mul_mq_rotate_awq_i4_gfx12",3213,73990485878805,73990485897085,0,0,56,0,128,32,1,1,2176,91,1
"KERNEL_DISPATCH","Agent 5",1,0,791505,3208,28,"gated_norm_mq_rotate_awq_i4_gfx12",3208,73990485493361,73990485505281,1024,0,40,0,128,64,1,1,1536,91,1
"KERNEL_DISPATCH","Agent 5",1,0,791505,3203,21,"gemm_mq4g256v2_residual_mmq_iu4_full_set_symfold",3203,73990485217359,73990485276759,0,0,184,0,128,256,1,1,12288,1,1
"KERNEL_DISPATCH","Agent 5",1,0,791505,3198,21,"gemm_mq4g256v2_residual_mmq_iu4_full_set_symfold",3198,73990484779234,73990484918956,0,0,184,0,128,256,1,1,34816,1,1
"KERNEL_DISPATCH","Agent 5",1,0,791505,3193,27,"gated_delta_net_q8_fast",3193,73990484441671,73990484532712,2048,0,64,0,128,32,1,1,1536,32,1
"KERNEL_DISPATCH","Agent 5",1,0,791505,3188,21,"gemm_mq4g256v2_residual_mmq_iu4_full_set_symfold",3188,73990484180588,73990484256869,0,0,184,0,128,256,1,1,20480,1,1
"KERNEL_DISPATCH","Agent 5",1,0,791505,1690,27,"gated_delta_net_q8_fast",1690,73989541858208,73989542462093,2048,0,64,0,128,32,1,1,1536,32,1
"KERNEL_DISPATCH","Agent 5",1,0,791505,3226,21,"gemm_mq4g256v2_residual_mmq_iu4_full_set_symfold",3226,73990486692733,73990486831054,0,0,184,0,128,256,1,1,34816,1,1
"KERNEL_DISPATCH","Agent 5",1,0,791505,3183,21,"gemm_mq4g256v2_residual_mmq_iu4_full_set_symfold",3183,73990483678664,73990483817665,0,0,184,0,128,256,1,1,34816,1,1
"KERNEL_DISPATCH","Agent 5",1,0,791505,3178,39,"attention_fa2_q_preconvert_gfx1201",3178,73990482394571,73990482399651,0,0,16,0,128,128,1,1,69888,1,1
"KERNEL_DISPATCH","Agent 5",1,0,791505,1695,27,"gated_delta_net_q8_fast",1695,73989544873317,73989545462723,2048,0,64,0,128,32,1,1,1536,32,1
"KERNEL_DISPATCH","Agent 5",1,0,791505,3221,27,"gated_delta_net_q8_fast",3221,73990486356770,73990486447890,2048,0,64,0,128,32,1,1,1536,32,1
"KERNEL_DISPATCH","Agent 5",1,0,791505,1700,27,"gated_delta_net_q8_fast",1700,73989547803145,73989548375551,2048,0,64,0,128,32,1,1,1536,32,1
"KERNEL_DISPATCH","Agent 5",1,0,791505,3216,21,"gemm_mq4g256v2_residual_mmq_iu4_full_set_symfold",3216,73990486094727,73990486170808,0,0,184,0,128,256,1,1,20480,1,1
"KERNEL_DISPATCH","Agent 5",1,0,791505,1705,20,"fused_rmsnorm_mq_rotate_awq_i4_gfx12",1705,73989552602072,73989553045276,0,0,96,0,128,256,1,1,2097152,1,1
"KERNEL_DISPATCH","Agent 5",1,0,791505,3211,21,"gemm_mq4g256v2_residual_mmq_iu4_full_set_symfold",3211,73990485593042,73990485732604,0,0,184,0,128,256,1,1,34816,1,1
"KERNEL_DISPATCH","Agent 5",1,0,791505,3206,25,"gdn_pre_batched_gfx1201",3206,73990485368280,73990485395600,33280,0,224,0,128,256,1,1,31488,1,1
"KERNEL_DISPATCH","Agent 5",1,0,791505,3252,25,"gdn_pre_batched_gfx1201",3252,73990489295798,73990489323358,33280,0,224,0,128,256,1,1,31488,1,1
"KERNEL_DISPATCH","Agent 5",1,0,791505,3201,20,"fused_rmsnorm_mq_rotate_awq_i4_gfx12",3201,73990485124678,73990485134998,0,0,96,0,128,256,1,1,23296,1,1
"KERNEL_DISPATCH","Agent 5",1,0,791505,3247,20,"fused_rmsnorm_mq_rotate_awq_i4_gfx12",3247,73990489052836,73990489063156,0,0,96,0,128,256,1,1,23296,1,1
"KERNEL_DISPATCH","Agent 5",1,0,791505,3196,20,"fused_rmsnorm_mq_rotate_awq_i4_gfx12",3196,73990484622833,73990484633073,0,0,96,0,128,256,1,1,23296,1,1
"KERNEL_DISPATCH","Agent 5",1,0,791505,3242,20,"fused_rmsnorm_mq_rotate_awq_i4_gfx12",3242,73990488552271,73990488562511,0,0,96,0,128,256,1,1,23296,1,1
"KERNEL_DISPATCH","Agent 5",1,0,791505,3191,21,"gemm_mq4g256v2_residual_mmq_iu4_full_set_symfold",3191,73990484366830,73990484407551,0,0,184,0,128,256,1,1,256,1,1
"KERNEL_DISPATCH","Agent 5",1,0,791505,3237,36,"kv_cache_write_q8_0_batched",3237,73990487275459,73990487278059,0,0,8,0,128,32,1,1,1024,91,1
"KERNEL_DISPATCH","Agent 5",1,0,791505,3232,21,"gemm_mq4g256v2_residual_mmq_iu4_full_set_symfold",3232,73990487187018,73990487231098,0,0,184,0,128,256,1,1,2048,1,1
"KERNEL_DISPATCH","Agent 5",1,0,791505,3186,22,"gemm_mq4g256v2_residual_mmq_iu4_full_add_symfold",3186,73990483984827,73990484163548,0,0,184,0,128,256,1,1,10240,1,1
"KERNEL_DISPATCH","Agent 5",1,0,791505,3227,29,"fused_silu_mul_mq_rotate_awq_i4_gfx12",3227,73990486834374,73990486853814,0,0,56,0,128,32,1,1,2176,91,1
"KERNEL_DISPATCH","Agent 5",1,0,791505,3181,22,"gemm_mq4g256v2_residual_mmq_iu4_full_add_symfold",3181,73990483592983,73990483661863,0,0,184,0,128,256,1,1,10240,1,1
"KERNEL_DISPATCH","Agent 5",1,0,791505,3222,28,"gated_norm_mq_rotate_awq_i4_gfx12",3222,73990486451211,73990486463371,1024,0,40,0,128,64,1,1,1536,91,1
"KERNEL_DISPATCH","Agent 5",1,0,791505,3176,36,"kv_cache_write_q8_0_batched",3176,73990482382571,73990482385371,0,0,8,0,128,32,1,1,1024,91,1
"KERNEL_DISPATCH","Agent 5",1,0,791505,3171,21,"gemm_mq4g256v2_residual_mmq_iu4_full_set_symfold",3171,73990482253570,73990482297850,0,0,184,0,128,256,1,1,2048,1,1
"KERNEL_DISPATCH","Agent 5",1,0,791505,3166,21,"gemm_mq4g256v2_residual_mmq_iu4_full_set_symfold",3166,73990481810885,73990481950407,0,0,184,0,128,256,1,1,34816,1,1
"KERNEL_DISPATCH","Agent 5",1,0,791505,3161,27,"gated_delta_net_q8_fast",3161,73990481473242,73990481564363,2048,0,64,0,128,32,1,1,1536,32,1
"KERNEL_DISPATCH","Agent 5",1,0,791505,3156,21,"gemm_mq4g256v2_residual_mmq_iu4_full_set_symfold",3156,73990481213520,73990481288960,0,0,184,0,128,256,1,1,20480,1,1
"KERNEL_DISPATCH","Agent 5",1,0,791505,3151,21,"gemm_mq4g256v2_residual_mmq_iu4_full_set_symfold",3151,73990480710835,73990480850356,0,0,184,0,128,256,1,1,34816,1,1
"KERNEL_DISPATCH","Agent 5",1,0,791505,3146,25,"gdn_pre_batched_gfx1201",3146,73990480486473,73990480513873,33280,0,224,0,128,256,1,1,31488,1,1
"KERNEL_DISPATCH","Agent 5",1,0,791505,3141,20,"fused_rmsnorm_mq_rotate_awq_i4_gfx12",3141,73990480242990,73990480253510,0,0,96,0,128,256,1,1,23296,1,1
"KERNEL_DISPATCH","Agent 5",1,0,791505,3136,20,"fused_rmsnorm_mq_rotate_awq_i4_gfx12",3136,73990479740545,73990479750826,0,0,96,0,128,256,1,1,23296,1,1
"KERNEL_DISPATCH","Agent 5",1,0,791505,3131,21,"gemm_mq4g256v2_residual_mmq_iu4_full_set_symfold",3131,73990479484263,73990479525303,0,0,184,0,128,256,1,1,256,1,1
"KERNEL_DISPATCH","Agent 5",1,0,791505,3126,22,"gemm_mq4g256v2_residual_mmq_iu4_full_add_symfold",3126,73990479104580,73990479281502,0,0,184,0,128,256,1,1,10240,1,1
"KERNEL_DISPATCH","Agent 5",1,0,791505,3121,22,"gemm_mq4g256v2_residual_mmq_iu4_full_add_symfold",3121,73990478711776,73990478780457,0,0,184,0,128,256,1,1,10240,1,1
"KERNEL_DISPATCH","Agent 5",1,0,791505,3116,36,"kv_cache_write_q8_0_batched",3116,73990477501805,73990477504805,0,0,8,0,128,32,1,1,1024,91,1
"KERNEL_DISPATCH","Agent 5",1,0,791505,3111,21,"gemm_mq4g256v2_residual_mmq_iu4_full_set_symfold",3111,73990477372403,73990477416484,0,0,184,0,128,256,1,1,2048,1,1
"KERNEL_DISPATCH","Agent 5",1,0,791505,3106,21,"gemm_mq4g256v2_residual_mmq_iu4_full_set_symfold",3106,73990476930759,73990477068720,0,0,184,0,128,256,1,1,34816,1,1
"KERNEL_DISPATCH","Agent 5",1,0,791505,3101,27,"gated_delta_net_q8_fast",3101,73990476594196,73990476685717,2048,0,64,0,128,32,1,1,1536,32,1
"KERNEL_DISPATCH","Agent 5",1,0,791505,3096,21,"gemm_mq4g256v2_residual_mmq_iu4_full_set_symfold",3096,73990476333273,73990476409394,0,0,184,0,128,256,1,1,20480,1,1
"KERNEL_DISPATCH","Agent 5",1,0,791505,3091,21,"gemm_mq4g256v2_residual_mmq_iu4_full_set_symfold",3091,73990475831308,73990475970470,0,0,184,0,128,256,1,1,34816,1,1
"KERNEL_DISPATCH","Agent 5",1,0,791505,3086,25,"gdn_pre_batched_gfx1201",3086,73990475605706,73990475633107,33280,0,224,0,128,256,1,1,31488,1,1
"KERNEL_DISPATCH","Agent 5",1,0,791505,3081,20,"fused_rmsnorm_mq_rotate_awq_i4_gfx12",3081,73990475363784,73990475374064,0,0,96,0,128,256,1,1,23296,1,1
"KERNEL_DISPATCH","Agent 5",1,0,791505,3076,20,"fused_rmsnorm_mq_rotate_awq_i4_gfx12",3076,73990474862179,73990474872459,0,0,96,0,128,256,1,1,23296,1,1
"KERNEL_DISPATCH","Agent 5",1,0,791505,3071,21,"gemm_mq4g256v2_residual_mmq_iu4_full_set_symfold",3071,73990474607737,73990474648737,0,0,184,0,128,256,1,1,256,1,1
"KERNEL_DISPATCH","Agent 5",1,0,791505,3066,22,"gemm_mq4g256v2_residual_mmq_iu4_full_add_symfold",3066,73990474228653,73990474405655,0,0,184,0,128,256,1,1,10240,1,1
"KERNEL_DISPATCH","Agent 5",1,0,791505,3056,36,"kv_cache_write_q8_0_batched",3056,73990472623157,73990472626037,0,0,8,0,128,32,1,1,1024,91,1
"KERNEL_DISPATCH","Agent 5",1,0,791505,3051,21,"gemm_mq4g256v2_residual_mmq_iu4_full_set_symfold",3051,73990472492956,73990472537437,0,0,184,0,128,256,1,1,2048,1,1
"KERNEL_DISPATCH","Agent 5",1,0,791505,3046,21,"gemm_mq4g256v2_residual_mmq_iu4_full_set_symfold",3046,73990472051072,73990472189753,0,0,184,0,128,256,1,1,34816,1,1
"KERNEL_DISPATCH","Agent 5",1,0,791505,3041,27,"gated_delta_net_q8_fast",3041,73990471714949,73990471804789,2048,0,64,0,128,32,1,1,1536,32,1
"KERNEL_DISPATCH","Agent 5",1,0,791505,3036,21,"gemm_mq4g256v2_residual_mmq_iu4_full_set_symfold",3036,73990471454026,73990471529787,0,0,184,0,128,256,1,1,20480,1,1
"KERNEL_DISPATCH","Agent 5",1,0,791505,3031,21,"gemm_mq4g256v2_residual_mmq_iu4_full_set_symfold",3031,73990470952101,73990471091783,0,0,184,0,128,256,1,1,34816,1,1
"KERNEL_DISPATCH","Agent 5",1,0,791505,3026,25,"gdn_pre_batched_gfx1201",3026,73990470727259,73990470754619,33280,0,224,0,128,256,1,1,31488,1,1
"KERNEL_DISPATCH","Agent 5",1,0,791505,3021,20,"fused_rmsnorm_mq_rotate_awq_i4_gfx12",3021,73990470484377,73990470494577,0,0,96,0,128,256,1,1,23296,1,1
"KERNEL_DISPATCH","Agent 5",1,0,791505,3016,20,"fused_rmsnorm_mq_rotate_awq_i4_gfx12",3016,73990469980092,73990469990332,0,0,96,0,128,256,1,1,23296,1,1
"KERNEL_DISPATCH","Agent 5",1,0,791505,3011,21,"gemm_mq4g256v2_residual_mmq_iu4_full_set_symfold",3011,73990469719209,73990469760330,0,0,184,0,128,256,1,1,256,1,1
"KERNEL_DISPATCH","Agent 5",1,0,791505,3006,22,"gemm_mq4g256v2_residual_mmq_iu4_full_add_symfold",3006,73990469341046,73990469517727,0,0,184,0,128,256,1,1,10240,1,1
"KERNEL_DISPATCH","Agent 5",1,0,791505,3001,22,"gemm_mq4g256v2_residual_mmq_iu4_full_add_symfold",3001,73990468945562,73990469013842,0,0,184,0,128,256,1,1,10240,1,1
"KERNEL_DISPATCH","Agent 5",1,0,791505,2996,36,"kv_cache_write_q8_0_batched",2996,73990467732910,73990467735830,0,0,8,0,128,32,1,1,1024,91,1
"KERNEL_DISPATCH","Agent 5",1,0,791505,2991,21,"gemm_mq4g256v2_residual_mmq_iu4_full_set_symfold",2991,73990467602909,73990467647309,0,0,184,0,128,256,1,1,2048,1,1
"KERNEL_DISPATCH","Agent 5",1,0,791505,2986,21,"gemm_mq4g256v2_residual_mmq_iu4_full_set_symfold",2986,73990467161424,73990467299546,0,0,184,0,128,256,1,1,34816,1,1
"KERNEL_DISPATCH","Agent 5",1,0,791505,2981,27,"gated_delta_net_q8_fast",2981,73990466823821,73990466915262,2048,0,64,0,128,32,1,1,1536,32,1
"KERNEL_DISPATCH","Agent 5",1,0,791505,3173,30,"deinterleave_q_rmsnorm_f32_batched",3173,73990482347891,73990482360171,0,0,24,0,128,256,1,1,6144,91,1
"KERNEL_DISPATCH","Agent 5",1,0,791505,2976,21,"gemm_mq4g256v2_residual_mmq_iu4_full_set_symfold",2976,73990466562339,73990466638779,0,0,184,0,128,256,1,1,20480,1,1
"KERNEL_DISPATCH","Agent 5",1,0,791505,2971,21,"gemm_mq4g256v2_residual_mmq_iu4_full_set_symfold",2971,73990466059294,73990466199335,0,0,184,0,128,256,1,1,34816,1,1
"KERNEL_DISPATCH","Agent 5",1,0,791505,2966,25,"gdn_pre_batched_gfx1201",2966,73990465833931,73990465861332,33280,0,224,0,128,256,1,1,31488,1,1
"KERNEL_DISPATCH","Agent 5",1,0,791505,2961,20,"fused_rmsnorm_mq_rotate_awq_i4_gfx12",2961,73990465589809,73990465600169,0,0,96,0,128,256,1,1,23296,1,1
"KERNEL_DISPATCH","Agent 5",1,0,791505,2956,20,"fused_rmsnorm_mq_rotate_awq_i4_gfx12",2956,73990465087484,73990465097764,0,0,96,0,128,256,1,1,23296,1,1
"KERNEL_DISPATCH","Agent 5",1,0,791505,2951,21,"gemm_mq4g256v2_residual_mmq_iu4_full_set_symfold",2951,73990464832362,73990464873402,0,0,184,0,128,256,1,1,256,1,1
"KERNEL_DISPATCH","Agent 5",1,0,791505,1710,20,"fused_rmsnorm_mq_rotate_awq_i4_gfx12",1710,73989572645146,73989573115711,0,0,96,0,128,256,1,1,2097152,1,1
"KERNEL_DISPATCH","Agent 5",1,0,791505,1715,32,"rmsnorm_f32",1715,73989579413892,73989579640574,0,0,16,0,128,256,1,1,8388608,1,1
"KERNEL_DISPATCH","Agent 5",1,0,791505,1720,40,"attention_q8_0_fa2_gqa_gfx1201",1720,73989580806425,73989617553502,0,0,240,0,128,128,1,1,131072,4,1
"KERNEL_DISPATCH","Agent 5",1,0,791505,3217,21,"gemm_mq4g256v2_residual_mmq_iu4_full_set_symfold",3217,73990486174088,73990486234008,0,0,184,0,128,256,1,1,12288,1,1
"KERNEL_DISPATCH","Agent 5",1,0,791505,3212,21,"gemm_mq4g256v2_residual_mmq_iu4_full_set_symfold",3212,73990485735884,73990485875605,0,0,184,0,128,256,1,1,34816,1,1
"KERNEL_DISPATCH","Agent 5",1,0,791505,3207,27,"gated_delta_net_q8_fast",3207,73990485398920,73990485489881,2048,0,64,0,128,32,1,1,1536,32,1
"KERNEL_DISPATCH","Agent 5",1,0,791505,1725,21,"gemm_mq4g256v2_residual_mmq_iu4_full_set_symfold",1725,73989627568239,73989633273254,0,0,184,0,128,256,1,1,34816,64,1
"KERNEL_DISPATCH","Agent 5",1,0,791505,3202,21,"gemm_mq4g256v2_residual_mmq_iu4_full_set_symfold",3202,73990485138398,73990485214079,0,0,184,0,128,256,1,1,20480,1,1
"KERNEL_DISPATCH","Agent 5",1,0,791505,3197,21,"gemm_mq4g256v2_residual_mmq_iu4_full_set_symfold",3197,73990484636353,73990484775954,0,0,184,0,128,256,1,1,34816,1,1
"KERNEL_DISPATCH","Agent 5",1,0,791505,3192,25,"gdn_pre_batched_gfx1201",3192,73990484410911,73990484438311,33280,0,224,0,128,256,1,1,31488,1,1
"KERNEL_DISPATCH","Agent 5",1,0,791505,3187,20,"fused_rmsnorm_mq_rotate_awq_i4_gfx12",3187,73990484166908,73990484177228,0,0,96,0,128,256,1,1,23296,1,1
"KERNEL_DISPATCH","Agent 5",1,0,791505,3177,36,"kv_cache_write_q8_0_batched",3177,73990482388651,73990482391211,0,0,8,0,128,32,1,1,1024,91,1
"KERNEL_DISPATCH","Agent 5",1,0,791505,3172,21,"gemm_mq4g256v2_residual_mmq_iu4_full_set_symfold",3172,73990482301130,73990482344531,0,0,184,0,128,256,1,1,2048,1,1
"KERNEL_DISPATCH","Agent 5",1,0,791505,3167,29,"fused_silu_mul_mq_rotate_awq_i4_gfx12",3167,73990481953647,73990481971887,0,0,56,0,128,32,1,1,2176,91,1
"KERNEL_DISPATCH","Agent 5",1,0,791505,3162,28,"gated_norm_mq_rotate_awq_i4_gfx12",3162,73990481567803,73990481579803,1024,0,40,0,128,64,1,1,1536,91,1
"KERNEL_DISPATCH","Agent 5",1,0,791505,3157,21,"gemm_mq4g256v2_residual_mmq_iu4_full_set_symfold",3157,73990481292160,73990481351001,0,0,184,0,128,256,1,1,12288,1,1
"KERNEL_DISPATCH","Agent 5",1,0,791505,3152,21,"gemm_mq4g256v2_residual_mmq_iu4_full_set_symfold",3152,73990480853716,73990480993238,0,0,184,0,128,256,1,1,34816,1,1
"KERNEL_DISPATCH","Agent 5",1,0,791505,3147,27,"gated_delta_net_q8_fast",3147,73990480517153,73990480608074,2048,0,64,0,128,32,1,1,1536,32,1
"KERNEL_DISPATCH","Agent 5",1,0,791505,3142,21,"gemm_mq4g256v2_residual_mmq_iu4_full_set_symfold",3142,73990480256830,73990480332751,0,0,184,0,128,256,1,1,20480,1,1
"KERNEL_DISPATCH","Agent 5",1,0,791505,3137,21,"gemm_mq4g256v2_residual_mmq_iu4_full_set_symfold",3137,73990479754186,73990479894067,0,0,184,0,128,256,1,1,34816,1,1
"KERNEL_DISPATCH","Agent 5",1,0,791505,3132,25,"gdn_pre_batched_gfx1201",3132,73990479528623,73990479555904,33280,0,224,0,128,256,1,1,31488,1,1
"KERNEL_DISPATCH","Agent 5",1,0,791505,3127,20,"fused_rmsnorm_mq_rotate_awq_i4_gfx12",3127,73990479284862,73990479295102,0,0,96,0,128,256,1,1,23296,1,1
"KERNEL_DISPATCH","Agent 5",1,0,791505,3122,20,"fused_rmsnorm_mq_rotate_awq_i4_gfx12",3122,73990478783737,73990478793977,0,0,96,0,128,256,1,1,23296,1,1
"KERNEL_DISPATCH","Agent 5",1,0,791505,3117,36,"kv_cache_write_q8_0_batched",3117,73990477508005,73990477510605,0,0,8,0,128,32,1,1,1024,91,1
"KERNEL_DISPATCH","Agent 5",1,0,791505,3112,21,"gemm_mq4g256v2_residual_mmq_iu4_full_set_symfold",3112,73990477419844,73990477463604,0,0,184,0,128,256,1,1,2048,1,1
"KERNEL_DISPATCH","Agent 5",1,0,791505,3107,29,"fused_silu_mul_mq_rotate_awq_i4_gfx12",3107,73990477072001,73990477090281,0,0,56,0,128,32,1,1,2176,91,1
"KERNEL_DISPATCH","Agent 5",1,0,791505,3102,28,"gated_norm_mq_rotate_awq_i4_gfx12",3102,73990476689157,73990476701117,1024,0,40,0,128,64,1,1,1536,91,1
"KERNEL_DISPATCH","Agent 5",1,0,791505,3097,21,"gemm_mq4g256v2_residual_mmq_iu4_full_set_symfold",3097,73990476412674,73990476471835,0,0,184,0,128,256,1,1,12288,1,1
"KERNEL_DISPATCH","Agent 5",1,0,791505,3092,21,"gemm_mq4g256v2_residual_mmq_iu4_full_set_symfold",3092,73990475973710,73990476113111,0,0,184,0,128,256,1,1,34816,1,1
"KERNEL_DISPATCH","Agent 5",1,0,791505,3087,27,"gated_delta_net_q8_fast",3087,73990475636547,73990475727587,2048,0,64,0,128,32,1,1,1536,32,1
"KERNEL_DISPATCH","Agent 5",1,0,791505,3168,22,"gemm_mq4g256v2_residual_mmq_iu4_full_add_symfold",3168,73990481975127,73990482152609,0,0,184,0,128,256,1,1,10240,1,1
"KERNEL_DISPATCH","Agent 5",1,0,791505,3082,21,"gemm_mq4g256v2_residual_mmq_iu4_full_set_symfold",3082,73990475377424,73990475452745,0,0,184,0,128,256,1,1,20480,1,1
"KERNEL_DISPATCH","Agent 5",1,0,791505,3077,21,"gemm_mq4g256v2_residual_mmq_iu4_full_set_symfold",3077,73990474875819,73990475015261,0,0,184,0,128,256,1,1,34816,1,1
"KERNEL_DISPATCH","Agent 5",1,0,791505,2946,22,"gemm_mq4g256v2_residual_mmq_iu4_full_add_symfold",2946,73990464451398,73990464630160,0,0,184,0,128,256,1,1,10240,1,1
"KERNEL_DISPATCH","Agent 5",1,0,791505,2941,22,"gemm_mq4g256v2_residual_mmq_iu4_full_add_symfold",2941,73990464058194,73990464126835,0,0,184,0,128,256,1,1,10240,1,1
"KERNEL_DISPATCH","Agent 5",1,0,791505,2936,36,"kv_cache_write_q8_0_batched",2936,73990462849583,73990462852303,0,0,8,0,128,32,1,1,1024,91,1
"KERNEL_DISPATCH","Agent 5",1,0,791505,3072,25,"gdn_pre_batched_gfx1201",3072,73990474652057,73990474679297,33280,0,224,0,128,256,1,1,31488,1,1
"KERNEL_DISPATCH","Agent 5",1,0,791505,2931,21,"gemm_mq4g256v2_residual_mmq_iu4_full_set_symfold",2931,73990462719901,73990462764182,0,0,184,0,128,256,1,1,2048,1,1
"KERNEL_DISPATCH","Agent 5",1,0,791505,2926,21,"gemm_mq4g256v2_residual_mmq_iu4_full_set_symfold",2926,73990462278497,73990462417778,0,0,184,0,128,256,1,1,34816,1,1
"KERNEL_DISPATCH","Agent 5",1,0,791505,3067,20,"fused_rmsnorm_mq_rotate_awq_i4_gfx12",3067,73990474408975,73990474419295,0,0,96,0,128,256,1,1,23296,1,1
"KERNEL_DISPATCH","Agent 5",1,0,791505,1730,21,"gemm_mq4g256v2_residual_mmq_iu4_full_set_symfold",1730,73989644956808,73989646969307,0,0,184,0,128,256,1,1,12288,64,1
"KERNEL_DISPATCH","Agent 5",1,0,791505,2921,27,"gated_delta_net_q8_fast",2921,73990461941534,73990462032455,2048,0,64,0,128,32,1,1,1536,32,1
"KERNEL_DISPATCH","Agent 5",1,0,791505,2916,21,"gemm_mq4g256v2_residual_mmq_iu4_full_set_symfold",2916,73990461680131,73990461755972,0,0,184,0,128,256,1,1,20480,1,1
"KERNEL_DISPATCH","Agent 5",1,0,791505,2911,21,"gemm_mq4g256v2_residual_mmq_iu4_full_set_symfold",2911,73990461180606,73990461318968,0,0,184,0,128,256,1,1,34816,1,1
"KERNEL_DISPATCH","Agent 5",1,0,791505,3062,20,"fused_rmsnorm_mq_rotate_awq_i4_gfx12",3062,73990473905770,73990473916050,0,0,96,0,128,256,1,1,23296,1,1
"KERNEL_DISPATCH","Agent 5",1,0,791505,1735,27,"gated_delta_net_q8_fast",1735,73989650299340,73989650854705,2048,0,64,0,128,32,1,1,1536,32,1
"KERNEL_DISPATCH","Agent 5",1,0,791505,2906,25,"gdn_pre_batched_gfx1201",2906,73990460955644,73990460983044,33280,0,224,0,128,256,1,1,31488,1,1
"KERNEL_DISPATCH","Agent 5",1,0,791505,3057,36,"kv_cache_write_q8_0_batched",3057,73990472629237,73990472631877,0,0,8,0,128,32,1,1,1024,91,1
"KERNEL_DISPATCH","Agent 5",1,0,791505,2901,20,"fused_rmsnorm_mq_rotate_awq_i4_gfx12",2901,73990460712002,73990460722242,0,0,96,0,128,256,1,1,23296,1,1
"KERNEL_DISPATCH","Agent 5",1,0,791505,2896,20,"fused_rmsnorm_mq_rotate_awq_i4_gfx12",2896,73990460209277,73990460219557,0,0,96,0,128,256,1,1,23296,1,1
"KERNEL_DISPATCH","Agent 5",1,0,791505,1740,27,"gated_delta_net_q8_fast",1740,73989653105927,73989653670652,2048,0,64,0,128,32,1,1,1536,32,1
"KERNEL_DISPATCH","Agent 5",1,0,791505,2891,21,"gemm_mq4g256v2_residual_mmq_iu4_full_set_symfold",2891,73990459954114,73990459994835,0,0,184,0,128,256,1,1,256,1,1
"KERNEL_DISPATCH","Agent 5",1,0,791505,2886,22,"gemm_mq4g256v2_residual_mmq_iu4_full_add_symfold",2886,73990459573671,73990459751632,0,0,184,0,128,256,1,1,10240,1,1
"KERNEL_DISPATCH","Agent 5",1,0,791505,3052,21,"gemm_mq4g256v2_residual_mmq_iu4_full_set_symfold",3052,73990472540637,73990472584717,0,0,184,0,128,256,1,1,2048,1,1
"KERNEL_DISPATCH","Agent 5",1,0,791505,1745,27,"gated_delta_net_q8_fast",1745,73989655920594,73989656472479,2048,0,64,0,128,32,1,1,1536,32,1
"KERNEL_DISPATCH","Agent 5",1,0,791505,3047,29,"fused_silu_mul_mq_rotate_awq_i4_gfx12",3047,73990472193073,73990472211393,0,0,56,0,128,32,1,1,2176,91,1
"KERNEL_DISPATCH","Agent 5",1,0,791505,3042,28,"gated_norm_mq_rotate_awq_i4_gfx12",3042,73990471808149,73990471820190,1024,0,40,0,128,64,1,1,1536,91,1
"KERNEL_DISPATCH","Agent 5",1,0,791505,2881,22,"gemm_mq4g256v2_residual_mmq_iu4_full_add_symfold",2881,73990459184107,73990459251788,0,0,184,0,128,256,1,1,10240,1,1
"KERNEL_DISPATCH","Agent 5",1,0,791505,3037,21,"gemm_mq4g256v2_residual_mmq_iu4_full_set_symfold",3037,73990471533107,73990471591827,0,0,184,0,128,256,1,1,12288,1,1
"KERNEL_DISPATCH","Agent 5",1,0,791505,2876,36,"kv_cache_write_q8_0_batched",2876,73990457973295,73990457976295,0,0,8,0,128,32,1,1,1024,91,1
"KERNEL_DISPATCH","Agent 5",1,0,791505,3032,21,"gemm_mq4g256v2_residual_mmq_iu4_full_set_symfold",3032,73990471095103,73990471234624,0,0,184,0,128,256,1,1,34816,1,1
"KERNEL_DISPATCH","Agent 5",1,0,791505,2871,21,"gemm_mq4g256v2_residual_mmq_iu4_full_set_symfold",2871,73990457843774,73990457888014,0,0,184,0,128,256,1,1,2048,1,1
"KERNEL_DISPATCH","Agent 5",1,0,791505,3027,27,"gated_delta_net_q8_fast",3027,73990470757979,73990470849300,2048,0,64,0,128,32,1,1,1536,32,1
"KERNEL_DISPATCH","Agent 5",1,0,791505,2866,21,"gemm_mq4g256v2_residual_mmq_iu4_full_set_symfold",2866,73990457403130,73990457541811,0,0,184,0,128,256,1,1,34816,1,1
"KERNEL_DISPATCH","Agent 5",1,0,791505,3022,21,"gemm_mq4g256v2_residual_mmq_iu4_full_set_symfold",3022,73990470497897,73990470573537,0,0,184,0,128,256,1,1,20480,1,1
"KERNEL_DISPATCH","Agent 5",1,0,791505,2861,27,"gated_delta_net_q8_fast",2861,73990457065446,73990457156327,2048,0,64,0,128,32,1,1,1536,32,1
"KERNEL_DISPATCH","Agent 5",1,0,791505,3017,21,"gemm_mq4g256v2_residual_mmq_iu4_full_set_symfold",3017,73990469993612,73990470132933,0,0,184,0,128,256,1,1,34816,1,1
"KERNEL_DISPATCH","Agent 5",1,0,791505,2856,21,"gemm_mq4g256v2_residual_mmq_iu4_full_set_symfold",2856,73990456805724,73990456881125,0,0,184,0,128,256,1,1,20480,1,1
"KERNEL_DISPATCH","Agent 5",1,0,791505,1755,29,"fused_silu_mul_mq_rotate_awq_i4_gfx12",1755,73989673727567,73989675840587,0,0,56,0,128,32,1,1,2176,8192,1
"KERNEL_DISPATCH","Agent 5",1,0,791505,1760,21,"gemm_mq4g256v2_residual_mmq_iu4_full_set_symfold",1760,73989687983625,73989688045466,0,0,184,0,128,256,1,1,256,64,1
"KERNEL_DISPATCH","Agent 5",1,0,791505,1765,27,"gated_delta_net_q8_fast",1765,73989692139786,73989692745271,2048,0,64,0,128,32,1,1,1536,32,1
"KERNEL_DISPATCH","Agent 5",1,0,791505,3012,25,"gdn_pre_batched_gfx1201",3012,73990469763650,73990469790930,33280,0,224,0,128,256,1,1,31488,1,1
"KERNEL_DISPATCH","Agent 5",1,0,791505,3007,20,"fused_rmsnorm_mq_rotate_awq_i4_gfx12",3007,73990469521087,73990469531287,0,0,96,0,128,256,1,1,23296,1,1
"KERNEL_DISPATCH","Agent 5",1,0,791505,1770,27,"gated_delta_net_q8_fast",1770,73989695162935,73989695757501,2048,0,64,0,128,32,1,1,1536,32,1
"KERNEL_DISPATCH","Agent 5",1,0,791505,3002,20,"fused_rmsnorm_mq_rotate_awq_i4_gfx12",3002,73990469017202,73990469027442,0,0,96,0,128,256,1,1,23296,1,1
"KERNEL_DISPATCH","Agent 5",1,0,791505,2997,36,"kv_cache_write_q8_0_batched",2997,73990467739070,73990467741630,0,0,8,0,128,32,1,1,1024,91,1
"KERNEL_DISPATCH","Agent 5",1,0,791505,1775,27,"gated_delta_net_q8_fast",1775,73989698137964,73989698719689,2048,0,64,0,128,32,1,1,1536,32,1
"KERNEL_DISPATCH","Agent 5",1,0,791505,2992,21,"gemm_mq4g256v2_residual_mmq_iu4_full_set_symfold",2992,73990467650629,73990467694750,0,0,184,0,128,256,1,1,2048,1,1
"KERNEL_DISPATCH","Agent 5",1,0,791505,1780,22,"gemm_mq4g256v2_residual_mmq_iu4_full_add_symfold",1780,73989701401675,73989703495736,0,0,184,0,128,256,1,1,10240,64,1
"KERNEL_DISPATCH","Agent 5",1,0,791505,2851,21,"gemm_mq4g256v2_residual_mmq_iu4_full_set_symfold",2851,73990456305199,73990456443440,0,0,184,0,128,256,1,1,34816,1,1
"KERNEL_DISPATCH","Agent 5",1,0,791505,1785,22,"gemm_mq4g256v2_residual_mmq_iu4_full_add_symfold",1785,73989717797954,73989723756572,0,0,184,0,128,256,1,1,10240,64,1
"KERNEL_DISPATCH","Agent 5",1,0,791505,2846,25,"gdn_pre_batched_gfx1201",2846,73990456081237,73990456108597,33280,0,224,0,128,256,1,1,31488,1,1
"KERNEL_DISPATCH","Agent 5",1,0,791505,1790,21,"gemm_mq4g256v2_residual_mmq_iu4_full_set_symfold",1790,73989729983713,73989730044233,0,0,184,0,128,256,1,1,256,64,1
"KERNEL_DISPATCH","Agent 5",1,0,791505,2841,20,"fused_rmsnorm_mq_rotate_awq_i4_gfx12",2841,73990455837515,73990455847795,0,0,96,0,128,256,1,1,23296,1,1
"KERNEL_DISPATCH","Agent 5",1,0,791505,1795,27,"gated_delta_net_q8_fast",1795,73989734674198,73989735273604,2048,0,64,0,128,32,1,1,1536,32,1
"KERNEL_DISPATCH","Agent 5",1,0,791505,2836,20,"fused_rmsnorm_mq_rotate_awq_i4_gfx12",2836,73990455336710,73990455346950,0,0,96,0,128,256,1,1,23296,1,1
"KERNEL_DISPATCH","Agent 5",1,0,791505,2831,21,"gemm_mq4g256v2_residual_mmq_iu4_full_set_symfold",2831,73990455079827,73990455120748,0,0,184,0,128,256,1,1,256,1,1
"KERNEL_DISPATCH","Agent 5",1,0,791505,1800,27,"gated_delta_net_q8_fast",1800,73989737670947,73989738261993,2048,0,64,0,128,32,1,1,1536,32,1
"KERNEL_DISPATCH","Agent 5",1,0,791505,2826,22,"gemm_mq4g256v2_residual_mmq_iu4_full_add_symfold",2826,73990454700383,73990454877905,0,0,184,0,128,256,1,1,10240,1,1
"KERNEL_DISPATCH","Agent 5",1,0,791505,1805,27,"gated_delta_net_q8_fast",1805,73989740614136,73989741188541,2048,0,64,0,128,32,1,1,1536,32,1
"KERNEL_DISPATCH","Agent 5",1,0,791505,2821,22,"gemm_mq4g256v2_residual_mmq_iu4_full_add_symfold",2821,73990454307820,73990454376220,0,0,184,0,128,256,1,1,10240,1,1
"KERNEL_DISPATCH","Agent 5",1,0,791505,1810,20,"fused_rmsnorm_mq_rotate_awq_i4_gfx12",1810,73989745371462,73989745813746,0,0,96,0,128,256,1,1,2097152,1,1
"KERNEL_DISPATCH","Agent 5",1,0,791505,2816,36,"kv_cache_write_q8_0_batched",2816,73990453097968,73990453100888,0,0,8,0,128,32,1,1,1024,91,1
"KERNEL_DISPATCH","Agent 5",1,0,791505,1815,20,"fused_rmsnorm_mq_rotate_awq_i4_gfx12",1815,73989765568818,73989766040902,0,0,96,0,128,256,1,1,2097152,1,1
"KERNEL_DISPATCH","Agent 5",1,0,791505,2811,21,"gemm_mq4g256v2_residual_mmq_iu4_full_set_symfold",2811,73990452968607,73990453012687,0,0,184,0,128,256,1,1,2048,1,1
"KERNEL_DISPATCH","Agent 5",1,0,791505,1820,32,"rmsnorm_f32",1820,73989772364084,73989772591806,0,0,16,0,128,256,1,1,8388608,1,1
"KERNEL_DISPATCH","Agent 5",1,0,791505,2806,21,"gemm_mq4g256v2_residual_mmq_iu4_full_set_symfold",2806,73990452526962,73990452665324,0,0,184,0,128,256,1,1,34816,1,1
"KERNEL_DISPATCH","Agent 5",1,0,791505,1825,40,"attention_q8_0_fa2_gqa_gfx1201",1825,73989773757817,73989810526774,0,0,240,0,128,128,1,1,131072,4,1
"KERNEL_DISPATCH","Agent 5",1,0,791505,1830,21,"gemm_mq4g256v2_residual_mmq_iu4_full_set_symfold",1830,73989820408510,73989826155686,0,0,184,0,128,256,1,1,34816,64,1
"KERNEL_DISPATCH","Agent 5",1,0,791505,1835,21,"gemm_mq4g256v2_residual_mmq_iu4_full_set_symfold",1835,73989837724158,73989839750738,0,0,184,0,128,256,1,1,12288,64,1
"KERNEL_DISPATCH","Agent 5",1,0,791505,1840,27,"gated_delta_net_q8_fast",1840,73989843077130,73989843633455,2048,0,64,0,128,32,1,1,1536,32,1
"KERNEL_DISPATCH","Agent 5",1,0,791505,1845,27,"gated_delta_net_q8_fast",1845,73989845893837,73989846450283,2048,0,64,0,128,32,1,1,1536,32,1
"KERNEL_DISPATCH","Agent 5",1,0,791505,3158,21,"gemm_mq4g256v2_residual_mmq_iu4_full_set_symfold",3158,73990481354201,73990481395121,0,0,184,0,128,256,1,1,256,1,1
"KERNEL_DISPATCH","Agent 5",1,0,791505,1850,27,"gated_delta_net_q8_fast",1850,73989848676744,73989849224589,2048,0,64,0,128,32,1,1,1536,32,1
"KERNEL_DISPATCH","Agent 5",1,0,791505,3153,29,"fused_silu_mul_mq_rotate_awq_i4_gfx12",3153,73990480996518,73990481015598,0,0,56,0,128,32,1,1,2176,91,1
"KERNEL_DISPATCH","Agent 5",1,0,791505,3148,28,"gated_norm_mq_rotate_awq_i4_gfx12",3148,73990480611394,73990480623434,1024,0,40,0,128,64,1,1,1536,91,1
"KERNEL_DISPATCH","Agent 5",1,0,791505,1855,28,"gated_norm_mq_rotate_awq_i4_gfx12",1855,73989851424611,73989852311419,1024,0,40,0,128,64,1,1,1536,8192,1
"KERNEL_DISPATCH","Agent 5",1,0,791505,3143,21,"gemm_mq4g256v2_residual_mmq_iu4_full_set_symfold",3143,73990480336031,73990480394832,0,0,184,0,128,256,1,1,12288,1,1
"KERNEL_DISPATCH","Agent 5",1,0,791505,1860,29,"fused_silu_mul_mq_rotate_awq_i4_gfx12",1860,73989866434836,73989868542697,0,0,56,0,128,32,1,1,2176,8192,1
"KERNEL_DISPATCH","Agent 5",1,0,791505,3138,21,"gemm_mq4g256v2_residual_mmq_iu4_full_set_symfold",3138,73990479897347,73990480037068,0,0,184,0,128,256,1,1,34816,1,1
"KERNEL_DISPATCH","Agent 5",1,0,791505,1865,21,"gemm_mq4g256v2_residual_mmq_iu4_full_set_symfold",1865,73989880726695,73989880788416,0,0,184,0,128,256,1,1,256,64,1
"KERNEL_DISPATCH","Agent 5",1,0,791505,3133,27,"gated_delta_net_q8_fast",3133,73990479559344,73990479650425,2048,0,64,0,128,32,1,1,1536,32,1
"KERNEL_DISPATCH","Agent 5",1,0,791505,1870,27,"gated_delta_net_q8_fast",1870,73989884867095,73989885466661,2048,0,64,0,128,32,1,1,1536,32,1
"KERNEL_DISPATCH","Agent 5",1,0,791505,3128,21,"gemm_mq4g256v2_residual_mmq_iu4_full_set_symfold",3128,73990479298462,73990479374503,0,0,184,0,128,256,1,1,20480,1,1
"KERNEL_DISPATCH","Agent 5",1,0,791505,3123,21,"gemm_mq4g256v2_residual_mmq_iu4_full_set_symfold",3123,73990478797257,73990478937499,0,0,184,0,128,256,1,1,34816,1,1
"KERNEL_DISPATCH","Agent 5",1,0,791505,1875,27,"gated_delta_net_q8_fast",1875,73989887867684,73989888456010,2048,0,64,0,128,32,1,1,1536,32,1
"KERNEL_DISPATCH","Agent 5",1,0,791505,3118,39,"attention_fa2_q_preconvert_gfx1201",3118,73990477513885,73990477519085,0,0,16,0,128,128,1,1,69888,1,1
"KERNEL_DISPATCH","Agent 5",1,0,791505,1880,27,"gated_delta_net_q8_fast",1880,73989890814593,73989891388639,2048,0,64,0,128,32,1,1,1536,32,1
"KERNEL_DISPATCH","Agent 5",1,0,791505,3113,30,"deinterleave_q_rmsnorm_f32_batched",3113,73990477466924,73990477479204,0,0,24,0,128,256,1,1,6144,91,1
"KERNEL_DISPATCH","Agent 5",1,0,791505,3108,22,"gemm_mq4g256v2_residual_mmq_iu4_full_add_symfold",3108,73990477093561,73990477271482,0,0,184,0,128,256,1,1,10240,1,1
"KERNEL_DISPATCH","Agent 5",1,0,791505,3103,22,"gemm_mq4g256v2_residual_mmq_iu4_full_add_symfold",3103,73990476704397,73990476771718,0,0,184,0,128,256,1,1,10240,1,1
"KERNEL_DISPATCH","Agent 5",1,0,791505,3098,21,"gemm_mq4g256v2_residual_mmq_iu4_full_set_symfold",3098,73990476475115,73990476515915,0,0,184,0,128,256,1,1,256,1,1
"KERNEL_DISPATCH","Agent 5",1,0,791505,3093,29,"fused_silu_mul_mq_rotate_awq_i4_gfx12",3093,73990476116471,73990476134831,0,0,56,0,128,32,1,1,2176,91,1
"KERNEL_DISPATCH","Agent 5",1,0,791505,3088,28,"gated_norm_mq_rotate_awq_i4_gfx12",3088,73990475731028,73990475743148,1024,0,40,0,128,64,1,1,1536,91,1
"KERNEL_DISPATCH","Agent 5",1,0,791505,3083,21,"gemm_mq4g256v2_residual_mmq_iu4_full_set_symfold",3083,73990475455985,73990475514785,0,0,184,0,128,256,1,1,12288,1,1
"KERNEL_DISPATCH","Agent 5",1,0,791505,3078,21,"gemm_mq4g256v2_residual_mmq_iu4_full_set_symfold",3078,73990475018621,73990475157622,0,0,184,0,128,256,1,1,34816,1,1
"KERNEL_DISPATCH","Agent 5",1,0,791505,3073,27,"gated_delta_net_q8_fast",3073,73990474682697,73990474773218,2048,0,64,0,128,32,1,1,1536,32,1
"KERNEL_DISPATCH","Agent 5",1,0,791505,3068,21,"gemm_mq4g256v2_residual_mmq_iu4_full_set_symfold",3068,73990474422615,73990474497896,0,0,184,0,128,256,1,1,20480,1,1
"KERNEL_DISPATCH","Agent 5",1,0,791505,3063,21,"gemm_mq4g256v2_residual_mmq_iu4_full_set_symfold",3063,73990473919450,73990474060051,0,0,184,0,128,256,1,1,34816,1,1
"KERNEL_DISPATCH","Agent 5",1,0,791505,3058,39,"attention_fa2_q_preconvert_gfx1201",3058,73990472635157,73990472640398,0,0,16,0,128,128,1,1,69888,1,1
"KERNEL_DISPATCH","Agent 5",1,0,791505,3053,30,"deinterleave_q_rmsnorm_f32_batched",3053,73990472588037,73990472600477,0,0,24,0,128,256,1,1,6144,91,1
"KERNEL_DISPATCH","Agent 5",1,0,791505,3048,22,"gemm_mq4g256v2_residual_mmq_iu4_full_add_symfold",3048,73990472214673,73990472392595,0,0,184,0,128,256,1,1,10240,1,1
"KERNEL_DISPATCH","Agent 5",1,0,791505,3043,22,"gemm_mq4g256v2_residual_mmq_iu4_full_add_symfold",3043,73990471823470,73990471890830,0,0,184,0,128,256,1,1,10240,1,1
"KERNEL_DISPATCH","Agent 5",1,0,791505,3038,21,"gemm_mq4g256v2_residual_mmq_iu4_full_set_symfold",3038,73990471595147,73990471636468,0,0,184,0,128,256,1,1,256,1,1
"KERNEL_DISPATCH","Agent 5",1,0,791505,3033,29,"fused_silu_mul_mq_rotate_awq_i4_gfx12",3033,73990471237944,73990471256144,0,0,56,0,128,32,1,1,2176,91,1
"KERNEL_DISPATCH","Agent 5",1,0,791505,3028,28,"gated_norm_mq_rotate_awq_i4_gfx12",3028,73990470852660,73990470864780,1024,0,40,0,128,64,1,1,1536,91,1
"KERNEL_DISPATCH","Agent 5",1,0,791505,3023,21,"gemm_mq4g256v2_residual_mmq_iu4_full_set_symfold",3023,73990470576818,73990470635618,0,0,184,0,128,256,1,1,12288,1,1
"KERNEL_DISPATCH","Agent 5",1,0,791505,3018,21,"gemm_mq4g256v2_residual_mmq_iu4_full_set_symfold",3018,73990470136253,73990470277375,0,0,184,0,128,256,1,1,34816,1,1
"KERNEL_DISPATCH","Agent 5",1,0,791505,3013,27,"gated_delta_net_q8_fast",3013,73990469794330,73990469885011,2048,0,64,0,128,32,1,1,1536,32,1
"KERNEL_DISPATCH","Agent 5",1,0,791505,3008,21,"gemm_mq4g256v2_residual_mmq_iu4_full_set_symfold",3008,73990469534607,73990469609728,0,0,184,0,128,256,1,1,20480,1,1
"KERNEL_DISPATCH","Agent 5",1,0,791505,3003,21,"gemm_mq4g256v2_residual_mmq_iu4_full_set_symfold",3003,73990469030803,73990469171204,0,0,184,0,128,256,1,1,34816,1,1
"KERNEL_DISPATCH","Agent 5",1,0,791505,2998,39,"attention_fa2_q_preconvert_gfx1201",2998,73990467744950,73990467750190,0,0,16,0,128,128,1,1,69888,1,1
"KERNEL_DISPATCH","Agent 5",1,0,791505,2993,30,"deinterleave_q_rmsnorm_f32_batched",2993,73990467698070,73990467710430,0,0,24,0,128,256,1,1,6144,91,1
"KERNEL_DISPATCH","Agent 5",1,0,791505,2988,22,"gemm_mq4g256v2_residual_mmq_iu4_full_add_symfold",2988,73990467324466,73990467502268,0,0,184,0,128,256,1,1,10240,1,1
"KERNEL_DISPATCH","Agent 5",1,0,791505,2983,22,"gemm_mq4g256v2_residual_mmq_iu4_full_add_symfold",2983,73990466933982,73990467001903,0,0,184,0,128,256,1,1,10240,1,1
"KERNEL_DISPATCH","Agent 5",1,0,791505,2978,21,"gemm_mq4g256v2_residual_mmq_iu4_full_set_symfold",2978,73990466704620,73990466745460,0,0,184,0,128,256,1,1,256,1,1
"KERNEL_DISPATCH","Agent 5",1,0,791505,2973,29,"fused_silu_mul_mq_rotate_awq_i4_gfx12",2973,73990466345256,73990466363537,0,0,56,0,128,32,1,1,2176,91,1
"KERNEL_DISPATCH","Agent 5",1,0,791505,2968,28,"gated_norm_mq_rotate_awq_i4_gfx12",2968,73990465959253,73990465971333,1024,0,40,0,128,64,1,1,1536,91,1
"KERNEL_DISPATCH","Agent 5",1,0,791505,2963,21,"gemm_mq4g256v2_residual_mmq_iu4_full_set_symfold",2963,73990465682810,73990465742491,0,0,184,0,128,256,1,1,12288,1,1
"KERNEL_DISPATCH","Agent 5",1,0,791505,2958,21,"gemm_mq4g256v2_residual_mmq_iu4_full_set_symfold",2958,73990465243366,73990465383207,0,0,184,0,128,256,1,1,34816,1,1
"KERNEL_DISPATCH","Agent 5",1,0,791505,2953,27,"gated_delta_net_q8_fast",2953,73990464907283,73990464997843,2048,0,64,0,128,32,1,1,1536,32,1
"KERNEL_DISPATCH","Agent 5",1,0,791505,2948,21,"gemm_mq4g256v2_residual_mmq_iu4_full_set_symfold",2948,73990464647000,73990464722721,0,0,184,0,128,256,1,1,20480,1,1
"KERNEL_DISPATCH","Agent 5",1,0,791505,2943,21,"gemm_mq4g256v2_residual_mmq_iu4_full_set_symfold",2943,73990464143835,73990464283556,0,0,184,0,128,256,1,1,34816,1,1
"KERNEL_DISPATCH","Agent 5",1,0,791505,2938,39,"attention_fa2_q_preconvert_gfx1201",2938,73990462861383,73990462866543,0,0,16,0,128,128,1,1,69888,1,1
"KERNEL_DISPATCH","Agent 5",1,0,791505,2933,30,"deinterleave_q_rmsnorm_f32_batched",2933,73990462814742,73990462827102,0,0,24,0,128,256,1,1,6144,91,1
"KERNEL_DISPATCH","Agent 5",1,0,791505,2928,22,"gemm_mq4g256v2_residual_mmq_iu4_full_add_symfold",2928,73990462442819,73990462620180,0,0,184,0,128,256,1,1,10240,1,1
"KERNEL_DISPATCH","Agent 5",1,0,791505,2987,29,"fused_silu_mul_mq_rotate_awq_i4_gfx12",2987,73990467302826,73990467321226,0,0,56,0,128,32,1,1,2176,91,1
"KERNEL_DISPATCH","Agent 5",1,0,791505,2982,28,"gated_norm_mq_rotate_awq_i4_gfx12",2982,73990466918702,73990466930702,1024,0,40,0,128,64,1,1,1536,91,1
"KERNEL_DISPATCH","Agent 5",1,0,791505,2977,21,"gemm_mq4g256v2_residual_mmq_iu4_full_set_symfold",2977,73990466642059,73990466701340,0,0,184,0,128,256,1,1,12288,1,1
"KERNEL_DISPATCH","Agent 5",1,0,791505,2972,21,"gemm_mq4g256v2_residual_mmq_iu4_full_set_symfold",2972,73990466202615,73990466341896,0,0,184,0,128,256,1,1,34816,1,1
"KERNEL_DISPATCH","Agent 5",1,0,791505,2967,27,"gated_delta_net_q8_fast",2967,73990465864732,73990465955853,2048,0,64,0,128,32,1,1,1536,32,1
"KERNEL_DISPATCH","Agent 5",1,0,791505,2962,21,"gemm_mq4g256v2_residual_mmq_iu4_full_set_symfold",2962,73990465603489,73990465679490,0,0,184,0,128,256,1,1,20480,1,1
"KERNEL_DISPATCH","Agent 5",1,0,791505,2957,21,"gemm_mq4g256v2_residual_mmq_iu4_full_set_symfold",2957,73990465100964,73990465240126,0,0,184,0,128,256,1,1,34816,1,1
"KERNEL_DISPATCH","Agent 5",1,0,791505,2952,25,"gdn_pre_batched_gfx1201",2952,73990464876722,73990464903922,33280,0,224,0,128,256,1,1,31488,1,1
"KERNEL_DISPATCH","Agent 5",1,0,791505,2947,20,"fused_rmsnorm_mq_rotate_awq_i4_gfx12",2947,73990464633480,73990464643720,0,0,96,0,128,256,1,1,23296,1,1
"KERNEL_DISPATCH","Agent 5",1,0,791505,2942,20,"fused_rmsnorm_mq_rotate_awq_i4_gfx12",2942,73990464130235,73990464140435,0,0,96,0,128,256,1,1,23296,1,1
"KERNEL_DISPATCH","Agent 5",1,0,791505,2937,36,"kv_cache_write_q8_0_batched",2937,73990462855503,73990462858103,0,0,8,0,128,32,1,1,1024,91,1
"KERNEL_DISPATCH","Agent 5",1,0,791505,2801,27,"gated_delta_net_q8_fast",2801,73990452190959,73990452281880,2048,0,64,0,128,32,1,1,1536,32,1
"KERNEL_DISPATCH","Agent 5",1,0,791505,2932,21,"gemm_mq4g256v2_residual_mmq_iu4_full_set_symfold",2932,73990462767422,73990462811462,0,0,184,0,128,256,1,1,2048,1,1
"KERNEL_DISPATCH","Agent 5",1,0,791505,2796,21,"gemm_mq4g256v2_residual_mmq_iu4_full_set_symfold",2796,73990451929957,73990452005597,0,0,184,0,128,256,1,1,20480,1,1
"KERNEL_DISPATCH","Agent 5",1,0,791505,2927,29,"fused_silu_mul_mq_rotate_awq_i4_gfx12",2927,73990462421138,73990462439459,0,0,56,0,128,32,1,1,2176,91,1
"KERNEL_DISPATCH","Agent 5",1,0,791505,2791,21,"gemm_mq4g256v2_residual_mmq_iu4_full_set_symfold",2791,73990451426872,73990451566993,0,0,184,0,128,256,1,1,34816,1,1
"KERNEL_DISPATCH","Agent 5",1,0,791505,2786,25,"gdn_pre_batched_gfx1201",2786,73990451201750,73990451229110,33280,0,224,0,128,256,1,1,31488,1,1
"KERNEL_DISPATCH","Agent 5",1,0,791505,2781,20,"fused_rmsnorm_mq_rotate_awq_i4_gfx12",2781,73990450957627,73990450967787,0,0,96,0,128,256,1,1,23296,1,1
"KERNEL_DISPATCH","Agent 5",1,0,791505,2776,20,"fused_rmsnorm_mq_rotate_awq_i4_gfx12",2776,73990450456862,73990450467142,0,0,96,0,128,256,1,1,23296,1,1
"KERNEL_DISPATCH","Agent 5",1,0,791505,2771,21,"gemm_mq4g256v2_residual_mmq_iu4_full_set_symfold",2771,73990450200380,73990450241540,0,0,184,0,128,256,1,1,256,1,1
"KERNEL_DISPATCH","Agent 5",1,0,791505,2766,22,"gemm_mq4g256v2_residual_mmq_iu4_full_add_symfold",2766,73990449820056,73990449997658,0,0,184,0,128,256,1,1,10240,1,1
"KERNEL_DISPATCH","Agent 5",1,0,791505,2761,22,"gemm_mq4g256v2_residual_mmq_iu4_full_add_symfold",2761,73990449428892,73990449497493,0,0,184,0,128,256,1,1,10240,1,1
"KERNEL_DISPATCH","Agent 5",1,0,791505,2756,36,"kv_cache_write_q8_0_batched",2756,73990448221161,73990448224121,0,0,8,0,128,32,1,1,1024,91,1
"KERNEL_DISPATCH","Agent 5",1,0,791505,2751,21,"gemm_mq4g256v2_residual_mmq_iu4_full_set_symfold",2751,73990448091879,73990448135640,0,0,184,0,128,256,1,1,2048,1,1
"KERNEL_DISPATCH","Agent 5",1,0,791505,2746,21,"gemm_mq4g256v2_residual_mmq_iu4_full_set_symfold",2746,73990447647955,73990447786916,0,0,184,0,128,256,1,1,34816,1,1
"KERNEL_DISPATCH","Agent 5",1,0,791505,2741,27,"gated_delta_net_q8_fast",2741,73990447311512,73990447402673,2048,0,64,0,128,32,1,1,1536,32,1
"KERNEL_DISPATCH","Agent 5",1,0,791505,2736,21,"gemm_mq4g256v2_residual_mmq_iu4_full_set_symfold",2736,73990447049709,73990447126030,0,0,184,0,128,256,1,1,20480,1,1
"KERNEL_DISPATCH","Agent 5",1,0,791505,1885,22,"gemm_mq4g256v2_residual_mmq_iu4_full_add_symfold",1885,73989894059184,73989896180765,0,0,184,0,128,256,1,1,10240,64,1
"KERNEL_DISPATCH","Agent 5",1,0,791505,2731,21,"gemm_mq4g256v2_residual_mmq_iu4_full_set_symfold",2731,73990446545024,73990446685426,0,0,184,0,128,256,1,1,34816,1,1
"KERNEL_DISPATCH","Agent 5",1,0,791505,1890,22,"gemm_mq4g256v2_residual_mmq_iu4_full_add_symfold",1890,73989910494464,73989916406561,0,0,184,0,128,256,1,1,10240,64,1
"KERNEL_DISPATCH","Agent 5",1,0,791505,2726,25,"gdn_pre_batched_gfx1201",2726,73990446319302,73990446346742,33280,0,224,0,128,256,1,1,31488,1,1
"KERNEL_DISPATCH","Agent 5",1,0,791505,1895,21,"gemm_mq4g256v2_residual_mmq_iu4_full_set_symfold",1895,73989922641622,73989922701942,0,0,184,0,128,256,1,1,256,64,1
"KERNEL_DISPATCH","Agent 5",1,0,791505,2721,20,"fused_rmsnorm_mq_rotate_awq_i4_gfx12",2721,73990446075620,73990446085820,0,0,96,0,128,256,1,1,23296,1,1
"KERNEL_DISPATCH","Agent 5",1,0,791505,1900,27,"gated_delta_net_q8_fast",1900,73989927310187,73989927905833,2048,0,64,0,128,32,1,1,1536,32,1
"KERNEL_DISPATCH","Agent 5",1,0,791505,2716,20,"fused_rmsnorm_mq_rotate_awq_i4_gfx12",2716,73990445574215,73990445584535,0,0,96,0,128,256,1,1,23296,1,1
"KERNEL_DISPATCH","Agent 5",1,0,791505,2711,21,"gemm_mq4g256v2_residual_mmq_iu4_full_set_symfold",2711,73990445317852,73990445358813,0,0,184,0,128,256,1,1,256,1,1
"KERNEL_DISPATCH","Agent 5",1,0,791505,1905,27,"gated_delta_net_q8_fast",1905,73989930277936,73989930865102,2048,0,64,0,128,32,1,1,1536,32,1
"KERNEL_DISPATCH","Agent 5",1,0,791505,1910,27,"gated_delta_net_q8_fast",1910,73989933186564,73989933754890,2048,0,64,0,128,32,1,1,1536,32,1
"KERNEL_DISPATCH","Agent 5",1,0,791505,2706,22,"gemm_mq4g256v2_residual_mmq_iu4_full_add_symfold",2706,73990444936089,73990445115170,0,0,184,0,128,256,1,1,10240,1,1
"KERNEL_DISPATCH","Agent 5",1,0,791505,2701,22,"gemm_mq4g256v2_residual_mmq_iu4_full_add_symfold",2701,73990444552045,73990444621166,0,0,184,0,128,256,1,1,10240,1,1
"KERNEL_DISPATCH","Agent 5",1,0,791505,1915,20,"fused_rmsnorm_mq_rotate_awq_i4_gfx12",1915,73989937925090,73989938367734,0,0,96,0,128,256,1,1,2097152,1,1
"KERNEL_DISPATCH","Agent 5",1,0,791505,2696,36,"kv_cache_write_q8_0_batched",2696,73990443333713,73990443336713,0,0,8,0,128,32,1,1,1024,91,1
"KERNEL_DISPATCH","Agent 5",1,0,791505,1920,20,"fused_rmsnorm_mq_rotate_awq_i4_gfx12",1920,73989958138126,73989958607051,0,0,96,0,128,256,1,1,2097152,1,1
"KERNEL_DISPATCH","Agent 5",1,0,791505,2691,21,"gemm_mq4g256v2_residual_mmq_iu4_full_set_symfold",2691,73990443203792,73990443248392,0,0,184,0,128,256,1,1,2048,1,1
"KERNEL_DISPATCH","Agent 5",1,0,791505,1925,32,"rmsnorm_f32",1925,73989964912832,73989965136914,0,0,16,0,128,256,1,1,8388608,1,1
"KERNEL_DISPATCH","Agent 5",1,0,791505,2686,21,"gemm_mq4g256v2_residual_mmq_iu4_full_set_symfold",2686,73990442759628,73990442897949,0,0,184,0,128,256,1,1,34816,1,1
"KERNEL_DISPATCH","Agent 5",1,0,791505,1930,40,"attention_q8_0_fa2_gqa_gfx1201",1930,73989966307125,73990002440636,0,0,240,0,128,128,1,1,131072,4,1
"KERNEL_DISPATCH","Agent 5",1,0,791505,2681,27,"gated_delta_net_q8_fast",2681,73990442422864,73990442514625,2048,0,64,0,128,32,1,1,1536,32,1
"KERNEL_DISPATCH","Agent 5",1,0,791505,2676,21,"gemm_mq4g256v2_residual_mmq_iu4_full_set_symfold",2676,73990442160782,73990442237383,0,0,184,0,128,256,1,1,20480,1,1
"KERNEL_DISPATCH","Agent 5",1,0,791505,1935,21,"gemm_mq4g256v2_residual_mmq_iu4_full_set_symfold",1935,73990012258411,73990017967867,0,0,184,0,128,256,1,1,34816,64,1
"KERNEL_DISPATCH","Agent 5",1,0,791505,2671,21,"gemm_mq4g256v2_residual_mmq_iu4_full_set_symfold",2671,73990441665017,73990441800818,0,0,184,0,128,256,1,1,34816,1,1
"KERNEL_DISPATCH","Agent 5",1,0,791505,1940,21,"gemm_mq4g256v2_residual_mmq_iu4_full_set_symfold",1940,73990029577779,73990031609799,0,0,184,0,128,256,1,1,12288,64,1
"KERNEL_DISPATCH","Agent 5",1,0,791505,2666,25,"gdn_pre_batched_gfx1201",2666,73990441440015,73990441467615,33280,0,224,0,128,256,1,1,31488,1,1
"KERNEL_DISPATCH","Agent 5",1,0,791505,1945,27,"gated_delta_net_q8_fast",1945,73990034957031,73990035516277,2048,0,64,0,128,32,1,1,1536,32,1
"KERNEL_DISPATCH","Agent 5",1,0,791505,2661,20,"fused_rmsnorm_mq_rotate_awq_i4_gfx12",2661,73990441194052,73990441204373,0,0,96,0,128,256,1,1,23296,1,1
"KERNEL_DISPATCH","Agent 5",1,0,791505,1950,27,"gated_delta_net_q8_fast",1950,73990037772979,73990038331024,2048,0,64,0,128,32,1,1,1536,32,1
"KERNEL_DISPATCH","Agent 5",1,0,791505,2656,20,"fused_rmsnorm_mq_rotate_awq_i4_gfx12",2656,73990440697648,73990440707848,0,0,96,0,128,256,1,1,23296,1,1
"KERNEL_DISPATCH","Agent 5",1,0,791505,1955,27,"gated_delta_net_q8_fast",1955,73990040559886,73990041111771,2048,0,64,0,128,32,1,1,1536,32,1
"KERNEL_DISPATCH","Agent 5",1,0,791505,1960,28,"gated_norm_mq_rotate_awq_i4_gfx12",1960,73990043309992,73990044202761,1024,0,40,0,128,64,1,1,1536,8192,1
"KERNEL_DISPATCH","Agent 5",1,0,791505,2651,21,"gemm_mq4g256v2_residual_mmq_iu4_full_set_symfold",2651,73990440441605,73990440482286,0,0,184,0,128,256,1,1,256,1,1
"KERNEL_DISPATCH","Agent 5",1,0,791505,1965,29,"fused_silu_mul_mq_rotate_awq_i4_gfx12",1965,73990058387659,73990060494039,0,0,56,0,128,32,1,1,2176,8192,1
"KERNEL_DISPATCH","Agent 5",1,0,791505,2646,22,"gemm_mq4g256v2_residual_mmq_iu4_full_add_symfold",2646,73990440060361,73990440238843,0,0,184,0,128,256,1,1,10240,1,1
"KERNEL_DISPATCH","Agent 5",1,0,791505,1970,21,"gemm_mq4g256v2_residual_mmq_iu4_full_set_symfold",1970,73990072638997,73990072701198,0,0,184,0,128,256,1,1,256,64,1
"KERNEL_DISPATCH","Agent 5",1,0,791505,2641,22,"gemm_mq4g256v2_residual_mmq_iu4_full_add_symfold",2641,73990439677238,73990439745918,0,0,184,0,128,256,1,1,10240,1,1
"KERNEL_DISPATCH","Agent 5",1,0,791505,1975,27,"gated_delta_net_q8_fast",1975,73990076792077,73990077399123,2048,0,64,0,128,32,1,1,1536,32,1
"KERNEL_DISPATCH","Agent 5",1,0,791505,2636,36,"kv_cache_write_q8_0_batched",2636,73990438459666,73990438462666,0,0,8,0,128,32,1,1,1024,91,1
"KERNEL_DISPATCH","Agent 5",1,0,791505,2631,21,"gemm_mq4g256v2_residual_mmq_iu4_full_set_symfold",2631,73990438329825,73990438373905,0,0,184,0,128,256,1,1,2048,1,1
"KERNEL_DISPATCH","Agent 5",1,0,791505,2923,22,"gemm_mq4g256v2_residual_mmq_iu4_full_add_symfold",2923,73990462051175,73990462118775,0,0,184,0,128,256,1,1,10240,1,1
"KERNEL_DISPATCH","Agent 5",1,0,791505,2918,21,"gemm_mq4g256v2_residual_mmq_iu4_full_set_symfold",2918,73990461821813,73990461862733,0,0,184,0,128,256,1,1,256,1,1
"KERNEL_DISPATCH","Agent 5",1,0,791505,1980,27,"gated_delta_net_q8_fast",1980,73990079824547,73990080420752,2048,0,64,0,128,32,1,1,1536,32,1
"KERNEL_DISPATCH","Agent 5",1,0,791505,2913,29,"fused_silu_mul_mq_rotate_awq_i4_gfx12",2913,73990461465129,73990461483209,0,0,56,0,128,32,1,1,2176,91,1
"KERNEL_DISPATCH","Agent 5",1,0,791505,2908,28,"gated_norm_mq_rotate_awq_i4_gfx12",2908,73990461080965,73990461092966,1024,0,40,0,128,64,1,1,1536,91,1
"KERNEL_DISPATCH","Agent 5",1,0,791505,2626,21,"gemm_mq4g256v2_residual_mmq_iu4_full_set_symfold",2626,73990437886660,73990438024662,0,0,184,0,128,256,1,1,34816,1,1
"KERNEL_DISPATCH","Agent 5",1,0,791505,1985,27,"gated_delta_net_q8_fast",1985,73990082805816,73990083387101,2048,0,64,0,128,32,1,1,1536,32,1
"KERNEL_DISPATCH","Agent 5",1,0,791505,1990,22,"gemm_mq4g256v2_residual_mmq_iu4_full_add_symfold",1990,73990086070567,73990088189148,0,0,184,0,128,256,1,1,10240,64,1
"KERNEL_DISPATCH","Agent 5",1,0,791505,2621,27,"gated_delta_net_q8_fast",2621,73990437552257,73990437642578,2048,0,64,0,128,32,1,1,1536,32,1
"KERNEL_DISPATCH","Agent 5",1,0,791505,2922,28,"gated_norm_mq_rotate_awq_i4_gfx12",2922,73990462035935,73990462047935,1024,0,40,0,128,64,1,1,1536,91,1
"KERNEL_DISPATCH","Agent 5",1,0,791505,1995,22,"gemm_mq4g256v2_residual_mmq_iu4_full_add_symfold",1995,73990102546407,73990108449184,0,0,184,0,128,256,1,1,10240,64,1
"KERNEL_DISPATCH","Agent 5",1,0,791505,2903,21,"gemm_mq4g256v2_residual_mmq_iu4_full_set_symfold",2903,73990460804283,73990460863483,0,0,184,0,128,256,1,1,12288,1,1
"KERNEL_DISPATCH","Agent 5",1,0,791505,2917,21,"gemm_mq4g256v2_residual_mmq_iu4_full_set_symfold",2917,73990461759332,73990461818493,0,0,184,0,128,256,1,1,12288,1,1
"KERNEL_DISPATCH","Agent 5",1,0,791505,2000,21,"gemm_mq4g256v2_residual_mmq_iu4_full_set_symfold",2000,73990114650284,73990114709685,0,0,184,0,128,256,1,1,256,64,1
"KERNEL_DISPATCH","Agent 5",1,0,791505,2912,21,"gemm_mq4g256v2_residual_mmq_iu4_full_set_symfold",2912,73990461322208,73990461461809,0,0,184,0,128,256,1,1,34816,1,1
"KERNEL_DISPATCH","Agent 5",1,0,791505,2616,21,"gemm_mq4g256v2_residual_mmq_iu4_full_set_symfold",2616,73990437291455,73990437367095,0,0,184,0,128,256,1,1,20480,1,1
"KERNEL_DISPATCH","Agent 5",1,0,791505,2005,27,"gated_delta_net_q8_fast",2005,73990119305770,73990119901735,2048,0,64,0,128,32,1,1,1536,32,1
"KERNEL_DISPATCH","Agent 5",1,0,791505,2907,27,"gated_delta_net_q8_fast",2907,73990460986364,73990461077605,2048,0,64,0,128,32,1,1,1536,32,1
"KERNEL_DISPATCH","Agent 5",1,0,791505,2898,21,"gemm_mq4g256v2_residual_mmq_iu4_full_set_symfold",2898,73990460366358,73990460506360,0,0,184,0,128,256,1,1,34816,1,1
"KERNEL_DISPATCH","Agent 5",1,0,791505,2611,21,"gemm_mq4g256v2_residual_mmq_iu4_full_set_symfold",2611,73990436788170,73990436926371,0,0,184,0,128,256,1,1,34816,1,1
"KERNEL_DISPATCH","Agent 5",1,0,791505,2010,27,"gated_delta_net_q8_fast",2010,73990122286879,73990122873644,2048,0,64,0,128,32,1,1,1536,32,1
"KERNEL_DISPATCH","Agent 5",1,0,791505,2606,25,"gdn_pre_batched_gfx1201",2606,73990436564368,73990436591648,33280,0,224,0,128,256,1,1,31488,1,1
"KERNEL_DISPATCH","Agent 5",1,0,791505,2893,27,"gated_delta_net_q8_fast",2893,73990460028955,73990460120116,2048,0,64,0,128,32,1,1,1536,32,1
"KERNEL_DISPATCH","Agent 5",1,0,791505,2888,21,"gemm_mq4g256v2_residual_mmq_iu4_full_set_symfold",2888,73990459768633,73990459844393,0,0,184,0,128,256,1,1,20480,1,1
"KERNEL_DISPATCH","Agent 5",1,0,791505,2902,21,"gemm_mq4g256v2_residual_mmq_iu4_full_set_symfold",2902,73990460725562,73990460800963,0,0,184,0,128,256,1,1,20480,1,1
"KERNEL_DISPATCH","Agent 5",1,0,791505,2883,21,"gemm_mq4g256v2_residual_mmq_iu4_full_set_symfold",2883,73990459268628,73990459406629,0,0,184,0,128,256,1,1,34816,1,1
"KERNEL_DISPATCH","Agent 5",1,0,791505,2015,27,"gated_delta_net_q8_fast",2015,73990125200547,73990125769872,2048,0,64,0,128,32,1,1,1536,32,1
"KERNEL_DISPATCH","Agent 5",1,0,791505,2601,20,"fused_rmsnorm_mq_rotate_awq_i4_gfx12",2601,73990436321445,73990436331725,0,0,96,0,128,256,1,1,23296,1,1
"KERNEL_DISPATCH","Agent 5",1,0,791505,2878,39,"attention_fa2_q_preconvert_gfx1201",2878,73990457985615,73990457990975,0,0,16,0,128,128,1,1,69888,1,1
"KERNEL_DISPATCH","Agent 5",1,0,791505,2897,21,"gemm_mq4g256v2_residual_mmq_iu4_full_set_symfold",2897,73990460222757,73990460363118,0,0,184,0,128,256,1,1,34816,1,1
"KERNEL_DISPATCH","Agent 5",1,0,791505,2020,20,"fused_rmsnorm_mq_rotate_awq_i4_gfx12",2020,73990129928353,73990130370357,0,0,96,0,128,256,1,1,2097152,1,1
"KERNEL_DISPATCH","Agent 5",1,0,791505,2873,30,"deinterleave_q_rmsnorm_f32_batched",2873,73990457938655,73990457950775,0,0,24,0,128,256,1,1,6144,91,1
"KERNEL_DISPATCH","Agent 5",1,0,791505,2892,25,"gdn_pre_batched_gfx1201",2892,73990459998115,73990460025555,33280,0,224,0,128,256,1,1,31488,1,1
"KERNEL_DISPATCH","Agent 5",1,0,791505,2596,20,"fused_rmsnorm_mq_rotate_awq_i4_gfx12",2596,73990435821160,73990435831360,0,0,96,0,128,256,1,1,23296,1,1
"KERNEL_DISPATCH","Agent 5",1,0,791505,2868,22,"gemm_mq4g256v2_residual_mmq_iu4_full_add_symfold",2868,73990457566691,73990457743213,0,0,184,0,128,256,1,1,10240,1,1
"KERNEL_DISPATCH","Agent 5",1,0,791505,2025,20,"fused_rmsnorm_mq_rotate_awq_i4_gfx12",2025,73990150089108,73990150562153,0,0,96,0,128,256,1,1,2097152,1,1
"KERNEL_DISPATCH","Agent 5",1,0,791505,2591,21,"gemm_mq4g256v2_residual_mmq_iu4_full_set_symfold",2591,73990435566998,73990435607838,0,0,184,0,128,256,1,1,256,1,1
"KERNEL_DISPATCH","Agent 5",1,0,791505,2863,22,"gemm_mq4g256v2_residual_mmq_iu4_full_add_symfold",2863,73990457175167,73990457242968,0,0,184,0,128,256,1,1,10240,1,1
"KERNEL_DISPATCH","Agent 5",1,0,791505,2586,22,"gemm_mq4g256v2_residual_mmq_iu4_full_add_symfold",2586,73990435187114,73990435363716,0,0,184,0,128,256,1,1,10240,1,1
"KERNEL_DISPATCH","Agent 5",1,0,791505,2030,32,"rmsnorm_f32",2030,73990156903814,73990157134057,0,0,16,0,128,256,1,1,8388608,1,1
"KERNEL_DISPATCH","Agent 5",1,0,791505,2581,22,"gemm_mq4g256v2_residual_mmq_iu4_full_add_symfold",2581,73990434796390,73990434865471,0,0,184,0,128,256,1,1,10240,1,1
"KERNEL_DISPATCH","Agent 5",1,0,791505,2858,21,"gemm_mq4g256v2_residual_mmq_iu4_full_set_symfold",2858,73990456946205,73990456987126,0,0,184,0,128,256,1,1,256,1,1
"KERNEL_DISPATCH","Agent 5",1,0,791505,2035,40,"attention_q8_0_fa2_gqa_gfx1201",2035,73990158302068,73990196062474,0,0,240,0,128,128,1,1,131072,4,1
"KERNEL_DISPATCH","Agent 5",1,0,791505,2853,29,"fused_silu_mul_mq_rotate_awq_i4_gfx12",2853,73990456588802,73990456606802,0,0,56,0,128,32,1,1,2176,91,1
"KERNEL_DISPATCH","Agent 5",1,0,791505,2576,36,"kv_cache_write_q8_0_batched",2576,73990433565898,73990433568658,0,0,8,0,128,32,1,1,1024,91,1
"KERNEL_DISPATCH","Agent 5",1,0,791505,2040,21,"gemm_mq4g256v2_residual_mmq_iu4_full_set_symfold",2040,73990206235933,73990212029709,0,0,184,0,128,256,1,1,34816,64,1
"KERNEL_DISPATCH","Agent 5",1,0,791505,2848,28,"gated_norm_mq_rotate_awq_i4_gfx12",2848,73990456205118,73990456217238,1024,0,40,0,128,64,1,1,1536,91,1
"KERNEL_DISPATCH","Agent 5",1,0,791505,2045,21,"gemm_mq4g256v2_residual_mmq_iu4_full_set_symfold",2045,73990223673062,73990225696522,0,0,184,0,128,256,1,1,12288,64,1
"KERNEL_DISPATCH","Agent 5",1,0,791505,2571,21,"gemm_mq4g256v2_residual_mmq_iu4_full_set_symfold",2571,73990433434297,73990433479258,0,0,184,0,128,256,1,1,2048,1,1
"KERNEL_DISPATCH","Agent 5",1,0,791505,2843,21,"gemm_mq4g256v2_residual_mmq_iu4_full_set_symfold",2843,73990455929835,73990455989196,0,0,184,0,128,256,1,1,12288,1,1
"KERNEL_DISPATCH","Agent 5",1,0,791505,2050,27,"gated_delta_net_q8_fast",2050,73990229011194,73990229555319,2048,0,64,0,128,32,1,1,1536,32,1
"KERNEL_DISPATCH","Agent 5",1,0,791505,2566,21,"gemm_mq4g256v2_residual_mmq_iu4_full_set_symfold",2566,73990432994973,73990433128214,0,0,184,0,128,256,1,1,34816,1,1
"KERNEL_DISPATCH","Agent 5",1,0,791505,2055,27,"gated_delta_net_q8_fast",2055,73990231758021,73990232303586,2048,0,64,0,128,32,1,1,1536,32,1
"KERNEL_DISPATCH","Agent 5",1,0,791505,2561,27,"gated_delta_net_q8_fast",2561,73990432659730,73990432749891,2048,0,64,0,128,32,1,1,1536,32,1
"KERNEL_DISPATCH","Agent 5",1,0,791505,2838,21,"gemm_mq4g256v2_residual_mmq_iu4_full_set_symfold",2838,73990455491711,73990455631113,0,0,184,0,128,256,1,1,34816,1,1
"KERNEL_DISPATCH","Agent 5",1,0,791505,2556,21,"gemm_mq4g256v2_residual_mmq_iu4_full_set_symfold",2556,73990432398207,73990432473848,0,0,184,0,128,256,1,1,20480,1,1
"KERNEL_DISPATCH","Agent 5",1,0,791505,2060,27,"gated_delta_net_q8_fast",2060,73990234489287,73990235028332,2048,0,64,0,128,32,1,1,1536,32,1
"KERNEL_DISPATCH","Agent 5",1,0,791505,2833,27,"gated_delta_net_q8_fast",2833,73990455155028,73990455246629,2048,0,64,0,128,32,1,1,1536,32,1
"KERNEL_DISPATCH","Agent 5",1,0,791505,2065,28,"gated_norm_mq_rotate_awq_i4_gfx12",2065,73990237198833,73990238084802,1024,0,40,0,128,64,1,1,1536,8192,1
"KERNEL_DISPATCH","Agent 5",1,0,791505,2828,21,"gemm_mq4g256v2_residual_mmq_iu4_full_set_symfold",2828,73990454894745,73990454970186,0,0,184,0,128,256,1,1,20480,1,1
"KERNEL_DISPATCH","Agent 5",1,0,791505,2551,21,"gemm_mq4g256v2_residual_mmq_iu4_full_set_symfold",2551,73990431896562,73990432037124,0,0,184,0,128,256,1,1,34816,1,1
"KERNEL_DISPATCH","Agent 5",1,0,791505,2070,29,"fused_silu_mul_mq_rotate_awq_i4_gfx12",2070,73990252187539,73990254295599,0,0,56,0,128,32,1,1,2176,8192,1
"KERNEL_DISPATCH","Agent 5",1,0,791505,2823,21,"gemm_mq4g256v2_residual_mmq_iu4_full_set_symfold",2823,73990454393221,73990454532862,0,0,184,0,128,256,1,1,34816,1,1
"KERNEL_DISPATCH","Agent 5",1,0,791505,2546,25,"gdn_pre_batched_gfx1201",2546,73990431671520,73990431699120,33280,0,224,0,128,256,1,1,31488,1,1
"KERNEL_DISPATCH","Agent 5",1,0,791505,2075,21,"gemm_mq4g256v2_residual_mmq_iu4_full_set_symfold",2075,73990266440317,73990266502518,0,0,184,0,128,256,1,1,256,64,1
"KERNEL_DISPATCH","Agent 5",1,0,791505,2818,39,"attention_fa2_q_preconvert_gfx1201",2818,73990453110008,73990453115368,0,0,16,0,128,128,1,1,69888,1,1
"KERNEL_DISPATCH","Agent 5",1,0,791505,2813,30,"deinterleave_q_rmsnorm_f32_batched",2813,73990453063288,73990453075408,0,0,24,0,128,256,1,1,6144,91,1
"KERNEL_DISPATCH","Agent 5",1,0,791505,2080,27,"gated_delta_net_q8_fast",2080,73990270596437,73990271202523,2048,0,64,0,128,32,1,1,1536,32,1
"KERNEL_DISPATCH","Agent 5",1,0,791505,2541,20,"fused_rmsnorm_mq_rotate_awq_i4_gfx12",2541,73990431426998,73990431437278,0,0,96,0,128,256,1,1,23296,1,1
"KERNEL_DISPATCH","Agent 5",1,0,791505,2536,20,"fused_rmsnorm_mq_rotate_awq_i4_gfx12",2536,73990430924513,73990430935033,0,0,96,0,128,256,1,1,23296,1,1
"KERNEL_DISPATCH","Agent 5",1,0,791505,2808,22,"gemm_mq4g256v2_residual_mmq_iu4_full_add_symfold",2808,73990452690324,73990452868486,0,0,184,0,128,256,1,1,10240,1,1
"KERNEL_DISPATCH","Agent 5",1,0,791505,2085,27,"gated_delta_net_q8_fast",2085,73990273607987,73990274193792,2048,0,64,0,128,32,1,1,1536,32,1
"KERNEL_DISPATCH","Agent 5",1,0,791505,2803,22,"gemm_mq4g256v2_residual_mmq_iu4_full_add_symfold",2803,73990452300520,73990452368041,0,0,184,0,128,256,1,1,10240,1,1
"KERNEL_DISPATCH","Agent 5",1,0,791505,2531,21,"gemm_mq4g256v2_residual_mmq_iu4_full_set_symfold",2531,73990430666270,73990430708391,0,0,184,0,128,256,1,1,256,1,1
"KERNEL_DISPATCH","Agent 5",1,0,791505,2798,21,"gemm_mq4g256v2_residual_mmq_iu4_full_set_symfold",2798,73990452071718,73990452112878,0,0,184,0,128,256,1,1,256,1,1
"KERNEL_DISPATCH","Agent 5",1,0,791505,2526,22,"gemm_mq4g256v2_residual_mmq_iu4_full_add_symfold",2526,73990430280467,73990430461308,0,0,184,0,128,256,1,1,10240,1,1
"KERNEL_DISPATCH","Agent 5",1,0,791505,2793,29,"fused_silu_mul_mq_rotate_awq_i4_gfx12",2793,73990451714155,73990451732555,0,0,56,0,128,32,1,1,2176,91,1
"KERNEL_DISPATCH","Agent 5",1,0,791505,2521,22,"gemm_mq4g256v2_residual_mmq_iu4_full_add_symfold",2521,73990429890063,73990429959623,0,0,184,0,128,256,1,1,10240,1,1
"KERNEL_DISPATCH","Agent 5",1,0,791505,2788,28,"gated_norm_mq_rotate_awq_i4_gfx12",2788,73990451326671,73990451338711,1024,0,40,0,128,64,1,1,1536,91,1
"KERNEL_DISPATCH","Agent 5",1,0,791505,2516,36,"kv_cache_write_q8_0_batched",2516,73990428632531,73990428635611,0,0,8,0,128,32,1,1,1024,91,1
"KERNEL_DISPATCH","Agent 5",1,0,791505,2783,21,"gemm_mq4g256v2_residual_mmq_iu4_full_set_symfold",2783,73990451050308,73990451109389,0,0,184,0,128,256,1,1,12288,1,1
"KERNEL_DISPATCH","Agent 5",1,0,791505,2778,21,"gemm_mq4g256v2_residual_mmq_iu4_full_set_symfold",2778,73990450611304,73990450749985,0,0,184,0,128,256,1,1,34816,1,1
"KERNEL_DISPATCH","Agent 5",1,0,791505,2511,21,"gemm_mq4g256v2_residual_mmq_iu4_full_set_symfold",2511,73990428499049,73990428544690,0,0,184,0,128,256,1,1,2048,1,1
"KERNEL_DISPATCH","Agent 5",1,0,791505,2773,27,"gated_delta_net_q8_fast",2773,73990450275661,73990450366941,2048,0,64,0,128,32,1,1,1536,32,1
"KERNEL_DISPATCH","Agent 5",1,0,791505,2506,21,"gemm_mq4g256v2_residual_mmq_iu4_full_set_symfold",2506,73990428051045,73990428185446,0,0,184,0,128,256,1,1,34816,1,1
"KERNEL_DISPATCH","Agent 5",1,0,791505,2768,21,"gemm_mq4g256v2_residual_mmq_iu4_full_set_symfold",2768,73990450014698,73990450090419,0,0,184,0,128,256,1,1,20480,1,1
"KERNEL_DISPATCH","Agent 5",1,0,791505,2501,27,"gated_delta_net_q8_fast",2501,73990427713722,73990427807203,2048,0,64,0,128,32,1,1,1536,32,1
"KERNEL_DISPATCH","Agent 5",1,0,791505,2763,21,"gemm_mq4g256v2_residual_mmq_iu4_full_set_symfold",2763,73990449514493,73990449652375,0,0,184,0,128,256,1,1,34816,1,1
"KERNEL_DISPATCH","Agent 5",1,0,791505,2496,21,"gemm_mq4g256v2_residual_mmq_iu4_full_set_symfold",2496,73990427440799,73990427518440,0,0,184,0,128,256,1,1,20480,1,1
"KERNEL_DISPATCH","Agent 5",1,0,791505,2758,39,"attention_fa2_q_preconvert_gfx1201",2758,73990448233361,73990448238761,0,0,16,0,128,128,1,1,69888,1,1
"KERNEL_DISPATCH","Agent 5",1,0,791505,2491,21,"gemm_mq4g256v2_residual_mmq_iu4_full_set_symfold",2491,73990426939634,73990427076995,0,0,184,0,128,256,1,1,34816,1,1
"KERNEL_DISPATCH","Agent 5",1,0,791505,2486,25,"gdn_pre_batched_gfx1201",2486,73990426709072,73990426737632,33280,0,224,0,128,256,1,1,31488,1,1
"KERNEL_DISPATCH","Agent 5",1,0,791505,2887,20,"fused_rmsnorm_mq_rotate_awq_i4_gfx12",2887,73990459754993,73990459765313,0,0,96,0,128,256,1,1,23296,1,1
"KERNEL_DISPATCH","Agent 5",1,0,791505,2882,20,"fused_rmsnorm_mq_rotate_awq_i4_gfx12",2882,73990459255108,73990459265428,0,0,96,0,128,256,1,1,23296,1,1
"KERNEL_DISPATCH","Agent 5",1,0,791505,2877,36,"kv_cache_write_q8_0_batched",2877,73990457979615,73990457982295,0,0,8,0,128,32,1,1,1024,91,1
"KERNEL_DISPATCH","Agent 5",1,0,791505,2872,21,"gemm_mq4g256v2_residual_mmq_iu4_full_set_symfold",2872,73990457891294,73990457935255,0,0,184,0,128,256,1,1,2048,1,1
"KERNEL_DISPATCH","Agent 5",1,0,791505,2867,29,"fused_silu_mul_mq_rotate_awq_i4_gfx12",2867,73990457545131,73990457563371,0,0,56,0,128,32,1,1,2176,91,1
"KERNEL_DISPATCH","Agent 5",1,0,791505,2862,28,"gated_norm_mq_rotate_awq_i4_gfx12",2862,73990457159647,73990457171807,1024,0,40,0,128,64,1,1,1536,91,1
"KERNEL_DISPATCH","Agent 5",1,0,791505,2857,21,"gemm_mq4g256v2_residual_mmq_iu4_full_set_symfold",2857,73990456884405,73990456942925,0,0,184,0,128,256,1,1,12288,1,1
"KERNEL_DISPATCH","Agent 5",1,0,791505,2852,21,"gemm_mq4g256v2_residual_mmq_iu4_full_set_symfold",2852,73990456446640,73990456585402,0,0,184,0,128,256,1,1,34816,1,1
"KERNEL_DISPATCH","Agent 5",1,0,791505,2847,27,"gated_delta_net_q8_fast",2847,73990456111917,73990456201758,2048,0,64,0,128,32,1,1,1536,32,1
"KERNEL_DISPATCH","Agent 5",1,0,791505,2842,21,"gemm_mq4g256v2_residual_mmq_iu4_full_set_symfold",2842,73990455851115,73990455926555,0,0,184,0,128,256,1,1,20480,1,1
"KERNEL_DISPATCH","Agent 5",1,0,791505,2837,21,"gemm_mq4g256v2_residual_mmq_iu4_full_set_symfold",2837,73990455350190,73990455488431,0,0,184,0,128,256,1,1,34816,1,1
"KERNEL_DISPATCH","Agent 5",1,0,791505,2832,25,"gdn_pre_batched_gfx1201",2832,73990455124148,73990455151668,33280,0,224,0,128,256,1,1,31488,1,1
"KERNEL_DISPATCH","Agent 5",1,0,791505,2827,20,"fused_rmsnorm_mq_rotate_awq_i4_gfx12",2827,73990454881225,73990454891465,0,0,96,0,128,256,1,1,23296,1,1
"KERNEL_DISPATCH","Agent 5",1,0,791505,2822,20,"fused_rmsnorm_mq_rotate_awq_i4_gfx12",2822,73990454379580,73990454389900,0,0,96,0,128,256,1,1,23296,1,1
"KERNEL_DISPATCH","Agent 5",1,0,791505,2817,36,"kv_cache_write_q8_0_batched",2817,73990453104168,73990453106688,0,0,8,0,128,32,1,1,1024,91,1
"KERNEL_DISPATCH","Agent 5",1,0,791505,2812,21,"gemm_mq4g256v2_residual_mmq_iu4_full_set_symfold",2812,73990453015927,73990453059888,0,0,184,0,128,256,1,1,2048,1,1
"KERNEL_DISPATCH","Agent 5",1,0,791505,2807,29,"fused_silu_mul_mq_rotate_awq_i4_gfx12",2807,73990452668724,73990452686964,0,0,56,0,128,32,1,1,2176,91,1
"KERNEL_DISPATCH","Agent 5",1,0,791505,2802,28,"gated_norm_mq_rotate_awq_i4_gfx12",2802,73990452285280,73990452297200,1024,0,40,0,128,64,1,1,1536,91,1
"KERNEL_DISPATCH","Agent 5",1,0,791505,2797,21,"gemm_mq4g256v2_residual_mmq_iu4_full_set_symfold",2797,73990452008877,73990452068478,0,0,184,0,128,256,1,1,12288,1,1
"KERNEL_DISPATCH","Agent 5",1,0,791505,2792,21,"gemm_mq4g256v2_residual_mmq_iu4_full_set_symfold",2792,73990451570273,73990451710834,0,0,184,0,128,256,1,1,34816,1,1
"KERNEL_DISPATCH","Agent 5",1,0,791505,2787,27,"gated_delta_net_q8_fast",2787,73990451232470,73990451323311,2048,0,64,0,128,32,1,1,1536,32,1
"KERNEL_DISPATCH","Agent 5",1,0,791505,2782,21,"gemm_mq4g256v2_residual_mmq_iu4_full_set_symfold",2782,73990450971187,73990451047068,0,0,184,0,128,256,1,1,20480,1,1
"KERNEL_DISPATCH","Agent 5",1,0,791505,2777,21,"gemm_mq4g256v2_residual_mmq_iu4_full_set_symfold",2777,73990450470382,73990450608024,0,0,184,0,128,256,1,1,34816,1,1
"KERNEL_DISPATCH","Agent 5",1,0,791505,2772,25,"gdn_pre_batched_gfx1201",2772,73990450244860,73990450272341,33280,0,224,0,128,256,1,1,31488,1,1
"KERNEL_DISPATCH","Agent 5",1,0,791505,2767,20,"fused_rmsnorm_mq_rotate_awq_i4_gfx12",2767,73990450001058,73990450011338,0,0,96,0,128,256,1,1,23296,1,1
"KERNEL_DISPATCH","Agent 5",1,0,791505,2762,20,"fused_rmsnorm_mq_rotate_awq_i4_gfx12",2762,73990449500853,73990449511173,0,0,96,0,128,256,1,1,23296,1,1
"KERNEL_DISPATCH","Agent 5",1,0,791505,2090,27,"gated_delta_net_q8_fast",2090,73990276524655,73990277095540,2048,0,64,0,128,32,1,1,1536,32,1
"KERNEL_DISPATCH","Agent 5",1,0,791505,2757,36,"kv_cache_write_q8_0_batched",2757,73990448227401,73990448230041,0,0,8,0,128,32,1,1,1024,91,1
"KERNEL_DISPATCH","Agent 5",1,0,791505,2095,22,"gemm_mq4g256v2_residual_mmq_iu4_full_add_symfold",2095,73990279761366,73990281881227,0,0,184,0,128,256,1,1,10240,64,1
"KERNEL_DISPATCH","Agent 5",1,0,791505,2100,22,"gemm_mq4g256v2_residual_mmq_iu4_full_add_symfold",2100,73990296185326,73990302155704,0,0,184,0,128,256,1,1,10240,64,1
"KERNEL_DISPATCH","Agent 5",1,0,791505,2105,21,"gemm_mq4g256v2_residual_mmq_iu4_full_set_symfold",2105,73990308352964,73990308412844,0,0,184,0,128,256,1,1,256,64,1
"KERNEL_DISPATCH","Agent 5",1,0,791505,2110,27,"gated_delta_net_q8_fast",2110,73990313022849,73990313618895,2048,0,64,0,128,32,1,1,1536,32,1
"KERNEL_DISPATCH","Agent 5",1,0,791505,2115,27,"gated_delta_net_q8_fast",2115,73990316002878,73990316589524,2048,0,64,0,128,32,1,1,1536,32,1
"KERNEL_DISPATCH","Agent 5",1,0,791505,2120,27,"gated_delta_net_q8_fast",2120,73990318917506,73990319486192,2048,0,64,0,128,32,1,1,1536,32,1
"KERNEL_DISPATCH","Agent 5",1,0,791505,2125,20,"fused_rmsnorm_mq_rotate_awq_i4_gfx12",2125,73990323675712,73990324117517,0,0,96,0,128,256,1,1,2097152,1,1
"KERNEL_DISPATCH","Agent 5",1,0,791505,2130,20,"fused_rmsnorm_mq_rotate_awq_i4_gfx12",2130,73990343954109,73990344425594,0,0,96,0,128,256,1,1,2097152,1,1
"KERNEL_DISPATCH","Agent 5",1,0,791505,2135,32,"rmsnorm_f32",2135,73990350738615,73990350970617,0,0,16,0,128,256,1,1,8388608,1,1
"KERNEL_DISPATCH","Agent 5",1,0,791505,2140,40,"attention_q8_0_fa2_gqa_gfx1201",2140,73990352138388,73990389312869,0,0,240,0,128,128,1,1,131072,4,1
"KERNEL_DISPATCH","Agent 5",1,0,791505,2145,21,"gemm_mq4g256v2_residual_mmq_iu4_full_set_symfold",2145,73990399316806,73990405001781,0,0,184,0,128,256,1,1,34816,64,1
"KERNEL_DISPATCH","Agent 5",1,0,791505,2150,42,"mq_rotate_x",2150,73990412848417,73990412850617,0,0,32,0,128,32,1,1,640,1,1
"KERNEL_DISPATCH","Agent 5",1,0,791505,2155,12,"__amd_rocclr_copyBuffer",2155,73990413962068,73990413964948,0,0,16,0,128,512,1,1,16384,1,1
"KERNEL_DISPATCH","Agent 5",1,0,791505,2753,30,"deinterleave_q_rmsnorm_f32_batched",2753,73990448186360,73990448198840,0,0,24,0,128,256,1,1,6144,91,1
"KERNEL_DISPATCH","Agent 5",1,0,791505,2160,12,"__amd_rocclr_copyBuffer",2160,73990413993069,73990413996349,0,0,16,0,128,512,1,1,16384,1,1
"KERNEL_DISPATCH","Agent 5",1,0,791505,2748,22,"gemm_mq4g256v2_residual_mmq_iu4_full_add_symfold",2748,73990447811837,73990447990518,0,0,184,0,128,256,1,1,10240,1,1
"KERNEL_DISPATCH","Agent 5",1,0,791505,2165,12,"__amd_rocclr_copyBuffer",2165,73990414026549,73990414030069,0,0,16,0,128,512,1,1,16384,1,1
"KERNEL_DISPATCH","Agent 5",1,0,791505,2481,20,"fused_rmsnorm_mq_rotate_awq_i4_gfx12",2481,73990426458189,73990426468830,0,0,96,0,128,256,1,1,23296,1,1
"KERNEL_DISPATCH","Agent 5",1,0,791505,2743,22,"gemm_mq4g256v2_residual_mmq_iu4_full_add_symfold",2743,73990447421513,73990447488674,0,0,184,0,128,256,1,1,10240,1,1
"KERNEL_DISPATCH","Agent 5",1,0,791505,2170,12,"__amd_rocclr_copyBuffer",2170,73990414060589,73990414064309,0,0,16,0,128,512,1,1,16384,1,1
"KERNEL_DISPATCH","Agent 5",1,0,791505,2738,21,"gemm_mq4g256v2_residual_mmq_iu4_full_set_symfold",2738,73990447192351,73990447233431,0,0,184,0,128,256,1,1,256,1,1
"KERNEL_DISPATCH","Agent 5",1,0,791505,2476,20,"fused_rmsnorm_mq_rotate_awq_i4_gfx12",2476,73990425962905,73990425973425,0,0,96,0,128,256,1,1,23296,1,1
"KERNEL_DISPATCH","Agent 5",1,0,791505,2175,12,"__amd_rocclr_copyBuffer",2175,73990414094110,73990414097670,0,0,16,0,128,512,1,1,16384,1,1
"KERNEL_DISPATCH","Agent 5",1,0,791505,2733,29,"fused_silu_mul_mq_rotate_awq_i4_gfx12",2733,73990446832747,73990446851027,0,0,56,0,128,32,1,1,2176,91,1
"KERNEL_DISPATCH","Agent 5",1,0,791505,2471,21,"gemm_mq4g256v2_residual_mmq_iu4_full_set_symfold",2471,73990425699862,73990425742903,0,0,184,0,128,256,1,1,256,1,1
"KERNEL_DISPATCH","Agent 5",1,0,791505,2180,12,"__amd_rocclr_copyBuffer",2180,73990414127910,73990414131310,0,0,16,0,128,512,1,1,16384,1,1
"KERNEL_DISPATCH","Agent 5",1,0,791505,2728,28,"gated_norm_mq_rotate_awq_i4_gfx12",2728,73990446444663,73990446457504,1024,0,40,0,128,64,1,1,1536,91,1
"KERNEL_DISPATCH","Agent 5",1,0,791505,2185,12,"__amd_rocclr_copyBuffer",2185,73990414161230,73990414164670,0,0,16,0,128,512,1,1,16384,1,1
"KERNEL_DISPATCH","Agent 5",1,0,791505,2723,21,"gemm_mq4g256v2_residual_mmq_iu4_full_set_symfold",2723,73990446168461,73990446227221,0,0,184,0,128,256,1,1,12288,1,1
"KERNEL_DISPATCH","Agent 5",1,0,791505,2718,21,"gemm_mq4g256v2_residual_mmq_iu4_full_set_symfold",2718,73990445730816,73990445869018,0,0,184,0,128,256,1,1,34816,1,1
"KERNEL_DISPATCH","Agent 5",1,0,791505,2466,22,"gemm_mq4g256v2_residual_mmq_iu4_full_add_symfold",2466,73990425310058,73990425492380,0,0,184,0,128,256,1,1,10240,1,1
"KERNEL_DISPATCH","Agent 5",1,0,791505,2190,12,"__amd_rocclr_copyBuffer",2190,73990414195391,73990414198791,0,0,16,0,128,512,1,1,16384,1,1
"KERNEL_DISPATCH","Agent 5",1,0,791505,2461,22,"gemm_mq4g256v2_residual_mmq_iu4_full_add_symfold",2461,73990424927455,73990424998535,0,0,184,0,128,256,1,1,10240,1,1
"KERNEL_DISPATCH","Agent 5",1,0,791505,2195,12,"__amd_rocclr_copyBuffer",2195,73990414229671,73990414233151,0,0,16,0,128,512,1,1,16384,1,1
"KERNEL_DISPATCH","Agent 5",1,0,791505,2713,27,"gated_delta_net_q8_fast",2713,73990445392973,73990445483894,2048,0,64,0,128,32,1,1,1536,32,1
"KERNEL_DISPATCH","Agent 5",1,0,791505,2708,21,"gemm_mq4g256v2_residual_mmq_iu4_full_set_symfold",2708,73990445132091,73990445207851,0,0,184,0,128,256,1,1,20480,1,1
"KERNEL_DISPATCH","Agent 5",1,0,791505,2456,36,"kv_cache_write_q8_0_batched",2456,73990423658962,73990423662002,0,0,8,0,128,32,1,1,1024,91,1
"KERNEL_DISPATCH","Agent 5",1,0,791505,2200,12,"__amd_rocclr_copyBuffer",2200,73990414263151,73990414264631,0,0,16,0,128,512,1,1,1536,1,1
"KERNEL_DISPATCH","Agent 5",1,0,791505,2451,21,"gemm_mq4g256v2_residual_mmq_iu4_full_set_symfold",2451,73990423524161,73990423570161,0,0,184,0,128,256,1,1,2048,1,1
"KERNEL_DISPATCH","Agent 5",1,0,791505,2205,12,"__amd_rocclr_copyBuffer",2205,73990414286991,73990414288391,0,0,16,0,128,512,1,1,1536,1,1
"KERNEL_DISPATCH","Agent 5",1,0,791505,2446,21,"gemm_mq4g256v2_residual_mmq_iu4_full_set_symfold",2446,73990423078917,73990423213318,0,0,184,0,128,256,1,1,34816,1,1
"KERNEL_DISPATCH","Agent 5",1,0,791505,2441,27,"gated_delta_net_q8_fast",2441,73990422745873,73990422837914,2048,0,64,0,128,32,1,1,1536,32,1
"KERNEL_DISPATCH","Agent 5",1,0,791505,2436,21,"gemm_mq4g256v2_residual_mmq_iu4_full_set_symfold",2436,73990422477871,73990422554912,0,0,184,0,128,256,1,1,20480,1,1
"KERNEL_DISPATCH","Agent 5",1,0,791505,2431,21,"gemm_mq4g256v2_residual_mmq_iu4_full_set_symfold",2431,73990421983066,73990422115787,0,0,184,0,128,256,1,1,34816,1,1
"KERNEL_DISPATCH","Agent 5",1,0,791505,2426,25,"gdn_pre_batched_gfx1201",2426,73990421751144,73990421780064,33280,0,224,0,128,256,1,1,31488,1,1
"KERNEL_DISPATCH","Agent 5",1,0,791505,2421,20,"fused_rmsnorm_mq_rotate_awq_i4_gfx12",2421,73990421498421,73990421509221,0,0,96,0,128,256,1,1,23296,1,1
"KERNEL_DISPATCH","Agent 5",1,0,791505,2416,20,"fused_rmsnorm_mq_rotate_awq_i4_gfx12",2416,73990421002497,73990421013177,0,0,96,0,128,256,1,1,23296,1,1
"KERNEL_DISPATCH","Agent 5",1,0,791505,2411,21,"gemm_mq4g256v2_residual_mmq_iu4_full_set_symfold",2411,73990420737894,73990420781094,0,0,184,0,128,256,1,1,256,1,1
"KERNEL_DISPATCH","Agent 5",1,0,791505,2406,22,"gemm_mq4g256v2_residual_mmq_iu4_full_add_symfold",2406,73990420345850,73990420528932,0,0,184,0,128,256,1,1,10240,1,1
"KERNEL_DISPATCH","Agent 5",1,0,791505,2401,22,"gemm_mq4g256v2_residual_mmq_iu4_full_add_symfold",2401,73990419958766,73990420030487,0,0,184,0,128,256,1,1,10240,1,1
"KERNEL_DISPATCH","Agent 5",1,0,791505,2396,36,"kv_cache_write_q8_0_batched",2396,73990418677674,73990418680754,0,0,8,0,128,32,1,1,1024,91,1
"KERNEL_DISPATCH","Agent 5",1,0,791505,2391,21,"gemm_mq4g256v2_residual_mmq_iu4_full_set_symfold",2391,73990418540513,73990418587153,0,0,184,0,128,256,1,1,2048,1,1
"KERNEL_DISPATCH","Agent 5",1,0,791505,2381,27,"gated_delta_net_q8_fast",2381,73990417748345,73990417844146,2048,0,64,0,128,32,1,1,1536,32,1
"KERNEL_DISPATCH","Agent 5",1,0,791505,2376,21,"gemm_mq4g256v2_residual_mmq_iu4_full_set_symfold",2376,73990417471862,73990417551663,0,0,184,0,128,256,1,1,20480,1,1
"KERNEL_DISPATCH","Agent 5",1,0,791505,2371,21,"gemm_mq4g256v2_residual_mmq_iu4_full_set_symfold",2371,73990416963537,73990417099339,0,0,184,0,128,256,1,1,34816,1,1
"KERNEL_DISPATCH","Agent 5",1,0,791505,2366,25,"gdn_pre_batched_gfx1201",2366,73990416722975,73990416752775,33280,0,224,0,128,256,1,1,31488,1,1
"KERNEL_DISPATCH","Agent 5",1,0,791505,2361,20,"fused_rmsnorm_mq_rotate_awq_i4_gfx12",2361,73990416457892,73990416468933,0,0,96,0,128,256,1,1,23296,1,1
"KERNEL_DISPATCH","Agent 5",1,0,791505,2356,20,"fused_rmsnorm_mq_rotate_awq_i4_gfx12",2356,73990415943527,73990415954768,0,0,96,0,128,256,1,1,23296,1,1
"KERNEL_DISPATCH","Agent 5",1,0,791505,2351,21,"gemm_mq4g256v2_residual_mmq_iu4_full_set_symfold",2351,73990415662485,73990415707725,0,0,184,0,128,256,1,1,256,1,1
"KERNEL_DISPATCH","Agent 5",1,0,791505,1750,28,"gated_norm_mq_rotate_awq_i4_gfx12",1750,73989658688341,73989659579670,1024,0,40,0,128,64,1,1,1536,8192,1
"KERNEL_DISPATCH","Agent 5",1,0,791505,3163,22,"gemm_mq4g256v2_residual_mmq_iu4_full_add_symfold",3163,73990481583283,73990481651124,0,0,184,0,128,256,1,1,10240,1,1
"KERNEL_DISPATCH","Agent 5",1,0,791505,2086,27,"gated_delta_net_q8_fast",2086,73990274197272,73990274780558,2048,0,64,0,128,32,1,1,1536,32,1
"KERNEL_DISPATCH","Agent 5",1,0,791505,2081,27,"gated_delta_net_q8_fast",2081,73990271205883,73990271810409,2048,0,64,0,128,32,1,1,1536,32,1
"KERNEL_DISPATCH","Agent 5",1,0,791505,2076,21,"gemm_mq4g256v2_residual_mmq_iu4_full_set_symfold",2076,73990266505998,73990266566438,0,0,184,0,128,256,1,1,256,64,1
"KERNEL_DISPATCH","Agent 5",1,0,791505,2071,22,"gemm_mq4g256v2_residual_mmq_iu4_full_add_symfold",2071,73990254307839,73990260333978,0,0,184,0,128,256,1,1,10240,64,1
"KERNEL_DISPATCH","Agent 5",1,0,791505,3314,55,"embedding_q8",3314,73990495707790,73990495713790,0,0,8,0,128,256,1,1,256,1,1
"KERNEL_DISPATCH","Agent 5",1,0,791505,2066,22,"gemm_mq4g256v2_residual_mmq_iu4_full_add_symfold",2066,73990238096842,73990240154742,0,0,184,0,128,256,1,1,10240,64,1
"KERNEL_DISPATCH","Agent 5",1,0,791505,2061,27,"gated_delta_net_q8_fast",2061,73990235031692,73990235570058,2048,0,64,0,128,32,1,1,1536,32,1
"KERNEL_DISPATCH","Agent 5",1,0,791505,2056,27,"gated_delta_net_q8_fast",2056,73990232306986,73990232851631,2048,0,64,0,128,32,1,1,1536,32,1
"KERNEL_DISPATCH","Agent 5",1,0,791505,2051,27,"gated_delta_net_q8_fast",2051,73990229558679,73990230102605,2048,0,64,0,128,32,1,1,1536,32,1
"KERNEL_DISPATCH","Agent 5",1,0,791505,2046,21,"gemm_mq4g256v2_residual_mmq_iu4_full_set_symfold",2046,73990225708602,73990225765402,0,0,184,0,128,256,1,1,256,64,1
"KERNEL_DISPATCH","Agent 5",1,0,791505,2041,29,"fused_silu_mul_mq_rotate_awq_i4_gfx12",2041,73990212041789,73990214151370,0,0,56,0,128,32,1,1,2176,8192,1
"KERNEL_DISPATCH","Agent 5",1,0,791505,2036,41,"sigmoid_mul_rotate_x_mq_awq_i4_gfx12",2036,73990196074314,73990196803922,0,0,88,0,128,32,1,1,6291456,1,1
"KERNEL_DISPATCH","Agent 5",1,0,791505,2031,33,"rope_partial_halfsplit_batched_f32",2031,73990157137537,73990157538661,0,0,16,0,128,32,1,1,32,8192,1
"KERNEL_DISPATCH","Agent 5",1,0,791505,2026,21,"gemm_mq4g256v2_residual_mmq_iu4_full_set_symfold",2026,73990150565673,73990154752834,0,0,184,0,128,256,1,1,24576,64,1
"KERNEL_DISPATCH","Agent 5",1,0,791505,2021,21,"gemm_mq4g256v2_residual_mmq_iu4_full_set_symfold",2021,73990130373757,73990136150453,0,0,184,0,128,256,1,1,34816,64,1
"KERNEL_DISPATCH","Agent 5",1,0,791505,2016,27,"gated_delta_net_q8_fast",2016,73990125773312,73990126342398,2048,0,64,0,128,32,1,1,1536,32,1
"KERNEL_DISPATCH","Agent 5",1,0,791505,2011,27,"gated_delta_net_q8_fast",2011,73990122877084,73990123459850,2048,0,64,0,128,32,1,1,1536,32,1
"KERNEL_DISPATCH","Agent 5",1,0,791505,2006,27,"gated_delta_net_q8_fast",2006,73990119905175,73990120505181,2048,0,64,0,128,32,1,1,1536,32,1
"KERNEL_DISPATCH","Agent 5",1,0,791505,2001,25,"gdn_pre_batched_gfx1201",2001,73990114713365,73990117470792,33280,0,224,0,128,256,1,1,2686976,1,1
"KERNEL_DISPATCH","Agent 5",1,0,791505,1996,20,"fused_rmsnorm_mq_rotate_awq_i4_gfx12",1996,73990108461424,73990108934029,0,0,96,0,128,256,1,1,2097152,1,1
"KERNEL_DISPATCH","Agent 5",1,0,791505,1991,20,"fused_rmsnorm_mq_rotate_awq_i4_gfx12",1991,73990088201268,73990088643992,0,0,96,0,128,256,1,1,2097152,1,1
"KERNEL_DISPATCH","Agent 5",1,0,791505,1986,27,"gated_delta_net_q8_fast",1986,73990083390461,73990083970507,2048,0,64,0,128,32,1,1,1536,32,1
"KERNEL_DISPATCH","Agent 5",1,0,791505,1981,27,"gated_delta_net_q8_fast",1981,73990080424152,73990081019678,2048,0,64,0,128,32,1,1,1536,32,1
"KERNEL_DISPATCH","Agent 5",1,0,791505,1976,27,"gated_delta_net_q8_fast",1976,73990077402523,73990078007929,2048,0,64,0,128,32,1,1,1536,32,1
"KERNEL_DISPATCH","Agent 5",1,0,791505,1971,21,"gemm_mq4g256v2_residual_mmq_iu4_full_set_symfold",1971,73990072704638,73990072765278,0,0,184,0,128,256,1,1,256,64,1
"KERNEL_DISPATCH","Agent 5",1,0,791505,1966,22,"gemm_mq4g256v2_residual_mmq_iu4_full_add_symfold",1966,73990060506279,73990066494617,0,0,184,0,128,256,1,1,10240,64,1
"KERNEL_DISPATCH","Agent 5",1,0,791505,1961,22,"gemm_mq4g256v2_residual_mmq_iu4_full_add_symfold",1961,73990044214841,73990046268821,0,0,184,0,128,256,1,1,10240,64,1
"KERNEL_DISPATCH","Agent 5",1,0,791505,1956,27,"gated_delta_net_q8_fast",1956,73990041115131,73990041662056,2048,0,64,0,128,32,1,1,1536,32,1
"KERNEL_DISPATCH","Agent 5",1,0,791505,1951,27,"gated_delta_net_q8_fast",1951,73990038334384,73990038890950,2048,0,64,0,128,32,1,1,1536,32,1
"KERNEL_DISPATCH","Agent 5",1,0,791505,1946,27,"gated_delta_net_q8_fast",1946,73990035519797,73990036077962,2048,0,64,0,128,32,1,1,1536,32,1
"KERNEL_DISPATCH","Agent 5",1,0,791505,1941,21,"gemm_mq4g256v2_residual_mmq_iu4_full_set_symfold",1941,73990031622119,73990031679520,0,0,184,0,128,256,1,1,256,64,1
"KERNEL_DISPATCH","Agent 5",1,0,791505,1936,29,"fused_silu_mul_mq_rotate_awq_i4_gfx12",1936,73990017979947,73990020103047,0,0,56,0,128,32,1,1,2176,8192,1
"KERNEL_DISPATCH","Agent 5",1,0,791505,1931,41,"sigmoid_mul_rotate_x_mq_awq_i4_gfx12",1931,73990002452636,73990003199603,0,0,88,0,128,32,1,1,6291456,1,1
"KERNEL_DISPATCH","Agent 5",1,0,791505,1926,33,"rope_partial_halfsplit_batched_f32",1926,73989965140514,73989965544398,0,0,16,0,128,32,1,1,32,8192,1
"KERNEL_DISPATCH","Agent 5",1,0,791505,1921,21,"gemm_mq4g256v2_residual_mmq_iu4_full_set_symfold",1921,73989958610691,73989962761531,0,0,184,0,128,256,1,1,24576,64,1
"KERNEL_DISPATCH","Agent 5",1,0,791505,1916,21,"gemm_mq4g256v2_residual_mmq_iu4_full_set_symfold",1916,73989938371174,73989944159790,0,0,184,0,128,256,1,1,34816,64,1
"KERNEL_DISPATCH","Agent 5",1,0,791505,1911,27,"gated_delta_net_q8_fast",1911,73989933758250,73989934321695,2048,0,64,0,128,32,1,1,1536,32,1
"KERNEL_DISPATCH","Agent 5",1,0,791505,1906,27,"gated_delta_net_q8_fast",1906,73989930868502,73989931448827,2048,0,64,0,128,32,1,1,1536,32,1
"KERNEL_DISPATCH","Agent 5",1,0,791505,1901,27,"gated_delta_net_q8_fast",1901,73989927909393,73989928501559,2048,0,64,0,128,32,1,1,1536,32,1
"KERNEL_DISPATCH","Agent 5",1,0,791505,1896,25,"gdn_pre_batched_gfx1201",1896,73989922705662,73989925477249,33280,0,224,0,128,256,1,1,2686976,1,1
"KERNEL_DISPATCH","Agent 5",1,0,791505,1891,20,"fused_rmsnorm_mq_rotate_awq_i4_gfx12",1891,73989916418801,73989916891046,0,0,96,0,128,256,1,1,2097152,1,1
"KERNEL_DISPATCH","Agent 5",1,0,791505,1886,20,"fused_rmsnorm_mq_rotate_awq_i4_gfx12",1886,73989896192805,73989896635769,0,0,96,0,128,256,1,1,2097152,1,1
"KERNEL_DISPATCH","Agent 5",1,0,791505,2210,12,"__amd_rocclr_copyBuffer",2210,73990414310672,73990414312392,0,0,16,0,128,512,1,1,1536,1,1
"KERNEL_DISPATCH","Agent 5",1,0,791505,1881,27,"gated_delta_net_q8_fast",1881,73989891391999,73989891967644,2048,0,64,0,128,32,1,1,1536,32,1
"KERNEL_DISPATCH","Agent 5",1,0,791505,1876,27,"gated_delta_net_q8_fast",1876,73989888459370,73989889048776,2048,0,64,0,128,32,1,1,1536,32,1
"KERNEL_DISPATCH","Agent 5",1,0,791505,1871,27,"gated_delta_net_q8_fast",1871,73989885470101,73989886069827,2048,0,64,0,128,32,1,1,1536,32,1
"KERNEL_DISPATCH","Agent 5",1,0,791505,1866,21,"gemm_mq4g256v2_residual_mmq_iu4_full_set_symfold",1866,73989880792016,73989880851856,0,0,184,0,128,256,1,1,256,64,1
"KERNEL_DISPATCH","Agent 5",1,0,791505,1861,22,"gemm_mq4g256v2_residual_mmq_iu4_full_add_symfold",1861,73989868554857,73989874587516,0,0,184,0,128,256,1,1,10240,64,1
"KERNEL_DISPATCH","Agent 5",1,0,791505,1856,22,"gemm_mq4g256v2_residual_mmq_iu4_full_add_symfold",1856,73989852323540,73989854377439,0,0,184,0,128,256,1,1,10240,64,1
"KERNEL_DISPATCH","Agent 5",1,0,791505,1851,27,"gated_delta_net_q8_fast",1851,73989849227950,73989849775915,2048,0,64,0,128,32,1,1,1536,32,1
"KERNEL_DISPATCH","Agent 5",1,0,791505,1846,27,"gated_delta_net_q8_fast",1846,73989846453643,73989847009288,2048,0,64,0,128,32,1,1,1536,32,1
"KERNEL_DISPATCH","Agent 5",1,0,791505,1841,27,"gated_delta_net_q8_fast",1841,73989843637135,73989844196821,2048,0,64,0,128,32,1,1,1536,32,1
"KERNEL_DISPATCH","Agent 5",1,0,791505,1836,21,"gemm_mq4g256v2_residual_mmq_iu4_full_set_symfold",1836,73989839762858,73989839819698,0,0,184,0,128,256,1,1,256,64,1
"KERNEL_DISPATCH","Agent 5",1,0,791505,1831,29,"fused_silu_mul_mq_rotate_awq_i4_gfx12",1831,73989826167806,73989828275906,0,0,56,0,128,32,1,1,2176,8192,1
"KERNEL_DISPATCH","Agent 5",1,0,791505,1826,41,"sigmoid_mul_rotate_x_mq_awq_i4_gfx12",1826,73989810538614,73989811269381,0,0,88,0,128,32,1,1,6291456,1,1
"KERNEL_DISPATCH","Agent 5",1,0,791505,1821,33,"rope_partial_halfsplit_batched_f32",1821,73989772595286,73989772996370,0,0,16,0,128,32,1,1,32,8192,1
"KERNEL_DISPATCH","Agent 5",1,0,791505,1816,21,"gemm_mq4g256v2_residual_mmq_iu4_full_set_symfold",1816,73989766044543,73989770211903,0,0,184,0,128,256,1,1,24576,64,1
"KERNEL_DISPATCH","Agent 5",1,0,791505,1811,21,"gemm_mq4g256v2_residual_mmq_iu4_full_set_symfold",1811,73989745817146,73989751658003,0,0,184,0,128,256,1,1,34816,64,1
"KERNEL_DISPATCH","Agent 5",1,0,791505,1806,27,"gated_delta_net_q8_fast",1806,73989741192021,73989741765347,2048,0,64,0,128,32,1,1,1536,32,1
"KERNEL_DISPATCH","Agent 5",1,0,791505,1801,27,"gated_delta_net_q8_fast",1801,73989738265353,73989738855079,2048,0,64,0,128,32,1,1,1536,32,1
"KERNEL_DISPATCH","Agent 5",1,0,791505,1796,27,"gated_delta_net_q8_fast",1796,73989735277044,73989735875250,2048,0,64,0,128,32,1,1,1536,32,1
"KERNEL_DISPATCH","Agent 5",1,0,791505,1791,25,"gdn_pre_batched_gfx1201",1791,73989730047833,73989732830340,33280,0,224,0,128,256,1,1,2686976,1,1
"KERNEL_DISPATCH","Agent 5",1,0,791505,1786,20,"fused_rmsnorm_mq_rotate_awq_i4_gfx12",1786,73989723768812,73989724241977,0,0,96,0,128,256,1,1,2097152,1,1
"KERNEL_DISPATCH","Agent 5",1,0,791505,1781,20,"fused_rmsnorm_mq_rotate_awq_i4_gfx12",1781,73989703507896,73989703951500,0,0,96,0,128,256,1,1,2097152,1,1
"KERNEL_DISPATCH","Agent 5",1,0,791505,1776,27,"gated_delta_net_q8_fast",1776,73989698723049,73989699302855,2048,0,64,0,128,32,1,1,1536,32,1
"KERNEL_DISPATCH","Agent 5",1,0,791505,1771,27,"gated_delta_net_q8_fast",1771,73989695760901,73989696354266,2048,0,64,0,128,32,1,1,1536,32,1
"KERNEL_DISPATCH","Agent 5",1,0,791505,1766,27,"gated_delta_net_q8_fast",1766,73989692748791,73989693351477,2048,0,64,0,128,32,1,1,1536,32,1
"KERNEL_DISPATCH","Agent 5",1,0,791505,2698,39,"attention_fa2_q_preconvert_gfx1201",2698,73990443345913,73990443351073,0,0,16,0,128,128,1,1,69888,1,1
"KERNEL_DISPATCH","Agent 5",1,0,791505,1761,21,"gemm_mq4g256v2_residual_mmq_iu4_full_set_symfold",1761,73989688048946,73989688108906,0,0,184,0,128,256,1,1,256,64,1
"KERNEL_DISPATCH","Agent 5",1,0,791505,2693,30,"deinterleave_q_rmsnorm_f32_batched",2693,73990443298913,73990443311193,0,0,24,0,128,256,1,1,6144,91,1
"KERNEL_DISPATCH","Agent 5",1,0,791505,1756,22,"gemm_mq4g256v2_residual_mmq_iu4_full_add_symfold",1756,73989675852988,73989681849006,0,0,184,0,128,256,1,1,10240,64,1
"KERNEL_DISPATCH","Agent 5",1,0,791505,2688,22,"gemm_mq4g256v2_residual_mmq_iu4_full_add_symfold",2688,73990442922909,73990443102831,0,0,184,0,128,256,1,1,10240,1,1
"KERNEL_DISPATCH","Agent 5",1,0,791505,1751,22,"gemm_mq4g256v2_residual_mmq_iu4_full_add_symfold",1751,73989659591750,73989661634250,0,0,184,0,128,256,1,1,10240,64,1
"KERNEL_DISPATCH","Agent 5",1,0,791505,2683,22,"gemm_mq4g256v2_residual_mmq_iu4_full_add_symfold",2683,73990442533505,73990442601426,0,0,184,0,128,256,1,1,10240,1,1
"KERNEL_DISPATCH","Agent 5",1,0,791505,2678,21,"gemm_mq4g256v2_residual_mmq_iu4_full_set_symfold",2678,73990442303343,73990442344424,0,0,184,0,128,256,1,1,256,1,1
"KERNEL_DISPATCH","Agent 5",1,0,791505,2673,29,"fused_silu_mul_mq_rotate_awq_i4_gfx12",2673,73990441942620,73990441960980,0,0,56,0,128,32,1,1,2176,91,1
"KERNEL_DISPATCH","Agent 5",1,0,791505,2668,28,"gated_norm_mq_rotate_awq_i4_gfx12",2668,73990441564776,73990441577016,1024,0,40,0,128,64,1,1,1536,91,1
"KERNEL_DISPATCH","Agent 5",1,0,791505,2663,21,"gemm_mq4g256v2_residual_mmq_iu4_full_set_symfold",2663,73990441287653,73990441347414,0,0,184,0,128,256,1,1,12288,1,1
"KERNEL_DISPATCH","Agent 5",1,0,791505,2658,21,"gemm_mq4g256v2_residual_mmq_iu4_full_set_symfold",2658,73990440850289,73990440986930,0,0,184,0,128,256,1,1,34816,1,1
"KERNEL_DISPATCH","Agent 5",1,0,791505,2653,27,"gated_delta_net_q8_fast",2653,73990440516566,73990440607287,2048,0,64,0,128,32,1,1,1536,32,1
"KERNEL_DISPATCH","Agent 5",1,0,791505,2648,21,"gemm_mq4g256v2_residual_mmq_iu4_full_set_symfold",2648,73990440255883,73990440331364,0,0,184,0,128,256,1,1,20480,1,1
"KERNEL_DISPATCH","Agent 5",1,0,791505,2643,21,"gemm_mq4g256v2_residual_mmq_iu4_full_set_symfold",2643,73990439762799,73990439896200,0,0,184,0,128,256,1,1,34816,1,1
"KERNEL_DISPATCH","Agent 5",1,0,791505,2638,39,"attention_fa2_q_preconvert_gfx1201",2638,73990438471826,73990438477226,0,0,16,0,128,128,1,1,69888,1,1
"KERNEL_DISPATCH","Agent 5",1,0,791505,2633,30,"deinterleave_q_rmsnorm_f32_batched",2633,73990438424466,73990438436746,0,0,24,0,128,256,1,1,6144,91,1
"KERNEL_DISPATCH","Agent 5",1,0,791505,2628,22,"gemm_mq4g256v2_residual_mmq_iu4_full_add_symfold",2628,73990438049542,73990438229584,0,0,184,0,128,256,1,1,10240,1,1
"KERNEL_DISPATCH","Agent 5",1,0,791505,2623,22,"gemm_mq4g256v2_residual_mmq_iu4_full_add_symfold",2623,73990437661498,73990437729019,0,0,184,0,128,256,1,1,10240,1,1
"KERNEL_DISPATCH","Agent 5",1,0,791505,2618,21,"gemm_mq4g256v2_residual_mmq_iu4_full_set_symfold",2618,73990437432656,73990437473776,0,0,184,0,128,256,1,1,256,1,1
"KERNEL_DISPATCH","Agent 5",1,0,791505,2613,29,"fused_silu_mul_mq_rotate_awq_i4_gfx12",2613,73990437074412,73990437093213,0,0,56,0,128,32,1,1,2176,91,1
"KERNEL_DISPATCH","Agent 5",1,0,791505,2608,28,"gated_norm_mq_rotate_awq_i4_gfx12",2608,73990436688569,73990436700649,1024,0,40,0,128,64,1,1,1536,91,1
"KERNEL_DISPATCH","Agent 5",1,0,791505,2603,21,"gemm_mq4g256v2_residual_mmq_iu4_full_set_symfold",2603,73990436413646,73990436472287,0,0,184,0,128,256,1,1,12288,1,1
"KERNEL_DISPATCH","Agent 5",1,0,791505,2598,21,"gemm_mq4g256v2_residual_mmq_iu4_full_set_symfold",2598,73990435977162,73990436115843,0,0,184,0,128,256,1,1,34816,1,1
"KERNEL_DISPATCH","Agent 5",1,0,791505,2593,27,"gated_delta_net_q8_fast",2593,73990435641919,73990435732119,2048,0,64,0,128,32,1,1,1536,32,1
"KERNEL_DISPATCH","Agent 5",1,0,791505,2588,21,"gemm_mq4g256v2_residual_mmq_iu4_full_set_symfold",2588,73990435380676,73990435456237,0,0,184,0,128,256,1,1,20480,1,1
"KERNEL_DISPATCH","Agent 5",1,0,791505,2583,21,"gemm_mq4g256v2_residual_mmq_iu4_full_set_symfold",2583,73990434882631,73990435019993,0,0,184,0,128,256,1,1,34816,1,1
"KERNEL_DISPATCH","Agent 5",1,0,791505,2578,39,"attention_fa2_q_preconvert_gfx1201",2578,73990433577859,73990433583259,0,0,16,0,128,128,1,1,69888,1,1
"KERNEL_DISPATCH","Agent 5",1,0,791505,2747,29,"fused_silu_mul_mq_rotate_awq_i4_gfx12",2747,73990447790236,73990447808477,0,0,56,0,128,32,1,1,2176,91,1
"KERNEL_DISPATCH","Agent 5",1,0,791505,2573,30,"deinterleave_q_rmsnorm_f32_batched",2573,73990433530738,73990433543098,0,0,24,0,128,256,1,1,6144,91,1
"KERNEL_DISPATCH","Agent 5",1,0,791505,2742,28,"gated_norm_mq_rotate_awq_i4_gfx12",2742,73990447405993,73990447418153,1024,0,40,0,128,64,1,1,1536,91,1
"KERNEL_DISPATCH","Agent 5",1,0,791505,2568,22,"gemm_mq4g256v2_residual_mmq_iu4_full_add_symfold",2568,73990433152334,73990433333576,0,0,184,0,128,256,1,1,10240,1,1
"KERNEL_DISPATCH","Agent 5",1,0,791505,2737,21,"gemm_mq4g256v2_residual_mmq_iu4_full_set_symfold",2737,73990447129390,73990447189071,0,0,184,0,128,256,1,1,12288,1,1
"KERNEL_DISPATCH","Agent 5",1,0,791505,2732,21,"gemm_mq4g256v2_residual_mmq_iu4_full_set_symfold",2732,73990446688666,73990446829467,0,0,184,0,128,256,1,1,34816,1,1
"KERNEL_DISPATCH","Agent 5",1,0,791505,2727,27,"gated_delta_net_q8_fast",2727,73990446350102,73990446441303,2048,0,64,0,128,32,1,1,1536,32,1
"KERNEL_DISPATCH","Agent 5",1,0,791505,2215,12,"__amd_rocclr_copyBuffer",2215,73990414334712,73990414336232,0,0,16,0,128,512,1,1,1536,1,1
"KERNEL_DISPATCH","Agent 5",1,0,791505,2722,21,"gemm_mq4g256v2_residual_mmq_iu4_full_set_symfold",2722,73990446089260,73990446165221,0,0,184,0,128,256,1,1,20480,1,1
"KERNEL_DISPATCH","Agent 5",1,0,791505,2220,12,"__amd_rocclr_copyBuffer",2220,73990414358712,73990414360232,0,0,16,0,128,512,1,1,1536,1,1
"KERNEL_DISPATCH","Agent 5",1,0,791505,2717,21,"gemm_mq4g256v2_residual_mmq_iu4_full_set_symfold",2717,73990445587815,73990445727496,0,0,184,0,128,256,1,1,34816,1,1
"KERNEL_DISPATCH","Agent 5",1,0,791505,2712,25,"gdn_pre_batched_gfx1201",2712,73990445362133,73990445389613,33280,0,224,0,128,256,1,1,31488,1,1
"KERNEL_DISPATCH","Agent 5",1,0,791505,2225,12,"__amd_rocclr_copyBuffer",2225,73990414382352,73990414383952,0,0,16,0,128,512,1,1,1536,1,1
"KERNEL_DISPATCH","Agent 5",1,0,791505,2707,20,"fused_rmsnorm_mq_rotate_awq_i4_gfx12",2707,73990445118531,73990445128731,0,0,96,0,128,256,1,1,23296,1,1
"KERNEL_DISPATCH","Agent 5",1,0,791505,2230,12,"__amd_rocclr_copyBuffer",2230,73990414406193,73990414407753,0,0,16,0,128,512,1,1,1536,1,1
"KERNEL_DISPATCH","Agent 5",1,0,791505,2702,20,"fused_rmsnorm_mq_rotate_awq_i4_gfx12",2702,73990444624446,73990444634846,0,0,96,0,128,256,1,1,23296,1,1
"KERNEL_DISPATCH","Agent 5",1,0,791505,2235,12,"__amd_rocclr_copyBuffer",2235,73990414429993,73990414431513,0,0,16,0,128,512,1,1,1536,1,1
"KERNEL_DISPATCH","Agent 5",1,0,791505,2697,36,"kv_cache_write_q8_0_batched",2697,73990443339993,73990443342593,0,0,8,0,128,32,1,1,1024,91,1
"KERNEL_DISPATCH","Agent 5",1,0,791505,2240,12,"__amd_rocclr_copyBuffer",2240,73990414453593,73990414455473,0,0,16,0,128,512,1,1,1536,1,1
"KERNEL_DISPATCH","Agent 5",1,0,791505,2692,21,"gemm_mq4g256v2_residual_mmq_iu4_full_set_symfold",2692,73990443251592,73990443295513,0,0,184,0,128,256,1,1,2048,1,1
"KERNEL_DISPATCH","Agent 5",1,0,791505,2687,29,"fused_silu_mul_mq_rotate_awq_i4_gfx12",2687,73990442901389,73990442919629,0,0,56,0,128,32,1,1,2176,91,1
"KERNEL_DISPATCH","Agent 5",1,0,791505,2245,12,"__amd_rocclr_copyBuffer",2245,73990414478033,73990414479593,0,0,16,0,128,512,1,1,1536,1,1
"KERNEL_DISPATCH","Agent 5",1,0,791505,2682,28,"gated_norm_mq_rotate_awq_i4_gfx12",2682,73990442517985,73990442530185,1024,0,40,0,128,64,1,1,1536,91,1
"KERNEL_DISPATCH","Agent 5",1,0,791505,2250,12,"__amd_rocclr_copyBuffer",2250,73990414501994,73990414503954,0,0,16,0,128,512,1,1,7680,1,1
"KERNEL_DISPATCH","Agent 5",1,0,791505,2677,21,"gemm_mq4g256v2_residual_mmq_iu4_full_set_symfold",2677,73990442240623,73990442300103,0,0,184,0,128,256,1,1,12288,1,1
"KERNEL_DISPATCH","Agent 5",1,0,791505,2255,12,"__amd_rocclr_copyBuffer",2255,73990414526954,73990414528594,0,0,16,0,128,512,1,1,7680,1,1
"KERNEL_DISPATCH","Agent 5",1,0,791505,2672,21,"gemm_mq4g256v2_residual_mmq_iu4_full_set_symfold",2672,73990441804098,73990441939260,0,0,184,0,128,256,1,1,34816,1,1
"KERNEL_DISPATCH","Agent 5",1,0,791505,2260,12,"__amd_rocclr_copyBuffer",2260,73990414551714,73990414553354,0,0,16,0,128,512,1,1,7680,1,1
"KERNEL_DISPATCH","Agent 5",1,0,791505,2667,27,"gated_delta_net_q8_fast",2667,73990441470935,73990441561456,2048,0,64,0,128,32,1,1,1536,32,1
"KERNEL_DISPATCH","Agent 5",1,0,791505,2265,12,"__amd_rocclr_copyBuffer",2265,73990414575954,73990414577514,0,0,16,0,128,512,1,1,7680,1,1
"KERNEL_DISPATCH","Agent 5",1,0,791505,2270,12,"__amd_rocclr_copyBuffer",2270,73990414600554,73990414602514,0,0,16,0,128,512,1,1,7680,1,1
"KERNEL_DISPATCH","Agent 5",1,0,791505,2275,12,"__amd_rocclr_copyBuffer",2275,73990414625795,73990414627395,0,0,16,0,128,512,1,1,7680,1,1
"KERNEL_DISPATCH","Agent 5",1,0,791505,2280,12,"__amd_rocclr_copyBuffer",2280,73990414650515,73990414652275,0,0,16,0,128,512,1,1,7680,1,1
"KERNEL_DISPATCH","Agent 5",1,0,791505,2285,12,"__amd_rocclr_copyBuffer",2285,73990414674915,73990414676635,0,0,16,0,128,512,1,1,7680,1,1
"KERNEL_DISPATCH","Agent 5",1,0,791505,2290,12,"__amd_rocclr_copyBuffer",2290,73990414699195,73990414700715,0,0,16,0,128,512,1,1,7680,1,1
"KERNEL_DISPATCH","Agent 5",1,0,791505,2295,12,"__amd_rocclr_copyBuffer",2295,73990414723556,73990414725356,0,0,16,0,128,512,1,1,7680,1,1
"KERNEL_DISPATCH","Agent 5",1,0,791505,2300,12,"__amd_rocclr_copyBuffer",2300,73990414766556,73990414772596,0,0,16,0,128,512,1,1,16384,1,1
"KERNEL_DISPATCH","Agent 5",1,0,791505,2305,12,"__amd_rocclr_copyBuffer",2305,73990414812157,73990414817637,0,0,16,0,128,512,1,1,16384,1,1
"KERNEL_DISPATCH","Agent 5",1,0,791505,2310,12,"__amd_rocclr_copyBuffer",2310,73990414857397,73990414863997,0,0,16,0,128,512,1,1,16384,1,1
"KERNEL_DISPATCH","Agent 5",1,0,791505,2315,12,"__amd_rocclr_copyBuffer",2315,73990414903837,73990414909597,0,0,16,0,128,512,1,1,16384,1,1
"KERNEL_DISPATCH","Agent 5",1,0,791505,2320,12,"__amd_rocclr_copyBuffer",2320,73990414951278,73990414957918,0,0,16,0,128,512,1,1,16384,1,1
"KERNEL_DISPATCH","Agent 5",1,0,791505,2325,12,"__amd_rocclr_copyBuffer",2325,73990415000718,73990415006838,0,0,16,0,128,512,1,1,16384,1,1
"KERNEL_DISPATCH","Agent 5",1,0,791505,2330,12,"__amd_rocclr_copyBuffer",2330,73990415049719,73990415056239,0,0,16,0,128,512,1,1,16384,1,1
"KERNEL_DISPATCH","Agent 5",1,0,791505,2335,12,"__amd_rocclr_copyBuffer",2335,73990415097959,73990415104719,0,0,16,0,128,512,1,1,16384,1,1
"KERNEL_DISPATCH","Agent 5",1,0,791505,2340,12,"__amd_rocclr_copyBuffer",2340,73990415147400,73990415154480,0,0,16,0,128,512,1,1,16384,1,1
"KERNEL_DISPATCH","Agent 5",1,0,791505,2345,19,"embedding_q8_batched",2345,73990415280731,73990415287131,0,0,8,0,128,256,1,1,23296,1,1
"KERNEL_DISPATCH","Agent 5",1,0,791505,2350,21,"gemm_mq4g256v2_residual_mmq_iu4_full_set_symfold",2350,73990415614364,73990415658925,0,0,184,0,128,256,1,1,256,1,1
"KERNEL_DISPATCH","Agent 5",1,0,791505,2355,22,"gemm_mq4g256v2_residual_mmq_iu4_full_add_symfold",2355,73990415864207,73990415940087,0,0,184,0,128,256,1,1,10240,1,1
"KERNEL_DISPATCH","Agent 5",1,0,791505,2360,22,"gemm_mq4g256v2_residual_mmq_iu4_full_add_symfold",2360,73990416261851,73990416454372,0,0,184,0,128,256,1,1,10240,1,1
"KERNEL_DISPATCH","Agent 5",1,0,791505,2365,21,"gemm_mq4g256v2_residual_mmq_iu4_full_set_symfold",2365,73990416675095,73990416719455,0,0,184,0,128,256,1,1,256,1,1
"KERNEL_DISPATCH","Agent 5",1,0,791505,2370,20,"fused_rmsnorm_mq_rotate_awq_i4_gfx12",2370,73990416949257,73990416960217,0,0,96,0,128,256,1,1,23296,1,1
"KERNEL_DISPATCH","Agent 5",1,0,791505,2375,20,"fused_rmsnorm_mq_rotate_awq_i4_gfx12",2375,73990417457502,73990417468462,0,0,96,0,128,256,1,1,23296,1,1
"KERNEL_DISPATCH","Agent 5",1,0,791505,2380,25,"gdn_pre_batched_gfx1201",2380,73990417715425,73990417744865,33280,0,224,0,128,256,1,1,31488,1,1
"KERNEL_DISPATCH","Agent 5",1,0,791505,2385,21,"gemm_mq4g256v2_residual_mmq_iu4_full_set_symfold",2385,73990417953587,73990418086908,0,0,184,0,128,256,1,1,34816,1,1
"KERNEL_DISPATCH","Agent 5",1,0,791505,2390,21,"gemm_mq4g256v2_residual_mmq_iu4_full_set_symfold",2390,73990418454872,73990418537113,0,0,184,0,128,256,1,1,24576,1,1
"KERNEL_DISPATCH","Agent 5",1,0,791505,2395,33,"rope_partial_halfsplit_batched_f32",2395,73990418664834,73990418674194,0,0,16,0,128,32,1,1,32,91,1
"KERNEL_DISPATCH","Agent 5",1,0,791505,2400,41,"sigmoid_mul_rotate_x_mq_awq_i4_gfx12",2400,73990419946166,73990419955366,0,0,88,0,128,32,1,1,69888,1,1
"KERNEL_DISPATCH","Agent 5",1,0,791505,2405,29,"fused_silu_mul_mq_rotate_awq_i4_gfx12",2405,73990420324290,73990420342410,0,0,56,0,128,32,1,1,2176,91,1
"KERNEL_DISPATCH","Agent 5",1,0,791505,2410,21,"gemm_mq4g256v2_residual_mmq_iu4_full_set_symfold",2410,73990420691774,73990420734614,0,0,184,0,128,256,1,1,256,1,1
"KERNEL_DISPATCH","Agent 5",1,0,791505,2415,22,"gemm_mq4g256v2_residual_mmq_iu4_full_add_symfold",2415,73990420929016,73990420999177,0,0,184,0,128,256,1,1,10240,1,1
"KERNEL_DISPATCH","Agent 5",1,0,791505,2420,22,"gemm_mq4g256v2_residual_mmq_iu4_full_add_symfold",2420,73990421310940,73990421494981,0,0,184,0,128,256,1,1,10240,1,1
"KERNEL_DISPATCH","Agent 5",1,0,791505,2425,21,"gemm_mq4g256v2_residual_mmq_iu4_full_set_symfold",2425,73990421704583,73990421747824,0,0,184,0,128,256,1,1,256,1,1
"KERNEL_DISPATCH","Agent 5",1,0,791505,2430,20,"fused_rmsnorm_mq_rotate_awq_i4_gfx12",2430,73990421969146,73990421979786,0,0,96,0,128,256,1,1,23296,1,1
"KERNEL_DISPATCH","Agent 5",1,0,791505,2435,20,"fused_rmsnorm_mq_rotate_awq_i4_gfx12",2435,73990422463951,73990422474511,0,0,96,0,128,256,1,1,23296,1,1
"KERNEL_DISPATCH","Agent 5",1,0,791505,2440,25,"gdn_pre_batched_gfx1201",2440,73990422713953,73990422742473,33280,0,224,0,128,256,1,1,31488,1,1
"KERNEL_DISPATCH","Agent 5",1,0,791505,2445,21,"gemm_mq4g256v2_residual_mmq_iu4_full_set_symfold",2445,73990422944035,73990423075637,0,0,184,0,128,256,1,1,34816,1,1
"KERNEL_DISPATCH","Agent 5",1,0,791505,2450,21,"gemm_mq4g256v2_residual_mmq_iu4_full_set_symfold",2450,73990423439440,73990423520841,0,0,184,0,128,256,1,1,24576,1,1
"KERNEL_DISPATCH","Agent 5",1,0,791505,2455,33,"rope_partial_halfsplit_batched_f32",2455,73990423646202,73990423655522,0,0,16,0,128,32,1,1,32,91,1
"KERNEL_DISPATCH","Agent 5",1,0,791505,2460,41,"sigmoid_mul_rotate_x_mq_awq_i4_gfx12",2460,73990424914535,73990424924015,0,0,88,0,128,32,1,1,69888,1,1
"KERNEL_DISPATCH","Agent 5",1,0,791505,2465,29,"fused_silu_mul_mq_rotate_awq_i4_gfx12",2465,73990425287738,73990425306658,0,0,56,0,128,32,1,1,2176,91,1
"KERNEL_DISPATCH","Agent 5",1,0,791505,2470,21,"gemm_mq4g256v2_residual_mmq_iu4_full_set_symfold",2470,73990425653782,73990425696542,0,0,184,0,128,256,1,1,256,1,1
"KERNEL_DISPATCH","Agent 5",1,0,791505,2475,22,"gemm_mq4g256v2_residual_mmq_iu4_full_add_symfold",2475,73990425889424,73990425959585,0,0,184,0,128,256,1,1,10240,1,1
"KERNEL_DISPATCH","Agent 5",1,0,791505,2480,22,"gemm_mq4g256v2_residual_mmq_iu4_full_add_symfold",2480,73990426271748,73990426454829,0,0,184,0,128,256,1,1,10240,1,1
"KERNEL_DISPATCH","Agent 5",1,0,791505,2485,21,"gemm_mq4g256v2_residual_mmq_iu4_full_set_symfold",2485,73990426663431,73990426705712,0,0,184,0,128,256,1,1,256,1,1
"KERNEL_DISPATCH","Agent 5",1,0,791505,2490,20,"fused_rmsnorm_mq_rotate_awq_i4_gfx12",2490,73990426925754,73990426936354,0,0,96,0,128,256,1,1,23296,1,1
"KERNEL_DISPATCH","Agent 5",1,0,791505,2495,20,"fused_rmsnorm_mq_rotate_awq_i4_gfx12",2495,73990427426719,73990427437399,0,0,96,0,128,256,1,1,23296,1,1
"KERNEL_DISPATCH","Agent 5",1,0,791505,2500,25,"gdn_pre_batched_gfx1201",2500,73990427681401,73990427710242,33280,0,224,0,128,256,1,1,31488,1,1
"KERNEL_DISPATCH","Agent 5",1,0,791505,2505,21,"gemm_mq4g256v2_residual_mmq_iu4_full_set_symfold",2505,73990427914964,73990428047725,0,0,184,0,128,256,1,1,34816,1,1
"KERNEL_DISPATCH","Agent 5",1,0,791505,2510,21,"gemm_mq4g256v2_residual_mmq_iu4_full_set_symfold",2510,73990428413768,73990428495649,0,0,184,0,128,256,1,1,24576,1,1
"KERNEL_DISPATCH","Agent 5",1,0,791505,2515,33,"rope_partial_halfsplit_batched_f32",2515,73990428619930,73990428629131,0,0,16,0,128,32,1,1,32,91,1
"KERNEL_DISPATCH","Agent 5",1,0,791505,2563,22,"gemm_mq4g256v2_residual_mmq_iu4_full_add_symfold",2563,73990432768811,73990432837171,0,0,184,0,128,256,1,1,10240,1,1
"KERNEL_DISPATCH","Agent 5",1,0,791505,2520,41,"sigmoid_mul_rotate_x_mq_awq_i4_gfx12",2520,73990429877423,73990429886743,0,0,88,0,128,32,1,1,69888,1,1
"KERNEL_DISPATCH","Agent 5",1,0,791505,2558,21,"gemm_mq4g256v2_residual_mmq_iu4_full_set_symfold",2558,73990432539288,73990432581089,0,0,184,0,128,256,1,1,256,1,1
"KERNEL_DISPATCH","Agent 5",1,0,791505,2525,29,"fused_silu_mul_mq_rotate_awq_i4_gfx12",2525,73990430258746,73990430276947,0,0,56,0,128,32,1,1,2176,91,1
"KERNEL_DISPATCH","Agent 5",1,0,791505,2530,21,"gemm_mq4g256v2_residual_mmq_iu4_full_set_symfold",2530,73990430620910,73990430662990,0,0,184,0,128,256,1,1,256,1,1
"KERNEL_DISPATCH","Agent 5",1,0,791505,2553,29,"fused_silu_mul_mq_rotate_awq_i4_gfx12",2553,73990432180165,73990432198725,0,0,56,0,128,32,1,1,2176,91,1
"KERNEL_DISPATCH","Agent 5",1,0,791505,2535,22,"gemm_mq4g256v2_residual_mmq_iu4_full_add_symfold",2535,73990430852752,73990430921113,0,0,184,0,128,256,1,1,10240,1,1
"KERNEL_DISPATCH","Agent 5",1,0,791505,2548,28,"gated_norm_mq_rotate_awq_i4_gfx12",2548,73990431796881,73990431808841,1024,0,40,0,128,64,1,1,1536,91,1
"KERNEL_DISPATCH","Agent 5",1,0,791505,2540,22,"gemm_mq4g256v2_residual_mmq_iu4_full_add_symfold",2540,73990431244796,73990431423678,0,0,184,0,128,256,1,1,10240,1,1
"KERNEL_DISPATCH","Agent 5",1,0,791505,2543,21,"gemm_mq4g256v2_residual_mmq_iu4_full_set_symfold",2543,73990431519759,73990431578679,0,0,184,0,128,256,1,1,12288,1,1
"KERNEL_DISPATCH","Agent 5",1,0,791505,2545,21,"gemm_mq4g256v2_residual_mmq_iu4_full_set_symfold",2545,73990431626840,73990431668160,0,0,184,0,128,256,1,1,256,1,1
"KERNEL_DISPATCH","Agent 5",1,0,791505,2538,21,"gemm_mq4g256v2_residual_mmq_iu4_full_set_symfold",2538,73990431081394,73990431219876,0,0,184,0,128,256,1,1,34816,1,1
"KERNEL_DISPATCH","Agent 5",1,0,791505,2550,20,"fused_rmsnorm_mq_rotate_awq_i4_gfx12",2550,73990431882962,73990431893242,0,0,96,0,128,256,1,1,23296,1,1
"KERNEL_DISPATCH","Agent 5",1,0,791505,2533,27,"gated_delta_net_q8_fast",2533,73990430743111,73990430833672,2048,0,64,0,128,32,1,1,1536,32,1
"KERNEL_DISPATCH","Agent 5",1,0,791505,2555,20,"fused_rmsnorm_mq_rotate_awq_i4_gfx12",2555,73990432384487,73990432394847,0,0,96,0,128,256,1,1,23296,1,1
"KERNEL_DISPATCH","Agent 5",1,0,791505,2528,21,"gemm_mq4g256v2_residual_mmq_iu4_full_set_symfold",2528,73990430478428,73990430554669,0,0,184,0,128,256,1,1,20480,1,1
"KERNEL_DISPATCH","Agent 5",1,0,791505,2560,25,"gdn_pre_batched_gfx1201",2560,73990432628649,73990432656330,33280,0,224,0,128,256,1,1,31488,1,1
"KERNEL_DISPATCH","Agent 5",1,0,791505,2523,21,"gemm_mq4g256v2_residual_mmq_iu4_full_set_symfold",2523,73990429976904,73990430113745,0,0,184,0,128,256,1,1,34816,1,1
"KERNEL_DISPATCH","Agent 5",1,0,791505,2565,21,"gemm_mq4g256v2_residual_mmq_iu4_full_set_symfold",2565,73990432854132,73990432991613,0,0,184,0,128,256,1,1,34816,1,1
"KERNEL_DISPATCH","Agent 5",1,0,791505,2518,39,"attention_fa2_q_preconvert_gfx1201",2518,73990428644931,73990428650211,0,0,16,0,128,128,1,1,69888,1,1
"KERNEL_DISPATCH","Agent 5",1,0,791505,2570,21,"gemm_mq4g256v2_residual_mmq_iu4_full_set_symfold",2570,73990433350736,73990433430977,0,0,184,0,128,256,1,1,24576,1,1
"KERNEL_DISPATCH","Agent 5",1,0,791505,2513,30,"deinterleave_q_rmsnorm_f32_batched",2513,73990428596810,73990428609330,0,0,24,0,128,256,1,1,6144,91,1
"KERNEL_DISPATCH","Agent 5",1,0,791505,2575,33,"rope_partial_halfsplit_batched_f32",2575,73990433553338,73990433562498,0,0,16,0,128,32,1,1,32,91,1
"KERNEL_DISPATCH","Agent 5",1,0,791505,2503,22,"gemm_mq4g256v2_residual_mmq_iu4_full_add_symfold",2503,73990427826963,73990427897443,0,0,184,0,128,256,1,1,10240,1,1
"KERNEL_DISPATCH","Agent 5",1,0,791505,2580,41,"sigmoid_mul_rotate_x_mq_awq_i4_gfx12",2580,73990434783950,73990434793070,0,0,88,0,128,32,1,1,69888,1,1
"KERNEL_DISPATCH","Agent 5",1,0,791505,2498,21,"gemm_mq4g256v2_residual_mmq_iu4_full_set_symfold",2498,73990427588760,73990427631681,0,0,184,0,128,256,1,1,256,1,1
"KERNEL_DISPATCH","Agent 5",1,0,791505,2585,29,"fused_silu_mul_mq_rotate_awq_i4_gfx12",2585,73990435165434,73990435183794,0,0,56,0,128,32,1,1,2176,91,1
"KERNEL_DISPATCH","Agent 5",1,0,791505,2493,29,"fused_silu_mul_mq_rotate_awq_i4_gfx12",2493,73990427217997,73990427235917,0,0,56,0,128,32,1,1,2176,91,1
"KERNEL_DISPATCH","Agent 5",1,0,791505,2662,21,"gemm_mq4g256v2_residual_mmq_iu4_full_set_symfold",2662,73990441207733,73990441284373,0,0,184,0,128,256,1,1,20480,1,1
"KERNEL_DISPATCH","Agent 5",1,0,791505,2488,28,"gated_norm_mq_rotate_awq_i4_gfx12",2488,73990426837233,73990426849633,1024,0,40,0,128,64,1,1,1536,91,1
"KERNEL_DISPATCH","Agent 5",1,0,791505,2483,21,"gemm_mq4g256v2_residual_mmq_iu4_full_set_symfold",2483,73990426552670,73990426613711,0,0,184,0,128,256,1,1,12288,1,1
"KERNEL_DISPATCH","Agent 5",1,0,791505,2657,21,"gemm_mq4g256v2_residual_mmq_iu4_full_set_symfold",2657,73990440711168,73990440847009,0,0,184,0,128,256,1,1,34816,1,1
"KERNEL_DISPATCH","Agent 5",1,0,791505,2478,21,"gemm_mq4g256v2_residual_mmq_iu4_full_set_symfold",2478,73990426112066,73990426245867,0,0,184,0,128,256,1,1,34816,1,1
"KERNEL_DISPATCH","Agent 5",1,0,791505,2652,25,"gdn_pre_batched_gfx1201",2652,73990440485686,73990440513126,33280,0,224,0,128,256,1,1,31488,1,1
"KERNEL_DISPATCH","Agent 5",1,0,791505,2473,27,"gated_delta_net_q8_fast",2473,73990425778423,73990425870464,2048,0,64,0,128,32,1,1,1536,32,1
"KERNEL_DISPATCH","Agent 5",1,0,791505,2647,20,"fused_rmsnorm_mq_rotate_awq_i4_gfx12",2647,73990440242243,73990440252523,0,0,96,0,128,256,1,1,23296,1,1
"KERNEL_DISPATCH","Agent 5",1,0,791505,2468,21,"gemm_mq4g256v2_residual_mmq_iu4_full_set_symfold",2468,73990425509580,73990425586581,0,0,184,0,128,256,1,1,20480,1,1
"KERNEL_DISPATCH","Agent 5",1,0,791505,2642,20,"fused_rmsnorm_mq_rotate_awq_i4_gfx12",2642,73990439749198,73990439759559,0,0,96,0,128,256,1,1,23296,1,1
"KERNEL_DISPATCH","Agent 5",1,0,791505,2463,21,"gemm_mq4g256v2_residual_mmq_iu4_full_set_symfold",2463,73990425015936,73990425148297,0,0,184,0,128,256,1,1,34816,1,1
"KERNEL_DISPATCH","Agent 5",1,0,791505,2637,36,"kv_cache_write_q8_0_batched",2637,73990438465906,73990438468546,0,0,8,0,128,32,1,1,1024,91,1
"KERNEL_DISPATCH","Agent 5",1,0,791505,2458,39,"attention_fa2_q_preconvert_gfx1201",2458,73990423671362,73990423676523,0,0,16,0,128,128,1,1,69888,1,1
"KERNEL_DISPATCH","Agent 5",1,0,791505,2632,21,"gemm_mq4g256v2_residual_mmq_iu4_full_set_symfold",2632,73990438377185,73990438421066,0,0,184,0,128,256,1,1,2048,1,1
"KERNEL_DISPATCH","Agent 5",1,0,791505,2453,30,"deinterleave_q_rmsnorm_f32_batched",2453,73990423622882,73990423635842,0,0,24,0,128,256,1,1,6144,91,1
"KERNEL_DISPATCH","Agent 5",1,0,791505,2627,29,"fused_silu_mul_mq_rotate_awq_i4_gfx12",2627,73990438027942,73990438046262,0,0,56,0,128,32,1,1,2176,91,1
"KERNEL_DISPATCH","Agent 5",1,0,791505,2448,22,"gemm_mq4g256v2_residual_mmq_iu4_full_add_symfold",2448,73990423238438,73990423422080,0,0,184,0,128,256,1,1,10240,1,1
"KERNEL_DISPATCH","Agent 5",1,0,791505,2622,28,"gated_norm_mq_rotate_awq_i4_gfx12",2622,73990437646018,73990437658178,1024,0,40,0,128,64,1,1,1536,91,1
"KERNEL_DISPATCH","Agent 5",1,0,791505,2443,22,"gemm_mq4g256v2_residual_mmq_iu4_full_add_symfold",2443,73990422857035,73990422926715,0,0,184,0,128,256,1,1,10240,1,1
"KERNEL_DISPATCH","Agent 5",1,0,791505,2617,21,"gemm_mq4g256v2_residual_mmq_iu4_full_set_symfold",2617,73990437370375,73990437429336,0,0,184,0,128,256,1,1,12288,1,1
"KERNEL_DISPATCH","Agent 5",1,0,791505,2438,21,"gemm_mq4g256v2_residual_mmq_iu4_full_set_symfold",2438,73990422621952,73990422664433,0,0,184,0,128,256,1,1,256,1,1
"KERNEL_DISPATCH","Agent 5",1,0,791505,2612,21,"gemm_mq4g256v2_residual_mmq_iu4_full_set_symfold",2612,73990436929651,73990437071132,0,0,184,0,128,256,1,1,34816,1,1
"KERNEL_DISPATCH","Agent 5",1,0,791505,2433,29,"fused_silu_mul_mq_rotate_awq_i4_gfx12",2433,73990422256229,73990422273709,0,0,56,0,128,32,1,1,2176,91,1
"KERNEL_DISPATCH","Agent 5",1,0,791505,2607,27,"gated_delta_net_q8_fast",2607,73990436595088,73990436685169,2048,0,64,0,128,32,1,1,1536,32,1
"KERNEL_DISPATCH","Agent 5",1,0,791505,2428,28,"gated_norm_mq_rotate_awq_i4_gfx12",2428,73990421879945,73990421892465,1024,0,40,0,128,64,1,1,1536,91,1
"KERNEL_DISPATCH","Agent 5",1,0,791505,2602,21,"gemm_mq4g256v2_residual_mmq_iu4_full_set_symfold",2602,73990436335085,73990436410366,0,0,184,0,128,256,1,1,20480,1,1
"KERNEL_DISPATCH","Agent 5",1,0,791505,2423,21,"gemm_mq4g256v2_residual_mmq_iu4_full_set_symfold",2423,73990421593542,73990421654543,0,0,184,0,128,256,1,1,12288,1,1
"KERNEL_DISPATCH","Agent 5",1,0,791505,2597,21,"gemm_mq4g256v2_residual_mmq_iu4_full_set_symfold",2597,73990435834760,73990435973802,0,0,184,0,128,256,1,1,34816,1,1
"KERNEL_DISPATCH","Agent 5",1,0,791505,2418,21,"gemm_mq4g256v2_residual_mmq_iu4_full_set_symfold",2418,73990421153058,73990421286379,0,0,184,0,128,256,1,1,34816,1,1
"KERNEL_DISPATCH","Agent 5",1,0,791505,2592,25,"gdn_pre_batched_gfx1201",2592,73990435611198,73990435638559,33280,0,224,0,128,256,1,1,31488,1,1
"KERNEL_DISPATCH","Agent 5",1,0,791505,2413,27,"gated_delta_net_q8_fast",2413,73990420816775,73990420909656,2048,0,64,0,128,32,1,1,1536,32,1
"KERNEL_DISPATCH","Agent 5",1,0,791505,2587,20,"fused_rmsnorm_mq_rotate_awq_i4_gfx12",2587,73990435367076,73990435377276,0,0,96,0,128,256,1,1,23296,1,1
"KERNEL_DISPATCH","Agent 5",1,0,791505,2408,21,"gemm_mq4g256v2_residual_mmq_iu4_full_set_symfold",2408,73990420546532,73990420624413,0,0,184,0,128,256,1,1,20480,1,1
"KERNEL_DISPATCH","Agent 5",1,0,791505,2582,20,"fused_rmsnorm_mq_rotate_awq_i4_gfx12",2582,73990434868831,73990434879271,0,0,96,0,128,256,1,1,23296,1,1
"KERNEL_DISPATCH","Agent 5",1,0,791505,2403,21,"gemm_mq4g256v2_residual_mmq_iu4_full_set_symfold",2403,73990420048007,73990420181809,0,0,184,0,128,256,1,1,34816,1,1
"KERNEL_DISPATCH","Agent 5",1,0,791505,2577,36,"kv_cache_write_q8_0_batched",2577,73990433571899,73990433574539,0,0,8,0,128,32,1,1,1024,91,1
"KERNEL_DISPATCH","Agent 5",1,0,791505,2398,39,"attention_fa2_q_preconvert_gfx1201",2398,73990418690274,73990418695634,0,0,16,0,128,128,1,1,69888,1,1
"KERNEL_DISPATCH","Agent 5",1,0,791505,2393,30,"deinterleave_q_rmsnorm_f32_batched",2393,73990418641394,73990418654274,0,0,24,0,128,256,1,1,6144,91,1
"KERNEL_DISPATCH","Agent 5",1,0,791505,2572,21,"gemm_mq4g256v2_residual_mmq_iu4_full_set_symfold",2572,73990433482538,73990433527418,0,0,184,0,128,256,1,1,2048,1,1
"KERNEL_DISPATCH","Agent 5",1,0,791505,2388,22,"gemm_mq4g256v2_residual_mmq_iu4_full_add_symfold",2388,73990418249950,73990418436672,0,0,184,0,128,256,1,1,10240,1,1
"KERNEL_DISPATCH","Agent 5",1,0,791505,2567,29,"fused_silu_mul_mq_rotate_awq_i4_gfx12",2567,73990433131534,73990433149014,0,0,56,0,128,32,1,1,2176,91,1
"KERNEL_DISPATCH","Agent 5",1,0,791505,2383,22,"gemm_mq4g256v2_residual_mmq_iu4_full_add_symfold",2383,73990417863826,73990417935467,0,0,184,0,128,256,1,1,10240,1,1
"KERNEL_DISPATCH","Agent 5",1,0,791505,2378,21,"gemm_mq4g256v2_residual_mmq_iu4_full_set_symfold",2378,73990417620264,73990417664224,0,0,184,0,128,256,1,1,256,1,1
"KERNEL_DISPATCH","Agent 5",1,0,791505,2373,29,"fused_silu_mul_mq_rotate_awq_i4_gfx12",2373,73990417243620,73990417261780,0,0,56,0,128,32,1,1,2176,91,1
"KERNEL_DISPATCH","Agent 5",1,0,791505,2562,28,"gated_norm_mq_rotate_awq_i4_gfx12",2562,73990432753291,73990432765491,1024,0,40,0,128,64,1,1,1536,91,1
"KERNEL_DISPATCH","Agent 5",1,0,791505,2368,28,"gated_norm_mq_rotate_awq_i4_gfx12",2368,73990416856136,73990416869296,1024,0,40,0,128,64,1,1,1536,91,1
"KERNEL_DISPATCH","Agent 5",1,0,791505,2557,21,"gemm_mq4g256v2_residual_mmq_iu4_full_set_symfold",2557,73990432477208,73990432535968,0,0,184,0,128,256,1,1,12288,1,1
"KERNEL_DISPATCH","Agent 5",1,0,791505,2363,21,"gemm_mq4g256v2_residual_mmq_iu4_full_set_symfold",2363,73990416555093,73990416617934,0,0,184,0,128,256,1,1,12288,1,1
"KERNEL_DISPATCH","Agent 5",1,0,791505,2552,21,"gemm_mq4g256v2_residual_mmq_iu4_full_set_symfold",2552,73990432040484,73990432176845,0,0,184,0,128,256,1,1,34816,1,1
"KERNEL_DISPATCH","Agent 5",1,0,791505,2353,27,"gated_delta_net_q8_fast",2353,73990415745206,73990415844287,2048,0,64,0,128,32,1,1,1536,32,1
"KERNEL_DISPATCH","Agent 5",1,0,791505,2547,27,"gated_delta_net_q8_fast",2547,73990431702600,73990431793481,2048,0,64,0,128,32,1,1,1536,32,1
"KERNEL_DISPATCH","Agent 5",1,0,791505,2038,20,"fused_rmsnorm_mq_rotate_awq_i4_gfx12",2038,73990199414067,73990199807151,0,0,96,0,128,256,1,1,2097152,1,1
"KERNEL_DISPATCH","Agent 5",1,0,791505,2542,21,"gemm_mq4g256v2_residual_mmq_iu4_full_set_symfold",2542,73990431440638,73990431516439,0,0,184,0,128,256,1,1,20480,1,1
"KERNEL_DISPATCH","Agent 5",1,0,791505,2033,36,"kv_cache_write_q8_0_batched",2033,73990157667942,73990157791023,0,0,8,0,128,32,1,1,1024,8192,1
"KERNEL_DISPATCH","Agent 5",1,0,791505,2537,21,"gemm_mq4g256v2_residual_mmq_iu4_full_set_symfold",2537,73990430938313,73990431078114,0,0,184,0,128,256,1,1,34816,1,1
"KERNEL_DISPATCH","Agent 5",1,0,791505,2028,21,"gemm_mq4g256v2_residual_mmq_iu4_full_set_symfold",2028,73990155128837,73990155487921,0,0,184,0,128,256,1,1,2048,64,1
"KERNEL_DISPATCH","Agent 5",1,0,791505,2532,25,"gdn_pre_batched_gfx1201",2532,73990430711791,73990430739671,33280,0,224,0,128,256,1,1,31488,1,1
"KERNEL_DISPATCH","Agent 5",1,0,791505,2023,29,"fused_silu_mul_mq_rotate_awq_i4_gfx12",2023,73990142015430,73990144128530,0,0,56,0,128,32,1,1,2176,8192,1
"KERNEL_DISPATCH","Agent 5",1,0,791505,2527,20,"fused_rmsnorm_mq_rotate_awq_i4_gfx12",2527,73990430464668,73990430475108,0,0,96,0,128,256,1,1,23296,1,1
"KERNEL_DISPATCH","Agent 5",1,0,791505,2522,20,"fused_rmsnorm_mq_rotate_awq_i4_gfx12",2522,73990429962943,73990429973504,0,0,96,0,128,256,1,1,23296,1,1
"KERNEL_DISPATCH","Agent 5",1,0,791505,2517,36,"kv_cache_write_q8_0_batched",2517,73990428638891,73990428641611,0,0,8,0,128,32,1,1,1024,91,1
"KERNEL_DISPATCH","Agent 5",1,0,791505,2512,21,"gemm_mq4g256v2_residual_mmq_iu4_full_set_symfold",2512,73990428548050,73990428593490,0,0,184,0,128,256,1,1,2048,1,1
"KERNEL_DISPATCH","Agent 5",1,0,791505,2507,29,"fused_silu_mul_mq_rotate_awq_i4_gfx12",2507,73990428188806,73990428206566,0,0,56,0,128,32,1,1,2176,91,1
"KERNEL_DISPATCH","Agent 5",1,0,791505,2502,28,"gated_norm_mq_rotate_awq_i4_gfx12",2502,73990427810683,73990427823603,1024,0,40,0,128,64,1,1,1536,91,1
"KERNEL_DISPATCH","Agent 5",1,0,791505,2497,21,"gemm_mq4g256v2_residual_mmq_iu4_full_set_symfold",2497,73990427527320,73990427585440,0,0,184,0,128,256,1,1,12288,1,1
"KERNEL_DISPATCH","Agent 5",1,0,791505,2492,21,"gemm_mq4g256v2_residual_mmq_iu4_full_set_symfold",2492,73990427080316,73990427214597,0,0,184,0,128,256,1,1,34816,1,1
"KERNEL_DISPATCH","Agent 5",1,0,791505,2487,27,"gated_delta_net_q8_fast",2487,73990426741072,73990426833793,2048,0,64,0,128,32,1,1,1536,32,1
"KERNEL_DISPATCH","Agent 5",1,0,791505,2482,21,"gemm_mq4g256v2_residual_mmq_iu4_full_set_symfold",2482,73990426472190,73990426549350,0,0,184,0,128,256,1,1,20480,1,1
"KERNEL_DISPATCH","Agent 5",1,0,791505,2477,21,"gemm_mq4g256v2_residual_mmq_iu4_full_set_symfold",2477,73990425976705,73990426108746,0,0,184,0,128,256,1,1,34816,1,1
"KERNEL_DISPATCH","Agent 5",1,0,791505,2472,25,"gdn_pre_batched_gfx1201",2472,73990425746263,73990425774983,33280,0,224,0,128,256,1,1,31488,1,1
"KERNEL_DISPATCH","Agent 5",1,0,791505,2467,20,"fused_rmsnorm_mq_rotate_awq_i4_gfx12",2467,73990425495740,73990425506340,0,0,96,0,128,256,1,1,23296,1,1
"KERNEL_DISPATCH","Agent 5",1,0,791505,2462,20,"fused_rmsnorm_mq_rotate_awq_i4_gfx12",2462,73990425001975,73990425012575,0,0,96,0,128,256,1,1,23296,1,1
"KERNEL_DISPATCH","Agent 5",1,0,791505,2457,36,"kv_cache_write_q8_0_batched",2457,73990423665282,73990423668042,0,0,8,0,128,32,1,1,1024,91,1
"KERNEL_DISPATCH","Agent 5",1,0,791505,2452,21,"gemm_mq4g256v2_residual_mmq_iu4_full_set_symfold",2452,73990423573522,73990423619522,0,0,184,0,128,256,1,1,2048,1,1
"KERNEL_DISPATCH","Agent 5",1,0,791505,2447,29,"fused_silu_mul_mq_rotate_awq_i4_gfx12",2447,73990423216758,73990423235038,0,0,56,0,128,32,1,1,2176,91,1
"KERNEL_DISPATCH","Agent 5",1,0,791505,2442,28,"gated_norm_mq_rotate_awq_i4_gfx12",2442,73990422841314,73990422853635,1024,0,40,0,128,64,1,1,1536,91,1
"KERNEL_DISPATCH","Agent 5",1,0,791505,2437,21,"gemm_mq4g256v2_residual_mmq_iu4_full_set_symfold",2437,73990422558312,73990422618592,0,0,184,0,128,256,1,1,12288,1,1
"KERNEL_DISPATCH","Agent 5",1,0,791505,2432,21,"gemm_mq4g256v2_residual_mmq_iu4_full_set_symfold",2432,73990422119107,73990422252869,0,0,184,0,128,256,1,1,34816,1,1
"KERNEL_DISPATCH","Agent 5",1,0,791505,2427,27,"gated_delta_net_q8_fast",2427,73990421783464,73990421876505,2048,0,64,0,128,32,1,1,1536,32,1
"KERNEL_DISPATCH","Agent 5",1,0,791505,2422,21,"gemm_mq4g256v2_residual_mmq_iu4_full_set_symfold",2422,73990421512622,73990421590142,0,0,184,0,128,256,1,1,20480,1,1
"KERNEL_DISPATCH","Agent 5",1,0,791505,2417,21,"gemm_mq4g256v2_residual_mmq_iu4_full_set_symfold",2417,73990421016417,73990421149738,0,0,184,0,128,256,1,1,34816,1,1
"KERNEL_DISPATCH","Agent 5",1,0,791505,2412,25,"gdn_pre_batched_gfx1201",2412,73990420784454,73990420813335,33280,0,224,0,128,256,1,1,31488,1,1
"KERNEL_DISPATCH","Agent 5",1,0,791505,2407,20,"fused_rmsnorm_mq_rotate_awq_i4_gfx12",2407,73990420532332,73990420543132,0,0,96,0,128,256,1,1,23296,1,1
"KERNEL_DISPATCH","Agent 5",1,0,791505,2402,20,"fused_rmsnorm_mq_rotate_awq_i4_gfx12",2402,73990420033887,73990420044727,0,0,96,0,128,256,1,1,23296,1,1
"KERNEL_DISPATCH","Agent 5",1,0,791505,2397,36,"kv_cache_write_q8_0_batched",2397,73990418684154,73990418686874,0,0,8,0,128,32,1,1,1024,91,1
"KERNEL_DISPATCH","Agent 5",1,0,791505,2387,29,"fused_silu_mul_mq_rotate_awq_i4_gfx12",2387,73990418228510,73990418246550,0,0,56,0,128,32,1,1,2176,91,1
"KERNEL_DISPATCH","Agent 5",1,0,791505,2382,28,"gated_norm_mq_rotate_awq_i4_gfx12",2382,73990417847626,73990417860306,1024,0,40,0,128,64,1,1,1536,91,1
"KERNEL_DISPATCH","Agent 5",1,0,791505,2377,21,"gemm_mq4g256v2_residual_mmq_iu4_full_set_symfold",2377,73990417554983,73990417616904,0,0,184,0,128,256,1,1,12288,1,1
"KERNEL_DISPATCH","Agent 5",1,0,791505,2372,21,"gemm_mq4g256v2_residual_mmq_iu4_full_set_symfold",2372,73990417102659,73990417239900,0,0,184,0,128,256,1,1,34816,1,1
"KERNEL_DISPATCH","Agent 5",1,0,791505,2590,21,"gemm_mq4g256v2_residual_mmq_iu4_full_set_symfold",2590,73990435522197,73990435563758,0,0,184,0,128,256,1,1,256,1,1
"KERNEL_DISPATCH","Agent 5",1,0,791505,2367,27,"gated_delta_net_q8_fast",2367,73990416756255,73990416852696,2048,0,64,0,128,32,1,1,1536,32,1
"KERNEL_DISPATCH","Agent 5",1,0,791505,2595,22,"gemm_mq4g256v2_residual_mmq_iu4_full_add_symfold",2595,73990435750880,73990435817880,0,0,184,0,128,256,1,1,10240,1,1
"KERNEL_DISPATCH","Agent 5",1,0,791505,2362,21,"gemm_mq4g256v2_residual_mmq_iu4_full_set_symfold",2362,73990416472373,73990416551693,0,0,184,0,128,256,1,1,20480,1,1
"KERNEL_DISPATCH","Agent 5",1,0,791505,2600,22,"gemm_mq4g256v2_residual_mmq_iu4_full_add_symfold",2600,73990436141363,73990436318125,0,0,184,0,128,256,1,1,10240,1,1
"KERNEL_DISPATCH","Agent 5",1,0,791505,2357,21,"gemm_mq4g256v2_residual_mmq_iu4_full_set_symfold",2357,73990415958088,73990416096129,0,0,184,0,128,256,1,1,34816,1,1
"KERNEL_DISPATCH","Agent 5",1,0,791505,2605,21,"gemm_mq4g256v2_residual_mmq_iu4_full_set_symfold",2605,73990436519807,73990436561048,0,0,184,0,128,256,1,1,256,1,1
"KERNEL_DISPATCH","Agent 5",1,0,791505,2057,27,"gated_delta_net_q8_fast",2057,73990232855031,73990233398237,2048,0,64,0,128,32,1,1,1536,32,1
"KERNEL_DISPATCH","Agent 5",1,0,791505,2610,20,"fused_rmsnorm_mq_rotate_awq_i4_gfx12",2610,73990436774730,73990436784890,0,0,96,0,128,256,1,1,23296,1,1
"KERNEL_DISPATCH","Agent 5",1,0,791505,2052,27,"gated_delta_net_q8_fast",2052,73990230105965,73990230653930,2048,0,64,0,128,32,1,1,1536,32,1
"KERNEL_DISPATCH","Agent 5",1,0,791505,2615,20,"fused_rmsnorm_mq_rotate_awq_i4_gfx12",2615,73990437277694,73990437288055,0,0,96,0,128,256,1,1,23296,1,1
"KERNEL_DISPATCH","Agent 5",1,0,791505,2047,21,"gemm_mq4g256v2_residual_mmq_iu4_full_set_symfold",2047,73990225768763,73990225823763,0,0,184,0,128,256,1,1,256,64,1
"KERNEL_DISPATCH","Agent 5",1,0,791505,2620,25,"gdn_pre_batched_gfx1201",2620,73990437521337,73990437548817,33280,0,224,0,128,256,1,1,31488,1,1
"KERNEL_DISPATCH","Agent 5",1,0,791505,2042,22,"gemm_mq4g256v2_residual_mmq_iu4_full_add_symfold",2042,73990214163450,73990219882505,0,0,184,0,128,256,1,1,10240,64,1
"KERNEL_DISPATCH","Agent 5",1,0,791505,2625,21,"gemm_mq4g256v2_residual_mmq_iu4_full_set_symfold",2625,73990437745939,73990437883300,0,0,184,0,128,256,1,1,34816,1,1
"KERNEL_DISPATCH","Agent 5",1,0,791505,2630,21,"gemm_mq4g256v2_residual_mmq_iu4_full_set_symfold",2630,73990438246664,73990438326545,0,0,184,0,128,256,1,1,24576,1,1
"KERNEL_DISPATCH","Agent 5",1,0,791505,2037,22,"gemm_mq4g256v2_residual_mmq_iu4_full_add_symfold",2037,73990196815802,73990199402187,0,0,184,0,128,256,1,1,10240,64,1
"KERNEL_DISPATCH","Agent 5",1,0,791505,2032,36,"kv_cache_write_q8_0_batched",2032,73990157542621,73990157664262,0,0,8,0,128,32,1,1,1024,8192,1
"KERNEL_DISPATCH","Agent 5",1,0,791505,2635,33,"rope_partial_halfsplit_batched_f32",2635,73990438446986,73990438456346,0,0,16,0,128,32,1,1,32,91,1
"KERNEL_DISPATCH","Agent 5",1,0,791505,2027,21,"gemm_mq4g256v2_residual_mmq_iu4_full_set_symfold",2027,73990154765114,73990155125397,0,0,184,0,128,256,1,1,2048,64,1
"KERNEL_DISPATCH","Agent 5",1,0,791505,2640,41,"sigmoid_mul_rotate_x_mq_awq_i4_gfx12",2640,73990439664718,73990439673958,0,0,88,0,128,32,1,1,69888,1,1
"KERNEL_DISPATCH","Agent 5",1,0,791505,2022,21,"gemm_mq4g256v2_residual_mmq_iu4_full_set_symfold",2022,73990136162613,73990142003230,0,0,184,0,128,256,1,1,34816,64,1
"KERNEL_DISPATCH","Agent 5",1,0,791505,2645,29,"fused_silu_mul_mq_rotate_awq_i4_gfx12",2645,73990440037921,73990440057081,0,0,56,0,128,32,1,1,2176,91,1
"KERNEL_DISPATCH","Agent 5",1,0,791505,2650,21,"gemm_mq4g256v2_residual_mmq_iu4_full_set_symfold",2650,73990440397045,73990440438325,0,0,184,0,128,256,1,1,256,1,1
"KERNEL_DISPATCH","Agent 5",1,0,791505,2017,27,"gated_delta_net_q8_fast",2017,73990126345718,73990126909483,2048,0,64,0,128,32,1,1,1536,32,1
"KERNEL_DISPATCH","Agent 5",1,0,791505,2655,22,"gemm_mq4g256v2_residual_mmq_iu4_full_add_symfold",2655,73990440626207,73990440694328,0,0,184,0,128,256,1,1,10240,1,1
"KERNEL_DISPATCH","Agent 5",1,0,791505,2012,27,"gated_delta_net_q8_fast",2012,73990123463290,73990124043456,2048,0,64,0,128,32,1,1,1536,32,1
"KERNEL_DISPATCH","Agent 5",1,0,791505,2660,22,"gemm_mq4g256v2_residual_mmq_iu4_full_add_symfold",2660,73990441011771,73990441190612,0,0,184,0,128,256,1,1,10240,1,1
"KERNEL_DISPATCH","Agent 5",1,0,791505,2007,27,"gated_delta_net_q8_fast",2007,73990120508541,73990121097907,2048,0,64,0,128,32,1,1,1536,32,1
"KERNEL_DISPATCH","Agent 5",1,0,791505,2665,21,"gemm_mq4g256v2_residual_mmq_iu4_full_set_symfold",2665,73990441395574,73990441436655,0,0,184,0,128,256,1,1,256,1,1
"KERNEL_DISPATCH","Agent 5",1,0,791505,2002,27,"gated_delta_net_q8_fast",2002,73990117483032,73990118095878,2048,0,64,0,128,32,1,1,1536,32,1
"KERNEL_DISPATCH","Agent 5",1,0,791505,2670,20,"fused_rmsnorm_mq_rotate_awq_i4_gfx12",2670,73990441651457,73990441661697,0,0,96,0,128,256,1,1,23296,1,1
"KERNEL_DISPATCH","Agent 5",1,0,791505,1997,21,"gemm_mq4g256v2_residual_mmq_iu4_full_set_symfold",1997,73990108937589,73990112431703,0,0,184,0,128,256,1,1,20480,64,1
"KERNEL_DISPATCH","Agent 5",1,0,791505,2675,20,"fused_rmsnorm_mq_rotate_awq_i4_gfx12",2675,73990442147062,73990442157422,0,0,96,0,128,256,1,1,23296,1,1
"KERNEL_DISPATCH","Agent 5",1,0,791505,2680,25,"gdn_pre_batched_gfx1201",2680,73990442391944,73990442419504,33280,0,224,0,128,256,1,1,31488,1,1
"KERNEL_DISPATCH","Agent 5",1,0,791505,1992,21,"gemm_mq4g256v2_residual_mmq_iu4_full_set_symfold",1992,73990088647432,73990094501969,0,0,184,0,128,256,1,1,34816,64,1
"KERNEL_DISPATCH","Agent 5",1,0,791505,2685,21,"gemm_mq4g256v2_residual_mmq_iu4_full_set_symfold",2685,73990442618386,73990442756308,0,0,184,0,128,256,1,1,34816,1,1
"KERNEL_DISPATCH","Agent 5",1,0,791505,1987,27,"gated_delta_net_q8_fast",1987,73990083973907,73990084549392,2048,0,64,0,128,32,1,1,1536,32,1
"KERNEL_DISPATCH","Agent 5",1,0,791505,2690,21,"gemm_mq4g256v2_residual_mmq_iu4_full_set_symfold",2690,73990443120071,73990443200592,0,0,184,0,128,256,1,1,24576,1,1
"KERNEL_DISPATCH","Agent 5",1,0,791505,1982,27,"gated_delta_net_q8_fast",1982,73990081023158,73990081617684,2048,0,64,0,128,32,1,1,1536,32,1
"KERNEL_DISPATCH","Agent 5",1,0,791505,2703,21,"gemm_mq4g256v2_residual_mmq_iu4_full_set_symfold",2703,73990444638126,73990444774407,0,0,184,0,128,256,1,1,34816,1,1
"KERNEL_DISPATCH","Agent 5",1,0,791505,2752,21,"gemm_mq4g256v2_residual_mmq_iu4_full_set_symfold",2752,73990448138920,73990448183040,0,0,184,0,128,256,1,1,2048,1,1
"KERNEL_DISPATCH","Agent 5",1,0,791505,2695,33,"rope_partial_halfsplit_batched_f32",2695,73990443321433,73990443330393,0,0,16,0,128,32,1,1,32,91,1
"KERNEL_DISPATCH","Agent 5",1,0,791505,2700,41,"sigmoid_mul_rotate_x_mq_awq_i4_gfx12",2700,73990444539685,73990444548725,0,0,88,0,128,32,1,1,69888,1,1
"KERNEL_DISPATCH","Agent 5",1,0,791505,1977,27,"gated_delta_net_q8_fast",1977,73990078011369,73990078612975,2048,0,64,0,128,32,1,1,1536,32,1
"KERNEL_DISPATCH","Agent 5",1,0,791505,2705,29,"fused_silu_mul_mq_rotate_awq_i4_gfx12",2705,73990444914449,73990444932809,0,0,56,0,128,32,1,1,2176,91,1
"KERNEL_DISPATCH","Agent 5",1,0,791505,1972,25,"gdn_pre_batched_gfx1201",1972,73990072768798,73990075547025,33280,0,224,0,128,256,1,1,2686976,1,1
"KERNEL_DISPATCH","Agent 5",1,0,791505,2710,21,"gemm_mq4g256v2_residual_mmq_iu4_full_set_symfold",2710,73990445273492,73990445314572,0,0,184,0,128,256,1,1,256,1,1
"KERNEL_DISPATCH","Agent 5",1,0,791505,1967,20,"fused_rmsnorm_mq_rotate_awq_i4_gfx12",1967,73990066506777,73990066979942,0,0,96,0,128,256,1,1,2097152,1,1
"KERNEL_DISPATCH","Agent 5",1,0,791505,1962,20,"fused_rmsnorm_mq_rotate_awq_i4_gfx12",1962,73990046281061,73990046717105,0,0,96,0,128,256,1,1,2097152,1,1
"KERNEL_DISPATCH","Agent 5",1,0,791505,2715,22,"gemm_mq4g256v2_residual_mmq_iu4_full_add_symfold",2715,73990445502854,73990445570895,0,0,184,0,128,256,1,1,10240,1,1
"KERNEL_DISPATCH","Agent 5",1,0,791505,1957,27,"gated_delta_net_q8_fast",1957,73990041665416,73990042211502,2048,0,64,0,128,32,1,1,1536,32,1
"KERNEL_DISPATCH","Agent 5",1,0,791505,2720,22,"gemm_mq4g256v2_residual_mmq_iu4_full_add_symfold",2720,73990445893898,73990446072260,0,0,184,0,128,256,1,1,10240,1,1
"KERNEL_DISPATCH","Agent 5",1,0,791505,1952,27,"gated_delta_net_q8_fast",1952,73990038894310,73990039447515,2048,0,64,0,128,32,1,1,1536,32,1
"KERNEL_DISPATCH","Agent 5",1,0,791505,1947,27,"gated_delta_net_q8_fast",1947,73990036081282,73990036643248,2048,0,64,0,128,32,1,1,1536,32,1
"KERNEL_DISPATCH","Agent 5",1,0,791505,2725,21,"gemm_mq4g256v2_residual_mmq_iu4_full_set_symfold",2725,73990446274942,73990446315902,0,0,184,0,128,256,1,1,256,1,1
"KERNEL_DISPATCH","Agent 5",1,0,791505,1942,21,"gemm_mq4g256v2_residual_mmq_iu4_full_set_symfold",1942,73990031682960,73990031738360,0,0,184,0,128,256,1,1,256,64,1
"KERNEL_DISPATCH","Agent 5",1,0,791505,1937,22,"gemm_mq4g256v2_residual_mmq_iu4_full_add_symfold",1937,73990020115167,73990025804663,0,0,184,0,128,256,1,1,10240,64,1
"KERNEL_DISPATCH","Agent 5",1,0,791505,1932,22,"gemm_mq4g256v2_residual_mmq_iu4_full_add_symfold",1932,73990003203203,73990005762308,0,0,184,0,128,256,1,1,10240,64,1
"KERNEL_DISPATCH","Agent 5",1,0,791505,2730,20,"fused_rmsnorm_mq_rotate_awq_i4_gfx12",2730,73990446531504,73990446541824,0,0,96,0,128,256,1,1,23296,1,1
"KERNEL_DISPATCH","Agent 5",1,0,791505,2735,20,"fused_rmsnorm_mq_rotate_awq_i4_gfx12",2735,73990447036029,73990447046349,0,0,96,0,128,256,1,1,23296,1,1
"KERNEL_DISPATCH","Agent 5",1,0,791505,1927,36,"kv_cache_write_q8_0_batched",1927,73989965548398,73989965669599,0,0,8,0,128,32,1,1,1024,8192,1
"KERNEL_DISPATCH","Agent 5",1,0,791505,2740,25,"gdn_pre_batched_gfx1201",2740,73990447280792,73990447308192,33280,0,224,0,128,256,1,1,31488,1,1
"KERNEL_DISPATCH","Agent 5",1,0,791505,1922,21,"gemm_mq4g256v2_residual_mmq_iu4_full_set_symfold",1922,73989962773891,73989963133295,0,0,184,0,128,256,1,1,2048,64,1
"KERNEL_DISPATCH","Agent 5",1,0,791505,2745,21,"gemm_mq4g256v2_residual_mmq_iu4_full_set_symfold",2745,73990447505554,73990447644675,0,0,184,0,128,256,1,1,34816,1,1
"KERNEL_DISPATCH","Agent 5",1,0,791505,1917,21,"gemm_mq4g256v2_residual_mmq_iu4_full_set_symfold",1917,73989944171951,73989950032647,0,0,184,0,128,256,1,1,34816,64,1
"KERNEL_DISPATCH","Agent 5",1,0,791505,2750,21,"gemm_mq4g256v2_residual_mmq_iu4_full_set_symfold",2750,73990448007719,73990448088519,0,0,184,0,128,256,1,1,24576,1,1
"KERNEL_DISPATCH","Agent 5",1,0,791505,1912,27,"gated_delta_net_q8_fast",1912,73989934325095,73989934887741,2048,0,64,0,128,32,1,1,1536,32,1
"KERNEL_DISPATCH","Agent 5",1,0,791505,2755,33,"rope_partial_halfsplit_batched_f32",2755,73990448209001,73990448217841,0,0,16,0,128,32,1,1,32,91,1
"KERNEL_DISPATCH","Agent 5",1,0,791505,1907,27,"gated_delta_net_q8_fast",1907,73989931452187,73989932031033,2048,0,64,0,128,32,1,1,1536,32,1
"KERNEL_DISPATCH","Agent 5",1,0,791505,2760,41,"sigmoid_mul_rotate_x_mq_awq_i4_gfx12",2760,73990449416212,73990449425532,0,0,88,0,128,32,1,1,69888,1,1
"KERNEL_DISPATCH","Agent 5",1,0,791505,2765,29,"fused_silu_mul_mq_rotate_awq_i4_gfx12",2765,73990449797816,73990449816736,0,0,56,0,128,32,1,1,2176,91,1
"KERNEL_DISPATCH","Agent 5",1,0,791505,1902,27,"gated_delta_net_q8_fast",1902,73989928504999,73989929094044,2048,0,64,0,128,32,1,1,1536,32,1
"KERNEL_DISPATCH","Agent 5",1,0,791505,2770,21,"gemm_mq4g256v2_residual_mmq_iu4_full_set_symfold",2770,73990450155779,73990450197060,0,0,184,0,128,256,1,1,256,1,1
"KERNEL_DISPATCH","Agent 5",1,0,791505,2775,22,"gemm_mq4g256v2_residual_mmq_iu4_full_add_symfold",2775,73990450385662,73990450453542,0,0,184,0,128,256,1,1,10240,1,1
"KERNEL_DISPATCH","Agent 5",1,0,791505,2780,22,"gemm_mq4g256v2_residual_mmq_iu4_full_add_symfold",2780,73990450776105,73990450954227,0,0,184,0,128,256,1,1,10240,1,1
"KERNEL_DISPATCH","Agent 5",1,0,791505,2785,21,"gemm_mq4g256v2_residual_mmq_iu4_full_set_symfold",2785,73990451157149,73990451198390,0,0,184,0,128,256,1,1,256,1,1
"KERNEL_DISPATCH","Agent 5",1,0,791505,2790,20,"fused_rmsnorm_mq_rotate_awq_i4_gfx12",2790,73990451413432,73990451423632,0,0,96,0,128,256,1,1,23296,1,1
"KERNEL_DISPATCH","Agent 5",1,0,791505,2795,20,"fused_rmsnorm_mq_rotate_awq_i4_gfx12",2795,73990451916516,73990451926677,0,0,96,0,128,256,1,1,23296,1,1
"KERNEL_DISPATCH","Agent 5",1,0,791505,2800,25,"gdn_pre_batched_gfx1201",2800,73990452160159,73990452187559,33280,0,224,0,128,256,1,1,31488,1,1
"KERNEL_DISPATCH","Agent 5",1,0,791505,2805,21,"gemm_mq4g256v2_residual_mmq_iu4_full_set_symfold",2805,73990452384921,73990452523722,0,0,184,0,128,256,1,1,34816,1,1
"KERNEL_DISPATCH","Agent 5",1,0,791505,2810,21,"gemm_mq4g256v2_residual_mmq_iu4_full_set_symfold",2810,73990452885326,73990452965367,0,0,184,0,128,256,1,1,24576,1,1
"KERNEL_DISPATCH","Agent 5",1,0,791505,2815,33,"rope_partial_halfsplit_batched_f32",2815,73990453085528,73990453094608,0,0,16,0,128,32,1,1,32,91,1
"KERNEL_DISPATCH","Agent 5",1,0,791505,2820,41,"sigmoid_mul_rotate_x_mq_awq_i4_gfx12",2820,73990454295660,73990454304500,0,0,88,0,128,32,1,1,69888,1,1
"KERNEL_DISPATCH","Agent 5",1,0,791505,2825,29,"fused_silu_mul_mq_rotate_awq_i4_gfx12",2825,73990454678943,73990454697023,0,0,56,0,128,32,1,1,2176,91,1
"KERNEL_DISPATCH","Agent 5",1,0,791505,2830,21,"gemm_mq4g256v2_residual_mmq_iu4_full_set_symfold",2830,73990455035587,73990455076507,0,0,184,0,128,256,1,1,256,1,1
"KERNEL_DISPATCH","Agent 5",1,0,791505,2835,22,"gemm_mq4g256v2_residual_mmq_iu4_full_add_symfold",2835,73990455265429,73990455333350,0,0,184,0,128,256,1,1,10240,1,1
"KERNEL_DISPATCH","Agent 5",1,0,791505,2840,22,"gemm_mq4g256v2_residual_mmq_iu4_full_add_symfold",2840,73990455656553,73990455834194,0,0,184,0,128,256,1,1,10240,1,1
"KERNEL_DISPATCH","Agent 5",1,0,791505,2845,21,"gemm_mq4g256v2_residual_mmq_iu4_full_set_symfold",2845,73990456036756,73990456077837,0,0,184,0,128,256,1,1,256,1,1
"KERNEL_DISPATCH","Agent 5",1,0,791505,2850,20,"fused_rmsnorm_mq_rotate_awq_i4_gfx12",2850,73990456291719,73990456301959,0,0,96,0,128,256,1,1,23296,1,1
"KERNEL_DISPATCH","Agent 5",1,0,791505,2855,20,"fused_rmsnorm_mq_rotate_awq_i4_gfx12",2855,73990456792124,73990456802404,0,0,96,0,128,256,1,1,23296,1,1
"KERNEL_DISPATCH","Agent 5",1,0,791505,2860,25,"gdn_pre_batched_gfx1201",2860,73990457034646,73990457062126,33280,0,224,0,128,256,1,1,31488,1,1
"KERNEL_DISPATCH","Agent 5",1,0,791505,2865,21,"gemm_mq4g256v2_residual_mmq_iu4_full_set_symfold",2865,73990457259768,73990457399810,0,0,184,0,128,256,1,1,34816,1,1
"KERNEL_DISPATCH","Agent 5",1,0,791505,2870,21,"gemm_mq4g256v2_residual_mmq_iu4_full_set_symfold",2870,73990457760093,73990457840454,0,0,184,0,128,256,1,1,24576,1,1
"KERNEL_DISPATCH","Agent 5",1,0,791505,2875,33,"rope_partial_halfsplit_batched_f32",2875,73990457960855,73990457969935,0,0,16,0,128,32,1,1,32,91,1
"KERNEL_DISPATCH","Agent 5",1,0,791505,2880,41,"sigmoid_mul_rotate_x_mq_awq_i4_gfx12",2880,73990459171587,73990459180747,0,0,88,0,128,32,1,1,69888,1,1
"KERNEL_DISPATCH","Agent 5",1,0,791505,2885,29,"fused_silu_mul_mq_rotate_awq_i4_gfx12",2885,73990459552031,73990459570351,0,0,56,0,128,32,1,1,2176,91,1
"KERNEL_DISPATCH","Agent 5",1,0,791505,2890,21,"gemm_mq4g256v2_residual_mmq_iu4_full_set_symfold",2890,73990459910154,73990459950874,0,0,184,0,128,256,1,1,256,1,1
"KERNEL_DISPATCH","Agent 5",1,0,791505,2895,22,"gemm_mq4g256v2_residual_mmq_iu4_full_add_symfold",2895,73990460138996,73990460205917,0,0,184,0,128,256,1,1,10240,1,1
"KERNEL_DISPATCH","Agent 5",1,0,791505,2900,22,"gemm_mq4g256v2_residual_mmq_iu4_full_add_symfold",2900,73990460531320,73990460708722,0,0,184,0,128,256,1,1,10240,1,1
"KERNEL_DISPATCH","Agent 5",1,0,791505,2905,21,"gemm_mq4g256v2_residual_mmq_iu4_full_set_symfold",2905,73990460911004,73990460952284,0,0,184,0,128,256,1,1,256,1,1
"KERNEL_DISPATCH","Agent 5",1,0,791505,2910,20,"fused_rmsnorm_mq_rotate_awq_i4_gfx12",2910,73990461166966,73990461177366,0,0,96,0,128,256,1,1,23296,1,1
"KERNEL_DISPATCH","Agent 5",1,0,791505,2915,20,"fused_rmsnorm_mq_rotate_awq_i4_gfx12",2915,73990461666571,73990461676851,0,0,96,0,128,256,1,1,23296,1,1
"KERNEL_DISPATCH","Agent 5",1,0,791505,2920,25,"gdn_pre_batched_gfx1201",2920,73990461910813,73990461938174,33280,0,224,0,128,256,1,1,31488,1,1
"KERNEL_DISPATCH","Agent 5",1,0,791505,2925,21,"gemm_mq4g256v2_residual_mmq_iu4_full_set_symfold",2925,73990462135536,73990462275257,0,0,184,0,128,256,1,1,34816,1,1
"KERNEL_DISPATCH","Agent 5",1,0,791505,2930,21,"gemm_mq4g256v2_residual_mmq_iu4_full_set_symfold",2930,73990462637060,73990462716621,0,0,184,0,128,256,1,1,24576,1,1
"KERNEL_DISPATCH","Agent 5",1,0,791505,2935,33,"rope_partial_halfsplit_batched_f32",2935,73990462837222,73990462846183,0,0,16,0,128,32,1,1,32,91,1
"KERNEL_DISPATCH","Agent 5",1,0,791505,2940,41,"sigmoid_mul_rotate_x_mq_awq_i4_gfx12",2940,73990464044954,73990464054794,0,0,88,0,128,32,1,1,69888,1,1
"KERNEL_DISPATCH","Agent 5",1,0,791505,2945,29,"fused_silu_mul_mq_rotate_awq_i4_gfx12",2945,73990464429678,73990464448078,0,0,56,0,128,32,1,1,2176,91,1
"KERNEL_DISPATCH","Agent 5",1,0,791505,2950,21,"gemm_mq4g256v2_residual_mmq_iu4_full_set_symfold",2950,73990464788281,73990464829082,0,0,184,0,128,256,1,1,256,1,1
"KERNEL_DISPATCH","Agent 5",1,0,791505,2955,22,"gemm_mq4g256v2_residual_mmq_iu4_full_add_symfold",2955,73990465016604,73990465084164,0,0,184,0,128,256,1,1,10240,1,1
"KERNEL_DISPATCH","Agent 5",1,0,791505,2960,22,"gemm_mq4g256v2_residual_mmq_iu4_full_add_symfold",2960,73990465408207,73990465586369,0,0,184,0,128,256,1,1,10240,1,1
"KERNEL_DISPATCH","Agent 5",1,0,791505,2965,21,"gemm_mq4g256v2_residual_mmq_iu4_full_set_symfold",2965,73990465789811,73990465830611,0,0,184,0,128,256,1,1,256,1,1
"KERNEL_DISPATCH","Agent 5",1,0,791505,2970,20,"fused_rmsnorm_mq_rotate_awq_i4_gfx12",2970,73990466045814,73990466056054,0,0,96,0,128,256,1,1,23296,1,1
"KERNEL_DISPATCH","Agent 5",1,0,791505,2975,20,"fused_rmsnorm_mq_rotate_awq_i4_gfx12",2975,73990466548818,73990466559019,0,0,96,0,128,256,1,1,23296,1,1
"KERNEL_DISPATCH","Agent 5",1,0,791505,2980,25,"gdn_pre_batched_gfx1201",2980,73990466792901,73990466820381,33280,0,224,0,128,256,1,1,31488,1,1
"KERNEL_DISPATCH","Agent 5",1,0,791505,2985,21,"gemm_mq4g256v2_residual_mmq_iu4_full_set_symfold",2985,73990467018783,73990467158144,0,0,184,0,128,256,1,1,34816,1,1
"KERNEL_DISPATCH","Agent 5",1,0,791505,2990,21,"gemm_mq4g256v2_residual_mmq_iu4_full_set_symfold",2990,73990467519188,73990467599589,0,0,184,0,128,256,1,1,24576,1,1
"KERNEL_DISPATCH","Agent 5",1,0,791505,1897,27,"gated_delta_net_q8_fast",1897,73989925489569,73989926100215,2048,0,64,0,128,32,1,1,1536,32,1
"KERNEL_DISPATCH","Agent 5",1,0,791505,2995,33,"rope_partial_halfsplit_batched_f32",2995,73990467720550,73990467729550,0,0,16,0,128,32,1,1,32,91,1
"KERNEL_DISPATCH","Agent 5",1,0,791505,3000,41,"sigmoid_mul_rotate_x_mq_awq_i4_gfx12",3000,73990468933042,73990468942282,0,0,88,0,128,32,1,1,69888,1,1
"KERNEL_DISPATCH","Agent 5",1,0,791505,3005,29,"fused_silu_mul_mq_rotate_awq_i4_gfx12",3005,73990469317845,73990469337685,0,0,56,0,128,32,1,1,2176,91,1
"KERNEL_DISPATCH","Agent 5",1,0,791505,3010,21,"gemm_mq4g256v2_residual_mmq_iu4_full_set_symfold",3010,73990469674769,73990469716009,0,0,184,0,128,256,1,1,256,1,1
"KERNEL_DISPATCH","Agent 5",1,0,791505,3015,22,"gemm_mq4g256v2_residual_mmq_iu4_full_add_symfold",3015,73990469903771,73990469976732,0,0,184,0,128,256,1,1,10240,1,1
"KERNEL_DISPATCH","Agent 5",1,0,791505,3020,22,"gemm_mq4g256v2_residual_mmq_iu4_full_add_symfold",3020,73990470302095,73990470481017,0,0,184,0,128,256,1,1,10240,1,1
"KERNEL_DISPATCH","Agent 5",1,0,791505,3025,21,"gemm_mq4g256v2_residual_mmq_iu4_full_set_symfold",3025,73990470682979,73990470723899,0,0,184,0,128,256,1,1,256,1,1
"KERNEL_DISPATCH","Agent 5",1,0,791505,3030,20,"fused_rmsnorm_mq_rotate_awq_i4_gfx12",3030,73990470938501,73990470948781,0,0,96,0,128,256,1,1,23296,1,1
"KERNEL_DISPATCH","Agent 5",1,0,791505,3035,20,"fused_rmsnorm_mq_rotate_awq_i4_gfx12",3035,73990471440346,73990471450586,0,0,96,0,128,256,1,1,23296,1,1
"KERNEL_DISPATCH","Agent 5",1,0,791505,3040,25,"gdn_pre_batched_gfx1201",3040,73990471684148,73990471711589,33280,0,224,0,128,256,1,1,31488,1,1
"KERNEL_DISPATCH","Agent 5",1,0,791505,3045,21,"gemm_mq4g256v2_residual_mmq_iu4_full_set_symfold",3045,73990471907910,73990472047752,0,0,184,0,128,256,1,1,34816,1,1
"KERNEL_DISPATCH","Agent 5",1,0,791505,3050,21,"gemm_mq4g256v2_residual_mmq_iu4_full_set_symfold",3050,73990472409515,73990472489716,0,0,184,0,128,256,1,1,24576,1,1
"KERNEL_DISPATCH","Agent 5",1,0,791505,3055,33,"rope_partial_halfsplit_batched_f32",3055,73990472610797,73990472619757,0,0,16,0,128,32,1,1,32,91,1
"KERNEL_DISPATCH","Agent 5",1,0,791505,3060,41,"sigmoid_mul_rotate_x_mq_awq_i4_gfx12",3060,73990473821449,73990473830529,0,0,88,0,128,32,1,1,69888,1,1
"KERNEL_DISPATCH","Agent 5",1,0,791505,3065,29,"fused_silu_mul_mq_rotate_awq_i4_gfx12",3065,73990474206413,73990474225413,0,0,56,0,128,32,1,1,2176,91,1
"KERNEL_DISPATCH","Agent 5",1,0,791505,3070,21,"gemm_mq4g256v2_residual_mmq_iu4_full_set_symfold",3070,73990474563536,73990474604497,0,0,184,0,128,256,1,1,256,1,1
"KERNEL_DISPATCH","Agent 5",1,0,791505,3075,22,"gemm_mq4g256v2_residual_mmq_iu4_full_add_symfold",3075,73990474791978,73990474858899,0,0,184,0,128,256,1,1,10240,1,1
"KERNEL_DISPATCH","Agent 5",1,0,791505,3080,22,"gemm_mq4g256v2_residual_mmq_iu4_full_add_symfold",3080,73990475182902,73990475360424,0,0,184,0,128,256,1,1,10240,1,1
"KERNEL_DISPATCH","Agent 5",1,0,791505,3085,21,"gemm_mq4g256v2_residual_mmq_iu4_full_set_symfold",3085,73990475561866,73990475602386,0,0,184,0,128,256,1,1,256,1,1
"KERNEL_DISPATCH","Agent 5",1,0,791505,3090,20,"fused_rmsnorm_mq_rotate_awq_i4_gfx12",3090,73990475817708,73990475828028,0,0,96,0,128,256,1,1,23296,1,1
"KERNEL_DISPATCH","Agent 5",1,0,791505,3095,20,"fused_rmsnorm_mq_rotate_awq_i4_gfx12",3095,73990476319553,73990476329913,0,0,96,0,128,256,1,1,23296,1,1
"KERNEL_DISPATCH","Agent 5",1,0,791505,3100,25,"gdn_pre_batched_gfx1201",3100,73990476563396,73990476590796,33280,0,224,0,128,256,1,1,31488,1,1
"KERNEL_DISPATCH","Agent 5",1,0,791505,3105,21,"gemm_mq4g256v2_residual_mmq_iu4_full_set_symfold",3105,73990476788638,73990476927439,0,0,184,0,128,256,1,1,34816,1,1
"KERNEL_DISPATCH","Agent 5",1,0,791505,3110,21,"gemm_mq4g256v2_residual_mmq_iu4_full_set_symfold",3110,73990477288603,73990477369123,0,0,184,0,128,256,1,1,24576,1,1
"KERNEL_DISPATCH","Agent 5",1,0,791505,3115,33,"rope_partial_halfsplit_batched_f32",3115,73990477489445,73990477498485,0,0,16,0,128,32,1,1,32,91,1
"KERNEL_DISPATCH","Agent 5",1,0,791505,3120,41,"sigmoid_mul_rotate_x_mq_awq_i4_gfx12",3120,73990478698736,73990478708496,0,0,88,0,128,32,1,1,69888,1,1
"KERNEL_DISPATCH","Agent 5",1,0,791505,3125,29,"fused_silu_mul_mq_rotate_awq_i4_gfx12",3125,73990479082980,73990479101260,0,0,56,0,128,32,1,1,2176,91,1
"KERNEL_DISPATCH","Agent 5",1,0,791505,3130,21,"gemm_mq4g256v2_residual_mmq_iu4_full_set_symfold",3130,73990479440183,73990479481023,0,0,184,0,128,256,1,1,256,1,1
"KERNEL_DISPATCH","Agent 5",1,0,791505,3135,22,"gemm_mq4g256v2_residual_mmq_iu4_full_add_symfold",3135,73990479669505,73990479737185,0,0,184,0,128,256,1,1,10240,1,1
"KERNEL_DISPATCH","Agent 5",1,0,791505,3140,22,"gemm_mq4g256v2_residual_mmq_iu4_full_add_symfold",3140,73990480061949,73990480239510,0,0,184,0,128,256,1,1,10240,1,1
"KERNEL_DISPATCH","Agent 5",1,0,791505,3145,21,"gemm_mq4g256v2_residual_mmq_iu4_full_set_symfold",3145,73990480441952,73990480483113,0,0,184,0,128,256,1,1,256,1,1
"KERNEL_DISPATCH","Agent 5",1,0,791505,3150,20,"fused_rmsnorm_mq_rotate_awq_i4_gfx12",3150,73990480697315,73990480707555,0,0,96,0,128,256,1,1,23296,1,1
"KERNEL_DISPATCH","Agent 5",1,0,791505,3155,20,"fused_rmsnorm_mq_rotate_awq_i4_gfx12",3155,73990481199880,73990481210120,0,0,96,0,128,256,1,1,23296,1,1
"KERNEL_DISPATCH","Agent 5",1,0,791505,3160,25,"gdn_pre_batched_gfx1201",3160,73990481442442,73990481469842,33280,0,224,0,128,256,1,1,31488,1,1
"KERNEL_DISPATCH","Agent 5",1,0,791505,3165,21,"gemm_mq4g256v2_residual_mmq_iu4_full_set_symfold",3165,73990481668044,73990481807605,0,0,184,0,128,256,1,1,34816,1,1
"KERNEL_DISPATCH","Agent 5",1,0,791505,3170,21,"gemm_mq4g256v2_residual_mmq_iu4_full_set_symfold",3170,73990482169769,73990482250250,0,0,184,0,128,256,1,1,24576,1,1
"KERNEL_DISPATCH","Agent 5",1,0,791505,3175,33,"rope_partial_halfsplit_batched_f32",3175,73990482370291,73990482379251,0,0,16,0,128,32,1,1,32,91,1
"KERNEL_DISPATCH","Agent 5",1,0,791505,3180,41,"sigmoid_mul_rotate_x_mq_awq_i4_gfx12",3180,73990483579503,73990483589703,0,0,88,0,128,32,1,1,69888,1,1
"KERNEL_DISPATCH","Agent 5",1,0,791505,1741,27,"gated_delta_net_q8_fast",1741,73989653674012,73989654234938,2048,0,64,0,128,32,1,1,1536,32,1
"KERNEL_DISPATCH","Agent 5",1,0,791505,2013,27,"gated_delta_net_q8_fast",2013,73990124046776,73990124622501,2048,0,64,0,128,32,1,1,1536,32,1
"KERNEL_DISPATCH","Agent 5",1,0,791505,3185,29,"fused_silu_mul_mq_rotate_awq_i4_gfx12",3185,73990483963426,73990483981507,0,0,56,0,128,32,1,1,2176,91,1
"KERNEL_DISPATCH","Agent 5",1,0,791505,1736,27,"gated_delta_net_q8_fast",1736,73989650858345,73989651414950,2048,0,64,0,128,32,1,1,1536,32,1
"KERNEL_DISPATCH","Agent 5",1,0,791505,3190,21,"gemm_mq4g256v2_residual_mmq_iu4_full_set_symfold",3190,73990484322870,73990484363510,0,0,184,0,128,256,1,1,256,1,1
"KERNEL_DISPATCH","Agent 5",1,0,791505,2008,27,"gated_delta_net_q8_fast",2008,73990121101387,73990121690793,2048,0,64,0,128,32,1,1,1536,32,1
"KERNEL_DISPATCH","Agent 5",1,0,791505,1726,29,"fused_silu_mul_mq_rotate_awq_i4_gfx12",1726,73989633285295,73989635393715,0,0,56,0,128,32,1,1,2176,8192,1
"KERNEL_DISPATCH","Agent 5",1,0,791505,3195,22,"gemm_mq4g256v2_residual_mmq_iu4_full_add_symfold",3195,73990484551632,73990484619553,0,0,184,0,128,256,1,1,10240,1,1
"KERNEL_DISPATCH","Agent 5",1,0,791505,2003,27,"gated_delta_net_q8_fast",2003,73990118099358,73990118701564,2048,0,64,0,128,32,1,1,1536,32,1
"KERNEL_DISPATCH","Agent 5",1,0,791505,1721,41,"sigmoid_mul_rotate_x_mq_awq_i4_gfx12",1721,73989617565462,73989618313349,0,0,88,0,128,32,1,1,6291456,1,1
"KERNEL_DISPATCH","Agent 5",1,0,791505,3200,22,"gemm_mq4g256v2_residual_mmq_iu4_full_add_symfold",3200,73990484943676,73990485121278,0,0,184,0,128,256,1,1,10240,1,1
"KERNEL_DISPATCH","Agent 5",1,0,791505,1998,21,"gemm_mq4g256v2_residual_mmq_iu4_full_set_symfold",1998,73990112444023,73990114572364,0,0,184,0,128,256,1,1,12288,64,1
"KERNEL_DISPATCH","Agent 5",1,0,791505,1716,33,"rope_partial_halfsplit_batched_f32",1716,73989579644214,73989580045098,0,0,16,0,128,32,1,1,32,8192,1
"KERNEL_DISPATCH","Agent 5",1,0,791505,3205,21,"gemm_mq4g256v2_residual_mmq_iu4_full_set_symfold",3205,73990485324360,73990485364920,0,0,184,0,128,256,1,1,256,1,1
"KERNEL_DISPATCH","Agent 5",1,0,791505,1993,21,"gemm_mq4g256v2_residual_mmq_iu4_full_set_symfold",1993,73990094514169,73990100410226,0,0,184,0,128,256,1,1,34816,64,1
"KERNEL_DISPATCH","Agent 5",1,0,791505,1711,21,"gemm_mq4g256v2_residual_mmq_iu4_full_set_symfold",1711,73989573119351,73989577267951,0,0,184,0,128,256,1,1,24576,64,1
"KERNEL_DISPATCH","Agent 5",1,0,791505,3210,20,"fused_rmsnorm_mq_rotate_awq_i4_gfx12",3210,73990485579522,73990485589762,0,0,96,0,128,256,1,1,23296,1,1
"KERNEL_DISPATCH","Agent 5",1,0,791505,1988,27,"gated_delta_net_q8_fast",1988,73990084552793,73990085126998,2048,0,64,0,128,32,1,1,1536,32,1
"KERNEL_DISPATCH","Agent 5",1,0,791505,3215,20,"fused_rmsnorm_mq_rotate_awq_i4_gfx12",3215,73990486081047,73990486091407,0,0,96,0,128,256,1,1,23296,1,1
"KERNEL_DISPATCH","Agent 5",1,0,791505,1706,21,"gemm_mq4g256v2_residual_mmq_iu4_full_set_symfold",1706,73989553048716,73989558817852,0,0,184,0,128,256,1,1,34816,64,1
"KERNEL_DISPATCH","Agent 5",1,0,791505,3220,25,"gdn_pre_batched_gfx1201",3220,73990486326129,73990486353410,33280,0,224,0,128,256,1,1,31488,1,1
"KERNEL_DISPATCH","Agent 5",1,0,791505,1701,27,"gated_delta_net_q8_fast",1701,73989548378871,73989548950636,2048,0,64,0,128,32,1,1,1536,32,1
"KERNEL_DISPATCH","Agent 5",1,0,791505,3225,21,"gemm_mq4g256v2_residual_mmq_iu4_full_set_symfold",3225,73990486550731,73990486689453,0,0,184,0,128,256,1,1,34816,1,1
"KERNEL_DISPATCH","Agent 5",1,0,791505,1696,27,"gated_delta_net_q8_fast",1696,73989545466083,73989546052328,2048,0,64,0,128,32,1,1,1536,32,1
"KERNEL_DISPATCH","Agent 5",1,0,791505,3230,21,"gemm_mq4g256v2_residual_mmq_iu4_full_set_symfold",3230,73990487056576,73990487136497,0,0,184,0,128,256,1,1,24576,1,1
"KERNEL_DISPATCH","Agent 5",1,0,791505,3235,33,"rope_partial_halfsplit_batched_f32",3235,73990487256898,73990487265978,0,0,16,0,128,32,1,1,32,91,1
"KERNEL_DISPATCH","Agent 5",1,0,791505,1691,27,"gated_delta_net_q8_fast",1691,73989542465533,73989543067179,2048,0,64,0,128,32,1,1,1536,32,1
"KERNEL_DISPATCH","Agent 5",1,0,791505,3240,41,"sigmoid_mul_rotate_x_mq_awq_i4_gfx12",3240,73990488467230,73990488476550,0,0,88,0,128,32,1,1,69888,1,1
"KERNEL_DISPATCH","Agent 5",1,0,791505,1686,25,"gdn_pre_batched_gfx1201",1686,73989537223643,73989540001710,33280,0,224,0,128,256,1,1,2686976,1,1
"KERNEL_DISPATCH","Agent 5",1,0,791505,3245,29,"fused_silu_mul_mq_rotate_awq_i4_gfx12",3245,73990488850474,73990488868834,0,0,56,0,128,32,1,1,2176,91,1
"KERNEL_DISPATCH","Agent 5",1,0,791505,1681,20,"fused_rmsnorm_mq_rotate_awq_i4_gfx12",1681,73989530993662,73989531467307,0,0,96,0,128,256,1,1,2097152,1,1
"KERNEL_DISPATCH","Agent 5",1,0,791505,1676,20,"fused_rmsnorm_mq_rotate_awq_i4_gfx12",1676,73989510762346,73989511207190,0,0,96,0,128,256,1,1,2097152,1,1
"KERNEL_DISPATCH","Agent 5",1,0,791505,1671,27,"gated_delta_net_q8_fast",1671,73989505946539,73989506521945,2048,0,64,0,128,32,1,1,1536,32,1
"KERNEL_DISPATCH","Agent 5",1,0,791505,1666,27,"gated_delta_net_q8_fast",1666,73989503023871,73989503610197,2048,0,64,0,128,32,1,1,1536,32,1
"KERNEL_DISPATCH","Agent 5",1,0,791505,1661,27,"gated_delta_net_q8_fast",1661,73989500014762,73989500620968,2048,0,64,0,128,32,1,1,1536,32,1
"KERNEL_DISPATCH","Agent 5",1,0,791505,1656,21,"gemm_mq4g256v2_residual_mmq_iu4_full_set_symfold",1656,73989495312076,73989495372477,0,0,184,0,128,256,1,1,256,64,1
"KERNEL_DISPATCH","Agent 5",1,0,791505,1651,22,"gemm_mq4g256v2_residual_mmq_iu4_full_add_symfold",1651,73989483140318,73989489082096,0,0,184,0,128,256,1,1,10240,64,1
"KERNEL_DISPATCH","Agent 5",1,0,791505,1646,22,"gemm_mq4g256v2_residual_mmq_iu4_full_add_symfold",1646,73989466912360,73989468934660,0,0,184,0,128,256,1,1,10240,64,1
"KERNEL_DISPATCH","Agent 5",1,0,791505,1641,27,"gated_delta_net_q8_fast",1641,73989463841851,73989464381216,2048,0,64,0,128,32,1,1,1536,32,1
"KERNEL_DISPATCH","Agent 5",1,0,791505,1636,27,"gated_delta_net_q8_fast",1636,73989461107144,73989461653109,2048,0,64,0,128,32,1,1,1536,32,1
"KERNEL_DISPATCH","Agent 5",1,0,791505,1631,27,"gated_delta_net_q8_fast",1631,73989458348797,73989458893723,2048,0,64,0,128,32,1,1,1536,32,1
"KERNEL_DISPATCH","Agent 5",1,0,791505,1626,21,"gemm_mq4g256v2_residual_mmq_iu4_full_set_symfold",1626,73989454490800,73989454547721,0,0,184,0,128,256,1,1,256,64,1
"KERNEL_DISPATCH","Agent 5",1,0,791505,1621,29,"fused_silu_mul_mq_rotate_awq_i4_gfx12",1621,73989440900228,73989443024649,0,0,56,0,128,32,1,1,2176,8192,1
"KERNEL_DISPATCH","Agent 5",1,0,791505,1616,41,"sigmoid_mul_rotate_x_mq_awq_i4_gfx12",1616,73989425212276,73989425942443,0,0,88,0,128,32,1,1,6291456,1,1
"KERNEL_DISPATCH","Agent 5",1,0,791505,1892,21,"gemm_mq4g256v2_residual_mmq_iu4_full_set_symfold",1892,73989916894606,73989920401880,0,0,184,0,128,256,1,1,20480,64,1
"KERNEL_DISPATCH","Agent 5",1,0,791505,1611,33,"rope_partial_halfsplit_batched_f32",1611,73989386645822,73989387045986,0,0,16,0,128,32,1,1,32,8192,1
"KERNEL_DISPATCH","Agent 5",1,0,791505,1887,21,"gemm_mq4g256v2_residual_mmq_iu4_full_set_symfold",1887,73989896639249,73989902463266,0,0,184,0,128,256,1,1,34816,64,1
"KERNEL_DISPATCH","Agent 5",1,0,791505,1606,21,"gemm_mq4g256v2_residual_mmq_iu4_full_set_symfold",1606,73989380073158,73989384270079,0,0,184,0,128,256,1,1,24576,64,1
"KERNEL_DISPATCH","Agent 5",1,0,791505,1882,27,"gated_delta_net_q8_fast",1882,73989891971004,73989892544090,2048,0,64,0,128,32,1,1,1536,32,1
"KERNEL_DISPATCH","Agent 5",1,0,791505,1601,21,"gemm_mq4g256v2_residual_mmq_iu4_full_set_symfold",1601,73989359862602,73989365719979,0,0,184,0,128,256,1,1,34816,64,1
"KERNEL_DISPATCH","Agent 5",1,0,791505,1877,27,"gated_delta_net_q8_fast",1877,73989889052296,73989889643102,2048,0,64,0,128,32,1,1,1536,32,1
"KERNEL_DISPATCH","Agent 5",1,0,791505,1596,27,"gated_delta_net_q8_fast",1596,73989355231277,73989355804803,2048,0,64,0,128,32,1,1,1536,32,1
"KERNEL_DISPATCH","Agent 5",1,0,791505,1872,27,"gated_delta_net_q8_fast",1872,73989886073387,73989886673713,2048,0,64,0,128,32,1,1,1536,32,1
"KERNEL_DISPATCH","Agent 5",1,0,791505,1591,27,"gated_delta_net_q8_fast",1591,73989352314049,73989352900694,2048,0,64,0,128,32,1,1,1536,32,1
"KERNEL_DISPATCH","Agent 5",1,0,791505,1867,25,"gdn_pre_batched_gfx1201",1867,73989880855536,73989883629723,33280,0,224,0,128,256,1,1,2686976,1,1
"KERNEL_DISPATCH","Agent 5",1,0,791505,1586,27,"gated_delta_net_q8_fast",1586,73989349323620,73989349923506,2048,0,64,0,128,32,1,1,1536,32,1
"KERNEL_DISPATCH","Agent 5",1,0,791505,1862,20,"fused_rmsnorm_mq_rotate_awq_i4_gfx12",1862,73989874599676,73989875073440,0,0,96,0,128,256,1,1,2097152,1,1
"KERNEL_DISPATCH","Agent 5",1,0,791505,1581,25,"gdn_pre_batched_gfx1201",1581,73989344101929,73989346873836,33280,0,224,0,128,256,1,1,2686976,1,1
"KERNEL_DISPATCH","Agent 5",1,0,791505,1852,27,"gated_delta_net_q8_fast",1852,73989849779315,73989850325960,2048,0,64,0,128,32,1,1,1536,32,1
"KERNEL_DISPATCH","Agent 5",1,0,791505,1847,27,"gated_delta_net_q8_fast",1847,73989847012608,73989847564133,2048,0,64,0,128,32,1,1,1536,32,1
"KERNEL_DISPATCH","Agent 5",1,0,791505,1842,27,"gated_delta_net_q8_fast",1842,73989844200381,73989844763066,2048,0,64,0,128,32,1,1,1536,32,1
"KERNEL_DISPATCH","Agent 5",1,0,791505,1837,21,"gemm_mq4g256v2_residual_mmq_iu4_full_set_symfold",1837,73989839823098,73989839877779,0,0,184,0,128,256,1,1,256,64,1
"KERNEL_DISPATCH","Agent 5",1,0,791505,1832,22,"gemm_mq4g256v2_residual_mmq_iu4_full_add_symfold",1832,73989828288146,73989833953881,0,0,184,0,128,256,1,1,10240,64,1
"KERNEL_DISPATCH","Agent 5",1,0,791505,1827,22,"gemm_mq4g256v2_residual_mmq_iu4_full_add_symfold",1827,73989811281261,73989813845606,0,0,184,0,128,256,1,1,10240,64,1
"KERNEL_DISPATCH","Agent 5",1,0,791505,1822,36,"kv_cache_write_q8_0_batched",1822,73989773000370,73989773121291,0,0,8,0,128,32,1,1,1024,8192,1
"KERNEL_DISPATCH","Agent 5",1,0,791505,1817,21,"gemm_mq4g256v2_residual_mmq_iu4_full_set_symfold",1817,73989770224223,73989770582387,0,0,184,0,128,256,1,1,2048,64,1
"KERNEL_DISPATCH","Agent 5",1,0,791505,1812,21,"gemm_mq4g256v2_residual_mmq_iu4_full_set_symfold",1812,73989751670203,73989757493860,0,0,184,0,128,256,1,1,34816,64,1
"KERNEL_DISPATCH","Agent 5",1,0,791505,1807,27,"gated_delta_net_q8_fast",1807,73989741768707,73989742338393,2048,0,64,0,128,32,1,1,1536,32,1
"KERNEL_DISPATCH","Agent 5",1,0,791505,1802,27,"gated_delta_net_q8_fast",1802,73989738858439,73989739443244,2048,0,64,0,128,32,1,1,1536,32,1
"KERNEL_DISPATCH","Agent 5",1,0,791505,1797,27,"gated_delta_net_q8_fast",1797,73989735878610,73989736473976,2048,0,64,0,128,32,1,1,1536,32,1
"KERNEL_DISPATCH","Agent 5",1,0,791505,1792,27,"gated_delta_net_q8_fast",1792,73989732842700,73989733452866,2048,0,64,0,128,32,1,1,1536,32,1
"KERNEL_DISPATCH","Agent 5",1,0,791505,1787,21,"gemm_mq4g256v2_residual_mmq_iu4_full_set_symfold",1787,73989724245577,73989727760651,0,0,184,0,128,256,1,1,20480,64,1
"KERNEL_DISPATCH","Agent 5",1,0,791505,1782,21,"gemm_mq4g256v2_residual_mmq_iu4_full_set_symfold",1782,73989703955020,73989709749916,0,0,184,0,128,256,1,1,34816,64,1
"KERNEL_DISPATCH","Agent 5",1,0,791505,1777,27,"gated_delta_net_q8_fast",1777,73989699306335,73989699883821,2048,0,64,0,128,32,1,1,1536,32,1
"KERNEL_DISPATCH","Agent 5",1,0,791505,1772,27,"gated_delta_net_q8_fast",1772,73989696357626,73989696951872,2048,0,64,0,128,32,1,1,1536,32,1
"KERNEL_DISPATCH","Agent 5",1,0,791505,1767,27,"gated_delta_net_q8_fast",1767,73989693354957,73989693957043,2048,0,64,0,128,32,1,1,1536,32,1
"KERNEL_DISPATCH","Agent 5",1,0,791505,1762,25,"gdn_pre_batched_gfx1201",1762,73989688112466,73989690901414,33280,0,224,0,128,256,1,1,2686976,1,1
"KERNEL_DISPATCH","Agent 5",1,0,791505,1757,20,"fused_rmsnorm_mq_rotate_awq_i4_gfx12",1757,73989681861206,73989682334690,0,0,96,0,128,256,1,1,2097152,1,1
"KERNEL_DISPATCH","Agent 5",1,0,791505,1752,20,"fused_rmsnorm_mq_rotate_awq_i4_gfx12",1752,73989661646210,73989662079894,0,0,96,0,128,256,1,1,2097152,1,1
"KERNEL_DISPATCH","Agent 5",1,0,791505,1747,27,"gated_delta_net_q8_fast",1747,73989657030805,73989657580890,2048,0,64,0,128,32,1,1,1536,32,1
"KERNEL_DISPATCH","Agent 5",1,0,791505,1742,27,"gated_delta_net_q8_fast",1742,73989654238258,73989654798263,2048,0,64,0,128,32,1,1,1536,32,1
"KERNEL_DISPATCH","Agent 5",1,0,791505,1737,27,"gated_delta_net_q8_fast",1737,73989651418190,73989651972836,2048,0,64,0,128,32,1,1,1536,32,1
"KERNEL_DISPATCH","Agent 5",1,0,791505,1732,21,"gemm_mq4g256v2_residual_mmq_iu4_full_set_symfold",1732,73989647042028,73989647097189,0,0,184,0,128,256,1,1,256,64,1
"KERNEL_DISPATCH","Agent 5",1,0,791505,1727,22,"gemm_mq4g256v2_residual_mmq_iu4_full_add_symfold",1727,73989635405915,73989641204131,0,0,184,0,128,256,1,1,10240,64,1
"KERNEL_DISPATCH","Agent 5",1,0,791505,1722,22,"gemm_mq4g256v2_residual_mmq_iu4_full_add_symfold",1722,73989618316829,73989620910934,0,0,184,0,128,256,1,1,10240,64,1
"KERNEL_DISPATCH","Agent 5",1,0,791505,1717,36,"kv_cache_write_q8_0_batched",1717,73989580049138,73989580169779,0,0,8,0,128,32,1,1,1024,8192,1
"KERNEL_DISPATCH","Agent 5",1,0,791505,1712,21,"gemm_mq4g256v2_residual_mmq_iu4_full_set_symfold",1712,73989577280311,73989577638235,0,0,184,0,128,256,1,1,2048,64,1
"KERNEL_DISPATCH","Agent 5",1,0,791505,1707,21,"gemm_mq4g256v2_residual_mmq_iu4_full_set_symfold",1707,73989558830252,73989564644469,0,0,184,0,128,256,1,1,34816,64,1
"KERNEL_DISPATCH","Agent 5",1,0,791505,1702,27,"gated_delta_net_q8_fast",1702,73989548953956,73989549522482,2048,0,64,0,128,32,1,1,1536,32,1
"KERNEL_DISPATCH","Agent 5",1,0,791505,1983,27,"gated_delta_net_q8_fast",1983,73990081621084,73990082211850,2048,0,64,0,128,32,1,1,1536,32,1
"KERNEL_DISPATCH","Agent 5",1,0,791505,1697,27,"gated_delta_net_q8_fast",1697,73989546055648,73989546636814,2048,0,64,0,128,32,1,1,1536,32,1
"KERNEL_DISPATCH","Agent 5",1,0,791505,1978,27,"gated_delta_net_q8_fast",1978,73990078616415,73990079218141,2048,0,64,0,128,32,1,1,1536,32,1
"KERNEL_DISPATCH","Agent 5",1,0,791505,1692,27,"gated_delta_net_q8_fast",1692,73989543070579,73989543671185,2048,0,64,0,128,32,1,1,1536,32,1
"KERNEL_DISPATCH","Agent 5",1,0,791505,1687,27,"gated_delta_net_q8_fast",1687,73989540013910,73989540629436,2048,0,64,0,128,32,1,1,1536,32,1
"KERNEL_DISPATCH","Agent 5",1,0,791505,1973,27,"gated_delta_net_q8_fast",1973,73990075559265,73990076176271,2048,0,64,0,128,32,1,1,1536,32,1
"KERNEL_DISPATCH","Agent 5",1,0,791505,1682,21,"gemm_mq4g256v2_residual_mmq_iu4_full_set_symfold",1682,73989531470867,73989534955901,0,0,184,0,128,256,1,1,20480,64,1
"KERNEL_DISPATCH","Agent 5",1,0,791505,1968,21,"gemm_mq4g256v2_residual_mmq_iu4_full_set_symfold",1968,73990066983502,73990070489816,0,0,184,0,128,256,1,1,20480,64,1
"KERNEL_DISPATCH","Agent 5",1,0,791505,1677,21,"gemm_mq4g256v2_residual_mmq_iu4_full_set_symfold",1677,73989511210670,73989516969366,0,0,184,0,128,256,1,1,34816,64,1
"KERNEL_DISPATCH","Agent 5",1,0,791505,1963,21,"gemm_mq4g256v2_residual_mmq_iu4_full_set_symfold",1963,73990046720465,73990052504882,0,0,184,0,128,256,1,1,34816,64,1
"KERNEL_DISPATCH","Agent 5",1,0,791505,1672,27,"gated_delta_net_q8_fast",1672,73989506525305,73989507099390,2048,0,64,0,128,32,1,1,1536,32,1
"KERNEL_DISPATCH","Agent 5",1,0,791505,1958,27,"gated_delta_net_q8_fast",1958,73990042214822,73990042757027,2048,0,64,0,128,32,1,1,1536,32,1
"KERNEL_DISPATCH","Agent 5",1,0,791505,1667,27,"gated_delta_net_q8_fast",1667,73989503613637,73989504197122,2048,0,64,0,128,32,1,1,1536,32,1
"KERNEL_DISPATCH","Agent 5",1,0,791505,3250,21,"gemm_mq4g256v2_residual_mmq_iu4_full_set_symfold",3250,73990489207717,73990489248318,0,0,184,0,128,256,1,1,256,1,1
"KERNEL_DISPATCH","Agent 5",1,0,791505,1953,27,"gated_delta_net_q8_fast",1953,73990039450795,73990040002000,2048,0,64,0,128,32,1,1,1536,32,1
"KERNEL_DISPATCH","Agent 5",1,0,791505,1662,27,"gated_delta_net_q8_fast",1662,73989500624328,73989501226373,2048,0,64,0,128,32,1,1,1536,32,1
"KERNEL_DISPATCH","Agent 5",1,0,791505,3255,22,"gemm_mq4g256v2_residual_mmq_iu4_full_add_symfold",3255,73990489436439,73990489503600,0,0,184,0,128,256,1,1,10240,1,1
"KERNEL_DISPATCH","Agent 5",1,0,791505,1948,27,"gated_delta_net_q8_fast",1948,73990036646648,73990037206213,2048,0,64,0,128,32,1,1,1536,32,1
"KERNEL_DISPATCH","Agent 5",1,0,791505,1657,25,"gdn_pre_batched_gfx1201",1657,73989495376077,73989498153624,33280,0,224,0,128,256,1,1,2686976,1,1
"KERNEL_DISPATCH","Agent 5",1,0,791505,3260,22,"gemm_mq4g256v2_residual_mmq_iu4_full_add_symfold",3260,73990489826163,73990490003965,0,0,184,0,128,256,1,1,10240,1,1
"KERNEL_DISPATCH","Agent 5",1,0,791505,1652,20,"fused_rmsnorm_mq_rotate_awq_i4_gfx12",1652,73989489094296,73989489568700,0,0,96,0,128,256,1,1,2097152,1,1
"KERNEL_DISPATCH","Agent 5",1,0,791505,1943,25,"gdn_pre_batched_gfx1201",1943,73990031741800,73990034375786,33280,0,224,0,128,256,1,1,2686976,1,1
"KERNEL_DISPATCH","Agent 5",1,0,791505,3265,21,"gemm_mq4g256v2_residual_mmq_iu4_full_set_symfold",3265,73990490206247,73990490246967,0,0,184,0,128,256,1,1,256,1,1
"KERNEL_DISPATCH","Agent 5",1,0,791505,1647,20,"fused_rmsnorm_mq_rotate_awq_i4_gfx12",1647,73989468946900,73989469381704,0,0,96,0,128,256,1,1,2097152,1,1
"KERNEL_DISPATCH","Agent 5",1,0,791505,3270,20,"fused_rmsnorm_mq_rotate_awq_i4_gfx12",3270,73990490462689,73990490473090,0,0,96,0,128,256,1,1,23296,1,1
"KERNEL_DISPATCH","Agent 5",1,0,791505,3275,20,"fused_rmsnorm_mq_rotate_awq_i4_gfx12",3275,73990490964694,73990490974934,0,0,96,0,128,256,1,1,23296,1,1
"KERNEL_DISPATCH","Agent 5",1,0,791505,3280,25,"gdn_pre_batched_gfx1201",3280,73990491208377,73990491235737,33280,0,224,0,128,256,1,1,31488,1,1
"KERNEL_DISPATCH","Agent 5",1,0,791505,3285,21,"gemm_mq4g256v2_residual_mmq_iu4_full_set_symfold",3285,73990491434339,73990491572780,0,0,184,0,128,256,1,1,34816,1,1
"KERNEL_DISPATCH","Agent 5",1,0,791505,3290,21,"gemm_mq4g256v2_residual_mmq_iu4_full_set_symfold",3290,73990491933224,73990492013704,0,0,184,0,128,256,1,1,24576,1,1
"KERNEL_DISPATCH","Agent 5",1,0,791505,3295,33,"rope_partial_halfsplit_batched_f32",3295,73990492134466,73990492143706,0,0,16,0,128,32,1,1,32,91,1
"KERNEL_DISPATCH","Agent 5",1,0,791505,3300,41,"sigmoid_mul_rotate_x_mq_awq_i4_gfx12",3300,73990493346957,73990493356238,0,0,88,0,128,32,1,1,69888,1,1
"KERNEL_DISPATCH","Agent 5",1,0,791505,3305,29,"fused_silu_mul_mq_rotate_awq_i4_gfx12",3305,73990493728481,73990493746681,0,0,56,0,128,32,1,1,2176,91,1
"KERNEL_DISPATCH","Agent 5",1,0,791505,3310,47,"gemv_mq4g256v2_multirow_r2",3310,73990493956523,73990495030974,0,0,96,0,128,32,1,1,3973120,1,1
"KERNEL_DISPATCH","Agent 5",1,0,791505,3315,12,"__amd_rocclr_copyBuffer",3315,73990495717910,73990495720830,0,0,16,0,128,512,1,1,512,1,1
"KERNEL_DISPATCH","Agent 5",1,0,791505,501,21,"gemm_mq4g256v2_residual_mmq_iu4_full_set_symfold",501,73987382238496,73987382295737,0,0,184,0,128,256,1,1,256,64,1
"KERNEL_DISPATCH","Agent 5",1,0,791505,506,27,"gated_delta_net_q8_fast",506,73987386794100,73987387334945,2048,0,64,0,128,32,1,1,1536,32,1
"KERNEL_DISPATCH","Agent 5",1,0,791505,511,27,"gated_delta_net_q8_fast",511,73987389482206,73987390005891,2048,0,64,0,128,32,1,1,1536,32,1
"KERNEL_DISPATCH","Agent 5",1,0,791505,516,27,"gated_delta_net_q8_fast",516,73987392134872,73987392674877,2048,0,64,0,128,32,1,1,1536,32,1
"KERNEL_DISPATCH","Agent 5",1,0,791505,521,20,"fused_rmsnorm_mq_rotate_awq_i4_gfx12",521,73987396728277,73987397166361,0,0,96,0,128,256,1,1,2097152,1,1
"KERNEL_DISPATCH","Agent 5",1,0,791505,526,20,"fused_rmsnorm_mq_rotate_awq_i4_gfx12",526,73987415967983,73987416412988,0,0,96,0,128,256,1,1,2097152,1,1
"KERNEL_DISPATCH","Agent 5",1,0,791505,1576,20,"fused_rmsnorm_mq_rotate_awq_i4_gfx12",1576,73989337860868,73989338332553,0,0,96,0,128,256,1,1,2097152,1,1
"KERNEL_DISPATCH","Agent 5",1,0,791505,531,25,"gdn_pre_batched_gfx1201",531,73987421874561,73987424517746,33280,0,224,0,128,256,1,1,2686976,1,1
"KERNEL_DISPATCH","Agent 5",1,0,791505,1571,20,"fused_rmsnorm_mq_rotate_awq_i4_gfx12",1571,73989317627712,73989318071837,0,0,96,0,128,256,1,1,2097152,1,1
"KERNEL_DISPATCH","Agent 5",1,0,791505,536,27,"gated_delta_net_q8_fast",536,73987426699647,73987427231253,2048,0,64,0,128,32,1,1,1536,32,1
"KERNEL_DISPATCH","Agent 5",1,0,791505,1566,27,"gated_delta_net_q8_fast",1566,73989312849226,73989313426711,2048,0,64,0,128,32,1,1,1536,32,1
"KERNEL_DISPATCH","Agent 5",1,0,791505,541,27,"gated_delta_net_q8_fast",541,73987429364273,73987429894638,2048,0,64,0,128,32,1,1,1536,32,1
"KERNEL_DISPATCH","Agent 5",1,0,791505,1561,27,"gated_delta_net_q8_fast",1561,73989309876197,73989310472883,2048,0,64,0,128,32,1,1,1536,32,1
"KERNEL_DISPATCH","Agent 5",1,0,791505,546,27,"gated_delta_net_q8_fast",546,73987432066699,73987432610865,2048,0,64,0,128,32,1,1,1536,32,1
"KERNEL_DISPATCH","Agent 5",1,0,791505,1556,27,"gated_delta_net_q8_fast",1556,73989306839488,73989307446373,2048,0,64,0,128,32,1,1,1536,32,1
"KERNEL_DISPATCH","Agent 5",1,0,791505,551,21,"gemm_mq4g256v2_residual_mmq_iu4_full_set_symfold",551,73987436514063,73987442005596,0,0,184,0,128,256,1,1,34816,64,1
"KERNEL_DISPATCH","Agent 5",1,0,791505,1551,21,"gemm_mq4g256v2_residual_mmq_iu4_full_set_symfold",1551,73989302137442,73989302197843,0,0,184,0,128,256,1,1,256,64,1
"KERNEL_DISPATCH","Agent 5",1,0,791505,556,21,"gemm_mq4g256v2_residual_mmq_iu4_full_set_symfold",556,73987455535607,73987459344324,0,0,184,0,128,256,1,1,24576,64,1
"KERNEL_DISPATCH","Agent 5",1,0,791505,1546,22,"gemm_mq4g256v2_residual_mmq_iu4_full_add_symfold",1546,73989289955324,73989295910862,0,0,184,0,128,256,1,1,10240,64,1
"KERNEL_DISPATCH","Agent 5",1,0,791505,561,33,"rope_partial_halfsplit_batched_f32",561,73987461690467,73987462094031,0,0,16,0,128,32,1,1,32,8192,1
"KERNEL_DISPATCH","Agent 5",1,0,791505,1541,22,"gemm_mq4g256v2_residual_mmq_iu4_full_add_symfold",1541,73989273888008,73989275883747,0,0,184,0,128,256,1,1,10240,64,1
"KERNEL_DISPATCH","Agent 5",1,0,791505,1536,27,"gated_delta_net_q8_fast",1536,73989270844898,73989271381224,2048,0,64,0,128,32,1,1,1536,32,1
"KERNEL_DISPATCH","Agent 5",1,0,791505,1531,27,"gated_delta_net_q8_fast",1531,73989268133592,73989268672477,2048,0,64,0,128,32,1,1,1536,32,1
"KERNEL_DISPATCH","Agent 5",1,0,791505,1526,27,"gated_delta_net_q8_fast",1526,73989265402406,73989265944651,2048,0,64,0,128,32,1,1,1536,32,1
"KERNEL_DISPATCH","Agent 5",1,0,791505,1521,21,"gemm_mq4g256v2_residual_mmq_iu4_full_set_symfold",1521,73989261568888,73989261627009,0,0,184,0,128,256,1,1,256,64,1
"KERNEL_DISPATCH","Agent 5",1,0,791505,1516,29,"fused_silu_mul_mq_rotate_awq_i4_gfx12",1516,73989247864155,73989249976296,0,0,56,0,128,32,1,1,2176,8192,1
"KERNEL_DISPATCH","Agent 5",1,0,791505,1511,41,"sigmoid_mul_rotate_x_mq_awq_i4_gfx12",1511,73989232156563,73989232885490,0,0,88,0,128,32,1,1,6291456,1,1
"KERNEL_DISPATCH","Agent 5",1,0,791505,1506,33,"rope_partial_halfsplit_batched_f32",1506,73989192380737,73989192783141,0,0,16,0,128,32,1,1,32,8192,1
"KERNEL_DISPATCH","Agent 5",1,0,791505,1501,21,"gemm_mq4g256v2_residual_mmq_iu4_full_set_symfold",1501,73989185824514,73989190002474,0,0,184,0,128,256,1,1,24576,64,1
"KERNEL_DISPATCH","Agent 5",1,0,791505,1496,21,"gemm_mq4g256v2_residual_mmq_iu4_full_set_symfold",1496,73989165714158,73989171446934,0,0,184,0,128,256,1,1,34816,64,1
"KERNEL_DISPATCH","Agent 5",1,0,791505,1491,27,"gated_delta_net_q8_fast",1491,73989161158474,73989161725080,2048,0,64,0,128,32,1,1,1536,32,1
"KERNEL_DISPATCH","Agent 5",1,0,791505,1486,27,"gated_delta_net_q8_fast",1486,73989158253126,73989158838492,2048,0,64,0,128,32,1,1,1536,32,1
"KERNEL_DISPATCH","Agent 5",1,0,791505,1481,27,"gated_delta_net_q8_fast",1481,73989155237057,73989155843463,2048,0,64,0,128,32,1,1,1536,32,1
"KERNEL_DISPATCH","Agent 5",1,0,791505,1476,25,"gdn_pre_batched_gfx1201",1476,73989150002926,73989152782513,33280,0,224,0,128,256,1,1,2686976,1,1
"KERNEL_DISPATCH","Agent 5",1,0,791505,1471,20,"fused_rmsnorm_mq_rotate_awq_i4_gfx12",1471,73989143723545,73989144198990,0,0,96,0,128,256,1,1,2097152,1,1
"KERNEL_DISPATCH","Agent 5",1,0,791505,1466,20,"fused_rmsnorm_mq_rotate_awq_i4_gfx12",1466,73989123486269,73989123933193,0,0,96,0,128,256,1,1,2097152,1,1
"KERNEL_DISPATCH","Agent 5",1,0,791505,1461,27,"gated_delta_net_q8_fast",1461,73989118677022,73989119255068,2048,0,64,0,128,32,1,1,1536,32,1
"KERNEL_DISPATCH","Agent 5",1,0,791505,1456,27,"gated_delta_net_q8_fast",1456,73989115746674,73989116337239,2048,0,64,0,128,32,1,1,1536,32,1
"KERNEL_DISPATCH","Agent 5",1,0,791505,1451,27,"gated_delta_net_q8_fast",1451,73989112726484,73989113336530,2048,0,64,0,128,32,1,1,1536,32,1
"KERNEL_DISPATCH","Agent 5",1,0,791505,1938,20,"fused_rmsnorm_mq_rotate_awq_i4_gfx12",1938,73990025816743,73990026255587,0,0,96,0,128,256,1,1,2097152,1,1
"KERNEL_DISPATCH","Agent 5",1,0,791505,1642,27,"gated_delta_net_q8_fast",1642,73989464384496,73989464924421,2048,0,64,0,128,32,1,1,1536,32,1
"KERNEL_DISPATCH","Agent 5",1,0,791505,1446,21,"gemm_mq4g256v2_residual_mmq_iu4_full_set_symfold",1446,73989108009479,73989108070159,0,0,184,0,128,256,1,1,256,64,1
"KERNEL_DISPATCH","Agent 5",1,0,791505,1933,20,"fused_rmsnorm_mq_rotate_awq_i4_gfx12",1933,73990005774428,73990006180952,0,0,96,0,128,256,1,1,2097152,1,1
"KERNEL_DISPATCH","Agent 5",1,0,791505,1441,22,"gemm_mq4g256v2_residual_mmq_iu4_full_add_symfold",1441,73989095774480,73989101731538,0,0,184,0,128,256,1,1,10240,64,1
"KERNEL_DISPATCH","Agent 5",1,0,791505,1436,22,"gemm_mq4g256v2_residual_mmq_iu4_full_add_symfold",1436,73989079599763,73989081617703,0,0,184,0,128,256,1,1,10240,64,1
"KERNEL_DISPATCH","Agent 5",1,0,791505,1431,27,"gated_delta_net_q8_fast",1431,73989076508053,73989077056378,2048,0,64,0,128,32,1,1,1536,32,1
"KERNEL_DISPATCH","Agent 5",1,0,791505,1928,36,"kv_cache_write_q8_0_batched",1928,73989965673279,73989965796200,0,0,8,0,128,32,1,1,1024,8192,1
"KERNEL_DISPATCH","Agent 5",1,0,791505,1923,21,"gemm_mq4g256v2_residual_mmq_iu4_full_set_symfold",1923,73989963136775,73989963500338,0,0,184,0,128,256,1,1,2048,64,1
"KERNEL_DISPATCH","Agent 5",1,0,791505,1918,29,"fused_silu_mul_mq_rotate_awq_i4_gfx12",1918,73989950044768,73989952152708,0,0,56,0,128,32,1,1,2176,8192,1
"KERNEL_DISPATCH","Agent 5",1,0,791505,1913,28,"gated_norm_mq_rotate_awq_i4_gfx12",1913,73989934891261,73989935813350,1024,0,40,0,128,64,1,1,1536,8192,1
"KERNEL_DISPATCH","Agent 5",1,0,791505,1908,27,"gated_delta_net_q8_fast",1908,73989932034393,73989932608118,2048,0,64,0,128,32,1,1,1536,32,1
"KERNEL_DISPATCH","Agent 5",1,0,791505,1903,27,"gated_delta_net_q8_fast",1903,73989929097444,73989929685090,2048,0,64,0,128,32,1,1,1536,32,1
"KERNEL_DISPATCH","Agent 5",1,0,791505,1898,27,"gated_delta_net_q8_fast",1898,73989926103615,73989926705661,2048,0,64,0,128,32,1,1,1536,32,1
"KERNEL_DISPATCH","Agent 5",1,0,791505,1893,21,"gemm_mq4g256v2_residual_mmq_iu4_full_set_symfold",1893,73989920414120,73989922563421,0,0,184,0,128,256,1,1,12288,64,1
"KERNEL_DISPATCH","Agent 5",1,0,791505,566,41,"sigmoid_mul_rotate_x_mq_awq_i4_gfx12",566,73987498709826,73987499439353,0,0,88,0,128,32,1,1,6291456,1,1
"KERNEL_DISPATCH","Agent 5",1,0,791505,571,29,"fused_silu_mul_mq_rotate_awq_i4_gfx12",571,73987513915214,73987516032674,0,0,56,0,128,32,1,1,2176,8192,1
"KERNEL_DISPATCH","Agent 5",1,0,791505,576,21,"gemm_mq4g256v2_residual_mmq_iu4_full_set_symfold",576,73987527797348,73987527853749,0,0,184,0,128,256,1,1,256,64,1
"KERNEL_DISPATCH","Agent 5",1,0,791505,581,27,"gated_delta_net_q8_fast",581,73987531531384,73987532025949,2048,0,64,0,128,32,1,1,1536,32,1
"KERNEL_DISPATCH","Agent 5",1,0,791505,586,27,"gated_delta_net_q8_fast",586,73987534044769,73987534547294,2048,0,64,0,128,32,1,1,1536,32,1
"KERNEL_DISPATCH","Agent 5",1,0,791505,591,27,"gated_delta_net_q8_fast",591,73987536588113,73987537094158,2048,0,64,0,128,32,1,1,1536,32,1
"KERNEL_DISPATCH","Agent 5",1,0,791505,596,22,"gemm_mq4g256v2_residual_mmq_iu4_full_add_symfold",596,73987539483702,73987541615242,0,0,184,0,128,256,1,1,10240,64,1
"KERNEL_DISPATCH","Agent 5",1,0,791505,601,22,"gemm_mq4g256v2_residual_mmq_iu4_full_add_symfold",601,73987555636218,73987561480795,0,0,184,0,128,256,1,1,10240,64,1
"KERNEL_DISPATCH","Agent 5",1,0,791505,606,21,"gemm_mq4g256v2_residual_mmq_iu4_full_set_symfold",606,73987567621575,73987567681095,0,0,184,0,128,256,1,1,256,64,1
"KERNEL_DISPATCH","Agent 5",1,0,791505,611,27,"gated_delta_net_q8_fast",611,73987572315100,73987572917426,2048,0,64,0,128,32,1,1,1536,32,1
"KERNEL_DISPATCH","Agent 5",1,0,791505,616,27,"gated_delta_net_q8_fast",616,73987575322049,73987575910775,2048,0,64,0,128,32,1,1,1536,32,1
"KERNEL_DISPATCH","Agent 5",1,0,791505,621,27,"gated_delta_net_q8_fast",621,73987578257958,73987578836923,2048,0,64,0,128,32,1,1,1536,32,1
"KERNEL_DISPATCH","Agent 5",1,0,791505,626,20,"fused_rmsnorm_mq_rotate_awq_i4_gfx12",626,73987583026324,73987583470328,0,0,96,0,128,256,1,1,2097152,1,1
"KERNEL_DISPATCH","Agent 5",1,0,791505,631,20,"fused_rmsnorm_mq_rotate_awq_i4_gfx12",631,73987603190000,73987603660924,0,0,96,0,128,256,1,1,2097152,1,1
"KERNEL_DISPATCH","Agent 5",1,0,791505,636,25,"gdn_pre_batched_gfx1201",636,73987609487541,73987612227287,33280,0,224,0,128,256,1,1,2686976,1,1
"KERNEL_DISPATCH","Agent 5",1,0,791505,641,27,"gated_delta_net_q8_fast",641,73987614662911,73987615257877,2048,0,64,0,128,32,1,1,1536,32,1
"KERNEL_DISPATCH","Agent 5",1,0,791505,646,27,"gated_delta_net_q8_fast",646,73987617636020,73987618220425,2048,0,64,0,128,32,1,1,1536,32,1
"KERNEL_DISPATCH","Agent 5",1,0,791505,651,27,"gated_delta_net_q8_fast",651,73987620547968,73987621115934,2048,0,64,0,128,32,1,1,1536,32,1
"KERNEL_DISPATCH","Agent 5",1,0,791505,656,21,"gemm_mq4g256v2_residual_mmq_iu4_full_set_symfold",656,73987625114052,73987630797267,0,0,184,0,128,256,1,1,34816,64,1
"KERNEL_DISPATCH","Agent 5",1,0,791505,661,21,"gemm_mq4g256v2_residual_mmq_iu4_full_set_symfold",661,73987645154807,73987649329087,0,0,184,0,128,256,1,1,24576,64,1
"KERNEL_DISPATCH","Agent 5",1,0,791505,666,33,"rope_partial_halfsplit_batched_f32",666,73987651705350,73987652107034,0,0,16,0,128,32,1,1,32,8192,1
"KERNEL_DISPATCH","Agent 5",1,0,791505,671,41,"sigmoid_mul_rotate_x_mq_awq_i4_gfx12",671,73987689950241,73987690679168,0,0,88,0,128,32,1,1,6291456,1,1
"KERNEL_DISPATCH","Agent 5",1,0,791505,676,29,"fused_silu_mul_mq_rotate_awq_i4_gfx12",676,73987705626353,73987707732934,0,0,56,0,128,32,1,1,2176,8192,1
"KERNEL_DISPATCH","Agent 5",1,0,791505,681,21,"gemm_mq4g256v2_residual_mmq_iu4_full_set_symfold",681,73987719243445,73987719301486,0,0,184,0,128,256,1,1,256,64,1
"KERNEL_DISPATCH","Agent 5",1,0,791505,686,27,"gated_delta_net_q8_fast",686,73987723073283,73987723612928,2048,0,64,0,128,32,1,1,1536,32,1
"KERNEL_DISPATCH","Agent 5",1,0,791505,691,27,"gated_delta_net_q8_fast",691,73987725790709,73987726326994,2048,0,64,0,128,32,1,1,1536,32,1
"KERNEL_DISPATCH","Agent 5",1,0,791505,696,27,"gated_delta_net_q8_fast",696,73987728482615,73987729014860,2048,0,64,0,128,32,1,1,1536,32,1
"KERNEL_DISPATCH","Agent 5",1,0,791505,701,22,"gemm_mq4g256v2_residual_mmq_iu4_full_add_symfold",701,73987731516005,73987733539904,0,0,184,0,128,256,1,1,10240,64,1
"KERNEL_DISPATCH","Agent 5",1,0,791505,706,22,"gemm_mq4g256v2_residual_mmq_iu4_full_add_symfold",706,73987747632961,73987753553898,0,0,184,0,128,256,1,1,10240,64,1
"KERNEL_DISPATCH","Agent 5",1,0,791505,711,21,"gemm_mq4g256v2_residual_mmq_iu4_full_set_symfold",711,73987759756879,73987759816559,0,0,184,0,128,256,1,1,256,64,1
"KERNEL_DISPATCH","Agent 5",1,0,791505,716,27,"gated_delta_net_q8_fast",716,73987764460084,73987765066050,2048,0,64,0,128,32,1,1,1536,32,1
"KERNEL_DISPATCH","Agent 5",1,0,791505,1637,27,"gated_delta_net_q8_fast",1637,73989461656389,73989462199955,2048,0,64,0,128,32,1,1,1536,32,1
"KERNEL_DISPATCH","Agent 5",1,0,791505,1426,27,"gated_delta_net_q8_fast",1426,73989073743306,73989074297272,2048,0,64,0,128,32,1,1,1536,32,1
"KERNEL_DISPATCH","Agent 5",1,0,791505,1632,27,"gated_delta_net_q8_fast",1632,73989458897043,73989459447128,2048,0,64,0,128,32,1,1,1536,32,1
"KERNEL_DISPATCH","Agent 5",1,0,791505,1421,27,"gated_delta_net_q8_fast",1421,73989070949639,73989071503084,2048,0,64,0,128,32,1,1,1536,32,1
"KERNEL_DISPATCH","Agent 5",1,0,791505,1627,21,"gemm_mq4g256v2_residual_mmq_iu4_full_set_symfold",1627,73989454551121,73989454606081,0,0,184,0,128,256,1,1,256,64,1
"KERNEL_DISPATCH","Agent 5",1,0,791505,1416,21,"gemm_mq4g256v2_residual_mmq_iu4_full_set_symfold",1416,73989067081362,73989067139322,0,0,184,0,128,256,1,1,256,64,1
"KERNEL_DISPATCH","Agent 5",1,0,791505,1411,29,"fused_silu_mul_mq_rotate_awq_i4_gfx12",1411,73989053546830,73989055655611,0,0,56,0,128,32,1,1,2176,8192,1
"KERNEL_DISPATCH","Agent 5",1,0,791505,1622,22,"gemm_mq4g256v2_residual_mmq_iu4_full_add_symfold",1622,73989443028409,73989448679104,0,0,184,0,128,256,1,1,10240,64,1
"KERNEL_DISPATCH","Agent 5",1,0,791505,1617,22,"gemm_mq4g256v2_residual_mmq_iu4_full_add_symfold",1617,73989425954363,73989428473668,0,0,184,0,128,256,1,1,10240,64,1
"KERNEL_DISPATCH","Agent 5",1,0,791505,1746,27,"gated_delta_net_q8_fast",1746,73989656475760,73989657027605,2048,0,64,0,128,32,1,1,1536,32,1
"KERNEL_DISPATCH","Agent 5",1,0,791505,2018,28,"gated_norm_mq_rotate_awq_i4_gfx12",2018,73990126912923,73990127833412,1024,0,40,0,128,64,1,1,1536,8192,1
"KERNEL_DISPATCH","Agent 5",1,0,791505,1612,36,"kv_cache_write_q8_0_batched",1612,73989387049906,73989387169787,0,0,8,0,128,32,1,1,1024,8192,1
"KERNEL_DISPATCH","Agent 5",1,0,791505,1607,21,"gemm_mq4g256v2_residual_mmq_iu4_full_set_symfold",1607,73989384282399,73989384644122,0,0,184,0,128,256,1,1,2048,64,1
"KERNEL_DISPATCH","Agent 5",1,0,791505,1602,21,"gemm_mq4g256v2_residual_mmq_iu4_full_set_symfold",1602,73989365732299,73989371560995,0,0,184,0,128,256,1,1,34816,64,1
"KERNEL_DISPATCH","Agent 5",1,0,791505,1597,27,"gated_delta_net_q8_fast",1597,73989355808243,73989356374688,2048,0,64,0,128,32,1,1,1536,32,1
"KERNEL_DISPATCH","Agent 5",1,0,791505,1592,27,"gated_delta_net_q8_fast",1592,73989352904054,73989353485940,2048,0,64,0,128,32,1,1,1536,32,1
"KERNEL_DISPATCH","Agent 5",1,0,791505,1587,27,"gated_delta_net_q8_fast",1587,73989349926946,73989350523911,2048,0,64,0,128,32,1,1,1536,32,1
"KERNEL_DISPATCH","Agent 5",1,0,791505,1582,27,"gated_delta_net_q8_fast",1582,73989346886236,73989347499322,2048,0,64,0,128,32,1,1,1536,32,1
"KERNEL_DISPATCH","Agent 5",1,0,791505,1577,21,"gemm_mq4g256v2_residual_mmq_iu4_full_set_symfold",1577,73989338336073,73989341834027,0,0,184,0,128,256,1,1,20480,64,1
"KERNEL_DISPATCH","Agent 5",1,0,791505,1572,21,"gemm_mq4g256v2_residual_mmq_iu4_full_set_symfold",1572,73989318075277,73989323887973,0,0,184,0,128,256,1,1,34816,64,1
"KERNEL_DISPATCH","Agent 5",1,0,791505,1567,27,"gated_delta_net_q8_fast",1567,73989313430231,73989314006157,2048,0,64,0,128,32,1,1,1536,32,1
"KERNEL_DISPATCH","Agent 5",1,0,791505,1562,27,"gated_delta_net_q8_fast",1562,73989310476283,73989311072329,2048,0,64,0,128,32,1,1,1536,32,1
"KERNEL_DISPATCH","Agent 5",1,0,791505,1557,27,"gated_delta_net_q8_fast",1557,73989307449893,73989308054499,2048,0,64,0,128,32,1,1,1536,32,1
"KERNEL_DISPATCH","Agent 5",1,0,791505,1552,25,"gdn_pre_batched_gfx1201",1552,73989302201563,73989304977229,33280,0,224,0,128,256,1,1,2686976,1,1
"KERNEL_DISPATCH","Agent 5",1,0,791505,1547,20,"fused_rmsnorm_mq_rotate_awq_i4_gfx12",1547,73989295923062,73989296398506,0,0,96,0,128,256,1,1,2097152,1,1
"KERNEL_DISPATCH","Agent 5",1,0,791505,1542,20,"fused_rmsnorm_mq_rotate_awq_i4_gfx12",1542,73989275895747,73989276328632,0,0,96,0,128,256,1,1,2097152,1,1
"KERNEL_DISPATCH","Agent 5",1,0,791505,1537,27,"gated_delta_net_q8_fast",1537,73989271384464,73989271920069,2048,0,64,0,128,32,1,1,1536,32,1
"KERNEL_DISPATCH","Agent 5",1,0,791505,1532,27,"gated_delta_net_q8_fast",1532,73989268675917,73989269213283,2048,0,64,0,128,32,1,1,1536,32,1
"KERNEL_DISPATCH","Agent 5",1,0,791505,1527,27,"gated_delta_net_q8_fast",1527,73989265948131,73989266492776,2048,0,64,0,128,32,1,1,1536,32,1
"KERNEL_DISPATCH","Agent 5",1,0,791505,1522,21,"gemm_mq4g256v2_residual_mmq_iu4_full_set_symfold",1522,73989261630369,73989261685209,0,0,184,0,128,256,1,1,256,64,1
"KERNEL_DISPATCH","Agent 5",1,0,791505,1517,22,"gemm_mq4g256v2_residual_mmq_iu4_full_add_symfold",1517,73989249988456,73989255791952,0,0,184,0,128,256,1,1,10240,64,1
"KERNEL_DISPATCH","Agent 5",1,0,791505,1512,22,"gemm_mq4g256v2_residual_mmq_iu4_full_add_symfold",1512,73989232897490,73989235399394,0,0,184,0,128,256,1,1,10240,64,1
"KERNEL_DISPATCH","Agent 5",1,0,791505,1507,36,"kv_cache_write_q8_0_batched",1507,73989192787181,73989192909222,0,0,8,0,128,32,1,1,1024,8192,1
"KERNEL_DISPATCH","Agent 5",1,0,791505,1502,21,"gemm_mq4g256v2_residual_mmq_iu4_full_set_symfold",1502,73989190014834,73989190375318,0,0,184,0,128,256,1,1,2048,64,1
"KERNEL_DISPATCH","Agent 5",1,0,791505,1497,21,"gemm_mq4g256v2_residual_mmq_iu4_full_set_symfold",1497,73989171459134,73989177336711,0,0,184,0,128,256,1,1,34816,64,1
"KERNEL_DISPATCH","Agent 5",1,0,791505,1492,27,"gated_delta_net_q8_fast",1492,73989161728400,73989162293205,2048,0,64,0,128,32,1,1,1536,32,1
"KERNEL_DISPATCH","Agent 5",1,0,791505,1487,27,"gated_delta_net_q8_fast",1487,73989158842012,73989159422777,2048,0,64,0,128,32,1,1,1536,32,1
"KERNEL_DISPATCH","Agent 5",1,0,791505,1482,27,"gated_delta_net_q8_fast",1482,73989155846823,73989156449749,2048,0,64,0,128,32,1,1,1536,32,1
"KERNEL_DISPATCH","Agent 5",1,0,791505,1477,27,"gated_delta_net_q8_fast",1477,73989152794793,73989153409119,2048,0,64,0,128,32,1,1,1536,32,1
"KERNEL_DISPATCH","Agent 5",1,0,791505,1472,21,"gemm_mq4g256v2_residual_mmq_iu4_full_set_symfold",1472,73989144202750,73989147691264,0,0,184,0,128,256,1,1,20480,64,1
"KERNEL_DISPATCH","Agent 5",1,0,791505,1467,21,"gemm_mq4g256v2_residual_mmq_iu4_full_set_symfold",1467,73989123936833,73989129826930,0,0,184,0,128,256,1,1,34816,64,1
"KERNEL_DISPATCH","Agent 5",1,0,791505,1462,27,"gated_delta_net_q8_fast",1462,73989119258588,73989119835273,2048,0,64,0,128,32,1,1,1536,32,1
"KERNEL_DISPATCH","Agent 5",1,0,791505,1457,27,"gated_delta_net_q8_fast",1457,73989116340639,73989116926445,2048,0,64,0,128,32,1,1,1536,32,1
"KERNEL_DISPATCH","Agent 5",1,0,791505,1452,27,"gated_delta_net_q8_fast",1452,73989113339890,73989113943336,2048,0,64,0,128,32,1,1,1536,32,1
"KERNEL_DISPATCH","Agent 5",1,0,791505,1447,25,"gdn_pre_batched_gfx1201",1447,73989108073839,73989110863666,33280,0,224,0,128,256,1,1,2686976,1,1
"KERNEL_DISPATCH","Agent 5",1,0,791505,1442,20,"fused_rmsnorm_mq_rotate_awq_i4_gfx12",1442,73989101743778,73989102220022,0,0,96,0,128,256,1,1,2097152,1,1
"KERNEL_DISPATCH","Agent 5",1,0,791505,1437,20,"fused_rmsnorm_mq_rotate_awq_i4_gfx12",1437,73989081629743,73989082063307,0,0,96,0,128,256,1,1,2097152,1,1
"KERNEL_DISPATCH","Agent 5",1,0,791505,1432,27,"gated_delta_net_q8_fast",1432,73989077059698,73989077604704,2048,0,64,0,128,32,1,1,1536,32,1
"KERNEL_DISPATCH","Agent 5",1,0,791505,1427,27,"gated_delta_net_q8_fast",1427,73989074300472,73989074851957,2048,0,64,0,128,32,1,1,1536,32,1
"KERNEL_DISPATCH","Agent 5",1,0,791505,1422,27,"gated_delta_net_q8_fast",1422,73989071506444,73989072058570,2048,0,64,0,128,32,1,1,1536,32,1
"KERNEL_DISPATCH","Agent 5",1,0,791505,1417,21,"gemm_mq4g256v2_residual_mmq_iu4_full_set_symfold",1417,73989067142642,73989067198043,0,0,184,0,128,256,1,1,256,64,1
"KERNEL_DISPATCH","Agent 5",1,0,791505,1412,22,"gemm_mq4g256v2_residual_mmq_iu4_full_add_symfold",1412,73989055667851,73989061290065,0,0,184,0,128,256,1,1,10240,64,1
"KERNEL_DISPATCH","Agent 5",1,0,791505,1407,22,"gemm_mq4g256v2_residual_mmq_iu4_full_add_symfold",1407,73989038643606,73989041215111,0,0,184,0,128,256,1,1,10240,64,1
"KERNEL_DISPATCH","Agent 5",1,0,791505,1402,36,"kv_cache_write_q8_0_batched",1402,73989000548436,73989000669517,0,0,8,0,128,32,1,1,1024,8192,1
"KERNEL_DISPATCH","Agent 5",1,0,791505,1397,21,"gemm_mq4g256v2_residual_mmq_iu4_full_set_symfold",1397,73988997778529,73988998136253,0,0,184,0,128,256,1,1,2048,64,1
"KERNEL_DISPATCH","Agent 5",1,0,791505,1392,21,"gemm_mq4g256v2_residual_mmq_iu4_full_set_symfold",1392,73988979249989,73988985078566,0,0,184,0,128,256,1,1,34816,64,1
"KERNEL_DISPATCH","Agent 5",1,0,791505,1387,27,"gated_delta_net_q8_fast",1387,73988969376974,73988969953539,2048,0,64,0,128,32,1,1,1536,32,1
"KERNEL_DISPATCH","Agent 5",1,0,791505,1382,27,"gated_delta_net_q8_fast",1382,73988966467225,73988967051431,2048,0,64,0,128,32,1,1,1536,32,1
"KERNEL_DISPATCH","Agent 5",1,0,791505,1377,27,"gated_delta_net_q8_fast",1377,73988963481316,73988964084842,2048,0,64,0,128,32,1,1,1536,32,1
"KERNEL_DISPATCH","Agent 5",1,0,791505,726,27,"gated_delta_net_q8_fast",726,73987770425062,73987771000428,2048,0,64,0,128,32,1,1,1536,32,1
"KERNEL_DISPATCH","Agent 5",1,0,791505,1372,27,"gated_delta_net_q8_fast",1372,73988960404047,73988961026333,2048,0,64,0,128,32,1,1,1536,32,1
"KERNEL_DISPATCH","Agent 5",1,0,791505,731,20,"fused_rmsnorm_mq_rotate_awq_i4_gfx12",731,73987775191788,73987775638233,0,0,96,0,128,256,1,1,2097152,1,1
"KERNEL_DISPATCH","Agent 5",1,0,791505,1367,21,"gemm_mq4g256v2_residual_mmq_iu4_full_set_symfold",1367,73988951875964,73988955354198,0,0,184,0,128,256,1,1,20480,64,1
"KERNEL_DISPATCH","Agent 5",1,0,791505,736,20,"fused_rmsnorm_mq_rotate_awq_i4_gfx12",736,73987795518665,73987795988790,0,0,96,0,128,256,1,1,2097152,1,1
"KERNEL_DISPATCH","Agent 5",1,0,791505,1362,21,"gemm_mq4g256v2_residual_mmq_iu4_full_set_symfold",1362,73988931611727,73988937350143,0,0,184,0,128,256,1,1,34816,64,1
"KERNEL_DISPATCH","Agent 5",1,0,791505,741,25,"gdn_pre_batched_gfx1201",741,73987801716366,73987804481552,33280,0,224,0,128,256,1,1,2686976,1,1
"KERNEL_DISPATCH","Agent 5",1,0,791505,1357,27,"gated_delta_net_q8_fast",1357,73988926992562,73988927568008,2048,0,64,0,128,32,1,1,1536,32,1
"KERNEL_DISPATCH","Agent 5",1,0,791505,746,27,"gated_delta_net_q8_fast",746,73987806890896,73987807477662,2048,0,64,0,128,32,1,1,1536,32,1
"KERNEL_DISPATCH","Agent 5",1,0,791505,1352,27,"gated_delta_net_q8_fast",1352,73988924033694,73988924629060,2048,0,64,0,128,32,1,1,1536,32,1
"KERNEL_DISPATCH","Agent 5",1,0,791505,751,27,"gated_delta_net_q8_fast",751,73987809830244,73987810408810,2048,0,64,0,128,32,1,1,1536,32,1
"KERNEL_DISPATCH","Agent 5",1,0,791505,1347,27,"gated_delta_net_q8_fast",1347,73988921004304,73988921606670,2048,0,64,0,128,32,1,1,1536,32,1
"KERNEL_DISPATCH","Agent 5",1,0,791505,756,27,"gated_delta_net_q8_fast",756,73987812728672,73987813298318,2048,0,64,0,128,32,1,1,1536,32,1
"KERNEL_DISPATCH","Agent 5",1,0,791505,1401,33,"rope_partial_halfsplit_batched_f32",1401,73989000142032,73989000544396,0,0,16,0,128,32,1,1,32,8192,1
"KERNEL_DISPATCH","Agent 5",1,0,791505,761,21,"gemm_mq4g256v2_residual_mmq_iu4_full_set_symfold",761,73987817310837,73987823010972,0,0,184,0,128,256,1,1,34816,64,1
"KERNEL_DISPATCH","Agent 5",1,0,791505,1396,21,"gemm_mq4g256v2_residual_mmq_iu4_full_set_symfold",1396,73988993598849,73988997766129,0,0,184,0,128,256,1,1,24576,64,1
"KERNEL_DISPATCH","Agent 5",1,0,791505,766,21,"gemm_mq4g256v2_residual_mmq_iu4_full_set_symfold",766,73987837386472,73987841562392,0,0,184,0,128,256,1,1,24576,64,1
"KERNEL_DISPATCH","Agent 5",1,0,791505,1391,21,"gemm_mq4g256v2_residual_mmq_iu4_full_set_symfold",1391,73988973422693,73988979237789,0,0,184,0,128,256,1,1,34816,64,1
"KERNEL_DISPATCH","Agent 5",1,0,791505,771,33,"rope_partial_halfsplit_batched_f32",771,73987843946135,73987844349739,0,0,16,0,128,32,1,1,32,8192,1
"KERNEL_DISPATCH","Agent 5",1,0,791505,1386,27,"gated_delta_net_q8_fast",1386,73988968799008,73988969373614,2048,0,64,0,128,32,1,1,1536,32,1
"KERNEL_DISPATCH","Agent 5",1,0,791505,776,41,"sigmoid_mul_rotate_x_mq_awq_i4_gfx12",776,73987882391908,73987883121875,0,0,88,0,128,32,1,1,6291456,1,1
"KERNEL_DISPATCH","Agent 5",1,0,791505,1381,27,"gated_delta_net_q8_fast",1381,73988965878580,73988966463865,2048,0,64,0,128,32,1,1,1536,32,1
"KERNEL_DISPATCH","Agent 5",1,0,791505,781,29,"fused_silu_mul_mq_rotate_awq_i4_gfx12",781,73987898295463,73987900410963,0,0,56,0,128,32,1,1,2176,8192,1
"KERNEL_DISPATCH","Agent 5",1,0,791505,1376,27,"gated_delta_net_q8_fast",1376,73988962872351,73988963477956,2048,0,64,0,128,32,1,1,1536,32,1
"KERNEL_DISPATCH","Agent 5",1,0,791505,786,21,"gemm_mq4g256v2_residual_mmq_iu4_full_set_symfold",786,73987911819994,73987911878154,0,0,184,0,128,256,1,1,256,64,1
"KERNEL_DISPATCH","Agent 5",1,0,791505,1371,25,"gdn_pre_batched_gfx1201",1371,73988957614540,73988960391806,33280,0,224,0,128,256,1,1,2686976,1,1
"KERNEL_DISPATCH","Agent 5",1,0,791505,791,27,"gated_delta_net_q8_fast",791,73987915672431,73987916223757,2048,0,64,0,128,32,1,1,1536,32,1
"KERNEL_DISPATCH","Agent 5",1,0,791505,1366,20,"fused_rmsnorm_mq_rotate_awq_i4_gfx12",1366,73988951399399,73988951872444,0,0,96,0,128,256,1,1,2097152,1,1
"KERNEL_DISPATCH","Agent 5",1,0,791505,796,27,"gated_delta_net_q8_fast",796,73987918439818,73987918986303,2048,0,64,0,128,32,1,1,1536,32,1
"KERNEL_DISPATCH","Agent 5",1,0,791505,1361,20,"fused_rmsnorm_mq_rotate_awq_i4_gfx12",1361,73988931164523,73988931608247,0,0,96,0,128,256,1,1,2097152,1,1
"KERNEL_DISPATCH","Agent 5",1,0,791505,801,27,"gated_delta_net_q8_fast",801,73987921186165,73987921727450,2048,0,64,0,128,32,1,1,1536,32,1
"KERNEL_DISPATCH","Agent 5",1,0,791505,1356,27,"gated_delta_net_q8_fast",1356,73988926406197,73988926989162,2048,0,64,0,128,32,1,1,1536,32,1
"KERNEL_DISPATCH","Agent 5",1,0,791505,806,22,"gemm_mq4g256v2_residual_mmq_iu4_full_add_symfold",806,73987924277435,73987926301694,0,0,184,0,128,256,1,1,10240,64,1
"KERNEL_DISPATCH","Agent 5",1,0,791505,1351,27,"gated_delta_net_q8_fast",1351,73988923426688,73988924030294,2048,0,64,0,128,32,1,1,1536,32,1
"KERNEL_DISPATCH","Agent 5",1,0,791505,811,22,"gemm_mq4g256v2_residual_mmq_iu4_full_add_symfold",811,73987940456992,73987946368329,0,0,184,0,128,256,1,1,10240,64,1
"KERNEL_DISPATCH","Agent 5",1,0,791505,1346,27,"gated_delta_net_q8_fast",1346,73988920396658,73988921000864,2048,0,64,0,128,32,1,1,1536,32,1
"KERNEL_DISPATCH","Agent 5",1,0,791505,816,21,"gemm_mq4g256v2_residual_mmq_iu4_full_set_symfold",816,73987952607989,73987952668110,0,0,184,0,128,256,1,1,256,64,1
"KERNEL_DISPATCH","Agent 5",1,0,791505,1341,21,"gemm_mq4g256v2_residual_mmq_iu4_full_set_symfold",1341,73988915680733,73988915741333,0,0,184,0,128,256,1,1,256,64,1
"KERNEL_DISPATCH","Agent 5",1,0,791505,821,27,"gated_delta_net_q8_fast",821,73987957302435,73987957904161,2048,0,64,0,128,32,1,1,1536,32,1
"KERNEL_DISPATCH","Agent 5",1,0,791505,1336,22,"gemm_mq4g256v2_residual_mmq_iu4_full_add_symfold",1336,73988903490814,73988909420592,0,0,184,0,128,256,1,1,10240,64,1
"KERNEL_DISPATCH","Agent 5",1,0,791505,826,27,"gated_delta_net_q8_fast",826,73987960311864,73987960910430,2048,0,64,0,128,32,1,1,1536,32,1
"KERNEL_DISPATCH","Agent 5",1,0,791505,1331,22,"gemm_mq4g256v2_residual_mmq_iu4_full_add_symfold",1331,73988887362538,73988889375878,0,0,184,0,128,256,1,1,10240,64,1
"KERNEL_DISPATCH","Agent 5",1,0,791505,831,27,"gated_delta_net_q8_fast",831,73987963289933,73987963874419,2048,0,64,0,128,32,1,1,1536,32,1
"KERNEL_DISPATCH","Agent 5",1,0,791505,1326,27,"gated_delta_net_q8_fast",1326,73988884329229,73988884860314,2048,0,64,0,128,32,1,1,1536,32,1
"KERNEL_DISPATCH","Agent 5",1,0,791505,836,20,"fused_rmsnorm_mq_rotate_awq_i4_gfx12",836,73987968073940,73987968516384,0,0,96,0,128,256,1,1,2097152,1,1
"KERNEL_DISPATCH","Agent 5",1,0,791505,1321,27,"gated_delta_net_q8_fast",1321,73988881640162,73988882175448,2048,0,64,0,128,32,1,1,1536,32,1
"KERNEL_DISPATCH","Agent 5",1,0,791505,841,20,"fused_rmsnorm_mq_rotate_awq_i4_gfx12",841,73987988300656,73987988775100,0,0,96,0,128,256,1,1,2097152,1,1
"KERNEL_DISPATCH","Agent 5",1,0,791505,1316,27,"gated_delta_net_q8_fast",1316,73988878937096,73988879475541,2048,0,64,0,128,32,1,1,1536,32,1
"KERNEL_DISPATCH","Agent 5",1,0,791505,846,25,"gdn_pre_batched_gfx1201",846,73987994572157,73987997336783,33280,0,224,0,128,256,1,1,2686976,1,1
"KERNEL_DISPATCH","Agent 5",1,0,791505,1311,21,"gemm_mq4g256v2_residual_mmq_iu4_full_set_symfold",1311,73988875130699,73988875188500,0,0,184,0,128,256,1,1,256,64,1
"KERNEL_DISPATCH","Agent 5",1,0,791505,851,27,"gated_delta_net_q8_fast",851,73987999780727,73988000375773,2048,0,64,0,128,32,1,1,1536,32,1
"KERNEL_DISPATCH","Agent 5",1,0,791505,856,27,"gated_delta_net_q8_fast",856,73988002761476,73988003348122,2048,0,64,0,128,32,1,1,1536,32,1
"KERNEL_DISPATCH","Agent 5",1,0,791505,861,27,"gated_delta_net_q8_fast",861,73988005678864,73988006249270,2048,0,64,0,128,32,1,1,1536,32,1
"KERNEL_DISPATCH","Agent 5",1,0,791505,866,21,"gemm_mq4g256v2_residual_mmq_iu4_full_set_symfold",866,73988010289069,73988016061685,0,0,184,0,128,256,1,1,34816,64,1
"KERNEL_DISPATCH","Agent 5",1,0,791505,871,21,"gemm_mq4g256v2_residual_mmq_iu4_full_set_symfold",871,73988030458985,73988034636425,0,0,184,0,128,256,1,1,24576,64,1
"KERNEL_DISPATCH","Agent 5",1,0,791505,876,33,"rope_partial_halfsplit_batched_f32",876,73988037018368,73988037420132,0,0,16,0,128,32,1,1,32,8192,1
"KERNEL_DISPATCH","Agent 5",1,0,791505,881,41,"sigmoid_mul_rotate_x_mq_awq_i4_gfx12",881,73988074926016,73988075656543,0,0,88,0,128,32,1,1,6291456,1,1
"KERNEL_DISPATCH","Agent 5",1,0,791505,886,29,"fused_silu_mul_mq_rotate_awq_i4_gfx12",886,73988090369846,73988092477306,0,0,56,0,128,32,1,1,2176,8192,1
"KERNEL_DISPATCH","Agent 5",1,0,791505,891,21,"gemm_mq4g256v2_residual_mmq_iu4_full_set_symfold",891,73988103952698,73988104010858,0,0,184,0,128,256,1,1,256,64,1
"KERNEL_DISPATCH","Agent 5",1,0,791505,896,27,"gated_delta_net_q8_fast",896,73988107791855,73988108337780,2048,0,64,0,128,32,1,1,1536,32,1
"KERNEL_DISPATCH","Agent 5",1,0,791505,901,27,"gated_delta_net_q8_fast",901,73988110527402,73988111070487,2048,0,64,0,128,32,1,1,1536,32,1
"KERNEL_DISPATCH","Agent 5",1,0,791505,906,27,"gated_delta_net_q8_fast",906,73988113242668,73988113781873,2048,0,64,0,128,32,1,1,1536,32,1
"KERNEL_DISPATCH","Agent 5",1,0,791505,911,22,"gemm_mq4g256v2_residual_mmq_iu4_full_add_symfold",911,73988116314498,73988118338997,0,0,184,0,128,256,1,1,10240,64,1
"KERNEL_DISPATCH","Agent 5",1,0,791505,916,22,"gemm_mq4g256v2_residual_mmq_iu4_full_add_symfold",916,73988132516695,73988138504833,0,0,184,0,128,256,1,1,10240,64,1
"KERNEL_DISPATCH","Agent 5",1,0,791505,921,21,"gemm_mq4g256v2_residual_mmq_iu4_full_set_symfold",921,73988144682373,73988144742933,0,0,184,0,128,256,1,1,256,64,1
"KERNEL_DISPATCH","Agent 5",1,0,791505,926,27,"gated_delta_net_q8_fast",926,73988149403259,73988150010825,2048,0,64,0,128,32,1,1,1536,32,1
"KERNEL_DISPATCH","Agent 5",1,0,791505,931,27,"gated_delta_net_q8_fast",931,73988152403848,73988152991253,2048,0,64,0,128,32,1,1,1536,32,1
"KERNEL_DISPATCH","Agent 5",1,0,791505,936,27,"gated_delta_net_q8_fast",936,73988155322076,73988155894362,2048,0,64,0,128,32,1,1,1536,32,1
"KERNEL_DISPATCH","Agent 5",1,0,791505,941,20,"fused_rmsnorm_mq_rotate_awq_i4_gfx12",941,73988160114283,73988160557807,0,0,96,0,128,256,1,1,2097152,1,1
"KERNEL_DISPATCH","Agent 5",1,0,791505,946,20,"fused_rmsnorm_mq_rotate_awq_i4_gfx12",946,73988180327479,73988180799203,0,0,96,0,128,256,1,1,2097152,1,1
"KERNEL_DISPATCH","Agent 5",1,0,791505,951,25,"gdn_pre_batched_gfx1201",951,73988186579979,73988189362646,33280,0,224,0,128,256,1,1,2686976,1,1
"KERNEL_DISPATCH","Agent 5",1,0,791505,956,27,"gated_delta_net_q8_fast",956,73988191692309,73988192251754,2048,0,64,0,128,32,1,1,1536,32,1
"KERNEL_DISPATCH","Agent 5",1,0,791505,961,27,"gated_delta_net_q8_fast",961,73988194489856,73988195041221,2048,0,64,0,128,32,1,1,1536,32,1
"KERNEL_DISPATCH","Agent 5",1,0,791505,966,27,"gated_delta_net_q8_fast",966,73988197236203,73988197776288,2048,0,64,0,128,32,1,1,1536,32,1
"KERNEL_DISPATCH","Agent 5",1,0,791505,971,21,"gemm_mq4g256v2_residual_mmq_iu4_full_set_symfold",971,73988201812367,73988207650704,0,0,184,0,128,256,1,1,34816,64,1
"KERNEL_DISPATCH","Agent 5",1,0,791505,976,21,"gemm_mq4g256v2_residual_mmq_iu4_full_set_symfold",976,73988222032723,73988226214324,0,0,184,0,128,256,1,1,24576,64,1
"KERNEL_DISPATCH","Agent 5",1,0,791505,981,33,"rope_partial_halfsplit_batched_f32",981,73988228597747,73988228997631,0,0,16,0,128,32,1,1,32,8192,1
"KERNEL_DISPATCH","Agent 5",1,0,791505,986,41,"sigmoid_mul_rotate_x_mq_awq_i4_gfx12",986,73988266998520,73988267727367,0,0,88,0,128,32,1,1,6291456,1,1
"KERNEL_DISPATCH","Agent 5",1,0,791505,991,29,"fused_silu_mul_mq_rotate_awq_i4_gfx12",991,73988283025435,73988285154616,0,0,56,0,128,32,1,1,2176,8192,1
"KERNEL_DISPATCH","Agent 5",1,0,791505,996,21,"gemm_mq4g256v2_residual_mmq_iu4_full_set_symfold",996,73988296638047,73988296694768,0,0,184,0,128,256,1,1,256,64,1
"KERNEL_DISPATCH","Agent 5",1,0,791505,1001,27,"gated_delta_net_q8_fast",1001,73988300468084,73988301014450,2048,0,64,0,128,32,1,1,1536,32,1
"KERNEL_DISPATCH","Agent 5",1,0,791505,1006,27,"gated_delta_net_q8_fast",1006,73988303232591,73988303779116,2048,0,64,0,128,32,1,1,1536,32,1
"KERNEL_DISPATCH","Agent 5",1,0,791505,1011,27,"gated_delta_net_q8_fast",1011,73988305965818,73988306506543,2048,0,64,0,128,32,1,1,1536,32,1
"KERNEL_DISPATCH","Agent 5",1,0,791505,1016,22,"gemm_mq4g256v2_residual_mmq_iu4_full_add_symfold",1016,73988309027927,73988311064707,0,0,184,0,128,256,1,1,10240,64,1
"KERNEL_DISPATCH","Agent 5",1,0,791505,1021,22,"gemm_mq4g256v2_residual_mmq_iu4_full_add_symfold",1021,73988325207124,73988331179542,0,0,184,0,128,256,1,1,10240,64,1
"KERNEL_DISPATCH","Agent 5",1,0,791505,1026,21,"gemm_mq4g256v2_residual_mmq_iu4_full_set_symfold",1026,73988337346562,73988337406403,0,0,184,0,128,256,1,1,256,64,1
"KERNEL_DISPATCH","Agent 5",1,0,791505,1031,27,"gated_delta_net_q8_fast",1031,73988342036808,73988342638573,2048,0,64,0,128,32,1,1,1536,32,1
"KERNEL_DISPATCH","Agent 5",1,0,791505,1036,27,"gated_delta_net_q8_fast",1036,73988345052837,73988345642643,2048,0,64,0,128,32,1,1,1536,32,1
"KERNEL_DISPATCH","Agent 5",1,0,791505,1342,25,"gdn_pre_batched_gfx1201",1342,73988915744973,73988918532680,33280,0,224,0,128,256,1,1,2686976,1,1
"KERNEL_DISPATCH","Agent 5",1,0,791505,1041,27,"gated_delta_net_q8_fast",1041,73988347997305,73988348571231,2048,0,64,0,128,32,1,1,1536,32,1
"KERNEL_DISPATCH","Agent 5",1,0,791505,1046,20,"fused_rmsnorm_mq_rotate_awq_i4_gfx12",1046,73988352766272,73988353211356,0,0,96,0,128,256,1,1,2097152,1,1
"KERNEL_DISPATCH","Agent 5",1,0,791505,1051,20,"fused_rmsnorm_mq_rotate_awq_i4_gfx12",1051,73988372967508,73988373443712,0,0,96,0,128,256,1,1,2097152,1,1
"KERNEL_DISPATCH","Agent 5",1,0,791505,1056,25,"gdn_pre_batched_gfx1201",1056,73988379223768,73988381999595,33280,0,224,0,128,256,1,1,2686976,1,1
"KERNEL_DISPATCH","Agent 5",1,0,791505,1061,27,"gated_delta_net_q8_fast",1061,73988384449979,73988385048065,2048,0,64,0,128,32,1,1,1536,32,1
"KERNEL_DISPATCH","Agent 5",1,0,791505,1066,27,"gated_delta_net_q8_fast",1066,73988387437528,73988388027214,2048,0,64,0,128,32,1,1,1536,32,1
"KERNEL_DISPATCH","Agent 5",1,0,791505,1071,27,"gated_delta_net_q8_fast",1071,73988390350876,73988390919962,2048,0,64,0,128,32,1,1,1536,32,1
"KERNEL_DISPATCH","Agent 5",1,0,791505,1883,27,"gated_delta_net_q8_fast",1883,73989892547490,73989893115415,2048,0,64,0,128,32,1,1,1536,32,1
"KERNEL_DISPATCH","Agent 5",1,0,791505,1076,21,"gemm_mq4g256v2_residual_mmq_iu4_full_set_symfold",1076,73988394947841,73988400769697,0,0,184,0,128,256,1,1,34816,64,1
"KERNEL_DISPATCH","Agent 5",1,0,791505,1878,27,"gated_delta_net_q8_fast",1878,73989889646622,73989890229267,2048,0,64,0,128,32,1,1,1536,32,1
"KERNEL_DISPATCH","Agent 5",1,0,791505,1081,21,"gemm_mq4g256v2_residual_mmq_iu4_full_set_symfold",1081,73988415116156,73988419302277,0,0,184,0,128,256,1,1,24576,64,1
"KERNEL_DISPATCH","Agent 5",1,0,791505,1086,33,"rope_partial_halfsplit_batched_f32",1086,73988421684500,73988422085624,0,0,16,0,128,32,1,1,32,8192,1
"KERNEL_DISPATCH","Agent 5",1,0,791505,1091,41,"sigmoid_mul_rotate_x_mq_awq_i4_gfx12",1091,73988459498627,73988460244354,0,0,88,0,128,32,1,1,6291456,1,1
"KERNEL_DISPATCH","Agent 5",1,0,791505,1096,29,"fused_silu_mul_mq_rotate_awq_i4_gfx12",1096,73988475343381,73988477450841,0,0,56,0,128,32,1,1,2176,8192,1
"KERNEL_DISPATCH","Agent 5",1,0,791505,1101,21,"gemm_mq4g256v2_residual_mmq_iu4_full_set_symfold",1101,73988488857832,73988488915752,0,0,184,0,128,256,1,1,256,64,1
"KERNEL_DISPATCH","Agent 5",1,0,791505,1306,29,"fused_silu_mul_mq_rotate_awq_i4_gfx12",1306,73988861409206,73988863516547,0,0,56,0,128,32,1,1,2176,8192,1
"KERNEL_DISPATCH","Agent 5",1,0,791505,1106,27,"gated_delta_net_q8_fast",1106,73988492730829,73988493282795,2048,0,64,0,128,32,1,1,1536,32,1
"KERNEL_DISPATCH","Agent 5",1,0,791505,1873,27,"gated_delta_net_q8_fast",1873,73989886677113,73989887269719,2048,0,64,0,128,32,1,1,1536,32,1
"KERNEL_DISPATCH","Agent 5",1,0,791505,1301,41,"sigmoid_mul_rotate_x_mq_awq_i4_gfx12",1301,73988845665253,73988846413301,0,0,88,0,128,32,1,1,6291456,1,1
"KERNEL_DISPATCH","Agent 5",1,0,791505,1868,27,"gated_delta_net_q8_fast",1868,73989883641923,73989884255569,2048,0,64,0,128,32,1,1,1536,32,1
"KERNEL_DISPATCH","Agent 5",1,0,791505,1296,33,"rope_partial_halfsplit_batched_f32",1296,73988806564474,73988806966278,0,0,16,0,128,32,1,1,32,8192,1
"KERNEL_DISPATCH","Agent 5",1,0,791505,1863,21,"gemm_mq4g256v2_residual_mmq_iu4_full_set_symfold",1863,73989875077000,73989878583354,0,0,184,0,128,256,1,1,20480,64,1
"KERNEL_DISPATCH","Agent 5",1,0,791505,1291,21,"gemm_mq4g256v2_residual_mmq_iu4_full_set_symfold",1291,73988799984530,73988804180611,0,0,184,0,128,256,1,1,24576,64,1
"KERNEL_DISPATCH","Agent 5",1,0,791505,1858,21,"gemm_mq4g256v2_residual_mmq_iu4_full_set_symfold",1858,73989854823964,73989860465459,0,0,184,0,128,256,1,1,34816,64,1
"KERNEL_DISPATCH","Agent 5",1,0,791505,1286,21,"gemm_mq4g256v2_residual_mmq_iu4_full_set_symfold",1286,73988779822335,73988785543590,0,0,184,0,128,256,1,1,34816,64,1
"KERNEL_DISPATCH","Agent 5",1,0,791505,1853,27,"gated_delta_net_q8_fast",1853,73989850329280,73989850875085,2048,0,64,0,128,32,1,1,1536,32,1
"KERNEL_DISPATCH","Agent 5",1,0,791505,1281,27,"gated_delta_net_q8_fast",1281,73988775248330,73988775821216,2048,0,64,0,128,32,1,1,1536,32,1
"KERNEL_DISPATCH","Agent 5",1,0,791505,1276,27,"gated_delta_net_q8_fast",1276,73988772330382,73988772922028,2048,0,64,0,128,32,1,1,1536,32,1
"KERNEL_DISPATCH","Agent 5",1,0,791505,1848,27,"gated_delta_net_q8_fast",1848,73989847567413,73989848119459,2048,0,64,0,128,32,1,1,1536,32,1
"KERNEL_DISPATCH","Agent 5",1,0,791505,1843,27,"gated_delta_net_q8_fast",1843,73989844766466,73989845328512,2048,0,64,0,128,32,1,1,1536,32,1
"KERNEL_DISPATCH","Agent 5",1,0,791505,1838,25,"gdn_pre_batched_gfx1201",1838,73989839881259,73989842495884,33280,0,224,0,128,256,1,1,2686976,1,1
"KERNEL_DISPATCH","Agent 5",1,0,791505,1271,27,"gated_delta_net_q8_fast",1271,73988769340153,73988769940759,2048,0,64,0,128,32,1,1,1536,32,1
"KERNEL_DISPATCH","Agent 5",1,0,791505,1833,20,"fused_rmsnorm_mq_rotate_awq_i4_gfx12",1833,73989833966041,73989834404646,0,0,96,0,128,256,1,1,2097152,1,1
"KERNEL_DISPATCH","Agent 5",1,0,791505,1266,25,"gdn_pre_batched_gfx1201",1266,73988764137903,73988766899009,33280,0,224,0,128,256,1,1,2686976,1,1
"KERNEL_DISPATCH","Agent 5",1,0,791505,1261,20,"fused_rmsnorm_mq_rotate_awq_i4_gfx12",1261,73988757920202,73988758392847,0,0,96,0,128,256,1,1,2097152,1,1
"KERNEL_DISPATCH","Agent 5",1,0,791505,1828,20,"fused_rmsnorm_mq_rotate_awq_i4_gfx12",1828,73989813857606,73989814263890,0,0,96,0,128,256,1,1,2097152,1,1
"KERNEL_DISPATCH","Agent 5",1,0,791505,1823,36,"kv_cache_write_q8_0_batched",1823,73989773125011,73989773247492,0,0,8,0,128,32,1,1,1024,8192,1
"KERNEL_DISPATCH","Agent 5",1,0,791505,1818,21,"gemm_mq4g256v2_residual_mmq_iu4_full_set_symfold",1818,73989770586067,73989770943870,0,0,184,0,128,256,1,1,2048,64,1
"KERNEL_DISPATCH","Agent 5",1,0,791505,1813,29,"fused_silu_mul_mq_rotate_awq_i4_gfx12",1813,73989757506220,73989759616160,0,0,56,0,128,32,1,1,2176,8192,1
"KERNEL_DISPATCH","Agent 5",1,0,791505,1808,28,"gated_norm_mq_rotate_awq_i4_gfx12",1808,73989742341913,73989743263961,1024,0,40,0,128,64,1,1,1536,8192,1
"KERNEL_DISPATCH","Agent 5",1,0,791505,1803,27,"gated_delta_net_q8_fast",1803,73989739446564,73989740029370,2048,0,64,0,128,32,1,1,1536,32,1
"KERNEL_DISPATCH","Agent 5",1,0,791505,1798,27,"gated_delta_net_q8_fast",1798,73989736477296,73989737071901,2048,0,64,0,128,32,1,1,1536,32,1
"KERNEL_DISPATCH","Agent 5",1,0,791505,1793,27,"gated_delta_net_q8_fast",1793,73989733456266,73989734064192,2048,0,64,0,128,32,1,1,1536,32,1
"KERNEL_DISPATCH","Agent 5",1,0,791505,1788,21,"gemm_mq4g256v2_residual_mmq_iu4_full_set_symfold",1788,73989727773051,73989729905192,0,0,184,0,128,256,1,1,12288,64,1
"KERNEL_DISPATCH","Agent 5",1,0,791505,1337,20,"fused_rmsnorm_mq_rotate_awq_i4_gfx12",1337,73988909432872,73988909906917,0,0,96,0,128,256,1,1,2097152,1,1
"KERNEL_DISPATCH","Agent 5",1,0,791505,1783,21,"gemm_mq4g256v2_residual_mmq_iu4_full_set_symfold",1783,73989709762156,73989715666414,0,0,184,0,128,256,1,1,34816,64,1
"KERNEL_DISPATCH","Agent 5",1,0,791505,1332,20,"fused_rmsnorm_mq_rotate_awq_i4_gfx12",1332,73988889387878,73988889816682,0,0,96,0,128,256,1,1,2097152,1,1
"KERNEL_DISPATCH","Agent 5",1,0,791505,1778,27,"gated_delta_net_q8_fast",1778,73989699887301,73989700459146,2048,0,64,0,128,32,1,1,1536,32,1
"KERNEL_DISPATCH","Agent 5",1,0,791505,1327,27,"gated_delta_net_q8_fast",1327,73988884863674,73988885398759,2048,0,64,0,128,32,1,1,1536,32,1
"KERNEL_DISPATCH","Agent 5",1,0,791505,1773,27,"gated_delta_net_q8_fast",1773,73989696955312,73989697543758,2048,0,64,0,128,32,1,1,1536,32,1
"KERNEL_DISPATCH","Agent 5",1,0,791505,1322,27,"gated_delta_net_q8_fast",1322,73988882178808,73988882711613,2048,0,64,0,128,32,1,1,1536,32,1
"KERNEL_DISPATCH","Agent 5",1,0,791505,1317,27,"gated_delta_net_q8_fast",1317,73988879478742,73988880013787,2048,0,64,0,128,32,1,1,1536,32,1
"KERNEL_DISPATCH","Agent 5",1,0,791505,1768,27,"gated_delta_net_q8_fast",1768,73989693960483,73989694559809,2048,0,64,0,128,32,1,1,1536,32,1
"KERNEL_DISPATCH","Agent 5",1,0,791505,1312,21,"gemm_mq4g256v2_residual_mmq_iu4_full_set_symfold",1312,73988875191900,73988875247020,0,0,184,0,128,256,1,1,256,64,1
"KERNEL_DISPATCH","Agent 5",1,0,791505,1763,27,"gated_delta_net_q8_fast",1763,73989690913654,73989691524980,2048,0,64,0,128,32,1,1,1536,32,1
"KERNEL_DISPATCH","Agent 5",1,0,791505,1307,22,"gemm_mq4g256v2_residual_mmq_iu4_full_add_symfold",1307,73988863528627,73988869315883,0,0,184,0,128,256,1,1,10240,64,1
"KERNEL_DISPATCH","Agent 5",1,0,791505,1758,21,"gemm_mq4g256v2_residual_mmq_iu4_full_set_symfold",1758,73989682338250,73989685847764,0,0,184,0,128,256,1,1,20480,64,1
"KERNEL_DISPATCH","Agent 5",1,0,791505,1302,22,"gemm_mq4g256v2_residual_mmq_iu4_full_add_symfold",1302,73988846416821,73988848985646,0,0,184,0,128,256,1,1,10240,64,1
"KERNEL_DISPATCH","Agent 5",1,0,791505,1753,21,"gemm_mq4g256v2_residual_mmq_iu4_full_set_symfold",1753,73989662083254,73989667783789,0,0,184,0,128,256,1,1,34816,64,1
"KERNEL_DISPATCH","Agent 5",1,0,791505,1297,36,"kv_cache_write_q8_0_batched",1297,73988806970278,73988807091199,0,0,8,0,128,32,1,1,1024,8192,1
"KERNEL_DISPATCH","Agent 5",1,0,791505,1748,27,"gated_delta_net_q8_fast",1748,73989657584090,73989658133456,2048,0,64,0,128,32,1,1,1536,32,1
"KERNEL_DISPATCH","Agent 5",1,0,791505,1292,21,"gemm_mq4g256v2_residual_mmq_iu4_full_set_symfold",1292,73988804192891,73988804556215,0,0,184,0,128,256,1,1,2048,64,1
"KERNEL_DISPATCH","Agent 5",1,0,791505,1287,21,"gemm_mq4g256v2_residual_mmq_iu4_full_set_symfold",1287,73988785555830,73988791458648,0,0,184,0,128,256,1,1,34816,64,1
"KERNEL_DISPATCH","Agent 5",1,0,791505,1282,27,"gated_delta_net_q8_fast",1282,73988775824496,73988776389861,2048,0,64,0,128,32,1,1,1536,32,1
"KERNEL_DISPATCH","Agent 5",1,0,791505,1277,27,"gated_delta_net_q8_fast",1277,73988772925428,73988773506993,2048,0,64,0,128,32,1,1,1536,32,1
"KERNEL_DISPATCH","Agent 5",1,0,791505,1272,27,"gated_delta_net_q8_fast",1272,73988769944159,73988770537805,2048,0,64,0,128,32,1,1,1536,32,1
"KERNEL_DISPATCH","Agent 5",1,0,791505,1267,27,"gated_delta_net_q8_fast",1267,73988766911209,73988767521455,2048,0,64,0,128,32,1,1,1536,32,1
"KERNEL_DISPATCH","Agent 5",1,0,791505,1262,21,"gemm_mq4g256v2_residual_mmq_iu4_full_set_symfold",1262,73988758396407,73988761872921,0,0,184,0,128,256,1,1,20480,64,1
"KERNEL_DISPATCH","Agent 5",1,0,791505,1257,21,"gemm_mq4g256v2_residual_mmq_iu4_full_set_symfold",1257,73988738226451,73988743963347,0,0,184,0,128,256,1,1,34816,64,1
"KERNEL_DISPATCH","Agent 5",1,0,791505,1111,27,"gated_delta_net_q8_fast",1111,73988495495376,73988496040142,2048,0,64,0,128,32,1,1,1536,32,1
"KERNEL_DISPATCH","Agent 5",1,0,791505,1252,27,"gated_delta_net_q8_fast",1252,73988733648087,73988734217052,2048,0,64,0,128,32,1,1,1536,32,1
"KERNEL_DISPATCH","Agent 5",1,0,791505,1116,27,"gated_delta_net_q8_fast",1116,73988498230403,73988498771728,2048,0,64,0,128,32,1,1,1536,32,1
"KERNEL_DISPATCH","Agent 5",1,0,791505,1247,27,"gated_delta_net_q8_fast",1247,73988730736458,73988731321424,2048,0,64,0,128,32,1,1,1536,32,1
"KERNEL_DISPATCH","Agent 5",1,0,791505,1121,22,"gemm_mq4g256v2_residual_mmq_iu4_full_add_symfold",1121,73988501321913,73988503366253,0,0,184,0,128,256,1,1,10240,64,1
"KERNEL_DISPATCH","Agent 5",1,0,791505,1126,22,"gemm_mq4g256v2_residual_mmq_iu4_full_add_symfold",1126,73988517528230,73988523511608,0,0,184,0,128,256,1,1,10240,64,1
"KERNEL_DISPATCH","Agent 5",1,0,791505,1131,21,"gemm_mq4g256v2_residual_mmq_iu4_full_set_symfold",1131,73988529650708,73988529710348,0,0,184,0,128,256,1,1,256,64,1
"KERNEL_DISPATCH","Agent 5",1,0,791505,1136,27,"gated_delta_net_q8_fast",1136,73988534332753,73988534934599,2048,0,64,0,128,32,1,1,1536,32,1
"KERNEL_DISPATCH","Agent 5",1,0,791505,1141,27,"gated_delta_net_q8_fast",1141,73988537339902,73988537931348,2048,0,64,0,128,32,1,1,1536,32,1
"KERNEL_DISPATCH","Agent 5",1,0,791505,1146,27,"gated_delta_net_q8_fast",1146,73988540276931,73988540852696,2048,0,64,0,128,32,1,1,1536,32,1
"KERNEL_DISPATCH","Agent 5",1,0,791505,1151,20,"fused_rmsnorm_mq_rotate_awq_i4_gfx12",1151,73988545059337,73988545505261,0,0,96,0,128,256,1,1,2097152,1,1
"KERNEL_DISPATCH","Agent 5",1,0,791505,1156,20,"fused_rmsnorm_mq_rotate_awq_i4_gfx12",1156,73988565207813,73988565680497,0,0,96,0,128,256,1,1,2097152,1,1
"KERNEL_DISPATCH","Agent 5",1,0,791505,1161,25,"gdn_pre_batched_gfx1201",1161,73988571486554,73988574239540,33280,0,224,0,128,256,1,1,2686976,1,1
"KERNEL_DISPATCH","Agent 5",1,0,791505,1166,27,"gated_delta_net_q8_fast",1166,73988576681124,73988577275090,2048,0,64,0,128,32,1,1,1536,32,1
"KERNEL_DISPATCH","Agent 5",1,0,791505,1171,27,"gated_delta_net_q8_fast",1171,73988579655793,73988580243078,2048,0,64,0,128,32,1,1,1536,32,1
"KERNEL_DISPATCH","Agent 5",1,0,791505,1176,27,"gated_delta_net_q8_fast",1176,73988582582141,73988583154627,2048,0,64,0,128,32,1,1,1536,32,1
"KERNEL_DISPATCH","Agent 5",1,0,791505,1181,21,"gemm_mq4g256v2_residual_mmq_iu4_full_set_symfold",1181,73988587148265,73988592864521,0,0,184,0,128,256,1,1,34816,64,1
"KERNEL_DISPATCH","Agent 5",1,0,791505,1186,21,"gemm_mq4g256v2_residual_mmq_iu4_full_set_symfold",1186,73988607267781,73988611434261,0,0,184,0,128,256,1,1,24576,64,1
"KERNEL_DISPATCH","Agent 5",1,0,791505,1191,33,"rope_partial_halfsplit_batched_f32",1191,73988613822884,73988614224128,0,0,16,0,128,32,1,1,32,8192,1
"KERNEL_DISPATCH","Agent 5",1,0,791505,1256,20,"fused_rmsnorm_mq_rotate_awq_i4_gfx12",1256,73988737781407,73988738223011,0,0,96,0,128,256,1,1,2097152,1,1
"KERNEL_DISPATCH","Agent 5",1,0,791505,1251,27,"gated_delta_net_q8_fast",1251,73988733073801,73988733644687,2048,0,64,0,128,32,1,1,1536,32,1
"KERNEL_DISPATCH","Agent 5",1,0,791505,1246,27,"gated_delta_net_q8_fast",1246,73988730142853,73988730732898,2048,0,64,0,128,32,1,1,1536,32,1
"KERNEL_DISPATCH","Agent 5",1,0,791505,1196,41,"sigmoid_mul_rotate_x_mq_awq_i4_gfx12",1196,73988652513140,73988653244147,0,0,88,0,128,32,1,1,6291456,1,1
"KERNEL_DISPATCH","Agent 5",1,0,791505,1201,29,"fused_silu_mul_mq_rotate_awq_i4_gfx12",1201,73988667931129,73988670044630,0,0,56,0,128,32,1,1,2176,8192,1
"KERNEL_DISPATCH","Agent 5",1,0,791505,1206,21,"gemm_mq4g256v2_residual_mmq_iu4_full_set_symfold",1206,73988681651622,73988681708743,0,0,184,0,128,256,1,1,256,64,1
"KERNEL_DISPATCH","Agent 5",1,0,791505,1211,27,"gated_delta_net_q8_fast",1211,73988685477339,73988686017905,2048,0,64,0,128,32,1,1,1536,32,1
"KERNEL_DISPATCH","Agent 5",1,0,791505,1216,27,"gated_delta_net_q8_fast",1216,73988688218286,73988688758051,2048,0,64,0,128,32,1,1,1536,32,1
"KERNEL_DISPATCH","Agent 5",1,0,791505,1221,27,"gated_delta_net_q8_fast",1221,73988690931112,73988691465997,2048,0,64,0,128,32,1,1,1536,32,1
"KERNEL_DISPATCH","Agent 5",1,0,791505,1226,22,"gemm_mq4g256v2_residual_mmq_iu4_full_add_symfold",1226,73988693973742,73988695994161,0,0,184,0,128,256,1,1,10240,64,1
"KERNEL_DISPATCH","Agent 5",1,0,791505,1231,22,"gemm_mq4g256v2_residual_mmq_iu4_full_add_symfold",1231,73988710116338,73988716128557,0,0,184,0,128,256,1,1,10240,64,1
"KERNEL_DISPATCH","Agent 5",1,0,791505,1236,21,"gemm_mq4g256v2_residual_mmq_iu4_full_set_symfold",1236,73988722334417,73988722394898,0,0,184,0,128,256,1,1,256,64,1
"KERNEL_DISPATCH","Agent 5",1,0,791505,1241,27,"gated_delta_net_q8_fast",1241,73988727088663,73988727708189,2048,0,64,0,128,32,1,1,1536,32,1
"KERNEL_DISPATCH","Agent 5",1,0,791505,502,25,"gdn_pre_batched_gfx1201",502,73987382300177,73987385118404,33280,0,224,0,128,256,1,1,2686976,1,1
"KERNEL_DISPATCH","Agent 5",1,0,791505,507,27,"gated_delta_net_q8_fast",507,73987387340386,73987387882831,2048,0,64,0,128,32,1,1,1536,32,1
"KERNEL_DISPATCH","Agent 5",1,0,791505,512,27,"gated_delta_net_q8_fast",512,73987390009211,73987390530897,2048,0,64,0,128,32,1,1,1536,32,1
"KERNEL_DISPATCH","Agent 5",1,0,791505,517,27,"gated_delta_net_q8_fast",517,73987392678437,73987393221643,2048,0,64,0,128,32,1,1,1536,32,1
"KERNEL_DISPATCH","Agent 5",1,0,791505,522,21,"gemm_mq4g256v2_residual_mmq_iu4_full_set_symfold",522,73987397169841,73987402738735,0,0,184,0,128,256,1,1,34816,64,1
"KERNEL_DISPATCH","Agent 5",1,0,791505,527,21,"gemm_mq4g256v2_residual_mmq_iu4_full_set_symfold",527,73987416416588,73987419660979,0,0,184,0,128,256,1,1,20480,64,1
"KERNEL_DISPATCH","Agent 5",1,0,791505,532,27,"gated_delta_net_q8_fast",532,73987424529986,73987425077672,2048,0,64,0,128,32,1,1,1536,32,1
"KERNEL_DISPATCH","Agent 5",1,0,791505,3316,56,"fused_rmsnorm_mq_rotate_awq",3316,73990496665880,73990496673120,0,0,88,0,128,256,1,1,256,1,1
"KERNEL_DISPATCH","Agent 5",1,0,791505,537,27,"gated_delta_net_q8_fast",537,73987427234653,73987427764458,2048,0,64,0,128,32,1,1,1536,32,1
"KERNEL_DISPATCH","Agent 5",1,0,791505,542,27,"gated_delta_net_q8_fast",542,73987429898118,73987430431764,2048,0,64,0,128,32,1,1,1536,32,1
"KERNEL_DISPATCH","Agent 5",1,0,791505,547,27,"gated_delta_net_q8_fast",547,73987432614265,73987433155590,2048,0,64,0,128,32,1,1,1536,32,1
"KERNEL_DISPATCH","Agent 5",1,0,791505,1743,27,"gated_delta_net_q8_fast",1743,73989654801543,73989655357389,2048,0,64,0,128,32,1,1,1536,32,1
"KERNEL_DISPATCH","Agent 5",1,0,791505,1738,27,"gated_delta_net_q8_fast",1738,73989651976156,73989652538201,2048,0,64,0,128,32,1,1,1536,32,1
"KERNEL_DISPATCH","Agent 5",1,0,791505,552,21,"gemm_mq4g256v2_residual_mmq_iu4_full_set_symfold",552,73987442017796,73987447499649,0,0,184,0,128,256,1,1,34816,64,1
"KERNEL_DISPATCH","Agent 5",1,0,791505,557,21,"gemm_mq4g256v2_residual_mmq_iu4_full_set_symfold",557,73987459356684,73987459696168,0,0,184,0,128,256,1,1,2048,64,1
"KERNEL_DISPATCH","Agent 5",1,0,791505,1733,25,"gdn_pre_batched_gfx1201",1733,73989647100509,73989649723534,33280,0,224,0,128,256,1,1,2686976,1,1
"KERNEL_DISPATCH","Agent 5",1,0,791505,562,36,"kv_cache_write_q8_0_batched",562,73987462098111,73987462210512,0,0,8,0,128,32,1,1,1024,8192,1
"KERNEL_DISPATCH","Agent 5",1,0,791505,567,22,"gemm_mq4g256v2_residual_mmq_iu4_full_add_symfold",567,73987499451273,73987501964138,0,0,184,0,128,256,1,1,10240,64,1
"KERNEL_DISPATCH","Agent 5",1,0,791505,1728,20,"fused_rmsnorm_mq_rotate_awq_i4_gfx12",1728,73989641216331,73989641653816,0,0,96,0,128,256,1,1,2097152,1,1
"KERNEL_DISPATCH","Agent 5",1,0,791505,572,22,"gemm_mq4g256v2_residual_mmq_iu4_full_add_symfold",572,73987516044834,73987521788170,0,0,184,0,128,256,1,1,10240,64,1
"KERNEL_DISPATCH","Agent 5",1,0,791505,577,21,"gemm_mq4g256v2_residual_mmq_iu4_full_set_symfold",577,73987527857309,73987527912029,0,0,184,0,128,256,1,1,256,64,1
"KERNEL_DISPATCH","Agent 5",1,0,791505,1723,20,"fused_rmsnorm_mq_rotate_awq_i4_gfx12",1723,73989620923255,73989621318178,0,0,96,0,128,256,1,1,2097152,1,1
"KERNEL_DISPATCH","Agent 5",1,0,791505,1242,27,"gated_delta_net_q8_fast",1242,73988727711589,73988728324115,2048,0,64,0,128,32,1,1,1536,32,1
"KERNEL_DISPATCH","Agent 5",1,0,791505,582,27,"gated_delta_net_q8_fast",582,73987532029269,73987532524554,2048,0,64,0,128,32,1,1,1536,32,1
"KERNEL_DISPATCH","Agent 5",1,0,791505,1718,36,"kv_cache_write_q8_0_batched",1718,73989580173419,73989580296460,0,0,8,0,128,32,1,1,1024,8192,1
"KERNEL_DISPATCH","Agent 5",1,0,791505,587,27,"gated_delta_net_q8_fast",587,73987534550694,73987535057379,2048,0,64,0,128,32,1,1,1536,32,1
"KERNEL_DISPATCH","Agent 5",1,0,791505,1237,25,"gdn_pre_batched_gfx1201",1237,73988722398498,73988725178565,33280,0,224,0,128,256,1,1,2686976,1,1
"KERNEL_DISPATCH","Agent 5",1,0,791505,597,20,"fused_rmsnorm_mq_rotate_awq_i4_gfx12",597,73987541627362,73987542046806,0,0,96,0,128,256,1,1,2097152,1,1
"KERNEL_DISPATCH","Agent 5",1,0,791505,1232,20,"fused_rmsnorm_mq_rotate_awq_i4_gfx12",1232,73988716140877,73988716614161,0,0,96,0,128,256,1,1,2097152,1,1
"KERNEL_DISPATCH","Agent 5",1,0,791505,602,20,"fused_rmsnorm_mq_rotate_awq_i4_gfx12",602,73987561493155,73987561960600,0,0,96,0,128,256,1,1,2097152,1,1
"KERNEL_DISPATCH","Agent 5",1,0,791505,607,25,"gdn_pre_batched_gfx1201",607,73987567684895,73987570463922,33280,0,224,0,128,256,1,1,2686976,1,1
"KERNEL_DISPATCH","Agent 5",1,0,791505,1227,20,"fused_rmsnorm_mq_rotate_awq_i4_gfx12",1227,73988696006402,73988696433406,0,0,96,0,128,256,1,1,2097152,1,1
"KERNEL_DISPATCH","Agent 5",1,0,791505,1222,27,"gated_delta_net_q8_fast",1222,73988691469158,73988692008363,2048,0,64,0,128,32,1,1,1536,32,1
"KERNEL_DISPATCH","Agent 5",1,0,791505,1713,21,"gemm_mq4g256v2_residual_mmq_iu4_full_set_symfold",1713,73989577641715,73989577999358,0,0,184,0,128,256,1,1,2048,64,1
"KERNEL_DISPATCH","Agent 5",1,0,791505,612,27,"gated_delta_net_q8_fast",612,73987572921106,73987573521912,2048,0,64,0,128,32,1,1,1536,32,1
"KERNEL_DISPATCH","Agent 5",1,0,791505,498,21,"gemm_mq4g256v2_residual_mmq_iu4_full_set_symfold",498,73987376795163,73987380137196,0,0,184,0,128,256,1,1,20480,64,1
"KERNEL_DISPATCH","Agent 5",1,0,791505,617,27,"gated_delta_net_q8_fast",617,73987575914335,73987576499661,2048,0,64,0,128,32,1,1,1536,32,1
"KERNEL_DISPATCH","Agent 5",1,0,791505,1708,29,"fused_silu_mul_mq_rotate_awq_i4_gfx12",1708,73989564656829,73989566769449,0,0,56,0,128,32,1,1,2176,8192,1
"KERNEL_DISPATCH","Agent 5",1,0,791505,1217,27,"gated_delta_net_q8_fast",1217,73988688761331,73988689304057,2048,0,64,0,128,32,1,1,1536,32,1
"KERNEL_DISPATCH","Agent 5",1,0,791505,622,27,"gated_delta_net_q8_fast",622,73987578840483,73987579413489,2048,0,64,0,128,32,1,1,1536,32,1
"KERNEL_DISPATCH","Agent 5",1,0,791505,1212,27,"gated_delta_net_q8_fast",1212,73988686021185,73988686571310,2048,0,64,0,128,32,1,1,1536,32,1
"KERNEL_DISPATCH","Agent 5",1,0,791505,1703,28,"gated_norm_mq_rotate_awq_i4_gfx12",1703,73989549525962,73989550450811,1024,0,40,0,128,64,1,1,1536,8192,1
"KERNEL_DISPATCH","Agent 5",1,0,791505,1207,21,"gemm_mq4g256v2_residual_mmq_iu4_full_set_symfold",1207,73988681712103,73988681767023,0,0,184,0,128,256,1,1,256,64,1
"KERNEL_DISPATCH","Agent 5",1,0,791505,1698,27,"gated_delta_net_q8_fast",1698,73989546640134,73989547219260,2048,0,64,0,128,32,1,1,1536,32,1
"KERNEL_DISPATCH","Agent 5",1,0,791505,1202,22,"gemm_mq4g256v2_residual_mmq_iu4_full_add_symfold",1202,73988670056710,73988675849046,0,0,184,0,128,256,1,1,10240,64,1
"KERNEL_DISPATCH","Agent 5",1,0,791505,1693,27,"gated_delta_net_q8_fast",1693,73989543674585,73989544271311,2048,0,64,0,128,32,1,1,1536,32,1
"KERNEL_DISPATCH","Agent 5",1,0,791505,1197,22,"gemm_mq4g256v2_residual_mmq_iu4_full_add_symfold",1197,73988653256067,73988655818812,0,0,184,0,128,256,1,1,10240,64,1
"KERNEL_DISPATCH","Agent 5",1,0,791505,1688,27,"gated_delta_net_q8_fast",1688,73989540633036,73989541243082,2048,0,64,0,128,32,1,1,1536,32,1
"KERNEL_DISPATCH","Agent 5",1,0,791505,1192,36,"kv_cache_write_q8_0_batched",1192,73988614228168,73988614349409,0,0,8,0,128,32,1,1,1024,8192,1
"KERNEL_DISPATCH","Agent 5",1,0,791505,1683,21,"gemm_mq4g256v2_residual_mmq_iu4_full_set_symfold",1683,73989534968141,73989537080641,0,0,184,0,128,256,1,1,12288,64,1
"KERNEL_DISPATCH","Agent 5",1,0,791505,1187,21,"gemm_mq4g256v2_residual_mmq_iu4_full_set_symfold",1187,73988611446501,73988611804905,0,0,184,0,128,256,1,1,2048,64,1
"KERNEL_DISPATCH","Agent 5",1,0,791505,1678,21,"gemm_mq4g256v2_residual_mmq_iu4_full_set_symfold",1678,73989516981646,73989522875303,0,0,184,0,128,256,1,1,34816,64,1
"KERNEL_DISPATCH","Agent 5",1,0,791505,1182,21,"gemm_mq4g256v2_residual_mmq_iu4_full_set_symfold",1182,73988592876641,73988598734818,0,0,184,0,128,256,1,1,34816,64,1
"KERNEL_DISPATCH","Agent 5",1,0,791505,1673,27,"gated_delta_net_q8_fast",1673,73989507102750,73989507674956,2048,0,64,0,128,32,1,1,1536,32,1
"KERNEL_DISPATCH","Agent 5",1,0,791505,1177,27,"gated_delta_net_q8_fast",1177,73988583157987,73988583728032,2048,0,64,0,128,32,1,1,1536,32,1
"KERNEL_DISPATCH","Agent 5",1,0,791505,1668,27,"gated_delta_net_q8_fast",1668,73989504200562,73989504780608,2048,0,64,0,128,32,1,1,1536,32,1
"KERNEL_DISPATCH","Agent 5",1,0,791505,1172,27,"gated_delta_net_q8_fast",1172,73988580246399,73988580831524,2048,0,64,0,128,32,1,1,1536,32,1
"KERNEL_DISPATCH","Agent 5",1,0,791505,1663,27,"gated_delta_net_q8_fast",1663,73989501229813,73989501831219,2048,0,64,0,128,32,1,1,1536,32,1
"KERNEL_DISPATCH","Agent 5",1,0,791505,1167,27,"gated_delta_net_q8_fast",1167,73988577278650,73988577871935,2048,0,64,0,128,32,1,1,1536,32,1
"KERNEL_DISPATCH","Agent 5",1,0,791505,1658,27,"gated_delta_net_q8_fast",1658,73989498165904,73989498784070,2048,0,64,0,128,32,1,1,1536,32,1
"KERNEL_DISPATCH","Agent 5",1,0,791505,1653,21,"gemm_mq4g256v2_residual_mmq_iu4_full_set_symfold",1653,73989489572260,73989493081494,0,0,184,0,128,256,1,1,20480,64,1
"KERNEL_DISPATCH","Agent 5",1,0,791505,1648,21,"gemm_mq4g256v2_residual_mmq_iu4_full_set_symfold",1648,73989469385224,73989475171281,0,0,184,0,128,256,1,1,34816,64,1
"KERNEL_DISPATCH","Agent 5",1,0,791505,1643,27,"gated_delta_net_q8_fast",1643,73989464927861,73989465468906,2048,0,64,0,128,32,1,1,1536,32,1
"KERNEL_DISPATCH","Agent 5",1,0,791505,1638,27,"gated_delta_net_q8_fast",1638,73989462203235,73989462746360,2048,0,64,0,128,32,1,1,1536,32,1
"KERNEL_DISPATCH","Agent 5",1,0,791505,1633,27,"gated_delta_net_q8_fast",1633,73989459450408,73989460000533,2048,0,64,0,128,32,1,1,1536,32,1
"KERNEL_DISPATCH","Agent 5",1,0,791505,1628,25,"gdn_pre_batched_gfx1201",1628,73989454609561,73989457235347,33280,0,224,0,128,256,1,1,2686976,1,1
"KERNEL_DISPATCH","Agent 5",1,0,791505,1623,20,"fused_rmsnorm_mq_rotate_awq_i4_gfx12",1623,73989448691344,73989449129668,0,0,96,0,128,256,1,1,2097152,1,1
"KERNEL_DISPATCH","Agent 5",1,0,791505,1618,20,"fused_rmsnorm_mq_rotate_awq_i4_gfx12",1618,73989428485588,73989428879632,0,0,96,0,128,256,1,1,2097152,1,1
"KERNEL_DISPATCH","Agent 5",1,0,791505,1613,36,"kv_cache_write_q8_0_batched",1613,73989387173427,73989387295268,0,0,8,0,128,32,1,1,1024,8192,1
"KERNEL_DISPATCH","Agent 5",1,0,791505,1608,21,"gemm_mq4g256v2_residual_mmq_iu4_full_set_symfold",1608,73989384647642,73989385008846,0,0,184,0,128,256,1,1,2048,64,1
"KERNEL_DISPATCH","Agent 5",1,0,791505,1603,29,"fused_silu_mul_mq_rotate_awq_i4_gfx12",1603,73989371573276,73989373682016,0,0,56,0,128,32,1,1,2176,8192,1
"KERNEL_DISPATCH","Agent 5",1,0,791505,1598,28,"gated_norm_mq_rotate_awq_i4_gfx12",1598,73989356378248,73989357302617,1024,0,40,0,128,64,1,1,1536,8192,1
"KERNEL_DISPATCH","Agent 5",1,0,791505,1593,27,"gated_delta_net_q8_fast",1593,73989353489460,73989354070266,2048,0,64,0,128,32,1,1,1536,32,1
"KERNEL_DISPATCH","Agent 5",1,0,791505,1588,27,"gated_delta_net_q8_fast",1588,73989350527351,73989351123237,2048,0,64,0,128,32,1,1,1536,32,1
"KERNEL_DISPATCH","Agent 5",1,0,791505,1583,27,"gated_delta_net_q8_fast",1583,73989347502922,73989348109568,2048,0,64,0,128,32,1,1,1536,32,1
"KERNEL_DISPATCH","Agent 5",1,0,791505,1578,21,"gemm_mq4g256v2_residual_mmq_iu4_full_set_symfold",1578,73989341846307,73989343960488,0,0,184,0,128,256,1,1,12288,64,1
"KERNEL_DISPATCH","Agent 5",1,0,791505,1573,21,"gemm_mq4g256v2_residual_mmq_iu4_full_set_symfold",1573,73989323900093,73989329777470,0,0,184,0,128,256,1,1,34816,64,1
"KERNEL_DISPATCH","Agent 5",1,0,791505,1568,27,"gated_delta_net_q8_fast",1568,73989314009677,73989314582043,2048,0,64,0,128,32,1,1,1536,32,1
"KERNEL_DISPATCH","Agent 5",1,0,791505,1563,27,"gated_delta_net_q8_fast",1563,73989311075689,73989311667374,2048,0,64,0,128,32,1,1,1536,32,1
"KERNEL_DISPATCH","Agent 5",1,0,791505,1558,27,"gated_delta_net_q8_fast",1558,73989308057979,73989308661385,2048,0,64,0,128,32,1,1,1536,32,1
"KERNEL_DISPATCH","Agent 5",1,0,791505,592,27,"gated_delta_net_q8_fast",592,73987537097518,73987537604323,2048,0,64,0,128,32,1,1,1536,32,1
"KERNEL_DISPATCH","Agent 5",1,0,791505,632,21,"gemm_mq4g256v2_residual_mmq_iu4_full_set_symfold",632,73987603664564,73987607192598,0,0,184,0,128,256,1,1,20480,64,1
"KERNEL_DISPATCH","Agent 5",1,0,791505,1553,27,"gated_delta_net_q8_fast",1553,73989304989470,73989305604476,2048,0,64,0,128,32,1,1,1536,32,1
"KERNEL_DISPATCH","Agent 5",1,0,791505,637,27,"gated_delta_net_q8_fast",637,73987612239607,73987612848253,2048,0,64,0,128,32,1,1,1536,32,1
"KERNEL_DISPATCH","Agent 5",1,0,791505,642,27,"gated_delta_net_q8_fast",642,73987615261357,73987615853962,2048,0,64,0,128,32,1,1,1536,32,1
"KERNEL_DISPATCH","Agent 5",1,0,791505,1548,21,"gemm_mq4g256v2_residual_mmq_iu4_full_set_symfold",1548,73989296402026,73989299908500,0,0,184,0,128,256,1,1,20480,64,1
"KERNEL_DISPATCH","Agent 5",1,0,791505,647,27,"gated_delta_net_q8_fast",647,73987618223945,73987618805071,2048,0,64,0,128,32,1,1,1536,32,1
"KERNEL_DISPATCH","Agent 5",1,0,791505,652,27,"gated_delta_net_q8_fast",652,73987621119374,73987621687579,2048,0,64,0,128,32,1,1,1536,32,1
"KERNEL_DISPATCH","Agent 5",1,0,791505,657,21,"gemm_mq4g256v2_residual_mmq_iu4_full_set_symfold",657,73987630809588,73987636647764,0,0,184,0,128,256,1,1,34816,64,1
"KERNEL_DISPATCH","Agent 5",1,0,791505,1543,21,"gemm_mq4g256v2_residual_mmq_iu4_full_set_symfold",1543,73989276332192,73989281996727,0,0,184,0,128,256,1,1,34816,64,1
"KERNEL_DISPATCH","Agent 5",1,0,791505,1538,27,"gated_delta_net_q8_fast",1538,73989271923309,73989272457914,2048,0,64,0,128,32,1,1,1536,32,1
"KERNEL_DISPATCH","Agent 5",1,0,791505,662,21,"gemm_mq4g256v2_residual_mmq_iu4_full_set_symfold",662,73987649341487,73987649698291,0,0,184,0,128,256,1,1,2048,64,1
"KERNEL_DISPATCH","Agent 5",1,0,791505,627,21,"gemm_mq4g256v2_residual_mmq_iu4_full_set_symfold",627,73987583473848,73987589264985,0,0,184,0,128,256,1,1,34816,64,1
"KERNEL_DISPATCH","Agent 5",1,0,791505,667,36,"kv_cache_write_q8_0_batched",667,73987652111114,73987652231595,0,0,8,0,128,32,1,1,1024,8192,1
"KERNEL_DISPATCH","Agent 5",1,0,791505,721,27,"gated_delta_net_q8_fast",721,73987767479353,73987768071479,2048,0,64,0,128,32,1,1,1536,32,1
"KERNEL_DISPATCH","Agent 5",1,0,791505,1406,41,"sigmoid_mul_rotate_x_mq_awq_i4_gfx12",1406,73989037902198,73989038631686,0,0,88,0,128,32,1,1,6291456,1,1
"KERNEL_DISPATCH","Agent 5",1,0,791505,1888,21,"gemm_mq4g256v2_residual_mmq_iu4_full_set_symfold",1888,73989902475466,73989908362683,0,0,184,0,128,256,1,1,34816,64,1
"KERNEL_DISPATCH","Agent 5",1,0,791505,1533,27,"gated_delta_net_q8_fast",1533,73989269216603,73989269753648,2048,0,64,0,128,32,1,1,1536,32,1
"KERNEL_DISPATCH","Agent 5",1,0,791505,672,22,"gemm_mq4g256v2_residual_mmq_iu4_full_add_symfold",672,73987690691329,73987693171553,0,0,184,0,128,256,1,1,10240,64,1
"KERNEL_DISPATCH","Agent 5",1,0,791505,1528,27,"gated_delta_net_q8_fast",1528,73989266496216,73989267039421,2048,0,64,0,128,32,1,1,1536,32,1
"KERNEL_DISPATCH","Agent 5",1,0,791505,1523,25,"gdn_pre_batched_gfx1201",1523,73989261688730,73989264295155,33280,0,224,0,128,256,1,1,2686976,1,1
"KERNEL_DISPATCH","Agent 5",1,0,791505,682,21,"gemm_mq4g256v2_residual_mmq_iu4_full_set_symfold",682,73987719304966,73987719360127,0,0,184,0,128,256,1,1,256,64,1
"KERNEL_DISPATCH","Agent 5",1,0,791505,1518,20,"fused_rmsnorm_mq_rotate_awq_i4_gfx12",1518,73989255804192,73989256243437,0,0,96,0,128,256,1,1,2097152,1,1
"KERNEL_DISPATCH","Agent 5",1,0,791505,687,27,"gated_delta_net_q8_fast",687,73987723616328,73987724157493,2048,0,64,0,128,32,1,1,1536,32,1
"KERNEL_DISPATCH","Agent 5",1,0,791505,1513,20,"fused_rmsnorm_mq_rotate_awq_i4_gfx12",1513,73989235411275,73989235806918,0,0,96,0,128,256,1,1,2097152,1,1
"KERNEL_DISPATCH","Agent 5",1,0,791505,692,27,"gated_delta_net_q8_fast",692,73987726330434,73987726865999,2048,0,64,0,128,32,1,1,1536,32,1
"KERNEL_DISPATCH","Agent 5",1,0,791505,1508,36,"kv_cache_write_q8_0_batched",1508,73989192912942,73989193035543,0,0,8,0,128,32,1,1,1024,8192,1
"KERNEL_DISPATCH","Agent 5",1,0,791505,1503,21,"gemm_mq4g256v2_residual_mmq_iu4_full_set_symfold",1503,73989190378918,73989190738321,0,0,184,0,128,256,1,1,2048,64,1
"KERNEL_DISPATCH","Agent 5",1,0,791505,697,27,"gated_delta_net_q8_fast",697,73987729018380,73987729550825,2048,0,64,0,128,32,1,1,1536,32,1
"KERNEL_DISPATCH","Agent 5",1,0,791505,1498,29,"fused_silu_mul_mq_rotate_awq_i4_gfx12",1498,73989177348871,73989179454812,0,0,56,0,128,32,1,1,2176,8192,1
"KERNEL_DISPATCH","Agent 5",1,0,791505,702,20,"fused_rmsnorm_mq_rotate_awq_i4_gfx12",702,73987733552104,73987733983789,0,0,96,0,128,256,1,1,2097152,1,1
"KERNEL_DISPATCH","Agent 5",1,0,791505,1493,28,"gated_norm_mq_rotate_awq_i4_gfx12",1493,73989162296765,73989163214814,1024,0,40,0,128,64,1,1,1536,8192,1
"KERNEL_DISPATCH","Agent 5",1,0,791505,1488,27,"gated_delta_net_q8_fast",1488,73989159426297,73989160005623,2048,0,64,0,128,32,1,1,1536,32,1
"KERNEL_DISPATCH","Agent 5",1,0,791505,707,20,"fused_rmsnorm_mq_rotate_awq_i4_gfx12",707,73987753566258,73987754040183,0,0,96,0,128,256,1,1,2097152,1,1
"KERNEL_DISPATCH","Agent 5",1,0,791505,1483,27,"gated_delta_net_q8_fast",1483,73989156453109,73989157057554,2048,0,64,0,128,32,1,1,1536,32,1
"KERNEL_DISPATCH","Agent 5",1,0,791505,712,25,"gdn_pre_batched_gfx1201",712,73987759820199,73987762599746,33280,0,224,0,128,256,1,1,2686976,1,1
"KERNEL_DISPATCH","Agent 5",1,0,791505,1478,27,"gated_delta_net_q8_fast",1478,73989153412719,73989154020205,2048,0,64,0,128,32,1,1,1536,32,1
"KERNEL_DISPATCH","Agent 5",1,0,791505,717,27,"gated_delta_net_q8_fast",717,73987765069530,73987765672736,2048,0,64,0,128,32,1,1,1536,32,1
"KERNEL_DISPATCH","Agent 5",1,0,791505,722,27,"gated_delta_net_q8_fast",722,73987768074999,73987768663725,2048,0,64,0,128,32,1,1,1536,32,1
"KERNEL_DISPATCH","Agent 5",1,0,791505,1473,21,"gemm_mq4g256v2_residual_mmq_iu4_full_set_symfold",1473,73989147703464,73989149861445,0,0,184,0,128,256,1,1,12288,64,1
"KERNEL_DISPATCH","Agent 5",1,0,791505,727,27,"gated_delta_net_q8_fast",727,73987771003908,73987771575513,2048,0,64,0,128,32,1,1,1536,32,1
"KERNEL_DISPATCH","Agent 5",1,0,791505,1468,21,"gemm_mq4g256v2_residual_mmq_iu4_full_set_symfold",1468,73989129839170,73989135656267,0,0,184,0,128,256,1,1,34816,64,1
"KERNEL_DISPATCH","Agent 5",1,0,791505,1463,27,"gated_delta_net_q8_fast",1463,73989119838753,73989120409919,2048,0,64,0,128,32,1,1,1536,32,1
"KERNEL_DISPATCH","Agent 5",1,0,791505,1458,27,"gated_delta_net_q8_fast",1458,73989116929845,73989117510411,2048,0,64,0,128,32,1,1,1536,32,1
"KERNEL_DISPATCH","Agent 5",1,0,791505,732,21,"gemm_mq4g256v2_residual_mmq_iu4_full_set_symfold",732,73987775641953,73987781386968,0,0,184,0,128,256,1,1,34816,64,1
"KERNEL_DISPATCH","Agent 5",1,0,791505,1453,27,"gated_delta_net_q8_fast",1453,73989113946896,73989114545302,2048,0,64,0,128,32,1,1,1536,32,1
"KERNEL_DISPATCH","Agent 5",1,0,791505,737,21,"gemm_mq4g256v2_residual_mmq_iu4_full_set_symfold",737,73987795992390,73987799477424,0,0,184,0,128,256,1,1,20480,64,1
"KERNEL_DISPATCH","Agent 5",1,0,791505,1448,27,"gated_delta_net_q8_fast",1448,73989110875906,73989111493952,2048,0,64,0,128,32,1,1,1536,32,1
"KERNEL_DISPATCH","Agent 5",1,0,791505,742,27,"gated_delta_net_q8_fast",742,73987804493793,73987805098118,2048,0,64,0,128,32,1,1,1536,32,1
"KERNEL_DISPATCH","Agent 5",1,0,791505,747,27,"gated_delta_net_q8_fast",747,73987807481222,73987808067467,2048,0,64,0,128,32,1,1,1536,32,1
"KERNEL_DISPATCH","Agent 5",1,0,791505,752,27,"gated_delta_net_q8_fast",752,73987810412330,73987810989776,2048,0,64,0,128,32,1,1,1536,32,1
"KERNEL_DISPATCH","Agent 5",1,0,791505,757,27,"gated_delta_net_q8_fast",757,73987813301798,73987813869644,2048,0,64,0,128,32,1,1,1536,32,1
"KERNEL_DISPATCH","Agent 5",1,0,791505,762,21,"gemm_mq4g256v2_residual_mmq_iu4_full_set_symfold",762,73987823023372,73987828859109,0,0,184,0,128,256,1,1,34816,64,1
"KERNEL_DISPATCH","Agent 5",1,0,791505,767,21,"gemm_mq4g256v2_residual_mmq_iu4_full_set_symfold",767,73987841574752,73987841932756,0,0,184,0,128,256,1,1,2048,64,1
"KERNEL_DISPATCH","Agent 5",1,0,791505,772,36,"kv_cache_write_q8_0_batched",772,73987844353859,73987844475340,0,0,8,0,128,32,1,1,1024,8192,1
"KERNEL_DISPATCH","Agent 5",1,0,791505,777,22,"gemm_mq4g256v2_residual_mmq_iu4_full_add_symfold",777,73987883133835,73987885701020,0,0,184,0,128,256,1,1,10240,64,1
"KERNEL_DISPATCH","Agent 5",1,0,791505,782,22,"gemm_mq4g256v2_residual_mmq_iu4_full_add_symfold",782,73987900423163,73987906041178,0,0,184,0,128,256,1,1,10240,64,1
"KERNEL_DISPATCH","Agent 5",1,0,791505,787,21,"gemm_mq4g256v2_residual_mmq_iu4_full_set_symfold",787,73987911881594,73987911936715,0,0,184,0,128,256,1,1,256,64,1
"KERNEL_DISPATCH","Agent 5",1,0,791505,792,27,"gated_delta_net_q8_fast",792,73987916227277,73987916779082,2048,0,64,0,128,32,1,1,1536,32,1
"KERNEL_DISPATCH","Agent 5",1,0,791505,797,27,"gated_delta_net_q8_fast",797,73987918989623,73987919534429,2048,0,64,0,128,32,1,1,1536,32,1
"KERNEL_DISPATCH","Agent 5",1,0,791505,802,27,"gated_delta_net_q8_fast",802,73987921730930,73987922275175,2048,0,64,0,128,32,1,1,1536,32,1
"KERNEL_DISPATCH","Agent 5",1,0,791505,807,20,"fused_rmsnorm_mq_rotate_awq_i4_gfx12",807,73987926313934,73987926747659,0,0,96,0,128,256,1,1,2097152,1,1
"KERNEL_DISPATCH","Agent 5",1,0,791505,677,22,"gemm_mq4g256v2_residual_mmq_iu4_full_add_symfold",677,73987707745094,73987713447509,0,0,184,0,128,256,1,1,10240,64,1
"KERNEL_DISPATCH","Agent 5",1,0,791505,812,20,"fused_rmsnorm_mq_rotate_awq_i4_gfx12",812,73987946380609,73987946854254,0,0,96,0,128,256,1,1,2097152,1,1
"KERNEL_DISPATCH","Agent 5",1,0,791505,817,25,"gdn_pre_batched_gfx1201",817,73987952671910,73987955447777,33280,0,224,0,128,256,1,1,2686976,1,1
"KERNEL_DISPATCH","Agent 5",1,0,791505,822,27,"gated_delta_net_q8_fast",822,73987957907761,73987958505847,2048,0,64,0,128,32,1,1,1536,32,1
"KERNEL_DISPATCH","Agent 5",1,0,791505,827,27,"gated_delta_net_q8_fast",827,73987960913950,73987961510476,2048,0,64,0,128,32,1,1,1536,32,1
"KERNEL_DISPATCH","Agent 5",1,0,791505,832,27,"gated_delta_net_q8_fast",832,73987963877859,73987964452784,2048,0,64,0,128,32,1,1,1536,32,1
"KERNEL_DISPATCH","Agent 5",1,0,791505,837,21,"gemm_mq4g256v2_residual_mmq_iu4_full_set_symfold",837,73987968519864,73987974335760,0,0,184,0,128,256,1,1,34816,64,1
"KERNEL_DISPATCH","Agent 5",1,0,791505,842,21,"gemm_mq4g256v2_residual_mmq_iu4_full_set_symfold",842,73987988778580,73987992279614,0,0,184,0,128,256,1,1,20480,64,1
"KERNEL_DISPATCH","Agent 5",1,0,791505,847,27,"gated_delta_net_q8_fast",847,73987997349064,73987997960029,2048,0,64,0,128,32,1,1,1536,32,1
"KERNEL_DISPATCH","Agent 5",1,0,791505,852,27,"gated_delta_net_q8_fast",852,73988000379173,73988000973779,2048,0,64,0,128,32,1,1,1536,32,1
"KERNEL_DISPATCH","Agent 5",1,0,791505,857,27,"gated_delta_net_q8_fast",857,73988003351682,73988003935767,2048,0,64,0,128,32,1,1,1536,32,1
"KERNEL_DISPATCH","Agent 5",1,0,791505,862,27,"gated_delta_net_q8_fast",862,73988006252710,73988006822515,2048,0,64,0,128,32,1,1,1536,32,1
"KERNEL_DISPATCH","Agent 5",1,0,791505,867,21,"gemm_mq4g256v2_residual_mmq_iu4_full_set_symfold",867,73988016074005,73988021908022,0,0,184,0,128,256,1,1,34816,64,1
"KERNEL_DISPATCH","Agent 5",1,0,791505,872,21,"gemm_mq4g256v2_residual_mmq_iu4_full_set_symfold",872,73988034648865,73988035008109,0,0,184,0,128,256,1,1,2048,64,1
"KERNEL_DISPATCH","Agent 5",1,0,791505,877,36,"kv_cache_write_q8_0_batched",877,73988037424212,73988037545253,0,0,8,0,128,32,1,1,1024,8192,1
"KERNEL_DISPATCH","Agent 5",1,0,791505,882,22,"gemm_mq4g256v2_residual_mmq_iu4_full_add_symfold",882,73988075668543,73988078209088,0,0,184,0,128,256,1,1,10240,64,1
"KERNEL_DISPATCH","Agent 5",1,0,791505,887,22,"gemm_mq4g256v2_residual_mmq_iu4_full_add_symfold",887,73988092489347,73988098244122,0,0,184,0,128,256,1,1,10240,64,1
"KERNEL_DISPATCH","Agent 5",1,0,791505,892,21,"gemm_mq4g256v2_residual_mmq_iu4_full_set_symfold",892,73988104014298,73988104069139,0,0,184,0,128,256,1,1,256,64,1
"KERNEL_DISPATCH","Agent 5",1,0,791505,897,27,"gated_delta_net_q8_fast",897,73988108341060,73988108884226,2048,0,64,0,128,32,1,1,1536,32,1
"KERNEL_DISPATCH","Agent 5",1,0,791505,902,27,"gated_delta_net_q8_fast",902,73988111073767,73988111612892,2048,0,64,0,128,32,1,1,1536,32,1
"KERNEL_DISPATCH","Agent 5",1,0,791505,907,27,"gated_delta_net_q8_fast",907,73988113785313,73988114322518,2048,0,64,0,128,32,1,1,1536,32,1
"KERNEL_DISPATCH","Agent 5",1,0,791505,912,20,"fused_rmsnorm_mq_rotate_awq_i4_gfx12",912,73988118351197,73988118786882,0,0,96,0,128,256,1,1,2097152,1,1
"KERNEL_DISPATCH","Agent 5",1,0,791505,917,20,"fused_rmsnorm_mq_rotate_awq_i4_gfx12",917,73988138517113,73988138989278,0,0,96,0,128,256,1,1,2097152,1,1
"KERNEL_DISPATCH","Agent 5",1,0,791505,922,25,"gdn_pre_batched_gfx1201",922,73988144746654,73988147531121,33280,0,224,0,128,256,1,1,2686976,1,1
"KERNEL_DISPATCH","Agent 5",1,0,791505,927,27,"gated_delta_net_q8_fast",927,73988150014225,73988150614430,2048,0,64,0,128,32,1,1,1536,32,1
"KERNEL_DISPATCH","Agent 5",1,0,791505,932,27,"gated_delta_net_q8_fast",932,73988152994734,73988153576459,2048,0,64,0,128,32,1,1,1536,32,1
"KERNEL_DISPATCH","Agent 5",1,0,791505,937,27,"gated_delta_net_q8_fast",937,73988155897762,73988156468687,2048,0,64,0,128,32,1,1,1536,32,1
"KERNEL_DISPATCH","Agent 5",1,0,791505,942,21,"gemm_mq4g256v2_residual_mmq_iu4_full_set_symfold",942,73988160561367,73988166339503,0,0,184,0,128,256,1,1,34816,64,1
"KERNEL_DISPATCH","Agent 5",1,0,791505,947,21,"gemm_mq4g256v2_residual_mmq_iu4_full_set_symfold",947,73988180802843,73988184306037,0,0,184,0,128,256,1,1,20480,64,1
"KERNEL_DISPATCH","Agent 5",1,0,791505,952,27,"gated_delta_net_q8_fast",952,73988189374966,73988189988012,2048,0,64,0,128,32,1,1,1536,32,1
"KERNEL_DISPATCH","Agent 5",1,0,791505,957,27,"gated_delta_net_q8_fast",957,73988192255154,73988192812920,2048,0,64,0,128,32,1,1,1536,32,1
"KERNEL_DISPATCH","Agent 5",1,0,791505,962,27,"gated_delta_net_q8_fast",962,73988195044781,73988195591147,2048,0,64,0,128,32,1,1,1536,32,1
"KERNEL_DISPATCH","Agent 5",1,0,791505,967,27,"gated_delta_net_q8_fast",967,73988197779728,73988198319773,2048,0,64,0,128,32,1,1,1536,32,1
"KERNEL_DISPATCH","Agent 5",1,0,791505,972,21,"gemm_mq4g256v2_residual_mmq_iu4_full_set_symfold",972,73988207662904,73988213505401,0,0,184,0,128,256,1,1,34816,64,1
"KERNEL_DISPATCH","Agent 5",1,0,791505,977,21,"gemm_mq4g256v2_residual_mmq_iu4_full_set_symfold",977,73988226226604,73988226587887,0,0,184,0,128,256,1,1,2048,64,1
"KERNEL_DISPATCH","Agent 5",1,0,791505,982,36,"kv_cache_write_q8_0_batched",982,73988229001591,73988229121672,0,0,8,0,128,32,1,1,1024,8192,1
"KERNEL_DISPATCH","Agent 5",1,0,791505,987,22,"gemm_mq4g256v2_residual_mmq_iu4_full_add_symfold",987,73988267739367,73988270303912,0,0,184,0,128,256,1,1,10240,64,1
"KERNEL_DISPATCH","Agent 5",1,0,791505,997,21,"gemm_mq4g256v2_residual_mmq_iu4_full_set_symfold",997,73988296698208,73988296752608,0,0,184,0,128,256,1,1,256,64,1
"KERNEL_DISPATCH","Agent 5",1,0,791505,1002,27,"gated_delta_net_q8_fast",1002,73988301017770,73988301569255,2048,0,64,0,128,32,1,1,1536,32,1
"KERNEL_DISPATCH","Agent 5",1,0,791505,1007,27,"gated_delta_net_q8_fast",1007,73988303782436,73988304326242,2048,0,64,0,128,32,1,1,1536,32,1
"KERNEL_DISPATCH","Agent 5",1,0,791505,1443,21,"gemm_mq4g256v2_residual_mmq_iu4_full_set_symfold",1443,73989102223582,73989105733137,0,0,184,0,128,256,1,1,20480,64,1
"KERNEL_DISPATCH","Agent 5",1,0,791505,1012,27,"gated_delta_net_q8_fast",1012,73988306509943,73988307048908,2048,0,64,0,128,32,1,1,1536,32,1
"KERNEL_DISPATCH","Agent 5",1,0,791505,1438,21,"gemm_mq4g256v2_residual_mmq_iu4_full_set_symfold",1438,73989082066667,73989087726762,0,0,184,0,128,256,1,1,34816,64,1
"KERNEL_DISPATCH","Agent 5",1,0,791505,1017,20,"fused_rmsnorm_mq_rotate_awq_i4_gfx12",1017,73988311076827,73988311507511,0,0,96,0,128,256,1,1,2097152,1,1
"KERNEL_DISPATCH","Agent 5",1,0,791505,1433,27,"gated_delta_net_q8_fast",1433,73989077608064,73989078151829,2048,0,64,0,128,32,1,1,1536,32,1
"KERNEL_DISPATCH","Agent 5",1,0,791505,1022,20,"fused_rmsnorm_mq_rotate_awq_i4_gfx12",1022,73988331191742,73988331663907,0,0,96,0,128,256,1,1,2097152,1,1
"KERNEL_DISPATCH","Agent 5",1,0,791505,1428,27,"gated_delta_net_q8_fast",1428,73989074855237,73989075402642,2048,0,64,0,128,32,1,1,1536,32,1
"KERNEL_DISPATCH","Agent 5",1,0,791505,1027,25,"gdn_pre_batched_gfx1201",1027,73988337409963,73988340182630,33280,0,224,0,128,256,1,1,2686976,1,1
"KERNEL_DISPATCH","Agent 5",1,0,791505,1423,27,"gated_delta_net_q8_fast",1423,73989072061930,73989072619655,2048,0,64,0,128,32,1,1,1536,32,1
"KERNEL_DISPATCH","Agent 5",1,0,791505,1032,27,"gated_delta_net_q8_fast",1032,73988342642173,73988343243019,2048,0,64,0,128,32,1,1,1536,32,1
"KERNEL_DISPATCH","Agent 5",1,0,791505,1418,25,"gdn_pre_batched_gfx1201",1418,73989067201483,73989069810748,33280,0,224,0,128,256,1,1,2686976,1,1
"KERNEL_DISPATCH","Agent 5",1,0,791505,1037,27,"gated_delta_net_q8_fast",1037,73988345646243,73988346232488,2048,0,64,0,128,32,1,1,1536,32,1
"KERNEL_DISPATCH","Agent 5",1,0,791505,1413,20,"fused_rmsnorm_mq_rotate_awq_i4_gfx12",1413,73989061302185,73989061738310,0,0,96,0,128,256,1,1,2097152,1,1
"KERNEL_DISPATCH","Agent 5",1,0,791505,1042,27,"gated_delta_net_q8_fast",1042,73988348574591,73988349146516,2048,0,64,0,128,32,1,1,1536,32,1
"KERNEL_DISPATCH","Agent 5",1,0,791505,1408,20,"fused_rmsnorm_mq_rotate_awq_i4_gfx12",1408,73989041227071,73989041621235,0,0,96,0,128,256,1,1,2097152,1,1
"KERNEL_DISPATCH","Agent 5",1,0,791505,1047,21,"gemm_mq4g256v2_residual_mmq_iu4_full_set_symfold",1047,73988353214756,73988358933571,0,0,184,0,128,256,1,1,34816,64,1
"KERNEL_DISPATCH","Agent 5",1,0,791505,1403,36,"kv_cache_write_q8_0_batched",1403,73989000673197,73989000796758,0,0,8,0,128,32,1,1,1024,8192,1
"KERNEL_DISPATCH","Agent 5",1,0,791505,1052,21,"gemm_mq4g256v2_residual_mmq_iu4_full_set_symfold",1052,73988373447232,73988376951266,0,0,184,0,128,256,1,1,20480,64,1
"KERNEL_DISPATCH","Agent 5",1,0,791505,1398,21,"gemm_mq4g256v2_residual_mmq_iu4_full_set_symfold",1398,73988998139853,73988998496896,0,0,184,0,128,256,1,1,2048,64,1
"KERNEL_DISPATCH","Agent 5",1,0,791505,1057,27,"gated_delta_net_q8_fast",1057,73988382011755,73988382624881,2048,0,64,0,128,32,1,1,1536,32,1
"KERNEL_DISPATCH","Agent 5",1,0,791505,1393,29,"fused_silu_mul_mq_rotate_awq_i4_gfx12",1393,73988985090726,73988987200587,0,0,56,0,128,32,1,1,2176,8192,1
"KERNEL_DISPATCH","Agent 5",1,0,791505,1062,27,"gated_delta_net_q8_fast",1062,73988385051425,73988385648951,2048,0,64,0,128,32,1,1,1536,32,1
"KERNEL_DISPATCH","Agent 5",1,0,791505,1388,28,"gated_norm_mq_rotate_awq_i4_gfx12",1388,73988969956979,73988970882668,1024,0,40,0,128,64,1,1,1536,8192,1
"KERNEL_DISPATCH","Agent 5",1,0,791505,1067,27,"gated_delta_net_q8_fast",1067,73988388030614,73988388613739,2048,0,64,0,128,32,1,1,1536,32,1
"KERNEL_DISPATCH","Agent 5",1,0,791505,1383,27,"gated_delta_net_q8_fast",1383,73988967054831,73988967634677,2048,0,64,0,128,32,1,1,1536,32,1
"KERNEL_DISPATCH","Agent 5",1,0,791505,1072,27,"gated_delta_net_q8_fast",1072,73988390923322,73988391489727,2048,0,64,0,128,32,1,1,1536,32,1
"KERNEL_DISPATCH","Agent 5",1,0,791505,1378,27,"gated_delta_net_q8_fast",1378,73988964088202,73988964684888,2048,0,64,0,128,32,1,1,1536,32,1
"KERNEL_DISPATCH","Agent 5",1,0,791505,1077,21,"gemm_mq4g256v2_residual_mmq_iu4_full_set_symfold",1077,73988400781937,73988406607674,0,0,184,0,128,256,1,1,34816,64,1
"KERNEL_DISPATCH","Agent 5",1,0,791505,1373,27,"gated_delta_net_q8_fast",1373,73988961029693,73988961641899,2048,0,64,0,128,32,1,1,1536,32,1
"KERNEL_DISPATCH","Agent 5",1,0,791505,1368,21,"gemm_mq4g256v2_residual_mmq_iu4_full_set_symfold",1368,73988955366438,73988957474098,0,0,184,0,128,256,1,1,12288,64,1
"KERNEL_DISPATCH","Agent 5",1,0,791505,1082,21,"gemm_mq4g256v2_residual_mmq_iu4_full_set_symfold",1082,73988419314677,73988419676801,0,0,184,0,128,256,1,1,2048,64,1
"KERNEL_DISPATCH","Agent 5",1,0,791505,1363,21,"gemm_mq4g256v2_residual_mmq_iu4_full_set_symfold",1363,73988937362383,73988943262760,0,0,184,0,128,256,1,1,34816,64,1
"KERNEL_DISPATCH","Agent 5",1,0,791505,1087,36,"kv_cache_write_q8_0_batched",1087,73988422089704,73988422210145,0,0,8,0,128,32,1,1,1024,8192,1
"KERNEL_DISPATCH","Agent 5",1,0,791505,1358,27,"gated_delta_net_q8_fast",1358,73988927571408,73988928145854,2048,0,64,0,128,32,1,1,1536,32,1
"KERNEL_DISPATCH","Agent 5",1,0,791505,1092,22,"gemm_mq4g256v2_residual_mmq_iu4_full_add_symfold",1092,73988460247994,73988462815299,0,0,184,0,128,256,1,1,10240,64,1
"KERNEL_DISPATCH","Agent 5",1,0,791505,1353,27,"gated_delta_net_q8_fast",1353,73988924632420,73988925224465,2048,0,64,0,128,32,1,1,1536,32,1
"KERNEL_DISPATCH","Agent 5",1,0,791505,1097,22,"gemm_mq4g256v2_residual_mmq_iu4_full_add_symfold",1097,73988477463001,73988483095216,0,0,184,0,128,256,1,1,10240,64,1
"KERNEL_DISPATCH","Agent 5",1,0,791505,1348,27,"gated_delta_net_q8_fast",1348,73988921610150,73988922211636,2048,0,64,0,128,32,1,1,1536,32,1
"KERNEL_DISPATCH","Agent 5",1,0,791505,1102,21,"gemm_mq4g256v2_residual_mmq_iu4_full_set_symfold",1102,73988488919112,73988488973673,0,0,184,0,128,256,1,1,256,64,1
"KERNEL_DISPATCH","Agent 5",1,0,791505,1107,27,"gated_delta_net_q8_fast",1107,73988493286155,73988493837680,2048,0,64,0,128,32,1,1,1536,32,1
"KERNEL_DISPATCH","Agent 5",1,0,791505,1343,27,"gated_delta_net_q8_fast",1343,73988918544921,73988919161486,2048,0,64,0,128,32,1,1,1536,32,1
"KERNEL_DISPATCH","Agent 5",1,0,791505,1338,21,"gemm_mq4g256v2_residual_mmq_iu4_full_set_symfold",1338,73988909910517,73988913428311,0,0,184,0,128,256,1,1,20480,64,1
"KERNEL_DISPATCH","Agent 5",1,0,791505,1157,21,"gemm_mq4g256v2_residual_mmq_iu4_full_set_symfold",1157,73988565684257,73988569193331,0,0,184,0,128,256,1,1,20480,64,1
"KERNEL_DISPATCH","Agent 5",1,0,791505,1333,21,"gemm_mq4g256v2_residual_mmq_iu4_full_set_symfold",1333,73988889820202,73988895527137,0,0,184,0,128,256,1,1,34816,64,1
"KERNEL_DISPATCH","Agent 5",1,0,791505,1152,21,"gemm_mq4g256v2_residual_mmq_iu4_full_set_symfold",1152,73988545508701,73988551272357,0,0,184,0,128,256,1,1,34816,64,1
"KERNEL_DISPATCH","Agent 5",1,0,791505,1328,27,"gated_delta_net_q8_fast",1328,73988885402039,73988885934124,2048,0,64,0,128,32,1,1,1536,32,1
"KERNEL_DISPATCH","Agent 5",1,0,791505,1323,27,"gated_delta_net_q8_fast",1323,73988882715013,73988883253538,2048,0,64,0,128,32,1,1,1536,32,1
"KERNEL_DISPATCH","Agent 5",1,0,791505,1147,27,"gated_delta_net_q8_fast",1147,73988540856216,73988541428622,2048,0,64,0,128,32,1,1,1536,32,1
"KERNEL_DISPATCH","Agent 5",1,0,791505,1142,27,"gated_delta_net_q8_fast",1142,73988537934828,73988538520634,2048,0,64,0,128,32,1,1,1536,32,1
"KERNEL_DISPATCH","Agent 5",1,0,791505,1318,27,"gated_delta_net_q8_fast",1318,73988880016987,73988880555552,2048,0,64,0,128,32,1,1,1536,32,1
"KERNEL_DISPATCH","Agent 5",1,0,791505,1313,25,"gdn_pre_batched_gfx1201",1313,73988875250380,73988877844126,33280,0,224,0,128,256,1,1,2686976,1,1
"KERNEL_DISPATCH","Agent 5",1,0,791505,1308,20,"fused_rmsnorm_mq_rotate_awq_i4_gfx12",1308,73988869327963,73988869768607,0,0,96,0,128,256,1,1,2097152,1,1
"KERNEL_DISPATCH","Agent 5",1,0,791505,1303,20,"fused_rmsnorm_mq_rotate_awq_i4_gfx12",1303,73988848997766,73988849390770,0,0,96,0,128,256,1,1,2097152,1,1
"KERNEL_DISPATCH","Agent 5",1,0,791505,1137,27,"gated_delta_net_q8_fast",1137,73988534937999,73988535536845,2048,0,64,0,128,32,1,1,1536,32,1
"KERNEL_DISPATCH","Agent 5",1,0,791505,1132,25,"gdn_pre_batched_gfx1201",1132,73988529713988,73988532482575,33280,0,224,0,128,256,1,1,2686976,1,1
"KERNEL_DISPATCH","Agent 5",1,0,791505,1127,20,"fused_rmsnorm_mq_rotate_awq_i4_gfx12",1127,73988523523848,73988523992933,0,0,96,0,128,256,1,1,2097152,1,1
"KERNEL_DISPATCH","Agent 5",1,0,791505,1298,36,"kv_cache_write_q8_0_batched",1298,73988807094879,73988807216960,0,0,8,0,128,32,1,1,1024,8192,1
"KERNEL_DISPATCH","Agent 5",1,0,791505,1122,20,"fused_rmsnorm_mq_rotate_awq_i4_gfx12",1122,73988503378373,73988503814897,0,0,96,0,128,256,1,1,2097152,1,1
"KERNEL_DISPATCH","Agent 5",1,0,791505,1293,21,"gemm_mq4g256v2_residual_mmq_iu4_full_set_symfold",1293,73988804559735,73988804923338,0,0,184,0,128,256,1,1,2048,64,1
"KERNEL_DISPATCH","Agent 5",1,0,791505,1288,29,"fused_silu_mul_mq_rotate_awq_i4_gfx12",1288,73988791470808,73988793577388,0,0,56,0,128,32,1,1,2176,8192,1
"KERNEL_DISPATCH","Agent 5",1,0,791505,1283,28,"gated_norm_mq_rotate_awq_i4_gfx12",1283,73988776393381,73988777314790,1024,0,40,0,128,64,1,1,1536,8192,1
"KERNEL_DISPATCH","Agent 5",1,0,791505,1117,27,"gated_delta_net_q8_fast",1117,73988498775048,73988499316733,2048,0,64,0,128,32,1,1,1536,32,1
"KERNEL_DISPATCH","Agent 5",1,0,791505,992,22,"gemm_mq4g256v2_residual_mmq_iu4_full_add_symfold",992,73988285158496,73988290878951,0,0,184,0,128,256,1,1,10240,64,1
"KERNEL_DISPATCH","Agent 5",1,0,791505,503,27,"gated_delta_net_q8_fast",503,73987385123204,73987385684369,2048,0,64,0,128,32,1,1,1536,32,1
"KERNEL_DISPATCH","Agent 5",1,0,791505,508,27,"gated_delta_net_q8_fast",508,73987387887471,73987388420996,2048,0,64,0,128,32,1,1,1536,32,1
"KERNEL_DISPATCH","Agent 5",1,0,791505,513,27,"gated_delta_net_q8_fast",513,73987390534377,73987391059982,2048,0,64,0,128,32,1,1,1536,32,1
"KERNEL_DISPATCH","Agent 5",1,0,791505,518,27,"gated_delta_net_q8_fast",518,73987393225043,73987393770528,2048,0,64,0,128,32,1,1,1536,32,1
"KERNEL_DISPATCH","Agent 5",1,0,791505,523,21,"gemm_mq4g256v2_residual_mmq_iu4_full_set_symfold",523,73987402750975,73987408286789,0,0,184,0,128,256,1,1,34816,64,1
"KERNEL_DISPATCH","Agent 5",1,0,791505,528,21,"gemm_mq4g256v2_residual_mmq_iu4_full_set_symfold",528,73987419673259,73987421740639,0,0,184,0,128,256,1,1,12288,64,1
"KERNEL_DISPATCH","Agent 5",1,0,791505,533,27,"gated_delta_net_q8_fast",533,73987425081032,73987425621477,2048,0,64,0,128,32,1,1,1536,32,1
"KERNEL_DISPATCH","Agent 5",1,0,791505,538,27,"gated_delta_net_q8_fast",538,73987427767858,73987428296463,2048,0,64,0,128,32,1,1,1536,32,1
"KERNEL_DISPATCH","Agent 5",1,0,791505,543,27,"gated_delta_net_q8_fast",543,73987430435124,73987430971889,2048,0,64,0,128,32,1,1,1536,32,1
"KERNEL_DISPATCH","Agent 5",1,0,791505,548,28,"gated_norm_mq_rotate_awq_i4_gfx12",548,73987433159150,73987434037439,1024,0,40,0,128,64,1,1,1536,8192,1
"KERNEL_DISPATCH","Agent 5",1,0,791505,553,29,"fused_silu_mul_mq_rotate_awq_i4_gfx12",553,73987447511849,73987449621070,0,0,56,0,128,32,1,1,2176,8192,1
"KERNEL_DISPATCH","Agent 5",1,0,791505,558,21,"gemm_mq4g256v2_residual_mmq_iu4_full_set_symfold",558,73987459699488,73987460051971,0,0,184,0,128,256,1,1,2048,64,1
"KERNEL_DISPATCH","Agent 5",1,0,791505,568,20,"fused_rmsnorm_mq_rotate_awq_i4_gfx12",568,73987501976258,73987502375102,0,0,96,0,128,256,1,1,2097152,1,1
"KERNEL_DISPATCH","Agent 5",1,0,791505,573,20,"fused_rmsnorm_mq_rotate_awq_i4_gfx12",573,73987521800410,73987522250534,0,0,96,0,128,256,1,1,2097152,1,1
"KERNEL_DISPATCH","Agent 5",1,0,791505,578,25,"gdn_pre_batched_gfx1201",578,73987527915549,73987530504374,33280,0,224,0,128,256,1,1,2686976,1,1
"KERNEL_DISPATCH","Agent 5",1,0,791505,583,27,"gated_delta_net_q8_fast",583,73987532527874,73987533028199,2048,0,64,0,128,32,1,1,1536,32,1
"KERNEL_DISPATCH","Agent 5",1,0,791505,588,27,"gated_delta_net_q8_fast",588,73987535060699,73987535567984,2048,0,64,0,128,32,1,1,1536,32,1
"KERNEL_DISPATCH","Agent 5",1,0,791505,598,21,"gemm_mq4g256v2_residual_mmq_iu4_full_set_symfold",598,73987542050286,73987547702141,0,0,184,0,128,256,1,1,34816,64,1
"KERNEL_DISPATCH","Agent 5",1,0,791505,603,21,"gemm_mq4g256v2_residual_mmq_iu4_full_set_symfold",603,73987561964200,73987565430993,0,0,184,0,128,256,1,1,20480,64,1
"KERNEL_DISPATCH","Agent 5",1,0,791505,608,27,"gated_delta_net_q8_fast",608,73987570476282,73987571090768,2048,0,64,0,128,32,1,1,1536,32,1
"KERNEL_DISPATCH","Agent 5",1,0,791505,613,27,"gated_delta_net_q8_fast",613,73987573525512,73987574123918,2048,0,64,0,128,32,1,1,1536,32,1
"KERNEL_DISPATCH","Agent 5",1,0,791505,618,27,"gated_delta_net_q8_fast",618,73987576503261,73987577087186,2048,0,64,0,128,32,1,1,1536,32,1
"KERNEL_DISPATCH","Agent 5",1,0,791505,623,27,"gated_delta_net_q8_fast",623,73987579416969,73987579991255,2048,0,64,0,128,32,1,1,1536,32,1
"KERNEL_DISPATCH","Agent 5",1,0,791505,628,21,"gemm_mq4g256v2_residual_mmq_iu4_full_set_symfold",628,73987589277465,73987595113441,0,0,184,0,128,256,1,1,34816,64,1
"KERNEL_DISPATCH","Agent 5",1,0,791505,633,21,"gemm_mq4g256v2_residual_mmq_iu4_full_set_symfold",633,73987607205079,73987609345499,0,0,184,0,128,256,1,1,12288,64,1
"KERNEL_DISPATCH","Agent 5",1,0,791505,1112,27,"gated_delta_net_q8_fast",1112,73988496043502,73988496586267,2048,0,64,0,128,32,1,1,1536,32,1
"KERNEL_DISPATCH","Agent 5",1,0,791505,638,27,"gated_delta_net_q8_fast",638,73987612851893,73987613454579,2048,0,64,0,128,32,1,1,1536,32,1
"KERNEL_DISPATCH","Agent 5",1,0,791505,643,27,"gated_delta_net_q8_fast",643,73987615857523,73987616449408,2048,0,64,0,128,32,1,1,1536,32,1
"KERNEL_DISPATCH","Agent 5",1,0,791505,648,27,"gated_delta_net_q8_fast",648,73987618808551,73987619384277,2048,0,64,0,128,32,1,1,1536,32,1
"KERNEL_DISPATCH","Agent 5",1,0,791505,653,28,"gated_norm_mq_rotate_awq_i4_gfx12",653,73987621691219,73987622605988,1024,0,40,0,128,64,1,1,1536,8192,1
"KERNEL_DISPATCH","Agent 5",1,0,791505,658,29,"fused_silu_mul_mq_rotate_awq_i4_gfx12",658,73987636660084,73987638770385,0,0,56,0,128,32,1,1,2176,8192,1
"KERNEL_DISPATCH","Agent 5",1,0,791505,663,21,"gemm_mq4g256v2_residual_mmq_iu4_full_set_symfold",663,73987649701851,73987650057574,0,0,184,0,128,256,1,1,2048,64,1
"KERNEL_DISPATCH","Agent 5",1,0,791505,668,36,"kv_cache_write_q8_0_batched",668,73987652235515,73987652357917,0,0,8,0,128,32,1,1,1024,8192,1
"KERNEL_DISPATCH","Agent 5",1,0,791505,673,20,"fused_rmsnorm_mq_rotate_awq_i4_gfx12",673,73987693183593,73987693579197,0,0,96,0,128,256,1,1,2097152,1,1
"KERNEL_DISPATCH","Agent 5",1,0,791505,678,20,"fused_rmsnorm_mq_rotate_awq_i4_gfx12",678,73987713459789,73987713897194,0,0,96,0,128,256,1,1,2097152,1,1
"KERNEL_DISPATCH","Agent 5",1,0,791505,683,25,"gdn_pre_batched_gfx1201",683,73987719363647,73987721965632,33280,0,224,0,128,256,1,1,2686976,1,1
"KERNEL_DISPATCH","Agent 5",1,0,791505,688,27,"gated_delta_net_q8_fast",688,73987724160933,73987724703058,2048,0,64,0,128,32,1,1,1536,32,1
"KERNEL_DISPATCH","Agent 5",1,0,791505,693,27,"gated_delta_net_q8_fast",693,73987726869359,73987727403685,2048,0,64,0,128,32,1,1,1536,32,1
"KERNEL_DISPATCH","Agent 5",1,0,791505,698,27,"gated_delta_net_q8_fast",698,73987729554226,73987730085711,2048,0,64,0,128,32,1,1,1536,32,1
"KERNEL_DISPATCH","Agent 5",1,0,791505,708,21,"gemm_mq4g256v2_residual_mmq_iu4_full_set_symfold",708,73987754043983,73987757547057,0,0,184,0,128,256,1,1,20480,64,1
"KERNEL_DISPATCH","Agent 5",1,0,791505,703,21,"gemm_mq4g256v2_residual_mmq_iu4_full_set_symfold",703,73987733987309,73987739682084,0,0,184,0,128,256,1,1,34816,64,1
"KERNEL_DISPATCH","Agent 5",1,0,791505,713,27,"gated_delta_net_q8_fast",713,73987762612146,73987763229912,2048,0,64,0,128,32,1,1,1536,32,1
"KERNEL_DISPATCH","Agent 5",1,0,791505,718,27,"gated_delta_net_q8_fast",718,73987765676456,73987766275502,2048,0,64,0,128,32,1,1,1536,32,1
"KERNEL_DISPATCH","Agent 5",1,0,791505,723,27,"gated_delta_net_q8_fast",723,73987768667245,73987769251731,2048,0,64,0,128,32,1,1,1536,32,1
"KERNEL_DISPATCH","Agent 5",1,0,791505,728,27,"gated_delta_net_q8_fast",728,73987771578993,73987772149759,2048,0,64,0,128,32,1,1,1536,32,1
"KERNEL_DISPATCH","Agent 5",1,0,791505,733,21,"gemm_mq4g256v2_residual_mmq_iu4_full_set_symfold",733,73987781399369,73987787303986,0,0,184,0,128,256,1,1,34816,64,1
"KERNEL_DISPATCH","Agent 5",1,0,791505,738,21,"gemm_mq4g256v2_residual_mmq_iu4_full_set_symfold",738,73987799489784,73987801576604,0,0,184,0,128,256,1,1,12288,64,1
"KERNEL_DISPATCH","Agent 5",1,0,791505,743,27,"gated_delta_net_q8_fast",743,73987805101678,73987805696604,2048,0,64,0,128,32,1,1,1536,32,1
"KERNEL_DISPATCH","Agent 5",1,0,791505,748,27,"gated_delta_net_q8_fast",748,73987808071027,73987808655993,2048,0,64,0,128,32,1,1,1536,32,1
"KERNEL_DISPATCH","Agent 5",1,0,791505,753,27,"gated_delta_net_q8_fast",753,73987810993256,73987811571061,2048,0,64,0,128,32,1,1,1536,32,1
"KERNEL_DISPATCH","Agent 5",1,0,791505,758,28,"gated_norm_mq_rotate_awq_i4_gfx12",758,73987813873244,73987814793092,1024,0,40,0,128,64,1,1,1536,8192,1
"KERNEL_DISPATCH","Agent 5",1,0,791505,763,29,"fused_silu_mul_mq_rotate_awq_i4_gfx12",763,73987828871509,73987830989490,0,0,56,0,128,32,1,1,2176,8192,1
"KERNEL_DISPATCH","Agent 5",1,0,791505,768,21,"gemm_mq4g256v2_residual_mmq_iu4_full_set_symfold",768,73987841936396,73987842293759,0,0,184,0,128,256,1,1,2048,64,1
"KERNEL_DISPATCH","Agent 5",1,0,791505,773,36,"kv_cache_write_q8_0_batched",773,73987844479100,73987844601822,0,0,8,0,128,32,1,1,1024,8192,1
"KERNEL_DISPATCH","Agent 5",1,0,791505,778,20,"fused_rmsnorm_mq_rotate_awq_i4_gfx12",778,73987885713021,73987886111784,0,0,96,0,128,256,1,1,2097152,1,1
"KERNEL_DISPATCH","Agent 5",1,0,791505,783,20,"fused_rmsnorm_mq_rotate_awq_i4_gfx12",783,73987906053378,73987906490582,0,0,96,0,128,256,1,1,2097152,1,1
"KERNEL_DISPATCH","Agent 5",1,0,791505,788,25,"gdn_pre_batched_gfx1201",788,73987911940235,73987914548620,33280,0,224,0,128,256,1,1,2686976,1,1
"KERNEL_DISPATCH","Agent 5",1,0,791505,793,27,"gated_delta_net_q8_fast",793,73987916782562,73987917332607,2048,0,64,0,128,32,1,1,1536,32,1
"KERNEL_DISPATCH","Agent 5",1,0,791505,798,27,"gated_delta_net_q8_fast",798,73987919537869,73987920089434,2048,0,64,0,128,32,1,1,1536,32,1
"KERNEL_DISPATCH","Agent 5",1,0,791505,803,27,"gated_delta_net_q8_fast",803,73987922278655,73987922822421,2048,0,64,0,128,32,1,1,1536,32,1
"KERNEL_DISPATCH","Agent 5",1,0,791505,808,21,"gemm_mq4g256v2_residual_mmq_iu4_full_set_symfold",808,73987926751299,73987932451914,0,0,184,0,128,256,1,1,34816,64,1
"KERNEL_DISPATCH","Agent 5",1,0,791505,813,21,"gemm_mq4g256v2_residual_mmq_iu4_full_set_symfold",813,73987946857854,73987950385648,0,0,184,0,128,256,1,1,20480,64,1
"KERNEL_DISPATCH","Agent 5",1,0,791505,818,27,"gated_delta_net_q8_fast",818,73987955460177,73987956080423,2048,0,64,0,128,32,1,1,1536,32,1
"KERNEL_DISPATCH","Agent 5",1,0,791505,823,27,"gated_delta_net_q8_fast",823,73987958509407,73987959107133,2048,0,64,0,128,32,1,1,1536,32,1
"KERNEL_DISPATCH","Agent 5",1,0,791505,1278,27,"gated_delta_net_q8_fast",1278,73988773510273,73988774091439,2048,0,64,0,128,32,1,1,1536,32,1
"KERNEL_DISPATCH","Agent 5",1,0,791505,1273,27,"gated_delta_net_q8_fast",1273,73988770541245,73988771133610,2048,0,64,0,128,32,1,1,1536,32,1
"KERNEL_DISPATCH","Agent 5",1,0,791505,828,27,"gated_delta_net_q8_fast",828,73987961513916,73987962107882,2048,0,64,0,128,32,1,1,1536,32,1
"KERNEL_DISPATCH","Agent 5",1,0,791505,1268,27,"gated_delta_net_q8_fast",1268,73988767524895,73988768130461,2048,0,64,0,128,32,1,1,1536,32,1
"KERNEL_DISPATCH","Agent 5",1,0,791505,833,27,"gated_delta_net_q8_fast",833,73987964456144,73987965030550,2048,0,64,0,128,32,1,1,1536,32,1
"KERNEL_DISPATCH","Agent 5",1,0,791505,1263,21,"gemm_mq4g256v2_residual_mmq_iu4_full_set_symfold",1263,73988761885121,73988763997221,0,0,184,0,128,256,1,1,12288,64,1
"KERNEL_DISPATCH","Agent 5",1,0,791505,838,21,"gemm_mq4g256v2_residual_mmq_iu4_full_set_symfold",838,73987974347920,73987980232137,0,0,184,0,128,256,1,1,34816,64,1
"KERNEL_DISPATCH","Agent 5",1,0,791505,1258,21,"gemm_mq4g256v2_residual_mmq_iu4_full_set_symfold",1258,73988743975587,73988749827284,0,0,184,0,128,256,1,1,34816,64,1
"KERNEL_DISPATCH","Agent 5",1,0,791505,843,21,"gemm_mq4g256v2_residual_mmq_iu4_full_set_symfold",843,73987992291894,73987994430915,0,0,184,0,128,256,1,1,12288,64,1
"KERNEL_DISPATCH","Agent 5",1,0,791505,848,27,"gated_delta_net_q8_fast",848,73987997963549,73987998568115,2048,0,64,0,128,32,1,1,1536,32,1
"KERNEL_DISPATCH","Agent 5",1,0,791505,853,27,"gated_delta_net_q8_fast",853,73988000977179,73988001569664,2048,0,64,0,128,32,1,1,1536,32,1
"KERNEL_DISPATCH","Agent 5",1,0,791505,858,27,"gated_delta_net_q8_fast",858,73988003939047,73988004517893,2048,0,64,0,128,32,1,1,1536,32,1
"KERNEL_DISPATCH","Agent 5",1,0,791505,863,28,"gated_norm_mq_rotate_awq_i4_gfx12",863,73988006826115,73988007747364,1024,0,40,0,128,64,1,1,1536,8192,1
"KERNEL_DISPATCH","Agent 5",1,0,791505,868,29,"fused_silu_mul_mq_rotate_awq_i4_gfx12",868,73988021920142,73988024035522,0,0,56,0,128,32,1,1,2176,8192,1
"KERNEL_DISPATCH","Agent 5",1,0,791505,873,21,"gemm_mq4g256v2_residual_mmq_iu4_full_set_symfold",873,73988035011789,73988035370352,0,0,184,0,128,256,1,1,2048,64,1
"KERNEL_DISPATCH","Agent 5",1,0,791505,878,36,"kv_cache_write_q8_0_batched",878,73988037548974,73988037670855,0,0,8,0,128,32,1,1,1024,8192,1
"KERNEL_DISPATCH","Agent 5",1,0,791505,883,20,"fused_rmsnorm_mq_rotate_awq_i4_gfx12",883,73988078221128,73988078616532,0,0,96,0,128,256,1,1,2097152,1,1
"KERNEL_DISPATCH","Agent 5",1,0,791505,593,27,"gated_delta_net_q8_fast",593,73987537607683,73987538115768,2048,0,64,0,128,32,1,1,1536,32,1
"KERNEL_DISPATCH","Agent 5",1,0,791505,893,25,"gdn_pre_batched_gfx1201",893,73988104072619,73988106679524,33280,0,224,0,128,256,1,1,2686976,1,1
"KERNEL_DISPATCH","Agent 5",1,0,791505,898,27,"gated_delta_net_q8_fast",898,73988108887466,73988109430351,2048,0,64,0,128,32,1,1,1536,32,1
"KERNEL_DISPATCH","Agent 5",1,0,791505,903,27,"gated_delta_net_q8_fast",903,73988111616172,73988112154657,2048,0,64,0,128,32,1,1,1536,32,1
"KERNEL_DISPATCH","Agent 5",1,0,791505,908,27,"gated_delta_net_q8_fast",908,73988114325798,73988114863404,2048,0,64,0,128,32,1,1,1536,32,1
"KERNEL_DISPATCH","Agent 5",1,0,791505,913,21,"gemm_mq4g256v2_residual_mmq_iu4_full_set_symfold",913,73988118790322,73988124476857,0,0,184,0,128,256,1,1,34816,64,1
"KERNEL_DISPATCH","Agent 5",1,0,791505,918,21,"gemm_mq4g256v2_residual_mmq_iu4_full_set_symfold",918,73988138992798,73988142478072,0,0,184,0,128,256,1,1,20480,64,1
"KERNEL_DISPATCH","Agent 5",1,0,791505,923,27,"gated_delta_net_q8_fast",923,73988147543401,73988148167887,2048,0,64,0,128,32,1,1,1536,32,1
"KERNEL_DISPATCH","Agent 5",1,0,791505,928,27,"gated_delta_net_q8_fast",928,73988150617950,73988151213476,2048,0,64,0,128,32,1,1,1536,32,1
"KERNEL_DISPATCH","Agent 5",1,0,791505,933,27,"gated_delta_net_q8_fast",933,73988153579859,73988154160665,2048,0,64,0,128,32,1,1,1536,32,1
"KERNEL_DISPATCH","Agent 5",1,0,791505,938,27,"gated_delta_net_q8_fast",938,73988156472087,73988157040773,2048,0,64,0,128,32,1,1,1536,32,1
"KERNEL_DISPATCH","Agent 5",1,0,791505,943,21,"gemm_mq4g256v2_residual_mmq_iu4_full_set_symfold",943,73988166351823,73988172222520,0,0,184,0,128,256,1,1,34816,64,1
"KERNEL_DISPATCH","Agent 5",1,0,791505,948,21,"gemm_mq4g256v2_residual_mmq_iu4_full_set_symfold",948,73988184318277,73988186438538,0,0,184,0,128,256,1,1,12288,64,1
"KERNEL_DISPATCH","Agent 5",1,0,791505,953,27,"gated_delta_net_q8_fast",953,73988189991452,73988190556298,2048,0,64,0,128,32,1,1,1536,32,1
"KERNEL_DISPATCH","Agent 5",1,0,791505,958,27,"gated_delta_net_q8_fast",958,73988192816480,73988193370845,2048,0,64,0,128,32,1,1,1536,32,1
"KERNEL_DISPATCH","Agent 5",1,0,791505,963,27,"gated_delta_net_q8_fast",963,73988195594467,73988196140792,2048,0,64,0,128,32,1,1,1536,32,1
"KERNEL_DISPATCH","Agent 5",1,0,791505,968,28,"gated_norm_mq_rotate_awq_i4_gfx12",968,73988198323373,73988199254022,1024,0,40,0,128,64,1,1,1536,8192,1
"KERNEL_DISPATCH","Agent 5",1,0,791505,973,29,"fused_silu_mul_mq_rotate_awq_i4_gfx12",973,73988213517681,73988215627261,0,0,56,0,128,32,1,1,2176,8192,1
"KERNEL_DISPATCH","Agent 5",1,0,791505,978,21,"gemm_mq4g256v2_residual_mmq_iu4_full_set_symfold",978,73988226591328,73988226951891,0,0,184,0,128,256,1,1,2048,64,1
"KERNEL_DISPATCH","Agent 5",1,0,791505,983,36,"kv_cache_write_q8_0_batched",983,73988229125472,73988229248233,0,0,8,0,128,32,1,1,1024,8192,1
"KERNEL_DISPATCH","Agent 5",1,0,791505,988,20,"fused_rmsnorm_mq_rotate_awq_i4_gfx12",988,73988270315752,73988270706916,0,0,96,0,128,256,1,1,2097152,1,1
"KERNEL_DISPATCH","Agent 5",1,0,791505,993,20,"fused_rmsnorm_mq_rotate_awq_i4_gfx12",993,73988290891311,73988291327156,0,0,96,0,128,256,1,1,2097152,1,1
"KERNEL_DISPATCH","Agent 5",1,0,791505,998,25,"gdn_pre_batched_gfx1201",998,73988296756008,73988299354713,33280,0,224,0,128,256,1,1,2686976,1,1
"KERNEL_DISPATCH","Agent 5",1,0,791505,1003,27,"gated_delta_net_q8_fast",1003,73988301572655,73988302125660,2048,0,64,0,128,32,1,1,1536,32,1
"KERNEL_DISPATCH","Agent 5",1,0,791505,1008,27,"gated_delta_net_q8_fast",1008,73988304329562,73988304873487,2048,0,64,0,128,32,1,1,1536,32,1
"KERNEL_DISPATCH","Agent 5",1,0,791505,1013,27,"gated_delta_net_q8_fast",1013,73988307052228,73988307591753,2048,0,64,0,128,32,1,1,1536,32,1
"KERNEL_DISPATCH","Agent 5",1,0,791505,1018,21,"gemm_mq4g256v2_residual_mmq_iu4_full_set_symfold",1018,73988311510991,73988317244167,0,0,184,0,128,256,1,1,34816,64,1
"KERNEL_DISPATCH","Agent 5",1,0,791505,1023,21,"gemm_mq4g256v2_residual_mmq_iu4_full_set_symfold",1023,73988331667627,73988335153301,0,0,184,0,128,256,1,1,20480,64,1
"KERNEL_DISPATCH","Agent 5",1,0,791505,1028,27,"gated_delta_net_q8_fast",1028,73988340194790,73988340808676,2048,0,64,0,128,32,1,1,1536,32,1
"KERNEL_DISPATCH","Agent 5",1,0,791505,1033,27,"gated_delta_net_q8_fast",1033,73988343246419,73988343847105,2048,0,64,0,128,32,1,1,1536,32,1
"KERNEL_DISPATCH","Agent 5",1,0,791505,1038,27,"gated_delta_net_q8_fast",1038,73988346235968,73988346823174,2048,0,64,0,128,32,1,1,1536,32,1
"KERNEL_DISPATCH","Agent 5",1,0,791505,1043,27,"gated_delta_net_q8_fast",1043,73988349149877,73988349720562,2048,0,64,0,128,32,1,1,1536,32,1
"KERNEL_DISPATCH","Agent 5",1,0,791505,1048,21,"gemm_mq4g256v2_residual_mmq_iu4_full_set_symfold",1048,73988358945772,73988364835829,0,0,184,0,128,256,1,1,34816,64,1
"KERNEL_DISPATCH","Agent 5",1,0,791505,1053,21,"gemm_mq4g256v2_residual_mmq_iu4_full_set_symfold",1053,73988376963506,73988379082447,0,0,184,0,128,256,1,1,12288,64,1
"KERNEL_DISPATCH","Agent 5",1,0,791505,1058,27,"gated_delta_net_q8_fast",1058,73988382628321,73988383237767,2048,0,64,0,128,32,1,1,1536,32,1
"KERNEL_DISPATCH","Agent 5",1,0,791505,1063,27,"gated_delta_net_q8_fast",1063,73988385652591,73988386247756,2048,0,64,0,128,32,1,1,1536,32,1
"KERNEL_DISPATCH","Agent 5",1,0,791505,1253,27,"gated_delta_net_q8_fast",1253,73988734220452,73988734788418,2048,0,64,0,128,32,1,1,1536,32,1
"KERNEL_DISPATCH","Agent 5",1,0,791505,1068,27,"gated_delta_net_q8_fast",1068,73988388617139,73988389197385,2048,0,64,0,128,32,1,1,1536,32,1
"KERNEL_DISPATCH","Agent 5",1,0,791505,1073,28,"gated_norm_mq_rotate_awq_i4_gfx12",1073,73988391493167,73988392413056,1024,0,40,0,128,64,1,1,1536,8192,1
"KERNEL_DISPATCH","Agent 5",1,0,791505,1078,29,"fused_silu_mul_mq_rotate_awq_i4_gfx12",1078,73988406620034,73988408730535,0,0,56,0,128,32,1,1,2176,8192,1
"KERNEL_DISPATCH","Agent 5",1,0,791505,1248,27,"gated_delta_net_q8_fast",1248,73988731324944,73988731908030,2048,0,64,0,128,32,1,1,1536,32,1
"KERNEL_DISPATCH","Agent 5",1,0,791505,1083,21,"gemm_mq4g256v2_residual_mmq_iu4_full_set_symfold",1083,73988419680441,73988420045364,0,0,184,0,128,256,1,1,2048,64,1
"KERNEL_DISPATCH","Agent 5",1,0,791505,1243,27,"gated_delta_net_q8_fast",1243,73988728327595,73988728935921,2048,0,64,0,128,32,1,1,1536,32,1
"KERNEL_DISPATCH","Agent 5",1,0,791505,1238,27,"gated_delta_net_q8_fast",1238,73988725190805,73988725824571,2048,0,64,0,128,32,1,1,1536,32,1
"KERNEL_DISPATCH","Agent 5",1,0,791505,1088,36,"kv_cache_write_q8_0_batched",1088,73988422213825,73988422335547,0,0,8,0,128,32,1,1,1024,8192,1
"KERNEL_DISPATCH","Agent 5",1,0,791505,1233,21,"gemm_mq4g256v2_residual_mmq_iu4_full_set_symfold",1233,73988716617802,73988720122196,0,0,184,0,128,256,1,1,20480,64,1
"KERNEL_DISPATCH","Agent 5",1,0,791505,1228,21,"gemm_mq4g256v2_residual_mmq_iu4_full_set_symfold",1228,73988696436766,73988702068620,0,0,184,0,128,256,1,1,34816,64,1
"KERNEL_DISPATCH","Agent 5",1,0,791505,888,20,"fused_rmsnorm_mq_rotate_awq_i4_gfx12",888,73988098256322,73988098693327,0,0,96,0,128,256,1,1,2097152,1,1
"KERNEL_DISPATCH","Agent 5",1,0,791505,1223,27,"gated_delta_net_q8_fast",1223,73988692011563,73988692545488,2048,0,64,0,128,32,1,1,1536,32,1
"KERNEL_DISPATCH","Agent 5",1,0,791505,1098,20,"fused_rmsnorm_mq_rotate_awq_i4_gfx12",1098,73988483107256,73988483545140,0,0,96,0,128,256,1,1,2097152,1,1
"KERNEL_DISPATCH","Agent 5",1,0,791505,1218,27,"gated_delta_net_q8_fast",1218,73988689307337,73988689845022,2048,0,64,0,128,32,1,1,1536,32,1
"KERNEL_DISPATCH","Agent 5",1,0,791505,3317,57,"fused_qkvza_mq4g256v2",3317,73990496994613,73990497067974,0,0,80,0,128,32,1,1,527360,1,1
"KERNEL_DISPATCH","Agent 5",1,0,791505,1103,25,"gdn_pre_batched_gfx1201",1103,73988488977233,73988491600499,33280,0,224,0,128,256,1,1,2686976,1,1
"KERNEL_DISPATCH","Agent 5",1,0,791505,1108,27,"gated_delta_net_q8_fast",1108,73988493841000,73988494388926,2048,0,64,0,128,32,1,1,1536,32,1
"KERNEL_DISPATCH","Agent 5",1,0,791505,1113,27,"gated_delta_net_q8_fast",1113,73988496589547,73988497132552,2048,0,64,0,128,32,1,1,1536,32,1
"KERNEL_DISPATCH","Agent 5",1,0,791505,1213,27,"gated_delta_net_q8_fast",1213,73988686574670,73988687119795,2048,0,64,0,128,32,1,1,1536,32,1
"KERNEL_DISPATCH","Agent 5",1,0,791505,1208,25,"gdn_pre_batched_gfx1201",1208,73988681770423,73988684372089,33280,0,224,0,128,256,1,1,2686976,1,1
"KERNEL_DISPATCH","Agent 5",1,0,791505,1118,27,"gated_delta_net_q8_fast",1118,73988499320053,73988499861219,2048,0,64,0,128,32,1,1,1536,32,1
"KERNEL_DISPATCH","Agent 5",1,0,791505,1123,21,"gemm_mq4g256v2_residual_mmq_iu4_full_set_symfold",1123,73988503818217,73988509561953,0,0,184,0,128,256,1,1,34816,64,1
"KERNEL_DISPATCH","Agent 5",1,0,791505,1128,21,"gemm_mq4g256v2_residual_mmq_iu4_full_set_symfold",1128,73988523996533,73988527458926,0,0,184,0,128,256,1,1,20480,64,1
"KERNEL_DISPATCH","Agent 5",1,0,791505,1133,27,"gated_delta_net_q8_fast",1133,73988532494935,73988533107741,2048,0,64,0,128,32,1,1,1536,32,1
"KERNEL_DISPATCH","Agent 5",1,0,791505,1138,27,"gated_delta_net_q8_fast",1138,73988535540285,73988536138131,2048,0,64,0,128,32,1,1,1536,32,1
"KERNEL_DISPATCH","Agent 5",1,0,791505,1143,27,"gated_delta_net_q8_fast",1143,73988538524154,73988539107999,2048,0,64,0,128,32,1,1,1536,32,1
"KERNEL_DISPATCH","Agent 5",1,0,791505,1203,20,"fused_rmsnorm_mq_rotate_awq_i4_gfx12",1203,73988675861046,73988676300130,0,0,96,0,128,256,1,1,2097152,1,1
"KERNEL_DISPATCH","Agent 5",1,0,791505,1148,27,"gated_delta_net_q8_fast",1148,73988541432142,73988542001507,2048,0,64,0,128,32,1,1,1536,32,1
"KERNEL_DISPATCH","Agent 5",1,0,791505,1153,21,"gemm_mq4g256v2_residual_mmq_iu4_full_set_symfold",1153,73988551284558,73988557145414,0,0,184,0,128,256,1,1,34816,64,1
"KERNEL_DISPATCH","Agent 5",1,0,791505,1198,20,"fused_rmsnorm_mq_rotate_awq_i4_gfx12",1198,73988655830732,73988656236616,0,0,96,0,128,256,1,1,2097152,1,1
"KERNEL_DISPATCH","Agent 5",1,0,791505,1193,36,"kv_cache_write_q8_0_batched",1193,73988614353089,73988614475491,0,0,8,0,128,32,1,1,1024,8192,1
"KERNEL_DISPATCH","Agent 5",1,0,791505,1158,21,"gemm_mq4g256v2_residual_mmq_iu4_full_set_symfold",1158,73988569205691,73988571346312,0,0,184,0,128,256,1,1,12288,64,1
"KERNEL_DISPATCH","Agent 5",1,0,791505,1163,27,"gated_delta_net_q8_fast",1163,73988574869426,73988575473392,2048,0,64,0,128,32,1,1,1536,32,1
"KERNEL_DISPATCH","Agent 5",1,0,791505,1168,27,"gated_delta_net_q8_fast",1168,73988577875496,73988578467661,2048,0,64,0,128,32,1,1,1536,32,1
"KERNEL_DISPATCH","Agent 5",1,0,791505,1188,21,"gemm_mq4g256v2_residual_mmq_iu4_full_set_symfold",1188,73988611808505,73988612167828,0,0,184,0,128,256,1,1,2048,64,1
"KERNEL_DISPATCH","Agent 5",1,0,791505,1173,27,"gated_delta_net_q8_fast",1173,73988580834924,73988581416570,2048,0,64,0,128,32,1,1,1536,32,1
"KERNEL_DISPATCH","Agent 5",1,0,791505,1178,28,"gated_norm_mq_rotate_awq_i4_gfx12",1178,73988583731512,73988584651601,1024,0,40,0,128,64,1,1,1536,8192,1
"KERNEL_DISPATCH","Agent 5",1,0,791505,1183,29,"fused_silu_mul_mq_rotate_awq_i4_gfx12",1183,73988598747018,73988600862799,0,0,56,0,128,32,1,1,2176,8192,1
"KERNEL_DISPATCH","Agent 5",1,0,791505,1093,20,"fused_rmsnorm_mq_rotate_awq_i4_gfx12",1093,73988462827499,73988463223583,0,0,96,0,128,256,1,1,2097152,1,1
"KERNEL_DISPATCH","Agent 5",1,0,791505,3318,58,"fused_sigmoid_alpha_gate_f32",3318,73990497258815,73990497261175,0,0,16,0,128,256,1,1,256,1,1
"KERNEL_DISPATCH","Agent 5",1,0,791505,3319,59,"conv1d_silu_split_qknorm_b256",3319,73990497495088,73990497497728,1024,0,24,0,128,256,1,1,10240,1,1
"KERNEL_DISPATCH","Agent 5",1,0,791505,3320,60,"repeat_interleave_qk_f32",3320,73990497721070,73990497723190,0,0,8,0,128,256,1,1,6144,1,1
"KERNEL_DISPATCH","Agent 5",1,0,791505,3321,27,"gated_delta_net_q8_fast",3321,73990497727430,73990497735750,2048,0,64,0,128,32,1,1,1536,32,1
"KERNEL_DISPATCH","Agent 5",1,0,791505,3322,61,"gated_norm_f32",3322,73990497920272,73990497923592,0,0,24,0,128,32,1,1,1536,1,1
"KERNEL_DISPATCH","Agent 5",1,0,791505,3323,62,"rotate_x_mq_awq",3323,73990498116214,73990498118454,0,0,80,0,128,32,1,1,768,1,1
"KERNEL_DISPATCH","Agent 5",1,0,791505,3324,63,"gemv_mq4g256v2_residual",3324,73990498319576,73990498354656,0,0,104,0,128,32,1,1,163840,1,1
"KERNEL_DISPATCH","Agent 5",1,0,791505,3325,56,"fused_rmsnorm_mq_rotate_awq",3325,73990498358816,73990498365776,0,0,88,0,128,256,1,1,256,1,1
"KERNEL_DISPATCH","Agent 5",1,0,791505,3326,64,"fused_gate_up_mq4g256v2",3326,73990498521038,73990498685239,0,0,80,0,128,32,1,1,1114112,1,1
"KERNEL_DISPATCH","Agent 5",1,0,791505,3327,65,"fused_silu_mul_mq_rotate_awq",3327,73990498720230,73990498722950,0,0,56,0,128,32,1,1,2176,1,1
"KERNEL_DISPATCH","Agent 5",1,0,791505,3328,63,"gemv_mq4g256v2_residual",3328,73990498727030,73990498809630,0,0,104,0,128,32,1,1,163840,1,1
"KERNEL_DISPATCH","Agent 5",1,0,791505,3329,56,"fused_rmsnorm_mq_rotate_awq",3329,73990498813310,73990498820231,0,0,88,0,128,256,1,1,256,1,1
"KERNEL_DISPATCH","Agent 5",1,0,791505,3330,57,"fused_qkvza_mq4g256v2",3330,73990498823591,73990498907231,0,0,80,0,128,32,1,1,527360,1,1
"KERNEL_DISPATCH","Agent 5",1,0,791505,3331,58,"fused_sigmoid_alpha_gate_f32",3331,73990498911151,73990498913351,0,0,16,0,128,256,1,1,256,1,1
"KERNEL_DISPATCH","Agent 5",1,0,791505,3351,56,"fused_rmsnorm_mq_rotate_awq",3351,73990499422116,73990499428676,0,0,88,0,128,256,1,1,256,1,1
"KERNEL_DISPATCH","Agent 5",1,0,791505,3352,64,"fused_gate_up_mq4g256v2",3352,73990499432356,73990499595598,0,0,80,0,128,32,1,1,1114112,1,1
"KERNEL_DISPATCH","Agent 5",1,0,791505,3353,65,"fused_silu_mul_mq_rotate_awq",3353,73990499599118,73990499602238,0,0,56,0,128,32,1,1,2176,1,1
"KERNEL_DISPATCH","Agent 5",1,0,791505,3354,63,"gemv_mq4g256v2_residual",3354,73990499605918,73990499686759,0,0,104,0,128,32,1,1,163840,1,1
"KERNEL_DISPATCH","Agent 5",1,0,791505,3356,66,"fused_qkv_mq4g256v2",3356,73990499700839,73990499774520,0,0,80,0,128,32,1,1,458752,1,1
"KERNEL_DISPATCH","Agent 5",1,0,791505,3357,67,"deinterleave_f32",3357,73990499778360,73990499780440,0,0,8,0,128,256,1,1,6144,1,1
"KERNEL_DISPATCH","Agent 5",1,0,791505,3358,32,"rmsnorm_f32",3358,73990499784000,73990499786520,0,0,16,0,128,256,1,1,6144,1,1
"KERNEL_DISPATCH","Agent 5",1,0,791505,3348,61,"gated_norm_f32",3348,73990499371956,73990499374916,0,0,24,0,128,32,1,1,1536,1,1
"KERNEL_DISPATCH","Agent 5",1,0,791505,3343,57,"fused_qkvza_mq4g256v2",3343,73990499258715,73990499340556,0,0,80,0,128,32,1,1,527360,1,1
"KERNEL_DISPATCH","Agent 5",1,0,791505,3338,56,"fused_rmsnorm_mq_rotate_awq",3338,73990498989032,73990498996392,0,0,88,0,128,256,1,1,256,1,1
"KERNEL_DISPATCH","Agent 5",1,0,791505,3333,60,"repeat_interleave_qk_f32",3333,73990498922672,73990498924672,0,0,8,0,128,256,1,1,6144,1,1
"KERNEL_DISPATCH","Agent 5",1,0,791505,3334,27,"gated_delta_net_q8_fast",3334,73990498927992,73990498936032,2048,0,64,0,128,32,1,1,1536,32,1
"KERNEL_DISPATCH","Agent 5",1,0,791505,1162,27,"gated_delta_net_q8_fast",1162,73988574251700,73988574866026,2048,0,64,0,128,32,1,1,1536,32,1
"KERNEL_DISPATCH","Agent 5",1,0,791505,3339,64,"fused_gate_up_mq4g256v2",3339,73990499000152,73990499154994,0,0,80,0,128,32,1,1,1114112,1,1
"KERNEL_DISPATCH","Agent 5",1,0,791505,3359,32,"rmsnorm_f32",3359,73990499789720,73990499792080,0,0,16,0,128,256,1,1,1024,1,1
"KERNEL_DISPATCH","Agent 5",1,0,791505,3344,58,"fused_sigmoid_alpha_gate_f32",3344,73990499344076,73990499346356,0,0,16,0,128,256,1,1,256,1,1
"KERNEL_DISPATCH","Agent 5",1,0,791505,3349,62,"rotate_x_mq_awq",3349,73990499378316,73990499380436,0,0,80,0,128,32,1,1,768,1,1
"KERNEL_DISPATCH","Agent 5",1,0,791505,3335,61,"gated_norm_f32",3335,73990498939352,73990498942432,0,0,24,0,128,32,1,1,1536,1,1
"KERNEL_DISPATCH","Agent 5",1,0,791505,3340,65,"fused_silu_mul_mq_rotate_awq",3340,73990499158394,73990499160754,0,0,56,0,128,32,1,1,2176,1,1
"KERNEL_DISPATCH","Agent 5",1,0,791505,3345,59,"conv1d_silu_split_qknorm_b256",3345,73990499349756,73990499352196,1024,0,24,0,128,256,1,1,10240,1,1
"KERNEL_DISPATCH","Agent 5",1,0,791505,3350,63,"gemv_mq4g256v2_residual",3350,73990499383756,73990499418996,0,0,104,0,128,32,1,1,163840,1,1
"KERNEL_DISPATCH","Agent 5",1,0,791505,3355,56,"fused_rmsnorm_mq_rotate_awq",3355,73990499690519,73990499697319,0,0,88,0,128,256,1,1,256,1,1
"KERNEL_DISPATCH","Agent 5",1,0,791505,3360,68,"rope_partial_halfsplit_f32",3360,73990499795680,73990499802840,0,0,16,0,128,32,1,1,32,1,1
"KERNEL_DISPATCH","Agent 5",1,0,791505,3341,63,"gemv_mq4g256v2_residual",3341,73990499163954,73990499244715,0,0,104,0,128,32,1,1,163840,1,1
"KERNEL_DISPATCH","Agent 5",1,0,791505,3361,70,"kv_cache_write_q8_0",3361,73990499806360,73990499808600,0,0,8,0,128,32,1,1,1024,1,1
"KERNEL_DISPATCH","Agent 5",1,0,791505,3332,59,"conv1d_silu_split_qknorm_b256",3332,73990498916791,73990498919391,1024,0,24,0,128,256,1,1,10240,1,1
"KERNEL_DISPATCH","Agent 5",1,0,791505,3337,63,"gemv_mq4g256v2_residual",3337,73990498951192,73990498985872,0,0,104,0,128,32,1,1,163840,1,1
"KERNEL_DISPATCH","Agent 5",1,0,791505,3362,70,"kv_cache_write_q8_0",3362,73990499811800,73990499813640,0,0,8,0,128,32,1,1,1024,1,1
"KERNEL_DISPATCH","Agent 5",1,0,791505,3342,56,"fused_rmsnorm_mq_rotate_awq",3342,73990499248395,73990499255275,0,0,88,0,128,256,1,1,256,1,1
"KERNEL_DISPATCH","Agent 5",1,0,791505,3347,27,"gated_delta_net_q8_fast",3347,73990499360636,73990499368596,2048,0,64,0,128,32,1,1,1536,32,1
"KERNEL_DISPATCH","Agent 5",1,0,791505,3336,62,"rotate_x_mq_awq",3336,73990498945792,73990498947912,0,0,80,0,128,32,1,1,768,1,1
"KERNEL_DISPATCH","Agent 5",1,0,791505,3346,60,"repeat_interleave_qk_f32",3346,73990499355476,73990499357276,0,0,8,0,128,256,1,1,6144,1,1
"KERNEL_DISPATCH","Agent 5",1,0,791505,3363,71,"attention_flash_q8_0_tile",3363,73990500021192,73990500109033,0,0,48,0,128,32,1,1,768,65,1
"KERNEL_DISPATCH","Agent 5",1,0,791505,3364,72,"attention_flash_q8_0_reduce",3364,73990500235124,73990500255604,512,0,24,0,128,256,1,1,6144,1,1
"KERNEL_DISPATCH","Agent 5",1,0,791505,3365,73,"sigmoid_mul_f32",3365,73990500432226,73990500434186,0,0,16,0,128,256,1,1,6144,1,1
"KERNEL_DISPATCH","Agent 5",1,0,791505,3366,62,"rotate_x_mq_awq",3366,73990500438546,73990500440706,0,0,80,0,128,32,1,1,768,1,1
"KERNEL_DISPATCH","Agent 5",1,0,791505,3367,63,"gemv_mq4g256v2_residual",3367,73990500444386,73990500475947,0,0,104,0,128,32,1,1,163840,1,1
"KERNEL_DISPATCH","Agent 5",1,0,791505,3368,56,"fused_rmsnorm_mq_rotate_awq",3368,73990500479107,73990500485947,0,0,88,0,128,256,1,1,256,1,1
"KERNEL_DISPATCH","Agent 5",1,0,791505,3369,64,"fused_gate_up_mq4g256v2",3369,73990500489187,73990500641948,0,0,80,0,128,32,1,1,1114112,1,1
"KERNEL_DISPATCH","Agent 5",1,0,791505,3370,65,"fused_silu_mul_mq_rotate_awq",3370,73990500645228,73990500647668,0,0,56,0,128,32,1,1,2176,1,1
"KERNEL_DISPATCH","Agent 5",1,0,791505,3376,60,"repeat_interleave_qk_f32",3376,73990500831550,73990500833350,0,0,8,0,128,256,1,1,6144,1,1
"KERNEL_DISPATCH","Agent 5",1,0,791505,3377,27,"gated_delta_net_q8_fast",3377,73990500836710,73990500844710,2048,0,64,0,128,32,1,1,1536,32,1
"KERNEL_DISPATCH","Agent 5",1,0,791505,3424,56,"fused_rmsnorm_mq_rotate_awq",3424,73990502294964,73990502301844,0,0,88,0,128,256,1,1,256,1,1
"KERNEL_DISPATCH","Agent 5",1,0,791505,3428,56,"fused_rmsnorm_mq_rotate_awq",3428,73990502550807,73990502557567,0,0,88,0,128,256,1,1,256,1,1
"KERNEL_DISPATCH","Agent 5",1,0,791505,3486,58,"fused_sigmoid_alpha_gate_f32",3486,73990504456025,73990504458025,0,0,16,0,128,256,1,1,256,1,1
"KERNEL_DISPATCH","Agent 5",1,0,791505,3487,59,"conv1d_silu_split_qknorm_b256",3487,73990504461305,73990504463785,1024,0,24,0,128,256,1,1,10240,1,1
"KERNEL_DISPATCH","Agent 5",1,0,791505,3934,58,"fused_sigmoid_alpha_gate_f32",3934,73990519072847,73990519074847,0,0,16,0,128,256,1,1,256,1,1
"KERNEL_DISPATCH","Agent 5",1,0,791505,4013,63,"gemv_mq4g256v2_residual",4013,73990521603712,73990521684952,0,0,104,0,128,32,1,1,163840,1,1
"KERNEL_DISPATCH","Agent 5",1,0,791505,4211,63,"gemv_mq4g256v2_residual",4211,73990528022734,73990528103575,0,0,104,0,128,32,1,1,163840,1,1
"KERNEL_DISPATCH","Agent 5",1,0,791505,4206,62,"rotate_x_mq_awq",4206,73990527802372,73990527804252,0,0,80,0,128,32,1,1,768,1,1
"KERNEL_DISPATCH","Agent 5",1,0,791505,4201,70,"kv_cache_write_q8_0",4201,73990527673490,73990527675370,0,0,8,0,128,32,1,1,1024,1,1
"KERNEL_DISPATCH","Agent 5",1,0,791505,4196,66,"fused_qkv_mq4g256v2",4196,73990527569729,73990527642770,0,0,80,0,128,32,1,1,458752,1,1
"KERNEL_DISPATCH","Agent 5",1,0,791505,4191,56,"fused_rmsnorm_mq_rotate_awq",4191,73990527300367,73990527306927,0,0,88,0,128,256,1,1,256,1,1
"KERNEL_DISPATCH","Agent 5",1,0,791505,4186,60,"repeat_interleave_qk_f32",4186,73990527235686,73990527237446,0,0,8,0,128,256,1,1,6144,1,1
"KERNEL_DISPATCH","Agent 5",1,0,791505,4181,63,"gemv_mq4g256v2_residual",4181,73990527043004,73990527124645,0,0,104,0,128,32,1,1,163840,1,1
"KERNEL_DISPATCH","Agent 5",1,0,791505,4176,62,"rotate_x_mq_awq",4176,73990526825842,73990526827602,0,0,80,0,128,32,1,1,768,1,1
"KERNEL_DISPATCH","Agent 5",1,0,791505,4171,58,"fused_sigmoid_alpha_gate_f32",4171,73990526791722,73990526793722,0,0,16,0,128,256,1,1,256,1,1
"KERNEL_DISPATCH","Agent 5",1,0,791505,4166,64,"fused_gate_up_mq4g256v2",4166,73990526457039,73990526612480,0,0,80,0,128,32,1,1,1114112,1,1
"KERNEL_DISPATCH","Agent 5",1,0,791505,4161,27,"gated_delta_net_q8_fast",4161,73990526386438,73990526394518,2048,0,64,0,128,32,1,1,1536,32,1
"KERNEL_DISPATCH","Agent 5",1,0,791505,4156,56,"fused_rmsnorm_mq_rotate_awq",4156,73990526283717,73990526290437,0,0,88,0,128,256,1,1,256,1,1
"KERNEL_DISPATCH","Agent 5",1,0,791505,4151,63,"gemv_mq4g256v2_residual",4151,73990525995234,73990526026754,0,0,104,0,128,32,1,1,163840,1,1
"KERNEL_DISPATCH","Agent 5",1,0,791505,4146,70,"kv_cache_write_q8_0",4146,73990525865233,73990525866993,0,0,8,0,128,32,1,1,1024,1,1
"KERNEL_DISPATCH","Agent 5",1,0,791505,4141,67,"deinterleave_f32",4141,73990525832553,73990525834633,0,0,8,0,128,256,1,1,6144,1,1
"KERNEL_DISPATCH","Agent 5",1,0,791505,4136,64,"fused_gate_up_mq4g256v2",4136,73990525499509,73990525654271,0,0,80,0,128,32,1,1,1114112,1,1
"KERNEL_DISPATCH","Agent 5",1,0,791505,4131,27,"gated_delta_net_q8_fast",4131,73990525429789,73990525437749,2048,0,64,0,128,32,1,1,1536,32,1
"KERNEL_DISPATCH","Agent 5",1,0,791505,4126,56,"fused_rmsnorm_mq_rotate_awq",4126,73990525326948,73990525333828,0,0,88,0,128,256,1,1,256,1,1
"KERNEL_DISPATCH","Agent 5",1,0,791505,4121,63,"gemv_mq4g256v2_residual",4121,73990525031265,73990525065625,0,0,104,0,128,32,1,1,163840,1,1
"KERNEL_DISPATCH","Agent 5",1,0,791505,4212,32,"rmsnorm_f32",4212,73990528106895,73990528117495,0,0,16,0,128,256,1,1,256,1,1
"KERNEL_DISPATCH","Agent 5",1,0,791505,4116,59,"conv1d_silu_split_qknorm_b256",4116,73990524997544,73990525000265,1024,0,24,0,128,256,1,1,10240,1,1
"KERNEL_DISPATCH","Agent 5",1,0,791505,4111,65,"fused_silu_mul_mq_rotate_awq",4111,73990524807303,73990524809663,0,0,56,0,128,32,1,1,2176,1,1
"KERNEL_DISPATCH","Agent 5",1,0,791505,4207,63,"gemv_mq4g256v2_residual",4207,73990527807612,73990527839332,0,0,104,0,128,32,1,1,163840,1,1
"KERNEL_DISPATCH","Agent 5",1,0,791505,4106,61,"gated_norm_f32",4106,73990524588861,73990524591661,0,0,24,0,128,32,1,1,1536,1,1
"KERNEL_DISPATCH","Agent 5",1,0,791505,4202,70,"kv_cache_write_q8_0",4202,73990527678570,73990527680291,0,0,8,0,128,32,1,1,1024,1,1
"KERNEL_DISPATCH","Agent 5",1,0,791505,4101,57,"fused_qkvza_mq4g256v2",4101,73990524485140,73990524558100,0,0,80,0,128,32,1,1,527360,1,1
"KERNEL_DISPATCH","Agent 5",1,0,791505,4197,67,"deinterleave_f32",4197,73990527646330,73990527648370,0,0,8,0,128,256,1,1,6144,1,1
"KERNEL_DISPATCH","Agent 5",1,0,791505,4096,56,"fused_rmsnorm_mq_rotate_awq",4096,73990524221257,73990524227777,0,0,88,0,128,256,1,1,256,1,1
"KERNEL_DISPATCH","Agent 5",1,0,791505,4192,64,"fused_gate_up_mq4g256v2",4192,73990527310287,73990527465648,0,0,80,0,128,32,1,1,1114112,1,1
"KERNEL_DISPATCH","Agent 5",1,0,791505,4091,71,"attention_flash_q8_0_tile",4091,73990524061695,73990524149016,0,0,48,0,128,32,1,1,768,65,1
"KERNEL_DISPATCH","Agent 5",1,0,791505,4187,27,"gated_delta_net_q8_fast",4187,73990527240806,73990527248646,2048,0,64,0,128,32,1,1,1536,32,1
"KERNEL_DISPATCH","Agent 5",1,0,791505,4086,32,"rmsnorm_f32",4086,73990524029895,73990524032335,0,0,16,0,128,256,1,1,6144,1,1
"KERNEL_DISPATCH","Agent 5",1,0,791505,4213,42,"mq_rotate_x",4213,73990528120895,73990528122895,0,0,32,0,128,32,1,1,640,1,1
"KERNEL_DISPATCH","Agent 5",1,0,791505,4182,56,"fused_rmsnorm_mq_rotate_awq",4182,73990527127965,73990527135085,0,0,88,0,128,256,1,1,256,1,1
"KERNEL_DISPATCH","Agent 5",1,0,791505,4081,65,"fused_silu_mul_mq_rotate_awq",4081,73990523847453,73990523850213,0,0,56,0,128,32,1,1,2176,1,1
"KERNEL_DISPATCH","Agent 5",1,0,791505,4208,56,"fused_rmsnorm_mq_rotate_awq",4208,73990527842612,73990527849292,0,0,88,0,128,256,1,1,256,1,1
"KERNEL_DISPATCH","Agent 5",1,0,791505,4177,63,"gemv_mq4g256v2_residual",4177,73990526830842,73990526865483,0,0,104,0,128,32,1,1,163840,1,1
"KERNEL_DISPATCH","Agent 5",1,0,791505,4076,61,"gated_norm_f32",4076,73990523622211,73990523625131,0,0,24,0,128,32,1,1,1536,1,1
"KERNEL_DISPATCH","Agent 5",1,0,791505,4203,71,"attention_flash_q8_0_tile",4203,73990527683571,73990527770571,0,0,48,0,128,32,1,1,768,65,1
"KERNEL_DISPATCH","Agent 5",1,0,791505,4172,59,"conv1d_silu_split_qknorm_b256",4172,73990526797042,73990526799522,1024,0,24,0,128,256,1,1,10240,1,1
"KERNEL_DISPATCH","Agent 5",1,0,791505,4198,32,"rmsnorm_f32",4198,73990527651850,73990527654290,0,0,16,0,128,256,1,1,6144,1,1
"KERNEL_DISPATCH","Agent 5",1,0,791505,4167,65,"fused_silu_mul_mq_rotate_awq",4167,73990526615880,73990526618440,0,0,56,0,128,32,1,1,2176,1,1
"KERNEL_DISPATCH","Agent 5",1,0,791505,4193,65,"fused_silu_mul_mq_rotate_awq",4193,73990527468968,73990527471368,0,0,56,0,128,32,1,1,2176,1,1
"KERNEL_DISPATCH","Agent 5",1,0,791505,4162,61,"gated_norm_f32",4162,73990526397798,73990526400758,0,0,24,0,128,32,1,1,1536,1,1
"KERNEL_DISPATCH","Agent 5",1,0,791505,4188,61,"gated_norm_f32",4188,73990527251966,73990527254726,0,0,24,0,128,32,1,1,1536,1,1
"KERNEL_DISPATCH","Agent 5",1,0,791505,4157,57,"fused_qkvza_mq4g256v2",4157,73990526293757,73990526367198,0,0,80,0,128,32,1,1,527360,1,1
"KERNEL_DISPATCH","Agent 5",1,0,791505,4183,57,"fused_qkvza_mq4g256v2",4183,73990527138365,73990527220446,0,0,80,0,128,32,1,1,527360,1,1
"KERNEL_DISPATCH","Agent 5",1,0,791505,4152,56,"fused_rmsnorm_mq_rotate_awq",4152,73990526029954,73990526036755,0,0,88,0,128,256,1,1,256,1,1
"KERNEL_DISPATCH","Agent 5",1,0,791505,4178,56,"fused_rmsnorm_mq_rotate_awq",4178,73990526868723,73990526875203,0,0,88,0,128,256,1,1,256,1,1
"KERNEL_DISPATCH","Agent 5",1,0,791505,4147,71,"attention_flash_q8_0_tile",4147,73990525870313,73990525957954,0,0,48,0,128,32,1,1,768,65,1
"KERNEL_DISPATCH","Agent 5",1,0,791505,4173,60,"repeat_interleave_qk_f32",4173,73990526802802,73990526804722,0,0,8,0,128,256,1,1,6144,1,1
"KERNEL_DISPATCH","Agent 5",1,0,791505,4142,32,"rmsnorm_f32",4142,73990525838153,73990525840633,0,0,16,0,128,256,1,1,6144,1,1
"KERNEL_DISPATCH","Agent 5",1,0,791505,4168,63,"gemv_mq4g256v2_residual",4168,73990526621800,73990526701601,0,0,104,0,128,32,1,1,163840,1,1
"KERNEL_DISPATCH","Agent 5",1,0,791505,4137,65,"fused_silu_mul_mq_rotate_awq",4137,73990525657511,73990525659951,0,0,56,0,128,32,1,1,2176,1,1
"KERNEL_DISPATCH","Agent 5",1,0,791505,4163,62,"rotate_x_mq_awq",4163,73990526404198,73990526406038,0,0,80,0,128,32,1,1,768,1,1
"KERNEL_DISPATCH","Agent 5",1,0,791505,4132,61,"gated_norm_f32",4132,73990525441149,73990525443989,0,0,24,0,128,32,1,1,1536,1,1
"KERNEL_DISPATCH","Agent 5",1,0,791505,4158,58,"fused_sigmoid_alpha_gate_f32",4158,73990526370598,73990526372518,0,0,16,0,128,256,1,1,256,1,1
"KERNEL_DISPATCH","Agent 5",1,0,791505,4127,57,"fused_qkvza_mq4g256v2",4127,73990525337148,73990525410348,0,0,80,0,128,32,1,1,527360,1,1
"KERNEL_DISPATCH","Agent 5",1,0,791505,4153,64,"fused_gate_up_mq4g256v2",4153,73990526040035,73990526192116,0,0,80,0,128,32,1,1,1114112,1,1
"KERNEL_DISPATCH","Agent 5",1,0,791505,4122,56,"fused_rmsnorm_mq_rotate_awq",4122,73990525068825,73990525075345,0,0,88,0,128,256,1,1,256,1,1
"KERNEL_DISPATCH","Agent 5",1,0,791505,4148,72,"attention_flash_q8_0_reduce",4148,73990525961354,73990525981994,512,0,24,0,128,256,1,1,6144,1,1
"KERNEL_DISPATCH","Agent 5",1,0,791505,4117,60,"repeat_interleave_qk_f32",4117,73990525003585,73990525005425,0,0,8,0,128,256,1,1,6144,1,1
"KERNEL_DISPATCH","Agent 5",1,0,791505,4143,32,"rmsnorm_f32",4143,73990525843793,73990525846113,0,0,16,0,128,256,1,1,1024,1,1
"KERNEL_DISPATCH","Agent 5",1,0,791505,4112,63,"gemv_mq4g256v2_residual",4112,73990524812943,73990524893143,0,0,104,0,128,32,1,1,163840,1,1
"KERNEL_DISPATCH","Agent 5",1,0,791505,4138,63,"gemv_mq4g256v2_residual",4138,73990525663191,73990525743072,0,0,104,0,128,32,1,1,163840,1,1
"KERNEL_DISPATCH","Agent 5",1,0,791505,4107,62,"rotate_x_mq_awq",4107,73990524595061,73990524596741,0,0,80,0,128,32,1,1,768,1,1
"KERNEL_DISPATCH","Agent 5",1,0,791505,4133,62,"rotate_x_mq_awq",4133,73990525447309,73990525449109,0,0,80,0,128,32,1,1,768,1,1
"KERNEL_DISPATCH","Agent 5",1,0,791505,4102,58,"fused_sigmoid_alpha_gate_f32",4102,73990524561460,73990524563460,0,0,16,0,128,256,1,1,256,1,1
"KERNEL_DISPATCH","Agent 5",1,0,791505,4128,58,"fused_sigmoid_alpha_gate_f32",4128,73990525413669,73990525415789,0,0,16,0,128,256,1,1,256,1,1
"KERNEL_DISPATCH","Agent 5",1,0,791505,4097,64,"fused_gate_up_mq4g256v2",4097,73990524231017,73990524383659,0,0,80,0,128,32,1,1,1114112,1,1
"KERNEL_DISPATCH","Agent 5",1,0,791505,4123,64,"fused_gate_up_mq4g256v2",4123,73990525078625,73990525233347,0,0,80,0,128,32,1,1,1114112,1,1
"KERNEL_DISPATCH","Agent 5",1,0,791505,4092,72,"attention_flash_q8_0_reduce",4092,73990524152376,73990524172896,512,0,24,0,128,256,1,1,6144,1,1
"KERNEL_DISPATCH","Agent 5",1,0,791505,4118,27,"gated_delta_net_q8_fast",4118,73990525008825,73990525016905,2048,0,64,0,128,32,1,1,1536,32,1
"KERNEL_DISPATCH","Agent 5",1,0,791505,4087,32,"rmsnorm_f32",4087,73990524035495,73990524038055,0,0,16,0,128,256,1,1,1024,1,1
"KERNEL_DISPATCH","Agent 5",1,0,791505,4082,63,"gemv_mq4g256v2_residual",4082,73990523853733,73990523933974,0,0,104,0,128,32,1,1,163840,1,1
"KERNEL_DISPATCH","Agent 5",1,0,791505,4077,62,"rotate_x_mq_awq",4077,73990523628491,73990523630211,0,0,80,0,128,32,1,1,768,1,1
"KERNEL_DISPATCH","Agent 5",1,0,791505,4072,58,"fused_sigmoid_alpha_gate_f32",4072,73990523594851,73990523596851,0,0,16,0,128,256,1,1,256,1,1
"KERNEL_DISPATCH","Agent 5",1,0,791505,4067,64,"fused_gate_up_mq4g256v2",4067,73990523259648,73990523415329,0,0,80,0,128,32,1,1,1114112,1,1
"KERNEL_DISPATCH","Agent 5",1,0,791505,4062,27,"gated_delta_net_q8_fast",4062,73990523189047,73990523197247,2048,0,64,0,128,32,1,1,1536,32,1
"KERNEL_DISPATCH","Agent 5",1,0,791505,4057,56,"fused_rmsnorm_mq_rotate_awq",4057,73990523076846,73990523083606,0,0,88,0,128,256,1,1,256,1,1
"KERNEL_DISPATCH","Agent 5",1,0,791505,4052,63,"gemv_mq4g256v2_residual",4052,73990522773843,73990522808003,0,0,104,0,128,32,1,1,163840,1,1
"KERNEL_DISPATCH","Agent 5",1,0,791505,4047,59,"conv1d_silu_split_qknorm_b256",4047,73990522740323,73990522742723,1024,0,24,0,128,256,1,1,10240,1,1
"KERNEL_DISPATCH","Agent 5",1,0,791505,4042,65,"fused_silu_mul_mq_rotate_awq",4042,73990522560121,73990522562241,0,0,56,0,128,32,1,1,2176,1,1
"KERNEL_DISPATCH","Agent 5",1,0,791505,4037,73,"sigmoid_mul_f32",4037,73990522349839,73990522351239,0,0,16,0,128,256,1,1,6144,1,1
"KERNEL_DISPATCH","Agent 5",1,0,791505,4032,68,"rope_partial_halfsplit_f32",4032,73990522214357,73990522221438,0,0,16,0,128,32,1,1,32,1,1
"KERNEL_DISPATCH","Agent 5",1,0,791505,4027,56,"fused_rmsnorm_mq_rotate_awq",4027,73990522110356,73990522117237,0,0,88,0,128,256,1,1,256,1,1
"KERNEL_DISPATCH","Agent 5",1,0,791505,4022,63,"gemv_mq4g256v2_residual",4022,73990521814114,73990521848794,0,0,104,0,128,32,1,1,163840,1,1
"KERNEL_DISPATCH","Agent 5",1,0,791505,4017,59,"conv1d_silu_split_qknorm_b256",4017,73990521780233,73990521782753,1024,0,24,0,128,256,1,1,10240,1,1
"KERNEL_DISPATCH","Agent 5",1,0,791505,4012,65,"fused_silu_mul_mq_rotate_awq",4012,73990521597951,73990521600432,0,0,56,0,128,32,1,1,2176,1,1
"KERNEL_DISPATCH","Agent 5",1,0,791505,4007,61,"gated_norm_f32",4007,73990521381469,73990521384189,0,0,24,0,128,32,1,1,1536,1,1
"KERNEL_DISPATCH","Agent 5",1,0,791505,4002,57,"fused_qkvza_mq4g256v2",4002,73990521267468,73990521349229,0,0,80,0,128,32,1,1,527360,1,1
"KERNEL_DISPATCH","Agent 5",1,0,791505,3997,56,"fused_rmsnorm_mq_rotate_awq",3997,73990520999986,73990521006666,0,0,88,0,128,256,1,1,256,1,1
"KERNEL_DISPATCH","Agent 5",1,0,791505,3992,60,"repeat_interleave_qk_f32",3992,73990520934745,73990520936825,0,0,8,0,128,256,1,1,6144,1,1
"KERNEL_DISPATCH","Agent 5",1,0,791505,3987,63,"gemv_mq4g256v2_residual",3987,73990520741423,73990520820704,0,0,104,0,128,32,1,1,163840,1,1
"KERNEL_DISPATCH","Agent 5",1,0,791505,3982,62,"rotate_x_mq_awq",3982,73990520521821,73990520523581,0,0,80,0,128,32,1,1,768,1,1
"KERNEL_DISPATCH","Agent 5",1,0,791505,3977,70,"kv_cache_write_q8_0",3977,73990520390260,73990520392340,0,0,8,0,128,32,1,1,1024,1,1
"KERNEL_DISPATCH","Agent 5",1,0,791505,3972,66,"fused_qkv_mq4g256v2",3972,73990520286059,73990520359459,0,0,80,0,128,32,1,1,458752,1,1
"KERNEL_DISPATCH","Agent 5",1,0,791505,3967,56,"fused_rmsnorm_mq_rotate_awq",3967,73990520018776,73990520025496,0,0,88,0,128,256,1,1,256,1,1
"KERNEL_DISPATCH","Agent 5",1,0,791505,3962,60,"repeat_interleave_qk_f32",3962,73990519953336,73990519955176,0,0,8,0,128,256,1,1,6144,1,1
"KERNEL_DISPATCH","Agent 5",1,0,791505,3957,63,"gemv_mq4g256v2_residual",3957,73990519760614,73990519840894,0,0,104,0,128,32,1,1,163840,1,1
"KERNEL_DISPATCH","Agent 5",1,0,791505,3952,62,"rotate_x_mq_awq",3952,73990519535571,73990519537252,0,0,80,0,128,32,1,1,768,1,1
"KERNEL_DISPATCH","Agent 5",1,0,791505,3947,58,"fused_sigmoid_alpha_gate_f32",3947,73990519501611,73990519504011,0,0,16,0,128,256,1,1,256,1,1
"KERNEL_DISPATCH","Agent 5",1,0,791505,3942,64,"fused_gate_up_mq4g256v2",3942,73990519159248,73990519314249,0,0,80,0,128,32,1,1,1114112,1,1
"KERNEL_DISPATCH","Agent 5",1,0,791505,3937,27,"gated_delta_net_q8_fast",3937,73990519089047,73990519097127,2048,0,64,0,128,32,1,1,1536,32,1
"KERNEL_DISPATCH","Agent 5",1,0,791505,3932,56,"fused_rmsnorm_mq_rotate_awq",3932,73990518986046,73990518992766,0,0,88,0,128,256,1,1,256,1,1
"KERNEL_DISPATCH","Agent 5",1,0,791505,3927,63,"gemv_mq4g256v2_residual",3927,73990518686403,73990518718484,0,0,104,0,128,32,1,1,163840,1,1
"KERNEL_DISPATCH","Agent 5",1,0,791505,3922,70,"kv_cache_write_q8_0",3922,73990518557162,73990518559082,0,0,8,0,128,32,1,1,1024,1,1
"KERNEL_DISPATCH","Agent 5",1,0,791505,3917,67,"deinterleave_f32",3917,73990518524882,73990518526922,0,0,8,0,128,256,1,1,6144,1,1
"KERNEL_DISPATCH","Agent 5",1,0,791505,3912,64,"fused_gate_up_mq4g256v2",3912,73990518181478,73990518344000,0,0,80,0,128,32,1,1,1114112,1,1
"KERNEL_DISPATCH","Agent 5",1,0,791505,3907,27,"gated_delta_net_q8_fast",3907,73990518111398,73990518119438,2048,0,64,0,128,32,1,1,1536,32,1
"KERNEL_DISPATCH","Agent 5",1,0,791505,3902,56,"fused_rmsnorm_mq_rotate_awq",3902,73990518008757,73990518015197,0,0,88,0,128,256,1,1,256,1,1
"KERNEL_DISPATCH","Agent 5",1,0,791505,3897,63,"gemv_mq4g256v2_residual",3897,73990517704154,73990517738514,0,0,104,0,128,32,1,1,163840,1,1
"KERNEL_DISPATCH","Agent 5",1,0,791505,3892,59,"conv1d_silu_split_qknorm_b256",3892,73990517670273,73990517672793,1024,0,24,0,128,256,1,1,10240,1,1
"KERNEL_DISPATCH","Agent 5",1,0,791505,3887,65,"fused_silu_mul_mq_rotate_awq",3887,73990517478992,73990517481592,0,0,56,0,128,32,1,1,2176,1,1
"KERNEL_DISPATCH","Agent 5",1,0,791505,3882,61,"gated_norm_f32",3882,73990517262309,73990517265109,0,0,24,0,128,32,1,1,1536,1,1
"KERNEL_DISPATCH","Agent 5",1,0,791505,3877,57,"fused_qkvza_mq4g256v2",3877,73990517148548,73990517230549,0,0,80,0,128,32,1,1,527360,1,1
"KERNEL_DISPATCH","Agent 5",1,0,791505,3872,56,"fused_rmsnorm_mq_rotate_awq",3872,73990516884626,73990516891226,0,0,88,0,128,256,1,1,256,1,1
"KERNEL_DISPATCH","Agent 5",1,0,791505,3867,71,"attention_flash_q8_0_tile",3867,73990516723744,73990516812665,0,0,48,0,128,32,1,1,768,65,1
"KERNEL_DISPATCH","Agent 5",1,0,791505,3862,32,"rmsnorm_f32",3862,73990516691624,73990516693984,0,0,16,0,128,256,1,1,6144,1,1
"KERNEL_DISPATCH","Agent 5",1,0,791505,3857,65,"fused_silu_mul_mq_rotate_awq",3857,73990516508342,73990516510702,0,0,56,0,128,32,1,1,2176,1,1
"KERNEL_DISPATCH","Agent 5",1,0,791505,3852,61,"gated_norm_f32",3852,73990516290620,73990516293420,0,0,24,0,128,32,1,1,1536,1,1
"KERNEL_DISPATCH","Agent 5",1,0,791505,3847,57,"fused_qkvza_mq4g256v2",3847,73990516177539,73990516259140,0,0,80,0,128,32,1,1,527360,1,1
"KERNEL_DISPATCH","Agent 5",1,0,791505,3842,56,"fused_rmsnorm_mq_rotate_awq",3842,73990515909616,73990515916376,0,0,88,0,128,256,1,1,256,1,1
"KERNEL_DISPATCH","Agent 5",1,0,791505,3837,60,"repeat_interleave_qk_f32",3837,73990515843856,73990515845656,0,0,8,0,128,256,1,1,6144,1,1
"KERNEL_DISPATCH","Agent 5",1,0,791505,3832,63,"gemv_mq4g256v2_residual",3832,73990515662174,73990515742735,0,0,104,0,128,32,1,1,163840,1,1
"KERNEL_DISPATCH","Agent 5",1,0,791505,3827,62,"rotate_x_mq_awq",3827,73990515445852,73990515447612,0,0,80,0,128,32,1,1,768,1,1
"KERNEL_DISPATCH","Agent 5",1,0,791505,3822,58,"fused_sigmoid_alpha_gate_f32",3822,73990515412371,73990515414332,0,0,16,0,128,256,1,1,256,1,1
"KERNEL_DISPATCH","Agent 5",1,0,791505,3817,64,"fused_gate_up_mq4g256v2",3817,73990515081288,73990515233730,0,0,80,0,128,32,1,1,1114112,1,1
"KERNEL_DISPATCH","Agent 5",1,0,791505,3812,72,"attention_flash_q8_0_reduce",3812,73990515002768,73990515023368,512,0,24,0,128,256,1,1,6144,1,1
"KERNEL_DISPATCH","Agent 5",1,0,791505,3807,32,"rmsnorm_f32",3807,73990514885166,73990514887486,0,0,16,0,128,256,1,1,1024,1,1
"KERNEL_DISPATCH","Agent 5",1,0,791505,3802,63,"gemv_mq4g256v2_residual",3802,73990514703845,73990514784005,0,0,104,0,128,32,1,1,163840,1,1
"KERNEL_DISPATCH","Agent 5",1,0,791505,3797,62,"rotate_x_mq_awq",3797,73990514479442,73990514481162,0,0,80,0,128,32,1,1,768,1,1
"KERNEL_DISPATCH","Agent 5",1,0,791505,3792,58,"fused_sigmoid_alpha_gate_f32",3792,73990514445922,73990514447882,0,0,16,0,128,256,1,1,256,1,1
"KERNEL_DISPATCH","Agent 5",1,0,791505,3787,64,"fused_gate_up_mq4g256v2",3787,73990514111799,73990514266320,0,0,80,0,128,32,1,1,1114112,1,1
"KERNEL_DISPATCH","Agent 5",1,0,791505,3782,27,"gated_delta_net_q8_fast",3782,73990514041358,73990514049638,2048,0,64,0,128,32,1,1,1536,32,1
"KERNEL_DISPATCH","Agent 5",1,0,791505,3777,56,"fused_rmsnorm_mq_rotate_awq",3777,73990513938397,73990513945037,0,0,88,0,128,256,1,1,256,1,1
"KERNEL_DISPATCH","Agent 5",1,0,791505,3772,63,"gemv_mq4g256v2_residual",3772,73990513643674,73990513678435,0,0,104,0,128,32,1,1,163840,1,1
"KERNEL_DISPATCH","Agent 5",1,0,791505,3767,59,"conv1d_silu_split_qknorm_b256",3767,73990513610354,73990513612714,1024,0,24,0,128,256,1,1,10240,1,1
"KERNEL_DISPATCH","Agent 5",1,0,791505,3762,65,"fused_silu_mul_mq_rotate_awq",3762,73990513429672,73990513432192,0,0,56,0,128,32,1,1,2176,1,1
"KERNEL_DISPATCH","Agent 5",1,0,791505,3757,73,"sigmoid_mul_f32",3757,73990513211190,73990513212710,0,0,16,0,128,256,1,1,6144,1,1
"KERNEL_DISPATCH","Agent 5",1,0,791505,4071,57,"fused_qkvza_mq4g256v2",4071,73990523518170,73990523591451,0,0,80,0,128,32,1,1,527360,1,1
"KERNEL_DISPATCH","Agent 5",1,0,791505,3752,68,"rope_partial_halfsplit_f32",3752,73990513076749,73990513083669,0,0,16,0,128,32,1,1,32,1,1
"KERNEL_DISPATCH","Agent 5",1,0,791505,4066,56,"fused_rmsnorm_mq_rotate_awq",4066,73990523249688,73990523256288,0,0,88,0,128,256,1,1,256,1,1
"KERNEL_DISPATCH","Agent 5",1,0,791505,3747,56,"fused_rmsnorm_mq_rotate_awq",3747,73990512973068,73990512979948,0,0,88,0,128,256,1,1,256,1,1
"KERNEL_DISPATCH","Agent 5",1,0,791505,4061,60,"repeat_interleave_qk_f32",4061,73990523183927,73990523185647,0,0,8,0,128,256,1,1,6144,1,1
"KERNEL_DISPATCH","Agent 5",1,0,791505,3742,63,"gemv_mq4g256v2_residual",3742,73990512677545,73990512711905,0,0,104,0,128,32,1,1,163840,1,1
"KERNEL_DISPATCH","Agent 5",1,0,791505,4056,63,"gemv_mq4g256v2_residual",4056,73990522993565,73990523073486,0,0,104,0,128,32,1,1,163840,1,1
"KERNEL_DISPATCH","Agent 5",1,0,791505,3737,59,"conv1d_silu_split_qknorm_b256",3737,73990512644025,73990512646345,1024,0,24,0,128,256,1,1,10240,1,1
"KERNEL_DISPATCH","Agent 5",1,0,791505,4051,62,"rotate_x_mq_awq",4051,73990522768723,73990522770523,0,0,80,0,128,32,1,1,768,1,1
"KERNEL_DISPATCH","Agent 5",1,0,791505,3732,65,"fused_silu_mul_mq_rotate_awq",3732,73990512462183,73990512464863,0,0,56,0,128,32,1,1,2176,1,1
"KERNEL_DISPATCH","Agent 5",1,0,791505,4046,58,"fused_sigmoid_alpha_gate_f32",4046,73990522735123,73990522737083,0,0,16,0,128,256,1,1,256,1,1
"KERNEL_DISPATCH","Agent 5",1,0,791505,3727,61,"gated_norm_f32",3727,73990512237541,73990512240341,0,0,24,0,128,32,1,1,1536,1,1
"KERNEL_DISPATCH","Agent 5",1,0,791505,4041,64,"fused_gate_up_mq4g256v2",4041,73990522404359,73990522556761,0,0,80,0,128,32,1,1,1114112,1,1
"KERNEL_DISPATCH","Agent 5",1,0,791505,3722,57,"fused_qkvza_mq4g256v2",3722,73990512123460,73990512204860,0,0,80,0,128,32,1,1,527360,1,1
"KERNEL_DISPATCH","Agent 5",1,0,791505,4036,72,"attention_flash_q8_0_reduce",4036,73990522326199,73990522346479,512,0,24,0,128,256,1,1,6144,1,1
"KERNEL_DISPATCH","Agent 5",1,0,791505,3717,56,"fused_rmsnorm_mq_rotate_awq",3717,73990511846577,73990511853297,0,0,88,0,128,256,1,1,256,1,1
"KERNEL_DISPATCH","Agent 5",1,0,791505,4031,32,"rmsnorm_f32",4031,73990522208677,73990522210957,0,0,16,0,128,256,1,1,1024,1,1
"KERNEL_DISPATCH","Agent 5",1,0,791505,3712,60,"repeat_interleave_qk_f32",3712,73990511781216,73990511783016,0,0,8,0,128,256,1,1,6144,1,1
"KERNEL_DISPATCH","Agent 5",1,0,791505,4026,63,"gemv_mq4g256v2_residual",4026,73990522025676,73990522106996,0,0,104,0,128,32,1,1,163840,1,1
"KERNEL_DISPATCH","Agent 5",1,0,791505,3707,63,"gemv_mq4g256v2_residual",3707,73990511600295,73990511679895,0,0,104,0,128,32,1,1,163840,1,1
"KERNEL_DISPATCH","Agent 5",1,0,791505,4021,62,"rotate_x_mq_awq",4021,73990521809074,73990521810874,0,0,80,0,128,32,1,1,768,1,1
"KERNEL_DISPATCH","Agent 5",1,0,791505,3702,62,"rotate_x_mq_awq",3702,73990511388972,73990511390652,0,0,80,0,128,32,1,1,768,1,1
"KERNEL_DISPATCH","Agent 5",1,0,791505,4016,58,"fused_sigmoid_alpha_gate_f32",4016,73990521774993,73990521776953,0,0,16,0,128,256,1,1,256,1,1
"KERNEL_DISPATCH","Agent 5",1,0,791505,3697,70,"kv_cache_write_q8_0",3697,73990511259051,73990511261131,0,0,8,0,128,32,1,1,1024,1,1
"KERNEL_DISPATCH","Agent 5",1,0,791505,4011,64,"fused_gate_up_mq4g256v2",4011,73990521439750,73990521594551,0,0,80,0,128,32,1,1,1114112,1,1
"KERNEL_DISPATCH","Agent 5",1,0,791505,3692,66,"fused_qkv_mq4g256v2",3692,73990511155610,73990511228291,0,0,80,0,128,32,1,1,458752,1,1
"KERNEL_DISPATCH","Agent 5",1,0,791505,4006,27,"gated_delta_net_q8_fast",4006,73990521369989,73990521378109,2048,0,64,0,128,32,1,1,1536,32,1
"KERNEL_DISPATCH","Agent 5",1,0,791505,3687,56,"fused_rmsnorm_mq_rotate_awq",3687,73990510888768,73990510895608,0,0,88,0,128,256,1,1,256,1,1
"KERNEL_DISPATCH","Agent 5",1,0,791505,4001,56,"fused_rmsnorm_mq_rotate_awq",4001,73990521257548,73990521264268,0,0,88,0,128,256,1,1,256,1,1
"KERNEL_DISPATCH","Agent 5",1,0,791505,3682,60,"repeat_interleave_qk_f32",3682,73990510823687,73990510825447,0,0,8,0,128,256,1,1,6144,1,1
"KERNEL_DISPATCH","Agent 5",1,0,791505,3996,63,"gemv_mq4g256v2_residual",3996,73990520962745,73990520996746,0,0,104,0,128,32,1,1,163840,1,1
"KERNEL_DISPATCH","Agent 5",1,0,791505,3677,63,"gemv_mq4g256v2_residual",3677,73990510643045,73990510723046,0,0,104,0,128,32,1,1,163840,1,1
"KERNEL_DISPATCH","Agent 5",1,0,791505,3991,59,"conv1d_silu_split_qknorm_b256",3991,73990520925025,73990520927545,1024,0,24,0,128,256,1,1,10240,1,1
"KERNEL_DISPATCH","Agent 5",1,0,791505,3672,62,"rotate_x_mq_awq",3672,73990510418763,73990510420523,0,0,80,0,128,32,1,1,768,1,1
"KERNEL_DISPATCH","Agent 5",1,0,791505,3986,65,"fused_silu_mul_mq_rotate_awq",3986,73990520735423,73990520737943,0,0,56,0,128,32,1,1,2176,1,1
"KERNEL_DISPATCH","Agent 5",1,0,791505,3667,58,"fused_sigmoid_alpha_gate_f32",3667,73990510385203,73990510387163,0,0,16,0,128,256,1,1,256,1,1
"KERNEL_DISPATCH","Agent 5",1,0,791505,4113,56,"fused_rmsnorm_mq_rotate_awq",4113,73990524896503,73990524903184,0,0,88,0,128,256,1,1,256,1,1
"KERNEL_DISPATCH","Agent 5",1,0,791505,3981,73,"sigmoid_mul_f32",3981,73990520517021,73990520518501,0,0,16,0,128,256,1,1,6144,1,1
"KERNEL_DISPATCH","Agent 5",1,0,791505,3662,64,"fused_gate_up_mq4g256v2",3662,73990510051719,73990510206641,0,0,80,0,128,32,1,1,1114112,1,1
"KERNEL_DISPATCH","Agent 5",1,0,791505,4108,63,"gemv_mq4g256v2_residual",4108,73990524600101,73990524634861,0,0,104,0,128,32,1,1,163840,1,1
"KERNEL_DISPATCH","Agent 5",1,0,791505,3976,68,"rope_partial_halfsplit_f32",3976,73990520380020,73990520387020,0,0,16,0,128,32,1,1,32,1,1
"KERNEL_DISPATCH","Agent 5",1,0,791505,4103,59,"conv1d_silu_split_qknorm_b256",4103,73990524566780,73990524569180,1024,0,24,0,128,256,1,1,10240,1,1
"KERNEL_DISPATCH","Agent 5",1,0,791505,4098,65,"fused_silu_mul_mq_rotate_awq",4098,73990524386899,73990524389139,0,0,56,0,128,32,1,1,2176,1,1
"KERNEL_DISPATCH","Agent 5",1,0,791505,4093,73,"sigmoid_mul_f32",4093,73990524176337,73990524177697,0,0,16,0,128,256,1,1,6144,1,1
"KERNEL_DISPATCH","Agent 5",1,0,791505,4088,68,"rope_partial_halfsplit_f32",4088,73990524041375,73990524048215,0,0,16,0,128,32,1,1,32,1,1
"KERNEL_DISPATCH","Agent 5",1,0,791505,4083,56,"fused_rmsnorm_mq_rotate_awq",4083,73990523937334,73990523943654,0,0,88,0,128,256,1,1,256,1,1
"KERNEL_DISPATCH","Agent 5",1,0,791505,4078,63,"gemv_mq4g256v2_residual",4078,73990523633531,73990523668212,0,0,104,0,128,32,1,1,163840,1,1
"KERNEL_DISPATCH","Agent 5",1,0,791505,4073,59,"conv1d_silu_split_qknorm_b256",4073,73990523600091,73990523602411,1024,0,24,0,128,256,1,1,10240,1,1
"KERNEL_DISPATCH","Agent 5",1,0,791505,4068,65,"fused_silu_mul_mq_rotate_awq",4068,73990523418729,73990523421089,0,0,56,0,128,32,1,1,2176,1,1
"KERNEL_DISPATCH","Agent 5",1,0,791505,4063,61,"gated_norm_f32",4063,73990523200607,73990523203407,0,0,24,0,128,32,1,1,1536,1,1
"KERNEL_DISPATCH","Agent 5",1,0,791505,4058,57,"fused_qkvza_mq4g256v2",4058,73990523086886,73990523168367,0,0,80,0,128,32,1,1,527360,1,1
"KERNEL_DISPATCH","Agent 5",1,0,791505,4053,56,"fused_rmsnorm_mq_rotate_awq",4053,73990522811283,73990522817923,0,0,88,0,128,256,1,1,256,1,1
"KERNEL_DISPATCH","Agent 5",1,0,791505,4048,60,"repeat_interleave_qk_f32",4048,73990522745963,73990522747723,0,0,8,0,128,256,1,1,6144,1,1
"KERNEL_DISPATCH","Agent 5",1,0,791505,4043,63,"gemv_mq4g256v2_residual",4043,73990522565601,73990522645202,0,0,104,0,128,32,1,1,163840,1,1
"KERNEL_DISPATCH","Agent 5",1,0,791505,4038,62,"rotate_x_mq_awq",4038,73990522354599,73990522356399,0,0,80,0,128,32,1,1,768,1,1
"KERNEL_DISPATCH","Agent 5",1,0,791505,4033,70,"kv_cache_write_q8_0",4033,73990522224678,73990522226758,0,0,8,0,128,32,1,1,1024,1,1
"KERNEL_DISPATCH","Agent 5",1,0,791505,4028,66,"fused_qkv_mq4g256v2",4028,73990522120517,73990522193677,0,0,80,0,128,32,1,1,458752,1,1
"KERNEL_DISPATCH","Agent 5",1,0,791505,4023,56,"fused_rmsnorm_mq_rotate_awq",4023,73990521851954,73990521858674,0,0,88,0,128,256,1,1,256,1,1
"KERNEL_DISPATCH","Agent 5",1,0,791505,4018,60,"repeat_interleave_qk_f32",4018,73990521786033,73990521787833,0,0,8,0,128,256,1,1,6144,1,1
"KERNEL_DISPATCH","Agent 5",1,0,791505,4008,62,"rotate_x_mq_awq",4008,73990521387549,73990521389269,0,0,80,0,128,32,1,1,768,1,1
"KERNEL_DISPATCH","Agent 5",1,0,791505,4003,58,"fused_sigmoid_alpha_gate_f32",4003,73990521352989,73990521355549,0,0,16,0,128,256,1,1,256,1,1
"KERNEL_DISPATCH","Agent 5",1,0,791505,3998,64,"fused_gate_up_mq4g256v2",3998,73990521010026,73990521165107,0,0,80,0,128,32,1,1,1114112,1,1
"KERNEL_DISPATCH","Agent 5",1,0,791505,3993,27,"gated_delta_net_q8_fast",3993,73990520940185,73990520948305,2048,0,64,0,128,32,1,1,1536,32,1
"KERNEL_DISPATCH","Agent 5",1,0,791505,3988,56,"fused_rmsnorm_mq_rotate_awq",3988,73990520824064,73990520830664,0,0,88,0,128,256,1,1,256,1,1
"KERNEL_DISPATCH","Agent 5",1,0,791505,3983,63,"gemv_mq4g256v2_residual",3983,73990520526741,73990520558021,0,0,104,0,128,32,1,1,163840,1,1
"KERNEL_DISPATCH","Agent 5",1,0,791505,3978,70,"kv_cache_write_q8_0",3978,73990520395460,73990520397340,0,0,8,0,128,32,1,1,1024,1,1
"KERNEL_DISPATCH","Agent 5",1,0,791505,3973,67,"deinterleave_f32",3973,73990520363060,73990520365140,0,0,8,0,128,256,1,1,6144,1,1
"KERNEL_DISPATCH","Agent 5",1,0,791505,3968,64,"fused_gate_up_mq4g256v2",3968,73990520028776,73990520183298,0,0,80,0,128,32,1,1,1114112,1,1
"KERNEL_DISPATCH","Agent 5",1,0,791505,3963,27,"gated_delta_net_q8_fast",3963,73990519958536,73990519966536,2048,0,64,0,128,32,1,1,1536,32,1
"KERNEL_DISPATCH","Agent 5",1,0,791505,3958,56,"fused_rmsnorm_mq_rotate_awq",3958,73990519844254,73990519851055,0,0,88,0,128,256,1,1,256,1,1
"KERNEL_DISPATCH","Agent 5",1,0,791505,3953,63,"gemv_mq4g256v2_residual",3953,73990519540572,73990519575132,0,0,104,0,128,32,1,1,163840,1,1
"KERNEL_DISPATCH","Agent 5",1,0,791505,3948,59,"conv1d_silu_split_qknorm_b256",3948,73990519507571,73990519509971,1024,0,24,0,128,256,1,1,10240,1,1
"KERNEL_DISPATCH","Agent 5",1,0,791505,3943,65,"fused_silu_mul_mq_rotate_awq",3943,73990519317609,73990519320009,0,0,56,0,128,32,1,1,2176,1,1
"KERNEL_DISPATCH","Agent 5",1,0,791505,3938,61,"gated_norm_f32",3938,73990519100407,73990519103207,0,0,24,0,128,32,1,1,1536,1,1
"KERNEL_DISPATCH","Agent 5",1,0,791505,3933,57,"fused_qkvza_mq4g256v2",3933,73990518996126,73990519069447,0,0,80,0,128,32,1,1,527360,1,1
"KERNEL_DISPATCH","Agent 5",1,0,791505,3928,56,"fused_rmsnorm_mq_rotate_awq",3928,73990518721724,73990518728164,0,0,88,0,128,256,1,1,256,1,1
"KERNEL_DISPATCH","Agent 5",1,0,791505,3923,71,"attention_flash_q8_0_tile",3923,73990518562362,73990518649403,0,0,48,0,128,32,1,1,768,65,1
"KERNEL_DISPATCH","Agent 5",1,0,791505,3918,32,"rmsnorm_f32",3918,73990518530442,73990518532802,0,0,16,0,128,256,1,1,6144,1,1
"KERNEL_DISPATCH","Agent 5",1,0,791505,3913,65,"fused_silu_mul_mq_rotate_awq",3913,73990518347600,73990518350400,0,0,56,0,128,32,1,1,2176,1,1
"KERNEL_DISPATCH","Agent 5",1,0,791505,3908,61,"gated_norm_f32",3908,73990518122838,73990518125678,0,0,24,0,128,32,1,1,1536,1,1
"KERNEL_DISPATCH","Agent 5",1,0,791505,3903,57,"fused_qkvza_mq4g256v2",3903,73990518018517,73990518091797,0,0,80,0,128,32,1,1,527360,1,1
"KERNEL_DISPATCH","Agent 5",1,0,791505,3898,56,"fused_rmsnorm_mq_rotate_awq",3898,73990517741714,73990517748514,0,0,88,0,128,256,1,1,256,1,1
"KERNEL_DISPATCH","Agent 5",1,0,791505,3893,60,"repeat_interleave_qk_f32",3893,73990517676193,73990517677993,0,0,8,0,128,256,1,1,6144,1,1
"KERNEL_DISPATCH","Agent 5",1,0,791505,3888,63,"gemv_mq4g256v2_residual",3888,73990517484872,73990517565712,0,0,104,0,128,32,1,1,163840,1,1
"KERNEL_DISPATCH","Agent 5",1,0,791505,3883,62,"rotate_x_mq_awq",3883,73990517268509,73990517270310,0,0,80,0,128,32,1,1,768,1,1
"KERNEL_DISPATCH","Agent 5",1,0,791505,3878,58,"fused_sigmoid_alpha_gate_f32",3878,73990517234229,73990517236509,0,0,16,0,128,256,1,1,256,1,1
"KERNEL_DISPATCH","Agent 5",1,0,791505,3873,64,"fused_gate_up_mq4g256v2",3873,73990516894506,73990517046907,0,0,80,0,128,32,1,1,1114112,1,1
"KERNEL_DISPATCH","Agent 5",1,0,791505,3868,72,"attention_flash_q8_0_reduce",3868,73990516816025,73990516836385,512,0,24,0,128,256,1,1,6144,1,1
"KERNEL_DISPATCH","Agent 5",1,0,791505,3863,32,"rmsnorm_f32",3863,73990516697184,73990516699464,0,0,16,0,128,256,1,1,1024,1,1
"KERNEL_DISPATCH","Agent 5",1,0,791505,3858,63,"gemv_mq4g256v2_residual",3858,73990516514022,73990516595983,0,0,104,0,128,32,1,1,163840,1,1
"KERNEL_DISPATCH","Agent 5",1,0,791505,3853,62,"rotate_x_mq_awq",3853,73990516296780,73990516298700,0,0,80,0,128,32,1,1,768,1,1
"KERNEL_DISPATCH","Agent 5",1,0,791505,3848,58,"fused_sigmoid_alpha_gate_f32",3848,73990516262820,73990516265180,0,0,16,0,128,256,1,1,256,1,1
"KERNEL_DISPATCH","Agent 5",1,0,791505,3843,64,"fused_gate_up_mq4g256v2",3843,73990515919736,73990516075618,0,0,80,0,128,32,1,1,1114112,1,1
"KERNEL_DISPATCH","Agent 5",1,0,791505,3838,27,"gated_delta_net_q8_fast",3838,73990515849056,73990515857096,2048,0,64,0,128,32,1,1,1536,32,1
"KERNEL_DISPATCH","Agent 5",1,0,791505,3833,56,"fused_rmsnorm_mq_rotate_awq",3833,73990515746015,73990515752935,0,0,88,0,128,256,1,1,256,1,1
"KERNEL_DISPATCH","Agent 5",1,0,791505,3828,63,"gemv_mq4g256v2_residual",3828,73990515450812,73990515485132,0,0,104,0,128,32,1,1,163840,1,1
"KERNEL_DISPATCH","Agent 5",1,0,791505,3823,59,"conv1d_silu_split_qknorm_b256",3823,73990515417612,73990515420012,1024,0,24,0,128,256,1,1,10240,1,1
"KERNEL_DISPATCH","Agent 5",1,0,791505,3818,65,"fused_silu_mul_mq_rotate_awq",3818,73990515237010,73990515239210,0,0,56,0,128,32,1,1,2176,1,1
"KERNEL_DISPATCH","Agent 5",1,0,791505,3813,73,"sigmoid_mul_f32",3813,73990515026728,73990515028168,0,0,16,0,128,256,1,1,6144,1,1
"KERNEL_DISPATCH","Agent 5",1,0,791505,3808,68,"rope_partial_halfsplit_f32",3808,73990514890846,73990514897846,0,0,16,0,128,32,1,1,32,1,1
"KERNEL_DISPATCH","Agent 5",1,0,791505,3803,56,"fused_rmsnorm_mq_rotate_awq",3803,73990514787325,73990514793805,0,0,88,0,128,256,1,1,256,1,1
"KERNEL_DISPATCH","Agent 5",1,0,791505,3798,63,"gemv_mq4g256v2_residual",3798,73990514484522,73990514518963,0,0,104,0,128,32,1,1,163840,1,1
"KERNEL_DISPATCH","Agent 5",1,0,791505,3793,59,"conv1d_silu_split_qknorm_b256",3793,73990514451162,73990514453522,1024,0,24,0,128,256,1,1,10240,1,1
"KERNEL_DISPATCH","Agent 5",1,0,791505,3788,65,"fused_silu_mul_mq_rotate_awq",3788,73990514269720,73990514272120,0,0,56,0,128,32,1,1,2176,1,1
"KERNEL_DISPATCH","Agent 5",1,0,791505,3783,61,"gated_norm_f32",3783,73990514052998,73990514055838,0,0,24,0,128,32,1,1,1536,1,1
"KERNEL_DISPATCH","Agent 5",1,0,791505,3778,57,"fused_qkvza_mq4g256v2",3778,73990513948277,73990514021678,0,0,80,0,128,32,1,1,527360,1,1
"KERNEL_DISPATCH","Agent 5",1,0,791505,3773,56,"fused_rmsnorm_mq_rotate_awq",3773,73990513681715,73990513688435,0,0,88,0,128,256,1,1,256,1,1
"KERNEL_DISPATCH","Agent 5",1,0,791505,3768,60,"repeat_interleave_qk_f32",3768,73990513615954,73990513617754,0,0,8,0,128,256,1,1,6144,1,1
"KERNEL_DISPATCH","Agent 5",1,0,791505,3763,63,"gemv_mq4g256v2_residual",3763,73990513435712,73990513514993,0,0,104,0,128,32,1,1,163840,1,1
"KERNEL_DISPATCH","Agent 5",1,0,791505,3758,62,"rotate_x_mq_awq",3758,73990513216030,73990513217830,0,0,80,0,128,32,1,1,768,1,1
"KERNEL_DISPATCH","Agent 5",1,0,791505,3753,70,"kv_cache_write_q8_0",3753,73990513086949,73990513088909,0,0,8,0,128,32,1,1,1024,1,1
"KERNEL_DISPATCH","Agent 5",1,0,791505,3748,66,"fused_qkv_mq4g256v2",3748,73990512983308,73990513056269,0,0,80,0,128,32,1,1,458752,1,1
"KERNEL_DISPATCH","Agent 5",1,0,791505,3743,56,"fused_rmsnorm_mq_rotate_awq",3743,73990512715145,73990512721865,0,0,88,0,128,256,1,1,256,1,1
"KERNEL_DISPATCH","Agent 5",1,0,791505,3738,60,"repeat_interleave_qk_f32",3738,73990512649625,73990512651385,0,0,8,0,128,256,1,1,6144,1,1
"KERNEL_DISPATCH","Agent 5",1,0,791505,3733,63,"gemv_mq4g256v2_residual",3733,73990512468423,73990512548784,0,0,104,0,128,32,1,1,163840,1,1
"KERNEL_DISPATCH","Agent 5",1,0,791505,3728,62,"rotate_x_mq_awq",3728,73990512243661,73990512245421,0,0,80,0,128,32,1,1,768,1,1
"KERNEL_DISPATCH","Agent 5",1,0,791505,3723,58,"fused_sigmoid_alpha_gate_f32",3723,73990512208580,73990512210940,0,0,16,0,128,256,1,1,256,1,1
"KERNEL_DISPATCH","Agent 5",1,0,791505,3718,64,"fused_gate_up_mq4g256v2",3718,73990511856577,73990512018979,0,0,80,0,128,32,1,1,1114112,1,1
"KERNEL_DISPATCH","Agent 5",1,0,791505,3713,27,"gated_delta_net_q8_fast",3713,73990511786296,73990511794576,2048,0,64,0,128,32,1,1,1536,32,1
"KERNEL_DISPATCH","Agent 5",1,0,791505,3708,56,"fused_rmsnorm_mq_rotate_awq",3708,73990511683215,73990511689775,0,0,88,0,128,256,1,1,256,1,1
"KERNEL_DISPATCH","Agent 5",1,0,791505,3703,63,"gemv_mq4g256v2_residual",3703,73990511393812,73990511425493,0,0,104,0,128,32,1,1,163840,1,1
"KERNEL_DISPATCH","Agent 5",1,0,791505,3657,27,"gated_delta_net_q8_fast",3657,73990509981359,73990509989399,2048,0,64,0,128,32,1,1,1536,32,1
"KERNEL_DISPATCH","Agent 5",1,0,791505,3698,70,"kv_cache_write_q8_0",3698,73990511264331,73990511266451,0,0,8,0,128,32,1,1,1024,1,1
"KERNEL_DISPATCH","Agent 5",1,0,791505,3652,56,"fused_rmsnorm_mq_rotate_awq",3652,73990509878878,73990509885398,0,0,88,0,128,256,1,1,256,1,1
"KERNEL_DISPATCH","Agent 5",1,0,791505,3693,67,"deinterleave_f32",3693,73990511231891,73990511233891,0,0,8,0,128,256,1,1,6144,1,1
"KERNEL_DISPATCH","Agent 5",1,0,791505,3647,63,"gemv_mq4g256v2_residual",3647,73990509589915,73990509621435,0,0,104,0,128,32,1,1,163840,1,1
"KERNEL_DISPATCH","Agent 5",1,0,791505,3688,64,"fused_gate_up_mq4g256v2",3688,73990510898888,73990511053609,0,0,80,0,128,32,1,1,1114112,1,1
"KERNEL_DISPATCH","Agent 5",1,0,791505,3642,70,"kv_cache_write_q8_0",3642,73990509459274,73990509461274,0,0,8,0,128,32,1,1,1024,1,1
"KERNEL_DISPATCH","Agent 5",1,0,791505,3683,27,"gated_delta_net_q8_fast",3683,73990510828847,73990510836847,2048,0,64,0,128,32,1,1,1536,32,1
"KERNEL_DISPATCH","Agent 5",1,0,791505,3637,67,"deinterleave_f32",3637,73990509426713,73990509428913,0,0,8,0,128,256,1,1,6144,1,1
"KERNEL_DISPATCH","Agent 5",1,0,791505,3678,56,"fused_rmsnorm_mq_rotate_awq",3678,73990510726406,73990510733126,0,0,88,0,128,256,1,1,256,1,1
"KERNEL_DISPATCH","Agent 5",1,0,791505,3632,64,"fused_gate_up_mq4g256v2",3632,73990509083830,73990509246912,0,0,80,0,128,32,1,1,1114112,1,1
"KERNEL_DISPATCH","Agent 5",1,0,791505,3673,63,"gemv_mq4g256v2_residual",3673,73990510423763,73990510457963,0,0,104,0,128,32,1,1,163840,1,1
"KERNEL_DISPATCH","Agent 5",1,0,791505,3627,27,"gated_delta_net_q8_fast",3627,73990509013149,73990509021349,2048,0,64,0,128,32,1,1,1536,32,1
"KERNEL_DISPATCH","Agent 5",1,0,791505,3668,59,"conv1d_silu_split_qknorm_b256",3668,73990510390483,73990510392843,1024,0,24,0,128,256,1,1,10240,1,1
"KERNEL_DISPATCH","Agent 5",1,0,791505,3622,56,"fused_rmsnorm_mq_rotate_awq",3622,73990508900388,73990508907068,0,0,88,0,128,256,1,1,256,1,1
"KERNEL_DISPATCH","Agent 5",1,0,791505,3663,65,"fused_silu_mul_mq_rotate_awq",3663,73990510209961,73990510212641,0,0,56,0,128,32,1,1,2176,1,1
"KERNEL_DISPATCH","Agent 5",1,0,791505,3617,63,"gemv_mq4g256v2_residual",3617,73990508604265,73990508638986,0,0,104,0,128,32,1,1,163840,1,1
"KERNEL_DISPATCH","Agent 5",1,0,791505,3658,61,"gated_norm_f32",3658,73990509992679,73990509995519,0,0,24,0,128,32,1,1,1536,1,1
"KERNEL_DISPATCH","Agent 5",1,0,791505,3612,59,"conv1d_silu_split_qknorm_b256",3612,73990508570385,73990508572825,1024,0,24,0,128,256,1,1,10240,1,1
"KERNEL_DISPATCH","Agent 5",1,0,791505,3653,57,"fused_qkvza_mq4g256v2",3653,73990509888678,73990509961799,0,0,80,0,128,32,1,1,527360,1,1
"KERNEL_DISPATCH","Agent 5",1,0,791505,3607,65,"fused_silu_mul_mq_rotate_awq",3607,73990508379783,73990508382143,0,0,56,0,128,32,1,1,2176,1,1
"KERNEL_DISPATCH","Agent 5",1,0,791505,3648,56,"fused_rmsnorm_mq_rotate_awq",3648,73990509624635,73990509631475,0,0,88,0,128,256,1,1,256,1,1
"KERNEL_DISPATCH","Agent 5",1,0,791505,3602,61,"gated_norm_f32",3602,73990508162821,73990508165701,0,0,24,0,128,32,1,1,1536,1,1
"KERNEL_DISPATCH","Agent 5",1,0,791505,3643,71,"attention_flash_q8_0_tile",3643,73990509464594,73990509552755,0,0,48,0,128,32,1,1,768,65,1
"KERNEL_DISPATCH","Agent 5",1,0,791505,3597,57,"fused_qkvza_mq4g256v2",3597,73990508058620,73990508131941,0,0,80,0,128,32,1,1,527360,1,1
"KERNEL_DISPATCH","Agent 5",1,0,791505,3638,32,"rmsnorm_f32",3638,73990509432473,73990509434873,0,0,16,0,128,256,1,1,6144,1,1
"KERNEL_DISPATCH","Agent 5",1,0,791505,3592,56,"fused_rmsnorm_mq_rotate_awq",3592,73990507785297,73990507792018,0,0,88,0,128,256,1,1,256,1,1
"KERNEL_DISPATCH","Agent 5",1,0,791505,3633,65,"fused_silu_mul_mq_rotate_awq",3633,73990509250592,73990509253312,0,0,56,0,128,32,1,1,2176,1,1
"KERNEL_DISPATCH","Agent 5",1,0,791505,3587,71,"attention_flash_q8_0_tile",3587,73990507624656,73990507713817,0,0,48,0,128,32,1,1,768,65,1
"KERNEL_DISPATCH","Agent 5",1,0,791505,3628,61,"gated_norm_f32",3628,73990509024750,73990509027630,0,0,24,0,128,32,1,1,1536,1,1
"KERNEL_DISPATCH","Agent 5",1,0,791505,3582,32,"rmsnorm_f32",3582,73990507592536,73990507595056,0,0,16,0,128,256,1,1,6144,1,1
"KERNEL_DISPATCH","Agent 5",1,0,791505,3623,57,"fused_qkvza_mq4g256v2",3623,73990508910388,73990508992549,0,0,80,0,128,32,1,1,527360,1,1
"KERNEL_DISPATCH","Agent 5",1,0,791505,3577,65,"fused_silu_mul_mq_rotate_awq",3577,73990507410254,73990507413094,0,0,56,0,128,32,1,1,2176,1,1
"KERNEL_DISPATCH","Agent 5",1,0,791505,3618,56,"fused_rmsnorm_mq_rotate_awq",3618,73990508642146,73990508648746,0,0,88,0,128,256,1,1,256,1,1
"KERNEL_DISPATCH","Agent 5",1,0,791505,3572,61,"gated_norm_f32",3572,73990507184172,73990507186932,0,0,24,0,128,32,1,1,1536,1,1
"KERNEL_DISPATCH","Agent 5",1,0,791505,3613,60,"repeat_interleave_qk_f32",3613,73990508576145,73990508577945,0,0,8,0,128,256,1,1,6144,1,1
"KERNEL_DISPATCH","Agent 5",1,0,791505,3567,57,"fused_qkvza_mq4g256v2",3567,73990507069651,73990507152331,0,0,80,0,128,32,1,1,527360,1,1
"KERNEL_DISPATCH","Agent 5",1,0,791505,3608,63,"gemv_mq4g256v2_residual",3608,73990508385383,73990508465944,0,0,104,0,128,32,1,1,163840,1,1
"KERNEL_DISPATCH","Agent 5",1,0,791505,3603,62,"rotate_x_mq_awq",3603,73990508169021,73990508170821,0,0,80,0,128,32,1,1,768,1,1
"KERNEL_DISPATCH","Agent 5",1,0,791505,3562,56,"fused_rmsnorm_mq_rotate_awq",3562,73990506793208,73990506799928,0,0,88,0,128,256,1,1,256,1,1
"KERNEL_DISPATCH","Agent 5",1,0,791505,3598,58,"fused_sigmoid_alpha_gate_f32",3598,73990508135341,73990508137301,0,0,16,0,128,256,1,1,256,1,1
"KERNEL_DISPATCH","Agent 5",1,0,791505,3557,60,"repeat_interleave_qk_f32",3557,73990506727527,73990506729367,0,0,8,0,128,256,1,1,6144,1,1
"KERNEL_DISPATCH","Agent 5",1,0,791505,3593,64,"fused_gate_up_mq4g256v2",3593,73990507795258,73990507956019,0,0,80,0,128,32,1,1,1114112,1,1
"KERNEL_DISPATCH","Agent 5",1,0,791505,3552,63,"gemv_mq4g256v2_residual",3552,73990506545165,73990506626686,0,0,104,0,128,32,1,1,163840,1,1
"KERNEL_DISPATCH","Agent 5",1,0,791505,3588,72,"attention_flash_q8_0_reduce",3588,73990507717257,73990507737377,512,0,24,0,128,256,1,1,6144,1,1
"KERNEL_DISPATCH","Agent 5",1,0,791505,3547,62,"rotate_x_mq_awq",3547,73990506320443,73990506322283,0,0,80,0,128,32,1,1,768,1,1
"KERNEL_DISPATCH","Agent 5",1,0,791505,3583,32,"rmsnorm_f32",3583,73990507598296,73990507600616,0,0,16,0,128,256,1,1,1024,1,1
"KERNEL_DISPATCH","Agent 5",1,0,791505,3542,58,"fused_sigmoid_alpha_gate_f32",3542,73990506286283,73990506288643,0,0,16,0,128,256,1,1,256,1,1
"KERNEL_DISPATCH","Agent 5",1,0,791505,3578,63,"gemv_mq4g256v2_residual",3578,73990507416574,73990507496615,0,0,104,0,128,32,1,1,163840,1,1
"KERNEL_DISPATCH","Agent 5",1,0,791505,3573,62,"rotate_x_mq_awq",3573,73990507190332,73990507192092,0,0,80,0,128,32,1,1,768,1,1
"KERNEL_DISPATCH","Agent 5",1,0,791505,3537,64,"fused_gate_up_mq4g256v2",3537,73990505947080,73990506099521,0,0,80,0,128,32,1,1,1114112,1,1
"KERNEL_DISPATCH","Agent 5",1,0,791505,3568,58,"fused_sigmoid_alpha_gate_f32",3568,73990507155971,73990507158251,0,0,16,0,128,256,1,1,256,1,1
"KERNEL_DISPATCH","Agent 5",1,0,791505,3563,64,"fused_gate_up_mq4g256v2",3563,73990506803288,73990506965330,0,0,80,0,128,32,1,1,1114112,1,1
"KERNEL_DISPATCH","Agent 5",1,0,791505,3558,27,"gated_delta_net_q8_fast",3558,73990506732687,73990506740687,2048,0,64,0,128,32,1,1,1536,32,1
"KERNEL_DISPATCH","Agent 5",1,0,791505,3532,72,"attention_flash_q8_0_reduce",3532,73990505868959,73990505889439,512,0,24,0,128,256,1,1,6144,1,1
"KERNEL_DISPATCH","Agent 5",1,0,791505,3553,56,"fused_rmsnorm_mq_rotate_awq",3553,73990506630006,73990506636766,0,0,88,0,128,256,1,1,256,1,1
"KERNEL_DISPATCH","Agent 5",1,0,791505,3548,63,"gemv_mq4g256v2_residual",3548,73990506325483,73990506360084,0,0,104,0,128,32,1,1,163840,1,1
"KERNEL_DISPATCH","Agent 5",1,0,791505,3527,32,"rmsnorm_f32",3527,73990505751758,73990505754078,0,0,16,0,128,256,1,1,1024,1,1
"KERNEL_DISPATCH","Agent 5",1,0,791505,3543,59,"conv1d_silu_split_qknorm_b256",3543,73990506292083,73990506294683,1024,0,24,0,128,256,1,1,10240,1,1
"KERNEL_DISPATCH","Agent 5",1,0,791505,3538,65,"fused_silu_mul_mq_rotate_awq",3538,73990506102841,73990506104961,0,0,56,0,128,32,1,1,2176,1,1
"KERNEL_DISPATCH","Agent 5",1,0,791505,3522,63,"gemv_mq4g256v2_residual",3522,73990505570036,73990505650317,0,0,104,0,128,32,1,1,163840,1,1
"KERNEL_DISPATCH","Agent 5",1,0,791505,3533,73,"sigmoid_mul_f32",3533,73990505892759,73990505894239,0,0,16,0,128,256,1,1,6144,1,1
"KERNEL_DISPATCH","Agent 5",1,0,791505,3517,62,"rotate_x_mq_awq",3517,73990505353314,73990505355074,0,0,80,0,128,32,1,1,768,1,1
"KERNEL_DISPATCH","Agent 5",1,0,791505,3528,68,"rope_partial_halfsplit_f32",3528,73990505757438,73990505764438,0,0,16,0,128,32,1,1,32,1,1
"KERNEL_DISPATCH","Agent 5",1,0,791505,3512,58,"fused_sigmoid_alpha_gate_f32",3512,73990505318674,73990505321074,0,0,16,0,128,256,1,1,256,1,1
"KERNEL_DISPATCH","Agent 5",1,0,791505,3523,56,"fused_rmsnorm_mq_rotate_awq",3523,73990505653717,73990505660757,0,0,88,0,128,256,1,1,256,1,1
"KERNEL_DISPATCH","Agent 5",1,0,791505,3507,64,"fused_gate_up_mq4g256v2",3507,73990504966350,73990505128992,0,0,80,0,128,32,1,1,1114112,1,1
"KERNEL_DISPATCH","Agent 5",1,0,791505,3518,63,"gemv_mq4g256v2_residual",3518,73990505358434,73990505392634,0,0,104,0,128,32,1,1,163840,1,1
"KERNEL_DISPATCH","Agent 5",1,0,791505,3502,27,"gated_delta_net_q8_fast",3502,73990504896349,73990504904350,2048,0,64,0,128,32,1,1,1536,32,1
"KERNEL_DISPATCH","Agent 5",1,0,791505,3497,56,"fused_rmsnorm_mq_rotate_awq",3497,73990504789828,73990504796468,0,0,88,0,128,256,1,1,256,1,1
"KERNEL_DISPATCH","Agent 5",1,0,791505,3513,59,"conv1d_silu_split_qknorm_b256",3513,73990505324554,73990505327034,1024,0,24,0,128,256,1,1,10240,1,1
"KERNEL_DISPATCH","Agent 5",1,0,791505,3492,63,"gemv_mq4g256v2_residual",3492,73990504494546,73990504529106,0,0,104,0,128,32,1,1,163840,1,1
"KERNEL_DISPATCH","Agent 5",1,0,791505,3482,65,"fused_silu_mul_mq_rotate_awq",3482,73990504280903,73990504282984,0,0,56,0,128,32,1,1,2176,1,1
"KERNEL_DISPATCH","Agent 5",1,0,791505,3508,65,"fused_silu_mul_mq_rotate_awq",3508,73990505132672,73990505135392,0,0,56,0,128,32,1,1,2176,1,1
"KERNEL_DISPATCH","Agent 5",1,0,791505,3477,73,"sigmoid_mul_f32",3477,73990504070341,73990504071701,0,0,16,0,128,256,1,1,6144,1,1
"KERNEL_DISPATCH","Agent 5",1,0,791505,3503,61,"gated_norm_f32",3503,73990504907670,73990504910550,0,0,24,0,128,32,1,1,1536,1,1
"KERNEL_DISPATCH","Agent 5",1,0,791505,3472,68,"rope_partial_halfsplit_f32",3472,73990503938140,73990503945260,0,0,16,0,128,32,1,1,32,1,1
"KERNEL_DISPATCH","Agent 5",1,0,791505,3498,57,"fused_qkvza_mq4g256v2",3498,73990504803549,73990504876789,0,0,80,0,128,32,1,1,527360,1,1
"KERNEL_DISPATCH","Agent 5",1,0,791505,3467,56,"fused_rmsnorm_mq_rotate_awq",3467,73990503834379,73990503841139,0,0,88,0,128,256,1,1,256,1,1
"KERNEL_DISPATCH","Agent 5",1,0,791505,3493,56,"fused_rmsnorm_mq_rotate_awq",3493,73990504532466,73990504539306,0,0,88,0,128,256,1,1,256,1,1
"KERNEL_DISPATCH","Agent 5",1,0,791505,3462,63,"gemv_mq4g256v2_residual",3462,73990503538776,73990503573057,0,0,104,0,128,32,1,1,163840,1,1
"KERNEL_DISPATCH","Agent 5",1,0,791505,3488,60,"repeat_interleave_qk_f32",3488,73990504467105,73990504468865,0,0,8,0,128,256,1,1,6144,1,1
"KERNEL_DISPATCH","Agent 5",1,0,791505,3457,59,"conv1d_silu_split_qknorm_b256",3457,73990503505856,73990503508256,1024,0,24,0,128,256,1,1,10240,1,1
"KERNEL_DISPATCH","Agent 5",1,0,791505,3483,63,"gemv_mq4g256v2_residual",3483,73990504286304,73990504365384,0,0,104,0,128,32,1,1,163840,1,1
"KERNEL_DISPATCH","Agent 5",1,0,791505,3452,65,"fused_silu_mul_mq_rotate_awq",3452,73990503323934,73990503326294,0,0,56,0,128,32,1,1,2176,1,1
"KERNEL_DISPATCH","Agent 5",1,0,791505,3447,61,"gated_norm_f32",3447,73990503106572,73990503109412,0,0,24,0,128,32,1,1,1536,1,1
"KERNEL_DISPATCH","Agent 5",1,0,791505,3442,57,"fused_qkvza_mq4g256v2",3442,73990502992171,73990503074132,0,0,80,0,128,32,1,1,527360,1,1
"KERNEL_DISPATCH","Agent 5",1,0,791505,3478,62,"rotate_x_mq_awq",3478,73990504075101,73990504076982,0,0,80,0,128,32,1,1,768,1,1
"KERNEL_DISPATCH","Agent 5",1,0,791505,3437,56,"fused_rmsnorm_mq_rotate_awq",3437,73990502715248,73990502721848,0,0,88,0,128,256,1,1,256,1,1
"KERNEL_DISPATCH","Agent 5",1,0,791505,3473,70,"kv_cache_write_q8_0",3473,73990503948620,73990503950700,0,0,8,0,128,32,1,1,1024,1,1
"KERNEL_DISPATCH","Agent 5",1,0,791505,3432,60,"repeat_interleave_qk_f32",3432,73990502648808,73990502650688,0,0,8,0,128,256,1,1,6144,1,1
"KERNEL_DISPATCH","Agent 5",1,0,791505,3468,66,"fused_qkv_mq4g256v2",3468,73990503844499,73990503917740,0,0,80,0,128,32,1,1,458752,1,1
"KERNEL_DISPATCH","Agent 5",1,0,791505,3427,63,"gemv_mq4g256v2_residual",3427,73990502467926,73990502547447,0,0,104,0,128,32,1,1,163840,1,1
"KERNEL_DISPATCH","Agent 5",1,0,791505,3463,56,"fused_rmsnorm_mq_rotate_awq",3463,73990503576257,73990503582857,0,0,88,0,128,256,1,1,256,1,1
"KERNEL_DISPATCH","Agent 5",1,0,791505,3422,62,"rotate_x_mq_awq",3422,73990502255124,73990502257004,0,0,80,0,128,32,1,1,768,1,1
"KERNEL_DISPATCH","Agent 5",1,0,791505,3458,60,"repeat_interleave_qk_f32",3458,73990503511496,73990503513216,0,0,8,0,128,256,1,1,6144,1,1
"KERNEL_DISPATCH","Agent 5",1,0,791505,3417,70,"kv_cache_write_q8_0",3417,73990502124643,73990502126643,0,0,8,0,128,32,1,1,1024,1,1
"KERNEL_DISPATCH","Agent 5",1,0,791505,3412,66,"fused_qkv_mq4g256v2",3412,73990502020122,73990502093082,0,0,80,0,128,32,1,1,458752,1,1
"KERNEL_DISPATCH","Agent 5",1,0,791505,3453,63,"gemv_mq4g256v2_residual",3453,73990503329654,73990503410455,0,0,104,0,128,32,1,1,163840,1,1
"KERNEL_DISPATCH","Agent 5",1,0,791505,3407,56,"fused_rmsnorm_mq_rotate_awq",3407,73990501751239,73990501757759,0,0,88,0,128,256,1,1,256,1,1
"KERNEL_DISPATCH","Agent 5",1,0,791505,3448,62,"rotate_x_mq_awq",3448,73990503112692,73990503114452,0,0,80,0,128,32,1,1,768,1,1
"KERNEL_DISPATCH","Agent 5",1,0,791505,3443,58,"fused_sigmoid_alpha_gate_f32",3443,73990503077812,73990503080132,0,0,16,0,128,256,1,1,256,1,1
"KERNEL_DISPATCH","Agent 5",1,0,791505,3402,60,"repeat_interleave_qk_f32",3402,73990501684718,73990501686518,0,0,8,0,128,256,1,1,6144,1,1
"KERNEL_DISPATCH","Agent 5",1,0,791505,3438,64,"fused_gate_up_mq4g256v2",3438,73990502725568,73990502887410,0,0,80,0,128,32,1,1,1114112,1,1
"KERNEL_DISPATCH","Agent 5",1,0,791505,3397,63,"gemv_mq4g256v2_residual",3397,73990501503557,73990501583837,0,0,104,0,128,32,1,1,163840,1,1
"KERNEL_DISPATCH","Agent 5",1,0,791505,3433,27,"gated_delta_net_q8_fast",3433,73990502654528,73990502662488,2048,0,64,0,128,32,1,1,1536,32,1
"KERNEL_DISPATCH","Agent 5",1,0,791505,3392,62,"rotate_x_mq_awq",3392,73990501285634,73990501287434,0,0,80,0,128,32,1,1,768,1,1
"KERNEL_DISPATCH","Agent 5",1,0,791505,3423,63,"gemv_mq4g256v2_residual",3423,73990502260284,73990502291764,0,0,104,0,128,32,1,1,163840,1,1
"KERNEL_DISPATCH","Agent 5",1,0,791505,3387,58,"fused_sigmoid_alpha_gate_f32",3387,73990501250594,73990501252554,0,0,16,0,128,256,1,1,256,1,1
"KERNEL_DISPATCH","Agent 5",1,0,791505,3418,70,"kv_cache_write_q8_0",3418,73990502130003,73990502131843,0,0,8,0,128,32,1,1,1024,1,1
"KERNEL_DISPATCH","Agent 5",1,0,791505,3382,64,"fused_gate_up_mq4g256v2",3382,73990500907191,73990501070152,0,0,80,0,128,32,1,1,1114112,1,1
"KERNEL_DISPATCH","Agent 5",1,0,791505,3372,56,"fused_rmsnorm_mq_rotate_awq",3372,73990500734189,73990500740869,0,0,88,0,128,256,1,1,256,1,1
"KERNEL_DISPATCH","Agent 5",1,0,791505,3413,67,"deinterleave_f32",3413,73990502096722,73990502098722,0,0,8,0,128,256,1,1,6144,1,1
"KERNEL_DISPATCH","Agent 5",1,0,791505,3373,57,"fused_qkvza_mq4g256v2",3373,73990500744149,73990500817310,0,0,80,0,128,32,1,1,527360,1,1
"KERNEL_DISPATCH","Agent 5",1,0,791505,3408,64,"fused_gate_up_mq4g256v2",3408,73990501760999,73990501916241,0,0,80,0,128,32,1,1,1114112,1,1
"KERNEL_DISPATCH","Agent 5",1,0,791505,3403,27,"gated_delta_net_q8_fast",3403,73990501689958,73990501698038,2048,0,64,0,128,32,1,1,1536,32,1
"KERNEL_DISPATCH","Agent 5",1,0,791505,3378,61,"gated_norm_f32",3378,73990500848110,73990500851150,0,0,24,0,128,32,1,1,1536,1,1
"KERNEL_DISPATCH","Agent 5",1,0,791505,3398,56,"fused_rmsnorm_mq_rotate_awq",3398,73990501587157,73990501593877,0,0,88,0,128,256,1,1,256,1,1
"KERNEL_DISPATCH","Agent 5",1,0,791505,3383,65,"fused_silu_mul_mq_rotate_awq",3383,73990501073752,73990501076472,0,0,56,0,128,32,1,1,2176,1,1
"KERNEL_DISPATCH","Agent 5",1,0,791505,3388,59,"conv1d_silu_split_qknorm_b256",3388,73990501255874,73990501258234,1024,0,24,0,128,256,1,1,10240,1,1
"KERNEL_DISPATCH","Agent 5",1,0,791505,3393,63,"gemv_mq4g256v2_residual",3393,73990501290674,73990501325275,0,0,104,0,128,32,1,1,163840,1,1
"KERNEL_DISPATCH","Agent 5",1,0,791505,3374,58,"fused_sigmoid_alpha_gate_f32",3374,73990500820670,73990500822670,0,0,16,0,128,256,1,1,256,1,1
"KERNEL_DISPATCH","Agent 5",1,0,791505,3379,62,"rotate_x_mq_awq",3379,73990500854510,73990500856430,0,0,80,0,128,32,1,1,768,1,1
"KERNEL_DISPATCH","Agent 5",1,0,791505,3389,60,"repeat_interleave_qk_f32",3389,73990501261754,73990501263554,0,0,8,0,128,256,1,1,6144,1,1
"KERNEL_DISPATCH","Agent 5",1,0,791505,3394,56,"fused_rmsnorm_mq_rotate_awq",3394,73990501328435,73990501335195,0,0,88,0,128,256,1,1,256,1,1
"KERNEL_DISPATCH","Agent 5",1,0,791505,3399,57,"fused_qkvza_mq4g256v2",3399,73990501597157,73990501670398,0,0,80,0,128,32,1,1,527360,1,1
"KERNEL_DISPATCH","Agent 5",1,0,791505,3404,61,"gated_norm_f32",3404,73990501701918,73990501704758,0,0,24,0,128,32,1,1,1536,1,1
"KERNEL_DISPATCH","Agent 5",1,0,791505,3409,65,"fused_silu_mul_mq_rotate_awq",3409,73990501919681,73990501922081,0,0,56,0,128,32,1,1,2176,1,1
"KERNEL_DISPATCH","Agent 5",1,0,791505,3414,32,"rmsnorm_f32",3414,73990502102282,73990502104682,0,0,16,0,128,256,1,1,6144,1,1
"KERNEL_DISPATCH","Agent 5",1,0,791505,3419,71,"attention_flash_q8_0_tile",3419,73990502135163,73990502223164,0,0,48,0,128,32,1,1,768,65,1
"KERNEL_DISPATCH","Agent 5",1,0,791505,3429,57,"fused_qkvza_mq4g256v2",3429,73990502561047,73990502634368,0,0,80,0,128,32,1,1,527360,1,1
"KERNEL_DISPATCH","Agent 5",1,0,791505,3434,61,"gated_norm_f32",3434,73990502665768,73990502668568,0,0,24,0,128,32,1,1,1536,1,1
"KERNEL_DISPATCH","Agent 5",1,0,791505,3439,65,"fused_silu_mul_mq_rotate_awq",3439,73990502891010,73990502893810,0,0,56,0,128,32,1,1,2176,1,1
"KERNEL_DISPATCH","Agent 5",1,0,791505,3444,59,"conv1d_silu_split_qknorm_b256",3444,73990503083612,73990503086172,1024,0,24,0,128,256,1,1,10240,1,1
"KERNEL_DISPATCH","Agent 5",1,0,791505,3449,63,"gemv_mq4g256v2_residual",3449,73990503117732,73990503152213,0,0,104,0,128,32,1,1,163840,1,1
"KERNEL_DISPATCH","Agent 5",1,0,791505,3454,56,"fused_rmsnorm_mq_rotate_awq",3454,73990503413935,73990503420495,0,0,88,0,128,256,1,1,256,1,1
"KERNEL_DISPATCH","Agent 5",1,0,791505,3459,27,"gated_delta_net_q8_fast",3459,73990503516616,73990503524376,2048,0,64,0,128,32,1,1,1536,32,1
"KERNEL_DISPATCH","Agent 5",1,0,791505,3464,64,"fused_gate_up_mq4g256v2",3464,73990503586177,73990503741658,0,0,80,0,128,32,1,1,1114112,1,1
"KERNEL_DISPATCH","Agent 5",1,0,791505,3469,67,"deinterleave_f32",3469,73990503921340,73990503923420,0,0,8,0,128,256,1,1,6144,1,1
"KERNEL_DISPATCH","Agent 5",1,0,791505,3474,70,"kv_cache_write_q8_0",3474,73990503953940,73990503955700,0,0,8,0,128,32,1,1,1024,1,1
"KERNEL_DISPATCH","Agent 5",1,0,791505,3479,63,"gemv_mq4g256v2_residual",3479,73990504080222,73990504111902,0,0,104,0,128,32,1,1,163840,1,1
"KERNEL_DISPATCH","Agent 5",1,0,791505,3484,56,"fused_rmsnorm_mq_rotate_awq",3484,73990504368744,73990504375424,0,0,88,0,128,256,1,1,256,1,1
"KERNEL_DISPATCH","Agent 5",1,0,791505,3489,27,"gated_delta_net_q8_fast",3489,73990504472185,73990504479985,2048,0,64,0,128,32,1,1,1536,32,1
"KERNEL_DISPATCH","Agent 5",1,0,791505,3494,64,"fused_gate_up_mq4g256v2",3494,73990504542586,73990504697668,0,0,80,0,128,32,1,1,1114112,1,1
"KERNEL_DISPATCH","Agent 5",1,0,791505,3499,58,"fused_sigmoid_alpha_gate_f32",3499,73990504880189,73990504882149,0,0,16,0,128,256,1,1,256,1,1
"KERNEL_DISPATCH","Agent 5",1,0,791505,3504,62,"rotate_x_mq_awq",3504,73990504913870,73990504915590,0,0,80,0,128,32,1,1,768,1,1
"KERNEL_DISPATCH","Agent 5",1,0,791505,3509,63,"gemv_mq4g256v2_residual",3509,73990505138952,73990505219393,0,0,104,0,128,32,1,1,163840,1,1
"KERNEL_DISPATCH","Agent 5",1,0,791505,3514,60,"repeat_interleave_qk_f32",3514,73990505330314,73990505332074,0,0,8,0,128,256,1,1,6144,1,1
"KERNEL_DISPATCH","Agent 5",1,0,791505,3519,56,"fused_rmsnorm_mq_rotate_awq",3519,73990505395834,73990505402634,0,0,88,0,128,256,1,1,256,1,1
"KERNEL_DISPATCH","Agent 5",1,0,791505,3524,66,"fused_qkv_mq4g256v2",3524,73990505664077,73990505736878,0,0,80,0,128,32,1,1,458752,1,1
"KERNEL_DISPATCH","Agent 5",1,0,791505,3529,70,"kv_cache_write_q8_0",3529,73990505767678,73990505769758,0,0,8,0,128,32,1,1,1024,1,1
"KERNEL_DISPATCH","Agent 5",1,0,791505,3534,62,"rotate_x_mq_awq",3534,73990505897599,73990505899319,0,0,80,0,128,32,1,1,768,1,1
"KERNEL_DISPATCH","Agent 5",1,0,791505,3539,63,"gemv_mq4g256v2_residual",3539,73990506108281,73990506187042,0,0,104,0,128,32,1,1,163840,1,1
"KERNEL_DISPATCH","Agent 5",1,0,791505,3544,60,"repeat_interleave_qk_f32",3544,73990506297923,73990506299683,0,0,8,0,128,256,1,1,6144,1,1
"KERNEL_DISPATCH","Agent 5",1,0,791505,3549,56,"fused_rmsnorm_mq_rotate_awq",3549,73990506363364,73990506370164,0,0,88,0,128,256,1,1,256,1,1
"KERNEL_DISPATCH","Agent 5",1,0,791505,3554,57,"fused_qkvza_mq4g256v2",3554,73990506640006,73990506713047,0,0,80,0,128,32,1,1,527360,1,1
"KERNEL_DISPATCH","Agent 5",1,0,791505,3559,61,"gated_norm_f32",3559,73990506744047,73990506746847,0,0,24,0,128,32,1,1,1536,1,1
"KERNEL_DISPATCH","Agent 5",1,0,791505,3564,65,"fused_silu_mul_mq_rotate_awq",3564,73990506969050,73990506971850,0,0,56,0,128,32,1,1,2176,1,1
"KERNEL_DISPATCH","Agent 5",1,0,791505,3569,59,"conv1d_silu_split_qknorm_b256",3569,73990507161731,73990507164171,1024,0,24,0,128,256,1,1,10240,1,1
"KERNEL_DISPATCH","Agent 5",1,0,791505,3574,63,"gemv_mq4g256v2_residual",3574,73990507195572,73990507230012,0,0,104,0,128,32,1,1,163840,1,1
"KERNEL_DISPATCH","Agent 5",1,0,791505,3579,56,"fused_rmsnorm_mq_rotate_awq",3579,73990507499975,73990507506735,0,0,88,0,128,256,1,1,256,1,1
"KERNEL_DISPATCH","Agent 5",1,0,791505,3584,68,"rope_partial_halfsplit_f32",3584,73990507603976,73990507611096,0,0,16,0,128,32,1,1,32,1,1
"KERNEL_DISPATCH","Agent 5",1,0,791505,3589,73,"sigmoid_mul_f32",3589,73990507740777,73990507742217,0,0,16,0,128,256,1,1,6144,1,1
"KERNEL_DISPATCH","Agent 5",1,0,791505,3594,65,"fused_silu_mul_mq_rotate_awq",3594,73990507959619,73990507962099,0,0,56,0,128,32,1,1,2176,1,1
"KERNEL_DISPATCH","Agent 5",1,0,791505,3599,59,"conv1d_silu_split_qknorm_b256",3599,73990508140541,73990508142901,1024,0,24,0,128,256,1,1,10240,1,1
"KERNEL_DISPATCH","Agent 5",1,0,791505,3604,63,"gemv_mq4g256v2_residual",3604,73990508174141,73990508208382,0,0,104,0,128,32,1,1,163840,1,1
"KERNEL_DISPATCH","Agent 5",1,0,791505,3609,56,"fused_rmsnorm_mq_rotate_awq",3609,73990508469304,73990508476024,0,0,88,0,128,256,1,1,256,1,1
"KERNEL_DISPATCH","Agent 5",1,0,791505,3614,27,"gated_delta_net_q8_fast",3614,73990508581345,73990508589625,2048,0,64,0,128,32,1,1,1536,32,1
"KERNEL_DISPATCH","Agent 5",1,0,791505,3619,64,"fused_gate_up_mq4g256v2",3619,73990508652106,73990508807347,0,0,80,0,128,32,1,1,1114112,1,1
"KERNEL_DISPATCH","Agent 5",1,0,791505,3624,58,"fused_sigmoid_alpha_gate_f32",3624,73990508996189,73990508998549,0,0,16,0,128,256,1,1,256,1,1
"KERNEL_DISPATCH","Agent 5",1,0,791505,3629,62,"rotate_x_mq_awq",3629,73990509030990,73990509032790,0,0,80,0,128,32,1,1,768,1,1
"KERNEL_DISPATCH","Agent 5",1,0,791505,3634,63,"gemv_mq4g256v2_residual",3634,73990509256792,73990509336793,0,0,104,0,128,32,1,1,163840,1,1
"KERNEL_DISPATCH","Agent 5",1,0,791505,3966,63,"gemv_mq4g256v2_residual",3966,73990519981216,73990520015536,0,0,104,0,128,32,1,1,163840,1,1
"KERNEL_DISPATCH","Agent 5",1,0,791505,3639,32,"rmsnorm_f32",3639,73990509438034,73990509440354,0,0,16,0,128,256,1,1,1024,1,1
"KERNEL_DISPATCH","Agent 5",1,0,791505,3961,59,"conv1d_silu_split_qknorm_b256",3961,73990519947455,73990519950056,1024,0,24,0,128,256,1,1,10240,1,1
"KERNEL_DISPATCH","Agent 5",1,0,791505,3644,72,"attention_flash_q8_0_reduce",3644,73990509556115,73990509576515,512,0,24,0,128,256,1,1,6144,1,1
"KERNEL_DISPATCH","Agent 5",1,0,791505,3956,65,"fused_silu_mul_mq_rotate_awq",3956,73990519754334,73990519757054,0,0,56,0,128,32,1,1,2176,1,1
"KERNEL_DISPATCH","Agent 5",1,0,791505,3649,64,"fused_gate_up_mq4g256v2",3649,73990509634715,73990509787397,0,0,80,0,128,32,1,1,1114112,1,1
"KERNEL_DISPATCH","Agent 5",1,0,791505,3951,61,"gated_norm_f32",3951,73990519529451,73990519532251,0,0,24,0,128,32,1,1,1536,1,1
"KERNEL_DISPATCH","Agent 5",1,0,791505,3654,58,"fused_sigmoid_alpha_gate_f32",3654,73990509965159,73990509967079,0,0,16,0,128,256,1,1,256,1,1
"KERNEL_DISPATCH","Agent 5",1,0,791505,3946,57,"fused_qkvza_mq4g256v2",3946,73990519416250,73990519497771,0,0,80,0,128,32,1,1,527360,1,1
"KERNEL_DISPATCH","Agent 5",1,0,791505,3659,62,"rotate_x_mq_awq",3659,73990509998919,73990510000719,0,0,80,0,128,32,1,1,768,1,1
"KERNEL_DISPATCH","Agent 5",1,0,791505,3941,56,"fused_rmsnorm_mq_rotate_awq",3941,73990519149328,73990519155928,0,0,88,0,128,256,1,1,256,1,1
"KERNEL_DISPATCH","Agent 5",1,0,791505,3664,63,"gemv_mq4g256v2_residual",3664,73990510215881,73990510295522,0,0,104,0,128,32,1,1,163840,1,1
"KERNEL_DISPATCH","Agent 5",1,0,791505,3936,60,"repeat_interleave_qk_f32",3936,73990519083927,73990519085727,0,0,8,0,128,256,1,1,6144,1,1
"KERNEL_DISPATCH","Agent 5",1,0,791505,3669,60,"repeat_interleave_qk_f32",3669,73990510396163,73990510397963,0,0,8,0,128,256,1,1,6144,1,1
"KERNEL_DISPATCH","Agent 5",1,0,791505,3931,63,"gemv_mq4g256v2_residual",3931,73990518902405,73990518982686,0,0,104,0,128,32,1,1,163840,1,1
"KERNEL_DISPATCH","Agent 5",1,0,791505,3674,56,"fused_rmsnorm_mq_rotate_awq",3674,73990510461163,73990510467924,0,0,88,0,128,256,1,1,256,1,1
"KERNEL_DISPATCH","Agent 5",1,0,791505,3926,62,"rotate_x_mq_awq",3926,73990518681443,73990518683163,0,0,80,0,128,32,1,1,768,1,1
"KERNEL_DISPATCH","Agent 5",1,0,791505,3679,57,"fused_qkvza_mq4g256v2",3679,73990510736406,73990510809487,0,0,80,0,128,32,1,1,527360,1,1
"KERNEL_DISPATCH","Agent 5",1,0,791505,3921,70,"kv_cache_write_q8_0",3921,73990518551882,73990518553962,0,0,8,0,128,32,1,1,1024,1,1
"KERNEL_DISPATCH","Agent 5",1,0,791505,3684,61,"gated_norm_f32",3684,73990510840247,73990510843007,0,0,24,0,128,32,1,1,1536,1,1
"KERNEL_DISPATCH","Agent 5",1,0,791505,3916,66,"fused_qkv_mq4g256v2",3916,73990518447601,73990518521282,0,0,80,0,128,32,1,1,458752,1,1
"KERNEL_DISPATCH","Agent 5",1,0,791505,3689,65,"fused_silu_mul_mq_rotate_awq",3689,73990511056889,73990511059249,0,0,56,0,128,32,1,1,2176,1,1
"KERNEL_DISPATCH","Agent 5",1,0,791505,3911,56,"fused_rmsnorm_mq_rotate_awq",3911,73990518171678,73990518178158,0,0,88,0,128,256,1,1,256,1,1
"KERNEL_DISPATCH","Agent 5",1,0,791505,3694,32,"rmsnorm_f32",3694,73990511237411,73990511239811,0,0,16,0,128,256,1,1,6144,1,1
"KERNEL_DISPATCH","Agent 5",1,0,791505,3906,60,"repeat_interleave_qk_f32",3906,73990518106238,73990518107998,0,0,8,0,128,256,1,1,6144,1,1
"KERNEL_DISPATCH","Agent 5",1,0,791505,3699,71,"attention_flash_q8_0_tile",3699,73990511269771,73990511357212,0,0,48,0,128,32,1,1,768,65,1
"KERNEL_DISPATCH","Agent 5",1,0,791505,3901,63,"gemv_mq4g256v2_residual",3901,73990517924836,73990518005357,0,0,104,0,128,32,1,1,163840,1,1
"KERNEL_DISPATCH","Agent 5",1,0,791505,3704,56,"fused_rmsnorm_mq_rotate_awq",3704,73990511428693,73990511435493,0,0,88,0,128,256,1,1,256,1,1
"KERNEL_DISPATCH","Agent 5",1,0,791505,3896,62,"rotate_x_mq_awq",3896,73990517699114,73990517700874,0,0,80,0,128,32,1,1,768,1,1
"KERNEL_DISPATCH","Agent 5",1,0,791505,3709,57,"fused_qkvza_mq4g256v2",3709,73990511693135,73990511766456,0,0,80,0,128,32,1,1,527360,1,1
"KERNEL_DISPATCH","Agent 5",1,0,791505,3891,58,"fused_sigmoid_alpha_gate_f32",3891,73990517664313,73990517666673,0,0,16,0,128,256,1,1,256,1,1
"KERNEL_DISPATCH","Agent 5",1,0,791505,3714,61,"gated_norm_f32",3714,73990511797856,73990511800616,0,0,24,0,128,32,1,1,1536,1,1
"KERNEL_DISPATCH","Agent 5",1,0,791505,3886,64,"fused_gate_up_mq4g256v2",3886,73990517320990,73990517475672,0,0,80,0,128,32,1,1,1114112,1,1
"KERNEL_DISPATCH","Agent 5",1,0,791505,3719,65,"fused_silu_mul_mq_rotate_awq",3719,73990512022659,73990512025419,0,0,56,0,128,32,1,1,2176,1,1
"KERNEL_DISPATCH","Agent 5",1,0,791505,3881,27,"gated_delta_net_q8_fast",3881,73990517250829,73990517259029,2048,0,64,0,128,32,1,1,1536,32,1
"KERNEL_DISPATCH","Agent 5",1,0,791505,3724,59,"conv1d_silu_split_qknorm_b256",3724,73990512214500,73990512217340,1024,0,24,0,128,256,1,1,10240,1,1
"KERNEL_DISPATCH","Agent 5",1,0,791505,3876,56,"fused_rmsnorm_mq_rotate_awq",3876,73990517138468,73990517145228,0,0,88,0,128,256,1,1,256,1,1
"KERNEL_DISPATCH","Agent 5",1,0,791505,3729,63,"gemv_mq4g256v2_residual",3729,73990512248621,73990512283061,0,0,104,0,128,32,1,1,163840,1,1
"KERNEL_DISPATCH","Agent 5",1,0,791505,3871,63,"gemv_mq4g256v2_residual",3871,73990516849705,73990516881386,0,0,104,0,128,32,1,1,163840,1,1
"KERNEL_DISPATCH","Agent 5",1,0,791505,3734,56,"fused_rmsnorm_mq_rotate_awq",3734,73990512552144,73990512558704,0,0,88,0,128,256,1,1,256,1,1
"KERNEL_DISPATCH","Agent 5",1,0,791505,3866,70,"kv_cache_write_q8_0",3866,73990516718744,73990516720464,0,0,8,0,128,32,1,1,1024,1,1
"KERNEL_DISPATCH","Agent 5",1,0,791505,3739,27,"gated_delta_net_q8_fast",3739,73990512654705,73990512662905,2048,0,64,0,128,32,1,1,1536,32,1
"KERNEL_DISPATCH","Agent 5",1,0,791505,3861,67,"deinterleave_f32",3861,73990516686104,73990516688064,0,0,8,0,128,256,1,1,6144,1,1
"KERNEL_DISPATCH","Agent 5",1,0,791505,3744,64,"fused_gate_up_mq4g256v2",3744,73990512725185,73990512880467,0,0,80,0,128,32,1,1,1114112,1,1
"KERNEL_DISPATCH","Agent 5",1,0,791505,3856,64,"fused_gate_up_mq4g256v2",3856,73990516349501,73990516505022,0,0,80,0,128,32,1,1,1114112,1,1
"KERNEL_DISPATCH","Agent 5",1,0,791505,3749,67,"deinterleave_f32",3749,73990513059869,73990513061949,0,0,8,0,128,256,1,1,6144,1,1
"KERNEL_DISPATCH","Agent 5",1,0,791505,3851,27,"gated_delta_net_q8_fast",3851,73990516279460,73990516287220,2048,0,64,0,128,32,1,1,1536,32,1
"KERNEL_DISPATCH","Agent 5",1,0,791505,3754,70,"kv_cache_write_q8_0",3754,73990513092069,73990513093989,0,0,8,0,128,32,1,1,1024,1,1
"KERNEL_DISPATCH","Agent 5",1,0,791505,3846,56,"fused_rmsnorm_mq_rotate_awq",3846,73990516167739,73990516174219,0,0,88,0,128,256,1,1,256,1,1
"KERNEL_DISPATCH","Agent 5",1,0,791505,3759,63,"gemv_mq4g256v2_residual",3759,73990513221070,73990513252591,0,0,104,0,128,32,1,1,163840,1,1
"KERNEL_DISPATCH","Agent 5",1,0,791505,3841,63,"gemv_mq4g256v2_residual",3841,73990515871576,73990515906456,0,0,104,0,128,32,1,1,163840,1,1
"KERNEL_DISPATCH","Agent 5",1,0,791505,3764,56,"fused_rmsnorm_mq_rotate_awq",3764,73990513518353,73990513525113,0,0,88,0,128,256,1,1,256,1,1
"KERNEL_DISPATCH","Agent 5",1,0,791505,3836,59,"conv1d_silu_split_qknorm_b256",3836,73990515838216,73990515840536,1024,0,24,0,128,256,1,1,10240,1,1
"KERNEL_DISPATCH","Agent 5",1,0,791505,3769,27,"gated_delta_net_q8_fast",3769,73990513621074,73990513629234,2048,0,64,0,128,32,1,1,1536,32,1
"KERNEL_DISPATCH","Agent 5",1,0,791505,3831,65,"fused_silu_mul_mq_rotate_awq",3831,73990515656494,73990515658894,0,0,56,0,128,32,1,1,2176,1,1
"KERNEL_DISPATCH","Agent 5",1,0,791505,3774,64,"fused_gate_up_mq4g256v2",3774,73990513691795,73990513846716,0,0,80,0,128,32,1,1,1114112,1,1
"KERNEL_DISPATCH","Agent 5",1,0,791505,3826,61,"gated_norm_f32",3826,73990515439692,73990515442492,0,0,24,0,128,32,1,1,1536,1,1
"KERNEL_DISPATCH","Agent 5",1,0,791505,3779,58,"fused_sigmoid_alpha_gate_f32",3779,73990514025078,73990514027038,0,0,16,0,128,256,1,1,256,1,1
"KERNEL_DISPATCH","Agent 5",1,0,791505,3821,57,"fused_qkvza_mq4g256v2",3821,73990515335331,73990515409051,0,0,80,0,128,32,1,1,527360,1,1
"KERNEL_DISPATCH","Agent 5",1,0,791505,3784,62,"rotate_x_mq_awq",3784,73990514059198,73990514060918,0,0,80,0,128,32,1,1,768,1,1
"KERNEL_DISPATCH","Agent 5",1,0,791505,3816,56,"fused_rmsnorm_mq_rotate_awq",3816,73990515071328,73990515078048,0,0,88,0,128,256,1,1,256,1,1
"KERNEL_DISPATCH","Agent 5",1,0,791505,3789,63,"gemv_mq4g256v2_residual",3789,73990514275400,73990514355721,0,0,104,0,128,32,1,1,163840,1,1
"KERNEL_DISPATCH","Agent 5",1,0,791505,3811,71,"attention_flash_q8_0_tile",3811,73990514911527,73990514999327,0,0,48,0,128,32,1,1,768,65,1
"KERNEL_DISPATCH","Agent 5",1,0,791505,3794,60,"repeat_interleave_qk_f32",3794,73990514456802,73990514458602,0,0,8,0,128,256,1,1,6144,1,1
"KERNEL_DISPATCH","Agent 5",1,0,791505,3806,32,"rmsnorm_f32",3806,73990514879246,73990514881926,0,0,16,0,128,256,1,1,6144,1,1
"KERNEL_DISPATCH","Agent 5",1,0,791505,3799,56,"fused_rmsnorm_mq_rotate_awq",3799,73990514522123,73990514528883,0,0,88,0,128,256,1,1,256,1,1
"KERNEL_DISPATCH","Agent 5",1,0,791505,3801,65,"fused_silu_mul_mq_rotate_awq",3801,73990514697645,73990514700365,0,0,56,0,128,32,1,1,2176,1,1
"KERNEL_DISPATCH","Agent 5",1,0,791505,3804,66,"fused_qkv_mq4g256v2",3804,73990514797086,73990514870046,0,0,80,0,128,32,1,1,458752,1,1
"KERNEL_DISPATCH","Agent 5",1,0,791505,3796,61,"gated_norm_f32",3796,73990514473282,73990514476042,0,0,24,0,128,32,1,1,1536,1,1
"KERNEL_DISPATCH","Agent 5",1,0,791505,3809,70,"kv_cache_write_q8_0",3809,73990514901167,73990514903087,0,0,8,0,128,32,1,1,1024,1,1
"KERNEL_DISPATCH","Agent 5",1,0,791505,3791,57,"fused_qkvza_mq4g256v2",3791,73990514368961,73990514442642,0,0,80,0,128,32,1,1,527360,1,1
"KERNEL_DISPATCH","Agent 5",1,0,791505,3814,62,"rotate_x_mq_awq",3814,73990515031528,73990515033248,0,0,80,0,128,32,1,1,768,1,1
"KERNEL_DISPATCH","Agent 5",1,0,791505,3786,56,"fused_rmsnorm_mq_rotate_awq",3786,73990514101839,73990514108439,0,0,88,0,128,256,1,1,256,1,1
"KERNEL_DISPATCH","Agent 5",1,0,791505,3819,63,"gemv_mq4g256v2_residual",3819,73990515242530,73990515322131,0,0,104,0,128,32,1,1,163840,1,1
"KERNEL_DISPATCH","Agent 5",1,0,791505,3781,60,"repeat_interleave_qk_f32",3781,73990514036158,73990514037998,0,0,8,0,128,256,1,1,6144,1,1
"KERNEL_DISPATCH","Agent 5",1,0,791505,3824,60,"repeat_interleave_qk_f32",3824,73990515423292,73990515425052,0,0,8,0,128,256,1,1,6144,1,1
"KERNEL_DISPATCH","Agent 5",1,0,791505,3776,63,"gemv_mq4g256v2_residual",3776,73990513855716,73990513935157,0,0,104,0,128,32,1,1,163840,1,1
"KERNEL_DISPATCH","Agent 5",1,0,791505,3829,56,"fused_rmsnorm_mq_rotate_awq",3829,73990515488412,73990515494852,0,0,88,0,128,256,1,1,256,1,1
"KERNEL_DISPATCH","Agent 5",1,0,791505,3771,62,"rotate_x_mq_awq",3771,73990513638714,73990513640474,0,0,80,0,128,32,1,1,768,1,1
"KERNEL_DISPATCH","Agent 5",1,0,791505,3834,57,"fused_qkvza_mq4g256v2",3834,73990515756215,73990515829376,0,0,80,0,128,32,1,1,527360,1,1
"KERNEL_DISPATCH","Agent 5",1,0,791505,3766,58,"fused_sigmoid_alpha_gate_f32",3766,73990513605034,73990513607074,0,0,16,0,128,256,1,1,256,1,1
"KERNEL_DISPATCH","Agent 5",1,0,791505,3839,61,"gated_norm_f32",3839,73990515860456,73990515863216,0,0,24,0,128,32,1,1,1536,1,1
"KERNEL_DISPATCH","Agent 5",1,0,791505,3761,64,"fused_gate_up_mq4g256v2",3761,73990513265671,73990513426032,0,0,80,0,128,32,1,1,1114112,1,1
"KERNEL_DISPATCH","Agent 5",1,0,791505,3844,65,"fused_silu_mul_mq_rotate_awq",3844,73990516078978,73990516081378,0,0,56,0,128,32,1,1,2176,1,1
"KERNEL_DISPATCH","Agent 5",1,0,791505,3756,72,"attention_flash_q8_0_reduce",3756,73990513187670,73990513207790,512,0,24,0,128,256,1,1,6144,1,1
"KERNEL_DISPATCH","Agent 5",1,0,791505,3849,59,"conv1d_silu_split_qknorm_b256",3849,73990516268620,73990516271020,1024,0,24,0,128,256,1,1,10240,1,1
"KERNEL_DISPATCH","Agent 5",1,0,791505,3751,32,"rmsnorm_f32",3751,73990513071069,73990513073349,0,0,16,0,128,256,1,1,1024,1,1
"KERNEL_DISPATCH","Agent 5",1,0,791505,3746,63,"gemv_mq4g256v2_residual",3746,73990512889387,73990512969708,0,0,104,0,128,32,1,1,163840,1,1
"KERNEL_DISPATCH","Agent 5",1,0,791505,3741,62,"rotate_x_mq_awq",3741,73990512672465,73990512674225,0,0,80,0,128,32,1,1,768,1,1
"KERNEL_DISPATCH","Agent 5",1,0,791505,3736,58,"fused_sigmoid_alpha_gate_f32",3736,73990512638705,73990512640705,0,0,16,0,128,256,1,1,256,1,1
"KERNEL_DISPATCH","Agent 5",1,0,791505,3731,64,"fused_gate_up_mq4g256v2",3731,73990512296061,73990512458543,0,0,80,0,128,32,1,1,1114112,1,1
"KERNEL_DISPATCH","Agent 5",1,0,791505,3726,27,"gated_delta_net_q8_fast",3726,73990512225941,73990512234221,2048,0,64,0,128,32,1,1,1536,32,1
"KERNEL_DISPATCH","Agent 5",1,0,791505,3721,56,"fused_rmsnorm_mq_rotate_awq",3721,73990512113459,73990512120220,0,0,88,0,128,256,1,1,256,1,1
"KERNEL_DISPATCH","Agent 5",1,0,791505,3716,63,"gemv_mq4g256v2_residual",3716,73990511809057,73990511843377,0,0,104,0,128,32,1,1,163840,1,1
"KERNEL_DISPATCH","Agent 5",1,0,791505,3711,59,"conv1d_silu_split_qknorm_b256",3711,73990511775456,73990511777896,1024,0,24,0,128,256,1,1,10240,1,1
"KERNEL_DISPATCH","Agent 5",1,0,791505,3706,65,"fused_silu_mul_mq_rotate_awq",3706,73990511594654,73990511596974,0,0,56,0,128,32,1,1,2176,1,1
"KERNEL_DISPATCH","Agent 5",1,0,791505,3701,73,"sigmoid_mul_f32",3701,73990511384172,73990511385532,0,0,16,0,128,256,1,1,6144,1,1
"KERNEL_DISPATCH","Agent 5",1,0,791505,3696,68,"rope_partial_halfsplit_f32",3696,73990511248651,73990511255731,0,0,16,0,128,32,1,1,32,1,1
"KERNEL_DISPATCH","Agent 5",1,0,791505,3691,56,"fused_rmsnorm_mq_rotate_awq",3691,73990511145610,73990511152250,0,0,88,0,128,256,1,1,256,1,1
"KERNEL_DISPATCH","Agent 5",1,0,791505,3686,63,"gemv_mq4g256v2_residual",3686,73990510851327,73990510885568,0,0,104,0,128,32,1,1,163840,1,1
"KERNEL_DISPATCH","Agent 5",1,0,791505,3681,59,"conv1d_silu_split_qknorm_b256",3681,73990510818127,73990510820487,1024,0,24,0,128,256,1,1,10240,1,1
"KERNEL_DISPATCH","Agent 5",1,0,791505,3676,65,"fused_silu_mul_mq_rotate_awq",3676,73990510636765,73990510639525,0,0,56,0,128,32,1,1,2176,1,1
"KERNEL_DISPATCH","Agent 5",1,0,791505,3671,61,"gated_norm_f32",3671,73990510412723,73990510415483,0,0,24,0,128,32,1,1,1536,1,1
"KERNEL_DISPATCH","Agent 5",1,0,791505,3666,57,"fused_qkvza_mq4g256v2",3666,73990510308802,73990510381883,0,0,80,0,128,32,1,1,527360,1,1
"KERNEL_DISPATCH","Agent 5",1,0,791505,3661,56,"fused_rmsnorm_mq_rotate_awq",3661,73990510041759,73990510048439,0,0,88,0,128,256,1,1,256,1,1
"KERNEL_DISPATCH","Agent 5",1,0,791505,3656,60,"repeat_interleave_qk_f32",3656,73990509976199,73990509978039,0,0,8,0,128,256,1,1,6144,1,1
"KERNEL_DISPATCH","Agent 5",1,0,791505,3651,63,"gemv_mq4g256v2_residual",3651,73990509796197,73990509875518,0,0,104,0,128,32,1,1,163840,1,1
"KERNEL_DISPATCH","Agent 5",1,0,791505,3646,62,"rotate_x_mq_awq",3646,73990509584835,73990509586635,0,0,80,0,128,32,1,1,768,1,1
"KERNEL_DISPATCH","Agent 5",1,0,791505,3641,70,"kv_cache_write_q8_0",3641,73990509453954,73990509456074,0,0,8,0,128,32,1,1,1024,1,1
"KERNEL_DISPATCH","Agent 5",1,0,791505,3636,66,"fused_qkv_mq4g256v2",3636,73990509350433,73990509423073,0,0,80,0,128,32,1,1,458752,1,1
"KERNEL_DISPATCH","Agent 5",1,0,791505,3631,56,"fused_rmsnorm_mq_rotate_awq",3631,73990509073830,73990509080550,0,0,88,0,128,256,1,1,256,1,1
"KERNEL_DISPATCH","Agent 5",1,0,791505,3626,60,"repeat_interleave_qk_f32",3626,73990509007749,73990509009749,0,0,8,0,128,256,1,1,6144,1,1
"KERNEL_DISPATCH","Agent 5",1,0,791505,3621,63,"gemv_mq4g256v2_residual",3621,73990508816467,73990508897028,0,0,104,0,128,32,1,1,163840,1,1
"KERNEL_DISPATCH","Agent 5",1,0,791505,3616,62,"rotate_x_mq_awq",3616,73990508599105,73990508601065,0,0,80,0,128,32,1,1,768,1,1
"KERNEL_DISPATCH","Agent 5",1,0,791505,3611,58,"fused_sigmoid_alpha_gate_f32",3611,73990508564585,73990508566905,0,0,16,0,128,256,1,1,256,1,1
"KERNEL_DISPATCH","Agent 5",1,0,791505,3606,64,"fused_gate_up_mq4g256v2",3606,73990508221622,73990508376503,0,0,80,0,128,32,1,1,1114112,1,1
"KERNEL_DISPATCH","Agent 5",1,0,791505,3601,27,"gated_delta_net_q8_fast",3601,73990508151261,73990508159461,2048,0,64,0,128,32,1,1,1536,32,1
"KERNEL_DISPATCH","Agent 5",1,0,791505,3596,56,"fused_rmsnorm_mq_rotate_awq",3596,73990508048580,73990508055260,0,0,88,0,128,256,1,1,256,1,1
"KERNEL_DISPATCH","Agent 5",1,0,791505,3591,63,"gemv_mq4g256v2_residual",3591,73990507750577,73990507782097,0,0,104,0,128,32,1,1,163840,1,1
"KERNEL_DISPATCH","Agent 5",1,0,791505,3586,70,"kv_cache_write_q8_0",3586,73990507619656,73990507621336,0,0,8,0,128,32,1,1,1024,1,1
"KERNEL_DISPATCH","Agent 5",1,0,791505,3581,67,"deinterleave_f32",3581,73990507586976,73990507588976,0,0,8,0,128,256,1,1,6144,1,1
"KERNEL_DISPATCH","Agent 5",1,0,791505,3576,64,"fused_gate_up_mq4g256v2",3576,73990507243212,73990507406614,0,0,80,0,128,32,1,1,1114112,1,1
"KERNEL_DISPATCH","Agent 5",1,0,791505,3571,27,"gated_delta_net_q8_fast",3571,73990507172652,73990507180812,2048,0,64,0,128,32,1,1,1536,32,1
"KERNEL_DISPATCH","Agent 5",1,0,791505,3566,56,"fused_rmsnorm_mq_rotate_awq",3566,73990507059770,73990507066411,0,0,88,0,128,256,1,1,256,1,1
"KERNEL_DISPATCH","Agent 5",1,0,791505,3561,63,"gemv_mq4g256v2_residual",3561,73990506755287,73990506790048,0,0,104,0,128,32,1,1,163840,1,1
"KERNEL_DISPATCH","Agent 5",1,0,791505,3556,59,"conv1d_silu_split_qknorm_b256",3556,73990506721767,73990506724207,1024,0,24,0,128,256,1,1,10240,1,1
"KERNEL_DISPATCH","Agent 5",1,0,791505,3551,65,"fused_silu_mul_mq_rotate_awq",3551,73990506538965,73990506541685,0,0,56,0,128,32,1,1,2176,1,1
"KERNEL_DISPATCH","Agent 5",1,0,791505,3546,61,"gated_norm_f32",3546,73990506314323,73990506317123,0,0,24,0,128,32,1,1,1536,1,1
"KERNEL_DISPATCH","Agent 5",1,0,791505,3541,57,"fused_qkvza_mq4g256v2",3541,73990506200442,73990506282563,0,0,80,0,128,32,1,1,527360,1,1
"KERNEL_DISPATCH","Agent 5",1,0,791505,3536,56,"fused_rmsnorm_mq_rotate_awq",3536,73990505937240,73990505943760,0,0,88,0,128,256,1,1,256,1,1
"KERNEL_DISPATCH","Agent 5",1,0,791505,3531,71,"attention_flash_q8_0_tile",3531,73990505777998,73990505865519,0,0,48,0,128,32,1,1,768,65,1
"KERNEL_DISPATCH","Agent 5",1,0,791505,3526,32,"rmsnorm_f32",3526,73990505746038,73990505748518,0,0,16,0,128,256,1,1,6144,1,1
"KERNEL_DISPATCH","Agent 5",1,0,791505,3521,65,"fused_silu_mul_mq_rotate_awq",3521,73990505564276,73990505566796,0,0,56,0,128,32,1,1,2176,1,1
"KERNEL_DISPATCH","Agent 5",1,0,791505,3516,61,"gated_norm_f32",3516,73990505347074,73990505349914,0,0,24,0,128,32,1,1,1536,1,1
"KERNEL_DISPATCH","Agent 5",1,0,791505,3511,57,"fused_qkvza_mq4g256v2",3511,73990505232633,73990505315074,0,0,80,0,128,32,1,1,527360,1,1
"KERNEL_DISPATCH","Agent 5",1,0,791505,3506,56,"fused_rmsnorm_mq_rotate_awq",3506,73990504956310,73990504963030,0,0,88,0,128,256,1,1,256,1,1
"KERNEL_DISPATCH","Agent 5",1,0,791505,3501,60,"repeat_interleave_qk_f32",3501,73990504891229,73990504892989,0,0,8,0,128,256,1,1,6144,1,1
"KERNEL_DISPATCH","Agent 5",1,0,791505,3496,63,"gemv_mq4g256v2_residual",3496,73990504706788,73990504786508,0,0,104,0,128,32,1,1,163840,1,1
"KERNEL_DISPATCH","Agent 5",1,0,791505,3491,62,"rotate_x_mq_awq",3491,73990504489506,73990504491266,0,0,80,0,128,32,1,1,768,1,1
"KERNEL_DISPATCH","Agent 5",1,0,791505,3481,64,"fused_gate_up_mq4g256v2",3481,73990504125062,73990504277583,0,0,80,0,128,32,1,1,1114112,1,1
"KERNEL_DISPATCH","Agent 5",1,0,791505,3384,63,"gemv_mq4g256v2_residual",3384,73990501079912,73990501160473,0,0,104,0,128,32,1,1,163840,1,1
"KERNEL_DISPATCH","Agent 5",1,0,791505,3476,72,"attention_flash_q8_0_reduce",3476,73990504046541,73990504066901,512,0,24,0,128,256,1,1,6144,1,1
"KERNEL_DISPATCH","Agent 5",1,0,791505,3859,56,"fused_rmsnorm_mq_rotate_awq",3859,73990516599343,73990516606063,0,0,88,0,128,256,1,1,256,1,1
"KERNEL_DISPATCH","Agent 5",1,0,791505,3471,32,"rmsnorm_f32",3471,73990503932540,73990503934860,0,0,16,0,128,256,1,1,1024,1,1
"KERNEL_DISPATCH","Agent 5",1,0,791505,3864,68,"rope_partial_halfsplit_f32",3864,73990516702784,73990516710024,0,0,16,0,128,32,1,1,32,1,1
"KERNEL_DISPATCH","Agent 5",1,0,791505,3466,63,"gemv_mq4g256v2_residual",3466,73990503750698,73990503830979,0,0,104,0,128,32,1,1,163840,1,1
"KERNEL_DISPATCH","Agent 5",1,0,791505,3869,73,"sigmoid_mul_f32",3869,73990516839825,73990516841185,0,0,16,0,128,256,1,1,6144,1,1
"KERNEL_DISPATCH","Agent 5",1,0,791505,3461,62,"rotate_x_mq_awq",3461,73990503533896,73990503535576,0,0,80,0,128,32,1,1,768,1,1
"KERNEL_DISPATCH","Agent 5",1,0,791505,3874,65,"fused_silu_mul_mq_rotate_awq",3874,73990517050187,73990517052427,0,0,56,0,128,32,1,1,2176,1,1
"KERNEL_DISPATCH","Agent 5",1,0,791505,3456,58,"fused_sigmoid_alpha_gate_f32",3456,73990503500696,73990503502616,0,0,16,0,128,256,1,1,256,1,1
"KERNEL_DISPATCH","Agent 5",1,0,791505,3879,59,"conv1d_silu_split_qknorm_b256",3879,73990517239989,73990517242429,1024,0,24,0,128,256,1,1,10240,1,1
"KERNEL_DISPATCH","Agent 5",1,0,791505,3451,64,"fused_gate_up_mq4g256v2",3451,73990503165533,73990503320534,0,0,80,0,128,32,1,1,1114112,1,1
"KERNEL_DISPATCH","Agent 5",1,0,791505,3884,63,"gemv_mq4g256v2_residual",3884,73990517273630,73990517307790,0,0,104,0,128,32,1,1,163840,1,1
"KERNEL_DISPATCH","Agent 5",1,0,791505,3446,27,"gated_delta_net_q8_fast",3446,73990503095172,73990503103132,2048,0,64,0,128,32,1,1,1536,32,1
"KERNEL_DISPATCH","Agent 5",1,0,791505,3889,56,"fused_rmsnorm_mq_rotate_awq",3889,73990517569032,73990517575832,0,0,88,0,128,256,1,1,256,1,1
"KERNEL_DISPATCH","Agent 5",1,0,791505,3441,56,"fused_rmsnorm_mq_rotate_awq",3441,73990502982131,73990502988851,0,0,88,0,128,256,1,1,256,1,1
"KERNEL_DISPATCH","Agent 5",1,0,791505,3894,27,"gated_delta_net_q8_fast",3894,73990517681393,73990517689714,2048,0,64,0,128,32,1,1,1536,32,1
"KERNEL_DISPATCH","Agent 5",1,0,791505,3436,63,"gemv_mq4g256v2_residual",3436,73990502677088,73990502712048,0,0,104,0,128,32,1,1,163840,1,1
"KERNEL_DISPATCH","Agent 5",1,0,791505,3899,64,"fused_gate_up_mq4g256v2",3899,73990517751874,73990517914796,0,0,80,0,128,32,1,1,1114112,1,1
"KERNEL_DISPATCH","Agent 5",1,0,791505,3904,58,"fused_sigmoid_alpha_gate_f32",3904,73990518095158,73990518097158,0,0,16,0,128,256,1,1,256,1,1
"KERNEL_DISPATCH","Agent 5",1,0,791505,3909,62,"rotate_x_mq_awq",3909,73990518128998,73990518130838,0,0,80,0,128,32,1,1,768,1,1
"KERNEL_DISPATCH","Agent 5",1,0,791505,3914,63,"gemv_mq4g256v2_residual",3914,73990518353880,73990518434201,0,0,104,0,128,32,1,1,163840,1,1
"KERNEL_DISPATCH","Agent 5",1,0,791505,3919,32,"rmsnorm_f32",3919,73990518535962,73990518538282,0,0,16,0,128,256,1,1,1024,1,1
"KERNEL_DISPATCH","Agent 5",1,0,791505,3924,72,"attention_flash_q8_0_reduce",3924,73990518652763,73990518673283,512,0,24,0,128,256,1,1,6144,1,1
"KERNEL_DISPATCH","Agent 5",1,0,791505,3929,64,"fused_gate_up_mq4g256v2",3929,73990518731564,73990518892765,0,0,80,0,128,32,1,1,1114112,1,1
"KERNEL_DISPATCH","Agent 5",1,0,791505,3939,62,"rotate_x_mq_awq",3939,73990519106607,73990519108447,0,0,80,0,128,32,1,1,768,1,1
"KERNEL_DISPATCH","Agent 5",1,0,791505,3944,63,"gemv_mq4g256v2_residual",3944,73990519323289,73990519403090,0,0,104,0,128,32,1,1,163840,1,1
"KERNEL_DISPATCH","Agent 5",1,0,791505,3949,60,"repeat_interleave_qk_f32",3949,73990519513251,73990519514971,0,0,8,0,128,256,1,1,6144,1,1
"KERNEL_DISPATCH","Agent 5",1,0,791505,3954,56,"fused_rmsnorm_mq_rotate_awq",3954,73990519578372,73990519585052,0,0,88,0,128,256,1,1,256,1,1
"KERNEL_DISPATCH","Agent 5",1,0,791505,3959,57,"fused_qkvza_mq4g256v2",3959,73990519854335,73990519938055,0,0,80,0,128,32,1,1,527360,1,1
"KERNEL_DISPATCH","Agent 5",1,0,791505,3964,61,"gated_norm_f32",3964,73990519969856,73990519972656,0,0,24,0,128,32,1,1,1536,1,1
"KERNEL_DISPATCH","Agent 5",1,0,791505,3969,65,"fused_silu_mul_mq_rotate_awq",3969,73990520186618,73990520189018,0,0,56,0,128,32,1,1,2176,1,1
"KERNEL_DISPATCH","Agent 5",1,0,791505,3974,32,"rmsnorm_f32",3974,73990520368620,73990520371100,0,0,16,0,128,256,1,1,6144,1,1
"KERNEL_DISPATCH","Agent 5",1,0,791505,3854,63,"gemv_mq4g256v2_residual",3854,73990516302020,73990516336340,0,0,104,0,128,32,1,1,163840,1,1
"KERNEL_DISPATCH","Agent 5",1,0,791505,3979,71,"attention_flash_q8_0_tile",3979,73990520400700,73990520489781,0,0,48,0,128,32,1,1,768,65,1
"KERNEL_DISPATCH","Agent 5",1,0,791505,3984,56,"fused_rmsnorm_mq_rotate_awq",3984,73990520561181,73990520568062,0,0,88,0,128,256,1,1,256,1,1
"KERNEL_DISPATCH","Agent 5",1,0,791505,3989,57,"fused_qkvza_mq4g256v2",3989,73990520834064,73990520915505,0,0,80,0,128,32,1,1,527360,1,1
"KERNEL_DISPATCH","Agent 5",1,0,791505,3994,61,"gated_norm_f32",3994,73990520951625,73990520954345,0,0,24,0,128,32,1,1,1536,1,1
"KERNEL_DISPATCH","Agent 5",1,0,791505,3999,65,"fused_silu_mul_mq_rotate_awq",3999,73990521168427,73990521170787,0,0,56,0,128,32,1,1,2176,1,1
"KERNEL_DISPATCH","Agent 5",1,0,791505,4004,59,"conv1d_silu_split_qknorm_b256",4004,73990521359109,73990521361589,1024,0,24,0,128,256,1,1,10240,1,1
"KERNEL_DISPATCH","Agent 5",1,0,791505,4009,63,"gemv_mq4g256v2_residual",4009,73990521392509,73990521426670,0,0,104,0,128,32,1,1,163840,1,1
"KERNEL_DISPATCH","Agent 5",1,0,791505,4014,56,"fused_rmsnorm_mq_rotate_awq",4014,73990521688272,73990521695072,0,0,88,0,128,256,1,1,256,1,1
"KERNEL_DISPATCH","Agent 5",1,0,791505,4019,27,"gated_delta_net_q8_fast",4019,73990521791233,73990521799513,2048,0,64,0,128,32,1,1,1536,32,1
"KERNEL_DISPATCH","Agent 5",1,0,791505,4024,64,"fused_gate_up_mq4g256v2",4024,73990521861954,73990522016676,0,0,80,0,128,32,1,1,1114112,1,1
"KERNEL_DISPATCH","Agent 5",1,0,791505,4029,67,"deinterleave_f32",4029,73990522197317,73990522199397,0,0,8,0,128,256,1,1,6144,1,1
"KERNEL_DISPATCH","Agent 5",1,0,791505,4034,70,"kv_cache_write_q8_0",4034,73990522229918,73990522231798,0,0,8,0,128,32,1,1,1024,1,1
"KERNEL_DISPATCH","Agent 5",1,0,791505,4039,63,"gemv_mq4g256v2_residual",4039,73990522359599,73990522391319,0,0,104,0,128,32,1,1,163840,1,1
"KERNEL_DISPATCH","Agent 5",1,0,791505,4044,56,"fused_rmsnorm_mq_rotate_awq",4044,73990522648602,73990522655242,0,0,88,0,128,256,1,1,256,1,1
"KERNEL_DISPATCH","Agent 5",1,0,791505,4049,27,"gated_delta_net_q8_fast",4049,73990522751043,73990522759283,2048,0,64,0,128,32,1,1,1536,32,1
"KERNEL_DISPATCH","Agent 5",1,0,791505,4054,64,"fused_gate_up_mq4g256v2",4054,73990522821283,73990522983605,0,0,80,0,128,32,1,1,1114112,1,1
"KERNEL_DISPATCH","Agent 5",1,0,791505,4059,58,"fused_sigmoid_alpha_gate_f32",4059,73990523172167,73990523174527,0,0,16,0,128,256,1,1,256,1,1
"KERNEL_DISPATCH","Agent 5",1,0,791505,4064,62,"rotate_x_mq_awq",4064,73990523206887,73990523208647,0,0,80,0,128,32,1,1,768,1,1
"KERNEL_DISPATCH","Agent 5",1,0,791505,4069,63,"gemv_mq4g256v2_residual",4069,73990523424369,73990523504730,0,0,104,0,128,32,1,1,163840,1,1
"KERNEL_DISPATCH","Agent 5",1,0,791505,4074,60,"repeat_interleave_qk_f32",4074,73990523605611,73990523607411,0,0,8,0,128,256,1,1,6144,1,1
"KERNEL_DISPATCH","Agent 5",1,0,791505,4079,56,"fused_rmsnorm_mq_rotate_awq",4079,73990523671372,73990523678092,0,0,88,0,128,256,1,1,256,1,1
"KERNEL_DISPATCH","Agent 5",1,0,791505,4084,66,"fused_qkv_mq4g256v2",4084,73990523947054,73990524020495,0,0,80,0,128,32,1,1,458752,1,1
"KERNEL_DISPATCH","Agent 5",1,0,791505,4089,70,"kv_cache_write_q8_0",4089,73990524051535,73990524053375,0,0,8,0,128,32,1,1,1024,1,1
"KERNEL_DISPATCH","Agent 5",1,0,791505,4094,62,"rotate_x_mq_awq",4094,73990524181097,73990524182857,0,0,80,0,128,32,1,1,768,1,1
"KERNEL_DISPATCH","Agent 5",1,0,791505,4099,63,"gemv_mq4g256v2_residual",4099,73990524392499,73990524471699,0,0,104,0,128,32,1,1,163840,1,1
"KERNEL_DISPATCH","Agent 5",1,0,791505,3971,56,"fused_rmsnorm_mq_rotate_awq",3971,73990520276019,73990520282739,0,0,88,0,128,256,1,1,256,1,1
"KERNEL_DISPATCH","Agent 5",1,0,791505,4104,60,"repeat_interleave_qk_f32",4104,73990524572460,73990524574260,0,0,8,0,128,256,1,1,6144,1,1
"KERNEL_DISPATCH","Agent 5",1,0,791505,4109,56,"fused_rmsnorm_mq_rotate_awq",4109,73990524638061,73990524644781,0,0,88,0,128,256,1,1,256,1,1
"KERNEL_DISPATCH","Agent 5",1,0,791505,4114,57,"fused_qkvza_mq4g256v2",4114,73990524906464,73990524988144,0,0,80,0,128,32,1,1,527360,1,1
"KERNEL_DISPATCH","Agent 5",1,0,791505,4119,61,"gated_norm_f32",4119,73990525020225,73990525022985,0,0,24,0,128,32,1,1,1536,1,1
"KERNEL_DISPATCH","Agent 5",1,0,791505,4124,65,"fused_silu_mul_mq_rotate_awq",4124,73990525236667,73990525239107,0,0,56,0,128,32,1,1,2176,1,1
"KERNEL_DISPATCH","Agent 5",1,0,791505,4129,59,"conv1d_silu_split_qknorm_b256",4129,73990525419029,73990525421349,1024,0,24,0,128,256,1,1,10240,1,1
"KERNEL_DISPATCH","Agent 5",1,0,791505,4134,63,"gemv_mq4g256v2_residual",4134,73990525452389,73990525486309,0,0,104,0,128,32,1,1,163840,1,1
"KERNEL_DISPATCH","Agent 5",1,0,791505,4139,56,"fused_rmsnorm_mq_rotate_awq",4139,73990525746432,73990525752912,0,0,88,0,128,256,1,1,256,1,1
"KERNEL_DISPATCH","Agent 5",1,0,791505,4144,68,"rope_partial_halfsplit_f32",4144,73990525849473,73990525856473,0,0,16,0,128,32,1,1,32,1,1
"KERNEL_DISPATCH","Agent 5",1,0,791505,4149,73,"sigmoid_mul_f32",4149,73990525985434,73990525986794,0,0,16,0,128,256,1,1,6144,1,1
"KERNEL_DISPATCH","Agent 5",1,0,791505,4154,65,"fused_silu_mul_mq_rotate_awq",4154,73990526195476,73990526197716,0,0,56,0,128,32,1,1,2176,1,1
"KERNEL_DISPATCH","Agent 5",1,0,791505,4159,59,"conv1d_silu_split_qknorm_b256",4159,73990526375798,73990526378118,1024,0,24,0,128,256,1,1,10240,1,1
"KERNEL_DISPATCH","Agent 5",1,0,791505,4164,63,"gemv_mq4g256v2_residual",4164,73990526409358,73990526443559,0,0,104,0,128,32,1,1,163840,1,1
"KERNEL_DISPATCH","Agent 5",1,0,791505,4169,56,"fused_rmsnorm_mq_rotate_awq",4169,73990526704881,73990526711601,0,0,88,0,128,256,1,1,256,1,1
"KERNEL_DISPATCH","Agent 5",1,0,791505,4174,27,"gated_delta_net_q8_fast",4174,73990526808042,73990526816282,2048,0,64,0,128,32,1,1,1536,32,1
"KERNEL_DISPATCH","Agent 5",1,0,791505,4179,64,"fused_gate_up_mq4g256v2",4179,73990526878443,73990527034044,0,0,80,0,128,32,1,1,1114112,1,1
"KERNEL_DISPATCH","Agent 5",1,0,791505,4184,58,"fused_sigmoid_alpha_gate_f32",4184,73990527224086,73990527226446,0,0,16,0,128,256,1,1,256,1,1
"KERNEL_DISPATCH","Agent 5",1,0,791505,4189,62,"rotate_x_mq_awq",4189,73990527258086,73990527259806,0,0,80,0,128,32,1,1,768,1,1
"KERNEL_DISPATCH","Agent 5",1,0,791505,4194,63,"gemv_mq4g256v2_residual",4194,73990527474649,73990527556369,0,0,104,0,128,32,1,1,163840,1,1
"KERNEL_DISPATCH","Agent 5",1,0,791505,4199,32,"rmsnorm_f32",4199,73990527657530,73990527659810,0,0,16,0,128,256,1,1,1024,1,1
"KERNEL_DISPATCH","Agent 5",1,0,791505,4204,72,"attention_flash_q8_0_reduce",4204,73990527773931,73990527794172,512,0,24,0,128,256,1,1,6144,1,1
"KERNEL_DISPATCH","Agent 5",1,0,791505,4209,64,"fused_gate_up_mq4g256v2",4209,73990527852652,73990528013054,0,0,80,0,128,32,1,1,1114112,1,1
"KERNEL_DISPATCH","Agent 5",1,0,791505,3375,59,"conv1d_silu_split_qknorm_b256",3375,73990500825910,73990500828310,1024,0,24,0,128,256,1,1,10240,1,1
"KERNEL_DISPATCH","Agent 5",1,0,791505,3380,63,"gemv_mq4g256v2_residual",3380,73990500859670,73990500893911,0,0,104,0,128,32,1,1,163840,1,1
"KERNEL_DISPATCH","Agent 5",1,0,791505,3385,56,"fused_rmsnorm_mq_rotate_awq",3385,73990501163833,73990501170713,0,0,88,0,128,256,1,1,256,1,1
"KERNEL_DISPATCH","Agent 5",1,0,791505,3390,27,"gated_delta_net_q8_fast",3390,73990501266954,73990501275074,2048,0,64,0,128,32,1,1,1536,32,1
"KERNEL_DISPATCH","Agent 5",1,0,791505,3395,64,"fused_gate_up_mq4g256v2",3395,73990501339155,73990501494316,0,0,80,0,128,32,1,1,1114112,1,1
"KERNEL_DISPATCH","Agent 5",1,0,791505,3400,58,"fused_sigmoid_alpha_gate_f32",3400,73990501673798,73990501675838,0,0,16,0,128,256,1,1,256,1,1
"KERNEL_DISPATCH","Agent 5",1,0,791505,3405,62,"rotate_x_mq_awq",3405,73990501708639,73990501710359,0,0,80,0,128,32,1,1,768,1,1
"KERNEL_DISPATCH","Agent 5",1,0,791505,3410,63,"gemv_mq4g256v2_residual",3410,73990501925481,73990502006761,0,0,104,0,128,32,1,1,163840,1,1
"KERNEL_DISPATCH","Agent 5",1,0,791505,3415,32,"rmsnorm_f32",3415,73990502108642,73990502110882,0,0,16,0,128,256,1,1,1024,1,1
"KERNEL_DISPATCH","Agent 5",1,0,791505,3420,72,"attention_flash_q8_0_reduce",3420,73990502226564,73990502247044,512,0,24,0,128,256,1,1,6144,1,1
"KERNEL_DISPATCH","Agent 5",1,0,791505,3425,64,"fused_gate_up_mq4g256v2",3425,73990502305124,73990502458006,0,0,80,0,128,32,1,1,1114112,1,1
"KERNEL_DISPATCH","Agent 5",1,0,791505,3430,58,"fused_sigmoid_alpha_gate_f32",3430,73990502637728,73990502639648,0,0,16,0,128,256,1,1,256,1,1
"KERNEL_DISPATCH","Agent 5",1,0,791505,3435,62,"rotate_x_mq_awq",3435,73990502671968,73990502673728,0,0,80,0,128,32,1,1,768,1,1
"KERNEL_DISPATCH","Agent 5",1,0,791505,3440,63,"gemv_mq4g256v2_residual",3440,73990502897250,73990502978771,0,0,104,0,128,32,1,1,163840,1,1
"KERNEL_DISPATCH","Agent 5",1,0,791505,3445,60,"repeat_interleave_qk_f32",3445,73990503089532,73990503091292,0,0,8,0,128,256,1,1,6144,1,1
"KERNEL_DISPATCH","Agent 5",1,0,791505,3450,56,"fused_rmsnorm_mq_rotate_awq",3450,73990503155573,73990503162253,0,0,88,0,128,256,1,1,256,1,1
"KERNEL_DISPATCH","Agent 5",1,0,791505,3455,57,"fused_qkvza_mq4g256v2",3455,73990503423775,73990503497376,0,0,80,0,128,32,1,1,527360,1,1
"KERNEL_DISPATCH","Agent 5",1,0,791505,3460,61,"gated_norm_f32",3460,73990503527776,73990503530536,0,0,24,0,128,32,1,1,1536,1,1
"KERNEL_DISPATCH","Agent 5",1,0,791505,3465,65,"fused_silu_mul_mq_rotate_awq",3465,73990503745058,73990503747458,0,0,56,0,128,32,1,1,2176,1,1
"KERNEL_DISPATCH","Agent 5",1,0,791505,3470,32,"rmsnorm_f32",3470,73990503926940,73990503929380,0,0,16,0,128,256,1,1,6144,1,1
"KERNEL_DISPATCH","Agent 5",1,0,791505,3475,71,"attention_flash_q8_0_tile",3475,73990503959020,73990504043141,0,0,48,0,128,32,1,1,768,65,1
"KERNEL_DISPATCH","Agent 5",1,0,791505,3480,56,"fused_rmsnorm_mq_rotate_awq",3480,73990504115062,73990504121742,0,0,88,0,128,256,1,1,256,1,1
"KERNEL_DISPATCH","Agent 5",1,0,791505,3485,57,"fused_qkvza_mq4g256v2",3485,73990504378744,73990504452625,0,0,80,0,128,32,1,1,527360,1,1
"KERNEL_DISPATCH","Agent 5",1,0,791505,3490,61,"gated_norm_f32",3490,73990504483305,73990504486105,0,0,24,0,128,32,1,1,1536,1,1
"KERNEL_DISPATCH","Agent 5",1,0,791505,3495,65,"fused_silu_mul_mq_rotate_awq",3495,73990504701028,73990504703468,0,0,56,0,128,32,1,1,2176,1,1
"KERNEL_DISPATCH","Agent 5",1,0,791505,3500,59,"conv1d_silu_split_qknorm_b256",3500,73990504885509,73990504887949,1024,0,24,0,128,256,1,1,10240,1,1
"KERNEL_DISPATCH","Agent 5",1,0,791505,3505,63,"gemv_mq4g256v2_residual",3505,73990504918990,73990504953110,0,0,104,0,128,32,1,1,163840,1,1
"KERNEL_DISPATCH","Agent 5",1,0,791505,3510,56,"fused_rmsnorm_mq_rotate_awq",3510,73990505222753,73990505229433,0,0,88,0,128,256,1,1,256,1,1
"KERNEL_DISPATCH","Agent 5",1,0,791505,3515,27,"gated_delta_net_q8_fast",3515,73990505335474,73990505343754,2048,0,64,0,128,32,1,1,1536,32,1
"KERNEL_DISPATCH","Agent 5",1,0,791505,3520,64,"fused_gate_up_mq4g256v2",3520,73990505405914,73990505560956,0,0,80,0,128,32,1,1,1114112,1,1
"KERNEL_DISPATCH","Agent 5",1,0,791505,3525,67,"deinterleave_f32",3525,73990505740478,73990505742518,0,0,8,0,128,256,1,1,6144,1,1
"KERNEL_DISPATCH","Agent 5",1,0,791505,3530,70,"kv_cache_write_q8_0",3530,73990505772918,73990505774638,0,0,8,0,128,32,1,1,1024,1,1
"KERNEL_DISPATCH","Agent 5",1,0,791505,3535,63,"gemv_mq4g256v2_residual",3535,73990505902599,73990505934080,0,0,104,0,128,32,1,1,163840,1,1
"KERNEL_DISPATCH","Agent 5",1,0,791505,3540,56,"fused_rmsnorm_mq_rotate_awq",3540,73990506190362,73990506197082,0,0,88,0,128,256,1,1,256,1,1
"KERNEL_DISPATCH","Agent 5",1,0,791505,3545,27,"gated_delta_net_q8_fast",3545,73990506303083,73990506311003,2048,0,64,0,128,32,1,1,1536,32,1
"KERNEL_DISPATCH","Agent 5",1,0,791505,3550,64,"fused_gate_up_mq4g256v2",3550,73990506373524,73990506535285,0,0,80,0,128,32,1,1,1114112,1,1
"KERNEL_DISPATCH","Agent 5",1,0,791505,3555,58,"fused_sigmoid_alpha_gate_f32",3555,73990506716447,73990506718407,0,0,16,0,128,256,1,1,256,1,1
"KERNEL_DISPATCH","Agent 5",1,0,791505,3560,62,"rotate_x_mq_awq",3560,73990506750207,73990506752007,0,0,80,0,128,32,1,1,768,1,1
"KERNEL_DISPATCH","Agent 5",1,0,791505,3565,63,"gemv_mq4g256v2_residual",3565,73990506975330,73990507056450,0,0,104,0,128,32,1,1,163840,1,1
"KERNEL_DISPATCH","Agent 5",1,0,791505,3570,60,"repeat_interleave_qk_f32",3570,73990507167491,73990507169252,0,0,8,0,128,256,1,1,6144,1,1
"KERNEL_DISPATCH","Agent 5",1,0,791505,3575,56,"fused_rmsnorm_mq_rotate_awq",3575,73990507233172,73990507239972,0,0,88,0,128,256,1,1,256,1,1
"KERNEL_DISPATCH","Agent 5",1,0,791505,3580,66,"fused_qkv_mq4g256v2",3580,73990507510055,73990507583336,0,0,80,0,128,32,1,1,458752,1,1
"KERNEL_DISPATCH","Agent 5",1,0,791505,3585,70,"kv_cache_write_q8_0",3585,73990507614376,73990507616456,0,0,8,0,128,32,1,1,1024,1,1
"KERNEL_DISPATCH","Agent 5",1,0,791505,3590,62,"rotate_x_mq_awq",3590,73990507745577,73990507747297,0,0,80,0,128,32,1,1,768,1,1
"KERNEL_DISPATCH","Agent 5",1,0,791505,3595,63,"gemv_mq4g256v2_residual",3595,73990507965659,73990508045220,0,0,104,0,128,32,1,1,163840,1,1
"KERNEL_DISPATCH","Agent 5",1,0,791505,3600,60,"repeat_interleave_qk_f32",3600,73990508146141,73990508147901,0,0,8,0,128,256,1,1,6144,1,1
"KERNEL_DISPATCH","Agent 5",1,0,791505,3605,56,"fused_rmsnorm_mq_rotate_awq",3605,73990508211622,73990508218302,0,0,88,0,128,256,1,1,256,1,1
"KERNEL_DISPATCH","Agent 5",1,0,791505,3610,57,"fused_qkvza_mq4g256v2",3610,73990508479344,73990508560905,0,0,80,0,128,32,1,1,527360,1,1
"KERNEL_DISPATCH","Agent 5",1,0,791505,3615,61,"gated_norm_f32",3615,73990508592985,73990508595785,0,0,24,0,128,32,1,1,1536,1,1
"KERNEL_DISPATCH","Agent 5",1,0,791505,3620,65,"fused_silu_mul_mq_rotate_awq",3620,73990508810747,73990508813187,0,0,56,0,128,32,1,1,2176,1,1
"KERNEL_DISPATCH","Agent 5",1,0,791505,3625,59,"conv1d_silu_split_qknorm_b256",3625,73990509001989,73990509004469,1024,0,24,0,128,256,1,1,10240,1,1
"KERNEL_DISPATCH","Agent 5",1,0,791505,3630,63,"gemv_mq4g256v2_residual",3630,73990509036070,73990509070550,0,0,104,0,128,32,1,1,163840,1,1
"KERNEL_DISPATCH","Agent 5",1,0,791505,3635,56,"fused_rmsnorm_mq_rotate_awq",3635,73990509340153,73990509347113,0,0,88,0,128,256,1,1,256,1,1
"KERNEL_DISPATCH","Agent 5",1,0,791505,3640,68,"rope_partial_halfsplit_f32",3640,73990509443674,73990509450674,0,0,16,0,128,32,1,1,32,1,1
"KERNEL_DISPATCH","Agent 5",1,0,791505,3645,73,"sigmoid_mul_f32",3645,73990509579915,73990509581475,0,0,16,0,128,256,1,1,6144,1,1
"KERNEL_DISPATCH","Agent 5",1,0,791505,3650,65,"fused_silu_mul_mq_rotate_awq",3650,73990509790677,73990509792837,0,0,56,0,128,32,1,1,2176,1,1
"KERNEL_DISPATCH","Agent 5",1,0,791505,3655,59,"conv1d_silu_split_qknorm_b256",3655,73990509970399,73990509972879,1024,0,24,0,128,256,1,1,10240,1,1
"KERNEL_DISPATCH","Agent 5",1,0,791505,3660,63,"gemv_mq4g256v2_residual",3660,73990510004079,73990510038559,0,0,104,0,128,32,1,1,163840,1,1
"KERNEL_DISPATCH","Agent 5",1,0,791505,3665,56,"fused_rmsnorm_mq_rotate_awq",3665,73990510298842,73990510305522,0,0,88,0,128,256,1,1,256,1,1
"KERNEL_DISPATCH","Agent 5",1,0,791505,3670,27,"gated_delta_net_q8_fast",3670,73990510401363,73990510409443,2048,0,64,0,128,32,1,1,1536,32,1
"KERNEL_DISPATCH","Agent 5",1,0,791505,3675,64,"fused_gate_up_mq4g256v2",3675,73990510471244,73990510633125,0,0,80,0,128,32,1,1,1114112,1,1
"KERNEL_DISPATCH","Agent 5",1,0,791505,3680,58,"fused_sigmoid_alpha_gate_f32",3680,73990510812847,73990510814887,0,0,16,0,128,256,1,1,256,1,1
"KERNEL_DISPATCH","Agent 5",1,0,791505,3685,62,"rotate_x_mq_awq",3685,73990510846367,73990510848087,0,0,80,0,128,32,1,1,768,1,1
"KERNEL_DISPATCH","Agent 5",1,0,791505,3695,32,"rmsnorm_f32",3695,73990511243011,73990511245291,0,0,16,0,128,256,1,1,1024,1,1
"KERNEL_DISPATCH","Agent 5",1,0,791505,3690,63,"gemv_mq4g256v2_residual",3690,73990511062449,73990511142210,0,0,104,0,128,32,1,1,163840,1,1
"KERNEL_DISPATCH","Agent 5",1,0,791505,3700,72,"attention_flash_q8_0_reduce",3700,73990511360652,73990511380772,512,0,24,0,128,256,1,1,6144,1,1
"KERNEL_DISPATCH","Agent 5",1,0,791505,3705,64,"fused_gate_up_mq4g256v2",3705,73990511438933,73990511591294,0,0,80,0,128,32,1,1,1114112,1,1
"KERNEL_DISPATCH","Agent 5",1,0,791505,3710,58,"fused_sigmoid_alpha_gate_f32",3710,73990511769816,73990511772176,0,0,16,0,128,256,1,1,256,1,1
"KERNEL_DISPATCH","Agent 5",1,0,791505,3715,62,"rotate_x_mq_awq",3715,73990511804016,73990511805776,0,0,80,0,128,32,1,1,768,1,1
"KERNEL_DISPATCH","Agent 5",1,0,791505,3720,63,"gemv_mq4g256v2_residual",3720,73990512028939,73990512110139,0,0,104,0,128,32,1,1,163840,1,1
"KERNEL_DISPATCH","Agent 5",1,0,791505,3725,60,"repeat_interleave_qk_f32",3725,73990512220661,73990512222581,0,0,8,0,128,256,1,1,6144,1,1
"KERNEL_DISPATCH","Agent 5",1,0,791505,3730,56,"fused_rmsnorm_mq_rotate_awq",3730,73990512286261,73990512292741,0,0,88,0,128,256,1,1,256,1,1
"KERNEL_DISPATCH","Agent 5",1,0,791505,3735,57,"fused_qkvza_mq4g256v2",3735,73990512561944,73990512635345,0,0,80,0,128,32,1,1,527360,1,1
"KERNEL_DISPATCH","Agent 5",1,0,791505,3740,61,"gated_norm_f32",3740,73990512666265,73990512669065,0,0,24,0,128,32,1,1,1536,1,1
"KERNEL_DISPATCH","Agent 5",1,0,791505,3745,65,"fused_silu_mul_mq_rotate_awq",3745,73990512883787,73990512886187,0,0,56,0,128,32,1,1,2176,1,1
"KERNEL_DISPATCH","Agent 5",1,0,791505,3750,32,"rmsnorm_f32",3750,73990513065429,73990513067829,0,0,16,0,128,256,1,1,6144,1,1
"KERNEL_DISPATCH","Agent 5",1,0,791505,3755,71,"attention_flash_q8_0_tile",3755,73990513097389,73990513184270,0,0,48,0,128,32,1,1,768,65,1
"KERNEL_DISPATCH","Agent 5",1,0,791505,3760,56,"fused_rmsnorm_mq_rotate_awq",3760,73990513255751,73990513262391,0,0,88,0,128,256,1,1,256,1,1
"KERNEL_DISPATCH","Agent 5",1,0,791505,3765,57,"fused_qkvza_mq4g256v2",3765,73990513528473,73990513601634,0,0,80,0,128,32,1,1,527360,1,1
"KERNEL_DISPATCH","Agent 5",1,0,791505,3770,61,"gated_norm_f32",3770,73990513632554,73990513635314,0,0,24,0,128,32,1,1,1536,1,1
"KERNEL_DISPATCH","Agent 5",1,0,791505,3775,65,"fused_silu_mul_mq_rotate_awq",3775,73990513850036,73990513852436,0,0,56,0,128,32,1,1,2176,1,1
"KERNEL_DISPATCH","Agent 5",1,0,791505,3780,59,"conv1d_silu_split_qknorm_b256",3780,73990514030358,73990514032878,1024,0,24,0,128,256,1,1,10240,1,1
"KERNEL_DISPATCH","Agent 5",1,0,791505,3785,63,"gemv_mq4g256v2_residual",3785,73990514064158,73990514098679,0,0,104,0,128,32,1,1,163840,1,1
"KERNEL_DISPATCH","Agent 5",1,0,791505,3790,56,"fused_rmsnorm_mq_rotate_awq",3790,73990514359041,73990514365721,0,0,88,0,128,256,1,1,256,1,1
"KERNEL_DISPATCH","Agent 5",1,0,791505,3795,27,"gated_delta_net_q8_fast",3795,73990514461922,73990514469962,2048,0,64,0,128,32,1,1,1536,32,1
"KERNEL_DISPATCH","Agent 5",1,0,791505,3800,64,"fused_gate_up_mq4g256v2",3800,73990514532163,73990514693965,0,0,80,0,128,32,1,1,1114112,1,1
"KERNEL_DISPATCH","Agent 5",1,0,791505,3805,67,"deinterleave_f32",3805,73990514873686,73990514875686,0,0,8,0,128,256,1,1,6144,1,1
"KERNEL_DISPATCH","Agent 5",1,0,791505,3810,70,"kv_cache_write_q8_0",3810,73990514906287,73990514908167,0,0,8,0,128,32,1,1,1024,1,1
"KERNEL_DISPATCH","Agent 5",1,0,791505,3815,63,"gemv_mq4g256v2_residual",3815,73990515036568,73990515068088,0,0,104,0,128,32,1,1,163840,1,1
"KERNEL_DISPATCH","Agent 5",1,0,791505,3820,56,"fused_rmsnorm_mq_rotate_awq",3820,73990515325491,73990515332051,0,0,88,0,128,256,1,1,256,1,1
"KERNEL_DISPATCH","Agent 5",1,0,791505,3825,27,"gated_delta_net_q8_fast",3825,73990515428372,73990515436332,2048,0,64,0,128,32,1,1,1536,32,1
"KERNEL_DISPATCH","Agent 5",1,0,791505,3830,64,"fused_gate_up_mq4g256v2",3830,73990515498212,73990515653174,0,0,80,0,128,32,1,1,1114112,1,1
"KERNEL_DISPATCH","Agent 5",1,0,791505,3835,58,"fused_sigmoid_alpha_gate_f32",3835,73990515832776,73990515834816,0,0,16,0,128,256,1,1,256,1,1
"KERNEL_DISPATCH","Agent 5",1,0,791505,3840,62,"rotate_x_mq_awq",3840,73990515866576,73990515868336,0,0,80,0,128,32,1,1,768,1,1
"KERNEL_DISPATCH","Agent 5",1,0,791505,3845,63,"gemv_mq4g256v2_residual",3845,73990516084658,73990516164379,0,0,104,0,128,32,1,1,163840,1,1
"KERNEL_DISPATCH","Agent 5",1,0,791505,3850,60,"repeat_interleave_qk_f32",3850,73990516274260,73990516276060,0,0,8,0,128,256,1,1,6144,1,1
"KERNEL_DISPATCH","Agent 5",1,0,791505,3855,56,"fused_rmsnorm_mq_rotate_awq",3855,73990516339500,73990516346261,0,0,88,0,128,256,1,1,256,1,1
"KERNEL_DISPATCH","Agent 5",1,0,791505,3860,66,"fused_qkv_mq4g256v2",3860,73990516609383,73990516682464,0,0,80,0,128,32,1,1,458752,1,1
"KERNEL_DISPATCH","Agent 5",1,0,791505,3865,70,"kv_cache_write_q8_0",3865,73990516713384,73990516715544,0,0,8,0,128,32,1,1,1024,1,1
"KERNEL_DISPATCH","Agent 5",1,0,791505,3426,65,"fused_silu_mul_mq_rotate_awq",3426,73990502461646,73990502463926,0,0,56,0,128,32,1,1,2176,1,1
"KERNEL_DISPATCH","Agent 5",1,0,791505,3870,62,"rotate_x_mq_awq",3870,73990516844585,73990516846345,0,0,80,0,128,32,1,1,768,1,1
"KERNEL_DISPATCH","Agent 5",1,0,791505,3875,63,"gemv_mq4g256v2_residual",3875,73990517055787,73990517135108,0,0,104,0,128,32,1,1,163840,1,1
"KERNEL_DISPATCH","Agent 5",1,0,791505,3421,73,"sigmoid_mul_f32",3421,73990502250404,73990502251764,0,0,16,0,128,256,1,1,6144,1,1
"KERNEL_DISPATCH","Agent 5",1,0,791505,3880,60,"repeat_interleave_qk_f32",3880,73990517245749,73990517247549,0,0,8,0,128,256,1,1,6144,1,1
"KERNEL_DISPATCH","Agent 5",1,0,791505,3885,56,"fused_rmsnorm_mq_rotate_awq",3885,73990517310990,73990517317710,0,0,88,0,128,256,1,1,256,1,1
"KERNEL_DISPATCH","Agent 5",1,0,791505,3890,57,"fused_qkvza_mq4g256v2",3890,73990517579113,73990517660593,0,0,80,0,128,32,1,1,527360,1,1
"KERNEL_DISPATCH","Agent 5",1,0,791505,3895,61,"gated_norm_f32",3895,73990517693034,73990517695794,0,0,24,0,128,32,1,1,1536,1,1
"KERNEL_DISPATCH","Agent 5",1,0,791505,3900,65,"fused_silu_mul_mq_rotate_awq",3900,73990517918476,73990517921276,0,0,56,0,128,32,1,1,2176,1,1
"KERNEL_DISPATCH","Agent 5",1,0,791505,3905,59,"conv1d_silu_split_qknorm_b256",3905,73990518100398,73990518102998,1024,0,24,0,128,256,1,1,10240,1,1
"KERNEL_DISPATCH","Agent 5",1,0,791505,3910,63,"gemv_mq4g256v2_residual",3910,73990518134038,73990518168438,0,0,104,0,128,32,1,1,163840,1,1
"KERNEL_DISPATCH","Agent 5",1,0,791505,3915,56,"fused_rmsnorm_mq_rotate_awq",3915,73990518437601,73990518444241,0,0,88,0,128,256,1,1,256,1,1
"KERNEL_DISPATCH","Agent 5",1,0,791505,3920,68,"rope_partial_halfsplit_f32",3920,73990518541562,73990518548602,0,0,16,0,128,32,1,1,32,1,1
"KERNEL_DISPATCH","Agent 5",1,0,791505,3925,73,"sigmoid_mul_f32",3925,73990518676723,73990518678083,0,0,16,0,128,256,1,1,6144,1,1
"KERNEL_DISPATCH","Agent 5",1,0,791505,3930,65,"fused_silu_mul_mq_rotate_awq",3930,73990518896445,73990518898925,0,0,56,0,128,32,1,1,2176,1,1
"KERNEL_DISPATCH","Agent 5",1,0,791505,3935,59,"conv1d_silu_split_qknorm_b256",3935,73990519078207,73990519080607,1024,0,24,0,128,256,1,1,10240,1,1
"KERNEL_DISPATCH","Agent 5",1,0,791505,3940,63,"gemv_mq4g256v2_residual",3940,73990519111727,73990519146088,0,0,104,0,128,32,1,1,163840,1,1
"KERNEL_DISPATCH","Agent 5",1,0,791505,3945,56,"fused_rmsnorm_mq_rotate_awq",3945,73990519406410,73990519413010,0,0,88,0,128,256,1,1,256,1,1
"KERNEL_DISPATCH","Agent 5",1,0,791505,3950,27,"gated_delta_net_q8_fast",3950,73990519518291,73990519526171,2048,0,64,0,128,32,1,1,1536,32,1
"KERNEL_DISPATCH","Agent 5",1,0,791505,3955,64,"fused_gate_up_mq4g256v2",3955,73990519588372,73990519750654,0,0,80,0,128,32,1,1,1114112,1,1
"KERNEL_DISPATCH","Agent 5",1,0,791505,3960,58,"fused_sigmoid_alpha_gate_f32",3960,73990519941695,73990519943975,0,0,16,0,128,256,1,1,256,1,1
"KERNEL_DISPATCH","Agent 5",1,0,791505,3965,62,"rotate_x_mq_awq",3965,73990519976056,73990519977936,0,0,80,0,128,32,1,1,768,1,1
"KERNEL_DISPATCH","Agent 5",1,0,791505,3970,63,"gemv_mq4g256v2_residual",3970,73990520192218,73990520272659,0,0,104,0,128,32,1,1,163840,1,1
"KERNEL_DISPATCH","Agent 5",1,0,791505,3980,72,"attention_flash_q8_0_reduce",3980,73990520493221,73990520513621,512,0,24,0,128,256,1,1,6144,1,1
"KERNEL_DISPATCH","Agent 5",1,0,791505,3985,64,"fused_gate_up_mq4g256v2",3985,73990520571342,73990520731783,0,0,80,0,128,32,1,1,1114112,1,1
"KERNEL_DISPATCH","Agent 5",1,0,791505,3990,58,"fused_sigmoid_alpha_gate_f32",3990,73990520919225,73990520921545,0,0,16,0,128,256,1,1,256,1,1
"KERNEL_DISPATCH","Agent 5",1,0,791505,3995,62,"rotate_x_mq_awq",3995,73990520957705,73990520959425,0,0,80,0,128,32,1,1,768,1,1
"KERNEL_DISPATCH","Agent 5",1,0,791505,4000,63,"gemv_mq4g256v2_residual",4000,73990521174067,73990521254308,0,0,104,0,128,32,1,1,163840,1,1
"KERNEL_DISPATCH","Agent 5",1,0,791505,4005,60,"repeat_interleave_qk_f32",4005,73990521364869,73990521366669,0,0,8,0,128,256,1,1,6144,1,1
"KERNEL_DISPATCH","Agent 5",1,0,791505,4010,56,"fused_rmsnorm_mq_rotate_awq",4010,73990521429790,73990521436390,0,0,88,0,128,256,1,1,256,1,1
"KERNEL_DISPATCH","Agent 5",1,0,791505,4015,57,"fused_qkvza_mq4g256v2",4015,73990521698352,73990521771633,0,0,80,0,128,32,1,1,527360,1,1
"KERNEL_DISPATCH","Agent 5",1,0,791505,4020,61,"gated_norm_f32",4020,73990521802873,73990521805674,0,0,24,0,128,32,1,1,1536,1,1
"KERNEL_DISPATCH","Agent 5",1,0,791505,4025,65,"fused_silu_mul_mq_rotate_awq",4025,73990522019996,73990522022356,0,0,56,0,128,32,1,1,2176,1,1
"KERNEL_DISPATCH","Agent 5",1,0,791505,4030,32,"rmsnorm_f32",4030,73990522202957,73990522205437,0,0,16,0,128,256,1,1,6144,1,1
"KERNEL_DISPATCH","Agent 5",1,0,791505,4035,71,"attention_flash_q8_0_tile",4035,73990522235118,73990522322799,0,0,48,0,128,32,1,1,768,65,1
"KERNEL_DISPATCH","Agent 5",1,0,791505,4040,56,"fused_rmsnorm_mq_rotate_awq",4040,73990522394519,73990522401159,0,0,88,0,128,256,1,1,256,1,1
"KERNEL_DISPATCH","Agent 5",1,0,791505,4045,57,"fused_qkvza_mq4g256v2",4045,73990522658522,73990522731762,0,0,80,0,128,32,1,1,527360,1,1
"KERNEL_DISPATCH","Agent 5",1,0,791505,4050,61,"gated_norm_f32",4050,73990522762643,73990522765403,0,0,24,0,128,32,1,1,1536,1,1
"KERNEL_DISPATCH","Agent 5",1,0,791505,4055,65,"fused_silu_mul_mq_rotate_awq",4055,73990522987245,73990522990085,0,0,56,0,128,32,1,1,2176,1,1
"KERNEL_DISPATCH","Agent 5",1,0,791505,4060,59,"conv1d_silu_split_qknorm_b256",4060,73990523178007,73990523180567,1024,0,24,0,128,256,1,1,10240,1,1
"KERNEL_DISPATCH","Agent 5",1,0,791505,4065,63,"gemv_mq4g256v2_residual",4065,73990523211807,73990523246527,0,0,104,0,128,32,1,1,163840,1,1
"KERNEL_DISPATCH","Agent 5",1,0,791505,4070,56,"fused_rmsnorm_mq_rotate_awq",4070,73990523508050,73990523514850,0,0,88,0,128,256,1,1,256,1,1
"KERNEL_DISPATCH","Agent 5",1,0,791505,4075,27,"gated_delta_net_q8_fast",4075,73990523610811,73990523618811,2048,0,64,0,128,32,1,1,1536,32,1
"KERNEL_DISPATCH","Agent 5",1,0,791505,4080,64,"fused_gate_up_mq4g256v2",4080,73990523681372,73990523843813,0,0,80,0,128,32,1,1,1114112,1,1
"KERNEL_DISPATCH","Agent 5",1,0,791505,4085,67,"deinterleave_f32",4085,73990524024175,73990524026335,0,0,8,0,128,256,1,1,6144,1,1
"KERNEL_DISPATCH","Agent 5",1,0,791505,4090,70,"kv_cache_write_q8_0",4090,73990524056655,73990524058335,0,0,8,0,128,32,1,1,1024,1,1
"KERNEL_DISPATCH","Agent 5",1,0,791505,4095,63,"gemv_mq4g256v2_residual",4095,73990524186177,73990524218057,0,0,104,0,128,32,1,1,163840,1,1
"KERNEL_DISPATCH","Agent 5",1,0,791505,4100,56,"fused_rmsnorm_mq_rotate_awq",4100,73990524475139,73990524481859,0,0,88,0,128,256,1,1,256,1,1
"KERNEL_DISPATCH","Agent 5",1,0,791505,4105,27,"gated_delta_net_q8_fast",4105,73990524577540,73990524585580,2048,0,64,0,128,32,1,1,1536,32,1
"KERNEL_DISPATCH","Agent 5",1,0,791505,4110,64,"fused_gate_up_mq4g256v2",4110,73990524648101,73990524803983,0,0,80,0,128,32,1,1,1114112,1,1
"KERNEL_DISPATCH","Agent 5",1,0,791505,4115,58,"fused_sigmoid_alpha_gate_f32",4115,73990524991784,73990524994064,0,0,16,0,128,256,1,1,256,1,1
"KERNEL_DISPATCH","Agent 5",1,0,791505,4120,62,"rotate_x_mq_awq",4120,73990525026305,73990525028065,0,0,80,0,128,32,1,1,768,1,1
"KERNEL_DISPATCH","Agent 5",1,0,791505,4125,63,"gemv_mq4g256v2_residual",4125,73990525242467,73990525323588,0,0,104,0,128,32,1,1,163840,1,1
"KERNEL_DISPATCH","Agent 5",1,0,791505,4130,60,"repeat_interleave_qk_f32",4130,73990525424589,73990525426389,0,0,8,0,128,256,1,1,6144,1,1
"KERNEL_DISPATCH","Agent 5",1,0,791505,4135,56,"fused_rmsnorm_mq_rotate_awq",4135,73990525489549,73990525496229,0,0,88,0,128,256,1,1,256,1,1
"KERNEL_DISPATCH","Agent 5",1,0,791505,4140,66,"fused_qkv_mq4g256v2",4140,73990525756272,73990525828953,0,0,80,0,128,32,1,1,458752,1,1
"KERNEL_DISPATCH","Agent 5",1,0,791505,4145,70,"kv_cache_write_q8_0",4145,73990525859793,73990525861993,0,0,8,0,128,32,1,1,1024,1,1
"KERNEL_DISPATCH","Agent 5",1,0,791505,4150,62,"rotate_x_mq_awq",4150,73990525990194,73990525991994,0,0,80,0,128,32,1,1,768,1,1
"KERNEL_DISPATCH","Agent 5",1,0,791505,4155,63,"gemv_mq4g256v2_residual",4155,73990526201036,73990526280357,0,0,104,0,128,32,1,1,163840,1,1
"KERNEL_DISPATCH","Agent 5",1,0,791505,4160,60,"repeat_interleave_qk_f32",4160,73990526381438,73990526383158,0,0,8,0,128,256,1,1,6144,1,1
"KERNEL_DISPATCH","Agent 5",1,0,791505,4165,56,"fused_rmsnorm_mq_rotate_awq",4165,73990526446759,73990526453719,0,0,88,0,128,256,1,1,256,1,1
"KERNEL_DISPATCH","Agent 5",1,0,791505,4170,57,"fused_qkvza_mq4g256v2",4170,73990526714841,73990526788322,0,0,80,0,128,32,1,1,527360,1,1
"KERNEL_DISPATCH","Agent 5",1,0,791505,4175,61,"gated_norm_f32",4175,73990526819602,73990526822402,0,0,24,0,128,32,1,1,1536,1,1
"KERNEL_DISPATCH","Agent 5",1,0,791505,4180,65,"fused_silu_mul_mq_rotate_awq",4180,73990527037324,73990527039684,0,0,56,0,128,32,1,1,2176,1,1
"KERNEL_DISPATCH","Agent 5",1,0,791505,4185,59,"conv1d_silu_split_qknorm_b256",4185,73990527229966,73990527232406,1024,0,24,0,128,256,1,1,10240,1,1
"KERNEL_DISPATCH","Agent 5",1,0,791505,4190,63,"gemv_mq4g256v2_residual",4190,73990527263046,73990527297127,0,0,104,0,128,32,1,1,163840,1,1
"KERNEL_DISPATCH","Agent 5",1,0,791505,4195,56,"fused_rmsnorm_mq_rotate_awq",4195,73990527559689,73990527566409,0,0,88,0,128,256,1,1,256,1,1
"KERNEL_DISPATCH","Agent 5",1,0,791505,4200,68,"rope_partial_halfsplit_f32",4200,73990527663210,73990527670170,0,0,16,0,128,32,1,1,32,1,1
"KERNEL_DISPATCH","Agent 5",1,0,791505,4205,73,"sigmoid_mul_f32",4205,73990527797492,73990527799052,0,0,16,0,128,256,1,1,6144,1,1
"KERNEL_DISPATCH","Agent 5",1,0,791505,4210,65,"fused_silu_mul_mq_rotate_awq",4210,73990528016774,73990528019254,0,0,56,0,128,32,1,1,2176,1,1
"KERNEL_DISPATCH","Agent 5",1,0,791505,3416,68,"rope_partial_halfsplit_f32",3416,73990502114202,73990502121043,0,0,16,0,128,32,1,1,32,1,1
"KERNEL_DISPATCH","Agent 5",1,0,791505,3411,56,"fused_rmsnorm_mq_rotate_awq",3411,73990502010121,73990502016842,0,0,88,0,128,256,1,1,256,1,1
"KERNEL_DISPATCH","Agent 5",1,0,791505,3406,63,"gemv_mq4g256v2_residual",3406,73990501713559,73990501748079,0,0,104,0,128,32,1,1,163840,1,1
"KERNEL_DISPATCH","Agent 5",1,0,791505,3401,59,"conv1d_silu_split_qknorm_b256",3401,73990501679078,73990501681478,1024,0,24,0,128,256,1,1,10240,1,1
"KERNEL_DISPATCH","Agent 5",1,0,791505,3396,65,"fused_silu_mul_mq_rotate_awq",3396,73990501497716,73990501500157,0,0,56,0,128,32,1,1,2176,1,1
"KERNEL_DISPATCH","Agent 5",1,0,791505,3391,61,"gated_norm_f32",3391,73990501279034,73990501281834,0,0,24,0,128,32,1,1,1536,1,1
"KERNEL_DISPATCH","Agent 5",1,0,791505,3386,57,"fused_qkvza_mq4g256v2",3386,73990501173993,73990501247234,0,0,80,0,128,32,1,1,527360,1,1
"KERNEL_DISPATCH","Agent 5",1,0,791505,3381,56,"fused_rmsnorm_mq_rotate_awq",3381,73990500897191,73990500903831,0,0,88,0,128,256,1,1,256,1,1
"KERNEL_DISPATCH","Agent 5",1,0,791505,3371,63,"gemv_mq4g256v2_residual",3371,73990500651388,73990500730789,0,0,104,0,128,32,1,1,163840,1,1
"KERNEL_DISPATCH","Agent 5",1,0,791505,3975,32,"rmsnorm_f32",3975,73990520374340,73990520376620,0,0,16,0,128,256,1,1,1024,1,1
"KERNEL_DISPATCH","Agent 5",1,0,791505,4214,47,"gemv_mq4g256v2_multirow_r2",4214,73990528126295,73990529194185,0,0,96,0,128,32,1,1,3973120,1,1
"KERNEL_DISPATCH","Agent 5",1,0,791505,4215,12,"__amd_rocclr_copyBuffer",4215,73990529206185,73990529209505,0,0,16,0,128,512,1,1,512,1,1
"KERNEL_DISPATCH","Agent 5",1,0,791505,4216,52,"sample_topk_partial_fast21",4216,73990529235576,73990529258936,0,0,56,0,128,256,1,1,32768,1,1
"KERNEL_DISPATCH","Agent 5",1,0,791505,4217,51,"sample_topk_finalize_fast21",4217,73990529262856,73990529277976,0,0,80,0,128,128,1,1,128,1,1
"KERNEL_DISPATCH","Agent 5",1,0,791505,4218,12,"__amd_rocclr_copyBuffer",4218,73990529281576,73990529284336,0,0,16,0,128,512,1,1,512,1,1
"KERNEL_DISPATCH","Agent 5",1,0,791505,3431,59,"conv1d_silu_split_qknorm_b256",3431,73990502642928,73990502645248,1024,0,24,0,128,256,1,1,10240,1,1
