"Kind","Agent_Id","Queue_Id","Stream_Id","Thread_Id","Dispatch_Id","Kernel_Id","Kernel_Name","Correlation_Id","Start_Timestamp","End_Timestamp","LDS_Block_Size","Scratch_Size","VGPR_Count","Accum_VGPR_Count","SGPR_Count","Workgroup_Size_X","Workgroup_Size_Y","Workgroup_Size_Z","Grid_Size_X","Grid_Size_Y","Grid_Size_Z"
"KERNEL_DISPATCH","Agent 2",1,0,1069504,1,6,"__amd_rocclr_copyBuffer",1,1119335159160553,1119335159168729,0,0,16,0,128,512,1,1,512,1,1
"KERNEL_DISPATCH","Agent 2",1,0,1069504,2,6,"__amd_rocclr_copyBuffer",2,1119335487267128,1119335487275504,0,0,16,0,128,512,1,1,512,1,1
"KERNEL_DISPATCH","Agent 2",1,0,1069504,3,6,"__amd_rocclr_copyBuffer",3,1119335523577428,1119335523585763,0,0,16,0,128,512,1,1,512,1,1
"KERNEL_DISPATCH","Agent 2",1,0,1069504,4,6,"__amd_rocclr_copyBuffer",4,1119335523627271,1119335523632761,0,0,16,0,128,512,1,1,512,1,1
"KERNEL_DISPATCH","Agent 2",1,0,1069504,5,6,"__amd_rocclr_copyBuffer",5,1119335524110545,1119335524112428,0,0,16,0,128,512,1,1,512,1,1
"KERNEL_DISPATCH","Agent 2",1,0,1069504,6,6,"__amd_rocclr_copyBuffer",6,1119335532960394,1119335532968489,0,0,16,0,128,512,1,1,512,1,1
"KERNEL_DISPATCH","Agent 2",1,0,1069504,7,6,"__amd_rocclr_copyBuffer",7,1119335539705558,1119335539713092,0,0,16,0,128,512,1,1,512,1,1
"KERNEL_DISPATCH","Agent 2",1,0,1069504,8,6,"__amd_rocclr_copyBuffer",8,1119336425843092,1119336425845697,0,0,16,0,128,512,1,1,512,1,1
"KERNEL_DISPATCH","Agent 2",1,0,1069504,9,6,"__amd_rocclr_copyBuffer",9,1119336425879239,1119336425880922,0,0,16,0,128,512,1,1,512,1,1
"KERNEL_DISPATCH","Agent 2",1,0,1069504,10,6,"__amd_rocclr_copyBuffer",10,1119336426618441,1119336426620725,0,0,16,0,128,512,1,1,512,1,1
"KERNEL_DISPATCH","Agent 2",1,0,1069504,11,6,"__amd_rocclr_copyBuffer",11,1119336448704262,1119336448711796,0,0,16,0,128,512,1,1,512,1,1
"KERNEL_DISPATCH","Agent 2",1,0,1069504,12,6,"__amd_rocclr_copyBuffer",12,1119336448739448,1119336448744898,0,0,16,0,128,512,1,1,512,1,1
"KERNEL_DISPATCH","Agent 2",1,0,1069504,13,6,"__amd_rocclr_copyBuffer",13,1119336448995386,1119336449000756,0,0,16,0,128,512,1,1,512,1,1
"KERNEL_DISPATCH","Agent 2",1,0,1069504,14,6,"__amd_rocclr_copyBuffer",14,1119336457222661,1119336457230797,0,0,16,0,128,512,1,1,512,1,1
"KERNEL_DISPATCH","Agent 2",1,0,1069504,15,6,"__amd_rocclr_copyBuffer",15,1119336461404341,1119336461411394,0,0,16,0,128,512,1,1,512,1,1
"KERNEL_DISPATCH","Agent 2",1,0,1069504,16,6,"__amd_rocclr_copyBuffer",16,1119337682047984,1119337682050629,0,0,16,0,128,512,1,1,512,1,1
"KERNEL_DISPATCH","Agent 2",1,0,1069504,17,6,"__amd_rocclr_copyBuffer",17,1119337682061430,1119337682062912,0,0,16,0,128,512,1,1,512,1,1
"KERNEL_DISPATCH","Agent 2",1,0,1069504,18,6,"__amd_rocclr_copyBuffer",18,1119337683082047,1119337683084291,0,0,16,0,128,512,1,1,512,1,1
"KERNEL_DISPATCH","Agent 2",1,0,1069504,19,6,"__amd_rocclr_copyBuffer",19,1119337704938378,1119337704945151,0,0,16,0,128,512,1,1,512,1,1
"KERNEL_DISPATCH","Agent 2",1,0,1069504,20,6,"__amd_rocclr_copyBuffer",20,1119337704972081,1119337704976850,0,0,16,0,128,512,1,1,512,1,1
"KERNEL_DISPATCH","Agent 2",1,0,1069504,21,6,"__amd_rocclr_copyBuffer",21,1119337705362140,1119337705364224,0,0,16,0,128,512,1,1,512,1,1
"KERNEL_DISPATCH","Agent 2",1,0,1069504,22,6,"__amd_rocclr_copyBuffer",22,1119337713243178,1119337713251113,0,0,16,0,128,512,1,1,512,1,1
"KERNEL_DISPATCH","Agent 2",1,0,1069504,23,6,"__amd_rocclr_copyBuffer",23,1119337717055306,1119337717057430,0,0,16,0,128,512,1,1,512,1,1
"KERNEL_DISPATCH","Agent 2",1,0,1069504,24,6,"__amd_rocclr_copyBuffer",24,1119338207462100,1119338207464384,0,0,16,0,128,512,1,1,512,1,1
"KERNEL_DISPATCH","Agent 2",1,0,1069504,25,6,"__amd_rocclr_copyBuffer",25,1119338207474253,1119338207475776,0,0,16,0,128,512,1,1,512,1,1
"KERNEL_DISPATCH","Agent 2",1,0,1069504,26,6,"__amd_rocclr_copyBuffer",26,1119338208448263,1119338208450427,0,0,16,0,128,512,1,1,512,1,1
"KERNEL_DISPATCH","Agent 2",1,0,1069504,27,6,"__amd_rocclr_copyBuffer",27,1119338227457570,1119338227465585,0,0,16,0,128,512,1,1,512,1,1
"KERNEL_DISPATCH","Agent 2",1,0,1069504,28,6,"__amd_rocclr_copyBuffer",28,1119338227492074,1119338227497525,0,0,16,0,128,512,1,1,512,1,1
"KERNEL_DISPATCH","Agent 2",1,0,1069504,29,6,"__amd_rocclr_copyBuffer",29,1119338227692209,1119338227697939,0,0,16,0,128,512,1,1,512,1,1
"KERNEL_DISPATCH","Agent 2",1,0,1069504,30,6,"__amd_rocclr_copyBuffer",30,1119338231959458,1119338231961502,0,0,16,0,128,512,1,1,512,1,1
"KERNEL_DISPATCH","Agent 2",1,0,1069504,31,6,"__amd_rocclr_copyBuffer",31,1119338676834555,1119338676836879,0,0,16,0,128,512,1,1,512,1,1
"KERNEL_DISPATCH","Agent 2",1,0,1069504,32,6,"__amd_rocclr_copyBuffer",32,1119338676848661,1119338676850104,0,0,16,0,128,512,1,1,512,1,1
"KERNEL_DISPATCH","Agent 2",1,0,1069504,33,6,"__amd_rocclr_copyBuffer",33,1119338677902571,1119338677904935,0,0,16,0,128,512,1,1,512,1,1
"KERNEL_DISPATCH","Agent 2",1,0,1069504,34,6,"__amd_rocclr_copyBuffer",34,1119338705105548,1119338705113082,0,0,16,0,128,512,1,1,512,1,1
"KERNEL_DISPATCH","Agent 2",1,0,1069504,35,6,"__amd_rocclr_copyBuffer",35,1119338705140333,1119338705145943,0,0,16,0,128,512,1,1,512,1,1
"KERNEL_DISPATCH","Agent 2",1,0,1069504,36,6,"__amd_rocclr_copyBuffer",36,1119338705575958,1119338705582370,0,0,16,0,128,512,1,1,512,1,1
"KERNEL_DISPATCH","Agent 2",1,0,1069504,37,6,"__amd_rocclr_copyBuffer",37,1119338712240309,1119338712248565,0,0,16,0,128,512,1,1,512,1,1
"KERNEL_DISPATCH","Agent 2",1,0,1069504,38,6,"__amd_rocclr_copyBuffer",38,1119338716125614,1119338716127738,0,0,16,0,128,512,1,1,512,1,1
"KERNEL_DISPATCH","Agent 2",1,0,1069504,39,6,"__amd_rocclr_copyBuffer",39,1119339246608688,1119339246611053,0,0,16,0,128,512,1,1,512,1,1
"KERNEL_DISPATCH","Agent 2",1,0,1069504,40,6,"__amd_rocclr_copyBuffer",40,1119339246621242,1119339246622685,0,0,16,0,128,512,1,1,512,1,1
"KERNEL_DISPATCH","Agent 2",1,0,1069504,41,6,"__amd_rocclr_copyBuffer",41,1119339247360384,1119339247362628,0,0,16,0,128,512,1,1,512,1,1
"KERNEL_DISPATCH","Agent 2",1,0,1069504,42,6,"__amd_rocclr_copyBuffer",42,1119339265742827,1119339265750361,0,0,16,0,128,512,1,1,512,1,1
"KERNEL_DISPATCH","Agent 2",1,0,1069504,43,6,"__amd_rocclr_copyBuffer",43,1119339265778775,1119339265785026,0,0,16,0,128,512,1,1,512,1,1
"KERNEL_DISPATCH","Agent 2",1,0,1069504,44,6,"__amd_rocclr_copyBuffer",44,1119339266059950,1119339266065441,0,0,16,0,128,512,1,1,512,1,1
"KERNEL_DISPATCH","Agent 2",1,0,1069504,45,6,"__amd_rocclr_copyBuffer",45,1119339271325917,1119339271334173,0,0,16,0,128,512,1,1,512,1,1
"KERNEL_DISPATCH","Agent 2",1,0,1069504,46,6,"__amd_rocclr_copyBuffer",46,1119339275398433,1119339275405526,0,0,16,0,128,512,1,1,512,1,1
"KERNEL_DISPATCH","Agent 2",1,0,1069504,47,6,"__amd_rocclr_copyBuffer",47,1119339755024920,1119339755027284,0,0,16,0,128,512,1,1,512,1,1
"KERNEL_DISPATCH","Agent 2",1,0,1069504,48,6,"__amd_rocclr_copyBuffer",48,1119339755038145,1119339755039668,0,0,16,0,128,512,1,1,512,1,1
"KERNEL_DISPATCH","Agent 2",1,0,1069504,49,6,"__amd_rocclr_copyBuffer",49,1119339755778979,1119339755781384,0,0,16,0,128,512,1,1,512,1,1
"KERNEL_DISPATCH","Agent 2",1,0,1069504,50,6,"__amd_rocclr_copyBuffer",50,1119339770370044,1119339770376576,0,0,16,0,128,512,1,1,512,1,1
"KERNEL_DISPATCH","Agent 2",1,0,1069504,51,6,"__amd_rocclr_copyBuffer",51,1119339770402705,1119339770408195,0,0,16,0,128,512,1,1,512,1,1
"KERNEL_DISPATCH","Agent 2",1,0,1069504,52,6,"__amd_rocclr_copyBuffer",52,1119339770658934,1119339770663983,0,0,16,0,128,512,1,1,512,1,1
"KERNEL_DISPATCH","Agent 2",1,0,1069504,53,6,"__amd_rocclr_copyBuffer",53,1119339774583352,1119339774591528,0,0,16,0,128,512,1,1,512,1,1
"KERNEL_DISPATCH","Agent 2",1,0,1069504,54,6,"__amd_rocclr_copyBuffer",54,1119339782931814,1119339782934138,0,0,16,0,128,512,1,1,512,1,1
"KERNEL_DISPATCH","Agent 2",1,0,1069504,55,6,"__amd_rocclr_copyBuffer",55,1119340129723415,1119340129725699,0,0,16,0,128,512,1,1,512,1,1
"KERNEL_DISPATCH","Agent 2",1,0,1069504,56,6,"__amd_rocclr_copyBuffer",56,1119340129740527,1119340129742050,0,0,16,0,128,512,1,1,512,1,1
"KERNEL_DISPATCH","Agent 2",1,0,1069504,57,6,"__amd_rocclr_copyBuffer",57,1119340130446867,1119340130449111,0,0,16,0,128,512,1,1,512,1,1
"KERNEL_DISPATCH","Agent 2",1,0,1069504,58,6,"__amd_rocclr_copyBuffer",58,1119340132112041,1119340132114325,0,0,16,0,128,512,1,1,512,1,1
"KERNEL_DISPATCH","Agent 2",1,0,1069504,60,6,"__amd_rocclr_copyBuffer",60,1119340132149992,1119340132151595,0,0,16,0,128,512,1,1,512,1,1
"KERNEL_DISPATCH","Agent 2",1,0,1069504,59,6,"__amd_rocclr_copyBuffer",59,1119340132127840,1119340132129403,0,0,16,0,128,512,1,1,512,1,1
"KERNEL_DISPATCH","Agent 2",1,0,1069504,61,6,"__amd_rocclr_copyBuffer",61,1119340132373299,1119340132374982,0,0,16,0,128,512,1,1,512,1,1
"KERNEL_DISPATCH","Agent 2",1,0,1069504,62,6,"__amd_rocclr_copyBuffer",62,1119340332851303,1119340332853827,0,0,16,0,128,512,1,1,512,1,1
"KERNEL_DISPATCH","Agent 2",1,0,1069504,63,6,"__amd_rocclr_copyBuffer",63,1119340332863976,1119340332865459,0,0,16,0,128,512,1,1,512,1,1
"KERNEL_DISPATCH","Agent 2",1,0,1069504,64,6,"__amd_rocclr_copyBuffer",64,1119340333640158,1119340333642642,0,0,16,0,128,512,1,1,512,1,1
"KERNEL_DISPATCH","Agent 2",1,0,1069504,65,6,"__amd_rocclr_copyBuffer",65,1119340334895465,1119340334897829,0,0,16,0,128,512,1,1,512,1,1
"KERNEL_DISPATCH","Agent 2",1,0,1069504,66,6,"__amd_rocclr_copyBuffer",66,1119340334912487,1119340334913930,0,0,16,0,128,512,1,1,512,1,1
"KERNEL_DISPATCH","Agent 2",1,0,1069504,67,6,"__amd_rocclr_copyBuffer",67,1119340335067817,1119340335070102,0,0,16,0,128,512,1,1,512,1,1
"KERNEL_DISPATCH","Agent 2",1,0,1069504,68,6,"__amd_rocclr_copyBuffer",68,1119340335665786,1119340335668350,0,0,16,0,128,512,1,1,512,1,1
"KERNEL_DISPATCH","Agent 2",1,0,1069504,69,6,"__amd_rocclr_copyBuffer",69,1119340335909621,1119340335911385,0,0,16,0,128,512,1,1,512,1,1
"KERNEL_DISPATCH","Agent 2",1,0,1069504,70,6,"__amd_rocclr_copyBuffer",70,1119340380444395,1119340380446760,0,0,16,0,128,512,1,1,512,1,1
"KERNEL_DISPATCH","Agent 2",1,0,1069504,71,6,"__amd_rocclr_copyBuffer",71,1119340380458571,1119340380460054,0,0,16,0,128,512,1,1,512,1,1
"KERNEL_DISPATCH","Agent 2",1,0,1069504,72,6,"__amd_rocclr_copyBuffer",72,1119340381361289,1119340381363653,0,0,16,0,128,512,1,1,512,1,1
"KERNEL_DISPATCH","Agent 2",1,0,1069504,73,6,"__amd_rocclr_copyBuffer",73,1119340382577463,1119340382579747,0,0,16,0,128,512,1,1,512,1,1
"KERNEL_DISPATCH","Agent 2",1,0,1069504,74,6,"__amd_rocclr_copyBuffer",74,1119340382590688,1119340382592251,0,0,16,0,128,512,1,1,512,1,1
"KERNEL_DISPATCH","Agent 2",1,0,1069504,75,6,"__amd_rocclr_copyBuffer",75,1119340382757289,1119340382759133,0,0,16,0,128,512,1,1,512,1,1
"KERNEL_DISPATCH","Agent 2",1,0,1069504,76,6,"__amd_rocclr_copyBuffer",76,1119340383122252,1119340383124696,0,0,16,0,128,512,1,1,512,1,1
"KERNEL_DISPATCH","Agent 2",1,0,1069504,77,6,"__amd_rocclr_copyBuffer",77,1119340383345640,1119340383347283,0,0,16,0,128,512,1,1,512,1,1
"KERNEL_DISPATCH","Agent 2",1,0,1069504,78,6,"__amd_rocclr_copyBuffer",78,1119340428708765,1119340428711090,0,0,16,0,128,512,1,1,512,1,1
"KERNEL_DISPATCH","Agent 2",1,0,1069504,79,6,"__amd_rocclr_copyBuffer",79,1119340428721138,1119340428722661,0,0,16,0,128,512,1,1,512,1,1
"KERNEL_DISPATCH","Agent 2",1,0,1069504,80,6,"__amd_rocclr_copyBuffer",80,1119340429385921,1119340429388406,0,0,16,0,128,512,1,1,512,1,1
"KERNEL_DISPATCH","Agent 2",1,0,1069504,81,6,"__amd_rocclr_copyBuffer",81,1119340451402729,1119340451409542,0,0,16,0,128,512,1,1,512,1,1
"KERNEL_DISPATCH","Agent 2",1,0,1069504,82,6,"__amd_rocclr_copyBuffer",82,1119340451440961,1119340451446411,0,0,16,0,128,512,1,1,512,1,1
"KERNEL_DISPATCH","Agent 2",1,0,1069504,83,6,"__amd_rocclr_copyBuffer",83,1119340451696708,1119340451701918,0,0,16,0,128,512,1,1,512,1,1
"KERNEL_DISPATCH","Agent 2",1,0,1069504,84,6,"__amd_rocclr_copyBuffer",84,1119340458103488,1119340458111784,0,0,16,0,128,512,1,1,512,1,1
"KERNEL_DISPATCH","Agent 2",1,0,1069504,85,6,"__amd_rocclr_copyBuffer",85,1119340461067431,1119340461069795,0,0,16,0,128,512,1,1,512,1,1
"KERNEL_DISPATCH","Agent 2",1,0,1069504,86,6,"__amd_rocclr_copyBuffer",86,1119340907217773,1119340907220297,0,0,16,0,128,512,1,1,512,1,1
"KERNEL_DISPATCH","Agent 2",1,0,1069504,87,6,"__amd_rocclr_copyBuffer",87,1119340907230697,1119340907232220,0,0,16,0,128,512,1,1,512,1,1
"KERNEL_DISPATCH","Agent 2",1,0,1069504,88,6,"__amd_rocclr_copyBuffer",88,1119340907963075,1119340907965520,0,0,16,0,128,512,1,1,512,1,1
"KERNEL_DISPATCH","Agent 2",1,0,1069504,89,6,"__amd_rocclr_copyBuffer",89,1119340936142630,1119340936151085,0,0,16,0,128,512,1,1,512,1,1
"KERNEL_DISPATCH","Agent 2",1,0,1069504,90,6,"__amd_rocclr_copyBuffer",90,1119340936182464,1119340936187794,0,0,16,0,128,512,1,1,512,1,1
"KERNEL_DISPATCH","Agent 2",1,0,1069504,91,6,"__amd_rocclr_copyBuffer",91,1119340936382749,1119340936388760,0,0,16,0,128,512,1,1,512,1,1
"KERNEL_DISPATCH","Agent 2",1,0,1069504,92,6,"__amd_rocclr_copyBuffer",92,1119340940082657,1119340940084942,0,0,16,0,128,512,1,1,512,1,1
"KERNEL_DISPATCH","Agent 2",1,0,1069504,93,6,"__amd_rocclr_copyBuffer",93,1119341454642906,1119341454645471,0,0,16,0,128,512,1,1,512,1,1
"KERNEL_DISPATCH","Agent 2",1,0,1069504,94,6,"__amd_rocclr_copyBuffer",94,1119341454656672,1119341454658155,0,0,16,0,128,512,1,1,512,1,1
"KERNEL_DISPATCH","Agent 2",1,0,1069504,95,6,"__amd_rocclr_copyBuffer",95,1119341455406002,1119341455408407,0,0,16,0,128,512,1,1,512,1,1
"KERNEL_DISPATCH","Agent 2",1,0,1069504,96,6,"__amd_rocclr_copyBuffer",96,1119341512972829,1119341512980163,0,0,16,0,128,512,1,1,512,1,1
"KERNEL_DISPATCH","Agent 2",1,0,1069504,97,6,"__amd_rocclr_copyBuffer",97,1119341513007774,1119341513013906,0,0,16,0,128,512,1,1,512,1,1
"KERNEL_DISPATCH","Agent 2",1,0,1069504,98,6,"__amd_rocclr_copyBuffer",98,1119341513262651,1119341513268021,0,0,16,0,128,512,1,1,512,1,1
"KERNEL_DISPATCH","Agent 2",1,0,1069504,99,6,"__amd_rocclr_copyBuffer",99,1119341527209819,1119341527218515,0,0,16,0,128,512,1,1,512,1,1
"KERNEL_DISPATCH","Agent 2",1,0,1069504,100,6,"__amd_rocclr_copyBuffer",100,1119341538205830,1119341538213284,0,0,16,0,128,512,1,1,512,1,1
"KERNEL_DISPATCH","Agent 2",1,0,1069504,101,6,"__amd_rocclr_copyBuffer",101,1119342540383191,1119342540391366,0,0,16,0,128,512,1,1,512,1,1
"KERNEL_DISPATCH","Agent 2",1,0,1069504,102,6,"__amd_rocclr_copyBuffer",102,1119342540427363,1119342540433775,0,0,16,0,128,512,1,1,512,1,1
"KERNEL_DISPATCH","Agent 2",1,0,1069504,103,6,"__amd_rocclr_copyBuffer",103,1119342541488757,1119342541491482,0,0,16,0,128,512,1,1,512,1,1
"KERNEL_DISPATCH","Agent 2",1,0,1069504,104,6,"__amd_rocclr_copyBuffer",104,1119342562382968,1119342562390182,0,0,16,0,128,512,1,1,512,1,1
"KERNEL_DISPATCH","Agent 2",1,0,1069504,105,6,"__amd_rocclr_copyBuffer",105,1119342562415349,1119342562420919,0,0,16,0,128,512,1,1,512,1,1
"KERNEL_DISPATCH","Agent 2",1,0,1069504,106,6,"__amd_rocclr_copyBuffer",106,1119342562671237,1119342562676407,0,0,16,0,128,512,1,1,512,1,1
"KERNEL_DISPATCH","Agent 2",1,0,1069504,107,6,"__amd_rocclr_copyBuffer",107,1119342564999170,1119342565001735,0,0,16,0,128,512,1,1,512,1,1
"KERNEL_DISPATCH","Agent 2",1,0,1069504,108,6,"__amd_rocclr_copyBuffer",108,1119342568468748,1119342568471113,0,0,16,0,128,512,1,1,512,1,1
"KERNEL_DISPATCH","Agent 2",1,0,1069504,109,6,"__amd_rocclr_copyBuffer",109,1119343459103324,1119343459105889,0,0,16,0,128,512,1,1,512,1,1
"KERNEL_DISPATCH","Agent 2",1,0,1069504,110,6,"__amd_rocclr_copyBuffer",110,1119343459116729,1119343459118413,0,0,16,0,128,512,1,1,512,1,1
"KERNEL_DISPATCH","Agent 2",1,0,1069504,111,6,"__amd_rocclr_copyBuffer",111,1119343459828890,1119343459831295,0,0,16,0,128,512,1,1,512,1,1
"KERNEL_DISPATCH","Agent 2",1,0,1069504,112,6,"__amd_rocclr_copyBuffer",112,1119343484127256,1119343484134470,0,0,16,0,128,512,1,1,512,1,1
"KERNEL_DISPATCH","Agent 2",1,0,1069504,113,6,"__amd_rocclr_copyBuffer",113,1119343484160358,1119343484165969,0,0,16,0,128,512,1,1,512,1,1
"KERNEL_DISPATCH","Agent 2",1,0,1069504,114,6,"__amd_rocclr_copyBuffer",114,1119343484420174,1119343484425384,0,0,16,0,128,512,1,1,512,1,1
"KERNEL_DISPATCH","Agent 2",1,0,1069504,115,6,"__amd_rocclr_copyBuffer",115,1119343489563412,1119343489571867,0,0,16,0,128,512,1,1,512,1,1
"KERNEL_DISPATCH","Agent 2",1,0,1069504,116,6,"__amd_rocclr_copyBuffer",116,1119343496118750,1119343496121475,0,0,16,0,128,512,1,1,512,1,1
"KERNEL_DISPATCH","Agent 2",1,0,1069504,117,6,"__amd_rocclr_copyBuffer",117,1119345086524681,1119345086532296,0,0,16,0,128,512,1,1,512,1,1
"KERNEL_DISPATCH","Agent 2",1,0,1069504,118,6,"__amd_rocclr_copyBuffer",118,1119345086555579,1119345086561150,0,0,16,0,128,512,1,1,512,1,1
"KERNEL_DISPATCH","Agent 2",1,0,1069504,119,6,"__amd_rocclr_copyBuffer",119,1119345087307614,1119345087315870,0,0,16,0,128,512,1,1,512,1,1
"KERNEL_DISPATCH","Agent 2",1,0,1069504,120,6,"__amd_rocclr_copyBuffer",120,1119345106012852,1119345106021267,0,0,16,0,128,512,1,1,512,1,1
"KERNEL_DISPATCH","Agent 2",1,0,1069504,122,6,"__amd_rocclr_copyBuffer",122,1119345106247921,1119345106253652,0,0,16,0,128,512,1,1,512,1,1
"KERNEL_DISPATCH","Agent 2",1,0,1069504,121,6,"__amd_rocclr_copyBuffer",121,1119345106047196,1119345106053327,0,0,16,0,128,512,1,1,512,1,1
"KERNEL_DISPATCH","Agent 2",1,0,1069504,123,6,"__amd_rocclr_copyBuffer",123,1119345109431524,1119345109433849,0,0,16,0,128,512,1,1,512,1,1
"KERNEL_DISPATCH","Agent 2",1,0,1069504,124,6,"__amd_rocclr_copyBuffer",124,1119345752657896,1119345752660461,0,0,16,0,128,512,1,1,512,1,1
"KERNEL_DISPATCH","Agent 2",1,0,1069504,125,6,"__amd_rocclr_copyBuffer",125,1119345752670620,1119345752672223,0,0,16,0,128,512,1,1,512,1,1
"KERNEL_DISPATCH","Agent 2",1,0,1069504,126,6,"__amd_rocclr_copyBuffer",126,1119345753418127,1119345753420572,0,0,16,0,128,512,1,1,512,1,1
"KERNEL_DISPATCH","Agent 2",1,0,1069504,127,6,"__amd_rocclr_copyBuffer",127,1119345764204377,1119345764211710,0,0,16,0,128,512,1,1,512,1,1
"KERNEL_DISPATCH","Agent 2",1,0,1069504,128,6,"__amd_rocclr_copyBuffer",128,1119345764237559,1119345764243009,0,0,16,0,128,512,1,1,512,1,1
"KERNEL_DISPATCH","Agent 2",1,0,1069504,129,6,"__amd_rocclr_copyBuffer",129,1119345764494078,1119345764499969,0,0,16,0,128,512,1,1,512,1,1
"KERNEL_DISPATCH","Agent 2",1,0,1069504,130,6,"__amd_rocclr_copyBuffer",130,1119345766958967,1119345766961572,0,0,16,0,128,512,1,1,512,1,1
"KERNEL_DISPATCH","Agent 2",1,0,1069504,131,6,"__amd_rocclr_copyBuffer",131,1119345772326104,1119345772328829,0,0,16,0,128,512,1,1,512,1,1
"KERNEL_DISPATCH","Agent 2",1,0,1069504,132,6,"__amd_rocclr_copyBuffer",132,1119346192848734,1119346192851259,0,0,16,0,128,512,1,1,512,1,1
"KERNEL_DISPATCH","Agent 2",1,0,1069504,133,6,"__amd_rocclr_copyBuffer",133,1119346192861197,1119346192862640,0,0,16,0,128,512,1,1,512,1,1
"KERNEL_DISPATCH","Agent 2",1,0,1069504,134,6,"__amd_rocclr_copyBuffer",134,1119346193603534,1119346193605979,0,0,16,0,128,512,1,1,512,1,1
"KERNEL_DISPATCH","Agent 2",1,0,1069504,135,6,"__amd_rocclr_copyBuffer",135,1119346203349459,1119346203357193,0,0,16,0,128,512,1,1,512,1,1
"KERNEL_DISPATCH","Agent 2",1,0,1069504,136,6,"__amd_rocclr_copyBuffer",136,1119346203382721,1119346203388171,0,0,16,0,128,512,1,1,512,1,1
"KERNEL_DISPATCH","Agent 2",1,0,1069504,137,6,"__amd_rocclr_copyBuffer",137,1119346203636936,1119346203642266,0,0,16,0,128,512,1,1,512,1,1
"KERNEL_DISPATCH","Agent 2",1,0,1069504,138,6,"__amd_rocclr_copyBuffer",138,1119346206104681,1119346206107125,0,0,16,0,128,512,1,1,512,1,1
"KERNEL_DISPATCH","Agent 2",1,0,1069504,139,6,"__amd_rocclr_copyBuffer",139,1119346209323660,1119346209325984,0,0,16,0,128,512,1,1,512,1,1
"KERNEL_DISPATCH","Agent 2",1,0,1069504,140,6,"__amd_rocclr_copyBuffer",140,1119346588909985,1119346588912549,0,0,16,0,128,512,1,1,512,1,1
"KERNEL_DISPATCH","Agent 2",1,0,1069504,141,6,"__amd_rocclr_copyBuffer",141,1119346588922979,1119346588924502,0,0,16,0,128,512,1,1,512,1,1
"KERNEL_DISPATCH","Agent 2",1,0,1069504,142,6,"__amd_rocclr_copyBuffer",142,1119346589610303,1119346589612948,0,0,16,0,128,512,1,1,512,1,1
"KERNEL_DISPATCH","Agent 2",1,0,1069504,143,6,"__amd_rocclr_copyBuffer",143,1119346598295323,1119346598302497,0,0,16,0,128,512,1,1,512,1,1
"KERNEL_DISPATCH","Agent 2",1,0,1069504,145,6,"__amd_rocclr_copyBuffer",145,1119346598576730,1119346598581779,0,0,16,0,128,512,1,1,512,1,1
"KERNEL_DISPATCH","Agent 2",1,0,1069504,144,6,"__amd_rocclr_copyBuffer",144,1119346598327824,1119346598333274,0,0,16,0,128,512,1,1,512,1,1
"KERNEL_DISPATCH","Agent 2",1,0,1069504,146,6,"__amd_rocclr_copyBuffer",146,1119346600722071,1119346600724596,0,0,16,0,128,512,1,1,512,1,1
"KERNEL_DISPATCH","Agent 2",1,0,1069504,147,6,"__amd_rocclr_copyBuffer",147,1119346604606445,1119346604608769,0,0,16,0,128,512,1,1,512,1,1
"KERNEL_DISPATCH","Agent 2",1,0,1069504,148,6,"__amd_rocclr_copyBuffer",148,1119347023148653,1119347023151217,0,0,16,0,128,512,1,1,512,1,1
"KERNEL_DISPATCH","Agent 2",1,0,1069504,149,6,"__amd_rocclr_copyBuffer",149,1119347023162078,1119347023163681,0,0,16,0,128,512,1,1,512,1,1
"KERNEL_DISPATCH","Agent 2",1,0,1069504,150,6,"__amd_rocclr_copyBuffer",150,1119347023856566,1119347023858971,0,0,16,0,128,512,1,1,512,1,1
"KERNEL_DISPATCH","Agent 2",1,0,1069504,151,6,"__amd_rocclr_copyBuffer",151,1119347069922694,1119347069931311,0,0,16,0,128,512,1,1,512,1,1
"KERNEL_DISPATCH","Agent 2",1,0,1069504,152,6,"__amd_rocclr_copyBuffer",152,1119347069958962,1119347069964613,0,0,16,0,128,512,1,1,512,1,1
"KERNEL_DISPATCH","Agent 2",1,0,1069504,153,6,"__amd_rocclr_copyBuffer",153,1119347070159516,1119347070172701,0,0,16,0,128,512,1,1,512,1,1
"KERNEL_DISPATCH","Agent 2",1,0,1069504,154,6,"__amd_rocclr_copyBuffer",154,1119347074994527,1119347074997132,0,0,16,0,128,512,1,1,512,1,1
"KERNEL_DISPATCH","Agent 2",1,0,1069504,155,6,"__amd_rocclr_copyBuffer",155,1119347667896219,1119347667899144,0,0,16,0,128,512,1,1,512,1,1
"KERNEL_DISPATCH","Agent 2",1,0,1069504,156,6,"__amd_rocclr_copyBuffer",156,1119347667910035,1119347667911518,0,0,16,0,128,512,1,1,512,1,1
"KERNEL_DISPATCH","Agent 2",1,0,1069504,157,6,"__amd_rocclr_copyBuffer",157,1119347668640239,1119347668642644,0,0,16,0,128,512,1,1,512,1,1
"KERNEL_DISPATCH","Agent 2",1,0,1069504,158,6,"__amd_rocclr_copyBuffer",158,1119347678085852,1119347678088296,0,0,16,0,128,512,1,1,512,1,1
"KERNEL_DISPATCH","Agent 2",1,0,1069504,160,6,"__amd_rocclr_copyBuffer",160,1119347678414967,1119347678422061,0,0,16,0,128,512,1,1,512,1,1
"KERNEL_DISPATCH","Agent 2",1,0,1069504,159,6,"__amd_rocclr_copyBuffer",159,1119347678100609,1119347678102293,0,0,16,0,128,512,1,1,512,1,1
"KERNEL_DISPATCH","Agent 2",1,0,1069504,161,6,"__amd_rocclr_copyBuffer",161,1119347681146806,1119347681154941,0,0,16,0,128,512,1,1,512,1,1
"KERNEL_DISPATCH","Agent 2",1,0,1069504,162,6,"__amd_rocclr_copyBuffer",162,1119347684655086,1119347684657410,0,0,16,0,128,512,1,1,512,1,1
"KERNEL_DISPATCH","Agent 2",1,0,1069504,163,6,"__amd_rocclr_copyBuffer",163,1119348126243837,1119348126246522,0,0,16,0,128,512,1,1,512,1,1
"KERNEL_DISPATCH","Agent 2",1,0,1069504,164,6,"__amd_rocclr_copyBuffer",164,1119348126257513,1119348126259076,0,0,16,0,128,512,1,1,512,1,1
"KERNEL_DISPATCH","Agent 2",1,0,1069504,165,6,"__amd_rocclr_copyBuffer",165,1119348127016581,1119348127019026,0,0,16,0,128,512,1,1,512,1,1
"KERNEL_DISPATCH","Agent 2",1,0,1069504,166,6,"__amd_rocclr_copyBuffer",166,1119348136293548,1119348136300321,0,0,16,0,128,512,1,1,512,1,1
"KERNEL_DISPATCH","Agent 2",1,0,1069504,167,6,"__amd_rocclr_copyBuffer",167,1119348136326771,1119348136332381,0,0,16,0,128,512,1,1,512,1,1
"KERNEL_DISPATCH","Agent 2",1,0,1069504,168,6,"__amd_rocclr_copyBuffer",168,1119348136574704,1119348136579874,0,0,16,0,128,512,1,1,512,1,1
"KERNEL_DISPATCH","Agent 2",1,0,1069504,169,6,"__amd_rocclr_copyBuffer",169,1119348139140532,1119348139148587,0,0,16,0,128,512,1,1,512,1,1
"KERNEL_DISPATCH","Agent 2",1,0,1069504,170,6,"__amd_rocclr_copyBuffer",170,1119348145460570,1119348145467944,0,0,16,0,128,512,1,1,512,1,1
"KERNEL_DISPATCH","Agent 2",1,0,1069504,171,6,"__amd_rocclr_copyBuffer",171,1119348701635466,1119348701637951,0,0,16,0,128,512,1,1,512,1,1
"KERNEL_DISPATCH","Agent 2",1,0,1069504,172,6,"__amd_rocclr_copyBuffer",172,1119348701648951,1119348701650514,0,0,16,0,128,512,1,1,512,1,1
"KERNEL_DISPATCH","Agent 2",1,0,1069504,173,6,"__amd_rocclr_copyBuffer",173,1119348702383243,1119348702385608,0,0,16,0,128,512,1,1,512,1,1
"KERNEL_DISPATCH","Agent 2",1,0,1069504,174,6,"__amd_rocclr_copyBuffer",174,1119348724038397,1119348724046011,0,0,16,0,128,512,1,1,512,1,1
"KERNEL_DISPATCH","Agent 2",1,0,1069504,175,6,"__amd_rocclr_copyBuffer",175,1119348724072300,1119348724077670,0,0,16,0,128,512,1,1,512,1,1
"KERNEL_DISPATCH","Agent 2",1,0,1069504,176,6,"__amd_rocclr_copyBuffer",176,1119348724347445,1119348724352614,0,0,16,0,128,512,1,1,512,1,1
"KERNEL_DISPATCH","Agent 2",1,0,1069504,177,6,"__amd_rocclr_copyBuffer",177,1119348730749606,1119348730757942,0,0,16,0,128,512,1,1,512,1,1
"KERNEL_DISPATCH","Agent 2",1,0,1069504,178,6,"__amd_rocclr_copyBuffer",178,1119348736247336,1119348736250062,0,0,16,0,128,512,1,1,512,1,1
"KERNEL_DISPATCH","Agent 2",1,0,1069504,179,6,"__amd_rocclr_copyBuffer",179,1119349363427403,1119349363429928,0,0,16,0,128,512,1,1,512,1,1
"KERNEL_DISPATCH","Agent 2",1,0,1069504,180,6,"__amd_rocclr_copyBuffer",180,1119349363440537,1119349363441980,0,0,16,0,128,512,1,1,512,1,1
"KERNEL_DISPATCH","Agent 2",1,0,1069504,181,6,"__amd_rocclr_copyBuffer",181,1119349364163839,1119349364166243,0,0,16,0,128,512,1,1,512,1,1
"KERNEL_DISPATCH","Agent 2",1,0,1069504,182,6,"__amd_rocclr_copyBuffer",182,1119349398481981,1119349398490557,0,0,16,0,128,512,1,1,512,1,1
"KERNEL_DISPATCH","Agent 2",1,0,1069504,183,6,"__amd_rocclr_copyBuffer",183,1119349398522136,1119349398527586,0,0,16,0,128,512,1,1,512,1,1
"KERNEL_DISPATCH","Agent 2",1,0,1069504,184,6,"__amd_rocclr_copyBuffer",184,1119349398722170,1119349398728061,0,0,16,0,128,512,1,1,512,1,1
"KERNEL_DISPATCH","Agent 2",1,0,1069504,185,6,"__amd_rocclr_copyBuffer",185,1119349406075550,1119349406083325,0,0,16,0,128,512,1,1,512,1,1
"KERNEL_DISPATCH","Agent 2",1,0,1069504,186,6,"__amd_rocclr_copyBuffer",186,1119349989318800,1119349989321726,0,0,16,0,128,512,1,1,512,1,1
"KERNEL_DISPATCH","Agent 2",1,0,1069504,187,6,"__amd_rocclr_copyBuffer",187,1119349989332516,1119349989333959,0,0,16,0,128,512,1,1,512,1,1
"KERNEL_DISPATCH","Agent 2",1,0,1069504,188,6,"__amd_rocclr_copyBuffer",188,1119349990087577,1119349990090061,0,0,16,0,128,512,1,1,512,1,1
"KERNEL_DISPATCH","Agent 2",1,0,1069504,189,6,"__amd_rocclr_copyBuffer",189,1119350008428443,1119350008436338,0,0,16,0,128,512,1,1,512,1,1
"KERNEL_DISPATCH","Agent 2",1,0,1069504,190,6,"__amd_rocclr_copyBuffer",190,1119350008474820,1119350008480510,0,0,16,0,128,512,1,1,512,1,1
"KERNEL_DISPATCH","Agent 2",1,0,1069504,191,6,"__amd_rocclr_copyBuffer",191,1119350008862595,1119350008869287,0,0,16,0,128,512,1,1,512,1,1
"KERNEL_DISPATCH","Agent 2",1,0,1069504,192,6,"__amd_rocclr_copyBuffer",192,1119350012762477,1119350012771093,0,0,16,0,128,512,1,1,512,1,1
"KERNEL_DISPATCH","Agent 2",1,0,1069504,193,6,"__amd_rocclr_copyBuffer",193,1119350017375293,1119350017377738,0,0,16,0,128,512,1,1,512,1,1
"KERNEL_DISPATCH","Agent 2",1,0,1069504,194,6,"__amd_rocclr_copyBuffer",194,1119350633996316,1119350633998841,0,0,16,0,128,512,1,1,512,1,1
"KERNEL_DISPATCH","Agent 2",1,0,1069504,195,6,"__amd_rocclr_copyBuffer",195,1119350634013658,1119350634015181,0,0,16,0,128,512,1,1,512,1,1
"KERNEL_DISPATCH","Agent 2",1,0,1069504,196,6,"__amd_rocclr_copyBuffer",196,1119350634755585,1119350634757989,0,0,16,0,128,512,1,1,512,1,1
"KERNEL_DISPATCH","Agent 2",1,0,1069504,197,6,"__amd_rocclr_copyBuffer",197,1119350644833219,1119350644840713,0,0,16,0,128,512,1,1,512,1,1
"KERNEL_DISPATCH","Agent 2",1,0,1069504,198,6,"__amd_rocclr_copyBuffer",198,1119350644867163,1119350644872813,0,0,16,0,128,512,1,1,512,1,1
"KERNEL_DISPATCH","Agent 2",1,0,1069504,199,6,"__amd_rocclr_copyBuffer",199,1119350645124714,1119350645129924,0,0,16,0,128,512,1,1,512,1,1
"KERNEL_DISPATCH","Agent 2",1,0,1069504,200,6,"__amd_rocclr_copyBuffer",200,1119350648004479,1119350648012494,0,0,16,0,128,512,1,1,512,1,1
"KERNEL_DISPATCH","Agent 2",1,0,1069504,201,6,"__amd_rocclr_copyBuffer",201,1119350651408735,1119350651411099,0,0,16,0,128,512,1,1,512,1,1
"KERNEL_DISPATCH","Agent 2",1,0,1069504,202,6,"__amd_rocclr_copyBuffer",202,1119351113198520,1119351113205613,0,0,16,0,128,512,1,1,512,1,1
"KERNEL_DISPATCH","Agent 2",1,0,1069504,203,6,"__amd_rocclr_copyBuffer",203,1119351113216153,1119351113217716,0,0,16,0,128,512,1,1,512,1,1
"KERNEL_DISPATCH","Agent 2",1,0,1069504,204,6,"__amd_rocclr_copyBuffer",204,1119351113942671,1119351113945195,0,0,16,0,128,512,1,1,512,1,1
"KERNEL_DISPATCH","Agent 2",1,0,1069504,205,6,"__amd_rocclr_copyBuffer",205,1119351123896994,1119351123904368,0,0,16,0,128,512,1,1,512,1,1
"KERNEL_DISPATCH","Agent 2",1,0,1069504,206,6,"__amd_rocclr_copyBuffer",206,1119351123930136,1119351123935586,0,0,16,0,128,512,1,1,512,1,1
"KERNEL_DISPATCH","Agent 2",1,0,1069504,207,6,"__amd_rocclr_copyBuffer",207,1119351124187668,1119351124192878,0,0,16,0,128,512,1,1,512,1,1
"KERNEL_DISPATCH","Agent 2",1,0,1069504,208,6,"__amd_rocclr_copyBuffer",208,1119351126842262,1119351126850437,0,0,16,0,128,512,1,1,512,1,1
"KERNEL_DISPATCH","Agent 2",1,0,1069504,209,6,"__amd_rocclr_copyBuffer",209,1119351129987423,1119351129989747,0,0,16,0,128,512,1,1,512,1,1
"KERNEL_DISPATCH","Agent 2",1,0,1069504,210,6,"__amd_rocclr_copyBuffer",210,1119351717607989,1119351717610554,0,0,16,0,128,512,1,1,512,1,1
"KERNEL_DISPATCH","Agent 2",1,0,1069504,211,6,"__amd_rocclr_copyBuffer",211,1119351717620092,1119351717621535,0,0,16,0,128,512,1,1,512,1,1
"KERNEL_DISPATCH","Agent 2",1,0,1069504,212,6,"__amd_rocclr_copyBuffer",212,1119351718363381,1119351718365825,0,0,16,0,128,512,1,1,512,1,1
"KERNEL_DISPATCH","Agent 2",1,0,1069504,213,6,"__amd_rocclr_copyBuffer",213,1119351735327703,1119351735336399,0,0,16,0,128,512,1,1,512,1,1
"KERNEL_DISPATCH","Agent 2",1,0,1069504,214,6,"__amd_rocclr_copyBuffer",214,1119351735367978,1119351735373428,0,0,16,0,128,512,1,1,512,1,1
"KERNEL_DISPATCH","Agent 2",1,0,1069504,215,6,"__amd_rocclr_copyBuffer",215,1119351735568002,1119351735573733,0,0,16,0,128,512,1,1,512,1,1
"KERNEL_DISPATCH","Agent 2",1,0,1069504,216,6,"__amd_rocclr_copyBuffer",216,1119351739179265,1119351739181509,0,0,16,0,128,512,1,1,512,1,1
"KERNEL_DISPATCH","Agent 2",1,0,1069504,217,6,"__amd_rocclr_copyBuffer",217,1119352239145957,1119352239148522,0,0,16,0,128,512,1,1,512,1,1
"KERNEL_DISPATCH","Agent 2",1,0,1069504,218,6,"__amd_rocclr_copyBuffer",218,1119352239159162,1119352239160645,0,0,16,0,128,512,1,1,512,1,1
"KERNEL_DISPATCH","Agent 2",1,0,1069504,219,6,"__amd_rocclr_copyBuffer",219,1119352239892502,1119352239894987,0,0,16,0,128,512,1,1,512,1,1
"KERNEL_DISPATCH","Agent 2",1,0,1069504,220,6,"__amd_rocclr_copyBuffer",220,1119352250523972,1119352250530905,0,0,16,0,128,512,1,1,512,1,1
"KERNEL_DISPATCH","Agent 2",1,0,1069504,221,6,"__amd_rocclr_copyBuffer",221,1119352250556192,1119352250561803,0,0,16,0,128,512,1,1,512,1,1
"KERNEL_DISPATCH","Agent 2",1,0,1069504,222,6,"__amd_rocclr_copyBuffer",222,1119352250810738,1119352250815908,0,0,16,0,128,512,1,1,512,1,1
"KERNEL_DISPATCH","Agent 2",1,0,1069504,223,6,"__amd_rocclr_copyBuffer",223,1119352253738012,1119352253746067,0,0,16,0,128,512,1,1,512,1,1
"KERNEL_DISPATCH","Agent 2",1,0,1069504,224,6,"__amd_rocclr_copyBuffer",224,1119352260165932,1119352260168296,0,0,16,0,128,512,1,1,512,1,1
"KERNEL_DISPATCH","Agent 2",1,0,1069504,225,6,"__amd_rocclr_copyBuffer",225,1119354447170678,1119354447180857,0,0,16,0,128,512,1,1,512,1,1
"KERNEL_DISPATCH","Agent 2",1,0,1069504,226,6,"__amd_rocclr_copyBuffer",226,1119354447212436,1119354447218046,0,0,16,0,128,512,1,1,512,1,1
"KERNEL_DISPATCH","Agent 2",1,0,1069504,227,6,"__amd_rocclr_copyBuffer",227,1119354448342989,1119354448351525,0,0,16,0,128,512,1,1,512,1,1
"KERNEL_DISPATCH","Agent 2",1,0,1069504,228,6,"__amd_rocclr_copyBuffer",228,1119354563587584,1119354563594797,0,0,16,0,128,512,1,1,512,1,1
"KERNEL_DISPATCH","Agent 2",1,0,1069504,229,6,"__amd_rocclr_copyBuffer",229,1119354563632878,1119354563638489,0,0,16,0,128,512,1,1,512,1,1
"KERNEL_DISPATCH","Agent 2",1,0,1069504,230,6,"__amd_rocclr_copyBuffer",230,1119354564013149,1119354564020362,0,0,16,0,128,512,1,1,512,1,1
"KERNEL_DISPATCH","Agent 2",1,0,1069504,231,6,"__amd_rocclr_copyBuffer",231,1119354593582391,1119354593590526,0,0,16,0,128,512,1,1,512,1,1
"KERNEL_DISPATCH","Agent 2",1,0,1069504,232,6,"__amd_rocclr_copyBuffer",232,1119354606305792,1119354606313687,0,0,16,0,128,512,1,1,512,1,1
"KERNEL_DISPATCH","Agent 2",1,0,1069504,233,6,"__amd_rocclr_copyBuffer",233,1119356624078383,1119356624081469,0,0,16,0,128,512,1,1,512,1,1
"KERNEL_DISPATCH","Agent 2",1,0,1069504,234,6,"__amd_rocclr_copyBuffer",234,1119356624096036,1119356624097719,0,0,16,0,128,512,1,1,512,1,1
"KERNEL_DISPATCH","Agent 2",1,0,1069504,235,6,"__amd_rocclr_copyBuffer",235,1119356625196453,1119356625198857,0,0,16,0,128,512,1,1,512,1,1
"KERNEL_DISPATCH","Agent 2",1,0,1069504,236,6,"__amd_rocclr_copyBuffer",236,1119356706756231,1119356706764206,0,0,16,0,128,512,1,1,512,1,1
"KERNEL_DISPATCH","Agent 2",1,0,1069504,237,6,"__amd_rocclr_copyBuffer",237,1119356706801536,1119356706806986,0,0,16,0,128,512,1,1,512,1,1
"KERNEL_DISPATCH","Agent 2",1,0,1069504,238,6,"__amd_rocclr_copyBuffer",238,1119356707199830,1119356707207204,0,0,16,0,128,512,1,1,512,1,1
"KERNEL_DISPATCH","Agent 2",1,0,1069504,239,6,"__amd_rocclr_copyBuffer",239,1119356736183236,1119356736191692,0,0,16,0,128,512,1,1,512,1,1
"KERNEL_DISPATCH","Agent 2",1,0,1069504,240,6,"__amd_rocclr_copyBuffer",240,1119356750458800,1119356750466575,0,0,16,0,128,512,1,1,512,1,1
"KERNEL_DISPATCH","Agent 2",1,0,1069504,241,6,"__amd_rocclr_copyBuffer",241,1119358847789154,1119358847801497,0,0,16,0,128,512,1,1,512,1,1
"KERNEL_DISPATCH","Agent 2",1,0,1069504,242,6,"__amd_rocclr_copyBuffer",242,1119358847830912,1119358847836242,0,0,16,0,128,512,1,1,512,1,1
"KERNEL_DISPATCH","Agent 2",1,0,1069504,243,6,"__amd_rocclr_copyBuffer",243,1119358848958589,1119358848961555,0,0,16,0,128,512,1,1,512,1,1
"KERNEL_DISPATCH","Agent 2",1,0,1069504,244,6,"__amd_rocclr_copyBuffer",244,1119358983212491,1119358983221308,0,0,16,0,128,512,1,1,512,1,1
"KERNEL_DISPATCH","Agent 2",1,0,1069504,245,6,"__amd_rocclr_copyBuffer",245,1119358983553868,1119358983562284,0,0,16,0,128,512,1,1,512,1,1
"KERNEL_DISPATCH","Agent 2",1,0,1069504,246,6,"__amd_rocclr_copyBuffer",246,1119358983873175,1119358983881792,0,0,16,0,128,512,1,1,512,1,1
"KERNEL_DISPATCH","Agent 2",1,0,1069504,247,6,"__amd_rocclr_copyBuffer",247,1119359016202749,1119359016210644,0,0,16,0,128,512,1,1,512,1,1
"KERNEL_DISPATCH","Agent 2",1,0,1069504,248,6,"__amd_rocclr_copyBuffer",248,1119362383764214,1119362383772229,0,0,16,0,128,512,1,1,512,1,1
"KERNEL_DISPATCH","Agent 2",1,0,1069504,249,6,"__amd_rocclr_copyBuffer",249,1119362383807726,1119362383813336,0,0,16,0,128,512,1,1,512,1,1
"KERNEL_DISPATCH","Agent 2",1,0,1069504,250,6,"__amd_rocclr_copyBuffer",250,1119362385004392,1119362385007278,0,0,16,0,128,512,1,1,512,1,1
"KERNEL_DISPATCH","Agent 2",1,0,1069504,251,6,"__amd_rocclr_copyBuffer",251,1119362525743279,1119362525751294,0,0,16,0,128,512,1,1,512,1,1
"KERNEL_DISPATCH","Agent 2",1,0,1069504,252,6,"__amd_rocclr_copyBuffer",252,1119362525789716,1119362525795367,0,0,16,0,128,512,1,1,512,1,1
"KERNEL_DISPATCH","Agent 2",1,0,1069504,253,6,"__amd_rocclr_copyBuffer",253,1119362526182239,1119362526189452,0,0,16,0,128,512,1,1,512,1,1
"KERNEL_DISPATCH","Agent 2",1,0,1069504,254,6,"__amd_rocclr_copyBuffer",254,1119362554642968,1119362554651824,0,0,16,0,128,512,1,1,512,1,1
"KERNEL_DISPATCH","Agent 2",1,0,1069504,255,6,"__amd_rocclr_copyBuffer",255,1119362579180902,1119362579188796,0,0,16,0,128,512,1,1,512,1,1
"KERNEL_DISPATCH","Agent 2",1,0,1069504,256,6,"__amd_rocclr_copyBuffer",256,1119365424689406,1119365424697541,0,0,16,0,128,512,1,1,512,1,1
"KERNEL_DISPATCH","Agent 2",1,0,1069504,257,6,"__amd_rocclr_copyBuffer",257,1119365424722027,1119365424728319,0,0,16,0,128,512,1,1,512,1,1
"KERNEL_DISPATCH","Agent 2",1,0,1069504,258,6,"__amd_rocclr_copyBuffer",258,1119365425451731,1119365425454496,0,0,16,0,128,512,1,1,512,1,1
"KERNEL_DISPATCH","Agent 2",1,0,1069504,259,6,"__amd_rocclr_copyBuffer",259,1119365526843262,1119365526850595,0,0,16,0,128,512,1,1,512,1,1
"KERNEL_DISPATCH","Agent 2",1,0,1069504,260,6,"__amd_rocclr_copyBuffer",260,1119365526888677,1119365526894287,0,0,16,0,128,512,1,1,512,1,1
"KERNEL_DISPATCH","Agent 2",1,0,1069504,261,6,"__amd_rocclr_copyBuffer",261,1119365527272523,1119365527279857,0,0,16,0,128,512,1,1,512,1,1
"KERNEL_DISPATCH","Agent 2",1,0,1069504,262,6,"__amd_rocclr_copyBuffer",262,1119365581799995,1119365581808370,0,0,16,0,128,512,1,1,512,1,1
"KERNEL_DISPATCH","Agent 2",1,0,1069504,263,6,"__amd_rocclr_copyBuffer",263,1119365607291782,1119365607294266,0,0,16,0,128,512,1,1,512,1,1
"KERNEL_DISPATCH","Agent 2",1,0,1069504,264,6,"__amd_rocclr_copyBuffer",264,1119367880514937,1119367880527280,0,0,16,0,128,512,1,1,512,1,1
"KERNEL_DISPATCH","Agent 2",1,0,1069504,265,6,"__amd_rocclr_copyBuffer",265,1119367880551164,1119367880557697,0,0,16,0,128,512,1,1,512,1,1
"KERNEL_DISPATCH","Agent 2",1,0,1069504,266,6,"__amd_rocclr_copyBuffer",266,1119367881394781,1119367881403277,0,0,16,0,128,512,1,1,512,1,1
"KERNEL_DISPATCH","Agent 2",1,0,1069504,267,6,"__amd_rocclr_copyBuffer",267,1119367975002528,1119367975010503,0,0,16,0,128,512,1,1,512,1,1
"KERNEL_DISPATCH","Agent 2",1,0,1069504,268,6,"__amd_rocclr_copyBuffer",268,1119367975045318,1119367975050768,0,0,16,0,128,512,1,1,512,1,1
"KERNEL_DISPATCH","Agent 2",1,0,1069504,269,6,"__amd_rocclr_copyBuffer",269,1119367975314370,1119367975319580,0,0,16,0,128,512,1,1,512,1,1
"KERNEL_DISPATCH","Agent 2",1,0,1069504,270,6,"__amd_rocclr_copyBuffer",270,1119367999926953,1119367999935609,0,0,16,0,128,512,1,1,512,1,1
"KERNEL_DISPATCH","Agent 2",1,0,1069504,271,6,"__amd_rocclr_copyBuffer",271,1119368016745112,1119368016747756,0,0,16,0,128,512,1,1,512,1,1
"KERNEL_DISPATCH","Agent 2",1,0,1069504,272,6,"__amd_rocclr_copyBuffer",272,1119370186164935,1119370186168021,0,0,16,0,128,512,1,1,512,1,1
"KERNEL_DISPATCH","Agent 2",1,0,1069504,273,6,"__amd_rocclr_copyBuffer",273,1119370186180524,1119370186182007,0,0,16,0,128,512,1,1,512,1,1
"KERNEL_DISPATCH","Agent 2",1,0,1069504,274,6,"__amd_rocclr_copyBuffer",274,1119370186971913,1119370186980288,0,0,16,0,128,512,1,1,512,1,1
"KERNEL_DISPATCH","Agent 2",1,0,1069504,275,6,"__amd_rocclr_copyBuffer",275,1119370399494649,1119370399503465,0,0,16,0,128,512,1,1,512,1,1
"KERNEL_DISPATCH","Agent 2",1,0,1069504,276,6,"__amd_rocclr_copyBuffer",276,1119370399544671,1119370399550843,0,0,16,0,128,512,1,1,512,1,1
"KERNEL_DISPATCH","Agent 2",1,0,1069504,277,6,"__amd_rocclr_copyBuffer",277,1119370400752480,1119370400755245,0,0,16,0,128,512,1,1,512,1,1
"KERNEL_DISPATCH","Agent 2",1,0,1069504,278,6,"__amd_rocclr_copyBuffer",278,1119370464215630,1119370464226731,0,0,16,0,128,512,1,1,512,1,1
"KERNEL_DISPATCH","Agent 2",1,0,1069504,279,6,"__amd_rocclr_copyBuffer",279,1119374461376116,1119374461383650,0,0,16,0,128,512,1,1,512,1,1
"KERNEL_DISPATCH","Agent 2",1,0,1069504,280,6,"__amd_rocclr_copyBuffer",280,1119374461408936,1119374461414547,0,0,16,0,128,512,1,1,512,1,1
"KERNEL_DISPATCH","Agent 2",1,0,1069504,281,6,"__amd_rocclr_copyBuffer",281,1119374462263044,1119374462271179,0,0,16,0,128,512,1,1,512,1,1
"KERNEL_DISPATCH","Agent 2",1,0,1069504,282,6,"__amd_rocclr_copyBuffer",282,1119374564054073,1119374564061527,0,0,16,0,128,512,1,1,512,1,1
"KERNEL_DISPATCH","Agent 2",1,0,1069504,283,6,"__amd_rocclr_copyBuffer",283,1119374564093746,1119374564099357,0,0,16,0,128,512,1,1,512,1,1
"KERNEL_DISPATCH","Agent 2",1,0,1069504,284,6,"__amd_rocclr_copyBuffer",284,1119374564356207,1119374564361417,0,0,16,0,128,512,1,1,512,1,1
"KERNEL_DISPATCH","Agent 2",1,0,1069504,285,6,"__amd_rocclr_copyBuffer",285,1119374584507398,1119374584510123,0,0,16,0,128,512,1,1,512,1,1
"KERNEL_DISPATCH","Agent 2",1,0,1069504,286,6,"__amd_rocclr_copyBuffer",286,1119374602051604,1119374602059378,0,0,16,0,128,512,1,1,512,1,1
"KERNEL_DISPATCH","Agent 2",1,0,1069504,287,6,"__amd_rocclr_copyBuffer",287,1119377382242702,1119377382256528,0,0,16,0,128,512,1,1,512,1,1
"KERNEL_DISPATCH","Agent 2",1,0,1069504,288,6,"__amd_rocclr_copyBuffer",288,1119377382284980,1119377382290470,0,0,16,0,128,512,1,1,512,1,1
"KERNEL_DISPATCH","Agent 2",1,0,1069504,289,6,"__amd_rocclr_copyBuffer",289,1119377383187899,1119377383196394,0,0,16,0,128,512,1,1,512,1,1
"KERNEL_DISPATCH","Agent 2",1,0,1069504,290,6,"__amd_rocclr_copyBuffer",290,1119377471618154,1119377471626049,0,0,16,0,128,512,1,1,512,1,1
"KERNEL_DISPATCH","Agent 2",1,0,1069504,291,6,"__amd_rocclr_copyBuffer",291,1119377471663929,1119377471670060,0,0,16,0,128,512,1,1,512,1,1
"KERNEL_DISPATCH","Agent 2",1,0,1069504,292,6,"__amd_rocclr_copyBuffer",292,1119377471918285,1119377471923494,0,0,16,0,128,512,1,1,512,1,1
"KERNEL_DISPATCH","Agent 2",1,0,1069504,293,6,"__amd_rocclr_copyBuffer",293,1119377514474480,1119377514476925,0,0,16,0,128,512,1,1,512,1,1
"KERNEL_DISPATCH","Agent 2",1,0,1069504,294,6,"__amd_rocclr_copyBuffer",294,1119377528185519,1119377528193293,0,0,16,0,128,512,1,1,512,1,1
"KERNEL_DISPATCH","Agent 2",1,0,1069504,295,6,"__amd_rocclr_copyBuffer",295,1119380112885221,1119380112893517,0,0,16,0,128,512,1,1,512,1,1
"KERNEL_DISPATCH","Agent 2",1,0,1069504,296,6,"__amd_rocclr_copyBuffer",296,1119380112918843,1119380112925095,0,0,16,0,128,512,1,1,512,1,1
"KERNEL_DISPATCH","Agent 2",1,0,1069504,297,6,"__amd_rocclr_copyBuffer",297,1119380113728497,1119380113737233,0,0,16,0,128,512,1,1,512,1,1
"KERNEL_DISPATCH","Agent 2",1,0,1069504,298,6,"__amd_rocclr_copyBuffer",298,1119380175495435,1119380175502648,0,0,16,0,128,512,1,1,512,1,1
"KERNEL_DISPATCH","Agent 2",1,0,1069504,299,6,"__amd_rocclr_copyBuffer",299,1119380175537021,1119380175542632,0,0,16,0,128,512,1,1,512,1,1
"KERNEL_DISPATCH","Agent 2",1,0,1069504,300,6,"__amd_rocclr_copyBuffer",300,1119380175790636,1119380175795805,0,0,16,0,128,512,1,1,512,1,1
"KERNEL_DISPATCH","Agent 2",1,0,1069504,301,6,"__amd_rocclr_copyBuffer",301,1119380201697359,1119380201705494,0,0,16,0,128,512,1,1,512,1,1
"KERNEL_DISPATCH","Agent 2",1,0,1069504,302,6,"__amd_rocclr_copyBuffer",302,1119380202474822,1119380202480713,0,0,16,0,128,512,1,1,512,1,1
"KERNEL_DISPATCH","Agent 2",1,0,1069504,303,6,"__amd_rocclr_copyBuffer",303,1119383695900733,1119383695903498,0,0,16,0,128,512,1,1,512,1,1
"KERNEL_DISPATCH","Agent 2",1,0,1069504,304,6,"__amd_rocclr_copyBuffer",304,1119383695919107,1119383695920589,0,0,16,0,128,512,1,1,512,1,1
"KERNEL_DISPATCH","Agent 2",1,0,1069504,305,6,"__amd_rocclr_copyBuffer",305,1119383696971965,1119383696974450,0,0,16,0,128,512,1,1,512,1,1
"KERNEL_DISPATCH","Agent 2",1,0,1069504,306,6,"__amd_rocclr_copyBuffer",306,1119383824171616,1119383824180152,0,0,16,0,128,512,1,1,512,1,1
"KERNEL_DISPATCH","Agent 2",1,0,1069504,307,6,"__amd_rocclr_copyBuffer",307,1119383824227580,1119383824233190,0,0,16,0,128,512,1,1,512,1,1
"KERNEL_DISPATCH","Agent 2",1,0,1069504,308,6,"__amd_rocclr_copyBuffer",308,1119383824540274,1119383824548890,0,0,16,0,128,512,1,1,512,1,1
"KERNEL_DISPATCH","Agent 2",1,0,1069504,309,6,"__amd_rocclr_copyBuffer",309,1119383838815668,1119383838823603,0,0,16,0,128,512,1,1,512,1,1
"KERNEL_DISPATCH","Agent 2",1,0,1069504,310,6,"__amd_rocclr_copyBuffer",310,1119386069471628,1119386069479522,0,0,16,0,128,512,1,1,512,1,1
"KERNEL_DISPATCH","Agent 2",1,0,1069504,311,6,"__amd_rocclr_copyBuffer",311,1119386069504648,1119386069510259,0,0,16,0,128,512,1,1,512,1,1
"KERNEL_DISPATCH","Agent 2",1,0,1069504,312,3,"__amd_rocclr_fillBufferAligned",312,1119386073004403,1119386073011175,0,0,16,0,128,256,1,1,4096,1,1
"KERNEL_DISPATCH","Agent 2",1,0,1069504,313,3,"__amd_rocclr_fillBufferAligned",313,1119386073018789,1119386073023318,0,0,16,0,128,256,1,1,4096,1,1
"KERNEL_DISPATCH","Agent 2",1,0,1069504,314,3,"__amd_rocclr_fillBufferAligned",314,1119386073029490,1119386073034018,0,0,16,0,128,256,1,1,4096,1,1
"KERNEL_DISPATCH","Agent 2",1,0,1069504,315,3,"__amd_rocclr_fillBufferAligned",315,1119386073040470,1119386073045119,0,0,16,0,128,256,1,1,4096,1,1
"KERNEL_DISPATCH","Agent 2",1,0,1069504,316,3,"__amd_rocclr_fillBufferAligned",316,1119386073051451,1119386073055178,0,0,16,0,128,256,1,1,4096,1,1
"KERNEL_DISPATCH","Agent 2",1,0,1069504,317,3,"__amd_rocclr_fillBufferAligned",317,1119386073061590,1119386073066118,0,0,16,0,128,256,1,1,4096,1,1
"KERNEL_DISPATCH","Agent 2",1,0,1069504,318,3,"__amd_rocclr_fillBufferAligned",318,1119386073072450,1119386073076457,0,0,16,0,128,256,1,1,4096,1,1
"KERNEL_DISPATCH","Agent 2",1,0,1069504,319,3,"__amd_rocclr_fillBufferAligned",319,1119386073082669,1119386073086556,0,0,16,0,128,256,1,1,4096,1,1
"KERNEL_DISPATCH","Agent 2",1,0,1069504,320,3,"__amd_rocclr_fillBufferAligned",320,1119386073092888,1119386073096615,0,0,16,0,128,256,1,1,4096,1,1
"KERNEL_DISPATCH","Agent 2",1,0,1069504,321,3,"__amd_rocclr_fillBufferAligned",321,1119386073102867,1119386073106594,0,0,16,0,128,256,1,1,4096,1,1
"KERNEL_DISPATCH","Agent 2",1,0,1069504,322,3,"__amd_rocclr_fillBufferAligned",322,1119386073113046,1119386073117574,0,0,16,0,128,256,1,1,4096,1,1
"KERNEL_DISPATCH","Agent 2",1,0,1069504,323,3,"__amd_rocclr_fillBufferAligned",323,1119386073123986,1119386073128795,0,0,16,0,128,256,1,1,4096,1,1
"KERNEL_DISPATCH","Agent 2",1,0,1069504,324,3,"__amd_rocclr_fillBufferAligned",324,1119386073135327,1119386073139054,0,0,16,0,128,256,1,1,4096,1,1
"KERNEL_DISPATCH","Agent 2",1,0,1069504,325,3,"__amd_rocclr_fillBufferAligned",325,1119386073145506,1119386073149354,0,0,16,0,128,256,1,1,4096,1,1
"KERNEL_DISPATCH","Agent 2",1,0,1069504,326,3,"__amd_rocclr_fillBufferAligned",326,1119386073155926,1119386073159773,0,0,16,0,128,256,1,1,4096,1,1
"KERNEL_DISPATCH","Agent 2",1,0,1069504,327,3,"__amd_rocclr_fillBufferAligned",327,1119386073166225,1119386073170072,0,0,16,0,128,256,1,1,4096,1,1
"KERNEL_DISPATCH","Agent 2",1,0,1069504,328,3,"__amd_rocclr_fillBufferAligned",328,1119386073176404,1119386073180131,0,0,16,0,128,256,1,1,4096,1,1
"KERNEL_DISPATCH","Agent 2",1,0,1069504,329,3,"__amd_rocclr_fillBufferAligned",329,1119386073186543,1119386073190951,0,0,16,0,128,256,1,1,4096,1,1
"KERNEL_DISPATCH","Agent 2",1,0,1069504,330,3,"__amd_rocclr_fillBufferAligned",330,1119386073197484,1119386073202012,0,0,16,0,128,256,1,1,4096,1,1
"KERNEL_DISPATCH","Agent 2",1,0,1069504,331,3,"__amd_rocclr_fillBufferAligned",331,1119386073208304,1119386073212271,0,0,16,0,128,256,1,1,4096,1,1
"KERNEL_DISPATCH","Agent 2",1,0,1069504,332,3,"__amd_rocclr_fillBufferAligned",332,1119386073218844,1119386073222530,0,0,16,0,128,256,1,1,4096,1,1
"KERNEL_DISPATCH","Agent 2",1,0,1069504,333,3,"__amd_rocclr_fillBufferAligned",333,1119386073228742,1119386073232589,0,0,16,0,128,256,1,1,4096,1,1
"KERNEL_DISPATCH","Agent 2",1,0,1069504,334,3,"__amd_rocclr_fillBufferAligned",334,1119386073239081,1119386073242808,0,0,16,0,128,256,1,1,4096,1,1
"KERNEL_DISPATCH","Agent 2",1,0,1069504,336,3,"__amd_rocclr_fillBufferAligned",336,1119386073260041,1119386073263768,0,0,16,0,128,256,1,1,4096,1,1
"KERNEL_DISPATCH","Agent 2",1,0,1069504,346,3,"__amd_rocclr_fillBufferAligned",346,1119386073361911,1119386073366440,0,0,16,0,128,256,1,1,4096,1,1
"KERNEL_DISPATCH","Agent 2",1,0,1069504,344,3,"__amd_rocclr_fillBufferAligned",344,1119386073341834,1119386073345561,0,0,16,0,128,256,1,1,4096,1,1
"KERNEL_DISPATCH","Agent 2",1,0,1069504,342,3,"__amd_rocclr_fillBufferAligned",342,1119386073321796,1119386073325523,0,0,16,0,128,256,1,1,4096,1,1
"KERNEL_DISPATCH","Agent 2",1,0,1069504,340,3,"__amd_rocclr_fillBufferAligned",340,1119386073300917,1119386073304644,0,0,16,0,128,256,1,1,4096,1,1
"KERNEL_DISPATCH","Agent 2",1,0,1069504,338,3,"__amd_rocclr_fillBufferAligned",338,1119386073279878,1119386073284406,0,0,16,0,128,256,1,1,4096,1,1
"KERNEL_DISPATCH","Agent 2",1,0,1069504,348,3,"__amd_rocclr_fillBufferAligned",348,1119386073383552,1119386073387399,0,0,16,0,128,256,1,1,4096,1,1
"KERNEL_DISPATCH","Agent 2",1,0,1069504,335,3,"__amd_rocclr_fillBufferAligned",335,1119386073249260,1119386073253789,0,0,16,0,128,256,1,1,4096,1,1
"KERNEL_DISPATCH","Agent 2",1,0,1069504,347,3,"__amd_rocclr_fillBufferAligned",347,1119386073372691,1119386073377460,0,0,16,0,128,256,1,1,4096,1,1
"KERNEL_DISPATCH","Agent 2",1,0,1069504,345,3,"__amd_rocclr_fillBufferAligned",345,1119386073351852,1119386073355579,0,0,16,0,128,256,1,1,4096,1,1
"KERNEL_DISPATCH","Agent 2",1,0,1069504,339,3,"__amd_rocclr_fillBufferAligned",339,1119386073290698,1119386073294665,0,0,16,0,128,256,1,1,4096,1,1
"KERNEL_DISPATCH","Agent 2",1,0,1069504,343,3,"__amd_rocclr_fillBufferAligned",343,1119386073331815,1119386073335822,0,0,16,0,128,256,1,1,4096,1,1
"KERNEL_DISPATCH","Agent 2",1,0,1069504,337,3,"__amd_rocclr_fillBufferAligned",337,1119386073269819,1119386073273546,0,0,16,0,128,256,1,1,4096,1,1
"KERNEL_DISPATCH","Agent 2",1,0,1069504,376,3,"__amd_rocclr_fillBufferAligned",376,1119386074843762,1119386074844804,0,0,16,0,128,256,1,1,4096,1,1
"KERNEL_DISPATCH","Agent 2",1,0,1069504,375,3,"__amd_rocclr_fillBufferAligned",375,1119386074786174,1119386074787256,0,0,16,0,128,256,1,1,4096,1,1
"KERNEL_DISPATCH","Agent 2",1,0,1069504,374,3,"__amd_rocclr_fillBufferAligned",374,1119386074704622,1119386074705704,0,0,16,0,128,256,1,1,4096,1,1
"KERNEL_DISPATCH","Agent 2",1,0,1069504,373,3,"__amd_rocclr_fillBufferAligned",373,1119386074617870,1119386074618952,0,0,16,0,128,256,1,1,4096,1,1
"KERNEL_DISPATCH","Agent 2",1,0,1069504,372,3,"__amd_rocclr_fillBufferAligned",372,1119386074562326,1119386074563929,0,0,16,0,128,256,1,1,4096,1,1
"KERNEL_DISPATCH","Agent 2",1,0,1069504,371,3,"__amd_rocclr_fillBufferAligned",371,1119386074497444,1119386074502454,0,0,16,0,128,256,1,1,4096,1,1
"KERNEL_DISPATCH","Agent 2",1,0,1069504,370,3,"__amd_rocclr_fillBufferAligned",370,1119386074441299,1119386074446269,0,0,16,0,128,256,1,1,4096,1,1
"KERNEL_DISPATCH","Agent 2",1,0,1069504,369,3,"__amd_rocclr_fillBufferAligned",369,1119386074382019,1119386074387028,0,0,16,0,128,256,1,1,4096,1,1
"KERNEL_DISPATCH","Agent 2",1,0,1069504,368,3,"__amd_rocclr_fillBufferAligned",368,1119386074318029,1119386074323038,0,0,16,0,128,256,1,1,4096,1,1
"KERNEL_DISPATCH","Agent 2",1,0,1069504,367,3,"__amd_rocclr_fillBufferAligned",367,1119386074285899,1119386074290908,0,0,16,0,128,256,1,1,4096,1,1
"KERNEL_DISPATCH","Agent 2",1,0,1069504,366,3,"__amd_rocclr_fillBufferAligned",366,1119386074197464,1119386074202473,0,0,16,0,128,256,1,1,4096,1,1
"KERNEL_DISPATCH","Agent 2",1,0,1069504,365,3,"__amd_rocclr_fillBufferAligned",365,1119386074138323,1119386074143292,0,0,16,0,128,256,1,1,4096,1,1
"KERNEL_DISPATCH","Agent 2",1,0,1069504,364,3,"__amd_rocclr_fillBufferAligned",364,1119386074077850,1119386074082859,0,0,16,0,128,256,1,1,4096,1,1
"KERNEL_DISPATCH","Agent 2",1,0,1069504,363,3,"__amd_rocclr_fillBufferAligned",363,1119386074019511,1119386074024480,0,0,16,0,128,256,1,1,4096,1,1
"KERNEL_DISPATCH","Agent 2",1,0,1069504,362,3,"__amd_rocclr_fillBufferAligned",362,1119386073980939,1119386073985908,0,0,16,0,128,256,1,1,4096,1,1
"KERNEL_DISPATCH","Agent 2",1,0,1069504,361,3,"__amd_rocclr_fillBufferAligned",361,1119386073920526,1119386073925495,0,0,16,0,128,256,1,1,4096,1,1
"KERNEL_DISPATCH","Agent 2",1,0,1069504,360,3,"__amd_rocclr_fillBufferAligned",360,1119386073857768,1119386073862778,0,0,16,0,128,256,1,1,4096,1,1
"KERNEL_DISPATCH","Agent 2",1,0,1069504,359,3,"__amd_rocclr_fillBufferAligned",359,1119386073797936,1119386073802906,0,0,16,0,128,256,1,1,4096,1,1
"KERNEL_DISPATCH","Agent 2",1,0,1069504,358,3,"__amd_rocclr_fillBufferAligned",358,1119386073737594,1119386073742563,0,0,16,0,128,256,1,1,4096,1,1
"KERNEL_DISPATCH","Agent 2",1,0,1069504,357,3,"__amd_rocclr_fillBufferAligned",357,1119386073678142,1119386073683152,0,0,16,0,128,256,1,1,4096,1,1
"KERNEL_DISPATCH","Agent 2",1,0,1069504,356,3,"__amd_rocclr_fillBufferAligned",356,1119386073618761,1119386073623731,0,0,16,0,128,256,1,1,4096,1,1
"KERNEL_DISPATCH","Agent 2",1,0,1069504,355,3,"__amd_rocclr_fillBufferAligned",355,1119386073557256,1119386073562266,0,0,16,0,128,256,1,1,4096,1,1
"KERNEL_DISPATCH","Agent 2",1,0,1069504,354,3,"__amd_rocclr_fillBufferAligned",354,1119386073497294,1119386073502304,0,0,16,0,128,256,1,1,4096,1,1
"KERNEL_DISPATCH","Agent 2",1,0,1069504,353,3,"__amd_rocclr_fillBufferAligned",353,1119386073434046,1119386073439055,0,0,16,0,128,256,1,1,4096,1,1
"KERNEL_DISPATCH","Agent 2",1,0,1069504,352,3,"__amd_rocclr_fillBufferAligned",352,1119386073424107,1119386073427794,0,0,16,0,128,256,1,1,4096,1,1
"KERNEL_DISPATCH","Agent 2",1,0,1069504,351,3,"__amd_rocclr_fillBufferAligned",351,1119386073413848,1119386073417856,0,0,16,0,128,256,1,1,4096,1,1
"KERNEL_DISPATCH","Agent 2",1,0,1069504,350,3,"__amd_rocclr_fillBufferAligned",350,1119386073403629,1119386073407476,0,0,16,0,128,256,1,1,4096,1,1
"KERNEL_DISPATCH","Agent 2",1,0,1069504,349,3,"__amd_rocclr_fillBufferAligned",349,1119386073393731,1119386073397337,0,0,16,0,128,256,1,1,4096,1,1
"KERNEL_DISPATCH","Agent 2",1,0,1069504,341,3,"__amd_rocclr_fillBufferAligned",341,1119386073310936,1119386073315464,0,0,16,0,128,256,1,1,4096,1,1
"KERNEL_DISPATCH","Agent 2",1,0,1069504,377,3,"__amd_rocclr_fillBufferAligned",377,1119386074925264,1119386074926467,0,0,16,0,128,256,1,1,4096,1,1
"KERNEL_DISPATCH","Agent 2",1,0,1069504,378,3,"__amd_rocclr_fillBufferAligned",378,1119386074981490,1119386074983774,0,0,16,0,128,256,1,1,4096,1,1
"KERNEL_DISPATCH","Agent 2",1,0,1069504,379,3,"__amd_rocclr_fillBufferAligned",379,1119386074987020,1119386074988182,0,0,16,0,128,256,1,1,4096,1,1
"KERNEL_DISPATCH","Agent 2",1,0,1069504,380,3,"__amd_rocclr_fillBufferAligned",380,1119386074992821,1119386074993863,0,0,16,0,128,256,1,1,4096,1,1
"KERNEL_DISPATCH","Agent 2",1,0,1069504,381,3,"__amd_rocclr_fillBufferAligned",381,1119386074997600,1119386074998682,0,0,16,0,128,256,1,1,4096,1,1
"KERNEL_DISPATCH","Agent 2",1,0,1069504,382,3,"__amd_rocclr_fillBufferAligned",382,1119386075002269,1119386075003351,0,0,16,0,128,256,1,1,4096,1,1
"KERNEL_DISPATCH","Agent 2",1,0,1069504,383,3,"__amd_rocclr_fillBufferAligned",383,1119386075017267,1119386075018790,0,0,16,0,128,256,1,1,4096,1,1
"KERNEL_DISPATCH","Agent 2",1,0,1069504,384,3,"__amd_rocclr_fillBufferAligned",384,1119386075022346,1119386075023388,0,0,16,0,128,256,1,1,4096,1,1
"KERNEL_DISPATCH","Agent 2",1,0,1069504,385,3,"__amd_rocclr_fillBufferAligned",385,1119386075028588,1119386075029670,0,0,16,0,128,256,1,1,4096,1,1
"KERNEL_DISPATCH","Agent 2",1,0,1069504,386,3,"__amd_rocclr_fillBufferAligned",386,1119386075033918,1119386075035601,0,0,16,0,128,256,1,1,4096,1,1
"KERNEL_DISPATCH","Agent 2",1,0,1069504,387,3,"__amd_rocclr_fillBufferAligned",387,1119386075039328,1119386075040450,0,0,16,0,128,256,1,1,4096,1,1
"KERNEL_DISPATCH","Agent 2",1,0,1069504,388,3,"__amd_rocclr_fillBufferAligned",388,1119386075044177,1119386075045259,0,0,16,0,128,256,1,1,4096,1,1
"KERNEL_DISPATCH","Agent 2",1,0,1069504,389,3,"__amd_rocclr_fillBufferAligned",389,1119386075050770,1119386075052052,0,0,16,0,128,256,1,1,4096,1,1
"KERNEL_DISPATCH","Agent 2",1,0,1069504,390,3,"__amd_rocclr_fillBufferAligned",390,1119386075055689,1119386075056731,0,0,16,0,128,256,1,1,4096,1,1
"KERNEL_DISPATCH","Agent 2",1,0,1069504,391,3,"__amd_rocclr_fillBufferAligned",391,1119386075061069,1119386075062191,0,0,16,0,128,256,1,1,4096,1,1
"KERNEL_DISPATCH","Agent 2",1,0,1069504,392,3,"__amd_rocclr_fillBufferAligned",392,1119386075093079,1119386075094802,0,0,16,0,128,256,1,1,5120,1,1
"KERNEL_DISPATCH","Agent 2",1,0,1069504,393,3,"__amd_rocclr_fillBufferAligned",393,1119386075103047,1119386075104089,0,0,16,0,128,256,1,1,1024,1,1
"KERNEL_DISPATCH","Agent 2",1,0,1069504,394,3,"__amd_rocclr_fillBufferAligned",394,1119386075108948,1119386075113557,0,0,16,0,128,256,1,1,5120,1,1
"KERNEL_DISPATCH","Agent 2",1,0,1069504,395,3,"__amd_rocclr_fillBufferAligned",395,1119386075116132,1119386075117254,0,0,16,0,128,256,1,1,5120,1,1
"KERNEL_DISPATCH","Agent 2",1,0,1069504,396,3,"__amd_rocclr_fillBufferAligned",396,1119386075121131,1119386075122934,0,0,16,0,128,256,1,1,5120,1,1
"KERNEL_DISPATCH","Agent 2",1,0,1069504,397,3,"__amd_rocclr_fillBufferAligned",397,1119386075126741,1119386075127783,0,0,16,0,128,256,1,1,1024,1,1
"KERNEL_DISPATCH","Agent 2",1,0,1069504,398,3,"__amd_rocclr_fillBufferAligned",398,1119386075142961,1119386075147049,0,0,16,0,128,256,1,1,5120,1,1
"KERNEL_DISPATCH","Agent 2",1,0,1069504,399,3,"__amd_rocclr_fillBufferAligned",399,1119386075150897,1119386075152339,0,0,16,0,128,256,1,1,5120,1,1
"KERNEL_DISPATCH","Agent 2",1,0,1069504,400,3,"__amd_rocclr_fillBufferAligned",400,1119386075156707,1119386075158551,0,0,16,0,128,256,1,1,5120,1,1
"KERNEL_DISPATCH","Agent 2",1,0,1069504,401,3,"__amd_rocclr_fillBufferAligned",401,1119386075167197,1119386075168279,0,0,16,0,128,256,1,1,1024,1,1
"KERNEL_DISPATCH","Agent 2",1,0,1069504,402,3,"__amd_rocclr_fillBufferAligned",402,1119386075187625,1119386075193957,0,0,16,0,128,256,1,1,5120,1,1
"KERNEL_DISPATCH","Agent 2",1,0,1069504,403,3,"__amd_rocclr_fillBufferAligned",403,1119386075197103,1119386075198666,0,0,16,0,128,256,1,1,5120,1,1
"KERNEL_DISPATCH","Agent 2",1,0,1069504,404,3,"__amd_rocclr_fillBufferAligned",404,1119386075202633,1119386075204597,0,0,16,0,128,256,1,1,5120,1,1
"KERNEL_DISPATCH","Agent 2",1,0,1069504,405,3,"__amd_rocclr_fillBufferAligned",405,1119386075208765,1119386075209847,0,0,16,0,128,256,1,1,1024,1,1
"KERNEL_DISPATCH","Agent 2",1,0,1069504,406,3,"__amd_rocclr_fillBufferAligned",406,1119386075213734,1119386075217501,0,0,16,0,128,256,1,1,5120,1,1
"KERNEL_DISPATCH","Agent 2",1,0,1069504,407,3,"__amd_rocclr_fillBufferAligned",407,1119386075221448,1119386075222771,0,0,16,0,128,256,1,1,5120,1,1
"KERNEL_DISPATCH","Agent 2",1,0,1069504,408,3,"__amd_rocclr_fillBufferAligned",408,1119386075239242,1119386075241365,0,0,16,0,128,256,1,1,5120,1,1
"KERNEL_DISPATCH","Agent 2",1,0,1069504,409,3,"__amd_rocclr_fillBufferAligned",409,1119386075245654,1119386075246695,0,0,16,0,128,256,1,1,1024,1,1
"KERNEL_DISPATCH","Agent 2",1,0,1069504,410,3,"__amd_rocclr_fillBufferAligned",410,1119386075250182,1119386075255833,0,0,16,0,128,256,1,1,5120,1,1
"KERNEL_DISPATCH","Agent 2",1,0,1069504,411,3,"__amd_rocclr_fillBufferAligned",411,1119386075258247,1119386075259570,0,0,16,0,128,256,1,1,5120,1,1
"KERNEL_DISPATCH","Agent 2",1,0,1069504,412,3,"__amd_rocclr_fillBufferAligned",412,1119386075263687,1119386075265651,0,0,16,0,128,256,1,1,5120,1,1
"KERNEL_DISPATCH","Agent 2",1,0,1069504,413,3,"__amd_rocclr_fillBufferAligned",413,1119386075269007,1119386075270049,0,0,16,0,128,256,1,1,1024,1,1
"KERNEL_DISPATCH","Agent 2",1,0,1069504,414,3,"__amd_rocclr_fillBufferAligned",414,1119386075293713,1119386075297601,0,0,16,0,128,256,1,1,5120,1,1
"KERNEL_DISPATCH","Agent 2",1,0,1069504,415,3,"__amd_rocclr_fillBufferAligned",415,1119386075301068,1119386075302230,0,0,16,0,128,256,1,1,5120,1,1
"KERNEL_DISPATCH","Agent 2",1,0,1069504,416,3,"__amd_rocclr_fillBufferAligned",416,1119386075306577,1119386075308461,0,0,16,0,128,256,1,1,5120,1,1
"KERNEL_DISPATCH","Agent 2",1,0,1069504,417,3,"__amd_rocclr_fillBufferAligned",417,1119386075312369,1119386075313451,0,0,16,0,128,256,1,1,1024,1,1
"KERNEL_DISPATCH","Agent 2",1,0,1069504,418,3,"__amd_rocclr_fillBufferAligned",418,1119386075346733,1119386075351702,0,0,16,0,128,256,1,1,5120,1,1
"KERNEL_DISPATCH","Agent 2",1,0,1069504,419,3,"__amd_rocclr_fillBufferAligned",419,1119386075354838,1119386075356080,0,0,16,0,128,256,1,1,5120,1,1
"KERNEL_DISPATCH","Agent 2",1,0,1069504,420,3,"__amd_rocclr_fillBufferAligned",420,1119386075358795,1119386075360639,0,0,16,0,128,256,1,1,5120,1,1
"KERNEL_DISPATCH","Agent 2",1,0,1069504,421,3,"__amd_rocclr_fillBufferAligned",421,1119386075362983,1119386075363905,0,0,16,0,128,256,1,1,1024,1,1
"KERNEL_DISPATCH","Agent 2",1,0,1069504,422,3,"__amd_rocclr_fillBufferAligned",422,1119386075367010,1119386075370858,0,0,16,0,128,256,1,1,5120,1,1
"KERNEL_DISPATCH","Agent 2",1,0,1069504,423,3,"__amd_rocclr_fillBufferAligned",423,1119386075373813,1119386075374815,0,0,16,0,128,256,1,1,5120,1,1
"KERNEL_DISPATCH","Agent 2",1,0,1069504,424,3,"__amd_rocclr_fillBufferAligned",424,1119386075377270,1119386075379394,0,0,16,0,128,256,1,1,5120,1,1
"KERNEL_DISPATCH","Agent 2",1,0,1069504,425,3,"__amd_rocclr_fillBufferAligned",425,1119386075382119,1119386075383121,0,0,16,0,128,256,1,1,1024,1,1
"KERNEL_DISPATCH","Agent 2",1,0,1069504,426,3,"__amd_rocclr_fillBufferAligned",426,1119386075385245,1119386075389773,0,0,16,0,128,256,1,1,5120,1,1
"KERNEL_DISPATCH","Agent 2",1,0,1069504,427,3,"__amd_rocclr_fillBufferAligned",427,1119386075392548,1119386075393630,0,0,16,0,128,256,1,1,5120,1,1
"KERNEL_DISPATCH","Agent 2",1,0,1069504,428,3,"__amd_rocclr_fillBufferAligned",428,1119386075396345,1119386075398229,0,0,16,0,128,256,1,1,5120,1,1
"KERNEL_DISPATCH","Agent 2",1,0,1069504,429,3,"__amd_rocclr_fillBufferAligned",429,1119386075401505,1119386075402587,0,0,16,0,128,256,1,1,1024,1,1
"KERNEL_DISPATCH","Agent 2",1,0,1069504,430,3,"__amd_rocclr_fillBufferAligned",430,1119386075405964,1119386075411694,0,0,16,0,128,256,1,1,5120,1,1
"KERNEL_DISPATCH","Agent 2",1,0,1069504,431,3,"__amd_rocclr_fillBufferAligned",431,1119386075414459,1119386075415501,0,0,16,0,128,256,1,1,5120,1,1
"KERNEL_DISPATCH","Agent 2",1,0,1069504,432,3,"__amd_rocclr_fillBufferAligned",432,1119386075418196,1119386075421082,0,0,16,0,128,256,1,1,5120,1,1
"KERNEL_DISPATCH","Agent 2",1,0,1069504,433,3,"__amd_rocclr_fillBufferAligned",433,1119386075423406,1119386075424448,0,0,16,0,128,256,1,1,1024,1,1
"KERNEL_DISPATCH","Agent 2",1,0,1069504,434,3,"__amd_rocclr_fillBufferAligned",434,1119386075439836,1119386075445928,0,0,16,0,128,256,1,1,5120,1,1
"KERNEL_DISPATCH","Agent 2",1,0,1069504,435,3,"__amd_rocclr_fillBufferAligned",435,1119386075448954,1119386075450156,0,0,16,0,128,256,1,1,5120,1,1
"KERNEL_DISPATCH","Agent 2",1,0,1069504,436,3,"__amd_rocclr_fillBufferAligned",436,1119386075453843,1119386075455766,0,0,16,0,128,256,1,1,5120,1,1
"KERNEL_DISPATCH","Agent 2",1,0,1069504,437,3,"__amd_rocclr_fillBufferAligned",437,1119386075459775,1119386075460776,0,0,16,0,128,256,1,1,1024,1,1
"KERNEL_DISPATCH","Agent 2",1,0,1069504,438,3,"__amd_rocclr_fillBufferAligned",438,1119386075462820,1119386075467228,0,0,16,0,128,256,1,1,5120,1,1
"KERNEL_DISPATCH","Agent 2",1,0,1069504,439,3,"__amd_rocclr_fillBufferAligned",439,1119386075470012,1119386075471135,0,0,16,0,128,256,1,1,5120,1,1
"KERNEL_DISPATCH","Agent 2",1,0,1069504,440,3,"__amd_rocclr_fillBufferAligned",440,1119386075483409,1119386075487015,0,0,16,0,128,256,1,1,5120,1,1
"KERNEL_DISPATCH","Agent 2",1,0,1069504,441,3,"__amd_rocclr_fillBufferAligned",441,1119386075489560,1119386075490642,0,0,16,0,128,256,1,1,1024,1,1
"KERNEL_DISPATCH","Agent 2",1,0,1069504,442,3,"__amd_rocclr_fillBufferAligned",442,1119386075494359,1119386075499048,0,0,16,0,128,256,1,1,5120,1,1
"KERNEL_DISPATCH","Agent 2",1,0,1069504,443,3,"__amd_rocclr_fillBufferAligned",443,1119386075501582,1119386075502624,0,0,16,0,128,256,1,1,5120,1,1
"KERNEL_DISPATCH","Agent 2",1,0,1069504,444,3,"__amd_rocclr_fillBufferAligned",444,1119386075505480,1119386075508646,0,0,16,0,128,256,1,1,5120,1,1
"KERNEL_DISPATCH","Agent 2",1,0,1069504,445,3,"__amd_rocclr_fillBufferAligned",445,1119386075510840,1119386075511922,0,0,16,0,128,256,1,1,1024,1,1
"KERNEL_DISPATCH","Agent 2",1,0,1069504,446,3,"__amd_rocclr_fillBufferAligned",446,1119386075529625,1119386075533592,0,0,16,0,128,256,1,1,5120,1,1
"KERNEL_DISPATCH","Agent 2",1,0,1069504,447,3,"__amd_rocclr_fillBufferAligned",447,1119386075536999,1119386075538081,0,0,16,0,128,256,1,1,5120,1,1
"KERNEL_DISPATCH","Agent 2",1,0,1069504,448,3,"__amd_rocclr_fillBufferAligned",448,1119386075542268,1119386075544232,0,0,16,0,128,256,1,1,5120,1,1
"KERNEL_DISPATCH","Agent 2",1,0,1069504,449,3,"__amd_rocclr_fillBufferAligned",449,1119386075548290,1119386075549332,0,0,16,0,128,256,1,1,1024,1,1
"KERNEL_DISPATCH","Agent 2",1,0,1069504,450,3,"__amd_rocclr_fillBufferAligned",450,1119386075561645,1119386075566654,0,0,16,0,128,256,1,1,5120,1,1
"KERNEL_DISPATCH","Agent 2",1,0,1069504,451,3,"__amd_rocclr_fillBufferAligned",451,1119386075569079,1119386075570401,0,0,16,0,128,256,1,1,5120,1,1
"KERNEL_DISPATCH","Agent 2",1,0,1069504,452,3,"__amd_rocclr_fillBufferAligned",452,1119386075574159,1119386075577765,0,0,16,0,128,256,1,1,5120,1,1
"KERNEL_DISPATCH","Agent 2",1,0,1069504,453,3,"__amd_rocclr_fillBufferAligned",453,1119386075580450,1119386075581412,0,0,16,0,128,256,1,1,1024,1,1
"KERNEL_DISPATCH","Agent 2",1,0,1069504,454,3,"__amd_rocclr_fillBufferAligned",454,1119386075583706,1119386075588916,0,0,16,0,128,256,1,1,5120,1,1
"KERNEL_DISPATCH","Agent 2",1,0,1069504,455,3,"__amd_rocclr_fillBufferAligned",455,1119386075591420,1119386075592502,0,0,16,0,128,256,1,1,5120,1,1
"KERNEL_DISPATCH","Agent 2",1,0,1069504,456,3,"__amd_rocclr_fillBufferAligned",456,1119386075603594,1119386075607040,0,0,16,0,128,256,1,1,5120,1,1
"KERNEL_DISPATCH","Agent 2",1,0,1069504,457,3,"__amd_rocclr_fillBufferAligned",457,1119386075609213,1119386075610175,0,0,16,0,128,256,1,1,1024,1,1
"KERNEL_DISPATCH","Agent 2",1,0,1069504,458,3,"__amd_rocclr_fillBufferAligned",458,1119386075613000,1119386075617489,0,0,16,0,128,256,1,1,5120,1,1
"KERNEL_DISPATCH","Agent 2",1,0,1069504,459,3,"__amd_rocclr_fillBufferAligned",459,1119386075620335,1119386075621577,0,0,16,0,128,256,1,1,5120,1,1
"KERNEL_DISPATCH","Agent 2",1,0,1069504,460,3,"__amd_rocclr_fillBufferAligned",460,1119386075624342,1119386075626466,0,0,16,0,128,256,1,1,5120,1,1
"KERNEL_DISPATCH","Agent 2",1,0,1069504,461,3,"__amd_rocclr_fillBufferAligned",461,1119386075629171,1119386075630213,0,0,16,0,128,256,1,1,1024,1,1
"KERNEL_DISPATCH","Agent 2",1,0,1069504,462,3,"__amd_rocclr_fillBufferAligned",462,1119386075642005,1119386075646613,0,0,16,0,128,256,1,1,5120,1,1
"KERNEL_DISPATCH","Agent 2",1,0,1069504,463,3,"__amd_rocclr_fillBufferAligned",463,1119386075648948,1119386075649950,0,0,16,0,128,256,1,1,5120,1,1
"KERNEL_DISPATCH","Agent 2",1,0,1069504,464,3,"__amd_rocclr_fillBufferAligned",464,1119386075652745,1119386075654628,0,0,16,0,128,256,1,1,5120,1,1
"KERNEL_DISPATCH","Agent 2",1,0,1069504,465,3,"__amd_rocclr_fillBufferAligned",465,1119386075657003,1119386075658045,0,0,16,0,128,256,1,1,1024,1,1
"KERNEL_DISPATCH","Agent 2",1,0,1069504,466,3,"__amd_rocclr_fillBufferAligned",466,1119386075669627,1119386075674676,0,0,16,0,128,256,1,1,5120,1,1
"KERNEL_DISPATCH","Agent 2",1,0,1069504,467,3,"__amd_rocclr_fillBufferAligned",467,1119386075677321,1119386075678563,0,0,16,0,128,256,1,1,5120,1,1
"KERNEL_DISPATCH","Agent 2",1,0,1069504,468,3,"__amd_rocclr_fillBufferAligned",468,1119386075681118,1119386075684164,0,0,16,0,128,256,1,1,5120,1,1
"KERNEL_DISPATCH","Agent 2",1,0,1069504,469,3,"__amd_rocclr_fillBufferAligned",469,1119386075686969,1119386075687971,0,0,16,0,128,256,1,1,1024,1,1
"KERNEL_DISPATCH","Agent 2",1,0,1069504,470,3,"__amd_rocclr_fillBufferAligned",470,1119386075690326,1119386075695335,0,0,16,0,128,256,1,1,5120,1,1
"KERNEL_DISPATCH","Agent 2",1,0,1069504,471,3,"__amd_rocclr_fillBufferAligned",471,1119386075697638,1119386075698841,0,0,16,0,128,256,1,1,5120,1,1
"KERNEL_DISPATCH","Agent 2",1,0,1069504,472,3,"__amd_rocclr_fillBufferAligned",472,1119386075718588,1119386075722074,0,0,16,0,128,256,1,1,5120,1,1
"KERNEL_DISPATCH","Agent 2",1,0,1069504,473,3,"__amd_rocclr_fillBufferAligned",473,1119386075724619,1119386075725581,0,0,16,0,128,256,1,1,1024,1,1
"KERNEL_DISPATCH","Agent 2",1,0,1069504,474,3,"__amd_rocclr_fillBufferAligned",474,1119386075728286,1119386075732734,0,0,16,0,128,256,1,1,5120,1,1
"KERNEL_DISPATCH","Agent 2",1,0,1069504,475,3,"__amd_rocclr_fillBufferAligned",475,1119386075735740,1119386075737062,0,0,16,0,128,256,1,1,5120,1,1
"KERNEL_DISPATCH","Agent 2",1,0,1069504,476,3,"__amd_rocclr_fillBufferAligned",476,1119386075739347,1119386075741110,0,0,16,0,128,256,1,1,5120,1,1
"KERNEL_DISPATCH","Agent 2",1,0,1069504,477,3,"__amd_rocclr_fillBufferAligned",477,1119386075743715,1119386075744797,0,0,16,0,128,256,1,1,1024,1,1
"KERNEL_DISPATCH","Agent 2",1,0,1069504,478,3,"__amd_rocclr_fillBufferAligned",478,1119386075757461,1119386075762590,0,0,16,0,128,256,1,1,5120,1,1
"KERNEL_DISPATCH","Agent 2",1,0,1069504,479,3,"__amd_rocclr_fillBufferAligned",479,1119386075764834,1119386075766197,0,0,16,0,128,256,1,1,5120,1,1
"KERNEL_DISPATCH","Agent 2",1,0,1069504,480,3,"__amd_rocclr_fillBufferAligned",480,1119386075768982,1119386075770986,0,0,16,0,128,256,1,1,5120,1,1
"KERNEL_DISPATCH","Agent 2",1,0,1069504,481,3,"__amd_rocclr_fillBufferAligned",481,1119386075773331,1119386075774413,0,0,16,0,128,256,1,1,1024,1,1
"KERNEL_DISPATCH","Agent 2",1,0,1069504,482,3,"__amd_rocclr_fillBufferAligned",482,1119386075786826,1119386075791555,0,0,16,0,128,256,1,1,5120,1,1
"KERNEL_DISPATCH","Agent 2",1,0,1069504,483,3,"__amd_rocclr_fillBufferAligned",483,1119386075794140,1119386075795502,0,0,16,0,128,256,1,1,5120,1,1
"KERNEL_DISPATCH","Agent 2",1,0,1069504,484,3,"__amd_rocclr_fillBufferAligned",484,1119386075798227,1119386075800111,0,0,16,0,128,256,1,1,5120,1,1
"KERNEL_DISPATCH","Agent 2",1,0,1069504,485,3,"__amd_rocclr_fillBufferAligned",485,1119386075803727,1119386075804809,0,0,16,0,128,256,1,1,1024,1,1
"KERNEL_DISPATCH","Agent 2",1,0,1069504,486,3,"__amd_rocclr_fillBufferAligned",486,1119386075808747,1119386075812915,0,0,16,0,128,256,1,1,5120,1,1
"KERNEL_DISPATCH","Agent 2",1,0,1069504,487,3,"__amd_rocclr_fillBufferAligned",487,1119386075815449,1119386075816571,0,0,16,0,128,256,1,1,5120,1,1
"KERNEL_DISPATCH","Agent 2",1,0,1069504,488,3,"__amd_rocclr_fillBufferAligned",488,1119386075827602,1119386075830848,0,0,16,0,128,256,1,1,5120,1,1
"KERNEL_DISPATCH","Agent 2",1,0,1069504,489,3,"__amd_rocclr_fillBufferAligned",489,1119386075833202,1119386075834244,0,0,16,0,128,256,1,1,1024,1,1
"KERNEL_DISPATCH","Agent 2",1,0,1069504,490,3,"__amd_rocclr_fillBufferAligned",490,1119386075838562,1119386075842890,0,0,16,0,128,256,1,1,5120,1,1
"KERNEL_DISPATCH","Agent 2",1,0,1069504,491,3,"__amd_rocclr_fillBufferAligned",491,1119386075845145,1119386075846387,0,0,16,0,128,256,1,1,5120,1,1
"KERNEL_DISPATCH","Agent 2",1,0,1069504,492,3,"__amd_rocclr_fillBufferAligned",492,1119386075849382,1119386075851266,0,0,16,0,128,256,1,1,5120,1,1
"KERNEL_DISPATCH","Agent 2",1,0,1069504,493,3,"__amd_rocclr_fillBufferAligned",493,1119386075853781,1119386075854863,0,0,16,0,128,256,1,1,1024,1,1
"KERNEL_DISPATCH","Agent 2",1,0,1069504,494,3,"__amd_rocclr_fillBufferAligned",494,1119386075867076,1119386075871283,0,0,16,0,128,256,1,1,5120,1,1
"KERNEL_DISPATCH","Agent 2",1,0,1069504,495,3,"__amd_rocclr_fillBufferAligned",495,1119386075874089,1119386075875251,0,0,16,0,128,256,1,1,5120,1,1
"KERNEL_DISPATCH","Agent 2",1,0,1069504,496,3,"__amd_rocclr_fillBufferAligned",496,1119386075877606,1119386075880892,0,0,16,0,128,256,1,1,5120,1,1
"KERNEL_DISPATCH","Agent 2",1,0,1069504,497,3,"__amd_rocclr_fillBufferAligned",497,1119386075883306,1119386075884348,0,0,16,0,128,256,1,1,1024,1,1
"KERNEL_DISPATCH","Agent 2",1,0,1069504,498,3,"__amd_rocclr_fillBufferAligned",498,1119386075897963,1119386075902933,0,0,16,0,128,256,1,1,5120,1,1
"KERNEL_DISPATCH","Agent 2",1,0,1069504,499,3,"__amd_rocclr_fillBufferAligned",499,1119386075905698,1119386075907221,0,0,16,0,128,256,1,1,5120,1,1
"KERNEL_DISPATCH","Agent 2",1,0,1069504,500,3,"__amd_rocclr_fillBufferAligned",500,1119386075909294,1119386075912661,0,0,16,0,128,256,1,1,5120,1,1
"KERNEL_DISPATCH","Agent 2",1,0,1069504,501,3,"__amd_rocclr_fillBufferAligned",501,1119386075915606,1119386075916648,0,0,16,0,128,256,1,1,1024,1,1
"KERNEL_DISPATCH","Agent 2",1,0,1069504,502,3,"__amd_rocclr_fillBufferAligned",502,1119386075919815,1119386075924744,0,0,16,0,128,256,1,1,5120,1,1
"KERNEL_DISPATCH","Agent 2",1,0,1069504,503,3,"__amd_rocclr_fillBufferAligned",503,1119386075927389,1119386075928751,0,0,16,0,128,256,1,1,5120,1,1
"KERNEL_DISPATCH","Agent 2",1,0,1069504,504,3,"__amd_rocclr_fillBufferAligned",504,1119386075939532,1119386075943499,0,0,16,0,128,256,1,1,5120,1,1
"KERNEL_DISPATCH","Agent 2",1,0,1069504,505,3,"__amd_rocclr_fillBufferAligned",505,1119386075946474,1119386075947556,0,0,16,0,128,256,1,1,1024,1,1
"KERNEL_DISPATCH","Agent 2",1,0,1069504,506,3,"__amd_rocclr_fillBufferAligned",506,1119386075951453,1119386075956142,0,0,16,0,128,256,1,1,5120,1,1
"KERNEL_DISPATCH","Agent 2",1,0,1069504,507,3,"__amd_rocclr_fillBufferAligned",507,1119386075958767,1119386075959969,0,0,16,0,128,256,1,1,5120,1,1
"KERNEL_DISPATCH","Agent 2",1,0,1069504,508,3,"__amd_rocclr_fillBufferAligned",508,1119386075963415,1119386075966742,0,0,16,0,128,256,1,1,5120,1,1
"KERNEL_DISPATCH","Agent 2",1,0,1069504,509,3,"__amd_rocclr_fillBufferAligned",509,1119386075969097,1119386075970179,0,0,16,0,128,256,1,1,1024,1,1
"KERNEL_DISPATCH","Agent 2",1,0,1069504,510,3,"__amd_rocclr_fillBufferAligned",510,1119386075988262,1119386075993352,0,0,16,0,128,256,1,1,5120,1,1
"KERNEL_DISPATCH","Agent 2",1,0,1069504,511,3,"__amd_rocclr_fillBufferAligned",511,1119386075995976,1119386075997660,0,0,16,0,128,256,1,1,5120,1,1
"KERNEL_DISPATCH","Agent 2",1,0,1069504,512,6,"__amd_rocclr_copyBuffer",512,1119386076345561,1119386076348326,0,0,16,0,128,512,1,1,512,1,1
"KERNEL_DISPATCH","Agent 2",1,0,1069504,513,6,"__amd_rocclr_copyBuffer",513,1119386076360949,1119386076362432,0,0,16,0,128,512,1,1,512,1,1
"KERNEL_DISPATCH","Agent 2",1,0,1069504,514,3,"__amd_rocclr_fillBufferAligned",514,1119386076382929,1119386076385134,0,0,16,0,128,256,1,1,5120,1,1
"KERNEL_DISPATCH","Agent 2",1,0,1069504,515,3,"__amd_rocclr_fillBufferAligned",515,1119386076387529,1119386076389412,0,0,16,0,128,256,1,1,5120,1,1
"KERNEL_DISPATCH","Agent 2",1,0,1069504,516,3,"__amd_rocclr_fillBufferAligned",516,1119386076391827,1119386076393310,0,0,16,0,128,256,1,1,5120,1,1
"KERNEL_DISPATCH","Agent 2",1,0,1069504,517,3,"__amd_rocclr_fillBufferAligned",517,1119386076395263,1119386076398389,0,0,16,0,128,256,1,1,5120,1,1
"KERNEL_DISPATCH","Agent 2",1,0,1069504,518,3,"__amd_rocclr_fillBufferAligned",518,1119386076401365,1119386076403729,0,0,16,0,128,256,1,1,5120,1,1
"KERNEL_DISPATCH","Agent 2",1,0,1069504,519,3,"__amd_rocclr_fillBufferAligned",519,1119386076406514,1119386076408438,0,0,16,0,128,256,1,1,5120,1,1
"KERNEL_DISPATCH","Agent 2",1,0,1069504,520,3,"__amd_rocclr_fillBufferAligned",520,1119386076411504,1119386076413868,0,0,16,0,128,256,1,1,5120,1,1
"KERNEL_DISPATCH","Agent 2",1,0,1069504,521,3,"__amd_rocclr_fillBufferAligned",521,1119386076416493,1119386076419178,0,0,16,0,128,256,1,1,5120,1,1
"KERNEL_DISPATCH","Agent 2",1,0,1069504,522,3,"__amd_rocclr_fillBufferAligned",522,1119386076421883,1119386076424007,0,0,16,0,128,256,1,1,5120,1,1
"KERNEL_DISPATCH","Agent 2",1,0,1069504,523,3,"__amd_rocclr_fillBufferAligned",523,1119386076426723,1119386076429167,0,0,16,0,128,256,1,1,5120,1,1
"KERNEL_DISPATCH","Agent 2",1,0,1069504,524,3,"__amd_rocclr_fillBufferAligned",524,1119386076432222,1119386076434507,0,0,16,0,128,256,1,1,5120,1,1
"KERNEL_DISPATCH","Agent 2",1,0,1069504,525,3,"__amd_rocclr_fillBufferAligned",525,1119386076437493,1119386076440819,0,0,16,0,128,256,1,1,5120,1,1
"KERNEL_DISPATCH","Agent 2",1,0,1069504,526,3,"__amd_rocclr_fillBufferAligned",526,1119386076443123,1119386076445407,0,0,16,0,128,256,1,1,5120,1,1
"KERNEL_DISPATCH","Agent 2",1,0,1069504,527,3,"__amd_rocclr_fillBufferAligned",527,1119386076447863,1119386076449866,0,0,16,0,128,256,1,1,5120,1,1
"KERNEL_DISPATCH","Agent 2",1,0,1069504,528,3,"__amd_rocclr_fillBufferAligned",528,1119386076452490,1119386076454695,0,0,16,0,128,256,1,1,5120,1,1
"KERNEL_DISPATCH","Agent 2",1,0,1069504,529,3,"__amd_rocclr_fillBufferAligned",529,1119386076457429,1119386076460355,0,0,16,0,128,256,1,1,5120,1,1
"KERNEL_DISPATCH","Agent 2",1,0,1069504,530,3,"__amd_rocclr_fillBufferAligned",530,1119386076462759,1119386076465004,0,0,16,0,128,256,1,1,5120,1,1
"KERNEL_DISPATCH","Agent 2",1,0,1069504,531,3,"__amd_rocclr_fillBufferAligned",531,1119386076468079,1119386076470444,0,0,16,0,128,256,1,1,5120,1,1
"KERNEL_DISPATCH","Agent 2",1,0,1069504,532,3,"__amd_rocclr_fillBufferAligned",532,1119386076472318,1119386076474001,0,0,16,0,128,256,1,1,5120,1,1
"KERNEL_DISPATCH","Agent 2",1,0,1069504,533,3,"__amd_rocclr_fillBufferAligned",533,1119386076476315,1119386076477878,0,0,16,0,128,256,1,1,5120,1,1
"KERNEL_DISPATCH","Agent 2",1,0,1069504,534,3,"__amd_rocclr_fillBufferAligned",534,1119386076480953,1119386076482596,0,0,16,0,128,256,1,1,5120,1,1
"KERNEL_DISPATCH","Agent 2",1,0,1069504,535,3,"__amd_rocclr_fillBufferAligned",535,1119386076485001,1119386076486684,0,0,16,0,128,256,1,1,5120,1,1
"KERNEL_DISPATCH","Agent 2",1,0,1069504,536,3,"__amd_rocclr_fillBufferAligned",536,1119386076488638,1119386076490321,0,0,16,0,128,256,1,1,5120,1,1
"KERNEL_DISPATCH","Agent 2",1,0,1069504,537,3,"__amd_rocclr_fillBufferAligned",537,1119386076492726,1119386076494289,0,0,16,0,128,256,1,1,5120,1,1
"KERNEL_DISPATCH","Agent 2",1,0,1069504,538,3,"__amd_rocclr_fillBufferAligned",538,1119386076497184,1119386076498827,0,0,16,0,128,256,1,1,5120,1,1
"KERNEL_DISPATCH","Agent 2",1,0,1069504,539,3,"__amd_rocclr_fillBufferAligned",539,1119386076501131,1119386076502895,0,0,16,0,128,256,1,1,5120,1,1
"KERNEL_DISPATCH","Agent 2",1,0,1069504,540,3,"__amd_rocclr_fillBufferAligned",540,1119386076505279,1119386076507162,0,0,16,0,128,256,1,1,5120,1,1
"KERNEL_DISPATCH","Agent 2",1,0,1069504,541,3,"__amd_rocclr_fillBufferAligned",541,1119386076509687,1119386076511370,0,0,16,0,128,256,1,1,5120,1,1
"KERNEL_DISPATCH","Agent 2",1,0,1069504,542,3,"__amd_rocclr_fillBufferAligned",542,1119386076513263,1119386076514947,0,0,16,0,128,256,1,1,5120,1,1
"KERNEL_DISPATCH","Agent 2",1,0,1069504,543,3,"__amd_rocclr_fillBufferAligned",543,1119386076516760,1119386076518203,0,0,16,0,128,256,1,1,5120,1,1
"KERNEL_DISPATCH","Agent 2",1,0,1069504,544,3,"__amd_rocclr_fillBufferAligned",544,1119386076521269,1119386076522671,0,0,16,0,128,256,1,1,1024,1,1
"KERNEL_DISPATCH","Agent 2",1,0,1069504,545,3,"__amd_rocclr_fillBufferAligned",545,1119386076525036,1119386076526238,0,0,16,0,128,256,1,1,1024,1,1
"KERNEL_DISPATCH","Agent 2",1,0,1069504,546,3,"__amd_rocclr_fillBufferAligned",546,1119386076528763,1119386076530125,0,0,16,0,128,256,1,1,1024,1,1
"KERNEL_DISPATCH","Agent 2",1,0,1069504,547,3,"__amd_rocclr_fillBufferAligned",547,1119386076532120,1119386076533642,0,0,16,0,128,256,1,1,1024,1,1
"KERNEL_DISPATCH","Agent 2",1,0,1069504,548,3,"__amd_rocclr_fillBufferAligned",548,1119386076536457,1119386076537379,0,0,16,0,128,256,1,1,1024,1,1
"KERNEL_DISPATCH","Agent 2",1,0,1069504,549,3,"__amd_rocclr_fillBufferAligned",549,1119386076539663,1119386076540986,0,0,16,0,128,256,1,1,1024,1,1
"KERNEL_DISPATCH","Agent 2",1,0,1069504,550,3,"__amd_rocclr_fillBufferAligned",550,1119386076543009,1119386076543971,0,0,16,0,128,256,1,1,1024,1,1
"KERNEL_DISPATCH","Agent 2",1,0,1069504,551,3,"__amd_rocclr_fillBufferAligned",551,1119386076546716,1119386076547838,0,0,16,0,128,256,1,1,1024,1,1
"KERNEL_DISPATCH","Agent 2",1,0,1069504,552,3,"__amd_rocclr_fillBufferAligned",552,1119386076550003,1119386076550924,0,0,16,0,128,256,1,1,1024,1,1
"KERNEL_DISPATCH","Agent 2",1,0,1069504,553,3,"__amd_rocclr_fillBufferAligned",553,1119386076553289,1119386076554611,0,0,16,0,128,256,1,1,1024,1,1
"KERNEL_DISPATCH","Agent 2",1,0,1069504,554,3,"__amd_rocclr_fillBufferAligned",554,1119386076556855,1119386076557857,0,0,16,0,128,256,1,1,1024,1,1
"KERNEL_DISPATCH","Agent 2",1,0,1069504,555,3,"__amd_rocclr_fillBufferAligned",555,1119386076560021,1119386076561825,0,0,16,0,128,256,1,1,1024,1,1
"KERNEL_DISPATCH","Agent 2",1,0,1069504,556,3,"__amd_rocclr_fillBufferAligned",556,1119386076564069,1119386076565151,0,0,16,0,128,256,1,1,1024,1,1
"KERNEL_DISPATCH","Agent 2",1,0,1069504,557,3,"__amd_rocclr_fillBufferAligned",557,1119386076567475,1119386076568637,0,0,16,0,128,256,1,1,1024,1,1
"KERNEL_DISPATCH","Agent 2",1,0,1069504,558,3,"__amd_rocclr_fillBufferAligned",558,1119386076570230,1119386076571232,0,0,16,0,128,256,1,1,1024,1,1
"KERNEL_DISPATCH","Agent 2",1,0,1069504,559,3,"__amd_rocclr_fillBufferAligned",559,1119386076573747,1119386076574869,0,0,16,0,128,256,1,1,1024,1,1
"KERNEL_DISPATCH","Agent 2",1,0,1069504,560,3,"__amd_rocclr_fillBufferAligned",560,1119386076577574,1119386076578536,0,0,16,0,128,256,1,1,1024,1,1
"KERNEL_DISPATCH","Agent 2",1,0,1069504,561,3,"__amd_rocclr_fillBufferAligned",561,1119386076580380,1119386076581542,0,0,16,0,128,256,1,1,1024,1,1
"KERNEL_DISPATCH","Agent 2",1,0,1069504,562,3,"__amd_rocclr_fillBufferAligned",562,1119386076584267,1119386076585188,0,0,16,0,128,256,1,1,1024,1,1
"KERNEL_DISPATCH","Agent 2",1,0,1069504,563,3,"__amd_rocclr_fillBufferAligned",563,1119386076587433,1119386076589156,0,0,16,0,128,256,1,1,1024,1,1
"KERNEL_DISPATCH","Agent 2",1,0,1069504,564,3,"__amd_rocclr_fillBufferAligned",564,1119386076591440,1119386076592442,0,0,16,0,128,256,1,1,1024,1,1
"KERNEL_DISPATCH","Agent 2",1,0,1069504,565,3,"__amd_rocclr_fillBufferAligned",565,1119386076594216,1119386076595418,0,0,16,0,128,256,1,1,1024,1,1
"KERNEL_DISPATCH","Agent 2",1,0,1069504,566,3,"__amd_rocclr_fillBufferAligned",566,1119386076598493,1119386076599455,0,0,16,0,128,256,1,1,1024,1,1
"KERNEL_DISPATCH","Agent 2",1,0,1069504,567,3,"__amd_rocclr_fillBufferAligned",567,1119386076601900,1119386076603062,0,0,16,0,128,256,1,1,1024,1,1
"KERNEL_DISPATCH","Agent 2",1,0,1069504,568,3,"__amd_rocclr_fillBufferAligned",568,1119386076604605,1119386076605567,0,0,16,0,128,256,1,1,1024,1,1
"KERNEL_DISPATCH","Agent 2",1,0,1069504,569,3,"__amd_rocclr_fillBufferAligned",569,1119386076608432,1119386076609594,0,0,16,0,128,256,1,1,1024,1,1
"KERNEL_DISPATCH","Agent 2",1,0,1069504,570,3,"__amd_rocclr_fillBufferAligned",570,1119386076611918,1119386076612840,0,0,16,0,128,256,1,1,1024,1,1
"KERNEL_DISPATCH","Agent 2",1,0,1069504,571,3,"__amd_rocclr_fillBufferAligned",571,1119386076615044,1119386076616487,0,0,16,0,128,256,1,1,1024,1,1
"KERNEL_DISPATCH","Agent 2",1,0,1069504,572,3,"__amd_rocclr_fillBufferAligned",572,1119386076618381,1119386076619423,0,0,16,0,128,256,1,1,1024,1,1
"KERNEL_DISPATCH","Agent 2",1,0,1069504,573,3,"__amd_rocclr_fillBufferAligned",573,1119386076621647,1119386076622809,0,0,16,0,128,256,1,1,1024,1,1
"KERNEL_DISPATCH","Agent 2",1,0,1069504,574,3,"__amd_rocclr_fillBufferAligned",574,1119386076625624,1119386076626666,0,0,16,0,128,256,1,1,5120,1,1
"KERNEL_DISPATCH","Agent 2",1,0,1069504,575,3,"__amd_rocclr_fillBufferAligned",575,1119386076629191,1119386076630192,0,0,16,0,128,256,1,1,5120,1,1
"KERNEL_DISPATCH","Agent 2",1,0,1069504,577,3,"__amd_rocclr_fillBufferAligned",577,1119386076635072,1119386076636194,0,0,16,0,128,256,1,1,5120,1,1
"KERNEL_DISPATCH","Agent 2",1,0,1069504,576,3,"__amd_rocclr_fillBufferAligned",576,1119386076632557,1119386076633559,0,0,16,0,128,256,1,1,5120,1,1
"KERNEL_DISPATCH","Agent 2",1,0,1069504,578,3,"__amd_rocclr_fillBufferAligned",578,1119386076639089,1119386076640492,0,0,16,0,128,256,1,1,5120,1,1
"KERNEL_DISPATCH","Agent 2",1,0,1069504,579,3,"__amd_rocclr_fillBufferAligned",579,1119386076643016,1119386076644299,0,0,16,0,128,256,1,1,5120,1,1
"KERNEL_DISPATCH","Agent 2",1,0,1069504,580,3,"__amd_rocclr_fillBufferAligned",580,1119386076646122,1119386076647445,0,0,16,0,128,256,1,1,5120,1,1
"KERNEL_DISPATCH","Agent 2",1,0,1069504,581,3,"__amd_rocclr_fillBufferAligned",581,1119386076650150,1119386076651472,0,0,16,0,128,256,1,1,5120,1,1
"KERNEL_DISPATCH","Agent 2",1,0,1069504,582,3,"__amd_rocclr_fillBufferAligned",582,1119386076653167,1119386076654208,0,0,16,0,128,256,1,1,5120,1,1
"KERNEL_DISPATCH","Agent 2",1,0,1069504,583,3,"__amd_rocclr_fillBufferAligned",583,1119386076657163,1119386076658165,0,0,16,0,128,256,1,1,5120,1,1
"KERNEL_DISPATCH","Agent 2",1,0,1069504,584,3,"__amd_rocclr_fillBufferAligned",584,1119386076659808,1119386076660970,0,0,16,0,128,256,1,1,5120,1,1
"KERNEL_DISPATCH","Agent 2",1,0,1069504,585,3,"__amd_rocclr_fillBufferAligned",585,1119386076663815,1119386076664857,0,0,16,0,128,256,1,1,5120,1,1
"KERNEL_DISPATCH","Agent 2",1,0,1069504,586,3,"__amd_rocclr_fillBufferAligned",586,1119386076666571,1119386076667573,0,0,16,0,128,256,1,1,5120,1,1
"KERNEL_DISPATCH","Agent 2",1,0,1069504,587,3,"__amd_rocclr_fillBufferAligned",587,1119386076669727,1119386076671049,0,0,16,0,128,256,1,1,5120,1,1
"KERNEL_DISPATCH","Agent 2",1,0,1069504,588,3,"__amd_rocclr_fillBufferAligned",588,1119386076673954,1119386076675197,0,0,16,0,128,256,1,1,5120,1,1
"KERNEL_DISPATCH","Agent 2",1,0,1069504,589,3,"__amd_rocclr_fillBufferAligned",589,1119386076676760,1119386076677842,0,0,16,0,128,256,1,1,5120,1,1
"KERNEL_DISPATCH","Agent 2",1,0,1069504,590,3,"__amd_rocclr_fillBufferAligned",590,1119386076680847,1119386076681849,0,0,16,0,128,256,1,1,5120,1,1
"KERNEL_DISPATCH","Agent 2",1,0,1069504,591,3,"__amd_rocclr_fillBufferAligned",591,1119386076684213,1119386076685255,0,0,16,0,128,256,1,1,5120,1,1
"KERNEL_DISPATCH","Agent 2",1,0,1069504,592,3,"__amd_rocclr_fillBufferAligned",592,1119386076686979,1119386076688141,0,0,16,0,128,256,1,1,5120,1,1
"KERNEL_DISPATCH","Agent 2",1,0,1069504,593,3,"__amd_rocclr_fillBufferAligned",593,1119386076690946,1119386076692028,0,0,16,0,128,256,1,1,5120,1,1
"KERNEL_DISPATCH","Agent 2",1,0,1069504,594,3,"__amd_rocclr_fillBufferAligned",594,1119386076694312,1119386076695314,0,0,16,0,128,256,1,1,5120,1,1
"KERNEL_DISPATCH","Agent 2",1,0,1069504,595,3,"__amd_rocclr_fillBufferAligned",595,1119386076697679,1119386076699001,0,0,16,0,128,256,1,1,5120,1,1
"KERNEL_DISPATCH","Agent 2",1,0,1069504,596,3,"__amd_rocclr_fillBufferAligned",596,1119386076701366,1119386076702608,0,0,16,0,128,256,1,1,5120,1,1
"KERNEL_DISPATCH","Agent 2",1,0,1069504,597,3,"__amd_rocclr_fillBufferAligned",597,1119386076705253,1119386076706375,0,0,16,0,128,256,1,1,5120,1,1
"KERNEL_DISPATCH","Agent 2",1,0,1069504,598,3,"__amd_rocclr_fillBufferAligned",598,1119386076708900,1119386076709942,0,0,16,0,128,256,1,1,5120,1,1
"KERNEL_DISPATCH","Agent 2",1,0,1069504,599,3,"__amd_rocclr_fillBufferAligned",599,1119386076711996,1119386076713038,0,0,16,0,128,256,1,1,5120,1,1
"KERNEL_DISPATCH","Agent 2",1,0,1069504,600,3,"__amd_rocclr_fillBufferAligned",600,1119386076715182,1119386076716424,0,0,16,0,128,256,1,1,5120,1,1
"KERNEL_DISPATCH","Agent 2",1,0,1069504,601,3,"__amd_rocclr_fillBufferAligned",601,1119386076719039,1119386076720121,0,0,16,0,128,256,1,1,5120,1,1
"KERNEL_DISPATCH","Agent 2",1,0,1069504,602,3,"__amd_rocclr_fillBufferAligned",602,1119386076721834,1119386076722876,0,0,16,0,128,256,1,1,5120,1,1
"KERNEL_DISPATCH","Agent 2",1,0,1069504,603,3,"__amd_rocclr_fillBufferAligned",603,1119386076725651,1119386076726973,0,0,16,0,128,256,1,1,5120,1,1
"KERNEL_DISPATCH","Agent 2",1,0,1069504,604,3,"__amd_rocclr_fillBufferAligned",604,1119386076729378,1119386076731702,0,0,16,0,128,256,1,1,5120,1,1
"KERNEL_DISPATCH","Agent 2",1,0,1069504,605,3,"__amd_rocclr_fillBufferAligned",605,1119386076734147,1119386076736992,0,0,16,0,128,256,1,1,5120,1,1
"KERNEL_DISPATCH","Agent 2",1,0,1069504,606,3,"__amd_rocclr_fillBufferAligned",606,1119386076739998,1119386076744486,0,0,16,0,128,256,1,1,5120,1,1
"KERNEL_DISPATCH","Agent 2",1,0,1069504,607,3,"__amd_rocclr_fillBufferAligned",607,1119386076747322,1119386076751570,0,0,16,0,128,256,1,1,5120,1,1
"KERNEL_DISPATCH","Agent 2",1,0,1069504,608,3,"__amd_rocclr_fillBufferAligned",608,1119386076754625,1119386076758953,0,0,16,0,128,256,1,1,5120,1,1
"KERNEL_DISPATCH","Agent 2",1,0,1069504,609,3,"__amd_rocclr_fillBufferAligned",609,1119386076761328,1119386076766458,0,0,16,0,128,256,1,1,5120,1,1
"KERNEL_DISPATCH","Agent 2",1,0,1069504,610,3,"__amd_rocclr_fillBufferAligned",610,1119386076769262,1119386076774953,0,0,16,0,128,256,1,1,5120,1,1
"KERNEL_DISPATCH","Agent 2",1,0,1069504,611,3,"__amd_rocclr_fillBufferAligned",611,1119386076777748,1119386076782517,0,0,16,0,128,256,1,1,5120,1,1
"KERNEL_DISPATCH","Agent 2",1,0,1069504,612,3,"__amd_rocclr_fillBufferAligned",612,1119386076785763,1119386076790051,0,0,16,0,128,256,1,1,5120,1,1
"KERNEL_DISPATCH","Agent 2",1,0,1069504,613,3,"__amd_rocclr_fillBufferAligned",613,1119386076793097,1119386076797585,0,0,16,0,128,256,1,1,5120,1,1
"KERNEL_DISPATCH","Agent 2",1,0,1069504,614,3,"__amd_rocclr_fillBufferAligned",614,1119386076800101,1119386076805711,0,0,16,0,128,256,1,1,5120,1,1
"KERNEL_DISPATCH","Agent 2",1,0,1069504,615,3,"__amd_rocclr_fillBufferAligned",615,1119386076808366,1119386076812654,0,0,16,0,128,256,1,1,5120,1,1
"KERNEL_DISPATCH","Agent 2",1,0,1069504,616,3,"__amd_rocclr_fillBufferAligned",616,1119386076815339,1119386076819507,0,0,16,0,128,256,1,1,5120,1,1
"KERNEL_DISPATCH","Agent 2",1,0,1069504,617,3,"__amd_rocclr_fillBufferAligned",617,1119386076822592,1119386076827922,0,0,16,0,128,256,1,1,5120,1,1
"KERNEL_DISPATCH","Agent 2",1,0,1069504,618,3,"__amd_rocclr_fillBufferAligned",618,1119386076830447,1119386076835056,0,0,16,0,128,256,1,1,5120,1,1
"KERNEL_DISPATCH","Agent 2",1,0,1069504,619,3,"__amd_rocclr_fillBufferAligned",619,1119386076838302,1119386076843111,0,0,16,0,128,256,1,1,5120,1,1
"KERNEL_DISPATCH","Agent 2",1,0,1069504,620,3,"__amd_rocclr_fillBufferAligned",620,1119386076846277,1119386076850645,0,0,16,0,128,256,1,1,5120,1,1
"KERNEL_DISPATCH","Agent 2",1,0,1069504,621,3,"__amd_rocclr_fillBufferAligned",621,1119386076853931,1119386076858700,0,0,16,0,128,256,1,1,5120,1,1
"KERNEL_DISPATCH","Agent 2",1,0,1069504,622,3,"__amd_rocclr_fillBufferAligned",622,1119386076861305,1119386076865873,0,0,16,0,128,256,1,1,5120,1,1
"KERNEL_DISPATCH","Agent 2",1,0,1069504,623,3,"__amd_rocclr_fillBufferAligned",623,1119386076868999,1119386076873327,0,0,16,0,128,256,1,1,5120,1,1
"KERNEL_DISPATCH","Agent 2",1,0,1069504,624,3,"__amd_rocclr_fillBufferAligned",624,1119386076876293,1119386076880661,0,0,16,0,128,256,1,1,5120,1,1
"KERNEL_DISPATCH","Agent 2",1,0,1069504,625,3,"__amd_rocclr_fillBufferAligned",625,1119386076883787,1119386076889357,0,0,16,0,128,256,1,1,5120,1,1
"KERNEL_DISPATCH","Agent 2",1,0,1069504,626,3,"__amd_rocclr_fillBufferAligned",626,1119386076891882,1119386076896370,0,0,16,0,128,256,1,1,5120,1,1
"KERNEL_DISPATCH","Agent 2",1,0,1069504,627,3,"__amd_rocclr_fillBufferAligned",627,1119386076899616,1119386076904185,0,0,16,0,128,256,1,1,5120,1,1
"KERNEL_DISPATCH","Agent 2",1,0,1069504,628,3,"__amd_rocclr_fillBufferAligned",628,1119386076907271,1119386076911719,0,0,16,0,128,256,1,1,5120,1,1
"KERNEL_DISPATCH","Agent 2",1,0,1069504,629,3,"__amd_rocclr_fillBufferAligned",629,1119386076915005,1119386076919974,0,0,16,0,128,256,1,1,5120,1,1
"KERNEL_DISPATCH","Agent 2",1,0,1069504,630,3,"__amd_rocclr_fillBufferAligned",630,1119386076921837,1119386076926847,0,0,16,0,128,256,1,1,5120,1,1
"KERNEL_DISPATCH","Agent 2",1,0,1069504,631,3,"__amd_rocclr_fillBufferAligned",631,1119386076929993,1119386076934481,0,0,16,0,128,256,1,1,5120,1,1
"KERNEL_DISPATCH","Agent 2",1,0,1069504,632,3,"__amd_rocclr_fillBufferAligned",632,1119386076937207,1119386076941735,0,0,16,0,128,256,1,1,5120,1,1
"KERNEL_DISPATCH","Agent 2",1,0,1069504,633,3,"__amd_rocclr_fillBufferAligned",633,1119386076944360,1119386076949730,0,0,16,0,128,256,1,1,5120,1,1
"KERNEL_DISPATCH","Agent 2",1,0,1069504,634,6,"__amd_rocclr_copyBuffer",634,1119386078247267,1119386078249952,0,0,16,0,128,512,1,1,512,1,1
"KERNEL_DISPATCH","Agent 2",1,0,1069504,635,16,"embedding_q8_batched",635,1119386085302238,1119386085319030,0,0,8,0,128,256,1,1,21504,1,1
"KERNEL_DISPATCH","Agent 2",1,0,1069504,636,6,"__amd_rocclr_copyBuffer",636,1119386085329930,1119386085342393,0,0,16,0,128,512,1,1,512,1,1
"KERNEL_DISPATCH","Agent 2",1,0,1069504,637,17,"fused_rmsnorm_mq_rotate",637,1119386089740187,1119386089769041,0,0,40,0,128,256,1,1,21504,1,1
"KERNEL_DISPATCH","Agent 2",1,0,1069504,638,20,"convert_f32_to_f16",638,1119386098587621,1119386098601206,0,0,8,0,128,256,1,1,172032,1,1
"KERNEL_DISPATCH","Agent 2",1,0,1069504,639,18,"gemm_qkvza_hfq4g256_wmma",639,1119386098608289,1119386099949838,0,0,80,0,128,32,1,1,24704,6,1
"KERNEL_DISPATCH","Agent 2",1,0,1069504,640,21,"fused_sigmoid_alpha_gate_f32",640,1119386110199884,1119386110207699,0,0,16,0,128,256,1,1,256,84,1
"KERNEL_DISPATCH","Agent 2",1,0,1069504,641,22,"conv1d_silu_split_f32",641,1119386116964854,1119386117053420,0,0,24,0,128,256,1,1,8192,1,1
"KERNEL_DISPATCH","Agent 2",1,0,1069504,642,23,"fused_qk_l2_norm_scale_f32",642,1119386135221703,1119386135263702,0,0,16,0,128,32,1,1,512,84,1
"KERNEL_DISPATCH","Agent 2",1,0,1069504,643,24,"repeat_interleave_qk_f32_batched",643,1119386142713712,1119386142764046,0,0,8,0,128,256,1,1,4096,84,1
"KERNEL_DISPATCH","Agent 2",1,0,1069504,644,25,"gated_delta_net_q8_fast",644,1119386143577126,1119386143989577,2048,0,64,0,128,32,1,1,1024,32,1
"KERNEL_DISPATCH","Agent 2",1,0,1069504,645,26,"gated_norm_f32",645,1119386144098150,1119386144136863,0,0,24,0,128,32,1,1,1024,84,1
"KERNEL_DISPATCH","Agent 2",1,0,1069504,646,27,"mq_rotate_x",646,1119386150666773,1119386150682042,0,0,32,0,128,32,1,1,512,84,1
"KERNEL_DISPATCH","Agent 2",1,0,1069504,647,20,"convert_f32_to_f16",647,1119386151930758,1119386151936047,0,0,8,0,128,256,1,1,344064,1,1
"KERNEL_DISPATCH","Agent 2",1,0,1069504,648,29,"gemm_hfq4g256_residual_wmma_k2x32",648,1119386151938311,1119386152057654,0,0,64,0,128,32,1,1,2048,6,1
"KERNEL_DISPATCH","Agent 2",1,0,1069504,649,30,"rmsnorm_f32",649,1119386152383894,1119386152390987,0,0,16,0,128,256,1,1,21504,1,1
"KERNEL_DISPATCH","Agent 2",1,0,1069504,650,27,"mq_rotate_x",650,1119386152393392,1119386152395596,0,0,32,0,128,32,1,1,256,84,1
"KERNEL_DISPATCH","Agent 2",1,0,1069504,651,31,"gemm_hfq4g256",651,1119386153072683,1119386153111555,0,0,32,0,128,32,1,1,8192,11,1
"KERNEL_DISPATCH","Agent 2",1,0,1069504,652,31,"gemm_hfq4g256",652,1119386153114280,1119386153124980,0,0,32,0,128,32,1,1,32,11,1
"KERNEL_DISPATCH","Agent 2",1,0,1069504,653,20,"convert_f32_to_f16",653,1119386153948810,1119386153952217,0,0,8,0,128,256,1,1,172032,1,1
"KERNEL_DISPATCH","Agent 2",1,0,1069504,654,32,"gemm_gate_up_hfq4g256_wmma_ldscoop_nosync",654,1119386153954430,1119386153984126,0,0,64,0,128,32,1,1,2048,6,1
"KERNEL_DISPATCH","Agent 2",1,0,1069504,655,33,"softmax_f32",655,1119386154535988,1119386154539475,0,0,16,0,128,256,1,1,21504,1,1
"KERNEL_DISPATCH","Agent 2",1,0,1069504,656,34,"moe_topk_renorm_k8_batched",656,1119386155086237,1119386155093370,10752,0,40,0,128,256,1,1,21504,1,1
"KERNEL_DISPATCH","Agent 2",1,0,1069504,657,35,"fused_silu_mul_mq_rotate",657,1119386155549864,1119386155552990,0,0,88,0,128,32,1,1,64,84,1
"KERNEL_DISPATCH","Agent 2",1,0,1069504,658,36,"gemv_hfq4g256_residual_sigmoid_scaled_gpu_batched",658,1119386162824106,1119386163331014,0,0,72,0,128,32,1,1,65536,84,1
"KERNEL_DISPATCH","Agent 2",1,0,1069504,659,40,"moe_scatter_fused_k8",659,1119386168449054,1119386168488248,0,0,24,0,128,256,1,1,256,1,1
"KERNEL_DISPATCH","Agent 2",1,0,1069504,660,45,"quantize_q8_1_mmq_ds4",660,1119386183661711,1119386183674334,0,0,24,0,128,256,1,1,512,84,1
"KERNEL_DISPATCH","Agent 2",1,0,1069504,661,41,"gemm_hfq4g256_moe_grouped_mmq_gfx1151",661,1119386183681998,1119386185253016,0,0,128,0,128,32,1,1,2048,282,1
"KERNEL_DISPATCH","Agent 2",1,0,1069504,662,46,"moe_gate_up_unscatter_k8",662,1119386185471224,1119386185499036,0,0,8,0,128,256,1,1,512,4512,1
"KERNEL_DISPATCH","Agent 2",1,0,1069504,663,35,"fused_silu_mul_mq_rotate",663,1119386185508584,1119386185515316,0,0,88,0,128,32,1,1,64,672,1
"KERNEL_DISPATCH","Agent 2",1,0,1069504,664,45,"quantize_q8_1_mmq_ds4",664,1119386185518112,1119386185521318,0,0,24,0,128,256,1,1,256,672,1
"KERNEL_DISPATCH","Agent 2",1,0,1069504,665,41,"gemm_hfq4g256_moe_grouped_mmq_gfx1151",665,1119386185524513,1119386186052821,0,0,128,0,128,32,1,1,4096,282,1
"KERNEL_DISPATCH","Agent 2",1,0,1069504,666,47,"moe_down_combine_grouped_k8",666,1119386195554579,1119386195610845,0,0,8,0,128,256,1,1,2048,84,1
"KERNEL_DISPATCH","Agent 2",1,0,1069504,667,17,"fused_rmsnorm_mq_rotate",667,1119386195620423,1119386195646792,0,0,40,0,128,256,1,1,21504,1,1
"KERNEL_DISPATCH","Agent 2",1,0,1069504,668,20,"convert_f32_to_f16",668,1119386195654126,1119386195664665,0,0,8,0,128,256,1,1,172032,1,1
"KERNEL_DISPATCH","Agent 2",1,0,1069504,669,18,"gemm_qkvza_hfq4g256_wmma",669,1119386195671157,1119386196927746,0,0,80,0,128,32,1,1,24704,6,1
"KERNEL_DISPATCH","Agent 2",1,0,1069504,670,21,"fused_sigmoid_alpha_gate_f32",670,1119386196931153,1119386196932796,0,0,16,0,128,256,1,1,256,84,1
"KERNEL_DISPATCH","Agent 2",1,0,1069504,671,22,"conv1d_silu_split_f32",671,1119386196936283,1119386196958124,0,0,24,0,128,256,1,1,8192,1,1
"KERNEL_DISPATCH","Agent 2",1,0,1069504,672,23,"fused_qk_l2_norm_scale_f32",672,1119386196959847,1119386196968222,0,0,16,0,128,32,1,1,512,84,1
"KERNEL_DISPATCH","Agent 2",1,0,1069504,673,24,"repeat_interleave_qk_f32_batched",673,1119386196970937,1119386196977669,0,0,8,0,128,256,1,1,4096,84,1
"KERNEL_DISPATCH","Agent 2",1,0,1069504,674,25,"gated_delta_net_q8_fast",674,1119386196980544,1119386197129984,2048,0,64,0,128,32,1,1,1024,32,1
"KERNEL_DISPATCH","Agent 2",1,0,1069504,675,26,"gated_norm_f32",675,1119386197133340,1119386197144521,0,0,24,0,128,32,1,1,1024,84,1
"KERNEL_DISPATCH","Agent 2",1,0,1069504,676,27,"mq_rotate_x",676,1119386197148039,1119386197151045,0,0,32,0,128,32,1,1,512,84,1
"KERNEL_DISPATCH","Agent 2",1,0,1069504,677,20,"convert_f32_to_f16",677,1119386197151865,1119386197155191,0,0,8,0,128,256,1,1,344064,1,1
"KERNEL_DISPATCH","Agent 2",1,0,1069504,678,29,"gemm_hfq4g256_residual_wmma_k2x32",678,1119386197158697,1119386197289783,0,0,64,0,128,32,1,1,2048,6,1
"KERNEL_DISPATCH","Agent 2",1,0,1069504,679,30,"rmsnorm_f32",679,1119386197293119,1119386197298690,0,0,16,0,128,256,1,1,21504,1,1
"KERNEL_DISPATCH","Agent 2",1,0,1069504,680,27,"mq_rotate_x",680,1119386197300593,1119386197302437,0,0,32,0,128,32,1,1,256,84,1
"KERNEL_DISPATCH","Agent 2",1,0,1069504,681,31,"gemm_hfq4g256",681,1119386197306135,1119386197341441,0,0,32,0,128,32,1,1,8192,11,1
"KERNEL_DISPATCH","Agent 2",1,0,1069504,682,31,"gemm_hfq4g256",682,1119386197343925,1119386197354545,0,0,32,0,128,32,1,1,32,11,1
"KERNEL_DISPATCH","Agent 2",1,0,1069504,683,20,"convert_f32_to_f16",683,1119386197356478,1119386197358602,0,0,8,0,128,256,1,1,172032,1,1
"KERNEL_DISPATCH","Agent 2",1,0,1069504,684,32,"gemm_gate_up_hfq4g256_wmma_ldscoop_nosync",684,1119386197360516,1119386197393457,0,0,64,0,128,32,1,1,2048,6,1
"KERNEL_DISPATCH","Agent 2",1,0,1069504,685,33,"softmax_f32",685,1119386197396773,1119386197399418,0,0,16,0,128,256,1,1,21504,1,1
"KERNEL_DISPATCH","Agent 2",1,0,1069504,686,34,"moe_topk_renorm_k8_batched",686,1119386197401031,1119386197407283,10752,0,40,0,128,256,1,1,21504,1,1
"KERNEL_DISPATCH","Agent 2",1,0,1069504,687,35,"fused_silu_mul_mq_rotate",687,1119386197410939,1119386197412863,0,0,88,0,128,32,1,1,64,84,1
"KERNEL_DISPATCH","Agent 2",1,0,1069504,688,36,"gemv_hfq4g256_residual_sigmoid_scaled_gpu_batched",688,1119386197416301,1119386197526547,0,0,72,0,128,32,1,1,65536,84,1
"KERNEL_DISPATCH","Agent 2",1,0,1069504,689,40,"moe_scatter_fused_k8",689,1119386197528129,1119386197536665,0,0,24,0,128,256,1,1,256,1,1
"KERNEL_DISPATCH","Agent 2",1,0,1069504,690,45,"quantize_q8_1_mmq_ds4",690,1119386197540814,1119386197543899,0,0,24,0,128,256,1,1,512,84,1
"KERNEL_DISPATCH","Agent 2",1,0,1069504,691,41,"gemm_hfq4g256_moe_grouped_mmq_gfx1151",691,1119386197545852,1119386198553136,0,0,128,0,128,32,1,1,2048,282,1
"KERNEL_DISPATCH","Agent 2",1,0,1069504,692,46,"moe_gate_up_unscatter_k8",692,1119386198555901,1119386198582029,0,0,8,0,128,256,1,1,512,4512,1
"KERNEL_DISPATCH","Agent 2",1,0,1069504,693,35,"fused_silu_mul_mq_rotate",693,1119386198584594,1119386198591286,0,0,88,0,128,32,1,1,64,672,1
"KERNEL_DISPATCH","Agent 2",1,0,1069504,694,45,"quantize_q8_1_mmq_ds4",694,1119386198593080,1119386198596006,0,0,24,0,128,256,1,1,256,672,1
"KERNEL_DISPATCH","Agent 2",1,0,1069504,695,41,"gemm_hfq4g256_moe_grouped_mmq_gfx1151",695,1119386198598820,1119386199201627,0,0,128,0,128,32,1,1,4096,282,1
"KERNEL_DISPATCH","Agent 2",1,0,1069504,696,47,"moe_down_combine_grouped_k8",696,1119386199208721,1119386199239538,0,0,8,0,128,256,1,1,2048,84,1
"KERNEL_DISPATCH","Agent 2",1,0,1069504,697,17,"fused_rmsnorm_mq_rotate",697,1119386199241562,1119386199247894,0,0,40,0,128,256,1,1,21504,1,1
"KERNEL_DISPATCH","Agent 2",1,0,1069504,698,20,"convert_f32_to_f16",698,1119386199250389,1119386199252553,0,0,8,0,128,256,1,1,172032,1,1
"KERNEL_DISPATCH","Agent 2",1,0,1069504,699,18,"gemm_qkvza_hfq4g256_wmma",699,1119386199255288,1119386199764360,0,0,80,0,128,32,1,1,24704,6,1
"KERNEL_DISPATCH","Agent 2",1,0,1069504,700,21,"fused_sigmoid_alpha_gate_f32",700,1119386199771103,1119386199772866,0,0,16,0,128,256,1,1,256,84,1
"KERNEL_DISPATCH","Agent 2",1,0,1069504,701,22,"conv1d_silu_split_f32",701,1119386199775019,1119386199796540,0,0,24,0,128,256,1,1,8192,1,1
"KERNEL_DISPATCH","Agent 2",1,0,1069504,702,23,"fused_qk_l2_norm_scale_f32",702,1119386199799305,1119386199807681,0,0,16,0,128,32,1,1,512,84,1
"KERNEL_DISPATCH","Agent 2",1,0,1069504,703,24,"repeat_interleave_qk_f32_batched",703,1119386199809895,1119386199816548,0,0,8,0,128,256,1,1,4096,84,1
"KERNEL_DISPATCH","Agent 2",1,0,1069504,704,25,"gated_delta_net_q8_fast",704,1119386199819102,1119386199965295,2048,0,64,0,128,32,1,1,1024,32,1
"KERNEL_DISPATCH","Agent 2",1,0,1069504,705,26,"gated_norm_f32",705,1119386199972329,1119386199983510,0,0,24,0,128,32,1,1,1024,84,1
"KERNEL_DISPATCH","Agent 2",1,0,1069504,706,27,"mq_rotate_x",706,1119386199986174,1119386199989060,0,0,32,0,128,32,1,1,512,84,1
"KERNEL_DISPATCH","Agent 2",1,0,1069504,707,20,"convert_f32_to_f16",707,1119386199991424,1119386199994871,0,0,8,0,128,256,1,1,344064,1,1
"KERNEL_DISPATCH","Agent 2",1,0,1069504,708,29,"gemm_hfq4g256_residual_wmma_k2x32",708,1119386199997235,1119386200123992,0,0,64,0,128,32,1,1,2048,6,1
"KERNEL_DISPATCH","Agent 2",1,0,1069504,709,30,"rmsnorm_f32",709,1119386200131125,1119386200136255,0,0,16,0,128,256,1,1,21504,1,1
"KERNEL_DISPATCH","Agent 2",1,0,1069504,710,27,"mq_rotate_x",710,1119386200138279,1119386200140043,0,0,32,0,128,32,1,1,256,84,1
"KERNEL_DISPATCH","Agent 2",1,0,1069504,711,31,"gemm_hfq4g256",711,1119386200142787,1119386200177813,0,0,32,0,128,32,1,1,8192,11,1
"KERNEL_DISPATCH","Agent 2",1,0,1069504,712,31,"gemm_hfq4g256",712,1119386200180078,1119386200190778,0,0,32,0,128,32,1,1,32,11,1
"KERNEL_DISPATCH","Agent 2",1,0,1069504,713,20,"convert_f32_to_f16",713,1119386200193242,1119386200195486,0,0,8,0,128,256,1,1,172032,1,1
"KERNEL_DISPATCH","Agent 2",1,0,1069504,714,32,"gemm_gate_up_hfq4g256_wmma_ldscoop_nosync",714,1119386200197650,1119386200230111,0,0,64,0,128,32,1,1,2048,6,1
"KERNEL_DISPATCH","Agent 2",1,0,1069504,715,33,"softmax_f32",715,1119386200232756,1119386200235561,0,0,16,0,128,256,1,1,21504,1,1
"KERNEL_DISPATCH","Agent 2",1,0,1069504,716,34,"moe_topk_renorm_k8_batched",716,1119386200238166,1119386200244377,10752,0,40,0,128,256,1,1,21504,1,1
"KERNEL_DISPATCH","Agent 2",1,0,1069504,717,35,"fused_silu_mul_mq_rotate",717,1119386200246782,1119386200248705,0,0,88,0,128,32,1,1,64,84,1
"KERNEL_DISPATCH","Agent 2",1,0,1069504,718,36,"gemv_hfq4g256_residual_sigmoid_scaled_gpu_batched",718,1119386200250901,1119386200360826,0,0,72,0,128,32,1,1,65536,84,1
"KERNEL_DISPATCH","Agent 2",1,0,1069504,719,40,"moe_scatter_fused_k8",719,1119386200367728,1119386200376064,0,0,24,0,128,256,1,1,256,1,1
"KERNEL_DISPATCH","Agent 2",1,0,1069504,720,45,"quantize_q8_1_mmq_ds4",720,1119386200378548,1119386200381674,0,0,24,0,128,256,1,1,512,84,1
"KERNEL_DISPATCH","Agent 2",1,0,1069504,721,41,"gemm_hfq4g256_moe_grouped_mmq_gfx1151",721,1119386200383909,1119386201411470,0,0,128,0,128,32,1,1,2048,282,1
"KERNEL_DISPATCH","Agent 2",1,0,1069504,722,46,"moe_gate_up_unscatter_k8",722,1119386201422881,1119386201449451,0,0,8,0,128,256,1,1,512,4512,1
"KERNEL_DISPATCH","Agent 2",1,0,1069504,723,35,"fused_silu_mul_mq_rotate",723,1119386201451995,1119386201458848,0,0,88,0,128,32,1,1,64,672,1
"KERNEL_DISPATCH","Agent 2",1,0,1069504,724,45,"quantize_q8_1_mmq_ds4",724,1119386201461573,1119386201464419,0,0,24,0,128,256,1,1,256,672,1
"KERNEL_DISPATCH","Agent 2",1,0,1069504,725,41,"gemm_hfq4g256_moe_grouped_mmq_gfx1151",725,1119386201466783,1119386202067867,0,0,128,0,128,32,1,1,4096,282,1
"KERNEL_DISPATCH","Agent 2",1,0,1069504,726,47,"moe_down_combine_grouped_k8",726,1119386202079409,1119386202112510,0,0,8,0,128,256,1,1,2048,84,1
"KERNEL_DISPATCH","Agent 2",1,0,1069504,727,17,"fused_rmsnorm_mq_rotate",727,1119386202114645,1119386202121177,0,0,40,0,128,256,1,1,21504,1,1
"KERNEL_DISPATCH","Agent 2",1,0,1069504,728,20,"convert_f32_to_f16",728,1119386214224879,1119386214238625,0,0,8,0,128,256,1,1,172032,1,1
"KERNEL_DISPATCH","Agent 2",1,0,1069504,729,48,"gemm_qkv_hfq4g256_wmma",729,1119386214247041,1119386215239016,0,0,80,0,128,32,1,1,18432,6,1
"KERNEL_DISPATCH","Agent 2",1,0,1069504,730,49,"deinterleave_f32_batched",730,1119386218429992,1119386218455119,0,0,8,0,128,256,1,1,4096,84,1
"KERNEL_DISPATCH","Agent 2",1,0,1069504,731,30,"rmsnorm_f32",731,1119386218471390,1119386218520241,0,0,16,0,128,256,1,1,344064,1,1
"KERNEL_DISPATCH","Agent 2",1,0,1069504,732,30,"rmsnorm_f32",732,1119386218526533,1119386218538596,0,0,16,0,128,256,1,1,43008,1,1
"KERNEL_DISPATCH","Agent 2",1,0,1069504,733,50,"rope_partial_halfsplit_batched_f32",733,1119386225933353,1119386225956997,0,0,24,0,128,32,1,1,32,84,1
"KERNEL_DISPATCH","Agent 2",1,0,1069504,734,51,"kv_cache_write_q8_0_batched",734,1119386235122335,1119386235135119,0,0,8,0,128,32,1,1,512,84,1
"KERNEL_DISPATCH","Agent 2",1,0,1069504,735,51,"kv_cache_write_q8_0_batched",735,1119386235143054,1119386235151350,0,0,8,0,128,32,1,1,512,84,1
"KERNEL_DISPATCH","Agent 2",1,0,1069504,736,52,"attention_q8_0_kv_batched",736,1119386235747024,1119386235997572,0,0,32,0,128,256,1,1,4096,84,1
"KERNEL_DISPATCH","Agent 2",1,0,1069504,737,53,"sigmoid_mul_f32",737,1119386236000417,1119386236034681,0,0,16,0,128,256,1,1,1048576,1,1
"KERNEL_DISPATCH","Agent 2",1,0,1069504,738,27,"mq_rotate_x",738,1119386236037108,1119386236041836,0,0,32,0,128,32,1,1,512,84,1
"KERNEL_DISPATCH","Agent 2",1,0,1069504,739,20,"convert_f32_to_f16",739,1119386236060440,1119386236064327,0,0,8,0,128,256,1,1,344064,1,1
"KERNEL_DISPATCH","Agent 2",1,0,1069504,740,29,"gemm_hfq4g256_residual_wmma_k2x32",740,1119386236068505,1119386236196465,0,0,64,0,128,32,1,1,2048,6,1
"KERNEL_DISPATCH","Agent 2",1,0,1069504,741,30,"rmsnorm_f32",741,1119386236199260,1119386236204670,0,0,16,0,128,256,1,1,21504,1,1
"KERNEL_DISPATCH","Agent 2",1,0,1069504,742,27,"mq_rotate_x",742,1119386236207154,1119386236208997,0,0,32,0,128,32,1,1,256,84,1
"KERNEL_DISPATCH","Agent 2",1,0,1069504,743,31,"gemm_hfq4g256",743,1119386236211723,1119386236247269,0,0,32,0,128,32,1,1,8192,11,1
"KERNEL_DISPATCH","Agent 2",1,0,1069504,744,31,"gemm_hfq4g256",744,1119386236249013,1119386236259994,0,0,32,0,128,32,1,1,32,11,1
"KERNEL_DISPATCH","Agent 2",1,0,1069504,745,20,"convert_f32_to_f16",745,1119386236262448,1119386236264372,0,0,8,0,128,256,1,1,172032,1,1
"KERNEL_DISPATCH","Agent 2",1,0,1069504,746,32,"gemm_gate_up_hfq4g256_wmma_ldscoop_nosync",746,1119386236266897,1119386236299277,0,0,64,0,128,32,1,1,2048,6,1
"KERNEL_DISPATCH","Agent 2",1,0,1069504,747,33,"softmax_f32",747,1119386236301931,1119386236304777,0,0,16,0,128,256,1,1,21504,1,1
"KERNEL_DISPATCH","Agent 2",1,0,1069504,748,34,"moe_topk_renorm_k8_batched",748,1119386236308063,1119386236314795,10752,0,40,0,128,256,1,1,21504,1,1
"KERNEL_DISPATCH","Agent 2",1,0,1069504,749,35,"fused_silu_mul_mq_rotate",749,1119386236317681,1119386236319364,0,0,88,0,128,32,1,1,64,84,1
"KERNEL_DISPATCH","Agent 2",1,0,1069504,750,36,"gemv_hfq4g256_residual_sigmoid_scaled_gpu_batched",750,1119386236322009,1119386236431854,0,0,72,0,128,32,1,1,65536,84,1
"KERNEL_DISPATCH","Agent 2",1,0,1069504,751,40,"moe_scatter_fused_k8",751,1119386236439188,1119386236447403,0,0,24,0,128,256,1,1,256,1,1
"KERNEL_DISPATCH","Agent 2",1,0,1069504,752,45,"quantize_q8_1_mmq_ds4",752,1119386236450489,1119386236453535,0,0,24,0,128,256,1,1,512,84,1
"KERNEL_DISPATCH","Agent 2",1,0,1069504,753,41,"gemm_hfq4g256_moe_grouped_mmq_gfx1151",753,1119386236456380,1119386237242450,0,0,128,0,128,32,1,1,2048,282,1
"KERNEL_DISPATCH","Agent 2",1,0,1069504,754,46,"moe_gate_up_unscatter_k8",754,1119386237245415,1119386237272105,0,0,8,0,128,256,1,1,512,4512,1
"KERNEL_DISPATCH","Agent 2",1,0,1069504,755,35,"fused_silu_mul_mq_rotate",755,1119386237274510,1119386237281443,0,0,88,0,128,32,1,1,64,672,1
"KERNEL_DISPATCH","Agent 2",1,0,1069504,756,45,"quantize_q8_1_mmq_ds4",756,1119386237283767,1119386237286653,0,0,24,0,128,256,1,1,256,672,1
"KERNEL_DISPATCH","Agent 2",1,0,1069504,757,41,"gemm_hfq4g256_moe_grouped_mmq_gfx1151",757,1119386237289137,1119386237749358,0,0,128,0,128,32,1,1,4096,282,1
"KERNEL_DISPATCH","Agent 2",1,0,1069504,758,47,"moe_down_combine_grouped_k8",758,1119386237752123,1119386237781698,0,0,8,0,128,256,1,1,2048,84,1
"KERNEL_DISPATCH","Agent 2",1,0,1069504,759,17,"fused_rmsnorm_mq_rotate",759,1119386237784344,1119386237790956,0,0,40,0,128,256,1,1,21504,1,1
"KERNEL_DISPATCH","Agent 2",1,0,1069504,760,20,"convert_f32_to_f16",760,1119386237793841,1119386237796045,0,0,8,0,128,256,1,1,172032,1,1
"KERNEL_DISPATCH","Agent 2",1,0,1069504,761,18,"gemm_qkvza_hfq4g256_wmma",761,1119386237798610,1119386238288967,0,0,80,0,128,32,1,1,24704,6,1
"KERNEL_DISPATCH","Agent 2",1,0,1069504,762,21,"fused_sigmoid_alpha_gate_f32",762,1119386238291732,1119386238293375,0,0,16,0,128,256,1,1,256,84,1
"KERNEL_DISPATCH","Agent 2",1,0,1069504,763,22,"conv1d_silu_split_f32",763,1119386238296060,1119386238318462,0,0,24,0,128,256,1,1,8192,1,1
"KERNEL_DISPATCH","Agent 2",1,0,1069504,764,23,"fused_qk_l2_norm_scale_f32",764,1119386238321187,1119386238329523,0,0,16,0,128,32,1,1,512,84,1
"KERNEL_DISPATCH","Agent 2",1,0,1069504,765,24,"repeat_interleave_qk_f32_batched",765,1119386238332127,1119386238338860,0,0,8,0,128,256,1,1,4096,84,1
"KERNEL_DISPATCH","Agent 2",1,0,1069504,766,25,"gated_delta_net_q8_fast",766,1119386238341786,1119386238488059,2048,0,64,0,128,32,1,1,1024,32,1
"KERNEL_DISPATCH","Agent 2",1,0,1069504,767,26,"gated_norm_f32",767,1119386238498409,1119386238509430,0,0,24,0,128,32,1,1,1024,84,1
"KERNEL_DISPATCH","Agent 2",1,0,1069504,768,27,"mq_rotate_x",768,1119386238511823,1119386238514949,0,0,32,0,128,32,1,1,512,84,1
"KERNEL_DISPATCH","Agent 2",1,0,1069504,769,20,"convert_f32_to_f16",769,1119386238516884,1119386238520210,0,0,8,0,128,256,1,1,344064,1,1
"KERNEL_DISPATCH","Agent 2",1,0,1069504,770,29,"gemm_hfq4g256_residual_wmma_k2x32",770,1119386238522564,1119386238653970,0,0,64,0,128,32,1,1,2048,6,1
"KERNEL_DISPATCH","Agent 2",1,0,1069504,771,30,"rmsnorm_f32",771,1119386238656775,1119386238662064,0,0,16,0,128,256,1,1,21504,1,1
"KERNEL_DISPATCH","Agent 2",1,0,1069504,772,27,"mq_rotate_x",772,1119386238664269,1119386238666272,0,0,32,0,128,32,1,1,256,84,1
"KERNEL_DISPATCH","Agent 2",1,0,1069504,773,31,"gemm_hfq4g256",773,1119386238668677,1119386238704143,0,0,32,0,128,32,1,1,8192,11,1
"KERNEL_DISPATCH","Agent 2",1,0,1069504,774,31,"gemm_hfq4g256",774,1119386238706077,1119386238716858,0,0,32,0,128,32,1,1,32,11,1
"KERNEL_DISPATCH","Agent 2",1,0,1069504,775,20,"convert_f32_to_f16",775,1119386238719532,1119386238721776,0,0,8,0,128,256,1,1,172032,1,1
"KERNEL_DISPATCH","Agent 2",1,0,1069504,776,32,"gemm_gate_up_hfq4g256_wmma_ldscoop_nosync",776,1119386238724301,1119386238757242,0,0,64,0,128,32,1,1,2048,6,1
"KERNEL_DISPATCH","Agent 2",1,0,1069504,777,33,"softmax_f32",777,1119386238759107,1119386238761792,0,0,16,0,128,256,1,1,21504,1,1
"KERNEL_DISPATCH","Agent 2",1,0,1069504,778,34,"moe_topk_renorm_k8_batched",778,1119386238764776,1119386238770988,10752,0,40,0,128,256,1,1,21504,1,1
"KERNEL_DISPATCH","Agent 2",1,0,1069504,779,35,"fused_silu_mul_mq_rotate",779,1119386238773553,1119386238775637,0,0,88,0,128,32,1,1,64,84,1
"KERNEL_DISPATCH","Agent 2",1,0,1069504,780,36,"gemv_hfq4g256_residual_sigmoid_scaled_gpu_batched",780,1119386238777671,1119386238887437,0,0,72,0,128,32,1,1,65536,84,1
"KERNEL_DISPATCH","Agent 2",1,0,1069504,781,40,"moe_scatter_fused_k8",781,1119386238890451,1119386238898547,0,0,24,0,128,256,1,1,256,1,1
"KERNEL_DISPATCH","Agent 2",1,0,1069504,782,45,"quantize_q8_1_mmq_ds4",782,1119386238900270,1119386238903356,0,0,24,0,128,256,1,1,512,84,1
"KERNEL_DISPATCH","Agent 2",1,0,1069504,783,41,"gemm_hfq4g256_moe_grouped_mmq_gfx1151",783,1119386238906441,1119386239387982,0,0,128,0,128,32,1,1,2048,282,1
"KERNEL_DISPATCH","Agent 2",1,0,1069504,784,46,"moe_gate_up_unscatter_k8",784,1119386239390266,1119386239416275,0,0,8,0,128,256,1,1,512,4512,1
"KERNEL_DISPATCH","Agent 2",1,0,1069504,785,35,"fused_silu_mul_mq_rotate",785,1119386239418719,1119386239425933,0,0,88,0,128,32,1,1,64,672,1
"KERNEL_DISPATCH","Agent 2",1,0,1069504,786,45,"quantize_q8_1_mmq_ds4",786,1119386239428258,1119386239431103,0,0,24,0,128,256,1,1,256,672,1
"KERNEL_DISPATCH","Agent 2",1,0,1069504,787,41,"gemm_hfq4g256_moe_grouped_mmq_gfx1151",787,1119386239433568,1119386239722388,0,0,128,0,128,32,1,1,4096,282,1
"KERNEL_DISPATCH","Agent 2",1,0,1069504,788,47,"moe_down_combine_grouped_k8",788,1119386239727176,1119386239750700,0,0,8,0,128,256,1,1,2048,84,1
"KERNEL_DISPATCH","Agent 2",1,0,1069504,789,17,"fused_rmsnorm_mq_rotate",789,1119386239753064,1119386239759476,0,0,40,0,128,256,1,1,21504,1,1
"KERNEL_DISPATCH","Agent 2",1,0,1069504,790,20,"convert_f32_to_f16",790,1119386239761841,1119386239763965,0,0,8,0,128,256,1,1,172032,1,1
"KERNEL_DISPATCH","Agent 2",1,0,1069504,791,18,"gemm_qkvza_hfq4g256_wmma",791,1119386239766369,1119386240235807,0,0,80,0,128,32,1,1,24704,6,1
"KERNEL_DISPATCH","Agent 2",1,0,1069504,792,21,"fused_sigmoid_alpha_gate_f32",792,1119386240238492,1119386240240055,0,0,16,0,128,256,1,1,256,84,1
"KERNEL_DISPATCH","Agent 2",1,0,1069504,793,22,"conv1d_silu_split_f32",793,1119386240242780,1119386240264220,0,0,24,0,128,256,1,1,8192,1,1
"KERNEL_DISPATCH","Agent 2",1,0,1069504,794,23,"fused_qk_l2_norm_scale_f32",794,1119386240266625,1119386240274720,0,0,16,0,128,32,1,1,512,84,1
"KERNEL_DISPATCH","Agent 2",1,0,1069504,795,24,"repeat_interleave_qk_f32_batched",795,1119386240277124,1119386240283897,0,0,8,0,128,256,1,1,4096,84,1
"KERNEL_DISPATCH","Agent 2",1,0,1069504,796,25,"gated_delta_net_q8_fast",796,1119386240286293,1119386240435091,2048,0,64,0,128,32,1,1,1024,32,1
"KERNEL_DISPATCH","Agent 2",1,0,1069504,797,26,"gated_norm_f32",797,1119386240437584,1119386240448525,0,0,24,0,128,32,1,1,1024,84,1
"KERNEL_DISPATCH","Agent 2",1,0,1069504,798,27,"mq_rotate_x",798,1119386240450509,1119386240453555,0,0,32,0,128,32,1,1,512,84,1
"KERNEL_DISPATCH","Agent 2",1,0,1069504,799,20,"convert_f32_to_f16",799,1119386240456380,1119386240459826,0,0,8,0,128,256,1,1,344064,1,1
"KERNEL_DISPATCH","Agent 2",1,0,1069504,800,29,"gemm_hfq4g256_residual_wmma_k2x32",800,1119386240462090,1119386240590571,0,0,64,0,128,32,1,1,2048,6,1
"KERNEL_DISPATCH","Agent 2",1,0,1069504,801,30,"rmsnorm_f32",801,1119386240593115,1119386240598205,0,0,16,0,128,256,1,1,21504,1,1
"KERNEL_DISPATCH","Agent 2",1,0,1069504,802,27,"mq_rotate_x",802,1119386240600489,1119386240604016,0,0,32,0,128,32,1,1,256,84,1
"KERNEL_DISPATCH","Agent 2",1,0,1069504,803,31,"gemm_hfq4g256",803,1119386240606340,1119386240641486,0,0,32,0,128,32,1,1,8192,11,1
"KERNEL_DISPATCH","Agent 2",1,0,1069504,804,31,"gemm_hfq4g256",804,1119386240643730,1119386240654470,0,0,32,0,128,32,1,1,32,11,1
"KERNEL_DISPATCH","Agent 2",1,0,1069504,805,20,"convert_f32_to_f16",805,1119386240656915,1119386240658878,0,0,8,0,128,256,1,1,172032,1,1
"KERNEL_DISPATCH","Agent 2",1,0,1069504,806,32,"gemm_gate_up_hfq4g256_wmma_ldscoop_nosync",806,1119386240661203,1119386240694425,0,0,64,0,128,32,1,1,2048,6,1
"KERNEL_DISPATCH","Agent 2",1,0,1069504,807,33,"softmax_f32",807,1119386240697070,1119386240699835,0,0,16,0,128,256,1,1,21504,1,1
"KERNEL_DISPATCH","Agent 2",1,0,1069504,808,34,"moe_topk_renorm_k8_batched",808,1119386240702049,1119386240708261,10752,0,40,0,128,256,1,1,21504,1,1
"KERNEL_DISPATCH","Agent 2",1,0,1069504,809,35,"fused_silu_mul_mq_rotate",809,1119386240710936,1119386240712579,0,0,88,0,128,32,1,1,64,84,1
"KERNEL_DISPATCH","Agent 2",1,0,1069504,810,36,"gemv_hfq4g256_residual_sigmoid_scaled_gpu_batched",810,1119386240714943,1119386240825109,0,0,72,0,128,32,1,1,65536,84,1
"KERNEL_DISPATCH","Agent 2",1,0,1069504,811,40,"moe_scatter_fused_k8",811,1119386240828075,1119386240836370,0,0,24,0,128,256,1,1,256,1,1
"KERNEL_DISPATCH","Agent 2",1,0,1069504,812,45,"quantize_q8_1_mmq_ds4",812,1119386240838935,1119386240842101,0,0,24,0,128,256,1,1,512,84,1
"KERNEL_DISPATCH","Agent 2",1,0,1069504,813,41,"gemm_hfq4g256_moe_grouped_mmq_gfx1151",813,1119386240844666,1119386241316628,0,0,128,0,128,32,1,1,2048,282,1
"KERNEL_DISPATCH","Agent 2",1,0,1069504,814,46,"moe_gate_up_unscatter_k8",814,1119386241319193,1119386241345442,0,0,8,0,128,256,1,1,512,4512,1
"KERNEL_DISPATCH","Agent 2",1,0,1069504,815,35,"fused_silu_mul_mq_rotate",815,1119386241348127,1119386241354780,0,0,88,0,128,32,1,1,64,672,1
"KERNEL_DISPATCH","Agent 2",1,0,1069504,816,45,"quantize_q8_1_mmq_ds4",816,1119386241357545,1119386241360430,0,0,24,0,128,256,1,1,256,672,1
"KERNEL_DISPATCH","Agent 2",1,0,1069504,817,41,"gemm_hfq4g256_moe_grouped_mmq_gfx1151",817,1119386241362875,1119386241619114,0,0,128,0,128,32,1,1,4096,282,1
"KERNEL_DISPATCH","Agent 2",1,0,1069504,818,47,"moe_down_combine_grouped_k8",818,1119386241621639,1119386241645363,0,0,8,0,128,256,1,1,2048,84,1
"KERNEL_DISPATCH","Agent 2",1,0,1069504,819,17,"fused_rmsnorm_mq_rotate",819,1119386241647468,1119386241654441,0,0,40,0,128,256,1,1,21504,1,1
"KERNEL_DISPATCH","Agent 2",1,0,1069504,820,20,"convert_f32_to_f16",820,1119386241657345,1119386241659870,0,0,8,0,128,256,1,1,172032,1,1
"KERNEL_DISPATCH","Agent 2",1,0,1069504,821,18,"gemm_qkvza_hfq4g256_wmma",821,1119386241662355,1119386242142573,0,0,80,0,128,32,1,1,24704,6,1
"KERNEL_DISPATCH","Agent 2",1,0,1069504,822,21,"fused_sigmoid_alpha_gate_f32",822,1119386242145097,1119386242146660,0,0,16,0,128,256,1,1,256,84,1
"KERNEL_DISPATCH","Agent 2",1,0,1069504,823,22,"conv1d_silu_split_f32",823,1119386242149185,1119386242171587,0,0,24,0,128,256,1,1,8192,1,1
"KERNEL_DISPATCH","Agent 2",1,0,1069504,824,23,"fused_qk_l2_norm_scale_f32",824,1119386242174192,1119386242182327,0,0,16,0,128,32,1,1,512,84,1
"KERNEL_DISPATCH","Agent 2",1,0,1069504,825,24,"repeat_interleave_qk_f32_batched",825,1119386242184932,1119386242191464,0,0,8,0,128,256,1,1,4096,84,1
"KERNEL_DISPATCH","Agent 2",1,0,1069504,826,25,"gated_delta_net_q8_fast",826,1119386242194069,1119386242344310,2048,0,64,0,128,32,1,1,1024,32,1
"KERNEL_DISPATCH","Agent 2",1,0,1069504,827,26,"gated_norm_f32",827,1119386242346665,1119386242358006,0,0,24,0,128,32,1,1,1024,84,1
"KERNEL_DISPATCH","Agent 2",1,0,1069504,828,27,"mq_rotate_x",828,1119386242360700,1119386242363826,0,0,32,0,128,32,1,1,512,84,1
"KERNEL_DISPATCH","Agent 2",1,0,1069504,829,20,"convert_f32_to_f16",829,1119386242365991,1119386242369317,0,0,8,0,128,256,1,1,344064,1,1
"KERNEL_DISPATCH","Agent 2",1,0,1069504,830,29,"gemm_hfq4g256_residual_wmma_k2x32",830,1119386242371833,1119386242501034,0,0,64,0,128,32,1,1,2048,6,1
"KERNEL_DISPATCH","Agent 2",1,0,1069504,831,30,"rmsnorm_f32",831,1119386242503848,1119386242509258,0,0,16,0,128,256,1,1,21504,1,1
"KERNEL_DISPATCH","Agent 2",1,0,1069504,832,27,"mq_rotate_x",832,1119386242511543,1119386242513386,0,0,32,0,128,32,1,1,256,84,1
"KERNEL_DISPATCH","Agent 2",1,0,1069504,833,31,"gemm_hfq4g256",833,1119386242515661,1119386242550526,0,0,32,0,128,32,1,1,8192,11,1
"KERNEL_DISPATCH","Agent 2",1,0,1069504,834,31,"gemm_hfq4g256",834,1119386242553001,1119386242563821,0,0,32,0,128,32,1,1,32,11,1
"KERNEL_DISPATCH","Agent 2",1,0,1069504,835,20,"convert_f32_to_f16",835,1119386242566606,1119386242568770,0,0,8,0,128,256,1,1,172032,1,1
"KERNEL_DISPATCH","Agent 2",1,0,1069504,836,32,"gemm_gate_up_hfq4g256_wmma_ldscoop_nosync",836,1119386242571195,1119386242603736,0,0,64,0,128,32,1,1,2048,6,1
"KERNEL_DISPATCH","Agent 2",1,0,1069504,837,33,"softmax_f32",837,1119386242606440,1119386242609045,0,0,16,0,128,256,1,1,21504,1,1
"KERNEL_DISPATCH","Agent 2",1,0,1069504,838,34,"moe_topk_renorm_k8_batched",838,1119386242611409,1119386242617701,10752,0,40,0,128,256,1,1,21504,1,1
"KERNEL_DISPATCH","Agent 2",1,0,1069504,839,35,"fused_silu_mul_mq_rotate",839,1119386242619956,1119386242622040,0,0,88,0,128,32,1,1,64,84,1
"KERNEL_DISPATCH","Agent 2",1,0,1069504,840,36,"gemv_hfq4g256_residual_sigmoid_scaled_gpu_batched",840,1119386242624634,1119386242734519,0,0,72,0,128,32,1,1,65536,84,1
"KERNEL_DISPATCH","Agent 2",1,0,1069504,841,40,"moe_scatter_fused_k8",841,1119386242737084,1119386242750670,0,0,24,0,128,256,1,1,256,1,1
"KERNEL_DISPATCH","Agent 2",1,0,1069504,842,45,"quantize_q8_1_mmq_ds4",842,1119386242753675,1119386242756761,0,0,24,0,128,256,1,1,512,84,1
"KERNEL_DISPATCH","Agent 2",1,0,1069504,843,41,"gemm_hfq4g256_moe_grouped_mmq_gfx1151",843,1119386242759566,1119386243236498,0,0,128,0,128,32,1,1,2048,282,1
"KERNEL_DISPATCH","Agent 2",1,0,1069504,844,46,"moe_gate_up_unscatter_k8",844,1119386243238623,1119386243264231,0,0,8,0,128,256,1,1,512,4512,1
"KERNEL_DISPATCH","Agent 2",1,0,1069504,845,35,"fused_silu_mul_mq_rotate",845,1119386243267396,1119386243274088,0,0,88,0,128,32,1,1,64,672,1
"KERNEL_DISPATCH","Agent 2",1,0,1069504,846,45,"quantize_q8_1_mmq_ds4",846,1119386243276653,1119386243279499,0,0,24,0,128,256,1,1,256,672,1
"KERNEL_DISPATCH","Agent 2",1,0,1069504,847,41,"gemm_hfq4g256_moe_grouped_mmq_gfx1151",847,1119386243282184,1119386243559061,0,0,128,0,128,32,1,1,4096,282,1
"KERNEL_DISPATCH","Agent 2",1,0,1069504,848,47,"moe_down_combine_grouped_k8",848,1119386243561706,1119386243586112,0,0,8,0,128,256,1,1,2048,84,1
"KERNEL_DISPATCH","Agent 2",1,0,1069504,849,17,"fused_rmsnorm_mq_rotate",849,1119386243588597,1119386243595089,0,0,40,0,128,256,1,1,21504,1,1
"KERNEL_DISPATCH","Agent 2",1,0,1069504,850,20,"convert_f32_to_f16",850,1119386243597814,1119386243600018,0,0,8,0,128,256,1,1,172032,1,1
"KERNEL_DISPATCH","Agent 2",1,0,1069504,851,48,"gemm_qkv_hfq4g256_wmma",851,1119386243602363,1119386243870184,0,0,80,0,128,32,1,1,18432,6,1
"KERNEL_DISPATCH","Agent 2",1,0,1069504,852,49,"deinterleave_f32_batched",852,1119386243875693,1119386243883107,0,0,8,0,128,256,1,1,4096,84,1
"KERNEL_DISPATCH","Agent 2",1,0,1069504,853,30,"rmsnorm_f32",853,1119386243885632,1119386243896011,0,0,16,0,128,256,1,1,344064,1,1
"KERNEL_DISPATCH","Agent 2",1,0,1069504,854,30,"rmsnorm_f32",854,1119386243898176,1119386243900861,0,0,16,0,128,256,1,1,43008,1,1
"KERNEL_DISPATCH","Agent 2",1,0,1069504,855,50,"rope_partial_halfsplit_batched_f32",855,1119386243903786,1119386243908274,0,0,24,0,128,32,1,1,32,84,1
"KERNEL_DISPATCH","Agent 2",1,0,1069504,856,51,"kv_cache_write_q8_0_batched",856,1119386243910460,1119386243912543,0,0,8,0,128,32,1,1,512,84,1
"KERNEL_DISPATCH","Agent 2",1,0,1069504,857,51,"kv_cache_write_q8_0_batched",857,1119386243915408,1119386243917211,0,0,8,0,128,32,1,1,512,84,1
"KERNEL_DISPATCH","Agent 2",1,0,1069504,858,52,"attention_q8_0_kv_batched",858,1119386243919615,1119386243983335,0,0,32,0,128,256,1,1,4096,84,1
"KERNEL_DISPATCH","Agent 2",1,0,1069504,859,53,"sigmoid_mul_f32",859,1119386243986100,1119386244022608,0,0,16,0,128,256,1,1,1048576,1,1
"KERNEL_DISPATCH","Agent 2",1,0,1069504,860,27,"mq_rotate_x",860,1119386244025114,1119386244029722,0,0,32,0,128,32,1,1,512,84,1
"KERNEL_DISPATCH","Agent 2",1,0,1069504,861,20,"convert_f32_to_f16",861,1119386244031986,1119386244035071,0,0,8,0,128,256,1,1,344064,1,1
"KERNEL_DISPATCH","Agent 2",1,0,1069504,862,29,"gemm_hfq4g256_residual_wmma_k2x32",862,1119386244037636,1119386244166597,0,0,64,0,128,32,1,1,2048,6,1
"KERNEL_DISPATCH","Agent 2",1,0,1069504,863,30,"rmsnorm_f32",863,1119386244169082,1119386244174011,0,0,16,0,128,256,1,1,21504,1,1
"KERNEL_DISPATCH","Agent 2",1,0,1069504,864,27,"mq_rotate_x",864,1119386244176255,1119386244177898,0,0,32,0,128,32,1,1,256,84,1
"KERNEL_DISPATCH","Agent 2",1,0,1069504,865,31,"gemm_hfq4g256",865,1119386244180343,1119386244215569,0,0,32,0,128,32,1,1,8192,11,1
"KERNEL_DISPATCH","Agent 2",1,0,1069504,866,31,"gemm_hfq4g256",866,1119386244217472,1119386244228373,0,0,32,0,128,32,1,1,32,11,1
"KERNEL_DISPATCH","Agent 2",1,0,1069504,867,20,"convert_f32_to_f16",867,1119386244231158,1119386244233282,0,0,8,0,128,256,1,1,172032,1,1
"KERNEL_DISPATCH","Agent 2",1,0,1069504,868,32,"gemm_gate_up_hfq4g256_wmma_ldscoop_nosync",868,1119386244235646,1119386244268227,0,0,64,0,128,32,1,1,2048,6,1
"KERNEL_DISPATCH","Agent 2",1,0,1069504,869,33,"softmax_f32",869,1119386244270974,1119386244273578,0,0,16,0,128,256,1,1,21504,1,1
"KERNEL_DISPATCH","Agent 2",1,0,1069504,870,34,"moe_topk_renorm_k8_batched",870,1119386244275852,1119386244282064,10752,0,40,0,128,256,1,1,21504,1,1
"KERNEL_DISPATCH","Agent 2",1,0,1069504,871,35,"fused_silu_mul_mq_rotate",871,1119386244284438,1119386244286442,0,0,88,0,128,32,1,1,64,84,1
"KERNEL_DISPATCH","Agent 2",1,0,1069504,872,36,"gemv_hfq4g256_residual_sigmoid_scaled_gpu_batched",872,1119386244289387,1119386244399032,0,0,72,0,128,32,1,1,65536,84,1
"KERNEL_DISPATCH","Agent 2",1,0,1069504,873,40,"moe_scatter_fused_k8",873,1119386244401026,1119386244409121,0,0,24,0,128,256,1,1,256,1,1
"KERNEL_DISPATCH","Agent 2",1,0,1069504,874,45,"quantize_q8_1_mmq_ds4",874,1119386244411906,1119386244414952,0,0,24,0,128,256,1,1,512,84,1
"KERNEL_DISPATCH","Agent 2",1,0,1069504,875,41,"gemm_hfq4g256_moe_grouped_mmq_gfx1151",875,1119386244417457,1119386244851749,0,0,128,0,128,32,1,1,2048,282,1
"KERNEL_DISPATCH","Agent 2",1,0,1069504,876,46,"moe_gate_up_unscatter_k8",876,1119386244857409,1119386244881895,0,0,8,0,128,256,1,1,512,4512,1
"KERNEL_DISPATCH","Agent 2",1,0,1069504,877,35,"fused_silu_mul_mq_rotate",877,1119386244884361,1119386244891173,0,0,88,0,128,32,1,1,64,672,1
"KERNEL_DISPATCH","Agent 2",1,0,1069504,878,45,"quantize_q8_1_mmq_ds4",878,1119386244893367,1119386244896172,0,0,24,0,128,256,1,1,256,672,1
"KERNEL_DISPATCH","Agent 2",1,0,1069504,879,41,"gemm_hfq4g256_moe_grouped_mmq_gfx1151",879,1119386244898457,1119386245146280,0,0,128,0,128,32,1,1,4096,282,1
"KERNEL_DISPATCH","Agent 2",1,0,1069504,880,47,"moe_down_combine_grouped_k8",880,1119386245149515,1119386245171597,0,0,8,0,128,256,1,1,2048,84,1
"KERNEL_DISPATCH","Agent 2",1,0,1069504,881,17,"fused_rmsnorm_mq_rotate",881,1119386245174402,1119386245181054,0,0,40,0,128,256,1,1,21504,1,1
"KERNEL_DISPATCH","Agent 2",1,0,1069504,882,20,"convert_f32_to_f16",882,1119386245183779,1119386245185983,0,0,8,0,128,256,1,1,172032,1,1
"KERNEL_DISPATCH","Agent 2",1,0,1069504,883,18,"gemm_qkvza_hfq4g256_wmma",883,1119386245188508,1119386245682352,0,0,80,0,128,32,1,1,24704,6,1
"KERNEL_DISPATCH","Agent 2",1,0,1069504,884,21,"fused_sigmoid_alpha_gate_f32",884,1119386245684997,1119386245686800,0,0,16,0,128,256,1,1,256,84,1
"KERNEL_DISPATCH","Agent 2",1,0,1069504,885,22,"conv1d_silu_split_f32",885,1119386245689285,1119386245711005,0,0,24,0,128,256,1,1,8192,1,1
"KERNEL_DISPATCH","Agent 2",1,0,1069504,886,23,"fused_qk_l2_norm_scale_f32",886,1119386245713070,1119386245721285,0,0,16,0,128,32,1,1,512,84,1
"KERNEL_DISPATCH","Agent 2",1,0,1069504,887,24,"repeat_interleave_qk_f32_batched",887,1119386245724170,1119386245730823,0,0,8,0,128,256,1,1,4096,84,1
"KERNEL_DISPATCH","Agent 2",1,0,1069504,888,25,"gated_delta_net_q8_fast",888,1119386245733648,1119386245884450,2048,0,64,0,128,32,1,1,1024,32,1
"KERNEL_DISPATCH","Agent 2",1,0,1069504,889,26,"gated_norm_f32",889,1119386245886995,1119386245898176,0,0,24,0,128,32,1,1,1024,84,1
"KERNEL_DISPATCH","Agent 2",1,0,1069504,890,27,"mq_rotate_x",890,1119386245900880,1119386245903726,0,0,32,0,128,32,1,1,512,84,1
"KERNEL_DISPATCH","Agent 2",1,0,1069504,891,20,"convert_f32_to_f16",891,1119386245911320,1119386245915408,0,0,8,0,128,256,1,1,344064,1,1
"KERNEL_DISPATCH","Agent 2",1,0,1069504,892,29,"gemm_hfq4g256_residual_wmma_k2x32",892,1119386245918433,1119386246046753,0,0,64,0,128,32,1,1,2048,6,1
"KERNEL_DISPATCH","Agent 2",1,0,1069504,893,30,"rmsnorm_f32",893,1119386246049719,1119386246054888,0,0,16,0,128,256,1,1,21504,1,1
"KERNEL_DISPATCH","Agent 2",1,0,1069504,894,27,"mq_rotate_x",894,1119386246056792,1119386246058836,0,0,32,0,128,32,1,1,256,84,1
"KERNEL_DISPATCH","Agent 2",1,0,1069504,895,31,"gemm_hfq4g256",895,1119386246061821,1119386246096566,0,0,32,0,128,32,1,1,8192,11,1
"KERNEL_DISPATCH","Agent 2",1,0,1069504,896,31,"gemm_hfq4g256",896,1119386246099011,1119386246109550,0,0,32,0,128,32,1,1,32,11,1
"KERNEL_DISPATCH","Agent 2",1,0,1069504,897,20,"convert_f32_to_f16",897,1119386246111885,1119386246113849,0,0,8,0,128,256,1,1,172032,1,1
"KERNEL_DISPATCH","Agent 2",1,0,1069504,898,32,"gemm_gate_up_hfq4g256_wmma_ldscoop_nosync",898,1119386246116323,1119386246149305,0,0,64,0,128,32,1,1,2048,6,1
"KERNEL_DISPATCH","Agent 2",1,0,1069504,899,33,"softmax_f32",899,1119386246151990,1119386246154555,0,0,16,0,128,256,1,1,21504,1,1
"KERNEL_DISPATCH","Agent 2",1,0,1069504,900,34,"moe_topk_renorm_k8_batched",900,1119386246157119,1119386246163331,10752,0,40,0,128,256,1,1,21504,1,1
"KERNEL_DISPATCH","Agent 2",1,0,1069504,901,35,"fused_silu_mul_mq_rotate",901,1119386246165716,1119386246167600,0,0,88,0,128,32,1,1,64,84,1
"KERNEL_DISPATCH","Agent 2",1,0,1069504,902,36,"gemv_hfq4g256_residual_sigmoid_scaled_gpu_batched",902,1119386246169984,1119386246279469,0,0,72,0,128,32,1,1,65536,84,1
"KERNEL_DISPATCH","Agent 2",1,0,1069504,903,40,"moe_scatter_fused_k8",903,1119386246282554,1119386246290689,0,0,24,0,128,256,1,1,256,1,1
"KERNEL_DISPATCH","Agent 2",1,0,1069504,904,45,"quantize_q8_1_mmq_ds4",904,1119386246293134,1119386246296179,0,0,24,0,128,256,1,1,512,84,1
"KERNEL_DISPATCH","Agent 2",1,0,1069504,905,41,"gemm_hfq4g256_moe_grouped_mmq_gfx1151",905,1119386246298704,1119386246809660,0,0,128,0,128,32,1,1,2048,282,1
"KERNEL_DISPATCH","Agent 2",1,0,1069504,906,46,"moe_gate_up_unscatter_k8",906,1119386246812665,1119386246837592,0,0,8,0,128,256,1,1,512,4512,1
"KERNEL_DISPATCH","Agent 2",1,0,1069504,907,35,"fused_silu_mul_mq_rotate",907,1119386246840157,1119386246846849,0,0,88,0,128,32,1,1,64,672,1
"KERNEL_DISPATCH","Agent 2",1,0,1069504,908,45,"quantize_q8_1_mmq_ds4",908,1119386246849244,1119386246852250,0,0,24,0,128,256,1,1,256,672,1
"KERNEL_DISPATCH","Agent 2",1,0,1069504,909,41,"gemm_hfq4g256_moe_grouped_mmq_gfx1151",909,1119386246855024,1119386247149054,0,0,128,0,128,32,1,1,4096,282,1
"KERNEL_DISPATCH","Agent 2",1,0,1069504,910,47,"moe_down_combine_grouped_k8",910,1119386247151699,1119386247173059,0,0,8,0,128,256,1,1,2048,84,1
"KERNEL_DISPATCH","Agent 2",1,0,1069504,911,17,"fused_rmsnorm_mq_rotate",911,1119386247175664,1119386247182437,0,0,40,0,128,256,1,1,21504,1,1
"KERNEL_DISPATCH","Agent 2",1,0,1069504,912,20,"convert_f32_to_f16",912,1119386247184661,1119386247186785,0,0,8,0,128,256,1,1,172032,1,1
"KERNEL_DISPATCH","Agent 2",1,0,1069504,913,18,"gemm_qkvza_hfq4g256_wmma",913,1119386247189530,1119386247678444,0,0,80,0,128,32,1,1,24704,6,1
"KERNEL_DISPATCH","Agent 2",1,0,1069504,914,21,"fused_sigmoid_alpha_gate_f32",914,1119386247680778,1119386247682582,0,0,16,0,128,256,1,1,256,84,1
"KERNEL_DISPATCH","Agent 2",1,0,1069504,915,22,"conv1d_silu_split_f32",915,1119386247685428,1119386247706948,0,0,24,0,128,256,1,1,8192,1,1
"KERNEL_DISPATCH","Agent 2",1,0,1069504,916,23,"fused_qk_l2_norm_scale_f32",916,1119386247709582,1119386247717597,0,0,16,0,128,32,1,1,512,84,1
"KERNEL_DISPATCH","Agent 2",1,0,1069504,917,24,"repeat_interleave_qk_f32_batched",917,1119386247719902,1119386247726434,0,0,8,0,128,256,1,1,4096,84,1
"KERNEL_DISPATCH","Agent 2",1,0,1069504,918,25,"gated_delta_net_q8_fast",918,1119386247729219,1119386247883508,2048,0,64,0,128,32,1,1,1024,32,1
"KERNEL_DISPATCH","Agent 2",1,0,1069504,919,26,"gated_norm_f32",919,1119386247886072,1119386247897975,0,0,24,0,128,32,1,1,1024,84,1
"KERNEL_DISPATCH","Agent 2",1,0,1069504,920,27,"mq_rotate_x",920,1119386247900419,1119386247903625,0,0,32,0,128,32,1,1,512,84,1
"KERNEL_DISPATCH","Agent 2",1,0,1069504,921,20,"convert_f32_to_f16",921,1119386247906350,1119386247909837,0,0,8,0,128,256,1,1,344064,1,1
"KERNEL_DISPATCH","Agent 2",1,0,1069504,922,29,"gemm_hfq4g256_residual_wmma_k2x32",922,1119386247912402,1119386248040681,0,0,64,0,128,32,1,1,2048,6,1
"KERNEL_DISPATCH","Agent 2",1,0,1069504,923,30,"rmsnorm_f32",923,1119386248043647,1119386248048737,0,0,16,0,128,256,1,1,21504,1,1
"KERNEL_DISPATCH","Agent 2",1,0,1069504,924,27,"mq_rotate_x",924,1119386248051221,1119386248052904,0,0,32,0,128,32,1,1,256,84,1
"KERNEL_DISPATCH","Agent 2",1,0,1069504,925,31,"gemm_hfq4g256",925,1119386248055389,1119386248090935,0,0,32,0,128,32,1,1,8192,11,1
"KERNEL_DISPATCH","Agent 2",1,0,1069504,926,31,"gemm_hfq4g256",926,1119386248093380,1119386248104240,0,0,32,0,128,32,1,1,32,11,1
"KERNEL_DISPATCH","Agent 2",1,0,1069504,927,20,"convert_f32_to_f16",927,1119386248106685,1119386248108649,0,0,8,0,128,256,1,1,172032,1,1
"KERNEL_DISPATCH","Agent 2",1,0,1069504,928,32,"gemm_gate_up_hfq4g256_wmma_ldscoop_nosync",928,1119386248111213,1119386248144315,0,0,64,0,128,32,1,1,2048,6,1
"KERNEL_DISPATCH","Agent 2",1,0,1069504,929,33,"softmax_f32",929,1119386248147080,1119386248149685,0,0,16,0,128,256,1,1,21504,1,1
"KERNEL_DISPATCH","Agent 2",1,0,1069504,930,34,"moe_topk_renorm_k8_batched",930,1119386248152450,1119386248159303,10752,0,40,0,128,256,1,1,21504,1,1
"KERNEL_DISPATCH","Agent 2",1,0,1069504,931,35,"fused_silu_mul_mq_rotate",931,1119386248162028,1119386248163712,0,0,88,0,128,32,1,1,64,84,1
"KERNEL_DISPATCH","Agent 2",1,0,1069504,932,36,"gemv_hfq4g256_residual_sigmoid_scaled_gpu_batched",932,1119386248166316,1119386248276723,0,0,72,0,128,32,1,1,65536,84,1
"KERNEL_DISPATCH","Agent 2",1,0,1069504,933,40,"moe_scatter_fused_k8",933,1119386248279138,1119386248287313,0,0,24,0,128,256,1,1,256,1,1
"KERNEL_DISPATCH","Agent 2",1,0,1069504,934,45,"quantize_q8_1_mmq_ds4",934,1119386248289948,1119386248293274,0,0,24,0,128,256,1,1,512,84,1
"KERNEL_DISPATCH","Agent 2",1,0,1069504,935,41,"gemm_hfq4g256_moe_grouped_mmq_gfx1151",935,1119386248296199,1119386248701998,0,0,128,0,128,32,1,1,2048,282,1
"KERNEL_DISPATCH","Agent 2",1,0,1069504,936,46,"moe_gate_up_unscatter_k8",936,1119386248704092,1119386248729139,0,0,8,0,128,256,1,1,512,4512,1
"KERNEL_DISPATCH","Agent 2",1,0,1069504,937,35,"fused_silu_mul_mq_rotate",937,1119386248731754,1119386248738487,0,0,88,0,128,32,1,1,64,672,1
"KERNEL_DISPATCH","Agent 2",1,0,1069504,938,45,"quantize_q8_1_mmq_ds4",938,1119386248741472,1119386248744598,0,0,24,0,128,256,1,1,256,672,1
"KERNEL_DISPATCH","Agent 2",1,0,1069504,939,41,"gemm_hfq4g256_moe_grouped_mmq_gfx1151",939,1119386248747122,1119386248981601,0,0,128,0,128,32,1,1,4096,282,1
"KERNEL_DISPATCH","Agent 2",1,0,1069504,940,47,"moe_down_combine_grouped_k8",940,1119386248984366,1119386249003482,0,0,8,0,128,256,1,1,2048,84,1
"KERNEL_DISPATCH","Agent 2",1,0,1069504,941,17,"fused_rmsnorm_mq_rotate",941,1119386249005807,1119386249012459,0,0,40,0,128,256,1,1,21504,1,1
"KERNEL_DISPATCH","Agent 2",1,0,1069504,942,20,"convert_f32_to_f16",942,1119386249015144,1119386249017468,0,0,8,0,128,256,1,1,172032,1,1
"KERNEL_DISPATCH","Agent 2",1,0,1069504,943,18,"gemm_qkvza_hfq4g256_wmma",943,1119386249019913,1119386249524737,0,0,80,0,128,32,1,1,24704,6,1
"KERNEL_DISPATCH","Agent 2",1,0,1069504,944,21,"fused_sigmoid_alpha_gate_f32",944,1119386249526690,1119386249528454,0,0,16,0,128,256,1,1,256,84,1
"KERNEL_DISPATCH","Agent 2",1,0,1069504,945,22,"conv1d_silu_split_f32",945,1119386249531629,1119386249553350,0,0,24,0,128,256,1,1,8192,1,1
"KERNEL_DISPATCH","Agent 2",1,0,1069504,946,23,"fused_qk_l2_norm_scale_f32",946,1119386249555875,1119386249564611,0,0,16,0,128,32,1,1,512,84,1
"KERNEL_DISPATCH","Agent 2",1,0,1069504,947,24,"repeat_interleave_qk_f32_batched",947,1119386249567096,1119386249573588,0,0,8,0,128,256,1,1,4096,84,1
"KERNEL_DISPATCH","Agent 2",1,0,1069504,948,25,"gated_delta_net_q8_fast",948,1119386249576754,1119386249724871,2048,0,64,0,128,32,1,1,1024,32,1
"KERNEL_DISPATCH","Agent 2",1,0,1069504,949,26,"gated_norm_f32",949,1119386249727596,1119386249739338,0,0,24,0,128,32,1,1,1024,84,1
"KERNEL_DISPATCH","Agent 2",1,0,1069504,950,27,"mq_rotate_x",950,1119386249741702,1119386249744908,0,0,32,0,128,32,1,1,512,84,1
"KERNEL_DISPATCH","Agent 2",1,0,1069504,951,20,"convert_f32_to_f16",951,1119386249747593,1119386249751320,0,0,8,0,128,256,1,1,344064,1,1
"KERNEL_DISPATCH","Agent 2",1,0,1069504,952,29,"gemm_hfq4g256_residual_wmma_k2x32",952,1119386249753885,1119386249883047,0,0,64,0,128,32,1,1,2048,6,1
"KERNEL_DISPATCH","Agent 2",1,0,1069504,953,30,"rmsnorm_f32",953,1119386249885732,1119386249890781,0,0,16,0,128,256,1,1,21504,1,1
"KERNEL_DISPATCH","Agent 2",1,0,1069504,954,27,"mq_rotate_x",954,1119386249893306,1119386249895269,0,0,32,0,128,32,1,1,256,84,1
"KERNEL_DISPATCH","Agent 2",1,0,1069504,955,31,"gemm_hfq4g256",955,1119386249897794,1119386249933300,0,0,32,0,128,32,1,1,8192,11,1
"KERNEL_DISPATCH","Agent 2",1,0,1069504,956,31,"gemm_hfq4g256",956,1119386249935785,1119386249946405,0,0,32,0,128,32,1,1,32,11,1
"KERNEL_DISPATCH","Agent 2",1,0,1069504,957,20,"convert_f32_to_f16",957,1119386249948058,1119386249950022,0,0,8,0,128,256,1,1,172032,1,1
"KERNEL_DISPATCH","Agent 2",1,0,1069504,958,32,"gemm_gate_up_hfq4g256_wmma_ldscoop_nosync",958,1119386249952456,1119386249985879,0,0,64,0,128,32,1,1,2048,6,1
"KERNEL_DISPATCH","Agent 2",1,0,1069504,959,33,"softmax_f32",959,1119386249989125,1119386249991730,0,0,16,0,128,256,1,1,21504,1,1
"KERNEL_DISPATCH","Agent 2",1,0,1069504,960,34,"moe_topk_renorm_k8_batched",960,1119386249994396,1119386250000567,10752,0,40,0,128,256,1,1,21504,1,1
"KERNEL_DISPATCH","Agent 2",1,0,1069504,961,35,"fused_silu_mul_mq_rotate",961,1119386250002421,1119386250004264,0,0,88,0,128,32,1,1,64,84,1
"KERNEL_DISPATCH","Agent 2",1,0,1069504,962,36,"gemv_hfq4g256_residual_sigmoid_scaled_gpu_batched",962,1119386250007319,1119386250117044,0,0,72,0,128,32,1,1,65536,84,1
"KERNEL_DISPATCH","Agent 2",1,0,1069504,963,40,"moe_scatter_fused_k8",963,1119386250119299,1119386250127354,0,0,24,0,128,256,1,1,256,1,1
"KERNEL_DISPATCH","Agent 2",1,0,1069504,964,45,"quantize_q8_1_mmq_ds4",964,1119386250129968,1119386250133054,0,0,24,0,128,256,1,1,512,84,1
"KERNEL_DISPATCH","Agent 2",1,0,1069504,965,41,"gemm_hfq4g256_moe_grouped_mmq_gfx1151",965,1119386250136320,1119386250636736,0,0,128,0,128,32,1,1,2048,282,1
"KERNEL_DISPATCH","Agent 2",1,0,1069504,966,46,"moe_gate_up_unscatter_k8",966,1119386250643829,1119386250669717,0,0,8,0,128,256,1,1,512,4512,1
"KERNEL_DISPATCH","Agent 2",1,0,1069504,967,35,"fused_silu_mul_mq_rotate",967,1119386250672443,1119386250679376,0,0,88,0,128,32,1,1,64,672,1
"KERNEL_DISPATCH","Agent 2",1,0,1069504,968,45,"quantize_q8_1_mmq_ds4",968,1119386250681900,1119386250684786,0,0,24,0,128,256,1,1,256,672,1
"KERNEL_DISPATCH","Agent 2",1,0,1069504,969,41,"gemm_hfq4g256_moe_grouped_mmq_gfx1151",969,1119386250687230,1119386250973846,0,0,128,0,128,32,1,1,4096,282,1
"KERNEL_DISPATCH","Agent 2",1,0,1069504,970,47,"moe_down_combine_grouped_k8",970,1119386250976491,1119386250998212,0,0,8,0,128,256,1,1,2048,84,1
"KERNEL_DISPATCH","Agent 2",1,0,1069504,971,17,"fused_rmsnorm_mq_rotate",971,1119386251001137,1119386251007669,0,0,40,0,128,256,1,1,21504,1,1
"KERNEL_DISPATCH","Agent 2",1,0,1069504,972,20,"convert_f32_to_f16",972,1119386251010515,1119386251012639,0,0,8,0,128,256,1,1,172032,1,1
"KERNEL_DISPATCH","Agent 2",1,0,1069504,973,48,"gemm_qkv_hfq4g256_wmma",973,1119386251014793,1119386251288265,0,0,80,0,128,32,1,1,18432,6,1
"KERNEL_DISPATCH","Agent 2",1,0,1069504,974,49,"deinterleave_f32_batched",974,1119386251292942,1119386251300517,0,0,8,0,128,256,1,1,4096,84,1
"KERNEL_DISPATCH","Agent 2",1,0,1069504,975,30,"rmsnorm_f32",975,1119386251303302,1119386251313762,0,0,16,0,128,256,1,1,344064,1,1
"KERNEL_DISPATCH","Agent 2",1,0,1069504,976,30,"rmsnorm_f32",976,1119386251316327,1119386251319052,0,0,16,0,128,256,1,1,43008,1,1
"KERNEL_DISPATCH","Agent 2",1,0,1069504,977,50,"rope_partial_halfsplit_batched_f32",977,1119386251321536,1119386251325424,0,0,24,0,128,32,1,1,32,84,1
"KERNEL_DISPATCH","Agent 2",1,0,1069504,978,51,"kv_cache_write_q8_0_batched",978,1119386251327988,1119386251330152,0,0,8,0,128,32,1,1,512,84,1
"KERNEL_DISPATCH","Agent 2",1,0,1069504,979,51,"kv_cache_write_q8_0_batched",979,1119386251332477,1119386251334400,0,0,8,0,128,32,1,1,512,84,1
"KERNEL_DISPATCH","Agent 2",1,0,1069504,980,52,"attention_q8_0_kv_batched",980,1119386251336425,1119386251400264,0,0,32,0,128,256,1,1,4096,84,1
"KERNEL_DISPATCH","Agent 2",1,0,1069504,981,53,"sigmoid_mul_f32",981,1119386251403249,1119386251444887,0,0,16,0,128,256,1,1,1048576,1,1
"KERNEL_DISPATCH","Agent 2",1,0,1069504,982,27,"mq_rotate_x",982,1119386251447532,1119386251452261,0,0,32,0,128,32,1,1,512,84,1
"KERNEL_DISPATCH","Agent 2",1,0,1069504,983,20,"convert_f32_to_f16",983,1119386251454785,1119386251457911,0,0,8,0,128,256,1,1,344064,1,1
"KERNEL_DISPATCH","Agent 2",1,0,1069504,984,29,"gemm_hfq4g256_residual_wmma_k2x32",984,1119386251460436,1119386251589237,0,0,64,0,128,32,1,1,2048,6,1
"KERNEL_DISPATCH","Agent 2",1,0,1069504,985,30,"rmsnorm_f32",985,1119386251597443,1119386251602252,0,0,16,0,128,256,1,1,21504,1,1
"KERNEL_DISPATCH","Agent 2",1,0,1069504,986,27,"mq_rotate_x",986,1119386251605147,1119386251607030,0,0,32,0,128,32,1,1,256,84,1
"KERNEL_DISPATCH","Agent 2",1,0,1069504,987,31,"gemm_hfq4g256",987,1119386251609184,1119386251644891,0,0,32,0,128,32,1,1,8192,11,1
"KERNEL_DISPATCH","Agent 2",1,0,1069504,988,31,"gemm_hfq4g256",988,1119386251647246,1119386251657866,0,0,32,0,128,32,1,1,32,11,1
"KERNEL_DISPATCH","Agent 2",1,0,1069504,989,20,"convert_f32_to_f16",989,1119386251660210,1119386251662214,0,0,8,0,128,256,1,1,172032,1,1
"KERNEL_DISPATCH","Agent 2",1,0,1069504,990,32,"gemm_gate_up_hfq4g256_wmma_ldscoop_nosync",990,1119386251665099,1119386251698601,0,0,64,0,128,32,1,1,2048,6,1
"KERNEL_DISPATCH","Agent 2",1,0,1069504,991,33,"softmax_f32",991,1119386251701246,1119386251703891,0,0,16,0,128,256,1,1,21504,1,1
"KERNEL_DISPATCH","Agent 2",1,0,1069504,992,34,"moe_topk_renorm_k8_batched",992,1119386251706456,1119386251712748,10752,0,40,0,128,256,1,1,21504,1,1
"KERNEL_DISPATCH","Agent 2",1,0,1069504,993,35,"fused_silu_mul_mq_rotate",993,1119386251714841,1119386251716485,0,0,88,0,128,32,1,1,64,84,1
"KERNEL_DISPATCH","Agent 2",1,0,1069504,994,36,"gemv_hfq4g256_residual_sigmoid_scaled_gpu_batched",994,1119386251719210,1119386251828855,0,0,72,0,128,32,1,1,65536,84,1
"KERNEL_DISPATCH","Agent 2",1,0,1069504,995,40,"moe_scatter_fused_k8",995,1119386251831730,1119386251839825,0,0,24,0,128,256,1,1,256,1,1
"KERNEL_DISPATCH","Agent 2",1,0,1069504,996,45,"quantize_q8_1_mmq_ds4",996,1119386251842230,1119386251845316,0,0,24,0,128,256,1,1,512,84,1
"KERNEL_DISPATCH","Agent 2",1,0,1069504,997,41,"gemm_hfq4g256_moe_grouped_mmq_gfx1151",997,1119386251847511,1119386252343398,0,0,128,0,128,32,1,1,2048,282,1
"KERNEL_DISPATCH","Agent 2",1,0,1069504,998,46,"moe_gate_up_unscatter_k8",998,1119386252346453,1119386252372101,0,0,8,0,128,256,1,1,512,4512,1
"KERNEL_DISPATCH","Agent 2",1,0,1069504,999,35,"fused_silu_mul_mq_rotate",999,1119386252374826,1119386252381679,0,0,88,0,128,32,1,1,64,672,1
"KERNEL_DISPATCH","Agent 2",1,0,1069504,1000,45,"quantize_q8_1_mmq_ds4",1000,1119386252384243,1119386252387089,0,0,24,0,128,256,1,1,256,672,1
"KERNEL_DISPATCH","Agent 2",1,0,1069504,1001,41,"gemm_hfq4g256_moe_grouped_mmq_gfx1151",1001,1119386252389293,1119386252678674,0,0,128,0,128,32,1,1,4096,282,1
"KERNEL_DISPATCH","Agent 2",1,0,1069504,1002,47,"moe_down_combine_grouped_k8",1002,1119386252681008,1119386252704813,0,0,8,0,128,256,1,1,2048,84,1
"KERNEL_DISPATCH","Agent 2",1,0,1069504,1003,17,"fused_rmsnorm_mq_rotate",1003,1119386252707819,1119386252714111,0,0,40,0,128,256,1,1,21504,1,1
"KERNEL_DISPATCH","Agent 2",1,0,1069504,1004,20,"convert_f32_to_f16",1004,1119386252716906,1119386252719110,0,0,8,0,128,256,1,1,172032,1,1
"KERNEL_DISPATCH","Agent 2",1,0,1069504,1005,18,"gemm_qkvza_hfq4g256_wmma",1005,1119386252720723,1119386253210158,0,0,80,0,128,32,1,1,24704,6,1
"KERNEL_DISPATCH","Agent 2",1,0,1069504,1006,21,"fused_sigmoid_alpha_gate_f32",1006,1119386253221930,1119386253223774,0,0,16,0,128,256,1,1,256,84,1
"KERNEL_DISPATCH","Agent 2",1,0,1069504,1007,22,"conv1d_silu_split_f32",1007,1119386253226418,1119386253248139,0,0,24,0,128,256,1,1,8192,1,1
"KERNEL_DISPATCH","Agent 2",1,0,1069504,1008,23,"fused_qk_l2_norm_scale_f32",1008,1119386253250744,1119386253258759,0,0,16,0,128,32,1,1,512,84,1
"KERNEL_DISPATCH","Agent 2",1,0,1069504,1009,24,"repeat_interleave_qk_f32_batched",1009,1119386253260903,1119386253267395,0,0,8,0,128,256,1,1,4096,84,1
"KERNEL_DISPATCH","Agent 2",1,0,1069504,1010,25,"gated_delta_net_q8_fast",1010,1119386253270260,1119386253421223,2048,0,64,0,128,32,1,1,1024,32,1
"KERNEL_DISPATCH","Agent 2",1,0,1069504,1011,26,"gated_norm_f32",1011,1119386253428316,1119386253439817,0,0,24,0,128,32,1,1,1024,84,1
"KERNEL_DISPATCH","Agent 2",1,0,1069504,1012,27,"mq_rotate_x",1012,1119386253442272,1119386253445278,0,0,32,0,128,32,1,1,512,84,1
"KERNEL_DISPATCH","Agent 2",1,0,1069504,1013,20,"convert_f32_to_f16",1013,1119386253447912,1119386253451239,0,0,8,0,128,256,1,1,344064,1,1
"KERNEL_DISPATCH","Agent 2",1,0,1069504,1014,29,"gemm_hfq4g256_residual_wmma_k2x32",1014,1119386253453763,1119386253584368,0,0,64,0,128,32,1,1,2048,6,1
"KERNEL_DISPATCH","Agent 2",1,0,1069504,1015,30,"rmsnorm_f32",1015,1119386253586932,1119386253592222,0,0,16,0,128,256,1,1,21504,1,1
"KERNEL_DISPATCH","Agent 2",1,0,1069504,1016,27,"mq_rotate_x",1016,1119386253594466,1119386253596110,0,0,32,0,128,32,1,1,256,84,1
"KERNEL_DISPATCH","Agent 2",1,0,1069504,1017,31,"gemm_hfq4g256",1017,1119386253598514,1119386253633700,0,0,32,0,128,32,1,1,8192,11,1
"KERNEL_DISPATCH","Agent 2",1,0,1069504,1018,31,"gemm_hfq4g256",1018,1119386253636104,1119386253646884,0,0,32,0,128,32,1,1,32,11,1
"KERNEL_DISPATCH","Agent 2",1,0,1069504,1019,20,"convert_f32_to_f16",1019,1119386253649329,1119386253651613,0,0,8,0,128,256,1,1,172032,1,1
"KERNEL_DISPATCH","Agent 2",1,0,1069504,1020,32,"gemm_gate_up_hfq4g256_wmma_ldscoop_nosync",1020,1119386253654218,1119386253687040,0,0,64,0,128,32,1,1,2048,6,1
"KERNEL_DISPATCH","Agent 2",1,0,1069504,1021,33,"softmax_f32",1021,1119386253689455,1119386253692059,0,0,16,0,128,256,1,1,21504,1,1
"KERNEL_DISPATCH","Agent 2",1,0,1069504,1022,34,"moe_topk_renorm_k8_batched",1022,1119386253694684,1119386253701016,10752,0,40,0,128,256,1,1,21504,1,1
"KERNEL_DISPATCH","Agent 2",1,0,1069504,1023,35,"fused_silu_mul_mq_rotate",1023,1119386253703550,1119386253705554,0,0,88,0,128,32,1,1,64,84,1
"KERNEL_DISPATCH","Agent 2",1,0,1069504,1024,36,"gemv_hfq4g256_residual_sigmoid_scaled_gpu_batched",1024,1119386253708199,1119386253817844,0,0,72,0,128,32,1,1,65536,84,1
"KERNEL_DISPATCH","Agent 2",1,0,1069504,1025,40,"moe_scatter_fused_k8",1025,1119386253820569,1119386253828664,0,0,24,0,128,256,1,1,256,1,1
"KERNEL_DISPATCH","Agent 2",1,0,1069504,1026,45,"quantize_q8_1_mmq_ds4",1026,1119386253831310,1119386253834476,0,0,24,0,128,256,1,1,512,84,1
"KERNEL_DISPATCH","Agent 2",1,0,1069504,1027,41,"gemm_hfq4g256_moe_grouped_mmq_gfx1151",1027,1119386253836699,1119386254374505,0,0,128,0,128,32,1,1,2048,282,1
"KERNEL_DISPATCH","Agent 2",1,0,1069504,1028,46,"moe_gate_up_unscatter_k8",1028,1119386254383622,1119386254408268,0,0,8,0,128,256,1,1,512,4512,1
"KERNEL_DISPATCH","Agent 2",1,0,1069504,1029,35,"fused_silu_mul_mq_rotate",1029,1119386254410913,1119386254417646,0,0,88,0,128,32,1,1,64,672,1
"KERNEL_DISPATCH","Agent 2",1,0,1069504,1030,45,"quantize_q8_1_mmq_ds4",1030,1119386254420040,1119386254423046,0,0,24,0,128,256,1,1,256,672,1
"KERNEL_DISPATCH","Agent 2",1,0,1069504,1031,41,"gemm_hfq4g256_moe_grouped_mmq_gfx1151",1031,1119386254425541,1119386254730671,0,0,128,0,128,32,1,1,4096,282,1
"KERNEL_DISPATCH","Agent 2",1,0,1069504,1032,47,"moe_down_combine_grouped_k8",1032,1119386254733156,1119386254753794,0,0,8,0,128,256,1,1,2048,84,1
"KERNEL_DISPATCH","Agent 2",1,0,1069504,1033,17,"fused_rmsnorm_mq_rotate",1033,1119386254755929,1119386254762461,0,0,40,0,128,256,1,1,21504,1,1
"KERNEL_DISPATCH","Agent 2",1,0,1069504,1034,20,"convert_f32_to_f16",1034,1119386254765416,1119386254767740,0,0,8,0,128,256,1,1,172032,1,1
"KERNEL_DISPATCH","Agent 2",1,0,1069504,1035,18,"gemm_qkvza_hfq4g256_wmma",1035,1119386254770145,1119386255280980,0,0,80,0,128,32,1,1,24704,6,1
"KERNEL_DISPATCH","Agent 2",1,0,1069504,1036,21,"fused_sigmoid_alpha_gate_f32",1036,1119386255283705,1119386255285228,0,0,16,0,128,256,1,1,256,84,1
"KERNEL_DISPATCH","Agent 2",1,0,1069504,1037,22,"conv1d_silu_split_f32",1037,1119386255287873,1119386255314322,0,0,24,0,128,256,1,1,8192,1,1
"KERNEL_DISPATCH","Agent 2",1,0,1069504,1038,23,"fused_qk_l2_norm_scale_f32",1038,1119386255317088,1119386255325303,0,0,16,0,128,32,1,1,512,84,1
"KERNEL_DISPATCH","Agent 2",1,0,1069504,1039,24,"repeat_interleave_qk_f32_batched",1039,1119386255327908,1119386255334721,0,0,8,0,128,256,1,1,4096,84,1
"KERNEL_DISPATCH","Agent 2",1,0,1069504,1040,25,"gated_delta_net_q8_fast",1040,1119386255337245,1119386255489209,2048,0,64,0,128,32,1,1,1024,32,1
"KERNEL_DISPATCH","Agent 2",1,0,1069504,1041,26,"gated_norm_f32",1041,1119386255491894,1119386255503316,0,0,24,0,128,32,1,1,1024,84,1
"KERNEL_DISPATCH","Agent 2",1,0,1069504,1042,27,"mq_rotate_x",1042,1119386255505760,1119386255508846,0,0,32,0,128,32,1,1,512,84,1
"KERNEL_DISPATCH","Agent 2",1,0,1069504,1043,20,"convert_f32_to_f16",1043,1119386255510991,1119386255514357,0,0,8,0,128,256,1,1,344064,1,1
"KERNEL_DISPATCH","Agent 2",1,0,1069504,1044,29,"gemm_hfq4g256_residual_wmma_k2x32",1044,1119386255517102,1119386255645822,0,0,64,0,128,32,1,1,2048,6,1
"KERNEL_DISPATCH","Agent 2",1,0,1069504,1045,30,"rmsnorm_f32",1045,1119386255648377,1119386255653948,0,0,16,0,128,256,1,1,21504,1,1
"KERNEL_DISPATCH","Agent 2",1,0,1069504,1046,27,"mq_rotate_x",1046,1119386255656482,1119386255658366,0,0,32,0,128,32,1,1,256,84,1
"KERNEL_DISPATCH","Agent 2",1,0,1069504,1047,31,"gemm_hfq4g256",1047,1119386255660850,1119386255696437,0,0,32,0,128,32,1,1,8192,11,1
"KERNEL_DISPATCH","Agent 2",1,0,1069504,1048,31,"gemm_hfq4g256",1048,1119386255698681,1119386255709541,0,0,32,0,128,32,1,1,32,11,1
"KERNEL_DISPATCH","Agent 2",1,0,1069504,1049,20,"convert_f32_to_f16",1049,1119386255711886,1119386255713810,0,0,8,0,128,256,1,1,172032,1,1
"KERNEL_DISPATCH","Agent 2",1,0,1069504,1050,32,"gemm_gate_up_hfq4g256_wmma_ldscoop_nosync",1050,1119386255716314,1119386255749456,0,0,64,0,128,32,1,1,2048,6,1
"KERNEL_DISPATCH","Agent 2",1,0,1069504,1051,33,"softmax_f32",1051,1119386255752141,1119386255754866,0,0,16,0,128,256,1,1,21504,1,1
"KERNEL_DISPATCH","Agent 2",1,0,1069504,1052,34,"moe_topk_renorm_k8_batched",1052,1119386255757060,1119386255763192,10752,0,40,0,128,256,1,1,21504,1,1
"KERNEL_DISPATCH","Agent 2",1,0,1069504,1053,35,"fused_silu_mul_mq_rotate",1053,1119386255766127,1119386255768051,0,0,88,0,128,32,1,1,64,84,1
"KERNEL_DISPATCH","Agent 2",1,0,1069504,1054,36,"gemv_hfq4g256_residual_sigmoid_scaled_gpu_batched",1054,1119386255770375,1119386255880381,0,0,72,0,128,32,1,1,65536,84,1
"KERNEL_DISPATCH","Agent 2",1,0,1069504,1055,40,"moe_scatter_fused_k8",1055,1119386255882545,1119386255890600,0,0,24,0,128,256,1,1,256,1,1
"KERNEL_DISPATCH","Agent 2",1,0,1069504,1056,45,"quantize_q8_1_mmq_ds4",1056,1119386255893566,1119386255896571,0,0,24,0,128,256,1,1,512,84,1
"KERNEL_DISPATCH","Agent 2",1,0,1069504,1057,41,"gemm_hfq4g256_moe_grouped_mmq_gfx1151",1057,1119386255899006,1119386256390365,0,0,128,0,128,32,1,1,2048,282,1
"KERNEL_DISPATCH","Agent 2",1,0,1069504,1058,46,"moe_gate_up_unscatter_k8",1058,1119386256397508,1119386256424558,0,0,8,0,128,256,1,1,512,4512,1
"KERNEL_DISPATCH","Agent 2",1,0,1069504,1059,35,"fused_silu_mul_mq_rotate",1059,1119386256427284,1119386256433976,0,0,88,0,128,32,1,1,64,672,1
"KERNEL_DISPATCH","Agent 2",1,0,1069504,1060,45,"quantize_q8_1_mmq_ds4",1060,1119386256436661,1119386256439506,0,0,24,0,128,256,1,1,256,672,1
"KERNEL_DISPATCH","Agent 2",1,0,1069504,1061,41,"gemm_hfq4g256_moe_grouped_mmq_gfx1151",1061,1119386256442191,1119386256721634,0,0,128,0,128,32,1,1,4096,282,1
"KERNEL_DISPATCH","Agent 2",1,0,1069504,1062,47,"moe_down_combine_grouped_k8",1062,1119386256724279,1119386256748404,0,0,8,0,128,256,1,1,2048,84,1
"KERNEL_DISPATCH","Agent 2",1,0,1069504,1063,17,"fused_rmsnorm_mq_rotate",1063,1119386256750869,1119386256757401,0,0,40,0,128,256,1,1,21504,1,1
"KERNEL_DISPATCH","Agent 2",1,0,1069504,1064,20,"convert_f32_to_f16",1064,1119386256760266,1119386256762430,0,0,8,0,128,256,1,1,172032,1,1
"KERNEL_DISPATCH","Agent 2",1,0,1069504,1065,18,"gemm_qkvza_hfq4g256_wmma",1065,1119386256764575,1119386257252407,0,0,80,0,128,32,1,1,24704,6,1
"KERNEL_DISPATCH","Agent 2",1,0,1069504,1066,21,"fused_sigmoid_alpha_gate_f32",1066,1119386257255312,1119386257257155,0,0,16,0,128,256,1,1,256,84,1
"KERNEL_DISPATCH","Agent 2",1,0,1069504,1067,22,"conv1d_silu_split_f32",1067,1119386257259720,1119386257281761,0,0,24,0,128,256,1,1,8192,1,1
"KERNEL_DISPATCH","Agent 2",1,0,1069504,1068,23,"fused_qk_l2_norm_scale_f32",1068,1119386257284727,1119386257292622,0,0,16,0,128,32,1,1,512,84,1
"KERNEL_DISPATCH","Agent 2",1,0,1069504,1069,24,"repeat_interleave_qk_f32_batched",1069,1119386257294585,1119386257301238,0,0,8,0,128,256,1,1,4096,84,1
"KERNEL_DISPATCH","Agent 2",1,0,1069504,1070,25,"gated_delta_net_q8_fast",1070,1119386257304364,1119386257452000,2048,0,64,0,128,32,1,1,1024,32,1
"KERNEL_DISPATCH","Agent 2",1,0,1069504,1071,26,"gated_norm_f32",1071,1119386257454395,1119386257465295,0,0,24,0,128,32,1,1,1024,84,1
"KERNEL_DISPATCH","Agent 2",1,0,1069504,1072,27,"mq_rotate_x",1072,1119386257468049,1119386257470975,0,0,32,0,128,32,1,1,512,84,1
"KERNEL_DISPATCH","Agent 2",1,0,1069504,1073,20,"convert_f32_to_f16",1073,1119386257473219,1119386257476826,0,0,8,0,128,256,1,1,344064,1,1
"KERNEL_DISPATCH","Agent 2",1,0,1069504,1074,29,"gemm_hfq4g256_residual_wmma_k2x32",1074,1119386257479732,1119386257609534,0,0,64,0,128,32,1,1,2048,6,1
"KERNEL_DISPATCH","Agent 2",1,0,1069504,1075,30,"rmsnorm_f32",1075,1119386257612299,1119386257617229,0,0,16,0,128,256,1,1,21504,1,1
"KERNEL_DISPATCH","Agent 2",1,0,1069504,1076,27,"mq_rotate_x",1076,1119386257619994,1119386257621677,0,0,32,0,128,32,1,1,256,84,1
"KERNEL_DISPATCH","Agent 2",1,0,1069504,1077,31,"gemm_hfq4g256",1077,1119386257624031,1119386257659217,0,0,32,0,128,32,1,1,8192,11,1
"KERNEL_DISPATCH","Agent 2",1,0,1069504,1078,31,"gemm_hfq4g256",1078,1119386257662153,1119386257672933,0,0,32,0,128,32,1,1,32,11,1
"KERNEL_DISPATCH","Agent 2",1,0,1069504,1079,20,"convert_f32_to_f16",1079,1119386257675377,1119386257677341,0,0,8,0,128,256,1,1,172032,1,1
"KERNEL_DISPATCH","Agent 2",1,0,1069504,1080,32,"gemm_gate_up_hfq4g256_wmma_ldscoop_nosync",1080,1119386257679436,1119386257712898,0,0,64,0,128,32,1,1,2048,6,1
"KERNEL_DISPATCH","Agent 2",1,0,1069504,1081,33,"softmax_f32",1081,1119386257715252,1119386257717857,0,0,16,0,128,256,1,1,21504,1,1
"KERNEL_DISPATCH","Agent 2",1,0,1069504,1082,34,"moe_topk_renorm_k8_batched",1082,1119386257720793,1119386257727405,10752,0,40,0,128,256,1,1,21504,1,1
"KERNEL_DISPATCH","Agent 2",1,0,1069504,1083,35,"fused_silu_mul_mq_rotate",1083,1119386257730160,1119386257732083,0,0,88,0,128,32,1,1,64,84,1
"KERNEL_DISPATCH","Agent 2",1,0,1069504,1084,36,"gemv_hfq4g256_residual_sigmoid_scaled_gpu_batched",1084,1119386257734488,1119386257844494,0,0,72,0,128,32,1,1,65536,84,1
"KERNEL_DISPATCH","Agent 2",1,0,1069504,1085,40,"moe_scatter_fused_k8",1085,1119386257847189,1119386257855404,0,0,24,0,128,256,1,1,256,1,1
"KERNEL_DISPATCH","Agent 2",1,0,1069504,1086,45,"quantize_q8_1_mmq_ds4",1086,1119386257857999,1119386257861245,0,0,24,0,128,256,1,1,512,84,1
"KERNEL_DISPATCH","Agent 2",1,0,1069504,1087,41,"gemm_hfq4g256_moe_grouped_mmq_gfx1151",1087,1119386257863500,1119386258361751,0,0,128,0,128,32,1,1,2048,282,1
"KERNEL_DISPATCH","Agent 2",1,0,1069504,1088,46,"moe_gate_up_unscatter_k8",1088,1119386258369005,1119386258394813,0,0,8,0,128,256,1,1,512,4512,1
"KERNEL_DISPATCH","Agent 2",1,0,1069504,1089,35,"fused_silu_mul_mq_rotate",1089,1119386258397528,1119386258404180,0,0,88,0,128,32,1,1,64,672,1
"KERNEL_DISPATCH","Agent 2",1,0,1069504,1090,45,"quantize_q8_1_mmq_ds4",1090,1119386258406625,1119386258409710,0,0,24,0,128,256,1,1,256,672,1
"KERNEL_DISPATCH","Agent 2",1,0,1069504,1091,41,"gemm_hfq4g256_moe_grouped_mmq_gfx1151",1091,1119386258412075,1119386258688472,0,0,128,0,128,32,1,1,4096,282,1
"KERNEL_DISPATCH","Agent 2",1,0,1069504,1092,47,"moe_down_combine_grouped_k8",1092,1119386258691117,1119386258713519,0,0,8,0,128,256,1,1,2048,84,1
"KERNEL_DISPATCH","Agent 2",1,0,1069504,1093,17,"fused_rmsnorm_mq_rotate",1093,1119386258715623,1119386258722436,0,0,40,0,128,256,1,1,21504,1,1
"KERNEL_DISPATCH","Agent 2",1,0,1069504,1094,20,"convert_f32_to_f16",1094,1119386258725421,1119386258727745,0,0,8,0,128,256,1,1,172032,1,1
"KERNEL_DISPATCH","Agent 2",1,0,1069504,1095,48,"gemm_qkv_hfq4g256_wmma",1095,1119386258730230,1119386259007829,0,0,80,0,128,32,1,1,18432,6,1
"KERNEL_DISPATCH","Agent 2",1,0,1069504,1096,49,"deinterleave_f32_batched",1096,1119386259010104,1119386259017838,0,0,8,0,128,256,1,1,4096,84,1
"KERNEL_DISPATCH","Agent 2",1,0,1069504,1097,30,"rmsnorm_f32",1097,1119386259020573,1119386259030952,0,0,16,0,128,256,1,1,344064,1,1
"KERNEL_DISPATCH","Agent 2",1,0,1069504,1098,30,"rmsnorm_f32",1098,1119386259033027,1119386259035872,0,0,16,0,128,256,1,1,43008,1,1
"KERNEL_DISPATCH","Agent 2",1,0,1069504,1099,50,"rope_partial_halfsplit_batched_f32",1099,1119386259038727,1119386259042694,0,0,24,0,128,32,1,1,32,84,1
"KERNEL_DISPATCH","Agent 2",1,0,1069504,1100,51,"kv_cache_write_q8_0_batched",1100,1119386259045089,1119386259047133,0,0,8,0,128,32,1,1,512,84,1
"KERNEL_DISPATCH","Agent 2",1,0,1069504,1101,51,"kv_cache_write_q8_0_batched",1101,1119386259049667,1119386259051390,0,0,8,0,128,32,1,1,512,84,1
"KERNEL_DISPATCH","Agent 2",1,0,1069504,1102,52,"attention_q8_0_kv_batched",1102,1119386259054236,1119386259118516,0,0,32,0,128,256,1,1,4096,84,1
"KERNEL_DISPATCH","Agent 2",1,0,1069504,1103,53,"sigmoid_mul_f32",1103,1119386259121281,1119386259157509,0,0,16,0,128,256,1,1,1048576,1,1
"KERNEL_DISPATCH","Agent 2",1,0,1069504,1104,27,"mq_rotate_x",1104,1119386259160314,1119386259164843,0,0,32,0,128,32,1,1,512,84,1
"KERNEL_DISPATCH","Agent 2",1,0,1069504,1105,20,"convert_f32_to_f16",1105,1119386259167407,1119386259170573,0,0,8,0,128,256,1,1,344064,1,1
"KERNEL_DISPATCH","Agent 2",1,0,1069504,1106,29,"gemm_hfq4g256_residual_wmma_k2x32",1106,1119386259173138,1119386259302340,0,0,64,0,128,32,1,1,2048,6,1
"KERNEL_DISPATCH","Agent 2",1,0,1069504,1107,30,"rmsnorm_f32",1107,1119386259309113,1119386259314042,0,0,16,0,128,256,1,1,21504,1,1
"KERNEL_DISPATCH","Agent 2",1,0,1069504,1108,27,"mq_rotate_x",1108,1119386259316686,1119386259318690,0,0,32,0,128,32,1,1,256,84,1
"KERNEL_DISPATCH","Agent 2",1,0,1069504,1109,31,"gemm_hfq4g256",1109,1119386259321135,1119386259356321,0,0,32,0,128,32,1,1,8192,11,1
"KERNEL_DISPATCH","Agent 2",1,0,1069504,1110,31,"gemm_hfq4g256",1110,1119386259358645,1119386259369666,0,0,32,0,128,32,1,1,32,11,1
"KERNEL_DISPATCH","Agent 2",1,0,1069504,1111,20,"convert_f32_to_f16",1111,1119386259371730,1119386259373653,0,0,8,0,128,256,1,1,172032,1,1
"KERNEL_DISPATCH","Agent 2",1,0,1069504,1112,32,"gemm_gate_up_hfq4g256_wmma_ldscoop_nosync",1112,1119386259375888,1119386259408749,0,0,64,0,128,32,1,1,2048,6,1
"KERNEL_DISPATCH","Agent 2",1,0,1069504,1113,33,"softmax_f32",1113,1119386259411744,1119386259414389,0,0,16,0,128,256,1,1,21504,1,1
"KERNEL_DISPATCH","Agent 2",1,0,1069504,1114,34,"moe_topk_renorm_k8_batched",1114,1119386259417234,1119386259423807,10752,0,40,0,128,256,1,1,21504,1,1
"KERNEL_DISPATCH","Agent 2",1,0,1069504,1115,35,"fused_silu_mul_mq_rotate",1115,1119386259426291,1119386259428095,0,0,88,0,128,32,1,1,64,84,1
"KERNEL_DISPATCH","Agent 2",1,0,1069504,1116,36,"gemv_hfq4g256_residual_sigmoid_scaled_gpu_batched",1116,1119386259430700,1119386259541186,0,0,72,0,128,32,1,1,65536,84,1
"KERNEL_DISPATCH","Agent 2",1,0,1069504,1117,40,"moe_scatter_fused_k8",1117,1119386259543641,1119386259551776,0,0,24,0,128,256,1,1,256,1,1
"KERNEL_DISPATCH","Agent 2",1,0,1069504,1118,45,"quantize_q8_1_mmq_ds4",1118,1119386259554732,1119386259557938,0,0,24,0,128,256,1,1,512,84,1
"KERNEL_DISPATCH","Agent 2",1,0,1069504,1119,41,"gemm_hfq4g256_moe_grouped_mmq_gfx1151",1119,1119386259560462,1119386260053063,0,0,128,0,128,32,1,1,2048,282,1
"KERNEL_DISPATCH","Agent 2",1,0,1069504,1120,46,"moe_gate_up_unscatter_k8",1120,1119386260055869,1119386260081316,0,0,8,0,128,256,1,1,512,4512,1
"KERNEL_DISPATCH","Agent 2",1,0,1069504,1121,35,"fused_silu_mul_mq_rotate",1121,1119386260083881,1119386260090654,0,0,88,0,128,32,1,1,64,672,1
"KERNEL_DISPATCH","Agent 2",1,0,1069504,1122,45,"quantize_q8_1_mmq_ds4",1122,1119386260093218,1119386260096184,0,0,24,0,128,256,1,1,256,672,1
"KERNEL_DISPATCH","Agent 2",1,0,1069504,1123,41,"gemm_hfq4g256_moe_grouped_mmq_gfx1151",1123,1119386260098098,1119386260386317,0,0,128,0,128,32,1,1,4096,282,1
"KERNEL_DISPATCH","Agent 2",1,0,1069504,1124,47,"moe_down_combine_grouped_k8",1124,1119386260389452,1119386260411894,0,0,8,0,128,256,1,1,2048,84,1
"KERNEL_DISPATCH","Agent 2",1,0,1069504,1125,17,"fused_rmsnorm_mq_rotate",1125,1119386260414459,1119386260420911,0,0,40,0,128,256,1,1,21504,1,1
"KERNEL_DISPATCH","Agent 2",1,0,1069504,1126,20,"convert_f32_to_f16",1126,1119386260423516,1119386260426201,0,0,8,0,128,256,1,1,172032,1,1
"KERNEL_DISPATCH","Agent 2",1,0,1069504,1127,18,"gemm_qkvza_hfq4g256_wmma",1127,1119386260428886,1119386260897843,0,0,80,0,128,32,1,1,24704,6,1
"KERNEL_DISPATCH","Agent 2",1,0,1069504,1128,21,"fused_sigmoid_alpha_gate_f32",1128,1119386260900809,1119386260902331,0,0,16,0,128,256,1,1,256,84,1
"KERNEL_DISPATCH","Agent 2",1,0,1069504,1129,22,"conv1d_silu_split_f32",1129,1119386260904896,1119386260927418,0,0,24,0,128,256,1,1,8192,1,1
"KERNEL_DISPATCH","Agent 2",1,0,1069504,1130,23,"fused_qk_l2_norm_scale_f32",1130,1119386260930224,1119386260938599,0,0,16,0,128,32,1,1,512,84,1
"KERNEL_DISPATCH","Agent 2",1,0,1069504,1131,24,"repeat_interleave_qk_f32_batched",1131,1119386260941324,1119386260948097,0,0,8,0,128,256,1,1,4096,84,1
"KERNEL_DISPATCH","Agent 2",1,0,1069504,1132,25,"gated_delta_net_q8_fast",1132,1119386260950502,1119386261100663,2048,0,64,0,128,32,1,1,1024,32,1
"KERNEL_DISPATCH","Agent 2",1,0,1069504,1133,26,"gated_norm_f32",1133,1119386261103268,1119386261114728,0,0,24,0,128,32,1,1,1024,84,1
"KERNEL_DISPATCH","Agent 2",1,0,1069504,1134,27,"mq_rotate_x",1134,1119386261117023,1119386261120309,0,0,32,0,128,32,1,1,512,84,1
"KERNEL_DISPATCH","Agent 2",1,0,1069504,1135,20,"convert_f32_to_f16",1135,1119386261122934,1119386261126621,0,0,8,0,128,256,1,1,344064,1,1
"KERNEL_DISPATCH","Agent 2",1,0,1069504,1136,29,"gemm_hfq4g256_residual_wmma_k2x32",1136,1119386261129266,1119386261260311,0,0,64,0,128,32,1,1,2048,6,1
"KERNEL_DISPATCH","Agent 2",1,0,1069504,1137,30,"rmsnorm_f32",1137,1119386261265250,1119386261270460,0,0,16,0,128,256,1,1,21504,1,1
"KERNEL_DISPATCH","Agent 2",1,0,1069504,1138,27,"mq_rotate_x",1138,1119386261272784,1119386261274788,0,0,32,0,128,32,1,1,256,84,1
"KERNEL_DISPATCH","Agent 2",1,0,1069504,1139,31,"gemm_hfq4g256",1139,1119386261277272,1119386261312739,0,0,32,0,128,32,1,1,8192,11,1
"KERNEL_DISPATCH","Agent 2",1,0,1069504,1140,31,"gemm_hfq4g256",1140,1119386261315273,1119386261326334,0,0,32,0,128,32,1,1,32,11,1
"KERNEL_DISPATCH","Agent 2",1,0,1069504,1141,20,"convert_f32_to_f16",1141,1119386261328478,1119386261330402,0,0,8,0,128,256,1,1,172032,1,1
"KERNEL_DISPATCH","Agent 2",1,0,1069504,1142,32,"gemm_gate_up_hfq4g256_wmma_ldscoop_nosync",1142,1119386261332907,1119386261365848,0,0,64,0,128,32,1,1,2048,6,1
"KERNEL_DISPATCH","Agent 2",1,0,1069504,1143,33,"softmax_f32",1143,1119386261368603,1119386261371248,0,0,16,0,128,256,1,1,21504,1,1
"KERNEL_DISPATCH","Agent 2",1,0,1069504,1144,34,"moe_topk_renorm_k8_batched",1144,1119386261373973,1119386261380305,10752,0,40,0,128,256,1,1,21504,1,1
"KERNEL_DISPATCH","Agent 2",1,0,1069504,1145,35,"fused_silu_mul_mq_rotate",1145,1119386261382790,1119386261384433,0,0,88,0,128,32,1,1,64,84,1
"KERNEL_DISPATCH","Agent 2",1,0,1069504,1146,36,"gemv_hfq4g256_residual_sigmoid_scaled_gpu_batched",1146,1119386261386837,1119386261498165,0,0,72,0,128,32,1,1,65536,84,1
"KERNEL_DISPATCH","Agent 2",1,0,1069504,1147,40,"moe_scatter_fused_k8",1147,1119386261500810,1119386261513955,0,0,24,0,128,256,1,1,256,1,1
"KERNEL_DISPATCH","Agent 2",1,0,1069504,1148,45,"quantize_q8_1_mmq_ds4",1148,1119386261516920,1119386261519966,0,0,24,0,128,256,1,1,512,84,1
"KERNEL_DISPATCH","Agent 2",1,0,1069504,1149,41,"gemm_hfq4g256_moe_grouped_mmq_gfx1151",1149,1119386261522731,1119386261932658,0,0,128,0,128,32,1,1,2048,282,1
"KERNEL_DISPATCH","Agent 2",1,0,1069504,1150,46,"moe_gate_up_unscatter_k8",1150,1119386261935142,1119386261961111,0,0,8,0,128,256,1,1,512,4512,1
"KERNEL_DISPATCH","Agent 2",1,0,1069504,1151,35,"fused_silu_mul_mq_rotate",1151,1119386261963876,1119386261970689,0,0,88,0,128,32,1,1,64,672,1
"KERNEL_DISPATCH","Agent 2",1,0,1069504,1152,45,"quantize_q8_1_mmq_ds4",1152,1119386261973254,1119386261976179,0,0,24,0,128,256,1,1,256,672,1
"KERNEL_DISPATCH","Agent 2",1,0,1069504,1153,41,"gemm_hfq4g256_moe_grouped_mmq_gfx1151",1153,1119386261978984,1119386262214545,0,0,128,0,128,32,1,1,4096,282,1
"KERNEL_DISPATCH","Agent 2",1,0,1069504,1154,47,"moe_down_combine_grouped_k8",1154,1119386262217131,1119386262237248,0,0,8,0,128,256,1,1,2048,84,1
"KERNEL_DISPATCH","Agent 2",1,0,1069504,1155,17,"fused_rmsnorm_mq_rotate",1155,1119386262239962,1119386262246655,0,0,40,0,128,256,1,1,21504,1,1
"KERNEL_DISPATCH","Agent 2",1,0,1069504,1156,20,"convert_f32_to_f16",1156,1119386262249290,1119386262251494,0,0,8,0,128,256,1,1,172032,1,1
"KERNEL_DISPATCH","Agent 2",1,0,1069504,1157,18,"gemm_qkvza_hfq4g256_wmma",1157,1119386262253668,1119386262766387,0,0,80,0,128,32,1,1,24704,6,1
"KERNEL_DISPATCH","Agent 2",1,0,1069504,1158,21,"fused_sigmoid_alpha_gate_f32",1158,1119386262769262,1119386262771025,0,0,16,0,128,256,1,1,256,84,1
"KERNEL_DISPATCH","Agent 2",1,0,1069504,1159,22,"conv1d_silu_split_f32",1159,1119386262773670,1119386262795832,0,0,24,0,128,256,1,1,8192,1,1
"KERNEL_DISPATCH","Agent 2",1,0,1069504,1160,23,"fused_qk_l2_norm_scale_f32",1160,1119386262798837,1119386262806973,0,0,16,0,128,32,1,1,512,84,1
"KERNEL_DISPATCH","Agent 2",1,0,1069504,1162,25,"gated_delta_net_q8_fast",1162,1119386262823363,1119386262977492,2048,0,64,0,128,32,1,1,1024,32,1
"KERNEL_DISPATCH","Agent 2",1,0,1069504,1164,27,"mq_rotate_x",1164,1119386262994123,1119386262997369,0,0,32,0,128,32,1,1,512,84,1
"KERNEL_DISPATCH","Agent 2",1,0,1069504,1165,20,"convert_f32_to_f16",1165,1119386262999773,1119386263003701,0,0,8,0,128,256,1,1,344064,1,1
"KERNEL_DISPATCH","Agent 2",1,0,1069504,1163,26,"gated_norm_f32",1163,1119386262979976,1119386262991878,0,0,24,0,128,32,1,1,1024,84,1
"KERNEL_DISPATCH","Agent 2",1,0,1069504,1161,24,"repeat_interleave_qk_f32_batched",1161,1119386262814146,1119386262820758,0,0,8,0,128,256,1,1,4096,84,1
"KERNEL_DISPATCH","Agent 2",1,0,1069504,1166,29,"gemm_hfq4g256_residual_wmma_k2x32",1166,1119386263006105,1119386263137310,0,0,64,0,128,32,1,1,2048,6,1
"KERNEL_DISPATCH","Agent 2",1,0,1069504,1167,30,"rmsnorm_f32",1167,1119386263140236,1119386263145566,0,0,16,0,128,256,1,1,21504,1,1
"KERNEL_DISPATCH","Agent 2",1,0,1069504,1168,27,"mq_rotate_x",1168,1119386263147810,1119386263149653,0,0,32,0,128,32,1,1,256,84,1
"KERNEL_DISPATCH","Agent 2",1,0,1069504,1169,31,"gemm_hfq4g256",1169,1119386263152138,1119386263187444,0,0,32,0,128,32,1,1,8192,11,1
"KERNEL_DISPATCH","Agent 2",1,0,1069504,1170,31,"gemm_hfq4g256",1170,1119386263190049,1119386263200829,0,0,32,0,128,32,1,1,32,11,1
"KERNEL_DISPATCH","Agent 2",1,0,1069504,1171,20,"convert_f32_to_f16",1171,1119386263202894,1119386263204857,0,0,8,0,128,256,1,1,172032,1,1
"KERNEL_DISPATCH","Agent 2",1,0,1069504,1172,32,"gemm_gate_up_hfq4g256_wmma_ldscoop_nosync",1172,1119386263207842,1119386263240744,0,0,64,0,128,32,1,1,2048,6,1
"KERNEL_DISPATCH","Agent 2",1,0,1069504,1173,33,"softmax_f32",1173,1119386263243389,1119386263246154,0,0,16,0,128,256,1,1,21504,1,1
"KERNEL_DISPATCH","Agent 2",1,0,1069504,1174,34,"moe_topk_renorm_k8_batched",1174,1119386263248839,1119386263255331,10752,0,40,0,128,256,1,1,21504,1,1
"KERNEL_DISPATCH","Agent 2",1,0,1069504,1175,35,"fused_silu_mul_mq_rotate",1175,1119386263257856,1119386263259699,0,0,88,0,128,32,1,1,64,84,1
"KERNEL_DISPATCH","Agent 2",1,0,1069504,1176,36,"gemv_hfq4g256_residual_sigmoid_scaled_gpu_batched",1176,1119386263262064,1119386263372911,0,0,72,0,128,32,1,1,65536,84,1
"KERNEL_DISPATCH","Agent 2",1,0,1069504,1177,40,"moe_scatter_fused_k8",1177,1119386263375596,1119386263384132,0,0,24,0,128,256,1,1,256,1,1
"KERNEL_DISPATCH","Agent 2",1,0,1069504,1178,45,"quantize_q8_1_mmq_ds4",1178,1119386263386707,1119386263389793,0,0,24,0,128,256,1,1,512,84,1
"KERNEL_DISPATCH","Agent 2",1,0,1069504,1179,41,"gemm_hfq4g256_moe_grouped_mmq_gfx1151",1179,1119386263392508,1119386263774622,0,0,128,0,128,32,1,1,2048,282,1
"KERNEL_DISPATCH","Agent 2",1,0,1069504,1180,46,"moe_gate_up_unscatter_k8",1180,1119386263784320,1119386263807844,0,0,8,0,128,256,1,1,512,4512,1
"KERNEL_DISPATCH","Agent 2",1,0,1069504,1181,35,"fused_silu_mul_mq_rotate",1181,1119386263810609,1119386263817422,0,0,88,0,128,32,1,1,64,672,1
"KERNEL_DISPATCH","Agent 2",1,0,1069504,1182,45,"quantize_q8_1_mmq_ds4",1182,1119386263819687,1119386263822612,0,0,24,0,128,256,1,1,256,672,1
"KERNEL_DISPATCH","Agent 2",1,0,1069504,1183,41,"gemm_hfq4g256_moe_grouped_mmq_gfx1151",1183,1119386263825237,1119386264047733,0,0,128,0,128,32,1,1,4096,282,1
"KERNEL_DISPATCH","Agent 2",1,0,1069504,1184,47,"moe_down_combine_grouped_k8",1184,1119386264050378,1119386264069333,0,0,8,0,128,256,1,1,2048,84,1
"KERNEL_DISPATCH","Agent 2",1,0,1069504,1185,17,"fused_rmsnorm_mq_rotate",1185,1119386264071668,1119386264078481,0,0,40,0,128,256,1,1,21504,1,1
"KERNEL_DISPATCH","Agent 2",1,0,1069504,1186,20,"convert_f32_to_f16",1186,1119386264081476,1119386264083640,0,0,8,0,128,256,1,1,172032,1,1
"KERNEL_DISPATCH","Agent 2",1,0,1069504,1187,18,"gemm_qkvza_hfq4g256_wmma",1187,1119386264085934,1119386264631475,0,0,80,0,128,32,1,1,24704,6,1
"KERNEL_DISPATCH","Agent 2",1,0,1069504,1188,21,"fused_sigmoid_alpha_gate_f32",1188,1119386264638247,1119386264639810,0,0,16,0,128,256,1,1,256,84,1
"KERNEL_DISPATCH","Agent 2",1,0,1069504,1189,22,"conv1d_silu_split_f32",1189,1119386264642685,1119386264665127,0,0,24,0,128,256,1,1,8192,1,1
"KERNEL_DISPATCH","Agent 2",1,0,1069504,1190,23,"fused_qk_l2_norm_scale_f32",1190,1119386264667732,1119386264675867,0,0,16,0,128,32,1,1,512,84,1
"KERNEL_DISPATCH","Agent 2",1,0,1069504,1191,24,"repeat_interleave_qk_f32_batched",1191,1119386264678552,1119386264685165,0,0,8,0,128,256,1,1,4096,84,1
"KERNEL_DISPATCH","Agent 2",1,0,1069504,1192,25,"gated_delta_net_q8_fast",1192,1119386264687729,1119386264840856,2048,0,64,0,128,32,1,1,1024,32,1
"KERNEL_DISPATCH","Agent 2",1,0,1069504,1193,26,"gated_norm_f32",1193,1119386264845144,1119386264857006,0,0,24,0,128,32,1,1,1024,84,1
"KERNEL_DISPATCH","Agent 2",1,0,1069504,1194,27,"mq_rotate_x",1194,1119386264859571,1119386264862937,0,0,32,0,128,32,1,1,512,84,1
"KERNEL_DISPATCH","Agent 2",1,0,1069504,1195,20,"convert_f32_to_f16",1195,1119386264865382,1119386264868748,0,0,8,0,128,256,1,1,344064,1,1
"KERNEL_DISPATCH","Agent 2",1,0,1069504,1196,29,"gemm_hfq4g256_residual_wmma_k2x32",1196,1119386264871313,1119386265002999,0,0,64,0,128,32,1,1,2048,6,1
"KERNEL_DISPATCH","Agent 2",1,0,1069504,1197,30,"rmsnorm_f32",1197,1119386265005844,1119386265011214,0,0,16,0,128,256,1,1,21504,1,1
"KERNEL_DISPATCH","Agent 2",1,0,1069504,1198,27,"mq_rotate_x",1198,1119386265013579,1119386265015382,0,0,32,0,128,32,1,1,256,84,1
"KERNEL_DISPATCH","Agent 2",1,0,1069504,1199,31,"gemm_hfq4g256",1199,1119386265017907,1119386265053213,0,0,32,0,128,32,1,1,8192,11,1
"KERNEL_DISPATCH","Agent 2",1,0,1069504,1200,31,"gemm_hfq4g256",1200,1119386265055818,1119386265066638,0,0,32,0,128,32,1,1,32,11,1
"KERNEL_DISPATCH","Agent 2",1,0,1069504,1201,20,"convert_f32_to_f16",1201,1119386265069042,1119386265071487,0,0,8,0,128,256,1,1,172032,1,1
"KERNEL_DISPATCH","Agent 2",1,0,1069504,1202,32,"gemm_gate_up_hfq4g256_wmma_ldscoop_nosync",1202,1119386265074212,1119386265107394,0,0,64,0,128,32,1,1,2048,6,1
"KERNEL_DISPATCH","Agent 2",1,0,1069504,1203,33,"softmax_f32",1203,1119386265109999,1119386265112604,0,0,16,0,128,256,1,1,21504,1,1
"KERNEL_DISPATCH","Agent 2",1,0,1069504,1204,34,"moe_topk_renorm_k8_batched",1204,1119386265115169,1119386265121541,10752,0,40,0,128,256,1,1,21504,1,1
"KERNEL_DISPATCH","Agent 2",1,0,1069504,1205,35,"fused_silu_mul_mq_rotate",1205,1119386265124306,1119386265126350,0,0,88,0,128,32,1,1,64,84,1
"KERNEL_DISPATCH","Agent 2",1,0,1069504,1206,36,"gemv_hfq4g256_residual_sigmoid_scaled_gpu_batched",1206,1119386265128554,1119386265239441,0,0,72,0,128,32,1,1,65536,84,1
"KERNEL_DISPATCH","Agent 2",1,0,1069504,1207,40,"moe_scatter_fused_k8",1207,1119386265242127,1119386265250542,0,0,24,0,128,256,1,1,256,1,1
"KERNEL_DISPATCH","Agent 2",1,0,1069504,1208,45,"quantize_q8_1_mmq_ds4",1208,1119386265253267,1119386265256353,0,0,24,0,128,256,1,1,512,84,1
"KERNEL_DISPATCH","Agent 2",1,0,1069504,1209,41,"gemm_hfq4g256_moe_grouped_mmq_gfx1151",1209,1119386265258838,1119386265745107,0,0,128,0,128,32,1,1,2048,282,1
"KERNEL_DISPATCH","Agent 2",1,0,1069504,1210,46,"moe_gate_up_unscatter_k8",1210,1119386265747872,1119386265773640,0,0,8,0,128,256,1,1,512,4512,1
"KERNEL_DISPATCH","Agent 2",1,0,1069504,1211,35,"fused_silu_mul_mq_rotate",1211,1119386265776205,1119386265782857,0,0,88,0,128,32,1,1,64,672,1
"KERNEL_DISPATCH","Agent 2",1,0,1069504,1212,45,"quantize_q8_1_mmq_ds4",1212,1119386265785703,1119386265788588,0,0,24,0,128,256,1,1,256,672,1
"KERNEL_DISPATCH","Agent 2",1,0,1069504,1213,41,"gemm_hfq4g256_moe_grouped_mmq_gfx1151",1213,1119386265791233,1119386266058693,0,0,128,0,128,32,1,1,4096,282,1
"KERNEL_DISPATCH","Agent 2",1,0,1069504,1214,47,"moe_down_combine_grouped_k8",1214,1119386266061338,1119386266083860,0,0,8,0,128,256,1,1,2048,84,1
"KERNEL_DISPATCH","Agent 2",1,0,1069504,1215,17,"fused_rmsnorm_mq_rotate",1215,1119386266086545,1119386266092997,0,0,40,0,128,256,1,1,21504,1,1
"KERNEL_DISPATCH","Agent 2",1,0,1069504,1216,20,"convert_f32_to_f16",1216,1119386266095642,1119386266097846,0,0,8,0,128,256,1,1,172032,1,1
"KERNEL_DISPATCH","Agent 2",1,0,1069504,1217,48,"gemm_qkv_hfq4g256_wmma",1217,1119386266100211,1119386266377049,0,0,80,0,128,32,1,1,18432,6,1
"KERNEL_DISPATCH","Agent 2",1,0,1069504,1218,49,"deinterleave_f32_batched",1218,1119386266379974,1119386266387307,0,0,8,0,128,256,1,1,4096,84,1
"KERNEL_DISPATCH","Agent 2",1,0,1069504,1219,30,"rmsnorm_f32",1219,1119386266389792,1119386266400612,0,0,16,0,128,256,1,1,344064,1,1
"KERNEL_DISPATCH","Agent 2",1,0,1069504,1220,30,"rmsnorm_f32",1220,1119386266402977,1119386266405702,0,0,16,0,128,256,1,1,43008,1,1
"KERNEL_DISPATCH","Agent 2",1,0,1069504,1221,50,"rope_partial_halfsplit_batched_f32",1221,1119386266408307,1119386266412394,0,0,24,0,128,32,1,1,32,84,1
"KERNEL_DISPATCH","Agent 2",1,0,1069504,1222,51,"kv_cache_write_q8_0_batched",1222,1119386266414959,1119386266416963,0,0,8,0,128,32,1,1,512,84,1
"KERNEL_DISPATCH","Agent 2",1,0,1069504,1223,51,"kv_cache_write_q8_0_batched",1223,1119386266419448,1119386266421251,0,0,8,0,128,32,1,1,512,84,1
"KERNEL_DISPATCH","Agent 2",1,0,1069504,1224,52,"attention_q8_0_kv_batched",1224,1119386266423655,1119386266487775,0,0,32,0,128,256,1,1,4096,84,1
"KERNEL_DISPATCH","Agent 2",1,0,1069504,1225,53,"sigmoid_mul_f32",1225,1119386266490420,1119386266525927,0,0,16,0,128,256,1,1,1048576,1,1
"KERNEL_DISPATCH","Agent 2",1,0,1069504,1226,27,"mq_rotate_x",1226,1119386266528892,1119386266533341,0,0,32,0,128,32,1,1,512,84,1
"KERNEL_DISPATCH","Agent 2",1,0,1069504,1227,20,"convert_f32_to_f16",1227,1119386266535945,1119386266539071,0,0,8,0,128,256,1,1,344064,1,1
"KERNEL_DISPATCH","Agent 2",1,0,1069504,1228,29,"gemm_hfq4g256_residual_wmma_k2x32",1228,1119386266541756,1119386266670156,0,0,64,0,128,32,1,1,2048,6,1
"KERNEL_DISPATCH","Agent 2",1,0,1069504,1229,30,"rmsnorm_f32",1229,1119386266672612,1119386266677701,0,0,16,0,128,256,1,1,21504,1,1
"KERNEL_DISPATCH","Agent 2",1,0,1069504,1230,27,"mq_rotate_x",1230,1119386266680416,1119386266682139,0,0,32,0,128,32,1,1,256,84,1
"KERNEL_DISPATCH","Agent 2",1,0,1069504,1231,31,"gemm_hfq4g256",1231,1119386266684623,1119386266720050,0,0,32,0,128,32,1,1,8192,11,1
"KERNEL_DISPATCH","Agent 2",1,0,1069504,1232,31,"gemm_hfq4g256",1232,1119386266722144,1119386266732884,0,0,32,0,128,32,1,1,32,11,1
"KERNEL_DISPATCH","Agent 2",1,0,1069504,1233,20,"convert_f32_to_f16",1233,1119386266735168,1119386266737332,0,0,8,0,128,256,1,1,172032,1,1
"KERNEL_DISPATCH","Agent 2",1,0,1069504,1234,32,"gemm_gate_up_hfq4g256_wmma_ldscoop_nosync",1234,1119386266740147,1119386266773490,0,0,64,0,128,32,1,1,2048,6,1
"KERNEL_DISPATCH","Agent 2",1,0,1069504,1235,33,"softmax_f32",1235,1119386266776074,1119386266778679,0,0,16,0,128,256,1,1,21504,1,1
"KERNEL_DISPATCH","Agent 2",1,0,1069504,1236,34,"moe_topk_renorm_k8_batched",1236,1119386266781244,1119386266787816,10752,0,40,0,128,256,1,1,21504,1,1
"KERNEL_DISPATCH","Agent 2",1,0,1069504,1237,35,"fused_silu_mul_mq_rotate",1237,1119386266790501,1119386266792305,0,0,88,0,128,32,1,1,64,84,1
"KERNEL_DISPATCH","Agent 2",1,0,1069504,1238,36,"gemv_hfq4g256_residual_sigmoid_scaled_gpu_batched",1238,1119386266794469,1119386266905036,0,0,72,0,128,32,1,1,65536,84,1
"KERNEL_DISPATCH","Agent 2",1,0,1069504,1239,40,"moe_scatter_fused_k8",1239,1119386266907961,1119386266916257,0,0,24,0,128,256,1,1,256,1,1
"KERNEL_DISPATCH","Agent 2",1,0,1069504,1240,45,"quantize_q8_1_mmq_ds4",1240,1119386266918821,1119386266921867,0,0,24,0,128,256,1,1,512,84,1
"KERNEL_DISPATCH","Agent 2",1,0,1069504,1241,41,"gemm_hfq4g256_moe_grouped_mmq_gfx1151",1241,1119386266924552,1119386267339769,0,0,128,0,128,32,1,1,2048,282,1
"KERNEL_DISPATCH","Agent 2",1,0,1069504,1242,46,"moe_gate_up_unscatter_k8",1242,1119386267342223,1119386267368873,0,0,8,0,128,256,1,1,512,4512,1
"KERNEL_DISPATCH","Agent 2",1,0,1069504,1243,35,"fused_silu_mul_mq_rotate",1243,1119386267371588,1119386267378321,0,0,88,0,128,32,1,1,64,672,1
"KERNEL_DISPATCH","Agent 2",1,0,1069504,1244,45,"quantize_q8_1_mmq_ds4",1244,1119386267380845,1119386267383691,0,0,24,0,128,256,1,1,256,672,1
"KERNEL_DISPATCH","Agent 2",1,0,1069504,1245,41,"gemm_hfq4g256_moe_grouped_mmq_gfx1151",1245,1119386267386135,1119386267623619,0,0,128,0,128,32,1,1,4096,282,1
"KERNEL_DISPATCH","Agent 2",1,0,1069504,1246,47,"moe_down_combine_grouped_k8",1246,1119386267626625,1119386267647304,0,0,8,0,128,256,1,1,2048,84,1
"KERNEL_DISPATCH","Agent 2",1,0,1069504,1247,17,"fused_rmsnorm_mq_rotate",1247,1119386267649989,1119386267656481,0,0,40,0,128,256,1,1,21504,1,1
"KERNEL_DISPATCH","Agent 2",1,0,1069504,1248,20,"convert_f32_to_f16",1248,1119386267659166,1119386267661370,0,0,8,0,128,256,1,1,172032,1,1
"KERNEL_DISPATCH","Agent 2",1,0,1069504,1249,18,"gemm_qkvza_hfq4g256_wmma",1249,1119386267663825,1119386268165763,0,0,80,0,128,32,1,1,24704,6,1
"KERNEL_DISPATCH","Agent 2",1,0,1069504,1250,21,"fused_sigmoid_alpha_gate_f32",1250,1119386268167987,1119386268169510,0,0,16,0,128,256,1,1,256,84,1
"KERNEL_DISPATCH","Agent 2",1,0,1069504,1251,22,"conv1d_silu_split_f32",1251,1119386268172066,1119386268193746,0,0,24,0,128,256,1,1,8192,1,1
"KERNEL_DISPATCH","Agent 2",1,0,1069504,1252,23,"fused_qk_l2_norm_scale_f32",1252,1119386268196971,1119386268205628,0,0,16,0,128,32,1,1,512,84,1
"KERNEL_DISPATCH","Agent 2",1,0,1069504,1253,24,"repeat_interleave_qk_f32_batched",1253,1119386268208393,1119386268215045,0,0,8,0,128,256,1,1,4096,84,1
"KERNEL_DISPATCH","Agent 2",1,0,1069504,1254,25,"gated_delta_net_q8_fast",1254,1119386268217529,1119386268370616,2048,0,64,0,128,32,1,1,1024,32,1
"KERNEL_DISPATCH","Agent 2",1,0,1069504,1255,26,"gated_norm_f32",1255,1119386268373232,1119386268383851,0,0,24,0,128,32,1,1,1024,84,1
"KERNEL_DISPATCH","Agent 2",1,0,1069504,1256,27,"mq_rotate_x",1256,1119386268386406,1119386268389452,0,0,32,0,128,32,1,1,512,84,1
"KERNEL_DISPATCH","Agent 2",1,0,1069504,1257,20,"convert_f32_to_f16",1257,1119386268392257,1119386268395903,0,0,8,0,128,256,1,1,344064,1,1
"KERNEL_DISPATCH","Agent 2",1,0,1069504,1258,29,"gemm_hfq4g256_residual_wmma_k2x32",1258,1119386268398709,1119386268529233,0,0,64,0,128,32,1,1,2048,6,1
"KERNEL_DISPATCH","Agent 2",1,0,1069504,1259,30,"rmsnorm_f32",1259,1119386268531958,1119386268536967,0,0,16,0,128,256,1,1,21504,1,1
"KERNEL_DISPATCH","Agent 2",1,0,1069504,1260,27,"mq_rotate_x",1260,1119386268539452,1119386268541215,0,0,32,0,128,32,1,1,256,84,1
"KERNEL_DISPATCH","Agent 2",1,0,1069504,1261,31,"gemm_hfq4g256",1261,1119386268543660,1119386268579487,0,0,32,0,128,32,1,1,8192,11,1
"KERNEL_DISPATCH","Agent 2",1,0,1069504,1262,31,"gemm_hfq4g256",1262,1119386268581971,1119386268592792,0,0,32,0,128,32,1,1,32,11,1
"KERNEL_DISPATCH","Agent 2",1,0,1069504,1263,20,"convert_f32_to_f16",1263,1119386268595477,1119386268597400,0,0,8,0,128,256,1,1,172032,1,1
"KERNEL_DISPATCH","Agent 2",1,0,1069504,1264,32,"gemm_gate_up_hfq4g256_wmma_ldscoop_nosync",1264,1119386268599725,1119386268632947,0,0,64,0,128,32,1,1,2048,6,1
"KERNEL_DISPATCH","Agent 2",1,0,1069504,1265,33,"softmax_f32",1265,1119386268635632,1119386268638397,0,0,16,0,128,256,1,1,21504,1,1
"KERNEL_DISPATCH","Agent 2",1,0,1069504,1266,34,"moe_topk_renorm_k8_batched",1266,1119386268641082,1119386268647374,10752,0,40,0,128,256,1,1,21504,1,1
"KERNEL_DISPATCH","Agent 2",1,0,1069504,1267,35,"fused_silu_mul_mq_rotate",1267,1119386268650019,1119386268651902,0,0,88,0,128,32,1,1,64,84,1
"KERNEL_DISPATCH","Agent 2",1,0,1069504,1268,36,"gemv_hfq4g256_residual_sigmoid_scaled_gpu_batched",1268,1119386268654427,1119386268764392,0,0,72,0,128,32,1,1,65536,84,1
"KERNEL_DISPATCH","Agent 2",1,0,1069504,1269,40,"moe_scatter_fused_k8",1269,1119386268767037,1119386268775253,0,0,24,0,128,256,1,1,256,1,1
"KERNEL_DISPATCH","Agent 2",1,0,1069504,1270,45,"quantize_q8_1_mmq_ds4",1270,1119386268777777,1119386268780823,0,0,24,0,128,256,1,1,512,84,1
"KERNEL_DISPATCH","Agent 2",1,0,1069504,1271,41,"gemm_hfq4g256_moe_grouped_mmq_gfx1151",1271,1119386268783388,1119386269208703,0,0,128,0,128,32,1,1,2048,282,1
"KERNEL_DISPATCH","Agent 2",1,0,1069504,1272,46,"moe_gate_up_unscatter_k8",1272,1119386269215877,1119386269239841,0,0,8,0,128,256,1,1,512,4512,1
"KERNEL_DISPATCH","Agent 2",1,0,1069504,1273,35,"fused_silu_mul_mq_rotate",1273,1119386269242406,1119386269249419,0,0,88,0,128,32,1,1,64,672,1
"KERNEL_DISPATCH","Agent 2",1,0,1069504,1274,45,"quantize_q8_1_mmq_ds4",1274,1119386269251864,1119386269254709,0,0,24,0,128,256,1,1,256,672,1
"KERNEL_DISPATCH","Agent 2",1,0,1069504,1275,41,"gemm_hfq4g256_moe_grouped_mmq_gfx1151",1275,1119386269257154,1119386269489228,0,0,128,0,128,32,1,1,4096,282,1
"KERNEL_DISPATCH","Agent 2",1,0,1069504,1276,47,"moe_down_combine_grouped_k8",1276,1119386269496802,1119386269515557,0,0,8,0,128,256,1,1,2048,84,1
"KERNEL_DISPATCH","Agent 2",1,0,1069504,1277,17,"fused_rmsnorm_mq_rotate",1277,1119386269517942,1119386269524755,0,0,40,0,128,256,1,1,21504,1,1
"KERNEL_DISPATCH","Agent 2",1,0,1069504,1278,20,"convert_f32_to_f16",1278,1119386269527579,1119386269529744,0,0,8,0,128,256,1,1,172032,1,1
"KERNEL_DISPATCH","Agent 2",1,0,1069504,1279,18,"gemm_qkvza_hfq4g256_wmma",1279,1119386269532308,1119386270012286,0,0,80,0,128,32,1,1,24704,6,1
"KERNEL_DISPATCH","Agent 2",1,0,1069504,1280,21,"fused_sigmoid_alpha_gate_f32",1280,1119386270014891,1119386270016614,0,0,16,0,128,256,1,1,256,84,1
"KERNEL_DISPATCH","Agent 2",1,0,1069504,1281,22,"conv1d_silu_split_f32",1281,1119386270019018,1119386270040499,0,0,24,0,128,256,1,1,8192,1,1
"KERNEL_DISPATCH","Agent 2",1,0,1069504,1282,23,"fused_qk_l2_norm_scale_f32",1282,1119386270043023,1119386270051319,0,0,16,0,128,32,1,1,512,84,1
"KERNEL_DISPATCH","Agent 2",1,0,1069504,1283,24,"repeat_interleave_qk_f32_batched",1283,1119386270053484,1119386270059495,0,0,8,0,128,256,1,1,4096,84,1
"KERNEL_DISPATCH","Agent 2",1,0,1069504,1284,25,"gated_delta_net_q8_fast",1284,1119386270062420,1119386270210657,2048,0,64,0,128,32,1,1,1024,32,1
"KERNEL_DISPATCH","Agent 2",1,0,1069504,1285,26,"gated_norm_f32",1285,1119386270213052,1119386270224233,0,0,24,0,128,32,1,1,1024,84,1
"KERNEL_DISPATCH","Agent 2",1,0,1069504,1286,27,"mq_rotate_x",1286,1119386270226887,1119386270229733,0,0,32,0,128,32,1,1,512,84,1
"KERNEL_DISPATCH","Agent 2",1,0,1069504,1287,20,"convert_f32_to_f16",1287,1119386270232177,1119386270235864,0,0,8,0,128,256,1,1,344064,1,1
"KERNEL_DISPATCH","Agent 2",1,0,1069504,1288,29,"gemm_hfq4g256_residual_wmma_k2x32",1288,1119386270238490,1119386270368613,0,0,64,0,128,32,1,1,2048,6,1
"KERNEL_DISPATCH","Agent 2",1,0,1069504,1289,30,"rmsnorm_f32",1289,1119386270371397,1119386270376607,0,0,16,0,128,256,1,1,21504,1,1
"KERNEL_DISPATCH","Agent 2",1,0,1069504,1290,27,"mq_rotate_x",1290,1119386270379212,1119386270382177,0,0,32,0,128,32,1,1,256,84,1
"KERNEL_DISPATCH","Agent 2",1,0,1069504,1291,31,"gemm_hfq4g256",1291,1119386270384632,1119386270420459,0,0,32,0,128,32,1,1,8192,11,1
"KERNEL_DISPATCH","Agent 2",1,0,1069504,1292,31,"gemm_hfq4g256",1292,1119386270422934,1119386270433554,0,0,32,0,128,32,1,1,32,11,1
"KERNEL_DISPATCH","Agent 2",1,0,1069504,1293,20,"convert_f32_to_f16",1293,1119386270435597,1119386270437922,0,0,8,0,128,256,1,1,172032,1,1
"KERNEL_DISPATCH","Agent 2",1,0,1069504,1294,32,"gemm_gate_up_hfq4g256_wmma_ldscoop_nosync",1294,1119386270440887,1119386270473548,0,0,64,0,128,32,1,1,2048,6,1
"KERNEL_DISPATCH","Agent 2",1,0,1069504,1295,33,"softmax_f32",1295,1119386270476103,1119386270478668,0,0,16,0,128,256,1,1,21504,1,1
"KERNEL_DISPATCH","Agent 2",1,0,1069504,1296,34,"moe_topk_renorm_k8_batched",1296,1119386270481243,1119386270487494,10752,0,40,0,128,256,1,1,21504,1,1
"KERNEL_DISPATCH","Agent 2",1,0,1069504,1297,35,"fused_silu_mul_mq_rotate",1297,1119386270489859,1119386270491903,0,0,88,0,128,32,1,1,64,84,1
"KERNEL_DISPATCH","Agent 2",1,0,1069504,1298,36,"gemv_hfq4g256_residual_sigmoid_scaled_gpu_batched",1298,1119386270494508,1119386270604112,0,0,72,0,128,32,1,1,65536,84,1
"KERNEL_DISPATCH","Agent 2",1,0,1069504,1299,40,"moe_scatter_fused_k8",1299,1119386270607038,1119386270615213,0,0,24,0,128,256,1,1,256,1,1
"KERNEL_DISPATCH","Agent 2",1,0,1069504,1300,45,"quantize_q8_1_mmq_ds4",1300,1119386270617738,1119386270620583,0,0,24,0,128,256,1,1,512,84,1
"KERNEL_DISPATCH","Agent 2",1,0,1069504,1301,41,"gemm_hfq4g256_moe_grouped_mmq_gfx1151",1301,1119386270623068,1119386271023777,0,0,128,0,128,32,1,1,2048,282,1
"KERNEL_DISPATCH","Agent 2",1,0,1069504,1302,46,"moe_gate_up_unscatter_k8",1302,1119386271026262,1119386271049585,0,0,8,0,128,256,1,1,512,4512,1
"KERNEL_DISPATCH","Agent 2",1,0,1069504,1303,35,"fused_silu_mul_mq_rotate",1303,1119386271052091,1119386271058543,0,0,88,0,128,32,1,1,64,672,1
"KERNEL_DISPATCH","Agent 2",1,0,1069504,1304,45,"quantize_q8_1_mmq_ds4",1304,1119386271060777,1119386271063662,0,0,24,0,128,256,1,1,256,672,1
"KERNEL_DISPATCH","Agent 2",1,0,1069504,1305,41,"gemm_hfq4g256_moe_grouped_mmq_gfx1151",1305,1119386271066086,1119386271285737,0,0,128,0,128,32,1,1,4096,282,1
"KERNEL_DISPATCH","Agent 2",1,0,1069504,1306,47,"moe_down_combine_grouped_k8",1306,1119386271288412,1119386271308530,0,0,8,0,128,256,1,1,2048,84,1
"KERNEL_DISPATCH","Agent 2",1,0,1069504,1307,17,"fused_rmsnorm_mq_rotate",1307,1119386271311155,1119386271317687,0,0,40,0,128,256,1,1,21504,1,1
"KERNEL_DISPATCH","Agent 2",1,0,1069504,1308,20,"convert_f32_to_f16",1308,1119386271320171,1119386271322776,0,0,8,0,128,256,1,1,172032,1,1
"KERNEL_DISPATCH","Agent 2",1,0,1069504,1309,18,"gemm_qkvza_hfq4g256_wmma",1309,1119386271325301,1119386271805719,0,0,80,0,128,32,1,1,24704,6,1
"KERNEL_DISPATCH","Agent 2",1,0,1069504,1310,21,"fused_sigmoid_alpha_gate_f32",1310,1119386271808284,1119386271809807,0,0,16,0,128,256,1,1,256,84,1
"KERNEL_DISPATCH","Agent 2",1,0,1069504,1311,22,"conv1d_silu_split_f32",1311,1119386271812332,1119386271833692,0,0,24,0,128,256,1,1,8192,1,1
"KERNEL_DISPATCH","Agent 2",1,0,1069504,1312,23,"fused_qk_l2_norm_scale_f32",1312,1119386271835776,1119386271843631,0,0,16,0,128,32,1,1,512,84,1
"KERNEL_DISPATCH","Agent 2",1,0,1069504,1313,24,"repeat_interleave_qk_f32_batched",1313,1119386271846516,1119386271852727,0,0,8,0,128,256,1,1,4096,84,1
"KERNEL_DISPATCH","Agent 2",1,0,1069504,1314,25,"gated_delta_net_q8_fast",1314,1119386271855332,1119386272003730,2048,0,64,0,128,32,1,1,1024,32,1
"KERNEL_DISPATCH","Agent 2",1,0,1069504,1315,26,"gated_norm_f32",1315,1119386272006375,1119386272017195,0,0,24,0,128,32,1,1,1024,84,1
"KERNEL_DISPATCH","Agent 2",1,0,1069504,1316,27,"mq_rotate_x",1316,1119386272019679,1119386272022445,0,0,32,0,128,32,1,1,512,84,1
"KERNEL_DISPATCH","Agent 2",1,0,1069504,1317,20,"convert_f32_to_f16",1317,1119386272025049,1119386272028496,0,0,8,0,128,256,1,1,344064,1,1
"KERNEL_DISPATCH","Agent 2",1,0,1069504,1318,29,"gemm_hfq4g256_residual_wmma_k2x32",1318,1119386272030860,1119386272159661,0,0,64,0,128,32,1,1,2048,6,1
"KERNEL_DISPATCH","Agent 2",1,0,1069504,1319,30,"rmsnorm_f32",1319,1119386272162386,1119386272167195,0,0,16,0,128,256,1,1,21504,1,1
"KERNEL_DISPATCH","Agent 2",1,0,1069504,1320,27,"mq_rotate_x",1320,1119386272169510,1119386272171353,0,0,32,0,128,32,1,1,256,84,1
"KERNEL_DISPATCH","Agent 2",1,0,1069504,1321,31,"gemm_hfq4g256",1321,1119386272173687,1119386272208713,0,0,32,0,128,32,1,1,8192,11,1
"KERNEL_DISPATCH","Agent 2",1,0,1069504,1322,31,"gemm_hfq4g256",1322,1119386272211198,1119386272221898,0,0,32,0,128,32,1,1,32,11,1
"KERNEL_DISPATCH","Agent 2",1,0,1069504,1323,20,"convert_f32_to_f16",1323,1119386272224392,1119386272226316,0,0,8,0,128,256,1,1,172032,1,1
"KERNEL_DISPATCH","Agent 2",1,0,1069504,1324,32,"gemm_gate_up_hfq4g256_wmma_ldscoop_nosync",1324,1119386272228750,1119386272261652,0,0,64,0,128,32,1,1,2048,6,1
"KERNEL_DISPATCH","Agent 2",1,0,1069504,1325,33,"softmax_f32",1325,1119386272264337,1119386272267022,0,0,16,0,128,256,1,1,21504,1,1
"KERNEL_DISPATCH","Agent 2",1,0,1069504,1326,34,"moe_topk_renorm_k8_batched",1326,1119386272269667,1119386272275879,10752,0,40,0,128,256,1,1,21504,1,1
"KERNEL_DISPATCH","Agent 2",1,0,1069504,1327,35,"fused_silu_mul_mq_rotate",1327,1119386272278203,1119386272280086,0,0,88,0,128,32,1,1,64,84,1
"KERNEL_DISPATCH","Agent 2",1,0,1069504,1328,36,"gemv_hfq4g256_residual_sigmoid_scaled_gpu_batched",1328,1119386272282451,1119386272390733,0,0,72,0,128,32,1,1,65536,84,1
"KERNEL_DISPATCH","Agent 2",1,0,1069504,1329,40,"moe_scatter_fused_k8",1329,1119386272393338,1119386272406362,0,0,24,0,128,256,1,1,256,1,1
"KERNEL_DISPATCH","Agent 2",1,0,1069504,1330,45,"quantize_q8_1_mmq_ds4",1330,1119386272408828,1119386272411553,0,0,24,0,128,256,1,1,512,84,1
"KERNEL_DISPATCH","Agent 2",1,0,1069504,1331,41,"gemm_hfq4g256_moe_grouped_mmq_gfx1151",1331,1119386272413897,1119386272903612,0,0,128,0,128,32,1,1,2048,282,1
"KERNEL_DISPATCH","Agent 2",1,0,1069504,1332,46,"moe_gate_up_unscatter_k8",1332,1119386272906087,1119386272930693,0,0,8,0,128,256,1,1,512,4512,1
"KERNEL_DISPATCH","Agent 2",1,0,1069504,1333,35,"fused_silu_mul_mq_rotate",1333,1119386272933228,1119386272939319,0,0,88,0,128,32,1,1,64,672,1
"KERNEL_DISPATCH","Agent 2",1,0,1069504,1334,45,"quantize_q8_1_mmq_ds4",1334,1119386272941764,1119386272944609,0,0,24,0,128,256,1,1,256,672,1
"KERNEL_DISPATCH","Agent 2",1,0,1069504,1335,41,"gemm_hfq4g256_moe_grouped_mmq_gfx1151",1335,1119386272947214,1119386273222168,0,0,128,0,128,32,1,1,4096,282,1
"KERNEL_DISPATCH","Agent 2",1,0,1069504,1336,47,"moe_down_combine_grouped_k8",1336,1119386273224693,1119386273246293,0,0,8,0,128,256,1,1,2048,84,1
"KERNEL_DISPATCH","Agent 2",1,0,1069504,1337,17,"fused_rmsnorm_mq_rotate",1337,1119386273248818,1119386273255390,0,0,40,0,128,256,1,1,21504,1,1
"KERNEL_DISPATCH","Agent 2",1,0,1069504,1338,20,"convert_f32_to_f16",1338,1119386273258075,1119386273260199,0,0,8,0,128,256,1,1,172032,1,1
"KERNEL_DISPATCH","Agent 2",1,0,1069504,1339,48,"gemm_qkv_hfq4g256_wmma",1339,1119386273262403,1119386273538159,0,0,80,0,128,32,1,1,18432,6,1
"KERNEL_DISPATCH","Agent 2",1,0,1069504,1340,49,"deinterleave_f32_batched",1340,1119386273540643,1119386273547055,0,0,8,0,128,256,1,1,4096,84,1
"KERNEL_DISPATCH","Agent 2",1,0,1069504,1341,30,"rmsnorm_f32",1341,1119386273549310,1119386273559970,0,0,16,0,128,256,1,1,344064,1,1
"KERNEL_DISPATCH","Agent 2",1,0,1069504,1342,30,"rmsnorm_f32",1342,1119386273562324,1119386273565089,0,0,16,0,128,256,1,1,43008,1,1
"KERNEL_DISPATCH","Agent 2",1,0,1069504,1343,50,"rope_partial_halfsplit_batched_f32",1343,1119386273567424,1119386273571632,0,0,24,0,128,32,1,1,32,84,1
"KERNEL_DISPATCH","Agent 2",1,0,1069504,1344,51,"kv_cache_write_q8_0_batched",1344,1119386273574226,1119386273576270,0,0,8,0,128,32,1,1,512,84,1
"KERNEL_DISPATCH","Agent 2",1,0,1069504,1345,51,"kv_cache_write_q8_0_batched",1345,1119386273578474,1119386273580358,0,0,8,0,128,32,1,1,512,84,1
"KERNEL_DISPATCH","Agent 2",1,0,1069504,1346,52,"attention_q8_0_kv_batched",1346,1119386273582722,1119386273647563,0,0,32,0,128,256,1,1,4096,84,1
"KERNEL_DISPATCH","Agent 2",1,0,1069504,1347,53,"sigmoid_mul_f32",1347,1119386273650248,1119386273686276,0,0,16,0,128,256,1,1,1048576,1,1
"KERNEL_DISPATCH","Agent 2",1,0,1069504,1348,27,"mq_rotate_x",1348,1119386273688881,1119386273692888,0,0,32,0,128,32,1,1,512,84,1
"KERNEL_DISPATCH","Agent 2",1,0,1069504,1349,20,"convert_f32_to_f16",1349,1119386273694963,1119386273698289,0,0,8,0,128,256,1,1,344064,1,1
"KERNEL_DISPATCH","Agent 2",1,0,1069504,1350,29,"gemm_hfq4g256_residual_wmma_k2x32",1350,1119386273701104,1119386273847016,0,0,64,0,128,32,1,1,2048,6,1
"KERNEL_DISPATCH","Agent 2",1,0,1069504,1351,30,"rmsnorm_f32",1351,1119386273849501,1119386273854310,0,0,16,0,128,256,1,1,21504,1,1
"KERNEL_DISPATCH","Agent 2",1,0,1069504,1352,27,"mq_rotate_x",1352,1119386273856634,1119386273858317,0,0,32,0,128,32,1,1,256,84,1
"KERNEL_DISPATCH","Agent 2",1,0,1069504,1353,31,"gemm_hfq4g256",1353,1119386273860802,1119386273896509,0,0,32,0,128,32,1,1,8192,11,1
"KERNEL_DISPATCH","Agent 2",1,0,1069504,1354,31,"gemm_hfq4g256",1354,1119386273898734,1119386273909714,0,0,32,0,128,32,1,1,32,11,1
"KERNEL_DISPATCH","Agent 2",1,0,1069504,1355,20,"convert_f32_to_f16",1355,1119386273912178,1119386273914142,0,0,8,0,128,256,1,1,172032,1,1
"KERNEL_DISPATCH","Agent 2",1,0,1069504,1356,32,"gemm_gate_up_hfq4g256_wmma_ldscoop_nosync",1356,1119386273916547,1119386273949568,0,0,64,0,128,32,1,1,2048,6,1
"KERNEL_DISPATCH","Agent 2",1,0,1069504,1357,33,"softmax_f32",1357,1119386273952373,1119386273955339,0,0,16,0,128,256,1,1,21504,1,1
"KERNEL_DISPATCH","Agent 2",1,0,1069504,1358,34,"moe_topk_renorm_k8_batched",1358,1119386273957864,1119386273964115,10752,0,40,0,128,256,1,1,21504,1,1
"KERNEL_DISPATCH","Agent 2",1,0,1069504,1359,35,"fused_silu_mul_mq_rotate",1359,1119386273967001,1119386273968924,0,0,88,0,128,32,1,1,64,84,1
"KERNEL_DISPATCH","Agent 2",1,0,1069504,1360,36,"gemv_hfq4g256_residual_sigmoid_scaled_gpu_batched",1360,1119386273971449,1119386274081415,0,0,72,0,128,32,1,1,65536,84,1
"KERNEL_DISPATCH","Agent 2",1,0,1069504,1361,40,"moe_scatter_fused_k8",1361,1119386274083939,1119386274092515,0,0,24,0,128,256,1,1,256,1,1
"KERNEL_DISPATCH","Agent 2",1,0,1069504,1362,45,"quantize_q8_1_mmq_ds4",1362,1119386274095281,1119386274098126,0,0,24,0,128,256,1,1,512,84,1
"KERNEL_DISPATCH","Agent 2",1,0,1069504,1363,41,"gemm_hfq4g256_moe_grouped_mmq_gfx1151",1363,1119386274100651,1119386274600105,0,0,128,0,128,32,1,1,2048,282,1
"KERNEL_DISPATCH","Agent 2",1,0,1069504,1364,46,"moe_gate_up_unscatter_k8",1364,1119386274602629,1119386274629199,0,0,8,0,128,256,1,1,512,4512,1
"KERNEL_DISPATCH","Agent 2",1,0,1069504,1365,35,"fused_silu_mul_mq_rotate",1365,1119386274631684,1119386274637975,0,0,88,0,128,32,1,1,64,672,1
"KERNEL_DISPATCH","Agent 2",1,0,1069504,1366,45,"quantize_q8_1_mmq_ds4",1366,1119386274640660,1119386274643506,0,0,24,0,128,256,1,1,256,672,1
"KERNEL_DISPATCH","Agent 2",1,0,1069504,1367,41,"gemm_hfq4g256_moe_grouped_mmq_gfx1151",1367,1119386274646151,1119386274940301,0,0,128,0,128,32,1,1,4096,282,1
"KERNEL_DISPATCH","Agent 2",1,0,1069504,1368,47,"moe_down_combine_grouped_k8",1368,1119386274942865,1119386274965989,0,0,8,0,128,256,1,1,2048,84,1
"KERNEL_DISPATCH","Agent 2",1,0,1069504,1369,17,"fused_rmsnorm_mq_rotate",1369,1119386274968513,1119386274975326,0,0,40,0,128,256,1,1,21504,1,1
"KERNEL_DISPATCH","Agent 2",1,0,1069504,1370,20,"convert_f32_to_f16",1370,1119386274978011,1119386274980336,0,0,8,0,128,256,1,1,172032,1,1
"KERNEL_DISPATCH","Agent 2",1,0,1069504,1371,18,"gemm_qkvza_hfq4g256_wmma",1371,1119386274982940,1119386275430898,0,0,80,0,128,32,1,1,24704,6,1
"KERNEL_DISPATCH","Agent 2",1,0,1069504,1372,21,"fused_sigmoid_alpha_gate_f32",1372,1119386275437741,1119386275439264,0,0,16,0,128,256,1,1,256,84,1
"KERNEL_DISPATCH","Agent 2",1,0,1069504,1373,22,"conv1d_silu_split_f32",1373,1119386275441317,1119386275463038,0,0,24,0,128,256,1,1,8192,1,1
"KERNEL_DISPATCH","Agent 2",1,0,1069504,1374,23,"fused_qk_l2_norm_scale_f32",1374,1119386275465803,1119386275473778,0,0,16,0,128,32,1,1,512,84,1
"KERNEL_DISPATCH","Agent 2",1,0,1069504,1375,24,"repeat_interleave_qk_f32_batched",1375,1119386275476343,1119386275482675,0,0,8,0,128,256,1,1,4096,84,1
"KERNEL_DISPATCH","Agent 2",1,0,1069504,1376,25,"gated_delta_net_q8_fast",1376,1119386275485079,1119386275633637,2048,0,64,0,128,32,1,1,1024,32,1
"KERNEL_DISPATCH","Agent 2",1,0,1069504,1377,26,"gated_norm_f32",1377,1119386275640770,1119386275651471,0,0,24,0,128,32,1,1,1024,84,1
"KERNEL_DISPATCH","Agent 2",1,0,1069504,1378,27,"mq_rotate_x",1378,1119386275654075,1119386275656841,0,0,32,0,128,32,1,1,512,84,1
"KERNEL_DISPATCH","Agent 2",1,0,1069504,1379,20,"convert_f32_to_f16",1379,1119386275659245,1119386275662932,0,0,8,0,128,256,1,1,344064,1,1
"KERNEL_DISPATCH","Agent 2",1,0,1069504,1380,29,"gemm_hfq4g256_residual_wmma_k2x32",1380,1119386275665577,1119386275796061,0,0,64,0,128,32,1,1,2048,6,1
"KERNEL_DISPATCH","Agent 2",1,0,1069504,1381,30,"rmsnorm_f32",1381,1119386275798866,1119386275804236,0,0,16,0,128,256,1,1,21504,1,1
"KERNEL_DISPATCH","Agent 2",1,0,1069504,1382,27,"mq_rotate_x",1382,1119386275806480,1119386275808204,0,0,32,0,128,32,1,1,256,84,1
"KERNEL_DISPATCH","Agent 2",1,0,1069504,1383,31,"gemm_hfq4g256",1383,1119386275810688,1119386275845994,0,0,32,0,128,32,1,1,8192,11,1
"KERNEL_DISPATCH","Agent 2",1,0,1069504,1384,31,"gemm_hfq4g256",1384,1119386275848359,1119386275859179,0,0,32,0,128,32,1,1,32,11,1
"KERNEL_DISPATCH","Agent 2",1,0,1069504,1385,20,"convert_f32_to_f16",1385,1119386275861583,1119386275863908,0,0,8,0,128,256,1,1,172032,1,1
"KERNEL_DISPATCH","Agent 2",1,0,1069504,1386,32,"gemm_gate_up_hfq4g256_wmma_ldscoop_nosync",1386,1119386275866312,1119386275899414,0,0,64,0,128,32,1,1,2048,6,1
"KERNEL_DISPATCH","Agent 2",1,0,1069504,1387,33,"softmax_f32",1387,1119386275901628,1119386275904233,0,0,16,0,128,256,1,1,21504,1,1
"KERNEL_DISPATCH","Agent 2",1,0,1069504,1388,34,"moe_topk_renorm_k8_batched",1388,1119386275906828,1119386275913200,10752,0,40,0,128,256,1,1,21504,1,1
"KERNEL_DISPATCH","Agent 2",1,0,1069504,1389,35,"fused_silu_mul_mq_rotate",1389,1119386275915645,1119386275917448,0,0,88,0,128,32,1,1,64,84,1
"KERNEL_DISPATCH","Agent 2",1,0,1069504,1390,36,"gemv_hfq4g256_residual_sigmoid_scaled_gpu_batched",1390,1119386275920053,1119386276031060,0,0,72,0,128,32,1,1,65536,84,1
"KERNEL_DISPATCH","Agent 2",1,0,1069504,1391,40,"moe_scatter_fused_k8",1391,1119386276033786,1119386276041921,0,0,24,0,128,256,1,1,256,1,1
"KERNEL_DISPATCH","Agent 2",1,0,1069504,1392,45,"quantize_q8_1_mmq_ds4",1392,1119386276044525,1119386276047411,0,0,24,0,128,256,1,1,512,84,1
"KERNEL_DISPATCH","Agent 2",1,0,1069504,1393,41,"gemm_hfq4g256_moe_grouped_mmq_gfx1151",1393,1119386276049896,1119386276570910,0,0,128,0,128,32,1,1,2048,282,1
"KERNEL_DISPATCH","Agent 2",1,0,1069504,1394,46,"moe_gate_up_unscatter_k8",1394,1119386276573475,1119386276599443,0,0,8,0,128,256,1,1,512,4512,1
"KERNEL_DISPATCH","Agent 2",1,0,1069504,1395,35,"fused_silu_mul_mq_rotate",1395,1119386276602048,1119386276608380,0,0,88,0,128,32,1,1,64,672,1
"KERNEL_DISPATCH","Agent 2",1,0,1069504,1396,45,"quantize_q8_1_mmq_ds4",1396,1119386276610985,1119386276613950,0,0,24,0,128,256,1,1,256,672,1
"KERNEL_DISPATCH","Agent 2",1,0,1069504,1397,41,"gemm_hfq4g256_moe_grouped_mmq_gfx1151",1397,1119386276616435,1119386276912308,0,0,128,0,128,32,1,1,4096,282,1
"KERNEL_DISPATCH","Agent 2",1,0,1069504,1398,47,"moe_down_combine_grouped_k8",1398,1119386276914913,1119386276940040,0,0,8,0,128,256,1,1,2048,84,1
"KERNEL_DISPATCH","Agent 2",1,0,1069504,1399,17,"fused_rmsnorm_mq_rotate",1399,1119386276942725,1119386276949658,0,0,40,0,128,256,1,1,21504,1,1
"KERNEL_DISPATCH","Agent 2",1,0,1069504,1400,20,"convert_f32_to_f16",1400,1119386276952022,1119386276954186,0,0,8,0,128,256,1,1,172032,1,1
"KERNEL_DISPATCH","Agent 2",1,0,1069504,1401,18,"gemm_qkvza_hfq4g256_wmma",1401,1119386276956591,1119386277401463,0,0,80,0,128,32,1,1,24704,6,1
"KERNEL_DISPATCH","Agent 2",1,0,1069504,1402,21,"fused_sigmoid_alpha_gate_f32",1402,1119386277403758,1119386277405681,0,0,16,0,128,256,1,1,256,84,1
"KERNEL_DISPATCH","Agent 2",1,0,1069504,1403,22,"conv1d_silu_split_f32",1403,1119386277408556,1119386277429996,0,0,24,0,128,256,1,1,8192,1,1
"KERNEL_DISPATCH","Agent 2",1,0,1069504,1404,23,"fused_qk_l2_norm_scale_f32",1404,1119386277432641,1119386277440576,0,0,16,0,128,32,1,1,512,84,1
"KERNEL_DISPATCH","Agent 2",1,0,1069504,1405,24,"repeat_interleave_qk_f32_batched",1405,1119386277443021,1119386277449192,0,0,8,0,128,256,1,1,4096,84,1
"KERNEL_DISPATCH","Agent 2",1,0,1069504,1406,25,"gated_delta_net_q8_fast",1406,1119386277451717,1119386277599233,2048,0,64,0,128,32,1,1,1024,32,1
"KERNEL_DISPATCH","Agent 2",1,0,1069504,1407,26,"gated_norm_f32",1407,1119386277601797,1119386277612177,0,0,24,0,128,32,1,1,1024,84,1
"KERNEL_DISPATCH","Agent 2",1,0,1069504,1408,27,"mq_rotate_x",1408,1119386277614902,1119386277617747,0,0,32,0,128,32,1,1,512,84,1
"KERNEL_DISPATCH","Agent 2",1,0,1069504,1409,20,"convert_f32_to_f16",1409,1119386277620152,1119386277623558,0,0,8,0,128,256,1,1,344064,1,1
"KERNEL_DISPATCH","Agent 2",1,0,1069504,1410,29,"gemm_hfq4g256_residual_wmma_k2x32",1410,1119386277625833,1119386277756116,0,0,64,0,128,32,1,1,2048,6,1
"KERNEL_DISPATCH","Agent 2",1,0,1069504,1411,30,"rmsnorm_f32",1411,1119386277758691,1119386277763860,0,0,16,0,128,256,1,1,21504,1,1
"KERNEL_DISPATCH","Agent 2",1,0,1069504,1412,27,"mq_rotate_x",1412,1119386277766225,1119386277767988,0,0,32,0,128,32,1,1,256,84,1
"KERNEL_DISPATCH","Agent 2",1,0,1069504,1413,31,"gemm_hfq4g256",1413,1119386277770383,1119386277805569,0,0,32,0,128,32,1,1,8192,11,1
"KERNEL_DISPATCH","Agent 2",1,0,1069504,1414,31,"gemm_hfq4g256",1414,1119386277807983,1119386277818643,0,0,32,0,128,32,1,1,32,11,1
"KERNEL_DISPATCH","Agent 2",1,0,1069504,1415,20,"convert_f32_to_f16",1415,1119386277821128,1119386277823091,0,0,8,0,128,256,1,1,172032,1,1
"KERNEL_DISPATCH","Agent 2",1,0,1069504,1416,32,"gemm_gate_up_hfq4g256_wmma_ldscoop_nosync",1416,1119386277825316,1119386277857816,0,0,64,0,128,32,1,1,2048,6,1
"KERNEL_DISPATCH","Agent 2",1,0,1069504,1417,33,"softmax_f32",1417,1119386277860601,1119386277863286,0,0,16,0,128,256,1,1,21504,1,1
"KERNEL_DISPATCH","Agent 2",1,0,1069504,1418,34,"moe_topk_renorm_k8_batched",1418,1119386277865891,1119386277875429,10752,0,40,0,128,256,1,1,21504,1,1
"KERNEL_DISPATCH","Agent 2",1,0,1069504,1419,35,"fused_silu_mul_mq_rotate",1419,1119386277877754,1119386277879397,0,0,88,0,128,32,1,1,64,84,1
"KERNEL_DISPATCH","Agent 2",1,0,1069504,1420,36,"gemv_hfq4g256_residual_sigmoid_scaled_gpu_batched",1420,1119386277882202,1119386277991807,0,0,72,0,128,32,1,1,65536,84,1
"KERNEL_DISPATCH","Agent 2",1,0,1069504,1421,40,"moe_scatter_fused_k8",1421,1119386277994351,1119386278002687,0,0,24,0,128,256,1,1,256,1,1
"KERNEL_DISPATCH","Agent 2",1,0,1069504,1422,45,"quantize_q8_1_mmq_ds4",1422,1119386278005112,1119386278007917,0,0,24,0,128,256,1,1,512,84,1
"KERNEL_DISPATCH","Agent 2",1,0,1069504,1423,41,"gemm_hfq4g256_moe_grouped_mmq_gfx1151",1423,1119386278010361,1119386278515546,0,0,128,0,128,32,1,1,2048,282,1
"KERNEL_DISPATCH","Agent 2",1,0,1069504,1424,46,"moe_gate_up_unscatter_k8",1424,1119386278522719,1119386278549129,0,0,8,0,128,256,1,1,512,4512,1
"KERNEL_DISPATCH","Agent 2",1,0,1069504,1425,35,"fused_silu_mul_mq_rotate",1425,1119386278551654,1119386278557945,0,0,88,0,128,32,1,1,64,672,1
"KERNEL_DISPATCH","Agent 2",1,0,1069504,1426,45,"quantize_q8_1_mmq_ds4",1426,1119386278560310,1119386278563195,0,0,24,0,128,256,1,1,256,672,1
"KERNEL_DISPATCH","Agent 2",1,0,1069504,1427,41,"gemm_hfq4g256_moe_grouped_mmq_gfx1151",1427,1119386278565560,1119386278853778,0,0,128,0,128,32,1,1,4096,282,1
"KERNEL_DISPATCH","Agent 2",1,0,1069504,1428,47,"moe_down_combine_grouped_k8",1428,1119386278856273,1119386278881480,0,0,8,0,128,256,1,1,2048,84,1
"KERNEL_DISPATCH","Agent 2",1,0,1069504,1429,17,"fused_rmsnorm_mq_rotate",1429,1119386278884235,1119386278890728,0,0,40,0,128,256,1,1,21504,1,1
"KERNEL_DISPATCH","Agent 2",1,0,1069504,1430,20,"convert_f32_to_f16",1430,1119386278893212,1119386278895376,0,0,8,0,128,256,1,1,172032,1,1
"KERNEL_DISPATCH","Agent 2",1,0,1069504,1431,18,"gemm_qkvza_hfq4g256_wmma",1431,1119386278898101,1119386279355597,0,0,80,0,128,32,1,1,24704,6,1
"KERNEL_DISPATCH","Agent 2",1,0,1069504,1432,21,"fused_sigmoid_alpha_gate_f32",1432,1119386279358162,1119386279359805,0,0,16,0,128,256,1,1,256,84,1
"KERNEL_DISPATCH","Agent 2",1,0,1069504,1433,22,"conv1d_silu_split_f32",1433,1119386279362249,1119386279384130,0,0,24,0,128,256,1,1,8192,1,1
"KERNEL_DISPATCH","Agent 2",1,0,1069504,1434,23,"fused_qk_l2_norm_scale_f32",1434,1119386279386855,1119386279395351,0,0,16,0,128,32,1,1,512,84,1
"KERNEL_DISPATCH","Agent 2",1,0,1069504,1435,24,"repeat_interleave_qk_f32_batched",1435,1119386279397876,1119386279403967,0,0,8,0,128,256,1,1,4096,84,1
"KERNEL_DISPATCH","Agent 2",1,0,1069504,1436,25,"gated_delta_net_q8_fast",1436,1119386279406452,1119386279554930,2048,0,64,0,128,32,1,1,1024,32,1
"KERNEL_DISPATCH","Agent 2",1,0,1069504,1437,26,"gated_norm_f32",1437,1119386279557534,1119386279568515,0,0,24,0,128,32,1,1,1024,84,1
"KERNEL_DISPATCH","Agent 2",1,0,1069504,1438,27,"mq_rotate_x",1438,1119386279570919,1119386279573765,0,0,32,0,128,32,1,1,512,84,1
"KERNEL_DISPATCH","Agent 2",1,0,1069504,1439,20,"convert_f32_to_f16",1439,1119386279576049,1119386279579415,0,0,8,0,128,256,1,1,344064,1,1
"KERNEL_DISPATCH","Agent 2",1,0,1069504,1440,29,"gemm_hfq4g256_residual_wmma_k2x32",1440,1119386279581980,1119386279711863,0,0,64,0,128,32,1,1,2048,6,1
"KERNEL_DISPATCH","Agent 2",1,0,1069504,1441,30,"rmsnorm_f32",1441,1119386279714328,1119386279719818,0,0,16,0,128,256,1,1,21504,1,1
"KERNEL_DISPATCH","Agent 2",1,0,1069504,1442,27,"mq_rotate_x",1442,1119386279721982,1119386279723746,0,0,32,0,128,32,1,1,256,84,1
"KERNEL_DISPATCH","Agent 2",1,0,1069504,1443,31,"gemm_hfq4g256",1443,1119386279726290,1119386279761676,0,0,32,0,128,32,1,1,8192,11,1
"KERNEL_DISPATCH","Agent 2",1,0,1069504,1444,31,"gemm_hfq4g256",1444,1119386279764001,1119386279775061,0,0,32,0,128,32,1,1,32,11,1
"KERNEL_DISPATCH","Agent 2",1,0,1069504,1445,20,"convert_f32_to_f16",1445,1119386279777135,1119386279779259,0,0,8,0,128,256,1,1,172032,1,1
"KERNEL_DISPATCH","Agent 2",1,0,1069504,1446,32,"gemm_gate_up_hfq4g256_wmma_ldscoop_nosync",1446,1119386279782074,1119386279815377,0,0,64,0,128,32,1,1,2048,6,1
"KERNEL_DISPATCH","Agent 2",1,0,1069504,1447,33,"softmax_f32",1447,1119386279817901,1119386279820506,0,0,16,0,128,256,1,1,21504,1,1
"KERNEL_DISPATCH","Agent 2",1,0,1069504,1448,34,"moe_topk_renorm_k8_batched",1448,1119386279822951,1119386279829242,10752,0,40,0,128,256,1,1,21504,1,1
"KERNEL_DISPATCH","Agent 2",1,0,1069504,1449,35,"fused_silu_mul_mq_rotate",1449,1119386279831387,1119386279833190,0,0,88,0,128,32,1,1,64,84,1
"KERNEL_DISPATCH","Agent 2",1,0,1069504,1450,36,"gemv_hfq4g256_residual_sigmoid_scaled_gpu_batched",1450,1119386279835935,1119386279946221,0,0,72,0,128,32,1,1,65536,84,1
"KERNEL_DISPATCH","Agent 2",1,0,1069504,1451,40,"moe_scatter_fused_k8",1451,1119386279948756,1119386279956972,0,0,24,0,128,256,1,1,256,1,1
"KERNEL_DISPATCH","Agent 2",1,0,1069504,1452,45,"quantize_q8_1_mmq_ds4",1452,1119386279959526,1119386279962412,0,0,24,0,128,256,1,1,512,84,1
"KERNEL_DISPATCH","Agent 2",1,0,1069504,1453,41,"gemm_hfq4g256_moe_grouped_mmq_gfx1151",1453,1119386279965016,1119386280446958,0,0,128,0,128,32,1,1,2048,282,1
"KERNEL_DISPATCH","Agent 2",1,0,1069504,1454,46,"moe_gate_up_unscatter_k8",1454,1119386280449603,1119386280475010,0,0,8,0,128,256,1,1,512,4512,1
"KERNEL_DISPATCH","Agent 2",1,0,1069504,1455,35,"fused_silu_mul_mq_rotate",1455,1119386280477495,1119386280483947,0,0,88,0,128,32,1,1,64,672,1
"KERNEL_DISPATCH","Agent 2",1,0,1069504,1456,45,"quantize_q8_1_mmq_ds4",1456,1119386280486632,1119386280489557,0,0,24,0,128,256,1,1,256,672,1
"KERNEL_DISPATCH","Agent 2",1,0,1069504,1457,41,"gemm_hfq4g256_moe_grouped_mmq_gfx1151",1457,1119386280492002,1119386280766555,0,0,128,0,128,32,1,1,4096,282,1
"KERNEL_DISPATCH","Agent 2",1,0,1069504,1458,47,"moe_down_combine_grouped_k8",1458,1119386280769280,1119386280793606,0,0,8,0,128,256,1,1,2048,84,1
"KERNEL_DISPATCH","Agent 2",1,0,1069504,1459,17,"fused_rmsnorm_mq_rotate",1459,1119386280796090,1119386280802823,0,0,40,0,128,256,1,1,21504,1,1
"KERNEL_DISPATCH","Agent 2",1,0,1069504,1460,20,"convert_f32_to_f16",1460,1119386280805298,1119386280807422,0,0,8,0,128,256,1,1,172032,1,1
"KERNEL_DISPATCH","Agent 2",1,0,1069504,1461,48,"gemm_qkv_hfq4g256_wmma",1461,1119386280809956,1119386281088758,0,0,80,0,128,32,1,1,18432,6,1
"KERNEL_DISPATCH","Agent 2",1,0,1069504,1462,49,"deinterleave_f32_batched",1462,1119386281091322,1119386281098095,0,0,8,0,128,256,1,1,4096,84,1
"KERNEL_DISPATCH","Agent 2",1,0,1069504,1463,30,"rmsnorm_f32",1463,1119386281100620,1119386281111079,0,0,16,0,128,256,1,1,344064,1,1
"KERNEL_DISPATCH","Agent 2",1,0,1069504,1464,30,"rmsnorm_f32",1464,1119386281113404,1119386281116169,0,0,16,0,128,256,1,1,43008,1,1
"KERNEL_DISPATCH","Agent 2",1,0,1069504,1465,50,"rope_partial_halfsplit_batched_f32",1465,1119386281118894,1119386281122982,0,0,24,0,128,32,1,1,32,84,1
"KERNEL_DISPATCH","Agent 2",1,0,1069504,1466,51,"kv_cache_write_q8_0_batched",1466,1119386281125446,1119386281127530,0,0,8,0,128,32,1,1,512,84,1
"KERNEL_DISPATCH","Agent 2",1,0,1069504,1467,51,"kv_cache_write_q8_0_batched",1467,1119386281129915,1119386281131678,0,0,8,0,128,32,1,1,512,84,1
"KERNEL_DISPATCH","Agent 2",1,0,1069504,1468,52,"attention_q8_0_kv_batched",1468,1119386281134163,1119386281198683,0,0,32,0,128,256,1,1,4096,84,1
"KERNEL_DISPATCH","Agent 2",1,0,1069504,1469,53,"sigmoid_mul_f32",1469,1119386281201488,1119386281237596,0,0,16,0,128,256,1,1,1048576,1,1
"KERNEL_DISPATCH","Agent 2",1,0,1069504,1470,27,"mq_rotate_x",1470,1119386281240121,1119386281244449,0,0,32,0,128,32,1,1,512,84,1
"KERNEL_DISPATCH","Agent 2",1,0,1069504,1471,20,"convert_f32_to_f16",1471,1119386281246933,1119386281250099,0,0,8,0,128,256,1,1,344064,1,1
"KERNEL_DISPATCH","Agent 2",1,0,1069504,1472,29,"gemm_hfq4g256_residual_wmma_k2x32",1472,1119386281252624,1119386281381265,0,0,64,0,128,32,1,1,2048,6,1
"KERNEL_DISPATCH","Agent 2",1,0,1069504,1473,30,"rmsnorm_f32",1473,1119386281383709,1119386281389079,0,0,16,0,128,256,1,1,21504,1,1
"KERNEL_DISPATCH","Agent 2",1,0,1069504,1474,27,"mq_rotate_x",1474,1119386281391103,1119386281392746,0,0,32,0,128,32,1,1,256,84,1
"KERNEL_DISPATCH","Agent 2",1,0,1069504,1475,31,"gemm_hfq4g256",1475,1119386281395331,1119386281430236,0,0,32,0,128,32,1,1,8192,11,1
"KERNEL_DISPATCH","Agent 2",1,0,1069504,1476,31,"gemm_hfq4g256",1476,1119386281432721,1119386281443541,0,0,32,0,128,32,1,1,32,11,1
"KERNEL_DISPATCH","Agent 2",1,0,1069504,1477,20,"convert_f32_to_f16",1477,1119386281445946,1119386281448029,0,0,8,0,128,256,1,1,172032,1,1
"KERNEL_DISPATCH","Agent 2",1,0,1069504,1478,32,"gemm_gate_up_hfq4g256_wmma_ldscoop_nosync",1478,1119386281450164,1119386281483346,0,0,64,0,128,32,1,1,2048,6,1
"KERNEL_DISPATCH","Agent 2",1,0,1069504,1479,33,"softmax_f32",1479,1119386281486221,1119386281488946,0,0,16,0,128,256,1,1,21504,1,1
"KERNEL_DISPATCH","Agent 2",1,0,1069504,1480,34,"moe_topk_renorm_k8_batched",1480,1119386281491471,1119386281497722,10752,0,40,0,128,256,1,1,21504,1,1
"KERNEL_DISPATCH","Agent 2",1,0,1069504,1481,35,"fused_silu_mul_mq_rotate",1481,1119386281500287,1119386281502131,0,0,88,0,128,32,1,1,64,84,1
"KERNEL_DISPATCH","Agent 2",1,0,1069504,1482,36,"gemv_hfq4g256_residual_sigmoid_scaled_gpu_batched",1482,1119386281504405,1119386281613930,0,0,72,0,128,32,1,1,65536,84,1
"KERNEL_DISPATCH","Agent 2",1,0,1069504,1483,40,"moe_scatter_fused_k8",1483,1119386281616785,1119386281625000,0,0,24,0,128,256,1,1,256,1,1
"KERNEL_DISPATCH","Agent 2",1,0,1069504,1484,45,"quantize_q8_1_mmq_ds4",1484,1119386281627406,1119386281630291,0,0,24,0,128,256,1,1,512,84,1
"KERNEL_DISPATCH","Agent 2",1,0,1069504,1485,41,"gemm_hfq4g256_moe_grouped_mmq_gfx1151",1485,1119386281632775,1119386282065745,0,0,128,0,128,32,1,1,2048,282,1
"KERNEL_DISPATCH","Agent 2",1,0,1069504,1486,46,"moe_gate_up_unscatter_k8",1486,1119386282068039,1119386282091844,0,0,8,0,128,256,1,1,512,4512,1
"KERNEL_DISPATCH","Agent 2",1,0,1069504,1487,35,"fused_silu_mul_mq_rotate",1487,1119386282094598,1119386282100930,0,0,88,0,128,32,1,1,64,672,1
"KERNEL_DISPATCH","Agent 2",1,0,1069504,1488,45,"quantize_q8_1_mmq_ds4",1488,1119386282103375,1119386282106260,0,0,24,0,128,256,1,1,256,672,1
"KERNEL_DISPATCH","Agent 2",1,0,1069504,1489,41,"gemm_hfq4g256_moe_grouped_mmq_gfx1151",1489,1119386282108705,1119386282358612,0,0,128,0,128,32,1,1,4096,282,1
"KERNEL_DISPATCH","Agent 2",1,0,1069504,1490,47,"moe_down_combine_grouped_k8",1490,1119386282361147,1119386282381345,0,0,8,0,128,256,1,1,2048,84,1
"KERNEL_DISPATCH","Agent 2",1,0,1069504,1491,17,"fused_rmsnorm_mq_rotate",1491,1119386282383940,1119386282390592,0,0,40,0,128,256,1,1,21504,1,1
"KERNEL_DISPATCH","Agent 2",1,0,1069504,1492,20,"convert_f32_to_f16",1492,1119386282393277,1119386282395441,0,0,8,0,128,256,1,1,172032,1,1
"KERNEL_DISPATCH","Agent 2",1,0,1069504,1493,18,"gemm_qkvza_hfq4g256_wmma",1493,1119386282397846,1119386282870008,0,0,80,0,128,32,1,1,24704,6,1
"KERNEL_DISPATCH","Agent 2",1,0,1069504,1494,21,"fused_sigmoid_alpha_gate_f32",1494,1119386282872734,1119386282874256,0,0,16,0,128,256,1,1,256,84,1
"KERNEL_DISPATCH","Agent 2",1,0,1069504,1495,22,"conv1d_silu_split_f32",1495,1119386282876821,1119386282897620,0,0,24,0,128,256,1,1,8192,1,1
"KERNEL_DISPATCH","Agent 2",1,0,1069504,1496,23,"fused_qk_l2_norm_scale_f32",1496,1119386282900105,1119386282907999,0,0,16,0,128,32,1,1,512,84,1
"KERNEL_DISPATCH","Agent 2",1,0,1069504,1497,24,"repeat_interleave_qk_f32_batched",1497,1119386282910284,1119386282916255,0,0,8,0,128,256,1,1,4096,84,1
"KERNEL_DISPATCH","Agent 2",1,0,1069504,1498,25,"gated_delta_net_q8_fast",1498,1119386282918860,1119386283066937,2048,0,64,0,128,32,1,1,1024,32,1
"KERNEL_DISPATCH","Agent 2",1,0,1069504,1499,26,"gated_norm_f32",1499,1119386283069542,1119386283080041,0,0,24,0,128,32,1,1,1024,84,1
"KERNEL_DISPATCH","Agent 2",1,0,1069504,1500,27,"mq_rotate_x",1500,1119386283082406,1119386283085171,0,0,32,0,128,32,1,1,512,84,1
"KERNEL_DISPATCH","Agent 2",1,0,1069504,1501,20,"convert_f32_to_f16",1501,1119386283087695,1119386283091543,0,0,8,0,128,256,1,1,344064,1,1
"KERNEL_DISPATCH","Agent 2",1,0,1069504,1502,29,"gemm_hfq4g256_residual_wmma_k2x32",1502,1119386283093947,1119386283224070,0,0,64,0,128,32,1,1,2048,6,1
"KERNEL_DISPATCH","Agent 2",1,0,1069504,1503,30,"rmsnorm_f32",1503,1119386283226796,1119386283232045,0,0,16,0,128,256,1,1,21504,1,1
"KERNEL_DISPATCH","Agent 2",1,0,1069504,1504,27,"mq_rotate_x",1504,1119386283234330,1119386283236253,0,0,32,0,128,32,1,1,256,84,1
"KERNEL_DISPATCH","Agent 2",1,0,1069504,1505,31,"gemm_hfq4g256",1505,1119386283238658,1119386283274004,0,0,32,0,128,32,1,1,8192,11,1
"KERNEL_DISPATCH","Agent 2",1,0,1069504,1506,31,"gemm_hfq4g256",1506,1119386283276328,1119386283286868,0,0,32,0,128,32,1,1,32,11,1
"KERNEL_DISPATCH","Agent 2",1,0,1069504,1507,20,"convert_f32_to_f16",1507,1119386283289232,1119386283291396,0,0,8,0,128,256,1,1,172032,1,1
"KERNEL_DISPATCH","Agent 2",1,0,1069504,1508,32,"gemm_gate_up_hfq4g256_wmma_ldscoop_nosync",1508,1119386283293871,1119386283326292,0,0,64,0,128,32,1,1,2048,6,1
"KERNEL_DISPATCH","Agent 2",1,0,1069504,1509,33,"softmax_f32",1509,1119386283328466,1119386283331151,0,0,16,0,128,256,1,1,21504,1,1
"KERNEL_DISPATCH","Agent 2",1,0,1069504,1510,34,"moe_topk_renorm_k8_batched",1510,1119386283333956,1119386283340208,10752,0,40,0,128,256,1,1,21504,1,1
"KERNEL_DISPATCH","Agent 2",1,0,1069504,1511,35,"fused_silu_mul_mq_rotate",1511,1119386283342482,1119386283344125,0,0,88,0,128,32,1,1,64,84,1
"KERNEL_DISPATCH","Agent 2",1,0,1069504,1512,36,"gemv_hfq4g256_residual_sigmoid_scaled_gpu_batched",1512,1119386283346820,1119386283455102,0,0,72,0,128,32,1,1,65536,84,1
"KERNEL_DISPATCH","Agent 2",1,0,1069504,1513,40,"moe_scatter_fused_k8",1513,1119386283457688,1119386283465783,0,0,24,0,128,256,1,1,256,1,1
"KERNEL_DISPATCH","Agent 2",1,0,1069504,1514,45,"quantize_q8_1_mmq_ds4",1514,1119386283468488,1119386283471213,0,0,24,0,128,256,1,1,512,84,1
"KERNEL_DISPATCH","Agent 2",1,0,1069504,1515,41,"gemm_hfq4g256_moe_grouped_mmq_gfx1151",1515,1119386283473817,1119386283882902,0,0,128,0,128,32,1,1,2048,282,1
"KERNEL_DISPATCH","Agent 2",1,0,1069504,1516,46,"moe_gate_up_unscatter_k8",1516,1119386283885708,1119386283909713,0,0,8,0,128,256,1,1,512,4512,1
"KERNEL_DISPATCH","Agent 2",1,0,1069504,1517,35,"fused_silu_mul_mq_rotate",1517,1119386283912277,1119386283918529,0,0,88,0,128,32,1,1,64,672,1
"KERNEL_DISPATCH","Agent 2",1,0,1069504,1518,45,"quantize_q8_1_mmq_ds4",1518,1119386283920914,1119386283923759,0,0,24,0,128,256,1,1,256,672,1
"KERNEL_DISPATCH","Agent 2",1,0,1069504,1519,41,"gemm_hfq4g256_moe_grouped_mmq_gfx1151",1519,1119386283926384,1119386284145714,0,0,128,0,128,32,1,1,4096,282,1
"KERNEL_DISPATCH","Agent 2",1,0,1069504,1520,47,"moe_down_combine_grouped_k8",1520,1119386284148399,1119386284168637,0,0,8,0,128,256,1,1,2048,84,1
"KERNEL_DISPATCH","Agent 2",1,0,1069504,1521,17,"fused_rmsnorm_mq_rotate",1521,1119386284171121,1119386284177934,0,0,40,0,128,256,1,1,21504,1,1
"KERNEL_DISPATCH","Agent 2",1,0,1069504,1522,20,"convert_f32_to_f16",1522,1119386284180459,1119386284182583,0,0,8,0,128,256,1,1,172032,1,1
"KERNEL_DISPATCH","Agent 2",1,0,1069504,1523,18,"gemm_qkvza_hfq4g256_wmma",1523,1119386284185188,1119386284665887,0,0,80,0,128,32,1,1,24704,6,1
"KERNEL_DISPATCH","Agent 2",1,0,1069504,1524,21,"fused_sigmoid_alpha_gate_f32",1524,1119386284668081,1119386284669644,0,0,16,0,128,256,1,1,256,84,1
"KERNEL_DISPATCH","Agent 2",1,0,1069504,1525,22,"conv1d_silu_split_f32",1525,1119386284671828,1119386284693789,0,0,24,0,128,256,1,1,8192,1,1
"KERNEL_DISPATCH","Agent 2",1,0,1069504,1526,23,"fused_qk_l2_norm_scale_f32",1526,1119386284696704,1119386284704679,0,0,16,0,128,32,1,1,512,84,1
"KERNEL_DISPATCH","Agent 2",1,0,1069504,1527,24,"repeat_interleave_qk_f32_batched",1527,1119386284706674,1119386284712885,0,0,8,0,128,256,1,1,4096,84,1
"KERNEL_DISPATCH","Agent 2",1,0,1069504,1528,25,"gated_delta_net_q8_fast",1528,1119386284715690,1119386284868175,2048,0,64,0,128,32,1,1,1024,32,1
"KERNEL_DISPATCH","Agent 2",1,0,1069504,1529,26,"gated_norm_f32",1529,1119386284870650,1119386284881750,0,0,24,0,128,32,1,1,1024,84,1
"KERNEL_DISPATCH","Agent 2",1,0,1069504,1530,27,"mq_rotate_x",1530,1119386284884356,1119386284887161,0,0,32,0,128,32,1,1,512,84,1
"KERNEL_DISPATCH","Agent 2",1,0,1069504,1531,20,"convert_f32_to_f16",1531,1119386284889485,1119386284892811,0,0,8,0,128,256,1,1,344064,1,1
"KERNEL_DISPATCH","Agent 2",1,0,1069504,1532,29,"gemm_hfq4g256_residual_wmma_k2x32",1532,1119386284895185,1119386285025589,0,0,64,0,128,32,1,1,2048,6,1
"KERNEL_DISPATCH","Agent 2",1,0,1069504,1533,30,"rmsnorm_f32",1533,1119386285027813,1119386285032943,0,0,16,0,128,256,1,1,21504,1,1
"KERNEL_DISPATCH","Agent 2",1,0,1069504,1534,27,"mq_rotate_x",1534,1119386285035658,1119386285037421,0,0,32,0,128,32,1,1,256,84,1
"KERNEL_DISPATCH","Agent 2",1,0,1069504,1535,31,"gemm_hfq4g256",1535,1119386285039466,1119386285074932,0,0,32,0,128,32,1,1,8192,11,1
"KERNEL_DISPATCH","Agent 2",1,0,1069504,1536,31,"gemm_hfq4g256",1536,1119386285077616,1119386285088356,0,0,32,0,128,32,1,1,32,11,1
"KERNEL_DISPATCH","Agent 2",1,0,1069504,1537,20,"convert_f32_to_f16",1537,1119386285090641,1119386285092885,0,0,8,0,128,256,1,1,172032,1,1
"KERNEL_DISPATCH","Agent 2",1,0,1069504,1538,32,"gemm_gate_up_hfq4g256_wmma_ldscoop_nosync",1538,1119386285095290,1119386285128191,0,0,64,0,128,32,1,1,2048,6,1
"KERNEL_DISPATCH","Agent 2",1,0,1069504,1539,33,"softmax_f32",1539,1119386285131116,1119386285133681,0,0,16,0,128,256,1,1,21504,1,1
"KERNEL_DISPATCH","Agent 2",1,0,1069504,1540,34,"moe_topk_renorm_k8_batched",1540,1119386285136266,1119386285142518,10752,0,40,0,128,256,1,1,21504,1,1
"KERNEL_DISPATCH","Agent 2",1,0,1069504,1541,35,"fused_silu_mul_mq_rotate",1541,1119386285145063,1119386285147107,0,0,88,0,128,32,1,1,64,84,1
"KERNEL_DISPATCH","Agent 2",1,0,1069504,1542,36,"gemv_hfq4g256_residual_sigmoid_scaled_gpu_batched",1542,1119386285149751,1119386285260118,0,0,72,0,128,32,1,1,65536,84,1
"KERNEL_DISPATCH","Agent 2",1,0,1069504,1543,40,"moe_scatter_fused_k8",1543,1119386285262843,1119386285271098,0,0,24,0,128,256,1,1,256,1,1
"KERNEL_DISPATCH","Agent 2",1,0,1069504,1544,45,"quantize_q8_1_mmq_ds4",1544,1119386285273543,1119386285276428,0,0,24,0,128,256,1,1,512,84,1
"KERNEL_DISPATCH","Agent 2",1,0,1069504,1545,41,"gemm_hfq4g256_moe_grouped_mmq_gfx1151",1545,1119386285278993,1119386285698738,0,0,128,0,128,32,1,1,2048,282,1
"KERNEL_DISPATCH","Agent 2",1,0,1069504,1546,46,"moe_gate_up_unscatter_k8",1546,1119386285701623,1119386285725428,0,0,8,0,128,256,1,1,512,4512,1
"KERNEL_DISPATCH","Agent 2",1,0,1069504,1547,35,"fused_silu_mul_mq_rotate",1547,1119386285727952,1119386285734204,0,0,88,0,128,32,1,1,64,672,1
"KERNEL_DISPATCH","Agent 2",1,0,1069504,1548,45,"quantize_q8_1_mmq_ds4",1548,1119386285736649,1119386285739534,0,0,24,0,128,256,1,1,256,672,1
"KERNEL_DISPATCH","Agent 2",1,0,1069504,1549,41,"gemm_hfq4g256_moe_grouped_mmq_gfx1151",1549,1119386285742019,1119386285982468,0,0,128,0,128,32,1,1,4096,282,1
"KERNEL_DISPATCH","Agent 2",1,0,1069504,1550,47,"moe_down_combine_grouped_k8",1550,1119386285986476,1119386286005752,0,0,8,0,128,256,1,1,2048,84,1
"KERNEL_DISPATCH","Agent 2",1,0,1069504,1551,17,"fused_rmsnorm_mq_rotate",1551,1119386286008357,1119386286014769,0,0,40,0,128,256,1,1,21504,1,1
"KERNEL_DISPATCH","Agent 2",1,0,1069504,1552,20,"convert_f32_to_f16",1552,1119386286017334,1119386286019658,0,0,8,0,128,256,1,1,172032,1,1
"KERNEL_DISPATCH","Agent 2",1,0,1069504,1553,18,"gemm_qkvza_hfq4g256_wmma",1553,1119386286021792,1119386286458048,0,0,80,0,128,32,1,1,24704,6,1
"KERNEL_DISPATCH","Agent 2",1,0,1069504,1554,21,"fused_sigmoid_alpha_gate_f32",1554,1119386286460923,1119386286462446,0,0,16,0,128,256,1,1,256,84,1
"KERNEL_DISPATCH","Agent 2",1,0,1069504,1555,22,"conv1d_silu_split_f32",1555,1119386286464931,1119386286486010,0,0,24,0,128,256,1,1,8192,1,1
"KERNEL_DISPATCH","Agent 2",1,0,1069504,1556,23,"fused_qk_l2_norm_scale_f32",1556,1119386286488655,1119386286496470,0,0,16,0,128,32,1,1,512,84,1
"KERNEL_DISPATCH","Agent 2",1,0,1069504,1557,24,"repeat_interleave_qk_f32_batched",1557,1119386286499315,1119386286505526,0,0,8,0,128,256,1,1,4096,84,1
"KERNEL_DISPATCH","Agent 2",1,0,1069504,1558,25,"gated_delta_net_q8_fast",1558,1119386286507731,1119386286662140,2048,0,64,0,128,32,1,1,1024,32,1
"KERNEL_DISPATCH","Agent 2",1,0,1069504,1559,26,"gated_norm_f32",1559,1119386286665025,1119386286674923,0,0,24,0,128,32,1,1,1024,84,1
"KERNEL_DISPATCH","Agent 2",1,0,1069504,1560,27,"mq_rotate_x",1560,1119386286677408,1119386286680454,0,0,32,0,128,32,1,1,512,84,1
"KERNEL_DISPATCH","Agent 2",1,0,1069504,1561,20,"convert_f32_to_f16",1561,1119386286682858,1119386286686505,0,0,8,0,128,256,1,1,344064,1,1
"KERNEL_DISPATCH","Agent 2",1,0,1069504,1562,29,"gemm_hfq4g256_residual_wmma_k2x32",1562,1119386286689150,1119386286821197,0,0,64,0,128,32,1,1,2048,6,1
"KERNEL_DISPATCH","Agent 2",1,0,1069504,1563,30,"rmsnorm_f32",1563,1119386286828290,1119386286833540,0,0,16,0,128,256,1,1,21504,1,1
"KERNEL_DISPATCH","Agent 2",1,0,1069504,1564,27,"mq_rotate_x",1564,1119386286836065,1119386286837748,0,0,32,0,128,32,1,1,256,84,1
"KERNEL_DISPATCH","Agent 2",1,0,1069504,1565,31,"gemm_hfq4g256",1565,1119386286840072,1119386286875859,0,0,32,0,128,32,1,1,8192,11,1
"KERNEL_DISPATCH","Agent 2",1,0,1069504,1566,31,"gemm_hfq4g256",1566,1119386286878263,1119386286889004,0,0,32,0,128,32,1,1,32,11,1
"KERNEL_DISPATCH","Agent 2",1,0,1069504,1567,20,"convert_f32_to_f16",1567,1119386286891328,1119386286893292,0,0,8,0,128,256,1,1,172032,1,1
"KERNEL_DISPATCH","Agent 2",1,0,1069504,1568,32,"gemm_gate_up_hfq4g256_wmma_ldscoop_nosync",1568,1119386286895696,1119386286928397,0,0,64,0,128,32,1,1,2048,6,1
"KERNEL_DISPATCH","Agent 2",1,0,1069504,1569,33,"softmax_f32",1569,1119386286931082,1119386286933928,0,0,16,0,128,256,1,1,21504,1,1
"KERNEL_DISPATCH","Agent 2",1,0,1069504,1570,34,"moe_topk_renorm_k8_batched",1570,1119386286936452,1119386286942824,10752,0,40,0,128,256,1,1,21504,1,1
"KERNEL_DISPATCH","Agent 2",1,0,1069504,1571,35,"fused_silu_mul_mq_rotate",1571,1119386286945309,1119386286947192,0,0,88,0,128,32,1,1,64,84,1
"KERNEL_DISPATCH","Agent 2",1,0,1069504,1572,36,"gemv_hfq4g256_residual_sigmoid_scaled_gpu_batched",1572,1119386286949407,1119386287060094,0,0,72,0,128,32,1,1,65536,84,1
"KERNEL_DISPATCH","Agent 2",1,0,1069504,1573,40,"moe_scatter_fused_k8",1573,1119386287062889,1119386287071304,0,0,24,0,128,256,1,1,256,1,1
"KERNEL_DISPATCH","Agent 2",1,0,1069504,1574,45,"quantize_q8_1_mmq_ds4",1574,1119386287074029,1119386287076875,0,0,24,0,128,256,1,1,512,84,1
"KERNEL_DISPATCH","Agent 2",1,0,1069504,1575,41,"gemm_hfq4g256_moe_grouped_mmq_gfx1151",1575,1119386287079319,1119386287528239,0,0,128,0,128,32,1,1,2048,282,1
"KERNEL_DISPATCH","Agent 2",1,0,1069504,1576,46,"moe_gate_up_unscatter_k8",1576,1119386287530474,1119386287555921,0,0,8,0,128,256,1,1,512,4512,1
"KERNEL_DISPATCH","Agent 2",1,0,1069504,1577,35,"fused_silu_mul_mq_rotate",1577,1119386287558476,1119386287564928,0,0,88,0,128,32,1,1,64,672,1
"KERNEL_DISPATCH","Agent 2",1,0,1069504,1578,45,"quantize_q8_1_mmq_ds4",1578,1119386287567592,1119386287570518,0,0,24,0,128,256,1,1,256,672,1
"KERNEL_DISPATCH","Agent 2",1,0,1069504,1579,41,"gemm_hfq4g256_moe_grouped_mmq_gfx1151",1579,1119386287573003,1119386287818261,0,0,128,0,128,32,1,1,4096,282,1
"KERNEL_DISPATCH","Agent 2",1,0,1069504,1580,47,"moe_down_combine_grouped_k8",1580,1119386287820866,1119386287843949,0,0,8,0,128,256,1,1,2048,84,1
"KERNEL_DISPATCH","Agent 2",1,0,1069504,1581,17,"fused_rmsnorm_mq_rotate",1581,1119386287846594,1119386287853687,0,0,40,0,128,256,1,1,21504,1,1
"KERNEL_DISPATCH","Agent 2",1,0,1069504,1582,20,"convert_f32_to_f16",1582,1119386287856212,1119386287858376,0,0,8,0,128,256,1,1,172032,1,1
"KERNEL_DISPATCH","Agent 2",1,0,1069504,1583,48,"gemm_qkv_hfq4g256_wmma",1583,1119386287860821,1119386288140904,0,0,80,0,128,32,1,1,18432,6,1
"KERNEL_DISPATCH","Agent 2",1,0,1069504,1584,49,"deinterleave_f32_batched",1584,1119386288143580,1119386288150232,0,0,8,0,128,256,1,1,4096,84,1
"KERNEL_DISPATCH","Agent 2",1,0,1069504,1585,30,"rmsnorm_f32",1585,1119386288152606,1119386288163427,0,0,16,0,128,256,1,1,344064,1,1
"KERNEL_DISPATCH","Agent 2",1,0,1069504,1586,30,"rmsnorm_f32",1586,1119386288165751,1119386288168476,0,0,16,0,128,256,1,1,43008,1,1
"KERNEL_DISPATCH","Agent 2",1,0,1069504,1587,50,"rope_partial_halfsplit_batched_f32",1587,1119386288170880,1119386288175008,0,0,24,0,128,32,1,1,32,84,1
"KERNEL_DISPATCH","Agent 2",1,0,1069504,1588,51,"kv_cache_write_q8_0_batched",1588,1119386288177533,1119386288179657,0,0,8,0,128,32,1,1,512,84,1
"KERNEL_DISPATCH","Agent 2",1,0,1069504,1589,51,"kv_cache_write_q8_0_batched",1589,1119386288181941,1119386288183865,0,0,8,0,128,32,1,1,512,84,1
"KERNEL_DISPATCH","Agent 2",1,0,1069504,1590,52,"attention_q8_0_kv_batched",1590,1119386288186389,1119386288251832,0,0,32,0,128,256,1,1,4096,84,1
"KERNEL_DISPATCH","Agent 2",1,0,1069504,1591,53,"sigmoid_mul_f32",1591,1119386288254157,1119386288290104,0,0,16,0,128,256,1,1,1048576,1,1
"KERNEL_DISPATCH","Agent 2",1,0,1069504,1592,27,"mq_rotate_x",1592,1119386288292869,1119386288297036,0,0,32,0,128,32,1,1,512,84,1
"KERNEL_DISPATCH","Agent 2",1,0,1069504,1593,20,"convert_f32_to_f16",1593,1119386288299200,1119386288302527,0,0,8,0,128,256,1,1,344064,1,1
"KERNEL_DISPATCH","Agent 2",1,0,1069504,1594,29,"gemm_hfq4g256_residual_wmma_k2x32",1594,1119386288305492,1119386288435215,0,0,64,0,128,32,1,1,2048,6,1
"KERNEL_DISPATCH","Agent 2",1,0,1069504,1595,30,"rmsnorm_f32",1595,1119386288437820,1119386288442949,0,0,16,0,128,256,1,1,21504,1,1
"KERNEL_DISPATCH","Agent 2",1,0,1069504,1596,27,"mq_rotate_x",1596,1119386288445394,1119386288448399,0,0,32,0,128,32,1,1,256,84,1
"KERNEL_DISPATCH","Agent 2",1,0,1069504,1597,31,"gemm_hfq4g256",1597,1119386288450844,1119386288486431,0,0,32,0,128,32,1,1,8192,11,1
"KERNEL_DISPATCH","Agent 2",1,0,1069504,1598,31,"gemm_hfq4g256",1598,1119386288488835,1119386288499776,0,0,32,0,128,32,1,1,32,11,1
"KERNEL_DISPATCH","Agent 2",1,0,1069504,1599,20,"convert_f32_to_f16",1599,1119386288502160,1119386288504164,0,0,8,0,128,256,1,1,172032,1,1
"KERNEL_DISPATCH","Agent 2",1,0,1069504,1600,32,"gemm_gate_up_hfq4g256_wmma_ldscoop_nosync",1600,1119386288506588,1119386288540532,0,0,64,0,128,32,1,1,2048,6,1
"KERNEL_DISPATCH","Agent 2",1,0,1069504,1601,33,"softmax_f32",1601,1119386288542665,1119386288545431,0,0,16,0,128,256,1,1,21504,1,1
"KERNEL_DISPATCH","Agent 2",1,0,1069504,1602,34,"moe_topk_renorm_k8_batched",1602,1119386288548016,1119386288554468,10752,0,40,0,128,256,1,1,21504,1,1
"KERNEL_DISPATCH","Agent 2",1,0,1069504,1603,35,"fused_silu_mul_mq_rotate",1603,1119386288557403,1119386288559327,0,0,88,0,128,32,1,1,64,84,1
"KERNEL_DISPATCH","Agent 2",1,0,1069504,1604,36,"gemv_hfq4g256_residual_sigmoid_scaled_gpu_batched",1604,1119386288561932,1119386288672819,0,0,72,0,128,32,1,1,65536,84,1
"KERNEL_DISPATCH","Agent 2",1,0,1069504,1605,40,"moe_scatter_fused_k8",1605,1119386288675945,1119386288684401,0,0,24,0,128,256,1,1,256,1,1
"KERNEL_DISPATCH","Agent 2",1,0,1069504,1606,45,"quantize_q8_1_mmq_ds4",1606,1119386288686925,1119386288689771,0,0,24,0,128,256,1,1,512,84,1
"KERNEL_DISPATCH","Agent 2",1,0,1069504,1607,41,"gemm_hfq4g256_moe_grouped_mmq_gfx1151",1607,1119386288692295,1119386289091001,0,0,128,0,128,32,1,1,2048,282,1
"KERNEL_DISPATCH","Agent 2",1,0,1069504,1608,46,"moe_gate_up_unscatter_k8",1608,1119386289093315,1119386289118322,0,0,8,0,128,256,1,1,512,4512,1
"KERNEL_DISPATCH","Agent 2",1,0,1069504,1609,35,"fused_silu_mul_mq_rotate",1609,1119386289120907,1119386289127319,0,0,88,0,128,32,1,1,64,672,1
"KERNEL_DISPATCH","Agent 2",1,0,1069504,1610,45,"quantize_q8_1_mmq_ds4",1610,1119386289129514,1119386289132399,0,0,24,0,128,256,1,1,256,672,1
"KERNEL_DISPATCH","Agent 2",1,0,1069504,1611,41,"gemm_hfq4g256_moe_grouped_mmq_gfx1151",1611,1119386289135244,1119386289365434,0,0,128,0,128,32,1,1,4096,282,1
"KERNEL_DISPATCH","Agent 2",1,0,1069504,1612,47,"moe_down_combine_grouped_k8",1612,1119386289368119,1119386289389078,0,0,8,0,128,256,1,1,2048,84,1
"KERNEL_DISPATCH","Agent 2",1,0,1069504,1613,17,"fused_rmsnorm_mq_rotate",1613,1119386289391643,1119386289398256,0,0,40,0,128,256,1,1,21504,1,1
"KERNEL_DISPATCH","Agent 2",1,0,1069504,1614,20,"convert_f32_to_f16",1614,1119386289400780,1119386289403225,0,0,8,0,128,256,1,1,172032,1,1
"KERNEL_DISPATCH","Agent 2",1,0,1069504,1615,18,"gemm_qkvza_hfq4g256_wmma",1615,1119386289405629,1119386289862323,0,0,80,0,128,32,1,1,24704,6,1
"KERNEL_DISPATCH","Agent 2",1,0,1069504,1616,21,"fused_sigmoid_alpha_gate_f32",1616,1119386289864457,1119386289865980,0,0,16,0,128,256,1,1,256,84,1
"KERNEL_DISPATCH","Agent 2",1,0,1069504,1617,22,"conv1d_silu_split_f32",1617,1119386289868775,1119386289890376,0,0,24,0,128,256,1,1,8192,1,1
"KERNEL_DISPATCH","Agent 2",1,0,1069504,1618,23,"fused_qk_l2_norm_scale_f32",1618,1119386289893021,1119386289901236,0,0,16,0,128,32,1,1,512,84,1
"KERNEL_DISPATCH","Agent 2",1,0,1069504,1619,24,"repeat_interleave_qk_f32_batched",1619,1119386289903881,1119386289910053,0,0,8,0,128,256,1,1,4096,84,1
"KERNEL_DISPATCH","Agent 2",1,0,1069504,1620,25,"gated_delta_net_q8_fast",1620,1119386289912277,1119386290066045,2048,0,64,0,128,32,1,1,1024,32,1
"KERNEL_DISPATCH","Agent 2",1,0,1069504,1621,26,"gated_norm_f32",1621,1119386290068459,1119386290078798,0,0,24,0,128,32,1,1,1024,84,1
"KERNEL_DISPATCH","Agent 2",1,0,1069504,1622,27,"mq_rotate_x",1622,1119386290081454,1119386290084579,0,0,32,0,128,32,1,1,512,84,1
"KERNEL_DISPATCH","Agent 2",1,0,1069504,1623,20,"convert_f32_to_f16",1623,1119386290087384,1119386290090951,0,0,8,0,128,256,1,1,344064,1,1
"KERNEL_DISPATCH","Agent 2",1,0,1069504,1624,29,"gemm_hfq4g256_residual_wmma_k2x32",1624,1119386290093676,1119386290226364,0,0,64,0,128,32,1,1,2048,6,1
"KERNEL_DISPATCH","Agent 2",1,0,1069504,1625,30,"rmsnorm_f32",1625,1119386290229049,1119386290234459,0,0,16,0,128,256,1,1,21504,1,1
"KERNEL_DISPATCH","Agent 2",1,0,1069504,1626,27,"mq_rotate_x",1626,1119386290236434,1119386290238317,0,0,32,0,128,32,1,1,256,84,1
"KERNEL_DISPATCH","Agent 2",1,0,1069504,1627,31,"gemm_hfq4g256",1627,1119386290240731,1119386290276718,0,0,32,0,128,32,1,1,8192,11,1
"KERNEL_DISPATCH","Agent 2",1,0,1069504,1628,31,"gemm_hfq4g256",1628,1119386290279423,1119386290290284,0,0,32,0,128,32,1,1,32,11,1
"KERNEL_DISPATCH","Agent 2",1,0,1069504,1629,20,"convert_f32_to_f16",1629,1119386290292648,1119386290295093,0,0,8,0,128,256,1,1,172032,1,1
"KERNEL_DISPATCH","Agent 2",1,0,1069504,1630,32,"gemm_gate_up_hfq4g256_wmma_ldscoop_nosync",1630,1119386290297737,1119386290330960,0,0,64,0,128,32,1,1,2048,6,1
"KERNEL_DISPATCH","Agent 2",1,0,1069504,1631,33,"softmax_f32",1631,1119386290333685,1119386290336410,0,0,16,0,128,256,1,1,21504,1,1
"KERNEL_DISPATCH","Agent 2",1,0,1069504,1632,34,"moe_topk_renorm_k8_batched",1632,1119386290338284,1119386290344696,10752,0,40,0,128,256,1,1,21504,1,1
"KERNEL_DISPATCH","Agent 2",1,0,1069504,1633,35,"fused_silu_mul_mq_rotate",1633,1119386290347150,1119386290349234,0,0,88,0,128,32,1,1,64,84,1
"KERNEL_DISPATCH","Agent 2",1,0,1069504,1634,36,"gemv_hfq4g256_residual_sigmoid_scaled_gpu_batched",1634,1119386290352039,1119386290463928,0,0,72,0,128,32,1,1,65536,84,1
"KERNEL_DISPATCH","Agent 2",1,0,1069504,1635,40,"moe_scatter_fused_k8",1635,1119386290466283,1119386290483195,0,0,24,0,128,256,1,1,256,1,1
"KERNEL_DISPATCH","Agent 2",1,0,1069504,1636,45,"quantize_q8_1_mmq_ds4",1636,1119386290486130,1119386290489015,0,0,24,0,128,256,1,1,512,84,1
"KERNEL_DISPATCH","Agent 2",1,0,1069504,1637,41,"gemm_hfq4g256_moe_grouped_mmq_gfx1151",1637,1119386290491580,1119386290926032,0,0,128,0,128,32,1,1,2048,282,1
"KERNEL_DISPATCH","Agent 2",1,0,1069504,1638,46,"moe_gate_up_unscatter_k8",1638,1119386290928597,1119386290953604,0,0,8,0,128,256,1,1,512,4512,1
"KERNEL_DISPATCH","Agent 2",1,0,1069504,1639,35,"fused_silu_mul_mq_rotate",1639,1119386290955999,1119386290962170,0,0,88,0,128,32,1,1,64,672,1
"KERNEL_DISPATCH","Agent 2",1,0,1069504,1640,45,"quantize_q8_1_mmq_ds4",1640,1119386290964865,1119386290967830,0,0,24,0,128,256,1,1,256,672,1
"KERNEL_DISPATCH","Agent 2",1,0,1069504,1641,41,"gemm_hfq4g256_moe_grouped_mmq_gfx1151",1641,1119386290970516,1119386291210685,0,0,128,0,128,32,1,1,4096,282,1
"KERNEL_DISPATCH","Agent 2",1,0,1069504,1642,47,"moe_down_combine_grouped_k8",1642,1119386291217057,1119386291239899,0,0,8,0,128,256,1,1,2048,84,1
"KERNEL_DISPATCH","Agent 2",1,0,1069504,1643,17,"fused_rmsnorm_mq_rotate",1643,1119386291242785,1119386291249317,0,0,40,0,128,256,1,1,21504,1,1
"KERNEL_DISPATCH","Agent 2",1,0,1069504,1644,20,"convert_f32_to_f16",1644,1119386291251922,1119386291254166,0,0,8,0,128,256,1,1,172032,1,1
"KERNEL_DISPATCH","Agent 2",1,0,1069504,1645,18,"gemm_qkvza_hfq4g256_wmma",1645,1119386291256570,1119386291736748,0,0,80,0,128,32,1,1,24704,6,1
"KERNEL_DISPATCH","Agent 2",1,0,1069504,1646,21,"fused_sigmoid_alpha_gate_f32",1646,1119386291739874,1119386291741437,0,0,16,0,128,256,1,1,256,84,1
"KERNEL_DISPATCH","Agent 2",1,0,1069504,1647,22,"conv1d_silu_split_f32",1647,1119386291743922,1119386291766243,0,0,24,0,128,256,1,1,8192,1,1
"KERNEL_DISPATCH","Agent 2",1,0,1069504,1648,23,"fused_qk_l2_norm_scale_f32",1648,1119386291768969,1119386291777144,0,0,16,0,128,32,1,1,512,84,1
"KERNEL_DISPATCH","Agent 2",1,0,1069504,1649,24,"repeat_interleave_qk_f32_batched",1649,1119386291779789,1119386291786081,0,0,8,0,128,256,1,1,4096,84,1
"KERNEL_DISPATCH","Agent 2",1,0,1069504,1650,25,"gated_delta_net_q8_fast",1650,1119386291788605,1119386291939568,2048,0,64,0,128,32,1,1,1024,32,1
"KERNEL_DISPATCH","Agent 2",1,0,1069504,1651,26,"gated_norm_f32",1651,1119386291942002,1119386291951861,0,0,24,0,128,32,1,1,1024,84,1
"KERNEL_DISPATCH","Agent 2",1,0,1069504,1652,27,"mq_rotate_x",1652,1119386291954556,1119386291957321,0,0,32,0,128,32,1,1,512,84,1
"KERNEL_DISPATCH","Agent 2",1,0,1069504,1653,20,"convert_f32_to_f16",1653,1119386291959505,1119386291963272,0,0,8,0,128,256,1,1,344064,1,1
"KERNEL_DISPATCH","Agent 2",1,0,1069504,1654,29,"gemm_hfq4g256_residual_wmma_k2x32",1654,1119386291965777,1119386292098465,0,0,64,0,128,32,1,1,2048,6,1
"KERNEL_DISPATCH","Agent 2",1,0,1069504,1655,30,"rmsnorm_f32",1655,1119386292101110,1119386292106279,0,0,16,0,128,256,1,1,21504,1,1
"KERNEL_DISPATCH","Agent 2",1,0,1069504,1656,27,"mq_rotate_x",1656,1119386292108434,1119386292110197,0,0,32,0,128,32,1,1,256,84,1
"KERNEL_DISPATCH","Agent 2",1,0,1069504,1657,31,"gemm_hfq4g256",1657,1119386292113012,1119386292148238,0,0,32,0,128,32,1,1,8192,11,1
"KERNEL_DISPATCH","Agent 2",1,0,1069504,1658,31,"gemm_hfq4g256",1658,1119386292150642,1119386292161503,0,0,32,0,128,32,1,1,32,11,1
"KERNEL_DISPATCH","Agent 2",1,0,1069504,1659,20,"convert_f32_to_f16",1659,1119386292163907,1119386292165831,0,0,8,0,128,256,1,1,172032,1,1
"KERNEL_DISPATCH","Agent 2",1,0,1069504,1660,32,"gemm_gate_up_hfq4g256_wmma_ldscoop_nosync",1660,1119386292168235,1119386292201738,0,0,64,0,128,32,1,1,2048,6,1
"KERNEL_DISPATCH","Agent 2",1,0,1069504,1661,33,"softmax_f32",1661,1119386292204313,1119386292207078,0,0,16,0,128,256,1,1,21504,1,1
"KERNEL_DISPATCH","Agent 2",1,0,1069504,1662,34,"moe_topk_renorm_k8_batched",1662,1119386292209633,1119386292216004,10752,0,40,0,128,256,1,1,21504,1,1
"KERNEL_DISPATCH","Agent 2",1,0,1069504,1663,35,"fused_silu_mul_mq_rotate",1663,1119386292218158,1119386292220042,0,0,88,0,128,32,1,1,64,84,1
"KERNEL_DISPATCH","Agent 2",1,0,1069504,1664,36,"gemv_hfq4g256_residual_sigmoid_scaled_gpu_batched",1664,1119386292222897,1119386292333865,0,0,72,0,128,32,1,1,65536,84,1
"KERNEL_DISPATCH","Agent 2",1,0,1069504,1665,40,"moe_scatter_fused_k8",1665,1119386292336590,1119386292344926,0,0,24,0,128,256,1,1,256,1,1
"KERNEL_DISPATCH","Agent 2",1,0,1069504,1666,45,"quantize_q8_1_mmq_ds4",1666,1119386292347530,1119386292350656,0,0,24,0,128,256,1,1,512,84,1
"KERNEL_DISPATCH","Agent 2",1,0,1069504,1667,41,"gemm_hfq4g256_moe_grouped_mmq_gfx1151",1667,1119386292353421,1119386292806949,0,0,128,0,128,32,1,1,2048,282,1
"KERNEL_DISPATCH","Agent 2",1,0,1069504,1668,46,"moe_gate_up_unscatter_k8",1668,1119386292809333,1119386292832938,0,0,8,0,128,256,1,1,512,4512,1
"KERNEL_DISPATCH","Agent 2",1,0,1069504,1669,35,"fused_silu_mul_mq_rotate",1669,1119386292835763,1119386292842135,0,0,88,0,128,32,1,1,64,672,1
"KERNEL_DISPATCH","Agent 2",1,0,1069504,1670,45,"quantize_q8_1_mmq_ds4",1670,1119386292844580,1119386292847465,0,0,24,0,128,256,1,1,256,672,1
"KERNEL_DISPATCH","Agent 2",1,0,1069504,1671,41,"gemm_hfq4g256_moe_grouped_mmq_gfx1151",1671,1119386292849910,1119386293108393,0,0,128,0,128,32,1,1,4096,282,1
"KERNEL_DISPATCH","Agent 2",1,0,1069504,1672,47,"moe_down_combine_grouped_k8",1672,1119386293110958,1119386293129432,0,0,8,0,128,256,1,1,2048,84,1
"KERNEL_DISPATCH","Agent 2",1,0,1069504,1673,17,"fused_rmsnorm_mq_rotate",1673,1119386293132318,1119386293139291,0,0,40,0,128,256,1,1,21504,1,1
"KERNEL_DISPATCH","Agent 2",1,0,1069504,1674,20,"convert_f32_to_f16",1674,1119386293141896,1119386293144060,0,0,8,0,128,256,1,1,172032,1,1
"KERNEL_DISPATCH","Agent 2",1,0,1069504,1675,18,"gemm_qkvza_hfq4g256_wmma",1675,1119386293146464,1119386293619469,0,0,80,0,128,32,1,1,24704,6,1
"KERNEL_DISPATCH","Agent 2",1,0,1069504,1676,21,"fused_sigmoid_alpha_gate_f32",1676,1119386293622034,1119386293623596,0,0,16,0,128,256,1,1,256,84,1
"KERNEL_DISPATCH","Agent 2",1,0,1069504,1677,22,"conv1d_silu_split_f32",1677,1119386293626161,1119386293647922,0,0,24,0,128,256,1,1,8192,1,1
"KERNEL_DISPATCH","Agent 2",1,0,1069504,1678,23,"fused_qk_l2_norm_scale_f32",1678,1119386293650647,1119386293658903,0,0,16,0,128,32,1,1,512,84,1
"KERNEL_DISPATCH","Agent 2",1,0,1069504,1679,24,"repeat_interleave_qk_f32_batched",1679,1119386293661427,1119386293667519,0,0,8,0,128,256,1,1,4096,84,1
"KERNEL_DISPATCH","Agent 2",1,0,1069504,1680,25,"gated_delta_net_q8_fast",1680,1119386293670003,1119386293823090,2048,0,64,0,128,32,1,1,1024,32,1
"KERNEL_DISPATCH","Agent 2",1,0,1069504,1681,26,"gated_norm_f32",1681,1119386293825694,1119386293836555,0,0,24,0,128,32,1,1,1024,84,1
"KERNEL_DISPATCH","Agent 2",1,0,1069504,1682,27,"mq_rotate_x",1682,1119386293838959,1119386293841805,0,0,32,0,128,32,1,1,512,84,1
"KERNEL_DISPATCH","Agent 2",1,0,1069504,1683,20,"convert_f32_to_f16",1683,1119386293844289,1119386293847856,0,0,8,0,128,256,1,1,344064,1,1
"KERNEL_DISPATCH","Agent 2",1,0,1069504,1684,29,"gemm_hfq4g256_residual_wmma_k2x32",1684,1119386293850300,1119386293982427,0,0,64,0,128,32,1,1,2048,6,1
"KERNEL_DISPATCH","Agent 2",1,0,1069504,1685,30,"rmsnorm_f32",1685,1119386293984992,1119386293990242,0,0,16,0,128,256,1,1,21504,1,1
"KERNEL_DISPATCH","Agent 2",1,0,1069504,1686,27,"mq_rotate_x",1686,1119386293992325,1119386293994049,0,0,32,0,128,32,1,1,256,84,1
"KERNEL_DISPATCH","Agent 2",1,0,1069504,1687,31,"gemm_hfq4g256",1687,1119386293996734,1119386294033202,0,0,32,0,128,32,1,1,8192,11,1
"KERNEL_DISPATCH","Agent 2",1,0,1069504,1688,31,"gemm_hfq4g256",1688,1119386294035567,1119386294046347,0,0,32,0,128,32,1,1,32,11,1
"KERNEL_DISPATCH","Agent 2",1,0,1069504,1689,20,"convert_f32_to_f16",1689,1119386294048711,1119386294051116,0,0,8,0,128,256,1,1,172032,1,1
"KERNEL_DISPATCH","Agent 2",1,0,1069504,1690,32,"gemm_gate_up_hfq4g256_wmma_ldscoop_nosync",1690,1119386294053681,1119386294086743,0,0,64,0,128,32,1,1,2048,6,1
"KERNEL_DISPATCH","Agent 2",1,0,1069504,1691,33,"softmax_f32",1691,1119386294089387,1119386294091992,0,0,16,0,128,256,1,1,21504,1,1
"KERNEL_DISPATCH","Agent 2",1,0,1069504,1692,34,"moe_topk_renorm_k8_batched",1692,1119386294094517,1119386294100809,10752,0,40,0,128,256,1,1,21504,1,1
"KERNEL_DISPATCH","Agent 2",1,0,1069504,1693,35,"fused_silu_mul_mq_rotate",1693,1119386294103213,1119386294105337,0,0,88,0,128,32,1,1,64,84,1
"KERNEL_DISPATCH","Agent 2",1,0,1069504,1694,36,"gemv_hfq4g256_residual_sigmoid_scaled_gpu_batched",1694,1119386294107982,1119386294218709,0,0,72,0,128,32,1,1,65536,84,1
"KERNEL_DISPATCH","Agent 2",1,0,1069504,1695,40,"moe_scatter_fused_k8",1695,1119386294221354,1119386294229530,0,0,24,0,128,256,1,1,256,1,1
"KERNEL_DISPATCH","Agent 2",1,0,1069504,1696,45,"quantize_q8_1_mmq_ds4",1696,1119386294232014,1119386294234900,0,0,24,0,128,256,1,1,512,84,1
"KERNEL_DISPATCH","Agent 2",1,0,1069504,1697,41,"gemm_hfq4g256_moe_grouped_mmq_gfx1151",1697,1119386294237415,1119386294686454,0,0,128,0,128,32,1,1,2048,282,1
"KERNEL_DISPATCH","Agent 2",1,0,1069504,1698,46,"moe_gate_up_unscatter_k8",1698,1119386294689269,1119386294714276,0,0,8,0,128,256,1,1,512,4512,1
"KERNEL_DISPATCH","Agent 2",1,0,1069504,1699,35,"fused_silu_mul_mq_rotate",1699,1119386294716921,1119386294723092,0,0,88,0,128,32,1,1,64,672,1
"KERNEL_DISPATCH","Agent 2",1,0,1069504,1700,45,"quantize_q8_1_mmq_ds4",1700,1119386294725356,1119386294728282,0,0,24,0,128,256,1,1,256,672,1
"KERNEL_DISPATCH","Agent 2",1,0,1069504,1701,41,"gemm_hfq4g256_moe_grouped_mmq_gfx1151",1701,1119386294731067,1119386294978370,0,0,128,0,128,32,1,1,4096,282,1
"KERNEL_DISPATCH","Agent 2",1,0,1069504,1702,47,"moe_down_combine_grouped_k8",1702,1119386294989671,1119386295011071,0,0,8,0,128,256,1,1,2048,84,1
"KERNEL_DISPATCH","Agent 2",1,0,1069504,1703,17,"fused_rmsnorm_mq_rotate",1703,1119386295013225,1119386295019637,0,0,40,0,128,256,1,1,21504,1,1
"KERNEL_DISPATCH","Agent 2",1,0,1069504,1704,20,"convert_f32_to_f16",1704,1119386295022412,1119386295024576,0,0,8,0,128,256,1,1,172032,1,1
"KERNEL_DISPATCH","Agent 2",1,0,1069504,1705,48,"gemm_qkv_hfq4g256_wmma",1705,1119386295026901,1119386295305622,0,0,80,0,128,32,1,1,18432,6,1
"KERNEL_DISPATCH","Agent 2",1,0,1069504,1706,49,"deinterleave_f32_batched",1706,1119386295308186,1119386295314919,0,0,8,0,128,256,1,1,4096,84,1
"KERNEL_DISPATCH","Agent 2",1,0,1069504,1707,30,"rmsnorm_f32",1707,1119386295317364,1119386295328064,0,0,16,0,128,256,1,1,344064,1,1
"KERNEL_DISPATCH","Agent 2",1,0,1069504,1708,30,"rmsnorm_f32",1708,1119386295330358,1119386295333043,0,0,16,0,128,256,1,1,43008,1,1
"KERNEL_DISPATCH","Agent 2",1,0,1069504,1709,50,"rope_partial_halfsplit_batched_f32",1709,1119386295335558,1119386295339645,0,0,24,0,128,32,1,1,32,84,1
"KERNEL_DISPATCH","Agent 2",1,0,1069504,1710,51,"kv_cache_write_q8_0_batched",1710,1119386295342170,1119386295344414,0,0,8,0,128,32,1,1,512,84,1
"KERNEL_DISPATCH","Agent 2",1,0,1069504,1711,51,"kv_cache_write_q8_0_batched",1711,1119386295347019,1119386295348822,0,0,8,0,128,32,1,1,512,84,1
"KERNEL_DISPATCH","Agent 2",1,0,1069504,1712,52,"attention_q8_0_kv_batched",1712,1119386295351187,1119386295415627,0,0,32,0,128,256,1,1,4096,84,1
"KERNEL_DISPATCH","Agent 2",1,0,1069504,1713,53,"sigmoid_mul_f32",1713,1119386295426167,1119386295461994,0,0,16,0,128,256,1,1,1048576,1,1
"KERNEL_DISPATCH","Agent 2",1,0,1069504,1714,27,"mq_rotate_x",1714,1119386295464569,1119386295469057,0,0,32,0,128,32,1,1,512,84,1
"KERNEL_DISPATCH","Agent 2",1,0,1069504,1715,20,"convert_f32_to_f16",1715,1119386295471532,1119386295474698,0,0,8,0,128,256,1,1,344064,1,1
"KERNEL_DISPATCH","Agent 2",1,0,1069504,1716,29,"gemm_hfq4g256_residual_wmma_k2x32",1716,1119386295476681,1119386295608007,0,0,64,0,128,32,1,1,2048,6,1
"KERNEL_DISPATCH","Agent 2",1,0,1069504,1717,30,"rmsnorm_f32",1717,1119386295610993,1119386295616082,0,0,16,0,128,256,1,1,21504,1,1
"KERNEL_DISPATCH","Agent 2",1,0,1069504,1718,27,"mq_rotate_x",1718,1119386295618447,1119386295620090,0,0,32,0,128,32,1,1,256,84,1
"KERNEL_DISPATCH","Agent 2",1,0,1069504,1719,31,"gemm_hfq4g256",1719,1119386295622655,1119386295658121,0,0,32,0,128,32,1,1,8192,11,1
"KERNEL_DISPATCH","Agent 2",1,0,1069504,1720,31,"gemm_hfq4g256",1720,1119386295660456,1119386295671356,0,0,32,0,128,32,1,1,32,11,1
"KERNEL_DISPATCH","Agent 2",1,0,1069504,1721,20,"convert_f32_to_f16",1721,1119386295673950,1119386295676355,0,0,8,0,128,256,1,1,172032,1,1
"KERNEL_DISPATCH","Agent 2",1,0,1069504,1722,32,"gemm_gate_up_hfq4g256_wmma_ldscoop_nosync",1722,1119386295678699,1119386295711841,0,0,64,0,128,32,1,1,2048,6,1
"KERNEL_DISPATCH","Agent 2",1,0,1069504,1723,33,"softmax_f32",1723,1119386295714667,1119386295717231,0,0,16,0,128,256,1,1,21504,1,1
"KERNEL_DISPATCH","Agent 2",1,0,1069504,1724,34,"moe_topk_renorm_k8_batched",1724,1119386295719997,1119386295733382,10752,0,40,0,128,256,1,1,21504,1,1
"KERNEL_DISPATCH","Agent 2",1,0,1069504,1725,35,"fused_silu_mul_mq_rotate",1725,1119386295735535,1119386295737379,0,0,88,0,128,32,1,1,64,84,1
"KERNEL_DISPATCH","Agent 2",1,0,1069504,1726,36,"gemv_hfq4g256_residual_sigmoid_scaled_gpu_batched",1726,1119386295740194,1119386295850200,0,0,72,0,128,32,1,1,65536,84,1
"KERNEL_DISPATCH","Agent 2",1,0,1069504,1727,40,"moe_scatter_fused_k8",1727,1119386295852885,1119386295861020,0,0,24,0,128,256,1,1,256,1,1
"KERNEL_DISPATCH","Agent 2",1,0,1069504,1728,45,"quantize_q8_1_mmq_ds4",1728,1119386295862974,1119386295865819,0,0,24,0,128,256,1,1,512,84,1
"KERNEL_DISPATCH","Agent 2",1,0,1069504,1729,41,"gemm_hfq4g256_moe_grouped_mmq_gfx1151",1729,1119386295868795,1119386296256079,0,0,128,0,128,32,1,1,2048,282,1
"KERNEL_DISPATCH","Agent 2",1,0,1069504,1730,46,"moe_gate_up_unscatter_k8",1730,1119386296258684,1119386296282969,0,0,8,0,128,256,1,1,512,4512,1
"KERNEL_DISPATCH","Agent 2",1,0,1069504,1731,35,"fused_silu_mul_mq_rotate",1731,1119386296285414,1119386296291625,0,0,88,0,128,32,1,1,64,672,1
"KERNEL_DISPATCH","Agent 2",1,0,1069504,1732,45,"quantize_q8_1_mmq_ds4",1732,1119386296294230,1119386296297076,0,0,24,0,128,256,1,1,256,672,1
"KERNEL_DISPATCH","Agent 2",1,0,1069504,1733,41,"gemm_hfq4g256_moe_grouped_mmq_gfx1151",1733,1119386296299410,1119386296519061,0,0,128,0,128,32,1,1,4096,282,1
"KERNEL_DISPATCH","Agent 2",1,0,1069504,1734,47,"moe_down_combine_grouped_k8",1734,1119386296524100,1119386296544578,0,0,8,0,128,256,1,1,2048,84,1
"KERNEL_DISPATCH","Agent 2",1,0,1069504,1735,17,"fused_rmsnorm_mq_rotate",1735,1119386296547143,1119386296553555,0,0,40,0,128,256,1,1,21504,1,1
"KERNEL_DISPATCH","Agent 2",1,0,1069504,1736,20,"convert_f32_to_f16",1736,1119386296556280,1119386296558444,0,0,8,0,128,256,1,1,172032,1,1
"KERNEL_DISPATCH","Agent 2",1,0,1069504,1737,18,"gemm_qkvza_hfq4g256_wmma",1737,1119386296560969,1119386297030687,0,0,80,0,128,32,1,1,24704,6,1
"KERNEL_DISPATCH","Agent 2",1,0,1069504,1738,21,"fused_sigmoid_alpha_gate_f32",1738,1119386297033252,1119386297034895,0,0,16,0,128,256,1,1,256,84,1
"KERNEL_DISPATCH","Agent 2",1,0,1069504,1739,22,"conv1d_silu_split_f32",1739,1119386297037180,1119386297058980,0,0,24,0,128,256,1,1,8192,1,1
"KERNEL_DISPATCH","Agent 2",1,0,1069504,1740,23,"fused_qk_l2_norm_scale_f32",1740,1119386297061665,1119386297069720,0,0,16,0,128,32,1,1,512,84,1
"KERNEL_DISPATCH","Agent 2",1,0,1069504,1741,24,"repeat_interleave_qk_f32_batched",1741,1119386297072205,1119386297078457,0,0,8,0,128,256,1,1,4096,84,1
"KERNEL_DISPATCH","Agent 2",1,0,1069504,1742,25,"gated_delta_net_q8_fast",1742,1119386297081022,1119386297234188,2048,0,64,0,128,32,1,1,1024,32,1
"KERNEL_DISPATCH","Agent 2",1,0,1069504,1743,26,"gated_norm_f32",1743,1119386297237153,1119386297248254,0,0,24,0,128,32,1,1,1024,84,1
"KERNEL_DISPATCH","Agent 2",1,0,1069504,1744,27,"mq_rotate_x",1744,1119386297251100,1119386297253825,0,0,32,0,128,32,1,1,512,84,1
"KERNEL_DISPATCH","Agent 2",1,0,1069504,1745,20,"convert_f32_to_f16",1745,1119386297256630,1119386297260397,0,0,8,0,128,256,1,1,344064,1,1
"KERNEL_DISPATCH","Agent 2",1,0,1069504,1746,29,"gemm_hfq4g256_residual_wmma_k2x32",1746,1119386297262801,1119386297394167,0,0,64,0,128,32,1,1,2048,6,1
"KERNEL_DISPATCH","Agent 2",1,0,1069504,1747,30,"rmsnorm_f32",1747,1119386297396782,1119386297401992,0,0,16,0,128,256,1,1,21504,1,1
"KERNEL_DISPATCH","Agent 2",1,0,1069504,1748,27,"mq_rotate_x",1748,1119386297404386,1119386297406149,0,0,32,0,128,32,1,1,256,84,1
"KERNEL_DISPATCH","Agent 2",1,0,1069504,1749,31,"gemm_hfq4g256",1749,1119386297408594,1119386297444140,0,0,32,0,128,32,1,1,8192,11,1
"KERNEL_DISPATCH","Agent 2",1,0,1069504,1750,31,"gemm_hfq4g256",1750,1119386297446465,1119386297457205,0,0,32,0,128,32,1,1,32,11,1
"KERNEL_DISPATCH","Agent 2",1,0,1069504,1751,20,"convert_f32_to_f16",1751,1119386297459109,1119386297461193,0,0,8,0,128,256,1,1,172032,1,1
"KERNEL_DISPATCH","Agent 2",1,0,1069504,1752,32,"gemm_gate_up_hfq4g256_wmma_ldscoop_nosync",1752,1119386297463978,1119386297497440,0,0,64,0,128,32,1,1,2048,6,1
"KERNEL_DISPATCH","Agent 2",1,0,1069504,1753,33,"softmax_f32",1753,1119386297499965,1119386297502730,0,0,16,0,128,256,1,1,21504,1,1
"KERNEL_DISPATCH","Agent 2",1,0,1069504,1754,34,"moe_topk_renorm_k8_batched",1754,1119386297505535,1119386297511867,10752,0,40,0,128,256,1,1,21504,1,1
"KERNEL_DISPATCH","Agent 2",1,0,1069504,1755,35,"fused_silu_mul_mq_rotate",1755,1119386297514422,1119386297516025,0,0,88,0,128,32,1,1,64,84,1
"KERNEL_DISPATCH","Agent 2",1,0,1069504,1756,36,"gemv_hfq4g256_residual_sigmoid_scaled_gpu_batched",1756,1119386297518560,1119386297629327,0,0,72,0,128,32,1,1,65536,84,1
"KERNEL_DISPATCH","Agent 2",1,0,1069504,1757,40,"moe_scatter_fused_k8",1757,1119386297631892,1119386297640428,0,0,24,0,128,256,1,1,256,1,1
"KERNEL_DISPATCH","Agent 2",1,0,1069504,1758,45,"quantize_q8_1_mmq_ds4",1758,1119386297642742,1119386297645587,0,0,24,0,128,256,1,1,512,84,1
"KERNEL_DISPATCH","Agent 2",1,0,1069504,1759,41,"gemm_hfq4g256_moe_grouped_mmq_gfx1151",1759,1119386297648282,1119386298077845,0,0,128,0,128,32,1,1,2048,282,1
"KERNEL_DISPATCH","Agent 2",1,0,1069504,1760,46,"moe_gate_up_unscatter_k8",1760,1119386298080490,1119386298106499,0,0,8,0,128,256,1,1,512,4512,1
"KERNEL_DISPATCH","Agent 2",1,0,1069504,1761,35,"fused_silu_mul_mq_rotate",1761,1119386298109224,1119386298115997,0,0,88,0,128,32,1,1,64,672,1
"KERNEL_DISPATCH","Agent 2",1,0,1069504,1762,45,"quantize_q8_1_mmq_ds4",1762,1119386298118642,1119386298121487,0,0,24,0,128,256,1,1,256,672,1
"KERNEL_DISPATCH","Agent 2",1,0,1069504,1763,41,"gemm_hfq4g256_moe_grouped_mmq_gfx1151",1763,1119386298124132,1119386298364942,0,0,128,0,128,32,1,1,4096,282,1
"KERNEL_DISPATCH","Agent 2",1,0,1069504,1764,47,"moe_down_combine_grouped_k8",1764,1119386298368429,1119386298390270,0,0,8,0,128,256,1,1,2048,84,1
"KERNEL_DISPATCH","Agent 2",1,0,1069504,1765,17,"fused_rmsnorm_mq_rotate",1765,1119386298392794,1119386298399367,0,0,40,0,128,256,1,1,21504,1,1
"KERNEL_DISPATCH","Agent 2",1,0,1069504,1766,20,"convert_f32_to_f16",1766,1119386298401891,1119386298404015,0,0,8,0,128,256,1,1,172032,1,1
"KERNEL_DISPATCH","Agent 2",1,0,1069504,1767,18,"gemm_qkvza_hfq4g256_wmma",1767,1119386298406580,1119386298886838,0,0,80,0,128,32,1,1,24704,6,1
"KERNEL_DISPATCH","Agent 2",1,0,1069504,1768,21,"fused_sigmoid_alpha_gate_f32",1768,1119386298889563,1119386298891126,0,0,16,0,128,256,1,1,256,84,1
"KERNEL_DISPATCH","Agent 2",1,0,1069504,1769,22,"conv1d_silu_split_f32",1769,1119386298893611,1119386298914730,0,0,24,0,128,256,1,1,8192,1,1
"KERNEL_DISPATCH","Agent 2",1,0,1069504,1770,23,"fused_qk_l2_norm_scale_f32",1770,1119386298917255,1119386298925190,0,0,16,0,128,32,1,1,512,84,1
"KERNEL_DISPATCH","Agent 2",1,0,1069504,1771,24,"repeat_interleave_qk_f32_batched",1771,1119386298927795,1119386298933966,0,0,8,0,128,256,1,1,4096,84,1
"KERNEL_DISPATCH","Agent 2",1,0,1069504,1772,25,"gated_delta_net_q8_fast",1772,1119386298936451,1119386299087213,2048,0,64,0,128,32,1,1,1024,32,1
"KERNEL_DISPATCH","Agent 2",1,0,1069504,1773,26,"gated_norm_f32",1773,1119386299089778,1119386299099596,0,0,24,0,128,32,1,1,1024,84,1
"KERNEL_DISPATCH","Agent 2",1,0,1069504,1774,27,"mq_rotate_x",1774,1119386299102001,1119386299104846,0,0,32,0,128,32,1,1,512,84,1
"KERNEL_DISPATCH","Agent 2",1,0,1069504,1775,20,"convert_f32_to_f16",1775,1119386299107571,1119386299110937,0,0,8,0,128,256,1,1,344064,1,1
"KERNEL_DISPATCH","Agent 2",1,0,1069504,1776,29,"gemm_hfq4g256_residual_wmma_k2x32",1776,1119386299112952,1119386299244758,0,0,64,0,128,32,1,1,2048,6,1
"KERNEL_DISPATCH","Agent 2",1,0,1069504,1777,30,"rmsnorm_f32",1777,1119386299247673,1119386299252883,0,0,16,0,128,256,1,1,21504,1,1
"KERNEL_DISPATCH","Agent 2",1,0,1069504,1778,27,"mq_rotate_x",1778,1119386299255327,1119386299258253,0,0,32,0,128,32,1,1,256,84,1
"KERNEL_DISPATCH","Agent 2",1,0,1069504,1779,31,"gemm_hfq4g256",1779,1119386299260617,1119386299296404,0,0,32,0,128,32,1,1,8192,11,1
"KERNEL_DISPATCH","Agent 2",1,0,1069504,1780,31,"gemm_hfq4g256",1780,1119386299298588,1119386299309328,0,0,32,0,128,32,1,1,32,11,1
"KERNEL_DISPATCH","Agent 2",1,0,1069504,1781,20,"convert_f32_to_f16",1781,1119386299311382,1119386299313506,0,0,8,0,128,256,1,1,172032,1,1
"KERNEL_DISPATCH","Agent 2",1,0,1069504,1782,32,"gemm_gate_up_hfq4g256_wmma_ldscoop_nosync",1782,1119386299316321,1119386299349103,0,0,64,0,128,32,1,1,2048,6,1
"KERNEL_DISPATCH","Agent 2",1,0,1069504,1783,33,"softmax_f32",1783,1119386299351667,1119386299354272,0,0,16,0,128,256,1,1,21504,1,1
"KERNEL_DISPATCH","Agent 2",1,0,1069504,1784,34,"moe_topk_renorm_k8_batched",1784,1119386299356757,1119386299363089,10752,0,40,0,128,256,1,1,21504,1,1
"KERNEL_DISPATCH","Agent 2",1,0,1069504,1785,35,"fused_silu_mul_mq_rotate",1785,1119386299365373,1119386299367617,0,0,88,0,128,32,1,1,64,84,1
"KERNEL_DISPATCH","Agent 2",1,0,1069504,1786,36,"gemv_hfq4g256_residual_sigmoid_scaled_gpu_batched",1786,1119386299370473,1119386299481240,0,0,72,0,128,32,1,1,65536,84,1
"KERNEL_DISPATCH","Agent 2",1,0,1069504,1787,40,"moe_scatter_fused_k8",1787,1119386299484115,1119386299492370,0,0,24,0,128,256,1,1,256,1,1
"KERNEL_DISPATCH","Agent 2",1,0,1069504,1788,45,"quantize_q8_1_mmq_ds4",1788,1119386299494855,1119386299497741,0,0,24,0,128,256,1,1,512,84,1
"KERNEL_DISPATCH","Agent 2",1,0,1069504,1789,41,"gemm_hfq4g256_moe_grouped_mmq_gfx1151",1789,1119386299500426,1119386299900293,0,0,128,0,128,32,1,1,2048,282,1
"KERNEL_DISPATCH","Agent 2",1,0,1069504,1790,46,"moe_gate_up_unscatter_k8",1790,1119386299902858,1119386299928787,0,0,8,0,128,256,1,1,512,4512,1
"KERNEL_DISPATCH","Agent 2",1,0,1069504,1791,35,"fused_silu_mul_mq_rotate",1791,1119386299931271,1119386299937563,0,0,88,0,128,32,1,1,64,672,1
"KERNEL_DISPATCH","Agent 2",1,0,1069504,1792,45,"quantize_q8_1_mmq_ds4",1792,1119386299940248,1119386299943133,0,0,24,0,128,256,1,1,256,672,1
"KERNEL_DISPATCH","Agent 2",1,0,1069504,1793,41,"gemm_hfq4g256_moe_grouped_mmq_gfx1151",1793,1119386299945498,1119386300170919,0,0,128,0,128,32,1,1,4096,282,1
"KERNEL_DISPATCH","Agent 2",1,0,1069504,1794,47,"moe_down_combine_grouped_k8",1794,1119386300173684,1119386300195165,0,0,8,0,128,256,1,1,2048,84,1
"KERNEL_DISPATCH","Agent 2",1,0,1069504,1795,17,"fused_rmsnorm_mq_rotate",1795,1119386300197729,1119386300204262,0,0,40,0,128,256,1,1,21504,1,1
"KERNEL_DISPATCH","Agent 2",1,0,1069504,1796,20,"convert_f32_to_f16",1796,1119386300206867,1119386300209311,0,0,8,0,128,256,1,1,172032,1,1
"KERNEL_DISPATCH","Agent 2",1,0,1069504,1797,18,"gemm_qkvza_hfq4g256_wmma",1797,1119386300212116,1119386300666045,0,0,80,0,128,32,1,1,24704,6,1
"KERNEL_DISPATCH","Agent 2",1,0,1069504,1798,21,"fused_sigmoid_alpha_gate_f32",1798,1119386300668850,1119386300670413,0,0,16,0,128,256,1,1,256,84,1
"KERNEL_DISPATCH","Agent 2",1,0,1069504,1799,22,"conv1d_silu_split_f32",1799,1119386300672898,1119386300694578,0,0,24,0,128,256,1,1,8192,1,1
"KERNEL_DISPATCH","Agent 2",1,0,1069504,1800,23,"fused_qk_l2_norm_scale_f32",1800,1119386300697554,1119386300705850,0,0,16,0,128,32,1,1,512,84,1
"KERNEL_DISPATCH","Agent 2",1,0,1069504,1801,24,"repeat_interleave_qk_f32_batched",1801,1119386300708565,1119386300714816,0,0,8,0,128,256,1,1,4096,84,1
"KERNEL_DISPATCH","Agent 2",1,0,1069504,1802,25,"gated_delta_net_q8_fast",1802,1119386300717381,1119386300866821,2048,0,64,0,128,32,1,1,1024,32,1
"KERNEL_DISPATCH","Agent 2",1,0,1069504,1803,26,"gated_norm_f32",1803,1119386300869345,1119386300880446,0,0,24,0,128,32,1,1,1024,84,1
"KERNEL_DISPATCH","Agent 2",1,0,1069504,1804,27,"mq_rotate_x",1804,1119386300883291,1119386300886097,0,0,32,0,128,32,1,1,512,84,1
"KERNEL_DISPATCH","Agent 2",1,0,1069504,1805,20,"convert_f32_to_f16",1805,1119386300888541,1119386300892228,0,0,8,0,128,256,1,1,344064,1,1
"KERNEL_DISPATCH","Agent 2",1,0,1069504,1806,29,"gemm_hfq4g256_residual_wmma_k2x32",1806,1119386300894633,1119386301026279,0,0,64,0,128,32,1,1,2048,6,1
"KERNEL_DISPATCH","Agent 2",1,0,1069504,1807,30,"rmsnorm_f32",1807,1119386301029004,1119386301034173,0,0,16,0,128,256,1,1,21504,1,1
"KERNEL_DISPATCH","Agent 2",1,0,1069504,1808,27,"mq_rotate_x",1808,1119386301036498,1119386301038141,0,0,32,0,128,32,1,1,256,84,1
"KERNEL_DISPATCH","Agent 2",1,0,1069504,1809,31,"gemm_hfq4g256",1809,1119386301040545,1119386301076292,0,0,32,0,128,32,1,1,8192,11,1
"KERNEL_DISPATCH","Agent 2",1,0,1069504,1810,31,"gemm_hfq4g256",1810,1119386301078697,1119386301089557,0,0,32,0,128,32,1,1,32,11,1
"KERNEL_DISPATCH","Agent 2",1,0,1069504,1811,20,"convert_f32_to_f16",1811,1119386301091962,1119386301093925,0,0,8,0,128,256,1,1,172032,1,1
"KERNEL_DISPATCH","Agent 2",1,0,1069504,1812,32,"gemm_gate_up_hfq4g256_wmma_ldscoop_nosync",1812,1119386301096410,1119386301130033,0,0,64,0,128,32,1,1,2048,6,1
"KERNEL_DISPATCH","Agent 2",1,0,1069504,1813,33,"softmax_f32",1813,1119386301132276,1119386301135042,0,0,16,0,128,256,1,1,21504,1,1
"KERNEL_DISPATCH","Agent 2",1,0,1069504,1814,34,"moe_topk_renorm_k8_batched",1814,1119386301137567,1119386301143899,10752,0,40,0,128,256,1,1,21504,1,1
"KERNEL_DISPATCH","Agent 2",1,0,1069504,1815,35,"fused_silu_mul_mq_rotate",1815,1119386301146383,1119386301148066,0,0,88,0,128,32,1,1,64,84,1
"KERNEL_DISPATCH","Agent 2",1,0,1069504,1816,36,"gemv_hfq4g256_residual_sigmoid_scaled_gpu_batched",1816,1119386301150321,1119386301260848,0,0,72,0,128,32,1,1,65536,84,1
"KERNEL_DISPATCH","Agent 2",1,0,1069504,1817,40,"moe_scatter_fused_k8",1817,1119386301263522,1119386301276747,0,0,24,0,128,256,1,1,256,1,1
"KERNEL_DISPATCH","Agent 2",1,0,1069504,1818,45,"quantize_q8_1_mmq_ds4",1818,1119386301279232,1119386301282117,0,0,24,0,128,256,1,1,512,84,1
"KERNEL_DISPATCH","Agent 2",1,0,1069504,1819,41,"gemm_hfq4g256_moe_grouped_mmq_gfx1151",1819,1119386301284562,1119386301752637,0,0,128,0,128,32,1,1,2048,282,1
"KERNEL_DISPATCH","Agent 2",1,0,1069504,1820,46,"moe_gate_up_unscatter_k8",1820,1119386301755242,1119386301779768,0,0,8,0,128,256,1,1,512,4512,1
"KERNEL_DISPATCH","Agent 2",1,0,1069504,1821,35,"fused_silu_mul_mq_rotate",1821,1119386301782493,1119386301788584,0,0,88,0,128,32,1,1,64,672,1
"KERNEL_DISPATCH","Agent 2",1,0,1069504,1822,45,"quantize_q8_1_mmq_ds4",1822,1119386301791069,1119386301793954,0,0,24,0,128,256,1,1,256,672,1
"KERNEL_DISPATCH","Agent 2",1,0,1069504,1823,41,"gemm_hfq4g256_moe_grouped_mmq_gfx1151",1823,1119386301796439,1119386302055042,0,0,128,0,128,32,1,1,4096,282,1
"KERNEL_DISPATCH","Agent 2",1,0,1069504,1824,47,"moe_down_combine_grouped_k8",1824,1119386302057687,1119386302078687,0,0,8,0,128,256,1,1,2048,84,1
"KERNEL_DISPATCH","Agent 2",1,0,1069504,1825,17,"fused_rmsnorm_mq_rotate",1825,1119386302081251,1119386302088064,0,0,40,0,128,256,1,1,21504,1,1
"KERNEL_DISPATCH","Agent 2",1,0,1069504,1826,20,"convert_f32_to_f16",1826,1119386302090399,1119386302092603,0,0,8,0,128,256,1,1,172032,1,1
"KERNEL_DISPATCH","Agent 2",1,0,1069504,1827,48,"gemm_qkv_hfq4g256_wmma",1827,1119386302095358,1119386302378728,0,0,80,0,128,32,1,1,18432,6,1
"KERNEL_DISPATCH","Agent 2",1,0,1069504,1828,49,"deinterleave_f32_batched",1828,1119386302381292,1119386302388145,0,0,8,0,128,256,1,1,4096,84,1
"KERNEL_DISPATCH","Agent 2",1,0,1069504,1829,30,"rmsnorm_f32",1829,1119386302390670,1119386302401330,0,0,16,0,128,256,1,1,344064,1,1
"KERNEL_DISPATCH","Agent 2",1,0,1069504,1830,30,"rmsnorm_f32",1830,1119386302403694,1119386302406500,0,0,16,0,128,256,1,1,43008,1,1
"KERNEL_DISPATCH","Agent 2",1,0,1069504,1831,50,"rope_partial_halfsplit_batched_f32",1831,1119386302409104,1119386302413232,0,0,24,0,128,32,1,1,32,84,1
"KERNEL_DISPATCH","Agent 2",1,0,1069504,1832,51,"kv_cache_write_q8_0_batched",1832,1119386302415917,1119386302417921,0,0,8,0,128,32,1,1,512,84,1
"KERNEL_DISPATCH","Agent 2",1,0,1069504,1833,51,"kv_cache_write_q8_0_batched",1833,1119386302420125,1119386302422049,0,0,8,0,128,32,1,1,512,84,1
"KERNEL_DISPATCH","Agent 2",1,0,1069504,1834,52,"attention_q8_0_kv_batched",1834,1119386302424273,1119386302489114,0,0,32,0,128,256,1,1,4096,84,1
"KERNEL_DISPATCH","Agent 2",1,0,1069504,1835,53,"sigmoid_mul_f32",1835,1119386302491859,1119386302526604,0,0,16,0,128,256,1,1,1048576,1,1
"KERNEL_DISPATCH","Agent 2",1,0,1069504,1836,27,"mq_rotate_x",1836,1119386302528919,1119386302533167,0,0,32,0,128,32,1,1,512,84,1
"KERNEL_DISPATCH","Agent 2",1,0,1069504,1837,20,"convert_f32_to_f16",1837,1119386302535781,1119386302539108,0,0,8,0,128,256,1,1,344064,1,1
"KERNEL_DISPATCH","Agent 2",1,0,1069504,1838,29,"gemm_hfq4g256_residual_wmma_k2x32",1838,1119386302542033,1119386302671475,0,0,64,0,128,32,1,1,2048,6,1
"KERNEL_DISPATCH","Agent 2",1,0,1069504,1839,30,"rmsnorm_f32",1839,1119386302673960,1119386302678889,0,0,16,0,128,256,1,1,21504,1,1
"KERNEL_DISPATCH","Agent 2",1,0,1069504,1840,27,"mq_rotate_x",1840,1119386302681494,1119386302683337,0,0,32,0,128,32,1,1,256,84,1
"KERNEL_DISPATCH","Agent 2",1,0,1069504,1841,31,"gemm_hfq4g256",1841,1119386302685862,1119386302721929,0,0,32,0,128,32,1,1,8192,11,1
"KERNEL_DISPATCH","Agent 2",1,0,1069504,1842,31,"gemm_hfq4g256",1842,1119386302724254,1119386302734994,0,0,32,0,128,32,1,1,32,11,1
"KERNEL_DISPATCH","Agent 2",1,0,1069504,1843,20,"convert_f32_to_f16",1843,1119386302736928,1119386302739012,0,0,8,0,128,256,1,1,172032,1,1
"KERNEL_DISPATCH","Agent 2",1,0,1069504,1844,32,"gemm_gate_up_hfq4g256_wmma_ldscoop_nosync",1844,1119386302741306,1119386302774488,0,0,64,0,128,32,1,1,2048,6,1
"KERNEL_DISPATCH","Agent 2",1,0,1069504,1845,33,"softmax_f32",1845,1119386302777513,1119386302780359,0,0,16,0,128,256,1,1,21504,1,1
"KERNEL_DISPATCH","Agent 2",1,0,1069504,1846,34,"moe_topk_renorm_k8_batched",1846,1119386302782583,1119386302788875,10752,0,40,0,128,256,1,1,21504,1,1
"KERNEL_DISPATCH","Agent 2",1,0,1069504,1847,35,"fused_silu_mul_mq_rotate",1847,1119386302791500,1119386302793143,0,0,88,0,128,32,1,1,64,84,1
"KERNEL_DISPATCH","Agent 2",1,0,1069504,1848,36,"gemv_hfq4g256_residual_sigmoid_scaled_gpu_batched",1848,1119386302795908,1119386302906194,0,0,72,0,128,32,1,1,65536,84,1
"KERNEL_DISPATCH","Agent 2",1,0,1069504,1849,40,"moe_scatter_fused_k8",1849,1119386302913207,1119386302921583,0,0,24,0,128,256,1,1,256,1,1
"KERNEL_DISPATCH","Agent 2",1,0,1069504,1850,45,"quantize_q8_1_mmq_ds4",1850,1119386302924308,1119386302927273,0,0,24,0,128,256,1,1,512,84,1
"KERNEL_DISPATCH","Agent 2",1,0,1069504,1851,41,"gemm_hfq4g256_moe_grouped_mmq_gfx1151",1851,1119386302929498,1119386303455682,0,0,128,0,128,32,1,1,2048,282,1
"KERNEL_DISPATCH","Agent 2",1,0,1069504,1852,46,"moe_gate_up_unscatter_k8",1852,1119386303462555,1119386303487241,0,0,8,0,128,256,1,1,512,4512,1
"KERNEL_DISPATCH","Agent 2",1,0,1069504,1853,35,"fused_silu_mul_mq_rotate",1853,1119386303490086,1119386303496338,0,0,88,0,128,32,1,1,64,672,1
"KERNEL_DISPATCH","Agent 2",1,0,1069504,1854,45,"quantize_q8_1_mmq_ds4",1854,1119386303498942,1119386303501788,0,0,24,0,128,256,1,1,256,672,1
"KERNEL_DISPATCH","Agent 2",1,0,1069504,1855,41,"gemm_hfq4g256_moe_grouped_mmq_gfx1151",1855,1119386303503892,1119386303809784,0,0,128,0,128,32,1,1,4096,282,1
"KERNEL_DISPATCH","Agent 2",1,0,1069504,1856,47,"moe_down_combine_grouped_k8",1856,1119386303816877,1119386303839079,0,0,8,0,128,256,1,1,2048,84,1
"KERNEL_DISPATCH","Agent 2",1,0,1069504,1857,6,"__amd_rocclr_copyBuffer",1857,1119386303841774,1119386303843016,0,0,16,0,128,512,1,1,512,1,1
"KERNEL_DISPATCH","Agent 2",1,0,1069504,1858,30,"rmsnorm_f32",1858,1119386303845831,1119386303850440,0,0,16,0,128,256,1,1,256,1,1
"KERNEL_DISPATCH","Agent 2",1,0,1069504,1859,27,"mq_rotate_x",1859,1119386303852824,1119386303854467,0,0,32,0,128,32,1,1,256,1,1
"KERNEL_DISPATCH","Agent 2",1,0,1069504,1860,57,"gemv_hfq4g256_multirow_r2",1860,1119386306906194,1119386308253032,0,0,96,0,128,32,1,1,3973120,1,1
"KERNEL_DISPATCH","Agent 2",1,0,1069504,1861,3,"__amd_rocclr_fillBufferAligned",1861,1119386308256118,1119386308261808,0,0,16,0,128,256,1,1,5120,1,1
"KERNEL_DISPATCH","Agent 2",1,0,1069504,1862,3,"__amd_rocclr_fillBufferAligned",1862,1119386308264173,1119386308265495,0,0,16,0,128,256,1,1,5120,1,1
"KERNEL_DISPATCH","Agent 2",1,0,1069504,1863,3,"__amd_rocclr_fillBufferAligned",1863,1119386308267780,1119386308269262,0,0,16,0,128,256,1,1,5120,1,1
"KERNEL_DISPATCH","Agent 2",1,0,1069504,1864,3,"__amd_rocclr_fillBufferAligned",1864,1119386308271466,1119386308273310,0,0,16,0,128,256,1,1,5120,1,1
"KERNEL_DISPATCH","Agent 2",1,0,1069504,1865,3,"__amd_rocclr_fillBufferAligned",1865,1119386308275514,1119386308277357,0,0,16,0,128,256,1,1,5120,1,1
"KERNEL_DISPATCH","Agent 2",1,0,1069504,1866,3,"__amd_rocclr_fillBufferAligned",1866,1119386308279562,1119386308280924,0,0,16,0,128,256,1,1,5120,1,1
"KERNEL_DISPATCH","Agent 2",1,0,1069504,1867,3,"__amd_rocclr_fillBufferAligned",1867,1119386308283409,1119386308285012,0,0,16,0,128,256,1,1,5120,1,1
"KERNEL_DISPATCH","Agent 2",1,0,1069504,1868,3,"__amd_rocclr_fillBufferAligned",1868,1119386308287256,1119386308288659,0,0,16,0,128,256,1,1,5120,1,1
"KERNEL_DISPATCH","Agent 2",1,0,1069504,1869,3,"__amd_rocclr_fillBufferAligned",1869,1119386308290863,1119386308292506,0,0,16,0,128,256,1,1,5120,1,1
"KERNEL_DISPATCH","Agent 2",1,0,1069504,1870,3,"__amd_rocclr_fillBufferAligned",1870,1119386308294830,1119386308296233,0,0,16,0,128,256,1,1,5120,1,1
"KERNEL_DISPATCH","Agent 2",1,0,1069504,1871,3,"__amd_rocclr_fillBufferAligned",1871,1119386308298317,1119386308299960,0,0,16,0,128,256,1,1,5120,1,1
"KERNEL_DISPATCH","Agent 2",1,0,1069504,1872,3,"__amd_rocclr_fillBufferAligned",1872,1119386308302164,1119386308304047,0,0,16,0,128,256,1,1,5120,1,1
"KERNEL_DISPATCH","Agent 2",1,0,1069504,1873,3,"__amd_rocclr_fillBufferAligned",1873,1119386308306251,1119386308307935,0,0,16,0,128,256,1,1,5120,1,1
"KERNEL_DISPATCH","Agent 2",1,0,1069504,1874,3,"__amd_rocclr_fillBufferAligned",1874,1119386308310259,1119386308311622,0,0,16,0,128,256,1,1,5120,1,1
"KERNEL_DISPATCH","Agent 2",1,0,1069504,1875,3,"__amd_rocclr_fillBufferAligned",1875,1119386308313866,1119386308315429,0,0,16,0,128,256,1,1,5120,1,1
"KERNEL_DISPATCH","Agent 2",1,0,1069504,1876,3,"__amd_rocclr_fillBufferAligned",1876,1119386308317753,1119386308319116,0,0,16,0,128,256,1,1,5120,1,1
"KERNEL_DISPATCH","Agent 2",1,0,1069504,1877,3,"__amd_rocclr_fillBufferAligned",1877,1119386308321310,1119386308323153,0,0,16,0,128,256,1,1,5120,1,1
"KERNEL_DISPATCH","Agent 2",1,0,1069504,1878,3,"__amd_rocclr_fillBufferAligned",1878,1119386308325227,1119386308326550,0,0,16,0,128,256,1,1,5120,1,1
"KERNEL_DISPATCH","Agent 2",1,0,1069504,1879,3,"__amd_rocclr_fillBufferAligned",1879,1119386308329014,1119386308330617,0,0,16,0,128,256,1,1,5120,1,1
"KERNEL_DISPATCH","Agent 2",1,0,1069504,1880,3,"__amd_rocclr_fillBufferAligned",1880,1119386308332650,1119386308334534,0,0,16,0,128,256,1,1,5120,1,1
"KERNEL_DISPATCH","Agent 2",1,0,1069504,1881,3,"__amd_rocclr_fillBufferAligned",1881,1119386308336949,1119386308338752,0,0,16,0,128,256,1,1,5120,1,1
"KERNEL_DISPATCH","Agent 2",1,0,1069504,1882,3,"__amd_rocclr_fillBufferAligned",1882,1119386308340836,1119386308342239,0,0,16,0,128,256,1,1,5120,1,1
"KERNEL_DISPATCH","Agent 2",1,0,1069504,1883,3,"__amd_rocclr_fillBufferAligned",1883,1119386308344603,1119386308346166,0,0,16,0,128,256,1,1,5120,1,1
"KERNEL_DISPATCH","Agent 2",1,0,1069504,1884,3,"__amd_rocclr_fillBufferAligned",1884,1119386308348531,1119386308350053,0,0,16,0,128,256,1,1,5120,1,1
"KERNEL_DISPATCH","Agent 2",1,0,1069504,1885,3,"__amd_rocclr_fillBufferAligned",1885,1119386308352458,1119386308354301,0,0,16,0,128,256,1,1,5120,1,1
"KERNEL_DISPATCH","Agent 2",1,0,1069504,1886,3,"__amd_rocclr_fillBufferAligned",1886,1119386308356216,1119386308357578,0,0,16,0,128,256,1,1,5120,1,1
"KERNEL_DISPATCH","Agent 2",1,0,1069504,1887,3,"__amd_rocclr_fillBufferAligned",1887,1119386308360232,1119386308361956,0,0,16,0,128,256,1,1,5120,1,1
"KERNEL_DISPATCH","Agent 2",1,0,1069504,1888,3,"__amd_rocclr_fillBufferAligned",1888,1119386308364360,1119386308366244,0,0,16,0,128,256,1,1,5120,1,1
"KERNEL_DISPATCH","Agent 2",1,0,1069504,1889,3,"__amd_rocclr_fillBufferAligned",1889,1119386308368608,1119386308370331,0,0,16,0,128,256,1,1,5120,1,1
"KERNEL_DISPATCH","Agent 2",1,0,1069504,1890,3,"__amd_rocclr_fillBufferAligned",1890,1119386308372516,1119386308373838,0,0,16,0,128,256,1,1,5120,1,1
"KERNEL_DISPATCH","Agent 2",1,0,1069504,1891,3,"__amd_rocclr_fillBufferAligned",1891,1119386308376243,1119386308377445,0,0,16,0,128,256,1,1,1024,1,1
"KERNEL_DISPATCH","Agent 2",1,0,1069504,1892,3,"__amd_rocclr_fillBufferAligned",1892,1119386308379459,1119386308380741,0,0,16,0,128,256,1,1,1024,1,1
"KERNEL_DISPATCH","Agent 2",1,0,1069504,1893,3,"__amd_rocclr_fillBufferAligned",1893,1119386308383215,1119386308384738,0,0,16,0,128,256,1,1,1024,1,1
"KERNEL_DISPATCH","Agent 2",1,0,1069504,1894,3,"__amd_rocclr_fillBufferAligned",1894,1119386308387203,1119386308388485,0,0,16,0,128,256,1,1,1024,1,1
"KERNEL_DISPATCH","Agent 2",1,0,1069504,1895,3,"__amd_rocclr_fillBufferAligned",1895,1119386308390890,1119386308391852,0,0,16,0,128,256,1,1,1024,1,1
"KERNEL_DISPATCH","Agent 2",1,0,1069504,1896,3,"__amd_rocclr_fillBufferAligned",1896,1119386308394025,1119386308395989,0,0,16,0,128,256,1,1,1024,1,1
"KERNEL_DISPATCH","Agent 2",1,0,1069504,1897,3,"__amd_rocclr_fillBufferAligned",1897,1119386308397933,1119386308399015,0,0,16,0,128,256,1,1,1024,1,1
"KERNEL_DISPATCH","Agent 2",1,0,1069504,1898,3,"__amd_rocclr_fillBufferAligned",1898,1119386308401790,1119386308402952,0,0,16,0,128,256,1,1,1024,1,1
"KERNEL_DISPATCH","Agent 2",1,0,1069504,1899,3,"__amd_rocclr_fillBufferAligned",1899,1119386308404956,1119386308405918,0,0,16,0,128,256,1,1,1024,1,1
"KERNEL_DISPATCH","Agent 2",1,0,1069504,1900,3,"__amd_rocclr_fillBufferAligned",1900,1119386308408282,1119386308409364,0,0,16,0,128,256,1,1,1024,1,1
"KERNEL_DISPATCH","Agent 2",1,0,1069504,1901,3,"__amd_rocclr_fillBufferAligned",1901,1119386308411458,1119386308412540,0,0,16,0,128,256,1,1,1024,1,1
"KERNEL_DISPATCH","Agent 2",1,0,1069504,1902,3,"__amd_rocclr_fillBufferAligned",1902,1119386308414784,1119386308416307,0,0,16,0,128,256,1,1,1024,1,1
"KERNEL_DISPATCH","Agent 2",1,0,1069504,1903,3,"__amd_rocclr_fillBufferAligned",1903,1119386308418061,1119386308419143,0,0,16,0,128,256,1,1,1024,1,1
"KERNEL_DISPATCH","Agent 2",1,0,1069504,1904,3,"__amd_rocclr_fillBufferAligned",1904,1119386308421598,1119386308423521,0,0,16,0,128,256,1,1,1024,1,1
"KERNEL_DISPATCH","Agent 2",1,0,1069504,1905,3,"__amd_rocclr_fillBufferAligned",1905,1119386308426066,1119386308427108,0,0,16,0,128,256,1,1,1024,1,1
"KERNEL_DISPATCH","Agent 2",1,0,1069504,1906,3,"__amd_rocclr_fillBufferAligned",1906,1119386308429121,1119386308430243,0,0,16,0,128,256,1,1,1024,1,1
"KERNEL_DISPATCH","Agent 2",1,0,1069504,1907,3,"__amd_rocclr_fillBufferAligned",1907,1119386308432217,1119386308433139,0,0,16,0,128,256,1,1,1024,1,1
"KERNEL_DISPATCH","Agent 2",1,0,1069504,1908,3,"__amd_rocclr_fillBufferAligned",1908,1119386308435774,1119386308436896,0,0,16,0,128,256,1,1,1024,1,1
"KERNEL_DISPATCH","Agent 2",1,0,1069504,1909,3,"__amd_rocclr_fillBufferAligned",1909,1119386308438699,1119386308439781,0,0,16,0,128,256,1,1,1024,1,1
"KERNEL_DISPATCH","Agent 2",1,0,1069504,1910,3,"__amd_rocclr_fillBufferAligned",1910,1119386308442466,1119386308443749,0,0,16,0,128,256,1,1,1024,1,1
"KERNEL_DISPATCH","Agent 2",1,0,1069504,1911,3,"__amd_rocclr_fillBufferAligned",1911,1119386308446063,1119386308446985,0,0,16,0,128,256,1,1,1024,1,1
"KERNEL_DISPATCH","Agent 2",1,0,1069504,1912,3,"__amd_rocclr_fillBufferAligned",1912,1119386308449359,1119386308451002,0,0,16,0,128,256,1,1,1024,1,1
"KERNEL_DISPATCH","Agent 2",1,0,1069504,1913,3,"__amd_rocclr_fillBufferAligned",1913,1119386308453527,1119386308454729,0,0,16,0,128,256,1,1,1024,1,1
"KERNEL_DISPATCH","Agent 2",1,0,1069504,1914,3,"__amd_rocclr_fillBufferAligned",1914,1119386308456843,1119386308457925,0,0,16,0,128,256,1,1,1024,1,1
"KERNEL_DISPATCH","Agent 2",1,0,1069504,1915,3,"__amd_rocclr_fillBufferAligned",1915,1119386308460049,1119386308461011,0,0,16,0,128,256,1,1,1024,1,1
"KERNEL_DISPATCH","Agent 2",1,0,1069504,1916,3,"__amd_rocclr_fillBufferAligned",1916,1119386308463486,1119386308464608,0,0,16,0,128,256,1,1,1024,1,1
"KERNEL_DISPATCH","Agent 2",1,0,1069504,1917,3,"__amd_rocclr_fillBufferAligned",1917,1119386308467233,1119386308468355,0,0,16,0,128,256,1,1,1024,1,1
"KERNEL_DISPATCH","Agent 2",1,0,1069504,1918,3,"__amd_rocclr_fillBufferAligned",1918,1119386308470599,1119386308471801,0,0,16,0,128,256,1,1,1024,1,1
"KERNEL_DISPATCH","Agent 2",1,0,1069504,1919,3,"__amd_rocclr_fillBufferAligned",1919,1119386308474105,1119386308475027,0,0,16,0,128,256,1,1,1024,1,1
"KERNEL_DISPATCH","Agent 2",1,0,1069504,1920,3,"__amd_rocclr_fillBufferAligned",1920,1119386308477331,1119386308479015,0,0,16,0,128,256,1,1,1024,1,1
"KERNEL_DISPATCH","Agent 2",1,0,1069504,1921,3,"__amd_rocclr_fillBufferAligned",1921,1119386308481459,1119386308482661,0,0,16,0,128,256,1,1,5120,1,1
"KERNEL_DISPATCH","Agent 2",1,0,1069504,1922,3,"__amd_rocclr_fillBufferAligned",1922,1119386308484986,1119386308485988,0,0,16,0,128,256,1,1,5120,1,1
"KERNEL_DISPATCH","Agent 2",1,0,1069504,1923,3,"__amd_rocclr_fillBufferAligned",1923,1119386308488272,1119386308489274,0,0,16,0,128,256,1,1,5120,1,1
"KERNEL_DISPATCH","Agent 2",1,0,1069504,1924,3,"__amd_rocclr_fillBufferAligned",1924,1119386308491718,1119386308492720,0,0,16,0,128,256,1,1,5120,1,1
"KERNEL_DISPATCH","Agent 2",1,0,1069504,1925,3,"__amd_rocclr_fillBufferAligned",1925,1119386308494774,1119386308495896,0,0,16,0,128,256,1,1,5120,1,1
"KERNEL_DISPATCH","Agent 2",1,0,1069504,1926,3,"__amd_rocclr_fillBufferAligned",1926,1119386308498491,1119386308499453,0,0,16,0,128,256,1,1,5120,1,1
"KERNEL_DISPATCH","Agent 2",1,0,1069504,1927,3,"__amd_rocclr_fillBufferAligned",1927,1119386308501737,1119386308502899,0,0,16,0,128,256,1,1,5120,1,1
"KERNEL_DISPATCH","Agent 2",1,0,1069504,1928,3,"__amd_rocclr_fillBufferAligned",1928,1119386308505253,1119386308506736,0,0,16,0,128,256,1,1,5120,1,1
"KERNEL_DISPATCH","Agent 2",1,0,1069504,1929,3,"__amd_rocclr_fillBufferAligned",1929,1119386308509031,1119386308510233,0,0,16,0,128,256,1,1,5120,1,1
"KERNEL_DISPATCH","Agent 2",1,0,1069504,1930,3,"__amd_rocclr_fillBufferAligned",1930,1119386308512237,1119386308513239,0,0,16,0,128,256,1,1,5120,1,1
"KERNEL_DISPATCH","Agent 2",1,0,1069504,1931,3,"__amd_rocclr_fillBufferAligned",1931,1119386308515763,1119386308516925,0,0,16,0,128,256,1,1,5120,1,1
"KERNEL_DISPATCH","Agent 2",1,0,1069504,1932,3,"__amd_rocclr_fillBufferAligned",1932,1119386308519079,1119386308520081,0,0,16,0,128,256,1,1,5120,1,1
"KERNEL_DISPATCH","Agent 2",1,0,1069504,1933,3,"__amd_rocclr_fillBufferAligned",1933,1119386308522286,1119386308523448,0,0,16,0,128,256,1,1,5120,1,1
"KERNEL_DISPATCH","Agent 2",1,0,1069504,1934,3,"__amd_rocclr_fillBufferAligned",1934,1119386308526103,1119386308527104,0,0,16,0,128,256,1,1,5120,1,1
"KERNEL_DISPATCH","Agent 2",1,0,1069504,1935,3,"__amd_rocclr_fillBufferAligned",1935,1119386308529399,1119386308530681,0,0,16,0,128,256,1,1,5120,1,1
"KERNEL_DISPATCH","Agent 2",1,0,1069504,1936,3,"__amd_rocclr_fillBufferAligned",1936,1119386308533036,1119386308534558,0,0,16,0,128,256,1,1,5120,1,1
"KERNEL_DISPATCH","Agent 2",1,0,1069504,1937,3,"__amd_rocclr_fillBufferAligned",1937,1119386308537003,1119386308538165,0,0,16,0,128,256,1,1,5120,1,1
"KERNEL_DISPATCH","Agent 2",1,0,1069504,1938,3,"__amd_rocclr_fillBufferAligned",1938,1119386308540409,1119386308541451,0,0,16,0,128,256,1,1,5120,1,1
"KERNEL_DISPATCH","Agent 2",1,0,1069504,1939,3,"__amd_rocclr_fillBufferAligned",1939,1119386308543716,1119386308544918,0,0,16,0,128,256,1,1,5120,1,1
"KERNEL_DISPATCH","Agent 2",1,0,1069504,1940,3,"__amd_rocclr_fillBufferAligned",1940,1119386308547222,1119386308548184,0,0,16,0,128,256,1,1,5120,1,1
"KERNEL_DISPATCH","Agent 2",1,0,1069504,1941,3,"__amd_rocclr_fillBufferAligned",1941,1119386308550238,1119386308551360,0,0,16,0,128,256,1,1,5120,1,1
"KERNEL_DISPATCH","Agent 2",1,0,1069504,1942,3,"__amd_rocclr_fillBufferAligned",1942,1119386308553504,1119386308554586,0,0,16,0,128,256,1,1,5120,1,1
"KERNEL_DISPATCH","Agent 2",1,0,1069504,1943,3,"__amd_rocclr_fillBufferAligned",1943,1119386308557321,1119386308558563,0,0,16,0,128,256,1,1,5120,1,1
"KERNEL_DISPATCH","Agent 2",1,0,1069504,1944,3,"__amd_rocclr_fillBufferAligned",1944,1119386308564494,1119386308566137,0,0,16,0,128,256,1,1,5120,1,1
"KERNEL_DISPATCH","Agent 2",1,0,1069504,1945,3,"__amd_rocclr_fillBufferAligned",1945,1119386308568542,1119386308569504,0,0,16,0,128,256,1,1,5120,1,1
"KERNEL_DISPATCH","Agent 2",1,0,1069504,1946,3,"__amd_rocclr_fillBufferAligned",1946,1119386308571748,1119386308572750,0,0,16,0,128,256,1,1,5120,1,1
"KERNEL_DISPATCH","Agent 2",1,0,1069504,1947,3,"__amd_rocclr_fillBufferAligned",1947,1119386308574994,1119386308576156,0,0,16,0,128,256,1,1,5120,1,1
"KERNEL_DISPATCH","Agent 2",1,0,1069504,1948,3,"__amd_rocclr_fillBufferAligned",1948,1119386308578069,1119386308579713,0,0,16,0,128,256,1,1,5120,1,1
"KERNEL_DISPATCH","Agent 2",1,0,1069504,1949,3,"__amd_rocclr_fillBufferAligned",1949,1119386308581857,1119386308582859,0,0,16,0,128,256,1,1,5120,1,1
"KERNEL_DISPATCH","Agent 2",1,0,1069504,1950,3,"__amd_rocclr_fillBufferAligned",1950,1119386308585133,1119386308586135,0,0,16,0,128,256,1,1,5120,1,1
"KERNEL_DISPATCH","Agent 2",1,0,1069504,1951,3,"__amd_rocclr_fillBufferAligned",1951,1119386308588369,1119386308590092,0,0,16,0,128,256,1,1,5120,1,1
"KERNEL_DISPATCH","Agent 2",1,0,1069504,1952,3,"__amd_rocclr_fillBufferAligned",1952,1119386308592847,1119386308595412,0,0,16,0,128,256,1,1,5120,1,1
"KERNEL_DISPATCH","Agent 2",1,0,1069504,1953,3,"__amd_rocclr_fillBufferAligned",1953,1119386308597676,1119386308600001,0,0,16,0,128,256,1,1,5120,1,1
"KERNEL_DISPATCH","Agent 2",1,0,1069504,1954,3,"__amd_rocclr_fillBufferAligned",1954,1119386308602285,1119386308604209,0,0,16,0,128,256,1,1,5120,1,1
"KERNEL_DISPATCH","Agent 2",1,0,1069504,1955,3,"__amd_rocclr_fillBufferAligned",1955,1119386308606613,1119386308608537,0,0,16,0,128,256,1,1,5120,1,1
"KERNEL_DISPATCH","Agent 2",1,0,1069504,1956,3,"__amd_rocclr_fillBufferAligned",1956,1119386308610430,1119386308612554,0,0,16,0,128,256,1,1,5120,1,1
"KERNEL_DISPATCH","Agent 2",1,0,1069504,1957,3,"__amd_rocclr_fillBufferAligned",1957,1119386308615149,1119386308617313,0,0,16,0,128,256,1,1,5120,1,1
"KERNEL_DISPATCH","Agent 2",1,0,1069504,1958,3,"__amd_rocclr_fillBufferAligned",1958,1119386308619557,1119386308621441,0,0,16,0,128,256,1,1,5120,1,1
"KERNEL_DISPATCH","Agent 2",1,0,1069504,1959,3,"__amd_rocclr_fillBufferAligned",1959,1119386308623645,1119386308625569,0,0,16,0,128,256,1,1,5120,1,1
"KERNEL_DISPATCH","Agent 2",1,0,1069504,1960,3,"__amd_rocclr_fillBufferAligned",1960,1119386308627582,1119386308630187,0,0,16,0,128,256,1,1,5120,1,1
"KERNEL_DISPATCH","Agent 2",1,0,1069504,1961,3,"__amd_rocclr_fillBufferAligned",1961,1119386308632822,1119386308634866,0,0,16,0,128,256,1,1,5120,1,1
"KERNEL_DISPATCH","Agent 2",1,0,1069504,1962,3,"__amd_rocclr_fillBufferAligned",1962,1119386308637431,1119386308639354,0,0,16,0,128,256,1,1,5120,1,1
"KERNEL_DISPATCH","Agent 2",1,0,1069504,1963,3,"__amd_rocclr_fillBufferAligned",1963,1119386308641228,1119386308643111,0,0,16,0,128,256,1,1,5120,1,1
"KERNEL_DISPATCH","Agent 2",1,0,1069504,1964,3,"__amd_rocclr_fillBufferAligned",1964,1119386308645806,1119386308648251,0,0,16,0,128,256,1,1,5120,1,1
"KERNEL_DISPATCH","Agent 2",1,0,1069504,1965,3,"__amd_rocclr_fillBufferAligned",1965,1119386308650816,1119386308654302,0,0,16,0,128,256,1,1,5120,1,1
"KERNEL_DISPATCH","Agent 2",1,0,1069504,1966,3,"__amd_rocclr_fillBufferAligned",1966,1119386308656787,1119386308659151,0,0,16,0,128,256,1,1,5120,1,1
"KERNEL_DISPATCH","Agent 2",1,0,1069504,1967,3,"__amd_rocclr_fillBufferAligned",1967,1119386308662117,1119386308664682,0,0,16,0,128,256,1,1,5120,1,1
"KERNEL_DISPATCH","Agent 2",1,0,1069504,1968,3,"__amd_rocclr_fillBufferAligned",1968,1119386308667046,1119386308671454,0,0,16,0,128,256,1,1,5120,1,1
"KERNEL_DISPATCH","Agent 2",1,0,1069504,1969,3,"__amd_rocclr_fillBufferAligned",1969,1119386308674019,1119386308677506,0,0,16,0,128,256,1,1,5120,1,1
"KERNEL_DISPATCH","Agent 2",1,0,1069504,1970,3,"__amd_rocclr_fillBufferAligned",1970,1119386308680300,1119386308683667,0,0,16,0,128,256,1,1,5120,1,1
"KERNEL_DISPATCH","Agent 2",1,0,1069504,1971,3,"__amd_rocclr_fillBufferAligned",1971,1119386308686362,1119386308689969,0,0,16,0,128,256,1,1,5120,1,1
"KERNEL_DISPATCH","Agent 2",1,0,1069504,1972,3,"__amd_rocclr_fillBufferAligned",1972,1119386308692894,1119386308697223,0,0,16,0,128,256,1,1,5120,1,1
"KERNEL_DISPATCH","Agent 2",1,0,1069504,1973,3,"__amd_rocclr_fillBufferAligned",1973,1119386308699597,1119386308703725,0,0,16,0,128,256,1,1,5120,1,1
"KERNEL_DISPATCH","Agent 2",1,0,1069504,1974,3,"__amd_rocclr_fillBufferAligned",1974,1119386308706440,1119386308709966,0,0,16,0,128,256,1,1,5120,1,1
"KERNEL_DISPATCH","Agent 2",1,0,1069504,1975,3,"__amd_rocclr_fillBufferAligned",1975,1119386308712772,1119386308716579,0,0,16,0,128,256,1,1,5120,1,1
"KERNEL_DISPATCH","Agent 2",1,0,1069504,1976,3,"__amd_rocclr_fillBufferAligned",1976,1119386308718312,1119386308723642,0,0,16,0,128,256,1,1,5120,1,1
"KERNEL_DISPATCH","Agent 2",1,0,1069504,1977,3,"__amd_rocclr_fillBufferAligned",1977,1119386308726397,1119386308730645,0,0,16,0,128,256,1,1,5120,1,1
"KERNEL_DISPATCH","Agent 2",1,0,1069504,1978,3,"__amd_rocclr_fillBufferAligned",1978,1119386308733130,1119386308736857,0,0,16,0,128,256,1,1,5120,1,1
"KERNEL_DISPATCH","Agent 2",1,0,1069504,1979,3,"__amd_rocclr_fillBufferAligned",1979,1119386308740023,1119386308743750,0,0,16,0,128,256,1,1,5120,1,1
"KERNEL_DISPATCH","Agent 2",1,0,1069504,1980,3,"__amd_rocclr_fillBufferAligned",1980,1119386308746595,1119386308751244,0,0,16,0,128,256,1,1,5120,1,1
"KERNEL_DISPATCH","Agent 2",1,0,1069504,1981,6,"__amd_rocclr_copyBuffer",1981,1119386309060021,1119386309062626,0,0,16,0,128,512,1,1,512,1,1
"KERNEL_DISPATCH","Agent 2",1,0,1069504,1982,16,"embedding_q8_batched",1982,1119386309078025,1119386309082794,0,0,8,0,128,256,1,1,21504,1,1
"KERNEL_DISPATCH","Agent 2",1,0,1069504,1983,6,"__amd_rocclr_copyBuffer",1983,1119386309087302,1119386309088665,0,0,16,0,128,512,1,1,512,1,1
"KERNEL_DISPATCH","Agent 2",1,0,1069504,1984,17,"fused_rmsnorm_mq_rotate",1984,1119386309121126,1119386309128299,0,0,40,0,128,256,1,1,21504,1,1
"KERNEL_DISPATCH","Agent 2",1,0,1069504,1985,20,"convert_f32_to_f16",1985,1119386309151893,1119386309154618,0,0,8,0,128,256,1,1,172032,1,1
"KERNEL_DISPATCH","Agent 2",1,0,1069504,1986,18,"gemm_qkvza_hfq4g256_wmma",1986,1119386309160399,1119386309626791,0,0,80,0,128,32,1,1,24704,6,1
"KERNEL_DISPATCH","Agent 2",1,0,1069504,1987,21,"fused_sigmoid_alpha_gate_f32",1987,1119386309646999,1119386309648762,0,0,16,0,128,256,1,1,256,84,1
"KERNEL_DISPATCH","Agent 2",1,0,1069504,1988,22,"conv1d_silu_split_f32",1988,1119386309663650,1119386309685971,0,0,24,0,128,256,1,1,8192,1,1
"KERNEL_DISPATCH","Agent 2",1,0,1069504,1989,23,"fused_qk_l2_norm_scale_f32",1989,1119386309705799,1119386309714054,0,0,16,0,128,32,1,1,512,84,1
"KERNEL_DISPATCH","Agent 2",1,0,1069504,1990,24,"repeat_interleave_qk_f32_batched",1990,1119386309729874,1119386309756043,0,0,8,0,128,256,1,1,4096,84,1
"KERNEL_DISPATCH","Agent 2",1,0,1069504,1991,25,"gated_delta_net_q8_fast",1991,1119386309775289,1119386309938474,2048,0,64,0,128,32,1,1,1024,32,1
"KERNEL_DISPATCH","Agent 2",1,0,1069504,1992,26,"gated_norm_f32",1992,1119386309959042,1119386309968981,0,0,24,0,128,32,1,1,1024,84,1
"KERNEL_DISPATCH","Agent 2",1,0,1069504,1993,27,"mq_rotate_x",1993,1119386309985131,1119386309988577,0,0,32,0,128,32,1,1,512,84,1
"KERNEL_DISPATCH","Agent 2",1,0,1069504,1994,20,"convert_f32_to_f16",1994,1119386310009797,1119386310013444,0,0,8,0,128,256,1,1,344064,1,1
"KERNEL_DISPATCH","Agent 2",1,0,1069504,1995,29,"gemm_hfq4g256_residual_wmma_k2x32",1995,1119386310019115,1119386310150200,0,0,64,0,128,32,1,1,2048,6,1
"KERNEL_DISPATCH","Agent 2",1,0,1069504,1996,30,"rmsnorm_f32",1996,1119386310170227,1119386310176038,0,0,16,0,128,256,1,1,21504,1,1
"KERNEL_DISPATCH","Agent 2",1,0,1069504,1997,27,"mq_rotate_x",1997,1119386310190906,1119386310192949,0,0,32,0,128,32,1,1,256,84,1
"KERNEL_DISPATCH","Agent 2",1,0,1069504,1998,31,"gemm_hfq4g256",1998,1119386310211353,1119386310248944,0,0,32,0,128,32,1,1,8192,11,1
"KERNEL_DISPATCH","Agent 2",1,0,1069504,1999,31,"gemm_hfq4g256",1999,1119386310288799,1119386310302905,0,0,32,0,128,32,1,1,32,11,1
"KERNEL_DISPATCH","Agent 2",1,0,1069504,2000,20,"convert_f32_to_f16",2000,1119386310321991,1119386310324195,0,0,8,0,128,256,1,1,172032,1,1
"KERNEL_DISPATCH","Agent 2",1,0,1069504,2001,32,"gemm_gate_up_hfq4g256_wmma_ldscoop_nosync",2001,1119386310329545,1119386310362086,0,0,64,0,128,32,1,1,2048,6,1
"KERNEL_DISPATCH","Agent 2",1,0,1069504,2002,33,"softmax_f32",2002,1119386310379859,1119386310382424,0,0,16,0,128,256,1,1,21504,1,1
"KERNEL_DISPATCH","Agent 2",1,0,1069504,2003,34,"moe_topk_renorm_k8_batched",2003,1119386310387924,1119386310394256,10752,0,40,0,128,256,1,1,21504,1,1
"KERNEL_DISPATCH","Agent 2",1,0,1069504,2004,35,"fused_silu_mul_mq_rotate",2004,1119386310409194,1119386310411238,0,0,88,0,128,32,1,1,64,84,1
"KERNEL_DISPATCH","Agent 2",1,0,1069504,2005,36,"gemv_hfq4g256_residual_sigmoid_scaled_gpu_batched",2005,1119386310426527,1119386310537454,0,0,72,0,128,32,1,1,65536,84,1
"KERNEL_DISPATCH","Agent 2",1,0,1069504,2006,40,"moe_scatter_fused_k8",2006,1119386310561499,1119386310569754,0,0,24,0,128,256,1,1,256,1,1
"KERNEL_DISPATCH","Agent 2",1,0,1069504,2007,45,"quantize_q8_1_mmq_ds4",2007,1119386310582047,1119386310584451,0,0,24,0,128,256,1,1,512,84,1
"KERNEL_DISPATCH","Agent 2",1,0,1069504,2008,41,"gemm_hfq4g256_moe_grouped_mmq_gfx1151",2008,1119386310591104,1119386311496998,0,0,128,0,128,32,1,1,2048,282,1
"KERNEL_DISPATCH","Agent 2",1,0,1069504,2009,46,"moe_gate_up_unscatter_k8",2009,1119386311521323,1119386311547973,0,0,8,0,128,256,1,1,512,4512,1
"KERNEL_DISPATCH","Agent 2",1,0,1069504,2010,35,"fused_silu_mul_mq_rotate",2010,1119386311567560,1119386311573892,0,0,88,0,128,32,1,1,64,672,1
"KERNEL_DISPATCH","Agent 2",1,0,1069504,2011,45,"quantize_q8_1_mmq_ds4",2011,1119386311586896,1119386311589902,0,0,24,0,128,256,1,1,256,672,1
"KERNEL_DISPATCH","Agent 2",1,0,1069504,2012,41,"gemm_hfq4g256_moe_grouped_mmq_gfx1151",2012,1119386311595071,1119386312116847,0,0,128,0,128,32,1,1,4096,282,1
"KERNEL_DISPATCH","Agent 2",1,0,1069504,2013,47,"moe_down_combine_grouped_k8",2013,1119386312136965,1119386312166700,0,0,8,0,128,256,1,1,2048,84,1
"KERNEL_DISPATCH","Agent 2",1,0,1069504,2014,17,"fused_rmsnorm_mq_rotate",2014,1119386312185825,1119386312192358,0,0,40,0,128,256,1,1,21504,1,1
"KERNEL_DISPATCH","Agent 2",1,0,1069504,2015,20,"convert_f32_to_f16",2015,1119386312210092,1119386312212616,0,0,8,0,128,256,1,1,172032,1,1
"KERNEL_DISPATCH","Agent 2",1,0,1069504,2016,18,"gemm_qkvza_hfq4g256_wmma",2016,1119386312217736,1119386312684168,0,0,80,0,128,32,1,1,24704,6,1
"KERNEL_DISPATCH","Agent 2",1,0,1069504,2017,21,"fused_sigmoid_alpha_gate_f32",2017,1119386312703033,1119386312704516,0,0,16,0,128,256,1,1,256,84,1
"KERNEL_DISPATCH","Agent 2",1,0,1069504,2018,22,"conv1d_silu_split_f32",2018,1119386312720285,1119386312758076,0,0,24,0,128,256,1,1,8192,1,1
"KERNEL_DISPATCH","Agent 2",1,0,1069504,2019,23,"fused_qk_l2_norm_scale_f32",2019,1119386312777432,1119386312785928,0,0,16,0,128,32,1,1,512,84,1
"KERNEL_DISPATCH","Agent 2",1,0,1069504,2020,24,"repeat_interleave_qk_f32_batched",2020,1119386312801728,1119386312808140,0,0,8,0,128,256,1,1,4096,84,1
"KERNEL_DISPATCH","Agent 2",1,0,1069504,2021,25,"gated_delta_net_q8_fast",2021,1119386312824861,1119386312968610,2048,0,64,0,128,32,1,1,1024,32,1
"KERNEL_DISPATCH","Agent 2",1,0,1069504,2022,26,"gated_norm_f32",2022,1119386312987725,1119386312997223,0,0,24,0,128,32,1,1,1024,84,1
"KERNEL_DISPATCH","Agent 2",1,0,1069504,2023,27,"mq_rotate_x",2023,1119386313012591,1119386313017040,0,0,32,0,128,32,1,1,512,84,1
"KERNEL_DISPATCH","Agent 2",1,0,1069504,2024,20,"convert_f32_to_f16",2024,1119386313033521,1119386313037288,0,0,8,0,128,256,1,1,344064,1,1
"KERNEL_DISPATCH","Agent 2",1,0,1069504,2025,29,"gemm_hfq4g256_residual_wmma_k2x32",2025,1119386313042648,1119386313170607,0,0,64,0,128,32,1,1,2048,6,1
"KERNEL_DISPATCH","Agent 2",1,0,1069504,2026,30,"rmsnorm_f32",2026,1119386313190024,1119386313195835,0,0,16,0,128,256,1,1,21504,1,1
"KERNEL_DISPATCH","Agent 2",1,0,1069504,2027,27,"mq_rotate_x",2027,1119386313211664,1119386313213748,0,0,32,0,128,32,1,1,256,84,1
"KERNEL_DISPATCH","Agent 2",1,0,1069504,2028,31,"gemm_hfq4g256",2028,1119386313232794,1119386313270785,0,0,32,0,128,32,1,1,8192,11,1
"KERNEL_DISPATCH","Agent 2",1,0,1069504,2029,31,"gemm_hfq4g256",2029,1119386313291293,1119386313305680,0,0,32,0,128,32,1,1,32,11,1
"KERNEL_DISPATCH","Agent 2",1,0,1069504,2030,20,"convert_f32_to_f16",2030,1119386313320548,1119386313322752,0,0,8,0,128,256,1,1,172032,1,1
"KERNEL_DISPATCH","Agent 2",1,0,1069504,2031,32,"gemm_gate_up_hfq4g256_wmma_ldscoop_nosync",2031,1119386313327712,1119386313360092,0,0,64,0,128,32,1,1,2048,6,1
"KERNEL_DISPATCH","Agent 2",1,0,1069504,2032,33,"softmax_f32",2032,1119386313375380,1119386313377985,0,0,16,0,128,256,1,1,21504,1,1
"KERNEL_DISPATCH","Agent 2",1,0,1069504,2033,34,"moe_topk_renorm_k8_batched",2033,1119386313383485,1119386313389817,10752,0,40,0,128,256,1,1,21504,1,1
"KERNEL_DISPATCH","Agent 2",1,0,1069504,2034,35,"fused_silu_mul_mq_rotate",2034,1119386313404936,1119386313407060,0,0,88,0,128,32,1,1,64,84,1
"KERNEL_DISPATCH","Agent 2",1,0,1069504,2035,36,"gemv_hfq4g256_residual_sigmoid_scaled_gpu_batched",2035,1119386313423190,1119386313535039,0,0,72,0,128,32,1,1,65536,84,1
"KERNEL_DISPATCH","Agent 2",1,0,1069504,2036,40,"moe_scatter_fused_k8",2036,1119386313554044,1119386313562500,0,0,24,0,128,256,1,1,256,1,1
"KERNEL_DISPATCH","Agent 2",1,0,1069504,2037,45,"quantize_q8_1_mmq_ds4",2037,1119386313574422,1119386313576747,0,0,24,0,128,256,1,1,512,84,1
"KERNEL_DISPATCH","Agent 2",1,0,1069504,2038,41,"gemm_hfq4g256_moe_grouped_mmq_gfx1151",2038,1119386313581997,1119386314592326,0,0,128,0,128,32,1,1,2048,282,1
"KERNEL_DISPATCH","Agent 2",1,0,1069504,2039,46,"moe_gate_up_unscatter_k8",2039,1119386314614588,1119386314641037,0,0,8,0,128,256,1,1,512,4512,1
"KERNEL_DISPATCH","Agent 2",1,0,1069504,2040,35,"fused_silu_mul_mq_rotate",2040,1119386314660154,1119386314666525,0,0,88,0,128,32,1,1,64,672,1
"KERNEL_DISPATCH","Agent 2",1,0,1069504,2041,45,"quantize_q8_1_mmq_ds4",2041,1119386314679980,1119386314683186,0,0,24,0,128,256,1,1,256,672,1
"KERNEL_DISPATCH","Agent 2",1,0,1069504,2042,41,"gemm_hfq4g256_moe_grouped_mmq_gfx1151",2042,1119386314688375,1119386315279721,0,0,128,0,128,32,1,1,4096,282,1
"KERNEL_DISPATCH","Agent 2",1,0,1069504,2043,47,"moe_down_combine_grouped_k8",2043,1119386315302484,1119386315331298,0,0,8,0,128,256,1,1,2048,84,1
"KERNEL_DISPATCH","Agent 2",1,0,1069504,2044,17,"fused_rmsnorm_mq_rotate",2044,1119386315350754,1119386315357767,0,0,40,0,128,256,1,1,21504,1,1
"KERNEL_DISPATCH","Agent 2",1,0,1069504,2045,20,"convert_f32_to_f16",2045,1119386315373186,1119386315375671,0,0,8,0,128,256,1,1,172032,1,1
"KERNEL_DISPATCH","Agent 2",1,0,1069504,2046,18,"gemm_qkvza_hfq4g256_wmma",2046,1119386315380539,1119386315824209,0,0,80,0,128,32,1,1,24704,6,1
"KERNEL_DISPATCH","Agent 2",1,0,1069504,2047,21,"fused_sigmoid_alpha_gate_f32",2047,1119386315843826,1119386315845429,0,0,16,0,128,256,1,1,256,84,1
"KERNEL_DISPATCH","Agent 2",1,0,1069504,2048,22,"conv1d_silu_split_f32",2048,1119386315859545,1119386315881466,0,0,24,0,128,256,1,1,8192,1,1
"KERNEL_DISPATCH","Agent 2",1,0,1069504,2049,23,"fused_qk_l2_norm_scale_f32",2049,1119386315901494,1119386315909829,0,0,16,0,128,32,1,1,512,84,1
"KERNEL_DISPATCH","Agent 2",1,0,1069504,2050,24,"repeat_interleave_qk_f32_batched",2050,1119386315925318,1119386315931730,0,0,8,0,128,256,1,1,4096,84,1
"KERNEL_DISPATCH","Agent 2",1,0,1069504,2051,25,"gated_delta_net_q8_fast",2051,1119386315947290,1119386316096529,2048,0,64,0,128,32,1,1,1024,32,1
"KERNEL_DISPATCH","Agent 2",1,0,1069504,2052,26,"gated_norm_f32",2052,1119386316116296,1119386316125473,0,0,24,0,128,32,1,1,1024,84,1
"KERNEL_DISPATCH","Agent 2",1,0,1069504,2053,27,"mq_rotate_x",2053,1119386316140731,1119386316144458,0,0,32,0,128,32,1,1,512,84,1
"KERNEL_DISPATCH","Agent 2",1,0,1069504,2054,20,"convert_f32_to_f16",2054,1119386316162011,1119386316165738,0,0,8,0,128,256,1,1,344064,1,1
"KERNEL_DISPATCH","Agent 2",1,0,1069504,2055,29,"gemm_hfq4g256_residual_wmma_k2x32",2055,1119386316171197,1119386316298596,0,0,64,0,128,32,1,1,2048,6,1
"KERNEL_DISPATCH","Agent 2",1,0,1069504,2056,30,"rmsnorm_f32",2056,1119386316316821,1119386316322471,0,0,16,0,128,256,1,1,21504,1,1
"KERNEL_DISPATCH","Agent 2",1,0,1069504,2057,27,"mq_rotate_x",2057,1119386316336207,1119386316338531,0,0,32,0,128,32,1,1,256,84,1
"KERNEL_DISPATCH","Agent 2",1,0,1069504,2058,31,"gemm_hfq4g256",2058,1119386316357246,1119386316395478,0,0,32,0,128,32,1,1,8192,11,1
"KERNEL_DISPATCH","Agent 2",1,0,1069504,2059,31,"gemm_hfq4g256",2059,1119386316418481,1119386316432908,0,0,32,0,128,32,1,1,32,11,1
"KERNEL_DISPATCH","Agent 2",1,0,1069504,2060,20,"convert_f32_to_f16",2060,1119386316447084,1119386316449288,0,0,8,0,128,256,1,1,172032,1,1
"KERNEL_DISPATCH","Agent 2",1,0,1069504,2061,32,"gemm_gate_up_hfq4g256_wmma_ldscoop_nosync",2061,1119386316455039,1119386316487139,0,0,64,0,128,32,1,1,2048,6,1
"KERNEL_DISPATCH","Agent 2",1,0,1069504,2062,33,"softmax_f32",2062,1119386316498802,1119386316501406,0,0,16,0,128,256,1,1,21504,1,1
"KERNEL_DISPATCH","Agent 2",1,0,1069504,2063,34,"moe_topk_renorm_k8_batched",2063,1119386316506896,1119386316513268,10752,0,40,0,128,256,1,1,21504,1,1
"KERNEL_DISPATCH","Agent 2",1,0,1069504,2064,35,"fused_silu_mul_mq_rotate",2064,1119386316528336,1119386316531021,0,0,88,0,128,32,1,1,64,84,1
"KERNEL_DISPATCH","Agent 2",1,0,1069504,2065,36,"gemv_hfq4g256_residual_sigmoid_scaled_gpu_batched",2065,1119386316546119,1119386316658529,0,0,72,0,128,32,1,1,65536,84,1
"KERNEL_DISPATCH","Agent 2",1,0,1069504,2066,40,"moe_scatter_fused_k8",2066,1119386316676232,1119386316684648,0,0,24,0,128,256,1,1,256,1,1
"KERNEL_DISPATCH","Agent 2",1,0,1069504,2067,45,"quantize_q8_1_mmq_ds4",2067,1119386316697863,1119386316700388,0,0,24,0,128,256,1,1,512,84,1
"KERNEL_DISPATCH","Agent 2",1,0,1069504,2068,41,"gemm_hfq4g256_moe_grouped_mmq_gfx1151",2068,1119386316705177,1119386317748568,0,0,128,0,128,32,1,1,2048,282,1
"KERNEL_DISPATCH","Agent 2",1,0,1069504,2069,46,"moe_gate_up_unscatter_k8",2069,1119386317772592,1119386317799202,0,0,8,0,128,256,1,1,512,4512,1
"KERNEL_DISPATCH","Agent 2",1,0,1069504,2070,35,"fused_silu_mul_mq_rotate",2070,1119386317818529,1119386317824580,0,0,88,0,128,32,1,1,64,672,1
"KERNEL_DISPATCH","Agent 2",1,0,1069504,2071,45,"quantize_q8_1_mmq_ds4",2071,1119386317837303,1119386317840309,0,0,24,0,128,256,1,1,256,672,1
"KERNEL_DISPATCH","Agent 2",1,0,1069504,2072,41,"gemm_hfq4g256_moe_grouped_mmq_gfx1151",2072,1119386317845419,1119386318441213,0,0,128,0,128,32,1,1,4096,282,1
"KERNEL_DISPATCH","Agent 2",1,0,1069504,2073,47,"moe_down_combine_grouped_k8",2073,1119386318464236,1119386318496817,0,0,8,0,128,256,1,1,2048,84,1
"KERNEL_DISPATCH","Agent 2",1,0,1069504,2074,17,"fused_rmsnorm_mq_rotate",2074,1119386318516343,1119386318522755,0,0,40,0,128,256,1,1,21504,1,1
"KERNEL_DISPATCH","Agent 2",1,0,1069504,2075,20,"convert_f32_to_f16",2075,1119386318538805,1119386318541370,0,0,8,0,128,256,1,1,172032,1,1
"KERNEL_DISPATCH","Agent 2",1,0,1069504,2076,48,"gemm_qkv_hfq4g256_wmma",2076,1119386318546670,1119386318811726,0,0,80,0,128,32,1,1,18432,6,1
"KERNEL_DISPATCH","Agent 2",1,0,1069504,2077,49,"deinterleave_f32_batched",2077,1119386318831452,1119386318838305,0,0,8,0,128,256,1,1,4096,84,1
"KERNEL_DISPATCH","Agent 2",1,0,1069504,2078,30,"rmsnorm_f32",2078,1119386318853193,1119386318863813,0,0,16,0,128,256,1,1,344064,1,1
"KERNEL_DISPATCH","Agent 2",1,0,1069504,2079,30,"rmsnorm_f32",2079,1119386318878280,1119386318881125,0,0,16,0,128,256,1,1,43008,1,1
"KERNEL_DISPATCH","Agent 2",1,0,1069504,2080,50,"rope_partial_halfsplit_batched_f32",2080,1119386318895763,1119386318900892,0,0,24,0,128,32,1,1,32,84,1
"KERNEL_DISPATCH","Agent 2",1,0,1069504,2081,51,"kv_cache_write_q8_0_batched",2081,1119386318914989,1119386318917313,0,0,8,0,128,32,1,1,512,84,1
"KERNEL_DISPATCH","Agent 2",1,0,1069504,2082,51,"kv_cache_write_q8_0_batched",2082,1119386318919868,1119386318921631,0,0,8,0,128,32,1,1,512,84,1
"KERNEL_DISPATCH","Agent 2",1,0,1069504,2083,52,"attention_q8_0_kv_batched",2083,1119386318926811,1119386318991211,0,0,32,0,128,256,1,1,4096,84,1
"KERNEL_DISPATCH","Agent 2",1,0,1069504,2084,53,"sigmoid_mul_f32",2084,1119386319012501,1119386319045924,0,0,16,0,128,256,1,1,1048576,1,1
"KERNEL_DISPATCH","Agent 2",1,0,1069504,2085,27,"mq_rotate_x",2085,1119386319067153,1119386319070680,0,0,32,0,128,32,1,1,512,84,1
"KERNEL_DISPATCH","Agent 2",1,0,1069504,2086,20,"convert_f32_to_f16",2086,1119386319086089,1119386319089735,0,0,8,0,128,256,1,1,344064,1,1
"KERNEL_DISPATCH","Agent 2",1,0,1069504,2087,29,"gemm_hfq4g256_residual_wmma_k2x32",2087,1119386319095076,1119386319222113,0,0,64,0,128,32,1,1,2048,6,1
"KERNEL_DISPATCH","Agent 2",1,0,1069504,2088,30,"rmsnorm_f32",2088,1119386319239746,1119386319245116,0,0,16,0,128,256,1,1,21504,1,1
"KERNEL_DISPATCH","Agent 2",1,0,1069504,2089,27,"mq_rotate_x",2089,1119386319258972,1119386319260976,0,0,32,0,128,32,1,1,256,84,1
"KERNEL_DISPATCH","Agent 2",1,0,1069504,2090,31,"gemm_hfq4g256",2090,1119386319278398,1119386319315868,0,0,32,0,128,32,1,1,8192,11,1
"KERNEL_DISPATCH","Agent 2",1,0,1069504,2091,31,"gemm_hfq4g256",2091,1119386319334944,1119386319348970,0,0,32,0,128,32,1,1,32,11,1
"KERNEL_DISPATCH","Agent 2",1,0,1069504,2092,20,"convert_f32_to_f16",2092,1119386319371212,1119386319373376,0,0,8,0,128,256,1,1,172032,1,1
"KERNEL_DISPATCH","Agent 2",1,0,1069504,2093,32,"gemm_gate_up_hfq4g256_wmma_ldscoop_nosync",2093,1119386319378636,1119386319410415,0,0,64,0,128,32,1,1,2048,6,1
"KERNEL_DISPATCH","Agent 2",1,0,1069504,2094,33,"softmax_f32",2094,1119386319425593,1119386319428158,0,0,16,0,128,256,1,1,21504,1,1
"KERNEL_DISPATCH","Agent 2",1,0,1069504,2095,34,"moe_topk_renorm_k8_batched",2095,1119386319433689,1119386319440061,10752,0,40,0,128,256,1,1,21504,1,1
"KERNEL_DISPATCH","Agent 2",1,0,1069504,2096,35,"fused_silu_mul_mq_rotate",2096,1119386319453305,1119386319455349,0,0,88,0,128,32,1,1,64,84,1
"KERNEL_DISPATCH","Agent 2",1,0,1069504,2097,36,"gemv_hfq4g256_residual_sigmoid_scaled_gpu_batched",2097,1119386319468925,1119386319579251,0,0,72,0,128,32,1,1,65536,84,1
"KERNEL_DISPATCH","Agent 2",1,0,1069504,2098,40,"moe_scatter_fused_k8",2098,1119386319597435,1119386319605650,0,0,24,0,128,256,1,1,256,1,1
"KERNEL_DISPATCH","Agent 2",1,0,1069504,2099,45,"quantize_q8_1_mmq_ds4",2099,1119386319617342,1119386319620067,0,0,24,0,128,256,1,1,512,84,1
"KERNEL_DISPATCH","Agent 2",1,0,1069504,2100,41,"gemm_hfq4g256_moe_grouped_mmq_gfx1151",2100,1119386319625016,1119386320413771,0,0,128,0,128,32,1,1,2048,282,1
"KERNEL_DISPATCH","Agent 2",1,0,1069504,2101,46,"moe_gate_up_unscatter_k8",2101,1119386320439058,1119386320466109,0,0,8,0,128,256,1,1,512,4512,1
"KERNEL_DISPATCH","Agent 2",1,0,1069504,2102,35,"fused_silu_mul_mq_rotate",2102,1119386320485344,1119386320491316,0,0,88,0,128,32,1,1,64,672,1
"KERNEL_DISPATCH","Agent 2",1,0,1069504,2103,45,"quantize_q8_1_mmq_ds4",2103,1119386320503899,1119386320506865,0,0,24,0,128,256,1,1,256,672,1
"KERNEL_DISPATCH","Agent 2",1,0,1069504,2104,41,"gemm_hfq4g256_moe_grouped_mmq_gfx1151",2104,1119386320511865,1119386320968679,0,0,128,0,128,32,1,1,4096,282,1
"KERNEL_DISPATCH","Agent 2",1,0,1069504,2105,47,"moe_down_combine_grouped_k8",2105,1119386320986622,1119386321014835,0,0,8,0,128,256,1,1,2048,84,1
"KERNEL_DISPATCH","Agent 2",1,0,1069504,2106,17,"fused_rmsnorm_mq_rotate",2106,1119386321033971,1119386321040383,0,0,40,0,128,256,1,1,21504,1,1
"KERNEL_DISPATCH","Agent 2",1,0,1069504,2107,20,"convert_f32_to_f16",2107,1119386321055662,1119386321058266,0,0,8,0,128,256,1,1,172032,1,1
"KERNEL_DISPATCH","Agent 2",1,0,1069504,2108,18,"gemm_qkvza_hfq4g256_wmma",2108,1119386321063306,1119386321502447,0,0,80,0,128,32,1,1,24704,6,1
"KERNEL_DISPATCH","Agent 2",1,0,1069504,2109,21,"fused_sigmoid_alpha_gate_f32",2109,1119386321521583,1119386321523106,0,0,16,0,128,256,1,1,256,84,1
"KERNEL_DISPATCH","Agent 2",1,0,1069504,2110,22,"conv1d_silu_split_f32",2110,1119386321537914,1119386321558833,0,0,24,0,128,256,1,1,8192,1,1
"KERNEL_DISPATCH","Agent 2",1,0,1069504,2111,23,"fused_qk_l2_norm_scale_f32",2111,1119386321578489,1119386321586584,0,0,16,0,128,32,1,1,512,84,1
"KERNEL_DISPATCH","Agent 2",1,0,1069504,2112,24,"repeat_interleave_qk_f32_batched",2112,1119386321600229,1119386321606281,0,0,8,0,128,256,1,1,4096,84,1
"KERNEL_DISPATCH","Agent 2",1,0,1069504,2113,25,"gated_delta_net_q8_fast",2113,1119386321621389,1119386321764617,2048,0,64,0,128,32,1,1,1024,32,1
"KERNEL_DISPATCH","Agent 2",1,0,1069504,2114,26,"gated_norm_f32",2114,1119386321783513,1119386321792129,0,0,24,0,128,32,1,1,1024,84,1
"KERNEL_DISPATCH","Agent 2",1,0,1069504,2115,27,"mq_rotate_x",2115,1119386321807267,1119386321810794,0,0,32,0,128,32,1,1,512,84,1
"KERNEL_DISPATCH","Agent 2",1,0,1069504,2116,20,"convert_f32_to_f16",2116,1119386321827385,1119386321831112,0,0,8,0,128,256,1,1,344064,1,1
"KERNEL_DISPATCH","Agent 2",1,0,1069504,2117,29,"gemm_hfq4g256_residual_wmma_k2x32",2117,1119386321836142,1119386321964261,0,0,64,0,128,32,1,1,2048,6,1
"KERNEL_DISPATCH","Agent 2",1,0,1069504,2118,30,"rmsnorm_f32",2118,1119386321982715,1119386321988125,0,0,16,0,128,256,1,1,21504,1,1
"KERNEL_DISPATCH","Agent 2",1,0,1069504,2119,27,"mq_rotate_x",2119,1119386322002493,1119386322004536,0,0,32,0,128,32,1,1,256,84,1
"KERNEL_DISPATCH","Agent 2",1,0,1069504,2120,31,"gemm_hfq4g256",2120,1119386322025686,1119386322063316,0,0,32,0,128,32,1,1,8192,11,1
"KERNEL_DISPATCH","Agent 2",1,0,1069504,2121,31,"gemm_hfq4g256",2121,1119386322083013,1119386322096999,0,0,32,0,128,32,1,1,32,11,1
"KERNEL_DISPATCH","Agent 2",1,0,1069504,2122,20,"convert_f32_to_f16",2122,1119386322111616,1119386322113941,0,0,8,0,128,256,1,1,172032,1,1
"KERNEL_DISPATCH","Agent 2",1,0,1069504,2123,32,"gemm_gate_up_hfq4g256_wmma_ldscoop_nosync",2123,1119386322118860,1119386322150960,0,0,64,0,128,32,1,1,2048,6,1
"KERNEL_DISPATCH","Agent 2",1,0,1069504,2124,33,"softmax_f32",2124,1119386322165597,1119386322168162,0,0,16,0,128,256,1,1,21504,1,1
"KERNEL_DISPATCH","Agent 2",1,0,1069504,2125,34,"moe_topk_renorm_k8_batched",2125,1119386322173231,1119386322179563,10752,0,40,0,128,256,1,1,21504,1,1
"KERNEL_DISPATCH","Agent 2",1,0,1069504,2126,35,"fused_silu_mul_mq_rotate",2126,1119386322194490,1119386322196655,0,0,88,0,128,32,1,1,64,84,1
"KERNEL_DISPATCH","Agent 2",1,0,1069504,2127,36,"gemv_hfq4g256_residual_sigmoid_scaled_gpu_batched",2127,1119386322211403,1119386322322250,0,0,72,0,128,32,1,1,65536,84,1
"KERNEL_DISPATCH","Agent 2",1,0,1069504,2128,40,"moe_scatter_fused_k8",2128,1119386322340134,1119386322348509,0,0,24,0,128,256,1,1,256,1,1
"KERNEL_DISPATCH","Agent 2",1,0,1069504,2129,45,"quantize_q8_1_mmq_ds4",2129,1119386322360432,1119386322362676,0,0,24,0,128,256,1,1,512,84,1
"KERNEL_DISPATCH","Agent 2",1,0,1069504,2130,41,"gemm_hfq4g256_moe_grouped_mmq_gfx1151",2130,1119386322367484,1119386322865295,0,0,128,0,128,32,1,1,2048,282,1
"KERNEL_DISPATCH","Agent 2",1,0,1069504,2131,46,"moe_gate_up_unscatter_k8",2131,1119386322883089,1119386322908176,0,0,8,0,128,256,1,1,512,4512,1
"KERNEL_DISPATCH","Agent 2",1,0,1069504,2132,35,"fused_silu_mul_mq_rotate",2132,1119386322927232,1119386322933002,0,0,88,0,128,32,1,1,64,672,1
"KERNEL_DISPATCH","Agent 2",1,0,1069504,2133,45,"quantize_q8_1_mmq_ds4",2133,1119386322945465,1119386322948511,0,0,24,0,128,256,1,1,256,672,1
"KERNEL_DISPATCH","Agent 2",1,0,1069504,2134,41,"gemm_hfq4g256_moe_grouped_mmq_gfx1151",2134,1119386322953269,1119386323234155,0,0,128,0,128,32,1,1,4096,282,1
"KERNEL_DISPATCH","Agent 2",1,0,1069504,2135,47,"moe_down_combine_grouped_k8",2135,1119386323252208,1119386323274931,0,0,8,0,128,256,1,1,2048,84,1
"KERNEL_DISPATCH","Agent 2",1,0,1069504,2136,17,"fused_rmsnorm_mq_rotate",2136,1119386323295289,1119386323301782,0,0,40,0,128,256,1,1,21504,1,1
"KERNEL_DISPATCH","Agent 2",1,0,1069504,2137,20,"convert_f32_to_f16",2137,1119386323316218,1119386323318783,0,0,8,0,128,256,1,1,172032,1,1
"KERNEL_DISPATCH","Agent 2",1,0,1069504,2138,18,"gemm_qkvza_hfq4g256_wmma",2138,1119386323324023,1119386323769737,0,0,80,0,128,32,1,1,24704,6,1
"KERNEL_DISPATCH","Agent 2",1,0,1069504,2139,21,"fused_sigmoid_alpha_gate_f32",2139,1119386323798469,1119386323799992,0,0,16,0,128,256,1,1,256,84,1
"KERNEL_DISPATCH","Agent 2",1,0,1069504,2140,22,"conv1d_silu_split_f32",2140,1119386323814489,1119386323835008,0,0,24,0,128,256,1,1,8192,1,1
"KERNEL_DISPATCH","Agent 2",1,0,1069504,2141,23,"fused_qk_l2_norm_scale_f32",2141,1119386323854514,1119386323862650,0,0,16,0,128,32,1,1,512,84,1
"KERNEL_DISPATCH","Agent 2",1,0,1069504,2142,24,"repeat_interleave_qk_f32_batched",2142,1119386323877979,1119386323884151,0,0,8,0,128,256,1,1,4096,84,1
"KERNEL_DISPATCH","Agent 2",1,0,1069504,2143,25,"gated_delta_net_q8_fast",2143,1119386323899037,1119386324043227,2048,0,64,0,128,32,1,1,1024,32,1
"KERNEL_DISPATCH","Agent 2",1,0,1069504,2144,26,"gated_norm_f32",2144,1119386324060791,1119386324069848,0,0,24,0,128,32,1,1,1024,84,1
"KERNEL_DISPATCH","Agent 2",1,0,1069504,2145,27,"mq_rotate_x",2145,1119386324084715,1119386324088201,0,0,32,0,128,32,1,1,512,84,1
"KERNEL_DISPATCH","Agent 2",1,0,1069504,2146,20,"convert_f32_to_f16",2146,1119386324105193,1119386324108840,0,0,8,0,128,256,1,1,344064,1,1
"KERNEL_DISPATCH","Agent 2",1,0,1069504,2147,29,"gemm_hfq4g256_residual_wmma_k2x32",2147,1119386324114290,1119386324242971,0,0,64,0,128,32,1,1,2048,6,1
"KERNEL_DISPATCH","Agent 2",1,0,1069504,2148,30,"rmsnorm_f32",2148,1119386324284448,1119386324290099,0,0,16,0,128,256,1,1,21504,1,1
"KERNEL_DISPATCH","Agent 2",1,0,1069504,2149,27,"mq_rotate_x",2149,1119386324304506,1119386324306469,0,0,32,0,128,32,1,1,256,84,1
"KERNEL_DISPATCH","Agent 2",1,0,1069504,2150,31,"gemm_hfq4g256",2150,1119386324323021,1119386324360331,0,0,32,0,128,32,1,1,8192,11,1
"KERNEL_DISPATCH","Agent 2",1,0,1069504,2151,31,"gemm_hfq4g256",2151,1119386324379006,1119386324392992,0,0,32,0,128,32,1,1,32,11,1
"KERNEL_DISPATCH","Agent 2",1,0,1069504,2152,20,"convert_f32_to_f16",2152,1119386324415373,1119386324417578,0,0,8,0,128,256,1,1,172032,1,1
"KERNEL_DISPATCH","Agent 2",1,0,1069504,2153,32,"gemm_gate_up_hfq4g256_wmma_ldscoop_nosync",2153,1119386324422788,1119386324454968,0,0,64,0,128,32,1,1,2048,6,1
"KERNEL_DISPATCH","Agent 2",1,0,1069504,2154,33,"softmax_f32",2154,1119386324469905,1119386324472710,0,0,16,0,128,256,1,1,21504,1,1
"KERNEL_DISPATCH","Agent 2",1,0,1069504,2155,34,"moe_topk_renorm_k8_batched",2155,1119386324477760,1119386324484091,10752,0,40,0,128,256,1,1,21504,1,1
"KERNEL_DISPATCH","Agent 2",1,0,1069504,2156,35,"fused_silu_mul_mq_rotate",2156,1119386324497276,1119386324499320,0,0,88,0,128,32,1,1,64,84,1
"KERNEL_DISPATCH","Agent 2",1,0,1069504,2157,36,"gemv_hfq4g256_residual_sigmoid_scaled_gpu_batched",2157,1119386324513677,1119386324624524,0,0,72,0,128,32,1,1,65536,84,1
"KERNEL_DISPATCH","Agent 2",1,0,1069504,2158,40,"moe_scatter_fused_k8",2158,1119386324643710,1119386324651926,0,0,24,0,128,256,1,1,256,1,1
"KERNEL_DISPATCH","Agent 2",1,0,1069504,2159,45,"quantize_q8_1_mmq_ds4",2159,1119386324663898,1119386324666262,0,0,24,0,128,256,1,1,512,84,1
"KERNEL_DISPATCH","Agent 2",1,0,1069504,2160,41,"gemm_hfq4g256_moe_grouped_mmq_gfx1151",2160,1119386324671632,1119386325146360,0,0,128,0,128,32,1,1,2048,282,1
"KERNEL_DISPATCH","Agent 2",1,0,1069504,2161,46,"moe_gate_up_unscatter_k8",2161,1119386325164816,1119386325192427,0,0,8,0,128,256,1,1,512,4512,1
"KERNEL_DISPATCH","Agent 2",1,0,1069504,2162,35,"fused_silu_mul_mq_rotate",2162,1119386325211322,1119386325217173,0,0,88,0,128,32,1,1,64,672,1
"KERNEL_DISPATCH","Agent 2",1,0,1069504,2163,45,"quantize_q8_1_mmq_ds4",2163,1119386325230016,1119386325232942,0,0,24,0,128,256,1,1,256,672,1
"KERNEL_DISPATCH","Agent 2",1,0,1069504,2164,41,"gemm_hfq4g256_moe_grouped_mmq_gfx1151",2164,1119386325237842,1119386325492558,0,0,128,0,128,32,1,1,4096,282,1
"KERNEL_DISPATCH","Agent 2",1,0,1069504,2165,47,"moe_down_combine_grouped_k8",2165,1119386325510501,1119386325533504,0,0,8,0,128,256,1,1,2048,84,1
"KERNEL_DISPATCH","Agent 2",1,0,1069504,2166,17,"fused_rmsnorm_mq_rotate",2166,1119386325552309,1119386325558761,0,0,40,0,128,256,1,1,21504,1,1
"KERNEL_DISPATCH","Agent 2",1,0,1069504,2167,20,"convert_f32_to_f16",2167,1119386325573438,1119386325576043,0,0,8,0,128,256,1,1,172032,1,1
"KERNEL_DISPATCH","Agent 2",1,0,1069504,2168,18,"gemm_qkvza_hfq4g256_wmma",2168,1119386325581074,1119386326020896,0,0,80,0,128,32,1,1,24704,6,1
"KERNEL_DISPATCH","Agent 2",1,0,1069504,2169,21,"fused_sigmoid_alpha_gate_f32",2169,1119386326038588,1119386326040151,0,0,16,0,128,256,1,1,256,84,1
"KERNEL_DISPATCH","Agent 2",1,0,1069504,2170,22,"conv1d_silu_split_f32",2170,1119386326054939,1119386326076018,0,0,24,0,128,256,1,1,8192,1,1
"KERNEL_DISPATCH","Agent 2",1,0,1069504,2171,23,"fused_qk_l2_norm_scale_f32",2171,1119386326097178,1119386326105153,0,0,16,0,128,32,1,1,512,84,1
"KERNEL_DISPATCH","Agent 2",1,0,1069504,2172,24,"repeat_interleave_qk_f32_batched",2172,1119386326120191,1119386326126202,0,0,8,0,128,256,1,1,4096,84,1
"KERNEL_DISPATCH","Agent 2",1,0,1069504,2173,25,"gated_delta_net_q8_fast",2173,1119386326141151,1119386326285501,2048,0,64,0,128,32,1,1,1024,32,1
"KERNEL_DISPATCH","Agent 2",1,0,1069504,2174,26,"gated_norm_f32",2174,1119386326304637,1119386326313333,0,0,24,0,128,32,1,1,1024,84,1
"KERNEL_DISPATCH","Agent 2",1,0,1069504,2175,27,"mq_rotate_x",2175,1119386326326276,1119386326329683,0,0,32,0,128,32,1,1,512,84,1
"KERNEL_DISPATCH","Agent 2",1,0,1069504,2176,20,"convert_f32_to_f16",2176,1119386326347626,1119386326351313,0,0,8,0,128,256,1,1,344064,1,1
"KERNEL_DISPATCH","Agent 2",1,0,1069504,2177,29,"gemm_hfq4g256_residual_wmma_k2x32",2177,1119386326356373,1119386326484733,0,0,64,0,128,32,1,1,2048,6,1
"KERNEL_DISPATCH","Agent 2",1,0,1069504,2178,30,"rmsnorm_f32",2178,1119386326502716,1119386326508287,0,0,16,0,128,256,1,1,21504,1,1
"KERNEL_DISPATCH","Agent 2",1,0,1069504,2179,27,"mq_rotate_x",2179,1119386326521492,1119386326523456,0,0,32,0,128,32,1,1,256,84,1
"KERNEL_DISPATCH","Agent 2",1,0,1069504,2180,31,"gemm_hfq4g256",2180,1119386326541268,1119386326578859,0,0,32,0,128,32,1,1,8192,11,1
"KERNEL_DISPATCH","Agent 2",1,0,1069504,2181,31,"gemm_hfq4g256",2181,1119386326597874,1119386326611740,0,0,32,0,128,32,1,1,32,11,1
"KERNEL_DISPATCH","Agent 2",1,0,1069504,2182,20,"convert_f32_to_f16",2182,1119386326634142,1119386326636306,0,0,8,0,128,256,1,1,172032,1,1
"KERNEL_DISPATCH","Agent 2",1,0,1069504,2183,32,"gemm_gate_up_hfq4g256_wmma_ldscoop_nosync",2183,1119386326641065,1119386326673406,0,0,64,0,128,32,1,1,2048,6,1
"KERNEL_DISPATCH","Agent 2",1,0,1069504,2184,33,"softmax_f32",2184,1119386326688524,1119386326691048,0,0,16,0,128,256,1,1,21504,1,1
"KERNEL_DISPATCH","Agent 2",1,0,1069504,2185,34,"moe_topk_renorm_k8_batched",2185,1119386326695858,1119386326702230,10752,0,40,0,128,256,1,1,21504,1,1
"KERNEL_DISPATCH","Agent 2",1,0,1069504,2186,35,"fused_silu_mul_mq_rotate",2186,1119386326715574,1119386326717418,0,0,88,0,128,32,1,1,64,84,1
"KERNEL_DISPATCH","Agent 2",1,0,1069504,2187,36,"gemv_hfq4g256_residual_sigmoid_scaled_gpu_batched",2187,1119386326731796,1119386326842242,0,0,72,0,128,32,1,1,65536,84,1
"KERNEL_DISPATCH","Agent 2",1,0,1069504,2188,40,"moe_scatter_fused_k8",2188,1119386326860375,1119386326868831,0,0,24,0,128,256,1,1,256,1,1
"KERNEL_DISPATCH","Agent 2",1,0,1069504,2189,45,"quantize_q8_1_mmq_ds4",2189,1119386326880013,1119386326882337,0,0,24,0,128,256,1,1,512,84,1
"KERNEL_DISPATCH","Agent 2",1,0,1069504,2190,41,"gemm_hfq4g256_moe_grouped_mmq_gfx1151",2190,1119386326887225,1119386327363395,0,0,128,0,128,32,1,1,2048,282,1
"KERNEL_DISPATCH","Agent 2",1,0,1069504,2191,46,"moe_gate_up_unscatter_k8",2191,1119386327381529,1119386327406536,0,0,8,0,128,256,1,1,512,4512,1
"KERNEL_DISPATCH","Agent 2",1,0,1069504,2192,35,"fused_silu_mul_mq_rotate",2192,1119386327425401,1119386327431252,0,0,88,0,128,32,1,1,64,672,1
"KERNEL_DISPATCH","Agent 2",1,0,1069504,2193,45,"quantize_q8_1_mmq_ds4",2193,1119386327442473,1119386327445559,0,0,24,0,128,256,1,1,256,672,1
"KERNEL_DISPATCH","Agent 2",1,0,1069504,2194,41,"gemm_hfq4g256_moe_grouped_mmq_gfx1151",2194,1119386327450408,1119386327728047,0,0,128,0,128,32,1,1,4096,282,1
"KERNEL_DISPATCH","Agent 2",1,0,1069504,2195,47,"moe_down_combine_grouped_k8",2195,1119386327745992,1119386327769997,0,0,8,0,128,256,1,1,2048,84,1
"KERNEL_DISPATCH","Agent 2",1,0,1069504,2196,17,"fused_rmsnorm_mq_rotate",2196,1119386327788951,1119386327795443,0,0,40,0,128,256,1,1,21504,1,1
"KERNEL_DISPATCH","Agent 2",1,0,1069504,2197,20,"convert_f32_to_f16",2197,1119386327810303,1119386327812787,0,0,8,0,128,256,1,1,172032,1,1
"KERNEL_DISPATCH","Agent 2",1,0,1069504,2198,48,"gemm_qkv_hfq4g256_wmma",2198,1119386327817905,1119386328091738,0,0,80,0,128,32,1,1,18432,6,1
"KERNEL_DISPATCH","Agent 2",1,0,1069504,2199,49,"deinterleave_f32_batched",2199,1119386328109521,1119386328115732,0,0,8,0,128,256,1,1,4096,84,1
"KERNEL_DISPATCH","Agent 2",1,0,1069504,2200,30,"rmsnorm_f32",2200,1119386328130431,1119386328141131,0,0,16,0,128,256,1,1,344064,1,1
"KERNEL_DISPATCH","Agent 2",1,0,1069504,2201,30,"rmsnorm_f32",2201,1119386328154795,1119386328157520,0,0,16,0,128,256,1,1,43008,1,1
"KERNEL_DISPATCH","Agent 2",1,0,1069504,2202,50,"rope_partial_halfsplit_batched_f32",2202,1119386328171658,1119386328176627,0,0,24,0,128,32,1,1,32,84,1
"KERNEL_DISPATCH","Agent 2",1,0,1069504,2203,51,"kv_cache_write_q8_0_batched",2203,1119386328189510,1119386328191875,0,0,8,0,128,32,1,1,512,84,1
"KERNEL_DISPATCH","Agent 2",1,0,1069504,2204,51,"kv_cache_write_q8_0_batched",2204,1119386328194359,1119386328196083,0,0,8,0,128,32,1,1,512,84,1
"KERNEL_DISPATCH","Agent 2",1,0,1069504,2205,52,"attention_q8_0_kv_batched",2205,1119386328201052,1119386328265653,0,0,32,0,128,256,1,1,4096,84,1
"KERNEL_DISPATCH","Agent 2",1,0,1069504,2206,53,"sigmoid_mul_f32",2206,1119386328284438,1119386328319504,0,0,16,0,128,256,1,1,1048576,1,1
"KERNEL_DISPATCH","Agent 2",1,0,1069504,2207,27,"mq_rotate_x",2207,1119386328339793,1119386328343279,0,0,32,0,128,32,1,1,512,84,1
"KERNEL_DISPATCH","Agent 2",1,0,1069504,2208,20,"convert_f32_to_f16",2208,1119386328360630,1119386328364197,0,0,8,0,128,256,1,1,344064,1,1
"KERNEL_DISPATCH","Agent 2",1,0,1069504,2209,29,"gemm_hfq4g256_residual_wmma_k2x32",2209,1119386328369206,1119386328498608,0,0,64,0,128,32,1,1,2048,6,1
"KERNEL_DISPATCH","Agent 2",1,0,1069504,2210,30,"rmsnorm_f32",2210,1119386328517604,1119386328522814,0,0,16,0,128,256,1,1,21504,1,1
"KERNEL_DISPATCH","Agent 2",1,0,1069504,2211,27,"mq_rotate_x",2211,1119386328536389,1119386328538353,0,0,32,0,128,32,1,1,256,84,1
"KERNEL_DISPATCH","Agent 2",1,0,1069504,2212,31,"gemm_hfq4g256",2212,1119386328556346,1119386328593776,0,0,32,0,128,32,1,1,8192,11,1
"KERNEL_DISPATCH","Agent 2",1,0,1069504,2213,31,"gemm_hfq4g256",2213,1119386328612522,1119386328626348,0,0,32,0,128,32,1,1,32,11,1
"KERNEL_DISPATCH","Agent 2",1,0,1069504,2214,20,"convert_f32_to_f16",2214,1119386328640825,1119386328642989,0,0,8,0,128,256,1,1,172032,1,1
"KERNEL_DISPATCH","Agent 2",1,0,1069504,2215,32,"gemm_gate_up_hfq4g256_wmma_ldscoop_nosync",2215,1119386328647937,1119386328680198,0,0,64,0,128,32,1,1,2048,6,1
"KERNEL_DISPATCH","Agent 2",1,0,1069504,2216,33,"softmax_f32",2216,1119386328695236,1119386328697801,0,0,16,0,128,256,1,1,21504,1,1
"KERNEL_DISPATCH","Agent 2",1,0,1069504,2217,34,"moe_topk_renorm_k8_batched",2217,1119386328702850,1119386328709182,10752,0,40,0,128,256,1,1,21504,1,1
"KERNEL_DISPATCH","Agent 2",1,0,1069504,2218,35,"fused_silu_mul_mq_rotate",2218,1119386328723619,1119386328725663,0,0,88,0,128,32,1,1,64,84,1
"KERNEL_DISPATCH","Agent 2",1,0,1069504,2219,36,"gemv_hfq4g256_residual_sigmoid_scaled_gpu_batched",2219,1119386328739941,1119386328850507,0,0,72,0,128,32,1,1,65536,84,1
"KERNEL_DISPATCH","Agent 2",1,0,1069504,2220,40,"moe_scatter_fused_k8",2220,1119386328870283,1119386328878739,0,0,24,0,128,256,1,1,256,1,1
"KERNEL_DISPATCH","Agent 2",1,0,1069504,2221,45,"quantize_q8_1_mmq_ds4",2221,1119386328890761,1119386328892926,0,0,24,0,128,256,1,1,512,84,1
"KERNEL_DISPATCH","Agent 2",1,0,1069504,2222,41,"gemm_hfq4g256_moe_grouped_mmq_gfx1151",2222,1119386328897935,1119386329325655,0,0,128,0,128,32,1,1,2048,282,1
"KERNEL_DISPATCH","Agent 2",1,0,1069504,2223,46,"moe_gate_up_unscatter_k8",2223,1119386329343439,1119386329368125,0,0,8,0,128,256,1,1,512,4512,1
"KERNEL_DISPATCH","Agent 2",1,0,1069504,2224,35,"fused_silu_mul_mq_rotate",2224,1119386329386720,1119386329392611,0,0,88,0,128,32,1,1,64,672,1
"KERNEL_DISPATCH","Agent 2",1,0,1069504,2225,45,"quantize_q8_1_mmq_ds4",2225,1119386329405254,1119386329408299,0,0,24,0,128,256,1,1,256,672,1
"KERNEL_DISPATCH","Agent 2",1,0,1069504,2226,41,"gemm_hfq4g256_moe_grouped_mmq_gfx1151",2226,1119386329413048,1119386329658748,0,0,128,0,128,32,1,1,4096,282,1
"KERNEL_DISPATCH","Agent 2",1,0,1069504,2227,47,"moe_down_combine_grouped_k8",2227,1119386329676672,1119386329698032,0,0,8,0,128,256,1,1,2048,84,1
"KERNEL_DISPATCH","Agent 2",1,0,1069504,2228,17,"fused_rmsnorm_mq_rotate",2228,1119386329718380,1119386329724832,0,0,40,0,128,256,1,1,21504,1,1
"KERNEL_DISPATCH","Agent 2",1,0,1069504,2229,20,"convert_f32_to_f16",2229,1119386329739719,1119386329742204,0,0,8,0,128,256,1,1,172032,1,1
"KERNEL_DISPATCH","Agent 2",1,0,1069504,2230,18,"gemm_qkvza_hfq4g256_wmma",2230,1119386329747093,1119386330199218,0,0,80,0,128,32,1,1,24704,6,1
"KERNEL_DISPATCH","Agent 2",1,0,1069504,2231,21,"fused_sigmoid_alpha_gate_f32",2231,1119386330218915,1119386330220438,0,0,16,0,128,256,1,1,256,84,1
"KERNEL_DISPATCH","Agent 2",1,0,1069504,2232,22,"conv1d_silu_split_f32",2232,1119386330234646,1119386330256486,0,0,24,0,128,256,1,1,8192,1,1
"KERNEL_DISPATCH","Agent 2",1,0,1069504,2233,23,"fused_qk_l2_norm_scale_f32",2233,1119386330274520,1119386330282976,0,0,16,0,128,32,1,1,512,84,1
"KERNEL_DISPATCH","Agent 2",1,0,1069504,2234,24,"repeat_interleave_qk_f32_batched",2234,1119386330298094,1119386330304787,0,0,8,0,128,256,1,1,4096,84,1
"KERNEL_DISPATCH","Agent 2",1,0,1069504,2235,25,"gated_delta_net_q8_fast",2235,1119386330320606,1119386330464195,2048,0,64,0,128,32,1,1,1024,32,1
"KERNEL_DISPATCH","Agent 2",1,0,1069504,2236,26,"gated_norm_f32",2236,1119386330484152,1119386330492528,0,0,24,0,128,32,1,1,1024,84,1
"KERNEL_DISPATCH","Agent 2",1,0,1069504,2237,27,"mq_rotate_x",2237,1119386330507775,1119386330511141,0,0,32,0,128,32,1,1,512,84,1
"KERNEL_DISPATCH","Agent 2",1,0,1069504,2238,20,"convert_f32_to_f16",2238,1119386330528123,1119386330531810,0,0,8,0,128,256,1,1,344064,1,1
"KERNEL_DISPATCH","Agent 2",1,0,1069504,2239,29,"gemm_hfq4g256_residual_wmma_k2x32",2239,1119386330536971,1119386330665050,0,0,64,0,128,32,1,1,2048,6,1
"KERNEL_DISPATCH","Agent 2",1,0,1069504,2240,30,"rmsnorm_f32",2240,1119386330684216,1119386330689666,0,0,16,0,128,256,1,1,21504,1,1
"KERNEL_DISPATCH","Agent 2",1,0,1069504,2241,27,"mq_rotate_x",2241,1119386330703982,1119386330705906,0,0,32,0,128,32,1,1,256,84,1
"KERNEL_DISPATCH","Agent 2",1,0,1069504,2242,31,"gemm_hfq4g256",2242,1119386330724201,1119386330761791,0,0,32,0,128,32,1,1,8192,11,1
"KERNEL_DISPATCH","Agent 2",1,0,1069504,2243,31,"gemm_hfq4g256",2243,1119386330780826,1119386330794812,0,0,32,0,128,32,1,1,32,11,1
"KERNEL_DISPATCH","Agent 2",1,0,1069504,2244,20,"convert_f32_to_f16",2244,1119386330816964,1119386330819128,0,0,8,0,128,256,1,1,172032,1,1
"KERNEL_DISPATCH","Agent 2",1,0,1069504,2245,32,"gemm_gate_up_hfq4g256_wmma_ldscoop_nosync",2245,1119386330824228,1119386330856288,0,0,64,0,128,32,1,1,2048,6,1
"KERNEL_DISPATCH","Agent 2",1,0,1069504,2246,33,"softmax_f32",2246,1119386330871375,1119386330874341,0,0,16,0,128,256,1,1,21504,1,1
"KERNEL_DISPATCH","Agent 2",1,0,1069504,2247,34,"moe_topk_renorm_k8_batched",2247,1119386330879992,1119386330886364,10752,0,40,0,128,256,1,1,21504,1,1
"KERNEL_DISPATCH","Agent 2",1,0,1069504,2248,35,"fused_silu_mul_mq_rotate",2248,1119386330900990,1119386330903235,0,0,88,0,128,32,1,1,64,84,1
"KERNEL_DISPATCH","Agent 2",1,0,1069504,2249,36,"gemv_hfq4g256_residual_sigmoid_scaled_gpu_batched",2249,1119386330917672,1119386331027677,0,0,72,0,128,32,1,1,65536,84,1
"KERNEL_DISPATCH","Agent 2",1,0,1069504,2250,40,"moe_scatter_fused_k8",2250,1119386331047926,1119386331056182,0,0,24,0,128,256,1,1,256,1,1
"KERNEL_DISPATCH","Agent 2",1,0,1069504,2251,45,"quantize_q8_1_mmq_ds4",2251,1119386331067874,1119386331070198,0,0,24,0,128,256,1,1,512,84,1
"KERNEL_DISPATCH","Agent 2",1,0,1069504,2252,41,"gemm_hfq4g256_moe_grouped_mmq_gfx1151",2252,1119386331075237,1119386331586714,0,0,128,0,128,32,1,1,2048,282,1
"KERNEL_DISPATCH","Agent 2",1,0,1069504,2253,46,"moe_gate_up_unscatter_k8",2253,1119386331604798,1119386331628041,0,0,8,0,128,256,1,1,512,4512,1
"KERNEL_DISPATCH","Agent 2",1,0,1069504,2254,35,"fused_silu_mul_mq_rotate",2254,1119386331645833,1119386331651765,0,0,88,0,128,32,1,1,64,672,1
"KERNEL_DISPATCH","Agent 2",1,0,1069504,2255,45,"quantize_q8_1_mmq_ds4",2255,1119386331664177,1119386331667063,0,0,24,0,128,256,1,1,256,672,1
"KERNEL_DISPATCH","Agent 2",1,0,1069504,2256,41,"gemm_hfq4g256_moe_grouped_mmq_gfx1151",2256,1119386331672132,1119386331962035,0,0,128,0,128,32,1,1,4096,282,1
"KERNEL_DISPATCH","Agent 2",1,0,1069504,2257,47,"moe_down_combine_grouped_k8",2257,1119386331979818,1119386331998933,0,0,8,0,128,256,1,1,2048,84,1
"KERNEL_DISPATCH","Agent 2",1,0,1069504,2258,17,"fused_rmsnorm_mq_rotate",2258,1119386332013741,1119386332020273,0,0,40,0,128,256,1,1,21504,1,1
"KERNEL_DISPATCH","Agent 2",1,0,1069504,2259,20,"convert_f32_to_f16",2259,1119386332035562,1119386332038127,0,0,8,0,128,256,1,1,172032,1,1
"KERNEL_DISPATCH","Agent 2",1,0,1069504,2260,18,"gemm_qkvza_hfq4g256_wmma",2260,1119386332042856,1119386332471418,0,0,80,0,128,32,1,1,24704,6,1
"KERNEL_DISPATCH","Agent 2",1,0,1069504,2261,21,"fused_sigmoid_alpha_gate_f32",2261,1119386332490793,1119386332492316,0,0,16,0,128,256,1,1,256,84,1
"KERNEL_DISPATCH","Agent 2",1,0,1069504,2262,22,"conv1d_silu_split_f32",2262,1119386332506714,1119386332527633,0,0,24,0,128,256,1,1,8192,1,1
"KERNEL_DISPATCH","Agent 2",1,0,1069504,2263,23,"fused_qk_l2_norm_scale_f32",2263,1119386332548592,1119386332556727,0,0,16,0,128,32,1,1,512,84,1
"KERNEL_DISPATCH","Agent 2",1,0,1069504,2264,24,"repeat_interleave_qk_f32_batched",2264,1119386332571805,1119386332577896,0,0,8,0,128,256,1,1,4096,84,1
"KERNEL_DISPATCH","Agent 2",1,0,1069504,2265,25,"gated_delta_net_q8_fast",2265,1119386332593205,1119386332748255,2048,0,64,0,128,32,1,1,1024,32,1
"KERNEL_DISPATCH","Agent 2",1,0,1069504,2266,26,"gated_norm_f32",2266,1119386332767852,1119386332776669,0,0,24,0,128,32,1,1,1024,84,1
"KERNEL_DISPATCH","Agent 2",1,0,1069504,2267,27,"mq_rotate_x",2267,1119386332791827,1119386332795193,0,0,32,0,128,32,1,1,512,84,1
"KERNEL_DISPATCH","Agent 2",1,0,1069504,2268,20,"convert_f32_to_f16",2268,1119386332812314,1119386332815961,0,0,8,0,128,256,1,1,344064,1,1
"KERNEL_DISPATCH","Agent 2",1,0,1069504,2269,29,"gemm_hfq4g256_residual_wmma_k2x32",2269,1119386332820791,1119386332947869,0,0,64,0,128,32,1,1,2048,6,1
"KERNEL_DISPATCH","Agent 2",1,0,1069504,2270,30,"rmsnorm_f32",2270,1119386332965371,1119386332970941,0,0,16,0,128,256,1,1,21504,1,1
"KERNEL_DISPATCH","Agent 2",1,0,1069504,2271,27,"mq_rotate_x",2271,1119386332985097,1119386332987061,0,0,32,0,128,32,1,1,256,84,1
"KERNEL_DISPATCH","Agent 2",1,0,1069504,2272,31,"gemm_hfq4g256",2272,1119386333005115,1119386333042385,0,0,32,0,128,32,1,1,8192,11,1
"KERNEL_DISPATCH","Agent 2",1,0,1069504,2273,31,"gemm_hfq4g256",2273,1119386333061450,1119386333075436,0,0,32,0,128,32,1,1,32,11,1
"KERNEL_DISPATCH","Agent 2",1,0,1069504,2274,20,"convert_f32_to_f16",2274,1119386333090254,1119386333092418,0,0,8,0,128,256,1,1,172032,1,1
"KERNEL_DISPATCH","Agent 2",1,0,1069504,2275,32,"gemm_gate_up_hfq4g256_wmma_ldscoop_nosync",2275,1119386333097459,1119386333130120,0,0,64,0,128,32,1,1,2048,6,1
"KERNEL_DISPATCH","Agent 2",1,0,1069504,2276,33,"softmax_f32",2276,1119386333144997,1119386333147722,0,0,16,0,128,256,1,1,21504,1,1
"KERNEL_DISPATCH","Agent 2",1,0,1069504,2277,34,"moe_topk_renorm_k8_batched",2277,1119386333152651,1119386333158983,10752,0,40,0,128,256,1,1,21504,1,1
"KERNEL_DISPATCH","Agent 2",1,0,1069504,2278,35,"fused_silu_mul_mq_rotate",2278,1119386333173401,1119386333175284,0,0,88,0,128,32,1,1,64,84,1
"KERNEL_DISPATCH","Agent 2",1,0,1069504,2279,36,"gemv_hfq4g256_residual_sigmoid_scaled_gpu_batched",2279,1119386333189681,1119386333299807,0,0,72,0,128,32,1,1,65536,84,1
"KERNEL_DISPATCH","Agent 2",1,0,1069504,2280,40,"moe_scatter_fused_k8",2280,1119386333319153,1119386333327609,0,0,24,0,128,256,1,1,256,1,1
"KERNEL_DISPATCH","Agent 2",1,0,1069504,2281,45,"quantize_q8_1_mmq_ds4",2281,1119386333339451,1119386333341976,0,0,24,0,128,256,1,1,512,84,1
"KERNEL_DISPATCH","Agent 2",1,0,1069504,2282,41,"gemm_hfq4g256_moe_grouped_mmq_gfx1151",2282,1119386333348737,1119386333757903,0,0,128,0,128,32,1,1,2048,282,1
"KERNEL_DISPATCH","Agent 2",1,0,1069504,2283,46,"moe_gate_up_unscatter_k8",2283,1119386333777039,1119386333800323,0,0,8,0,128,256,1,1,512,4512,1
"KERNEL_DISPATCH","Agent 2",1,0,1069504,2284,35,"fused_silu_mul_mq_rotate",2284,1119386333819428,1119386333825118,0,0,88,0,128,32,1,1,64,672,1
"KERNEL_DISPATCH","Agent 2",1,0,1069504,2285,45,"quantize_q8_1_mmq_ds4",2285,1119386333837421,1119386333840467,0,0,24,0,128,256,1,1,256,672,1
"KERNEL_DISPATCH","Agent 2",1,0,1069504,2286,41,"gemm_hfq4g256_moe_grouped_mmq_gfx1151",2286,1119386333845207,1119386334074075,0,0,128,0,128,32,1,1,4096,282,1
"KERNEL_DISPATCH","Agent 2",1,0,1069504,2287,47,"moe_down_combine_grouped_k8",2287,1119386334091997,1119386334110472,0,0,8,0,128,256,1,1,2048,84,1
"KERNEL_DISPATCH","Agent 2",1,0,1069504,2288,17,"fused_rmsnorm_mq_rotate",2288,1119386334132042,1119386334138855,0,0,40,0,128,256,1,1,21504,1,1
"KERNEL_DISPATCH","Agent 2",1,0,1069504,2289,20,"convert_f32_to_f16",2289,1119386334153793,1119386334156438,0,0,8,0,128,256,1,1,172032,1,1
"KERNEL_DISPATCH","Agent 2",1,0,1069504,2290,18,"gemm_qkvza_hfq4g256_wmma",2290,1119386334161407,1119386334603754,0,0,80,0,128,32,1,1,24704,6,1
"KERNEL_DISPATCH","Agent 2",1,0,1069504,2291,21,"fused_sigmoid_alpha_gate_f32",2291,1119386334622811,1119386334624334,0,0,16,0,128,256,1,1,256,84,1
"KERNEL_DISPATCH","Agent 2",1,0,1069504,2292,22,"conv1d_silu_split_f32",2292,1119386334638751,1119386334659990,0,0,24,0,128,256,1,1,8192,1,1
"KERNEL_DISPATCH","Agent 2",1,0,1069504,2293,23,"fused_qk_l2_norm_scale_f32",2293,1119386334677482,1119386334685577,0,0,16,0,128,32,1,1,512,84,1
"KERNEL_DISPATCH","Agent 2",1,0,1069504,2294,24,"repeat_interleave_qk_f32_batched",2294,1119386334700635,1119386334706887,0,0,8,0,128,256,1,1,4096,84,1
"KERNEL_DISPATCH","Agent 2",1,0,1069504,2295,25,"gated_delta_net_q8_fast",2295,1119386334721675,1119386334871074,2048,0,64,0,128,32,1,1,1024,32,1
"KERNEL_DISPATCH","Agent 2",1,0,1069504,2296,26,"gated_norm_f32",2296,1119386334890061,1119386334899398,0,0,24,0,128,32,1,1,1024,84,1
"KERNEL_DISPATCH","Agent 2",1,0,1069504,2297,27,"mq_rotate_x",2297,1119386334914225,1119386334917511,0,0,32,0,128,32,1,1,512,84,1
"KERNEL_DISPATCH","Agent 2",1,0,1069504,2298,20,"convert_f32_to_f16",2298,1119386334933881,1119386334937568,0,0,8,0,128,256,1,1,344064,1,1
"KERNEL_DISPATCH","Agent 2",1,0,1069504,2299,29,"gemm_hfq4g256_residual_wmma_k2x32",2299,1119386334942698,1119386335072461,0,0,64,0,128,32,1,1,2048,6,1
"KERNEL_DISPATCH","Agent 2",1,0,1069504,2300,30,"rmsnorm_f32",2300,1119386335090084,1119386335095654,0,0,16,0,128,256,1,1,21504,1,1
"KERNEL_DISPATCH","Agent 2",1,0,1069504,2301,27,"mq_rotate_x",2301,1119386335110041,1119386335111964,0,0,32,0,128,32,1,1,256,84,1
"KERNEL_DISPATCH","Agent 2",1,0,1069504,2302,31,"gemm_hfq4g256",2302,1119386335129918,1119386335167348,0,0,32,0,128,32,1,1,8192,11,1
"KERNEL_DISPATCH","Agent 2",1,0,1069504,2303,31,"gemm_hfq4g256",2303,1119386335186534,1119386335200600,0,0,32,0,128,32,1,1,32,11,1
"KERNEL_DISPATCH","Agent 2",1,0,1069504,2304,20,"convert_f32_to_f16",2304,1119386335222571,1119386335224976,0,0,8,0,128,256,1,1,172032,1,1
"KERNEL_DISPATCH","Agent 2",1,0,1069504,2305,32,"gemm_gate_up_hfq4g256_wmma_ldscoop_nosync",2305,1119386335230306,1119386335263127,0,0,64,0,128,32,1,1,2048,6,1
"KERNEL_DISPATCH","Agent 2",1,0,1069504,2306,33,"softmax_f32",2306,1119386335276763,1119386335279328,0,0,16,0,128,256,1,1,21504,1,1
"KERNEL_DISPATCH","Agent 2",1,0,1069504,2307,34,"moe_topk_renorm_k8_batched",2307,1119386335284287,1119386335290619,10752,0,40,0,128,256,1,1,21504,1,1
"KERNEL_DISPATCH","Agent 2",1,0,1069504,2308,35,"fused_silu_mul_mq_rotate",2308,1119386335305226,1119386335307310,0,0,88,0,128,32,1,1,64,84,1
"KERNEL_DISPATCH","Agent 2",1,0,1069504,2309,36,"gemv_hfq4g256_residual_sigmoid_scaled_gpu_batched",2309,1119386335321658,1119386335432144,0,0,72,0,128,32,1,1,65536,84,1
"KERNEL_DISPATCH","Agent 2",1,0,1069504,2310,40,"moe_scatter_fused_k8",2310,1119386335451721,1119386335459896,0,0,24,0,128,256,1,1,256,1,1
"KERNEL_DISPATCH","Agent 2",1,0,1069504,2311,45,"quantize_q8_1_mmq_ds4",2311,1119386335470415,1119386335472859,0,0,24,0,128,256,1,1,512,84,1
"KERNEL_DISPATCH","Agent 2",1,0,1069504,2312,41,"gemm_hfq4g256_moe_grouped_mmq_gfx1151",2312,1119386335510770,1119386336029139,0,0,128,0,128,32,1,1,2048,282,1
"KERNEL_DISPATCH","Agent 2",1,0,1069504,2313,46,"moe_gate_up_unscatter_k8",2313,1119386336046874,1119386336072041,0,0,8,0,128,256,1,1,512,4512,1
"KERNEL_DISPATCH","Agent 2",1,0,1069504,2314,35,"fused_silu_mul_mq_rotate",2314,1119386336091127,1119386336097218,0,0,88,0,128,32,1,1,64,672,1
"KERNEL_DISPATCH","Agent 2",1,0,1069504,2315,45,"quantize_q8_1_mmq_ds4",2315,1119386336109931,1119386336112896,0,0,24,0,128,256,1,1,256,672,1
"KERNEL_DISPATCH","Agent 2",1,0,1069504,2316,41,"gemm_hfq4g256_moe_grouped_mmq_gfx1151",2316,1119386336117905,1119386336405323,0,0,128,0,128,32,1,1,4096,282,1
"KERNEL_DISPATCH","Agent 2",1,0,1069504,2317,47,"moe_down_combine_grouped_k8",2317,1119386336425751,1119386336446310,0,0,8,0,128,256,1,1,2048,84,1
"KERNEL_DISPATCH","Agent 2",1,0,1069504,2318,17,"fused_rmsnorm_mq_rotate",2318,1119386336465976,1119386336472469,0,0,40,0,128,256,1,1,21504,1,1
"KERNEL_DISPATCH","Agent 2",1,0,1069504,2319,20,"convert_f32_to_f16",2319,1119386336486705,1119386336489270,0,0,8,0,128,256,1,1,172032,1,1
"KERNEL_DISPATCH","Agent 2",1,0,1069504,2320,48,"gemm_qkv_hfq4g256_wmma",2320,1119386336494480,1119386336768993,0,0,80,0,128,32,1,1,18432,6,1
"KERNEL_DISPATCH","Agent 2",1,0,1069504,2321,49,"deinterleave_f32_batched",2321,1119386336788139,1119386336794711,0,0,8,0,128,256,1,1,4096,84,1
"KERNEL_DISPATCH","Agent 2",1,0,1069504,2322,30,"rmsnorm_f32",2322,1119386336809939,1119386336829737,0,0,16,0,128,256,1,1,344064,1,1
"KERNEL_DISPATCH","Agent 2",1,0,1069504,2323,30,"rmsnorm_f32",2323,1119386336848132,1119386336850977,0,0,16,0,128,256,1,1,43008,1,1
"KERNEL_DISPATCH","Agent 2",1,0,1069504,2324,50,"rope_partial_halfsplit_batched_f32",2324,1119386336865334,1119386336870183,0,0,24,0,128,32,1,1,32,84,1
"KERNEL_DISPATCH","Agent 2",1,0,1069504,2325,51,"kv_cache_write_q8_0_batched",2325,1119386336883016,1119386336885260,0,0,8,0,128,32,1,1,512,84,1
"KERNEL_DISPATCH","Agent 2",1,0,1069504,2326,51,"kv_cache_write_q8_0_batched",2326,1119386336887625,1119386336889588,0,0,8,0,128,32,1,1,512,84,1
"KERNEL_DISPATCH","Agent 2",1,0,1069504,2327,52,"attention_q8_0_kv_batched",2327,1119386336894418,1119386336958658,0,0,32,0,128,256,1,1,4096,84,1
"KERNEL_DISPATCH","Agent 2",1,0,1069504,2328,53,"sigmoid_mul_f32",2328,1119386336978665,1119386337014612,0,0,16,0,128,256,1,1,1048576,1,1
"KERNEL_DISPATCH","Agent 2",1,0,1069504,2329,27,"mq_rotate_x",2329,1119386337034590,1119386337038116,0,0,32,0,128,32,1,1,512,84,1
"KERNEL_DISPATCH","Agent 2",1,0,1069504,2330,20,"convert_f32_to_f16",2330,1119386337054226,1119386337057793,0,0,8,0,128,256,1,1,344064,1,1
"KERNEL_DISPATCH","Agent 2",1,0,1069504,2331,29,"gemm_hfq4g256_residual_wmma_k2x32",2331,1119386337062963,1119386337190000,0,0,64,0,128,32,1,1,2048,6,1
"KERNEL_DISPATCH","Agent 2",1,0,1069504,2332,30,"rmsnorm_f32",2332,1119386337208815,1119386337214346,0,0,16,0,128,256,1,1,21504,1,1
"KERNEL_DISPATCH","Agent 2",1,0,1069504,2333,27,"mq_rotate_x",2333,1119386337229625,1119386337231629,0,0,32,0,128,32,1,1,256,84,1
"KERNEL_DISPATCH","Agent 2",1,0,1069504,2334,31,"gemm_hfq4g256",2334,1119386337249812,1119386337287122,0,0,32,0,128,32,1,1,8192,11,1
"KERNEL_DISPATCH","Agent 2",1,0,1069504,2335,31,"gemm_hfq4g256",2335,1119386337306207,1119386337320154,0,0,32,0,128,32,1,1,32,11,1
"KERNEL_DISPATCH","Agent 2",1,0,1069504,2336,20,"convert_f32_to_f16",2336,1119386337341754,1119386337343918,0,0,8,0,128,256,1,1,172032,1,1
"KERNEL_DISPATCH","Agent 2",1,0,1069504,2337,32,"gemm_gate_up_hfq4g256_wmma_ldscoop_nosync",2337,1119386337349168,1119386337381588,0,0,64,0,128,32,1,1,2048,6,1
"KERNEL_DISPATCH","Agent 2",1,0,1069504,2338,33,"softmax_f32",2338,1119386337396386,1119386337398951,0,0,16,0,128,256,1,1,21504,1,1
"KERNEL_DISPATCH","Agent 2",1,0,1069504,2339,34,"moe_topk_renorm_k8_batched",2339,1119386337404080,1119386337410412,10752,0,40,0,128,256,1,1,21504,1,1
"KERNEL_DISPATCH","Agent 2",1,0,1069504,2340,35,"fused_silu_mul_mq_rotate",2340,1119386337424779,1119386337426903,0,0,88,0,128,32,1,1,64,84,1
"KERNEL_DISPATCH","Agent 2",1,0,1069504,2341,36,"gemv_hfq4g256_residual_sigmoid_scaled_gpu_batched",2341,1119386337447131,1119386337558339,0,0,72,0,128,32,1,1,65536,84,1
"KERNEL_DISPATCH","Agent 2",1,0,1069504,2342,40,"moe_scatter_fused_k8",2342,1119386337578076,1119386337586331,0,0,24,0,128,256,1,1,256,1,1
"KERNEL_DISPATCH","Agent 2",1,0,1069504,2343,45,"quantize_q8_1_mmq_ds4",2343,1119386337599857,1119386337602261,0,0,24,0,128,256,1,1,512,84,1
"KERNEL_DISPATCH","Agent 2",1,0,1069504,2344,41,"gemm_hfq4g256_moe_grouped_mmq_gfx1151",2344,1119386337607161,1119386338101766,0,0,128,0,128,32,1,1,2048,282,1
"KERNEL_DISPATCH","Agent 2",1,0,1069504,2345,46,"moe_gate_up_unscatter_k8",2345,1119386338121824,1119386338146590,0,0,8,0,128,256,1,1,512,4512,1
"KERNEL_DISPATCH","Agent 2",1,0,1069504,2346,35,"fused_silu_mul_mq_rotate",2346,1119386338163822,1119386338169753,0,0,88,0,128,32,1,1,64,672,1
"KERNEL_DISPATCH","Agent 2",1,0,1069504,2347,45,"quantize_q8_1_mmq_ds4",2347,1119386338184279,1119386338187285,0,0,24,0,128,256,1,1,256,672,1
"KERNEL_DISPATCH","Agent 2",1,0,1069504,2348,41,"gemm_hfq4g256_moe_grouped_mmq_gfx1151",2348,1119386338192174,1119386338478990,0,0,128,0,128,32,1,1,4096,282,1
"KERNEL_DISPATCH","Agent 2",1,0,1069504,2349,47,"moe_down_combine_grouped_k8",2349,1119386338498307,1119386338521229,0,0,8,0,128,256,1,1,2048,84,1
"KERNEL_DISPATCH","Agent 2",1,0,1069504,2350,17,"fused_rmsnorm_mq_rotate",2350,1119386338539854,1119386338546467,0,0,40,0,128,256,1,1,21504,1,1
"KERNEL_DISPATCH","Agent 2",1,0,1069504,2351,20,"convert_f32_to_f16",2351,1119386338562848,1119386338565493,0,0,8,0,128,256,1,1,172032,1,1
"KERNEL_DISPATCH","Agent 2",1,0,1069504,2352,18,"gemm_qkvza_hfq4g256_wmma",2352,1119386338570523,1119386339025734,0,0,80,0,128,32,1,1,24704,6,1
"KERNEL_DISPATCH","Agent 2",1,0,1069504,2353,21,"fused_sigmoid_alpha_gate_f32",2353,1119386339044748,1119386339047233,0,0,16,0,128,256,1,1,256,84,1
"KERNEL_DISPATCH","Agent 2",1,0,1069504,2354,22,"conv1d_silu_split_f32",2354,1119386339061860,1119386339082900,0,0,24,0,128,256,1,1,8192,1,1
"KERNEL_DISPATCH","Agent 2",1,0,1069504,2355,23,"fused_qk_l2_norm_scale_f32",2355,1119386339102066,1119386339110161,0,0,16,0,128,32,1,1,512,84,1
"KERNEL_DISPATCH","Agent 2",1,0,1069504,2356,24,"repeat_interleave_qk_f32_batched",2356,1119386339125229,1119386339131280,0,0,8,0,128,256,1,1,4096,84,1
"KERNEL_DISPATCH","Agent 2",1,0,1069504,2357,25,"gated_delta_net_q8_fast",2357,1119386339147301,1119386339296981,2048,0,64,0,128,32,1,1,1024,32,1
"KERNEL_DISPATCH","Agent 2",1,0,1069504,2358,26,"gated_norm_f32",2358,1119386339317078,1119386339326655,0,0,24,0,128,32,1,1,1024,84,1
"KERNEL_DISPATCH","Agent 2",1,0,1069504,2359,27,"mq_rotate_x",2359,1119386339344420,1119386339347866,0,0,32,0,128,32,1,1,512,84,1
"KERNEL_DISPATCH","Agent 2",1,0,1069504,2360,20,"convert_f32_to_f16",2360,1119386339364657,1119386339368344,0,0,8,0,128,256,1,1,344064,1,1
"KERNEL_DISPATCH","Agent 2",1,0,1069504,2361,29,"gemm_hfq4g256_residual_wmma_k2x32",2361,1119386339373454,1119386339501894,0,0,64,0,128,32,1,1,2048,6,1
"KERNEL_DISPATCH","Agent 2",1,0,1069504,2362,30,"rmsnorm_f32",2362,1119386339520247,1119386339525577,0,0,16,0,128,256,1,1,21504,1,1
"KERNEL_DISPATCH","Agent 2",1,0,1069504,2363,27,"mq_rotate_x",2363,1119386339540245,1119386339542209,0,0,32,0,128,32,1,1,256,84,1
"KERNEL_DISPATCH","Agent 2",1,0,1069504,2364,31,"gemm_hfq4g256",2364,1119386339561336,1119386339599046,0,0,32,0,128,32,1,1,8192,11,1
"KERNEL_DISPATCH","Agent 2",1,0,1069504,2365,31,"gemm_hfq4g256",2365,1119386339619493,1119386339633720,0,0,32,0,128,32,1,1,32,11,1
"KERNEL_DISPATCH","Agent 2",1,0,1069504,2366,20,"convert_f32_to_f16",2366,1119386339648297,1119386339650501,0,0,8,0,128,256,1,1,172032,1,1
"KERNEL_DISPATCH","Agent 2",1,0,1069504,2367,32,"gemm_gate_up_hfq4g256_wmma_ldscoop_nosync",2367,1119386339655491,1119386339687792,0,0,64,0,128,32,1,1,2048,6,1
"KERNEL_DISPATCH","Agent 2",1,0,1069504,2368,33,"softmax_f32",2368,1119386339702709,1119386339705273,0,0,16,0,128,256,1,1,21504,1,1
"KERNEL_DISPATCH","Agent 2",1,0,1069504,2369,34,"moe_topk_renorm_k8_batched",2369,1119386339710054,1119386339716465,10752,0,40,0,128,256,1,1,21504,1,1
"KERNEL_DISPATCH","Agent 2",1,0,1069504,2370,35,"fused_silu_mul_mq_rotate",2370,1119386339731192,1119386339733516,0,0,88,0,128,32,1,1,64,84,1
"KERNEL_DISPATCH","Agent 2",1,0,1069504,2371,36,"gemv_hfq4g256_residual_sigmoid_scaled_gpu_batched",2371,1119386339751450,1119386339867667,0,0,72,0,128,32,1,1,65536,84,1
"KERNEL_DISPATCH","Agent 2",1,0,1069504,2372,40,"moe_scatter_fused_k8",2372,1119386339889859,1119386339898194,0,0,24,0,128,256,1,1,256,1,1
"KERNEL_DISPATCH","Agent 2",1,0,1069504,2373,45,"quantize_q8_1_mmq_ds4",2373,1119386339913643,1119386339916168,0,0,24,0,128,256,1,1,512,84,1
"KERNEL_DISPATCH","Agent 2",1,0,1069504,2374,41,"gemm_hfq4g256_moe_grouped_mmq_gfx1151",2374,1119386339921098,1119386340459144,0,0,128,0,128,32,1,1,2048,282,1
"KERNEL_DISPATCH","Agent 2",1,0,1069504,2375,46,"moe_gate_up_unscatter_k8",2375,1119386340477197,1119386340501202,0,0,8,0,128,256,1,1,512,4512,1
"KERNEL_DISPATCH","Agent 2",1,0,1069504,2376,35,"fused_silu_mul_mq_rotate",2376,1119386340519387,1119386340525358,0,0,88,0,128,32,1,1,64,672,1
"KERNEL_DISPATCH","Agent 2",1,0,1069504,2377,45,"quantize_q8_1_mmq_ds4",2377,1119386340536989,1119386340539954,0,0,24,0,128,256,1,1,256,672,1
"KERNEL_DISPATCH","Agent 2",1,0,1069504,2378,41,"gemm_hfq4g256_moe_grouped_mmq_gfx1151",2378,1119386340564632,1119386340884149,0,0,128,0,128,32,1,1,4096,282,1
"KERNEL_DISPATCH","Agent 2",1,0,1069504,2379,47,"moe_down_combine_grouped_k8",2379,1119386340901921,1119386340921678,0,0,8,0,128,256,1,1,2048,84,1
"KERNEL_DISPATCH","Agent 2",1,0,1069504,2380,17,"fused_rmsnorm_mq_rotate",2380,1119386340935223,1119386340941555,0,0,40,0,128,256,1,1,21504,1,1
"KERNEL_DISPATCH","Agent 2",1,0,1069504,2381,20,"convert_f32_to_f16",2381,1119386340956293,1119386340958738,0,0,8,0,128,256,1,1,172032,1,1
"KERNEL_DISPATCH","Agent 2",1,0,1069504,2382,18,"gemm_qkvza_hfq4g256_wmma",2382,1119386340965461,1119386341384444,0,0,80,0,128,32,1,1,24704,6,1
"KERNEL_DISPATCH","Agent 2",1,0,1069504,2383,21,"fused_sigmoid_alpha_gate_f32",2383,1119386341401947,1119386341403590,0,0,16,0,128,256,1,1,256,84,1
"KERNEL_DISPATCH","Agent 2",1,0,1069504,2384,22,"conv1d_silu_split_f32",2384,1119386341416764,1119386341437203,0,0,24,0,128,256,1,1,8192,1,1
"KERNEL_DISPATCH","Agent 2",1,0,1069504,2385,23,"fused_qk_l2_norm_scale_f32",2385,1119386341457581,1119386341466157,0,0,16,0,128,32,1,1,512,84,1
"KERNEL_DISPATCH","Agent 2",1,0,1069504,2386,24,"repeat_interleave_qk_f32_batched",2386,1119386341480663,1119386341487236,0,0,8,0,128,256,1,1,4096,84,1
"KERNEL_DISPATCH","Agent 2",1,0,1069504,2387,25,"gated_delta_net_q8_fast",2387,1119386341502153,1119386341646704,2048,0,64,0,128,32,1,1,1024,32,1
"KERNEL_DISPATCH","Agent 2",1,0,1069504,2388,26,"gated_norm_f32",2388,1119386341665610,1119386341674146,0,0,24,0,128,32,1,1,1024,84,1
"KERNEL_DISPATCH","Agent 2",1,0,1069504,2389,27,"mq_rotate_x",2389,1119386341688172,1119386341691619,0,0,32,0,128,32,1,1,512,84,1
"KERNEL_DISPATCH","Agent 2",1,0,1069504,2390,20,"convert_f32_to_f16",2390,1119386341708349,1119386341712196,0,0,8,0,128,256,1,1,344064,1,1
"KERNEL_DISPATCH","Agent 2",1,0,1069504,2391,29,"gemm_hfq4g256_residual_wmma_k2x32",2391,1119386341717246,1119386341845646,0,0,64,0,128,32,1,1,2048,6,1
"KERNEL_DISPATCH","Agent 2",1,0,1069504,2392,30,"rmsnorm_f32",2392,1119386341864571,1119386341870021,0,0,16,0,128,256,1,1,21504,1,1
"KERNEL_DISPATCH","Agent 2",1,0,1069504,2393,27,"mq_rotate_x",2393,1119386341884049,1119386341886132,0,0,32,0,128,32,1,1,256,84,1
"KERNEL_DISPATCH","Agent 2",1,0,1069504,2394,31,"gemm_hfq4g256",2394,1119386341903535,1119386341941045,0,0,32,0,128,32,1,1,8192,11,1
"KERNEL_DISPATCH","Agent 2",1,0,1069504,2395,31,"gemm_hfq4g256",2395,1119386341958547,1119386341972453,0,0,32,0,128,32,1,1,32,11,1
"KERNEL_DISPATCH","Agent 2",1,0,1069504,2396,20,"convert_f32_to_f16",2396,1119386341987140,1119386341989505,0,0,8,0,128,256,1,1,172032,1,1
"KERNEL_DISPATCH","Agent 2",1,0,1069504,2397,32,"gemm_gate_up_hfq4g256_wmma_ldscoop_nosync",2397,1119386341994554,1119386342026414,0,0,64,0,128,32,1,1,2048,6,1
"KERNEL_DISPATCH","Agent 2",1,0,1069504,2398,33,"softmax_f32",2398,1119386342041201,1119386342043886,0,0,16,0,128,256,1,1,21504,1,1
"KERNEL_DISPATCH","Agent 2",1,0,1069504,2399,34,"moe_topk_renorm_k8_batched",2399,1119386342048757,1119386342055008,10752,0,40,0,128,256,1,1,21504,1,1
"KERNEL_DISPATCH","Agent 2",1,0,1069504,2400,35,"fused_silu_mul_mq_rotate",2400,1119386342068072,1119386342070076,0,0,88,0,128,32,1,1,64,84,1
"KERNEL_DISPATCH","Agent 2",1,0,1069504,2401,36,"gemv_hfq4g256_residual_sigmoid_scaled_gpu_batched",2401,1119386342083811,1119386342194298,0,0,72,0,128,32,1,1,65536,84,1
"KERNEL_DISPATCH","Agent 2",1,0,1069504,2402,40,"moe_scatter_fused_k8",2402,1119386342213383,1119386342221599,0,0,24,0,128,256,1,1,256,1,1
"KERNEL_DISPATCH","Agent 2",1,0,1069504,2403,45,"quantize_q8_1_mmq_ds4",2403,1119386342233200,1119386342235485,0,0,24,0,128,256,1,1,512,84,1
"KERNEL_DISPATCH","Agent 2",1,0,1069504,2404,41,"gemm_hfq4g256_moe_grouped_mmq_gfx1151",2404,1119386342240354,1119386342732274,0,0,128,0,128,32,1,1,2048,282,1
"KERNEL_DISPATCH","Agent 2",1,0,1069504,2405,46,"moe_gate_up_unscatter_k8",2405,1119386342749977,1119386342775545,0,0,8,0,128,256,1,1,512,4512,1
"KERNEL_DISPATCH","Agent 2",1,0,1069504,2406,35,"fused_silu_mul_mq_rotate",2406,1119386342794099,1119386342800191,0,0,88,0,128,32,1,1,64,672,1
"KERNEL_DISPATCH","Agent 2",1,0,1069504,2407,45,"quantize_q8_1_mmq_ds4",2407,1119386342812554,1119386342815519,0,0,24,0,128,256,1,1,256,672,1
"KERNEL_DISPATCH","Agent 2",1,0,1069504,2408,41,"gemm_hfq4g256_moe_grouped_mmq_gfx1151",2408,1119386342820510,1119386343096185,0,0,128,0,128,32,1,1,4096,282,1
"KERNEL_DISPATCH","Agent 2",1,0,1069504,2409,47,"moe_down_combine_grouped_k8",2409,1119386343120871,1119386343146078,0,0,8,0,128,256,1,1,2048,84,1
"KERNEL_DISPATCH","Agent 2",1,0,1069504,2410,17,"fused_rmsnorm_mq_rotate",2410,1119386343165043,1119386343171415,0,0,40,0,128,256,1,1,21504,1,1
"KERNEL_DISPATCH","Agent 2",1,0,1069504,2411,20,"convert_f32_to_f16",2411,1119386343188557,1119386343191041,0,0,8,0,128,256,1,1,172032,1,1
"KERNEL_DISPATCH","Agent 2",1,0,1069504,2412,18,"gemm_qkvza_hfq4g256_wmma",2412,1119386343196011,1119386343646734,0,0,80,0,128,32,1,1,24704,6,1
"KERNEL_DISPATCH","Agent 2",1,0,1069504,2413,21,"fused_sigmoid_alpha_gate_f32",2413,1119386343665890,1119386343667493,0,0,16,0,128,256,1,1,256,84,1
"KERNEL_DISPATCH","Agent 2",1,0,1069504,2414,22,"conv1d_silu_split_f32",2414,1119386343682040,1119386343702919,0,0,24,0,128,256,1,1,8192,1,1
"KERNEL_DISPATCH","Agent 2",1,0,1069504,2415,23,"fused_qk_l2_norm_scale_f32",2415,1119386343722014,1119386343730110,0,0,16,0,128,32,1,1,512,84,1
"KERNEL_DISPATCH","Agent 2",1,0,1069504,2416,24,"repeat_interleave_qk_f32_batched",2416,1119386343744657,1119386343750628,0,0,8,0,128,256,1,1,4096,84,1
"KERNEL_DISPATCH","Agent 2",1,0,1069504,2417,25,"gated_delta_net_q8_fast",2417,1119386343765346,1119386343911299,2048,0,64,0,128,32,1,1,1024,32,1
"KERNEL_DISPATCH","Agent 2",1,0,1069504,2418,26,"gated_norm_f32",2418,1119386343929023,1119386343937438,0,0,24,0,128,32,1,1,1024,84,1
"KERNEL_DISPATCH","Agent 2",1,0,1069504,2419,27,"mq_rotate_x",2419,1119386343952275,1119386343955761,0,0,32,0,128,32,1,1,512,84,1
"KERNEL_DISPATCH","Agent 2",1,0,1069504,2420,20,"convert_f32_to_f16",2420,1119386343972864,1119386343976511,0,0,8,0,128,256,1,1,344064,1,1
"KERNEL_DISPATCH","Agent 2",1,0,1069504,2421,29,"gemm_hfq4g256_residual_wmma_k2x32",2421,1119386343981760,1119386344110280,0,0,64,0,128,32,1,1,2048,6,1
"KERNEL_DISPATCH","Agent 2",1,0,1069504,2422,30,"rmsnorm_f32",2422,1119386344128585,1119386344133955,0,0,16,0,128,256,1,1,21504,1,1
"KERNEL_DISPATCH","Agent 2",1,0,1069504,2423,27,"mq_rotate_x",2423,1119386344147460,1119386344149383,0,0,32,0,128,32,1,1,256,84,1
"KERNEL_DISPATCH","Agent 2",1,0,1069504,2424,31,"gemm_hfq4g256",2424,1119386344169201,1119386344206631,0,0,32,0,128,32,1,1,8192,11,1
"KERNEL_DISPATCH","Agent 2",1,0,1069504,2425,31,"gemm_hfq4g256",2425,1119386344225858,1119386344240204,0,0,32,0,128,32,1,1,32,11,1
"KERNEL_DISPATCH","Agent 2",1,0,1069504,2426,20,"convert_f32_to_f16",2426,1119386344255502,1119386344257706,0,0,8,0,128,256,1,1,172032,1,1
"KERNEL_DISPATCH","Agent 2",1,0,1069504,2427,32,"gemm_gate_up_hfq4g256_wmma_ldscoop_nosync",2427,1119386344262485,1119386344295467,0,0,64,0,128,32,1,1,2048,6,1
"KERNEL_DISPATCH","Agent 2",1,0,1069504,2428,33,"softmax_f32",2428,1119386344310455,1119386344312979,0,0,16,0,128,256,1,1,21504,1,1
"KERNEL_DISPATCH","Agent 2",1,0,1069504,2429,34,"moe_topk_renorm_k8_batched",2429,1119386344318029,1119386344324521,10752,0,40,0,128,256,1,1,21504,1,1
"KERNEL_DISPATCH","Agent 2",1,0,1069504,2430,35,"fused_silu_mul_mq_rotate",2430,1119386344338818,1119386344340902,0,0,88,0,128,32,1,1,64,84,1
"KERNEL_DISPATCH","Agent 2",1,0,1069504,2431,36,"gemv_hfq4g256_residual_sigmoid_scaled_gpu_batched",2431,1119386344355280,1119386344466487,0,0,72,0,128,32,1,1,65536,84,1
"KERNEL_DISPATCH","Agent 2",1,0,1069504,2432,40,"moe_scatter_fused_k8",2432,1119386344485071,1119386344493327,0,0,24,0,128,256,1,1,256,1,1
"KERNEL_DISPATCH","Agent 2",1,0,1069504,2433,45,"quantize_q8_1_mmq_ds4",2433,1119386344505539,1119386344507744,0,0,24,0,128,256,1,1,512,84,1
"KERNEL_DISPATCH","Agent 2",1,0,1069504,2434,41,"gemm_hfq4g256_moe_grouped_mmq_gfx1151",2434,1119386344512844,1119386345001758,0,0,128,0,128,32,1,1,2048,282,1
"KERNEL_DISPATCH","Agent 2",1,0,1069504,2435,46,"moe_gate_up_unscatter_k8",2435,1119386345022978,1119386345047143,0,0,8,0,128,256,1,1,512,4512,1
"KERNEL_DISPATCH","Agent 2",1,0,1069504,2436,35,"fused_silu_mul_mq_rotate",2436,1119386345064556,1119386345070246,0,0,88,0,128,32,1,1,64,672,1
"KERNEL_DISPATCH","Agent 2",1,0,1069504,2437,45,"quantize_q8_1_mmq_ds4",2437,1119386345082669,1119386345085594,0,0,24,0,128,256,1,1,256,672,1
"KERNEL_DISPATCH","Agent 2",1,0,1069504,2438,41,"gemm_hfq4g256_moe_grouped_mmq_gfx1151",2438,1119386345090544,1119386345362292,0,0,128,0,128,32,1,1,4096,282,1
"KERNEL_DISPATCH","Agent 2",1,0,1069504,2439,47,"moe_down_combine_grouped_k8",2439,1119386345379925,1119386345401165,0,0,8,0,128,256,1,1,2048,84,1
"KERNEL_DISPATCH","Agent 2",1,0,1069504,2440,17,"fused_rmsnorm_mq_rotate",2440,1119386345421824,1119386345428276,0,0,40,0,128,256,1,1,21504,1,1
"KERNEL_DISPATCH","Agent 2",1,0,1069504,2441,20,"convert_f32_to_f16",2441,1119386345442101,1119386345444665,0,0,8,0,128,256,1,1,172032,1,1
"KERNEL_DISPATCH","Agent 2",1,0,1069504,2442,48,"gemm_qkv_hfq4g256_wmma",2442,1119386345449726,1119386345718629,0,0,80,0,128,32,1,1,18432,6,1
"KERNEL_DISPATCH","Agent 2",1,0,1069504,2443,49,"deinterleave_f32_batched",2443,1119386345736401,1119386345743094,0,0,8,0,128,256,1,1,4096,84,1
"KERNEL_DISPATCH","Agent 2",1,0,1069504,2444,30,"rmsnorm_f32",2444,1119386345757090,1119386345767589,0,0,16,0,128,256,1,1,344064,1,1
"KERNEL_DISPATCH","Agent 2",1,0,1069504,2445,30,"rmsnorm_f32",2445,1119386345782678,1119386345785322,0,0,16,0,128,256,1,1,43008,1,1
"KERNEL_DISPATCH","Agent 2",1,0,1069504,2446,50,"rope_partial_halfsplit_batched_f32",2446,1119386345799709,1119386345804599,0,0,24,0,128,32,1,1,32,84,1
"KERNEL_DISPATCH","Agent 2",1,0,1069504,2447,51,"kv_cache_write_q8_0_batched",2447,1119386345817393,1119386345819517,0,0,8,0,128,32,1,1,512,84,1
"KERNEL_DISPATCH","Agent 2",1,0,1069504,2448,51,"kv_cache_write_q8_0_batched",2448,1119386345821951,1119386345823915,0,0,8,0,128,32,1,1,512,84,1
"KERNEL_DISPATCH","Agent 2",1,0,1069504,2449,52,"attention_q8_0_kv_batched",2449,1119386345828844,1119386345893365,0,0,32,0,128,256,1,1,4096,84,1
"KERNEL_DISPATCH","Agent 2",1,0,1069504,2450,53,"sigmoid_mul_f32",2450,1119386345912902,1119386345947246,0,0,16,0,128,256,1,1,1048576,1,1
"KERNEL_DISPATCH","Agent 2",1,0,1069504,2451,27,"mq_rotate_x",2451,1119386345968425,1119386345971992,0,0,32,0,128,32,1,1,512,84,1
"KERNEL_DISPATCH","Agent 2",1,0,1069504,2452,20,"convert_f32_to_f16",2452,1119386345987250,1119386345990777,0,0,8,0,128,256,1,1,344064,1,1
"KERNEL_DISPATCH","Agent 2",1,0,1069504,2453,29,"gemm_hfq4g256_residual_wmma_k2x32",2453,1119386345995867,1119386346124307,0,0,64,0,128,32,1,1,2048,6,1
"KERNEL_DISPATCH","Agent 2",1,0,1069504,2454,30,"rmsnorm_f32",2454,1119386346141719,1119386346147009,0,0,16,0,128,256,1,1,21504,1,1
"KERNEL_DISPATCH","Agent 2",1,0,1069504,2455,27,"mq_rotate_x",2455,1119386346162688,1119386346164692,0,0,32,0,128,32,1,1,256,84,1
"KERNEL_DISPATCH","Agent 2",1,0,1069504,2456,31,"gemm_hfq4g256",2456,1119386346181855,1119386346219285,0,0,32,0,128,32,1,1,8192,11,1
"KERNEL_DISPATCH","Agent 2",1,0,1069504,2457,31,"gemm_hfq4g256",2457,1119386346238219,1119386346252326,0,0,32,0,128,32,1,1,32,11,1
"KERNEL_DISPATCH","Agent 2",1,0,1069504,2458,20,"convert_f32_to_f16",2458,1119386346287872,1119386346290076,0,0,8,0,128,256,1,1,172032,1,1
"KERNEL_DISPATCH","Agent 2",1,0,1069504,2459,32,"gemm_gate_up_hfq4g256_wmma_ldscoop_nosync",2459,1119386346295117,1119386346327978,0,0,64,0,128,32,1,1,2048,6,1
"KERNEL_DISPATCH","Agent 2",1,0,1069504,2460,33,"softmax_f32",2460,1119386346339178,1119386346341943,0,0,16,0,128,256,1,1,21504,1,1
"KERNEL_DISPATCH","Agent 2",1,0,1069504,2461,34,"moe_topk_renorm_k8_batched",2461,1119386346346953,1119386346353445,10752,0,40,0,128,256,1,1,21504,1,1
"KERNEL_DISPATCH","Agent 2",1,0,1069504,2462,35,"fused_silu_mul_mq_rotate",2462,1119386346366500,1119386346368424,0,0,88,0,128,32,1,1,64,84,1
"KERNEL_DISPATCH","Agent 2",1,0,1069504,2463,36,"gemv_hfq4g256_residual_sigmoid_scaled_gpu_batched",2463,1119386346383010,1119386346493417,0,0,72,0,128,32,1,1,65536,84,1
"KERNEL_DISPATCH","Agent 2",1,0,1069504,2464,40,"moe_scatter_fused_k8",2464,1119386346511120,1119386346519455,0,0,24,0,128,256,1,1,256,1,1
"KERNEL_DISPATCH","Agent 2",1,0,1069504,2465,45,"quantize_q8_1_mmq_ds4",2465,1119386346531398,1119386346533642,0,0,24,0,128,256,1,1,512,84,1
"KERNEL_DISPATCH","Agent 2",1,0,1069504,2466,41,"gemm_hfq4g256_moe_grouped_mmq_gfx1151",2466,1119386346538642,1119386347030482,0,0,128,0,128,32,1,1,2048,282,1
"KERNEL_DISPATCH","Agent 2",1,0,1069504,2467,46,"moe_gate_up_unscatter_k8",2467,1119386347049577,1119386347075225,0,0,8,0,128,256,1,1,512,4512,1
"KERNEL_DISPATCH","Agent 2",1,0,1069504,2468,35,"fused_silu_mul_mq_rotate",2468,1119386347092718,1119386347098369,0,0,88,0,128,32,1,1,64,672,1
"KERNEL_DISPATCH","Agent 2",1,0,1069504,2469,45,"quantize_q8_1_mmq_ds4",2469,1119386347110751,1119386347113637,0,0,24,0,128,256,1,1,256,672,1
"KERNEL_DISPATCH","Agent 2",1,0,1069504,2470,41,"gemm_hfq4g256_moe_grouped_mmq_gfx1151",2470,1119386347118686,1119386347403659,0,0,128,0,128,32,1,1,4096,282,1
"KERNEL_DISPATCH","Agent 2",1,0,1069504,2471,47,"moe_down_combine_grouped_k8",2471,1119386347421383,1119386347443865,0,0,8,0,128,256,1,1,2048,84,1
"KERNEL_DISPATCH","Agent 2",1,0,1069504,2472,17,"fused_rmsnorm_mq_rotate",2472,1119386347461869,1119386347468240,0,0,40,0,128,256,1,1,21504,1,1
"KERNEL_DISPATCH","Agent 2",1,0,1069504,2473,20,"convert_f32_to_f16",2473,1119386347483057,1119386347485462,0,0,8,0,128,256,1,1,172032,1,1
"KERNEL_DISPATCH","Agent 2",1,0,1069504,2474,18,"gemm_qkvza_hfq4g256_wmma",2474,1119386347490122,1119386347933230,0,0,80,0,128,32,1,1,24704,6,1
"KERNEL_DISPATCH","Agent 2",1,0,1069504,2475,21,"fused_sigmoid_alpha_gate_f32",2475,1119386347952655,1119386347954459,0,0,16,0,128,256,1,1,256,84,1
"KERNEL_DISPATCH","Agent 2",1,0,1069504,2476,22,"conv1d_silu_split_f32",2476,1119386347968795,1119386347990115,0,0,24,0,128,256,1,1,8192,1,1
"KERNEL_DISPATCH","Agent 2",1,0,1069504,2477,23,"fused_qk_l2_norm_scale_f32",2477,1119386348010914,1119386348018969,0,0,16,0,128,32,1,1,512,84,1
"KERNEL_DISPATCH","Agent 2",1,0,1069504,2478,24,"repeat_interleave_qk_f32_batched",2478,1119386348034208,1119386348040339,0,0,8,0,128,256,1,1,4096,84,1
"KERNEL_DISPATCH","Agent 2",1,0,1069504,2479,25,"gated_delta_net_q8_fast",2479,1119386348054666,1119386348203064,2048,0,64,0,128,32,1,1,1024,32,1
"KERNEL_DISPATCH","Agent 2",1,0,1069504,2480,26,"gated_norm_f32",2480,1119386348222421,1119386348231077,0,0,24,0,128,32,1,1,1024,84,1
"KERNEL_DISPATCH","Agent 2",1,0,1069504,2481,27,"mq_rotate_x",2481,1119386348246035,1119386348249281,0,0,32,0,128,32,1,1,512,84,1
"KERNEL_DISPATCH","Agent 2",1,0,1069504,2482,20,"convert_f32_to_f16",2482,1119386348265260,1119386348269107,0,0,8,0,128,256,1,1,344064,1,1
"KERNEL_DISPATCH","Agent 2",1,0,1069504,2483,29,"gemm_hfq4g256_residual_wmma_k2x32",2483,1119386348274076,1119386348402997,0,0,64,0,128,32,1,1,2048,6,1
"KERNEL_DISPATCH","Agent 2",1,0,1069504,2484,30,"rmsnorm_f32",2484,1119386348420831,1119386348426361,0,0,16,0,128,256,1,1,21504,1,1
"KERNEL_DISPATCH","Agent 2",1,0,1069504,2485,27,"mq_rotate_x",2485,1119386348439385,1119386348441469,0,0,32,0,128,32,1,1,256,84,1
"KERNEL_DISPATCH","Agent 2",1,0,1069504,2486,31,"gemm_hfq4g256",2486,1119386348458741,1119386348496011,0,0,32,0,128,32,1,1,8192,11,1
"KERNEL_DISPATCH","Agent 2",1,0,1069504,2487,31,"gemm_hfq4g256",2487,1119386348513223,1119386348527169,0,0,32,0,128,32,1,1,32,11,1
"KERNEL_DISPATCH","Agent 2",1,0,1069504,2488,20,"convert_f32_to_f16",2488,1119386348541386,1119386348543710,0,0,8,0,128,256,1,1,172032,1,1
"KERNEL_DISPATCH","Agent 2",1,0,1069504,2489,32,"gemm_gate_up_hfq4g256_wmma_ldscoop_nosync",2489,1119386348548640,1119386348580700,0,0,64,0,128,32,1,1,2048,6,1
"KERNEL_DISPATCH","Agent 2",1,0,1069504,2490,33,"softmax_f32",2490,1119386348595627,1119386348598312,0,0,16,0,128,256,1,1,21504,1,1
"KERNEL_DISPATCH","Agent 2",1,0,1069504,2491,34,"moe_topk_renorm_k8_batched",2491,1119386348603282,1119386348609654,10752,0,40,0,128,256,1,1,21504,1,1
"KERNEL_DISPATCH","Agent 2",1,0,1069504,2492,35,"fused_silu_mul_mq_rotate",2492,1119386348624011,1119386348625854,0,0,88,0,128,32,1,1,64,84,1
"KERNEL_DISPATCH","Agent 2",1,0,1069504,2493,36,"gemv_hfq4g256_residual_sigmoid_scaled_gpu_batched",2493,1119386348640381,1119386348756358,0,0,72,0,128,32,1,1,65536,84,1
"KERNEL_DISPATCH","Agent 2",1,0,1069504,2494,40,"moe_scatter_fused_k8",2494,1119386348774403,1119386348782618,0,0,24,0,128,256,1,1,256,1,1
"KERNEL_DISPATCH","Agent 2",1,0,1069504,2495,45,"quantize_q8_1_mmq_ds4",2495,1119386348795030,1119386348797355,0,0,24,0,128,256,1,1,512,84,1
"KERNEL_DISPATCH","Agent 2",1,0,1069504,2496,41,"gemm_hfq4g256_moe_grouped_mmq_gfx1151",2496,1119386348802154,1119386349213764,0,0,128,0,128,32,1,1,2048,282,1
"KERNEL_DISPATCH","Agent 2",1,0,1069504,2497,46,"moe_gate_up_unscatter_k8",2497,1119386349232168,1119386349257255,0,0,8,0,128,256,1,1,512,4512,1
"KERNEL_DISPATCH","Agent 2",1,0,1069504,2498,35,"fused_silu_mul_mq_rotate",2498,1119386349275208,1119386349281099,0,0,88,0,128,32,1,1,64,672,1
"KERNEL_DISPATCH","Agent 2",1,0,1069504,2499,45,"quantize_q8_1_mmq_ds4",2499,1119386349293723,1119386349296689,0,0,24,0,128,256,1,1,256,672,1
"KERNEL_DISPATCH","Agent 2",1,0,1069504,2500,41,"gemm_hfq4g256_moe_grouped_mmq_gfx1151",2500,1119386349301918,1119386349530225,0,0,128,0,128,32,1,1,4096,282,1
"KERNEL_DISPATCH","Agent 2",1,0,1069504,2501,47,"moe_down_combine_grouped_k8",2501,1119386349548710,1119386349569348,0,0,8,0,128,256,1,1,2048,84,1
"KERNEL_DISPATCH","Agent 2",1,0,1069504,2502,17,"fused_rmsnorm_mq_rotate",2502,1119386349590268,1119386349596680,0,0,40,0,128,256,1,1,21504,1,1
"KERNEL_DISPATCH","Agent 2",1,0,1069504,2503,20,"convert_f32_to_f16",2503,1119386349611317,1119386349614042,0,0,8,0,128,256,1,1,172032,1,1
"KERNEL_DISPATCH","Agent 2",1,0,1069504,2504,18,"gemm_qkvza_hfq4g256_wmma",2504,1119386349618941,1119386350089261,0,0,80,0,128,32,1,1,24704,6,1
"KERNEL_DISPATCH","Agent 2",1,0,1069504,2505,21,"fused_sigmoid_alpha_gate_f32",2505,1119386350108657,1119386350110260,0,0,16,0,128,256,1,1,256,84,1
"KERNEL_DISPATCH","Agent 2",1,0,1069504,2506,22,"conv1d_silu_split_f32",2506,1119386350124787,1119386350145666,0,0,24,0,128,256,1,1,8192,1,1
"KERNEL_DISPATCH","Agent 2",1,0,1069504,2507,23,"fused_qk_l2_norm_scale_f32",2507,1119386350163229,1119386350171604,0,0,16,0,128,32,1,1,512,84,1
"KERNEL_DISPATCH","Agent 2",1,0,1069504,2508,24,"repeat_interleave_qk_f32_batched",2508,1119386350186463,1119386350192675,0,0,8,0,128,256,1,1,4096,84,1
"KERNEL_DISPATCH","Agent 2",1,0,1069504,2509,25,"gated_delta_net_q8_fast",2509,1119386350208044,1119386350359206,2048,0,64,0,128,32,1,1,1024,32,1
"KERNEL_DISPATCH","Agent 2",1,0,1069504,2510,26,"gated_norm_f32",2510,1119386350378431,1119386350387368,0,0,24,0,128,32,1,1,1024,84,1
"KERNEL_DISPATCH","Agent 2",1,0,1069504,2511,27,"mq_rotate_x",2511,1119386350402116,1119386350405483,0,0,32,0,128,32,1,1,512,84,1
"KERNEL_DISPATCH","Agent 2",1,0,1069504,2512,20,"convert_f32_to_f16",2512,1119386350421712,1119386350425359,0,0,8,0,128,256,1,1,344064,1,1
"KERNEL_DISPATCH","Agent 2",1,0,1069504,2513,29,"gemm_hfq4g256_residual_wmma_k2x32",2513,1119386350430469,1119386350557988,0,0,64,0,128,32,1,1,2048,6,1
"KERNEL_DISPATCH","Agent 2",1,0,1069504,2514,30,"rmsnorm_f32",2514,1119386350575600,1119386350581170,0,0,16,0,128,256,1,1,21504,1,1
"KERNEL_DISPATCH","Agent 2",1,0,1069504,2515,27,"mq_rotate_x",2515,1119386350595577,1119386350597541,0,0,32,0,128,32,1,1,256,84,1
"KERNEL_DISPATCH","Agent 2",1,0,1069504,2516,31,"gemm_hfq4g256",2516,1119386350614954,1119386350652104,0,0,32,0,128,32,1,1,8192,11,1
"KERNEL_DISPATCH","Agent 2",1,0,1069504,2517,31,"gemm_hfq4g256",2517,1119386350669386,1119386350683693,0,0,32,0,128,32,1,1,32,11,1
"KERNEL_DISPATCH","Agent 2",1,0,1069504,2518,20,"convert_f32_to_f16",2518,1119386350698029,1119386350700193,0,0,8,0,128,256,1,1,172032,1,1
"KERNEL_DISPATCH","Agent 2",1,0,1069504,2519,32,"gemm_gate_up_hfq4g256_wmma_ldscoop_nosync",2519,1119386350705052,1119386350737513,0,0,64,0,128,32,1,1,2048,6,1
"KERNEL_DISPATCH","Agent 2",1,0,1069504,2520,33,"softmax_f32",2520,1119386350752460,1119386350755025,0,0,16,0,128,256,1,1,21504,1,1
"KERNEL_DISPATCH","Agent 2",1,0,1069504,2521,34,"moe_topk_renorm_k8_batched",2521,1119386350760086,1119386350766618,10752,0,40,0,128,256,1,1,21504,1,1
"KERNEL_DISPATCH","Agent 2",1,0,1069504,2522,35,"fused_silu_mul_mq_rotate",2522,1119386350781205,1119386350783129,0,0,88,0,128,32,1,1,64,84,1
"KERNEL_DISPATCH","Agent 2",1,0,1069504,2523,36,"gemv_hfq4g256_residual_sigmoid_scaled_gpu_batched",2523,1119386350796974,1119386350907019,0,0,72,0,128,32,1,1,65536,84,1
"KERNEL_DISPATCH","Agent 2",1,0,1069504,2524,40,"moe_scatter_fused_k8",2524,1119386350924704,1119386350933079,0,0,24,0,128,256,1,1,256,1,1
"KERNEL_DISPATCH","Agent 2",1,0,1069504,2525,45,"quantize_q8_1_mmq_ds4",2525,1119386350944640,1119386350946884,0,0,24,0,128,256,1,1,512,84,1
"KERNEL_DISPATCH","Agent 2",1,0,1069504,2526,41,"gemm_hfq4g256_moe_grouped_mmq_gfx1151",2526,1119386350951933,1119386351337494,0,0,128,0,128,32,1,1,2048,282,1
"KERNEL_DISPATCH","Agent 2",1,0,1069504,2527,46,"moe_gate_up_unscatter_k8",2527,1119386351355428,1119386351377670,0,0,8,0,128,256,1,1,512,4512,1
"KERNEL_DISPATCH","Agent 2",1,0,1069504,2528,35,"fused_silu_mul_mq_rotate",2528,1119386351392497,1119386351398148,0,0,88,0,128,32,1,1,64,672,1
"KERNEL_DISPATCH","Agent 2",1,0,1069504,2529,45,"quantize_q8_1_mmq_ds4",2529,1119386351410591,1119386351413517,0,0,24,0,128,256,1,1,256,672,1
"KERNEL_DISPATCH","Agent 2",1,0,1069504,2530,41,"gemm_hfq4g256_moe_grouped_mmq_gfx1151",2530,1119386351418566,1119386351639619,0,0,128,0,128,32,1,1,4096,282,1
"KERNEL_DISPATCH","Agent 2",1,0,1069504,2531,47,"moe_down_combine_grouped_k8",2531,1119386351657684,1119386351675718,0,0,8,0,128,256,1,1,2048,84,1
"KERNEL_DISPATCH","Agent 2",1,0,1069504,2532,17,"fused_rmsnorm_mq_rotate",2532,1119386351690065,1119386351696757,0,0,40,0,128,256,1,1,21504,1,1
"KERNEL_DISPATCH","Agent 2",1,0,1069504,2533,20,"convert_f32_to_f16",2533,1119386351712646,1119386351715091,0,0,8,0,128,256,1,1,172032,1,1
"KERNEL_DISPATCH","Agent 2",1,0,1069504,2534,18,"gemm_qkvza_hfq4g256_wmma",2534,1119386351720532,1119386352174861,0,0,80,0,128,32,1,1,24704,6,1
"KERNEL_DISPATCH","Agent 2",1,0,1069504,2535,21,"fused_sigmoid_alpha_gate_f32",2535,1119386352193886,1119386352195649,0,0,16,0,128,256,1,1,256,84,1
"KERNEL_DISPATCH","Agent 2",1,0,1069504,2536,22,"conv1d_silu_split_f32",2536,1119386352210176,1119386352231336,0,0,24,0,128,256,1,1,8192,1,1
"KERNEL_DISPATCH","Agent 2",1,0,1069504,2537,23,"fused_qk_l2_norm_scale_f32",2537,1119386352250012,1119386352258147,0,0,16,0,128,32,1,1,512,84,1
"KERNEL_DISPATCH","Agent 2",1,0,1069504,2538,24,"repeat_interleave_qk_f32_batched",2538,1119386352272493,1119386352278544,0,0,8,0,128,256,1,1,4096,84,1
"KERNEL_DISPATCH","Agent 2",1,0,1069504,2539,25,"gated_delta_net_q8_fast",2539,1119386352293091,1119386352446819,2048,0,64,0,128,32,1,1,1024,32,1
"KERNEL_DISPATCH","Agent 2",1,0,1069504,2540,26,"gated_norm_f32",2540,1119386352465705,1119386352474802,0,0,24,0,128,32,1,1,1024,84,1
"KERNEL_DISPATCH","Agent 2",1,0,1069504,2541,27,"mq_rotate_x",2541,1119386352488418,1119386352491944,0,0,32,0,128,32,1,1,512,84,1
"KERNEL_DISPATCH","Agent 2",1,0,1069504,2542,20,"convert_f32_to_f16",2542,1119386352508975,1119386352512782,0,0,8,0,128,256,1,1,344064,1,1
"KERNEL_DISPATCH","Agent 2",1,0,1069504,2543,29,"gemm_hfq4g256_residual_wmma_k2x32",2543,1119386352517591,1119386352646072,0,0,64,0,128,32,1,1,2048,6,1
"KERNEL_DISPATCH","Agent 2",1,0,1069504,2544,30,"rmsnorm_f32",2544,1119386352663955,1119386352669285,0,0,16,0,128,256,1,1,21504,1,1
"KERNEL_DISPATCH","Agent 2",1,0,1069504,2545,27,"mq_rotate_x",2545,1119386352682249,1119386352684533,0,0,32,0,128,32,1,1,256,84,1
"KERNEL_DISPATCH","Agent 2",1,0,1069504,2546,31,"gemm_hfq4g256",2546,1119386352701956,1119386352739666,0,0,32,0,128,32,1,1,8192,11,1
"KERNEL_DISPATCH","Agent 2",1,0,1069504,2547,31,"gemm_hfq4g256",2547,1119386352758512,1119386352772418,0,0,32,0,128,32,1,1,32,11,1
"KERNEL_DISPATCH","Agent 2",1,0,1069504,2548,20,"convert_f32_to_f16",2548,1119386352795180,1119386352797545,0,0,8,0,128,256,1,1,172032,1,1
"KERNEL_DISPATCH","Agent 2",1,0,1069504,2549,32,"gemm_gate_up_hfq4g256_wmma_ldscoop_nosync",2549,1119386352802514,1119386352834895,0,0,64,0,128,32,1,1,2048,6,1
"KERNEL_DISPATCH","Agent 2",1,0,1069504,2550,33,"softmax_f32",2550,1119386352849832,1119386352852517,0,0,16,0,128,256,1,1,21504,1,1
"KERNEL_DISPATCH","Agent 2",1,0,1069504,2551,34,"moe_topk_renorm_k8_batched",2551,1119386352857567,1119386352863899,10752,0,40,0,128,256,1,1,21504,1,1
"KERNEL_DISPATCH","Agent 2",1,0,1069504,2552,35,"fused_silu_mul_mq_rotate",2552,1119386352878586,1119386352880670,0,0,88,0,128,32,1,1,64,84,1
"KERNEL_DISPATCH","Agent 2",1,0,1069504,2553,36,"gemv_hfq4g256_residual_sigmoid_scaled_gpu_batched",2553,1119386352893494,1119386353003901,0,0,72,0,128,32,1,1,65536,84,1
"KERNEL_DISPATCH","Agent 2",1,0,1069504,2554,40,"moe_scatter_fused_k8",2554,1119386353022946,1119386353031242,0,0,24,0,128,256,1,1,256,1,1
"KERNEL_DISPATCH","Agent 2",1,0,1069504,2555,45,"quantize_q8_1_mmq_ds4",2555,1119386353042564,1119386353044808,0,0,24,0,128,256,1,1,512,84,1
"KERNEL_DISPATCH","Agent 2",1,0,1069504,2556,41,"gemm_hfq4g256_moe_grouped_mmq_gfx1151",2556,1119386353049847,1119386353537479,0,0,128,0,128,32,1,1,2048,282,1
"KERNEL_DISPATCH","Agent 2",1,0,1069504,2557,46,"moe_gate_up_unscatter_k8",2557,1119386353555692,1119386353580499,0,0,8,0,128,256,1,1,512,4512,1
"KERNEL_DISPATCH","Agent 2",1,0,1069504,2558,35,"fused_silu_mul_mq_rotate",2558,1119386353597831,1119386353603482,0,0,88,0,128,32,1,1,64,672,1
"KERNEL_DISPATCH","Agent 2",1,0,1069504,2559,45,"quantize_q8_1_mmq_ds4",2559,1119386353616135,1119386353619101,0,0,24,0,128,256,1,1,256,672,1
"KERNEL_DISPATCH","Agent 2",1,0,1069504,2560,41,"gemm_hfq4g256_moe_grouped_mmq_gfx1151",2560,1119386353624141,1119386353889357,0,0,128,0,128,32,1,1,4096,282,1
"KERNEL_DISPATCH","Agent 2",1,0,1069504,2561,47,"moe_down_combine_grouped_k8",2561,1119386353907411,1119386353929011,0,0,8,0,128,256,1,1,2048,84,1
"KERNEL_DISPATCH","Agent 2",1,0,1069504,2562,17,"fused_rmsnorm_mq_rotate",2562,1119386353948667,1119386353955279,0,0,40,0,128,256,1,1,21504,1,1
"KERNEL_DISPATCH","Agent 2",1,0,1069504,2563,20,"convert_f32_to_f16",2563,1119386353969646,1119386353972371,0,0,8,0,128,256,1,1,172032,1,1
"KERNEL_DISPATCH","Agent 2",1,0,1069504,2564,48,"gemm_qkv_hfq4g256_wmma",2564,1119386353977161,1119386354243700,0,0,80,0,128,32,1,1,18432,6,1
"KERNEL_DISPATCH","Agent 2",1,0,1069504,2565,49,"deinterleave_f32_batched",2565,1119386354285238,1119386354291449,0,0,8,0,128,256,1,1,4096,84,1
"KERNEL_DISPATCH","Agent 2",1,0,1069504,2566,30,"rmsnorm_f32",2566,1119386354310314,1119386354320814,0,0,16,0,128,256,1,1,344064,1,1
"KERNEL_DISPATCH","Agent 2",1,0,1069504,2567,30,"rmsnorm_f32",2567,1119386354335862,1119386354338707,0,0,16,0,128,256,1,1,43008,1,1
"KERNEL_DISPATCH","Agent 2",1,0,1069504,2568,50,"rope_partial_halfsplit_batched_f32",2568,1119386354351502,1119386354356551,0,0,24,0,128,32,1,1,32,84,1
"KERNEL_DISPATCH","Agent 2",1,0,1069504,2569,51,"kv_cache_write_q8_0_batched",2569,1119386354369154,1119386354371278,0,0,8,0,128,32,1,1,512,84,1
"KERNEL_DISPATCH","Agent 2",1,0,1069504,2570,51,"kv_cache_write_q8_0_batched",2570,1119386354373912,1119386354375676,0,0,8,0,128,32,1,1,512,84,1
"KERNEL_DISPATCH","Agent 2",1,0,1069504,2571,52,"attention_q8_0_kv_batched",2571,1119386354380496,1119386354444976,0,0,32,0,128,256,1,1,4096,84,1
"KERNEL_DISPATCH","Agent 2",1,0,1069504,2572,53,"sigmoid_mul_f32",2572,1119386354464562,1119386354499106,0,0,16,0,128,256,1,1,1048576,1,1
"KERNEL_DISPATCH","Agent 2",1,0,1069504,2573,27,"mq_rotate_x",2573,1119386354520316,1119386354523602,0,0,32,0,128,32,1,1,512,84,1
"KERNEL_DISPATCH","Agent 2",1,0,1069504,2574,20,"convert_f32_to_f16",2574,1119386354538851,1119386354542658,0,0,8,0,128,256,1,1,344064,1,1
"KERNEL_DISPATCH","Agent 2",1,0,1069504,2575,29,"gemm_hfq4g256_residual_wmma_k2x32",2575,1119386354547707,1119386354675707,0,0,64,0,128,32,1,1,2048,6,1
"KERNEL_DISPATCH","Agent 2",1,0,1069504,2576,30,"rmsnorm_f32",2576,1119386354693299,1119386354698429,0,0,16,0,128,256,1,1,21504,1,1
"KERNEL_DISPATCH","Agent 2",1,0,1069504,2577,27,"mq_rotate_x",2577,1119386354711664,1119386354713748,0,0,32,0,128,32,1,1,256,84,1
"KERNEL_DISPATCH","Agent 2",1,0,1069504,2578,31,"gemm_hfq4g256",2578,1119386354731401,1119386354768911,0,0,32,0,128,32,1,1,8192,11,1
"KERNEL_DISPATCH","Agent 2",1,0,1069504,2579,31,"gemm_hfq4g256",2579,1119386354786263,1119386354800129,0,0,32,0,128,32,1,1,32,11,1
"KERNEL_DISPATCH","Agent 2",1,0,1069504,2580,20,"convert_f32_to_f16",2580,1119386354814386,1119386354816710,0,0,8,0,128,256,1,1,172032,1,1
"KERNEL_DISPATCH","Agent 2",1,0,1069504,2581,32,"gemm_gate_up_hfq4g256_wmma_ldscoop_nosync",2581,1119386354821590,1119386354853971,0,0,64,0,128,32,1,1,2048,6,1
"KERNEL_DISPATCH","Agent 2",1,0,1069504,2582,33,"softmax_f32",2582,1119386354868598,1119386354871323,0,0,16,0,128,256,1,1,21504,1,1
"KERNEL_DISPATCH","Agent 2",1,0,1069504,2583,34,"moe_topk_renorm_k8_batched",2583,1119386354876282,1119386354882694,10752,0,40,0,128,256,1,1,21504,1,1
"KERNEL_DISPATCH","Agent 2",1,0,1069504,2584,35,"fused_silu_mul_mq_rotate",2584,1119386354897362,1119386354899366,0,0,88,0,128,32,1,1,64,84,1
"KERNEL_DISPATCH","Agent 2",1,0,1069504,2585,36,"gemv_hfq4g256_residual_sigmoid_scaled_gpu_batched",2585,1119386354913782,1119386355024509,0,0,72,0,128,32,1,1,65536,84,1
"KERNEL_DISPATCH","Agent 2",1,0,1069504,2586,40,"moe_scatter_fused_k8",2586,1119386355042564,1119386355050859,0,0,24,0,128,256,1,1,256,1,1
"KERNEL_DISPATCH","Agent 2",1,0,1069504,2587,45,"quantize_q8_1_mmq_ds4",2587,1119386355062620,1119386355065185,0,0,24,0,128,256,1,1,512,84,1
"KERNEL_DISPATCH","Agent 2",1,0,1069504,2588,41,"gemm_hfq4g256_moe_grouped_mmq_gfx1151",2588,1119386355070074,1119386355484048,0,0,128,0,128,32,1,1,2048,282,1
"KERNEL_DISPATCH","Agent 2",1,0,1069504,2589,46,"moe_gate_up_unscatter_k8",2589,1119386355502434,1119386355528402,0,0,8,0,128,256,1,1,512,4512,1
"KERNEL_DISPATCH","Agent 2",1,0,1069504,2590,35,"fused_silu_mul_mq_rotate",2590,1119386355546144,1119386355551875,0,0,88,0,128,32,1,1,64,672,1
"KERNEL_DISPATCH","Agent 2",1,0,1069504,2591,45,"quantize_q8_1_mmq_ds4",2591,1119386355564199,1119386355567084,0,0,24,0,128,256,1,1,256,672,1
"KERNEL_DISPATCH","Agent 2",1,0,1069504,2592,41,"gemm_hfq4g256_moe_grouped_mmq_gfx1151",2592,1119386355572224,1119386355824536,0,0,128,0,128,32,1,1,4096,282,1
"KERNEL_DISPATCH","Agent 2",1,0,1069504,2593,47,"moe_down_combine_grouped_k8",2593,1119386355842258,1119386355863417,0,0,8,0,128,256,1,1,2048,84,1
"KERNEL_DISPATCH","Agent 2",1,0,1069504,2594,17,"fused_rmsnorm_mq_rotate",2594,1119386355883705,1119386355890077,0,0,40,0,128,256,1,1,21504,1,1
"KERNEL_DISPATCH","Agent 2",1,0,1069504,2595,20,"convert_f32_to_f16",2595,1119386355904445,1119386355907010,0,0,8,0,128,256,1,1,172032,1,1
"KERNEL_DISPATCH","Agent 2",1,0,1069504,2596,18,"gemm_qkvza_hfq4g256_wmma",2596,1119386355911988,1119386356373091,0,0,80,0,128,32,1,1,24704,6,1
"KERNEL_DISPATCH","Agent 2",1,0,1069504,2597,21,"fused_sigmoid_alpha_gate_f32",2597,1119386356392306,1119386356393829,0,0,16,0,128,256,1,1,256,84,1
"KERNEL_DISPATCH","Agent 2",1,0,1069504,2598,22,"conv1d_silu_split_f32",2598,1119386356408387,1119386356429346,0,0,24,0,128,256,1,1,8192,1,1
"KERNEL_DISPATCH","Agent 2",1,0,1069504,2599,23,"fused_qk_l2_norm_scale_f32",2599,1119386356446959,1119386356455855,0,0,16,0,128,32,1,1,512,84,1
"KERNEL_DISPATCH","Agent 2",1,0,1069504,2600,24,"repeat_interleave_qk_f32_batched",2600,1119386356470442,1119386356476574,0,0,8,0,128,256,1,1,4096,84,1
"KERNEL_DISPATCH","Agent 2",1,0,1069504,2601,25,"gated_delta_net_q8_fast",2601,1119386356490560,1119386356635471,2048,0,64,0,128,32,1,1,1024,32,1
"KERNEL_DISPATCH","Agent 2",1,0,1069504,2602,26,"gated_norm_f32",2602,1119386356655189,1119386356664166,0,0,24,0,128,32,1,1,1024,84,1
"KERNEL_DISPATCH","Agent 2",1,0,1069504,2603,27,"mq_rotate_x",2603,1119386356679243,1119386356682970,0,0,32,0,128,32,1,1,512,84,1
"KERNEL_DISPATCH","Agent 2",1,0,1069504,2604,20,"convert_f32_to_f16",2604,1119386356699651,1119386356703298,0,0,8,0,128,256,1,1,344064,1,1
"KERNEL_DISPATCH","Agent 2",1,0,1069504,2605,29,"gemm_hfq4g256_residual_wmma_k2x32",2605,1119386356708387,1119386356837829,0,0,64,0,128,32,1,1,2048,6,1
"KERNEL_DISPATCH","Agent 2",1,0,1069504,2606,30,"rmsnorm_f32",2606,1119386356857045,1119386356862696,0,0,16,0,128,256,1,1,21504,1,1
"KERNEL_DISPATCH","Agent 2",1,0,1069504,2607,27,"mq_rotate_x",2607,1119386356875671,1119386356877675,0,0,32,0,128,32,1,1,256,84,1
"KERNEL_DISPATCH","Agent 2",1,0,1069504,2608,31,"gemm_hfq4g256",2608,1119386356893333,1119386356930804,0,0,32,0,128,32,1,1,8192,11,1
"KERNEL_DISPATCH","Agent 2",1,0,1069504,2609,31,"gemm_hfq4g256",2609,1119386356948497,1119386356962684,0,0,32,0,128,32,1,1,32,11,1
"KERNEL_DISPATCH","Agent 2",1,0,1069504,2610,20,"convert_f32_to_f16",2610,1119386356986217,1119386356988421,0,0,8,0,128,256,1,1,172032,1,1
"KERNEL_DISPATCH","Agent 2",1,0,1069504,2611,32,"gemm_gate_up_hfq4g256_wmma_ldscoop_nosync",2611,1119386356993430,1119386357026011,0,0,64,0,128,32,1,1,2048,6,1
"KERNEL_DISPATCH","Agent 2",1,0,1069504,2612,33,"softmax_f32",2612,1119386357037393,1119386357039998,0,0,16,0,128,256,1,1,21504,1,1
"KERNEL_DISPATCH","Agent 2",1,0,1069504,2613,34,"moe_topk_renorm_k8_batched",2613,1119386357045007,1119386357051660,10752,0,40,0,128,256,1,1,21504,1,1
"KERNEL_DISPATCH","Agent 2",1,0,1069504,2614,35,"fused_silu_mul_mq_rotate",2614,1119386357066057,1119386357067900,0,0,88,0,128,32,1,1,64,84,1
"KERNEL_DISPATCH","Agent 2",1,0,1069504,2615,36,"gemv_hfq4g256_residual_sigmoid_scaled_gpu_batched",2615,1119386357080314,1119386357191121,0,0,72,0,128,32,1,1,65536,84,1
"KERNEL_DISPATCH","Agent 2",1,0,1069504,2616,40,"moe_scatter_fused_k8",2616,1119386357209214,1119386357217389,0,0,24,0,128,256,1,1,256,1,1
"KERNEL_DISPATCH","Agent 2",1,0,1069504,2617,45,"quantize_q8_1_mmq_ds4",2617,1119386357228991,1119386357231435,0,0,24,0,128,256,1,1,512,84,1
"KERNEL_DISPATCH","Agent 2",1,0,1069504,2618,41,"gemm_hfq4g256_moe_grouped_mmq_gfx1151",2618,1119386357236506,1119386357658976,0,0,128,0,128,32,1,1,2048,282,1
"KERNEL_DISPATCH","Agent 2",1,0,1069504,2619,46,"moe_gate_up_unscatter_k8",2619,1119386357676999,1119386357700523,0,0,8,0,128,256,1,1,512,4512,1
"KERNEL_DISPATCH","Agent 2",1,0,1069504,2620,35,"fused_silu_mul_mq_rotate",2620,1119386357718316,1119386357724367,0,0,88,0,128,32,1,1,64,672,1
"KERNEL_DISPATCH","Agent 2",1,0,1069504,2621,45,"quantize_q8_1_mmq_ds4",2621,1119386357736941,1119386357739906,0,0,24,0,128,256,1,1,256,672,1
"KERNEL_DISPATCH","Agent 2",1,0,1069504,2622,41,"gemm_hfq4g256_moe_grouped_mmq_gfx1151",2622,1119386357744755,1119386357977310,0,0,128,0,128,32,1,1,4096,282,1
"KERNEL_DISPATCH","Agent 2",1,0,1069504,2623,47,"moe_down_combine_grouped_k8",2623,1119386357995384,1119386358015021,0,0,8,0,128,256,1,1,2048,84,1
"KERNEL_DISPATCH","Agent 2",1,0,1069504,2624,17,"fused_rmsnorm_mq_rotate",2624,1119386358028287,1119386358034538,0,0,40,0,128,256,1,1,21504,1,1
"KERNEL_DISPATCH","Agent 2",1,0,1069504,2625,20,"convert_f32_to_f16",2625,1119386358049076,1119386358051480,0,0,8,0,128,256,1,1,172032,1,1
"KERNEL_DISPATCH","Agent 2",1,0,1069504,2626,18,"gemm_qkvza_hfq4g256_wmma",2626,1119386358056518,1119386358512210,0,0,80,0,128,32,1,1,24704,6,1
"KERNEL_DISPATCH","Agent 2",1,0,1069504,2627,21,"fused_sigmoid_alpha_gate_f32",2627,1119386358531307,1119386358532950,0,0,16,0,128,256,1,1,256,84,1
"KERNEL_DISPATCH","Agent 2",1,0,1069504,2628,22,"conv1d_silu_split_f32",2628,1119386358547367,1119386358568286,0,0,24,0,128,256,1,1,8192,1,1
"KERNEL_DISPATCH","Agent 2",1,0,1069504,2629,23,"fused_qk_l2_norm_scale_f32",2629,1119386358585969,1119386358594305,0,0,16,0,128,32,1,1,512,84,1
"KERNEL_DISPATCH","Agent 2",1,0,1069504,2630,24,"repeat_interleave_qk_f32_batched",2630,1119386358608290,1119386358614381,0,0,8,0,128,256,1,1,4096,84,1
"KERNEL_DISPATCH","Agent 2",1,0,1069504,2631,25,"gated_delta_net_q8_fast",2631,1119386358628579,1119386358774011,2048,0,64,0,128,32,1,1,1024,32,1
"KERNEL_DISPATCH","Agent 2",1,0,1069504,2632,26,"gated_norm_f32",2632,1119386358791613,1119386358800109,0,0,24,0,128,32,1,1,1024,84,1
"KERNEL_DISPATCH","Agent 2",1,0,1069504,2633,27,"mq_rotate_x",2633,1119386358813774,1119386358817221,0,0,32,0,128,32,1,1,512,84,1
"KERNEL_DISPATCH","Agent 2",1,0,1069504,2634,20,"convert_f32_to_f16",2634,1119386358834693,1119386358838500,0,0,8,0,128,256,1,1,344064,1,1
"KERNEL_DISPATCH","Agent 2",1,0,1069504,2635,29,"gemm_hfq4g256_residual_wmma_k2x32",2635,1119386358843621,1119386358973945,0,0,64,0,128,32,1,1,2048,6,1
"KERNEL_DISPATCH","Agent 2",1,0,1069504,2636,30,"rmsnorm_f32",2636,1119386358996025,1119386359001475,0,0,16,0,128,256,1,1,21504,1,1
"KERNEL_DISPATCH","Agent 2",1,0,1069504,2637,27,"mq_rotate_x",2637,1119386359016714,1119386359018838,0,0,32,0,128,32,1,1,256,84,1
"KERNEL_DISPATCH","Agent 2",1,0,1069504,2638,31,"gemm_hfq4g256",2638,1119386359036350,1119386359074261,0,0,32,0,128,32,1,1,8192,11,1
"KERNEL_DISPATCH","Agent 2",1,0,1069504,2639,31,"gemm_hfq4g256",2639,1119386359091674,1119386359105780,0,0,32,0,128,32,1,1,32,11,1
"KERNEL_DISPATCH","Agent 2",1,0,1069504,2640,20,"convert_f32_to_f16",2640,1119386359120097,1119386359122421,0,0,8,0,128,256,1,1,172032,1,1
"KERNEL_DISPATCH","Agent 2",1,0,1069504,2641,32,"gemm_gate_up_hfq4g256_wmma_ldscoop_nosync",2641,1119386359127471,1119386359159691,0,0,64,0,128,32,1,1,2048,6,1
"KERNEL_DISPATCH","Agent 2",1,0,1069504,2642,33,"softmax_f32",2642,1119386359174740,1119386359177706,0,0,16,0,128,256,1,1,21504,1,1
"KERNEL_DISPATCH","Agent 2",1,0,1069504,2643,34,"moe_topk_renorm_k8_batched",2643,1119386359182864,1119386359189196,10752,0,40,0,128,256,1,1,21504,1,1
"KERNEL_DISPATCH","Agent 2",1,0,1069504,2644,35,"fused_silu_mul_mq_rotate",2644,1119386359203905,1119386359205788,0,0,88,0,128,32,1,1,64,84,1
"KERNEL_DISPATCH","Agent 2",1,0,1069504,2645,36,"gemv_hfq4g256_residual_sigmoid_scaled_gpu_batched",2645,1119386359220555,1119386359332124,0,0,72,0,128,32,1,1,65536,84,1
"KERNEL_DISPATCH","Agent 2",1,0,1069504,2646,40,"moe_scatter_fused_k8",2646,1119386359351480,1119386359359775,0,0,24,0,128,256,1,1,256,1,1
"KERNEL_DISPATCH","Agent 2",1,0,1069504,2647,45,"quantize_q8_1_mmq_ds4",2647,1119386359371177,1119386359373461,0,0,24,0,128,256,1,1,512,84,1
"KERNEL_DISPATCH","Agent 2",1,0,1069504,2648,41,"gemm_hfq4g256_moe_grouped_mmq_gfx1151",2648,1119386359378470,1119386359776414,0,0,128,0,128,32,1,1,2048,282,1
"KERNEL_DISPATCH","Agent 2",1,0,1069504,2649,46,"moe_gate_up_unscatter_k8",2649,1119386359794348,1119386359817832,0,0,8,0,128,256,1,1,512,4512,1
"KERNEL_DISPATCH","Agent 2",1,0,1069504,2650,35,"fused_silu_mul_mq_rotate",2650,1119386359835234,1119386359841165,0,0,88,0,128,32,1,1,64,672,1
"KERNEL_DISPATCH","Agent 2",1,0,1069504,2651,45,"quantize_q8_1_mmq_ds4",2651,1119386359853640,1119386359856605,0,0,24,0,128,256,1,1,256,672,1
"KERNEL_DISPATCH","Agent 2",1,0,1069504,2652,41,"gemm_hfq4g256_moe_grouped_mmq_gfx1151",2652,1119386359861665,1119386360081636,0,0,128,0,128,32,1,1,4096,282,1
"KERNEL_DISPATCH","Agent 2",1,0,1069504,2653,47,"moe_down_combine_grouped_k8",2653,1119386360102414,1119386360122652,0,0,8,0,128,256,1,1,2048,84,1
"KERNEL_DISPATCH","Agent 2",1,0,1069504,2654,17,"fused_rmsnorm_mq_rotate",2654,1119386360137100,1119386360143472,0,0,40,0,128,256,1,1,21504,1,1
"KERNEL_DISPATCH","Agent 2",1,0,1069504,2655,20,"convert_f32_to_f16",2655,1119386360158379,1119386360160823,0,0,8,0,128,256,1,1,172032,1,1
"KERNEL_DISPATCH","Agent 2",1,0,1069504,2656,18,"gemm_qkvza_hfq4g256_wmma",2656,1119386360165993,1119386360625893,0,0,80,0,128,32,1,1,24704,6,1
"KERNEL_DISPATCH","Agent 2",1,0,1069504,2657,21,"fused_sigmoid_alpha_gate_f32",2657,1119386360645349,1119386360646912,0,0,16,0,128,256,1,1,256,84,1
"KERNEL_DISPATCH","Agent 2",1,0,1069504,2658,22,"conv1d_silu_split_f32",2658,1119386360661741,1119386360683181,0,0,24,0,128,256,1,1,8192,1,1
"KERNEL_DISPATCH","Agent 2",1,0,1069504,2659,23,"fused_qk_l2_norm_scale_f32",2659,1119386360702217,1119386360710873,0,0,16,0,128,32,1,1,512,84,1
"KERNEL_DISPATCH","Agent 2",1,0,1069504,2660,24,"repeat_interleave_qk_f32_batched",2660,1119386360725559,1119386360731691,0,0,8,0,128,256,1,1,4096,84,1
"KERNEL_DISPATCH","Agent 2",1,0,1069504,2661,25,"gated_delta_net_q8_fast",2661,1119386360746629,1119386360892943,2048,0,64,0,128,32,1,1,1024,32,1
"KERNEL_DISPATCH","Agent 2",1,0,1069504,2662,26,"gated_norm_f32",2662,1119386360910656,1119386360919673,0,0,24,0,128,32,1,1,1024,84,1
"KERNEL_DISPATCH","Agent 2",1,0,1069504,2663,27,"mq_rotate_x",2663,1119386360933489,1119386360937216,0,0,32,0,128,32,1,1,512,84,1
"KERNEL_DISPATCH","Agent 2",1,0,1069504,2664,20,"convert_f32_to_f16",2664,1119386360953848,1119386360957494,0,0,8,0,128,256,1,1,344064,1,1
"KERNEL_DISPATCH","Agent 2",1,0,1069504,2665,29,"gemm_hfq4g256_residual_wmma_k2x32",2665,1119386360962672,1119386361090672,0,0,64,0,128,32,1,1,2048,6,1
"KERNEL_DISPATCH","Agent 2",1,0,1069504,2666,30,"rmsnorm_f32",2666,1119386361108365,1119386361113815,0,0,16,0,128,256,1,1,21504,1,1
"KERNEL_DISPATCH","Agent 2",1,0,1069504,2667,27,"mq_rotate_x",2667,1119386361127621,1119386361129625,0,0,32,0,128,32,1,1,256,84,1
"KERNEL_DISPATCH","Agent 2",1,0,1069504,2668,31,"gemm_hfq4g256",2668,1119386361145315,1119386361182825,0,0,32,0,128,32,1,1,8192,11,1
"KERNEL_DISPATCH","Agent 2",1,0,1069504,2669,31,"gemm_hfq4g256",2669,1119386361200147,1119386361214614,0,0,32,0,128,32,1,1,32,11,1
"KERNEL_DISPATCH","Agent 2",1,0,1069504,2670,20,"convert_f32_to_f16",2670,1119386361228400,1119386361230644,0,0,8,0,128,256,1,1,172032,1,1
"KERNEL_DISPATCH","Agent 2",1,0,1069504,2671,32,"gemm_gate_up_hfq4g256_wmma_ldscoop_nosync",2671,1119386361235694,1119386361268315,0,0,64,0,128,32,1,1,2048,6,1
"KERNEL_DISPATCH","Agent 2",1,0,1069504,2672,33,"softmax_f32",2672,1119386361281980,1119386361284545,0,0,16,0,128,256,1,1,21504,1,1
"KERNEL_DISPATCH","Agent 2",1,0,1069504,2673,34,"moe_topk_renorm_k8_batched",2673,1119386361289714,1119386361296206,10752,0,40,0,128,256,1,1,21504,1,1
"KERNEL_DISPATCH","Agent 2",1,0,1069504,2674,35,"fused_silu_mul_mq_rotate",2674,1119386361308860,1119386361310864,0,0,88,0,128,32,1,1,64,84,1
"KERNEL_DISPATCH","Agent 2",1,0,1069504,2675,36,"gemv_hfq4g256_residual_sigmoid_scaled_gpu_batched",2675,1119386361326463,1119386361437671,0,0,72,0,128,32,1,1,65536,84,1
"KERNEL_DISPATCH","Agent 2",1,0,1069504,2677,45,"quantize_q8_1_mmq_ds4",2677,1119386361477265,1119386361479749,0,0,24,0,128,256,1,1,512,84,1
"KERNEL_DISPATCH","Agent 2",1,0,1069504,2676,40,"moe_scatter_fused_k8",2676,1119386361459151,1119386361467567,0,0,24,0,128,256,1,1,256,1,1
"KERNEL_DISPATCH","Agent 2",1,0,1069504,2678,41,"gemm_hfq4g256_moe_grouped_mmq_gfx1151",2678,1119386361524665,1119386362022996,0,0,128,0,128,32,1,1,2048,282,1
"KERNEL_DISPATCH","Agent 2",1,0,1069504,2679,46,"moe_gate_up_unscatter_k8",2679,1119386362040859,1119386362065705,0,0,8,0,128,256,1,1,512,4512,1
"KERNEL_DISPATCH","Agent 2",1,0,1069504,2680,35,"fused_silu_mul_mq_rotate",2680,1119386362084881,1119386362090812,0,0,88,0,128,32,1,1,64,672,1
"KERNEL_DISPATCH","Agent 2",1,0,1069504,2681,45,"quantize_q8_1_mmq_ds4",2681,1119386362103716,1119386362106642,0,0,24,0,128,256,1,1,256,672,1
"KERNEL_DISPATCH","Agent 2",1,0,1069504,2682,41,"gemm_hfq4g256_moe_grouped_mmq_gfx1151",2682,1119386362111632,1119386362385143,0,0,128,0,128,32,1,1,4096,282,1
"KERNEL_DISPATCH","Agent 2",1,0,1069504,2683,47,"moe_down_combine_grouped_k8",2683,1119386362404820,1119386362426501,0,0,8,0,128,256,1,1,2048,84,1
"KERNEL_DISPATCH","Agent 2",1,0,1069504,2684,17,"fused_rmsnorm_mq_rotate",2684,1119386362444444,1119386362450856,0,0,40,0,128,256,1,1,21504,1,1
"KERNEL_DISPATCH","Agent 2",1,0,1069504,2685,20,"convert_f32_to_f16",2685,1119386362466375,1119386362469100,0,0,8,0,128,256,1,1,172032,1,1
"KERNEL_DISPATCH","Agent 2",1,0,1069504,2686,48,"gemm_qkv_hfq4g256_wmma",2686,1119386362510627,1119386362784820,0,0,80,0,128,32,1,1,18432,6,1
"KERNEL_DISPATCH","Agent 2",1,0,1069504,2687,49,"deinterleave_f32_batched",2687,1119386362802292,1119386362808905,0,0,8,0,128,256,1,1,4096,84,1
"KERNEL_DISPATCH","Agent 2",1,0,1069504,2688,30,"rmsnorm_f32",2688,1119386362823542,1119386362834122,0,0,16,0,128,256,1,1,344064,1,1
"KERNEL_DISPATCH","Agent 2",1,0,1069504,2689,30,"rmsnorm_f32",2689,1119386362849552,1119386362852197,0,0,16,0,128,256,1,1,43008,1,1
"KERNEL_DISPATCH","Agent 2",1,0,1069504,2690,50,"rope_partial_halfsplit_batched_f32",2690,1119386362866713,1119386362871642,0,0,24,0,128,32,1,1,32,84,1
"KERNEL_DISPATCH","Agent 2",1,0,1069504,2691,51,"kv_cache_write_q8_0_batched",2691,1119386362883655,1119386362885819,0,0,8,0,128,32,1,1,512,84,1
"KERNEL_DISPATCH","Agent 2",1,0,1069504,2692,51,"kv_cache_write_q8_0_batched",2692,1119386362888393,1119386362890277,0,0,8,0,128,32,1,1,512,84,1
"KERNEL_DISPATCH","Agent 2",1,0,1069504,2693,52,"attention_q8_0_kv_batched",2693,1119386362895246,1119386362959446,0,0,32,0,128,256,1,1,4096,84,1
"KERNEL_DISPATCH","Agent 2",1,0,1069504,2694,53,"sigmoid_mul_f32",2694,1119386362981337,1119386363017244,0,0,16,0,128,256,1,1,1048576,1,1
"KERNEL_DISPATCH","Agent 2",1,0,1069504,2695,27,"mq_rotate_x",2695,1119386363036540,1119386363040107,0,0,32,0,128,32,1,1,512,84,1
"KERNEL_DISPATCH","Agent 2",1,0,1069504,2696,20,"convert_f32_to_f16",2696,1119386363057319,1119386363060886,0,0,8,0,128,256,1,1,344064,1,1
"KERNEL_DISPATCH","Agent 2",1,0,1069504,2697,29,"gemm_hfq4g256_residual_wmma_k2x32",2697,1119386363065935,1119386363194496,0,0,64,0,128,32,1,1,2048,6,1
"KERNEL_DISPATCH","Agent 2",1,0,1069504,2698,30,"rmsnorm_f32",2698,1119386363213662,1119386363218911,0,0,16,0,128,256,1,1,21504,1,1
"KERNEL_DISPATCH","Agent 2",1,0,1069504,2699,27,"mq_rotate_x",2699,1119386363233309,1119386363235273,0,0,32,0,128,32,1,1,256,84,1
"KERNEL_DISPATCH","Agent 2",1,0,1069504,2700,31,"gemm_hfq4g256",2700,1119386363252956,1119386363291027,0,0,32,0,128,32,1,1,8192,11,1
"KERNEL_DISPATCH","Agent 2",1,0,1069504,2701,31,"gemm_hfq4g256",2701,1119386363309932,1119386363324479,0,0,32,0,128,32,1,1,32,11,1
"KERNEL_DISPATCH","Agent 2",1,0,1069504,2702,20,"convert_f32_to_f16",2702,1119386363346371,1119386363348655,0,0,8,0,128,256,1,1,172032,1,1
"KERNEL_DISPATCH","Agent 2",1,0,1069504,2703,32,"gemm_gate_up_hfq4g256_wmma_ldscoop_nosync",2703,1119386363353534,1119386363385714,0,0,64,0,128,32,1,1,2048,6,1
"KERNEL_DISPATCH","Agent 2",1,0,1069504,2704,33,"softmax_f32",2704,1119386363400671,1119386363403236,0,0,16,0,128,256,1,1,21504,1,1
"KERNEL_DISPATCH","Agent 2",1,0,1069504,2705,34,"moe_topk_renorm_k8_batched",2705,1119386363408406,1119386363414898,10752,0,40,0,128,256,1,1,21504,1,1
"KERNEL_DISPATCH","Agent 2",1,0,1069504,2706,35,"fused_silu_mul_mq_rotate",2706,1119386363429185,1119386363431028,0,0,88,0,128,32,1,1,64,84,1
"KERNEL_DISPATCH","Agent 2",1,0,1069504,2707,36,"gemv_hfq4g256_residual_sigmoid_scaled_gpu_batched",2707,1119386363445896,1119386363556903,0,0,72,0,128,32,1,1,65536,84,1
"KERNEL_DISPATCH","Agent 2",1,0,1069504,2708,40,"moe_scatter_fused_k8",2708,1119386363575168,1119386363583543,0,0,24,0,128,256,1,1,256,1,1
"KERNEL_DISPATCH","Agent 2",1,0,1069504,2709,45,"quantize_q8_1_mmq_ds4",2709,1119386363595606,1119386363597931,0,0,24,0,128,256,1,1,512,84,1
"KERNEL_DISPATCH","Agent 2",1,0,1069504,2710,41,"gemm_hfq4g256_moe_grouped_mmq_gfx1151",2710,1119386363603210,1119386364101502,0,0,128,0,128,32,1,1,2048,282,1
"KERNEL_DISPATCH","Agent 2",1,0,1069504,2711,46,"moe_gate_up_unscatter_k8",2711,1119386364120838,1119386364147087,0,0,8,0,128,256,1,1,512,4512,1
"KERNEL_DISPATCH","Agent 2",1,0,1069504,2712,35,"fused_silu_mul_mq_rotate",2712,1119386364166123,1119386364172214,0,0,88,0,128,32,1,1,64,672,1
"KERNEL_DISPATCH","Agent 2",1,0,1069504,2713,45,"quantize_q8_1_mmq_ds4",2713,1119386364184437,1119386364187403,0,0,24,0,128,256,1,1,256,672,1
"KERNEL_DISPATCH","Agent 2",1,0,1069504,2714,41,"gemm_hfq4g256_moe_grouped_mmq_gfx1151",2714,1119386364191982,1119386364485290,0,0,128,0,128,32,1,1,4096,282,1
"KERNEL_DISPATCH","Agent 2",1,0,1069504,2715,47,"moe_down_combine_grouped_k8",2715,1119386364503495,1119386364526137,0,0,8,0,128,256,1,1,2048,84,1
"KERNEL_DISPATCH","Agent 2",1,0,1069504,2716,17,"fused_rmsnorm_mq_rotate",2716,1119386364545121,1119386364551533,0,0,40,0,128,256,1,1,21504,1,1
"KERNEL_DISPATCH","Agent 2",1,0,1069504,2717,20,"convert_f32_to_f16",2717,1119386364565861,1119386364568305,0,0,8,0,128,256,1,1,172032,1,1
"KERNEL_DISPATCH","Agent 2",1,0,1069504,2718,18,"gemm_qkvza_hfq4g256_wmma",2718,1119386364573685,1119386365028134,0,0,80,0,128,32,1,1,24704,6,1
"KERNEL_DISPATCH","Agent 2",1,0,1069504,2719,21,"fused_sigmoid_alpha_gate_f32",2719,1119386365047491,1119386365049174,0,0,16,0,128,256,1,1,256,84,1
"KERNEL_DISPATCH","Agent 2",1,0,1069504,2720,22,"conv1d_silu_split_f32",2720,1119386365063611,1119386365084891,0,0,24,0,128,256,1,1,8192,1,1
"KERNEL_DISPATCH","Agent 2",1,0,1069504,2721,23,"fused_qk_l2_norm_scale_f32",2721,1119386365102033,1119386365110249,0,0,16,0,128,32,1,1,512,84,1
"KERNEL_DISPATCH","Agent 2",1,0,1069504,2722,24,"repeat_interleave_qk_f32_batched",2722,1119386365125016,1119386365131267,0,0,8,0,128,256,1,1,4096,84,1
"KERNEL_DISPATCH","Agent 2",1,0,1069504,2723,25,"gated_delta_net_q8_fast",2723,1119386365146246,1119386365294804,2048,0,64,0,128,32,1,1,1024,32,1
"KERNEL_DISPATCH","Agent 2",1,0,1069504,2724,26,"gated_norm_f32",2724,1119386365313840,1119386365322776,0,0,24,0,128,32,1,1,1024,84,1
"KERNEL_DISPATCH","Agent 2",1,0,1069504,2725,27,"mq_rotate_x",2725,1119386365337092,1119386365340659,0,0,32,0,128,32,1,1,512,84,1
"KERNEL_DISPATCH","Agent 2",1,0,1069504,2726,20,"convert_f32_to_f16",2726,1119386365357130,1119386365360977,0,0,8,0,128,256,1,1,344064,1,1
"KERNEL_DISPATCH","Agent 2",1,0,1069504,2727,29,"gemm_hfq4g256_residual_wmma_k2x32",2727,1119386365366108,1119386365494267,0,0,64,0,128,32,1,1,2048,6,1
"KERNEL_DISPATCH","Agent 2",1,0,1069504,2728,30,"rmsnorm_f32",2728,1119386365512180,1119386365517590,0,0,16,0,128,256,1,1,21504,1,1
"KERNEL_DISPATCH","Agent 2",1,0,1069504,2729,27,"mq_rotate_x",2729,1119386365530424,1119386365532548,0,0,32,0,128,32,1,1,256,84,1
"KERNEL_DISPATCH","Agent 2",1,0,1069504,2730,31,"gemm_hfq4g256",2730,1119386365549900,1119386365588132,0,0,32,0,128,32,1,1,8192,11,1
"KERNEL_DISPATCH","Agent 2",1,0,1069504,2731,31,"gemm_hfq4g256",2731,1119386365605215,1119386365619842,0,0,32,0,128,32,1,1,32,11,1
"KERNEL_DISPATCH","Agent 2",1,0,1069504,2732,20,"convert_f32_to_f16",2732,1119386365634588,1119386365636913,0,0,8,0,128,256,1,1,172032,1,1
"KERNEL_DISPATCH","Agent 2",1,0,1069504,2733,32,"gemm_gate_up_hfq4g256_wmma_ldscoop_nosync",2733,1119386365641882,1119386365674303,0,0,64,0,128,32,1,1,2048,6,1
"KERNEL_DISPATCH","Agent 2",1,0,1069504,2734,33,"softmax_f32",2734,1119386365688961,1119386365691726,0,0,16,0,128,256,1,1,21504,1,1
"KERNEL_DISPATCH","Agent 2",1,0,1069504,2735,34,"moe_topk_renorm_k8_batched",2735,1119386365696835,1119386365703167,10752,0,40,0,128,256,1,1,21504,1,1
"KERNEL_DISPATCH","Agent 2",1,0,1069504,2736,35,"fused_silu_mul_mq_rotate",2736,1119386365716822,1119386365718946,0,0,88,0,128,32,1,1,64,84,1
"KERNEL_DISPATCH","Agent 2",1,0,1069504,2737,36,"gemv_hfq4g256_residual_sigmoid_scaled_gpu_batched",2737,1119386365732201,1119386365844331,0,0,72,0,128,32,1,1,65536,84,1
"KERNEL_DISPATCH","Agent 2",1,0,1069504,2738,40,"moe_scatter_fused_k8",2738,1119386365862294,1119386365870630,0,0,24,0,128,256,1,1,256,1,1
"KERNEL_DISPATCH","Agent 2",1,0,1069504,2739,45,"quantize_q8_1_mmq_ds4",2739,1119386365882372,1119386365884616,0,0,24,0,128,256,1,1,512,84,1
"KERNEL_DISPATCH","Agent 2",1,0,1069504,2740,41,"gemm_hfq4g256_moe_grouped_mmq_gfx1151",2740,1119386365889817,1119386366410430,0,0,128,0,128,32,1,1,2048,282,1
"KERNEL_DISPATCH","Agent 2",1,0,1069504,2741,46,"moe_gate_up_unscatter_k8",2741,1119386366429706,1119386366456837,0,0,8,0,128,256,1,1,512,4512,1
"KERNEL_DISPATCH","Agent 2",1,0,1069504,2742,35,"fused_silu_mul_mq_rotate",2742,1119386366474709,1119386366480641,0,0,88,0,128,32,1,1,64,672,1
"KERNEL_DISPATCH","Agent 2",1,0,1069504,2743,45,"quantize_q8_1_mmq_ds4",2743,1119386366492022,1119386366494907,0,0,24,0,128,256,1,1,256,672,1
"KERNEL_DISPATCH","Agent 2",1,0,1069504,2744,41,"gemm_hfq4g256_moe_grouped_mmq_gfx1151",2744,1119386366512470,1119386366814996,0,0,128,0,128,32,1,1,4096,282,1
"KERNEL_DISPATCH","Agent 2",1,0,1069504,2745,47,"moe_down_combine_grouped_k8",2745,1119386366834682,1119386366859369,0,0,8,0,128,256,1,1,2048,84,1
"KERNEL_DISPATCH","Agent 2",1,0,1069504,2746,17,"fused_rmsnorm_mq_rotate",2746,1119386366878665,1119386366885037,0,0,40,0,128,256,1,1,21504,1,1
"KERNEL_DISPATCH","Agent 2",1,0,1069504,2747,20,"convert_f32_to_f16",2747,1119386366900786,1119386366903231,0,0,8,0,128,256,1,1,172032,1,1
"KERNEL_DISPATCH","Agent 2",1,0,1069504,2748,18,"gemm_qkvza_hfq4g256_wmma",2748,1119386366908240,1119386367372308,0,0,80,0,128,32,1,1,24704,6,1
"KERNEL_DISPATCH","Agent 2",1,0,1069504,2749,21,"fused_sigmoid_alpha_gate_f32",2749,1119386367391624,1119386367393147,0,0,16,0,128,256,1,1,256,84,1
"KERNEL_DISPATCH","Agent 2",1,0,1069504,2750,22,"conv1d_silu_split_f32",2750,1119386367407655,1119386367429015,0,0,24,0,128,256,1,1,8192,1,1
"KERNEL_DISPATCH","Agent 2",1,0,1069504,2751,23,"fused_qk_l2_norm_scale_f32",2751,1119386367446446,1119386367455063,0,0,16,0,128,32,1,1,512,84,1
"KERNEL_DISPATCH","Agent 2",1,0,1069504,2752,24,"repeat_interleave_qk_f32_batched",2752,1119386367470411,1119386367476503,0,0,8,0,128,256,1,1,4096,84,1
"KERNEL_DISPATCH","Agent 2",1,0,1069504,2753,25,"gated_delta_net_q8_fast",2753,1119386367491721,1119386367635229,2048,0,64,0,128,32,1,1,1024,32,1
"KERNEL_DISPATCH","Agent 2",1,0,1069504,2754,26,"gated_norm_f32",2754,1119386367654276,1119386367662732,0,0,24,0,128,32,1,1,1024,84,1
"KERNEL_DISPATCH","Agent 2",1,0,1069504,2755,27,"mq_rotate_x",2755,1119386367677649,1119386367681176,0,0,32,0,128,32,1,1,512,84,1
"KERNEL_DISPATCH","Agent 2",1,0,1069504,2756,20,"convert_f32_to_f16",2756,1119386367698087,1119386367701774,0,0,8,0,128,256,1,1,344064,1,1
"KERNEL_DISPATCH","Agent 2",1,0,1069504,2757,29,"gemm_hfq4g256_residual_wmma_k2x32",2757,1119386367706903,1119386367836586,0,0,64,0,128,32,1,1,2048,6,1
"KERNEL_DISPATCH","Agent 2",1,0,1069504,2758,30,"rmsnorm_f32",2758,1119386367854310,1119386367859800,0,0,16,0,128,256,1,1,21504,1,1
"KERNEL_DISPATCH","Agent 2",1,0,1069504,2759,27,"mq_rotate_x",2759,1119386367874537,1119386367876461,0,0,32,0,128,32,1,1,256,84,1
"KERNEL_DISPATCH","Agent 2",1,0,1069504,2760,31,"gemm_hfq4g256",2760,1119386367898702,1119386367936373,0,0,32,0,128,32,1,1,8192,11,1
"KERNEL_DISPATCH","Agent 2",1,0,1069504,2761,31,"gemm_hfq4g256",2761,1119386367954917,1119386367969304,0,0,32,0,128,32,1,1,32,11,1
"KERNEL_DISPATCH","Agent 2",1,0,1069504,2766,35,"fused_silu_mul_mq_rotate",2766,1119386368071265,1119386368073509,0,0,88,0,128,32,1,1,64,84,1
"KERNEL_DISPATCH","Agent 2",1,0,1069504,2765,34,"moe_topk_renorm_k8_batched",2765,1119386368050857,1119386368057108,10752,0,40,0,128,256,1,1,21504,1,1
"KERNEL_DISPATCH","Agent 2",1,0,1069504,2764,33,"softmax_f32",2764,1119386368043363,1119386368045927,0,0,16,0,128,256,1,1,21504,1,1
"KERNEL_DISPATCH","Agent 2",1,0,1069504,2763,32,"gemm_gate_up_hfq4g256_wmma_ldscoop_nosync",2763,1119386367998519,1119386368030258,0,0,64,0,128,32,1,1,2048,6,1
"KERNEL_DISPATCH","Agent 2",1,0,1069504,2762,20,"convert_f32_to_f16",2762,1119386367991345,1119386367993590,0,0,8,0,128,256,1,1,172032,1,1
"KERNEL_DISPATCH","Agent 2",1,0,1069504,2767,36,"gemv_hfq4g256_residual_sigmoid_scaled_gpu_batched",2767,1119386368087867,1119386368198674,0,0,72,0,128,32,1,1,65536,84,1
"KERNEL_DISPATCH","Agent 2",1,0,1069504,2768,40,"moe_scatter_fused_k8",2768,1119386368223059,1119386368231274,0,0,24,0,128,256,1,1,256,1,1
"KERNEL_DISPATCH","Agent 2",1,0,1069504,2769,45,"quantize_q8_1_mmq_ds4",2769,1119386368242646,1119386368245491,0,0,24,0,128,256,1,1,512,84,1
"KERNEL_DISPATCH","Agent 2",1,0,1069504,2770,41,"gemm_hfq4g256_moe_grouped_mmq_gfx1151",2770,1119386368250710,1119386368753931,0,0,128,0,128,32,1,1,2048,282,1
"KERNEL_DISPATCH","Agent 2",1,0,1069504,2771,46,"moe_gate_up_unscatter_k8",2771,1119386368773247,1119386368799056,0,0,8,0,128,256,1,1,512,4512,1
"KERNEL_DISPATCH","Agent 2",1,0,1069504,2772,35,"fused_silu_mul_mq_rotate",2772,1119386368818171,1119386368824223,0,0,88,0,128,32,1,1,64,672,1
"KERNEL_DISPATCH","Agent 2",1,0,1069504,2773,45,"quantize_q8_1_mmq_ds4",2773,1119386368838169,1119386368841094,0,0,24,0,128,256,1,1,256,672,1
"KERNEL_DISPATCH","Agent 2",1,0,1069504,2774,41,"gemm_hfq4g256_moe_grouped_mmq_gfx1151",2774,1119386368846104,1119386369132038,0,0,128,0,128,32,1,1,4096,282,1
"KERNEL_DISPATCH","Agent 2",1,0,1069504,2775,47,"moe_down_combine_grouped_k8",2775,1119386369149882,1119386369174928,0,0,8,0,128,256,1,1,2048,84,1
"KERNEL_DISPATCH","Agent 2",1,0,1069504,2776,17,"fused_rmsnorm_mq_rotate",2776,1119386369194064,1119386369200597,0,0,40,0,128,256,1,1,21504,1,1
"KERNEL_DISPATCH","Agent 2",1,0,1069504,2777,20,"convert_f32_to_f16",2777,1119386369215474,1119386369218039,0,0,8,0,128,256,1,1,172032,1,1
"KERNEL_DISPATCH","Agent 2",1,0,1069504,2778,18,"gemm_qkvza_hfq4g256_wmma",2778,1119386369222919,1119386369699450,0,0,80,0,128,32,1,1,24704,6,1
"KERNEL_DISPATCH","Agent 2",1,0,1069504,2779,21,"fused_sigmoid_alpha_gate_f32",2779,1119386369718785,1119386369720308,0,0,16,0,128,256,1,1,256,84,1
"KERNEL_DISPATCH","Agent 2",1,0,1069504,2780,22,"conv1d_silu_split_f32",2780,1119386369735116,1119386369755995,0,0,24,0,128,256,1,1,8192,1,1
"KERNEL_DISPATCH","Agent 2",1,0,1069504,2781,23,"fused_qk_l2_norm_scale_f32",2781,1119386369773528,1119386369781863,0,0,16,0,128,32,1,1,512,84,1
"KERNEL_DISPATCH","Agent 2",1,0,1069504,2782,24,"repeat_interleave_qk_f32_batched",2782,1119386369797243,1119386369803495,0,0,8,0,128,256,1,1,4096,84,1
"KERNEL_DISPATCH","Agent 2",1,0,1069504,2783,25,"gated_delta_net_q8_fast",2783,1119386369817951,1119386369966749,2048,0,64,0,128,32,1,1,1024,32,1
"KERNEL_DISPATCH","Agent 2",1,0,1069504,2784,26,"gated_norm_f32",2784,1119386369985634,1119386369994411,0,0,24,0,128,32,1,1,1024,84,1
"KERNEL_DISPATCH","Agent 2",1,0,1069504,2785,27,"mq_rotate_x",2785,1119386370007736,1119386370011182,0,0,32,0,128,32,1,1,512,84,1
"KERNEL_DISPATCH","Agent 2",1,0,1069504,2786,20,"convert_f32_to_f16",2786,1119386370026300,1119386370029987,0,0,8,0,128,256,1,1,344064,1,1
"KERNEL_DISPATCH","Agent 2",1,0,1069504,2787,29,"gemm_hfq4g256_residual_wmma_k2x32",2787,1119386370035268,1119386370163308,0,0,64,0,128,32,1,1,2048,6,1
"KERNEL_DISPATCH","Agent 2",1,0,1069504,2788,30,"rmsnorm_f32",2788,1119386370182483,1119386370187973,0,0,16,0,128,256,1,1,21504,1,1
"KERNEL_DISPATCH","Agent 2",1,0,1069504,2789,27,"mq_rotate_x",2789,1119386370200397,1119386370202401,0,0,32,0,128,32,1,1,256,84,1
"KERNEL_DISPATCH","Agent 2",1,0,1069504,2790,31,"gemm_hfq4g256",2790,1119386370219622,1119386370257773,0,0,32,0,128,32,1,1,8192,11,1
"KERNEL_DISPATCH","Agent 2",1,0,1069504,2791,31,"gemm_hfq4g256",2791,1119386370275927,1119386370289953,0,0,32,0,128,32,1,1,32,11,1
"KERNEL_DISPATCH","Agent 2",1,0,1069504,2792,20,"convert_f32_to_f16",2792,1119386370304400,1119386370306565,0,0,8,0,128,256,1,1,172032,1,1
"KERNEL_DISPATCH","Agent 2",1,0,1069504,2793,32,"gemm_gate_up_hfq4g256_wmma_ldscoop_nosync",2793,1119386370311654,1119386370344035,0,0,64,0,128,32,1,1,2048,6,1
"KERNEL_DISPATCH","Agent 2",1,0,1069504,2794,33,"softmax_f32",2794,1119386370358872,1119386370361597,0,0,16,0,128,256,1,1,21504,1,1
"KERNEL_DISPATCH","Agent 2",1,0,1069504,2795,34,"moe_topk_renorm_k8_batched",2795,1119386370366687,1119386370373099,10752,0,40,0,128,256,1,1,21504,1,1
"KERNEL_DISPATCH","Agent 2",1,0,1069504,2796,35,"fused_silu_mul_mq_rotate",2796,1119386370386524,1119386370388367,0,0,88,0,128,32,1,1,64,84,1
"KERNEL_DISPATCH","Agent 2",1,0,1069504,2797,36,"gemv_hfq4g256_residual_sigmoid_scaled_gpu_batched",2797,1119386370400791,1119386370512039,0,0,72,0,128,32,1,1,65536,84,1
"KERNEL_DISPATCH","Agent 2",1,0,1069504,2798,40,"moe_scatter_fused_k8",2798,1119386370530975,1119386370539391,0,0,24,0,128,256,1,1,256,1,1
"KERNEL_DISPATCH","Agent 2",1,0,1069504,2799,45,"quantize_q8_1_mmq_ds4",2799,1119386370551723,1119386370554047,0,0,24,0,128,256,1,1,512,84,1
"KERNEL_DISPATCH","Agent 2",1,0,1069504,2800,41,"gemm_hfq4g256_moe_grouped_mmq_gfx1151",2800,1119386370559017,1119386371039796,0,0,128,0,128,32,1,1,2048,282,1
"KERNEL_DISPATCH","Agent 2",1,0,1069504,2801,46,"moe_gate_up_unscatter_k8",2801,1119386371057901,1119386371084430,0,0,8,0,128,256,1,1,512,4512,1
"KERNEL_DISPATCH","Agent 2",1,0,1069504,2802,35,"fused_silu_mul_mq_rotate",2802,1119386371101932,1119386371107903,0,0,88,0,128,32,1,1,64,672,1
"KERNEL_DISPATCH","Agent 2",1,0,1069504,2803,45,"quantize_q8_1_mmq_ds4",2803,1119386371120507,1119386371123672,0,0,24,0,128,256,1,1,256,672,1
"KERNEL_DISPATCH","Agent 2",1,0,1069504,2804,41,"gemm_hfq4g256_moe_grouped_mmq_gfx1151",2804,1119386371128752,1119386371398577,0,0,128,0,128,32,1,1,4096,282,1
"KERNEL_DISPATCH","Agent 2",1,0,1069504,2805,47,"moe_down_combine_grouped_k8",2805,1119386371416722,1119386371439925,0,0,8,0,128,256,1,1,2048,84,1
"KERNEL_DISPATCH","Agent 2",1,0,1069504,2806,17,"fused_rmsnorm_mq_rotate",2806,1119386371458079,1119386371464651,0,0,40,0,128,256,1,1,21504,1,1
"KERNEL_DISPATCH","Agent 2",1,0,1069504,2807,20,"convert_f32_to_f16",2807,1119386371478057,1119386371480501,0,0,8,0,128,256,1,1,172032,1,1
"KERNEL_DISPATCH","Agent 2",1,0,1069504,2808,48,"gemm_qkv_hfq4g256_wmma",2808,1119386371511598,1119386371783626,0,0,80,0,128,32,1,1,18432,6,1
"KERNEL_DISPATCH","Agent 2",1,0,1069504,2809,49,"deinterleave_f32_batched",2809,1119386371802732,1119386371809345,0,0,8,0,128,256,1,1,4096,84,1
"KERNEL_DISPATCH","Agent 2",1,0,1069504,2810,30,"rmsnorm_f32",2810,1119386371823321,1119386371833861,0,0,16,0,128,256,1,1,344064,1,1
"KERNEL_DISPATCH","Agent 2",1,0,1069504,2811,30,"rmsnorm_f32",2811,1119386371848618,1119386371851303,0,0,16,0,128,256,1,1,43008,1,1
"KERNEL_DISPATCH","Agent 2",1,0,1069504,2812,50,"rope_partial_halfsplit_batched_f32",2812,1119386371865560,1119386371870689,0,0,24,0,128,32,1,1,32,84,1
"KERNEL_DISPATCH","Agent 2",1,0,1069504,2813,51,"kv_cache_write_q8_0_batched",2813,1119386371883474,1119386371885598,0,0,8,0,128,32,1,1,512,84,1
"KERNEL_DISPATCH","Agent 2",1,0,1069504,2814,51,"kv_cache_write_q8_0_batched",2814,1119386371888242,1119386371889965,0,0,8,0,128,32,1,1,512,84,1
"KERNEL_DISPATCH","Agent 2",1,0,1069504,2815,52,"attention_q8_0_kv_batched",2815,1119386371894936,1119386371959857,0,0,32,0,128,256,1,1,4096,84,1
"KERNEL_DISPATCH","Agent 2",1,0,1069504,2816,53,"sigmoid_mul_f32",2816,1119386371980615,1119386372014518,0,0,16,0,128,256,1,1,1048576,1,1
"KERNEL_DISPATCH","Agent 2",1,0,1069504,2817,27,"mq_rotate_x",2817,1119386372034896,1119386372038223,0,0,32,0,128,32,1,1,512,84,1
"KERNEL_DISPATCH","Agent 2",1,0,1069504,2818,20,"convert_f32_to_f16",2818,1119386372053732,1119386372057338,0,0,8,0,128,256,1,1,344064,1,1
"KERNEL_DISPATCH","Agent 2",1,0,1069504,2819,29,"gemm_hfq4g256_residual_wmma_k2x32",2819,1119386372062388,1119386372189666,0,0,64,0,128,32,1,1,2048,6,1
"KERNEL_DISPATCH","Agent 2",1,0,1069504,2820,30,"rmsnorm_f32",2820,1119386372206889,1119386372212379,0,0,16,0,128,256,1,1,21504,1,1
"KERNEL_DISPATCH","Agent 2",1,0,1069504,2821,27,"mq_rotate_x",2821,1119386372227017,1119386372229020,0,0,32,0,128,32,1,1,256,84,1
"KERNEL_DISPATCH","Agent 2",1,0,1069504,2822,31,"gemm_hfq4g256",2822,1119386372244418,1119386372282610,0,0,32,0,128,32,1,1,8192,11,1
"KERNEL_DISPATCH","Agent 2",1,0,1069504,2823,31,"gemm_hfq4g256",2823,1119386372301665,1119386372315932,0,0,32,0,128,32,1,1,32,11,1
"KERNEL_DISPATCH","Agent 2",1,0,1069504,2824,20,"convert_f32_to_f16",2824,1119386372338484,1119386372340728,0,0,8,0,128,256,1,1,172032,1,1
"KERNEL_DISPATCH","Agent 2",1,0,1069504,2825,32,"gemm_gate_up_hfq4g256_wmma_ldscoop_nosync",2825,1119386372345738,1119386372378198,0,0,64,0,128,32,1,1,2048,6,1
"KERNEL_DISPATCH","Agent 2",1,0,1069504,2826,33,"softmax_f32",2826,1119386372393186,1119386372395831,0,0,16,0,128,256,1,1,21504,1,1
"KERNEL_DISPATCH","Agent 2",1,0,1069504,2827,34,"moe_topk_renorm_k8_batched",2827,1119386372401001,1119386372407413,10752,0,40,0,128,256,1,1,21504,1,1
"KERNEL_DISPATCH","Agent 2",1,0,1069504,2828,35,"fused_silu_mul_mq_rotate",2828,1119386372421279,1119386372423202,0,0,88,0,128,32,1,1,64,84,1
"KERNEL_DISPATCH","Agent 2",1,0,1069504,2829,36,"gemv_hfq4g256_residual_sigmoid_scaled_gpu_batched",2829,1119386372438030,1119386372548717,0,0,72,0,128,32,1,1,65536,84,1
"KERNEL_DISPATCH","Agent 2",1,0,1069504,2830,40,"moe_scatter_fused_k8",2830,1119386372566771,1119386372575187,0,0,24,0,128,256,1,1,256,1,1
"KERNEL_DISPATCH","Agent 2",1,0,1069504,2831,45,"quantize_q8_1_mmq_ds4",2831,1119386372587850,1119386372590135,0,0,24,0,128,256,1,1,512,84,1
"KERNEL_DISPATCH","Agent 2",1,0,1069504,2832,41,"gemm_hfq4g256_moe_grouped_mmq_gfx1151",2832,1119386372595184,1119386373022583,0,0,128,0,128,32,1,1,2048,282,1
"KERNEL_DISPATCH","Agent 2",1,0,1069504,2833,46,"moe_gate_up_unscatter_k8",2833,1119386373040837,1119386373064361,0,0,8,0,128,256,1,1,512,4512,1
"KERNEL_DISPATCH","Agent 2",1,0,1069504,2834,35,"fused_silu_mul_mq_rotate",2834,1119386373081634,1119386373087485,0,0,88,0,128,32,1,1,64,672,1
"KERNEL_DISPATCH","Agent 2",1,0,1069504,2835,45,"quantize_q8_1_mmq_ds4",2835,1119386373100339,1119386373103424,0,0,24,0,128,256,1,1,256,672,1
"KERNEL_DISPATCH","Agent 2",1,0,1069504,2836,41,"gemm_hfq4g256_moe_grouped_mmq_gfx1151",2836,1119386373108474,1119386373357219,0,0,128,0,128,32,1,1,4096,282,1
"KERNEL_DISPATCH","Agent 2",1,0,1069504,2837,47,"moe_down_combine_grouped_k8",2837,1119386373376575,1119386373395851,0,0,8,0,128,256,1,1,2048,84,1
"KERNEL_DISPATCH","Agent 2",1,0,1069504,2838,17,"fused_rmsnorm_mq_rotate",2838,1119386373416800,1119386373423974,0,0,40,0,128,256,1,1,21504,1,1
"KERNEL_DISPATCH","Agent 2",1,0,1069504,2839,20,"convert_f32_to_f16",2839,1119386373438631,1119386373441276,0,0,8,0,128,256,1,1,172032,1,1
"KERNEL_DISPATCH","Agent 2",1,0,1069504,2840,18,"gemm_qkvza_hfq4g256_wmma",2840,1119386373446366,1119386373903220,0,0,80,0,128,32,1,1,24704,6,1
"KERNEL_DISPATCH","Agent 2",1,0,1069504,2841,21,"fused_sigmoid_alpha_gate_f32",2841,1119386373922187,1119386373923709,0,0,16,0,128,256,1,1,256,84,1
"KERNEL_DISPATCH","Agent 2",1,0,1069504,2842,22,"conv1d_silu_split_f32",2842,1119386373938396,1119386373959716,0,0,24,0,128,256,1,1,8192,1,1
"KERNEL_DISPATCH","Agent 2",1,0,1069504,2843,23,"fused_qk_l2_norm_scale_f32",2843,1119386373978911,1119386373987327,0,0,16,0,128,32,1,1,512,84,1
"KERNEL_DISPATCH","Agent 2",1,0,1069504,2844,24,"repeat_interleave_qk_f32_batched",2844,1119386374002917,1119386374009129,0,0,8,0,128,256,1,1,4096,84,1
"KERNEL_DISPATCH","Agent 2",1,0,1069504,2845,25,"gated_delta_net_q8_fast",2845,1119386374025308,1119386374171101,2048,0,64,0,128,32,1,1,1024,32,1
"KERNEL_DISPATCH","Agent 2",1,0,1069504,2846,26,"gated_norm_f32",2846,1119386374190527,1119386374199264,0,0,24,0,128,32,1,1,1024,84,1
"KERNEL_DISPATCH","Agent 2",1,0,1069504,2847,27,"mq_rotate_x",2847,1119386374213941,1119386374217588,0,0,32,0,128,32,1,1,512,84,1
"KERNEL_DISPATCH","Agent 2",1,0,1069504,2848,20,"convert_f32_to_f16",2848,1119386374235090,1119386374238737,0,0,8,0,128,256,1,1,344064,1,1
"KERNEL_DISPATCH","Agent 2",1,0,1069504,2849,29,"gemm_hfq4g256_residual_wmma_k2x32",2849,1119386374244077,1119386374373680,0,0,64,0,128,32,1,1,2048,6,1
"KERNEL_DISPATCH","Agent 2",1,0,1069504,2850,30,"rmsnorm_f32",2850,1119386374391214,1119386374396784,0,0,16,0,128,256,1,1,21504,1,1
"KERNEL_DISPATCH","Agent 2",1,0,1069504,2851,27,"mq_rotate_x",2851,1119386374411742,1119386374413705,0,0,32,0,128,32,1,1,256,84,1
"KERNEL_DISPATCH","Agent 2",1,0,1069504,2852,31,"gemm_hfq4g256",2852,1119386374430937,1119386374468647,0,0,32,0,128,32,1,1,8192,11,1
"KERNEL_DISPATCH","Agent 2",1,0,1069504,2853,31,"gemm_hfq4g256",2853,1119386374486170,1119386374500277,0,0,32,0,128,32,1,1,32,11,1
"KERNEL_DISPATCH","Agent 2",1,0,1069504,2854,20,"convert_f32_to_f16",2854,1119386374514684,1119386374516968,0,0,8,0,128,256,1,1,172032,1,1
"KERNEL_DISPATCH","Agent 2",1,0,1069504,2855,32,"gemm_gate_up_hfq4g256_wmma_ldscoop_nosync",2855,1119386374522157,1119386374554378,0,0,64,0,128,32,1,1,2048,6,1
"KERNEL_DISPATCH","Agent 2",1,0,1069504,2856,33,"softmax_f32",2856,1119386374569426,1119386374572191,0,0,16,0,128,256,1,1,21504,1,1
"KERNEL_DISPATCH","Agent 2",1,0,1069504,2857,34,"moe_topk_renorm_k8_batched",2857,1119386374577320,1119386374583732,10752,0,40,0,128,256,1,1,21504,1,1
"KERNEL_DISPATCH","Agent 2",1,0,1069504,2858,35,"fused_silu_mul_mq_rotate",2858,1119386374598080,1119386374600605,0,0,88,0,128,32,1,1,64,84,1
"KERNEL_DISPATCH","Agent 2",1,0,1069504,2859,36,"gemv_hfq4g256_residual_sigmoid_scaled_gpu_batched",2859,1119386374615131,1119386374726018,0,0,72,0,128,32,1,1,65536,84,1
"KERNEL_DISPATCH","Agent 2",1,0,1069504,2860,40,"moe_scatter_fused_k8",2860,1119386374743852,1119386374752147,0,0,24,0,128,256,1,1,256,1,1
"KERNEL_DISPATCH","Agent 2",1,0,1069504,2861,45,"quantize_q8_1_mmq_ds4",2861,1119386374764510,1119386374767035,0,0,24,0,128,256,1,1,512,84,1
"KERNEL_DISPATCH","Agent 2",1,0,1069504,2862,41,"gemm_hfq4g256_moe_grouped_mmq_gfx1151",2862,1119386374772125,1119386375165460,0,0,128,0,128,32,1,1,2048,282,1
"KERNEL_DISPATCH","Agent 2",1,0,1069504,2863,46,"moe_gate_up_unscatter_k8",2863,1119386375184716,1119386375209042,0,0,8,0,128,256,1,1,512,4512,1
"KERNEL_DISPATCH","Agent 2",1,0,1069504,2864,35,"fused_silu_mul_mq_rotate",2864,1119386375226676,1119386375232807,0,0,88,0,128,32,1,1,64,672,1
"KERNEL_DISPATCH","Agent 2",1,0,1069504,2865,45,"quantize_q8_1_mmq_ds4",2865,1119386375245620,1119386375248626,0,0,24,0,128,256,1,1,256,672,1
"KERNEL_DISPATCH","Agent 2",1,0,1069504,2866,41,"gemm_hfq4g256_moe_grouped_mmq_gfx1151",2866,1119386375253715,1119386375472324,0,0,128,0,128,32,1,1,4096,282,1
"KERNEL_DISPATCH","Agent 2",1,0,1069504,2867,47,"moe_down_combine_grouped_k8",2867,1119386375490138,1119386375509254,0,0,8,0,128,256,1,1,2048,84,1
"KERNEL_DISPATCH","Agent 2",1,0,1069504,2868,17,"fused_rmsnorm_mq_rotate",2868,1119386375532046,1119386375538498,0,0,40,0,128,256,1,1,21504,1,1
"KERNEL_DISPATCH","Agent 2",1,0,1069504,2869,20,"convert_f32_to_f16",2869,1119386375552965,1119386375555530,0,0,8,0,128,256,1,1,172032,1,1
"KERNEL_DISPATCH","Agent 2",1,0,1069504,2870,18,"gemm_qkvza_hfq4g256_wmma",2870,1119386375560410,1119386376006684,0,0,80,0,128,32,1,1,24704,6,1
"KERNEL_DISPATCH","Agent 2",1,0,1069504,2871,21,"fused_sigmoid_alpha_gate_f32",2871,1119386376024617,1119386376026180,0,0,16,0,128,256,1,1,256,84,1
"KERNEL_DISPATCH","Agent 2",1,0,1069504,2872,22,"conv1d_silu_split_f32",2872,1119386376040556,1119386376061916,0,0,24,0,128,256,1,1,8192,1,1
"KERNEL_DISPATCH","Agent 2",1,0,1069504,2873,23,"fused_qk_l2_norm_scale_f32",2873,1119386376079499,1119386376087635,0,0,16,0,128,32,1,1,512,84,1
"KERNEL_DISPATCH","Agent 2",1,0,1069504,2874,24,"repeat_interleave_qk_f32_batched",2874,1119386376102223,1119386376108635,0,0,8,0,128,256,1,1,4096,84,1
"KERNEL_DISPATCH","Agent 2",1,0,1069504,2875,25,"gated_delta_net_q8_fast",2875,1119386376123812,1119386376272971,2048,0,64,0,128,32,1,1,1024,32,1
"KERNEL_DISPATCH","Agent 2",1,0,1069504,2876,26,"gated_norm_f32",2876,1119386376292448,1119386376301585,0,0,24,0,128,32,1,1,1024,84,1
"KERNEL_DISPATCH","Agent 2",1,0,1069504,2877,27,"mq_rotate_x",2877,1119386376316524,1119386376319970,0,0,32,0,128,32,1,1,512,84,1
"KERNEL_DISPATCH","Agent 2",1,0,1069504,2878,20,"convert_f32_to_f16",2878,1119386376335328,1119386376338975,0,0,8,0,128,256,1,1,344064,1,1
"KERNEL_DISPATCH","Agent 2",1,0,1069504,2879,29,"gemm_hfq4g256_residual_wmma_k2x32",2879,1119386376344254,1119386376474939,0,0,64,0,128,32,1,1,2048,6,1
"KERNEL_DISPATCH","Agent 2",1,0,1069504,2880,30,"rmsnorm_f32",2880,1119386376493144,1119386376498554,0,0,16,0,128,256,1,1,21504,1,1
"KERNEL_DISPATCH","Agent 2",1,0,1069504,2881,27,"mq_rotate_x",2881,1119386376511818,1119386376513781,0,0,32,0,128,32,1,1,256,84,1
"KERNEL_DISPATCH","Agent 2",1,0,1069504,2882,31,"gemm_hfq4g256",2882,1119386376545821,1119386376583492,0,0,32,0,128,32,1,1,8192,11,1
"KERNEL_DISPATCH","Agent 2",1,0,1069504,2883,31,"gemm_hfq4g256",2883,1119386376600865,1119386376614891,0,0,32,0,128,32,1,1,32,11,1
"KERNEL_DISPATCH","Agent 2",1,0,1069504,2884,20,"convert_f32_to_f16",2884,1119386376628998,1119386376631242,0,0,8,0,128,256,1,1,172032,1,1
"KERNEL_DISPATCH","Agent 2",1,0,1069504,2885,32,"gemm_gate_up_hfq4g256_wmma_ldscoop_nosync",2885,1119386376636220,1119386376668601,0,0,64,0,128,32,1,1,2048,6,1
"KERNEL_DISPATCH","Agent 2",1,0,1069504,2886,33,"softmax_f32",2886,1119386376683559,1119386376686164,0,0,16,0,128,256,1,1,21504,1,1
"KERNEL_DISPATCH","Agent 2",1,0,1069504,2887,34,"moe_topk_renorm_k8_batched",2887,1119386376691253,1119386376697625,10752,0,40,0,128,256,1,1,21504,1,1
"KERNEL_DISPATCH","Agent 2",1,0,1069504,2888,35,"fused_silu_mul_mq_rotate",2888,1119386376710569,1119386376712854,0,0,88,0,128,32,1,1,64,84,1
"KERNEL_DISPATCH","Agent 2",1,0,1069504,2889,36,"gemv_hfq4g256_residual_sigmoid_scaled_gpu_batched",2889,1119386376725879,1119386376837207,0,0,72,0,128,32,1,1,65536,84,1
"KERNEL_DISPATCH","Agent 2",1,0,1069504,2890,40,"moe_scatter_fused_k8",2890,1119386376854900,1119386376863396,0,0,24,0,128,256,1,1,256,1,1
"KERNEL_DISPATCH","Agent 2",1,0,1069504,2891,45,"quantize_q8_1_mmq_ds4",2891,1119386376875277,1119386376877602,0,0,24,0,128,256,1,1,512,84,1
"KERNEL_DISPATCH","Agent 2",1,0,1069504,2892,41,"gemm_hfq4g256_moe_grouped_mmq_gfx1151",2892,1119386376882651,1119386377305001,0,0,128,0,128,32,1,1,2048,282,1
"KERNEL_DISPATCH","Agent 2",1,0,1069504,2893,46,"moe_gate_up_unscatter_k8",2893,1119386377322685,1119386377346289,0,0,8,0,128,256,1,1,512,4512,1
"KERNEL_DISPATCH","Agent 2",1,0,1069504,2894,35,"fused_silu_mul_mq_rotate",2894,1119386377363751,1119386377369922,0,0,88,0,128,32,1,1,64,672,1
"KERNEL_DISPATCH","Agent 2",1,0,1069504,2895,45,"quantize_q8_1_mmq_ds4",2895,1119386377382106,1119386377385392,0,0,24,0,128,256,1,1,256,672,1
"KERNEL_DISPATCH","Agent 2",1,0,1069504,2896,41,"gemm_hfq4g256_moe_grouped_mmq_gfx1151",2896,1119386377390592,1119386377625311,0,0,128,0,128,32,1,1,4096,282,1
"KERNEL_DISPATCH","Agent 2",1,0,1069504,2897,47,"moe_down_combine_grouped_k8",2897,1119386377643925,1119386377663121,0,0,8,0,128,256,1,1,2048,84,1
"KERNEL_DISPATCH","Agent 2",1,0,1069504,2898,17,"fused_rmsnorm_mq_rotate",2898,1119386377685112,1119386377691644,0,0,40,0,128,256,1,1,21504,1,1
"KERNEL_DISPATCH","Agent 2",1,0,1069504,2899,20,"convert_f32_to_f16",2899,1119386377705831,1119386377708356,0,0,8,0,128,256,1,1,172032,1,1
"KERNEL_DISPATCH","Agent 2",1,0,1069504,2900,18,"gemm_qkvza_hfq4g256_wmma",2900,1119386377713465,1119386378183223,0,0,80,0,128,32,1,1,24704,6,1
"KERNEL_DISPATCH","Agent 2",1,0,1069504,2901,21,"fused_sigmoid_alpha_gate_f32",2901,1119386378200917,1119386378202480,0,0,16,0,128,256,1,1,256,84,1
"KERNEL_DISPATCH","Agent 2",1,0,1069504,2902,22,"conv1d_silu_split_f32",2902,1119386378217387,1119386378238186,0,0,24,0,128,256,1,1,8192,1,1
"KERNEL_DISPATCH","Agent 2",1,0,1069504,2903,23,"fused_qk_l2_norm_scale_f32",2903,1119386378255899,1119386378263954,0,0,16,0,128,32,1,1,512,84,1
"KERNEL_DISPATCH","Agent 2",1,0,1069504,2904,24,"repeat_interleave_qk_f32_batched",2904,1119386378278141,1119386378284432,0,0,8,0,128,256,1,1,4096,84,1
"KERNEL_DISPATCH","Agent 2",1,0,1069504,2905,25,"gated_delta_net_q8_fast",2905,1119386378299170,1119386378452537,2048,0,64,0,128,32,1,1,1024,32,1
"KERNEL_DISPATCH","Agent 2",1,0,1069504,2906,26,"gated_norm_f32",2906,1119386378470009,1119386378479106,0,0,24,0,128,32,1,1,1024,84,1
"KERNEL_DISPATCH","Agent 2",1,0,1069504,2907,27,"mq_rotate_x",2907,1119386378492421,1119386378495988,0,0,32,0,128,32,1,1,512,84,1
"KERNEL_DISPATCH","Agent 2",1,0,1069504,2908,20,"convert_f32_to_f16",2908,1119386378512879,1119386378516566,0,0,8,0,128,256,1,1,344064,1,1
"KERNEL_DISPATCH","Agent 2",1,0,1069504,2909,29,"gemm_hfq4g256_residual_wmma_k2x32",2909,1119386378521737,1119386378650738,0,0,64,0,128,32,1,1,2048,6,1
"KERNEL_DISPATCH","Agent 2",1,0,1069504,2910,30,"rmsnorm_f32",2910,1119386378668420,1119386378673951,0,0,16,0,128,256,1,1,21504,1,1
"KERNEL_DISPATCH","Agent 2",1,0,1069504,2911,27,"mq_rotate_x",2911,1119386378688718,1119386378690762,0,0,32,0,128,32,1,1,256,84,1
"KERNEL_DISPATCH","Agent 2",1,0,1069504,2912,31,"gemm_hfq4g256",2912,1119386378707964,1119386378746076,0,0,32,0,128,32,1,1,8192,11,1
"KERNEL_DISPATCH","Agent 2",1,0,1069504,2913,31,"gemm_hfq4g256",2913,1119386378763219,1119386378777565,0,0,32,0,128,32,1,1,32,11,1
"KERNEL_DISPATCH","Agent 2",1,0,1069504,2914,20,"convert_f32_to_f16",2914,1119386378792142,1119386378794306,0,0,8,0,128,256,1,1,172032,1,1
"KERNEL_DISPATCH","Agent 2",1,0,1069504,2915,32,"gemm_gate_up_hfq4g256_wmma_ldscoop_nosync",2915,1119386378799306,1119386378831566,0,0,64,0,128,32,1,1,2048,6,1
"KERNEL_DISPATCH","Agent 2",1,0,1069504,2916,33,"softmax_f32",2916,1119386378846183,1119386378848748,0,0,16,0,128,256,1,1,21504,1,1
"KERNEL_DISPATCH","Agent 2",1,0,1069504,2917,34,"moe_topk_renorm_k8_batched",2917,1119386378853948,1119386378860400,10752,0,40,0,128,256,1,1,21504,1,1
"KERNEL_DISPATCH","Agent 2",1,0,1069504,2918,35,"fused_silu_mul_mq_rotate",2918,1119386378875087,1119386378877090,0,0,88,0,128,32,1,1,64,84,1
"KERNEL_DISPATCH","Agent 2",1,0,1069504,2919,36,"gemv_hfq4g256_residual_sigmoid_scaled_gpu_batched",2919,1119386378890085,1119386379001133,0,0,72,0,128,32,1,1,65536,84,1
"KERNEL_DISPATCH","Agent 2",1,0,1069504,2920,40,"moe_scatter_fused_k8",2920,1119386379020819,1119386379029075,0,0,24,0,128,256,1,1,256,1,1
"KERNEL_DISPATCH","Agent 2",1,0,1069504,2921,45,"quantize_q8_1_mmq_ds4",2921,1119386379041117,1119386379043482,0,0,24,0,128,256,1,1,512,84,1
"KERNEL_DISPATCH","Agent 2",1,0,1069504,2922,41,"gemm_hfq4g256_moe_grouped_mmq_gfx1151",2922,1119386379048352,1119386379494506,0,0,128,0,128,32,1,1,2048,282,1
"KERNEL_DISPATCH","Agent 2",1,0,1069504,2923,46,"moe_gate_up_unscatter_k8",2923,1119386379514292,1119386379538658,0,0,8,0,128,256,1,1,512,4512,1
"KERNEL_DISPATCH","Agent 2",1,0,1069504,2924,35,"fused_silu_mul_mq_rotate",2924,1119386379556200,1119386379562492,0,0,88,0,128,32,1,1,64,672,1
"KERNEL_DISPATCH","Agent 2",1,0,1069504,2925,45,"quantize_q8_1_mmq_ds4",2925,1119386379574615,1119386379577621,0,0,24,0,128,256,1,1,256,672,1
"KERNEL_DISPATCH","Agent 2",1,0,1069504,2926,41,"gemm_hfq4g256_moe_grouped_mmq_gfx1151",2926,1119386379582860,1119386379831525,0,0,128,0,128,32,1,1,4096,282,1
"KERNEL_DISPATCH","Agent 2",1,0,1069504,2927,47,"moe_down_combine_grouped_k8",2927,1119386379849218,1119386379872382,0,0,8,0,128,256,1,1,2048,84,1
"KERNEL_DISPATCH","Agent 2",1,0,1069504,2928,17,"fused_rmsnorm_mq_rotate",2928,1119386379891507,1119386379897999,0,0,40,0,128,256,1,1,21504,1,1
"KERNEL_DISPATCH","Agent 2",1,0,1069504,2929,20,"convert_f32_to_f16",2929,1119386379913820,1119386379916425,0,0,8,0,128,256,1,1,172032,1,1
"KERNEL_DISPATCH","Agent 2",1,0,1069504,2930,48,"gemm_qkv_hfq4g256_wmma",2930,1119386379921484,1119386380198081,0,0,80,0,128,32,1,1,18432,6,1
"KERNEL_DISPATCH","Agent 2",1,0,1069504,2931,49,"deinterleave_f32_batched",2931,1119386380216144,1119386380222637,0,0,8,0,128,256,1,1,4096,84,1
"KERNEL_DISPATCH","Agent 2",1,0,1069504,2932,30,"rmsnorm_f32",2932,1119386380238888,1119386380249548,0,0,16,0,128,256,1,1,344064,1,1
"KERNEL_DISPATCH","Agent 2",1,0,1069504,2933,30,"rmsnorm_f32",2933,1119386380264014,1119386380266779,0,0,16,0,128,256,1,1,43008,1,1
"KERNEL_DISPATCH","Agent 2",1,0,1069504,2934,50,"rope_partial_halfsplit_batched_f32",2934,1119386380280525,1119386380285454,0,0,24,0,128,32,1,1,32,84,1
"KERNEL_DISPATCH","Agent 2",1,0,1069504,2935,51,"kv_cache_write_q8_0_batched",2935,1119386380298178,1119386380300462,0,0,8,0,128,32,1,1,512,84,1
"KERNEL_DISPATCH","Agent 2",1,0,1069504,2936,51,"kv_cache_write_q8_0_batched",2936,1119386380302727,1119386380304450,0,0,8,0,128,32,1,1,512,84,1
"KERNEL_DISPATCH","Agent 2",1,0,1069504,2937,52,"attention_q8_0_kv_batched",2937,1119386380309589,1119386380373990,0,0,32,0,128,256,1,1,4096,84,1
"KERNEL_DISPATCH","Agent 2",1,0,1069504,2938,53,"sigmoid_mul_f32",2938,1119386380393626,1119386380428652,0,0,16,0,128,256,1,1,1048576,1,1
"KERNEL_DISPATCH","Agent 2",1,0,1069504,2939,27,"mq_rotate_x",2939,1119386380448509,1119386380452116,0,0,32,0,128,32,1,1,512,84,1
"KERNEL_DISPATCH","Agent 2",1,0,1069504,2940,20,"convert_f32_to_f16",2940,1119386380466492,1119386380470099,0,0,8,0,128,256,1,1,344064,1,1
"KERNEL_DISPATCH","Agent 2",1,0,1069504,2941,29,"gemm_hfq4g256_residual_wmma_k2x32",2941,1119386380475249,1119386380602848,0,0,64,0,128,32,1,1,2048,6,1
"KERNEL_DISPATCH","Agent 2",1,0,1069504,2942,30,"rmsnorm_f32",2942,1119386380620420,1119386380625670,0,0,16,0,128,256,1,1,21504,1,1
"KERNEL_DISPATCH","Agent 2",1,0,1069504,2943,27,"mq_rotate_x",2943,1119386380640558,1119386380642522,0,0,32,0,128,32,1,1,256,84,1
"KERNEL_DISPATCH","Agent 2",1,0,1069504,2944,31,"gemm_hfq4g256",2944,1119386380659204,1119386380696874,0,0,32,0,128,32,1,1,8192,11,1
"KERNEL_DISPATCH","Agent 2",1,0,1069504,2945,31,"gemm_hfq4g256",2945,1119386380715819,1119386380730125,0,0,32,0,128,32,1,1,32,11,1
"KERNEL_DISPATCH","Agent 2",1,0,1069504,2946,20,"convert_f32_to_f16",2946,1119386380751345,1119386380753710,0,0,8,0,128,256,1,1,172032,1,1
"KERNEL_DISPATCH","Agent 2",1,0,1069504,2947,32,"gemm_gate_up_hfq4g256_wmma_ldscoop_nosync",2947,1119386380758759,1119386380791019,0,0,64,0,128,32,1,1,2048,6,1
"KERNEL_DISPATCH","Agent 2",1,0,1069504,2948,33,"softmax_f32",2948,1119386380809223,1119386380812189,0,0,16,0,128,256,1,1,21504,1,1
"KERNEL_DISPATCH","Agent 2",1,0,1069504,2949,34,"moe_topk_renorm_k8_batched",2949,1119386380817278,1119386380823690,10752,0,40,0,128,256,1,1,21504,1,1
"KERNEL_DISPATCH","Agent 2",1,0,1069504,2950,35,"fused_silu_mul_mq_rotate",2950,1119386380836856,1119386380838860,0,0,88,0,128,32,1,1,64,84,1
"KERNEL_DISPATCH","Agent 2",1,0,1069504,2951,36,"gemv_hfq4g256_residual_sigmoid_scaled_gpu_batched",2951,1119386380851484,1119386380961970,0,0,72,0,128,32,1,1,65536,84,1
"KERNEL_DISPATCH","Agent 2",1,0,1069504,2952,40,"moe_scatter_fused_k8",2952,1119386380979862,1119386380988158,0,0,24,0,128,256,1,1,256,1,1
"KERNEL_DISPATCH","Agent 2",1,0,1069504,2953,45,"quantize_q8_1_mmq_ds4",2953,1119386380999920,1119386381002565,0,0,24,0,128,256,1,1,512,84,1
"KERNEL_DISPATCH","Agent 2",1,0,1069504,2954,41,"gemm_hfq4g256_moe_grouped_mmq_gfx1151",2954,1119386381007654,1119386381402873,0,0,128,0,128,32,1,1,2048,282,1
"KERNEL_DISPATCH","Agent 2",1,0,1069504,2955,46,"moe_gate_up_unscatter_k8",2955,1119386381420807,1119386381445974,0,0,8,0,128,256,1,1,512,4512,1
"KERNEL_DISPATCH","Agent 2",1,0,1069504,2956,35,"fused_silu_mul_mq_rotate",2956,1119386381464920,1119386381471092,0,0,88,0,128,32,1,1,64,672,1
"KERNEL_DISPATCH","Agent 2",1,0,1069504,2957,45,"quantize_q8_1_mmq_ds4",2957,1119386381483885,1119386381486891,0,0,24,0,128,256,1,1,256,672,1
"KERNEL_DISPATCH","Agent 2",1,0,1069504,2958,41,"gemm_hfq4g256_moe_grouped_mmq_gfx1151",2958,1119386381491571,1119386381720719,0,0,128,0,128,32,1,1,4096,282,1
"KERNEL_DISPATCH","Agent 2",1,0,1069504,2959,47,"moe_down_combine_grouped_k8",2959,1119386381738501,1119386381758258,0,0,8,0,128,256,1,1,2048,84,1
"KERNEL_DISPATCH","Agent 2",1,0,1069504,2960,17,"fused_rmsnorm_mq_rotate",2960,1119386381779438,1119386381785809,0,0,40,0,128,256,1,1,21504,1,1
"KERNEL_DISPATCH","Agent 2",1,0,1069504,2961,20,"convert_f32_to_f16",2961,1119386381800799,1119386381803403,0,0,8,0,128,256,1,1,172032,1,1
"KERNEL_DISPATCH","Agent 2",1,0,1069504,2962,18,"gemm_qkvza_hfq4g256_wmma",2962,1119386381808272,1119386382265407,0,0,80,0,128,32,1,1,24704,6,1
"KERNEL_DISPATCH","Agent 2",1,0,1069504,2963,21,"fused_sigmoid_alpha_gate_f32",2963,1119386382284051,1119386382285574,0,0,16,0,128,256,1,1,256,84,1
"KERNEL_DISPATCH","Agent 2",1,0,1069504,2964,22,"conv1d_silu_split_f32",2964,1119386382300563,1119386382322444,0,0,24,0,128,256,1,1,8192,1,1
"KERNEL_DISPATCH","Agent 2",1,0,1069504,2965,23,"fused_qk_l2_norm_scale_f32",2965,1119386382341298,1119386382349433,0,0,16,0,128,32,1,1,512,84,1
"KERNEL_DISPATCH","Agent 2",1,0,1069504,2966,24,"repeat_interleave_qk_f32_batched",2966,1119386382364672,1119386382370803,0,0,8,0,128,256,1,1,4096,84,1
"KERNEL_DISPATCH","Agent 2",1,0,1069504,2967,25,"gated_delta_net_q8_fast",2967,1119386382385702,1119386382534861,2048,0,64,0,128,32,1,1,1024,32,1
"KERNEL_DISPATCH","Agent 2",1,0,1069504,2968,26,"gated_norm_f32",2968,1119386382555099,1119386382564356,0,0,24,0,128,32,1,1,1024,84,1
"KERNEL_DISPATCH","Agent 2",1,0,1069504,2969,27,"mq_rotate_x",2969,1119386382579274,1119386382582881,0,0,32,0,128,32,1,1,512,84,1
"KERNEL_DISPATCH","Agent 2",1,0,1069504,2970,20,"convert_f32_to_f16",2970,1119386382600813,1119386382604500,0,0,8,0,128,256,1,1,344064,1,1
"KERNEL_DISPATCH","Agent 2",1,0,1069504,2971,29,"gemm_hfq4g256_residual_wmma_k2x32",2971,1119386382609411,1119386382738492,0,0,64,0,128,32,1,1,2048,6,1
"KERNEL_DISPATCH","Agent 2",1,0,1069504,2972,30,"rmsnorm_f32",2972,1119386382756205,1119386382761575,0,0,16,0,128,256,1,1,21504,1,1
"KERNEL_DISPATCH","Agent 2",1,0,1069504,2973,27,"mq_rotate_x",2973,1119386382774399,1119386382776403,0,0,32,0,128,32,1,1,256,84,1
"KERNEL_DISPATCH","Agent 2",1,0,1069504,2974,31,"gemm_hfq4g256",2974,1119386382793965,1119386382831916,0,0,32,0,128,32,1,1,8192,11,1
"KERNEL_DISPATCH","Agent 2",1,0,1069504,2975,31,"gemm_hfq4g256",2975,1119386382849610,1119386382863836,0,0,32,0,128,32,1,1,32,11,1
"KERNEL_DISPATCH","Agent 2",1,0,1069504,2976,20,"convert_f32_to_f16",2976,1119386382886167,1119386382888411,0,0,8,0,128,256,1,1,172032,1,1
"KERNEL_DISPATCH","Agent 2",1,0,1069504,2977,32,"gemm_gate_up_hfq4g256_wmma_ldscoop_nosync",2977,1119386382893451,1119386382925952,0,0,64,0,128,32,1,1,2048,6,1
"KERNEL_DISPATCH","Agent 2",1,0,1069504,2978,33,"softmax_f32",2978,1119386382944045,1119386382946570,0,0,16,0,128,256,1,1,21504,1,1
"KERNEL_DISPATCH","Agent 2",1,0,1069504,2979,34,"moe_topk_renorm_k8_batched",2979,1119386382951620,1119386382958032,10752,0,40,0,128,256,1,1,21504,1,1
"KERNEL_DISPATCH","Agent 2",1,0,1069504,2980,35,"fused_silu_mul_mq_rotate",2980,1119386382972869,1119386382974953,0,0,88,0,128,32,1,1,64,84,1
"KERNEL_DISPATCH","Agent 2",1,0,1069504,2981,36,"gemv_hfq4g256_residual_sigmoid_scaled_gpu_batched",2981,1119386382989350,1119386383100398,0,0,72,0,128,32,1,1,65536,84,1
"KERNEL_DISPATCH","Agent 2",1,0,1069504,2982,40,"moe_scatter_fused_k8",2982,1119386383118311,1119386383126927,0,0,24,0,128,256,1,1,256,1,1
"KERNEL_DISPATCH","Agent 2",1,0,1069504,2983,45,"quantize_q8_1_mmq_ds4",2983,1119386383138689,1119386383140973,0,0,24,0,128,256,1,1,512,84,1
"KERNEL_DISPATCH","Agent 2",1,0,1069504,2984,41,"gemm_hfq4g256_moe_grouped_mmq_gfx1151",2984,1119386383145863,1119386383576628,0,0,128,0,128,32,1,1,2048,282,1
"KERNEL_DISPATCH","Agent 2",1,0,1069504,2985,46,"moe_gate_up_unscatter_k8",2985,1119386383594612,1119386383618657,0,0,8,0,128,256,1,1,512,4512,1
"KERNEL_DISPATCH","Agent 2",1,0,1069504,2986,35,"fused_silu_mul_mq_rotate",2986,1119386383637723,1119386383643654,0,0,88,0,128,32,1,1,64,672,1
"KERNEL_DISPATCH","Agent 2",1,0,1069504,2987,45,"quantize_q8_1_mmq_ds4",2987,1119386383656517,1119386383659643,0,0,24,0,128,256,1,1,256,672,1
"KERNEL_DISPATCH","Agent 2",1,0,1069504,2988,41,"gemm_hfq4g256_moe_grouped_mmq_gfx1151",2988,1119386383664933,1119386383902217,0,0,128,0,128,32,1,1,4096,282,1
"KERNEL_DISPATCH","Agent 2",1,0,1069504,2989,47,"moe_down_combine_grouped_k8",2989,1119386383920451,1119386383941851,0,0,8,0,128,256,1,1,2048,84,1
"KERNEL_DISPATCH","Agent 2",1,0,1069504,2990,17,"fused_rmsnorm_mq_rotate",2990,1119386383964464,1119386383970996,0,0,40,0,128,256,1,1,21504,1,1
"KERNEL_DISPATCH","Agent 2",1,0,1069504,2991,20,"convert_f32_to_f16",2991,1119386383985974,1119386383988418,0,0,8,0,128,256,1,1,172032,1,1
"KERNEL_DISPATCH","Agent 2",1,0,1069504,2992,18,"gemm_qkvza_hfq4g256_wmma",2992,1119386383993628,1119386384469077,0,0,80,0,128,32,1,1,24704,6,1
"KERNEL_DISPATCH","Agent 2",1,0,1069504,2993,21,"fused_sigmoid_alpha_gate_f32",2993,1119386384488303,1119386384489826,0,0,16,0,128,256,1,1,256,84,1
"KERNEL_DISPATCH","Agent 2",1,0,1069504,2994,22,"conv1d_silu_split_f32",2994,1119386384504694,1119386384526094,0,0,24,0,128,256,1,1,8192,1,1
"KERNEL_DISPATCH","Agent 2",1,0,1069504,2995,23,"fused_qk_l2_norm_scale_f32",2995,1119386384543517,1119386384551692,0,0,16,0,128,32,1,1,512,84,1
"KERNEL_DISPATCH","Agent 2",1,0,1069504,2996,24,"repeat_interleave_qk_f32_batched",2996,1119386384565708,1119386384571879,0,0,8,0,128,256,1,1,4096,84,1
"KERNEL_DISPATCH","Agent 2",1,0,1069504,2997,25,"gated_delta_net_q8_fast",2997,1119386384586587,1119386384735425,2048,0,64,0,128,32,1,1,1024,32,1
"KERNEL_DISPATCH","Agent 2",1,0,1069504,2998,26,"gated_norm_f32",2998,1119386384752919,1119386384761535,0,0,24,0,128,32,1,1,1024,84,1
"KERNEL_DISPATCH","Agent 2",1,0,1069504,2999,27,"mq_rotate_x",2999,1119386384775610,1119386384779016,0,0,32,0,128,32,1,1,512,84,1
"KERNEL_DISPATCH","Agent 2",1,0,1069504,3000,20,"convert_f32_to_f16",3000,1119386384796430,1119386384800117,0,0,8,0,128,256,1,1,344064,1,1
"KERNEL_DISPATCH","Agent 2",1,0,1069504,3001,29,"gemm_hfq4g256_residual_wmma_k2x32",3001,1119386384805287,1119386384933847,0,0,64,0,128,32,1,1,2048,6,1
"KERNEL_DISPATCH","Agent 2",1,0,1069504,3002,30,"rmsnorm_f32",3002,1119386384951729,1119386384957620,0,0,16,0,128,256,1,1,21504,1,1
"KERNEL_DISPATCH","Agent 2",1,0,1069504,3003,27,"mq_rotate_x",3003,1119386384971978,1119386384973982,0,0,32,0,128,32,1,1,256,84,1
"KERNEL_DISPATCH","Agent 2",1,0,1069504,3004,31,"gemm_hfq4g256",3004,1119386384991495,1119386385028965,0,0,32,0,128,32,1,1,8192,11,1
"KERNEL_DISPATCH","Agent 2",1,0,1069504,3005,31,"gemm_hfq4g256",3005,1119386385046296,1119386385060282,0,0,32,0,128,32,1,1,32,11,1
"KERNEL_DISPATCH","Agent 2",1,0,1069504,3006,20,"convert_f32_to_f16",3006,1119386385074579,1119386385076743,0,0,8,0,128,256,1,1,172032,1,1
"KERNEL_DISPATCH","Agent 2",1,0,1069504,3007,32,"gemm_gate_up_hfq4g256_wmma_ldscoop_nosync",3007,1119386385081804,1119386385114144,0,0,64,0,128,32,1,1,2048,6,1
"KERNEL_DISPATCH","Agent 2",1,0,1069504,3008,33,"softmax_f32",3008,1119386385133489,1119386385136375,0,0,16,0,128,256,1,1,21504,1,1
"KERNEL_DISPATCH","Agent 2",1,0,1069504,3009,34,"moe_topk_renorm_k8_batched",3009,1119386385157133,1119386385163746,10752,0,40,0,128,256,1,1,21504,1,1
"KERNEL_DISPATCH","Agent 2",1,0,1069504,3010,35,"fused_silu_mul_mq_rotate",3010,1119386385180167,1119386385182451,0,0,88,0,128,32,1,1,64,84,1
"KERNEL_DISPATCH","Agent 2",1,0,1069504,3011,36,"gemv_hfq4g256_residual_sigmoid_scaled_gpu_batched",3011,1119386385195004,1119386385306373,0,0,72,0,128,32,1,1,65536,84,1
"KERNEL_DISPATCH","Agent 2",1,0,1069504,3012,40,"moe_scatter_fused_k8",3012,1119386385327943,1119386385336278,0,0,24,0,128,256,1,1,256,1,1
"KERNEL_DISPATCH","Agent 2",1,0,1069504,3013,45,"quantize_q8_1_mmq_ds4",3013,1119386385349233,1119386385351757,0,0,24,0,128,256,1,1,512,84,1
"KERNEL_DISPATCH","Agent 2",1,0,1069504,3014,41,"gemm_hfq4g256_moe_grouped_mmq_gfx1151",3014,1119386385356767,1119386385807490,0,0,128,0,128,32,1,1,2048,282,1
"KERNEL_DISPATCH","Agent 2",1,0,1069504,3015,46,"moe_gate_up_unscatter_k8",3015,1119386385828850,1119386385851853,0,0,8,0,128,256,1,1,512,4512,1
"KERNEL_DISPATCH","Agent 2",1,0,1069504,3016,35,"fused_silu_mul_mq_rotate",3016,1119386385870768,1119386385876699,0,0,88,0,128,32,1,1,64,672,1
"KERNEL_DISPATCH","Agent 2",1,0,1069504,3017,45,"quantize_q8_1_mmq_ds4",3017,1119386385891467,1119386385894392,0,0,24,0,128,256,1,1,256,672,1
"KERNEL_DISPATCH","Agent 2",1,0,1069504,3018,41,"gemm_hfq4g256_moe_grouped_mmq_gfx1151",3018,1119386385899482,1119386386157364,0,0,128,0,128,32,1,1,4096,282,1
"KERNEL_DISPATCH","Agent 2",1,0,1069504,3019,47,"moe_down_combine_grouped_k8",3019,1119386386176810,1119386386195205,0,0,8,0,128,256,1,1,2048,84,1
"KERNEL_DISPATCH","Agent 2",1,0,1069504,3020,17,"fused_rmsnorm_mq_rotate",3020,1119386386210353,1119386386217166,0,0,40,0,128,256,1,1,21504,1,1
"KERNEL_DISPATCH","Agent 2",1,0,1069504,3021,20,"convert_f32_to_f16",3021,1119386386234248,1119386386236973,0,0,8,0,128,256,1,1,172032,1,1
"KERNEL_DISPATCH","Agent 2",1,0,1069504,3022,18,"gemm_qkvza_hfq4g256_wmma",3022,1119386386241913,1119386386715438,0,0,80,0,128,32,1,1,24704,6,1
"KERNEL_DISPATCH","Agent 2",1,0,1069504,3023,21,"fused_sigmoid_alpha_gate_f32",3023,1119386386744402,1119386386746766,0,0,16,0,128,256,1,1,256,84,1
"KERNEL_DISPATCH","Agent 2",1,0,1069504,3024,22,"conv1d_silu_split_f32",3024,1119386386761854,1119386386783214,0,0,24,0,128,256,1,1,8192,1,1
"KERNEL_DISPATCH","Agent 2",1,0,1069504,3025,23,"fused_qk_l2_norm_scale_f32",3025,1119386386803252,1119386386811748,0,0,16,0,128,32,1,1,512,84,1
"KERNEL_DISPATCH","Agent 2",1,0,1069504,3026,24,"repeat_interleave_qk_f32_batched",3026,1119386386826946,1119386386833037,0,0,8,0,128,256,1,1,4096,84,1
"KERNEL_DISPATCH","Agent 2",1,0,1069504,3027,25,"gated_delta_net_q8_fast",3027,1119386386849929,1119386386997765,2048,0,64,0,128,32,1,1,1024,32,1
"KERNEL_DISPATCH","Agent 2",1,0,1069504,3028,26,"gated_norm_f32",3028,1119386387015639,1119386387024495,0,0,24,0,128,32,1,1,1024,84,1
"KERNEL_DISPATCH","Agent 2",1,0,1069504,3029,27,"mq_rotate_x",3029,1119386387040726,1119386387044172,0,0,32,0,128,32,1,1,512,84,1
"KERNEL_DISPATCH","Agent 2",1,0,1069504,3030,20,"convert_f32_to_f16",3030,1119386387061304,1119386387065031,0,0,8,0,128,256,1,1,344064,1,1
"KERNEL_DISPATCH","Agent 2",1,0,1069504,3031,29,"gemm_hfq4g256_residual_wmma_k2x32",3031,1119386387070281,1119386387199723,0,0,64,0,128,32,1,1,2048,6,1
"KERNEL_DISPATCH","Agent 2",1,0,1069504,3032,30,"rmsnorm_f32",3032,1119386387217497,1119386387222867,0,0,16,0,128,256,1,1,21504,1,1
"KERNEL_DISPATCH","Agent 2",1,0,1069504,3033,27,"mq_rotate_x",3033,1119386387237233,1119386387239277,0,0,32,0,128,32,1,1,256,84,1
"KERNEL_DISPATCH","Agent 2",1,0,1069504,3034,31,"gemm_hfq4g256",3034,1119386387257020,1119386387294851,0,0,32,0,128,32,1,1,8192,11,1
"KERNEL_DISPATCH","Agent 2",1,0,1069504,3035,31,"gemm_hfq4g256",3035,1119386387313736,1119386387327883,0,0,32,0,128,32,1,1,32,11,1
"KERNEL_DISPATCH","Agent 2",1,0,1069504,3036,20,"convert_f32_to_f16",3036,1119386387342370,1119386387344614,0,0,8,0,128,256,1,1,172032,1,1
"KERNEL_DISPATCH","Agent 2",1,0,1069504,3037,32,"gemm_gate_up_hfq4g256_wmma_ldscoop_nosync",3037,1119386387349703,1119386387382204,0,0,64,0,128,32,1,1,2048,6,1
"KERNEL_DISPATCH","Agent 2",1,0,1069504,3038,33,"softmax_f32",3038,1119386387396962,1119386387399567,0,0,16,0,128,256,1,1,21504,1,1
"KERNEL_DISPATCH","Agent 2",1,0,1069504,3039,34,"moe_topk_renorm_k8_batched",3039,1119386387404656,1119386387410988,10752,0,40,0,128,256,1,1,21504,1,1
"KERNEL_DISPATCH","Agent 2",1,0,1069504,3040,35,"fused_silu_mul_mq_rotate",3040,1119386387425776,1119386387427900,0,0,88,0,128,32,1,1,64,84,1
"KERNEL_DISPATCH","Agent 2",1,0,1069504,3041,36,"gemv_hfq4g256_residual_sigmoid_scaled_gpu_batched",3041,1119386387441827,1119386387553435,0,0,72,0,128,32,1,1,65536,84,1
"KERNEL_DISPATCH","Agent 2",1,0,1069504,3042,40,"moe_scatter_fused_k8",3042,1119386387571288,1119386387579663,0,0,24,0,128,256,1,1,256,1,1
"KERNEL_DISPATCH","Agent 2",1,0,1069504,3043,45,"quantize_q8_1_mmq_ds4",3043,1119386387591577,1119386387593821,0,0,24,0,128,256,1,1,512,84,1
"KERNEL_DISPATCH","Agent 2",1,0,1069504,3044,41,"gemm_hfq4g256_moe_grouped_mmq_gfx1151",3044,1119386387598809,1119386388044483,0,0,128,0,128,32,1,1,2048,282,1
"KERNEL_DISPATCH","Agent 2",1,0,1069504,3045,46,"moe_gate_up_unscatter_k8",3045,1119386388063528,1119386388088054,0,0,8,0,128,256,1,1,512,4512,1
"KERNEL_DISPATCH","Agent 2",1,0,1069504,3046,35,"fused_silu_mul_mq_rotate",3046,1119386388105647,1119386388111498,0,0,88,0,128,32,1,1,64,672,1
"KERNEL_DISPATCH","Agent 2",1,0,1069504,3047,45,"quantize_q8_1_mmq_ds4",3047,1119386388124242,1119386388127368,0,0,24,0,128,256,1,1,256,672,1
"KERNEL_DISPATCH","Agent 2",1,0,1069504,3048,41,"gemm_hfq4g256_moe_grouped_mmq_gfx1151",3048,1119386388132337,1119386388378678,0,0,128,0,128,32,1,1,4096,282,1
"KERNEL_DISPATCH","Agent 2",1,0,1069504,3049,47,"moe_down_combine_grouped_k8",3049,1119386388396491,1119386388416729,0,0,8,0,128,256,1,1,2048,84,1
"KERNEL_DISPATCH","Agent 2",1,0,1069504,3050,17,"fused_rmsnorm_mq_rotate",3050,1119386388438299,1119386388444911,0,0,40,0,128,256,1,1,21504,1,1
"KERNEL_DISPATCH","Agent 2",1,0,1069504,3051,20,"convert_f32_to_f16",3051,1119386388459719,1119386388462164,0,0,8,0,128,256,1,1,172032,1,1
"KERNEL_DISPATCH","Agent 2",1,0,1069504,3052,48,"gemm_qkv_hfq4g256_wmma",3052,1119386388467253,1119386388764208,0,0,80,0,128,32,1,1,18432,6,1
"KERNEL_DISPATCH","Agent 2",1,0,1069504,3053,49,"deinterleave_f32_batched",3053,1119386388782002,1119386388788213,0,0,8,0,128,256,1,1,4096,84,1
"KERNEL_DISPATCH","Agent 2",1,0,1069504,3054,30,"rmsnorm_f32",3054,1119386388802801,1119386388813340,0,0,16,0,128,256,1,1,344064,1,1
"KERNEL_DISPATCH","Agent 2",1,0,1069504,3055,30,"rmsnorm_f32",3055,1119386388829641,1119386388832646,0,0,16,0,128,256,1,1,43008,1,1
"KERNEL_DISPATCH","Agent 2",1,0,1069504,3056,50,"rope_partial_halfsplit_batched_f32",3056,1119386388846703,1119386388851552,0,0,24,0,128,32,1,1,32,84,1
"KERNEL_DISPATCH","Agent 2",1,0,1069504,3057,51,"kv_cache_write_q8_0_batched",3057,1119386388864027,1119386388866110,0,0,8,0,128,32,1,1,512,84,1
"KERNEL_DISPATCH","Agent 2",1,0,1069504,3058,51,"kv_cache_write_q8_0_batched",3058,1119386388868704,1119386388870587,0,0,8,0,128,32,1,1,512,84,1
"KERNEL_DISPATCH","Agent 2",1,0,1069504,3059,52,"attention_q8_0_kv_batched",3059,1119386388875557,1119386388940638,0,0,32,0,128,256,1,1,4096,84,1
"KERNEL_DISPATCH","Agent 2",1,0,1069504,3060,53,"sigmoid_mul_f32",3060,1119386388961218,1119386388995642,0,0,16,0,128,256,1,1,1048576,1,1
"KERNEL_DISPATCH","Agent 2",1,0,1069504,3061,27,"mq_rotate_x",3061,1119386389017763,1119386389021409,0,0,32,0,128,32,1,1,512,84,1
"KERNEL_DISPATCH","Agent 2",1,0,1069504,3062,20,"convert_f32_to_f16",3062,1119386389036508,1119386389040115,0,0,8,0,128,256,1,1,344064,1,1
"KERNEL_DISPATCH","Agent 2",1,0,1069504,3063,29,"gemm_hfq4g256_residual_wmma_k2x32",3063,1119386389045194,1119386389174035,0,0,64,0,128,32,1,1,2048,6,1
"KERNEL_DISPATCH","Agent 2",1,0,1069504,3064,30,"rmsnorm_f32",3064,1119386389191788,1119386389196877,0,0,16,0,128,256,1,1,21504,1,1
"KERNEL_DISPATCH","Agent 2",1,0,1069504,3065,27,"mq_rotate_x",3065,1119386389211595,1119386389213519,0,0,32,0,128,32,1,1,256,84,1
"KERNEL_DISPATCH","Agent 2",1,0,1069504,3066,31,"gemm_hfq4g256",3066,1119386389229348,1119386389266938,0,0,32,0,128,32,1,1,8192,11,1
"KERNEL_DISPATCH","Agent 2",1,0,1069504,3067,31,"gemm_hfq4g256",3067,1119386389284571,1119386389298598,0,0,32,0,128,32,1,1,32,11,1
"KERNEL_DISPATCH","Agent 2",1,0,1069504,3068,20,"convert_f32_to_f16",3068,1119386389312644,1119386389314848,0,0,8,0,128,256,1,1,172032,1,1
"KERNEL_DISPATCH","Agent 2",1,0,1069504,3069,32,"gemm_gate_up_hfq4g256_wmma_ldscoop_nosync",3069,1119386389319978,1119386389353160,0,0,64,0,128,32,1,1,2048,6,1
"KERNEL_DISPATCH","Agent 2",1,0,1069504,3070,33,"softmax_f32",3070,1119386389367987,1119386389370512,0,0,16,0,128,256,1,1,21504,1,1
"KERNEL_DISPATCH","Agent 2",1,0,1069504,3071,34,"moe_topk_renorm_k8_batched",3071,1119386389375722,1119386389382214,10752,0,40,0,128,256,1,1,21504,1,1
"KERNEL_DISPATCH","Agent 2",1,0,1069504,3072,35,"fused_silu_mul_mq_rotate",3072,1119386389395008,1119386389396891,0,0,88,0,128,32,1,1,64,84,1
"KERNEL_DISPATCH","Agent 2",1,0,1069504,3073,36,"gemv_hfq4g256_residual_sigmoid_scaled_gpu_batched",3073,1119386389411208,1119386389521414,0,0,72,0,128,32,1,1,65536,84,1
"KERNEL_DISPATCH","Agent 2",1,0,1069504,3074,40,"moe_scatter_fused_k8",3074,1119386389539528,1119386389547744,0,0,24,0,128,256,1,1,256,1,1
"KERNEL_DISPATCH","Agent 2",1,0,1069504,3075,45,"quantize_q8_1_mmq_ds4",3075,1119386389559385,1119386389561990,0,0,24,0,128,256,1,1,512,84,1
"KERNEL_DISPATCH","Agent 2",1,0,1069504,3076,41,"gemm_hfq4g256_moe_grouped_mmq_gfx1151",3076,1119386389567120,1119386389947912,0,0,128,0,128,32,1,1,2048,282,1
"KERNEL_DISPATCH","Agent 2",1,0,1069504,3077,46,"moe_gate_up_unscatter_k8",3077,1119386389966797,1119386389990081,0,0,8,0,128,256,1,1,512,4512,1
"KERNEL_DISPATCH","Agent 2",1,0,1069504,3078,35,"fused_silu_mul_mq_rotate",3078,1119386390009056,1119386390014747,0,0,88,0,128,32,1,1,64,672,1
"KERNEL_DISPATCH","Agent 2",1,0,1069504,3079,45,"quantize_q8_1_mmq_ds4",3079,1119386390027070,1119386390030036,0,0,24,0,128,256,1,1,256,672,1
"KERNEL_DISPATCH","Agent 2",1,0,1069504,3080,41,"gemm_hfq4g256_moe_grouped_mmq_gfx1151",3080,1119386390035075,1119386390250077,0,0,128,0,128,32,1,1,4096,282,1
"KERNEL_DISPATCH","Agent 2",1,0,1069504,3081,47,"moe_down_combine_grouped_k8",3081,1119386390268201,1119386390287837,0,0,8,0,128,256,1,1,2048,84,1
"KERNEL_DISPATCH","Agent 2",1,0,1069504,3082,17,"fused_rmsnorm_mq_rotate",3082,1119386390300792,1119386390307164,0,0,40,0,128,256,1,1,21504,1,1
"KERNEL_DISPATCH","Agent 2",1,0,1069504,3083,20,"convert_f32_to_f16",3083,1119386390322222,1119386390324706,0,0,8,0,128,256,1,1,172032,1,1
"KERNEL_DISPATCH","Agent 2",1,0,1069504,3084,18,"gemm_qkvza_hfq4g256_wmma",3084,1119386390329676,1119386390756794,0,0,80,0,128,32,1,1,24704,6,1
"KERNEL_DISPATCH","Agent 2",1,0,1069504,3085,21,"fused_sigmoid_alpha_gate_f32",3085,1119386390775930,1119386390777613,0,0,16,0,128,256,1,1,256,84,1
"KERNEL_DISPATCH","Agent 2",1,0,1069504,3086,22,"conv1d_silu_split_f32",3086,1119386390792060,1119386390813300,0,0,24,0,128,256,1,1,8192,1,1
"KERNEL_DISPATCH","Agent 2",1,0,1069504,3087,23,"fused_qk_l2_norm_scale_f32",3087,1119386390830693,1119386390838908,0,0,16,0,128,32,1,1,512,84,1
"KERNEL_DISPATCH","Agent 2",1,0,1069504,3088,24,"repeat_interleave_qk_f32_batched",3088,1119386390852614,1119386390858625,0,0,8,0,128,256,1,1,4096,84,1
"KERNEL_DISPATCH","Agent 2",1,0,1069504,3089,25,"gated_delta_net_q8_fast",3089,1119386390874214,1119386391027140,2048,0,64,0,128,32,1,1,1024,32,1
"KERNEL_DISPATCH","Agent 2",1,0,1069504,3090,26,"gated_norm_f32",3090,1119386391045945,1119386391055603,0,0,24,0,128,32,1,1,1024,84,1
"KERNEL_DISPATCH","Agent 2",1,0,1069504,3091,27,"mq_rotate_x",3091,1119386391069870,1119386391073156,0,0,32,0,128,32,1,1,512,84,1
"KERNEL_DISPATCH","Agent 2",1,0,1069504,3092,20,"convert_f32_to_f16",3092,1119386391089547,1119386391093314,0,0,8,0,128,256,1,1,344064,1,1
"KERNEL_DISPATCH","Agent 2",1,0,1069504,3093,29,"gemm_hfq4g256_residual_wmma_k2x32",3093,1119386391098363,1119386391226362,0,0,64,0,128,32,1,1,2048,6,1
"KERNEL_DISPATCH","Agent 2",1,0,1069504,3094,30,"rmsnorm_f32",3094,1119386391245408,1119386391250939,0,0,16,0,128,256,1,1,21504,1,1
"KERNEL_DISPATCH","Agent 2",1,0,1069504,3095,27,"mq_rotate_x",3095,1119386391264023,1119386391266107,0,0,32,0,128,32,1,1,256,84,1
"KERNEL_DISPATCH","Agent 2",1,0,1069504,3096,31,"gemm_hfq4g256",3096,1119386391281155,1119386391318545,0,0,32,0,128,32,1,1,8192,11,1
"KERNEL_DISPATCH","Agent 2",1,0,1069504,3097,31,"gemm_hfq4g256",3097,1119386391335938,1119386391349844,0,0,32,0,128,32,1,1,32,11,1
"KERNEL_DISPATCH","Agent 2",1,0,1069504,3098,20,"convert_f32_to_f16",3098,1119386391364010,1119386391366374,0,0,8,0,128,256,1,1,172032,1,1
"KERNEL_DISPATCH","Agent 2",1,0,1069504,3099,32,"gemm_gate_up_hfq4g256_wmma_ldscoop_nosync",3099,1119386391371384,1119386391404405,0,0,64,0,128,32,1,1,2048,6,1
"KERNEL_DISPATCH","Agent 2",1,0,1069504,3100,33,"softmax_f32",3100,1119386391419253,1119386391421978,0,0,16,0,128,256,1,1,21504,1,1
"KERNEL_DISPATCH","Agent 2",1,0,1069504,3101,34,"moe_topk_renorm_k8_batched",3101,1119386391427028,1119386391433440,10752,0,40,0,128,256,1,1,21504,1,1
"KERNEL_DISPATCH","Agent 2",1,0,1069504,3102,35,"fused_silu_mul_mq_rotate",3102,1119386391447105,1119386391449149,0,0,88,0,128,32,1,1,64,84,1
"KERNEL_DISPATCH","Agent 2",1,0,1069504,3103,36,"gemv_hfq4g256_residual_sigmoid_scaled_gpu_batched",3103,1119386391462935,1119386391573862,0,0,72,0,128,32,1,1,65536,84,1
"KERNEL_DISPATCH","Agent 2",1,0,1069504,3104,40,"moe_scatter_fused_k8",3104,1119386391591415,1119386391599590,0,0,24,0,128,256,1,1,256,1,1
"KERNEL_DISPATCH","Agent 2",1,0,1069504,3105,45,"quantize_q8_1_mmq_ds4",3105,1119386391611062,1119386391613306,0,0,24,0,128,256,1,1,512,84,1
"KERNEL_DISPATCH","Agent 2",1,0,1069504,3106,41,"gemm_hfq4g256_moe_grouped_mmq_gfx1151",3106,1119386391618195,1119386392065792,0,0,128,0,128,32,1,1,2048,282,1
"KERNEL_DISPATCH","Agent 2",1,0,1069504,3107,46,"moe_gate_up_unscatter_k8",3107,1119386392083495,1119386392108782,0,0,8,0,128,256,1,1,512,4512,1
"KERNEL_DISPATCH","Agent 2",1,0,1069504,3108,35,"fused_silu_mul_mq_rotate",3108,1119386392126225,1119386392132156,0,0,88,0,128,32,1,1,64,672,1
"KERNEL_DISPATCH","Agent 2",1,0,1069504,3109,45,"quantize_q8_1_mmq_ds4",3109,1119386392144950,1119386392147916,0,0,24,0,128,256,1,1,256,672,1
"KERNEL_DISPATCH","Agent 2",1,0,1069504,3110,41,"gemm_hfq4g256_moe_grouped_mmq_gfx1151",3110,1119386392153125,1119386392390730,0,0,128,0,128,32,1,1,4096,282,1
"KERNEL_DISPATCH","Agent 2",1,0,1069504,3111,47,"moe_down_combine_grouped_k8",3111,1119386392408473,1119386392429993,0,0,8,0,128,256,1,1,2048,84,1
"KERNEL_DISPATCH","Agent 2",1,0,1069504,3112,17,"fused_rmsnorm_mq_rotate",3112,1119386392449840,1119386392456292,0,0,40,0,128,256,1,1,21504,1,1
"KERNEL_DISPATCH","Agent 2",1,0,1069504,3113,20,"convert_f32_to_f16",3113,1119386392471250,1119386392473735,0,0,8,0,128,256,1,1,172032,1,1
"KERNEL_DISPATCH","Agent 2",1,0,1069504,3114,18,"gemm_qkvza_hfq4g256_wmma",3114,1119386392478744,1119386392946339,0,0,80,0,128,32,1,1,24704,6,1
"KERNEL_DISPATCH","Agent 2",1,0,1069504,3115,21,"fused_sigmoid_alpha_gate_f32",3115,1119386392964362,1119386392965925,0,0,16,0,128,256,1,1,256,84,1
"KERNEL_DISPATCH","Agent 2",1,0,1069504,3116,22,"conv1d_silu_split_f32",3116,1119386392980604,1119386393001603,0,0,24,0,128,256,1,1,8192,1,1
"KERNEL_DISPATCH","Agent 2",1,0,1069504,3117,23,"fused_qk_l2_norm_scale_f32",3117,1119386393021259,1119386393029674,0,0,16,0,128,32,1,1,512,84,1
"KERNEL_DISPATCH","Agent 2",1,0,1069504,3118,24,"repeat_interleave_qk_f32_batched",3118,1119386393044953,1119386393051165,0,0,8,0,128,256,1,1,4096,84,1
"KERNEL_DISPATCH","Agent 2",1,0,1069504,3119,25,"gated_delta_net_q8_fast",3119,1119386393066394,1119386393212547,2048,0,64,0,128,32,1,1,1024,32,1
"KERNEL_DISPATCH","Agent 2",1,0,1069504,3120,26,"gated_norm_f32",3120,1119386393230300,1119386393239036,0,0,24,0,128,32,1,1,1024,84,1
"KERNEL_DISPATCH","Agent 2",1,0,1069504,3121,27,"mq_rotate_x",3121,1119386393252190,1119386393255917,0,0,32,0,128,32,1,1,512,84,1
"KERNEL_DISPATCH","Agent 2",1,0,1069504,3122,20,"convert_f32_to_f16",3122,1119386393271667,1119386393275354,0,0,8,0,128,256,1,1,344064,1,1
"KERNEL_DISPATCH","Agent 2",1,0,1069504,3123,29,"gemm_hfq4g256_residual_wmma_k2x32",3123,1119386393280483,1119386393409485,0,0,64,0,128,32,1,1,2048,6,1
"KERNEL_DISPATCH","Agent 2",1,0,1069504,3124,30,"rmsnorm_f32",3124,1119386393426917,1119386393432327,0,0,16,0,128,256,1,1,21504,1,1
"KERNEL_DISPATCH","Agent 2",1,0,1069504,3125,27,"mq_rotate_x",3125,1119386393445712,1119386393447716,0,0,32,0,128,32,1,1,256,84,1
"KERNEL_DISPATCH","Agent 2",1,0,1069504,3126,31,"gemm_hfq4g256",3126,1119386393464187,1119386393502018,0,0,32,0,128,32,1,1,8192,11,1
"KERNEL_DISPATCH","Agent 2",1,0,1069504,3127,31,"gemm_hfq4g256",3127,1119386393519210,1119386393533757,0,0,32,0,128,32,1,1,32,11,1
"KERNEL_DISPATCH","Agent 2",1,0,1069504,3128,20,"convert_f32_to_f16",3128,1119386393547943,1119386393550067,0,0,8,0,128,256,1,1,172032,1,1
"KERNEL_DISPATCH","Agent 2",1,0,1069504,3129,32,"gemm_gate_up_hfq4g256_wmma_ldscoop_nosync",3129,1119386393555187,1119386393588009,0,0,64,0,128,32,1,1,2048,6,1
"KERNEL_DISPATCH","Agent 2",1,0,1069504,3130,33,"softmax_f32",3130,1119386393603016,1119386393605581,0,0,16,0,128,256,1,1,21504,1,1
"KERNEL_DISPATCH","Agent 2",1,0,1069504,3131,34,"moe_topk_renorm_k8_batched",3131,1119386393610551,1119386393617043,10752,0,40,0,128,256,1,1,21504,1,1
"KERNEL_DISPATCH","Agent 2",1,0,1069504,3132,35,"fused_silu_mul_mq_rotate",3132,1119386393629987,1119386393631870,0,0,88,0,128,32,1,1,64,84,1
"KERNEL_DISPATCH","Agent 2",1,0,1069504,3133,36,"gemv_hfq4g256_residual_sigmoid_scaled_gpu_batched",3133,1119386393646337,1119386393757425,0,0,72,0,128,32,1,1,65536,84,1
"KERNEL_DISPATCH","Agent 2",1,0,1069504,3134,40,"moe_scatter_fused_k8",3134,1119386393776471,1119386393784686,0,0,24,0,128,256,1,1,256,1,1
"KERNEL_DISPATCH","Agent 2",1,0,1069504,3135,45,"quantize_q8_1_mmq_ds4",3135,1119386393796468,1119386393798833,0,0,24,0,128,256,1,1,512,84,1
"KERNEL_DISPATCH","Agent 2",1,0,1069504,3136,41,"gemm_hfq4g256_moe_grouped_mmq_gfx1151",3136,1119386393804042,1119386394204551,0,0,128,0,128,32,1,1,2048,282,1
"KERNEL_DISPATCH","Agent 2",1,0,1069504,3137,46,"moe_gate_up_unscatter_k8",3137,1119386394223998,1119386394248844,0,0,8,0,128,256,1,1,512,4512,1
"KERNEL_DISPATCH","Agent 2",1,0,1069504,3138,35,"fused_silu_mul_mq_rotate",3138,1119386394286234,1119386394292245,0,0,88,0,128,32,1,1,64,672,1
"KERNEL_DISPATCH","Agent 2",1,0,1069504,3139,45,"quantize_q8_1_mmq_ds4",3139,1119386394307223,1119386394310149,0,0,24,0,128,256,1,1,256,672,1
"KERNEL_DISPATCH","Agent 2",1,0,1069504,3140,41,"gemm_hfq4g256_moe_grouped_mmq_gfx1151",3140,1119386394315158,1119386394535410,0,0,128,0,128,32,1,1,4096,282,1
"KERNEL_DISPATCH","Agent 2",1,0,1069504,3141,47,"moe_down_combine_grouped_k8",3141,1119386394555157,1119386394576677,0,0,8,0,128,256,1,1,2048,84,1
"KERNEL_DISPATCH","Agent 2",1,0,1069504,3142,17,"fused_rmsnorm_mq_rotate",3142,1119386394595853,1119386394602225,0,0,40,0,128,256,1,1,21504,1,1
"KERNEL_DISPATCH","Agent 2",1,0,1069504,3143,20,"convert_f32_to_f16",3143,1119386394617193,1119386394619678,0,0,8,0,128,256,1,1,172032,1,1
"KERNEL_DISPATCH","Agent 2",1,0,1069504,3144,18,"gemm_qkvza_hfq4g256_wmma",3144,1119386394624727,1119386395099936,0,0,80,0,128,32,1,1,24704,6,1
"KERNEL_DISPATCH","Agent 2",1,0,1069504,3145,21,"fused_sigmoid_alpha_gate_f32",3145,1119386395119342,1119386395121145,0,0,16,0,128,256,1,1,256,84,1
"KERNEL_DISPATCH","Agent 2",1,0,1069504,3146,22,"conv1d_silu_split_f32",3146,1119386395140772,1119386395162172,0,0,24,0,128,256,1,1,8192,1,1
"KERNEL_DISPATCH","Agent 2",1,0,1069504,3147,23,"fused_qk_l2_norm_scale_f32",3147,1119386395181448,1119386395189543,0,0,16,0,128,32,1,1,512,84,1
"KERNEL_DISPATCH","Agent 2",1,0,1069504,3148,24,"repeat_interleave_qk_f32_batched",3148,1119386395205783,1119386395211915,0,0,8,0,128,256,1,1,4096,84,1
"KERNEL_DISPATCH","Agent 2",1,0,1069504,3149,25,"gated_delta_net_q8_fast",3149,1119386395233716,1119386395386121,2048,0,64,0,128,32,1,1,1024,32,1
"KERNEL_DISPATCH","Agent 2",1,0,1069504,3150,26,"gated_norm_f32",3150,1119386395404956,1119386395414333,0,0,24,0,128,32,1,1,1024,84,1
"KERNEL_DISPATCH","Agent 2",1,0,1069504,3152,20,"convert_f32_to_f16",3152,1119386395449289,1119386395453056,0,0,8,0,128,256,1,1,344064,1,1
"KERNEL_DISPATCH","Agent 2",1,0,1069504,3151,27,"mq_rotate_x",3151,1119386395432257,1119386395435824,0,0,32,0,128,32,1,1,512,84,1
"KERNEL_DISPATCH","Agent 2",1,0,1069504,3153,29,"gemm_hfq4g256_residual_wmma_k2x32",3153,1119386395458025,1119386395586265,0,0,64,0,128,32,1,1,2048,6,1
"KERNEL_DISPATCH","Agent 2",1,0,1069504,3154,30,"rmsnorm_f32",3154,1119386395608456,1119386395613786,0,0,16,0,128,256,1,1,21504,1,1
"KERNEL_DISPATCH","Agent 2",1,0,1069504,3155,27,"mq_rotate_x",3155,1119386395627452,1119386395629736,0,0,32,0,128,32,1,1,256,84,1
"KERNEL_DISPATCH","Agent 2",1,0,1069504,3156,31,"gemm_hfq4g256",3156,1119386395645867,1119386395683818,0,0,32,0,128,32,1,1,8192,11,1
"KERNEL_DISPATCH","Agent 2",1,0,1069504,3157,31,"gemm_hfq4g256",3157,1119386395702663,1119386395717090,0,0,32,0,128,32,1,1,32,11,1
"KERNEL_DISPATCH","Agent 2",1,0,1069504,3158,20,"convert_f32_to_f16",3158,1119386395739171,1119386395741335,0,0,8,0,128,256,1,1,172032,1,1
"KERNEL_DISPATCH","Agent 2",1,0,1069504,3159,32,"gemm_gate_up_hfq4g256_wmma_ldscoop_nosync",3159,1119386395746505,1119386395779486,0,0,64,0,128,32,1,1,2048,6,1
"KERNEL_DISPATCH","Agent 2",1,0,1069504,3160,33,"softmax_f32",3160,1119386395794374,1119386395796939,0,0,16,0,128,256,1,1,21504,1,1
"KERNEL_DISPATCH","Agent 2",1,0,1069504,3161,34,"moe_topk_renorm_k8_batched",3161,1119386395802068,1119386395808440,10752,0,40,0,128,256,1,1,21504,1,1
"KERNEL_DISPATCH","Agent 2",1,0,1069504,3162,35,"fused_silu_mul_mq_rotate",3162,1119386395823308,1119386395825352,0,0,88,0,128,32,1,1,64,84,1
"KERNEL_DISPATCH","Agent 2",1,0,1069504,3163,36,"gemv_hfq4g256_residual_sigmoid_scaled_gpu_batched",3163,1119386395837735,1119386395948703,0,0,72,0,128,32,1,1,65536,84,1
"KERNEL_DISPATCH","Agent 2",1,0,1069504,3164,40,"moe_scatter_fused_k8",3164,1119386395968239,1119386395976575,0,0,24,0,128,256,1,1,256,1,1
"KERNEL_DISPATCH","Agent 2",1,0,1069504,3165,45,"quantize_q8_1_mmq_ds4",3165,1119386395988938,1119386395991503,0,0,24,0,128,256,1,1,512,84,1
"KERNEL_DISPATCH","Agent 2",1,0,1069504,3166,41,"gemm_hfq4g256_moe_grouped_mmq_gfx1151",3166,1119386395996632,1119386396469597,0,0,128,0,128,32,1,1,2048,282,1
"KERNEL_DISPATCH","Agent 2",1,0,1069504,3167,46,"moe_gate_up_unscatter_k8",3167,1119386396487791,1119386396512036,0,0,8,0,128,256,1,1,512,4512,1
"KERNEL_DISPATCH","Agent 2",1,0,1069504,3168,35,"fused_silu_mul_mq_rotate",3168,1119386396529950,1119386396536121,0,0,88,0,128,32,1,1,64,672,1
"KERNEL_DISPATCH","Agent 2",1,0,1069504,3169,45,"quantize_q8_1_mmq_ds4",3169,1119386396596604,1119386396599810,0,0,24,0,128,256,1,1,256,672,1
"KERNEL_DISPATCH","Agent 2",1,0,1069504,3170,41,"gemm_hfq4g256_moe_grouped_mmq_gfx1151",3170,1119386396604779,1119386396877810,0,0,128,0,128,32,1,1,4096,282,1
"KERNEL_DISPATCH","Agent 2",1,0,1069504,3171,47,"moe_down_combine_grouped_k8",3171,1119386396895613,1119386396915771,0,0,8,0,128,256,1,1,2048,84,1
"KERNEL_DISPATCH","Agent 2",1,0,1069504,3172,17,"fused_rmsnorm_mq_rotate",3172,1119386396937712,1119386396944445,0,0,40,0,128,256,1,1,21504,1,1
"KERNEL_DISPATCH","Agent 2",1,0,1069504,3173,20,"convert_f32_to_f16",3173,1119386396958922,1119386396961367,0,0,8,0,128,256,1,1,172032,1,1
"KERNEL_DISPATCH","Agent 2",1,0,1069504,3174,48,"gemm_qkv_hfq4g256_wmma",3174,1119386396966446,1119386397247531,0,0,80,0,128,32,1,1,18432,6,1
"KERNEL_DISPATCH","Agent 2",1,0,1069504,3175,49,"deinterleave_f32_batched",3175,1119386397264904,1119386397271276,0,0,8,0,128,256,1,1,4096,84,1
"KERNEL_DISPATCH","Agent 2",1,0,1069504,3176,30,"rmsnorm_f32",3176,1119386397285322,1119386397295822,0,0,16,0,128,256,1,1,344064,1,1
"KERNEL_DISPATCH","Agent 2",1,0,1069504,3177,30,"rmsnorm_f32",3177,1119386397308586,1119386397311271,0,0,16,0,128,256,1,1,43008,1,1
"KERNEL_DISPATCH","Agent 2",1,0,1069504,3178,50,"rope_partial_halfsplit_batched_f32",3178,1119386397324726,1119386397329856,0,0,24,0,128,32,1,1,32,84,1
"KERNEL_DISPATCH","Agent 2",1,0,1069504,3179,51,"kv_cache_write_q8_0_batched",3179,1119386397342068,1119386397344392,0,0,8,0,128,32,1,1,512,84,1
"KERNEL_DISPATCH","Agent 2",1,0,1069504,3180,51,"kv_cache_write_q8_0_batched",3180,1119386397346837,1119386397348560,0,0,8,0,128,32,1,1,512,84,1
"KERNEL_DISPATCH","Agent 2",1,0,1069504,3181,52,"attention_q8_0_kv_batched",3181,1119386397358980,1119386397423701,0,0,32,0,128,256,1,1,4096,84,1
"KERNEL_DISPATCH","Agent 2",1,0,1069504,3182,53,"sigmoid_mul_f32",3182,1119386397442626,1119386397477972,0,0,16,0,128,256,1,1,1048576,1,1
"KERNEL_DISPATCH","Agent 2",1,0,1069504,3183,27,"mq_rotate_x",3183,1119386397497218,1119386397500665,0,0,32,0,128,32,1,1,512,84,1
"KERNEL_DISPATCH","Agent 2",1,0,1069504,3184,20,"convert_f32_to_f16",3184,1119386397516514,1119386397520081,0,0,8,0,128,256,1,1,344064,1,1
"KERNEL_DISPATCH","Agent 2",1,0,1069504,3185,29,"gemm_hfq4g256_residual_wmma_k2x32",3185,1119386397525010,1119386397653090,0,0,64,0,128,32,1,1,2048,6,1
"KERNEL_DISPATCH","Agent 2",1,0,1069504,3186,30,"rmsnorm_f32",3186,1119386397670362,1119386397675532,0,0,16,0,128,256,1,1,21504,1,1
"KERNEL_DISPATCH","Agent 2",1,0,1069504,3187,27,"mq_rotate_x",3187,1119386397689478,1119386397691441,0,0,32,0,128,32,1,1,256,84,1
"KERNEL_DISPATCH","Agent 2",1,0,1069504,3188,31,"gemm_hfq4g256",3188,1119386397708353,1119386397746184,0,0,32,0,128,32,1,1,8192,11,1
"KERNEL_DISPATCH","Agent 2",1,0,1069504,3189,31,"gemm_hfq4g256",3189,1119386397764990,1119386397778976,0,0,32,0,128,32,1,1,32,11,1
"KERNEL_DISPATCH","Agent 2",1,0,1069504,3190,20,"convert_f32_to_f16",3190,1119386397801337,1119386397803501,0,0,8,0,128,256,1,1,172032,1,1
"KERNEL_DISPATCH","Agent 2",1,0,1069504,3191,32,"gemm_gate_up_hfq4g256_wmma_ldscoop_nosync",3191,1119386397808490,1119386397840390,0,0,64,0,128,32,1,1,2048,6,1
"KERNEL_DISPATCH","Agent 2",1,0,1069504,3192,33,"softmax_f32",3192,1119386397855228,1119386397857792,0,0,16,0,128,256,1,1,21504,1,1
"KERNEL_DISPATCH","Agent 2",1,0,1069504,3193,34,"moe_topk_renorm_k8_batched",3193,1119386397862642,1119386397869214,10752,0,40,0,128,256,1,1,21504,1,1
"KERNEL_DISPATCH","Agent 2",1,0,1069504,3194,35,"fused_silu_mul_mq_rotate",3194,1119386397881236,1119386397883160,0,0,88,0,128,32,1,1,64,84,1
"KERNEL_DISPATCH","Agent 2",1,0,1069504,3195,36,"gemv_hfq4g256_residual_sigmoid_scaled_gpu_batched",3195,1119386397896825,1119386398008154,0,0,72,0,128,32,1,1,65536,84,1
"KERNEL_DISPATCH","Agent 2",1,0,1069504,3196,40,"moe_scatter_fused_k8",3196,1119386398025446,1119386398033822,0,0,24,0,128,256,1,1,256,1,1
"KERNEL_DISPATCH","Agent 2",1,0,1069504,3197,45,"quantize_q8_1_mmq_ds4",3197,1119386398045564,1119386398047888,0,0,24,0,128,256,1,1,512,84,1
"KERNEL_DISPATCH","Agent 2",1,0,1069504,3198,41,"gemm_hfq4g256_moe_grouped_mmq_gfx1151",3198,1119386398052937,1119386398579121,0,0,128,0,128,32,1,1,2048,282,1
"KERNEL_DISPATCH","Agent 2",1,0,1069504,3199,46,"moe_gate_up_unscatter_k8",3199,1119386398598708,1119386398623795,0,0,8,0,128,256,1,1,512,4512,1
"KERNEL_DISPATCH","Agent 2",1,0,1069504,3200,35,"fused_silu_mul_mq_rotate",3200,1119386398641008,1119386398646939,0,0,88,0,128,32,1,1,64,672,1
"KERNEL_DISPATCH","Agent 2",1,0,1069504,3201,45,"quantize_q8_1_mmq_ds4",3201,1119386398659422,1119386398662468,0,0,24,0,128,256,1,1,256,672,1
"KERNEL_DISPATCH","Agent 2",1,0,1069504,3202,41,"gemm_hfq4g256_moe_grouped_mmq_gfx1151",3202,1119386398667577,1119386398968259,0,0,128,0,128,32,1,1,4096,282,1
"KERNEL_DISPATCH","Agent 2",1,0,1069504,3203,47,"moe_down_combine_grouped_k8",3203,1119386398985702,1119386399007182,0,0,8,0,128,256,1,1,2048,84,1
"KERNEL_DISPATCH","Agent 2",1,0,1069504,3204,6,"__amd_rocclr_copyBuffer",3204,1119386399025967,1119386399027209,0,0,16,0,128,512,1,1,512,1,1
"KERNEL_DISPATCH","Agent 2",1,0,1069504,3205,30,"rmsnorm_f32",3205,1119386399032098,1119386399037108,0,0,16,0,128,256,1,1,256,1,1
"KERNEL_DISPATCH","Agent 2",1,0,1069504,3206,27,"mq_rotate_x",3206,1119386399052747,1119386399054390,0,0,32,0,128,32,1,1,256,1,1
"KERNEL_DISPATCH","Agent 2",1,0,1069504,3207,57,"gemv_hfq4g256_multirow_r2",3207,1119386399070169,1119386400295461,0,0,96,0,128,32,1,1,3973120,1,1
